stamp,rt_correlative_score,ceres_final_cost,translation_residual,rotation_residual,num_filtered_points,was_outlier,medium_outlier_streak,inserted_to_submap,num_insertion_submaps,pose_prediction_x,pose_prediction_y,pose_prediction_yaw,pose_estimate_x,pose_estimate_y,pose_estimate_yaw
639089883260544487,nan,nan,0,0,0,0,0,1,1,0,0,1.3552527156068802e-20,0,0,1.3552527156068802e-20
639089883260844699,nan,329.7469988509697,0.0071643087708518878,0.0018171786920308354,0,0,0,0,0,0,0,1.0455774700907094e-16,-0.0043003761696900639,0.005730103399003119,-0.0018171786920307309
639089883261044458,nan,348.14505457049216,0.0039849314347819931,0.0014154947326561287,0,0,0,0,0,-0.0071313641352775976,0.0095022975336662725,-0.0018171786920282186,-0.0109207697517554,0.0082693808236975232,-0.0032326734246843473
639089883261344470,nan,336.65881066794248,0.011059196786173685,0.0014268312432566652,0,0,0,0,0,-0.020765409764772817,0.012045330369509836,-0.0032326734246770658,-0.012104366268982944,0.005168400886132074,-0.0018058421814204006
639089883261544459,nan,337.69490204133615,0.0012549386386079019,0.00083807976688643872,0,0,0,0,0,-0.01288754244910984,0.0031165077056406086,-0.0018058421814203844,-0.011741021919006112,0.002606251240006198,-0.00096776241453394563
639089883261844766,nan,354.855488676844,0.0032170092303120267,0.0011409957089757962,0,0,0,0,0,-0.011200276287506087,-0.0012068567069874539,-0.00096776241454191831,-0.010561038339439761,0.0019460028258279126,-0.0021087581235177144
639089883262044672,nan,351.37644294968999,0.00309972679111143,0.00019731679368425624,0,0,0,0,0,-0.0097841152602665838,0.001511283021378501,-0.0021087581235176879,-0.0096128034837959578,0.0046062722709198367,-0.0019114413298334317
639089883262344516,nan,344.28051077192299,0.0013592963356350407,0.00074159555324121613,0,0,0,0,0,-0.0082065987523422378,0.0085513745400092357,-0.0019114413298413676,-0.0069434883129931187,0.0080491409827093234,-0.0026530368830825837
639089883262544356,nan,347.16927290651455,0.0055577774711007737,0.0011824171728248246,0,0,0,0,0,-0.0051860372646610874,0.010315892130339503,-0.0026530368830825542,-0.006939033654586574,0.0050418145735355155,-0.0014706197102577296
639089883262844315,nan,345.86035252076204,0.0032896278903101692,0.0001765520060260828,0,0,0,0,0,-0.0069324081795821722,0.00056897644866729484,-0.0014706197102754357,-0.0096984854726710357,0.0023495572711420064,-0.0016471717163015185
639089883263044754,nan,357.33432418329551,0.0048270516379389974,0.00064195391585885556,0,0,0,0,0,-0.011527991842984052,0.00056460061671858653,-0.0016471717163014858,-0.007304876471295069,0.0029024894234700488,-0.0022891256321603414
639089883263344777,nan,352.47618962104178,0.0028912791874359011,0.00026760030802799525,0,0,0,0,0,-0.0037583278722220308,0.0037217547040961567,-0.0022891256321603431,-0.0033718740148122725,0.006587090418422337,-0.0025567259401883384
639089883263544461,nan,345.07594177607263,0.0037551401291462685,0.00030165146340273502,0,0,0,0,0,-0.00078133649410481315,0.0090140141826134026,-0.0025567259401866422,-0.004466997591358904,0.0082950012024020393,-0.0028583774035893772
639089883263844623,nan,343.31549404532035,0.008367870871434693,0.0011984651460720185,0,0,0,0,0,-0.0060963760940363158,0.010836114530162595,-0.002858377403580064,-0.0098533907616637183,0.0033590760985215116,-0.0016599122575080454
639089883264044522,nan,337.28007768013464,0.0083542192758124523,0.00016440976987636417,0,0,0,0,0,-0.013409253551805063,0.00010059275783732375,-0.0016599122575080222,-0.0063236330942510128,0.0045263087948021726,-0.001495502487631658
639089883264344482,nan,334.10454555873997,0.0054301540758529424,0.0005696597165866465,0,0,0,0,0,-0.0010803270618149731,0.0062601836990674896,-0.0014955024876267247,-0.005921021838731816,0.0037996456757416319,-0.0020651622042133712
639089883264523007,nan,340.55109824404559,0.017352068642484578,0.00022755475055783901,0,0,0,0,0,-0.0056837008633051226,0.0033713109040282552,-0.0020651622042133374,-0.022949557642878857,0.0016437473478184573,-0.0022927169547711764
639089883264844655,nan,358.31639358319171,0.034604995455971822,0.00064472753666789664,0,0,0,0,0,-0.053324605189359033,-0.0022018865322298519,-0.0022927169547711816,-0.018954606007352659,0.0018241371558166946,-0.0016479894181032849
639089883265044678,nan,354.09534361260876,0.006204995726849777,0.00097594827533159447,0,0,0,0,0,-0.016495757889977251,0.0019351650681062396,-0.0016479894181026416,-0.010966681560789502,0.0047514191255804078,-0.002623937693434236
639089883265344538,nan,340.34226263688345,0.0041019586163399254,1.0863841714999194e-05,0,0,0,0,0,0.00088245503822457008,0.0090936940376177815,-0.0026239376934420796,-0.0026349219272603099,0.0069832145250799948,-0.0026130738517270804
639089883265545081,nan,345.41963361125823,0.0082068909052938985,0.00075904159563477329,0,0,0,0,0,0.0028756257700003969,0.0084593030754478472,-0.0026130738517270618,-0.0039983365048364963,0.0039758110239867432,-0.0018540322560922885
639089883265844394,nan,342.48529302925948,0.0035485529398047665,0.00022661613184492475,0,0,0,0,0,-0.006015028634234143,-0.00047258425528316685,-0.0018540322560863642,-0.009053786764687561,0.0013599486888136911,-0.0016274161242414394
639089883266044869,nan,354.40637780533137,0.0059755385412457868,0.00091931551013852298,0,0,0,0,0,-0.012409679090369705,-0.00037650442306141983,-0.0016274161242414323,-0.015050004218184447,0.0049840686878422913,-0.0025467316343799552
639089883266344541,nan,363.89294170724975,0.010597629281382508,0.0017350293191270615,0,0,0,0,0,-0.023921211639095698,0.01034583558155391,-0.0025467316343798412,-0.023767534477405029,-0.00025067939817365243,-0.00081170231525277969
639089883266544588,nan,341.58418867894227,0.017983642575147195,0.0012126960339880373,0,0,0,0,0,-0.02953038766591758,-0.0037111875698142456,-0.00081170231524337326,-0.012763592783040012,0.0027915802736626764,-0.0020243983492314105
639089883266844463,nan,336.11994397087318,0.0061955563332205072,0.00057977743974929521,0,0,0,0,0,0.00356320845404446,0.0073054508805112349,-0.0020243983492314065,-0.0025072537612229437,0.0060667391420024296,-0.0026041757889807018
639089883267144709,nan,353.56118825640078,0.010127281521906594,0.00045571030651364803,0,0,0,0,0,0.0076566520378843275,0.0093123812901515519,-0.0026041757889790668,-0.0023091054173834079,0.0075108515605255589,-0.0030598860954927148
639089883267344658,nan,348.97038212925543,0.010056983547591374,0.000774985088468847,0,0,0,0,0,-0.0021788040425571543,0.0084604927732202934,-0.0030598860954835785,-0.011517581268065178,0.0047281800841686107,-0.0022849010070147314
639089883267544427,nan,334.63149828497069,0.0042444243342112204,0.00051686176764852761,0,0,0,0,0,-0.020632656124876483,0.0019737330703308849,-0.0022849010070146621,-0.01708489926635387,0.004303659936490018,-0.0028017627746631897
639089883267844633,nan,343.29044562950577,0.013235654414727118,0.00030651740406303874,0,0,0,0,0,-0.025374304496594453,0.0036715746965969268,-0.0028017627746592198,-0.012179544263927346,0.0026319352453869709,-0.002495245370596181
639089883268044781,nan,339.38305249677552,0.0036347708286798047,0.0009543813217209548,0,0,0,0,0,-0.0089470303024300792,0.001530307860397061,-0.0024952453705961663,-0.012195915253745452,0.003160125503613069,-0.0034496266923171211
639089883268344654,nan,343.36200288452221,0.0016109903714549838,0.00010879353229579928,0,0,0,0,0,-0.012220093747081981,0.0039402154542411945,-0.0034496266923307287,-0.01101317869735715,0.0050072890410515769,-0.0033408331600349294
639089883268544229,nan,346.7032032477357,0.0025542414514905794,0.00048957938661147978,0,0,0,0,0,-0.010235767374493287,0.0062214274232886696,-0.0033408331600272645,-0.0077511799286251815,0.0068138585301249898,-0.0038304125466387443
639089883268844518,nan,347.53816878940978,0.0074791049888779521,0.0028895223192919187,0,0,0,0,0,-0.0028911668020320004,0.0095054449020022976,-0.0038304125466385405,-0.0069352435657391194,0.0032139860438436243,-0.000940890227346622
639089883269044822,nan,341.8143291058355,0.0051900251486710295,0.0025040387537537765,0,0,0,0,0,-0.006396271968169831,0.00083606894977764036,-0.00094089022734665203,-0.0087422454595686584,0.0054656228614943774,-0.0034449289811004286
639089883269344586,nan,341.59006857988317,0.0074124323509211828,0.0010505348529045917,0,0,0,0,0,-0.011419786430902365,0.0088020055473179808,-0.0034449289811065596,-0.0045559918689570761,0.0060033491610509537,-0.0023943941282019679
639089883269544633,nan,339.70371429257551,0.0069072102209447499,0.0006790251641984324,0,0,0,0,0,-0.001797255928569364,0.0063577101276214706,-0.0023943941281959489,-0.0084490644875417492,0.0044967974668269515,-0.0030734192923943813
639089883269844607,nan,339.92520627972425,0.0045491428345266196,0.0022732516343061796,0,0,0,0,0,-0.014235421096559252,0.0022575776508172527,-0.0030734192923921365,-0.010641094409112083,-0.00053088360816232096,-0.00080016765808595678
639089883270044465,nan,342.0475484480545,0.0054751981275106528,0.0022966992982443972,0,0,0,0,0,-0.012089183723665181,-0.0038522485083536243,-0.00080016765807647337,-0.011160143945279505,0.0015435535289410401,-0.0030968669563208708
639089883270344520,nan,333.89563758730884,0.0029118998577986506,0.00030848411097123213,0,0,0,0,0,-0.011931408805721667,0.0046259962585074076,-0.0030968669563186477,-0.014206699213412107,0.0064431958464777755,-0.0027883828453474156
639089883270544511,nan,338.77115705868181,0.0061335446800192869,5.1516716884550569e-05,0,0,0,0,0,-0.016217772941826546,0.0096775182454492299,-0.0027883828453474191,-0.011248963996028954,0.0060815054532090901,-0.0028398995622319696
639089883270844495,nan,343.29715260995215,0.0023384322180006645,0.00050718169858429999,0,0,0,0,0,-0.0068662117015105628,0.0055455550436906576,-0.0028398995622319696,-0.00594658250008468,0.0033955440274239268,-0.0023327178636476696
639089883271144244,nan,346.62813197196721,0.002930012235734975,0.0010556994517896701,0,0,0,0,0,-0.00070139071577730774,0.00073855248234726929,-0.0023327178636475491,-0.0024372237729124121,0.0030990302516375593,-0.001277018411857879
639089883271344488,nan,328.09149439737075,0.0083318846794517842,0.0015201487300237758,0,0,0,0,0,-0.00011719356109240976,0.0029030055726217722,-0.0012770184118598143,-0.0082844288887494229,0.004551207445680599,-0.0027971671418835901
639089883271544506,nan,347.31524316297873,0.0067412309708510792,0.0015253287567101419,0,0,0,0,0,-0.01407319487086197,0.0059888710429619237,-0.0027971671418835272,-0.02077788634993244,0.0066898041159736176,-0.0043224958985936691
639089883271844576,nan,341.25886852470973,0.021083481921572916,0.00011297944046836841,0,0,0,0,0,-0.03934018322908036,0.0098672485041323837,-0.0043224958985891961,-0.018388583993686584,0.0075127423103118962,-0.0042095164581208277
639089883272044423,nan,346.13178323746519,0.0064157146236610797,0.0018319604632657835,0,0,0,0,0,-0.016820557060032337,0.0080528117787414637,-0.0042095164581207913,-0.013863902387380458,0.0023589916833270989,-0.0023775559948550078
639089883272344654,nan,339.70122481610628,0.0092845677608769939,0.00021070003041070247,0,0,0,0,0,-0.0071354620245627151,-0.005304907515717593,-0.0023775559948550329,-0.014982399049234421,-0.00034216857062358452,-0.0025882560252657354
639089883272644597,nan,340.13909719385379,0.012400244281144482,0.00032395113192125327,0,0,0,0,0,-0.016090147283873979,-0.0030173714611111445,-0.0025882560252684307,-0.0058689921433560258,0.0040036003965108367,-0.0022643048933471775
639089883272844520,nan,349.25723183152388,0.011720071580578412,0.00048155094405311375,0,0,0,0,0,0.00013985416598078382,0.0068689457156749,-0.0022643048933364746,-0.011115656879887399,0.003601905931677606,-0.0027458558373895884
639089883273044427,nan,347.07451808449537,0.0059489686626983248,0.00059446465740202892,0,0,0,0,0,-0.01631472065234325,0.0032038558856799697,-0.0027458558373895645,-0.010408222955215074,0.0039134424579784074,-0.0021513911799875356
639089883273344641,nan,358.75567752462609,0.0029368220497487971,0.00063626872242856635,0,0,0,0,0,-0.0093563576466589842,0.0043766581067270433,-0.002151391179987383,-0.0081730449995182797,0.0016887788439982308,-0.0015151224575588166
639089883273544445,nan,343.35414222513401,0.005879301423177951,0.00059383052775745238,0,0,0,0,0,-0.006701060949247873,0.00022371904925142004,-0.0015151224575495848,-0.012344639046110635,0.0018718123382351344,-0.0021089529853070372
639089883273844447,nan,345.09612080885319,0.0098118641421395276,0.00063945242652951352,0,0,0,0,0,-0.018552783800063852,0.0021442018407498301,-0.0021089529853070442,-0.009401401475313622,0.0056832524888831022,-0.0027484054118365577
639089883274145371,nan,354.57960359627577,0.0041225758354231689,0.00097787347757404127,0,0,0,0,0,-0.0064817531042484456,0.009464145046679015,-0.0027484054118402422,-0.0095123603797743744,0.0066693192810284357,-0.0037262788894142835
639089883274344613,nan,340.6246663325893,0.0038739161335523604,0.00077775234267615226,0,0,0,0,0,-0.0095849210814016646,0.0073141498932011197,-0.0037262788894143078,-0.009714615304067864,0.0034424053744596932,-0.0029485265467381555
639089883274644641,nan,345.25751575768851,0.0048067513563502607,0.00015413601153229468,0,0,0,0,0,-0.010016289509886882,-0.0013707119991270798,-0.0029485265467415014,-0.012745595235061802,0.0025860226217822475,-0.0031026625582737961
639089883274844510,nan,338.2015167092552,0.004026148132170399,0.00026195820998196504,0,0,0,0,0,-0.014750063703502764,0.002019673697097781,-0.0031026625582624315,-0.011843698783731177,0.0048058739295470379,-0.0033646207682443965
639089883275044339,nan,350.88772330915657,0.0062262829974225938,5.0132501053526402e-05,0,0,0,0,0,-0.01095221739047336,0.0070000904981471941,-0.0033646207682431579,-0.004746543865749013,0.0064939125960920309,-0.0034147532692966843
639089883275344664,nan,337.82199284259508,0.0076122068816698541,0.00028699538247226172,0,0,0,0,0,0.0058120478297323079,0.0090052444258473807,-0.0034147532692965399,-0.00095944777621293767,0.0055278113397900647,-0.0031277578868242782
639089883275644691,nan,342.48015145229635,0.0023544976021996583,0.00068790487845295104,0,0,0,0,0,0.0027812042761669585,0.0045735581173334235,-0.0031277578868273643,0.0017165435971329998,0.0066735954020697898,-0.0038156627652803153
639089883275844316,nan,347.75732946395522,0.015609257678000267,0.00082005162988006523,0,0,0,0,0,0.003473216360978827,0.0074257531539607281,-0.0038156627652803296,-0.011679523375238025,0.0036783001863192272,-0.0029956111354002644
639089883276144354,nan,343.83114016739518,0.027851468080856718,0.00094456930891679896,0,0,0,0,0,-0.031613794011015134,-0.00077890546874118029,-0.0029956111354021921,-0.0046069579730667713,0.0060280822261466454,-0.003940180444318991
639089883276344289,nan,339.55993545084681,0.013363429560061386,0.00070285227670431301,0,0,0,0,0,5.7893653220834895e-05,0.0075779278545158408,-0.0039401804443202695,-0.012873191936425093,0.0042062405795785778,-0.0032373281676159565
639089883276544477,nan,346.73353670545487,0.005734251959803564,0.00049749575267922985,0,0,0,0,0,-0.021076177716627544,0.0023983385546875527,-0.0032373281676100082,-0.015492653579555989,0.0037044410580349615,-0.003734823920289238
639089883276844397,nan,344.13211518006511,0.010862175547945592,0.0014335006523341302,0,0,0,0,0,-0.019386842425255017,0.0029584472754206723,-0.0037348239202890827,-0.010072280217871073,0.0085464512588804085,-0.0051683245726232129
639089883277044563,nan,330.41538368997135,0.0066926429459065297,0.0025054493395814969,0,0,0,0,0,-0.00649681088808812,0.011740411861298679,-0.0051683245726225711,-0.0068593377827574579,0.0050575948017021919,-0.0026628752330410742
639089883277344185,nan,348.3038020998132,0.0042053790060844268,9.6211478859738013e-05,0,0,0,0,0,-0.0021010634770253405,-0.00010930014641462749,-0.0026628752330410429,-0.0048724870192971663,0.0030536769534324653,-0.002759086711900781
639089883277644680,nan,345.31860669729843,0.0050480930921527091,0.00062296632777214794,0,0,0,0,0,-0.002903159735202093,0.0010674331115398407,-0.0027590867119059222,-0.0078820951060333197,0.0019001674269884204,-0.0021361203841337743
639089883277844660,nan,344.79767146578911,0.0027779034209988816,0.0015497169467364657,0,0,0,0,0,-0.0098669782059962515,0.0011394100463927213,-0.0021361203841315122,-0.007753255672062552,0.0029418873599637379,-0.0036858373308679779
639089883278144675,nan,342.32207271113447,0.007794266505618686,0.00058191983742706408,0,0,0,0,0,-0.0075623219579515127,0.0044856651439581022,-0.0036858373308522514,-0.00018163374130645275,0.0069908660958352322,-0.0031039174934251873
639089883278344860,nan,349.81698494349001,0.017297410506121307,0.00065533512855496783,0,0,0,0,0,0.0048144975428572297,0.0096625828714747425,-0.0031039174934142017,-0.012096952013692066,0.0060289505134114721,-0.0037592526219691696
639089883278544540,nan,344.21939782851098,0.0051401686825164675,0.00043685434683768789,0,0,0,0,0,-0.023869762438217708,0.0050785394931270105,-0.0037592526219647486,-0.018735632884280016,0.0048294455186783545,-0.0041961069688024365
639089883278844377,nan,349.68381850949868,0.017547061179817431,0.00075646023254208892,0,0,0,0,0,-0.02861218120723687,0.003044908910419834,-0.004196106968802283,-0.011227671876848533,0.0054278044998019312,-0.0034396467362601941
639089883279144364,nan,345.52361877978046,0.0042198784337206139,0.001141690387612599,0,0,0,0,0,-0.0037941429286935096,0.00602023149871256,-0.0034396467362702069,-6.6158028346906337e-05,0.0040429852879011524,-0.0022979563486576079
639089883279344509,nan,333.03762279965997,0.015996613749683447,0.00029317395879744496,0,0,0,0,0,0.0073040246673884137,0.0031285599930167048,-0.0022979563486575883,-0.0086735246710852604,0.0023478112541762035,-0.0025911303074550333
639089883279644619,nan,354.57589123787687,0.013154493163527754,9.6680553391065641e-05,0,0,0,0,0,-0.02153553353972143,-0.00018529141945586866,-0.0025911303074550853,-0.0086153874210873095,0.0022866541022824377,-0.002687810860846151
639089883279844481,nan,337.72583091847758,0.0032512464482229546,9.4226527997896912e-05,0,0,0,1,1,-0.0085198062145092589,0.0021861079916719543,-0.0026878108608451713,-0.0059376884090874696,0.00021043820499044977,-0.0025935843328472744
639089883280144368,nan,277.48364995401141,0.0093528139070771961,5.2765453088515681e-05,0,0,0,0,0,-0.0019632622592588448,-0.0028712250879740372,-0.0025935843328472783,-0.010874215974932553,-3.0444938519040609e-05,-0.002646349785935794
639089883280344451,nan,272.98422605528577,0.0069456184314849968,0.001077981780946253,0,0,0,0,0,-0.01416953426374073,-0.00019124351964405864,-0.0026463497859339088,-0.0077784455224247364,0.0025282417434908696,-0.0037243315668801617
639089883280544460,nan,277.52017012546105,0.0032316283690411222,0.00018013543242885325,0,0,0,0,0,-0.0046680961207225848,0.0050989780796057947,-0.0037243315668777873,-0.0023720849127524205,0.0028248289093738216,-0.0039044669993066406
639089883280844515,nan,284.22685000988389,0.0077220416599051911,0.00047506060022132644,0,0,0,0,0,0.0056856072491123441,0.0032668652910330903,-0.0039044669993062247,-0.0010443182550519397,-0.00051969384698528204,-0.0034294063990848982
639089883281151628,nan,280.34682670904402,0.0045766636979797564,0.000337130299411432,0,0,0,0,0,0.00025213794261523363,-0.0037853484185725013,-0.0034294063990848961,-0.0042171008255489388,-0.0027995718528416405,-0.0030922760996734641
639089883281344649,nan,272.15971388834089,0.00071937163082895657,0.00050867886271277821,0,0,0,0,0,-0.0061556946501199273,-0.0041925943259309402,-0.0030922760996736571,-0.0067251622333839734,-0.0037530465869390086,-0.0025835972369608788
639089883281644546,nan,273.87026913624783,0.014347460884176121,0.0018761167660013012,0,0,0,0,0,-0.010559518376096136,-0.0052107308733707848,-0.0025835972369341121,0.00084713922847651679,0.0034920155962793937,-0.0044597140029354132
639089883281844691,nan,286.16044016603649,0.0053327141586195217,0.00059873043646798286,0,0,0,0,0,0.005853783909375204,0.0082822966257774418,-0.0044597140029353872,0.0014401498450552367,0.005289359165051688,-0.0038609835664674044
639089883282044447,nan,276.34000224390877,0.0092867069534793914,0.0012168292149094344,0,0,0,0,0,0.0020259564065158073,0.0070648681126996779,-0.0038609835664672088,-0.004090042351103231,7.6485951097117672e-05,-0.0026441543515577743
639089883282344902,nan,274.68128133315383,0.011004070860185771,0.0013579446778659359,0,0,0,0,0,-0.012338065233121271,-0.0076982705175158905,-0.0026441543515570232,-0.0040961154618119663,-0.00040719107320834038,-0.0040020990294229591
639089883282644727,nan,278.42347357090949,0.0048614582404126741,0.00127521044474264,0,0,0,0,0,-0.0041025713136506204,-0.00092135051413301853,-0.0040020990294229826,-0.0026248073914274467,0.00371006287849907,-0.0052773094741656226
639089883282844545,nan,276.42379176640804,0.005231039297812985,0.0017640934618568739,0,0,0,0,0,-0.0016666186132382175,0.006391422828118774,-0.005277309474165685,-0.0034724239616824924,0.0014819585825219268,-0.0035132160123088111
639089883283144484,nan,283.58867478723329,0.0024631885118402675,3.2186145385197391e-05,0,0,0,0,0,-0.0047594322139242352,-0.0019011614701158041,-0.0035132160123080573,-0.0067173123243953678,-0.00040650327578393021,-0.0035454021576932547
639089883283344498,nan,279.26616110313341,0.0076550982687110325,0.0014768136334462724,0,0,0,0,0,-0.0089185306497665557,-0.0016875694896588533,-0.0035454021576896838,-0.0028613336957411697,0.0029933379612280199,-0.0050222157911359562
639089883283644590,nan,285.83770393564674,0.0053122604030460948,0.00060657209144673093,0,0,0,0,0,0.0027946340418137914,0.0079802412097192913,-0.0050222157911359285,-0.00057520358088983118,0.003873623990354591,-0.0044156436996891976
639089883283844392,nan,278.0441365840764,0.0037322248659427239,0.00040405031952942851,0,0,0,0,0,0.00085093592987199194,0.0044227662630334464,-0.0044156436996776738,-0.0027518410165795009,0.0034483429853564202,-0.0048196940192071023
639089883284144257,nan,274.58023828564745,0.0042709859624042263,6.8333563371299547e-05,0,0,0,0,0,-0.006057129457394732,0.0028025411780042702,-0.0048196940192071118,-0.0045092038838642073,-0.0011780677590635443,-0.0048880275825784114
639089883284344348,nan,278.91064972919099,0.0036012395301672543,0.0024004608289735479,0,0,0,0,0,-0.0057235588759508155,-0.0043749629976718423,-0.0048880275825768397,-0.0022025566157607068,-0.0051309188412073034,-0.0024875667536032918
639089883284644591,nan,281.19363452966797,0.0099069556089321879,0.002530195552644136,0,0,0,0,0,0.0013398520940419252,-0.011201467336232122,-0.0024875667536032719,0.0047583816481074166,-0.0019030037467280075,-0.0050177623062474079
639089883284844309,nan,291.90504561776908,0.011200571019356927,4.3917818449261577e-05,0,0,0,0,0,0.0091558206023592652,0.00013616957149547877,-0.0050177623062364106,0.019407273663895282,0.0046484307880898957,-0.004973844487787149
639089883285144609,nan,297.43332854520185,0.012140621814306403,0.000953053852970457,0,0,0,0,0,0.041127598546115723,0.014362427340694716,-0.0049738444877872193,0.033228354178599422,0.005143065298759574,-0.0059268983407576763
639089883285344351,nan,287.51748576992867,0.0097450779487639558,7.0120509941609677e-05,0,0,0,0,0,0.042369629416081064,0.0054702170145156676,-0.0059268983408358759,0.035136002655273911,-0.0010598050461530497,-0.0058567778308942662
639089883285544503,nan,278.54512094173572,0.01068885513423872,0.00068788938752113726,0,0,0,0,0,0.037090589071684561,-0.0074152978254401081,-0.0058567778308956202,0.047509188797462992,-0.0050269084445494971,-0.0051688884433744829
639089883285844522,nan,281.6179937863792,0.016583909166039655,0.0015316447566058287,0,0,0,1,1,0.06615027116765701,-0.011003631042169873,-0.0051688884433756261,0.077689049553101616,0.00090781876879144675,-0.0067005331999814548
639089883286144442,nan,231.33447123204331,0.014180670935032202,0.0002791963099278141,0,0,0,0,0,0.10768981217043888,0.0068073271783134501,-0.0067005331999823075,0.094039831346804936,0.0029642227454242474,-0.0069797295099101216
639089883286344365,nan,233.14060211454341,0.0080971647454764015,4.940033578790335e-05,0,0,0,0,0,0.1049462367751335,0.0043358987775893526,-0.0069797295099123368,0.11266582200487527,0.001892114663527998,-0.0070291298457002402
639089883286644646,nan,254.07748649301161,0.020022552590559187,0.00078733827045554452,0,0,0,0,0,0.14048955433200291,0.0002905865169697036,-0.0070291298457013304,0.12081771086380559,-0.0034405241493669029,-0.0062417915752457859
639089883286844584,nan,263.23318630755716,0.01541055888051884,0.00061495263478520985,0,0,0,1,1,0.12636105255408814,-0.0070667560033936842,-0.0062417915752504029,0.14038175053078933,-0.00067102670517716104,-0.0068567442100356127
639089883287144681,nan,204.58837351868661,0.015814517699128526,0.0016682590802121504,0,0,0,0,0,0.16963430346962566,0.0034699826149405528,-0.0068567442100431484,0.18542896173427068,0.0042622832896406808,-0.0085250032902552987
639089883287344437,nan,199.55961855970389,0.01056370094134172,0.0011443492662397839,0,0,0,0,0,0.21525582166469204,0.0075287484553557089,-0.0085250032902633756,0.20578747940586387,0.0028444905154262051,-0.0073806540240235917
639089883287588607,nan,190.30113425341153,0.0058086259786484075,0.0001676980917893825,0,0,0,0,0,0.23063374919245816,0.0011141650399732511,-0.0073806540240320085,0.23462579603063169,0.0053336078706865547,-0.007548352115821391
639089883287844465,nan,195.88831270437836,0.0052409675896728063,0.00094207891543923727,0,0,0,1,1,0.26474926850723274,0.0079336506928052962,-0.0075483521158366679,0.26885231120652803,0.011194445363397176,-0.0084904310312759051
639089883288146080,nan,172.56394266188562,0.014289464042855173,0.0029428815859849043,0,0,0,0,0,0.30902270147967015,0.018073092757083634,-0.0084904310313068179,0.29523578633417147,0.014316797587256052,-0.011433312617291722
639089883288344560,nan,168.50723048594907,0.0053306673565320841,0.00058217794410677509,0,0,0,0,0,0.31260973327099628,0.016372917245221916,-0.011433312617332995,0.31792099011172686,0.015918422759238476,-0.01085113467322622
639089883288644403,nan,170.41186249933369,0.0091676728798780367,0.0040504116525212179,0,0,0,1,1,0.35216824127191904,0.018336353850676921,-0.010851134673280709,0.36083168496023804,0.021334848388236866,-0.014901546325801927
639089883288844455,nan,145.79528640970611,0.0016827667511906137,0.0023152438999580003,0,0,0,0,0,0.38931201552055811,0.02492979349257176,-0.014901546325856016,0.38829270718134934,0.023590870623795491,-0.012586302425898015
639089883289144390,nan,147.92779340241145,0.0077231439747371747,0.0019792830727574338,0,0,0,1,1,0.42932932647263311,0.026962177228766575,-0.012586302425949505,0.42160707965260136,0.027079892584725779,-0.014565585498706939
639089883289344624,nan,129.49861657825772,0.001665214546368074,0.0022126554753801909,0,0,0,0,0,0.44396797961934109,0.029421754828039652,-0.014565585498764834,0.44563319067516793,0.029418345284392605,-0.012352930023384643
639089883289644281,nan,129.96105186170331,0.00064772485597258678,0.0033677255440778785,0,0,0,1,1,0.48154729401276336,0.032913851978215496,-0.012352930023452443,0.48090141833937866,0.032864942842314629,-0.015720655567530321
639089883289847153,nan,118.33211670801285,0.022936304057930002,0.0023793183140197044,0,0,0,0,0,0.50475478334716983,0.035196019707498395,-0.01572065556758925,0.52622521821479062,0.043264134136103735,-0.013341337253569546
639089883290144628,nan,112.95925462278659,0.017634040652325753,0.0041766771724646243,0,0,0,1,1,0.59226445027695296,0.058416319279386925,-0.013341337253645337,0.57489063661919337,0.055398043494551512,-0.017518014426109962
639089883290344200,nan,103.99719479086308,0.0072702397571153491,0.002061005245472633,0,0,0,0,0,0.607351128349219,0.063491525011750205,-0.017518014426190588,0.61461687690134514,0.063236017471318295,-0.015457009180717955
639089883290644411,nan,116.02856528350824,0.040630821688540604,0.0019291384704606309,0,0,0,1,1,0.67381960501762073,0.074916696011075479,-0.015457009180756097,0.63519603224036081,0.062303873289508038,-0.017386147651216727
639089883290843990,nan,102.19982130448854,0.023131816006503235,0.0049105078173930297,0,0,0,0,0,0.64887450738285635,0.061684299220015483,-0.017386147651228742,0.67108781433190046,0.068137973068783178,-0.012475639833835712
639089883291144286,nan,91.915915245993574,0.01640577116657967,0.00044004737073076623,0,0,0,0,0,0.72482642070349002,0.076873019736887899,-0.012475639833841699,0.74038224647889372,0.082085083820862922,-0.012915687204572465
639089883291344154,nan,93.798289886074585,0.0057029017270458339,0.0019596823206945151,0,0,0,0,0,0.78613540331826481,0.091293967217761826,-0.012915687204574948,0.79165211585604067,0.092739294476166995,-0.010956004883880432
639089883291644273,nan,88.149995887215411,0.016263516779108918,0.0027789218764547405,0,0,0,1,1,0.86811107379207963,0.10862796074803187,-0.010956004883888509,0.8526504011701207,0.10358122119650291,-0.01373492676034325
639089883291844296,nan,79.302979460758408,0.0097124100409419246,0.00052709489680549497,0,0,0,0,0,0.89302392768061001,0.11075727235293149,-0.013734926760346577,0.88470129092308147,0.10575081390352592,-0.013207831863541082
639089883292144588,nan,83.948700919230163,0.0073335023910058644,0.00072214328850879125,0,0,0,0,0,0.93258452332215358,0.10899213146451868,-0.013207831863542,0.92525684056991564,0.10870003079446923,-0.013929975152050791
639089883292344749,nan,83.465135976430304,0.033173191195072893,0.0038419093482176554,0,0,0,1,1,0.95226515237633169,0.11066408676384909,-0.01392997515204834,0.9840982145437025,0.11999772309237439,-0.010088065803830685
639089883292644301,nan,83.679869018772024,0.029039875740886508,0.00024265697552626822,0,0,0,0,0,1.0716384361228335,0.13680566655630588,-0.010088065803843952,1.0436426966781076,0.12908861038253419,-0.01033072277937022
639089883292844292,nan,84.076422588484689,0.023919861710340603,0.00090430523786734669,0,0,0,0,0,1.0833404433659921,0.13514941951004109,-0.010330722779388887,1.1070778736295126,0.1380980104830857,-0.011235028017256234
639089883293144880,nan,89.688853539577963,0.02065903629086073,0.0078363493958964643,0,0,0,1,1,1.2020219312408578,0.15158246884355814,-0.011235028017280088,1.1820598708684513,0.14626157360351619,-0.019071377413176552
639089883293344642,nan,84.732645658620342,0.016417976962405836,0.00024930257890232177,0,0,0,0,0,1.2317837525972655,0.15167519369945029,-0.019071377413184157,1.242803495339609,0.1638454540676863,-0.019320679992086479
639089883293644313,nan,75.313887413715648,0.034988842548752799,0.0026640459458403369,0,0,0,0,0,1.3333882515302709,0.19006765497518896,-0.019320679992095881,1.3000767190215965,0.17936434217844488,-0.021984725937936218
639089883293844360,nan,75.440605643058632,0.01433236195094072,0.00073331471933205106,0,0,0,0,0,1.3382344137527378,0.18970364136623097,-0.021984725937940364,1.3515640934953592,0.18443712097303769,-0.022718040657272415
639089883294098237,nan,84.218003082499877,0.012996630040051676,0.0012180194469329775,0,0,0,1,1,1.4166214214912614,0.19084687554420263,-0.0227180406572546,1.4288818225992006,0.19515906258448923,-0.023936060104187577
639089883294344308,nan,80.448888883031174,0.0058628780896500185,0.0060899921429731357,0,0,0,0,0,1.5034266584138265,0.20549647660716713,-0.02393606010414184,1.5052470753890201,0.21106957462626971,-0.017846067961168704
639089883294644220,nan,85.529479162479305,0.02737602094375639,0.0050583975251659655,0,0,0,1,1,1.5978903439442091,0.23037157109833195,-0.017846067961174321,1.5716165751352016,0.22268160391479924,-0.012787670436008355
639089883294844342,nan,81.637111354985691,0.0072162881078056389,0.0031843953939018812,0,0,0,0,0,1.6160470103946898,0.23045516733637642,-0.01278767043602631,1.6232207988163179,0.22967313553614577,-0.0096032750421244286
639089883295144788,nan,80.159247999591415,0.011915409057602555,0.0066134605420043631,0,0,0,1,1,1.700680923327178,0.24016772049992063,-0.0096032750422282258,1.6888160356368205,0.24126381041648731,-0.016216735584232589
639089883295344309,nan,73.178519894994125,0.039881139213790641,0.0014276816089546888,0,0,0,0,0,1.7324532486181483,0.248974503644638,-0.016216735584291601,1.7688948475518582,0.26517682237204188,-0.01764441719324629
639089883295644270,nan,62.353791930714927,0.02692876485026181,0.0035210943914906305,0,0,0,0,0,1.8885314454025444,0.30090251967335385,-0.01764441719329558,1.8633912430459159,0.29125220352161735,-0.02116551158478621
639089883295844229,nan,69.777201044345347,0.0081573829484396301,0.0011119089602796041,0,0,0,1,1,1.9260366167059177,0.30853859827669394,-0.021165511584853636,1.9341600488110553,0.30779512843822426,-0.020053602624574032
639089883296144921,nan,65.261463656523475,0.031276653333262253,0.0078886151321626331,0,0,0,0,0,2.0401878921492109,0.33258021040264096,-0.020053602624854748,2.0107527644687297,0.32200654962867836,-0.027942217757017381
639089883296344391,nan,72.525154137716868,0.021871787818723516,0.0029794995031403905,0,0,0,1,1,2.0613685341241812,0.33139806963519675,-0.027942217757352377,2.0815762152919475,0.33976614732419835,-0.030921717260492768
639089883296644158,nan,63.422661171575356,0.017915172967722583,0.0041119992221666096,0,0,0,0,0,2.1874038249083378,0.36630334298495404,-0.030921717260519441,2.1694993775614115,0.36568351424686474,-0.03503371648268605
639089883296844204,nan,68.17723290208616,0.0054604986077514354,0.0042189385316148617,0,0,0,1,1,2.2281796867212509,0.38298088008739312,-0.035033716482709053,2.2336149078147254,0.38350568167876387,-0.030814777951094191
639089883297144762,nan,59.118902471996357,0.00573271066533587,0.001683697022295462,0,0,0,0,0,2.3294821549222751,0.41015386071488269,-0.030814777951131345,2.324126501596826,0.40810912380514053,-0.029131080928835883
639089883297344345,nan,59.354364084260453,0.028461183463806519,0.0049662485237035071,0,0,0,1,1,2.3838070876913457,0.42433188361621715,-0.029131080928879092,2.4102487171377871,0.43486180272215236,-0.024164832405175585
639089883297644239,nan,61.826104155860712,0.025779626138669336,0.00065798531461575341,0,0,0,1,1,2.5386372333720328,0.47474392523690262,-0.024164832405294111,2.5131056993852354,0.47117602723800023,-0.023506847090678358
639089883297944658,nan,51.522338854804971,0.029203890022739619,0.00064991604874544209,0,0,0,0,0,2.6156525352012223,0.50738075284673667,-0.023506847090792739,2.5870515275717652,0.5014774016764264,-0.024156763139538181
639089883298144383,nan,49.622239262973764,0.025158838777118775,0.00024245303019384754,0,0,0,1,1,2.6361180326915625,0.52158377657927424,-0.024156763139623144,2.6605883333457068,0.52742942064206522,-0.023914310109429297
639089883298344635,nan,47.303570238357189,0.02698509798847526,0.0064818584543675124,0,0,0,0,0,2.7338600898823233,0.55328790055931198,-0.023914310109467447,2.7589430255284926,0.56323987789136731,-0.017432451655099934
639089883298644627,nan,54.402974400244574,0.051240369942413502,0.0044991855694920015,0,0,0,1,1,2.905501324523625,0.61660103010708434,-0.017432451655131454,2.8578485684801942,0.59776515069303349,-0.021931637224623456
639089883298844167,nan,46.40962455081624,0.013326621984560747,0.0012805886095152846,0,0,0,0,0,2.9235932577615915,0.62071485871707666,-0.021931637224653609,2.9352586557420777,0.62715825405464887,-0.020651048615138324
639089883299144535,nan,40.575916160767882,0.014698396982750987,0.0082934387107179465,0,0,0,1,1,3.0513433900752087,0.67123636732968051,-0.020651048615291861,3.0383288859205564,0.66440514815071394,-0.028944487326009807
639089883299344695,nan,47.496299214015835,0.019377912078617523,0.0019665897800055197,0,0,0,0,0,3.1068095916530378,0.68915228987752186,-0.028944487326073031,3.125406774860052,0.69459731084087728,-0.030911077106078551
639089883299644394,nan,44.760899832642139,0.033598850177422132,0.0032354285418220892,0,0,0,1,1,3.2550047069258947,0.73953227535247013,-0.030911077106159871,3.222117315197262,0.73265461597355952,-0.03414650564798196
639089883299844302,nan,41.029476401316231,0.017810005884377825,0.0031609928142562541,0,0,0,0,0,3.2863261129945229,0.75792191156980659,-0.034146505648109164,3.3029907926039703,0.76420560181647224,-0.037307498462365418
639089883300144397,nan,45.270252217531223,0.02220676374066298,0.0032826364767519142,0,0,0,1,1,3.4237066451177625,0.81130020286254856,-0.037307498462367111,3.4042427969905447,0.80060913313523763,-0.040590134939119026
639089883300344370,nan,42.482523286583472,0.009988610681600835,0.0009973873691974805,0,0,0,0,0,3.4714322841704406,0.82476603368909418,-0.040590134939115924,3.479583727707495,0.8305389282499539,-0.041587522308313404
639089883300644274,nan,48.856456346549109,0.028005103007814211,0.0042960602098016942,0,0,0,1,1,3.5917486432571604,0.87509734967526354,-0.041587522308260537,3.5643966111916909,0.86908468501075609,-0.037291462098458843
639089883300844110,nan,49.793048995649684,0.012773792906884102,0.0018692005067957457,0,0,0,0,0,3.6204437177059292,0.8945569723106821,-0.03729146209844348,3.6332003274227112,0.89521931192271442,-0.035422261591647734
639089883301144554,nan,51.499994972000117,0.018908281750177166,0.0036149157428879072,0,0,0,1,1,3.7359222831218601,0.93423755301379108,-0.035422261591599752,3.7178540695433604,0.92866415397677604,-0.031807345848711845
639089883301444401,nan,47.251101727230875,0.011779817024368146,0.0065114449504298129,0,0,0,0,0,3.8016843250730772,0.96178365448919478,-0.031807345848650762,3.7903171238467843,0.95869321351603909,-0.025295900898220949
639089883301644137,nan,48.162049385725311,0.025360541563688496,0.0018896205237576361,0,0,0,0,0,3.8381011874829358,0.97849517336649661,-0.025295900898190376,3.8632570984309993,0.98171032698283789,-0.027185521421948012
639089883301844351,nan,55.316718006334789,0.014669533342989136,0.00053386383343928881,0,0,0,1,1,3.9356946390665852,1.0045688911867519,-0.027185521421901209,3.9495632389077722,1.0093498060517228,-0.027719385255340498
639089883302145754,nan,43.284765630112823,0.047992562882812291,0.004008353405955345,0,0,0,0,0,4.0783194241635723,1.0505838812601362,-0.027719385255156825,4.032132281167784,1.0375441759740764,-0.02371103184920148
639089883302344943,nan,52.953799559304287,0.0014160290556685386,0.00024839702072886397,0,0,0,1,1,4.0862698317843424,1.0560302100492545,-0.023711031848973507,4.0866161580610711,1.0574032345925692,-0.023959428869702371
639089883302644367,nan,50.437662212161158,0.010186918005208108,0.0027568344815468299,0,0,0,1,1,4.167932198896164,1.0870424620787256,-0.023959428869553927,4.1586606581766494,1.0828220555661705,-0.021202594388007097
639089883302944411,nan,48.965485655079213,0.0077276738311461354,0.0019945254326081616,0,0,0,0,0,4.2304768085463946,1.1081603099274782,-0.021202594387891377,4.2267288177517806,1.1014023880690909,-0.019208068955283215
639089883303144417,nan,56.83342710402782,0.020633532050442931,0.0050698199991700554,0,0,0,1,1,4.2718051320592565,1.1137067152768012,-0.019208068955097253,4.2922599600267421,1.1164164491562112,-0.024277888954267308
639089883303344160,nan,47.743185815799315,0.014679317987618439,0.00010776625243285459,0,0,0,0,0,4.3572001305300381,1.1312951107069809,-0.024277888954055714,4.371223907458953,1.1356328586514393,-0.024170122701622859
639089883303644267,nan,48.742674219665417,0.044652772332976508,0.0057629436095553398,0,0,0,1,1,4.4889519606897768,1.1642827748920335,-0.024170122701509433,4.4455372873451511,1.1538407341240571,-0.018407179091954093
639089883303844348,nan,53.522985498436142,0.0066600030144168343,0.0016084049760880757,0,0,0,0,0,4.4947690357320287,1.1659032394938875,-0.018407179091882858,4.4896980845751422,1.1615857061105177,-0.020015584067970934
639089883304144429,nan,53.60771268511148,0.0012289327401339583,0.0024992078030188873,0,0,0,1,1,4.5555273999440287,1.1731309280132067,-0.020015584067810392,4.5543372265759734,1.1734371355143316,-0.017516376264791505
639089883304344223,nan,47.931478078354104,0.022416286121791945,0.0034329271228647207,0,0,0,0,0,4.5971126924299819,1.1812799130960254,-0.017516376264741576,4.6192673899196715,1.1846944793399845,-0.020949303387606297
639089883304644471,nan,57.449441010070871,0.01994153438998756,0.0015164636316954937,0,0,0,1,1,4.7160471198721572,1.2014737794267862,-0.020949303387458668,4.6964107126886532,1.1979986813345465,-0.019432839755763175
639089883304944261,nan,44.460161778985174,0.022428403178793806,0.0046679284282308744,0,0,0,0,0,4.7729455227974773,1.2111979387265635,-0.019432839755608354,4.7509226598767933,1.2069521434032713,-0.01476491132737748
639089883305144296,nan,46.414405105095284,0.021234971616463306,0.0059423187166300958,0,0,0,1,1,4.7869429712792178,1.212868396784061,-0.014764911327235534,4.8081502638672795,1.2139522605376496,-0.02070723004386563
639089883305345727,nan,55.617404721012697,0.016002678196904551,0.0021245729815290298,0,0,0,0,0,4.8652603394423179,1.2209380015210556,-0.020707230043704308,4.8811246987415968,1.2188385221815363,-0.022831803025233337
639089883305644395,nan,53.168573733669753,0.036600977599957216,0.0053989029556072224,0,0,0,1,1,4.9885962865378914,1.2260346628321774,-0.022831803025011612,4.951999987486281,1.2254494645771674,-0.01743290006940439
639089883305843945,nan,44.886609678078536,0.0025790854564041038,0.0044462177503319517,0,0,0,1,1,4.9991100396927504,1.229843687823496,-0.017432900069222903,5.0016602433190389,1.2302285816476863,-0.021879117819554855
639089883306144437,nan,48.681156713515449,0.014084125201069719,0.0032396780216237021,0,0,0,1,1,5.0760673663878944,1.2373892445573607,-0.021879117819341161,5.0623459110152726,1.2342136745082894,-0.018639439797717459
639089883306444493,nan,50.50089395795311,0.0089214020246723685,0.0042083031186362779,0,0,0,0,0,5.1226158867479219,1.2381714698019517,-0.018639439797595109,5.1158091551635376,1.2324043371327673,-0.014431136678958831
639089883306644171,nan,44.437592569778509,0.026706143810200363,0.0069961687305937111,0,0,0,1,1,5.1511699969813503,1.231207632859576,-0.014431136678847684,5.1776976910803754,1.2342897689694277,-0.021427305409441395
639089883306944561,nan,48.558940140576929,0.023341372182692978,0.0037381642474781443,0,0,0,1,1,5.2699331021705262,1.2370997171764835,-0.021427305409250332,5.2467852825432386,1.2341000335475734,-0.017689141161772188
639089883307144194,nan,52.946125211091847,0.010342541027867353,0.0047694739956796323,0,0,0,1,1,5.2920295070331385,1.2339757792229067,-0.017689141161552503,5.3023507234628395,1.2333119672582751,-0.022458615157232135
639089883307344324,nan,52.502437382733078,0.0062034178424744063,0.0032212689691224761,0,0,0,1,1,5.3574283957928515,1.2325308188297204,-0.022458615156808991,5.363279053908367,1.2304687343155256,-0.025679884125931467
639089883307644498,nan,44.183261823869124,0.027723693052856171,0.0064533378903652988,0,0,0,1,1,5.4532699412500349,1.2262692912392732,-0.025679884125438708,5.4255485252748672,1.2266246119686146,-0.019226546235073409
639089883307944640,nan,50.761039138586241,0.016166746771988611,0.0070731952469933867,0,0,0,1,1,5.4872074033878526,1.2228181837777514,-0.019226546234412244,5.4710540434407156,1.2234759554766197,-0.012153350987418857
639089883308144666,nan,44.298144791735723,0.017106964369350715,0.0057642779549117052,0,0,0,1,1,5.5011159254115833,1.2213958881871059,-0.012153350986766164,5.5170526874695645,1.215177540734484,-0.017917628941677869
639089883308444721,nan,40.040736029512523,0.0092782676141175413,0.0065736175524866297,0,0,0,1,1,5.5852895723113898,1.2028672219613117,-0.017917628940579848,5.5761617929568486,1.2045315218062895,-0.011344011388093218
639089883308644260,nan,37.60454044797325,0.0073913444494435676,0.0052565142572722386,0,0,0,1,1,5.6150312064700358,1.1975308320043057,-0.011344011386893494,5.6204371817044203,1.1924902561904187,-0.016600525644165733
639089883308844078,nan,46.488704908832958,0.0092016460645892671,0.005239964264404845,0,0,0,1,1,5.6642839176126474,1.1805655682679697,-0.016600525642947311,5.6705507856042168,1.1738278642173146,-0.021840489907352156
639089883309144560,nan,38.356488390915082,0.029592423491242359,0.008363070714027249,0,0,0,1,1,5.7451606041412999,1.1460430399335662,-0.021840489905920458,5.7169689958703263,1.1550399700311607,-0.013477419191893209
639089883309344586,nan,48.04666942946119,0.0079455698011476061,0.0085100457796526835,0,0,0,1,1,5.7475613984692782,1.1426576136319315,-0.013477419190604873,5.7555062191205471,1.1425485068765029,-0.021987464970257557
639089883309644361,nan,50.533948334806787,0.012019990298220281,0.0065192410709499302,0,0,0,1,1,5.8122724106487089,1.1241483023443763,-0.021987464968919394,5.8003570178421917,1.1257305731921479,-0.015468223897969464
639089883309944419,nan,47.705473754498492,0.0098472103542899814,0.0083703501034513485,0,0,0,1,1,5.8446800080209673,1.1091105545800994,-0.015468223896321473,5.8349059918622928,1.1079121556934159,-0.0070978737928701248
639089883310144029,nan,52.897978930672899,0.017523299096014411,0.0085018389328150416,0,0,0,1,1,5.8575395265792105,1.0962390515710345,-0.0070978737912231636,5.8718458748136575,1.0861200391981241,-0.015599712724038204
639089883310444189,nan,47.421428231374669,0.013639580646513702,0.010094810672256533,0,0,0,1,1,5.9267591040334135,1.0537248231692822,-0.015599712722176327,5.9140564996656382,1.058692921647425,-0.0055049020499197947
639089883310644408,nan,69.243168152101958,0.0082960530012315403,0.010112967644342967,0,0,0,1,1,5.9418899825805394,1.0406076123105141,-0.0055049020480354705,5.9498955527150708,1.0384315281622465,-0.015617869692378437
639089883310844060,nan,66.545841356527561,0.009391099402621365,0.0078484192523311722,0,0,0,1,1,5.9852339542276143,1.0184531750178349,-0.015617869690445426,5.9813563295017298,1.0099000016608215,-0.023466288942776598
639089883311144502,nan,49.057372177049444,0.017278410031390884,0.0064181848021955881,0,0,0,1,1,6.028046082059074,0.96755743900039337,-0.023466288940771952,6.0168579074395803,0.98072437493464115,-0.017048104138576364
639089883311444548,nan,69.039052546581857,0.011351158306040394,0.0081464285390555041,0,0,0,1,1,6.0518783869753889,0.95194412070207546,-0.017048104136104157,6.0422439419337977,0.95794630893882271,-0.0089016755970486531
639089883311644311,nan,66.120736667375724,0.013519391364263958,0.0083446341946172408,0,0,0,1,1,6.0589408977854706,0.9429646715978155,-0.0089016755945547348,6.0664718748962896,0.93173710166410073,-0.017246309789171976
639089883311944544,nan,79.182705715385836,0.0029945573210757507,0.0082744475019670156,0,0,0,1,1,6.1025207340521499,0.89274029483390649,-0.017246309786923042,6.102263906183869,0.89572381842109039,-0.0089718622849560264
639089883312144379,nan,67.290523818680626,0.0069602695398320157,0.0096669326849312242,0,0,0,1,1,6.1258518678647276,0.87199004543925851,-0.008971862282852237,6.1270686152105656,0.86513695285535819,-0.018638794967783461
639089883312344687,nan,105.18982500303338,0.0026713361601980647,0.0093105409945745538,0,0,0,1,1,6.1516930698508441,0.83477236027331914,-0.018638794965778135,6.1543464748788086,0.83446336409477584,-0.027949335960352688
639089883312643910,nan,114.98041402706885,0.02391784630616936,0.010267118345631415,0,0,0,1,1,6.1946714752628287,0.78911843991108777,-0.027949335958031282,6.1772411635440019,0.80549670615968894,-0.017682217612399867
639089883312946130,nan,94.581991997524938,0.010977609749348836,0.0097241111007913602,0,0,0,1,1,6.1999915429132946,0.77671263022308812,-0.017682217610200522,6.1890658066082107,0.7756467024578193,-0.0079581065094091619
639089883313144300,nan,80.894874747957843,0.020801014782628118,0.0099847880109898614,0,0,0,1,1,6.1967480089007472,0.75625383236224697,-0.0079581065070730341,6.208751534098524,0.73926567181398717,-0.017942894518062896
639089883313444208,nan,89.97828940718054,0.012737030703813575,0.0085035137321231805,0,0,0,1,1,6.238237844488812,0.6847722647295662,-0.017942894516124967,6.2307236507434443,0.69505666279201817,-0.0094393807840017861
639089883313644086,nan,74.982031834902656,0.003432915891959439,0.0094048594469348535,0,0,0,1,1,6.2452117858904135,0.66590580273721589,-0.0094393807821100528,6.2438036202947336,0.66277499115291205,-0.018844240229044906
639089883313844204,nan,64.915644910002229,0.008578794839315583,0.0072611921530881633,0,0,0,1,1,6.2567624029283921,0.63079241166891908,-0.018844240227156955,6.2601857503982892,0.6229262554922711,-0.026105432380245118
639089883314144473,nan,64.852288506902354,0.016836802987589064,0.0074657220133734284,0,0,0,1,1,6.2845183574015593,0.56373837099383761,-0.026105432378495875,6.2790490775477803,0.579662092692107,-0.018639710365122446
639089883314444107,nan,62.179046573297441,0.014381389407155132,0.0090422820710233942,0,0,0,1,1,6.2977688255805386,0.53672723713619552,-0.018639710363298166,6.2876337764538128,0.54693042979727413,-0.009597428292274772
639089883314644157,nan,63.137448468691431,0.017356422302624113,0.013978496333582266,0,0,0,1,1,6.2933487302133369,0.52514050542556867,-0.0095974282904558103,6.3006725600024609,0.5094049751718096,-0.023575924624038076
639089883314945903,nan,48.270534925112955,0.0063565377643114091,0.0085914017264219975,0,0,0,1,1,6.3201485522068621,0.45335331521247851,-0.02357592462187702,6.3179444888266003,0.45931550247596714,-0.014984522895455023
639089883315144226,nan,49.555605934821436,0.0070853275879913108,0.0087414383442820098,0,0,0,1,1,6.3292136303974615,0.42663441834421956,-0.014984522893619498,6.3258492522091982,0.42039880879618907,-0.023725961237901508
639089883315444182,nan,54.33803045919904,0.01380687859770301,0.0066979739340706362,0,0,0,1,1,6.3376761675931235,0.36217259494314302,-0.023725961236298429,6.3326766571583226,0.37504251304793401,-0.017027987302227793
639089883315644026,nan,46.19749031273922,0.00522233254899525,0.008756087776708079,0,0,0,1,1,6.3371889397023651,0.34506620095097407,-0.017027987300372575,6.3374415458895346,0.33984998130773636,-0.025784075077080654
639089883315944655,nan,49.947962505258268,0.009401834013317175,0.0088593346280137694,0,0,0,1,1,6.3445340966091024,0.28746579556960378,-0.025784075075219633,6.3407252182408715,0.29606154617033614,-0.016924740447205863
639089883316144873,nan,47.493205493778305,0.014923800811361668,0.0085900789815383898,0,0,0,1,1,6.3428708690929376,0.2674488579632005,-0.016924740445288432,6.3441673858563972,0.25258148176767536,-0.025514819426826821
639089883316444467,nan,44.67299830783584,0.012915768681425029,0.011729812513527067,0,0,0,1,1,6.3492665555081551,0.18817084009568996,-0.025514819424819715,6.3447817147403969,0.20028295320282091,-0.013785006911292648
639089883316644283,nan,43.225518652504064,0.0060726632390975931,0.013020465593442117,0,0,0,1,1,6.3451862708086155,0.16584262711552039,-0.01378500690943308,6.3468963897355311,0.16001572982182347,-0.026805472502875197
639089883316944796,nan,39.037289216023524,0.0093266049821346102,0.0091826073236640111,0,0,0,1,1,6.3500481450163324,0.10000062857634828,-0.026805472501003527,6.3458264510733242,0.10831704972635903,-0.017622865177339516
639089883317144499,nan,38.418916579732588,0.01315911257160635,0.008559960470750156,0,0,0,1,1,6.3451218466389658,0.074271061360461466,-0.017622865174987686,6.3410939086417599,0.061743573217865874,-0.026182825645737842
639089883317385015,nan,35.04161026374048,0.0035911055973975839,0.0011007805994015171,0,0,0,1,1,6.3354743050027071,0.0064404286913958414,-0.026182825643260108,6.3389603691689311,0.0055782245156756729,-0.025082045043858591
639089883317589458,nan,29.583133687196433,0.0044757057162073816,0.0069785550718868758,0,0,0,1,1,6.337163343623673,-0.041728407333207027,-0.025082045041823202,6.3363894289619429,-0.046136694727927419,-0.032060600113710078
639089883317857968,nan,31.35680178516683,0.0072331586094912361,0.002760875934322251,0,0,0,1,1,6.3330380099938921,-0.11355108297901008,-0.03206060011192214,6.3329500441922795,-0.10631845928578479,-0.029299724177599889
639089883318144625,nan,26.863702502012661,0.010775998687597705,0.0023013172581374877,0,0,0,1,1,6.3293036149583326,-0.17012305235425251,-0.029299724176060485,6.3253032370097131,-0.1601170979278469,-0.026998406917922997
639089883318444333,nan,40.503725800504363,0.0019404149511783925,0.0038300732012369852,0,0,0,1,1,6.3173492712500794,-0.21607673172761754,-0.026998406916897078,6.317106381957954,-0.21415157849357941,-0.023168333715660093
639089883318644076,nan,41.571985991703052,0.026752353148261923,0.0051338765226885026,0,0,0,1,1,6.3116519798063058,-0.25010753784626588,-0.023168333714627759,6.3052814735735794,-0.27609032155602481,-0.028302210237316262
639089883318945075,nan,59.089234702783457,0.020931978043376268,0.0095853875641160637,0,0,0,1,1,6.2875202583681444,-0.3691233759634408,-0.02830221023645017,6.2887524215592006,-0.34822769510162171,-0.018716822672334106
639089883319144503,nan,61.712917622194574,0.0081566865898278565,0.019276640995784581,0,0,0,1,1,6.2778109860918656,-0.39597915820704227,-0.01871682267224611,6.2776983348311308,-0.40413506685158535,-0.037993463668030691
639089883319443990,nan,81.395225478715346,0.014786380522479941,0.0015356556454165782,0,0,0,0,0,6.26119545131679,-0.48760038300834829,-0.037993463667987788,6.2640725497789118,-0.4730966126918123,-0.03645780802257121
639089883319643941,nan,134.31277480363471,0.01365908376882671,0.0087435621177100881,0,0,0,1,2,6.2550205428154619,-0.51890978167721036,-0.036457808022575533,6.2521900220709643,-0.53227236831748304,-0.045201370140285621
639089883319944545,nan,127.28776446845364,0.017625700199064037,0.0091642864369181481,0,0,0,0,0,6.2343853880110647,-0.62094059615830177,-0.04520137014052162,6.2410811156202746,-0.60463622437369902,-0.054365656577439768
639089883320144536,nan,182.80250019644902,0.011104889461897107,0.0090847503300240037,0,0,0,1,2,6.2336994187785679,-0.65272088959929786,-0.05436565657774136,6.2266785846004806,-0.66132475253432621,-0.063450406907765364
639089883320443967,nan,133.70760273638058,0.018241344627831699,0.0046859727451926542,0,0,0,1,2,6.2052337951879748,-0.7457316909286138,-0.063450406908166626,6.2152692695589176,-0.73049896602525277,-0.06813637965335928
639089883320644097,nan,145.45461927760118,0.017488745721244998,0.000403819988773646,0,0,0,1,2,6.2076754465187403,-0.77654000655046485,-0.068136379653845391,6.2080768924075764,-0.79402414416433365,-0.068540199642619037
639089883320945099,nan,137.31962745652322,0.021723265502162664,0.011168505856793437,0,0,0,1,2,6.1972846622397055,-0.88934427678615169,-0.068540199643789296,6.1999321219940269,-0.86778294053519778,-0.079708705500582733
639089883321144495,nan,158.4694746314085,0.0096522538689217327,0.0028251280634905007,0,0,0,1,2,6.19451156873766,-0.91687130810767592,-0.079708705501850233,6.1925009791431371,-0.92631183427058184,-0.076883577438359732
639089883321444088,nan,148.18045674580921,0.019030071352324904,0.007443035528260214,0,0,0,1,2,6.1813747180797298,-1.0139440820310093,-0.076883577440029355,6.1916694271585451,-0.9979390021918727,-0.084326612968289569
639089883321643959,nan,129.25074588855142,0.014184394416926496,0.0030186407336453419,0,0,0,1,2,6.1911155075798021,-1.0456518228172453,-0.08432661297015337,6.1967134921085725,-1.0586848429657214,-0.081307972236508028
639089883321944881,nan,127.51799920246107,0.031789573960731649,0.010066146565475123,0,0,0,1,2,6.2042937039712029,-1.1499735847645105,-0.081307972238705672,6.19588740095885,-1.1193156154535902,-0.091374118804180796
639089883322144374,nan,122.91917369317343,0.017856621953078224,0.0073951220068954882,0,0,0,1,2,6.1953399371107611,-1.1594966003605778,-0.091374118806890212,6.2016388640354165,-1.176205354568268,-0.083978996799994723
639089883322444005,nan,104.64767265996954,0.026191431800715207,0.0045918407952293266,0,0,0,1,2,6.2102253051811012,-1.2611368563789642,-0.083978996802680964,6.2100812268640651,-1.2349458208665971,-0.08857083759791029
639089883322644073,nan,88.25949384354351,0.0088932734601699995,0.0072440036953793224,0,0,0,1,2,6.2157064892927743,-1.2740854011973008,-0.0885708376005854,6.2209067833797906,-1.2812997794966352,-0.081326833905206078
639089883322944590,nan,99.833643644894536,0.019956147985998419,0.007219505228434564,0,0,0,1,2,6.2371368550240271,-1.3507953355418727,-0.081326833907434087,6.2290511046174633,-1.332550651855883,-0.088546339135868651
639089883323144830,nan,85.910100528286264,0.009819757250129596,0.0079944392063975578,0,0,0,1,2,6.2344955351409084,-1.3668115565627323,-0.088546339138057192,6.2351319858780307,-1.3766106668749336,-0.080551899931659635
639089883323444386,nan,80.201334491333867,0.01939848403297588,0.0080633562559563471,0,0,0,1,2,6.2441920600563332,-1.4422569091323389,-0.080551899933901369,6.2479545899008402,-1.423226813180221,-0.088615256189857716
639089883323644046,nan,82.637066963055105,0.0071038467275237717,0.011169702675133536,0,0,0,1,2,6.2565401413637769,-1.4544392971964069,-0.088615256191893046,6.2622969564302098,-1.4586014743453328,-0.07744555351675951
639089883323944530,nan,75.92877281782188,0.018520552649439862,0.006328042562798411,0,0,0,1,2,6.2838393823814069,-1.5117346875523441,-0.07744555351839158,6.2779788864105193,-1.4941658100294093,-0.083773596081189991
639089883324144582,nan,66.562214820521973,0.0085210667177930861,0.0077557897086061589,0,0,0,1,2,6.2884982153399314,-1.5180221176195197,-0.083773596082812249,6.2909146279199328,-1.5261933799609386,-0.07601780637420609
639089883324444050,nan,64.702925191171744,0.010932706656774522,0.0046096030213401556,0,0,0,1,2,6.310315192006815,-1.5742271878838596,-0.076017806375828167,6.3066129416035706,-1.5639404285887872,-0.080627409397168323
639089883324643963,nan,53.033242788199708,0.004565671416637938,0.007515279215096593,0,0,0,1,2,6.3170526533993554,-1.5890430171061107,-0.0806274093987394,6.3207515042174318,-1.5863664786493872,-0.073112130183642807
639089883324944480,nan,51.233546086682814,0.0079234753884267553,0.0040269984586870089,0,0,0,1,2,6.3419905245365751,-1.620055004557122,-0.073112130184704971,6.3410153138847996,-1.6121917719892993,-0.07713912864339198
639089883325144073,nan,41.162938792568553,0.0061891244250457354,0.0082167639275767534,0,0,0,1,2,6.3546320343261566,-1.6295456558590198,-0.077139128644378871,6.3574767843151916,-1.6350422601424464,-0.068922364716802118
639089883325444086,nan,45.346967324602645,0.015259029218261392,0.0064760265865702049,0,0,0,1,2,6.382237898260275,-1.6694136453266175,-0.068922364717778864,6.3766939118061527,-1.6551973804556936,-0.075398391304349069
639089883325644007,nan,40.188927838613296,0.0035111097146615614,0.0085801035524478569,0,0,0,1,2,6.3895488638347953,-1.6686797859234295,-0.075398391305185414,6.3930120144961862,-1.6681014443937963,-0.066818287752737557
639089883325944660,nan,33.405036054316284,0.0079091246286800924,0.0056474075750768266,0,0,0,1,2,6.4176333972027271,-1.6875715937564268,-0.066818287753489775,6.4122731205855663,-1.6817559521770726,-0.072465695328566601
639089883326144281,nan,30.16124183400569,0.0050132622828148472,0.0048476747988610153,0,0,0,1,2,6.4251008253342565,-1.6908497183148923,-0.072465695329327964,6.4296519887251362,-1.6929520290687559,-0.067618020530466949
639089883326444164,nan,30.65940980015046,0.0086897463645790613,0.0059264940737133731,0,0,0,1,2,6.4556993966722844,-1.7097326835891331,-0.067618020531348882,6.4494359801931651,-1.7037092870481596,-0.073544514605062256
639089883326644096,nan,27.483365519558085,0.0077969707470409971,0.0052522571048902733,0,0,0,1,2,6.462714968534514,-1.710929544068803,-0.073544514605967559,6.4680765557746476,-1.7165904746545504,-0.068292257501077286
639089883326944839,nan,27.537448175217726,0.0088431195547173779,0.0059238854309247024,0,0,0,1,2,6.4961138909021701,-1.7359651003028937,-0.068292257502044845,6.489928878300617,-1.7296447852334011,-0.074216142932969548
639089883327144565,nan,28.027636260085682,0.0058678538704031264,0.0072283220360075673,0,0,0,1,2,6.5044590680103447,-1.7383249430983143,-0.074216142934008356,6.5094429230155448,-1.7414221835364376,-0.066987820898000788
639089883327444144,nan,30.536813502184916,0.0078246064677292785,0.008194260994464353,0,0,0,1,2,6.5386850959545182,-1.7590708423859847,-0.066987820899192863,6.5347188739513085,-1.7523259517718912,-0.075182081893657215
639089883327644028,nan,30.68238455986242,0.0057173770798354699,0.0052238098058504101,0,0,0,1,2,6.5516517326173709,-1.7596306014338428,-0.075182081894913169,6.5569013857802183,-1.7618954507318831,-0.069958272089062759
639089883327944337,nan,34.090347876617599,0.0078241940843520423,0.0049793720393101065,0,0,0,1,2,6.5902423242331247,-1.7762786765050089,-0.069958272090308082,6.5824399059259182,-1.7768620131393618,-0.074937644129618189
639089883328144423,nan,25.63875848627924,0.011058106031773155,0.0093849324590992433,0,0,0,1,2,6.5995083309142952,-1.7868647715736214,-0.074937644130846526,6.60818689168494,-1.7937178214027241,-0.065552711671747282
639089883328444306,nan,37.42025253252941,0.013865292693070309,0.0076197297345802911,0,0,0,1,2,6.6467121607187361,-1.8189392028182385,-0.065552711673153283,6.6406215557999246,-1.8064832454809858,-0.073172441407733574
639089883328744595,nan,31.672411396801223,0.0046963662296200404,0.0085097419046718803,0,0,0,1,2,6.6732530730543003,-1.8193261457370973,-0.073172441409394912,6.6694254999592717,-1.8166048335600531,-0.081682183314066792
639089883328944534,nan,30.638906682113141,0.013175186029688393,0.0057281931267675751,0,0,0,1,2,6.6885917552301466,-1.8233397772121049,-0.081682183315984327,6.7007420847237622,-1.828434384175696,-0.075953990189216752
639089883329144652,nan,26.277439227137236,0.0062438976407488437,0.0097907910028462719,0,0,0,1,2,6.731955713729552,-1.840225044204518,-0.075953990191034007,6.7379965377268158,-1.8418045071455935,-0.066163199188187735
639089883329444496,nan,33.477779830349107,0.022859093224879942,0.0010540421133473921,0,0,0,1,2,6.7933798745176146,-1.8616808430916756,-0.066163199189342645,6.7718323583649482,-1.8540491531926864,-0.067217241302690037
639089883329644192,nan,25.6133461287682,0.0098185570399356575,0.0065627822894396837,0,0,0,1,2,6.7942260656993749,-1.8621530801795561,-0.067217241303754227,6.8040307794073973,-1.8626742821079754,-0.060654459014314543
639089883329944621,nan,29.359128101178698,0.0049464270790617595,0.00077192255928636849,0,0,0,1,2,6.8519025521494443,-1.8754978988548718,-0.06065445901450487,6.847581399739914,-1.873090663365335,-0.059882536455218502
639089883330244065,nan,23.717714403664555,0.0086723541826464259,0.0039077427297379286,0,0,0,0,0,6.8906069562404628,-1.8833814605318948,-0.059882536455253314,6.8823868115048157,-1.8861453251440417,-0.055974793725515386
639089883330444351,nan,28.57090563569567,0.016183271845538173,0.0056801571592528244,0,0,0,1,2,6.9055495970429535,-1.8948331215446588,-0.055974793725519396,6.9200396896856811,-1.9020397506340292,-0.050294636566266572
639089883330644317,nan,42.62473852806702,0.0065048217615183909,0.0024807943145101832,0,0,0,0,0,6.9573632001974461,-1.9177951400096944,-0.050294636566271228,6.9638464500356463,-1.918324458141446,-0.047813842251761045
639089883330944190,nan,50.233316859851762,0.027600172540818393,0.0011532089692559214,0,0,0,0,0,7.0288563651125173,-1.9424912178755904,-0.047813842251780876,7.0027086876121327,-1.933655580625294,-0.046660633282524955
639089883331144277,nan,73.838527211097301,0.0063857777582122417,0.00057151996512172509,0,0,0,0,0,7.028306757583878,-1.9437539993103874,-0.046660633282513721,7.0346151641922425,-1.9447450410051819,-0.047232153247635446
639089883331444294,nan,94.498501383132975,0.008432102510847141,0.0039380963525264059,0,0,0,1,2,7.0817787554988723,-1.961137285879194,-0.047232153247578172,7.0737012521285481,-1.9587177214440454,-0.043294056895051766
639089883331747522,nan,57.582976078514776,0.011916043066274105,0.0055525101329748847,0,0,0,0,0,7.1126651179587368,-1.9726467093436577,-0.043294056894891471,7.1007493058285727,-1.972572522849384,-0.037741546761916586
639089883331944042,nan,80.681159389575498,0.015079375539312437,0.0027414513019958925,0,0,0,1,2,7.1180182483045309,-1.9814181784791052,-0.03774154676171864,7.1317012979479371,-1.9877555059214658,-0.035000095459722748
639089883332144751,nan,66.905003912319302,0.006888060080826975,0.0037950792953359083,0,0,0,1,2,7.1629052915997073,-2.0030621041387668,-0.035000095459507788,7.1641413554652136,-2.0098383507250026,-0.038795174754843696
639089883332444186,nan,64.45299470072726,0.025138065435044259,0.007477059891942521,0,0,0,1,2,7.2120404547671253,-2.0424445930397703,-0.038795174754208364,7.1903234806713865,-2.029783812260467,-0.031318114862265843
639089883332643765,nan,61.494436447543542,0.0027669701961237987,0.0066930105205302015,0,0,0,1,2,7.2075855313217234,-2.0429339887476057,-0.031318114861566937,7.209544406105417,-2.0448881979605731,-0.038011125382097138
639089883332945157,nan,65.697016334346301,0.0079660196442514035,0.003664601656015419,0,0,0,1,2,7.2378011589744427,-2.0670932106916817,-0.038011125380962234,7.2303589781240536,-2.0642521874318858,-0.034346523724946815
639089883333244253,nan,59.380192809787438,0.00055764631871367684,0.0076157287180335341,0,0,0,1,2,7.2508525807735431,-2.0833175761210532,-0.034346523723567321,7.2502955815295476,-2.0832907198561732,-0.026730795005533787
639089883333443806,nan,60.735645904419741,0.0091671084540853823,0.0062280113744573838,0,0,0,1,2,7.2634553004783795,-2.0958576416535344,-0.026730795003999153,7.26781061695291,-2.1039240594344113,-0.032958806378456537
639089883333644283,nan,55.002273759878925,0.0062343223797385562,0.0059170003194927989,0,0,0,1,2,7.2852174284889761,-2.1244299073939863,-0.032958806376850142,7.2830283567007994,-2.1302672646933742,-0.038875806696342941
639089883333944833,nan,52.288130325263246,0.016137101538911416,0.0079655688647533064,0,0,0,1,2,7.3056296654686168,-2.1693920575900583,-0.038875806694910267,7.296894425051657,-2.1558236523434919,-0.030910237830156961
639089883334144504,nan,66.614605882672947,0.0027194527529166256,0.011320165389030027,0,0,0,1,2,7.305998659186991,-2.1726035593028894,-0.03091023782878485,7.3080302789493166,-2.1707958136303254,-0.042230403217814877
639089883334444230,nan,63.111052721053376,0.0045886684124556085,0.0070435173659161784,0,0,0,1,2,7.3245414779493627,-2.1929951291690868,-0.042230403216609161,7.321314529197088,-2.1897328171745558,-0.035186885850692982
639089883334744807,nan,78.502105780544412,0.0021670794390147921,0.0070922312535706827,0,0,0,1,2,7.3344906897579936,-2.2085157363899688,-0.035186885849466019,7.3338818321446997,-2.2105955262114976,-0.028094654595895337
639089883334944411,nan,69.313614719668351,0.011539453647775422,0.0080055253247464583,0,0,0,1,2,7.3421430017671696,-2.2243097160306551,-0.028094654594583761,7.3459613731323641,-2.2351991159501465,-0.036100179919330219
639089883335244156,nan,66.744802063626693,0.0099000024088076004,0.0092724747700713948,0,0,0,1,2,7.3639739946738825,-2.2718871946592323,-0.03610017991809613,7.3568910171230897,-2.2649704413233556,-0.026827705148024735
639089883335446599,nan,75.803106967103545,0.0039346053432037249,0.010246943953657481,0,0,0,1,2,7.3642323377392964,-2.2849675102964708,-0.02682770514677181,7.366319807729595,-2.2883027146749715,-0.037074649100429291
639089883335644269,nan,89.558668218983257,0.0047036365771468925,0.0080480422052319686,0,0,0,1,2,7.3754001333845602,-2.3107726844881915,-0.037074649099154595,7.3772443923979685,-2.3150996818005707,-0.045122691304386564
639089883335944816,nan,93.376923424752363,0.010799833948213438,0.0072017147280258528,0,0,0,1,2,7.3936598212689404,-2.3553651675065392,-0.045122691302893682,7.3891128071023067,-2.3455691950955218,-0.037920976574867829
639089883336244236,nan,123.19514649184251,0.0051471637159273631,0.007397794472951455,0,0,0,1,2,7.4008458218893827,-2.3756910992377813,-0.037920976573029765,7.3979429388581455,-2.3714406210969701,-0.03052318210007831
639089883336444214,nan,147.37217867590181,0.010835706405884856,0.0093659101271220749,0,0,0,1,2,7.4038006460749024,-2.3886031327091297,-0.030523182098314401,7.4064765636598393,-2.3991032278702775,-0.039889092225436476
639089883336746166,nan,146.00676948266315,0.0073978518034969135,0.0050308551585575012,0,0,0,1,2,7.4192339904887934,-2.4404577155597948,-0.039889092223870298,7.412110014432769,-2.4384634296074568,-0.034858237065312797
639089883336947756,nan,133.28022022162051,0.0071506331060066331,0.0076052298719870987,0,0,0,1,2,7.4158393311120383,-2.464519689394661,-0.034858237063578393,7.4212454345170586,-2.4692000312401832,-0.042463466935565491
639089883337146471,nan,127.08255631793361,0.0051788429271605128,0.0079719933834569295,0,0,0,1,2,7.4301642391950518,-2.4992078189388578,-0.042463466933640753,7.4326300032748094,-2.5037619842374803,-0.050435460317097683
639089883337444279,nan,147.0348968668149,0.017273776526900982,0.007366404749641127,0,0,0,1,2,7.4495279988717638,-2.5550619273444917,-0.050435460315292981,7.4442410756912274,-2.5386171166497946,-0.043069055565651854
639089883337644559,nan,133.91507743673623,0.011972735610717331,0.0085968839579668027,0,0,0,1,2,7.4518993796960684,-2.5616064832276013,-0.043069055563838193,7.4471008227777435,-2.5725755419614096,-0.051665939521804996
639089883337944548,nan,92.550705186852269,0.0066534689407323376,0.0089904112441892003,0,0,0,1,2,7.4513174469713457,-2.622646374595778,-0.05166593951999357,7.4516770261721428,-2.6160026292858158,-0.04267552827580437
639089883338244211,nan,135.18695444538068,0.0043355761100012692,0.006238376615137986,0,0,0,1,2,7.4562169047691249,-2.6590850028784372,-0.042675528274086313,7.4600655477603866,-2.6570887144895949,-0.036437151658948327
639089883338443776,nan,186.54132269604702,0.010708423821176002,0.0068868645205016968,0,0,0,1,2,7.4655776436187509,-2.6840863728619051,-0.036437151657322461,7.4585694423320703,-2.6921830052148836,-0.043324016177824158
639089883338744266,nan,192.75272594148174,0.0012410077342481067,0.0072294262078809318,0,0,0,1,2,7.4563582630583785,-2.7440508527662448,-0.043324016175859723,7.4573812060666098,-2.7433482235622018,-0.036094589967978791
639089883338944388,nan,164.91941071416815,0.0033258821709119344,0.0036408270962666744,0,0,0,1,2,7.4565967639771937,-2.7771261446309823,-0.036094589965765457,7.4590420638195791,-2.7748718152638268,-0.039735417062032131
639089883339144197,nan,157.26713418373299,0.0092057936239675047,0.01045283515568305,0,0,0,1,2,7.460675240809282,-2.805870017552881,-0.0397354170598972,7.4634400352404233,-2.8146508232107128,-0.050188252215580251
639089883339444009,nan,138.75385926669199,0.017371545259642161,0.0089117948988035878,0,0,0,1,2,7.4699405759926192,-2.8734472630909464,-0.050188252213487203,7.4571509508346709,-2.8616915805064695,-0.041276457314683615
639089883339746029,nan,132.07206436034613,0.013634614276817577,0.0093747065586926442,0,0,0,1,2,7.4508965634676034,-2.9084728127473269,-0.041276457312419496,7.4422815858387716,-2.8979047066288057,-0.031901750753726851
639089883339944305,nan,124.61742061154673,0.01280564378070302,0.0098870403637191656,0,0,0,1,2,7.4327153822898184,-2.9212024154230765,-0.031901750751487087,7.4356052164437489,-2.9336777258881925,-0.041788791115206253
639089883340244173,nan,130.06397807448607,0.011332859212664543,0.0098816669400469889,0,0,0,1,2,7.4256455936274595,-2.9870429245078158,-0.041788791112639764,7.4350475130773068,-2.9807153966657074,-0.031907124172592775
639089883340444275,nan,104.11428946219344,0.016006636021408741,0.0085223519960242813,0,0,0,1,2,7.4346813514247216,-3.011598106546979,-0.031907124170018786,7.4202527811157388,-3.0185283847203714,-0.040429476166043067
639089883340744687,nan,114.18267669346501,0.012554118229635364,0.008115799052549437,0,0,0,1,2,7.3983226761483811,-3.0745782543173554,-0.040429476163336676,7.40115978977573,-3.0623489178353882,-0.032313677110787239
639089883340944036,nan,99.09065735630584,0.0044473917350236376,0.010289070519350657,0,0,0,1,2,7.3886455407827212,-3.0910705074827161,-0.032313677108115418,7.3873780572121852,-3.0953334616981842,-0.042602747627466075
639089883341144052,nan,84.953496349454483,0.0030153009400736511,0.0070181126291951682,0,0,0,1,2,7.3737564638641429,-3.1279347359717948,-0.042602747624831877,7.3707449866277637,-3.1277829314462395,-0.049620860254027045
639089883341444131,nan,84.921818632611064,0.0075598815196285711,0.0061639629646242783,0,0,0,1,2,7.3461893107381258,-3.1756886177643233,-0.049620860251707449,7.345733703521403,-3.1681424776480194,-0.043456897287083171
639089883341745875,nan,83.021446055306612,0.016946937101270917,0.0089201188986597832,0,0,0,1,2,7.3210413540644428,-3.2079873754287824,-0.043456897284382581,7.3326306482739856,-3.1956226297039771,-0.034536778385722798
639089883341944340,nan,110.75684250247865,0.00048438674451119961,0.0060035168113529158,0,0,0,1,2,7.3241263627251429,-3.2134580929296659,-0.03453677838295522,7.3245708702586647,-3.2136505599941225,-0.040540295194308136
639089883342244194,nan,69.731754173078798,0.023391044400620179,0.0053771697451664921,0,0,0,1,2,7.3126225588086999,-3.2403762744611275,-0.040540295191798914,7.2920992248264529,-3.2515982939052797,-0.035163125446632422
639089883342444104,nan,67.198416140737791,0.0094762875934200994,0.0083933143066823868,0,0,0,1,2,7.2707069536339484,-3.2765982039549004,-0.03516312544411903,7.2627778283394324,-3.2817875197688662,-0.043556439750801416
639089883342744513,nan,65.886581918721944,0.016556965709115704,0.006348396398231107,0,0,0,1,2,7.2191968631379364,-3.3266583567497534,-0.043556439748426247,7.2314248860279919,-3.315495535883453,-0.03720804335019514
639089883342944698,nan,59.811927279881132,0.0040096119754017764,0.0089105262965489679,0,0,0,1,2,7.2108487482575523,-3.3376172486290177,-0.03720804334782455,7.2122319150696148,-3.3338537611820751,-0.046118569644373518
639089883343244531,nan,53.970019673376406,0.0092812548650032974,0.0093333634701539617,0,0,0,1,2,7.1838702723030474,-3.3609818920419001,-0.046118569642136925,7.1890099317138976,-3.3532536585432533,-0.036785206171982963
639089883343444121,nan,61.619529415174568,0.0078224155331213518,0.0074365235242490682,0,0,0,1,2,7.1737716427673002,-3.3659838907975614,-0.036785206169775403,7.1668322023337065,-3.3695942025903882,-0.044221729694024471
639089883343744455,nan,63.706169730154194,0.0065254378287654246,0.0088016499700859924,0,0,0,1,2,7.1337065895073275,-3.3940011437248248,-0.044221729691769726,7.1393207013611555,-3.3906750218163868,-0.035420079721683734
639089883343944681,nan,53.611105626464926,0.0096231123386439615,0.0094025265045928758,0,0,0,1,2,7.1211087041334515,-3.4046300518121937,-0.035420079719456848,7.1118681480085826,-3.407316390135136,-0.044822606224049724
639089883344244310,nan,50.061508963372887,0.0031611461452883001,0.0059858415273674609,0,0,0,1,2,7.0712201022908365,-3.431956688308456,-0.044822606221863057,7.0743107404169114,-3.4312927599045424,-0.038836764694495596
639089883344443678,nan,45.690584510174389,0.0058052776587613365,0.010101311153635391,0,0,0,1,2,7.0495802533783092,-3.4470805189602696,-0.038836764692347744,7.0439713110413571,-3.4485775208159999,-0.048938075845983135
639089883344746476,nan,42.119051775688284,0.018020201651852828,0.0090562420907488936,0,0,0,1,2,6.9982551675911457,-3.474622592381106,-0.048938075844224709,7.0110641066439374,-3.4619474691897794,-0.039881833753475815
639089883344944421,nan,49.962970590541971,0.00090298071505935966,0.011289083005514441,0,0,0,1,2,6.9898389780943244,-3.4705710784611097,-0.039881833751813485,6.9905931004103747,-3.4710677410268462,-0.051170916757327926
639089883345244205,nan,44.650495487195094,0.0024798474511049887,0.0082358434599949862,0,0,0,1,2,6.9599629000874552,-3.4847141514759246,-0.051170916755356732,6.9624190115131661,-3.485056437971779,-0.042935073295361746
639089883345444090,nan,42.286459429920036,0.013860798585984557,0.0086816308010341722,0,0,0,1,2,6.9438669312100663,-3.4942677182373081,-0.042935073293443426,6.9301204952570652,-3.4960445795237542,-0.051616704094477599
639089883345748283,nan,45.402342910606052,0.0098446294029337945,0.0086119597869845008,0,0,0,1,2,6.8812914042144921,-3.5126565179786278,-0.051616704092630666,6.8899392060639135,-3.5079520253115857,-0.043004744305646166
639089883345947026,nan,45.364559858475332,0.0080353440491223501,0.0087566296674998143,0,0,0,1,2,6.8638647978110718,-3.5156789949771934,-0.043004744303850241,6.8712562870470881,-3.5125273857276795,-0.051761373971350055
639089883346244163,nan,50.870067932757465,0.0052847423878852806,0.0074521563769961857,0,0,0,1,2,6.8434824709596951,-3.5193290647702149,-0.051761373969475472,6.8382388075654488,-3.5186714202506204,-0.044309217592479286
639089883346444290,nan,42.049921186909366,0.014614478576527241,0.008823496852939143,0,0,0,1,2,6.816130580043871,-3.5227854142703379,-0.044309217590572873,6.8023042243372158,-3.5275198489712096,-0.053132714443512016
639089883346744080,nan,47.93112302404316,0.0084854165517820393,0.007967220829712636,0,0,0,1,2,6.7490224682175404,-3.5406397957962041,-0.053132714441722871,6.7572576825485058,-3.538594425663363,-0.045165493612010235
639089883346944763,nan,43.725649540229043,0.0062883056591473635,0.0069477953030810877,0,0,0,1,2,6.7274152238997704,-3.5459311175350279,-0.045165493610225899,6.7211269631860464,-3.5459548927132589,-0.052113288913306986
639089883347243377,nan,40.65334562999184,0.015550752473016028,0.0070432762979319719,0,0,0,1,2,6.6677303457853334,-3.5568327288009125,-0.052113288911240438,6.6810354384885731,-3.5487828585761689,-0.045070012613308466
639089883347444225,nan,46.74548409989125,0.0039735796573629857,0.0087246182000150566,0,0,0,1,2,6.6543008335891178,-3.5506686573973552,-0.045070012611240634,6.6545679599767471,-3.5467040667770715,-0.053794630811255691
639089883347683438,nan,66.734759316171605,0.0070160516727938429,0.00074161702238937505,0,0,0,1,2,6.6235378473777375,-3.5442669194845151,-0.053794630809189281,6.6165835563142945,-3.5451957988524794,-0.054536247831578656
639089883347944682,nan,45.583598083308068,0.0085921034369293835,0.0020964837637886397,0,0,0,1,2,6.5753740159195972,-3.5435594686229241,-0.054536247829316854,6.5685814482168254,-3.5488211475825486,-0.052439764065528215
639089883348243827,nan,54.226090175591224,0.0087903476342620218,0.0067280095679924448,0,0,0,1,2,6.5142578143864558,-3.5529239281629303,-0.052439764063241037,6.5229655196056244,-3.5517213969378725,-0.045711754495248592
639089883348443860,nan,52.254884080884402,0.010147398839390706,0.0070259298918704596,0,0,0,1,2,6.4930466324044493,-3.5536236323183426,-0.045711754492596499,6.4835852908904004,-3.5572914272908296,-0.052737684384466958
639089883348744459,nan,42.345742694243654,0.0082723571902137139,0.0073755901410613584,0,0,0,1,2,6.42491047975758,-3.5655905278706466,-0.052737684382104959,6.4245771174300419,-3.5573248903851855,-0.0453620942410436
639089883348944029,nan,54.421867232254236,0.01352308606920717,0.0068007939394226294,0,0,0,1,2,6.3856817451279229,-3.5573469476602551,-0.045362094238923692,6.382490871711612,-3.5442057078528295,-0.052162888178346321
639089883349244067,nan,51.814240121188348,0.015868349865151919,0.0059276498730455041,0,0,0,1,2,6.3195550103394922,-3.5245872543871566,-0.052162888177179949,6.3292984245215846,-3.5371120461027528,-0.046235238304134445
639089883349443677,nan,38.470169736946701,0.008008604751977861,0.014032425421618082,0,0,0,1,2,6.2939673412719559,-3.5324003479749844,-0.046235238303241194,6.2872318802291582,-3.536732935494511,-0.060267663724859276
639089883349744325,nan,39.204695753575614,0.0041022229292089589,0.0019985025490323119,0,0,0,1,2,6.2241396269553313,-3.5361643377426319,-0.060267663724607255,6.228196826830823,-3.5355582336828881,-0.062266166273639567
639089883349943981,nan,40.123580879103059,0.0095142514717370327,0.0086201182128229567,0,0,0,0,0,6.1891794036388248,-3.5347818502450816,-0.062266166273614636,6.1804019911034596,-3.5311106092762179,-0.070886284486437592
639089883350243862,nan,46.40576373420781,0.020339944323767165,0.0010512652132982914,0,0,0,1,2,6.1089357678436249,-3.5244602062779498,-0.070886284486433776,6.1285795300596435,-3.5191842285397037,-0.069835019273135485
639089883350443870,nan,42.032793459529756,0.011620790962222559,0.0045001884649175095,0,0,0,0,0,6.0940779009759645,-3.5112440505513591,-0.069835019273132418,6.0833112567927978,-3.5156169392557235,-0.074335207738049927
639089883350744117,nan,44.252577182109427,0.008888195512173928,0.00044022714072328162,0,0,0,0,0,6.0157424369667014,-3.510292293328189,-0.074335207738038131,6.0228859656996629,-3.5155809620362839,-0.074775434878761413
639089883350946229,nan,42.492639067886067,0.0077062492167201254,0.00070724462673195376,0,0,0,1,2,5.9826055744133138,-3.5155569790905634,-0.074775434878753738,5.9754406329155705,-3.512719746226642,-0.074068190252021784
639089883351244157,nan,54.025657813343393,0.014335029942532534,0.00059747005902557881,0,0,0,0,0,5.9059839040364333,-3.5085311215697268,-0.074068190252017052,5.9203165363336989,-3.5087932949564031,-0.074665660311042631
639089883351444068,nan,47.193867481510793,0.02089418184815597,0.00056947287609596109,0,0,0,0,0,5.8836595192255308,-3.506182240983414,-0.07466566031103701,5.8642706746813937,-3.4983951014349599,-0.074096187434941049
639089883351744304,nan,57.451402230978942,0.018141297781876602,0.0028734857060147556,0,0,0,0,0,5.7806611211328507,-3.4828830137908677,-0.0740961874349301,5.7972474098760998,-3.4902315994327644,-0.071222701728915344
639089883351944885,nan,66.449579549113068,0.0034642869081672493,0.00053782824408182828,0,0,0,1,2,5.7526327015087411,-3.4847974824564822,-0.071222701728901092,5.7491967048042003,-3.4843556562140701,-0.070684873484819263
639089883352244176,nan,56.871657160638797,0.011757910491593864,0.0063666218454759144,0,0,0,0,0,5.6776478498430825,-3.4756062110501533,-0.070684873484774105,5.6885201741541991,-3.4711294909112307,-0.064318251639298191
639089883352443875,nan,42.557950587372055,0.019214207436638459,0.0043356005561754063,0,0,0,1,2,5.6480712906352073,-3.4623125131769004,-0.064318251639247731,5.6297877455176044,-3.4682199445434718,-0.068653852195423137
639089883352744274,nan,39.771840156949175,0.0041646601639152205,0.00058244376616925497,0,0,0,0,0,5.5416692997522343,-3.4638546439802078,-0.068653852195394285,5.5453894880142913,-3.4657266999558014,-0.06923629596156354
639089883352944301,nan,54.315456682776158,0.01402329522092398,0.0055676587954402029,0,0,0,1,2,5.4893295570216223,-3.4640706098460363,-0.069236295961507419,5.4808965105929515,-3.4528663009969787,-0.063668637166067216
639089883353244584,nan,36.189353339782379,0.018409419439881478,0.0033368556709628266,0,0,0,0,0,5.3844454935912269,-3.4336332215483014,-0.063668637166059694,5.3964816769838873,-3.4475629384675979,-0.067005492837022521
639089883353444179,nan,35.009702688227989,0.014404470927445156,0.0022633757658208076,0,0,0,0,0,5.3404345183082986,-3.4440417753201951,-0.067005492837014402,5.3269247642363542,-3.4390442431677029,-0.064742117071193594
639089883353745351,nan,39.373190713048274,0.017342161504251156,0.0035465501943075933,0,0,0,1,2,5.2223904406531423,-3.4262418340927314,-0.064742117071201741,5.2396906797885618,-3.4274469446672549,-0.068288667265509334
639089883353944207,nan,36.727120500191653,0.015545169957438132,0.0030956436655567576,0,0,0,0,0,5.1821175796377767,-3.419792913192385,-0.068288667265518993,5.1667823510579698,-3.42233910120797,-0.071384310931075751
639089883354243852,nan,38.792598798393797,0.014150500593079497,0.0021943540202780665,0,0,0,1,2,5.0574812954971415,-3.4146816402366413,-0.071384310931084244,5.0715347156710484,-3.4130269352930425,-0.07357866495136231
639089883354443720,nan,37.847046772569549,0.014901467569364939,0.00018110986886424318,0,0,0,0,0,5.0082942615554087,-3.4068440458295099,-0.073578664951364114,4.9938343270801351,-3.4032434860547487,-0.073397555082499871
639089883354744111,nan,42.398502110712499,0.014684392425504782,0.0035507998100126892,0,0,0,0,0,4.8774032034308616,-3.3885833536070535,-0.073397555082501398,4.8918348354374448,-3.3912961710599587,-0.076948354892514087
639089883354944111,nan,44.392357103956776,0.010748351674140001,0.0043295251398040163,0,0,0,1,2,4.824118954913108,-3.3833645339336891,-0.076948354892517029,4.8139475487207912,-3.3798904067365521,-0.072618829752713013
639089883355244051,nan,43.831947258290761,0.014599571042899872,0.0036137842190520492,0,0,0,0,0,4.6976462833878738,-3.3628593240166347,-0.072618829752712569,4.7077372562262623,-3.3734101411324597,-0.076232613971764618
639089883355443829,nan,36.615791581651493,0.026429371076909181,0.0017979655549648782,0,0,0,1,2,4.6372388337105903,-3.3691087830263742,-0.076232613971762259,4.611779150923101,-3.3620153911803401,-0.07443464841679738
639089883355743359,nan,37.539733319061483,0.037000320898988415,0.0045639510822425705,0,0,0,0,0,4.4688185849572077,-3.3450392337515504,-0.074434648416797922,4.5055750210040904,-3.3492804783518473,-0.069870697334555351
639089883355944411,nan,33.974587137236981,0.022061409607877329,0.0020205517626201985,0,0,0,1,2,4.4344802544623318,-3.3407555212229507,-0.069870697334559875,4.4127266293558343,-3.3370832482738768,-0.071891249097180074
639089883356244110,nan,40.226880832792446,0.02840456467714967,0.0027264337437012398,0,0,0,0,0,4.2749882255752025,-3.3189889445206213,-0.071891249097188165,4.3031010147442972,-3.3230497793648883,-0.069164815353486925
639089883356443891,nan,37.544565263388442,0.023803537063101236,0.0023723297091362144,0,0,0,1,2,4.2303275036285166,-3.313733847050528,-0.069164815353480194,4.206718362241836,-3.3167697686071826,-0.071537145062616408
639089883356702487,nan,29.255791183393555,0.0067657055350599021,0.0025402858541833662,0,0,0,0,0,4.0824917375870298,-3.3086755263450107,-0.071537145062638197,4.0878286181122991,-3.3045171038501047,-0.06899685920845483
639089883356944463,nan,35.63605655025232,0.0069646462786423892,0.00042280467119672205,0,0,0,1,2,3.9768907349452158,-3.2930839503745184,-0.068996859208470207,3.9838239249563054,-3.2924227589826094,-0.069419663879666929
639089883357243972,nan,32.154533581440063,0.023657095830533555,0.00041178957663180749,0,0,0,0,0,3.8555364435862005,-3.2775046529357477,-0.06941966387969907,3.8783877513426259,-3.2836264106046023,-0.069007874303067263
639089883357443984,nan,27.329641867756727,0.033852266656111095,0.0018972498082271,0,0,0,1,2,3.8080489732927547,-3.2777581741635018,-0.069007874303140634,3.7742063946365434,-3.2769483422953951,-0.067110624494913534
639089883357744631,nan,43.05934783680997,0.025833336120587386,0.0096764699979214747,0,0,0,0,0,3.6180999727737624,-3.266941855706373,-0.067110624495104312,3.6435992325714386,-3.2628007200058846,-0.076787094493025787
639089883357945224,nan,35.900346322361315,0.011833947007808869,0.00021329297606617614,0,0,0,1,2,3.55660913469025,-3.2533777830988173,-0.076787094493142083,3.5467211803054206,-3.2598793721251371,-0.076573801517075907
639089883358243713,nan,30.075059406716296,0.020893857457748823,0.0041576920028320863,0,0,0,0,0,3.4031703318955087,-3.2555506107909364,-0.076573801517184417,3.423460185776328,-3.2605381060500545,-0.072416109514352331
639089883358443808,nan,33.946950217119692,0.014559065263949652,0.0030385230961469389,0,0,0,1,2,3.3410974212555478,-3.2609782708186992,-0.072416109514516144,3.3296500517373597,-3.251982487780297,-0.069377586418369205
639089883358744109,nan,52.645452539735047,0.020271861015201897,0.0013480954079642948,0,0,0,1,2,3.1895028334733153,-3.239200861218102,-0.069377586418544399,3.2092335447289728,-3.2438535359719971,-0.068029491010580104
639089883358944533,nan,38.505756607949834,0.023345228156698695,5.8110454367280018e-05,0,0,0,0,0,3.1290465955548545,-3.2384403591436275,-0.068029491010814985,3.1060013359321812,-3.2421707326653944,-0.067971380556447705
639089883359244051,nan,41.571829170222721,0.037690948192005615,0.0020144007326194924,0,0,0,1,2,2.9525933686642132,-3.2396700069947277,-0.067971380556487312,2.9902163676147606,-3.241932201853611,-0.069985781289106805
639089883359443884,nan,46.460316381464345,0.022006615970987332,0.0077567306111979706,0,0,0,0,0,2.9130889169634258,-3.2417733101280097,-0.069985781289147633,2.8912257051285395,-3.2442815196004031,-0.062229050677949663
639089883359744483,nan,44.110415600580026,0.036553566329877323,0.0019553211171087978,0,0,0,1,2,2.7428126120112122,-3.2478037660907262,-0.062229050678104379,2.7793614730830156,-3.2472172801260584,-0.064184371795213177
639089883360043969,nan,34.676238553132912,0.0089708731967085616,0.0035189397261904398,0,0,0,0,0,2.6679209764472578,-3.2501419201562114,-0.064184371795277015,2.6750226675596096,-3.2556230285528924,-0.060665432069086575
639089883360243802,nan,28.528517158363215,0.034964871442563397,0.0030705732022843213,0,0,0,1,2,2.6055960030754144,-3.2612161832074897,-0.060665432069457667,2.5706336886664087,-3.2616390379825853,-0.057594858867173346
639089883360444047,nan,47.191952141517717,0.017461872750223949,0.001505407786718746,0,0,0,1,2,2.4665385893503702,-3.2676381109279276,-0.057594858867605361,2.4493028474654115,-3.2704392181411728,-0.059100266654324107
639089883360744442,nan,108.46162445485155,0.072584072485667644,0.0091833192682809484,0,0,1,1,2,2.2682892821458598,-3.283568212963861,-0.059100266655368369,2.3407393784973016,-3.2791601388638205,-0.068283585923649318
639089883360944413,nan,71.477253168435013,0.011882131640281797,0.00362173118208578,0,0,0,1,2,2.2683822907058309,-3.2849725952301183,-0.068283585924856879,2.2610652719100215,-3.2943345548678629,-0.064661854742771099
639089883361243892,nan,164.15188360571412,0.02581588453383369,0.014461731123482077,0,0,0,1,2,2.1415216061571343,-3.3171023698140565,-0.064661854745038494,2.1661316974369265,-3.309304722639137,-0.079123585868520571
639089883361544491,nan,141.2523899330256,0.014702486053751341,0.011575761247326219,0,0,0,1,2,2.0709452142402651,-3.3243147718332229,-0.079123585870240196,2.0855853924186376,-3.3229626331324016,-0.090699347117566415
639089883361744593,nan,125.69611219357947,0.042541251183576254,0.011231694065808595,0,0,0,1,2,2.031561177701573,-3.3321233002655126,-0.090699347119075527,1.9916081213191608,-3.3467353274338394,-0.079467653053266932
639089883362043727,nan,115.49370662856892,0.03439811879477582,0.0072523981646087365,0,0,0,1,2,1.8514837510440039,-3.3821814920198139,-0.079467653054598741,1.8824480795939322,-3.3672001391412651,-0.086720051219207478
639089883362243837,nan,115.4545656433378,0.013139005443985829,0.0075064227710049808,0,0,0,1,2,1.8095179706429303,-3.3808727332874011,-0.0867200512201447,1.8003132713617389,-3.3902486052575127,-0.07921362844913972
639089883362443983,nan,111.15264027995197,0.018056891127760759,0.0093451234603412897,0,0,0,1,2,1.7180539895135618,-3.4133320008510686,-0.079213628450049436,1.7024819110882423,-3.4224732092348384,-0.069868504989708147
639089883362744237,nan,99.204493453316203,0.072253214150728648,0.0054704290965443964,0,0,1,1,2,1.5563837646186496,-3.4705963764753065,-0.069868504990571817,1.6244307553824031,-3.4463037026185921,-0.075338934087116213
639089883363043647,nan,105.38655181371814,0.0078101807689076666,0.00016524214553068073,0,0,0,1,2,1.5463271917444634,-3.4701501971347812,-0.075338934087807757,1.553676746468247,-3.4727927279302735,-0.075504176233338438
639089883363243679,nan,99.358230412354985,0.033083319630640026,0.0046264822516276366,0,0,0,1,2,1.5062651747247084,-3.4905427656066532,-0.075504176234018575,1.4756334019458937,-3.5030407868184352,-0.070877693982390938
639089883363544562,nan,89.589788454434299,0.027130520877043082,0.0064019575631050346,0,0,0,1,2,1.3586367418176024,-3.5483863814612322,-0.070877693983025541,1.3826166319499591,-3.5356966205375673,-0.077279651546130576
639089883363744431,nan,95.155392918296897,0.017539600491342143,0.0076645637428312541,0,0,0,1,2,1.3209257843285076,-3.5573547157606811,-0.077279651546582201,1.3106485933377592,-3.5715679817729518,-0.069615087803750947
639089883364043636,nan,90.775950695255247,0.027130965404463556,0.0035614533834524564,0,0,0,1,2,1.2031235681264936,-3.6251621757453756,-0.069615087804433276,1.2243235653260525,-3.6082314521188765,-0.073176541187885732
639089883364243651,nan,83.833622358109722,0.010404978034236834,0.00014039930482652452,0,0,0,1,2,1.166703215316478,-3.6327036364037326,-0.073176541188724104,1.1617741241333324,-3.6418670215861413,-0.073036141883897579
639089883364444194,nan,82.940562121331396,0.013824138269063051,0.0083651361400302326,0,0,0,1,2,1.0990694342860194,-3.6755860750431379,-0.073036141884708833,1.0876982953705714,-3.6834476269667569,-0.0646710057446786
639089883364744326,nan,78.801185403337371,0.040984070700279145,0.0065602186306334687,0,0,0,1,2,0.97690090621376757,-3.7456409576750267,-0.064671005745645313,1.0144042422301613,-3.7291123812448879,-0.071231224376278782
639089883364943728,nan,79.417186502894836,0.0072809031377508351,0.0061056876059636805,0,0,0,1,2,0.96550699173278609,-3.7595770756254989,-0.071231224377224289,0.96603771652621784,-3.766838610015347,-0.065125536771260609
639089883365243705,nan,82.619350260867819,0.018146813525921287,0.010540535231547923,0,0,0,1,2,0.89350203345954271,-3.8234169507906448,-0.065125536772477968,0.90734613042692469,-3.8116846100053503,-0.075666072004025892
639089883365544267,nan,75.449031925862911,0.012395307687177937,0.0012193563693098375,0,0,0,1,2,0.84872893857935372,-3.8564737656530257,-0.075666072004391266,0.83709438387338009,-3.852198161666041,-0.074446715635081429
639089883365747175,nan,73.025625169374024,0.021487706433194521,0.013838550901010771,0,0,0,1,2,0.7897184097264337,-3.8795194607118226,-0.074446715635253957,0.77208900711332384,-3.8918046424876054,-0.060608164734243186
639089883365944201,nan,81.880622492698365,0.011487936872042234,0.0061598664090567953,0,0,0,1,2,0.7091770192459248,-3.9301356631678472,-0.060608164734405938,0.71190326547416083,-3.9412954245935703,-0.054448298325349143
639089883366243770,nan,90.705832985537313,0.047850424488463043,0.00016237186979639606,0,0,0,1,2,0.62077196383148991,-4.0162327647308826,-0.054448298325450173,0.65827629953902611,-3.9865159693642465,-0.054285926455653777
639089883366443683,nan,83.256668711664815,0.016325246464779546,0.0048058295740336862,0,0,0,0,0,0.62227424194096903,-4.016874439754285,-0.054285926455744773,0.60986273761651688,-4.0274795438339206,-0.049480096881711087
639089883366745012,nan,97.606304478236254,0.014647467039305659,0.0052893521415863648,0,0,0,1,2,0.5365842288161442,-4.0894817914081711,-0.049480096881763885,0.54358741564915825,-4.0766169686402725,-0.044190744740177521
639089883367043812,nan,112.06420732196871,0.025340709382403664,0.014681419079206025,0,0,0,0,0,0.47786656920314802,-4.1253432977562765,-0.044190744740292283,0.50319946683684458,-4.125972463461073,-0.058872163819498308
639089883367243745,nan,139.53747272149172,0.034561087138032368,0.00093682504035742103,0,0,0,0,0,0.47615891022037243,-4.1590169752840884,-0.058872163819557642,0.4524314948752044,-4.1841462113488905,-0.057935338779200221
639089883367544485,nan,149.92685390070534,0.025324876654952817,0.015547124742366046,0,0,0,1,2,0.37643194087758691,-4.2712321973162748,-0.057935338779205349,0.36605295921856607,-4.2481318484593791,-0.042388214036839303
639089883367744480,nan,105.1462343121552,0.011600302351325477,0.0071666822346189846,0,0,0,0,0,0.30892769269741366,-4.2904478769226548,-0.042388214036869917,0.30696607808160553,-4.3018811215514212,-0.049554896271488902
639089883367944284,nan,101.29925580342551,0.016369142105544014,0.0053391990460339017,0,0,0,0,0,0.24825388851590066,-4.3552895508012908,-0.049554896271462666,0.23806939429047932,-4.3681045767725424,-0.044215697225428764
639089883368243554,nan,128.00945775298501,0.049772668149586342,0.0074670655647280509,0,0,0,1,2,0.13520380217368319,-4.466978928315978,-0.044215697225400981,0.17162072242076948,-4.4330506743902864,-0.03674863166067293
639089883368544270,nan,103.2607172751118,0.017557064141184246,0.00048170001407128737,0,0,0,0,0,0.10519448266826611,-4.4979748471383099,-0.036748631660647187,0.11625333120753337,-4.4843384117447327,-0.036266931646575899
639089883368745210,nan,104.06717037011916,0.033080635170028322,0.0068568788880917636,0,0,0,1,2,0.079516080783240128,-4.5183687391558465,-0.036266931646543848,0.054559283279287718,-4.5400824832272688,-0.029410052758452085
639089883369043835,nan,95.021205826618015,0.016039884716713811,0.0026193993968130526,0,0,0,1,2,-0.036689379244785353,-4.6225308252836008,-0.029410052758402395,-0.023880511848020959,-4.6128762503194931,-0.026790653361589343
639089883369243877,nan,79.18892300199316,0.018326866394173108,0.00085291978489400802,0,0,0,0,0,-0.076096606617118021,-4.6613338761319785,-0.026790653361535528,-0.090806482302977817,-4.6722651884565085,-0.027643573146429536
639089883369443741,nan,96.813999868507622,0.014335622432236522,0.0035600624449804372,0,0,0,1,2,-0.15720685511784266,-4.7311877204208503,-0.027643573146364682,-0.16692785233165491,-4.7417239571156431,-0.024083510701384245
639089883369744699,nan,87.947631583110848,0.052299148058991676,0.0013762547573647928,0,0,0,1,2,-0.28074423804914206,-4.8455784463634259,-0.024083510701309645,-0.2430966143499988,-4.8092761417877652,-0.022707255943944852
639089883370043921,nan,91.053708389672906,0.030887130394383386,0.00069700861468330322,0,0,0,0,0,-0.3184522648114344,-4.8761071979999278,-0.022707255943887082,-0.29351942206184978,-4.8578762304879133,-0.022010247329203779
639089883370243776,nan,98.329915193248297,0.031698979034144224,0.0047443099902189194,0,0,0,1,2,-0.32707754010863649,-4.8902212661512197,-0.022010247329085235,-0.34973412125311037,-4.9123911692328974,-0.026754557319304154
639089883370543867,nan,80.179542309362475,0.010328031429229256,0.0033473983607209754,0,0,0,1,2,-0.43345625506881269,-4.9935818019717439,-0.02675455731918263,-0.44098521798816204,-4.9865119398399758,-0.023407158958461655
639089883370744321,nan,77.991129397873536,0.015967540817811033,0.0022201425581717567,0,0,0,0,0,-0.50151894229551142,-5.0356818287938001,-0.023407158958315591,-0.51683033433935743,-5.0402121304888432,-0.025627301516487348
639089883370944224,nan,101.99602660074032,0.013311137416783782,0.0060149458071040544,0,0,0,1,2,-0.59191333404037882,-5.0933727239773408,-0.025627301516320252,-0.59870587893816862,-5.1048203312880416,-0.031642247323424307
639089883371243650,nan,84.207824890874079,0.054352816513308144,8.3055619557639848e-05,0,0,0,1,2,-0.72039176822129447,-5.2008429764839477,-0.031642247322632808,-0.67724816177580782,-5.1677845753458662,-0.031725302942190448
639089883371544493,nan,70.019929123929828,0.022560581665286916,0.0099258919109853419,0,0,0,1,2,-0.7556698513048552,-5.2306521445141971,-0.031725302941052774,-0.74308884664093078,-5.2119252075857405,-0.021799411030067432
639089883371743734,nan,85.957344940517302,0.032565035626456351,0.0015815220988101494,0,0,0,1,2,-0.78649335423056554,-5.2410242731709742,-0.021799411029543386,-0.81458875806967856,-5.2574902935909034,-0.023380933128353536
639089883372044012,nan,70.252874387135236,0.011037813411436975,0.00167959321426241,0,0,0,1,2,-0.92167139833735856,-5.3257313531384955,-0.023380933127230493,-0.91478655355507477,-5.3171039411725838,-0.021701339912968083
639089883372243789,nan,56.126289864351655,0.018758791439754809,0.003685174726370543,0,0,0,1,2,-0.98104033981902883,-5.3565222721464121,-0.021701339912404499,-0.9951340732218138,-5.3689020514276207,-0.025386514638775042
639089883372544297,nan,71.919778040622802,0.047807347676211975,0.00033544588253637056,0,0,0,1,2,-1.1151339867979755,-5.4462631047593772,-0.02538651463836665,-1.0732532715917651,-5.4232077759686073,-0.025721960520903021
639089883372743688,nan,65.642343341879993,0.012431610576105926,0.0082688643426996611,0,0,0,1,2,-1.1246345603191656,-5.4589262442889943,-0.025721960520479911,-1.1366871129239353,-5.4558797845034057,-0.033990824863179572
639089883373043758,nan,70.82979630216596,0.0028881276273520023,0.011139537316879423,0,0,0,1,2,-1.2316542187810893,-5.5047932040272602,-0.03399082486232529,-1.2345306458969527,-5.5050529120151994,-0.022851287545445867
639089883373243622,nan,66.812011497741011,0.016858022142565102,0.012232769192219935,0,0,0,1,2,-1.299247950224762,-5.5375778235881343,-0.022851287544800047,-1.3136214717890125,-5.5463866139932492,-0.035084056737019982
639089883373543967,nan,71.392484050219508,0.032384062046869881,0.0044188131056151804,0,0,0,1,2,-1.4313613515225512,-5.6079187202134992,-0.03508405673644293,-1.4028611840903555,-5.5925412064029922,-0.030665243630827749
639089883373750985,nan,58.196925116368895,0.019617006822311954,0.0058005623640198754,0,0,0,1,2,-1.4639810093221317,-5.6241522520796252,-0.030665243630381745,-1.4829231532015044,-5.6292534423250267,-0.036465805994401621
639089883374045305,nan,50.924607193209773,0.019053496075053293,0.0011379330383660471,0,0,0,1,2,-1.5958413347296259,-5.6810318205759085,-0.036465805993996847,-1.5817028332897822,-5.6682592527167186,-0.037603739032362894
639089883374243779,nan,47.598039251375759,0.015870603723854192,0.0021629578293521703,0,0,0,1,2,-1.6479769561948887,-5.694429370595234,-0.037603739031870288,-1.6620468512959861,-5.701771993723499,-0.039766696861222459
639089883374544408,nan,59.308190385497596,0.029082425233796942,0.00057869560942491044,0,0,0,1,2,-1.7829356615088958,-5.7521965989127768,-0.039766696860563958,-1.7573096705645717,-5.7384453791268522,-0.039188001251139047
639089883374744308,nan,52.827561896057709,0.030514989128342385,0.0044756841260271893,0,0,0,1,2,-1.8198246315770241,-5.7625118016439245,-0.039188001250335086,-1.8479365747805341,-5.7743812250008313,-0.043663685376362275
639089883375044056,nan,51.428164723212369,0.019710049019993407,0.0066002051489760932,0,0,0,1,2,-1.9827300866828466,-5.8278302411670557,-0.043663685375856083,-1.9689138854370374,-5.8137732637001234,-0.03706348022687999
639089883375243676,nan,52.083062918932072,0.0098087881536440425,0.0030705657115491294,0,0,0,1,2,-2.0487975694687468,-5.8397845971951616,-0.037063480226445115,-2.0585052015283596,-5.8383795331972435,-0.040134045937994245
639089883375544422,nan,48.661051164217518,0.035157339819972093,0.0094981389066004819,0,0,0,1,2,-2.1924776061439708,-5.8751750758566317,-0.040134045937578786,-2.1583896125286075,-5.8665700055782466,-0.030635907030978304
639089883375743660,nan,47.927594626022021,0.011221228192181796,0.0041815384847000911,0,0,0,1,2,-2.2240968851582732,-5.8851146316690288,-0.030635907030598042,-2.2351335691237844,-5.8871413455576782,-0.034817445515298133
639089883376043898,nan,60.373775660908805,0.005493945782863708,0.0044790930003316791,0,0,0,1,2,-2.3496529328725062,-5.9178384436800755,-0.034817445514322087,-2.346581747058941,-5.9132830888131522,-0.030338352513990408
639089883376243609,nan,52.185798523840212,0.02332770696029746,0.00025909009663089427,0,0,0,1,2,-2.4201872380760152,-5.9305482956923621,-0.030338352513164177,-2.443272735125154,-5.9339011658091003,-0.030079262416533283
639089883376544189,nan,51.340221308365798,0.044198541406102826,0.0062593512356104095,0,0,0,1,2,-2.5875235027061949,-5.9646607380525225,-0.030079262415846911,-2.5452757708679941,-5.951674583234623,-0.023819911180236502
639089883376743644,nan,78.776033177077935,0.020379040747712837,0.0060311725149738427,0,0,0,1,2,-2.612078872212682,-5.9633146231302199,-0.02381991117937983,-2.6323786700653322,-5.9651100364359735,-0.029851083694353672
639089883377043814,nan,69.508494907127101,0.025852015681848813,0.0047852762293499988,0,0,0,1,2,-2.7624652091375328,-5.9851756326897849,-0.029851083693744847,-2.7381322394730168,-5.9764444642616592,-0.025065807464394848
639089883377243740,nan,60.274809667179383,0.012336308707000141,0.0044496505606146479,0,0,0,1,2,-2.8080645867720215,-5.9839396547084771,-0.025065807463868123,-2.8203881770994981,-5.9833796243923922,-0.029515458024482771
639089883377544038,nan,47.547722805919243,0.029459580544362967,0.0035931167244843895,0,0,0,1,2,-2.9429813763592421,-5.9937156985085966,-0.029515458023423324,-2.9139849818921477,-5.9885122387212562,-0.025922341298938934
639089883377744047,nan,39.543688736464397,0.014896298144317706,0.0049266090021564644,0,0,0,1,2,-2.9757387776449469,-5.9918986621963386,-0.025922341297843581,-2.9905170553909128,-5.993770080179444,-0.030848950300000046
639089883378044040,nan,47.414030448235515,0.016695285218869507,0.0078521589388687307,0,0,0,1,2,-3.1042748622789684,-6.00158537232958,-0.030848950298919719,-3.0885163358658101,-5.9960716264318084,-0.022996791360050988
639089883378244247,nan,47.000171520377698,0.015613051965749972,0.0071062491666450747,0,0,0,1,2,-3.1534471001498905,-5.997596547395279,-0.022996791358787617,-3.168499988548573,-5.9934519192404236,-0.030103040525432691
639089883378546924,nan,46.049097254382012,0.034253570968404722,0.0088312960223135631,0,0,0,1,2,-3.2883941409100483,-5.9895250221481877,-0.03010304052350872,-3.2544144502539671,-5.9852020894625486,-0.021271744501195157
639089883378744363,nan,40.073707471861567,0.020521450409849359,0.0093964845649752646,0,0,0,1,2,-3.3099883960851919,-5.9798656701439405,-0.021271744499122343,-3.3304245653627595,-5.9817346035784178,-0.030668229064097607
639089883379044198,nan,34.565636788757963,0.023320569358355202,0.0083297442546087612,0,0,0,1,2,-3.4447272824787922,-5.9765202573358112,-0.030668229061690672,-3.4214090328594153,-5.9761913350254021,-0.02233848480708191
639089883379243984,nan,39.167809129805825,0.02341090963303552,0.012244239804592584,0,0,0,1,2,-3.4814343293843915,-5.9725342675306168,-0.022338484804698508,-3.5043458985291434,-5.9677248300197006,-0.034582724609291092
639089883379544384,nan,53.725866952362601,0.037522582647143865,0.0098261658121410987,0,0,0,1,2,-3.6277049526153085,-5.9551318770489647,-0.034582724606956286,-3.5903766545533502,-5.9589453232999752,-0.024756558794815187
639089883379745505,nan,42.332610473230581,0.011363221694316212,0.008905353703914945,0,0,0,1,2,-3.6475147264182035,-5.9531143378585769,-0.024756558792812945,-3.6546963239917738,-5.9443082340909923,-0.03366191249672789
639089883380043925,nan,42.586455756919833,0.023564991181459095,0.0078275660043556593,0,0,0,1,2,-3.7493341619597671,-5.9227717043019368,-0.033661912495374438,-3.7257716984325846,-5.9224265638777043,-0.025834346491018779
639089883380243701,nan,51.399155316462092,0.027321252130708538,0.012337261840720072,0,0,0,1,2,-3.7727309625741254,-5.9079694169475871,-0.025834346489470361,-3.7999406631514892,-5.9055030405610722,-0.038171608330190433
639089883380544257,nan,56.708910134918185,0.027085056255593477,0.0056359539717495827,0,0,0,1,2,-3.9104274603474436,-5.8802926861276212,-0.038171608328337242,-3.8863959557437862,-5.8927861667816686,-0.032535654356587659
639089883380744258,nan,62.07410589540023,0.017208147888435037,0.0082967699869982078,0,0,0,1,2,-3.9433592896157368,-5.8844073214249164,-0.032535654354544537,-3.9494079162912801,-5.8682972478965256,-0.040832424341542745
639089883381043402,nan,40.401377961762336,0.044623059030376881,0.013134631389203174,0,0,0,1,2,-4.0428543570787223,-5.8319802965008591,-0.040832424341029003,-3.9986550239975847,-5.8258454491179856,-0.027697792951825829
639089883381244461,nan,40.526013778523712,0.01934822075899946,0.012849484520883341,0,0,0,1,2,-4.0315142284335419,-5.797520286490017,-0.027697792951436154,-4.0506216890829574,-5.8005630802835588,-0.040547277472319496
639089883381544356,nan,63.209986820919006,0.029767698822457115,0.00095817216214751783,0,0,0,1,2,-4.127573590604972,-5.7631251120476934,-0.040547277470587541,-4.1232804547047115,-5.7925816033072852,-0.041505449632735059
639089883381744305,nan,32.684022528941583,0.027683118445528013,0.0053633137563065883,0,0,0,1,2,-4.1711139354183411,-5.7873271536652648,-0.041505449630926158,-4.1778841615831421,-5.7604846671085657,-0.046868763387232747
639089883382043904,nan,40.373699728905606,0.028770639943541031,0.0098571058439098566,0,0,0,1,2,-4.2587980698589254,-5.7129221718131635,-0.046868763386676379,-4.2307144574166324,-5.7066723370191896,-0.037011657542766523
639089883382243496,nan,43.377844413378931,0.019591444980260588,0.0064482142908847337,0,0,0,1,2,-4.2653851741482747,-5.6713571447840625,-0.037011657542312303,-4.2849335183929922,-5.6700583169646048,-0.043459871833197036
639089883382543976,nan,59.264772937099977,0.034813599095523326,0.0029774531016977315,0,0,0,1,2,-4.3658543370248726,-5.6154126550356214,-0.043459871832380891,-4.3520669673777084,-5.6473797493702067,-0.040482418730683159
639089883382744788,nan,35.849957560361801,0.029926803195190636,0.0021093801641202115,0,0,0,1,2,-4.3965698257017936,-5.6323460948222861,-0.040482418729811891,-4.4045146122062633,-5.6034931241453858,-0.042591798893932102
639089883383043400,nan,57.701386670775562,0.027224418060420898,0.0034351396594994033,0,0,0,1,2,-4.4815851034767942,-5.5390028352613161,-0.042591798893442341,-4.4551280878446873,-5.5454211888329903,-0.039156659233942938
639089883383243445,nan,52.082382958219412,0.015346734739057882,0.000870240150838128,0,0,0,1,2,-4.4886039451471955,-5.5070122909006294,-0.039156659233302561,-4.503100090702187,-5.5120505476625965,-0.040026899384140689
639089883383544269,nan,37.539570238022463,0.013612497334307571,0.0037800538720485014,0,0,0,1,2,-4.5748584336605385,-5.4621334758038627,-0.040026899383419245,-4.5637298207098622,-5.4699727396385969,-0.036246845511370744
639089883383744353,nan,54.603020221511137,0.017001182396575047,0.0047310656651407754,0,0,0,1,2,-4.6037669556960594,-5.4421864559199182,-0.036246845510705991,-4.60205300803303,-5.4252718886393163,-0.040977911175846767
639089883384043718,nan,49.957724601966284,0.012789005081285405,0.003644712924320205,0,0,0,1,2,-4.6587156459592061,-5.3591795745057009,-0.040977911174920494,-4.6507412894305471,-5.3691779888261308,-0.037333198250600289
639089883384243612,nan,55.850232300778629,0.0129255951448316,0.0028244818672154212,0,0,0,1,2,-4.6829079629044372,-5.3321186778918195,-0.037333198249454476,-4.6917802937315267,-5.3227190632431878,-0.040157680116669897
639089883384527383,nan,45.044680617427417,0.0083651714134724414,0.0021692318520485712,0,0,0,1,2,-4.7495849306674964,-5.2572803087826383,-0.040157680115362221,-4.7419850320880599,-5.2607756820615679,-0.03798844826331365
639089883384744120,nan,65.214348068551118,0.0089178041475823349,0.0051637937814327517,0,0,0,1,2,-4.7800024283264966,-5.2138692317180473,-0.037988448261916052,-4.7727419061337475,-5.2190472668959149,-0.043152242043348804
639089883385043980,nan,77.141290759799702,0.010516206627850655,0.0066305682151960102,0,0,0,1,2,-4.8147858330990818,-5.1620055000051135,-0.043152242041955224,-4.8064704597939816,-5.1684432922226735,-0.036521673826759214
639089883385245668,nan,67.714924165173969,0.020463688273387036,0.0061849327220932018,0,0,0,1,2,-4.8287730438345262,-5.1349820472103742,-0.036521673825051879,-4.8403118000192915,-5.1180817619033476,-0.04270660654714508
639089883385546496,nan,65.58325844353223,0.012906261780039469,0.0096523866525276975,0,0,0,1,2,-4.8901322383438082,-5.0439406818368511,-0.042706606544761286,-4.8789333930082481,-5.0503560895624062,-0.033054219892233588
639089883385742428,nan,63.870403916944881,0.0018856408437103853,0.0065870062892734033,0,0,0,1,2,-4.9037496148104927,-5.0068391039476614,-0.033054219889503161,-4.9019009968696228,-5.0064672799299288,-0.039641226178776565
639089883386043914,nan,62.28954156523983,0.0093696481370166805,0.0084196590484536399,0,0,0,1,2,-4.9368564520957854,-4.9396708770793163,-0.039641226176292316,-4.9326097426122519,-4.9480228687444203,-0.031221567127838676
639089883386243657,nan,62.748776304095941,0.012993969483319559,0.0044732051504808683,0,0,0,1,2,-4.9527729442531339,-4.9096485744182221,-0.031221567125537874,-4.9532393553217666,-4.8966629784115501,-0.035694772276018742
639089883386544334,nan,44.186608392507907,0.012975310654637679,0.0071834559286426507,0,0,0,1,2,-4.9840495883651261,-4.8199572150742052,-0.035694772274117319,-4.9785997555764325,-4.8317325286224566,-0.028511316345474668
639089883386743930,nan,54.179582330609698,0.0069670773421286972,0.011030224239802405,0,0,0,1,2,-4.9952081251342051,-4.7892099779205513,-0.028511316343649659,-4.9916405875382326,-4.7832255947282309,-0.039541540583452064
639089883387044548,nan,52.862971912826552,0.010727444384873669,0.0042346328028737279,0,0,0,1,2,-5.0110418615816128,-4.7110602359349629,-0.039541540581750169,-5.0085124176770854,-4.7214852048348881,-0.035306907778876441
639089883387243642,nan,55.904423348905048,0.0082238814752156261,0.0050521060181888469,0,0,0,1,2,-5.0196090257212767,-4.6808785307809408,-0.035306907777022008,-5.0195947063700466,-4.6726546617720999,-0.040359013795210855
639089883387544684,nan,53.402283822837006,0.010537366398050507,0.0057239594226204255,0,0,0,1,2,-5.0362637552028877,-4.5992078558461058,-0.040359013793436462,-5.0323134451585352,-4.6089767422289158,-0.034635054370816036
639089883387744004,nan,60.514246488567622,0.016026994575057817,0.011232633407712189,0,0,0,1,2,-5.04069421218757,-4.5670174082524948,-0.034635054369510282,-5.0443305213075185,-4.5514083784590351,-0.045867687777222471
639089883388043920,nan,60.299977414276739,0.025807595982329241,0.0064831056055540681,0,0,0,1,2,-5.0622176286166463,-4.4657193566373774,-0.045867687775407395,-5.0500796112637625,-4.4884943548838807,-0.039384582169853327
639089883388244221,nan,54.57063895541711,0.0099620213097454721,0.0086089431762622695,0,0,0,1,2,-5.0538762931838637,-4.4469461207030632,-0.039384582168104733,-5.0555177122429358,-4.4371202562602603,-0.047993525344367002
639089883388546360,nan,50.26606849697027,0.012766304507757863,0.0074579999222219237,0,0,0,1,2,-5.0636334489070993,-4.3604503567153925,-0.047993525342518967,-5.0635458689543995,-4.3732163608097316,-0.040535525420297043
639089883388843636,nan,47.70072238174761,0.01156190033153953,0.0060319095323558905,0,0,0,1,2,-5.0713335229999732,-4.3112268596303878,-0.04053552541833344,-5.064144843262568,-4.3202822681197643,-0.03450361588597755
639089883389043578,nan,49.220115691925514,0.022683389018161373,0.0075614463334816376,0,0,0,1,2,-5.0645416435057555,-4.2852152200580447,-0.034503615883716268,-5.0615402962957514,-4.2627312690646306,-0.042065062217197906
639089883389243546,nan,53.374371539593255,0.010603613123648617,0.0074362131913036297,0,0,0,1,2,-5.0589778996571431,-4.2061116387003992,-0.042065062214840014,-5.0582659014622733,-4.1955319567653637,-0.049501275406143644
639089883389544290,nan,51.866576054147622,0.034546927232423856,0.010187466218252617,0,0,0,1,2,-5.0534063651423304,-4.0958013147991919,-0.049501275403999574,-5.0577707958340801,-4.1300714464875776,-0.039313809185746958
639089883389745124,nan,43.761597087429607,0.0064418521609772746,0.01002477294840208,0,0,0,1,2,-5.0574450898153414,-4.0870081465106214,-0.039313809183687376,-5.0519419657920972,-4.0836595519922181,-0.049338582132089456
639089883390043914,nan,40.651113436980907,0.010581084294025477,0.011794590847288747,0,0,0,1,2,-5.0433703693509102,-4.0154084575496318,-0.049338582129887211,-5.0377116052725501,-4.024349248003654,-0.037543991282598464
639089883390344514,nan,42.861639598177227,0.0053687322181794599,0.0046270426591224767,0,0,0,1,2,-5.0235435727305102,-3.9652987189721505,-0.037543991280180676,-5.0262929791922311,-3.9699100148571231,-0.032916948621058199
639089883390545976,nan,47.648465643079227,0.022335336807432292,0.002615137499798692,0,0,0,1,2,-5.0187011734208404,-3.9337154603209821,-0.032916948617657774,-5.0120513082955167,-3.9123930175876449,-0.035532086117456466
639089883390744100,nan,88.120447656142971,0.023149430563799488,0.010644223295934917,0,0,0,1,2,-4.9982053091188963,-3.8564739963849695,-0.035532086113922501,-4.993881483984552,-3.8337319500470564,-0.046176309409857418
639089883391043402,nan,64.598112076265352,0.035315240946891042,0.012199468527659227,0,0,0,1,2,-4.9666763987194065,-3.7159552994386233,-0.046176309406513162,-4.9767757711954639,-3.7497956439807054,-0.033976840878853935
639089883391243454,nan,49.658717624065055,0.013919308895070853,0.0034586070501905694,0,0,0,1,2,-4.9654387646912781,-3.6941658985532837,-0.033976840875143174,-4.9584415847764367,-3.7061986303027967,-0.037435447925333744
639089883391546070,nan,48.837264867895527,0.0063367580804875668,0.0037220074501083736,0,0,0,1,2,-4.930961693757772,-3.6408539699384392,-0.037435447923452839,-4.9355469734216237,-3.6452277227177916,-0.033713440473344465
639089883391744825,nan,103.48529692633198,0.024052414134600884,0.0030771623463364539,0,0,0,1,2,-4.9207044441719905,-3.6057004092734917,-0.033713440471676015,-4.9037636787709289,-3.5886261862068762,-0.036790602818012469
639089883392043656,nan,45.70726367313771,0.018690076829943988,0.006201903763051797,0,0,0,1,2,-4.8562083325264931,-3.5039368644632978,-0.036790602815657984,-4.8735758362576025,-3.5108425712380682,-0.030588699052606187
639089883392344053,nan,56.790226127231485,0.016707254560137524,0.0020306605251221056,0,0,0,1,2,-4.843493284083185,-3.4333302530066137,-0.030588699051499631,-4.8516847808314738,-3.447891562561733,-0.028558038526377526
639089883392544142,nan,72.996657879325213,0.030943216063859025,0.016683675345239155,0,0,0,1,2,-4.8373099254651368,-3.4065545129187425,-0.02855803852565857,-4.821422039811198,-3.380001590107458,-0.045241713870897725
639089883392744144,nan,49.034503000381449,0.016106183141763663,0.0023723593309357069,0,0,0,1,2,-4.7915524246642649,-3.3129935372616686,-0.045241713869958351,-4.7793618489907024,-3.3024674268621346,-0.047614073200894058
639089883393043629,nan,128.99548491479334,0.0506801885646063,6.2770158436614709e-05,0,0,0,1,2,-4.7168542482296765,-3.1872403100341899,-0.047614073200099194,-4.7510366402520576,-3.2246574930998926,-0.047676843358535809
639089883393243570,nan,38.964289887547217,0.019900515385955393,0.0042437134472208884,0,0,0,1,2,-4.7322464059455873,-3.1730403311487176,-0.04767684335822138,-4.7145464213279142,-3.1821365422918686,-0.051920556805442268
639089883393544085,nan,61.573023916743068,0.011124080855269744,0.0034863234502459928,0,0,0,1,2,-4.6601429534450016,-3.1187418231085124,-0.051920556805154769,-4.6658435217688332,-3.1282942414232591,-0.048434233354908776
639089883393843834,nan,67.447680884612723,0.0079484537330277143,0.0012035616000110327,0,0,0,1,2,-4.6177432955493698,-3.0751182113428559,-0.048434233354375869,-4.6216486953472753,-3.0681953673344586,-0.047230671754364836
639089883394043417,nan,44.549603123803088,0.025980525095096497,0.0036681601605582509,0,0,0,1,2,-4.5925479252759853,-3.0286223299902391,-0.047230671753957301,-4.5816138379348592,-3.0050546950169634,-0.050898831914515552
639089883394243529,nan,39.486433008262331,0.014632672121739895,0.0034338514511411886,0,0,0,1,2,-4.5419740961977899,-2.9425371763959483,-0.050898831914260673,-4.5348861649542069,-2.9297357575640928,-0.054332683365401861
639089883394544210,nan,49.013790914464586,0.043723237897404628,0.0052320232422589028,0,0,0,1,2,-4.4653557920735594,-2.8176618306591381,-0.054332683365205366,-4.4785022527705332,-2.8593618558794658,-0.049100660122946463
639089883394744237,nan,53.121377456056912,0.0078961721606343686,0.0038114936334989746,0,0,0,0,0,-4.44141145667529,-2.8130680827672303,-0.049100660122814041,-4.4340406875781566,-2.8159002723278213,-0.052912153756313016
639089883395043889,nan,45.904222871680595,0.013504836857889365,0.003476168147292652,0,0,0,1,2,-4.3683322099383437,-2.7516696390013151,-0.052912153756000065,-4.3809430142066681,-2.7565016400634237,-0.049435985608707413
639089883395344390,nan,42.05261420788397,0.0047727840027436477,0.0081054689186157505,0,0,0,1,2,-4.3285143159635924,-2.6978513684167997,-0.049435985608226658,-4.325654912889128,-2.6940299444420766,-0.041330516689610908
639089883395545671,nan,47.653970895891952,0.028109998314694021,0.0045784313681834984,0,0,0,1,2,-4.2889237354035323,-2.6525262775587679,-0.041330516689400416,-4.2689203018722495,-2.6327769825786516,-0.045908948057583915
639089883395843792,nan,47.384678220794427,0.021151909799735504,0.0046087369489778707,0,0,0,1,2,-4.1855580593278718,-2.5427757615973139,-0.045908948057122555,-4.1923139625247545,-2.5628197397496293,-0.041300211108144684
639089883396043796,nan,45.853307366644067,0.012815938164459284,0.0054206146141742087,0,0,0,1,2,-4.1412937606578044,-2.5162278691343065,-0.041300211107802687,-4.1307390623344347,-2.5089583014485428,-0.046720825721976895
639089883396243236,nan,45.481505326020404,0.012517227499431518,0.0045757398957429821,0,0,0,1,2,-4.0698829143147908,-2.4557255775355422,-0.04672082572174422,-4.082384961310896,-2.4551092941756334,-0.051296565617487203
639089883396544763,nan,60.670106490081537,0.020446337144120669,0.0039768158368963316,0,0,0,1,2,-4.0099541845999935,-2.3744475645740595,-0.05129656561710446,-4.0160497917937814,-2.3939641287068696,-0.047319749780208128
639089883396844309,nan,56.154236745956347,0.0070356947717040179,0.0030318297129622515,0,0,0,1,2,-3.9506888615619653,-2.3337169789172605,-0.047319749779644218,-3.9476294590109302,-2.3400526759547855,-0.044287920066681967
639089883397043450,nan,41.631739300168093,0.018270053263791195,0.0054143334580822877,0,0,0,1,2,-3.9024977363797531,-2.3044913649630225,-0.044287920066301702,-3.8896237036969898,-2.2915277956727031,-0.049702253524383989
639089883397345036,nan,52.691151331631794,0.010258119801140062,0.0042108972687882884,0,0,0,1,2,-3.8023038981371911,-2.2184801629315838,-0.049702253523931615,-3.797658815570466,-2.2276263222240327,-0.045491356255143327
639089883397544592,nan,45.186724039358118,0.0086603795830825,0.0076356709826554126,0,0,0,1,2,-3.7373185712554595,-2.1856991193694291,-0.04549135625480457,-3.7297940249381534,-2.1814115352895787,-0.053127027237459983
639089883397743968,nan,99.061445678017122,0.0069898683836945395,0.0031744235065974333,0,0,0,1,2,-3.6625693392851524,-2.1356326491360589,-0.053127027237200738,-3.6587944075437044,-2.1297497799067813,-0.056301450743798172
639089883398043717,nan,113.70657792462819,0.037888135223367231,0.0027548321225488448,0,0,0,1,2,-3.552985978904482,-2.0527599402654051,-0.056301450743355463,-3.5816294369275856,-2.077560406051008,-0.053546618620806619
639089883398344120,nan,168.76382862304956,0.022179110481513446,0.003691575460847217,0,0,0,1,2,-3.5049638386087896,-2.025708775180298,-0.053546618620027811,-3.5248746345575763,-2.0354798112787349,-0.049855043159180594
639089883398544374,nan,136.53141131467058,0.04650143011876294,0.0021813986769744984,0,0,0,1,2,-3.487336707547287,-2.0076474829268021,-0.049855043158624386,-3.4468640124374139,-1.9847489250326147,-0.052036441835598884
639089883398843662,nan,148.54340743637903,0.020257601857278824,0.0045364271081579088,0,0,0,1,2,-3.3312470513163999,-1.9095623575711009,-0.052036441835148765,-3.33822184235561,-1.92858136708704,-0.047500014726990857
639089883399043536,nan,143.25777645820025,0.0041447857872952461,0.0043179948889858141,0,0,0,1,2,-3.2664714458618911,-1.8914867053213147,-0.047500014726568708,-3.2633209977476323,-1.8887933939947266,-0.051818009615554522
639089883399343744,nan,152.06570151512824,0.0066332452070760372,0.0035476790656689475,0,0,0,1,2,-3.1517082175071538,-1.8295037248299888,-0.05181800961514578,-3.1450807336621711,-1.8297801300790177,-0.048270330549476832
639089883399543922,nan,127.3258353297699,0.023811538800452087,0.0048037975210145009,0,0,0,1,2,-3.066837341489288,-1.7907291520752699,-0.048270330549093167,-3.0437681752880033,-1.7848297494934031,-0.053074128070107668
639089883399843339,nan,139.31247776553076,0.028037480441278136,0.0034658294109123078,0,0,0,1,2,-2.8932975145492534,-1.7180688900726397,-0.053074128069710597,-2.919348245526511,-1.7284351683365882,-0.049608298658798289
639089883400043583,nan,157.69074190890328,0.056373401087933296,0.0060314723984607119,0,0,0,1,2,-2.8367305174358979,-1.6909878543835164,-0.049608298658445051,-2.8899163337585012,-1.7096755319363666,-0.055639771056905762
639089883400344113,nan,109.53716415178054,0.055955578754162197,0.0009527837805521841,0,0,0,1,2,-2.8459445461972592,-1.6816483092055181,-0.055639771056677716,-2.792547701314013,-1.6649209737862773,-0.0565925548372299
639089883400543586,nan,113.23748144193092,0.065979346554450896,0.0073706209207003506,0,0,0,1,2,-2.7284387814111457,-1.6354539235494565,-0.056592554836991722,-2.6649633246460986,-1.617450019522247,-0.063963175757692073
639089883400843757,nan,118.83340383863062,0.060845019535034857,0.0048584307980800781,0,0,0,1,2,-2.4746324236774564,-1.546632653549362,-0.063963175757460716,-2.5319906716776299,-1.5669340768632423,-0.059104744959380638
639089883401043400,nan,165.59366095177182,0.019509593727200531,0.0010057095031860142,0,0,0,1,2,-2.4445136040201247,-1.5337017810857618,-0.059104744959101209,-2.4255170070868042,-1.5292572842240937,-0.060110454462287223
639089883401344045,nan,136.04553816262379,0.055817039585274279,0.0029996138299443337,0,0,0,0,0,-2.2669518661627062,-1.4731473911594251,-0.060110454462248518,-2.3202917947648434,-1.4895910502650798,-0.057110840632304184
639089883401544596,nan,134.49219228305506,0.017340982691610819,0.0012786530098078397,0,0,0,1,2,-2.2505073890790084,-1.4632847639526751,-0.057110840632253516,-2.2344326323331458,-1.4567800059808447,-0.058389493642061356
639089883401845164,nan,144.31325962212065,0.015238798840675877,0.00028332838357689183,0,0,0,0,0,-2.1063531640726691,-1.4078344888575105,-0.058389493642046403,-2.1174064478465957,-1.4183247656851083,-0.058672822025623295
639089883402043589,nan,215.94703152577932,0.018749474354345746,0.0088623107267259554,0,0,0,1,2,-2.0404636864362655,-1.3930410875746611,-0.058672822025631052,-2.0227117324276795,-1.3870069416167548,-0.067535132752357008
639089883402344650,nan,117.69789632093585,0.021567209549017717,0.0012196675210373181,0,0,0,1,2,-1.8798019912850705,-1.3397432467953632,-0.067535132752436847,-1.9007020164859327,-1.34506616651433,-0.068754800273474165
639089883402544744,nan,107.95591644417327,0.0030284057578613076,0.00043617987079068443,0,0,0,0,0,-1.8199842796065777,-1.3173194873002743,-0.068754800273605268,-1.8206651377498351,-1.3143686105453067,-0.069190980144395953
639089883402843801,nan,104.92246690543983,0.016939355879492073,0.0039864962318022917,0,0,0,1,2,-1.7015621432094901,-1.2686875332879608,-0.069190980144701139,-1.7166415939125681,-1.2764045238999495,-0.073177476376503431
639089883403043698,nan,115.29990022805978,0.020926358447471292,0.0013892314413160578,0,0,0,1,2,-1.6471615423522308,-1.2510473153271768,-0.073177476376706518,-1.6281339893588993,-1.242337280599461,-0.071788244935390461
639089883403343738,nan,115.21952475245432,0.032609166728447159,0.0062887949081874284,0,0,0,1,2,-1.4958549816243807,-1.1914220946923959,-0.071788244935666462,-1.5247029561412804,-1.2066257824357025,-0.07807703984385389
639089883403544107,nan,91.867615915195714,0.028622274428974574,0.0016395015197708251,0,0,0,1,2,-1.4558209058396383,-1.1828429666178675,-0.078077039844083262,-1.4287088685639089,-1.1736684351177313,-0.076437538324312437
639089883403843207,nan,94.252855329372835,0.027009430856995992,0.0028277863528151093,0,0,0,1,2,-1.2860836460540115,-1.1247013673202177,-0.076437538324517912,-1.3120987506092763,-1.1319624753759823,-0.079265324677333021
639089883404043472,nan,90.133921544260048,0.012749186252766661,0.0033407378816860123,0,0,0,1,2,-1.2342723550703452,-1.1041276307147763,-0.079265324677586124,-1.2252829172975763,-1.0950870688607071,-0.075924586795900112
639089883404343729,nan,71.648708682730074,0.032950805623091835,0.0043182331926499562,0,0,0,0,0,-1.0959292424257885,-1.0401435273062993,-0.075924586795977467,-1.1247151897280365,-1.0561786396889108,-0.080242819988627423
639089883404543802,nan,100.41271149064528,0.005806645332322175,0.0059707004393323299,0,0,0,1,2,-1.0580458876885415,-1.0303850985696377,-0.080242819988765604,-1.0632920052441559,-1.0278960464191087,-0.074272119549433274
639089883404843601,nan,83.828101004452208,0.01080081612869872,0.0040619323314746575,0,0,0,0,0,-0.97159168844994681,-0.98567220562682223,-0.07427211954961023,-0.96091571093908879,-0.98403478899272689,-0.078334051881084887
639089883405043491,nan,95.174832215905539,0.0078515517866057042,0.0037504289196088753,0,0,0,1,2,-0.89285390172843726,-0.95487494730322442,-0.078334051881282549,-0.88747525258506255,-0.94915506978266284,-0.074583622961673673
639089883405343805,nan,98.859430318926869,0.025674750721000658,0.0019146317778483968,0,0,0,0,0,-0.77756948242109269,-0.89695656110226407,-0.07458362296171904,-0.80089363928547697,-0.90768859404812852,-0.076498254739567437
639089883405544083,nan,99.989697504590836,0.022777335226432237,0.00076398937698703151,0,0,0,1,2,-0.74328153793528207,-0.88009646782628059,-0.076498254739599675,-0.72186588318769496,-0.87233910153678385,-0.075734265362612643
639089883405843650,nan,96.636139312139832,0.01305607013066414,0.00023907036638179391,0,0,0,0,0,-0.60438593573293331,-0.8197897602946147,-0.075734265362632863,-0.61556635096732448,-0.82653211021459172,-0.075495194996251069
639089883406043519,nan,100.53337300662879,0.0097154765702975755,0.0014925511185483881,0,0,0,1,2,-0.54504860549609524,-0.79614434003922929,-0.075495194996264753,-0.5373877885174001,-0.79016919416595244,-0.074002643877716365
639089883406343744,nan,96.079268072447547,0.034849831974665853,0.0017125871398387255,0,0,0,0,0,-0.42061750043289858,-0.73585624635098201,-0.074002643877711285,-0.45244184522803055,-0.75005912870010394,-0.075715231017550011
639089883406543570,nan,99.738868970114524,0.0061961140553904127,0.0023471963020956638,0,0,0,0,0,-0.39611976284650097,-0.72346477558543587,-0.075715231017539436,-0.40023657308867533,-0.71883404099820947,-0.0780624273196351
639089883406843567,nan,103.33605592508856,0.017064202869181529,0.00035183336127848908,0,0,0,1,2,-0.32213438027039554,-0.67211945221202063,-0.078062427319603486,-0.30531566328629417,-0.67500350813541798,-0.078414260680881975
639089883407043887,nan,75.448187545795435,0.015009289185433114,0.0012803906467576814,0,0,0,0,0,-0.24239273439028342,-0.64594831356826155,-0.078414260680848266,-0.22845838355902881,-0.64037044401407928,-0.079694651327605948
639089883407277191,nan,98.54782836964057,0.018485023500828202,0.0013594014865605381,0,0,0,1,2,-0.13980563255204809,-0.60042216037649654,-0.079694651327523722,-0.12259243113850081,-0.59368407526848366,-0.08105405281408426
639089883407544868,nan,90.197866825379123,0.034767773986489996,0.0021511777613650584,0,0,0,1,2,-0.0023683934881880003,-0.54066586095599889,-0.081054052813837346,-0.033155416904329243,-0.55682003370329924,-0.083205230575202405
639089883407844848,nan,84.835216825243378,0.049606358918395453,0.0066442601594351863,0,0,0,1,2,0.066193384547735004,-0.51587056353660798,-0.083205230574893943,0.019242551838364833,-0.53188337568930022,-0.076560970415458757
639089883408043732,nan,82.212365365066546,0.03839051310879453,0.0017040165581353461,0,0,0,1,2,0.053707515742784477,-0.51548119371599299,-0.076560970415220878,0.090609983125233329,-0.50489632726223821,-0.078264986973356224
639089883408344156,nan,84.962691537134333,0.011923410068056018,0.0011023493383284094,0,0,0,1,2,0.19759717708233665,-0.46443993794944144,-0.078264986973002548,0.20865214404757867,-0.45997278974858363,-0.077162637634674139
639089883408544069,nan,78.011539942940601,0.0048479866703344497,0.0028779332215623232,0,0,0,1,2,0.28652424226791517,-0.43033685206044142,-0.077162637634192538,0.29089765559312047,-0.42824490783492841,-0.080040570855754861
639089883408843487,nan,68.783415234849912,0.05537625249220015,0.0040022167515115364,0,0,0,1,2,0.41309849500837315,-0.3811034440655679,-0.080040570855505686,0.36107894029004634,-0.40009015697188494,-0.076038354103994149
639089883409044889,nan,73.883644603288104,0.020046352919261316,0.0013377567699809079,0,0,0,1,2,0.40784597647625626,-0.38132854184739928,-0.07603835410369672,0.42788214207015007,-0.38196755175158098,-0.077376110873677628
639089883409344261,nan,87.024073050662068,0.0089558872121634232,0.0046951651236733782,0,0,0,1,2,0.52629635943473008,-0.35526940013851477,-0.07737611087347758,0.5173645515623837,-0.35592569571863369,-0.072680945749804202
639089883409543312,nan,79.893565219649261,0.018946583222015586,0.0028867041796258458,0,0,0,0,0,0.57628355673586507,-0.33877863565354405,-0.072680945749687892,0.593793480740332,-0.33154153836619499,-0.075567649929313738
639089883409843654,nan,92.908124106828964,0.022287245683208699,0.0050017239203814651,0,0,0,1,2,0.70839174010141681,-0.29497970217887703,-0.075567649929163455,0.6876454029218757,-0.30312284738060929,-0.07056592600878199
639089883410043260,nan,95.652506922377185,0.020924908094038568,0.0043823579312514266,0,0,0,0,0,0.749744578539564,-0.28431899934726823,-0.070565926008752888,0.77059197669010748,-0.28251961914934537,-0.074948283940004315
639089883410345148,nan,97.249640436473427,0.04203017756960372,0.00013286184320894512,0,0,0,1,2,0.89520912586436241,-0.25156577200020624,-0.07494828393997735,0.85459739300239279,-0.26239272819668347,-0.074815422096768405
639089883410544082,nan,78.791659512200894,0.00717252006342091,0.0032724973074133717,0,0,0,0,0,0.90982886280614772,-0.24915979847983086,-0.074815422096739734,0.91639306583821833,-0.2462690749347767,-0.078087919404153106
639089883410843495,nan,78.719084403329944,0.0056911800929118081,0.0026683824610281154,0,0,0,1,2,1.0089689734003824,-0.22211427953503626,-0.078087919404151621,1.0038976293060202,-0.22469710742836049,-0.080756301865179736
639089883411043015,nan,74.616604610578932,0.017742875016234189,0.0027995025968824555,0,0,0,0,0,1.0618932702191246,-0.21039979501731557,-0.08075630186518426,1.0792258237855277,-0.20660608961105695,-0.083555804462066716
639089883411344297,nan,72.826943336535805,0.029829810618909536,0.0035878493066368589,0,0,0,0,0,1.1923028795026995,-0.17944920573985126,-0.083555804462070143,1.1633782596511109,-0.18674193965801189,-0.087143653768707002
639089883411543821,nan,67.151303010768544,0.00052297943881535831,0.00012046444873872741,0,0,0,1,2,1.2187213399869421,-0.17367822694017265,-0.087143653768708737,1.2182447603731921,-0.17389358562976168,-0.087264118217447464
639089883411844088,nan,69.308270237979343,0.0043962816350155655,0.001518681521401527,0,0,0,0,0,1.3003256267193388,-0.15467231188564712,-0.087264118217445535,1.3042331118510366,-0.1526576525695503,-0.085745436696044008
639089883412043432,nan,79.686737568826459,0.020737861941578263,0.00052407013252427082,0,0,0,0,0,1.3610122420061403,-0.13863531365424406,-0.085745436696047186,1.3807696799188358,-0.13233431650824057,-0.085221366563522916
639089883412344039,nan,81.313583557858962,0.024231503438496081,0.0017943990057565085,0,0,0,1,2,1.4954750494315867,-0.10187572878349073,-0.085221366563574152,1.4714415663369858,-0.10496724123395526,-0.087015765569330661
639089883412544077,nan,74.92987233390059,0.0096333661909972553,0.0017105529920212192,0,0,0,0,0,1.5314715240136092,-0.086848677306962066,-0.087015765569336836,1.5254629209929698,-0.094378513554199558,-0.085305212577315617
639089883412843532,nan,95.182830610263238,0.0062694310809671616,0.00084601453956727191,0,0,0,0,0,1.6060072950926998,-0.078591007874092775,-0.085305212577315659,1.600819361089119,-0.075070907470199774,-0.084459198037748387
639089883413043565,nan,114.25578278739222,0.018352870040347122,0.00085045063390348785,0,0,0,1,2,1.6510037135194304,-0.062212819865891861,-0.084459198037751176,1.6685349141110783,-0.056782824973327553,-0.083608747403847689
639089883413343920,nan,77.981765503893541,0.028075896078662441,0.00078180152566839634,0,0,0,1,2,1.7697066461920357,-0.029459161500506283,-0.083608747403875597,1.7436205225927714,-0.039840399200499657,-0.084390548929543993
639089883413543943,nan,80.913473621968933,0.0183624609787339,0.00088093664402691396,0,0,0,0,0,1.7933924646233645,-0.028609785898239266,-0.084390548929552903,1.8096909369149199,-0.020151667067380488,-0.085271485573579817
639089883413843345,nan,73.440187014175081,0.01696808616038251,0.0025604196629436943,0,0,0,0,0,1.9079726020686101,0.0091358952804652081,-0.085271485573577471,1.89302345907988,0.0011085001955907178,-0.082711065910633777
639089883414043298,nan,93.035377646860439,0.010783232849755426,0.00030898395271590495,0,0,0,1,2,1.9485293676051458,0.01526941683020719,-0.08271106591063182,1.9589305121141545,0.018114465791958797,-0.082402081957915915
639089883414344131,nan,105.75474261552479,0.023319752044724345,0.0006605794005743737,0,0,0,0,0,2.0574393334702874,0.043532650186426741,-0.082402081957924492,2.0344801358058655,0.039447790576424287,-0.083062661358498865
639089883414527697,nan,113.18228842609311,0.011693332892029534,3.429139984634233e-05,0,0,0,0,0,2.0803205712825341,0.052391983419470795,-0.083062661358506137,2.0913744644826187,0.056205837014582247,-0.083028369958659795
639089883414843397,nan,122.44982808263805,0.023032718477852713,0.00060064136493896692,0,0,0,1,2,2.1886842521309182,0.084868130396449692,-0.08302836995866264,2.1676430110168026,0.075499443569702465,-0.083629011323601607
639089883415043451,nan,123.50027914878802,0.002563512832668092,0.00058872042302150762,0,0,0,0,0,2.2158501708426379,0.087694378665293865,-0.083629011323613264,2.2179942071109786,0.089099621179343905,-0.084217731746634772
639089883415343985,nan,143.43642992684741,0.010699149325538539,0.0013956526970167193,0,0,0,0,0,2.2933036104673747,0.10944116896318266,-0.084217731746643876,2.2850549915709162,0.10262705988046623,-0.085613384443660595
639089883415544336,nan,129.32082427438775,0.020365713241439185,0.0010673202232044793,0,0,0,0,0,2.3296232711212883,0.11161733153457004,-0.085613384443666007,2.3483617292915748,0.11959432728691652,-0.084546064220461528
639089883415843209,nan,101.75769846335338,0.022632364739121849,0.0042487923838439995,0,0,0,1,2,2.442385055479404,0.1447941555407771,-0.084546064220468425,2.4204642215854211,0.13916379364503223,-0.088794856604312425
639089883416043444,nan,78.015646782352704,0.020277471771935601,0.001575174263128476,0,0,0,0,0,2.4686024468715928,0.1522290754446953,-0.088794856604313424,2.4875351818979246,0.15949043935820054,-0.0903700308674419
639089883416344639,nan,75.192540420671477,0.023826074947115514,0.0017008203699725583,0,0,0,0,0,2.5877130217121569,0.18985051544368964,-0.090370030867435475,2.56542922685182,0.18141758392446178,-0.092070851237408033
639089883416543715,nan,78.476130206031158,0.0040374109552722059,0.0027317830380088476,0,0,0,1,2,2.6166091577013355,0.19582471534629015,-0.092070851237409587,2.6145664898453509,0.1923421594957862,-0.08933906819940074
639089883416843252,nan,75.949684471315507,0.0076220437694673442,0.00055182547576639041,0,0,0,0,0,2.6882065806323863,0.20871439286556245,-0.089339068199396146,2.6807865060782103,0.2104573916705382,-0.088787242723629756
639089883417043311,nan,65.621694952082834,0.022753213962704744,4.9555274023171947e-05,0,0,0,0,0,2.7248593879531873,0.22251402549811275,-0.088787242723624982,2.746925517441293,0.22806332050259517,-0.088836797997648154
639089883417343725,nan,52.818960297828426,0.013929576429653374,0.0049112198544953023,0,0,0,1,2,2.8455462051383273,0.25431573603131707,-0.088836797997646821,2.8320811774546328,0.25074836599347472,-0.083925578143151519
639089883417643338,nan,49.242881202347704,0.018484966347207143,0.0016603775846225632,0,0,0,1,2,2.9165740360828769,0.27325684448258414,-0.083925578143136531,2.8990707499562633,0.2673130278949632,-0.082265200558513968
639089883417843352,nan,43.200425916172811,0.024564102992927838,0.0024253140545209689,0,0,0,0,0,2.9437501045935326,0.27836099216619442,-0.082265200558495039,2.9675000260063684,0.28463286499106011,-0.07983988650397407
639089883418043361,nan,37.606072865137925,0.019032778296796588,0.0016169903368433852,0,0,0,1,2,3.0356265275965937,0.30187606815757784,-0.079839886503997912,3.0530315638257739,0.30957745527652825,-0.081456876840841297
639089883418343920,nan,36.278641747367253,0.041595568633364319,0.0020303420746480422,0,0,0,0,0,3.1809009179234069,0.34686953173571283,-0.08145687684088021,3.1408407055188849,0.3356726253755834,-0.083487218915528252
639089883418543866,nan,41.066484212657599,0.0077860315444806009,0.0014438789456041878,0,0,0,1,2,3.1990445189621384,0.35296966737974789,-0.083487218915579697,3.2064100661789756,0.35549375165096153,-0.084931097861183885
639089883418843328,nan,39.057330449161924,0.016357791057658801,0.001407408526948345,0,0,0,0,0,3.3041192128228443,0.38503049433673164,-0.084931097861188604,3.2882094733393341,0.3812281900547389,-0.086338506388136949
639089883419145240,nan,36.699299648409216,0.0064710969689602098,0.0035372463118188424,0,0,0,0,0,3.3705588536885887,0.40713565234273125,-0.086338506388164177,3.3657367083495595,0.40282032960729586,-0.089875752699983019
639089883419343527,nan,39.344175191294148,0.021575854292423681,0.0027517370097488864,0,0,0,1,2,3.4166218768418957,0.41699237713481291,-0.089875752700046538,3.43749057868505,0.42247095102127485,-0.092627489709795424
639089883419543726,nan,44.41400594829512,0.021199845815557762,0.0027190607450329612,0,0,0,0,0,3.5097034603278163,0.44224727795304458,-0.092627489709884381,3.528167831004712,0.45266363423101519,-0.095346550454917342
639089883419843360,nan,41.75196386713057,0.05605633715297545,0.00098563318081296147,0,0,0,0,0,3.6631805679048517,0.49761864433802128,-0.095346550454959406,3.6112175161453406,0.4765911816559375,-0.096332183635772367
639089883420043398,nan,42.527654497912074,0.0078054093206025672,0.0013472751103975472,0,0,0,1,2,3.6665027107606449,0.49251946740216013,-0.096332183635786231,3.674306017756634,0.49233831942812417,-0.097679458746183778
639089883420343618,nan,38.336187328393912,0.011656538942639842,0.0013275005396415213,0,0,0,1,2,3.7686411618310891,0.51588474187531075,-0.097679458746224801,3.7585371715074611,0.52169716646934305,-0.099006959285866322
639089883420643264,nan,40.765726916693005,0.0010976498916164758,0.0011921584859898582,0,0,0,0,0,3.8422863384668551,0.55088801656578024,-0.099006959285897408,3.8430677435420253,0.55165888710813082,-0.09781480079990755
639089883420842995,nan,43.811546622355088,0.02778475312370202,0.001359238958268616,0,0,0,1,2,3.8993549885174055,0.57160980745431944,-0.097814800800038543,3.9269915452730833,0.57447568198668653,-0.099174039758307159
639089883421042960,nan,54.583415878535995,0.016062601977116876,0.0026476207382942207,0,0,0,1,2,4.0106753661250094,0.59722723203146466,-0.099174039758477328,4.0235144704593964,0.60687941220829544,-0.10182166049677155
639089883421345181,nan,58.565121675099732,0.057348177427322428,0.00076188392067216837,0,0,0,1,2,4.1684456827422665,0.65553429802365804,-0.10182166049681235,4.1132805250589586,0.63986206678457047,-0.10105977657614018
639089883421544084,nan,67.542393643959201,0.0030568405572758599,0.0019538259193133262,0,0,0,1,2,4.1720304605139678,0.66144849871738787,-0.10105977657620115,4.1705442144283777,0.65877729173071031,-0.09910595065688782
639089883421843378,nan,101.50652979115877,0.0079372021966696588,0.00010555404170570215,0,0,0,1,2,4.2565449767115151,0.68718488792366139,-0.09910595065695281,4.2486092697886031,0.68733894747209656,-0.099000396615247108
639089883422043147,nan,88.101225649660861,0.030602928470981831,0.00023653656011454749,0,0,0,0,0,4.3006847574865592,0.70639180211148045,-0.099000396615296082,4.3302956445880456,0.71412061806627303,-0.098763860055181535
639089883422343738,nan,112.11511817464361,0.027418228671714652,0.0046262749090385108,0,0,0,1,2,4.4524512065986368,0.75417050436672939,-0.098763860055269728,4.4261584801794029,0.74639542874409026,-0.10339013496430824
639089883422643626,nan,110.11489897669215,0.029081012619342071,0.0013164704220154227,0,0,0,0,0,4.5212028305475815,0.77839467428284481,-0.10339013496431698,4.4928557204340338,0.77190262967604084,-0.1047066053863324
639089883422843530,nan,117.18894473782834,0.030407786375625235,0.0034147657798496017,0,0,0,0,0,4.5371488659373851,0.78884177375379994,-0.10470660538633811,4.5652228366927829,0.8005244805587628,-0.10129183960648851
639089883423043362,nan,117.11093176217354,0.021988686182667309,0.0047526219474224168,0,0,0,1,2,4.6371477257395668,0.82897142656795231,-0.10129183960649728,4.6589766558154899,0.83161720278303231,-0.096539217659074861
639089883423344185,nan,140.07357422173774,0.057646951959740872,0.00056431002994844492,0,0,0,1,2,4.7991830061104732,0.8781155443396027,-0.096539217659152479,4.7437385711956832,0.86233309499774558,-0.095974907629204034
639089883423543262,nan,164.02692424981259,0.010368146268351372,0.0021824271713270782,0,0,0,0,0,4.7995083861548062,0.88254287456012692,-0.095974907629255091,4.7894371093476762,0.88500617326635256,-0.098157334800582169
639089883423843424,nan,171.15262037505954,0.014331113587248116,0.0054151584849372186,0,0,0,1,2,4.8579656799195066,0.91900624650815077,-0.098157334800598628,4.84916218016886,0.9076978775368546,-0.092742176315661409
639089883424043293,nan,177.92416027001124,0.022387748042048173,0.0013570602308019125,0,0,0,0,0,4.8887167580389423,0.92272608547753221,-0.092742176315675551,4.907768351911808,0.93448397786084725,-0.094099236546477463
639089883424343825,nan,173.2800956732122,0.023604974867885459,0.0018651991354593916,0,0,0,0,0,4.9952836407745584,0.97448306392370532,-0.094099236546481543,4.9785239740272385,0.95786053676829719,-0.092234037411022152
639089883424643599,nan,204.81213900407633,0.010037573043336641,0.0029333342999908196,0,0,0,1,2,5.048653455995388,0.98103022869331369,-0.092234037411032713,5.0386176676066636,0.981219501029022,-0.095167371711023532
639089883424843460,nan,161.45985007255953,0.011327697616836553,0.00085659768501622491,0,0,0,0,0,5.078441804268035,0.99669950449656874,-0.095167371711019078,5.0892832512485047,0.99998275908129874,-0.094310774026002853
639089883425043354,nan,170.14210637353568,0.017454815690088783,0.0018211041525652283,0,0,0,0,0,5.1394894596097549,1.0185758942155509,-0.094310774026003741,5.1548672531507123,1.0268338634929617,-0.096131878178568969
639089883425343770,nan,164.74463459122916,0.044141314321687705,0.006985754942611222,0,0,0,0,0,5.2526063683507447,1.0668497684579086,-0.096131878178554314,5.2131757709619544,1.0470083063240547,-0.089146123235943092
639089883425545490,nan,178.1774185881099,0.0089713087889198521,0.003219956281219169,0,0,0,1,2,5.2520271926736699,1.0604506954577837,-0.089146123235928021,5.2431345829920053,1.0616363912179665,-0.09236607951714719
639089883425843563,nan,136.99525943264845,0.0060190707096634266,0.0041305270100356339,0,0,0,0,0,5.287050620093793,1.0830794150029133,-0.092366079517110372,5.2841612836427956,1.0777991738075827,-0.088235552507074738
639089883426143722,nan,150.92070781328638,0.0038783571129985274,0.0048006430920601167,0,0,0,1,2,5.325160120764191,1.0939509793466284,-0.088235552506937376,5.3244127910552574,1.0901453056609203,-0.083434909414877259
639089883426344299,nan,131.22478630722966,0.02172045107820891,0.0025121578728579258,0,0,0,0,0,5.3511021602810587,1.098331594640551,-0.083434909414735622,5.3725641126460602,1.1016726417403797,-0.085947067287593548
639089883426643133,nan,146.83084360404717,0.021988583595643655,0.0066608604575134345,0,0,0,1,2,5.4436757553599753,1.118696635633879,-0.085947067287014622,5.4223860053362838,1.1131971490695407,-0.079286206829501188
639089883426843463,nan,116.85630757156669,0.0042200937815057493,0.0021344990427653171,0,0,0,1,2,5.4554137025300422,1.12083692182449,-0.079286206828898642,5.4512280098192019,1.1202991783399907,-0.081420705871663959
639089883427043246,nan,110.096651746578,0.0058630833980213562,0.0037405874440663289,0,0,0,1,2,5.4795376473871995,1.1272701180596219,-0.081420705871043192,5.4843346308184175,1.123898961449084,-0.085161293315109521
639089883427343611,nan,104.84074980696947,0.013911205280166731,0.010007962342990812,0,0,0,1,2,5.5333820192392382,1.1292320324497938,-0.085161293314237052,5.5203556156955687,1.1243499792890415,-0.075153330971246241
639089883427643134,nan,93.371054271249761,0.0020040619870015691,0.0067377257051013661,0,0,0,1,2,5.5559323860124792,1.1247954351297331,-0.075153330970143095,5.5539411396060778,1.1250217141538126,-0.068415605265041729
639089883427845360,nan,88.254859570820614,0.0072471382865329122,0.0064910877797913769,0,0,0,1,2,5.5764610555727963,1.125472128824933,-0.068415605263883475,5.5836908188977823,1.1259736620828711,-0.074906693043674852
639089883428144401,nan,77.884064460786419,0.0036693941246501408,0.0078541739971140362,0,0,0,1,2,5.6273267733635102,1.127369951302625,-0.074906693042492645,5.6246404197593431,1.1248703598249239,-0.067052519045378609
639089883428343521,nan,62.225033875161351,0.0034413029649922266,0.0063501717103040395,0,0,0,1,2,5.651750192369132,1.1241399431003767,-0.06705251904390222,5.6518285852649024,1.1206995331464966,-0.07340269075420626
639089883428543909,nan,65.406315487172392,0.011413823402831685,0.0051543197986069628,0,0,0,1,2,5.6791069794884965,1.1165148648447991,-0.073402690752515834,5.6904310783244227,1.1150865265707188,-0.078557010551122797
639089883428843766,nan,59.123266964275729,0.018704532879869631,0.0061396970050471567,0,0,0,1,2,5.747707347992594,1.10675825415091,-0.078557010549628506,5.7292319243510041,1.1096768619556532,-0.072417313544581349
639089883429143827,nan,46.245860235281448,0.0089415168154486149,0.0068437236407738744,0,0,0,1,2,5.7678096333832958,1.1042983073916801,-0.072417313543143735,5.7588745275136768,1.1039597722241559,-0.065573589902369861
639089883429344294,nan,47.095711277161818,0.015862459328679211,0.0067244552945856101,0,0,0,1,2,5.7785970740326027,1.1001559373327481,-0.065573589900941198,5.793970156360067,1.0962462115486287,-0.072298045195526808
639089883429643698,nan,47.527754013275917,0.0055890506563829653,0.0079748020874359782,0,0,0,1,2,5.846169588891633,1.0847734582942947,-0.072298045193951652,5.840590064015986,1.0850996321768356,-0.064323243106515673
639089883429843547,nan,49.736400523880945,0.0049784800781643322,0.010112039969186498,0,0,0,1,2,5.8716405159830192,1.0776756293251988,-0.064323243104844496,5.8738843968580117,1.0732315025822354,-0.074435283074030995
639089883430144010,nan,36.314766150377373,0.0084020231837232048,0.0069931154892294289,0,0,0,1,2,5.923714931095402,1.0554688628890614,-0.074435283072016648,5.9162242058026777,1.0592745202788907,-0.067442167582787219
639089883430345784,nan,43.094053658640924,0.0081235039182137661,0.0075260559969354268,0,0,0,1,2,5.9445099541627275,1.0499503476116494,-0.067442167580880119,5.9520743205156066,1.0469886458054802,-0.074968223577815546
639089883430544365,nan,41.072690677594316,0.0090503663937120289,0.010647136548692648,0,0,0,1,2,5.9871799925139007,1.0349578926843412,-0.074968223575979154,5.9940067882879839,1.0290161764912376,-0.085615360124671802
639089883430843631,nan,54.653718891018443,0.025145910282573309,0.0076329399100350526,0,0,0,1,2,6.0567936628034857,1.0021054022030995,-0.085615360122761178,6.0333071931517104,1.0110888618504437,-0.077982420212726125
639089883431144036,nan,71.754626565459262,0.0018228959584854934,0.0047065853376125621,0,0,0,1,2,6.0725156667412392,0.99320348267783587,-0.077982420210927911,6.0730522289524931,0.99494562235906614,-0.073275834873315349
639089883431343870,nan,70.754695373591446,0.016333652422777303,0.0113168709016115,0,0,0,1,2,6.0993056262296292,0.98428228110982419,-0.073275834871423889,6.1132577247547717,0.97578951076011988,-0.08459270577303539
639089883431643793,nan,85.064137028591318,0.014489001203033005,0.0091727924360404806,0,0,0,1,2,6.1730512364073276,0.94730059004783396,-0.084592705771213167,6.1587320402498129,0.94951232630338289,-0.075419913335172686
639089883431843347,nan,85.507823261884042,0.0029589521372803567,0.008176841415684824,0,0,0,1,2,6.1887305926800655,0.93217776091051197,-0.075419913333215363,6.1883810718467727,0.92923952454530745,-0.083596754748900187
639089883432043452,nan,103.21385446754844,0.01222472465647954,0.0075774014580123755,0,0,0,1,2,6.2178573375752766,0.90908485306040199,-0.083596754746777108,6.2298696341937037,0.90681579535340895,-0.091174156204789483
639089883432344780,nan,95.338699008876787,0.024442799483157824,0.0087051558351218111,0,0,0,1,2,6.2918225809727106,0.87333148009572881,-0.091174156202823528,6.2677953789154053,0.87781968774146912,-0.082469000367701717
639089883432643154,nan,80.299928466221942,0.011199712696495268,0.0061848202781819434,0,0,0,1,2,6.304969824030989,0.84939798583698911,-0.082469000365221798,6.2941627233915822,0.85233739738588288,-0.076284180087039855
639089883432843347,nan,81.564761004243962,0.011384973873686642,0.0086140725922711631,0,0,0,1,2,6.3116253793295787,0.83546089814669067,-0.076284180084460126,6.3163776140510031,0.82511517945454482,-0.08489825267673129
639089883433144871,nan,70.783205752493188,0.0052605421521489401,0.011208682778226856,0,0,0,1,2,6.3496060929154812,0.78439686546221044,-0.084898252674241684,6.3473966816397409,0.78917094187018377,-0.073689569896014828
639089883433343702,nan,67.223482161501821,0.0068497438580210918,0.012429586467366777,0,0,0,1,2,6.3676725717036229,0.76567567053084939,-0.073689569893531634,6.3728841740773436,0.76123065178862503,-0.086119156360898411
639089883433544021,nan,70.93778214103952,0.0081459442541750669,0.004277112399752786,0,0,0,1,2,6.3981987682942991,0.73347989884773579,-0.086119156358290372,6.3966386059059976,0.72548475650289557,-0.090396268758043158
639089883433843587,nan,74.552200036152556,0.026415444236402831,0.0026828956586198577,0,0,0,1,2,6.4318369734128913,0.67251791780072423,-0.090396268755082845,6.4242251199082432,0.69781288529290109,-0.093079164413702703
639089883434145917,nan,72.999161068502687,0.010016127095080296,0.0076749187177963113,0,0,0,1,2,6.4518857844930526,0.67006663406625455,-0.09307916441110399,6.4429870808510765,0.67466401108767482,-0.085404245693307679
639089883434343650,nan,62.970788455625232,0.017463268870240731,0.011274906589645792,0,0,0,1,2,6.4551836674457697,0.6596156241054203,-0.0854042456907428,6.4558804662870823,0.6421662621970563,-0.096679152280388592
639089883434643391,nan,59.191599086695092,0.0088116005625021952,0.0096812655078061666,0,0,0,1,2,6.4753007723651299,0.59321742455966509,-0.096679152277837105,6.4698884723891572,0.60017093543138844,-0.086997886770030938
639089883434843795,nan,51.128100816850356,0.0054139550506138662,0.0087262412117950633,0,0,0,1,2,6.4792022412745363,0.57224870546438034,-0.086997886767856414,6.4793266072538112,0.56683617903088679,-0.095724127979651477
639089883435143735,nan,40.952226602107764,0.014253334157652037,0.0096427719376867144,0,0,0,1,2,6.4933751379604496,0.51721786401352277,-0.0957241279773587,6.4878740272391644,0.53036683033950638,-0.086081356039671986
639089883435345271,nan,41.650221387275998,0.0030542358626453794,0.0080217710947059762,0,0,0,1,2,6.4936032283515628,0.50592199980010077,-0.086081356037331372,6.4951866963352343,0.50331029808486671,-0.094103127132037348
639089883435643425,nan,41.514245843296742,0.0083362363431471916,0.010103501076651367,0,0,0,1,2,6.5059550781171023,0.46346779117203729,-0.094103127129508565,6.5005707593570534,0.4698319052391321,-0.083999626052857199
639089883435843473,nan,39.712627810335313,0.0073223559278075851,0.0085909941052431105,0,0,0,1,2,6.5041611756505118,0.44750650401982972,-0.083999626050279053,6.5047750495379839,0.44020992569956352,-0.092590620155522163
639089883436143439,nan,33.275218215039892,0.0064409319955135531,0.011661682095149214,0,0,0,1,2,6.5110370565125395,0.39608998285682911,-0.092590620153174777,6.5084081392569724,0.40196998277470425,-0.080928938058025562
639089883436343652,nan,30.162463464507457,0.0035771478021623788,0.010341360760508053,0,0,0,1,2,6.5108178190343233,0.37660699306611745,-0.08092893805575016,6.5095775920992427,0.37325172503688109,-0.091270298816258214
639089883436643487,nan,30.052075617802913,0.010741742044961001,0.0076137461859995953,0,0,0,1,2,6.5113172152219443,0.3305317936308188,-0.091270298814324469,6.5081292800412092,0.34078957562518358,-0.083656552628324873
639089883436843468,nan,26.447988604389892,0.0063606002862958587,0.0081462347447537886,0,0,0,1,2,6.5071658152435008,0.31919468656612815,-0.083656552626353645,6.5076534502939936,0.31285280608321475,-0.091802787371107433
639089883437143803,nan,26.71553955035106,0.0092108812408148028,0.004873796348547621,0,0,0,1,2,6.5069426036703479,0.27111779808786424,-0.091802787369186414,6.5071836464948261,0.28032552482084028,-0.086928991020638793
639089883437344079,nan,25.249695827917627,0.0063164503888474945,0.0059444795697559394,0,0,0,1,2,6.5068717912020473,0.25873394799801958,-0.086928991018826826,6.5049527432711027,0.25271607457350248,-0.092873470588582765
639089883437542941,nan,24.616845157097814,0.0073883476769288237,0.010360434105046959,0,0,0,1,2,6.5027496513102925,0.22545081392235966,-0.092873470586829016,6.4978811788574111,0.2198933273168234,-0.10323390469187597
639089883437843079,nan,21.605976735362894,0.016036358724655881,0.010239471718682183,0,0,0,1,2,6.4872689743181766,0.17063665834650785,-0.10323390468977768,6.4891187744273058,0.18656597222696461,-0.092994432971095498
639089883438145704,nan,20.930189199269467,0.011967063770403992,0.0040275791222656593,0,0,0,1,2,6.4803033564920396,0.15303698299374321,-0.092994432969223079,6.4860370645879524,0.16354103967465369,-0.088966853846957419
639089883438343958,nan,18.704842915102876,0.013010008692471334,0.0072965356463678133,0,0,0,1,2,6.4840155702327884,0.14843748560601766,-0.088966853845101265,6.4795199092356901,0.13622890835978013,-0.096263389491469079
639089883438643456,nan,21.623294024723965,0.0087964748919957501,0.0080109488761078845,0,0,0,1,2,6.4697170308949987,0.095146950659976082,-0.096263389489790754,6.4668436257970097,0.1034608855688121,-0.08825244061368287
639089883438843263,nan,18.801019955258578,0.0055002357370471594,0.0092244521309434169,0,0,0,1,2,6.4583956169367127,0.081622895892138156,-0.088252440612096431,6.4554066917198414,0.077005654376791424,-0.097476892743039847
639089883439043244,nan,18.809255593598969,0.0076268176076064011,0.0098345718331960819,0,0,0,1,2,6.4439526053188452,0.050510747456179915,-0.097476892741548873,6.443461988737595,0.042899726355834875,-0.10731146457474496
639089883439345884,nan,19.80668595913987,0.014664335074687495,0.0081344569923646193,0,0,0,1,2,6.4253229433640255,-0.0088930203369326014,-0.10731146457325379,6.4288984080075871,0.0053287508525272902,-0.099177007580889168
639089883439643231,nan,21.402159621333297,0.0051730675897961476,0.0024192151795496414,0,0,0,1,2,6.4144847950132808,-0.031855339431492331,-0.099177007580132759,6.4165231931392555,-0.027100808816529116,-0.096757792400583117
639089883439843425,nan,19.514763481360553,0.013204724310840002,0.011333201838754026,0,0,0,1,2,6.4081046767779117,-0.049161741218095169,-0.096757792400090178,6.4055504828379659,-0.062117081331053724,-0.1080909942388442
639089883440145227,nan,56.340063384545672,0.0066856767123776922,0.00034591816484576265,0,0,0,1,2,6.3889870296047455,-0.11497461390692687,-0.10809099423874555,6.3900909228703018,-0.10838070059534255,-0.10774507607389978
639089883440343628,nan,72.229868668323121,0.0032132787219581369,0.013583133297139907,0,0,0,1,2,6.3798200015384996,-0.13911702135620688,-0.10774507607385496,6.3778447943119572,-0.14165152654602273,-0.12132820937099487
639089883440643092,nan,35.494783237704468,0.0053512478196080298,0.00044889308635621961,0,0,0,0,0,6.359338837269453,-0.19192933253821656,-0.12132820937098791,6.362848855419708,-0.18789007198562277,-0.12177710245734413
639089883440843188,nan,39.705248445045889,0.0094934817580300847,0.0016577706266238806,0,0,0,1,2,6.3528065762689891,-0.21885448069414831,-0.12177710245733445,6.352374223548602,-0.22833811222511913,-0.12343487308395833
639089883441143552,nan,50.978773565051661,0.0063574461109916856,0.0039329664695528371,0,0,0,0,0,6.3366676606685592,-0.28898937856208951,-0.12343487308395563,6.3380276947088809,-0.2827791105756553,-0.1195019066144028
639089883441343565,nan,84.434610067092464,0.0065579226825588496,0.0057427362709277785,0,0,0,0,0,6.3283981394055049,-0.31932053535124372,-0.11950190661440538,6.3229297918480336,-0.3229404144792144,-0.12524464288533316
639089883441643153,nan,146.09394096035314,0.018499149546713708,0.012282703016964436,0,0,0,1,2,6.3002721548637179,-0.38321105292817143,-0.12524464288546722,6.3086566070888876,-0.36672107127761994,-0.13752734590243165
639089883441843121,nan,108.47220825885005,0.011024940919721914,0.00071887909594026134,0,0,0,0,0,6.2990510335746972,-0.3961845949741894,-0.13752734590261745,6.3000127227775211,-0.40716751244453991,-0.13680846680667719
639089883442143830,nan,144.27909180210182,0.017505753708909628,0.012543117654511965,0,0,0,1,2,6.2870094532252123,-0.4680123777828552,-0.13680846680707712,6.2929770366853335,-0.45155517994836675,-0.14935158446158908
639089883442343756,nan,127.24490940022113,0.0084305878064703643,0.00027168696928883684,0,0,0,1,2,6.2882566914602203,-0.4813355185834674,-0.14935158446200697,6.2897961038683068,-0.48962436773159623,-0.14962327143129581
639089883442643378,nan,119.51373650628555,0.0097732764918270505,0.0038339948445709759,0,0,0,1,2,6.28501629541912,-0.54682879042357291,-0.14962327143189066,6.2839621643128591,-0.53711252874551418,-0.15345726627646164
639089883442842998,nan,123.99158870444182,0.0069119686696356699,0.0035265187410509213,0,0,0,1,2,6.2800298687611127,-0.56912134243664947,-0.15345726627719225,6.2795468620961863,-0.57601641426018124,-0.14993074753614133
639089883443144992,nan,104.808045563305,0.019263639649950728,0.0070005659852422353,0,0,0,1,2,6.2728186999656623,-0.63529925298900547,-0.14993074753748892,6.2793101838330898,-0.61716231692576473,-0.15693131352273115
639089883443343926,nan,107.824621831812,0.0085908757592978394,0.0043001965304760026,0,0,0,1,2,6.2791529306894569,-0.64450036841024438,-0.15693131352492148,6.2828506107509572,-0.65225474191649713,-0.15263111699444548
639089883443643447,nan,98.178809012142622,0.014989717891603868,0.0099010674384239772,0,0,0,1,2,6.2882028891567314,-0.7053060921749269,-0.15263111699651574,6.291118725747161,-0.69060270686923009,-0.16253218443493972
639089883443843260,nan,102.094520812979,0.0069547088677286845,0.0090228014296981074,0,0,0,1,2,6.2966870562553483,-0.71642892521177126,-0.16253218443674028,6.298067884358626,-0.72324517705454106,-0.15350938300704217
639089883444101908,nan,106.23370814307557,0.0033119769311540695,0.000413460848557895,0,0,0,1,2,6.3071493650275823,-0.7659038611556338,-0.15350938300862338,6.3074195677486191,-0.76260292467002233,-0.15309592216006548
639089883444345391,nan,88.634528334417055,0.0055086446973444713,0.0038658016142201768,0,0,0,1,2,6.3163207190898696,-0.80006455092129314,-0.1530959221616045,6.3155172407712312,-0.79461481799269384,-0.14923012054738433
639089883444643259,nan,119.93676535413427,0.0079233211221748489,0.0073622217623436625,0,0,0,1,2,6.3254648599725014,-0.8339399579182506,-0.14923012054948484,6.3255686698041531,-0.82601731687350077,-0.1565923423118285
639089883444843057,nan,101.19743526877765,0.006457513786178982,0.0085337988251212582,0,0,0,1,2,6.3324894816467143,-0.84763919625288675,-0.15659234231390384,6.3382074732413196,-0.85063987224717785,-0.14805854348878258
639089883445143454,nan,98.215432796674449,0.0091434155878476302,0.010312208229182829,0,0,0,1,2,6.3574365454153305,-0.88810140068559751,-0.14805854349134076,6.353974093090736,-0.87963892631269658,-0.15837075172052359
639089883445343802,nan,91.371234109530135,0.008387934254702788,0.0085521025601127676,0,0,0,1,2,6.3645925526544618,-0.89916912910327162,-0.15837075172291531,6.3690689093684405,-0.90626276509833326,-0.14981864916280255
639089883445643153,nan,95.432897211728218,0.014492939523476854,0.0088735133102709474,0,0,0,1,2,6.3917328416131554,-0.94623681097149381,-0.14981864916468726,6.3808495469225948,-0.93666606425508903,-0.15869216247495821
639089883445842902,nan,67.601038456059541,0.016349283894519211,0.011340059599491498,0,0,0,1,2,6.3888748819569807,-0.95737773293702721,-0.15869216247680079,6.3992573007647957,-0.97000724059024612,-0.14735210287730929
639089883446143627,nan,43.03201923808588,0.01813343537856342,0.010191450251428064,0,0,0,1,2,6.4270344426086341,-1.0203187882261611,-0.14735210288016715,6.4216096366009969,-1.0030158128054989,-0.15754355313159521
639089883446344188,nan,52.182378210553296,0.0081452763750424796,0.0085444101814509676,0,0,0,1,2,6.4367258345273415,-1.0253384959706155,-0.15754355313462168,6.444146081917312,-1.028697879232088,-0.14899914295317071
639089883446643313,nan,47.10570764123559,0.013822183249165459,0.011766263037200242,0,0,0,1,2,6.4779792142327324,-1.0672534162455127,-0.14899914295673183,6.4661881295187875,-1.0600407141830339,-0.16076540599393208
639089883446843261,nan,56.802635942427763,0.0085820072754770917,0.0092015701755669699,0,0,0,1,2,6.4812400810148665,-1.0814439358782657,-0.16076540599713801,6.4827765559561499,-1.089887281994063,-0.15156383582157104
639089883447143276,nan,51.773832749306855,0.0087088137761523864,0.0085069785871690895,0,0,0,1,2,6.5077246570750731,-1.1347749146223904,-0.15156383582551658,6.5164331188323752,-1.1346966125834117,-0.16007081441268567
639089883447343604,nan,48.745724929367462,0.012726572325108571,0.014316253971828063,0,0,0,1,2,6.5389588340676505,-1.164686669038403,-0.16007081441670512,6.5487452064728728,-1.1728225499552136,-0.14575456044487706
639089883447643238,nan,53.806246397371673,0.016731084104997754,0.010685398762745824,0,0,0,1,2,6.5970893295835049,-1.2298651350867464,-0.14575456044919707,6.5853946200183469,-1.2179000632727075,-0.1564399592119429
639089883447843091,nan,80.66694008239277,0.0073286035917162701,0.009224509914978779,0,0,0,1,2,6.6099183392081899,-1.2480633911797965,-0.15643995921577281,6.6158286710454224,-1.2523965664795407,-0.14721544930079403
639089883448145256,nan,68.126384579162405,0.020007249423067062,0.014701194962965319,0,0,0,1,2,6.6619474551387556,-1.304671460214704,-0.14721544930497044,6.6584894667973105,-1.2849653102582248,-0.16191664426793576
639089883448443311,nan,68.465853528812474,0.0056246547904126283,0.0070633182690507945,0,0,0,1,2,6.7007790520620549,-1.3172506589658453,-0.16191664427016189,6.6989390214701112,-1.3119354892665767,-0.16897996253921269
639089883448643169,nan,68.649731223058723,0.01826770736045201,0.016402476739511868,0,0,0,1,2,6.7263109854828942,-1.3301860429551522,-0.16897996254023567,6.7373600264028326,-1.3447334766448666,-0.15257748580072381
639089883448842962,nan,51.40807995621681,0.011964985648233735,0.010727000385212432,0,0,0,1,2,6.7759252836395705,-1.3776546046139531,-0.15257748580157507,6.7798897768911619,-1.3889437000082052,-0.14185048541636264
639089883449143888,nan,45.071225764123689,0.034591306361981919,0.0010392664245084948,0,0,0,1,2,6.843665117120338,-1.4552389875241412,-0.14185048541675707,6.8224143295608766,-1.4279449862797078,-0.14081121899224858
639089883449347457,nan,47.85133227777709,0.012047847616540635,0.0072069495743475875,0,0,0,1,2,6.8511950114151956,-1.4543411160828261,-0.14081121899255408,6.863215961496187,-1.4551457224099811,-0.13360426941820649
639089883449643016,nan,48.128306612586677,0.016227001234283382,0.0017789952699659162,0,0,0,0,0,6.9223543889615273,-1.494570830778059,-0.13360426941824252,6.9083756545913992,-1.4863300447435333,-0.13182527414827661
639089883449843322,nan,47.991461197563389,0.0079149174453914447,0.0012455817209486852,0,0,0,1,2,6.9389696308621023,-1.5074562383046628,-0.13182527414827389,6.9451645700511939,-1.512382560118229,-0.1305796924273252
639089883450143932,nan,43.009070087410009,0.01308811761793236,0.008344201482779201,0,0,0,0,0,7.0000910358845703,-1.5512794011290925,-0.13057969242729936,6.9872260702647786,-1.5488728512371497,-0.12223549094452016
639089883450343093,nan,55.430759591098834,0.0098919254739926587,0.0026823155795649561,0,0,0,0,0,7.0149460664775489,-1.572921226270922,-0.12223549094449004,7.0241695010575231,-1.5764959212414,-0.124917806524055
639089883450643317,nan,69.471603585996746,0.015875918317497829,0.0048318139499463342,0,0,0,1,2,7.0793921081358562,-1.6177865623218051,-0.12491780652372966,7.0667006597195527,-1.6082486422382558,-0.12008599257378333
639089883450843420,nan,59.575694396927084,0.0086670162437371984,0.0030481450995303999,0,0,0,1,2,7.0947353231495915,-1.6291786350750013,-0.12008599257334748,7.0999598780432969,-1.6360939222513855,-0.12313413767287788
639089883451144482,nan,55.528058943314079,0.0156164313695933,0.0081644139254360981,0,0,0,1,2,7.1496805984432905,-1.6777210996707643,-0.12313413767247765,7.1357737531761574,-1.6706166937535019,-0.11496972374704155
639089883451343866,nan,54.166496588684637,0.011489777412690711,0.006158751482610067,0,0,0,1,2,7.1594323055896165,-1.6934223464791769,-0.11496972374666717,7.16191733934187,-1.704640171234598,-0.12112847522927724
639089883451643353,nan,62.898130124168176,0.013277626085025949,0.0043170419844933694,0,0,0,1,2,7.2008806222573867,-1.7553473072205659,-0.12112847522866776,7.1954073206377389,-1.7432502694081871,-0.1168114332441744
639089883451843262,nan,56.53217830471538,0.0091752396813869173,0.007757912246449894,0,0,0,1,2,7.217488651734568,-1.7687075055266577,-0.11681143324346598,7.2241698877871183,-1.7749960751590144,-0.12456934548991587
639089883452143786,nan,57.157730752628709,0.017330308760524844,0.0098684099533194736,0,0,0,1,2,7.2669934881722931,-1.8222613172467028,-0.12456934548871339,7.254265078458225,-1.8105000593256324,-0.11470093553539391
639089883452343535,nan,64.538016376344373,0.010515672551498654,0.0072405160440887906,0,0,0,1,2,7.2739960716283374,-1.8337771628588513,-0.11470093553406793,7.2796525670422918,-1.8426418923438528,-0.12194145157815672
639089883452643211,nan,62.373088476966139,0.016209530658218459,0.0082306714902622563,0,0,0,1,2,7.3174329517314609,-1.890473752987426,-0.12194145157675325,7.3027975556598461,-1.8835056782184036,-0.11371078008649099
639089883452843126,nan,49.433632084963612,0.0090603631542626444,0.0090483596557159457,0,0,0,1,2,7.3181545040909475,-1.9106192388575778,-0.11371078008508649,7.3193725588721739,-1.9195973524142806,-0.12275913974080244
639089883453143586,nan,69.576251189841003,0.014620516473628777,0.010258422713077336,0,0,0,1,2,7.3440820774213291,-1.9734017397552013,-0.12275913973914375,7.3378785908340252,-1.9601625458176237,-0.11250071702606641
639089883453443182,nan,67.530609389978352,0.0071501768444710307,0.0060003172224438323,0,0,0,1,2,7.356116306400307,-2.0001395900973726,-0.11250071702434664,7.3556278903290515,-1.9930061141810644,-0.1065003998019028
639089883453643391,nan,76.643621408463943,0.014176395543933231,0.009772585174613227,0,0,0,1,2,7.3674225012524737,-2.0148310380487451,-0.10650039980006301,7.3675266439641947,-2.0290070510606482,-0.11627298497467624
639089883453843309,nan,70.310930061792405,0.0096718998962503754,0.0076938398426361077,0,0,0,1,2,7.3793233449297411,-2.0646992168009004,-0.116272984972844,7.3823488490066449,-2.0738857271657629,-0.1239668248154801
639089883454143436,nan,97.556474098132938,0.027482204513623293,0.0061665696672594528,0,0,0,1,2,7.4043997983479493,-2.1406515970524937,-0.12396682481381316,7.394068714200646,-2.1151851433286248,-0.11780025514655371
639089883454342970,nan,114.16503295526196,0.0022014246937643181,0.011547443635353358,0,0,0,1,2,7.4018048001456727,-2.1424461934880457,-0.11780025514476049,7.4008725371705379,-2.1444404744179821,-0.12934769878011385
639089883454643144,nan,132.80372916478333,0.0057220748389526328,0.006630100716770157,0,0,0,1,2,7.411041308971015,-2.18816453765589,-0.12934769877833616,7.4081338235579652,-2.1832361840732544,-0.122717598061566
639089883454943805,nan,162.3014534685872,0.0033239435861492023,0.006305423145689687,0,0,0,1,2,7.4153419036182431,-2.2217476221670163,-0.12271759805931112,7.4123501890926278,-2.220299090095875,-0.11641217491362144
639089883455143937,nan,152.88348560700533,0.01465322698809537,0.0068375388714563279,0,0,0,1,2,7.4151269118998169,-2.2447071770152087,-0.1164121749111766,7.4171779693233688,-2.259216147502805,-0.12324971378263293
639089883455343560,nan,140.8592998407839,0.0071896436104047822,0.0087158093043960966,0,0,0,1,2,7.421934143361983,-2.297555982634385,-0.12324971378024617,7.4207287743365997,-2.3046438638944853,-0.13196552308464227
639089883455643283,nan,135.02468311454271,0.028369086043601027,0.0077537303551469955,0,0,0,1,2,7.4260095721840607,-2.372204483540556,-0.13196552308227552,7.4239138972797969,-2.3439129090059905,-0.12421179272712853
639089883455844856,nan,144.21369435025289,0.0021783524916518197,0.010082038772698768,0,0,0,1,2,7.4260358004567086,-2.3700736296633664,-0.12421179272493156,7.424094863812746,-2.3690846986637468,-0.13429383149763033
639089883456143335,nan,146.28643476282323,0.0072762310195396175,0.0059097401197044097,0,0,0,1,2,7.4243602076483475,-2.4059930656854962,-0.13429383149549867,7.4223391808940216,-2.3990031451775069,-0.12838409137579426
639089883456343920,nan,130.86719868295896,0.013321603246880252,0.0082884410933350139,0,0,0,1,2,7.4211704921552029,-2.4189186727199035,-0.12838409137359216,7.4182708760478198,-2.4319208778981452,-0.13667253246692718
639089883456643420,nan,114.37491229628395,0.0064641930865196396,0.0070551021911653411,0,0,0,1,2,7.4122528285990228,-2.4806144947505224,-0.13667253246490565,7.4117981047142552,-2.4741663152827633,-0.12961743027374031
639089883456943680,nan,137.0824303940762,0.014143046356489627,0.0089957165220875407,0,0,0,1,2,7.4053667478095733,-2.5161414556690724,-0.12961743027164735,7.404070462900691,-2.5020579402813286,-0.12062171374955981
639089883457143472,nan,171.37047958453135,0.014555116675493357,0.0098691847030122209,0,0,0,1,2,7.3989747079790638,-2.5204502116608256,-0.12062171374726428,7.38897518934274,-2.5310266500253715,-0.1304908984502765
639089883457344141,nan,149.97028003705162,0.0051099970331120589,0.0052530825323352515,0,0,0,1,2,7.3739666252721792,-2.5598289592094901,-0.13049089844784534,7.3743085575055893,-2.5649275033179753,-0.13574398098018059
639089883457643367,nan,166.42307621403751,0.025649679409976055,0.008105813109600013,0,0,0,1,2,7.3525875436103902,-2.6151340479155256,-0.13574398097802506,7.3696216283483862,-2.5959573430115719,-0.12763816786842505
639089883457843337,nan,148.1774698682112,0.0098048030353739754,0.008438920679933043,0,0,0,1,2,7.3665175433065579,-2.6165079547261105,-0.12763816786636836,7.358378191032469,-2.62197468200308,-0.13607708854630141
639089883458143692,nan,121.54927678498593,0.0091297840281786193,0.0091876340891056396,0,0,0,1,2,7.3416152148051159,-2.6607642463293044,-0.13607708854434297,7.3397985059005846,-2.6518170386555449,-0.12688945445523733
639089883458443385,nan,122.39684425850653,0.0011161830984955023,0.007442455271504389,0,0,0,1,2,7.3213250603934732,-2.6814887551302786,-0.1268894544536304,7.3224319452198712,-2.6816325281821936,-0.11944699918212601
639089883458643441,nan,111.92042202089333,0.011917337388428696,0.0090297798583638678,0,0,0,1,2,7.3109092307182451,-2.7014151080411595,-0.11944699918051818,7.3042818178142754,-2.7113196690425334,-0.12847677903888205
639089883458843281,nan,106.10938883485335,0.01025559098755419,0.0083879918398134523,0,0,0,1,2,7.2862921684912578,-2.7407443249441719,-0.12847677903712415,7.2801714884408826,-2.7489732022810229,-0.1368647708769376
639089883459144147,nan,108.45555457222125,0.024160235375786727,0.0069651500149472689,0,0,0,1,2,7.2442325100971958,-2.8050997484871791,-0.13686477087508758,7.2583159590427453,-2.7854688178110365,-0.12989962086014031
639089883459343563,nan,100.61740114454486,0.0051976674765880351,0.0081413905303324152,0,0,0,1,2,7.2439480668369427,-2.8094611476405911,-0.12989962085834877,7.2387562504897076,-2.8092145909254858,-0.13804101138868119
639089883459643374,nan,92.457489542772279,0.0057450724874914001,0.0068134448195128761,0,0,0,1,2,7.2095782451563695,-2.844637117426783,-0.13804101138667055,7.214945031540557,-2.8425868828565375,-0.13122756656715767
639089883459843506,nan,90.665482127718306,0.010676077722385829,0.0067950850382144934,0,0,0,1,2,7.199175440251409,-2.8646885402835962,-0.13122756656500362,7.1921032453377132,-2.8726862083585489,-0.13802265160321811
639089883460143809,nan,74.373075921056071,0.010421604795630193,0.010420914085745803,0,0,0,1,2,7.1581559555204706,-2.9174195981664393,-0.13802265160127461,7.1645228430362522,-2.9091689866813621,-0.12760173751552881
639089883460443296,nan,86.881725840041284,0.0067313659463845198,0.005280889880112799,0,0,0,1,2,7.137205249885306,-2.9453041265660329,-0.12760173751363077,7.139943400480032,-2.9391548323931422,-0.12232084763351797
639089883460642864,nan,78.680928199320562,0.026612135572815176,0.0086462957955724395,0,0,0,1,2,7.1237051400743701,-2.9589648004198041,-0.12232084763193884,7.0982035480648475,-2.9665723338391032,-0.13096714342751128
639089883460943475,nan,75.599543550881506,0.02232192925213753,0.0066775189912053751,0,0,0,1,2,7.0360256131075678,-3.0074149224673734,-0.13096714342550747,7.0580966637707458,-3.0040776708794854,-0.1242896244343021
639089883461143748,nan,69.833297127437547,0.0051741744298703044,0.0064251215670294431,0,0,0,1,2,7.0316052097980872,-3.0288507473081734,-0.1242896244320756,7.0356960301404525,-3.0320189123855035,-0.13071474599910504
639089883461343893,nan,61.30889726678209,0.0095518659932617312,0.006922537216361685,0,0,0,1,2,7.0135701861592326,-3.0596173973394154,-0.13071474599714747,7.0041783946052298,-3.0613587747710462,-0.13763728321350915
639089883461643410,nan,67.898108992898187,0.015253109934708882,0.011343495878209653,0,0,0,1,2,6.9576082792531579,-3.1047110362115227,-0.13763728321069074,6.9656363026789849,-3.09174152571364,-0.12629378733248109
639089883461943769,nan,58.912164224908196,0.013500339359789336,0.0094147742638673315,0,0,0,1,2,6.9272582957334636,-3.1219949283813064,-0.12629378733030208,6.938122400136284,-3.1139805414207151,-0.11687901306643475
639089883462143498,nan,53.645841959535502,0.012646783985857593,0.010404170463744755,0,0,0,1,2,6.9199939287661749,-3.1286334740215853,-0.11687901306454074,6.9086750469258753,-3.1342747557084256,-0.12728318352828549
639089883462444889,nan,58.587105360088337,0.0044902233528446881,0.008983452604730241,0,0,0,1,2,6.864652004962978,-3.1646140884426193,-0.12728318352663676,6.8601690887984121,-3.1643580251303196,-0.11829973092190652
639089883462643338,nan,52.675023230718011,0.011013898887625793,0.0069725789727158871,0,0,0,1,2,6.8287337379731126,-3.183854148179043,-0.11829973092030188,6.8181561822547359,-3.1869235591537222,-0.12527230989301777
639089883462843206,nan,55.877198230320694,0.0046397154488498115,0.0055547115969381,0,0,0,1,2,6.7763420754591817,-3.2093823159305797,-0.12527230989041407,6.7781880108799699,-3.2136390144010583,-0.13082702148735217
639089883463143187,nan,58.548603349648836,0.0083132109292709342,0.0072805096975446515,0,0,0,1,2,6.7189627910759757,-3.253226232298803,-0.13082702148546221,6.72347700377449,-3.2462454472665074,-0.12354651178791756
639089883463442899,nan,66.820516144641687,0.02129470807655974,0.0038707379429758493,0,0,0,1,2,6.6693224968147415,-3.2785202195466114,-0.12354651178640622,6.6836792350956618,-3.2627928975241227,-0.11967577384343037
639089883463643636,nan,52.860929514322379,0.015123654139795559,0.0053604737371043404,0,0,0,1,2,6.6572401167498683,-3.273785976035958,-0.11967577384204746,6.6423945978593943,-3.276673099762565,-0.1250362475791518
639089883463943500,nan,72.520226494993878,0.0091492061958410101,0.0064794432289715792,0,0,0,1,2,6.582034666318707,-3.2969665578857064,-0.12503624757793044,6.591175736145912,-3.2973523252095926,-0.11855680434895886
639089883464146730,nan,49.725667782112282,0.021436565961791325,0.0067915447919402044,0,0,0,1,2,6.5569310889291765,-3.3111783407917077,-0.1185568043476959,6.5364486899651126,-3.3175027137180257,-0.12534834913963611
639089883464443263,nan,50.200232516368771,0.010049729645280754,0.0037776987521157684,0,0,0,1,2,6.4571947193901611,-3.3466838665367851,-0.12534834913801679,6.4664511138243794,-3.3427702712560481,-0.12157065038590102
639089883464643115,nan,39.214398676035138,0.0090130850201506508,0.009115851506470346,0,0,0,1,2,6.4197151199100189,-3.3596409185046543,-0.12157065038442022,6.4238290368380397,-3.3516214803017745,-0.13068650189089057
639089883464943919,nan,38.477011714350148,0.0075869299681874868,0.0067928682124392542,0,0,0,1,2,6.3600340470954118,-3.3648696096799591,-0.13068650188961389,6.3675522279538921,-3.3658886596892135,-0.12389363367717464
639089883465143440,nan,51.006254288993858,0.0056341842542241404,0.0078528324344462191,0,0,0,1,2,6.3304855489293734,-3.3752857269612422,-0.12389363367587571,6.324940103680647,-3.3742897002528029,-0.13174646611032192
639089883465443242,nan,43.728186767570911,0.0076960064862974633,0.0064108581439369927,0,0,0,1,2,6.2615315992081575,-3.3867907765834282,-0.13174646610894242,6.2542092753936966,-3.3891597615545312,-0.12533560796500542
639089883465643006,nan,47.819203705109508,0.018175425124051164,0.010796882319780682,0,0,0,1,2,6.2076277070258383,-3.3989528149364396,-0.12533560796375895,6.1899419675835112,-3.4031433636854826,-0.13613249028353963
639089883465943799,nan,43.048335124248929,0.029896588654037385,0.0059399320169224168,0,0,0,1,2,6.0943772977765303,-3.4239368023075496,-0.13613249028224036,6.123071290445683,-3.4155427092742716,-0.13019255826531795
639089883466143107,nan,39.786027330033178,0.0090815023780824542,0.0028774510183942337,0,0,0,1,2,6.0793559480291544,-3.4236485287657894,-0.13019255826308293,6.0758547830538898,-3.4152690580629885,-0.13307000928147716
639089883466443039,nan,42.943954925371074,0.0083920237258040282,0.011717885477066217,0,0,0,1,2,6.0053066003455076,-3.414860184202587,-0.13307000927975415,6.0135970783374564,-3.4161617359224468,-0.12135212380268794
639089883466642859,nan,44.167574855182075,0.018779241578693082,0.0094212432464905876,0,0,0,1,2,5.972465161662126,-3.4167515031086992,-0.1213521238013948,5.9537157610189002,-3.4178097515628525,-0.13077336704788539
639089883466943458,nan,39.613939041507756,0.0069563435706090655,0.004254400401372288,0,0,0,1,2,5.864993656467635,-3.4202515050595625,-0.13077336704682557,5.8719199884254101,-3.4196060273426285,-0.12651896664545328
639089883467143241,nan,34.310577658849887,0.010807789840818439,0.009129060442544662,0,0,0,1,2,5.8180412357567421,-3.420789231503365,-0.12651896664435158,5.8081843257715544,-3.4163564392922181,-0.13564802708689624
639089883467389738,nan,41.045240587862267,0.0018701890166238049,0.0049347880328514115,0,0,0,1,2,5.7301218924736386,-3.4123763951557269,-0.13564802708594387,5.7287270687686984,-3.4136222176912581,-0.14058281511879528
639089883467642748,nan,42.474340323880085,0.019344493031136299,0.0030497678434618092,0,0,0,1,2,5.6478890738104663,-3.4108404832049399,-0.1405828151180939,5.6672020150524833,-3.4119448885716781,-0.1436325829615557
639089883467864096,nan,31.78153580886471,0.014894296211444835,0.0055015761489509429,0,0,0,1,2,5.6139507096383454,-3.4104931228302164,-0.14363258296093173,5.5995597227755969,-3.4066539097923063,-0.14913415910988267
639089883468143372,nan,32.640527253535815,0.0038573022668443213,0.0012728279982013035,0,0,0,1,2,5.5153307695585836,-3.4000655227184962,-0.14913415910929759,5.5190860478548824,-3.4009468091050636,-0.15040698710749889
639089883468443109,nan,31.361896892342827,0.013463494599580784,0.001136433427724709,0,0,0,1,2,5.4335902465075554,-3.3948835449741983,-0.1504069871072479,5.446634757496577,-3.3915509153982875,-0.14927055367952319
639089883468642952,nan,28.911325007543926,0.021105726659278481,0.0027281101815582187,0,0,0,0,0,5.3989550995905011,-3.3853675472975207,-0.14927055367934308,5.3784721139882823,-3.3802784414197191,-0.1519986638609013
639089883468943796,nan,34.099541095551849,0.010563169248325815,0.0021061202220824249,0,0,0,1,2,5.2766771214434227,-3.363443979820957,-0.15199866386081709,5.2852444887810099,-3.3696230381206997,-0.15410478408289952
639089883469143495,nan,28.397291372238513,0.0062675014237042834,0.0025541688847907917,0,0,0,0,0,5.2239268640860628,-3.362614771858313,-0.15410478408282796,5.2194523951784708,-3.3582260702176079,-0.15665895296761875
639089883469443394,nan,25.310118520555744,0.017051113135319235,0.0056519324754054079,0,0,0,1,2,5.1215727983318375,-3.3412706799488658,-0.15665895296753768,5.1385423080407806,-3.3429368730323779,-0.15100702049213227
639089883469642992,nan,28.265185948078511,0.01442457554388181,0.001934405351713353,0,0,0,0,0,5.0850663602432382,-3.3328317756401042,-0.15100702049204032,5.0714568201440091,-3.328051734018044,-0.14907261514032696
639089883469943683,nan,26.778264412856778,0.018928005174946021,0.0012546702586044567,0,0,0,0,0,4.9710306582412036,-3.3057688614107898,-0.14907261514032097,4.9897230446849683,-3.3087461200390829,-0.14781794488171651
639089883470143056,nan,30.095195885108449,0.01311784298156041,0.005090923578413592,0,0,0,1,2,4.9358232310924501,-3.2960149206186355,-0.14781794488170599,4.922875016549944,-3.2939121736889967,-0.15290886846011958
639089883470443083,nan,29.23623483150293,0.021170368659041618,0.0014196964046569172,0,0,0,0,0,4.8228747399813905,-3.2717215604578116,-0.15290886846009358,4.8428126947589654,-3.2788393177202582,-0.15148917205543666
639089883470643371,nan,31.682340753731783,0.020400704505353365,0.0039123225023102448,0,0,0,1,2,4.7898202649034607,-3.2688627489076421,-0.15148917205542378,4.770367583331816,-3.2627160486557232,-0.15540149455773403
639089883470943315,nan,28.931143665863058,0.019167333102760836,0.00060112701850414951,0,0,0,0,0,4.6627175373061318,-3.2387576251998205,-0.15540149455770472,4.6815943224489223,-3.2420823268323158,-0.15480036753920057
639089883471142927,nan,25.794218318279587,0.012497161485457521,0.00084642502141354936,0,0,0,1,2,4.6229338955695223,-3.2284477828465028,-0.15480036753917034,4.6106052928452401,-3.2264021533442651,-0.15564679256058389
639089883471443292,nan,27.148886899923326,0.017406673494715232,0.00251836952624232,0,0,0,0,0,4.504491734791185,-3.2029636163053588,-0.15564679256047548,4.5208381024715765,-3.2089459691710025,-0.1581651620867178
639089883471642950,nan,26.422669630361632,0.011932611636812312,0.0045296748488915517,0,0,0,0,0,4.4614671887292232,-3.19740066402658,-0.15816516208660375,4.4511045959360818,-3.1914842553964631,-0.1536354872377122
639089883471944867,nan,24.826119141692057,0.018447722786443074,0.0033006690387467064,0,0,0,1,2,4.3463435519197366,-3.1652514233445683,-0.15363548723771767,4.3635613276790703,-3.1718746154682163,-0.15693615627646437
639089883472143143,nan,26.589586990338621,0.017097430790961387,0.0033299059755849403,0,0,0,0,0,4.3065455207393866,-3.1591031086857275,-0.15693615627644961,4.2898897588080951,-3.1552420551844333,-0.16026606225203455
639089883472443315,nan,26.624933053727137,0.019426425006145179,0.0058696069641737125,0,0,0,1,2,4.1790850054263728,-3.130226071832988,-0.16026606225198983,4.1983879215975239,-3.1324131739816989,-0.15439645528781612
639089883472642913,nan,31.164879421466662,0.013107175435427984,0.00029416602596249453,0,0,0,0,0,4.1378897031553192,-3.1173194153873678,-0.15439645528778995,4.1248521782823877,-3.1159699736202735,-0.15469062131375244
639089883472943468,nan,30.320905994225267,0.015628193919601557,0.0035352875730525202,0,0,0,1,2,4.0146932748031672,-3.0913375317648728,-0.15469062131375053,4.029858635524076,-3.0951127508834655,-0.15115533374069801
639089883473144436,nan,43.694607276498253,0.018340261799775551,0.003774165597820206,0,0,0,1,2,3.9664044360378501,-3.0811804526046513,-0.15115533374070966,3.9485098918727894,-3.0771616851307857,-0.14738116814288946
639089883473443710,nan,31.490633719595888,0.020576467288743155,0.0090043555847467427,0,0,0,0,0,3.8276936591072301,-3.0505014069135532,-0.14738116814305066,3.8476823573091137,-3.0553843312708144,-0.1563855237277974
639089883473643179,nan,37.235527896845369,0.015194362587219783,0.0039031667726934505,0,0,0,1,2,3.7806494710719827,-3.0409061543506075,-0.15638552372798289,3.7657772943921208,-3.0377937573266278,-0.16028869050067635
639089883473943400,nan,30.390402830383398,0.024984635193401553,0.013858837225106918,0,0,0,1,2,3.6430660691502705,-3.0114393317939094,-0.16028869050100483,3.6674695670196522,-3.0167966900502186,-0.17414752772611175
639089883474142990,nan,25.990222507692284,0.0071847173742246541,0.0035973596198630997,0,0,0,0,0,3.6023442298577457,-3.0028868874097157,-0.17414752772617395,3.595178070545296,-3.0023708210805715,-0.17055016810631085
639089883474443223,nan,28.45540477543824,0.014643552470639353,0.0031134949770765252,0,0,0,1,2,3.4867073071250276,-2.9807253289210136,-0.17055016810670234,3.5013083146535933,-2.9818407696909057,-0.17366366308377887
639089883474642949,nan,19.402765033721902,0.02134819405834959,0.001643313112685757,0,0,0,1,2,3.4388449110744377,-2.9681795337233492,-0.17366366308426923,3.4175019672187452,-2.9677061024973912,-0.17530697619695498
639089883474943625,nan,22.205602368039667,0.029321011342080466,0.00062725454017378834,0,0,0,1,2,3.291780482776177,-2.9465020839944751,-0.17530697619719796,3.3198260130495085,-2.9550560268169432,-0.17593423073737174
639089883475143166,nan,20.840062081035494,0.01951525223332496,0.0053098054427497543,0,0,0,1,2,3.2552653886370577,-2.9466947388035245,-0.17593423073790784,3.2357543642292237,-2.9471009361535891,-0.17062442529515809
639089883475443096,nan,23.29762645726499,0.032944515675685314,0.0003328425748460595,0,0,0,1,2,3.1100329262455313,-2.9352048278754532,-0.17062442529553606,3.1427797935789492,-2.9388081309369514,-0.17095726787038212
639089883475642956,nan,22.12297523368942,0.022560351894160682,0.0060392163361155937,0,0,0,1,2,3.0809494278934939,-2.9332932124434672,-0.17095726787084084,3.0583902456716276,-2.933063484193152,-0.16491805153472525
639089883475943721,nan,22.954449983498279,0.027059121288402922,0.0030854170693868088,0,0,0,1,2,2.9320510815471539,-2.9244632026914776,-0.16491805153506939,2.9589684455216876,-2.9272293483064038,-0.1680034686044562
639089883476143312,nan,24.55422932301974,0.01499234481391074,0.0091782794629359232,0,0,0,1,2,2.8930782108630031,-2.9233628664882438,-0.1680034686046972,2.8786315558288416,-2.9273709285315674,-0.15882518914176127
639089883476443168,nan,27.459598789776145,0.024319851910563243,0.00037691008821499894,0,0,0,1,2,2.7584152909504631,-2.927582789432766,-0.15882518914217356,2.7827292159894337,-2.927045903829451,-0.15920209923038856
639089883476642932,nan,25.920011317287777,0.026657911344993644,0.0081528658606297155,0,0,0,1,2,2.718944860817222,-2.9268297308864941,-0.15920209923084824,2.6923640160659099,-2.9288552998396988,-0.15104923337021853
639089883476943094,nan,31.248549729342272,0.031888948648883655,0.0086334232248089782,0,0,0,1,2,2.5570480799474145,-2.9315647512119414,-0.15104923337070883,2.5889132289966135,-2.9327965474627353,-0.15968265659551781
639089883477143754,nan,38.833305791787303,0.01040920672351711,0.0084275513097780141,0,0,0,1,2,2.519583305248108,-2.9354378651841371,-0.15968265659591038,2.5100061623287355,-2.9395158448450509,-0.15125510528613237
639089883477443263,nan,63.993680305441622,0.017900083647257852,0.0093623369623033192,0,0,0,1,2,2.3924014369163431,-2.9495304247424063,-0.1512551052867564,2.4102829845699114,-2.9487160242929997,-0.16061744224905972
639089883477642941,nan,87.962347297122975,0.010174530217581535,0.0025362008621516718,0,0,0,1,2,2.343793586196024,-2.9548501488784127,-0.1606174422496072,2.3345413754574724,-2.9590830747693198,-0.15808124138745552
639089883477943546,nan,70.544505223209072,0.01879117817001397,0.0064470023364404938,0,0,0,1,2,2.2210390469161743,-2.9746185827015674,-0.15808124138805396,2.2397519709913185,-2.9763317229687658,-0.16452824372449446
639089883478143022,nan,140.3510137584895,0.020922528768254761,0.0055434751647243929,0,0,0,1,2,2.1768956822139325,-2.987769562655068,-0.16452824372531347,2.1560457124345018,-2.9860285944602762,-0.15898476856058907
639089883478442647,nan,125.20589324627437,0.027241406300285476,0.011052834060658157,0,0,0,1,2,2.0309979751575105,-3.0005146300278089,-0.15898476856151605,2.058162849534376,-3.0025551734128775,-0.17003760262217421
639089883478743081,nan,108.09186105546587,0.016248568144239466,0.0038229726674115228,0,0,0,1,2,1.9602168058930214,-3.0190924198253106,-0.17003760262262452,1.9762214670540017,-3.0218971992926131,-0.17386057529003604
639089883478943020,nan,115.03798777844626,0.024933879040337913,0.0093548434865916852,0,0,0,1,2,1.921828957869081,-3.0347363934637692,-0.17386057529068988,1.8973333250602533,-3.0393906707753704,-0.16450573180409819
639089883479143115,nan,103.41897216109689,0.018224419584193706,0.00027926029242339445,0,0,0,1,2,1.8187727037692862,-3.0568115144343597,-0.16450573180491485,1.8022424582137198,-3.0644848742625848,-0.16422647151249145
639089883479443598,nan,88.880112610674558,0.059006007408791215,0.0052400596109189179,0,0,0,1,2,1.6601589607171638,-3.1019802964476404,-0.16422647151279707,1.7175797959362065,-3.0883951356803223,-0.16946653112371599
639089883479643168,nan,99.599364808081532,0.015875136978467961,0.010760943270386875,0,0,0,1,2,1.6613834748754748,-3.1042659893852629,-0.16946653112402157,1.6463910132376003,-3.1094857660205206,-0.1587055878536347
639089883479943706,nan,94.449933149677392,0.020038082684066177,0.0083171454582688376,0,0,0,1,2,1.5396378616468216,-3.141112816975788,-0.15870558785447456,1.5595071831730352,-3.138517663850938,-0.16702273331274339
639089883480243306,nan,84.838950021441661,0.0042568217035434423,0.0021011331694827107,0,0,0,1,2,1.4730002085218805,-3.1674236368936146,-0.16702273331320211,1.4754484718137151,-3.1709059547811163,-0.16912386648268482
639089883480443085,nan,84.421713769011873,0.028678062723118139,0.0047271548059038826,0,0,0,1,2,1.4191666294130718,-3.1925916629757896,-0.16912386648322325,1.391998261978316,-3.2017737701675619,-0.16439671167731937
639089883480643021,nan,85.49651507732726,0.0049254407503084713,0.0014911113763222961,0,0,0,1,2,1.308864024079476,-3.2325247091144607,-0.1643967116777996,1.3048802999521001,-3.235421243019279,-0.1629056003014773
639089883480943568,nan,75.513771899668285,0.042417260991361457,0.0010627175682349499,0,0,0,1,2,1.1745239888017451,-3.2857686150016683,-0.16290560030215939,1.2159963713197286,-3.2768654965428734,-0.16396831787039434
639089883481142811,nan,81.317305577557903,0.030991083120938876,0.00056520073201293819,0,0,0,1,2,1.1569617253365994,-3.3043918094820763,-0.16396831787121935,1.1288054553829063,-3.3173406200569402,-0.16340311713920641
639089883481443124,nan,81.881063149866307,0.05632350482239587,0.0084078461033832153,0,0,0,1,2,0.9976660731124235,-3.3782171762661015,-0.16340311713966432,1.0501850859547515,-3.3578679628772297,-0.17181096324304754
639089883481743468,nan,72.803278876614456,0.016883604665052711,0.0011699945461079442,0,0,0,1,2,0.97170817969086576,-3.3983213530961422,-0.17181096324364425,0.98783796449061878,-3.3933327512078928,-0.1729809577897522
639089883481943107,nan,80.141779267803386,0.038380710943754386,0.00358953474596857,0,0,0,1,2,0.94638907501397129,-3.4169100400595682,-0.172980957790423,0.9127979813422662,-3.4354766067450586,-0.16939142304445443
639089883482442781,nan,115.41141148195024,0.0076335007692646221,0.00099232156671660854,0,0,0,1,2,0.72576060900427353,-3.5405202870491967,-0.1693914230451363,0.73329487403152005,-3.5392934274428955,-0.16839910147841969
639089883482642973,nan,85.811229166192064,0.0089831180158382699,0.0057217917210687363,0,0,0,1,2,0.66165546831984989,-3.5807265560894814,-0.16839910147900938,0.66968080693410648,-3.5847626865894777,-0.16267730975794065
639089883483442736,nan,134.61669727998986,0.072085267237696704,0.00066038744658203363,0,0,1,1,2,0.41667206417757091,-3.7656050790925599,-0.16267730975811825,0.48121227074605305,-3.7334982653480009,-0.16201692231153622
