[INFO] [launch]: All log files can be found below /home/rcv/.ros/log/2026-05-28-00-04-47-283912-rcv-NUC15CRSU9-43543
[INFO] [launch]: Default logging verbosity is set to INFO
[INFO] [cartographer_node-1]: process started with pid [43601]
[INFO] [cartographer_occupancy_grid_node-2]: process started with pid [43602]
[INFO] [trajectory_to_odom-3]: process started with pid [43603]
[trajectory_to_odom-3] [WARN] [1779894287.355146943] [rcl]: ROS_LOCALHOST_ONLY is deprecated but still honored if it is enabled. Use ROS_AUTOMATIC_DISCOVERY_RANGE and ROS_STATIC_PEERS instead.
[trajectory_to_odom-3] [WARN] [1779894287.355164520] [rcl]: 'localhost_only' is enabled, 'automatic_discovery_range' and 'static_peers' will be ignored.
[cartographer_occupancy_grid_node-2] [WARN] [1779894287.365399550] [rcl]: ROS_LOCALHOST_ONLY is deprecated but still honored if it is enabled. Use ROS_AUTOMATIC_DISCOVERY_RANGE and ROS_STATIC_PEERS instead.
[cartographer_occupancy_grid_node-2] [WARN] [1779894287.365416907] [rcl]: 'localhost_only' is enabled, 'automatic_discovery_range' and 'static_peers' will be ignored.
[trajectory_to_odom-3] [INFO] [1779894287.370730884] [trajectory_to_odom_node]: TrackedPoseToOdom node initialized.
[cartographer_node-1] [WARN] [1779894287.371938174] [rcl]: ROS_LOCALHOST_ONLY is deprecated but still honored if it is enabled. Use ROS_AUTOMATIC_DISCOVERY_RANGE and ROS_STATIC_PEERS instead.
[cartographer_node-1] [WARN] [1779894287.371950501] [rcl]: 'localhost_only' is enabled, 'automatic_discovery_range' and 'static_peers' will be ignored.
[cartographer_node-1] [WARN] [1779894287.397545878] [cartographer logger]: W20260528 00:04:47.-2147483648 43601 node.cpp:1327] Localization status: LOST
[cartographer_node-1] [WARN] [1779894289.873043659] [cartographer logger]: W20260528 00:04:49.-2147483648 43601 pose_extrapolator.cc:83] No odometry data for time: 639146960864425910 (earliest: 639146960864516740)
[cartographer_node-1] [WARN] [1779894289.873072649] [cartographer logger]: W20260528 00:04:49.-2147483648 43601 pose_extrapolator.cc:83] No odometry data for time: 639146960864425910 (earliest: 639146960864516740)
[cartographer_node-1] [WARN] [1779894289.873082087] [cartographer logger]: W20260528 00:04:49.-2147483648 43601 pose_extrapolator.cc:83] No odometry data for time: 639146960864425910 (earliest: 639146960864516740)
[cartographer_node-1] [WARN] [1779894289.873091251] [cartographer logger]: W20260528 00:04:49.-2147483648 43601 pose_extrapolator.cc:83] No odometry data for time: 639146960864425910 (earliest: 639146960864516740)
[cartographer_node-1] [WARN] [1779894289.873099705] [cartographer logger]: W20260528 00:04:49.-2147483648 43601 pose_extrapolator.cc:83] No odometry data for time: 639146960864425910 (earliest: 639146960864516740)
[cartographer_node-1] [WARN] [1779894289.873107893] [cartographer logger]: W20260528 00:04:49.-2147483648 43601 pose_extrapolator.cc:83] No odometry data for time: 639146960864425910 (earliest: 639146960864516740)
[cartographer_node-1] [WARN] [1779894289.873115476] [cartographer logger]: W20260528 00:04:49.-2147483648 43601 pose_extrapolator.cc:83] No odometry data for time: 639146960864425910 (earliest: 639146960864516740)
[cartographer_node-1] [WARN] [1779894289.873123070] [cartographer logger]: W20260528 00:04:49.-2147483648 43601 pose_extrapolator.cc:83] No odometry data for time: 639146960864425910 (earliest: 639146960864516740)
[cartographer_node-1] [WARN] [1779894289.873130947] [cartographer logger]: W20260528 00:04:49.-2147483648 43601 pose_extrapolator.cc:83] No odometry data for time: 639146960864425910 (earliest: 639146960864516740)
[cartographer_node-1] [WARN] [1779894289.873138498] [cartographer logger]: W20260528 00:04:49.-2147483648 43601 pose_extrapolator.cc:83] No odometry data for time: 639146960864425910 (earliest: 639146960864516740)
[cartographer_node-1] [WARN] [1779894289.873146210] [cartographer logger]: W20260528 00:04:49.-2147483648 43601 pose_extrapolator.cc:83] No odometry data for time: 639146960864425910 (earliest: 639146960864516740)
[cartographer_node-1] [WARN] [1779894289.873153927] [cartographer logger]: W20260528 00:04:49.-2147483648 43601 pose_extrapolator.cc:83] No odometry data for time: 639146960864425910 (earliest: 639146960864516740)
[cartographer_node-1] [WARN] [1779894289.873161711] [cartographer logger]: W20260528 00:04:49.-2147483648 43601 pose_extrapolator.cc:83] No odometry data for time: 639146960864425910 (earliest: 639146960864516740)
[cartographer_node-1] [WARN] [1779894289.873169383] [cartographer logger]: W20260528 00:04:49.-2147483648 43601 pose_extrapolator.cc:83] No odometry data for time: 639146960864425910 (earliest: 639146960864516740)
[cartographer_node-1] [WARN] [1779894289.873177042] [cartographer logger]: W20260528 00:04:49.-2147483648 43601 pose_extrapolator.cc:83] No odometry data for time: 639146960864425910 (earliest: 639146960864516740)
[cartographer_node-1] [WARN] [1779894289.873184786] [cartographer logger]: W20260528 00:04:49.-2147483648 43601 pose_extrapolator.cc:83] No odometry data for time: 639146960864425910 (earliest: 639146960864516740)
[cartographer_node-1] [WARN] [1779894289.873192717] [cartographer logger]: W20260528 00:04:49.-2147483648 43601 pose_extrapolator.cc:83] No odometry data for time: 639146960864425910 (earliest: 639146960864516740)
[cartographer_node-1] [WARN] [1779894289.873200633] [cartographer logger]: W20260528 00:04:49.-2147483648 43601 pose_extrapolator.cc:83] No odometry data for time: 639146960864425910 (earliest: 639146960864516740)
[cartographer_node-1] [WARN] [1779894289.873208280] [cartographer logger]: W20260528 00:04:49.-2147483648 43601 pose_extrapolator.cc:83] No odometry data for time: 639146960864425910 (earliest: 639146960864516740)
[cartographer_node-1] [WARN] [1779894289.873216105] [cartographer logger]: W20260528 00:04:49.-2147483648 43601 pose_extrapolator.cc:83] No odometry data for time: 639146960864425910 (earliest: 639146960864516740)
[cartographer_node-1] [WARN] [1779894289.873223700] [cartographer logger]: W20260528 00:04:49.-2147483648 43601 pose_extrapolator.cc:83] No odometry data for time: 639146960864425910 (earliest: 639146960864516740)
[cartographer_node-1] [WARN] [1779894289.873251395] [cartographer logger]: W20260528 00:04:49.-2147483648 43601 pose_extrapolator.cc:83] No odometry data for time: 639146960864425910 (earliest: 639146960864516740)
[cartographer_node-1] [WARN] [1779894289.873259374] [cartographer logger]: W20260528 00:04:49.-2147483648 43601 pose_extrapolator.cc:83] No odometry data for time: 639146960864425910 (earliest: 639146960864516740)
[cartographer_node-1] [WARN] [1779894289.873267225] [cartographer logger]: W20260528 00:04:49.-2147483648 43601 pose_extrapolator.cc:83] No odometry data for time: 639146960864425910 (earliest: 639146960864516740)
[cartographer_node-1] [WARN] [1779894289.873274932] [cartographer logger]: W20260528 00:04:49.-2147483648 43601 pose_extrapolator.cc:83] No odometry data for time: 639146960864425910 (earliest: 639146960864516740)
[cartographer_node-1] [WARN] [1779894289.873283562] [cartographer logger]: W20260528 00:04:49.-2147483648 43601 pose_extrapolator.cc:83] No odometry data for time: 639146960864425910 (earliest: 639146960864516740)
[cartographer_node-1] [WARN] [1779894289.873291759] [cartographer logger]: W20260528 00:04:49.-2147483648 43601 pose_extrapolator.cc:83] No odometry data for time: 639146960864425910 (earliest: 639146960864516740)
[cartographer_node-1] [WARN] [1779894289.873299819] [cartographer logger]: W20260528 00:04:49.-2147483648 43601 pose_extrapolator.cc:83] No odometry data for time: 639146960864425910 (earliest: 639146960864516740)
[cartographer_node-1] [WARN] [1779894289.873311659] [cartographer logger]: W20260528 00:04:49.-2147483648 43601 pose_extrapolator.cc:83] No odometry data for time: 639146960864425910 (earliest: 639146960864516740)
[cartographer_node-1] [WARN] [1779894289.873319581] [cartographer logger]: W20260528 00:04:49.-2147483648 43601 pose_extrapolator.cc:83] No odometry data for time: 639146960864425910 (earliest: 639146960864516740)
[cartographer_node-1] [WARN] [1779894289.873332394] [cartographer logger]: W20260528 00:04:49.-2147483648 43601 pose_extrapolator.cc:83] No odometry data for time: 639146960864425910 (earliest: 639146960864516740)
[cartographer_node-1] [WARN] [1779894289.873340643] [cartographer logger]: W20260528 00:04:49.-2147483648 43601 pose_extrapolator.cc:83] No odometry data for time: 639146960864425910 (earliest: 639146960864516740)
[cartographer_node-1] [WARN] [1779894289.873348578] [cartographer logger]: W20260528 00:04:49.-2147483648 43601 pose_extrapolator.cc:83] No odometry data for time: 639146960864425910 (earliest: 639146960864516740)
[cartographer_node-1] [WARN] [1779894289.873356255] [cartographer logger]: W20260528 00:04:49.-2147483648 43601 pose_extrapolator.cc:83] No odometry data for time: 639146960864425910 (earliest: 639146960864516740)
[cartographer_node-1] [WARN] [1779894289.873363742] [cartographer logger]: W20260528 00:04:49.-2147483648 43601 pose_extrapolator.cc:83] No odometry data for time: 639146960864425910 (earliest: 639146960864516740)
[cartographer_node-1] [WARN] [1779894289.873371474] [cartographer logger]: W20260528 00:04:49.-2147483648 43601 pose_extrapolator.cc:83] No odometry data for time: 639146960864425910 (earliest: 639146960864516740)
[cartographer_node-1] [WARN] [1779894289.873379086] [cartographer logger]: W20260528 00:04:49.-2147483648 43601 pose_extrapolator.cc:83] No odometry data for time: 639146960864425910 (earliest: 639146960864516740)
[cartographer_node-1] [WARN] [1779894289.873386695] [cartographer logger]: W20260528 00:04:49.-2147483648 43601 pose_extrapolator.cc:83] No odometry data for time: 639146960864425910 (earliest: 639146960864516740)
[cartographer_node-1] [WARN] [1779894289.873394209] [cartographer logger]: W20260528 00:04:49.-2147483648 43601 pose_extrapolator.cc:83] No odometry data for time: 639146960864425910 (earliest: 639146960864516740)
[cartographer_node-1] [WARN] [1779894289.873401721] [cartographer logger]: W20260528 00:04:49.-2147483648 43601 pose_extrapolator.cc:83] No odometry data for time: 639146960864425910 (earliest: 639146960864516740)
[cartographer_node-1] [WARN] [1779894289.873409294] [cartographer logger]: W20260528 00:04:49.-2147483648 43601 pose_extrapolator.cc:83] No odometry data for time: 639146960864425910 (earliest: 639146960864516740)
[cartographer_node-1] [WARN] [1779894289.873416833] [cartographer logger]: W20260528 00:04:49.-2147483648 43601 pose_extrapolator.cc:83] No odometry data for time: 639146960864425910 (earliest: 639146960864516740)
[cartographer_node-1] [WARN] [1779894289.873426931] [cartographer logger]: W20260528 00:04:49.-2147483648 43601 pose_extrapolator.cc:83] No odometry data for time: 639146960864425910 (earliest: 639146960864516740)
[cartographer_node-1] [WARN] [1779894289.873434688] [cartographer logger]: W20260528 00:04:49.-2147483648 43601 pose_extrapolator.cc:83] No odometry data for time: 639146960864425910 (earliest: 639146960864516740)
[cartographer_node-1] [WARN] [1779894289.873442358] [cartographer logger]: W20260528 00:04:49.-2147483648 43601 pose_extrapolator.cc:83] No odometry data for time: 639146960864425910 (earliest: 639146960864516740)
[cartographer_node-1] [WARN] [1779894289.873449939] [cartographer logger]: W20260528 00:04:49.-2147483648 43601 pose_extrapolator.cc:83] No odometry data for time: 639146960864425910 (earliest: 639146960864516740)
[cartographer_node-1] [WARN] [1779894289.873458088] [cartographer logger]: W20260528 00:04:49.-2147483648 43601 pose_extrapolator.cc:83] No odometry data for time: 639146960864425910 (earliest: 639146960864516740)
[cartographer_node-1] [WARN] [1779894289.873465818] [cartographer logger]: W20260528 00:04:49.-2147483648 43601 pose_extrapolator.cc:83] No odometry data for time: 639146960864425910 (earliest: 639146960864516740)
[cartographer_node-1] [WARN] [1779894289.873473234] [cartographer logger]: W20260528 00:04:49.-2147483648 43601 pose_extrapolator.cc:83] No odometry data for time: 639146960864425910 (earliest: 639146960864516740)
[cartographer_node-1] [WARN] [1779894289.873480792] [cartographer logger]: W20260528 00:04:49.-2147483648 43601 pose_extrapolator.cc:83] No odometry data for time: 639146960864425910 (earliest: 639146960864516740)
[cartographer_node-1] [WARN] [1779894289.873488418] [cartographer logger]: W20260528 00:04:49.-2147483648 43601 pose_extrapolator.cc:83] No odometry data for time: 639146960864425910 (earliest: 639146960864516740)
[cartographer_node-1] [WARN] [1779894289.873496002] [cartographer logger]: W20260528 00:04:49.-2147483648 43601 pose_extrapolator.cc:83] No odometry data for time: 639146960864425910 (earliest: 639146960864516740)
[cartographer_node-1] [WARN] [1779894289.873503529] [cartographer logger]: W20260528 00:04:49.-2147483648 43601 pose_extrapolator.cc:83] No odometry data for time: 639146960864425910 (earliest: 639146960864516740)
[cartographer_node-1] [WARN] [1779894289.873511126] [cartographer logger]: W20260528 00:04:49.-2147483648 43601 pose_extrapolator.cc:83] No odometry data for time: 639146960864425910 (earliest: 639146960864516740)
[cartographer_node-1] [WARN] [1779894289.873529453] [cartographer logger]: W20260528 00:04:49.-2147483648 43601 pose_extrapolator.cc:83] No odometry data for time: 639146960864425910 (earliest: 639146960864516740)
[cartographer_node-1] [WARN] [1779894289.873537108] [cartographer logger]: W20260528 00:04:49.-2147483648 43601 pose_extrapolator.cc:83] No odometry data for time: 639146960864425910 (earliest: 639146960864516740)
[cartographer_node-1] [WARN] [1779894289.873544791] [cartographer logger]: W20260528 00:04:49.-2147483648 43601 pose_extrapolator.cc:83] No odometry data for time: 639146960864425910 (earliest: 639146960864516740)
[cartographer_node-1] [WARN] [1779894289.873552283] [cartographer logger]: W20260528 00:04:49.-2147483648 43601 pose_extrapolator.cc:83] No odometry data for time: 639146960864425910 (earliest: 639146960864516740)
[cartographer_node-1] [WARN] [1779894289.873559778] [cartographer logger]: W20260528 00:04:49.-2147483648 43601 pose_extrapolator.cc:83] No odometry data for time: 639146960864425910 (earliest: 639146960864516740)
[cartographer_node-1] [WARN] [1779894289.873569235] [cartographer logger]: W20260528 00:04:49.-2147483648 43601 pose_extrapolator.cc:83] No odometry data for time: 639146960864425910 (earliest: 639146960864516740)
[cartographer_node-1] [WARN] [1779894289.873576989] [cartographer logger]: W20260528 00:04:49.-2147483648 43601 pose_extrapolator.cc:83] No odometry data for time: 639146960864425910 (earliest: 639146960864516740)
[cartographer_node-1] [WARN] [1779894289.873588242] [cartographer logger]: W20260528 00:04:49.-2147483648 43601 pose_extrapolator.cc:83] No odometry data for time: 639146960864425910 (earliest: 639146960864516740)
[cartographer_node-1] [WARN] [1779894289.873596449] [cartographer logger]: W20260528 00:04:49.-2147483648 43601 pose_extrapolator.cc:83] No odometry data for time: 639146960864425910 (earliest: 639146960864516740)
[cartographer_node-1] [WARN] [1779894289.873605024] [cartographer logger]: W20260528 00:04:49.-2147483648 43601 pose_extrapolator.cc:83] No odometry data for time: 639146960864425910 (earliest: 639146960864516740)
[cartographer_node-1] [WARN] [1779894289.873615309] [cartographer logger]: W20260528 00:04:49.-2147483648 43601 pose_extrapolator.cc:83] No odometry data for time: 639146960864425910 (earliest: 639146960864516740)
[cartographer_node-1] [WARN] [1779894289.873623661] [cartographer logger]: W20260528 00:04:49.-2147483648 43601 pose_extrapolator.cc:83] No odometry data for time: 639146960864425910 (earliest: 639146960864516740)
[cartographer_node-1] [WARN] [1779894289.873631188] [cartographer logger]: W20260528 00:04:49.-2147483648 43601 pose_extrapolator.cc:83] No odometry data for time: 639146960864425910 (earliest: 639146960864516740)
[cartographer_node-1] [WARN] [1779894289.873639869] [cartographer logger]: W20260528 00:04:49.-2147483648 43601 pose_extrapolator.cc:83] No odometry data for time: 639146960864425910 (earliest: 639146960864516740)
[cartographer_node-1] [WARN] [1779894289.873647985] [cartographer logger]: W20260528 00:04:49.-2147483648 43601 pose_extrapolator.cc:83] No odometry data for time: 639146960864425910 (earliest: 639146960864516740)
[cartographer_node-1] [WARN] [1779894289.873655531] [cartographer logger]: W20260528 00:04:49.-2147483648 43601 pose_extrapolator.cc:83] No odometry data for time: 639146960864425910 (earliest: 639146960864516740)
[cartographer_node-1] [WARN] [1779894289.873663697] [cartographer logger]: W20260528 00:04:49.-2147483648 43601 pose_extrapolator.cc:83] No odometry data for time: 639146960864425910 (earliest: 639146960864516740)
[cartographer_node-1] [WARN] [1779894289.873671230] [cartographer logger]: W20260528 00:04:49.-2147483648 43601 pose_extrapolator.cc:83] No odometry data for time: 639146960864425910 (earliest: 639146960864516740)
[cartographer_node-1] [WARN] [1779894289.873678837] [cartographer logger]: W20260528 00:04:49.-2147483648 43601 pose_extrapolator.cc:83] No odometry data for time: 639146960864425910 (earliest: 639146960864516740)
[cartographer_node-1] [WARN] [1779894289.873686841] [cartographer logger]: W20260528 00:04:49.-2147483648 43601 pose_extrapolator.cc:83] No odometry data for time: 639146960864425910 (earliest: 639146960864516740)
[cartographer_node-1] [WARN] [1779894289.873694518] [cartographer logger]: W20260528 00:04:49.-2147483648 43601 pose_extrapolator.cc:83] No odometry data for time: 639146960864425910 (earliest: 639146960864516740)
[cartographer_node-1] [WARN] [1779894289.873702142] [cartographer logger]: W20260528 00:04:49.-2147483648 43601 pose_extrapolator.cc:83] No odometry data for time: 639146960864425910 (earliest: 639146960864516740)
[cartographer_node-1] [WARN] [1779894289.873709798] [cartographer logger]: W20260528 00:04:49.-2147483648 43601 pose_extrapolator.cc:83] No odometry data for time: 639146960864425910 (earliest: 639146960864516740)
[cartographer_node-1] [WARN] [1779894289.873717396] [cartographer logger]: W20260528 00:04:49.-2147483648 43601 pose_extrapolator.cc:83] No odometry data for time: 639146960864425910 (earliest: 639146960864516740)
[cartographer_node-1] [WARN] [1779894289.873725030] [cartographer logger]: W20260528 00:04:49.-2147483648 43601 pose_extrapolator.cc:83] No odometry data for time: 639146960864425910 (earliest: 639146960864516740)
[cartographer_node-1] [WARN] [1779894289.873733796] [cartographer logger]: W20260528 00:04:49.-2147483648 43601 pose_extrapolator.cc:83] No odometry data for time: 639146960864425910 (earliest: 639146960864516740)
[cartographer_node-1] [WARN] [1779894289.873741514] [cartographer logger]: W20260528 00:04:49.-2147483648 43601 pose_extrapolator.cc:83] No odometry data for time: 639146960864425910 (earliest: 639146960864516740)
[cartographer_node-1] [WARN] [1779894289.873748890] [cartographer logger]: W20260528 00:04:49.-2147483648 43601 pose_extrapolator.cc:83] No odometry data for time: 639146960864425910 (earliest: 639146960864516740)
[cartographer_node-1] [WARN] [1779894289.873756460] [cartographer logger]: W20260528 00:04:49.-2147483648 43601 pose_extrapolator.cc:83] No odometry data for time: 639146960864425910 (earliest: 639146960864516740)
[cartographer_node-1] [WARN] [1779894289.873763933] [cartographer logger]: W20260528 00:04:49.-2147483648 43601 pose_extrapolator.cc:83] No odometry data for time: 639146960864425910 (earliest: 639146960864516740)
[cartographer_node-1] [WARN] [1779894289.873771377] [cartographer logger]: W20260528 00:04:49.-2147483648 43601 pose_extrapolator.cc:83] No odometry data for time: 639146960864425910 (earliest: 639146960864516740)
[cartographer_node-1] [WARN] [1779894289.873781340] [cartographer logger]: W20260528 00:04:49.-2147483648 43601 pose_extrapolator.cc:83] No odometry data for time: 639146960864425910 (earliest: 639146960864516740)
[cartographer_node-1] [WARN] [1779894289.873789147] [cartographer logger]: W20260528 00:04:49.-2147483648 43601 pose_extrapolator.cc:83] No odometry data for time: 639146960864425910 (earliest: 639146960864516740)
[cartographer_node-1] [WARN] [1779894289.873796997] [cartographer logger]: W20260528 00:04:49.-2147483648 43601 pose_extrapolator.cc:83] No odometry data for time: 639146960864425910 (earliest: 639146960864516740)
[cartographer_node-1] [WARN] [1779894289.873804602] [cartographer logger]: W20260528 00:04:49.-2147483648 43601 pose_extrapolator.cc:83] No odometry data for time: 639146960864425910 (earliest: 639146960864516740)
[cartographer_node-1] [WARN] [1779894289.873813820] [cartographer logger]: W20260528 00:04:49.-2147483648 43601 pose_extrapolator.cc:83] No odometry data for time: 639146960864425910 (earliest: 639146960864516740)
[cartographer_node-1] [WARN] [1779894289.873821619] [cartographer logger]: W20260528 00:04:49.-2147483648 43601 pose_extrapolator.cc:83] No odometry data for time: 639146960864425910 (earliest: 639146960864516740)
[cartographer_node-1] [WARN] [1779894289.873832464] [cartographer logger]: W20260528 00:04:49.-2147483648 43601 pose_extrapolator.cc:83] No odometry data for time: 639146960864425910 (earliest: 639146960864516740)
[cartographer_node-1] [WARN] [1779894289.873841229] [cartographer logger]: W20260528 00:04:49.-2147483648 43601 pose_extrapolator.cc:83] No odometry data for time: 639146960864425910 (earliest: 639146960864516740)
[cartographer_node-1] [WARN] [1779894289.873848732] [cartographer logger]: W20260528 00:04:49.-2147483648 43601 pose_extrapolator.cc:83] No odometry data for time: 639146960864425910 (earliest: 639146960864516740)
[cartographer_node-1] [WARN] [1779894289.873856319] [cartographer logger]: W20260528 00:04:49.-2147483648 43601 pose_extrapolator.cc:83] No odometry data for time: 639146960864425910 (earliest: 639146960864516740)
[cartographer_node-1] [WARN] [1779894289.873863826] [cartographer logger]: W20260528 00:04:49.-2147483648 43601 pose_extrapolator.cc:83] No odometry data for time: 639146960864425910 (earliest: 639146960864516740)
[cartographer_node-1] [WARN] [1779894289.873871333] [cartographer logger]: W20260528 00:04:49.-2147483648 43601 pose_extrapolator.cc:83] No odometry data for time: 639146960864425910 (earliest: 639146960864516740)
[cartographer_node-1] [WARN] [1779894289.873878903] [cartographer logger]: W20260528 00:04:49.-2147483648 43601 pose_extrapolator.cc:83] No odometry data for time: 639146960864425910 (earliest: 639146960864516740)
[cartographer_node-1] [WARN] [1779894289.873886480] [cartographer logger]: W20260528 00:04:49.-2147483648 43601 pose_extrapolator.cc:83] No odometry data for time: 639146960864425910 (earliest: 639146960864516740)
[cartographer_node-1] [WARN] [1779894289.873894048] [cartographer logger]: W20260528 00:04:49.-2147483648 43601 pose_extrapolator.cc:83] No odometry data for time: 639146960864425910 (earliest: 639146960864516740)
[cartographer_node-1] [WARN] [1779894289.873901632] [cartographer logger]: W20260528 00:04:49.-2147483648 43601 pose_extrapolator.cc:83] No odometry data for time: 639146960864425910 (earliest: 639146960864516740)
[cartographer_node-1] [WARN] [1779894289.873909227] [cartographer logger]: W20260528 00:04:49.-2147483648 43601 pose_extrapolator.cc:83] No odometry data for time: 639146960864425910 (earliest: 639146960864516740)
[cartographer_node-1] [WARN] [1779894289.873916815] [cartographer logger]: W20260528 00:04:49.-2147483648 43601 pose_extrapolator.cc:83] No odometry data for time: 639146960864425910 (earliest: 639146960864516740)
[cartographer_node-1] [WARN] [1779894289.873924914] [cartographer logger]: W20260528 00:04:49.-2147483648 43601 pose_extrapolator.cc:83] No odometry data for time: 639146960864425910 (earliest: 639146960864516740)
[cartographer_node-1] [WARN] [1779894289.873932631] [cartographer logger]: W20260528 00:04:49.-2147483648 43601 pose_extrapolator.cc:83] No odometry data for time: 639146960864425910 (earliest: 639146960864516740)
[cartographer_node-1] [WARN] [1779894289.873940586] [cartographer logger]: W20260528 00:04:49.-2147483648 43601 pose_extrapolator.cc:83] No odometry data for time: 639146960864425910 (earliest: 639146960864516740)
[cartographer_node-1] [WARN] [1779894289.873953279] [cartographer logger]: W20260528 00:04:49.-2147483648 43601 pose_extrapolator.cc:83] No odometry data for time: 639146960864425910 (earliest: 639146960864516740)
[cartographer_node-1] [WARN] [1779894289.873960996] [cartographer logger]: W20260528 00:04:49.-2147483648 43601 pose_extrapolator.cc:83] No odometry data for time: 639146960864425910 (earliest: 639146960864516740)
[cartographer_node-1] [WARN] [1779894289.873968660] [cartographer logger]: W20260528 00:04:49.-2147483648 43601 pose_extrapolator.cc:83] No odometry data for time: 639146960864425910 (earliest: 639146960864516740)
[cartographer_node-1] [WARN] [1779894289.873976557] [cartographer logger]: W20260528 00:04:49.-2147483648 43601 pose_extrapolator.cc:83] No odometry data for time: 639146960864425910 (earliest: 639146960864516740)
[cartographer_node-1] [WARN] [1779894289.873984212] [cartographer logger]: W20260528 00:04:49.-2147483648 43601 pose_extrapolator.cc:83] No odometry data for time: 639146960864425910 (earliest: 639146960864516740)
[cartographer_node-1] [WARN] [1779894289.873991742] [cartographer logger]: W20260528 00:04:49.-2147483648 43601 pose_extrapolator.cc:83] No odometry data for time: 639146960864425910 (earliest: 639146960864516740)
[cartographer_node-1] [WARN] [1779894289.873999281] [cartographer logger]: W20260528 00:04:49.-2147483648 43601 pose_extrapolator.cc:83] No odometry data for time: 639146960864425910 (earliest: 639146960864516740)
[cartographer_node-1] [WARN] [1779894289.874006874] [cartographer logger]: W20260528 00:04:49.-2147483648 43601 pose_extrapolator.cc:83] No odometry data for time: 639146960864425910 (earliest: 639146960864516740)
[cartographer_node-1] [WARN] [1779894289.874015116] [cartographer logger]: W20260528 00:04:49.-2147483648 43601 pose_extrapolator.cc:83] No odometry data for time: 639146960864425910 (earliest: 639146960864516740)
[cartographer_node-1] [WARN] [1779894289.874022889] [cartographer logger]: W20260528 00:04:49.-2147483648 43601 pose_extrapolator.cc:83] No odometry data for time: 639146960864425910 (earliest: 639146960864516740)
[cartographer_node-1] [WARN] [1779894289.874030611] [cartographer logger]: W20260528 00:04:49.-2147483648 43601 pose_extrapolator.cc:83] No odometry data for time: 639146960864425910 (earliest: 639146960864516740)
[cartographer_node-1] [WARN] [1779894289.874038222] [cartographer logger]: W20260528 00:04:49.-2147483648 43601 pose_extrapolator.cc:83] No odometry data for time: 639146960864425910 (earliest: 639146960864516740)
[cartographer_node-1] [WARN] [1779894289.874045995] [cartographer logger]: W20260528 00:04:49.-2147483648 43601 pose_extrapolator.cc:83] No odometry data for time: 639146960864425910 (earliest: 639146960864516740)
[cartographer_node-1] [WARN] [1779894289.874053504] [cartographer logger]: W20260528 00:04:49.-2147483648 43601 pose_extrapolator.cc:83] No odometry data for time: 639146960864425910 (earliest: 639146960864516740)
[cartographer_node-1] [WARN] [1779894289.874062740] [cartographer logger]: W20260528 00:04:49.-2147483648 43601 pose_extrapolator.cc:83] No odometry data for time: 639146960864425910 (earliest: 639146960864516740)
[cartographer_node-1] [WARN] [1779894289.874070454] [cartographer logger]: W20260528 00:04:49.-2147483648 43601 pose_extrapolator.cc:83] No odometry data for time: 639146960864425910 (earliest: 639146960864516740)
[cartographer_node-1] [WARN] [1779894289.874081371] [cartographer logger]: W20260528 00:04:49.-2147483648 43601 pose_extrapolator.cc:83] No odometry data for time: 639146960864425910 (earliest: 639146960864516740)
[cartographer_node-1] [WARN] [1779894289.874090021] [cartographer logger]: W20260528 00:04:49.-2147483648 43601 pose_extrapolator.cc:83] No odometry data for time: 639146960864425910 (earliest: 639146960864516740)
[cartographer_node-1] [WARN] [1779894289.874097604] [cartographer logger]: W20260528 00:04:49.-2147483648 43601 pose_extrapolator.cc:83] No odometry data for time: 639146960864425910 (earliest: 639146960864516740)
[cartographer_node-1] [WARN] [1779894289.874105101] [cartographer logger]: W20260528 00:04:49.-2147483648 43601 pose_extrapolator.cc:83] No odometry data for time: 639146960864425910 (earliest: 639146960864516740)
[cartographer_node-1] [WARN] [1779894289.874112550] [cartographer logger]: W20260528 00:04:49.-2147483648 43601 pose_extrapolator.cc:83] No odometry data for time: 639146960864425910 (earliest: 639146960864516740)
[cartographer_node-1] [WARN] [1779894289.874120112] [cartographer logger]: W20260528 00:04:49.-2147483648 43601 pose_extrapolator.cc:83] No odometry data for time: 639146960864425910 (earliest: 639146960864516740)
[cartographer_node-1] [WARN] [1779894289.874129999] [cartographer logger]: W20260528 00:04:49.-2147483648 43601 pose_extrapolator.cc:83] No odometry data for time: 639146960864425910 (earliest: 639146960864516740)
[cartographer_node-1] [WARN] [1779894289.874137580] [cartographer logger]: W20260528 00:04:49.-2147483648 43601 pose_extrapolator.cc:83] No odometry data for time: 639146960864425910 (earliest: 639146960864516740)
[cartographer_node-1] [WARN] [1779894289.874145023] [cartographer logger]: W20260528 00:04:49.-2147483648 43601 pose_extrapolator.cc:83] No odometry data for time: 639146960864425910 (earliest: 639146960864516740)
[cartographer_node-1] [WARN] [1779894289.874152508] [cartographer logger]: W20260528 00:04:49.-2147483648 43601 pose_extrapolator.cc:83] No odometry data for time: 639146960864425910 (earliest: 639146960864516740)
[cartographer_node-1] [WARN] [1779894289.874160168] [cartographer logger]: W20260528 00:04:49.-2147483648 43601 pose_extrapolator.cc:83] No odometry data for time: 639146960864425910 (earliest: 639146960864516740)
[cartographer_node-1] [WARN] [1779894289.874168442] [cartographer logger]: W20260528 00:04:49.-2147483648 43601 pose_extrapolator.cc:83] No odometry data for time: 639146960864425910 (earliest: 639146960864516740)
[cartographer_node-1] [WARN] [1779894289.874175921] [cartographer logger]: W20260528 00:04:49.-2147483648 43601 pose_extrapolator.cc:83] No odometry data for time: 639146960864425910 (earliest: 639146960864516740)
[cartographer_node-1] [WARN] [1779894289.874184057] [cartographer logger]: W20260528 00:04:49.-2147483648 43601 pose_extrapolator.cc:83] No odometry data for time: 639146960864425910 (earliest: 639146960864516740)
[cartographer_node-1] [WARN] [1779894289.874192323] [cartographer logger]: W20260528 00:04:49.-2147483648 43601 pose_extrapolator.cc:83] No odometry data for time: 639146960864425910 (earliest: 639146960864516740)
[cartographer_node-1] [WARN] [1779894289.874199876] [cartographer logger]: W20260528 00:04:49.-2147483648 43601 pose_extrapolator.cc:83] No odometry data for time: 639146960864425910 (earliest: 639146960864516740)
[cartographer_node-1] [WARN] [1779894289.874208166] [cartographer logger]: W20260528 00:04:49.-2147483648 43601 pose_extrapolator.cc:83] No odometry data for time: 639146960864425910 (earliest: 639146960864516740)
[cartographer_node-1] [WARN] [1779894289.874215849] [cartographer logger]: W20260528 00:04:49.-2147483648 43601 pose_extrapolator.cc:83] No odometry data for time: 639146960864425910 (earliest: 639146960864516740)
[cartographer_node-1] [WARN] [1779894289.874223409] [cartographer logger]: W20260528 00:04:49.-2147483648 43601 pose_extrapolator.cc:83] No odometry data for time: 639146960864425910 (earliest: 639146960864516740)
[cartographer_node-1] [WARN] [1779894289.874231405] [cartographer logger]: W20260528 00:04:49.-2147483648 43601 pose_extrapolator.cc:83] No odometry data for time: 639146960864425910 (earliest: 639146960864516740)
[cartographer_node-1] [WARN] [1779894289.874239690] [cartographer logger]: W20260528 00:04:49.-2147483648 43601 pose_extrapolator.cc:83] No odometry data for time: 639146960864425910 (earliest: 639146960864516740)
[cartographer_node-1] [WARN] [1779894289.874247194] [cartographer logger]: W20260528 00:04:49.-2147483648 43601 pose_extrapolator.cc:83] No odometry data for time: 639146960864425910 (earliest: 639146960864516740)
[cartographer_node-1] [WARN] [1779894289.874254664] [cartographer logger]: W20260528 00:04:49.-2147483648 43601 pose_extrapolator.cc:83] No odometry data for time: 639146960864425910 (earliest: 639146960864516740)
[cartographer_node-1] [WARN] [1779894289.874262944] [cartographer logger]: W20260528 00:04:49.-2147483648 43601 pose_extrapolator.cc:83] No odometry data for time: 639146960864425910 (earliest: 639146960864516740)
[cartographer_node-1] [WARN] [1779894289.874270434] [cartographer logger]: W20260528 00:04:49.-2147483648 43601 pose_extrapolator.cc:83] No odometry data for time: 639146960864425910 (earliest: 639146960864516740)
[cartographer_node-1] [WARN] [1779894289.874278556] [cartographer logger]: W20260528 00:04:49.-2147483648 43601 pose_extrapolator.cc:83] No odometry data for time: 639146960864425910 (earliest: 639146960864516740)
[cartographer_node-1] [WARN] [1779894289.874286613] [cartographer logger]: W20260528 00:04:49.-2147483648 43601 pose_extrapolator.cc:83] No odometry data for time: 639146960864425910 (earliest: 639146960864516740)
[cartographer_node-1] [WARN] [1779894289.874297234] [cartographer logger]: W20260528 00:04:49.-2147483648 43601 pose_extrapolator.cc:83] No odometry data for time: 639146960864425910 (earliest: 639146960864516740)
[cartographer_node-1] [WARN] [1779894289.874306234] [cartographer logger]: W20260528 00:04:49.-2147483648 43601 pose_extrapolator.cc:83] No odometry data for time: 639146960864425910 (earliest: 639146960864516740)
[cartographer_node-1] [WARN] [1779894289.874314919] [cartographer logger]: W20260528 00:04:49.-2147483648 43601 pose_extrapolator.cc:83] No odometry data for time: 639146960864425910 (earliest: 639146960864516740)
[cartographer_node-1] [WARN] [1779894289.874325847] [cartographer logger]: W20260528 00:04:49.-2147483648 43601 pose_extrapolator.cc:83] No odometry data for time: 639146960864425910 (earliest: 639146960864516740)
[cartographer_node-1] [WARN] [1779894289.874334850] [cartographer logger]: W20260528 00:04:49.-2147483648 43601 pose_extrapolator.cc:83] No odometry data for time: 639146960864425910 (earliest: 639146960864516740)
[cartographer_node-1] [WARN] [1779894289.874342897] [cartographer logger]: W20260528 00:04:49.-2147483648 43601 pose_extrapolator.cc:83] No odometry data for time: 639146960864425910 (earliest: 639146960864516740)
[cartographer_node-1] [WARN] [1779894289.874351552] [cartographer logger]: W20260528 00:04:49.-2147483648 43601 pose_extrapolator.cc:83] No odometry data for time: 639146960864425910 (earliest: 639146960864516740)
[cartographer_node-1] [WARN] [1779894289.874359433] [cartographer logger]: W20260528 00:04:49.-2147483648 43601 pose_extrapolator.cc:83] No odometry data for time: 639146960864425910 (earliest: 639146960864516740)
[cartographer_node-1] [WARN] [1779894289.874367616] [cartographer logger]: W20260528 00:04:49.-2147483648 43601 pose_extrapolator.cc:83] No odometry data for time: 639146960864425910 (earliest: 639146960864516740)
[cartographer_node-1] [WARN] [1779894289.874375850] [cartographer logger]: W20260528 00:04:49.-2147483648 43601 pose_extrapolator.cc:83] No odometry data for time: 639146960864425910 (earliest: 639146960864516740)
[cartographer_node-1] [WARN] [1779894289.874383423] [cartographer logger]: W20260528 00:04:49.-2147483648 43601 pose_extrapolator.cc:83] No odometry data for time: 639146960864425910 (earliest: 639146960864516740)
[cartographer_node-1] [WARN] [1779894289.874391051] [cartographer logger]: W20260528 00:04:49.-2147483648 43601 pose_extrapolator.cc:83] No odometry data for time: 639146960864425910 (earliest: 639146960864516740)
[cartographer_node-1] [WARN] [1779894289.874399059] [cartographer logger]: W20260528 00:04:49.-2147483648 43601 pose_extrapolator.cc:83] No odometry data for time: 639146960864425910 (earliest: 639146960864516740)
[cartographer_node-1] [WARN] [1779894289.874407046] [cartographer logger]: W20260528 00:04:49.-2147483648 43601 pose_extrapolator.cc:83] No odometry data for time: 639146960864425910 (earliest: 639146960864516740)
[cartographer_node-1] [WARN] [1779894289.874415242] [cartographer logger]: W20260528 00:04:49.-2147483648 43601 pose_extrapolator.cc:83] No odometry data for time: 639146960864425910 (earliest: 639146960864516740)
[cartographer_node-1] [WARN] [1779894289.874422926] [cartographer logger]: W20260528 00:04:49.-2147483648 43601 pose_extrapolator.cc:83] No odometry data for time: 639146960864425910 (earliest: 639146960864516740)
[cartographer_node-1] [WARN] [1779894289.874431023] [cartographer logger]: W20260528 00:04:49.-2147483648 43601 pose_extrapolator.cc:83] No odometry data for time: 639146960864425910 (earliest: 639146960864516740)
[cartographer_node-1] [WARN] [1779894289.874438542] [cartographer logger]: W20260528 00:04:49.-2147483648 43601 pose_extrapolator.cc:83] No odometry data for time: 639146960864425910 (earliest: 639146960864516740)
[cartographer_node-1] [WARN] [1779894289.874446678] [cartographer logger]: W20260528 00:04:49.-2147483648 43601 pose_extrapolator.cc:83] No odometry data for time: 639146960864425910 (earliest: 639146960864516740)
[cartographer_node-1] [WARN] [1779894289.874454737] [cartographer logger]: W20260528 00:04:49.-2147483648 43601 pose_extrapolator.cc:83] No odometry data for time: 639146960864425910 (earliest: 639146960864516740)
[cartographer_node-1] [WARN] [1779894289.874462209] [cartographer logger]: W20260528 00:04:49.-2147483648 43601 pose_extrapolator.cc:83] No odometry data for time: 639146960864425910 (earliest: 639146960864516740)
[cartographer_node-1] [WARN] [1779894289.874472333] [cartographer logger]: W20260528 00:04:49.-2147483648 43601 pose_extrapolator.cc:83] No odometry data for time: 639146960864425910 (earliest: 639146960864516740)
[cartographer_node-1] [WARN] [1779894289.874480595] [cartographer logger]: W20260528 00:04:49.-2147483648 43601 pose_extrapolator.cc:83] No odometry data for time: 639146960864425910 (earliest: 639146960864516740)
[cartographer_node-1] [WARN] [1779894289.874488897] [cartographer logger]: W20260528 00:04:49.-2147483648 43601 pose_extrapolator.cc:83] No odometry data for time: 639146960864425910 (earliest: 639146960864516740)
[cartographer_node-1] [WARN] [1779894289.874497004] [cartographer logger]: W20260528 00:04:49.-2147483648 43601 pose_extrapolator.cc:83] No odometry data for time: 639146960864425910 (earliest: 639146960864516740)
[cartographer_node-1] [WARN] [1779894289.874504629] [cartographer logger]: W20260528 00:04:49.-2147483648 43601 pose_extrapolator.cc:83] No odometry data for time: 639146960864425910 (earliest: 639146960864516740)
[cartographer_node-1] [WARN] [1779894289.874514964] [cartographer logger]: W20260528 00:04:49.-2147483648 43601 pose_extrapolator.cc:83] No odometry data for time: 639146960864425910 (earliest: 639146960864516740)
[cartographer_node-1] [WARN] [1779894289.874523464] [cartographer logger]: W20260528 00:04:49.-2147483648 43601 pose_extrapolator.cc:83] No odometry data for time: 639146960864425910 (earliest: 639146960864516740)
[cartographer_node-1] [WARN] [1779894289.874531672] [cartographer logger]: W20260528 00:04:49.-2147483648 43601 pose_extrapolator.cc:83] No odometry data for time: 639146960864425910 (earliest: 639146960864516740)
[cartographer_node-1] [WARN] [1779894289.874539831] [cartographer logger]: W20260528 00:04:49.-2147483648 43601 pose_extrapolator.cc:83] No odometry data for time: 639146960864425910 (earliest: 639146960864516740)
[cartographer_node-1] [WARN] [1779894289.874547954] [cartographer logger]: W20260528 00:04:49.-2147483648 43601 pose_extrapolator.cc:83] No odometry data for time: 639146960864425910 (earliest: 639146960864516740)
[cartographer_node-1] [WARN] [1779894289.874555578] [cartographer logger]: W20260528 00:04:49.-2147483648 43601 pose_extrapolator.cc:83] No odometry data for time: 639146960864425910 (earliest: 639146960864516740)
[cartographer_node-1] [WARN] [1779894289.874565433] [cartographer logger]: W20260528 00:04:49.-2147483648 43601 pose_extrapolator.cc:83] No odometry data for time: 639146960864425910 (earliest: 639146960864516740)
[cartographer_node-1] [WARN] [1779894289.874573031] [cartographer logger]: W20260528 00:04:49.-2147483648 43601 pose_extrapolator.cc:83] No odometry data for time: 639146960864425910 (earliest: 639146960864516740)
[cartographer_node-1] [WARN] [1779894289.874584429] [cartographer logger]: W20260528 00:04:49.-2147483648 43601 pose_extrapolator.cc:83] No odometry data for time: 639146960864425910 (earliest: 639146960864516740)
[cartographer_node-1] [WARN] [1779894289.874592661] [cartographer logger]: W20260528 00:04:49.-2147483648 43601 pose_extrapolator.cc:83] No odometry data for time: 639146960864425910 (earliest: 639146960864516740)
[cartographer_node-1] [WARN] [1779894289.874600381] [cartographer logger]: W20260528 00:04:49.-2147483648 43601 pose_extrapolator.cc:83] No odometry data for time: 639146960864425910 (earliest: 639146960864516740)
[cartographer_node-1] [WARN] [1779894289.874608242] [cartographer logger]: W20260528 00:04:49.-2147483648 43601 pose_extrapolator.cc:83] No odometry data for time: 639146960864425910 (earliest: 639146960864516740)
[cartographer_node-1] [WARN] [1779894289.874616171] [cartographer logger]: W20260528 00:04:49.-2147483648 43601 pose_extrapolator.cc:83] No odometry data for time: 639146960864425910 (earliest: 639146960864516740)
[cartographer_node-1] [WARN] [1779894289.874623803] [cartographer logger]: W20260528 00:04:49.-2147483648 43601 pose_extrapolator.cc:83] No odometry data for time: 639146960864425910 (earliest: 639146960864516740)
[cartographer_node-1] [WARN] [1779894289.874631428] [cartographer logger]: W20260528 00:04:49.-2147483648 43601 pose_extrapolator.cc:83] No odometry data for time: 639146960864425910 (earliest: 639146960864516740)
[cartographer_node-1] [WARN] [1779894289.874639080] [cartographer logger]: W20260528 00:04:49.-2147483648 43601 pose_extrapolator.cc:83] No odometry data for time: 639146960864425910 (earliest: 639146960864516740)
[cartographer_node-1] [WARN] [1779894289.874646788] [cartographer logger]: W20260528 00:04:49.-2147483648 43601 pose_extrapolator.cc:83] No odometry data for time: 639146960864425910 (earliest: 639146960864516740)
[cartographer_node-1] [WARN] [1779894289.874656792] [cartographer logger]: W20260528 00:04:49.-2147483648 43601 pose_extrapolator.cc:83] No odometry data for time: 639146960864425910 (earliest: 639146960864516740)
[cartographer_node-1] [WARN] [1779894289.874664485] [cartographer logger]: W20260528 00:04:49.-2147483648 43601 pose_extrapolator.cc:83] No odometry data for time: 639146960864425910 (earliest: 639146960864516740)
[cartographer_node-1] [WARN] [1779894289.874672222] [cartographer logger]: W20260528 00:04:49.-2147483648 43601 pose_extrapolator.cc:83] No odometry data for time: 639146960864425910 (earliest: 639146960864516740)
[cartographer_node-1] [WARN] [1779894289.874680361] [cartographer logger]: W20260528 00:04:49.-2147483648 43601 pose_extrapolator.cc:83] No odometry data for time: 639146960864425910 (earliest: 639146960864516740)
[cartographer_node-1] [WARN] [1779894289.874688010] [cartographer logger]: W20260528 00:04:49.-2147483648 43601 pose_extrapolator.cc:83] No odometry data for time: 639146960864425910 (earliest: 639146960864516740)
[cartographer_node-1] [WARN] [1779894289.874695586] [cartographer logger]: W20260528 00:04:49.-2147483648 43601 pose_extrapolator.cc:83] No odometry data for time: 639146960864425910 (earliest: 639146960864516740)
[cartographer_node-1] [WARN] [1779894289.874703179] [cartographer logger]: W20260528 00:04:49.-2147483648 43601 pose_extrapolator.cc:83] No odometry data for time: 639146960864425910 (earliest: 639146960864516740)
[cartographer_node-1] [WARN] [1779894289.874710745] [cartographer logger]: W20260528 00:04:49.-2147483648 43601 pose_extrapolator.cc:83] No odometry data for time: 639146960864425910 (earliest: 639146960864516740)
[cartographer_node-1] [WARN] [1779894289.874718313] [cartographer logger]: W20260528 00:04:49.-2147483648 43601 pose_extrapolator.cc:83] No odometry data for time: 639146960864425910 (earliest: 639146960864516740)
[cartographer_node-1] [WARN] [1779894289.874725751] [cartographer logger]: W20260528 00:04:49.-2147483648 43601 pose_extrapolator.cc:83] No odometry data for time: 639146960864425910 (earliest: 639146960864516740)
[cartographer_node-1] [WARN] [1779894289.874733245] [cartographer logger]: W20260528 00:04:49.-2147483648 43601 pose_extrapolator.cc:83] No odometry data for time: 639146960864425910 (earliest: 639146960864516740)
[cartographer_node-1] [WARN] [1779894289.874740839] [cartographer logger]: W20260528 00:04:49.-2147483648 43601 pose_extrapolator.cc:83] No odometry data for time: 639146960864425910 (earliest: 639146960864516740)
[cartographer_node-1] [WARN] [1779894289.874748308] [cartographer logger]: W20260528 00:04:49.-2147483648 43601 pose_extrapolator.cc:83] No odometry data for time: 639146960864425910 (earliest: 639146960864516740)
[cartographer_node-1] [WARN] [1779894289.874756008] [cartographer logger]: W20260528 00:04:49.-2147483648 43601 pose_extrapolator.cc:83] No odometry data for time: 639146960864425910 (earliest: 639146960864516740)
[cartographer_node-1] [WARN] [1779894289.874763699] [cartographer logger]: W20260528 00:04:49.-2147483648 43601 pose_extrapolator.cc:83] No odometry data for time: 639146960864425910 (earliest: 639146960864516740)
[cartographer_node-1] [WARN] [1779894289.874771454] [cartographer logger]: W20260528 00:04:49.-2147483648 43601 pose_extrapolator.cc:83] No odometry data for time: 639146960864425910 (earliest: 639146960864516740)
[cartographer_node-1] [WARN] [1779894289.874779293] [cartographer logger]: W20260528 00:04:49.-2147483648 43601 pose_extrapolator.cc:83] No odometry data for time: 639146960864425910 (earliest: 639146960864516740)
[cartographer_node-1] [WARN] [1779894289.874786916] [cartographer logger]: W20260528 00:04:49.-2147483648 43601 pose_extrapolator.cc:83] No odometry data for time: 639146960864425910 (earliest: 639146960864516740)
[cartographer_node-1] [WARN] [1779894289.874794562] [cartographer logger]: W20260528 00:04:49.-2147483648 43601 pose_extrapolator.cc:83] No odometry data for time: 639146960864425910 (earliest: 639146960864516740)
[cartographer_node-1] [WARN] [1779894289.874802242] [cartographer logger]: W20260528 00:04:49.-2147483648 43601 pose_extrapolator.cc:83] No odometry data for time: 639146960864425910 (earliest: 639146960864516740)
[cartographer_node-1] [WARN] [1779894289.874811372] [cartographer logger]: W20260528 00:04:49.-2147483648 43601 pose_extrapolator.cc:83] No odometry data for time: 639146960864425910 (earliest: 639146960864516740)
[cartographer_node-1] [WARN] [1779894289.874827736] [cartographer logger]: W20260528 00:04:49.-2147483648 43601 pose_extrapolator.cc:83] No odometry data for time: 639146960864425910 (earliest: 639146960864516740)
[cartographer_node-1] [WARN] [1779894289.874836738] [cartographer logger]: W20260528 00:04:49.-2147483648 43601 pose_extrapolator.cc:83] No odometry data for time: 639146960864425910 (earliest: 639146960864516740)
[cartographer_node-1] [WARN] [1779894289.874844385] [cartographer logger]: W20260528 00:04:49.-2147483648 43601 pose_extrapolator.cc:83] No odometry data for time: 639146960864425910 (earliest: 639146960864516740)
[cartographer_node-1] [WARN] [1779894289.874851968] [cartographer logger]: W20260528 00:04:49.-2147483648 43601 pose_extrapolator.cc:83] No odometry data for time: 639146960864425910 (earliest: 639146960864516740)
[cartographer_node-1] [WARN] [1779894289.874859587] [cartographer logger]: W20260528 00:04:49.-2147483648 43601 pose_extrapolator.cc:83] No odometry data for time: 639146960864425910 (earliest: 639146960864516740)
[cartographer_node-1] [WARN] [1779894289.874867110] [cartographer logger]: W20260528 00:04:49.-2147483648 43601 pose_extrapolator.cc:83] No odometry data for time: 639146960864425910 (earliest: 639146960864516740)
[cartographer_node-1] [WARN] [1779894289.874874628] [cartographer logger]: W20260528 00:04:49.-2147483648 43601 pose_extrapolator.cc:83] No odometry data for time: 639146960864425910 (earliest: 639146960864516740)
[cartographer_node-1] [WARN] [1779894289.874882317] [cartographer logger]: W20260528 00:04:49.-2147483648 43601 pose_extrapolator.cc:83] No odometry data for time: 639146960864425910 (earliest: 639146960864516740)
[cartographer_node-1] [WARN] [1779894289.874889841] [cartographer logger]: W20260528 00:04:49.-2147483648 43601 pose_extrapolator.cc:83] No odometry data for time: 639146960864425910 (earliest: 639146960864516740)
[cartographer_node-1] [WARN] [1779894289.874897372] [cartographer logger]: W20260528 00:04:49.-2147483648 43601 pose_extrapolator.cc:83] No odometry data for time: 639146960864425910 (earliest: 639146960864516740)
[cartographer_node-1] [WARN] [1779894289.874904898] [cartographer logger]: W20260528 00:04:49.-2147483648 43601 pose_extrapolator.cc:83] No odometry data for time: 639146960864425910 (earliest: 639146960864516740)
[cartographer_node-1] [WARN] [1779894289.874912528] [cartographer logger]: W20260528 00:04:49.-2147483648 43601 pose_extrapolator.cc:83] No odometry data for time: 639146960864425910 (earliest: 639146960864516740)
[cartographer_node-1] [WARN] [1779894289.874920145] [cartographer logger]: W20260528 00:04:49.-2147483648 43601 pose_extrapolator.cc:83] No odometry data for time: 639146960864425910 (earliest: 639146960864516740)
[cartographer_node-1] [WARN] [1779894289.874927761] [cartographer logger]: W20260528 00:04:49.-2147483648 43601 pose_extrapolator.cc:83] No odometry data for time: 639146960864425910 (earliest: 639146960864516740)
[cartographer_node-1] [WARN] [1779894289.874935511] [cartographer logger]: W20260528 00:04:49.-2147483648 43601 pose_extrapolator.cc:83] No odometry data for time: 639146960864425910 (earliest: 639146960864516740)
[cartographer_node-1] [WARN] [1779894289.874943121] [cartographer logger]: W20260528 00:04:49.-2147483648 43601 pose_extrapolator.cc:83] No odometry data for time: 639146960864425910 (earliest: 639146960864516740)
[cartographer_node-1] [WARN] [1779894289.874950686] [cartographer logger]: W20260528 00:04:49.-2147483648 43601 pose_extrapolator.cc:83] No odometry data for time: 639146960864425910 (earliest: 639146960864516740)
[cartographer_node-1] [WARN] [1779894289.874958945] [cartographer logger]: W20260528 00:04:49.-2147483648 43601 pose_extrapolator.cc:83] No odometry data for time: 639146960864425910 (earliest: 639146960864516740)
[cartographer_node-1] [WARN] [1779894289.874967258] [cartographer logger]: W20260528 00:04:49.-2147483648 43601 pose_extrapolator.cc:83] No odometry data for time: 639146960864425910 (earliest: 639146960864516740)
[cartographer_node-1] [WARN] [1779894289.874974873] [cartographer logger]: W20260528 00:04:49.-2147483648 43601 pose_extrapolator.cc:83] No odometry data for time: 639146960864425910 (earliest: 639146960864516740)
[cartographer_node-1] [WARN] [1779894289.874983037] [cartographer logger]: W20260528 00:04:49.-2147483648 43601 pose_extrapolator.cc:83] No odometry data for time: 639146960864425910 (earliest: 639146960864516740)
[cartographer_node-1] [WARN] [1779894289.874993802] [cartographer logger]: W20260528 00:04:49.-2147483648 43601 pose_extrapolator.cc:83] No odometry data for time: 639146960864425910 (earliest: 639146960864516740)
[cartographer_node-1] [WARN] [1779894289.875001980] [cartographer logger]: W20260528 00:04:49.-2147483648 43601 pose_extrapolator.cc:83] No odometry data for time: 639146960864425910 (earliest: 639146960864516740)
[cartographer_node-1] [WARN] [1779894289.875009585] [cartographer logger]: W20260528 00:04:49.-2147483648 43601 pose_extrapolator.cc:83] No odometry data for time: 639146960864425910 (earliest: 639146960864516740)
[cartographer_node-1] [WARN] [1779894289.875017273] [cartographer logger]: W20260528 00:04:49.-2147483648 43601 pose_extrapolator.cc:83] No odometry data for time: 639146960864425910 (earliest: 639146960864516740)
[cartographer_node-1] [WARN] [1779894289.875025160] [cartographer logger]: W20260528 00:04:49.-2147483648 43601 pose_extrapolator.cc:83] No odometry data for time: 639146960864425910 (earliest: 639146960864516740)
[cartographer_node-1] [WARN] [1779894289.875032757] [cartographer logger]: W20260528 00:04:49.-2147483648 43601 pose_extrapolator.cc:83] No odometry data for time: 639146960864425910 (earliest: 639146960864516740)
[cartographer_node-1] [WARN] [1779894289.875040300] [cartographer logger]: W20260528 00:04:49.-2147483648 43601 pose_extrapolator.cc:83] No odometry data for time: 639146960864425910 (earliest: 639146960864516740)
[cartographer_node-1] [WARN] [1779894289.875048520] [cartographer logger]: W20260528 00:04:49.-2147483648 43601 pose_extrapolator.cc:83] No odometry data for time: 639146960864425910 (earliest: 639146960864516740)
[cartographer_node-1] [WARN] [1779894289.875057659] [cartographer logger]: W20260528 00:04:49.-2147483648 43601 pose_extrapolator.cc:83] No odometry data for time: 639146960864425910 (earliest: 639146960864516740)
[cartographer_node-1] [WARN] [1779894289.875065295] [cartographer logger]: W20260528 00:04:49.-2147483648 43601 pose_extrapolator.cc:83] No odometry data for time: 639146960864425910 (earliest: 639146960864516740)
[cartographer_node-1] [WARN] [1779894289.875076160] [cartographer logger]: W20260528 00:04:49.-2147483648 43601 pose_extrapolator.cc:83] No odometry data for time: 639146960864425910 (earliest: 639146960864516740)
[cartographer_node-1] [WARN] [1779894289.875085183] [cartographer logger]: W20260528 00:04:49.-2147483648 43601 pose_extrapolator.cc:83] No odometry data for time: 639146960864425910 (earliest: 639146960864516740)
[cartographer_node-1] [WARN] [1779894289.875092732] [cartographer logger]: W20260528 00:04:49.-2147483648 43601 pose_extrapolator.cc:83] No odometry data for time: 639146960864425910 (earliest: 639146960864516740)
[cartographer_node-1] [WARN] [1779894289.875100190] [cartographer logger]: W20260528 00:04:49.-2147483648 43601 pose_extrapolator.cc:83] No odometry data for time: 639146960864425910 (earliest: 639146960864516740)
[cartographer_node-1] [WARN] [1779894289.875107625] [cartographer logger]: W20260528 00:04:49.-2147483648 43601 pose_extrapolator.cc:83] No odometry data for time: 639146960864425910 (earliest: 639146960864516740)
[cartographer_node-1] [WARN] [1779894289.875115252] [cartographer logger]: W20260528 00:04:49.-2147483648 43601 pose_extrapolator.cc:83] No odometry data for time: 639146960864425910 (earliest: 639146960864516740)
[cartographer_node-1] [WARN] [1779894289.875123099] [cartographer logger]: W20260528 00:04:49.-2147483648 43601 pose_extrapolator.cc:83] No odometry data for time: 639146960864425910 (earliest: 639146960864516740)
[cartographer_node-1] [WARN] [1779894289.875130627] [cartographer logger]: W20260528 00:04:49.-2147483648 43601 pose_extrapolator.cc:83] No odometry data for time: 639146960864425910 (earliest: 639146960864516740)
[cartographer_node-1] [WARN] [1779894289.875138387] [cartographer logger]: W20260528 00:04:49.-2147483648 43601 pose_extrapolator.cc:83] No odometry data for time: 639146960864425910 (earliest: 639146960864516740)
[cartographer_node-1] [WARN] [1779894289.875145978] [cartographer logger]: W20260528 00:04:49.-2147483648 43601 pose_extrapolator.cc:83] No odometry data for time: 639146960864425910 (earliest: 639146960864516740)
[cartographer_node-1] [WARN] [1779894289.875153542] [cartographer logger]: W20260528 00:04:49.-2147483648 43601 pose_extrapolator.cc:83] No odometry data for time: 639146960864425910 (earliest: 639146960864516740)
[cartographer_node-1] [WARN] [1779894289.875161147] [cartographer logger]: W20260528 00:04:49.-2147483648 43601 pose_extrapolator.cc:83] No odometry data for time: 639146960864425910 (earliest: 639146960864516740)
[cartographer_node-1] [WARN] [1779894289.875171323] [cartographer logger]: W20260528 00:04:49.-2147483648 43601 pose_extrapolator.cc:83] No odometry data for time: 639146960864425910 (earliest: 639146960864516740)
[cartographer_node-1] [WARN] [1779894289.875178950] [cartographer logger]: W20260528 00:04:49.-2147483648 43601 pose_extrapolator.cc:83] No odometry data for time: 639146960864425910 (earliest: 639146960864516740)
[cartographer_node-1] [WARN] [1779894289.875186428] [cartographer logger]: W20260528 00:04:49.-2147483648 43601 pose_extrapolator.cc:83] No odometry data for time: 639146960864425910 (earliest: 639146960864516740)
[cartographer_node-1] [WARN] [1779894289.875193977] [cartographer logger]: W20260528 00:04:49.-2147483648 43601 pose_extrapolator.cc:83] No odometry data for time: 639146960864425910 (earliest: 639146960864516740)
[cartographer_node-1] [WARN] [1779894289.875201575] [cartographer logger]: W20260528 00:04:49.-2147483648 43601 pose_extrapolator.cc:83] No odometry data for time: 639146960864425910 (earliest: 639146960864516740)
[cartographer_node-1] [WARN] [1779894289.875209725] [cartographer logger]: W20260528 00:04:49.-2147483648 43601 pose_extrapolator.cc:83] No odometry data for time: 639146960864425910 (earliest: 639146960864516740)
[cartographer_node-1] [WARN] [1779894289.875217886] [cartographer logger]: W20260528 00:04:49.-2147483648 43601 pose_extrapolator.cc:83] No odometry data for time: 639146960864425910 (earliest: 639146960864516740)
[cartographer_node-1] [WARN] [1779894289.875225339] [cartographer logger]: W20260528 00:04:49.-2147483648 43601 pose_extrapolator.cc:83] No odometry data for time: 639146960864425910 (earliest: 639146960864516740)
[cartographer_node-1] [WARN] [1779894289.875232957] [cartographer logger]: W20260528 00:04:49.-2147483648 43601 pose_extrapolator.cc:83] No odometry data for time: 639146960864425910 (earliest: 639146960864516740)
[cartographer_node-1] [WARN] [1779894289.875240535] [cartographer logger]: W20260528 00:04:49.-2147483648 43601 pose_extrapolator.cc:83] No odometry data for time: 639146960864425910 (earliest: 639146960864516740)
[cartographer_node-1] [WARN] [1779894289.875248135] [cartographer logger]: W20260528 00:04:49.-2147483648 43601 pose_extrapolator.cc:83] No odometry data for time: 639146960864425910 (earliest: 639146960864516740)
[cartographer_node-1] [WARN] [1779894289.875255737] [cartographer logger]: W20260528 00:04:49.-2147483648 43601 pose_extrapolator.cc:83] No odometry data for time: 639146960864425910 (earliest: 639146960864516740)
[cartographer_node-1] [WARN] [1779894289.875263375] [cartographer logger]: W20260528 00:04:49.-2147483648 43601 pose_extrapolator.cc:83] No odometry data for time: 639146960864425910 (earliest: 639146960864516740)
[cartographer_node-1] [WARN] [1779894289.875271097] [cartographer logger]: W20260528 00:04:49.-2147483648 43601 pose_extrapolator.cc:83] No odometry data for time: 639146960864425910 (earliest: 639146960864516740)
[cartographer_node-1] [WARN] [1779894289.875278602] [cartographer logger]: W20260528 00:04:49.-2147483648 43601 pose_extrapolator.cc:83] No odometry data for time: 639146960864425910 (earliest: 639146960864516740)
[cartographer_node-1] [WARN] [1779894289.875286192] [cartographer logger]: W20260528 00:04:49.-2147483648 43601 pose_extrapolator.cc:83] No odometry data for time: 639146960864425910 (earliest: 639146960864516740)
[cartographer_node-1] [WARN] [1779894289.875293894] [cartographer logger]: W20260528 00:04:49.-2147483648 43601 pose_extrapolator.cc:83] No odometry data for time: 639146960864425910 (earliest: 639146960864516740)
[cartographer_node-1] [WARN] [1779894289.875302888] [cartographer logger]: W20260528 00:04:49.-2147483648 43601 pose_extrapolator.cc:83] No odometry data for time: 639146960864425910 (earliest: 639146960864516740)
[cartographer_node-1] [WARN] [1779894289.875310510] [cartographer logger]: W20260528 00:04:49.-2147483648 43601 pose_extrapolator.cc:83] No odometry data for time: 639146960864425910 (earliest: 639146960864516740)
[cartographer_node-1] [WARN] [1779894289.875321189] [cartographer logger]: W20260528 00:04:49.-2147483648 43601 pose_extrapolator.cc:83] No odometry data for time: 639146960864425910 (earliest: 639146960864516740)
[cartographer_node-1] [WARN] [1779894289.875331204] [cartographer logger]: W20260528 00:04:49.-2147483648 43601 pose_extrapolator.cc:83] No odometry data for time: 639146960864425910 (earliest: 639146960864516740)
[cartographer_node-1] [WARN] [1779894289.875341238] [cartographer logger]: W20260528 00:04:49.-2147483648 43601 pose_extrapolator.cc:83] No odometry data for time: 639146960864425910 (earliest: 639146960864516740)
[cartographer_node-1] [WARN] [1779894289.875348981] [cartographer logger]: W20260528 00:04:49.-2147483648 43601 pose_extrapolator.cc:83] No odometry data for time: 639146960864425910 (earliest: 639146960864516740)
[cartographer_node-1] [WARN] [1779894289.875356673] [cartographer logger]: W20260528 00:04:49.-2147483648 43601 pose_extrapolator.cc:83] No odometry data for time: 639146960864425910 (earliest: 639146960864516740)
[cartographer_node-1] [WARN] [1779894289.875364271] [cartographer logger]: W20260528 00:04:49.-2147483648 43601 pose_extrapolator.cc:83] No odometry data for time: 639146960864425910 (earliest: 639146960864516740)
[cartographer_node-1] [WARN] [1779894289.875371795] [cartographer logger]: W20260528 00:04:49.-2147483648 43601 pose_extrapolator.cc:83] No odometry data for time: 639146960864425910 (earliest: 639146960864516740)
[cartographer_node-1] [WARN] [1779894289.875379292] [cartographer logger]: W20260528 00:04:49.-2147483648 43601 pose_extrapolator.cc:83] No odometry data for time: 639146960864425910 (earliest: 639146960864516740)
[cartographer_node-1] [WARN] [1779894289.875387006] [cartographer logger]: W20260528 00:04:49.-2147483648 43601 pose_extrapolator.cc:83] No odometry data for time: 639146960864425910 (earliest: 639146960864516740)
[cartographer_node-1] [WARN] [1779894289.875395051] [cartographer logger]: W20260528 00:04:49.-2147483648 43601 pose_extrapolator.cc:83] No odometry data for time: 639146960864425910 (earliest: 639146960864516740)
[cartographer_node-1] [WARN] [1779894289.875403282] [cartographer logger]: W20260528 00:04:49.-2147483648 43601 pose_extrapolator.cc:83] No odometry data for time: 639146960864425910 (earliest: 639146960864516740)
[cartographer_node-1] [WARN] [1779894289.875411230] [cartographer logger]: W20260528 00:04:49.-2147483648 43601 pose_extrapolator.cc:83] No odometry data for time: 639146960864425910 (earliest: 639146960864516740)
[cartographer_node-1] [WARN] [1779894289.875418834] [cartographer logger]: W20260528 00:04:49.-2147483648 43601 pose_extrapolator.cc:83] No odometry data for time: 639146960864425910 (earliest: 639146960864516740)
[cartographer_node-1] [WARN] [1779894289.875426565] [cartographer logger]: W20260528 00:04:49.-2147483648 43601 pose_extrapolator.cc:83] No odometry data for time: 639146960864425910 (earliest: 639146960864516740)
[cartographer_node-1] [WARN] [1779894289.875434115] [cartographer logger]: W20260528 00:04:49.-2147483648 43601 pose_extrapolator.cc:83] No odometry data for time: 639146960864425910 (earliest: 639146960864516740)
[cartographer_node-1] [WARN] [1779894289.875441729] [cartographer logger]: W20260528 00:04:49.-2147483648 43601 pose_extrapolator.cc:83] No odometry data for time: 639146960864425910 (earliest: 639146960864516740)
[cartographer_node-1] [WARN] [1779894289.875449344] [cartographer logger]: W20260528 00:04:49.-2147483648 43601 pose_extrapolator.cc:83] No odometry data for time: 639146960864425910 (earliest: 639146960864516740)
[cartographer_node-1] [WARN] [1779894289.875456877] [cartographer logger]: W20260528 00:04:49.-2147483648 43601 pose_extrapolator.cc:83] No odometry data for time: 639146960864425910 (earliest: 639146960864516740)
[cartographer_node-1] [WARN] [1779894289.875465086] [cartographer logger]: W20260528 00:04:49.-2147483648 43601 pose_extrapolator.cc:83] No odometry data for time: 639146960864425910 (earliest: 639146960864516740)
[cartographer_node-1] [WARN] [1779894289.875472813] [cartographer logger]: W20260528 00:04:49.-2147483648 43601 pose_extrapolator.cc:83] No odometry data for time: 639146960864425910 (earliest: 639146960864516740)
[cartographer_node-1] [WARN] [1779894289.875481058] [cartographer logger]: W20260528 00:04:49.-2147483648 43601 pose_extrapolator.cc:83] No odometry data for time: 639146960864425910 (earliest: 639146960864516740)
[cartographer_node-1] [WARN] [1779894289.875489270] [cartographer logger]: W20260528 00:04:49.-2147483648 43601 pose_extrapolator.cc:83] No odometry data for time: 639146960864425910 (earliest: 639146960864516740)
[cartographer_node-1] [WARN] [1779894289.875496940] [cartographer logger]: W20260528 00:04:49.-2147483648 43601 pose_extrapolator.cc:83] No odometry data for time: 639146960864425910 (earliest: 639146960864516740)
[cartographer_node-1] [WARN] [1779894289.875507541] [cartographer logger]: W20260528 00:04:49.-2147483648 43601 pose_extrapolator.cc:83] No odometry data for time: 639146960864425910 (earliest: 639146960864516740)
[cartographer_node-1] [WARN] [1779894289.875518115] [cartographer logger]: W20260528 00:04:49.-2147483648 43601 pose_extrapolator.cc:83] No odometry data for time: 639146960864425910 (earliest: 639146960864516740)
[cartographer_node-1] [WARN] [1779894289.875526028] [cartographer logger]: W20260528 00:04:49.-2147483648 43601 pose_extrapolator.cc:83] No odometry data for time: 639146960864425910 (earliest: 639146960864516740)
[cartographer_node-1] [WARN] [1779894289.875534194] [cartographer logger]: W20260528 00:04:49.-2147483648 43601 pose_extrapolator.cc:83] No odometry data for time: 639146960864425910 (earliest: 639146960864516740)
[cartographer_node-1] [WARN] [1779894289.875542470] [cartographer logger]: W20260528 00:04:49.-2147483648 43601 pose_extrapolator.cc:83] No odometry data for time: 639146960864425910 (earliest: 639146960864516740)
[cartographer_node-1] [WARN] [1779894289.875551675] [cartographer logger]: W20260528 00:04:49.-2147483648 43601 pose_extrapolator.cc:83] No odometry data for time: 639146960864425910 (earliest: 639146960864516740)
[cartographer_node-1] [WARN] [1779894289.875559850] [cartographer logger]: W20260528 00:04:49.-2147483648 43601 pose_extrapolator.cc:83] No odometry data for time: 639146960864425910 (earliest: 639146960864516740)
[cartographer_node-1] [WARN] [1779894289.875571141] [cartographer logger]: W20260528 00:04:49.-2147483648 43601 pose_extrapolator.cc:83] No odometry data for time: 639146960864425910 (earliest: 639146960864516740)
[cartographer_node-1] [WARN] [1779894289.875579516] [cartographer logger]: W20260528 00:04:49.-2147483648 43601 pose_extrapolator.cc:83] No odometry data for time: 639146960864425910 (earliest: 639146960864516740)
[cartographer_node-1] [WARN] [1779894289.875587830] [cartographer logger]: W20260528 00:04:49.-2147483648 43601 pose_extrapolator.cc:83] No odometry data for time: 639146960864425910 (earliest: 639146960864516740)
[cartographer_node-1] [WARN] [1779894289.875595528] [cartographer logger]: W20260528 00:04:49.-2147483648 43601 pose_extrapolator.cc:83] No odometry data for time: 639146960864425910 (earliest: 639146960864516740)
[cartographer_node-1] [WARN] [1779894289.875603696] [cartographer logger]: W20260528 00:04:49.-2147483648 43601 pose_extrapolator.cc:83] No odometry data for time: 639146960864425910 (earliest: 639146960864516740)
[cartographer_node-1] [WARN] [1779894289.875611273] [cartographer logger]: W20260528 00:04:49.-2147483648 43601 pose_extrapolator.cc:83] No odometry data for time: 639146960864425910 (earliest: 639146960864516740)
[cartographer_node-1] [WARN] [1779894289.875619962] [cartographer logger]: W20260528 00:04:49.-2147483648 43601 pose_extrapolator.cc:83] No odometry data for time: 639146960864425910 (earliest: 639146960864516740)
[cartographer_node-1] [WARN] [1779894289.875628016] [cartographer logger]: W20260528 00:04:49.-2147483648 43601 pose_extrapolator.cc:83] No odometry data for time: 639146960864425910 (earliest: 639146960864516740)
[cartographer_node-1] [WARN] [1779894289.875636081] [cartographer logger]: W20260528 00:04:49.-2147483648 43601 pose_extrapolator.cc:83] No odometry data for time: 639146960864425910 (earliest: 639146960864516740)
[cartographer_node-1] [WARN] [1779894289.875644147] [cartographer logger]: W20260528 00:04:49.-2147483648 43601 pose_extrapolator.cc:83] No odometry data for time: 639146960864425910 (earliest: 639146960864516740)
[cartographer_node-1] [WARN] [1779894289.875652344] [cartographer logger]: W20260528 00:04:49.-2147483648 43601 pose_extrapolator.cc:83] No odometry data for time: 639146960864425910 (earliest: 639146960864516740)
[cartographer_node-1] [WARN] [1779894289.875660072] [cartographer logger]: W20260528 00:04:49.-2147483648 43601 pose_extrapolator.cc:83] No odometry data for time: 639146960864425910 (earliest: 639146960864516740)
[cartographer_node-1] [WARN] [1779894289.875668278] [cartographer logger]: W20260528 00:04:49.-2147483648 43601 pose_extrapolator.cc:83] No odometry data for time: 639146960864425910 (earliest: 639146960864516740)
[cartographer_node-1] [WARN] [1779894289.875676429] [cartographer logger]: W20260528 00:04:49.-2147483648 43601 pose_extrapolator.cc:83] No odometry data for time: 639146960864425910 (earliest: 639146960864516740)
[cartographer_node-1] [WARN] [1779894289.875684065] [cartographer logger]: W20260528 00:04:49.-2147483648 43601 pose_extrapolator.cc:83] No odometry data for time: 639146960864425910 (earliest: 639146960864516740)
[cartographer_node-1] [WARN] [1779894289.875695398] [cartographer logger]: W20260528 00:04:49.-2147483648 43601 pose_extrapolator.cc:83] No odometry data for time: 639146960864425910 (earliest: 639146960864516740)
[cartographer_node-1] [WARN] [1779894289.875703633] [cartographer logger]: W20260528 00:04:49.-2147483648 43601 pose_extrapolator.cc:83] No odometry data for time: 639146960864425910 (earliest: 639146960864516740)
[cartographer_node-1] [WARN] [1779894289.875711687] [cartographer logger]: W20260528 00:04:49.-2147483648 43601 pose_extrapolator.cc:83] No odometry data for time: 639146960864425910 (earliest: 639146960864516740)
[cartographer_node-1] [WARN] [1779894289.875720230] [cartographer logger]: W20260528 00:04:49.-2147483648 43601 pose_extrapolator.cc:83] No odometry data for time: 639146960864425910 (earliest: 639146960864516740)
[cartographer_node-1] [WARN] [1779894289.875728384] [cartographer logger]: W20260528 00:04:49.-2147483648 43601 pose_extrapolator.cc:83] No odometry data for time: 639146960864425910 (earliest: 639146960864516740)
[cartographer_node-1] [WARN] [1779894289.875736658] [cartographer logger]: W20260528 00:04:49.-2147483648 43601 pose_extrapolator.cc:83] No odometry data for time: 639146960864425910 (earliest: 639146960864516740)
[cartographer_node-1] [WARN] [1779894289.875745066] [cartographer logger]: W20260528 00:04:49.-2147483648 43601 pose_extrapolator.cc:83] No odometry data for time: 639146960864425910 (earliest: 639146960864516740)
[cartographer_node-1] [WARN] [1779894289.875753244] [cartographer logger]: W20260528 00:04:49.-2147483648 43601 pose_extrapolator.cc:83] No odometry data for time: 639146960864425910 (earliest: 639146960864516740)
[cartographer_node-1] [WARN] [1779894289.875761234] [cartographer logger]: W20260528 00:04:49.-2147483648 43601 pose_extrapolator.cc:83] No odometry data for time: 639146960864425910 (earliest: 639146960864516740)
[cartographer_node-1] [WARN] [1779894289.875768727] [cartographer logger]: W20260528 00:04:49.-2147483648 43601 pose_extrapolator.cc:83] No odometry data for time: 639146960864425910 (earliest: 639146960864516740)
[cartographer_node-1] [WARN] [1779894289.875776760] [cartographer logger]: W20260528 00:04:49.-2147483648 43601 pose_extrapolator.cc:83] No odometry data for time: 639146960864425910 (earliest: 639146960864516740)
[cartographer_node-1] [WARN] [1779894289.875784780] [cartographer logger]: W20260528 00:04:49.-2147483648 43601 pose_extrapolator.cc:83] No odometry data for time: 639146960864425910 (earliest: 639146960864516740)
[cartographer_node-1] [WARN] [1779894289.875793750] [cartographer logger]: W20260528 00:04:49.-2147483648 43601 pose_extrapolator.cc:83] No odometry data for time: 639146960864425910 (earliest: 639146960864516740)
[cartographer_node-1] [WARN] [1779894289.875801827] [cartographer logger]: W20260528 00:04:49.-2147483648 43601 pose_extrapolator.cc:83] No odometry data for time: 639146960864425910 (earliest: 639146960864516740)
[cartographer_node-1] [WARN] [1779894289.875811263] [cartographer logger]: W20260528 00:04:49.-2147483648 43601 pose_extrapolator.cc:83] No odometry data for time: 639146960864425910 (earliest: 639146960864516740)
[cartographer_node-1] [WARN] [1779894289.875818915] [cartographer logger]: W20260528 00:04:49.-2147483648 43601 pose_extrapolator.cc:83] No odometry data for time: 639146960864425910 (earliest: 639146960864516740)
[cartographer_node-1] [WARN] [1779894289.875831050] [cartographer logger]: W20260528 00:04:49.-2147483648 43601 pose_extrapolator.cc:83] No odometry data for time: 639146960864425910 (earliest: 639146960864516740)
[cartographer_node-1] [WARN] [1779894289.875839500] [cartographer logger]: W20260528 00:04:49.-2147483648 43601 pose_extrapolator.cc:83] No odometry data for time: 639146960864425910 (earliest: 639146960864516740)
[cartographer_node-1] [WARN] [1779894289.875847646] [cartographer logger]: W20260528 00:04:49.-2147483648 43601 pose_extrapolator.cc:83] No odometry data for time: 639146960864425910 (earliest: 639146960864516740)
[cartographer_node-1] [WARN] [1779894289.875855712] [cartographer logger]: W20260528 00:04:49.-2147483648 43601 pose_extrapolator.cc:83] No odometry data for time: 639146960864425910 (earliest: 639146960864516740)
[cartographer_node-1] [WARN] [1779894289.875863851] [cartographer logger]: W20260528 00:04:49.-2147483648 43601 pose_extrapolator.cc:83] No odometry data for time: 639146960864425910 (earliest: 639146960864516740)
[cartographer_node-1] [WARN] [1779894289.875874444] [cartographer logger]: W20260528 00:04:49.-2147483648 43601 pose_extrapolator.cc:83] No odometry data for time: 639146960864425910 (earliest: 639146960864516740)
[cartographer_node-1] [WARN] [1779894289.875882053] [cartographer logger]: W20260528 00:04:49.-2147483648 43601 pose_extrapolator.cc:83] No odometry data for time: 639146960864425910 (earliest: 639146960864516740)
[cartographer_node-1] [WARN] [1779894289.875890167] [cartographer logger]: W20260528 00:04:49.-2147483648 43601 pose_extrapolator.cc:83] No odometry data for time: 639146960864425910 (earliest: 639146960864516740)
[cartographer_node-1] [WARN] [1779894289.875897781] [cartographer logger]: W20260528 00:04:49.-2147483648 43601 pose_extrapolator.cc:83] No odometry data for time: 639146960864425910 (earliest: 639146960864516740)
[cartographer_node-1] [WARN] [1779894289.875905147] [cartographer logger]: W20260528 00:04:49.-2147483648 43601 pose_extrapolator.cc:83] No odometry data for time: 639146960864425910 (earliest: 639146960864516740)
[cartographer_node-1] [WARN] [1779894289.875913353] [cartographer logger]: W20260528 00:04:49.-2147483648 43601 pose_extrapolator.cc:83] No odometry data for time: 639146960864425910 (earliest: 639146960864516740)
[cartographer_node-1] [WARN] [1779894289.875920921] [cartographer logger]: W20260528 00:04:49.-2147483648 43601 pose_extrapolator.cc:83] No odometry data for time: 639146960864425910 (earliest: 639146960864516740)
[cartographer_node-1] [WARN] [1779894289.875928565] [cartographer logger]: W20260528 00:04:49.-2147483648 43601 pose_extrapolator.cc:83] No odometry data for time: 639146960864425910 (earliest: 639146960864516740)
[cartographer_node-1] [WARN] [1779894289.875936643] [cartographer logger]: W20260528 00:04:49.-2147483648 43601 pose_extrapolator.cc:83] No odometry data for time: 639146960864425910 (earliest: 639146960864516740)
[cartographer_node-1] [WARN] [1779894289.875944669] [cartographer logger]: W20260528 00:04:49.-2147483648 43601 pose_extrapolator.cc:83] No odometry data for time: 639146960864425910 (earliest: 639146960864516740)
[cartographer_node-1] [WARN] [1779894289.875952651] [cartographer logger]: W20260528 00:04:49.-2147483648 43601 pose_extrapolator.cc:83] No odometry data for time: 639146960864425910 (earliest: 639146960864516740)
[cartographer_node-1] [WARN] [1779894289.875960212] [cartographer logger]: W20260528 00:04:49.-2147483648 43601 pose_extrapolator.cc:83] No odometry data for time: 639146960864425910 (earliest: 639146960864516740)
[cartographer_node-1] [WARN] [1779894289.875968674] [cartographer logger]: W20260528 00:04:49.-2147483648 43601 pose_extrapolator.cc:83] No odometry data for time: 639146960864425910 (earliest: 639146960864516740)
[cartographer_node-1] [WARN] [1779894289.875976662] [cartographer logger]: W20260528 00:04:49.-2147483648 43601 pose_extrapolator.cc:83] No odometry data for time: 639146960864425910 (earliest: 639146960864516740)
[cartographer_node-1] [WARN] [1779894289.875984136] [cartographer logger]: W20260528 00:04:49.-2147483648 43601 pose_extrapolator.cc:83] No odometry data for time: 639146960864425910 (earliest: 639146960864516740)
[cartographer_node-1] [WARN] [1779894289.875992190] [cartographer logger]: W20260528 00:04:49.-2147483648 43601 pose_extrapolator.cc:83] No odometry data for time: 639146960864425910 (earliest: 639146960864516740)
[cartographer_node-1] [WARN] [1779894289.875999749] [cartographer logger]: W20260528 00:04:49.-2147483648 43601 pose_extrapolator.cc:83] No odometry data for time: 639146960864425910 (earliest: 639146960864516740)
[cartographer_node-1] [WARN] [1779894289.876007780] [cartographer logger]: W20260528 00:04:49.-2147483648 43601 pose_extrapolator.cc:83] No odometry data for time: 639146960864425910 (earliest: 639146960864516740)
[cartographer_node-1] [WARN] [1779894289.876015860] [cartographer logger]: W20260528 00:04:49.-2147483648 43601 pose_extrapolator.cc:83] No odometry data for time: 639146960864425910 (earliest: 639146960864516740)
[cartographer_node-1] [WARN] [1779894289.876024042] [cartographer logger]: W20260528 00:04:49.-2147483648 43601 pose_extrapolator.cc:83] No odometry data for time: 639146960864425910 (earliest: 639146960864516740)
[cartographer_node-1] [WARN] [1779894289.876031485] [cartographer logger]: W20260528 00:04:49.-2147483648 43601 pose_extrapolator.cc:83] No odometry data for time: 639146960864425910 (earliest: 639146960864516740)
[cartographer_node-1] [WARN] [1779894289.876041846] [cartographer logger]: W20260528 00:04:49.-2147483648 43601 pose_extrapolator.cc:83] No odometry data for time: 639146960864425910 (earliest: 639146960864516740)
[cartographer_node-1] [WARN] [1779894289.876049471] [cartographer logger]: W20260528 00:04:49.-2147483648 43601 pose_extrapolator.cc:83] No odometry data for time: 639146960864425910 (earliest: 639146960864516740)
[cartographer_node-1] [WARN] [1779894289.876059472] [cartographer logger]: W20260528 00:04:49.-2147483648 43601 pose_extrapolator.cc:83] No odometry data for time: 639146960864425910 (earliest: 639146960864516740)
[cartographer_node-1] [WARN] [1779894289.876067733] [cartographer logger]: W20260528 00:04:49.-2147483648 43601 pose_extrapolator.cc:83] No odometry data for time: 639146960864425910 (earliest: 639146960864516740)
[cartographer_node-1] [WARN] [1779894289.876079372] [cartographer logger]: W20260528 00:04:49.-2147483648 43601 pose_extrapolator.cc:83] No odometry data for time: 639146960864425910 (earliest: 639146960864516740)
[cartographer_node-1] [WARN] [1779894289.876087719] [cartographer logger]: W20260528 00:04:49.-2147483648 43601 pose_extrapolator.cc:83] No odometry data for time: 639146960864425910 (earliest: 639146960864516740)
[cartographer_node-1] [WARN] [1779894289.876095862] [cartographer logger]: W20260528 00:04:49.-2147483648 43601 pose_extrapolator.cc:83] No odometry data for time: 639146960864425910 (earliest: 639146960864516740)
[cartographer_node-1] [WARN] [1779894289.876103964] [cartographer logger]: W20260528 00:04:49.-2147483648 43601 pose_extrapolator.cc:83] No odometry data for time: 639146960864425910 (earliest: 639146960864516740)
[cartographer_node-1] [WARN] [1779894289.876111646] [cartographer logger]: W20260528 00:04:49.-2147483648 43601 pose_extrapolator.cc:83] No odometry data for time: 639146960864425910 (earliest: 639146960864516740)
[cartographer_node-1] [WARN] [1779894289.876119088] [cartographer logger]: W20260528 00:04:49.-2147483648 43601 pose_extrapolator.cc:83] No odometry data for time: 639146960864425910 (earliest: 639146960864516740)
[cartographer_node-1] [WARN] [1779894289.876130532] [cartographer logger]: W20260528 00:04:49.-2147483648 43601 pose_extrapolator.cc:83] No odometry data for time: 639146960864425910 (earliest: 639146960864516740)
[cartographer_node-1] [WARN] [1779894289.876138246] [cartographer logger]: W20260528 00:04:49.-2147483648 43601 pose_extrapolator.cc:83] No odometry data for time: 639146960864425910 (earliest: 639146960864516740)
[cartographer_node-1] [WARN] [1779894289.876145759] [cartographer logger]: W20260528 00:04:49.-2147483648 43601 pose_extrapolator.cc:83] No odometry data for time: 639146960864425910 (earliest: 639146960864516740)
[cartographer_node-1] [WARN] [1779894289.876153939] [cartographer logger]: W20260528 00:04:49.-2147483648 43601 pose_extrapolator.cc:83] No odometry data for time: 639146960864425910 (earliest: 639146960864516740)
[cartographer_node-1] [WARN] [1779894289.876161697] [cartographer logger]: W20260528 00:04:49.-2147483648 43601 pose_extrapolator.cc:83] No odometry data for time: 639146960864425910 (earliest: 639146960864516740)
[cartographer_node-1] [WARN] [1779894289.876169387] [cartographer logger]: W20260528 00:04:49.-2147483648 43601 pose_extrapolator.cc:83] No odometry data for time: 639146960864425910 (earliest: 639146960864516740)
[cartographer_node-1] [WARN] [1779894289.876177123] [cartographer logger]: W20260528 00:04:49.-2147483648 43601 pose_extrapolator.cc:83] No odometry data for time: 639146960864425910 (earliest: 639146960864516740)
[cartographer_node-1] [WARN] [1779894289.876184876] [cartographer logger]: W20260528 00:04:49.-2147483648 43601 pose_extrapolator.cc:83] No odometry data for time: 639146960864425910 (earliest: 639146960864516740)
[cartographer_node-1] [WARN] [1779894289.876192601] [cartographer logger]: W20260528 00:04:49.-2147483648 43601 pose_extrapolator.cc:83] No odometry data for time: 639146960864425910 (earliest: 639146960864516740)
[cartographer_node-1] [WARN] [1779894289.876200168] [cartographer logger]: W20260528 00:04:49.-2147483648 43601 pose_extrapolator.cc:83] No odometry data for time: 639146960864425910 (earliest: 639146960864516740)
[cartographer_node-1] [WARN] [1779894289.876207858] [cartographer logger]: W20260528 00:04:49.-2147483648 43601 pose_extrapolator.cc:83] No odometry data for time: 639146960864425910 (earliest: 639146960864516740)
[cartographer_node-1] [WARN] [1779894289.876216059] [cartographer logger]: W20260528 00:04:49.-2147483648 43601 pose_extrapolator.cc:83] No odometry data for time: 639146960864425910 (earliest: 639146960864516740)
[cartographer_node-1] [WARN] [1779894289.876226268] [cartographer logger]: W20260528 00:04:49.-2147483648 43601 pose_extrapolator.cc:83] No odometry data for time: 639146960864425910 (earliest: 639146960864516740)
[cartographer_node-1] [WARN] [1779894289.876233932] [cartographer logger]: W20260528 00:04:49.-2147483648 43601 pose_extrapolator.cc:83] No odometry data for time: 639146960864425910 (earliest: 639146960864516740)
[cartographer_node-1] [WARN] [1779894289.876241545] [cartographer logger]: W20260528 00:04:49.-2147483648 43601 pose_extrapolator.cc:83] No odometry data for time: 639146960864425910 (earliest: 639146960864516740)
[cartographer_node-1] [WARN] [1779894289.876249174] [cartographer logger]: W20260528 00:04:49.-2147483648 43601 pose_extrapolator.cc:83] No odometry data for time: 639146960864425910 (earliest: 639146960864516740)
[cartographer_node-1] [WARN] [1779894289.876256852] [cartographer logger]: W20260528 00:04:49.-2147483648 43601 pose_extrapolator.cc:83] No odometry data for time: 639146960864425910 (earliest: 639146960864516740)
[cartographer_node-1] [WARN] [1779894289.876264444] [cartographer logger]: W20260528 00:04:49.-2147483648 43601 pose_extrapolator.cc:83] No odometry data for time: 639146960864425910 (earliest: 639146960864516740)
[cartographer_node-1] [WARN] [1779894289.876271974] [cartographer logger]: W20260528 00:04:49.-2147483648 43601 pose_extrapolator.cc:83] No odometry data for time: 639146960864425910 (earliest: 639146960864516740)
[cartographer_node-1] [WARN] [1779894289.876279573] [cartographer logger]: W20260528 00:04:49.-2147483648 43601 pose_extrapolator.cc:83] No odometry data for time: 639146960864425910 (earliest: 639146960864516740)
[cartographer_node-1] [WARN] [1779894289.876287162] [cartographer logger]: W20260528 00:04:49.-2147483648 43601 pose_extrapolator.cc:83] No odometry data for time: 639146960864425910 (earliest: 639146960864516740)
[cartographer_node-1] [WARN] [1779894289.876294832] [cartographer logger]: W20260528 00:04:49.-2147483648 43601 pose_extrapolator.cc:83] No odometry data for time: 639146960864425910 (earliest: 639146960864516740)
[cartographer_node-1] [WARN] [1779894289.876302309] [cartographer logger]: W20260528 00:04:49.-2147483648 43601 pose_extrapolator.cc:83] No odometry data for time: 639146960864425910 (earliest: 639146960864516740)
[cartographer_node-1] [WARN] [1779894289.876311538] [cartographer logger]: W20260528 00:04:49.-2147483648 43601 pose_extrapolator.cc:83] No odometry data for time: 639146960864425910 (earliest: 639146960864516740)
[cartographer_node-1] [WARN] [1779894289.876319739] [cartographer logger]: W20260528 00:04:49.-2147483648 43601 pose_extrapolator.cc:83] No odometry data for time: 639146960864425910 (earliest: 639146960864516740)
[cartographer_node-1] [WARN] [1779894289.876330949] [cartographer logger]: W20260528 00:04:49.-2147483648 43601 pose_extrapolator.cc:83] No odometry data for time: 639146960864425910 (earliest: 639146960864516740)
[cartographer_node-1] [WARN] [1779894289.876339521] [cartographer logger]: W20260528 00:04:49.-2147483648 43601 pose_extrapolator.cc:83] No odometry data for time: 639146960864425910 (earliest: 639146960864516740)
[cartographer_node-1] [WARN] [1779894289.876347827] [cartographer logger]: W20260528 00:04:49.-2147483648 43601 pose_extrapolator.cc:83] No odometry data for time: 639146960864425910 (earliest: 639146960864516740)
[cartographer_node-1] [WARN] [1779894289.876355980] [cartographer logger]: W20260528 00:04:49.-2147483648 43601 pose_extrapolator.cc:83] No odometry data for time: 639146960864425910 (earliest: 639146960864516740)
[cartographer_node-1] [WARN] [1779894289.876363471] [cartographer logger]: W20260528 00:04:49.-2147483648 43601 pose_extrapolator.cc:83] No odometry data for time: 639146960864425910 (earliest: 639146960864516740)
[cartographer_node-1] [WARN] [1779894289.876371116] [cartographer logger]: W20260528 00:04:49.-2147483648 43601 pose_extrapolator.cc:83] No odometry data for time: 639146960864425910 (earliest: 639146960864516740)
[cartographer_node-1] [WARN] [1779894289.876379366] [cartographer logger]: W20260528 00:04:49.-2147483648 43601 pose_extrapolator.cc:83] No odometry data for time: 639146960864425910 (earliest: 639146960864516740)
[cartographer_node-1] [WARN] [1779894289.876387400] [cartographer logger]: W20260528 00:04:49.-2147483648 43601 pose_extrapolator.cc:83] No odometry data for time: 639146960864425910 (earliest: 639146960864516740)
[cartographer_node-1] [WARN] [1779894289.876397280] [cartographer logger]: W20260528 00:04:49.-2147483648 43601 pose_extrapolator.cc:83] No odometry data for time: 639146960864425910 (earliest: 639146960864516740)
[cartographer_node-1] [WARN] [1779894289.876406492] [cartographer logger]: W20260528 00:04:49.-2147483648 43601 pose_extrapolator.cc:83] No odometry data for time: 639146960864425910 (earliest: 639146960864516740)
[cartographer_node-1] [WARN] [1779894289.876414273] [cartographer logger]: W20260528 00:04:49.-2147483648 43601 pose_extrapolator.cc:83] No odometry data for time: 639146960864425910 (earliest: 639146960864516740)
[cartographer_node-1] [WARN] [1779894289.876422353] [cartographer logger]: W20260528 00:04:49.-2147483648 43601 pose_extrapolator.cc:83] No odometry data for time: 639146960864425910 (earliest: 639146960864516740)
[cartographer_node-1] [WARN] [1779894289.876430013] [cartographer logger]: W20260528 00:04:49.-2147483648 43601 pose_extrapolator.cc:83] No odometry data for time: 639146960864425910 (earliest: 639146960864516740)
[cartographer_node-1] [WARN] [1779894289.876437554] [cartographer logger]: W20260528 00:04:49.-2147483648 43601 pose_extrapolator.cc:83] No odometry data for time: 639146960864425910 (earliest: 639146960864516740)
[cartographer_node-1] [WARN] [1779894289.876445638] [cartographer logger]: W20260528 00:04:49.-2147483648 43601 pose_extrapolator.cc:83] No odometry data for time: 639146960864425910 (earliest: 639146960864516740)
[cartographer_node-1] [WARN] [1779894289.876453959] [cartographer logger]: W20260528 00:04:49.-2147483648 43601 pose_extrapolator.cc:83] No odometry data for time: 639146960864425910 (earliest: 639146960864516740)
[cartographer_node-1] [WARN] [1779894289.876461932] [cartographer logger]: W20260528 00:04:49.-2147483648 43601 pose_extrapolator.cc:83] No odometry data for time: 639146960864425910 (earliest: 639146960864516740)
[cartographer_node-1] [WARN] [1779894289.876470039] [cartographer logger]: W20260528 00:04:49.-2147483648 43601 pose_extrapolator.cc:83] No odometry data for time: 639146960864425910 (earliest: 639146960864516740)
[cartographer_node-1] [WARN] [1779894289.876478850] [cartographer logger]: W20260528 00:04:49.-2147483648 43601 pose_extrapolator.cc:83] No odometry data for time: 639146960864425910 (earliest: 639146960864516740)
[cartographer_node-1] [WARN] [1779894289.876486373] [cartographer logger]: W20260528 00:04:49.-2147483648 43601 pose_extrapolator.cc:83] No odometry data for time: 639146960864425910 (earliest: 639146960864516740)
[cartographer_node-1] [WARN] [1779894289.876494031] [cartographer logger]: W20260528 00:04:49.-2147483648 43601 pose_extrapolator.cc:83] No odometry data for time: 639146960864425910 (earliest: 639146960864516740)
[cartographer_node-1] [WARN] [1779894289.876502134] [cartographer logger]: W20260528 00:04:49.-2147483648 43601 pose_extrapolator.cc:83] No odometry data for time: 639146960864425910 (earliest: 639146960864516740)
[cartographer_node-1] [WARN] [1779894289.876509673] [cartographer logger]: W20260528 00:04:49.-2147483648 43601 pose_extrapolator.cc:83] No odometry data for time: 639146960864425910 (earliest: 639146960864516740)
[cartographer_node-1] [WARN] [1779894289.876520593] [cartographer logger]: W20260528 00:04:49.-2147483648 43601 pose_extrapolator.cc:83] No odometry data for time: 639146960864425910 (earliest: 639146960864516740)
[cartographer_node-1] [WARN] [1779894289.876528638] [cartographer logger]: W20260528 00:04:49.-2147483648 43601 pose_extrapolator.cc:83] No odometry data for time: 639146960864425910 (earliest: 639146960864516740)
[cartographer_node-1] [WARN] [1779894289.876536397] [cartographer logger]: W20260528 00:04:49.-2147483648 43601 pose_extrapolator.cc:83] No odometry data for time: 639146960864425910 (earliest: 639146960864516740)
[cartographer_node-1] [WARN] [1779894289.876544033] [cartographer logger]: W20260528 00:04:49.-2147483648 43601 pose_extrapolator.cc:83] No odometry data for time: 639146960864425910 (earliest: 639146960864516740)
[cartographer_node-1] [WARN] [1779894289.876551706] [cartographer logger]: W20260528 00:04:49.-2147483648 43601 pose_extrapolator.cc:83] No odometry data for time: 639146960864425910 (earliest: 639146960864516740)
[cartographer_node-1] [WARN] [1779894289.876559335] [cartographer logger]: W20260528 00:04:49.-2147483648 43601 pose_extrapolator.cc:83] No odometry data for time: 639146960864425910 (earliest: 639146960864516740)
[cartographer_node-1] [WARN] [1779894289.876570552] [cartographer logger]: W20260528 00:04:49.-2147483648 43601 pose_extrapolator.cc:83] No odometry data for time: 639146960864425910 (earliest: 639146960864516740)
[cartographer_node-1] [WARN] [1779894289.876582151] [cartographer logger]: W20260528 00:04:49.-2147483648 43601 pose_extrapolator.cc:83] No odometry data for time: 639146960864425910 (earliest: 639146960864516740)
[cartographer_node-1] [WARN] [1779894289.876591060] [cartographer logger]: W20260528 00:04:49.-2147483648 43601 pose_extrapolator.cc:83] No odometry data for time: 639146960864425910 (earliest: 639146960864516740)
[cartographer_node-1] [WARN] [1779894289.876598701] [cartographer logger]: W20260528 00:04:49.-2147483648 43601 pose_extrapolator.cc:83] No odometry data for time: 639146960864425910 (earliest: 639146960864516740)
[cartographer_node-1] [WARN] [1779894289.876606920] [cartographer logger]: W20260528 00:04:49.-2147483648 43601 pose_extrapolator.cc:83] No odometry data for time: 639146960864425910 (earliest: 639146960864516740)
[cartographer_node-1] [WARN] [1779894289.876614595] [cartographer logger]: W20260528 00:04:49.-2147483648 43601 pose_extrapolator.cc:83] No odometry data for time: 639146960864425910 (earliest: 639146960864516740)
[cartographer_node-1] [WARN] [1779894289.876622111] [cartographer logger]: W20260528 00:04:49.-2147483648 43601 pose_extrapolator.cc:83] No odometry data for time: 639146960864425910 (earliest: 639146960864516740)
[cartographer_node-1] [WARN] [1779894289.876630319] [cartographer logger]: W20260528 00:04:49.-2147483648 43601 pose_extrapolator.cc:83] No odometry data for time: 639146960864425910 (earliest: 639146960864516740)
[cartographer_node-1] [WARN] [1779894289.876637901] [cartographer logger]: W20260528 00:04:49.-2147483648 43601 pose_extrapolator.cc:83] No odometry data for time: 639146960864425910 (earliest: 639146960864516740)
[cartographer_node-1] [WARN] [1779894289.876645605] [cartographer logger]: W20260528 00:04:49.-2147483648 43601 pose_extrapolator.cc:83] No odometry data for time: 639146960864425910 (earliest: 639146960864516740)
[cartographer_node-1] [WARN] [1779894289.876653192] [cartographer logger]: W20260528 00:04:49.-2147483648 43601 pose_extrapolator.cc:83] No odometry data for time: 639146960864425910 (earliest: 639146960864516740)
[cartographer_node-1] [WARN] [1779894289.876660817] [cartographer logger]: W20260528 00:04:49.-2147483648 43601 pose_extrapolator.cc:83] No odometry data for time: 639146960864425910 (earliest: 639146960864516740)
[cartographer_node-1] [WARN] [1779894289.876668351] [cartographer logger]: W20260528 00:04:49.-2147483648 43601 pose_extrapolator.cc:83] No odometry data for time: 639146960864425910 (earliest: 639146960864516740)
[cartographer_node-1] [WARN] [1779894289.876676024] [cartographer logger]: W20260528 00:04:49.-2147483648 43601 pose_extrapolator.cc:83] No odometry data for time: 639146960864425910 (earliest: 639146960864516740)
[cartographer_node-1] [WARN] [1779894289.876683592] [cartographer logger]: W20260528 00:04:49.-2147483648 43601 pose_extrapolator.cc:83] No odometry data for time: 639146960864425910 (earliest: 639146960864516740)
[cartographer_node-1] [WARN] [1779894289.876691120] [cartographer logger]: W20260528 00:04:49.-2147483648 43601 pose_extrapolator.cc:83] No odometry data for time: 639146960864425910 (earliest: 639146960864516740)
[cartographer_node-1] [WARN] [1779894289.876698672] [cartographer logger]: W20260528 00:04:49.-2147483648 43601 pose_extrapolator.cc:83] No odometry data for time: 639146960864425910 (earliest: 639146960864516740)
[cartographer_node-1] [WARN] [1779894289.876706890] [cartographer logger]: W20260528 00:04:49.-2147483648 43601 pose_extrapolator.cc:83] No odometry data for time: 639146960864425910 (earliest: 639146960864516740)
[cartographer_node-1] [WARN] [1779894289.876714456] [cartographer logger]: W20260528 00:04:49.-2147483648 43601 pose_extrapolator.cc:83] No odometry data for time: 639146960864425910 (earliest: 639146960864516740)
[cartographer_node-1] [WARN] [1779894289.876722773] [cartographer logger]: W20260528 00:04:49.-2147483648 43601 pose_extrapolator.cc:83] No odometry data for time: 639146960864425910 (earliest: 639146960864516740)
[cartographer_node-1] [WARN] [1779894289.876730398] [cartographer logger]: W20260528 00:04:49.-2147483648 43601 pose_extrapolator.cc:83] No odometry data for time: 639146960864425910 (earliest: 639146960864516740)
[cartographer_node-1] [WARN] [1779894289.876738548] [cartographer logger]: W20260528 00:04:49.-2147483648 43601 pose_extrapolator.cc:83] No odometry data for time: 639146960864425910 (earliest: 639146960864516740)
[cartographer_node-1] [WARN] [1779894289.876748801] [cartographer logger]: W20260528 00:04:49.-2147483648 43601 pose_extrapolator.cc:83] No odometry data for time: 639146960864425910 (earliest: 639146960864516740)
[cartographer_node-1] [WARN] [1779894289.876757185] [cartographer logger]: W20260528 00:04:49.-2147483648 43601 pose_extrapolator.cc:83] No odometry data for time: 639146960864425910 (earliest: 639146960864516740)
[cartographer_node-1] [WARN] [1779894289.876765334] [cartographer logger]: W20260528 00:04:49.-2147483648 43601 pose_extrapolator.cc:83] No odometry data for time: 639146960864425910 (earliest: 639146960864516740)
[cartographer_node-1] [WARN] [1779894289.876772990] [cartographer logger]: W20260528 00:04:49.-2147483648 43601 pose_extrapolator.cc:83] No odometry data for time: 639146960864425910 (earliest: 639146960864516740)
[cartographer_node-1] [WARN] [1779894289.876780565] [cartographer logger]: W20260528 00:04:49.-2147483648 43601 pose_extrapolator.cc:83] No odometry data for time: 639146960864425910 (earliest: 639146960864516740)
[cartographer_node-1] [WARN] [1779894289.876788778] [cartographer logger]: W20260528 00:04:49.-2147483648 43601 pose_extrapolator.cc:83] No odometry data for time: 639146960864425910 (earliest: 639146960864516740)
[cartographer_node-1] [WARN] [1779894289.876797011] [cartographer logger]: W20260528 00:04:49.-2147483648 43601 pose_extrapolator.cc:83] No odometry data for time: 639146960864425910 (earliest: 639146960864516740)
[cartographer_node-1] [WARN] [1779894289.876805151] [cartographer logger]: W20260528 00:04:49.-2147483648 43601 pose_extrapolator.cc:83] No odometry data for time: 639146960864425910 (earliest: 639146960864516740)
[cartographer_node-1] [WARN] [1779894289.876814398] [cartographer logger]: W20260528 00:04:49.-2147483648 43601 pose_extrapolator.cc:83] No odometry data for time: 639146960864425910 (earliest: 639146960864516740)
[cartographer_node-1] [WARN] [1779894289.876824117] [cartographer logger]: W20260528 00:04:49.-2147483648 43601 pose_extrapolator.cc:83] No odometry data for time: 639146960864425910 (earliest: 639146960864516740)
[cartographer_node-1] [WARN] [1779894289.876835867] [cartographer logger]: W20260528 00:04:49.-2147483648 43601 pose_extrapolator.cc:83] No odometry data for time: 639146960864425910 (earliest: 639146960864516740)
[cartographer_node-1] [WARN] [1779894289.876844199] [cartographer logger]: W20260528 00:04:49.-2147483648 43601 pose_extrapolator.cc:83] No odometry data for time: 639146960864425910 (earliest: 639146960864516740)
[cartographer_node-1] [WARN] [1779894289.876852331] [cartographer logger]: W20260528 00:04:49.-2147483648 43601 pose_extrapolator.cc:83] No odometry data for time: 639146960864425910 (earliest: 639146960864516740)
[cartographer_node-1] [WARN] [1779894289.876860671] [cartographer logger]: W20260528 00:04:49.-2147483648 43601 pose_extrapolator.cc:83] No odometry data for time: 639146960864425910 (earliest: 639146960864516740)
[cartographer_node-1] [WARN] [1779894289.876868776] [cartographer logger]: W20260528 00:04:49.-2147483648 43601 pose_extrapolator.cc:83] No odometry data for time: 639146960864425910 (earliest: 639146960864516740)
[cartographer_node-1] [WARN] [1779894289.876876812] [cartographer logger]: W20260528 00:04:49.-2147483648 43601 pose_extrapolator.cc:83] No odometry data for time: 639146960864425910 (earliest: 639146960864516740)
[cartographer_node-1] [WARN] [1779894289.876884340] [cartographer logger]: W20260528 00:04:49.-2147483648 43601 pose_extrapolator.cc:83] No odometry data for time: 639146960864425910 (earliest: 639146960864516740)
[cartographer_node-1] [WARN] [1779894289.876892348] [cartographer logger]: W20260528 00:04:49.-2147483648 43601 pose_extrapolator.cc:83] No odometry data for time: 639146960864425910 (earliest: 639146960864516740)
[cartographer_node-1] [WARN] [1779894289.876900346] [cartographer logger]: W20260528 00:04:49.-2147483648 43601 pose_extrapolator.cc:83] No odometry data for time: 639146960864425910 (earliest: 639146960864516740)
[cartographer_node-1] [WARN] [1779894289.876908510] [cartographer logger]: W20260528 00:04:49.-2147483648 43601 pose_extrapolator.cc:83] No odometry data for time: 639146960864425910 (earliest: 639146960864516740)
[cartographer_node-1] [WARN] [1779894289.876915993] [cartographer logger]: W20260528 00:04:49.-2147483648 43601 pose_extrapolator.cc:83] No odometry data for time: 639146960864425910 (earliest: 639146960864516740)
[cartographer_node-1] [WARN] [1779894289.876926188] [cartographer logger]: W20260528 00:04:49.-2147483648 43601 pose_extrapolator.cc:83] No odometry data for time: 639146960864425910 (earliest: 639146960864516740)
[cartographer_node-1] [WARN] [1779894289.876934437] [cartographer logger]: W20260528 00:04:49.-2147483648 43601 pose_extrapolator.cc:83] No odometry data for time: 639146960864425910 (earliest: 639146960864516740)
[cartographer_node-1] [WARN] [1779894289.876942672] [cartographer logger]: W20260528 00:04:49.-2147483648 43601 pose_extrapolator.cc:83] No odometry data for time: 639146960864425910 (earliest: 639146960864516740)
[cartographer_node-1] [WARN] [1779894289.876950376] [cartographer logger]: W20260528 00:04:49.-2147483648 43601 pose_extrapolator.cc:83] No odometry data for time: 639146960864425910 (earliest: 639146960864516740)
[cartographer_node-1] [WARN] [1779894289.876957842] [cartographer logger]: W20260528 00:04:49.-2147483648 43601 pose_extrapolator.cc:83] No odometry data for time: 639146960864425910 (earliest: 639146960864516740)
[cartographer_node-1] [WARN] [1779894289.876965931] [cartographer logger]: W20260528 00:04:49.-2147483648 43601 pose_extrapolator.cc:83] No odometry data for time: 639146960864425910 (earliest: 639146960864516740)
[cartographer_node-1] [WARN] [1779894289.876973389] [cartographer logger]: W20260528 00:04:49.-2147483648 43601 pose_extrapolator.cc:83] No odometry data for time: 639146960864425910 (earliest: 639146960864516740)
[cartographer_node-1] [WARN] [1779894289.876981513] [cartographer logger]: W20260528 00:04:49.-2147483648 43601 pose_extrapolator.cc:83] No odometry data for time: 639146960864425910 (earliest: 639146960864516740)
[cartographer_node-1] [WARN] [1779894289.876989073] [cartographer logger]: W20260528 00:04:49.-2147483648 43601 pose_extrapolator.cc:83] No odometry data for time: 639146960864425910 (earliest: 639146960864516740)
[cartographer_node-1] [WARN] [1779894289.876996588] [cartographer logger]: W20260528 00:04:49.-2147483648 43601 pose_extrapolator.cc:83] No odometry data for time: 639146960864425910 (earliest: 639146960864516740)
[cartographer_node-1] [WARN] [1779894289.877004263] [cartographer logger]: W20260528 00:04:49.-2147483648 43601 pose_extrapolator.cc:83] No odometry data for time: 639146960864425910 (earliest: 639146960864516740)
[cartographer_node-1] [WARN] [1779894289.877012028] [cartographer logger]: W20260528 00:04:49.-2147483648 43601 pose_extrapolator.cc:83] No odometry data for time: 639146960864425910 (earliest: 639146960864516740)
[cartographer_node-1] [WARN] [1779894289.877019666] [cartographer logger]: W20260528 00:04:49.-2147483648 43601 pose_extrapolator.cc:83] No odometry data for time: 639146960864425910 (earliest: 639146960864516740)
[cartographer_node-1] [WARN] [1779894289.877027297] [cartographer logger]: W20260528 00:04:49.-2147483648 43601 pose_extrapolator.cc:83] No odometry data for time: 639146960864425910 (earliest: 639146960864516740)
[cartographer_node-1] [WARN] [1779894289.877035038] [cartographer logger]: W20260528 00:04:49.-2147483648 43601 pose_extrapolator.cc:83] No odometry data for time: 639146960864425910 (earliest: 639146960864516740)
[cartographer_node-1] [WARN] [1779894289.877042557] [cartographer logger]: W20260528 00:04:49.-2147483648 43601 pose_extrapolator.cc:83] No odometry data for time: 639146960864425910 (earliest: 639146960864516740)
[cartographer_node-1] [WARN] [1779894289.877050279] [cartographer logger]: W20260528 00:04:49.-2147483648 43601 pose_extrapolator.cc:83] No odometry data for time: 639146960864425910 (earliest: 639146960864516740)
[cartographer_node-1] [WARN] [1779894289.877057899] [cartographer logger]: W20260528 00:04:49.-2147483648 43601 pose_extrapolator.cc:83] No odometry data for time: 639146960864425910 (earliest: 639146960864516740)
[cartographer_node-1] [WARN] [1779894289.877067638] [cartographer logger]: W20260528 00:04:49.-2147483648 43601 pose_extrapolator.cc:83] No odometry data for time: 639146960864425910 (earliest: 639146960864516740)
[cartographer_node-1] [WARN] [1779894289.877075819] [cartographer logger]: W20260528 00:04:49.-2147483648 43601 pose_extrapolator.cc:83] No odometry data for time: 639146960864425910 (earliest: 639146960864516740)
[cartographer_node-1] [WARN] [1779894289.877089177] [cartographer logger]: W20260528 00:04:49.-2147483648 43601 pose_extrapolator.cc:83] No odometry data for time: 639146960864425910 (earliest: 639146960864516740)
[cartographer_node-1] [WARN] [1779894289.877101043] [cartographer logger]: W20260528 00:04:49.-2147483648 43601 pose_extrapolator.cc:83] No odometry data for time: 639146960864425910 (earliest: 639146960864516740)
[cartographer_node-1] [WARN] [1779894289.877108960] [cartographer logger]: W20260528 00:04:49.-2147483648 43601 pose_extrapolator.cc:83] No odometry data for time: 639146960864425910 (earliest: 639146960864516740)
[cartographer_node-1] [WARN] [1779894289.877116542] [cartographer logger]: W20260528 00:04:49.-2147483648 43601 pose_extrapolator.cc:83] No odometry data for time: 639146960864425910 (earliest: 639146960864516740)
[cartographer_node-1] [WARN] [1779894289.877124263] [cartographer logger]: W20260528 00:04:49.-2147483648 43601 pose_extrapolator.cc:83] No odometry data for time: 639146960864425910 (earliest: 639146960864516740)
[cartographer_node-1] [WARN] [1779894289.877131835] [cartographer logger]: W20260528 00:04:49.-2147483648 43601 pose_extrapolator.cc:83] No odometry data for time: 639146960864425910 (earliest: 639146960864516740)
[cartographer_node-1] [WARN] [1779894289.877139579] [cartographer logger]: W20260528 00:04:49.-2147483648 43601 pose_extrapolator.cc:83] No odometry data for time: 639146960864425910 (earliest: 639146960864516740)
[cartographer_node-1] [WARN] [1779894289.877147229] [cartographer logger]: W20260528 00:04:49.-2147483648 43601 pose_extrapolator.cc:83] No odometry data for time: 639146960864425910 (earliest: 639146960864516740)
[cartographer_node-1] [WARN] [1779894289.877154843] [cartographer logger]: W20260528 00:04:49.-2147483648 43601 pose_extrapolator.cc:83] No odometry data for time: 639146960864425910 (earliest: 639146960864516740)
[cartographer_node-1] [WARN] [1779894289.877162335] [cartographer logger]: W20260528 00:04:49.-2147483648 43601 pose_extrapolator.cc:83] No odometry data for time: 639146960864425910 (earliest: 639146960864516740)
[cartographer_node-1] [WARN] [1779894289.877170486] [cartographer logger]: W20260528 00:04:49.-2147483648 43601 pose_extrapolator.cc:83] No odometry data for time: 639146960864425910 (earliest: 639146960864516740)
[cartographer_node-1] [WARN] [1779894289.877178050] [cartographer logger]: W20260528 00:04:49.-2147483648 43601 pose_extrapolator.cc:83] No odometry data for time: 639146960864425910 (earliest: 639146960864516740)
[cartographer_node-1] [WARN] [1779894289.877186276] [cartographer logger]: W20260528 00:04:49.-2147483648 43601 pose_extrapolator.cc:83] No odometry data for time: 639146960864425910 (earliest: 639146960864516740)
[cartographer_node-1] [WARN] [1779894289.877193767] [cartographer logger]: W20260528 00:04:49.-2147483648 43601 pose_extrapolator.cc:83] No odometry data for time: 639146960864425910 (earliest: 639146960864516740)
[cartographer_node-1] [WARN] [1779894289.877201814] [cartographer logger]: W20260528 00:04:49.-2147483648 43601 pose_extrapolator.cc:83] No odometry data for time: 639146960864425910 (earliest: 639146960864516740)
[cartographer_node-1] [WARN] [1779894289.877209425] [cartographer logger]: W20260528 00:04:49.-2147483648 43601 pose_extrapolator.cc:83] No odometry data for time: 639146960864425910 (earliest: 639146960864516740)
[cartographer_node-1] [WARN] [1779894289.877216957] [cartographer logger]: W20260528 00:04:49.-2147483648 43601 pose_extrapolator.cc:83] No odometry data for time: 639146960864425910 (earliest: 639146960864516740)
[cartographer_node-1] [WARN] [1779894289.877225194] [cartographer logger]: W20260528 00:04:49.-2147483648 43601 pose_extrapolator.cc:83] No odometry data for time: 639146960864425910 (earliest: 639146960864516740)
[cartographer_node-1] [WARN] [1779894289.877232793] [cartographer logger]: W20260528 00:04:49.-2147483648 43601 pose_extrapolator.cc:83] No odometry data for time: 639146960864425910 (earliest: 639146960864516740)
[cartographer_node-1] [WARN] [1779894289.877240842] [cartographer logger]: W20260528 00:04:49.-2147483648 43601 pose_extrapolator.cc:83] No odometry data for time: 639146960864425910 (earliest: 639146960864516740)
[cartographer_node-1] [WARN] [1779894289.877248436] [cartographer logger]: W20260528 00:04:49.-2147483648 43601 pose_extrapolator.cc:83] No odometry data for time: 639146960864425910 (earliest: 639146960864516740)
[cartographer_node-1] [WARN] [1779894289.877256626] [cartographer logger]: W20260528 00:04:49.-2147483648 43601 pose_extrapolator.cc:83] No odometry data for time: 639146960864425910 (earliest: 639146960864516740)
[cartographer_node-1] [WARN] [1779894289.877264762] [cartographer logger]: W20260528 00:04:49.-2147483648 43601 pose_extrapolator.cc:83] No odometry data for time: 639146960864425910 (earliest: 639146960864516740)
[cartographer_node-1] [WARN] [1779894289.877275033] [cartographer logger]: W20260528 00:04:49.-2147483648 43601 pose_extrapolator.cc:83] No odometry data for time: 639146960864425910 (earliest: 639146960864516740)
[cartographer_node-1] [WARN] [1779894289.877282820] [cartographer logger]: W20260528 00:04:49.-2147483648 43601 pose_extrapolator.cc:83] No odometry data for time: 639146960864425910 (earliest: 639146960864516740)
[cartographer_node-1] [WARN] [1779894289.877290551] [cartographer logger]: W20260528 00:04:49.-2147483648 43601 pose_extrapolator.cc:83] No odometry data for time: 639146960864425910 (earliest: 639146960864516740)
[cartographer_node-1] [WARN] [1779894289.877298107] [cartographer logger]: W20260528 00:04:49.-2147483648 43601 pose_extrapolator.cc:83] No odometry data for time: 639146960864425910 (earliest: 639146960864516740)
[cartographer_node-1] [WARN] [1779894289.877305587] [cartographer logger]: W20260528 00:04:49.-2147483648 43601 pose_extrapolator.cc:83] No odometry data for time: 639146960864425910 (earliest: 639146960864516740)
[cartographer_node-1] [WARN] [1779894289.877314739] [cartographer logger]: W20260528 00:04:49.-2147483648 43601 pose_extrapolator.cc:83] No odometry data for time: 639146960864425910 (earliest: 639146960864516740)
[cartographer_node-1] [WARN] [1779894289.877322426] [cartographer logger]: W20260528 00:04:49.-2147483648 43601 pose_extrapolator.cc:83] No odometry data for time: 639146960864425910 (earliest: 639146960864516740)
[cartographer_node-1] [WARN] [1779894289.877333219] [cartographer logger]: W20260528 00:04:49.-2147483648 43601 pose_extrapolator.cc:83] No odometry data for time: 639146960864425910 (earliest: 639146960864516740)
[cartographer_node-1] [WARN] [1779894289.877342126] [cartographer logger]: W20260528 00:04:49.-2147483648 43601 pose_extrapolator.cc:83] No odometry data for time: 639146960864425910 (earliest: 639146960864516740)
[cartographer_node-1] [WARN] [1779894289.877349689] [cartographer logger]: W20260528 00:04:49.-2147483648 43601 pose_extrapolator.cc:83] No odometry data for time: 639146960864425910 (earliest: 639146960864516740)
[cartographer_node-1] [WARN] [1779894289.877357713] [cartographer logger]: W20260528 00:04:49.-2147483648 43601 pose_extrapolator.cc:83] No odometry data for time: 639146960864425910 (earliest: 639146960864516740)
[cartographer_node-1] [WARN] [1779894289.877366106] [cartographer logger]: W20260528 00:04:49.-2147483648 43601 pose_extrapolator.cc:83] No odometry data for time: 639146960864425910 (earliest: 639146960864516740)
[cartographer_node-1] [WARN] [1779894289.877373845] [cartographer logger]: W20260528 00:04:49.-2147483648 43601 pose_extrapolator.cc:83] No odometry data for time: 639146960864425910 (earliest: 639146960864516740)
[cartographer_node-1] [WARN] [1779894289.877381447] [cartographer logger]: W20260528 00:04:49.-2147483648 43601 pose_extrapolator.cc:83] No odometry data for time: 639146960864425910 (earliest: 639146960864516740)
[cartographer_node-1] [WARN] [1779894289.877389068] [cartographer logger]: W20260528 00:04:49.-2147483648 43601 pose_extrapolator.cc:83] No odometry data for time: 639146960864425910 (earliest: 639146960864516740)
[cartographer_node-1] [WARN] [1779894289.877396594] [cartographer logger]: W20260528 00:04:49.-2147483648 43601 pose_extrapolator.cc:83] No odometry data for time: 639146960864425910 (earliest: 639146960864516740)
[cartographer_node-1] [WARN] [1779894289.877404242] [cartographer logger]: W20260528 00:04:49.-2147483648 43601 pose_extrapolator.cc:83] No odometry data for time: 639146960864425910 (earliest: 639146960864516740)
[cartographer_node-1] [WARN] [1779894289.877411887] [cartographer logger]: W20260528 00:04:49.-2147483648 43601 pose_extrapolator.cc:83] No odometry data for time: 639146960864425910 (earliest: 639146960864516740)
[cartographer_node-1] [WARN] [1779894289.877419410] [cartographer logger]: W20260528 00:04:49.-2147483648 43601 pose_extrapolator.cc:83] No odometry data for time: 639146960864425910 (earliest: 639146960864516740)
[cartographer_node-1] [WARN] [1779894289.877426948] [cartographer logger]: W20260528 00:04:49.-2147483648 43601 pose_extrapolator.cc:83] No odometry data for time: 639146960864425910 (earliest: 639146960864516740)
[cartographer_node-1] [WARN] [1779894289.877435075] [cartographer logger]: W20260528 00:04:49.-2147483648 43601 pose_extrapolator.cc:83] No odometry data for time: 639146960864425910 (earliest: 639146960864516740)
[cartographer_node-1] [WARN] [1779894289.877444916] [cartographer logger]: W20260528 00:04:49.-2147483648 43601 pose_extrapolator.cc:83] No odometry data for time: 639146960864425910 (earliest: 639146960864516740)
[cartographer_node-1] [WARN] [1779894289.877453100] [cartographer logger]: W20260528 00:04:49.-2147483648 43601 pose_extrapolator.cc:83] No odometry data for time: 639146960864425910 (earliest: 639146960864516740)
[cartographer_node-1] [WARN] [1779894289.877460645] [cartographer logger]: W20260528 00:04:49.-2147483648 43601 pose_extrapolator.cc:83] No odometry data for time: 639146960864425910 (earliest: 639146960864516740)
[cartographer_node-1] [WARN] [1779894289.877468824] [cartographer logger]: W20260528 00:04:49.-2147483648 43601 pose_extrapolator.cc:83] No odometry data for time: 639146960864425910 (earliest: 639146960864516740)
[cartographer_node-1] [WARN] [1779894289.877476360] [cartographer logger]: W20260528 00:04:49.-2147483648 43601 pose_extrapolator.cc:83] No odometry data for time: 639146960864425910 (earliest: 639146960864516740)
[cartographer_node-1] [WARN] [1779894289.877484380] [cartographer logger]: W20260528 00:04:49.-2147483648 43601 pose_extrapolator.cc:83] No odometry data for time: 639146960864425910 (earliest: 639146960864516740)
[cartographer_node-1] [WARN] [1779894289.877491892] [cartographer logger]: W20260528 00:04:49.-2147483648 43601 pose_extrapolator.cc:83] No odometry data for time: 639146960864425910 (earliest: 639146960864516740)
[cartographer_node-1] [WARN] [1779894289.877499909] [cartographer logger]: W20260528 00:04:49.-2147483648 43601 pose_extrapolator.cc:83] No odometry data for time: 639146960864425910 (earliest: 639146960864516740)
[cartographer_node-1] [WARN] [1779894289.877507761] [cartographer logger]: W20260528 00:04:49.-2147483648 43601 pose_extrapolator.cc:83] No odometry data for time: 639146960864425910 (earliest: 639146960864516740)
[cartographer_node-1] [WARN] [1779894289.877521423] [cartographer logger]: W20260528 00:04:49.-2147483648 43601 pose_extrapolator.cc:83] No odometry data for time: 639146960864425910 (earliest: 639146960864516740)
[cartographer_node-1] [WARN] [1779894289.877529846] [cartographer logger]: W20260528 00:04:49.-2147483648 43601 pose_extrapolator.cc:83] No odometry data for time: 639146960864425910 (earliest: 639146960864516740)
[cartographer_node-1] [WARN] [1779894289.877537424] [cartographer logger]: W20260528 00:04:49.-2147483648 43601 pose_extrapolator.cc:83] No odometry data for time: 639146960864425910 (earliest: 639146960864516740)
[cartographer_node-1] [WARN] [1779894289.877545021] [cartographer logger]: W20260528 00:04:49.-2147483648 43601 pose_extrapolator.cc:83] No odometry data for time: 639146960864425910 (earliest: 639146960864516740)
[cartographer_node-1] [WARN] [1779894289.877553142] [cartographer logger]: W20260528 00:04:49.-2147483648 43601 pose_extrapolator.cc:83] No odometry data for time: 639146960864425910 (earliest: 639146960864516740)
[cartographer_node-1] [WARN] [1779894289.877561274] [cartographer logger]: W20260528 00:04:49.-2147483648 43601 pose_extrapolator.cc:83] No odometry data for time: 639146960864425910 (earliest: 639146960864516740)
[cartographer_node-1] [WARN] [1779894289.877570414] [cartographer logger]: W20260528 00:04:49.-2147483648 43601 pose_extrapolator.cc:83] No odometry data for time: 639146960864425910 (earliest: 639146960864516740)
[cartographer_node-1] [WARN] [1779894289.877578701] [cartographer logger]: W20260528 00:04:49.-2147483648 43601 pose_extrapolator.cc:83] No odometry data for time: 639146960864425910 (earliest: 639146960864516740)
[cartographer_node-1] [WARN] [1779894289.877589926] [cartographer logger]: W20260528 00:04:49.-2147483648 43601 pose_extrapolator.cc:83] No odometry data for time: 639146960864425910 (earliest: 639146960864516740)
[cartographer_node-1] [WARN] [1779894289.877598367] [cartographer logger]: W20260528 00:04:49.-2147483648 43601 pose_extrapolator.cc:83] No odometry data for time: 639146960864425910 (earliest: 639146960864516740)
[cartographer_node-1] [WARN] [1779894289.877605872] [cartographer logger]: W20260528 00:04:49.-2147483648 43601 pose_extrapolator.cc:83] No odometry data for time: 639146960864425910 (earliest: 639146960864516740)
[cartographer_node-1] [WARN] [1779894289.877613680] [cartographer logger]: W20260528 00:04:49.-2147483648 43601 pose_extrapolator.cc:83] No odometry data for time: 639146960864425910 (earliest: 639146960864516740)
[cartographer_node-1] [WARN] [1779894289.877623895] [cartographer logger]: W20260528 00:04:49.-2147483648 43601 pose_extrapolator.cc:83] No odometry data for time: 639146960864425910 (earliest: 639146960864516740)
[cartographer_node-1] [WARN] [1779894289.877631274] [cartographer logger]: W20260528 00:04:49.-2147483648 43601 pose_extrapolator.cc:83] No odometry data for time: 639146960864425910 (earliest: 639146960864516740)
[cartographer_node-1] [WARN] [1779894289.877638828] [cartographer logger]: W20260528 00:04:49.-2147483648 43601 pose_extrapolator.cc:83] No odometry data for time: 639146960864425910 (earliest: 639146960864516740)
[cartographer_node-1] [WARN] [1779894289.877646350] [cartographer logger]: W20260528 00:04:49.-2147483648 43601 pose_extrapolator.cc:83] No odometry data for time: 639146960864425910 (earliest: 639146960864516740)
[cartographer_node-1] [WARN] [1779894289.877653804] [cartographer logger]: W20260528 00:04:49.-2147483648 43601 pose_extrapolator.cc:83] No odometry data for time: 639146960864425910 (earliest: 639146960864516740)
[cartographer_node-1] [WARN] [1779894289.877661207] [cartographer logger]: W20260528 00:04:49.-2147483648 43601 pose_extrapolator.cc:83] No odometry data for time: 639146960864425910 (earliest: 639146960864516740)
[cartographer_node-1] [WARN] [1779894289.877669199] [cartographer logger]: W20260528 00:04:49.-2147483648 43601 pose_extrapolator.cc:83] No odometry data for time: 639146960864425910 (earliest: 639146960864516740)
[cartographer_node-1] [WARN] [1779894289.877676651] [cartographer logger]: W20260528 00:04:49.-2147483648 43601 pose_extrapolator.cc:83] No odometry data for time: 639146960864425910 (earliest: 639146960864516740)
[cartographer_node-1] [WARN] [1779894289.877684776] [cartographer logger]: W20260528 00:04:49.-2147483648 43601 pose_extrapolator.cc:83] No odometry data for time: 639146960864425910 (earliest: 639146960864516740)
[cartographer_node-1] [WARN] [1779894289.877692290] [cartographer logger]: W20260528 00:04:49.-2147483648 43601 pose_extrapolator.cc:83] No odometry data for time: 639146960864425910 (earliest: 639146960864516740)
[cartographer_node-1] [WARN] [1779894289.877699947] [cartographer logger]: W20260528 00:04:49.-2147483648 43601 pose_extrapolator.cc:83] No odometry data for time: 639146960864425910 (earliest: 639146960864516740)
[cartographer_node-1] [WARN] [1779894289.877707749] [cartographer logger]: W20260528 00:04:49.-2147483648 43601 pose_extrapolator.cc:83] No odometry data for time: 639146960864425910 (earliest: 639146960864516740)
[cartographer_node-1] [WARN] [1779894289.877715525] [cartographer logger]: W20260528 00:04:49.-2147483648 43601 pose_extrapolator.cc:83] No odometry data for time: 639146960864425910 (earliest: 639146960864516740)
[cartographer_node-1] [WARN] [1779894289.877723005] [cartographer logger]: W20260528 00:04:49.-2147483648 43601 pose_extrapolator.cc:83] No odometry data for time: 639146960864425910 (earliest: 639146960864516740)
[cartographer_node-1] [WARN] [1779894289.877730592] [cartographer logger]: W20260528 00:04:49.-2147483648 43601 pose_extrapolator.cc:83] No odometry data for time: 639146960864425910 (earliest: 639146960864516740)
[cartographer_node-1] [WARN] [1779894289.877738154] [cartographer logger]: W20260528 00:04:49.-2147483648 43601 pose_extrapolator.cc:83] No odometry data for time: 639146960864425910 (earliest: 639146960864516740)
[cartographer_node-1] [WARN] [1779894289.877745624] [cartographer logger]: W20260528 00:04:49.-2147483648 43601 pose_extrapolator.cc:83] No odometry data for time: 639146960864425910 (earliest: 639146960864516740)
[cartographer_node-1] [WARN] [1779894289.877753207] [cartographer logger]: W20260528 00:04:49.-2147483648 43601 pose_extrapolator.cc:83] No odometry data for time: 639146960864425910 (earliest: 639146960864516740)
[cartographer_node-1] [WARN] [1779894289.877760687] [cartographer logger]: W20260528 00:04:49.-2147483648 43601 pose_extrapolator.cc:83] No odometry data for time: 639146960864425910 (earliest: 639146960864516740)
[cartographer_node-1] [WARN] [1779894289.877768244] [cartographer logger]: W20260528 00:04:49.-2147483648 43601 pose_extrapolator.cc:83] No odometry data for time: 639146960864425910 (earliest: 639146960864516740)
[cartographer_node-1] [WARN] [1779894289.877776417] [cartographer logger]: W20260528 00:04:49.-2147483648 43601 pose_extrapolator.cc:83] No odometry data for time: 639146960864425910 (earliest: 639146960864516740)
[cartographer_node-1] [WARN] [1779894289.877783994] [cartographer logger]: W20260528 00:04:49.-2147483648 43601 pose_extrapolator.cc:83] No odometry data for time: 639146960864425910 (earliest: 639146960864516740)
[cartographer_node-1] [WARN] [1779894289.877794784] [cartographer logger]: W20260528 00:04:49.-2147483648 43601 pose_extrapolator.cc:83] No odometry data for time: 639146960864425910 (earliest: 639146960864516740)
[cartographer_node-1] [WARN] [1779894289.877802455] [cartographer logger]: W20260528 00:04:49.-2147483648 43601 pose_extrapolator.cc:83] No odometry data for time: 639146960864425910 (earliest: 639146960864516740)
[cartographer_node-1] [WARN] [1779894289.877811575] [cartographer logger]: W20260528 00:04:49.-2147483648 43601 pose_extrapolator.cc:83] No odometry data for time: 639146960864425910 (earliest: 639146960864516740)
[cartographer_node-1] [WARN] [1779894289.877819767] [cartographer logger]: W20260528 00:04:49.-2147483648 43601 pose_extrapolator.cc:83] No odometry data for time: 639146960864425910 (earliest: 639146960864516740)
[cartographer_node-1] [WARN] [1779894289.877830692] [cartographer logger]: W20260528 00:04:49.-2147483648 43601 pose_extrapolator.cc:83] No odometry data for time: 639146960864425910 (earliest: 639146960864516740)
[cartographer_node-1] [WARN] [1779894289.877839482] [cartographer logger]: W20260528 00:04:49.-2147483648 43601 pose_extrapolator.cc:83] No odometry data for time: 639146960864425910 (earliest: 639146960864516740)
[cartographer_node-1] [WARN] [1779894289.877847157] [cartographer logger]: W20260528 00:04:49.-2147483648 43601 pose_extrapolator.cc:83] No odometry data for time: 639146960864425910 (earliest: 639146960864516740)
[cartographer_node-1] [WARN] [1779894289.877855252] [cartographer logger]: W20260528 00:04:49.-2147483648 43601 pose_extrapolator.cc:83] No odometry data for time: 639146960864425910 (earliest: 639146960864516740)
[cartographer_node-1] [WARN] [1779894289.877863306] [cartographer logger]: W20260528 00:04:49.-2147483648 43601 pose_extrapolator.cc:83] No odometry data for time: 639146960864425910 (earliest: 639146960864516740)
[cartographer_node-1] [WARN] [1779894289.877871585] [cartographer logger]: W20260528 00:04:49.-2147483648 43601 pose_extrapolator.cc:83] No odometry data for time: 639146960864425910 (earliest: 639146960864516740)
[cartographer_node-1] [WARN] [1779894289.877879186] [cartographer logger]: W20260528 00:04:49.-2147483648 43601 pose_extrapolator.cc:83] No odometry data for time: 639146960864425910 (earliest: 639146960864516740)
[cartographer_node-1] [WARN] [1779894289.877887402] [cartographer logger]: W20260528 00:04:49.-2147483648 43601 pose_extrapolator.cc:83] No odometry data for time: 639146960864425910 (earliest: 639146960864516740)
[cartographer_node-1] [WARN] [1779894289.877895582] [cartographer logger]: W20260528 00:04:49.-2147483648 43601 pose_extrapolator.cc:83] No odometry data for time: 639146960864425910 (earliest: 639146960864516740)
[cartographer_node-1] [WARN] [1779894289.877903205] [cartographer logger]: W20260528 00:04:49.-2147483648 43601 pose_extrapolator.cc:83] No odometry data for time: 639146960864425910 (earliest: 639146960864516740)
[cartographer_node-1] [WARN] [1779894289.877910775] [cartographer logger]: W20260528 00:04:49.-2147483648 43601 pose_extrapolator.cc:83] No odometry data for time: 639146960864425910 (earliest: 639146960864516740)
[cartographer_node-1] [WARN] [1779894289.877918898] [cartographer logger]: W20260528 00:04:49.-2147483648 43601 pose_extrapolator.cc:83] No odometry data for time: 639146960864425910 (earliest: 639146960864516740)
[cartographer_node-1] [WARN] [1779894289.877927102] [cartographer logger]: W20260528 00:04:49.-2147483648 43601 pose_extrapolator.cc:83] No odometry data for time: 639146960864425910 (earliest: 639146960864516740)
[cartographer_node-1] [WARN] [1779894289.877934599] [cartographer logger]: W20260528 00:04:49.-2147483648 43601 pose_extrapolator.cc:83] No odometry data for time: 639146960864425910 (earliest: 639146960864516740)
[cartographer_node-1] [WARN] [1779894289.877942767] [cartographer logger]: W20260528 00:04:49.-2147483648 43601 pose_extrapolator.cc:83] No odometry data for time: 639146960864425910 (earliest: 639146960864516740)
[cartographer_node-1] [WARN] [1779894289.877950409] [cartographer logger]: W20260528 00:04:49.-2147483648 43601 pose_extrapolator.cc:83] No odometry data for time: 639146960864425910 (earliest: 639146960864516740)
[cartographer_node-1] [WARN] [1779894289.877958507] [cartographer logger]: W20260528 00:04:49.-2147483648 43601 pose_extrapolator.cc:83] No odometry data for time: 639146960864425910 (earliest: 639146960864516740)
[cartographer_node-1] [WARN] [1779894289.877968440] [cartographer logger]: W20260528 00:04:49.-2147483648 43601 pose_extrapolator.cc:83] No odometry data for time: 639146960864425910 (earliest: 639146960864516740)
[cartographer_node-1] [WARN] [1779894289.877976664] [cartographer logger]: W20260528 00:04:49.-2147483648 43601 pose_extrapolator.cc:83] No odometry data for time: 639146960864425910 (earliest: 639146960864516740)
[cartographer_node-1] [WARN] [1779894289.877984961] [cartographer logger]: W20260528 00:04:49.-2147483648 43601 pose_extrapolator.cc:83] No odometry data for time: 639146960864425910 (earliest: 639146960864516740)
[cartographer_node-1] [WARN] [1779894289.877992548] [cartographer logger]: W20260528 00:04:49.-2147483648 43601 pose_extrapolator.cc:83] No odometry data for time: 639146960864425910 (earliest: 639146960864516740)
[cartographer_node-1] [WARN] [1779894289.878000003] [cartographer logger]: W20260528 00:04:49.-2147483648 43601 pose_extrapolator.cc:83] No odometry data for time: 639146960864425910 (earliest: 639146960864516740)
[cartographer_node-1] [WARN] [1779894289.878008162] [cartographer logger]: W20260528 00:04:49.-2147483648 43601 pose_extrapolator.cc:83] No odometry data for time: 639146960864425910 (earliest: 639146960864516740)
[cartographer_node-1] [WARN] [1779894289.878016238] [cartographer logger]: W20260528 00:04:49.-2147483648 43601 pose_extrapolator.cc:83] No odometry data for time: 639146960864425910 (earliest: 639146960864516740)
[cartographer_node-1] [WARN] [1779894289.878023858] [cartographer logger]: W20260528 00:04:49.-2147483648 43601 pose_extrapolator.cc:83] No odometry data for time: 639146960864425910 (earliest: 639146960864516740)
[cartographer_node-1] [WARN] [1779894289.878031932] [cartographer logger]: W20260528 00:04:49.-2147483648 43601 pose_extrapolator.cc:83] No odometry data for time: 639146960864425910 (earliest: 639146960864516740)
[cartographer_node-1] [WARN] [1779894289.878039512] [cartographer logger]: W20260528 00:04:49.-2147483648 43601 pose_extrapolator.cc:83] No odometry data for time: 639146960864425910 (earliest: 639146960864516740)
[cartographer_node-1] [WARN] [1779894289.878047078] [cartographer logger]: W20260528 00:04:49.-2147483648 43601 pose_extrapolator.cc:83] No odometry data for time: 639146960864425910 (earliest: 639146960864516740)
[cartographer_node-1] [WARN] [1779894289.878055829] [cartographer logger]: W20260528 00:04:49.-2147483648 43601 pose_extrapolator.cc:83] No odometry data for time: 639146960864425910 (earliest: 639146960864516740)
[cartographer_node-1] [WARN] [1779894289.878064876] [cartographer logger]: W20260528 00:04:49.-2147483648 43601 pose_extrapolator.cc:83] No odometry data for time: 639146960864425910 (earliest: 639146960864516740)
[cartographer_node-1] [WARN] [1779894289.878072978] [cartographer logger]: W20260528 00:04:49.-2147483648 43601 pose_extrapolator.cc:83] No odometry data for time: 639146960864425910 (earliest: 639146960864516740)
[cartographer_node-1] [WARN] [1779894289.878084068] [cartographer logger]: W20260528 00:04:49.-2147483648 43601 pose_extrapolator.cc:83] No odometry data for time: 639146960864425910 (earliest: 639146960864516740)
[cartographer_node-1] [WARN] [1779894289.878091985] [cartographer logger]: W20260528 00:04:49.-2147483648 43601 pose_extrapolator.cc:83] No odometry data for time: 639146960864425910 (earliest: 639146960864516740)
[cartographer_node-1] [WARN] [1779894289.878099637] [cartographer logger]: W20260528 00:04:49.-2147483648 43601 pose_extrapolator.cc:83] No odometry data for time: 639146960864425910 (earliest: 639146960864516740)
[cartographer_node-1] [WARN] [1779894289.878107768] [cartographer logger]: W20260528 00:04:49.-2147483648 43601 pose_extrapolator.cc:83] No odometry data for time: 639146960864425910 (earliest: 639146960864516740)
[cartographer_node-1] [WARN] [1779894289.878115954] [cartographer logger]: W20260528 00:04:49.-2147483648 43601 pose_extrapolator.cc:83] No odometry data for time: 639146960864425910 (earliest: 639146960864516740)
[cartographer_node-1] [WARN] [1779894289.878123394] [cartographer logger]: W20260528 00:04:49.-2147483648 43601 pose_extrapolator.cc:83] No odometry data for time: 639146960864425910 (earliest: 639146960864516740)
[cartographer_node-1] [WARN] [1779894289.878131508] [cartographer logger]: W20260528 00:04:49.-2147483648 43601 pose_extrapolator.cc:83] No odometry data for time: 639146960864425910 (earliest: 639146960864516740)
[cartographer_node-1] [WARN] [1779894289.878141934] [cartographer logger]: W20260528 00:04:49.-2147483648 43601 pose_extrapolator.cc:83] No odometry data for time: 639146960864425910 (earliest: 639146960864516740)
[cartographer_node-1] [WARN] [1779894289.878149641] [cartographer logger]: W20260528 00:04:49.-2147483648 43601 pose_extrapolator.cc:83] No odometry data for time: 639146960864425910 (earliest: 639146960864516740)
[cartographer_node-1] [WARN] [1779894289.878157695] [cartographer logger]: W20260528 00:04:49.-2147483648 43601 pose_extrapolator.cc:83] No odometry data for time: 639146960864425910 (earliest: 639146960864516740)
[cartographer_node-1] [WARN] [1779894289.878165680] [cartographer logger]: W20260528 00:04:49.-2147483648 43601 pose_extrapolator.cc:83] No odometry data for time: 639146960864425910 (earliest: 639146960864516740)
[cartographer_node-1] [WARN] [1779894289.878173757] [cartographer logger]: W20260528 00:04:49.-2147483648 43601 pose_extrapolator.cc:83] No odometry data for time: 639146960864425910 (earliest: 639146960864516740)
[cartographer_node-1] [WARN] [1779894289.878181849] [cartographer logger]: W20260528 00:04:49.-2147483648 43601 pose_extrapolator.cc:83] No odometry data for time: 639146960864425910 (earliest: 639146960864516740)
[cartographer_node-1] [WARN] [1779894289.878189402] [cartographer logger]: W20260528 00:04:49.-2147483648 43601 pose_extrapolator.cc:83] No odometry data for time: 639146960864425910 (earliest: 639146960864516740)
[cartographer_node-1] [WARN] [1779894289.878196808] [cartographer logger]: W20260528 00:04:49.-2147483648 43601 pose_extrapolator.cc:83] No odometry data for time: 639146960864425910 (earliest: 639146960864516740)
[cartographer_node-1] [WARN] [1779894289.878204769] [cartographer logger]: W20260528 00:04:49.-2147483648 43601 pose_extrapolator.cc:83] No odometry data for time: 639146960864425910 (earliest: 639146960864516740)
[cartographer_node-1] [WARN] [1779894289.878212802] [cartographer logger]: W20260528 00:04:49.-2147483648 43601 pose_extrapolator.cc:83] No odometry data for time: 639146960864425910 (earliest: 639146960864516740)
[cartographer_node-1] [WARN] [1779894289.878220952] [cartographer logger]: W20260528 00:04:49.-2147483648 43601 pose_extrapolator.cc:83] No odometry data for time: 639146960864425910 (earliest: 639146960864516740)
[cartographer_node-1] [WARN] [1779894289.878229451] [cartographer logger]: W20260528 00:04:49.-2147483648 43601 pose_extrapolator.cc:83] No odometry data for time: 639146960864425910 (earliest: 639146960864516740)
[cartographer_node-1] [WARN] [1779894289.878237005] [cartographer logger]: W20260528 00:04:49.-2147483648 43601 pose_extrapolator.cc:83] No odometry data for time: 639146960864425910 (earliest: 639146960864516740)
[cartographer_node-1] [WARN] [1779894289.878245055] [cartographer logger]: W20260528 00:04:49.-2147483648 43601 pose_extrapolator.cc:83] No odometry data for time: 639146960864425910 (earliest: 639146960864516740)
[cartographer_node-1] [WARN] [1779894289.878253204] [cartographer logger]: W20260528 00:04:49.-2147483648 43601 pose_extrapolator.cc:83] No odometry data for time: 639146960864425910 (earliest: 639146960864516740)
[cartographer_node-1] [WARN] [1779894289.878261277] [cartographer logger]: W20260528 00:04:49.-2147483648 43601 pose_extrapolator.cc:83] No odometry data for time: 639146960864425910 (earliest: 639146960864516740)
[cartographer_node-1] [WARN] [1779894289.878268968] [cartographer logger]: W20260528 00:04:49.-2147483648 43601 pose_extrapolator.cc:83] No odometry data for time: 639146960864425910 (earliest: 639146960864516740)
[cartographer_node-1] [WARN] [1779894289.878276585] [cartographer logger]: W20260528 00:04:49.-2147483648 43601 pose_extrapolator.cc:83] No odometry data for time: 639146960864425910 (earliest: 639146960864516740)
[cartographer_node-1] [WARN] [1779894289.878284650] [cartographer logger]: W20260528 00:04:49.-2147483648 43601 pose_extrapolator.cc:83] No odometry data for time: 639146960864425910 (earliest: 639146960864516740)
[cartographer_node-1] [WARN] [1779894289.878292083] [cartographer logger]: W20260528 00:04:49.-2147483648 43601 pose_extrapolator.cc:83] No odometry data for time: 639146960864425910 (earliest: 639146960864516740)
[cartographer_node-1] [WARN] [1779894289.878299583] [cartographer logger]: W20260528 00:04:49.-2147483648 43601 pose_extrapolator.cc:83] No odometry data for time: 639146960864425910 (earliest: 639146960864516740)
[cartographer_node-1] [WARN] [1779894289.878309117] [cartographer logger]: W20260528 00:04:49.-2147483648 43601 pose_extrapolator.cc:83] No odometry data for time: 639146960864425910 (earliest: 639146960864516740)
[cartographer_node-1] [WARN] [1779894289.878319547] [cartographer logger]: W20260528 00:04:49.-2147483648 43601 pose_extrapolator.cc:83] No odometry data for time: 639146960864425910 (earliest: 639146960864516740)
[cartographer_node-1] [WARN] [1779894289.878330615] [cartographer logger]: W20260528 00:04:49.-2147483648 43601 pose_extrapolator.cc:83] No odometry data for time: 639146960864425910 (earliest: 639146960864516740)
[cartographer_node-1] [WARN] [1779894289.878339326] [cartographer logger]: W20260528 00:04:49.-2147483648 43601 pose_extrapolator.cc:83] No odometry data for time: 639146960864425910 (earliest: 639146960864516740)
[cartographer_node-1] [WARN] [1779894289.878347352] [cartographer logger]: W20260528 00:04:49.-2147483648 43601 pose_extrapolator.cc:83] No odometry data for time: 639146960864425910 (earliest: 639146960864516740)
[cartographer_node-1] [WARN] [1779894289.878355070] [cartographer logger]: W20260528 00:04:49.-2147483648 43601 pose_extrapolator.cc:83] No odometry data for time: 639146960864425910 (earliest: 639146960864516740)
[cartographer_node-1] [WARN] [1779894289.878363263] [cartographer logger]: W20260528 00:04:49.-2147483648 43601 pose_extrapolator.cc:83] No odometry data for time: 639146960864425910 (earliest: 639146960864516740)
[cartographer_node-1] [WARN] [1779894289.878371452] [cartographer logger]: W20260528 00:04:49.-2147483648 43601 pose_extrapolator.cc:83] No odometry data for time: 639146960864425910 (earliest: 639146960864516740)
[cartographer_node-1] [WARN] [1779894289.878379479] [cartographer logger]: W20260528 00:04:49.-2147483648 43601 pose_extrapolator.cc:83] No odometry data for time: 639146960864425910 (earliest: 639146960864516740)
[cartographer_node-1] [WARN] [1779894289.878387049] [cartographer logger]: W20260528 00:04:49.-2147483648 43601 pose_extrapolator.cc:83] No odometry data for time: 639146960864425910 (earliest: 639146960864516740)
[cartographer_node-1] [WARN] [1779894289.878395114] [cartographer logger]: W20260528 00:04:49.-2147483648 43601 pose_extrapolator.cc:83] No odometry data for time: 639146960864425910 (earliest: 639146960864516740)
[cartographer_node-1] [WARN] [1779894289.878403611] [cartographer logger]: W20260528 00:04:49.-2147483648 43601 pose_extrapolator.cc:83] No odometry data for time: 639146960864425910 (earliest: 639146960864516740)
[cartographer_node-1] [WARN] [1779894289.878411042] [cartographer logger]: W20260528 00:04:49.-2147483648 43601 pose_extrapolator.cc:83] No odometry data for time: 639146960864425910 (earliest: 639146960864516740)
[cartographer_node-1] [WARN] [1779894289.878419127] [cartographer logger]: W20260528 00:04:49.-2147483648 43601 pose_extrapolator.cc:83] No odometry data for time: 639146960864425910 (earliest: 639146960864516740)
[cartographer_node-1] [WARN] [1779894289.878426663] [cartographer logger]: W20260528 00:04:49.-2147483648 43601 pose_extrapolator.cc:83] No odometry data for time: 639146960864425910 (earliest: 639146960864516740)
[cartographer_node-1] [WARN] [1779894289.878434710] [cartographer logger]: W20260528 00:04:49.-2147483648 43601 pose_extrapolator.cc:83] No odometry data for time: 639146960864425910 (earliest: 639146960864516740)
[cartographer_node-1] [WARN] [1779894289.878442311] [cartographer logger]: W20260528 00:04:49.-2147483648 43601 pose_extrapolator.cc:83] No odometry data for time: 639146960864425910 (earliest: 639146960864516740)
[cartographer_node-1] [WARN] [1779894289.878450516] [cartographer logger]: W20260528 00:04:49.-2147483648 43601 pose_extrapolator.cc:83] No odometry data for time: 639146960864425910 (earliest: 639146960864516740)
[cartographer_node-1] [WARN] [1779894289.878458431] [cartographer logger]: W20260528 00:04:49.-2147483648 43601 pose_extrapolator.cc:83] No odometry data for time: 639146960864425910 (earliest: 639146960864516740)
[cartographer_node-1] [WARN] [1779894289.878465905] [cartographer logger]: W20260528 00:04:49.-2147483648 43601 pose_extrapolator.cc:83] No odometry data for time: 639146960864425910 (earliest: 639146960864516740)
[cartographer_node-1] [WARN] [1779894289.878473431] [cartographer logger]: W20260528 00:04:49.-2147483648 43601 pose_extrapolator.cc:83] No odometry data for time: 639146960864425910 (earliest: 639146960864516740)
[cartographer_node-1] [WARN] [1779894289.878481527] [cartographer logger]: W20260528 00:04:49.-2147483648 43601 pose_extrapolator.cc:83] No odometry data for time: 639146960864425910 (earliest: 639146960864516740)
[cartographer_node-1] [WARN] [1779894289.878492119] [cartographer logger]: W20260528 00:04:49.-2147483648 43601 pose_extrapolator.cc:83] No odometry data for time: 639146960864425910 (earliest: 639146960864516740)
[cartographer_node-1] [WARN] [1779894289.878500482] [cartographer logger]: W20260528 00:04:49.-2147483648 43601 pose_extrapolator.cc:83] No odometry data for time: 639146960864425910 (earliest: 639146960864516740)
[cartographer_node-1] [WARN] [1779894289.878508176] [cartographer logger]: W20260528 00:04:49.-2147483648 43601 pose_extrapolator.cc:83] No odometry data for time: 639146960864425910 (earliest: 639146960864516740)
[cartographer_node-1] [WARN] [1779894289.878518520] [cartographer logger]: W20260528 00:04:49.-2147483648 43601 pose_extrapolator.cc:83] No odometry data for time: 639146960864425910 (earliest: 639146960864516740)
[cartographer_node-1] [WARN] [1779894289.878526658] [cartographer logger]: W20260528 00:04:49.-2147483648 43601 pose_extrapolator.cc:83] No odometry data for time: 639146960864425910 (earliest: 639146960864516740)
[cartographer_node-1] [WARN] [1779894289.878534856] [cartographer logger]: W20260528 00:04:49.-2147483648 43601 pose_extrapolator.cc:83] No odometry data for time: 639146960864425910 (earliest: 639146960864516740)
[cartographer_node-1] [WARN] [1779894289.878542509] [cartographer logger]: W20260528 00:04:49.-2147483648 43601 pose_extrapolator.cc:83] No odometry data for time: 639146960864425910 (earliest: 639146960864516740)
[cartographer_node-1] [WARN] [1779894289.878550523] [cartographer logger]: W20260528 00:04:49.-2147483648 43601 pose_extrapolator.cc:83] No odometry data for time: 639146960864425910 (earliest: 639146960864516740)
[cartographer_node-1] [WARN] [1779894289.878558517] [cartographer logger]: W20260528 00:04:49.-2147483648 43601 pose_extrapolator.cc:83] No odometry data for time: 639146960864425910 (earliest: 639146960864516740)
[cartographer_node-1] [WARN] [1779894289.878568262] [cartographer logger]: W20260528 00:04:49.-2147483648 43601 pose_extrapolator.cc:83] No odometry data for time: 639146960864425910 (earliest: 639146960864516740)
[cartographer_node-1] [WARN] [1779894289.878577225] [cartographer logger]: W20260528 00:04:49.-2147483648 43601 pose_extrapolator.cc:83] No odometry data for time: 639146960864425910 (earliest: 639146960864516740)
[cartographer_node-1] [WARN] [1779894289.878588968] [cartographer logger]: W20260528 00:04:49.-2147483648 43601 pose_extrapolator.cc:83] No odometry data for time: 639146960864425910 (earliest: 639146960864516740)
[cartographer_node-1] [WARN] [1779894289.878598297] [cartographer logger]: W20260528 00:04:49.-2147483648 43601 pose_extrapolator.cc:83] No odometry data for time: 639146960864425910 (earliest: 639146960864516740)
[cartographer_node-1] [WARN] [1779894289.878607023] [cartographer logger]: W20260528 00:04:49.-2147483648 43601 pose_extrapolator.cc:83] No odometry data for time: 639146960864425910 (earliest: 639146960864516740)
[cartographer_node-1] [WARN] [1779894289.878614823] [cartographer logger]: W20260528 00:04:49.-2147483648 43601 pose_extrapolator.cc:83] No odometry data for time: 639146960864425910 (earliest: 639146960864516740)
[cartographer_node-1] [WARN] [1779894289.878622447] [cartographer logger]: W20260528 00:04:49.-2147483648 43601 pose_extrapolator.cc:83] No odometry data for time: 639146960864425910 (earliest: 639146960864516740)
[cartographer_node-1] [WARN] [1779894289.878630561] [cartographer logger]: W20260528 00:04:49.-2147483648 43601 pose_extrapolator.cc:83] No odometry data for time: 639146960864425910 (earliest: 639146960864516740)
[cartographer_node-1] [WARN] [1779894289.878638689] [cartographer logger]: W20260528 00:04:49.-2147483648 43601 pose_extrapolator.cc:83] No odometry data for time: 639146960864425910 (earliest: 639146960864516740)
[cartographer_node-1] [WARN] [1779894289.878646832] [cartographer logger]: W20260528 00:04:49.-2147483648 43601 pose_extrapolator.cc:83] No odometry data for time: 639146960864425910 (earliest: 639146960864516740)
[cartographer_node-1] [WARN] [1779894289.878654933] [cartographer logger]: W20260528 00:04:49.-2147483648 43601 pose_extrapolator.cc:83] No odometry data for time: 639146960864425910 (earliest: 639146960864516740)
[cartographer_node-1] [WARN] [1779894289.878662626] [cartographer logger]: W20260528 00:04:49.-2147483648 43601 pose_extrapolator.cc:83] No odometry data for time: 639146960864425910 (earliest: 639146960864516740)
[cartographer_node-1] [WARN] [1779894289.878674354] [cartographer logger]: W20260528 00:04:49.-2147483648 43601 pose_extrapolator.cc:83] No odometry data for time: 639146960864425910 (earliest: 639146960864516740)
[cartographer_node-1] [WARN] [1779894289.878682754] [cartographer logger]: W20260528 00:04:49.-2147483648 43601 pose_extrapolator.cc:83] No odometry data for time: 639146960864425910 (earliest: 639146960864516740)
[cartographer_node-1] [WARN] [1779894289.878691034] [cartographer logger]: W20260528 00:04:49.-2147483648 43601 pose_extrapolator.cc:83] No odometry data for time: 639146960864425910 (earliest: 639146960864516740)
[cartographer_node-1] [WARN] [1779894289.878698785] [cartographer logger]: W20260528 00:04:49.-2147483648 43601 pose_extrapolator.cc:83] No odometry data for time: 639146960864425910 (earliest: 639146960864516740)
[cartographer_node-1] [WARN] [1779894289.878706850] [cartographer logger]: W20260528 00:04:49.-2147483648 43601 pose_extrapolator.cc:83] No odometry data for time: 639146960864425910 (earliest: 639146960864516740)
[cartographer_node-1] [WARN] [1779894289.878714477] [cartographer logger]: W20260528 00:04:49.-2147483648 43601 pose_extrapolator.cc:83] No odometry data for time: 639146960864425910 (earliest: 639146960864516740)
[cartographer_node-1] [WARN] [1779894289.878722021] [cartographer logger]: W20260528 00:04:49.-2147483648 43601 pose_extrapolator.cc:83] No odometry data for time: 639146960864425910 (earliest: 639146960864516740)
[cartographer_node-1] [WARN] [1779894289.878730099] [cartographer logger]: W20260528 00:04:49.-2147483648 43601 pose_extrapolator.cc:83] No odometry data for time: 639146960864425910 (earliest: 639146960864516740)
[cartographer_node-1] [WARN] [1779894289.878737969] [cartographer logger]: W20260528 00:04:49.-2147483648 43601 pose_extrapolator.cc:83] No odometry data for time: 639146960864425910 (earliest: 639146960864516740)
[cartographer_node-1] [WARN] [1779894289.878745607] [cartographer logger]: W20260528 00:04:49.-2147483648 43601 pose_extrapolator.cc:83] No odometry data for time: 639146960864425910 (earliest: 639146960864516740)
[cartographer_node-1] [WARN] [1779894289.878754553] [cartographer logger]: W20260528 00:04:49.-2147483648 43601 pose_extrapolator.cc:83] No odometry data for time: 639146960864425910 (earliest: 639146960864516740)
[cartographer_node-1] [WARN] [1779894289.878762106] [cartographer logger]: W20260528 00:04:49.-2147483648 43601 pose_extrapolator.cc:83] No odometry data for time: 639146960864425910 (earliest: 639146960864516740)
[cartographer_node-1] [WARN] [1779894289.878770246] [cartographer logger]: W20260528 00:04:49.-2147483648 43601 pose_extrapolator.cc:83] No odometry data for time: 639146960864425910 (earliest: 639146960864516740)
[cartographer_node-1] [WARN] [1779894289.878779132] [cartographer logger]: W20260528 00:04:49.-2147483648 43601 pose_extrapolator.cc:83] No odometry data for time: 639146960864425910 (earliest: 639146960864516740)
[cartographer_node-1] [WARN] [1779894289.878788315] [cartographer logger]: W20260528 00:04:49.-2147483648 43601 pose_extrapolator.cc:83] No odometry data for time: 639146960864425910 (earliest: 639146960864516740)
[cartographer_node-1] [WARN] [1779894289.878796887] [cartographer logger]: W20260528 00:04:49.-2147483648 43601 pose_extrapolator.cc:83] No odometry data for time: 639146960864425910 (earliest: 639146960864516740)
[cartographer_node-1] [WARN] [1779894289.878805291] [cartographer logger]: W20260528 00:04:49.-2147483648 43601 pose_extrapolator.cc:83] No odometry data for time: 639146960864425910 (earliest: 639146960864516740)
[cartographer_node-1] [WARN] [1779894289.878813406] [cartographer logger]: W20260528 00:04:49.-2147483648 43601 pose_extrapolator.cc:83] No odometry data for time: 639146960864425910 (earliest: 639146960864516740)
[cartographer_node-1] [WARN] [1779894289.878821108] [cartographer logger]: W20260528 00:04:49.-2147483648 43601 pose_extrapolator.cc:83] No odometry data for time: 639146960864425910 (earliest: 639146960864516740)
[cartographer_node-1] [WARN] [1779894289.878832184] [cartographer logger]: W20260528 00:04:49.-2147483648 43601 pose_extrapolator.cc:83] No odometry data for time: 639146960864425910 (earliest: 639146960864516740)
[cartographer_node-1] [WARN] [1779894289.878839842] [cartographer logger]: W20260528 00:04:49.-2147483648 43601 pose_extrapolator.cc:83] No odometry data for time: 639146960864425910 (earliest: 639146960864516740)
[cartographer_node-1] [WARN] [1779894289.878851743] [cartographer logger]: W20260528 00:04:49.-2147483648 43601 pose_extrapolator.cc:83] No odometry data for time: 639146960864425910 (earliest: 639146960864516740)
[cartographer_node-1] [WARN] [1779894289.878862376] [cartographer logger]: W20260528 00:04:49.-2147483648 43601 pose_extrapolator.cc:83] No odometry data for time: 639146960864425910 (earliest: 639146960864516740)
[cartographer_node-1] [WARN] [1779894289.878870220] [cartographer logger]: W20260528 00:04:49.-2147483648 43601 pose_extrapolator.cc:83] No odometry data for time: 639146960864425910 (earliest: 639146960864516740)
[cartographer_node-1] [WARN] [1779894289.878877948] [cartographer logger]: W20260528 00:04:49.-2147483648 43601 pose_extrapolator.cc:83] No odometry data for time: 639146960864425910 (earliest: 639146960864516740)
[cartographer_node-1] [WARN] [1779894289.878885401] [cartographer logger]: W20260528 00:04:49.-2147483648 43601 pose_extrapolator.cc:83] No odometry data for time: 639146960864425910 (earliest: 639146960864516740)
[cartographer_node-1] [WARN] [1779894289.878892769] [cartographer logger]: W20260528 00:04:49.-2147483648 43601 pose_extrapolator.cc:83] No odometry data for time: 639146960864425910 (earliest: 639146960864516740)
[cartographer_node-1] [WARN] [1779894289.878900320] [cartographer logger]: W20260528 00:04:49.-2147483648 43601 pose_extrapolator.cc:83] No odometry data for time: 639146960864425910 (earliest: 639146960864516740)
[cartographer_node-1] [WARN] [1779894289.878908290] [cartographer logger]: W20260528 00:04:49.-2147483648 43601 pose_extrapolator.cc:83] No odometry data for time: 639146960864425910 (earliest: 639146960864516740)
[cartographer_node-1] [WARN] [1779894289.878915856] [cartographer logger]: W20260528 00:04:49.-2147483648 43601 pose_extrapolator.cc:83] No odometry data for time: 639146960864425910 (earliest: 639146960864516740)
[cartographer_node-1] [WARN] [1779894289.878923337] [cartographer logger]: W20260528 00:04:49.-2147483648 43601 pose_extrapolator.cc:83] No odometry data for time: 639146960864425910 (earliest: 639146960864516740)
[cartographer_node-1] [WARN] [1779894289.878931456] [cartographer logger]: W20260528 00:04:49.-2147483648 43601 pose_extrapolator.cc:83] No odometry data for time: 639146960864425910 (earliest: 639146960864516740)
[cartographer_node-1] [WARN] [1779894289.878938917] [cartographer logger]: W20260528 00:04:49.-2147483648 43601 pose_extrapolator.cc:83] No odometry data for time: 639146960864425910 (earliest: 639146960864516740)
[cartographer_node-1] [WARN] [1779894289.878946433] [cartographer logger]: W20260528 00:04:49.-2147483648 43601 pose_extrapolator.cc:83] No odometry data for time: 639146960864425910 (earliest: 639146960864516740)
[cartographer_node-1] [WARN] [1779894289.878954060] [cartographer logger]: W20260528 00:04:49.-2147483648 43601 pose_extrapolator.cc:83] No odometry data for time: 639146960864425910 (earliest: 639146960864516740)
[cartographer_node-1] [WARN] [1779894289.878961632] [cartographer logger]: W20260528 00:04:49.-2147483648 43601 pose_extrapolator.cc:83] No odometry data for time: 639146960864425910 (earliest: 639146960864516740)
[cartographer_node-1] [WARN] [1779894289.878969209] [cartographer logger]: W20260528 00:04:49.-2147483648 43601 pose_extrapolator.cc:83] No odometry data for time: 639146960864425910 (earliest: 639146960864516740)
[cartographer_node-1] [WARN] [1779894289.878976847] [cartographer logger]: W20260528 00:04:49.-2147483648 43601 pose_extrapolator.cc:83] No odometry data for time: 639146960864425910 (earliest: 639146960864516740)
[cartographer_node-1] [WARN] [1779894289.878984457] [cartographer logger]: W20260528 00:04:49.-2147483648 43601 pose_extrapolator.cc:83] No odometry data for time: 639146960864425910 (earliest: 639146960864516740)
[cartographer_node-1] [WARN] [1779894289.878992743] [cartographer logger]: W20260528 00:04:49.-2147483648 43601 pose_extrapolator.cc:83] No odometry data for time: 639146960864425910 (earliest: 639146960864516740)
[cartographer_node-1] [WARN] [1779894289.879000298] [cartographer logger]: W20260528 00:04:49.-2147483648 43601 pose_extrapolator.cc:83] No odometry data for time: 639146960864425910 (earliest: 639146960864516740)
[cartographer_node-1] [WARN] [1779894289.879007840] [cartographer logger]: W20260528 00:04:49.-2147483648 43601 pose_extrapolator.cc:83] No odometry data for time: 639146960864425910 (earliest: 639146960864516740)
[cartographer_node-1] [WARN] [1779894289.879015884] [cartographer logger]: W20260528 00:04:49.-2147483648 43601 pose_extrapolator.cc:83] No odometry data for time: 639146960864425910 (earliest: 639146960864516740)
[cartographer_node-1] [WARN] [1779894289.879030016] [cartographer logger]: W20260528 00:04:49.-2147483648 43601 pose_extrapolator.cc:83] No odometry data for time: 639146960864425910 (earliest: 639146960864516740)
[cartographer_node-1] [WARN] [1779894289.879039299] [cartographer logger]: W20260528 00:04:49.-2147483648 43601 pose_extrapolator.cc:83] No odometry data for time: 639146960864425910 (earliest: 639146960864516740)
[cartographer_node-1] [WARN] [1779894289.879047880] [cartographer logger]: W20260528 00:04:49.-2147483648 43601 pose_extrapolator.cc:83] No odometry data for time: 639146960864425910 (earliest: 639146960864516740)
[cartographer_node-1] [WARN] [1779894289.879056088] [cartographer logger]: W20260528 00:04:49.-2147483648 43601 pose_extrapolator.cc:83] No odometry data for time: 639146960864425910 (earliest: 639146960864516740)
[cartographer_node-1] [WARN] [1779894289.879064133] [cartographer logger]: W20260528 00:04:49.-2147483648 43601 pose_extrapolator.cc:83] No odometry data for time: 639146960864425910 (earliest: 639146960864516740)
[cartographer_node-1] [WARN] [1779894289.879071731] [cartographer logger]: W20260528 00:04:49.-2147483648 43601 pose_extrapolator.cc:83] No odometry data for time: 639146960864425910 (earliest: 639146960864516740)
[cartographer_node-1] [WARN] [1779894289.879081464] [cartographer logger]: W20260528 00:04:49.-2147483648 43601 pose_extrapolator.cc:83] No odometry data for time: 639146960864425910 (earliest: 639146960864516740)
[cartographer_node-1] [WARN] [1779894289.879089210] [cartographer logger]: W20260528 00:04:49.-2147483648 43601 pose_extrapolator.cc:83] No odometry data for time: 639146960864425910 (earliest: 639146960864516740)
[cartographer_node-1] [WARN] [1779894289.879100353] [cartographer logger]: W20260528 00:04:49.-2147483648 43601 pose_extrapolator.cc:83] No odometry data for time: 639146960864425910 (earliest: 639146960864516740)
[cartographer_node-1] [WARN] [1779894289.879108708] [cartographer logger]: W20260528 00:04:49.-2147483648 43601 pose_extrapolator.cc:83] No odometry data for time: 639146960864425910 (earliest: 639146960864516740)
[cartographer_node-1] [WARN] [1779894289.879116624] [cartographer logger]: W20260528 00:04:49.-2147483648 43601 pose_extrapolator.cc:83] No odometry data for time: 639146960864425910 (earliest: 639146960864516740)
[cartographer_node-1] [WARN] [1779894289.879124450] [cartographer logger]: W20260528 00:04:49.-2147483648 43601 pose_extrapolator.cc:83] No odometry data for time: 639146960864425910 (earliest: 639146960864516740)
[cartographer_node-1] [WARN] [1779894289.879132269] [cartographer logger]: W20260528 00:04:49.-2147483648 43601 pose_extrapolator.cc:83] No odometry data for time: 639146960864425910 (earliest: 639146960864516740)
[cartographer_node-1] [WARN] [1779894289.879140594] [cartographer logger]: W20260528 00:04:49.-2147483648 43601 pose_extrapolator.cc:83] No odometry data for time: 639146960864425910 (earliest: 639146960864516740)
[cartographer_node-1] [WARN] [1779894289.879148298] [cartographer logger]: W20260528 00:04:49.-2147483648 43601 pose_extrapolator.cc:83] No odometry data for time: 639146960864425910 (earliest: 639146960864516740)
[cartographer_node-1] [WARN] [1779894289.879156542] [cartographer logger]: W20260528 00:04:49.-2147483648 43601 pose_extrapolator.cc:83] No odometry data for time: 639146960864425910 (earliest: 639146960864516740)
[cartographer_node-1] [WARN] [1779894289.879164889] [cartographer logger]: W20260528 00:04:49.-2147483648 43601 pose_extrapolator.cc:83] No odometry data for time: 639146960864425910 (earliest: 639146960864516740)
[cartographer_node-1] [WARN] [1779894289.879172562] [cartographer logger]: W20260528 00:04:49.-2147483648 43601 pose_extrapolator.cc:83] No odometry data for time: 639146960864425910 (earliest: 639146960864516740)
[cartographer_node-1] [WARN] [1779894289.879180336] [cartographer logger]: W20260528 00:04:49.-2147483648 43601 pose_extrapolator.cc:83] No odometry data for time: 639146960864425910 (earliest: 639146960864516740)
[cartographer_node-1] [WARN] [1779894289.879188637] [cartographer logger]: W20260528 00:04:49.-2147483648 43601 pose_extrapolator.cc:83] No odometry data for time: 639146960864425910 (earliest: 639146960864516740)
[cartographer_node-1] [WARN] [1779894289.879196351] [cartographer logger]: W20260528 00:04:49.-2147483648 43601 pose_extrapolator.cc:83] No odometry data for time: 639146960864425910 (earliest: 639146960864516740)
[cartographer_node-1] [WARN] [1779894289.879207464] [cartographer logger]: W20260528 00:04:49.-2147483648 43601 pose_extrapolator.cc:83] No odometry data for time: 639146960864425910 (earliest: 639146960864516740)
[cartographer_node-1] [WARN] [1779894289.879215935] [cartographer logger]: W20260528 00:04:49.-2147483648 43601 pose_extrapolator.cc:83] No odometry data for time: 639146960864425910 (earliest: 639146960864516740)
[cartographer_node-1] [WARN] [1779894289.879224870] [cartographer logger]: W20260528 00:04:49.-2147483648 43601 pose_extrapolator.cc:83] No odometry data for time: 639146960864425910 (earliest: 639146960864516740)
[cartographer_node-1] [WARN] [1779894289.879234807] [cartographer logger]: W20260528 00:04:49.-2147483648 43601 pose_extrapolator.cc:83] No odometry data for time: 639146960864425910 (earliest: 639146960864516740)
[cartographer_node-1] [WARN] [1779894289.879244100] [cartographer logger]: W20260528 00:04:49.-2147483648 43601 pose_extrapolator.cc:83] No odometry data for time: 639146960864425910 (earliest: 639146960864516740)
[cartographer_node-1] [WARN] [1779894289.879252712] [cartographer logger]: W20260528 00:04:49.-2147483648 43601 pose_extrapolator.cc:83] No odometry data for time: 639146960864425910 (earliest: 639146960864516740)
[cartographer_node-1] [WARN] [1779894289.879260354] [cartographer logger]: W20260528 00:04:49.-2147483648 43601 pose_extrapolator.cc:83] No odometry data for time: 639146960864425910 (earliest: 639146960864516740)
[cartographer_node-1] [WARN] [1779894289.879267946] [cartographer logger]: W20260528 00:04:49.-2147483648 43601 pose_extrapolator.cc:83] No odometry data for time: 639146960864425910 (earliest: 639146960864516740)
[cartographer_node-1] [WARN] [1779894289.879276238] [cartographer logger]: W20260528 00:04:49.-2147483648 43601 pose_extrapolator.cc:83] No odometry data for time: 639146960864425910 (earliest: 639146960864516740)
[cartographer_node-1] [WARN] [1779894289.879284448] [cartographer logger]: W20260528 00:04:49.-2147483648 43601 pose_extrapolator.cc:83] No odometry data for time: 639146960864425910 (earliest: 639146960864516740)
[cartographer_node-1] [WARN] [1779894289.879292718] [cartographer logger]: W20260528 00:04:49.-2147483648 43601 pose_extrapolator.cc:83] No odometry data for time: 639146960864425910 (earliest: 639146960864516740)
[cartographer_node-1] [WARN] [1779894289.879300433] [cartographer logger]: W20260528 00:04:49.-2147483648 43601 pose_extrapolator.cc:83] No odometry data for time: 639146960864425910 (earliest: 639146960864516740)
[cartographer_node-1] [WARN] [1779894289.879308602] [cartographer logger]: W20260528 00:04:49.-2147483648 43601 pose_extrapolator.cc:83] No odometry data for time: 639146960864425910 (earliest: 639146960864516740)
[cartographer_node-1] [WARN] [1779894289.879316236] [cartographer logger]: W20260528 00:04:49.-2147483648 43601 pose_extrapolator.cc:83] No odometry data for time: 639146960864425910 (earliest: 639146960864516740)
[cartographer_node-1] [WARN] [1779894289.879323743] [cartographer logger]: W20260528 00:04:49.-2147483648 43601 pose_extrapolator.cc:83] No odometry data for time: 639146960864425910 (earliest: 639146960864516740)
[cartographer_node-1] [WARN] [1779894289.879331269] [cartographer logger]: W20260528 00:04:49.-2147483648 43601 pose_extrapolator.cc:83] No odometry data for time: 639146960864425910 (earliest: 639146960864516740)
[cartographer_node-1] [WARN] [1779894289.879340775] [cartographer logger]: W20260528 00:04:49.-2147483648 43601 pose_extrapolator.cc:83] No odometry data for time: 639146960864425910 (earliest: 639146960864516740)
[cartographer_node-1] [WARN] [1779894289.879349127] [cartographer logger]: W20260528 00:04:49.-2147483648 43601 pose_extrapolator.cc:83] No odometry data for time: 639146960864425910 (earliest: 639146960864516740)
[cartographer_node-1] [WARN] [1779894289.879362223] [cartographer logger]: W20260528 00:04:49.-2147483648 43601 pose_extrapolator.cc:83] No odometry data for time: 639146960864425910 (earliest: 639146960864516740)
[cartographer_node-1] [WARN] [1779894289.879370641] [cartographer logger]: W20260528 00:04:49.-2147483648 43601 pose_extrapolator.cc:83] No odometry data for time: 639146960864425910 (earliest: 639146960864516740)
[cartographer_node-1] [WARN] [1779894289.879378995] [cartographer logger]: W20260528 00:04:49.-2147483648 43601 pose_extrapolator.cc:83] No odometry data for time: 639146960864425910 (earliest: 639146960864516740)
[cartographer_node-1] [WARN] [1779894289.879386580] [cartographer logger]: W20260528 00:04:49.-2147483648 43601 pose_extrapolator.cc:83] No odometry data for time: 639146960864425910 (earliest: 639146960864516740)
[cartographer_node-1] [WARN] [1779894289.879397246] [cartographer logger]: W20260528 00:04:49.-2147483648 43601 pose_extrapolator.cc:83] No odometry data for time: 639146960864425910 (earliest: 639146960864516740)
[cartographer_node-1] [WARN] [1779894289.879405432] [cartographer logger]: W20260528 00:04:49.-2147483648 43601 pose_extrapolator.cc:83] No odometry data for time: 639146960864425910 (earliest: 639146960864516740)
[cartographer_node-1] [WARN] [1779894289.879413730] [cartographer logger]: W20260528 00:04:49.-2147483648 43601 pose_extrapolator.cc:83] No odometry data for time: 639146960864425910 (earliest: 639146960864516740)
[cartographer_node-1] [WARN] [1779894289.879421283] [cartographer logger]: W20260528 00:04:49.-2147483648 43601 pose_extrapolator.cc:83] No odometry data for time: 639146960864425910 (earliest: 639146960864516740)
[cartographer_node-1] [WARN] [1779894289.879429416] [cartographer logger]: W20260528 00:04:49.-2147483648 43601 pose_extrapolator.cc:83] No odometry data for time: 639146960864425910 (earliest: 639146960864516740)
[cartographer_node-1] [WARN] [1779894289.879438799] [cartographer logger]: W20260528 00:04:49.-2147483648 43601 pose_extrapolator.cc:83] No odometry data for time: 639146960864425910 (earliest: 639146960864516740)
[cartographer_node-1] [WARN] [1779894289.879446573] [cartographer logger]: W20260528 00:04:49.-2147483648 43601 pose_extrapolator.cc:83] No odometry data for time: 639146960864425910 (earliest: 639146960864516740)
[cartographer_node-1] [WARN] [1779894289.879454074] [cartographer logger]: W20260528 00:04:49.-2147483648 43601 pose_extrapolator.cc:83] No odometry data for time: 639146960864425910 (earliest: 639146960864516740)
[cartographer_node-1] [WARN] [1779894289.879461632] [cartographer logger]: W20260528 00:04:49.-2147483648 43601 pose_extrapolator.cc:83] No odometry data for time: 639146960864425910 (earliest: 639146960864516740)
[cartographer_node-1] [WARN] [1779894289.879469239] [cartographer logger]: W20260528 00:04:49.-2147483648 43601 pose_extrapolator.cc:83] No odometry data for time: 639146960864425910 (earliest: 639146960864516740)
[cartographer_node-1] [WARN] [1779894289.879478432] [cartographer logger]: W20260528 00:04:49.-2147483648 43601 pose_extrapolator.cc:83] No odometry data for time: 639146960864425910 (earliest: 639146960864516740)
[cartographer_node-1] [WARN] [1779894289.879485911] [cartographer logger]: W20260528 00:04:49.-2147483648 43601 pose_extrapolator.cc:83] No odometry data for time: 639146960864425910 (earliest: 639146960864516740)
[cartographer_node-1] [WARN] [1779894289.879493329] [cartographer logger]: W20260528 00:04:49.-2147483648 43601 pose_extrapolator.cc:83] No odometry data for time: 639146960864425910 (earliest: 639146960864516740)
[cartographer_node-1] [WARN] [1779894289.879500789] [cartographer logger]: W20260528 00:04:49.-2147483648 43601 pose_extrapolator.cc:83] No odometry data for time: 639146960864425910 (earliest: 639146960864516740)
[cartographer_node-1] [WARN] [1779894289.879508348] [cartographer logger]: W20260528 00:04:49.-2147483648 43601 pose_extrapolator.cc:83] No odometry data for time: 639146960864425910 (earliest: 639146960864516740)
[cartographer_node-1] [WARN] [1779894289.879521831] [cartographer logger]: W20260528 00:04:49.-2147483648 43601 pose_extrapolator.cc:83] No odometry data for time: 639146960864425910 (earliest: 639146960864516740)
[cartographer_node-1] [WARN] [1779894289.879529712] [cartographer logger]: W20260528 00:04:49.-2147483648 43601 pose_extrapolator.cc:83] No odometry data for time: 639146960864425910 (earliest: 639146960864516740)
[cartographer_node-1] [WARN] [1779894289.879537466] [cartographer logger]: W20260528 00:04:49.-2147483648 43601 pose_extrapolator.cc:83] No odometry data for time: 639146960864425910 (earliest: 639146960864516740)
[cartographer_node-1] [WARN] [1779894289.879545140] [cartographer logger]: W20260528 00:04:49.-2147483648 43601 pose_extrapolator.cc:83] No odometry data for time: 639146960864425910 (earliest: 639146960864516740)
[cartographer_node-1] [WARN] [1779894289.879552692] [cartographer logger]: W20260528 00:04:49.-2147483648 43601 pose_extrapolator.cc:83] No odometry data for time: 639146960864425910 (earliest: 639146960864516740)
[cartographer_node-1] [WARN] [1779894289.879560353] [cartographer logger]: W20260528 00:04:49.-2147483648 43601 pose_extrapolator.cc:83] No odometry data for time: 639146960864425910 (earliest: 639146960864516740)
[cartographer_node-1] [WARN] [1779894289.879570303] [cartographer logger]: W20260528 00:04:49.-2147483648 43601 pose_extrapolator.cc:83] No odometry data for time: 639146960864425910 (earliest: 639146960864516740)
[cartographer_node-1] [WARN] [1779894289.879578035] [cartographer logger]: W20260528 00:04:49.-2147483648 43601 pose_extrapolator.cc:83] No odometry data for time: 639146960864425910 (earliest: 639146960864516740)
[cartographer_node-1] [WARN] [1779894289.879585468] [cartographer logger]: W20260528 00:04:49.-2147483648 43601 pose_extrapolator.cc:83] No odometry data for time: 639146960864425910 (earliest: 639146960864516740)
[cartographer_node-1] [WARN] [1779894289.879594349] [cartographer logger]: W20260528 00:04:49.-2147483648 43601 pose_extrapolator.cc:83] No odometry data for time: 639146960864425910 (earliest: 639146960864516740)
[cartographer_node-1] [WARN] [1779894289.879602049] [cartographer logger]: W20260528 00:04:49.-2147483648 43601 pose_extrapolator.cc:83] No odometry data for time: 639146960864425910 (earliest: 639146960864516740)
[cartographer_node-1] [WARN] [1779894289.879612820] [cartographer logger]: W20260528 00:04:49.-2147483648 43601 pose_extrapolator.cc:83] No odometry data for time: 639146960864425910 (earliest: 639146960864516740)
[cartographer_node-1] [WARN] [1779894289.879620816] [cartographer logger]: W20260528 00:04:49.-2147483648 43601 pose_extrapolator.cc:83] No odometry data for time: 639146960864425910 (earliest: 639146960864516740)
[cartographer_node-1] [WARN] [1779894289.879628424] [cartographer logger]: W20260528 00:04:49.-2147483648 43601 pose_extrapolator.cc:83] No odometry data for time: 639146960864425910 (earliest: 639146960864516740)
[cartographer_node-1] [WARN] [1779894289.879635958] [cartographer logger]: W20260528 00:04:49.-2147483648 43601 pose_extrapolator.cc:83] No odometry data for time: 639146960864425910 (earliest: 639146960864516740)
[cartographer_node-1] [WARN] [1779894289.879644458] [cartographer logger]: W20260528 00:04:49.-2147483648 43601 pose_extrapolator.cc:83] No odometry data for time: 639146960864425910 (earliest: 639146960864516740)
[cartographer_node-1] [WARN] [1779894289.879652582] [cartographer logger]: W20260528 00:04:49.-2147483648 43601 pose_extrapolator.cc:83] No odometry data for time: 639146960864425910 (earliest: 639146960864516740)
[cartographer_node-1] [WARN] [1779894289.879661223] [cartographer logger]: W20260528 00:04:49.-2147483648 43601 pose_extrapolator.cc:83] No odometry data for time: 639146960864425910 (earliest: 639146960864516740)
[cartographer_node-1] [WARN] [1779894289.879669096] [cartographer logger]: W20260528 00:04:49.-2147483648 43601 pose_extrapolator.cc:83] No odometry data for time: 639146960864425910 (earliest: 639146960864516740)
[cartographer_node-1] [WARN] [1779894289.879676653] [cartographer logger]: W20260528 00:04:49.-2147483648 43601 pose_extrapolator.cc:83] No odometry data for time: 639146960864425910 (earliest: 639146960864516740)
[cartographer_node-1] [WARN] [1779894289.879684687] [cartographer logger]: W20260528 00:04:49.-2147483648 43601 pose_extrapolator.cc:83] No odometry data for time: 639146960864425910 (earliest: 639146960864516740)
[cartographer_node-1] [WARN] [1779894289.879692162] [cartographer logger]: W20260528 00:04:49.-2147483648 43601 pose_extrapolator.cc:83] No odometry data for time: 639146960864425910 (earliest: 639146960864516740)
[cartographer_node-1] [WARN] [1779894289.879699786] [cartographer logger]: W20260528 00:04:49.-2147483648 43601 pose_extrapolator.cc:83] No odometry data for time: 639146960864425910 (earliest: 639146960864516740)
[cartographer_node-1] [WARN] [1779894289.879707936] [cartographer logger]: W20260528 00:04:49.-2147483648 43601 pose_extrapolator.cc:83] No odometry data for time: 639146960864425910 (earliest: 639146960864516740)
[cartographer_node-1] [WARN] [1779894289.879715785] [cartographer logger]: W20260528 00:04:49.-2147483648 43601 pose_extrapolator.cc:83] No odometry data for time: 639146960864425910 (earliest: 639146960864516740)
[cartographer_node-1] [WARN] [1779894289.879723606] [cartographer logger]: W20260528 00:04:49.-2147483648 43601 pose_extrapolator.cc:83] No odometry data for time: 639146960864425910 (earliest: 639146960864516740)
[cartographer_node-1] [WARN] [1779894289.879731170] [cartographer logger]: W20260528 00:04:49.-2147483648 43601 pose_extrapolator.cc:83] No odometry data for time: 639146960864425910 (earliest: 639146960864516740)
[cartographer_node-1] [WARN] [1779894289.879743706] [cartographer logger]: W20260528 00:04:49.-2147483648 43601 pose_extrapolator.cc:83] No odometry data for time: 639146960864425910 (earliest: 639146960864516740)
[cartographer_node-1] [WARN] [1779894289.879752828] [cartographer logger]: W20260528 00:04:49.-2147483648 43601 pose_extrapolator.cc:83] No odometry data for time: 639146960864425910 (earliest: 639146960864516740)
[cartographer_node-1] [WARN] [1779894289.879761894] [cartographer logger]: W20260528 00:04:49.-2147483648 43601 pose_extrapolator.cc:83] No odometry data for time: 639146960864425910 (earliest: 639146960864516740)
[cartographer_node-1] [WARN] [1779894289.879770865] [cartographer logger]: W20260528 00:04:49.-2147483648 43601 pose_extrapolator.cc:83] No odometry data for time: 639146960864425910 (earliest: 639146960864516740)
[cartographer_node-1] [WARN] [1779894289.879778899] [cartographer logger]: W20260528 00:04:49.-2147483648 43601 pose_extrapolator.cc:83] No odometry data for time: 639146960864425910 (earliest: 639146960864516740)
[cartographer_node-1] [WARN] [1779894289.879787231] [cartographer logger]: W20260528 00:04:49.-2147483648 43601 pose_extrapolator.cc:83] No odometry data for time: 639146960864425910 (earliest: 639146960864516740)
[cartographer_node-1] [WARN] [1779894289.879794880] [cartographer logger]: W20260528 00:04:49.-2147483648 43601 pose_extrapolator.cc:83] No odometry data for time: 639146960864425910 (earliest: 639146960864516740)
[cartographer_node-1] [WARN] [1779894289.879802543] [cartographer logger]: W20260528 00:04:49.-2147483648 43601 pose_extrapolator.cc:83] No odometry data for time: 639146960864425910 (earliest: 639146960864516740)
[cartographer_node-1] [WARN] [1779894289.879810260] [cartographer logger]: W20260528 00:04:49.-2147483648 43601 pose_extrapolator.cc:83] No odometry data for time: 639146960864425910 (earliest: 639146960864516740)
[cartographer_node-1] [WARN] [1779894289.879818550] [cartographer logger]: W20260528 00:04:49.-2147483648 43601 pose_extrapolator.cc:83] No odometry data for time: 639146960864425910 (earliest: 639146960864516740)
[cartographer_node-1] [WARN] [1779894289.879826099] [cartographer logger]: W20260528 00:04:49.-2147483648 43601 pose_extrapolator.cc:83] No odometry data for time: 639146960864425910 (earliest: 639146960864516740)
[cartographer_node-1] [WARN] [1779894289.879833752] [cartographer logger]: W20260528 00:04:49.-2147483648 43601 pose_extrapolator.cc:83] No odometry data for time: 639146960864425910 (earliest: 639146960864516740)
[cartographer_node-1] [WARN] [1779894289.879841369] [cartographer logger]: W20260528 00:04:49.-2147483648 43601 pose_extrapolator.cc:83] No odometry data for time: 639146960864425910 (earliest: 639146960864516740)
[cartographer_node-1] [WARN] [1779894289.879850700] [cartographer logger]: W20260528 00:04:49.-2147483648 43601 pose_extrapolator.cc:83] No odometry data for time: 639146960864425910 (earliest: 639146960864516740)
[cartographer_node-1] [WARN] [1779894289.879858396] [cartographer logger]: W20260528 00:04:49.-2147483648 43601 pose_extrapolator.cc:83] No odometry data for time: 639146960864425910 (earliest: 639146960864516740)
[cartographer_node-1] [WARN] [1779894289.879869483] [cartographer logger]: W20260528 00:04:49.-2147483648 43601 pose_extrapolator.cc:83] No odometry data for time: 639146960864425910 (earliest: 639146960864516740)
[cartographer_node-1] [WARN] [1779894289.879877371] [cartographer logger]: W20260528 00:04:49.-2147483648 43601 pose_extrapolator.cc:83] No odometry data for time: 639146960864425910 (earliest: 639146960864516740)
[cartographer_node-1] [WARN] [1779894289.879885136] [cartographer logger]: W20260528 00:04:49.-2147483648 43601 pose_extrapolator.cc:83] No odometry data for time: 639146960864425910 (earliest: 639146960864516740)
[cartographer_node-1] [WARN] [1779894289.879892842] [cartographer logger]: W20260528 00:04:49.-2147483648 43601 pose_extrapolator.cc:83] No odometry data for time: 639146960864425910 (earliest: 639146960864516740)
[cartographer_node-1] [WARN] [1779894289.879900536] [cartographer logger]: W20260528 00:04:49.-2147483648 43601 pose_extrapolator.cc:83] No odometry data for time: 639146960864425910 (earliest: 639146960864516740)
[cartographer_node-1] [WARN] [1779894289.879908127] [cartographer logger]: W20260528 00:04:49.-2147483648 43601 pose_extrapolator.cc:83] No odometry data for time: 639146960864425910 (earliest: 639146960864516740)
[cartographer_node-1] [WARN] [1779894289.879915785] [cartographer logger]: W20260528 00:04:49.-2147483648 43601 pose_extrapolator.cc:83] No odometry data for time: 639146960864425910 (earliest: 639146960864516740)
[cartographer_node-1] [WARN] [1779894289.879926809] [cartographer logger]: W20260528 00:04:49.-2147483648 43601 pose_extrapolator.cc:83] No odometry data for time: 639146960864425910 (earliest: 639146960864516740)
[cartographer_node-1] [WARN] [1779894289.879935092] [cartographer logger]: W20260528 00:04:49.-2147483648 43601 pose_extrapolator.cc:83] No odometry data for time: 639146960864425910 (earliest: 639146960864516740)
[cartographer_node-1] [WARN] [1779894289.879942767] [cartographer logger]: W20260528 00:04:49.-2147483648 43601 pose_extrapolator.cc:83] No odometry data for time: 639146960864425910 (earliest: 639146960864516740)
[cartographer_node-1] [WARN] [1779894289.879950916] [cartographer logger]: W20260528 00:04:49.-2147483648 43601 pose_extrapolator.cc:83] No odometry data for time: 639146960864425910 (earliest: 639146960864516740)
[cartographer_node-1] [WARN] [1779894289.879958609] [cartographer logger]: W20260528 00:04:49.-2147483648 43601 pose_extrapolator.cc:83] No odometry data for time: 639146960864425910 (earliest: 639146960864516740)
[cartographer_node-1] [WARN] [1779894289.879966627] [cartographer logger]: W20260528 00:04:49.-2147483648 43601 pose_extrapolator.cc:83] No odometry data for time: 639146960864425910 (earliest: 639146960864516740)
[cartographer_node-1] [WARN] [1779894289.879974228] [cartographer logger]: W20260528 00:04:49.-2147483648 43601 pose_extrapolator.cc:83] No odometry data for time: 639146960864425910 (earliest: 639146960864516740)
[cartographer_node-1] [WARN] [1779894289.879982384] [cartographer logger]: W20260528 00:04:49.-2147483648 43601 pose_extrapolator.cc:83] No odometry data for time: 639146960864425910 (earliest: 639146960864516740)
[cartographer_node-1] [WARN] [1779894289.879989908] [cartographer logger]: W20260528 00:04:49.-2147483648 43601 pose_extrapolator.cc:83] No odometry data for time: 639146960864425910 (earliest: 639146960864516740)
[cartographer_node-1] [WARN] [1779894289.879998087] [cartographer logger]: W20260528 00:04:49.-2147483648 43601 pose_extrapolator.cc:83] No odometry data for time: 639146960864425910 (earliest: 639146960864516740)
[cartographer_node-1] [WARN] [1779894289.880005537] [cartographer logger]: W20260528 00:04:49.-2147483648 43601 pose_extrapolator.cc:83] No odometry data for time: 639146960864425910 (earliest: 639146960864516740)
[cartographer_node-1] [WARN] [1779894289.880013810] [cartographer logger]: W20260528 00:04:49.-2147483648 43601 pose_extrapolator.cc:83] No odometry data for time: 639146960864425910 (earliest: 639146960864516740)
[cartographer_node-1] [WARN] [1779894289.880021333] [cartographer logger]: W20260528 00:04:49.-2147483648 43601 pose_extrapolator.cc:83] No odometry data for time: 639146960864425910 (earliest: 639146960864516740)
[cartographer_node-1] [WARN] [1779894289.880028877] [cartographer logger]: W20260528 00:04:49.-2147483648 43601 pose_extrapolator.cc:83] No odometry data for time: 639146960864425910 (earliest: 639146960864516740)
[cartographer_node-1] [WARN] [1779894289.880036524] [cartographer logger]: W20260528 00:04:49.-2147483648 43601 pose_extrapolator.cc:83] No odometry data for time: 639146960864425910 (earliest: 639146960864516740)
[cartographer_node-1] [WARN] [1779894289.880044225] [cartographer logger]: W20260528 00:04:49.-2147483648 43601 pose_extrapolator.cc:83] No odometry data for time: 639146960864425910 (earliest: 639146960864516740)
[cartographer_node-1] [WARN] [1779894289.880051832] [cartographer logger]: W20260528 00:04:49.-2147483648 43601 pose_extrapolator.cc:83] No odometry data for time: 639146960864425910 (earliest: 639146960864516740)
[cartographer_node-1] [WARN] [1779894289.880059574] [cartographer logger]: W20260528 00:04:49.-2147483648 43601 pose_extrapolator.cc:83] No odometry data for time: 639146960864425910 (earliest: 639146960864516740)
[cartographer_node-1] [WARN] [1779894289.880067419] [cartographer logger]: W20260528 00:04:49.-2147483648 43601 pose_extrapolator.cc:83] No odometry data for time: 639146960864425910 (earliest: 639146960864516740)
[cartographer_node-1] [WARN] [1779894289.880074956] [cartographer logger]: W20260528 00:04:49.-2147483648 43601 pose_extrapolator.cc:83] No odometry data for time: 639146960864425910 (earliest: 639146960864516740)
[cartographer_node-1] [WARN] [1779894289.880082501] [cartographer logger]: W20260528 00:04:49.-2147483648 43601 pose_extrapolator.cc:83] No odometry data for time: 639146960864425910 (earliest: 639146960864516740)
[cartographer_node-1] [WARN] [1779894289.880093777] [cartographer logger]: W20260528 00:04:49.-2147483648 43601 pose_extrapolator.cc:83] No odometry data for time: 639146960864425910 (earliest: 639146960864516740)
[cartographer_node-1] [WARN] [1779894289.880101386] [cartographer logger]: W20260528 00:04:49.-2147483648 43601 pose_extrapolator.cc:83] No odometry data for time: 639146960864425910 (earliest: 639146960864516740)
[cartographer_node-1] [WARN] [1779894289.880112557] [cartographer logger]: W20260528 00:04:49.-2147483648 43601 pose_extrapolator.cc:83] No odometry data for time: 639146960864425910 (earliest: 639146960864516740)
[cartographer_node-1] [WARN] [1779894289.880120812] [cartographer logger]: W20260528 00:04:49.-2147483648 43601 pose_extrapolator.cc:83] No odometry data for time: 639146960864425910 (earliest: 639146960864516740)
[cartographer_node-1] [WARN] [1779894289.880128447] [cartographer logger]: W20260528 00:04:49.-2147483648 43601 pose_extrapolator.cc:83] No odometry data for time: 639146960864425910 (earliest: 639146960864516740)
[cartographer_node-1] [WARN] [1779894289.880136523] [cartographer logger]: W20260528 00:04:49.-2147483648 43601 pose_extrapolator.cc:83] No odometry data for time: 639146960864425910 (earliest: 639146960864516740)
[cartographer_node-1] [WARN] [1779894289.880143970] [cartographer logger]: W20260528 00:04:49.-2147483648 43601 pose_extrapolator.cc:83] No odometry data for time: 639146960864425910 (earliest: 639146960864516740)
[cartographer_node-1] [WARN] [1779894289.880151614] [cartographer logger]: W20260528 00:04:49.-2147483648 43601 pose_extrapolator.cc:83] No odometry data for time: 639146960864425910 (earliest: 639146960864516740)
[cartographer_node-1] [WARN] [1779894289.880159205] [cartographer logger]: W20260528 00:04:49.-2147483648 43601 pose_extrapolator.cc:83] No odometry data for time: 639146960864425910 (earliest: 639146960864516740)
[cartographer_node-1] [WARN] [1779894289.880166927] [cartographer logger]: W20260528 00:04:49.-2147483648 43601 pose_extrapolator.cc:83] No odometry data for time: 639146960864425910 (earliest: 639146960864516740)
[cartographer_node-1] [WARN] [1779894289.880174552] [cartographer logger]: W20260528 00:04:49.-2147483648 43601 pose_extrapolator.cc:83] No odometry data for time: 639146960864425910 (earliest: 639146960864516740)
[cartographer_node-1] [WARN] [1779894289.880182060] [cartographer logger]: W20260528 00:04:49.-2147483648 43601 pose_extrapolator.cc:83] No odometry data for time: 639146960864425910 (earliest: 639146960864516740)
[cartographer_node-1] [WARN] [1779894289.880189645] [cartographer logger]: W20260528 00:04:49.-2147483648 43601 pose_extrapolator.cc:83] No odometry data for time: 639146960864425910 (earliest: 639146960864516740)
[cartographer_node-1] [WARN] [1779894289.880197248] [cartographer logger]: W20260528 00:04:49.-2147483648 43601 pose_extrapolator.cc:83] No odometry data for time: 639146960864425910 (earliest: 639146960864516740)
[cartographer_node-1] [WARN] [1779894289.880204888] [cartographer logger]: W20260528 00:04:49.-2147483648 43601 pose_extrapolator.cc:83] No odometry data for time: 639146960864425910 (earliest: 639146960864516740)
[cartographer_node-1] [WARN] [1779894289.880212464] [cartographer logger]: W20260528 00:04:49.-2147483648 43601 pose_extrapolator.cc:83] No odometry data for time: 639146960864425910 (earliest: 639146960864516740)
[cartographer_node-1] [WARN] [1779894289.880220105] [cartographer logger]: W20260528 00:04:49.-2147483648 43601 pose_extrapolator.cc:83] No odometry data for time: 639146960864425910 (earliest: 639146960864516740)
[cartographer_node-1] [WARN] [1779894289.880227596] [cartographer logger]: W20260528 00:04:49.-2147483648 43601 pose_extrapolator.cc:83] No odometry data for time: 639146960864425910 (earliest: 639146960864516740)
[cartographer_node-1] [WARN] [1779894289.880235853] [cartographer logger]: W20260528 00:04:49.-2147483648 43601 pose_extrapolator.cc:83] No odometry data for time: 639146960864425910 (earliest: 639146960864516740)
[cartographer_node-1] [WARN] [1779894289.880243479] [cartographer logger]: W20260528 00:04:49.-2147483648 43601 pose_extrapolator.cc:83] No odometry data for time: 639146960864425910 (earliest: 639146960864516740)
[cartographer_node-1] [WARN] [1779894289.880251732] [cartographer logger]: W20260528 00:04:49.-2147483648 43601 pose_extrapolator.cc:83] No odometry data for time: 639146960864425910 (earliest: 639146960864516740)
[cartographer_node-1] [WARN] [1779894289.880262386] [cartographer logger]: W20260528 00:04:49.-2147483648 43601 pose_extrapolator.cc:83] No odometry data for time: 639146960864425910 (earliest: 639146960864516740)
[cartographer_node-1] [WARN] [1779894289.880270002] [cartographer logger]: W20260528 00:04:49.-2147483648 43601 pose_extrapolator.cc:83] No odometry data for time: 639146960864425910 (earliest: 639146960864516740)
[cartographer_node-1] [WARN] [1779894289.880278232] [cartographer logger]: W20260528 00:04:49.-2147483648 43601 pose_extrapolator.cc:83] No odometry data for time: 639146960864425910 (earliest: 639146960864516740)
[cartographer_node-1] [WARN] [1779894289.880286587] [cartographer logger]: W20260528 00:04:49.-2147483648 43601 pose_extrapolator.cc:83] No odometry data for time: 639146960864425910 (earliest: 639146960864516740)
[cartographer_node-1] [WARN] [1779894289.880294953] [cartographer logger]: W20260528 00:04:49.-2147483648 43601 pose_extrapolator.cc:83] No odometry data for time: 639146960864425910 (earliest: 639146960864516740)
[cartographer_node-1] [WARN] [1779894289.880302552] [cartographer logger]: W20260528 00:04:49.-2147483648 43601 pose_extrapolator.cc:83] No odometry data for time: 639146960864425910 (earliest: 639146960864516740)
[cartographer_node-1] [WARN] [1779894289.880310195] [cartographer logger]: W20260528 00:04:49.-2147483648 43601 pose_extrapolator.cc:83] No odometry data for time: 639146960864425910 (earliest: 639146960864516740)
[cartographer_node-1] [WARN] [1779894289.880318287] [cartographer logger]: W20260528 00:04:49.-2147483648 43601 pose_extrapolator.cc:83] No odometry data for time: 639146960864425910 (earliest: 639146960864516740)
[cartographer_node-1] [WARN] [1779894289.880326564] [cartographer logger]: W20260528 00:04:49.-2147483648 43601 pose_extrapolator.cc:83] No odometry data for time: 639146960864425910 (earliest: 639146960864516740)
[cartographer_node-1] [WARN] [1779894289.880334734] [cartographer logger]: W20260528 00:04:49.-2147483648 43601 pose_extrapolator.cc:83] No odometry data for time: 639146960864425910 (earliest: 639146960864516740)
[cartographer_node-1] [WARN] [1779894289.880344396] [cartographer logger]: W20260528 00:04:49.-2147483648 43601 pose_extrapolator.cc:83] No odometry data for time: 639146960864425910 (earliest: 639146960864516740)
[cartographer_node-1] [WARN] [1779894289.880352020] [cartographer logger]: W20260528 00:04:49.-2147483648 43601 pose_extrapolator.cc:83] No odometry data for time: 639146960864425910 (earliest: 639146960864516740)
[cartographer_node-1] [WARN] [1779894289.880362999] [cartographer logger]: W20260528 00:04:49.-2147483648 43601 pose_extrapolator.cc:83] No odometry data for time: 639146960864425910 (earliest: 639146960864516740)
[cartographer_node-1] [WARN] [1779894289.880371919] [cartographer logger]: W20260528 00:04:49.-2147483648 43601 pose_extrapolator.cc:83] No odometry data for time: 639146960864425910 (earliest: 639146960864516740)
[cartographer_node-1] [WARN] [1779894289.880379459] [cartographer logger]: W20260528 00:04:49.-2147483648 43601 pose_extrapolator.cc:83] No odometry data for time: 639146960864425910 (earliest: 639146960864516740)
[cartographer_node-1] [WARN] [1779894289.880388485] [cartographer logger]: W20260528 00:04:49.-2147483648 43601 pose_extrapolator.cc:83] No odometry data for time: 639146960864425910 (earliest: 639146960864516740)
[cartographer_node-1] [WARN] [1779894289.880396105] [cartographer logger]: W20260528 00:04:49.-2147483648 43601 pose_extrapolator.cc:83] No odometry data for time: 639146960864425910 (earliest: 639146960864516740)
[cartographer_node-1] [WARN] [1779894289.880403668] [cartographer logger]: W20260528 00:04:49.-2147483648 43601 pose_extrapolator.cc:83] No odometry data for time: 639146960864425910 (earliest: 639146960864516740)
[cartographer_node-1] [WARN] [1779894289.880411290] [cartographer logger]: W20260528 00:04:49.-2147483648 43601 pose_extrapolator.cc:83] No odometry data for time: 639146960864425910 (earliest: 639146960864516740)
[cartographer_node-1] [WARN] [1779894289.880419012] [cartographer logger]: W20260528 00:04:49.-2147483648 43601 pose_extrapolator.cc:83] No odometry data for time: 639146960864425910 (earliest: 639146960864516740)
[cartographer_node-1] [WARN] [1779894289.880426645] [cartographer logger]: W20260528 00:04:49.-2147483648 43601 pose_extrapolator.cc:83] No odometry data for time: 639146960864425910 (earliest: 639146960864516740)
[cartographer_node-1] [WARN] [1779894289.880434310] [cartographer logger]: W20260528 00:04:49.-2147483648 43601 pose_extrapolator.cc:83] No odometry data for time: 639146960864425910 (earliest: 639146960864516740)
[cartographer_node-1] [WARN] [1779894289.880444465] [cartographer logger]: W20260528 00:04:49.-2147483648 43601 pose_extrapolator.cc:83] No odometry data for time: 639146960864425910 (earliest: 639146960864516740)
[cartographer_node-1] [WARN] [1779894289.880452098] [cartographer logger]: W20260528 00:04:49.-2147483648 43601 pose_extrapolator.cc:83] No odometry data for time: 639146960864425910 (earliest: 639146960864516740)
[cartographer_node-1] [WARN] [1779894289.880459698] [cartographer logger]: W20260528 00:04:49.-2147483648 43601 pose_extrapolator.cc:83] No odometry data for time: 639146960864425910 (earliest: 639146960864516740)
[cartographer_node-1] [WARN] [1779894289.880467355] [cartographer logger]: W20260528 00:04:49.-2147483648 43601 pose_extrapolator.cc:83] No odometry data for time: 639146960864425910 (earliest: 639146960864516740)
[cartographer_node-1] [WARN] [1779894289.880475025] [cartographer logger]: W20260528 00:04:49.-2147483648 43601 pose_extrapolator.cc:83] No odometry data for time: 639146960864425910 (earliest: 639146960864516740)
[cartographer_node-1] [WARN] [1779894289.880483240] [cartographer logger]: W20260528 00:04:49.-2147483648 43601 pose_extrapolator.cc:83] No odometry data for time: 639146960864425910 (earliest: 639146960864516740)
[cartographer_node-1] [WARN] [1779894289.880490849] [cartographer logger]: W20260528 00:04:49.-2147483648 43601 pose_extrapolator.cc:83] No odometry data for time: 639146960864425910 (earliest: 639146960864516740)
[cartographer_node-1] [WARN] [1779894289.880499100] [cartographer logger]: W20260528 00:04:49.-2147483648 43601 pose_extrapolator.cc:83] No odometry data for time: 639146960864425910 (earliest: 639146960864516740)
[cartographer_node-1] [WARN] [1779894289.880506740] [cartographer logger]: W20260528 00:04:49.-2147483648 43601 pose_extrapolator.cc:83] No odometry data for time: 639146960864425910 (earliest: 639146960864516740)
[cartographer_node-1] [WARN] [1779894289.880520588] [cartographer logger]: W20260528 00:04:49.-2147483648 43601 pose_extrapolator.cc:83] No odometry data for time: 639146960864425910 (earliest: 639146960864516740)
[cartographer_node-1] [WARN] [1779894289.880528832] [cartographer logger]: W20260528 00:04:49.-2147483648 43601 pose_extrapolator.cc:83] No odometry data for time: 639146960864425910 (earliest: 639146960864516740)
[cartographer_node-1] [WARN] [1779894289.880536623] [cartographer logger]: W20260528 00:04:49.-2147483648 43601 pose_extrapolator.cc:83] No odometry data for time: 639146960864425910 (earliest: 639146960864516740)
[cartographer_node-1] [WARN] [1779894289.880544051] [cartographer logger]: W20260528 00:04:49.-2147483648 43601 pose_extrapolator.cc:83] No odometry data for time: 639146960864425910 (earliest: 639146960864516740)
[cartographer_node-1] [WARN] [1779894289.880551657] [cartographer logger]: W20260528 00:04:49.-2147483648 43601 pose_extrapolator.cc:83] No odometry data for time: 639146960864425910 (earliest: 639146960864516740)
[cartographer_node-1] [WARN] [1779894289.880559111] [cartographer logger]: W20260528 00:04:49.-2147483648 43601 pose_extrapolator.cc:83] No odometry data for time: 639146960864425910 (earliest: 639146960864516740)
[cartographer_node-1] [WARN] [1779894289.880566518] [cartographer logger]: W20260528 00:04:49.-2147483648 43601 pose_extrapolator.cc:83] No odometry data for time: 639146960864425910 (earliest: 639146960864516740)
[cartographer_node-1] [WARN] [1779894289.880574384] [cartographer logger]: W20260528 00:04:49.-2147483648 43601 pose_extrapolator.cc:83] No odometry data for time: 639146960864425910 (earliest: 639146960864516740)
[cartographer_node-1] [WARN] [1779894289.880582049] [cartographer logger]: W20260528 00:04:49.-2147483648 43601 pose_extrapolator.cc:83] No odometry data for time: 639146960864425910 (earliest: 639146960864516740)
[cartographer_node-1] [WARN] [1779894289.880589602] [cartographer logger]: W20260528 00:04:49.-2147483648 43601 pose_extrapolator.cc:83] No odometry data for time: 639146960864425910 (earliest: 639146960864516740)
[cartographer_node-1] [WARN] [1779894289.880598517] [cartographer logger]: W20260528 00:04:49.-2147483648 43601 pose_extrapolator.cc:83] No odometry data for time: 639146960864425910 (earliest: 639146960864516740)
[cartographer_node-1] [WARN] [1779894289.880606107] [cartographer logger]: W20260528 00:04:49.-2147483648 43601 pose_extrapolator.cc:83] No odometry data for time: 639146960864425910 (earliest: 639146960864516740)
[cartographer_node-1] [WARN] [1779894289.880619139] [cartographer logger]: W20260528 00:04:49.-2147483648 43601 pose_extrapolator.cc:83] No odometry data for time: 639146960864425910 (earliest: 639146960864516740)
[cartographer_node-1] [WARN] [1779894289.880627238] [cartographer logger]: W20260528 00:04:49.-2147483648 43601 pose_extrapolator.cc:83] No odometry data for time: 639146960864425910 (earliest: 639146960864516740)
[cartographer_node-1] [WARN] [1779894289.880634813] [cartographer logger]: W20260528 00:04:49.-2147483648 43601 pose_extrapolator.cc:83] No odometry data for time: 639146960864425910 (earliest: 639146960864516740)
[cartographer_node-1] [WARN] [1779894289.880642364] [cartographer logger]: W20260528 00:04:49.-2147483648 43601 pose_extrapolator.cc:83] No odometry data for time: 639146960864425910 (earliest: 639146960864516740)
[cartographer_node-1] [WARN] [1779894289.880650571] [cartographer logger]: W20260528 00:04:49.-2147483648 43601 pose_extrapolator.cc:83] No odometry data for time: 639146960864425910 (earliest: 639146960864516740)
[cartographer_node-1] [WARN] [1779894289.880658174] [cartographer logger]: W20260528 00:04:49.-2147483648 43601 pose_extrapolator.cc:83] No odometry data for time: 639146960864425910 (earliest: 639146960864516740)
[cartographer_node-1] [WARN] [1779894289.880666115] [cartographer logger]: W20260528 00:04:49.-2147483648 43601 pose_extrapolator.cc:83] No odometry data for time: 639146960864425910 (earliest: 639146960864516740)
[cartographer_node-1] [WARN] [1779894289.880673725] [cartographer logger]: W20260528 00:04:49.-2147483648 43601 pose_extrapolator.cc:83] No odometry data for time: 639146960864425910 (earliest: 639146960864516740)
[cartographer_node-1] [WARN] [1779894289.880681796] [cartographer logger]: W20260528 00:04:49.-2147483648 43601 pose_extrapolator.cc:83] No odometry data for time: 639146960864425910 (earliest: 639146960864516740)
[cartographer_node-1] [WARN] [1779894289.880689340] [cartographer logger]: W20260528 00:04:49.-2147483648 43601 pose_extrapolator.cc:83] No odometry data for time: 639146960864425910 (earliest: 639146960864516740)
[cartographer_node-1] [WARN] [1779894289.880697914] [cartographer logger]: W20260528 00:04:49.-2147483648 43601 pose_extrapolator.cc:83] No odometry data for time: 639146960864425910 (earliest: 639146960864516740)
[cartographer_node-1] [WARN] [1779894289.880706100] [cartographer logger]: W20260528 00:04:49.-2147483648 43601 pose_extrapolator.cc:83] No odometry data for time: 639146960864425910 (earliest: 639146960864516740)
[cartographer_node-1] [WARN] [1779894289.880714467] [cartographer logger]: W20260528 00:04:49.-2147483648 43601 pose_extrapolator.cc:83] No odometry data for time: 639146960864425910 (earliest: 639146960864516740)
[cartographer_node-1] [WARN] [1779894289.880722661] [cartographer logger]: W20260528 00:04:49.-2147483648 43601 pose_extrapolator.cc:83] No odometry data for time: 639146960864425910 (earliest: 639146960864516740)
[cartographer_node-1] [WARN] [1779894289.880730877] [cartographer logger]: W20260528 00:04:49.-2147483648 43601 pose_extrapolator.cc:83] No odometry data for time: 639146960864425910 (earliest: 639146960864516740)
[cartographer_node-1] [WARN] [1779894289.880738403] [cartographer logger]: W20260528 00:04:49.-2147483648 43601 pose_extrapolator.cc:83] No odometry data for time: 639146960864425910 (earliest: 639146960864516740)
[cartographer_node-1] [WARN] [1779894289.880745942] [cartographer logger]: W20260528 00:04:49.-2147483648 43601 pose_extrapolator.cc:83] No odometry data for time: 639146960864425910 (earliest: 639146960864516740)
[cartographer_node-1] [WARN] [1779894289.880753945] [cartographer logger]: W20260528 00:04:49.-2147483648 43601 pose_extrapolator.cc:83] No odometry data for time: 639146960864425910 (earliest: 639146960864516740)
[cartographer_node-1] [WARN] [1779894289.880762030] [cartographer logger]: W20260528 00:04:49.-2147483648 43601 pose_extrapolator.cc:83] No odometry data for time: 639146960864425910 (earliest: 639146960864516740)
[cartographer_node-1] [WARN] [1779894289.880770179] [cartographer logger]: W20260528 00:04:49.-2147483648 43601 pose_extrapolator.cc:83] No odometry data for time: 639146960864425910 (earliest: 639146960864516740)
[cartographer_node-1] [WARN] [1779894289.880778334] [cartographer logger]: W20260528 00:04:49.-2147483648 43601 pose_extrapolator.cc:83] No odometry data for time: 639146960864425910 (earliest: 639146960864516740)
[cartographer_node-1] [WARN] [1779894289.880789070] [cartographer logger]: W20260528 00:04:49.-2147483648 43601 pose_extrapolator.cc:83] No odometry data for time: 639146960864425910 (earliest: 639146960864516740)
[cartographer_node-1] [WARN] [1779894289.880796747] [cartographer logger]: W20260528 00:04:49.-2147483648 43601 pose_extrapolator.cc:83] No odometry data for time: 639146960864425910 (earliest: 639146960864516740)
[cartographer_node-1] [WARN] [1779894289.880804351] [cartographer logger]: W20260528 00:04:49.-2147483648 43601 pose_extrapolator.cc:83] No odometry data for time: 639146960864425910 (earliest: 639146960864516740)
[cartographer_node-1] [WARN] [1779894289.880812507] [cartographer logger]: W20260528 00:04:49.-2147483648 43601 pose_extrapolator.cc:83] No odometry data for time: 639146960864425910 (earliest: 639146960864516740)
[cartographer_node-1] [WARN] [1779894289.880820117] [cartographer logger]: W20260528 00:04:49.-2147483648 43601 pose_extrapolator.cc:83] No odometry data for time: 639146960864425910 (earliest: 639146960864516740)
[cartographer_node-1] [WARN] [1779894289.880828309] [cartographer logger]: W20260528 00:04:49.-2147483648 43601 pose_extrapolator.cc:83] No odometry data for time: 639146960864425910 (earliest: 639146960864516740)
[cartographer_node-1] [WARN] [1779894289.880835932] [cartographer logger]: W20260528 00:04:49.-2147483648 43601 pose_extrapolator.cc:83] No odometry data for time: 639146960864425910 (earliest: 639146960864516740)
[cartographer_node-1] [WARN] [1779894289.880845395] [cartographer logger]: W20260528 00:04:49.-2147483648 43601 pose_extrapolator.cc:83] No odometry data for time: 639146960864425910 (earliest: 639146960864516740)
[cartographer_node-1] [WARN] [1779894289.880853595] [cartographer logger]: W20260528 00:04:49.-2147483648 43601 pose_extrapolator.cc:83] No odometry data for time: 639146960864425910 (earliest: 639146960864516740)
[cartographer_node-1] [WARN] [1779894289.880865020] [cartographer logger]: W20260528 00:04:49.-2147483648 43601 pose_extrapolator.cc:83] No odometry data for time: 639146960864425910 (earliest: 639146960864516740)
[cartographer_node-1] [WARN] [1779894289.880873892] [cartographer logger]: W20260528 00:04:49.-2147483648 43601 pose_extrapolator.cc:83] No odometry data for time: 639146960864425910 (earliest: 639146960864516740)
[cartographer_node-1] [WARN] [1779894289.880882060] [cartographer logger]: W20260528 00:04:49.-2147483648 43601 pose_extrapolator.cc:83] No odometry data for time: 639146960864425910 (earliest: 639146960864516740)
[cartographer_node-1] [WARN] [1779894289.880890308] [cartographer logger]: W20260528 00:04:49.-2147483648 43601 pose_extrapolator.cc:83] No odometry data for time: 639146960864425910 (earliest: 639146960864516740)
[cartographer_node-1] [WARN] [1779894289.880897845] [cartographer logger]: W20260528 00:04:49.-2147483648 43601 pose_extrapolator.cc:83] No odometry data for time: 639146960864425910 (earliest: 639146960864516740)
[cartographer_node-1] [WARN] [1779894289.880905387] [cartographer logger]: W20260528 00:04:49.-2147483648 43601 pose_extrapolator.cc:83] No odometry data for time: 639146960864425910 (earliest: 639146960864516740)
[cartographer_node-1] [WARN] [1779894289.880913522] [cartographer logger]: W20260528 00:04:49.-2147483648 43601 pose_extrapolator.cc:83] No odometry data for time: 639146960864425910 (earliest: 639146960864516740)
[cartographer_node-1] [WARN] [1779894289.880921023] [cartographer logger]: W20260528 00:04:49.-2147483648 43601 pose_extrapolator.cc:83] No odometry data for time: 639146960864425910 (earliest: 639146960864516740)
[cartographer_node-1] [WARN] [1779894289.880929041] [cartographer logger]: W20260528 00:04:49.-2147483648 43601 pose_extrapolator.cc:83] No odometry data for time: 639146960864425910 (earliest: 639146960864516740)
[cartographer_node-1] [WARN] [1779894289.880937148] [cartographer logger]: W20260528 00:04:49.-2147483648 43601 pose_extrapolator.cc:83] No odometry data for time: 639146960864425910 (earliest: 639146960864516740)
[cartographer_node-1] [WARN] [1779894289.880944718] [cartographer logger]: W20260528 00:04:49.-2147483648 43601 pose_extrapolator.cc:83] No odometry data for time: 639146960864425910 (earliest: 639146960864516740)
[cartographer_node-1] [WARN] [1779894289.880953246] [cartographer logger]: W20260528 00:04:49.-2147483648 43601 pose_extrapolator.cc:83] No odometry data for time: 639146960864425910 (earliest: 639146960864516740)
[cartographer_node-1] [WARN] [1779894289.880961193] [cartographer logger]: W20260528 00:04:49.-2147483648 43601 pose_extrapolator.cc:83] No odometry data for time: 639146960864425910 (earliest: 639146960864516740)
[cartographer_node-1] [WARN] [1779894289.880971641] [cartographer logger]: W20260528 00:04:49.-2147483648 43601 pose_extrapolator.cc:83] No odometry data for time: 639146960864425910 (earliest: 639146960864516740)
[cartographer_node-1] [WARN] [1779894289.880979808] [cartographer logger]: W20260528 00:04:49.-2147483648 43601 pose_extrapolator.cc:83] No odometry data for time: 639146960864425910 (earliest: 639146960864516740)
[cartographer_node-1] [WARN] [1779894289.880987904] [cartographer logger]: W20260528 00:04:49.-2147483648 43601 pose_extrapolator.cc:83] No odometry data for time: 639146960864425910 (earliest: 639146960864516740)
[cartographer_node-1] [WARN] [1779894289.880995558] [cartographer logger]: W20260528 00:04:49.-2147483648 43601 pose_extrapolator.cc:83] No odometry data for time: 639146960864425910 (earliest: 639146960864516740)
[cartographer_node-1] [WARN] [1779894289.881003058] [cartographer logger]: W20260528 00:04:49.-2147483648 43601 pose_extrapolator.cc:83] No odometry data for time: 639146960864425910 (earliest: 639146960864516740)
[cartographer_node-1] [WARN] [1779894289.881011074] [cartographer logger]: W20260528 00:04:49.-2147483648 43601 pose_extrapolator.cc:83] No odometry data for time: 639146960864425910 (earliest: 639146960864516740)
[cartographer_node-1] [WARN] [1779894289.881019063] [cartographer logger]: W20260528 00:04:49.-2147483648 43601 pose_extrapolator.cc:83] No odometry data for time: 639146960864425910 (earliest: 639146960864516740)
[cartographer_node-1] [WARN] [1779894289.881027160] [cartographer logger]: W20260528 00:04:49.-2147483648 43601 pose_extrapolator.cc:83] No odometry data for time: 639146960864425910 (earliest: 639146960864516740)
[cartographer_node-1] [WARN] [1779894289.881034650] [cartographer logger]: W20260528 00:04:49.-2147483648 43601 pose_extrapolator.cc:83] No odometry data for time: 639146960864425910 (earliest: 639146960864516740)
[cartographer_node-1] [WARN] [1779894289.881042704] [cartographer logger]: W20260528 00:04:49.-2147483648 43601 pose_extrapolator.cc:83] No odometry data for time: 639146960864425910 (earliest: 639146960864516740)
[cartographer_node-1] [WARN] [1779894289.881050254] [cartographer logger]: W20260528 00:04:49.-2147483648 43601 pose_extrapolator.cc:83] No odometry data for time: 639146960864425910 (earliest: 639146960864516740)
[cartographer_node-1] [WARN] [1779894289.881058275] [cartographer logger]: W20260528 00:04:49.-2147483648 43601 pose_extrapolator.cc:83] No odometry data for time: 639146960864425910 (earliest: 639146960864516740)
[cartographer_node-1] [WARN] [1779894289.881065810] [cartographer logger]: W20260528 00:04:49.-2147483648 43601 pose_extrapolator.cc:83] No odometry data for time: 639146960864425910 (earliest: 639146960864516740)
[cartographer_node-1] [WARN] [1779894289.881073367] [cartographer logger]: W20260528 00:04:49.-2147483648 43601 pose_extrapolator.cc:83] No odometry data for time: 639146960864425910 (earliest: 639146960864516740)
[cartographer_node-1] [WARN] [1779894289.881081009] [cartographer logger]: W20260528 00:04:49.-2147483648 43601 pose_extrapolator.cc:83] No odometry data for time: 639146960864425910 (earliest: 639146960864516740)
[cartographer_node-1] [WARN] [1779894289.881088802] [cartographer logger]: W20260528 00:04:49.-2147483648 43601 pose_extrapolator.cc:83] No odometry data for time: 639146960864425910 (earliest: 639146960864516740)
[cartographer_node-1] [WARN] [1779894289.881097975] [cartographer logger]: W20260528 00:04:49.-2147483648 43601 pose_extrapolator.cc:83] No odometry data for time: 639146960864425910 (earliest: 639146960864516740)
[cartographer_node-1] [WARN] [1779894289.881105615] [cartographer logger]: W20260528 00:04:49.-2147483648 43601 pose_extrapolator.cc:83] No odometry data for time: 639146960864425910 (earliest: 639146960864516740)
[cartographer_node-1] [WARN] [1779894289.881116600] [cartographer logger]: W20260528 00:04:49.-2147483648 43601 pose_extrapolator.cc:83] No odometry data for time: 639146960864425910 (earliest: 639146960864516740)
[cartographer_node-1] [WARN] [1779894289.881124696] [cartographer logger]: W20260528 00:04:49.-2147483648 43601 pose_extrapolator.cc:83] No odometry data for time: 639146960864425910 (earliest: 639146960864516740)
[cartographer_node-1] [WARN] [1779894289.881132298] [cartographer logger]: W20260528 00:04:49.-2147483648 43601 pose_extrapolator.cc:83] No odometry data for time: 639146960864425910 (earliest: 639146960864516740)
[cartographer_node-1] [WARN] [1779894289.881142242] [cartographer logger]: W20260528 00:04:49.-2147483648 43601 pose_extrapolator.cc:83] No odometry data for time: 639146960864425910 (earliest: 639146960864516740)
[cartographer_node-1] [WARN] [1779894289.881149783] [cartographer logger]: W20260528 00:04:49.-2147483648 43601 pose_extrapolator.cc:83] No odometry data for time: 639146960864425910 (earliest: 639146960864516740)
[cartographer_node-1] [WARN] [1779894289.881157934] [cartographer logger]: W20260528 00:04:49.-2147483648 43601 pose_extrapolator.cc:83] No odometry data for time: 639146960864425910 (earliest: 639146960864516740)
[cartographer_node-1] [WARN] [1779894289.881165382] [cartographer logger]: W20260528 00:04:49.-2147483648 43601 pose_extrapolator.cc:83] No odometry data for time: 639146960864425910 (earliest: 639146960864516740)
[cartographer_node-1] [WARN] [1779894289.881173372] [cartographer logger]: W20260528 00:04:49.-2147483648 43601 pose_extrapolator.cc:83] No odometry data for time: 639146960864425910 (earliest: 639146960864516740)
[cartographer_node-1] [WARN] [1779894289.881180970] [cartographer logger]: W20260528 00:04:49.-2147483648 43601 pose_extrapolator.cc:83] No odometry data for time: 639146960864425910 (earliest: 639146960864516740)
[cartographer_node-1] [WARN] [1779894289.881189023] [cartographer logger]: W20260528 00:04:49.-2147483648 43601 pose_extrapolator.cc:83] No odometry data for time: 639146960864425910 (earliest: 639146960864516740)
[cartographer_node-1] [WARN] [1779894289.881197185] [cartographer logger]: W20260528 00:04:49.-2147483648 43601 pose_extrapolator.cc:83] No odometry data for time: 639146960864425910 (earliest: 639146960864516740)
[cartographer_node-1] [WARN] [1779894289.881204766] [cartographer logger]: W20260528 00:04:49.-2147483648 43601 pose_extrapolator.cc:83] No odometry data for time: 639146960864425910 (earliest: 639146960864516740)
[cartographer_node-1] [WARN] [1779894289.881212204] [cartographer logger]: W20260528 00:04:49.-2147483648 43601 pose_extrapolator.cc:83] No odometry data for time: 639146960864425910 (earliest: 639146960864516740)
[cartographer_node-1] [WARN] [1779894289.881220302] [cartographer logger]: W20260528 00:04:49.-2147483648 43601 pose_extrapolator.cc:83] No odometry data for time: 639146960864425910 (earliest: 639146960864516740)
[cartographer_node-1] [WARN] [1779894289.881228402] [cartographer logger]: W20260528 00:04:49.-2147483648 43601 pose_extrapolator.cc:83] No odometry data for time: 639146960864425910 (earliest: 639146960864516740)
[cartographer_node-1] [WARN] [1779894289.881236576] [cartographer logger]: W20260528 00:04:49.-2147483648 43601 pose_extrapolator.cc:83] No odometry data for time: 639146960864425910 (earliest: 639146960864516740)
[cartographer_node-1] [WARN] [1779894289.881244763] [cartographer logger]: W20260528 00:04:49.-2147483648 43601 pose_extrapolator.cc:83] No odometry data for time: 639146960864425910 (earliest: 639146960864516740)
[cartographer_node-1] [WARN] [1779894289.881252317] [cartographer logger]: W20260528 00:04:49.-2147483648 43601 pose_extrapolator.cc:83] No odometry data for time: 639146960864425910 (earliest: 639146960864516740)
[cartographer_node-1] [WARN] [1779894289.881259929] [cartographer logger]: W20260528 00:04:49.-2147483648 43601 pose_extrapolator.cc:83] No odometry data for time: 639146960864425910 (earliest: 639146960864516740)
[cartographer_node-1] [WARN] [1779894289.881268095] [cartographer logger]: W20260528 00:04:49.-2147483648 43601 pose_extrapolator.cc:83] No odometry data for time: 639146960864425910 (earliest: 639146960864516740)
[cartographer_node-1] [WARN] [1779894289.881275929] [cartographer logger]: W20260528 00:04:49.-2147483648 43601 pose_extrapolator.cc:83] No odometry data for time: 639146960864425910 (earliest: 639146960864516740)
[cartographer_node-1] [WARN] [1779894289.881283757] [cartographer logger]: W20260528 00:04:49.-2147483648 43601 pose_extrapolator.cc:83] No odometry data for time: 639146960864425910 (earliest: 639146960864516740)
[cartographer_node-1] [WARN] [1779894289.881291440] [cartographer logger]: W20260528 00:04:49.-2147483648 43601 pose_extrapolator.cc:83] No odometry data for time: 639146960864425910 (earliest: 639146960864516740)
[cartographer_node-1] [WARN] [1779894289.881299084] [cartographer logger]: W20260528 00:04:49.-2147483648 43601 pose_extrapolator.cc:83] No odometry data for time: 639146960864425910 (earliest: 639146960864516740)
[cartographer_node-1] [WARN] [1779894289.881308947] [cartographer logger]: W20260528 00:04:49.-2147483648 43601 pose_extrapolator.cc:83] No odometry data for time: 639146960864425910 (earliest: 639146960864516740)
[cartographer_node-1] [WARN] [1779894289.881316578] [cartographer logger]: W20260528 00:04:49.-2147483648 43601 pose_extrapolator.cc:83] No odometry data for time: 639146960864425910 (earliest: 639146960864516740)
[cartographer_node-1] [WARN] [1779894289.881324597] [cartographer logger]: W20260528 00:04:49.-2147483648 43601 pose_extrapolator.cc:83] No odometry data for time: 639146960864425910 (earliest: 639146960864516740)
[cartographer_node-1] [WARN] [1779894289.881332223] [cartographer logger]: W20260528 00:04:49.-2147483648 43601 pose_extrapolator.cc:83] No odometry data for time: 639146960864425910 (earliest: 639146960864516740)
[cartographer_node-1] [WARN] [1779894289.881341261] [cartographer logger]: W20260528 00:04:49.-2147483648 43601 pose_extrapolator.cc:83] No odometry data for time: 639146960864425910 (earliest: 639146960864516740)
[cartographer_node-1] [WARN] [1779894289.881348966] [cartographer logger]: W20260528 00:04:49.-2147483648 43601 pose_extrapolator.cc:83] No odometry data for time: 639146960864425910 (earliest: 639146960864516740)
[cartographer_node-1] [WARN] [1779894289.881359725] [cartographer logger]: W20260528 00:04:49.-2147483648 43601 pose_extrapolator.cc:83] No odometry data for time: 639146960864425910 (earliest: 639146960864516740)
[cartographer_node-1] [WARN] [1779894289.881367688] [cartographer logger]: W20260528 00:04:49.-2147483648 43601 pose_extrapolator.cc:83] No odometry data for time: 639146960864425910 (earliest: 639146960864516740)
[cartographer_node-1] [WARN] [1779894289.881375263] [cartographer logger]: W20260528 00:04:49.-2147483648 43601 pose_extrapolator.cc:83] No odometry data for time: 639146960864425910 (earliest: 639146960864516740)
[cartographer_node-1] [WARN] [1779894289.881383308] [cartographer logger]: W20260528 00:04:49.-2147483648 43601 pose_extrapolator.cc:83] No odometry data for time: 639146960864425910 (earliest: 639146960864516740)
[cartographer_node-1] [WARN] [1779894289.881390794] [cartographer logger]: W20260528 00:04:49.-2147483648 43601 pose_extrapolator.cc:83] No odometry data for time: 639146960864425910 (earliest: 639146960864516740)
[cartographer_node-1] [WARN] [1779894289.881398851] [cartographer logger]: W20260528 00:04:49.-2147483648 43601 pose_extrapolator.cc:83] No odometry data for time: 639146960864425910 (earliest: 639146960864516740)
[cartographer_node-1] [WARN] [1779894289.881407006] [cartographer logger]: W20260528 00:04:49.-2147483648 43601 pose_extrapolator.cc:83] No odometry data for time: 639146960864425910 (earliest: 639146960864516740)
[cartographer_node-1] [WARN] [1779894289.881414445] [cartographer logger]: W20260528 00:04:49.-2147483648 43601 pose_extrapolator.cc:83] No odometry data for time: 639146960864425910 (earliest: 639146960864516740)
[cartographer_node-1] [WARN] [1779894289.881422600] [cartographer logger]: W20260528 00:04:49.-2147483648 43601 pose_extrapolator.cc:83] No odometry data for time: 639146960864425910 (earliest: 639146960864516740)
[cartographer_node-1] [WARN] [1779894289.881430026] [cartographer logger]: W20260528 00:04:49.-2147483648 43601 pose_extrapolator.cc:83] No odometry data for time: 639146960864425910 (earliest: 639146960864516740)
[cartographer_node-1] [WARN] [1779894289.881437645] [cartographer logger]: W20260528 00:04:49.-2147483648 43601 pose_extrapolator.cc:83] No odometry data for time: 639146960864425910 (earliest: 639146960864516740)
[cartographer_node-1] [WARN] [1779894289.881445792] [cartographer logger]: W20260528 00:04:49.-2147483648 43601 pose_extrapolator.cc:83] No odometry data for time: 639146960864425910 (earliest: 639146960864516740)
[cartographer_node-1] [WARN] [1779894289.881453391] [cartographer logger]: W20260528 00:04:49.-2147483648 43601 pose_extrapolator.cc:83] No odometry data for time: 639146960864425910 (earliest: 639146960864516740)
[cartographer_node-1] [WARN] [1779894289.881460915] [cartographer logger]: W20260528 00:04:49.-2147483648 43601 pose_extrapolator.cc:83] No odometry data for time: 639146960864425910 (earliest: 639146960864516740)
[cartographer_node-1] [WARN] [1779894289.881468491] [cartographer logger]: W20260528 00:04:49.-2147483648 43601 pose_extrapolator.cc:83] No odometry data for time: 639146960864425910 (earliest: 639146960864516740)
[cartographer_node-1] [WARN] [1779894289.881475957] [cartographer logger]: W20260528 00:04:49.-2147483648 43601 pose_extrapolator.cc:83] No odometry data for time: 639146960864425910 (earliest: 639146960864516740)
[cartographer_node-1] [WARN] [1779894289.881486284] [cartographer logger]: W20260528 00:04:49.-2147483648 43601 pose_extrapolator.cc:83] No odometry data for time: 639146960864425910 (earliest: 639146960864516740)
[cartographer_node-1] [WARN] [1779894289.881493992] [cartographer logger]: W20260528 00:04:49.-2147483648 43601 pose_extrapolator.cc:83] No odometry data for time: 639146960864425910 (earliest: 639146960864516740)
[cartographer_node-1] [WARN] [1779894289.881501634] [cartographer logger]: W20260528 00:04:49.-2147483648 43601 pose_extrapolator.cc:83] No odometry data for time: 639146960864425910 (earliest: 639146960864516740)
[cartographer_node-1] [WARN] [1779894289.881509255] [cartographer logger]: W20260528 00:04:49.-2147483648 43601 pose_extrapolator.cc:83] No odometry data for time: 639146960864425910 (earliest: 639146960864516740)
[cartographer_node-1] [WARN] [1779894289.881521097] [cartographer logger]: W20260528 00:04:49.-2147483648 43601 pose_extrapolator.cc:83] No odometry data for time: 639146960864425910 (earliest: 639146960864516740)
[cartographer_node-1] [WARN] [1779894289.881529311] [cartographer logger]: W20260528 00:04:49.-2147483648 43601 pose_extrapolator.cc:83] No odometry data for time: 639146960864425910 (earliest: 639146960864516740)
[cartographer_node-1] [WARN] [1779894289.881537051] [cartographer logger]: W20260528 00:04:49.-2147483648 43601 pose_extrapolator.cc:83] No odometry data for time: 639146960864425910 (earliest: 639146960864516740)
[cartographer_node-1] [WARN] [1779894289.881545294] [cartographer logger]: W20260528 00:04:49.-2147483648 43601 pose_extrapolator.cc:83] No odometry data for time: 639146960864425910 (earliest: 639146960864516740)
[cartographer_node-1] [WARN] [1779894289.881552859] [cartographer logger]: W20260528 00:04:49.-2147483648 43601 pose_extrapolator.cc:83] No odometry data for time: 639146960864425910 (earliest: 639146960864516740)
[cartographer_node-1] [WARN] [1779894289.881560982] [cartographer logger]: W20260528 00:04:49.-2147483648 43601 pose_extrapolator.cc:83] No odometry data for time: 639146960864425910 (earliest: 639146960864516740)
[cartographer_node-1] [WARN] [1779894289.881569148] [cartographer logger]: W20260528 00:04:49.-2147483648 43601 pose_extrapolator.cc:83] No odometry data for time: 639146960864425910 (earliest: 639146960864516740)
[cartographer_node-1] [WARN] [1779894289.881576671] [cartographer logger]: W20260528 00:04:49.-2147483648 43601 pose_extrapolator.cc:83] No odometry data for time: 639146960864425910 (earliest: 639146960864516740)
[cartographer_node-1] [WARN] [1779894289.881584867] [cartographer logger]: W20260528 00:04:49.-2147483648 43601 pose_extrapolator.cc:83] No odometry data for time: 639146960864425910 (earliest: 639146960864516740)
[cartographer_node-1] [WARN] [1779894289.881594524] [cartographer logger]: W20260528 00:04:49.-2147483648 43601 pose_extrapolator.cc:83] No odometry data for time: 639146960864425910 (earliest: 639146960864516740)
[cartographer_node-1] [WARN] [1779894289.881602834] [cartographer logger]: W20260528 00:04:49.-2147483648 43601 pose_extrapolator.cc:83] No odometry data for time: 639146960864425910 (earliest: 639146960864516740)
[cartographer_node-1] [WARN] [1779894289.881616431] [cartographer logger]: W20260528 00:04:49.-2147483648 43601 pose_extrapolator.cc:83] No odometry data for time: 639146960864425910 (earliest: 639146960864516740)
[cartographer_node-1] [WARN] [1779894289.881625376] [cartographer logger]: W20260528 00:04:49.-2147483648 43601 pose_extrapolator.cc:83] No odometry data for time: 639146960864425910 (earliest: 639146960864516740)
[cartographer_node-1] [WARN] [1779894289.881632919] [cartographer logger]: W20260528 00:04:49.-2147483648 43601 pose_extrapolator.cc:83] No odometry data for time: 639146960864425910 (earliest: 639146960864516740)
[cartographer_node-1] [WARN] [1779894289.881641190] [cartographer logger]: W20260528 00:04:49.-2147483648 43601 pose_extrapolator.cc:83] No odometry data for time: 639146960864425910 (earliest: 639146960864516740)
[cartographer_node-1] [WARN] [1779894289.881649447] [cartographer logger]: W20260528 00:04:49.-2147483648 43601 pose_extrapolator.cc:83] No odometry data for time: 639146960864425910 (earliest: 639146960864516740)
[cartographer_node-1] [WARN] [1779894289.881657455] [cartographer logger]: W20260528 00:04:49.-2147483648 43601 pose_extrapolator.cc:83] No odometry data for time: 639146960864425910 (earliest: 639146960864516740)
[cartographer_node-1] [WARN] [1779894289.881667486] [cartographer logger]: W20260528 00:04:49.-2147483648 43601 pose_extrapolator.cc:83] No odometry data for time: 639146960864425910 (earliest: 639146960864516740)
[cartographer_node-1] [WARN] [1779894289.881675233] [cartographer logger]: W20260528 00:04:49.-2147483648 43601 pose_extrapolator.cc:83] No odometry data for time: 639146960864425910 (earliest: 639146960864516740)
[cartographer_node-1] [WARN] [1779894289.881683272] [cartographer logger]: W20260528 00:04:49.-2147483648 43601 pose_extrapolator.cc:83] No odometry data for time: 639146960864425910 (earliest: 639146960864516740)
[cartographer_node-1] [WARN] [1779894289.881690757] [cartographer logger]: W20260528 00:04:49.-2147483648 43601 pose_extrapolator.cc:83] No odometry data for time: 639146960864425910 (earliest: 639146960864516740)
[cartographer_node-1] [WARN] [1779894289.881698782] [cartographer logger]: W20260528 00:04:49.-2147483648 43601 pose_extrapolator.cc:83] No odometry data for time: 639146960864425910 (earliest: 639146960864516740)
[cartographer_node-1] [WARN] [1779894289.881706397] [cartographer logger]: W20260528 00:04:49.-2147483648 43601 pose_extrapolator.cc:83] No odometry data for time: 639146960864425910 (earliest: 639146960864516740)
[cartographer_node-1] [WARN] [1779894289.881714445] [cartographer logger]: W20260528 00:04:49.-2147483648 43601 pose_extrapolator.cc:83] No odometry data for time: 639146960864425910 (earliest: 639146960864516740)
[cartographer_node-1] [WARN] [1779894289.881722536] [cartographer logger]: W20260528 00:04:49.-2147483648 43601 pose_extrapolator.cc:83] No odometry data for time: 639146960864425910 (earliest: 639146960864516740)
[cartographer_node-1] [WARN] [1779894289.881729994] [cartographer logger]: W20260528 00:04:49.-2147483648 43601 pose_extrapolator.cc:83] No odometry data for time: 639146960864425910 (earliest: 639146960864516740)
[cartographer_node-1] [WARN] [1779894289.881737761] [cartographer logger]: W20260528 00:04:49.-2147483648 43601 pose_extrapolator.cc:83] No odometry data for time: 639146960864425910 (earliest: 639146960864516740)
[cartographer_node-1] [WARN] [1779894289.881745882] [cartographer logger]: W20260528 00:04:49.-2147483648 43601 pose_extrapolator.cc:83] No odometry data for time: 639146960864425910 (earliest: 639146960864516740)
[cartographer_node-1] [WARN] [1779894289.881754020] [cartographer logger]: W20260528 00:04:49.-2147483648 43601 pose_extrapolator.cc:83] No odometry data for time: 639146960864425910 (earliest: 639146960864516740)
[cartographer_node-1] [WARN] [1779894289.881761788] [cartographer logger]: W20260528 00:04:49.-2147483648 43601 pose_extrapolator.cc:83] No odometry data for time: 639146960864425910 (earliest: 639146960864516740)
[cartographer_node-1] [WARN] [1779894289.881769515] [cartographer logger]: W20260528 00:04:49.-2147483648 43601 pose_extrapolator.cc:83] No odometry data for time: 639146960864425910 (earliest: 639146960864516740)
[cartographer_node-1] [WARN] [1779894289.881777236] [cartographer logger]: W20260528 00:04:49.-2147483648 43601 pose_extrapolator.cc:83] No odometry data for time: 639146960864425910 (earliest: 639146960864516740)
[cartographer_node-1] [WARN] [1779894289.881784885] [cartographer logger]: W20260528 00:04:49.-2147483648 43601 pose_extrapolator.cc:83] No odometry data for time: 639146960864425910 (earliest: 639146960864516740)
[cartographer_node-1] [WARN] [1779894289.881792343] [cartographer logger]: W20260528 00:04:49.-2147483648 43601 pose_extrapolator.cc:83] No odometry data for time: 639146960864425910 (earliest: 639146960864516740)
[cartographer_node-1] [WARN] [1779894289.881799982] [cartographer logger]: W20260528 00:04:49.-2147483648 43601 pose_extrapolator.cc:83] No odometry data for time: 639146960864425910 (earliest: 639146960864516740)
[cartographer_node-1] [WARN] [1779894289.881807631] [cartographer logger]: W20260528 00:04:49.-2147483648 43601 pose_extrapolator.cc:83] No odometry data for time: 639146960864425910 (earliest: 639146960864516740)
[cartographer_node-1] [WARN] [1779894289.881815238] [cartographer logger]: W20260528 00:04:49.-2147483648 43601 pose_extrapolator.cc:83] No odometry data for time: 639146960864425910 (earliest: 639146960864516740)
[cartographer_node-1] [WARN] [1779894289.881822867] [cartographer logger]: W20260528 00:04:49.-2147483648 43601 pose_extrapolator.cc:83] No odometry data for time: 639146960864425910 (earliest: 639146960864516740)
[cartographer_node-1] [WARN] [1779894289.881833212] [cartographer logger]: W20260528 00:04:49.-2147483648 43601 pose_extrapolator.cc:83] No odometry data for time: 639146960864425910 (earliest: 639146960864516740)
[cartographer_node-1] [WARN] [1779894289.881842863] [cartographer logger]: W20260528 00:04:49.-2147483648 43601 pose_extrapolator.cc:83] No odometry data for time: 639146960864425910 (earliest: 639146960864516740)
[cartographer_node-1] [WARN] [1779894289.881850351] [cartographer logger]: W20260528 00:04:49.-2147483648 43601 pose_extrapolator.cc:83] No odometry data for time: 639146960864425910 (earliest: 639146960864516740)
[cartographer_node-1] [WARN] [1779894289.881861792] [cartographer logger]: W20260528 00:04:49.-2147483648 43601 pose_extrapolator.cc:83] No odometry data for time: 639146960864425910 (earliest: 639146960864516740)
[cartographer_node-1] [WARN] [1779894289.881870731] [cartographer logger]: W20260528 00:04:49.-2147483648 43601 pose_extrapolator.cc:83] No odometry data for time: 639146960864425910 (earliest: 639146960864516740)
[cartographer_node-1] [WARN] [1779894289.881878279] [cartographer logger]: W20260528 00:04:49.-2147483648 43601 pose_extrapolator.cc:83] No odometry data for time: 639146960864425910 (earliest: 639146960864516740)
[cartographer_node-1] [WARN] [1779894289.881886502] [cartographer logger]: W20260528 00:04:49.-2147483648 43601 pose_extrapolator.cc:83] No odometry data for time: 639146960864425910 (earliest: 639146960864516740)
[cartographer_node-1] [WARN] [1779894289.881896137] [cartographer logger]: W20260528 00:04:49.-2147483648 43601 pose_extrapolator.cc:83] No odometry data for time: 639146960864425910 (earliest: 639146960864516740)
[cartographer_node-1] [WARN] [1779894289.881903809] [cartographer logger]: W20260528 00:04:49.-2147483648 43601 pose_extrapolator.cc:83] No odometry data for time: 639146960864425910 (earliest: 639146960864516740)
[cartographer_node-1] [WARN] [1779894289.881911757] [cartographer logger]: W20260528 00:04:49.-2147483648 43601 pose_extrapolator.cc:83] No odometry data for time: 639146960864425910 (earliest: 639146960864516740)
[cartographer_node-1] [WARN] [1779894289.881919870] [cartographer logger]: W20260528 00:04:49.-2147483648 43601 pose_extrapolator.cc:83] No odometry data for time: 639146960864425910 (earliest: 639146960864516740)
[cartographer_node-1] [WARN] [1779894289.881927525] [cartographer logger]: W20260528 00:04:49.-2147483648 43601 pose_extrapolator.cc:83] No odometry data for time: 639146960864425910 (earliest: 639146960864516740)
[cartographer_node-1] [WARN] [1779894289.881935155] [cartographer logger]: W20260528 00:04:49.-2147483648 43601 pose_extrapolator.cc:83] No odometry data for time: 639146960864425910 (earliest: 639146960864516740)
[cartographer_node-1] [WARN] [1779894289.881942705] [cartographer logger]: W20260528 00:04:49.-2147483648 43601 pose_extrapolator.cc:83] No odometry data for time: 639146960864425910 (earliest: 639146960864516740)
[cartographer_node-1] [WARN] [1779894289.881950382] [cartographer logger]: W20260528 00:04:49.-2147483648 43601 pose_extrapolator.cc:83] No odometry data for time: 639146960864425910 (earliest: 639146960864516740)
[cartographer_node-1] [WARN] [1779894290.873932424] [cartographer logger]: W20260528 00:04:50.-2147483648 43601 tf_bridge.cpp:53] Lookup would require extrapolation into the past.  Requested time 1779099287.342768 but the earliest data is at time 1779099287.349569, when looking up transform from frame [laser] to frame [imu]
[cartographer_node-1] [WARN] [1779894295.058048148] [cartographer logger]: W20260528 00:04:55.-2147483648 43661 node.cpp:1327] Localization status: GOOD
[cartographer_node-1] [WARN] [1779894301.096413964] [cartographer logger]: W20260528 00:05:01.-2147483648 43661 pose_graph_2d.cc:576] Localization LOST: no frozen-map constraint for 6.19s (threshold=6s).
[cartographer_node-1] [WARN] [1779894301.096504497] [cartographer logger]: W20260528 00:05:01.-2147483648 43661 node.cpp:1327] Localization status: LOST
[cartographer_node-1] [WARN] [1779894301.499527202] [cartographer logger]: W20260528 00:05:01.-2147483648 43660 node.cpp:1327] Localization status: GOOD
[cartographer_node-1] [WARN] [1779894307.415289372] [cartographer logger]: W20260528 00:05:07.-2147483648 43662 pose_graph_2d.cc:576] Localization LOST: no frozen-map constraint for 6.09021s (threshold=6s).
[cartographer_node-1] [WARN] [1779894307.415334234] [cartographer logger]: W20260528 00:05:07.-2147483648 43662 node.cpp:1327] Localization status: LOST
[cartographer_node-1] [WARN] [1779894307.781796679] [cartographer logger]: W20260528 00:05:07.-2147483648 43657 node.cpp:1327] Localization status: GOOD
[cartographer_node-1] [WARN] [1779894313.529364389] [cartographer logger]: W20260528 00:05:13.-2147483648 43657 pose_graph_2d.cc:576] Localization LOST: no frozen-map constraint for 6.01028s (threshold=6s).
[cartographer_node-1] [WARN] [1779894313.529400021] [cartographer logger]: W20260528 00:05:13.-2147483648 43657 node.cpp:1327] Localization status: LOST
[cartographer_node-1] [WARN] [1779894314.006728703] [cartographer logger]: W20260528 00:05:14.-2147483648 43659 node.cpp:1327] Localization status: GOOD
[cartographer_node-1] [WARN] [1779894319.691340862] [cartographer logger]: W20260528 00:05:19.-2147483648 43664 pose_graph_2d.cc:576] Localization LOST: no frozen-map constraint for 6.08009s (threshold=6s).
[cartographer_node-1] [WARN] [1779894319.691450761] [cartographer logger]: W20260528 00:05:19.-2147483648 43664 node.cpp:1327] Localization status: LOST
[cartographer_node-1] [WARN] [1779894320.615592537] [cartographer logger]: W20260528 00:05:20.-2147483648 43660 node.cpp:1327] Localization status: GOOD
[cartographer_node-1] [WARN] [1779894326.145677893] [cartographer logger]: W20260528 00:05:26.-2147483648 43658 pose_graph_2d.cc:576] Localization LOST: no frozen-map constraint for 6.08011s (threshold=6s).
[cartographer_node-1] [WARN] [1779894326.145715054] [cartographer logger]: W20260528 00:05:26.-2147483648 43658 node.cpp:1327] Localization status: LOST
[cartographer_node-1] [WARN] [1779894326.609440623] [cartographer logger]: W20260528 00:05:26.-2147483648 43664 node.cpp:1327] Localization status: GOOD
[cartographer_node-1] [WARN] [1779894332.456290247] [cartographer logger]: W20260528 00:05:32.-2147483648 43664 pose_graph_2d.cc:576] Localization LOST: no frozen-map constraint for 6.04011s (threshold=6s).
[cartographer_node-1] [WARN] [1779894332.456321979] [cartographer logger]: W20260528 00:05:32.-2147483648 43664 node.cpp:1327] Localization status: LOST
[cartographer_node-1] [WARN] [1779894332.866042389] [cartographer logger]: W20260528 00:05:32.-2147483648 43662 node.cpp:1327] Localization status: GOOD
[cartographer_node-1] [WARN] [1779894338.830315915] [cartographer logger]: W20260528 00:05:38.-2147483648 43662 pose_graph_2d.cc:576] Localization LOST: no frozen-map constraint for 6.05009s (threshold=6s).
[cartographer_node-1] [WARN] [1779894338.830353305] [cartographer logger]: W20260528 00:05:38.-2147483648 43662 node.cpp:1327] Localization status: LOST
[cartographer_node-1] [WARN] [1779894345.780134810] [cartographer logger]: W20260528 00:05:45.-2147483648 43601 range_data_collator.cc:82] Dropped 41 earlier points.
[cartographer_node-1] [WARN] [1779894346.247577558] [cartographer logger]: W20260528 00:05:46.-2147483648 43661 node.cpp:1327] Localization status: GOOD
[WARNING] [launch]: user interrupted with ctrl-c (SIGINT)
[INFO] [trajectory_to_odom-3]: sending signal 'SIGINT' to process[trajectory_to_odom-3]
[INFO] [cartographer_occupancy_grid_node-2]: sending signal 'SIGINT' to process[cartographer_occupancy_grid_node-2]
[INFO] [cartographer_node-1]: sending signal 'SIGINT' to process[cartographer_node-1]
[cartographer_node-1] [INFO] [1779894347.826822362] [rclcpp]: signal_handler(SIGINT/SIGTERM)
[cartographer_occupancy_grid_node-2] [INFO] [1779894347.826876333] [rclcpp]: signal_handler(SIGINT/SIGTERM)
[trajectory_to_odom-3] [INFO] [1779894347.826897184] [rclcpp]: signal_handler(SIGINT/SIGTERM)
[cartographer_node-1] [INFO] [1779894347.828940100] [rclcpp]: signal_handler(SIGINT/SIGTERM)
[ERROR] [cartographer_occupancy_grid_node-2]: process has died [pid 43602, exit code -2, cmd '/home/rcv/SLAM_main-SLAM_IMU_WHEEL_tun_upg/install/cartographer_ros/lib/cartographer_ros/cartographer_occupancy_grid_node --ros-args -r __node:=occupancy_grid_node --params-file /tmp/launch_params_c3csaj_8 --params-file /tmp/launch_params_z6jfa9kf -r map:=map -r occupancy_grid:=map'].
[cartographer_node-1] [WARN] [1779894347.831917605] [cartographer logger]: W20260528 00:05:47.-2147483648 43601 tf_bridge.cpp:53] Lookup would require extrapolation into the future.  Requested time 1779099344.344101 but the latest data is at time 1779099344.339595, when looking up transform from frame [laser] to frame [imu]
[ERROR] [trajectory_to_odom-3]: process has died [pid 43603, exit code -2, cmd '/home/rcv/SLAM_main-SLAM_IMU_WHEEL_tun_upg/install/cartographer_ros/lib/cartographer_ros/trajectory_to_odom --ros-args -r __node:=trajectory_to_odom_node --params-file /tmp/launch_params_5hldck14'].
[cartographer_node-1] [WARN] [1779894347.837370547] [cartographer logger]: W20260528 00:05:47.-2147483648 43601 node.cpp:1163] Can't run final optimization if there are one or more active trajectories. Trying to finish trajectory with ID 1 now.
[cartographer_node-1] [KOptimizing: Done.     
[cartographer_node-1] [KOptimizing: Done.     
[INFO] [cartographer_node-1]: process has finished cleanly [pid 43601]
