elapsed_wall,clock,odom_stamp,odom_latency_sec,tracked_pose_stamp,tracked_pose_latency_sec,scan_stamp,scan_age_sec,imu_stamp,imu_age_sec,odom_wheel_stamp,odom_wheel_age_sec,tracked_to_odom_stamp_delta_sec,frame_id,child_frame_id,x,y,z,yaw
2.506419018000088,1779099286.5755537,1779099286.5755537,0.0,1779099286.5755537,0.0,1779099286.5741875,0.0013661384582519531,1779099286.5826077,-0.00705409049987793,1779099286.5718584,0.003695249557495117,0.0,map,base_link,-0.003472942021117777,-0.0004953436280511692,0.0,-0.004063340760578993
2.5599236240004757,1779099286.625554,1779099286.625554,0.0,1779099286.625554,0.0,1779099286.6241357,0.0014183521270751953,1779099286.6326268,-0.0070726871490478516,1779099286.6317568,-0.00620269775390625,0.0,map,base_link,-0.007250774866519677,0.0064680451253967776,0.0,-0.0036755657792305776
2.601808823000283,1779099286.675512,1779099286.6755123,-2.384185791015625e-07,1779099286.6755123,-2.384185791015625e-07,1779099286.674077,0.0014350414276123047,1779099286.6726413,0.002870798110961914,1779099286.6717393,0.003772735595703125,0.0,map,base_link,-0.010632460938068024,-0.008028228972036283,0.0,-0.003227709090137854
2.6550550479996673,1779099286.7255456,1779099286.7255454,2.384185791015625e-07,1779099286.7255454,2.384185791015625e-07,1779099286.7241387,0.0014069080352783203,1779099286.7326624,-0.007116794586181641,1779099286.731795,-0.006249427795410156,0.0,map,base_link,-0.008254040367759796,0.002014665677734637,0.0,-0.003424803468047804
2.708193325999673,1779099286.7756457,1779099286.7756457,0.0,1779099286.7756457,0.0,1779099286.7741222,0.0015234947204589844,1779099286.782659,-0.0070133209228515625,1779099286.7718096,0.0038361549377441406,0.0,map,base_link,-0.00922851774964728,0.008202676845802517,0.0,-0.0035052497548436782
2.752669952999895,1779099286.82568,1779099286.82568,0.0,1779099286.82568,0.0,1779099286.8241591,0.0015208721160888672,1779099286.8226526,0.0030274391174316406,1779099286.831819,-0.006139039993286133,0.0,map,base_link,-0.008182659034740443,0.006508842359587076,0.0,-0.0053487994665073575
2.8064213839998047,1779099286.8755608,1779099286.8755605,2.384185791015625e-07,1779099286.8755605,2.384185791015625e-07,1779099286.8741639,0.0013968944549560547,1779099286.8826342,-0.007073402404785156,1779099286.866645,0.00891566276550293,0.0,map,base_link,-0.008721901077812762,-0.006625303258422876,0.0,-0.004010356876259787
2.8602444979997017,1779099286.9255598,1779099286.9255598,0.0,1779099286.9255598,0.0,1779099286.924205,0.0013546943664550781,1779099286.932652,-0.00709223747253418,1779099286.9318454,-0.006285667419433594,0.0,map,base_link,-0.006831292631595661,0.0033930348359670296,0.0,-0.003879344143427386
2.9051008209999054,1779099286.9755998,1779099286.9755998,0.0,1779099286.9755998,0.0,1779099286.9741423,0.0014574527740478516,1779099286.982669,-0.00706934928894043,1779099286.9716413,0.003958463668823242,0.0,map,base_link,-0.006629151876864091,0.0021446373055360544,0.0,-0.004663842932708742
2.958768172999953,1779099287.0255795,1779099287.0255795,0.0,1779099287.0255795,0.0,1779099287.0241745,0.0014050006866455078,1779099287.0326853,-0.007105827331542969,1779099287.0316525,-0.006072998046875,0.0,map,base_link,-0.012326665233025497,0.004281112744894434,0.0,-0.004393258467793289
3.0122468389999995,1779099287.075593,1779099287.075593,0.0,1779099287.075593,0.0,1779099287.0741706,0.0014224052429199219,1779099287.0827007,-0.007107734680175781,1779099287.071616,0.003977060317993164,0.0,map,base_link,-0.011543273550672067,-0.009243169752082663,0.0,-0.0029969850357296607
3.0568087029996605,1779099287.1255949,1779099287.1255949,0.0,1779099287.1255949,0.0,1779099287.124156,0.0014388561248779297,1779099287.132706,-0.007111072540283203,1779099287.131606,-0.006011247634887695,0.0,map,base_link,-0.007121929879036859,0.005032118867730391,0.0,-0.004781544765524696
3.1093209959999513,1779099287.175557,1779099287.175557,0.0,1779099287.175557,0.0,1779099287.174193,0.001363992691040039,1779099287.1827202,-0.007163286209106445,1779099287.17162,0.0039370059967041016,0.0,map,base_link,-0.009639020352016279,0.0019153476688735431,0.0,-0.004576550933371328
3.1536239200004275,1779099287.225594,1779099287.2255943,-2.384185791015625e-07,1779099287.2255943,-2.384185791015625e-07,1779099287.2241032,0.0014908313751220703,1779099287.2227216,0.002872467041015625,1779099287.2317011,-0.0061070919036865234,0.0,map,base_link,-0.006718194539835128,-0.003139899087994766,0.0,-0.0038843730352965764
3.206386568999733,1779099287.275569,1779099287.275569,0.0,1779099287.275569,0.0,1779099287.2741418,0.0014271736145019531,1779099287.2827377,-0.007168769836425781,1779099287.2717986,0.0037703514099121094,0.0,map,base_link,-0.0061600757304959165,0.002083533408379152,0.0,-0.00396532282513198
3.2608027989999755,1779099287.3255818,1779099287.3255818,0.0,1779099287.3255818,0.0,1779099287.3240175,0.0015642642974853516,1779099287.3327508,-0.007169008255004883,1779099287.3316724,-0.006090641021728516,0.0,map,base_link,-0.006363434578086722,0.0025537516308817114,0.0,-0.004398203767404446
3.456998214000123,1779099287.5256033,1779099287.5256033,0.0,1779099287.5256033,0.0,1779099287.5242324,0.0013709068298339844,1779099287.5327873,-0.007184028625488281,1779099287.531866,-0.006262779235839844,0.0,map,base_link,-0.005759867774371371,0.001586576029335608,0.0,-0.005441461598981303
3.506563277999703,1779099287.5755825,1779099287.5755825,0.0,1779099287.5755825,0.0,1779099287.574197,0.0013854503631591797,1779099287.582788,-0.007205486297607422,1779099287.5718682,0.003714323043823242,0.0,map,base_link,-0.008909763941030819,0.00014390335919560785,0.0,-0.0038098706126968836
3.5593274000002566,1779099287.6255803,1779099287.6255803,0.0,1779099287.6255803,0.0,1779099287.6241016,0.0014786720275878906,1779099287.6327987,-0.007218360900878906,1779099287.6319213,-0.006340980529785156,0.0,map,base_link,-0.01104206562664061,-0.008301854614207,0.0,-0.0024978276922229103
3.601869279999846,1779099287.675565,1779099287.675565,0.0,1779099287.675565,0.0,1779099287.6742263,0.0013387203216552734,1779099287.6728063,0.0027587413787841797,1779099287.6717575,0.003807544708251953,0.0,map,base_link,-0.0070373234830357016,0.004121392586332789,0.0,-0.003625257472584902
3.6554435870002635,1779099287.7255845,1779099287.7255845,0.0,1779099287.7255845,0.0,1779099287.724105,0.0014796257019042969,1779099287.732818,-0.007233381271362305,1779099287.7318685,-0.006283998489379883,0.0,map,base_link,-0.00782281232625951,0.003311627640148791,0.0,-0.004566574573606258
3.709128086000419,1779099287.775587,1779099287.775587,0.0,1779099287.775587,0.0,1779099287.774137,0.0014500617980957031,1779099287.7828267,-0.007239580154418945,1779099287.7717144,0.0038726329803466797,0.0,map,base_link,-0.007798550342231331,0.0009835225308572292,0.0,-0.004087338882727243
3.730984298000294,1779099287.800485,1779099287.800485,0.0,1779099287.800485,0.0,1779099287.8041048,-0.0036199092864990234,1779099287.80282,-0.002335071563720703,1779099287.7918248,0.008660078048706055,0.0,map,base_link,-0.00897238156875354,0.0018669163117945129,0.0,-0.004209133040710169
3.804946115000348,1779099287.8755438,1779099287.8755438,0.0,1779099287.8755438,0.0,1779099287.8741405,0.0014033317565917969,1779099287.8828335,-0.0072896480560302734,1779099287.8717906,0.003753185272216797,0.0,map,base_link,-0.01025222937811423,-0.0018384680709551712,0.0,-0.003862992480429786
3.8584944399999586,1779099287.9256904,1779099287.9256904,0.0,1779099287.9256904,0.0,1779099287.9241345,0.0015559196472167969,1779099287.9328418,-0.007151365280151367,1779099287.931785,-0.006094694137573242,0.0,map,base_link,-0.006965280509445118,-0.00021804003870449053,0.0,-0.0038813898092176823
3.911126250000052,1779099287.975593,1779099287.975593,0.0,1779099287.975593,0.0,1779099287.9741008,0.0014922618865966797,1779099287.9828496,-0.007256507873535156,1779099287.9717188,0.0038743019104003906,0.0,map,base_link,-0.007866119992782378,0.003609845281490008,0.0,-0.004453631766523997
3.9543017019996114,1779099288.0255675,1779099288.0255673,2.384185791015625e-07,1779099288.0255673,2.384185791015625e-07,1779099288.034193,-0.008625507354736328,1779099288.0328374,-0.007269859313964844,1779099288.0318575,-0.006289958953857422,0.0,map,base_link,-0.006679025091605146,0.005365831709361221,0.0,-0.004456125019079737
3.98779577500045,1779099288.0506048,1779099288.0506046,2.384185791015625e-07,1779099288.0506046,2.384185791015625e-07,1779099288.0542178,-0.003612995147705078,1779099288.0628424,-0.012237548828125,1779099288.0518022,-0.0011973381042480469,0.0,map,base_link,-0.010804084920213213,-0.003062855530360481,0.0,-0.0034612803599003168
4.0515587780000715,1779099288.1255696,1779099288.1255696,0.0,1779099288.1255696,0.0,1779099288.1241238,0.001445770263671875,1779099288.1228514,0.002718210220336914,1779099288.1117432,0.013826370239257812,0.0,map,base_link,-0.01251850668862611,0.0026677414111565944,0.0,-0.0033303848011469687
4.104698531000395,1779099288.1754723,1779099288.1754723,0.0,1779099288.1754723,0.0,1779099288.1741724,0.0012998580932617188,1779099288.18285,-0.00737762451171875,1779099288.1717508,0.003721475601196289,0.0,map,base_link,-0.009241713765463965,0.004272519904656078,0.0,-0.0043050309429117145
4.158301651000329,1779099288.225471,1779099288.225471,0.0,1779099288.225471,0.0,1779099288.2241094,0.0013616085052490234,1779099288.2328572,-0.007386207580566406,1779099288.2315145,-0.006043434143066406,0.0,map,base_link,-0.009735257855780758,-0.009617212993986057,0.0,-0.002720153685599373
4.2053633639998225,1779099288.2754657,1779099288.2754657,0.0,1779099288.2754657,0.0,1779099288.2741227,0.0013430118560791016,1779099288.2828643,-0.0073986053466796875,1779099288.271476,0.003989696502685547,0.0,map,base_link,-0.008981660878464753,0.0008555022290342303,0.0,-0.0031813141757180098
4.258038025999667,1779099288.3254704,1779099288.3254704,0.0,1779099288.3254704,0.0,1779099288.3341846,-0.00871419906616211,1779099288.3328514,-0.007380962371826172,1779099288.3316278,-0.006157398223876953,0.0,map,base_link,-0.008064492912824251,0.0024885488768857456,0.0,-0.004186779855346445
4.289959886000361,1779099288.3504562,1779099288.350456,2.384185791015625e-07,1779099288.350456,2.384185791015625e-07,1779099288.354158,-0.0037016868591308594,1779099288.3628557,-0.012399435043334961,1779099288.3515842,-0.0011279582977294922,0.0,map,base_link,-0.007775455926283706,0.0002597610748607713,0.0,-0.004113710288914813
4.333516188000431,1779099288.400469,1779099288.400469,0.0,1779099288.400469,0.0,1779099288.404121,-0.003651857376098633,1779099288.4128628,-0.012393712997436523,1779099288.411562,-0.011092901229858398,0.0,map,base_link,-0.009888815153993973,0.004235622585262869,0.0,-0.00416161390296426
4.408599694000259,1779099288.475483,1779099288.475483,0.0,1779099288.475483,0.0,1779099288.474173,0.0013098716735839844,1779099288.4828722,-0.0073893070220947266,1779099288.4716332,0.0038497447967529297,0.0,map,base_link,-0.010540170789455499,-8.649732849022552e-05,0.0,-0.003527305029101833
4.452166777999992,1779099288.5255365,1779099288.5255365,0.0,1779099288.5255365,0.0,1779099288.534176,-0.00863957405090332,1779099288.522877,0.0026595592498779297,1779099288.531494,-0.005957365036010742,0.0,map,base_link,-0.006204126938493155,0.0026980624397999415,0.0,-0.0047257091958079755
4.48532858300041,1779099288.5505543,1779099288.5505543,0.0,1779099288.5505543,0.0,1779099288.5541937,-0.0036394596099853516,1779099288.5628817,-0.012327432632446289,1779099288.5515978,-0.001043558120727539,0.0,map,base_link,-0.0075309437304527235,0.004138042753968998,0.0,-0.003647385016392174
4.559430899999825,1779099288.6255453,1779099288.6255453,0.0,1779099288.6255453,0.0,1779099288.624176,0.0013692378997802734,1779099288.63289,-0.007344722747802734,1779099288.631585,-0.006039619445800781,0.0,map,base_link,-0.009251493429674712,-0.005339713048467066,0.0,-0.003430868013570529
4.583462413999769,1779099288.6504655,1779099288.6504655,0.0,1779099288.6504655,0.0,1779099288.6541271,-0.003661632537841797,1779099288.6528924,-0.0024268627166748047,1779099288.6514537,-0.0009882450103759766,0.0,map,base_link,-0.008259048663377563,0.0035387373408584484,0.0,-0.004592324783975255
4.6344645070003025,1779099288.7005255,1779099288.7005253,2.384185791015625e-07,1779099288.7005253,2.384185791015625e-07,1779099288.7042022,-0.0036766529083251953,1779099288.712898,-0.012372493743896484,1779099288.711525,-0.010999441146850586,0.0,map,base_link,-0.008248531736610516,0.005828830774925988,0.0,-0.004587897016434881
4.688020358000358,1779099288.7505198,1779099288.7505198,0.0,1779099288.7505198,0.0,1779099288.7541418,-0.0036220550537109375,1779099288.762903,-0.012383222579956055,1779099288.7515857,-0.001065969467163086,0.0,map,base_link,-0.009592299863551272,-0.008533224021070566,0.0,-0.0025478502475255542
4.754165348999777,1779099288.8255272,1779099288.8255272,0.0,1779099288.8255272,0.0,1779099288.8342035,-0.008676290512084961,1779099288.8329096,-0.007382392883300781,1779099288.8315501,-0.006022930145263672,0.0,map,base_link,-0.008095752356060226,0.001893986483549412,0.0,-0.004509414727791658
4.786149769000076,1779099288.8505337,1779099288.8505335,2.384185791015625e-07,1779099288.8505335,2.384185791015625e-07,1779099288.8541975,-0.003663778305053711,1779099288.8629124,-0.012378692626953125,1779099288.8516712,-0.0011374950408935547,0.0,map,base_link,-0.006645926750766452,0.003551338695459521,0.0,-0.005339950040163755
4.838582753999617,1779099288.9005067,1779099288.9005067,0.0,1779099288.9005067,0.0,1779099288.9042482,-0.0037415027618408203,1779099288.9129071,-0.012400388717651367,1779099288.9115427,-0.011035919189453125,0.0,map,base_link,-0.008311177094033756,-0.0013973792360887514,0.0,-0.0033242599543957074
4.903253741999833,1779099288.9755096,1779099288.9755096,0.0,1779099288.9755096,0.0,1779099288.974143,0.0013666152954101562,1779099288.972913,0.002596616744995117,1779099288.9715738,0.003935813903808594,0.0,map,base_link,-0.00971132587754001,0.0007065598001782432,0.0,-0.004019838040107638
4.956905213000027,1779099289.0254655,1779099289.0254655,0.0,1779099289.0254655,0.0,1779099289.0342085,-0.008743047714233398,1779099289.0329084,-0.007442951202392578,1779099289.0316126,-0.006147146224975586,0.0,map,base_link,-0.005731120886385186,0.005298691771738312,0.0,-0.005088516049767613
4.989824317000057,1779099289.050471,1779099289.0504713,-2.384185791015625e-07,1779099289.0504713,-2.384185791015625e-07,1779099289.0542326,-0.0037615299224853516,1779099289.0629113,-0.012440204620361328,1779099289.0515914,-0.0011203289031982422,0.0,map,base_link,-0.008623084184455022,-0.001592129919906648,0.0,-0.004076488933164843
5.033182873000442,1779099289.1004682,1779099289.1004682,0.0,1779099289.1004682,0.0,1779099289.1041486,-0.0036804676055908203,1779099289.102915,-0.002446889877319336,1779099289.1117473,-0.011279106140136719,0.0,map,base_link,-0.010492780482035637,-0.0002219570014141126,0.0,-0.003179651252030355
5.1073717270001,1779099289.175459,1779099289.175459,0.0,1779099289.175459,0.0,1779099289.1842096,-0.008750677108764648,1779099289.182921,-0.007462024688720703,1779099289.1718483,0.0036106109619140625,0.0,map,base_link,-0.009471544829464872,0.002937260302866425,0.0,-0.0036439048435653893
5.139427930000238,1779099289.2004592,1779099289.200459,2.384185791015625e-07,1779099289.200459,2.384185791015625e-07,1779099289.204065,-0.0036058425903320312,1779099289.212923,-0.012463808059692383,1779099289.2117758,-0.011316537857055664,0.0,map,base_link,-0.009006804869868993,-0.004905030619469264,0.0,-0.0026742231477479297
5.185083194999606,1779099289.2504814,1779099289.2504814,0.0,1779099289.2504814,0.0,1779099289.2542312,-0.003749847412109375,1779099289.2629268,-0.012445449829101562,1779099289.2517514,-0.0012700557708740234,0.0,map,base_link,-0.009576558408379735,-0.00022315890842837223,0.0,-0.0035294686780889773
5.258495242000208,1779099289.3255756,1779099289.3255756,0.0,1779099289.3255756,0.0,1779099289.3341293,-0.008553743362426758,1779099289.3329318,-0.007356166839599609,1779099289.331831,-0.006255388259887695,0.0,map,base_link,-0.008555594144625535,0.001221887223332372,0.0,-0.003737328928934637
5.281187069000225,1779099289.3505812,1779099289.3505812,0.0,1779099289.3505812,0.0,1779099289.3541446,-0.003563404083251953,1779099289.3529332,-0.002351999282836914,1779099289.3517942,-0.00121307373046875,0.0,map,base_link,-0.007866221004937165,0.0016740640380648812,0.0,-0.0033367709084641886
5.333420441000271,1779099289.400549,1779099289.400549,0.0,1779099289.400549,0.0,1779099289.4040794,-0.0035305023193359375,1779099289.4029367,-0.0023877620697021484,1779099289.4119844,-0.011435508728027344,0.0,map,base_link,-0.012482031024868591,-0.0003916338787101362,0.0,-0.003248938404335822
5.386879376000252,1779099289.4505796,1779099289.4505796,0.0,1779099289.4505796,0.0,1779099289.4541655,-0.0035858154296875,1779099289.4629407,-0.01236104965209961,1779099289.4470036,0.003576040267944336,0.0,map,base_link,-0.009962493030178191,0.001529399451381159,0.0,-0.0035202379170498174
5.44050863099983,1779099289.50055,1779099289.5005498,2.384185791015625e-07,1779099289.5005498,2.384185791015625e-07,1779099289.5040834,-0.0035333633422851562,1779099289.5129433,-0.01239323616027832,1779099289.511918,-0.011368036270141602,0.0,map,base_link,-0.008286026565689733,0.004254609047957231,0.0,-0.004804640976570982
5.484217330999854,1779099289.5504656,1779099289.5504656,0.0,1779099289.5504656,0.0,1779099289.5541646,-0.003699064254760742,1779099289.5629456,-0.012480020523071289,1779099289.552008,-0.0015423297882080078,0.0,map,base_link,-0.0059659154061407725,0.0010294731251593787,0.0,-0.004891596845634355
5.537845431000278,1779099289.6004646,1779099289.6004646,0.0,1779099289.6004646,0.0,1779099289.6043134,-0.0038487911224365234,1779099289.612948,-0.012483358383178711,1779099289.606889,-0.006424427032470703,0.0,map,base_link,-0.011023546731601259,-0.00013053348465366958,0.0,-0.003466941574511898
5.581278397999995,1779099289.6505713,1779099289.650571,2.384185791015625e-07,1779099289.650571,2.384185791015625e-07,1779099289.6542506,-0.0036792755126953125,1779099289.6529498,-0.0023784637451171875,1779099289.6519632,-0.0013918876647949219,0.0,map,base_link,-0.013120154159056279,-6.144002275233307e-05,0.0,-0.003187106120138297
5.635078391999741,1779099289.7005484,1779099289.7005484,0.0,1779099289.7005484,0.0,1779099289.7042413,-0.0036928653717041016,1779099289.7129526,-0.012404203414916992,1779099289.7118607,-0.011312246322631836,0.0,map,base_link,-0.009552451451623183,6.815185218782662e-06,0.0,-0.0035676856545625766
5.709384566000153,1779099289.7755878,1779099289.7755878,0.0,1779099289.7755878,0.0,1779099289.7842238,-0.008635997772216797,1779099289.7829561,-0.007368326187133789,1779099289.7867756,-0.01118779182434082,0.0,map,base_link,-0.00857256985549345,0.0028849499074280064,0.0,-0.0036470603696193214
5.731217213000491,1779099289.8005764,1779099289.8005764,0.0,1779099289.8005764,0.0,1779099289.8042996,-0.00372314453125,1779099289.802957,-0.0023806095123291016,1779099289.7867756,0.013800859451293945,0.0,map,base_link,-0.007447411976774092,0.0028130787746073376,0.0,-0.004565829946291887
5.805489291000413,1779099289.875518,1779099289.875518,0.0,1779099289.875518,0.0,1779099289.8842015,-0.008683443069458008,1779099289.8829608,-0.0074427127838134766,1779099289.8719563,0.003561735153198242,0.0,map,base_link,-0.00917602598316845,0.0035268660436811256,0.0,-0.00444639414983647
5.837633412000287,1779099289.9005616,1779099289.9005616,0.0,1779099289.9005616,0.0,1779099289.904196,-0.0036344528198242188,1779099289.9129622,-0.012400627136230469,1779099289.9119954,-0.011433839797973633,0.0,map,base_link,-0.00723515818884395,-0.002742750470823279,0.0,-0.004045135447983126
5.881973487999858,1779099289.9505804,1779099289.9505804,0.0,1779099289.9505804,0.0,1779099289.9542646,-0.0036842823028564453,1779099289.9529638,-0.0023834705352783203,1779099289.9518535,-0.0012731552124023438,0.0,map,base_link,-0.006004351990016005,0.0024875013328751324,0.0,-0.004677839514320586
5.935698623999997,1779099290.0005753,1779099290.0005753,0.0,1779099290.0005753,0.0,1779099290.0041542,-0.0035789012908935547,1779099290.0129654,-0.01239013671875,1779099290.0119948,-0.011419534683227539,0.0,map,base_link,-0.006694905376126508,0.002173325291544558,0.0,-0.00466313326474257
5.988191340000412,1779099290.0504665,1779099290.0504665,0.0,1779099290.0504665,0.0,1779099290.0541747,-0.0037081241607666016,1779099290.0629666,-0.01250004768371582,1779099290.0519094,-0.0014429092407226562,0.0,map,base_link,-0.007970197169349057,-0.007892143909560778,0.0,-0.003956898470370491
6.031661224000345,1779099290.1004624,1779099290.1004624,0.0,1779099290.1004624,0.0,1779099290.104178,-0.00371551513671875,1779099290.1029675,-0.002505064010620117,1779099290.0916967,0.008765697479248047,0.0,map,base_link,-0.009120350326257957,-0.0036326186988033856,0.0,-0.0033823609028929254
6.085492776000137,1779099290.150573,1779099290.150573,0.0,1779099290.150573,0.0,1779099290.1541717,-0.0035986900329589844,1779099290.1629689,-0.012395858764648438,1779099290.1468756,0.0036973953247070312,0.0,map,base_link,-0.00718107073488412,0.00795123420822262,0.0,-0.00517871978454839
6.139066318000005,1779099290.200461,1779099290.200461,0.0,1779099290.200461,0.0,1779099290.204265,-0.0038042068481445312,1779099290.21297,-0.01250910758972168,1779099290.2119203,-0.0114593505859375,0.0,map,base_link,-0.011729853490057429,-0.004647801341464982,0.0,-0.003565081218051047
6.185159571999975,1779099290.2505827,1779099290.2505827,0.0,1779099290.2505827,0.0,1779099290.2542412,-0.0036585330963134766,1779099290.2629714,-0.01238870620727539,1779099290.2518642,-0.0012814998626708984,0.0,map,base_link,-0.011618792325387425,0.003711815013337818,0.0,-0.0032292743709394526
6.238597579999805,1779099290.3005936,1779099290.3005936,0.0,1779099290.3005936,0.0,1779099290.304167,-0.0035734176635742188,1779099290.3129725,-0.012378931045532227,1779099290.3119183,-0.011324644088745117,0.0,map,base_link,-0.009531885241608164,-0.0033210384150888176,0.0,-0.003696655781267529
6.2809554679997746,1779099290.350529,1779099290.350529,0.0,1779099290.350529,0.0,1779099290.35421,-0.0036809444427490234,1779099290.3529735,-0.0024445056915283203,1779099290.3519511,-0.0014221668243408203,0.0,map,base_link,-0.008131855494064059,0.009020589446318514,0.0,-0.00513299932759289
6.334668999999849,1779099290.4005535,1779099290.4005535,0.0,1779099290.4005535,0.0,1779099290.4043016,-0.003748178482055664,1779099290.4129748,-0.012421369552612305,1779099290.406887,-0.006333589553833008,0.0,map,base_link,-0.00875699888474735,-0.002141361487038496,0.0,-0.004199013104604139
6.387176473999716,1779099290.4504697,1779099290.4504695,2.384185791015625e-07,1779099290.4504695,2.384185791015625e-07,1779099290.4542894,-0.003819704055786133,1779099290.462976,-0.012506246566772461,1779099290.4521105,-0.0016407966613769531,0.0,map,base_link,-0.008317418144753591,0.003253414835408622,0.0,-0.00414700846849366
6.440967352000371,1779099290.5005813,1779099290.5005813,0.0,1779099290.5005813,0.0,1779099290.5042284,-0.0036470890045166016,1779099290.5129774,-0.012396097183227539,1779099290.5119746,-0.011393308639526367,0.0,map,base_link,-0.009292768803842583,0.00015903314717882538,0.0,-0.003565588507408137
6.484232308999708,1779099290.5505562,1779099290.5505562,0.0,1779099290.5505562,0.0,1779099290.5542498,-0.0036935806274414062,1779099290.5629785,-0.012422323226928711,1779099290.5520277,-0.0014715194702148438,0.0,map,base_link,-0.010536704488197011,-0.0008387276183087175,0.0,-0.003121474892595305
6.538017263000256,1779099290.6005776,1779099290.6005776,0.0,1779099290.6005776,0.0,1779099290.604095,-0.0035173892974853516,1779099290.6129797,-0.012402057647705078,1779099290.6067717,-0.006194114685058594,0.0,map,base_link,-0.008306583236095946,-0.00048826424508801615,0.0,-0.004461684836197159
6.581195206000302,1779099290.6505578,1779099290.6505578,0.0,1779099290.6505578,0.0,1779099290.6542602,-0.003702402114868164,1779099290.6529806,-0.002422809600830078,1779099290.651916,-0.0013582706451416016,0.0,map,base_link,-0.006711010887267437,0.006467202161803867,0.0,-0.004396532801820842
6.6348800329997175,1779099290.7005806,1779099290.7005806,0.0,1779099290.7005806,0.0,1779099290.704313,-0.003732442855834961,1779099290.712982,-0.012401342391967773,1779099290.7120311,-0.011450529098510742,0.0,map,base_link,-0.009585156578771615,-0.004016144058656847,0.0,-0.0034466541006639008
6.688315069000055,1779099290.7505262,1779099290.7505262,0.0,1779099290.7505262,0.0,1779099290.754288,-0.003761768341064453,1779099290.7629833,-0.012457132339477539,1779099290.75201,-0.001483917236328125,0.0,map,base_link,-0.010055673983770656,0.0040991792482576814,0.0,-0.003457581606384342
6.732032103000165,1779099290.8005514,1779099290.8005514,0.0,1779099290.8005514,0.0,1779099290.8042164,-0.0036649703979492188,1779099290.8029842,-0.0024328231811523438,1779099290.7920508,0.00850057601928711,0.0,map,base_link,-0.006623103273770644,0.004325589862645807,0.0,-0.004484524498487754
6.7856386630001,1779099290.8504665,1779099290.8504665,0.0,1779099290.8504665,0.0,1779099290.8541949,-0.0037283897399902344,1779099290.8629856,-0.012519121170043945,1779099290.8520217,-0.0015552043914794922,0.0,map,base_link,-0.007679898639687135,-0.0029693090345655274,0.0,-0.004465354456721005
6.839310436000233,1779099290.900463,1779099290.900463,0.0,1779099290.900463,0.0,1779099290.904228,-0.0037648677825927734,1779099290.9129868,-0.012523651123046875,1779099290.912014,-0.0115509033203125,0.0,map,base_link,-0.009849884792118716,-0.0002834134855652338,0.0,-0.00285341141357641
6.88499161100026,1779099290.9504628,1779099290.9504628,0.0,1779099290.9504628,0.0,1779099290.954204,-0.0037412643432617188,1779099290.9629874,-0.012524604797363281,1779099290.9519186,-0.0014557838439941406,0.0,map,base_link,-0.007596585444258844,0.001423152284269861,0.0,-0.0035737414983632587
6.938725814000463,1779099291.0005503,1779099291.0005503,0.0,1779099291.0005503,0.0,1779099291.0041103,-0.0035600662231445312,1779099291.0129876,-0.01243734359741211,1779099291.0117965,-0.011246204376220703,0.0,map,base_link,-0.009333680935292805,-0.0015772096907244394,0.0,-0.0033374796540898994
6.991134394000255,1779099291.0505633,1779099291.0505633,0.0,1779099291.0505633,0.0,1779099291.0542033,-0.0036399364471435547,1779099291.0629876,-0.012424230575561523,1779099291.0519514,-0.0013880729675292969,0.0,map,base_link,-0.010029548607003695,-0.002034140613795687,0.0,-0.0027012139050260997
7.0360730920001515,1779099291.1005456,1779099291.1005456,0.0,1779099291.1005456,0.0,1779099291.1041272,-0.003581523895263672,1779099291.1129875,-0.012441873550415039,1779099291.111904,-0.011358261108398438,0.0,map,base_link,-0.01409647585403843,0.0021172800634458987,0.0,-0.0029329009083950367
7.088496802000009,1779099291.150608,1779099291.150608,0.0,1779099291.150608,0.0,1779099291.1541991,-0.0035910606384277344,1779099291.1629875,-0.01237940788269043,1779099291.1468365,0.003771543502807617,0.0,map,base_link,-0.01059306593567413,0.0068788135896770825,0.0,-0.005408385734365491
7.131970071000069,1779099291.2005286,1779099291.2005284,2.384185791015625e-07,1779099291.2005284,2.384185791015625e-07,1779099291.2042675,-0.003738880157470703,1779099291.2029874,-0.002458810806274414,1779099291.1919518,0.00857686996459961,0.0,map,base_link,0.015958443295178208,-0.003795335803308735,0.0,-0.003256666541415781
7.184702102999836,1779099291.2505586,1779099291.2505586,0.0,1779099291.2505586,0.0,1779099291.2542253,-0.0036666393280029297,1779099291.2629876,-0.012428998947143555,1779099291.2519214,-0.0013628005981445312,0.0,map,base_link,-0.005440256677966734,0.006252869743149396,0.0,-0.004781356661575583
7.238461236000148,1779099291.3005488,1779099291.3005488,0.0,1779099291.3005488,0.0,1779099291.3042724,-0.003723621368408203,1779099291.3129876,-0.012438774108886719,1779099291.3118222,-0.011273384094238281,0.0,map,base_link,-0.007194200274500908,0.0025905157746021895,0.0,-0.003620007591003823
7.285514111999873,1779099291.350549,1779099291.350549,0.0,1779099291.350549,0.0,1779099291.3542178,-0.0036687850952148438,1779099291.3629875,-0.012438535690307617,1779099291.3518958,-0.0013468265533447266,0.0,map,base_link,-0.005959072858742548,0.0023361797742176586,0.0,-0.002151928772343574
7.338217450999764,1779099291.400529,1779099291.400529,0.0,1779099291.400529,0.0,1779099291.4042857,-0.0037567615509033203,1779099291.4129875,-0.012458562850952148,1779099291.411783,-0.011254072189331055,0.0,map,base_link,0.0137197997998674,0.0011554976274899783,0.0,-0.0007694212089101455
7.381428937999772,1779099291.4504669,1779099291.4504669,0.0,1779099291.4504669,0.0,1779099291.4542804,-0.003813505172729492,1779099291.4529874,-0.0025205612182617188,1779099291.4518254,-0.0013585090637207031,0.0,map,base_link,0.024424637279758833,0.0042305988821911495,0.0,0.0004830558652947174
7.435256828000092,1779099291.500468,1779099291.500468,0.0,1779099291.500468,0.0,1779099291.5042205,-0.003752470016479492,1779099291.5129876,-0.012519598007202148,1779099291.5119278,-0.011459827423095703,0.0,map,base_link,0.048278175465223304,0.0024873649562998585,0.0,0.0028080387634435338
7.488011049000306,1779099291.5506008,1779099291.5506008,0.0,1779099291.5506008,0.0,1779099291.5541914,-0.0035905838012695312,1779099291.5629876,-0.012386798858642578,1779099291.5517397,-0.001138925552368164,0.0,map,base_link,0.07612145894903097,0.0021224189502920205,0.0,0.003310007109294912
7.531583754000167,1779099291.6005445,1779099291.6005442,2.384185791015625e-07,1779099291.6005442,2.384185791015625e-07,1779099291.6042135,-0.0036690235137939453,1779099291.6029875,-0.002443075180053711,1779099291.592045,0.008499383926391602,0.0,map,base_link,0.10989427451426234,-0.0037816787516680743,0.0,0.004539790817279926
7.584156224000253,1779099291.6504936,1779099291.6504936,0.0,1779099291.6504936,0.0,1779099291.6543224,-0.003828763961791992,1779099291.6629875,-0.01249384880065918,1779099291.651717,-0.0012233257293701172,0.0,map,base_link,0.14446947744276556,-0.0011600723804097643,0.0,0.006392910705656617
7.6381060290004825,1779099291.7005615,1779099291.7005615,0.0,1779099291.7005615,0.0,1779099291.7142818,-0.013720273971557617,1779099291.7129874,-0.012425899505615234,1779099291.7120168,-0.011455297470092773,0.0,map,base_link,0.17588058371970958,0.00391911223116414,0.0,0.01042194864558699
7.681384321999758,1779099291.7505279,1779099291.7505279,0.0,1779099291.7505279,0.0,1779099291.7543285,-0.003800630569458008,1779099291.7529876,-0.0024597644805908203,1779099291.7520425,-0.0015146732330322266,0.0,map,base_link,8.343276171763488,2.8644730707694968,0.0,-2.943316106246908
7.734897106000062,1779099291.8005645,1779099291.8005643,2.384185791015625e-07,1779099291.8005643,2.384185791015625e-07,1779099291.8041909,-0.0036263465881347656,1779099291.8129876,-0.012423038482666016,1779099291.8120944,-0.011529922485351562,0.0,map,base_link,8.313884662093677,2.8451496630474735,0.0,-2.942343582335
7.788382671000363,1779099291.8505516,1779099291.8505516,0.0,1779099291.8505516,0.0,1779099291.8642704,-0.013718843460083008,1779099291.8629875,-0.0124359130859375,1779099291.8518097,-0.0012581348419189453,0.0,map,base_link,8.27382851228487,2.8414350571862466,0.0,-2.9438329182059713
7.832704894000017,1779099291.900555,1779099291.900555,0.0,1779099291.900555,0.0,1779099291.904225,-0.003670215606689453,1779099291.9029875,-0.002432584762573242,1779099291.9119508,-0.011395931243896484,0.0,map,base_link,8.229348524564545,2.84129788147237,0.0,-2.943814724183198
7.884964069000489,1779099291.950554,1779099291.950554,0.0,1779099291.950554,0.0,1779099291.9542935,-0.003739595413208008,1779099291.9629874,-0.012433528900146484,1779099291.9519157,-0.001361846923828125,0.0,map,base_link,8.183276236160948,2.8272988451154193,0.0,-2.9456508208775434
7.93850437600031,1779099292.0005758,1779099292.0005758,0.0,1779099292.0005758,0.0,1779099292.0042336,-0.003657817840576172,1779099292.0129876,-0.012411832809448242,1779099292.0117514,-0.01117563247680664,0.0,map,base_link,8.155243847298928,2.8290758995238474,0.0,-2.9478415730443315
7.985573347999889,1779099292.0505724,1779099292.0505724,0.0,1779099292.0505724,0.0,1779099292.0543096,-0.003737211227416992,1779099292.0629876,-0.012415170669555664,1779099292.0518842,-0.0013117790222167969,0.0,map,base_link,8.098568558509225,2.818036297091588,0.0,-2.958260539306755
8.038060896999923,1779099292.1005254,1779099292.1005254,0.0,1779099292.1005254,0.0,1779099292.11431,-0.013784646987915039,1779099292.1129875,-0.012462139129638672,1779099292.1119726,-0.01144719123840332,0.0,map,base_link,8.061540883626042,2.8110589798392676,0.0,-2.9618634793202587
8.081298666999828,1779099292.150469,1779099292.150469,0.0,1779099292.150469,0.0,1779099292.1542766,-0.003807544708251953,1779099292.1529875,-0.0025184154510498047,1779099292.1518757,-0.0014066696166992188,0.0,map,base_link,7.995932677489039,2.805413693149676,0.0,-2.9676134124192854
8.133777742000348,1779099292.2004669,1779099292.2004669,0.0,1779099292.2004669,0.0,1779099292.2042744,-0.003807544708251953,1779099292.2129874,-0.012520551681518555,1779099292.206943,-0.006476163864135742,0.0,map,base_link,7.951052840361429,2.808888221559338,0.0,-2.9708289131879058
8.187121363000188,1779099292.250468,1779099292.250468,0.0,1779099292.250468,0.0,1779099292.2642913,-0.013823270797729492,1779099292.2629876,-0.012519598007202148,1779099292.2518976,-0.0014295578002929688,0.0,map,base_link,7.918551748306089,2.7989714566772292,0.0,-2.9769466673798153
8.252484558000106,1779099292.3254664,1779099292.3254664,0.0,1779099292.3254664,0.0,1779099292.3343108,-0.008844375610351562,1779099292.3229876,0.0024788379669189453,1779099292.3317835,-0.006317138671875,0.0,map,base_link,7.834389496305346,2.790517182834692,0.0,-2.987180883264757
8.28557573099988,1779099292.3504632,1779099292.3504632,0.0,1779099292.3504632,0.0,1779099292.3543327,-0.0038695335388183594,1779099292.3629875,-0.01252436637878418,1779099292.3518481,-0.0013849735260009766,0.0,map,base_link,7.837278156631466,2.793867322383377,0.0,-2.9954152319108065
8.339642713000103,1779099292.4004676,1779099292.4004676,0.0,1779099292.4004676,0.0,1779099292.404236,-0.003768444061279297,1779099292.4129875,-0.01251983642578125,1779099292.4120407,-0.011573076248168945,0.0,map,base_link,7.749262007178091,2.7748913437988345,0.0,-3.006468305795804
8.381971067999984,1779099292.450464,1779099292.450464,0.0,1779099292.450464,0.0,1779099292.4342275,0.016236543655395508,1779099292.4529874,-0.0025234222412109375,1779099292.4518018,-0.0013377666473388672,0.0,map,base_link,7.693004743576004,2.781218306539715,0.0,-3.0115238120826238
8.43700741900011,1779099292.5004642,1779099292.5004642,0.0,1779099292.5004642,0.0,1779099292.504235,-0.0037708282470703125,1779099292.5129876,-0.012523412704467773,1779099292.511933,-0.011468887329101562,0.0,map,base_link,7.666617091903859,2.782454121224954,0.0,-3.026195506785243
8.489206383000237,1779099292.5504637,1779099292.550464,-2.384185791015625e-07,1779099292.550464,-2.384185791015625e-07,1779099292.5542307,-0.0037670135498046875,1779099292.5629876,-0.012523889541625977,1779099292.5469368,0.003526926040649414,0.0,map,base_link,7.615099287982832,2.7847594169459056,0.0,-3.031580736695434
8.534359463000328,1779099292.6004682,1779099292.6004682,0.0,1779099292.6004682,0.0,1779099292.614239,-0.013770818710327148,1779099292.6129875,-0.012519359588623047,1779099292.6118155,-0.011347293853759766,0.0,map,base_link,7.559680735158875,2.7864638666102044,0.0,-3.0506231067907392
8.587933896999857,1779099292.650465,1779099292.650465,0.0,1779099292.650465,0.0,1779099292.654231,-0.0037660598754882812,1779099292.6629875,-0.012522459030151367,1779099292.6518395,-0.0013744831085205078,0.0,map,base_link,7.516478999764638,2.7810762126750053,0.0,-3.0652677016955496
8.640201926999907,1779099292.700458,1779099292.700458,0.0,1779099292.700458,0.0,1779099292.7043092,-0.003851175308227539,1779099292.7129874,-0.012529373168945312,1779099292.7120469,-0.011588811874389648,0.0,map,base_link,7.481189210930897,2.786288806997955,0.0,-3.0728289371674307
8.687726443000429,1779099292.7504597,1779099292.7504597,0.0,1779099292.7504597,0.0,1779099292.7642484,-0.013788700103759766,1779099292.7629876,-0.012527942657470703,1779099292.751798,-0.0013382434844970703,0.0,map,base_link,7.4162836291924386,2.7914516101625897,0.0,-3.1100645045384323
8.73995012999967,1779099292.8004572,1779099292.8004572,0.0,1779099292.8004572,0.0,1779099292.8142364,-0.013779163360595703,1779099292.8129876,-0.012530326843261719,1779099292.8119135,-0.01145625114440918,0.0,map,base_link,7.380841041586403,2.795207314474952,0.0,-3.11885621681466
8.783752670000467,1779099292.8504636,1779099292.8504636,0.0,1779099292.8504636,0.0,1779099292.8542173,-0.003753662109375,1779099292.8629875,-0.012523889541625977,1779099292.8520272,-0.0015635490417480469,0.0,map,base_link,7.343768587754089,2.8012866873342737,0.0,-3.136083493986375
8.835816368999986,1779099292.9005191,1779099292.9005191,0.0,1779099292.9005191,0.0,1779099292.9142194,-0.013700246810913086,1779099292.9129875,-0.012468338012695312,1779099292.9119422,-0.011423110961914062,0.0,map,base_link,7.305219386953397,2.808721129232782,0.0,3.1395224901729883
8.889918402999683,1779099292.9505553,1779099292.950555,2.384185791015625e-07,1779099292.950555,2.384185791015625e-07,1779099292.9642289,-0.013673543930053711,1779099292.9629874,-0.012432098388671875,1779099292.9519637,-0.0014083385467529297,0.0,map,base_link,7.229587198790012,2.8152784039146717,0.0,3.1226077457890233
8.932849812999848,1779099293.0004609,1779099293.000461,-2.384185791015625e-07,1779099293.000461,-2.384185791015625e-07,1779099293.0042305,-0.0037696361541748047,1779099293.0029876,-0.0025267601013183594,1779099293.0119002,-0.011439323425292969,0.0,map,base_link,7.172840498727581,2.814910082662497,0.0,3.1137364521345763
8.986378255999625,1779099293.050466,1779099293.050466,0.0,1779099293.050466,0.0,1779099293.0642457,-0.013779640197753906,1779099293.0629876,-0.012521505355834961,1779099293.0520704,-0.001604318618774414,0.0,map,base_link,7.164908741362156,2.8282426149027304,0.0,3.098389366548008
9.040641868999955,1779099293.1004624,1779099293.1004624,0.0,1779099293.1004624,0.0,1779099293.1142445,-0.013782024383544922,1779099293.1129875,-0.012525081634521484,1779099293.1119828,-0.0115203857421875,0.0,map,base_link,7.097144216209343,2.8403378517663507,0.0,3.0816495758600206
9.082887202000165,1779099293.150518,1779099293.1505182,-2.384185791015625e-07,1779099293.1505182,-2.384185791015625e-07,1779099293.1642296,-0.013711690902709961,1779099293.1529875,-0.0024695396423339844,1779099293.1468713,0.0036466121673583984,0.0,map,base_link,7.018977737792978,2.8494086855393075,0.0,3.0740021428480397
9.138023776999944,1779099293.2004633,1779099293.2004633,0.0,1779099293.2004633,0.0,1779099293.2142587,-0.01379537582397461,1779099293.2129874,-0.012524127960205078,1779099293.2117345,-0.011271238327026367,0.0,map,base_link,7.029509529142941,2.8514410716756635,0.0,3.045786430220764
9.191692909999801,1779099293.2504764,1779099293.2504764,0.0,1779099293.2504764,0.0,1779099293.254243,-0.0037665367126464844,1779099293.2629876,-0.012511253356933594,1779099293.2519672,-0.0014908313751220703,0.0,map,base_link,6.963094499768966,2.8613829912087314,0.0,3.0363859349881324
9.236560860999816,1779099293.3004827,1779099293.3004827,0.0,1779099293.3004827,0.0,1779099293.3142536,-0.013770818710327148,1779099293.3129876,-0.012504816055297852,1779099293.311835,-0.011352300643920898,0.0,map,base_link,6.930459425891813,2.8723095136456145,0.0,3.012512938875549
9.288876079999682,1779099293.3505416,1779099293.3505416,0.0,1779099293.3505416,0.0,1779099293.3642426,-0.01370096206665039,1779099293.3629875,-0.012445926666259766,1779099293.3520644,-0.0015227794647216797,0.0,map,base_link,6.89911212404893,2.887896756704218,0.0,3.0043075914235606
9.334838857999785,1779099293.4005394,1779099293.4005394,0.0,1779099293.4005394,0.0,1779099293.4042625,-0.00372314453125,1779099293.4129875,-0.01244807243347168,1779099293.411961,-0.011421680450439453,0.0,map,base_link,6.832065606618218,2.908153455374429,0.0,2.979933753322934
9.386478868999802,1779099293.4506125,1779099293.4506125,0.0,1779099293.4506125,0.0,1779099293.4642534,-0.013640880584716797,1779099293.4629874,-0.0123748779296875,1779099293.4520657,-0.0014531612396240234,0.0,map,base_link,6.842213992919033,2.902908773601358,0.0,2.972866277809631
9.44079462100035,1779099293.5005493,1779099293.5005493,0.0,1779099293.5005493,0.0,1779099293.5142744,-0.013725042343139648,1779099293.5129876,-0.012438297271728516,1779099293.5118866,-0.0113372802734375,0.0,map,base_link,6.752726428256257,2.9319235577164955,0.0,2.9471544414605275
9.48443558100007,1779099293.5505872,1779099293.5505872,0.0,1779099293.5505872,0.0,1779099293.5643444,-0.01375722885131836,1779099293.5629876,-0.012400388717651367,1779099293.5520813,-0.0014941692352294922,0.0,map,base_link,6.6544561758108545,2.963889720059422,0.0,2.9376211150766456
9.539470431000154,1779099293.6004682,1779099293.6004682,0.0,1779099293.6004682,0.0,1779099293.6143472,-0.013879060745239258,1779099293.6129875,-0.012519359588623047,1779099293.6118875,-0.011419296264648438,0.0,map,base_link,6.693264130994095,2.9622980346848147,0.0,2.9138926707178303
9.59186117199988,1779099293.650468,1779099293.650468,0.0,1779099293.650468,0.0,1779099293.6643348,-0.013866662979125977,1779099293.6629875,-0.012519359588623047,1779099293.651892,-0.0014238357543945312,0.0,map,base_link,6.644990450752552,2.9773272905732897,0.0,2.9069516518479572
9.635220483000012,1779099293.7005923,1779099293.7005925,-2.384185791015625e-07,1779099293.7005925,-2.384185791015625e-07,1779099293.7142687,-0.01367640495300293,1779099293.7129874,-0.012395143508911133,1779099293.7116773,-0.011085033416748047,0.0,map,base_link,6.571091512181088,2.9997562268231848,0.0,2.888943527111573
9.689734073000182,1779099293.750555,1779099293.7505548,2.384185791015625e-07,1779099293.7505548,2.384185791015625e-07,1779099293.764246,-0.013690948486328125,1779099293.7629876,-0.012432575225830078,1779099293.7518318,-0.0012767314910888672,0.0,map,base_link,6.562588876220381,3.018633431311322,0.0,2.8718454364685453
9.735019759999886,1779099293.8004673,1779099293.8004673,0.0,1779099293.8004673,0.0,1779099293.8142626,-0.01379537582397461,1779099293.8129876,-0.012520313262939453,1779099293.8119152,-0.011447906494140625,0.0,map,base_link,6.486042474390758,3.0371792931885118,0.0,2.8487805102223813
9.787122456999896,1779099293.8505664,1779099293.8505664,0.0,1779099293.8505664,0.0,1779099293.8642418,-0.013675451278686523,1779099293.8629875,-0.012421131134033203,1779099293.852082,-0.0015156269073486328,0.0,map,base_link,6.464505522631821,3.048589858348229,0.0,2.8433097123359965
9.834474358999614,1779099293.9005842,1779099293.9005842,0.0,1779099293.9005842,0.0,1779099293.9143474,-0.013763189315795898,1779099293.9129875,-0.012403249740600586,1779099293.9118817,-0.011297464370727539,0.0,map,base_link,6.413478904101336,3.0742173213849284,0.0,2.826965431439991
9.889018349000253,1779099293.950586,1779099293.950586,0.0,1779099293.950586,0.0,1779099293.9643204,-0.01373434066772461,1779099293.9629874,-0.012401342391967773,1779099293.9520211,-0.0014350414276123047,0.0,map,base_link,6.372886723493333,3.08629880877113,0.0,2.810707933263718
9.941800143999899,1779099294.0005891,1779099294.0005891,0.0,1779099294.0005891,0.0,1779099294.0143971,-0.013808012008666992,1779099294.0129876,-0.012398481369018555,1779099294.0119083,-0.011319160461425781,0.0,map,base_link,6.346628793760688,3.111340039623625,0.0,2.8073027404888804
9.984893687000294,1779099294.050577,1779099294.050577,0.0,1779099294.050577,0.0,1779099294.0643897,-0.013812780380249023,1779099294.0629876,-0.012410640716552734,1779099294.0520144,-0.0014374256134033203,0.0,map,base_link,6.2963916436184695,3.1252939131946844,0.0,2.80067843871326
10.040025303999755,1779099294.1006124,1779099294.1006124,0.0,1779099294.1006124,0.0,1779099294.1143265,-0.013714075088500977,1779099294.1129875,-0.012375116348266602,1779099294.1119137,-0.011301279067993164,0.0,map,base_link,6.249681467646993,3.1340727797013064,0.0,2.792918503248704
10.083036455999718,1779099294.1505811,1779099294.1505811,0.0,1779099294.1505811,0.0,1779099294.1643655,-0.013784408569335938,1779099294.1529875,-0.0024063587188720703,1779099294.1520426,-0.0014615058898925781,0.0,map,base_link,6.211196048488798,3.150858051180764,0.0,2.7883562830030253
10.13770983700033,1779099294.2005649,1779099294.2005649,0.0,1779099294.2005649,0.0,1779099294.2143395,-0.013774633407592773,1779099294.2129874,-0.012422561645507812,1779099294.212001,-0.011436223983764648,0.0,map,base_link,6.165374572340127,3.181468132619466,0.0,2.779479820957023
10.19026106199999,1779099294.2506006,1779099294.2506006,0.0,1779099294.2506006,0.0,1779099294.2643704,-0.013769865036010742,1779099294.2629876,-0.01238703727722168,1779099294.2519696,-0.0013689994812011719,0.0,map,base_link,6.1288052032240135,3.186512389173969,0.0,2.774371109985951
10.23486005399991,1779099294.3005848,1779099294.3005848,0.0,1779099294.3005848,0.0,1779099294.314351,-0.013766288757324219,1779099294.3129876,-0.012402772903442383,1779099294.3119814,-0.011396646499633789,0.0,map,base_link,6.0904610035260704,3.2160535615745696,0.0,2.7687540432137188
10.288889673000085,1779099294.350638,1779099294.350638,0.0,1779099294.350638,0.0,1779099294.3617573,-0.011119365692138672,1779099294.3629875,-0.012349605560302734,1779099294.3669295,-0.01629161834716797,0.0,map,base_link,6.051113412272623,3.237077740962686,0.0,2.7635513561792866
10.33368672100005,1779099294.4005852,1779099294.4005852,0.0,1779099294.4005852,0.0,1779099294.4143748,-0.013789653778076172,1779099294.4029875,-0.0024023056030273438,1779099294.4121149,-0.011529684066772461,0.0,map,base_link,5.996635857012048,3.255518968433536,0.0,2.754968819003753
10.387741774999995,1779099294.4505677,1779099294.4505677,0.0,1779099294.4505677,0.0,1779099294.4644034,-0.013835668563842773,1779099294.4629874,-0.012419700622558594,1779099294.452067,-0.001499176025390625,0.0,map,base_link,5.9631012842122715,3.273826773107661,0.0,2.748624210929614
10.44015393799964,1779099294.5005715,1779099294.5005715,0.0,1779099294.5005715,0.0,1779099294.514359,-0.013787508010864258,1779099294.5129876,-0.01241612434387207,1779099294.5119443,-0.011372804641723633,0.0,map,base_link,5.917457337432301,3.2944715283918606,0.0,2.7453467171632124
10.483589770000435,1779099294.550585,1779099294.5505848,2.384185791015625e-07,1779099294.5505848,2.384185791015625e-07,1779099294.5644064,-0.01382136344909668,1779099294.5529876,-0.0024025440216064453,1779099294.552113,-0.001528024673461914,0.0,map,base_link,5.879671925461182,3.315757788692988,0.0,2.7391077508309647
10.536947264000446,1779099294.6005723,1779099294.6005723,0.0,1779099294.6005723,0.0,1779099294.6144009,-0.013828516006469727,1779099294.6129875,-0.012415170669555664,1779099294.612101,-0.011528730392456055,0.0,map,base_link,5.8381519247707905,3.3304555792791697,0.0,2.7343184756242533
10.601226220000171,1779099294.6757057,1779099294.675706,-2.384185791015625e-07,1779099294.675706,-2.384185791015625e-07,1779099294.6643841,0.011321544647216797,1779099294.6729875,0.002718210220336914,1779099294.6720412,0.0036644935607910156,0.0,map,base_link,5.778847338573367,3.3707806587278517,0.0,2.7317783947695267
10.634794118000173,1779099294.7005887,1779099294.7005887,0.0,1779099294.7005887,0.0,1779099294.7143767,-0.013787984848022461,1779099294.7129874,-0.012398719787597656,1779099294.7121005,-0.011511802673339844,0.0,map,base_link,5.751741617819768,3.3650633635993312,0.0,2.7244155650788993
10.686928647000059,1779099294.7505872,1779099294.750587,2.384185791015625e-07,1779099294.750587,2.384185791015625e-07,1779099294.7643983,-0.013811111450195312,1779099294.7629876,-0.012400388717651367,1779099294.7518878,-0.0013005733489990234,0.0,map,base_link,5.7179979725971695,3.390819856280152,0.0,2.7220495137596323
10.751378228999783,1779099294.8255613,1779099294.8255613,0.0,1779099294.8255613,0.0,1779099294.8142836,0.01127767562866211,1779099294.8229876,0.002573728561401367,1779099294.81201,0.01355123519897461,0.0,map,base_link,5.646860116058491,3.422159812765679,0.0,2.717965397077169
10.783793083000091,1779099294.8506162,1779099294.8506162,0.0,1779099294.8506162,0.0,1779099294.8642883,-0.013672113418579102,1779099294.8529875,-0.0023713111877441406,1779099294.8520725,-0.0014562606811523438,0.0,map,base_link,5.636740053828863,3.4324320196115994,0.0,2.7155624730422874
10.836315937999643,1779099294.9005904,1779099294.9005904,0.0,1779099294.9005904,0.0,1779099294.914197,-0.013606548309326172,1779099294.9129875,-0.012397050857543945,1779099294.911865,-0.011274576187133789,0.0,map,base_link,5.598840695606009,3.4500617069252293,0.0,2.7127797204557194
10.900256865999836,1779099294.9755466,1779099294.9755466,0.0,1779099294.9755466,0.0,1779099294.964281,0.01126551628112793,1779099294.9729877,0.0025589466094970703,1779099294.9717536,0.003793001174926758,0.0,map,base_link,5.5298442972782285,3.460749452353586,0.0,2.7069850605852213
10.946219430000383,1779099295.0255423,1779099295.000556,0.02498626708984375,1779099295.000556,0.02498626708984375,1779099295.0142834,0.011258840560913086,1779099295.0229876,0.002554655075073242,1779099295.0117733,0.013768911361694336,0.0,map,base_link,5.531352720859045,3.4763520260806615,0.0,2.6998153253011496
10.988317696000195,1779099295.0505407,1779099295.0505407,0.0,1779099295.0505407,0.0,1779099295.0642948,-0.013754129409790039,1779099295.0629876,-0.012446880340576172,1779099295.0520298,-0.0014891624450683594,0.0,map,base_link,5.49018339056443,3.4875901606922963,0.0,2.7002883250847467
11.050345597999694,1779099295.1255667,1779099295.1255665,2.384185791015625e-07,1779099295.1255665,2.384185791015625e-07,1779099295.1142845,0.011282205581665039,1779099295.1229875,0.002579212188720703,1779099295.112083,0.013483762741088867,0.0,map,base_link,5.4432382420393655,3.5178392166289587,0.0,2.7011274488808246
11.093597940000109,1779099295.1505787,1779099295.1505785,2.384185791015625e-07,1779099295.1505785,2.384185791015625e-07,1779099295.1642804,-0.013701677322387695,1779099295.1629875,-0.012408733367919922,1779099295.1721268,-0.021548032760620117,0.0,map,base_link,5.431673373774231,3.527041126226191,0.0,2.7039848801676145
11.14714302900029,1779099295.2255445,1779099295.2255445,0.0,1779099295.2255445,0.0,1779099295.2142968,0.011247634887695312,1779099295.2229877,0.0025568008422851562,1779099295.2118886,0.013655900955200195,0.0,map,base_link,5.385136179682293,3.529427446415514,0.0,2.711319598630074
11.200366359000327,1779099295.2755585,1779099295.2755585,0.0,1779099295.2755585,0.0,1779099295.2642767,0.011281728744506836,1779099295.2729876,0.0025708675384521484,1779099295.2720156,0.0035429000854492188,0.0,map,base_link,5.354711053588639,3.554229171507166,0.0,2.7202074207752798
11.243998779999856,1779099295.300554,1779099295.300554,0.0,1779099295.300554,0.0,1779099295.314301,-0.013746976852416992,1779099295.3229876,-0.02243351936340332,1779099295.3121066,-0.011552572250366211,0.0,map,base_link,5.336822526356235,3.553500153707395,0.0,2.7308675942721097
11.29726841899992,1779099295.3755324,1779099295.3755324,0.0,1779099295.3755324,0.0,1779099295.3642814,0.011250972747802734,1779099295.3729875,0.002544879913330078,1779099295.3719923,0.0035400390625,0.0,map,base_link,5.295340350961393,3.5734652956199167,0.0,2.7398324593872574
11.331258979999802,1779099295.400539,1779099295.400539,0.0,1779099295.400539,0.0,1779099295.3842864,0.016252517700195312,1779099295.4029875,-0.002448558807373047,1779099295.3919332,0.008605718612670898,0.0,map,base_link,5.2857660729972125,3.5741159156765923,0.0,2.749072424606662
11.396381485000347,1779099295.4754896,1779099295.4754896,0.0,1779099295.4754896,0.0,1779099295.4642568,0.011232852935791016,1779099295.4729877,0.002501964569091797,1779099295.471909,0.0035805702209472656,0.0,map,base_link,5.233007841477221,3.5909916000207716,0.0,2.763974159736841
11.44922805599981,1779099295.5255384,1779099295.5255384,0.0,1779099295.5255384,0.0,1779099295.5142815,0.011256933212280273,1779099295.5229876,0.002550840377807617,1779099295.511774,0.013764381408691406,0.0,map,base_link,5.2041550329172495,3.6015588066952553,0.0,2.7692277579584714
11.49382719300047,1779099295.5505524,1779099295.5505526,-2.384185791015625e-07,1779099295.5505526,-2.384185791015625e-07,1779099295.5643015,-0.013749122619628906,1779099295.5729876,-0.02243518829345703,1779099295.5717916,-0.021239280700683594,0.0,map,base_link,5.203859660922963,3.5932755414845143,0.0,2.7838798406259917
11.546322211000188,1779099295.625544,1779099295.6005292,0.025014877319335938,1779099295.6005292,0.025014877319335938,1779099295.6143248,0.011219263076782227,1779099295.6229875,0.0025565624237060547,1779099295.6117268,0.013817310333251953,0.0,map,base_link,5.186516687876027,3.606331654869603,0.0,2.79147966124909
11.599958331999915,1779099295.6755428,1779099295.6755428,0.0,1779099295.6755428,0.0,1779099295.6642985,0.01124429702758789,1779099295.6729875,0.002555370330810547,1779099295.6718314,0.0037114620208740234,0.0,map,base_link,5.127647915598668,3.6185004247246466,0.0,2.799968794207329
11.643972380999912,1779099295.7005455,1779099295.7005455,0.0,1779099295.7005455,0.0,1779099295.7143128,-0.013767242431640625,1779099295.7229877,-0.022442102432250977,1779099295.7117007,-0.011155128479003906,0.0,map,base_link,5.13031339105296,3.6159216613989713,0.0,2.8110458146302033
11.697467287999643,1779099295.77554,1779099295.77554,0.0,1779099295.77554,0.0,1779099295.7643037,0.011236429214477539,1779099295.7729876,0.002552509307861328,1779099295.7717466,0.003793478012084961,0.0,map,base_link,5.11163272589256,3.6221100655218286,0.0,2.8193243226478146
11.741762315000415,1779099295.8005428,1779099295.8005428,0.0,1779099295.8005428,0.0,1779099295.8142982,-0.013755321502685547,1779099295.8129876,-0.012444734573364258,1779099295.8068473,-0.006304502487182617,0.0,map,base_link,5.104030287084772,3.619951314093834,0.0,2.8269658928952768
11.795297329000277,1779099295.8505337,1779099295.8505337,0.0,1779099295.8505337,0.0,1779099295.8642998,-0.013766050338745117,1779099295.8729875,-0.022453784942626953,1779099295.8716998,-0.021166086196899414,0.0,map,base_link,5.1007159823478645,3.622011644807248,0.0,2.8320764780680303
11.847618568000144,1779099295.9255257,1779099295.9255257,0.0,1779099295.9255257,0.0,1779099295.9142952,0.01123046875,1779099295.9229875,0.0025382041931152344,1779099295.9116766,0.013849020004272461,0.0,map,base_link,5.096784629064374,3.6231801664760175,0.0,2.8342412275204585
11.891173858000002,1779099295.9505646,1779099295.9505644,2.384185791015625e-07,1779099295.9505644,2.384185791015625e-07,1779099295.9643257,-0.013761043548583984,1779099295.9629874,-0.012422800064086914,1779099295.9517224,-0.0011577606201171875,0.0,map,base_link,5.087872437890361,3.6283687865407264,0.0,2.83890420311612
11.943639437000456,1779099296.000557,1779099296.000557,0.0,1779099296.000557,0.0,1779099296.0143578,-0.013800859451293945,1779099296.0229876,-0.0224306583404541,1779099296.0115871,-0.011030197143554688,0.0,map,base_link,5.083571352438708,3.622782370129206,0.0,2.840348672201404
11.997496382000463,1779099296.075499,1779099296.0754988,2.384185791015625e-07,1779099296.0754988,2.384185791015625e-07,1779099296.0642564,0.01124262809753418,1779099296.0729876,0.0025115013122558594,1779099296.0717292,0.0037698745727539062,0.0,map,base_link,5.078835028572033,3.62342382689018,0.0,2.842497830925452
12.041080410000177,1779099296.1005504,1779099296.1005504,0.0,1779099296.1005504,0.0,1779099296.1143098,-0.013759374618530273,1779099296.1129875,-0.012437105178833008,1779099296.111586,-0.011035680770874023,0.0,map,base_link,5.073321937342264,3.623858168764648,0.0,2.842462171538792
12.096001765999972,1779099296.1755488,1779099296.150485,0.025063753128051758,1779099296.150485,0.025063753128051758,1779099296.164277,0.01127171516418457,1779099296.1729875,0.002561330795288086,1779099296.17178,0.0037686824798583984,0.0,map,base_link,5.075192552082609,3.629483589108113,0.0,2.842569814255212
12.148262714000339,1779099296.2255614,1779099296.2255614,0.0,1779099296.2255614,0.0,1779099296.214325,0.011236429214477539,1779099296.2229877,0.002573728561401367,1779099296.2116761,0.013885259628295898,0.0,map,base_link,5.075409909424074,3.6307110086492456,0.0,2.8425149044158027
12.191701755000395,1779099296.2504907,1779099296.2504904,2.384185791015625e-07,1779099296.2504904,2.384185791015625e-07,1779099296.2642305,-0.013739824295043945,1779099296.2629876,-0.0124969482421875,1779099296.2516677,-0.001177072525024414,0.0,map,base_link,5.078468094107995,3.6344013240533517,0.0,2.841997867223854
12.245257339999625,1779099296.3005686,1779099296.3005686,0.0,1779099296.3005686,0.0,1779099296.3142986,-0.013730049133300781,1779099296.3229876,-0.022418975830078125,1779099296.3115683,-0.010999679565429688,0.0,map,base_link,5.077822456858408,3.6280869719989823,0.0,2.8421994022323545
12.29878546800046,1779099296.3755424,1779099296.3755424,0.0,1779099296.3755424,0.0,1779099296.3642669,0.011275529861450195,1779099296.3729875,0.0025548934936523438,1779099296.3718266,0.0037157535552978516,0.0,map,base_link,5.078267610369068,3.629596171468352,0.0,2.841532225352975
12.344705024000177,1779099296.4005299,1779099296.4005299,0.0,1779099296.4005299,0.0,1779099296.4143503,-0.013820409774780273,1779099296.4229875,-0.022457599639892578,1779099296.411738,-0.011208057403564453,0.0,map,base_link,5.079085513621633,3.630722587670275,0.0,2.842098031011647
12.398419279000336,1779099296.4755938,1779099296.4755938,0.0,1779099296.4755938,0.0,1779099296.4743245,0.0012693405151367188,1779099296.4729877,0.0026061534881591797,1779099296.4715967,0.003997087478637695,0.0,map,base_link,5.077603084969822,3.6269232783966334,0.0,2.841644204585706
12.440612442000202,1779099296.5005734,1779099296.5005734,0.0,1779099296.5005734,0.0,1779099296.5142503,-0.013676881790161133,1779099296.5129876,-0.012414216995239258,1779099296.5117686,-0.011195182800292969,0.0,map,base_link,5.078621912930096,3.627433581644588,0.0,2.842000920492317
12.494078183000056,1779099296.5505483,1779099296.5505483,0.0,1779099296.5505483,0.0,1779099296.564325,-0.013776779174804688,1779099296.5729876,-0.022439241409301758,1779099296.5718756,-0.02132725715637207,0.0,map,base_link,5.080062431999444,3.6357181609101223,0.0,2.8417980529426794
12.54799296300007,1779099296.625543,1779099296.625543,0.0,1779099296.625543,0.0,1779099296.6143644,0.011178731918334961,1779099296.6229875,0.0025556087493896484,1779099296.6119702,0.013572931289672852,0.0,map,base_link,5.076074874994926,3.6208313023362306,0.0,2.841742318298738
12.591514044000178,1779099296.6505833,1779099296.6505833,0.0,1779099296.6505833,0.0,1779099296.6643503,-0.013767004013061523,1779099296.6629875,-0.012404203414916992,1779099296.6519194,-0.0013360977172851562,0.0,map,base_link,5.0806616441460655,3.6323046180050738,0.0,2.8424446779447488
12.643948463000015,1779099296.7005723,1779099296.7005723,0.0,1779099296.7005723,0.0,1779099296.7143445,-0.013772249221801758,1779099296.7229877,-0.0224153995513916,1779099296.7118936,-0.011321306228637695,0.0,map,base_link,5.080364267728135,3.6336444127354723,0.0,2.8415819093954946
12.697542888000498,1779099296.7754662,1779099296.7754662,0.0,1779099296.7754662,0.0,1779099296.764338,0.01112818717956543,1779099296.7729876,0.0024785995483398438,1779099296.7718735,0.0035927295684814453,0.0,map,base_link,5.076527929483907,3.6266216422265853,0.0,2.8419161437720812
12.745288625000285,1779099296.8005764,1779099296.8005764,0.0,1779099296.8005764,0.0,1779099296.814325,-0.013748645782470703,1779099296.8229876,-0.022411108016967773,1779099296.8118892,-0.011312723159790039,0.0,map,base_link,5.0755113583586695,3.62985984931937,0.0,2.8423479553898217
12.797623479999856,1779099296.875567,1779099296.8755672,-2.384185791015625e-07,1779099296.8755672,-2.384185791015625e-07,1779099296.8743281,0.0012388229370117188,1779099296.8729875,0.0025794506072998047,1779099296.8718243,0.003742694854736328,0.0,map,base_link,5.071362638576591,3.6251258103820194,0.0,2.8423105912971756
12.841552939999929,1779099296.9005413,1779099296.9005413,0.0,1779099296.9005413,0.0,1779099296.9143314,-0.013790130615234375,1779099296.9129875,-0.012446165084838867,1779099296.911827,-0.011285781860351562,0.0,map,base_link,5.070658808784202,3.6360903234912927,0.0,2.8450032259035845
12.893974749000336,1779099296.9505496,1779099296.9505496,0.0,1779099296.9505496,0.0,1779099296.9643178,-0.013768196105957031,1779099296.9729877,-0.02243804931640625,1779099296.9720798,-0.0215301513671875,0.0,map,base_link,5.052236089151551,3.6344094365775117,0.0,2.8446427828752925
12.948070518999884,1779099297.0255384,1779099297.0255387,-2.384185791015625e-07,1779099297.0255387,-2.384185791015625e-07,1779099297.0242496,0.0012888908386230469,1779099297.0229876,0.002550840377807617,1779099297.0121078,0.013430595397949219,0.0,map,base_link,5.028210623585189,3.650456379982514,0.0,2.8464323693734
12.992020521000086,1779099297.050544,1779099297.050544,0.0,1779099297.050544,0.0,1779099297.0643384,-0.013794422149658203,1779099297.0629876,-0.01244354248046875,1779099297.051894,-0.0013499259948730469,0.0,map,base_link,5.014288163667228,3.6475770336259834,0.0,2.8478185871298276
13.044414230000257,1779099297.1004665,1779099297.1004665,0.0,1779099297.1004665,0.0,1779099297.1243458,-0.023879289627075195,1779099297.1229875,-0.022521018981933594,1779099297.111692,-0.011225461959838867,0.0,map,base_link,4.990130031595994,3.6566121299774856,0.0,2.8478989033000914
13.099810161000278,1779099297.175646,1779099297.175646,0.0,1779099297.175646,0.0,1779099297.17425,0.00139617919921875,1779099297.1729875,0.0026586055755615234,1779099297.1720085,0.003637552261352539,0.0,map,base_link,4.955571003551244,3.6669286945394926,0.0,2.8520569819251342
13.143783260000419,1779099297.2005646,1779099297.2005646,0.0,1779099297.2005646,0.0,1779099297.2142537,-0.013689041137695312,1779099297.2229877,-0.02242302894592285,1779099297.2116618,-0.011097192764282227,0.0,map,base_link,4.941420786342338,3.671951157900512,0.0,2.8526903236318155
13.196353665999595,1779099297.2755613,1779099297.2505329,0.025028467178344727,1779099297.2505329,0.025028467178344727,1779099297.274341,0.0012202262878417969,1779099297.2729876,0.002573728561401367,1779099297.2668376,0.008723735809326172,0.0,map,base_link,4.91916102308721,3.670933584143463,0.0,2.853098482694631
13.250298844999634,1779099297.3255873,1779099297.3255873,0.0,1779099297.3255873,0.0,1779099297.3244367,0.0011506080627441406,1779099297.3229876,0.0025997161865234375,1779099297.3121405,0.013446807861328125,0.0,map,base_link,4.879413237432285,3.6917387045325363,0.0,2.8558460976375972
13.294136997999885,1779099297.3505588,1779099297.3505588,0.0,1779099297.3505588,0.0,1779099297.3744411,-0.023882389068603516,1779099297.3729875,-0.02242875099182129,1779099297.371901,-0.02134227752685547,0.0,map,base_link,4.860832422166198,3.6885553548052985,0.0,2.860937576939211
13.348545822000233,1779099297.4255729,1779099297.4255729,0.0,1779099297.4255729,0.0,1779099297.4244165,0.0011563301086425781,1779099297.4229875,0.0025854110717773438,1779099297.4118555,0.013717412948608398,0.0,map,base_link,4.820982965985118,3.6948948606706566,0.0,2.86327794010457
13.393332341999667,1779099297.4505572,1779099297.4505572,0.0,1779099297.4505572,0.0,1779099297.4744492,-0.023891925811767578,1779099297.4629874,-0.012430191040039062,1779099297.4721768,-0.021619558334350586,0.0,map,base_link,4.812316044520019,3.7084007408012294,0.0,2.865966931333266
13.446678799999972,1779099297.5255609,1779099297.5255609,0.0,1779099297.5255609,0.0,1779099297.524346,0.001214742660522461,1779099297.5229876,0.002573251724243164,1779099297.5119462,0.013614654541015625,0.0,map,base_link,4.778550902520421,3.716504408113484,0.0,2.866398009083079
13.49252486899968,1779099297.5505793,1779099297.5505793,0.0,1779099297.5505793,0.0,1779099297.5743494,-0.02377009391784668,1779099297.5629876,-0.012408256530761719,1779099297.571908,-0.02132868766784668,0.0,map,base_link,4.7570673672879,3.7151679683557206,0.0,2.869903365345235
13.547583602000486,1779099297.6255803,1779099297.6255803,0.0,1779099297.6255803,0.0,1779099297.6243665,0.0012137889862060547,1779099297.6229875,0.002592802047729492,1779099297.61166,0.013920307159423828,0.0,map,base_link,4.722460314438286,3.7374535293105655,0.0,2.8653300064351908
13.600401962999968,1779099297.6755552,1779099297.6755552,0.0,1779099297.6755552,0.0,1779099297.6742773,0.001277923583984375,1779099297.6729875,0.002567768096923828,1779099297.6719234,0.0036318302154541016,0.0,map,base_link,4.715517356637905,3.731431952418477,0.0,2.8645641677428295
13.644336866999765,1779099297.7005851,1779099297.7005851,0.0,1779099297.7005851,0.0,1779099297.7143745,-0.01378941535949707,1779099297.7229877,-0.022402524948120117,1779099297.7117484,-0.01116323471069336,0.0,map,base_link,4.6937140288591745,3.7604096444704815,0.0,2.858041004707136
13.699208910999914,1779099297.7755463,1779099297.7755463,0.0,1779099297.7755463,0.0,1779099297.7743933,0.0011529922485351562,1779099297.7729876,0.0025587081909179688,1779099297.77173,0.003816366195678711,0.0,map,base_link,4.648013767658254,3.7609001946208225,0.0,2.849288946880668
13.742308920000141,1779099297.8005345,1779099297.8005345,0.0,1779099297.8005345,0.0,1779099297.794347,0.00618743896484375,1779099297.8129876,-0.012453079223632812,1779099297.8119254,-0.011390924453735352,0.0,map,base_link,4.641101357169869,3.7721875954080453,0.0,2.844558243252342
13.798512815999857,1779099297.875549,1779099297.875549,0.0,1779099297.875549,0.0,1779099297.874367,0.0011820793151855469,1779099297.8729875,0.0025615692138671875,1779099297.8718066,0.0037424564361572266,0.0,map,base_link,4.602308544980961,3.7896587976284173,0.0,2.8289204553157683
13.841803964999599,1779099297.9004674,1779099297.9004674,0.0,1779099297.9004674,0.0,1779099297.894365,0.006102323532104492,1779099297.9129875,-0.012520074844360352,1779099297.911741,-0.011273622512817383,0.0,map,base_link,4.630827370357703,3.7772914187246642,0.0,2.8238529307987124
13.89777782300007,1779099297.9754732,1779099297.9754732,0.0,1779099297.9754732,0.0,1779099297.97437,0.0011031627655029297,1779099297.9729877,0.002485513687133789,1779099297.9717348,0.0037384033203125,0.0,map,base_link,4.582996736433261,3.8035531978033097,0.0,2.808821999358493
13.952118635999796,1779099298.0254648,1779099298.0254648,0.0,1779099298.0254648,0.0,1779099298.024457,0.0010077953338623047,1779099298.0229876,0.0024771690368652344,1779099298.0117612,0.013703584671020508,0.0,map,base_link,4.595274398407689,3.813152141503039,0.0,2.8044541849757705
13.99738981199971,1779099298.0755174,1779099298.0755174,0.0,1779099298.0755174,0.0,1779099298.0744035,0.0011138916015625,1779099298.0729876,0.0025298595428466797,1779099298.0716448,0.0038726329803466797,0.0,map,base_link,4.592914034637959,3.8085806731703826,0.0,2.7920331078605742
14.050839217999965,1779099298.1254942,1779099298.1254942,0.0,1779099298.1254942,0.0,1779099298.1243854,0.0011088848114013672,1779099298.1229875,0.002506732940673828,1779099298.1118383,0.013655900955200195,0.0,map,base_link,4.596725989780779,3.8013140820894438,0.0,2.7892914470165553
14.094797753999956,1779099298.150482,1779099298.150482,0.0,1779099298.150482,0.0,1779099298.174382,-0.02390003204345703,1779099298.1729875,-0.022505521774291992,1779099298.171818,-0.021336078643798828,0.0,map,base_link,3.064950468563337,3.035486768808518,0.0,2.9230360190712075
14.14919331100009,1779099298.2255404,1779099298.2255404,0.0,1779099298.2255404,0.0,1779099298.2242935,0.0012469291687011719,1779099298.2229877,0.0025527477264404297,1779099298.2118394,0.01370096206665039,0.0,map,base_link,3.054558908138633,3.039200161776811,0.0,2.9188807339058176
14.194666436000261,1779099298.2505345,1779099298.2505343,2.384185791015625e-07,1779099298.2505343,2.384185791015625e-07,1779099298.274274,-0.02373957633972168,1779099298.2729876,-0.02245306968688965,1779099298.271784,-0.02124953269958496,0.0,map,base_link,3.0491558925913367,3.044791530374184,0.0,2.9157106670623274
14.247315130000061,1779099298.325525,1779099298.3005147,0.025010347366333008,1779099298.3005147,0.025010347366333008,1779099298.3244665,0.0010585784912109375,1779099298.3229876,0.0025374889373779297,1779099298.3119872,0.013537883758544922,0.0,map,base_link,3.0451968561944103,3.0508221429786757,0.0,2.913315022025756
14.292392051000206,1779099298.3505275,1779099298.3505275,0.0,1779099298.3505275,0.0,1779099298.3443422,0.006185293197631836,1779099298.3629875,-0.012459993362426758,1779099298.351878,-0.00135040283203125,0.0,map,base_link,3.031257384644599,3.0498943488021366,0.0,2.9063848371159433
14.349663486000281,1779099298.4254894,1779099298.4254892,2.384185791015625e-07,1779099298.4254892,2.384185791015625e-07,1779099298.424491,0.0009984970092773438,1779099298.4229875,0.002501964569091797,1779099298.4118023,0.0136871337890625,0.0,map,base_link,3.0018916317692,3.0679861356335896,0.0,2.892707156131831
14.393284783999661,1779099298.450533,1779099298.450533,0.0,1779099298.450533,0.0,1779099298.474521,-0.023988008499145508,1779099298.4629874,-0.012454509735107422,1779099298.4717512,-0.021218299865722656,0.0,map,base_link,2.9975370955808387,3.0670192363494895,0.0,2.8864538468764733
14.448609682000097,1779099298.5255458,1779099298.525546,-2.384185791015625e-07,1779099298.525546,-2.384185791015625e-07,1779099298.5244064,0.0011394023895263672,1779099298.5229876,0.0025582313537597656,1779099298.5118878,0.01365804672241211,0.0,map,base_link,2.966875630791013,3.089699769172461,0.0,2.8647824701635622
14.490820910000366,1779099298.5505264,1779099298.5505264,0.0,1779099298.5505264,0.0,1779099298.5443938,0.006132602691650391,1779099298.5629876,-0.012461185455322266,1779099298.551741,-0.0012145042419433594,0.0,map,base_link,2.9592496735799294,3.088780275085362,0.0,2.8562957903150807
14.548294348000127,1779099298.6255286,1779099298.6255286,0.0,1779099298.6255286,0.0,1779099298.6243849,0.0011436939239501953,1779099298.6229875,0.002541065216064453,1779099298.61192,0.013608455657958984,0.0,map,base_link,2.9347620175480547,3.10964289574982,0.0,2.83254530785645
14.590901532999851,1779099298.650522,1779099298.650522,0.0,1779099298.650522,0.0,1779099298.6442869,0.0062351226806640625,1779099298.6629875,-0.012465476989746094,1779099298.6522627,-0.0017406940460205078,0.0,map,base_link,2.9199326659637768,3.1262062357295397,0.0,2.8229900180680847
14.648077718000422,1779099298.725529,1779099298.725529,0.0,1779099298.725529,0.0,1779099298.7243009,0.0012280941009521484,1779099298.7229877,0.0025413036346435547,1779099298.711717,0.013812065124511719,0.0,map,base_link,2.8951941887551005,3.1346290420478446,0.0,2.7918516037995755
14.680663488999926,1779099298.750559,1779099298.750559,0.0,1779099298.750559,0.0,1779099298.7444015,0.006157636642456055,1779099298.7529876,-0.0024285316467285156,1779099298.7521245,-0.0015654563903808594,0.0,map,base_link,2.884209859455604,3.1394212952785305,0.0,2.782465327509587
14.748199902000124,1779099298.8255506,1779099298.8255506,0.0,1779099298.8255506,0.0,1779099298.8242946,0.0012559890747070312,1779099298.8229876,0.002562999725341797,1779099298.826838,-0.0012874603271484375,0.0,map,base_link,2.868261211820033,3.1641848582442,0.0,2.7493041922161665
14.791385546000129,1779099298.850516,1779099298.850516,0.0,1779099298.850516,0.0,1779099298.8444035,0.006112575531005859,1779099298.8629875,-0.012471437454223633,1779099298.8519351,-0.0014190673828125,0.0,map,base_link,2.845027018583396,3.176084176780134,0.0,2.7367355660786683
14.849562096000227,1779099298.925576,1779099298.925576,0.0,1779099298.925576,0.0,1779099298.9243808,0.0011951923370361328,1779099298.9229875,0.002588510513305664,1779099298.9116323,0.013943672180175781,0.0,map,base_link,2.8252808031801795,3.1997056706602804,0.0,2.6981599302079133
14.892661443999714,1779099298.950475,1779099298.9504752,-2.384185791015625e-07,1779099298.9504752,-2.384185791015625e-07,1779099298.9744194,-0.023944377899169922,1779099298.9629874,-0.012512445449829102,1779099298.9719026,-0.021427631378173828,0.0,map,base_link,2.814529908289302,3.2115216934546464,0.0,2.683808213345485
14.948292347999995,1779099299.025763,1779099299.025763,0.0,1779099299.025763,0.0,1779099299.0244017,0.0013613700866699219,1779099299.0229876,0.002775430679321289,1779099299.0118732,0.013889789581298828,0.0,map,base_link,2.783298025421151,3.2432394348000684,0.0,2.653997734852485
14.981372334000298,1779099299.0505784,1779099299.0505784,0.0,1779099299.0505784,0.0,1779099299.0443811,0.006197214126586914,1779099299.0529876,-0.002409219741821289,1779099299.0517542,-0.0011758804321289062,0.0,map,base_link,2.777118057112447,3.2592800945475857,0.0,2.6398590804780753
15.04677626099965,1779099299.1255364,1779099299.1255364,0.0,1779099299.1255364,0.0,1779099299.124392,0.0011444091796875,1779099299.1229875,0.0025489330291748047,1779099299.1117728,0.013763666152954102,0.0,map,base_link,2.7482576525819082,3.281343884717013,0.0,2.6094983617393512
15.094326647999878,1779099299.150618,1779099299.150618,0.0,1779099299.150618,0.0,1779099299.174424,-0.023805856704711914,1779099299.1729875,-0.022369384765625,1779099299.171656,-0.021037817001342773,0.0,map,base_link,2.73886354631232,3.298905893918418,0.0,2.563314320149792
15.14751686100044,1779099299.2254643,1779099299.2254643,0.0,1779099299.2254643,0.0,1779099299.224399,0.0010652542114257812,1779099299.2229877,0.0024766921997070312,1779099299.2067337,0.018730640411376953,0.0,map,base_link,2.7187881275118126,3.3204868882568768,0.0,2.5475300377283085
15.194114640000407,1779099299.2504609,1779099299.250461,-2.384185791015625e-07,1779099299.250461,-2.384185791015625e-07,1779099299.2744057,-0.023944854736328125,1779099299.2729876,-0.02252674102783203,1779099299.2718558,-0.021394968032836914,0.0,map,base_link,2.706568906988262,3.341569328435319,0.0,2.497944344974032
15.247835387999658,1779099299.325564,1779099299.325564,0.0,1779099299.325564,0.0,1779099299.3243897,0.0011742115020751953,1779099299.3229876,0.0025763511657714844,1779099299.3118348,0.013729095458984375,0.0,map,base_link,2.6842182147758926,3.3820127969501517,0.0,2.481297575305093
15.280620241000179,1779099299.3505516,1779099299.3505516,0.0,1779099299.3505516,0.0,1779099299.344375,0.00617671012878418,1779099299.3529875,-0.002435922622680664,1779099299.3518057,-0.0012540817260742188,0.0,map,base_link,2.6472551025467617,3.4131423529640674,0.0,2.463916121552054
15.348181143999682,1779099299.4255269,1779099299.4255269,0.0,1779099299.4255269,0.0,1779099299.4243877,0.0011391639709472656,1779099299.4229875,0.002539396286010742,1779099299.411948,0.01357889175415039,0.0,map,base_link,2.6436767409486643,3.4597834011957778,0.0,2.4086921480463634
15.394647883999824,1779099299.4505236,1779099299.4505236,0.0,1779099299.4505236,0.0,1779099299.4744081,-0.02388453483581543,1779099299.4729877,-0.02246403694152832,1779099299.4717336,-0.0212099552154541,0.0,map,base_link,2.6256724906434394,3.4593197472900914,0.0,2.3658301881749377
15.45008232300006,1779099299.5254753,1779099299.5254753,0.0,1779099299.5254753,0.0,1779099299.5243902,0.001085042953491211,1779099299.5229876,0.002487659454345703,1779099299.5118818,0.013593435287475586,0.0,map,base_link,2.5999223637413635,3.543338930827572,0.0,2.321207286244461
15.494672517999788,1779099299.5504658,1779099299.5504658,0.0,1779099299.5504658,0.0,1779099299.5744157,-0.023949861526489258,1779099299.5729876,-0.0225217342376709,1779099299.5718656,-0.021399736404418945,0.0,map,base_link,2.5831708251783088,3.5618618412184375,0.0,2.2738984064944803
15.550129606000155,1779099299.6254714,1779099299.6254714,0.0,1779099299.6254714,0.0,1779099299.624397,0.0010743141174316406,1779099299.6229875,0.002483844757080078,1779099299.611952,0.013519287109375,0.0,map,base_link,2.5349793303208488,3.662646969798798,0.0,2.2235562126773094
15.594583979000163,1779099299.650526,1779099299.650526,0.0,1779099299.650526,0.0,1779099299.6744063,-0.0238802433013916,1779099299.6729875,-0.022461414337158203,1779099299.6717896,-0.021263599395751953,0.0,map,base_link,2.5328512984405807,3.712345198138478,0.0,2.167948243661658
15.64981528699991,1779099299.725559,1779099299.725559,0.0,1779099299.725559,0.0,1779099299.7244031,0.001155853271484375,1779099299.7229877,0.0025713443756103516,1779099299.711789,0.013770103454589844,0.0,map,base_link,2.526938392417616,3.7417275569601984,0.0,2.1150255064741317
15.694871028999842,1779099299.7504706,1779099299.7504704,2.384185791015625e-07,1779099299.7504704,2.384185791015625e-07,1779099299.7743773,-0.023906707763671875,1779099299.7729876,-0.022516965866088867,1779099299.7719564,-0.02148580551147461,0.0,map,base_link,2.4913127766931433,3.8582244650365003,0.0,2.0622721712385377
15.750134277000143,1779099299.8255615,1779099299.8255615,0.0,1779099299.8255615,0.0,1779099299.8244019,0.00115966796875,1779099299.8229876,0.0025739669799804688,1779099299.8116672,0.013894319534301758,0.0,map,base_link,2.4501447467383315,4.012420263683662,0.0,2.0088516610843037
15.797197353000229,1779099299.875541,1779099299.875541,0.0,1779099299.875541,0.0,1779099299.874413,0.0011279582977294922,1779099299.8729875,0.0025534629821777344,1779099299.871672,0.0038690567016601562,0.0,map,base_link,2.4821634273111073,3.999941897233907,0.0,1.9280446766692603
15.851638045000072,1779099299.9254727,1779099299.9254727,0.0,1779099299.9254727,0.0,1779099299.9244037,0.0010690689086914062,1779099299.9229875,0.0024852752685546875,1779099299.9117465,0.013726234436035156,0.0,map,base_link,2.4609513206596976,4.063397001073363,0.0,1.9010433963351696
15.89791312000034,1779099299.9754736,1779099299.9754736,0.0,1779099299.9754736,0.0,1779099299.9744017,0.001071929931640625,1779099299.9729877,0.002485990524291992,1779099299.9717808,0.0036928653717041016,0.0,map,base_link,2.460003794227073,4.20798107085174,0.0,1.8286860988875129
15.951548607000404,1779099300.0256052,1779099300.0256052,0.0,1779099300.0256052,0.0,1779099300.024456,0.0011491775512695312,1779099300.0229876,0.0026175975799560547,1779099300.0118566,0.013748645782470703,0.0,map,base_link,2.470584803104754,4.183129756395357,0.0,1.8073228061577187
15.997313683000357,1779099300.0755847,1779099300.0755847,0.0,1779099300.0755847,0.0,1779099300.0744102,0.0011744499206542969,1779099300.0729876,0.0025970935821533203,1779099300.0719182,0.003666400909423828,0.0,map,base_link,2.4587233107765645,4.305621460097224,0.0,1.7480722361836627
16.050506784999925,1779099300.1256473,1779099300.1256473,0.0,1779099300.1256473,0.0,1779099300.124406,0.0012412071228027344,1779099300.1229875,0.0026597976684570312,1779099300.1116414,0.014005899429321289,0.0,map,base_link,2.4576133363127664,4.356611059145891,0.0,1.7369083250940776
16.10728746299992,1779099300.1754708,1779099300.1754708,0.0,1779099300.1754708,0.0,1779099300.1744072,0.0010635852813720703,1779099300.1829875,-0.007516622543334961,1779099300.1718585,0.0036122798919677734,0.0,map,base_link,2.4556065086255217,4.433189094032445,0.0,1.7143469029194713
16.14941811100016,1779099300.2255332,1779099300.2255332,0.0,1779099300.2255332,0.0,1779099300.224321,0.0012123584747314453,1779099300.2229877,0.002545595169067383,1779099300.2119615,0.013571739196777344,0.0,map,base_link,2.446577610738193,4.465111880783017,0.0,1.706632923001613
16.192720478999945,1779099300.250464,1779099300.250464,0.0,1779099300.250464,0.0,1779099300.2744172,-0.02395319938659668,1779099300.2629876,-0.012523651123046875,1779099300.271876,-0.021412134170532227,0.0,map,base_link,2.4548438013762643,4.486723801705799,0.0,1.691740805587463
16.25740103499993,1779099300.3255212,1779099300.3255212,0.0,1779099300.3255212,0.0,1779099300.3244283,0.0010929107666015625,1779099300.3329875,-0.007466316223144531,1779099300.331737,-0.006215810775756836,0.0,map,base_link,2.444028735872654,4.570577826436757,0.0,1.681406767284935
16.28080782699999,1779099300.3504596,1779099300.3504596,0.0,1779099300.3504596,0.0,1779099300.3543844,-0.003924846649169922,1779099300.3529875,-0.002527952194213867,1779099300.3518674,-0.0014078617095947266,0.0,map,base_link,2.4487249739631602,4.592670524164662,0.0,1.6749711735998116
16.34479571799966,1779099300.4004617,1779099300.4004617,0.0,1779099300.4004617,0.0,1779099300.4244297,-0.023967981338500977,1779099300.4229875,-0.022525787353515625,1779099300.4118505,-0.011388778686523438,0.0,map,base_link,2.4512093786298665,4.6394614874313,0.0,1.6708234236082389
16.39928306300044,1779099300.4754612,1779099300.4754612,0.0,1779099300.4754612,0.0,1779099300.4744108,0.0010504722595214844,1779099300.4729877,0.002473592758178711,1779099300.4716513,0.0038099288940429688,0.0,map,base_link,2.433745855014063,4.726373028964089,0.0,1.664519734311016
16.45576387300025,1779099300.5255365,1779099300.5255365,0.0,1779099300.5255365,0.0,1779099300.5244148,0.0011217594146728516,1779099300.5329876,-0.007451057434082031,1779099300.5318892,-0.006352663040161133,0.0,map,base_link,2.4376516107067623,4.747551174834133,0.0,1.6618470901029192
16.50824928899965,1779099300.575536,1779099300.575536,0.0,1779099300.575536,0.0,1779099300.5744114,0.0011246204376220703,1779099300.5829875,-0.007451534271240234,1779099300.571847,0.0036890506744384766,0.0,map,base_link,2.440403651471593,4.796481945395231,0.0,1.6613500535520194
16.541665198000373,1779099300.6004622,1779099300.6004622,0.0,1779099300.6004622,0.0,1779099300.5944178,0.0060443878173828125,1779099300.6129875,-0.012525320053100586,1779099300.6116264,-0.011164188385009766,0.0,map,base_link,2.434451101111078,4.809090349113853,0.0,1.6640198111379898
16.60555678200035,1779099300.6755264,1779099300.6755264,0.0,1779099300.6755264,0.0,1779099300.6744113,0.0011150836944580078,1779099300.6829875,-0.007461071014404297,1779099300.6717901,0.003736257553100586,0.0,map,base_link,2.431904927864,4.866065972859188,0.0,1.6643923947832646
16.65963931999977,1779099300.725528,1779099300.725528,0.0,1779099300.725528,0.0,1779099300.7244394,0.0010886192321777344,1779099300.7329876,-0.0074596405029296875,1779099300.731875,-0.006346940994262695,0.0,map,base_link,2.4246826531559673,4.916621487642486,0.0,1.6641857796586104
16.7056627689999,1779099300.7754629,1779099300.7754629,0.0,1779099300.7754629,0.0,1779099300.7744489,0.0010139942169189453,1779099300.7829876,-0.007524728775024414,1779099300.771834,0.003628969192504883,0.0,map,base_link,2.4248557713072003,4.940506063947633,0.0,1.669172083183647
16.74730133600042,1779099300.8254511,1779099300.8254511,0.0,1779099300.8254511,0.0,1779099300.8244548,0.0009963512420654297,1779099300.8229876,0.0024635791778564453,1779099300.8116817,0.013769388198852539,0.0,map,base_link,2.415339217784565,4.979429599769866,0.0,1.669542024144417
16.800892971000394,1779099300.8754508,1779099300.8754508,0.0,1779099300.8754508,0.0,1779099300.8744292,0.0010216236114501953,1779099300.8729875,0.0024633407592773438,1779099300.871691,0.0037598609924316406,0.0,map,base_link,2.416893181230291,5.017949654698868,0.0,1.67259714066273
16.85478228700049,1779099300.925455,1779099300.925455,0.0,1779099300.925455,0.0,1779099300.9244175,0.00103759765625,1779099300.9329875,-0.007532358169555664,1779099300.9316702,-0.006215095520019531,0.0,map,base_link,2.4196101118797193,5.0527332723287195,0.0,1.6764507885959457
16.89704452299975,1779099300.9754498,1779099300.9754498,0.0,1779099300.9754498,0.0,1779099300.9744475,0.0010023117065429688,1779099300.9729877,0.002462148666381836,1779099300.9718192,0.0036306381225585938,0.0,map,base_link,2.4116870767941903,5.090151887361624,0.0,1.6776489829757917
16.960713043000396,1779099301.0254517,1779099301.0254517,0.0,1779099301.0254517,0.0,1779099301.0244088,0.0010428428649902344,1779099301.0329876,-0.0075359344482421875,1779099301.0317557,-0.006304025650024414,0.0,map,base_link,2.404007406218726,5.126502947344608,0.0,1.6763007871546285
17.004271206999874,1779099301.0754542,1779099301.075454,2.384185791015625e-07,1779099301.075454,2.384185791015625e-07,1779099301.074415,0.001039266586303711,1779099301.0829875,-0.00753331184387207,1779099301.0718114,0.0036427974700927734,0.0,map,base_link,2.398567003892998,5.168745105487117,0.0,1.67720067286414
17.058252255999832,1779099301.1254485,1779099301.1254485,0.0,1779099301.1254485,0.0,1779099301.124455,0.000993490219116211,1779099301.1329875,-0.007539033889770508,1779099301.1318498,-0.0064013004302978516,0.0,map,base_link,2.4030151746350743,5.2011379359373215,0.0,1.680155855919716
17.11073361400031,1779099301.175459,1779099301.175459,0.0,1779099301.175459,0.0,1779099301.1744218,0.0010371208190917969,1779099301.1829875,-0.007528543472290039,1779099301.171705,0.0037539005279541016,0.0,map,base_link,2.394094825535168,5.237915808140776,0.0,1.6808273481367015
17.156006133999654,1779099301.2254605,1779099301.2254605,0.0,1779099301.2254605,0.0,1779099301.2244542,0.0010063648223876953,1779099301.2329876,-0.00752711296081543,1779099301.2319314,-0.006470918655395508,0.0,map,base_link,2.3923415809322304,5.2714181602182855,0.0,1.6820793634737734
17.208405717999995,1779099301.2755165,1779099301.2755165,0.0,1779099301.2755165,0.0,1779099301.27455,0.0009665489196777344,1779099301.2829876,-0.0074710845947265625,1779099301.2718415,0.0036749839782714844,0.0,map,base_link,2.393772932257833,5.309172380852802,0.0,1.683994868660469
17.251683841999693,1779099301.3255196,1779099301.3255196,0.0,1779099301.3255196,0.0,1779099301.3245254,0.0009942054748535156,1779099301.3229876,0.0025320053100585938,1779099301.3118143,0.013705253601074219,0.0,map,base_link,2.391246021786091,5.340082739920863,0.0,1.6852738872354969
17.305766937000044,1779099301.3755164,1779099301.3755164,0.0,1779099301.3755164,0.0,1779099301.3744457,0.0010707378387451172,1779099301.3829875,-0.0074710845947265625,1779099301.3718903,0.003626108169555664,0.0,map,base_link,2.378682507633295,5.373473426575507,0.0,1.6882742839701521
17.35934199300027,1779099301.4255545,1779099301.4255545,0.0,1779099301.4255545,0.0,1779099301.4244769,0.0010776519775390625,1779099301.4329875,-0.0074329376220703125,1779099301.4317718,-0.006217241287231445,0.0,map,base_link,2.3757799800755235,5.411856322873805,0.0,1.6900163926337017
17.4059975830005,1779099301.4754655,1779099301.4754655,0.0,1779099301.4754655,0.0,1779099301.4744487,0.001016855239868164,1779099301.4829876,-0.007522106170654297,1779099301.4716487,0.003816843032836914,0.0,map,base_link,2.3723602066885237,5.435564851630467,0.0,1.6933273998174878
17.45976809700005,1779099301.5255215,1779099301.5255215,0.0,1779099301.5255215,0.0,1779099301.524415,0.0011065006256103516,1779099301.5329876,-0.00746607780456543,1779099301.5316103,-0.006088733673095703,0.0,map,base_link,2.366364592863432,5.4727776527211995,0.0,1.6988043455481554
17.501939382999808,1779099301.5755196,1779099301.5755196,0.0,1779099301.5755196,0.0,1779099301.5744338,0.0010857582092285156,1779099301.5729876,0.0025320053100585938,1779099301.571645,0.003874540328979492,0.0,map,base_link,2.3648945055660224,5.495168568665005,0.0,1.6997763132235524
17.555470750000495,1779099301.6255195,1779099301.6255195,0.0,1779099301.6255195,0.0,1779099301.624452,0.0010673999786376953,1779099301.6329875,-0.007467985153198242,1779099301.6315854,-0.006065845489501953,0.0,map,base_link,2.356678746925061,5.524841684456132,0.0,1.7056904204519738
17.607825060999858,1779099301.6755238,1779099301.6755235,2.384185791015625e-07,1779099301.6755235,2.384185791015625e-07,1779099301.674513,0.0010106563568115234,1779099301.6829875,-0.007463693618774414,1779099301.6715982,0.0039255619049072266,0.0,map,base_link,2.360375562582428,5.5507259337137445,0.0,1.7061052688676117
17.651374549999673,1779099301.725518,1779099301.725518,0.0,1779099301.725518,0.0,1779099301.724453,0.0010650157928466797,1779099301.7229877,0.002530336380004883,1779099301.7117472,0.013770818710327148,0.0,map,base_link,2.351386706769989,5.581856930715943,0.0,1.709373669377847
17.704978652000136,1779099301.7755146,1779099301.7755146,0.0,1779099301.7755146,0.0,1779099301.7743611,0.0011534690856933594,1779099301.7829876,-0.007472991943359375,1779099301.771915,0.0035996437072753906,0.0,map,base_link,2.3433900435765,5.627144169193072,0.0,1.716636522952598
17.75914849200035,1779099301.825531,1779099301.825531,0.0,1779099301.825531,0.0,1779099301.8244445,0.0010864734649658203,1779099301.8329875,-0.007456541061401367,1779099301.831849,-0.006318092346191406,0.0,map,base_link,2.3371669929986183,5.6488925879711465,0.0,1.7197097358421667
17.805393200999788,1779099301.875523,1779099301.875523,0.0,1779099301.875523,0.0,1779099301.874449,0.001074075698852539,1779099301.8829875,-0.007464408874511719,1779099301.8717313,0.00379180908203125,0.0,map,base_link,2.3321454961225365,5.691533628387528,0.0,1.733394233263719
17.85943620800026,1779099301.9255428,1779099301.9255428,0.0,1779099301.9255428,0.0,1779099301.9244437,0.0010991096496582031,1779099301.9329875,-0.007444620132446289,1779099301.9317389,-0.006196022033691406,0.0,map,base_link,2.3188428935221843,5.732865693278724,0.0,1.7401210509624732
17.901759948999825,1779099301.9755206,1779099301.9755206,0.0,1779099301.9755206,0.0,1779099301.9744427,0.001077890396118164,1779099301.9729877,0.002532958984375,1779099301.971749,0.003771543502807617,0.0,map,base_link,2.3134458135174336,5.75496968620483,0.0,1.7454479915019927
17.955195000999993,1779099302.0255208,1779099302.0255208,0.0,1779099302.0255208,0.0,1779099302.0244403,0.0010805130004882812,1779099302.0329876,-0.007466793060302734,1779099302.0317101,-0.0061893463134765625,0.0,map,base_link,2.302637183340777,5.803310596172993,0.0,1.7521962976716927
18.007323247000386,1779099302.0755212,1779099302.0755212,0.0,1779099302.0755212,0.0,1779099302.0744429,0.0010783672332763672,1779099302.0829875,-0.007466316223144531,1779099302.0716982,0.0038230419158935547,0.0,map,base_link,2.286326116127243,5.87654091148522,0.0,1.7547113008549322
18.05100563799988,1779099302.1255248,1779099302.1255248,0.0,1779099302.1255248,0.0,1779099302.124435,0.0010898113250732422,1779099302.1229875,0.002537250518798828,1779099302.1268246,-0.0012998580932617188,0.0,map,base_link,2.2760230132160206,5.914610671801995,0.0,1.7648361255298621
18.105127337999875,1779099302.1755219,1779099302.1755219,0.0,1779099302.1755219,0.0,1779099302.174467,0.0010547637939453125,1779099302.1829875,-0.0074656009674072266,1779099302.1719868,0.003535032272338867,0.0,map,base_link,2.267660201594076,5.937465769915372,0.0,1.7716058883929737
18.158846925000034,1779099302.2255185,1779099302.2255185,0.0,1779099302.2255185,0.0,1779099302.2244372,0.001081228256225586,1779099302.2329876,-0.00746917724609375,1779099302.2318418,-0.006323337554931641,0.0,map,base_link,2.263337767360704,5.9624040319334854,0.0,1.7774651572944529
18.20538522300012,1779099302.27553,1779099302.27553,0.0,1779099302.27553,0.0,1779099302.2744555,0.0010745525360107422,1779099302.2829876,-0.0074574947357177734,1779099302.2719882,0.0035419464111328125,0.0,map,base_link,2.243797899257803,6.0344067180721845,0.0,1.8042827947678728
18.25800435400015,1779099302.3255231,1779099302.3255231,0.0,1779099302.3255231,0.0,1779099302.3244264,0.0010967254638671875,1779099302.3329875,-0.007464408874511719,1779099302.331816,-0.006292819976806641,0.0,map,base_link,2.2270853151519017,6.083081540736391,0.0,1.8079700578788744
18.301294578000125,1779099302.375518,1779099302.375518,0.0,1779099302.375518,0.0,1779099302.3744483,0.001069784164428711,1779099302.3729875,0.0025305747985839844,1779099302.3718238,0.003694295883178711,0.0,map,base_link,2.208118827890144,6.155183817440669,0.0,1.8225273374778659
18.354733334999764,1779099302.4255939,1779099302.4255939,0.0,1779099302.4255939,0.0,1779099302.424517,0.0010769367218017578,1779099302.4329875,-0.007393598556518555,1779099302.4317966,-0.00620269775390625,0.0,map,base_link,2.202083937172733,6.163687924923595,0.0,1.8266042421340365
18.4080269469996,1779099302.475548,1779099302.475548,0.0,1779099302.475548,0.0,1779099302.4745266,0.0010213851928710938,1779099302.4829876,-0.007439613342285156,1779099302.4717183,0.0038297176361083984,0.0,map,base_link,2.1839329014727706,6.212345365967112,0.0,1.838903980887351
18.451726020000024,1779099302.5254629,1779099302.5254629,0.0,1779099302.5254629,0.0,1779099302.5045164,0.020946502685546875,1779099302.5229876,0.002475261688232422,1779099302.511842,0.013620853424072266,0.0,map,base_link,2.166586108957163,6.274946320187712,0.0,1.852875612968757
18.48469779199968,1779099302.5504606,1779099302.5504606,0.0,1779099302.5504606,0.0,1779099302.5545092,-0.004048585891723633,1779099302.5629876,-0.012526988983154297,1779099302.5517836,-0.0013229846954345703,0.0,map,base_link,2.155507663921881,6.2987546039290425,0.0,1.8716129486478992
18.559551747000114,1779099302.6255512,1779099302.6255512,0.0,1779099302.6255512,0.0,1779099302.6244879,0.0010633468627929688,1779099302.6329875,-0.007436275482177734,1779099302.6317039,-0.006152629852294922,0.0,map,base_link,2.128623527645681,6.361190422627257,0.0,1.890200859104461
18.604097350000302,1779099302.675532,1779099302.675532,0.0,1779099302.675532,0.0,1779099302.6845436,-0.009011507034301758,1779099302.6829875,-0.007455348968505859,1779099302.6716912,0.003840923309326172,0.0,map,base_link,2.0948695224901215,6.4364501364911,0.0,1.9208388938202763
18.635916623999947,1779099302.700524,1779099302.700524,0.0,1779099302.700524,0.0,1779099302.70457,-0.004045963287353516,1779099302.7129874,-0.01246333122253418,1779099302.7118158,-0.011291742324829102,0.0,map,base_link,2.077487252174606,6.463832702905835,0.0,1.9275944539169465
18.689076700999976,1779099302.750645,1779099302.750645,0.0,1779099302.750645,0.0,1779099302.7545016,-0.003856658935546875,1779099302.7629876,-0.012342691421508789,1779099302.7518091,-0.0011641979217529297,0.0,map,base_link,2.057142876855261,6.510705668953021,0.0,1.9427559316523095
18.732184898000014,1779099302.8005137,1779099302.8005137,0.0,1779099302.8005137,0.0,1779099302.804528,-0.004014253616333008,1779099302.8029876,-0.0024738311767578125,1779099302.8118465,-0.01133275032043457,0.0,map,base_link,2.0466982282396264,6.540564027213018,0.0,1.9560136572743876
18.80786639300004,1779099302.87547,1779099302.87547,0.0,1779099302.87547,0.0,1779099302.884453,-0.008983135223388672,1779099302.8829875,-0.007517576217651367,1779099302.87174,0.0037298202514648438,0.0,map,base_link,1.9930213422225354,6.632754176281286,0.0,1.9916661771106832
18.83907272400029,1779099302.9004595,1779099302.9004595,0.0,1779099302.9004595,0.0,1779099302.9044924,-0.00403285026550293,1779099302.9129875,-0.012527942657470703,1779099302.9117706,-0.011311054229736328,0.0,map,base_link,1.9878205426685316,6.639970394784132,0.0,1.996974606453302
18.881567667000127,1779099302.9505553,1779099302.9505553,0.0,1779099302.9505553,0.0,1779099302.9544606,-0.0039052963256835938,1779099302.9529874,-0.002432107925415039,1779099302.9515963,-0.0010409355163574219,0.0,map,base_link,1.9333121439078065,6.7401180959024,0.0,2.0098158188585202
18.957285331000094,1779099303.0255144,1779099303.0255144,0.0,1779099303.0255144,0.0,1779099303.0244968,0.0010175704956054688,1779099303.0329876,-0.0074732303619384766,1779099303.0318153,-0.006300926208496094,0.0,map,base_link,1.9029473219605517,6.772240083406626,0.0,2.052623635644979
19.009758312000486,1779099303.0756006,1779099303.0756006,0.0,1779099303.0756006,0.0,1779099303.0844798,-0.00887918472290039,1779099303.0829875,-0.007386922836303711,1779099303.0717247,0.0038759708404541016,0.0,map,base_link,1.851867972066806,6.831986702050192,0.0,2.0716112739978167
19.031369139999697,1779099303.1005478,1779099303.1005478,0.0,1779099303.1005478,0.0,1779099303.10451,-0.003962278366088867,1779099303.1029875,-0.002439737319946289,1779099303.0916862,0.008861541748046875,0.0,map,base_link,1.8427083300308595,6.860149323028255,0.0,2.081384652964602
19.107517874000223,1779099303.1754544,1779099303.1754546,-2.384185791015625e-07,1779099303.1754546,-2.384185791015625e-07,1779099303.1844926,-0.009038209915161133,1779099303.1829875,-0.007533073425292969,1779099303.1718674,0.003587007522583008,0.0,map,base_link,1.7936867903883584,6.916850281657857,0.0,2.120601322368853
19.139360529999976,1779099303.200468,1779099303.2004683,-2.384185791015625e-07,1779099303.2004683,-2.384185791015625e-07,1779099303.20448,-0.004011869430541992,1779099303.2129874,-0.012519359588623047,1779099303.2119145,-0.011446475982666016,0.0,map,base_link,1.7642990840992558,6.942010575119262,0.0,2.138054758354623
19.18409277200044,1779099303.250459,1779099303.2504592,-2.384185791015625e-07,1779099303.2504592,-2.384185791015625e-07,1779099303.2544556,-0.003996610641479492,1779099303.2529876,-0.002528667449951172,1779099303.251871,-0.0014121532440185547,0.0,map,base_link,1.7589521050887154,6.9751770820610925,0.0,2.1722323192433395
19.236256875000436,1779099303.3004608,1779099303.3004608,0.0,1779099303.3004608,0.0,1779099303.3045375,-0.004076719284057617,1779099303.3129876,-0.012526750564575195,1779099303.312116,-0.011655092239379883,0.0,map,base_link,1.6840204968254335,7.024985537856152,0.0,2.1924953599123285
19.289823404000344,1779099303.350452,1779099303.350452,0.0,1779099303.350452,0.0,1779099303.354395,-0.003942966461181641,1779099303.3629875,-0.012535572052001953,1779099303.352122,-0.0016701221466064453,0.0,map,base_link,1.6811700217095895,7.038915594831929,0.0,2.2177793947202713
19.334635068999887,1779099303.4004672,1779099303.400467,2.384185791015625e-07,1779099303.400467,2.384185791015625e-07,1779099303.404489,-0.004021883010864258,1779099303.4129875,-0.012520313262939453,1779099303.4120247,-0.011557579040527344,0.0,map,base_link,1.6379756140718573,7.080898468061322,0.0,2.2613747427101245
19.387486970000282,1779099303.4505548,1779099303.4505548,0.0,1779099303.4505548,0.0,1779099303.4545054,-0.003950595855712891,1779099303.4629874,-0.012432575225830078,1779099303.4518592,-0.0013043880462646484,0.0,map,base_link,1.5692588063606054,7.136572714083573,0.0,2.2772268340366426
19.431273940999745,1779099303.5004616,1779099303.5004616,0.0,1779099303.5004616,0.0,1779099303.5045204,-0.004058837890625,1779099303.5029876,-0.0025260448455810547,1779099303.491985,0.008476495742797852,0.0,map,base_link,1.5284533474590827,7.150564522999181,0.0,2.312214785032659
19.484687248000228,1779099303.5505493,1779099303.5505495,-2.384185791015625e-07,1779099303.5505495,-2.384185791015625e-07,1779099303.5544891,-0.00393986701965332,1779099303.5629876,-0.012438297271728516,1779099303.551941,-0.0013916492462158203,0.0,map,base_link,1.4812105562109208,7.1803886671821155,0.0,2.3476088520412146
19.539064667000275,1779099303.6004612,1779099303.6004612,0.0,1779099303.6004612,0.0,1779099303.6045163,-0.004055023193359375,1779099303.6129875,-0.012526273727416992,1779099303.6118963,-0.01143503189086914,0.0,map,base_link,1.469286464071983,7.209406121862994,0.0,2.3768005160946206
19.58581193900045,1779099303.6504676,1779099303.6504676,0.0,1779099303.6504676,0.0,1779099303.6544857,-0.004018068313598633,1779099303.6629875,-0.01251983642578125,1779099303.6517918,-0.0013241767883300781,0.0,map,base_link,1.4154938847280487,7.233378845301347,0.0,2.438823084957442
19.639909757999703,1779099303.7005503,1779099303.7005503,0.0,1779099303.7005503,0.0,1779099303.7045407,-0.0039904117584228516,1779099303.7129874,-0.012437105178833008,1779099303.7118547,-0.011304378509521484,0.0,map,base_link,1.3590863043483354,7.256994177381517,0.0,2.4707810285320804
19.682584965000387,1779099303.7504654,1779099303.7504654,0.0,1779099303.7504654,0.0,1779099303.754536,-0.0040705204010009766,1779099303.7529876,-0.0025222301483154297,1779099303.7519853,-0.001519918441772461,0.0,map,base_link,1.3474063907626848,7.275715885709639,0.0,2.485130671653905
19.73671279300015,1779099303.8005154,1779099303.8005154,0.0,1779099303.8005154,0.0,1779099303.8045073,-0.003991842269897461,1779099303.8129876,-0.012472152709960938,1779099303.8117535,-0.01123809814453125,0.0,map,base_link,1.2855384669155958,7.3002170674878295,0.0,2.515446668653734
19.7884847790001,1779099303.8505278,1779099303.8505278,0.0,1779099303.8505278,0.0,1779099303.8544984,-0.003970623016357422,1779099303.8629875,-0.012459754943847656,1779099303.8519726,-0.0014448165893554688,0.0,map,base_link,1.2084427011701155,7.332819735274824,0.0,2.530837613551958
19.832582584000193,1779099303.900518,1779099303.900518,0.0,1779099303.900518,0.0,1779099303.9045053,-0.003987312316894531,1779099303.9029875,-0.0024695396423339844,1779099303.911874,-0.011356115341186523,0.0,map,base_link,1.1714369572424657,7.345682364043053,0.0,2.5632889688912757
19.887133123999774,1779099303.9505334,1779099303.9505334,0.0,1779099303.9505334,0.0,1779099303.954564,-0.004030704498291016,1779099303.9629874,-0.012454032897949219,1779099303.9517968,-0.0012633800506591797,0.0,map,base_link,1.1680378804354925,7.36317843837055,0.0,2.592080344355139
19.93199282200021,1779099304.0005627,1779099304.0005627,0.0,1779099304.0005627,0.0,1779099304.004482,-0.003919363021850586,1779099304.0029876,-0.002424955368041992,1779099303.991952,0.008610725402832031,0.0,map,base_link,1.086995130297323,7.360462823911595,0.0,2.6232836089173444
19.986374780000006,1779099304.050475,1779099304.050475,0.0,1779099304.050475,0.0,1779099304.0544686,-0.0039937496185302734,1779099304.0629876,-0.012512683868408203,1779099304.051901,-0.0014262199401855469,0.0,map,base_link,1.0752365369637573,7.39594326495966,0.0,2.65128070559506
20.04022598499978,1779099304.1005461,1779099304.1005461,0.0,1779099304.1005461,0.0,1779099304.1045408,-0.00399470329284668,1779099304.1129875,-0.012441396713256836,1779099304.1119752,-0.011429071426391602,0.0,map,base_link,1.0229654141151903,7.399110806279611,0.0,2.6810771336818986
20.084308483000314,1779099304.1504924,1779099304.1504924,0.0,1779099304.1504924,0.0,1779099304.1546125,-0.0041201114654541016,1779099304.1629875,-0.012495040893554688,1779099304.151797,-0.00130462646484375,0.0,map,base_link,0.9662135098940858,7.402439878814363,0.0,2.7115399108676552
20.139173753999785,1779099304.2004874,1779099304.2004874,0.0,1779099304.2004874,0.0,1779099304.2045503,-0.0040628910064697266,1779099304.2129874,-0.01250004768371582,1779099304.2068965,-0.006409168243408203,0.0,map,base_link,0.9461935957146252,7.420893206543383,0.0,2.738970022540493
20.183390076999785,1779099304.250477,1779099304.250477,0.0,1779099304.250477,0.0,1779099304.2545943,-0.004117250442504883,1779099304.2529876,-0.002510547637939453,1779099304.2518158,-0.0013387203216552734,0.0,map,base_link,0.8996240508643414,7.44293162270941,0.0,2.767531109135156
20.2399149390003,1779099304.3004775,1779099304.3004775,0.0,1779099304.3004775,0.0,1779099304.3045702,-0.004092693328857422,1779099304.3129876,-0.012510061264038086,1779099304.3118613,-0.011383771896362305,0.0,map,base_link,0.8159418036776476,7.416756182460088,0.0,2.8003203315249174
20.286485757000264,1779099304.3504963,1779099304.3504963,0.0,1779099304.3504963,0.0,1779099304.3546011,-0.0041048526763916016,1779099304.3629875,-0.012491226196289062,1779099304.3518124,-0.001316070556640625,0.0,map,base_link,0.7957621689939849,7.424129018761421,0.0,2.861303912871269
20.34103011699972,1779099304.400476,1779099304.400476,0.0,1779099304.400476,0.0,1779099304.4046223,-0.0041463375091552734,1779099304.4129875,-0.012511491775512695,1779099304.4117243,-0.011248350143432617,0.0,map,base_link,0.7493506296894648,7.428242926738003,0.0,2.8888332026453045
20.385690508999687,1779099304.4504776,1779099304.4504776,0.0,1779099304.4504776,0.0,1779099304.4544904,-0.0040128231048583984,1779099304.4629874,-0.012509822845458984,1779099304.4518995,-0.0014219284057617188,0.0,map,base_link,-1.9984324411457903,2.5366998575493334,0.0,-2.656779307541018
20.440756640000473,1779099304.500474,1779099304.500474,0.0,1779099304.500474,0.0,1779099304.5046172,-0.004143238067626953,1779099304.5129876,-0.01251363754272461,1779099304.5119712,-0.011497259140014648,0.0,map,base_link,-2.0372737351213512,2.51568669094292,0.0,-2.6301473329445098
20.4852494630004,1779099304.550469,1779099304.550469,0.0,1779099304.550469,0.0,1779099304.5545158,-0.004046916961669922,1779099304.5629876,-0.012518644332885742,1779099304.5519507,-0.001481771469116211,0.0,map,base_link,-2.0736393830828987,2.4952042148054745,0.0,-2.6032668829987946
20.54007186800027,1779099304.6004694,1779099304.6004694,0.0,1779099304.6004694,0.0,1779099304.6044414,-0.003972053527832031,1779099304.6129875,-0.012518167495727539,1779099304.6119452,-0.011475801467895508,0.0,map,base_link,-2.1114526566582663,2.436053472895728,0.0,-2.5707032569414854
20.584779775999777,1779099304.650497,1779099304.6504967,2.384185791015625e-07,1779099304.6504967,2.384185791015625e-07,1779099304.6545396,-0.004042625427246094,1779099304.6629875,-0.012490510940551758,1779099304.6523037,-0.0018067359924316406,0.0,map,base_link,-2.1161471940369383,2.4039387831457804,0.0,-2.558223674453741
20.63903479199962,1779099304.7005277,1779099304.700528,-2.384185791015625e-07,1779099304.700528,-2.384185791015625e-07,1779099304.7045424,-0.004014730453491211,1779099304.7129874,-0.012459754943847656,1779099304.7118435,-0.01131582260131836,0.0,map,base_link,-2.122396398967201,2.4090277166757366,0.0,-2.5348306472847457
20.706587636999757,1779099304.7754745,1779099304.7754745,0.0,1779099304.7754745,0.0,1779099304.7845242,-0.009049654006958008,1779099304.7829876,-0.0075130462646484375,1779099304.771944,0.0035305023193359375,0.0,map,base_link,-2.180482786409099,2.377812687529059,0.0,-2.4994818399454544
20.739215905000492,1779099304.800533,1779099304.800533,0.0,1779099304.800533,0.0,1779099304.8045943,-0.004061222076416016,1779099304.8129876,-0.012454509735107422,1779099304.811657,-0.011123895645141602,0.0,map,base_link,-2.190889526638834,2.347112184979404,0.0,-2.4853689567548183
20.783432303000154,1779099304.850533,1779099304.850533,0.0,1779099304.850533,0.0,1779099304.8546197,-0.004086732864379883,1779099304.8529875,-0.002454519271850586,1779099304.8518,-0.0012669563293457031,0.0,map,base_link,-2.2139476477503237,2.328722034435675,0.0,-2.4638606571310233
20.8365431430002,1779099304.9005392,1779099304.9005392,0.0,1779099304.9005392,0.0,1779099304.9045684,-0.004029273986816406,1779099304.9129875,-0.012448310852050781,1779099304.9118264,-0.011287212371826172,0.0,map,base_link,-2.238699500894846,2.298886470760627,0.0,-2.453306428691408
20.88110954700005,1779099304.9505236,1779099304.9505236,0.0,1779099304.9505236,0.0,1779099304.9545677,-0.004044055938720703,1779099304.9529874,-0.002463817596435547,1779099304.9517908,-0.0012671947479248047,0.0,map,base_link,-2.2415937385600966,2.2825311148504177,0.0,-2.434178243524884
20.938125411999863,1779099305.0005267,1779099305.0005267,0.0,1779099305.0005267,0.0,1779099305.0046558,-0.004129171371459961,1779099305.0129876,-0.012460947036743164,1779099305.0118253,-0.011298656463623047,0.0,map,base_link,-2.257695427074312,2.2715916486032466,0.0,-2.4159970072605796
20.98811361600019,1779099305.050534,1779099305.050534,0.0,1779099305.050534,0.0,1779099305.0546134,-0.004079341888427734,1779099305.0629876,-0.012453556060791016,1779099305.066752,-0.016217947006225586,0.0,map,base_link,-2.2560157391659814,2.266645923189726,0.0,-2.381547518773617
21.039996794000217,1779099305.1005275,1779099305.1005275,0.0,1779099305.1005275,0.0,1779099305.1045263,-0.003998756408691406,1779099305.1129875,-0.012459993362426758,1779099305.111726,-0.01119852066040039,0.0,map,base_link,-2.2560722478300956,2.275359496650486,0.0,-2.37782636035419
21.0845665679999,1779099305.150548,1779099305.150548,0.0,1779099305.150548,0.0,1779099305.1546671,-0.004119157791137695,1779099305.1629875,-0.012439489364624023,1779099305.1517882,-0.0012402534484863281,0.0,map,base_link,-2.2503606801852616,2.2679878822787476,0.0,-2.3707097087708284
21.138961726999696,1779099305.200546,1779099305.200546,0.0,1779099305.200546,0.0,1779099305.2045248,-0.003978729248046875,1779099305.2129874,-0.012441396713256836,1779099305.211734,-0.011188030242919922,0.0,map,base_link,-2.26089715662372,2.260134895040796,0.0,-2.3665624637780915
21.18271439199998,1779099305.2505505,1779099305.2505505,0.0,1779099305.2505505,0.0,1779099305.2545037,-0.003953218460083008,1779099305.2529876,-0.002437114715576172,1779099305.251578,-0.0010275840759277344,0.0,map,base_link,-2.260907166194116,2.2613996765500843,0.0,-2.3699115675934723
21.23696265000035,1779099305.300548,1779099305.300548,0.0,1779099305.300548,0.0,1779099305.304638,-0.004089832305908203,1779099305.3129876,-0.012439489364624023,1779099305.3117325,-0.011184453964233398,0.0,map,base_link,-2.2630463583715255,2.2655412137676603,0.0,-2.368830658023547
21.29020096000022,1779099305.3505716,1779099305.3505714,2.384185791015625e-07,1779099305.3505714,2.384185791015625e-07,1779099305.3546104,-0.004038810729980469,1779099305.3629875,-0.012415885925292969,1779099305.351734,-0.0011622905731201172,0.0,map,base_link,-2.242051038652912,2.268736596930175,0.0,-2.3707632833278027
21.33648028799962,1779099305.4005995,1779099305.4005997,-2.384185791015625e-07,1779099305.4005997,-2.384185791015625e-07,1779099305.4045928,-0.00399327278137207,1779099305.4129875,-0.012387990951538086,1779099305.4120154,-0.011415958404541016,0.0,map,base_link,-2.2317741373788227,2.290656557048674,0.0,-2.3749336738071767
21.389805515000262,1779099305.4505877,1779099305.4505877,0.0,1779099305.4505877,0.0,1779099305.454597,-0.004009246826171875,1779099305.4629874,-0.012399673461914062,1779099305.4518976,-0.0013098716735839844,0.0,map,base_link,-2.224226625484828,2.3147828941063295,0.0,-2.377312245112192
21.435847476999697,1779099305.5005784,1779099305.5005784,0.0,1779099305.5005784,0.0,1779099305.504663,-0.004084587097167969,1779099305.5129876,-0.012409210205078125,1779099305.5120502,-0.011471748352050781,0.0,map,base_link,-2.196141358102338,2.3197020820081278,0.0,-2.382131026968996
21.489445013000477,1779099305.5505834,1779099305.5505834,0.0,1779099305.5505834,0.0,1779099305.5545802,-0.003996849060058594,1779099305.5629876,-0.012404203414916992,1779099305.5519032,-0.00131988525390625,0.0,map,base_link,-2.1790002845869374,2.3400203007254845,0.0,-2.3850763922700495
21.5359863220001,1779099305.6006038,1779099305.6006038,0.0,1779099305.6006038,0.0,1779099305.604663,-0.0040590763092041016,1779099305.6129875,-0.012383699417114258,1779099305.612016,-0.01141214370727539,0.0,map,base_link,-2.154062007163116,2.374188754816691,0.0,-2.3930579658052933
21.589432966999993,1779099305.6506052,1779099305.6506052,0.0,1779099305.6506052,0.0,1779099305.6545734,-0.003968238830566406,1779099305.6629875,-0.012382268905639648,1779099305.6519642,-0.0013589859008789062,0.0,map,base_link,-2.134994828824592,2.397428022359316,0.0,-2.3960109603892756
21.636944625999604,1779099305.7005572,1779099305.700557,2.384185791015625e-07,1779099305.700557,2.384185791015625e-07,1779099305.7046494,-0.004092216491699219,1779099305.7129874,-0.012430191040039062,1779099305.7117286,-0.011171340942382812,0.0,map,base_link,-2.101715688648069,2.41931049764884,0.0,-2.4064021820957935
21.689538489999904,1779099305.750632,1779099305.750632,0.0,1779099305.750632,0.0,1779099305.764607,-0.013974905014038086,1779099305.7629876,-0.012355566024780273,1779099305.7518325,-0.0012004375457763672,0.0,map,base_link,-2.084807313240491,2.4558383826111707,0.0,-2.4100015263901717
21.73461373200007,1779099305.80058,1779099305.80058,0.0,1779099305.80058,0.0,1779099305.8046103,-0.0040302276611328125,1779099305.8129876,-0.012407541275024414,1779099305.8119946,-0.011414527893066406,0.0,map,base_link,-2.0550170362502804,2.484276133167423,0.0,-2.417678692174796
21.789039039000272,1779099305.8505948,1779099305.8505948,0.0,1779099305.8505948,0.0,1779099305.854649,-0.00405430793762207,1779099305.8629875,-0.012392759323120117,1779099305.8518758,-0.0012810230255126953,0.0,map,base_link,-1.9969090256434043,2.4896452137755207,0.0,-2.4205595850504946
21.835630857999604,1779099305.9005806,1779099305.9005806,0.0,1779099305.9005806,0.0,1779099305.9045713,-0.003990650177001953,1779099305.9129875,-0.01240682601928711,1779099305.9120493,-0.011468648910522461,0.0,map,base_link,-1.9988662730027125,2.5308898446015227,0.0,-2.429848938916461
21.889535706999595,1779099305.9506445,1779099305.9506445,0.0,1779099305.9506445,0.0,1779099305.9545608,-0.003916263580322266,1779099305.9629874,-0.01234292984008789,1779099305.9520066,-0.0013620853424072266,0.0,map,base_link,-1.9669724350952231,2.593667224488344,0.0,-2.4355330232383468
21.93618728399997,1779099306.000469,1779099306.000469,0.0,1779099306.000469,0.0,1779099306.0045087,-0.004039764404296875,1779099306.0129876,-0.012518644332885742,1779099306.0118358,-0.011366844177246094,0.0,map,base_link,-1.9614267240545802,2.547772215736626,0.0,-2.4433407692331346
21.989488633999827,1779099306.050569,1779099306.050569,0.0,1779099306.050569,0.0,1779099306.0546277,-0.0040585994720458984,1779099306.0629876,-0.012418508529663086,1779099306.051924,-0.0013549327850341797,0.0,map,base_link,-1.9334850136211932,2.5869359218952015,0.0,-2.444588220417636
22.036993622999944,1779099306.1005547,1779099306.1005547,0.0,1779099306.1005547,0.0,1779099306.1044629,-0.0039081573486328125,1779099306.1129875,-0.01243281364440918,1779099306.111699,-0.011144399642944336,0.0,map,base_link,-1.9028217037916297,2.6199010516133336,0.0,-2.449885213321415
22.09087331899991,1779099306.1506042,1779099306.1506042,0.0,1779099306.1506042,0.0,1779099306.1545272,-0.003922939300537109,1779099306.1629875,-0.012383222579956055,1779099306.1518688,-0.0012645721435546875,0.0,map,base_link,-1.8715315605271252,2.6381476422577554,0.0,-2.4521120643038783
22.137080722000064,1779099306.200549,1779099306.200549,0.0,1779099306.200549,0.0,1779099306.2146647,-0.01411581039428711,1779099306.2129874,-0.012438535690307617,1779099306.211752,-0.01120305061340332,0.0,map,base_link,-1.8548172022512386,2.641158116910419,0.0,-2.453402943918625
22.190532603000065,1779099306.2505815,1779099306.2505815,0.0,1779099306.2505815,0.0,1779099306.2546287,-0.0040471553802490234,1779099306.2629876,-0.012406110763549805,1779099306.2516258,-0.0010442733764648438,0.0,map,base_link,-1.859993444903469,2.6734054848416156,0.0,-2.4542310287378726
22.236177024000426,1779099306.3005884,1779099306.3005884,0.0,1779099306.3005884,0.0,1779099306.3046713,-0.004082918167114258,1779099306.3129876,-0.01239919662475586,1779099306.306603,-0.006014585494995117,0.0,map,base_link,-1.85862812472745,2.668011554244921,0.0,-2.459913788823347
22.28106792699964,1779099306.3506794,1779099306.3506794,0.0,1779099306.3506794,0.0,1779099306.354598,-0.003918647766113281,1779099306.3529875,-0.0023081302642822266,1779099306.3518043,-0.0011248588562011719,0.0,map,base_link,-1.837114797398434,2.6612445553248287,0.0,-2.46100684854389
22.336560562999694,1779099306.4005928,1779099306.4005928,0.0,1779099306.4005928,0.0,1779099306.4146116,-0.014018774032592773,1779099306.4129875,-0.01239466667175293,1779099306.4116635,-0.011070728302001953,0.0,map,base_link,-1.8521069117202424,2.6691670175868323,0.0,-2.4623685859270186
22.38166659000035,1779099306.4505785,1779099306.4505785,0.0,1779099306.4505785,0.0,1779099306.4546232,-0.004044771194458008,1779099306.4529874,-0.0024089813232421875,1779099306.4517524,-0.0011739730834960938,0.0,map,base_link,-1.8334337711720075,2.662393540934297,0.0,-2.462930173096316
22.436229678000018,1779099306.5005982,1779099306.5005982,0.0,1779099306.5005982,0.0,1779099306.504593,-0.00399470329284668,1779099306.5129876,-0.012389421463012695,1779099306.511559,-0.010960817337036133,0.0,map,base_link,-1.8346226493876383,2.6801525493461353,0.0,-2.464754800819437
22.490991753000344,1779099306.5505946,1779099306.5505946,0.0,1779099306.5505946,0.0,1779099306.564638,-0.014043331146240234,1779099306.5629876,-0.012392997741699219,1779099306.551792,-0.0011973381042480469,0.0,map,base_link,-1.8246097516325719,2.6738239690572074,0.0,-2.465023101355031
22.537510322000344,1779099306.6005502,1779099306.6005502,0.0,1779099306.6005502,0.0,1779099306.6146123,-0.014062166213989258,1779099306.6129875,-0.01243734359741211,1779099306.6117458,-0.011195659637451172,0.0,map,base_link,-1.8272511611358908,2.6850296281428205,0.0,-2.4673857123694636
22.59074002200032,1779099306.6505828,1779099306.6505828,0.0,1779099306.6505828,0.0,1779099306.6546137,-0.004030942916870117,1779099306.6629875,-0.012404680252075195,1779099306.6515005,-0.0009176731109619141,0.0,map,base_link,-1.8166152556037192,2.671106733967748,0.0,-2.4663557252165136
22.6370283819997,1779099306.7006044,1779099306.7006044,0.0,1779099306.7006044,0.0,1779099306.7046585,-0.004054069519042969,1779099306.7129874,-0.012382984161376953,1779099306.7116184,-0.011013984680175781,0.0,map,base_link,-1.8247483562481905,2.6829781315011596,0.0,-2.4671589180819464
22.689262546000464,1779099306.7505693,1779099306.7505693,0.0,1779099306.7505693,0.0,1779099306.7646756,-0.014106273651123047,1779099306.7629876,-0.012418270111083984,1779099306.751693,-0.001123666763305664,0.0,map,base_link,-1.8286211345396124,2.6865299834292022,0.0,-2.4668110859549754
22.733434523999676,1779099306.8005826,1779099306.800583,-2.384185791015625e-07,1779099306.800583,-2.384185791015625e-07,1779099306.8046126,-0.004029989242553711,1779099306.8029876,-0.002404928207397461,1779099306.811764,-0.011181354522705078,0.0,map,base_link,-1.8248689786818355,2.67938945389725,0.0,-2.4668779465008495
22.788132130999657,1779099306.8504715,1779099306.8504715,0.0,1779099306.8504715,0.0,1779099306.8546546,-0.004183053970336914,1779099306.8629875,-0.012516021728515625,1779099306.8518434,-0.0013718605041503906,0.0,map,base_link,-1.8279948305993283,2.6818580310701856,0.0,-2.4664527877310554
22.832876327999656,1779099306.9005747,1779099306.9005747,0.0,1779099306.9005747,0.0,1779099306.914658,-0.014083385467529297,1779099306.9029875,-0.0024127960205078125,1779099306.911862,-0.011287212371826172,0.0,map,base_link,-1.8240826853460321,2.6751448228552634,0.0,-2.465467219699056
22.889555793,1779099306.9505901,1779099306.9505901,0.0,1779099306.9505901,0.0,1779099306.9646552,-0.014065027236938477,1779099306.9629874,-0.012397289276123047,1779099306.9518645,-0.0012743473052978516,0.0,map,base_link,-1.827908688196958,2.6777917607355404,0.0,-2.4651379362624284
22.934333573000004,1779099307.0006106,1779099307.0006106,0.0,1779099307.0006106,0.0,1779099307.0045836,-0.0039730072021484375,1779099307.0129876,-0.012377023696899414,1779099307.011775,-0.011164426803588867,0.0,map,base_link,-1.8263667047067162,2.680650833344921,0.0,-2.466641818851556
22.986948417999884,1779099307.0504723,1779099307.0504723,0.0,1779099307.0504723,0.0,1779099307.064608,-0.01413583755493164,1779099307.0629876,-0.01251530647277832,1779099307.051957,-0.0014846324920654297,0.0,map,base_link,-1.8295184469517212,2.6851058749764265,0.0,-2.4666972097570334
23.033615119000387,1779099307.100534,1779099307.100534,0.0,1779099307.100534,0.0,1779099307.1146464,-0.014112472534179688,1779099307.1029875,-0.0024535655975341797,1779099307.111807,-0.01127314567565918,0.0,map,base_link,-1.82981937227024,2.6794357991901956,0.0,-2.4655994876241167
23.087002440000106,1779099307.1506054,1779099307.1506054,0.0,1779099307.1506054,0.0,1779099307.1546457,-0.004040241241455078,1779099307.1629875,-0.012382030487060547,1779099307.1518443,-0.0012388229370117188,0.0,map,base_link,-1.8266726098703678,2.673558780612903,0.0,-2.464890697472124
23.13170295100008,1779099307.2004774,1779099307.2004774,0.0,1779099307.2004774,0.0,1779099307.1845593,0.01591801643371582,1779099307.2029874,-0.00251007080078125,1779099307.1919472,0.008530139923095703,0.0,map,base_link,-1.8348215167072537,2.6679962696842763,0.0,-2.463265981613365
23.186716072999843,1779099307.2505872,1779099307.2505872,0.0,1779099307.2505872,0.0,1779099307.2645805,-0.013993263244628906,1779099307.2629876,-0.012400388717651367,1779099307.2517936,-0.0012063980102539062,0.0,map,base_link,-1.84279966124486,2.6592089640235796,0.0,-2.4577478952577794
23.23302726499969,1779099307.3005643,1779099307.3005643,0.0,1779099307.3005643,0.0,1779099307.3045723,-0.004008054733276367,1779099307.3029876,-0.0024232864379882812,1779099307.311998,-0.011433601379394531,0.0,map,base_link,-1.8690450759954462,2.6354332577031476,0.0,-2.449090806395011
23.286551172000145,1779099307.3506038,1779099307.3506038,0.0,1779099307.3506038,0.0,1779099307.364572,-0.013968229293823242,1779099307.3629875,-0.012383699417114258,1779099307.3518016,-0.00119781494140625,0.0,map,base_link,-1.8677431894839938,2.6153057101157406,0.0,-2.4455346783861613
23.334397253000134,1779099307.400558,1779099307.400558,0.0,1779099307.400558,0.0,1779099307.4145892,-0.014031171798706055,1779099307.4129875,-0.012429475784301758,1779099307.4118717,-0.011313676834106445,0.0,map,base_link,-1.8825681252498994,2.6188002965944546,0.0,-2.4354494495395156
23.387017607000416,1779099307.4504628,1779099307.4504628,0.0,1779099307.4504628,0.0,1779099307.4645965,-0.014133691787719727,1779099307.4629874,-0.012524604797363281,1779099307.4468327,0.0036301612854003906,0.0,map,base_link,-1.9060372860987451,2.5873418977758864,0.0,-2.4308111153866148
23.43565331100035,1779099307.5004678,1779099307.500468,-2.384185791015625e-07,1779099307.500468,-2.384185791015625e-07,1779099307.5145738,-0.014106035232543945,1779099307.5129876,-0.01251983642578125,1779099307.511856,-0.011388301849365234,0.0,map,base_link,-1.9077253321781553,2.5804467872410126,0.0,-2.41334066646294
23.489377627000067,1779099307.550572,1779099307.550572,0.0,1779099307.550572,0.0,1779099307.5646424,-0.014070510864257812,1779099307.5629876,-0.012415647506713867,1779099307.5516224,-0.0010504722595214844,0.0,map,base_link,-1.9173560330000416,2.566640281950154,0.0,-2.4082205222794535
23.534799359000317,1779099307.6005437,1779099307.6005437,0.0,1779099307.6005437,0.0,1779099307.614688,-0.014144182205200195,1779099307.6129875,-0.012443780899047852,1779099307.6117997,-0.011255979537963867,0.0,map,base_link,-1.9402874246575994,2.5515986349595114,0.0,-2.395527782794812
23.589788438999676,1779099307.6505225,1779099307.6505225,0.0,1779099307.6505225,0.0,1779099307.6646414,-0.01411890983581543,1779099307.6629875,-0.01246500015258789,1779099307.6519768,-0.0014543533325195312,0.0,map,base_link,-1.9468330864596073,2.528846460535441,0.0,-2.3811935984221995
23.63783618799971,1779099307.7005303,1779099307.7005303,0.0,1779099307.7005303,0.0,1779099307.6846662,0.015864133834838867,1779099307.7129874,-0.012457132339477539,1779099307.7117198,-0.011189460754394531,0.0,map,base_link,-1.9595347181370846,2.5031492270271447,0.0,-2.3602470596325813
23.68304085100044,1779099307.7504628,1779099307.7504628,0.0,1779099307.7504628,0.0,1779099307.764621,-0.014158248901367188,1779099307.7529876,-0.002524852752685547,1779099307.7518249,-0.0013620853424072266,0.0,map,base_link,-1.9695553628139635,2.501525034584581,0.0,-2.3317437594522965
23.73484449100033,1779099307.800455,1779099307.800455,0.0,1779099307.800455,0.0,1779099307.8145738,-0.014118671417236328,1779099307.8129876,-0.012532472610473633,1779099307.8117392,-0.011284112930297852,0.0,map,base_link,-1.9808165081923317,2.4881534915010266,0.0,-2.3298919178982507
23.781134707000092,1779099307.8504624,1779099307.8504624,0.0,1779099307.8504624,0.0,1779099307.834566,0.015896320343017578,1779099307.8529875,-0.0025250911712646484,1779099307.8518379,-0.001375436782836914,0.0,map,base_link,-1.9918851637395552,2.459967329011164,0.0,-2.310506320362888
23.836045834000288,1779099307.9004598,1779099307.9004598,0.0,1779099307.9004598,0.0,1779099307.9146733,-0.01421356201171875,1779099307.9129875,-0.012527704238891602,1779099307.912122,-0.01166224479675293,0.0,map,base_link,-2.0124688988178807,2.436554470384525,0.0,-2.2934913374186348
23.881316850000076,1779099307.9504676,1779099307.9504676,0.0,1779099307.9504676,0.0,1779099307.9346552,0.015812397003173828,1779099307.9529874,-0.002519845962524414,1779099307.9519727,-0.001505136489868164,0.0,map,base_link,-2.017510804615032,2.4136852273701823,0.0,-2.2763970056928944
23.93704231100037,1779099308.0004659,1779099308.0004659,0.0,1779099308.0004659,0.0,1779099308.0146635,-0.014197587966918945,1779099308.0129876,-0.012521743774414062,1779099308.0117748,-0.011308908462524414,0.0,map,base_link,-2.045423688423856,2.3857376069219693,0.0,-2.2569586137386035
23.982438482999896,1779099308.0505393,1779099308.0505393,0.0,1779099308.0505393,0.0,1779099308.0345929,0.015946388244628906,1779099308.0529876,-0.0024483203887939453,1779099308.0518184,-0.0012791156768798828,0.0,map,base_link,-2.02876078266092,2.3658691380808357,0.0,-2.2380621797004996
24.03852302999985,1779099308.100575,1779099308.100575,0.0,1779099308.100575,0.0,1779099308.1144989,-0.013923883438110352,1779099308.1129875,-0.012412548065185547,1779099308.1117387,-0.011163711547851562,0.0,map,base_link,-2.0543066242077295,2.349955131855355,0.0,-2.2188298059914744
24.084544241000003,1779099308.1505432,1779099308.1505432,0.0,1779099308.1505432,0.0,1779099308.164601,-0.01405787467956543,1779099308.1629875,-0.012444257736206055,1779099308.1518598,-0.0013165473937988281,0.0,map,base_link,-2.0690592531243936,2.3144054263180043,0.0,-2.1986257173669665
24.140402523000375,1779099308.200551,1779099308.200551,0.0,1779099308.200551,0.0,1779099308.2146175,-0.014066457748413086,1779099308.2129874,-0.012436389923095703,1779099308.2119372,-0.01138615608215332,0.0,map,base_link,-2.062390874635806,2.313135130020623,0.0,-2.182026471719534
24.186606780000147,1779099308.2505264,1779099308.2505264,0.0,1779099308.2505264,0.0,1779099308.2645893,-0.014062881469726562,1779099308.2629876,-0.012461185455322266,1779099308.2518556,-0.001329183578491211,0.0,map,base_link,-2.087457240071866,2.2682349108218314,0.0,-2.1616672098054353
24.240765696999915,1779099308.3004673,1779099308.3004675,-2.384185791015625e-07,1779099308.3004675,-2.384185791015625e-07,1779099308.314567,-0.014099836349487305,1779099308.3129876,-0.012520313262939453,1779099308.306965,-0.006497859954833984,0.0,map,base_link,-2.099580733906829,2.257884500099937,0.0,-2.1535536488063687
24.287331464999625,1779099308.350483,1779099308.3504832,-2.384185791015625e-07,1779099308.3504832,-2.384185791015625e-07,1779099308.3646722,-0.01418924331665039,1779099308.3629875,-0.01250457763671875,1779099308.352034,-0.0015511512756347656,0.0,map,base_link,-2.0808471108024316,2.249235519030979,0.0,-2.135387183627926
24.33328793199962,1779099308.4004765,1779099308.4004765,0.0,1779099308.4004765,0.0,1779099308.4146724,-0.014195919036865234,1779099308.4029875,-0.0025110244750976562,1779099308.4120042,-0.011527776718139648,0.0,map,base_link,-2.1079802874931746,2.1872229397916265,0.0,-2.112880353836205
24.387230729000294,1779099308.4505472,1779099308.4505472,0.0,1779099308.4505472,0.0,1779099308.4647105,-0.01416325569152832,1779099308.4629874,-0.012440204620361328,1779099308.4519174,-0.0013701915740966797,0.0,map,base_link,-2.110927026496694,2.192921436613251,0.0,-2.104638283759507
24.433200090000355,1779099308.500516,1779099308.5005162,-2.384185791015625e-07,1779099308.5005162,-2.384185791015625e-07,1779099308.5146866,-0.014170646667480469,1779099308.5029876,-0.0024716854095458984,1779099308.511731,-0.011214971542358398,0.0,map,base_link,-2.131617166295558,2.1925791106939543,0.0,-2.085370786149337
24.48988185500002,1779099308.5505445,1779099308.5505445,0.0,1779099308.5505445,0.0,1779099308.5646746,-0.014130115509033203,1779099308.5629876,-0.012443065643310547,1779099308.5517688,-0.0012242794036865234,0.0,map,base_link,-2.144657374264537,2.131498241122206,0.0,-2.0623888899306184
24.537854899000195,1779099308.6006236,1779099308.6006236,0.0,1779099308.6006236,0.0,1779099308.6147065,-0.014082908630371094,1779099308.6129875,-0.012363910675048828,1779099308.611732,-0.0111083984375,0.0,map,base_link,-2.138665047441645,2.0950796574214126,0.0,-2.0276406659386
24.591169285000433,1779099308.6504712,1779099308.6504712,0.0,1779099308.6504712,0.0,1779099308.6646063,-0.014135122299194336,1779099308.6629875,-0.012516260147094727,1779099308.6518843,-0.001413106918334961,0.0,map,base_link,-2.142910202208639,2.070431402747515,0.0,-2.0140559014949075
24.63822033500037,1779099308.7004707,1779099308.7004707,0.0,1779099308.7004707,0.0,1779099308.714618,-0.014147281646728516,1779099308.7129874,-0.01251673698425293,1779099308.7117455,-0.01127481460571289,0.0,map,base_link,-2.1607943298520453,2.0485645047921723,0.0,-1.980653074595498
24.681403313000374,1779099308.7504773,1779099308.7504773,0.0,1779099308.7504773,0.0,1779099308.7346015,0.015875816345214844,1779099308.7529876,-0.0025103092193603516,1779099308.7517457,-0.0012683868408203125,0.0,map,base_link,-2.1771471266460214,2.038998599995673,0.0,-1.968527847453246
24.739620321000075,1779099308.8004742,1779099308.8004742,0.0,1779099308.8004742,0.0,1779099308.8146863,-0.01421213150024414,1779099308.8129876,-0.012513399124145508,1779099308.8117268,-0.011252641677856445,0.0,map,base_link,-2.1657368964199737,1.9899025929480603,0.0,-1.9322304824316947
24.79216843100039,1779099308.8504755,1779099308.8504755,0.0,1779099308.8504755,0.0,1779099308.8646343,-0.01415872573852539,1779099308.8629875,-0.012511968612670898,1779099308.8717363,-0.021260738372802734,0.0,map,base_link,-2.1688620763527524,1.9780276161751358,0.0,-1.9206075107816247
24.83911604900004,1779099308.9004776,1779099308.9004774,2.384185791015625e-07,1779099308.9004774,2.384185791015625e-07,1779099308.9146357,-0.014158010482788086,1779099308.9129875,-0.012509822845458984,1779099308.9117901,-0.011312484741210938,0.0,map,base_link,-2.170766009527302,1.9357948169496755,0.0,-1.8851840111289073
24.882362880999608,1779099308.9505305,1779099308.9505305,0.0,1779099308.9505305,0.0,1779099308.9346125,0.01591801643371582,1779099308.9529874,-0.0024569034576416016,1779099308.9517593,-0.0012288093566894531,0.0,map,base_link,-2.1851135631998346,1.917123653979104,0.0,-1.8726892040124645
24.94940533299996,1779099309.0254645,1779099309.0254645,0.0,1779099309.0254645,0.0,1779099309.014619,0.010845422744750977,1779099309.0229876,0.002476930618286133,1779099309.011832,0.013632535934448242,0.0,map,base_link,-2.1923989248292433,1.8538551231434135,0.0,-1.8348303607335368
24.98184617700008,1779099309.050531,1779099309.050531,0.0,1779099309.050531,0.0,1779099309.0346394,0.015891551971435547,1779099309.0529876,-0.0024566650390625,1779099309.0519423,-0.00141143798828125,0.0,map,base_link,-2.168782030812432,1.8489243938920166,0.0,-1.822794007489838
25.037150379000195,1779099309.100477,1779099309.100477,0.0,1779099309.100477,0.0,1779099309.1146903,-0.014213323593139648,1779099309.1129875,-0.012510538101196289,1779099309.1118777,-0.011400699615478516,0.0,map,base_link,-2.1679327348573825,1.800976059055738,0.0,-1.797345354959063
25.092240910999863,1779099309.1504643,1779099309.1504643,0.0,1779099309.1504643,0.0,1779099309.1646702,-0.0142059326171875,1779099309.1629875,-0.012523174285888672,1779099309.17191,-0.021445751190185547,0.0,map,base_link,-2.1815812132404577,1.7754405598626817,0.0,-1.7733046193182747
25.13976224399994,1779099309.200475,1779099309.2004752,-2.384185791015625e-07,1779099309.2004752,-2.384185791015625e-07,1779099309.2147067,-0.014231681823730469,1779099309.2129874,-0.012512445449829102,1779099309.2118728,-0.011397838592529297,0.0,map,base_link,-2.1810177834540347,1.7488896892126662,0.0,-1.7358924517455658
25.182166894000147,1779099309.2504663,1779099309.2504663,0.0,1779099309.2504663,0.0,1779099309.2346594,0.015806913375854492,1779099309.2529876,-0.0025212764739990234,1779099309.2518127,-0.0013463497161865234,0.0,map,base_link,-2.1520815349734086,1.7076882156455935,0.0,-1.7237592231144785
25.249247972000376,1779099309.3254695,1779099309.3254695,0.0,1779099309.3254695,0.0,1779099309.3146558,0.010813713073730469,1779099309.3229876,0.0024819374084472656,1779099309.3116307,0.013838768005371094,0.0,map,base_link,-2.1854268881301877,1.6769428662892363,0.0,-1.687441265095063
25.281588982000358,1779099309.3505301,1779099309.3505301,0.0,1779099309.3505301,0.0,1779099309.3624032,-0.011873006820678711,1779099309.3529875,-0.0024573802947998047,1779099309.351801,-0.0012707710266113281,0.0,map,base_link,-2.1793695829747683,1.6671421894431013,0.0,-1.67389254465135
25.337955167000473,1779099309.400466,1779099309.400466,0.0,1779099309.400466,0.0,1779099309.4146402,-0.014174222946166992,1779099309.4129875,-0.012521505355834961,1779099309.411969,-0.011502981185913086,0.0,map,base_link,-2.155848069224551,1.6387883057369295,0.0,-1.6506386453818778
25.382946755000376,1779099309.4505413,1779099309.4505413,0.0,1779099309.4505413,0.0,1779099309.4646206,-0.01407933235168457,1779099309.4529874,-0.0024461746215820312,1779099309.4519246,-0.0013833045959472656,0.0,map,base_link,-2.154835767138789,1.6021559068214484,0.0,-1.625095663934712
25.44048947200008,1779099309.5004764,1779099309.5004764,0.0,1779099309.5004764,0.0,1779099309.5146158,-0.014139413833618164,1779099309.5129876,-0.012511253356933594,1779099309.5118833,-0.011406898498535156,0.0,map,base_link,-2.1413133658491894,1.5402231146603893,0.0,-1.5880888762312269
25.48316274700028,1779099309.550465,1779099309.550465,0.0,1779099309.550465,0.0,1779099309.5647132,-0.014248132705688477,1779099309.5529876,-0.0025224685668945312,1779099309.5518348,-0.0013697147369384766,0.0,map,base_link,-2.15027682722771,1.5483267663151943,0.0,-1.5757040741970665
25.548950395999782,1779099309.625463,1779099309.625463,0.0,1779099309.625463,0.0,1779099309.6147037,0.010759353637695312,1779099309.6229875,0.0024755001068115234,1779099309.606817,0.0186460018157959,0.0,map,base_link,-2.1501686755341565,1.521222394701271,0.0,-1.5505988962609438
25.595562116999645,1779099309.6754656,1779099309.6505442,0.024921417236328125,1779099309.6505442,0.024921417236328125,1779099309.6647289,0.010736703872680664,1779099309.6729875,0.0024781227111816406,1779099309.6718442,0.003621339797973633,0.0,map,base_link,-2.119968972795421,1.4665759896899107,0.0,-1.514499167382032
25.638295572999596,1779099309.7004592,1779099309.700459,2.384185791015625e-07,1779099309.700459,2.384185791015625e-07,1779099309.7147555,-0.014296293258666992,1779099309.7129874,-0.012528181076049805,1779099309.7119753,-0.011516094207763672,0.0,map,base_link,-2.1117840407039985,1.444401560821134,0.0,-1.5011722916301975
25.69732094200026,1779099309.7754693,1779099309.7754693,0.0,1779099309.7754693,0.0,1779099309.7646873,0.010782003402709961,1779099309.7729876,0.002481698989868164,1779099309.771861,0.003608226776123047,0.0,map,base_link,-2.120613648280134,1.4241202332503362,0.0,-1.4511387699034675
25.75116207300016,1779099309.825453,1779099309.825453,0.0,1779099309.825453,0.0,1779099309.8147132,0.010739803314208984,1779099309.8229876,0.002465486526489258,1779099309.811924,0.013529062271118164,0.0,map,base_link,-2.093118923318233,1.340029416126439,0.0,-1.43794243575245
25.78637186600008,1779099309.850459,1779099309.850459,0.0,1779099309.850459,0.0,1779099309.8646808,-0.014221668243408203,1779099309.8629875,-0.012528419494628906,1779099309.8519528,-0.001493692398071289,0.0,map,base_link,-2.075894768826565,1.3769615157569763,0.0,-1.415596044810667
25.8499824620003,1779099309.9254565,1779099309.9254565,0.0,1779099309.9254565,0.0,1779099309.9147558,0.010700702667236328,1779099309.9229875,0.0024690628051757812,1779099309.9268293,-0.0013728141784667969,0.0,map,base_link,-2.071229551780437,1.2892596102316638,0.0,-1.401990990431092
25.896685951999643,1779099309.975464,1779099309.975464,0.0,1779099309.975464,0.0,1779099309.9647467,0.010717391967773438,1779099309.9729877,0.0024764537811279297,1779099309.9718091,0.003654956817626953,0.0,map,base_link,-2.0538795308107396,1.2857787995631718,0.0,-1.364267507209612
25.95029730999977,1779099310.0254629,1779099310.0254626,2.384185791015625e-07,1779099310.0254626,2.384185791015625e-07,1779099310.0146995,0.010763406753540039,1779099310.0229876,0.002475261688232422,1779099310.0116878,0.013775110244750977,0.0,map,base_link,-2.0469546259093123,1.2855259539118578,0.0,-1.3513373740701087
25.997765787999924,1779099310.075468,1779099310.0754683,-2.384185791015625e-07,1779099310.0754683,-2.384185791015625e-07,1779099310.0647378,0.010730266571044922,1779099310.0729876,0.0024805068969726562,1779099310.0717108,0.0037572383880615234,0.0,map,base_link,-2.0313388551617697,1.2330221472184437,0.0,-1.3114323675361663
26.05125754399978,1779099310.1254654,1779099310.1254654,0.0,1779099310.1254654,0.0,1779099310.1146932,0.010772228240966797,1779099310.1229875,0.002477884292602539,1779099310.1116571,0.013808250427246094,0.0,map,base_link,-2.0185931500116583,1.2151953851702508,0.0,-1.2989083725923334
26.09616855599961,1779099310.1755722,1779099310.150583,0.02498912811279297,1779099310.150583,0.02498912811279297,1779099310.1647646,0.010807514190673828,1779099310.1729875,0.002584695816040039,1779099310.1717758,0.0037963390350341797,0.0,map,base_link,-2.0013260391523966,1.1977329314733307,0.0,-1.2718311611667963
26.141501570999935,1779099310.2004745,1779099310.2004745,0.0,1779099310.2004745,0.0,1779099310.2147489,-0.014274358749389648,1779099310.2129874,-0.012512922286987305,1779099310.2117124,-0.011237859725952148,0.0,map,base_link,-1.988871830997594,1.1660905419495045,0.0,-1.245423854427421
26.19738544499978,1779099310.2755165,1779099310.2755165,0.0,1779099310.2755165,0.0,1779099310.2647693,0.010747194290161133,1779099310.2729876,0.0025289058685302734,1779099310.2720225,0.0034940242767333984,0.0,map,base_link,-1.9648069063293834,1.1276757551069476,0.0,-1.217232984640209
26.242269854999904,1779099310.3004785,1779099310.3004785,0.0,1779099310.3004785,0.0,1779099310.3147233,-0.014244794845581055,1779099310.3129876,-0.01250910758972168,1779099310.3116972,-0.011218786239624023,0.0,map,base_link,-1.9328861846293712,1.0893416863594645,0.0,-1.1923600610760363
26.297622928000237,1779099310.3754933,1779099310.3754933,0.0,1779099310.3754933,0.0,1779099310.364724,0.010769367218017578,1779099310.3729875,0.002505779266357422,1779099310.371692,0.0038013458251953125,0.0,map,base_link,-1.9432905662763877,1.0975007242665615,0.0,-1.1665241609854795
26.349072408999746,1779099310.4254844,1779099310.4254844,0.0,1779099310.4254844,0.0,1779099310.414729,0.010755300521850586,1779099310.4229875,0.002496957778930664,1779099310.412011,0.0134735107421875,0.0,map,base_link,-1.9048098030176837,1.0472314817475858,0.0,-1.1127617265010628
26.39676668300035,1779099310.4754732,1779099310.4504933,0.024979829788208008,1779099310.4504933,0.024979829788208008,1779099310.4647746,0.010698556900024414,1779099310.4729877,0.002485513687133789,1779099310.4721165,0.0033566951751708984,0.0,map,base_link,-1.9015626022260843,1.0474932042289868,0.0,-1.0735125207424159
26.44989674200042,1779099310.525468,1779099310.525468,0.0,1779099310.525468,0.0,1779099310.5146294,0.010838747024536133,1779099310.5229876,0.0024805068969726562,1779099310.511909,0.013559103012084961,0.0,map,base_link,-1.8639178792175457,1.0066354161223465,0.0,-1.060772801816097
26.49561993899988,1779099310.5754912,1779099310.550517,0.02497410774230957,1779099310.550517,0.02497410774230957,1779099310.5645578,0.010933399200439453,1779099310.5729876,0.002503633499145508,1779099310.5718548,0.0036363601684570312,0.0,map,base_link,-1.8583918185124313,0.9962603916294732,0.0,-1.0339633850477628
26.541569267999876,1779099310.600479,1779099310.600479,0.0,1779099310.600479,0.0,1779099310.614663,-0.014183998107910156,1779099310.6129875,-0.012508630752563477,1779099310.6118112,-0.011332273483276367,0.0,map,base_link,-1.8355067217186258,0.9691555008141535,0.0,-1.0087828093799764
26.596417667999958,1779099310.6754816,1779099310.6754818,-2.384185791015625e-07,1779099310.6754818,-2.384185791015625e-07,1779099310.6646357,0.01084589958190918,1779099310.6729875,0.0024940967559814453,1779099310.6719162,0.0035653114318847656,0.0,map,base_link,-1.204751562184355,0.9384972135015728,0.0,-0.9738418446792921
26.643555204999757,1779099310.700476,1779099310.700476,0.0,1779099310.700476,0.0,1779099310.7146428,-0.014166831970214844,1779099310.7129874,-0.012511491775512695,1779099310.7117589,-0.011282920837402344,0.0,map,base_link,-1.2184776068259895,0.9476838230038456,0.0,-0.9493872458370922
26.698679516000084,1779099310.7754614,1779099310.7754614,0.0,1779099310.7754614,0.0,1779099310.764627,0.010834455490112305,1779099310.7729876,0.0024738311767578125,1779099310.771962,0.0034995079040527344,0.0,map,base_link,-1.168252026106356,0.8969942420967629,0.0,-0.9235721993198581
26.7427161100004,1779099310.8004608,1779099310.8004608,0.0,1779099310.8004608,0.0,1779099310.8146558,-0.014194965362548828,1779099310.8129876,-0.012526750564575195,1779099310.8120453,-0.01158452033996582,0.0,map,base_link,-1.1265536351397882,0.8777542219982108,0.0,-0.9109221984605774
26.797252399999707,1779099310.8754618,1779099310.8754618,0.0,1779099310.8754618,0.0,1779099310.8646293,0.010832548141479492,1779099310.8729875,0.0024743080139160156,1779099310.8718257,0.0036361217498779297,0.0,map,base_link,-1.1394225775512083,0.8793378479976854,0.0,-0.8845124186847318
26.850662537000062,1779099310.925459,1779099310.925459,0.0,1779099310.925459,0.0,1779099310.914674,0.01078486442565918,1779099310.9229875,0.002471446990966797,1779099310.9119132,0.013545751571655273,0.0,map,base_link,3.8422724663678474,1.5511324460852292,0.0,1.3971431175062365
26.896219060000476,1779099310.9755208,1779099310.975521,-2.384185791015625e-07,1779099310.975521,-2.384185791015625e-07,1779099310.9646437,0.010877132415771484,1779099310.9729877,0.0025331974029541016,1779099310.9717903,0.0037305355072021484,0.0,map,base_link,3.8302139618645437,1.6078153915214788,0.0,1.424338968178145
26.947655220999877,1779099311.025523,1779099311.025523,0.0,1779099311.025523,0.0,1779099311.014665,0.01085805892944336,1779099311.0229876,0.0025353431701660156,1779099311.0119767,0.013546228408813477,0.0,map,base_link,4.024954466159608,1.4902090793948197,0.0,1.483147304541585
26.991881136000302,1779099311.0504615,1779099311.0504615,0.0,1779099311.0504615,0.0,1779099311.064664,-0.014202356338500977,1779099311.0629876,-0.01252603530883789,1779099311.05211,-0.0016484260559082031,0.0,map,base_link,4.024210957679325,1.472420310424729,0.0,1.5116756576858021
27.047759357999894,1779099311.125455,1779099311.125455,0.0,1779099311.125455,0.0,1779099311.1146584,0.010796546936035156,1779099311.1229875,0.0024673938751220703,1779099311.1120973,0.01335763931274414,0.0,map,base_link,4.010914625457974,1.552328773356841,0.0,1.539007006570113
27.092722377999962,1779099311.150457,1779099311.150457,0.0,1779099311.150457,0.0,1779099311.1646478,-0.014190912246704102,1779099311.1629875,-0.01253056526184082,1779099311.1668875,-0.01643061637878418,0.0,map,base_link,4.0066233910413,1.5748875236185915,0.0,1.5683163008297685
27.14700895199985,1779099311.2254577,1779099311.225458,-2.384185791015625e-07,1779099311.225458,-2.384185791015625e-07,1779099311.2146592,0.010798454284667969,1779099311.2229877,0.0024700164794921875,1779099311.2069352,0.01852250099182129,0.0,map,base_link,3.990289494988133,1.5889418782741895,0.0,1.5820586354574484
27.192125292999663,1779099311.2504816,1779099311.2504816,0.0,1779099311.2504816,0.0,1779099311.2646637,-0.014182090759277344,1779099311.2629876,-0.01250600814819336,1779099311.266923,-0.01644134521484375,0.0,map,base_link,3.9930880621774216,1.6404927373356175,0.0,1.6146098847094652
27.24555670799964,1779099311.300524,1779099311.300524,0.0,1779099311.300524,0.0,1779099311.3146336,-0.014109611511230469,1779099311.3229876,-0.022463560104370117,1779099311.3120773,-0.011553287506103516,0.0,map,base_link,3.988666565378045,1.7023653457727494,0.0,1.6316173303556691
27.300900043000183,1779099311.3755262,1779099311.3755262,0.0,1779099311.3755262,0.0,1779099311.3646688,0.010857343673706055,1779099311.3729875,0.0025386810302734375,1779099311.3717382,0.003787994384765625,0.0,map,base_link,3.9612893808242458,1.7554721961471311,0.0,1.6629674088930033
27.346317493999777,1779099311.4254658,1779099311.4254658,0.0,1779099311.4254658,0.0,1779099311.4146543,0.010811567306518555,1779099311.4229875,0.002478361129760742,1779099311.4119952,0.013470649719238281,0.0,map,base_link,3.941090609975764,1.8004386644640982,0.0,1.6933884614872445
27.391299720999996,1779099311.450468,1779099311.450468,0.0,1779099311.450468,0.0,1779099311.444643,0.005825042724609375,1779099311.4629874,-0.012519359588623047,1779099311.45177,-0.0013020038604736328,0.0,map,base_link,3.934337805342703,1.8344192178011598,0.0,1.725604030581652
27.44782268600011,1779099311.525527,1779099311.525527,0.0,1779099311.525527,0.0,1779099311.51465,0.010876893997192383,1779099311.5229876,0.002539396286010742,1779099311.51168,0.013847112655639648,0.0,map,base_link,3.920468582481461,1.914682324841055,0.0,1.753611923762024
27.495734252999682,1779099311.5755885,1779099311.5505385,0.025049924850463867,1779099311.5505385,0.025049924850463867,1779099311.5646737,0.010914802551269531,1779099311.5729876,0.0026009082794189453,1779099311.5718699,0.0037186145782470703,0.0,map,base_link,3.896350749466033,1.9411196203026715,0.0,1.7935302375251458
27.549342727000294,1779099311.6254628,1779099311.6254628,0.0,1779099311.6254628,0.0,1779099311.6146734,0.01078939437866211,1779099311.6229875,0.002475261688232422,1779099311.6117938,0.013669013977050781,0.0,map,base_link,3.876924644688133,2.0106634812528683,0.0,1.8058891963205603
27.598097056999904,1779099311.6754668,1779099311.675467,-2.384185791015625e-07,1779099311.675467,-2.384185791015625e-07,1779099311.6646652,0.010801553726196289,1779099311.6729875,0.0024793148040771484,1779099311.6719732,0.0034935474395751953,0.0,map,base_link,3.847040364322134,2.1149123063010182,0.0,1.8434898539620967
27.6420730990003,1779099311.7004635,1779099311.7004635,0.0,1779099311.7004635,0.0,1779099311.714684,-0.014220476150512695,1779099311.7129874,-0.012523889541625977,1779099311.7120104,-0.011546850204467773,0.0,map,base_link,3.8268059963085292,2.145607941834802,0.0,1.8554323422853953
27.697730552000394,1779099311.775531,1779099311.775531,0.0,1779099311.775531,0.0,1779099311.7646995,0.010831594467163086,1779099311.7729876,0.0025434494018554688,1779099311.7718747,0.0036563873291015625,0.0,map,base_link,3.8037166817210837,2.2224475104296175,0.0,1.8768260919482422
27.746013853000477,1779099311.8255217,1779099311.8255217,0.0,1779099311.8255217,0.0,1779099311.824686,0.0008356571197509766,1779099311.8229876,0.002534151077270508,1779099311.8119123,0.01360940933227539,0.0,map,base_link,3.7665800592783985,2.295773999146127,0.0,1.9059809686108298
27.790855103000467,1779099311.8505237,1779099311.8505237,0.0,1779099311.8505237,0.0,1779099311.864666,-0.014142274856567383,1779099311.8629875,-0.012463808059692383,1779099311.851964,-0.001440286636352539,0.0,map,base_link,3.754389183652572,2.3215234967389793,0.0,1.9226078603144496
27.845634956999675,1779099311.9254653,1779099311.9004686,0.02499675750732422,1779099311.9004686,0.02499675750732422,1779099311.9146698,0.01079559326171875,1779099311.9229875,0.002477884292602539,1779099311.9118102,0.01365518569946289,0.0,map,base_link,3.733134330201274,2.3614663523305457,0.0,1.9351741792191557
27.901133252999898,1779099311.9757152,1779099311.9757152,0.0,1779099311.9757152,0.0,1779099311.9746792,0.001035928726196289,1779099311.9729877,0.002727508544921875,1779099311.971832,0.0038831233978271484,0.0,map,base_link,3.6896644761109796,2.4651081346856936,0.0,1.9433225785322696
27.9449364459997,1779099312.0005958,1779099312.0005958,0.0,1779099312.0005958,0.0,1779099312.014672,-0.01407623291015625,1779099312.0229876,-0.022391796112060547,1779099312.01191,-0.011314153671264648,0.0,map,base_link,3.662397257124665,2.502665012950411,0.0,1.9479204386838747
27.999602249999953,1779099312.0756123,1779099312.0756123,0.0,1779099312.0756123,0.0,1779099312.0646887,0.010923624038696289,1779099312.0729876,0.0026247501373291016,1779099312.0668077,0.008804559707641602,0.0,map,base_link,3.6410458848923657,2.5941107976977,0.0,1.9533551539490956
28.044759086999875,1779099312.1005642,1779099312.1005642,0.0,1779099312.1005642,0.0,1779099312.1246595,-0.02409529685974121,1779099312.1229875,-0.022423267364501953,1779099312.1116805,-0.011116266250610352,0.0,map,base_link,3.6405888586270816,2.6029409743510046,0.0,1.953282173879405
28.09224814800018,1779099312.150463,1779099312.150463,0.0,1779099312.150463,0.0,1779099312.1646597,-0.014196634292602539,1779099312.1629875,-0.01252436637878418,1779099312.1519637,-0.0015006065368652344,0.0,map,base_link,3.6119837080829518,2.6590021220170437,0.0,1.945262289071791
28.14787686999989,1779099312.2254667,1779099312.2254667,0.0,1779099312.2254667,0.0,1779099312.2145872,0.0108795166015625,1779099312.2229877,0.002479076385498047,1779099312.2119606,0.013506174087524414,0.0,map,base_link,3.5970214620289855,2.8496668463254142,0.0,1.9396186555213335
28.190874877999704,1779099312.250463,1779099312.250463,0.0,1779099312.250463,0.0,1779099312.244662,0.005800962448120117,1779099312.2629876,-0.012524604797363281,1779099312.2518003,-0.001337289810180664,0.0,map,base_link,3.5918306636001347,2.809623244242096,0.0,1.93198846231833
28.24705078399984,1779099312.325477,1779099312.325477,0.0,1779099312.325477,0.0,1779099312.324673,0.0008039474487304688,1779099312.3229876,0.002489328384399414,1779099312.3116689,0.013808012008666992,0.0,map,base_link,3.5399046297474053,2.9112380526895905,0.0,1.9189356099900896
28.29408142000011,1779099312.3504655,1779099312.3504655,0.0,1779099312.3504655,0.0,1779099312.3646948,-0.014229297637939453,1779099312.3629875,-0.012521982192993164,1779099312.3718188,-0.02135324478149414,0.0,map,base_link,3.5623373729189822,2.9508310002957123,0.0,1.8862438990959043
28.34735171200009,1779099312.425479,1779099312.425479,0.0,1779099312.425479,0.0,1779099312.41468,0.010798931121826172,1779099312.4229875,0.002491474151611328,1779099312.411799,0.013679981231689453,0.0,map,base_link,3.553336052130385,2.9804800738684585,0.0,1.8748679119231428
28.39254885199989,1779099312.4504685,1779099312.4504685,0.0,1779099312.4504685,0.0,1779099312.4445891,0.005879402160644531,1779099312.4629874,-0.012518882751464844,1779099312.4517474,-0.0012788772583007812,0.0,map,base_link,3.5411799566601303,3.0391883413495493,0.0,1.8510103029665215
28.4471867150005,1779099312.525472,1779099312.525472,0.0,1779099312.525472,0.0,1779099312.5146875,0.010784387588500977,1779099312.5229876,0.0024843215942382812,1779099312.5116925,0.013779401779174805,0.0,map,base_link,3.5376185926132697,3.20136175364093,0.0,1.8263445891773908
28.492379797000467,1779099312.5504646,1779099312.5504644,2.384185791015625e-07,1779099312.5504644,2.384185791015625e-07,1779099312.5646868,-0.014222145080566406,1779099312.5629876,-0.01252293586730957,1779099312.5516348,-0.0011701583862304688,0.0,map,base_link,3.544309902014022,3.0958807041579335,0.0,1.7994498380187107
28.547338446999674,1779099312.625479,1779099312.625479,0.0,1779099312.625479,0.0,1779099312.6246874,0.0007915496826171875,1779099312.6229875,0.002491474151611328,1779099312.611968,0.013510942459106445,0.0,map,base_link,3.525550328230752,3.2901551217789917,0.0,1.771385390827106
28.594372970000222,1779099312.6504712,1779099312.6504712,0.0,1779099312.6504712,0.0,1779099312.6747904,-0.024319171905517578,1779099312.6629875,-0.012516260147094727,1779099312.6718292,-0.021358013153076172,0.0,map,base_link,3.55413513562425,3.264928003077723,0.0,1.7310686429232687
28.647595233000175,1779099312.7255588,1779099312.7255588,0.0,1779099312.7255588,0.0,1779099312.714773,0.010785818099975586,1779099312.7229877,0.00257110595703125,1779099312.7118886,0.013670206069946289,0.0,map,base_link,3.5360031431806895,3.4000546106649354,0.0,1.7183060980933542
28.693509048000124,1779099312.7505252,1779099312.7505252,0.0,1779099312.7505252,0.0,1779099312.7747555,-0.024230241775512695,1779099312.7629876,-0.012462377548217773,1779099312.7717483,-0.021223068237304688,0.0,map,base_link,3.5421275489948547,3.354037398021296,0.0,1.6916785467395812
28.74756135000007,1779099312.825484,1779099312.825484,0.0,1779099312.825484,0.0,1779099312.824805,0.00067901611328125,1779099312.8229876,0.002496480941772461,1779099312.8117313,0.01375269889831543,0.0,map,base_link,3.542702853515629,3.575918816243163,0.0,1.663002092689257
28.793871660999685,1779099312.8504624,1779099312.8504624,0.0,1779099312.8504624,0.0,1779099312.864781,-0.014318466186523438,1779099312.8629875,-0.012525081634521484,1779099312.871731,-0.021268606185913086,0.0,map,base_link,3.5529486813008093,3.54902470307254,0.0,1.6234668016550935
28.848535523000464,1779099312.9254591,1779099312.9254591,0.0,1779099312.9254591,0.0,1779099312.9247746,0.0006844997406005859,1779099312.9229875,0.0024716854095458984,1779099312.9269295,-0.001470327377319336,0.0,map,base_link,3.5640950418664685,3.507349777026052,0.0,1.610215951819671
28.893868563999604,1779099312.9504552,1779099312.9504552,0.0,1779099312.9504552,0.0,1779099312.9747477,-0.024292469024658203,1779099312.9629874,-0.012532234191894531,1779099312.9719524,-0.021497249603271484,0.0,map,base_link,3.5691941437241423,3.647603015872941,0.0,1.5768002069568092
28.94786021100026,1779099313.0254564,1779099313.0254564,0.0,1779099313.0254564,0.0,1779099313.0248218,0.0006346702575683594,1779099313.0229876,0.0024688243865966797,1779099313.0118942,0.013562202453613281,0.0,map,base_link,3.5776234739711077,3.7666678177848194,0.0,1.5665471775783542
28.99361538500034,1779099313.0505617,1779099313.0505617,0.0,1779099313.0505617,0.0,1779099313.0747888,-0.024227142333984375,1779099313.0629876,-0.012425899505615234,1779099313.072023,-0.02146124839782715,0.0,map,base_link,3.5726511170384887,3.780529419892617,0.0,1.5419168555854164
29.046924719000344,1779099313.1254578,1779099313.1254578,0.0,1779099313.1254578,0.0,1779099313.124732,0.0007257461547851562,1779099313.1229875,0.002470254898071289,1779099313.1118085,0.013649225234985352,0.0,map,base_link,3.5893207925654202,3.8282611870330427,0.0,1.5343963164556695
29.09324739299973,1779099313.1505525,1779099313.1505525,0.0,1779099313.1505525,0.0,1779099313.1747072,-0.0241546630859375,1779099313.1629875,-0.012434959411621094,1779099313.1720386,-0.02148604393005371,0.0,map,base_link,3.5968564621483647,3.8738975132784805,0.0,1.516088724886129
29.14698440200027,1779099313.2255363,1779099313.2255363,0.0,1779099313.2255363,0.0,1779099313.225097,0.0004394054412841797,1779099313.2229877,0.002548694610595703,1779099313.212048,0.013488292694091797,0.0,map,base_link,3.607780571179309,3.891019767354473,0.0,1.5121031502084765
29.192840665000404,1779099313.250521,1779099313.2505207,2.384185791015625e-07,1779099313.2505207,2.384185791015625e-07,1779099313.274732,-0.02421116828918457,1779099313.2629876,-0.012466669082641602,1779099313.272145,-0.021624088287353516,0.0,map,base_link,3.6030492254042574,4.046992078337254,0.0,1.4953775277839072
29.246019584999885,1779099313.3255296,1779099313.300525,0.02500462532043457,1779099313.300525,0.02500462532043457,1779099313.3247054,0.0008242130279541016,1779099313.3229876,0.0025420188903808594,1779099313.3120716,0.013458013534545898,0.0,map,base_link,3.6243109990263873,4.045983959315777,0.0,1.4918229220066492
29.29372648699973,1779099313.350463,1779099313.350463,0.0,1779099313.350463,0.0,1779099313.3747149,-0.024251937866210938,1779099313.3629875,-0.012524604797363281,1779099313.3717315,-0.021268606185913086,0.0,map,base_link,3.6484465057338937,4.098739210059869,0.0,1.4820440355730198
29.347127015000297,1779099313.4254527,1779099313.4254527,0.0,1779099313.4254527,0.0,1779099313.4246843,0.0007684230804443359,1779099313.4229875,0.0024652481079101562,1779099313.411969,0.013483762741088867,0.0,map,base_link,3.6363958527198905,4.214606963714511,0.0,1.478366522276664
29.39398495400019,1779099313.450451,1779099313.450451,0.0,1779099313.450451,0.0,1779099313.4746995,-0.024248600006103516,1779099313.4629874,-0.01253652572631836,1779099313.47204,-0.021589040756225586,0.0,map,base_link,3.641643415500454,4.273105124488442,0.0,1.4665888469528614
29.4471774499998,1779099313.525466,1779099313.525466,0.0,1779099313.525466,0.0,1779099313.524759,0.0007069110870361328,1779099313.5229876,0.002478361129760742,1779099313.511919,0.013546943664550781,0.0,map,base_link,3.6576099668578204,4.355412251271451,0.0,1.4635851350836628
29.493614107999747,1779099313.5505397,1779099313.5505397,0.0,1779099313.5505397,0.0,1779099313.574733,-0.024193286895751953,1779099313.5629876,-0.012447834014892578,1779099313.5718892,-0.021349430084228516,0.0,map,base_link,3.6899002877318194,4.36047919651347,0.0,1.461346769371775
29.54638294200049,1779099313.6255436,1779099313.6255436,0.0,1779099313.6255436,0.0,1779099313.6247275,0.0008161067962646484,1779099313.6229875,0.0025560855865478516,1779099313.612033,0.013510704040527344,0.0,map,base_link,3.6678585035977243,4.462862395073927,0.0,1.4598657391640206
29.592972233000182,1779099313.650481,1779099313.650481,0.0,1779099313.650481,0.0,1779099313.6747127,-0.024231672286987305,1779099313.6629875,-0.012506484985351562,1779099313.6719453,-0.02146434783935547,0.0,map,base_link,3.668935035743192,4.528833578334288,0.0,1.4519058775704483
29.649045768000178,1779099313.7255657,1779099313.7255657,0.0,1779099313.7255657,0.0,1779099313.7247028,0.0008628368377685547,1779099313.7229877,0.0025780200958251953,1779099313.7120144,0.01355123519897461,0.0,map,base_link,3.696978016667626,4.603527111437285,0.0,1.4482192754989622
29.691575709999597,1779099313.7504673,1779099313.7504673,0.0,1779099313.7504673,0.0,1779099313.7447085,0.005758762359619141,1779099313.7629876,-0.012520313262939453,1779099313.7520072,-0.0015399456024169922,0.0,map,base_link,3.693840647226723,4.644934617119417,0.0,1.4471693913485217
29.75820778799971,1779099313.8255706,1779099313.8255706,0.0,1779099313.8255706,0.0,1779099313.8248258,0.0007448196411132812,1779099313.8329875,-0.007416963577270508,1779099313.8318117,-0.0062410831451416016,0.0,map,base_link,3.7090498905473406,4.752978548745626,0.0,1.44284378820793
29.791029472000446,1779099313.8505943,1779099313.8505943,0.0,1779099313.8505943,0.0,1779099313.8447893,0.005805015563964844,1779099313.8629875,-0.01239323616027832,1779099313.851896,-0.0013017654418945312,0.0,map,base_link,3.7184735494807044,4.788134429252151,0.0,1.44282950042446
29.848140318000333,1779099313.925578,1779099313.925578,0.0,1779099313.925578,0.0,1779099313.924826,0.0007522106170654297,1779099313.9229875,0.002590656280517578,1779099313.9119854,0.013592720031738281,0.0,map,base_link,3.7430704179873016,4.864376204870732,0.0,1.4413714581776451
29.88093912400018,1779099313.9504907,1779099313.9504907,0.0,1779099313.9504907,0.0,1779099313.9447763,0.00571441650390625,1779099313.9529874,-0.0024967193603515625,1779099313.9520378,-0.001547098159790039,0.0,map,base_link,3.7336792255495106,4.911476522603853,0.0,1.4408564482658166
29.95849201300007,1779099314.0256073,1779099314.0256076,-2.384185791015625e-07,1779099314.0256076,-2.384185791015625e-07,1779099314.0247805,0.0008268356323242188,1779099314.0329876,-0.007380247116088867,1779099314.0320265,-0.006419181823730469,0.0,map,base_link,3.746297536366456,5.0122839829059656,0.0,1.4383768837602846
29.98133379200044,1779099314.0505767,1779099314.0505767,0.0,1779099314.0505767,0.0,1779099314.0447733,0.005803346633911133,1779099314.0529876,-0.002410888671875,1779099314.0518494,-0.0012726783752441406,0.0,map,base_link,3.7641477042015823,5.046576820324422,0.0,1.4373357555793722
30.0469621430002,1779099314.1255472,1779099314.1255472,0.0,1779099314.1255472,0.0,1779099314.1247663,0.0007808208465576172,1779099314.1229875,0.002559661865234375,1779099314.1119447,0.013602495193481445,0.0,map,base_link,3.7710930092430375,5.125934435370391,0.0,1.4367503437348512
30.10967617300048,1779099314.1755521,1779099314.1755521,0.0,1779099314.1755521,0.0,1779099314.1748016,0.0007505416870117188,1779099314.1829875,-0.007435321807861328,1779099314.1719868,0.0035653114318847656,0.0,map,base_link,3.778878811672819,5.201742292261896,0.0,1.436082817298139
30.143658339000467,1779099314.200594,1779099314.2005942,-2.384185791015625e-07,1779099314.2005942,-2.384185791015625e-07,1779099314.2247713,-0.02417731285095215,1779099314.2129874,-0.012393474578857422,1779099314.2117932,-0.011199235916137695,0.0,map,base_link,3.774501504447817,5.239461045015429,0.0,1.4371419058837331
30.197463448000235,1779099314.275567,1779099314.275567,0.0,1779099314.275567,0.0,1779099314.2747538,0.0008132457733154297,1779099314.2729876,0.0025794506072998047,1779099314.2719018,0.0036652088165283203,0.0,map,base_link,3.7896888832205238,5.330108188202696,0.0,1.4374365277161036
30.252056137999716,1779099314.3255508,1779099314.3255508,0.0,1779099314.3255508,0.0,1779099314.3247888,0.0007619857788085938,1779099314.3229876,0.0025632381439208984,1779099314.3116417,0.013909101486206055,0.0,map,base_link,3.793436412395088,5.3319900240393485,0.0,1.4426845947091846
30.30739300500045,1779099314.375569,1779099314.375569,0.0,1779099314.375569,0.0,1779099314.3747888,0.0007803440093994141,1779099314.3829875,-0.007418394088745117,1779099314.3719037,0.003665447235107422,0.0,map,base_link,3.809000142944099,5.464398735351408,0.0,1.4539342835995888
30.35021264900024,1779099314.425566,1779099314.425566,0.0,1779099314.425566,0.0,1779099314.4248104,0.0007555484771728516,1779099314.4229875,0.0025784969329833984,1779099314.412048,0.01351785659790039,0.0,map,base_link,3.813923012159788,5.488624690747816,0.0,1.4584217248199942
30.40425331000006,1779099314.475464,1779099314.475464,0.0,1779099314.475464,0.0,1779099314.474713,0.0007510185241699219,1779099314.4829876,-0.007523536682128906,1779099314.4719133,0.0035507678985595703,0.0,map,base_link,3.8058357332119765,5.5732826968694935,0.0,1.4695024262709113
30.45900488799998,1779099314.525526,1779099314.525526,0.0,1779099314.525526,0.0,1779099314.5248024,0.0007236003875732422,1779099314.5329876,-0.0074615478515625,1779099314.5320716,-0.006545543670654297,0.0,map,base_link,3.8149684956425123,5.626856384376554,0.0,1.4833013474403935
30.506228545999875,1779099314.5754645,1779099314.5754645,0.0,1779099314.5754645,0.0,1779099314.574737,0.0007274150848388672,1779099314.5829875,-0.007523059844970703,1779099314.5719573,0.0035071372985839844,0.0,map,base_link,3.8084470588917023,5.6708400540587744,0.0,1.515028960762819
30.561318455999753,1779099314.6254516,1779099314.6254516,0.0,1779099314.6254516,0.0,1779099314.6247914,0.0006601810455322266,1779099314.6329875,-0.0075359344482421875,1779099314.632017,-0.0065653324127197266,0.0,map,base_link,3.801665488958303,5.749780815341657,0.0,1.5304923307005962
30.605106042000443,1779099314.6755292,1779099314.6755292,0.0,1779099314.6755292,0.0,1779099314.674775,0.0007543563842773438,1779099314.6829875,-0.007458209991455078,1779099314.6721303,0.003398895263671875,0.0,map,base_link,3.8030849306550363,5.797896511706343,0.0,1.547490945079997
30.65939124400029,1779099314.7255244,1779099314.7255244,0.0,1779099314.7255244,0.0,1779099314.7247267,0.0007977485656738281,1779099314.7329876,-0.007463216781616211,1779099314.7320988,-0.006574392318725586,0.0,map,base_link,3.7994511828762385,5.843671865363779,0.0,1.56460742924863
30.705849949000367,1779099314.7755456,1779099314.7755456,0.0,1779099314.7755456,0.0,1779099314.774794,0.000751495361328125,1779099314.7829876,-0.007441997528076172,1779099314.7719107,0.003634929656982422,0.0,map,base_link,3.7874219274359784,5.893264140880194,0.0,1.5820918631032597
30.760267245999785,1779099314.8255477,1779099314.8255477,0.0,1779099314.8255477,0.0,1779099314.8248317,0.0007159709930419922,1779099314.8329875,-0.007439851760864258,1779099314.8319867,-0.0064389705657958984,0.0,map,base_link,3.7840713330312434,5.954794578839088,0.0,1.6003312177021303
30.784170947999883,1779099314.8504646,1779099314.8504646,0.0,1779099314.8504646,0.0,1779099314.8547888,-0.004324197769165039,1779099314.8529875,-0.0025229454040527344,1779099314.8519871,-0.0015225410461425781,0.0,map,base_link,3.7808480743449167,5.97962908661601,0.0,1.6177792691323312
30.858687973000087,1779099314.9254565,1779099314.9254565,0.0,1779099314.9254565,0.0,1779099314.9247346,0.0007219314575195312,1779099314.9329875,-0.007530927658081055,1779099314.9319491,-0.00649261474609375,0.0,map,base_link,3.7701321086487103,6.059017035576664,0.0,1.6361667830079225
30.88078568200035,1779099314.9504497,1779099314.9504497,0.0,1779099314.9504497,0.0,1779099314.9547377,-0.0042879581451416016,1779099314.9529874,-0.0025377273559570312,1779099314.9517777,-0.0013279914855957031,0.0,map,base_link,3.7695955325582013,6.084389504016636,0.0,1.6448922161321289
30.96005999800036,1779099315.025461,1779099315.025461,0.0,1779099315.025461,0.0,1779099315.0247753,0.0006856918334960938,1779099315.0329876,-0.0075266361236572266,1779099315.032068,-0.0066070556640625,0.0,map,base_link,3.74365803798942,6.178493931304979,0.0,1.672846815456807
31.004678354000134,1779099315.0754533,1779099315.0754533,0.0,1779099315.0754533,0.0,1779099315.07474,0.000713348388671875,1779099315.0729876,0.0024657249450683594,1779099315.0720987,0.0033545494079589844,0.0,map,base_link,3.737721827114624,6.227590014528216,0.0,1.6910758380478275
31.057989975000055,1779099315.1254525,1779099315.1254525,0.0,1779099315.1254525,0.0,1779099315.1247344,0.0007181167602539062,1779099315.1329875,-0.007534980773925781,1779099315.1317427,-0.0062901973724365234,0.0,map,base_link,3.7262551733242053,6.2797693420078895,0.0,1.7081843806351213
31.10430931599967,1779099315.1755252,1779099315.1755252,0.0,1779099315.1755252,0.0,1779099315.1747205,0.0008046627044677734,1779099315.1829875,-0.007462263107299805,1779099315.1719315,0.0035936832427978516,0.0,map,base_link,3.7173631276963692,6.34937095173348,0.0,1.727780531471095
31.157898641999964,1779099315.2255344,1779099315.2255344,0.0,1779099315.2255344,0.0,1779099315.2247612,0.0007731914520263672,1779099315.2329876,-0.007453203201293945,1779099315.231827,-0.006292581558227539,0.0,map,base_link,3.7022183919328726,6.410094281101506,0.0,1.732785054043906
31.20214673299961,1779099315.2755272,1779099315.2755272,0.0,1779099315.2755272,0.0,1779099315.2747405,0.0007867813110351562,1779099315.2729876,0.0025396347045898438,1779099315.2718842,0.003643035888671875,0.0,map,base_link,3.694675401534894,6.461276943654626,0.0,1.7431720975168215
31.257166090000283,1779099315.3254569,1779099315.3254569,0.0,1779099315.3254569,0.0,1779099315.3247397,0.0007171630859375,1779099315.3329875,-0.007530689239501953,1779099315.3319154,-0.0064585208892822266,0.0,map,base_link,3.684221600229779,6.518346130900275,0.0,1.753337768896972
31.301485877000232,1779099315.3754501,1779099315.3754501,0.0,1779099315.3754501,0.0,1779099315.3747282,0.0007219314575195312,1779099315.3729875,0.002462625503540039,1779099315.3717935,0.003656625747680664,0.0,map,base_link,3.6708097486355333,6.55952113591484,0.0,1.761794483914344
31.35613222200027,1779099315.4254491,1779099315.4254491,0.0,1779099315.4254491,0.0,1779099315.424731,0.0007181167602539062,1779099315.4329875,-0.007538318634033203,1779099315.4320464,-0.006597280502319336,0.0,map,base_link,3.6669812808848077,6.631340301853222,0.0,1.7730842068869983
31.409266329000275,1779099315.4754615,1779099315.4754615,0.0,1779099315.4754615,0.0,1779099315.4747565,0.0007050037384033203,1779099315.4829876,-0.0075261592864990234,1779099315.4720657,0.0033957958221435547,0.0,map,base_link,3.6463484567705624,6.672555379411451,0.0,1.775872501653646
31.455312338000113,1779099315.5255392,1779099315.5255392,0.0,1779099315.5255392,0.0,1779099315.5248437,0.0006954669952392578,1779099315.5329876,-0.007448434829711914,1779099315.5319364,-0.006397247314453125,0.0,map,base_link,3.633402073200135,6.742313695592468,0.0,1.7818578711861752
31.50827737199961,1779099315.5755272,1779099315.5755272,0.0,1779099315.5755272,0.0,1779099315.5747275,0.0007996559143066406,1779099315.5829875,-0.007460355758666992,1779099315.5721817,0.003345489501953125,0.0,map,base_link,3.6333954801709023,6.790010348526874,0.0,1.784823256334992
31.552409369000088,1779099315.6255267,1779099315.6255267,0.0,1779099315.6255267,0.0,1779099315.6247473,0.0007793903350830078,1779099315.6229875,0.0025391578674316406,1779099315.6319194,-0.006392717361450195,0.0,map,base_link,3.6156578540072593,6.837245642585595,0.0,1.7796655144290163
31.60487452899997,1779099315.67552,1779099315.6755197,2.384185791015625e-07,1779099315.6755197,2.384185791015625e-07,1779099315.6747582,0.0007617473602294922,1779099315.6829875,-0.007467508316040039,1779099315.6721482,0.003371715545654297,0.0,map,base_link,3.607201040758639,6.926217311933125,0.0,1.7770328125352821
31.65949370599992,1779099315.7254603,1779099315.7254603,0.0,1779099315.7254603,0.0,1779099315.7247553,0.0007050037384033203,1779099315.7329876,-0.007527351379394531,1779099315.7269247,-0.0014643669128417969,0.0,map,base_link,3.5994683532949363,6.941618535878322,0.0,1.7705778866185027
31.706439313000374,1779099315.7755225,1779099315.7755225,0.0,1779099315.7755225,0.0,1779099315.7747395,0.0007829666137695312,1779099315.7829876,-0.0074651241302490234,1779099315.77208,0.003442525863647461,0.0,map,base_link,3.6037501575677755,6.994904459428648,0.0,1.7515800183805181
31.760792213999594,1779099315.8255363,1779099315.8255363,0.0,1779099315.8255363,0.0,1779099315.824799,0.0007371902465820312,1779099315.8329875,-0.007451295852661133,1779099315.8321497,-0.006613492965698242,0.0,map,base_link,3.5940739628814953,7.0279253651068085,0.0,1.7407715420424326
31.805004388999805,1779099315.8754652,1779099315.8754652,0.0,1779099315.8754652,0.0,1779099315.8747995,0.0006656646728515625,1779099315.8829875,-0.0075223445892333984,1779099315.872177,0.00328826904296875,0.0,map,base_link,3.595213961119482,7.071254232256203,0.0,1.7285989897562801
31.859768041999814,1779099315.9255588,1779099315.9255588,0.0,1779099315.9255588,0.0,1779099315.924751,0.0008077621459960938,1779099315.9329875,-0.007428646087646484,1779099315.9319296,-0.0063707828521728516,0.0,map,base_link,3.598349034919371,7.125794284738793,0.0,1.7163493928218274
31.90292877200045,1779099315.975591,1779099315.975591,0.0,1779099315.975591,0.0,1779099315.9747598,0.0008311271667480469,1779099315.9729877,0.002603292465209961,1779099315.9720519,0.0035390853881835938,0.0,map,base_link,3.591376816725689,7.140399534305083,0.0,1.7092406114797103
31.95791962000021,1779099316.025558,1779099316.025558,0.0,1779099316.025558,0.0,1779099316.0247872,0.0007708072662353516,1779099316.0329876,-0.007429599761962891,1779099316.0320015,-0.006443500518798828,0.0,map,base_link,3.593342796814828,7.200279864966658,0.0,1.6938700307990135
32.01078384500033,1779099316.075479,1779099316.0754788,2.384185791015625e-07,1779099316.0754788,2.384185791015625e-07,1779099316.0747612,0.0007178783416748047,1779099316.0829875,-0.007508516311645508,1779099316.0719812,0.0034978389739990234,0.0,map,base_link,3.60201475476292,7.2624768478877675,0.0,1.6869862220665688
32.05822342600004,1779099316.1255662,1779099316.1255662,0.0,1779099316.1255662,0.0,1779099316.1247659,0.0008003711700439453,1779099316.1329875,-0.007421255111694336,1779099316.132119,-0.006552696228027344,0.0,map,base_link,3.5914558773796452,7.270309099207682,0.0,1.6637870465208333
32.11111152900048,1779099316.1755362,1779099316.1755362,0.0,1779099316.1755362,0.0,1779099316.174751,0.0007851123809814453,1779099316.1829875,-0.007451295852661133,1779099316.1869226,-0.011386394500732422,0.0,map,base_link,3.614520399858681,7.333643233130917,0.0,1.6563291586218145
32.15719209300005,1779099316.2254672,1779099316.2254672,0.0,1779099316.2254672,0.0,1779099316.2248564,0.0006108283996582031,1779099316.2329876,-0.007520437240600586,1779099316.2318895,-0.006422281265258789,0.0,map,base_link,3.604533603887768,7.351115883173243,0.0,1.6331047808638288
32.20974306399967,1779099316.2755637,1779099316.2755637,0.0,1779099316.2755637,0.0,1779099316.274885,0.0006787776947021484,1779099316.2829876,-0.007423877716064453,1779099316.2718537,0.003710031509399414,0.0,map,base_link,3.6127885099953514,7.405946992298351,0.0,1.6245237726542476
32.2556279219998,1779099316.3254702,1779099316.3254702,0.0,1779099316.3254702,0.0,1779099316.3247645,0.000705718994140625,1779099316.3329875,-0.007517337799072266,1779099316.3319902,-0.00652003288269043,0.0,map,base_link,3.6159156234344336,7.4202751072143345,0.0,1.5983262469476758
32.30800864899993,1779099316.3754666,1779099316.3754666,0.0,1779099316.3754666,0.0,1779099316.3747585,0.0007081031799316406,1779099316.3829875,-0.007520914077758789,1779099316.3720167,0.0034499168395996094,0.0,map,base_link,3.6194863115043745,7.478201256370466,0.0,1.5900144525698459
32.35255547700035,1779099316.425557,1779099316.425557,0.0,1779099316.425557,0.0,1779099316.4248471,0.0007097721099853516,1779099316.4229875,0.002569437026977539,1779099316.4318793,-0.006322383880615234,0.0,map,base_link,3.6153356654744835,7.508484814168684,0.0,1.5699661522855834
32.40700402499988,1779099316.4754755,1779099316.4754753,2.384185791015625e-07,1779099316.4754753,2.384185791015625e-07,1779099316.4848056,-0.009330034255981445,1779099316.4829876,-0.007512092590332031,1779099316.4719028,0.003572702407836914,0.0,map,base_link,3.6391515732523247,7.531143862920789,0.0,1.5545425753261477
32.4391491260003,1779099316.500472,1779099316.500472,0.0,1779099316.500472,0.0,1779099316.504927,-0.004454851150512695,1779099316.5129876,-0.012515544891357422,1779099316.5117915,-0.011319398880004883,0.0,map,base_link,3.641248609271088,7.551441608888721,0.0,1.5450304271969504
32.50459894800042,1779099316.5754693,1779099316.5754695,-2.384185791015625e-07,1779099316.5754695,-2.384185791015625e-07,1779099316.5747643,0.0007050037384033203,1779099316.5829875,-0.007518291473388672,1779099316.5719824,0.0034868717193603516,0.0,map,base_link,3.6588569459567672,7.623771509040706,0.0,1.5173282095684906
32.559406100999695,1779099316.625465,1779099316.625465,0.0,1779099316.625465,0.0,1779099316.6348393,-0.009374380111694336,1779099316.6329875,-0.0075225830078125,1779099316.6320791,-0.006614208221435547,0.0,map,base_link,3.6591589110163616,7.615503262905837,0.0,1.4987056907939171
32.583501523999985,1779099316.650474,1779099316.650474,0.0,1779099316.650474,0.0,1779099316.6548717,-0.00439763069152832,1779099316.6529875,-0.002513408660888672,1779099316.652012,-0.0015380382537841797,0.0,map,base_link,3.6623363388738683,7.689707356050961,0.0,1.4773199971876423
32.659484048000195,1779099316.7254772,1779099316.7254772,0.0,1779099316.7254772,0.0,1779099316.7248735,0.0006036758422851562,1779099316.7329876,-0.00751042366027832,1779099316.7317615,-0.006284236907958984,0.0,map,base_link,3.699671897896507,7.74389985556123,0.0,1.4583094571921236
32.70470528500027,1779099316.7754793,1779099316.7754793,0.0,1779099316.7754793,0.0,1779099316.7848508,-0.009371519088745117,1779099316.7829876,-0.007508277893066406,1779099316.7718675,0.0036118030548095703,0.0,map,base_link,3.6890315015772357,7.735623947147564,0.0,1.427496131886576
32.737507455000014,1779099316.8004675,1779099316.8004675,0.0,1779099316.8004675,0.0,1779099316.804845,-0.004377603530883789,1779099316.8129876,-0.012520074844360352,1779099316.8120346,-0.011567115783691406,0.0,map,base_link,3.7179938598974838,7.793091929213645,0.0,1.4181159188658545
32.806323107000026,1779099316.8754728,1779099316.8754728,0.0,1779099316.8754728,0.0,1779099316.874845,0.0006277561187744141,1779099316.8829875,-0.0075147151947021484,1779099316.8717787,0.0036940574645996094,0.0,map,base_link,3.7140469830552107,7.804042019083766,0.0,1.3754345506260004
32.85176401999979,1779099316.9254847,1779099316.9254847,0.0,1779099316.9254847,0.0,1779099316.9048843,0.020600318908691406,1779099316.9229875,0.0024971961975097656,1779099316.911918,0.013566732406616211,0.0,map,base_link,3.7403941759640937,7.857457890438473,0.0,1.352963513852269
32.88601041400034,1779099316.9504986,1779099316.9504986,0.0,1779099316.9504986,0.0,1779099316.9548895,-0.0043909549713134766,1779099316.9629874,-0.012488842010498047,1779099316.9517167,-0.0012180805206298828,0.0,map,base_link,3.740911716402524,7.852076017860011,0.0,1.3326099552864874
32.93967809100013,1779099317.00047,1779099317.00047,0.0,1779099317.00047,0.0,1779099317.0049088,-0.004438877105712891,1779099317.0129876,-0.012517690658569336,1779099317.0118427,-0.011372804641723633,0.0,map,base_link,3.7541619852492984,7.877644494217941,0.0,1.3214594631980574
33.00451651000003,1779099317.0754848,1779099317.075485,-2.384185791015625e-07,1779099317.075485,-2.384185791015625e-07,1779099317.0849197,-0.009434938430786133,1779099317.0829875,-0.00750279426574707,1779099317.071959,0.0035257339477539062,0.0,map,base_link,3.7749346710187597,7.936885438059811,0.0,1.3004959190262715
33.0383839670003,1779099317.100468,1779099317.100468,0.0,1779099317.100468,0.0,1779099317.1048996,-0.004431724548339844,1779099317.1129875,-0.012519598007202148,1779099317.1120286,-0.011560678482055664,0.0,map,base_link,3.7941988655818832,7.961981244970085,0.0,1.2774832976596595
33.08467808499972,1779099317.150471,1779099317.150471,0.0,1779099317.150471,0.0,1779099317.154787,-0.004316091537475586,1779099317.1629875,-0.012516498565673828,1779099317.1519234,-0.0014524459838867188,0.0,map,base_link,3.806363019195083,7.9907920194290885,0.0,1.256775934383838
33.13929850400018,1779099317.20046,1779099317.20046,0.0,1779099317.20046,0.0,1779099317.2046978,-0.0042378902435302734,1779099317.2129874,-0.0125274658203125,1779099317.21182,-0.011359930038452148,0.0,map,base_link,3.821207360727433,8.002752089880259,0.0,1.2349874958470413
33.20486284799972,1779099317.2754931,1779099317.2754931,0.0,1779099317.2754931,0.0,1779099317.2748678,0.0006253719329833984,1779099317.2829876,-0.007494449615478516,1779099317.2717075,0.0037856101989746094,0.0,map,base_link,9.821464668528447,0.8333813721543999,0.0,-0.16836742225633905
33.25974336899981,1779099317.3254857,1779099317.3254857,0.0,1779099317.3254857,0.0,1779099317.334925,-0.009439229965209961,1779099317.3329875,-0.007501840591430664,1779099317.3317354,-0.006249666213989258,0.0,map,base_link,9.856376576921782,0.8225585775329183,0.0,-0.2040281514380583
33.29195408299984,1779099317.3504663,1779099317.3504663,0.0,1779099317.3504663,0.0,1779099317.3548436,-0.0043773651123046875,1779099317.3629875,-0.01252126693725586,1779099317.351854,-0.0013878345489501953,0.0,map,base_link,9.874338110555176,0.8162210737690012,0.0,-0.20902955116373356
33.335697071999675,1779099317.4004843,1779099317.4004843,0.0,1779099317.4004843,0.0,1779099317.4047394,-0.004255056381225586,1779099317.4129875,-0.01250314712524414,1779099317.4117775,-0.011293172836303711,0.0,map,base_link,9.906780260735086,0.7967560391763202,0.0,-0.23757547710029603
33.409961272000146,1779099317.4754758,1779099317.4754758,0.0,1779099317.4754758,0.0,1779099317.4847746,-0.00929880142211914,1779099317.4829876,-0.00751185417175293,1779099317.4720595,0.003416299819946289,0.0,map,base_link,9.811579713283539,0.5421586647782792,0.0,-0.3017400853439821
33.43222865300049,1779099317.5004668,1779099317.5004668,0.0,1779099317.5004668,0.0,1779099317.5047154,-0.004248619079589844,1779099317.5029876,-0.0025207996368408203,1779099317.5117753,-0.011308431625366211,0.0,map,base_link,9.837817584320257,0.5252414030208508,0.0,-0.31386565549031403
33.48662805999993,1779099317.5505252,1779099317.5505252,0.0,1779099317.5505252,0.0,1779099317.554782,-0.004256725311279297,1779099317.5629876,-0.012462377548217773,1779099317.5517118,-0.0011866092681884766,0.0,map,base_link,9.905861091427024,0.4979011026704043,0.0,-0.33729338838583117
33.55183991600006,1779099317.625472,1779099317.625472,0.0,1779099317.625472,0.0,1779099317.604876,0.020596027374267578,1779099317.6229875,0.002484560012817383,1779099317.611598,0.013874053955078125,0.0,map,base_link,9.90782355422154,0.48107051694979663,0.0,-0.36262493850931193
33.583384462999675,1779099317.6504633,1779099317.650463,2.384185791015625e-07,1779099317.650463,2.384185791015625e-07,1779099317.6547606,-0.0042972564697265625,1779099317.6529875,-0.002524137496948242,1779099317.6519291,-0.0014657974243164062,0.0,map,base_link,9.959707821208166,0.452104828281942,0.0,-0.37887713466002626
33.63769168300041,1779099317.7004638,1779099317.7004638,0.0,1779099317.7004638,0.0,1779099317.7048345,-0.004370689392089844,1779099317.7129874,-0.012523651123046875,1779099317.7117958,-0.011332035064697266,0.0,map,base_link,9.997546128736161,0.42701966150396053,0.0,-0.39979553342033447
33.68631528399965,1779099317.7505267,1779099317.7505267,0.0,1779099317.7505267,0.0,1779099317.7548149,-0.004288196563720703,1779099317.7629876,-0.012460947036743164,1779099317.751852,-0.001325368881225586,0.0,map,base_link,10.025199318770262,0.39853856440049995,0.0,-0.4680621084947027
33.739312990000144,1779099317.8005257,1779099317.8005257,0.0,1779099317.8005257,0.0,1779099317.8047888,-0.004263162612915039,1779099317.8129876,-0.01246190071105957,1779099317.8117545,-0.011228799819946289,0.0,map,base_link,10.06103643601605,0.35416496388950414,0.0,-0.48659848656797017
33.78438339100012,1779099317.8504658,1779099317.8504658,0.0,1779099317.8504658,0.0,1779099317.8548245,-0.004358768463134766,1779099317.8629875,-0.012521743774414062,1779099317.851982,-0.0015163421630859375,0.0,map,base_link,10.12173069986772,0.3393047715619719,0.0,-0.5051519154979964
33.83737111600021,1779099317.9004595,1779099317.9004595,0.0,1779099317.9004595,0.0,1779099317.904795,-0.0043354034423828125,1779099317.9129875,-0.012527942657470703,1779099317.9117289,-0.011269330978393555,0.0,map,base_link,10.177616291067604,0.29866741975312205,0.0,-0.5122965990296077
33.88213483199979,1779099317.9504633,1779099317.9504633,0.0,1779099317.9504633,0.0,1779099317.9548056,-0.004342317581176758,1779099317.9529874,-0.002524137496948242,1779099317.9518783,-0.0014150142669677734,0.0,map,base_link,10.220431027269147,0.263388436206621,0.0,-0.5237019705117033
33.93689678299961,1779099318.0005834,1779099318.0005834,0.0,1779099318.0005834,0.0,1779099318.0047762,-0.004192829132080078,1779099318.0129876,-0.012404203414916992,1779099318.0117571,-0.011173725128173828,0.0,map,base_link,10.282473102374624,0.23579726085821218,0.0,-0.5228249912920562
33.99078347199975,1779099318.0505433,1779099318.0505433,0.0,1779099318.0505433,0.0,1779099318.0547833,-0.0042400360107421875,1779099318.0629876,-0.012444257736206055,1779099318.0517735,-0.0012302398681640625,0.0,map,base_link,10.33868591896275,0.2051256759075324,0.0,-0.5190089496967913
34.03471114700005,1779099318.100584,1779099318.100584,0.0,1779099318.100584,0.0,1779099318.104816,-0.004231929779052734,1779099318.1129875,-0.012403488159179688,1779099318.1116095,-0.011025428771972656,0.0,map,base_link,10.393072009834004,0.17241381736249473,0.0,-0.5151033497459387
34.08720487699975,1779099318.1504679,1779099318.1504679,0.0,1779099318.1504679,0.0,1779099318.1548207,-0.0043528079986572266,1779099318.1629875,-0.012519598007202148,1779099318.1517525,-0.0012845993041992188,0.0,map,base_link,10.446908953714027,0.13746972747398356,0.0,-0.5089182664969418
34.139269600999796,1779099318.2004647,1779099318.2004647,0.0,1779099318.2004647,0.0,1779099318.2047162,-0.0042514801025390625,1779099318.2129874,-0.012522697448730469,1779099318.2118704,-0.011405706405639648,0.0,map,base_link,10.508576356481909,0.10883592286725108,0.0,-0.5015065094569835
34.18130107700017,1779099318.2505908,1779099318.2505908,0.0,1779099318.2505908,0.0,1779099318.2547953,-0.004204511642456055,1779099318.2529876,-0.002396821975708008,1779099318.2519732,-0.0013823509216308594,0.0,map,base_link,10.57605575075723,0.0826688803487432,0.0,-0.49070621169537837
34.23393029900035,1779099318.3005502,1779099318.30055,2.384185791015625e-07,1779099318.30055,2.384185791015625e-07,1779099318.304795,-0.004244804382324219,1779099318.3129876,-0.01243734359741211,1779099318.3119328,-0.011382579803466797,0.0,map,base_link,10.639254515319132,0.051416387590542456,0.0,-0.47123964629781073
34.28676285199981,1779099318.350466,1779099318.350466,0.0,1779099318.350466,0.0,1779099318.3548105,-0.004344463348388672,1779099318.3629875,-0.012521505355834961,1779099318.351827,-0.0013608932495117188,0.0,map,base_link,10.694674199921318,0.03342028658427498,0.0,-0.4503323312363817
34.33829358999992,1779099318.400548,1779099318.400548,0.0,1779099318.400548,0.0,1779099318.4047961,-0.004248142242431641,1779099318.4129875,-0.012439489364624023,1779099318.411646,-0.011097908020019531,0.0,map,base_link,10.746859083859224,0.013588815708134305,0.0,-0.43307789217410203
34.381997569000305,1779099318.4504695,1779099318.4504695,0.0,1779099318.4504695,0.0,1779099318.4348125,0.01565694808959961,1779099318.4529874,-0.0025179386138916016,1779099318.451636,-0.0011665821075439453,0.0,map,base_link,10.819855806346297,-0.00814160262193031,0.0,-0.4062856674717925
34.43694899900038,1779099318.5005252,1779099318.5005252,0.0,1779099318.5005252,0.0,1779099318.5047796,-0.004254341125488281,1779099318.5129876,-0.012462377548217773,1779099318.5116324,-0.011107206344604492,0.0,map,base_link,10.88092763722628,-0.020456899871460266,0.0,-0.37798914033908865
34.48097428300025,1779099318.5504634,1779099318.5504634,0.0,1779099318.5504634,0.0,1779099318.554803,-0.004339456558227539,1779099318.5529876,-0.002524137496948242,1779099318.5516047,-0.0011413097381591797,0.0,map,base_link,10.90454377368413,-0.025842467033733385,0.0,-0.34651951815486315
34.53587467000034,1779099318.6004646,1779099318.6004646,0.0,1779099318.6004646,0.0,1779099318.6048398,-0.0043752193450927734,1779099318.6129875,-0.01252293586730957,1779099318.6117933,-0.011328697204589844,0.0,map,base_link,11.00310050049605,-0.05568526880892488,0.0,-0.32026290270667845
34.588764332999745,1779099318.6504686,1779099318.6504686,0.0,1779099318.6504686,0.0,1779099318.6548362,-0.0043675899505615234,1779099318.6629875,-0.012518882751464844,1779099318.6519382,-0.0014696121215820312,0.0,map,base_link,11.046108126052994,-0.04598730088376701,0.0,-0.30272775222673437
34.63519528100005,1779099318.700458,1779099318.7004583,-2.384185791015625e-07,1779099318.7004583,-2.384185791015625e-07,1779099318.7047963,-0.004338264465332031,1779099318.7129874,-0.012529373168945312,1779099318.7119153,-0.011457204818725586,0.0,map,base_link,11.080842591583462,-0.05564299863301958,0.0,-0.26057678716597027
34.68987595100043,1779099318.750452,1779099318.750452,0.0,1779099318.750452,0.0,1779099318.754808,-0.004355907440185547,1779099318.7629876,-0.012535572052001953,1779099318.751843,-0.0013909339904785156,0.0,map,base_link,11.133766024939824,-0.05069309248197751,0.0,-0.22874306029996805
34.73518874199999,1779099318.8004556,1779099318.8004556,0.0,1779099318.8004556,0.0,1779099318.814847,-0.014391422271728516,1779099318.8129876,-0.01253199577331543,1779099318.8117297,-0.011274099349975586,0.0,map,base_link,11.16085450686461,-0.05504089800927847,0.0,-0.20092822424165982
34.790308079999704,1779099318.8504562,1779099318.8504562,0.0,1779099318.8504562,0.0,1779099318.8548536,-0.004397392272949219,1779099318.8629875,-0.012531280517578125,1779099318.8517811,-0.0013248920440673828,0.0,map,base_link,11.196178911456713,-0.04731544620568506,0.0,-0.17761797651479458
34.83611171600023,1779099318.900457,1779099318.900457,0.0,1779099318.900457,0.0,1779099318.904837,-0.004379987716674805,1779099318.9129875,-0.01253056526184082,1779099318.9118476,-0.01139068603515625,0.0,map,base_link,11.21359482412884,-0.05824929710532434,0.0,-0.15243351337919409
34.880737532999774,1779099318.9504566,1779099318.9504564,2.384185791015625e-07,1779099318.9504564,2.384185791015625e-07,1779099318.9348407,0.01561594009399414,1779099318.9529874,-0.002530813217163086,1779099318.9518046,-0.0013480186462402344,0.0,map,base_link,11.258100126342281,-0.050020502129878075,0.0,-0.13160586358080795
34.936577123999996,1779099319.000462,1779099319.000462,0.0,1779099319.000462,0.0,1779099319.0048215,-0.00435948371887207,1779099319.0129876,-0.012525558471679688,1779099319.0118523,-0.011390209197998047,0.0,map,base_link,11.275840552411914,-0.04480201761994529,0.0,-0.1107951143427646
34.98209998099992,1779099319.0504653,1779099319.0504656,-2.384185791015625e-07,1779099319.0504656,-2.384185791015625e-07,1779099319.054856,-0.004390716552734375,1779099319.0529876,-0.0025222301483154297,1779099319.0518973,-0.0014319419860839844,0.0,map,base_link,11.283354579418607,-0.046911618681853895,0.0,-0.09202162612222403
35.03651294300016,1779099319.1004608,1779099319.1004608,0.0,1779099319.1004608,0.0,1779099319.114835,-0.014374256134033203,1779099319.1129875,-0.012526750564575195,1779099319.111893,-0.011432170867919922,0.0,map,base_link,11.325551679617936,-0.03981819207241788,0.0,-0.07414599097113835
35.09075478700015,1779099319.1504605,1779099319.1504605,0.0,1779099319.1504605,0.0,1779099319.1648202,-0.014359712600708008,1779099319.1629875,-0.012526988983154297,1779099319.1517954,-0.0013349056243896484,0.0,map,base_link,11.332669334540832,-0.042912069297569744,0.0,-0.05574056498693668
35.135117718999936,1779099319.2004542,1779099319.2004542,0.0,1779099319.2004542,0.0,1779099319.2048123,-0.004358053207397461,1779099319.2129874,-0.012533187866210938,1779099319.211662,-0.011207818984985352,0.0,map,base_link,11.342196791729885,-0.04008735578561495,0.0,-0.038965367413164434
35.19016564499998,1779099319.250456,1779099319.250456,0.0,1779099319.250456,0.0,1779099319.264827,-0.014370918273925781,1779099319.2629876,-0.012531518936157227,1779099319.2517757,-0.0013196468353271484,0.0,map,base_link,11.371249388075702,-0.02654769930490719,0.0,-0.021132319919221716
35.23503460000029,1779099319.3004577,1779099319.3004577,0.0,1779099319.3004577,0.0,1779099319.3147447,-0.014286994934082031,1779099319.3129876,-0.012529850006103516,1779099319.3118734,-0.011415719985961914,0.0,map,base_link,11.406707419925032,-0.02435066466094682,0.0,-0.0021612772959029164
35.28791366800033,1779099319.3504574,1779099319.3504574,0.0,1779099319.3504574,0.0,1779099319.3548195,-0.0043621063232421875,1779099319.3629875,-0.012530088424682617,1779099319.35177,-0.0013124942779541016,0.0,map,base_link,11.408047879526515,-0.02154354294037475,0.0,0.005835806723084365
35.3326715029998,1779099319.4004586,1779099319.4004586,0.0,1779099319.4004586,0.0,1779099319.414918,-0.014459371566772461,1779099319.4029875,-0.0025289058685302734,1779099319.411966,-0.011507511138916016,0.0,map,base_link,11.4143326024647,-0.025960140423249456,0.0,0.024334309964783037
35.38899857100023,1779099319.450457,1779099319.450457,0.0,1779099319.450457,0.0,1779099319.4649236,-0.014466524124145508,1779099319.4629874,-0.012530326843261719,1779099319.4518664,-0.001409292221069336,0.0,map,base_link,11.447965182977466,-0.012622672953932934,0.0,0.05285375915677056
35.43211681000048,1779099319.5004582,1779099319.5004582,0.0,1779099319.5004582,0.0,1779099319.484888,0.01557016372680664,1779099319.5029876,-0.0025293827056884766,1779099319.5117974,-0.011339187622070312,0.0,map,base_link,11.4753416436977,0.004722138635944617,0.0,0.06338262516431989
35.48865463099992,1779099319.5504575,1779099319.5504577,-2.384185791015625e-07,1779099319.5504577,-2.384185791015625e-07,1779099319.5649374,-0.014479875564575195,1779099319.5629876,-0.012530088424682617,1779099319.552037,-0.0015795230865478516,0.0,map,base_link,11.484274345758445,-0.001692157401302019,0.0,0.09432151445189776
35.53175608899983,1779099319.6004617,1779099319.6004615,2.384185791015625e-07,1779099319.6004615,2.384185791015625e-07,1779099319.5849705,0.015491247177124023,1779099319.6029875,-0.002525806427001953,1779099319.5918536,0.008608102798461914,0.0,map,base_link,11.53034705093102,0.005696232106118693,0.0,0.10540534278989636
35.588320650999776,1779099319.6504612,1779099319.6504612,0.0,1779099319.6504612,0.0,1779099319.6563153,-0.005854129791259766,1779099319.6629875,-0.012526273727416992,1779099319.6466987,0.003762483596801758,0.0,map,base_link,11.53045781863024,0.020685171105879085,0.0,0.14332744549158588
35.63183135300005,1779099319.7005525,1779099319.7005527,-2.384185791015625e-07,1779099319.7005527,-2.384185791015625e-07,1779099319.6849337,0.01561880111694336,1779099319.7029874,-0.002434968948364258,1779099319.6918929,0.008659601211547852,0.0,map,base_link,11.568095825469655,0.029175039041757778,0.0,0.1548442333922018
35.68863825100016,1779099319.7504995,1779099319.7504995,0.0,1779099319.7504995,0.0,1779099319.7649171,-0.014417648315429688,1779099319.7629876,-0.012488126754760742,1779099319.7668316,-0.016332149505615234,0.0,map,base_link,11.594563999035062,0.04906013021260058,0.0,0.19176722684897793
35.73198560200035,1779099319.8005383,1779099319.8005383,0.0,1779099319.8005383,0.0,1779099319.784919,0.015619277954101562,1779099319.8029876,-0.0024492740631103516,1779099319.7919157,0.00862264633178711,0.0,map,base_link,11.618278844035334,0.04818067534712078,0.0,0.20603911333536604
35.789266019000024,1779099319.8504665,1779099319.8504665,0.0,1779099319.8504665,0.0,1779099319.8649082,-0.014441728591918945,1779099319.8629875,-0.012521028518676758,1779099319.8517632,-0.0012967586517333984,0.0,map,base_link,11.62633444173495,0.06641079501466685,0.0,0.24504955554528807
35.83222851499977,1779099319.9004617,1779099319.9004617,0.0,1779099319.9004617,0.0,1779099319.884837,0.015624761581420898,1779099319.9029875,-0.002525806427001953,1779099319.9117475,-0.011285781860351562,0.0,map,base_link,11.658956450820806,0.06953203124061602,0.0,0.2601482903399748
35.889747223000086,1779099319.9504602,1779099319.9504602,0.0,1779099319.9504602,0.0,1779099319.9648292,-0.014369010925292969,1779099319.9629874,-0.012527227401733398,1779099319.9517558,-0.0012955665588378906,0.0,map,base_link,4.103528372519939,-3.4728034798433445,0.0,-2.020988224776028
35.93309517899979,1779099320.0005238,1779099320.0005238,0.0,1779099320.0005238,0.0,1779099320.0148375,-0.014313697814941406,1779099320.0029876,-0.002463817596435547,1779099320.0117328,-0.01120901107788086,0.0,map,base_link,4.106155611588678,-3.5200198741778257,0.0,-2.0061575275607284
35.99016686400046,1779099320.0505426,1779099320.0505426,0.0,1779099320.0505426,0.0,1779099320.064925,-0.014382362365722656,1779099320.0629876,-0.01244497299194336,1779099320.0518353,-0.0012927055358886719,0.0,map,base_link,4.088335188528108,-3.5331976691828997,0.0,-1.960325293305655
36.03334130799976,1779099320.1005745,1779099320.1005745,0.0,1779099320.1005745,0.0,1779099320.1149333,-0.014358758926391602,1779099320.1029875,-0.002413034439086914,1779099320.1117218,-0.011147260665893555,0.0,map,base_link,4.095980867019593,-3.5691880625969006,0.0,-1.9441098013006628
36.08229007099999,1779099320.150555,1779099320.150555,0.0,1779099320.150555,0.0,1779099320.1348965,0.01565837860107422,1779099320.1529875,-0.002432584762573242,1779099320.1517215,-0.0011665821075439453,0.0,map,base_link,4.0848058807324605,-3.5894405490927115,0.0,-1.8828803815911423
36.137998113999856,1779099320.2004776,1779099320.2004776,0.0,1779099320.2004776,0.0,1779099320.214918,-0.014440298080444336,1779099320.2129874,-0.012509822845458984,1779099320.2117238,-0.011246204376220703,0.0,map,base_link,4.082934266697341,-3.6186221314181255,0.0,-1.8533371131215302
36.1816287849997,1779099320.2504637,1779099320.2504635,2.384185791015625e-07,1779099320.2504635,2.384185791015625e-07,1779099320.2349262,0.015537500381469727,1779099320.2529876,-0.0025238990783691406,1779099320.2519116,-0.001447916030883789,0.0,map,base_link,4.083604326409995,-3.641592333535283,0.0,-1.837309644218277
36.23799927100026,1779099320.300543,1779099320.300543,0.0,1779099320.300543,0.0,1779099320.3149207,-0.014377593994140625,1779099320.3129876,-0.012444496154785156,1779099320.3116872,-0.011144161224365234,0.0,map,base_link,4.089069226345867,-3.68833135480008,0.0,-1.8032554871239663
36.28386057199987,1779099320.350461,1779099320.350461,0.0,1779099320.350461,0.0,1779099320.364928,-0.014467000961303711,1779099320.3529875,-0.002526521682739258,1779099320.3519428,-0.001481771469116211,0.0,map,base_link,4.085182424537869,-3.7153732071292778,0.0,-1.7699588460648443
36.340317559999676,1779099320.4005942,1779099320.4005942,0.0,1779099320.4005942,0.0,1779099320.414944,-0.014349699020385742,1779099320.4129875,-0.01239323616027832,1779099320.411743,-0.011148691177368164,0.0,map,base_link,4.088162049001198,-3.740393847994187,0.0,-1.7376599507179353
36.38666084600027,1779099320.4504652,1779099320.4504652,0.0,1779099320.4504652,0.0,1779099320.4649255,-0.014460325241088867,1779099320.4629874,-0.012522220611572266,1779099320.452026,-0.0015606880187988281,0.0,map,base_link,4.082145720443183,-3.7662232903943265,0.0,-1.7012469023846644
36.44088228600049,1779099320.500459,1779099320.500459,0.0,1779099320.500459,0.0,1779099320.5149233,-0.014464378356933594,1779099320.5129876,-0.012528657913208008,1779099320.5117075,-0.011248588562011719,0.0,map,base_link,4.0927986964374234,-3.8223577244148625,0.0,-1.683248074158348
36.486816894000185,1779099320.550549,1779099320.550549,0.0,1779099320.550549,0.0,1779099320.5649405,-0.014391422271728516,1779099320.5629876,-0.012438535690307617,1779099320.55176,-0.001210927963256836,0.0,map,base_link,4.104156828437956,-3.855015122176159,0.0,-1.646521450083189
36.53334540200012,1779099320.600531,1779099320.600531,0.0,1779099320.600531,0.0,1779099320.615005,-0.014473915100097656,1779099320.6029875,-0.0024564266204833984,1779099320.6117668,-0.011235713958740234,0.0,map,base_link,4.113316891171465,-3.886109544988778,0.0,-1.6096389856882019
36.58794570400005,1779099320.650548,1779099320.650548,0.0,1779099320.650548,0.0,1779099320.664929,-0.014380931854248047,1779099320.6629875,-0.012439489364624023,1779099320.6517663,-0.0012183189392089844,0.0,map,base_link,4.114033621783211,-3.910696697522769,0.0,-1.591508164887335
36.634987663000175,1779099320.70047,1779099320.70047,0.0,1779099320.70047,0.0,1779099320.7148912,-0.014421224594116211,1779099320.7129874,-0.012517452239990234,1779099320.7118556,-0.011385679244995117,0.0,map,base_link,4.118045630900502,-3.96457705744971,0.0,-1.5511562301606054
36.68176433000008,1779099320.7504644,1779099320.7504644,0.0,1779099320.7504644,0.0,1779099320.7349472,0.015517234802246094,1779099320.7529876,-0.002523183822631836,1779099320.7517698,-0.0013053417205810547,0.0,map,base_link,4.137341256169446,-4.012405746491664,0.0,-1.5097039026572256
36.73253902800025,1779099320.800468,1779099320.800468,0.0,1779099320.800468,0.0,1779099320.784922,0.015546083450317383,1779099320.8029876,-0.0025196075439453125,1779099320.8117616,-0.011293649673461914,0.0,map,base_link,4.170842503204129,-4.043742553772672,0.0,-1.4446972872303632
36.78983229200003,1779099320.8504665,1779099320.8504665,0.0,1779099320.8504665,0.0,1779099320.8649065,-0.014440059661865234,1779099320.8629875,-0.012521028518676758,1779099320.8517358,-0.0012693405151367188,0.0,map,base_link,4.193277063894387,-4.086345394278717,0.0,-1.4018963286556143
36.83760859500035,1779099320.9004855,1779099320.9004855,0.0,1779099320.9004855,0.0,1779099320.9148855,-0.014400005340576172,1779099320.9129875,-0.012501955032348633,1779099320.911725,-0.01123952865600586,0.0,map,base_link,4.214949651488581,-4.12218247009493,0.0,-1.3585182029172842
36.8827100489998,1779099320.9504738,1779099320.9504738,0.0,1779099320.9504738,0.0,1779099320.9348862,0.015587568283081055,1779099320.9529874,-0.0025136470794677734,1779099320.9518178,-0.0013439655303955078,0.0,map,base_link,4.225202981810384,-4.157383145047455,0.0,-1.3359863948499082
36.943340124000315,1779099321.000475,1779099321.000475,0.0,1779099321.000475,0.0,1779099321.0149455,-0.014470577239990234,1779099321.0129876,-0.012512683868408203,1779099321.011927,-0.011451959609985352,0.0,map,base_link,4.264550169204462,-4.2066265416665125,0.0,-1.2659521954047144
36.987861503000204,1779099321.0505314,1779099321.0505314,0.0,1779099321.0505314,0.0,1779099321.0648706,-0.014339208602905273,1779099321.0629876,-0.012456178665161133,1779099321.046741,0.0037903785705566406,0.0,map,base_link,4.280056553487688,-4.235041292960606,0.0,-1.2428227395168587
37.03576280899961,1779099321.1004763,1779099321.1004763,0.0,1779099321.1004763,0.0,1779099321.114898,-0.014421701431274414,1779099321.1129875,-0.012511253356933594,1779099321.1117353,-0.011259078979492188,0.0,map,base_link,4.319871196753862,-4.281394942162408,0.0,-1.193889466400414
37.08358803900046,1779099321.1504571,1779099321.1504571,0.0,1779099321.1504571,0.0,1779099321.164868,-0.014410972595214844,1779099321.1529875,-0.002530336380004883,1779099321.151778,-0.0013208389282226562,0.0,map,base_link,4.341890552589405,-4.285177007276491,0.0,-1.148319157214218
37.13497430799998,1779099321.2005851,1779099321.2005851,0.0,1779099321.2005851,0.0,1779099321.214789,-0.014203786849975586,1779099321.2129874,-0.01240229606628418,1779099321.2118278,-0.01124262809753418,0.0,map,base_link,4.387521968539069,-4.354971742660408,0.0,-1.0776792780107467
37.20002325000041,1779099321.275669,1779099321.275669,0.0,1779099321.275669,0.0,1779099321.2648826,0.01078653335571289,1779099321.2729876,0.0026814937591552734,1779099321.2716691,0.003999948501586914,0.0,map,base_link,4.426768175053274,-4.3745736482253355,0.0,-1.052982339180614
37.25051742800042,1779099321.3255384,1779099321.3255384,0.0,1779099321.3255384,0.0,1779099321.3149066,0.010631799697875977,1779099321.3229876,0.002550840377807617,1779099321.3118823,0.013656139373779297,0.0,map,base_link,4.46807229785666,-4.422677346186633,0.0,-0.9831467145238368
37.28720960700048,1779099321.3505323,1779099321.3505323,0.0,1779099321.3505323,0.0,1779099321.36272,-0.012187719345092773,1779099321.3629875,-0.012455224990844727,1779099321.3518877,-0.0013554096221923828,0.0,map,base_link,4.490747554294799,-4.427824946204547,0.0,-0.9576361312699081
37.34698132199992,1779099321.4254751,1779099321.4254751,0.0,1779099321.4254751,0.0,1779099321.4149365,0.010538578033447266,1779099321.4229875,0.002487659454345703,1779099321.411807,0.013668060302734375,0.0,map,base_link,4.530681529149788,-4.463556629991747,0.0,-0.9116592428150192
37.38384223200046,1779099321.450482,1779099321.450482,0.0,1779099321.450482,0.0,1779099321.4648857,-0.014403820037841797,1779099321.4529874,-0.0025055408477783203,1779099321.451679,-0.0011970996856689453,0.0,map,base_link,10.6347218545613,-1.961564519189321,0.0,0.31563274447106276
37.430952456999876,1779099321.5004807,1779099321.5004807,0.0,1779099321.5004807,0.0,1779099321.4848886,0.015592098236083984,1779099321.5029876,-0.0025069713592529297,1779099321.491584,0.008896589279174805,0.0,map,base_link,11.66261156836664,1.619612406342331,0.0,1.7685525026080033
37.49319213400031,1779099321.5505607,1779099321.5505607,0.0,1779099321.5505607,0.0,1779099321.5648854,-0.014324665069580078,1779099321.5629876,-0.01242685317993164,1779099321.5716476,-0.021086931228637695,0.0,map,base_link,11.645190019983504,1.6552742355762398,0.0,1.8369556279721957
37.55142450400035,1779099321.625583,1779099321.625583,0.0,1779099321.625583,0.0,1779099321.614902,0.010680913925170898,1779099321.6229875,0.0025954246520996094,1779099321.6268637,-0.0012807846069335938,0.0,map,base_link,11.603721473956469,1.7307368755052712,0.0,1.884195951719749
37.590627395999945,1779099321.6504848,1779099321.6504848,0.0,1779099321.6504848,0.0,1779099321.6648722,-0.014387369155883789,1779099321.6629875,-0.012502670288085938,1779099321.6520169,-0.0015320777893066406,0.0,map,base_link,11.592563289194945,1.7336284744515575,0.0,1.929042888205036
37.63603786600015,1779099321.7004824,1779099321.7004824,0.0,1779099321.7004824,0.0,1779099321.7149086,-0.014426231384277344,1779099321.7129874,-0.012505054473876953,1779099321.7069855,-0.006503105163574219,0.0,map,base_link,11.540418322454581,1.8385229611523766,0.0,1.9515592887368443
37.69253005900009,1779099321.7505422,1779099321.7505422,0.0,1779099321.7505422,0.0,1779099321.7648973,-0.014355182647705078,1779099321.7629876,-0.012445449829101562,1779099321.7717583,-0.021216154098510742,0.0,map,base_link,11.536045947250006,1.8483414938270464,0.0,1.9998954272146918
37.74558268100009,1779099321.8005369,1779099321.8005369,0.0,1779099321.8005369,0.0,1779099321.814902,-0.014365196228027344,1779099321.8229876,-0.022450685501098633,1779099321.8119786,-0.011441707611083984,0.0,map,base_link,11.465842380300245,1.9102779490745698,0.0,2.064391714373802
37.78957960099979,1779099321.8505132,1779099321.8505132,0.0,1779099321.8505132,0.0,1779099321.8648827,-0.014369487762451172,1779099321.8629875,-0.012474298477172852,1779099321.851959,-0.001445770263671875,0.0,map,base_link,11.454147182387004,1.942526330207997,0.0,2.0845822275076884
37.837967157000094,1779099321.9005458,1779099321.9005458,0.0,1779099321.9005458,0.0,1779099321.9147952,-0.014249324798583984,1779099321.9129875,-0.012441635131835938,1779099321.9117622,-0.011216402053833008,0.0,map,base_link,11.412283733933108,2.007268581642102,0.0,2.1222951959299285
37.897610199000155,1779099321.9755247,1779099321.9755247,0.0,1779099321.9755247,0.0,1779099321.9649134,0.010611295700073242,1779099321.9729877,0.0025370121002197266,1779099321.9719548,0.0035698413848876953,0.0,map,base_link,11.324829199596508,2.082387131910864,0.0,2.1887057566227908
37.9524755450002,1779099322.0255675,1779099322.0255675,0.0,1779099322.0255675,0.0,1779099322.0148797,0.010687828063964844,1779099322.0229876,0.002579927444458008,1779099322.0267792,-0.0012116432189941406,0.0,map,base_link,11.296286137728028,2.1510125801361,0.0,2.198787407460879
37.98943648800014,1779099322.0505517,1779099322.050552,-2.384185791015625e-07,1779099322.050552,-2.384185791015625e-07,1779099322.0649812,-0.014429569244384766,1779099322.0629876,-0.0124359130859375,1779099322.0518682,-0.0013165473937988281,0.0,map,base_link,11.278683452576146,2.1550536811556262,0.0,2.2189144824724196
38.047412627000085,1779099322.1255326,1779099322.1255324,2.384185791015625e-07,1779099322.1255324,2.384185791015625e-07,1779099322.114921,0.010611534118652344,1779099322.1229875,0.0025451183319091797,1779099322.1117036,0.01382899284362793,0.0,map,base_link,11.207298611411513,2.254084988192311,0.0,2.23186966365208
38.09321907100002,1779099322.1505682,1779099322.1505682,0.0,1779099322.1505682,0.0,1779099322.1649742,-0.014405965805053711,1779099322.1629875,-0.01241922378540039,1779099322.172036,-0.02146768569946289,0.0,map,base_link,11.18480040637754,2.2709099669868715,0.0,2.2377649137216893
38.14821841000048,1779099322.225564,1779099322.225564,0.0,1779099322.225564,0.0,1779099322.2148795,0.010684490203857422,1779099322.2229877,0.0025763511657714844,1779099322.2119386,0.013625383377075195,0.0,map,base_link,11.132022180571528,2.3415770762811148,0.0,2.2396282940167733
38.19423929500044,1779099322.2505562,1779099322.2505562,0.0,1779099322.2505562,0.0,1779099322.2649555,-0.014399290084838867,1779099322.2729876,-0.022431373596191406,1779099322.271954,-0.021397829055786133,0.0,map,base_link,11.105782959637052,2.3949823636825904,0.0,2.2354371996690983
38.24725611699978,1779099322.3255606,1779099322.3255606,0.0,1779099322.3255606,0.0,1779099322.3149254,0.010635137557983398,1779099322.3229876,0.0025730133056640625,1779099322.3117714,0.013789176940917969,0.0,map,base_link,11.059536353929094,2.463059206943631,0.0,2.2332672644767033
38.291555179999705,1779099322.3505406,1779099322.3505406,0.0,1779099322.3505406,0.0,1779099322.3649416,-0.014400959014892578,1779099322.3629875,-0.012446880340576172,1779099322.3519297,-0.0013890266418457031,0.0,map,base_link,11.036620187121205,2.47506057256353,0.0,2.2266151636142455
38.33670816300037,1779099322.4004695,1779099322.4004695,0.0,1779099322.4004695,0.0,1779099322.414965,-0.014495372772216797,1779099322.4129875,-0.012517929077148438,1779099322.4117439,-0.011274337768554688,0.0,map,base_link,11.01112584441481,2.5334233575636453,0.0,2.2163670891159906
38.39216266400035,1779099322.4505448,1779099322.4505448,0.0,1779099322.4505448,0.0,1779099322.4649222,-0.014377355575561523,1779099322.4629874,-0.012442588806152344,1779099322.4718564,-0.021311521530151367,0.0,map,base_link,10.985739466210816,2.5791770203321667,0.0,2.2042206051033677
38.450146469000174,1779099322.5255187,1779099322.5255187,0.0,1779099322.5255187,0.0,1779099322.5149643,0.010554313659667969,1779099322.5229876,0.0025310516357421875,1779099322.5117471,0.013771533966064453,0.0,map,base_link,10.912904313642757,2.7070463593534635,0.0,2.1858209504213173
38.494764998999926,1779099322.5504649,1779099322.5504649,0.0,1779099322.5504649,0.0,1779099322.564947,-0.01448202133178711,1779099322.5729876,-0.022522687911987305,1779099322.5717742,-0.021309375762939453,0.0,map,base_link,10.908576238973566,2.705874178211389,0.0,2.1798080056207256
38.54972584300049,1779099322.625559,1779099322.625559,0.0,1779099322.625559,0.0,1779099322.614983,0.010576009750366211,1779099322.6229875,0.002571582794189453,1779099322.6117446,0.013814449310302734,0.0,map,base_link,10.905552761924817,2.7308935451036325,0.0,2.168475637235323
38.5963901770001,1779099322.6755543,1779099322.6755545,-2.384185791015625e-07,1779099322.6755545,-2.384185791015625e-07,1779099322.664948,0.01060628890991211,1779099322.6729975,0.0025568008422851562,1779099322.6718297,0.0037245750427246094,0.0,map,base_link,10.891585909032077,2.743733261533082,0.0,2.1493354470526196
38.65133343799971,1779099322.7254603,1779099322.7254603,0.0,1779099322.7254603,0.0,1779099322.714949,0.010511398315429688,1779099322.7229977,0.002462625503540039,1779099322.7117035,0.013756752014160156,0.0,map,base_link,10.87102803741669,2.746618322969475,0.0,2.1422518153888195
38.69730944999992,1779099322.775536,1779099322.775536,0.0,1779099322.775536,0.0,1779099322.7649593,0.010576725006103516,1779099322.7729976,0.002538442611694336,1779099322.7718217,0.003714323043823242,0.0,map,base_link,10.850338294442246,2.8171655187845746,0.0,2.1297876107377043
38.7464730239999,1779099322.8255222,1779099322.8255222,0.0,1779099322.8255222,0.0,1779099322.814998,0.010524272918701172,1779099322.8229976,0.0025246143341064453,1779099322.8117943,0.013727903366088867,0.0,map,base_link,10.836471850730064,2.832388758731348,0.0,2.1057518045248895
38.80113915600032,1779099322.875528,1779099322.875528,0.0,1779099322.875528,0.0,1779099322.8649921,0.010535955429077148,1779099322.8729975,0.0025305747985839844,1779099322.8717403,0.0037877559661865234,0.0,map,base_link,10.82446049021905,2.905208991203227,0.0,2.095350613820265
38.84752757499973,1779099322.9255493,1779099322.9255495,-2.384185791015625e-07,1779099322.9255495,-2.384185791015625e-07,1779099322.9149182,0.010631084442138672,1779099322.9229975,0.0025517940521240234,1779099322.9118907,0.013658523559570312,0.0,map,base_link,10.76887539899797,2.990192316675876,0.0,2.082799293067669
38.89306551000027,1779099322.9504902,1779099322.95049,2.384185791015625e-07,1779099322.95049,2.384185791015625e-07,1779099322.9649096,-0.014419317245483398,1779099322.9630075,-0.012517213821411133,1779099322.971767,-0.02127671241760254,0.0,map,base_link,10.748664976018365,3.0392166179461793,0.0,2.0703257241039
38.94819353500043,1779099323.0254714,1779099323.0254717,-2.384185791015625e-07,1779099323.0254717,-2.384185791015625e-07,1779099323.0149024,0.010569095611572266,1779099323.0230076,0.002463817596435547,1779099323.011788,0.013683557510375977,0.0,map,base_link,10.71591370777885,3.121077426703139,0.0,2.0645949671759074
38.992530882999745,1779099323.0504823,1779099323.0504823,0.0,1779099323.0504823,0.0,1779099323.064893,-0.014410734176635742,1779099323.0630372,-0.01255488395690918,1779099323.071738,-0.0212557315826416,0.0,map,base_link,10.724817273699347,3.1156715338534364,0.0,2.0521540800088975
39.049780659000135,1779099323.125561,1779099323.125561,0.0,1779099323.125561,0.0,1779099323.1149173,0.010643720626831055,1779099323.1230543,0.002506732940673828,1779099323.1269295,-0.0013685226440429688,0.0,map,base_link,10.696456031009923,3.184032819049998,0.0,2.046309332756432
39.09654131099978,1779099323.1754663,1779099323.15049,0.024976253509521484,1779099323.15049,0.024976253509521484,1779099323.1648986,0.010567665100097656,1779099323.173071,0.0023953914642333984,1779099323.1718237,0.003642559051513672,0.0,map,base_link,10.719382874354377,3.1280277072550473,0.0,2.019431042860102
39.15122628399968,1779099323.2254806,1779099323.2254806,0.0,1779099323.2254806,0.0,1779099323.214951,0.010529518127441406,1779099323.2230775,0.0024030208587646484,1779099323.2116623,0.01381826400756836,0.0,map,base_link,10.680288028024599,3.22627767165416,0.0,2.0132080552924494
39.196488947000034,1779099323.275471,1779099323.2754712,-2.384185791015625e-07,1779099323.2754712,-2.384185791015625e-07,1779099323.2649,0.010571002960205078,1779099323.273083,0.00238800048828125,1779099323.2718513,0.003619670867919922,0.0,map,base_link,0.8485421535160911,2.729191436001085,0.0,-1.9498616287977402
39.25210991499989,1779099323.3254817,1779099323.3254817,0.0,1779099323.3254817,0.0,1779099323.314918,0.01056361198425293,1779099323.3230882,0.002393484115600586,1779099323.3117855,0.01369619369506836,0.0,map,base_link,0.8365211532534635,2.7423513712444416,0.0,-1.6791891983194414
39.298867038000026,1779099323.3755298,1779099323.3755298,0.0,1779099323.3755298,0.0,1779099323.3649297,0.010600090026855469,1779099323.3730834,0.002446413040161133,1779099323.3718956,0.003634214401245117,0.0,map,base_link,0.8247524016939813,2.684334299728641,0.0,-1.6916765088682686
39.34651473699978,1779099323.4255004,1779099323.4005413,0.024959087371826172,1779099323.4005413,0.024959087371826172,1779099323.41497,0.010530471801757812,1779099323.423089,0.002411365509033203,1779099323.4121158,0.013384580612182617,0.0,map,base_link,0.8005178296933089,2.557422276996551,0.0,-1.7039505301630613
39.392998512000304,1779099323.4504654,1779099323.4504654,0.0,1779099323.4504654,0.0,1779099323.4649131,-0.014447689056396484,1779099323.4630952,-0.01262974739074707,1779099323.471718,-0.02125263214111328,0.0,map,base_link,0.791561733150969,2.379917785386281,0.0,-1.7165453299340094
39.448919014999774,1779099323.5254679,1779099323.5254679,0.0,1779099323.5254679,0.0,1779099323.514933,0.01053476333618164,1779099323.5230997,0.0023682117462158203,1779099323.511899,0.013568878173828125,0.0,map,base_link,0.7503726445622405,2.2697756238729005,0.0,-1.730579866201416
39.496402828999635,1779099323.5754635,1779099323.5754635,0.0,1779099323.5754635,0.0,1779099323.5649416,0.010521888732910156,1779099323.5730948,0.0023686885833740234,1779099323.5720758,0.0033876895904541016,0.0,map,base_link,0.7494064057452556,2.2916526087344544,0.0,-1.7484626207591936
39.55082394600049,1779099323.6255243,1779099323.6255243,0.0,1779099323.6255243,0.0,1779099323.614956,0.010568380355834961,1779099323.6231098,0.0024144649505615234,1779099323.6119702,0.013554096221923828,0.0,map,base_link,0.7416305716818874,2.277530116642882,0.0,-1.7538498155970277
39.59866390299976,1779099323.6754596,1779099323.6754596,0.0,1779099323.6754596,0.0,1779099323.664925,0.010534524917602539,1779099323.6731238,0.002335786819458008,1779099323.671795,0.003664731979370117,0.0,map,base_link,0.7206438147805905,2.2691371665538136,0.0,-1.7686931151011194
39.64242639599979,1779099323.7005258,1779099323.7005258,0.0,1779099323.7005258,0.0,1779099323.7149434,-0.014417648315429688,1779099323.7131484,-0.012622594833374023,1779099323.7121422,-0.01161646842956543,0.0,map,base_link,0.7117199065970841,2.191635382610061,0.0,-1.7737987794207766
39.697308701999646,1779099323.7755198,1779099323.7755198,0.0,1779099323.7755198,0.0,1779099323.7649267,0.010593175888061523,1779099323.7731788,0.002341032028198242,1779099323.7719092,0.0036106109619140625,0.0,map,base_link,0.6800586837592721,2.046535689029209,0.0,-1.7818412345274464
39.74665978200028,1779099323.8256025,1779099323.8256025,0.0,1779099323.8256025,0.0,1779099323.814911,0.010691642761230469,1779099323.82319,0.002412557601928711,1779099323.8120148,0.013587713241577148,0.0,map,base_link,0.6676320336949209,2.067956598201763,0.0,-1.7949247296854398
39.79198885999995,1779099323.8504717,1779099323.8504717,0.0,1779099323.8504717,0.0,1779099323.864942,-0.014470338821411133,1779099323.863212,-0.012740373611450195,1779099323.871708,-0.021236181259155273,0.0,map,base_link,0.6585437823730125,2.0469874444146647,0.0,-1.8022810297527574
39.84817465499964,1779099323.9254646,1779099323.9254646,0.0,1779099323.9254646,0.0,1779099323.9149156,0.010549068450927734,1779099323.9232483,0.002216339111328125,1779099323.912094,0.013370513916015625,0.0,map,base_link,0.6279895554912018,1.9487378429442233,0.0,-1.808616070958321
39.89288664200012,1779099323.9504614,1779099323.9504614,0.0,1779099323.9504614,0.0,1779099323.9650273,-0.01456594467163086,1779099323.963248,-0.012786626815795898,1779099323.97193,-0.021468639373779297,0.0,map,base_link,0.6208300545402068,1.8973179632890895,0.0,-1.814706112886357
39.9479638189996,1779099324.025542,1779099324.025542,0.0,1779099324.025542,0.0,1779099324.014944,0.010597944259643555,1779099324.0232825,0.002259492874145508,1779099324.011931,0.013611078262329102,0.0,map,base_link,0.5980202751872623,1.7874845490415163,0.0,-1.818492716705174
39.99251947599987,1779099324.0504653,1779099324.0504653,0.0,1779099324.0504653,0.0,1779099324.0649989,-0.014533519744873047,1779099324.063301,-0.01283574104309082,1779099324.071897,-0.021431684494018555,0.0,map,base_link,0.5833673649979811,1.7617553280322573,0.0,-1.8225022298113718
40.04658327800007,1779099324.1254656,1779099324.1254656,0.0,1779099324.1254656,0.0,1779099324.114966,0.010499715805053711,1779099324.1233125,0.002153158187866211,1779099324.1116395,0.013826131820678711,0.0,map,base_link,0.5507469614866469,1.67399657655431,0.0,-1.8240662541984534
40.101167066000016,1779099324.1754625,1779099324.1754625,0.0,1779099324.1754625,0.0,1779099324.1650627,0.010399818420410156,1779099324.1733263,0.00213623046875,1779099324.1718392,0.0036232471466064453,0.0,map,base_link,0.5451586530991577,1.5975944231025245,0.0,-1.8273081655129053
40.14588148100029,1779099324.2254694,1779099324.200471,0.02499842643737793,1779099324.200471,0.02499842643737793,1779099324.2150314,0.010437965393066406,1779099324.2233398,0.0021295547485351562,1779099324.2120888,0.01338052749633789,0.0,map,base_link,0.5313970196099902,1.566250294222753,0.0,-1.8263824639712787
40.19825568499982,1779099324.2755551,1779099324.2755551,0.0,1779099324.2755551,0.0,1779099324.2650254,0.010529756546020508,1779099324.2733622,0.002192974090576172,1779099324.2720687,0.0034863948822021484,0.0,map,base_link,0.5092019477289185,1.473849820552788,0.0,-1.8269001582012592
40.24565194000024,1779099324.3254662,1779099324.3005295,0.024936676025390625,1779099324.3005295,0.024936676025390625,1779099324.3250184,0.0004477500915527344,1779099324.3233836,0.0020825862884521484,1779099324.3120954,0.013370752334594727,0.0,map,base_link,0.49448442368052437,1.4505361546578168,0.0,-1.8247037576840126
40.2999544029999,1779099324.3754706,1779099324.3754706,0.0,1779099324.3754706,0.0,1779099324.3650246,0.01044607162475586,1779099324.3734043,0.002066373825073242,1779099324.3719785,0.003492116928100586,0.0,map,base_link,0.4864635781363944,1.3582785346619524,0.0,-1.8245921391534685
40.34577395500037,1779099324.4254704,1779099324.40054,0.024930238723754883,1779099324.40054,0.024930238723754883,1779099324.425011,0.00045943260192871094,1779099324.4234335,0.0020368099212646484,1779099324.411827,0.013643264770507812,0.0,map,base_link,0.467897341087383,1.3485993455468632,0.0,-1.821446337893992
40.399725934000344,1779099324.475469,1779099324.475469,0.0,1779099324.475469,0.0,1779099324.4749794,0.0004897117614746094,1779099324.4734616,0.0020074844360351562,1779099324.4719703,0.0034987926483154297,0.0,map,base_link,0.4436494951043759,1.2671992708889093,0.0,-1.819955857142541
40.44362107800043,1779099324.5004635,1779099324.5004635,0.0,1779099324.5004635,0.0,1779099324.5150552,-0.014591693878173828,1779099324.5134828,-0.013019323348999023,1779099324.512039,-0.011575460433959961,0.0,map,base_link,0.4310898827409204,1.2434897636559796,0.0,-1.8201261503081099
40.499043011999674,1779099324.5754712,1779099324.5754712,0.0,1779099324.5754712,0.0,1779099324.5750475,0.00042366981506347656,1779099324.5735133,0.0019578933715820312,1779099324.5720437,0.0034275054931640625,0.0,map,base_link,0.4186870121795705,1.1457044464361368,0.0,-1.8188562820020198
40.54494266599977,1779099324.6004708,1779099324.6004708,0.0,1779099324.6004708,0.0,1779099324.6250088,-0.024538040161132812,1779099324.623537,-0.023066282272338867,1779099324.6068673,-0.00639653205871582,0.0,map,base_link,0.4068031487177084,1.109299428416691,0.0,-1.8162120291540724
40.599161471000116,1779099324.6755567,1779099324.6755567,0.0,1779099324.6755567,0.0,1779099324.6650062,0.010550498962402344,1779099324.6735597,0.0019969940185546875,1779099324.672042,0.0035147666931152344,0.0,map,base_link,0.3886723675311998,1.0043669787825142,0.0,-1.8161987244879014
40.64210237899988,1779099324.700541,1779099324.7005408,2.384185791015625e-07,1779099324.7005408,2.384185791015625e-07,1779099324.71499,-0.014448881149291992,1779099324.7135768,-0.013035774230957031,1779099324.7119288,-0.011387825012207031,0.0,map,base_link,0.3786438194891124,0.9700639701911169,0.0,-1.8143237410049255
40.69704012700004,1779099324.7755582,1779099324.775558,2.384185791015625e-07,1779099324.775558,2.384185791015625e-07,1779099324.7751055,0.0004527568817138672,1779099324.7736018,0.001956462860107422,1779099324.772045,0.003513336181640625,0.0,map,base_link,0.34689760406259307,0.8893359633561642,0.0,-1.8131404923730752
40.743294511000386,1779099324.8005302,1779099324.8005302,0.0,1779099324.8005302,0.0,1779099324.8250875,-0.02455735206604004,1779099324.8136175,-0.013087272644042969,1779099324.8119147,-0.01138448715209961,0.0,map,base_link,0.3394817564250241,0.8623834674482906,0.0,-1.8117358420869072
40.79987291599991,1779099324.8755317,1779099324.8755317,0.0,1779099324.8755317,0.0,1779099324.8650026,0.010529041290283203,1779099324.8736398,0.0018918514251708984,1779099324.8717997,0.003731966018676758,0.0,map,base_link,0.31644803897860196,0.8034849511623219,0.0,-1.808196176135972
40.842928668999775,1779099324.9005356,1779099324.9005356,0.0,1779099324.9005356,0.0,1779099324.8949757,0.0055599212646484375,1779099324.913654,-0.013118505477905273,1779099324.9118319,-0.011296272277832031,0.0,map,base_link,0.3245077714991469,0.7652065895363074,0.0,-1.8076046330197069
40.89897308200034,1779099324.9755232,1779099324.9755232,0.0,1779099324.9755232,0.0,1779099324.9750433,0.0004799365997314453,1779099324.9736745,0.0018486976623535156,1779099324.9717085,0.003814697265625,0.0,map,base_link,0.30066852079707385,0.6950445372255687,0.0,-1.8040814977243578
40.942707328000324,1779099325.0005097,1779099325.00051,-2.384185791015625e-07,1779099325.00051,-2.384185791015625e-07,1779099324.995094,0.005415678024291992,1779099325.0136774,-0.013167619705200195,1779099325.0118523,-0.011342525482177734,0.0,map,base_link,0.272085478617595,0.6389458879341103,0.0,-1.8037638492354031
41.0002149539996,1779099325.075477,1779099325.075477,0.0,1779099325.075477,0.0,1779099325.0750334,0.00044345855712890625,1779099325.0736961,0.0017807483673095703,1779099325.0720024,0.0034744739532470703,0.0,map,base_link,0.2752950132961045,0.5201854189294512,0.0,-1.7956742643644072
41.03100144200016,1779099325.1005228,1779099325.100523,-2.384185791015625e-07,1779099325.100523,-2.384185791015625e-07,1779099325.094959,0.0055637359619140625,1779099325.1037054,-0.003182649612426758,1779099325.0919333,0.008589506149291992,0.0,map,base_link,0.26802371292097593,0.4796015734781185,0.0,-1.7949440484833838
41.100408571000116,1779099325.1755333,1779099325.1755333,0.0,1779099325.1755333,0.0,1779099325.17509,0.0004432201385498047,1779099325.1737254,0.0018079280853271484,1779099325.1719334,0.003599882125854492,0.0,map,base_link,0.2420071317819703,0.41605750833627164,0.0,-1.7857363946526872
41.14290311900004,1779099325.2005281,1779099325.2005281,0.0,1779099325.2005281,0.0,1779099325.1950016,0.005526542663574219,1779099325.213736,-0.01320791244506836,1779099325.2118957,-0.011367559432983398,0.0,map,base_link,0.23950137637041102,0.40510729771810317,0.0,-1.782846742020172
41.19870736899975,1779099325.2755256,1779099325.2755256,0.0,1779099325.2755256,0.0,1779099325.2749736,0.0005519390106201172,1779099325.273752,0.0017735958099365234,1779099325.2718954,0.0036301612854003906,0.0,map,base_link,0.2231695694327982,0.31918226079771017,0.0,-1.7738853498477227
41.24264425199999,1779099325.3005242,1779099325.3005242,0.0,1779099325.3005242,0.0,1779099325.2950385,0.0054857730865478516,1779099325.3137517,-0.013227462768554688,1779099325.3120859,-0.01156163215637207,0.0,map,base_link,0.22201239518135818,0.30015484171180695,0.0,-1.7710407674236397
41.299096464000286,1779099325.3755195,1779099325.3755195,0.0,1779099325.3755195,0.0,1779099325.3749628,0.0005567073822021484,1779099325.373766,0.0017535686492919922,1779099325.3719993,0.0035202503204345703,0.0,map,base_link,0.19161684512333466,0.14342322464791746,0.0,-1.7598445825937974
41.34237589300028,1779099325.400529,1779099325.400529,0.0,1779099325.400529,0.0,1779099325.3950334,0.005495548248291016,1779099325.4137754,-0.013246536254882812,1779099325.4118593,-0.011330366134643555,0.0,map,base_link,0.19895660298284934,0.14970407457814705,0.0,-1.7563130992439608
41.39875419500004,1779099325.4755328,1779099325.4755328,0.0,1779099325.4755328,0.0,1779099325.475007,0.0005257129669189453,1779099325.4737594,0.0017733573913574219,1779099325.4720995,0.0034332275390625,0.0,map,base_link,0.18252448945881206,0.027644256751964136,0.0,-1.7466444560364167
41.4430800680002,1779099325.5005448,1779099325.5005448,0.0,1779099325.5005448,0.0,1779099325.5249386,-0.024393796920776367,1779099325.513769,-0.013224124908447266,1779099325.5120916,-0.011546850204467773,0.0,map,base_link,0.1778656063278774,0.037117989999797985,0.0,-1.7423396711357628
41.500680543999806,1779099325.5754697,1779099325.5754697,0.0,1779099325.5754697,0.0,1779099325.5749996,0.00047016143798828125,1779099325.5737824,0.0016872882843017578,1779099325.572145,0.003324747085571289,0.0,map,base_link,0.16674704093932124,-0.012447015994029531,0.0,-1.7293106721355023
41.544850917000076,1779099325.6005223,1779099325.6005223,0.0,1779099325.6005223,0.0,1779099325.6249702,-0.024447917938232422,1779099325.6237733,-0.023251056671142578,1779099325.6119773,-0.011455059051513672,0.0,map,base_link,0.17184755570368093,-0.03960494681364457,0.0,-1.7260356097201257
41.59268083799998,1779099325.6505592,1779099325.6505592,0.0,1779099325.6505592,0.0,1779099325.6449578,0.005601406097412109,1779099325.6637821,-0.013222932815551758,1779099325.6721253,-0.021566152572631836,0.0,map,base_link,0.15925115568581472,-0.13386431378722152,0.0,-1.7135399227247579
41.64171436000015,1779099325.700547,1779099325.700547,0.0,1779099325.700547,0.0,1779099325.6949458,0.005601167678833008,1779099325.7137828,-0.013235807418823242,1779099325.7120876,-0.011540651321411133,0.0,map,base_link,0.14376563376725127,-0.18569404297757108,0.0,-1.6991441181951066
41.697158453000156,1779099325.7754698,1779099325.77547,-2.384185791015625e-07,1779099325.77547,-2.384185791015625e-07,1779099325.7749782,0.0004916191101074219,1779099325.7737958,0.0016739368438720703,1779099325.7719605,0.0035092830657958984,0.0,map,base_link,0.14390471062874788,-0.2910304003928834,0.0,-1.691495435155448
41.74337289400046,1779099325.8005745,1779099325.8005745,0.0,1779099325.8005745,0.0,1779099325.8249648,-0.024390220642089844,1779099325.813804,-0.0132293701171875,1779099325.811792,-0.011217355728149414,0.0,map,base_link,0.13784194556732654,-0.3364686556070282,0.0,-1.6832686423777155
41.798382079000476,1779099325.875633,1779099325.875633,0.0,1779099325.875633,0.0,1779099325.8750124,0.0006206035614013672,1779099325.8738053,0.0018277168273925781,1779099325.8718865,0.003746509552001953,0.0,map,base_link,0.14014384527741974,-0.3614772437208993,0.0,-1.6738034846901237
41.844427068000186,1779099325.9006107,1779099325.9006107,0.0,1779099325.9006107,0.0,1779099325.9249694,-0.024358749389648438,1779099325.9138129,-0.013202190399169922,1779099325.9117274,-0.011116743087768555,0.0,map,base_link,0.1337802925703695,-0.4026588904871833,0.0,-1.6635873384621853
41.90839207499994,1779099325.975458,1779099325.975458,0.0,1779099325.975458,0.0,1779099325.9749687,0.0004892349243164062,1779099325.983816,-0.008358001708984375,1779099325.9717174,0.003740549087524414,0.0,map,base_link,0.13424261948643235,-0.5380996932932858,0.0,-1.6591903913099817
41.93088153700046,1779099326.0004597,1779099326.0004597,0.0,1779099326.0004597,0.0,1779099325.9950187,0.005440950393676758,1779099326.0038197,-0.0033600330352783203,1779099325.9917831,0.008676528930664062,0.0,map,base_link,0.10795794245059298,-0.6472565686023373,0.0,-1.6536272438062225
41.99766963300044,1779099326.0755775,1779099326.0755775,0.0,1779099326.0755775,0.0,1779099326.0749924,0.0005850791931152344,1779099326.0738318,0.0017457008361816406,1779099326.0716894,0.0038881301879882812,0.0,map,base_link,0.11591692908417439,-0.6974695177072059,0.0,-1.6439834658684365
42.0309980359998,1779099326.100586,1779099326.100586,0.0,1779099326.100586,0.0,1779099326.1049848,-0.004398822784423828,1779099326.1038368,-0.0032508373260498047,1779099326.0917249,0.008861064910888672,0.0,map,base_link,0.12352258368109759,-0.6214047201494619,0.0,-1.6390773073765748
42.10991627600015,1779099326.175558,1779099326.175558,0.0,1779099326.175558,0.0,1779099326.175015,0.0005431175231933594,1779099326.1838496,-0.008291482925415039,1779099326.1718361,0.003721952438354492,0.0,map,base_link,0.11979151393465148,-0.7588291199728161,0.0,-1.6184811927501772
42.14380195499962,1779099326.2004595,1779099326.2004595,0.0,1779099326.2004595,0.0,1779099326.2249699,-0.02451038360595703,1779099326.2138538,-0.013394355773925781,1779099326.211793,-0.011333465576171875,0.0,map,base_link,0.1206648133627688,-0.7892820458126568,0.0,-1.614130910961644
42.209108801000184,1779099326.2755492,1779099326.2755492,0.0,1779099326.2755492,0.0,1779099326.2749968,0.0005524158477783203,1779099326.283854,-0.008304834365844727,1779099326.28659,-0.011040925979614258,0.0,map,base_link,0.10960795164726722,-0.8900640267564492,0.0,-1.6044234915651745
42.25588399699973,1779099326.3255618,1779099326.3255618,0.0,1779099326.3255618,0.0,1779099326.3250098,0.0005519390106201172,1779099326.333861,-0.00829935073852539,1779099326.3319411,-0.006379365921020508,0.0,map,base_link,0.1267743353104196,-0.9364560415738499,0.0,-1.58945153190597
42.298368515999755,1779099326.375591,1779099326.375591,0.0,1779099326.375591,0.0,1779099326.3750734,0.0005176067352294922,1779099326.3738668,0.0017242431640625,1779099326.3720303,0.003560781478881836,0.0,map,base_link,0.12259184708514237,-1.016960004966002,0.0,-1.5850616185623367
42.35647957299989,1779099326.4254632,1779099326.4254632,0.0,1779099326.4254632,0.0,1779099326.4250536,0.0004096031188964844,1779099326.4338744,-0.008411169052124023,1779099326.4319668,-0.006503582000732422,0.0,map,base_link,0.11484625814833826,-1.1124158649480695,0.0,-1.5700081558685934
42.401567345999865,1779099326.4755864,1779099326.4755864,0.0,1779099326.4755864,0.0,1779099326.475007,0.0005793571472167969,1779099326.4738793,0.0017070770263671875,1779099326.4718125,0.003773927688598633,0.0,map,base_link,0.1417835785798056,-1.1686473348253492,0.0,-1.5605528921274956
42.45856817399999,1779099326.5255811,1779099326.525581,2.384185791015625e-07,1779099326.525581,2.384185791015625e-07,1779099326.5249853,0.0005958080291748047,1779099326.5338864,-0.00830531120300293,1779099326.5318599,-0.0062787532806396484,0.0,map,base_link,0.11928540820736977,-1.2186685619805053,0.0,-1.5504857262660676
42.506240990999686,1779099326.5754898,1779099326.5754898,0.0,1779099326.5754898,0.0,1779099326.5749576,0.0005321502685546875,1779099326.5838923,-0.008402585983276367,1779099326.5717547,0.003735065460205078,0.0,map,base_link,0.13312256859593408,-1.2881975116805333,0.0,-1.5378631810459296
42.56169839599988,1779099326.6254895,1779099326.6254895,0.0,1779099326.6254895,0.0,1779099326.6250513,0.0004382133483886719,1779099326.6338973,-0.008407831192016602,1779099326.631691,-0.006201505661010742,0.0,map,base_link,0.13297882220527946,-1.3690197383645404,0.0,-1.5315440107959701
42.607509999000285,1779099326.675574,1779099326.675574,0.0,1779099326.675574,0.0,1779099326.6749032,0.0006709098815917969,1779099326.683902,-0.008327960968017578,1779099326.671789,0.0037851333618164062,0.0,map,base_link,0.1466559960585343,-1.3970140124578578,0.0,-1.527120567713934
42.65167285200005,1779099326.7254906,1779099326.7254906,0.0,1779099326.7254906,0.0,1779099326.7250285,0.0004620552062988281,1779099326.723906,0.0015845298767089844,1779099326.711766,0.013724565505981445,0.0,map,base_link,0.15625384827631095,-1.44914686699502,0.0,-1.5239928139381467
42.69512958900032,1779099326.750557,1779099326.750557,0.0,1779099326.750557,0.0,1779099326.7750096,-0.024452686309814453,1779099326.7739108,-0.02335381507873535,1779099326.7717524,-0.021195411682128906,0.0,map,base_link,0.13864245705129719,-1.489127435135908,0.0,-1.5227314787859856
42.75281320199974,1779099326.825521,1779099326.825521,0.0,1779099326.825521,0.0,1779099326.8250618,0.0004591941833496094,1779099326.8239055,0.0016155242919921875,1779099326.8318563,-0.006335258483886719,0.0,map,base_link,0.12436308109262395,-1.6100513320963876,0.0,-1.5207483421124266
42.80767805600044,1779099326.8754873,1779099326.8754873,0.0,1779099326.8754873,0.0,1779099326.8750916,0.00039577484130859375,1779099326.8838818,-0.008394479751586914,1779099326.8719594,0.0035278797149658203,0.0,map,base_link,0.17442179199557284,-1.676076933274651,0.0,-1.5195855822435267
42.86070560799999,1779099326.925636,1779099326.925636,0.0,1779099326.925636,0.0,1779099326.9250991,0.0005369186401367188,1779099326.9338777,-0.008241653442382812,1779099326.931828,-0.00619196891784668,0.0,map,base_link,0.1801986357876233,-1.7219417611481531,0.0,-1.5183845055171106
42.90566073500031,1779099326.9755588,1779099326.9755588,0.0,1779099326.9755588,0.0,1779099326.9750257,0.0005331039428710938,1779099326.9838738,-0.008315086364746094,1779099326.9717805,0.003778219223022461,0.0,map,base_link,0.13940472271485316,-1.8044272614998458,0.0,-1.51783358084421
42.96108057299989,1779099327.0254948,1779099327.0254948,0.0,1779099327.0254948,0.0,1779099327.0250466,0.0004482269287109375,1779099327.0338602,-0.008365392684936523,1779099327.0317242,-0.006229400634765625,0.0,map,base_link,0.1389126337183093,-1.903235126201078,0.0,-1.5180477965737107
43.00516238900036,1779099327.075581,1779099327.075581,0.0,1779099327.075581,0.0,1779099327.0750906,0.0004904270172119141,1779099327.0838673,-0.008286237716674805,1779099327.0720484,0.0035326480865478516,0.0,map,base_link,0.14462646747904007,-1.9626838549888501,0.0,-1.5179677846576276
43.06027833799999,1779099327.1255093,1779099327.1255095,-2.384185791015625e-07,1779099327.1255095,-2.384185791015625e-07,1779099327.125069,0.00044035911560058594,1779099327.1338644,-0.008355140686035156,1779099327.1316621,-0.0061528682708740234,0.0,map,base_link,0.16922509257483842,-1.9816076760287458,0.0,-1.5189910964001117
43.103675702000146,1779099327.1755633,1779099327.1755633,0.0,1779099327.1755633,0.0,1779099327.1750097,0.0005536079406738281,1779099327.17387,0.0016932487487792969,1779099327.17177,0.0037932395935058594,0.0,map,base_link,0.14328817377774783,-2.0874840880322485,0.0,-1.521884627018328
43.158696125999995,1779099327.2254837,1779099327.2254837,0.0,1779099327.2254837,0.0,1779099327.225076,0.0004076957702636719,1779099327.2338774,-0.00839376449584961,1779099327.2316163,-0.006132602691650391,0.0,map,base_link,0.15424976635767695,-2.158027083850697,0.0,-1.5270956856412496
43.20631682400017,1779099327.2755122,1779099327.2755122,0.0,1779099327.2755122,0.0,1779099327.275115,0.0003972053527832031,1779099327.2838833,-0.008371114730834961,1779099327.2717216,0.003790616989135742,0.0,map,base_link,0.15708834768603452,-2.1628817174921586,0.0,-1.5365255062420737
43.26141547499992,1779099327.3255553,1779099327.3255553,0.0,1779099327.3255553,0.0,1779099327.3249772,0.0005781650543212891,1779099327.3338892,-0.008333921432495117,1779099327.331713,-0.006157636642456055,0.0,map,base_link,0.1525550443264594,-2.2606779574019145,0.0,-1.5420194491385169
43.30696600600004,1779099327.375575,1779099327.375575,0.0,1779099327.375575,0.0,1779099327.3749855,0.0005896091461181641,1779099327.383895,-0.008319854736328125,1779099327.3717809,0.0037941932678222656,0.0,map,base_link,0.14526956298514637,-2.3376787510950416,0.0,-1.552766340608015
43.36076488300023,1779099327.425543,1779099327.425543,0.0,1779099327.425543,0.0,1779099327.4249957,0.0005474090576171875,1779099327.4338906,-0.008347511291503906,1779099327.43177,-0.006227016448974609,0.0,map,base_link,0.14791190569358115,-2.4099853432912477,0.0,-1.55519257214488
43.40495183799976,1779099327.475555,1779099327.475555,0.0,1779099327.475555,0.0,1779099327.4750428,0.0005121231079101562,1779099327.4838963,-0.008341312408447266,1779099327.4716809,0.003874063491821289,0.0,map,base_link,0.15465156147931136,-2.3954708342530546,0.0,-1.5610163761431166
43.459367583999665,1779099327.5255482,1779099327.5255482,0.0,1779099327.5255482,0.0,1779099327.5250802,0.0004680156707763672,1779099327.533901,-0.00835275650024414,1779099327.5317788,-0.006230592727661133,0.0,map,base_link,0.13858666478802206,-2.526291009346213,0.0,-1.5674073870851297
43.50427754700013,1779099327.575568,1779099327.575568,0.0,1779099327.575568,0.0,1779099327.5749764,0.0005915164947509766,1779099327.5739048,0.0016632080078125,1779099327.5717714,0.0037965774536132812,0.0,map,base_link,0.13874159617520476,-2.570666188377251,0.0,-1.5794245162844351
43.55817770199974,1779099327.625554,1779099327.625554,0.0,1779099327.625554,0.0,1779099327.625052,0.0005021095275878906,1779099327.6339104,-0.008356332778930664,1779099327.6319938,-0.006439685821533203,0.0,map,base_link,0.12875722496999042,-2.6388377280495083,0.0,-1.581839544670635
43.60493771599977,1779099327.67558,1779099327.67558,0.0,1779099327.67558,0.0,1779099327.6750968,0.0004832744598388672,1779099327.6839151,-0.008335113525390625,1779099327.6720653,0.0035147666931152344,0.0,map,base_link,0.1313715214596609,-2.675124471424371,0.0,-1.5953931257022287
43.65742415600016,1779099327.7255554,1779099327.7255554,0.0,1779099327.7255554,0.0,1779099327.725078,0.0004773139953613281,1779099327.7339196,-0.008364200592041016,1779099327.7321243,-0.00656890869140625,0.0,map,base_link,0.1281777997793716,-2.737482967628287,0.0,-1.5963784240969017
43.68417174800015,1779099327.7505903,1779099327.7505903,0.0,1779099327.7505903,0.0,1779099327.7549489,-0.004358530044555664,1779099327.753921,-0.003330707550048828,1779099327.7519863,-0.0013959407806396484,0.0,map,base_link,0.12504058018537023,-2.7626143622649093,0.0,-1.611339340526063
43.75805842099999,1779099327.825549,1779099327.825549,0.0,1779099327.825549,0.0,1779099327.8249922,0.0005567073822021484,1779099327.8339267,-0.008377790451049805,1779099327.8320148,-0.006465911865234375,0.0,map,base_link,0.11676697541781422,-2.85040276543099,0.0,-1.6147390583047403
43.80077305499981,1779099327.8755474,1779099327.8755474,0.0,1779099327.8755474,0.0,1779099327.8751273,0.0004200935363769531,1779099327.8739295,0.0016179084777832031,1779099327.8719718,0.003575563430786133,0.0,map,base_link,0.1141984366862765,-2.8572380683932255,0.0,-1.6174024172736785
43.85516083099992,1779099327.9255853,1779099327.9255853,0.0,1779099327.9255853,0.0,1779099327.9350803,-0.009495019912719727,1779099327.9339337,-0.008348464965820312,1779099327.9321206,-0.00653529167175293,0.0,map,base_link,0.09983120128218914,-2.9972556453009482,0.0,-1.6248864463207575
43.88835421299973,1779099327.9505584,1779099327.9505582,2.384185791015625e-07,1779099327.9505582,2.384185791015625e-07,1779099327.9550872,-0.00452876091003418,1779099327.9639258,-0.013367414474487305,1779099327.9519074,-0.0013489723205566406,0.0,map,base_link,0.08874109338231051,-3.0466663106313088,0.0,-1.634428509176191
43.93175621299997,1779099328.0005422,1779099328.000542,2.384185791015625e-07,1779099328.000542,2.384185791015625e-07,1779099328.0050905,-0.004548311233520508,1779099328.003919,-0.0033767223358154297,1779099327.991889,0.00865316390991211,0.0,map,base_link,0.0783723477431959,-3.110192482138293,0.0,-1.6381485561191118
44.00808294299986,1779099328.0755763,1779099328.0755763,0.0,1779099328.0755763,0.0,1779099328.0850382,-0.00946187973022461,1779099328.0839245,-0.008348226547241211,1779099328.0719957,0.0035805702209472656,0.0,map,base_link,0.07698848136449854,-3.162312600342764,0.0,-1.6508580454815889
44.04006247899997,1779099328.100551,1779099328.100551,0.0,1779099328.100551,0.0,1779099328.1050134,-0.004462480545043945,1779099328.1139169,-0.013365983963012695,1779099328.1117544,-0.011203527450561523,0.0,map,base_link,0.06181287285545878,-3.2005930439211854,0.0,-1.6555507226961932
44.105704104000324,1779099328.1755414,1779099328.1755414,0.0,1779099328.1755414,0.0,1779099328.1750278,0.0005135536193847656,1779099328.183922,-0.008380651473999023,1779099328.1718965,0.0036449432373046875,0.0,map,base_link,0.04933321714348615,-3.338349545020005,0.0,-1.666408689472708
44.16069297499962,1779099328.2255373,1779099328.2255373,0.0,1779099328.2255373,0.0,1779099328.2250378,0.0004994869232177734,1779099328.2339258,-0.008388519287109375,1779099328.2318482,-0.006310939788818359,0.0,map,base_link,0.04395362864332242,-3.3663411003883774,0.0,-1.6782096887915094
44.20601880800041,1779099328.2755415,1779099328.2755413,2.384185791015625e-07,1779099328.2755413,2.384185791015625e-07,1779099328.2750309,0.0005106925964355469,1779099328.2839293,-0.00838780403137207,1779099328.2720225,0.0035190582275390625,0.0,map,base_link,0.027645100763597164,-3.433289598489519,0.0,-1.693036476996115
44.260604019999846,1779099328.325561,1779099328.325561,0.0,1779099328.325561,0.0,1779099328.3250127,0.0005483627319335938,1779099328.3339329,-0.008371829986572266,1779099328.331813,-0.0062520503997802734,0.0,map,base_link,0.011495323814118663,-3.49691092182011,0.0,-1.7030916240210239
44.306384309999885,1779099328.3756115,1779099328.3756115,0.0,1779099328.3756115,0.0,1779099328.375013,0.0005984306335449219,1779099328.3839364,-0.008324861526489258,1779099328.3720071,0.003604412078857422,0.0,map,base_link,0.00418904862507663,-3.5615622221815166,0.0,-1.7213635835606684
44.36049701400043,1779099328.4256108,1779099328.4256108,0.0,1779099328.4256108,0.0,1779099328.4350238,-0.009413003921508789,1779099328.43394,-0.008329153060913086,1779099328.4318118,-0.006201028823852539,0.0,map,base_link,-0.024252434776537157,-3.6239496669613787,0.0,-1.7258867521275567
44.38261373600017,1779099328.4504743,1779099328.4504743,0.0,1779099328.4504743,0.0,1779099328.4550467,-0.004572391510009766,1779099328.4539413,-0.003467082977294922,1779099328.4520316,-0.0015573501586914062,0.0,map,base_link,-0.022734696045573877,-3.627602202594303,0.0,-1.730609173863515
44.45793528400009,1779099328.5255408,1779099328.5255408,0.0,1779099328.5255408,0.0,1779099328.525038,0.0005028247833251953,1779099328.5339453,-0.00840449333190918,1779099328.5317986,-0.006257772445678711,0.0,map,base_link,-0.024972106034018893,-3.6714469455001755,0.0,-1.741718877307238
44.502476982999724,1779099328.5755367,1779099328.5755367,0.0,1779099328.5755367,0.0,1779099328.5550356,0.020501136779785156,1779099328.5739472,0.0015895366668701172,1779099328.571879,0.003657817840576172,0.0,map,base_link,-0.0535062130747157,-3.7847737444103204,0.0,-1.7535387793175283
44.536782094000046,1779099328.600482,1779099328.600482,0.0,1779099328.600482,0.0,1779099328.605091,-0.004609107971191406,1779099328.6139398,-0.013457775115966797,1779099328.612019,-0.01153707504272461,0.0,map,base_link,-0.07246421081334287,-3.8452067480797547,0.0,-1.7651861419101387
44.601780707000216,1779099328.6755726,1779099328.6755726,0.0,1779099328.6755726,0.0,1779099328.6749997,0.0005729198455810547,1779099328.673943,0.0016295909881591797,1779099328.6717284,0.0038442611694335938,0.0,map,base_link,-0.08697276690687605,-3.8850732129528165,0.0,-1.7762233895164474
44.65703369499988,1779099328.7256272,1779099328.7256272,0.0,1779099328.7256272,0.0,1779099328.7309816,-0.005354404449462891,1779099328.733946,-0.008318901062011719,1779099328.7320256,-0.006398439407348633,0.0,map,base_link,-0.0975078912699665,-3.915054821546115,0.0,-1.7862364275919436
44.689626330000465,1779099328.7505724,1779099328.7505724,0.0,1779099328.7505724,0.0,1779099328.7550905,-0.004518032073974609,1779099328.7639475,-0.013375043869018555,1779099328.7519264,-0.0013539791107177734,0.0,map,base_link,-0.13487784706159278,-4.025185352593094,0.0,-1.7916620331508366
44.73329834600008,1779099328.8005848,1779099328.8005848,0.0,1779099328.8005848,0.0,1779099328.805048,-0.00446319580078125,1779099328.80394,-0.003355264663696289,1779099328.81202,-0.011435270309448242,0.0,map,base_link,-0.1305004571500996,-4.066622243810013,0.0,-1.796493394378375
44.809032932000264,1779099328.875544,1779099328.875544,0.0,1779099328.875544,0.0,1779099328.8851285,-0.009584426879882812,1779099328.8839443,-0.008400201797485352,1779099328.8719783,0.0035657882690429688,0.0,map,base_link,-0.15264388609490087,-4.119660081326446,0.0,-1.813848164112325
44.84084201099995,1779099328.9005518,1779099328.9005518,0.0,1779099328.9005518,0.0,1779099328.9051955,-0.004643678665161133,1779099328.9139457,-0.013393878936767578,1779099328.9121604,-0.011608600616455078,0.0,map,base_link,-0.16769017592633872,-4.159413509036327,0.0,-1.819140124059893
44.88900670000021,1779099328.9505847,1779099328.9505847,0.0,1779099328.9505847,0.0,1779099328.9551258,-0.004541158676147461,1779099328.963948,-0.013363361358642578,1779099328.9668343,-0.016249656677246094,0.0,map,base_link,-0.1916397432962933,-4.224774029607124,0.0,-1.8316836556207585
44.93133113899967,1779099329.000469,1779099329.000469,0.0,1779099329.000469,0.0,1779099329.005116,-0.004647016525268555,1779099329.00395,-0.003481149673461914,1779099328.9920871,0.008381843566894531,0.0,map,base_link,-0.2039516168503157,-4.277088208528113,0.0,-1.8358397923462757
44.9846563430001,1779099329.050541,1779099329.050541,0.0,1779099329.050541,0.0,1779099329.0551422,-0.004601240158081055,1779099329.063943,-0.013401985168457031,1779099329.052264,-0.0017230510711669922,0.0,map,base_link,-0.2329912861237693,-4.323264508310832,0.0,-1.8446292089617264
45.039274525999645,1779099329.1004698,1779099329.1004696,2.384185791015625e-07,1779099329.1004696,2.384185791015625e-07,1779099329.1050515,-0.0045816898345947266,1779099329.1139452,-0.013475418090820312,1779099329.1119528,-0.011482954025268555,0.0,map,base_link,-0.24543625918739043,-4.395912522559496,0.0,-1.8542756391466824
45.08680810700025,1779099329.1504726,1779099329.1504726,0.0,1779099329.1504726,0.0,1779099329.1551042,-0.004631519317626953,1779099329.1639476,-0.01347494125366211,1779099329.151801,-0.0013284683227539062,0.0,map,base_link,-0.26807380911705625,-4.438897165943763,0.0,-1.8652012010970278
45.141191239000364,1779099329.2005353,1779099329.2005353,0.0,1779099329.2005353,0.0,1779099329.2050352,-0.004499912261962891,1779099329.21395,-0.013414621353149414,1779099329.211734,-0.011198759078979492,0.0,map,base_link,-0.2878387079717042,-4.4986446005746465,0.0,-1.867394530858667
45.184968059999846,1779099329.2505426,1779099329.2505426,0.0,1779099329.2505426,0.0,1779099329.2550664,-0.004523754119873047,1779099329.2639525,-0.013409852981567383,1779099329.2521572,-0.0016145706176757812,0.0,map,base_link,-0.30061325078620715,-4.542235616323879,0.0,-1.8709381233530584
45.23742113699973,1779099329.300554,1779099329.300554,0.0,1779099329.300554,0.0,1779099329.3051236,-0.004569530487060547,1779099329.3139548,-0.013400793075561523,1779099329.3119447,-0.01139068603515625,0.0,map,base_link,-0.3263210111075656,-4.601630091706038,0.0,-1.872008438613705
45.29076314299982,1779099329.3504643,1779099329.3504643,0.0,1779099329.3504643,0.0,1779099329.355061,-0.004596710205078125,1779099329.3639472,-0.013482809066772461,1779099329.3517919,-0.0013275146484375,0.0,map,base_link,-0.34288053051652856,-4.651263954929998,0.0,-1.8679994864667429
45.335581506999915,1779099329.400538,1779099329.400538,0.0,1779099329.400538,0.0,1779099329.405109,-0.004570960998535156,1779099329.4139495,-0.013411521911621094,1779099329.4121172,-0.011579275131225586,0.0,map,base_link,-0.3523890123001694,-4.71160413290315,0.0,-1.8672571328781147
45.38871039700007,1779099329.45057,1779099329.45057,0.0,1779099329.45057,0.0,1779099329.4550588,-0.004488706588745117,1779099329.4639518,-0.013381719589233398,1779099329.4468513,0.003718852996826172,0.0,map,base_link,-0.3745295761167231,-4.769692299489222,0.0,-1.8664503299582913
45.432503431999976,1779099329.5005426,1779099329.5005424,2.384185791015625e-07,1779099329.5005424,2.384185791015625e-07,1779099329.5050926,-0.004549980163574219,1779099329.503954,-0.0034112930297851562,1779099329.5119476,-0.011404991149902344,0.0,map,base_link,-0.3844449579634981,-4.826744849654537,0.0,-1.8663054270883068
45.48590052600048,1779099329.5504587,1779099329.5504587,0.0,1779099329.5504587,0.0,1779099329.5550568,-0.004598140716552734,1779099329.5639567,-0.013498067855834961,1779099329.5519602,-0.0015015602111816406,0.0,map,base_link,7.080395403387913,3.3984363537136826,0.0,-0.11254855224837917
45.53931775300043,1779099329.60047,1779099329.60047,0.0,1779099329.60047,0.0,1779099329.6050522,-0.00458216667175293,1779099329.613959,-0.013489007949829102,1779099329.6116443,-0.011174201965332031,0.0,map,base_link,7.1397833275283595,3.3923726995295915,0.0,-0.11026391707274268
45.58159207799963,1779099329.6506069,1779099329.6506069,0.0,1779099329.6506069,0.0,1779099329.6550732,-0.00446629524230957,1779099329.653951,-0.0033440589904785156,1779099329.6518025,-0.001195669174194336,0.0,map,base_link,7.189181598237409,3.3829361975871457,0.0,-0.10713569764686144
45.636992296000244,1779099329.7005954,1779099329.7005954,0.0,1779099329.7005954,0.0,1779099329.7050612,-0.004465818405151367,1779099329.7139437,-0.01334834098815918,1779099329.711929,-0.011333703994750977,0.0,map,base_link,7.249994616409401,3.3840558326757098,0.0,-0.10440087624562745
45.68958451799972,1779099329.7505527,1779099329.7505527,0.0,1779099329.7505527,0.0,1779099329.755159,-0.0046062469482421875,1779099329.7639463,-0.013393640518188477,1779099329.7517042,-0.0011515617370605469,0.0,map,base_link,7.291873611086892,3.377202412474526,0.0,-0.10140580155891128
45.73473301299964,1779099329.8004723,1779099329.8004723,0.0,1779099329.8004723,0.0,1779099329.805134,-0.0046617984771728516,1779099329.8139486,-0.013476371765136719,1779099329.8117926,-0.011320352554321289,0.0,map,base_link,7.343842614867619,3.3715769670464644,0.0,-0.09555944068120015
45.78784000700034,1779099329.850523,1779099329.850523,0.0,1779099329.850523,0.0,1779099329.855116,-0.0045928955078125,1779099329.863951,-0.013427972793579102,1779099329.8517036,-0.0011806488037109375,0.0,map,base_link,7.3981404527213765,3.3731733842996734,0.0,-0.09021315147393372
45.83176198000001,1779099329.900462,1779099329.900462,0.0,1779099329.900462,0.0,1779099329.9052172,-0.004755258560180664,1779099329.9039528,-0.003490924835205078,1779099329.8918836,0.008578300476074219,0.0,map,base_link,7.445364154621015,3.3660800287732986,0.0,-0.08511590546055593
45.88565098399977,1779099329.9505649,1779099329.9505649,0.0,1779099329.9505649,0.0,1779099329.9552066,-0.00464177131652832,1779099329.9639556,-0.013390779495239258,1779099329.951697,-0.0011322498321533203,0.0,map,base_link,7.513019823789293,3.3658332072741866,0.0,-0.08003952973518526
45.93971556900033,1779099330.0005949,1779099330.0005949,0.0,1779099330.0005949,0.0,1779099330.005191,-0.004596233367919922,1779099330.0139582,-0.013363361358642578,1779099330.01185,-0.011255264282226562,0.0,map,base_link,7.551061204637285,3.356029981186058,0.0,-0.07226628670091804
45.981926481999835,1779099330.050471,1779099330.050471,0.0,1779099330.050471,0.0,1779099330.0552092,-0.0047380924224853516,1779099330.05396,-0.0034890174865722656,1779099330.0517223,-0.001251220703125,0.0,map,base_link,7.579712926836185,3.3592173094625455,0.0,-0.06928888290416159
46.03619034199983,1779099330.100556,1779099330.100556,0.0,1779099330.100556,0.0,1779099330.105138,-0.00458216667175293,1779099330.113963,-0.013406991958618164,1779099330.1115718,-0.011015892028808594,0.0,map,base_link,7.657090479304197,3.3626580945234075,0.0,-0.06200411163330345
46.088405188999786,1779099330.15055,1779099330.15055,0.0,1779099330.15055,0.0,1779099330.1550825,-0.004532575607299805,1779099330.1639652,-0.013415336608886719,1779099330.1516724,-0.0011224746704101562,0.0,map,base_link,7.695338458263544,3.3579347527465906,0.0,-0.059513750562788736
46.131954499999665,1779099330.2005625,1779099330.2005625,0.0,1779099330.2005625,0.0,1779099330.2051094,-0.0045468807220458984,1779099330.2039661,-0.0034036636352539062,1779099330.2115924,-0.011029958724975586,0.0,map,base_link,7.728020059801638,3.352348530800147,0.0,-0.053893133648727165
46.18547947499974,1779099330.250588,1779099330.250588,0.0,1779099330.250588,0.0,1779099330.2651644,-0.014576435089111328,1779099330.2639678,-0.013379812240600586,1779099330.251692,-0.001104116439819336,0.0,map,base_link,7.827329055640102,3.3491065181490898,0.0,-0.04545421640405855
46.241546438000114,1779099330.3005984,1779099330.3005984,0.0,1779099330.3005984,0.0,1779099330.3051555,-0.004557132720947266,1779099330.313969,-0.013370513916015625,1779099330.3117476,-0.011149168014526367,0.0,map,base_link,7.821430052520922,3.354972774966754,0.0,-0.033217357864854705
46.28427290000036,1779099330.3505929,1779099330.350593,-2.384185791015625e-07,1779099330.350593,-2.384185791015625e-07,1779099330.3551672,-0.004574298858642578,1779099330.3539698,-0.0033769607543945312,1779099330.3518565,-0.0012636184692382812,0.0,map,base_link,7.9181634572886095,3.34369841189417,0.0,-0.02779241090054809
46.33854087800046,1779099330.400597,1779099330.400597,0.0,1779099330.400597,0.0,1779099330.4151924,-0.014595270156860352,1779099330.4139712,-0.013374090194702148,1779099330.411599,-0.011001825332641602,0.0,map,base_link,7.919528518458115,3.3518191655556633,0.0,-0.016877360629585322
46.38193112800036,1779099330.4504988,1779099330.4504988,0.0,1779099330.4504988,0.0,1779099330.4551897,-0.004690885543823242,1779099330.453972,-0.0034732818603515625,1779099330.451768,-0.0012691020965576172,0.0,map,base_link,8.00106955947893,3.353579038475858,0.0,-0.009566489795328677
46.436337248999735,1779099330.5005682,1779099330.5005682,0.0,1779099330.5005682,0.0,1779099330.5050535,-0.004485368728637695,1779099330.5139737,-0.013405561447143555,1779099330.511598,-0.011029958724975586,0.0,map,base_link,8.042128487922977,3.359194006599269,0.0,-0.0009596616972893359
46.491240635000395,1779099330.5505753,1779099330.5505753,0.0,1779099330.5505753,0.0,1779099330.5651405,-0.014565229415893555,1779099330.5639749,-0.013399600982666016,1779099330.5516834,-0.0011081695556640625,0.0,map,base_link,8.037641195963076,3.3605043350273665,0.0,0.00901738712949652
46.53727522400004,1779099330.600497,1779099330.600497,0.0,1779099330.600497,0.0,1779099330.6051738,-0.00467681884765625,1779099330.613976,-0.013478994369506836,1779099330.6115828,-0.011085748672485352,0.0,map,base_link,8.143590384823803,3.3606080162405902,0.0,0.024617523973919923
46.58988739899996,1779099330.6505163,1779099330.6505163,0.0,1779099330.6505163,0.0,1779099330.655187,-0.004670619964599609,1779099330.6639771,-0.013460874557495117,1779099330.651657,-0.0011408329010009766,0.0,map,base_link,8.16476755115087,3.3667131967989903,0.0,0.029607899301218318
46.63743682200038,1779099330.700603,1779099330.700603,0.0,1779099330.700603,0.0,1779099330.7151656,-0.014562606811523438,1779099330.7139783,-0.013375282287597656,1779099330.7068026,-0.00619959831237793,0.0,map,base_link,8.222338591713857,3.3651429302256375,0.0,0.04901209279664486
46.69012567400023,1779099330.7506175,1779099330.7506175,0.0,1779099330.7506175,0.0,1779099330.7651296,-0.014512062072753906,1779099330.7639797,-0.01336216926574707,1779099330.751802,-0.0011844635009765625,0.0,map,base_link,8.25988963814893,3.376307094459089,0.0,0.05383643490027931
46.735105341000235,1779099330.8004885,1779099330.8004885,0.0,1779099330.8004885,0.0,1779099330.8051481,-0.0046596527099609375,1779099330.8139808,-0.013492345809936523,1779099330.8116744,-0.011185884475708008,0.0,map,base_link,8.280861494191608,3.38245286850609,0.0,0.06340285315795892
46.78794952499993,1779099330.8506079,1779099330.8506079,0.0,1779099330.8506079,0.0,1779099330.865051,-0.014443159103393555,1779099330.863982,-0.013374090194702148,1779099330.8517647,-0.0011568069458007812,0.0,map,base_link,8.324832276976823,3.378675311361846,0.0,0.06937730890375526
46.83407242300018,1779099330.9005454,1779099330.9005456,-2.384185791015625e-07,1779099330.9005456,-2.384185791015625e-07,1779099330.9150722,-0.014526844024658203,1779099330.9039829,-0.003437519073486328,1779099330.9119687,-0.011423349380493164,0.0,map,base_link,8.388088967897378,3.3881799891511104,0.0,0.08477656289522703
46.887253838000106,1779099330.9505987,1779099330.9505987,0.0,1779099330.9505987,0.0,1779099330.96514,-0.014541387557983398,1779099330.9639843,-0.013385534286499023,1779099330.9521158,-0.0015170574188232422,0.0,map,base_link,8.482855306600555,3.4088444852078705,0.0,0.09171607489830791
46.93473228400035,1779099331.0005474,1779099331.0005474,0.0,1779099331.0005474,0.0,1779099331.0150666,-0.014519214630126953,1779099331.0139856,-0.013438224792480469,1779099331.0120065,-0.011459112167358398,0.0,map,base_link,8.450116934980985,3.3948461466069677,0.0,0.10644553148661903
46.987670526999864,1779099331.0504873,1779099331.0504873,0.0,1779099331.0504873,0.0,1779099331.0650752,-0.014587879180908203,1779099331.0639868,-0.01349949836730957,1779099331.0520246,-0.001537322998046875,0.0,map,base_link,8.488486229283323,3.4044328521736382,0.0,0.11109687452298456
47.03558379700007,1779099331.1005607,1779099331.1005607,0.0,1779099331.1005607,0.0,1779099331.115054,-0.014493227005004883,1779099331.113988,-0.013427257537841797,1779099331.1121945,-0.011633872985839844,0.0,map,base_link,8.528800055964805,3.4106817903637,0.0,0.12731707627546252
47.08856355300031,1779099331.150561,1779099331.150561,0.0,1779099331.150561,0.0,1779099331.165076,-0.014514923095703125,1779099331.1639888,-0.013427734375,1779099331.1519213,-0.001360177993774414,0.0,map,base_link,8.549171550803425,3.410897982760357,0.0,0.1322912237494607
47.13492331799989,1779099331.2005491,1779099331.2005491,0.0,1779099331.2005491,0.0,1779099331.2151484,-0.014599323272705078,1779099331.2039888,-0.003439664840698242,1779099331.2119055,-0.011356353759765625,0.0,map,base_link,8.60232696119685,3.4326023641471632,0.0,0.14768627104786303
47.18840774599994,1779099331.2504737,1779099331.2504737,0.0,1779099331.2504737,0.0,1779099331.265098,-0.014624357223510742,1779099331.263989,-0.013515233993530273,1779099331.2520037,-0.0015299320220947266,0.0,map,base_link,8.61111213442877,3.4256745412800855,0.0,0.1528940681608111
47.234044621000066,1779099331.3005354,1779099331.3005354,0.0,1779099331.3005354,0.0,1779099331.3150816,-0.01454615592956543,1779099331.303989,-0.003453493118286133,1779099331.3117821,-0.011246681213378906,0.0,map,base_link,8.668175210996644,3.441021273876097,0.0,0.16924633063060848
47.2892635219996,1779099331.3504736,1779099331.3504736,0.0,1779099331.3504736,0.0,1779099331.3650866,-0.014612913131713867,1779099331.3639889,-0.013515233993530273,1779099331.351981,-0.0015072822570800781,0.0,map,base_link,8.690712952597892,3.451922286381885,0.0,0.18345612603054914
47.33258084800036,1779099331.4004753,1779099331.4004753,0.0,1779099331.4004753,0.0,1779099331.385079,0.015396356582641602,1779099331.4039888,-0.0035135746002197266,1779099331.3918078,0.008667469024658203,0.0,map,base_link,8.75371713213447,3.4624148538573154,0.0,0.18923342250074263
47.38981568199961,1779099331.4505396,1779099331.4505396,0.0,1779099331.4505396,0.0,1779099331.4650965,-0.014556884765625,1779099331.4639888,-0.01344919204711914,1779099331.4516413,-0.0011017322540283203,0.0,map,base_link,8.7575093987585,3.4655159563455307,0.0,0.2064011796121017
47.43405166100001,1779099331.5005767,1779099331.5005767,0.0,1779099331.5005767,0.0,1779099331.5151122,-0.01453542709350586,1779099331.503989,-0.0034122467041015625,1779099331.511818,-0.01124119758605957,0.0,map,base_link,8.8066317668522,3.482499831186262,0.0,0.2115659898635754
47.48938659800024,1779099331.550544,1779099331.550544,0.0,1779099331.550544,0.0,1779099331.5651026,-0.014558553695678711,1779099331.563989,-0.013444900512695312,1779099331.5517538,-0.0012097358703613281,0.0,map,base_link,8.818146597682414,3.4860220578301213,0.0,0.22893350432236398
47.53277743499984,1779099331.600546,1779099331.600546,0.0,1779099331.600546,0.0,1779099331.615131,-0.014585018157958984,1779099331.603989,-0.003443002700805664,1779099331.6117978,-0.01125192642211914,0.0,map,base_link,8.861247980013484,3.4949575764472094,0.0,0.23511270858840155
47.5899765690001,1779099331.6505666,1779099331.6505666,0.0,1779099331.6505666,0.0,1779099331.6650798,-0.014513254165649414,1779099331.6639888,-0.013422250747680664,1779099331.6519282,-0.0013616085052490234,0.0,map,base_link,8.886437202046997,3.5077974559421836,0.0,0.2543078289120694
47.63370760700036,1779099331.7004862,1779099331.7004862,0.0,1779099331.7004862,0.0,1779099331.7151165,-0.014630317687988281,1779099331.7039888,-0.0035026073455810547,1779099331.7120411,-0.011554956436157227,0.0,map,base_link,8.912668870886431,3.521595384201813,0.0,0.25939505231449744
47.688574886000424,1779099331.7504826,1779099331.7504828,-2.384185791015625e-07,1779099331.7504828,-2.384185791015625e-07,1779099331.7652142,-0.014731645584106445,1779099331.763989,-0.013506412506103516,1779099331.7518563,-0.0013737678527832031,0.0,map,base_link,8.940682722319902,3.531068688317138,0.0,0.2701925493913835
47.73441501399975,1779099331.800553,1779099331.800553,0.0,1779099331.800553,0.0,1779099331.8152382,-0.01468515396118164,1779099331.803989,-0.003435850143432617,1779099331.8119302,-0.011377096176147461,0.0,map,base_link,8.978580902002712,3.5412140206646834,0.0,0.2849972606370706
47.787710292000156,1779099331.8505728,1779099331.8505728,0.0,1779099331.8505728,0.0,1779099331.8651073,-0.014534473419189453,1779099331.8639889,-0.013416051864624023,1779099331.851931,-0.0013582706451416016,0.0,map,base_link,8.992609147260001,3.540779050379779,0.0,0.291998291484912
47.84419333599999,1779099331.900525,1779099331.900525,0.0,1779099331.900525,0.0,1779099331.9151924,-0.014667272567749023,1779099331.9139888,-0.013463735580444336,1779099331.9121525,-0.011627435684204102,0.0,map,base_link,9.03345475093596,3.5658498627215085,0.0,0.3117279292252489
47.88658736100024,1779099331.9505336,1779099331.9505336,0.0,1779099331.9505336,0.0,1779099331.9650805,-0.014546871185302734,1779099331.9639888,-0.01345515251159668,1779099331.951942,-0.0014083385467529297,0.0,map,base_link,9.060460940164555,3.5771709953653863,0.0,0.31912077400212163
47.93188297500001,1779099332.0005655,1779099332.0005655,0.0,1779099332.0005655,0.0,1779099331.9850922,0.015473365783691406,1779099332.003989,-0.003423452377319336,1779099331.9918356,0.008729934692382812,0.0,map,base_link,9.093571635938254,3.598745886600346,0.0,0.333894435571992
47.999233350000395,1779099332.0754786,1779099332.0754786,0.0,1779099332.0754786,0.0,1779099332.065094,0.010384559631347656,1779099332.073989,0.0014896392822265625,1779099332.071979,0.0034995079040527344,0.0,map,base_link,9.138374491135075,3.6168913059844012,0.0,0.35437457687177193
48.04497064000043,1779099332.1004899,1779099332.1004899,0.0,1779099332.1004899,0.0,1779099332.1150968,-0.014606952667236328,1779099332.1239889,-0.023499011993408203,1779099332.1118984,-0.011408567428588867,0.0,map,base_link,9.157042477671352,3.626314466294783,0.0,0.36877848943648706
48.08950609600015,1779099332.150572,1779099332.150572,0.0,1779099332.150572,0.0,1779099332.1650977,-0.014525651931762695,1779099332.1639888,-0.013416767120361328,1779099332.1518497,-0.0012776851654052734,0.0,map,base_link,9.16647551713628,3.6358791579854133,0.0,0.38232516738063743
48.14672750800037,1779099332.2254727,1779099332.2254727,0.0,1779099332.2254727,0.0,1779099332.2151222,0.010350465774536133,1779099332.223989,0.0014836788177490234,1779099332.2118692,0.013603448867797852,0.0,map,base_link,9.217972921184641,3.6583424104493787,0.0,0.40436248143978865
48.192230382999696,1779099332.2505498,1779099332.2505498,0.0,1779099332.2505498,0.0,1779099332.2650928,-0.01454305648803711,1779099332.263989,-0.013439178466796875,1779099332.2718344,-0.02128458023071289,0.0,map,base_link,9.24878044617439,3.675500794659965,0.0,0.4193493821502393
48.23581998700047,1779099332.3005514,1779099332.3005514,0.0,1779099332.3005514,0.0,1779099332.315099,-0.014547586441040039,1779099332.313989,-0.013437509536743164,1779099332.311989,-0.011437654495239258,0.0,map,base_link,9.239024519987943,3.6797575748217115,0.0,0.4270104999958936
48.2911287930001,1779099332.3504658,1779099332.350466,-2.384185791015625e-07,1779099332.350466,-2.384185791015625e-07,1779099332.3651006,-0.014634847640991211,1779099332.3639889,-0.013523101806640625,1779099332.366837,-0.01637125015258789,0.0,map,base_link,9.280809477277423,3.7006942289192732,0.0,0.4419381061791967
48.34714327399979,1779099332.4255683,1779099332.4255683,0.0,1779099332.4255683,0.0,1779099332.415268,0.010300397872924805,1779099332.4239888,0.0015795230865478516,1779099332.4117272,0.01384115219116211,0.0,map,base_link,9.365410692834573,3.729393502627234,0.0,0.4554943529681188
48.39150997199977,1779099332.4505334,1779099332.4505334,0.0,1779099332.4505334,0.0,1779099332.465201,-0.014667510986328125,1779099332.4639888,-0.013455390930175781,1779099332.45184,-0.0013065338134765625,0.0,map,base_link,9.328905549431488,3.7362596869504756,0.0,0.4684292645331916
48.43597012900045,1779099332.5004792,1779099332.5004792,0.0,1779099332.5004792,0.0,1779099332.515214,-0.014734745025634766,1779099332.513989,-0.013509750366210938,1779099332.5118225,-0.011343240737915039,0.0,map,base_link,9.376236083417396,3.750291853568015,0.0,0.4752370739531961
48.50118694299999,1779099332.5755455,1779099332.5755455,0.0,1779099332.5755455,0.0,1779099332.5651999,0.010345697402954102,1779099332.573989,0.0015566349029541016,1779099332.571781,0.003764629364013672,0.0,map,base_link,9.417590224546526,3.790822594830872,0.0,0.48952112859534025
48.54838303700035,1779099332.6255333,1779099332.6255333,0.0,1779099332.6255333,0.0,1779099332.6152217,0.010311603546142578,1779099332.6239889,0.0015444755554199219,1779099332.6117558,0.013777494430541992,0.0,map,base_link,9.439247294298067,3.804561069936865,0.0,0.5131021467969114
48.59100785299961,1779099332.6505384,1779099332.6505382,2.384185791015625e-07,1779099332.6505382,2.384185791015625e-07,1779099332.6652374,-0.014698982238769531,1779099332.6639888,-0.013450384140014648,1779099332.666844,-0.01630544662475586,0.0,map,base_link,9.446133998164232,3.8033130024907997,0.0,0.5209484143629627
48.646141919,1779099332.7255695,1779099332.7004592,0.025110244750976562,1779099332.7004592,0.025110244750976562,1779099332.715232,0.010337591171264648,1779099332.723989,0.0015804767608642578,1779099332.7121005,0.01346898078918457,0.0,map,base_link,9.45353138579295,3.8240685257450586,0.0,0.5349185455953392
48.691655114999776,1779099332.7505586,1779099332.7505586,0.0,1779099332.7505586,0.0,1779099332.7652116,-0.01465296745300293,1779099332.763989,-0.013430356979370117,1779099332.7520754,-0.0015168190002441406,0.0,map,base_link,9.498905127457224,3.8412267243199905,0.0,0.5520608316278763
48.7480437840004,1779099332.825529,1779099332.825529,0.0,1779099332.825529,0.0,1779099332.8150887,0.010440349578857422,1779099332.823989,0.0015401840209960938,1779099332.8118587,0.01367044448852539,0.0,map,base_link,9.52667919133112,3.8756211567193617,0.0,0.5679610684001307
48.793423217000054,1779099332.8505313,1779099332.8505313,0.0,1779099332.8505313,0.0,1779099332.8652303,-0.014698982238769531,1779099332.8639889,-0.013457536697387695,1779099332.8718603,-0.02132892608642578,0.0,map,base_link,9.536812811577141,3.8821200384625394,0.0,0.5827896556987365
48.84914647900041,1779099332.9255614,1779099332.9255612,2.384185791015625e-07,1779099332.9255612,2.384185791015625e-07,1779099332.915126,0.010435342788696289,1779099332.9239888,0.0015726089477539062,1779099332.9118257,0.013735771179199219,0.0,map,base_link,9.572660361729001,3.917168168747496,0.0,0.5966232487616246
48.89722506100043,1779099332.9754655,1779099332.9754655,0.0,1779099332.9754655,0.0,1779099332.9651914,0.010274171829223633,1779099332.973989,0.0014765262603759766,1779099332.972026,0.0034394264221191406,0.0,map,base_link,9.58517846049035,3.931169473483501,0.0,0.6188952050346421
48.95141165400037,1779099333.0254595,1779099333.0254595,0.0,1779099333.0254595,0.0,1779099333.0151613,0.01029825210571289,1779099333.023989,0.0014705657958984375,1779099333.0119305,0.013529062271118164,0.0,map,base_link,9.615959960971688,3.9569513033494825,0.0,0.6269376564181712
48.996214544000395,1779099333.0756297,1779099333.05056,0.025069713592529297,1779099333.05056,0.025069713592529297,1779099333.0651338,0.010495901107788086,1779099333.073989,0.0016407966613769531,1779099333.072086,0.0035436153411865234,0.0,map,base_link,9.624431290205468,3.959952422308067,0.0,0.6410479984759715
49.031926165000186,1779099333.1004684,1779099333.1004684,0.0,1779099333.1004684,0.0,1779099333.088103,0.012365341186523438,1779099333.103989,-0.003520488739013672,1779099333.0915072,0.008961200714111328,0.0,map,base_link,9.64376048394218,3.9876720201464515,0.0,0.6575064415209585
49.09976078900036,1779099333.1755252,1779099333.1755252,0.0,1779099333.1755252,0.0,1779099333.1651266,0.010398626327514648,1779099333.1739888,0.0015363693237304688,1779099333.1718554,0.00366973876953125,0.0,map,base_link,9.664433463628834,4.01108422520893,0.0,0.6804378567043486
49.14644451000004,1779099333.2254686,1779099333.2254686,0.0,1779099333.2254686,0.0,1779099333.2151525,0.010316133499145508,1779099333.223989,0.0014796257019042969,1779099333.2118952,0.013573408126831055,0.0,map,base_link,9.698015278723691,4.037184106805823,0.0,0.6971361957789188
49.19255891800003,1779099333.2504761,1779099333.2504761,0.0,1779099333.2504761,0.0,1779099333.26512,-0.01464390754699707,1779099333.263989,-0.013512849807739258,1779099333.2716918,-0.02121567726135254,0.0,map,base_link,9.692485041415157,4.04519831933902,0.0,0.7114273192272418
49.246875884000474,1779099333.3255742,1779099333.3255742,0.0,1779099333.3255742,0.0,1779099333.3150532,0.01052093505859375,1779099333.323989,0.001585245132446289,1779099333.3118885,0.01368570327758789,0.0,map,base_link,9.718341902616366,4.074270366139116,0.0,0.7177096138668959
49.292375170000014,1779099333.3504672,1779099333.3504672,0.0,1779099333.3504672,0.0,1779099333.345108,0.005359172821044922,1779099333.3639889,-0.013521671295166016,1779099333.3717597,-0.021292448043823242,0.0,map,base_link,9.73469929869922,4.095430265532335,0.0,0.7312747130643585
49.35026901400033,1779099333.425565,1779099333.425565,0.0,1779099333.425565,0.0,1779099333.4150908,0.010474205017089844,1779099333.4239888,0.0015761852264404297,1779099333.4117692,0.013795852661132812,0.0,map,base_link,9.757407788963743,4.129564756774702,0.0,0.7467259606177723
49.387407096999596,1779099333.4505455,1779099333.4505455,0.0,1779099333.4505455,0.0,1779099333.465114,-0.014568567276000977,1779099333.4639888,-0.013443231582641602,1779099333.4520473,-0.0015017986297607422,0.0,map,base_link,9.76328235709737,4.123851620298627,0.0,0.7638208446312026
49.44365841400031,1779099333.500472,1779099333.500472,0.0,1779099333.500472,0.0,1779099333.5251143,-0.024642229080200195,1779099333.513989,-0.013516902923583984,1779099333.512017,-0.011544942855834961,0.0,map,base_link,9.77135049902071,4.135197065789328,0.0,0.7801274218114518
49.49169667899969,1779099333.5505655,1779099333.5505655,0.0,1779099333.5505655,0.0,1779099333.5452096,0.0053558349609375,1779099333.563989,-0.013423442840576172,1779099333.5469584,0.003607034683227539,0.0,map,base_link,9.811751600769492,4.19690365824051,0.0,0.8095357384382229
49.547841286999756,1779099333.6254716,1779099333.6254716,0.0,1779099333.6254716,0.0,1779099333.6151204,0.010351181030273438,1779099333.6239889,0.0014827251434326172,1779099333.6117563,0.013715267181396484,0.0,map,base_link,9.822239046571884,4.228775786139509,0.0,0.830562035515856
49.59405753900046,1779099333.6505399,1779099333.6505399,0.0,1779099333.6505399,0.0,1779099333.6750436,-0.024503707885742188,1779099333.6639888,-0.013448953628540039,1779099333.6719422,-0.021402359008789062,0.0,map,base_link,9.842895848052578,4.2500526978761375,0.0,0.8501766321256835
49.64757114399981,1779099333.725458,1779099333.725458,0.0,1779099333.725458,0.0,1779099333.7251718,0.000286102294921875,1779099333.723989,0.0014688968658447266,1779099333.7120743,0.013383626937866211,0.0,map,base_link,9.87398196613599,4.307320124679151,0.0,0.8605803729002293
49.694401566000124,1779099333.750475,1779099333.750475,0.0,1779099333.750475,0.0,1779099333.7651453,-0.014670372009277344,1779099333.763989,-0.013514041900634766,1779099333.7668424,-0.016367435455322266,0.0,map,base_link,9.885058999352701,4.338352300252944,0.0,0.8775094905094848
49.74166000900004,1779099333.8005478,1779099333.8005478,0.0,1779099333.8005478,0.0,1779099333.7951558,0.0053920745849609375,1779099333.813989,-0.013441085815429688,1779099333.8118901,-0.011342287063598633,0.0,map,base_link,9.883125599031661,4.325135300633965,0.0,0.8959752433994564
49.7996436630001,1779099333.875529,1779099333.875529,0.0,1779099333.875529,0.0,1779099333.8751178,0.0004112720489501953,1779099333.8739889,0.0015401840209960938,1779099333.8718488,0.0036802291870117188,0.0,map,base_link,9.923378374807676,4.40674766644822,0.0,0.9270095677484192
49.844104589999915,1779099333.9005415,1779099333.9005415,0.0,1779099333.9005415,0.0,1779099333.9252293,-0.024687767028808594,1779099333.9139888,-0.013447284698486328,1779099333.911961,-0.011419534683227539,0.0,map,base_link,9.9392331098656,4.427605271673111,0.0,0.9372751781875472
49.8935442410002,1779099333.9505284,1779099333.9505284,0.0,1779099333.9505284,0.0,1779099333.9750876,-0.02455925941467285,1779099333.9639888,-0.013460397720336914,1779099333.9720385,-0.02151012420654297,0.0,map,base_link,9.938409681166732,4.426828266448935,0.0,0.9679802796329198
49.950827306000065,1779099334.025454,1779099334.0254538,2.384185791015625e-07,1779099334.0254538,2.384185791015625e-07,1779099334.0252926,0.0001614093780517578,1779099334.023989,0.0014650821685791016,1779099334.0119963,0.013457775115966797,0.0,map,base_link,9.965406066938494,4.491131005935791,0.0,0.9886329509108717
49.99631290900015,1779099334.0754588,1779099334.0754588,0.0,1779099334.0754588,0.0,1779099334.0750544,0.00040435791015625,1779099334.073989,0.0014698505401611328,1779099334.0719638,0.0034949779510498047,0.0,map,base_link,9.978943514853915,4.521168835448998,0.0,1.0082809295918733
50.05107474499982,1779099334.1255646,1779099334.1255648,-2.384185791015625e-07,1779099334.1255648,-2.384185791015625e-07,1779099334.1251376,0.00042700767517089844,1779099334.1239889,0.0015757083892822266,1779099334.1119475,0.01361703872680664,0.0,map,base_link,9.990890741389622,4.538944479624333,0.0,1.018921798452474
50.10085535899998,1779099334.1755366,1779099334.1755364,2.384185791015625e-07,1779099334.1755364,2.384185791015625e-07,1779099334.17505,0.00048661231994628906,1779099334.1739888,0.0015478134155273438,1779099334.1718462,0.003690481185913086,0.0,map,base_link,9.992804187650115,4.583579787679534,0.0,1.0453957582919322
50.14531050500045,1779099334.200531,1779099334.200531,0.0,1779099334.200531,0.0,1779099334.2251437,-0.0246126651763916,1779099334.223989,-0.023458003997802734,1779099334.2118118,-0.01128077507019043,0.0,map,base_link,10.004573510270966,4.587409268054122,0.0,1.0571546798170985
50.19337229800021,1779099334.250532,1779099334.250532,0.0,1779099334.250532,0.0,1779099334.2751327,-0.024600744247436523,1779099334.263989,-0.013457059860229492,1779099334.2716432,-0.021111249923706055,0.0,map,base_link,10.005435755999848,4.6260047158026305,0.0,1.0848020073293223
50.24792219600022,1779099334.3255959,1779099334.3255959,0.0,1779099334.3255959,0.0,1779099334.3251662,0.0004296302795410156,1779099334.323989,0.0016069412231445312,1779099334.3117898,0.01380610466003418,0.0,map,base_link,10.029048310466855,4.674484217439495,0.0,1.095872053170689
50.294685437000226,1779099334.3505514,1779099334.3505514,0.0,1779099334.3505514,0.0,1779099334.3751705,-0.024619102478027344,1779099334.3739889,-0.0234375,1779099334.3717217,-0.021170377731323242,0.0,map,base_link,10.028109930883396,4.656208580266371,0.0,1.1161214067074747
50.3530066809999,1779099334.4255776,1779099334.4255776,0.0,1779099334.4255776,0.0,1779099334.425143,0.00043463706970214844,1779099334.4239888,0.0015888214111328125,1779099334.4317102,-0.006132602691650391,0.0,map,base_link,10.029133860087793,4.726963345650978,0.0,1.1346378447507968
50.40010436900047,1779099334.4755697,1779099334.4755697,0.0,1779099334.4755697,0.0,1779099334.4751258,0.0004439353942871094,1779099334.473989,0.0015807151794433594,1779099334.471762,0.0038077831268310547,0.0,map,base_link,10.0574455745633,4.765836419933285,0.0,1.1656756699997344
50.44466270599969,1779099334.5004702,1779099334.5004702,0.0,1779099334.5004702,0.0,1779099334.5251489,-0.024678707122802734,1779099334.513989,-0.013518810272216797,1779099334.5116649,-0.011194705963134766,0.0,map,base_link,10.042356788442003,4.781111032738242,0.0,1.1747758309262868
50.49389168699963,1779099334.550567,1779099334.550567,0.0,1779099334.550567,0.0,1779099334.5750642,-0.024497270584106445,1779099334.563989,-0.013422012329101562,1779099334.5717037,-0.021136760711669922,0.0,map,base_link,10.054840026127259,4.800359849660245,0.0,1.2039271916401613
50.55037828799959,1779099334.625458,1779099334.625458,0.0,1779099334.625458,0.0,1779099334.6251397,0.00031828880310058594,1779099334.6239889,0.0014691352844238281,1779099334.606741,0.018717050552368164,0.0,map,base_link,10.059470501810035,4.848728306762624,0.0,1.2318707633703563
50.593406211,1779099334.6504827,1779099334.6504827,0.0,1779099334.6504827,0.0,1779099334.6751642,-0.024681568145751953,1779099334.6639888,-0.013506174087524414,1779099334.6718194,-0.021336793899536133,0.0,map,base_link,10.070061371713262,4.894230229829559,0.0,1.2426001832104565
50.64951749099964,1779099334.7254536,1779099334.7254536,0.0,1779099334.7254536,0.0,1779099334.7252393,0.0002143383026123047,1779099334.723989,0.0014646053314208984,1779099334.7117875,0.013666152954101562,0.0,map,base_link,10.074359884904606,4.920787684229638,0.0,1.2626872674920042
50.695213328000136,1779099334.750625,1779099334.750625,0.0,1779099334.750625,0.0,1779099334.7751937,-0.024568796157836914,1779099334.773989,-0.02336406707763672,1779099334.7720466,-0.02142167091369629,0.0,map,base_link,10.072373699012417,4.9139436350858166,0.0,1.2844308565585603
50.74860009599979,1779099334.825519,1779099334.825519,0.0,1779099334.825519,0.0,1779099334.825193,0.0003261566162109375,1779099334.823989,0.0015301704406738281,1779099334.8117867,0.013732433319091797,0.0,map,base_link,10.085636758052871,4.9980855839281935,0.0,1.2961033965905384
50.79368584199983,1779099334.8505774,1779099334.8505774,0.0,1779099334.8505774,0.0,1779099334.8751924,-0.024615049362182617,1779099334.8639889,-0.013411521911621094,1779099334.8718634,-0.0212860107421875,0.0,map,base_link,10.0877891766143,4.989977089011125,0.0,1.3165163786803198
50.860034909000206,1779099334.9254599,1779099334.9254599,0.0,1779099334.9254599,0.0,1779099334.9251702,0.00028967857360839844,1779099334.9339888,-0.008528947830200195,1779099334.926813,-0.0013530254364013672,0.0,map,base_link,10.085890099573042,5.069520934453276,0.0,1.338312923512913
50.89751275599974,1779099334.9754739,1779099334.9754739,0.0,1779099334.9754739,0.0,1779099334.9751277,0.00034618377685546875,1779099334.973989,0.0014848709106445312,1779099334.971879,0.0035948753356933594,0.0,map,base_link,10.08986606905918,5.084731508345959,0.0,1.3704867273405388
50.95094470700042,1779099335.0254612,1779099335.0254612,0.0,1779099335.0254612,0.0,1779099335.025283,0.0001780986785888672,1779099335.023989,0.0014722347259521484,1779099335.0119398,0.013521432876586914,0.0,map,base_link,10.077562524952928,5.12424860325024,0.0,1.3815313756751113
51.00839000799988,1779099335.075485,1779099335.075485,0.0,1779099335.075485,0.0,1779099335.0751324,0.00035262107849121094,1779099335.083989,-0.008503913879394531,1779099335.0718844,0.003600597381591797,0.0,map,base_link,10.087081862348416,5.188325080640939,0.0,1.412243780367178
51.056530443000156,1779099335.1255505,1779099335.1255505,0.0,1779099335.1255505,0.0,1779099335.1252463,0.00030422210693359375,1779099335.1339889,-0.008438348770141602,1779099335.1317294,-0.006178855895996094,0.0,map,base_link,10.089464860653958,5.2023572308357355,0.0,1.4469311254886996
51.11049817999992,1779099335.175529,1779099335.175529,0.0,1779099335.175529,0.0,1779099335.175136,0.000392913818359375,1779099335.1839888,-0.008459806442260742,1779099335.1718724,0.003656625747680664,0.0,map,base_link,10.09562406554566,5.242926990202037,0.0,1.4583835721876566
51.1464307870001,1779099335.2255495,1779099335.2255495,0.0,1779099335.2255495,0.0,1779099335.2252133,0.0003361701965332031,1779099335.223989,0.0015604496002197266,1779099335.211832,0.013717412948608398,0.0,map,base_link,10.088314053315406,5.314729622472706,0.0,1.4806165858664058
51.2100407529997,1779099335.2755299,1779099335.2755299,0.0,1779099335.2755299,0.0,1779099335.2751591,0.0003707408905029297,1779099335.283989,-0.008459091186523438,1779099335.2719667,0.0035631656646728516,0.0,map,base_link,10.083397820056529,5.36036747630794,0.0,1.4920815067160054
51.25784458399994,1779099335.3255205,1779099335.3255205,0.0,1779099335.3255205,0.0,1779099335.3252172,0.0003032684326171875,1779099335.333989,-0.008468389511108398,1779099335.3319857,-0.00646519660949707,0.0,map,base_link,10.084549722695629,5.407396330312064,0.0,1.5270715664712038
51.31067553699995,1779099335.3754625,1779099335.3754623,2.384185791015625e-07,1779099335.3754623,2.384185791015625e-07,1779099335.3751357,0.0003268718719482422,1779099335.3839889,-0.008526325225830078,1779099335.371868,0.003594636917114258,0.0,map,base_link,10.086075711428677,5.447918232332969,0.0,1.5398255212003464
51.35820116600007,1779099335.42547,1779099335.42547,0.0,1779099335.42547,0.0,1779099335.4252279,0.0002422332763671875,1779099335.4339888,-0.008518695831298828,1779099335.4320037,-0.006533622741699219,0.0,map,base_link,10.063187194182586,5.461247033274604,0.0,1.572565222671053
51.381356005999805,1779099335.4504611,1779099335.450461,2.384185791015625e-07,1779099335.450461,2.384185791015625e-07,1779099335.4551575,-0.004696369171142578,1779099335.4539888,-0.0035276412963867188,1779099335.4519994,-0.0015382766723632812,0.0,map,base_link,10.065209314940038,5.516660418969735,0.0,1.583056562277584
51.4573781400004,1779099335.5255294,1779099335.5255294,0.0,1779099335.5255294,0.0,1779099335.5252507,0.00027871131896972656,1779099335.533989,-0.00845956802368164,1779099335.5317636,-0.006234169006347656,0.0,map,base_link,10.06530219086369,5.587335487403334,0.0,1.6073480140610117
51.507444472000316,1779099335.575495,1779099335.575495,0.0,1779099335.575495,0.0,1779099335.575154,0.0003409385681152344,1779099335.583989,-0.008493900299072266,1779099335.571868,0.0036270618438720703,0.0,map,base_link,10.048910805766106,5.612372320892443,0.0,1.669278019161154
51.56035710000015,1779099335.6254838,1779099335.625484,-2.384185791015625e-07,1779099335.625484,-2.384185791015625e-07,1779099335.625246,0.0002377033233642578,1779099335.6339889,-0.008505105972290039,1779099335.6316767,-0.006192922592163086,0.0,map,base_link,10.027930266228278,5.652179021704921,0.0,1.6795930888331327
51.605624595000336,1779099335.6754909,1779099335.6754909,0.0,1779099335.6754909,0.0,1779099335.675083,0.00040793418884277344,1779099335.6839888,-0.008497953414916992,1779099335.671948,0.0035429000854492188,0.0,map,base_link,10.013381930068343,5.705645423390975,0.0,1.6985336752868898
51.65182578900021,1779099335.7254865,1779099335.7254865,0.0,1779099335.7254865,0.0,1779099335.7252722,0.0002143383026123047,1779099335.723989,0.001497507095336914,1779099335.7117887,0.01369786262512207,0.0,map,base_link,10.012806349664764,5.766556378249781,0.0,1.7183229247387435
51.70638984800007,1779099335.775487,1779099335.775487,0.0,1779099335.775487,0.0,1779099335.7751873,0.00029969215393066406,1779099335.783989,-0.008502006530761719,1779099335.771819,0.0036678314208984375,0.0,map,base_link,10.00050067611664,5.79586699999151,0.0,1.734526753324368
51.75293425699965,1779099335.8254874,1779099335.8254874,0.0,1779099335.8254874,0.0,1779099335.8251975,0.0002899169921875,1779099335.823989,0.0014984607696533203,1779099335.8317106,-0.006223201751708984,0.0,map,base_link,9.981230737518514,5.846384830471645,0.0,1.7487202115714964
51.80777190200024,1779099335.8754835,1779099335.8754835,0.0,1779099335.8754835,0.0,1779099335.8752432,0.000240325927734375,1779099335.8839889,-0.00850534439086914,1779099335.87198,0.003503561019897461,0.0,map,base_link,9.98008237648212,5.907807815752693,0.0,1.7654448001580654
51.83094225700006,1779099335.9005003,1779099335.9005003,0.0,1779099335.9005003,0.0,1779099335.9052565,-0.00475621223449707,1779099335.9039888,-0.0034885406494140625,1779099335.8918638,0.008636474609375,0.0,map,base_link,9.967313136969437,5.903300173464334,0.0,1.7725834687380935
51.907109728999785,1779099335.9754877,1779099335.9754877,0.0,1779099335.9754877,0.0,1779099335.9751968,0.00029087066650390625,1779099335.983989,-0.008501291275024414,1779099335.9718053,0.003682374954223633,0.0,map,base_link,9.944895877781793,6.034500245923715,0.0,1.7899789984573482
51.9525933369996,1779099336.0254874,1779099336.0254874,0.0,1779099336.0254874,0.0,1779099336.0251784,0.000308990478515625,1779099336.023989,0.0014984607696533203,1779099336.0318437,-0.006356239318847656,0.0,map,base_link,9.937278079761258,6.067849974191079,0.0,1.803844034456564
52.00777586500044,1779099336.0754812,1779099336.0754812,0.0,1779099336.0754812,0.0,1779099336.0752454,0.0002357959747314453,1779099336.083989,-0.008507728576660156,1779099336.0718493,0.0036318302154541016,0.0,map,base_link,9.917491240454886,6.124084219899925,0.0,1.8149301398509778
52.05377819200021,1779099336.1255026,1779099336.1255026,0.0,1779099336.1255026,0.0,1779099336.1251729,0.00032973289489746094,1779099336.1239889,0.0015137195587158203,1779099336.1318746,-0.006371974945068359,0.0,map,base_link,9.899670839234332,6.1978814473894905,0.0,1.827589834067974
52.10781743900043,1779099336.1755173,1779099336.1755173,0.0,1779099336.1755173,0.0,1779099336.1751964,0.0003209114074707031,1779099336.1839888,-0.008471488952636719,1779099336.1717618,0.0037555694580078125,0.0,map,base_link,9.880424798204071,6.246161063684826,0.0,1.8357639583074332
52.15331837899976,1779099336.2254755,1779099336.2254755,0.0,1779099336.2254755,0.0,1779099336.2252276,0.000247955322265625,1779099336.223989,0.0014865398406982422,1779099336.2318518,-0.0063762664794921875,0.0,map,base_link,9.8675391826797,6.298025415937062,0.0,1.8445131502712822
52.20813137999994,1779099336.2755067,1779099336.2755067,0.0,1779099336.2755067,0.0,1779099336.2752187,0.0002880096435546875,1779099336.283989,-0.008482217788696289,1779099336.271777,0.0037298202514648438,0.0,map,base_link,9.850712021966704,6.3515649749567835,0.0,1.8549540261828021
52.25282127900027,1779099336.3254766,1779099336.3254766,0.0,1779099336.3254766,0.0,1779099336.3252003,0.00027632713317871094,1779099336.323989,0.00148773193359375,1779099336.3317955,-0.006318807601928711,0.0,map,base_link,9.832989116857572,6.402015690551922,0.0,1.8640488205249444
52.3082734110003,1779099336.3755648,1779099336.3755648,0.0,1779099336.3755648,0.0,1779099336.3752048,0.0003600120544433594,1779099336.3839889,-0.008424043655395508,1779099336.3716958,0.0038690567016601562,0.0,map,base_link,9.811782645772425,6.449913744570097,0.0,1.8758721760900459
52.36282433500037,1779099336.4254737,1779099336.4254737,0.0,1779099336.4254737,0.0,1779099336.425202,0.00027179718017578125,1779099336.4339888,-0.008515119552612305,1779099336.43184,-0.006366252899169922,0.0,map,base_link,9.80425325680138,6.513279100847239,0.0,1.8782122290725896
52.40603633000046,1779099336.4754784,1779099336.4754784,0.0,1779099336.4754784,0.0,1779099336.475206,0.00027251243591308594,1779099336.483989,-0.008510589599609375,1779099336.472024,0.003454446792602539,0.0,map,base_link,9.782903624547659,6.561083661909402,0.0,1.8807408615485455
52.46008977400015,1779099336.5254595,1779099336.5254595,0.0,1779099336.5254595,0.0,1779099336.5252917,0.0001678466796875,1779099336.533989,-0.008529424667358398,1779099336.531736,-0.006276369094848633,0.0,map,base_link,9.767129554253707,6.615769543212878,0.0,1.8822600391210875
52.50258451599984,1779099336.5754752,1779099336.5754752,0.0,1779099336.5754752,0.0,1779099336.575231,0.000244140625,1779099336.573989,0.0014863014221191406,1779099336.5719788,0.003496408462524414,0.0,map,base_link,9.75439343929505,6.665656260161379,0.0,1.8846483426666238
52.5579541269999,1779099336.625486,1779099336.625486,0.0,1779099336.625486,0.0,1779099336.6251926,0.0002932548522949219,1779099336.6339889,-0.008502960205078125,1779099336.631955,-0.006469011306762695,0.0,map,base_link,9.735373655106384,6.71221507267227,0.0,1.8853264648563728
52.610995820000426,1779099336.6754975,1779099336.6754975,0.0,1779099336.6754975,0.0,1779099336.6752322,0.00026535987854003906,1779099336.6839888,-0.008491277694702148,1779099336.6718807,0.003616809844970703,0.0,map,base_link,9.711188130055248,6.765416272316869,0.0,1.883594704832452
52.65665214500041,1779099336.725469,1779099336.725469,0.0,1779099336.725469,0.0,1779099336.725201,0.0002682209014892578,1779099336.733989,-0.008519887924194336,1779099336.7318735,-0.006404399871826172,0.0,map,base_link,9.707903717531757,6.8078555168306485,0.0,1.8873047870038833
52.71024410999962,1779099336.7754679,1779099336.775468,-2.384185791015625e-07,1779099336.775468,-2.384185791015625e-07,1779099336.775208,0.0002598762512207031,1779099336.783989,-0.008521080017089844,1779099336.7717671,0.003700733184814453,0.0,map,base_link,9.688786931631029,6.856998258053137,0.0,1.8889663981493885
52.75579626200033,1779099336.8254611,1779099336.8254611,0.0,1779099336.8254611,0.0,1779099336.8252294,0.00023174285888671875,1779099336.833989,-0.008527755737304688,1779099336.8319628,-0.006501674652099609,0.0,map,base_link,9.676718774985048,6.897664587252377,0.0,1.892095214873044
52.808863459999884,1779099336.8754716,1779099336.8754716,0.0,1779099336.8754716,0.0,1779099336.8852007,-0.009729146957397461,1779099336.8839889,-0.008517265319824219,1779099336.8716974,0.0037741661071777344,0.0,map,base_link,9.652610917966605,6.949213212949009,0.0,1.8916355760556793
52.831588922000265,1779099336.9004943,1779099336.9004946,-2.384185791015625e-07,1779099336.9004946,-2.384185791015625e-07,1779099336.9052,-0.004705667495727539,1779099336.9039888,-0.0034945011138916016,1779099336.89171,0.008784294128417969,0.0,map,base_link,9.658288235586411,6.964566686725291,0.0,1.8927953636652635
52.907744865000495,1779099336.9755552,1779099336.9755552,0.0,1779099336.9755552,0.0,1779099336.9752069,0.0003483295440673828,1779099336.983989,-0.008433818817138672,1779099336.9717004,0.0038547515869140625,0.0,map,base_link,9.629384766031995,7.037305757626841,0.0,1.8925503459681758
52.95104556699971,1779099337.0255337,1779099337.0255337,0.0,1779099337.0255337,0.0,1779099337.0052066,0.020327091217041016,1779099337.023989,0.0015447139739990234,1779099337.0118203,0.013713359832763672,0.0,map,base_link,9.61906529127478,7.074072070065636,0.0,1.8957313375234461
52.984304544000224,1779099337.0504851,1779099337.0504851,0.0,1779099337.0504851,0.0,1779099337.0552113,-0.0047261714935302734,1779099337.053989,-0.0035037994384765625,1779099337.051796,-0.0013108253479003906,0.0,map,base_link,9.607852655926813,7.1007520444129675,0.0,1.8948099417489879
53.06039037899973,1779099337.125474,1779099337.125474,0.0,1779099337.125474,0.0,1779099337.1252112,0.0002627372741699219,1779099337.1339889,-0.008514881134033203,1779099337.1317449,-0.006270885467529297,0.0,map,base_link,9.59169722953695,7.168442123226503,0.0,1.8975786952499305
53.10669938800038,1779099337.1754885,1779099337.1754885,0.0,1779099337.1754885,0.0,1779099337.1852188,-0.009730339050292969,1779099337.1839888,-0.008500337600708008,1779099337.1718016,0.0036869049072265625,0.0,map,base_link,9.569444890466492,7.218854247416905,0.0,1.8975793329383688
53.139772558000004,1779099337.2005482,1779099337.2005484,-2.384185791015625e-07,1779099337.2005484,-2.384185791015625e-07,1779099337.2052217,-0.004673480987548828,1779099337.2139888,-0.013440608978271484,1779099337.2117357,-0.011187553405761719,0.0,map,base_link,9.567212821321913,7.25115541524076,0.0,1.8988669117863166
53.182064337000156,1779099337.2505622,1779099337.2505622,0.0,1779099337.2505622,0.0,1779099337.2552352,-0.004673004150390625,1779099337.253989,-0.003426790237426758,1779099337.251915,-0.0013527870178222656,0.0,map,base_link,9.54724735756218,7.295088552276436,0.0,1.8990645408286206
53.257852800000364,1779099337.325477,1779099337.325477,0.0,1779099337.325477,0.0,1779099337.3252113,0.0002655982971191406,1779099337.333989,-0.008512020111083984,1779099337.3319652,-0.006488323211669922,0.0,map,base_link,9.522725773437543,7.386704009224966,0.0,1.9018410521391367
53.30166809399998,1779099337.3755317,1779099337.375532,-2.384185791015625e-07,1779099337.375532,-2.384185791015625e-07,1779099337.355236,0.02029561996459961,1779099337.3739889,0.001542806625366211,1779099337.3718593,0.003672361373901367,0.0,map,base_link,9.498911067939634,7.443281511665961,0.0,1.9040118971508033
53.33718760299962,1779099337.4004946,1779099337.4004946,0.0,1779099337.4004946,0.0,1779099337.4051116,-0.004616975784301758,1779099337.4139888,-0.013494253158569336,1779099337.411962,-0.011467456817626953,0.0,map,base_link,9.49035240820401,7.479527120756637,0.0,1.9047080020376965
53.40264972899968,1779099337.4755576,1779099337.4755576,0.0,1779099337.4755576,0.0,1779099337.4752274,0.00033020973205566406,1779099337.473989,0.0015685558319091797,1779099337.47196,0.0035974979400634766,0.0,map,base_link,9.465833078509274,7.555973354565353,0.0,1.9078861982800321
53.45974394899986,1779099337.5256145,1779099337.5256145,0.0,1779099337.5256145,0.0,1779099337.5253317,0.0002827644348144531,1779099337.533989,-0.008374452590942383,1779099337.5319421,-0.006327629089355469,0.0,map,base_link,9.460105087173131,7.571455396415146,0.0,1.9090535709643046
53.50448907700047,1779099337.5754964,1779099337.5754962,2.384185791015625e-07,1779099337.5754962,2.384185791015625e-07,1779099337.5852945,-0.009798049926757812,1779099337.573989,0.0015075206756591797,1779099337.5719564,0.0035400390625,0.0,map,base_link,9.436595285343842,7.634453423995236,0.0,1.9090051281135714
53.53616341399993,1779099337.6005018,1779099337.6005018,0.0,1779099337.6005018,0.0,1779099337.605253,-0.0047512054443359375,1779099337.6139889,-0.013487100601196289,1779099337.6118314,-0.01132965087890625,0.0,map,base_link,9.440591068394484,7.636931995204547,0.0,1.909235295744976
53.581903633000366,1779099337.6504743,1779099337.6504743,0.0,1779099337.6504743,0.0,1779099337.655208,-0.0047338008880615234,1779099337.6539888,-0.003514528274536133,1779099337.6518135,-0.0013391971588134766,0.0,map,base_link,9.437114408201694,7.698778780732733,0.0,1.9093305367573048
53.651302823999686,1779099337.7254684,1779099337.7254684,0.0,1779099337.7254684,0.0,1779099337.7310848,-0.005616426467895508,1779099337.723989,0.0014793872833251953,1779099337.7116477,0.013820648193359375,0.0,map,base_link,9.379897174833147,7.803002294900917,0.0,1.9157865405371575
53.68266455200046,1779099337.75048,1779099337.75048,0.0,1779099337.75048,0.0,1779099337.7553165,-0.004836559295654297,1779099337.753989,-0.003509044647216797,1779099337.7519972,-0.0015172958374023438,0.0,map,base_link,9.375007355588206,7.816121496349279,0.0,1.916069338752904
53.7375281450004,1779099337.8004708,1779099337.8004708,0.0,1779099337.8004708,0.0,1779099337.8052523,-0.004781484603881836,1779099337.813989,-0.013518095016479492,1779099337.8067937,-0.0063228607177734375,0.0,map,base_link,9.360483347933371,7.8633965665627255,0.0,1.9194945885889056
53.806434322000314,1779099337.87548,1779099337.87548,0.0,1779099337.87548,0.0,1779099337.885227,-0.009747028350830078,1779099337.8839889,-0.008508920669555664,1779099337.8718383,0.0036416053771972656,0.0,map,base_link,9.344008114414315,7.915614430475575,0.0,1.9249537511594044
53.83329229500032,1779099337.900481,1779099337.900481,0.0,1779099337.900481,0.0,1779099337.9052446,-0.004763603210449219,1779099337.9039888,-0.003507852554321289,1779099337.9119263,-0.011445283889770508,0.0,map,base_link,9.343588969881267,7.933299494658826,0.0,1.9252023218291285
53.8826975410002,1779099337.9504998,1779099337.9504998,0.0,1779099337.9504998,0.0,1779099337.9553065,-0.0048067569732666016,1779099337.9539888,-0.0034890174865722656,1779099337.952112,-0.0016121864318847656,0.0,map,base_link,9.324763351635468,7.961140562594034,0.0,1.9280743932424476
53.93393126200044,1779099338.000483,1779099338.000483,0.0,1779099338.000483,0.0,1779099338.0053115,-0.004828453063964844,1779099338.003989,-0.0035059452056884766,1779099338.0118477,-0.01136469841003418,0.0,map,base_link,9.308989502962874,7.967450860271674,0.0,1.9306475722483163
53.98899173799964,1779099338.0504882,1779099338.0504882,0.0,1779099338.0504882,0.0,1779099338.0553489,-0.004860639572143555,1779099338.063989,-0.013500690460205078,1779099338.0518622,-0.0013740062713623047,0.0,map,base_link,9.32436263618322,7.998792510996383,0.0,1.9340480485920446
54.04092503500033,1779099338.1004992,1779099338.1004992,0.0,1779099338.1004992,0.0,1779099338.1052246,-0.004725456237792969,1779099338.1139889,-0.013489723205566406,1779099338.1118846,-0.011385440826416016,0.0,map,base_link,9.29073375347756,8.011854505701924,0.0,1.9391093990664117
54.08255635600017,1779099338.1504834,1779099338.1504834,0.0,1779099338.1504834,0.0,1779099338.1553688,-0.004885435104370117,1779099338.1539888,-0.0035054683685302734,1779099338.1519794,-0.0014960765838623047,0.0,map,base_link,9.301803665530805,8.014020367911534,0.0,1.948811935537045
54.13812225299989,1779099338.2004952,1779099338.2004952,0.0,1779099338.2004952,0.0,1779099338.2051322,-0.004637002944946289,1779099338.2139888,-0.013493537902832031,1779099338.211989,-0.011493682861328125,0.0,map,base_link,9.292921742474373,8.020053120767336,0.0,1.955198409041672
54.187491820000105,1779099338.250484,1779099338.250484,0.0,1779099338.250484,0.0,1779099338.255235,-0.004750967025756836,1779099338.263989,-0.013504981994628906,1779099338.252081,-0.0015969276428222656,0.0,map,base_link,9.299445796266232,8.016906991050416,0.0,1.9567546446146726
54.24025211499975,1779099338.3005662,1779099338.3005662,0.0,1779099338.3005662,0.0,1779099338.3053417,-0.004775524139404297,1779099338.313989,-0.013422727584838867,1779099338.3117952,-0.01122903823852539,0.0,map,base_link,9.29437533324953,8.026167731770757,0.0,1.9605696990238783
54.28958780100038,1779099338.3505492,1779099338.350549,2.384185791015625e-07,1779099338.350549,2.384185791015625e-07,1779099338.3553998,-0.004850625991821289,1779099338.3639889,-0.013439655303955078,1779099338.351966,-0.0014166831970214844,0.0,map,base_link,9.290749580938456,8.028795380619881,0.0,1.961806896736914
54.33531840500018,1779099338.4004872,1779099338.4004872,0.0,1779099338.4004872,0.0,1779099338.4053442,-0.004857063293457031,1779099338.4139888,-0.013501644134521484,1779099338.4117937,-0.011306524276733398,0.0,map,base_link,9.290179044101901,8.036553173452242,0.0,1.9640315439307374
54.390001370999926,1779099338.4505033,1779099338.4505033,0.0,1779099338.4505033,0.0,1779099338.4551973,-0.0046939849853515625,1779099338.4639888,-0.013485431671142578,1779099338.4519267,-0.0014233589172363281,0.0,map,base_link,9.285665297128517,8.041190597025796,0.0,1.965324718636381
54.43381877899992,1779099338.5005243,1779099338.5005243,0.0,1779099338.5005243,0.0,1779099338.5053449,-0.004820585250854492,1779099338.503989,-0.0034646987915039062,1779099338.5118394,-0.011315107345581055,0.0,map,base_link,9.284723523064244,8.043069755511299,0.0,1.965404808728102
54.48852573400018,1779099338.550561,1779099338.550561,0.0,1779099338.550561,0.0,1779099338.555367,-0.004806041717529297,1779099338.563989,-0.013427972793579102,1779099338.5518007,-0.001239776611328125,0.0,map,base_link,9.28029066007758,8.042230737376336,0.0,1.9662958780553847
54.53499470499992,1779099338.6004803,1779099338.6004803,0.0,1779099338.6004803,0.0,1779099338.605139,-0.004658699035644531,1779099338.6139889,-0.01350855827331543,1779099338.611755,-0.011274576187133789,0.0,map,base_link,9.286872664409827,8.04413278348722,0.0,1.9662896350240051
54.58193810299963,1779099338.6504726,1779099338.6504726,0.0,1779099338.6504726,0.0,1779099338.6552646,-0.004791975021362305,1779099338.6539888,-0.0035161972045898438,1779099338.6518395,-0.0013668537139892578,0.0,map,base_link,9.285640675749416,8.04216498962294,0.0,1.9658136145865701
54.63598026700038,1779099338.7004697,1779099338.7004697,0.0,1779099338.7004697,0.0,1779099338.7051382,-0.004668474197387695,1779099338.7139888,-0.013519048690795898,1779099338.7117903,-0.01132059097290039,0.0,map,base_link,9.286667612921068,8.042063755864913,0.0,1.965246961361082
54.68575389200032,1779099338.7504616,1779099338.7504616,0.0,1779099338.7504616,0.0,1779099338.7552657,-0.004804134368896484,1779099338.763989,-0.013527393341064453,1779099338.7519436,-0.0014820098876953125,0.0,map,base_link,9.283693509109384,8.04076686835189,0.0,1.9657239691184256
54.732564206999996,1779099338.800467,1779099338.800467,0.0,1779099338.800467,0.0,1779099338.8051355,-0.004668474197387695,1779099338.803989,-0.0035219192504882812,1779099338.8118038,-0.011336803436279297,0.0,map,base_link,9.286555153500771,8.042199605869026,0.0,1.9655912799656885
54.790213967000454,1779099338.850486,1779099338.850486,0.0,1779099338.850486,0.0,1779099338.8552773,-0.004791259765625,1779099338.8639889,-0.013502836227416992,1779099338.8469543,0.0035316944122314453,0.0,map,base_link,9.273855855656777,8.037427926563252,0.0,1.965667750671538
54.833517377000135,1779099338.900486,1779099338.900486,0.0,1779099338.900486,0.0,1779099338.9051409,-0.004654884338378906,1779099338.9039888,-0.0035028457641601562,1779099338.9119506,-0.011464595794677734,0.0,map,base_link,9.279805526628877,8.041031019591438,0.0,1.965732231744038
54.886531637999724,1779099338.9504814,1779099338.9504814,0.0,1779099338.9504814,0.0,1779099338.955258,-0.004776477813720703,1779099338.9639888,-0.013507366180419922,1779099338.9519947,-0.0015132427215576172,0.0,map,base_link,9.293837102188355,8.044160383121442,0.0,1.9655782460622266
54.93637473400031,1779099339.0005114,1779099339.0005114,0.0,1779099339.0005114,0.0,1779099339.005151,-0.004639625549316406,1779099339.013989,-0.013477563858032227,1779099339.0117807,-0.011269330978393555,0.0,map,base_link,9.285489922060087,8.041780144500615,0.0,1.9657299703595421
54.983941710999716,1779099339.0504878,1779099339.050488,-2.384185791015625e-07,1779099339.050488,-2.384185791015625e-07,1779099339.0552769,-0.004789113998413086,1779099339.053989,-0.0035011768341064453,1779099339.051886,-0.001398324966430664,0.0,map,base_link,9.286618334367017,8.041715775785692,0.0,1.9649522298706563
55.036531921999995,1779099339.1004865,1779099339.1004865,0.0,1779099339.1004865,0.0,1779099339.1052575,-0.004770994186401367,1779099339.1139889,-0.013502359390258789,1779099339.11179,-0.011303424835205078,0.0,map,base_link,9.284172984656685,8.040381412351044,0.0,1.965525813972601
55.08927868800038,1779099339.1504846,1779099339.1504846,0.0,1779099339.1504846,0.0,1779099339.1552713,-0.00478672981262207,1779099339.1639888,-0.013504266738891602,1779099339.1518972,-0.0014126300811767578,0.0,map,base_link,9.285396796119965,8.04163745930647,0.0,1.9650438947369049
55.13530939799966,1779099339.2004895,1779099339.2004895,0.0,1779099339.2004895,0.0,1779099339.205262,-0.0047724246978759766,1779099339.2139888,-0.013499259948730469,1779099339.2068532,-0.006363630294799805,0.0,map,base_link,9.289223234594928,8.043849017257685,0.0,1.9654089836481918
55.190859205999914,1779099339.250484,1779099339.250484,0.0,1779099339.250484,0.0,1779099339.2552788,-0.0047948360443115234,1779099339.263989,-0.013504981994628906,1779099339.25207,-0.0015859603881835938,0.0,map,base_link,9.28450062814001,8.041682181477773,0.0,1.9652472478362872
55.23616381299962,1779099339.3004866,1779099339.3004866,0.0,1779099339.3004866,0.0,1779099339.3052647,-0.004778146743774414,1779099339.313989,-0.013502359390258789,1779099339.311789,-0.011302471160888672,0.0,map,base_link,9.28409264078374,8.04077186781906,0.0,1.9648627556845333
55.28918672100008,1779099339.3504846,1779099339.3504846,0.0,1779099339.3504846,0.0,1779099339.3552873,-0.004802703857421875,1779099339.3639889,-0.013504266738891602,1779099339.3519182,-0.0014336109161376953,0.0,map,base_link,9.295297510642886,8.04597360792173,0.0,1.965446411580959
55.33641977299976,1779099339.4004896,1779099339.4004896,0.0,1779099339.4004896,0.0,1779099339.405153,-0.0046634674072265625,1779099339.4139888,-0.013499259948730469,1779099339.4117706,-0.011281013488769531,0.0,map,base_link,9.287534015030388,8.040681762882272,0.0,1.9645533391854022
55.38758300999962,1779099339.4504797,1779099339.4504797,0.0,1779099339.4504797,0.0,1779099339.465251,-0.014771223068237305,1779099339.4639888,-0.013509035110473633,1779099339.4668655,-0.016385793685913086,0.0,map,base_link,9.285376873343182,8.041167843296808,0.0,1.9647719541500213
55.43183049799973,1779099339.5004845,1779099339.5004845,0.0,1779099339.5004845,0.0,1779099339.5051565,-0.004672050476074219,1779099339.503989,-0.003504514694213867,1779099339.4918678,0.00861668586730957,0.0,map,base_link,9.284684557586006,8.040551779002765,0.0,1.9644880683407422
55.48462118200041,1779099339.550484,1779099339.550484,0.0,1779099339.550484,0.0,1779099339.555258,-0.0047740936279296875,1779099339.563989,-0.013504981994628906,1779099339.5470183,0.0034656524658203125,0.0,map,base_link,9.282762578166194,8.055239973487206,0.0,1.9648198403920445
55.54077633900033,1779099339.6004863,1779099339.6004863,0.0,1779099339.6004863,0.0,1779099339.615296,-0.014809608459472656,1779099339.6139889,-0.01350259780883789,1779099339.6118453,-0.011358976364135742,0.0,map,base_link,9.287314960929876,8.042171791427357,0.0,1.9648908679385741
55.583363867000116,1779099339.6505,1779099339.6505,0.0,1779099339.6505,0.0,1779099339.6652274,-0.014727354049682617,1779099339.6539888,-0.003488779067993164,1779099339.646961,0.0035390853881835938,0.0,map,base_link,9.28458570244348,8.042240223097004,0.0,1.965206649359993
55.63766703199963,1779099339.7005048,1779099339.7005048,0.0,1779099339.7005048,0.0,1779099339.7051585,-0.0046536922454833984,1779099339.7139888,-0.013484001159667969,1779099339.7117414,-0.01123666763305664,0.0,map,base_link,9.27664249614094,8.049887027541626,0.0,1.967822847309123
55.68227412299984,1779099339.750545,1779099339.750545,0.0,1779099339.750545,0.0,1779099339.755269,-0.004724025726318359,1779099339.753989,-0.0034439563751220703,1779099339.751916,-0.0013709068298339844,0.0,map,base_link,9.275271719026073,8.069716306814964,0.0,1.9729697456531212
55.73787693899976,1779099339.8004835,1779099339.8004835,0.0,1779099339.8004835,0.0,1779099339.8152783,-0.01479482650756836,1779099339.813989,-0.01350545883178711,1779099339.811868,-0.01138448715209961,0.0,map,base_link,9.260333404523546,8.08731971024889,0.0,1.9827491486697362
55.79056478199982,1779099339.850498,1779099339.850498,0.0,1779099339.850498,0.0,1779099339.8652275,-0.014729499816894531,1779099339.8639889,-0.013490915298461914,1779099339.8519242,-0.0014262199401855469,0.0,map,base_link,9.240805573039545,8.120633208772485,0.0,1.9876289604483697
55.838824706000196,1779099339.9005013,1779099339.9005013,0.0,1779099339.9005013,0.0,1779099339.9152534,-0.01475214958190918,1779099339.9139888,-0.013487577438354492,1779099339.9118066,-0.01130533218383789,0.0,map,base_link,9.234791904204101,8.121664480078486,0.0,2.0070199770191905
55.882211408999865,1779099339.9505029,1779099339.9505029,0.0,1779099339.9505029,0.0,1779099339.9552693,-0.0047664642333984375,1779099339.9539888,-0.0034859180450439453,1779099339.951856,-0.0013530254364013672,0.0,map,base_link,9.229087736550973,8.136995700466956,0.0,2.0151900355429335
55.93680373999996,1779099340.0004866,1779099340.0004866,0.0,1779099340.0004866,0.0,1779099340.0152712,-0.014784574508666992,1779099340.013989,-0.013502359390258789,1779099340.011753,-0.011266469955444336,0.0,map,base_link,9.19171429387492,8.166844838373525,0.0,2.033027646510956
55.981230532000154,1779099340.0504832,1779099340.0504832,0.0,1779099340.0504832,0.0,1779099340.0352597,0.015223503112792969,1779099340.053989,-0.003505706787109375,1779099340.0518296,-0.0013463497161865234,0.0,map,base_link,9.180191678956433,8.186678664274446,0.0,2.0501415764956454
56.03947581700049,1779099340.1005623,1779099340.1005623,0.0,1779099340.1005623,0.0,1779099340.1151695,-0.01460719108581543,1779099340.1139889,-0.013426542282104492,1779099340.1120949,-0.01153254508972168,0.0,map,base_link,9.167504315108207,8.204058318082176,0.0,2.0765576465088014
56.083500609999646,1779099340.150485,1779099340.1504853,-2.384185791015625e-07,1779099340.1504853,-2.384185791015625e-07,1779099340.1352403,0.015244722366333008,1779099340.1539888,-0.0035037994384765625,1779099340.1517875,-0.001302480697631836,0.0,map,base_link,9.162863309332494,8.2090641840071,0.0,2.0847918676967128
56.14040167799976,1779099340.2004828,1779099340.2004828,0.0,1779099340.2004828,0.0,1779099340.215351,-0.01486825942993164,1779099340.2139888,-0.013505935668945312,1779099340.2068331,-0.006350278854370117,0.0,map,base_link,9.142402449391746,8.235767431910899,0.0,2.1135060493712983
56.185232754000026,1779099340.2504947,1779099340.2504947,0.0,1779099340.2504947,0.0,1779099340.265327,-0.014832258224487305,1779099340.263989,-0.013494253158569336,1779099340.2520113,-0.001516580581665039,0.0,map,base_link,9.134621122407474,8.249738283528872,0.0,2.1232709839833737
56.23186201899989,1779099340.3004305,1779099340.3004303,2.384185791015625e-07,1779099340.3004303,2.384185791015625e-07,1779099340.285337,0.015093564987182617,1779099340.303989,-0.0035583972930908203,1779099340.2917109,0.008719682693481445,0.0,map,base_link,9.093498236205063,8.276580952306379,0.0,2.153598124841783
56.288633090000076,1779099340.3504565,1779099340.3504565,0.0,1779099340.3504565,0.0,1779099340.365251,-0.014794588088989258,1779099340.3639889,-0.013532400131225586,1779099340.346719,0.0037374496459960938,0.0,map,base_link,9.08311581819247,8.29241789683654,0.0,2.1804243790243674
56.33230211699993,1779099340.400475,1779099340.400475,0.0,1779099340.400475,0.0,1779099340.3852806,0.015194416046142578,1779099340.4039888,-0.003513813018798828,1779099340.4116673,-0.01119232177734375,0.0,map,base_link,9.063947913361023,8.308135185330501,0.0,2.1890716772541476
56.38950007299991,1779099340.450499,1779099340.450499,0.0,1779099340.450499,0.0,1779099340.4653847,-0.014885663986206055,1779099340.4639888,-0.013489723205566406,1779099340.451785,-0.0012860298156738281,0.0,map,base_link,9.04391087826238,8.326405830069099,0.0,2.2201746601378467
56.43534729400017,1779099340.5006313,1779099340.5006313,0.0,1779099340.5006313,0.0,1779099340.5152862,-0.014654874801635742,1779099340.513989,-0.01335763931274414,1779099340.5119023,-0.011270999908447266,0.0,map,base_link,9.023387445823118,8.345821507070186,0.0,2.2379928185196674
56.49092669499987,1779099340.550489,1779099340.550489,0.0,1779099340.550489,0.0,1779099340.5652487,-0.01475977897644043,1779099340.563989,-0.013499975204467773,1779099340.5517123,-0.0012233257293701172,0.0,map,base_link,9.007093368763773,8.356359419426905,0.0,2.2583014011254594
56.53495115399983,1779099340.600478,1779099340.6004777,2.384185791015625e-07,1779099340.6004777,2.384185791015625e-07,1779099340.6152873,-0.014809370040893555,1779099340.6139889,-0.013510942459106445,1779099340.6115735,-0.011095523834228516,0.0,map,base_link,8.973069548442645,8.37907539320041,0.0,2.2676859419892166
56.591276785000446,1779099340.6505394,1779099340.6505394,0.0,1779099340.6505394,0.0,1779099340.6653888,-0.014849424362182617,1779099340.6639888,-0.013449430465698242,1779099340.651698,-0.0011587142944335938,0.0,map,base_link,8.966330926537616,8.395775218045213,0.0,2.287806806893954
56.63794808500006,1779099340.700638,1779099340.700638,0.0,1779099340.700638,0.0,1779099340.7152772,-0.014639139175415039,1779099340.7139888,-0.013350725173950195,1779099340.7117915,-0.011153459548950195,0.0,map,base_link,8.943986924259104,8.405730249114018,0.0,2.307872054250152
56.69129761000022,1779099340.750594,1779099340.750594,0.0,1779099340.750594,0.0,1779099340.76532,-0.01472616195678711,1779099340.763989,-0.013395071029663086,1779099340.7517653,-0.0011713504791259766,0.0,map,base_link,8.93349058114606,8.423527468135212,0.0,2.3177142951153114
56.73985068100046,1779099340.8005133,1779099340.8005133,0.0,1779099340.8005133,0.0,1779099340.8153696,-0.014856338500976562,1779099340.813989,-0.013475656509399414,1779099340.8118486,-0.011335372924804688,0.0,map,base_link,8.89407045566016,8.437955258506834,0.0,2.3469395731443705
56.782205235999754,1779099340.850546,1779099340.850546,0.0,1779099340.850546,0.0,1779099340.8353276,0.015218257904052734,1779099340.853989,-0.003443002700805664,1779099340.8517447,-0.0011987686157226562,0.0,map,base_link,8.878358104460435,8.443567433993566,0.0,2.356302405677794
56.84090503900006,1779099340.9005024,1779099340.9005024,0.0,1779099340.9005024,0.0,1779099340.9153104,-0.014807939529418945,1779099340.9139888,-0.013486385345458984,1779099340.9116435,-0.011141061782836914,0.0,map,base_link,8.870341913575666,8.46205263110638,0.0,2.383286465854815
56.88400657599959,1779099340.9505079,1779099340.9505079,0.0,1779099340.9505079,0.0,1779099340.9653475,-0.014839649200439453,1779099340.9539888,-0.0034809112548828125,1779099340.9516935,-0.0011856555938720703,0.0,map,base_link,8.850702344019926,8.470956887043629,0.0,2.3935463460296895
56.941818332000366,1779099341.0004876,1779099341.0004876,0.0,1779099341.0004876,0.0,1779099341.0153391,-0.014851570129394531,1779099341.013989,-0.013501405715942383,1779099341.0116937,-0.01120615005493164,0.0,map,base_link,8.807878089097965,8.488641824761272,0.0,2.4211307351751628
56.99761600199963,1779099341.0754826,1779099341.0754826,0.0,1779099341.0754826,0.0,1779099341.0653667,0.010115861892700195,1779099341.073989,0.001493692398071289,1779099341.0718198,0.0036628246307373047,0.0,map,base_link,8.799563797442255,8.503815503128266,0.0,2.4398650755968476
57.04208286300036,1779099341.1004791,1779099341.100479,2.384185791015625e-07,1779099341.100479,2.384185791015625e-07,1779099341.1153917,-0.014912605285644531,1779099341.1139889,-0.013509750366210938,1779099341.1118686,-0.011389493942260742,0.0,map,base_link,8.787073333155499,8.501232871033853,0.0,2.4481117939735046
57.08715224699972,1779099341.1506212,1779099341.1506214,-2.384185791015625e-07,1779099341.1506214,-2.384185791015625e-07,1779099341.1653554,-0.014734268188476562,1779099341.1639888,-0.013367652893066406,1779099341.1519356,-0.001314401626586914,0.0,map,base_link,8.781835483035714,8.509471915877452,0.0,2.4632647647006363
57.14573875499991,1779099341.2255733,1779099341.2005477,0.025025606155395508,1779099341.2005477,0.025025606155395508,1779099341.2153249,0.010248422622680664,1779099341.223989,0.0015842914581298828,1779099341.206853,0.018720388412475586,0.0,map,base_link,8.748213938434592,8.515521232430556,0.0,2.4848110872021976
57.18907925199983,1779099341.2504766,1779099341.2504766,0.0,1779099341.2504766,0.0,1779099341.2653942,-0.014917612075805664,1779099341.263989,-0.013512372970581055,1779099341.252007,-0.0015304088592529297,0.0,map,base_link,8.75867575316242,8.517619429589521,0.0,2.49014432941067
57.23648054000023,1779099341.300498,1779099341.300498,0.0,1779099341.300498,0.0,1779099341.315419,-0.014920949935913086,1779099341.313989,-0.013490915298461914,1779099341.3117955,-0.011297464370727539,0.0,map,base_link,8.751870889315157,8.526921913454112,0.0,2.5039359326263098
57.30012249399988,1779099341.3755481,1779099341.3755481,0.0,1779099341.3755481,0.0,1779099341.365363,0.01018524169921875,1779099341.3739889,0.0015592575073242188,1779099341.371812,0.0037360191345214844,0.0,map,base_link,8.704730476465414,8.539862185005433,0.0,2.5164949059945267
57.348126019999654,1779099341.4254723,1779099341.4254723,0.0,1779099341.4254723,0.0,1779099341.4153938,0.01007843017578125,1779099341.4239888,0.0014834403991699219,1779099341.4117382,0.013734102249145508,0.0,map,base_link,8.682001389173706,8.551072498908947,0.0,2.534974353733512
57.39164342999993,1779099341.4504678,1779099341.4504678,0.0,1779099341.4504678,0.0,1779099341.465368,-0.01490020751953125,1779099341.4639888,-0.013520956039428711,1779099341.451767,-0.001299142837524414,0.0,map,base_link,8.699238035678388,8.538203896656224,0.0,2.5409426148718413
57.44636176499989,1779099341.5255682,1779099341.5255682,0.0,1779099341.5255682,0.0,1779099341.515379,0.010189294815063477,1779099341.523989,0.00157928466796875,1779099341.5117948,0.013773441314697266,0.0,map,base_link,8.70589266948821,8.543588760119158,0.0,2.551408442734285
57.49285693999991,1779099341.5504813,1779099341.5504813,0.0,1779099341.5504813,0.0,1779099341.5653715,-0.014890193939208984,1779099341.563989,-0.013507604598999023,1779099341.5718617,-0.02138042449951172,0.0,map,base_link,8.700973387586492,8.541047314694952,0.0,2.5608001641663014
57.53876888400009,1779099341.6005013,1779099341.6005013,0.0,1779099341.6005013,0.0,1779099341.6152844,-0.014783143997192383,1779099341.6139889,-0.013487577438354492,1779099341.611942,-0.011440753936767578,0.0,map,base_link,8.690612543449108,8.54260961065386,0.0,2.5691387672770998
57.59740342300029,1779099341.6755545,1779099341.6755545,0.0,1779099341.6755545,0.0,1779099341.665395,0.010159492492675781,1779099341.6739888,0.001565694808959961,1779099341.6717691,0.003785371780395508,0.0,map,base_link,8.687490469055518,8.548168272590608,0.0,2.57651319106091
57.64442279099967,1779099341.700567,1779099341.700567,0.0,1779099341.700567,0.0,1779099341.7154016,-0.01483464241027832,1779099341.7139888,-0.013421773910522461,1779099341.706789,-0.0062220096588134766,0.0,map,base_link,8.683270727624077,8.552214023478388,0.0,2.579763447477091
57.69905272200049,1779099341.7755961,1779099341.7755961,0.0,1779099341.7755961,0.0,1779099341.7653644,0.010231733322143555,1779099341.773989,0.0016071796417236328,1779099341.7718854,0.0037107467651367188,0.0,map,base_link,8.681810026880715,8.550949868261931,0.0,2.5795996337152807
57.742508524000186,1779099341.8006053,1779099341.8006053,0.0,1779099341.8006053,0.0,1779099341.8153713,-0.01476597785949707,1779099341.813989,-0.013383626937866211,1779099341.811885,-0.011279821395874023,0.0,map,base_link,8.683996077924384,8.55690836605942,0.0,2.579926968704056
57.7964241159998,1779099341.875509,1779099341.875509,0.0,1779099341.875509,0.0,1779099341.8653274,0.010181665420532227,1779099341.8739889,0.0015201568603515625,1779099341.8719275,0.003581523895263672,0.0,map,base_link,8.689856566031086,8.555950463527388,0.0,2.57835299376449
57.8470794040004,1779099341.9254904,1779099341.9254904,0.0,1779099341.9254904,0.0,1779099341.9152179,0.010272502899169922,1779099341.9239888,0.0015015602111816406,1779099341.906882,0.01860833168029785,0.0,map,base_link,8.680678582138455,8.548259043028981,0.0,2.579251550914599
57.89048139900024,1779099341.9504726,1779099341.9504726,0.0,1779099341.9504726,0.0,1779099341.9652765,-0.014803886413574219,1779099341.9639888,-0.01351618766784668,1779099341.951849,-0.0013763904571533203,0.0,map,base_link,8.670702673098216,8.557539764697683,0.0,2.5812863879282744
57.94546275399989,1779099342.0004706,1779099342.0004706,0.0,1779099342.0004706,0.0,1779099342.0152855,-0.01481485366821289,1779099342.023989,-0.02351832389831543,1779099342.0119088,-0.011438131332397461,0.0,map,base_link,8.67830523787632,8.55685212028282,0.0,2.5876076329639575
57.99330442199971,1779099342.050545,1779099342.050545,0.0,1779099342.050545,0.0,1779099342.065279,-0.014734029769897461,1779099342.063989,-0.013443946838378906,1779099342.0718412,-0.021296262741088867,0.0,map,base_link,8.656578990900034,8.558859816123517,0.0,2.5941497365031454
58.04973960300049,1779099342.125582,1779099342.1255822,-2.384185791015625e-07,1779099342.1255822,-2.384185791015625e-07,1779099342.1153452,0.010236740112304688,1779099342.1239889,0.0015931129455566406,1779099342.1118765,0.01370549201965332,0.0,map,base_link,8.650551419243815,8.57603257883044,0.0,2.6038070338661883
58.09488259400041,1779099342.1507375,1779099342.1507375,0.0,1779099342.1507375,0.0,1779099342.1652858,-0.014548301696777344,1779099342.1739888,-0.02325129508972168,1779099342.1719909,-0.021253347396850586,0.0,map,base_link,8.625949153185136,8.568999748656212,0.0,2.61463959432462
58.14280777899967,1779099342.2006073,1779099342.2006073,0.0,1779099342.2006073,0.0,1779099342.2152786,-0.01467132568359375,1779099342.2139888,-0.013381481170654297,1779099342.2121408,-0.011533498764038086,0.0,map,base_link,8.599248516805558,8.578728639428457,0.0,2.629676216943106
58.19733611900028,1779099342.2756279,1779099342.275628,-2.384185791015625e-07,1779099342.275628,-2.384185791015625e-07,1779099342.2653186,0.010309219360351562,1779099342.273989,0.0016388893127441406,1779099342.2721434,0.003484487533569336,0.0,map,base_link,8.566554786970418,8.588199888679554,0.0,2.6469033140450313
58.24252104399966,1779099342.3005626,1779099342.3005626,0.0,1779099342.3005626,0.0,1779099342.3152997,-0.014737129211425781,1779099342.313989,-0.01342630386352539,1779099342.312013,-0.01145029067993164,0.0,map,base_link,8.571876253296047,8.58973555300305,0.0,2.6557466074683256
58.29903424999975,1779099342.3757107,1779099342.3757107,0.0,1779099342.3757107,0.0,1779099342.3634036,0.012307167053222656,1779099342.3739889,0.0017218589782714844,1779099342.3718503,0.0038604736328125,0.0,map,base_link,8.518283436041056,8.602676178985948,0.0,2.676027176033245
58.34815950200027,1779099342.425592,1779099342.425592,0.0,1779099342.425592,0.0,1779099342.4152176,0.010374307632446289,1779099342.4239888,0.0016031265258789062,1779099342.411996,0.013596057891845703,0.0,map,base_link,8.49829637895324,8.601023154902334,0.0,2.7098615055430693
58.384092356999645,1779099342.4506087,1779099342.4506087,0.0,1779099342.4506087,0.0,1779099342.46535,-0.014741182327270508,1779099342.4539888,-0.0033800601959228516,1779099342.451951,-0.0013422966003417969,0.0,map,base_link,8.4730592439862,8.610583618043997,0.0,2.733350499071722
58.44978437999998,1779099342.5255885,1779099342.5255885,0.0,1779099342.5255885,0.0,1779099342.5153372,0.010251283645629883,1779099342.523989,0.0015995502471923828,1779099342.5120058,0.013582706451416016,0.0,map,base_link,8.414238470930169,8.612896447116976,0.0,2.7449115046464425
58.49891922200004,1779099342.5755804,1779099342.5755804,0.0,1779099342.5755804,0.0,1779099342.565392,0.01018834114074707,1779099342.573989,0.0015914440155029297,1779099342.5718246,0.003755807876586914,0.0,map,base_link,8.420871739398068,8.621738483994331,0.0,2.7810517895931546
58.54483527299999,1779099342.600553,1779099342.6005528,2.384185791015625e-07,1779099342.6005528,2.384185791015625e-07,1779099342.615226,-0.014672994613647461,1779099342.6139889,-0.013435840606689453,1779099342.6119182,-0.011365175247192383,0.0,map,base_link,8.386645230863147,8.615160342880126,0.0,2.794169886959821
58.60095492599976,1779099342.6756258,1779099342.6756258,0.0,1779099342.6756258,0.0,1779099342.6653214,0.010304450988769531,1779099342.6739888,0.0016369819641113281,1779099342.6719694,0.0036563873291015625,0.0,map,base_link,8.314521658139492,8.630095233388712,0.0,2.8207551593635305
58.64833606400043,1779099342.7255898,1779099342.7255898,0.0,1779099342.7255898,0.0,1779099342.7153547,0.010235071182250977,1779099342.723989,0.0016007423400878906,1779099342.7120485,0.013541221618652344,0.0,map,base_link,8.268874186181462,8.625915104587454,0.0,2.8627446328100805
58.69807248300003,1779099342.7755296,1779099342.7755294,2.384185791015625e-07,1779099342.7755294,2.384185791015625e-07,1779099342.7654226,0.010107040405273438,1779099342.773989,0.0015406608581542969,1779099342.7719867,0.0035429000854492188,0.0,map,base_link,8.223405244114542,8.625648663636113,0.0,2.909138670688514
58.74858862000019,1779099342.8254972,1779099342.8254974,-2.384185791015625e-07,1779099342.8254974,-2.384185791015625e-07,1779099342.8254378,5.936622619628906e-05,1779099342.823989,0.0015082359313964844,1779099342.8071072,0.01838994026184082,0.0,map,base_link,8.159082214870155,8.628954679346469,0.0,2.924731652709857
58.79387960599979,1779099342.8505487,1779099342.8505487,0.0,1779099342.8505487,0.0,1779099342.8654306,-0.01488184928894043,1779099342.8639889,-0.013440132141113281,1779099342.8720384,-0.021489620208740234,0.0,map,base_link,8.199734557506385,8.620968992261565,0.0,2.9569428805785622
58.85020562400041,1779099342.9254737,1779099342.9254737,0.0,1779099342.9254737,0.0,1779099342.9154387,0.010035037994384766,1779099342.9239888,0.0014848709106445312,1779099342.911887,0.013586759567260742,0.0,map,base_link,4.384571733415197,6.875633010725181,0.0,-2.708359648295082
58.895507586999884,1779099342.9504719,1779099342.9504719,0.0,1779099342.9504719,0.0,1779099342.9754198,-0.0249478816986084,1779099342.973989,-0.023517131805419922,1779099342.9719923,-0.021520376205444336,0.0,map,base_link,4.317223541424663,6.806294851161384,0.0,-2.669888357625775
58.95305403099974,1779099343.025481,1779099343.025481,0.0,1779099343.025481,0.0,1779099343.0254145,6.651878356933594e-05,1779099343.023989,0.0014920234680175781,1779099343.0318377,-0.006356716156005859,0.0,map,base_link,4.2780435243165575,6.77899412225932,0.0,-2.634842874715673
59.001855778999925,1779099343.0754955,1779099343.0754955,0.0,1779099343.0754955,0.0,1779099343.0654333,0.010062217712402344,1779099343.073989,0.0015065670013427734,1779099343.0719335,0.0035619735717773438,0.0,map,base_link,4.255783659402038,6.756936805905457,0.0,-2.598127118809548
59.04148898400035,1779099343.1004937,1779099343.1004937,0.0,1779099343.1004937,0.0,1779099343.0953295,0.005164146423339844,1779099343.1139889,-0.013495206832885742,1779099343.1118555,-0.011361837387084961,0.0,map,base_link,4.231047688762576,6.7253353239220335,0.0,-2.562442646091749
59.0922004869999,1779099343.1505158,1779099343.1505158,0.0,1779099343.1505158,0.0,1779099343.1453912,0.005124568939208984,1779099343.1639888,-0.013473033905029297,1779099343.1670756,-0.016559839248657227,0.0,map,base_link,4.178629058372057,6.684156157333154,0.0,-2.5260802476504467
59.147688529000334,1779099343.2255054,1779099343.2004888,0.02501654624938965,1779099343.2004888,0.02501654624938965,1779099343.215339,0.010166406631469727,1779099343.223989,0.0015163421630859375,1779099343.2118406,0.013664722442626953,0.0,map,base_link,4.194447741206752,6.686289420929727,0.0,-2.4880426864142553
59.20229215400013,1779099343.2754743,1779099343.2754743,0.0,1779099343.2754743,0.0,1779099343.2754483,2.5987625122070312e-05,1779099343.273989,0.0014853477478027344,1779099343.2721138,0.0033605098724365234,0.0,map,base_link,4.145249521521787,6.615432907222511,0.0,-2.450780664303017
59.25211413600027,1779099343.3254716,1779099343.3254716,0.0,1779099343.3254716,0.0,1779099343.3254383,3.337860107421875e-05,1779099343.323989,0.0014827251434326172,1779099343.3119648,0.013506889343261719,0.0,map,base_link,4.056854255681674,6.502812221011694,0.0,-2.395735073196031
59.29724067500047,1779099343.3754694,1779099343.3754694,0.0,1779099343.3754694,0.0,1779099343.37533,0.00013947486877441406,1779099343.3739889,0.0014805793762207031,1779099343.3718803,0.003589153289794922,0.0,map,base_link,1.8387228701212148,3.3771068331395444,0.0,-1.635956666676377
59.349630835000426,1779099343.4254856,1779099343.4254856,0.0,1779099343.4254856,0.0,1779099343.4253342,0.0001513957977294922,1779099343.4239888,0.0014967918395996094,1779099343.411718,0.013767719268798828,0.0,map,base_link,1.7650639671876285,2.885879590882806,0.0,-1.5190625322759335
59.398894130999906,1779099343.475475,1779099343.475475,0.0,1779099343.475475,0.0,1779099343.475285,0.0001900196075439453,1779099343.473989,0.001486063003540039,1779099343.471757,0.003718137741088867,0.0,map,base_link,1.7783210472468123,2.826588273221086,0.0,-1.5019457423900624
59.450221459000204,1779099343.5254831,1779099343.5254831,0.0,1779099343.5254831,0.0,1779099343.5253258,0.00015735626220703125,1779099343.523989,0.0014941692352294922,1779099343.5119796,0.013503551483154297,0.0,map,base_link,1.797046911600318,2.8039334119102204,0.0,-1.4729960816777223
59.49262455099961,1779099343.5504756,1779099343.5504756,0.0,1779099343.5504756,0.0,1779099343.5453513,0.005124330520629883,1779099343.563989,-0.013513326644897461,1779099343.5719106,-0.021435022354125977,0.0,map,base_link,1.7864320837531151,2.7610559973453164,0.0,-1.4432855649236391
59.55030192000049,1779099343.625465,1779099343.625465,0.0,1779099343.625465,0.0,1779099343.6253414,0.00012350082397460938,1779099343.6239889,0.0014760494232177734,1779099343.6119328,0.013532161712646484,0.0,map,base_link,1.809165807218329,2.6932754311277636,0.0,-1.4147902462927462
59.5948952509998,1779099343.6504722,1779099343.6504722,0.0,1779099343.6504722,0.0,1779099343.6753466,-0.024874448776245117,1779099343.6739888,-0.02351665496826172,1779099343.6717424,-0.021270275115966797,0.0,map,base_link,1.8138190011503414,2.644325862319291,0.0,-1.4056225714483108
59.651117811000404,1779099343.725524,1779099343.725524,0.0,1779099343.725524,0.0,1779099343.725348,0.00017595291137695312,1779099343.723989,0.0015349388122558594,1779099343.712116,0.01340794563293457,0.0,map,base_link,1.831546966066387,2.5745616798203663,0.0,-1.3983390923614356
59.696083046999775,1779099343.7755063,1779099343.7755063,0.0,1779099343.7755063,0.0,1779099343.7753646,0.00014162063598632812,1779099343.773989,0.0015172958374023438,1779099343.771965,0.003541231155395508,0.0,map,base_link,1.8341057633017275,2.542132262335396,0.0,-1.3894305013158763
59.75038400300036,1779099343.8255417,1779099343.8255417,0.0,1779099343.8255417,0.0,1779099343.8253467,0.00019502639770507812,1779099343.823989,0.0015528202056884766,1779099343.8118174,0.013724327087402344,0.0,map,base_link,1.8600633972748664,2.496576284012249,0.0,-1.386499190586274
59.797260479000215,1779099343.8755074,1779099343.8755074,0.0,1779099343.8755074,0.0,1779099343.8753603,0.00014710426330566406,1779099343.8739889,0.0015184879302978516,1779099343.8722079,0.0032994747161865234,0.0,map,base_link,1.8666708162039967,2.446411358807704,0.0,-1.3759881061291561
59.85138148599981,1779099343.9254675,1779099343.9254675,0.0,1779099343.9254675,0.0,1779099343.92536,0.00010752677917480469,1779099343.9239888,0.0014786720275878906,1779099343.9119616,0.013505935668945312,0.0,map,base_link,1.8749754858701306,2.4032518946492623,0.0,-1.371526702554636
59.89860839500034,1779099343.9755507,1779099343.9755507,0.0,1779099343.9755507,0.0,1779099343.975254,0.00029659271240234375,1779099343.973989,0.0015616416931152344,1779099343.9720001,0.0035505294799804688,0.0,map,base_link,1.8987629496783545,2.3671727694500286,0.0,-1.3692044036602133
59.942553372000475,1779099344.00059,1779099344.00059,0.0,1779099344.00059,0.0,1779099343.995361,0.005228996276855469,1779099344.013989,-0.013398885726928711,1779099344.0118473,-0.011257171630859375,0.0,map,base_link,1.8639769113925218,2.3299880716345305,0.0,-1.3667735717680085
59.99964304599962,1779099344.0755444,1779099344.0755444,0.0,1779099344.0755444,0.0,1779099344.0753496,0.00019478797912597656,1779099344.073989,0.0015554428100585938,1779099344.0720391,0.003505229949951172,0.0,map,base_link,1.8918546782731533,2.2529262988468073,0.0,-1.3645758819976928
