[INFO] [launch]: All log files can be found below /home/symoon/.ros/log/2026-05-15-14-17-19-061962-symoon-HP-ZBook-Create-G7-Notebook-PC-59624
[INFO] [launch]: Default logging verbosity is set to INFO
[INFO] [cartographer_node-1]: process started with pid [59678]
[cartographer_node-1] [INFO] [1778822239.181152332] [cartographer logger]: I0515 14:17:19.000000 59678 configuration_file_resolver.cc:41] Found '/home/symoon/Desktop/F1/Local_SLAM_Complete/local_SLAM_imu_wheel_ver4/src/SLAM/cartographer_ros/configuration_files/Damvi_localization_config_wheel.lua' for 'Damvi_localization_config_wheel.lua'.
[cartographer_node-1] [INFO] [1778822239.181759426] [cartographer logger]: I0515 14:17:19.000000 59678 configuration_file_resolver.cc:41] Found '/home/symoon/Desktop/F1/Local_SLAM_Complete/local_SLAM_imu_wheel_ver3/install/cartographer/share/cartographer/configuration_files/map_builder.lua' for 'map_builder.lua'.
[cartographer_node-1] [INFO] [1778822239.181792895] [cartographer logger]: I0515 14:17:19.000000 59678 configuration_file_resolver.cc:41] Found '/home/symoon/Desktop/F1/Local_SLAM_Complete/local_SLAM_imu_wheel_ver3/install/cartographer/share/cartographer/configuration_files/map_builder.lua' for 'map_builder.lua'.
[cartographer_node-1] [INFO] [1778822239.181877345] [cartographer logger]: I0515 14:17:19.000000 59678 configuration_file_resolver.cc:41] Found '/home/symoon/Desktop/F1/Local_SLAM_Complete/local_SLAM_imu_wheel_ver3/install/cartographer/share/cartographer/configuration_files/pose_graph.lua' for 'pose_graph.lua'.
[cartographer_node-1] [INFO] [1778822239.181920234] [cartographer logger]: I0515 14:17:19.000000 59678 configuration_file_resolver.cc:41] Found '/home/symoon/Desktop/F1/Local_SLAM_Complete/local_SLAM_imu_wheel_ver3/install/cartographer/share/cartographer/configuration_files/pose_graph.lua' for 'pose_graph.lua'.
[cartographer_node-1] [INFO] [1778822239.182067153] [cartographer logger]: I0515 14:17:19.000000 59678 configuration_file_resolver.cc:41] Found '/home/symoon/Desktop/F1/Local_SLAM_Complete/local_SLAM_imu_wheel_ver3/install/cartographer/share/cartographer/configuration_files/trajectory_builder.lua' for 'trajectory_builder.lua'.
[cartographer_node-1] [INFO] [1778822239.182099697] [cartographer logger]: I0515 14:17:19.000000 59678 configuration_file_resolver.cc:41] Found '/home/symoon/Desktop/F1/Local_SLAM_Complete/local_SLAM_imu_wheel_ver3/install/cartographer/share/cartographer/configuration_files/trajectory_builder.lua' for 'trajectory_builder.lua'.
[cartographer_node-1] [INFO] [1778822239.182151186] [cartographer logger]: I0515 14:17:19.000000 59678 configuration_file_resolver.cc:41] Found '/home/symoon/Desktop/F1/Local_SLAM_Complete/local_SLAM_imu_wheel_ver3/install/cartographer/share/cartographer/configuration_files/trajectory_builder_2d.lua' for 'trajectory_builder_2d.lua'.
[cartographer_node-1] [INFO] [1778822239.182174778] [cartographer logger]: I0515 14:17:19.000000 59678 configuration_file_resolver.cc:41] Found '/home/symoon/Desktop/F1/Local_SLAM_Complete/local_SLAM_imu_wheel_ver3/install/cartographer/share/cartographer/configuration_files/trajectory_builder_2d.lua' for 'trajectory_builder_2d.lua'.
[cartographer_node-1] [INFO] [1778822239.182336916] [cartographer logger]: I0515 14:17:19.000000 59678 configuration_file_resolver.cc:41] Found '/home/symoon/Desktop/F1/Local_SLAM_Complete/local_SLAM_imu_wheel_ver3/install/cartographer/share/cartographer/configuration_files/trajectory_builder_3d.lua' for 'trajectory_builder_3d.lua'.
[cartographer_node-1] [INFO] [1778822239.182370708] [cartographer logger]: I0515 14:17:19.000000 59678 configuration_file_resolver.cc:41] Found '/home/symoon/Desktop/F1/Local_SLAM_Complete/local_SLAM_imu_wheel_ver3/install/cartographer/share/cartographer/configuration_files/trajectory_builder_3d.lua' for 'trajectory_builder_3d.lua'.
[cartographer_node-1] [INFO] [1778822239.194022699] [cartographer logger]: I0515 14:17:19.000000 59678 map_builder_bridge.cpp:117] Loading saved state '/home/symoon/Desktop/F1/Local_SLAM_Complete/local_SLAM_imu_wheel_ver4/src/SLAM/cartographer_ros/pbstream/0312.pbstream'...
[cartographer_node-1] [INFO] [1778822239.281743812] [cartographer logger]: I0515 14:17:19.000000 59678 map_builder_bridge.cpp:140] Added trajectory with ID '1'.
[cartographer_node-1] [INFO] [1778822239.281854001] [cartographer logger]: I0515 14:17:19.000000 59678 pose_extrapolator.cc:218] Loaded pose extrapolator config from /home/symoon/Desktop/F1/Local_SLAM_Complete/local_SLAM_imu_wheel_ver4/parameter_trials/focus_outlier_medium006.yaml imu_weight=0.2 imu_delta_min=0.3 wheelodom_weight=0.01 process_noise=0.001 measurement_noise_scan_default=1.5e-06 measurement_noise_odom_default=0.0002
[cartographer_node-1] [INFO] [1778822239.281889353] [cartographer logger]: I0515 14:17:19.000000 59678 pose_extrapolator.cc:154] fusion is active
[cartographer_node-1] [WARN] [1778822244.587543694] [cartographer logger]: W0515 14:17:24.000000 59678 tf_bridge.cpp:53] Lookup would require extrapolation into the past.  Requested time 1773391593.239336 but the earliest data is at time 1773391593.243982, when looking up transform from frame [base_link] to frame [imu]
[cartographer_node-1] [WARN] [1778822244.587758944] [cartographer logger]: W0515 14:17:24.000000 59678 tf_bridge.cpp:53] Lookup would require extrapolation into the past.  Requested time 1773391593.239336 but the earliest data is at time 1773391593.243982, when looking up transform from frame [base_link] to frame [imu]
[cartographer_node-1] [INFO] [1778822244.598445454] [cartographer logger]: I0515 14:17:24.000000 59678 ordered_multi_queue.cc:172] All sensor data for trajectory 1 is available starting at '639089883933120203'.
[cartographer_node-1] [INFO] [1778822244.619856528] [cartographer logger]: I0515 14:17:24.000000 59678 local_trajectory_builder_2d.cc:187] Extrapolator not yet initialized.
[cartographer_node-1] [INFO] [1778822244.630433419] [cartographer logger]: I0515 14:17:24.000000 59678 local_trajectory_builder_2d.cc:461] Extrapolator not yet initialized.
[cartographer_node-1] [INFO] [1778822244.630559853] [cartographer logger]: I0515 14:17:24.000000 59678 pose_extrapolator.cc:218] Loaded pose extrapolator config from /home/symoon/Desktop/F1/Local_SLAM_Complete/local_SLAM_imu_wheel_ver4/parameter_trials/focus_outlier_medium006.yaml imu_weight=0.2 imu_delta_min=0.3 wheelodom_weight=0.01 process_noise=0.001 measurement_noise_scan_default=1.5e-06 measurement_noise_odom_default=0.0002
[cartographer_node-1] [INFO] [1778822244.630580025] [cartographer logger]: I0515 14:17:24.000000 59678 pose_extrapolator.cc:154] fusion is active
[cartographer_node-1] [INFO] [1778822244.630652988] [cartographer logger]: I0515 14:17:24.000000 59678 local_trajectory_builder_2d.cc:198] Extrapolator is still initializing.
[cartographer_node-1] [INFO] [1778822244.652690763] [cartographer logger]: I0515 14:17:24.000000 59678 pose_graph_2d.cc:148] Inserted submap (1, 0).
[cartographer_node-1] [INFO] [1778822244.669156156] [cartographer logger]: I0515 14:17:24.000000 59706 pose_graph_2d.cc:538] Remaining work items in queue: 0
[cartographer_node-1] [INFO] [1778822244.737503359] [cartographer logger]: I0515 14:17:24.000000 59704 constraint_builder_2d.cc:294] 1 computations resulted in 0 additional constraints.
[cartographer_node-1] [INFO] [1778822244.737540557] [cartographer logger]: I0515 14:17:24.000000 59704 constraint_builder_2d.cc:296] Score histogram:
[cartographer_node-1] Count: 0
[cartographer_node-1] [INFO] [1778822244.747811313] [cartographer logger]: I0515 14:17:24.000000 59704 pose_graph_2d.cc:538] Remaining work items in queue: 3
[cartographer_node-1] [INFO] [1778822244.747857843] [cartographer logger]: I0515 14:17:24.000000 59704 constraint_builder_2d.cc:294] 0 computations resulted in 0 additional constraints.
[cartographer_node-1] [INFO] [1778822244.747878546] [cartographer logger]: I0515 14:17:24.000000 59704 constraint_builder_2d.cc:296] Score histogram:
[cartographer_node-1] Count: 0
[cartographer_node-1] [INFO] [1778822244.799556377] [cartographer logger]: I0515 14:17:24.000000 59707 pose_graph_2d.cc:538] Remaining work items in queue: 1
[cartographer_node-1] [INFO] [1778822244.799610947] [cartographer logger]: I0515 14:17:24.000000 59707 constraint_builder_2d.cc:294] 0 computations resulted in 0 additional constraints.
[cartographer_node-1] [INFO] [1778822244.799630970] [cartographer logger]: I0515 14:17:24.000000 59707 constraint_builder_2d.cc:296] Score histogram:
[cartographer_node-1] Count: 0
[cartographer_node-1] [INFO] [1778822244.815034495] [cartographer logger]: I0515 14:17:24.000000 59707 pose_graph_2d.cc:538] Remaining work items in queue: 0
[cartographer_node-1] [INFO] [1778822244.815077402] [cartographer logger]: I0515 14:17:24.000000 59707 constraint_builder_2d.cc:294] 0 computations resulted in 0 additional constraints.
[cartographer_node-1] [INFO] [1778822244.815099821] [cartographer logger]: I0515 14:17:24.000000 59707 constraint_builder_2d.cc:296] Score histogram:
[cartographer_node-1] Count: 0
[cartographer_node-1] [INFO] [1778822244.861259808] [cartographer logger]: I0515 14:17:24.000000 59707 pose_graph_2d.cc:538] Remaining work items in queue: 0
[cartographer_node-1] [INFO] [1778822244.861308004] [cartographer logger]: I0515 14:17:24.000000 59707 constraint_builder_2d.cc:294] 0 computations resulted in 0 additional constraints.
[cartographer_node-1] [INFO] [1778822244.861360957] [cartographer logger]: I0515 14:17:24.000000 59707 constraint_builder_2d.cc:296] Score histogram:
[cartographer_node-1] Count: 0
[cartographer_node-1] [INFO] [1778822244.906731170] [cartographer logger]: I0515 14:17:24.000000 59705 pose_graph_2d.cc:538] Remaining work items in queue: 0
[cartographer_node-1] [INFO] [1778822244.906773949] [cartographer logger]: I0515 14:17:24.000000 59705 constraint_builder_2d.cc:294] 0 computations resulted in 0 additional constraints.
[cartographer_node-1] [INFO] [1778822244.906787967] [cartographer logger]: I0515 14:17:24.000000 59705 constraint_builder_2d.cc:296] Score histogram:
[cartographer_node-1] Count: 0
[cartographer_node-1] [INFO] [1778822244.966010659] [cartographer logger]: I0515 14:17:24.000000 59704 pose_graph_2d.cc:538] Remaining work items in queue: 0
[cartographer_node-1] [INFO] [1778822244.966045732] [cartographer logger]: I0515 14:17:24.000000 59704 constraint_builder_2d.cc:294] 0 computations resulted in 0 additional constraints.
[cartographer_node-1] [INFO] [1778822244.966059296] [cartographer logger]: I0515 14:17:24.000000 59704 constraint_builder_2d.cc:296] Score histogram:
[cartographer_node-1] Count: 0
[cartographer_node-1] [INFO] [1778822244.991763636] [cartographer logger]: I0515 14:17:24.000000 59706 pose_graph_2d.cc:538] Remaining work items in queue: 0
[cartographer_node-1] [INFO] [1778822245.060093952] [cartographer logger]: I0515 14:17:25.000000 59705 constraint_builder_2d.cc:294] 1 computations resulted in 0 additional constraints.
[cartographer_node-1] [INFO] [1778822245.060126226] [cartographer logger]: I0515 14:17:25.000000 59705 constraint_builder_2d.cc:296] Score histogram:
[cartographer_node-1] Count: 0
[cartographer_node-1] [INFO] [1778822245.070973513] [cartographer logger]: I0515 14:17:25.000000 59705 pose_graph_2d.cc:538] Remaining work items in queue: 1
[cartographer_node-1] [INFO] [1778822245.071010098] [cartographer logger]: I0515 14:17:25.000000 59705 constraint_builder_2d.cc:294] 0 computations resulted in 0 additional constraints.
[cartographer_node-1] [INFO] [1778822245.071023383] [cartographer logger]: I0515 14:17:25.000000 59705 constraint_builder_2d.cc:296] Score histogram:
[cartographer_node-1] Count: 0
[cartographer_node-1] [INFO] [1778822245.120081449] [cartographer logger]: I0515 14:17:25.000000 59705 pose_graph_2d.cc:538] Remaining work items in queue: 0
[cartographer_node-1] [INFO] [1778822245.120127341] [cartographer logger]: I0515 14:17:25.000000 59705 constraint_builder_2d.cc:294] 0 computations resulted in 0 additional constraints.
[cartographer_node-1] [INFO] [1778822245.120147489] [cartographer logger]: I0515 14:17:25.000000 59705 constraint_builder_2d.cc:296] Score histogram:
[cartographer_node-1] Count: 0
[cartographer_node-1] [INFO] [1778822245.169300374] [cartographer logger]: I0515 14:17:25.000000 59707 pose_graph_2d.cc:538] Remaining work items in queue: 0
[cartographer_node-1] [INFO] [1778822245.169438064] [cartographer logger]: I0515 14:17:25.000000 59707 constraint_builder_2d.cc:294] 0 computations resulted in 0 additional constraints.
[cartographer_node-1] [INFO] [1778822245.169460184] [cartographer logger]: I0515 14:17:25.000000 59707 constraint_builder_2d.cc:296] Score histogram:
[cartographer_node-1] Count: 0
[cartographer_node-1] [INFO] [1778822245.235508695] [cartographer logger]: I0515 14:17:25.000000 59704 pose_graph_2d.cc:538] Remaining work items in queue: 0
[cartographer_node-1] [INFO] [1778822245.235546260] [cartographer logger]: I0515 14:17:25.000000 59704 constraint_builder_2d.cc:294] 0 computations resulted in 0 additional constraints.
[cartographer_node-1] [INFO] [1778822245.235560705] [cartographer logger]: I0515 14:17:25.000000 59704 constraint_builder_2d.cc:296] Score histogram:
[cartographer_node-1] Count: 0
[cartographer_node-1] [INFO] [1778822245.345449705] [cartographer logger]: I0515 14:17:25.000000 59706 pose_graph_2d.cc:538] Remaining work items in queue: 0
[cartographer_node-1] [INFO] [1778822245.345495952] [cartographer logger]: I0515 14:17:25.000000 59706 constraint_builder_2d.cc:294] 0 computations resulted in 0 additional constraints.
[cartographer_node-1] [INFO] [1778822245.345571312] [cartographer logger]: I0515 14:17:25.000000 59706 constraint_builder_2d.cc:296] Score histogram:
[cartographer_node-1] Count: 0
[cartographer_node-1] [INFO] [1778822245.447116560] [cartographer logger]: I0515 14:17:25.000000 59705 pose_graph_2d.cc:538] Remaining work items in queue: 0
[cartographer_node-1] [INFO] [1778822245.447156100] [cartographer logger]: I0515 14:17:25.000000 59705 constraint_builder_2d.cc:294] 0 computations resulted in 0 additional constraints.
[cartographer_node-1] [INFO] [1778822245.447173276] [cartographer logger]: I0515 14:17:25.000000 59705 constraint_builder_2d.cc:296] Score histogram:
[cartographer_node-1] Count: 0
[cartographer_node-1] [INFO] [1778822245.462648755] [cartographer logger]: I0515 14:17:25.000000 59704 pose_graph_2d.cc:538] Remaining work items in queue: 0
[cartographer_node-1] [INFO] [1778822245.507702701] [cartographer logger]: I0515 14:17:25.000000 59706 constraint_builder_2d.cc:294] 1 computations resulted in 0 additional constraints.
[cartographer_node-1] [INFO] [1778822245.507759379] [cartographer logger]: I0515 14:17:25.000000 59706 constraint_builder_2d.cc:296] Score histogram:
[cartographer_node-1] Count: 0
[cartographer_node-1] [INFO] [1778822245.519289361] [cartographer logger]: I0515 14:17:25.000000 59706 pose_graph_2d.cc:538] Remaining work items in queue: 0
[cartographer_node-1] [INFO] [1778822245.519353920] [cartographer logger]: I0515 14:17:25.000000 59706 constraint_builder_2d.cc:294] 0 computations resulted in 0 additional constraints.
[cartographer_node-1] [INFO] [1778822245.519374823] [cartographer logger]: I0515 14:17:25.000000 59706 constraint_builder_2d.cc:296] Score histogram:
[cartographer_node-1] Count: 0
[cartographer_node-1] [INFO] [1778822245.589286609] [cartographer logger]: I0515 14:17:25.000000 59706 pose_graph_2d.cc:538] Remaining work items in queue: 1
[cartographer_node-1] [INFO] [1778822245.589325114] [cartographer logger]: I0515 14:17:25.000000 59706 constraint_builder_2d.cc:294] 0 computations resulted in 0 additional constraints.
[cartographer_node-1] [INFO] [1778822245.589338179] [cartographer logger]: I0515 14:17:25.000000 59706 constraint_builder_2d.cc:296] Score histogram:
[cartographer_node-1] Count: 0
[cartographer_node-1] [INFO] [1778822245.614833288] [cartographer logger]: I0515 14:17:25.000000 59707 pose_graph_2d.cc:538] Remaining work items in queue: 0
[cartographer_node-1] [INFO] [1778822245.614877252] [cartographer logger]: I0515 14:17:25.000000 59707 constraint_builder_2d.cc:294] 0 computations resulted in 0 additional constraints.
[cartographer_node-1] [INFO] [1778822245.614895586] [cartographer logger]: I0515 14:17:25.000000 59707 constraint_builder_2d.cc:296] Score histogram:
[cartographer_node-1] Count: 0
[cartographer_node-1] [INFO] [1778822245.661176246] [cartographer logger]: I0515 14:17:25.000000 59707 pose_graph_2d.cc:538] Remaining work items in queue: 0
[cartographer_node-1] [INFO] [1778822245.661235129] [cartographer logger]: I0515 14:17:25.000000 59707 constraint_builder_2d.cc:294] 0 computations resulted in 0 additional constraints.
[cartographer_node-1] [INFO] [1778822245.661252125] [cartographer logger]: I0515 14:17:25.000000 59707 constraint_builder_2d.cc:296] Score histogram:
[cartographer_node-1] Count: 0
[cartographer_node-1] [INFO] [1778822245.744549927] [cartographer logger]: I0515 14:17:25.000000 59706 pose_graph_2d.cc:538] Remaining work items in queue: 0
[cartographer_node-1] [INFO] [1778822245.744589676] [cartographer logger]: I0515 14:17:25.000000 59706 constraint_builder_2d.cc:294] 0 computations resulted in 0 additional constraints.
[cartographer_node-1] [INFO] [1778822245.744607798] [cartographer logger]: I0515 14:17:25.000000 59706 constraint_builder_2d.cc:296] Score histogram:
[cartographer_node-1] Count: 0
[cartographer_node-1] [INFO] [1778822245.800009947] [cartographer logger]: I0515 14:17:25.000000 59707 pose_graph_2d.cc:538] Remaining work items in queue: 1
[cartographer_node-1] [INFO] [1778822245.800050035] [cartographer logger]: I0515 14:17:25.000000 59707 constraint_builder_2d.cc:294] 0 computations resulted in 0 additional constraints.
[cartographer_node-1] [INFO] [1778822245.800063100] [cartographer logger]: I0515 14:17:25.000000 59707 constraint_builder_2d.cc:296] Score histogram:
[cartographer_node-1] Count: 0
[cartographer_node-1] [INFO] [1778822245.845364289] [cartographer logger]: I0515 14:17:25.000000 59705 pose_graph_2d.cc:538] Remaining work items in queue: 0
[cartographer_node-1] [INFO] [1778822245.896780519] [cartographer logger]: I0515 14:17:25.000000 59704 constraint_builder_2d.cc:294] 1 computations resulted in 0 additional constraints.
[cartographer_node-1] [INFO] [1778822245.896812954] [cartographer logger]: I0515 14:17:25.000000 59704 constraint_builder_2d.cc:296] Score histogram:
[cartographer_node-1] Count: 0
[cartographer_node-1] [INFO] [1778822245.908790182] [cartographer logger]: I0515 14:17:25.000000 59704 pose_graph_2d.cc:538] Remaining work items in queue: 0
[cartographer_node-1] [INFO] [1778822245.908828335] [cartographer logger]: I0515 14:17:25.000000 59704 constraint_builder_2d.cc:294] 0 computations resulted in 0 additional constraints.
[cartographer_node-1] [INFO] [1778822245.908848120] [cartographer logger]: I0515 14:17:25.000000 59704 constraint_builder_2d.cc:296] Score histogram:
[cartographer_node-1] Count: 0
[cartographer_node-1] [INFO] [1778822245.963590593] [cartographer logger]: I0515 14:17:25.000000 59704 pose_graph_2d.cc:538] Remaining work items in queue: 2
[cartographer_node-1] [INFO] [1778822245.963655125] [cartographer logger]: I0515 14:17:25.000000 59704 constraint_builder_2d.cc:294] 0 computations resulted in 0 additional constraints.
[cartographer_node-1] [INFO] [1778822245.963697473] [cartographer logger]: I0515 14:17:25.000000 59704 constraint_builder_2d.cc:296] Score histogram:
[cartographer_node-1] Count: 0
[cartographer_node-1] [INFO] [1778822246.020060854] [cartographer logger]: I0515 14:17:26.000000 59704 pose_graph_2d.cc:538] Remaining work items in queue: 0
[cartographer_node-1] [INFO] [1778822246.020112544] [cartographer logger]: I0515 14:17:26.000000 59704 constraint_builder_2d.cc:294] 0 computations resulted in 0 additional constraints.
[cartographer_node-1] [INFO] [1778822246.020137856] [cartographer logger]: I0515 14:17:26.000000 59704 constraint_builder_2d.cc:296] Score histogram:
[cartographer_node-1] Count: 0
[cartographer_node-1] [INFO] [1778822246.045565002] [cartographer logger]: I0515 14:17:26.000000 59707 pose_graph_2d.cc:538] Remaining work items in queue: 2
[cartographer_node-1] [INFO] [1778822246.045604406] [cartographer logger]: I0515 14:17:26.000000 59707 constraint_builder_2d.cc:294] 0 computations resulted in 0 additional constraints.
[cartographer_node-1] [INFO] [1778822246.045619746] [cartographer logger]: I0515 14:17:26.000000 59707 constraint_builder_2d.cc:296] Score histogram:
[cartographer_node-1] Count: 0
[cartographer_node-1] [INFO] [1778822246.089450259] [cartographer logger]: I0515 14:17:26.000000 59704 pose_graph_2d.cc:538] Remaining work items in queue: 0
[cartographer_node-1] [INFO] [1778822246.089493438] [cartographer logger]: I0515 14:17:26.000000 59704 constraint_builder_2d.cc:294] 0 computations resulted in 0 additional constraints.
[cartographer_node-1] [INFO] [1778822246.089510750] [cartographer logger]: I0515 14:17:26.000000 59704 constraint_builder_2d.cc:296] Score histogram:
[cartographer_node-1] Count: 0
[cartographer_node-1] [INFO] [1778822246.143356307] [cartographer logger]: I0515 14:17:26.000000 59704 pose_graph_2d.cc:538] Remaining work items in queue: 2
[cartographer_node-1] [INFO] [1778822246.143427457] [cartographer logger]: I0515 14:17:26.000000 59704 constraint_builder_2d.cc:294] 0 computations resulted in 0 additional constraints.
[cartographer_node-1] [INFO] [1778822246.143447319] [cartographer logger]: I0515 14:17:26.000000 59704 constraint_builder_2d.cc:296] Score histogram:
[cartographer_node-1] Count: 0
[cartographer_node-1] [INFO] [1778822246.198876911] [cartographer logger]: I0515 14:17:26.000000 59704 pose_graph_2d.cc:538] Remaining work items in queue: 1
[cartographer_node-1] [INFO] [1778822246.268422919] [cartographer logger]: I0515 14:17:26.000000 59706 constraint_builder_2d.cc:279] Node (1, 57) with 206 points on submap (0, 2) matches with score 71.7%.
[cartographer_node-1] [INFO] [1778822246.268476259] [cartographer logger]: I0515 14:17:26.000000 59706 constraint_builder_2d.cc:294] 1 computations resulted in 1 additional constraints.
[cartographer_node-1] [INFO] [1778822246.268499610] [cartographer logger]: I0515 14:17:26.000000 59706 constraint_builder_2d.cc:296] Score histogram:
[cartographer_node-1] Count: 1  Min: 0.716577  Max: 0.716577  Mean: 0.716577
[cartographer_node-1] [INFO] [1778822246.304692905] [cartographer logger]: I0515 14:17:26.000000 59706 pose_graph_2d.cc:538] Remaining work items in queue: 9
[cartographer_node-1] [INFO] [1778822246.304773678] [cartographer logger]: I0515 14:17:26.000000 59706 constraint_builder_2d.cc:294] 0 computations resulted in 0 additional constraints.
[cartographer_node-1] [INFO] [1778822246.304799442] [cartographer logger]: I0515 14:17:26.000000 59706 constraint_builder_2d.cc:296] Score histogram:
[cartographer_node-1] Count: 1  Min: 0.716577  Max: 0.716577  Mean: 0.716577
[cartographer_node-1] [INFO] [1778822246.318447518] [cartographer logger]: I0515 14:17:26.000000 59706 pose_graph_2d.cc:538] Remaining work items in queue: 3
[cartographer_node-1] [INFO] [1778822246.318482715] [cartographer logger]: I0515 14:17:26.000000 59706 constraint_builder_2d.cc:294] 0 computations resulted in 0 additional constraints.
[cartographer_node-1] [INFO] [1778822246.318497133] [cartographer logger]: I0515 14:17:26.000000 59706 constraint_builder_2d.cc:296] Score histogram:
[cartographer_node-1] Count: 1  Min: 0.716577  Max: 0.716577  Mean: 0.716577
[cartographer_node-1] [INFO] [1778822246.342856877] [cartographer logger]: I0515 14:17:26.000000 59705 pose_graph_2d.cc:538] Remaining work items in queue: 0
[cartographer_node-1] [INFO] [1778822246.342904821] [cartographer logger]: I0515 14:17:26.000000 59705 constraint_builder_2d.cc:294] 0 computations resulted in 0 additional constraints.
[cartographer_node-1] [INFO] [1778822246.342929892] [cartographer logger]: I0515 14:17:26.000000 59705 constraint_builder_2d.cc:296] Score histogram:
[cartographer_node-1] Count: 1  Min: 0.716577  Max: 0.716577  Mean: 0.716577
[cartographer_node-1] [INFO] [1778822246.396300477] [cartographer logger]: I0515 14:17:26.000000 59704 pose_graph_2d.cc:538] Remaining work items in queue: 0
[cartographer_node-1] [INFO] [1778822246.396339532] [cartographer logger]: I0515 14:17:26.000000 59704 constraint_builder_2d.cc:294] 0 computations resulted in 0 additional constraints.
[cartographer_node-1] [INFO] [1778822246.396359174] [cartographer logger]: I0515 14:17:26.000000 59704 constraint_builder_2d.cc:296] Score histogram:
[cartographer_node-1] Count: 1  Min: 0.716577  Max: 0.716577  Mean: 0.716577
[cartographer_node-1] [INFO] [1778822246.444931274] [cartographer logger]: I0515 14:17:26.000000 59706 pose_graph_2d.cc:538] Remaining work items in queue: 0
[cartographer_node-1] [INFO] [1778822246.444968908] [cartographer logger]: I0515 14:17:26.000000 59706 constraint_builder_2d.cc:294] 0 computations resulted in 0 additional constraints.
[cartographer_node-1] [INFO] [1778822246.444985086] [cartographer logger]: I0515 14:17:26.000000 59706 constraint_builder_2d.cc:296] Score histogram:
[cartographer_node-1] Count: 1  Min: 0.716577  Max: 0.716577  Mean: 0.716577
[cartographer_node-1] [INFO] [1778822246.493509773] [cartographer logger]: I0515 14:17:26.000000 59704 pose_graph_2d.cc:538] Remaining work items in queue: 0
[cartographer_node-1] [INFO] [1778822246.493559834] [cartographer logger]: I0515 14:17:26.000000 59704 constraint_builder_2d.cc:294] 0 computations resulted in 0 additional constraints.
[cartographer_node-1] [INFO] [1778822246.493584975] [cartographer logger]: I0515 14:17:26.000000 59704 constraint_builder_2d.cc:296] Score histogram:
[cartographer_node-1] Count: 1  Min: 0.716577  Max: 0.716577  Mean: 0.716577
[cartographer_node-1] [INFO] [1778822246.555548915] [cartographer logger]: I0515 14:17:26.000000 59705 pose_graph_2d.cc:538] Remaining work items in queue: 0
[cartographer_node-1] [INFO] [1778822246.654781133] [cartographer logger]: I0515 14:17:26.000000 59704 constraint_builder_2d.cc:294] 1 computations resulted in 0 additional constraints.
[cartographer_node-1] [INFO] [1778822246.654820000] [cartographer logger]: I0515 14:17:26.000000 59704 constraint_builder_2d.cc:296] Score histogram:
[cartographer_node-1] Count: 1  Min: 0.716577  Max: 0.716577  Mean: 0.716577
[cartographer_node-1] [INFO] [1778822246.667855584] [cartographer logger]: I0515 14:17:26.000000 59704 pose_graph_2d.cc:538] Remaining work items in queue: 6
[cartographer_node-1] [INFO] [1778822246.667896546] [cartographer logger]: I0515 14:17:26.000000 59704 constraint_builder_2d.cc:294] 0 computations resulted in 0 additional constraints.
[cartographer_node-1] [INFO] [1778822246.667917569] [cartographer logger]: I0515 14:17:26.000000 59704 constraint_builder_2d.cc:296] Score histogram:
[cartographer_node-1] Count: 1  Min: 0.716577  Max: 0.716577  Mean: 0.716577
[cartographer_node-1] [INFO] [1778822246.681060829] [cartographer logger]: I0515 14:17:26.000000 59704 pose_graph_2d.cc:538] Remaining work items in queue: 2
[cartographer_node-1] [INFO] [1778822246.681110269] [cartographer logger]: I0515 14:17:26.000000 59704 constraint_builder_2d.cc:294] 0 computations resulted in 0 additional constraints.
[cartographer_node-1] [INFO] [1778822246.681137200] [cartographer logger]: I0515 14:17:26.000000 59704 constraint_builder_2d.cc:296] Score histogram:
[cartographer_node-1] Count: 1  Min: 0.716577  Max: 0.716577  Mean: 0.716577
[cartographer_node-1] [INFO] [1778822246.721444527] [cartographer logger]: I0515 14:17:26.000000 59704 pose_graph_2d.cc:538] Remaining work items in queue: 1
[cartographer_node-1] [INFO] [1778822246.721479653] [cartographer logger]: I0515 14:17:26.000000 59704 constraint_builder_2d.cc:294] 0 computations resulted in 0 additional constraints.
[cartographer_node-1] [INFO] [1778822246.721494191] [cartographer logger]: I0515 14:17:26.000000 59704 constraint_builder_2d.cc:296] Score histogram:
[cartographer_node-1] Count: 1  Min: 0.716577  Max: 0.716577  Mean: 0.716577
[cartographer_node-1] [INFO] [1778822246.793663619] [cartographer logger]: I0515 14:17:26.000000 59704 pose_graph_2d.cc:538] Remaining work items in queue: 0
[cartographer_node-1] [INFO] [1778822246.793699426] [cartographer logger]: I0515 14:17:26.000000 59704 constraint_builder_2d.cc:294] 0 computations resulted in 0 additional constraints.
[cartographer_node-1] [INFO] [1778822246.793742888] [cartographer logger]: I0515 14:17:26.000000 59704 constraint_builder_2d.cc:296] Score histogram:
[cartographer_node-1] Count: 1  Min: 0.716577  Max: 0.716577  Mean: 0.716577
[cartographer_node-1] [INFO] [1778822246.830392870] [cartographer logger]: I0515 14:17:26.000000 59704 pose_graph_2d.cc:538] Remaining work items in queue: 0
[cartographer_node-1] [INFO] [1778822246.830443407] [cartographer logger]: I0515 14:17:26.000000 59704 constraint_builder_2d.cc:294] 0 computations resulted in 0 additional constraints.
[cartographer_node-1] [INFO] [1778822246.830494634] [cartographer logger]: I0515 14:17:26.000000 59704 constraint_builder_2d.cc:296] Score histogram:
[cartographer_node-1] Count: 1  Min: 0.716577  Max: 0.716577  Mean: 0.716577
[cartographer_node-1] [INFO] [1778822246.888908738] [cartographer logger]: I0515 14:17:26.000000 59704 pose_graph_2d.cc:538] Remaining work items in queue: 0
[cartographer_node-1] [INFO] [1778822246.888951622] [cartographer logger]: I0515 14:17:26.000000 59704 constraint_builder_2d.cc:294] 0 computations resulted in 0 additional constraints.
[cartographer_node-1] [INFO] [1778822246.888972971] [cartographer logger]: I0515 14:17:26.000000 59704 constraint_builder_2d.cc:296] Score histogram:
[cartographer_node-1] Count: 1  Min: 0.716577  Max: 0.716577  Mean: 0.716577
[cartographer_node-1] [INFO] [1778822246.928309415] [cartographer logger]: I0515 14:17:26.000000 59707 pose_graph_2d.cc:538] Remaining work items in queue: 0
[cartographer_node-1] [INFO] [1778822246.994337649] [cartographer logger]: I0515 14:17:26.000000 59704 constraint_builder_2d.cc:279] Node (1, 85) with 205 points on submap (0, 10) matches with score 64.0%.
[cartographer_node-1] [INFO] [1778822246.994397491] [cartographer logger]: I0515 14:17:26.000000 59704 constraint_builder_2d.cc:294] 1 computations resulted in 1 additional constraints.
[cartographer_node-1] [INFO] [1778822246.994443840] [cartographer logger]: I0515 14:17:26.000000 59704 constraint_builder_2d.cc:296] Score histogram:
[cartographer_node-1] Count: 2  Min: 0.639914  Max: 0.716577  Mean: 0.678246
[cartographer_node-1] [0.639914, 0.647580)	          ##########	Count: 1 (50%)	Total: 1 (50%)
[cartographer_node-1] [0.647580, 0.655247)	                    	Count: 0 (0%)	Total: 1 (50%)
[cartographer_node-1] [0.655247, 0.662913)	                    	Count: 0 (0%)	Total: 1 (50%)
[cartographer_node-1] [0.662913, 0.670579)	                    	Count: 0 (0%)	Total: 1 (50%)
[cartographer_node-1] [0.670579, 0.678246)	                    	Count: 0 (0%)	Total: 1 (50%)
[cartographer_node-1] [0.678246, 0.685912)	                    	Count: 0 (0%)	Total: 1 (50%)
[cartographer_node-1] [0.685912, 0.693578)	                    	Count: 0 (0%)	Total: 1 (50%)
[cartographer_node-1] [0.693578, 0.701245)	                    	Count: 0 (0%)	Total: 1 (50%)
[cartographer_node-1] [0.701245, 0.708911)	                    	Count: 0 (0%)	Total: 1 (50%)
[cartographer_node-1] [0.708911, 0.716577]	          ##########	Count: 1 (50%)	Total: 2 (100%)
[cartographer_node-1] [INFO] [1778822246.997376420] [cartographer logger]: I0515 14:17:26.000000 59678 pose_graph_2d.cc:148] Inserted submap (1, 1).
[cartographer_node-1] [INFO] [1778822247.011567788] [cartographer logger]: I0515 14:17:27.000000 59704 pose_graph_2d.cc:538] Remaining work items in queue: 15
[cartographer_node-1] [INFO] [1778822247.011615964] [cartographer logger]: I0515 14:17:27.000000 59704 constraint_builder_2d.cc:294] 0 computations resulted in 0 additional constraints.
[cartographer_node-1] [INFO] [1778822247.011830966] [cartographer logger]: I0515 14:17:27.000000 59704 constraint_builder_2d.cc:296] Score histogram:
[cartographer_node-1] Count: 2  Min: 0.639914  Max: 0.716577  Mean: 0.678246
[cartographer_node-1] [0.639914, 0.647580)	          ##########	Count: 1 (50%)	Total: 1 (50%)
[cartographer_node-1] [0.647580, 0.655247)	                    	Count: 0 (0%)	Total: 1 (50%)
[cartographer_node-1] [0.655247, 0.662913)	                    	Count: 0 (0%)	Total: 1 (50%)
[cartographer_node-1] [0.662913, 0.670579)	                    	Count: 0 (0%)	Total: 1 (50%)
[cartographer_node-1] [0.670579, 0.678246)	                    	Count: 0 (0%)	Total: 1 (50%)
[cartographer_node-1] [0.678246, 0.685912)	                    	Count: 0 (0%)	Total: 1 (50%)
[cartographer_node-1] [0.685912, 0.693578)	                    	Count: 0 (0%)	Total: 1 (50%)
[cartographer_node-1] [0.693578, 0.701245)	                    	Count: 0 (0%)	Total: 1 (50%)
[cartographer_node-1] [0.701245, 0.708911)	                    	Count: 0 (0%)	Total: 1 (50%)
[cartographer_node-1] [0.708911, 0.716577]	          ##########	Count: 1 (50%)	Total: 2 (100%)
[cartographer_node-1] [INFO] [1778822247.025873647] [cartographer logger]: I0515 14:17:27.000000 59704 pose_graph_2d.cc:538] Remaining work items in queue: 8
[cartographer_node-1] [INFO] [1778822247.025914523] [cartographer logger]: I0515 14:17:27.000000 59704 constraint_builder_2d.cc:294] 0 computations resulted in 0 additional constraints.
[cartographer_node-1] [INFO] [1778822247.026134964] [cartographer logger]: I0515 14:17:27.000000 59704 constraint_builder_2d.cc:296] Score histogram:
[cartographer_node-1] Count: 2  Min: 0.639914  Max: 0.716577  Mean: 0.678246
[cartographer_node-1] [0.639914, 0.647580)	          ##########	Count: 1 (50%)	Total: 1 (50%)
[cartographer_node-1] [0.647580, 0.655247)	                    	Count: 0 (0%)	Total: 1 (50%)
[cartographer_node-1] [0.655247, 0.662913)	                    	Count: 0 (0%)	Total: 1 (50%)
[cartographer_node-1] [0.662913, 0.670579)	                    	Count: 0 (0%)	Total: 1 (50%)
[cartographer_node-1] [0.670579, 0.678246)	                    	Count: 0 (0%)	Total: 1 (50%)
[cartographer_node-1] [0.678246, 0.685912)	                    	Count: 0 (0%)	Total: 1 (50%)
[cartographer_node-1] [0.685912, 0.693578)	                    	Count: 0 (0%)	Total: 1 (50%)
[cartographer_node-1] [0.693578, 0.701245)	                    	Count: 0 (0%)	Total: 1 (50%)
[cartographer_node-1] [0.701245, 0.708911)	                    	Count: 0 (0%)	Total: 1 (50%)
[cartographer_node-1] [0.708911, 0.716577]	          ##########	Count: 1 (50%)	Total: 2 (100%)
[cartographer_node-1] [INFO] [1778822247.054090108] [cartographer logger]: I0515 14:17:27.000000 59705 pose_graph_2d.cc:538] Remaining work items in queue: 1
[cartographer_node-1] [INFO] [1778822247.054146762] [cartographer logger]: I0515 14:17:27.000000 59705 constraint_builder_2d.cc:294] 0 computations resulted in 0 additional constraints.
[cartographer_node-1] [INFO] [1778822247.054336437] [cartographer logger]: I0515 14:17:27.000000 59705 constraint_builder_2d.cc:296] Score histogram:
[cartographer_node-1] Count: 2  Min: 0.639914  Max: 0.716577  Mean: 0.678246
[cartographer_node-1] [0.639914, 0.647580)	          ##########	Count: 1 (50%)	Total: 1 (50%)
[cartographer_node-1] [0.647580, 0.655247)	                    	Count: 0 (0%)	Total: 1 (50%)
[cartographer_node-1] [0.655247, 0.662913)	                    	Count: 0 (0%)	Total: 1 (50%)
[cartographer_node-1] [0.662913, 0.670579)	                    	Count: 0 (0%)	Total: 1 (50%)
[cartographer_node-1] [0.670579, 0.678246)	                    	Count: 0 (0%)	Total: 1 (50%)
[cartographer_node-1] [0.678246, 0.685912)	                    	Count: 0 (0%)	Total: 1 (50%)
[cartographer_node-1] [0.685912, 0.693578)	                    	Count: 0 (0%)	Total: 1 (50%)
[cartographer_node-1] [0.693578, 0.701245)	                    	Count: 0 (0%)	Total: 1 (50%)
[cartographer_node-1] [0.701245, 0.708911)	                    	Count: 0 (0%)	Total: 1 (50%)
[cartographer_node-1] [0.708911, 0.716577]	          ##########	Count: 1 (50%)	Total: 2 (100%)
[cartographer_node-1] [INFO] [1778822247.093760871] [cartographer logger]: I0515 14:17:27.000000 59706 pose_graph_2d.cc:538] Remaining work items in queue: 0
[cartographer_node-1] [INFO] [1778822247.093806420] [cartographer logger]: I0515 14:17:27.000000 59706 constraint_builder_2d.cc:294] 0 computations resulted in 0 additional constraints.
[cartographer_node-1] [INFO] [1778822247.094045004] [cartographer logger]: I0515 14:17:27.000000 59706 constraint_builder_2d.cc:296] Score histogram:
[cartographer_node-1] Count: 2  Min: 0.639914  Max: 0.716577  Mean: 0.678246
[cartographer_node-1] [0.639914, 0.647580)	          ##########	Count: 1 (50%)	Total: 1 (50%)
[cartographer_node-1] [0.647580, 0.655247)	                    	Count: 0 (0%)	Total: 1 (50%)
[cartographer_node-1] [0.655247, 0.662913)	                    	Count: 0 (0%)	Total: 1 (50%)
[cartographer_node-1] [0.662913, 0.670579)	                    	Count: 0 (0%)	Total: 1 (50%)
[cartographer_node-1] [0.670579, 0.678246)	                    	Count: 0 (0%)	Total: 1 (50%)
[cartographer_node-1] [0.678246, 0.685912)	                    	Count: 0 (0%)	Total: 1 (50%)
[cartographer_node-1] [0.685912, 0.693578)	                    	Count: 0 (0%)	Total: 1 (50%)
[cartographer_node-1] [0.693578, 0.701245)	                    	Count: 0 (0%)	Total: 1 (50%)
[cartographer_node-1] [0.701245, 0.708911)	                    	Count: 0 (0%)	Total: 1 (50%)
[cartographer_node-1] [0.708911, 0.716577]	          ##########	Count: 1 (50%)	Total: 2 (100%)
[cartographer_node-1] [INFO] [1778822247.182810306] [cartographer logger]: I0515 14:17:27.000000 59705 pose_graph_2d.cc:538] Remaining work items in queue: 0
[cartographer_node-1] [INFO] [1778822247.182855845] [cartographer logger]: I0515 14:17:27.000000 59705 constraint_builder_2d.cc:294] 0 computations resulted in 0 additional constraints.
[cartographer_node-1] [INFO] [1778822247.183112153] [cartographer logger]: I0515 14:17:27.000000 59705 constraint_builder_2d.cc:296] Score histogram:
[cartographer_node-1] Count: 2  Min: 0.639914  Max: 0.716577  Mean: 0.678246
[cartographer_node-1] [0.639914, 0.647580)	          ##########	Count: 1 (50%)	Total: 1 (50%)
[cartographer_node-1] [0.647580, 0.655247)	                    	Count: 0 (0%)	Total: 1 (50%)
[cartographer_node-1] [0.655247, 0.662913)	                    	Count: 0 (0%)	Total: 1 (50%)
[cartographer_node-1] [0.662913, 0.670579)	                    	Count: 0 (0%)	Total: 1 (50%)
[cartographer_node-1] [0.670579, 0.678246)	                    	Count: 0 (0%)	Total: 1 (50%)
[cartographer_node-1] [0.678246, 0.685912)	                    	Count: 0 (0%)	Total: 1 (50%)
[cartographer_node-1] [0.685912, 0.693578)	                    	Count: 0 (0%)	Total: 1 (50%)
[cartographer_node-1] [0.693578, 0.701245)	                    	Count: 0 (0%)	Total: 1 (50%)
[cartographer_node-1] [0.701245, 0.708911)	                    	Count: 0 (0%)	Total: 1 (50%)
[cartographer_node-1] [0.708911, 0.716577]	          ##########	Count: 1 (50%)	Total: 2 (100%)
[cartographer_node-1] [INFO] [1778822247.224816809] [cartographer logger]: I0515 14:17:27.000000 59705 pose_graph_2d.cc:538] Remaining work items in queue: 0
[cartographer_node-1] [INFO] [1778822247.224882319] [cartographer logger]: I0515 14:17:27.000000 59705 constraint_builder_2d.cc:294] 0 computations resulted in 0 additional constraints.
[cartographer_node-1] [INFO] [1778822247.225195904] [cartographer logger]: I0515 14:17:27.000000 59705 constraint_builder_2d.cc:296] Score histogram:
[cartographer_node-1] Count: 2  Min: 0.639914  Max: 0.716577  Mean: 0.678246
[cartographer_node-1] [0.639914, 0.647580)	          ##########	Count: 1 (50%)	Total: 1 (50%)
[cartographer_node-1] [0.647580, 0.655247)	                    	Count: 0 (0%)	Total: 1 (50%)
[cartographer_node-1] [0.655247, 0.662913)	                    	Count: 0 (0%)	Total: 1 (50%)
[cartographer_node-1] [0.662913, 0.670579)	                    	Count: 0 (0%)	Total: 1 (50%)
[cartographer_node-1] [0.670579, 0.678246)	                    	Count: 0 (0%)	Total: 1 (50%)
[cartographer_node-1] [0.678246, 0.685912)	                    	Count: 0 (0%)	Total: 1 (50%)
[cartographer_node-1] [0.685912, 0.693578)	                    	Count: 0 (0%)	Total: 1 (50%)
[cartographer_node-1] [0.693578, 0.701245)	                    	Count: 0 (0%)	Total: 1 (50%)
[cartographer_node-1] [0.701245, 0.708911)	                    	Count: 0 (0%)	Total: 1 (50%)
[cartographer_node-1] [0.708911, 0.716577]	          ##########	Count: 1 (50%)	Total: 2 (100%)
[cartographer_node-1] [INFO] [1778822247.247598307] [cartographer logger]: I0515 14:17:27.000000 59704 pose_graph_2d.cc:538] Remaining work items in queue: 0
[cartographer_node-1] [INFO] [1778822247.247651866] [cartographer logger]: I0515 14:17:27.000000 59704 constraint_builder_2d.cc:294] 0 computations resulted in 0 additional constraints.
[cartographer_node-1] [INFO] [1778822247.247909782] [cartographer logger]: I0515 14:17:27.000000 59704 constraint_builder_2d.cc:296] Score histogram:
[cartographer_node-1] Count: 2  Min: 0.639914  Max: 0.716577  Mean: 0.678246
[cartographer_node-1] [0.639914, 0.647580)	          ##########	Count: 1 (50%)	Total: 1 (50%)
[cartographer_node-1] [0.647580, 0.655247)	                    	Count: 0 (0%)	Total: 1 (50%)
[cartographer_node-1] [0.655247, 0.662913)	                    	Count: 0 (0%)	Total: 1 (50%)
[cartographer_node-1] [0.662913, 0.670579)	                    	Count: 0 (0%)	Total: 1 (50%)
[cartographer_node-1] [0.670579, 0.678246)	                    	Count: 0 (0%)	Total: 1 (50%)
[cartographer_node-1] [0.678246, 0.685912)	                    	Count: 0 (0%)	Total: 1 (50%)
[cartographer_node-1] [0.685912, 0.693578)	                    	Count: 0 (0%)	Total: 1 (50%)
[cartographer_node-1] [0.693578, 0.701245)	                    	Count: 0 (0%)	Total: 1 (50%)
[cartographer_node-1] [0.701245, 0.708911)	                    	Count: 0 (0%)	Total: 1 (50%)
[cartographer_node-1] [0.708911, 0.716577]	          ##########	Count: 1 (50%)	Total: 2 (100%)
[cartographer_node-1] [INFO] [1778822247.294651646] [cartographer logger]: I0515 14:17:27.000000 59705 pose_graph_2d.cc:538] Remaining work items in queue: 0
[cartographer_node-1] [INFO] [1778822247.384986601] [cartographer logger]: I0515 14:17:27.000000 59707 constraint_builder_2d.cc:294] 1 computations resulted in 0 additional constraints.
[cartographer_node-1] [INFO] [1778822247.385054567] [cartographer logger]: I0515 14:17:27.000000 59707 constraint_builder_2d.cc:296] Score histogram:
[cartographer_node-1] Count: 2  Min: 0.639914  Max: 0.716577  Mean: 0.678246
[cartographer_node-1] [0.639914, 0.647580)	          ##########	Count: 1 (50%)	Total: 1 (50%)
[cartographer_node-1] [0.647580, 0.655247)	                    	Count: 0 (0%)	Total: 1 (50%)
[cartographer_node-1] [0.655247, 0.662913)	                    	Count: 0 (0%)	Total: 1 (50%)
[cartographer_node-1] [0.662913, 0.670579)	                    	Count: 0 (0%)	Total: 1 (50%)
[cartographer_node-1] [0.670579, 0.678246)	                    	Count: 0 (0%)	Total: 1 (50%)
[cartographer_node-1] [0.678246, 0.685912)	                    	Count: 0 (0%)	Total: 1 (50%)
[cartographer_node-1] [0.685912, 0.693578)	                    	Count: 0 (0%)	Total: 1 (50%)
[cartographer_node-1] [0.693578, 0.701245)	                    	Count: 0 (0%)	Total: 1 (50%)
[cartographer_node-1] [0.701245, 0.708911)	                    	Count: 0 (0%)	Total: 1 (50%)
[cartographer_node-1] [0.708911, 0.716577]	          ##########	Count: 1 (50%)	Total: 2 (100%)
[cartographer_node-1] [INFO] [1778822247.401013930] [cartographer logger]: I0515 14:17:27.000000 59705 pose_graph_2d.cc:538] Remaining work items in queue: 0
[cartographer_node-1] [INFO] [1778822247.401049277] [cartographer logger]: I0515 14:17:27.000000 59705 constraint_builder_2d.cc:294] 0 computations resulted in 0 additional constraints.
[cartographer_node-1] [INFO] [1778822247.401277154] [cartographer logger]: I0515 14:17:27.000000 59705 constraint_builder_2d.cc:296] Score histogram:
[cartographer_node-1] Count: 2  Min: 0.639914  Max: 0.716577  Mean: 0.678246
[cartographer_node-1] [0.639914, 0.647580)	          ##########	Count: 1 (50%)	Total: 1 (50%)
[cartographer_node-1] [0.647580, 0.655247)	                    	Count: 0 (0%)	Total: 1 (50%)
[cartographer_node-1] [0.655247, 0.662913)	                    	Count: 0 (0%)	Total: 1 (50%)
[cartographer_node-1] [0.662913, 0.670579)	                    	Count: 0 (0%)	Total: 1 (50%)
[cartographer_node-1] [0.670579, 0.678246)	                    	Count: 0 (0%)	Total: 1 (50%)
[cartographer_node-1] [0.678246, 0.685912)	                    	Count: 0 (0%)	Total: 1 (50%)
[cartographer_node-1] [0.685912, 0.693578)	                    	Count: 0 (0%)	Total: 1 (50%)
[cartographer_node-1] [0.693578, 0.701245)	                    	Count: 0 (0%)	Total: 1 (50%)
[cartographer_node-1] [0.701245, 0.708911)	                    	Count: 0 (0%)	Total: 1 (50%)
[cartographer_node-1] [0.708911, 0.716577]	          ##########	Count: 1 (50%)	Total: 2 (100%)
[cartographer_node-1] [INFO] [1778822247.527634437] [cartographer logger]: I0515 14:17:27.000000 59704 pose_graph_2d.cc:538] Remaining work items in queue: 0
[cartographer_node-1] [INFO] [1778822247.527697824] [cartographer logger]: I0515 14:17:27.000000 59704 constraint_builder_2d.cc:294] 0 computations resulted in 0 additional constraints.
[cartographer_node-1] [INFO] [1778822247.528120125] [cartographer logger]: I0515 14:17:27.000000 59704 constraint_builder_2d.cc:296] Score histogram:
[cartographer_node-1] Count: 2  Min: 0.639914  Max: 0.716577  Mean: 0.678246
[cartographer_node-1] [0.639914, 0.647580)	          ##########	Count: 1 (50%)	Total: 1 (50%)
[cartographer_node-1] [0.647580, 0.655247)	                    	Count: 0 (0%)	Total: 1 (50%)
[cartographer_node-1] [0.655247, 0.662913)	                    	Count: 0 (0%)	Total: 1 (50%)
[cartographer_node-1] [0.662913, 0.670579)	                    	Count: 0 (0%)	Total: 1 (50%)
[cartographer_node-1] [0.670579, 0.678246)	                    	Count: 0 (0%)	Total: 1 (50%)
[cartographer_node-1] [0.678246, 0.685912)	                    	Count: 0 (0%)	Total: 1 (50%)
[cartographer_node-1] [0.685912, 0.693578)	                    	Count: 0 (0%)	Total: 1 (50%)
[cartographer_node-1] [0.693578, 0.701245)	                    	Count: 0 (0%)	Total: 1 (50%)
[cartographer_node-1] [0.701245, 0.708911)	                    	Count: 0 (0%)	Total: 1 (50%)
[cartographer_node-1] [0.708911, 0.716577]	          ##########	Count: 1 (50%)	Total: 2 (100%)
[cartographer_node-1] [INFO] [1778822247.647698161] [cartographer logger]: I0515 14:17:27.000000 59705 pose_graph_2d.cc:538] Remaining work items in queue: 0
[cartographer_node-1] [INFO] [1778822247.647746076] [cartographer logger]: I0515 14:17:27.000000 59705 constraint_builder_2d.cc:294] 0 computations resulted in 0 additional constraints.
[cartographer_node-1] [INFO] [1778822247.647961357] [cartographer logger]: I0515 14:17:27.000000 59705 constraint_builder_2d.cc:296] Score histogram:
[cartographer_node-1] Count: 2  Min: 0.639914  Max: 0.716577  Mean: 0.678246
[cartographer_node-1] [0.639914, 0.647580)	          ##########	Count: 1 (50%)	Total: 1 (50%)
[cartographer_node-1] [0.647580, 0.655247)	                    	Count: 0 (0%)	Total: 1 (50%)
[cartographer_node-1] [0.655247, 0.662913)	                    	Count: 0 (0%)	Total: 1 (50%)
[cartographer_node-1] [0.662913, 0.670579)	                    	Count: 0 (0%)	Total: 1 (50%)
[cartographer_node-1] [0.670579, 0.678246)	                    	Count: 0 (0%)	Total: 1 (50%)
[cartographer_node-1] [0.678246, 0.685912)	                    	Count: 0 (0%)	Total: 1 (50%)
[cartographer_node-1] [0.685912, 0.693578)	                    	Count: 0 (0%)	Total: 1 (50%)
[cartographer_node-1] [0.693578, 0.701245)	                    	Count: 0 (0%)	Total: 1 (50%)
[cartographer_node-1] [0.701245, 0.708911)	                    	Count: 0 (0%)	Total: 1 (50%)
[cartographer_node-1] [0.708911, 0.716577]	          ##########	Count: 1 (50%)	Total: 2 (100%)
[cartographer_node-1] [INFO] [1778822247.783654501] [cartographer logger]: I0515 14:17:27.000000 59707 pose_graph_2d.cc:538] Remaining work items in queue: 0
[cartographer_node-1] [INFO] [1778822247.783690913] [cartographer logger]: I0515 14:17:27.000000 59707 constraint_builder_2d.cc:294] 0 computations resulted in 0 additional constraints.
[cartographer_node-1] [INFO] [1778822247.783716784] [cartographer logger]: I0515 14:17:27.000000 59707 constraint_builder_2d.cc:296] Score histogram:
[cartographer_node-1] Count: 2  Min: 0.639914  Max: 0.716577  Mean: 0.678246
[cartographer_node-1] [0.639914, 0.647580)	          ##########	Count: 1 (50%)	Total: 1 (50%)
[cartographer_node-1] [0.647580, 0.655247)	                    	Count: 0 (0%)	Total: 1 (50%)
[cartographer_node-1] [0.655247, 0.662913)	                    	Count: 0 (0%)	Total: 1 (50%)
[cartographer_node-1] [0.662913, 0.670579)	                    	Count: 0 (0%)	Total: 1 (50%)
[cartographer_node-1] [0.670579, 0.678246)	                    	Count: 0 (0%)	Total: 1 (50%)
[cartographer_node-1] [0.678246, 0.685912)	                    	Count: 0 (0%)	Total: 1 (50%)
[cartographer_node-1] [0.685912, 0.693578)	                    	Count: 0 (0%)	Total: 1 (50%)
[cartographer_node-1] [0.693578, 0.701245)	                    	Count: 0 (0%)	Total: 1 (50%)
[cartographer_node-1] [0.701245, 0.708911)	                    	Count: 0 (0%)	Total: 1 (50%)
[cartographer_node-1] [0.708911, 0.716577]	          ##########	Count: 1 (50%)	Total: 2 (100%)
[cartographer_node-1] [INFO] [1778822247.880526016] [cartographer logger]: I0515 14:17:27.000000 59706 pose_graph_2d.cc:538] Remaining work items in queue: 0
[cartographer_node-1] [INFO] [1778822247.880563690] [cartographer logger]: I0515 14:17:27.000000 59706 constraint_builder_2d.cc:294] 0 computations resulted in 0 additional constraints.
[cartographer_node-1] [INFO] [1778822247.880778942] [cartographer logger]: I0515 14:17:27.000000 59706 constraint_builder_2d.cc:296] Score histogram:
[cartographer_node-1] Count: 2  Min: 0.639914  Max: 0.716577  Mean: 0.678246
[cartographer_node-1] [0.639914, 0.647580)	          ##########	Count: 1 (50%)	Total: 1 (50%)
[cartographer_node-1] [0.647580, 0.655247)	                    	Count: 0 (0%)	Total: 1 (50%)
[cartographer_node-1] [0.655247, 0.662913)	                    	Count: 0 (0%)	Total: 1 (50%)
[cartographer_node-1] [0.662913, 0.670579)	                    	Count: 0 (0%)	Total: 1 (50%)
[cartographer_node-1] [0.670579, 0.678246)	                    	Count: 0 (0%)	Total: 1 (50%)
[cartographer_node-1] [0.678246, 0.685912)	                    	Count: 0 (0%)	Total: 1 (50%)
[cartographer_node-1] [0.685912, 0.693578)	                    	Count: 0 (0%)	Total: 1 (50%)
[cartographer_node-1] [0.693578, 0.701245)	                    	Count: 0 (0%)	Total: 1 (50%)
[cartographer_node-1] [0.701245, 0.708911)	                    	Count: 0 (0%)	Total: 1 (50%)
[cartographer_node-1] [0.708911, 0.716577]	          ##########	Count: 1 (50%)	Total: 2 (100%)
[cartographer_node-1] [INFO] [1778822247.943241452] [cartographer logger]: I0515 14:17:27.000000 59707 pose_graph_2d.cc:538] Remaining work items in queue: 0
[cartographer_node-1] [INFO] [1778822247.943292187] [cartographer logger]: I0515 14:17:27.000000 59707 constraint_builder_2d.cc:294] 0 computations resulted in 0 additional constraints.
[cartographer_node-1] [INFO] [1778822247.943614701] [cartographer logger]: I0515 14:17:27.000000 59707 constraint_builder_2d.cc:296] Score histogram:
[cartographer_node-1] Count: 2  Min: 0.639914  Max: 0.716577  Mean: 0.678246
[cartographer_node-1] [0.639914, 0.647580)	          ##########	Count: 1 (50%)	Total: 1 (50%)
[cartographer_node-1] [0.647580, 0.655247)	                    	Count: 0 (0%)	Total: 1 (50%)
[cartographer_node-1] [0.655247, 0.662913)	                    	Count: 0 (0%)	Total: 1 (50%)
[cartographer_node-1] [0.662913, 0.670579)	                    	Count: 0 (0%)	Total: 1 (50%)
[cartographer_node-1] [0.670579, 0.678246)	                    	Count: 0 (0%)	Total: 1 (50%)
[cartographer_node-1] [0.678246, 0.685912)	                    	Count: 0 (0%)	Total: 1 (50%)
[cartographer_node-1] [0.685912, 0.693578)	                    	Count: 0 (0%)	Total: 1 (50%)
[cartographer_node-1] [0.693578, 0.701245)	                    	Count: 0 (0%)	Total: 1 (50%)
[cartographer_node-1] [0.701245, 0.708911)	                    	Count: 0 (0%)	Total: 1 (50%)
[cartographer_node-1] [0.708911, 0.716577]	          ##########	Count: 1 (50%)	Total: 2 (100%)
[cartographer_node-1] [INFO] [1778822248.031646828] [cartographer logger]: I0515 14:17:28.000000 59706 pose_graph_2d.cc:538] Remaining work items in queue: 0
[cartographer_node-1] [INFO] [1778822248.091280922] [cartographer logger]: I0515 14:17:28.000000 59704 constraint_builder_2d.cc:294] 1 computations resulted in 0 additional constraints.
[cartographer_node-1] [INFO] [1778822248.091337749] [cartographer logger]: I0515 14:17:28.000000 59704 constraint_builder_2d.cc:296] Score histogram:
[cartographer_node-1] Count: 2  Min: 0.639914  Max: 0.716577  Mean: 0.678246
[cartographer_node-1] [0.639914, 0.647580)	          ##########	Count: 1 (50%)	Total: 1 (50%)
[cartographer_node-1] [0.647580, 0.655247)	                    	Count: 0 (0%)	Total: 1 (50%)
[cartographer_node-1] [0.655247, 0.662913)	                    	Count: 0 (0%)	Total: 1 (50%)
[cartographer_node-1] [0.662913, 0.670579)	                    	Count: 0 (0%)	Total: 1 (50%)
[cartographer_node-1] [0.670579, 0.678246)	                    	Count: 0 (0%)	Total: 1 (50%)
[cartographer_node-1] [0.678246, 0.685912)	                    	Count: 0 (0%)	Total: 1 (50%)
[cartographer_node-1] [0.685912, 0.693578)	                    	Count: 0 (0%)	Total: 1 (50%)
[cartographer_node-1] [0.693578, 0.701245)	                    	Count: 0 (0%)	Total: 1 (50%)
[cartographer_node-1] [0.701245, 0.708911)	                    	Count: 0 (0%)	Total: 1 (50%)
[cartographer_node-1] [0.708911, 0.716577]	          ##########	Count: 1 (50%)	Total: 2 (100%)
[cartographer_node-1] [INFO] [1778822248.108281250] [cartographer logger]: I0515 14:17:28.000000 59704 pose_graph_2d.cc:538] Remaining work items in queue: 4
[cartographer_node-1] [INFO] [1778822248.108319721] [cartographer logger]: I0515 14:17:28.000000 59704 constraint_builder_2d.cc:294] 0 computations resulted in 0 additional constraints.
[cartographer_node-1] [INFO] [1778822248.108600486] [cartographer logger]: I0515 14:17:28.000000 59704 constraint_builder_2d.cc:296] Score histogram:
[cartographer_node-1] Count: 2  Min: 0.639914  Max: 0.716577  Mean: 0.678246
[cartographer_node-1] [0.639914, 0.647580)	          ##########	Count: 1 (50%)	Total: 1 (50%)
[cartographer_node-1] [0.647580, 0.655247)	                    	Count: 0 (0%)	Total: 1 (50%)
[cartographer_node-1] [0.655247, 0.662913)	                    	Count: 0 (0%)	Total: 1 (50%)
[cartographer_node-1] [0.662913, 0.670579)	                    	Count: 0 (0%)	Total: 1 (50%)
[cartographer_node-1] [0.670579, 0.678246)	                    	Count: 0 (0%)	Total: 1 (50%)
[cartographer_node-1] [0.678246, 0.685912)	                    	Count: 0 (0%)	Total: 1 (50%)
[cartographer_node-1] [0.685912, 0.693578)	                    	Count: 0 (0%)	Total: 1 (50%)
[cartographer_node-1] [0.693578, 0.701245)	                    	Count: 0 (0%)	Total: 1 (50%)
[cartographer_node-1] [0.701245, 0.708911)	                    	Count: 0 (0%)	Total: 1 (50%)
[cartographer_node-1] [0.708911, 0.716577]	          ##########	Count: 1 (50%)	Total: 2 (100%)
[cartographer_node-1] [INFO] [1778822248.174124831] [cartographer logger]: I0515 14:17:28.000000 59707 pose_graph_2d.cc:538] Remaining work items in queue: 1
[cartographer_node-1] [INFO] [1778822248.174167415] [cartographer logger]: I0515 14:17:28.000000 59707 constraint_builder_2d.cc:294] 0 computations resulted in 0 additional constraints.
[cartographer_node-1] [INFO] [1778822248.174388280] [cartographer logger]: I0515 14:17:28.000000 59707 constraint_builder_2d.cc:296] Score histogram:
[cartographer_node-1] Count: 2  Min: 0.639914  Max: 0.716577  Mean: 0.678246
[cartographer_node-1] [0.639914, 0.647580)	          ##########	Count: 1 (50%)	Total: 1 (50%)
[cartographer_node-1] [0.647580, 0.655247)	                    	Count: 0 (0%)	Total: 1 (50%)
[cartographer_node-1] [0.655247, 0.662913)	                    	Count: 0 (0%)	Total: 1 (50%)
[cartographer_node-1] [0.662913, 0.670579)	                    	Count: 0 (0%)	Total: 1 (50%)
[cartographer_node-1] [0.670579, 0.678246)	                    	Count: 0 (0%)	Total: 1 (50%)
[cartographer_node-1] [0.678246, 0.685912)	                    	Count: 0 (0%)	Total: 1 (50%)
[cartographer_node-1] [0.685912, 0.693578)	                    	Count: 0 (0%)	Total: 1 (50%)
[cartographer_node-1] [0.693578, 0.701245)	                    	Count: 0 (0%)	Total: 1 (50%)
[cartographer_node-1] [0.701245, 0.708911)	                    	Count: 0 (0%)	Total: 1 (50%)
[cartographer_node-1] [0.708911, 0.716577]	          ##########	Count: 1 (50%)	Total: 2 (100%)
[cartographer_node-1] [INFO] [1778822248.288608007] [cartographer logger]: I0515 14:17:28.000000 59705 pose_graph_2d.cc:538] Remaining work items in queue: 0
[cartographer_node-1] [INFO] [1778822248.288665227] [cartographer logger]: I0515 14:17:28.000000 59705 constraint_builder_2d.cc:294] 0 computations resulted in 0 additional constraints.
[cartographer_node-1] [INFO] [1778822248.289008019] [cartographer logger]: I0515 14:17:28.000000 59705 constraint_builder_2d.cc:296] Score histogram:
[cartographer_node-1] Count: 2  Min: 0.639914  Max: 0.716577  Mean: 0.678246
[cartographer_node-1] [0.639914, 0.647580)	          ##########	Count: 1 (50%)	Total: 1 (50%)
[cartographer_node-1] [0.647580, 0.655247)	                    	Count: 0 (0%)	Total: 1 (50%)
[cartographer_node-1] [0.655247, 0.662913)	                    	Count: 0 (0%)	Total: 1 (50%)
[cartographer_node-1] [0.662913, 0.670579)	                    	Count: 0 (0%)	Total: 1 (50%)
[cartographer_node-1] [0.670579, 0.678246)	                    	Count: 0 (0%)	Total: 1 (50%)
[cartographer_node-1] [0.678246, 0.685912)	                    	Count: 0 (0%)	Total: 1 (50%)
[cartographer_node-1] [0.685912, 0.693578)	                    	Count: 0 (0%)	Total: 1 (50%)
[cartographer_node-1] [0.693578, 0.701245)	                    	Count: 0 (0%)	Total: 1 (50%)
[cartographer_node-1] [0.701245, 0.708911)	                    	Count: 0 (0%)	Total: 1 (50%)
[cartographer_node-1] [0.708911, 0.716577]	          ##########	Count: 1 (50%)	Total: 2 (100%)
[cartographer_node-1] [INFO] [1778822248.320295126] [cartographer logger]: I0515 14:17:28.000000 59705 pose_graph_2d.cc:538] Remaining work items in queue: 0
[cartographer_node-1] [INFO] [1778822248.320340737] [cartographer logger]: I0515 14:17:28.000000 59705 constraint_builder_2d.cc:294] 0 computations resulted in 0 additional constraints.
[cartographer_node-1] [INFO] [1778822248.320583410] [cartographer logger]: I0515 14:17:28.000000 59705 constraint_builder_2d.cc:296] Score histogram:
[cartographer_node-1] Count: 2  Min: 0.639914  Max: 0.716577  Mean: 0.678246
[cartographer_node-1] [0.639914, 0.647580)	          ##########	Count: 1 (50%)	Total: 1 (50%)
[cartographer_node-1] [0.647580, 0.655247)	                    	Count: 0 (0%)	Total: 1 (50%)
[cartographer_node-1] [0.655247, 0.662913)	                    	Count: 0 (0%)	Total: 1 (50%)
[cartographer_node-1] [0.662913, 0.670579)	                    	Count: 0 (0%)	Total: 1 (50%)
[cartographer_node-1] [0.670579, 0.678246)	                    	Count: 0 (0%)	Total: 1 (50%)
[cartographer_node-1] [0.678246, 0.685912)	                    	Count: 0 (0%)	Total: 1 (50%)
[cartographer_node-1] [0.685912, 0.693578)	                    	Count: 0 (0%)	Total: 1 (50%)
[cartographer_node-1] [0.693578, 0.701245)	                    	Count: 0 (0%)	Total: 1 (50%)
[cartographer_node-1] [0.701245, 0.708911)	                    	Count: 0 (0%)	Total: 1 (50%)
[cartographer_node-1] [0.708911, 0.716577]	          ##########	Count: 1 (50%)	Total: 2 (100%)
[cartographer_node-1] [INFO] [1778822248.336454528] [cartographer logger]: I0515 14:17:28.000000 59705 pose_graph_2d.cc:538] Remaining work items in queue: 2
[cartographer_node-1] [INFO] [1778822248.336490999] [cartographer logger]: I0515 14:17:28.000000 59705 constraint_builder_2d.cc:294] 0 computations resulted in 0 additional constraints.
[cartographer_node-1] [INFO] [1778822248.336685633] [cartographer logger]: I0515 14:17:28.000000 59705 constraint_builder_2d.cc:296] Score histogram:
[cartographer_node-1] Count: 2  Min: 0.639914  Max: 0.716577  Mean: 0.678246
[cartographer_node-1] [0.639914, 0.647580)	          ##########	Count: 1 (50%)	Total: 1 (50%)
[cartographer_node-1] [0.647580, 0.655247)	                    	Count: 0 (0%)	Total: 1 (50%)
[cartographer_node-1] [0.655247, 0.662913)	                    	Count: 0 (0%)	Total: 1 (50%)
[cartographer_node-1] [0.662913, 0.670579)	                    	Count: 0 (0%)	Total: 1 (50%)
[cartographer_node-1] [0.670579, 0.678246)	                    	Count: 0 (0%)	Total: 1 (50%)
[cartographer_node-1] [0.678246, 0.685912)	                    	Count: 0 (0%)	Total: 1 (50%)
[cartographer_node-1] [0.685912, 0.693578)	                    	Count: 0 (0%)	Total: 1 (50%)
[cartographer_node-1] [0.693578, 0.701245)	                    	Count: 0 (0%)	Total: 1 (50%)
[cartographer_node-1] [0.701245, 0.708911)	                    	Count: 0 (0%)	Total: 1 (50%)
[cartographer_node-1] [0.708911, 0.716577]	          ##########	Count: 1 (50%)	Total: 2 (100%)
[cartographer_node-1] [INFO] [1778822248.408808053] [cartographer logger]: I0515 14:17:28.000000 59707 pose_graph_2d.cc:538] Remaining work items in queue: 1
[cartographer_node-1] [INFO] [1778822248.408855247] [cartographer logger]: I0515 14:17:28.000000 59707 constraint_builder_2d.cc:294] 0 computations resulted in 0 additional constraints.
[cartographer_node-1] [INFO] [1778822248.409132869] [cartographer logger]: I0515 14:17:28.000000 59707 constraint_builder_2d.cc:296] Score histogram:
[cartographer_node-1] Count: 2  Min: 0.639914  Max: 0.716577  Mean: 0.678246
[cartographer_node-1] [0.639914, 0.647580)	          ##########	Count: 1 (50%)	Total: 1 (50%)
[cartographer_node-1] [0.647580, 0.655247)	                    	Count: 0 (0%)	Total: 1 (50%)
[cartographer_node-1] [0.655247, 0.662913)	                    	Count: 0 (0%)	Total: 1 (50%)
[cartographer_node-1] [0.662913, 0.670579)	                    	Count: 0 (0%)	Total: 1 (50%)
[cartographer_node-1] [0.670579, 0.678246)	                    	Count: 0 (0%)	Total: 1 (50%)
[cartographer_node-1] [0.678246, 0.685912)	                    	Count: 0 (0%)	Total: 1 (50%)
[cartographer_node-1] [0.685912, 0.693578)	                    	Count: 0 (0%)	Total: 1 (50%)
[cartographer_node-1] [0.693578, 0.701245)	                    	Count: 0 (0%)	Total: 1 (50%)
[cartographer_node-1] [0.701245, 0.708911)	                    	Count: 0 (0%)	Total: 1 (50%)
[cartographer_node-1] [0.708911, 0.716577]	          ##########	Count: 1 (50%)	Total: 2 (100%)
[cartographer_node-1] [INFO] [1778822248.455987802] [cartographer logger]: I0515 14:17:28.000000 59707 pose_graph_2d.cc:538] Remaining work items in queue: 0
[cartographer_node-1] [INFO] [1778822248.497507882] [cartographer logger]: I0515 14:17:28.000000 59706 constraint_builder_2d.cc:279] Node (1, 128) with 207 points on submap (0, 8) matches with score 72.2%.
[cartographer_node-1] [INFO] [1778822248.497549495] [cartographer logger]: I0515 14:17:28.000000 59706 constraint_builder_2d.cc:294] 1 computations resulted in 1 additional constraints.
[cartographer_node-1] [INFO] [1778822248.497612810] [cartographer logger]: I0515 14:17:28.000000 59706 constraint_builder_2d.cc:296] Score histogram:
[cartographer_node-1] Count: 3  Min: 0.639914  Max: 0.722055  Mean: 0.692849
[cartographer_node-1] [0.639914, 0.648128)	             #######	Count: 1 (33.3333%)	Total: 1 (33.3333%)
[cartographer_node-1] [0.648128, 0.656342)	                    	Count: 0 (0%)	Total: 1 (33.3333%)
[cartographer_node-1] [0.656342, 0.664556)	                    	Count: 0 (0%)	Total: 1 (33.3333%)
[cartographer_node-1] [0.664556, 0.672771)	                    	Count: 0 (0%)	Total: 1 (33.3333%)
[cartographer_node-1] [0.672771, 0.680985)	                    	Count: 0 (0%)	Total: 1 (33.3333%)
[cartographer_node-1] [0.680985, 0.689199)	                    	Count: 0 (0%)	Total: 1 (33.3333%)
[cartographer_node-1] [0.689199, 0.697413)	                    	Count: 0 (0%)	Total: 1 (33.3333%)
[cartographer_node-1] [0.697413, 0.705627)	                    	Count: 0 (0%)	Total: 1 (33.3333%)
[cartographer_node-1] [0.705627, 0.713841)	                    	Count: 0 (0%)	Total: 1 (33.3333%)
[cartographer_node-1] [0.713841, 0.722055]	       #############	Count: 2 (66.6667%)	Total: 3 (100%)
[cartographer_node-1] [INFO] [1778822248.518149033] [cartographer logger]: I0515 14:17:28.000000 59706 pose_graph_2d.cc:538] Remaining work items in queue: 1
[cartographer_node-1] [INFO] [1778822248.518200409] [cartographer logger]: I0515 14:17:28.000000 59706 constraint_builder_2d.cc:294] 0 computations resulted in 0 additional constraints.
[cartographer_node-1] [INFO] [1778822248.518395287] [cartographer logger]: I0515 14:17:28.000000 59706 constraint_builder_2d.cc:296] Score histogram:
[cartographer_node-1] Count: 3  Min: 0.639914  Max: 0.722055  Mean: 0.692849
[cartographer_node-1] [0.639914, 0.648128)	             #######	Count: 1 (33.3333%)	Total: 1 (33.3333%)
[cartographer_node-1] [0.648128, 0.656342)	                    	Count: 0 (0%)	Total: 1 (33.3333%)
[cartographer_node-1] [0.656342, 0.664556)	                    	Count: 0 (0%)	Total: 1 (33.3333%)
[cartographer_node-1] [0.664556, 0.672771)	                    	Count: 0 (0%)	Total: 1 (33.3333%)
[cartographer_node-1] [0.672771, 0.680985)	                    	Count: 0 (0%)	Total: 1 (33.3333%)
[cartographer_node-1] [0.680985, 0.689199)	                    	Count: 0 (0%)	Total: 1 (33.3333%)
[cartographer_node-1] [0.689199, 0.697413)	                    	Count: 0 (0%)	Total: 1 (33.3333%)
[cartographer_node-1] [0.697413, 0.705627)	                    	Count: 0 (0%)	Total: 1 (33.3333%)
[cartographer_node-1] [0.705627, 0.713841)	                    	Count: 0 (0%)	Total: 1 (33.3333%)
[cartographer_node-1] [0.713841, 0.722055]	       #############	Count: 2 (66.6667%)	Total: 3 (100%)
[cartographer_node-1] [INFO] [1778822248.573280524] [cartographer logger]: I0515 14:17:28.000000 59705 pose_graph_2d.cc:538] Remaining work items in queue: 0
[cartographer_node-1] [INFO] [1778822248.573324408] [cartographer logger]: I0515 14:17:28.000000 59705 constraint_builder_2d.cc:294] 0 computations resulted in 0 additional constraints.
[cartographer_node-1] [INFO] [1778822248.573596055] [cartographer logger]: I0515 14:17:28.000000 59705 constraint_builder_2d.cc:296] Score histogram:
[cartographer_node-1] Count: 3  Min: 0.639914  Max: 0.722055  Mean: 0.692849
[cartographer_node-1] [0.639914, 0.648128)	             #######	Count: 1 (33.3333%)	Total: 1 (33.3333%)
[cartographer_node-1] [0.648128, 0.656342)	                    	Count: 0 (0%)	Total: 1 (33.3333%)
[cartographer_node-1] [0.656342, 0.664556)	                    	Count: 0 (0%)	Total: 1 (33.3333%)
[cartographer_node-1] [0.664556, 0.672771)	                    	Count: 0 (0%)	Total: 1 (33.3333%)
[cartographer_node-1] [0.672771, 0.680985)	                    	Count: 0 (0%)	Total: 1 (33.3333%)
[cartographer_node-1] [0.680985, 0.689199)	                    	Count: 0 (0%)	Total: 1 (33.3333%)
[cartographer_node-1] [0.689199, 0.697413)	                    	Count: 0 (0%)	Total: 1 (33.3333%)
[cartographer_node-1] [0.697413, 0.705627)	                    	Count: 0 (0%)	Total: 1 (33.3333%)
[cartographer_node-1] [0.705627, 0.713841)	                    	Count: 0 (0%)	Total: 1 (33.3333%)
[cartographer_node-1] [0.713841, 0.722055]	       #############	Count: 2 (66.6667%)	Total: 3 (100%)
[cartographer_node-1] [INFO] [1778822248.655898476] [cartographer logger]: I0515 14:17:28.000000 59707 pose_graph_2d.cc:538] Remaining work items in queue: 0
[cartographer_node-1] [INFO] [1778822248.655945288] [cartographer logger]: I0515 14:17:28.000000 59707 constraint_builder_2d.cc:294] 0 computations resulted in 0 additional constraints.
[cartographer_node-1] [INFO] [1778822248.656221228] [cartographer logger]: I0515 14:17:28.000000 59707 constraint_builder_2d.cc:296] Score histogram:
[cartographer_node-1] Count: 3  Min: 0.639914  Max: 0.722055  Mean: 0.692849
[cartographer_node-1] [0.639914, 0.648128)	             #######	Count: 1 (33.3333%)	Total: 1 (33.3333%)
[cartographer_node-1] [0.648128, 0.656342)	                    	Count: 0 (0%)	Total: 1 (33.3333%)
[cartographer_node-1] [0.656342, 0.664556)	                    	Count: 0 (0%)	Total: 1 (33.3333%)
[cartographer_node-1] [0.664556, 0.672771)	                    	Count: 0 (0%)	Total: 1 (33.3333%)
[cartographer_node-1] [0.672771, 0.680985)	                    	Count: 0 (0%)	Total: 1 (33.3333%)
[cartographer_node-1] [0.680985, 0.689199)	                    	Count: 0 (0%)	Total: 1 (33.3333%)
[cartographer_node-1] [0.689199, 0.697413)	                    	Count: 0 (0%)	Total: 1 (33.3333%)
[cartographer_node-1] [0.697413, 0.705627)	                    	Count: 0 (0%)	Total: 1 (33.3333%)
[cartographer_node-1] [0.705627, 0.713841)	                    	Count: 0 (0%)	Total: 1 (33.3333%)
[cartographer_node-1] [0.713841, 0.722055]	       #############	Count: 2 (66.6667%)	Total: 3 (100%)
[cartographer_node-1] [INFO] [1778822248.691971657] [cartographer logger]: I0515 14:17:28.000000 59707 pose_graph_2d.cc:538] Remaining work items in queue: 1
[cartographer_node-1] [INFO] [1778822248.692009067] [cartographer logger]: I0515 14:17:28.000000 59707 constraint_builder_2d.cc:294] 0 computations resulted in 0 additional constraints.
[cartographer_node-1] [INFO] [1778822248.692134211] [cartographer logger]: I0515 14:17:28.000000 59707 constraint_builder_2d.cc:296] Score histogram:
[cartographer_node-1] Count: 3  Min: 0.639914  Max: 0.722055  Mean: 0.692849
[cartographer_node-1] [0.639914, 0.648128)	             #######	Count: 1 (33.3333%)	Total: 1 (33.3333%)
[cartographer_node-1] [0.648128, 0.656342)	                    	Count: 0 (0%)	Total: 1 (33.3333%)
[cartographer_node-1] [0.656342, 0.664556)	                    	Count: 0 (0%)	Total: 1 (33.3333%)
[cartographer_node-1] [0.664556, 0.672771)	                    	Count: 0 (0%)	Total: 1 (33.3333%)
[cartographer_node-1] [0.672771, 0.680985)	                    	Count: 0 (0%)	Total: 1 (33.3333%)
[cartographer_node-1] [0.680985, 0.689199)	                    	Count: 0 (0%)	Total: 1 (33.3333%)
[cartographer_node-1] [0.689199, 0.697413)	                    	Count: 0 (0%)	Total: 1 (33.3333%)
[cartographer_node-1] [0.697413, 0.705627)	                    	Count: 0 (0%)	Total: 1 (33.3333%)
[cartographer_node-1] [0.705627, 0.713841)	                    	Count: 0 (0%)	Total: 1 (33.3333%)
[cartographer_node-1] [0.713841, 0.722055]	       #############	Count: 2 (66.6667%)	Total: 3 (100%)
[cartographer_node-1] [INFO] [1778822248.775943713] [cartographer logger]: I0515 14:17:28.000000 59704 pose_graph_2d.cc:538] Remaining work items in queue: 0
[cartographer_node-1] [INFO] [1778822248.775987153] [cartographer logger]: I0515 14:17:28.000000 59704 constraint_builder_2d.cc:294] 0 computations resulted in 0 additional constraints.
[cartographer_node-1] [INFO] [1778822248.776324125] [cartographer logger]: I0515 14:17:28.000000 59704 constraint_builder_2d.cc:296] Score histogram:
[cartographer_node-1] Count: 3  Min: 0.639914  Max: 0.722055  Mean: 0.692849
[cartographer_node-1] [0.639914, 0.648128)	             #######	Count: 1 (33.3333%)	Total: 1 (33.3333%)
[cartographer_node-1] [0.648128, 0.656342)	                    	Count: 0 (0%)	Total: 1 (33.3333%)
[cartographer_node-1] [0.656342, 0.664556)	                    	Count: 0 (0%)	Total: 1 (33.3333%)
[cartographer_node-1] [0.664556, 0.672771)	                    	Count: 0 (0%)	Total: 1 (33.3333%)
[cartographer_node-1] [0.672771, 0.680985)	                    	Count: 0 (0%)	Total: 1 (33.3333%)
[cartographer_node-1] [0.680985, 0.689199)	                    	Count: 0 (0%)	Total: 1 (33.3333%)
[cartographer_node-1] [0.689199, 0.697413)	                    	Count: 0 (0%)	Total: 1 (33.3333%)
[cartographer_node-1] [0.697413, 0.705627)	                    	Count: 0 (0%)	Total: 1 (33.3333%)
[cartographer_node-1] [0.705627, 0.713841)	                    	Count: 0 (0%)	Total: 1 (33.3333%)
[cartographer_node-1] [0.713841, 0.722055]	       #############	Count: 2 (66.6667%)	Total: 3 (100%)
[cartographer_node-1] [INFO] [1778822248.846349998] [cartographer logger]: I0515 14:17:28.000000 59704 pose_graph_2d.cc:538] Remaining work items in queue: 2
[cartographer_node-1] [INFO] [1778822248.846453393] [cartographer logger]: I0515 14:17:28.000000 59704 constraint_builder_2d.cc:294] 0 computations resulted in 0 additional constraints.
[cartographer_node-1] [INFO] [1778822248.846757657] [cartographer logger]: I0515 14:17:28.000000 59704 constraint_builder_2d.cc:296] Score histogram:
[cartographer_node-1] Count: 3  Min: 0.639914  Max: 0.722055  Mean: 0.692849
[cartographer_node-1] [0.639914, 0.648128)	             #######	Count: 1 (33.3333%)	Total: 1 (33.3333%)
[cartographer_node-1] [0.648128, 0.656342)	                    	Count: 0 (0%)	Total: 1 (33.3333%)
[cartographer_node-1] [0.656342, 0.664556)	                    	Count: 0 (0%)	Total: 1 (33.3333%)
[cartographer_node-1] [0.664556, 0.672771)	                    	Count: 0 (0%)	Total: 1 (33.3333%)
[cartographer_node-1] [0.672771, 0.680985)	                    	Count: 0 (0%)	Total: 1 (33.3333%)
[cartographer_node-1] [0.680985, 0.689199)	                    	Count: 0 (0%)	Total: 1 (33.3333%)
[cartographer_node-1] [0.689199, 0.697413)	                    	Count: 0 (0%)	Total: 1 (33.3333%)
[cartographer_node-1] [0.697413, 0.705627)	                    	Count: 0 (0%)	Total: 1 (33.3333%)
[cartographer_node-1] [0.705627, 0.713841)	                    	Count: 0 (0%)	Total: 1 (33.3333%)
[cartographer_node-1] [0.713841, 0.722055]	       #############	Count: 2 (66.6667%)	Total: 3 (100%)
[cartographer_node-1] [INFO] [1778822248.874918412] [cartographer logger]: I0515 14:17:28.000000 59704 pose_graph_2d.cc:538] Remaining work items in queue: 0
[cartographer_node-1] [INFO] [1778822248.926391476] [cartographer logger]: I0515 14:17:28.000000 59707 constraint_builder_2d.cc:294] 1 computations resulted in 0 additional constraints.
[cartographer_node-1] [INFO] [1778822248.926440608] [cartographer logger]: I0515 14:17:28.000000 59707 constraint_builder_2d.cc:296] Score histogram:
[cartographer_node-1] Count: 3  Min: 0.639914  Max: 0.722055  Mean: 0.692849
[cartographer_node-1] [0.639914, 0.648128)	             #######	Count: 1 (33.3333%)	Total: 1 (33.3333%)
[cartographer_node-1] [0.648128, 0.656342)	                    	Count: 0 (0%)	Total: 1 (33.3333%)
[cartographer_node-1] [0.656342, 0.664556)	                    	Count: 0 (0%)	Total: 1 (33.3333%)
[cartographer_node-1] [0.664556, 0.672771)	                    	Count: 0 (0%)	Total: 1 (33.3333%)
[cartographer_node-1] [0.672771, 0.680985)	                    	Count: 0 (0%)	Total: 1 (33.3333%)
[cartographer_node-1] [0.680985, 0.689199)	                    	Count: 0 (0%)	Total: 1 (33.3333%)
[cartographer_node-1] [0.689199, 0.697413)	                    	Count: 0 (0%)	Total: 1 (33.3333%)
[cartographer_node-1] [0.697413, 0.705627)	                    	Count: 0 (0%)	Total: 1 (33.3333%)
[cartographer_node-1] [0.705627, 0.713841)	                    	Count: 0 (0%)	Total: 1 (33.3333%)
[cartographer_node-1] [0.713841, 0.722055]	       #############	Count: 2 (66.6667%)	Total: 3 (100%)
[cartographer_node-1] [INFO] [1778822248.942752068] [cartographer logger]: I0515 14:17:28.000000 59707 pose_graph_2d.cc:538] Remaining work items in queue: 2
[cartographer_node-1] [INFO] [1778822248.942826086] [cartographer logger]: I0515 14:17:28.000000 59707 constraint_builder_2d.cc:294] 0 computations resulted in 0 additional constraints.
[cartographer_node-1] [INFO] [1778822248.943067595] [cartographer logger]: I0515 14:17:28.000000 59707 constraint_builder_2d.cc:296] Score histogram:
[cartographer_node-1] Count: 3  Min: 0.639914  Max: 0.722055  Mean: 0.692849
[cartographer_node-1] [0.639914, 0.648128)	             #######	Count: 1 (33.3333%)	Total: 1 (33.3333%)
[cartographer_node-1] [0.648128, 0.656342)	                    	Count: 0 (0%)	Total: 1 (33.3333%)
[cartographer_node-1] [0.656342, 0.664556)	                    	Count: 0 (0%)	Total: 1 (33.3333%)
[cartographer_node-1] [0.664556, 0.672771)	                    	Count: 0 (0%)	Total: 1 (33.3333%)
[cartographer_node-1] [0.672771, 0.680985)	                    	Count: 0 (0%)	Total: 1 (33.3333%)
[cartographer_node-1] [0.680985, 0.689199)	                    	Count: 0 (0%)	Total: 1 (33.3333%)
[cartographer_node-1] [0.689199, 0.697413)	                    	Count: 0 (0%)	Total: 1 (33.3333%)
[cartographer_node-1] [0.697413, 0.705627)	                    	Count: 0 (0%)	Total: 1 (33.3333%)
[cartographer_node-1] [0.705627, 0.713841)	                    	Count: 0 (0%)	Total: 1 (33.3333%)
[cartographer_node-1] [0.713841, 0.722055]	       #############	Count: 2 (66.6667%)	Total: 3 (100%)
[cartographer_node-1] [INFO] [1778822248.973804074] [cartographer logger]: I0515 14:17:28.000000 59707 pose_graph_2d.cc:538] Remaining work items in queue: 0
[cartographer_node-1] [INFO] [1778822248.973857540] [cartographer logger]: I0515 14:17:28.000000 59707 constraint_builder_2d.cc:294] 0 computations resulted in 0 additional constraints.
[cartographer_node-1] [INFO] [1778822248.974165434] [cartographer logger]: I0515 14:17:28.000000 59707 constraint_builder_2d.cc:296] Score histogram:
[cartographer_node-1] Count: 3  Min: 0.639914  Max: 0.722055  Mean: 0.692849
[cartographer_node-1] [0.639914, 0.648128)	             #######	Count: 1 (33.3333%)	Total: 1 (33.3333%)
[cartographer_node-1] [0.648128, 0.656342)	                    	Count: 0 (0%)	Total: 1 (33.3333%)
[cartographer_node-1] [0.656342, 0.664556)	                    	Count: 0 (0%)	Total: 1 (33.3333%)
[cartographer_node-1] [0.664556, 0.672771)	                    	Count: 0 (0%)	Total: 1 (33.3333%)
[cartographer_node-1] [0.672771, 0.680985)	                    	Count: 0 (0%)	Total: 1 (33.3333%)
[cartographer_node-1] [0.680985, 0.689199)	                    	Count: 0 (0%)	Total: 1 (33.3333%)
[cartographer_node-1] [0.689199, 0.697413)	                    	Count: 0 (0%)	Total: 1 (33.3333%)
[cartographer_node-1] [0.697413, 0.705627)	                    	Count: 0 (0%)	Total: 1 (33.3333%)
[cartographer_node-1] [0.705627, 0.713841)	                    	Count: 0 (0%)	Total: 1 (33.3333%)
[cartographer_node-1] [0.713841, 0.722055]	       #############	Count: 2 (66.6667%)	Total: 3 (100%)
[cartographer_node-1] [INFO] [1778822249.024516451] [cartographer logger]: I0515 14:17:29.000000 59707 pose_graph_2d.cc:538] Remaining work items in queue: 0
[cartographer_node-1] [INFO] [1778822249.024568215] [cartographer logger]: I0515 14:17:29.000000 59707 constraint_builder_2d.cc:294] 0 computations resulted in 0 additional constraints.
[cartographer_node-1] [INFO] [1778822249.024897070] [cartographer logger]: I0515 14:17:29.000000 59707 constraint_builder_2d.cc:296] Score histogram:
[cartographer_node-1] Count: 3  Min: 0.639914  Max: 0.722055  Mean: 0.692849
[cartographer_node-1] [0.639914, 0.648128)	             #######	Count: 1 (33.3333%)	Total: 1 (33.3333%)
[cartographer_node-1] [0.648128, 0.656342)	                    	Count: 0 (0%)	Total: 1 (33.3333%)
[cartographer_node-1] [0.656342, 0.664556)	                    	Count: 0 (0%)	Total: 1 (33.3333%)
[cartographer_node-1] [0.664556, 0.672771)	                    	Count: 0 (0%)	Total: 1 (33.3333%)
[cartographer_node-1] [0.672771, 0.680985)	                    	Count: 0 (0%)	Total: 1 (33.3333%)
[cartographer_node-1] [0.680985, 0.689199)	                    	Count: 0 (0%)	Total: 1 (33.3333%)
[cartographer_node-1] [0.689199, 0.697413)	                    	Count: 0 (0%)	Total: 1 (33.3333%)
[cartographer_node-1] [0.697413, 0.705627)	                    	Count: 0 (0%)	Total: 1 (33.3333%)
[cartographer_node-1] [0.705627, 0.713841)	                    	Count: 0 (0%)	Total: 1 (33.3333%)
[cartographer_node-1] [0.713841, 0.722055]	       #############	Count: 2 (66.6667%)	Total: 3 (100%)
[cartographer_node-1] [INFO] [1778822249.077884477] [cartographer logger]: I0515 14:17:29.000000 59707 pose_graph_2d.cc:538] Remaining work items in queue: 0
[cartographer_node-1] [INFO] [1778822249.077941209] [cartographer logger]: I0515 14:17:29.000000 59707 constraint_builder_2d.cc:294] 0 computations resulted in 0 additional constraints.
[cartographer_node-1] [INFO] [1778822249.078245351] [cartographer logger]: I0515 14:17:29.000000 59707 constraint_builder_2d.cc:296] Score histogram:
[cartographer_node-1] Count: 3  Min: 0.639914  Max: 0.722055  Mean: 0.692849
[cartographer_node-1] [0.639914, 0.648128)	             #######	Count: 1 (33.3333%)	Total: 1 (33.3333%)
[cartographer_node-1] [0.648128, 0.656342)	                    	Count: 0 (0%)	Total: 1 (33.3333%)
[cartographer_node-1] [0.656342, 0.664556)	                    	Count: 0 (0%)	Total: 1 (33.3333%)
[cartographer_node-1] [0.664556, 0.672771)	                    	Count: 0 (0%)	Total: 1 (33.3333%)
[cartographer_node-1] [0.672771, 0.680985)	                    	Count: 0 (0%)	Total: 1 (33.3333%)
[cartographer_node-1] [0.680985, 0.689199)	                    	Count: 0 (0%)	Total: 1 (33.3333%)
[cartographer_node-1] [0.689199, 0.697413)	                    	Count: 0 (0%)	Total: 1 (33.3333%)
[cartographer_node-1] [0.697413, 0.705627)	                    	Count: 0 (0%)	Total: 1 (33.3333%)
[cartographer_node-1] [0.705627, 0.713841)	                    	Count: 0 (0%)	Total: 1 (33.3333%)
[cartographer_node-1] [0.713841, 0.722055]	       #############	Count: 2 (66.6667%)	Total: 3 (100%)
[cartographer_node-1] [INFO] [1778822249.129090103] [cartographer logger]: I0515 14:17:29.000000 59706 pose_graph_2d.cc:538] Remaining work items in queue: 0
[cartographer_node-1] [INFO] [1778822249.129124383] [cartographer logger]: I0515 14:17:29.000000 59706 constraint_builder_2d.cc:294] 0 computations resulted in 0 additional constraints.
[cartographer_node-1] [INFO] [1778822249.129192020] [cartographer logger]: I0515 14:17:29.000000 59706 constraint_builder_2d.cc:296] Score histogram:
[cartographer_node-1] Count: 3  Min: 0.639914  Max: 0.722055  Mean: 0.692849
[cartographer_node-1] [0.639914, 0.648128)	             #######	Count: 1 (33.3333%)	Total: 1 (33.3333%)
[cartographer_node-1] [0.648128, 0.656342)	                    	Count: 0 (0%)	Total: 1 (33.3333%)
[cartographer_node-1] [0.656342, 0.664556)	                    	Count: 0 (0%)	Total: 1 (33.3333%)
[cartographer_node-1] [0.664556, 0.672771)	                    	Count: 0 (0%)	Total: 1 (33.3333%)
[cartographer_node-1] [0.672771, 0.680985)	                    	Count: 0 (0%)	Total: 1 (33.3333%)
[cartographer_node-1] [0.680985, 0.689199)	                    	Count: 0 (0%)	Total: 1 (33.3333%)
[cartographer_node-1] [0.689199, 0.697413)	                    	Count: 0 (0%)	Total: 1 (33.3333%)
[cartographer_node-1] [0.697413, 0.705627)	                    	Count: 0 (0%)	Total: 1 (33.3333%)
[cartographer_node-1] [0.705627, 0.713841)	                    	Count: 0 (0%)	Total: 1 (33.3333%)
[cartographer_node-1] [0.713841, 0.722055]	       #############	Count: 2 (66.6667%)	Total: 3 (100%)
[cartographer_node-1] [INFO] [1778822249.170520900] [cartographer logger]: I0515 14:17:29.000000 59705 pose_graph_2d.cc:538] Remaining work items in queue: 0
[cartographer_node-1] [INFO] [1778822249.170603760] [cartographer logger]: I0515 14:17:29.000000 59705 constraint_builder_2d.cc:294] 0 computations resulted in 0 additional constraints.
[cartographer_node-1] [INFO] [1778822249.170942836] [cartographer logger]: I0515 14:17:29.000000 59705 constraint_builder_2d.cc:296] Score histogram:
[cartographer_node-1] Count: 3  Min: 0.639914  Max: 0.722055  Mean: 0.692849
[cartographer_node-1] [0.639914, 0.648128)	             #######	Count: 1 (33.3333%)	Total: 1 (33.3333%)
[cartographer_node-1] [0.648128, 0.656342)	                    	Count: 0 (0%)	Total: 1 (33.3333%)
[cartographer_node-1] [0.656342, 0.664556)	                    	Count: 0 (0%)	Total: 1 (33.3333%)
[cartographer_node-1] [0.664556, 0.672771)	                    	Count: 0 (0%)	Total: 1 (33.3333%)
[cartographer_node-1] [0.672771, 0.680985)	                    	Count: 0 (0%)	Total: 1 (33.3333%)
[cartographer_node-1] [0.680985, 0.689199)	                    	Count: 0 (0%)	Total: 1 (33.3333%)
[cartographer_node-1] [0.689199, 0.697413)	                    	Count: 0 (0%)	Total: 1 (33.3333%)
[cartographer_node-1] [0.697413, 0.705627)	                    	Count: 0 (0%)	Total: 1 (33.3333%)
[cartographer_node-1] [0.705627, 0.713841)	                    	Count: 0 (0%)	Total: 1 (33.3333%)
[cartographer_node-1] [0.713841, 0.722055]	       #############	Count: 2 (66.6667%)	Total: 3 (100%)
[cartographer_node-1] [INFO] [1778822249.229802433] [cartographer logger]: I0515 14:17:29.000000 59705 pose_graph_2d.cc:538] Remaining work items in queue: 0
[cartographer_node-1] [INFO] [1778822249.288582145] [cartographer logger]: I0515 14:17:29.000000 59704 constraint_builder_2d.cc:279] Node (1, 157) with 204 points on submap (0, 2) matches with score 65.9%.
[cartographer_node-1] [INFO] [1778822249.288623636] [cartographer logger]: I0515 14:17:29.000000 59704 constraint_builder_2d.cc:294] 1 computations resulted in 1 additional constraints.
[cartographer_node-1] [INFO] [1778822249.288686768] [cartographer logger]: I0515 14:17:29.000000 59704 constraint_builder_2d.cc:296] Score histogram:
[cartographer_node-1] Count: 4  Min: 0.639914  Max: 0.722055  Mean: 0.684348
[cartographer_node-1] [0.639914, 0.648128)	               #####	Count: 1 (25%)	Total: 1 (25%)
[cartographer_node-1] [0.648128, 0.656342)	                    	Count: 0 (0%)	Total: 1 (25%)
[cartographer_node-1] [0.656342, 0.664556)	               #####	Count: 1 (25%)	Total: 2 (50%)
[cartographer_node-1] [0.664556, 0.672771)	                    	Count: 0 (0%)	Total: 2 (50%)
[cartographer_node-1] [0.672771, 0.680985)	                    	Count: 0 (0%)	Total: 2 (50%)
[cartographer_node-1] [0.680985, 0.689199)	                    	Count: 0 (0%)	Total: 2 (50%)
[cartographer_node-1] [0.689199, 0.697413)	                    	Count: 0 (0%)	Total: 2 (50%)
[cartographer_node-1] [0.697413, 0.705627)	                    	Count: 0 (0%)	Total: 2 (50%)
[cartographer_node-1] [0.705627, 0.713841)	                    	Count: 0 (0%)	Total: 2 (50%)
[cartographer_node-1] [0.713841, 0.722055]	          ##########	Count: 2 (50%)	Total: 4 (100%)
[cartographer_node-1] [INFO] [1778822249.310938840] [cartographer logger]: I0515 14:17:29.000000 59704 pose_graph_2d.cc:538] Remaining work items in queue: 3
[cartographer_node-1] [INFO] [1778822249.310979009] [cartographer logger]: I0515 14:17:29.000000 59704 constraint_builder_2d.cc:294] 0 computations resulted in 0 additional constraints.
[cartographer_node-1] [INFO] [1778822249.311326841] [cartographer logger]: I0515 14:17:29.000000 59704 constraint_builder_2d.cc:296] Score histogram:
[cartographer_node-1] Count: 4  Min: 0.639914  Max: 0.722055  Mean: 0.684348
[cartographer_node-1] [0.639914, 0.648128)	               #####	Count: 1 (25%)	Total: 1 (25%)
[cartographer_node-1] [0.648128, 0.656342)	                    	Count: 0 (0%)	Total: 1 (25%)
[cartographer_node-1] [0.656342, 0.664556)	               #####	Count: 1 (25%)	Total: 2 (50%)
[cartographer_node-1] [0.664556, 0.672771)	                    	Count: 0 (0%)	Total: 2 (50%)
[cartographer_node-1] [0.672771, 0.680985)	                    	Count: 0 (0%)	Total: 2 (50%)
[cartographer_node-1] [0.680985, 0.689199)	                    	Count: 0 (0%)	Total: 2 (50%)
[cartographer_node-1] [0.689199, 0.697413)	                    	Count: 0 (0%)	Total: 2 (50%)
[cartographer_node-1] [0.697413, 0.705627)	                    	Count: 0 (0%)	Total: 2 (50%)
[cartographer_node-1] [0.705627, 0.713841)	                    	Count: 0 (0%)	Total: 2 (50%)
[cartographer_node-1] [0.713841, 0.722055]	          ##########	Count: 2 (50%)	Total: 4 (100%)
[cartographer_node-1] [INFO] [1778822249.375208065] [cartographer logger]: I0515 14:17:29.000000 59704 pose_graph_2d.cc:538] Remaining work items in queue: 0
[cartographer_node-1] [INFO] [1778822249.375247872] [cartographer logger]: I0515 14:17:29.000000 59704 constraint_builder_2d.cc:294] 0 computations resulted in 0 additional constraints.
[cartographer_node-1] [INFO] [1778822249.375578649] [cartographer logger]: I0515 14:17:29.000000 59704 constraint_builder_2d.cc:296] Score histogram:
[cartographer_node-1] Count: 4  Min: 0.639914  Max: 0.722055  Mean: 0.684348
[cartographer_node-1] [0.639914, 0.648128)	               #####	Count: 1 (25%)	Total: 1 (25%)
[cartographer_node-1] [0.648128, 0.656342)	                    	Count: 0 (0%)	Total: 1 (25%)
[cartographer_node-1] [0.656342, 0.664556)	               #####	Count: 1 (25%)	Total: 2 (50%)
[cartographer_node-1] [0.664556, 0.672771)	                    	Count: 0 (0%)	Total: 2 (50%)
[cartographer_node-1] [0.672771, 0.680985)	                    	Count: 0 (0%)	Total: 2 (50%)
[cartographer_node-1] [0.680985, 0.689199)	                    	Count: 0 (0%)	Total: 2 (50%)
[cartographer_node-1] [0.689199, 0.697413)	                    	Count: 0 (0%)	Total: 2 (50%)
[cartographer_node-1] [0.697413, 0.705627)	                    	Count: 0 (0%)	Total: 2 (50%)
[cartographer_node-1] [0.705627, 0.713841)	                    	Count: 0 (0%)	Total: 2 (50%)
[cartographer_node-1] [0.713841, 0.722055]	          ##########	Count: 2 (50%)	Total: 4 (100%)
[cartographer_node-1] [INFO] [1778822249.474934136] [cartographer logger]: I0515 14:17:29.000000 59704 pose_graph_2d.cc:538] Remaining work items in queue: 0
[cartographer_node-1] [INFO] [1778822249.474988411] [cartographer logger]: I0515 14:17:29.000000 59704 constraint_builder_2d.cc:294] 0 computations resulted in 0 additional constraints.
[cartographer_node-1] [INFO] [1778822249.475356256] [cartographer logger]: I0515 14:17:29.000000 59704 constraint_builder_2d.cc:296] Score histogram:
[cartographer_node-1] Count: 4  Min: 0.639914  Max: 0.722055  Mean: 0.684348
[cartographer_node-1] [0.639914, 0.648128)	               #####	Count: 1 (25%)	Total: 1 (25%)
[cartographer_node-1] [0.648128, 0.656342)	                    	Count: 0 (0%)	Total: 1 (25%)
[cartographer_node-1] [0.656342, 0.664556)	               #####	Count: 1 (25%)	Total: 2 (50%)
[cartographer_node-1] [0.664556, 0.672771)	                    	Count: 0 (0%)	Total: 2 (50%)
[cartographer_node-1] [0.672771, 0.680985)	                    	Count: 0 (0%)	Total: 2 (50%)
[cartographer_node-1] [0.680985, 0.689199)	                    	Count: 0 (0%)	Total: 2 (50%)
[cartographer_node-1] [0.689199, 0.697413)	                    	Count: 0 (0%)	Total: 2 (50%)
[cartographer_node-1] [0.697413, 0.705627)	                    	Count: 0 (0%)	Total: 2 (50%)
[cartographer_node-1] [0.705627, 0.713841)	                    	Count: 0 (0%)	Total: 2 (50%)
[cartographer_node-1] [0.713841, 0.722055]	          ##########	Count: 2 (50%)	Total: 4 (100%)
[cartographer_node-1] [INFO] [1778822249.602878584] [cartographer logger]: I0515 14:17:29.000000 59704 pose_graph_2d.cc:538] Remaining work items in queue: 0
[cartographer_node-1] [INFO] [1778822249.602919532] [cartographer logger]: I0515 14:17:29.000000 59704 constraint_builder_2d.cc:294] 0 computations resulted in 0 additional constraints.
[cartographer_node-1] [INFO] [1778822249.603262056] [cartographer logger]: I0515 14:17:29.000000 59704 constraint_builder_2d.cc:296] Score histogram:
[cartographer_node-1] Count: 4  Min: 0.639914  Max: 0.722055  Mean: 0.684348
[cartographer_node-1] [0.639914, 0.648128)	               #####	Count: 1 (25%)	Total: 1 (25%)
[cartographer_node-1] [0.648128, 0.656342)	                    	Count: 0 (0%)	Total: 1 (25%)
[cartographer_node-1] [0.656342, 0.664556)	               #####	Count: 1 (25%)	Total: 2 (50%)
[cartographer_node-1] [0.664556, 0.672771)	                    	Count: 0 (0%)	Total: 2 (50%)
[cartographer_node-1] [0.672771, 0.680985)	                    	Count: 0 (0%)	Total: 2 (50%)
[cartographer_node-1] [0.680985, 0.689199)	                    	Count: 0 (0%)	Total: 2 (50%)
[cartographer_node-1] [0.689199, 0.697413)	                    	Count: 0 (0%)	Total: 2 (50%)
[cartographer_node-1] [0.697413, 0.705627)	                    	Count: 0 (0%)	Total: 2 (50%)
[cartographer_node-1] [0.705627, 0.713841)	                    	Count: 0 (0%)	Total: 2 (50%)
[cartographer_node-1] [0.713841, 0.722055]	          ##########	Count: 2 (50%)	Total: 4 (100%)
[cartographer_node-1] [INFO] [1778822249.645600571] [cartographer logger]: I0515 14:17:29.000000 59705 pose_graph_2d.cc:538] Remaining work items in queue: 0
[cartographer_node-1] [INFO] [1778822249.645647488] [cartographer logger]: I0515 14:17:29.000000 59705 constraint_builder_2d.cc:294] 0 computations resulted in 0 additional constraints.
[cartographer_node-1] [INFO] [1778822249.645908281] [cartographer logger]: I0515 14:17:29.000000 59705 constraint_builder_2d.cc:296] Score histogram:
[cartographer_node-1] Count: 4  Min: 0.639914  Max: 0.722055  Mean: 0.684348
[cartographer_node-1] [0.639914, 0.648128)	               #####	Count: 1 (25%)	Total: 1 (25%)
[cartographer_node-1] [0.648128, 0.656342)	                    	Count: 0 (0%)	Total: 1 (25%)
[cartographer_node-1] [0.656342, 0.664556)	               #####	Count: 1 (25%)	Total: 2 (50%)
[cartographer_node-1] [0.664556, 0.672771)	                    	Count: 0 (0%)	Total: 2 (50%)
[cartographer_node-1] [0.672771, 0.680985)	                    	Count: 0 (0%)	Total: 2 (50%)
[cartographer_node-1] [0.680985, 0.689199)	                    	Count: 0 (0%)	Total: 2 (50%)
[cartographer_node-1] [0.689199, 0.697413)	                    	Count: 0 (0%)	Total: 2 (50%)
[cartographer_node-1] [0.697413, 0.705627)	                    	Count: 0 (0%)	Total: 2 (50%)
[cartographer_node-1] [0.705627, 0.713841)	                    	Count: 0 (0%)	Total: 2 (50%)
[cartographer_node-1] [0.713841, 0.722055]	          ##########	Count: 2 (50%)	Total: 4 (100%)
[cartographer_node-1] [INFO] [1778822249.678039394] [cartographer logger]: I0515 14:17:29.000000 59706 pose_graph_2d.cc:538] Remaining work items in queue: 1
[cartographer_node-1] [INFO] [1778822249.678075210] [cartographer logger]: I0515 14:17:29.000000 59706 constraint_builder_2d.cc:294] 0 computations resulted in 0 additional constraints.
[cartographer_node-1] [INFO] [1778822249.678324308] [cartographer logger]: I0515 14:17:29.000000 59706 constraint_builder_2d.cc:296] Score histogram:
[cartographer_node-1] Count: 4  Min: 0.639914  Max: 0.722055  Mean: 0.684348
[cartographer_node-1] [0.639914, 0.648128)	               #####	Count: 1 (25%)	Total: 1 (25%)
[cartographer_node-1] [0.648128, 0.656342)	                    	Count: 0 (0%)	Total: 1 (25%)
[cartographer_node-1] [0.656342, 0.664556)	               #####	Count: 1 (25%)	Total: 2 (50%)
[cartographer_node-1] [0.664556, 0.672771)	                    	Count: 0 (0%)	Total: 2 (50%)
[cartographer_node-1] [0.672771, 0.680985)	                    	Count: 0 (0%)	Total: 2 (50%)
[cartographer_node-1] [0.680985, 0.689199)	                    	Count: 0 (0%)	Total: 2 (50%)
[cartographer_node-1] [0.689199, 0.697413)	                    	Count: 0 (0%)	Total: 2 (50%)
[cartographer_node-1] [0.697413, 0.705627)	                    	Count: 0 (0%)	Total: 2 (50%)
[cartographer_node-1] [0.705627, 0.713841)	                    	Count: 0 (0%)	Total: 2 (50%)
[cartographer_node-1] [0.713841, 0.722055]	          ##########	Count: 2 (50%)	Total: 4 (100%)
[cartographer_node-1] [INFO] [1778822249.752198556] [cartographer logger]: I0515 14:17:29.000000 59704 pose_graph_2d.cc:538] Remaining work items in queue: 0
[cartographer_node-1] [INFO] [1778822249.809633908] [cartographer logger]: I0515 14:17:29.000000 59707 constraint_builder_2d.cc:279] Node (1, 171) with 208 points on submap (0, 6) matches with score 65.3%.
[cartographer_node-1] [INFO] [1778822249.809683017] [cartographer logger]: I0515 14:17:29.000000 59707 constraint_builder_2d.cc:294] 1 computations resulted in 1 additional constraints.
[cartographer_node-1] [INFO] [1778822249.809711364] [cartographer logger]: I0515 14:17:29.000000 59707 constraint_builder_2d.cc:296] Score histogram:
[cartographer_node-1] Count: 5  Min: 0.639914  Max: 0.722055  Mean: 0.677982
[cartographer_node-1] [0.639914, 0.648128)	                ####	Count: 1 (20%)	Total: 1 (20%)
[cartographer_node-1] [0.648128, 0.656342)	                ####	Count: 1 (20%)	Total: 2 (40%)
[cartographer_node-1] [0.656342, 0.664556)	                ####	Count: 1 (20%)	Total: 3 (60%)
[cartographer_node-1] [0.664556, 0.672771)	                    	Count: 0 (0%)	Total: 3 (60%)
[cartographer_node-1] [0.672771, 0.680985)	                    	Count: 0 (0%)	Total: 3 (60%)
[cartographer_node-1] [0.680985, 0.689199)	                    	Count: 0 (0%)	Total: 3 (60%)
[cartographer_node-1] [0.689199, 0.697413)	                    	Count: 0 (0%)	Total: 3 (60%)
[cartographer_node-1] [0.697413, 0.705627)	                    	Count: 0 (0%)	Total: 3 (60%)
[cartographer_node-1] [0.705627, 0.713841)	                    	Count: 0 (0%)	Total: 3 (60%)
[cartographer_node-1] [0.713841, 0.722055]	            ########	Count: 2 (40%)	Total: 5 (100%)
[cartographer_node-1] [INFO] [1778822249.853383662] [cartographer logger]: I0515 14:17:29.000000 59707 pose_graph_2d.cc:538] Remaining work items in queue: 12
[cartographer_node-1] [INFO] [1778822249.853419042] [cartographer logger]: I0515 14:17:29.000000 59707 constraint_builder_2d.cc:294] 0 computations resulted in 0 additional constraints.
[cartographer_node-1] [INFO] [1778822249.853465095] [cartographer logger]: I0515 14:17:29.000000 59707 constraint_builder_2d.cc:296] Score histogram:
[cartographer_node-1] Count: 5  Min: 0.639914  Max: 0.722055  Mean: 0.677982
[cartographer_node-1] [0.639914, 0.648128)	                ####	Count: 1 (20%)	Total: 1 (20%)
[cartographer_node-1] [0.648128, 0.656342)	                ####	Count: 1 (20%)	Total: 2 (40%)
[cartographer_node-1] [0.656342, 0.664556)	                ####	Count: 1 (20%)	Total: 3 (60%)
[cartographer_node-1] [0.664556, 0.672771)	                    	Count: 0 (0%)	Total: 3 (60%)
[cartographer_node-1] [0.672771, 0.680985)	                    	Count: 0 (0%)	Total: 3 (60%)
[cartographer_node-1] [0.680985, 0.689199)	                    	Count: 0 (0%)	Total: 3 (60%)
[cartographer_node-1] [0.689199, 0.697413)	                    	Count: 0 (0%)	Total: 3 (60%)
[cartographer_node-1] [0.697413, 0.705627)	                    	Count: 0 (0%)	Total: 3 (60%)
[cartographer_node-1] [0.705627, 0.713841)	                    	Count: 0 (0%)	Total: 3 (60%)
[cartographer_node-1] [0.713841, 0.722055]	            ########	Count: 2 (40%)	Total: 5 (100%)
[cartographer_node-1] [INFO] [1778822249.870630666] [cartographer logger]: I0515 14:17:29.000000 59707 pose_graph_2d.cc:538] Remaining work items in queue: 6
[cartographer_node-1] [INFO] [1778822249.870708385] [cartographer logger]: I0515 14:17:29.000000 59707 constraint_builder_2d.cc:294] 0 computations resulted in 0 additional constraints.
[cartographer_node-1] [INFO] [1778822249.870968359] [cartographer logger]: I0515 14:17:29.000000 59707 constraint_builder_2d.cc:296] Score histogram:
[cartographer_node-1] Count: 5  Min: 0.639914  Max: 0.722055  Mean: 0.677982
[cartographer_node-1] [0.639914, 0.648128)	                ####	Count: 1 (20%)	Total: 1 (20%)
[cartographer_node-1] [0.648128, 0.656342)	                ####	Count: 1 (20%)	Total: 2 (40%)
[cartographer_node-1] [0.656342, 0.664556)	                ####	Count: 1 (20%)	Total: 3 (60%)
[cartographer_node-1] [0.664556, 0.672771)	                    	Count: 0 (0%)	Total: 3 (60%)
[cartographer_node-1] [0.672771, 0.680985)	                    	Count: 0 (0%)	Total: 3 (60%)
[cartographer_node-1] [0.680985, 0.689199)	                    	Count: 0 (0%)	Total: 3 (60%)
[cartographer_node-1] [0.689199, 0.697413)	                    	Count: 0 (0%)	Total: 3 (60%)
[cartographer_node-1] [0.697413, 0.705627)	                    	Count: 0 (0%)	Total: 3 (60%)
[cartographer_node-1] [0.705627, 0.713841)	                    	Count: 0 (0%)	Total: 3 (60%)
[cartographer_node-1] [0.713841, 0.722055]	            ########	Count: 2 (40%)	Total: 5 (100%)
[cartographer_node-1] [INFO] [1778822249.888884749] [cartographer logger]: I0515 14:17:29.000000 59707 pose_graph_2d.cc:538] Remaining work items in queue: 1
[cartographer_node-1] [INFO] [1778822249.888938625] [cartographer logger]: I0515 14:17:29.000000 59707 constraint_builder_2d.cc:294] 0 computations resulted in 0 additional constraints.
[cartographer_node-1] [INFO] [1778822249.889151358] [cartographer logger]: I0515 14:17:29.000000 59707 constraint_builder_2d.cc:296] Score histogram:
[cartographer_node-1] Count: 5  Min: 0.639914  Max: 0.722055  Mean: 0.677982
[cartographer_node-1] [0.639914, 0.648128)	                ####	Count: 1 (20%)	Total: 1 (20%)
[cartographer_node-1] [0.648128, 0.656342)	                ####	Count: 1 (20%)	Total: 2 (40%)
[cartographer_node-1] [0.656342, 0.664556)	                ####	Count: 1 (20%)	Total: 3 (60%)
[cartographer_node-1] [0.664556, 0.672771)	                    	Count: 0 (0%)	Total: 3 (60%)
[cartographer_node-1] [0.672771, 0.680985)	                    	Count: 0 (0%)	Total: 3 (60%)
[cartographer_node-1] [0.680985, 0.689199)	                    	Count: 0 (0%)	Total: 3 (60%)
[cartographer_node-1] [0.689199, 0.697413)	                    	Count: 0 (0%)	Total: 3 (60%)
[cartographer_node-1] [0.697413, 0.705627)	                    	Count: 0 (0%)	Total: 3 (60%)
[cartographer_node-1] [0.705627, 0.713841)	                    	Count: 0 (0%)	Total: 3 (60%)
[cartographer_node-1] [0.713841, 0.722055]	            ########	Count: 2 (40%)	Total: 5 (100%)
[cartographer_node-1] [INFO] [1778822249.925142624] [cartographer logger]: I0515 14:17:29.000000 59706 pose_graph_2d.cc:538] Remaining work items in queue: 0
[cartographer_node-1] [INFO] [1778822249.960660652] [cartographer logger]: I0515 14:17:29.000000 59678 pose_graph_2d.cc:148] Inserted submap (1, 2).
[cartographer_node-1] [WARN] [1778822249.971866985] [cartographer logger]: W0515 14:17:29.000000 59678 range_data_collator.cc:82] Dropped 62 earlier points.
[cartographer_node-1] [INFO] [1778822250.007291849] [cartographer logger]: I0515 14:17:30.000000 59705 constraint_builder_2d.cc:279] Node (0, 200) with 218 points on submap (1, 0) matches with score 71.1%.
[cartographer_node-1] [INFO] [1778822250.008200574] [cartographer logger]: I0515 14:17:30.000000 59707 constraint_builder_2d.cc:279] Node (0, 800) with 201 points on submap (1, 0) matches with score 79.5%.
[cartographer_node-1] [INFO] [1778822250.023119648] [cartographer logger]: I0515 14:17:30.000000 59704 constraint_builder_2d.cc:279] Node (0, 400) with 204 points on submap (1, 0) matches with score 76.8%.
[cartographer_node-1] [INFO] [1778822250.075317946] [cartographer logger]: I0515 14:17:30.000000 59705 constraint_builder_2d.cc:279] Node (0, 1000) with 203 points on submap (1, 0) matches with score 72.7%.
[cartographer_node-1] [INFO] [1778822250.114224358] [cartographer logger]: I0515 14:17:30.000000 59704 constraint_builder_2d.cc:294] 7 computations resulted in 4 additional constraints.
[cartographer_node-1] [INFO] [1778822250.114399646] [cartographer logger]: I0515 14:17:30.000000 59704 constraint_builder_2d.cc:296] Score histogram:
[cartographer_node-1] Count: 9  Min: 0.639914  Max: 0.794894  Mean: 0.710053
[cartographer_node-1] [0.639914, 0.655412)	                ####	Count: 2 (22.2222%)	Total: 2 (22.2222%)
[cartographer_node-1] [0.655412, 0.670910)	                  ##	Count: 1 (11.1111%)	Total: 3 (33.3333%)
[cartographer_node-1] [0.670910, 0.686408)	                    	Count: 0 (0%)	Total: 3 (33.3333%)
[cartographer_node-1] [0.686408, 0.701906)	                    	Count: 0 (0%)	Total: 3 (33.3333%)
[cartographer_node-1] [0.701906, 0.717404)	                ####	Count: 2 (22.2222%)	Total: 5 (55.5556%)
[cartographer_node-1] [0.717404, 0.732902)	                ####	Count: 2 (22.2222%)	Total: 7 (77.7778%)
[cartographer_node-1] [0.732902, 0.748400)	                    	Count: 0 (0%)	Total: 7 (77.7778%)
[cartographer_node-1] [0.748400, 0.763898)	                    	Count: 0 (0%)	Total: 7 (77.7778%)
[cartographer_node-1] [0.763898, 0.779396)	                  ##	Count: 1 (11.1111%)	Total: 8 (88.8889%)
[cartographer_node-1] [0.779396, 0.794894]	                  ##	Count: 1 (11.1111%)	Total: 9 (100%)
[cartographer_node-1] [INFO] [1778822250.150381238] [cartographer logger]: I0515 14:17:30.000000 59704 pose_graph_2d.cc:538] Remaining work items in queue: 25
[cartographer_node-1] [INFO] [1778822250.153109597] [cartographer logger]: I0515 14:17:30.000000 59705 constraint_builder_2d.cc:279] Node (1, 180) with 206 points on submap (1, 0) differs by translation 0.00 rotation 0.000 with score 81.2%.
[cartographer_node-1] [INFO] [1778822250.153148546] [cartographer logger]: I0515 14:17:30.000000 59705 constraint_builder_2d.cc:294] 1 computations resulted in 1 additional constraints.
[cartographer_node-1] [INFO] [1778822250.153255530] [cartographer logger]: I0515 14:17:30.000000 59705 constraint_builder_2d.cc:296] Score histogram:
[cartographer_node-1] Count: 10  Min: 0.639914  Max: 0.81234  Mean: 0.720281
[cartographer_node-1] [0.639914, 0.657157)	                ####	Count: 2 (20%)	Total: 2 (20%)
[cartographer_node-1] [0.657157, 0.674399)	                  ##	Count: 1 (10%)	Total: 3 (30%)
[cartographer_node-1] [0.674399, 0.691642)	                    	Count: 0 (0%)	Total: 3 (30%)
[cartographer_node-1] [0.691642, 0.708884)	                    	Count: 0 (0%)	Total: 3 (30%)
[cartographer_node-1] [0.708884, 0.726127)	              ######	Count: 3 (30%)	Total: 6 (60%)
[cartographer_node-1] [0.726127, 0.743369)	                  ##	Count: 1 (10%)	Total: 7 (70%)
[cartographer_node-1] [0.743369, 0.760612)	                    	Count: 0 (0%)	Total: 7 (70%)
[cartographer_node-1] [0.760612, 0.777855)	                  ##	Count: 1 (10%)	Total: 8 (80%)
[cartographer_node-1] [0.777855, 0.795097)	                  ##	Count: 1 (10%)	Total: 9 (90%)
[cartographer_node-1] [0.795097, 0.812340]	                  ##	Count: 1 (10%)	Total: 10 (100%)
[cartographer_node-1] [INFO] [1778822250.176161633] [cartographer logger]: I0515 14:17:30.000000 59705 pose_graph_2d.cc:538] Remaining work items in queue: 20
[cartographer_node-1] [INFO] [1778822250.176219456] [cartographer logger]: I0515 14:17:30.000000 59705 constraint_builder_2d.cc:294] 0 computations resulted in 0 additional constraints.
[cartographer_node-1] [INFO] [1778822250.176471916] [cartographer logger]: I0515 14:17:30.000000 59705 constraint_builder_2d.cc:296] Score histogram:
[cartographer_node-1] Count: 10  Min: 0.639914  Max: 0.81234  Mean: 0.720281
[cartographer_node-1] [0.639914, 0.657157)	                ####	Count: 2 (20%)	Total: 2 (20%)
[cartographer_node-1] [0.657157, 0.674399)	                  ##	Count: 1 (10%)	Total: 3 (30%)
[cartographer_node-1] [0.674399, 0.691642)	                    	Count: 0 (0%)	Total: 3 (30%)
[cartographer_node-1] [0.691642, 0.708884)	                    	Count: 0 (0%)	Total: 3 (30%)
[cartographer_node-1] [0.708884, 0.726127)	              ######	Count: 3 (30%)	Total: 6 (60%)
[cartographer_node-1] [0.726127, 0.743369)	                  ##	Count: 1 (10%)	Total: 7 (70%)
[cartographer_node-1] [0.743369, 0.760612)	                    	Count: 0 (0%)	Total: 7 (70%)
[cartographer_node-1] [0.760612, 0.777855)	                  ##	Count: 1 (10%)	Total: 8 (80%)
[cartographer_node-1] [0.777855, 0.795097)	                  ##	Count: 1 (10%)	Total: 9 (90%)
[cartographer_node-1] [0.795097, 0.812340]	                  ##	Count: 1 (10%)	Total: 10 (100%)
[cartographer_node-1] [INFO] [1778822250.195288736] [cartographer logger]: I0515 14:17:30.000000 59705 pose_graph_2d.cc:538] Remaining work items in queue: 16
[cartographer_node-1] [INFO] [1778822250.241478657] [cartographer logger]: I0515 14:17:30.000000 59704 constraint_builder_2d.cc:294] 1 computations resulted in 0 additional constraints.
[cartographer_node-1] [INFO] [1778822250.241546458] [cartographer logger]: I0515 14:17:30.000000 59704 constraint_builder_2d.cc:296] Score histogram:
[cartographer_node-1] Count: 10  Min: 0.639914  Max: 0.81234  Mean: 0.720281
[cartographer_node-1] [0.639914, 0.657157)	                ####	Count: 2 (20%)	Total: 2 (20%)
[cartographer_node-1] [0.657157, 0.674399)	                  ##	Count: 1 (10%)	Total: 3 (30%)
[cartographer_node-1] [0.674399, 0.691642)	                    	Count: 0 (0%)	Total: 3 (30%)
[cartographer_node-1] [0.691642, 0.708884)	                    	Count: 0 (0%)	Total: 3 (30%)
[cartographer_node-1] [0.708884, 0.726127)	              ######	Count: 3 (30%)	Total: 6 (60%)
[cartographer_node-1] [0.726127, 0.743369)	                  ##	Count: 1 (10%)	Total: 7 (70%)
[cartographer_node-1] [0.743369, 0.760612)	                    	Count: 0 (0%)	Total: 7 (70%)
[cartographer_node-1] [0.760612, 0.777855)	                  ##	Count: 1 (10%)	Total: 8 (80%)
[cartographer_node-1] [0.777855, 0.795097)	                  ##	Count: 1 (10%)	Total: 9 (90%)
[cartographer_node-1] [0.795097, 0.812340]	                  ##	Count: 1 (10%)	Total: 10 (100%)
[cartographer_node-1] [INFO] [1778822250.261418280] [cartographer logger]: I0515 14:17:30.000000 59704 pose_graph_2d.cc:538] Remaining work items in queue: 20
[cartographer_node-1] [INFO] [1778822250.261454327] [cartographer logger]: I0515 14:17:30.000000 59704 constraint_builder_2d.cc:294] 0 computations resulted in 0 additional constraints.
[cartographer_node-1] [INFO] [1778822250.261502308] [cartographer logger]: I0515 14:17:30.000000 59704 constraint_builder_2d.cc:296] Score histogram:
[cartographer_node-1] Count: 10  Min: 0.639914  Max: 0.81234  Mean: 0.720281
[cartographer_node-1] [0.639914, 0.657157)	                ####	Count: 2 (20%)	Total: 2 (20%)
[cartographer_node-1] [0.657157, 0.674399)	                  ##	Count: 1 (10%)	Total: 3 (30%)
[cartographer_node-1] [0.674399, 0.691642)	                    	Count: 0 (0%)	Total: 3 (30%)
[cartographer_node-1] [0.691642, 0.708884)	                    	Count: 0 (0%)	Total: 3 (30%)
[cartographer_node-1] [0.708884, 0.726127)	              ######	Count: 3 (30%)	Total: 6 (60%)
[cartographer_node-1] [0.726127, 0.743369)	                  ##	Count: 1 (10%)	Total: 7 (70%)
[cartographer_node-1] [0.743369, 0.760612)	                    	Count: 0 (0%)	Total: 7 (70%)
[cartographer_node-1] [0.760612, 0.777855)	                  ##	Count: 1 (10%)	Total: 8 (80%)
[cartographer_node-1] [0.777855, 0.795097)	                  ##	Count: 1 (10%)	Total: 9 (90%)
[cartographer_node-1] [0.795097, 0.812340]	                  ##	Count: 1 (10%)	Total: 10 (100%)
[cartographer_node-1] [INFO] [1778822250.283692055] [cartographer logger]: I0515 14:17:30.000000 59704 pose_graph_2d.cc:538] Remaining work items in queue: 14
[cartographer_node-1] [INFO] [1778822250.283728424] [cartographer logger]: I0515 14:17:30.000000 59704 constraint_builder_2d.cc:294] 0 computations resulted in 0 additional constraints.
[cartographer_node-1] [INFO] [1778822250.284012338] [cartographer logger]: I0515 14:17:30.000000 59704 constraint_builder_2d.cc:296] Score histogram:
[cartographer_node-1] Count: 10  Min: 0.639914  Max: 0.81234  Mean: 0.720281
[cartographer_node-1] [0.639914, 0.657157)	                ####	Count: 2 (20%)	Total: 2 (20%)
[cartographer_node-1] [0.657157, 0.674399)	                  ##	Count: 1 (10%)	Total: 3 (30%)
[cartographer_node-1] [0.674399, 0.691642)	                    	Count: 0 (0%)	Total: 3 (30%)
[cartographer_node-1] [0.691642, 0.708884)	                    	Count: 0 (0%)	Total: 3 (30%)
[cartographer_node-1] [0.708884, 0.726127)	              ######	Count: 3 (30%)	Total: 6 (60%)
[cartographer_node-1] [0.726127, 0.743369)	                  ##	Count: 1 (10%)	Total: 7 (70%)
[cartographer_node-1] [0.743369, 0.760612)	                    	Count: 0 (0%)	Total: 7 (70%)
[cartographer_node-1] [0.760612, 0.777855)	                  ##	Count: 1 (10%)	Total: 8 (80%)
[cartographer_node-1] [0.777855, 0.795097)	                  ##	Count: 1 (10%)	Total: 9 (90%)
[cartographer_node-1] [0.795097, 0.812340]	                  ##	Count: 1 (10%)	Total: 10 (100%)
[cartographer_node-1] [INFO] [1778822250.303182481] [cartographer logger]: I0515 14:17:30.000000 59704 pose_graph_2d.cc:538] Remaining work items in queue: 8
[cartographer_node-1] [INFO] [1778822250.303218870] [cartographer logger]: I0515 14:17:30.000000 59704 constraint_builder_2d.cc:294] 0 computations resulted in 0 additional constraints.
[cartographer_node-1] [INFO] [1778822250.303292141] [cartographer logger]: I0515 14:17:30.000000 59704 constraint_builder_2d.cc:296] Score histogram:
[cartographer_node-1] Count: 10  Min: 0.639914  Max: 0.81234  Mean: 0.720281
[cartographer_node-1] [0.639914, 0.657157)	                ####	Count: 2 (20%)	Total: 2 (20%)
[cartographer_node-1] [0.657157, 0.674399)	                  ##	Count: 1 (10%)	Total: 3 (30%)
[cartographer_node-1] [0.674399, 0.691642)	                    	Count: 0 (0%)	Total: 3 (30%)
[cartographer_node-1] [0.691642, 0.708884)	                    	Count: 0 (0%)	Total: 3 (30%)
[cartographer_node-1] [0.708884, 0.726127)	              ######	Count: 3 (30%)	Total: 6 (60%)
[cartographer_node-1] [0.726127, 0.743369)	                  ##	Count: 1 (10%)	Total: 7 (70%)
[cartographer_node-1] [0.743369, 0.760612)	                    	Count: 0 (0%)	Total: 7 (70%)
[cartographer_node-1] [0.760612, 0.777855)	                  ##	Count: 1 (10%)	Total: 8 (80%)
[cartographer_node-1] [0.777855, 0.795097)	                  ##	Count: 1 (10%)	Total: 9 (90%)
[cartographer_node-1] [0.795097, 0.812340]	                  ##	Count: 1 (10%)	Total: 10 (100%)
[cartographer_node-1] [INFO] [1778822250.323114359] [cartographer logger]: I0515 14:17:30.000000 59704 pose_graph_2d.cc:538] Remaining work items in queue: 3
[cartographer_node-1] [INFO] [1778822250.323145480] [cartographer logger]: I0515 14:17:30.000000 59704 constraint_builder_2d.cc:294] 0 computations resulted in 0 additional constraints.
[cartographer_node-1] [INFO] [1778822250.323210485] [cartographer logger]: I0515 14:17:30.000000 59704 constraint_builder_2d.cc:296] Score histogram:
[cartographer_node-1] Count: 10  Min: 0.639914  Max: 0.81234  Mean: 0.720281
[cartographer_node-1] [0.639914, 0.657157)	                ####	Count: 2 (20%)	Total: 2 (20%)
[cartographer_node-1] [0.657157, 0.674399)	                  ##	Count: 1 (10%)	Total: 3 (30%)
[cartographer_node-1] [0.674399, 0.691642)	                    	Count: 0 (0%)	Total: 3 (30%)
[cartographer_node-1] [0.691642, 0.708884)	                    	Count: 0 (0%)	Total: 3 (30%)
[cartographer_node-1] [0.708884, 0.726127)	              ######	Count: 3 (30%)	Total: 6 (60%)
[cartographer_node-1] [0.726127, 0.743369)	                  ##	Count: 1 (10%)	Total: 7 (70%)
[cartographer_node-1] [0.743369, 0.760612)	                    	Count: 0 (0%)	Total: 7 (70%)
[cartographer_node-1] [0.760612, 0.777855)	                  ##	Count: 1 (10%)	Total: 8 (80%)
[cartographer_node-1] [0.777855, 0.795097)	                  ##	Count: 1 (10%)	Total: 9 (90%)
[cartographer_node-1] [0.795097, 0.812340]	                  ##	Count: 1 (10%)	Total: 10 (100%)
[cartographer_node-1] [INFO] [1778822250.342797678] [cartographer logger]: I0515 14:17:30.000000 59704 pose_graph_2d.cc:538] Remaining work items in queue: 2
[cartographer_node-1] [INFO] [1778822250.342874035] [cartographer logger]: I0515 14:17:30.000000 59704 constraint_builder_2d.cc:294] 0 computations resulted in 0 additional constraints.
[cartographer_node-1] [INFO] [1778822250.343142130] [cartographer logger]: I0515 14:17:30.000000 59704 constraint_builder_2d.cc:296] Score histogram:
[cartographer_node-1] Count: 10  Min: 0.639914  Max: 0.81234  Mean: 0.720281
[cartographer_node-1] [0.639914, 0.657157)	                ####	Count: 2 (20%)	Total: 2 (20%)
[cartographer_node-1] [0.657157, 0.674399)	                  ##	Count: 1 (10%)	Total: 3 (30%)
[cartographer_node-1] [0.674399, 0.691642)	                    	Count: 0 (0%)	Total: 3 (30%)
[cartographer_node-1] [0.691642, 0.708884)	                    	Count: 0 (0%)	Total: 3 (30%)
[cartographer_node-1] [0.708884, 0.726127)	              ######	Count: 3 (30%)	Total: 6 (60%)
[cartographer_node-1] [0.726127, 0.743369)	                  ##	Count: 1 (10%)	Total: 7 (70%)
[cartographer_node-1] [0.743369, 0.760612)	                    	Count: 0 (0%)	Total: 7 (70%)
[cartographer_node-1] [0.760612, 0.777855)	                  ##	Count: 1 (10%)	Total: 8 (80%)
[cartographer_node-1] [0.777855, 0.795097)	                  ##	Count: 1 (10%)	Total: 9 (90%)
[cartographer_node-1] [0.795097, 0.812340]	                  ##	Count: 1 (10%)	Total: 10 (100%)
[cartographer_node-1] [INFO] [1778822250.375101443] [cartographer logger]: I0515 14:17:30.000000 59704 pose_graph_2d.cc:538] Remaining work items in queue: 0
[cartographer_node-1] [INFO] [1778822250.375164939] [cartographer logger]: I0515 14:17:30.000000 59704 constraint_builder_2d.cc:294] 0 computations resulted in 0 additional constraints.
[cartographer_node-1] [INFO] [1778822250.375325887] [cartographer logger]: I0515 14:17:30.000000 59704 constraint_builder_2d.cc:296] Score histogram:
[cartographer_node-1] Count: 10  Min: 0.639914  Max: 0.81234  Mean: 0.720281
[cartographer_node-1] [0.639914, 0.657157)	                ####	Count: 2 (20%)	Total: 2 (20%)
[cartographer_node-1] [0.657157, 0.674399)	                  ##	Count: 1 (10%)	Total: 3 (30%)
[cartographer_node-1] [0.674399, 0.691642)	                    	Count: 0 (0%)	Total: 3 (30%)
[cartographer_node-1] [0.691642, 0.708884)	                    	Count: 0 (0%)	Total: 3 (30%)
[cartographer_node-1] [0.708884, 0.726127)	              ######	Count: 3 (30%)	Total: 6 (60%)
[cartographer_node-1] [0.726127, 0.743369)	                  ##	Count: 1 (10%)	Total: 7 (70%)
[cartographer_node-1] [0.743369, 0.760612)	                    	Count: 0 (0%)	Total: 7 (70%)
[cartographer_node-1] [0.760612, 0.777855)	                  ##	Count: 1 (10%)	Total: 8 (80%)
[cartographer_node-1] [0.777855, 0.795097)	                  ##	Count: 1 (10%)	Total: 9 (90%)
[cartographer_node-1] [0.795097, 0.812340]	                  ##	Count: 1 (10%)	Total: 10 (100%)
[cartographer_node-1] [INFO] [1778822250.427328677] [cartographer logger]: I0515 14:17:30.000000 59704 pose_graph_2d.cc:538] Remaining work items in queue: 0
[cartographer_node-1] [INFO] [1778822250.427390979] [cartographer logger]: I0515 14:17:30.000000 59704 constraint_builder_2d.cc:294] 0 computations resulted in 0 additional constraints.
[cartographer_node-1] [INFO] [1778822250.427475930] [cartographer logger]: I0515 14:17:30.000000 59704 constraint_builder_2d.cc:296] Score histogram:
[cartographer_node-1] Count: 10  Min: 0.639914  Max: 0.81234  Mean: 0.720281
[cartographer_node-1] [0.639914, 0.657157)	                ####	Count: 2 (20%)	Total: 2 (20%)
[cartographer_node-1] [0.657157, 0.674399)	                  ##	Count: 1 (10%)	Total: 3 (30%)
[cartographer_node-1] [0.674399, 0.691642)	                    	Count: 0 (0%)	Total: 3 (30%)
[cartographer_node-1] [0.691642, 0.708884)	                    	Count: 0 (0%)	Total: 3 (30%)
[cartographer_node-1] [0.708884, 0.726127)	              ######	Count: 3 (30%)	Total: 6 (60%)
[cartographer_node-1] [0.726127, 0.743369)	                  ##	Count: 1 (10%)	Total: 7 (70%)
[cartographer_node-1] [0.743369, 0.760612)	                    	Count: 0 (0%)	Total: 7 (70%)
[cartographer_node-1] [0.760612, 0.777855)	                  ##	Count: 1 (10%)	Total: 8 (80%)
[cartographer_node-1] [0.777855, 0.795097)	                  ##	Count: 1 (10%)	Total: 9 (90%)
[cartographer_node-1] [0.795097, 0.812340]	                  ##	Count: 1 (10%)	Total: 10 (100%)
[cartographer_node-1] [INFO] [1778822250.480776815] [cartographer logger]: I0515 14:17:30.000000 59704 pose_graph_2d.cc:538] Remaining work items in queue: 0
[cartographer_node-1] [INFO] [1778822250.502010800] [cartographer logger]: I0515 14:17:30.000000 59706 constraint_builder_2d.cc:279] Node (1, 200) with 201 points on submap (0, 0) matches with score 68.5%.
[cartographer_node-1] [INFO] [1778822250.502052362] [cartographer logger]: I0515 14:17:30.000000 59706 constraint_builder_2d.cc:294] 1 computations resulted in 1 additional constraints.
[cartographer_node-1] [INFO] [1778822250.502087222] [cartographer logger]: I0515 14:17:30.000000 59706 constraint_builder_2d.cc:296] Score histogram:
[cartographer_node-1] Count: 11  Min: 0.639914  Max: 0.81234  Mean: 0.717033
[cartographer_node-1] [0.639914, 0.657157)	                ####	Count: 2 (18.1818%)	Total: 2 (18.1818%)
[cartographer_node-1] [0.657157, 0.674399)	                  ##	Count: 1 (9.09091%)	Total: 3 (27.2727%)
[cartographer_node-1] [0.674399, 0.691642)	                  ##	Count: 1 (9.09091%)	Total: 4 (36.3636%)
[cartographer_node-1] [0.691642, 0.708884)	                    	Count: 0 (0%)	Total: 4 (36.3636%)
[cartographer_node-1] [0.708884, 0.726127)	               #####	Count: 3 (27.2727%)	Total: 7 (63.6364%)
[cartographer_node-1] [0.726127, 0.743369)	                  ##	Count: 1 (9.09091%)	Total: 8 (72.7273%)
[cartographer_node-1] [0.743369, 0.760612)	                    	Count: 0 (0%)	Total: 8 (72.7273%)
[cartographer_node-1] [0.760612, 0.777855)	                  ##	Count: 1 (9.09091%)	Total: 9 (81.8182%)
[cartographer_node-1] [0.777855, 0.795097)	                  ##	Count: 1 (9.09091%)	Total: 10 (90.9091%)
[cartographer_node-1] [0.795097, 0.812340]	                  ##	Count: 1 (9.09091%)	Total: 11 (100%)
[cartographer_node-1] [INFO] [1778822250.532306030] [cartographer logger]: I0515 14:17:30.000000 59706 pose_graph_2d.cc:538] Remaining work items in queue: 0
[cartographer_node-1] [INFO] [1778822250.532348230] [cartographer logger]: I0515 14:17:30.000000 59706 constraint_builder_2d.cc:294] 0 computations resulted in 0 additional constraints.
[cartographer_node-1] [INFO] [1778822250.532684278] [cartographer logger]: I0515 14:17:30.000000 59706 constraint_builder_2d.cc:296] Score histogram:
[cartographer_node-1] Count: 11  Min: 0.639914  Max: 0.81234  Mean: 0.717033
[cartographer_node-1] [0.639914, 0.657157)	                ####	Count: 2 (18.1818%)	Total: 2 (18.1818%)
[cartographer_node-1] [0.657157, 0.674399)	                  ##	Count: 1 (9.09091%)	Total: 3 (27.2727%)
[cartographer_node-1] [0.674399, 0.691642)	                  ##	Count: 1 (9.09091%)	Total: 4 (36.3636%)
[cartographer_node-1] [0.691642, 0.708884)	                    	Count: 0 (0%)	Total: 4 (36.3636%)
[cartographer_node-1] [0.708884, 0.726127)	               #####	Count: 3 (27.2727%)	Total: 7 (63.6364%)
[cartographer_node-1] [0.726127, 0.743369)	                  ##	Count: 1 (9.09091%)	Total: 8 (72.7273%)
[cartographer_node-1] [0.743369, 0.760612)	                    	Count: 0 (0%)	Total: 8 (72.7273%)
[cartographer_node-1] [0.760612, 0.777855)	                  ##	Count: 1 (9.09091%)	Total: 9 (81.8182%)
[cartographer_node-1] [0.777855, 0.795097)	                  ##	Count: 1 (9.09091%)	Total: 10 (90.9091%)
[cartographer_node-1] [0.795097, 0.812340]	                  ##	Count: 1 (9.09091%)	Total: 11 (100%)
[cartographer_node-1] [INFO] [1778822250.573371305] [cartographer logger]: I0515 14:17:30.000000 59705 pose_graph_2d.cc:538] Remaining work items in queue: 0
[cartographer_node-1] [INFO] [1778822250.573419672] [cartographer logger]: I0515 14:17:30.000000 59705 constraint_builder_2d.cc:294] 0 computations resulted in 0 additional constraints.
[cartographer_node-1] [INFO] [1778822250.573771338] [cartographer logger]: I0515 14:17:30.000000 59705 constraint_builder_2d.cc:296] Score histogram:
[cartographer_node-1] Count: 11  Min: 0.639914  Max: 0.81234  Mean: 0.717033
[cartographer_node-1] [0.639914, 0.657157)	                ####	Count: 2 (18.1818%)	Total: 2 (18.1818%)
[cartographer_node-1] [0.657157, 0.674399)	                  ##	Count: 1 (9.09091%)	Total: 3 (27.2727%)
[cartographer_node-1] [0.674399, 0.691642)	                  ##	Count: 1 (9.09091%)	Total: 4 (36.3636%)
[cartographer_node-1] [0.691642, 0.708884)	                    	Count: 0 (0%)	Total: 4 (36.3636%)
[cartographer_node-1] [0.708884, 0.726127)	               #####	Count: 3 (27.2727%)	Total: 7 (63.6364%)
[cartographer_node-1] [0.726127, 0.743369)	                  ##	Count: 1 (9.09091%)	Total: 8 (72.7273%)
[cartographer_node-1] [0.743369, 0.760612)	                    	Count: 0 (0%)	Total: 8 (72.7273%)
[cartographer_node-1] [0.760612, 0.777855)	                  ##	Count: 1 (9.09091%)	Total: 9 (81.8182%)
[cartographer_node-1] [0.777855, 0.795097)	                  ##	Count: 1 (9.09091%)	Total: 10 (90.9091%)
[cartographer_node-1] [0.795097, 0.812340]	                  ##	Count: 1 (9.09091%)	Total: 11 (100%)
[cartographer_node-1] [INFO] [1778822250.632179288] [cartographer logger]: I0515 14:17:30.000000 59706 pose_graph_2d.cc:538] Remaining work items in queue: 0
[cartographer_node-1] [INFO] [1778822250.632218376] [cartographer logger]: I0515 14:17:30.000000 59706 constraint_builder_2d.cc:294] 0 computations resulted in 0 additional constraints.
[cartographer_node-1] [INFO] [1778822250.632296277] [cartographer logger]: I0515 14:17:30.000000 59706 constraint_builder_2d.cc:296] Score histogram:
[cartographer_node-1] Count: 11  Min: 0.639914  Max: 0.81234  Mean: 0.717033
[cartographer_node-1] [0.639914, 0.657157)	                ####	Count: 2 (18.1818%)	Total: 2 (18.1818%)
[cartographer_node-1] [0.657157, 0.674399)	                  ##	Count: 1 (9.09091%)	Total: 3 (27.2727%)
[cartographer_node-1] [0.674399, 0.691642)	                  ##	Count: 1 (9.09091%)	Total: 4 (36.3636%)
[cartographer_node-1] [0.691642, 0.708884)	                    	Count: 0 (0%)	Total: 4 (36.3636%)
[cartographer_node-1] [0.708884, 0.726127)	               #####	Count: 3 (27.2727%)	Total: 7 (63.6364%)
[cartographer_node-1] [0.726127, 0.743369)	                  ##	Count: 1 (9.09091%)	Total: 8 (72.7273%)
[cartographer_node-1] [0.743369, 0.760612)	                    	Count: 0 (0%)	Total: 8 (72.7273%)
[cartographer_node-1] [0.760612, 0.777855)	                  ##	Count: 1 (9.09091%)	Total: 9 (81.8182%)
[cartographer_node-1] [0.777855, 0.795097)	                  ##	Count: 1 (9.09091%)	Total: 10 (90.9091%)
[cartographer_node-1] [0.795097, 0.812340]	                  ##	Count: 1 (9.09091%)	Total: 11 (100%)
[cartographer_node-1] [INFO] [1778822250.680091641] [cartographer logger]: I0515 14:17:30.000000 59705 pose_graph_2d.cc:538] Remaining work items in queue: 0
[cartographer_node-1] [INFO] [1778822250.680152036] [cartographer logger]: I0515 14:17:30.000000 59705 constraint_builder_2d.cc:294] 0 computations resulted in 0 additional constraints.
[cartographer_node-1] [INFO] [1778822250.680232546] [cartographer logger]: I0515 14:17:30.000000 59705 constraint_builder_2d.cc:296] Score histogram:
[cartographer_node-1] Count: 11  Min: 0.639914  Max: 0.81234  Mean: 0.717033
[cartographer_node-1] [0.639914, 0.657157)	                ####	Count: 2 (18.1818%)	Total: 2 (18.1818%)
[cartographer_node-1] [0.657157, 0.674399)	                  ##	Count: 1 (9.09091%)	Total: 3 (27.2727%)
[cartographer_node-1] [0.674399, 0.691642)	                  ##	Count: 1 (9.09091%)	Total: 4 (36.3636%)
[cartographer_node-1] [0.691642, 0.708884)	                    	Count: 0 (0%)	Total: 4 (36.3636%)
[cartographer_node-1] [0.708884, 0.726127)	               #####	Count: 3 (27.2727%)	Total: 7 (63.6364%)
[cartographer_node-1] [0.726127, 0.743369)	                  ##	Count: 1 (9.09091%)	Total: 8 (72.7273%)
[cartographer_node-1] [0.743369, 0.760612)	                    	Count: 0 (0%)	Total: 8 (72.7273%)
[cartographer_node-1] [0.760612, 0.777855)	                  ##	Count: 1 (9.09091%)	Total: 9 (81.8182%)
[cartographer_node-1] [0.777855, 0.795097)	                  ##	Count: 1 (9.09091%)	Total: 10 (90.9091%)
[cartographer_node-1] [0.795097, 0.812340]	                  ##	Count: 1 (9.09091%)	Total: 11 (100%)
[cartographer_node-1] [INFO] [1778822250.752139926] [cartographer logger]: I0515 14:17:30.000000 59706 pose_graph_2d.cc:538] Remaining work items in queue: 0
[cartographer_node-1] [INFO] [1778822250.752189305] [cartographer logger]: I0515 14:17:30.000000 59706 constraint_builder_2d.cc:294] 0 computations resulted in 0 additional constraints.
[cartographer_node-1] [INFO] [1778822250.752328827] [cartographer logger]: I0515 14:17:30.000000 59706 constraint_builder_2d.cc:296] Score histogram:
[cartographer_node-1] Count: 11  Min: 0.639914  Max: 0.81234  Mean: 0.717033
[cartographer_node-1] [0.639914, 0.657157)	                ####	Count: 2 (18.1818%)	Total: 2 (18.1818%)
[cartographer_node-1] [0.657157, 0.674399)	                  ##	Count: 1 (9.09091%)	Total: 3 (27.2727%)
[cartographer_node-1] [0.674399, 0.691642)	                  ##	Count: 1 (9.09091%)	Total: 4 (36.3636%)
[cartographer_node-1] [0.691642, 0.708884)	                    	Count: 0 (0%)	Total: 4 (36.3636%)
[cartographer_node-1] [0.708884, 0.726127)	               #####	Count: 3 (27.2727%)	Total: 7 (63.6364%)
[cartographer_node-1] [0.726127, 0.743369)	                  ##	Count: 1 (9.09091%)	Total: 8 (72.7273%)
[cartographer_node-1] [0.743369, 0.760612)	                    	Count: 0 (0%)	Total: 8 (72.7273%)
[cartographer_node-1] [0.760612, 0.777855)	                  ##	Count: 1 (9.09091%)	Total: 9 (81.8182%)
[cartographer_node-1] [0.777855, 0.795097)	                  ##	Count: 1 (9.09091%)	Total: 10 (90.9091%)
[cartographer_node-1] [0.795097, 0.812340]	                  ##	Count: 1 (9.09091%)	Total: 11 (100%)
[cartographer_node-1] [INFO] [1778822250.811315247] [cartographer logger]: I0515 14:17:30.000000 59706 pose_graph_2d.cc:538] Remaining work items in queue: 0
[cartographer_node-1] [INFO] [1778822250.811358550] [cartographer logger]: I0515 14:17:30.000000 59706 constraint_builder_2d.cc:294] 0 computations resulted in 0 additional constraints.
[cartographer_node-1] [INFO] [1778822250.811772625] [cartographer logger]: I0515 14:17:30.000000 59706 constraint_builder_2d.cc:296] Score histogram:
[cartographer_node-1] Count: 11  Min: 0.639914  Max: 0.81234  Mean: 0.717033
[cartographer_node-1] [0.639914, 0.657157)	                ####	Count: 2 (18.1818%)	Total: 2 (18.1818%)
[cartographer_node-1] [0.657157, 0.674399)	                  ##	Count: 1 (9.09091%)	Total: 3 (27.2727%)
[cartographer_node-1] [0.674399, 0.691642)	                  ##	Count: 1 (9.09091%)	Total: 4 (36.3636%)
[cartographer_node-1] [0.691642, 0.708884)	                    	Count: 0 (0%)	Total: 4 (36.3636%)
[cartographer_node-1] [0.708884, 0.726127)	               #####	Count: 3 (27.2727%)	Total: 7 (63.6364%)
[cartographer_node-1] [0.726127, 0.743369)	                  ##	Count: 1 (9.09091%)	Total: 8 (72.7273%)
[cartographer_node-1] [0.743369, 0.760612)	                    	Count: 0 (0%)	Total: 8 (72.7273%)
[cartographer_node-1] [0.760612, 0.777855)	                  ##	Count: 1 (9.09091%)	Total: 9 (81.8182%)
[cartographer_node-1] [0.777855, 0.795097)	                  ##	Count: 1 (9.09091%)	Total: 10 (90.9091%)
[cartographer_node-1] [0.795097, 0.812340]	                  ##	Count: 1 (9.09091%)	Total: 11 (100%)
[cartographer_node-1] [INFO] [1778822250.871826994] [cartographer logger]: I0515 14:17:30.000000 59706 pose_graph_2d.cc:538] Remaining work items in queue: 0
[cartographer_node-1] [INFO] [1778822250.972861760] [cartographer logger]: I0515 14:17:30.000000 59707 constraint_builder_2d.cc:294] 1 computations resulted in 0 additional constraints.
[cartographer_node-1] [INFO] [1778822250.972928447] [cartographer logger]: I0515 14:17:30.000000 59707 constraint_builder_2d.cc:296] Score histogram:
[cartographer_node-1] Count: 11  Min: 0.639914  Max: 0.81234  Mean: 0.717033
[cartographer_node-1] [0.639914, 0.657157)	                ####	Count: 2 (18.1818%)	Total: 2 (18.1818%)
[cartographer_node-1] [0.657157, 0.674399)	                  ##	Count: 1 (9.09091%)	Total: 3 (27.2727%)
[cartographer_node-1] [0.674399, 0.691642)	                  ##	Count: 1 (9.09091%)	Total: 4 (36.3636%)
[cartographer_node-1] [0.691642, 0.708884)	                    	Count: 0 (0%)	Total: 4 (36.3636%)
[cartographer_node-1] [0.708884, 0.726127)	               #####	Count: 3 (27.2727%)	Total: 7 (63.6364%)
[cartographer_node-1] [0.726127, 0.743369)	                  ##	Count: 1 (9.09091%)	Total: 8 (72.7273%)
[cartographer_node-1] [0.743369, 0.760612)	                    	Count: 0 (0%)	Total: 8 (72.7273%)
[cartographer_node-1] [0.760612, 0.777855)	                  ##	Count: 1 (9.09091%)	Total: 9 (81.8182%)
[cartographer_node-1] [0.777855, 0.795097)	                  ##	Count: 1 (9.09091%)	Total: 10 (90.9091%)
[cartographer_node-1] [0.795097, 0.812340]	                  ##	Count: 1 (9.09091%)	Total: 11 (100%)
[cartographer_node-1] [INFO] [1778822250.995414722] [cartographer logger]: I0515 14:17:30.000000 59707 pose_graph_2d.cc:538] Remaining work items in queue: 13
[cartographer_node-1] [INFO] [1778822250.995455295] [cartographer logger]: I0515 14:17:30.000000 59707 constraint_builder_2d.cc:294] 0 computations resulted in 0 additional constraints.
[cartographer_node-1] [INFO] [1778822250.995814092] [cartographer logger]: I0515 14:17:30.000000 59707 constraint_builder_2d.cc:296] Score histogram:
[cartographer_node-1] Count: 11  Min: 0.639914  Max: 0.81234  Mean: 0.717033
[cartographer_node-1] [0.639914, 0.657157)	                ####	Count: 2 (18.1818%)	Total: 2 (18.1818%)
[cartographer_node-1] [0.657157, 0.674399)	                  ##	Count: 1 (9.09091%)	Total: 3 (27.2727%)
[cartographer_node-1] [0.674399, 0.691642)	                  ##	Count: 1 (9.09091%)	Total: 4 (36.3636%)
[cartographer_node-1] [0.691642, 0.708884)	                    	Count: 0 (0%)	Total: 4 (36.3636%)
[cartographer_node-1] [0.708884, 0.726127)	               #####	Count: 3 (27.2727%)	Total: 7 (63.6364%)
[cartographer_node-1] [0.726127, 0.743369)	                  ##	Count: 1 (9.09091%)	Total: 8 (72.7273%)
[cartographer_node-1] [0.743369, 0.760612)	                    	Count: 0 (0%)	Total: 8 (72.7273%)
[cartographer_node-1] [0.760612, 0.777855)	                  ##	Count: 1 (9.09091%)	Total: 9 (81.8182%)
[cartographer_node-1] [0.777855, 0.795097)	                  ##	Count: 1 (9.09091%)	Total: 10 (90.9091%)
[cartographer_node-1] [0.795097, 0.812340]	                  ##	Count: 1 (9.09091%)	Total: 11 (100%)
[cartographer_node-1] [INFO] [1778822251.018066726] [cartographer logger]: I0515 14:17:31.000000 59707 pose_graph_2d.cc:538] Remaining work items in queue: 8
[cartographer_node-1] [INFO] [1778822251.018204712] [cartographer logger]: I0515 14:17:31.000000 59707 constraint_builder_2d.cc:294] 0 computations resulted in 0 additional constraints.
[cartographer_node-1] [INFO] [1778822251.018604675] [cartographer logger]: I0515 14:17:31.000000 59707 constraint_builder_2d.cc:296] Score histogram:
[cartographer_node-1] Count: 11  Min: 0.639914  Max: 0.81234  Mean: 0.717033
[cartographer_node-1] [0.639914, 0.657157)	                ####	Count: 2 (18.1818%)	Total: 2 (18.1818%)
[cartographer_node-1] [0.657157, 0.674399)	                  ##	Count: 1 (9.09091%)	Total: 3 (27.2727%)
[cartographer_node-1] [0.674399, 0.691642)	                  ##	Count: 1 (9.09091%)	Total: 4 (36.3636%)
[cartographer_node-1] [0.691642, 0.708884)	                    	Count: 0 (0%)	Total: 4 (36.3636%)
[cartographer_node-1] [0.708884, 0.726127)	               #####	Count: 3 (27.2727%)	Total: 7 (63.6364%)
[cartographer_node-1] [0.726127, 0.743369)	                  ##	Count: 1 (9.09091%)	Total: 8 (72.7273%)
[cartographer_node-1] [0.743369, 0.760612)	                    	Count: 0 (0%)	Total: 8 (72.7273%)
[cartographer_node-1] [0.760612, 0.777855)	                  ##	Count: 1 (9.09091%)	Total: 9 (81.8182%)
[cartographer_node-1] [0.777855, 0.795097)	                  ##	Count: 1 (9.09091%)	Total: 10 (90.9091%)
[cartographer_node-1] [0.795097, 0.812340]	                  ##	Count: 1 (9.09091%)	Total: 11 (100%)
[cartographer_node-1] [INFO] [1778822251.044029812] [cartographer logger]: I0515 14:17:31.000000 59707 pose_graph_2d.cc:538] Remaining work items in queue: 6
[cartographer_node-1] [INFO] [1778822251.044064493] [cartographer logger]: I0515 14:17:31.000000 59707 constraint_builder_2d.cc:294] 0 computations resulted in 0 additional constraints.
[cartographer_node-1] [INFO] [1778822251.044204889] [cartographer logger]: I0515 14:17:31.000000 59707 constraint_builder_2d.cc:296] Score histogram:
[cartographer_node-1] Count: 11  Min: 0.639914  Max: 0.81234  Mean: 0.717033
[cartographer_node-1] [0.639914, 0.657157)	                ####	Count: 2 (18.1818%)	Total: 2 (18.1818%)
[cartographer_node-1] [0.657157, 0.674399)	                  ##	Count: 1 (9.09091%)	Total: 3 (27.2727%)
[cartographer_node-1] [0.674399, 0.691642)	                  ##	Count: 1 (9.09091%)	Total: 4 (36.3636%)
[cartographer_node-1] [0.691642, 0.708884)	                    	Count: 0 (0%)	Total: 4 (36.3636%)
[cartographer_node-1] [0.708884, 0.726127)	               #####	Count: 3 (27.2727%)	Total: 7 (63.6364%)
[cartographer_node-1] [0.726127, 0.743369)	                  ##	Count: 1 (9.09091%)	Total: 8 (72.7273%)
[cartographer_node-1] [0.743369, 0.760612)	                    	Count: 0 (0%)	Total: 8 (72.7273%)
[cartographer_node-1] [0.760612, 0.777855)	                  ##	Count: 1 (9.09091%)	Total: 9 (81.8182%)
[cartographer_node-1] [0.777855, 0.795097)	                  ##	Count: 1 (9.09091%)	Total: 10 (90.9091%)
[cartographer_node-1] [0.795097, 0.812340]	                  ##	Count: 1 (9.09091%)	Total: 11 (100%)
[cartographer_node-1] [INFO] [1778822251.065303730] [cartographer logger]: I0515 14:17:31.000000 59707 pose_graph_2d.cc:538] Remaining work items in queue: 2
[cartographer_node-1] [INFO] [1778822251.065347409] [cartographer logger]: I0515 14:17:31.000000 59707 constraint_builder_2d.cc:294] 0 computations resulted in 0 additional constraints.
[cartographer_node-1] [INFO] [1778822251.065430356] [cartographer logger]: I0515 14:17:31.000000 59707 constraint_builder_2d.cc:296] Score histogram:
[cartographer_node-1] Count: 11  Min: 0.639914  Max: 0.81234  Mean: 0.717033
[cartographer_node-1] [0.639914, 0.657157)	                ####	Count: 2 (18.1818%)	Total: 2 (18.1818%)
[cartographer_node-1] [0.657157, 0.674399)	                  ##	Count: 1 (9.09091%)	Total: 3 (27.2727%)
[cartographer_node-1] [0.674399, 0.691642)	                  ##	Count: 1 (9.09091%)	Total: 4 (36.3636%)
[cartographer_node-1] [0.691642, 0.708884)	                    	Count: 0 (0%)	Total: 4 (36.3636%)
[cartographer_node-1] [0.708884, 0.726127)	               #####	Count: 3 (27.2727%)	Total: 7 (63.6364%)
[cartographer_node-1] [0.726127, 0.743369)	                  ##	Count: 1 (9.09091%)	Total: 8 (72.7273%)
[cartographer_node-1] [0.743369, 0.760612)	                    	Count: 0 (0%)	Total: 8 (72.7273%)
[cartographer_node-1] [0.760612, 0.777855)	                  ##	Count: 1 (9.09091%)	Total: 9 (81.8182%)
[cartographer_node-1] [0.777855, 0.795097)	                  ##	Count: 1 (9.09091%)	Total: 10 (90.9091%)
[cartographer_node-1] [0.795097, 0.812340]	                  ##	Count: 1 (9.09091%)	Total: 11 (100%)
[cartographer_node-1] [INFO] [1778822251.103331820] [cartographer logger]: I0515 14:17:31.000000 59707 pose_graph_2d.cc:538] Remaining work items in queue: 0
[cartographer_node-1] [INFO] [1778822251.103393810] [cartographer logger]: I0515 14:17:31.000000 59707 constraint_builder_2d.cc:294] 0 computations resulted in 0 additional constraints.
[cartographer_node-1] [INFO] [1778822251.103919451] [cartographer logger]: I0515 14:17:31.000000 59707 constraint_builder_2d.cc:296] Score histogram:
[cartographer_node-1] Count: 11  Min: 0.639914  Max: 0.81234  Mean: 0.717033
[cartographer_node-1] [0.639914, 0.657157)	                ####	Count: 2 (18.1818%)	Total: 2 (18.1818%)
[cartographer_node-1] [0.657157, 0.674399)	                  ##	Count: 1 (9.09091%)	Total: 3 (27.2727%)
[cartographer_node-1] [0.674399, 0.691642)	                  ##	Count: 1 (9.09091%)	Total: 4 (36.3636%)
[cartographer_node-1] [0.691642, 0.708884)	                    	Count: 0 (0%)	Total: 4 (36.3636%)
[cartographer_node-1] [0.708884, 0.726127)	               #####	Count: 3 (27.2727%)	Total: 7 (63.6364%)
[cartographer_node-1] [0.726127, 0.743369)	                  ##	Count: 1 (9.09091%)	Total: 8 (72.7273%)
[cartographer_node-1] [0.743369, 0.760612)	                    	Count: 0 (0%)	Total: 8 (72.7273%)
[cartographer_node-1] [0.760612, 0.777855)	                  ##	Count: 1 (9.09091%)	Total: 9 (81.8182%)
[cartographer_node-1] [0.777855, 0.795097)	                  ##	Count: 1 (9.09091%)	Total: 10 (90.9091%)
[cartographer_node-1] [0.795097, 0.812340]	                  ##	Count: 1 (9.09091%)	Total: 11 (100%)
[cartographer_node-1] [INFO] [1778822251.154057550] [cartographer logger]: I0515 14:17:31.000000 59706 pose_graph_2d.cc:538] Remaining work items in queue: 0
[cartographer_node-1] [INFO] [1778822251.155134486] [cartographer logger]: I0515 14:17:31.000000 59706 constraint_builder_2d.cc:294] 0 computations resulted in 0 additional constraints.
[cartographer_node-1] [INFO] [1778822251.155501988] [cartographer logger]: I0515 14:17:31.000000 59706 constraint_builder_2d.cc:296] Score histogram:
[cartographer_node-1] Count: 11  Min: 0.639914  Max: 0.81234  Mean: 0.717033
[cartographer_node-1] [0.639914, 0.657157)	                ####	Count: 2 (18.1818%)	Total: 2 (18.1818%)
[cartographer_node-1] [0.657157, 0.674399)	                  ##	Count: 1 (9.09091%)	Total: 3 (27.2727%)
[cartographer_node-1] [0.674399, 0.691642)	                  ##	Count: 1 (9.09091%)	Total: 4 (36.3636%)
[cartographer_node-1] [0.691642, 0.708884)	                    	Count: 0 (0%)	Total: 4 (36.3636%)
[cartographer_node-1] [0.708884, 0.726127)	               #####	Count: 3 (27.2727%)	Total: 7 (63.6364%)
[cartographer_node-1] [0.726127, 0.743369)	                  ##	Count: 1 (9.09091%)	Total: 8 (72.7273%)
[cartographer_node-1] [0.743369, 0.760612)	                    	Count: 0 (0%)	Total: 8 (72.7273%)
[cartographer_node-1] [0.760612, 0.777855)	                  ##	Count: 1 (9.09091%)	Total: 9 (81.8182%)
[cartographer_node-1] [0.777855, 0.795097)	                  ##	Count: 1 (9.09091%)	Total: 10 (90.9091%)
[cartographer_node-1] [0.795097, 0.812340]	                  ##	Count: 1 (9.09091%)	Total: 11 (100%)
[cartographer_node-1] [INFO] [1778822251.204388501] [cartographer logger]: I0515 14:17:31.000000 59706 pose_graph_2d.cc:538] Remaining work items in queue: 0
[cartographer_node-1] [INFO] [1778822251.223079923] [cartographer logger]: I0515 14:17:31.000000 59704 constraint_builder_2d.cc:279] Node (1, 228) with 211 points on submap (0, 8) matches with score 59.2%.
[cartographer_node-1] [INFO] [1778822251.223156594] [cartographer logger]: I0515 14:17:31.000000 59704 constraint_builder_2d.cc:294] 1 computations resulted in 1 additional constraints.
[cartographer_node-1] [INFO] [1778822251.223190765] [cartographer logger]: I0515 14:17:31.000000 59704 constraint_builder_2d.cc:296] Score histogram:
[cartographer_node-1] Count: 12  Min: 0.592252  Max: 0.81234  Mean: 0.706634
[cartographer_node-1] [0.592252, 0.614260)	                  ##	Count: 1 (8.33333%)	Total: 1 (8.33333%)
[cartographer_node-1] [0.614260, 0.636269)	                    	Count: 0 (0%)	Total: 1 (8.33333%)
[cartographer_node-1] [0.636269, 0.658278)	                 ###	Count: 2 (16.6667%)	Total: 3 (25%)
[cartographer_node-1] [0.658278, 0.680287)	                  ##	Count: 1 (8.33333%)	Total: 4 (33.3333%)
[cartographer_node-1] [0.680287, 0.702296)	                  ##	Count: 1 (8.33333%)	Total: 5 (41.6667%)
[cartographer_node-1] [0.702296, 0.724304)	               #####	Count: 3 (25%)	Total: 8 (66.6667%)
[cartographer_node-1] [0.724304, 0.746313)	                  ##	Count: 1 (8.33333%)	Total: 9 (75%)
[cartographer_node-1] [0.746313, 0.768322)	                  ##	Count: 1 (8.33333%)	Total: 10 (83.3333%)
[cartographer_node-1] [0.768322, 0.790331)	                    	Count: 0 (0%)	Total: 10 (83.3333%)
[cartographer_node-1] [0.790331, 0.812340]	                 ###	Count: 2 (16.6667%)	Total: 12 (100%)
[cartographer_node-1] [INFO] [1778822251.284143650] [cartographer logger]: I0515 14:17:31.000000 59707 pose_graph_2d.cc:538] Remaining work items in queue: 0
[cartographer_node-1] [INFO] [1778822251.284190125] [cartographer logger]: I0515 14:17:31.000000 59707 constraint_builder_2d.cc:294] 0 computations resulted in 0 additional constraints.
[cartographer_node-1] [INFO] [1778822251.284564269] [cartographer logger]: I0515 14:17:31.000000 59707 constraint_builder_2d.cc:296] Score histogram:
[cartographer_node-1] Count: 12  Min: 0.592252  Max: 0.81234  Mean: 0.706634
[cartographer_node-1] [0.592252, 0.614260)	                  ##	Count: 1 (8.33333%)	Total: 1 (8.33333%)
[cartographer_node-1] [0.614260, 0.636269)	                    	Count: 0 (0%)	Total: 1 (8.33333%)
[cartographer_node-1] [0.636269, 0.658278)	                 ###	Count: 2 (16.6667%)	Total: 3 (25%)
[cartographer_node-1] [0.658278, 0.680287)	                  ##	Count: 1 (8.33333%)	Total: 4 (33.3333%)
[cartographer_node-1] [0.680287, 0.702296)	                  ##	Count: 1 (8.33333%)	Total: 5 (41.6667%)
[cartographer_node-1] [0.702296, 0.724304)	               #####	Count: 3 (25%)	Total: 8 (66.6667%)
[cartographer_node-1] [0.724304, 0.746313)	                  ##	Count: 1 (8.33333%)	Total: 9 (75%)
[cartographer_node-1] [0.746313, 0.768322)	                  ##	Count: 1 (8.33333%)	Total: 10 (83.3333%)
[cartographer_node-1] [0.768322, 0.790331)	                    	Count: 0 (0%)	Total: 10 (83.3333%)
[cartographer_node-1] [0.790331, 0.812340]	                 ###	Count: 2 (16.6667%)	Total: 12 (100%)
[cartographer_node-1] [INFO] [1778822251.314257841] [cartographer logger]: I0515 14:17:31.000000 59707 pose_graph_2d.cc:538] Remaining work items in queue: 1
[cartographer_node-1] [INFO] [1778822251.314310243] [cartographer logger]: I0515 14:17:31.000000 59707 constraint_builder_2d.cc:294] 0 computations resulted in 0 additional constraints.
[cartographer_node-1] [INFO] [1778822251.314699555] [cartographer logger]: I0515 14:17:31.000000 59707 constraint_builder_2d.cc:296] Score histogram:
[cartographer_node-1] Count: 12  Min: 0.592252  Max: 0.81234  Mean: 0.706634
[cartographer_node-1] [0.592252, 0.614260)	                  ##	Count: 1 (8.33333%)	Total: 1 (8.33333%)
[cartographer_node-1] [0.614260, 0.636269)	                    	Count: 0 (0%)	Total: 1 (8.33333%)
[cartographer_node-1] [0.636269, 0.658278)	                 ###	Count: 2 (16.6667%)	Total: 3 (25%)
[cartographer_node-1] [0.658278, 0.680287)	                  ##	Count: 1 (8.33333%)	Total: 4 (33.3333%)
[cartographer_node-1] [0.680287, 0.702296)	                  ##	Count: 1 (8.33333%)	Total: 5 (41.6667%)
[cartographer_node-1] [0.702296, 0.724304)	               #####	Count: 3 (25%)	Total: 8 (66.6667%)
[cartographer_node-1] [0.724304, 0.746313)	                  ##	Count: 1 (8.33333%)	Total: 9 (75%)
[cartographer_node-1] [0.746313, 0.768322)	                  ##	Count: 1 (8.33333%)	Total: 10 (83.3333%)
[cartographer_node-1] [0.768322, 0.790331)	                    	Count: 0 (0%)	Total: 10 (83.3333%)
[cartographer_node-1] [0.790331, 0.812340]	                 ###	Count: 2 (16.6667%)	Total: 12 (100%)
[cartographer_node-1] [INFO] [1778822251.377993072] [cartographer logger]: I0515 14:17:31.000000 59707 pose_graph_2d.cc:538] Remaining work items in queue: 0
[cartographer_node-1] [INFO] [1778822251.378044858] [cartographer logger]: I0515 14:17:31.000000 59707 constraint_builder_2d.cc:294] 0 computations resulted in 0 additional constraints.
[cartographer_node-1] [INFO] [1778822251.378159566] [cartographer logger]: I0515 14:17:31.000000 59707 constraint_builder_2d.cc:296] Score histogram:
[cartographer_node-1] Count: 12  Min: 0.592252  Max: 0.81234  Mean: 0.706634
[cartographer_node-1] [0.592252, 0.614260)	                  ##	Count: 1 (8.33333%)	Total: 1 (8.33333%)
[cartographer_node-1] [0.614260, 0.636269)	                    	Count: 0 (0%)	Total: 1 (8.33333%)
[cartographer_node-1] [0.636269, 0.658278)	                 ###	Count: 2 (16.6667%)	Total: 3 (25%)
[cartographer_node-1] [0.658278, 0.680287)	                  ##	Count: 1 (8.33333%)	Total: 4 (33.3333%)
[cartographer_node-1] [0.680287, 0.702296)	                  ##	Count: 1 (8.33333%)	Total: 5 (41.6667%)
[cartographer_node-1] [0.702296, 0.724304)	               #####	Count: 3 (25%)	Total: 8 (66.6667%)
[cartographer_node-1] [0.724304, 0.746313)	                  ##	Count: 1 (8.33333%)	Total: 9 (75%)
[cartographer_node-1] [0.746313, 0.768322)	                  ##	Count: 1 (8.33333%)	Total: 10 (83.3333%)
[cartographer_node-1] [0.768322, 0.790331)	                    	Count: 0 (0%)	Total: 10 (83.3333%)
[cartographer_node-1] [0.790331, 0.812340]	                 ###	Count: 2 (16.6667%)	Total: 12 (100%)
[cartographer_node-1] [INFO] [1778822251.440408122] [cartographer logger]: I0515 14:17:31.000000 59707 pose_graph_2d.cc:538] Remaining work items in queue: 0
[cartographer_node-1] [INFO] [1778822251.440449184] [cartographer logger]: I0515 14:17:31.000000 59707 constraint_builder_2d.cc:294] 0 computations resulted in 0 additional constraints.
[cartographer_node-1] [INFO] [1778822251.440809699] [cartographer logger]: I0515 14:17:31.000000 59707 constraint_builder_2d.cc:296] Score histogram:
[cartographer_node-1] Count: 12  Min: 0.592252  Max: 0.81234  Mean: 0.706634
[cartographer_node-1] [0.592252, 0.614260)	                  ##	Count: 1 (8.33333%)	Total: 1 (8.33333%)
[cartographer_node-1] [0.614260, 0.636269)	                    	Count: 0 (0%)	Total: 1 (8.33333%)
[cartographer_node-1] [0.636269, 0.658278)	                 ###	Count: 2 (16.6667%)	Total: 3 (25%)
[cartographer_node-1] [0.658278, 0.680287)	                  ##	Count: 1 (8.33333%)	Total: 4 (33.3333%)
[cartographer_node-1] [0.680287, 0.702296)	                  ##	Count: 1 (8.33333%)	Total: 5 (41.6667%)
[cartographer_node-1] [0.702296, 0.724304)	               #####	Count: 3 (25%)	Total: 8 (66.6667%)
[cartographer_node-1] [0.724304, 0.746313)	                  ##	Count: 1 (8.33333%)	Total: 9 (75%)
[cartographer_node-1] [0.746313, 0.768322)	                  ##	Count: 1 (8.33333%)	Total: 10 (83.3333%)
[cartographer_node-1] [0.768322, 0.790331)	                    	Count: 0 (0%)	Total: 10 (83.3333%)
[cartographer_node-1] [0.790331, 0.812340]	                 ###	Count: 2 (16.6667%)	Total: 12 (100%)
[cartographer_node-1] [INFO] [1778822251.476789059] [cartographer logger]: I0515 14:17:31.000000 59704 pose_graph_2d.cc:538] Remaining work items in queue: 0
[cartographer_node-1] [INFO] [1778822251.476830800] [cartographer logger]: I0515 14:17:31.000000 59704 constraint_builder_2d.cc:294] 0 computations resulted in 0 additional constraints.
[cartographer_node-1] [INFO] [1778822251.476938555] [cartographer logger]: I0515 14:17:31.000000 59704 constraint_builder_2d.cc:296] Score histogram:
[cartographer_node-1] Count: 12  Min: 0.592252  Max: 0.81234  Mean: 0.706634
[cartographer_node-1] [0.592252, 0.614260)	                  ##	Count: 1 (8.33333%)	Total: 1 (8.33333%)
[cartographer_node-1] [0.614260, 0.636269)	                    	Count: 0 (0%)	Total: 1 (8.33333%)
[cartographer_node-1] [0.636269, 0.658278)	                 ###	Count: 2 (16.6667%)	Total: 3 (25%)
[cartographer_node-1] [0.658278, 0.680287)	                  ##	Count: 1 (8.33333%)	Total: 4 (33.3333%)
[cartographer_node-1] [0.680287, 0.702296)	                  ##	Count: 1 (8.33333%)	Total: 5 (41.6667%)
[cartographer_node-1] [0.702296, 0.724304)	               #####	Count: 3 (25%)	Total: 8 (66.6667%)
[cartographer_node-1] [0.724304, 0.746313)	                  ##	Count: 1 (8.33333%)	Total: 9 (75%)
[cartographer_node-1] [0.746313, 0.768322)	                  ##	Count: 1 (8.33333%)	Total: 10 (83.3333%)
[cartographer_node-1] [0.768322, 0.790331)	                    	Count: 0 (0%)	Total: 10 (83.3333%)
[cartographer_node-1] [0.790331, 0.812340]	                 ###	Count: 2 (16.6667%)	Total: 12 (100%)
[cartographer_node-1] [INFO] [1778822251.524849171] [cartographer logger]: I0515 14:17:31.000000 59707 pose_graph_2d.cc:538] Remaining work items in queue: 0
[cartographer_node-1] [INFO] [1778822251.524895718] [cartographer logger]: I0515 14:17:31.000000 59707 constraint_builder_2d.cc:294] 0 computations resulted in 0 additional constraints.
[cartographer_node-1] [INFO] [1778822251.525051823] [cartographer logger]: I0515 14:17:31.000000 59707 constraint_builder_2d.cc:296] Score histogram:
[cartographer_node-1] Count: 12  Min: 0.592252  Max: 0.81234  Mean: 0.706634
[cartographer_node-1] [0.592252, 0.614260)	                  ##	Count: 1 (8.33333%)	Total: 1 (8.33333%)
[cartographer_node-1] [0.614260, 0.636269)	                    	Count: 0 (0%)	Total: 1 (8.33333%)
[cartographer_node-1] [0.636269, 0.658278)	                 ###	Count: 2 (16.6667%)	Total: 3 (25%)
[cartographer_node-1] [0.658278, 0.680287)	                  ##	Count: 1 (8.33333%)	Total: 4 (33.3333%)
[cartographer_node-1] [0.680287, 0.702296)	                  ##	Count: 1 (8.33333%)	Total: 5 (41.6667%)
[cartographer_node-1] [0.702296, 0.724304)	               #####	Count: 3 (25%)	Total: 8 (66.6667%)
[cartographer_node-1] [0.724304, 0.746313)	                  ##	Count: 1 (8.33333%)	Total: 9 (75%)
[cartographer_node-1] [0.746313, 0.768322)	                  ##	Count: 1 (8.33333%)	Total: 10 (83.3333%)
[cartographer_node-1] [0.768322, 0.790331)	                    	Count: 0 (0%)	Total: 10 (83.3333%)
[cartographer_node-1] [0.790331, 0.812340]	                 ###	Count: 2 (16.6667%)	Total: 12 (100%)
[cartographer_node-1] [INFO] [1778822251.564342615] [cartographer logger]: I0515 14:17:31.000000 59706 pose_graph_2d.cc:538] Remaining work items in queue: 0
[cartographer_node-1] [INFO] [1778822251.600507106] [cartographer logger]: I0515 14:17:31.000000 59705 constraint_builder_2d.cc:294] 1 computations resulted in 0 additional constraints.
[cartographer_node-1] [INFO] [1778822251.600567030] [cartographer logger]: I0515 14:17:31.000000 59705 constraint_builder_2d.cc:296] Score histogram:
[cartographer_node-1] Count: 12  Min: 0.592252  Max: 0.81234  Mean: 0.706634
[cartographer_node-1] [0.592252, 0.614260)	                  ##	Count: 1 (8.33333%)	Total: 1 (8.33333%)
[cartographer_node-1] [0.614260, 0.636269)	                    	Count: 0 (0%)	Total: 1 (8.33333%)
[cartographer_node-1] [0.636269, 0.658278)	                 ###	Count: 2 (16.6667%)	Total: 3 (25%)
[cartographer_node-1] [0.658278, 0.680287)	                  ##	Count: 1 (8.33333%)	Total: 4 (33.3333%)
[cartographer_node-1] [0.680287, 0.702296)	                  ##	Count: 1 (8.33333%)	Total: 5 (41.6667%)
[cartographer_node-1] [0.702296, 0.724304)	               #####	Count: 3 (25%)	Total: 8 (66.6667%)
[cartographer_node-1] [0.724304, 0.746313)	                  ##	Count: 1 (8.33333%)	Total: 9 (75%)
[cartographer_node-1] [0.746313, 0.768322)	                  ##	Count: 1 (8.33333%)	Total: 10 (83.3333%)
[cartographer_node-1] [0.768322, 0.790331)	                    	Count: 0 (0%)	Total: 10 (83.3333%)
[cartographer_node-1] [0.790331, 0.812340]	                 ###	Count: 2 (16.6667%)	Total: 12 (100%)
[cartographer_node-1] [INFO] [1778822251.625711873] [cartographer logger]: I0515 14:17:31.000000 59705 pose_graph_2d.cc:538] Remaining work items in queue: 1
[cartographer_node-1] [INFO] [1778822251.625787325] [cartographer logger]: I0515 14:17:31.000000 59705 constraint_builder_2d.cc:294] 0 computations resulted in 0 additional constraints.
[cartographer_node-1] [INFO] [1778822251.626551083] [cartographer logger]: I0515 14:17:31.000000 59705 constraint_builder_2d.cc:296] Score histogram:
[cartographer_node-1] Count: 12  Min: 0.592252  Max: 0.81234  Mean: 0.706634
[cartographer_node-1] [0.592252, 0.614260)	                  ##	Count: 1 (8.33333%)	Total: 1 (8.33333%)
[cartographer_node-1] [0.614260, 0.636269)	                    	Count: 0 (0%)	Total: 1 (8.33333%)
[cartographer_node-1] [0.636269, 0.658278)	                 ###	Count: 2 (16.6667%)	Total: 3 (25%)
[cartographer_node-1] [0.658278, 0.680287)	                  ##	Count: 1 (8.33333%)	Total: 4 (33.3333%)
[cartographer_node-1] [0.680287, 0.702296)	                  ##	Count: 1 (8.33333%)	Total: 5 (41.6667%)
[cartographer_node-1] [0.702296, 0.724304)	               #####	Count: 3 (25%)	Total: 8 (66.6667%)
[cartographer_node-1] [0.724304, 0.746313)	                  ##	Count: 1 (8.33333%)	Total: 9 (75%)
[cartographer_node-1] [0.746313, 0.768322)	                  ##	Count: 1 (8.33333%)	Total: 10 (83.3333%)
[cartographer_node-1] [0.768322, 0.790331)	                    	Count: 0 (0%)	Total: 10 (83.3333%)
[cartographer_node-1] [0.790331, 0.812340]	                 ###	Count: 2 (16.6667%)	Total: 12 (100%)
[cartographer_node-1] [INFO] [1778822251.672943587] [cartographer logger]: I0515 14:17:31.000000 59704 pose_graph_2d.cc:538] Remaining work items in queue: 0
[cartographer_node-1] [INFO] [1778822251.672986825] [cartographer logger]: I0515 14:17:31.000000 59704 constraint_builder_2d.cc:294] 0 computations resulted in 0 additional constraints.
[cartographer_node-1] [INFO] [1778822251.673125544] [cartographer logger]: I0515 14:17:31.000000 59704 constraint_builder_2d.cc:296] Score histogram:
[cartographer_node-1] Count: 12  Min: 0.592252  Max: 0.81234  Mean: 0.706634
[cartographer_node-1] [0.592252, 0.614260)	                  ##	Count: 1 (8.33333%)	Total: 1 (8.33333%)
[cartographer_node-1] [0.614260, 0.636269)	                    	Count: 0 (0%)	Total: 1 (8.33333%)
[cartographer_node-1] [0.636269, 0.658278)	                 ###	Count: 2 (16.6667%)	Total: 3 (25%)
[cartographer_node-1] [0.658278, 0.680287)	                  ##	Count: 1 (8.33333%)	Total: 4 (33.3333%)
[cartographer_node-1] [0.680287, 0.702296)	                  ##	Count: 1 (8.33333%)	Total: 5 (41.6667%)
[cartographer_node-1] [0.702296, 0.724304)	               #####	Count: 3 (25%)	Total: 8 (66.6667%)
[cartographer_node-1] [0.724304, 0.746313)	                  ##	Count: 1 (8.33333%)	Total: 9 (75%)
[cartographer_node-1] [0.746313, 0.768322)	                  ##	Count: 1 (8.33333%)	Total: 10 (83.3333%)
[cartographer_node-1] [0.768322, 0.790331)	                    	Count: 0 (0%)	Total: 10 (83.3333%)
[cartographer_node-1] [0.790331, 0.812340]	                 ###	Count: 2 (16.6667%)	Total: 12 (100%)
[cartographer_node-1] [INFO] [1778822251.726033862] [cartographer logger]: I0515 14:17:31.000000 59704 pose_graph_2d.cc:538] Remaining work items in queue: 0
[cartographer_node-1] [INFO] [1778822251.726070721] [cartographer logger]: I0515 14:17:31.000000 59704 constraint_builder_2d.cc:294] 0 computations resulted in 0 additional constraints.
[cartographer_node-1] [INFO] [1778822251.726426278] [cartographer logger]: I0515 14:17:31.000000 59704 constraint_builder_2d.cc:296] Score histogram:
[cartographer_node-1] Count: 12  Min: 0.592252  Max: 0.81234  Mean: 0.706634
[cartographer_node-1] [0.592252, 0.614260)	                  ##	Count: 1 (8.33333%)	Total: 1 (8.33333%)
[cartographer_node-1] [0.614260, 0.636269)	                    	Count: 0 (0%)	Total: 1 (8.33333%)
[cartographer_node-1] [0.636269, 0.658278)	                 ###	Count: 2 (16.6667%)	Total: 3 (25%)
[cartographer_node-1] [0.658278, 0.680287)	                  ##	Count: 1 (8.33333%)	Total: 4 (33.3333%)
[cartographer_node-1] [0.680287, 0.702296)	                  ##	Count: 1 (8.33333%)	Total: 5 (41.6667%)
[cartographer_node-1] [0.702296, 0.724304)	               #####	Count: 3 (25%)	Total: 8 (66.6667%)
[cartographer_node-1] [0.724304, 0.746313)	                  ##	Count: 1 (8.33333%)	Total: 9 (75%)
[cartographer_node-1] [0.746313, 0.768322)	                  ##	Count: 1 (8.33333%)	Total: 10 (83.3333%)
[cartographer_node-1] [0.768322, 0.790331)	                    	Count: 0 (0%)	Total: 10 (83.3333%)
[cartographer_node-1] [0.790331, 0.812340]	                 ###	Count: 2 (16.6667%)	Total: 12 (100%)
[cartographer_node-1] [INFO] [1778822251.756224223] [cartographer logger]: I0515 14:17:31.000000 59705 pose_graph_2d.cc:538] Remaining work items in queue: 2
[cartographer_node-1] [INFO] [1778822251.756255667] [cartographer logger]: I0515 14:17:31.000000 59705 constraint_builder_2d.cc:294] 0 computations resulted in 0 additional constraints.
[cartographer_node-1] [INFO] [1778822251.756610780] [cartographer logger]: I0515 14:17:31.000000 59705 constraint_builder_2d.cc:296] Score histogram:
[cartographer_node-1] Count: 12  Min: 0.592252  Max: 0.81234  Mean: 0.706634
[cartographer_node-1] [0.592252, 0.614260)	                  ##	Count: 1 (8.33333%)	Total: 1 (8.33333%)
[cartographer_node-1] [0.614260, 0.636269)	                    	Count: 0 (0%)	Total: 1 (8.33333%)
[cartographer_node-1] [0.636269, 0.658278)	                 ###	Count: 2 (16.6667%)	Total: 3 (25%)
[cartographer_node-1] [0.658278, 0.680287)	                  ##	Count: 1 (8.33333%)	Total: 4 (33.3333%)
[cartographer_node-1] [0.680287, 0.702296)	                  ##	Count: 1 (8.33333%)	Total: 5 (41.6667%)
[cartographer_node-1] [0.702296, 0.724304)	               #####	Count: 3 (25%)	Total: 8 (66.6667%)
[cartographer_node-1] [0.724304, 0.746313)	                  ##	Count: 1 (8.33333%)	Total: 9 (75%)
[cartographer_node-1] [0.746313, 0.768322)	                  ##	Count: 1 (8.33333%)	Total: 10 (83.3333%)
[cartographer_node-1] [0.768322, 0.790331)	                    	Count: 0 (0%)	Total: 10 (83.3333%)
[cartographer_node-1] [0.790331, 0.812340]	                 ###	Count: 2 (16.6667%)	Total: 12 (100%)
[cartographer_node-1] [INFO] [1778822251.817094895] [cartographer logger]: I0515 14:17:31.000000 59705 pose_graph_2d.cc:538] Remaining work items in queue: 0
[cartographer_node-1] [INFO] [1778822251.817130847] [cartographer logger]: I0515 14:17:31.000000 59705 constraint_builder_2d.cc:294] 0 computations resulted in 0 additional constraints.
[cartographer_node-1] [INFO] [1778822251.817265058] [cartographer logger]: I0515 14:17:31.000000 59705 constraint_builder_2d.cc:296] Score histogram:
[cartographer_node-1] Count: 12  Min: 0.592252  Max: 0.81234  Mean: 0.706634
[cartographer_node-1] [0.592252, 0.614260)	                  ##	Count: 1 (8.33333%)	Total: 1 (8.33333%)
[cartographer_node-1] [0.614260, 0.636269)	                    	Count: 0 (0%)	Total: 1 (8.33333%)
[cartographer_node-1] [0.636269, 0.658278)	                 ###	Count: 2 (16.6667%)	Total: 3 (25%)
[cartographer_node-1] [0.658278, 0.680287)	                  ##	Count: 1 (8.33333%)	Total: 4 (33.3333%)
[cartographer_node-1] [0.680287, 0.702296)	                  ##	Count: 1 (8.33333%)	Total: 5 (41.6667%)
[cartographer_node-1] [0.702296, 0.724304)	               #####	Count: 3 (25%)	Total: 8 (66.6667%)
[cartographer_node-1] [0.724304, 0.746313)	                  ##	Count: 1 (8.33333%)	Total: 9 (75%)
[cartographer_node-1] [0.746313, 0.768322)	                  ##	Count: 1 (8.33333%)	Total: 10 (83.3333%)
[cartographer_node-1] [0.768322, 0.790331)	                    	Count: 0 (0%)	Total: 10 (83.3333%)
[cartographer_node-1] [0.790331, 0.812340]	                 ###	Count: 2 (16.6667%)	Total: 12 (100%)
[cartographer_node-1] [INFO] [1778822251.879868244] [cartographer logger]: I0515 14:17:31.000000 59707 pose_graph_2d.cc:538] Remaining work items in queue: 0
[cartographer_node-1] [INFO] [1778822251.879925864] [cartographer logger]: I0515 14:17:31.000000 59707 constraint_builder_2d.cc:294] 0 computations resulted in 0 additional constraints.
[cartographer_node-1] [INFO] [1778822251.880349904] [cartographer logger]: I0515 14:17:31.000000 59707 constraint_builder_2d.cc:296] Score histogram:
[cartographer_node-1] Count: 12  Min: 0.592252  Max: 0.81234  Mean: 0.706634
[cartographer_node-1] [0.592252, 0.614260)	                  ##	Count: 1 (8.33333%)	Total: 1 (8.33333%)
[cartographer_node-1] [0.614260, 0.636269)	                    	Count: 0 (0%)	Total: 1 (8.33333%)
[cartographer_node-1] [0.636269, 0.658278)	                 ###	Count: 2 (16.6667%)	Total: 3 (25%)
[cartographer_node-1] [0.658278, 0.680287)	                  ##	Count: 1 (8.33333%)	Total: 4 (33.3333%)
[cartographer_node-1] [0.680287, 0.702296)	                  ##	Count: 1 (8.33333%)	Total: 5 (41.6667%)
[cartographer_node-1] [0.702296, 0.724304)	               #####	Count: 3 (25%)	Total: 8 (66.6667%)
[cartographer_node-1] [0.724304, 0.746313)	                  ##	Count: 1 (8.33333%)	Total: 9 (75%)
[cartographer_node-1] [0.746313, 0.768322)	                  ##	Count: 1 (8.33333%)	Total: 10 (83.3333%)
[cartographer_node-1] [0.768322, 0.790331)	                    	Count: 0 (0%)	Total: 10 (83.3333%)
[cartographer_node-1] [0.790331, 0.812340]	                 ###	Count: 2 (16.6667%)	Total: 12 (100%)
[cartographer_node-1] [INFO] [1778822251.908643141] [cartographer logger]: I0515 14:17:31.000000 59704 pose_graph_2d.cc:538] Remaining work items in queue: 1
[cartographer_node-1] [INFO] [1778822251.983196431] [cartographer logger]: I0515 14:17:31.000000 59705 constraint_builder_2d.cc:294] 1 computations resulted in 0 additional constraints.
[cartographer_node-1] [INFO] [1778822251.983243269] [cartographer logger]: I0515 14:17:31.000000 59705 constraint_builder_2d.cc:296] Score histogram:
[cartographer_node-1] Count: 12  Min: 0.592252  Max: 0.81234  Mean: 0.706634
[cartographer_node-1] [0.592252, 0.614260)	                  ##	Count: 1 (8.33333%)	Total: 1 (8.33333%)
[cartographer_node-1] [0.614260, 0.636269)	                    	Count: 0 (0%)	Total: 1 (8.33333%)
[cartographer_node-1] [0.636269, 0.658278)	                 ###	Count: 2 (16.6667%)	Total: 3 (25%)
[cartographer_node-1] [0.658278, 0.680287)	                  ##	Count: 1 (8.33333%)	Total: 4 (33.3333%)
[cartographer_node-1] [0.680287, 0.702296)	                  ##	Count: 1 (8.33333%)	Total: 5 (41.6667%)
[cartographer_node-1] [0.702296, 0.724304)	               #####	Count: 3 (25%)	Total: 8 (66.6667%)
[cartographer_node-1] [0.724304, 0.746313)	                  ##	Count: 1 (8.33333%)	Total: 9 (75%)
[cartographer_node-1] [0.746313, 0.768322)	                  ##	Count: 1 (8.33333%)	Total: 10 (83.3333%)
[cartographer_node-1] [0.768322, 0.790331)	                    	Count: 0 (0%)	Total: 10 (83.3333%)
[cartographer_node-1] [0.790331, 0.812340]	                 ###	Count: 2 (16.6667%)	Total: 12 (100%)
[cartographer_node-1] [INFO] [1778822252.011576072] [cartographer logger]: I0515 14:17:32.000000 59705 pose_graph_2d.cc:538] Remaining work items in queue: 5
[cartographer_node-1] [INFO] [1778822252.011618058] [cartographer logger]: I0515 14:17:32.000000 59705 constraint_builder_2d.cc:294] 0 computations resulted in 0 additional constraints.
[cartographer_node-1] [INFO] [1778822252.011970856] [cartographer logger]: I0515 14:17:32.000000 59705 constraint_builder_2d.cc:296] Score histogram:
[cartographer_node-1] Count: 12  Min: 0.592252  Max: 0.81234  Mean: 0.706634
[cartographer_node-1] [0.592252, 0.614260)	                  ##	Count: 1 (8.33333%)	Total: 1 (8.33333%)
[cartographer_node-1] [0.614260, 0.636269)	                    	Count: 0 (0%)	Total: 1 (8.33333%)
[cartographer_node-1] [0.636269, 0.658278)	                 ###	Count: 2 (16.6667%)	Total: 3 (25%)
[cartographer_node-1] [0.658278, 0.680287)	                  ##	Count: 1 (8.33333%)	Total: 4 (33.3333%)
[cartographer_node-1] [0.680287, 0.702296)	                  ##	Count: 1 (8.33333%)	Total: 5 (41.6667%)
[cartographer_node-1] [0.702296, 0.724304)	               #####	Count: 3 (25%)	Total: 8 (66.6667%)
[cartographer_node-1] [0.724304, 0.746313)	                  ##	Count: 1 (8.33333%)	Total: 9 (75%)
[cartographer_node-1] [0.746313, 0.768322)	                  ##	Count: 1 (8.33333%)	Total: 10 (83.3333%)
[cartographer_node-1] [0.768322, 0.790331)	                    	Count: 0 (0%)	Total: 10 (83.3333%)
[cartographer_node-1] [0.790331, 0.812340]	                 ###	Count: 2 (16.6667%)	Total: 12 (100%)
[cartographer_node-1] [INFO] [1778822252.036177459] [cartographer logger]: I0515 14:17:32.000000 59705 pose_graph_2d.cc:538] Remaining work items in queue: 4
[cartographer_node-1] [INFO] [1778822252.036219636] [cartographer logger]: I0515 14:17:32.000000 59705 constraint_builder_2d.cc:294] 0 computations resulted in 0 additional constraints.
[cartographer_node-1] [INFO] [1778822252.036574348] [cartographer logger]: I0515 14:17:32.000000 59705 constraint_builder_2d.cc:296] Score histogram:
[cartographer_node-1] Count: 12  Min: 0.592252  Max: 0.81234  Mean: 0.706634
[cartographer_node-1] [0.592252, 0.614260)	                  ##	Count: 1 (8.33333%)	Total: 1 (8.33333%)
[cartographer_node-1] [0.614260, 0.636269)	                    	Count: 0 (0%)	Total: 1 (8.33333%)
[cartographer_node-1] [0.636269, 0.658278)	                 ###	Count: 2 (16.6667%)	Total: 3 (25%)
[cartographer_node-1] [0.658278, 0.680287)	                  ##	Count: 1 (8.33333%)	Total: 4 (33.3333%)
[cartographer_node-1] [0.680287, 0.702296)	                  ##	Count: 1 (8.33333%)	Total: 5 (41.6667%)
[cartographer_node-1] [0.702296, 0.724304)	               #####	Count: 3 (25%)	Total: 8 (66.6667%)
[cartographer_node-1] [0.724304, 0.746313)	                  ##	Count: 1 (8.33333%)	Total: 9 (75%)
[cartographer_node-1] [0.746313, 0.768322)	                  ##	Count: 1 (8.33333%)	Total: 10 (83.3333%)
[cartographer_node-1] [0.768322, 0.790331)	                    	Count: 0 (0%)	Total: 10 (83.3333%)
[cartographer_node-1] [0.790331, 0.812340]	                 ###	Count: 2 (16.6667%)	Total: 12 (100%)
[cartographer_node-1] [INFO] [1778822252.061386970] [cartographer logger]: I0515 14:17:32.000000 59704 pose_graph_2d.cc:538] Remaining work items in queue: 0
[cartographer_node-1] [INFO] [1778822252.061419944] [cartographer logger]: I0515 14:17:32.000000 59704 constraint_builder_2d.cc:294] 0 computations resulted in 0 additional constraints.
[cartographer_node-1] [INFO] [1778822252.061489765] [cartographer logger]: I0515 14:17:32.000000 59704 constraint_builder_2d.cc:296] Score histogram:
[cartographer_node-1] Count: 12  Min: 0.592252  Max: 0.81234  Mean: 0.706634
[cartographer_node-1] [0.592252, 0.614260)	                  ##	Count: 1 (8.33333%)	Total: 1 (8.33333%)
[cartographer_node-1] [0.614260, 0.636269)	                    	Count: 0 (0%)	Total: 1 (8.33333%)
[cartographer_node-1] [0.636269, 0.658278)	                 ###	Count: 2 (16.6667%)	Total: 3 (25%)
[cartographer_node-1] [0.658278, 0.680287)	                  ##	Count: 1 (8.33333%)	Total: 4 (33.3333%)
[cartographer_node-1] [0.680287, 0.702296)	                  ##	Count: 1 (8.33333%)	Total: 5 (41.6667%)
[cartographer_node-1] [0.702296, 0.724304)	               #####	Count: 3 (25%)	Total: 8 (66.6667%)
[cartographer_node-1] [0.724304, 0.746313)	                  ##	Count: 1 (8.33333%)	Total: 9 (75%)
[cartographer_node-1] [0.746313, 0.768322)	                  ##	Count: 1 (8.33333%)	Total: 10 (83.3333%)
[cartographer_node-1] [0.768322, 0.790331)	                    	Count: 0 (0%)	Total: 10 (83.3333%)
[cartographer_node-1] [0.790331, 0.812340]	                 ###	Count: 2 (16.6667%)	Total: 12 (100%)
[cartographer_node-1] [INFO] [1778822252.108546041] [cartographer logger]: I0515 14:17:32.000000 59706 pose_graph_2d.cc:538] Remaining work items in queue: 0
[cartographer_node-1] [INFO] [1778822252.108600064] [cartographer logger]: I0515 14:17:32.000000 59706 constraint_builder_2d.cc:294] 0 computations resulted in 0 additional constraints.
[cartographer_node-1] [INFO] [1778822252.108981075] [cartographer logger]: I0515 14:17:32.000000 59706 constraint_builder_2d.cc:296] Score histogram:
[cartographer_node-1] Count: 12  Min: 0.592252  Max: 0.81234  Mean: 0.706634
[cartographer_node-1] [0.592252, 0.614260)	                  ##	Count: 1 (8.33333%)	Total: 1 (8.33333%)
[cartographer_node-1] [0.614260, 0.636269)	                    	Count: 0 (0%)	Total: 1 (8.33333%)
[cartographer_node-1] [0.636269, 0.658278)	                 ###	Count: 2 (16.6667%)	Total: 3 (25%)
[cartographer_node-1] [0.658278, 0.680287)	                  ##	Count: 1 (8.33333%)	Total: 4 (33.3333%)
[cartographer_node-1] [0.680287, 0.702296)	                  ##	Count: 1 (8.33333%)	Total: 5 (41.6667%)
[cartographer_node-1] [0.702296, 0.724304)	               #####	Count: 3 (25%)	Total: 8 (66.6667%)
[cartographer_node-1] [0.724304, 0.746313)	                  ##	Count: 1 (8.33333%)	Total: 9 (75%)
[cartographer_node-1] [0.746313, 0.768322)	                  ##	Count: 1 (8.33333%)	Total: 10 (83.3333%)
[cartographer_node-1] [0.768322, 0.790331)	                    	Count: 0 (0%)	Total: 10 (83.3333%)
[cartographer_node-1] [0.790331, 0.812340]	                 ###	Count: 2 (16.6667%)	Total: 12 (100%)
[cartographer_node-1] [INFO] [1778822252.177847997] [cartographer logger]: I0515 14:17:32.000000 59704 pose_graph_2d.cc:538] Remaining work items in queue: 0
[cartographer_node-1] [INFO] [1778822252.177897657] [cartographer logger]: I0515 14:17:32.000000 59704 constraint_builder_2d.cc:294] 0 computations resulted in 0 additional constraints.
[cartographer_node-1] [INFO] [1778822252.178311586] [cartographer logger]: I0515 14:17:32.000000 59704 constraint_builder_2d.cc:296] Score histogram:
[cartographer_node-1] Count: 12  Min: 0.592252  Max: 0.81234  Mean: 0.706634
[cartographer_node-1] [0.592252, 0.614260)	                  ##	Count: 1 (8.33333%)	Total: 1 (8.33333%)
[cartographer_node-1] [0.614260, 0.636269)	                    	Count: 0 (0%)	Total: 1 (8.33333%)
[cartographer_node-1] [0.636269, 0.658278)	                 ###	Count: 2 (16.6667%)	Total: 3 (25%)
[cartographer_node-1] [0.658278, 0.680287)	                  ##	Count: 1 (8.33333%)	Total: 4 (33.3333%)
[cartographer_node-1] [0.680287, 0.702296)	                  ##	Count: 1 (8.33333%)	Total: 5 (41.6667%)
[cartographer_node-1] [0.702296, 0.724304)	               #####	Count: 3 (25%)	Total: 8 (66.6667%)
[cartographer_node-1] [0.724304, 0.746313)	                  ##	Count: 1 (8.33333%)	Total: 9 (75%)
[cartographer_node-1] [0.746313, 0.768322)	                  ##	Count: 1 (8.33333%)	Total: 10 (83.3333%)
[cartographer_node-1] [0.768322, 0.790331)	                    	Count: 0 (0%)	Total: 10 (83.3333%)
[cartographer_node-1] [0.790331, 0.812340]	                 ###	Count: 2 (16.6667%)	Total: 12 (100%)
[cartographer_node-1] [INFO] [1778822252.242516893] [cartographer logger]: I0515 14:17:32.000000 59704 pose_graph_2d.cc:538] Remaining work items in queue: 0
[cartographer_node-1] [INFO] [1778822252.268141810] [cartographer logger]: I0515 14:17:32.000000 59678 pose_graph_2d.cc:148] Inserted submap (1, 3).
[cartographer_node-1] [INFO] [1778822252.350614037] [cartographer logger]: I0515 14:17:32.000000 59704 constraint_builder_2d.cc:279] Node (0, 218) with 221 points on submap (1, 1) matches with score 71.5%.
[cartographer_node-1] [INFO] [1778822252.414734066] [cartographer logger]: I0515 14:17:32.000000 59704 constraint_builder_2d.cc:279] Node (0, 818) with 218 points on submap (1, 1) matches with score 67.3%.
[cartographer_node-1] [INFO] [1778822252.417836160] [cartographer logger]: I0515 14:17:32.000000 59707 constraint_builder_2d.cc:294] 8 computations resulted in 2 additional constraints.
[cartographer_node-1] [INFO] [1778822252.417897741] [cartographer logger]: I0515 14:17:32.000000 59707 constraint_builder_2d.cc:296] Score histogram:
[cartographer_node-1] Count: 14  Min: 0.592252  Max: 0.81234  Mean: 0.704875
[cartographer_node-1] [0.592252, 0.614260)	                   #	Count: 1 (7.14286%)	Total: 1 (7.14286%)
[cartographer_node-1] [0.614260, 0.636269)	                    	Count: 0 (0%)	Total: 1 (7.14286%)
[cartographer_node-1] [0.636269, 0.658278)	                 ###	Count: 2 (14.2857%)	Total: 3 (21.4286%)
[cartographer_node-1] [0.658278, 0.680287)	                 ###	Count: 2 (14.2857%)	Total: 5 (35.7143%)
[cartographer_node-1] [0.680287, 0.702296)	                   #	Count: 1 (7.14286%)	Total: 6 (42.8571%)
[cartographer_node-1] [0.702296, 0.724304)	              ######	Count: 4 (28.5714%)	Total: 10 (71.4286%)
[cartographer_node-1] [0.724304, 0.746313)	                   #	Count: 1 (7.14286%)	Total: 11 (78.5714%)
[cartographer_node-1] [0.746313, 0.768322)	                   #	Count: 1 (7.14286%)	Total: 12 (85.7143%)
[cartographer_node-1] [0.768322, 0.790331)	                    	Count: 0 (0%)	Total: 12 (85.7143%)
[cartographer_node-1] [0.790331, 0.812340]	                 ###	Count: 2 (14.2857%)	Total: 14 (100%)
[cartographer_node-1] [INFO] [1778822252.466954442] [cartographer logger]: I0515 14:17:32.000000 59707 pose_graph_2d.cc:538] Remaining work items in queue: 31
[cartographer_node-1] [INFO] [1778822252.587190710] [cartographer logger]: I0515 14:17:32.000000 59704 constraint_builder_2d.cc:279] Node (1, 271) with 204 points on submap (0, 6) matches with score 66.2%.
[cartographer_node-1] [INFO] [1778822252.587248990] [cartographer logger]: I0515 14:17:32.000000 59704 constraint_builder_2d.cc:294] 1 computations resulted in 1 additional constraints.
[cartographer_node-1] [INFO] [1778822252.587293244] [cartographer logger]: I0515 14:17:32.000000 59704 constraint_builder_2d.cc:296] Score histogram:
[cartographer_node-1] Count: 15  Min: 0.592252  Max: 0.81234  Mean: 0.701995
[cartographer_node-1] [0.592252, 0.614260)	                   #	Count: 1 (6.66667%)	Total: 1 (6.66667%)
[cartographer_node-1] [0.614260, 0.636269)	                    	Count: 0 (0%)	Total: 1 (6.66667%)
[cartographer_node-1] [0.636269, 0.658278)	                 ###	Count: 2 (13.3333%)	Total: 3 (20%)
[cartographer_node-1] [0.658278, 0.680287)	                ####	Count: 3 (20%)	Total: 6 (40%)
[cartographer_node-1] [0.680287, 0.702296)	                   #	Count: 1 (6.66667%)	Total: 7 (46.6667%)
[cartographer_node-1] [0.702296, 0.724304)	               #####	Count: 4 (26.6667%)	Total: 11 (73.3333%)
[cartographer_node-1] [0.724304, 0.746313)	                   #	Count: 1 (6.66667%)	Total: 12 (80%)
[cartographer_node-1] [0.746313, 0.768322)	                   #	Count: 1 (6.66667%)	Total: 13 (86.6667%)
[cartographer_node-1] [0.768322, 0.790331)	                    	Count: 0 (0%)	Total: 13 (86.6667%)
[cartographer_node-1] [0.790331, 0.812340]	                 ###	Count: 2 (13.3333%)	Total: 15 (100%)
[cartographer_node-1] [INFO] [1778822252.633043169] [cartographer logger]: I0515 14:17:32.000000 59704 pose_graph_2d.cc:538] Remaining work items in queue: 53
[cartographer_node-1] [INFO] [1778822252.633101663] [cartographer logger]: I0515 14:17:32.000000 59704 constraint_builder_2d.cc:294] 0 computations resulted in 0 additional constraints.
[cartographer_node-1] [INFO] [1778822252.633191801] [cartographer logger]: I0515 14:17:32.000000 59704 constraint_builder_2d.cc:296] Score histogram:
[cartographer_node-1] Count: 15  Min: 0.592252  Max: 0.81234  Mean: 0.701995
[cartographer_node-1] [0.592252, 0.614260)	                   #	Count: 1 (6.66667%)	Total: 1 (6.66667%)
[cartographer_node-1] [0.614260, 0.636269)	                    	Count: 0 (0%)	Total: 1 (6.66667%)
[cartographer_node-1] [0.636269, 0.658278)	                 ###	Count: 2 (13.3333%)	Total: 3 (20%)
[cartographer_node-1] [0.658278, 0.680287)	                ####	Count: 3 (20%)	Total: 6 (40%)
[cartographer_node-1] [0.680287, 0.702296)	                   #	Count: 1 (6.66667%)	Total: 7 (46.6667%)
[cartographer_node-1] [0.702296, 0.724304)	               #####	Count: 4 (26.6667%)	Total: 11 (73.3333%)
[cartographer_node-1] [0.724304, 0.746313)	                   #	Count: 1 (6.66667%)	Total: 12 (80%)
[cartographer_node-1] [0.746313, 0.768322)	                   #	Count: 1 (6.66667%)	Total: 13 (86.6667%)
[cartographer_node-1] [0.768322, 0.790331)	                    	Count: 0 (0%)	Total: 13 (86.6667%)
[cartographer_node-1] [0.790331, 0.812340]	                 ###	Count: 2 (13.3333%)	Total: 15 (100%)
[cartographer_node-1] [INFO] [1778822252.656789310] [cartographer logger]: I0515 14:17:32.000000 59704 pose_graph_2d.cc:538] Remaining work items in queue: 47
[cartographer_node-1] [INFO] [1778822252.656862602] [cartographer logger]: I0515 14:17:32.000000 59704 constraint_builder_2d.cc:294] 0 computations resulted in 0 additional constraints.
[cartographer_node-1] [INFO] [1778822252.657222311] [cartographer logger]: I0515 14:17:32.000000 59704 constraint_builder_2d.cc:296] Score histogram:
[cartographer_node-1] Count: 15  Min: 0.592252  Max: 0.81234  Mean: 0.701995
[cartographer_node-1] [0.592252, 0.614260)	                   #	Count: 1 (6.66667%)	Total: 1 (6.66667%)
[cartographer_node-1] [0.614260, 0.636269)	                    	Count: 0 (0%)	Total: 1 (6.66667%)
[cartographer_node-1] [0.636269, 0.658278)	                 ###	Count: 2 (13.3333%)	Total: 3 (20%)
[cartographer_node-1] [0.658278, 0.680287)	                ####	Count: 3 (20%)	Total: 6 (40%)
[cartographer_node-1] [0.680287, 0.702296)	                   #	Count: 1 (6.66667%)	Total: 7 (46.6667%)
[cartographer_node-1] [0.702296, 0.724304)	               #####	Count: 4 (26.6667%)	Total: 11 (73.3333%)
[cartographer_node-1] [0.724304, 0.746313)	                   #	Count: 1 (6.66667%)	Total: 12 (80%)
[cartographer_node-1] [0.746313, 0.768322)	                   #	Count: 1 (6.66667%)	Total: 13 (86.6667%)
[cartographer_node-1] [0.768322, 0.790331)	                    	Count: 0 (0%)	Total: 13 (86.6667%)
[cartographer_node-1] [0.790331, 0.812340]	                 ###	Count: 2 (13.3333%)	Total: 15 (100%)
[cartographer_node-1] [INFO] [1778822252.679946449] [cartographer logger]: I0515 14:17:32.000000 59704 pose_graph_2d.cc:538] Remaining work items in queue: 43
[cartographer_node-1] [INFO] [1778822252.680024046] [cartographer logger]: I0515 14:17:32.000000 59704 constraint_builder_2d.cc:294] 0 computations resulted in 0 additional constraints.
[cartographer_node-1] [INFO] [1778822252.680399054] [cartographer logger]: I0515 14:17:32.000000 59704 constraint_builder_2d.cc:296] Score histogram:
[cartographer_node-1] Count: 15  Min: 0.592252  Max: 0.81234  Mean: 0.701995
[cartographer_node-1] [0.592252, 0.614260)	                   #	Count: 1 (6.66667%)	Total: 1 (6.66667%)
[cartographer_node-1] [0.614260, 0.636269)	                    	Count: 0 (0%)	Total: 1 (6.66667%)
[cartographer_node-1] [0.636269, 0.658278)	                 ###	Count: 2 (13.3333%)	Total: 3 (20%)
[cartographer_node-1] [0.658278, 0.680287)	                ####	Count: 3 (20%)	Total: 6 (40%)
[cartographer_node-1] [0.680287, 0.702296)	                   #	Count: 1 (6.66667%)	Total: 7 (46.6667%)
[cartographer_node-1] [0.702296, 0.724304)	               #####	Count: 4 (26.6667%)	Total: 11 (73.3333%)
[cartographer_node-1] [0.724304, 0.746313)	                   #	Count: 1 (6.66667%)	Total: 12 (80%)
[cartographer_node-1] [0.746313, 0.768322)	                   #	Count: 1 (6.66667%)	Total: 13 (86.6667%)
[cartographer_node-1] [0.768322, 0.790331)	                    	Count: 0 (0%)	Total: 13 (86.6667%)
[cartographer_node-1] [0.790331, 0.812340]	                 ###	Count: 2 (13.3333%)	Total: 15 (100%)
[cartographer_node-1] [INFO] [1778822252.703069797] [cartographer logger]: I0515 14:17:32.000000 59704 pose_graph_2d.cc:538] Remaining work items in queue: 39
[cartographer_node-1] [INFO] [1778822252.703119229] [cartographer logger]: I0515 14:17:32.000000 59704 constraint_builder_2d.cc:294] 0 computations resulted in 0 additional constraints.
[cartographer_node-1] [INFO] [1778822252.703443110] [cartographer logger]: I0515 14:17:32.000000 59704 constraint_builder_2d.cc:296] Score histogram:
[cartographer_node-1] Count: 15  Min: 0.592252  Max: 0.81234  Mean: 0.701995
[cartographer_node-1] [0.592252, 0.614260)	                   #	Count: 1 (6.66667%)	Total: 1 (6.66667%)
[cartographer_node-1] [0.614260, 0.636269)	                    	Count: 0 (0%)	Total: 1 (6.66667%)
[cartographer_node-1] [0.636269, 0.658278)	                 ###	Count: 2 (13.3333%)	Total: 3 (20%)
[cartographer_node-1] [0.658278, 0.680287)	                ####	Count: 3 (20%)	Total: 6 (40%)
[cartographer_node-1] [0.680287, 0.702296)	                   #	Count: 1 (6.66667%)	Total: 7 (46.6667%)
[cartographer_node-1] [0.702296, 0.724304)	               #####	Count: 4 (26.6667%)	Total: 11 (73.3333%)
[cartographer_node-1] [0.724304, 0.746313)	                   #	Count: 1 (6.66667%)	Total: 12 (80%)
[cartographer_node-1] [0.746313, 0.768322)	                   #	Count: 1 (6.66667%)	Total: 13 (86.6667%)
[cartographer_node-1] [0.768322, 0.790331)	                    	Count: 0 (0%)	Total: 13 (86.6667%)
[cartographer_node-1] [0.790331, 0.812340]	                 ###	Count: 2 (13.3333%)	Total: 15 (100%)
[cartographer_node-1] [INFO] [1778822252.728338673] [cartographer logger]: I0515 14:17:32.000000 59704 pose_graph_2d.cc:538] Remaining work items in queue: 34
[cartographer_node-1] [INFO] [1778822252.728383123] [cartographer logger]: I0515 14:17:32.000000 59704 constraint_builder_2d.cc:294] 0 computations resulted in 0 additional constraints.
[cartographer_node-1] [INFO] [1778822252.728820932] [cartographer logger]: I0515 14:17:32.000000 59704 constraint_builder_2d.cc:296] Score histogram:
[cartographer_node-1] Count: 15  Min: 0.592252  Max: 0.81234  Mean: 0.701995
[cartographer_node-1] [0.592252, 0.614260)	                   #	Count: 1 (6.66667%)	Total: 1 (6.66667%)
[cartographer_node-1] [0.614260, 0.636269)	                    	Count: 0 (0%)	Total: 1 (6.66667%)
[cartographer_node-1] [0.636269, 0.658278)	                 ###	Count: 2 (13.3333%)	Total: 3 (20%)
[cartographer_node-1] [0.658278, 0.680287)	                ####	Count: 3 (20%)	Total: 6 (40%)
[cartographer_node-1] [0.680287, 0.702296)	                   #	Count: 1 (6.66667%)	Total: 7 (46.6667%)
[cartographer_node-1] [0.702296, 0.724304)	               #####	Count: 4 (26.6667%)	Total: 11 (73.3333%)
[cartographer_node-1] [0.724304, 0.746313)	                   #	Count: 1 (6.66667%)	Total: 12 (80%)
[cartographer_node-1] [0.746313, 0.768322)	                   #	Count: 1 (6.66667%)	Total: 13 (86.6667%)
[cartographer_node-1] [0.768322, 0.790331)	                    	Count: 0 (0%)	Total: 13 (86.6667%)
[cartographer_node-1] [0.790331, 0.812340]	                 ###	Count: 2 (13.3333%)	Total: 15 (100%)
[cartographer_node-1] [INFO] [1778822252.756166701] [cartographer logger]: I0515 14:17:32.000000 59704 pose_graph_2d.cc:538] Remaining work items in queue: 32
[cartographer_node-1] [INFO] [1778822252.756249513] [cartographer logger]: I0515 14:17:32.000000 59704 constraint_builder_2d.cc:294] 0 computations resulted in 0 additional constraints.
[cartographer_node-1] [INFO] [1778822252.756732198] [cartographer logger]: I0515 14:17:32.000000 59704 constraint_builder_2d.cc:296] Score histogram:
[cartographer_node-1] Count: 15  Min: 0.592252  Max: 0.81234  Mean: 0.701995
[cartographer_node-1] [0.592252, 0.614260)	                   #	Count: 1 (6.66667%)	Total: 1 (6.66667%)
[cartographer_node-1] [0.614260, 0.636269)	                    	Count: 0 (0%)	Total: 1 (6.66667%)
[cartographer_node-1] [0.636269, 0.658278)	                 ###	Count: 2 (13.3333%)	Total: 3 (20%)
[cartographer_node-1] [0.658278, 0.680287)	                ####	Count: 3 (20%)	Total: 6 (40%)
[cartographer_node-1] [0.680287, 0.702296)	                   #	Count: 1 (6.66667%)	Total: 7 (46.6667%)
[cartographer_node-1] [0.702296, 0.724304)	               #####	Count: 4 (26.6667%)	Total: 11 (73.3333%)
[cartographer_node-1] [0.724304, 0.746313)	                   #	Count: 1 (6.66667%)	Total: 12 (80%)
[cartographer_node-1] [0.746313, 0.768322)	                   #	Count: 1 (6.66667%)	Total: 13 (86.6667%)
[cartographer_node-1] [0.768322, 0.790331)	                    	Count: 0 (0%)	Total: 13 (86.6667%)
[cartographer_node-1] [0.790331, 0.812340]	                 ###	Count: 2 (13.3333%)	Total: 15 (100%)
[cartographer_node-1] [INFO] [1778822252.782018878] [cartographer logger]: I0515 14:17:32.000000 59704 pose_graph_2d.cc:538] Remaining work items in queue: 26
[cartographer_node-1] [INFO] [1778822252.902149317] [cartographer logger]: I0515 14:17:32.000000 59707 constraint_builder_2d.cc:294] 1 computations resulted in 0 additional constraints.
[cartographer_node-1] [INFO] [1778822252.902222380] [cartographer logger]: I0515 14:17:32.000000 59707 constraint_builder_2d.cc:296] Score histogram:
[cartographer_node-1] Count: 15  Min: 0.592252  Max: 0.81234  Mean: 0.701995
[cartographer_node-1] [0.592252, 0.614260)	                   #	Count: 1 (6.66667%)	Total: 1 (6.66667%)
[cartographer_node-1] [0.614260, 0.636269)	                    	Count: 0 (0%)	Total: 1 (6.66667%)
[cartographer_node-1] [0.636269, 0.658278)	                 ###	Count: 2 (13.3333%)	Total: 3 (20%)
[cartographer_node-1] [0.658278, 0.680287)	                ####	Count: 3 (20%)	Total: 6 (40%)
[cartographer_node-1] [0.680287, 0.702296)	                   #	Count: 1 (6.66667%)	Total: 7 (46.6667%)
[cartographer_node-1] [0.702296, 0.724304)	               #####	Count: 4 (26.6667%)	Total: 11 (73.3333%)
[cartographer_node-1] [0.724304, 0.746313)	                   #	Count: 1 (6.66667%)	Total: 12 (80%)
[cartographer_node-1] [0.746313, 0.768322)	                   #	Count: 1 (6.66667%)	Total: 13 (86.6667%)
[cartographer_node-1] [0.768322, 0.790331)	                    	Count: 0 (0%)	Total: 13 (86.6667%)
[cartographer_node-1] [0.790331, 0.812340]	                 ###	Count: 2 (13.3333%)	Total: 15 (100%)
[cartographer_node-1] [INFO] [1778822252.928463473] [cartographer logger]: I0515 14:17:32.000000 59707 pose_graph_2d.cc:538] Remaining work items in queue: 35
[cartographer_node-1] [INFO] [1778822252.928517907] [cartographer logger]: I0515 14:17:32.000000 59707 constraint_builder_2d.cc:294] 0 computations resulted in 0 additional constraints.
[cartographer_node-1] [INFO] [1778822252.929357332] [cartographer logger]: I0515 14:17:32.000000 59707 constraint_builder_2d.cc:296] Score histogram:
[cartographer_node-1] Count: 15  Min: 0.592252  Max: 0.81234  Mean: 0.701995
[cartographer_node-1] [0.592252, 0.614260)	                   #	Count: 1 (6.66667%)	Total: 1 (6.66667%)
[cartographer_node-1] [0.614260, 0.636269)	                    	Count: 0 (0%)	Total: 1 (6.66667%)
[cartographer_node-1] [0.636269, 0.658278)	                 ###	Count: 2 (13.3333%)	Total: 3 (20%)
[cartographer_node-1] [0.658278, 0.680287)	                ####	Count: 3 (20%)	Total: 6 (40%)
[cartographer_node-1] [0.680287, 0.702296)	                   #	Count: 1 (6.66667%)	Total: 7 (46.6667%)
[cartographer_node-1] [0.702296, 0.724304)	               #####	Count: 4 (26.6667%)	Total: 11 (73.3333%)
[cartographer_node-1] [0.724304, 0.746313)	                   #	Count: 1 (6.66667%)	Total: 12 (80%)
[cartographer_node-1] [0.746313, 0.768322)	                   #	Count: 1 (6.66667%)	Total: 13 (86.6667%)
[cartographer_node-1] [0.768322, 0.790331)	                    	Count: 0 (0%)	Total: 13 (86.6667%)
[cartographer_node-1] [0.790331, 0.812340]	                 ###	Count: 2 (13.3333%)	Total: 15 (100%)
[cartographer_node-1] [INFO] [1778822252.954603612] [cartographer logger]: I0515 14:17:32.000000 59707 pose_graph_2d.cc:538] Remaining work items in queue: 33
[cartographer_node-1] [INFO] [1778822252.954648726] [cartographer logger]: I0515 14:17:32.000000 59707 constraint_builder_2d.cc:294] 0 computations resulted in 0 additional constraints.
[cartographer_node-1] [INFO] [1778822252.955110789] [cartographer logger]: I0515 14:17:32.000000 59707 constraint_builder_2d.cc:296] Score histogram:
[cartographer_node-1] Count: 15  Min: 0.592252  Max: 0.81234  Mean: 0.701995
[cartographer_node-1] [0.592252, 0.614260)	                   #	Count: 1 (6.66667%)	Total: 1 (6.66667%)
[cartographer_node-1] [0.614260, 0.636269)	                    	Count: 0 (0%)	Total: 1 (6.66667%)
[cartographer_node-1] [0.636269, 0.658278)	                 ###	Count: 2 (13.3333%)	Total: 3 (20%)
[cartographer_node-1] [0.658278, 0.680287)	                ####	Count: 3 (20%)	Total: 6 (40%)
[cartographer_node-1] [0.680287, 0.702296)	                   #	Count: 1 (6.66667%)	Total: 7 (46.6667%)
[cartographer_node-1] [0.702296, 0.724304)	               #####	Count: 4 (26.6667%)	Total: 11 (73.3333%)
[cartographer_node-1] [0.724304, 0.746313)	                   #	Count: 1 (6.66667%)	Total: 12 (80%)
[cartographer_node-1] [0.746313, 0.768322)	                   #	Count: 1 (6.66667%)	Total: 13 (86.6667%)
[cartographer_node-1] [0.768322, 0.790331)	                    	Count: 0 (0%)	Total: 13 (86.6667%)
[cartographer_node-1] [0.790331, 0.812340]	                 ###	Count: 2 (13.3333%)	Total: 15 (100%)
[cartographer_node-1] [INFO] [1778822252.980703262] [cartographer logger]: I0515 14:17:32.000000 59707 pose_graph_2d.cc:538] Remaining work items in queue: 27
[cartographer_node-1] [INFO] [1778822252.980740638] [cartographer logger]: I0515 14:17:32.000000 59707 constraint_builder_2d.cc:294] 0 computations resulted in 0 additional constraints.
[cartographer_node-1] [INFO] [1778822252.981114577] [cartographer logger]: I0515 14:17:32.000000 59707 constraint_builder_2d.cc:296] Score histogram:
[cartographer_node-1] Count: 15  Min: 0.592252  Max: 0.81234  Mean: 0.701995
[cartographer_node-1] [0.592252, 0.614260)	                   #	Count: 1 (6.66667%)	Total: 1 (6.66667%)
[cartographer_node-1] [0.614260, 0.636269)	                    	Count: 0 (0%)	Total: 1 (6.66667%)
[cartographer_node-1] [0.636269, 0.658278)	                 ###	Count: 2 (13.3333%)	Total: 3 (20%)
[cartographer_node-1] [0.658278, 0.680287)	                ####	Count: 3 (20%)	Total: 6 (40%)
[cartographer_node-1] [0.680287, 0.702296)	                   #	Count: 1 (6.66667%)	Total: 7 (46.6667%)
[cartographer_node-1] [0.702296, 0.724304)	               #####	Count: 4 (26.6667%)	Total: 11 (73.3333%)
[cartographer_node-1] [0.724304, 0.746313)	                   #	Count: 1 (6.66667%)	Total: 12 (80%)
[cartographer_node-1] [0.746313, 0.768322)	                   #	Count: 1 (6.66667%)	Total: 13 (86.6667%)
[cartographer_node-1] [0.768322, 0.790331)	                    	Count: 0 (0%)	Total: 13 (86.6667%)
[cartographer_node-1] [0.790331, 0.812340]	                 ###	Count: 2 (13.3333%)	Total: 15 (100%)
[cartographer_node-1] [INFO] [1778822253.006926583] [cartographer logger]: I0515 14:17:33.000000 59707 pose_graph_2d.cc:538] Remaining work items in queue: 18
[cartographer_node-1] [INFO] [1778822253.006964857] [cartographer logger]: I0515 14:17:33.000000 59707 constraint_builder_2d.cc:294] 0 computations resulted in 0 additional constraints.
[cartographer_node-1] [INFO] [1778822253.006990865] [cartographer logger]: I0515 14:17:33.000000 59707 constraint_builder_2d.cc:296] Score histogram:
[cartographer_node-1] Count: 15  Min: 0.592252  Max: 0.81234  Mean: 0.701995
[cartographer_node-1] [0.592252, 0.614260)	                   #	Count: 1 (6.66667%)	Total: 1 (6.66667%)
[cartographer_node-1] [0.614260, 0.636269)	                    	Count: 0 (0%)	Total: 1 (6.66667%)
[cartographer_node-1] [0.636269, 0.658278)	                 ###	Count: 2 (13.3333%)	Total: 3 (20%)
[cartographer_node-1] [0.658278, 0.680287)	                ####	Count: 3 (20%)	Total: 6 (40%)
[cartographer_node-1] [0.680287, 0.702296)	                   #	Count: 1 (6.66667%)	Total: 7 (46.6667%)
[cartographer_node-1] [0.702296, 0.724304)	               #####	Count: 4 (26.6667%)	Total: 11 (73.3333%)
[cartographer_node-1] [0.724304, 0.746313)	                   #	Count: 1 (6.66667%)	Total: 12 (80%)
[cartographer_node-1] [0.746313, 0.768322)	                   #	Count: 1 (6.66667%)	Total: 13 (86.6667%)
[cartographer_node-1] [0.768322, 0.790331)	                    	Count: 0 (0%)	Total: 13 (86.6667%)
[cartographer_node-1] [0.790331, 0.812340]	                 ###	Count: 2 (13.3333%)	Total: 15 (100%)
[cartographer_node-1] [INFO] [1778822253.036377458] [cartographer logger]: I0515 14:17:33.000000 59707 pose_graph_2d.cc:538] Remaining work items in queue: 9
[cartographer_node-1] [INFO] [1778822253.036414989] [cartographer logger]: I0515 14:17:33.000000 59707 constraint_builder_2d.cc:294] 0 computations resulted in 0 additional constraints.
[cartographer_node-1] [INFO] [1778822253.036782371] [cartographer logger]: I0515 14:17:33.000000 59707 constraint_builder_2d.cc:296] Score histogram:
[cartographer_node-1] Count: 15  Min: 0.592252  Max: 0.81234  Mean: 0.701995
[cartographer_node-1] [0.592252, 0.614260)	                   #	Count: 1 (6.66667%)	Total: 1 (6.66667%)
[cartographer_node-1] [0.614260, 0.636269)	                    	Count: 0 (0%)	Total: 1 (6.66667%)
[cartographer_node-1] [0.636269, 0.658278)	                 ###	Count: 2 (13.3333%)	Total: 3 (20%)
[cartographer_node-1] [0.658278, 0.680287)	                ####	Count: 3 (20%)	Total: 6 (40%)
[cartographer_node-1] [0.680287, 0.702296)	                   #	Count: 1 (6.66667%)	Total: 7 (46.6667%)
[cartographer_node-1] [0.702296, 0.724304)	               #####	Count: 4 (26.6667%)	Total: 11 (73.3333%)
[cartographer_node-1] [0.724304, 0.746313)	                   #	Count: 1 (6.66667%)	Total: 12 (80%)
[cartographer_node-1] [0.746313, 0.768322)	                   #	Count: 1 (6.66667%)	Total: 13 (86.6667%)
[cartographer_node-1] [0.768322, 0.790331)	                    	Count: 0 (0%)	Total: 13 (86.6667%)
[cartographer_node-1] [0.790331, 0.812340]	                 ###	Count: 2 (13.3333%)	Total: 15 (100%)
[cartographer_node-1] [INFO] [1778822253.062064296] [cartographer logger]: I0515 14:17:33.000000 59707 pose_graph_2d.cc:538] Remaining work items in queue: 0
[cartographer_node-1] [INFO] [1778822253.062113102] [cartographer logger]: I0515 14:17:33.000000 59707 constraint_builder_2d.cc:294] 0 computations resulted in 0 additional constraints.
[cartographer_node-1] [INFO] [1778822253.062576741] [cartographer logger]: I0515 14:17:33.000000 59707 constraint_builder_2d.cc:296] Score histogram:
[cartographer_node-1] Count: 15  Min: 0.592252  Max: 0.81234  Mean: 0.701995
[cartographer_node-1] [0.592252, 0.614260)	                   #	Count: 1 (6.66667%)	Total: 1 (6.66667%)
[cartographer_node-1] [0.614260, 0.636269)	                    	Count: 0 (0%)	Total: 1 (6.66667%)
[cartographer_node-1] [0.636269, 0.658278)	                 ###	Count: 2 (13.3333%)	Total: 3 (20%)
[cartographer_node-1] [0.658278, 0.680287)	                ####	Count: 3 (20%)	Total: 6 (40%)
[cartographer_node-1] [0.680287, 0.702296)	                   #	Count: 1 (6.66667%)	Total: 7 (46.6667%)
[cartographer_node-1] [0.702296, 0.724304)	               #####	Count: 4 (26.6667%)	Total: 11 (73.3333%)
[cartographer_node-1] [0.724304, 0.746313)	                   #	Count: 1 (6.66667%)	Total: 12 (80%)
[cartographer_node-1] [0.746313, 0.768322)	                   #	Count: 1 (6.66667%)	Total: 13 (86.6667%)
[cartographer_node-1] [0.768322, 0.790331)	                    	Count: 0 (0%)	Total: 13 (86.6667%)
[cartographer_node-1] [0.790331, 0.812340]	                 ###	Count: 2 (13.3333%)	Total: 15 (100%)
[cartographer_node-1] [INFO] [1778822253.152678093] [cartographer logger]: I0515 14:17:33.000000 59704 pose_graph_2d.cc:538] Remaining work items in queue: 0
[cartographer_node-1] [INFO] [1778822253.152727569] [cartographer logger]: I0515 14:17:33.000000 59704 constraint_builder_2d.cc:294] 0 computations resulted in 0 additional constraints.
[cartographer_node-1] [INFO] [1778822253.152774083] [cartographer logger]: I0515 14:17:33.000000 59704 constraint_builder_2d.cc:296] Score histogram:
[cartographer_node-1] Count: 15  Min: 0.592252  Max: 0.81234  Mean: 0.701995
[cartographer_node-1] [0.592252, 0.614260)	                   #	Count: 1 (6.66667%)	Total: 1 (6.66667%)
[cartographer_node-1] [0.614260, 0.636269)	                    	Count: 0 (0%)	Total: 1 (6.66667%)
[cartographer_node-1] [0.636269, 0.658278)	                 ###	Count: 2 (13.3333%)	Total: 3 (20%)
[cartographer_node-1] [0.658278, 0.680287)	                ####	Count: 3 (20%)	Total: 6 (40%)
[cartographer_node-1] [0.680287, 0.702296)	                   #	Count: 1 (6.66667%)	Total: 7 (46.6667%)
[cartographer_node-1] [0.702296, 0.724304)	               #####	Count: 4 (26.6667%)	Total: 11 (73.3333%)
[cartographer_node-1] [0.724304, 0.746313)	                   #	Count: 1 (6.66667%)	Total: 12 (80%)
[cartographer_node-1] [0.746313, 0.768322)	                   #	Count: 1 (6.66667%)	Total: 13 (86.6667%)
[cartographer_node-1] [0.768322, 0.790331)	                    	Count: 0 (0%)	Total: 13 (86.6667%)
[cartographer_node-1] [0.790331, 0.812340]	                 ###	Count: 2 (13.3333%)	Total: 15 (100%)
[cartographer_node-1] [INFO] [1778822253.259251376] [cartographer logger]: I0515 14:17:33.000000 59707 pose_graph_2d.cc:538] Remaining work items in queue: 0
[cartographer_node-1] [INFO] [1778822253.283485950] [cartographer logger]: I0515 14:17:33.000000 59704 constraint_builder_2d.cc:294] 1 computations resulted in 0 additional constraints.
[cartographer_node-1] [INFO] [1778822253.283547395] [cartographer logger]: I0515 14:17:33.000000 59704 constraint_builder_2d.cc:296] Score histogram:
[cartographer_node-1] Count: 15  Min: 0.592252  Max: 0.81234  Mean: 0.701995
[cartographer_node-1] [0.592252, 0.614260)	                   #	Count: 1 (6.66667%)	Total: 1 (6.66667%)
[cartographer_node-1] [0.614260, 0.636269)	                    	Count: 0 (0%)	Total: 1 (6.66667%)
[cartographer_node-1] [0.636269, 0.658278)	                 ###	Count: 2 (13.3333%)	Total: 3 (20%)
[cartographer_node-1] [0.658278, 0.680287)	                ####	Count: 3 (20%)	Total: 6 (40%)
[cartographer_node-1] [0.680287, 0.702296)	                   #	Count: 1 (6.66667%)	Total: 7 (46.6667%)
[cartographer_node-1] [0.702296, 0.724304)	               #####	Count: 4 (26.6667%)	Total: 11 (73.3333%)
[cartographer_node-1] [0.724304, 0.746313)	                   #	Count: 1 (6.66667%)	Total: 12 (80%)
[cartographer_node-1] [0.746313, 0.768322)	                   #	Count: 1 (6.66667%)	Total: 13 (86.6667%)
[cartographer_node-1] [0.768322, 0.790331)	                    	Count: 0 (0%)	Total: 13 (86.6667%)
[cartographer_node-1] [0.790331, 0.812340]	                 ###	Count: 2 (13.3333%)	Total: 15 (100%)
[cartographer_node-1] [INFO] [1778822253.352013278] [cartographer logger]: I0515 14:17:33.000000 59707 pose_graph_2d.cc:538] Remaining work items in queue: 1
[cartographer_node-1] [INFO] [1778822253.352053820] [cartographer logger]: I0515 14:17:33.000000 59707 constraint_builder_2d.cc:294] 0 computations resulted in 0 additional constraints.
[cartographer_node-1] [INFO] [1778822253.352523350] [cartographer logger]: I0515 14:17:33.000000 59707 constraint_builder_2d.cc:296] Score histogram:
[cartographer_node-1] Count: 15  Min: 0.592252  Max: 0.81234  Mean: 0.701995
[cartographer_node-1] [0.592252, 0.614260)	                   #	Count: 1 (6.66667%)	Total: 1 (6.66667%)
[cartographer_node-1] [0.614260, 0.636269)	                    	Count: 0 (0%)	Total: 1 (6.66667%)
[cartographer_node-1] [0.636269, 0.658278)	                 ###	Count: 2 (13.3333%)	Total: 3 (20%)
[cartographer_node-1] [0.658278, 0.680287)	                ####	Count: 3 (20%)	Total: 6 (40%)
[cartographer_node-1] [0.680287, 0.702296)	                   #	Count: 1 (6.66667%)	Total: 7 (46.6667%)
[cartographer_node-1] [0.702296, 0.724304)	               #####	Count: 4 (26.6667%)	Total: 11 (73.3333%)
[cartographer_node-1] [0.724304, 0.746313)	                   #	Count: 1 (6.66667%)	Total: 12 (80%)
[cartographer_node-1] [0.746313, 0.768322)	                   #	Count: 1 (6.66667%)	Total: 13 (86.6667%)
[cartographer_node-1] [0.768322, 0.790331)	                    	Count: 0 (0%)	Total: 13 (86.6667%)
[cartographer_node-1] [0.790331, 0.812340]	                 ###	Count: 2 (13.3333%)	Total: 15 (100%)
[cartographer_node-1] [INFO] [1778822253.453848198] [cartographer logger]: I0515 14:17:33.000000 59704 pose_graph_2d.cc:538] Remaining work items in queue: 0
[cartographer_node-1] [INFO] [1778822253.453881301] [cartographer logger]: I0515 14:17:33.000000 59704 constraint_builder_2d.cc:294] 0 computations resulted in 0 additional constraints.
[cartographer_node-1] [INFO] [1778822253.454018530] [cartographer logger]: I0515 14:17:33.000000 59704 constraint_builder_2d.cc:296] Score histogram:
[cartographer_node-1] Count: 15  Min: 0.592252  Max: 0.81234  Mean: 0.701995
[cartographer_node-1] [0.592252, 0.614260)	                   #	Count: 1 (6.66667%)	Total: 1 (6.66667%)
[cartographer_node-1] [0.614260, 0.636269)	                    	Count: 0 (0%)	Total: 1 (6.66667%)
[cartographer_node-1] [0.636269, 0.658278)	                 ###	Count: 2 (13.3333%)	Total: 3 (20%)
[cartographer_node-1] [0.658278, 0.680287)	                ####	Count: 3 (20%)	Total: 6 (40%)
[cartographer_node-1] [0.680287, 0.702296)	                   #	Count: 1 (6.66667%)	Total: 7 (46.6667%)
[cartographer_node-1] [0.702296, 0.724304)	               #####	Count: 4 (26.6667%)	Total: 11 (73.3333%)
[cartographer_node-1] [0.724304, 0.746313)	                   #	Count: 1 (6.66667%)	Total: 12 (80%)
[cartographer_node-1] [0.746313, 0.768322)	                   #	Count: 1 (6.66667%)	Total: 13 (86.6667%)
[cartographer_node-1] [0.768322, 0.790331)	                    	Count: 0 (0%)	Total: 13 (86.6667%)
[cartographer_node-1] [0.790331, 0.812340]	                 ###	Count: 2 (13.3333%)	Total: 15 (100%)
[cartographer_node-1] [INFO] [1778822253.552409734] [cartographer logger]: I0515 14:17:33.000000 59705 pose_graph_2d.cc:538] Remaining work items in queue: 1
[cartographer_node-1] [INFO] [1778822253.552803939] [cartographer logger]: I0515 14:17:33.000000 59706 constraint_builder_2d.cc:294] 0 computations resulted in 0 additional constraints.
[cartographer_node-1] [INFO] [1778822253.553003313] [cartographer logger]: I0515 14:17:33.000000 59706 constraint_builder_2d.cc:296] Score histogram:
[cartographer_node-1] Count: 15  Min: 0.592252  Max: 0.81234  Mean: 0.701995
[cartographer_node-1] [0.592252, 0.614260)	                   #	Count: 1 (6.66667%)	Total: 1 (6.66667%)
[cartographer_node-1] [0.614260, 0.636269)	                    	Count: 0 (0%)	Total: 1 (6.66667%)
[cartographer_node-1] [0.636269, 0.658278)	                 ###	Count: 2 (13.3333%)	Total: 3 (20%)
[cartographer_node-1] [0.658278, 0.680287)	                ####	Count: 3 (20%)	Total: 6 (40%)
[cartographer_node-1] [0.680287, 0.702296)	                   #	Count: 1 (6.66667%)	Total: 7 (46.6667%)
[cartographer_node-1] [0.702296, 0.724304)	               #####	Count: 4 (26.6667%)	Total: 11 (73.3333%)
[cartographer_node-1] [0.724304, 0.746313)	                   #	Count: 1 (6.66667%)	Total: 12 (80%)
[cartographer_node-1] [0.746313, 0.768322)	                   #	Count: 1 (6.66667%)	Total: 13 (86.6667%)
[cartographer_node-1] [0.768322, 0.790331)	                    	Count: 0 (0%)	Total: 13 (86.6667%)
[cartographer_node-1] [0.790331, 0.812340]	                 ###	Count: 2 (13.3333%)	Total: 15 (100%)
[cartographer_node-1] [INFO] [1778822253.659365229] [cartographer logger]: I0515 14:17:33.000000 59707 pose_graph_2d.cc:538] Remaining work items in queue: 0
[cartographer_node-1] [INFO] [1778822253.659449852] [cartographer logger]: I0515 14:17:33.000000 59707 constraint_builder_2d.cc:294] 0 computations resulted in 0 additional constraints.
[cartographer_node-1] [INFO] [1778822253.659946083] [cartographer logger]: I0515 14:17:33.000000 59707 constraint_builder_2d.cc:296] Score histogram:
[cartographer_node-1] Count: 15  Min: 0.592252  Max: 0.81234  Mean: 0.701995
[cartographer_node-1] [0.592252, 0.614260)	                   #	Count: 1 (6.66667%)	Total: 1 (6.66667%)
[cartographer_node-1] [0.614260, 0.636269)	                    	Count: 0 (0%)	Total: 1 (6.66667%)
[cartographer_node-1] [0.636269, 0.658278)	                 ###	Count: 2 (13.3333%)	Total: 3 (20%)
[cartographer_node-1] [0.658278, 0.680287)	                ####	Count: 3 (20%)	Total: 6 (40%)
[cartographer_node-1] [0.680287, 0.702296)	                   #	Count: 1 (6.66667%)	Total: 7 (46.6667%)
[cartographer_node-1] [0.702296, 0.724304)	               #####	Count: 4 (26.6667%)	Total: 11 (73.3333%)
[cartographer_node-1] [0.724304, 0.746313)	                   #	Count: 1 (6.66667%)	Total: 12 (80%)
[cartographer_node-1] [0.746313, 0.768322)	                   #	Count: 1 (6.66667%)	Total: 13 (86.6667%)
[cartographer_node-1] [0.768322, 0.790331)	                    	Count: 0 (0%)	Total: 13 (86.6667%)
[cartographer_node-1] [0.790331, 0.812340]	                 ###	Count: 2 (13.3333%)	Total: 15 (100%)
[cartographer_node-1] [INFO] [1778822253.753119903] [cartographer logger]: I0515 14:17:33.000000 59707 pose_graph_2d.cc:538] Remaining work items in queue: 0
[cartographer_node-1] [INFO] [1778822253.753151331] [cartographer logger]: I0515 14:17:33.000000 59707 constraint_builder_2d.cc:294] 0 computations resulted in 0 additional constraints.
[cartographer_node-1] [INFO] [1778822253.753242733] [cartographer logger]: I0515 14:17:33.000000 59707 constraint_builder_2d.cc:296] Score histogram:
[cartographer_node-1] Count: 15  Min: 0.592252  Max: 0.81234  Mean: 0.701995
[cartographer_node-1] [0.592252, 0.614260)	                   #	Count: 1 (6.66667%)	Total: 1 (6.66667%)
[cartographer_node-1] [0.614260, 0.636269)	                    	Count: 0 (0%)	Total: 1 (6.66667%)
[cartographer_node-1] [0.636269, 0.658278)	                 ###	Count: 2 (13.3333%)	Total: 3 (20%)
[cartographer_node-1] [0.658278, 0.680287)	                ####	Count: 3 (20%)	Total: 6 (40%)
[cartographer_node-1] [0.680287, 0.702296)	                   #	Count: 1 (6.66667%)	Total: 7 (46.6667%)
[cartographer_node-1] [0.702296, 0.724304)	               #####	Count: 4 (26.6667%)	Total: 11 (73.3333%)
[cartographer_node-1] [0.724304, 0.746313)	                   #	Count: 1 (6.66667%)	Total: 12 (80%)
[cartographer_node-1] [0.746313, 0.768322)	                   #	Count: 1 (6.66667%)	Total: 13 (86.6667%)
[cartographer_node-1] [0.768322, 0.790331)	                    	Count: 0 (0%)	Total: 13 (86.6667%)
[cartographer_node-1] [0.790331, 0.812340]	                 ###	Count: 2 (13.3333%)	Total: 15 (100%)
[cartographer_node-1] [INFO] [1778822253.835473986] [cartographer logger]: I0515 14:17:33.000000 59704 pose_graph_2d.cc:538] Remaining work items in queue: 0
[cartographer_node-1] [INFO] [1778822253.835514542] [cartographer logger]: I0515 14:17:33.000000 59704 constraint_builder_2d.cc:294] 0 computations resulted in 0 additional constraints.
[cartographer_node-1] [INFO] [1778822253.835938917] [cartographer logger]: I0515 14:17:33.000000 59704 constraint_builder_2d.cc:296] Score histogram:
[cartographer_node-1] Count: 15  Min: 0.592252  Max: 0.81234  Mean: 0.701995
[cartographer_node-1] [0.592252, 0.614260)	                   #	Count: 1 (6.66667%)	Total: 1 (6.66667%)
[cartographer_node-1] [0.614260, 0.636269)	                    	Count: 0 (0%)	Total: 1 (6.66667%)
[cartographer_node-1] [0.636269, 0.658278)	                 ###	Count: 2 (13.3333%)	Total: 3 (20%)
[cartographer_node-1] [0.658278, 0.680287)	                ####	Count: 3 (20%)	Total: 6 (40%)
[cartographer_node-1] [0.680287, 0.702296)	                   #	Count: 1 (6.66667%)	Total: 7 (46.6667%)
[cartographer_node-1] [0.702296, 0.724304)	               #####	Count: 4 (26.6667%)	Total: 11 (73.3333%)
[cartographer_node-1] [0.724304, 0.746313)	                   #	Count: 1 (6.66667%)	Total: 12 (80%)
[cartographer_node-1] [0.746313, 0.768322)	                   #	Count: 1 (6.66667%)	Total: 13 (86.6667%)
[cartographer_node-1] [0.768322, 0.790331)	                    	Count: 0 (0%)	Total: 13 (86.6667%)
[cartographer_node-1] [0.790331, 0.812340]	                 ###	Count: 2 (13.3333%)	Total: 15 (100%)
[cartographer_node-1] [INFO] [1778822253.939458640] [cartographer logger]: I0515 14:17:33.000000 59706 pose_graph_2d.cc:538] Remaining work items in queue: 0
[cartographer_node-1] [INFO] [1778822253.944854349] [cartographer logger]: I0515 14:17:33.000000 59704 constraint_builder_2d.cc:279] Node (1, 314) with 213 points on submap (0, 4) matches with score 66.6%.
[cartographer_node-1] [INFO] [1778822253.944894453] [cartographer logger]: I0515 14:17:33.000000 59704 constraint_builder_2d.cc:294] 1 computations resulted in 1 additional constraints.
[cartographer_node-1] [INFO] [1778822253.944947290] [cartographer logger]: I0515 14:17:33.000000 59704 constraint_builder_2d.cc:296] Score histogram:
[cartographer_node-1] Count: 16  Min: 0.592252  Max: 0.81234  Mean: 0.699744
[cartographer_node-1] [0.592252, 0.614260)	                   #	Count: 1 (6.25%)	Total: 1 (6.25%)
[cartographer_node-1] [0.614260, 0.636269)	                    	Count: 0 (0%)	Total: 1 (6.25%)
[cartographer_node-1] [0.636269, 0.658278)	                 ###	Count: 2 (12.5%)	Total: 3 (18.75%)
[cartographer_node-1] [0.658278, 0.680287)	               #####	Count: 4 (25%)	Total: 7 (43.75%)
[cartographer_node-1] [0.680287, 0.702296)	                   #	Count: 1 (6.25%)	Total: 8 (50%)
[cartographer_node-1] [0.702296, 0.724304)	               #####	Count: 4 (25%)	Total: 12 (75%)
[cartographer_node-1] [0.724304, 0.746313)	                   #	Count: 1 (6.25%)	Total: 13 (81.25%)
[cartographer_node-1] [0.746313, 0.768322)	                   #	Count: 1 (6.25%)	Total: 14 (87.5%)
[cartographer_node-1] [0.768322, 0.790331)	                    	Count: 0 (0%)	Total: 14 (87.5%)
[cartographer_node-1] [0.790331, 0.812340]	                 ###	Count: 2 (12.5%)	Total: 16 (100%)
[cartographer_node-1] [INFO] [1778822254.051574113] [cartographer logger]: I0515 14:17:34.000000 59706 pose_graph_2d.cc:538] Remaining work items in queue: 0
[cartographer_node-1] [INFO] [1778822254.051610601] [cartographer logger]: I0515 14:17:34.000000 59706 constraint_builder_2d.cc:294] 0 computations resulted in 0 additional constraints.
[cartographer_node-1] [INFO] [1778822254.051988529] [cartographer logger]: I0515 14:17:34.000000 59706 constraint_builder_2d.cc:296] Score histogram:
[cartographer_node-1] Count: 16  Min: 0.592252  Max: 0.81234  Mean: 0.699744
[cartographer_node-1] [0.592252, 0.614260)	                   #	Count: 1 (6.25%)	Total: 1 (6.25%)
[cartographer_node-1] [0.614260, 0.636269)	                    	Count: 0 (0%)	Total: 1 (6.25%)
[cartographer_node-1] [0.636269, 0.658278)	                 ###	Count: 2 (12.5%)	Total: 3 (18.75%)
[cartographer_node-1] [0.658278, 0.680287)	               #####	Count: 4 (25%)	Total: 7 (43.75%)
[cartographer_node-1] [0.680287, 0.702296)	                   #	Count: 1 (6.25%)	Total: 8 (50%)
[cartographer_node-1] [0.702296, 0.724304)	               #####	Count: 4 (25%)	Total: 12 (75%)
[cartographer_node-1] [0.724304, 0.746313)	                   #	Count: 1 (6.25%)	Total: 13 (81.25%)
[cartographer_node-1] [0.746313, 0.768322)	                   #	Count: 1 (6.25%)	Total: 14 (87.5%)
[cartographer_node-1] [0.768322, 0.790331)	                    	Count: 0 (0%)	Total: 14 (87.5%)
[cartographer_node-1] [0.790331, 0.812340]	                 ###	Count: 2 (12.5%)	Total: 16 (100%)
[cartographer_node-1] [INFO] [1778822254.137251397] [cartographer logger]: I0515 14:17:34.000000 59705 pose_graph_2d.cc:538] Remaining work items in queue: 0
[cartographer_node-1] [INFO] [1778822254.137311777] [cartographer logger]: I0515 14:17:34.000000 59705 constraint_builder_2d.cc:294] 0 computations resulted in 0 additional constraints.
[cartographer_node-1] [INFO] [1778822254.137398710] [cartographer logger]: I0515 14:17:34.000000 59705 constraint_builder_2d.cc:296] Score histogram:
[cartographer_node-1] Count: 16  Min: 0.592252  Max: 0.81234  Mean: 0.699744
[cartographer_node-1] [0.592252, 0.614260)	                   #	Count: 1 (6.25%)	Total: 1 (6.25%)
[cartographer_node-1] [0.614260, 0.636269)	                    	Count: 0 (0%)	Total: 1 (6.25%)
[cartographer_node-1] [0.636269, 0.658278)	                 ###	Count: 2 (12.5%)	Total: 3 (18.75%)
[cartographer_node-1] [0.658278, 0.680287)	               #####	Count: 4 (25%)	Total: 7 (43.75%)
[cartographer_node-1] [0.680287, 0.702296)	                   #	Count: 1 (6.25%)	Total: 8 (50%)
[cartographer_node-1] [0.702296, 0.724304)	               #####	Count: 4 (25%)	Total: 12 (75%)
[cartographer_node-1] [0.724304, 0.746313)	                   #	Count: 1 (6.25%)	Total: 13 (81.25%)
[cartographer_node-1] [0.746313, 0.768322)	                   #	Count: 1 (6.25%)	Total: 14 (87.5%)
[cartographer_node-1] [0.768322, 0.790331)	                    	Count: 0 (0%)	Total: 14 (87.5%)
[cartographer_node-1] [0.790331, 0.812340]	                 ###	Count: 2 (12.5%)	Total: 16 (100%)
[cartographer_node-1] [INFO] [1778822254.230905900] [cartographer logger]: I0515 14:17:34.000000 59707 pose_graph_2d.cc:538] Remaining work items in queue: 0
[cartographer_node-1] [INFO] [1778822254.230974282] [cartographer logger]: I0515 14:17:34.000000 59707 constraint_builder_2d.cc:294] 0 computations resulted in 0 additional constraints.
[cartographer_node-1] [INFO] [1778822254.231490191] [cartographer logger]: I0515 14:17:34.000000 59707 constraint_builder_2d.cc:296] Score histogram:
[cartographer_node-1] Count: 16  Min: 0.592252  Max: 0.81234  Mean: 0.699744
[cartographer_node-1] [0.592252, 0.614260)	                   #	Count: 1 (6.25%)	Total: 1 (6.25%)
[cartographer_node-1] [0.614260, 0.636269)	                    	Count: 0 (0%)	Total: 1 (6.25%)
[cartographer_node-1] [0.636269, 0.658278)	                 ###	Count: 2 (12.5%)	Total: 3 (18.75%)
[cartographer_node-1] [0.658278, 0.680287)	               #####	Count: 4 (25%)	Total: 7 (43.75%)
[cartographer_node-1] [0.680287, 0.702296)	                   #	Count: 1 (6.25%)	Total: 8 (50%)
[cartographer_node-1] [0.702296, 0.724304)	               #####	Count: 4 (25%)	Total: 12 (75%)
[cartographer_node-1] [0.724304, 0.746313)	                   #	Count: 1 (6.25%)	Total: 13 (81.25%)
[cartographer_node-1] [0.746313, 0.768322)	                   #	Count: 1 (6.25%)	Total: 14 (87.5%)
[cartographer_node-1] [0.768322, 0.790331)	                    	Count: 0 (0%)	Total: 14 (87.5%)
[cartographer_node-1] [0.790331, 0.812340]	                 ###	Count: 2 (12.5%)	Total: 16 (100%)
[cartographer_node-1] [INFO] [1778822254.284720754] [cartographer logger]: I0515 14:17:34.000000 59678 collated_trajectory_builder.cc:81] imu rate: 52.86 Hz 1.89e-02 s +/- 8.95e-03 s (pulsed at 99.75% real time)
[cartographer_node-1] [INFO] [1778822254.284759272] [cartographer logger]: I0515 14:17:34.000000 59678 collated_trajectory_builder.cc:81] odom_wheel rate: 48.96 Hz 2.04e-02 s +/- 3.17e-03 s (pulsed at 100.08% real time)
[cartographer_node-1] [INFO] [1778822254.284781986] [cartographer logger]: I0515 14:17:34.000000 59678 collated_trajectory_builder.cc:81] scan rate: 39.94 Hz 2.50e-02 s +/- 4.99e-03 s (pulsed at 100.04% real time)
[cartographer_node-1] [INFO] [1778822254.288188419] [cartographer logger]: I0515 14:17:34.000000 59707 pose_graph_2d.cc:538] Remaining work items in queue: 0
[cartographer_node-1] [INFO] [1778822254.288235461] [cartographer logger]: I0515 14:17:34.000000 59707 constraint_builder_2d.cc:294] 0 computations resulted in 0 additional constraints.
[cartographer_node-1] [INFO] [1778822254.288697390] [cartographer logger]: I0515 14:17:34.000000 59707 constraint_builder_2d.cc:296] Score histogram:
[cartographer_node-1] Count: 16  Min: 0.592252  Max: 0.81234  Mean: 0.699744
[cartographer_node-1] [0.592252, 0.614260)	                   #	Count: 1 (6.25%)	Total: 1 (6.25%)
[cartographer_node-1] [0.614260, 0.636269)	                    	Count: 0 (0%)	Total: 1 (6.25%)
[cartographer_node-1] [0.636269, 0.658278)	                 ###	Count: 2 (12.5%)	Total: 3 (18.75%)
[cartographer_node-1] [0.658278, 0.680287)	               #####	Count: 4 (25%)	Total: 7 (43.75%)
[cartographer_node-1] [0.680287, 0.702296)	                   #	Count: 1 (6.25%)	Total: 8 (50%)
[cartographer_node-1] [0.702296, 0.724304)	               #####	Count: 4 (25%)	Total: 12 (75%)
[cartographer_node-1] [0.724304, 0.746313)	                   #	Count: 1 (6.25%)	Total: 13 (81.25%)
[cartographer_node-1] [0.746313, 0.768322)	                   #	Count: 1 (6.25%)	Total: 14 (87.5%)
[cartographer_node-1] [0.768322, 0.790331)	                    	Count: 0 (0%)	Total: 14 (87.5%)
[cartographer_node-1] [0.790331, 0.812340]	                 ###	Count: 2 (12.5%)	Total: 16 (100%)
[cartographer_node-1] [INFO] [1778822254.343222582] [cartographer logger]: I0515 14:17:34.000000 59706 pose_graph_2d.cc:538] Remaining work items in queue: 0
[cartographer_node-1] [INFO] [1778822254.343269553] [cartographer logger]: I0515 14:17:34.000000 59706 constraint_builder_2d.cc:294] 0 computations resulted in 0 additional constraints.
[cartographer_node-1] [INFO] [1778822254.343382066] [cartographer logger]: I0515 14:17:34.000000 59706 constraint_builder_2d.cc:296] Score histogram:
[cartographer_node-1] Count: 16  Min: 0.592252  Max: 0.81234  Mean: 0.699744
[cartographer_node-1] [0.592252, 0.614260)	                   #	Count: 1 (6.25%)	Total: 1 (6.25%)
[cartographer_node-1] [0.614260, 0.636269)	                    	Count: 0 (0%)	Total: 1 (6.25%)
[cartographer_node-1] [0.636269, 0.658278)	                 ###	Count: 2 (12.5%)	Total: 3 (18.75%)
[cartographer_node-1] [0.658278, 0.680287)	               #####	Count: 4 (25%)	Total: 7 (43.75%)
[cartographer_node-1] [0.680287, 0.702296)	                   #	Count: 1 (6.25%)	Total: 8 (50%)
[cartographer_node-1] [0.702296, 0.724304)	               #####	Count: 4 (25%)	Total: 12 (75%)
[cartographer_node-1] [0.724304, 0.746313)	                   #	Count: 1 (6.25%)	Total: 13 (81.25%)
[cartographer_node-1] [0.746313, 0.768322)	                   #	Count: 1 (6.25%)	Total: 14 (87.5%)
[cartographer_node-1] [0.768322, 0.790331)	                    	Count: 0 (0%)	Total: 14 (87.5%)
[cartographer_node-1] [0.790331, 0.812340]	                 ###	Count: 2 (12.5%)	Total: 16 (100%)
[cartographer_node-1] [INFO] [1778822254.406538166] [cartographer logger]: I0515 14:17:34.000000 59706 pose_graph_2d.cc:538] Remaining work items in queue: 0
[cartographer_node-1] [INFO] [1778822254.406575098] [cartographer logger]: I0515 14:17:34.000000 59706 constraint_builder_2d.cc:294] 0 computations resulted in 0 additional constraints.
[cartographer_node-1] [INFO] [1778822254.407118130] [cartographer logger]: I0515 14:17:34.000000 59706 constraint_builder_2d.cc:296] Score histogram:
[cartographer_node-1] Count: 16  Min: 0.592252  Max: 0.81234  Mean: 0.699744
[cartographer_node-1] [0.592252, 0.614260)	                   #	Count: 1 (6.25%)	Total: 1 (6.25%)
[cartographer_node-1] [0.614260, 0.636269)	                    	Count: 0 (0%)	Total: 1 (6.25%)
[cartographer_node-1] [0.636269, 0.658278)	                 ###	Count: 2 (12.5%)	Total: 3 (18.75%)
[cartographer_node-1] [0.658278, 0.680287)	               #####	Count: 4 (25%)	Total: 7 (43.75%)
[cartographer_node-1] [0.680287, 0.702296)	                   #	Count: 1 (6.25%)	Total: 8 (50%)
[cartographer_node-1] [0.702296, 0.724304)	               #####	Count: 4 (25%)	Total: 12 (75%)
[cartographer_node-1] [0.724304, 0.746313)	                   #	Count: 1 (6.25%)	Total: 13 (81.25%)
[cartographer_node-1] [0.746313, 0.768322)	                   #	Count: 1 (6.25%)	Total: 14 (87.5%)
[cartographer_node-1] [0.768322, 0.790331)	                    	Count: 0 (0%)	Total: 14 (87.5%)
[cartographer_node-1] [0.790331, 0.812340]	                 ###	Count: 2 (12.5%)	Total: 16 (100%)
[cartographer_node-1] [INFO] [1778822254.435963507] [cartographer logger]: I0515 14:17:34.000000 59705 pose_graph_2d.cc:538] Remaining work items in queue: 0
[cartographer_node-1] [INFO] [1778822254.470114091] [cartographer logger]: I0515 14:17:34.000000 59704 constraint_builder_2d.cc:294] 1 computations resulted in 0 additional constraints.
[cartographer_node-1] [INFO] [1778822254.470184280] [cartographer logger]: I0515 14:17:34.000000 59704 constraint_builder_2d.cc:296] Score histogram:
[cartographer_node-1] Count: 16  Min: 0.592252  Max: 0.81234  Mean: 0.699744
[cartographer_node-1] [0.592252, 0.614260)	                   #	Count: 1 (6.25%)	Total: 1 (6.25%)
[cartographer_node-1] [0.614260, 0.636269)	                    	Count: 0 (0%)	Total: 1 (6.25%)
[cartographer_node-1] [0.636269, 0.658278)	                 ###	Count: 2 (12.5%)	Total: 3 (18.75%)
[cartographer_node-1] [0.658278, 0.680287)	               #####	Count: 4 (25%)	Total: 7 (43.75%)
[cartographer_node-1] [0.680287, 0.702296)	                   #	Count: 1 (6.25%)	Total: 8 (50%)
[cartographer_node-1] [0.702296, 0.724304)	               #####	Count: 4 (25%)	Total: 12 (75%)
[cartographer_node-1] [0.724304, 0.746313)	                   #	Count: 1 (6.25%)	Total: 13 (81.25%)
[cartographer_node-1] [0.746313, 0.768322)	                   #	Count: 1 (6.25%)	Total: 14 (87.5%)
[cartographer_node-1] [0.768322, 0.790331)	                    	Count: 0 (0%)	Total: 14 (87.5%)
[cartographer_node-1] [0.790331, 0.812340]	                 ###	Count: 2 (12.5%)	Total: 16 (100%)
[cartographer_node-1] [INFO] [1778822254.499497402] [cartographer logger]: I0515 14:17:34.000000 59704 pose_graph_2d.cc:538] Remaining work items in queue: 1
[cartographer_node-1] [INFO] [1778822254.499531340] [cartographer logger]: I0515 14:17:34.000000 59704 constraint_builder_2d.cc:294] 0 computations resulted in 0 additional constraints.
[cartographer_node-1] [INFO] [1778822254.499944414] [cartographer logger]: I0515 14:17:34.000000 59704 constraint_builder_2d.cc:296] Score histogram:
[cartographer_node-1] Count: 16  Min: 0.592252  Max: 0.81234  Mean: 0.699744
[cartographer_node-1] [0.592252, 0.614260)	                   #	Count: 1 (6.25%)	Total: 1 (6.25%)
[cartographer_node-1] [0.614260, 0.636269)	                    	Count: 0 (0%)	Total: 1 (6.25%)
[cartographer_node-1] [0.636269, 0.658278)	                 ###	Count: 2 (12.5%)	Total: 3 (18.75%)
[cartographer_node-1] [0.658278, 0.680287)	               #####	Count: 4 (25%)	Total: 7 (43.75%)
[cartographer_node-1] [0.680287, 0.702296)	                   #	Count: 1 (6.25%)	Total: 8 (50%)
[cartographer_node-1] [0.702296, 0.724304)	               #####	Count: 4 (25%)	Total: 12 (75%)
[cartographer_node-1] [0.724304, 0.746313)	                   #	Count: 1 (6.25%)	Total: 13 (81.25%)
[cartographer_node-1] [0.746313, 0.768322)	                   #	Count: 1 (6.25%)	Total: 14 (87.5%)
[cartographer_node-1] [0.768322, 0.790331)	                    	Count: 0 (0%)	Total: 14 (87.5%)
[cartographer_node-1] [0.790331, 0.812340]	                 ###	Count: 2 (12.5%)	Total: 16 (100%)
[cartographer_node-1] [INFO] [1778822254.559588330] [cartographer logger]: I0515 14:17:34.000000 59706 pose_graph_2d.cc:538] Remaining work items in queue: 1
[cartographer_node-1] [INFO] [1778822254.559631365] [cartographer logger]: I0515 14:17:34.000000 59706 constraint_builder_2d.cc:294] 0 computations resulted in 0 additional constraints.
[cartographer_node-1] [INFO] [1778822254.559722761] [cartographer logger]: I0515 14:17:34.000000 59706 constraint_builder_2d.cc:296] Score histogram:
[cartographer_node-1] Count: 16  Min: 0.592252  Max: 0.81234  Mean: 0.699744
[cartographer_node-1] [0.592252, 0.614260)	                   #	Count: 1 (6.25%)	Total: 1 (6.25%)
[cartographer_node-1] [0.614260, 0.636269)	                    	Count: 0 (0%)	Total: 1 (6.25%)
[cartographer_node-1] [0.636269, 0.658278)	                 ###	Count: 2 (12.5%)	Total: 3 (18.75%)
[cartographer_node-1] [0.658278, 0.680287)	               #####	Count: 4 (25%)	Total: 7 (43.75%)
[cartographer_node-1] [0.680287, 0.702296)	                   #	Count: 1 (6.25%)	Total: 8 (50%)
[cartographer_node-1] [0.702296, 0.724304)	               #####	Count: 4 (25%)	Total: 12 (75%)
[cartographer_node-1] [0.724304, 0.746313)	                   #	Count: 1 (6.25%)	Total: 13 (81.25%)
[cartographer_node-1] [0.746313, 0.768322)	                   #	Count: 1 (6.25%)	Total: 14 (87.5%)
[cartographer_node-1] [0.768322, 0.790331)	                    	Count: 0 (0%)	Total: 14 (87.5%)
[cartographer_node-1] [0.790331, 0.812340]	                 ###	Count: 2 (12.5%)	Total: 16 (100%)
[cartographer_node-1] [INFO] [1778822254.614707204] [cartographer logger]: I0515 14:17:34.000000 59706 pose_graph_2d.cc:538] Remaining work items in queue: 0
[cartographer_node-1] [INFO] [1778822254.614753692] [cartographer logger]: I0515 14:17:34.000000 59706 constraint_builder_2d.cc:294] 0 computations resulted in 0 additional constraints.
[cartographer_node-1] [INFO] [1778822254.614952950] [cartographer logger]: I0515 14:17:34.000000 59706 constraint_builder_2d.cc:296] Score histogram:
[cartographer_node-1] Count: 16  Min: 0.592252  Max: 0.81234  Mean: 0.699744
[cartographer_node-1] [0.592252, 0.614260)	                   #	Count: 1 (6.25%)	Total: 1 (6.25%)
[cartographer_node-1] [0.614260, 0.636269)	                    	Count: 0 (0%)	Total: 1 (6.25%)
[cartographer_node-1] [0.636269, 0.658278)	                 ###	Count: 2 (12.5%)	Total: 3 (18.75%)
[cartographer_node-1] [0.658278, 0.680287)	               #####	Count: 4 (25%)	Total: 7 (43.75%)
[cartographer_node-1] [0.680287, 0.702296)	                   #	Count: 1 (6.25%)	Total: 8 (50%)
[cartographer_node-1] [0.702296, 0.724304)	               #####	Count: 4 (25%)	Total: 12 (75%)
[cartographer_node-1] [0.724304, 0.746313)	                   #	Count: 1 (6.25%)	Total: 13 (81.25%)
[cartographer_node-1] [0.746313, 0.768322)	                   #	Count: 1 (6.25%)	Total: 14 (87.5%)
[cartographer_node-1] [0.768322, 0.790331)	                    	Count: 0 (0%)	Total: 14 (87.5%)
[cartographer_node-1] [0.790331, 0.812340]	                 ###	Count: 2 (12.5%)	Total: 16 (100%)
[cartographer_node-1] [INFO] [1778822254.666745508] [cartographer logger]: I0515 14:17:34.000000 59707 pose_graph_2d.cc:538] Remaining work items in queue: 0
[cartographer_node-1] [INFO] [1778822254.666781263] [cartographer logger]: I0515 14:17:34.000000 59707 constraint_builder_2d.cc:294] 0 computations resulted in 0 additional constraints.
[cartographer_node-1] [INFO] [1778822254.667238702] [cartographer logger]: I0515 14:17:34.000000 59707 constraint_builder_2d.cc:296] Score histogram:
[cartographer_node-1] Count: 16  Min: 0.592252  Max: 0.81234  Mean: 0.699744
[cartographer_node-1] [0.592252, 0.614260)	                   #	Count: 1 (6.25%)	Total: 1 (6.25%)
[cartographer_node-1] [0.614260, 0.636269)	                    	Count: 0 (0%)	Total: 1 (6.25%)
[cartographer_node-1] [0.636269, 0.658278)	                 ###	Count: 2 (12.5%)	Total: 3 (18.75%)
[cartographer_node-1] [0.658278, 0.680287)	               #####	Count: 4 (25%)	Total: 7 (43.75%)
[cartographer_node-1] [0.680287, 0.702296)	                   #	Count: 1 (6.25%)	Total: 8 (50%)
[cartographer_node-1] [0.702296, 0.724304)	               #####	Count: 4 (25%)	Total: 12 (75%)
[cartographer_node-1] [0.724304, 0.746313)	                   #	Count: 1 (6.25%)	Total: 13 (81.25%)
[cartographer_node-1] [0.746313, 0.768322)	                   #	Count: 1 (6.25%)	Total: 14 (87.5%)
[cartographer_node-1] [0.768322, 0.790331)	                    	Count: 0 (0%)	Total: 14 (87.5%)
[cartographer_node-1] [0.790331, 0.812340]	                 ###	Count: 2 (12.5%)	Total: 16 (100%)
[cartographer_node-1] [INFO] [1778822254.693557037] [cartographer logger]: I0515 14:17:34.000000 59707 pose_graph_2d.cc:538] Remaining work items in queue: 0
[cartographer_node-1] [INFO] [1778822254.693595542] [cartographer logger]: I0515 14:17:34.000000 59707 constraint_builder_2d.cc:294] 0 computations resulted in 0 additional constraints.
[cartographer_node-1] [INFO] [1778822254.693982635] [cartographer logger]: I0515 14:17:34.000000 59707 constraint_builder_2d.cc:296] Score histogram:
[cartographer_node-1] Count: 16  Min: 0.592252  Max: 0.81234  Mean: 0.699744
[cartographer_node-1] [0.592252, 0.614260)	                   #	Count: 1 (6.25%)	Total: 1 (6.25%)
[cartographer_node-1] [0.614260, 0.636269)	                    	Count: 0 (0%)	Total: 1 (6.25%)
[cartographer_node-1] [0.636269, 0.658278)	                 ###	Count: 2 (12.5%)	Total: 3 (18.75%)
[cartographer_node-1] [0.658278, 0.680287)	               #####	Count: 4 (25%)	Total: 7 (43.75%)
[cartographer_node-1] [0.680287, 0.702296)	                   #	Count: 1 (6.25%)	Total: 8 (50%)
[cartographer_node-1] [0.702296, 0.724304)	               #####	Count: 4 (25%)	Total: 12 (75%)
[cartographer_node-1] [0.724304, 0.746313)	                   #	Count: 1 (6.25%)	Total: 13 (81.25%)
[cartographer_node-1] [0.746313, 0.768322)	                   #	Count: 1 (6.25%)	Total: 14 (87.5%)
[cartographer_node-1] [0.768322, 0.790331)	                    	Count: 0 (0%)	Total: 14 (87.5%)
[cartographer_node-1] [0.790331, 0.812340]	                 ###	Count: 2 (12.5%)	Total: 16 (100%)
[cartographer_node-1] [INFO] [1778822254.734922844] [cartographer logger]: I0515 14:17:34.000000 59707 pose_graph_2d.cc:538] Remaining work items in queue: 1
[cartographer_node-1] [INFO] [1778822254.734960058] [cartographer logger]: I0515 14:17:34.000000 59707 constraint_builder_2d.cc:294] 0 computations resulted in 0 additional constraints.
[cartographer_node-1] [INFO] [1778822254.735132525] [cartographer logger]: I0515 14:17:34.000000 59707 constraint_builder_2d.cc:296] Score histogram:
[cartographer_node-1] Count: 16  Min: 0.592252  Max: 0.81234  Mean: 0.699744
[cartographer_node-1] [0.592252, 0.614260)	                   #	Count: 1 (6.25%)	Total: 1 (6.25%)
[cartographer_node-1] [0.614260, 0.636269)	                    	Count: 0 (0%)	Total: 1 (6.25%)
[cartographer_node-1] [0.636269, 0.658278)	                 ###	Count: 2 (12.5%)	Total: 3 (18.75%)
[cartographer_node-1] [0.658278, 0.680287)	               #####	Count: 4 (25%)	Total: 7 (43.75%)
[cartographer_node-1] [0.680287, 0.702296)	                   #	Count: 1 (6.25%)	Total: 8 (50%)
[cartographer_node-1] [0.702296, 0.724304)	               #####	Count: 4 (25%)	Total: 12 (75%)
[cartographer_node-1] [0.724304, 0.746313)	                   #	Count: 1 (6.25%)	Total: 13 (81.25%)
[cartographer_node-1] [0.746313, 0.768322)	                   #	Count: 1 (6.25%)	Total: 14 (87.5%)
[cartographer_node-1] [0.768322, 0.790331)	                    	Count: 0 (0%)	Total: 14 (87.5%)
[cartographer_node-1] [0.790331, 0.812340]	                 ###	Count: 2 (12.5%)	Total: 16 (100%)
[cartographer_node-1] [INFO] [1778822254.809236186] [cartographer logger]: I0515 14:17:34.000000 59707 pose_graph_2d.cc:538] Remaining work items in queue: 0
[cartographer_node-1] [INFO] [1778822254.833951448] [cartographer logger]: I0515 14:17:34.000000 59706 constraint_builder_2d.cc:279] Node (1, 342) with 203 points on submap (0, 12) matches with score 66.8%.
[cartographer_node-1] [INFO] [1778822254.833991815] [cartographer logger]: I0515 14:17:34.000000 59706 constraint_builder_2d.cc:294] 1 computations resulted in 1 additional constraints.
[cartographer_node-1] [INFO] [1778822254.834021342] [cartographer logger]: I0515 14:17:34.000000 59706 constraint_builder_2d.cc:296] Score histogram:
[cartographer_node-1] Count: 17  Min: 0.592252  Max: 0.81234  Mean: 0.697896
[cartographer_node-1] [0.592252, 0.614260)	                   #	Count: 1 (5.88235%)	Total: 1 (5.88235%)
[cartographer_node-1] [0.614260, 0.636269)	                    	Count: 0 (0%)	Total: 1 (5.88235%)
[cartographer_node-1] [0.636269, 0.658278)	                  ##	Count: 2 (11.7647%)	Total: 3 (17.6471%)
[cartographer_node-1] [0.658278, 0.680287)	              ######	Count: 5 (29.4118%)	Total: 8 (47.0588%)
[cartographer_node-1] [0.680287, 0.702296)	                   #	Count: 1 (5.88235%)	Total: 9 (52.9412%)
[cartographer_node-1] [0.702296, 0.724304)	               #####	Count: 4 (23.5294%)	Total: 13 (76.4706%)
[cartographer_node-1] [0.724304, 0.746313)	                   #	Count: 1 (5.88235%)	Total: 14 (82.3529%)
[cartographer_node-1] [0.746313, 0.768322)	                   #	Count: 1 (5.88235%)	Total: 15 (88.2353%)
[cartographer_node-1] [0.768322, 0.790331)	                    	Count: 0 (0%)	Total: 15 (88.2353%)
[cartographer_node-1] [0.790331, 0.812340]	                  ##	Count: 2 (11.7647%)	Total: 17 (100%)
[cartographer_node-1] [INFO] [1778822254.895037250] [cartographer logger]: I0515 14:17:34.000000 59706 pose_graph_2d.cc:538] Remaining work items in queue: 4
[cartographer_node-1] [INFO] [1778822254.895074736] [cartographer logger]: I0515 14:17:34.000000 59706 constraint_builder_2d.cc:294] 0 computations resulted in 0 additional constraints.
[cartographer_node-1] [INFO] [1778822254.895171556] [cartographer logger]: I0515 14:17:34.000000 59706 constraint_builder_2d.cc:296] Score histogram:
[cartographer_node-1] Count: 17  Min: 0.592252  Max: 0.81234  Mean: 0.697896
[cartographer_node-1] [0.592252, 0.614260)	                   #	Count: 1 (5.88235%)	Total: 1 (5.88235%)
[cartographer_node-1] [0.614260, 0.636269)	                    	Count: 0 (0%)	Total: 1 (5.88235%)
[cartographer_node-1] [0.636269, 0.658278)	                  ##	Count: 2 (11.7647%)	Total: 3 (17.6471%)
[cartographer_node-1] [0.658278, 0.680287)	              ######	Count: 5 (29.4118%)	Total: 8 (47.0588%)
[cartographer_node-1] [0.680287, 0.702296)	                   #	Count: 1 (5.88235%)	Total: 9 (52.9412%)
[cartographer_node-1] [0.702296, 0.724304)	               #####	Count: 4 (23.5294%)	Total: 13 (76.4706%)
[cartographer_node-1] [0.724304, 0.746313)	                   #	Count: 1 (5.88235%)	Total: 14 (82.3529%)
[cartographer_node-1] [0.746313, 0.768322)	                   #	Count: 1 (5.88235%)	Total: 15 (88.2353%)
[cartographer_node-1] [0.768322, 0.790331)	                    	Count: 0 (0%)	Total: 15 (88.2353%)
[cartographer_node-1] [0.790331, 0.812340]	                  ##	Count: 2 (11.7647%)	Total: 17 (100%)
[cartographer_node-1] [INFO] [1778822254.925088577] [cartographer logger]: I0515 14:17:34.000000 59706 pose_graph_2d.cc:538] Remaining work items in queue: 2
[cartographer_node-1] [INFO] [1778822254.925306006] [cartographer logger]: I0515 14:17:34.000000 59706 constraint_builder_2d.cc:294] 0 computations resulted in 0 additional constraints.
[cartographer_node-1] [INFO] [1778822254.925467362] [cartographer logger]: I0515 14:17:34.000000 59706 constraint_builder_2d.cc:296] Score histogram:
[cartographer_node-1] Count: 17  Min: 0.592252  Max: 0.81234  Mean: 0.697896
[cartographer_node-1] [0.592252, 0.614260)	                   #	Count: 1 (5.88235%)	Total: 1 (5.88235%)
[cartographer_node-1] [0.614260, 0.636269)	                    	Count: 0 (0%)	Total: 1 (5.88235%)
[cartographer_node-1] [0.636269, 0.658278)	                  ##	Count: 2 (11.7647%)	Total: 3 (17.6471%)
[cartographer_node-1] [0.658278, 0.680287)	              ######	Count: 5 (29.4118%)	Total: 8 (47.0588%)
[cartographer_node-1] [0.680287, 0.702296)	                   #	Count: 1 (5.88235%)	Total: 9 (52.9412%)
[cartographer_node-1] [0.702296, 0.724304)	               #####	Count: 4 (23.5294%)	Total: 13 (76.4706%)
[cartographer_node-1] [0.724304, 0.746313)	                   #	Count: 1 (5.88235%)	Total: 14 (82.3529%)
[cartographer_node-1] [0.746313, 0.768322)	                   #	Count: 1 (5.88235%)	Total: 15 (88.2353%)
[cartographer_node-1] [0.768322, 0.790331)	                    	Count: 0 (0%)	Total: 15 (88.2353%)
[cartographer_node-1] [0.790331, 0.812340]	                  ##	Count: 2 (11.7647%)	Total: 17 (100%)
[cartographer_node-1] [INFO] [1778822254.955187268] [cartographer logger]: I0515 14:17:34.000000 59707 pose_graph_2d.cc:538] Remaining work items in queue: 0
[cartographer_node-1] [INFO] [1778822254.955230930] [cartographer logger]: I0515 14:17:34.000000 59707 constraint_builder_2d.cc:294] 0 computations resulted in 0 additional constraints.
[cartographer_node-1] [INFO] [1778822254.955668153] [cartographer logger]: I0515 14:17:34.000000 59707 constraint_builder_2d.cc:296] Score histogram:
[cartographer_node-1] Count: 17  Min: 0.592252  Max: 0.81234  Mean: 0.697896
[cartographer_node-1] [0.592252, 0.614260)	                   #	Count: 1 (5.88235%)	Total: 1 (5.88235%)
[cartographer_node-1] [0.614260, 0.636269)	                    	Count: 0 (0%)	Total: 1 (5.88235%)
[cartographer_node-1] [0.636269, 0.658278)	                  ##	Count: 2 (11.7647%)	Total: 3 (17.6471%)
[cartographer_node-1] [0.658278, 0.680287)	              ######	Count: 5 (29.4118%)	Total: 8 (47.0588%)
[cartographer_node-1] [0.680287, 0.702296)	                   #	Count: 1 (5.88235%)	Total: 9 (52.9412%)
[cartographer_node-1] [0.702296, 0.724304)	               #####	Count: 4 (23.5294%)	Total: 13 (76.4706%)
[cartographer_node-1] [0.724304, 0.746313)	                   #	Count: 1 (5.88235%)	Total: 14 (82.3529%)
[cartographer_node-1] [0.746313, 0.768322)	                   #	Count: 1 (5.88235%)	Total: 15 (88.2353%)
[cartographer_node-1] [0.768322, 0.790331)	                    	Count: 0 (0%)	Total: 15 (88.2353%)
[cartographer_node-1] [0.790331, 0.812340]	                  ##	Count: 2 (11.7647%)	Total: 17 (100%)
[cartographer_node-1] [INFO] [1778822255.009964044] [cartographer logger]: I0515 14:17:35.000000 59707 pose_graph_2d.cc:538] Remaining work items in queue: 0
[cartographer_node-1] [INFO] [1778822255.010005228] [cartographer logger]: I0515 14:17:35.000000 59707 constraint_builder_2d.cc:294] 0 computations resulted in 0 additional constraints.
[cartographer_node-1] [INFO] [1778822255.010442733] [cartographer logger]: I0515 14:17:35.000000 59707 constraint_builder_2d.cc:296] Score histogram:
[cartographer_node-1] Count: 17  Min: 0.592252  Max: 0.81234  Mean: 0.697896
[cartographer_node-1] [0.592252, 0.614260)	                   #	Count: 1 (5.88235%)	Total: 1 (5.88235%)
[cartographer_node-1] [0.614260, 0.636269)	                    	Count: 0 (0%)	Total: 1 (5.88235%)
[cartographer_node-1] [0.636269, 0.658278)	                  ##	Count: 2 (11.7647%)	Total: 3 (17.6471%)
[cartographer_node-1] [0.658278, 0.680287)	              ######	Count: 5 (29.4118%)	Total: 8 (47.0588%)
[cartographer_node-1] [0.680287, 0.702296)	                   #	Count: 1 (5.88235%)	Total: 9 (52.9412%)
[cartographer_node-1] [0.702296, 0.724304)	               #####	Count: 4 (23.5294%)	Total: 13 (76.4706%)
[cartographer_node-1] [0.724304, 0.746313)	                   #	Count: 1 (5.88235%)	Total: 14 (82.3529%)
[cartographer_node-1] [0.746313, 0.768322)	                   #	Count: 1 (5.88235%)	Total: 15 (88.2353%)
[cartographer_node-1] [0.768322, 0.790331)	                    	Count: 0 (0%)	Total: 15 (88.2353%)
[cartographer_node-1] [0.790331, 0.812340]	                  ##	Count: 2 (11.7647%)	Total: 17 (100%)
[cartographer_node-1] [INFO] [1778822255.068137427] [cartographer logger]: I0515 14:17:35.000000 59706 pose_graph_2d.cc:538] Remaining work items in queue: 1
[cartographer_node-1] [INFO] [1778822255.068191187] [cartographer logger]: I0515 14:17:35.000000 59706 constraint_builder_2d.cc:294] 0 computations resulted in 0 additional constraints.
[cartographer_node-1] [INFO] [1778822255.068309973] [cartographer logger]: I0515 14:17:35.000000 59706 constraint_builder_2d.cc:296] Score histogram:
[cartographer_node-1] Count: 17  Min: 0.592252  Max: 0.81234  Mean: 0.697896
[cartographer_node-1] [0.592252, 0.614260)	                   #	Count: 1 (5.88235%)	Total: 1 (5.88235%)
[cartographer_node-1] [0.614260, 0.636269)	                    	Count: 0 (0%)	Total: 1 (5.88235%)
[cartographer_node-1] [0.636269, 0.658278)	                  ##	Count: 2 (11.7647%)	Total: 3 (17.6471%)
[cartographer_node-1] [0.658278, 0.680287)	              ######	Count: 5 (29.4118%)	Total: 8 (47.0588%)
[cartographer_node-1] [0.680287, 0.702296)	                   #	Count: 1 (5.88235%)	Total: 9 (52.9412%)
[cartographer_node-1] [0.702296, 0.724304)	               #####	Count: 4 (23.5294%)	Total: 13 (76.4706%)
[cartographer_node-1] [0.724304, 0.746313)	                   #	Count: 1 (5.88235%)	Total: 14 (82.3529%)
[cartographer_node-1] [0.746313, 0.768322)	                   #	Count: 1 (5.88235%)	Total: 15 (88.2353%)
[cartographer_node-1] [0.768322, 0.790331)	                    	Count: 0 (0%)	Total: 15 (88.2353%)
[cartographer_node-1] [0.790331, 0.812340]	                  ##	Count: 2 (11.7647%)	Total: 17 (100%)
[cartographer_node-1] [INFO] [1778822255.101774147] [cartographer logger]: I0515 14:17:35.000000 59706 pose_graph_2d.cc:538] Remaining work items in queue: 1
[cartographer_node-1] [INFO] [1778822255.101805487] [cartographer logger]: I0515 14:17:35.000000 59706 constraint_builder_2d.cc:294] 0 computations resulted in 0 additional constraints.
[cartographer_node-1] [INFO] [1778822255.101895649] [cartographer logger]: I0515 14:17:35.000000 59706 constraint_builder_2d.cc:296] Score histogram:
[cartographer_node-1] Count: 17  Min: 0.592252  Max: 0.81234  Mean: 0.697896
[cartographer_node-1] [0.592252, 0.614260)	                   #	Count: 1 (5.88235%)	Total: 1 (5.88235%)
[cartographer_node-1] [0.614260, 0.636269)	                    	Count: 0 (0%)	Total: 1 (5.88235%)
[cartographer_node-1] [0.636269, 0.658278)	                  ##	Count: 2 (11.7647%)	Total: 3 (17.6471%)
[cartographer_node-1] [0.658278, 0.680287)	              ######	Count: 5 (29.4118%)	Total: 8 (47.0588%)
[cartographer_node-1] [0.680287, 0.702296)	                   #	Count: 1 (5.88235%)	Total: 9 (52.9412%)
[cartographer_node-1] [0.702296, 0.724304)	               #####	Count: 4 (23.5294%)	Total: 13 (76.4706%)
[cartographer_node-1] [0.724304, 0.746313)	                   #	Count: 1 (5.88235%)	Total: 14 (82.3529%)
[cartographer_node-1] [0.746313, 0.768322)	                   #	Count: 1 (5.88235%)	Total: 15 (88.2353%)
[cartographer_node-1] [0.768322, 0.790331)	                    	Count: 0 (0%)	Total: 15 (88.2353%)
[cartographer_node-1] [0.790331, 0.812340]	                  ##	Count: 2 (11.7647%)	Total: 17 (100%)
[cartographer_node-1] [INFO] [1778822255.141548892] [cartographer logger]: I0515 14:17:35.000000 59705 pose_graph_2d.cc:538] Remaining work items in queue: 0
[cartographer_node-1] [INFO] [1778822255.215318149] [cartographer logger]: I0515 14:17:35.000000 59705 constraint_builder_2d.cc:294] 1 computations resulted in 0 additional constraints.
[cartographer_node-1] [INFO] [1778822255.215368447] [cartographer logger]: I0515 14:17:35.000000 59705 constraint_builder_2d.cc:296] Score histogram:
[cartographer_node-1] Count: 17  Min: 0.592252  Max: 0.81234  Mean: 0.697896
[cartographer_node-1] [0.592252, 0.614260)	                   #	Count: 1 (5.88235%)	Total: 1 (5.88235%)
[cartographer_node-1] [0.614260, 0.636269)	                    	Count: 0 (0%)	Total: 1 (5.88235%)
[cartographer_node-1] [0.636269, 0.658278)	                  ##	Count: 2 (11.7647%)	Total: 3 (17.6471%)
[cartographer_node-1] [0.658278, 0.680287)	              ######	Count: 5 (29.4118%)	Total: 8 (47.0588%)
[cartographer_node-1] [0.680287, 0.702296)	                   #	Count: 1 (5.88235%)	Total: 9 (52.9412%)
[cartographer_node-1] [0.702296, 0.724304)	               #####	Count: 4 (23.5294%)	Total: 13 (76.4706%)
[cartographer_node-1] [0.724304, 0.746313)	                   #	Count: 1 (5.88235%)	Total: 14 (82.3529%)
[cartographer_node-1] [0.746313, 0.768322)	                   #	Count: 1 (5.88235%)	Total: 15 (88.2353%)
[cartographer_node-1] [0.768322, 0.790331)	                    	Count: 0 (0%)	Total: 15 (88.2353%)
[cartographer_node-1] [0.790331, 0.812340]	                  ##	Count: 2 (11.7647%)	Total: 17 (100%)
[cartographer_node-1] [INFO] [1778822255.246803580] [cartographer logger]: I0515 14:17:35.000000 59678 pose_graph_2d.cc:148] Inserted submap (1, 4).
[cartographer_node-1] [INFO] [1778822255.247813056] [cartographer logger]: I0515 14:17:35.000000 59705 pose_graph_2d.cc:538] Remaining work items in queue: 4
[cartographer_node-1] [INFO] [1778822255.333265520] [cartographer logger]: I0515 14:17:35.000000 59707 constraint_builder_2d.cc:279] Node (0, 1236) with 203 points on submap (1, 2) matches with score 71.4%.
[cartographer_node-1] [INFO] [1778822255.388945168] [cartographer logger]: I0515 14:17:35.000000 59704 constraint_builder_2d.cc:279] Node (0, 636) with 206 points on submap (1, 2) matches with score 67.5%.
[cartographer_node-1] [INFO] [1778822255.393530748] [cartographer logger]: I0515 14:17:35.000000 59706 constraint_builder_2d.cc:279] Node (0, 36) with 209 points on submap (1, 2) matches with score 64.5%.
[cartographer_node-1] [INFO] [1778822255.508616037] [cartographer logger]: I0515 14:17:35.000000 59704 constraint_builder_2d.cc:294] 8 computations resulted in 3 additional constraints.
[cartographer_node-1] [INFO] [1778822255.508746666] [cartographer logger]: I0515 14:17:35.000000 59704 constraint_builder_2d.cc:296] Score histogram:
[cartographer_node-1] Count: 20  Min: 0.592252  Max: 0.81234  Mean: 0.694857
[cartographer_node-1] [0.592252, 0.614260)	                   #	Count: 1 (5%)	Total: 1 (5%)
[cartographer_node-1] [0.614260, 0.636269)	                    	Count: 0 (0%)	Total: 1 (5%)
[cartographer_node-1] [0.636269, 0.658278)	                 ###	Count: 3 (15%)	Total: 4 (20%)
[cartographer_node-1] [0.658278, 0.680287)	              ######	Count: 6 (30%)	Total: 10 (50%)
[cartographer_node-1] [0.680287, 0.702296)	                   #	Count: 1 (5%)	Total: 11 (55%)
[cartographer_node-1] [0.702296, 0.724304)	               #####	Count: 5 (25%)	Total: 16 (80%)
[cartographer_node-1] [0.724304, 0.746313)	                   #	Count: 1 (5%)	Total: 17 (85%)
[cartographer_node-1] [0.746313, 0.768322)	                   #	Count: 1 (5%)	Total: 18 (90%)
[cartographer_node-1] [0.768322, 0.790331)	                    	Count: 0 (0%)	Total: 18 (90%)
[cartographer_node-1] [0.790331, 0.812340]	                  ##	Count: 2 (10%)	Total: 20 (100%)
[cartographer_node-1] [INFO] [1778822255.562423754] [cartographer logger]: I0515 14:17:35.000000 59704 pose_graph_2d.cc:538] Remaining work items in queue: 41
[cartographer_node-1] [INFO] [1778822255.562465409] [cartographer logger]: I0515 14:17:35.000000 59704 constraint_builder_2d.cc:294] 0 computations resulted in 0 additional constraints.
[cartographer_node-1] [INFO] [1778822255.563126614] [cartographer logger]: I0515 14:17:35.000000 59704 constraint_builder_2d.cc:296] Score histogram:
[cartographer_node-1] Count: 20  Min: 0.592252  Max: 0.81234  Mean: 0.694857
[cartographer_node-1] [0.592252, 0.614260)	                   #	Count: 1 (5%)	Total: 1 (5%)
[cartographer_node-1] [0.614260, 0.636269)	                    	Count: 0 (0%)	Total: 1 (5%)
[cartographer_node-1] [0.636269, 0.658278)	                 ###	Count: 3 (15%)	Total: 4 (20%)
[cartographer_node-1] [0.658278, 0.680287)	              ######	Count: 6 (30%)	Total: 10 (50%)
[cartographer_node-1] [0.680287, 0.702296)	                   #	Count: 1 (5%)	Total: 11 (55%)
[cartographer_node-1] [0.702296, 0.724304)	               #####	Count: 5 (25%)	Total: 16 (80%)
[cartographer_node-1] [0.724304, 0.746313)	                   #	Count: 1 (5%)	Total: 17 (85%)
[cartographer_node-1] [0.746313, 0.768322)	                   #	Count: 1 (5%)	Total: 18 (90%)
[cartographer_node-1] [0.768322, 0.790331)	                    	Count: 0 (0%)	Total: 18 (90%)
[cartographer_node-1] [0.790331, 0.812340]	                  ##	Count: 2 (10%)	Total: 20 (100%)
[cartographer_node-1] [INFO] [1778822255.598796418] [cartographer logger]: I0515 14:17:35.000000 59704 pose_graph_2d.cc:538] Remaining work items in queue: 43
[cartographer_node-1] [INFO] [1778822255.598836385] [cartographer logger]: I0515 14:17:35.000000 59704 constraint_builder_2d.cc:294] 0 computations resulted in 0 additional constraints.
[cartographer_node-1] [INFO] [1778822255.598973028] [cartographer logger]: I0515 14:17:35.000000 59704 constraint_builder_2d.cc:296] Score histogram:
[cartographer_node-1] Count: 20  Min: 0.592252  Max: 0.81234  Mean: 0.694857
[cartographer_node-1] [0.592252, 0.614260)	                   #	Count: 1 (5%)	Total: 1 (5%)
[cartographer_node-1] [0.614260, 0.636269)	                    	Count: 0 (0%)	Total: 1 (5%)
[cartographer_node-1] [0.636269, 0.658278)	                 ###	Count: 3 (15%)	Total: 4 (20%)
[cartographer_node-1] [0.658278, 0.680287)	              ######	Count: 6 (30%)	Total: 10 (50%)
[cartographer_node-1] [0.680287, 0.702296)	                   #	Count: 1 (5%)	Total: 11 (55%)
[cartographer_node-1] [0.702296, 0.724304)	               #####	Count: 5 (25%)	Total: 16 (80%)
[cartographer_node-1] [0.724304, 0.746313)	                   #	Count: 1 (5%)	Total: 17 (85%)
[cartographer_node-1] [0.746313, 0.768322)	                   #	Count: 1 (5%)	Total: 18 (90%)
[cartographer_node-1] [0.768322, 0.790331)	                    	Count: 0 (0%)	Total: 18 (90%)
[cartographer_node-1] [0.790331, 0.812340]	                  ##	Count: 2 (10%)	Total: 20 (100%)
[cartographer_node-1] [INFO] [1778822255.641053836] [cartographer logger]: I0515 14:17:35.000000 59704 pose_graph_2d.cc:538] Remaining work items in queue: 40
[cartographer_node-1] [INFO] [1778822255.641092748] [cartographer logger]: I0515 14:17:35.000000 59704 constraint_builder_2d.cc:294] 0 computations resulted in 0 additional constraints.
[cartographer_node-1] [INFO] [1778822255.641227452] [cartographer logger]: I0515 14:17:35.000000 59704 constraint_builder_2d.cc:296] Score histogram:
[cartographer_node-1] Count: 20  Min: 0.592252  Max: 0.81234  Mean: 0.694857
[cartographer_node-1] [0.592252, 0.614260)	                   #	Count: 1 (5%)	Total: 1 (5%)
[cartographer_node-1] [0.614260, 0.636269)	                    	Count: 0 (0%)	Total: 1 (5%)
[cartographer_node-1] [0.636269, 0.658278)	                 ###	Count: 3 (15%)	Total: 4 (20%)
[cartographer_node-1] [0.658278, 0.680287)	              ######	Count: 6 (30%)	Total: 10 (50%)
[cartographer_node-1] [0.680287, 0.702296)	                   #	Count: 1 (5%)	Total: 11 (55%)
[cartographer_node-1] [0.702296, 0.724304)	               #####	Count: 5 (25%)	Total: 16 (80%)
[cartographer_node-1] [0.724304, 0.746313)	                   #	Count: 1 (5%)	Total: 17 (85%)
[cartographer_node-1] [0.746313, 0.768322)	                   #	Count: 1 (5%)	Total: 18 (90%)
[cartographer_node-1] [0.768322, 0.790331)	                    	Count: 0 (0%)	Total: 18 (90%)
[cartographer_node-1] [0.790331, 0.812340]	                  ##	Count: 2 (10%)	Total: 20 (100%)
[cartographer_node-1] [INFO] [1778822255.666568050] [cartographer logger]: I0515 14:17:35.000000 59704 pose_graph_2d.cc:538] Remaining work items in queue: 36
[cartographer_node-1] [INFO] [1778822255.666608983] [cartographer logger]: I0515 14:17:35.000000 59704 constraint_builder_2d.cc:294] 0 computations resulted in 0 additional constraints.
[cartographer_node-1] [INFO] [1778822255.667224018] [cartographer logger]: I0515 14:17:35.000000 59704 constraint_builder_2d.cc:296] Score histogram:
[cartographer_node-1] Count: 20  Min: 0.592252  Max: 0.81234  Mean: 0.694857
[cartographer_node-1] [0.592252, 0.614260)	                   #	Count: 1 (5%)	Total: 1 (5%)
[cartographer_node-1] [0.614260, 0.636269)	                    	Count: 0 (0%)	Total: 1 (5%)
[cartographer_node-1] [0.636269, 0.658278)	                 ###	Count: 3 (15%)	Total: 4 (20%)
[cartographer_node-1] [0.658278, 0.680287)	              ######	Count: 6 (30%)	Total: 10 (50%)
[cartographer_node-1] [0.680287, 0.702296)	                   #	Count: 1 (5%)	Total: 11 (55%)
[cartographer_node-1] [0.702296, 0.724304)	               #####	Count: 5 (25%)	Total: 16 (80%)
[cartographer_node-1] [0.724304, 0.746313)	                   #	Count: 1 (5%)	Total: 17 (85%)
[cartographer_node-1] [0.746313, 0.768322)	                   #	Count: 1 (5%)	Total: 18 (90%)
[cartographer_node-1] [0.768322, 0.790331)	                    	Count: 0 (0%)	Total: 18 (90%)
[cartographer_node-1] [0.790331, 0.812340]	                  ##	Count: 2 (10%)	Total: 20 (100%)
[cartographer_node-1] [INFO] [1778822255.693318200] [cartographer logger]: I0515 14:17:35.000000 59704 pose_graph_2d.cc:538] Remaining work items in queue: 32
[cartographer_node-1] [INFO] [1778822255.693391967] [cartographer logger]: I0515 14:17:35.000000 59704 constraint_builder_2d.cc:294] 0 computations resulted in 0 additional constraints.
[cartographer_node-1] [INFO] [1778822255.693873928] [cartographer logger]: I0515 14:17:35.000000 59704 constraint_builder_2d.cc:296] Score histogram:
[cartographer_node-1] Count: 20  Min: 0.592252  Max: 0.81234  Mean: 0.694857
[cartographer_node-1] [0.592252, 0.614260)	                   #	Count: 1 (5%)	Total: 1 (5%)
[cartographer_node-1] [0.614260, 0.636269)	                    	Count: 0 (0%)	Total: 1 (5%)
[cartographer_node-1] [0.636269, 0.658278)	                 ###	Count: 3 (15%)	Total: 4 (20%)
[cartographer_node-1] [0.658278, 0.680287)	              ######	Count: 6 (30%)	Total: 10 (50%)
[cartographer_node-1] [0.680287, 0.702296)	                   #	Count: 1 (5%)	Total: 11 (55%)
[cartographer_node-1] [0.702296, 0.724304)	               #####	Count: 5 (25%)	Total: 16 (80%)
[cartographer_node-1] [0.724304, 0.746313)	                   #	Count: 1 (5%)	Total: 17 (85%)
[cartographer_node-1] [0.746313, 0.768322)	                   #	Count: 1 (5%)	Total: 18 (90%)
[cartographer_node-1] [0.768322, 0.790331)	                    	Count: 0 (0%)	Total: 18 (90%)
[cartographer_node-1] [0.790331, 0.812340]	                  ##	Count: 2 (10%)	Total: 20 (100%)
[cartographer_node-1] [INFO] [1778822255.719351690] [cartographer logger]: I0515 14:17:35.000000 59704 pose_graph_2d.cc:538] Remaining work items in queue: 27
[cartographer_node-1] [INFO] [1778822255.801152689] [cartographer logger]: I0515 14:17:35.000000 59706 constraint_builder_2d.cc:294] 1 computations resulted in 0 additional constraints.
[cartographer_node-1] [INFO] [1778822255.801222714] [cartographer logger]: I0515 14:17:35.000000 59706 constraint_builder_2d.cc:296] Score histogram:
[cartographer_node-1] Count: 20  Min: 0.592252  Max: 0.81234  Mean: 0.694857
[cartographer_node-1] [0.592252, 0.614260)	                   #	Count: 1 (5%)	Total: 1 (5%)
[cartographer_node-1] [0.614260, 0.636269)	                    	Count: 0 (0%)	Total: 1 (5%)
[cartographer_node-1] [0.636269, 0.658278)	                 ###	Count: 3 (15%)	Total: 4 (20%)
[cartographer_node-1] [0.658278, 0.680287)	              ######	Count: 6 (30%)	Total: 10 (50%)
[cartographer_node-1] [0.680287, 0.702296)	                   #	Count: 1 (5%)	Total: 11 (55%)
[cartographer_node-1] [0.702296, 0.724304)	               #####	Count: 5 (25%)	Total: 16 (80%)
[cartographer_node-1] [0.724304, 0.746313)	                   #	Count: 1 (5%)	Total: 17 (85%)
[cartographer_node-1] [0.746313, 0.768322)	                   #	Count: 1 (5%)	Total: 18 (90%)
[cartographer_node-1] [0.768322, 0.790331)	                    	Count: 0 (0%)	Total: 18 (90%)
[cartographer_node-1] [0.790331, 0.812340]	                  ##	Count: 2 (10%)	Total: 20 (100%)
[cartographer_node-1] [INFO] [1778822255.825150822] [cartographer logger]: I0515 14:17:35.000000 59706 pose_graph_2d.cc:538] Remaining work items in queue: 36
[cartographer_node-1] [INFO] [1778822255.825188983] [cartographer logger]: I0515 14:17:35.000000 59706 constraint_builder_2d.cc:294] 0 computations resulted in 0 additional constraints.
[cartographer_node-1] [INFO] [1778822255.825254162] [cartographer logger]: I0515 14:17:35.000000 59706 constraint_builder_2d.cc:296] Score histogram:
[cartographer_node-1] Count: 20  Min: 0.592252  Max: 0.81234  Mean: 0.694857
[cartographer_node-1] [0.592252, 0.614260)	                   #	Count: 1 (5%)	Total: 1 (5%)
[cartographer_node-1] [0.614260, 0.636269)	                    	Count: 0 (0%)	Total: 1 (5%)
[cartographer_node-1] [0.636269, 0.658278)	                 ###	Count: 3 (15%)	Total: 4 (20%)
[cartographer_node-1] [0.658278, 0.680287)	              ######	Count: 6 (30%)	Total: 10 (50%)
[cartographer_node-1] [0.680287, 0.702296)	                   #	Count: 1 (5%)	Total: 11 (55%)
[cartographer_node-1] [0.702296, 0.724304)	               #####	Count: 5 (25%)	Total: 16 (80%)
[cartographer_node-1] [0.724304, 0.746313)	                   #	Count: 1 (5%)	Total: 17 (85%)
[cartographer_node-1] [0.746313, 0.768322)	                   #	Count: 1 (5%)	Total: 18 (90%)
[cartographer_node-1] [0.768322, 0.790331)	                    	Count: 0 (0%)	Total: 18 (90%)
[cartographer_node-1] [0.790331, 0.812340]	                  ##	Count: 2 (10%)	Total: 20 (100%)
[cartographer_node-1] [INFO] [1778822255.850999696] [cartographer logger]: I0515 14:17:35.000000 59706 pose_graph_2d.cc:538] Remaining work items in queue: 34
[cartographer_node-1] [INFO] [1778822255.851052553] [cartographer logger]: I0515 14:17:35.000000 59706 constraint_builder_2d.cc:294] 0 computations resulted in 0 additional constraints.
[cartographer_node-1] [INFO] [1778822255.851123857] [cartographer logger]: I0515 14:17:35.000000 59706 constraint_builder_2d.cc:296] Score histogram:
[cartographer_node-1] Count: 20  Min: 0.592252  Max: 0.81234  Mean: 0.694857
[cartographer_node-1] [0.592252, 0.614260)	                   #	Count: 1 (5%)	Total: 1 (5%)
[cartographer_node-1] [0.614260, 0.636269)	                    	Count: 0 (0%)	Total: 1 (5%)
[cartographer_node-1] [0.636269, 0.658278)	                 ###	Count: 3 (15%)	Total: 4 (20%)
[cartographer_node-1] [0.658278, 0.680287)	              ######	Count: 6 (30%)	Total: 10 (50%)
[cartographer_node-1] [0.680287, 0.702296)	                   #	Count: 1 (5%)	Total: 11 (55%)
[cartographer_node-1] [0.702296, 0.724304)	               #####	Count: 5 (25%)	Total: 16 (80%)
[cartographer_node-1] [0.724304, 0.746313)	                   #	Count: 1 (5%)	Total: 17 (85%)
[cartographer_node-1] [0.746313, 0.768322)	                   #	Count: 1 (5%)	Total: 18 (90%)
[cartographer_node-1] [0.768322, 0.790331)	                    	Count: 0 (0%)	Total: 18 (90%)
[cartographer_node-1] [0.790331, 0.812340]	                  ##	Count: 2 (10%)	Total: 20 (100%)
[cartographer_node-1] [INFO] [1778822255.874995850] [cartographer logger]: I0515 14:17:35.000000 59706 pose_graph_2d.cc:538] Remaining work items in queue: 32
[cartographer_node-1] [INFO] [1778822255.875048629] [cartographer logger]: I0515 14:17:35.000000 59707 constraint_builder_2d.cc:294] 0 computations resulted in 0 additional constraints.
[cartographer_node-1] [INFO] [1778822255.875105738] [cartographer logger]: I0515 14:17:35.000000 59707 constraint_builder_2d.cc:296] Score histogram:
[cartographer_node-1] Count: 20  Min: 0.592252  Max: 0.81234  Mean: 0.694857
[cartographer_node-1] [0.592252, 0.614260)	                   #	Count: 1 (5%)	Total: 1 (5%)
[cartographer_node-1] [0.614260, 0.636269)	                    	Count: 0 (0%)	Total: 1 (5%)
[cartographer_node-1] [0.636269, 0.658278)	                 ###	Count: 3 (15%)	Total: 4 (20%)
[cartographer_node-1] [0.658278, 0.680287)	              ######	Count: 6 (30%)	Total: 10 (50%)
[cartographer_node-1] [0.680287, 0.702296)	                   #	Count: 1 (5%)	Total: 11 (55%)
[cartographer_node-1] [0.702296, 0.724304)	               #####	Count: 5 (25%)	Total: 16 (80%)
[cartographer_node-1] [0.724304, 0.746313)	                   #	Count: 1 (5%)	Total: 17 (85%)
[cartographer_node-1] [0.746313, 0.768322)	                   #	Count: 1 (5%)	Total: 18 (90%)
[cartographer_node-1] [0.768322, 0.790331)	                    	Count: 0 (0%)	Total: 18 (90%)
[cartographer_node-1] [0.790331, 0.812340]	                  ##	Count: 2 (10%)	Total: 20 (100%)
[cartographer_node-1] [INFO] [1778822255.899046155] [cartographer logger]: I0515 14:17:35.000000 59707 pose_graph_2d.cc:538] Remaining work items in queue: 26
[cartographer_node-1] [INFO] [1778822255.899095650] [cartographer logger]: I0515 14:17:35.000000 59707 constraint_builder_2d.cc:294] 0 computations resulted in 0 additional constraints.
[cartographer_node-1] [INFO] [1778822255.899412788] [cartographer logger]: I0515 14:17:35.000000 59707 constraint_builder_2d.cc:296] Score histogram:
[cartographer_node-1] Count: 20  Min: 0.592252  Max: 0.81234  Mean: 0.694857
[cartographer_node-1] [0.592252, 0.614260)	                   #	Count: 1 (5%)	Total: 1 (5%)
[cartographer_node-1] [0.614260, 0.636269)	                    	Count: 0 (0%)	Total: 1 (5%)
[cartographer_node-1] [0.636269, 0.658278)	                 ###	Count: 3 (15%)	Total: 4 (20%)
[cartographer_node-1] [0.658278, 0.680287)	              ######	Count: 6 (30%)	Total: 10 (50%)
[cartographer_node-1] [0.680287, 0.702296)	                   #	Count: 1 (5%)	Total: 11 (55%)
[cartographer_node-1] [0.702296, 0.724304)	               #####	Count: 5 (25%)	Total: 16 (80%)
[cartographer_node-1] [0.724304, 0.746313)	                   #	Count: 1 (5%)	Total: 17 (85%)
[cartographer_node-1] [0.746313, 0.768322)	                   #	Count: 1 (5%)	Total: 18 (90%)
[cartographer_node-1] [0.768322, 0.790331)	                    	Count: 0 (0%)	Total: 18 (90%)
[cartographer_node-1] [0.790331, 0.812340]	                  ##	Count: 2 (10%)	Total: 20 (100%)
[cartographer_node-1] [INFO] [1778822255.923259789] [cartographer logger]: I0515 14:17:35.000000 59707 pose_graph_2d.cc:538] Remaining work items in queue: 17
[cartographer_node-1] [INFO] [1778822255.923300715] [cartographer logger]: I0515 14:17:35.000000 59707 constraint_builder_2d.cc:294] 0 computations resulted in 0 additional constraints.
[cartographer_node-1] [INFO] [1778822255.923395575] [cartographer logger]: I0515 14:17:35.000000 59707 constraint_builder_2d.cc:296] Score histogram:
[cartographer_node-1] Count: 20  Min: 0.592252  Max: 0.81234  Mean: 0.694857
[cartographer_node-1] [0.592252, 0.614260)	                   #	Count: 1 (5%)	Total: 1 (5%)
[cartographer_node-1] [0.614260, 0.636269)	                    	Count: 0 (0%)	Total: 1 (5%)
[cartographer_node-1] [0.636269, 0.658278)	                 ###	Count: 3 (15%)	Total: 4 (20%)
[cartographer_node-1] [0.658278, 0.680287)	              ######	Count: 6 (30%)	Total: 10 (50%)
[cartographer_node-1] [0.680287, 0.702296)	                   #	Count: 1 (5%)	Total: 11 (55%)
[cartographer_node-1] [0.702296, 0.724304)	               #####	Count: 5 (25%)	Total: 16 (80%)
[cartographer_node-1] [0.724304, 0.746313)	                   #	Count: 1 (5%)	Total: 17 (85%)
[cartographer_node-1] [0.746313, 0.768322)	                   #	Count: 1 (5%)	Total: 18 (90%)
[cartographer_node-1] [0.768322, 0.790331)	                    	Count: 0 (0%)	Total: 18 (90%)
[cartographer_node-1] [0.790331, 0.812340]	                  ##	Count: 2 (10%)	Total: 20 (100%)
[cartographer_node-1] [INFO] [1778822255.954616860] [cartographer logger]: I0515 14:17:35.000000 59707 pose_graph_2d.cc:538] Remaining work items in queue: 12
[cartographer_node-1] [INFO] [1778822255.954668627] [cartographer logger]: I0515 14:17:35.000000 59707 constraint_builder_2d.cc:294] 0 computations resulted in 0 additional constraints.
[cartographer_node-1] [INFO] [1778822255.955175805] [cartographer logger]: I0515 14:17:35.000000 59707 constraint_builder_2d.cc:296] Score histogram:
[cartographer_node-1] Count: 20  Min: 0.592252  Max: 0.81234  Mean: 0.694857
[cartographer_node-1] [0.592252, 0.614260)	                   #	Count: 1 (5%)	Total: 1 (5%)
[cartographer_node-1] [0.614260, 0.636269)	                    	Count: 0 (0%)	Total: 1 (5%)
[cartographer_node-1] [0.636269, 0.658278)	                 ###	Count: 3 (15%)	Total: 4 (20%)
[cartographer_node-1] [0.658278, 0.680287)	              ######	Count: 6 (30%)	Total: 10 (50%)
[cartographer_node-1] [0.680287, 0.702296)	                   #	Count: 1 (5%)	Total: 11 (55%)
[cartographer_node-1] [0.702296, 0.724304)	               #####	Count: 5 (25%)	Total: 16 (80%)
[cartographer_node-1] [0.724304, 0.746313)	                   #	Count: 1 (5%)	Total: 17 (85%)
[cartographer_node-1] [0.746313, 0.768322)	                   #	Count: 1 (5%)	Total: 18 (90%)
[cartographer_node-1] [0.768322, 0.790331)	                    	Count: 0 (0%)	Total: 18 (90%)
[cartographer_node-1] [0.790331, 0.812340]	                  ##	Count: 2 (10%)	Total: 20 (100%)
[cartographer_node-1] [INFO] [1778822255.985991206] [cartographer logger]: I0515 14:17:35.000000 59707 pose_graph_2d.cc:538] Remaining work items in queue: 9
[cartographer_node-1] [INFO] [1778822256.040224722] [cartographer logger]: I0515 14:17:36.000000 59706 constraint_builder_2d.cc:279] Node (1, 385) with 175 points on submap (0, 10) matches with score 64.8%.
[cartographer_node-1] [INFO] [1778822256.040270732] [cartographer logger]: I0515 14:17:36.000000 59706 constraint_builder_2d.cc:294] 1 computations resulted in 1 additional constraints.
[cartographer_node-1] [INFO] [1778822256.040313074] [cartographer logger]: I0515 14:17:36.000000 59706 constraint_builder_2d.cc:296] Score histogram:
[cartographer_node-1] Count: 21  Min: 0.592252  Max: 0.81234  Mean: 0.692648
[cartographer_node-1] [0.592252, 0.614260)	                   #	Count: 1 (4.7619%)	Total: 1 (4.7619%)
[cartographer_node-1] [0.614260, 0.636269)	                    	Count: 0 (0%)	Total: 1 (4.7619%)
[cartographer_node-1] [0.636269, 0.658278)	                ####	Count: 4 (19.0476%)	Total: 5 (23.8095%)
[cartographer_node-1] [0.658278, 0.680287)	              ######	Count: 6 (28.5714%)	Total: 11 (52.381%)
[cartographer_node-1] [0.680287, 0.702296)	                   #	Count: 1 (4.7619%)	Total: 12 (57.1429%)
[cartographer_node-1] [0.702296, 0.724304)	               #####	Count: 5 (23.8095%)	Total: 17 (80.9524%)
[cartographer_node-1] [0.724304, 0.746313)	                   #	Count: 1 (4.7619%)	Total: 18 (85.7143%)
[cartographer_node-1] [0.746313, 0.768322)	                   #	Count: 1 (4.7619%)	Total: 19 (90.4762%)
[cartographer_node-1] [0.768322, 0.790331)	                    	Count: 0 (0%)	Total: 19 (90.4762%)
[cartographer_node-1] [0.790331, 0.812340]	                  ##	Count: 2 (9.52381%)	Total: 21 (100%)
[cartographer_node-1] [INFO] [1778822256.083536529] [cartographer logger]: I0515 14:17:36.000000 59706 pose_graph_2d.cc:538] Remaining work items in queue: 17
[cartographer_node-1] [INFO] [1778822256.083595118] [cartographer logger]: I0515 14:17:36.000000 59706 constraint_builder_2d.cc:294] 0 computations resulted in 0 additional constraints.
[cartographer_node-1] [INFO] [1778822256.083683629] [cartographer logger]: I0515 14:17:36.000000 59706 constraint_builder_2d.cc:296] Score histogram:
[cartographer_node-1] Count: 21  Min: 0.592252  Max: 0.81234  Mean: 0.692648
[cartographer_node-1] [0.592252, 0.614260)	                   #	Count: 1 (4.7619%)	Total: 1 (4.7619%)
[cartographer_node-1] [0.614260, 0.636269)	                    	Count: 0 (0%)	Total: 1 (4.7619%)
[cartographer_node-1] [0.636269, 0.658278)	                ####	Count: 4 (19.0476%)	Total: 5 (23.8095%)
[cartographer_node-1] [0.658278, 0.680287)	              ######	Count: 6 (28.5714%)	Total: 11 (52.381%)
[cartographer_node-1] [0.680287, 0.702296)	                   #	Count: 1 (4.7619%)	Total: 12 (57.1429%)
[cartographer_node-1] [0.702296, 0.724304)	               #####	Count: 5 (23.8095%)	Total: 17 (80.9524%)
[cartographer_node-1] [0.724304, 0.746313)	                   #	Count: 1 (4.7619%)	Total: 18 (85.7143%)
[cartographer_node-1] [0.746313, 0.768322)	                   #	Count: 1 (4.7619%)	Total: 19 (90.4762%)
[cartographer_node-1] [0.768322, 0.790331)	                    	Count: 0 (0%)	Total: 19 (90.4762%)
[cartographer_node-1] [0.790331, 0.812340]	                  ##	Count: 2 (9.52381%)	Total: 21 (100%)
[cartographer_node-1] [INFO] [1778822256.109463271] [cartographer logger]: I0515 14:17:36.000000 59706 pose_graph_2d.cc:538] Remaining work items in queue: 14
[cartographer_node-1] [INFO] [1778822256.109503026] [cartographer logger]: I0515 14:17:36.000000 59706 constraint_builder_2d.cc:294] 0 computations resulted in 0 additional constraints.
[cartographer_node-1] [INFO] [1778822256.109611597] [cartographer logger]: I0515 14:17:36.000000 59706 constraint_builder_2d.cc:296] Score histogram:
[cartographer_node-1] Count: 21  Min: 0.592252  Max: 0.81234  Mean: 0.692648
[cartographer_node-1] [0.592252, 0.614260)	                   #	Count: 1 (4.7619%)	Total: 1 (4.7619%)
[cartographer_node-1] [0.614260, 0.636269)	                    	Count: 0 (0%)	Total: 1 (4.7619%)
[cartographer_node-1] [0.636269, 0.658278)	                ####	Count: 4 (19.0476%)	Total: 5 (23.8095%)
[cartographer_node-1] [0.658278, 0.680287)	              ######	Count: 6 (28.5714%)	Total: 11 (52.381%)
[cartographer_node-1] [0.680287, 0.702296)	                   #	Count: 1 (4.7619%)	Total: 12 (57.1429%)
[cartographer_node-1] [0.702296, 0.724304)	               #####	Count: 5 (23.8095%)	Total: 17 (80.9524%)
[cartographer_node-1] [0.724304, 0.746313)	                   #	Count: 1 (4.7619%)	Total: 18 (85.7143%)
[cartographer_node-1] [0.746313, 0.768322)	                   #	Count: 1 (4.7619%)	Total: 19 (90.4762%)
[cartographer_node-1] [0.768322, 0.790331)	                    	Count: 0 (0%)	Total: 19 (90.4762%)
[cartographer_node-1] [0.790331, 0.812340]	                  ##	Count: 2 (9.52381%)	Total: 21 (100%)
[cartographer_node-1] [INFO] [1778822256.134277276] [cartographer logger]: I0515 14:17:36.000000 59706 pose_graph_2d.cc:538] Remaining work items in queue: 11
[cartographer_node-1] [INFO] [1778822256.134309882] [cartographer logger]: I0515 14:17:36.000000 59706 constraint_builder_2d.cc:294] 0 computations resulted in 0 additional constraints.
[cartographer_node-1] [INFO] [1778822256.134392996] [cartographer logger]: I0515 14:17:36.000000 59706 constraint_builder_2d.cc:296] Score histogram:
[cartographer_node-1] Count: 21  Min: 0.592252  Max: 0.81234  Mean: 0.692648
[cartographer_node-1] [0.592252, 0.614260)	                   #	Count: 1 (4.7619%)	Total: 1 (4.7619%)
[cartographer_node-1] [0.614260, 0.636269)	                    	Count: 0 (0%)	Total: 1 (4.7619%)
[cartographer_node-1] [0.636269, 0.658278)	                ####	Count: 4 (19.0476%)	Total: 5 (23.8095%)
[cartographer_node-1] [0.658278, 0.680287)	              ######	Count: 6 (28.5714%)	Total: 11 (52.381%)
[cartographer_node-1] [0.680287, 0.702296)	                   #	Count: 1 (4.7619%)	Total: 12 (57.1429%)
[cartographer_node-1] [0.702296, 0.724304)	               #####	Count: 5 (23.8095%)	Total: 17 (80.9524%)
[cartographer_node-1] [0.724304, 0.746313)	                   #	Count: 1 (4.7619%)	Total: 18 (85.7143%)
[cartographer_node-1] [0.746313, 0.768322)	                   #	Count: 1 (4.7619%)	Total: 19 (90.4762%)
[cartographer_node-1] [0.768322, 0.790331)	                    	Count: 0 (0%)	Total: 19 (90.4762%)
[cartographer_node-1] [0.790331, 0.812340]	                  ##	Count: 2 (9.52381%)	Total: 21 (100%)
[cartographer_node-1] [INFO] [1778822256.177264176] [cartographer logger]: I0515 14:17:36.000000 59706 pose_graph_2d.cc:538] Remaining work items in queue: 7
[cartographer_node-1] [INFO] [1778822256.177326160] [cartographer logger]: I0515 14:17:36.000000 59706 constraint_builder_2d.cc:294] 0 computations resulted in 0 additional constraints.
[cartographer_node-1] [INFO] [1778822256.177882500] [cartographer logger]: I0515 14:17:36.000000 59706 constraint_builder_2d.cc:296] Score histogram:
[cartographer_node-1] Count: 21  Min: 0.592252  Max: 0.81234  Mean: 0.692648
[cartographer_node-1] [0.592252, 0.614260)	                   #	Count: 1 (4.7619%)	Total: 1 (4.7619%)
[cartographer_node-1] [0.614260, 0.636269)	                    	Count: 0 (0%)	Total: 1 (4.7619%)
[cartographer_node-1] [0.636269, 0.658278)	                ####	Count: 4 (19.0476%)	Total: 5 (23.8095%)
[cartographer_node-1] [0.658278, 0.680287)	              ######	Count: 6 (28.5714%)	Total: 11 (52.381%)
[cartographer_node-1] [0.680287, 0.702296)	                   #	Count: 1 (4.7619%)	Total: 12 (57.1429%)
[cartographer_node-1] [0.702296, 0.724304)	               #####	Count: 5 (23.8095%)	Total: 17 (80.9524%)
[cartographer_node-1] [0.724304, 0.746313)	                   #	Count: 1 (4.7619%)	Total: 18 (85.7143%)
[cartographer_node-1] [0.746313, 0.768322)	                   #	Count: 1 (4.7619%)	Total: 19 (90.4762%)
[cartographer_node-1] [0.768322, 0.790331)	                    	Count: 0 (0%)	Total: 19 (90.4762%)
[cartographer_node-1] [0.790331, 0.812340]	                  ##	Count: 2 (9.52381%)	Total: 21 (100%)
[cartographer_node-1] [INFO] [1778822256.206768163] [cartographer logger]: I0515 14:17:36.000000 59706 pose_graph_2d.cc:538] Remaining work items in queue: 3
[cartographer_node-1] [INFO] [1778822256.206805409] [cartographer logger]: I0515 14:17:36.000000 59706 constraint_builder_2d.cc:294] 0 computations resulted in 0 additional constraints.
[cartographer_node-1] [INFO] [1778822256.207121731] [cartographer logger]: I0515 14:17:36.000000 59706 constraint_builder_2d.cc:296] Score histogram:
[cartographer_node-1] Count: 21  Min: 0.592252  Max: 0.81234  Mean: 0.692648
[cartographer_node-1] [0.592252, 0.614260)	                   #	Count: 1 (4.7619%)	Total: 1 (4.7619%)
[cartographer_node-1] [0.614260, 0.636269)	                    	Count: 0 (0%)	Total: 1 (4.7619%)
[cartographer_node-1] [0.636269, 0.658278)	                ####	Count: 4 (19.0476%)	Total: 5 (23.8095%)
[cartographer_node-1] [0.658278, 0.680287)	              ######	Count: 6 (28.5714%)	Total: 11 (52.381%)
[cartographer_node-1] [0.680287, 0.702296)	                   #	Count: 1 (4.7619%)	Total: 12 (57.1429%)
[cartographer_node-1] [0.702296, 0.724304)	               #####	Count: 5 (23.8095%)	Total: 17 (80.9524%)
[cartographer_node-1] [0.724304, 0.746313)	                   #	Count: 1 (4.7619%)	Total: 18 (85.7143%)
[cartographer_node-1] [0.746313, 0.768322)	                   #	Count: 1 (4.7619%)	Total: 19 (90.4762%)
[cartographer_node-1] [0.768322, 0.790331)	                    	Count: 0 (0%)	Total: 19 (90.4762%)
[cartographer_node-1] [0.790331, 0.812340]	                  ##	Count: 2 (9.52381%)	Total: 21 (100%)
[cartographer_node-1] [INFO] [1778822256.230047341] [cartographer logger]: I0515 14:17:36.000000 59704 pose_graph_2d.cc:538] Remaining work items in queue: 0
[cartographer_node-1] [INFO] [1778822256.230086103] [cartographer logger]: I0515 14:17:36.000000 59704 constraint_builder_2d.cc:294] 0 computations resulted in 0 additional constraints.
[cartographer_node-1] [INFO] [1778822256.230121178] [cartographer logger]: I0515 14:17:36.000000 59704 constraint_builder_2d.cc:296] Score histogram:
[cartographer_node-1] Count: 21  Min: 0.592252  Max: 0.81234  Mean: 0.692648
[cartographer_node-1] [0.592252, 0.614260)	                   #	Count: 1 (4.7619%)	Total: 1 (4.7619%)
[cartographer_node-1] [0.614260, 0.636269)	                    	Count: 0 (0%)	Total: 1 (4.7619%)
[cartographer_node-1] [0.636269, 0.658278)	                ####	Count: 4 (19.0476%)	Total: 5 (23.8095%)
[cartographer_node-1] [0.658278, 0.680287)	              ######	Count: 6 (28.5714%)	Total: 11 (52.381%)
[cartographer_node-1] [0.680287, 0.702296)	                   #	Count: 1 (4.7619%)	Total: 12 (57.1429%)
[cartographer_node-1] [0.702296, 0.724304)	               #####	Count: 5 (23.8095%)	Total: 17 (80.9524%)
[cartographer_node-1] [0.724304, 0.746313)	                   #	Count: 1 (4.7619%)	Total: 18 (85.7143%)
[cartographer_node-1] [0.746313, 0.768322)	                   #	Count: 1 (4.7619%)	Total: 19 (90.4762%)
[cartographer_node-1] [0.768322, 0.790331)	                    	Count: 0 (0%)	Total: 19 (90.4762%)
[cartographer_node-1] [0.790331, 0.812340]	                  ##	Count: 2 (9.52381%)	Total: 21 (100%)
[cartographer_node-1] [INFO] [1778822256.259335210] [cartographer logger]: I0515 14:17:36.000000 59704 pose_graph_2d.cc:538] Remaining work items in queue: 2
[cartographer_node-1] [INFO] [1778822256.259378749] [cartographer logger]: I0515 14:17:36.000000 59704 constraint_builder_2d.cc:294] 0 computations resulted in 0 additional constraints.
[cartographer_node-1] [INFO] [1778822256.259859816] [cartographer logger]: I0515 14:17:36.000000 59704 constraint_builder_2d.cc:296] Score histogram:
[cartographer_node-1] Count: 21  Min: 0.592252  Max: 0.81234  Mean: 0.692648
[cartographer_node-1] [0.592252, 0.614260)	                   #	Count: 1 (4.7619%)	Total: 1 (4.7619%)
[cartographer_node-1] [0.614260, 0.636269)	                    	Count: 0 (0%)	Total: 1 (4.7619%)
[cartographer_node-1] [0.636269, 0.658278)	                ####	Count: 4 (19.0476%)	Total: 5 (23.8095%)
[cartographer_node-1] [0.658278, 0.680287)	              ######	Count: 6 (28.5714%)	Total: 11 (52.381%)
[cartographer_node-1] [0.680287, 0.702296)	                   #	Count: 1 (4.7619%)	Total: 12 (57.1429%)
[cartographer_node-1] [0.702296, 0.724304)	               #####	Count: 5 (23.8095%)	Total: 17 (80.9524%)
[cartographer_node-1] [0.724304, 0.746313)	                   #	Count: 1 (4.7619%)	Total: 18 (85.7143%)
[cartographer_node-1] [0.746313, 0.768322)	                   #	Count: 1 (4.7619%)	Total: 19 (90.4762%)
[cartographer_node-1] [0.768322, 0.790331)	                    	Count: 0 (0%)	Total: 19 (90.4762%)
[cartographer_node-1] [0.790331, 0.812340]	                  ##	Count: 2 (9.52381%)	Total: 21 (100%)
[cartographer_node-1] [INFO] [1778822256.293212707] [cartographer logger]: I0515 14:17:36.000000 59704 pose_graph_2d.cc:538] Remaining work items in queue: 1
[cartographer_node-1] [INFO] [1778822256.351240639] [cartographer logger]: I0515 14:17:36.000000 59707 constraint_builder_2d.cc:294] 1 computations resulted in 0 additional constraints.
[cartographer_node-1] [INFO] [1778822256.351318017] [cartographer logger]: I0515 14:17:36.000000 59707 constraint_builder_2d.cc:296] Score histogram:
[cartographer_node-1] Count: 21  Min: 0.592252  Max: 0.81234  Mean: 0.692648
[cartographer_node-1] [0.592252, 0.614260)	                   #	Count: 1 (4.7619%)	Total: 1 (4.7619%)
[cartographer_node-1] [0.614260, 0.636269)	                    	Count: 0 (0%)	Total: 1 (4.7619%)
[cartographer_node-1] [0.636269, 0.658278)	                ####	Count: 4 (19.0476%)	Total: 5 (23.8095%)
[cartographer_node-1] [0.658278, 0.680287)	              ######	Count: 6 (28.5714%)	Total: 11 (52.381%)
[cartographer_node-1] [0.680287, 0.702296)	                   #	Count: 1 (4.7619%)	Total: 12 (57.1429%)
[cartographer_node-1] [0.702296, 0.724304)	               #####	Count: 5 (23.8095%)	Total: 17 (80.9524%)
[cartographer_node-1] [0.724304, 0.746313)	                   #	Count: 1 (4.7619%)	Total: 18 (85.7143%)
[cartographer_node-1] [0.746313, 0.768322)	                   #	Count: 1 (4.7619%)	Total: 19 (90.4762%)
[cartographer_node-1] [0.768322, 0.790331)	                    	Count: 0 (0%)	Total: 19 (90.4762%)
[cartographer_node-1] [0.790331, 0.812340]	                  ##	Count: 2 (9.52381%)	Total: 21 (100%)
[cartographer_node-1] [INFO] [1778822256.378834630] [cartographer logger]: I0515 14:17:36.000000 59707 pose_graph_2d.cc:538] Remaining work items in queue: 9
[cartographer_node-1] [INFO] [1778822256.378874217] [cartographer logger]: I0515 14:17:36.000000 59707 constraint_builder_2d.cc:294] 0 computations resulted in 0 additional constraints.
[cartographer_node-1] [INFO] [1778822256.379392763] [cartographer logger]: I0515 14:17:36.000000 59707 constraint_builder_2d.cc:296] Score histogram:
[cartographer_node-1] Count: 21  Min: 0.592252  Max: 0.81234  Mean: 0.692648
[cartographer_node-1] [0.592252, 0.614260)	                   #	Count: 1 (4.7619%)	Total: 1 (4.7619%)
[cartographer_node-1] [0.614260, 0.636269)	                    	Count: 0 (0%)	Total: 1 (4.7619%)
[cartographer_node-1] [0.636269, 0.658278)	                ####	Count: 4 (19.0476%)	Total: 5 (23.8095%)
[cartographer_node-1] [0.658278, 0.680287)	              ######	Count: 6 (28.5714%)	Total: 11 (52.381%)
[cartographer_node-1] [0.680287, 0.702296)	                   #	Count: 1 (4.7619%)	Total: 12 (57.1429%)
[cartographer_node-1] [0.702296, 0.724304)	               #####	Count: 5 (23.8095%)	Total: 17 (80.9524%)
[cartographer_node-1] [0.724304, 0.746313)	                   #	Count: 1 (4.7619%)	Total: 18 (85.7143%)
[cartographer_node-1] [0.746313, 0.768322)	                   #	Count: 1 (4.7619%)	Total: 19 (90.4762%)
[cartographer_node-1] [0.768322, 0.790331)	                    	Count: 0 (0%)	Total: 19 (90.4762%)
[cartographer_node-1] [0.790331, 0.812340]	                  ##	Count: 2 (9.52381%)	Total: 21 (100%)
[cartographer_node-1] [INFO] [1778822256.408693453] [cartographer logger]: I0515 14:17:36.000000 59707 pose_graph_2d.cc:538] Remaining work items in queue: 8
[cartographer_node-1] [INFO] [1778822256.408735232] [cartographer logger]: I0515 14:17:36.000000 59707 constraint_builder_2d.cc:294] 0 computations resulted in 0 additional constraints.
[cartographer_node-1] [INFO] [1778822256.409184612] [cartographer logger]: I0515 14:17:36.000000 59707 constraint_builder_2d.cc:296] Score histogram:
[cartographer_node-1] Count: 21  Min: 0.592252  Max: 0.81234  Mean: 0.692648
[cartographer_node-1] [0.592252, 0.614260)	                   #	Count: 1 (4.7619%)	Total: 1 (4.7619%)
[cartographer_node-1] [0.614260, 0.636269)	                    	Count: 0 (0%)	Total: 1 (4.7619%)
[cartographer_node-1] [0.636269, 0.658278)	                ####	Count: 4 (19.0476%)	Total: 5 (23.8095%)
[cartographer_node-1] [0.658278, 0.680287)	              ######	Count: 6 (28.5714%)	Total: 11 (52.381%)
[cartographer_node-1] [0.680287, 0.702296)	                   #	Count: 1 (4.7619%)	Total: 12 (57.1429%)
[cartographer_node-1] [0.702296, 0.724304)	               #####	Count: 5 (23.8095%)	Total: 17 (80.9524%)
[cartographer_node-1] [0.724304, 0.746313)	                   #	Count: 1 (4.7619%)	Total: 18 (85.7143%)
[cartographer_node-1] [0.746313, 0.768322)	                   #	Count: 1 (4.7619%)	Total: 19 (90.4762%)
[cartographer_node-1] [0.768322, 0.790331)	                    	Count: 0 (0%)	Total: 19 (90.4762%)
[cartographer_node-1] [0.790331, 0.812340]	                  ##	Count: 2 (9.52381%)	Total: 21 (100%)
[cartographer_node-1] [INFO] [1778822256.436109805] [cartographer logger]: I0515 14:17:36.000000 59707 pose_graph_2d.cc:538] Remaining work items in queue: 3
[cartographer_node-1] [INFO] [1778822256.436158804] [cartographer logger]: I0515 14:17:36.000000 59707 constraint_builder_2d.cc:294] 0 computations resulted in 0 additional constraints.
[cartographer_node-1] [INFO] [1778822256.436334250] [cartographer logger]: I0515 14:17:36.000000 59707 constraint_builder_2d.cc:296] Score histogram:
[cartographer_node-1] Count: 21  Min: 0.592252  Max: 0.81234  Mean: 0.692648
[cartographer_node-1] [0.592252, 0.614260)	                   #	Count: 1 (4.7619%)	Total: 1 (4.7619%)
[cartographer_node-1] [0.614260, 0.636269)	                    	Count: 0 (0%)	Total: 1 (4.7619%)
[cartographer_node-1] [0.636269, 0.658278)	                ####	Count: 4 (19.0476%)	Total: 5 (23.8095%)
[cartographer_node-1] [0.658278, 0.680287)	              ######	Count: 6 (28.5714%)	Total: 11 (52.381%)
[cartographer_node-1] [0.680287, 0.702296)	                   #	Count: 1 (4.7619%)	Total: 12 (57.1429%)
[cartographer_node-1] [0.702296, 0.724304)	               #####	Count: 5 (23.8095%)	Total: 17 (80.9524%)
[cartographer_node-1] [0.724304, 0.746313)	                   #	Count: 1 (4.7619%)	Total: 18 (85.7143%)
[cartographer_node-1] [0.746313, 0.768322)	                   #	Count: 1 (4.7619%)	Total: 19 (90.4762%)
[cartographer_node-1] [0.768322, 0.790331)	                    	Count: 0 (0%)	Total: 19 (90.4762%)
[cartographer_node-1] [0.790331, 0.812340]	                  ##	Count: 2 (9.52381%)	Total: 21 (100%)
[cartographer_node-1] [INFO] [1778822256.563009709] [cartographer logger]: I0515 14:17:36.000000 59707 pose_graph_2d.cc:538] Remaining work items in queue: 0
[cartographer_node-1] [INFO] [1778822256.563066173] [cartographer logger]: I0515 14:17:36.000000 59707 constraint_builder_2d.cc:294] 0 computations resulted in 0 additional constraints.
[cartographer_node-1] [INFO] [1778822256.563567065] [cartographer logger]: I0515 14:17:36.000000 59707 constraint_builder_2d.cc:296] Score histogram:
[cartographer_node-1] Count: 21  Min: 0.592252  Max: 0.81234  Mean: 0.692648
[cartographer_node-1] [0.592252, 0.614260)	                   #	Count: 1 (4.7619%)	Total: 1 (4.7619%)
[cartographer_node-1] [0.614260, 0.636269)	                    	Count: 0 (0%)	Total: 1 (4.7619%)
[cartographer_node-1] [0.636269, 0.658278)	                ####	Count: 4 (19.0476%)	Total: 5 (23.8095%)
[cartographer_node-1] [0.658278, 0.680287)	              ######	Count: 6 (28.5714%)	Total: 11 (52.381%)
[cartographer_node-1] [0.680287, 0.702296)	                   #	Count: 1 (4.7619%)	Total: 12 (57.1429%)
[cartographer_node-1] [0.702296, 0.724304)	               #####	Count: 5 (23.8095%)	Total: 17 (80.9524%)
[cartographer_node-1] [0.724304, 0.746313)	                   #	Count: 1 (4.7619%)	Total: 18 (85.7143%)
[cartographer_node-1] [0.746313, 0.768322)	                   #	Count: 1 (4.7619%)	Total: 19 (90.4762%)
[cartographer_node-1] [0.768322, 0.790331)	                    	Count: 0 (0%)	Total: 19 (90.4762%)
[cartographer_node-1] [0.790331, 0.812340]	                  ##	Count: 2 (9.52381%)	Total: 21 (100%)
[cartographer_node-1] [INFO] [1778822256.608959085] [cartographer logger]: I0515 14:17:36.000000 59707 pose_graph_2d.cc:538] Remaining work items in queue: 0
[cartographer_node-1] [INFO] [1778822256.609047589] [cartographer logger]: I0515 14:17:36.000000 59707 constraint_builder_2d.cc:294] 0 computations resulted in 0 additional constraints.
[cartographer_node-1] [INFO] [1778822256.609525627] [cartographer logger]: I0515 14:17:36.000000 59707 constraint_builder_2d.cc:296] Score histogram:
[cartographer_node-1] Count: 21  Min: 0.592252  Max: 0.81234  Mean: 0.692648
[cartographer_node-1] [0.592252, 0.614260)	                   #	Count: 1 (4.7619%)	Total: 1 (4.7619%)
[cartographer_node-1] [0.614260, 0.636269)	                    	Count: 0 (0%)	Total: 1 (4.7619%)
[cartographer_node-1] [0.636269, 0.658278)	                ####	Count: 4 (19.0476%)	Total: 5 (23.8095%)
[cartographer_node-1] [0.658278, 0.680287)	              ######	Count: 6 (28.5714%)	Total: 11 (52.381%)
[cartographer_node-1] [0.680287, 0.702296)	                   #	Count: 1 (4.7619%)	Total: 12 (57.1429%)
[cartographer_node-1] [0.702296, 0.724304)	               #####	Count: 5 (23.8095%)	Total: 17 (80.9524%)
[cartographer_node-1] [0.724304, 0.746313)	                   #	Count: 1 (4.7619%)	Total: 18 (85.7143%)
[cartographer_node-1] [0.746313, 0.768322)	                   #	Count: 1 (4.7619%)	Total: 19 (90.4762%)
[cartographer_node-1] [0.768322, 0.790331)	                    	Count: 0 (0%)	Total: 19 (90.4762%)
[cartographer_node-1] [0.790331, 0.812340]	                  ##	Count: 2 (9.52381%)	Total: 21 (100%)
[cartographer_node-1] [INFO] [1778822256.663257212] [cartographer logger]: I0515 14:17:36.000000 59707 pose_graph_2d.cc:538] Remaining work items in queue: 0
[cartographer_node-1] [INFO] [1778822256.663288868] [cartographer logger]: I0515 14:17:36.000000 59707 constraint_builder_2d.cc:294] 0 computations resulted in 0 additional constraints.
[cartographer_node-1] [INFO] [1778822256.663380614] [cartographer logger]: I0515 14:17:36.000000 59707 constraint_builder_2d.cc:296] Score histogram:
[cartographer_node-1] Count: 21  Min: 0.592252  Max: 0.81234  Mean: 0.692648
[cartographer_node-1] [0.592252, 0.614260)	                   #	Count: 1 (4.7619%)	Total: 1 (4.7619%)
[cartographer_node-1] [0.614260, 0.636269)	                    	Count: 0 (0%)	Total: 1 (4.7619%)
[cartographer_node-1] [0.636269, 0.658278)	                ####	Count: 4 (19.0476%)	Total: 5 (23.8095%)
[cartographer_node-1] [0.658278, 0.680287)	              ######	Count: 6 (28.5714%)	Total: 11 (52.381%)
[cartographer_node-1] [0.680287, 0.702296)	                   #	Count: 1 (4.7619%)	Total: 12 (57.1429%)
[cartographer_node-1] [0.702296, 0.724304)	               #####	Count: 5 (23.8095%)	Total: 17 (80.9524%)
[cartographer_node-1] [0.724304, 0.746313)	                   #	Count: 1 (4.7619%)	Total: 18 (85.7143%)
[cartographer_node-1] [0.746313, 0.768322)	                   #	Count: 1 (4.7619%)	Total: 19 (90.4762%)
[cartographer_node-1] [0.768322, 0.790331)	                    	Count: 0 (0%)	Total: 19 (90.4762%)
[cartographer_node-1] [0.790331, 0.812340]	                  ##	Count: 2 (9.52381%)	Total: 21 (100%)
[cartographer_node-1] [INFO] [1778822256.715313795] [cartographer logger]: I0515 14:17:36.000000 59705 pose_graph_2d.cc:538] Remaining work items in queue: 0
[cartographer_node-1] [INFO] [1778822256.728326330] [cartographer logger]: I0515 14:17:36.000000 59704 constraint_builder_2d.cc:279] Node (1, 414) with 196 points on submap (0, 4) matches with score 64.3%.
[cartographer_node-1] [INFO] [1778822256.728370260] [cartographer logger]: I0515 14:17:36.000000 59704 constraint_builder_2d.cc:294] 1 computations resulted in 1 additional constraints.
[cartographer_node-1] [INFO] [1778822256.728464384] [cartographer logger]: I0515 14:17:36.000000 59704 constraint_builder_2d.cc:296] Score histogram:
[cartographer_node-1] Count: 22  Min: 0.592252  Max: 0.81234  Mean: 0.690391
[cartographer_node-1] [0.592252, 0.614260)	                   #	Count: 1 (4.54545%)	Total: 1 (4.54545%)
[cartographer_node-1] [0.614260, 0.636269)	                    	Count: 0 (0%)	Total: 1 (4.54545%)
[cartographer_node-1] [0.636269, 0.658278)	               #####	Count: 5 (22.7273%)	Total: 6 (27.2727%)
[cartographer_node-1] [0.658278, 0.680287)	               #####	Count: 6 (27.2727%)	Total: 12 (54.5455%)
[cartographer_node-1] [0.680287, 0.702296)	                   #	Count: 1 (4.54545%)	Total: 13 (59.0909%)
[cartographer_node-1] [0.702296, 0.724304)	               #####	Count: 5 (22.7273%)	Total: 18 (81.8182%)
[cartographer_node-1] [0.724304, 0.746313)	                   #	Count: 1 (4.54545%)	Total: 19 (86.3636%)
[cartographer_node-1] [0.746313, 0.768322)	                   #	Count: 1 (4.54545%)	Total: 20 (90.9091%)
[cartographer_node-1] [0.768322, 0.790331)	                    	Count: 0 (0%)	Total: 20 (90.9091%)
[cartographer_node-1] [0.790331, 0.812340]	                  ##	Count: 2 (9.09091%)	Total: 22 (100%)
[cartographer_node-1] [INFO] [1778822256.771988866] [cartographer logger]: I0515 14:17:36.000000 59704 pose_graph_2d.cc:538] Remaining work items in queue: 0
[cartographer_node-1] [INFO] [1778822256.772049686] [cartographer logger]: I0515 14:17:36.000000 59704 constraint_builder_2d.cc:294] 0 computations resulted in 0 additional constraints.
[cartographer_node-1] [INFO] [1778822256.772443614] [cartographer logger]: I0515 14:17:36.000000 59704 constraint_builder_2d.cc:296] Score histogram:
[cartographer_node-1] Count: 22  Min: 0.592252  Max: 0.81234  Mean: 0.690391
[cartographer_node-1] [0.592252, 0.614260)	                   #	Count: 1 (4.54545%)	Total: 1 (4.54545%)
[cartographer_node-1] [0.614260, 0.636269)	                    	Count: 0 (0%)	Total: 1 (4.54545%)
[cartographer_node-1] [0.636269, 0.658278)	               #####	Count: 5 (22.7273%)	Total: 6 (27.2727%)
[cartographer_node-1] [0.658278, 0.680287)	               #####	Count: 6 (27.2727%)	Total: 12 (54.5455%)
[cartographer_node-1] [0.680287, 0.702296)	                   #	Count: 1 (4.54545%)	Total: 13 (59.0909%)
[cartographer_node-1] [0.702296, 0.724304)	               #####	Count: 5 (22.7273%)	Total: 18 (81.8182%)
[cartographer_node-1] [0.724304, 0.746313)	                   #	Count: 1 (4.54545%)	Total: 19 (86.3636%)
[cartographer_node-1] [0.746313, 0.768322)	                   #	Count: 1 (4.54545%)	Total: 20 (90.9091%)
[cartographer_node-1] [0.768322, 0.790331)	                    	Count: 0 (0%)	Total: 20 (90.9091%)
[cartographer_node-1] [0.790331, 0.812340]	                  ##	Count: 2 (9.09091%)	Total: 22 (100%)
[cartographer_node-1] [INFO] [1778822256.826460597] [cartographer logger]: I0515 14:17:36.000000 59707 pose_graph_2d.cc:538] Remaining work items in queue: 0
[cartographer_node-1] [INFO] [1778822256.826492355] [cartographer logger]: I0515 14:17:36.000000 59707 constraint_builder_2d.cc:294] 0 computations resulted in 0 additional constraints.
[cartographer_node-1] [INFO] [1778822256.826612249] [cartographer logger]: I0515 14:17:36.000000 59707 constraint_builder_2d.cc:296] Score histogram:
[cartographer_node-1] Count: 22  Min: 0.592252  Max: 0.81234  Mean: 0.690391
[cartographer_node-1] [0.592252, 0.614260)	                   #	Count: 1 (4.54545%)	Total: 1 (4.54545%)
[cartographer_node-1] [0.614260, 0.636269)	                    	Count: 0 (0%)	Total: 1 (4.54545%)
[cartographer_node-1] [0.636269, 0.658278)	               #####	Count: 5 (22.7273%)	Total: 6 (27.2727%)
[cartographer_node-1] [0.658278, 0.680287)	               #####	Count: 6 (27.2727%)	Total: 12 (54.5455%)
[cartographer_node-1] [0.680287, 0.702296)	                   #	Count: 1 (4.54545%)	Total: 13 (59.0909%)
[cartographer_node-1] [0.702296, 0.724304)	               #####	Count: 5 (22.7273%)	Total: 18 (81.8182%)
[cartographer_node-1] [0.724304, 0.746313)	                   #	Count: 1 (4.54545%)	Total: 19 (86.3636%)
[cartographer_node-1] [0.746313, 0.768322)	                   #	Count: 1 (4.54545%)	Total: 20 (90.9091%)
[cartographer_node-1] [0.768322, 0.790331)	                    	Count: 0 (0%)	Total: 20 (90.9091%)
[cartographer_node-1] [0.790331, 0.812340]	                  ##	Count: 2 (9.09091%)	Total: 22 (100%)
[cartographer_node-1] [INFO] [1778822256.879869229] [cartographer logger]: I0515 14:17:36.000000 59706 pose_graph_2d.cc:538] Remaining work items in queue: 0
[cartographer_node-1] [INFO] [1778822256.879905700] [cartographer logger]: I0515 14:17:36.000000 59706 constraint_builder_2d.cc:294] 0 computations resulted in 0 additional constraints.
[cartographer_node-1] [INFO] [1778822256.880013675] [cartographer logger]: I0515 14:17:36.000000 59706 constraint_builder_2d.cc:296] Score histogram:
[cartographer_node-1] Count: 22  Min: 0.592252  Max: 0.81234  Mean: 0.690391
[cartographer_node-1] [0.592252, 0.614260)	                   #	Count: 1 (4.54545%)	Total: 1 (4.54545%)
[cartographer_node-1] [0.614260, 0.636269)	                    	Count: 0 (0%)	Total: 1 (4.54545%)
[cartographer_node-1] [0.636269, 0.658278)	               #####	Count: 5 (22.7273%)	Total: 6 (27.2727%)
[cartographer_node-1] [0.658278, 0.680287)	               #####	Count: 6 (27.2727%)	Total: 12 (54.5455%)
[cartographer_node-1] [0.680287, 0.702296)	                   #	Count: 1 (4.54545%)	Total: 13 (59.0909%)
[cartographer_node-1] [0.702296, 0.724304)	               #####	Count: 5 (22.7273%)	Total: 18 (81.8182%)
[cartographer_node-1] [0.724304, 0.746313)	                   #	Count: 1 (4.54545%)	Total: 19 (86.3636%)
[cartographer_node-1] [0.746313, 0.768322)	                   #	Count: 1 (4.54545%)	Total: 20 (90.9091%)
[cartographer_node-1] [0.768322, 0.790331)	                    	Count: 0 (0%)	Total: 20 (90.9091%)
[cartographer_node-1] [0.790331, 0.812340]	                  ##	Count: 2 (9.09091%)	Total: 22 (100%)
[cartographer_node-1] [INFO] [1778822256.908554696] [cartographer logger]: I0515 14:17:36.000000 59706 pose_graph_2d.cc:538] Remaining work items in queue: 2
[cartographer_node-1] [INFO] [1778822256.908595143] [cartographer logger]: I0515 14:17:36.000000 59706 constraint_builder_2d.cc:294] 0 computations resulted in 0 additional constraints.
[cartographer_node-1] [INFO] [1778822256.909005363] [cartographer logger]: I0515 14:17:36.000000 59706 constraint_builder_2d.cc:296] Score histogram:
[cartographer_node-1] Count: 22  Min: 0.592252  Max: 0.81234  Mean: 0.690391
[cartographer_node-1] [0.592252, 0.614260)	                   #	Count: 1 (4.54545%)	Total: 1 (4.54545%)
[cartographer_node-1] [0.614260, 0.636269)	                    	Count: 0 (0%)	Total: 1 (4.54545%)
[cartographer_node-1] [0.636269, 0.658278)	               #####	Count: 5 (22.7273%)	Total: 6 (27.2727%)
[cartographer_node-1] [0.658278, 0.680287)	               #####	Count: 6 (27.2727%)	Total: 12 (54.5455%)
[cartographer_node-1] [0.680287, 0.702296)	                   #	Count: 1 (4.54545%)	Total: 13 (59.0909%)
[cartographer_node-1] [0.702296, 0.724304)	               #####	Count: 5 (22.7273%)	Total: 18 (81.8182%)
[cartographer_node-1] [0.724304, 0.746313)	                   #	Count: 1 (4.54545%)	Total: 19 (86.3636%)
[cartographer_node-1] [0.746313, 0.768322)	                   #	Count: 1 (4.54545%)	Total: 20 (90.9091%)
[cartographer_node-1] [0.768322, 0.790331)	                    	Count: 0 (0%)	Total: 20 (90.9091%)
[cartographer_node-1] [0.790331, 0.812340]	                  ##	Count: 2 (9.09091%)	Total: 22 (100%)
[cartographer_node-1] [INFO] [1778822256.962006322] [cartographer logger]: I0515 14:17:36.000000 59706 pose_graph_2d.cc:538] Remaining work items in queue: 1
[cartographer_node-1] [INFO] [1778822256.962043978] [cartographer logger]: I0515 14:17:36.000000 59706 constraint_builder_2d.cc:294] 0 computations resulted in 0 additional constraints.
[cartographer_node-1] [INFO] [1778822256.962487064] [cartographer logger]: I0515 14:17:36.000000 59706 constraint_builder_2d.cc:296] Score histogram:
[cartographer_node-1] Count: 22  Min: 0.592252  Max: 0.81234  Mean: 0.690391
[cartographer_node-1] [0.592252, 0.614260)	                   #	Count: 1 (4.54545%)	Total: 1 (4.54545%)
[cartographer_node-1] [0.614260, 0.636269)	                    	Count: 0 (0%)	Total: 1 (4.54545%)
[cartographer_node-1] [0.636269, 0.658278)	               #####	Count: 5 (22.7273%)	Total: 6 (27.2727%)
[cartographer_node-1] [0.658278, 0.680287)	               #####	Count: 6 (27.2727%)	Total: 12 (54.5455%)
[cartographer_node-1] [0.680287, 0.702296)	                   #	Count: 1 (4.54545%)	Total: 13 (59.0909%)
[cartographer_node-1] [0.702296, 0.724304)	               #####	Count: 5 (22.7273%)	Total: 18 (81.8182%)
[cartographer_node-1] [0.724304, 0.746313)	                   #	Count: 1 (4.54545%)	Total: 19 (86.3636%)
[cartographer_node-1] [0.746313, 0.768322)	                   #	Count: 1 (4.54545%)	Total: 20 (90.9091%)
[cartographer_node-1] [0.768322, 0.790331)	                    	Count: 0 (0%)	Total: 20 (90.9091%)
[cartographer_node-1] [0.790331, 0.812340]	                  ##	Count: 2 (9.09091%)	Total: 22 (100%)
[cartographer_node-1] [INFO] [1778822257.018441000] [cartographer logger]: I0515 14:17:37.000000 59707 pose_graph_2d.cc:538] Remaining work items in queue: 0
[cartographer_node-1] [INFO] [1778822257.018490108] [cartographer logger]: I0515 14:17:37.000000 59707 constraint_builder_2d.cc:294] 0 computations resulted in 0 additional constraints.
[cartographer_node-1] [INFO] [1778822257.019083529] [cartographer logger]: I0515 14:17:37.000000 59707 constraint_builder_2d.cc:296] Score histogram:
[cartographer_node-1] Count: 22  Min: 0.592252  Max: 0.81234  Mean: 0.690391
[cartographer_node-1] [0.592252, 0.614260)	                   #	Count: 1 (4.54545%)	Total: 1 (4.54545%)
[cartographer_node-1] [0.614260, 0.636269)	                    	Count: 0 (0%)	Total: 1 (4.54545%)
[cartographer_node-1] [0.636269, 0.658278)	               #####	Count: 5 (22.7273%)	Total: 6 (27.2727%)
[cartographer_node-1] [0.658278, 0.680287)	               #####	Count: 6 (27.2727%)	Total: 12 (54.5455%)
[cartographer_node-1] [0.680287, 0.702296)	                   #	Count: 1 (4.54545%)	Total: 13 (59.0909%)
[cartographer_node-1] [0.702296, 0.724304)	               #####	Count: 5 (22.7273%)	Total: 18 (81.8182%)
[cartographer_node-1] [0.724304, 0.746313)	                   #	Count: 1 (4.54545%)	Total: 19 (86.3636%)
[cartographer_node-1] [0.746313, 0.768322)	                   #	Count: 1 (4.54545%)	Total: 20 (90.9091%)
[cartographer_node-1] [0.768322, 0.790331)	                    	Count: 0 (0%)	Total: 20 (90.9091%)
[cartographer_node-1] [0.790331, 0.812340]	                  ##	Count: 2 (9.09091%)	Total: 22 (100%)
[cartographer_node-1] [INFO] [1778822257.070309048] [cartographer logger]: I0515 14:17:37.000000 59705 pose_graph_2d.cc:538] Remaining work items in queue: 0
[cartographer_node-1] [INFO] [1778822257.085799333] [cartographer logger]: I0515 14:17:37.000000 59704 constraint_builder_2d.cc:294] 1 computations resulted in 0 additional constraints.
[cartographer_node-1] [INFO] [1778822257.085931517] [cartographer logger]: I0515 14:17:37.000000 59704 constraint_builder_2d.cc:296] Score histogram:
[cartographer_node-1] Count: 22  Min: 0.592252  Max: 0.81234  Mean: 0.690391
[cartographer_node-1] [0.592252, 0.614260)	                   #	Count: 1 (4.54545%)	Total: 1 (4.54545%)
[cartographer_node-1] [0.614260, 0.636269)	                    	Count: 0 (0%)	Total: 1 (4.54545%)
[cartographer_node-1] [0.636269, 0.658278)	               #####	Count: 5 (22.7273%)	Total: 6 (27.2727%)
[cartographer_node-1] [0.658278, 0.680287)	               #####	Count: 6 (27.2727%)	Total: 12 (54.5455%)
[cartographer_node-1] [0.680287, 0.702296)	                   #	Count: 1 (4.54545%)	Total: 13 (59.0909%)
[cartographer_node-1] [0.702296, 0.724304)	               #####	Count: 5 (22.7273%)	Total: 18 (81.8182%)
[cartographer_node-1] [0.724304, 0.746313)	                   #	Count: 1 (4.54545%)	Total: 19 (86.3636%)
[cartographer_node-1] [0.746313, 0.768322)	                   #	Count: 1 (4.54545%)	Total: 20 (90.9091%)
[cartographer_node-1] [0.768322, 0.790331)	                    	Count: 0 (0%)	Total: 20 (90.9091%)
[cartographer_node-1] [0.790331, 0.812340]	                  ##	Count: 2 (9.09091%)	Total: 22 (100%)
[cartographer_node-1] [INFO] [1778822257.121010431] [cartographer logger]: I0515 14:17:37.000000 59706 pose_graph_2d.cc:538] Remaining work items in queue: 0
[cartographer_node-1] [INFO] [1778822257.121057773] [cartographer logger]: I0515 14:17:37.000000 59706 constraint_builder_2d.cc:294] 0 computations resulted in 0 additional constraints.
[cartographer_node-1] [INFO] [1778822257.121570871] [cartographer logger]: I0515 14:17:37.000000 59706 constraint_builder_2d.cc:296] Score histogram:
[cartographer_node-1] Count: 22  Min: 0.592252  Max: 0.81234  Mean: 0.690391
[cartographer_node-1] [0.592252, 0.614260)	                   #	Count: 1 (4.54545%)	Total: 1 (4.54545%)
[cartographer_node-1] [0.614260, 0.636269)	                    	Count: 0 (0%)	Total: 1 (4.54545%)
[cartographer_node-1] [0.636269, 0.658278)	               #####	Count: 5 (22.7273%)	Total: 6 (27.2727%)
[cartographer_node-1] [0.658278, 0.680287)	               #####	Count: 6 (27.2727%)	Total: 12 (54.5455%)
[cartographer_node-1] [0.680287, 0.702296)	                   #	Count: 1 (4.54545%)	Total: 13 (59.0909%)
[cartographer_node-1] [0.702296, 0.724304)	               #####	Count: 5 (22.7273%)	Total: 18 (81.8182%)
[cartographer_node-1] [0.724304, 0.746313)	                   #	Count: 1 (4.54545%)	Total: 19 (86.3636%)
[cartographer_node-1] [0.746313, 0.768322)	                   #	Count: 1 (4.54545%)	Total: 20 (90.9091%)
[cartographer_node-1] [0.768322, 0.790331)	                    	Count: 0 (0%)	Total: 20 (90.9091%)
[cartographer_node-1] [0.790331, 0.812340]	                  ##	Count: 2 (9.09091%)	Total: 22 (100%)
[cartographer_node-1] [INFO] [1778822257.158751434] [cartographer logger]: I0515 14:17:37.000000 59678 motion_filter.cc:42] Motion filter reduced the number of nodes to 86.6%.
[cartographer_node-1] [INFO] [1778822257.159758609] [cartographer logger]: I0515 14:17:37.000000 59704 pose_graph_2d.cc:538] Remaining work items in queue: 0
[cartographer_node-1] [INFO] [1778822257.159795791] [cartographer logger]: I0515 14:17:37.000000 59704 constraint_builder_2d.cc:294] 0 computations resulted in 0 additional constraints.
[cartographer_node-1] [INFO] [1778822257.160360161] [cartographer logger]: I0515 14:17:37.000000 59704 constraint_builder_2d.cc:296] Score histogram:
[cartographer_node-1] Count: 22  Min: 0.592252  Max: 0.81234  Mean: 0.690391
[cartographer_node-1] [0.592252, 0.614260)	                   #	Count: 1 (4.54545%)	Total: 1 (4.54545%)
[cartographer_node-1] [0.614260, 0.636269)	                    	Count: 0 (0%)	Total: 1 (4.54545%)
[cartographer_node-1] [0.636269, 0.658278)	               #####	Count: 5 (22.7273%)	Total: 6 (27.2727%)
[cartographer_node-1] [0.658278, 0.680287)	               #####	Count: 6 (27.2727%)	Total: 12 (54.5455%)
[cartographer_node-1] [0.680287, 0.702296)	                   #	Count: 1 (4.54545%)	Total: 13 (59.0909%)
[cartographer_node-1] [0.702296, 0.724304)	               #####	Count: 5 (22.7273%)	Total: 18 (81.8182%)
[cartographer_node-1] [0.724304, 0.746313)	                   #	Count: 1 (4.54545%)	Total: 19 (86.3636%)
[cartographer_node-1] [0.746313, 0.768322)	                   #	Count: 1 (4.54545%)	Total: 20 (90.9091%)
[cartographer_node-1] [0.768322, 0.790331)	                    	Count: 0 (0%)	Total: 20 (90.9091%)
[cartographer_node-1] [0.790331, 0.812340]	                  ##	Count: 2 (9.09091%)	Total: 22 (100%)
[cartographer_node-1] [INFO] [1778822257.214903483] [cartographer logger]: I0515 14:17:37.000000 59706 pose_graph_2d.cc:538] Remaining work items in queue: 0
[cartographer_node-1] [INFO] [1778822257.214937372] [cartographer logger]: I0515 14:17:37.000000 59706 constraint_builder_2d.cc:294] 0 computations resulted in 0 additional constraints.
[cartographer_node-1] [INFO] [1778822257.215087592] [cartographer logger]: I0515 14:17:37.000000 59706 constraint_builder_2d.cc:296] Score histogram:
[cartographer_node-1] Count: 22  Min: 0.592252  Max: 0.81234  Mean: 0.690391
[cartographer_node-1] [0.592252, 0.614260)	                   #	Count: 1 (4.54545%)	Total: 1 (4.54545%)
[cartographer_node-1] [0.614260, 0.636269)	                    	Count: 0 (0%)	Total: 1 (4.54545%)
[cartographer_node-1] [0.636269, 0.658278)	               #####	Count: 5 (22.7273%)	Total: 6 (27.2727%)
[cartographer_node-1] [0.658278, 0.680287)	               #####	Count: 6 (27.2727%)	Total: 12 (54.5455%)
[cartographer_node-1] [0.680287, 0.702296)	                   #	Count: 1 (4.54545%)	Total: 13 (59.0909%)
[cartographer_node-1] [0.702296, 0.724304)	               #####	Count: 5 (22.7273%)	Total: 18 (81.8182%)
[cartographer_node-1] [0.724304, 0.746313)	                   #	Count: 1 (4.54545%)	Total: 19 (86.3636%)
[cartographer_node-1] [0.746313, 0.768322)	                   #	Count: 1 (4.54545%)	Total: 20 (90.9091%)
[cartographer_node-1] [0.768322, 0.790331)	                    	Count: 0 (0%)	Total: 20 (90.9091%)
[cartographer_node-1] [0.790331, 0.812340]	                  ##	Count: 2 (9.09091%)	Total: 22 (100%)
[cartographer_node-1] [INFO] [1778822257.264632428] [cartographer logger]: I0515 14:17:37.000000 59707 pose_graph_2d.cc:538] Remaining work items in queue: 0
[cartographer_node-1] [INFO] [1778822257.264684293] [cartographer logger]: I0515 14:17:37.000000 59707 constraint_builder_2d.cc:294] 0 computations resulted in 0 additional constraints.
[cartographer_node-1] [INFO] [1778822257.265223268] [cartographer logger]: I0515 14:17:37.000000 59707 constraint_builder_2d.cc:296] Score histogram:
[cartographer_node-1] Count: 22  Min: 0.592252  Max: 0.81234  Mean: 0.690391
[cartographer_node-1] [0.592252, 0.614260)	                   #	Count: 1 (4.54545%)	Total: 1 (4.54545%)
[cartographer_node-1] [0.614260, 0.636269)	                    	Count: 0 (0%)	Total: 1 (4.54545%)
[cartographer_node-1] [0.636269, 0.658278)	               #####	Count: 5 (22.7273%)	Total: 6 (27.2727%)
[cartographer_node-1] [0.658278, 0.680287)	               #####	Count: 6 (27.2727%)	Total: 12 (54.5455%)
[cartographer_node-1] [0.680287, 0.702296)	                   #	Count: 1 (4.54545%)	Total: 13 (59.0909%)
[cartographer_node-1] [0.702296, 0.724304)	               #####	Count: 5 (22.7273%)	Total: 18 (81.8182%)
[cartographer_node-1] [0.724304, 0.746313)	                   #	Count: 1 (4.54545%)	Total: 19 (86.3636%)
[cartographer_node-1] [0.746313, 0.768322)	                   #	Count: 1 (4.54545%)	Total: 20 (90.9091%)
[cartographer_node-1] [0.768322, 0.790331)	                    	Count: 0 (0%)	Total: 20 (90.9091%)
[cartographer_node-1] [0.790331, 0.812340]	                  ##	Count: 2 (9.09091%)	Total: 22 (100%)
[cartographer_node-1] [INFO] [1778822257.318340923] [cartographer logger]: I0515 14:17:37.000000 59704 pose_graph_2d.cc:538] Remaining work items in queue: 0
[cartographer_node-1] [INFO] [1778822257.318411750] [cartographer logger]: I0515 14:17:37.000000 59704 constraint_builder_2d.cc:294] 0 computations resulted in 0 additional constraints.
[cartographer_node-1] [INFO] [1778822257.319003622] [cartographer logger]: I0515 14:17:37.000000 59704 constraint_builder_2d.cc:296] Score histogram:
[cartographer_node-1] Count: 22  Min: 0.592252  Max: 0.81234  Mean: 0.690391
[cartographer_node-1] [0.592252, 0.614260)	                   #	Count: 1 (4.54545%)	Total: 1 (4.54545%)
[cartographer_node-1] [0.614260, 0.636269)	                    	Count: 0 (0%)	Total: 1 (4.54545%)
[cartographer_node-1] [0.636269, 0.658278)	               #####	Count: 5 (22.7273%)	Total: 6 (27.2727%)
[cartographer_node-1] [0.658278, 0.680287)	               #####	Count: 6 (27.2727%)	Total: 12 (54.5455%)
[cartographer_node-1] [0.680287, 0.702296)	                   #	Count: 1 (4.54545%)	Total: 13 (59.0909%)
[cartographer_node-1] [0.702296, 0.724304)	               #####	Count: 5 (22.7273%)	Total: 18 (81.8182%)
[cartographer_node-1] [0.724304, 0.746313)	                   #	Count: 1 (4.54545%)	Total: 19 (86.3636%)
[cartographer_node-1] [0.746313, 0.768322)	                   #	Count: 1 (4.54545%)	Total: 20 (90.9091%)
[cartographer_node-1] [0.768322, 0.790331)	                    	Count: 0 (0%)	Total: 20 (90.9091%)
[cartographer_node-1] [0.790331, 0.812340]	                  ##	Count: 2 (9.09091%)	Total: 22 (100%)
[cartographer_node-1] [INFO] [1778822257.362010368] [cartographer logger]: I0515 14:17:37.000000 59707 pose_graph_2d.cc:538] Remaining work items in queue: 0
[cartographer_node-1] [INFO] [1778822257.362054032] [cartographer logger]: I0515 14:17:37.000000 59707 constraint_builder_2d.cc:294] 0 computations resulted in 0 additional constraints.
[cartographer_node-1] [INFO] [1778822257.362531615] [cartographer logger]: I0515 14:17:37.000000 59707 constraint_builder_2d.cc:296] Score histogram:
[cartographer_node-1] Count: 22  Min: 0.592252  Max: 0.81234  Mean: 0.690391
[cartographer_node-1] [0.592252, 0.614260)	                   #	Count: 1 (4.54545%)	Total: 1 (4.54545%)
[cartographer_node-1] [0.614260, 0.636269)	                    	Count: 0 (0%)	Total: 1 (4.54545%)
[cartographer_node-1] [0.636269, 0.658278)	               #####	Count: 5 (22.7273%)	Total: 6 (27.2727%)
[cartographer_node-1] [0.658278, 0.680287)	               #####	Count: 6 (27.2727%)	Total: 12 (54.5455%)
[cartographer_node-1] [0.680287, 0.702296)	                   #	Count: 1 (4.54545%)	Total: 13 (59.0909%)
[cartographer_node-1] [0.702296, 0.724304)	               #####	Count: 5 (22.7273%)	Total: 18 (81.8182%)
[cartographer_node-1] [0.724304, 0.746313)	                   #	Count: 1 (4.54545%)	Total: 19 (86.3636%)
[cartographer_node-1] [0.746313, 0.768322)	                   #	Count: 1 (4.54545%)	Total: 20 (90.9091%)
[cartographer_node-1] [0.768322, 0.790331)	                    	Count: 0 (0%)	Total: 20 (90.9091%)
[cartographer_node-1] [0.790331, 0.812340]	                  ##	Count: 2 (9.09091%)	Total: 22 (100%)
[cartographer_node-1] [INFO] [1778822257.412533784] [cartographer logger]: I0515 14:17:37.000000 59706 pose_graph_2d.cc:538] Remaining work items in queue: 1
[cartographer_node-1] [INFO] [1778822257.440710576] [cartographer logger]: I0515 14:17:37.000000 59705 constraint_builder_2d.cc:294] 1 computations resulted in 0 additional constraints.
[cartographer_node-1] [INFO] [1778822257.440838426] [cartographer logger]: I0515 14:17:37.000000 59705 constraint_builder_2d.cc:296] Score histogram:
[cartographer_node-1] Count: 22  Min: 0.592252  Max: 0.81234  Mean: 0.690391
[cartographer_node-1] [0.592252, 0.614260)	                   #	Count: 1 (4.54545%)	Total: 1 (4.54545%)
[cartographer_node-1] [0.614260, 0.636269)	                    	Count: 0 (0%)	Total: 1 (4.54545%)
[cartographer_node-1] [0.636269, 0.658278)	               #####	Count: 5 (22.7273%)	Total: 6 (27.2727%)
[cartographer_node-1] [0.658278, 0.680287)	               #####	Count: 6 (27.2727%)	Total: 12 (54.5455%)
[cartographer_node-1] [0.680287, 0.702296)	                   #	Count: 1 (4.54545%)	Total: 13 (59.0909%)
[cartographer_node-1] [0.702296, 0.724304)	               #####	Count: 5 (22.7273%)	Total: 18 (81.8182%)
[cartographer_node-1] [0.724304, 0.746313)	                   #	Count: 1 (4.54545%)	Total: 19 (86.3636%)
[cartographer_node-1] [0.746313, 0.768322)	                   #	Count: 1 (4.54545%)	Total: 20 (90.9091%)
[cartographer_node-1] [0.768322, 0.790331)	                    	Count: 0 (0%)	Total: 20 (90.9091%)
[cartographer_node-1] [0.790331, 0.812340]	                  ##	Count: 2 (9.09091%)	Total: 22 (100%)
[cartographer_node-1] [INFO] [1778822257.469956346] [cartographer logger]: I0515 14:17:37.000000 59707 pose_graph_2d.cc:538] Remaining work items in queue: 0
[cartographer_node-1] [INFO] [1778822257.469993764] [cartographer logger]: I0515 14:17:37.000000 59707 constraint_builder_2d.cc:294] 0 computations resulted in 0 additional constraints.
[cartographer_node-1] [INFO] [1778822257.470440278] [cartographer logger]: I0515 14:17:37.000000 59707 constraint_builder_2d.cc:296] Score histogram:
[cartographer_node-1] Count: 22  Min: 0.592252  Max: 0.81234  Mean: 0.690391
[cartographer_node-1] [0.592252, 0.614260)	                   #	Count: 1 (4.54545%)	Total: 1 (4.54545%)
[cartographer_node-1] [0.614260, 0.636269)	                    	Count: 0 (0%)	Total: 1 (4.54545%)
[cartographer_node-1] [0.636269, 0.658278)	               #####	Count: 5 (22.7273%)	Total: 6 (27.2727%)
[cartographer_node-1] [0.658278, 0.680287)	               #####	Count: 6 (27.2727%)	Total: 12 (54.5455%)
[cartographer_node-1] [0.680287, 0.702296)	                   #	Count: 1 (4.54545%)	Total: 13 (59.0909%)
[cartographer_node-1] [0.702296, 0.724304)	               #####	Count: 5 (22.7273%)	Total: 18 (81.8182%)
[cartographer_node-1] [0.724304, 0.746313)	                   #	Count: 1 (4.54545%)	Total: 19 (86.3636%)
[cartographer_node-1] [0.746313, 0.768322)	                   #	Count: 1 (4.54545%)	Total: 20 (90.9091%)
[cartographer_node-1] [0.768322, 0.790331)	                    	Count: 0 (0%)	Total: 20 (90.9091%)
[cartographer_node-1] [0.790331, 0.812340]	                  ##	Count: 2 (9.09091%)	Total: 22 (100%)
[cartographer_node-1] [INFO] [1778822257.513469432] [cartographer logger]: I0515 14:17:37.000000 59707 pose_graph_2d.cc:538] Remaining work items in queue: 1
[cartographer_node-1] [INFO] [1778822257.513506441] [cartographer logger]: I0515 14:17:37.000000 59707 constraint_builder_2d.cc:294] 0 computations resulted in 0 additional constraints.
[cartographer_node-1] [INFO] [1778822257.513599016] [cartographer logger]: I0515 14:17:37.000000 59707 constraint_builder_2d.cc:296] Score histogram:
[cartographer_node-1] Count: 22  Min: 0.592252  Max: 0.81234  Mean: 0.690391
[cartographer_node-1] [0.592252, 0.614260)	                   #	Count: 1 (4.54545%)	Total: 1 (4.54545%)
[cartographer_node-1] [0.614260, 0.636269)	                    	Count: 0 (0%)	Total: 1 (4.54545%)
[cartographer_node-1] [0.636269, 0.658278)	               #####	Count: 5 (22.7273%)	Total: 6 (27.2727%)
[cartographer_node-1] [0.658278, 0.680287)	               #####	Count: 6 (27.2727%)	Total: 12 (54.5455%)
[cartographer_node-1] [0.680287, 0.702296)	                   #	Count: 1 (4.54545%)	Total: 13 (59.0909%)
[cartographer_node-1] [0.702296, 0.724304)	               #####	Count: 5 (22.7273%)	Total: 18 (81.8182%)
[cartographer_node-1] [0.724304, 0.746313)	                   #	Count: 1 (4.54545%)	Total: 19 (86.3636%)
[cartographer_node-1] [0.746313, 0.768322)	                   #	Count: 1 (4.54545%)	Total: 20 (90.9091%)
[cartographer_node-1] [0.768322, 0.790331)	                    	Count: 0 (0%)	Total: 20 (90.9091%)
[cartographer_node-1] [0.790331, 0.812340]	                  ##	Count: 2 (9.09091%)	Total: 22 (100%)
[cartographer_node-1] [INFO] [1778822257.563675061] [cartographer logger]: I0515 14:17:37.000000 59704 pose_graph_2d.cc:538] Remaining work items in queue: 1
[cartographer_node-1] [INFO] [1778822257.584181594] [cartographer logger]: I0515 14:17:37.000000 59707 constraint_builder_2d.cc:279] Node (1, 90) with 203 points on submap (1, 3) differs by translation 0.05 rotation 0.041 with score 66.7%.
[cartographer_node-1] [INFO] [1778822257.598425066] [cartographer logger]: I0515 14:17:37.000000 59678 pose_graph_2d.cc:148] Inserted submap (1, 5).
[cartographer_node-1] [INFO] [1778822257.671267316] [cartographer logger]: I0515 14:17:37.000000 59704 constraint_builder_2d.cc:279] Node (0, 454) with 189 points on submap (1, 3) matches with score 66.8%.
[cartographer_node-1] [INFO] [1778822257.675220519] [cartographer logger]: I0515 14:17:37.000000 59705 constraint_builder_2d.cc:279] Node (0, 1054) with 178 points on submap (1, 3) matches with score 69.6%.
[cartographer_node-1] [INFO] [1778822257.755659012] [cartographer logger]: I0515 14:17:37.000000 59707 constraint_builder_2d.cc:279] Node (0, 854) with 206 points on submap (1, 3) matches with score 67.8%.
[cartographer_node-1] [INFO] [1778822257.755933020] [cartographer logger]: I0515 14:17:37.000000 59706 constraint_builder_2d.cc:279] Node (0, 54) with 207 points on submap (1, 3) matches with score 58.2%.
[cartographer_node-1] [INFO] [1778822257.802268601] [cartographer logger]: I0515 14:17:37.000000 59704 constraint_builder_2d.cc:279] Node (0, 254) with 212 points on submap (1, 3) matches with score 62.8%.
[cartographer_node-1] [INFO] [1778822257.825941073] [cartographer logger]: I0515 14:17:37.000000 59705 constraint_builder_2d.cc:279] Node (0, 654) with 205 points on submap (1, 3) matches with score 62.6%.
[cartographer_node-1] [INFO] [1778822257.881489800] [cartographer logger]: I0515 14:17:37.000000 59707 constraint_builder_2d.cc:279] Node (0, 1254) with 208 points on submap (1, 3) matches with score 66.3%.
[cartographer_node-1] [INFO] [1778822257.881529099] [cartographer logger]: I0515 14:17:37.000000 59707 constraint_builder_2d.cc:294] 8 computations resulted in 8 additional constraints.
[cartographer_node-1] [INFO] [1778822257.881585127] [cartographer logger]: I0515 14:17:37.000000 59707 constraint_builder_2d.cc:296] Score histogram:
[cartographer_node-1] Count: 30  Min: 0.581531  Max: 0.81234  Mean: 0.679891
[cartographer_node-1] [0.581531, 0.604612)	                   #	Count: 2 (6.66667%)	Total: 2 (6.66667%)
[cartographer_node-1] [0.604612, 0.627693)	                   #	Count: 1 (3.33333%)	Total: 3 (10%)
[cartographer_node-1] [0.627693, 0.650773)	                 ###	Count: 5 (16.6667%)	Total: 8 (26.6667%)
[cartographer_node-1] [0.650773, 0.673854)	              ######	Count: 9 (30%)	Total: 17 (56.6667%)
[cartographer_node-1] [0.673854, 0.696935)	                 ###	Count: 4 (13.3333%)	Total: 21 (70%)
[cartographer_node-1] [0.696935, 0.720016)	                 ###	Count: 4 (13.3333%)	Total: 25 (83.3333%)
[cartographer_node-1] [0.720016, 0.743097)	                   #	Count: 2 (6.66667%)	Total: 27 (90%)
[cartographer_node-1] [0.743097, 0.766178)	                    	Count: 0 (0%)	Total: 27 (90%)
[cartographer_node-1] [0.766178, 0.789259)	                   #	Count: 1 (3.33333%)	Total: 28 (93.3333%)
[cartographer_node-1] [0.789259, 0.812340]	                   #	Count: 2 (6.66667%)	Total: 30 (100%)
[cartographer_node-1] [INFO] [1778822257.930930011] [cartographer logger]: I0515 14:17:37.000000 59707 pose_graph_2d.cc:538] Remaining work items in queue: 34
[cartographer_node-1] [INFO] [1778822257.930978441] [cartographer logger]: I0515 14:17:37.000000 59707 constraint_builder_2d.cc:294] 0 computations resulted in 0 additional constraints.
[cartographer_node-1] [INFO] [1778822257.931073410] [cartographer logger]: I0515 14:17:37.000000 59707 constraint_builder_2d.cc:296] Score histogram:
[cartographer_node-1] Count: 30  Min: 0.581531  Max: 0.81234  Mean: 0.679891
[cartographer_node-1] [0.581531, 0.604612)	                   #	Count: 2 (6.66667%)	Total: 2 (6.66667%)
[cartographer_node-1] [0.604612, 0.627693)	                   #	Count: 1 (3.33333%)	Total: 3 (10%)
[cartographer_node-1] [0.627693, 0.650773)	                 ###	Count: 5 (16.6667%)	Total: 8 (26.6667%)
[cartographer_node-1] [0.650773, 0.673854)	              ######	Count: 9 (30%)	Total: 17 (56.6667%)
[cartographer_node-1] [0.673854, 0.696935)	                 ###	Count: 4 (13.3333%)	Total: 21 (70%)
[cartographer_node-1] [0.696935, 0.720016)	                 ###	Count: 4 (13.3333%)	Total: 25 (83.3333%)
[cartographer_node-1] [0.720016, 0.743097)	                   #	Count: 2 (6.66667%)	Total: 27 (90%)
[cartographer_node-1] [0.743097, 0.766178)	                    	Count: 0 (0%)	Total: 27 (90%)
[cartographer_node-1] [0.766178, 0.789259)	                   #	Count: 1 (3.33333%)	Total: 28 (93.3333%)
[cartographer_node-1] [0.789259, 0.812340]	                   #	Count: 2 (6.66667%)	Total: 30 (100%)
[cartographer_node-1] [INFO] [1778822257.962245059] [cartographer logger]: I0515 14:17:37.000000 59707 pose_graph_2d.cc:538] Remaining work items in queue: 31
[cartographer_node-1] [INFO] [1778822257.962292897] [cartographer logger]: I0515 14:17:37.000000 59707 constraint_builder_2d.cc:294] 0 computations resulted in 0 additional constraints.
[cartographer_node-1] [INFO] [1778822257.962386104] [cartographer logger]: I0515 14:17:37.000000 59707 constraint_builder_2d.cc:296] Score histogram:
[cartographer_node-1] Count: 30  Min: 0.581531  Max: 0.81234  Mean: 0.679891
[cartographer_node-1] [0.581531, 0.604612)	                   #	Count: 2 (6.66667%)	Total: 2 (6.66667%)
[cartographer_node-1] [0.604612, 0.627693)	                   #	Count: 1 (3.33333%)	Total: 3 (10%)
[cartographer_node-1] [0.627693, 0.650773)	                 ###	Count: 5 (16.6667%)	Total: 8 (26.6667%)
[cartographer_node-1] [0.650773, 0.673854)	              ######	Count: 9 (30%)	Total: 17 (56.6667%)
[cartographer_node-1] [0.673854, 0.696935)	                 ###	Count: 4 (13.3333%)	Total: 21 (70%)
[cartographer_node-1] [0.696935, 0.720016)	                 ###	Count: 4 (13.3333%)	Total: 25 (83.3333%)
[cartographer_node-1] [0.720016, 0.743097)	                   #	Count: 2 (6.66667%)	Total: 27 (90%)
[cartographer_node-1] [0.743097, 0.766178)	                    	Count: 0 (0%)	Total: 27 (90%)
[cartographer_node-1] [0.766178, 0.789259)	                   #	Count: 1 (3.33333%)	Total: 28 (93.3333%)
[cartographer_node-1] [0.789259, 0.812340]	                   #	Count: 2 (6.66667%)	Total: 30 (100%)
[cartographer_node-1] [INFO] [1778822258.013305895] [cartographer logger]: I0515 14:17:38.000000 59707 pose_graph_2d.cc:538] Remaining work items in queue: 32
[cartographer_node-1] [INFO] [1778822258.013356835] [cartographer logger]: I0515 14:17:38.000000 59707 constraint_builder_2d.cc:294] 0 computations resulted in 0 additional constraints.
[cartographer_node-1] [INFO] [1778822258.013831776] [cartographer logger]: I0515 14:17:38.000000 59707 constraint_builder_2d.cc:296] Score histogram:
[cartographer_node-1] Count: 30  Min: 0.581531  Max: 0.81234  Mean: 0.679891
[cartographer_node-1] [0.581531, 0.604612)	                   #	Count: 2 (6.66667%)	Total: 2 (6.66667%)
[cartographer_node-1] [0.604612, 0.627693)	                   #	Count: 1 (3.33333%)	Total: 3 (10%)
[cartographer_node-1] [0.627693, 0.650773)	                 ###	Count: 5 (16.6667%)	Total: 8 (26.6667%)
[cartographer_node-1] [0.650773, 0.673854)	              ######	Count: 9 (30%)	Total: 17 (56.6667%)
[cartographer_node-1] [0.673854, 0.696935)	                 ###	Count: 4 (13.3333%)	Total: 21 (70%)
[cartographer_node-1] [0.696935, 0.720016)	                 ###	Count: 4 (13.3333%)	Total: 25 (83.3333%)
[cartographer_node-1] [0.720016, 0.743097)	                   #	Count: 2 (6.66667%)	Total: 27 (90%)
[cartographer_node-1] [0.743097, 0.766178)	                    	Count: 0 (0%)	Total: 27 (90%)
[cartographer_node-1] [0.766178, 0.789259)	                   #	Count: 1 (3.33333%)	Total: 28 (93.3333%)
[cartographer_node-1] [0.789259, 0.812340]	                   #	Count: 2 (6.66667%)	Total: 30 (100%)
[cartographer_node-1] [INFO] [1778822258.041135429] [cartographer logger]: I0515 14:17:38.000000 59707 pose_graph_2d.cc:538] Remaining work items in queue: 28
[cartographer_node-1] [INFO] [1778822258.135436576] [cartographer logger]: I0515 14:17:38.000000 59705 constraint_builder_2d.cc:279] Node (1, 457) with 202 points on submap (0, 2) matches with score 75.6%.
[cartographer_node-1] [INFO] [1778822258.135483888] [cartographer logger]: I0515 14:17:38.000000 59705 constraint_builder_2d.cc:294] 1 computations resulted in 1 additional constraints.
[cartographer_node-1] [INFO] [1778822258.135523597] [cartographer logger]: I0515 14:17:38.000000 59705 constraint_builder_2d.cc:296] Score histogram:
[cartographer_node-1] Count: 31  Min: 0.581531  Max: 0.81234  Mean: 0.682349
[cartographer_node-1] [0.581531, 0.604612)	                   #	Count: 2 (6.45161%)	Total: 2 (6.45161%)
[cartographer_node-1] [0.604612, 0.627693)	                   #	Count: 1 (3.22581%)	Total: 3 (9.67742%)
[cartographer_node-1] [0.627693, 0.650773)	                 ###	Count: 5 (16.129%)	Total: 8 (25.8065%)
[cartographer_node-1] [0.650773, 0.673854)	              ######	Count: 9 (29.0323%)	Total: 17 (54.8387%)
[cartographer_node-1] [0.673854, 0.696935)	                 ###	Count: 4 (12.9032%)	Total: 21 (67.7419%)
[cartographer_node-1] [0.696935, 0.720016)	                 ###	Count: 4 (12.9032%)	Total: 25 (80.6452%)
[cartographer_node-1] [0.720016, 0.743097)	                   #	Count: 2 (6.45161%)	Total: 27 (87.0968%)
[cartographer_node-1] [0.743097, 0.766178)	                   #	Count: 1 (3.22581%)	Total: 28 (90.3226%)
[cartographer_node-1] [0.766178, 0.789259)	                   #	Count: 1 (3.22581%)	Total: 29 (93.5484%)
[cartographer_node-1] [0.789259, 0.812340]	                   #	Count: 2 (6.45161%)	Total: 31 (100%)
[cartographer_node-1] [INFO] [1778822258.169064599] [cartographer logger]: I0515 14:17:38.000000 59705 pose_graph_2d.cc:538] Remaining work items in queue: 39
[cartographer_node-1] [INFO] [1778822258.169106305] [cartographer logger]: I0515 14:17:38.000000 59705 constraint_builder_2d.cc:294] 0 computations resulted in 0 additional constraints.
[cartographer_node-1] [INFO] [1778822258.169202061] [cartographer logger]: I0515 14:17:38.000000 59705 constraint_builder_2d.cc:296] Score histogram:
[cartographer_node-1] Count: 31  Min: 0.581531  Max: 0.81234  Mean: 0.682349
[cartographer_node-1] [0.581531, 0.604612)	                   #	Count: 2 (6.45161%)	Total: 2 (6.45161%)
[cartographer_node-1] [0.604612, 0.627693)	                   #	Count: 1 (3.22581%)	Total: 3 (9.67742%)
[cartographer_node-1] [0.627693, 0.650773)	                 ###	Count: 5 (16.129%)	Total: 8 (25.8065%)
[cartographer_node-1] [0.650773, 0.673854)	              ######	Count: 9 (29.0323%)	Total: 17 (54.8387%)
[cartographer_node-1] [0.673854, 0.696935)	                 ###	Count: 4 (12.9032%)	Total: 21 (67.7419%)
[cartographer_node-1] [0.696935, 0.720016)	                 ###	Count: 4 (12.9032%)	Total: 25 (80.6452%)
[cartographer_node-1] [0.720016, 0.743097)	                   #	Count: 2 (6.45161%)	Total: 27 (87.0968%)
[cartographer_node-1] [0.743097, 0.766178)	                   #	Count: 1 (3.22581%)	Total: 28 (90.3226%)
[cartographer_node-1] [0.766178, 0.789259)	                   #	Count: 1 (3.22581%)	Total: 29 (93.5484%)
[cartographer_node-1] [0.789259, 0.812340]	                   #	Count: 2 (6.45161%)	Total: 31 (100%)
[cartographer_node-1] [INFO] [1778822258.191593651] [cartographer logger]: I0515 14:17:38.000000 59705 pose_graph_2d.cc:538] Remaining work items in queue: 32
[cartographer_node-1] [INFO] [1778822258.191632390] [cartographer logger]: I0515 14:17:38.000000 59705 constraint_builder_2d.cc:294] 0 computations resulted in 0 additional constraints.
[cartographer_node-1] [INFO] [1778822258.191988742] [cartographer logger]: I0515 14:17:38.000000 59705 constraint_builder_2d.cc:296] Score histogram:
[cartographer_node-1] Count: 31  Min: 0.581531  Max: 0.81234  Mean: 0.682349
[cartographer_node-1] [0.581531, 0.604612)	                   #	Count: 2 (6.45161%)	Total: 2 (6.45161%)
[cartographer_node-1] [0.604612, 0.627693)	                   #	Count: 1 (3.22581%)	Total: 3 (9.67742%)
[cartographer_node-1] [0.627693, 0.650773)	                 ###	Count: 5 (16.129%)	Total: 8 (25.8065%)
[cartographer_node-1] [0.650773, 0.673854)	              ######	Count: 9 (29.0323%)	Total: 17 (54.8387%)
[cartographer_node-1] [0.673854, 0.696935)	                 ###	Count: 4 (12.9032%)	Total: 21 (67.7419%)
[cartographer_node-1] [0.696935, 0.720016)	                 ###	Count: 4 (12.9032%)	Total: 25 (80.6452%)
[cartographer_node-1] [0.720016, 0.743097)	                   #	Count: 2 (6.45161%)	Total: 27 (87.0968%)
[cartographer_node-1] [0.743097, 0.766178)	                   #	Count: 1 (3.22581%)	Total: 28 (90.3226%)
[cartographer_node-1] [0.766178, 0.789259)	                   #	Count: 1 (3.22581%)	Total: 29 (93.5484%)
[cartographer_node-1] [0.789259, 0.812340]	                   #	Count: 2 (6.45161%)	Total: 31 (100%)
[cartographer_node-1] [INFO] [1778822258.215133231] [cartographer logger]: I0515 14:17:38.000000 59705 pose_graph_2d.cc:538] Remaining work items in queue: 34
[cartographer_node-1] [INFO] [1778822258.215168150] [cartographer logger]: I0515 14:17:38.000000 59705 constraint_builder_2d.cc:294] 0 computations resulted in 0 additional constraints.
[cartographer_node-1] [INFO] [1778822258.215595112] [cartographer logger]: I0515 14:17:38.000000 59705 constraint_builder_2d.cc:296] Score histogram:
[cartographer_node-1] Count: 31  Min: 0.581531  Max: 0.81234  Mean: 0.682349
[cartographer_node-1] [0.581531, 0.604612)	                   #	Count: 2 (6.45161%)	Total: 2 (6.45161%)
[cartographer_node-1] [0.604612, 0.627693)	                   #	Count: 1 (3.22581%)	Total: 3 (9.67742%)
[cartographer_node-1] [0.627693, 0.650773)	                 ###	Count: 5 (16.129%)	Total: 8 (25.8065%)
[cartographer_node-1] [0.650773, 0.673854)	              ######	Count: 9 (29.0323%)	Total: 17 (54.8387%)
[cartographer_node-1] [0.673854, 0.696935)	                 ###	Count: 4 (12.9032%)	Total: 21 (67.7419%)
[cartographer_node-1] [0.696935, 0.720016)	                 ###	Count: 4 (12.9032%)	Total: 25 (80.6452%)
[cartographer_node-1] [0.720016, 0.743097)	                   #	Count: 2 (6.45161%)	Total: 27 (87.0968%)
[cartographer_node-1] [0.743097, 0.766178)	                   #	Count: 1 (3.22581%)	Total: 28 (90.3226%)
[cartographer_node-1] [0.766178, 0.789259)	                   #	Count: 1 (3.22581%)	Total: 29 (93.5484%)
[cartographer_node-1] [0.789259, 0.812340]	                   #	Count: 2 (6.45161%)	Total: 31 (100%)
[cartographer_node-1] [INFO] [1778822258.239230945] [cartographer logger]: I0515 14:17:38.000000 59705 pose_graph_2d.cc:538] Remaining work items in queue: 32
[cartographer_node-1] [INFO] [1778822258.239274703] [cartographer logger]: I0515 14:17:38.000000 59705 constraint_builder_2d.cc:294] 0 computations resulted in 0 additional constraints.
[cartographer_node-1] [INFO] [1778822258.239627322] [cartographer logger]: I0515 14:17:38.000000 59705 constraint_builder_2d.cc:296] Score histogram:
[cartographer_node-1] Count: 31  Min: 0.581531  Max: 0.81234  Mean: 0.682349
[cartographer_node-1] [0.581531, 0.604612)	                   #	Count: 2 (6.45161%)	Total: 2 (6.45161%)
[cartographer_node-1] [0.604612, 0.627693)	                   #	Count: 1 (3.22581%)	Total: 3 (9.67742%)
[cartographer_node-1] [0.627693, 0.650773)	                 ###	Count: 5 (16.129%)	Total: 8 (25.8065%)
[cartographer_node-1] [0.650773, 0.673854)	              ######	Count: 9 (29.0323%)	Total: 17 (54.8387%)
[cartographer_node-1] [0.673854, 0.696935)	                 ###	Count: 4 (12.9032%)	Total: 21 (67.7419%)
[cartographer_node-1] [0.696935, 0.720016)	                 ###	Count: 4 (12.9032%)	Total: 25 (80.6452%)
[cartographer_node-1] [0.720016, 0.743097)	                   #	Count: 2 (6.45161%)	Total: 27 (87.0968%)
[cartographer_node-1] [0.743097, 0.766178)	                   #	Count: 1 (3.22581%)	Total: 28 (90.3226%)
[cartographer_node-1] [0.766178, 0.789259)	                   #	Count: 1 (3.22581%)	Total: 29 (93.5484%)
[cartographer_node-1] [0.789259, 0.812340]	                   #	Count: 2 (6.45161%)	Total: 31 (100%)
[cartographer_node-1] [INFO] [1778822258.261607029] [cartographer logger]: I0515 14:17:38.000000 59705 pose_graph_2d.cc:538] Remaining work items in queue: 18
[cartographer_node-1] [INFO] [1778822258.261642865] [cartographer logger]: I0515 14:17:38.000000 59705 constraint_builder_2d.cc:294] 0 computations resulted in 0 additional constraints.
[cartographer_node-1] [INFO] [1778822258.261995546] [cartographer logger]: I0515 14:17:38.000000 59705 constraint_builder_2d.cc:296] Score histogram:
[cartographer_node-1] Count: 31  Min: 0.581531  Max: 0.81234  Mean: 0.682349
[cartographer_node-1] [0.581531, 0.604612)	                   #	Count: 2 (6.45161%)	Total: 2 (6.45161%)
[cartographer_node-1] [0.604612, 0.627693)	                   #	Count: 1 (3.22581%)	Total: 3 (9.67742%)
[cartographer_node-1] [0.627693, 0.650773)	                 ###	Count: 5 (16.129%)	Total: 8 (25.8065%)
[cartographer_node-1] [0.650773, 0.673854)	              ######	Count: 9 (29.0323%)	Total: 17 (54.8387%)
[cartographer_node-1] [0.673854, 0.696935)	                 ###	Count: 4 (12.9032%)	Total: 21 (67.7419%)
[cartographer_node-1] [0.696935, 0.720016)	                 ###	Count: 4 (12.9032%)	Total: 25 (80.6452%)
[cartographer_node-1] [0.720016, 0.743097)	                   #	Count: 2 (6.45161%)	Total: 27 (87.0968%)
[cartographer_node-1] [0.743097, 0.766178)	                   #	Count: 1 (3.22581%)	Total: 28 (90.3226%)
[cartographer_node-1] [0.766178, 0.789259)	                   #	Count: 1 (3.22581%)	Total: 29 (93.5484%)
[cartographer_node-1] [0.789259, 0.812340]	                   #	Count: 2 (6.45161%)	Total: 31 (100%)
[cartographer_node-1] [INFO] [1778822258.286289800] [cartographer logger]: I0515 14:17:38.000000 59705 pose_graph_2d.cc:538] Remaining work items in queue: 15
[cartographer_node-1] [INFO] [1778822258.286363156] [cartographer logger]: I0515 14:17:38.000000 59705 constraint_builder_2d.cc:294] 0 computations resulted in 0 additional constraints.
[cartographer_node-1] [INFO] [1778822258.286751205] [cartographer logger]: I0515 14:17:38.000000 59705 constraint_builder_2d.cc:296] Score histogram:
[cartographer_node-1] Count: 31  Min: 0.581531  Max: 0.81234  Mean: 0.682349
[cartographer_node-1] [0.581531, 0.604612)	                   #	Count: 2 (6.45161%)	Total: 2 (6.45161%)
[cartographer_node-1] [0.604612, 0.627693)	                   #	Count: 1 (3.22581%)	Total: 3 (9.67742%)
[cartographer_node-1] [0.627693, 0.650773)	                 ###	Count: 5 (16.129%)	Total: 8 (25.8065%)
[cartographer_node-1] [0.650773, 0.673854)	              ######	Count: 9 (29.0323%)	Total: 17 (54.8387%)
[cartographer_node-1] [0.673854, 0.696935)	                 ###	Count: 4 (12.9032%)	Total: 21 (67.7419%)
[cartographer_node-1] [0.696935, 0.720016)	                 ###	Count: 4 (12.9032%)	Total: 25 (80.6452%)
[cartographer_node-1] [0.720016, 0.743097)	                   #	Count: 2 (6.45161%)	Total: 27 (87.0968%)
[cartographer_node-1] [0.743097, 0.766178)	                   #	Count: 1 (3.22581%)	Total: 28 (90.3226%)
[cartographer_node-1] [0.766178, 0.789259)	                   #	Count: 1 (3.22581%)	Total: 29 (93.5484%)
[cartographer_node-1] [0.789259, 0.812340]	                   #	Count: 2 (6.45161%)	Total: 31 (100%)
[cartographer_node-1] [INFO] [1778822258.309828855] [cartographer logger]: I0515 14:17:38.000000 59705 pose_graph_2d.cc:538] Remaining work items in queue: 6
[cartographer_node-1] [INFO] [1778822258.390928929] [cartographer logger]: I0515 14:17:38.000000 59706 constraint_builder_2d.cc:294] 1 computations resulted in 0 additional constraints.
[cartographer_node-1] [INFO] [1778822258.391003007] [cartographer logger]: I0515 14:17:38.000000 59706 constraint_builder_2d.cc:296] Score histogram:
[cartographer_node-1] Count: 31  Min: 0.581531  Max: 0.81234  Mean: 0.682349
[cartographer_node-1] [0.581531, 0.604612)	                   #	Count: 2 (6.45161%)	Total: 2 (6.45161%)
[cartographer_node-1] [0.604612, 0.627693)	                   #	Count: 1 (3.22581%)	Total: 3 (9.67742%)
[cartographer_node-1] [0.627693, 0.650773)	                 ###	Count: 5 (16.129%)	Total: 8 (25.8065%)
[cartographer_node-1] [0.650773, 0.673854)	              ######	Count: 9 (29.0323%)	Total: 17 (54.8387%)
[cartographer_node-1] [0.673854, 0.696935)	                 ###	Count: 4 (12.9032%)	Total: 21 (67.7419%)
[cartographer_node-1] [0.696935, 0.720016)	                 ###	Count: 4 (12.9032%)	Total: 25 (80.6452%)
[cartographer_node-1] [0.720016, 0.743097)	                   #	Count: 2 (6.45161%)	Total: 27 (87.0968%)
[cartographer_node-1] [0.743097, 0.766178)	                   #	Count: 1 (3.22581%)	Total: 28 (90.3226%)
[cartographer_node-1] [0.766178, 0.789259)	                   #	Count: 1 (3.22581%)	Total: 29 (93.5484%)
[cartographer_node-1] [0.789259, 0.812340]	                   #	Count: 2 (6.45161%)	Total: 31 (100%)
[cartographer_node-1] [INFO] [1778822258.415461712] [cartographer logger]: I0515 14:17:38.000000 59706 pose_graph_2d.cc:538] Remaining work items in queue: 1
[cartographer_node-1] [INFO] [1778822258.415503187] [cartographer logger]: I0515 14:17:38.000000 59706 constraint_builder_2d.cc:294] 0 computations resulted in 0 additional constraints.
[cartographer_node-1] [INFO] [1778822258.415532224] [cartographer logger]: I0515 14:17:38.000000 59706 constraint_builder_2d.cc:296] Score histogram:
[cartographer_node-1] Count: 31  Min: 0.581531  Max: 0.81234  Mean: 0.682349
[cartographer_node-1] [0.581531, 0.604612)	                   #	Count: 2 (6.45161%)	Total: 2 (6.45161%)
[cartographer_node-1] [0.604612, 0.627693)	                   #	Count: 1 (3.22581%)	Total: 3 (9.67742%)
[cartographer_node-1] [0.627693, 0.650773)	                 ###	Count: 5 (16.129%)	Total: 8 (25.8065%)
[cartographer_node-1] [0.650773, 0.673854)	              ######	Count: 9 (29.0323%)	Total: 17 (54.8387%)
[cartographer_node-1] [0.673854, 0.696935)	                 ###	Count: 4 (12.9032%)	Total: 21 (67.7419%)
[cartographer_node-1] [0.696935, 0.720016)	                 ###	Count: 4 (12.9032%)	Total: 25 (80.6452%)
[cartographer_node-1] [0.720016, 0.743097)	                   #	Count: 2 (6.45161%)	Total: 27 (87.0968%)
[cartographer_node-1] [0.743097, 0.766178)	                   #	Count: 1 (3.22581%)	Total: 28 (90.3226%)
[cartographer_node-1] [0.766178, 0.789259)	                   #	Count: 1 (3.22581%)	Total: 29 (93.5484%)
[cartographer_node-1] [0.789259, 0.812340]	                   #	Count: 2 (6.45161%)	Total: 31 (100%)
[cartographer_node-1] [INFO] [1778822258.516728879] [cartographer logger]: I0515 14:17:38.000000 59704 pose_graph_2d.cc:538] Remaining work items in queue: 0
[cartographer_node-1] [INFO] [1778822258.516765537] [cartographer logger]: I0515 14:17:38.000000 59704 constraint_builder_2d.cc:294] 0 computations resulted in 0 additional constraints.
[cartographer_node-1] [INFO] [1778822258.516815199] [cartographer logger]: I0515 14:17:38.000000 59704 constraint_builder_2d.cc:296] Score histogram:
[cartographer_node-1] Count: 31  Min: 0.581531  Max: 0.81234  Mean: 0.682349
[cartographer_node-1] [0.581531, 0.604612)	                   #	Count: 2 (6.45161%)	Total: 2 (6.45161%)
[cartographer_node-1] [0.604612, 0.627693)	                   #	Count: 1 (3.22581%)	Total: 3 (9.67742%)
[cartographer_node-1] [0.627693, 0.650773)	                 ###	Count: 5 (16.129%)	Total: 8 (25.8065%)
[cartographer_node-1] [0.650773, 0.673854)	              ######	Count: 9 (29.0323%)	Total: 17 (54.8387%)
[cartographer_node-1] [0.673854, 0.696935)	                 ###	Count: 4 (12.9032%)	Total: 21 (67.7419%)
[cartographer_node-1] [0.696935, 0.720016)	                 ###	Count: 4 (12.9032%)	Total: 25 (80.6452%)
[cartographer_node-1] [0.720016, 0.743097)	                   #	Count: 2 (6.45161%)	Total: 27 (87.0968%)
[cartographer_node-1] [0.743097, 0.766178)	                   #	Count: 1 (3.22581%)	Total: 28 (90.3226%)
[cartographer_node-1] [0.766178, 0.789259)	                   #	Count: 1 (3.22581%)	Total: 29 (93.5484%)
[cartographer_node-1] [0.789259, 0.812340]	                   #	Count: 2 (6.45161%)	Total: 31 (100%)
[cartographer_node-1] [INFO] [1778822258.613271871] [cartographer logger]: I0515 14:17:38.000000 59704 pose_graph_2d.cc:538] Remaining work items in queue: 0
[cartographer_node-1] [INFO] [1778822258.613308462] [cartographer logger]: I0515 14:17:38.000000 59704 constraint_builder_2d.cc:294] 0 computations resulted in 0 additional constraints.
[cartographer_node-1] [INFO] [1778822258.613848398] [cartographer logger]: I0515 14:17:38.000000 59704 constraint_builder_2d.cc:296] Score histogram:
[cartographer_node-1] Count: 31  Min: 0.581531  Max: 0.81234  Mean: 0.682349
[cartographer_node-1] [0.581531, 0.604612)	                   #	Count: 2 (6.45161%)	Total: 2 (6.45161%)
[cartographer_node-1] [0.604612, 0.627693)	                   #	Count: 1 (3.22581%)	Total: 3 (9.67742%)
[cartographer_node-1] [0.627693, 0.650773)	                 ###	Count: 5 (16.129%)	Total: 8 (25.8065%)
[cartographer_node-1] [0.650773, 0.673854)	              ######	Count: 9 (29.0323%)	Total: 17 (54.8387%)
[cartographer_node-1] [0.673854, 0.696935)	                 ###	Count: 4 (12.9032%)	Total: 21 (67.7419%)
[cartographer_node-1] [0.696935, 0.720016)	                 ###	Count: 4 (12.9032%)	Total: 25 (80.6452%)
[cartographer_node-1] [0.720016, 0.743097)	                   #	Count: 2 (6.45161%)	Total: 27 (87.0968%)
[cartographer_node-1] [0.743097, 0.766178)	                   #	Count: 1 (3.22581%)	Total: 28 (90.3226%)
[cartographer_node-1] [0.766178, 0.789259)	                   #	Count: 1 (3.22581%)	Total: 29 (93.5484%)
[cartographer_node-1] [0.789259, 0.812340]	                   #	Count: 2 (6.45161%)	Total: 31 (100%)
[cartographer_node-1] [INFO] [1778822258.667397079] [cartographer logger]: I0515 14:17:38.000000 59707 pose_graph_2d.cc:538] Remaining work items in queue: 0
[cartographer_node-1] [INFO] [1778822258.667444572] [cartographer logger]: I0515 14:17:38.000000 59707 constraint_builder_2d.cc:294] 0 computations resulted in 0 additional constraints.
[cartographer_node-1] [INFO] [1778822258.667485782] [cartographer logger]: I0515 14:17:38.000000 59707 constraint_builder_2d.cc:296] Score histogram:
[cartographer_node-1] Count: 31  Min: 0.581531  Max: 0.81234  Mean: 0.682349
[cartographer_node-1] [0.581531, 0.604612)	                   #	Count: 2 (6.45161%)	Total: 2 (6.45161%)
[cartographer_node-1] [0.604612, 0.627693)	                   #	Count: 1 (3.22581%)	Total: 3 (9.67742%)
[cartographer_node-1] [0.627693, 0.650773)	                 ###	Count: 5 (16.129%)	Total: 8 (25.8065%)
[cartographer_node-1] [0.650773, 0.673854)	              ######	Count: 9 (29.0323%)	Total: 17 (54.8387%)
[cartographer_node-1] [0.673854, 0.696935)	                 ###	Count: 4 (12.9032%)	Total: 21 (67.7419%)
[cartographer_node-1] [0.696935, 0.720016)	                 ###	Count: 4 (12.9032%)	Total: 25 (80.6452%)
[cartographer_node-1] [0.720016, 0.743097)	                   #	Count: 2 (6.45161%)	Total: 27 (87.0968%)
[cartographer_node-1] [0.743097, 0.766178)	                   #	Count: 1 (3.22581%)	Total: 28 (90.3226%)
[cartographer_node-1] [0.766178, 0.789259)	                   #	Count: 1 (3.22581%)	Total: 29 (93.5484%)
[cartographer_node-1] [0.789259, 0.812340]	                   #	Count: 2 (6.45161%)	Total: 31 (100%)
[cartographer_node-1] [INFO] [1778822258.849362558] [cartographer logger]: I0515 14:17:38.000000 59706 pose_graph_2d.cc:538] Remaining work items in queue: 0
[cartographer_node-1] [INFO] [1778822258.849412852] [cartographer logger]: I0515 14:17:38.000000 59706 constraint_builder_2d.cc:294] 0 computations resulted in 0 additional constraints.
[cartographer_node-1] [INFO] [1778822258.849549507] [cartographer logger]: I0515 14:17:38.000000 59706 constraint_builder_2d.cc:296] Score histogram:
[cartographer_node-1] Count: 31  Min: 0.581531  Max: 0.81234  Mean: 0.682349
[cartographer_node-1] [0.581531, 0.604612)	                   #	Count: 2 (6.45161%)	Total: 2 (6.45161%)
[cartographer_node-1] [0.604612, 0.627693)	                   #	Count: 1 (3.22581%)	Total: 3 (9.67742%)
[cartographer_node-1] [0.627693, 0.650773)	                 ###	Count: 5 (16.129%)	Total: 8 (25.8065%)
[cartographer_node-1] [0.650773, 0.673854)	              ######	Count: 9 (29.0323%)	Total: 17 (54.8387%)
[cartographer_node-1] [0.673854, 0.696935)	                 ###	Count: 4 (12.9032%)	Total: 21 (67.7419%)
[cartographer_node-1] [0.696935, 0.720016)	                 ###	Count: 4 (12.9032%)	Total: 25 (80.6452%)
[cartographer_node-1] [0.720016, 0.743097)	                   #	Count: 2 (6.45161%)	Total: 27 (87.0968%)
[cartographer_node-1] [0.743097, 0.766178)	                   #	Count: 1 (3.22581%)	Total: 28 (90.3226%)
[cartographer_node-1] [0.766178, 0.789259)	                   #	Count: 1 (3.22581%)	Total: 29 (93.5484%)
[cartographer_node-1] [0.789259, 0.812340]	                   #	Count: 2 (6.45161%)	Total: 31 (100%)
[cartographer_node-1] [INFO] [1778822258.968816715] [cartographer logger]: I0515 14:17:38.000000 59707 pose_graph_2d.cc:538] Remaining work items in queue: 0
[cartographer_node-1] [INFO] [1778822258.968858493] [cartographer logger]: I0515 14:17:38.000000 59707 constraint_builder_2d.cc:294] 0 computations resulted in 0 additional constraints.
[cartographer_node-1] [INFO] [1778822258.969300969] [cartographer logger]: I0515 14:17:38.000000 59707 constraint_builder_2d.cc:296] Score histogram:
[cartographer_node-1] Count: 31  Min: 0.581531  Max: 0.81234  Mean: 0.682349
[cartographer_node-1] [0.581531, 0.604612)	                   #	Count: 2 (6.45161%)	Total: 2 (6.45161%)
[cartographer_node-1] [0.604612, 0.627693)	                   #	Count: 1 (3.22581%)	Total: 3 (9.67742%)
[cartographer_node-1] [0.627693, 0.650773)	                 ###	Count: 5 (16.129%)	Total: 8 (25.8065%)
[cartographer_node-1] [0.650773, 0.673854)	              ######	Count: 9 (29.0323%)	Total: 17 (54.8387%)
[cartographer_node-1] [0.673854, 0.696935)	                 ###	Count: 4 (12.9032%)	Total: 21 (67.7419%)
[cartographer_node-1] [0.696935, 0.720016)	                 ###	Count: 4 (12.9032%)	Total: 25 (80.6452%)
[cartographer_node-1] [0.720016, 0.743097)	                   #	Count: 2 (6.45161%)	Total: 27 (87.0968%)
[cartographer_node-1] [0.743097, 0.766178)	                   #	Count: 1 (3.22581%)	Total: 28 (90.3226%)
[cartographer_node-1] [0.766178, 0.789259)	                   #	Count: 1 (3.22581%)	Total: 29 (93.5484%)
[cartographer_node-1] [0.789259, 0.812340]	                   #	Count: 2 (6.45161%)	Total: 31 (100%)
[cartographer_node-1] [INFO] [1778822259.069201431] [cartographer logger]: I0515 14:17:39.000000 59705 pose_graph_2d.cc:538] Remaining work items in queue: 0
[cartographer_node-1] [INFO] [1778822259.126692895] [cartographer logger]: I0515 14:17:39.000000 59707 constraint_builder_2d.cc:294] 1 computations resulted in 0 additional constraints.
[cartographer_node-1] [INFO] [1778822259.126788291] [cartographer logger]: I0515 14:17:39.000000 59707 constraint_builder_2d.cc:296] Score histogram:
[cartographer_node-1] Count: 31  Min: 0.581531  Max: 0.81234  Mean: 0.682349
[cartographer_node-1] [0.581531, 0.604612)	                   #	Count: 2 (6.45161%)	Total: 2 (6.45161%)
[cartographer_node-1] [0.604612, 0.627693)	                   #	Count: 1 (3.22581%)	Total: 3 (9.67742%)
[cartographer_node-1] [0.627693, 0.650773)	                 ###	Count: 5 (16.129%)	Total: 8 (25.8065%)
[cartographer_node-1] [0.650773, 0.673854)	              ######	Count: 9 (29.0323%)	Total: 17 (54.8387%)
[cartographer_node-1] [0.673854, 0.696935)	                 ###	Count: 4 (12.9032%)	Total: 21 (67.7419%)
[cartographer_node-1] [0.696935, 0.720016)	                 ###	Count: 4 (12.9032%)	Total: 25 (80.6452%)
[cartographer_node-1] [0.720016, 0.743097)	                   #	Count: 2 (6.45161%)	Total: 27 (87.0968%)
[cartographer_node-1] [0.743097, 0.766178)	                   #	Count: 1 (3.22581%)	Total: 28 (90.3226%)
[cartographer_node-1] [0.766178, 0.789259)	                   #	Count: 1 (3.22581%)	Total: 29 (93.5484%)
[cartographer_node-1] [0.789259, 0.812340]	                   #	Count: 2 (6.45161%)	Total: 31 (100%)
[cartographer_node-1] [INFO] [1778822259.150935091] [cartographer logger]: I0515 14:17:39.000000 59707 pose_graph_2d.cc:538] Remaining work items in queue: 4
[cartographer_node-1] [INFO] [1778822259.151006424] [cartographer logger]: I0515 14:17:39.000000 59707 constraint_builder_2d.cc:294] 0 computations resulted in 0 additional constraints.
[cartographer_node-1] [INFO] [1778822259.151471765] [cartographer logger]: I0515 14:17:39.000000 59707 constraint_builder_2d.cc:296] Score histogram:
[cartographer_node-1] Count: 31  Min: 0.581531  Max: 0.81234  Mean: 0.682349
[cartographer_node-1] [0.581531, 0.604612)	                   #	Count: 2 (6.45161%)	Total: 2 (6.45161%)
[cartographer_node-1] [0.604612, 0.627693)	                   #	Count: 1 (3.22581%)	Total: 3 (9.67742%)
[cartographer_node-1] [0.627693, 0.650773)	                 ###	Count: 5 (16.129%)	Total: 8 (25.8065%)
[cartographer_node-1] [0.650773, 0.673854)	              ######	Count: 9 (29.0323%)	Total: 17 (54.8387%)
[cartographer_node-1] [0.673854, 0.696935)	                 ###	Count: 4 (12.9032%)	Total: 21 (67.7419%)
[cartographer_node-1] [0.696935, 0.720016)	                 ###	Count: 4 (12.9032%)	Total: 25 (80.6452%)
[cartographer_node-1] [0.720016, 0.743097)	                   #	Count: 2 (6.45161%)	Total: 27 (87.0968%)
[cartographer_node-1] [0.743097, 0.766178)	                   #	Count: 1 (3.22581%)	Total: 28 (90.3226%)
[cartographer_node-1] [0.766178, 0.789259)	                   #	Count: 1 (3.22581%)	Total: 29 (93.5484%)
[cartographer_node-1] [0.789259, 0.812340]	                   #	Count: 2 (6.45161%)	Total: 31 (100%)
[cartographer_node-1] [INFO] [1778822259.189747268] [cartographer logger]: I0515 14:17:39.000000 59705 pose_graph_2d.cc:538] Remaining work items in queue: 2
[cartographer_node-1] [INFO] [1778822259.189803413] [cartographer logger]: I0515 14:17:39.000000 59705 constraint_builder_2d.cc:294] 0 computations resulted in 0 additional constraints.
[cartographer_node-1] [INFO] [1778822259.190169958] [cartographer logger]: I0515 14:17:39.000000 59705 constraint_builder_2d.cc:296] Score histogram:
[cartographer_node-1] Count: 31  Min: 0.581531  Max: 0.81234  Mean: 0.682349
[cartographer_node-1] [0.581531, 0.604612)	                   #	Count: 2 (6.45161%)	Total: 2 (6.45161%)
[cartographer_node-1] [0.604612, 0.627693)	                   #	Count: 1 (3.22581%)	Total: 3 (9.67742%)
[cartographer_node-1] [0.627693, 0.650773)	                 ###	Count: 5 (16.129%)	Total: 8 (25.8065%)
[cartographer_node-1] [0.650773, 0.673854)	              ######	Count: 9 (29.0323%)	Total: 17 (54.8387%)
[cartographer_node-1] [0.673854, 0.696935)	                 ###	Count: 4 (12.9032%)	Total: 21 (67.7419%)
[cartographer_node-1] [0.696935, 0.720016)	                 ###	Count: 4 (12.9032%)	Total: 25 (80.6452%)
[cartographer_node-1] [0.720016, 0.743097)	                   #	Count: 2 (6.45161%)	Total: 27 (87.0968%)
[cartographer_node-1] [0.743097, 0.766178)	                   #	Count: 1 (3.22581%)	Total: 28 (90.3226%)
[cartographer_node-1] [0.766178, 0.789259)	                   #	Count: 1 (3.22581%)	Total: 29 (93.5484%)
[cartographer_node-1] [0.789259, 0.812340]	                   #	Count: 2 (6.45161%)	Total: 31 (100%)
[cartographer_node-1] [INFO] [1778822259.215582874] [cartographer logger]: I0515 14:17:39.000000 59705 pose_graph_2d.cc:538] Remaining work items in queue: 1
[cartographer_node-1] [INFO] [1778822259.215623548] [cartographer logger]: I0515 14:17:39.000000 59705 constraint_builder_2d.cc:294] 0 computations resulted in 0 additional constraints.
[cartographer_node-1] [INFO] [1778822259.216104720] [cartographer logger]: I0515 14:17:39.000000 59705 constraint_builder_2d.cc:296] Score histogram:
[cartographer_node-1] Count: 31  Min: 0.581531  Max: 0.81234  Mean: 0.682349
[cartographer_node-1] [0.581531, 0.604612)	                   #	Count: 2 (6.45161%)	Total: 2 (6.45161%)
[cartographer_node-1] [0.604612, 0.627693)	                   #	Count: 1 (3.22581%)	Total: 3 (9.67742%)
[cartographer_node-1] [0.627693, 0.650773)	                 ###	Count: 5 (16.129%)	Total: 8 (25.8065%)
[cartographer_node-1] [0.650773, 0.673854)	              ######	Count: 9 (29.0323%)	Total: 17 (54.8387%)
[cartographer_node-1] [0.673854, 0.696935)	                 ###	Count: 4 (12.9032%)	Total: 21 (67.7419%)
[cartographer_node-1] [0.696935, 0.720016)	                 ###	Count: 4 (12.9032%)	Total: 25 (80.6452%)
[cartographer_node-1] [0.720016, 0.743097)	                   #	Count: 2 (6.45161%)	Total: 27 (87.0968%)
[cartographer_node-1] [0.743097, 0.766178)	                   #	Count: 1 (3.22581%)	Total: 28 (90.3226%)
[cartographer_node-1] [0.766178, 0.789259)	                   #	Count: 1 (3.22581%)	Total: 29 (93.5484%)
[cartographer_node-1] [0.789259, 0.812340]	                   #	Count: 2 (6.45161%)	Total: 31 (100%)
[cartographer_node-1] [INFO] [1778822259.269440544] [cartographer logger]: I0515 14:17:39.000000 59707 pose_graph_2d.cc:538] Remaining work items in queue: 0
[cartographer_node-1] [INFO] [1778822259.269477421] [cartographer logger]: I0515 14:17:39.000000 59707 constraint_builder_2d.cc:294] 0 computations resulted in 0 additional constraints.
[cartographer_node-1] [INFO] [1778822259.269526177] [cartographer logger]: I0515 14:17:39.000000 59707 constraint_builder_2d.cc:296] Score histogram:
[cartographer_node-1] Count: 31  Min: 0.581531  Max: 0.81234  Mean: 0.682349
[cartographer_node-1] [0.581531, 0.604612)	                   #	Count: 2 (6.45161%)	Total: 2 (6.45161%)
[cartographer_node-1] [0.604612, 0.627693)	                   #	Count: 1 (3.22581%)	Total: 3 (9.67742%)
[cartographer_node-1] [0.627693, 0.650773)	                 ###	Count: 5 (16.129%)	Total: 8 (25.8065%)
[cartographer_node-1] [0.650773, 0.673854)	              ######	Count: 9 (29.0323%)	Total: 17 (54.8387%)
[cartographer_node-1] [0.673854, 0.696935)	                 ###	Count: 4 (12.9032%)	Total: 21 (67.7419%)
[cartographer_node-1] [0.696935, 0.720016)	                 ###	Count: 4 (12.9032%)	Total: 25 (80.6452%)
[cartographer_node-1] [0.720016, 0.743097)	                   #	Count: 2 (6.45161%)	Total: 27 (87.0968%)
[cartographer_node-1] [0.743097, 0.766178)	                   #	Count: 1 (3.22581%)	Total: 28 (90.3226%)
[cartographer_node-1] [0.766178, 0.789259)	                   #	Count: 1 (3.22581%)	Total: 29 (93.5484%)
[cartographer_node-1] [0.789259, 0.812340]	                   #	Count: 2 (6.45161%)	Total: 31 (100%)
[cartographer_node-1] [INFO] [1778822259.310598887] [cartographer logger]: I0515 14:17:39.000000 59707 pose_graph_2d.cc:538] Remaining work items in queue: 1
[cartographer_node-1] [INFO] [1778822259.310644737] [cartographer logger]: I0515 14:17:39.000000 59707 constraint_builder_2d.cc:294] 0 computations resulted in 0 additional constraints.
[cartographer_node-1] [INFO] [1778822259.310755459] [cartographer logger]: I0515 14:17:39.000000 59707 constraint_builder_2d.cc:296] Score histogram:
[cartographer_node-1] Count: 31  Min: 0.581531  Max: 0.81234  Mean: 0.682349
[cartographer_node-1] [0.581531, 0.604612)	                   #	Count: 2 (6.45161%)	Total: 2 (6.45161%)
[cartographer_node-1] [0.604612, 0.627693)	                   #	Count: 1 (3.22581%)	Total: 3 (9.67742%)
[cartographer_node-1] [0.627693, 0.650773)	                 ###	Count: 5 (16.129%)	Total: 8 (25.8065%)
[cartographer_node-1] [0.650773, 0.673854)	              ######	Count: 9 (29.0323%)	Total: 17 (54.8387%)
[cartographer_node-1] [0.673854, 0.696935)	                 ###	Count: 4 (12.9032%)	Total: 21 (67.7419%)
[cartographer_node-1] [0.696935, 0.720016)	                 ###	Count: 4 (12.9032%)	Total: 25 (80.6452%)
[cartographer_node-1] [0.720016, 0.743097)	                   #	Count: 2 (6.45161%)	Total: 27 (87.0968%)
[cartographer_node-1] [0.743097, 0.766178)	                   #	Count: 1 (3.22581%)	Total: 28 (90.3226%)
[cartographer_node-1] [0.766178, 0.789259)	                   #	Count: 1 (3.22581%)	Total: 29 (93.5484%)
[cartographer_node-1] [0.789259, 0.812340]	                   #	Count: 2 (6.45161%)	Total: 31 (100%)
[cartographer_node-1] [INFO] [1778822259.340405071] [cartographer logger]: I0515 14:17:39.000000 59705 pose_graph_2d.cc:538] Remaining work items in queue: 0
[cartographer_node-1] [INFO] [1778822259.340444194] [cartographer logger]: I0515 14:17:39.000000 59705 constraint_builder_2d.cc:294] 0 computations resulted in 0 additional constraints.
[cartographer_node-1] [INFO] [1778822259.340554989] [cartographer logger]: I0515 14:17:39.000000 59705 constraint_builder_2d.cc:296] Score histogram:
[cartographer_node-1] Count: 31  Min: 0.581531  Max: 0.81234  Mean: 0.682349
[cartographer_node-1] [0.581531, 0.604612)	                   #	Count: 2 (6.45161%)	Total: 2 (6.45161%)
[cartographer_node-1] [0.604612, 0.627693)	                   #	Count: 1 (3.22581%)	Total: 3 (9.67742%)
[cartographer_node-1] [0.627693, 0.650773)	                 ###	Count: 5 (16.129%)	Total: 8 (25.8065%)
[cartographer_node-1] [0.650773, 0.673854)	              ######	Count: 9 (29.0323%)	Total: 17 (54.8387%)
[cartographer_node-1] [0.673854, 0.696935)	                 ###	Count: 4 (12.9032%)	Total: 21 (67.7419%)
[cartographer_node-1] [0.696935, 0.720016)	                 ###	Count: 4 (12.9032%)	Total: 25 (80.6452%)
[cartographer_node-1] [0.720016, 0.743097)	                   #	Count: 2 (6.45161%)	Total: 27 (87.0968%)
[cartographer_node-1] [0.743097, 0.766178)	                   #	Count: 1 (3.22581%)	Total: 28 (90.3226%)
[cartographer_node-1] [0.766178, 0.789259)	                   #	Count: 1 (3.22581%)	Total: 29 (93.5484%)
[cartographer_node-1] [0.789259, 0.812340]	                   #	Count: 2 (6.45161%)	Total: 31 (100%)
[cartographer_node-1] [INFO] [1778822259.389177065] [cartographer logger]: I0515 14:17:39.000000 59707 pose_graph_2d.cc:538] Remaining work items in queue: 0
[cartographer_node-1] [INFO] [1778822259.389232571] [cartographer logger]: I0515 14:17:39.000000 59707 constraint_builder_2d.cc:294] 0 computations resulted in 0 additional constraints.
[cartographer_node-1] [INFO] [1778822259.389747924] [cartographer logger]: I0515 14:17:39.000000 59707 constraint_builder_2d.cc:296] Score histogram:
[cartographer_node-1] Count: 31  Min: 0.581531  Max: 0.81234  Mean: 0.682349
[cartographer_node-1] [0.581531, 0.604612)	                   #	Count: 2 (6.45161%)	Total: 2 (6.45161%)
[cartographer_node-1] [0.604612, 0.627693)	                   #	Count: 1 (3.22581%)	Total: 3 (9.67742%)
[cartographer_node-1] [0.627693, 0.650773)	                 ###	Count: 5 (16.129%)	Total: 8 (25.8065%)
[cartographer_node-1] [0.650773, 0.673854)	              ######	Count: 9 (29.0323%)	Total: 17 (54.8387%)
[cartographer_node-1] [0.673854, 0.696935)	                 ###	Count: 4 (12.9032%)	Total: 21 (67.7419%)
[cartographer_node-1] [0.696935, 0.720016)	                 ###	Count: 4 (12.9032%)	Total: 25 (80.6452%)
[cartographer_node-1] [0.720016, 0.743097)	                   #	Count: 2 (6.45161%)	Total: 27 (87.0968%)
[cartographer_node-1] [0.743097, 0.766178)	                   #	Count: 1 (3.22581%)	Total: 28 (90.3226%)
[cartographer_node-1] [0.766178, 0.789259)	                   #	Count: 1 (3.22581%)	Total: 29 (93.5484%)
[cartographer_node-1] [0.789259, 0.812340]	                   #	Count: 2 (6.45161%)	Total: 31 (100%)
[cartographer_node-1] [INFO] [1778822259.440179903] [cartographer logger]: I0515 14:17:39.000000 59707 pose_graph_2d.cc:538] Remaining work items in queue: 0
[cartographer_node-1] [INFO] [1778822259.477294146] [cartographer logger]: I0515 14:17:39.000000 59705 constraint_builder_2d.cc:279] Node (1, 500) with 212 points on submap (0, 0) matches with score 66.4%.
[cartographer_node-1] [INFO] [1778822259.477331092] [cartographer logger]: I0515 14:17:39.000000 59705 constraint_builder_2d.cc:294] 1 computations resulted in 1 additional constraints.
[cartographer_node-1] [INFO] [1778822259.477359501] [cartographer logger]: I0515 14:17:39.000000 59705 constraint_builder_2d.cc:296] Score histogram:
[cartographer_node-1] Count: 32  Min: 0.581531  Max: 0.81234  Mean: 0.681774
[cartographer_node-1] [0.581531, 0.604612)	                   #	Count: 2 (6.25%)	Total: 2 (6.25%)
[cartographer_node-1] [0.604612, 0.627693)	                   #	Count: 1 (3.125%)	Total: 3 (9.375%)
[cartographer_node-1] [0.627693, 0.650773)	                 ###	Count: 5 (15.625%)	Total: 8 (25%)
[cartographer_node-1] [0.650773, 0.673854)	              ######	Count: 10 (31.25%)	Total: 18 (56.25%)
[cartographer_node-1] [0.673854, 0.696935)	                 ###	Count: 4 (12.5%)	Total: 22 (68.75%)
[cartographer_node-1] [0.696935, 0.720016)	                 ###	Count: 4 (12.5%)	Total: 26 (81.25%)
[cartographer_node-1] [0.720016, 0.743097)	                   #	Count: 2 (6.25%)	Total: 28 (87.5%)
[cartographer_node-1] [0.743097, 0.766178)	                   #	Count: 1 (3.125%)	Total: 29 (90.625%)
[cartographer_node-1] [0.766178, 0.789259)	                   #	Count: 1 (3.125%)	Total: 30 (93.75%)
[cartographer_node-1] [0.789259, 0.812340]	                   #	Count: 2 (6.25%)	Total: 32 (100%)
[cartographer_node-1] [INFO] [1778822259.523696981] [cartographer logger]: I0515 14:17:39.000000 59705 pose_graph_2d.cc:538] Remaining work items in queue: 4
[cartographer_node-1] [INFO] [1778822259.523746098] [cartographer logger]: I0515 14:17:39.000000 59705 constraint_builder_2d.cc:294] 0 computations resulted in 0 additional constraints.
[cartographer_node-1] [INFO] [1778822259.523883191] [cartographer logger]: I0515 14:17:39.000000 59705 constraint_builder_2d.cc:296] Score histogram:
[cartographer_node-1] Count: 32  Min: 0.581531  Max: 0.81234  Mean: 0.681774
[cartographer_node-1] [0.581531, 0.604612)	                   #	Count: 2 (6.25%)	Total: 2 (6.25%)
[cartographer_node-1] [0.604612, 0.627693)	                   #	Count: 1 (3.125%)	Total: 3 (9.375%)
[cartographer_node-1] [0.627693, 0.650773)	                 ###	Count: 5 (15.625%)	Total: 8 (25%)
[cartographer_node-1] [0.650773, 0.673854)	              ######	Count: 10 (31.25%)	Total: 18 (56.25%)
[cartographer_node-1] [0.673854, 0.696935)	                 ###	Count: 4 (12.5%)	Total: 22 (68.75%)
[cartographer_node-1] [0.696935, 0.720016)	                 ###	Count: 4 (12.5%)	Total: 26 (81.25%)
[cartographer_node-1] [0.720016, 0.743097)	                   #	Count: 2 (6.25%)	Total: 28 (87.5%)
[cartographer_node-1] [0.743097, 0.766178)	                   #	Count: 1 (3.125%)	Total: 29 (90.625%)
[cartographer_node-1] [0.766178, 0.789259)	                   #	Count: 1 (3.125%)	Total: 30 (93.75%)
[cartographer_node-1] [0.789259, 0.812340]	                   #	Count: 2 (6.25%)	Total: 32 (100%)
[cartographer_node-1] [INFO] [1778822259.553765859] [cartographer logger]: I0515 14:17:39.000000 59705 pose_graph_2d.cc:538] Remaining work items in queue: 1
[cartographer_node-1] [INFO] [1778822259.553801783] [cartographer logger]: I0515 14:17:39.000000 59705 constraint_builder_2d.cc:294] 0 computations resulted in 0 additional constraints.
[cartographer_node-1] [INFO] [1778822259.553917047] [cartographer logger]: I0515 14:17:39.000000 59705 constraint_builder_2d.cc:296] Score histogram:
[cartographer_node-1] Count: 32  Min: 0.581531  Max: 0.81234  Mean: 0.681774
[cartographer_node-1] [0.581531, 0.604612)	                   #	Count: 2 (6.25%)	Total: 2 (6.25%)
[cartographer_node-1] [0.604612, 0.627693)	                   #	Count: 1 (3.125%)	Total: 3 (9.375%)
[cartographer_node-1] [0.627693, 0.650773)	                 ###	Count: 5 (15.625%)	Total: 8 (25%)
[cartographer_node-1] [0.650773, 0.673854)	              ######	Count: 10 (31.25%)	Total: 18 (56.25%)
[cartographer_node-1] [0.673854, 0.696935)	                 ###	Count: 4 (12.5%)	Total: 22 (68.75%)
[cartographer_node-1] [0.696935, 0.720016)	                 ###	Count: 4 (12.5%)	Total: 26 (81.25%)
[cartographer_node-1] [0.720016, 0.743097)	                   #	Count: 2 (6.25%)	Total: 28 (87.5%)
[cartographer_node-1] [0.743097, 0.766178)	                   #	Count: 1 (3.125%)	Total: 29 (90.625%)
[cartographer_node-1] [0.766178, 0.789259)	                   #	Count: 1 (3.125%)	Total: 30 (93.75%)
[cartographer_node-1] [0.789259, 0.812340]	                   #	Count: 2 (6.25%)	Total: 32 (100%)
[cartographer_node-1] [INFO] [1778822259.594787586] [cartographer logger]: I0515 14:17:39.000000 59706 pose_graph_2d.cc:538] Remaining work items in queue: 0
[cartographer_node-1] [INFO] [1778822259.594831780] [cartographer logger]: I0515 14:17:39.000000 59706 constraint_builder_2d.cc:294] 0 computations resulted in 0 additional constraints.
[cartographer_node-1] [INFO] [1778822259.595304958] [cartographer logger]: I0515 14:17:39.000000 59706 constraint_builder_2d.cc:296] Score histogram:
[cartographer_node-1] Count: 32  Min: 0.581531  Max: 0.81234  Mean: 0.681774
[cartographer_node-1] [0.581531, 0.604612)	                   #	Count: 2 (6.25%)	Total: 2 (6.25%)
[cartographer_node-1] [0.604612, 0.627693)	                   #	Count: 1 (3.125%)	Total: 3 (9.375%)
[cartographer_node-1] [0.627693, 0.650773)	                 ###	Count: 5 (15.625%)	Total: 8 (25%)
[cartographer_node-1] [0.650773, 0.673854)	              ######	Count: 10 (31.25%)	Total: 18 (56.25%)
[cartographer_node-1] [0.673854, 0.696935)	                 ###	Count: 4 (12.5%)	Total: 22 (68.75%)
[cartographer_node-1] [0.696935, 0.720016)	                 ###	Count: 4 (12.5%)	Total: 26 (81.25%)
[cartographer_node-1] [0.720016, 0.743097)	                   #	Count: 2 (6.25%)	Total: 28 (87.5%)
[cartographer_node-1] [0.743097, 0.766178)	                   #	Count: 1 (3.125%)	Total: 29 (90.625%)
[cartographer_node-1] [0.766178, 0.789259)	                   #	Count: 1 (3.125%)	Total: 30 (93.75%)
[cartographer_node-1] [0.789259, 0.812340]	                   #	Count: 2 (6.25%)	Total: 32 (100%)
[cartographer_node-1] [INFO] [1778822259.660349302] [cartographer logger]: I0515 14:17:39.000000 59704 pose_graph_2d.cc:538] Remaining work items in queue: 2
[cartographer_node-1] [INFO] [1778822259.660395730] [cartographer logger]: I0515 14:17:39.000000 59704 constraint_builder_2d.cc:294] 0 computations resulted in 0 additional constraints.
[cartographer_node-1] [INFO] [1778822259.660918623] [cartographer logger]: I0515 14:17:39.000000 59704 constraint_builder_2d.cc:296] Score histogram:
[cartographer_node-1] Count: 32  Min: 0.581531  Max: 0.81234  Mean: 0.681774
[cartographer_node-1] [0.581531, 0.604612)	                   #	Count: 2 (6.25%)	Total: 2 (6.25%)
[cartographer_node-1] [0.604612, 0.627693)	                   #	Count: 1 (3.125%)	Total: 3 (9.375%)
[cartographer_node-1] [0.627693, 0.650773)	                 ###	Count: 5 (15.625%)	Total: 8 (25%)
[cartographer_node-1] [0.650773, 0.673854)	              ######	Count: 10 (31.25%)	Total: 18 (56.25%)
[cartographer_node-1] [0.673854, 0.696935)	                 ###	Count: 4 (12.5%)	Total: 22 (68.75%)
[cartographer_node-1] [0.696935, 0.720016)	                 ###	Count: 4 (12.5%)	Total: 26 (81.25%)
[cartographer_node-1] [0.720016, 0.743097)	                   #	Count: 2 (6.25%)	Total: 28 (87.5%)
[cartographer_node-1] [0.743097, 0.766178)	                   #	Count: 1 (3.125%)	Total: 29 (90.625%)
[cartographer_node-1] [0.766178, 0.789259)	                   #	Count: 1 (3.125%)	Total: 30 (93.75%)
[cartographer_node-1] [0.789259, 0.812340]	                   #	Count: 2 (6.25%)	Total: 32 (100%)
[cartographer_node-1] [INFO] [1778822259.699142774] [cartographer logger]: I0515 14:17:39.000000 59705 pose_graph_2d.cc:538] Remaining work items in queue: 0
[cartographer_node-1] [INFO] [1778822259.699229302] [cartographer logger]: I0515 14:17:39.000000 59705 constraint_builder_2d.cc:294] 0 computations resulted in 0 additional constraints.
[cartographer_node-1] [INFO] [1778822259.699379323] [cartographer logger]: I0515 14:17:39.000000 59705 constraint_builder_2d.cc:296] Score histogram:
[cartographer_node-1] Count: 32  Min: 0.581531  Max: 0.81234  Mean: 0.681774
[cartographer_node-1] [0.581531, 0.604612)	                   #	Count: 2 (6.25%)	Total: 2 (6.25%)
[cartographer_node-1] [0.604612, 0.627693)	                   #	Count: 1 (3.125%)	Total: 3 (9.375%)
[cartographer_node-1] [0.627693, 0.650773)	                 ###	Count: 5 (15.625%)	Total: 8 (25%)
[cartographer_node-1] [0.650773, 0.673854)	              ######	Count: 10 (31.25%)	Total: 18 (56.25%)
[cartographer_node-1] [0.673854, 0.696935)	                 ###	Count: 4 (12.5%)	Total: 22 (68.75%)
[cartographer_node-1] [0.696935, 0.720016)	                 ###	Count: 4 (12.5%)	Total: 26 (81.25%)
[cartographer_node-1] [0.720016, 0.743097)	                   #	Count: 2 (6.25%)	Total: 28 (87.5%)
[cartographer_node-1] [0.743097, 0.766178)	                   #	Count: 1 (3.125%)	Total: 29 (90.625%)
[cartographer_node-1] [0.766178, 0.789259)	                   #	Count: 1 (3.125%)	Total: 30 (93.75%)
[cartographer_node-1] [0.789259, 0.812340]	                   #	Count: 2 (6.25%)	Total: 32 (100%)
[cartographer_node-1] [INFO] [1778822259.746928233] [cartographer logger]: I0515 14:17:39.000000 59705 pose_graph_2d.cc:538] Remaining work items in queue: 0
[cartographer_node-1] [INFO] [1778822259.746982531] [cartographer logger]: I0515 14:17:39.000000 59705 constraint_builder_2d.cc:294] 0 computations resulted in 0 additional constraints.
[cartographer_node-1] [INFO] [1778822259.747124537] [cartographer logger]: I0515 14:17:39.000000 59705 constraint_builder_2d.cc:296] Score histogram:
[cartographer_node-1] Count: 32  Min: 0.581531  Max: 0.81234  Mean: 0.681774
[cartographer_node-1] [0.581531, 0.604612)	                   #	Count: 2 (6.25%)	Total: 2 (6.25%)
[cartographer_node-1] [0.604612, 0.627693)	                   #	Count: 1 (3.125%)	Total: 3 (9.375%)
[cartographer_node-1] [0.627693, 0.650773)	                 ###	Count: 5 (15.625%)	Total: 8 (25%)
[cartographer_node-1] [0.650773, 0.673854)	              ######	Count: 10 (31.25%)	Total: 18 (56.25%)
[cartographer_node-1] [0.673854, 0.696935)	                 ###	Count: 4 (12.5%)	Total: 22 (68.75%)
[cartographer_node-1] [0.696935, 0.720016)	                 ###	Count: 4 (12.5%)	Total: 26 (81.25%)
[cartographer_node-1] [0.720016, 0.743097)	                   #	Count: 2 (6.25%)	Total: 28 (87.5%)
[cartographer_node-1] [0.743097, 0.766178)	                   #	Count: 1 (3.125%)	Total: 29 (90.625%)
[cartographer_node-1] [0.766178, 0.789259)	                   #	Count: 1 (3.125%)	Total: 30 (93.75%)
[cartographer_node-1] [0.789259, 0.812340]	                   #	Count: 2 (6.25%)	Total: 32 (100%)
[cartographer_node-1] [INFO] [1778822259.790864473] [cartographer logger]: I0515 14:17:39.000000 59705 pose_graph_2d.cc:538] Remaining work items in queue: 0
[cartographer_node-1] [INFO] [1778822259.842142280] [cartographer logger]: I0515 14:17:39.000000 59706 constraint_builder_2d.cc:294] 1 computations resulted in 0 additional constraints.
[cartographer_node-1] [INFO] [1778822259.842184207] [cartographer logger]: I0515 14:17:39.000000 59706 constraint_builder_2d.cc:296] Score histogram:
[cartographer_node-1] Count: 32  Min: 0.581531  Max: 0.81234  Mean: 0.681774
[cartographer_node-1] [0.581531, 0.604612)	                   #	Count: 2 (6.25%)	Total: 2 (6.25%)
[cartographer_node-1] [0.604612, 0.627693)	                   #	Count: 1 (3.125%)	Total: 3 (9.375%)
[cartographer_node-1] [0.627693, 0.650773)	                 ###	Count: 5 (15.625%)	Total: 8 (25%)
[cartographer_node-1] [0.650773, 0.673854)	              ######	Count: 10 (31.25%)	Total: 18 (56.25%)
[cartographer_node-1] [0.673854, 0.696935)	                 ###	Count: 4 (12.5%)	Total: 22 (68.75%)
[cartographer_node-1] [0.696935, 0.720016)	                 ###	Count: 4 (12.5%)	Total: 26 (81.25%)
[cartographer_node-1] [0.720016, 0.743097)	                   #	Count: 2 (6.25%)	Total: 28 (87.5%)
[cartographer_node-1] [0.743097, 0.766178)	                   #	Count: 1 (3.125%)	Total: 29 (90.625%)
[cartographer_node-1] [0.766178, 0.789259)	                   #	Count: 1 (3.125%)	Total: 30 (93.75%)
[cartographer_node-1] [0.789259, 0.812340]	                   #	Count: 2 (6.25%)	Total: 32 (100%)
[cartographer_node-1] [INFO] [1778822259.870346242] [cartographer logger]: I0515 14:17:39.000000 59706 pose_graph_2d.cc:538] Remaining work items in queue: 4
[cartographer_node-1] [INFO] [1778822259.870407142] [cartographer logger]: I0515 14:17:39.000000 59706 constraint_builder_2d.cc:294] 0 computations resulted in 0 additional constraints.
[cartographer_node-1] [INFO] [1778822259.870812596] [cartographer logger]: I0515 14:17:39.000000 59706 constraint_builder_2d.cc:296] Score histogram:
[cartographer_node-1] Count: 32  Min: 0.581531  Max: 0.81234  Mean: 0.681774
[cartographer_node-1] [0.581531, 0.604612)	                   #	Count: 2 (6.25%)	Total: 2 (6.25%)
[cartographer_node-1] [0.604612, 0.627693)	                   #	Count: 1 (3.125%)	Total: 3 (9.375%)
[cartographer_node-1] [0.627693, 0.650773)	                 ###	Count: 5 (15.625%)	Total: 8 (25%)
[cartographer_node-1] [0.650773, 0.673854)	              ######	Count: 10 (31.25%)	Total: 18 (56.25%)
[cartographer_node-1] [0.673854, 0.696935)	                 ###	Count: 4 (12.5%)	Total: 22 (68.75%)
[cartographer_node-1] [0.696935, 0.720016)	                 ###	Count: 4 (12.5%)	Total: 26 (81.25%)
[cartographer_node-1] [0.720016, 0.743097)	                   #	Count: 2 (6.25%)	Total: 28 (87.5%)
[cartographer_node-1] [0.743097, 0.766178)	                   #	Count: 1 (3.125%)	Total: 29 (90.625%)
[cartographer_node-1] [0.766178, 0.789259)	                   #	Count: 1 (3.125%)	Total: 30 (93.75%)
[cartographer_node-1] [0.789259, 0.812340]	                   #	Count: 2 (6.25%)	Total: 32 (100%)
[cartographer_node-1] [INFO] [1778822259.901876192] [cartographer logger]: I0515 14:17:39.000000 59705 pose_graph_2d.cc:538] Remaining work items in queue: 0
[cartographer_node-1] [INFO] [1778822259.901911361] [cartographer logger]: I0515 14:17:39.000000 59705 constraint_builder_2d.cc:294] 0 computations resulted in 0 additional constraints.
[cartographer_node-1] [INFO] [1778822259.902324714] [cartographer logger]: I0515 14:17:39.000000 59705 constraint_builder_2d.cc:296] Score histogram:
[cartographer_node-1] Count: 32  Min: 0.581531  Max: 0.81234  Mean: 0.681774
[cartographer_node-1] [0.581531, 0.604612)	                   #	Count: 2 (6.25%)	Total: 2 (6.25%)
[cartographer_node-1] [0.604612, 0.627693)	                   #	Count: 1 (3.125%)	Total: 3 (9.375%)
[cartographer_node-1] [0.627693, 0.650773)	                 ###	Count: 5 (15.625%)	Total: 8 (25%)
[cartographer_node-1] [0.650773, 0.673854)	              ######	Count: 10 (31.25%)	Total: 18 (56.25%)
[cartographer_node-1] [0.673854, 0.696935)	                 ###	Count: 4 (12.5%)	Total: 22 (68.75%)
[cartographer_node-1] [0.696935, 0.720016)	                 ###	Count: 4 (12.5%)	Total: 26 (81.25%)
[cartographer_node-1] [0.720016, 0.743097)	                   #	Count: 2 (6.25%)	Total: 28 (87.5%)
[cartographer_node-1] [0.743097, 0.766178)	                   #	Count: 1 (3.125%)	Total: 29 (90.625%)
[cartographer_node-1] [0.766178, 0.789259)	                   #	Count: 1 (3.125%)	Total: 30 (93.75%)
[cartographer_node-1] [0.789259, 0.812340]	                   #	Count: 2 (6.25%)	Total: 32 (100%)
[cartographer_node-1] [INFO] [1778822259.943026467] [cartographer logger]: I0515 14:17:39.000000 59705 pose_graph_2d.cc:538] Remaining work items in queue: 1
[cartographer_node-1] [INFO] [1778822259.943064444] [cartographer logger]: I0515 14:17:39.000000 59705 constraint_builder_2d.cc:294] 0 computations resulted in 0 additional constraints.
[cartographer_node-1] [INFO] [1778822259.943493890] [cartographer logger]: I0515 14:17:39.000000 59705 constraint_builder_2d.cc:296] Score histogram:
[cartographer_node-1] Count: 32  Min: 0.581531  Max: 0.81234  Mean: 0.681774
[cartographer_node-1] [0.581531, 0.604612)	                   #	Count: 2 (6.25%)	Total: 2 (6.25%)
[cartographer_node-1] [0.604612, 0.627693)	                   #	Count: 1 (3.125%)	Total: 3 (9.375%)
[cartographer_node-1] [0.627693, 0.650773)	                 ###	Count: 5 (15.625%)	Total: 8 (25%)
[cartographer_node-1] [0.650773, 0.673854)	              ######	Count: 10 (31.25%)	Total: 18 (56.25%)
[cartographer_node-1] [0.673854, 0.696935)	                 ###	Count: 4 (12.5%)	Total: 22 (68.75%)
[cartographer_node-1] [0.696935, 0.720016)	                 ###	Count: 4 (12.5%)	Total: 26 (81.25%)
[cartographer_node-1] [0.720016, 0.743097)	                   #	Count: 2 (6.25%)	Total: 28 (87.5%)
[cartographer_node-1] [0.743097, 0.766178)	                   #	Count: 1 (3.125%)	Total: 29 (90.625%)
[cartographer_node-1] [0.766178, 0.789259)	                   #	Count: 1 (3.125%)	Total: 30 (93.75%)
[cartographer_node-1] [0.789259, 0.812340]	                   #	Count: 2 (6.25%)	Total: 32 (100%)
[cartographer_node-1] [INFO] [1778822260.001737803] [cartographer logger]: I0515 14:17:40.000000 59704 pose_graph_2d.cc:538] Remaining work items in queue: 0
[cartographer_node-1] [INFO] [1778822260.001789958] [cartographer logger]: I0515 14:17:40.000000 59704 constraint_builder_2d.cc:294] 0 computations resulted in 0 additional constraints.
[cartographer_node-1] [INFO] [1778822260.002326883] [cartographer logger]: I0515 14:17:40.000000 59704 constraint_builder_2d.cc:296] Score histogram:
[cartographer_node-1] Count: 32  Min: 0.581531  Max: 0.81234  Mean: 0.681774
[cartographer_node-1] [0.581531, 0.604612)	                   #	Count: 2 (6.25%)	Total: 2 (6.25%)
[cartographer_node-1] [0.604612, 0.627693)	                   #	Count: 1 (3.125%)	Total: 3 (9.375%)
[cartographer_node-1] [0.627693, 0.650773)	                 ###	Count: 5 (15.625%)	Total: 8 (25%)
[cartographer_node-1] [0.650773, 0.673854)	              ######	Count: 10 (31.25%)	Total: 18 (56.25%)
[cartographer_node-1] [0.673854, 0.696935)	                 ###	Count: 4 (12.5%)	Total: 22 (68.75%)
[cartographer_node-1] [0.696935, 0.720016)	                 ###	Count: 4 (12.5%)	Total: 26 (81.25%)
[cartographer_node-1] [0.720016, 0.743097)	                   #	Count: 2 (6.25%)	Total: 28 (87.5%)
[cartographer_node-1] [0.743097, 0.766178)	                   #	Count: 1 (3.125%)	Total: 29 (90.625%)
[cartographer_node-1] [0.766178, 0.789259)	                   #	Count: 1 (3.125%)	Total: 30 (93.75%)
[cartographer_node-1] [0.789259, 0.812340]	                   #	Count: 2 (6.25%)	Total: 32 (100%)
[cartographer_node-1] [INFO] [1778822260.074577278] [cartographer logger]: I0515 14:17:40.000000 59704 pose_graph_2d.cc:538] Remaining work items in queue: 0
[cartographer_node-1] [INFO] [1778822260.074650210] [cartographer logger]: I0515 14:17:40.000000 59704 constraint_builder_2d.cc:294] 0 computations resulted in 0 additional constraints.
[cartographer_node-1] [INFO] [1778822260.075257667] [cartographer logger]: I0515 14:17:40.000000 59704 constraint_builder_2d.cc:296] Score histogram:
[cartographer_node-1] Count: 32  Min: 0.581531  Max: 0.81234  Mean: 0.681774
[cartographer_node-1] [0.581531, 0.604612)	                   #	Count: 2 (6.25%)	Total: 2 (6.25%)
[cartographer_node-1] [0.604612, 0.627693)	                   #	Count: 1 (3.125%)	Total: 3 (9.375%)
[cartographer_node-1] [0.627693, 0.650773)	                 ###	Count: 5 (15.625%)	Total: 8 (25%)
[cartographer_node-1] [0.650773, 0.673854)	              ######	Count: 10 (31.25%)	Total: 18 (56.25%)
[cartographer_node-1] [0.673854, 0.696935)	                 ###	Count: 4 (12.5%)	Total: 22 (68.75%)
[cartographer_node-1] [0.696935, 0.720016)	                 ###	Count: 4 (12.5%)	Total: 26 (81.25%)
[cartographer_node-1] [0.720016, 0.743097)	                   #	Count: 2 (6.25%)	Total: 28 (87.5%)
[cartographer_node-1] [0.743097, 0.766178)	                   #	Count: 1 (3.125%)	Total: 29 (90.625%)
[cartographer_node-1] [0.766178, 0.789259)	                   #	Count: 1 (3.125%)	Total: 30 (93.75%)
[cartographer_node-1] [0.789259, 0.812340]	                   #	Count: 2 (6.25%)	Total: 32 (100%)
[cartographer_node-1] [INFO] [1778822260.161210635] [cartographer logger]: I0515 14:17:40.000000 59704 pose_graph_2d.cc:538] Remaining work items in queue: 0
[cartographer_node-1] [INFO] [1778822260.161257494] [cartographer logger]: I0515 14:17:40.000000 59704 constraint_builder_2d.cc:294] 0 computations resulted in 0 additional constraints.
[cartographer_node-1] [INFO] [1778822260.161754851] [cartographer logger]: I0515 14:17:40.000000 59704 constraint_builder_2d.cc:296] Score histogram:
[cartographer_node-1] Count: 32  Min: 0.581531  Max: 0.81234  Mean: 0.681774
[cartographer_node-1] [0.581531, 0.604612)	                   #	Count: 2 (6.25%)	Total: 2 (6.25%)
[cartographer_node-1] [0.604612, 0.627693)	                   #	Count: 1 (3.125%)	Total: 3 (9.375%)
[cartographer_node-1] [0.627693, 0.650773)	                 ###	Count: 5 (15.625%)	Total: 8 (25%)
[cartographer_node-1] [0.650773, 0.673854)	              ######	Count: 10 (31.25%)	Total: 18 (56.25%)
[cartographer_node-1] [0.673854, 0.696935)	                 ###	Count: 4 (12.5%)	Total: 22 (68.75%)
[cartographer_node-1] [0.696935, 0.720016)	                 ###	Count: 4 (12.5%)	Total: 26 (81.25%)
[cartographer_node-1] [0.720016, 0.743097)	                   #	Count: 2 (6.25%)	Total: 28 (87.5%)
[cartographer_node-1] [0.743097, 0.766178)	                   #	Count: 1 (3.125%)	Total: 29 (90.625%)
[cartographer_node-1] [0.766178, 0.789259)	                   #	Count: 1 (3.125%)	Total: 30 (93.75%)
[cartographer_node-1] [0.789259, 0.812340]	                   #	Count: 2 (6.25%)	Total: 32 (100%)
[cartographer_node-1] [INFO] [1778822260.270852451] [cartographer logger]: I0515 14:17:40.000000 59704 pose_graph_2d.cc:538] Remaining work items in queue: 0
[cartographer_node-1] [INFO] [1778822260.271338472] [cartographer logger]: I0515 14:17:40.000000 59707 constraint_builder_2d.cc:279] Node (1, 528) with 204 points on submap (0, 8) matches with score 78.0%.
[cartographer_node-1] [INFO] [1778822260.271381372] [cartographer logger]: I0515 14:17:40.000000 59707 constraint_builder_2d.cc:294] 1 computations resulted in 1 additional constraints.
[cartographer_node-1] [INFO] [1778822260.271427277] [cartographer logger]: I0515 14:17:40.000000 59707 constraint_builder_2d.cc:296] Score histogram:
[cartographer_node-1] Count: 33  Min: 0.581531  Max: 0.81234  Mean: 0.684735
[cartographer_node-1] [0.581531, 0.604612)	                   #	Count: 2 (6.06061%)	Total: 2 (6.06061%)
[cartographer_node-1] [0.604612, 0.627693)	                   #	Count: 1 (3.0303%)	Total: 3 (9.09091%)
[cartographer_node-1] [0.627693, 0.650773)	                 ###	Count: 5 (15.1515%)	Total: 8 (24.2424%)
[cartographer_node-1] [0.650773, 0.673854)	              ######	Count: 10 (30.303%)	Total: 18 (54.5455%)
[cartographer_node-1] [0.673854, 0.696935)	                  ##	Count: 4 (12.1212%)	Total: 22 (66.6667%)
[cartographer_node-1] [0.696935, 0.720016)	                  ##	Count: 4 (12.1212%)	Total: 26 (78.7879%)
[cartographer_node-1] [0.720016, 0.743097)	                   #	Count: 2 (6.06061%)	Total: 28 (84.8485%)
[cartographer_node-1] [0.743097, 0.766178)	                   #	Count: 1 (3.0303%)	Total: 29 (87.8788%)
[cartographer_node-1] [0.766178, 0.789259)	                   #	Count: 2 (6.06061%)	Total: 31 (93.9394%)
[cartographer_node-1] [0.789259, 0.812340]	                   #	Count: 2 (6.06061%)	Total: 33 (100%)
[cartographer_node-1] [INFO] [1778822260.323416648] [cartographer logger]: I0515 14:17:40.000000 59707 pose_graph_2d.cc:538] Remaining work items in queue: 1
[cartographer_node-1] [INFO] [1778822260.323491946] [cartographer logger]: I0515 14:17:40.000000 59707 constraint_builder_2d.cc:294] 0 computations resulted in 0 additional constraints.
[cartographer_node-1] [INFO] [1778822260.323580863] [cartographer logger]: I0515 14:17:40.000000 59707 constraint_builder_2d.cc:296] Score histogram:
[cartographer_node-1] Count: 33  Min: 0.581531  Max: 0.81234  Mean: 0.684735
[cartographer_node-1] [0.581531, 0.604612)	                   #	Count: 2 (6.06061%)	Total: 2 (6.06061%)
[cartographer_node-1] [0.604612, 0.627693)	                   #	Count: 1 (3.0303%)	Total: 3 (9.09091%)
[cartographer_node-1] [0.627693, 0.650773)	                 ###	Count: 5 (15.1515%)	Total: 8 (24.2424%)
[cartographer_node-1] [0.650773, 0.673854)	              ######	Count: 10 (30.303%)	Total: 18 (54.5455%)
[cartographer_node-1] [0.673854, 0.696935)	                  ##	Count: 4 (12.1212%)	Total: 22 (66.6667%)
[cartographer_node-1] [0.696935, 0.720016)	                  ##	Count: 4 (12.1212%)	Total: 26 (78.7879%)
[cartographer_node-1] [0.720016, 0.743097)	                   #	Count: 2 (6.06061%)	Total: 28 (84.8485%)
[cartographer_node-1] [0.743097, 0.766178)	                   #	Count: 1 (3.0303%)	Total: 29 (87.8788%)
[cartographer_node-1] [0.766178, 0.789259)	                   #	Count: 2 (6.06061%)	Total: 31 (93.9394%)
[cartographer_node-1] [0.789259, 0.812340]	                   #	Count: 2 (6.06061%)	Total: 33 (100%)
[cartographer_node-1] [INFO] [1778822260.379535079] [cartographer logger]: I0515 14:17:40.000000 59707 pose_graph_2d.cc:538] Remaining work items in queue: 1
[cartographer_node-1] [INFO] [1778822260.379579266] [cartographer logger]: I0515 14:17:40.000000 59707 constraint_builder_2d.cc:294] 0 computations resulted in 0 additional constraints.
[cartographer_node-1] [INFO] [1778822260.379745303] [cartographer logger]: I0515 14:17:40.000000 59707 constraint_builder_2d.cc:296] Score histogram:
[cartographer_node-1] Count: 33  Min: 0.581531  Max: 0.81234  Mean: 0.684735
[cartographer_node-1] [0.581531, 0.604612)	                   #	Count: 2 (6.06061%)	Total: 2 (6.06061%)
[cartographer_node-1] [0.604612, 0.627693)	                   #	Count: 1 (3.0303%)	Total: 3 (9.09091%)
[cartographer_node-1] [0.627693, 0.650773)	                 ###	Count: 5 (15.1515%)	Total: 8 (24.2424%)
[cartographer_node-1] [0.650773, 0.673854)	              ######	Count: 10 (30.303%)	Total: 18 (54.5455%)
[cartographer_node-1] [0.673854, 0.696935)	                  ##	Count: 4 (12.1212%)	Total: 22 (66.6667%)
[cartographer_node-1] [0.696935, 0.720016)	                  ##	Count: 4 (12.1212%)	Total: 26 (78.7879%)
[cartographer_node-1] [0.720016, 0.743097)	                   #	Count: 2 (6.06061%)	Total: 28 (84.8485%)
[cartographer_node-1] [0.743097, 0.766178)	                   #	Count: 1 (3.0303%)	Total: 29 (87.8788%)
[cartographer_node-1] [0.766178, 0.789259)	                   #	Count: 2 (6.06061%)	Total: 31 (93.9394%)
[cartographer_node-1] [0.789259, 0.812340]	                   #	Count: 2 (6.06061%)	Total: 33 (100%)
[cartographer_node-1] [INFO] [1778822260.439305681] [cartographer logger]: I0515 14:17:40.000000 59706 pose_graph_2d.cc:538] Remaining work items in queue: 1
[cartographer_node-1] [INFO] [1778822260.439338483] [cartographer logger]: I0515 14:17:40.000000 59706 constraint_builder_2d.cc:294] 0 computations resulted in 0 additional constraints.
[cartographer_node-1] [INFO] [1778822260.439810848] [cartographer logger]: I0515 14:17:40.000000 59706 constraint_builder_2d.cc:296] Score histogram:
[cartographer_node-1] Count: 33  Min: 0.581531  Max: 0.81234  Mean: 0.684735
[cartographer_node-1] [0.581531, 0.604612)	                   #	Count: 2 (6.06061%)	Total: 2 (6.06061%)
[cartographer_node-1] [0.604612, 0.627693)	                   #	Count: 1 (3.0303%)	Total: 3 (9.09091%)
[cartographer_node-1] [0.627693, 0.650773)	                 ###	Count: 5 (15.1515%)	Total: 8 (24.2424%)
[cartographer_node-1] [0.650773, 0.673854)	              ######	Count: 10 (30.303%)	Total: 18 (54.5455%)
[cartographer_node-1] [0.673854, 0.696935)	                  ##	Count: 4 (12.1212%)	Total: 22 (66.6667%)
[cartographer_node-1] [0.696935, 0.720016)	                  ##	Count: 4 (12.1212%)	Total: 26 (78.7879%)
[cartographer_node-1] [0.720016, 0.743097)	                   #	Count: 2 (6.06061%)	Total: 28 (84.8485%)
[cartographer_node-1] [0.743097, 0.766178)	                   #	Count: 1 (3.0303%)	Total: 29 (87.8788%)
[cartographer_node-1] [0.766178, 0.789259)	                   #	Count: 2 (6.06061%)	Total: 31 (93.9394%)
[cartographer_node-1] [0.789259, 0.812340]	                   #	Count: 2 (6.06061%)	Total: 33 (100%)
[cartographer_node-1] [INFO] [1778822260.466206767] [cartographer logger]: I0515 14:17:40.000000 59706 pose_graph_2d.cc:538] Remaining work items in queue: 2
[cartographer_node-1] [INFO] [1778822260.466241144] [cartographer logger]: I0515 14:17:40.000000 59706 constraint_builder_2d.cc:294] 0 computations resulted in 0 additional constraints.
[cartographer_node-1] [INFO] [1778822260.466339857] [cartographer logger]: I0515 14:17:40.000000 59706 constraint_builder_2d.cc:296] Score histogram:
[cartographer_node-1] Count: 33  Min: 0.581531  Max: 0.81234  Mean: 0.684735
[cartographer_node-1] [0.581531, 0.604612)	                   #	Count: 2 (6.06061%)	Total: 2 (6.06061%)
[cartographer_node-1] [0.604612, 0.627693)	                   #	Count: 1 (3.0303%)	Total: 3 (9.09091%)
[cartographer_node-1] [0.627693, 0.650773)	                 ###	Count: 5 (15.1515%)	Total: 8 (24.2424%)
[cartographer_node-1] [0.650773, 0.673854)	              ######	Count: 10 (30.303%)	Total: 18 (54.5455%)
[cartographer_node-1] [0.673854, 0.696935)	                  ##	Count: 4 (12.1212%)	Total: 22 (66.6667%)
[cartographer_node-1] [0.696935, 0.720016)	                  ##	Count: 4 (12.1212%)	Total: 26 (78.7879%)
[cartographer_node-1] [0.720016, 0.743097)	                   #	Count: 2 (6.06061%)	Total: 28 (84.8485%)
[cartographer_node-1] [0.743097, 0.766178)	                   #	Count: 1 (3.0303%)	Total: 29 (87.8788%)
[cartographer_node-1] [0.766178, 0.789259)	                   #	Count: 2 (6.06061%)	Total: 31 (93.9394%)
[cartographer_node-1] [0.789259, 0.812340]	                   #	Count: 2 (6.06061%)	Total: 33 (100%)
[cartographer_node-1] [INFO] [1778822260.526336026] [cartographer logger]: I0515 14:17:40.000000 59704 pose_graph_2d.cc:538] Remaining work items in queue: 1
[cartographer_node-1] [INFO] [1778822260.550440562] [cartographer logger]: I0515 14:17:40.000000 59678 pose_graph_2d.cc:148] Inserted submap (1, 6).
[cartographer_node-1] [INFO] [1778822260.610579330] [cartographer logger]: I0515 14:17:40.000000 59705 constraint_builder_2d.cc:279] Node (0, 272) with 201 points on submap (1, 4) matches with score 79.6%.
[cartographer_node-1] [INFO] [1778822260.613174962] [cartographer logger]: I0515 14:17:40.000000 59706 constraint_builder_2d.cc:279] Node (0, 1072) with 185 points on submap (1, 4) matches with score 61.4%.
[cartographer_node-1] [INFO] [1778822260.633892374] [cartographer logger]: I0515 14:17:40.000000 59707 constraint_builder_2d.cc:279] Node (0, 72) with 201 points on submap (1, 4) matches with score 60.2%.
[cartographer_node-1] [INFO] [1778822260.635307868] [cartographer logger]: I0515 14:17:40.000000 59707 constraint_builder_2d.cc:279] Node (1, 180) with 206 points on submap (1, 4) differs by translation 0.30 rotation 0.040 with score 79.9%.
[cartographer_node-1] [INFO] [1778822260.652547168] [cartographer logger]: I0515 14:17:40.000000 59704 constraint_builder_2d.cc:279] Node (0, 472) with 185 points on submap (1, 4) matches with score 58.6%.
[cartographer_node-1] [INFO] [1778822260.685453770] [cartographer logger]: I0515 14:17:40.000000 59707 constraint_builder_2d.cc:279] Node (0, 872) with 210 points on submap (1, 4) matches with score 79.7%.
[cartographer_node-1] [INFO] [1778822260.697137925] [cartographer logger]: I0515 14:17:40.000000 59705 constraint_builder_2d.cc:279] Node (0, 672) with 205 points on submap (1, 4) matches with score 63.3%.
[cartographer_node-1] [INFO] [1778822260.731992560] [cartographer logger]: I0515 14:17:40.000000 59706 constraint_builder_2d.cc:279] Node (0, 1272) with 206 points on submap (1, 4) matches with score 58.5%.
[cartographer_node-1] [INFO] [1778822260.732031464] [cartographer logger]: I0515 14:17:40.000000 59706 constraint_builder_2d.cc:294] 8 computations resulted in 8 additional constraints.
[cartographer_node-1] [INFO] [1778822260.732059757] [cartographer logger]: I0515 14:17:40.000000 59706 constraint_builder_2d.cc:296] Score histogram:
[cartographer_node-1] Count: 41  Min: 0.581531  Max: 0.81234  Mean: 0.683125
[cartographer_node-1] [0.581531, 0.604612)	                  ##	Count: 5 (12.1951%)	Total: 5 (12.1951%)
[cartographer_node-1] [0.604612, 0.627693)	                   #	Count: 2 (4.87805%)	Total: 7 (17.0732%)
[cartographer_node-1] [0.627693, 0.650773)	                 ###	Count: 6 (14.6341%)	Total: 13 (31.7073%)
[cartographer_node-1] [0.650773, 0.673854)	               #####	Count: 10 (24.3902%)	Total: 23 (56.0976%)
[cartographer_node-1] [0.673854, 0.696935)	                  ##	Count: 4 (9.7561%)	Total: 27 (65.8537%)
[cartographer_node-1] [0.696935, 0.720016)	                  ##	Count: 4 (9.7561%)	Total: 31 (75.6098%)
[cartographer_node-1] [0.720016, 0.743097)	                   #	Count: 2 (4.87805%)	Total: 33 (80.4878%)
[cartographer_node-1] [0.743097, 0.766178)	                    	Count: 1 (2.43902%)	Total: 34 (82.9268%)
[cartographer_node-1] [0.766178, 0.789259)	                   #	Count: 2 (4.87805%)	Total: 36 (87.8049%)
[cartographer_node-1] [0.789259, 0.812340]	                  ##	Count: 5 (12.1951%)	Total: 41 (100%)
[cartographer_node-1] [INFO] [1778822260.792055111] [cartographer logger]: I0515 14:17:40.000000 59706 pose_graph_2d.cc:538] Remaining work items in queue: 29
[cartographer_node-1] [INFO] [1778822260.792124751] [cartographer logger]: I0515 14:17:40.000000 59706 constraint_builder_2d.cc:294] 0 computations resulted in 0 additional constraints.
[cartographer_node-1] [INFO] [1778822260.792615585] [cartographer logger]: I0515 14:17:40.000000 59706 constraint_builder_2d.cc:296] Score histogram:
[cartographer_node-1] Count: 41  Min: 0.581531  Max: 0.81234  Mean: 0.683125
[cartographer_node-1] [0.581531, 0.604612)	                  ##	Count: 5 (12.1951%)	Total: 5 (12.1951%)
[cartographer_node-1] [0.604612, 0.627693)	                   #	Count: 2 (4.87805%)	Total: 7 (17.0732%)
[cartographer_node-1] [0.627693, 0.650773)	                 ###	Count: 6 (14.6341%)	Total: 13 (31.7073%)
[cartographer_node-1] [0.650773, 0.673854)	               #####	Count: 10 (24.3902%)	Total: 23 (56.0976%)
[cartographer_node-1] [0.673854, 0.696935)	                  ##	Count: 4 (9.7561%)	Total: 27 (65.8537%)
[cartographer_node-1] [0.696935, 0.720016)	                  ##	Count: 4 (9.7561%)	Total: 31 (75.6098%)
[cartographer_node-1] [0.720016, 0.743097)	                   #	Count: 2 (4.87805%)	Total: 33 (80.4878%)
[cartographer_node-1] [0.743097, 0.766178)	                    	Count: 1 (2.43902%)	Total: 34 (82.9268%)
[cartographer_node-1] [0.766178, 0.789259)	                   #	Count: 2 (4.87805%)	Total: 36 (87.8049%)
[cartographer_node-1] [0.789259, 0.812340]	                  ##	Count: 5 (12.1951%)	Total: 41 (100%)
[cartographer_node-1] [INFO] [1778822260.823451975] [cartographer logger]: I0515 14:17:40.000000 59706 pose_graph_2d.cc:538] Remaining work items in queue: 27
[cartographer_node-1] [INFO] [1778822260.867680330] [cartographer logger]: I0515 14:17:40.000000 59707 constraint_builder_2d.cc:294] 1 computations resulted in 0 additional constraints.
[cartographer_node-1] [INFO] [1778822260.867760099] [cartographer logger]: I0515 14:17:40.000000 59707 constraint_builder_2d.cc:296] Score histogram:
[cartographer_node-1] Count: 41  Min: 0.581531  Max: 0.81234  Mean: 0.683125
[cartographer_node-1] [0.581531, 0.604612)	                  ##	Count: 5 (12.1951%)	Total: 5 (12.1951%)
[cartographer_node-1] [0.604612, 0.627693)	                   #	Count: 2 (4.87805%)	Total: 7 (17.0732%)
[cartographer_node-1] [0.627693, 0.650773)	                 ###	Count: 6 (14.6341%)	Total: 13 (31.7073%)
[cartographer_node-1] [0.650773, 0.673854)	               #####	Count: 10 (24.3902%)	Total: 23 (56.0976%)
[cartographer_node-1] [0.673854, 0.696935)	                  ##	Count: 4 (9.7561%)	Total: 27 (65.8537%)
[cartographer_node-1] [0.696935, 0.720016)	                  ##	Count: 4 (9.7561%)	Total: 31 (75.6098%)
[cartographer_node-1] [0.720016, 0.743097)	                   #	Count: 2 (4.87805%)	Total: 33 (80.4878%)
[cartographer_node-1] [0.743097, 0.766178)	                    	Count: 1 (2.43902%)	Total: 34 (82.9268%)
[cartographer_node-1] [0.766178, 0.789259)	                   #	Count: 2 (4.87805%)	Total: 36 (87.8049%)
[cartographer_node-1] [0.789259, 0.812340]	                  ##	Count: 5 (12.1951%)	Total: 41 (100%)
[cartographer_node-1] [INFO] [1778822260.922551480] [cartographer logger]: I0515 14:17:40.000000 59707 pose_graph_2d.cc:538] Remaining work items in queue: 30
[cartographer_node-1] [INFO] [1778822260.922583602] [cartographer logger]: I0515 14:17:40.000000 59707 constraint_builder_2d.cc:294] 0 computations resulted in 0 additional constraints.
[cartographer_node-1] [INFO] [1778822260.922706152] [cartographer logger]: I0515 14:17:40.000000 59707 constraint_builder_2d.cc:296] Score histogram:
[cartographer_node-1] Count: 41  Min: 0.581531  Max: 0.81234  Mean: 0.683125
[cartographer_node-1] [0.581531, 0.604612)	                  ##	Count: 5 (12.1951%)	Total: 5 (12.1951%)
[cartographer_node-1] [0.604612, 0.627693)	                   #	Count: 2 (4.87805%)	Total: 7 (17.0732%)
[cartographer_node-1] [0.627693, 0.650773)	                 ###	Count: 6 (14.6341%)	Total: 13 (31.7073%)
[cartographer_node-1] [0.650773, 0.673854)	               #####	Count: 10 (24.3902%)	Total: 23 (56.0976%)
[cartographer_node-1] [0.673854, 0.696935)	                  ##	Count: 4 (9.7561%)	Total: 27 (65.8537%)
[cartographer_node-1] [0.696935, 0.720016)	                  ##	Count: 4 (9.7561%)	Total: 31 (75.6098%)
[cartographer_node-1] [0.720016, 0.743097)	                   #	Count: 2 (4.87805%)	Total: 33 (80.4878%)
[cartographer_node-1] [0.743097, 0.766178)	                    	Count: 1 (2.43902%)	Total: 34 (82.9268%)
[cartographer_node-1] [0.766178, 0.789259)	                   #	Count: 2 (4.87805%)	Total: 36 (87.8049%)
[cartographer_node-1] [0.789259, 0.812340]	                  ##	Count: 5 (12.1951%)	Total: 41 (100%)
[cartographer_node-1] [INFO] [1778822260.950002572] [cartographer logger]: I0515 14:17:40.000000 59707 pose_graph_2d.cc:538] Remaining work items in queue: 31
[cartographer_node-1] [INFO] [1778822260.950065697] [cartographer logger]: I0515 14:17:40.000000 59707 constraint_builder_2d.cc:294] 0 computations resulted in 0 additional constraints.
[cartographer_node-1] [INFO] [1778822260.950537232] [cartographer logger]: I0515 14:17:40.000000 59707 constraint_builder_2d.cc:296] Score histogram:
[cartographer_node-1] Count: 41  Min: 0.581531  Max: 0.81234  Mean: 0.683125
[cartographer_node-1] [0.581531, 0.604612)	                  ##	Count: 5 (12.1951%)	Total: 5 (12.1951%)
[cartographer_node-1] [0.604612, 0.627693)	                   #	Count: 2 (4.87805%)	Total: 7 (17.0732%)
[cartographer_node-1] [0.627693, 0.650773)	                 ###	Count: 6 (14.6341%)	Total: 13 (31.7073%)
[cartographer_node-1] [0.650773, 0.673854)	               #####	Count: 10 (24.3902%)	Total: 23 (56.0976%)
[cartographer_node-1] [0.673854, 0.696935)	                  ##	Count: 4 (9.7561%)	Total: 27 (65.8537%)
[cartographer_node-1] [0.696935, 0.720016)	                  ##	Count: 4 (9.7561%)	Total: 31 (75.6098%)
[cartographer_node-1] [0.720016, 0.743097)	                   #	Count: 2 (4.87805%)	Total: 33 (80.4878%)
[cartographer_node-1] [0.743097, 0.766178)	                    	Count: 1 (2.43902%)	Total: 34 (82.9268%)
[cartographer_node-1] [0.766178, 0.789259)	                   #	Count: 2 (4.87805%)	Total: 36 (87.8049%)
[cartographer_node-1] [0.789259, 0.812340]	                  ##	Count: 5 (12.1951%)	Total: 41 (100%)
[cartographer_node-1] [INFO] [1778822260.981047383] [cartographer logger]: I0515 14:17:40.000000 59707 pose_graph_2d.cc:538] Remaining work items in queue: 27
[cartographer_node-1] [INFO] [1778822260.981129502] [cartographer logger]: I0515 14:17:40.000000 59707 constraint_builder_2d.cc:294] 0 computations resulted in 0 additional constraints.
[cartographer_node-1] [INFO] [1778822260.981594337] [cartographer logger]: I0515 14:17:40.000000 59707 constraint_builder_2d.cc:296] Score histogram:
[cartographer_node-1] Count: 41  Min: 0.581531  Max: 0.81234  Mean: 0.683125
[cartographer_node-1] [0.581531, 0.604612)	                  ##	Count: 5 (12.1951%)	Total: 5 (12.1951%)
[cartographer_node-1] [0.604612, 0.627693)	                   #	Count: 2 (4.87805%)	Total: 7 (17.0732%)
[cartographer_node-1] [0.627693, 0.650773)	                 ###	Count: 6 (14.6341%)	Total: 13 (31.7073%)
[cartographer_node-1] [0.650773, 0.673854)	               #####	Count: 10 (24.3902%)	Total: 23 (56.0976%)
[cartographer_node-1] [0.673854, 0.696935)	                  ##	Count: 4 (9.7561%)	Total: 27 (65.8537%)
[cartographer_node-1] [0.696935, 0.720016)	                  ##	Count: 4 (9.7561%)	Total: 31 (75.6098%)
[cartographer_node-1] [0.720016, 0.743097)	                   #	Count: 2 (4.87805%)	Total: 33 (80.4878%)
[cartographer_node-1] [0.743097, 0.766178)	                    	Count: 1 (2.43902%)	Total: 34 (82.9268%)
[cartographer_node-1] [0.766178, 0.789259)	                   #	Count: 2 (4.87805%)	Total: 36 (87.8049%)
[cartographer_node-1] [0.789259, 0.812340]	                  ##	Count: 5 (12.1951%)	Total: 41 (100%)
[cartographer_node-1] [INFO] [1778822261.010618914] [cartographer logger]: I0515 14:17:41.000000 59707 pose_graph_2d.cc:538] Remaining work items in queue: 23
[cartographer_node-1] [INFO] [1778822261.010678116] [cartographer logger]: I0515 14:17:41.000000 59707 constraint_builder_2d.cc:294] 0 computations resulted in 0 additional constraints.
[cartographer_node-1] [INFO] [1778822261.011137270] [cartographer logger]: I0515 14:17:41.000000 59707 constraint_builder_2d.cc:296] Score histogram:
[cartographer_node-1] Count: 41  Min: 0.581531  Max: 0.81234  Mean: 0.683125
[cartographer_node-1] [0.581531, 0.604612)	                  ##	Count: 5 (12.1951%)	Total: 5 (12.1951%)
[cartographer_node-1] [0.604612, 0.627693)	                   #	Count: 2 (4.87805%)	Total: 7 (17.0732%)
[cartographer_node-1] [0.627693, 0.650773)	                 ###	Count: 6 (14.6341%)	Total: 13 (31.7073%)
[cartographer_node-1] [0.650773, 0.673854)	               #####	Count: 10 (24.3902%)	Total: 23 (56.0976%)
[cartographer_node-1] [0.673854, 0.696935)	                  ##	Count: 4 (9.7561%)	Total: 27 (65.8537%)
[cartographer_node-1] [0.696935, 0.720016)	                  ##	Count: 4 (9.7561%)	Total: 31 (75.6098%)
[cartographer_node-1] [0.720016, 0.743097)	                   #	Count: 2 (4.87805%)	Total: 33 (80.4878%)
[cartographer_node-1] [0.743097, 0.766178)	                    	Count: 1 (2.43902%)	Total: 34 (82.9268%)
[cartographer_node-1] [0.766178, 0.789259)	                   #	Count: 2 (4.87805%)	Total: 36 (87.8049%)
[cartographer_node-1] [0.789259, 0.812340]	                  ##	Count: 5 (12.1951%)	Total: 41 (100%)
[cartographer_node-1] [INFO] [1778822261.039324957] [cartographer logger]: I0515 14:17:41.000000 59707 pose_graph_2d.cc:538] Remaining work items in queue: 19
[cartographer_node-1] [INFO] [1778822261.039368285] [cartographer logger]: I0515 14:17:41.000000 59707 constraint_builder_2d.cc:294] 0 computations resulted in 0 additional constraints.
[cartographer_node-1] [INFO] [1778822261.039840008] [cartographer logger]: I0515 14:17:41.000000 59707 constraint_builder_2d.cc:296] Score histogram:
[cartographer_node-1] Count: 41  Min: 0.581531  Max: 0.81234  Mean: 0.683125
[cartographer_node-1] [0.581531, 0.604612)	                  ##	Count: 5 (12.1951%)	Total: 5 (12.1951%)
[cartographer_node-1] [0.604612, 0.627693)	                   #	Count: 2 (4.87805%)	Total: 7 (17.0732%)
[cartographer_node-1] [0.627693, 0.650773)	                 ###	Count: 6 (14.6341%)	Total: 13 (31.7073%)
[cartographer_node-1] [0.650773, 0.673854)	               #####	Count: 10 (24.3902%)	Total: 23 (56.0976%)
[cartographer_node-1] [0.673854, 0.696935)	                  ##	Count: 4 (9.7561%)	Total: 27 (65.8537%)
[cartographer_node-1] [0.696935, 0.720016)	                  ##	Count: 4 (9.7561%)	Total: 31 (75.6098%)
[cartographer_node-1] [0.720016, 0.743097)	                   #	Count: 2 (4.87805%)	Total: 33 (80.4878%)
[cartographer_node-1] [0.743097, 0.766178)	                    	Count: 1 (2.43902%)	Total: 34 (82.9268%)
[cartographer_node-1] [0.766178, 0.789259)	                   #	Count: 2 (4.87805%)	Total: 36 (87.8049%)
[cartographer_node-1] [0.789259, 0.812340]	                  ##	Count: 5 (12.1951%)	Total: 41 (100%)
[cartographer_node-1] [INFO] [1778822261.069212134] [cartographer logger]: I0515 14:17:41.000000 59707 pose_graph_2d.cc:538] Remaining work items in queue: 13
[cartographer_node-1] [INFO] [1778822261.069255107] [cartographer logger]: I0515 14:17:41.000000 59707 constraint_builder_2d.cc:294] 0 computations resulted in 0 additional constraints.
[cartographer_node-1] [INFO] [1778822261.069751798] [cartographer logger]: I0515 14:17:41.000000 59707 constraint_builder_2d.cc:296] Score histogram:
[cartographer_node-1] Count: 41  Min: 0.581531  Max: 0.81234  Mean: 0.683125
[cartographer_node-1] [0.581531, 0.604612)	                  ##	Count: 5 (12.1951%)	Total: 5 (12.1951%)
[cartographer_node-1] [0.604612, 0.627693)	                   #	Count: 2 (4.87805%)	Total: 7 (17.0732%)
[cartographer_node-1] [0.627693, 0.650773)	                 ###	Count: 6 (14.6341%)	Total: 13 (31.7073%)
[cartographer_node-1] [0.650773, 0.673854)	               #####	Count: 10 (24.3902%)	Total: 23 (56.0976%)
[cartographer_node-1] [0.673854, 0.696935)	                  ##	Count: 4 (9.7561%)	Total: 27 (65.8537%)
[cartographer_node-1] [0.696935, 0.720016)	                  ##	Count: 4 (9.7561%)	Total: 31 (75.6098%)
[cartographer_node-1] [0.720016, 0.743097)	                   #	Count: 2 (4.87805%)	Total: 33 (80.4878%)
[cartographer_node-1] [0.743097, 0.766178)	                    	Count: 1 (2.43902%)	Total: 34 (82.9268%)
[cartographer_node-1] [0.766178, 0.789259)	                   #	Count: 2 (4.87805%)	Total: 36 (87.8049%)
[cartographer_node-1] [0.789259, 0.812340]	                  ##	Count: 5 (12.1951%)	Total: 41 (100%)
[cartographer_node-1] [INFO] [1778822261.099119097] [cartographer logger]: I0515 14:17:41.000000 59707 pose_graph_2d.cc:538] Remaining work items in queue: 7
[cartographer_node-1] [INFO] [1778822261.155338413] [cartographer logger]: I0515 14:17:41.000000 59706 constraint_builder_2d.cc:294] 1 computations resulted in 0 additional constraints.
[cartographer_node-1] [INFO] [1778822261.155386662] [cartographer logger]: I0515 14:17:41.000000 59706 constraint_builder_2d.cc:296] Score histogram:
[cartographer_node-1] Count: 41  Min: 0.581531  Max: 0.81234  Mean: 0.683125
[cartographer_node-1] [0.581531, 0.604612)	                  ##	Count: 5 (12.1951%)	Total: 5 (12.1951%)
[cartographer_node-1] [0.604612, 0.627693)	                   #	Count: 2 (4.87805%)	Total: 7 (17.0732%)
[cartographer_node-1] [0.627693, 0.650773)	                 ###	Count: 6 (14.6341%)	Total: 13 (31.7073%)
[cartographer_node-1] [0.650773, 0.673854)	               #####	Count: 10 (24.3902%)	Total: 23 (56.0976%)
[cartographer_node-1] [0.673854, 0.696935)	                  ##	Count: 4 (9.7561%)	Total: 27 (65.8537%)
[cartographer_node-1] [0.696935, 0.720016)	                  ##	Count: 4 (9.7561%)	Total: 31 (75.6098%)
[cartographer_node-1] [0.720016, 0.743097)	                   #	Count: 2 (4.87805%)	Total: 33 (80.4878%)
[cartographer_node-1] [0.743097, 0.766178)	                    	Count: 1 (2.43902%)	Total: 34 (82.9268%)
[cartographer_node-1] [0.766178, 0.789259)	                   #	Count: 2 (4.87805%)	Total: 36 (87.8049%)
[cartographer_node-1] [0.789259, 0.812340]	                  ##	Count: 5 (12.1951%)	Total: 41 (100%)
[cartographer_node-1] [INFO] [1778822261.179867255] [cartographer logger]: I0515 14:17:41.000000 59706 pose_graph_2d.cc:538] Remaining work items in queue: 9
[cartographer_node-1] [INFO] [1778822261.179900977] [cartographer logger]: I0515 14:17:41.000000 59706 constraint_builder_2d.cc:294] 0 computations resulted in 0 additional constraints.
[cartographer_node-1] [INFO] [1778822261.180242477] [cartographer logger]: I0515 14:17:41.000000 59706 constraint_builder_2d.cc:296] Score histogram:
[cartographer_node-1] Count: 41  Min: 0.581531  Max: 0.81234  Mean: 0.683125
[cartographer_node-1] [0.581531, 0.604612)	                  ##	Count: 5 (12.1951%)	Total: 5 (12.1951%)
[cartographer_node-1] [0.604612, 0.627693)	                   #	Count: 2 (4.87805%)	Total: 7 (17.0732%)
[cartographer_node-1] [0.627693, 0.650773)	                 ###	Count: 6 (14.6341%)	Total: 13 (31.7073%)
[cartographer_node-1] [0.650773, 0.673854)	               #####	Count: 10 (24.3902%)	Total: 23 (56.0976%)
[cartographer_node-1] [0.673854, 0.696935)	                  ##	Count: 4 (9.7561%)	Total: 27 (65.8537%)
[cartographer_node-1] [0.696935, 0.720016)	                  ##	Count: 4 (9.7561%)	Total: 31 (75.6098%)
[cartographer_node-1] [0.720016, 0.743097)	                   #	Count: 2 (4.87805%)	Total: 33 (80.4878%)
[cartographer_node-1] [0.743097, 0.766178)	                    	Count: 1 (2.43902%)	Total: 34 (82.9268%)
[cartographer_node-1] [0.766178, 0.789259)	                   #	Count: 2 (4.87805%)	Total: 36 (87.8049%)
[cartographer_node-1] [0.789259, 0.812340]	                  ##	Count: 5 (12.1951%)	Total: 41 (100%)
[cartographer_node-1] [INFO] [1778822261.208986548] [cartographer logger]: I0515 14:17:41.000000 59706 pose_graph_2d.cc:538] Remaining work items in queue: 4
[cartographer_node-1] [INFO] [1778822261.209051969] [cartographer logger]: I0515 14:17:41.000000 59706 constraint_builder_2d.cc:294] 0 computations resulted in 0 additional constraints.
[cartographer_node-1] [INFO] [1778822261.209131231] [cartographer logger]: I0515 14:17:41.000000 59706 constraint_builder_2d.cc:296] Score histogram:
[cartographer_node-1] Count: 41  Min: 0.581531  Max: 0.81234  Mean: 0.683125
[cartographer_node-1] [0.581531, 0.604612)	                  ##	Count: 5 (12.1951%)	Total: 5 (12.1951%)
[cartographer_node-1] [0.604612, 0.627693)	                   #	Count: 2 (4.87805%)	Total: 7 (17.0732%)
[cartographer_node-1] [0.627693, 0.650773)	                 ###	Count: 6 (14.6341%)	Total: 13 (31.7073%)
[cartographer_node-1] [0.650773, 0.673854)	               #####	Count: 10 (24.3902%)	Total: 23 (56.0976%)
[cartographer_node-1] [0.673854, 0.696935)	                  ##	Count: 4 (9.7561%)	Total: 27 (65.8537%)
[cartographer_node-1] [0.696935, 0.720016)	                  ##	Count: 4 (9.7561%)	Total: 31 (75.6098%)
[cartographer_node-1] [0.720016, 0.743097)	                   #	Count: 2 (4.87805%)	Total: 33 (80.4878%)
[cartographer_node-1] [0.743097, 0.766178)	                    	Count: 1 (2.43902%)	Total: 34 (82.9268%)
[cartographer_node-1] [0.766178, 0.789259)	                   #	Count: 2 (4.87805%)	Total: 36 (87.8049%)
[cartographer_node-1] [0.789259, 0.812340]	                  ##	Count: 5 (12.1951%)	Total: 41 (100%)
[cartographer_node-1] [INFO] [1778822261.238919892] [cartographer logger]: I0515 14:17:41.000000 59706 pose_graph_2d.cc:538] Remaining work items in queue: 1
[cartographer_node-1] [INFO] [1778822261.238977961] [cartographer logger]: I0515 14:17:41.000000 59706 constraint_builder_2d.cc:294] 0 computations resulted in 0 additional constraints.
[cartographer_node-1] [INFO] [1778822261.239309250] [cartographer logger]: I0515 14:17:41.000000 59706 constraint_builder_2d.cc:296] Score histogram:
[cartographer_node-1] Count: 41  Min: 0.581531  Max: 0.81234  Mean: 0.683125
[cartographer_node-1] [0.581531, 0.604612)	                  ##	Count: 5 (12.1951%)	Total: 5 (12.1951%)
[cartographer_node-1] [0.604612, 0.627693)	                   #	Count: 2 (4.87805%)	Total: 7 (17.0732%)
[cartographer_node-1] [0.627693, 0.650773)	                 ###	Count: 6 (14.6341%)	Total: 13 (31.7073%)
[cartographer_node-1] [0.650773, 0.673854)	               #####	Count: 10 (24.3902%)	Total: 23 (56.0976%)
[cartographer_node-1] [0.673854, 0.696935)	                  ##	Count: 4 (9.7561%)	Total: 27 (65.8537%)
[cartographer_node-1] [0.696935, 0.720016)	                  ##	Count: 4 (9.7561%)	Total: 31 (75.6098%)
[cartographer_node-1] [0.720016, 0.743097)	                   #	Count: 2 (4.87805%)	Total: 33 (80.4878%)
[cartographer_node-1] [0.743097, 0.766178)	                    	Count: 1 (2.43902%)	Total: 34 (82.9268%)
[cartographer_node-1] [0.766178, 0.789259)	                   #	Count: 2 (4.87805%)	Total: 36 (87.8049%)
[cartographer_node-1] [0.789259, 0.812340]	                  ##	Count: 5 (12.1951%)	Total: 41 (100%)
[cartographer_node-1] [INFO] [1778822261.278852141] [cartographer logger]: I0515 14:17:41.000000 59707 pose_graph_2d.cc:538] Remaining work items in queue: 0
[cartographer_node-1] [INFO] [1778822261.278912448] [cartographer logger]: I0515 14:17:41.000000 59707 constraint_builder_2d.cc:294] 0 computations resulted in 0 additional constraints.
[cartographer_node-1] [INFO] [1778822261.279458404] [cartographer logger]: I0515 14:17:41.000000 59707 constraint_builder_2d.cc:296] Score histogram:
[cartographer_node-1] Count: 41  Min: 0.581531  Max: 0.81234  Mean: 0.683125
[cartographer_node-1] [0.581531, 0.604612)	                  ##	Count: 5 (12.1951%)	Total: 5 (12.1951%)
[cartographer_node-1] [0.604612, 0.627693)	                   #	Count: 2 (4.87805%)	Total: 7 (17.0732%)
[cartographer_node-1] [0.627693, 0.650773)	                 ###	Count: 6 (14.6341%)	Total: 13 (31.7073%)
[cartographer_node-1] [0.650773, 0.673854)	               #####	Count: 10 (24.3902%)	Total: 23 (56.0976%)
[cartographer_node-1] [0.673854, 0.696935)	                  ##	Count: 4 (9.7561%)	Total: 27 (65.8537%)
[cartographer_node-1] [0.696935, 0.720016)	                  ##	Count: 4 (9.7561%)	Total: 31 (75.6098%)
[cartographer_node-1] [0.720016, 0.743097)	                   #	Count: 2 (4.87805%)	Total: 33 (80.4878%)
[cartographer_node-1] [0.743097, 0.766178)	                    	Count: 1 (2.43902%)	Total: 34 (82.9268%)
[cartographer_node-1] [0.766178, 0.789259)	                   #	Count: 2 (4.87805%)	Total: 36 (87.8049%)
[cartographer_node-1] [0.789259, 0.812340]	                  ##	Count: 5 (12.1951%)	Total: 41 (100%)
[cartographer_node-1] [INFO] [1778822261.322930010] [cartographer logger]: I0515 14:17:41.000000 59707 pose_graph_2d.cc:538] Remaining work items in queue: 0
[cartographer_node-1] [INFO] [1778822261.322982202] [cartographer logger]: I0515 14:17:41.000000 59707 constraint_builder_2d.cc:294] 0 computations resulted in 0 additional constraints.
[cartographer_node-1] [INFO] [1778822261.323574546] [cartographer logger]: I0515 14:17:41.000000 59707 constraint_builder_2d.cc:296] Score histogram:
[cartographer_node-1] Count: 41  Min: 0.581531  Max: 0.81234  Mean: 0.683125
[cartographer_node-1] [0.581531, 0.604612)	                  ##	Count: 5 (12.1951%)	Total: 5 (12.1951%)
[cartographer_node-1] [0.604612, 0.627693)	                   #	Count: 2 (4.87805%)	Total: 7 (17.0732%)
[cartographer_node-1] [0.627693, 0.650773)	                 ###	Count: 6 (14.6341%)	Total: 13 (31.7073%)
[cartographer_node-1] [0.650773, 0.673854)	               #####	Count: 10 (24.3902%)	Total: 23 (56.0976%)
[cartographer_node-1] [0.673854, 0.696935)	                  ##	Count: 4 (9.7561%)	Total: 27 (65.8537%)
[cartographer_node-1] [0.696935, 0.720016)	                  ##	Count: 4 (9.7561%)	Total: 31 (75.6098%)
[cartographer_node-1] [0.720016, 0.743097)	                   #	Count: 2 (4.87805%)	Total: 33 (80.4878%)
[cartographer_node-1] [0.743097, 0.766178)	                    	Count: 1 (2.43902%)	Total: 34 (82.9268%)
[cartographer_node-1] [0.766178, 0.789259)	                   #	Count: 2 (4.87805%)	Total: 36 (87.8049%)
[cartographer_node-1] [0.789259, 0.812340]	                  ##	Count: 5 (12.1951%)	Total: 41 (100%)
[cartographer_node-1] [INFO] [1778822261.370226279] [cartographer logger]: I0515 14:17:41.000000 59704 pose_graph_2d.cc:538] Remaining work items in queue: 0
[cartographer_node-1] [INFO] [1778822261.370267342] [cartographer logger]: I0515 14:17:41.000000 59704 constraint_builder_2d.cc:294] 0 computations resulted in 0 additional constraints.
[cartographer_node-1] [INFO] [1778822261.370370501] [cartographer logger]: I0515 14:17:41.000000 59704 constraint_builder_2d.cc:296] Score histogram:
[cartographer_node-1] Count: 41  Min: 0.581531  Max: 0.81234  Mean: 0.683125
[cartographer_node-1] [0.581531, 0.604612)	                  ##	Count: 5 (12.1951%)	Total: 5 (12.1951%)
[cartographer_node-1] [0.604612, 0.627693)	                   #	Count: 2 (4.87805%)	Total: 7 (17.0732%)
[cartographer_node-1] [0.627693, 0.650773)	                 ###	Count: 6 (14.6341%)	Total: 13 (31.7073%)
[cartographer_node-1] [0.650773, 0.673854)	               #####	Count: 10 (24.3902%)	Total: 23 (56.0976%)
[cartographer_node-1] [0.673854, 0.696935)	                  ##	Count: 4 (9.7561%)	Total: 27 (65.8537%)
[cartographer_node-1] [0.696935, 0.720016)	                  ##	Count: 4 (9.7561%)	Total: 31 (75.6098%)
[cartographer_node-1] [0.720016, 0.743097)	                   #	Count: 2 (4.87805%)	Total: 33 (80.4878%)
[cartographer_node-1] [0.743097, 0.766178)	                    	Count: 1 (2.43902%)	Total: 34 (82.9268%)
[cartographer_node-1] [0.766178, 0.789259)	                   #	Count: 2 (4.87805%)	Total: 36 (87.8049%)
[cartographer_node-1] [0.789259, 0.812340]	                  ##	Count: 5 (12.1951%)	Total: 41 (100%)
[cartographer_node-1] [INFO] [1778822261.424592345] [cartographer logger]: I0515 14:17:41.000000 59707 pose_graph_2d.cc:538] Remaining work items in queue: 0
[cartographer_node-1] [INFO] [1778822261.541007523] [cartographer logger]: I0515 14:17:41.000000 59706 constraint_builder_2d.cc:279] Node (1, 571) with 201 points on submap (0, 6) matches with score 62.4%.
[cartographer_node-1] [INFO] [1778822261.541072738] [cartographer logger]: I0515 14:17:41.000000 59706 constraint_builder_2d.cc:294] 1 computations resulted in 1 additional constraints.
[cartographer_node-1] [INFO] [1778822261.541122732] [cartographer logger]: I0515 14:17:41.000000 59706 constraint_builder_2d.cc:296] Score histogram:
[cartographer_node-1] Count: 42  Min: 0.581531  Max: 0.81234  Mean: 0.681724
[cartographer_node-1] [0.581531, 0.604612)	                  ##	Count: 5 (11.9048%)	Total: 5 (11.9048%)
[cartographer_node-1] [0.604612, 0.627693)	                   #	Count: 3 (7.14286%)	Total: 8 (19.0476%)
[cartographer_node-1] [0.627693, 0.650773)	                 ###	Count: 6 (14.2857%)	Total: 14 (33.3333%)
[cartographer_node-1] [0.650773, 0.673854)	               #####	Count: 10 (23.8095%)	Total: 24 (57.1429%)
[cartographer_node-1] [0.673854, 0.696935)	                  ##	Count: 4 (9.52381%)	Total: 28 (66.6667%)
[cartographer_node-1] [0.696935, 0.720016)	                  ##	Count: 4 (9.52381%)	Total: 32 (76.1905%)
[cartographer_node-1] [0.720016, 0.743097)	                   #	Count: 2 (4.7619%)	Total: 34 (80.9524%)
[cartographer_node-1] [0.743097, 0.766178)	                    	Count: 1 (2.38095%)	Total: 35 (83.3333%)
[cartographer_node-1] [0.766178, 0.789259)	                   #	Count: 2 (4.7619%)	Total: 37 (88.0952%)
[cartographer_node-1] [0.789259, 0.812340]	                  ##	Count: 5 (11.9048%)	Total: 42 (100%)
[cartographer_node-1] [INFO] [1778822261.593382980] [cartographer logger]: I0515 14:17:41.000000 59706 pose_graph_2d.cc:538] Remaining work items in queue: 14
[cartographer_node-1] [INFO] [1778822261.593433143] [cartographer logger]: I0515 14:17:41.000000 59706 constraint_builder_2d.cc:294] 0 computations resulted in 0 additional constraints.
[cartographer_node-1] [INFO] [1778822261.593517572] [cartographer logger]: I0515 14:17:41.000000 59706 constraint_builder_2d.cc:296] Score histogram:
[cartographer_node-1] Count: 42  Min: 0.581531  Max: 0.81234  Mean: 0.681724
[cartographer_node-1] [0.581531, 0.604612)	                  ##	Count: 5 (11.9048%)	Total: 5 (11.9048%)
[cartographer_node-1] [0.604612, 0.627693)	                   #	Count: 3 (7.14286%)	Total: 8 (19.0476%)
[cartographer_node-1] [0.627693, 0.650773)	                 ###	Count: 6 (14.2857%)	Total: 14 (33.3333%)
[cartographer_node-1] [0.650773, 0.673854)	               #####	Count: 10 (23.8095%)	Total: 24 (57.1429%)
[cartographer_node-1] [0.673854, 0.696935)	                  ##	Count: 4 (9.52381%)	Total: 28 (66.6667%)
[cartographer_node-1] [0.696935, 0.720016)	                  ##	Count: 4 (9.52381%)	Total: 32 (76.1905%)
[cartographer_node-1] [0.720016, 0.743097)	                   #	Count: 2 (4.7619%)	Total: 34 (80.9524%)
[cartographer_node-1] [0.743097, 0.766178)	                    	Count: 1 (2.38095%)	Total: 35 (83.3333%)
[cartographer_node-1] [0.766178, 0.789259)	                   #	Count: 2 (4.7619%)	Total: 37 (88.0952%)
[cartographer_node-1] [0.789259, 0.812340]	                  ##	Count: 5 (11.9048%)	Total: 42 (100%)
[cartographer_node-1] [INFO] [1778822261.619513592] [cartographer logger]: I0515 14:17:41.000000 59706 pose_graph_2d.cc:538] Remaining work items in queue: 10
[cartographer_node-1] [INFO] [1778822261.619550013] [cartographer logger]: I0515 14:17:41.000000 59706 constraint_builder_2d.cc:294] 0 computations resulted in 0 additional constraints.
[cartographer_node-1] [INFO] [1778822261.619941354] [cartographer logger]: I0515 14:17:41.000000 59706 constraint_builder_2d.cc:296] Score histogram:
[cartographer_node-1] Count: 42  Min: 0.581531  Max: 0.81234  Mean: 0.681724
[cartographer_node-1] [0.581531, 0.604612)	                  ##	Count: 5 (11.9048%)	Total: 5 (11.9048%)
[cartographer_node-1] [0.604612, 0.627693)	                   #	Count: 3 (7.14286%)	Total: 8 (19.0476%)
[cartographer_node-1] [0.627693, 0.650773)	                 ###	Count: 6 (14.2857%)	Total: 14 (33.3333%)
[cartographer_node-1] [0.650773, 0.673854)	               #####	Count: 10 (23.8095%)	Total: 24 (57.1429%)
[cartographer_node-1] [0.673854, 0.696935)	                  ##	Count: 4 (9.52381%)	Total: 28 (66.6667%)
[cartographer_node-1] [0.696935, 0.720016)	                  ##	Count: 4 (9.52381%)	Total: 32 (76.1905%)
[cartographer_node-1] [0.720016, 0.743097)	                   #	Count: 2 (4.7619%)	Total: 34 (80.9524%)
[cartographer_node-1] [0.743097, 0.766178)	                    	Count: 1 (2.38095%)	Total: 35 (83.3333%)
[cartographer_node-1] [0.766178, 0.789259)	                   #	Count: 2 (4.7619%)	Total: 37 (88.0952%)
[cartographer_node-1] [0.789259, 0.812340]	                  ##	Count: 5 (11.9048%)	Total: 42 (100%)
[cartographer_node-1] [INFO] [1778822261.650608971] [cartographer logger]: I0515 14:17:41.000000 59706 pose_graph_2d.cc:538] Remaining work items in queue: 9
[cartographer_node-1] [INFO] [1778822261.650664554] [cartographer logger]: I0515 14:17:41.000000 59706 constraint_builder_2d.cc:294] 0 computations resulted in 0 additional constraints.
[cartographer_node-1] [INFO] [1778822261.651132410] [cartographer logger]: I0515 14:17:41.000000 59706 constraint_builder_2d.cc:296] Score histogram:
[cartographer_node-1] Count: 42  Min: 0.581531  Max: 0.81234  Mean: 0.681724
[cartographer_node-1] [0.581531, 0.604612)	                  ##	Count: 5 (11.9048%)	Total: 5 (11.9048%)
[cartographer_node-1] [0.604612, 0.627693)	                   #	Count: 3 (7.14286%)	Total: 8 (19.0476%)
[cartographer_node-1] [0.627693, 0.650773)	                 ###	Count: 6 (14.2857%)	Total: 14 (33.3333%)
[cartographer_node-1] [0.650773, 0.673854)	               #####	Count: 10 (23.8095%)	Total: 24 (57.1429%)
[cartographer_node-1] [0.673854, 0.696935)	                  ##	Count: 4 (9.52381%)	Total: 28 (66.6667%)
[cartographer_node-1] [0.696935, 0.720016)	                  ##	Count: 4 (9.52381%)	Total: 32 (76.1905%)
[cartographer_node-1] [0.720016, 0.743097)	                   #	Count: 2 (4.7619%)	Total: 34 (80.9524%)
[cartographer_node-1] [0.743097, 0.766178)	                    	Count: 1 (2.38095%)	Total: 35 (83.3333%)
[cartographer_node-1] [0.766178, 0.789259)	                   #	Count: 2 (4.7619%)	Total: 37 (88.0952%)
[cartographer_node-1] [0.789259, 0.812340]	                  ##	Count: 5 (11.9048%)	Total: 42 (100%)
[cartographer_node-1] [INFO] [1778822261.679289134] [cartographer logger]: I0515 14:17:41.000000 59706 pose_graph_2d.cc:538] Remaining work items in queue: 6
[cartographer_node-1] [INFO] [1778822261.679336509] [cartographer logger]: I0515 14:17:41.000000 59706 constraint_builder_2d.cc:294] 0 computations resulted in 0 additional constraints.
[cartographer_node-1] [INFO] [1778822261.679446168] [cartographer logger]: I0515 14:17:41.000000 59706 constraint_builder_2d.cc:296] Score histogram:
[cartographer_node-1] Count: 42  Min: 0.581531  Max: 0.81234  Mean: 0.681724
[cartographer_node-1] [0.581531, 0.604612)	                  ##	Count: 5 (11.9048%)	Total: 5 (11.9048%)
[cartographer_node-1] [0.604612, 0.627693)	                   #	Count: 3 (7.14286%)	Total: 8 (19.0476%)
[cartographer_node-1] [0.627693, 0.650773)	                 ###	Count: 6 (14.2857%)	Total: 14 (33.3333%)
[cartographer_node-1] [0.650773, 0.673854)	               #####	Count: 10 (23.8095%)	Total: 24 (57.1429%)
[cartographer_node-1] [0.673854, 0.696935)	                  ##	Count: 4 (9.52381%)	Total: 28 (66.6667%)
[cartographer_node-1] [0.696935, 0.720016)	                  ##	Count: 4 (9.52381%)	Total: 32 (76.1905%)
[cartographer_node-1] [0.720016, 0.743097)	                   #	Count: 2 (4.7619%)	Total: 34 (80.9524%)
[cartographer_node-1] [0.743097, 0.766178)	                    	Count: 1 (2.38095%)	Total: 35 (83.3333%)
[cartographer_node-1] [0.766178, 0.789259)	                   #	Count: 2 (4.7619%)	Total: 37 (88.0952%)
[cartographer_node-1] [0.789259, 0.812340]	                  ##	Count: 5 (11.9048%)	Total: 42 (100%)
[cartographer_node-1] [INFO] [1778822261.705396432] [cartographer logger]: I0515 14:17:41.000000 59706 pose_graph_2d.cc:538] Remaining work items in queue: 3
[cartographer_node-1] [INFO] [1778822261.705433862] [cartographer logger]: I0515 14:17:41.000000 59706 constraint_builder_2d.cc:294] 0 computations resulted in 0 additional constraints.
[cartographer_node-1] [INFO] [1778822261.705834820] [cartographer logger]: I0515 14:17:41.000000 59706 constraint_builder_2d.cc:296] Score histogram:
[cartographer_node-1] Count: 42  Min: 0.581531  Max: 0.81234  Mean: 0.681724
[cartographer_node-1] [0.581531, 0.604612)	                  ##	Count: 5 (11.9048%)	Total: 5 (11.9048%)
[cartographer_node-1] [0.604612, 0.627693)	                   #	Count: 3 (7.14286%)	Total: 8 (19.0476%)
[cartographer_node-1] [0.627693, 0.650773)	                 ###	Count: 6 (14.2857%)	Total: 14 (33.3333%)
[cartographer_node-1] [0.650773, 0.673854)	               #####	Count: 10 (23.8095%)	Total: 24 (57.1429%)
[cartographer_node-1] [0.673854, 0.696935)	                  ##	Count: 4 (9.52381%)	Total: 28 (66.6667%)
[cartographer_node-1] [0.696935, 0.720016)	                  ##	Count: 4 (9.52381%)	Total: 32 (76.1905%)
[cartographer_node-1] [0.720016, 0.743097)	                   #	Count: 2 (4.7619%)	Total: 34 (80.9524%)
[cartographer_node-1] [0.743097, 0.766178)	                    	Count: 1 (2.38095%)	Total: 35 (83.3333%)
[cartographer_node-1] [0.766178, 0.789259)	                   #	Count: 2 (4.7619%)	Total: 37 (88.0952%)
[cartographer_node-1] [0.789259, 0.812340]	                  ##	Count: 5 (11.9048%)	Total: 42 (100%)
[cartographer_node-1] [INFO] [1778822261.733130503] [cartographer logger]: I0515 14:17:41.000000 59706 pose_graph_2d.cc:538] Remaining work items in queue: 1
[cartographer_node-1] [INFO] [1778822261.733176207] [cartographer logger]: I0515 14:17:41.000000 59706 constraint_builder_2d.cc:294] 0 computations resulted in 0 additional constraints.
[cartographer_node-1] [INFO] [1778822261.733736835] [cartographer logger]: I0515 14:17:41.000000 59706 constraint_builder_2d.cc:296] Score histogram:
[cartographer_node-1] Count: 42  Min: 0.581531  Max: 0.81234  Mean: 0.681724
[cartographer_node-1] [0.581531, 0.604612)	                  ##	Count: 5 (11.9048%)	Total: 5 (11.9048%)
[cartographer_node-1] [0.604612, 0.627693)	                   #	Count: 3 (7.14286%)	Total: 8 (19.0476%)
[cartographer_node-1] [0.627693, 0.650773)	                 ###	Count: 6 (14.2857%)	Total: 14 (33.3333%)
[cartographer_node-1] [0.650773, 0.673854)	               #####	Count: 10 (23.8095%)	Total: 24 (57.1429%)
[cartographer_node-1] [0.673854, 0.696935)	                  ##	Count: 4 (9.52381%)	Total: 28 (66.6667%)
[cartographer_node-1] [0.696935, 0.720016)	                  ##	Count: 4 (9.52381%)	Total: 32 (76.1905%)
[cartographer_node-1] [0.720016, 0.743097)	                   #	Count: 2 (4.7619%)	Total: 34 (80.9524%)
[cartographer_node-1] [0.743097, 0.766178)	                    	Count: 1 (2.38095%)	Total: 35 (83.3333%)
[cartographer_node-1] [0.766178, 0.789259)	                   #	Count: 2 (4.7619%)	Total: 37 (88.0952%)
[cartographer_node-1] [0.789259, 0.812340]	                  ##	Count: 5 (11.9048%)	Total: 42 (100%)
[cartographer_node-1] [INFO] [1778822261.770744335] [cartographer logger]: I0515 14:17:41.000000 59707 pose_graph_2d.cc:538] Remaining work items in queue: 0
[cartographer_node-1] [INFO] [1778822261.833107636] [cartographer logger]: I0515 14:17:41.000000 59704 constraint_builder_2d.cc:294] 1 computations resulted in 0 additional constraints.
[cartographer_node-1] [INFO] [1778822261.833166225] [cartographer logger]: I0515 14:17:41.000000 59704 constraint_builder_2d.cc:296] Score histogram:
[cartographer_node-1] Count: 42  Min: 0.581531  Max: 0.81234  Mean: 0.681724
[cartographer_node-1] [0.581531, 0.604612)	                  ##	Count: 5 (11.9048%)	Total: 5 (11.9048%)
[cartographer_node-1] [0.604612, 0.627693)	                   #	Count: 3 (7.14286%)	Total: 8 (19.0476%)
[cartographer_node-1] [0.627693, 0.650773)	                 ###	Count: 6 (14.2857%)	Total: 14 (33.3333%)
[cartographer_node-1] [0.650773, 0.673854)	               #####	Count: 10 (23.8095%)	Total: 24 (57.1429%)
[cartographer_node-1] [0.673854, 0.696935)	                  ##	Count: 4 (9.52381%)	Total: 28 (66.6667%)
[cartographer_node-1] [0.696935, 0.720016)	                  ##	Count: 4 (9.52381%)	Total: 32 (76.1905%)
[cartographer_node-1] [0.720016, 0.743097)	                   #	Count: 2 (4.7619%)	Total: 34 (80.9524%)
[cartographer_node-1] [0.743097, 0.766178)	                    	Count: 1 (2.38095%)	Total: 35 (83.3333%)
[cartographer_node-1] [0.766178, 0.789259)	                   #	Count: 2 (4.7619%)	Total: 37 (88.0952%)
[cartographer_node-1] [0.789259, 0.812340]	                  ##	Count: 5 (11.9048%)	Total: 42 (100%)
[cartographer_node-1] [INFO] [1778822261.860051026] [cartographer logger]: I0515 14:17:41.000000 59704 pose_graph_2d.cc:538] Remaining work items in queue: 5
[cartographer_node-1] [INFO] [1778822261.860087514] [cartographer logger]: I0515 14:17:41.000000 59704 constraint_builder_2d.cc:294] 0 computations resulted in 0 additional constraints.
[cartographer_node-1] [INFO] [1778822261.860482127] [cartographer logger]: I0515 14:17:41.000000 59704 constraint_builder_2d.cc:296] Score histogram:
[cartographer_node-1] Count: 42  Min: 0.581531  Max: 0.81234  Mean: 0.681724
[cartographer_node-1] [0.581531, 0.604612)	                  ##	Count: 5 (11.9048%)	Total: 5 (11.9048%)
[cartographer_node-1] [0.604612, 0.627693)	                   #	Count: 3 (7.14286%)	Total: 8 (19.0476%)
[cartographer_node-1] [0.627693, 0.650773)	                 ###	Count: 6 (14.2857%)	Total: 14 (33.3333%)
[cartographer_node-1] [0.650773, 0.673854)	               #####	Count: 10 (23.8095%)	Total: 24 (57.1429%)
[cartographer_node-1] [0.673854, 0.696935)	                  ##	Count: 4 (9.52381%)	Total: 28 (66.6667%)
[cartographer_node-1] [0.696935, 0.720016)	                  ##	Count: 4 (9.52381%)	Total: 32 (76.1905%)
[cartographer_node-1] [0.720016, 0.743097)	                   #	Count: 2 (4.7619%)	Total: 34 (80.9524%)
[cartographer_node-1] [0.743097, 0.766178)	                    	Count: 1 (2.38095%)	Total: 35 (83.3333%)
[cartographer_node-1] [0.766178, 0.789259)	                   #	Count: 2 (4.7619%)	Total: 37 (88.0952%)
[cartographer_node-1] [0.789259, 0.812340]	                  ##	Count: 5 (11.9048%)	Total: 42 (100%)
[cartographer_node-1] [INFO] [1778822261.886826444] [cartographer logger]: I0515 14:17:41.000000 59704 pose_graph_2d.cc:538] Remaining work items in queue: 0
[cartographer_node-1] [INFO] [1778822261.886857492] [cartographer logger]: I0515 14:17:41.000000 59704 constraint_builder_2d.cc:294] 0 computations resulted in 0 additional constraints.
[cartographer_node-1] [INFO] [1778822261.887159153] [cartographer logger]: I0515 14:17:41.000000 59704 constraint_builder_2d.cc:296] Score histogram:
[cartographer_node-1] Count: 42  Min: 0.581531  Max: 0.81234  Mean: 0.681724
[cartographer_node-1] [0.581531, 0.604612)	                  ##	Count: 5 (11.9048%)	Total: 5 (11.9048%)
[cartographer_node-1] [0.604612, 0.627693)	                   #	Count: 3 (7.14286%)	Total: 8 (19.0476%)
[cartographer_node-1] [0.627693, 0.650773)	                 ###	Count: 6 (14.2857%)	Total: 14 (33.3333%)
[cartographer_node-1] [0.650773, 0.673854)	               #####	Count: 10 (23.8095%)	Total: 24 (57.1429%)
[cartographer_node-1] [0.673854, 0.696935)	                  ##	Count: 4 (9.52381%)	Total: 28 (66.6667%)
[cartographer_node-1] [0.696935, 0.720016)	                  ##	Count: 4 (9.52381%)	Total: 32 (76.1905%)
[cartographer_node-1] [0.720016, 0.743097)	                   #	Count: 2 (4.7619%)	Total: 34 (80.9524%)
[cartographer_node-1] [0.743097, 0.766178)	                    	Count: 1 (2.38095%)	Total: 35 (83.3333%)
[cartographer_node-1] [0.766178, 0.789259)	                   #	Count: 2 (4.7619%)	Total: 37 (88.0952%)
[cartographer_node-1] [0.789259, 0.812340]	                  ##	Count: 5 (11.9048%)	Total: 42 (100%)
[cartographer_node-1] [INFO] [1778822261.925721229] [cartographer logger]: I0515 14:17:41.000000 59706 pose_graph_2d.cc:538] Remaining work items in queue: 0
[cartographer_node-1] [INFO] [1778822261.925769998] [cartographer logger]: I0515 14:17:41.000000 59706 constraint_builder_2d.cc:294] 0 computations resulted in 0 additional constraints.
[cartographer_node-1] [INFO] [1778822261.925929389] [cartographer logger]: I0515 14:17:41.000000 59706 constraint_builder_2d.cc:296] Score histogram:
[cartographer_node-1] Count: 42  Min: 0.581531  Max: 0.81234  Mean: 0.681724
[cartographer_node-1] [0.581531, 0.604612)	                  ##	Count: 5 (11.9048%)	Total: 5 (11.9048%)
[cartographer_node-1] [0.604612, 0.627693)	                   #	Count: 3 (7.14286%)	Total: 8 (19.0476%)
[cartographer_node-1] [0.627693, 0.650773)	                 ###	Count: 6 (14.2857%)	Total: 14 (33.3333%)
[cartographer_node-1] [0.650773, 0.673854)	               #####	Count: 10 (23.8095%)	Total: 24 (57.1429%)
[cartographer_node-1] [0.673854, 0.696935)	                  ##	Count: 4 (9.52381%)	Total: 28 (66.6667%)
[cartographer_node-1] [0.696935, 0.720016)	                  ##	Count: 4 (9.52381%)	Total: 32 (76.1905%)
[cartographer_node-1] [0.720016, 0.743097)	                   #	Count: 2 (4.7619%)	Total: 34 (80.9524%)
[cartographer_node-1] [0.743097, 0.766178)	                    	Count: 1 (2.38095%)	Total: 35 (83.3333%)
[cartographer_node-1] [0.766178, 0.789259)	                   #	Count: 2 (4.7619%)	Total: 37 (88.0952%)
[cartographer_node-1] [0.789259, 0.812340]	                  ##	Count: 5 (11.9048%)	Total: 42 (100%)
[cartographer_node-1] [INFO] [1778822261.969964145] [cartographer logger]: I0515 14:17:41.000000 59704 pose_graph_2d.cc:538] Remaining work items in queue: 0
[cartographer_node-1] [INFO] [1778822261.970006232] [cartographer logger]: I0515 14:17:41.000000 59704 constraint_builder_2d.cc:294] 0 computations resulted in 0 additional constraints.
[cartographer_node-1] [INFO] [1778822261.970458712] [cartographer logger]: I0515 14:17:41.000000 59704 constraint_builder_2d.cc:296] Score histogram:
[cartographer_node-1] Count: 42  Min: 0.581531  Max: 0.81234  Mean: 0.681724
[cartographer_node-1] [0.581531, 0.604612)	                  ##	Count: 5 (11.9048%)	Total: 5 (11.9048%)
[cartographer_node-1] [0.604612, 0.627693)	                   #	Count: 3 (7.14286%)	Total: 8 (19.0476%)
[cartographer_node-1] [0.627693, 0.650773)	                 ###	Count: 6 (14.2857%)	Total: 14 (33.3333%)
[cartographer_node-1] [0.650773, 0.673854)	               #####	Count: 10 (23.8095%)	Total: 24 (57.1429%)
[cartographer_node-1] [0.673854, 0.696935)	                  ##	Count: 4 (9.52381%)	Total: 28 (66.6667%)
[cartographer_node-1] [0.696935, 0.720016)	                  ##	Count: 4 (9.52381%)	Total: 32 (76.1905%)
[cartographer_node-1] [0.720016, 0.743097)	                   #	Count: 2 (4.7619%)	Total: 34 (80.9524%)
[cartographer_node-1] [0.743097, 0.766178)	                    	Count: 1 (2.38095%)	Total: 35 (83.3333%)
[cartographer_node-1] [0.766178, 0.789259)	                   #	Count: 2 (4.7619%)	Total: 37 (88.0952%)
[cartographer_node-1] [0.789259, 0.812340]	                  ##	Count: 5 (11.9048%)	Total: 42 (100%)
[cartographer_node-1] [INFO] [1778822262.023712600] [cartographer logger]: I0515 14:17:42.000000 59704 pose_graph_2d.cc:538] Remaining work items in queue: 0
[cartographer_node-1] [INFO] [1778822262.023750949] [cartographer logger]: I0515 14:17:42.000000 59704 constraint_builder_2d.cc:294] 0 computations resulted in 0 additional constraints.
[cartographer_node-1] [INFO] [1778822262.024241914] [cartographer logger]: I0515 14:17:42.000000 59704 constraint_builder_2d.cc:296] Score histogram:
[cartographer_node-1] Count: 42  Min: 0.581531  Max: 0.81234  Mean: 0.681724
[cartographer_node-1] [0.581531, 0.604612)	                  ##	Count: 5 (11.9048%)	Total: 5 (11.9048%)
[cartographer_node-1] [0.604612, 0.627693)	                   #	Count: 3 (7.14286%)	Total: 8 (19.0476%)
[cartographer_node-1] [0.627693, 0.650773)	                 ###	Count: 6 (14.2857%)	Total: 14 (33.3333%)
[cartographer_node-1] [0.650773, 0.673854)	               #####	Count: 10 (23.8095%)	Total: 24 (57.1429%)
[cartographer_node-1] [0.673854, 0.696935)	                  ##	Count: 4 (9.52381%)	Total: 28 (66.6667%)
[cartographer_node-1] [0.696935, 0.720016)	                  ##	Count: 4 (9.52381%)	Total: 32 (76.1905%)
[cartographer_node-1] [0.720016, 0.743097)	                   #	Count: 2 (4.7619%)	Total: 34 (80.9524%)
[cartographer_node-1] [0.743097, 0.766178)	                    	Count: 1 (2.38095%)	Total: 35 (83.3333%)
[cartographer_node-1] [0.766178, 0.789259)	                   #	Count: 2 (4.7619%)	Total: 37 (88.0952%)
[cartographer_node-1] [0.789259, 0.812340]	                  ##	Count: 5 (11.9048%)	Total: 42 (100%)
[cartographer_node-1] [INFO] [1778822262.073930186] [cartographer logger]: I0515 14:17:42.000000 59707 pose_graph_2d.cc:538] Remaining work items in queue: 0
[cartographer_node-1] [INFO] [1778822262.073973234] [cartographer logger]: I0515 14:17:42.000000 59707 constraint_builder_2d.cc:294] 0 computations resulted in 0 additional constraints.
[cartographer_node-1] [INFO] [1778822262.074131389] [cartographer logger]: I0515 14:17:42.000000 59707 constraint_builder_2d.cc:296] Score histogram:
[cartographer_node-1] Count: 42  Min: 0.581531  Max: 0.81234  Mean: 0.681724
[cartographer_node-1] [0.581531, 0.604612)	                  ##	Count: 5 (11.9048%)	Total: 5 (11.9048%)
[cartographer_node-1] [0.604612, 0.627693)	                   #	Count: 3 (7.14286%)	Total: 8 (19.0476%)
[cartographer_node-1] [0.627693, 0.650773)	                 ###	Count: 6 (14.2857%)	Total: 14 (33.3333%)
[cartographer_node-1] [0.650773, 0.673854)	               #####	Count: 10 (23.8095%)	Total: 24 (57.1429%)
[cartographer_node-1] [0.673854, 0.696935)	                  ##	Count: 4 (9.52381%)	Total: 28 (66.6667%)
[cartographer_node-1] [0.696935, 0.720016)	                  ##	Count: 4 (9.52381%)	Total: 32 (76.1905%)
[cartographer_node-1] [0.720016, 0.743097)	                   #	Count: 2 (4.7619%)	Total: 34 (80.9524%)
[cartographer_node-1] [0.743097, 0.766178)	                    	Count: 1 (2.38095%)	Total: 35 (83.3333%)
[cartographer_node-1] [0.766178, 0.789259)	                   #	Count: 2 (4.7619%)	Total: 37 (88.0952%)
[cartographer_node-1] [0.789259, 0.812340]	                  ##	Count: 5 (11.9048%)	Total: 42 (100%)
[cartographer_node-1] [INFO] [1778822262.113943623] [cartographer logger]: I0515 14:17:42.000000 59705 pose_graph_2d.cc:538] Remaining work items in queue: 0
[cartographer_node-1] [INFO] [1778822262.113988565] [cartographer logger]: I0515 14:17:42.000000 59705 constraint_builder_2d.cc:294] 0 computations resulted in 0 additional constraints.
[cartographer_node-1] [INFO] [1778822262.114046591] [cartographer logger]: I0515 14:17:42.000000 59705 constraint_builder_2d.cc:296] Score histogram:
[cartographer_node-1] Count: 42  Min: 0.581531  Max: 0.81234  Mean: 0.681724
[cartographer_node-1] [0.581531, 0.604612)	                  ##	Count: 5 (11.9048%)	Total: 5 (11.9048%)
[cartographer_node-1] [0.604612, 0.627693)	                   #	Count: 3 (7.14286%)	Total: 8 (19.0476%)
[cartographer_node-1] [0.627693, 0.650773)	                 ###	Count: 6 (14.2857%)	Total: 14 (33.3333%)
[cartographer_node-1] [0.650773, 0.673854)	               #####	Count: 10 (23.8095%)	Total: 24 (57.1429%)
[cartographer_node-1] [0.673854, 0.696935)	                  ##	Count: 4 (9.52381%)	Total: 28 (66.6667%)
[cartographer_node-1] [0.696935, 0.720016)	                  ##	Count: 4 (9.52381%)	Total: 32 (76.1905%)
[cartographer_node-1] [0.720016, 0.743097)	                   #	Count: 2 (4.7619%)	Total: 34 (80.9524%)
[cartographer_node-1] [0.743097, 0.766178)	                    	Count: 1 (2.38095%)	Total: 35 (83.3333%)
[cartographer_node-1] [0.766178, 0.789259)	                   #	Count: 2 (4.7619%)	Total: 37 (88.0952%)
[cartographer_node-1] [0.789259, 0.812340]	                  ##	Count: 5 (11.9048%)	Total: 42 (100%)
[cartographer_node-1] [INFO] [1778822262.178412429] [cartographer logger]: I0515 14:17:42.000000 59705 pose_graph_2d.cc:538] Remaining work items in queue: 1
[cartographer_node-1] [INFO] [1778822262.185484444] [cartographer logger]: I0515 14:17:42.000000 59707 constraint_builder_2d.cc:279] Node (1, 600) with 205 points on submap (0, 0) matches with score 71.9%.
[cartographer_node-1] [INFO] [1778822262.185514480] [cartographer logger]: I0515 14:17:42.000000 59707 constraint_builder_2d.cc:294] 1 computations resulted in 1 additional constraints.
[cartographer_node-1] [INFO] [1778822262.185543079] [cartographer logger]: I0515 14:17:42.000000 59707 constraint_builder_2d.cc:296] Score histogram:
[cartographer_node-1] Count: 43  Min: 0.581531  Max: 0.81234  Mean: 0.682585
[cartographer_node-1] [0.581531, 0.604612)	                  ##	Count: 5 (11.6279%)	Total: 5 (11.6279%)
[cartographer_node-1] [0.604612, 0.627693)	                   #	Count: 3 (6.97674%)	Total: 8 (18.6047%)
[cartographer_node-1] [0.627693, 0.650773)	                 ###	Count: 6 (13.9535%)	Total: 14 (32.5581%)
[cartographer_node-1] [0.650773, 0.673854)	               #####	Count: 10 (23.2558%)	Total: 24 (55.814%)
[cartographer_node-1] [0.673854, 0.696935)	                  ##	Count: 4 (9.30233%)	Total: 28 (65.1163%)
[cartographer_node-1] [0.696935, 0.720016)	                  ##	Count: 5 (11.6279%)	Total: 33 (76.7442%)
[cartographer_node-1] [0.720016, 0.743097)	                   #	Count: 2 (4.65116%)	Total: 35 (81.3953%)
[cartographer_node-1] [0.743097, 0.766178)	                    	Count: 1 (2.32558%)	Total: 36 (83.7209%)
[cartographer_node-1] [0.766178, 0.789259)	                   #	Count: 2 (4.65116%)	Total: 38 (88.3721%)
[cartographer_node-1] [0.789259, 0.812340]	                  ##	Count: 5 (11.6279%)	Total: 43 (100%)
[cartographer_node-1] [INFO] [1778822262.228260337] [cartographer logger]: I0515 14:17:42.000000 59705 pose_graph_2d.cc:538] Remaining work items in queue: 0
[cartographer_node-1] [INFO] [1778822262.228317067] [cartographer logger]: I0515 14:17:42.000000 59705 constraint_builder_2d.cc:294] 0 computations resulted in 0 additional constraints.
[cartographer_node-1] [INFO] [1778822262.228762019] [cartographer logger]: I0515 14:17:42.000000 59705 constraint_builder_2d.cc:296] Score histogram:
[cartographer_node-1] Count: 43  Min: 0.581531  Max: 0.81234  Mean: 0.682585
[cartographer_node-1] [0.581531, 0.604612)	                  ##	Count: 5 (11.6279%)	Total: 5 (11.6279%)
[cartographer_node-1] [0.604612, 0.627693)	                   #	Count: 3 (6.97674%)	Total: 8 (18.6047%)
[cartographer_node-1] [0.627693, 0.650773)	                 ###	Count: 6 (13.9535%)	Total: 14 (32.5581%)
[cartographer_node-1] [0.650773, 0.673854)	               #####	Count: 10 (23.2558%)	Total: 24 (55.814%)
[cartographer_node-1] [0.673854, 0.696935)	                  ##	Count: 4 (9.30233%)	Total: 28 (65.1163%)
[cartographer_node-1] [0.696935, 0.720016)	                  ##	Count: 5 (11.6279%)	Total: 33 (76.7442%)
[cartographer_node-1] [0.720016, 0.743097)	                   #	Count: 2 (4.65116%)	Total: 35 (81.3953%)
[cartographer_node-1] [0.743097, 0.766178)	                    	Count: 1 (2.32558%)	Total: 36 (83.7209%)
[cartographer_node-1] [0.766178, 0.789259)	                   #	Count: 2 (4.65116%)	Total: 38 (88.3721%)
[cartographer_node-1] [0.789259, 0.812340]	                  ##	Count: 5 (11.6279%)	Total: 43 (100%)
[cartographer_node-1] [INFO] [1778822262.277666633] [cartographer logger]: I0515 14:17:42.000000 59706 pose_graph_2d.cc:538] Remaining work items in queue: 0
[cartographer_node-1] [INFO] [1778822262.277704439] [cartographer logger]: I0515 14:17:42.000000 59706 constraint_builder_2d.cc:294] 0 computations resulted in 0 additional constraints.
[cartographer_node-1] [INFO] [1778822262.278286952] [cartographer logger]: I0515 14:17:42.000000 59706 constraint_builder_2d.cc:296] Score histogram:
[cartographer_node-1] Count: 43  Min: 0.581531  Max: 0.81234  Mean: 0.682585
[cartographer_node-1] [0.581531, 0.604612)	                  ##	Count: 5 (11.6279%)	Total: 5 (11.6279%)
[cartographer_node-1] [0.604612, 0.627693)	                   #	Count: 3 (6.97674%)	Total: 8 (18.6047%)
[cartographer_node-1] [0.627693, 0.650773)	                 ###	Count: 6 (13.9535%)	Total: 14 (32.5581%)
[cartographer_node-1] [0.650773, 0.673854)	               #####	Count: 10 (23.2558%)	Total: 24 (55.814%)
[cartographer_node-1] [0.673854, 0.696935)	                  ##	Count: 4 (9.30233%)	Total: 28 (65.1163%)
[cartographer_node-1] [0.696935, 0.720016)	                  ##	Count: 5 (11.6279%)	Total: 33 (76.7442%)
[cartographer_node-1] [0.720016, 0.743097)	                   #	Count: 2 (4.65116%)	Total: 35 (81.3953%)
[cartographer_node-1] [0.743097, 0.766178)	                    	Count: 1 (2.32558%)	Total: 36 (83.7209%)
[cartographer_node-1] [0.766178, 0.789259)	                   #	Count: 2 (4.65116%)	Total: 38 (88.3721%)
[cartographer_node-1] [0.789259, 0.812340]	                  ##	Count: 5 (11.6279%)	Total: 43 (100%)
[cartographer_node-1] [INFO] [1778822262.333935159] [cartographer logger]: I0515 14:17:42.000000 59706 pose_graph_2d.cc:538] Remaining work items in queue: 0
[cartographer_node-1] [INFO] [1778822262.333982524] [cartographer logger]: I0515 14:17:42.000000 59706 constraint_builder_2d.cc:294] 0 computations resulted in 0 additional constraints.
[cartographer_node-1] [INFO] [1778822262.334473582] [cartographer logger]: I0515 14:17:42.000000 59706 constraint_builder_2d.cc:296] Score histogram:
[cartographer_node-1] Count: 43  Min: 0.581531  Max: 0.81234  Mean: 0.682585
[cartographer_node-1] [0.581531, 0.604612)	                  ##	Count: 5 (11.6279%)	Total: 5 (11.6279%)
[cartographer_node-1] [0.604612, 0.627693)	                   #	Count: 3 (6.97674%)	Total: 8 (18.6047%)
[cartographer_node-1] [0.627693, 0.650773)	                 ###	Count: 6 (13.9535%)	Total: 14 (32.5581%)
[cartographer_node-1] [0.650773, 0.673854)	               #####	Count: 10 (23.2558%)	Total: 24 (55.814%)
[cartographer_node-1] [0.673854, 0.696935)	                  ##	Count: 4 (9.30233%)	Total: 28 (65.1163%)
[cartographer_node-1] [0.696935, 0.720016)	                  ##	Count: 5 (11.6279%)	Total: 33 (76.7442%)
[cartographer_node-1] [0.720016, 0.743097)	                   #	Count: 2 (4.65116%)	Total: 35 (81.3953%)
[cartographer_node-1] [0.743097, 0.766178)	                    	Count: 1 (2.32558%)	Total: 36 (83.7209%)
[cartographer_node-1] [0.766178, 0.789259)	                   #	Count: 2 (4.65116%)	Total: 38 (88.3721%)
[cartographer_node-1] [0.789259, 0.812340]	                  ##	Count: 5 (11.6279%)	Total: 43 (100%)
[cartographer_node-1] [INFO] [1778822262.378529647] [cartographer logger]: I0515 14:17:42.000000 59707 pose_graph_2d.cc:538] Remaining work items in queue: 0
[cartographer_node-1] [INFO] [1778822262.378570640] [cartographer logger]: I0515 14:17:42.000000 59707 constraint_builder_2d.cc:294] 0 computations resulted in 0 additional constraints.
[cartographer_node-1] [INFO] [1778822262.378961503] [cartographer logger]: I0515 14:17:42.000000 59707 constraint_builder_2d.cc:296] Score histogram:
[cartographer_node-1] Count: 43  Min: 0.581531  Max: 0.81234  Mean: 0.682585
[cartographer_node-1] [0.581531, 0.604612)	                  ##	Count: 5 (11.6279%)	Total: 5 (11.6279%)
[cartographer_node-1] [0.604612, 0.627693)	                   #	Count: 3 (6.97674%)	Total: 8 (18.6047%)
[cartographer_node-1] [0.627693, 0.650773)	                 ###	Count: 6 (13.9535%)	Total: 14 (32.5581%)
[cartographer_node-1] [0.650773, 0.673854)	               #####	Count: 10 (23.2558%)	Total: 24 (55.814%)
[cartographer_node-1] [0.673854, 0.696935)	                  ##	Count: 4 (9.30233%)	Total: 28 (65.1163%)
[cartographer_node-1] [0.696935, 0.720016)	                  ##	Count: 5 (11.6279%)	Total: 33 (76.7442%)
[cartographer_node-1] [0.720016, 0.743097)	                   #	Count: 2 (4.65116%)	Total: 35 (81.3953%)
[cartographer_node-1] [0.743097, 0.766178)	                    	Count: 1 (2.32558%)	Total: 36 (83.7209%)
[cartographer_node-1] [0.766178, 0.789259)	                   #	Count: 2 (4.65116%)	Total: 38 (88.3721%)
[cartographer_node-1] [0.789259, 0.812340]	                  ##	Count: 5 (11.6279%)	Total: 43 (100%)
[cartographer_node-1] [INFO] [1778822262.411738915] [cartographer logger]: I0515 14:17:42.000000 59706 pose_graph_2d.cc:538] Remaining work items in queue: 0
[cartographer_node-1] [INFO] [1778822262.411802950] [cartographer logger]: I0515 14:17:42.000000 59706 constraint_builder_2d.cc:294] 0 computations resulted in 0 additional constraints.
[cartographer_node-1] [INFO] [1778822262.412346157] [cartographer logger]: I0515 14:17:42.000000 59706 constraint_builder_2d.cc:296] Score histogram:
[cartographer_node-1] Count: 43  Min: 0.581531  Max: 0.81234  Mean: 0.682585
[cartographer_node-1] [0.581531, 0.604612)	                  ##	Count: 5 (11.6279%)	Total: 5 (11.6279%)
[cartographer_node-1] [0.604612, 0.627693)	                   #	Count: 3 (6.97674%)	Total: 8 (18.6047%)
[cartographer_node-1] [0.627693, 0.650773)	                 ###	Count: 6 (13.9535%)	Total: 14 (32.5581%)
[cartographer_node-1] [0.650773, 0.673854)	               #####	Count: 10 (23.2558%)	Total: 24 (55.814%)
[cartographer_node-1] [0.673854, 0.696935)	                  ##	Count: 4 (9.30233%)	Total: 28 (65.1163%)
[cartographer_node-1] [0.696935, 0.720016)	                  ##	Count: 5 (11.6279%)	Total: 33 (76.7442%)
[cartographer_node-1] [0.720016, 0.743097)	                   #	Count: 2 (4.65116%)	Total: 35 (81.3953%)
[cartographer_node-1] [0.743097, 0.766178)	                    	Count: 1 (2.32558%)	Total: 36 (83.7209%)
[cartographer_node-1] [0.766178, 0.789259)	                   #	Count: 2 (4.65116%)	Total: 38 (88.3721%)
[cartographer_node-1] [0.789259, 0.812340]	                  ##	Count: 5 (11.6279%)	Total: 43 (100%)
[cartographer_node-1] [INFO] [1778822262.486442577] [cartographer logger]: I0515 14:17:42.000000 59705 pose_graph_2d.cc:538] Remaining work items in queue: 0
[cartographer_node-1] [INFO] [1778822262.486489558] [cartographer logger]: I0515 14:17:42.000000 59705 constraint_builder_2d.cc:294] 0 computations resulted in 0 additional constraints.
[cartographer_node-1] [INFO] [1778822262.486950007] [cartographer logger]: I0515 14:17:42.000000 59705 constraint_builder_2d.cc:296] Score histogram:
[cartographer_node-1] Count: 43  Min: 0.581531  Max: 0.81234  Mean: 0.682585
[cartographer_node-1] [0.581531, 0.604612)	                  ##	Count: 5 (11.6279%)	Total: 5 (11.6279%)
[cartographer_node-1] [0.604612, 0.627693)	                   #	Count: 3 (6.97674%)	Total: 8 (18.6047%)
[cartographer_node-1] [0.627693, 0.650773)	                 ###	Count: 6 (13.9535%)	Total: 14 (32.5581%)
[cartographer_node-1] [0.650773, 0.673854)	               #####	Count: 10 (23.2558%)	Total: 24 (55.814%)
[cartographer_node-1] [0.673854, 0.696935)	                  ##	Count: 4 (9.30233%)	Total: 28 (65.1163%)
[cartographer_node-1] [0.696935, 0.720016)	                  ##	Count: 5 (11.6279%)	Total: 33 (76.7442%)
[cartographer_node-1] [0.720016, 0.743097)	                   #	Count: 2 (4.65116%)	Total: 35 (81.3953%)
[cartographer_node-1] [0.743097, 0.766178)	                    	Count: 1 (2.32558%)	Total: 36 (83.7209%)
[cartographer_node-1] [0.766178, 0.789259)	                   #	Count: 2 (4.65116%)	Total: 38 (88.3721%)
[cartographer_node-1] [0.789259, 0.812340]	                  ##	Count: 5 (11.6279%)	Total: 43 (100%)
[cartographer_node-1] [INFO] [1778822262.522701739] [cartographer logger]: I0515 14:17:42.000000 59705 pose_graph_2d.cc:538] Remaining work items in queue: 3
[cartographer_node-1] [INFO] [1778822262.575357565] [cartographer logger]: I0515 14:17:42.000000 59707 constraint_builder_2d.cc:294] 1 computations resulted in 0 additional constraints.
[cartographer_node-1] [INFO] [1778822262.575416284] [cartographer logger]: I0515 14:17:42.000000 59707 constraint_builder_2d.cc:296] Score histogram:
[cartographer_node-1] Count: 43  Min: 0.581531  Max: 0.81234  Mean: 0.682585
[cartographer_node-1] [0.581531, 0.604612)	                  ##	Count: 5 (11.6279%)	Total: 5 (11.6279%)
[cartographer_node-1] [0.604612, 0.627693)	                   #	Count: 3 (6.97674%)	Total: 8 (18.6047%)
[cartographer_node-1] [0.627693, 0.650773)	                 ###	Count: 6 (13.9535%)	Total: 14 (32.5581%)
[cartographer_node-1] [0.650773, 0.673854)	               #####	Count: 10 (23.2558%)	Total: 24 (55.814%)
[cartographer_node-1] [0.673854, 0.696935)	                  ##	Count: 4 (9.30233%)	Total: 28 (65.1163%)
[cartographer_node-1] [0.696935, 0.720016)	                  ##	Count: 5 (11.6279%)	Total: 33 (76.7442%)
[cartographer_node-1] [0.720016, 0.743097)	                   #	Count: 2 (4.65116%)	Total: 35 (81.3953%)
[cartographer_node-1] [0.743097, 0.766178)	                    	Count: 1 (2.32558%)	Total: 36 (83.7209%)
[cartographer_node-1] [0.766178, 0.789259)	                   #	Count: 2 (4.65116%)	Total: 38 (88.3721%)
[cartographer_node-1] [0.789259, 0.812340]	                  ##	Count: 5 (11.6279%)	Total: 43 (100%)
[cartographer_node-1] [INFO] [1778822262.598598126] [cartographer logger]: I0515 14:17:42.000000 59707 pose_graph_2d.cc:538] Remaining work items in queue: 2
[cartographer_node-1] [INFO] [1778822262.598659532] [cartographer logger]: I0515 14:17:42.000000 59707 constraint_builder_2d.cc:294] 0 computations resulted in 0 additional constraints.
[cartographer_node-1] [INFO] [1778822262.598971542] [cartographer logger]: I0515 14:17:42.000000 59707 constraint_builder_2d.cc:296] Score histogram:
[cartographer_node-1] Count: 43  Min: 0.581531  Max: 0.81234  Mean: 0.682585
[cartographer_node-1] [0.581531, 0.604612)	                  ##	Count: 5 (11.6279%)	Total: 5 (11.6279%)
[cartographer_node-1] [0.604612, 0.627693)	                   #	Count: 3 (6.97674%)	Total: 8 (18.6047%)
[cartographer_node-1] [0.627693, 0.650773)	                 ###	Count: 6 (13.9535%)	Total: 14 (32.5581%)
[cartographer_node-1] [0.650773, 0.673854)	               #####	Count: 10 (23.2558%)	Total: 24 (55.814%)
[cartographer_node-1] [0.673854, 0.696935)	                  ##	Count: 4 (9.30233%)	Total: 28 (65.1163%)
[cartographer_node-1] [0.696935, 0.720016)	                  ##	Count: 5 (11.6279%)	Total: 33 (76.7442%)
[cartographer_node-1] [0.720016, 0.743097)	                   #	Count: 2 (4.65116%)	Total: 35 (81.3953%)
[cartographer_node-1] [0.743097, 0.766178)	                    	Count: 1 (2.32558%)	Total: 36 (83.7209%)
[cartographer_node-1] [0.766178, 0.789259)	                   #	Count: 2 (4.65116%)	Total: 38 (88.3721%)
[cartographer_node-1] [0.789259, 0.812340]	                  ##	Count: 5 (11.6279%)	Total: 43 (100%)
[cartographer_node-1] [INFO] [1778822262.627569163] [cartographer logger]: I0515 14:17:42.000000 59704 pose_graph_2d.cc:538] Remaining work items in queue: 0
[cartographer_node-1] [INFO] [1778822262.627604216] [cartographer logger]: I0515 14:17:42.000000 59704 constraint_builder_2d.cc:294] 0 computations resulted in 0 additional constraints.
[cartographer_node-1] [INFO] [1778822262.628126922] [cartographer logger]: I0515 14:17:42.000000 59704 constraint_builder_2d.cc:296] Score histogram:
[cartographer_node-1] Count: 43  Min: 0.581531  Max: 0.81234  Mean: 0.682585
[cartographer_node-1] [0.581531, 0.604612)	                  ##	Count: 5 (11.6279%)	Total: 5 (11.6279%)
[cartographer_node-1] [0.604612, 0.627693)	                   #	Count: 3 (6.97674%)	Total: 8 (18.6047%)
[cartographer_node-1] [0.627693, 0.650773)	                 ###	Count: 6 (13.9535%)	Total: 14 (32.5581%)
[cartographer_node-1] [0.650773, 0.673854)	               #####	Count: 10 (23.2558%)	Total: 24 (55.814%)
[cartographer_node-1] [0.673854, 0.696935)	                  ##	Count: 4 (9.30233%)	Total: 28 (65.1163%)
[cartographer_node-1] [0.696935, 0.720016)	                  ##	Count: 5 (11.6279%)	Total: 33 (76.7442%)
[cartographer_node-1] [0.720016, 0.743097)	                   #	Count: 2 (4.65116%)	Total: 35 (81.3953%)
[cartographer_node-1] [0.743097, 0.766178)	                    	Count: 1 (2.32558%)	Total: 36 (83.7209%)
[cartographer_node-1] [0.766178, 0.789259)	                   #	Count: 2 (4.65116%)	Total: 38 (88.3721%)
[cartographer_node-1] [0.789259, 0.812340]	                  ##	Count: 5 (11.6279%)	Total: 43 (100%)
[cartographer_node-1] [INFO] [1778822262.728276833] [cartographer logger]: I0515 14:17:42.000000 59704 pose_graph_2d.cc:538] Remaining work items in queue: 0
[cartographer_node-1] [INFO] [1778822262.728339948] [cartographer logger]: I0515 14:17:42.000000 59704 constraint_builder_2d.cc:294] 0 computations resulted in 0 additional constraints.
[cartographer_node-1] [INFO] [1778822262.728903547] [cartographer logger]: I0515 14:17:42.000000 59704 constraint_builder_2d.cc:296] Score histogram:
[cartographer_node-1] Count: 43  Min: 0.581531  Max: 0.81234  Mean: 0.682585
[cartographer_node-1] [0.581531, 0.604612)	                  ##	Count: 5 (11.6279%)	Total: 5 (11.6279%)
[cartographer_node-1] [0.604612, 0.627693)	                   #	Count: 3 (6.97674%)	Total: 8 (18.6047%)
[cartographer_node-1] [0.627693, 0.650773)	                 ###	Count: 6 (13.9535%)	Total: 14 (32.5581%)
[cartographer_node-1] [0.650773, 0.673854)	               #####	Count: 10 (23.2558%)	Total: 24 (55.814%)
[cartographer_node-1] [0.673854, 0.696935)	                  ##	Count: 4 (9.30233%)	Total: 28 (65.1163%)
[cartographer_node-1] [0.696935, 0.720016)	                  ##	Count: 5 (11.6279%)	Total: 33 (76.7442%)
[cartographer_node-1] [0.720016, 0.743097)	                   #	Count: 2 (4.65116%)	Total: 35 (81.3953%)
[cartographer_node-1] [0.743097, 0.766178)	                    	Count: 1 (2.32558%)	Total: 36 (83.7209%)
[cartographer_node-1] [0.766178, 0.789259)	                   #	Count: 2 (4.65116%)	Total: 38 (88.3721%)
[cartographer_node-1] [0.789259, 0.812340]	                  ##	Count: 5 (11.6279%)	Total: 43 (100%)
[cartographer_node-1] [INFO] [1778822262.808811652] [cartographer logger]: I0515 14:17:42.000000 59706 pose_graph_2d.cc:538] Remaining work items in queue: 0
[cartographer_node-1] [INFO] [1778822262.808868478] [cartographer logger]: I0515 14:17:42.000000 59706 constraint_builder_2d.cc:294] 0 computations resulted in 0 additional constraints.
[cartographer_node-1] [INFO] [1778822262.809279826] [cartographer logger]: I0515 14:17:42.000000 59706 constraint_builder_2d.cc:296] Score histogram:
[cartographer_node-1] Count: 43  Min: 0.581531  Max: 0.81234  Mean: 0.682585
[cartographer_node-1] [0.581531, 0.604612)	                  ##	Count: 5 (11.6279%)	Total: 5 (11.6279%)
[cartographer_node-1] [0.604612, 0.627693)	                   #	Count: 3 (6.97674%)	Total: 8 (18.6047%)
[cartographer_node-1] [0.627693, 0.650773)	                 ###	Count: 6 (13.9535%)	Total: 14 (32.5581%)
[cartographer_node-1] [0.650773, 0.673854)	               #####	Count: 10 (23.2558%)	Total: 24 (55.814%)
[cartographer_node-1] [0.673854, 0.696935)	                  ##	Count: 4 (9.30233%)	Total: 28 (65.1163%)
[cartographer_node-1] [0.696935, 0.720016)	                  ##	Count: 5 (11.6279%)	Total: 33 (76.7442%)
[cartographer_node-1] [0.720016, 0.743097)	                   #	Count: 2 (4.65116%)	Total: 35 (81.3953%)
[cartographer_node-1] [0.743097, 0.766178)	                    	Count: 1 (2.32558%)	Total: 36 (83.7209%)
[cartographer_node-1] [0.766178, 0.789259)	                   #	Count: 2 (4.65116%)	Total: 38 (88.3721%)
[cartographer_node-1] [0.789259, 0.812340]	                  ##	Count: 5 (11.6279%)	Total: 43 (100%)
[cartographer_node-1] [INFO] [1778822262.879874311] [cartographer logger]: I0515 14:17:42.000000 59706 pose_graph_2d.cc:538] Remaining work items in queue: 0
[cartographer_node-1] [INFO] [1778822262.879955384] [cartographer logger]: I0515 14:17:42.000000 59706 constraint_builder_2d.cc:294] 0 computations resulted in 0 additional constraints.
[cartographer_node-1] [INFO] [1778822262.880389607] [cartographer logger]: I0515 14:17:42.000000 59706 constraint_builder_2d.cc:296] Score histogram:
[cartographer_node-1] Count: 43  Min: 0.581531  Max: 0.81234  Mean: 0.682585
[cartographer_node-1] [0.581531, 0.604612)	                  ##	Count: 5 (11.6279%)	Total: 5 (11.6279%)
[cartographer_node-1] [0.604612, 0.627693)	                   #	Count: 3 (6.97674%)	Total: 8 (18.6047%)
[cartographer_node-1] [0.627693, 0.650773)	                 ###	Count: 6 (13.9535%)	Total: 14 (32.5581%)
[cartographer_node-1] [0.650773, 0.673854)	               #####	Count: 10 (23.2558%)	Total: 24 (55.814%)
[cartographer_node-1] [0.673854, 0.696935)	                  ##	Count: 4 (9.30233%)	Total: 28 (65.1163%)
[cartographer_node-1] [0.696935, 0.720016)	                  ##	Count: 5 (11.6279%)	Total: 33 (76.7442%)
[cartographer_node-1] [0.720016, 0.743097)	                   #	Count: 2 (4.65116%)	Total: 35 (81.3953%)
[cartographer_node-1] [0.743097, 0.766178)	                    	Count: 1 (2.32558%)	Total: 36 (83.7209%)
[cartographer_node-1] [0.766178, 0.789259)	                   #	Count: 2 (4.65116%)	Total: 38 (88.3721%)
[cartographer_node-1] [0.789259, 0.812340]	                  ##	Count: 5 (11.6279%)	Total: 43 (100%)
[cartographer_node-1] [INFO] [1778822262.978033526] [cartographer logger]: I0515 14:17:42.000000 59707 pose_graph_2d.cc:538] Remaining work items in queue: 0
[cartographer_node-1] [INFO] [1778822262.978088867] [cartographer logger]: I0515 14:17:42.000000 59707 constraint_builder_2d.cc:294] 0 computations resulted in 0 additional constraints.
[cartographer_node-1] [INFO] [1778822262.978679440] [cartographer logger]: I0515 14:17:42.000000 59707 constraint_builder_2d.cc:296] Score histogram:
[cartographer_node-1] Count: 43  Min: 0.581531  Max: 0.81234  Mean: 0.682585
[cartographer_node-1] [0.581531, 0.604612)	                  ##	Count: 5 (11.6279%)	Total: 5 (11.6279%)
[cartographer_node-1] [0.604612, 0.627693)	                   #	Count: 3 (6.97674%)	Total: 8 (18.6047%)
[cartographer_node-1] [0.627693, 0.650773)	                 ###	Count: 6 (13.9535%)	Total: 14 (32.5581%)
[cartographer_node-1] [0.650773, 0.673854)	               #####	Count: 10 (23.2558%)	Total: 24 (55.814%)
[cartographer_node-1] [0.673854, 0.696935)	                  ##	Count: 4 (9.30233%)	Total: 28 (65.1163%)
[cartographer_node-1] [0.696935, 0.720016)	                  ##	Count: 5 (11.6279%)	Total: 33 (76.7442%)
[cartographer_node-1] [0.720016, 0.743097)	                   #	Count: 2 (4.65116%)	Total: 35 (81.3953%)
[cartographer_node-1] [0.743097, 0.766178)	                    	Count: 1 (2.32558%)	Total: 36 (83.7209%)
[cartographer_node-1] [0.766178, 0.789259)	                   #	Count: 2 (4.65116%)	Total: 38 (88.3721%)
[cartographer_node-1] [0.789259, 0.812340]	                  ##	Count: 5 (11.6279%)	Total: 43 (100%)
[cartographer_node-1] [INFO] [1778822263.054498961] [cartographer logger]: I0515 14:17:43.000000 59705 pose_graph_2d.cc:538] Remaining work items in queue: 0
[cartographer_node-1] [INFO] [1778822263.116941653] [cartographer logger]: I0515 14:17:43.000000 59707 constraint_builder_2d.cc:279] Node (0, 290) with 203 points on submap (1, 5) matches with score 73.1%.
[cartographer_node-1] [INFO] [1778822263.119800907] [cartographer logger]: I0515 14:17:43.000000 59707 constraint_builder_2d.cc:279] Node (1, 270) with 202 points on submap (1, 5) differs by translation 0.37 rotation 0.033 with score 76.7%.
[cartographer_node-1] [INFO] [1778822263.123146766] [cartographer logger]: I0515 14:17:43.000000 59678 pose_graph_2d.cc:148] Inserted submap (1, 7).
[cartographer_node-1] [INFO] [1778822263.124554991] [cartographer logger]: I0515 14:17:43.000000 59704 constraint_builder_2d.cc:279] Node (0, 90) with 202 points on submap (1, 5) matches with score 74.3%.
[cartographer_node-1] [INFO] [1778822263.190072155] [cartographer logger]: I0515 14:17:43.000000 59706 constraint_builder_2d.cc:279] Node (0, 890) with 201 points on submap (1, 5) matches with score 73.4%.
[cartographer_node-1] [INFO] [1778822263.199669163] [cartographer logger]: I0515 14:17:43.000000 59705 constraint_builder_2d.cc:279] Node (0, 690) with 206 points on submap (1, 5) matches with score 74.3%.
[cartographer_node-1] [INFO] [1778822263.237554488] [cartographer logger]: I0515 14:17:43.000000 59707 constraint_builder_2d.cc:279] Node (0, 490) with 215 points on submap (1, 5) matches with score 58.2%.
[cartographer_node-1] [INFO] [1778822263.237589011] [cartographer logger]: I0515 14:17:43.000000 59707 constraint_builder_2d.cc:294] 9 computations resulted in 6 additional constraints.
[cartographer_node-1] [INFO] [1778822263.237613521] [cartographer logger]: I0515 14:17:43.000000 59707 constraint_builder_2d.cc:296] Score histogram:
[cartographer_node-1] Count: 49  Min: 0.581531  Max: 0.81234  Mean: 0.686745
[cartographer_node-1] [0.581531, 0.604612)	                  ##	Count: 6 (12.2449%)	Total: 6 (12.2449%)
[cartographer_node-1] [0.604612, 0.627693)	                   #	Count: 3 (6.12245%)	Total: 9 (18.3673%)
[cartographer_node-1] [0.627693, 0.650773)	                  ##	Count: 6 (12.2449%)	Total: 15 (30.6122%)
[cartographer_node-1] [0.650773, 0.673854)	                ####	Count: 10 (20.4082%)	Total: 25 (51.0204%)
[cartographer_node-1] [0.673854, 0.696935)	                  ##	Count: 4 (8.16327%)	Total: 29 (59.1837%)
[cartographer_node-1] [0.696935, 0.720016)	                  ##	Count: 5 (10.2041%)	Total: 34 (69.3878%)
[cartographer_node-1] [0.720016, 0.743097)	                  ##	Count: 5 (10.2041%)	Total: 39 (79.5918%)
[cartographer_node-1] [0.743097, 0.766178)	                   #	Count: 2 (4.08163%)	Total: 41 (83.6735%)
[cartographer_node-1] [0.766178, 0.789259)	                   #	Count: 3 (6.12245%)	Total: 44 (89.7959%)
[cartographer_node-1] [0.789259, 0.812340]	                  ##	Count: 5 (10.2041%)	Total: 49 (100%)
[cartographer_node-1] [INFO] [1778822263.280428173] [cartographer logger]: I0515 14:17:43.000000 59707 pose_graph_2d.cc:538] Remaining work items in queue: 18
[cartographer_node-1] [INFO] [1778822263.280461291] [cartographer logger]: I0515 14:17:43.000000 59707 constraint_builder_2d.cc:294] 0 computations resulted in 0 additional constraints.
[cartographer_node-1] [INFO] [1778822263.280555935] [cartographer logger]: I0515 14:17:43.000000 59707 constraint_builder_2d.cc:296] Score histogram:
[cartographer_node-1] Count: 49  Min: 0.581531  Max: 0.81234  Mean: 0.686745
[cartographer_node-1] [0.581531, 0.604612)	                  ##	Count: 6 (12.2449%)	Total: 6 (12.2449%)
[cartographer_node-1] [0.604612, 0.627693)	                   #	Count: 3 (6.12245%)	Total: 9 (18.3673%)
[cartographer_node-1] [0.627693, 0.650773)	                  ##	Count: 6 (12.2449%)	Total: 15 (30.6122%)
[cartographer_node-1] [0.650773, 0.673854)	                ####	Count: 10 (20.4082%)	Total: 25 (51.0204%)
[cartographer_node-1] [0.673854, 0.696935)	                  ##	Count: 4 (8.16327%)	Total: 29 (59.1837%)
[cartographer_node-1] [0.696935, 0.720016)	                  ##	Count: 5 (10.2041%)	Total: 34 (69.3878%)
[cartographer_node-1] [0.720016, 0.743097)	                  ##	Count: 5 (10.2041%)	Total: 39 (79.5918%)
[cartographer_node-1] [0.743097, 0.766178)	                   #	Count: 2 (4.08163%)	Total: 41 (83.6735%)
[cartographer_node-1] [0.766178, 0.789259)	                   #	Count: 3 (6.12245%)	Total: 44 (89.7959%)
[cartographer_node-1] [0.789259, 0.812340]	                  ##	Count: 5 (10.2041%)	Total: 49 (100%)
[cartographer_node-1] [INFO] [1778822263.309819580] [cartographer logger]: I0515 14:17:43.000000 59707 pose_graph_2d.cc:538] Remaining work items in queue: 11
[cartographer_node-1] [INFO] [1778822263.309856532] [cartographer logger]: I0515 14:17:43.000000 59707 constraint_builder_2d.cc:294] 0 computations resulted in 0 additional constraints.
[cartographer_node-1] [INFO] [1778822263.309921801] [cartographer logger]: I0515 14:17:43.000000 59707 constraint_builder_2d.cc:296] Score histogram:
[cartographer_node-1] Count: 49  Min: 0.581531  Max: 0.81234  Mean: 0.686745
[cartographer_node-1] [0.581531, 0.604612)	                  ##	Count: 6 (12.2449%)	Total: 6 (12.2449%)
[cartographer_node-1] [0.604612, 0.627693)	                   #	Count: 3 (6.12245%)	Total: 9 (18.3673%)
[cartographer_node-1] [0.627693, 0.650773)	                  ##	Count: 6 (12.2449%)	Total: 15 (30.6122%)
[cartographer_node-1] [0.650773, 0.673854)	                ####	Count: 10 (20.4082%)	Total: 25 (51.0204%)
[cartographer_node-1] [0.673854, 0.696935)	                  ##	Count: 4 (8.16327%)	Total: 29 (59.1837%)
[cartographer_node-1] [0.696935, 0.720016)	                  ##	Count: 5 (10.2041%)	Total: 34 (69.3878%)
[cartographer_node-1] [0.720016, 0.743097)	                  ##	Count: 5 (10.2041%)	Total: 39 (79.5918%)
[cartographer_node-1] [0.743097, 0.766178)	                   #	Count: 2 (4.08163%)	Total: 41 (83.6735%)
[cartographer_node-1] [0.766178, 0.789259)	                   #	Count: 3 (6.12245%)	Total: 44 (89.7959%)
[cartographer_node-1] [0.789259, 0.812340]	                  ##	Count: 5 (10.2041%)	Total: 49 (100%)
[cartographer_node-1] [INFO] [1778822263.352682688] [cartographer logger]: I0515 14:17:43.000000 59707 pose_graph_2d.cc:538] Remaining work items in queue: 10
[cartographer_node-1] [INFO] [1778822263.352732053] [cartographer logger]: I0515 14:17:43.000000 59707 constraint_builder_2d.cc:294] 0 computations resulted in 0 additional constraints.
[cartographer_node-1] [INFO] [1778822263.352829287] [cartographer logger]: I0515 14:17:43.000000 59707 constraint_builder_2d.cc:296] Score histogram:
[cartographer_node-1] Count: 49  Min: 0.581531  Max: 0.81234  Mean: 0.686745
[cartographer_node-1] [0.581531, 0.604612)	                  ##	Count: 6 (12.2449%)	Total: 6 (12.2449%)
[cartographer_node-1] [0.604612, 0.627693)	                   #	Count: 3 (6.12245%)	Total: 9 (18.3673%)
[cartographer_node-1] [0.627693, 0.650773)	                  ##	Count: 6 (12.2449%)	Total: 15 (30.6122%)
[cartographer_node-1] [0.650773, 0.673854)	                ####	Count: 10 (20.4082%)	Total: 25 (51.0204%)
[cartographer_node-1] [0.673854, 0.696935)	                  ##	Count: 4 (8.16327%)	Total: 29 (59.1837%)
[cartographer_node-1] [0.696935, 0.720016)	                  ##	Count: 5 (10.2041%)	Total: 34 (69.3878%)
[cartographer_node-1] [0.720016, 0.743097)	                  ##	Count: 5 (10.2041%)	Total: 39 (79.5918%)
[cartographer_node-1] [0.743097, 0.766178)	                   #	Count: 2 (4.08163%)	Total: 41 (83.6735%)
[cartographer_node-1] [0.766178, 0.789259)	                   #	Count: 3 (6.12245%)	Total: 44 (89.7959%)
[cartographer_node-1] [0.789259, 0.812340]	                  ##	Count: 5 (10.2041%)	Total: 49 (100%)
[cartographer_node-1] [INFO] [1778822263.374265583] [cartographer logger]: I0515 14:17:43.000000 59707 pose_graph_2d.cc:538] Remaining work items in queue: 5
[cartographer_node-1] [INFO] [1778822263.374297547] [cartographer logger]: I0515 14:17:43.000000 59707 constraint_builder_2d.cc:294] 0 computations resulted in 0 additional constraints.
[cartographer_node-1] [INFO] [1778822263.374620792] [cartographer logger]: I0515 14:17:43.000000 59707 constraint_builder_2d.cc:296] Score histogram:
[cartographer_node-1] Count: 49  Min: 0.581531  Max: 0.81234  Mean: 0.686745
[cartographer_node-1] [0.581531, 0.604612)	                  ##	Count: 6 (12.2449%)	Total: 6 (12.2449%)
[cartographer_node-1] [0.604612, 0.627693)	                   #	Count: 3 (6.12245%)	Total: 9 (18.3673%)
[cartographer_node-1] [0.627693, 0.650773)	                  ##	Count: 6 (12.2449%)	Total: 15 (30.6122%)
[cartographer_node-1] [0.650773, 0.673854)	                ####	Count: 10 (20.4082%)	Total: 25 (51.0204%)
[cartographer_node-1] [0.673854, 0.696935)	                  ##	Count: 4 (8.16327%)	Total: 29 (59.1837%)
[cartographer_node-1] [0.696935, 0.720016)	                  ##	Count: 5 (10.2041%)	Total: 34 (69.3878%)
[cartographer_node-1] [0.720016, 0.743097)	                  ##	Count: 5 (10.2041%)	Total: 39 (79.5918%)
[cartographer_node-1] [0.743097, 0.766178)	                   #	Count: 2 (4.08163%)	Total: 41 (83.6735%)
[cartographer_node-1] [0.766178, 0.789259)	                   #	Count: 3 (6.12245%)	Total: 44 (89.7959%)
[cartographer_node-1] [0.789259, 0.812340]	                  ##	Count: 5 (10.2041%)	Total: 49 (100%)
[cartographer_node-1] [INFO] [1778822263.396391250] [cartographer logger]: I0515 14:17:43.000000 59707 pose_graph_2d.cc:538] Remaining work items in queue: 1
[cartographer_node-1] [INFO] [1778822263.396449451] [cartographer logger]: I0515 14:17:43.000000 59707 constraint_builder_2d.cc:294] 0 computations resulted in 0 additional constraints.
[cartographer_node-1] [INFO] [1778822263.396755308] [cartographer logger]: I0515 14:17:43.000000 59707 constraint_builder_2d.cc:296] Score histogram:
[cartographer_node-1] Count: 49  Min: 0.581531  Max: 0.81234  Mean: 0.686745
[cartographer_node-1] [0.581531, 0.604612)	                  ##	Count: 6 (12.2449%)	Total: 6 (12.2449%)
[cartographer_node-1] [0.604612, 0.627693)	                   #	Count: 3 (6.12245%)	Total: 9 (18.3673%)
[cartographer_node-1] [0.627693, 0.650773)	                  ##	Count: 6 (12.2449%)	Total: 15 (30.6122%)
[cartographer_node-1] [0.650773, 0.673854)	                ####	Count: 10 (20.4082%)	Total: 25 (51.0204%)
[cartographer_node-1] [0.673854, 0.696935)	                  ##	Count: 4 (8.16327%)	Total: 29 (59.1837%)
[cartographer_node-1] [0.696935, 0.720016)	                  ##	Count: 5 (10.2041%)	Total: 34 (69.3878%)
[cartographer_node-1] [0.720016, 0.743097)	                  ##	Count: 5 (10.2041%)	Total: 39 (79.5918%)
[cartographer_node-1] [0.743097, 0.766178)	                   #	Count: 2 (4.08163%)	Total: 41 (83.6735%)
[cartographer_node-1] [0.766178, 0.789259)	                   #	Count: 3 (6.12245%)	Total: 44 (89.7959%)
[cartographer_node-1] [0.789259, 0.812340]	                  ##	Count: 5 (10.2041%)	Total: 49 (100%)
[cartographer_node-1] [INFO] [1778822263.424238946] [cartographer logger]: I0515 14:17:43.000000 59704 pose_graph_2d.cc:538] Remaining work items in queue: 1
[cartographer_node-1] [INFO] [1778822263.424295236] [cartographer logger]: I0515 14:17:43.000000 59704 constraint_builder_2d.cc:294] 0 computations resulted in 0 additional constraints.
[cartographer_node-1] [INFO] [1778822263.424341399] [cartographer logger]: I0515 14:17:43.000000 59704 constraint_builder_2d.cc:296] Score histogram:
[cartographer_node-1] Count: 49  Min: 0.581531  Max: 0.81234  Mean: 0.686745
[cartographer_node-1] [0.581531, 0.604612)	                  ##	Count: 6 (12.2449%)	Total: 6 (12.2449%)
[cartographer_node-1] [0.604612, 0.627693)	                   #	Count: 3 (6.12245%)	Total: 9 (18.3673%)
[cartographer_node-1] [0.627693, 0.650773)	                  ##	Count: 6 (12.2449%)	Total: 15 (30.6122%)
[cartographer_node-1] [0.650773, 0.673854)	                ####	Count: 10 (20.4082%)	Total: 25 (51.0204%)
[cartographer_node-1] [0.673854, 0.696935)	                  ##	Count: 4 (8.16327%)	Total: 29 (59.1837%)
[cartographer_node-1] [0.696935, 0.720016)	                  ##	Count: 5 (10.2041%)	Total: 34 (69.3878%)
[cartographer_node-1] [0.720016, 0.743097)	                  ##	Count: 5 (10.2041%)	Total: 39 (79.5918%)
[cartographer_node-1] [0.743097, 0.766178)	                   #	Count: 2 (4.08163%)	Total: 41 (83.6735%)
[cartographer_node-1] [0.766178, 0.789259)	                   #	Count: 3 (6.12245%)	Total: 44 (89.7959%)
[cartographer_node-1] [0.789259, 0.812340]	                  ##	Count: 5 (10.2041%)	Total: 49 (100%)
[cartographer_node-1] [INFO] [1778822263.473333538] [cartographer logger]: I0515 14:17:43.000000 59706 pose_graph_2d.cc:538] Remaining work items in queue: 0
[cartographer_node-1] [INFO] [1778822263.515792061] [cartographer logger]: I0515 14:17:43.000000 59705 constraint_builder_2d.cc:279] Node (1, 642) with 204 points on submap (0, 12) matches with score 71.1%.
[cartographer_node-1] [INFO] [1778822263.515832844] [cartographer logger]: I0515 14:17:43.000000 59705 constraint_builder_2d.cc:294] 1 computations resulted in 1 additional constraints.
[cartographer_node-1] [INFO] [1778822263.515864885] [cartographer logger]: I0515 14:17:43.000000 59705 constraint_builder_2d.cc:296] Score histogram:
[cartographer_node-1] Count: 50  Min: 0.581531  Max: 0.81234  Mean: 0.687227
[cartographer_node-1] [0.581531, 0.604612)	                  ##	Count: 6 (12%)	Total: 6 (12%)
[cartographer_node-1] [0.604612, 0.627693)	                   #	Count: 3 (6%)	Total: 9 (18%)
[cartographer_node-1] [0.627693, 0.650773)	                  ##	Count: 6 (12%)	Total: 15 (30%)
[cartographer_node-1] [0.650773, 0.673854)	                ####	Count: 10 (20%)	Total: 25 (50%)
[cartographer_node-1] [0.673854, 0.696935)	                  ##	Count: 4 (8%)	Total: 29 (58%)
[cartographer_node-1] [0.696935, 0.720016)	                  ##	Count: 6 (12%)	Total: 35 (70%)
[cartographer_node-1] [0.720016, 0.743097)	                  ##	Count: 5 (10%)	Total: 40 (80%)
[cartographer_node-1] [0.743097, 0.766178)	                   #	Count: 2 (4%)	Total: 42 (84%)
[cartographer_node-1] [0.766178, 0.789259)	                   #	Count: 3 (6%)	Total: 45 (90%)
[cartographer_node-1] [0.789259, 0.812340]	                  ##	Count: 5 (10%)	Total: 50 (100%)
[cartographer_node-1] [INFO] [1778822263.562128914] [cartographer logger]: I0515 14:17:43.000000 59705 pose_graph_2d.cc:538] Remaining work items in queue: 8
[cartographer_node-1] [INFO] [1778822263.562153293] [cartographer logger]: I0515 14:17:43.000000 59705 constraint_builder_2d.cc:294] 0 computations resulted in 0 additional constraints.
[cartographer_node-1] [INFO] [1778822263.562401363] [cartographer logger]: I0515 14:17:43.000000 59705 constraint_builder_2d.cc:296] Score histogram:
[cartographer_node-1] Count: 50  Min: 0.581531  Max: 0.81234  Mean: 0.687227
[cartographer_node-1] [0.581531, 0.604612)	                  ##	Count: 6 (12%)	Total: 6 (12%)
[cartographer_node-1] [0.604612, 0.627693)	                   #	Count: 3 (6%)	Total: 9 (18%)
[cartographer_node-1] [0.627693, 0.650773)	                  ##	Count: 6 (12%)	Total: 15 (30%)
[cartographer_node-1] [0.650773, 0.673854)	                ####	Count: 10 (20%)	Total: 25 (50%)
[cartographer_node-1] [0.673854, 0.696935)	                  ##	Count: 4 (8%)	Total: 29 (58%)
[cartographer_node-1] [0.696935, 0.720016)	                  ##	Count: 6 (12%)	Total: 35 (70%)
[cartographer_node-1] [0.720016, 0.743097)	                  ##	Count: 5 (10%)	Total: 40 (80%)
[cartographer_node-1] [0.743097, 0.766178)	                   #	Count: 2 (4%)	Total: 42 (84%)
[cartographer_node-1] [0.766178, 0.789259)	                   #	Count: 3 (6%)	Total: 45 (90%)
[cartographer_node-1] [0.789259, 0.812340]	                  ##	Count: 5 (10%)	Total: 50 (100%)
[cartographer_node-1] [INFO] [1778822263.583869658] [cartographer logger]: I0515 14:17:43.000000 59705 pose_graph_2d.cc:538] Remaining work items in queue: 4
[cartographer_node-1] [INFO] [1778822263.583931032] [cartographer logger]: I0515 14:17:43.000000 59705 constraint_builder_2d.cc:294] 0 computations resulted in 0 additional constraints.
[cartographer_node-1] [INFO] [1778822263.584279664] [cartographer logger]: I0515 14:17:43.000000 59705 constraint_builder_2d.cc:296] Score histogram:
[cartographer_node-1] Count: 50  Min: 0.581531  Max: 0.81234  Mean: 0.687227
[cartographer_node-1] [0.581531, 0.604612)	                  ##	Count: 6 (12%)	Total: 6 (12%)
[cartographer_node-1] [0.604612, 0.627693)	                   #	Count: 3 (6%)	Total: 9 (18%)
[cartographer_node-1] [0.627693, 0.650773)	                  ##	Count: 6 (12%)	Total: 15 (30%)
[cartographer_node-1] [0.650773, 0.673854)	                ####	Count: 10 (20%)	Total: 25 (50%)
[cartographer_node-1] [0.673854, 0.696935)	                  ##	Count: 4 (8%)	Total: 29 (58%)
[cartographer_node-1] [0.696935, 0.720016)	                  ##	Count: 6 (12%)	Total: 35 (70%)
[cartographer_node-1] [0.720016, 0.743097)	                  ##	Count: 5 (10%)	Total: 40 (80%)
[cartographer_node-1] [0.743097, 0.766178)	                   #	Count: 2 (4%)	Total: 42 (84%)
[cartographer_node-1] [0.766178, 0.789259)	                   #	Count: 3 (6%)	Total: 45 (90%)
[cartographer_node-1] [0.789259, 0.812340]	                  ##	Count: 5 (10%)	Total: 50 (100%)
[cartographer_node-1] [INFO] [1778822263.625499238] [cartographer logger]: I0515 14:17:43.000000 59704 pose_graph_2d.cc:538] Remaining work items in queue: 0
[cartographer_node-1] [INFO] [1778822263.625545737] [cartographer logger]: I0515 14:17:43.000000 59704 constraint_builder_2d.cc:294] 0 computations resulted in 0 additional constraints.
[cartographer_node-1] [INFO] [1778822263.626019786] [cartographer logger]: I0515 14:17:43.000000 59704 constraint_builder_2d.cc:296] Score histogram:
[cartographer_node-1] Count: 50  Min: 0.581531  Max: 0.81234  Mean: 0.687227
[cartographer_node-1] [0.581531, 0.604612)	                  ##	Count: 6 (12%)	Total: 6 (12%)
[cartographer_node-1] [0.604612, 0.627693)	                   #	Count: 3 (6%)	Total: 9 (18%)
[cartographer_node-1] [0.627693, 0.650773)	                  ##	Count: 6 (12%)	Total: 15 (30%)
[cartographer_node-1] [0.650773, 0.673854)	                ####	Count: 10 (20%)	Total: 25 (50%)
[cartographer_node-1] [0.673854, 0.696935)	                  ##	Count: 4 (8%)	Total: 29 (58%)
[cartographer_node-1] [0.696935, 0.720016)	                  ##	Count: 6 (12%)	Total: 35 (70%)
[cartographer_node-1] [0.720016, 0.743097)	                  ##	Count: 5 (10%)	Total: 40 (80%)
[cartographer_node-1] [0.743097, 0.766178)	                   #	Count: 2 (4%)	Total: 42 (84%)
[cartographer_node-1] [0.766178, 0.789259)	                   #	Count: 3 (6%)	Total: 45 (90%)
[cartographer_node-1] [0.789259, 0.812340]	                  ##	Count: 5 (10%)	Total: 50 (100%)
[cartographer_node-1] [INFO] [1778822263.837460715] [rclcpp]: signal_handler(SIGINT/SIGTERM)
[cartographer_node-1] [WARN] [1778822263.841215117] [cartographer logger]: W0515 14:17:43.000000 59678 tf_bridge.cpp:53] Lookup would require extrapolation into the future.  Requested time 1773391612.473904 but the latest data is at time 1773391612.454062, when looking up transform from frame [laser] to frame [imu]
[cartographer_node-1] [INFO] [1778822263.841544897] [cartographer logger]: I0515 14:17:43.000000 59678 node.cpp:583] Shutdown the subscriber of [scan]
[cartographer_node-1] [INFO] [1778822263.841699579] [cartographer logger]: I0515 14:17:43.000000 59678 node.cpp:583] Shutdown the subscriber of [imu]
[cartographer_node-1] [INFO] [1778822263.841847953] [cartographer logger]: I0515 14:17:43.000000 59678 node.cpp:583] Shutdown the subscriber of [odom_wheel]
[cartographer_node-1] [INFO] [1778822263.841860377] [cartographer logger]: I0515 14:17:43.000000 59678 map_builder_bridge.cpp:156] Finishing trajectory with ID '1'...
[cartographer_node-1] [INFO] [1778822263.845974036] [cartographer logger]: I0515 14:17:43.000000 59706 pose_graph_2d.cc:538] Remaining work items in queue: 0
[cartographer_node-1] [INFO] [1778822263.846004758] [cartographer logger]: I0515 14:17:43.000000 59706 constraint_builder_2d.cc:294] 0 computations resulted in 0 additional constraints.
[cartographer_node-1] [INFO] [1778822263.846045090] [cartographer logger]: I0515 14:17:43.000000 59706 constraint_builder_2d.cc:296] Score histogram:
[cartographer_node-1] Count: 50  Min: 0.581531  Max: 0.81234  Mean: 0.687227
[cartographer_node-1] [0.581531, 0.604612)	                  ##	Count: 6 (12%)	Total: 6 (12%)
[cartographer_node-1] [0.604612, 0.627693)	                   #	Count: 3 (6%)	Total: 9 (18%)
[cartographer_node-1] [0.627693, 0.650773)	                  ##	Count: 6 (12%)	Total: 15 (30%)
[cartographer_node-1] [0.650773, 0.673854)	                ####	Count: 10 (20%)	Total: 25 (50%)
[cartographer_node-1] [0.673854, 0.696935)	                  ##	Count: 4 (8%)	Total: 29 (58%)
[cartographer_node-1] [0.696935, 0.720016)	                  ##	Count: 6 (12%)	Total: 35 (70%)
[cartographer_node-1] [0.720016, 0.743097)	                  ##	Count: 5 (10%)	Total: 40 (80%)
[cartographer_node-1] [0.743097, 0.766178)	                   #	Count: 2 (4%)	Total: 42 (84%)
[cartographer_node-1] [0.766178, 0.789259)	                   #	Count: 3 (6%)	Total: 45 (90%)
[cartographer_node-1] [0.789259, 0.812340]	                  ##	Count: 5 (10%)	Total: 50 (100%)
[cartographer_node-1] [WARN] [1778822263.851519226] [cartographer logger]: W0515 14:17:43.000000 59678 node.cpp:787] Can't run final optimization if there are one or more active trajectories. Trying to finish trajectory with ID 1 now.
[cartographer_node-1] [INFO] [1778822263.851549544] [cartographer logger]: I0515 14:17:43.000000 59678 node.cpp:565] Trajectory 1 already pending to finish.
[cartographer_node-1] [INFO] [1778822263.851566055] [cartographer logger]: I0515 14:17:43.000000 59678 map_builder_bridge.cpp:165] Running final trajectory optimization...
[cartographer_node-1] [INFO] [1778822263.870456208] [cartographer logger]: I0515 14:17:43.000000 59706 pose_graph_2d.cc:538] Remaining work items in queue: 2
[cartographer_node-1] [INFO] [1778822263.870487526] [cartographer logger]: I0515 14:17:43.000000 59706 constraint_builder_2d.cc:294] 0 computations resulted in 0 additional constraints.
[cartographer_node-1] [INFO] [1778822263.870825746] [cartographer logger]: I0515 14:17:43.000000 59706 constraint_builder_2d.cc:296] Score histogram:
[cartographer_node-1] Count: 50  Min: 0.581531  Max: 0.81234  Mean: 0.687227
[cartographer_node-1] [0.581531, 0.604612)	                  ##	Count: 6 (12%)	Total: 6 (12%)
[cartographer_node-1] [0.604612, 0.627693)	                   #	Count: 3 (6%)	Total: 9 (18%)
[cartographer_node-1] [0.627693, 0.650773)	                  ##	Count: 6 (12%)	Total: 15 (30%)
[cartographer_node-1] [0.650773, 0.673854)	                ####	Count: 10 (20%)	Total: 25 (50%)
[cartographer_node-1] [0.673854, 0.696935)	                  ##	Count: 4 (8%)	Total: 29 (58%)
[cartographer_node-1] [0.696935, 0.720016)	                  ##	Count: 6 (12%)	Total: 35 (70%)
[cartographer_node-1] [0.720016, 0.743097)	                  ##	Count: 5 (10%)	Total: 40 (80%)
[cartographer_node-1] [0.743097, 0.766178)	                   #	Count: 2 (4%)	Total: 42 (84%)
[cartographer_node-1] [0.766178, 0.789259)	                   #	Count: 3 (6%)	Total: 45 (90%)
[cartographer_node-1] [0.789259, 0.812340]	                  ##	Count: 5 (10%)	Total: 50 (100%)
[cartographer_node-1] [INFO] [1778822263.897135526] [cartographer logger]: I0515 14:17:43.000000 59706 pose_graph_2d.cc:538] Remaining work items in queue: 1
[cartographer_node-1] [INFO] [1778822263.897164765] [cartographer logger]: I0515 14:17:43.000000 59706 constraint_builder_2d.cc:294] 0 computations resulted in 0 additional constraints.
[cartographer_node-1] [INFO] [1778822263.897217276] [cartographer logger]: I0515 14:17:43.000000 59706 constraint_builder_2d.cc:296] Score histogram:
[cartographer_node-1] Count: 50  Min: 0.581531  Max: 0.81234  Mean: 0.687227
[cartographer_node-1] [0.581531, 0.604612)	                  ##	Count: 6 (12%)	Total: 6 (12%)
[cartographer_node-1] [0.604612, 0.627693)	                   #	Count: 3 (6%)	Total: 9 (18%)
[cartographer_node-1] [0.627693, 0.650773)	                  ##	Count: 6 (12%)	Total: 15 (30%)
[cartographer_node-1] [0.650773, 0.673854)	                ####	Count: 10 (20%)	Total: 25 (50%)
[cartographer_node-1] [0.673854, 0.696935)	                  ##	Count: 4 (8%)	Total: 29 (58%)
[cartographer_node-1] [0.696935, 0.720016)	                  ##	Count: 6 (12%)	Total: 35 (70%)
[cartographer_node-1] [0.720016, 0.743097)	                  ##	Count: 5 (10%)	Total: 40 (80%)
[cartographer_node-1] [0.743097, 0.766178)	                   #	Count: 2 (4%)	Total: 42 (84%)
[cartographer_node-1] [0.766178, 0.789259)	                   #	Count: 3 (6%)	Total: 45 (90%)
[cartographer_node-1] [0.789259, 0.812340]	                  ##	Count: 5 (10%)	Total: 50 (100%)
[cartographer_node-1] [INFO] [1778822263.906407882] [cartographer logger]: I0515 14:17:43.000000 59707 constraint_builder_2d.cc:294] 0 computations resulted in 0 additional constraints.
[cartographer_node-1] [INFO] [1778822263.906483254] [cartographer logger]: I0515 14:17:43.000000 59707 constraint_builder_2d.cc:296] Score histogram:
[cartographer_node-1] Count: 50  Min: 0.581531  Max: 0.81234  Mean: 0.687227
[cartographer_node-1] [0.581531, 0.604612)	                  ##	Count: 6 (12%)	Total: 6 (12%)
[cartographer_node-1] [0.604612, 0.627693)	                   #	Count: 3 (6%)	Total: 9 (18%)
[cartographer_node-1] [0.627693, 0.650773)	                  ##	Count: 6 (12%)	Total: 15 (30%)
[cartographer_node-1] [0.650773, 0.673854)	                ####	Count: 10 (20%)	Total: 25 (50%)
[cartographer_node-1] [0.673854, 0.696935)	                  ##	Count: 4 (8%)	Total: 29 (58%)
[cartographer_node-1] [0.696935, 0.720016)	                  ##	Count: 6 (12%)	Total: 35 (70%)
[cartographer_node-1] [0.720016, 0.743097)	                  ##	Count: 5 (10%)	Total: 40 (80%)
[cartographer_node-1] [0.743097, 0.766178)	                   #	Count: 2 (4%)	Total: 42 (84%)
[cartographer_node-1] [0.766178, 0.789259)	                   #	Count: 3 (6%)	Total: 45 (90%)
[cartographer_node-1] [0.789259, 0.812340]	                  ##	Count: 5 (10%)	Total: 50 (100%)
[cartographer_node-1] [KOptimizing: Done.     
[cartographer_node-1] [INFO] [1778822263.908350198] [cartographer logger]: I0515 14:17:43.000000 59705 constraint_builder_2d.cc:294] 0 computations resulted in 0 additional constraints.
[cartographer_node-1] [INFO] [1778822263.908434791] [cartographer logger]: I0515 14:17:43.000000 59705 constraint_builder_2d.cc:296] Score histogram:
[cartographer_node-1] Count: 50  Min: 0.581531  Max: 0.81234  Mean: 0.687227
[cartographer_node-1] [0.581531, 0.604612)	                  ##	Count: 6 (12%)	Total: 6 (12%)
[cartographer_node-1] [0.604612, 0.627693)	                   #	Count: 3 (6%)	Total: 9 (18%)
[cartographer_node-1] [0.627693, 0.650773)	                  ##	Count: 6 (12%)	Total: 15 (30%)
[cartographer_node-1] [0.650773, 0.673854)	                ####	Count: 10 (20%)	Total: 25 (50%)
[cartographer_node-1] [0.673854, 0.696935)	                  ##	Count: 4 (8%)	Total: 29 (58%)
[cartographer_node-1] [0.696935, 0.720016)	                  ##	Count: 6 (12%)	Total: 35 (70%)
[cartographer_node-1] [0.720016, 0.743097)	                  ##	Count: 5 (10%)	Total: 40 (80%)
[cartographer_node-1] [0.743097, 0.766178)	                   #	Count: 2 (4%)	Total: 42 (84%)
[cartographer_node-1] [0.766178, 0.789259)	                   #	Count: 3 (6%)	Total: 45 (90%)
[cartographer_node-1] [0.789259, 0.812340]	                  ##	Count: 5 (10%)	Total: 50 (100%)
[cartographer_node-1] [KOptimizing: Done.     
[INFO] [cartographer_node-1]: process has finished cleanly [pid 59678]
