stamp,rt_correlative_score,ceres_final_cost,translation_residual,rotation_residual,num_filtered_points,was_outlier,medium_outlier_streak,inserted_to_submap,num_insertion_submaps,pose_prediction_x,pose_prediction_y,pose_prediction_yaw,pose_estimate_x,pose_estimate_y,pose_estimate_yaw
639089883933440120,nan,nan,0,0,0,0,0,1,1,0,0,-1.2728221254754189e-12,0,0,-1.2728221254754189e-12
639089883933640021,nan,377.0478155099745,0.0047681725197275702,0.0048579512618866644,0,0,0,1,1,0,0,-2.5876523146450953e-12,0.0026245458222157654,0.0039808577473925064,0.0048579512592990121
639089883933940170,nan,294.09683706067142,0.026549655593564262,0.0068190140500408855,0,0,0,1,1,0.0066897619734687993,0.010146894961739291,0.0048579512577879022,0.032959862087969319,0.013989557074259472,-0.0019610627922529832
639089883934140199,nan,253.83278674124909,0.023944793155019049,0.0070285543138021104,0,0,0,1,1,0.053219374277266154,0.020673890418117929,-0.0019610627938657183,0.076552878623869766,0.026049827001047209,0.005067491519936392
639089883934440225,nan,229.79867188303672,0.023426894073927538,0.008045945569707013,0,0,0,1,1,0.14160847246537306,0.044047847884274301,0.0050674915181990899,0.1183786237134718,0.041015770557619749,-0.0029784540515079231
639089883934639752,nan,194.96334402441809,0.0035011797139602187,0.0077929461244556804,0,0,0,1,1,0.14616047500504709,0.050956576571621212,-0.0029784540532600393,0.14672737450431433,0.054411556216594117,0.0048144920711956415
639089883934940066,nan,187.67995640075705,0.018105037292482178,0.0087485492822702658,0,0,0,1,1,0.18939567528624612,0.074573834827193139,0.004814492069376463,0.17279014853425478,0.06735934547235517,-0.0039340572128938028
639089883935140108,nan,150.15498879492515,0.011854926501722627,0.0084637512330960341,0,0,0,1,1,0.19040854471900867,0.07611203160479213,-0.0039340572146878191,0.19748682390370592,0.085621881558641408,0.004529694018408215
639089883935442225,nan,141.67963164015583,0.0070254742254335567,0.0045573050726591541,0,0,0,1,1,0.23463923542108281,0.11309510400168844,0.0045296940168414847,0.23441884945445823,0.10607308733139022,-2.7611055817669006e-05
639089883935639877,nan,132.21290841942763,0.0062200636327055248,0.0087889723249268414,0,0,0,1,1,0.25853251237761304,0.11942609126285469,-2.7611057358423177e-05,0.26377194987234853,0.12277832728283684,0.0087613612675684176
639089883935940022,nan,122.50857808681384,0.011532742819967207,0.0076460751209693964,0,0,0,1,1,0.30820043115708873,0.14806316704332728,0.0087613612657610387,0.29707238219687138,0.14503485343828063,0.0011152861447916427
639089883936139860,nan,117.09891721103641,0.012071726093489058,0.006611157002795541,0,0,0,1,1,0.31924403366032961,0.15985339801142265,0.0011152861425880334,0.32806308867835182,0.16809662792847105,0.0077264431453835745
639089883936440086,nan,109.6670730636189,0.014601996242481151,0.0079962386353266621,0,0,0,1,1,0.37438957172250148,0.20257054047145395,0.0077264431431198323,0.36284393731221232,0.1936309308418683,-0.00026979549220682985
639089883936639973,nan,101.96401951113359,0.0096544141600321508,0.008793359559155195,0,0,0,1,1,0.38597500375181831,0.21061256528663025,-0.00026979549424813252,0.39240022657525314,0.21781841183250128,0.0085235640649070632
639089883936939988,nan,97.370990228449074,0.0098354215589497498,0.0047953232193133129,0,0,0,1,1,0.43668520189406035,0.25405915873958101,0.0085235640630549718,0.42807245660235338,0.24930982870446733,0.0037282408437416584
639089883937139621,nan,89.347579300003545,0.012674264648307065,0.0036930562134692012,0,0,0,1,1,0.45180193928223972,0.27025819752415403,0.0037282408418052343,0.45751445281286712,0.281572090467687,0.0074212970552744355
639089883937439968,nan,99.291803492773653,0.017759488385898938,0.0055329510818671662,0,0,0,1,1,0.501577861677453,0.32985635831435545,0.0074212970530926946,0.49570742685325342,0.31309517032830553,0.0018883459712255286
639089883937740230,nan,80.454650162200835,0.011214610960801535,0.014684836415579952,0,0,0,1,1,0.53367197989577908,0.3444297198757364,0.0018883459682694252,0.52246709590189766,0.34489670347907797,-0.012796490447310528
639089883937940029,nan,77.646765936063048,0.015628654028761433,0.012132088754862333,0,0,0,1,1,0.54022893181717313,0.36600509658556263,-0.012796490449391736,0.54941975241825181,0.37864565208876377,-0.00066440169452940232
639089883938139950,nan,79.679981109926416,0.0079721117690196696,0.0084338029151176091,0,0,0,1,1,0.5762060921578136,0.41218634603718873,-0.00066440169653719187,0.58046576036731734,0.41892502489900468,0.0077694012185804172
639089883938440098,nan,65.578573536421089,0.026316872871152346,0.0027692727699526855,0,0,0,1,1,0.62670634608081444,0.47891798096516169,0.0077694012176342331,0.61223113797887252,0.45693967010827669,0.0050001284476815476
639089883938639967,nan,59.814472121891995,0.0069358079274805771,0.009920243292496151,0,0,0,1,1,0.63317466195561589,0.48200345632053826,0.0050001284471937772,0.63519907753452132,0.48863724657730606,0.014920371739689929
639089883938939840,nan,54.819540435316959,0.0077101350184621406,0.0028774111417430876,0,0,0,1,1,0.66939980673055577,0.53583696278873461,0.014920371739501627,0.66201918804437654,0.53360701888537332,0.012042960597758539
639089883939139927,nan,45.497769861936085,0.016322070773889742,0.0072648395995751919,0,0,0,1,1,0.67982172716318245,0.56345686347807111,0.012042960597659339,0.69411539835575631,0.57133727959566605,0.019307800197234531
639089883939440269,nan,53.684467924832248,0.019111910714576238,0.0015259730331048174,0,0,0,0,0,0.74184452735943029,0.62744460389698165,0.019307800197225927,0.72841611417365226,0.61384523440887828,0.017781827164121109
639089883939740105,nan,57.861225078887628,0.0090702054413597296,0.0012349725784325111,0,0,0,0,0,0.76245418754109673,0.65602770349534656,0.017781827164109993,0.75539822620938024,0.65032840209659659,0.016546854585677482
639089883939940124,nan,76.534918843178758,0.017938800759937874,0.00067769538327326975,0,0,0,1,1,0.77326381467305949,0.67448489729226957,0.016546854585687238,0.78346647654816159,0.6892397698219489,0.017224549968960508
639089883940139888,nan,78.228127506062037,0.01022548885094738,0.0027172590762189648,0,0,0,0,0,0.81127801993471893,0.72779526147753992,0.017224549968971995,0.81545549080521529,0.73712850096696714,0.01994180904519096
639089883940440215,nan,74.821774699178775,0.034185923926716939,0.0042299052345669795,0,0,0,1,1,0.86311613182813873,0.80847823390357143,0.01994180904519869,0.84941743790880098,0.77715694434474936,0.024171714279765669
639089883940639921,nan,72.362646247785506,0.0082348650234786575,0.0012367612342896184,0,0,0,0,0,0.87189733346707232,0.8036523400223935,0.02417171427979601,0.87823914251454305,0.80890538294629299,0.022934953045506391
639089883940939942,nan,89.450194561182627,0.0097055267095570025,0.0055776589099341134,0,0,0,1,1,0.92122172857720008,0.85625268641820351,0.02293495304558681,0.91579460814489722,0.84820634485677293,0.028512611955520923
639089883941240359,nan,67.480588086889327,0.0044601258869033274,0.0024305761310067786,0,0,0,1,1,0.95279532400549727,0.88692677343595172,0.028512611955650559,0.94851163376860759,0.88816883659110979,0.030943188086657337
639089883941440186,nan,86.860664823153144,0.01709975391592394,0.0027863529643899002,0,0,0,1,1,0.9700336887332357,0.91445713533568118,0.030943188086882994,0.98201000939264904,0.92666243449006758,0.028156835122493094
639089883941740007,nan,91.394315173928234,0.017376988706643066,0.0087024268108500877,0,0,0,0,0,1.0319429677992777,0.98404131292830088,0.028156835122757878,1.0230292690196714,0.96912468762036863,0.036859261933607966
639089883941939875,nan,94.316570630650148,0.013152912060331099,0.0070152853475086187,0,0,0,1,1,1.0502030219941156,0.99725437079341628,0.03685926193393315,1.062308411141704,1.0023981679562379,0.029843976586424532
639089883942140046,nan,81.438570418511802,0.012019801018675799,0.0017096072411239838,0,0,0,1,1,1.1013446068090542,1.0354658476140417,0.029843976586741868,1.1122755764939878,1.0404647993317144,0.028134369345617884
639089883942440153,nan,76.270544932662972,0.031543035758704326,0.0075188537020841432,0,0,0,1,1,1.1864940602975107,1.0970068834038571,0.028134369346294655,1.1588367327708313,1.081839967469598,0.035653223048378799
639089883942639870,nan,97.890476724092807,0.0041370233363669301,0.0059722201985727211,0,0,0,1,1,1.1895463771092605,1.1091291672996508,0.035653223049672882,1.1917626950960234,1.112622431771058,0.029681002851100161
639089883942939853,nan,98.417622330496641,0.010436071707014719,0.0099983621583426656,0,0,0,1,1,1.2408265177353595,1.1584921729185469,0.029681002852183214,1.2374711770393474,1.1486102054278273,0.03967936501052588
639089883943240080,nan,107.90241251741605,0.0073708264536584845,0.0059277395838547298,0,0,0,1,1,1.2827430060121401,1.1842541880068373,0.039679365011963078,1.281178770841656,1.1770512545112835,0.045607104595817807
639089883943440189,nan,104.87910428596092,0.014281824904287466,0.0061295383867863915,0,0,0,1,1,1.3100111475558311,1.1958128236113705,0.045607104597248482,1.3232601457447724,1.2011452310963775,0.039477566210462091
639089883943640180,nan,125.37713438420462,0.013187780820542836,0.0068781075895330626,0,0,0,1,1,1.364867615331544,1.2249678699787028,0.039477566212453984,1.3766969110140281,1.2307975635064141,0.032599458622920921
639089883943940219,nan,142.04585827358406,0.031588573455006159,0.011726445859633207,0,0,0,1,1,1.4561522486093605,1.2748877338274831,0.032599458625626583,1.4309718039367216,1.2558146328994617,0.04432590448525979
639089883944140205,nan,139.66027047280008,0.003746276856200458,0.010206533527122572,0,0,0,1,1,1.4668301438584268,1.2723429119956273,0.044325904488060071,1.4671045910972167,1.2686067014827649,0.034119370960937499
639089883944440209,nan,128.98921425153387,0.0088687903864784999,0.0082555778346201647,0,0,0,1,1,1.5208176832577331,1.2876227147143662,0.034119370963774875,1.5122329156363172,1.2853962359236335,0.04237494879839504
639089883944740119,nan,114.61316151805966,0.0059650406973401123,0.007447283944297084,0,0,0,1,1,1.5567408069939745,1.3019549445056986,0.042374948801369793,1.5533655815610661,1.2970366557994542,0.049822232745666876
639089883944940122,nan,115.55913758027449,0.014458317903585647,0.0091326200934439342,0,0,0,1,1,1.5801995721207449,1.3046305938541847,0.04982223274857777,1.5940890766936122,1.3086461410549337,0.040689612655133836
639089883945140053,nan,111.99971707014984,0.0087350576384462569,0.0082129495122505586,0,0,0,1,1,1.6340727192221514,1.3200447085620841,0.040689612658003853,1.6427736892017413,1.319273765398645,0.032476663145753294
639089883945440074,nan,96.785200587129694,0.026072223680870608,0.0091799219956229736,0,0,0,1,1,1.7151187839179389,1.3350663628980211,0.032476663148651885,1.6918167562037643,1.3233712206554835,0.041656585144274859
639089883945640203,nan,86.792345266009278,0.0043724076704902502,0.0092243859036610504,0,0,0,1,1,1.7242713752903485,1.3260827425425532,0.041656585146825131,1.7220264521941848,1.3223306405810824,0.032432199243164081
639089883945940171,nan,125.09383951914261,0.0059845553982594236,0.0083424127481779575,0,0,0,1,1,1.7667318606060787,1.3207907522873992,0.032432199245491226,1.7610937468899985,1.3227973855472115,0.040774611993669184
639089883946240106,nan,113.70436732004343,0.0062365007163513219,0.008951324425785244,0,0,0,1,1,1.7995243701580812,1.3232565240694778,0.040774611996029234,1.7942685340904427,1.3198994228772047,0.049725936421814478
639089883946441839,nan,108.81609643705866,0.011930299779788784,0.0083496680915977617,0,0,0,1,1,1.8163501221658649,1.3179704996394941,0.049725936424425382,1.8282771085378067,1.3176893432432601,0.04137626833282762
639089883946740011,nan,80.50118889545702,0.0066963003420905378,0.00900340117819564,0,0,0,1,1,1.8779673180072634,1.3144601776066687,0.041376268335458842,1.8717441901035983,1.3119877056925497,0.050379669513654482
639089883946939828,nan,90.235905199281248,0.0046213401439414567,0.0089783298145175994,0,0,0,1,1,1.9005288623563696,1.3082119801943268,0.0503796695163478,1.9039470304517236,1.305101849715085,0.0414013397018302
639089883947139666,nan,140.74538553201833,0.0055328016488284341,0.0073608246437771238,0,0,0,1,1,1.9357459614683681,1.2983023606994928,0.04140133970458261,1.9359284083238424,1.2927725680062532,0.034040515060805486
639089883947403261,nan,135.82397912998698,0.010756894217672869,0.0037748060915328563,0,0,0,1,1,1.9776717783202349,1.2766798977586025,0.034040515063232336,1.9669693173014957,1.2777606851348113,0.037815321154765193
639089883947652852,nan,140.2618474646641,0.0044402481434317057,0.00070083601881626434,0,0,0,1,1,1.9961792025132534,1.2636343148083868,0.037815321157178589,1.9921758315860862,1.2617136834552216,0.038516157175994853
639089883947939735,nan,147.99249064226677,0.010966476914086913,0.0059621076737248965,0,0,0,1,1,2.0209320090502239,1.2434068908993108,0.038516157178226366,2.0225070428412621,1.254259673236771,0.044478264851951263
639089883948239952,nan,120.96765439750388,0.0064404990953627816,0.0072603709305265399,0,0,0,1,1,2.0540760944156529,1.2465014590644916,0.044478264854226825,2.0517791564136152,1.2404844744033707,0.051738635784753365
639089883948440210,nan,132.43603717591748,0.015087559599016531,0.0078734507458016398,0,0,0,1,1,2.0710999867473436,1.2313922618162731,0.05173863578704993,2.0801713784961122,1.2193363791694385,0.04386518504124829
639089883948640149,nan,144.54273516660473,0.0044024172572135556,0.0081879179184847772,0,0,0,1,1,2.1083154199036511,1.1983731426103217,0.043865185043493744,2.109238928370103,1.2026776065512792,0.035677267125008967
639089883948940213,nan,132.11903887815839,0.017581468577135877,0.006421792029136765,0,0,0,1,1,2.1524955310565437,1.1778870097685672,0.03567726712693825,2.1375157126720667,1.1870909805690915,0.042099059156075015
639089883949240176,nan,130.30769088534677,0.0072978988364629958,0.0059222194026522859,0,0,0,1,1,2.1655379056120188,1.1716446895095598,0.042099059157874499,2.1584832979613826,1.1735133356298388,0.048021278560526785
639089883949440358,nan,120.72602079545916,0.011980216826199978,0.0083054740298481519,0,0,0,1,1,2.1723831829929492,1.1645124086727796,0.048021278562194895,2.1801416164626528,1.1553837556889628,0.039715804532346743
639089883949740219,nan,114.71453279559161,0.0068814467552029031,0.0080018262791814038,0,0,0,1,1,2.2123976596124328,1.1283831132879387,0.039715804534006791,2.2056700109781313,1.1298298521372385,0.047717630813188194
639089883949940392,nan,102.13532843120194,0.0053550382790673217,0.0080877802605869367,0,0,0,1,1,2.2226405880897793,1.1128423173173261,0.047717630814892123,2.2238325602941309,1.1076216241416712,0.039629850554305186
639089883950140118,nan,105.91034739500053,0.0072756441677924695,0.0084876817985444081,0,0,0,1,1,2.2418447448176004,1.0855972544545889,0.039629850556058763,2.2489526279344965,1.0840438724497758,0.031142168757514355
639089883950440157,nan,104.77309010588252,0.013883944293539993,0.0073952182211852735,0,0,0,1,1,2.2863243344185982,1.048966705126841,0.031142168759257488,2.2746571765734163,1.0564927490386005,0.038537386980442762
639089883950639923,nan,96.783669907816687,0.0039664872014337519,0.0082726169746184519,0,0,0,1,1,2.2916733328979992,1.0382541785245634,0.038537386982408585,2.2905503616853262,1.0344499760622008,0.030264770007790133
639089883950940094,nan,85.054809307193807,0.01150461895968205,0.0080554158127162656,0,0,0,1,1,2.3142696801964022,1.0015528853020388,0.030264770009716196,2.3086644448454243,1.0115996556322306,0.038320185822432462
639089883951240394,nan,78.033944901352157,0.00090567002611907795,0.007367606873806061,0,0,0,1,1,2.326694517983023,0.98885531108392521,0.038320185824242993,2.3258279073448578,0.98859220616563315,0.045687792698049054
639089883951440049,nan,82.832599126479181,0.013046400850452075,0.0085546810898359318,0,0,0,1,1,2.3371213765882253,0.97345342382914779,0.045687792699863186,2.3458402028987337,0.96374823743640592,0.037133111610027254
639089883951740146,nan,81.469295392513573,0.0064434650812672514,0.0082689550152358765,0,0,0,1,1,2.375673099531376,0.92671262855044367,0.037133111611838528,2.3693615295270392,0.92541558331843887,0.045402066627074404
639089883951940265,nan,75.641562317725914,0.0081678829903732292,0.0075668494919116785,0,0,0,1,1,2.3848932408358818,0.90010358766146292,0.045402066628831374,2.3790813884659485,0.90584263676166488,0.037835217136919695
639089883952240221,nan,67.481976307942091,0.0074280642585268014,0.0054952873075935563,0,0,0,1,1,2.3935702352834074,0.87666634663134468,0.037835217138666014,2.3954951534706441,0.86949202933969605,0.04333050444625957
639089883952439970,nan,66.272808583052068,0.01181551267163738,0.0069626326800324295,0,0,0,1,1,2.4063603832944831,0.84542943896126399,0.043330504448329865,2.414471791382709,0.83683808292627815,0.036367871768297436
639089883952740684,nan,66.238624824613822,0.014580686154213561,0.0088084469228944667,0,0,0,1,1,2.4428528869452215,0.78800146719135034,0.036367871770356837,2.434631729029237,0.80004343427518343,0.045176318693251304
639089883952939999,nan,65.0951457767801,0.0033747298085440112,0.0066054781110243543,0,0,0,1,1,2.4479255272633118,0.77578043089503312,0.045176318695510212,2.4483625837512544,0.77243412204691064,0.038570840584485858
639089883953240138,nan,59.021085847194101,0.0075015022038496587,0.010232203674328394,0,0,0,1,1,2.4688750072359706,0.73118877235720969,0.038570840586917725,2.4617989191392677,0.73367905598805594,0.048803044261246119
639089883953439889,nan,61.233755666202484,0.018144379265740029,0.0075563292588951003,0,0,0,1,1,2.4706508649253385,0.70814696455227488,0.048803044263427187,2.4724083554187191,0.69008790239211015,0.041246715004532086
639089883953740255,nan,55.635190674860965,0.022728283409679674,0.0095880445003172984,0,0,0,1,1,2.4882459384431019,0.62501578206262942,0.041246715007459724,2.4834078165445619,0.64722315568594624,0.050834759507777022
639089883953939647,nan,47.105140597912211,0.0048043790577248493,0.0059089130365046066,0,0,0,1,1,2.4906329563236858,0.61906688666462673,0.050834759510342616,2.493402948144122,0.61514143083822626,0.044925846473838009
639089883954240139,nan,62.184086793135705,0.0042921418489290583,0.01105627240099142,0,0,0,1,1,2.5083877387256193,0.5670442223575034,0.04492584647568492,2.5049115367590904,0.56956186044492363,0.05598211887667634
639089883954440262,nan,51.82337743383443,0.011221962073186665,0.011447976811344497,0,0,0,1,1,2.5125197948399354,0.53942948310759642,0.055982118878316972,2.5101027487827756,0.52847091015626702,0.044534142066972475
639089883954740165,nan,41.747261090788598,0.0075537396737936826,0.0079509805918487886,0,0,0,1,1,2.517795286677424,0.46758075757139872,0.04453414206898864,2.5164804337964588,0.47501918112487174,0.052485122660837429
639089883954940105,nan,49.858683078740228,0.0049494287700678138,0.0070596625260558946,0,0,0,1,1,2.5206625440515165,0.43996868495687991,0.052485122663165448,2.5222697488189754,0.43528747379037264,0.045425460137109554
639089883955240041,nan,51.199645635097141,0.011979852147734003,0.010680083802392333,0,0,0,1,1,2.5308742615887381,0.37623524018509924,0.045425460139659792,2.5316294512445627,0.38819126569800705,0.056105543942052125
639089883955439806,nan,53.197056545697492,0.015461667636962571,0.011101406562036994,0,0,0,1,1,2.537765104523487,0.35731784788326382,0.056105543944589088,2.5294807218290996,0.34426288064895683,0.045004137382552094
639089883955740561,nan,77.566927685484771,0.017373242726069955,0.004546159977409911,0,0,0,1,1,2.5262638723612412,0.27849796811414007,0.045004137384493971,2.5240151563134585,0.29572506418269984,0.049550297361903882
639089883955940025,nan,69.983036133987738,0.018286640714450422,0.0084006703086563425,0,0,0,1,1,2.5204037885102419,0.26365374290349286,0.049550297363937457,2.526308909073411,0.24634678535013202,0.041149627055281114
639089883956240104,nan,63.676341582613482,0.0081155918637449871,0.0095247880598823206,0,0,0,1,1,2.5297279565391722,0.17274396204077197,0.041149627057508902,2.531548950567942,0.18065261629077356,0.050674415117391222
639089883956439943,nan,62.074165914006961,0.009291314944527989,0.012400334330537999,0,0,0,1,1,2.5349853512136562,0.1375706129877774,0.050674415119418031,2.533960922348967,0.1283359457550288,0.038274080788880033
639089883956717255,nan,61.207776699024528,0.020749556984547696,0.0022083152177315435,0,0,0,1,1,2.537285722223579,0.056219654426179003,0.03827408079058562,2.5257888398012405,0.07349292306942995,0.040482396008317163
639089883956940211,nan,57.235273216255479,0.0057384909385650405,0.0057062538516840788,0,0,0,1,1,2.5192608819279698,0.029683656625589278,0.040482396010406374,2.5165957410145481,0.024601599742436687,0.034776142158722295
639089883957239963,nan,67.667233746461079,0.0067171670713375908,0.009976098379548097,0,0,0,1,2,2.5043322546417808,-0.040618854348089928,0.034776142160465082,2.5064604212417163,-0.034247728828436366,0.044752240540013179
639089883957439758,nan,66.256836887948424,0.019173463961813023,0.0069284266879095016,0,0,0,1,2,2.4997461509189942,-0.073233208240215703,0.044752240541551948,2.4961230005211417,-0.092061232605227653,0.037823813853642446
639089883957740058,nan,66.187225352638166,0.017339279397465598,0.0058384067211253443,0,0,0,1,2,2.4807139814289783,-0.1782383755852337,0.037823813854958366,2.4866014191570653,-0.16192921598023652,0.04366222057608371
639089883957940073,nan,69.700025714676741,0.0066521296077712644,0.0071021994505612931,0,0,0,1,2,2.4803064174832818,-0.20812102545727867,0.043662220577278837,2.4737586254655883,-0.20929458756113864,0.036560021126717544
639089883958239957,nan,58.125403395023099,0.0090303306477587612,0.0045370747247991949,0,0,0,1,2,2.4546126262047729,-0.27990674493605883,0.036560021128265063,2.4583324158551187,-0.27167813408336738,0.041097095853064258
639089883958439798,nan,67.405358608570282,0.017292844446155482,0.0071282878954290682,0,0,0,1,2,2.4482168440928702,-0.31258547668818226,0.041097095854564843,2.4418372264311028,-0.32865852703740334,0.033968807959135774
639089883958739865,nan,57.390332819981232,0.013906327680561714,0.0024781490282269752,0,0,0,1,2,2.4172605257859825,-0.41355540359183546,0.033968807959937133,2.4219175107440112,-0.40045202842892985,0.036446956988164109
639089883958940056,nan,59.073480014170343,0.016379846079504597,0.0084089909493256162,0,0,0,1,2,2.4088617720631831,-0.44750677599025396,0.036446956989026336,2.4025719147578704,-0.46263083142082767,0.028037966039700719
639089883959239963,nan,54.501434183627339,0.029107790726334598,0.0083909986988848148,0,0,0,1,2,2.3737750670819371,-0.55518696252747868,0.028037966040691788,2.380575517660569,-0.52688471256575875,0.036428964739576603
639089883959439813,nan,51.164862756914637,0.023347139413139085,0.011266072771800625,0,0,0,1,2,2.3659835518502272,-0.56950944027462658,0.036428964740322603,2.3512252485766463,-0.58760036073936694,0.025162891968521978
639089883959740003,nan,62.324094645759146,0.016420208349055138,9.7071084379958539e-06,0,0,0,1,2,2.3074503103789032,-0.67815570586536744,0.025162891968983671,2.3182176873497937,-0.66575865640216381,0.025153184860545675
639089883959939736,nan,65.673731245613183,0.011035021538671598,0.0032041731967983773,0,0,0,1,2,2.296412119644796,-0.71739185632472757,0.025153184860854154,2.2925764648154128,-0.72773881009812269,0.021949011664055777
639089883960240095,nan,62.23719073664958,0.021245549764777244,0.0017842225956209296,0,0,0,1,2,2.2543026021069199,-0.82025467551872155,0.02194901166433243,2.2624356813314956,-0.80062749010831691,0.02373323425995336
639089883960439665,nan,54.197775389683322,0.016576048556321648,0.0056695746519107477,0,0,0,0,0,2.2424830370520188,-0.84887845561556841,0.023733234260071918,2.2270405658383807,-0.85490302767983095,0.01806365960816117
639089883960739598,nan,62.380874149765184,0.019421021903577841,0.00091980272699605445,0,0,0,1,2,2.1741598009555538,-0.93599138976658736,0.018063659608210172,2.1840148225877636,-0.9192565566210813,0.017143856881214118
639089883960939554,nan,49.57852239529236,0.024255155547754089,0.0034829018425806546,0,0,0,0,0,2.1555059684750399,-0.96189719986432665,0.017143856881260609,2.1514401662845759,-0.98580915970022809,0.013660955038679954
639089883961239848,nan,44.612105540885814,0.02201385180885088,0.00068993198144542793,0,0,0,1,2,2.1028341998649758,-1.0851149991937807,0.013660955038710983,2.1127247074455702,-1.0654480845587839,0.014350887020156411
639089883961439895,nan,37.325450300746439,0.010893869406620524,0.002427002953126518,0,0,0,0,0,2.0870972078669365,-1.1181646627541382,0.014350887020203479,2.0775004955140686,-1.1233201940230584,0.011923884067076961
639089883961740102,nan,44.813036646360906,0.020871084582128559,0.0029658866276248037,0,0,0,0,0,2.0249353129784566,-1.2096828926017011,0.011923884067082223,2.0367735637637931,-1.1924940011313985,0.014889770694707026
639089883961939989,nan,35.819849926602778,0.014306280782305685,0.00047927723521693985,0,0,0,1,2,2.0097821584865101,-1.238338315495227,0.014889770694710182,1.9998469406506372,-1.2486320571072902,0.015369047929927122
639089883962240069,nan,39.808498608048872,0.019181240523212535,0.0014420678722882278,0,0,0,0,0,1.9448511941825841,-1.3322398726445732,0.015369047929984852,1.9599252722996829,-1.3203785001721764,0.016811115802273079
639089883962439917,nan,32.126877509791832,0.018568896088303064,0.0046775151802775812,0,0,0,0,0,1.9335090481516173,-1.3678532225501843,0.016811115802319747,1.9230818748458296,-1.3832180511788825,0.021488630982597328
639089883962739935,nan,39.98713708977786,0.023169852358454358,0.0047403247802771734,0,0,0,1,2,1.8681025925951995,-1.4769898976984068,0.021488630982614425,1.8759889513927743,-1.4552034936071281,0.026228955762891599
639089883962939837,nan,36.398596400038272,0.015106846624998824,0.0013677035617096732,0,0,0,0,0,1.8447091344572282,-1.5030172901624519,0.026228955762897944,1.8387210679859536,-1.5168866764101139,0.024861252201188271
639089883963239923,nan,42.685780538347863,0.015933211565904042,0.0038730736359122823,0,0,0,0,0,1.7829792962714677,-1.6091465414766031,0.024861252201187317,1.7901906008984545,-1.5949386452079553,0.020988178565275035
639089883963439729,nan,38.332096554711015,0.015309600295832223,0.0034072016764833124,0,0,0,1,2,1.7580064978521055,-1.6467006157290924,0.020988178565288965,1.7490070270204838,-1.6590858240829691,0.017580976888805652
639089883963739694,nan,38.774848002650707,0.021159089924481927,0.00034675842880441121,0,0,0,0,0,1.6874609305444415,-1.7549494922387667,0.017580976888812962,1.6993776089633792,-1.7374652175357104,0.017234218460008551
639089883963939802,nan,46.966463808465299,0.020653280679501583,0.0028218448695464943,0,0,0,0,0,1.6664189583812536,-1.7895165843011935,0.017234218460004586,1.6571170332321492,-1.8079565461055664,0.02005606332955108
639089883964240072,nan,48.991795314365554,0.030387982454101126,0.0014224325566806542,0,0,0,1,2,1.5940629203977892,-1.9131318332042471,0.020056063329514644,1.6075095661112324,-1.8858808296137755,0.021478495886195298
639089883964439877,nan,44.783315902839263,0.015689933861777156,0.00017597921081035153,0,0,0,0,0,1.5745991162241812,-1.9375771442256529,0.021478495886095569,1.5687873136512001,-1.9521509898210896,0.02165447509690592
639089883964739960,nan,52.816262581176552,0.018632070070313516,0.0032560005402514323,0,0,0,1,2,1.5108989974997593,-2.0512223955831193,0.021654475096705483,1.5239043157213188,-2.0378801419106303,0.018398474556454051
639089883964939946,nan,42.080306274127153,0.01772249274300999,0.0037261913788011573,0,0,0,0,0,1.4940244784707064,-2.0949523792881402,0.018398474556357812,1.4837345156735333,-2.1093816348011192,0.022124665935158969
639089883965240372,nan,34.396120171598582,0.027940406279948801,0.0021303651044803223,0,0,0,1,2,1.4236838311136062,-2.2162707303411238,0.022124665935066512,1.4363171129268659,-2.1913495246376398,0.01999430083058619
639089883965439636,nan,43.424920221689646,0.018327219395956443,0.0044546657885370898,0,0,0,0,0,1.4049865656561629,-2.2455089407685325,0.019994300830493094,1.4037375907151681,-2.263793552669918,0.024448966619030184
639089883965739777,nan,39.282020527849376,0.023704997485894139,0.0010598354799221214,0,0,0,1,2,1.3549222200897968,-2.3723397141210119,0.024448966618908895,1.3564546045096753,-2.3486842981704106,0.025508802098831017
639089883965939657,nan,34.852664107992787,0.013952980828720395,0.0025765975787178826,0,0,0,1,2,1.3250502736413701,-2.4050668846629035,0.025508802098682205,1.3200785452378192,-2.4181040465736863,0.028085399677400088
639089883966240042,nan,49.126241296190351,0.022316902250246101,0.007881287216682166,0,0,0,0,0,1.2655403311987901,-2.522184289808902,0.028085399677249139,1.2797521604728002,-2.5049776621691398,0.020204112460566973
639089883966539979,nan,37.287546751888321,0.018188116184102817,0.0013336911962852152,0,0,0,1,2,1.2395655377352004,-2.5915501936799274,0.020204112460325246,1.248536389430696,-2.57572832937183,0.018870421264040031
639089883966739675,nan,32.564751703064658,0.033783390547554137,0.0023842837181286998,0,0,0,0,0,1.2277996699618625,-2.6227281851830515,0.01887042126391552,1.2128240395609071,-2.6530109851028501,0.02125470498204422
639089883966939854,nan,44.810062963470415,0.023667228399547633,0.0011867834120142494,0,0,0,1,2,1.1771704841785964,-2.7301664077016001,0.02125470498185757,1.1706488109823776,-2.7529173522718389,0.02244148839387182
639089883967240038,nan,45.607755254643656,0.064327592129519079,0.00079502254607801554,0,0,1,1,2,1.1077856685524037,-2.9018300766524874,0.02244148839377981,1.1341016026972621,-2.8431316037654928,0.023236510939857825
639089883967439881,nan,30.199159891112995,0.0026877771597002297,0.0027682785899569157,0,0,0,0,0,1.1098509934664094,-2.9029925524584597,0.023236510939734108,1.1116648587270965,-2.9049759936288195,0.026004789529691024
639089883967740087,nan,30.818873449535044,0.0088314513454024832,0.0049500069741667298,0,0,0,1,2,1.0779969981191486,-2.9977777076418137,0.026004789529488814,1.0806350855911588,-2.9893494796337308,0.021054782555322085
639089883968040091,nan,23.742943189175559,0.011756151797948276,0.0015420670370944398,0,0,0,1,2,1.0496468612126753,-3.0736099898366525,0.021054782554997247,1.0515931340752742,-3.0620160635370457,0.019512715517902807
639089883968239702,nan,25.726659204504312,0.033175672164431673,0.0018188350407726296,0,0,0,0,0,1.0323062901326385,-3.1102741519379271,0.019512715517657073,1.0231154630189672,-3.1421513212057346,0.021331550558429703
639089883968439913,nan,34.157081843132893,0.01374614312431372,0.00016812029652317831,0,0,0,1,2,0.99467168182836641,-3.2221912138737054,0.021331550558200379,0.99346803553712981,-3.235884558476092,0.021499670854723558
639089883968739885,nan,39.820222085005156,0.05759742022769497,0.0032326231994165497,0,0,0,1,2,0.94922771622672197,-3.3757546483643042,0.021499670854352955,0.96875286126771276,-3.3215676432061119,0.018267047654936405
639089883968939746,nan,38.280615305590636,0.011759900428737338,0.0015544158558180622,0,0,0,0,0,0.95229407006288458,-3.3786273258927135,0.018267047654554711,0.94804029042555904,-3.3895909300852631,0.019821463510372773
639089883969239704,nan,73.8585623380973,0.019223226854555547,0.00012711682493974502,0,0,0,1,2,0.91701979537775169,-3.491467034691063,0.019821463510069588,0.92821803566962446,-3.4758423150114277,0.019948580335009333
639089883969539868,nan,66.868658683533297,0.011449998826485968,0.00089042013674429932,0,0,0,1,2,0.90842511762873279,-3.5619660488538587,0.019948580334740805,0.91413835672280019,-3.5520432784654767,0.019058160197996506
639089883969739818,nan,74.891270455774702,0.035508786077268331,0.0022024953740524753,0,0,0,1,2,0.90474109731218211,-3.6029024083945891,0.019058160197630371,0.89638344479801146,-3.6374136171988831,0.021260655571682847
639089883970039829,nan,66.918845751433452,0.038561579964809772,0.0016891615098070765,0,0,0,1,2,0.86979963569223995,-3.7652356417629913,0.021260655571435964,0.87762914885402299,-3.727477276159699,0.019571494061628888
639089883970241152,nan,84.514882151078126,0.010269062102953688,0.004908178706227697,0,0,0,1,2,0.86505209945678185,-3.7878759757978768,0.019571494061362112,0.86847387955142041,-3.7975581789282731,0.024479672767589809
639089883970439912,nan,84.436635310975561,0.015115706515324255,0.0044556661304376889,0,0,0,1,2,0.85946399266880136,-3.8665262218887553,0.024479672767314286,0.85368568974392955,-3.8804938916573972,0.028935338897751975
639089883970739829,nan,93.821939495261333,0.039968488351981545,0.0060339981366561921,0,0,0,1,2,0.83148555118762868,-4.0049975893932404,0.028935338897375124,0.8415652109021059,-3.9663209747380921,0.022901340760718931
639089883971039913,nan,83.698638447974446,0.017686276232039319,0.0022055351926696075,0,0,0,1,2,0.82945395917750342,-4.0520827191001878,0.022901340760525111,0.83922920651831079,-4.0373433532256993,0.020695805567855503
639089883971239819,nan,96.029579753873321,0.023068100065598968,0.0061639211054669886,0,0,0,1,2,0.8376700949625786,-4.0847455806289359,0.020695805567622325,0.83416612798049217,-4.1075460072921572,0.026859726673089314
639089883971539930,nan,88.104002055879448,0.020751067208996162,0.0045172374285382053,0,0,0,1,2,0.82658438013043722,-4.2126715386385136,0.026859726672828009,0.82595643993500445,-4.1919299745358902,0.022342489244289804
639089883971739801,nan,84.212490828268088,0.010883455700689158,0.0039317863645127182,0,0,0,1,2,0.82048476545927973,-4.2481710396250447,0.022342489244016613,0.82121436553683602,-4.259030012491559,0.026274275608529331
639089883971940034,nan,84.901080886017198,0.017379672374626239,0.0048059751567960454,0,0,0,1,2,0.81647090564006131,-4.3261496551605374,0.026274275608242029,0.81736309736813306,-4.3435064119362057,0.031080250765038075
639089883972239929,nan,124.61858565632068,0.045865783018776488,0.0030331533183014306,0,0,0,1,2,0.81160152265071939,-4.4698848062567276,0.031080250764822206,0.81541844214924475,-4.4241781199026802,0.028047097446520775
639089883972440174,nan,82.307167311372922,0.0083158279447548885,0.0019039441731320203,0,0,0,0,0,0.81412366674785386,-4.4778903368800878,0.028047097446262971,0.81597498882174013,-4.4859974696029132,0.029951041619394991
639089883972739999,nan,89.11712719316678,0.0037270025431002415,0.001694517430648447,0,0,0,1,2,0.81680573626280339,-4.5782741269071403,0.029951041619180378,0.81822657363460394,-4.5748285835364699,0.028256524188531931
639089883973039932,nan,87.211736283068078,0.020392124894307816,0.00022001009299617638,0,0,0,1,2,0.82047134241088304,-4.6633907863817274,0.028256524188311562,0.82127303482745084,-4.6430144263786683,0.028476534281307739
639089883973239853,nan,85.325089652265675,0.019992097372126962,0.0003703026553817379,0,0,0,0,0,0.82330950261372682,-4.6885946138940238,0.028476534280998785,0.82502837594254508,-4.7085126818680036,0.028106231625617047
639089883973539984,nan,89.842924650040246,0.011487915982748344,0.0031047361114515185,0,0,0,1,2,0.83063890125858053,-4.8063678724662759,0.028106231625395373,0.82989325496709965,-4.7949041808603976,0.025001495513943855
639089883973740036,nan,88.087240999417574,0.016313788533471211,0.0045373361686257725,0,0,0,1,2,0.83313217806513773,-4.8524216278818511,0.025001495513681068,0.83466421708616023,-4.8686633196888298,0.029538831682306841
639089883973940578,nan,72.748732363442059,0.01220827158153655,0.00061608518019615893,0,0,0,1,2,0.83943840409823878,-4.9424723154068966,0.029538831681966082,0.84532217722551206,-4.9531691891929768,0.030154916862162241
639089883974239846,nan,68.264324222285666,0.048294375913108444,0.00632903012762593,0,0,0,0,0,0.86113250035565314,-5.0785276148002385,0.030154916861951125,0.85334513653807398,-5.0308652217674785,0.023825886734325195
639089883974440094,nan,76.269178025597441,0.014275872741169846,0.0048567192532762635,0,0,0,1,2,0.85870789153434812,-5.0827992738606005,0.023825886734120862,0.86268189451037203,-5.0965108690584113,0.028682605987397126
639089883974739916,nan,72.710035814401408,0.025128873889789894,0.0045105926652690177,0,0,0,1,2,0.87671736173717041,-5.1951925885447183,0.028682605987144717,0.87297155687016048,-5.1703444648958943,0.024172013321875699
639089883975039876,nan,65.510334130044285,0.0064250007492168588,0.0040968527924361529,0,0,0,1,2,0.88326182122741548,-5.2441823803734282,0.024172013321549383,0.88175590659019421,-5.2379363531774548,0.020075160529113231
639089883975239760,nan,63.033147980529421,0.032362231356666181,0.0039141319817077684,0,0,0,1,2,0.88763886750724064,-5.2832032710191843,0.020075160528664669,0.901451381132927,-5.3124697789373254,0.023989292510372438
639089883975539894,nan,59.182565267794729,0.027538868293894635,0.0037508377118973951,0,0,0,1,2,0.93096352687512662,-5.424152354491329,0.023989292509988422,0.92097957937866415,-5.3984870070497619,0.020238454798091027
639089883975739835,nan,59.287669367049119,0.0033642017783336044,0.00012325966939302768,0,0,0,1,2,0.93399048090442283,-5.4557970399778606,0.020238454797450268,0.93730807277881079,-5.4563551060674396,0.020361714466843296
639089883975939527,nan,69.590375046033785,0.002748818195145334,0.0023160944547166475,0,0,0,1,2,0.95355505967615217,-5.5139343464464581,0.020361714466204193,0.9528689719163963,-5.5165961663231355,0.02267780892092084
639089883976239878,nan,63.745801050562442,0.005206517737567873,0.006948325134119606,0,0,0,1,2,0.97630474836916437,-5.6073233157601621,0.022677808920177959,0.97862927303828573,-5.6026645163424735,0.015729483786058353
639089883976539857,nan,60.589142984314293,0.023056531965357955,0.0035072266846738146,0,0,0,1,2,1.0042558859130104,-5.6882861974041781,0.015729483785251182,1.0005224096170751,-5.6655339487017473,0.012222257100577368
639089883976739942,nan,48.057192182799405,0.019690186175953642,0.0035244918555751101,0,0,0,1,2,1.015155484212942,-5.7075550218450246,0.012222257099572408,1.0222402575291549,-5.7259264512586983,0.015746748955147518
639089883977039713,nan,53.771684903539764,0.0086014953790845127,0.0093467344998652765,0,0,0,1,2,1.0546325535745447,-5.8160022188792366,0.015746748954055801,1.056717459693592,-5.8076572270139817,0.0064000144541905245
639089883977239658,nan,66.13839895498117,0.013512278006877862,0.0055803719115904782,0,0,0,1,2,1.0797891142077363,-5.8623503025253099,0.0064000144531436666,1.0849687789573492,-5.8748303958749917,0.011980386364734145
639089883977439597,nan,64.693328915100736,0.006500851229296248,0.004691991142073396,0,0,0,1,2,1.1131062233011164,-5.9417328043103339,0.011980386363542534,1.1187803789494013,-5.9385602620514382,0.01667237750561593
639089883977707965,nan,60.214901605544789,0.028336109978666792,0.0044714899251523856,0,0,0,1,2,1.1639831111891092,-6.0237607280785852,0.016672377504699236,1.1419238913657204,-6.0059751735607607,0.01220088757954685
639089883978039852,nan,66.347115922105672,0.026069911413451361,0.0095873459016325002,0,0,0,1,2,1.1706315695977612,-6.0895979855539171,0.012200887578286624,1.1777058846964834,-6.0645062668605076,0.0026135416766541234
639089883978239767,nan,62.137674869354264,0.029497987463335869,0.0067253735807563985,0,0,0,1,2,1.1993613096651912,-6.0999295505096995,0.0026135416756512255,1.2131510105727983,-6.1260058886971418,0.009338915256407624
639089883978539882,nan,53.291170173992128,0.016313464739338836,0.0070825926505806054,0,0,0,1,2,1.266160352835825,-6.2179805797833225,0.0093389152558734888,1.2599140402816535,-6.2029103206190861,0.0022563226052928829
639089883978739876,nan,52.224286359736659,0.012166328549797109,0.0034066689332923005,0,0,0,1,2,1.2909501143939228,-6.2539508897086344,0.0022563226047973904,1.2973481180694517,-6.2642990827561924,0.0056629915380896909
639089883978939856,nan,59.108225242627654,0.0040606342861918216,0.0092778578452756433,0,0,0,1,2,1.3346011911411504,-6.3253910122712877,0.0056629915377465131,1.3359899097193304,-6.3292067967930885,0.014940849383022156
639089883979239781,nan,64.849895753823475,0.03442624632900753,0.00021202844167640504,0,0,0,1,2,1.3937346555193266,-6.4262022850323399,0.014940849382847621,1.3823110436522177,-6.393726639877622,0.014728820941171216
639089883979539880,nan,77.767815204269425,0.0052054746410624035,0.0049886744366351519,0,0,0,1,2,1.4286554409662209,-6.4582788860916081,0.014728820940725749,1.4310423850943577,-6.4536529306262045,0.0097401465040905973
639089883979739927,nan,72.019347370600826,0.030120314476892875,0.0017386351528407614,0,0,0,1,2,1.4634987916689279,-6.4935654797061684,0.0097401465036934462,1.4761863297418902,-6.520883234405888,0.011478781656534208
639089883980039820,nan,67.227493047452782,0.026017075457673358,0.0041469822976385731,0,0,0,0,0,1.5436052443430721,-6.6212863813732792,0.011478781656367421,1.5308302676108649,-6.5986216911071001,0.0073317993587288478
639089883980239801,nan,103.15118683858907,0.023442782768494676,0.0077314654225047923,0,0,0,1,2,1.567179875774837,-6.6503339679041451,0.0073317993585720982,1.578941842715597,-6.6706125328833368,0.01506326478107689
639089883980539807,nan,79.368315739119808,0.031455836862944855,0.0010538741914701694,0,0,0,1,2,1.6509823088666213,-6.7784089163705739,0.015063264780855689,1.6322124197508725,-6.7531668693986919,0.01400939058938552
639089883980739959,nan,81.674866963902687,0.015490630125057869,0.0034071716935036873,0,0,0,0,0,1.6677524255959244,-6.8082438324349139,0.014009390589177254,1.6801112851745275,-6.8175829015313347,0.010602218895673567
639089883981039743,nan,123.07563085979756,0.019782674997717575,3.5017565638239406e-05,0,0,0,1,2,1.7515657357948673,-6.9136772901242436,0.010602218895634065,1.747154099972114,-6.8943927963680487,0.010567201329995826
639089883981239545,nan,114.80878626437067,0.02357294451879615,0.0006864665506546453,0,0,0,0,0,1.7916966533391698,-6.9454244967853382,0.010567201329980097,1.8061011551259658,-6.9640844550264607,0.0098807347793254518
639089883981539849,nan,172.54784520786777,0.027215490553986924,0.0030793190838146259,0,0,0,1,2,1.8943546890892329,-7.068424445350213,0.0098807347793135603,1.8745953101001445,-7.0497094816029939,0.012960053863128186
639089883981739992,nan,132.09104689172372,0.022342361316671361,0.0022907328537616709,0,0,0,0,0,1.9201716723600972,-7.1066848137498226,0.012960053863079956,1.9351424475994183,-7.123269656165065,0.010669321009318285
639089883982039889,nan,160.06557828871138,0.030961876820009837,0.0010896837197058185,0,0,0,1,2,2.0253739639276227,-7.2328940969932161,0.010669321009306619,2.010782042119811,-7.2055863392278452,0.0095796372896008002
639089883982239701,nan,119.93553414884616,0.026591104610338936,0.0024580765256509689,0,0,0,0,0,2.0609722379281301,-7.2602070767847922,0.0095796372895996292,2.0763821422020459,-7.2818778334551704,0.012037713815250598
639089883982539705,nan,145.87762205979979,0.031583145979809574,0.00063614826358207935,0,0,0,1,2,2.1742238743290301,-7.3956656467725281,0.01203771381526917,2.1485745471346172,-7.3772372142712026,0.011401565551687091
639089883982740088,nan,123.28120220326448,0.017902655900285148,0.0011750247253954019,0,0,0,0,0,2.1965099691247745,-7.4405554007813492,0.011401565551733035,2.2124181082659629,-7.4487673553202276,0.012576590277128437
639089883983039855,nan,143.9797404870171,0.028307474338999338,0.0047519748371368069,0,0,0,1,2,2.3069018042720417,-7.5546266147723102,0.012576590277306187,2.288815984021134,-7.5328501088701927,0.017328565114442994
639089883983239614,nan,124.12907977272167,0.029533002244767518,0.0017507288325882692,0,0,0,1,2,2.3392311020406344,-7.5883364938216635,0.017328565115215647,2.3532764618267543,-7.6143158334989511,0.015577836282627378
639089883983539691,nan,135.89665349898971,0.030834528618286901,0.014187657998026362,0,0,0,1,2,2.449322368384192,-7.7356995036436595,0.015577836283651957,2.4219145354023248,-7.7215722658970218,0.02976549428167832
639089883983739711,nan,119.92579720721052,0.014673460696017587,0.0065205734041867726,0,0,0,1,2,2.4673441622589869,-7.7925623075457926,0.029765494282451281,2.4799099946289389,-7.8001392664111844,0.023244920878264509
639089883983939711,nan,100.66097317098674,0.013457849687905563,0.0030998165169759881,0,0,0,1,2,2.5375115261809276,-7.8781726093558131,0.023244920879432862,2.5459282387845836,-7.8886736886893729,0.020145104362456874
639089883984239627,nan,91.409000184556589,0.048487831718222608,0.003778258620456991,0,0,0,1,2,2.6438773622522356,-8.0200293339322055,0.020145104363395568,2.610112481934503,-7.985229870116453,0.023923362983852559
639089883984542003,nan,80.136809343749562,0.038853124876882181,0.012700054808721568,0,0,0,1,2,2.6742118117349212,-8.0816583113322658,0.023923362985824568,2.6591527420552024,-8.0458422572073349,0.036623417794546136
639089883984739879,nan,89.80168007908712,0.044879083152439922,0.0033555398697662497,0,0,0,1,2,2.6909993064981785,-8.0852037183166665,0.036623417796380467,2.7074338230894259,-8.1269654085245069,0.033267877926614217
639089883985040488,nan,88.890317770213059,0.01894588459351507,0.0069481161540843397,0,0,0,1,2,2.7800480365774201,-8.2489737335739903,0.033267877928422521,2.7643047219385348,-8.2384335918666007,0.04021599408250686
639089883985239876,nan,96.04946866812675,0.011455154187874957,0.0051907547994586786,0,0,0,1,2,2.8017133314695224,-8.3117552700914601,0.040215994084449883,2.8040818265996283,-8.3229628919751004,0.035025239284991204
639089883985539516,nan,82.350009460530529,0.028250560250451619,0.0064816567071842371,0,0,0,1,2,2.8633446452085125,-8.4489007806713019,0.035025239286852979,2.8501050713036498,-8.4239446624378491,0.041506895994037216
639089883985739928,nan,76.488986790213787,0.004815282966449572,0.0097648902444656474,0,0,0,1,2,2.8806798963339268,-8.4910303271492804,0.041506895995414787,2.8854393926725721,-8.4917611791516734,0.03174200575094914
639089883986040167,nan,66.852021714825085,0.016686887108860814,0.01010252989960729,0,0,0,1,2,2.9379168717705535,-8.5924802449344888,0.031742005752729181,2.930937662182358,-8.5773229748996869,0.041844535652336472
639089883986239909,nan,61.795617876922314,0.025665241167106653,0.0070982106596538114,0,0,0,1,2,2.9609305852482684,-8.6337261828656366,0.041844535654908387,2.9662726700409352,-8.6588293048673659,0.034746324995254575
639089883986540013,nan,78.202590827488322,0.028827175013534344,0.0085221404979295146,0,0,0,1,2,3.0189518438872334,-8.7803429647235038,0.03474632499628879,3.0052863610748686,-8.7549606756469469,0.043268465494218304
639089883986716757,nan,56.83443551158485,0.02507337520677733,0.01529547287975503,0,0,1,1,2,3.0281003868344478,-8.8111753918439213,0.043268465495031105,3.0332652968560714,-8.8357110362970097,0.027972992615276075
639089883987039647,nan,66.330495744478867,0.05563345915960978,0.010303309963909674,0,0,0,1,2,3.0840148930669571,-8.9821800881909457,0.027972992617081537,3.0594535301459302,-8.93226194289762,0.038276302580991212
639089883987240436,nan,92.208658176205233,0.0050256395397117399,0.0064519408876646187,0,0,0,1,2,3.0755655388829339,-8.9916637755259057,0.038276302582071313,3.0799222535425042,-8.9941689881233113,0.031824361694406694
639089883987539854,nan,63.62609131006046,0.0084785562254213812,0.0063267423831999542,0,0,0,1,2,3.1101481843451859,-9.0855864169944969,0.031824361695549919,3.1017425744318206,-9.0866962087100749,0.038151104078749873
639089883987741544,nan,62.841440554364389,0.027213504987149386,0.004931495896348996,0,0,0,1,2,3.1162573713777872,-9.148244974450229,0.038151104080047751,3.1189739965844625,-9.175322544525331,0.033219608183698755
639089883988039975,nan,53.704467358422001,0.03372240390838583,0.0024274416773481869,0,0,0,1,2,3.1442452910639718,-9.3053003380694257,0.033219608184273899,3.1353884956508056,-9.2727617809353173,0.035647049861622086
639089883988239842,nan,53.393299395999733,0.0084631336987289474,0.0041202402235833158,0,0,0,1,2,3.1462422451016869,-9.3371914692495768,0.035647049862229309,3.1494819508125498,-9.3450099690359529,0.031526809638645993
639089883988539969,nan,56.927998074324982,0.01989659771274457,0.0069721912249319992,0,0,0,1,2,3.1704503381617459,-9.4525015653823115,0.031526809639051419,3.1661343289416637,-9.4330787266362641,0.038499000863983418
639089883988740100,nan,67.669645242994818,0.015128955243767027,0.0086000686091140741,0,0,0,1,2,3.1771439858271764,-9.4913050529900733,0.038499000864226418,3.1713735676632404,-9.505290315267958,0.029898932255112344
639089883989040094,nan,57.925883204257588,0.011416243889769353,0.0051676190532770061,0,0,0,1,2,3.179142604099316,-9.6123697008428337,0.029898932255741341,3.178991112434705,-9.6009544621319591,0.035066551309018347
639089883989239855,nan,70.954744455535049,0.0060400855218195977,0.0012000137231544597,0,0,0,1,2,3.1840077315843769,-9.6639551540206003,0.035066551309619498,3.1800970175450742,-9.6685582995553077,0.033866537586465038
639089883989539914,nan,56.642610894198256,0.018603594083463161,0.0060472845261838742,0,0,0,1,2,3.1817431307079134,-9.76918498587548,0.033866537586815071,3.1741751204245694,-9.7521903122047835,0.039913822112998945
639089883989739968,nan,45.761077619090727,0.018573808577954837,0.0069473400687314404,0,0,0,1,2,3.1702666732817306,-9.8073873705525045,0.039913822113565568,3.1741956300351086,-9.8255408733528071,0.032966482044834128
639089883990039743,nan,64.21891792256865,0.023697781830623269,0.0097950197220021962,0,0,0,1,2,3.1742260655429004,-9.9343904086032566,0.032966482045623337,3.1703208070267852,-9.9110166237233077,0.042761501767625533
639089883990239903,nan,45.92129318880702,0.013450443180623666,0.0032499116036012812,0,0,0,1,2,3.1677689241599176,-9.967309285977711,0.042761501768423957,3.1615780951557149,-9.9792503101379708,0.039511590164822676
639089883990540010,nan,50.034000278160512,0.017543785820575988,0.0065634934166237391,0,0,0,1,2,3.1485695613572848,-10.080777185209053,0.039511590165287228,3.1456276359975779,-10.063481824672303,0.046075083581910967
639089883990739953,nan,44.695472831954802,0.0095530435384350854,0.0043202667052355329,0,0,0,1,2,3.1351077024649148,-10.119035707195158,0.046075083582420968,3.1336744865416541,-10.128480628209362,0.041754816877185436
639089883991039945,nan,40.387991755075284,0.013020417855045468,0.0022246782714143085,0,0,0,1,2,3.115919702327099,-10.225027545426466,0.041754816878064864,3.1217573660910714,-10.213389119291511,0.043979495149479172
639089883991240360,nan,47.235455115817615,0.011891395528364223,0.0034960357019010249,0,0,0,1,2,3.1139109620281809,-10.269294095008048,0.043979495150201421,3.1035493654971757,-10.275128699102643,0.040483459448300396
639089883991540246,nan,43.333982676107674,0.015705948299836438,0.0061686946488170788,0,0,0,1,2,3.0764983688763432,-10.366853057097362,0.040483459449133771,3.0821775329918766,-10.352209836585946,0.04665215409795085
639089883991739902,nan,48.198147436803872,0.012701075333507858,0.0021085956097293343,0,0,0,1,2,3.068102501704308,-10.402973823318943,0.046652154098844184,3.0591654554668168,-10.411998595846624,0.04454355848911485
639089883992039918,nan,51.057547006513147,0.01649550975515959,0.0079891384886168551,0,0,0,1,2,3.0250968944005048,-10.500513724206213,0.044543558490343915,3.0353923401634999,-10.48762552655783,0.05253269697896077
639089883992239435,nan,45.199879556344158,0.014577038876276828,0.004855173456131158,0,0,0,1,2,3.0197885424282478,-10.537264259853794,0.052532696980336344,3.010667613845126,-10.548635219539857,0.047677523524205186
639089883992539510,nan,47.179136694189289,0.013682141579668537,0.008705784567947919,0,0,0,1,2,2.9737610256593312,-10.639704361630065,0.04767752352534204,2.9796356414549883,-10.627347586668145,0.056383308093289959
639089883992739810,nan,39.749552862293058,0.0060713063219702519,0.0047084841633775049,0,0,0,1,2,2.959070306810339,-10.679511405013775,0.056383308094438464,2.9539883058048413,-10.682833155491357,0.051674823931060959
639089883993039859,nan,38.592204646023625,0.015285253296268548,0.0072961838048221511,0,0,0,1,2,2.9159272201822741,-10.765174690479808,0.05167482393241471,2.9198195077958622,-10.750393314851532,0.058971007737236861
639089883993239459,nan,40.269497685694247,0.017611568461904727,0.0082611573511289643,0,0,0,1,2,2.8973669032169522,-10.794787663842197,0.058971007738385893,2.8872987657232319,-10.809237575644554,0.050709850387256929
639089883993539914,nan,54.821419869726576,0.016295302652957522,0.0089612169951325468,0,0,0,1,2,2.8389281150109085,-10.896761260648027,0.050709850388377699,2.846032464471933,-10.882096162377401,0.059671067383510246
639089883993740000,nan,46.015327809191014,0.011222597067898809,0.006991233085081712,0,0,0,1,2,2.818944001184494,-10.929922768883001,0.059671067384690621,2.8140505778054008,-10.940022327912056,0.052679834299608909
639089883994039919,nan,55.706076044831804,0.022389094106350638,0.010178592145345958,0,0,0,1,2,2.7665507788970176,-11.026054813835069,0.052679834301146491,2.7698012869343223,-11.003902935079477,0.062858426446492449
639089883994239943,nan,57.610035957230195,0.015947083229806498,0.012455631535774545,0,0,0,1,2,2.7406291171900206,-11.04601741598916,0.062858426447639615,2.7308803456509674,-11.058637674188489,0.05040279491186507
639089883994540129,nan,46.714396621195093,0.032112720321968817,0.0091419896017656058,0,0,0,1,2,2.6729713753992241,-11.14007538546389,0.050402794913000919,2.6821039956758299,-11.109288666681916,0.059544784514766524
639089883994739846,nan,44.775917107050041,0.017938430759163029,0.0095951416355292141,0,0,0,1,2,2.6501206172351415,-11.142501276115372,0.059544784516573447,2.6409755325846338,-11.157933538581917,0.049949642881044233
639089883995039831,nan,43.727925519148535,0.020912232443910071,0.01203142680200809,0,0,0,1,2,2.5797775832152108,-11.230315684275457,0.049949642882035336,2.5862171920511647,-11.210419631806989,0.061981069684043426
639089883995239872,nan,39.891779346558245,0.013994827403076591,0.010331052750673517,0,0,0,1,2,2.5503932424068525,-11.244757033970819,0.061981069685061924,2.5414821641571321,-11.255548135789876,0.051650016934388407
639089883995539831,nan,40.887744931172925,0.022484284551938471,0.0032438037536749731,0,0,0,1,2,2.4749372301432913,-11.322678379383291,0.051650016935835319,2.4949057351211961,-11.312343880810069,0.054893820689510292
639089883995739763,nan,35.599072110915991,0.024022383374355499,0.0078338848105738088,0,0,0,1,2,2.4640137709105523,-11.35001383874366,0.054893820690990074,2.4412723703995152,-11.357753580714883,0.047059935880416265
639089883996040146,nan,44.488492585126735,0.031999042500534397,0.0047965207532126505,0,0,0,1,2,2.361251841727376,-11.425504470708132,0.04705993588192655,2.3821516950706894,-11.401273605036865,0.0518564566351392
639089883996239757,nan,42.005217722417562,0.01549414060606482,0.006243191684860018,0,0,0,1,2,2.3432793628170399,-11.429888380421646,0.05185645663647994,2.3291610613292173,-11.436271323020437,0.045613264951619922
639089883996540176,nan,60.442972974193204,0.032006169965976806,0.0045852755046480592,0,0,0,1,2,2.2498012696941063,-11.488684578170977,0.045613264953121756,2.2817305892910826,-11.486467944244245,0.050198540457769815
639089883996739823,nan,39.612135869182644,0.030712091476463577,0.0051512257611862761,0,0,0,1,2,2.25045139690332,-11.519571341807161,0.050198540458746471,2.2198364251741758,-11.522011847673241,0.045047314697560195
639089883997039412,nan,45.710656953523284,0.031043024977977989,0.0035524286125107676,0,0,0,1,2,2.1278810110227768,-11.574818996893272,0.045047314698865235,2.1530810579143322,-11.556690923734584,0.048599743311376002
639089883997240096,nan,62.937167904685403,0.0011593984380277172,0.0054735702806078673,0,0,0,1,2,2.1089311284813808,-11.579626589041442,0.048599743312637361,2.1087112693166374,-11.580764950445294,0.043126173032029494
639089883997539977,nan,49.356020799788077,0.0065223232783921045,0.0067677352405447824,0,0,0,1,2,2.0427326132727721,-11.616563451590718,0.043126173033787941,2.0492389146293735,-11.617020336264288,0.049893908274332724
639089883997739906,nan,60.97572231312202,0.030326753862784609,0.0098829022557662127,0,0,0,1,2,2.0099032549634193,-11.641000041206745,0.049893908275593736,1.9806214536937103,-11.648892323148946,0.040011006019827523
639089883998039982,nan,45.083995077123916,0.029708513897010781,0.0067429162545582164,0,0,0,1,2,1.8789338837625311,-11.696124978671104,0.040011006021051815,1.9054968776121792,-11.682820725377047,0.046753922275610031
639089883998241241,nan,46.842981893137676,0.0053907470114099403,0.0057251466408442531,0,0,0,1,2,1.8556778198131718,-11.705320433459198,0.046753922277341646,1.8610680619677635,-11.705246657745798,0.041028775636497393
639089883998539911,nan,48.177551634914167,0.0098705192093921715,0.0077086973520793384,0,0,0,1,2,1.7955192364136503,-11.738333146939944,0.041028775638122413,1.788127113197111,-11.731792224694994,0.048737472990201751
639089883998739887,nan,48.867314181069908,0.016633011913983451,0.0077956362254958111,0,0,0,1,2,1.7397484957658662,-11.749398766007866,0.048737472991533075,1.7231348150962713,-11.750200451694058,0.040941836766037264
639089883999039990,nan,37.328017746873556,0.017793500633295788,0.004836586928801255,0,0,0,1,2,1.6267512658897976,-11.777499844154613,0.040941836767180044,1.643790206804455,-11.772373133972254,0.045778423695981299
639089883999239791,nan,54.429133156324632,0.0046060608943265385,0.0055139004138337125,0,0,0,1,2,1.5915478183399541,-11.786972158478333,0.045778423697509743,1.5953490375716544,-11.789573413812743,0.040264523283676031
639089883999541452,nan,41.120225881224499,0.013996039246817058,0.0088800724735410702,0,0,0,1,2,1.5230589961609287,-11.815241847536326,0.040264523284984463,1.5273588994566158,-11.801922690421621,0.049144595758525533
639089883999739796,nan,38.937889544909922,0.015461885731546702,0.011410282371733728,0,0,0,1,2,1.4829885225700106,-11.809981830652896,0.049144595759488971,1.4675987951817284,-11.808489784644971,0.037734313387755243
639089884000039858,nan,44.647745115126263,0.019536235334457343,0.0035453440538998765,0,0,0,1,2,1.3781246879890723,-11.818322178674631,0.037734313388737714,1.397545671266645,-11.816203240361338,0.041279657442637591
639089884000339629,nan,50.858607168180939,0.011338315016373803,0.006553593672340853,0,0,0,1,2,1.3280915426551043,-11.823850741506517,0.041279657443970608,1.3394221323616722,-11.824269220074601,0.047833251116311461
639089884000539909,nan,41.080569430313737,0.028673441268241381,0.0088288441810993115,0,0,0,1,2,1.3007925983239712,-11.829629957630351,0.047833251117697803,1.2721381464937385,-11.828586585945782,0.039004406936598492
639089884000739721,nan,53.266583205269541,0.020589134342921388,0.0092428916720909485,0,0,0,1,2,1.2056414885584994,-11.832853431879682,0.039004406937837431,1.1850999454618976,-11.831454339244681,0.029761515265746483
639089884001039567,nan,48.87816367140541,0.050985698935406221,0.0060538399628693347,0,0,0,1,2,1.055726128318432,-11.83571697549527,0.029761515266743647,1.1067038421914071,-11.834814653924557,0.035815355229612982
639089884001240035,nan,53.721771715562923,0.007598233546757936,0.0071472578150770932,0,0,0,1,2,1.0546871570460881,-11.837044260032519,0.035815355230950689,1.0620311524011208,-11.835095187110246,0.028668097415873596
639089884001539452,nan,53.538837792610309,0.0047540722367243682,0.0049134646275138458,0,0,0,1,2,0.99606311392458635,-11.835509449696055,0.028668097417348229,0.99560416118991779,-11.83077758270518,0.033581562044862075
639089884001839858,nan,51.146922236064285,0.0021344000262741168,0.0052906224871139967,0,0,0,1,2,0.92984751010343092,-11.826503548894273,0.03358156204590345,0.92837863020821854,-11.824954983323947,0.038872184533017447
639089884002039818,nan,64.173275967614813,0.017480132560606786,0.0031248681580215223,0,0,0,1,2,0.88422750424121876,-11.821130925484876,0.03887218453446728,0.86685246459442855,-11.819217020678243,0.035747316376445758
639089884002240315,nan,51.404449720443282,0.026067967570637868,0.0068568049775355501,0,0,0,1,2,0.80572218054199973,-11.813515978155687,0.035747316377742415,0.77978250114639625,-11.810932963227907,0.028890511400206865
639089884002539709,nan,45.50646990055813,0.047640219662879839,0.0045176677099522909,0,0,0,1,2,0.6508514307010238,-11.798666133744968,0.0288905114011213,0.69832185526399693,-11.794647511924179,0.033408179111073591
639089884002740414,nan,65.808324395931663,0.018073773913412999,0.0078214472028531809,0,0,0,1,2,0.64443275138326395,-11.783874108797495,0.033408179112133271,0.66137771717466154,-11.77758686474294,0.02558673190928009
639089884003039797,nan,87.305516602272476,0.01333147802141646,0.0070870238337837344,0,0,0,1,2,0.60668257258855962,-11.75232887761508,0.025586731910644867,0.60006358717411978,-11.763901143526255,0.032673755744428601
639089884003339386,nan,67.736314366739933,0.013036686229537719,0.0080231615616300073,0,0,0,1,2,0.5389314427474865,-11.750256042698865,0.032673755746341966,0.52590048897409314,-11.749869478857949,0.040696917307971973
639089884003539856,nan,74.868829691469571,0.024476167313517674,0.0050442125116171299,0,0,0,1,2,0.4768213811525216,-11.740583707363959,0.040696917309228205,0.45808898785734031,-11.72482997105177,0.035652704797611075
639089884003840240,nan,89.971123621514309,0.023737841095395056,0.0063054227201193164,0,0,0,1,2,0.35747208798324448,-11.687677016046495,0.035652704798944279,0.37917938674164542,-11.697283174513007,0.041958127519063596
639089884004040064,nan,80.343318907683681,0.0072564506653008138,0.0075322044940759891,0,0,0,1,2,0.32699201363402569,-11.679064923139764,0.041958127520495672,0.32088175226591431,-11.675150746052392,0.034425923026419683
639089884004239760,nan,63.21960126071739,0.0089458450564735229,0.0046502618801540531,0,0,0,1,2,0.26290727053627427,-11.65314100104367,0.034425923027348697,0.26224482954291173,-11.644219716623546,0.029775661147194644
639089884004539735,nan,69.423176492808793,0.023232247246862771,0.0016322846502616686,0,0,0,1,2,0.17488366915495623,-11.59813662601419,0.029775661147765531,0.19595749894699105,-11.607915736916297,0.028143376497503862
639089884004739848,nan,74.434454893622018,0.012828236166769006,0.0095360435189259275,0,0,0,1,2,0.1520446277144164,-11.583865711492397,0.028143376498533754,0.13922954751433236,-11.584446540740812,0.018607332979607826
639089884005039835,nan,70.61243321065102,0.010165617104301104,0.0063102297553243418,0,0,0,1,2,0.055044532807584201,-11.549617949626709,0.018607332981069848,0.065091842622889876,-11.548071554920782,0.024917562736394189
639089884005339895,nan,58.561487829849938,0.019582083003024903,0.0042115824055837595,0,0,0,1,2,-0.0083753742243979218,-11.512025537918094,0.024917562737629458,0.011184137124089813,-11.512965479695938,0.029129145143213218
639089884005541536,nan,78.514016002846944,0.027533992546083321,0.0048568572813188042,0,0,0,1,2,-0.02464162129202941,-11.489634830425929,0.029129145144446738,-0.047563929461601109,-11.474380698732944,0.024272287863127934
639089884005739800,nan,79.463657461801063,0.020031720621816563,0.004495300820150698,0,0,0,1,2,-0.10474588515167918,-11.436824514103121,0.024272287864805998,-0.12156124126844502,-11.425938117558035,0.0197769870446553
639089884006039769,nan,89.384503565988084,0.045733928076692472,0.010416767542931752,0,0,0,1,2,-0.23262681043342193,-11.353228680976661,0.0197769870460957,-0.19626385663986326,-11.380965439416169,0.030193754589027452
639089884006239706,nan,77.721264622219294,0.0087812268124973156,0.0088328139192275432,0,0,0,1,2,-0.24562842640020013,-11.35124684259857,0.030193754590189806,-0.24335775923519806,-11.342764271351696,0.021360940670962263
639089884006539876,nan,83.874743348372007,0.010131338597134826,0.003188591027381938,0,0,0,1,2,-0.31331900180338834,-11.286013799675739,0.021360940672872756,-0.30651635652177833,-11.293521664814538,0.024549531700254694
639089884006839966,nan,95.122485524715842,0.0026016412032645515,0.0082368780865834622,0,0,0,1,2,-0.368783320718434,-11.244974234220308,0.024549531701726423,-0.36982951194678532,-11.24259221388785,0.032786409788309885
639089884007039616,nan,91.528957920790603,0.020948421512183808,0.0020410698377785717,0,0,0,1,2,-0.41179836098673883,-11.208832240572956,0.032786409789361613,-0.42681698755825337,-11.194228226749438,0.030745339951583042
639089884007279823,nan,80.342838613769132,0.0083397474693289592,0.00098811688969703201,0,0,0,1,2,-0.49483361864749492,-11.136504043744283,0.030745339952480275,-0.49014634352632624,-11.129606157126583,0.031733456842177307
639089884007539646,nan,72.330662649032803,0.0092885993789353031,0.0021861032606016843,0,0,0,1,2,-0.55815810038654756,-11.060206106868538,0.03173345684287622,-0.55223457637083573,-11.067360821513976,0.029547353582274536
639089884007739783,nan,71.133704075426863,0.012364419914410174,0.0049321475873120857,0,0,0,1,2,-0.59969824625695123,-11.019777053606358,0.029547353582934682,-0.6077448174376554,-11.010389211892006,0.024615205995622596
639089884008039619,nan,73.17031529270939,0.031281894132375448,0.0048946693832593313,0,0,0,1,2,-0.69018121157199586,-10.925782588411286,0.02461520599632698,-0.66869774059054032,-10.94852060448785,0.029509875379586312
639089884008339494,nan,68.710381439642546,0.0073594368200417823,0.0067091803719028717,0,0,0,1,2,-0.72871673434130491,-10.887599956730815,0.029509875380317865,-0.72168920255257951,-10.889785158613169,0.036219055752220737
639089884008539470,nan,80.533763361530234,0.037462701624018824,0.0023164220088583501,0,0,0,1,2,-0.75657337934164437,-10.851119728337915,0.036219055753001987,-0.77748592620490609,-10.820037267099105,0.033902633744143637
639089884008840310,nan,58.677214353620087,0.029972980087691926,0.0029994198064900932,0,0,0,1,2,-0.86072377795275312,-10.715986988273629,0.03390263374451128,-0.84145942107252836,-10.738949220075623,0.036902053551001374
639089884009039639,nan,92.112548871845235,0.010483767537905989,0.0051466821067103694,0,0,0,1,2,-0.88321461980391525,-10.686023433775974,0.036902053551705893,-0.89093484848007998,-10.678930659214734,0.031755371444995524
639089884009239505,nan,80.422436126508558,0.017811000316666634,0.0052001157366509676,0,0,0,1,2,-0.9401860353547159,-10.619184124181158,0.03175537144563495,-0.94315868623961385,-10.601622943156045,0.026555255708983982
639089884009539854,nan,83.484971911039111,0.033140248020498142,0.0013040218792322034,0,0,0,1,2,-1.0209247060013067,-10.486504758957606,0.026555255709461711,-1.002839452392188,-10.514275240421815,0.027859277588693915
639089884009839887,nan,96.02388175143723,0.017497903277141732,0.0042068321494242028,0,0,0,1,2,-1.0619599869395309,-10.427747482652618,0.02785927758935066,-1.0506276689505323,-10.441079968845839,0.032066109738774863
639089884010040161,nan,109.59250211459474,0.033103974716271432,0.0079336327744029683,0,0,0,1,2,-1.0822774527988117,-10.392603279591965,0.03206610973950675,-1.0959823840051204,-10.362469444743976,0.024132476965103782
639089884010344491,nan,84.147395202761913,0.027523651774715122,0.010155200372474287,0,0,0,1,2,-1.1645430164010806,-10.243637538537204,0.024132476965692217,-1.1550899613060024,-10.26948693227062,0.034287677338166504
639089884010539450,nan,104.11616485762698,0.025168271125425586,0.0086594314728005023,0,0,0,1,2,-1.1927598391717216,-10.210228203551473,0.034287677338548379,-1.201695494932947,-10.186699584221818,0.025628245865747877
639089884010839535,nan,115.44045236073458,0.043740165593078459,0.012500033392085226,0,0,0,1,2,-1.2726806533758241,-10.060605694484392,0.025628245866882775,-1.2497548860283092,-10.097856349212028,0.038128279258968001
639089884011039654,nan,157.84952015652348,0.033002209843079833,0.0021138045137640837,0,0,0,1,2,-1.2814320903041974,-10.039297444494498,0.03812827925969367,-1.2928297561359972,-10.008325859644618,0.040242083773457754
639089884011239414,nan,186.25709213097937,0.014992560025233453,0.0016726198160179132,0,0,0,1,2,-1.3355155687474658,-9.9196040204113647,0.040242083773910843,-1.3382660450193617,-9.9048659154996752,0.03856946395789293
639089884011539427,nan,153.99659538535445,0.029392798675847313,0.001201133425500045,0,0,0,1,2,-1.4060590839802141,-9.7504989062945366,0.038569463958831984,-1.393351760485722,-9.7770028785176812,0.039770597384332029
639089884011839499,nan,142.85437548688759,0.055330130360732956,0.0057781266158739922,0,0,0,1,2,-1.4480430530276305,-9.650055362239172,0.039770597384534652,-1.4306607607914437,-9.7025842042438413,0.045548724000408644
639089884012039728,nan,143.45489916951746,0.036295360494404849,0.0041610305237931161,0,0,0,1,2,-1.4552669070573985,-9.6535033720292152,0.045548724000676999,-1.4715533444857503,-9.6210672016431911,0.041387693476883883
639089884012339725,nan,191.83199993261667,0.043729316509637454,0.0036486925974820172,0,0,0,1,2,-1.5324374807511596,-9.4996981942117351,0.041387693477094457,-1.5086565319479615,-9.536395872563638,0.045036386074576475
639089884012539482,nan,127.40692241818785,0.036984302757938202,0.0065277239262721276,0,0,0,1,2,-1.5332588999466841,-9.4802520385850144,0.045036386074783635,-1.5424995551762444,-9.4444407423027066,0.038508662148511508
639089884012839916,nan,142.98662339826404,0.019861283664059499,0.0023974943259318163,0,0,0,1,2,-1.593057305317654,-9.3070699031612527,0.038508662148775297,-1.5840999000983556,-9.2893432147925381,0.040906156474707113
639089884013039736,nan,99.683736011361049,0.0049759867454116829,0.0032477508100568833,0,0,0,1,2,-1.6115415642846451,-9.1870331432287884,0.040906156475316729,-1.6132593730248375,-9.1823630707215749,0.037658405665259846
639089884013339652,nan,141.22362984530469,0.0068895137481318532,0.0090525202534573954,0,0,0,0,0,-1.6567505417921378,-9.0228028649431327,0.037658405665625332,-1.6559111498931158,-9.0159646765188821,0.046710925919082727
639089884013539455,nan,131.50106014248746,0.03591511307562556,0.0060833785205416449,0,0,0,1,2,-1.6841545475101112,-8.905778035882312,0.04671092591935911,-1.6778267910940574,-8.9411313220941206,0.040627547398817465
639089884013839781,nan,137.34877246587445,0.056142384995043815,0.0034648644983614751,0,0,0,1,2,-1.7106047095035419,-8.8292075338210445,0.040627547398923207,-1.7030838958187617,-8.8848438956220335,0.037162682900561732
639089884014039559,nan,121.29645414636808,0.05770195039190236,0.008560542911904355,0,0,0,1,2,-1.7198359387006303,-8.8475106623695243,0.037162682900620664,-1.7272347768117537,-8.7902850363473046,0.028602139988716309
639089884014339522,nan,123.54158996132068,0.014169795864641961,0.0028901796368081684,0,0,0,1,2,-1.7632910194493754,-8.6491126636071272,0.028602139988859292,-1.7623699108577131,-8.6349728378016941,0.025711960352051123
639089884014544694,nan,185.3987615672637,0.040153887500452158,0.0092346371453683566,0,0,0,1,2,-1.7862500450949497,-8.5294125133384942,0.025711960352350016,-1.7886525383955891,-8.4893305634440672,0.01647732320698166
639089884014840101,nan,133.77517282244801,0.067550495333947524,0.0033246511268177313,0,0,1,0,0,-1.8262102085672298,-8.2812088870443805,0.016477323207031828,-1.8144369889199354,-8.3477255069148928,0.019801974333849559
639089884015039544,nan,156.82795139494232,0.0061469486844155131,0.0037854084764599172,0,0,0,1,2,-1.8317184462748355,-8.2528178514914625,0.019801974334144306,-1.8354399237544408,-8.2577102520778443,0.016016565857684389
639089884015339488,nan,137.43897141615301,0.017172930134024652,0.0023962766649266165,0,0,0,0,0,-1.8668168676485752,-8.1232336361718556,0.016016565857713154,-1.8607765779433019,-8.1393092210652416,0.01841284252263977
639089884015539277,nan,131.92480590913627,0.041774658068235597,0.00026962726992838665,0,0,0,1,2,-1.8774430571165426,-8.0614248917945943,0.018412842522666895,-1.8811037461489377,-8.0198109348507263,0.018143215252738508
639089884015762866,nan,135.80924775311047,0.024273551370803486,0.0069491675167737289,0,0,0,0,0,-1.9036654422637349,-7.8871764236125381,0.01814321525272317,-1.9016538172831297,-7.8629863706756709,0.011194047735949441
639089884016039731,nan,141.85499916381673,0.04162064153838109,0.0013138037915735729,0,0,0,1,2,-1.9269066553477305,-7.670273396700849,0.011194047735962489,-1.9188492761610993,-7.7111066728700379,0.012507851527536062
639089884016339459,nan,134.21255297898151,0.057652445511145664,0.0017074890275921625,0,0,0,0,0,-1.937365713445202,-7.5475593712769715,0.012507851527543277,-1.9372243981412269,-7.6052116435947257,0.010800362499951114
639089884016539433,nan,143.94353807542211,0.031942816333846845,0.0015948281050546641,0,0,0,1,2,-1.9494360863569495,-7.5348362152028248,0.010800362499970621,-1.947405857624944,-7.5029579830273478,0.012395190605025285
639089884016839451,nan,117.6497126230249,0.0026880375750999142,0.001577154551056394,0,0,0,0,0,-1.9625949685197452,-7.3504118581578082,0.012395190605023325,-1.9601000046166355,-7.3494115076555699,0.010818036053966931
639089884017039771,nan,126.71715491722009,0.02428422937340324,0.0032346590695370428,0,0,0,1,2,-1.9685173616049645,-7.2475964350595241,0.010818036053955071,-1.9708628157995054,-7.2234257370786761,0.0075833769844180282
639089884017339420,nan,119.22990849583189,0.038570621396287572,0.0039386456996158455,0,0,0,0,0,-1.9868667906481048,-7.0360887050211858,0.0075833769844304184,-1.9857390962614228,-7.0746428376176533,0.003644731284814573
639089884017539306,nan,121.84801619147576,0.034760175647529229,0.0019085146899163637,0,0,0,1,2,-1.9956046054758996,-6.9759744191681046,0.0036447312848474156,-1.9951755860782701,-6.9412168911575636,0.0055532459747637793
639089884017839506,nan,121.06657583591634,0.055576913246230521,0.0028900696792117314,0,0,0,0,0,-2.0092488513558595,-6.7422298974881709,0.0055532459747661628,-2.0035008530066469,-6.7975087704954644,0.0084433156539778943
639089884018039685,nan,120.95508154379391,0.015596303444551898,0.0035109219743906022,0,0,0,1,2,-2.0090125588324237,-6.7023674503817592,0.0084433156539864551,-2.013311726347828,-6.6873753911566549,0.0049323936795958529
639089884018339572,nan,89.858322705003076,0.032359479568772213,0.0027767973921332071,0,0,0,0,0,-2.0279435408301874,-6.5231238389490951,0.0049323936796046271,-2.0213800766294345,-6.5548106951460614,0.0077091910717378342
639089884018539376,nan,128.14595485673004,0.028249054826791756,0.0062537354289142902,0,0,0,1,2,-2.0267372614860042,-6.4667910186078874,0.0077091910717368411,-2.0293408852967305,-6.4386622034593728,0.0014554556428225509
639089884018839437,nan,97.091771551136588,0.00780744979741915,0.0015063223317836353,0,0,0,0,0,-2.0412290523886623,-6.2652134076957378,0.0014554556428669888,-2.039494922084339,-6.2576009794085978,0.0029617779746506242
639089884019039296,nan,209.06180153145235,0.03662719272441884,0.00089018754893026514,0,0,0,1,2,-2.0462214399620837,-6.1376573957857596,0.0029617779746470424,-2.0471491456409669,-6.1010419535646818,0.0020715904257167773
639089884019339697,nan,147.0901947107991,0.1074096614329957,9.0894346539557684e-05,0,0,1,0,0,-2.0585749989371123,-5.8673382410658412,0.0020715904257937214,-2.0505818785616396,-5.9744500769935946,0.002162484772333279
639089884019539597,nan,133.78555624645341,0.036145455416014785,7.153559150806536e-05,0,0,0,1,2,-2.0528579495536654,-5.8905134280471039,0.0021624847722992225,-2.0561938918964882,-5.8545222425162482,0.0020909491807911572
639089884019839608,nan,138.80882331534804,0.021678508699073298,0.0037070157461129476,0,0,0,0,0,-2.0645589229622017,-5.6757628559664592,0.0020909491807929934,-2.0660248905702527,-5.6973917412448998,-0.0016160665653199542
639089884020039084,nan,134.10386491173867,0.034540592805136217,0.00010147257257372044,0,0,0,1,2,-2.0725263066243516,-5.5934785176290385,-0.0016160665653326314,-2.0754937387643158,-5.559065629086736,-0.0017175391379063518
639089884020339630,nan,113.38295156587176,0.047786169301080157,0.00081912278815531665,0,0,0,0,0,-2.0896712574139702,-5.3519526841262071,-0.0017175391379374001,-2.0844253809937241,-5.3994500393900005,-0.0025366619260927168
639089884020539392,nan,120.58512171589587,0.0265664844336015,0.0048245934847374926,0,0,0,1,2,-2.090333821987123,-5.2938614735779348,-0.0025366619261269693,-2.0905886831174585,-5.2672962116563005,-0.007361255410864462
639089884020839355,nan,113.15746011672253,0.045304002581022101,0.0033658591867474349,0,0,0,0,0,-2.0997891377506024,-5.0700196102094885,-0.007361255410886689,-2.0963964743034431,-5.1151964016470792,-0.010727114597634124
639089884021039509,nan,124.30626167440762,0.025028256331131718,0.0011410293010499437,0,0,0,1,2,-2.1002562321532485,-5.0141134913224557,-0.01072711459763806,-2.1023184298762421,-4.989170336840151,-0.0095860852965881163
639089884021339689,nan,108.25628830199629,0.038165361666871289,0.0012084744175096876,0,0,0,0,0,-2.1111479006868463,-4.8012689845066046,-0.0095860852966138492,-2.1121366298860753,-4.8394215367899536,-0.010794559714123537
639089884021539449,nan,109.98926218458413,0.043934005960547515,0.0021498473140554794,0,0,0,1,2,-2.1186251827109643,-4.7404570627910232,-0.010794559714146822,-2.1203702131288065,-4.6965577262518199,-0.012944407028202301
639089884021839861,nan,107.10525330711489,0.047084549233467846,0.0017468837689281983,0,0,0,0,0,-2.1326754574692792,-4.4830450860978841,-0.012944407028236593,-2.130645593042646,-4.5300858601872669,-0.014691290797164792
639089884022039720,nan,118.75107806787206,0.023517024118676257,0.00027118844875600318,0,0,0,1,2,-2.1374460790212693,-4.4199108982393902,-0.014691290797172581,-2.1379104386910672,-4.3963984591167584,-0.014420102348416577
639089884022339714,nan,102.77704281273924,0.040601705279925848,0.0058679443088873826,0,0,0,0,0,-2.1487586151777633,-4.1967707462863038,-0.01442010234847149,-2.1466773197938767,-4.237319071543495,-0.020288046657358873
639089884022639655,nan,102.86800483611356,0.03294587910826853,0.0034059523971903191,0,0,0,1,2,-2.155403549732958,-4.0789773194136894,-0.020288046657424712,-2.1559224729360924,-4.1119191115465696,-0.023693999054615032
639089884022839607,nan,104.29541233809717,0.046113495801067335,0.0012678346149098962,0,0,0,0,0,-2.1620685527430603,-4.0285545474256823,-0.023693999054630772,-2.1669323984016726,-3.982698277402879,-0.024961833669540669
639089884023039460,nan,96.146162473429072,0.036891081713753111,0.002219334093207407,0,0,0,1,2,-2.1778758460924141,-3.8542576768351124,-0.024961833669565937,-2.1831256676366277,-3.8177420461577611,-0.02274249957635853
639089884023339666,nan,85.678752793135402,0.081716811596761654,0.00038802201086004032,0,0,1,0,0,-2.2072955401461205,-3.571530424465303,-0.022742499576387534,-2.1946671023578395,-3.6522655460454936,-0.023130521587247575
639089884023539455,nan,96.119860555097006,0.0083842449749044895,0.00036589893144348129,0,0,0,1,2,-2.2023104483298361,-3.5426782918483495,-0.023130521587284278,-2.2055833010586618,-3.5349592246239609,-0.022764622655840797
639089884023839398,nan,87.987463451952536,0.02976854663931169,0.0015247116727183409,0,0,0,0,0,-2.2218748792483161,-3.3598886565666364,-0.022764622655874995,-2.2191205840292159,-3.3895295105837344,-0.024289334328593336
639089884024139683,nan,91.639963851615519,0.0084250078260314186,0.00052699080716574198,0,0,0,1,2,-2.2326258424342402,-3.2444438333356285,-0.024289334328711054,-2.2357101992493527,-3.2522839545021514,-0.024816325135876796
639089884024339225,nan,88.256462395414999,0.049327526741351921,0.00083186181117602537,0,0,0,0,0,-2.2466982586446558,-3.1613799581192015,-0.02481632513589831,-2.2527134363654246,-3.1124205613561045,-0.025648186947074336
639089884024539416,nan,79.568123352776794,0.028343929651436853,0.0013478993626635204,0,0,0,1,2,-2.2696840677122272,-2.9728253732286087,-0.025648186947111094,-2.2726497213879546,-2.9446370202018488,-0.024300287584447574
639089884024839444,nan,66.028336930710566,0.094792483485366577,0.00094354078810952868,0,0,1,0,0,-2.3023236420103945,-2.6949016519355578,-0.024300287584481967,-2.2906588008785618,-2.7889736796945712,-0.025243828372591495
639089884025039643,nan,75.01981378595589,0.0022939253554526721,0.0029870372299131802,0,0,0,1,2,-2.3026153261831888,-2.6856262170578091,-0.025243828372630495,-2.3044249523331617,-2.6842164841988168,-0.028230865602543675
639089884025339321,nan,64.814601221947299,0.016697049175408599,0.0015995212688866695,0,0,0,1,2,-2.324925125170842,-2.5282149596815167,-0.028230865602557303,-2.3237153090097675,-2.5448681214240332,-0.026631344333670634
639089884025639678,nan,65.416388376973387,0.022199092256622571,0.0047661836286880012,0,0,0,0,0,-2.3429514990111424,-2.4059110441830995,-0.026631344333676973,-2.3400676429407135,-2.4279220203355352,-0.031397527962364974
639089884025839432,nan,70.210443126530564,0.049809953077307595,0.0027990610615796149,0,0,0,1,2,-2.3508620299472782,-2.3507243873010761,-0.031397527962369304,-2.3565317211647119,-2.3012381667233988,-0.034196589023948919
639089884026139431,nan,64.517432294889744,0.031378011615051563,0.0021671208834607852,0,0,0,0,0,-2.3810587131627696,-2.1125137315285452,-0.034196589023956059,-2.3732598617169502,-2.1429071112195297,-0.036363709907416844
639089884026339538,nan,67.302922867753168,0.0092128231233271334,0.0011995704427983575,0,0,0,1,2,-2.3843327270619148,-2.0381029668470187,-0.036363709907408122,-2.3869235265393884,-2.029261933651219,-0.037563280350206479
639089884026539528,nan,54.384093373732988,0.017779242480670528,0.00088326003963842131,0,0,0,0,0,-2.4004567880716765,-1.9167013629769716,-0.037563280350198701,-2.3998072515306847,-1.8989339893537149,-0.038446540389837122
639089884026839555,nan,63.873170782484998,0.064277180533322265,0.0030627605379419179,0,0,1,1,2,-2.4189607536993107,-1.7051828369951256,-0.038446540389816937,-2.4119910982582291,-1.7690810360334859,-0.035383779851875019
639089884027139451,nan,53.395772672159481,0.036654641680701296,0.0047537047097457284,0,0,0,0,0,-2.4240589604062532,-1.6404642227047621,-0.035383779851797595,-2.4228397136672264,-1.6770985808147383,-0.030630075142051866
639089884027339969,nan,66.863693529802575,0.028609199915985182,0.00088049597083901879,0,0,0,1,2,-2.4300154441720361,-1.616257516316032,-0.030630075141972926,-2.4336632387025965,-1.5878818239915156,-0.029749579171133907
639089884027639650,nan,61.640692207024308,0.0076062613546411667,0.0042950209356798254,0,0,0,0,0,-2.4496935289568653,-1.4557464519433954,-0.029749579171109715,-2.4461068407587545,-1.4624539760443316,-0.02545455823542989
639089884027839875,nan,74.623930503486321,0.022403968118221724,0.0016330345095003015,0,0,0,1,2,-2.4543527357313288,-1.3793377805777098,-0.025454558235362513,-2.4556517010828971,-1.3569715006801113,-0.027087592744862814
639089884028039496,nan,77.389728472340181,0.017861570425696735,0.0021584783839405999,0,0,0,0,0,-2.4650808606999837,-1.2527676607874663,-0.027087592744808733,-2.4674687483578963,-1.2350664266326026,-0.029246071128749333
639089884028339576,nan,91.332168749877539,0.073608208737066291,0.00038564171315224466,0,0,1,1,2,-2.4850645205268416,-1.0535478239511631,-0.029246071128623322,-2.4766225918402527,-1.1266703391809476,-0.028860429415471078
639089884028539570,nan,70.591185637137272,0.0034921183423959031,0.0038049720300833284,0,0,0,0,0,-2.4826666364968588,-1.0550992232423853,-0.028860429415320445,-2.482660803975453,-1.0585913367140514,-0.032665401445403773
639089884028839507,nan,74.207222776238439,0.0071804292662180592,0.0037524188058116852,0,0,0,1,2,-2.4916162957316996,-0.95762089518027549,-0.032665401445174491,-2.4901851785768039,-0.96465726271872343,-0.028912982639362806
639089884029139495,nan,59.475313033116841,0.007320610177143954,0.0072822299599825599,0,0,0,1,2,-2.4976498282018924,-0.87146879359248453,-0.028912982639022901,-2.4923980283002609,-0.87656878684335526,-0.021630752679040341
639089884029339706,nan,76.477043918448587,0.031561492479007539,0.0060005760961356971,0,0,0,1,2,-2.4938625855136345,-0.81826812078782529,-0.021630752678856759,-2.4951419135230988,-0.78673256740205688,-0.027631328774992456
639089884029539621,nan,71.688529228686207,0.010625910753780216,0.0034489923616393206,0,0,0,1,2,-2.4978492811653314,-0.69809195241149347,-0.02763132877469434,-2.4998032688086966,-0.68764724506102748,-0.031080321136333661
639089884029839568,nan,66.12366781124814,0.062398545352487136,0.0062664788202898905,0,0,1,1,2,-2.5067134048573205,-0.54076012407418372,-0.031080321135961569,-2.5054896722043223,-0.60314666862106803,-0.024813842315671679
639089884030039165,nan,61.778776994966968,0.0040752574116264774,0.0033683635306800026,0,0,0,1,2,-2.5092272851379849,-0.54760533160532043,-0.024813842315281835,-2.5052526371256434,-0.54850527390847459,-0.028182205845961837
639089884030339628,nan,61.970439490991261,0.0079618720325684931,0.006782765888832528,0,0,0,1,2,-2.5049011408768331,-0.46747825723956116,-0.02818220584538814,-2.5037370112955757,-0.47535456402517062,-0.021399439956555612
639089884030647008,nan,62.294082378381496,0.0040004736162262012,0.0074775384842853797,0,0,0,1,2,-2.5022066463588981,-0.40149248060218801,-0.021399439955751526,-2.5017472710893918,-0.40546649161323062,-0.013921901471466146
639089884030839233,nan,56.548825032064201,0.024214328440050902,0.0039480955268145768,0,0,0,1,2,-2.5005214923010297,-0.36241196798455005,-0.013921901470637512,-2.4968630745118925,-0.33847560065191618,-0.017869996997452089
639089884031139590,nan,54.740699646580005,0.027010117607497847,0.0071956775991972449,0,0,0,1,2,-2.4893256679850189,-0.23509368905993352,-0.017869996996730465,-2.4888882184547994,-0.26210026402010528,-0.01067431939753322
639089884031340038,nan,52.446494029932744,0.0010019470548460981,0.0066670723997085176,0,0,0,1,2,-2.4836370606517706,-0.21180983344156645,-0.010674319396665488,-2.4845905881978401,-0.21150212721868253,-0.017341391796374006
639089884031539368,nan,44.088582553224008,0.0073547877175370634,0.007762803114398472,0,0,0,1,2,-2.4803555111701328,-0.1616404606722163,-0.017341391795379486,-2.4792214867077735,-0.15437362567417176,-0.025104194909777958
639089884031839245,nan,42.649463101363388,0.022765180602576998,0.0081571711726497603,0,0,0,1,2,-2.471231651144886,-0.069359897746081645,-0.025104194908745957,-2.4703751262923594,-0.092108959551900196,-0.016947023736096196
639089884032139583,nan,48.038974533309116,0.01604273434975877,0.0072668647063662828,0,0,0,1,2,-2.461645634464757,-0.030666867150182915,-0.016947023735099043,-2.4590181543102765,-0.046492974487577693,-0.0096801590287327599
639089884032339782,nan,57.11169098299451,0.014304647494524814,0.0070350175325796446,0,0,0,1,2,-2.4516343839382242,-0.01683560106609662,-0.0096801590275792902,-2.4469081145070302,-0.0033342930847795557,-0.016715176560158935
639089884032639752,nan,46.311986929129205,0.011677840971101635,0.0061915229177526964,0,0,0,1,2,-2.4290154202428309,0.060433052335443278,-0.016715176558953198,-2.4310837479216842,0.04893983736489526,-0.010523653641200502
639089884032839268,nan,45.41197052457445,0.0062256592962094378,0.0089012471961941557,0,0,0,1,2,-2.4207764618356431,0.082988872726778129,-0.010523653639896564,-2.4184329684472479,0.088756616862142215,-0.019424900836090719
639089884033039603,nan,56.071203121930274,0.0050001280456614663,0.0043291037965638192,0,0,0,1,2,-2.4059324230596801,0.12810055296488526,-0.019424900834816534,-2.4012769111522601,0.12992469368118983,-0.023754004631380353
639089884033339188,nan,52.682955581555582,0.024771005978139936,0.0074382966228355857,0,0,0,1,2,-2.3760505506591576,0.19045845903230207,-0.023754004630199946,-2.3819048654898096,0.16638918951632689,-0.016315708007364361
639089884033639263,nan,53.876368281728077,0.010535130197464083,0.0055979210983283702,0,0,0,1,2,-2.3628962387507011,0.20216961263929267,-0.016315708006330951,-2.3664555652975032,0.19225396022451183,-0.010717786908002581
639089884033839751,nan,43.018255555026002,0.010718658774901125,0.0082863011473116362,0,0,0,1,2,-2.3563000098468159,0.20925609688291497,-0.010717786907089173,-2.3519272075540032,0.21904222206302262,-0.019004088054400809
639089884034139668,nan,46.99680084913085,0.0077006252435305985,0.0042371522145012528,0,0,0,1,2,-2.3304775016373611,0.25859248291140641,-0.01900408805356945,-2.3324856366859432,0.25115830355064594,-0.014766935839068197
639089884034339744,nan,50.872939278964772,0.0056430474460503468,0.0074061285768461053,0,0,0,1,2,-2.3198912326905985,0.27196335617461131,-0.014766935838271157,-2.3142884912490014,0.2712901007869718,-0.022173064415117263
639089884034639755,nan,60.473057941143118,0.012182427909803019,0.0066157432653792536,0,0,0,1,2,-2.287369333732781,0.3010712014968171,-0.022173064414220494,-2.2950663957427926,0.29162838485179093,-0.01555732114884124
639089884034839797,nan,46.952475782913524,0.0025448702054848759,0.0072236100361815405,0,0,0,1,2,-2.2826365725468643,0.30477998296723108,-0.015557321148009487,-2.280091763551471,0.304797633455337,-0.022780931184191028
639089884035139605,nan,54.735005667490121,0.0033540626116157473,0.0058628350291985223,0,0,0,1,2,-2.2580109729450935,0.32421630211731284,-0.022780931183380627,-2.258076901801529,0.32086288753087594,-0.016918096154182105
639089884035340255,nan,45.943670767668465,0.0050503788506652139,0.0037122927217251474,0,0,0,1,2,-2.2436186441601542,0.33141374109228422,-0.016918096153258545,-2.2386837329418969,0.33248750913202318,-0.020630388874983693
639089884035539647,nan,48.217055895867084,0.0050862639603072779,0.0054392706676741447,0,0,0,1,2,-2.2196168133673155,0.34391657091961925,-0.020630388873979544,-2.2158163495245788,0.34053625205093663,-0.026069659541653689
639089884035839228,nan,45.722135961071267,0.012100133007776737,0.0070336535827170352,0,0,0,1,2,-2.1819724242939036,0.35244846118205819,-0.026069659540642883,-2.1938350945647671,0.35006303190189519,-0.019036005957925848
639089884036139706,nan,39.699122479272646,0.0019262826851974509,0.0054249281808070367,0,0,0,1,2,-2.1719446627492913,0.3595504485725875,-0.019036005956783425,-2.173770717314107,0.3601637101070142,-0.013611077775976388
639089884036339751,nan,40.007647142513221,0.0093140215836219117,0.0066125475590120726,0,0,0,1,2,-2.1605745691619398,0.36680682912172125,-0.013611077774838502,-2.1524712759331313,0.37139895683206647,-0.020223625333850574
639089884036639836,nan,56.920229010232568,0.0022467089461714004,0.0056886284612086471,0,0,0,1,2,-2.1206851328346343,0.38816583600798743,-0.020223625332621283,-2.1227763411202876,0.38734452669060337,-0.014534996871412636
639089884036839188,nan,55.349872490993469,0.0076565683686945982,0.0045789973194918648,0,0,0,1,2,-2.1031479959087198,0.39788454476948326,-0.014534996870044531,-2.0961879018691238,0.40107517639103962,-0.019113994189536396
639089884037039412,nan,50.338543200130644,0.0066398766733377097,0.0051576104625726156,0,0,0,1,2,-2.0697667973720888,0.41471941203497759,-0.019113994188184071,-2.065532570652004,0.40960479706217129,-0.024271604650756687
639089884037295699,nan,45.234969490850752,0.0038592150661949541,0.0011251230285965093,0,0,0,1,2,-2.0267756669864636,0.42038862074077621,-0.0242716046491478,-2.0298297071902245,0.42274793830332652,-0.023146481620551291
639089884037573845,nan,55.739509339041994,0.0082112341332493954,0.0047209388656144213,0,0,0,1,2,-1.9914104905452366,0.4368910389339013,-0.023146481618609549,-1.9984103697843953,0.43259848064912126,-0.018425542752995128
639089884037840840,nan,65.437039457124612,0.0029899722292218607,0.003021342263650896,0,0,0,1,2,-1.9682738073248747,0.44204684936644251,-0.018425542750896237,-1.9655417161089941,0.44326159687914879,-0.015404200487245341
639089884038139677,nan,53.313028127274194,0.0017476877959256272,0.0088958232194113959,0,0,0,1,2,-1.9290399235344762,0.45510336139649904,-0.015404200484406988,-1.9299510866128118,0.45361198804394598,-0.0065083772649955915
639089884038339692,nan,158.02540399457945,0.022668616064236872,0.0067864242344259154,0,0,0,1,2,-1.9064444493677508,0.46044813828628633,-0.0065083772624635362,-1.8866898453651644,0.47156667123667029,-0.013294801496889452
639089884038639460,nan,56.662712025277393,0.020968836618142965,0.0088925093216629409,0,0,0,1,2,-1.8226290479440821,0.49815377991865645,-0.013294801494305957,-1.8379476250690741,0.4838347958770407,-0.0044022921726430166
639089884038839084,nan,69.066997963830261,0.0078097409022729334,0.0092715853176416219,0,0,0,1,2,-1.8058135342463058,0.49192275389421636,-0.0044022921699368965,-1.8012357936064176,0.48559532601279792,-0.013673877487578518
639089884039139339,nan,50.109437245959256,0.0068013767172585612,0.0093237279091662496,0,0,0,1,2,-1.7467238071115512,0.48820946949626387,-0.013673877485360664,-1.7517312532626779,0.49281210008035742,-0.0043501495761944153
639089884039339235,nan,58.003069068308697,0.012192720218582946,0.011236707171702722,0,0,0,1,2,-1.7191147512400111,0.49756693517906264,-0.0043501495740984487,-1.7081555945911642,0.50291102648392216,-0.01558685674580117
639089884039639409,nan,57.611805093137249,0.01298175561768272,0.0097356684762855833,0,0,0,1,2,-1.643391433785236,0.51792051833115083,-0.015586856744403792,-1.651264458319883,0.50759862588867288,-0.0058511882681182075
639089884039839174,nan,54.692954048018741,0.0065838737372997842,0.013261539389029948,0,0,0,1,2,-1.6139566608014473,0.51067263742899538,-0.005851188266688236,-1.6080461213212647,0.5077721346377696,-0.019112727655718184
639089884040139478,nan,52.920254782891746,0.012228415045538454,0.0055803106507450167,0,0,0,1,2,-1.5435246717496589,0.50803116903803891,-0.0191127276544268,-1.5556683893814824,0.50946792114069595,-0.013532417003681784
639089884040339297,nan,42.520850278692784,0.01270077805508112,0.009307093746599231,0,0,0,1,2,-1.5212178034767321,0.51058329663389879,-0.013532417002411963,-1.5085756952379414,0.51180266634121974,-0.022839510749011194
639089884040639657,nan,53.387782470745371,0.012295251220637338,0.0062346880506928791,0,0,0,1,2,-1.4386281393873297,0.51527050192125279,-0.022839510747626812,-1.4492425521875743,0.50906506531416473,-0.016604822696933932
639089884040839236,nan,51.250109378272121,0.0091638625177297272,0.0054086854955809754,0,0,0,1,2,-1.4102702962024662,0.50726690525510776,-0.016604822695575245,-1.4011936147526016,0.50600586199592301,-0.02201350819115622
639089884041139655,nan,62.970866234509529,0.019338446213922021,0.0083036545685665313,0,0,0,1,2,-1.3294805121932944,0.50143999700447028,-0.022013508189431135,-1.3485256696506509,0.49808478026135899,-0.013709853620864604
639089884041339570,nan,67.073669801640449,0.013353898565936644,0.0061976373585636794,0,0,0,1,2,-1.3138441278239741,0.49286879306159198,-0.01370985361909516,-1.3021978957409446,0.48633489030921351,-0.019907490977658839
639089884041639430,nan,74.466966053678476,0.013869280171314981,0.010071382283380177,0,0,0,1,2,-1.2333823749435375,0.46888154152657963,-0.019907490975929386,-1.2456540993602767,0.47534387178044613,-0.0098361086925492086
639089884041839156,nan,58.992018330165024,0.0098031470066317194,0.0081810497756753808,0,0,0,1,2,-1.2085647927461851,0.46813442914822151,-0.0098361086910096415,-1.1995394798126628,0.4643074959523546,-0.018017158466685022
639089884042139488,nan,55.789818975166789,0.015255170610520829,0.0075575402260698085,0,0,0,1,2,-1.1312279982218847,0.44795885876082009,-0.018017158464997775,-1.1464534341375274,0.44700684429939913,-0.010459618238927966
639089884042339423,nan,54.582280261815683,0.011813424426954953,0.0055206053818679501,0,0,0,1,2,-1.1115041480653274,0.43561693163657245,-0.010459618236707475,-1.1016870001577304,0.429045736642377,-0.015980223618575425
639089884042639317,nan,47.653315332072538,0.018039090151438137,0.00730098619386132,0,0,0,1,2,-1.0352669544210347,0.40239680604854156,-0.015980223616335908,-1.0501253570241977,0.41262601156871903,-0.0086792374224745877
639089884042839101,nan,37.424989721190173,0.01202266413190466,0.0083667379895217674,0,0,0,1,2,-1.0159798653148919,0.40175243283268663,-0.0086792374205971034,-1.0065584253717896,0.39428377015272154,-0.017045975410118871
639089884043139573,nan,53.603832123598401,0.015029094514623979,0.0051242917853869911,0,0,0,1,2,-0.94129900857725668,0.36680871207283122,-0.017045975409542346,-0.95514156438210296,0.37266168830029167,-0.022170267194929337
639089884043339308,nan,41.469396307212371,0.014357200327426659,0.010320340011213701,0,0,0,1,2,-0.92093818172041519,0.35827830655924497,-0.022170267194641741,-0.90872298274695407,0.35073389702100977,-0.032490607205855442
639089884043639680,nan,51.031558658148839,0.017039832488153463,0.003639288543372296,0,0,0,0,0,-0.83901969387625286,0.31780658394949463,-0.032490607205807202,-0.85529692526210399,0.32284718209215518,-0.036129895749179498
639089884043839597,nan,67.900040582664232,0.012593598400629593,0.0071893781594886269,0,0,0,1,2,-0.81989307944420953,0.30436749255135931,-0.036129895749181053,-0.80770767892595741,0.30754785965062964,-0.04331927390866968
639089884044120240,nan,55.629150422321679,0.013993066747735849,0.0035163732220936036,0,0,0,0,0,-0.74093722237917237,0.28608202812513184,-0.043319273908692051,-0.75414666817913412,0.29069900318077851,-0.046835647130785654
639089884044339585,nan,70.457413993966469,0.012111921188412389,0.0031519121899970179,0,0,0,0,0,-0.71199007524458691,0.27743767047423967,-0.046835647130845308,-0.70250648795800053,0.26990373345220331,-0.04368373494084829
639089884044639365,nan,103.68089575306226,0.020828030614168706,0.011924894222445602,0,0,0,1,2,-0.63213602506385647,0.24156586262096369,-0.043683734941305563,-0.65010713588346603,0.25209420699099933,-0.055608629163751165
639089884044839337,nan,67.712892484391801,0.0097396015531614095,0.0009439396317914156,0,0,0,1,2,-0.61509634982641392,0.24019471785564325,-0.055608629164240399,-0.60617106064394799,0.24409331393932526,-0.054664689532448983
639089884045139648,nan,74.31311760616822,0.010227811496475159,0.0060658831080824885,0,0,0,1,2,-0.54042166738233188,0.23212014927154689,-0.054664689533114041,-0.55064270782178615,0.23249225186824571,-0.06073057264119653
639089884045339556,nan,77.83993077315283,0.012648237895556493,0.0069349495141419124,0,0,0,1,2,-0.51377841905473975,0.2247905124782377,-0.060730572641980327,-0.50131364115857402,0.22264406567902523,-0.053795623127838414
639089884045639567,nan,77.498583042754973,0.025449916586011596,0.0083886949298183355,0,0,0,1,2,-0.42755638775812954,0.20791897125848152,-0.053795623129328257,-0.4520617898516921,0.21478799756995887,-0.062184318059146593
639089884045839407,nan,91.894476995569988,0.0056875250728624189,0.0058707006466421213,0,0,0,1,2,-0.41918078682727622,0.20954321199540862,-0.062184318061000179,-0.41986174469554627,0.21518982494797406,-0.068055018707642301
639089884046139601,nan,92.762587722608572,0.0037511440984990523,0.0092152834306688108,0,0,0,1,2,-0.37121642944157018,0.21579687439111739,-0.068055018709635567,-0.37433551487279043,0.21371303463709265,-0.077270302140304378
639089884046339249,nan,84.372307345139276,0.012081955020167706,0.0088522574138387572,0,0,0,1,2,-0.34372465480472247,0.21272007251981948,-0.07727030214208308,-0.33164270674688495,0.21273304314323466,-0.068418044728244323
639089884046639529,nan,67.86077763183836,0.018888588595442121,0.0050395025243697433,0,0,0,1,2,-0.26749639780652201,0.21126059755149579,-0.068418044729838839,-0.28627007023353862,0.21334098278768221,-0.073457547254208583
639089884046839285,nan,76.954188823814206,0.0058788133974567499,0.0077785593875360493,0,0,0,1,2,-0.2557948956396886,0.21374931406906172,-0.073457547255859651,-0.25047817734554356,0.216257890068074,-0.065678987868323602
639089884047139504,nan,77.855424195281344,0.0084333860270374168,0.0086392032528774254,0,0,0,1,2,-0.19673702472310695,0.22063759582522913,-0.06567898787034715,-0.20487575842009428,0.22284735004019349,-0.074318191123224575
639089884047339273,nan,89.37614703909685,0.0046806918834965275,0.0059730216780818635,0,0,0,1,2,-0.17436666828047048,0.22725585364587927,-0.074318191125603714,-0.17032724473131799,0.22962058067003716,-0.06834516944752185
639089884047639193,nan,62.794075165038578,0.012517852207439553,0.011378783698352518,0,0,0,1,2,-0.11833775571525243,0.23981311174693654,-0.068345169449968074,-0.13069882186379736,0.23783810097263786,-0.079723953148320592
639089884047839377,nan,93.082251261851397,0.011956257466303868,0.0089841402750729243,0,0,0,1,2,-0.10420080104413115,0.24333284460127741,-0.079723953150404869,-0.093823424011770643,0.24927103780534071,-0.070739812875331945
639089884048139561,nan,91.010033766376651,0.0099625860508334302,0.0036616714296840991,0,0,0,1,2,-0.038744485266994061,0.26634784413589885,-0.07073981287690069,-0.04870704035545613,0.26632300606795067,-0.074401484306584789
639089884048339251,nan,92.532562638350612,0.0031733198122600656,0.006823032740741905,0,0,0,1,2,-0.018705016467675428,0.27766242464914054,-0.074401484308252844,-0.016280899184755053,0.27971025619239037,-0.067578451567510939
639089884048639416,nan,96.047678829462498,0.0072736720589727834,0.01026586207399402,0,0,0,1,2,0.03255305583825966,0.29987153184394522,-0.067578451569776474,0.026455980825409019,0.2959051756434567,-0.077844313643770494
639089884048839320,nan,148.86350240112378,0.013725596007707418,0.0083119402793599417,0,0,0,1,2,0.055372393076262509,0.30686290037921243,-0.077844313646047922,0.068509575752737098,0.31083862887745395,-0.06953237336668798
639089884049139370,nan,122.56519985983518,0.019034737290897007,0.0077193214062759308,0,0,0,1,2,0.13157119159759592,0.33323214107794191,-0.069532373369380993,0.11281262738597664,0.33000143025027234,-0.077251694775656923
639089884049439334,nan,78.545818394801046,0.0087032447905853252,0.0069187949552145106,0,0,0,1,2,0.15709755693466951,0.34915639311324037,-0.077251694777444244,0.14840477012068493,0.34958292246916606,-0.084170489732658754
639089884049639335,nan,77.229225438894915,0.020550869425617901,0.0082596578218816635,0,0,0,1,2,0.17217921865554112,0.36266275254468994,-0.084170489734427575,0.18806634245737247,0.37569876157560428,-0.075910831912545912
639089884049839324,nan,82.391101250575076,0.015439910708744703,0.0061561074841884889,0,0,0,1,2,0.22757333608875885,0.40171281569574246,-0.07591083191471705,0.24198077837728946,0.40726407225589795,-0.069754724430528561
639089884050139491,nan,108.46000991199021,0.042733758832956617,0.013368840683876893,0,0,0,1,2,0.32266036564066897,0.45449958894217474,-0.069754724433599466,0.28379051041195452,0.43674266075929136,-0.083123565117476358
639089884050339545,nan,78.357943921299579,0.010054027777787838,0.010470979576182052,0,0,0,1,2,0.3121516059045511,0.45673908319123907,-0.083123565120460791,0.32059581820441263,0.46219607441272703,-0.072652585544278739
639089884050639416,nan,75.840157132615261,0.002522503833588265,0.0045502779398223364,0,0,0,1,2,0.37548219131673305,0.50015379416995653,-0.072652585545522216,0.37311312942252089,0.49928743897036493,-0.077202863485344553
639089884050839359,nan,67.026004967468054,0.015774250749412022,0.012742340005533689,0,0,0,1,2,0.40808530643292296,0.52398721389752834,-0.077202863486566395,0.42316433417906918,0.52861861853718983,-0.064460523481032705
639089884051139122,nan,67.106483128498681,0.019694849342413705,0.0023202382412705613,0,0,0,1,2,0.49776875578929902,0.57233855889371987,-0.064460523481487758,0.48089495652192921,0.56218168984342276,-0.062140285240217197
639089884051339527,nan,61.436622000235609,0.012312086924217664,0.0072387911204308195,0,0,0,1,2,0.51935698054560187,0.58454250291801491,-0.06214028524038568,0.52584905088417666,0.59500388462161835,-0.054901494119954861
639089884051639528,nan,67.681976161926841,0.013213588982414239,0.0088497987309854378,0,0,0,0,0,0.59256765070227146,0.6437169308885905,-0.054901494119960731,0.58002540321822937,0.63955869065440263,-0.046051695388975293
639089884051839580,nan,87.242384033231346,0.015489904233151469,0.0078827625085296782,0,0,0,0,0,0.61581212067209468,0.6689898019421372,-0.046051695388893539,0.62838497673327232,0.678037476981456,-0.038168932880363861
639089884052139143,nan,98.646928157631038,0.025760312508617524,0.014407306727892057,0,0,0,0,0,0.70011334765090982,0.73511036777667482,-0.038168932879614516,0.68380670080711781,0.7151682773834015,-0.023761626151722458
639089884052341655,nan,102.00405707133069,0.014509672596012038,0.00044163514600324347,0,0,0,1,2,0.72090228647810284,0.74002114528601937,-0.023761626150661189,0.7326326397971914,0.74856101705629852,-0.023319991004657946
639089884052639685,nan,99.765999966331364,0.02617768873943449,0.013472415688816755,0,0,0,1,2,0.80377952483775239,0.7972193625963605,-0.02331999100197504,0.78455200893778443,0.77945495942442156,-0.0098475753131582848
639089884052839269,nan,77.491456712613129,0.015304556783638896,0.01153372357661153,0,0,0,1,2,0.81891488091313569,0.79990213750039096,-0.0098475753102089236,0.8332913323718899,0.80515067080005776,-0.021381298886820454
639089884053139528,nan,74.171645952163601,0.023486177740203066,0.013398271986505544,0,0,0,1,2,0.90582757381376722,0.84339228338386507,-0.021381298883675185,0.8916813921461797,0.82464432111934094,-0.0079830268971696414
639089884053339282,nan,59.453482565268366,0.0058998332977400168,0.010105955647344006,0,0,0,1,2,0.93009737540829418,0.83746958191335086,-0.007983026894366899,0.93455350332731979,0.84133622864021929,-0.018088982541710905
639089884053639647,nan,62.408016950050943,0.012501352702952617,0.0082033602361792426,0,0,0,1,2,0.99826386858138572,0.86614134076658622,-0.018088982538991417,0.98674723307465995,0.86127811899405271,-0.0098856223028121748
639089884053839066,nan,58.189304521822592,0.0062775577571333287,0.0087729646099345988,0,0,0,1,2,1.021042874303645,0.87438160710102564,-0.009885622300351499,1.0267498125852563,0.87699667628634836,-0.018658586910286098
639089884054139175,nan,64.429787979385338,0.019509528360527311,0.0052706817894430293,0,0,0,1,2,1.0862846331992044,0.90039020490764643,-0.018658586908525451,1.0705907571448097,0.88880038388920468,-0.013387905119082421
639089884054439626,nan,56.229572789382672,0.010205477201405362,0.0056155330287001939,0,0,0,1,2,1.1137551600529656,0.90042193985471652,-0.01338790511759858,1.1050360425879047,0.89511828493203593,-0.0077723720888983865
639089884054639418,nan,53.799307544934123,0.013583833747514405,0.010441968986857945,0,0,0,1,2,1.1273342602407463,0.89920818956629722,-0.0077723720874606867,1.1408631636821782,0.90042856285038864,-0.018214341074318633
639089884054839084,nan,53.955460421964879,0.0090351819274759604,0.0057439039123320726,0,0,0,1,2,1.1760998359859784,0.90565132474517585,-0.018214341072878424,1.1851122806041521,0.90629191390129804,-0.023958244985210497
639089884055139533,nan,63.805434791376769,0.028785482822499889,0.0066056595845076956,0,0,0,1,2,1.2508059471114239,0.91499683402959608,-0.023958244984157547,1.2231393498870207,0.90704929231236808,-0.017352585399649852
639089884055340087,nan,53.097066518029543,0.0023551903118510338,0.010599931226532411,0,0,0,1,2,1.2481156481128246,0.9075467408252671,-0.017352585398596816,1.249878780611122,0.9059852398811481,-0.027952516625129226
639089884055639732,nan,51.824286250646068,0.0030277398832412972,0.00100624950005581,0,0,0,1,2,1.289494428795505,0.90440879918576134,-0.027952516623447665,1.2870283401615428,0.90265220713010008,-0.026946267123391855
639089884055939504,nan,47.512206387398031,0.0033949726180494983,0.0087463443011188205,0,0,0,1,2,1.3239062456089099,0.89934354699701557,-0.026946267121438244,1.3205813072801866,0.89865752645250341,-0.018199922820319424
639089884056139556,nan,57.235910170616698,0.0089466451043091703,0.0079008065015443371,0,0,0,1,2,1.3427696496200661,0.89601587207661471,-0.018199922817845618,1.3503309040028806,0.89123362461534428,-0.026100729319389955
639089884056339028,nan,62.5551334252117,0.0059201355196132769,0.0050435600567539617,0,0,0,1,2,1.3797366346387783,0.88389553328840142,-0.026100729316531741,1.3851825983308774,0.88157400705875755,-0.031144289373285703
639089884056639491,nan,63.439021090236317,0.015646179817360328,0.0077775192149561745,0,0,0,1,2,1.437245125681063,0.86714417479582107,-0.031144289370321935,1.4216611213500228,0.86853764237251341,-0.02336677015536576
639089884056840009,nan,69.872829712187553,0.0037175690138549081,0.011588589961693138,0,0,0,1,2,1.445815482543616,0.85990557519376054,-0.023366770152755588,1.4486401312436969,0.85748861861700842,-0.034955360114448726
639089884057139326,nan,67.759096128161886,0.0069981478514702959,0.0078155100859046006,0,0,0,1,2,1.4886119076259168,0.84111851798924475,-0.034955360112145589,1.4817878714635198,0.8426698412325877,-0.027139850026240989
639089884057439424,nan,68.38761925899604,0.0045496595838673739,0.0065395647761233161,0,0,0,1,2,1.5145496285576083,0.82802361853746009,-0.027139850024051424,1.5100299312679588,0.8285449041971622,-0.020600285247928108
639089884057639395,nan,75.245249328810132,0.015460814666882676,0.009392374105579325,0,0,0,1,2,1.5286854184612113,0.81921457971677647,-0.020600285245804376,1.5415930541340392,0.81070401384245094,-0.029992659351383701
639089884057939457,nan,95.594204525201434,0.010214301013298526,0.0089752387929560966,0,0,0,1,2,1.5883307492338314,0.78428577578517011,-0.029992659349148566,1.5792087540081958,0.78888155083338041,-0.021017420556192469
639089884058139610,nan,116.50360643490681,0.0078138408396299947,0.010326833357694309,0,0,0,1,2,1.6039152233167597,0.77454828003489407,-0.021017420553837308,1.6098810516045912,0.76950199412274245,-0.031344253911531617
639089884058440170,nan,160.97911593983034,0.014129252019753992,0.0088493952257149427,0,0,0,1,2,1.655537110143275,0.74065530688472436,-0.031344253908857776,1.6417741607521883,0.74385170903340792,-0.022494858683142833
639089884058639609,nan,184.68347164152715,0.011001902414974391,0.010721441521166598,0,0,0,1,2,1.6628138229831804,0.72693039440363272,-0.022494858680805804,1.6718858181438905,0.72070618677914977,-0.033216300201972401
639089884058839417,nan,191.65687008094778,0.0082752708449182442,0.012335733283091392,0,0,0,1,2,1.7018546714482934,0.69767043181991595,-0.033216300200021802,1.7094161082661707,0.69430817353031316,-0.045552033483113194
639089884059139283,nan,186.97640679234559,0.02444764871103923,0.0012096027580962912,0,0,0,1,2,1.7652378336005139,0.65504435115783177,-0.045552033482034203,1.7462302412192416,0.67041962219172835,-0.044342430723937912
639089884059439250,nan,168.45289117012692,0.016171946600940516,0.0025898430665073705,0,0,0,1,2,1.7826970727753009,0.64675643341330624,-0.044342430722960208,1.775877193762943,0.66142003144109163,-0.041752587656452837
639089884059639312,nan,173.08608512092002,0.016494134422420682,0.0080505446276062514,0,0,0,1,2,1.7952453644602577,0.65554065447621235,-0.041752587655489448,1.8093311754469728,0.64695890644964915,-0.0498031322830957
639089884059939230,nan,186.08831399405986,0.01371164952784113,0.0031567858183266378,0,0,0,1,2,1.8588133500553168,0.62556928776036647,-0.049803132282081164,1.8482679688553094,0.61680548332845009,-0.046646346463754526
639089884060139180,nan,261.62194356419025,0.0091899177639378979,0.0052109431739867929,0,0,0,1,2,1.8738687122800133,0.59697976114822893,-0.046646346462296817,1.8775466761601707,0.58855793413717017,-0.05185728963628361
639089884060339314,nan,184.945648765274,0.0082560169754534087,0.0027032944296141517,0,0,0,1,2,1.9062930563542713,0.56082396418593305,-0.051857289632259232,1.9081998886730538,0.5527911684828779,-0.04915399520264508
639089884060639513,nan,183.95129358890833,0.025857283268991779,0.019032142594686618,0,0,1,1,2,1.9537849220491486,0.49960166329086503,-0.049153995194903433,1.9398030060217129,0.52135264309074114,-0.030121852600216815
639089884060839441,nan,185.86181170220121,0.013226037797952653,0.010338201431955647,0,0,0,1,2,1.9606887677732161,0.50057565631710532,-0.030121852593569014,1.9599892319650898,0.48736813098167547,-0.040460054025524661
639089884061139580,nan,141.59135354209036,0.0067741740862668548,0.0062932891136568414,0,0,0,1,2,1.9900671999837021,0.43673038070523029,-0.040460054020286802,1.9859642256727703,0.44212065308748366,-0.034166764906629961
639089884061439698,nan,153.09598782348479,0.018545891618756808,0.012050546843938921,0,0,0,1,2,2.0117979685424006,0.39711922892651463,-0.034166764902884068,2.0034330225849808,0.4136715029414082,-0.022116218058945147
639089884061639657,nan,142.30982557784955,0.018943029012627906,0.018163655710708763,0,0,1,1,2,2.0149825443603029,0.39486230384471277,-0.022116218056442039,2.0275057325508179,0.38064934828585001,-0.040279873767150802
639089884061939487,nan,117.63868223442313,0.0097516973434839723,0.0029695247007400991,0,0,0,1,2,2.0631103593615974,0.33180808800948092,-0.040279873765072263,2.0556946510596164,0.32547540520842083,-0.037310349064332164
639089884062140892,nan,111.01880682327914,0.0096645777324851339,0.0081119479148348828,0,0,0,1,2,2.0744259349656562,0.28881281413822979,-0.037310349062301872,2.0722830731898738,0.27938879131582861,-0.045422296977136754
639089884062339802,nan,98.80348021698245,0.00053827277099105291,0.009736487421076849,0,0,0,1,2,2.0885342568724115,0.23423910668677705,-0.045422296975365047,2.0888075109886315,0.23470286283386213,-0.055158784396441896
639089884062640059,nan,91.949829506186319,0.026278465356500042,0.0055216251932638932,0,0,0,1,2,2.1134713028983456,0.16800622511500102,-0.055158784394936738,2.1047449053853144,0.19279347441655395,-0.049637159201672845
639089884062939535,nan,95.898154237122071,0.016761261763237667,0.0096387952344012401,0,0,0,1,2,2.1205175246069139,0.15131738310178519,-0.04963715920016816,2.1146875566763179,0.16703206953912766,-0.03999836396576692
639089884063139573,nan,102.90011480570401,0.026066342825685054,0.006319786122622989,0,0,0,1,2,2.1212397483260039,0.15005534401775883,-0.039998363964282704,2.125011966654188,0.1242633957161928,-0.046318150086905693
639089884063439503,nan,78.630325679227752,0.010481449130707431,0.0036133567997023441,0,0,0,1,2,2.1403492094555912,0.06072915636281892,-0.046318150085640955,2.1398125082110484,0.050261457109701556,-0.042704793285938611
639089884063639125,nan,78.651556990614253,0.0037701221988544475,0.0084129718679892343,0,0,0,1,2,2.1495281027518618,0.0016839893209240203,-0.042704793284433461,2.1472708326031031,-0.001335704847335109,-0.051117765152422695
639089884063839555,nan,74.493734862757464,0.0086984585411432787,0.0067156328485189834,0,0,0,1,2,2.1546755229756061,-0.052561823249848039,-0.051117765150713902,2.1540418087699322,-0.043886479608382552,-0.057833397999232886
639089884064139468,nan,77.472379963217833,0.022148018012644148,0.010297214850486257,0,0,0,1,2,2.1639818949354299,-0.10635285921337262,-0.057833397997466188,2.156200696037863,-0.085616715753102257,-0.047536183146979931
639089884064439432,nan,68.591450884964033,0.0045111792835440569,0.006562517692905348,0,0,0,1,2,2.1583387221335797,-0.12694371563084231,-0.047536183145129945,2.1583038087717412,-0.12243267145178108,-0.040973665452224597
639089884064639375,nan,56.945784315181307,0.022010047697602651,0.0097051444046920288,0,0,0,1,2,2.1596913039545194,-0.14672141278191961,-0.040973665450394298,2.1598718771792296,-0.16873071974423129,-0.050678809855086326
639089884064939443,nan,63.334478050644819,0.0015718485326303806,0.0071158991611022862,0,0,0,1,2,2.1621983521003512,-0.23742112109081215,-0.050678809853165509,2.1637392041434147,-0.23773173788192173,-0.043562910692063223
639089884065139330,nan,60.995557240189584,0.0055132338153267603,0.0067794237136751048,0,0,0,1,2,2.1662846792069943,-0.28314821615170999,-0.043562910689882439,2.1618879843091139,-0.28647459873304587,-0.050342334403557544
639089884065439265,nan,61.73600339450919,0.026818118946089577,0.010878195105616363,0,0,0,1,2,2.1591536464773586,-0.35847007219530858,-0.05034233440117146,2.1553281202950592,-0.33192620561119635,-0.039464139295555097
639089884065640151,nan,58.388150957282143,0.011358919267956792,0.010308422410850573,0,0,0,1,2,2.1509633818613212,-0.36216835316047069,-0.039464139293642841,2.1517087757145057,-0.37350278896202671,-0.049772561704493415
639089884065939300,nan,48.625053482834652,0.012044462104716084,0.006288058023576952,0,0,0,1,2,2.1463501313585382,-0.43505927211933404,-0.049772561702618061,2.1433993103785758,-0.42338186988526866,-0.043484503679041109
639089884066139220,nan,58.964481181713303,0.019111296101512441,0.0081111558265640205,0,0,0,1,2,2.1378438332203062,-0.4567296345779458,-0.043484503677748809,2.131733436765916,-0.47483777346215639,-0.05159565950431283
639089884066439209,nan,58.562825201642283,0.016824438946019982,0.0026317347400020702,0,0,0,1,2,2.1142910290433146,-0.551772847484298,-0.051595659503669504,2.1175103718806492,-0.53525929009819684,-0.054227394243671574
639089884066639713,nan,52.644228965337284,0.0068313082894838322,0.0047107215732875574,0,0,0,1,2,2.108050431309497,-0.57544640596995988,-0.054227394243080783,2.1084002274878895,-0.58226875274944512,-0.05893811581636834
639089884066939508,nan,51.148185977236267,0.0067659544672570961,0.0038677600517749364,0,0,0,0,0,2.0948131143785509,-0.65237992318922022,-0.058938115816268843,2.0980788703803164,-0.64645430274998106,-0.055070355764493907
639089884067139335,nan,57.841945385486873,0.0085574441516508854,0.0032639162633674584,0,0,0,1,2,2.091224712945452,-0.68907833563265652,-0.055070355764389928,2.0861997751617518,-0.6960050845582757,-0.058334272027757386
639089884067405419,nan,52.162365634891032,0.0035709840502677948,0.002188947961457556,0,0,0,0,0,2.0704289932810247,-0.76178909904254832,-0.058334272027732587,2.0735603357326942,-0.76350567165611283,-0.060523219989190143
639089884067609249,nan,55.410253745253357,0.0066035679889455403,0.00079224575570856909,0,0,0,0,0,2.0639062946431772,-0.81506281903330757,-0.060523219989161006,2.0614716861891358,-0.82120120578066524,-0.061315465744869575
639089884067886007,nan,53.153941763671327,0.011201831819414206,0.00016224694255542044,0,0,0,1,2,2.0451294740023012,-0.89919773115753088,-0.061315465744809158,2.0521250266603737,-0.89044882956255478,-0.061153218802253738
639089884068139273,nan,57.010667654495784,0.016296410496049407,0.00042318092996555118,0,0,0,1,2,2.0435826056948172,-0.95373800270393827,-0.061153218802245272,2.034111433391117,-0.94047640814486011,-0.060730037872279721
639089884068439310,nan,53.886866358866143,0.0030294263046259989,0.0036151770912780726,0,0,0,0,0,2.0128061648159097,-0.99964566893206608,-0.06073003787225676,2.0151851523890909,-0.99777007786208061,-0.064345214963534833
639089884068639173,nan,49.439768689622412,0.034156355042408423,0.0011690594112006569,0,0,0,1,2,2.0025821606878229,-1.0359218755609536,-0.064345214963507452,2.001205110900278,-1.0700504607010628,-0.063176155552306795
639089884068939436,nan,46.030870489450621,0.016184168565731398,0.0017346568689597525,0,0,0,0,0,1.9803207290837765,-1.1780280453355689,-0.063176155552251034,1.9888223398119653,-1.1642567009135325,-0.064910812421210787
639089884069139295,nan,48.715140080320168,0.0057993595780294564,0.0030479103592054718,0,0,0,1,2,1.9806297949604172,-1.2265843368467217,-0.064910812421200489,1.9763094933740906,-1.2304531306792315,-0.067958722780405961
639089884069439318,nan,39.190862890517288,0.022405698975333541,0.0023151832170710679,0,0,0,0,0,1.9576273002762257,-1.3292871161686346,-0.067958722780398023,1.9561407851392136,-1.3069307833002795,-0.065643539563326955
639089884069639287,nan,41.89629872670853,0.017723960691723304,0.0015524715277195761,0,0,0,1,2,1.9427453816228852,-1.3577247659842571,-0.065643539563290901,1.936238205256791,-1.3742109856340827,-0.067196011091010477
639089884069939483,nan,45.234697809225231,0.017610338221364898,0.0025823497890464508,0,0,0,0,0,1.9064935188675149,-1.474762197107599,-0.067196011090994073,1.9133157728193371,-1.4585270234624632,-0.064613661301947622
639089884070139247,nan,53.217294729124333,0.02000148188786435,0.0011678276321897829,0,0,0,0,0,1.8981252002854396,-1.5144028076706906,-0.064613661301954894,1.8969198343242761,-1.5343679365360456,-0.065781488934144677
639089884070439108,nan,42.605238835982817,0.015494363289026,0.0030600096903245222,0,0,0,1,2,1.8724387842627526,-1.6476072726207309,-0.065781488934136267,1.872248620230974,-1.632114076327734,-0.06884149862446079
639089884070639151,nan,51.905939539975655,0.0092717513199964616,0.00014770719156585732,0,0,0,0,0,1.8558811470353256,-1.6969612020900977,-0.068841498624399936,1.8519161706996126,-1.7053423914565953,-0.068693791432834078
639089884070939472,nan,46.296249954685543,0.018872943764701423,0.0025997606339949464,0,0,0,1,2,1.8215847998991059,-1.814582312394007,-0.068693791432733936,1.8333905679294176,-1.7998577802262248,-0.06609403079873899
639089884071139117,nan,35.837759493442761,0.024070984356128894,0.0018575630393087433,0,0,0,0,0,1.8211207540715759,-1.8624568892155775,-0.066094030798710665,1.8150209745777357,-1.8857421845325695,-0.064236467759401922
639089884071439215,nan,39.173346052575432,0.02468108304290953,6.3593241277151713e-05,0,0,0,0,0,1.7876129395437836,-2.0138845291687879,-0.064236467759346896,1.7854059605826944,-1.9893023180388609,-0.064300061000624048
639089884071639187,nan,46.885331204345796,0.0156624570099189,0.003666017382162573,0,0,0,1,2,1.7657932525739695,-2.0578855934053206,-0.064300061000491571,1.7616485960171246,-2.0729897114402593,-0.067966078382654144
639089884071939380,nan,40.662827963591752,0.022555027575489845,0.0047022986664157773,0,0,0,0,0,1.7261863935779886,-2.1979084194145009,-0.067966078382603337,1.7332908301473899,-2.1765014988054441,-0.06326377971618756
639089884072139035,nan,32.172060268746968,0.010303144004884347,0.0022668917610514788,0,0,0,1,2,1.7145446189885991,-2.2449290975198619,-0.063263779716144969,1.7130862124184811,-2.255128500770132,-0.065530671477196448
639089884072439217,nan,32.366229470018666,0.019624390137318804,0.0014738838456855446,0,0,0,1,2,1.6829000642443963,-2.3725989901223854,-0.065530671477007002,1.6821945432795726,-2.3529872862588785,-0.064056787631321457
639089884072639033,nan,30.738783672454158,0.018254187736291991,0.002374686494856823,0,0,0,0,0,1.6617370680413242,-2.4177925796206288,-0.06405678763124184,1.6561390848133017,-2.4351672149748045,-0.066431474126098664
639089884072938959,nan,30.438996456386199,0.021172683423739066,0.0017794572903063743,0,0,0,1,2,1.6172833156509148,-2.5577198211437202,-0.066431474126049966,1.6213456400097621,-2.5369405034416062,-0.068210931416356341
639089884073139227,nan,32.795390694086691,0.019802148451346525,0.0082018035930784272,0,0,0,1,2,1.5982484663983392,-2.6045013708979958,-0.068210931416276738,1.5900851003984342,-2.6225425609596509,-0.076412735009355165
639089884073439084,nan,30.9841986801021,0.028360320160424168,0.001167777716341814,0,0,0,0,0,1.5435921993146902,-2.7498560380216155,-0.076412735009262517,1.5529553449557627,-2.7230859191704444,-0.075244957292920703
639089884073639104,nan,38.051707103148516,0.015209110156781828,0.0077072940330791262,0,0,0,1,2,1.5283164772170361,-2.7898053056955745,-0.075244957292735878,1.5255161389058753,-2.8047543905205452,-0.082952251325815005
639089884073939099,nan,30.52639520191477,0.019781818541760338,0.0019265017343446794,0,0,0,0,0,1.484572498052964,-2.9266166832518081,-0.082952251325793064,1.4913673117906365,-2.9080384472997736,-0.081025749591448384
639089884074139086,nan,31.535088750747889,0.01631188126743777,0.001438561604170982,0,0,0,0,0,1.4686982965565401,-2.9766015006856628,-0.081025749591443486,1.4564562201380267,-2.9873815301590114,-0.082464311195614468
639089884074439395,nan,34.139984856168788,0.024215635686805192,0.00266189186034059,0,0,0,1,2,1.4043341216414593,-3.1058403861856845,-0.082464311195599604,1.4166011194380936,-3.0849617421498894,-0.085126203055940194
639089884074638900,nan,28.554529391959878,0.017158229982112895,0.0034759766059899722,0,0,0,0,0,1.3902509190250425,-3.1494769007406682,-0.085126203055935448,1.387399597327698,-3.1663965585592333,-0.08860217966192542
639089884074939363,nan,44.124891160137906,0.018427890461803403,0.0024536695654799739,0,0,0,0,0,1.3436806129119803,-3.288316486432771,-0.0886021796619232,1.3483312667821707,-3.2704850937375296,-0.091055849227403174
639089884075139346,nan,40.082254967489462,0.021431924461216705,0.0041620443506121263,0,0,0,1,2,1.3224421517987528,-3.3394606557351483,-0.091055849227321323,1.3084217765761428,-3.3556704202222876,-0.095217893577933449
639089884075439209,nan,39.23957586980039,0.035371368015480652,0.00081506631271430208,0,0,0,0,0,1.2489994906600379,-3.4825050853633992,-0.095217893577909302,1.2672109561602349,-3.4521822194101008,-0.094402827265195
639089884075638712,nan,46.849341096596284,0.020445792701541895,8.3589420077051502e-05,0,0,0,0,0,1.2400285470728187,-3.515840821224129,-0.094402827265152228,1.2336134680181925,-3.5352541465425107,-0.09448641668522928
639089884075939301,nan,44.985711866026911,0.03551159302822518,0.0014406715867397724,0,0,0,1,2,1.1832797065013303,-3.6597075744699556,-0.094486416685213542,1.1916772177403896,-3.6252031538199554,-0.095927088271953315
639089884076239342,nan,51.12963478427374,0.0048264420554001101,0.0028327955992077658,0,0,0,0,0,1.1499416996658278,-3.7147216108624472,-0.095927088271952968,1.1531594261287195,-3.7111242813912781,-0.098759883871160734
639089884076439244,nan,52.982897110614338,0.034988295572142586,0.0036247924216757516,0,0,0,1,2,1.1275625575746273,-3.7682228770385993,-0.098759883871163176,1.1134669038969138,-3.8002462025130339,-0.10238467629283893
639089884076639447,nan,66.16510451252141,0.013685177067780536,0.0023568864894407127,0,0,0,0,0,1.0738446610904795,-3.889210324708134,-0.10238467629284954,1.0674570374532417,-3.9013133134152884,-0.10474156278229026
639089884076897741,nan,208.90826695167988,0.035335680139399347,0.0027867678223530146,0,0,0,1,2,1.0084078181304152,-4.0310231878244638,-0.10474156278245222,1.0254756200016419,-4.0000829158444295,-0.10752833060480524
639089884077139470,nan,173.82261888545787,0.025478008841119379,0.0048922407215525598,0,0,0,0,0,0.98634061785561578,-4.0921557623004343,-0.10752833060497979,0.99443422790299785,-4.0679974839903172,-0.11242057132653235
639089884077439139,nan,152.13524225170985,0.0092718322879926894,0.0090304704967637262,0,0,0,1,2,0.95587625582627189,-4.1523573610812168,-0.11242057132700561,0.96311813692656523,-4.158147182503841,-0.12145104182376934
639089884077739207,nan,138.66792589637606,0.002493368421465714,0.012537973922289475,0,0,0,1,2,0.93166214034123862,-4.2486996275948874,-0.12145104182461181,0.9311400546350207,-4.2511377236964645,-0.13398901574690128
639089884077938897,nan,171.51448334096901,0.026787294204078264,0.0022554466747690127,0,0,0,1,2,0.90991758854911775,-4.3128515121837756,-0.13398901574778779,0.90030697362376833,-4.3378554161096128,-0.13173356907301878
639089884078139327,nan,160.33519245534154,0.0051955512336134694,0.0045496220796755749,0,0,0,1,2,0.86947690193602944,-4.4245646448343372,-0.13173356907418535,0.86775823807562347,-4.4294676997143112,-0.12718394699450977
639089884078439206,nan,134.5431114599219,0.046086887305804174,0.0065839864420089711,0,0,0,1,2,0.81912555448468916,-4.566350166162203,-0.12718394699558272,0.84013522783546557,-4.5253307219042469,-0.13376793343759169
639089884078639002,nan,116.51049194549178,0.0051459775715169201,0.0047435579580309972,0,0,0,1,2,0.82174500353754609,-4.5891522411601899,-0.13376793343872823,0.82602104831702039,-4.5920151987586335,-0.12902437548069723
639089884078939139,nan,128.9048714404893,0.0086683362566240801,0.0013664052299666163,0,0,0,1,2,0.80485513893358196,-4.6920165904468574,-0.12902437548160833,0.80900466230210422,-4.6844059722543587,-0.13039078071157495
639089884079139314,nan,122.72696929083814,0.0160146548822469,0.0056836021574153267,0,0,0,1,2,0.79766456777161965,-4.7459772191846827,-0.13039078071267776,0.79482955448666692,-4.7617389408759072,-0.12470717855526244
639089884079439314,nan,119.42817049562122,0.023644255050358817,0.010257753822307661,0,0,0,1,2,0.77368124498873447,-4.8771145398552189,-0.1247071785560608,0.77477652315652867,-4.8534956668376177,-0.13496493237836846
639089884079739113,nan,108.15177740319139,0.012558375331250737,0.00076068088721625848,0,0,0,1,2,0.75476864969485058,-4.9450457637818444,-0.13496493237892568,0.7612553703360877,-4.9342923807661085,-0.13420425149170942
639089884079939336,nan,114.71733271622884,0.030747875955718634,0.0096303485615012591,0,0,0,1,2,0.75219491069868638,-4.9884338711482785,-0.13420425149251858,0.7524336858853562,-5.0191808199757393,-0.12457390293101732
639089884080138814,nan,105.42027757260334,0.0061998654574806069,0.0015875243266231243,0,0,0,1,2,0.7436611602955131,-5.1035962181241707,-0.12457390293177148,0.73943618981850978,-5.1081336134297741,-0.1261614272583946
639089884080439129,nan,103.8349583041922,0.040377641301108512,0.00076036317648778273,0,0,0,1,2,0.71994162308467957,-5.2415513239820068,-0.12616142725909674,0.73270441272632147,-5.2032438166550588,-0.12540106408260895
639089884080639028,nan,114.33022282468532,0.013948838012280385,0.00434744312889003,0,0,0,1,2,0.72823037018115599,-5.2664555198772351,-0.1254010640835298,0.73315248331846838,-5.2795070670712017,-0.12105362095463977
639089884080939173,nan,92.195947873519614,0.027204088057795606,0.0089743013482376233,0,0,0,1,2,0.73382347832810957,-5.3937128671060952,-0.1210536209552677,0.72875329899191432,-5.3669854338482024,-0.13002792230350532
639089884081241075,nan,87.090994102289102,0.005583942483933407,0.0023962096868428429,0,0,0,1,2,0.72433983084198883,-5.4547478363570816,-0.13002792230391524,0.72980264134075024,-5.4535910670981114,-0.1276317126170724
639089884081439179,nan,86.772066646837089,0.027254940148121527,0.0040051446130532214,0,0,0,1,2,0.73049029233737439,-5.5103451379536645,-0.12763171261803713,0.73561022826843836,-5.5371148600018945,-0.12362656800498391
639089884081639020,nan,72.670003052136835,0.0052766900127541967,0.00070483859385377101,0,0,0,1,2,0.7414570532765834,-5.6212029687474958,-0.12362656800578149,0.73686969630955235,-5.6238105756096841,-0.12433140659963526
639089884081939344,nan,69.12894701272306,0.028331188345372779,4.2119638782645019e-05,0,0,0,1,2,0.73875664526752216,-5.7536990562112837,-0.12433140660045079,0.7473920874017953,-5.7267159990789533,-0.12428928696166815
639089884082139116,nan,83.799603068645467,0.0075419087748648389,0.00032461862074077696,0,0,0,1,2,0.75441352401607054,-5.7953832726882082,-0.12428928696268879,0.76180321718417554,-5.7968908611100414,-0.12461390558342957
639089884082439510,nan,97.260018706937672,0.032934715933311806,0.011634315009952212,0,0,0,1,2,0.7833928760346287,-5.9020215034682266,-0.1246139055839996,0.76649444555912116,-5.8737524645550909,-0.13624822059395181
639089884082639047,nan,68.211923864617631,0.040709842202195874,0.011807597169587597,0,0,0,1,2,0.76960751655051185,-5.9247573632537884,-0.13624822059434116,0.78163301768490701,-5.9636505319932258,-0.12444062342475357
639089884082938989,nan,61.704221496951959,0.04068730731028454,0.0025519360280170239,0,0,0,1,2,0.80435723804463377,-6.0985947973706782,-0.12444062342502395,0.80029555662996332,-6.0581107298842305,-0.12188868739700692
639089884083239167,nan,74.436402011798847,0.024872801696368053,0.0045543065662485005,0,0,0,1,2,0.81893464084829948,-6.1524522119813128,-0.12188868739741293,0.81267223515681386,-6.1283806823418798,-0.12644299396366143
639089884083439209,nan,70.538491553151658,0.044292454920986435,0.012105386120747852,0,0,0,1,2,0.82096039909771334,-6.175437643934985,-0.12644299396409753,0.8325518009696421,-6.2181864563813098,-0.11433760784334968
639089884083739230,nan,56.875871767198447,0.040558863328863312,0.0024664287736153034,0,0,0,1,2,0.8623026277336967,-6.3525855700749707,-0.1143376078438359,0.86003158948092828,-6.3120903385065024,-0.1168040366174512
639089884083939015,nan,53.551711132484392,0.014274348792193184,0.0059321164157448286,0,0,0,1,2,0.87827094939444295,-6.3744178452358282,-0.11680403661797978,0.88194278805146087,-6.3882118524243872,-0.11087192020223495
639089884084139110,nan,58.824265673891226,0.026250437271603141,0.0062213700319001253,0,0,0,1,2,0.90384348157124983,-6.4642968708322792,-0.11087192020285754,0.91109317352049901,-6.4895263659439806,-0.10465055017095741
639089884084439350,nan,52.620644272438184,0.057404428980019073,0.0074185674731871154,0,0,0,1,2,0.95473144400028265,-6.641194691194487,-0.10465055017157256,0.93888416461716551,-6.5860210362251497,-0.11206911764475967
639089884084739445,nan,70.765105082412816,0.021807997122011688,0.0067351885533650929,0,0,0,1,2,0.96660804072239259,-6.6822826727527778,-0.11206911764544271,0.97197302643917405,-6.6611448945646048,-0.1188043061988078
639089884084939231,nan,68.107763227249976,0.030267500874691659,0.0020720861006239683,0,0,0,1,2,0.99413400387401296,-6.7114584453429327,-0.11880430619956439,1.0058048547189955,-6.7393853651471938,-0.11673222009894042
639089884085239396,nan,68.230466699564943,0.026687881103036364,0.0055155380179116725,0,0,0,1,2,1.0564271159028726,-6.8564558794635477,-0.11673222009964679,1.0393011119774387,-6.8359877826464075,-0.12224775811755846
639089884085439234,nan,69.522201311615831,0.018240004967666916,0.0046780651872100065,0,0,0,1,2,1.0615589941036745,-6.900178990792952,-0.1222477581180179,1.0719971048146926,-6.9151370530339324,-0.11756969293080789
639089884085739370,nan,57.787614628750688,0.024214509432548301,0.002813978511553919,0,0,0,1,2,1.1208918836686641,-7.033499755500694,-0.11756969293126079,1.1117439431354657,-7.0110797276001753,-0.12038367144281471
639089884085938991,nan,60.3015793195475,0.029650402845488012,0.0048575124166002626,0,0,0,1,2,1.1381156635687208,-7.0747369516253977,-0.12038367144323536,1.1540032590524227,-7.0997715416688951,-0.1155261590266351
639089884086239055,nan,68.690663682556576,0.033559823657140095,0.00028725896378875571,0,0,0,1,2,1.2172694072780843,-7.2325514822221422,-0.1155261590268879,1.2076173696836956,-7.2004096102453135,-0.11581341799067665
639089884086440368,nan,62.041881871930848,0.021494318174595156,0.0042196841913176714,0,0,0,1,2,1.2435647273320829,-7.2678857392263518,-0.11581341799099037,1.2537712836357038,-7.2868021850397637,-0.1115937337996727
639089884086739314,nan,61.203056810499987,0.035615863661790433,0.0017502075056296806,0,0,0,1,2,1.321975716198333,-7.4144697225666345,-0.11159373379991619,1.3023795101717148,-7.3847295400900999,-0.11334394130554587
639089884086939273,nan,67.649063311188129,0.026478204580198037,0.0068468853028761101,0,0,0,1,2,1.3347945254042533,-7.4500336445977426,-0.11334394130568001,1.3504103172587805,-7.4714168707936865,-0.1064970560028039
639089884087239242,nan,83.940368815602,0.031415809175243385,0.0037006725678005448,0,0,0,1,2,1.4224360144308623,-7.6014108435910757,-0.10649705600287465,1.4060943249477413,-7.5745798493684875,-0.10279638343507411
639089884087439272,nan,76.268222536025718,0.01891790942980371,5.2890862117599413e-05,0,0,0,0,0,1.4432385024288188,-7.6433950109327053,-0.10279638343512328,1.4577164808841638,-7.655571851123856,-0.10284927429724088
639089884087742543,nan,100.91312791791036,0.036910106679954459,0.0012032252677502131,0,0,0,1,2,1.5355927814201671,-7.7777549981718339,-0.10284927429726838,1.5173143807475105,-7.7456885664405757,-0.10405249956501859
639089884087939165,nan,99.416537000786235,0.021826459030131272,0.0012982439575231902,0,0,0,0,0,1.5558672776685556,-7.803983580936638,-0.10405249956502499,1.5697364459516863,-7.8208370816094419,-0.1027542556075018
639089884088238996,nan,96.626872236919141,0.025423403773912306,0.0043487151587226214,0,0,0,1,2,1.6493197634619696,-7.9349220212205935,-0.10275425560751097,1.6251759958211078,-7.9269578550021214,-0.098405540448788353
639089884088438897,nan,85.843512502828816,0.019234023825646561,0.00053242724762156413,0,0,0,0,0,1.6620134803477828,-7.997471096127259,-0.098405540448796111,1.6696121170416156,-8.0151405158381799,-0.098937967696417675
639089884088739169,nan,114.78316103899647,0.042293019414799696,0.003405917923176266,0,0,0,1,2,1.7358595730150923,-8.1466073671497821,-0.09893796769620658,1.7254702878625976,-8.1056102667005945,-0.095532049773030314
639089884088939001,nan,90.529723804371201,0.019949609607888233,0.0010081409848069767,0,0,0,0,0,1.7624613050014111,-8.1655221480871347,-0.095532049772947519,1.7760795761503931,-8.1801005435550849,-0.094523908788140543
639089884089138946,nan,101.48178597315429,0.019489937977694327,0.0018119762599698996,0,0,0,1,2,1.8263966121570443,-8.2541606631386415,-0.094523908787815969,1.8334345104275493,-8.2723355268329968,-0.092711932527846069
639089884089439144,nan,96.439859755863353,0.054283050289409628,0.01045128965275692,0,0,0,0,0,1.9188235268665628,-8.4096533461737231,-0.092711932527597213,1.8884221277138378,-8.3646821945509409,-0.082260642874840292
639089884089739289,nan,116.70483863809577,0.02445024205521305,0.0032191796357690511,0,0,0,1,2,1.9430137515799584,-8.4563638275829778,-0.082260642874361731,1.9313103364838899,-8.4348965405711631,-0.07904146323859268
639089884089939088,nan,105.35846267485495,0.033669430102588188,0.0019851984217939544,0,0,0,1,2,1.9596974065318389,-8.4813703760613208,-0.079041463238281484,1.9756927173363503,-8.5109977376667718,-0.081026661660075439
639089884090239116,nan,84.449376792996318,0.016583336909418597,0.0027240736328860427,0,0,0,1,2,2.0418069609200331,-8.6243619372691906,-0.081026661659772625,2.0292532429658063,-8.6135262910689399,-0.078302588026886583
639089884090439025,nan,71.027795925824677,0.010957940234475643,0.0045328612685056058,0,0,0,1,2,2.0647043731071402,-8.6813888269038006,-0.078302588026387759,2.0667357117845633,-8.692156840525632,-0.082835449294893365
639089884090639329,nan,77.574194620678227,0.011839158600030096,0.0080024997646820084,0,0,0,1,2,2.1038349460363261,-8.769983442282955,-0.082835449294493199,2.1085448826330131,-8.7808454022171407,-0.090837949059175208
639089884090939187,nan,68.713867551400867,0.052266959065524823,0.0094395135273503961,0,0,0,1,2,2.1704543533259817,-8.9121721374624912,-0.090837949057989559,2.144406825616922,-8.8668581075136661,-0.081398435530639163
639089884091239114,nan,68.99711605264558,0.023166329267725501,0.0099856379654528205,0,0,0,1,2,2.1800327793838639,-8.9523048069197344,-0.081398435529716956,2.1732254592505438,-8.9301612027789634,-0.071412797564264135
639089884091439183,nan,68.232227080544831,0.033274090571991745,0.0032167261169863959,0,0,0,1,2,2.1920184517547412,-8.9714419452991532,-0.071412797563361718,2.2013800731328117,-9.0033719491915232,-0.074629523680348114
639089884091739321,nan,62.162900930804824,0.0064780414611553981,0.0041339050776757758,0,0,0,1,2,2.2433358780773003,-9.1124700817097004,-0.074629523679554291,2.2373950392224207,-9.1098871657465299,-0.070495618601878515
639089884091938913,nan,60.044865992743127,0.0098256050157627256,0.0038570066780244106,0,0,0,1,2,2.2611608607244826,-9.1801752125990888,-0.07049561860062091,2.2599462530530707,-9.1899254557822267,-0.074352625278645321
639089884092239272,nan,55.849381115881464,0.034766583665215518,0.010139315025775017,0,0,0,1,2,2.2937023713306832,-9.3097319551339712,-0.07435262527686029,2.2854915642825788,-9.2759488530358922,-0.064213310251085273
639089884092439309,nan,65.486527171665827,0.015160268274322552,0.0060956963759672134,0,0,0,1,2,2.3024980891609692,-9.3332180337624209,-0.064213310249202946,2.3048688254728189,-9.3481917889189976,-0.070309006625170159
639089884092739337,nan,48.009255163833856,0.020811661339019863,0.0039883057076469663,0,0,0,1,2,2.3337699014907183,-9.4559417212347938,-0.07030900662302686,2.326261795512917,-9.4365315797536979,-0.066320700915379893
639089884092939229,nan,46.350552640314611,0.022424943547344499,0.0077942883561652049,0,0,0,1,2,2.3404416705270457,-9.4950857305080074,-0.06632070091358501,2.3470194855030635,-9.516524257585278,-0.074114989269750214
639089884093239337,nan,43.737973613596367,0.016951214014167344,0.010518139560634049,0,0,0,1,2,2.3779798624576141,-9.6358344245858092,-0.074114989267767398,2.3732967035749812,-9.6195429642634771,-0.063596849707133349
639089884093439249,nan,45.550133822212125,0.016099502252102816,0.0066110701025976631,0,0,0,1,2,2.3906541044215892,-9.6875919099935288,-0.063596849705144246,2.3890587667024996,-9.7036121743586232,-0.070207919807741909
639089884093739282,nan,39.783378707475904,0.024224876364974231,0.015121243530500358,0,0,1,1,2,2.4125536467098461,-9.8289254653610829,-0.070207919805914371,2.4082715505284038,-9.8050820535416481,-0.055086676275414012
639089884093939782,nan,51.501039253628448,0.0216520049216571,0.0084367980695582157,0,0,0,1,2,2.4210242785593135,-9.8724339679896556,-0.055086676273674459,2.4104167636905109,-9.8913096122286106,-0.063523474343232675
639089884094239234,nan,47.975524832342821,0.025347724770415522,0.0070263860831497466,0,0,0,1,2,2.4135867501613779,-10.018728275922179,-0.063523474341937572,2.4178580206406077,-9.9937430122747806,-0.056497088258787825
639089884094439839,nan,52.727586291364936,0.01157569739352628,0.0031697302809545191,0,0,0,1,2,2.422802024892579,-10.061800219379494,-0.056497088257626948,2.4272444312358643,-10.072489550323366,-0.059666818538581468
639089884094739257,nan,58.008183297026363,0.015130232360160296,0.0046508530879001281,0,0,0,1,2,2.4411563346571259,-10.189202347081293,-0.059666818538086801,2.4367904068839765,-10.174715711655768,-0.055015965450186673
639089884094939306,nan,43.434075860650886,0.024306265649488623,0.0058798399705678184,0,0,0,1,2,2.443122056553789,-10.242520225778378,-0.055015965449614491,2.4439088419380055,-10.266813754105542,-0.06089580542018231
639089884095239449,nan,38.559323559167943,0.025190883683266836,0.0057326341604434089,0,0,0,1,2,2.4545089994446365,-10.403958189449858,-0.060895805419559051,2.440024073338368,-10.383348300162435,-0.055163171259115643
639089884095439296,nan,47.649018037482868,0.010281725320252354,0.0049429805980281891,0,0,0,1,2,2.4374664495365321,-10.460071410197623,-0.055163171258684529,2.4408898863031649,-10.469766458225662,-0.060106151856712718
639089884095739334,nan,37.664106075066016,0.024404137356393695,0.00032362082822651184,0,0,0,1,2,2.4421767135200705,-10.598206713052152,-0.060106151855987389,2.4412517523832125,-10.5738201108492,-0.0604297726842139
639089884095939209,nan,40.359447141090925,0.015071050593718216,0.0025682888038098678,0,0,0,1,2,2.4414902291849487,-10.642393496570781,-0.060429772683338212,2.4333270433633518,-10.655062315112401,-0.06299806148714808
639089884096239166,nan,51.523696993398026,0.014539581725440856,0.0038768499723090891,0,0,0,0,0,2.4215210635393847,-10.776094370924444,-0.06299806148704569,2.427612768612426,-10.762892455682561,-0.0591212115147366
639089884096439253,nan,45.850538019491019,0.017865979752746987,0.0036163656710052269,0,0,0,1,2,2.4238453228035071,-10.833985329034574,-0.059121211514514764,2.4169004287387983,-10.850446242707743,-0.062737577185519991
639089884096739146,nan,38.118534420366245,0.024441467936704885,0.0021354170534989558,0,0,0,0,0,2.4009597010218533,-10.980732538327599,-0.062737577185404528,2.3999234922575821,-10.956313045574927,-0.060602160131905572
639089884096939303,nan,44.963394765048271,0.010182620037123362,0.0017167461789285576,0,0,0,1,2,2.3886765313102756,-11.026448184431151,-0.060602160131674222,2.3835628511087465,-11.0352536387418,-0.058885413952745665
639089884097239258,nan,43.24353422600803,0.026092841630993988,0.0071069890211462733,0,0,0,1,2,2.3592818608132311,-11.152410158414227,-0.058885413951937235,2.3657130750614912,-11.127122298329335,-0.051778424930790962
639089884097438921,nan,43.465684984900896,0.016529962684513844,0.00064758676245688096,0,0,0,1,2,2.3539545557731185,-11.187640671383269,-0.051778424930012175,2.3477483608689371,-11.20296133752945,-0.052426011692469056
639089884097672729,nan,41.369622088142556,0.0017631416844488869,0.00052539140126296735,0,0,0,1,2,2.3269029393338951,-11.290961442846696,-0.052426011691631233,2.3251441619836593,-11.29108542200518,-0.051900620290368266
639089884097939334,nan,42.817783799617843,0.018267969548585221,0.001556080937723768,0,0,0,1,2,2.2996683232873205,-11.390404799469534,-0.051900620288981188,2.3022993939392982,-11.372327294701112,-0.05034453935125742
639089884098239869,nan,43.956482837135752,0.021949933077990865,0.0044596669133773123,0,0,0,1,2,2.2768079653867468,-11.462981373100259,-0.050344539349111803,2.2799742278766404,-11.441261006068983,-0.04588487243573449
639089884098439186,nan,53.171397982239945,0.018549719454558522,0.0059198570863304156,0,0,0,1,2,2.2652902021755219,-11.486601066992085,-0.045884872433739718,2.2558714012711922,-11.502581626474388,-0.051804729520070134
639089884098741197,nan,44.251403516996035,0.022619760618918447,0.010153303084302533,0,0,0,1,2,2.2197181349145829,-11.594560080244953,-0.051804729517928222,2.2317842951693039,-11.575427350508594,-0.041651426433625689
639089884098939359,nan,46.626397564611096,0.019630940246459661,0.0089727899334911404,0,0,0,1,2,2.2161347259205066,-11.622755750937017,-0.041651426431582587,2.2055003402985105,-11.639256770826792,-0.050624216365073728
639089884099239184,nan,45.941294221164796,0.018391758525597941,0.004588186828220979,0,0,0,1,2,2.1661713448106603,-11.734765494533969,-0.050624216362817456,2.1758351300903085,-11.719117234703152,-0.046036029534596477
639089884099439822,nan,54.313911898329003,0.0060364231739903238,0.010264237236589618,0,0,0,1,2,2.1562314789251675,-11.771891398942367,-0.046036029532389597,2.1507672761482812,-11.769326073865782,-0.056300266768979215
639089884099739862,nan,38.091341116251968,0.033720340145507316,0.010156041819581366,0,0,0,1,2,2.1136424440613917,-11.843684043538856,-0.056300266767063858,2.1276569640322722,-11.813013951111305,-0.046144224947482493
639089884099938863,nan,47.569134463255885,0.018451675105631386,0.010932385734337663,0,0,0,1,2,2.1125542870573302,-11.841564145260479,-0.046144224945555534,2.1026669252189922,-11.857143117950665,-0.057076610679893197
639089884100238965,nan,51.849581538627724,0.0080188692642849963,0.0090101221877947058,0,0,0,1,2,2.0654286726599134,-11.922901041428261,-0.057076610677543473,2.0714958029324473,-11.917657741462229,-0.048066488489748767
639089884100439420,nan,45.178396947605215,0.003589680807391775,0.007203655806830328,0,0,0,1,2,2.0509211241546579,-11.957600767210991,-0.048066488487476675,2.047373128599336,-11.958146235668716,-0.055270144294307003
639089884100739408,nan,46.60795003305352,0.024951123084672004,0.0065333535012632796,0,0,0,1,2,2.0116717411978877,-12.018068920732825,-0.055270144292911598,2.0210853538579823,-11.994961726184975,-0.048736790791648318
639089884100939254,nan,56.034194085757342,0.019497499790278663,0.012515645428310074,0,0,0,1,2,2.003885876465084,-12.019049242266995,-0.048736790790443255,1.9924535685798843,-12.034843381511978,-0.061252436218753328
639089884101239171,nan,67.471543822598122,0.028532142364240978,0.0084536870121352803,0,0,0,1,2,1.9500787433342197,-12.093867929180766,-0.061252436217358416,1.9738447738430589,-12.078079992591514,-0.052798749205223136
639089884101439442,nan,54.724493461150061,0.019896012051164324,0.0036112870436901534,0,0,0,1,2,1.9615789017334788,-12.106579137724419,-0.05279874920386253,1.9474886725996039,-12.092532190066832,-0.056410036247552683
639089884101739055,nan,72.071998649781904,0.010930045486171736,0.0024068238172466686,0,0,0,1,2,1.9087464348099292,-12.11377624532372,-0.0564100362464348,1.9003023211187886,-12.120716190446045,-0.054003212429188131
639089884101939189,nan,69.674842789306282,0.0083147486637172724,0.0055634864445846463,0,0,0,1,2,1.8694564048834634,-12.139140189920278,-0.05400321242819342,1.8772276868194702,-12.142096914867222,-0.059566698872778066
639089884102239229,nan,63.493832131925316,0.03196990338718534,0.0076820940676616961,0,0,0,1,2,1.8430907866761301,-12.173727823729756,-0.059566698871849025,1.8747569318452935,-12.169331237245739,-0.051884604804187329
639089884102439351,nan,70.84985012707196,0.014439531804853748,0.0083662265408569261,0,0,0,1,2,1.8731346066123089,-12.187213596629688,-0.051884604803569628,1.859429329664025,-12.191759524754309,-0.060250831344426554
639089884102739383,nan,69.405766725573159,0.043164037664918768,0.0013329425190916622,0,0,0,1,2,1.8368458958517182,-12.22480499008431,-0.060250831344105783,1.7964205611760908,-12.209674674030042,-0.061583773863197445
639089884102941255,nan,76.467903503379787,0.0012192302005909015,0.0029511453012013369,0,0,0,1,2,1.7546811583153237,-12.221542349765901,-0.061583773862791076,1.7549830225433873,-12.220361079149214,-0.064534919163992413
639089884103239341,nan,75.378808091568246,0.045406130822204016,0.010634825221441747,0,0,0,1,2,1.6946728913239895,-12.23591457282348,-0.06453491916313403,1.7399732452016701,-12.232817048844556,-0.053900093941692283
639089884103439192,nan,83.775909154038757,0.027404684001274177,0.0073262682947368013,0,0,0,1,2,1.7300256233679954,-12.24107215305297,-0.053900093940750182,1.703683570544859,-12.248629464630032,-0.061226362235486984
639089884103739866,nan,71.772403492422171,0.013582471554802803,0.0058929543744224225,0,0,0,1,2,1.6496307074052439,-12.272181793341764,-0.06122636223427104,1.6508645327597262,-12.25865547793321,-0.055333407859848617
639089884103939446,nan,74.875274204973508,0.0014716261230457365,0.0059222792148837175,0,0,0,1,2,1.6161618019234343,-12.265242686932297,-0.055333407858589354,1.6176055774817988,-12.265527635319026,-0.061255687073473071
639089884104239171,nan,88.635474425369381,0.010658023758715905,0.0091101202119961283,0,0,0,1,2,1.5679544496015527,-12.275786838060814,-0.061255687071363384,1.5783481332678908,-12.273427853049109,-0.052145566859367255
639089884104439346,nan,90.438660133767897,0.00064666126403114946,0.003408208573200143,0,0,0,1,2,1.5524089312439704,-12.278647890874723,-0.052145566857250206,1.5521642809044769,-12.279246486733198,-0.055553775430450349
639089884104739214,nan,96.078163097865541,0.021174161731865183,0.0092979250493418972,0,0,0,1,2,1.513045759144265,-12.287939491308178,-0.055553775428175863,1.4919100901851192,-12.289215666334021,-0.046255850378833965
639089884104939168,nan,103.62961170440623,0.013726156701853797,0.0091035271367486334,0,0,0,1,2,1.4521499296632574,-12.295794066549306,-0.046255850376239901,1.4385970403416362,-12.293619999199905,-0.055359377512988535
639089884105240050,nan,95.123548907829985,0.031532627984416868,0.012634700594767033,0,0,0,1,2,1.3591682164796386,-12.30018182562816,-0.055359377509538392,1.3901308750890211,-12.294213542839747,-0.042724676914771359
639089884105439198,nan,91.852753787582458,0.007819937640757578,0.01035878912510154,0,0,0,1,2,1.3580403927628903,-12.294606540750452,-0.04272467691141732,1.3503359940255459,-12.293267263034165,-0.05308346603651886
639089884105739544,nan,100.03477130447826,0.0042101671845790828,0.0067705067598991531,0,0,0,1,2,1.290743322058469,-12.29185021288761,-0.053083466033856892,1.2885947116931478,-12.29547084559753,-0.046312959273957739
639089884105939485,nan,97.540034006409456,0.0073920463941025069,0.0090560849035287577,0,0,0,1,2,1.2481231626795599,-12.296915298908987,-0.046312959271213032,1.2425520779975086,-12.292056763599042,-0.05536904417474179
639089884106239087,nan,106.00202570373624,0.010804612751086672,0.008569964345952169,0,0,0,1,2,1.1742488377712472,-12.286992047613499,-0.055369044171667249,1.185035974696417,-12.287606322518231,-0.04679907982571508
639089884106438777,nan,96.922184154336662,0.025341077516481271,0.011371989479371562,0,0,0,1,2,1.1469983953330491,-12.284663077129593,-0.046799079823504272,1.1219983750319065,-12.280519504439418,-0.058171069302875834
639089884106720349,nan,76.983377420248402,0.023416976856445827,0.0021885953131460453,0,0,0,1,2,1.0344186586089752,-12.270673610544559,-0.05817106930120166,1.0575421674660537,-12.266977918020562,-0.055982473988055614
639089884107039255,nan,102.63958605616513,0.02486000280911423,0.007964026196338736,0,0,0,1,2,0.98511672982754073,-12.251762078309492,-0.055982473986258864,1.0098832657853054,-12.253915781242098,-0.048018447789920128
639089884107239360,nan,81.014440800076059,0.018488535791070369,0.0070500284015908854,0,0,0,1,2,0.98017462166428593,-12.245773370080151,-0.048018447787582436,0.96168875907869555,-12.245458981523807,-0.055068476189173321
639089884107439591,nan,95.622603986802488,0.024392834478130003,0.0064504442261448663,0,0,0,1,2,0.91405100035501674,-12.237099875640498,-0.055068476187634996,0.89159645542922028,-12.227570773581393,-0.061518920413779862
639089884107739241,nan,67.787519406629912,0.026972305719402755,0.003602707812437371,0,0,0,1,2,0.78784559958483713,-12.201092590001794,-0.061518920411579303,0.8120902198993355,-12.212912220352475,-0.057916212599141932
639089884107939286,nan,73.144458594389135,0.0072758319124833415,0.007409557320834162,0,0,0,1,2,0.75967655551430457,-12.203248720575507,-0.05791621259694725,0.76417929834147302,-12.208963879107962,-0.065325769917781412
639089884108238830,nan,52.410001644911695,0.023002856701726783,0.010337276019827688,0,0,0,1,2,0.69360240312995769,-12.203147633934369,-0.06532576991545358,0.70977779094663096,-12.186792566052505,-0.054988493895625892
639089884108539392,nan,60.975540255299663,0.01671268456439302,0.0079180514385205625,0,0,0,1,2,0.65620619167505767,-12.164959481728005,-0.054988493893757706,0.65831625404434291,-12.14838053537588,-0.047070442455237144
639089884108738908,nan,64.138875998850963,0.026295658159502636,0.0083581254397508756,0,0,0,1,2,0.62452448003277594,-12.123157606989297,-0.047070442454058413,0.59826618857001279,-12.121756262100272,-0.055428567893809289
639089884108939026,nan,120.06938912509483,0.031517315196212307,0.013063203173629578,0,0,0,1,2,0.53876429173595231,-12.095375029220445,-0.055428567892829766,0.51182336487625146,-12.111731300712373,-0.068491771066459345
639089884109239170,nan,45.747815378323594,0.05804190118525384,0.0078400861557480633,0,0,0,1,2,0.3832808049331195,-12.096823941777677,-0.06849177106552802,0.4379075660658569,-12.077208150655583,-0.060651684909779957
639089884109439020,nan,49.281012804367023,0.022691917460677037,0.0078977360960892501,0,0,0,1,2,0.3895569404951707,-12.054625483231556,-0.060651684908858805,0.4021060446682348,-12.035719317504583,-0.068549421004948055
639089884109738928,nan,62.412447797393341,0.029369426743097463,0.0073909784385342223,0,0,0,1,2,0.34890024081283566,-11.97406141491701,-0.068549421003791911,0.35538060007918743,-12.002706976021607,-0.061158442565257688
639089884110038937,nan,44.889366264510357,0.015373783658162346,0.011133324283153501,0,0,0,1,2,0.30906502443509354,-11.969984214096259,-0.061158442563910786,0.29369126861721973,-11.969954956270456,-0.050025118280757286
639089884110238783,nan,52.936214548786765,0.035814408031542476,0.008467904504552988,0,0,0,1,2,0.25299864261710237,-11.948350480117174,-0.050025118279745658,0.22014161699604873,-11.934099596285382,-0.058493022784298646
639089884110539127,nan,46.886984757709186,0.033122746700803882,0.0054796105035319412,0,0,0,1,2,0.1106386780474068,-11.88071705525514,-0.058493022783588457,0.14165199345307636,-11.892348504715722,-0.053013412280056516
639089884110739074,nan,51.099653103828331,0.011308549655767402,0.0076668044315307063,0,0,0,1,2,0.089942983142926938,-11.864842860950549,-0.053013412279587141,0.085111927776356178,-11.8546181751675,-0.060680216711117847
639089884110939006,nan,44.15368374232208,0.019904162477391938,0.00060780373260453657,0,0,0,1,2,0.02912200950707481,-11.817254970112934,-0.060680216710640708,0.025345396238169005,-11.797712378776483,-0.061288020443245245
639089884111239099,nan,44.288573349529912,0.039146056387183853,0.0040014402297086707,0,0,0,1,2,-0.063773793709746687,-11.712858893938265,-0.061288020442933071,-0.03846115324873154,-11.74271997167434,-0.0572865802132244
639089884111539132,nan,44.164038220153039,0.012819973712624151,0.0045509032028279092,0,0,0,1,2,-0.1017729468092525,-11.688153975646586,-0.057286580213148655,-0.091859598859700589,-11.696282767587796,-0.061837483415976564
639089884111738664,nan,54.272046015662795,0.028173728618948214,0.0071285081468746569,0,0,0,1,2,-0.12690257039151176,-11.665808142302311,-0.061837483415627864,-0.15226985815043814,-11.653550096126432,-0.068965991562502521
639089884112038891,nan,58.654577980867792,0.011538213411473403,0.0011462972786699943,0,0,0,1,2,-0.24230463717999867,-11.58986179752387,-0.068965991562067994,-0.23293086032802618,-11.583134043347465,-0.067819694283397999
639089884112244873,nan,55.094652433742077,0.0070574042246331478,0.0025246325044355061,0,0,0,1,2,-0.28777980675482107,-11.535251594553232,-0.067819694283190998,-0.28817625719137641,-11.528205334450083,-0.070344326787626504
639089884112439151,nan,54.036950825961519,0.015303300253019807,0.0014862400855776142,0,0,0,0,0,-0.33984529927401619,-11.476832479285624,-0.070344326787429745,-0.3483961845121884,-11.464141011274489,-0.071830566873007359
639089884112739105,nan,82.274891554502531,0.037491983205162095,0.0017234762943750953,0,0,0,1,2,-0.44079009634136834,-11.365848740090755,-0.071830566872877699,-0.41644331020580178,-11.394359839850763,-0.073554043167252794
639089884112939001,nan,79.850599939264981,0.014666179287200388,0.0056273131411226363,0,0,0,1,2,-0.46148303075058505,-11.348172371560574,-0.073554043167126076,-0.47209261384908707,-11.338046485853127,-0.079181356308248713
639089884113239153,nan,78.924626447341495,0.025214573571466233,0.0045119316778106239,0,0,0,0,0,-0.55501081915203487,-11.254138836657647,-0.079181356308179809,-0.53485568643669146,-11.269289590619671,-0.074669424630369186
639089884113539381,nan,76.02692217624147,0.0089917256303693373,0.0024782840158205782,0,0,0,1,2,-0.59721417412414624,-11.200975917816949,-0.074669424629922071,-0.59307728500758716,-11.208959480821594,-0.077147708645742649
639089884113739091,nan,82.755218151711304,0.031630037025426917,0.0011304970037560313,0,0,0,0,0,-0.6315741893689546,-11.169068400466264,-0.077147708645493432,-0.65401532433778364,-11.146778162613323,-0.076017211641737401
639089884114039047,nan,93.629258233371388,0.015548383938573336,0.00056642798477224421,0,0,0,1,2,-0.7449559443958047,-11.053982140686127,-0.076017211641626059,-0.72970415420712365,-11.057004579956276,-0.075450783656853815
639089884114238954,nan,90.240095043137629,0.015545230652432646,0.0038571888515269298,0,0,0,0,0,-0.77979354596999972,-10.997594173434887,-0.075450783656786674,-0.78846817872921793,-10.984694369462344,-0.079307972508313604
639089884114439121,nan,96.605969408327041,0.0043070952902132401,0.00070022207158740302,0,0,0,1,2,-0.846880030386023,-10.912817514141521,-0.079307972508274746,-0.85067186704894737,-10.910774711027983,-0.078607750436687343
639089884114739006,nan,80.117128783127882,0.037547165406634504,0.0036361360309212359,0,0,0,1,2,-0.94316170434181312,-10.80086455351133,-0.078607750436470947,-0.9194844679739449,-10.830005214246002,-0.082243886467392183
639089884115038960,nan,62.444994245560039,0.019846240403964523,0.0046764189693307007,0,0,0,1,2,-0.98774615629808071,-10.749882356785081,-0.082243886467327457,-0.97807002495142947,-10.767209957321056,-0.077567467497996756
639089884115238968,nan,72.731990678595338,0.033351921858259262,0.001854306866910585,0,0,0,0,0,-1.016694472186038,-10.725810127519772,-0.077567467497895226,-1.0294073664539032,-10.694976168789607,-0.075713160630984641
639089884115539119,nan,58.995485338474239,0.0032947692851119049,0.0016337976623836403,0,0,0,1,2,-1.1058638905269271,-10.587398638864839,-0.075713160630917792,-1.1078015499844949,-10.584733872370638,-0.077346958293301432
639089884115739028,nan,65.782310916589637,0.0095570294026919283,0.00083251295853216389,0,0,0,0,0,-1.1595006420950835,-10.512031710292209,-0.077346958293196447,-1.1650239711439307,-10.504232373960054,-0.076514445334664283
639089884116038935,nan,72.475269151108833,0.046271569080347359,0.0033420380581018622,0,0,0,1,2,-1.2499097371283359,-10.384813600391645,-0.076514445334582001,-1.228786293817957,-10.425982256525536,-0.073172407276480139
639089884116239021,nan,48.351732500044221,0.03016230547562564,0.0042728363481635973,0,0,0,0,0,-1.2710067760422843,-10.374168621864117,-0.073172407276405824,-1.2877233146885532,-10.349062407348727,-0.077445243624569421
639089884116539390,nan,61.556080260785912,0.025437407605047674,0.0013573417289548112,0,0,0,1,2,-1.3756937238363147,-10.234250519952433,-0.077445243624320786,-1.3535271499635366,-10.246728689225527,-0.076087901895365975
639089884116739061,nan,54.321984226889143,0.020938966731744089,0.0040903137212669333,0,0,0,0,0,-1.3969398282462306,-10.179216199052432,-0.076087901895213889,-1.405156113061552,-10.159956578297427,-0.080178215616480822
639089884117039068,nan,79.61716226057446,0.049591796386957744,0.0086203010641761058,0,0,0,1,2,-1.4819444050007986,-10.030899518339007,-0.080178215616359377,-1.4644700210063546,-10.077310639559036,-0.071557914552183272
639089884117238890,nan,89.476187213721275,0.020978825584749873,0.00073982425373300686,0,0,0,0,0,-1.5035017979422105,-10.022925117558138,-0.07155791455203396,-1.5136087328037895,-10.004541402193198,-0.072297738805766967
639089884117539073,nan,111.45234724366482,0.01426214861699153,0.0024637771646290885,0,0,0,1,2,-1.5869260150362117,-9.8959662581034866,-0.072297738805527589,-1.5739852726613039,-9.9019617622490461,-0.069833961640898501
639089884117739045,nan,140.99511591197779,0.027497785408791414,0.0014423756759248396,0,0,0,0,0,-1.6140092423534422,-9.8339611048770887,-0.069833961640672265,-1.6253611187179025,-9.8089158836683641,-0.071276337316597105
639089884118039054,nan,195.1585807057624,0.046728184661667165,0.0053647378166833404,0,0,0,1,2,-1.7017876663520912,-9.6705011262028151,-0.071276337316414695,-1.678963062815771,-9.7112756368091322,-0.065911599499731355
639089884118239009,nan,164.30903050438206,0.033401759902211899,0.00044958439041574427,0,0,0,0,0,-1.7143865266140541,-9.6467489520389247,-0.065911599499531168,-1.731786278398439,-9.6182370913068223,-0.066361183889946912
639089884118539288,nan,210.06769984701239,0.018266048492024706,0.00064684521883931478,0,0,0,1,2,-1.8104492972476176,-9.479686403359878,-0.066361183889534769,-1.7926048179203105,-9.4757847261499712,-0.067008029108374084
639089884118739004,nan,147.95438844407846,0.0095026795305089631,0.0023149871098272629,0,0,0,1,2,-1.832582946498738,-9.3821458618281195,-0.067008029107739717,-1.8333005548128025,-9.3916214070138668,-0.06932301621756698
639089884119038992,nan,148.54556372675322,0.039006307645133034,0.0098000254558300512,0,0,0,1,2,-1.8938742284528547,-9.2663482994330462,-0.069323016216596353,-1.8803754804994026,-9.3029444172571534,-0.059522990760766302
639089884119238935,nan,130.5515877386604,0.03752562338233284,0.0060325841494734342,0,0,0,1,2,-1.9114013374875745,-9.2444997237774462,-0.059522990759819837,-1.9146967011552587,-9.2071190738562585,-0.065555574909293271
639089884119538993,nan,149.55773706036666,0.0098229017307727984,0.008690049705108685,0,0,0,1,2,-1.9657887097637896,-9.0644694484526074,-0.065555574908267356,-1.9566673548274498,-9.0608238644750081,-0.056865525203158671
639089884119738935,nan,133.89100995894225,0.015559561370021267,0.0078236727606323109,0,0,0,1,2,-1.9843636774226761,-8.9642840453717394,-0.056865525201247991,-1.9903161301538661,-8.9786600064356268,-0.064689197961880301
639089884120038853,nan,129.83074260754813,0.04199412722712375,0.0099683564394169519,0,0,0,1,2,-2.0402123155737311,-8.8568230879809455,-0.064689197960489872,-2.0245976844179636,-8.8958062896893377,-0.05472084152107292
639089884120238924,nan,126.07033256054559,0.025954624596328267,0.0070275371583754104,0,0,0,1,2,-2.0470769304984033,-8.8414770993302696,-0.05472084151962589,-2.0522084322673755,-8.8160348072257566,-0.061748378678001301
639089884120541118,nan,135.77269298457412,0.03113193194594982,0.0095696771786619311,0,0,0,1,2,-2.0936136669363039,-8.6964090379670935,-0.061748378674459328,-2.0779922965856574,-8.7233380181753226,-0.052178701495797397
639089884120739131,nan,122.24106211319784,0.0023533431428443179,0.0040639881645565257,0,0,0,1,2,-2.0947290192753543,-8.6631670355246584,-0.052178701494051016,-2.0963198923177231,-8.6614328651434569,-0.056242689658607542
639089884121039032,nan,104.32244143941431,0.011623259814682074,0.0011822701659036303,0,0,0,1,2,-2.1238371744268414,-8.5684876919254744,-0.056242689657650613,-2.1207811543987525,-8.5572733747234544,-0.055060419491746983
639089884121238917,nan,109.88969570950012,0.011479528234117596,0.0069378265482806303,0,0,0,1,2,-2.1367943345184246,-8.4890870041370281,-0.055060419490816498,-2.13925729124065,-8.4778748048584589,-0.061998246039097128
639089884121539078,nan,105.92763002401207,0.022273466090104173,0.0047844474006841706,0,0,0,1,2,-2.1667817252274242,-8.3595924651251003,-0.061998246038311028,-2.1558667421598967,-8.3790081916451822,-0.057213798637626857
639089884121739143,nan,97.578161090819989,0.017330982294051174,0.005519301548836078,0,0,0,1,2,-2.1668191685227463,-8.3138146276780578,-0.057213798637026872,-2.1666820213449367,-8.296484188043463,-0.06273310018586295
639089884122039110,nan,89.620727959393918,0.014250964955101029,0.0012250884396925801,0,0,0,1,2,-2.1827629816972087,-8.1737813703607127,-0.062733100185362128,-2.1780796929182076,-8.187240820883078,-0.061508011745669548
639089884122238732,nan,112.07391020555545,0.01268492762325887,0.0097850133290493593,0,0,0,1,2,-2.1855846645120991,-8.1153078508822176,-0.061508011745394504,-2.1864945714646824,-8.1026555997724365,-0.071293025074443864
639089884122538896,nan,89.710660735095345,0.02439212972843836,0.0049594149763782513,0,0,0,1,2,-2.199067308924548,-7.9762761431783424,-0.071293025074197103,-2.1932623719487161,-7.9999674643613323,-0.066333610097818851
639089884122739125,nan,78.075552327859,0.016711886752999131,0.0084091145945215107,0,0,0,1,2,-2.1977450247255241,-7.9319519759568209,-0.066333610097682488,-2.1946626965446185,-7.915526799798549,-0.074742724692203999
639089884123038908,nan,68.194793053224217,0.012864838269085254,0.00052178844694339421,0,0,0,1,2,-2.1967448919031187,-7.7899687967928424,-0.074742724692102358,-2.1982610662775706,-7.8027439789424626,-0.074220936245158964
639089884123238855,nan,88.335915757314723,0.01127774512897956,0.00033723801444580925,0,0,0,0,0,-2.2006382215923646,-7.7282373823689232,-0.074220936245073532,-2.2002566357711575,-7.716966094622828,-0.074558174259519341
639089884123538889,nan,84.372691523413636,0.0097513352572768421,0.0039673566035210855,0,0,0,1,2,-2.2032307342843374,-7.5891269594593735,-0.074558174259444693,-2.2010151828639852,-7.5986232677527887,-0.070590817655923607
639089884123739061,nan,87.443721694776016,0.011087559654951082,0.0018652424582197014,0,0,0,0,0,-2.2015171400390012,-7.5203116749449377,-0.070590817655883473,-2.1991579126504566,-7.5094780225030675,-0.072456060114103174
639089884124039062,nan,80.441976759441474,0.0077047774712211371,0.0052503980174479215,0,0,0,1,2,-2.1963936019960437,-7.3767966552797857,-0.072456060114097248,-2.1987440680201238,-7.3841341552185034,-0.07770645813154517
639089884124238837,nan,94.913858454250288,0.0063466999282394375,0.004511854549965541,0,0,0,0,0,-2.198470701980471,-7.301337970170005,-0.077706458131539757,-2.1944593511409916,-7.2964196712342222,-0.082218312681505298
639089884124539055,nan,85.875518720922884,0.020521578461091722,0.00084428377238178476,0,0,0,1,2,-2.1880714453240415,-7.1656498028205498,-0.082218312681485897,-2.1919996704674607,-7.1857919037476465,-0.081374028909104112
