[INFO] [launch]: All log files can be found below /home/symoon/.ros/log/2026-05-13-19-45-19-119201-symoon-HP-ZBook-Create-G7-Notebook-PC-50692
[INFO] [launch]: Default logging verbosity is set to INFO
[INFO] [cartographer_node-1]: process started with pid [50694]
[cartographer_node-1] [INFO] [1778669119.193732113] [cartographer logger]: I0513 19:45:19.000000 50694 configuration_file_resolver.cc:41] Found '/home/symoon/Desktop/F1/Local_SLAM_Complete/local_SLAM_imu_wheel_ver2/src/SLAM/cartographer_ros/configuration_files/Damvi_localization_config_wheel.lua' for 'Damvi_localization_config_wheel.lua'.
[cartographer_node-1] [INFO] [1778669119.194338646] [cartographer logger]: I0513 19:45:19.000000 50694 configuration_file_resolver.cc:41] Found '/home/symoon/Desktop/F1/Local_SLAM_Complete/local_SLAM_imu_wheel_ver2/install/cartographer/share/cartographer/configuration_files/map_builder.lua' for 'map_builder.lua'.
[cartographer_node-1] [INFO] [1778669119.194365047] [cartographer logger]: I0513 19:45:19.000000 50694 configuration_file_resolver.cc:41] Found '/home/symoon/Desktop/F1/Local_SLAM_Complete/local_SLAM_imu_wheel_ver2/install/cartographer/share/cartographer/configuration_files/map_builder.lua' for 'map_builder.lua'.
[cartographer_node-1] [INFO] [1778669119.194404929] [cartographer logger]: I0513 19:45:19.000000 50694 configuration_file_resolver.cc:41] Found '/home/symoon/Desktop/F1/Local_SLAM_Complete/local_SLAM_imu_wheel_ver2/install/cartographer/share/cartographer/configuration_files/pose_graph.lua' for 'pose_graph.lua'.
[cartographer_node-1] [INFO] [1778669119.194425925] [cartographer logger]: I0513 19:45:19.000000 50694 configuration_file_resolver.cc:41] Found '/home/symoon/Desktop/F1/Local_SLAM_Complete/local_SLAM_imu_wheel_ver2/install/cartographer/share/cartographer/configuration_files/pose_graph.lua' for 'pose_graph.lua'.
[cartographer_node-1] [INFO] [1778669119.194547600] [cartographer logger]: I0513 19:45:19.000000 50694 configuration_file_resolver.cc:41] Found '/home/symoon/Desktop/F1/Local_SLAM_Complete/local_SLAM_imu_wheel_ver2/install/cartographer/share/cartographer/configuration_files/trajectory_builder.lua' for 'trajectory_builder.lua'.
[cartographer_node-1] [INFO] [1778669119.194567302] [cartographer logger]: I0513 19:45:19.000000 50694 configuration_file_resolver.cc:41] Found '/home/symoon/Desktop/F1/Local_SLAM_Complete/local_SLAM_imu_wheel_ver2/install/cartographer/share/cartographer/configuration_files/trajectory_builder.lua' for 'trajectory_builder.lua'.
[cartographer_node-1] [INFO] [1778669119.194604349] [cartographer logger]: I0513 19:45:19.000000 50694 configuration_file_resolver.cc:41] Found '/home/symoon/Desktop/F1/Local_SLAM_Complete/local_SLAM_imu_wheel_ver2/install/cartographer/share/cartographer/configuration_files/trajectory_builder_2d.lua' for 'trajectory_builder_2d.lua'.
[cartographer_node-1] [INFO] [1778669119.194621576] [cartographer logger]: I0513 19:45:19.000000 50694 configuration_file_resolver.cc:41] Found '/home/symoon/Desktop/F1/Local_SLAM_Complete/local_SLAM_imu_wheel_ver2/install/cartographer/share/cartographer/configuration_files/trajectory_builder_2d.lua' for 'trajectory_builder_2d.lua'.
[cartographer_node-1] [INFO] [1778669119.194754207] [cartographer logger]: I0513 19:45:19.000000 50694 configuration_file_resolver.cc:41] Found '/home/symoon/Desktop/F1/Local_SLAM_Complete/local_SLAM_imu_wheel_ver2/install/cartographer/share/cartographer/configuration_files/trajectory_builder_3d.lua' for 'trajectory_builder_3d.lua'.
[cartographer_node-1] [INFO] [1778669119.194775400] [cartographer logger]: I0513 19:45:19.000000 50694 configuration_file_resolver.cc:41] Found '/home/symoon/Desktop/F1/Local_SLAM_Complete/local_SLAM_imu_wheel_ver2/install/cartographer/share/cartographer/configuration_files/trajectory_builder_3d.lua' for 'trajectory_builder_3d.lua'.
[cartographer_node-1] [INFO] [1778669119.205531485] [cartographer logger]: I0513 19:45:19.000000 50694 map_builder_bridge.cpp:117] Loading saved state '/home/symoon/Desktop/F1/Local_SLAM_Complete/local_SLAM_imu_wheel_ver2/src/SLAM/cartographer_ros/pbstream/0312.pbstream'...
[cartographer_node-1] [INFO] [1778669119.268464022] [cartographer logger]: I0513 19:45:19.000000 50694 map_builder_bridge.cpp:140] Added trajectory with ID '1'.
[cartographer_node-1] [INFO] [1778669119.268592409] [cartographer logger]: I0513 19:45:19.000000 50694 pose_extrapolator.cc:218] Loaded pose extrapolator config from /home/symoon/Desktop/F1/Local_SLAM_Complete/local_SLAM_imu_wheel_ver2/parameter_trials/local_wheel_003_reduced.yaml imu_weight=0.2 imu_delta_min=0.3 wheelodom_weight=0.003 process_noise=0.001 measurement_noise_scan_default=1.5e-06 measurement_noise_odom_default=0.0002
[cartographer_node-1] [INFO] [1778669119.268631214] [cartographer logger]: I0513 19:45:19.000000 50694 pose_extrapolator.cc:154] fusion is active
[cartographer_node-1] [INFO] [1778669127.268342352] [cartographer logger]: I0513 19:45:27.000000 50694 ordered_multi_queue.cc:172] All sensor data for trajectory 1 is available starting at '639089883260544487'.
[cartographer_node-1] [INFO] [1778669127.310849026] [cartographer logger]: I0513 19:45:27.000000 50694 local_trajectory_builder_2d.cc:321] Extrapolator not yet initialized.
[cartographer_node-1] [INFO] [1778669127.311080527] [cartographer logger]: I0513 19:45:27.000000 50694 pose_extrapolator.cc:218] Loaded pose extrapolator config from /home/symoon/Desktop/F1/Local_SLAM_Complete/local_SLAM_imu_wheel_ver2/parameter_trials/local_wheel_003_reduced.yaml imu_weight=0.2 imu_delta_min=0.3 wheelodom_weight=0.003 process_noise=0.001 measurement_noise_scan_default=1.5e-06 measurement_noise_odom_default=0.0002
[cartographer_node-1] [INFO] [1778669127.311126718] [cartographer logger]: I0513 19:45:27.000000 50694 pose_extrapolator.cc:154] fusion is active
[cartographer_node-1] [INFO] [1778669127.311295686] [cartographer logger]: I0513 19:45:27.000000 50694 local_trajectory_builder_2d.cc:143] Extrapolator is still initializing.
[cartographer_node-1] [INFO] [1778669127.368848505] [cartographer logger]: I0513 19:45:27.000000 50694 pose_graph_2d.cc:148] Inserted submap (1, 0).
[cartographer_node-1] [WARN] [1778669127.715190498] [cartographer logger]: W0513 19:45:27.000000 50694 range_data_collator.cc:82] Dropped 52 earlier points.
[cartographer_node-1] [INFO] [1778669129.903699105] [cartographer logger]: I0513 19:45:29.000000 50710 pose_graph_2d.cc:538] Remaining work items in queue: 1
[cartographer_node-1] [INFO] [1778669129.903805956] [cartographer logger]: I0513 19:45:29.000000 50710 constraint_builder_2d.cc:290] 1 computations resulted in 0 additional constraints.
[cartographer_node-1] [INFO] [1778669129.903861254] [cartographer logger]: I0513 19:45:29.000000 50710 constraint_builder_2d.cc:292] Score histogram:
[cartographer_node-1] Count: 0
[cartographer_node-1] [INFO] [1778669130.174598210] [cartographer logger]: I0513 19:45:30.000000 50711 pose_graph_2d.cc:538] Remaining work items in queue: 0
[cartographer_node-1] [INFO] [1778669130.174663765] [cartographer logger]: I0513 19:45:30.000000 50711 constraint_builder_2d.cc:290] 0 computations resulted in 0 additional constraints.
[cartographer_node-1] [INFO] [1778669130.174677639] [cartographer logger]: I0513 19:45:30.000000 50711 constraint_builder_2d.cc:292] Score histogram:
[cartographer_node-1] Count: 0
[cartographer_node-1] [INFO] [1778669130.299726026] [cartographer logger]: I0513 19:45:30.000000 50711 pose_graph_2d.cc:538] Remaining work items in queue: 1
[cartographer_node-1] [INFO] [1778669130.299762026] [cartographer logger]: I0513 19:45:30.000000 50711 constraint_builder_2d.cc:290] 0 computations resulted in 0 additional constraints.
[cartographer_node-1] [INFO] [1778669130.299774798] [cartographer logger]: I0513 19:45:30.000000 50711 constraint_builder_2d.cc:292] Score histogram:
[cartographer_node-1] Count: 0
[cartographer_node-1] [INFO] [1778669130.520815233] [cartographer logger]: I0513 19:45:30.000000 50711 pose_graph_2d.cc:538] Remaining work items in queue: 1
[cartographer_node-1] [INFO] [1778669130.520932018] [cartographer logger]: I0513 19:45:30.000000 50711 constraint_builder_2d.cc:290] 0 computations resulted in 0 additional constraints.
[cartographer_node-1] [INFO] [1778669130.520945989] [cartographer logger]: I0513 19:45:30.000000 50711 constraint_builder_2d.cc:292] Score histogram:
[cartographer_node-1] Count: 0
[cartographer_node-1] [INFO] [1778669130.729924295] [cartographer logger]: I0513 19:45:30.000000 50711 pose_graph_2d.cc:538] Remaining work items in queue: 1
[cartographer_node-1] [INFO] [1778669130.784095678] [cartographer logger]: I0513 19:45:30.000000 50710 constraint_builder_2d.cc:275] Node (1, 14) with 204 points on submap (0, 4) matches with score 61.6%.
[cartographer_node-1] [INFO] [1778669130.784149119] [cartographer logger]: I0513 19:45:30.000000 50710 constraint_builder_2d.cc:290] 1 computations resulted in 1 additional constraints.
[cartographer_node-1] [INFO] [1778669130.784162435] [cartographer logger]: I0513 19:45:30.000000 50710 constraint_builder_2d.cc:292] Score histogram:
[cartographer_node-1] Count: 1  Min: 0.616463  Max: 0.616463  Mean: 0.616463
[cartographer_node-1] [INFO] [1778669130.895932798] [cartographer logger]: I0513 19:45:30.000000 50708 pose_graph_2d.cc:538] Remaining work items in queue: 1
[cartographer_node-1] [INFO] [1778669130.896010473] [cartographer logger]: I0513 19:45:30.000000 50708 constraint_builder_2d.cc:290] 0 computations resulted in 0 additional constraints.
[cartographer_node-1] [INFO] [1778669130.896065947] [cartographer logger]: I0513 19:45:30.000000 50708 constraint_builder_2d.cc:292] Score histogram:
[cartographer_node-1] Count: 1  Min: 0.616463  Max: 0.616463  Mean: 0.616463
[cartographer_node-1] [INFO] [1778669131.070854807] [cartographer logger]: I0513 19:45:31.000000 50711 pose_graph_2d.cc:538] Remaining work items in queue: 1
[cartographer_node-1] [INFO] [1778669131.070906386] [cartographer logger]: I0513 19:45:31.000000 50711 constraint_builder_2d.cc:290] 0 computations resulted in 0 additional constraints.
[cartographer_node-1] [INFO] [1778669131.070920340] [cartographer logger]: I0513 19:45:31.000000 50711 constraint_builder_2d.cc:292] Score histogram:
[cartographer_node-1] Count: 1  Min: 0.616463  Max: 0.616463  Mean: 0.616463
[cartographer_node-1] [INFO] [1778669131.193863407] [cartographer logger]: I0513 19:45:31.000000 50711 pose_graph_2d.cc:538] Remaining work items in queue: 1
[cartographer_node-1] [INFO] [1778669131.193898849] [cartographer logger]: I0513 19:45:31.000000 50711 constraint_builder_2d.cc:290] 0 computations resulted in 0 additional constraints.
[cartographer_node-1] [INFO] [1778669131.193958192] [cartographer logger]: I0513 19:45:31.000000 50711 constraint_builder_2d.cc:292] Score histogram:
[cartographer_node-1] Count: 1  Min: 0.616463  Max: 0.616463  Mean: 0.616463
[cartographer_node-1] [INFO] [1778669131.358493220] [cartographer logger]: I0513 19:45:31.000000 50711 pose_graph_2d.cc:538] Remaining work items in queue: 1
[cartographer_node-1] [INFO] [1778669131.358523701] [cartographer logger]: I0513 19:45:31.000000 50711 constraint_builder_2d.cc:290] 0 computations resulted in 0 additional constraints.
[cartographer_node-1] [INFO] [1778669131.358566210] [cartographer logger]: I0513 19:45:31.000000 50711 constraint_builder_2d.cc:292] Score histogram:
[cartographer_node-1] Count: 1  Min: 0.616463  Max: 0.616463  Mean: 0.616463
[cartographer_node-1] [INFO] [1778669131.502154381] [cartographer logger]: I0513 19:45:31.000000 50710 pose_graph_2d.cc:538] Remaining work items in queue: 1
[cartographer_node-1] [INFO] [1778669131.518165622] [cartographer logger]: I0513 19:45:31.000000 50711 constraint_builder_2d.cc:290] 1 computations resulted in 0 additional constraints.
[cartographer_node-1] [INFO] [1778669131.518213663] [cartographer logger]: I0513 19:45:31.000000 50711 constraint_builder_2d.cc:292] Score histogram:
[cartographer_node-1] Count: 1  Min: 0.616463  Max: 0.616463  Mean: 0.616463
[cartographer_node-1] [INFO] [1778669131.623561011] [cartographer logger]: I0513 19:45:31.000000 50711 pose_graph_2d.cc:538] Remaining work items in queue: 1
[cartographer_node-1] [INFO] [1778669131.623632990] [cartographer logger]: I0513 19:45:31.000000 50711 constraint_builder_2d.cc:290] 0 computations resulted in 0 additional constraints.
[cartographer_node-1] [INFO] [1778669131.623647962] [cartographer logger]: I0513 19:45:31.000000 50711 constraint_builder_2d.cc:292] Score histogram:
[cartographer_node-1] Count: 1  Min: 0.616463  Max: 0.616463  Mean: 0.616463
[cartographer_node-1] [INFO] [1778669131.776134150] [cartographer logger]: I0513 19:45:31.000000 50711 pose_graph_2d.cc:538] Remaining work items in queue: 1
[cartographer_node-1] [INFO] [1778669131.776189225] [cartographer logger]: I0513 19:45:31.000000 50711 constraint_builder_2d.cc:290] 0 computations resulted in 0 additional constraints.
[cartographer_node-1] [INFO] [1778669131.776211962] [cartographer logger]: I0513 19:45:31.000000 50711 constraint_builder_2d.cc:292] Score histogram:
[cartographer_node-1] Count: 1  Min: 0.616463  Max: 0.616463  Mean: 0.616463
[cartographer_node-1] [INFO] [1778669131.879435455] [cartographer logger]: I0513 19:45:31.000000 50710 pose_graph_2d.cc:538] Remaining work items in queue: 2
[cartographer_node-1] [INFO] [1778669131.879518840] [cartographer logger]: I0513 19:45:31.000000 50710 constraint_builder_2d.cc:290] 0 computations resulted in 0 additional constraints.
[cartographer_node-1] [INFO] [1778669131.879632570] [cartographer logger]: I0513 19:45:31.000000 50710 constraint_builder_2d.cc:292] Score histogram:
[cartographer_node-1] Count: 1  Min: 0.616463  Max: 0.616463  Mean: 0.616463
[cartographer_node-1] [INFO] [1778669132.014192424] [cartographer logger]: I0513 19:45:32.000000 50709 pose_graph_2d.cc:538] Remaining work items in queue: 1
[cartographer_node-1] [INFO] [1778669132.014295851] [cartographer logger]: I0513 19:45:32.000000 50709 constraint_builder_2d.cc:290] 0 computations resulted in 0 additional constraints.
[cartographer_node-1] [INFO] [1778669132.014335167] [cartographer logger]: I0513 19:45:32.000000 50709 constraint_builder_2d.cc:292] Score histogram:
[cartographer_node-1] Count: 1  Min: 0.616463  Max: 0.616463  Mean: 0.616463
[cartographer_node-1] [INFO] [1778669132.051149654] [cartographer logger]: I0513 19:45:32.000000 50709 constraint_builder_2d.cc:275] Node (1, 42) with 205 points on submap (0, 12) matches with score 66.4%.
[cartographer_node-1] [INFO] [1778669132.055277148] [cartographer logger]: I0513 19:45:32.000000 50710 pose_graph_2d.cc:538] Remaining work items in queue: 2
[cartographer_node-1] [INFO] [1778669132.055305235] [cartographer logger]: I0513 19:45:32.000000 50710 constraint_builder_2d.cc:290] 1 computations resulted in 1 additional constraints.
[cartographer_node-1] [INFO] [1778669132.055547105] [cartographer logger]: I0513 19:45:32.000000 50710 constraint_builder_2d.cc:292] Score histogram:
[cartographer_node-1] Count: 2  Min: 0.616463  Max: 0.663818  Mean: 0.640141
[cartographer_node-1] [0.616463, 0.621198)	          ##########	Count: 1 (50%)	Total: 1 (50%)
[cartographer_node-1] [0.621198, 0.625934)	                    	Count: 0 (0%)	Total: 1 (50%)
[cartographer_node-1] [0.625934, 0.630669)	                    	Count: 0 (0%)	Total: 1 (50%)
[cartographer_node-1] [0.630669, 0.635405)	                    	Count: 0 (0%)	Total: 1 (50%)
[cartographer_node-1] [0.635405, 0.640141)	                    	Count: 0 (0%)	Total: 1 (50%)
[cartographer_node-1] [0.640141, 0.644876)	                    	Count: 0 (0%)	Total: 1 (50%)
[cartographer_node-1] [0.644876, 0.649612)	                    	Count: 0 (0%)	Total: 1 (50%)
[cartographer_node-1] [0.649612, 0.654347)	                    	Count: 0 (0%)	Total: 1 (50%)
[cartographer_node-1] [0.654347, 0.659083)	                    	Count: 0 (0%)	Total: 1 (50%)
[cartographer_node-1] [0.659083, 0.663818]	          ##########	Count: 1 (50%)	Total: 2 (100%)
[cartographer_node-1] [INFO] [1778669132.142987941] [cartographer logger]: I0513 19:45:32.000000 50710 pose_graph_2d.cc:538] Remaining work items in queue: 2
[cartographer_node-1] [INFO] [1778669132.143018500] [cartographer logger]: I0513 19:45:32.000000 50710 constraint_builder_2d.cc:290] 0 computations resulted in 0 additional constraints.
[cartographer_node-1] [INFO] [1778669132.143197370] [cartographer logger]: I0513 19:45:32.000000 50710 constraint_builder_2d.cc:292] Score histogram:
[cartographer_node-1] Count: 2  Min: 0.616463  Max: 0.663818  Mean: 0.640141
[cartographer_node-1] [0.616463, 0.621198)	          ##########	Count: 1 (50%)	Total: 1 (50%)
[cartographer_node-1] [0.621198, 0.625934)	                    	Count: 0 (0%)	Total: 1 (50%)
[cartographer_node-1] [0.625934, 0.630669)	                    	Count: 0 (0%)	Total: 1 (50%)
[cartographer_node-1] [0.630669, 0.635405)	                    	Count: 0 (0%)	Total: 1 (50%)
[cartographer_node-1] [0.635405, 0.640141)	                    	Count: 0 (0%)	Total: 1 (50%)
[cartographer_node-1] [0.640141, 0.644876)	                    	Count: 0 (0%)	Total: 1 (50%)
[cartographer_node-1] [0.644876, 0.649612)	                    	Count: 0 (0%)	Total: 1 (50%)
[cartographer_node-1] [0.649612, 0.654347)	                    	Count: 0 (0%)	Total: 1 (50%)
[cartographer_node-1] [0.654347, 0.659083)	                    	Count: 0 (0%)	Total: 1 (50%)
[cartographer_node-1] [0.659083, 0.663818]	          ##########	Count: 1 (50%)	Total: 2 (100%)
[cartographer_node-1] [INFO] [1778669132.210047282] [cartographer logger]: I0513 19:45:32.000000 50708 pose_graph_2d.cc:538] Remaining work items in queue: 1
[cartographer_node-1] [INFO] [1778669132.210079226] [cartographer logger]: I0513 19:45:32.000000 50708 constraint_builder_2d.cc:290] 0 computations resulted in 0 additional constraints.
[cartographer_node-1] [INFO] [1778669132.210103492] [cartographer logger]: I0513 19:45:32.000000 50708 constraint_builder_2d.cc:292] Score histogram:
[cartographer_node-1] Count: 2  Min: 0.616463  Max: 0.663818  Mean: 0.640141
[cartographer_node-1] [0.616463, 0.621198)	          ##########	Count: 1 (50%)	Total: 1 (50%)
[cartographer_node-1] [0.621198, 0.625934)	                    	Count: 0 (0%)	Total: 1 (50%)
[cartographer_node-1] [0.625934, 0.630669)	                    	Count: 0 (0%)	Total: 1 (50%)
[cartographer_node-1] [0.630669, 0.635405)	                    	Count: 0 (0%)	Total: 1 (50%)
[cartographer_node-1] [0.635405, 0.640141)	                    	Count: 0 (0%)	Total: 1 (50%)
[cartographer_node-1] [0.640141, 0.644876)	                    	Count: 0 (0%)	Total: 1 (50%)
[cartographer_node-1] [0.644876, 0.649612)	                    	Count: 0 (0%)	Total: 1 (50%)
[cartographer_node-1] [0.649612, 0.654347)	                    	Count: 0 (0%)	Total: 1 (50%)
[cartographer_node-1] [0.654347, 0.659083)	                    	Count: 0 (0%)	Total: 1 (50%)
[cartographer_node-1] [0.659083, 0.663818]	          ##########	Count: 1 (50%)	Total: 2 (100%)
[cartographer_node-1] [INFO] [1778669132.278738863] [cartographer logger]: I0513 19:45:32.000000 50710 pose_graph_2d.cc:538] Remaining work items in queue: 1
[cartographer_node-1] [INFO] [1778669132.278837108] [cartographer logger]: I0513 19:45:32.000000 50710 constraint_builder_2d.cc:290] 0 computations resulted in 0 additional constraints.
[cartographer_node-1] [INFO] [1778669132.279302613] [cartographer logger]: I0513 19:45:32.000000 50710 constraint_builder_2d.cc:292] Score histogram:
[cartographer_node-1] Count: 2  Min: 0.616463  Max: 0.663818  Mean: 0.640141
[cartographer_node-1] [0.616463, 0.621198)	          ##########	Count: 1 (50%)	Total: 1 (50%)
[cartographer_node-1] [0.621198, 0.625934)	                    	Count: 0 (0%)	Total: 1 (50%)
[cartographer_node-1] [0.625934, 0.630669)	                    	Count: 0 (0%)	Total: 1 (50%)
[cartographer_node-1] [0.630669, 0.635405)	                    	Count: 0 (0%)	Total: 1 (50%)
[cartographer_node-1] [0.635405, 0.640141)	                    	Count: 0 (0%)	Total: 1 (50%)
[cartographer_node-1] [0.640141, 0.644876)	                    	Count: 0 (0%)	Total: 1 (50%)
[cartographer_node-1] [0.644876, 0.649612)	                    	Count: 0 (0%)	Total: 1 (50%)
[cartographer_node-1] [0.649612, 0.654347)	                    	Count: 0 (0%)	Total: 1 (50%)
[cartographer_node-1] [0.654347, 0.659083)	                    	Count: 0 (0%)	Total: 1 (50%)
[cartographer_node-1] [0.659083, 0.663818]	          ##########	Count: 1 (50%)	Total: 2 (100%)
[cartographer_node-1] [INFO] [1778669132.371344693] [cartographer logger]: I0513 19:45:32.000000 50709 pose_graph_2d.cc:538] Remaining work items in queue: 1
[cartographer_node-1] [INFO] [1778669132.371447511] [cartographer logger]: I0513 19:45:32.000000 50709 constraint_builder_2d.cc:290] 0 computations resulted in 0 additional constraints.
[cartographer_node-1] [INFO] [1778669132.371590230] [cartographer logger]: I0513 19:45:32.000000 50709 constraint_builder_2d.cc:292] Score histogram:
[cartographer_node-1] Count: 2  Min: 0.616463  Max: 0.663818  Mean: 0.640141
[cartographer_node-1] [0.616463, 0.621198)	          ##########	Count: 1 (50%)	Total: 1 (50%)
[cartographer_node-1] [0.621198, 0.625934)	                    	Count: 0 (0%)	Total: 1 (50%)
[cartographer_node-1] [0.625934, 0.630669)	                    	Count: 0 (0%)	Total: 1 (50%)
[cartographer_node-1] [0.630669, 0.635405)	                    	Count: 0 (0%)	Total: 1 (50%)
[cartographer_node-1] [0.635405, 0.640141)	                    	Count: 0 (0%)	Total: 1 (50%)
[cartographer_node-1] [0.640141, 0.644876)	                    	Count: 0 (0%)	Total: 1 (50%)
[cartographer_node-1] [0.644876, 0.649612)	                    	Count: 0 (0%)	Total: 1 (50%)
[cartographer_node-1] [0.649612, 0.654347)	                    	Count: 0 (0%)	Total: 1 (50%)
[cartographer_node-1] [0.654347, 0.659083)	                    	Count: 0 (0%)	Total: 1 (50%)
[cartographer_node-1] [0.659083, 0.663818]	          ##########	Count: 1 (50%)	Total: 2 (100%)
[cartographer_node-1] [INFO] [1778669132.447199641] [cartographer logger]: I0513 19:45:32.000000 50708 pose_graph_2d.cc:538] Remaining work items in queue: 1
[cartographer_node-1] [INFO] [1778669132.462523458] [cartographer logger]: I0513 19:45:32.000000 50710 constraint_builder_2d.cc:290] 1 computations resulted in 0 additional constraints.
[cartographer_node-1] [INFO] [1778669132.462577480] [cartographer logger]: I0513 19:45:32.000000 50710 constraint_builder_2d.cc:292] Score histogram:
[cartographer_node-1] Count: 2  Min: 0.616463  Max: 0.663818  Mean: 0.640141
[cartographer_node-1] [0.616463, 0.621198)	          ##########	Count: 1 (50%)	Total: 1 (50%)
[cartographer_node-1] [0.621198, 0.625934)	                    	Count: 0 (0%)	Total: 1 (50%)
[cartographer_node-1] [0.625934, 0.630669)	                    	Count: 0 (0%)	Total: 1 (50%)
[cartographer_node-1] [0.630669, 0.635405)	                    	Count: 0 (0%)	Total: 1 (50%)
[cartographer_node-1] [0.635405, 0.640141)	                    	Count: 0 (0%)	Total: 1 (50%)
[cartographer_node-1] [0.640141, 0.644876)	                    	Count: 0 (0%)	Total: 1 (50%)
[cartographer_node-1] [0.644876, 0.649612)	                    	Count: 0 (0%)	Total: 1 (50%)
[cartographer_node-1] [0.649612, 0.654347)	                    	Count: 0 (0%)	Total: 1 (50%)
[cartographer_node-1] [0.654347, 0.659083)	                    	Count: 0 (0%)	Total: 1 (50%)
[cartographer_node-1] [0.659083, 0.663818]	          ##########	Count: 1 (50%)	Total: 2 (100%)
[cartographer_node-1] [INFO] [1778669132.504751559] [cartographer logger]: I0513 19:45:32.000000 50711 pose_graph_2d.cc:538] Remaining work items in queue: 1
[cartographer_node-1] [INFO] [1778669132.504784570] [cartographer logger]: I0513 19:45:32.000000 50711 constraint_builder_2d.cc:290] 0 computations resulted in 0 additional constraints.
[cartographer_node-1] [INFO] [1778669132.504829731] [cartographer logger]: I0513 19:45:32.000000 50711 constraint_builder_2d.cc:292] Score histogram:
[cartographer_node-1] Count: 2  Min: 0.616463  Max: 0.663818  Mean: 0.640141
[cartographer_node-1] [0.616463, 0.621198)	          ##########	Count: 1 (50%)	Total: 1 (50%)
[cartographer_node-1] [0.621198, 0.625934)	                    	Count: 0 (0%)	Total: 1 (50%)
[cartographer_node-1] [0.625934, 0.630669)	                    	Count: 0 (0%)	Total: 1 (50%)
[cartographer_node-1] [0.630669, 0.635405)	                    	Count: 0 (0%)	Total: 1 (50%)
[cartographer_node-1] [0.635405, 0.640141)	                    	Count: 0 (0%)	Total: 1 (50%)
[cartographer_node-1] [0.640141, 0.644876)	                    	Count: 0 (0%)	Total: 1 (50%)
[cartographer_node-1] [0.644876, 0.649612)	                    	Count: 0 (0%)	Total: 1 (50%)
[cartographer_node-1] [0.649612, 0.654347)	                    	Count: 0 (0%)	Total: 1 (50%)
[cartographer_node-1] [0.654347, 0.659083)	                    	Count: 0 (0%)	Total: 1 (50%)
[cartographer_node-1] [0.659083, 0.663818]	          ##########	Count: 1 (50%)	Total: 2 (100%)
[cartographer_node-1] [INFO] [1778669132.570778537] [cartographer logger]: I0513 19:45:32.000000 50709 pose_graph_2d.cc:538] Remaining work items in queue: 1
[cartographer_node-1] [INFO] [1778669132.570812619] [cartographer logger]: I0513 19:45:32.000000 50709 constraint_builder_2d.cc:290] 0 computations resulted in 0 additional constraints.
[cartographer_node-1] [INFO] [1778669132.571123864] [cartographer logger]: I0513 19:45:32.000000 50709 constraint_builder_2d.cc:292] Score histogram:
[cartographer_node-1] Count: 2  Min: 0.616463  Max: 0.663818  Mean: 0.640141
[cartographer_node-1] [0.616463, 0.621198)	          ##########	Count: 1 (50%)	Total: 1 (50%)
[cartographer_node-1] [0.621198, 0.625934)	                    	Count: 0 (0%)	Total: 1 (50%)
[cartographer_node-1] [0.625934, 0.630669)	                    	Count: 0 (0%)	Total: 1 (50%)
[cartographer_node-1] [0.630669, 0.635405)	                    	Count: 0 (0%)	Total: 1 (50%)
[cartographer_node-1] [0.635405, 0.640141)	                    	Count: 0 (0%)	Total: 1 (50%)
[cartographer_node-1] [0.640141, 0.644876)	                    	Count: 0 (0%)	Total: 1 (50%)
[cartographer_node-1] [0.644876, 0.649612)	                    	Count: 0 (0%)	Total: 1 (50%)
[cartographer_node-1] [0.649612, 0.654347)	                    	Count: 0 (0%)	Total: 1 (50%)
[cartographer_node-1] [0.654347, 0.659083)	                    	Count: 0 (0%)	Total: 1 (50%)
[cartographer_node-1] [0.659083, 0.663818]	          ##########	Count: 1 (50%)	Total: 2 (100%)
[cartographer_node-1] [INFO] [1778669132.667638789] [cartographer logger]: I0513 19:45:32.000000 50711 pose_graph_2d.cc:538] Remaining work items in queue: 1
[cartographer_node-1] [INFO] [1778669132.667736095] [cartographer logger]: I0513 19:45:32.000000 50711 constraint_builder_2d.cc:290] 0 computations resulted in 0 additional constraints.
[cartographer_node-1] [INFO] [1778669132.667865307] [cartographer logger]: I0513 19:45:32.000000 50711 constraint_builder_2d.cc:292] Score histogram:
[cartographer_node-1] Count: 2  Min: 0.616463  Max: 0.663818  Mean: 0.640141
[cartographer_node-1] [0.616463, 0.621198)	          ##########	Count: 1 (50%)	Total: 1 (50%)
[cartographer_node-1] [0.621198, 0.625934)	                    	Count: 0 (0%)	Total: 1 (50%)
[cartographer_node-1] [0.625934, 0.630669)	                    	Count: 0 (0%)	Total: 1 (50%)
[cartographer_node-1] [0.630669, 0.635405)	                    	Count: 0 (0%)	Total: 1 (50%)
[cartographer_node-1] [0.635405, 0.640141)	                    	Count: 0 (0%)	Total: 1 (50%)
[cartographer_node-1] [0.640141, 0.644876)	                    	Count: 0 (0%)	Total: 1 (50%)
[cartographer_node-1] [0.644876, 0.649612)	                    	Count: 0 (0%)	Total: 1 (50%)
[cartographer_node-1] [0.649612, 0.654347)	                    	Count: 0 (0%)	Total: 1 (50%)
[cartographer_node-1] [0.654347, 0.659083)	                    	Count: 0 (0%)	Total: 1 (50%)
[cartographer_node-1] [0.659083, 0.663818]	          ##########	Count: 1 (50%)	Total: 2 (100%)
[cartographer_node-1] [INFO] [1778669132.750554205] [cartographer logger]: I0513 19:45:32.000000 50710 pose_graph_2d.cc:538] Remaining work items in queue: 1
[cartographer_node-1] [INFO] [1778669132.824996585] [cartographer logger]: I0513 19:45:32.000000 50708 constraint_builder_2d.cc:290] 1 computations resulted in 0 additional constraints.
[cartographer_node-1] [INFO] [1778669132.825096328] [cartographer logger]: I0513 19:45:32.000000 50708 constraint_builder_2d.cc:292] Score histogram:
[cartographer_node-1] Count: 2  Min: 0.616463  Max: 0.663818  Mean: 0.640141
[cartographer_node-1] [0.616463, 0.621198)	          ##########	Count: 1 (50%)	Total: 1 (50%)
[cartographer_node-1] [0.621198, 0.625934)	                    	Count: 0 (0%)	Total: 1 (50%)
[cartographer_node-1] [0.625934, 0.630669)	                    	Count: 0 (0%)	Total: 1 (50%)
[cartographer_node-1] [0.630669, 0.635405)	                    	Count: 0 (0%)	Total: 1 (50%)
[cartographer_node-1] [0.635405, 0.640141)	                    	Count: 0 (0%)	Total: 1 (50%)
[cartographer_node-1] [0.640141, 0.644876)	                    	Count: 0 (0%)	Total: 1 (50%)
[cartographer_node-1] [0.644876, 0.649612)	                    	Count: 0 (0%)	Total: 1 (50%)
[cartographer_node-1] [0.649612, 0.654347)	                    	Count: 0 (0%)	Total: 1 (50%)
[cartographer_node-1] [0.654347, 0.659083)	                    	Count: 0 (0%)	Total: 1 (50%)
[cartographer_node-1] [0.659083, 0.663818]	          ##########	Count: 1 (50%)	Total: 2 (100%)
[cartographer_node-1] [INFO] [1778669132.828376993] [cartographer logger]: I0513 19:45:32.000000 50708 pose_graph_2d.cc:538] Remaining work items in queue: 3
[cartographer_node-1] [INFO] [1778669132.828419446] [cartographer logger]: I0513 19:45:32.000000 50708 constraint_builder_2d.cc:290] 0 computations resulted in 0 additional constraints.
[cartographer_node-1] [INFO] [1778669132.828527727] [cartographer logger]: I0513 19:45:32.000000 50708 constraint_builder_2d.cc:292] Score histogram:
[cartographer_node-1] Count: 2  Min: 0.616463  Max: 0.663818  Mean: 0.640141
[cartographer_node-1] [0.616463, 0.621198)	          ##########	Count: 1 (50%)	Total: 1 (50%)
[cartographer_node-1] [0.621198, 0.625934)	                    	Count: 0 (0%)	Total: 1 (50%)
[cartographer_node-1] [0.625934, 0.630669)	                    	Count: 0 (0%)	Total: 1 (50%)
[cartographer_node-1] [0.630669, 0.635405)	                    	Count: 0 (0%)	Total: 1 (50%)
[cartographer_node-1] [0.635405, 0.640141)	                    	Count: 0 (0%)	Total: 1 (50%)
[cartographer_node-1] [0.640141, 0.644876)	                    	Count: 0 (0%)	Total: 1 (50%)
[cartographer_node-1] [0.644876, 0.649612)	                    	Count: 0 (0%)	Total: 1 (50%)
[cartographer_node-1] [0.649612, 0.654347)	                    	Count: 0 (0%)	Total: 1 (50%)
[cartographer_node-1] [0.654347, 0.659083)	                    	Count: 0 (0%)	Total: 1 (50%)
[cartographer_node-1] [0.659083, 0.663818]	          ##########	Count: 1 (50%)	Total: 2 (100%)
[cartographer_node-1] [INFO] [1778669132.872474801] [cartographer logger]: I0513 19:45:32.000000 50709 pose_graph_2d.cc:538] Remaining work items in queue: 1
[cartographer_node-1] [INFO] [1778669132.872544201] [cartographer logger]: I0513 19:45:32.000000 50709 constraint_builder_2d.cc:290] 0 computations resulted in 0 additional constraints.
[cartographer_node-1] [INFO] [1778669132.872812104] [cartographer logger]: I0513 19:45:32.000000 50709 constraint_builder_2d.cc:292] Score histogram:
[cartographer_node-1] Count: 2  Min: 0.616463  Max: 0.663818  Mean: 0.640141
[cartographer_node-1] [0.616463, 0.621198)	          ##########	Count: 1 (50%)	Total: 1 (50%)
[cartographer_node-1] [0.621198, 0.625934)	                    	Count: 0 (0%)	Total: 1 (50%)
[cartographer_node-1] [0.625934, 0.630669)	                    	Count: 0 (0%)	Total: 1 (50%)
[cartographer_node-1] [0.630669, 0.635405)	                    	Count: 0 (0%)	Total: 1 (50%)
[cartographer_node-1] [0.635405, 0.640141)	                    	Count: 0 (0%)	Total: 1 (50%)
[cartographer_node-1] [0.640141, 0.644876)	                    	Count: 0 (0%)	Total: 1 (50%)
[cartographer_node-1] [0.644876, 0.649612)	                    	Count: 0 (0%)	Total: 1 (50%)
[cartographer_node-1] [0.649612, 0.654347)	                    	Count: 0 (0%)	Total: 1 (50%)
[cartographer_node-1] [0.654347, 0.659083)	                    	Count: 0 (0%)	Total: 1 (50%)
[cartographer_node-1] [0.659083, 0.663818]	          ##########	Count: 1 (50%)	Total: 2 (100%)
[cartographer_node-1] [INFO] [1778669132.969176322] [cartographer logger]: I0513 19:45:32.000000 50708 pose_graph_2d.cc:538] Remaining work items in queue: 1
[cartographer_node-1] [INFO] [1778669132.969208510] [cartographer logger]: I0513 19:45:32.000000 50708 constraint_builder_2d.cc:290] 0 computations resulted in 0 additional constraints.
[cartographer_node-1] [INFO] [1778669132.969253344] [cartographer logger]: I0513 19:45:32.000000 50708 constraint_builder_2d.cc:292] Score histogram:
[cartographer_node-1] Count: 2  Min: 0.616463  Max: 0.663818  Mean: 0.640141
[cartographer_node-1] [0.616463, 0.621198)	          ##########	Count: 1 (50%)	Total: 1 (50%)
[cartographer_node-1] [0.621198, 0.625934)	                    	Count: 0 (0%)	Total: 1 (50%)
[cartographer_node-1] [0.625934, 0.630669)	                    	Count: 0 (0%)	Total: 1 (50%)
[cartographer_node-1] [0.630669, 0.635405)	                    	Count: 0 (0%)	Total: 1 (50%)
[cartographer_node-1] [0.635405, 0.640141)	                    	Count: 0 (0%)	Total: 1 (50%)
[cartographer_node-1] [0.640141, 0.644876)	                    	Count: 0 (0%)	Total: 1 (50%)
[cartographer_node-1] [0.644876, 0.649612)	                    	Count: 0 (0%)	Total: 1 (50%)
[cartographer_node-1] [0.649612, 0.654347)	                    	Count: 0 (0%)	Total: 1 (50%)
[cartographer_node-1] [0.654347, 0.659083)	                    	Count: 0 (0%)	Total: 1 (50%)
[cartographer_node-1] [0.659083, 0.663818]	          ##########	Count: 1 (50%)	Total: 2 (100%)
[cartographer_node-1] [INFO] [1778669133.062637257] [cartographer logger]: I0513 19:45:33.000000 50709 pose_graph_2d.cc:538] Remaining work items in queue: 1
[cartographer_node-1] [INFO] [1778669133.062725035] [cartographer logger]: I0513 19:45:33.000000 50709 constraint_builder_2d.cc:290] 0 computations resulted in 0 additional constraints.
[cartographer_node-1] [INFO] [1778669133.063166382] [cartographer logger]: I0513 19:45:33.000000 50709 constraint_builder_2d.cc:292] Score histogram:
[cartographer_node-1] Count: 2  Min: 0.616463  Max: 0.663818  Mean: 0.640141
[cartographer_node-1] [0.616463, 0.621198)	          ##########	Count: 1 (50%)	Total: 1 (50%)
[cartographer_node-1] [0.621198, 0.625934)	                    	Count: 0 (0%)	Total: 1 (50%)
[cartographer_node-1] [0.625934, 0.630669)	                    	Count: 0 (0%)	Total: 1 (50%)
[cartographer_node-1] [0.630669, 0.635405)	                    	Count: 0 (0%)	Total: 1 (50%)
[cartographer_node-1] [0.635405, 0.640141)	                    	Count: 0 (0%)	Total: 1 (50%)
[cartographer_node-1] [0.640141, 0.644876)	                    	Count: 0 (0%)	Total: 1 (50%)
[cartographer_node-1] [0.644876, 0.649612)	                    	Count: 0 (0%)	Total: 1 (50%)
[cartographer_node-1] [0.649612, 0.654347)	                    	Count: 0 (0%)	Total: 1 (50%)
[cartographer_node-1] [0.654347, 0.659083)	                    	Count: 0 (0%)	Total: 1 (50%)
[cartographer_node-1] [0.659083, 0.663818]	          ##########	Count: 1 (50%)	Total: 2 (100%)
[cartographer_node-1] [INFO] [1778669133.101412709] [cartographer logger]: I0513 19:45:33.000000 50708 pose_graph_2d.cc:538] Remaining work items in queue: 1
[cartographer_node-1] [INFO] [1778669133.114164117] [cartographer logger]: I0513 19:45:33.000000 50711 constraint_builder_2d.cc:275] Node (1, 85) with 199 points on submap (0, 10) matches with score 67.7%.
[cartographer_node-1] [INFO] [1778669133.114194800] [cartographer logger]: I0513 19:45:33.000000 50711 constraint_builder_2d.cc:290] 1 computations resulted in 1 additional constraints.
[cartographer_node-1] [INFO] [1778669133.114216534] [cartographer logger]: I0513 19:45:33.000000 50711 constraint_builder_2d.cc:292] Score histogram:
[cartographer_node-1] Count: 3  Min: 0.616463  Max: 0.677381  Mean: 0.652554
[cartographer_node-1] [0.616463, 0.622555)	             #######	Count: 1 (33.3333%)	Total: 1 (33.3333%)
[cartographer_node-1] [0.622555, 0.628646)	                    	Count: 0 (0%)	Total: 1 (33.3333%)
[cartographer_node-1] [0.628646, 0.634738)	                    	Count: 0 (0%)	Total: 1 (33.3333%)
[cartographer_node-1] [0.634738, 0.640830)	                    	Count: 0 (0%)	Total: 1 (33.3333%)
[cartographer_node-1] [0.640830, 0.646922)	                    	Count: 0 (0%)	Total: 1 (33.3333%)
[cartographer_node-1] [0.646922, 0.653014)	                    	Count: 0 (0%)	Total: 1 (33.3333%)
[cartographer_node-1] [0.653014, 0.659106)	                    	Count: 0 (0%)	Total: 1 (33.3333%)
[cartographer_node-1] [0.659106, 0.665197)	             #######	Count: 1 (33.3333%)	Total: 2 (66.6667%)
[cartographer_node-1] [0.665197, 0.671289)	                    	Count: 0 (0%)	Total: 2 (66.6667%)
[cartographer_node-1] [0.671289, 0.677381]	             #######	Count: 1 (33.3333%)	Total: 3 (100%)
[cartographer_node-1] [INFO] [1778669133.181622925] [cartographer logger]: I0513 19:45:33.000000 50711 pose_graph_2d.cc:538] Remaining work items in queue: 1
[cartographer_node-1] [INFO] [1778669133.181685203] [cartographer logger]: I0513 19:45:33.000000 50711 constraint_builder_2d.cc:290] 0 computations resulted in 0 additional constraints.
[cartographer_node-1] [INFO] [1778669133.181987969] [cartographer logger]: I0513 19:45:33.000000 50711 constraint_builder_2d.cc:292] Score histogram:
[cartographer_node-1] Count: 3  Min: 0.616463  Max: 0.677381  Mean: 0.652554
[cartographer_node-1] [0.616463, 0.622555)	             #######	Count: 1 (33.3333%)	Total: 1 (33.3333%)
[cartographer_node-1] [0.622555, 0.628646)	                    	Count: 0 (0%)	Total: 1 (33.3333%)
[cartographer_node-1] [0.628646, 0.634738)	                    	Count: 0 (0%)	Total: 1 (33.3333%)
[cartographer_node-1] [0.634738, 0.640830)	                    	Count: 0 (0%)	Total: 1 (33.3333%)
[cartographer_node-1] [0.640830, 0.646922)	                    	Count: 0 (0%)	Total: 1 (33.3333%)
[cartographer_node-1] [0.646922, 0.653014)	                    	Count: 0 (0%)	Total: 1 (33.3333%)
[cartographer_node-1] [0.653014, 0.659106)	                    	Count: 0 (0%)	Total: 1 (33.3333%)
[cartographer_node-1] [0.659106, 0.665197)	             #######	Count: 1 (33.3333%)	Total: 2 (66.6667%)
[cartographer_node-1] [0.665197, 0.671289)	                    	Count: 0 (0%)	Total: 2 (66.6667%)
[cartographer_node-1] [0.671289, 0.677381]	             #######	Count: 1 (33.3333%)	Total: 3 (100%)
[cartographer_node-1] [INFO] [1778669133.208248208] [cartographer logger]: I0513 19:45:33.000000 50694 pose_graph_2d.cc:148] Inserted submap (1, 1).
[cartographer_node-1] [INFO] [1778669133.305568627] [cartographer logger]: I0513 19:45:33.000000 50711 pose_graph_2d.cc:538] Remaining work items in queue: 1
[cartographer_node-1] [INFO] [1778669133.305684251] [cartographer logger]: I0513 19:45:33.000000 50711 constraint_builder_2d.cc:290] 0 computations resulted in 0 additional constraints.
[cartographer_node-1] [INFO] [1778669133.306293513] [cartographer logger]: I0513 19:45:33.000000 50711 constraint_builder_2d.cc:292] Score histogram:
[cartographer_node-1] Count: 3  Min: 0.616463  Max: 0.677381  Mean: 0.652554
[cartographer_node-1] [0.616463, 0.622555)	             #######	Count: 1 (33.3333%)	Total: 1 (33.3333%)
[cartographer_node-1] [0.622555, 0.628646)	                    	Count: 0 (0%)	Total: 1 (33.3333%)
[cartographer_node-1] [0.628646, 0.634738)	                    	Count: 0 (0%)	Total: 1 (33.3333%)
[cartographer_node-1] [0.634738, 0.640830)	                    	Count: 0 (0%)	Total: 1 (33.3333%)
[cartographer_node-1] [0.640830, 0.646922)	                    	Count: 0 (0%)	Total: 1 (33.3333%)
[cartographer_node-1] [0.646922, 0.653014)	                    	Count: 0 (0%)	Total: 1 (33.3333%)
[cartographer_node-1] [0.653014, 0.659106)	                    	Count: 0 (0%)	Total: 1 (33.3333%)
[cartographer_node-1] [0.659106, 0.665197)	             #######	Count: 1 (33.3333%)	Total: 2 (66.6667%)
[cartographer_node-1] [0.665197, 0.671289)	                    	Count: 0 (0%)	Total: 2 (66.6667%)
[cartographer_node-1] [0.671289, 0.677381]	             #######	Count: 1 (33.3333%)	Total: 3 (100%)
[cartographer_node-1] [INFO] [1778669133.372730878] [cartographer logger]: I0513 19:45:33.000000 50711 pose_graph_2d.cc:538] Remaining work items in queue: 1
[cartographer_node-1] [INFO] [1778669133.372785826] [cartographer logger]: I0513 19:45:33.000000 50711 constraint_builder_2d.cc:290] 0 computations resulted in 0 additional constraints.
[cartographer_node-1] [INFO] [1778669133.373050281] [cartographer logger]: I0513 19:45:33.000000 50711 constraint_builder_2d.cc:292] Score histogram:
[cartographer_node-1] Count: 3  Min: 0.616463  Max: 0.677381  Mean: 0.652554
[cartographer_node-1] [0.616463, 0.622555)	             #######	Count: 1 (33.3333%)	Total: 1 (33.3333%)
[cartographer_node-1] [0.622555, 0.628646)	                    	Count: 0 (0%)	Total: 1 (33.3333%)
[cartographer_node-1] [0.628646, 0.634738)	                    	Count: 0 (0%)	Total: 1 (33.3333%)
[cartographer_node-1] [0.634738, 0.640830)	                    	Count: 0 (0%)	Total: 1 (33.3333%)
[cartographer_node-1] [0.640830, 0.646922)	                    	Count: 0 (0%)	Total: 1 (33.3333%)
[cartographer_node-1] [0.646922, 0.653014)	                    	Count: 0 (0%)	Total: 1 (33.3333%)
[cartographer_node-1] [0.653014, 0.659106)	                    	Count: 0 (0%)	Total: 1 (33.3333%)
[cartographer_node-1] [0.659106, 0.665197)	             #######	Count: 1 (33.3333%)	Total: 2 (66.6667%)
[cartographer_node-1] [0.665197, 0.671289)	                    	Count: 0 (0%)	Total: 2 (66.6667%)
[cartographer_node-1] [0.671289, 0.677381]	             #######	Count: 1 (33.3333%)	Total: 3 (100%)
[cartographer_node-1] [INFO] [1778669133.460167830] [cartographer logger]: I0513 19:45:33.000000 50709 pose_graph_2d.cc:538] Remaining work items in queue: 1
[cartographer_node-1] [INFO] [1778669133.460233146] [cartographer logger]: I0513 19:45:33.000000 50709 constraint_builder_2d.cc:290] 0 computations resulted in 0 additional constraints.
[cartographer_node-1] [INFO] [1778669133.460506597] [cartographer logger]: I0513 19:45:33.000000 50709 constraint_builder_2d.cc:292] Score histogram:
[cartographer_node-1] Count: 3  Min: 0.616463  Max: 0.677381  Mean: 0.652554
[cartographer_node-1] [0.616463, 0.622555)	             #######	Count: 1 (33.3333%)	Total: 1 (33.3333%)
[cartographer_node-1] [0.622555, 0.628646)	                    	Count: 0 (0%)	Total: 1 (33.3333%)
[cartographer_node-1] [0.628646, 0.634738)	                    	Count: 0 (0%)	Total: 1 (33.3333%)
[cartographer_node-1] [0.634738, 0.640830)	                    	Count: 0 (0%)	Total: 1 (33.3333%)
[cartographer_node-1] [0.640830, 0.646922)	                    	Count: 0 (0%)	Total: 1 (33.3333%)
[cartographer_node-1] [0.646922, 0.653014)	                    	Count: 0 (0%)	Total: 1 (33.3333%)
[cartographer_node-1] [0.653014, 0.659106)	                    	Count: 0 (0%)	Total: 1 (33.3333%)
[cartographer_node-1] [0.659106, 0.665197)	             #######	Count: 1 (33.3333%)	Total: 2 (66.6667%)
[cartographer_node-1] [0.665197, 0.671289)	                    	Count: 0 (0%)	Total: 2 (66.6667%)
[cartographer_node-1] [0.671289, 0.677381]	             #######	Count: 1 (33.3333%)	Total: 3 (100%)
[cartographer_node-1] [INFO] [1778669133.557584681] [cartographer logger]: I0513 19:45:33.000000 50708 pose_graph_2d.cc:538] Remaining work items in queue: 1
[cartographer_node-1] [INFO] [1778669133.557632129] [cartographer logger]: I0513 19:45:33.000000 50708 constraint_builder_2d.cc:290] 1 computations resulted in 0 additional constraints.
[cartographer_node-1] [INFO] [1778669133.557854980] [cartographer logger]: I0513 19:45:33.000000 50708 constraint_builder_2d.cc:292] Score histogram:
[cartographer_node-1] Count: 3  Min: 0.616463  Max: 0.677381  Mean: 0.652554
[cartographer_node-1] [0.616463, 0.622555)	             #######	Count: 1 (33.3333%)	Total: 1 (33.3333%)
[cartographer_node-1] [0.622555, 0.628646)	                    	Count: 0 (0%)	Total: 1 (33.3333%)
[cartographer_node-1] [0.628646, 0.634738)	                    	Count: 0 (0%)	Total: 1 (33.3333%)
[cartographer_node-1] [0.634738, 0.640830)	                    	Count: 0 (0%)	Total: 1 (33.3333%)
[cartographer_node-1] [0.640830, 0.646922)	                    	Count: 0 (0%)	Total: 1 (33.3333%)
[cartographer_node-1] [0.646922, 0.653014)	                    	Count: 0 (0%)	Total: 1 (33.3333%)
[cartographer_node-1] [0.653014, 0.659106)	                    	Count: 0 (0%)	Total: 1 (33.3333%)
[cartographer_node-1] [0.659106, 0.665197)	             #######	Count: 1 (33.3333%)	Total: 2 (66.6667%)
[cartographer_node-1] [0.665197, 0.671289)	                    	Count: 0 (0%)	Total: 2 (66.6667%)
[cartographer_node-1] [0.671289, 0.677381]	             #######	Count: 1 (33.3333%)	Total: 3 (100%)
[cartographer_node-1] [INFO] [1778669133.604355046] [cartographer logger]: I0513 19:45:33.000000 50711 pose_graph_2d.cc:538] Remaining work items in queue: 1
[cartographer_node-1] [INFO] [1778669133.604405026] [cartographer logger]: I0513 19:45:33.000000 50711 constraint_builder_2d.cc:290] 0 computations resulted in 0 additional constraints.
[cartographer_node-1] [INFO] [1778669133.604660807] [cartographer logger]: I0513 19:45:33.000000 50711 constraint_builder_2d.cc:292] Score histogram:
[cartographer_node-1] Count: 3  Min: 0.616463  Max: 0.677381  Mean: 0.652554
[cartographer_node-1] [0.616463, 0.622555)	             #######	Count: 1 (33.3333%)	Total: 1 (33.3333%)
[cartographer_node-1] [0.622555, 0.628646)	                    	Count: 0 (0%)	Total: 1 (33.3333%)
[cartographer_node-1] [0.628646, 0.634738)	                    	Count: 0 (0%)	Total: 1 (33.3333%)
[cartographer_node-1] [0.634738, 0.640830)	                    	Count: 0 (0%)	Total: 1 (33.3333%)
[cartographer_node-1] [0.640830, 0.646922)	                    	Count: 0 (0%)	Total: 1 (33.3333%)
[cartographer_node-1] [0.646922, 0.653014)	                    	Count: 0 (0%)	Total: 1 (33.3333%)
[cartographer_node-1] [0.653014, 0.659106)	                    	Count: 0 (0%)	Total: 1 (33.3333%)
[cartographer_node-1] [0.659106, 0.665197)	             #######	Count: 1 (33.3333%)	Total: 2 (66.6667%)
[cartographer_node-1] [0.665197, 0.671289)	                    	Count: 0 (0%)	Total: 2 (66.6667%)
[cartographer_node-1] [0.671289, 0.677381]	             #######	Count: 1 (33.3333%)	Total: 3 (100%)
[cartographer_node-1] [INFO] [1778669133.671121559] [cartographer logger]: I0513 19:45:33.000000 50708 pose_graph_2d.cc:538] Remaining work items in queue: 1
[cartographer_node-1] [INFO] [1778669133.671195863] [cartographer logger]: I0513 19:45:33.000000 50708 constraint_builder_2d.cc:290] 0 computations resulted in 0 additional constraints.
[cartographer_node-1] [INFO] [1778669133.671221392] [cartographer logger]: I0513 19:45:33.000000 50708 constraint_builder_2d.cc:292] Score histogram:
[cartographer_node-1] Count: 3  Min: 0.616463  Max: 0.677381  Mean: 0.652554
[cartographer_node-1] [0.616463, 0.622555)	             #######	Count: 1 (33.3333%)	Total: 1 (33.3333%)
[cartographer_node-1] [0.622555, 0.628646)	                    	Count: 0 (0%)	Total: 1 (33.3333%)
[cartographer_node-1] [0.628646, 0.634738)	                    	Count: 0 (0%)	Total: 1 (33.3333%)
[cartographer_node-1] [0.634738, 0.640830)	                    	Count: 0 (0%)	Total: 1 (33.3333%)
[cartographer_node-1] [0.640830, 0.646922)	                    	Count: 0 (0%)	Total: 1 (33.3333%)
[cartographer_node-1] [0.646922, 0.653014)	                    	Count: 0 (0%)	Total: 1 (33.3333%)
[cartographer_node-1] [0.653014, 0.659106)	                    	Count: 0 (0%)	Total: 1 (33.3333%)
[cartographer_node-1] [0.659106, 0.665197)	             #######	Count: 1 (33.3333%)	Total: 2 (66.6667%)
[cartographer_node-1] [0.665197, 0.671289)	                    	Count: 0 (0%)	Total: 2 (66.6667%)
[cartographer_node-1] [0.671289, 0.677381]	             #######	Count: 1 (33.3333%)	Total: 3 (100%)
[cartographer_node-1] [INFO] [1778669133.758462032] [cartographer logger]: I0513 19:45:33.000000 50709 pose_graph_2d.cc:538] Remaining work items in queue: 1
[cartographer_node-1] [INFO] [1778669133.758534887] [cartographer logger]: I0513 19:45:33.000000 50709 constraint_builder_2d.cc:290] 0 computations resulted in 0 additional constraints.
[cartographer_node-1] [INFO] [1778669133.758787536] [cartographer logger]: I0513 19:45:33.000000 50709 constraint_builder_2d.cc:292] Score histogram:
[cartographer_node-1] Count: 3  Min: 0.616463  Max: 0.677381  Mean: 0.652554
[cartographer_node-1] [0.616463, 0.622555)	             #######	Count: 1 (33.3333%)	Total: 1 (33.3333%)
[cartographer_node-1] [0.622555, 0.628646)	                    	Count: 0 (0%)	Total: 1 (33.3333%)
[cartographer_node-1] [0.628646, 0.634738)	                    	Count: 0 (0%)	Total: 1 (33.3333%)
[cartographer_node-1] [0.634738, 0.640830)	                    	Count: 0 (0%)	Total: 1 (33.3333%)
[cartographer_node-1] [0.640830, 0.646922)	                    	Count: 0 (0%)	Total: 1 (33.3333%)
[cartographer_node-1] [0.646922, 0.653014)	                    	Count: 0 (0%)	Total: 1 (33.3333%)
[cartographer_node-1] [0.653014, 0.659106)	                    	Count: 0 (0%)	Total: 1 (33.3333%)
[cartographer_node-1] [0.659106, 0.665197)	             #######	Count: 1 (33.3333%)	Total: 2 (66.6667%)
[cartographer_node-1] [0.665197, 0.671289)	                    	Count: 0 (0%)	Total: 2 (66.6667%)
[cartographer_node-1] [0.671289, 0.677381]	             #######	Count: 1 (33.3333%)	Total: 3 (100%)
[cartographer_node-1] [INFO] [1778669133.856184148] [cartographer logger]: I0513 19:45:33.000000 50709 pose_graph_2d.cc:538] Remaining work items in queue: 1
[cartographer_node-1] [INFO] [1778669133.856270105] [cartographer logger]: I0513 19:45:33.000000 50709 constraint_builder_2d.cc:290] 0 computations resulted in 0 additional constraints.
[cartographer_node-1] [INFO] [1778669133.856463727] [cartographer logger]: I0513 19:45:33.000000 50709 constraint_builder_2d.cc:292] Score histogram:
[cartographer_node-1] Count: 3  Min: 0.616463  Max: 0.677381  Mean: 0.652554
[cartographer_node-1] [0.616463, 0.622555)	             #######	Count: 1 (33.3333%)	Total: 1 (33.3333%)
[cartographer_node-1] [0.622555, 0.628646)	                    	Count: 0 (0%)	Total: 1 (33.3333%)
[cartographer_node-1] [0.628646, 0.634738)	                    	Count: 0 (0%)	Total: 1 (33.3333%)
[cartographer_node-1] [0.634738, 0.640830)	                    	Count: 0 (0%)	Total: 1 (33.3333%)
[cartographer_node-1] [0.640830, 0.646922)	                    	Count: 0 (0%)	Total: 1 (33.3333%)
[cartographer_node-1] [0.646922, 0.653014)	                    	Count: 0 (0%)	Total: 1 (33.3333%)
[cartographer_node-1] [0.653014, 0.659106)	                    	Count: 0 (0%)	Total: 1 (33.3333%)
[cartographer_node-1] [0.659106, 0.665197)	             #######	Count: 1 (33.3333%)	Total: 2 (66.6667%)
[cartographer_node-1] [0.665197, 0.671289)	                    	Count: 0 (0%)	Total: 2 (66.6667%)
[cartographer_node-1] [0.671289, 0.677381]	             #######	Count: 1 (33.3333%)	Total: 3 (100%)
[cartographer_node-1] [INFO] [1778669133.902715209] [cartographer logger]: I0513 19:45:33.000000 50711 pose_graph_2d.cc:538] Remaining work items in queue: 1
[cartographer_node-1] [INFO] [1778669133.909088612] [cartographer logger]: I0513 19:45:33.000000 50710 constraint_builder_2d.cc:290] 1 computations resulted in 0 additional constraints.
[cartographer_node-1] [INFO] [1778669133.909164935] [cartographer logger]: I0513 19:45:33.000000 50710 constraint_builder_2d.cc:292] Score histogram:
[cartographer_node-1] Count: 3  Min: 0.616463  Max: 0.677381  Mean: 0.652554
[cartographer_node-1] [0.616463, 0.622555)	             #######	Count: 1 (33.3333%)	Total: 1 (33.3333%)
[cartographer_node-1] [0.622555, 0.628646)	                    	Count: 0 (0%)	Total: 1 (33.3333%)
[cartographer_node-1] [0.628646, 0.634738)	                    	Count: 0 (0%)	Total: 1 (33.3333%)
[cartographer_node-1] [0.634738, 0.640830)	                    	Count: 0 (0%)	Total: 1 (33.3333%)
[cartographer_node-1] [0.640830, 0.646922)	                    	Count: 0 (0%)	Total: 1 (33.3333%)
[cartographer_node-1] [0.646922, 0.653014)	                    	Count: 0 (0%)	Total: 1 (33.3333%)
[cartographer_node-1] [0.653014, 0.659106)	                    	Count: 0 (0%)	Total: 1 (33.3333%)
[cartographer_node-1] [0.659106, 0.665197)	             #######	Count: 1 (33.3333%)	Total: 2 (66.6667%)
[cartographer_node-1] [0.665197, 0.671289)	                    	Count: 0 (0%)	Total: 2 (66.6667%)
[cartographer_node-1] [0.671289, 0.677381]	             #######	Count: 1 (33.3333%)	Total: 3 (100%)
[cartographer_node-1] [INFO] [1778669133.980104938] [cartographer logger]: I0513 19:45:33.000000 50710 pose_graph_2d.cc:538] Remaining work items in queue: 1
[cartographer_node-1] [INFO] [1778669133.980157227] [cartographer logger]: I0513 19:45:33.000000 50710 constraint_builder_2d.cc:290] 0 computations resulted in 0 additional constraints.
[cartographer_node-1] [INFO] [1778669133.980386997] [cartographer logger]: I0513 19:45:33.000000 50710 constraint_builder_2d.cc:292] Score histogram:
[cartographer_node-1] Count: 3  Min: 0.616463  Max: 0.677381  Mean: 0.652554
[cartographer_node-1] [0.616463, 0.622555)	             #######	Count: 1 (33.3333%)	Total: 1 (33.3333%)
[cartographer_node-1] [0.622555, 0.628646)	                    	Count: 0 (0%)	Total: 1 (33.3333%)
[cartographer_node-1] [0.628646, 0.634738)	                    	Count: 0 (0%)	Total: 1 (33.3333%)
[cartographer_node-1] [0.634738, 0.640830)	                    	Count: 0 (0%)	Total: 1 (33.3333%)
[cartographer_node-1] [0.640830, 0.646922)	                    	Count: 0 (0%)	Total: 1 (33.3333%)
[cartographer_node-1] [0.646922, 0.653014)	                    	Count: 0 (0%)	Total: 1 (33.3333%)
[cartographer_node-1] [0.653014, 0.659106)	                    	Count: 0 (0%)	Total: 1 (33.3333%)
[cartographer_node-1] [0.659106, 0.665197)	             #######	Count: 1 (33.3333%)	Total: 2 (66.6667%)
[cartographer_node-1] [0.665197, 0.671289)	                    	Count: 0 (0%)	Total: 2 (66.6667%)
[cartographer_node-1] [0.671289, 0.677381]	             #######	Count: 1 (33.3333%)	Total: 3 (100%)
[cartographer_node-1] [INFO] [1778669134.058286275] [cartographer logger]: I0513 19:45:34.000000 50710 pose_graph_2d.cc:538] Remaining work items in queue: 1
[cartographer_node-1] [INFO] [1778669134.058328710] [cartographer logger]: I0513 19:45:34.000000 50710 constraint_builder_2d.cc:290] 0 computations resulted in 0 additional constraints.
[cartographer_node-1] [INFO] [1778669134.058550417] [cartographer logger]: I0513 19:45:34.000000 50710 constraint_builder_2d.cc:292] Score histogram:
[cartographer_node-1] Count: 3  Min: 0.616463  Max: 0.677381  Mean: 0.652554
[cartographer_node-1] [0.616463, 0.622555)	             #######	Count: 1 (33.3333%)	Total: 1 (33.3333%)
[cartographer_node-1] [0.622555, 0.628646)	                    	Count: 0 (0%)	Total: 1 (33.3333%)
[cartographer_node-1] [0.628646, 0.634738)	                    	Count: 0 (0%)	Total: 1 (33.3333%)
[cartographer_node-1] [0.634738, 0.640830)	                    	Count: 0 (0%)	Total: 1 (33.3333%)
[cartographer_node-1] [0.640830, 0.646922)	                    	Count: 0 (0%)	Total: 1 (33.3333%)
[cartographer_node-1] [0.646922, 0.653014)	                    	Count: 0 (0%)	Total: 1 (33.3333%)
[cartographer_node-1] [0.653014, 0.659106)	                    	Count: 0 (0%)	Total: 1 (33.3333%)
[cartographer_node-1] [0.659106, 0.665197)	             #######	Count: 1 (33.3333%)	Total: 2 (66.6667%)
[cartographer_node-1] [0.665197, 0.671289)	                    	Count: 0 (0%)	Total: 2 (66.6667%)
[cartographer_node-1] [0.671289, 0.677381]	             #######	Count: 1 (33.3333%)	Total: 3 (100%)
[cartographer_node-1] [INFO] [1778669134.163434519] [cartographer logger]: I0513 19:45:34.000000 50709 pose_graph_2d.cc:538] Remaining work items in queue: 1
[cartographer_node-1] [INFO] [1778669134.163516049] [cartographer logger]: I0513 19:45:34.000000 50709 constraint_builder_2d.cc:290] 0 computations resulted in 0 additional constraints.
[cartographer_node-1] [INFO] [1778669134.164006553] [cartographer logger]: I0513 19:45:34.000000 50709 constraint_builder_2d.cc:292] Score histogram:
[cartographer_node-1] Count: 3  Min: 0.616463  Max: 0.677381  Mean: 0.652554
[cartographer_node-1] [0.616463, 0.622555)	             #######	Count: 1 (33.3333%)	Total: 1 (33.3333%)
[cartographer_node-1] [0.622555, 0.628646)	                    	Count: 0 (0%)	Total: 1 (33.3333%)
[cartographer_node-1] [0.628646, 0.634738)	                    	Count: 0 (0%)	Total: 1 (33.3333%)
[cartographer_node-1] [0.634738, 0.640830)	                    	Count: 0 (0%)	Total: 1 (33.3333%)
[cartographer_node-1] [0.640830, 0.646922)	                    	Count: 0 (0%)	Total: 1 (33.3333%)
[cartographer_node-1] [0.646922, 0.653014)	                    	Count: 0 (0%)	Total: 1 (33.3333%)
[cartographer_node-1] [0.653014, 0.659106)	                    	Count: 0 (0%)	Total: 1 (33.3333%)
[cartographer_node-1] [0.659106, 0.665197)	             #######	Count: 1 (33.3333%)	Total: 2 (66.6667%)
[cartographer_node-1] [0.665197, 0.671289)	                    	Count: 0 (0%)	Total: 2 (66.6667%)
[cartographer_node-1] [0.671289, 0.677381]	             #######	Count: 1 (33.3333%)	Total: 3 (100%)
[cartographer_node-1] [INFO] [1778669134.203652056] [cartographer logger]: I0513 19:45:34.000000 50710 pose_graph_2d.cc:538] Remaining work items in queue: 1
[cartographer_node-1] [INFO] [1778669134.258466007] [cartographer logger]: I0513 19:45:34.000000 50708 constraint_builder_2d.cc:290] 1 computations resulted in 0 additional constraints.
[cartographer_node-1] [INFO] [1778669134.258502079] [cartographer logger]: I0513 19:45:34.000000 50708 constraint_builder_2d.cc:292] Score histogram:
[cartographer_node-1] Count: 3  Min: 0.616463  Max: 0.677381  Mean: 0.652554
[cartographer_node-1] [0.616463, 0.622555)	             #######	Count: 1 (33.3333%)	Total: 1 (33.3333%)
[cartographer_node-1] [0.622555, 0.628646)	                    	Count: 0 (0%)	Total: 1 (33.3333%)
[cartographer_node-1] [0.628646, 0.634738)	                    	Count: 0 (0%)	Total: 1 (33.3333%)
[cartographer_node-1] [0.634738, 0.640830)	                    	Count: 0 (0%)	Total: 1 (33.3333%)
[cartographer_node-1] [0.640830, 0.646922)	                    	Count: 0 (0%)	Total: 1 (33.3333%)
[cartographer_node-1] [0.646922, 0.653014)	                    	Count: 0 (0%)	Total: 1 (33.3333%)
[cartographer_node-1] [0.653014, 0.659106)	                    	Count: 0 (0%)	Total: 1 (33.3333%)
[cartographer_node-1] [0.659106, 0.665197)	             #######	Count: 1 (33.3333%)	Total: 2 (66.6667%)
[cartographer_node-1] [0.665197, 0.671289)	                    	Count: 0 (0%)	Total: 2 (66.6667%)
[cartographer_node-1] [0.671289, 0.677381]	             #######	Count: 1 (33.3333%)	Total: 3 (100%)
[cartographer_node-1] [INFO] [1778669134.270303771] [cartographer logger]: I0513 19:45:34.000000 50694 collated_trajectory_builder.cc:81] imu rate: 40.64 Hz 2.46e-02 s +/- 8.00e-03 s (pulsed at 99.71% real time)
[cartographer_node-1] [INFO] [1778669134.270352136] [cartographer logger]: I0513 19:45:34.000000 50694 collated_trajectory_builder.cc:81] odom_wheel rate: 40.78 Hz 2.45e-02 s +/- 8.45e-03 s (pulsed at 99.87% real time)
[cartographer_node-1] [INFO] [1778669134.270412650] [cartographer logger]: I0513 19:45:34.000000 50694 collated_trajectory_builder.cc:81] scan rate: 39.94 Hz 2.50e-02 s +/- 4.98e-03 s (pulsed at 99.48% real time)
[cartographer_node-1] [INFO] [1778669134.272460967] [cartographer logger]: I0513 19:45:34.000000 50709 pose_graph_2d.cc:538] Remaining work items in queue: 1
[cartographer_node-1] [INFO] [1778669134.272524211] [cartographer logger]: I0513 19:45:34.000000 50709 constraint_builder_2d.cc:290] 0 computations resulted in 0 additional constraints.
[cartographer_node-1] [INFO] [1778669134.272886971] [cartographer logger]: I0513 19:45:34.000000 50709 constraint_builder_2d.cc:292] Score histogram:
[cartographer_node-1] Count: 3  Min: 0.616463  Max: 0.677381  Mean: 0.652554
[cartographer_node-1] [0.616463, 0.622555)	             #######	Count: 1 (33.3333%)	Total: 1 (33.3333%)
[cartographer_node-1] [0.622555, 0.628646)	                    	Count: 0 (0%)	Total: 1 (33.3333%)
[cartographer_node-1] [0.628646, 0.634738)	                    	Count: 0 (0%)	Total: 1 (33.3333%)
[cartographer_node-1] [0.634738, 0.640830)	                    	Count: 0 (0%)	Total: 1 (33.3333%)
[cartographer_node-1] [0.640830, 0.646922)	                    	Count: 0 (0%)	Total: 1 (33.3333%)
[cartographer_node-1] [0.646922, 0.653014)	                    	Count: 0 (0%)	Total: 1 (33.3333%)
[cartographer_node-1] [0.653014, 0.659106)	                    	Count: 0 (0%)	Total: 1 (33.3333%)
[cartographer_node-1] [0.659106, 0.665197)	             #######	Count: 1 (33.3333%)	Total: 2 (66.6667%)
[cartographer_node-1] [0.665197, 0.671289)	                    	Count: 0 (0%)	Total: 2 (66.6667%)
[cartographer_node-1] [0.671289, 0.677381]	             #######	Count: 1 (33.3333%)	Total: 3 (100%)
[cartographer_node-1] [INFO] [1778669134.501515354] [cartographer logger]: I0513 19:45:34.000000 50710 pose_graph_2d.cc:538] Remaining work items in queue: 1
[cartographer_node-1] [INFO] [1778669134.501572141] [cartographer logger]: I0513 19:45:34.000000 50710 constraint_builder_2d.cc:290] 0 computations resulted in 0 additional constraints.
[cartographer_node-1] [INFO] [1778669134.501838119] [cartographer logger]: I0513 19:45:34.000000 50710 constraint_builder_2d.cc:292] Score histogram:
[cartographer_node-1] Count: 3  Min: 0.616463  Max: 0.677381  Mean: 0.652554
[cartographer_node-1] [0.616463, 0.622555)	             #######	Count: 1 (33.3333%)	Total: 1 (33.3333%)
[cartographer_node-1] [0.622555, 0.628646)	                    	Count: 0 (0%)	Total: 1 (33.3333%)
[cartographer_node-1] [0.628646, 0.634738)	                    	Count: 0 (0%)	Total: 1 (33.3333%)
[cartographer_node-1] [0.634738, 0.640830)	                    	Count: 0 (0%)	Total: 1 (33.3333%)
[cartographer_node-1] [0.640830, 0.646922)	                    	Count: 0 (0%)	Total: 1 (33.3333%)
[cartographer_node-1] [0.646922, 0.653014)	                    	Count: 0 (0%)	Total: 1 (33.3333%)
[cartographer_node-1] [0.653014, 0.659106)	                    	Count: 0 (0%)	Total: 1 (33.3333%)
[cartographer_node-1] [0.659106, 0.665197)	             #######	Count: 1 (33.3333%)	Total: 2 (66.6667%)
[cartographer_node-1] [0.665197, 0.671289)	                    	Count: 0 (0%)	Total: 2 (66.6667%)
[cartographer_node-1] [0.671289, 0.677381]	             #######	Count: 1 (33.3333%)	Total: 3 (100%)
[cartographer_node-1] [INFO] [1778669134.578096626] [cartographer logger]: I0513 19:45:34.000000 50710 pose_graph_2d.cc:538] Remaining work items in queue: 1
[cartographer_node-1] [INFO] [1778669134.578170122] [cartographer logger]: I0513 19:45:34.000000 50710 constraint_builder_2d.cc:290] 0 computations resulted in 0 additional constraints.
[cartographer_node-1] [INFO] [1778669134.578423665] [cartographer logger]: I0513 19:45:34.000000 50710 constraint_builder_2d.cc:292] Score histogram:
[cartographer_node-1] Count: 3  Min: 0.616463  Max: 0.677381  Mean: 0.652554
[cartographer_node-1] [0.616463, 0.622555)	             #######	Count: 1 (33.3333%)	Total: 1 (33.3333%)
[cartographer_node-1] [0.622555, 0.628646)	                    	Count: 0 (0%)	Total: 1 (33.3333%)
[cartographer_node-1] [0.628646, 0.634738)	                    	Count: 0 (0%)	Total: 1 (33.3333%)
[cartographer_node-1] [0.634738, 0.640830)	                    	Count: 0 (0%)	Total: 1 (33.3333%)
[cartographer_node-1] [0.640830, 0.646922)	                    	Count: 0 (0%)	Total: 1 (33.3333%)
[cartographer_node-1] [0.646922, 0.653014)	                    	Count: 0 (0%)	Total: 1 (33.3333%)
[cartographer_node-1] [0.653014, 0.659106)	                    	Count: 0 (0%)	Total: 1 (33.3333%)
[cartographer_node-1] [0.659106, 0.665197)	             #######	Count: 1 (33.3333%)	Total: 2 (66.6667%)
[cartographer_node-1] [0.665197, 0.671289)	                    	Count: 0 (0%)	Total: 2 (66.6667%)
[cartographer_node-1] [0.671289, 0.677381]	             #######	Count: 1 (33.3333%)	Total: 3 (100%)
[cartographer_node-1] [INFO] [1778669134.685090756] [cartographer logger]: I0513 19:45:34.000000 50708 pose_graph_2d.cc:538] Remaining work items in queue: 3
[cartographer_node-1] [INFO] [1778669134.685120628] [cartographer logger]: I0513 19:45:34.000000 50708 constraint_builder_2d.cc:290] 0 computations resulted in 0 additional constraints.
[cartographer_node-1] [INFO] [1778669134.685351898] [cartographer logger]: I0513 19:45:34.000000 50708 constraint_builder_2d.cc:292] Score histogram:
[cartographer_node-1] Count: 3  Min: 0.616463  Max: 0.677381  Mean: 0.652554
[cartographer_node-1] [0.616463, 0.622555)	             #######	Count: 1 (33.3333%)	Total: 1 (33.3333%)
[cartographer_node-1] [0.622555, 0.628646)	                    	Count: 0 (0%)	Total: 1 (33.3333%)
[cartographer_node-1] [0.628646, 0.634738)	                    	Count: 0 (0%)	Total: 1 (33.3333%)
[cartographer_node-1] [0.634738, 0.640830)	                    	Count: 0 (0%)	Total: 1 (33.3333%)
[cartographer_node-1] [0.640830, 0.646922)	                    	Count: 0 (0%)	Total: 1 (33.3333%)
[cartographer_node-1] [0.646922, 0.653014)	                    	Count: 0 (0%)	Total: 1 (33.3333%)
[cartographer_node-1] [0.653014, 0.659106)	                    	Count: 0 (0%)	Total: 1 (33.3333%)
[cartographer_node-1] [0.659106, 0.665197)	             #######	Count: 1 (33.3333%)	Total: 2 (66.6667%)
[cartographer_node-1] [0.665197, 0.671289)	                    	Count: 0 (0%)	Total: 2 (66.6667%)
[cartographer_node-1] [0.671289, 0.677381]	             #######	Count: 1 (33.3333%)	Total: 3 (100%)
[cartographer_node-1] [INFO] [1778669134.726560448] [cartographer logger]: I0513 19:45:34.000000 50711 constraint_builder_2d.cc:275] Node (1, 142) with 179 points on submap (0, 12) matches with score 64.9%.
[cartographer_node-1] [INFO] [1778669134.751038137] [cartographer logger]: I0513 19:45:34.000000 50711 pose_graph_2d.cc:538] Remaining work items in queue: 1
[cartographer_node-1] [INFO] [1778669134.751099163] [cartographer logger]: I0513 19:45:34.000000 50711 constraint_builder_2d.cc:290] 1 computations resulted in 1 additional constraints.
[cartographer_node-1] [INFO] [1778669134.751172482] [cartographer logger]: I0513 19:45:34.000000 50711 constraint_builder_2d.cc:292] Score histogram:
[cartographer_node-1] Count: 4  Min: 0.616463  Max: 0.677381  Mean: 0.651552
[cartographer_node-1] [0.616463, 0.622555)	               #####	Count: 1 (25%)	Total: 1 (25%)
[cartographer_node-1] [0.622555, 0.628646)	                    	Count: 0 (0%)	Total: 1 (25%)
[cartographer_node-1] [0.628646, 0.634738)	                    	Count: 0 (0%)	Total: 1 (25%)
[cartographer_node-1] [0.634738, 0.640830)	                    	Count: 0 (0%)	Total: 1 (25%)
[cartographer_node-1] [0.640830, 0.646922)	                    	Count: 0 (0%)	Total: 1 (25%)
[cartographer_node-1] [0.646922, 0.653014)	               #####	Count: 1 (25%)	Total: 2 (50%)
[cartographer_node-1] [0.653014, 0.659106)	                    	Count: 0 (0%)	Total: 2 (50%)
[cartographer_node-1] [0.659106, 0.665197)	               #####	Count: 1 (25%)	Total: 3 (75%)
[cartographer_node-1] [0.665197, 0.671289)	                    	Count: 0 (0%)	Total: 3 (75%)
[cartographer_node-1] [0.671289, 0.677381]	               #####	Count: 1 (25%)	Total: 4 (100%)
[cartographer_node-1] [INFO] [1778669134.767051065] [cartographer logger]: I0513 19:45:34.000000 50708 pose_graph_2d.cc:538] Remaining work items in queue: 1
[cartographer_node-1] [INFO] [1778669134.767102479] [cartographer logger]: I0513 19:45:34.000000 50708 constraint_builder_2d.cc:290] 0 computations resulted in 0 additional constraints.
[cartographer_node-1] [INFO] [1778669134.767327741] [cartographer logger]: I0513 19:45:34.000000 50708 constraint_builder_2d.cc:292] Score histogram:
[cartographer_node-1] Count: 4  Min: 0.616463  Max: 0.677381  Mean: 0.651552
[cartographer_node-1] [0.616463, 0.622555)	               #####	Count: 1 (25%)	Total: 1 (25%)
[cartographer_node-1] [0.622555, 0.628646)	                    	Count: 0 (0%)	Total: 1 (25%)
[cartographer_node-1] [0.628646, 0.634738)	                    	Count: 0 (0%)	Total: 1 (25%)
[cartographer_node-1] [0.634738, 0.640830)	                    	Count: 0 (0%)	Total: 1 (25%)
[cartographer_node-1] [0.640830, 0.646922)	                    	Count: 0 (0%)	Total: 1 (25%)
[cartographer_node-1] [0.646922, 0.653014)	               #####	Count: 1 (25%)	Total: 2 (50%)
[cartographer_node-1] [0.653014, 0.659106)	                    	Count: 0 (0%)	Total: 2 (50%)
[cartographer_node-1] [0.659106, 0.665197)	               #####	Count: 1 (25%)	Total: 3 (75%)
[cartographer_node-1] [0.665197, 0.671289)	                    	Count: 0 (0%)	Total: 3 (75%)
[cartographer_node-1] [0.671289, 0.677381]	               #####	Count: 1 (25%)	Total: 4 (100%)
[cartographer_node-1] [INFO] [1778669134.853986076] [cartographer logger]: I0513 19:45:34.000000 50710 pose_graph_2d.cc:538] Remaining work items in queue: 1
[cartographer_node-1] [INFO] [1778669134.854053594] [cartographer logger]: I0513 19:45:34.000000 50710 constraint_builder_2d.cc:290] 0 computations resulted in 0 additional constraints.
[cartographer_node-1] [INFO] [1778669134.854379839] [cartographer logger]: I0513 19:45:34.000000 50710 constraint_builder_2d.cc:292] Score histogram:
[cartographer_node-1] Count: 4  Min: 0.616463  Max: 0.677381  Mean: 0.651552
[cartographer_node-1] [0.616463, 0.622555)	               #####	Count: 1 (25%)	Total: 1 (25%)
[cartographer_node-1] [0.622555, 0.628646)	                    	Count: 0 (0%)	Total: 1 (25%)
[cartographer_node-1] [0.628646, 0.634738)	                    	Count: 0 (0%)	Total: 1 (25%)
[cartographer_node-1] [0.634738, 0.640830)	                    	Count: 0 (0%)	Total: 1 (25%)
[cartographer_node-1] [0.640830, 0.646922)	                    	Count: 0 (0%)	Total: 1 (25%)
[cartographer_node-1] [0.646922, 0.653014)	               #####	Count: 1 (25%)	Total: 2 (50%)
[cartographer_node-1] [0.653014, 0.659106)	                    	Count: 0 (0%)	Total: 2 (50%)
[cartographer_node-1] [0.659106, 0.665197)	               #####	Count: 1 (25%)	Total: 3 (75%)
[cartographer_node-1] [0.665197, 0.671289)	                    	Count: 0 (0%)	Total: 3 (75%)
[cartographer_node-1] [0.671289, 0.677381]	               #####	Count: 1 (25%)	Total: 4 (100%)
[cartographer_node-1] [INFO] [1778669134.959013088] [cartographer logger]: I0513 19:45:34.000000 50710 pose_graph_2d.cc:538] Remaining work items in queue: 1
[cartographer_node-1] [INFO] [1778669134.959107413] [cartographer logger]: I0513 19:45:34.000000 50710 constraint_builder_2d.cc:290] 0 computations resulted in 0 additional constraints.
[cartographer_node-1] [INFO] [1778669134.959659318] [cartographer logger]: I0513 19:45:34.000000 50710 constraint_builder_2d.cc:292] Score histogram:
[cartographer_node-1] Count: 4  Min: 0.616463  Max: 0.677381  Mean: 0.651552
[cartographer_node-1] [0.616463, 0.622555)	               #####	Count: 1 (25%)	Total: 1 (25%)
[cartographer_node-1] [0.622555, 0.628646)	                    	Count: 0 (0%)	Total: 1 (25%)
[cartographer_node-1] [0.628646, 0.634738)	                    	Count: 0 (0%)	Total: 1 (25%)
[cartographer_node-1] [0.634738, 0.640830)	                    	Count: 0 (0%)	Total: 1 (25%)
[cartographer_node-1] [0.640830, 0.646922)	                    	Count: 0 (0%)	Total: 1 (25%)
[cartographer_node-1] [0.646922, 0.653014)	               #####	Count: 1 (25%)	Total: 2 (50%)
[cartographer_node-1] [0.653014, 0.659106)	                    	Count: 0 (0%)	Total: 2 (50%)
[cartographer_node-1] [0.659106, 0.665197)	               #####	Count: 1 (25%)	Total: 3 (75%)
[cartographer_node-1] [0.665197, 0.671289)	                    	Count: 0 (0%)	Total: 3 (75%)
[cartographer_node-1] [0.671289, 0.677381]	               #####	Count: 1 (25%)	Total: 4 (100%)
[cartographer_node-1] [INFO] [1778669135.036872371] [cartographer logger]: I0513 19:45:35.000000 50708 pose_graph_2d.cc:538] Remaining work items in queue: 1
[cartographer_node-1] [INFO] [1778669135.036988348] [cartographer logger]: I0513 19:45:35.000000 50708 constraint_builder_2d.cc:290] 0 computations resulted in 0 additional constraints.
[cartographer_node-1] [INFO] [1778669135.037380870] [cartographer logger]: I0513 19:45:35.000000 50708 constraint_builder_2d.cc:292] Score histogram:
[cartographer_node-1] Count: 4  Min: 0.616463  Max: 0.677381  Mean: 0.651552
[cartographer_node-1] [0.616463, 0.622555)	               #####	Count: 1 (25%)	Total: 1 (25%)
[cartographer_node-1] [0.622555, 0.628646)	                    	Count: 0 (0%)	Total: 1 (25%)
[cartographer_node-1] [0.628646, 0.634738)	                    	Count: 0 (0%)	Total: 1 (25%)
[cartographer_node-1] [0.634738, 0.640830)	                    	Count: 0 (0%)	Total: 1 (25%)
[cartographer_node-1] [0.640830, 0.646922)	                    	Count: 0 (0%)	Total: 1 (25%)
[cartographer_node-1] [0.646922, 0.653014)	               #####	Count: 1 (25%)	Total: 2 (50%)
[cartographer_node-1] [0.653014, 0.659106)	                    	Count: 0 (0%)	Total: 2 (50%)
[cartographer_node-1] [0.659106, 0.665197)	               #####	Count: 1 (25%)	Total: 3 (75%)
[cartographer_node-1] [0.665197, 0.671289)	                    	Count: 0 (0%)	Total: 3 (75%)
[cartographer_node-1] [0.671289, 0.677381]	               #####	Count: 1 (25%)	Total: 4 (100%)
[cartographer_node-1] [INFO] [1778669135.131237818] [cartographer logger]: I0513 19:45:35.000000 50709 pose_graph_2d.cc:538] Remaining work items in queue: 0
[cartographer_node-1] [INFO] [1778669135.140277672] [cartographer logger]: I0513 19:45:35.000000 50708 constraint_builder_2d.cc:275] Node (1, 157) with 201 points on submap (0, 2) matches with score 82.0%.
[cartographer_node-1] [INFO] [1778669135.140328607] [cartographer logger]: I0513 19:45:35.000000 50708 constraint_builder_2d.cc:290] 1 computations resulted in 1 additional constraints.
[cartographer_node-1] [INFO] [1778669135.140356905] [cartographer logger]: I0513 19:45:35.000000 50708 constraint_builder_2d.cc:292] Score histogram:
[cartographer_node-1] Count: 5  Min: 0.616463  Max: 0.819789  Mean: 0.6852
[cartographer_node-1] [0.616463, 0.636796)	                ####	Count: 1 (20%)	Total: 1 (20%)
[cartographer_node-1] [0.636796, 0.657128)	                ####	Count: 1 (20%)	Total: 2 (40%)
[cartographer_node-1] [0.657128, 0.677461)	            ########	Count: 2 (40%)	Total: 4 (80%)
[cartographer_node-1] [0.677461, 0.697793)	                    	Count: 0 (0%)	Total: 4 (80%)
[cartographer_node-1] [0.697793, 0.718126)	                    	Count: 0 (0%)	Total: 4 (80%)
[cartographer_node-1] [0.718126, 0.738459)	                    	Count: 0 (0%)	Total: 4 (80%)
[cartographer_node-1] [0.738459, 0.758791)	                    	Count: 0 (0%)	Total: 4 (80%)
[cartographer_node-1] [0.758791, 0.779124)	                    	Count: 0 (0%)	Total: 4 (80%)
[cartographer_node-1] [0.779124, 0.799457)	                    	Count: 0 (0%)	Total: 4 (80%)
[cartographer_node-1] [0.799457, 0.819789]	                ####	Count: 1 (20%)	Total: 5 (100%)
[cartographer_node-1] [INFO] [1778669135.182027288] [cartographer logger]: I0513 19:45:35.000000 50710 pose_graph_2d.cc:538] Remaining work items in queue: 0
[cartographer_node-1] [INFO] [1778669135.182078739] [cartographer logger]: I0513 19:45:35.000000 50710 constraint_builder_2d.cc:290] 0 computations resulted in 0 additional constraints.
[cartographer_node-1] [INFO] [1778669135.182341751] [cartographer logger]: I0513 19:45:35.000000 50710 constraint_builder_2d.cc:292] Score histogram:
[cartographer_node-1] Count: 5  Min: 0.616463  Max: 0.819789  Mean: 0.6852
[cartographer_node-1] [0.616463, 0.636796)	                ####	Count: 1 (20%)	Total: 1 (20%)
[cartographer_node-1] [0.636796, 0.657128)	                ####	Count: 1 (20%)	Total: 2 (40%)
[cartographer_node-1] [0.657128, 0.677461)	            ########	Count: 2 (40%)	Total: 4 (80%)
[cartographer_node-1] [0.677461, 0.697793)	                    	Count: 0 (0%)	Total: 4 (80%)
[cartographer_node-1] [0.697793, 0.718126)	                    	Count: 0 (0%)	Total: 4 (80%)
[cartographer_node-1] [0.718126, 0.738459)	                    	Count: 0 (0%)	Total: 4 (80%)
[cartographer_node-1] [0.738459, 0.758791)	                    	Count: 0 (0%)	Total: 4 (80%)
[cartographer_node-1] [0.758791, 0.779124)	                    	Count: 0 (0%)	Total: 4 (80%)
[cartographer_node-1] [0.779124, 0.799457)	                    	Count: 0 (0%)	Total: 4 (80%)
[cartographer_node-1] [0.799457, 0.819789]	                ####	Count: 1 (20%)	Total: 5 (100%)
[cartographer_node-1] [INFO] [1778669135.242709576] [cartographer logger]: I0513 19:45:35.000000 50710 pose_graph_2d.cc:538] Remaining work items in queue: 1
[cartographer_node-1] [INFO] [1778669135.242755198] [cartographer logger]: I0513 19:45:35.000000 50710 constraint_builder_2d.cc:290] 0 computations resulted in 0 additional constraints.
[cartographer_node-1] [INFO] [1778669135.243096203] [cartographer logger]: I0513 19:45:35.000000 50710 constraint_builder_2d.cc:292] Score histogram:
[cartographer_node-1] Count: 5  Min: 0.616463  Max: 0.819789  Mean: 0.6852
[cartographer_node-1] [0.616463, 0.636796)	                ####	Count: 1 (20%)	Total: 1 (20%)
[cartographer_node-1] [0.636796, 0.657128)	                ####	Count: 1 (20%)	Total: 2 (40%)
[cartographer_node-1] [0.657128, 0.677461)	            ########	Count: 2 (40%)	Total: 4 (80%)
[cartographer_node-1] [0.677461, 0.697793)	                    	Count: 0 (0%)	Total: 4 (80%)
[cartographer_node-1] [0.697793, 0.718126)	                    	Count: 0 (0%)	Total: 4 (80%)
[cartographer_node-1] [0.718126, 0.738459)	                    	Count: 0 (0%)	Total: 4 (80%)
[cartographer_node-1] [0.738459, 0.758791)	                    	Count: 0 (0%)	Total: 4 (80%)
[cartographer_node-1] [0.758791, 0.779124)	                    	Count: 0 (0%)	Total: 4 (80%)
[cartographer_node-1] [0.779124, 0.799457)	                    	Count: 0 (0%)	Total: 4 (80%)
[cartographer_node-1] [0.799457, 0.819789]	                ####	Count: 1 (20%)	Total: 5 (100%)
[cartographer_node-1] [INFO] [1778669135.307956006] [cartographer logger]: I0513 19:45:35.000000 50711 pose_graph_2d.cc:538] Remaining work items in queue: 1
[cartographer_node-1] [INFO] [1778669135.308051998] [cartographer logger]: I0513 19:45:35.000000 50711 constraint_builder_2d.cc:290] 0 computations resulted in 0 additional constraints.
[cartographer_node-1] [INFO] [1778669135.308302294] [cartographer logger]: I0513 19:45:35.000000 50711 constraint_builder_2d.cc:292] Score histogram:
[cartographer_node-1] Count: 5  Min: 0.616463  Max: 0.819789  Mean: 0.6852
[cartographer_node-1] [0.616463, 0.636796)	                ####	Count: 1 (20%)	Total: 1 (20%)
[cartographer_node-1] [0.636796, 0.657128)	                ####	Count: 1 (20%)	Total: 2 (40%)
[cartographer_node-1] [0.657128, 0.677461)	            ########	Count: 2 (40%)	Total: 4 (80%)
[cartographer_node-1] [0.677461, 0.697793)	                    	Count: 0 (0%)	Total: 4 (80%)
[cartographer_node-1] [0.697793, 0.718126)	                    	Count: 0 (0%)	Total: 4 (80%)
[cartographer_node-1] [0.718126, 0.738459)	                    	Count: 0 (0%)	Total: 4 (80%)
[cartographer_node-1] [0.738459, 0.758791)	                    	Count: 0 (0%)	Total: 4 (80%)
[cartographer_node-1] [0.758791, 0.779124)	                    	Count: 0 (0%)	Total: 4 (80%)
[cartographer_node-1] [0.779124, 0.799457)	                    	Count: 0 (0%)	Total: 4 (80%)
[cartographer_node-1] [0.799457, 0.819789]	                ####	Count: 1 (20%)	Total: 5 (100%)
[cartographer_node-1] [INFO] [1778669135.384123944] [cartographer logger]: I0513 19:45:35.000000 50711 pose_graph_2d.cc:538] Remaining work items in queue: 1
[cartographer_node-1] [INFO] [1778669135.384206624] [cartographer logger]: I0513 19:45:35.000000 50711 constraint_builder_2d.cc:290] 0 computations resulted in 0 additional constraints.
[cartographer_node-1] [INFO] [1778669135.384268719] [cartographer logger]: I0513 19:45:35.000000 50711 constraint_builder_2d.cc:292] Score histogram:
[cartographer_node-1] Count: 5  Min: 0.616463  Max: 0.819789  Mean: 0.6852
[cartographer_node-1] [0.616463, 0.636796)	                ####	Count: 1 (20%)	Total: 1 (20%)
[cartographer_node-1] [0.636796, 0.657128)	                ####	Count: 1 (20%)	Total: 2 (40%)
[cartographer_node-1] [0.657128, 0.677461)	            ########	Count: 2 (40%)	Total: 4 (80%)
[cartographer_node-1] [0.677461, 0.697793)	                    	Count: 0 (0%)	Total: 4 (80%)
[cartographer_node-1] [0.697793, 0.718126)	                    	Count: 0 (0%)	Total: 4 (80%)
[cartographer_node-1] [0.718126, 0.738459)	                    	Count: 0 (0%)	Total: 4 (80%)
[cartographer_node-1] [0.738459, 0.758791)	                    	Count: 0 (0%)	Total: 4 (80%)
[cartographer_node-1] [0.758791, 0.779124)	                    	Count: 0 (0%)	Total: 4 (80%)
[cartographer_node-1] [0.779124, 0.799457)	                    	Count: 0 (0%)	Total: 4 (80%)
[cartographer_node-1] [0.799457, 0.819789]	                ####	Count: 1 (20%)	Total: 5 (100%)
[cartographer_node-1] [INFO] [1778669135.490900748] [cartographer logger]: I0513 19:45:35.000000 50711 pose_graph_2d.cc:538] Remaining work items in queue: 1
[cartographer_node-1] [INFO] [1778669135.539216119] [cartographer logger]: I0513 19:45:35.000000 50709 constraint_builder_2d.cc:290] 1 computations resulted in 0 additional constraints.
[cartographer_node-1] [INFO] [1778669135.539320887] [cartographer logger]: I0513 19:45:35.000000 50709 constraint_builder_2d.cc:292] Score histogram:
[cartographer_node-1] Count: 5  Min: 0.616463  Max: 0.819789  Mean: 0.6852
[cartographer_node-1] [0.616463, 0.636796)	                ####	Count: 1 (20%)	Total: 1 (20%)
[cartographer_node-1] [0.636796, 0.657128)	                ####	Count: 1 (20%)	Total: 2 (40%)
[cartographer_node-1] [0.657128, 0.677461)	            ########	Count: 2 (40%)	Total: 4 (80%)
[cartographer_node-1] [0.677461, 0.697793)	                    	Count: 0 (0%)	Total: 4 (80%)
[cartographer_node-1] [0.697793, 0.718126)	                    	Count: 0 (0%)	Total: 4 (80%)
[cartographer_node-1] [0.718126, 0.738459)	                    	Count: 0 (0%)	Total: 4 (80%)
[cartographer_node-1] [0.738459, 0.758791)	                    	Count: 0 (0%)	Total: 4 (80%)
[cartographer_node-1] [0.758791, 0.779124)	                    	Count: 0 (0%)	Total: 4 (80%)
[cartographer_node-1] [0.779124, 0.799457)	                    	Count: 0 (0%)	Total: 4 (80%)
[cartographer_node-1] [0.799457, 0.819789]	                ####	Count: 1 (20%)	Total: 5 (100%)
[cartographer_node-1] [INFO] [1778669135.560733302] [cartographer logger]: I0513 19:45:35.000000 50708 pose_graph_2d.cc:538] Remaining work items in queue: 1
[cartographer_node-1] [INFO] [1778669135.560768180] [cartographer logger]: I0513 19:45:35.000000 50708 constraint_builder_2d.cc:290] 0 computations resulted in 0 additional constraints.
[cartographer_node-1] [INFO] [1778669135.561218714] [cartographer logger]: I0513 19:45:35.000000 50708 constraint_builder_2d.cc:292] Score histogram:
[cartographer_node-1] Count: 5  Min: 0.616463  Max: 0.819789  Mean: 0.6852
[cartographer_node-1] [0.616463, 0.636796)	                ####	Count: 1 (20%)	Total: 1 (20%)
[cartographer_node-1] [0.636796, 0.657128)	                ####	Count: 1 (20%)	Total: 2 (40%)
[cartographer_node-1] [0.657128, 0.677461)	            ########	Count: 2 (40%)	Total: 4 (80%)
[cartographer_node-1] [0.677461, 0.697793)	                    	Count: 0 (0%)	Total: 4 (80%)
[cartographer_node-1] [0.697793, 0.718126)	                    	Count: 0 (0%)	Total: 4 (80%)
[cartographer_node-1] [0.718126, 0.738459)	                    	Count: 0 (0%)	Total: 4 (80%)
[cartographer_node-1] [0.738459, 0.758791)	                    	Count: 0 (0%)	Total: 4 (80%)
[cartographer_node-1] [0.758791, 0.779124)	                    	Count: 0 (0%)	Total: 4 (80%)
[cartographer_node-1] [0.779124, 0.799457)	                    	Count: 0 (0%)	Total: 4 (80%)
[cartographer_node-1] [0.799457, 0.819789]	                ####	Count: 1 (20%)	Total: 5 (100%)
[cartographer_node-1] [INFO] [1778669135.640798206] [cartographer logger]: I0513 19:45:35.000000 50708 pose_graph_2d.cc:538] Remaining work items in queue: 1
[cartographer_node-1] [INFO] [1778669135.653927249] [cartographer logger]: I0513 19:45:35.000000 50694 pose_graph_2d.cc:148] Inserted submap (1, 2).
[cartographer_node-1] [INFO] [1778669135.706163794] [cartographer logger]: I0513 19:45:35.000000 50708 constraint_builder_2d.cc:275] Node (0, 1200) with 200 points on submap (1, 0) matches with score 76.8%.
[cartographer_node-1] [INFO] [1778669135.764415583] [cartographer logger]: I0513 19:45:35.000000 50708 constraint_builder_2d.cc:275] Node (0, 1000) with 203 points on submap (1, 0) matches with score 72.8%.
[cartographer_node-1] [INFO] [1778669135.789178784] [cartographer logger]: I0513 19:45:35.000000 50709 constraint_builder_2d.cc:275] Node (0, 400) with 204 points on submap (1, 0) matches with score 73.2%.
[cartographer_node-1] [INFO] [1778669135.809084927] [cartographer logger]: I0513 19:45:35.000000 50710 constraint_builder_2d.cc:290] 7 computations resulted in 3 additional constraints.
[cartographer_node-1] [INFO] [1778669135.809157055] [cartographer logger]: I0513 19:45:35.000000 50710 constraint_builder_2d.cc:292] Score histogram:
[cartographer_node-1] Count: 8  Min: 0.616463  Max: 0.819789  Mean: 0.706715
[cartographer_node-1] [0.616463, 0.636796)	                 ###	Count: 1 (12.5%)	Total: 1 (12.5%)
[cartographer_node-1] [0.636796, 0.657128)	                 ###	Count: 1 (12.5%)	Total: 2 (25%)
[cartographer_node-1] [0.657128, 0.677461)	               #####	Count: 2 (25%)	Total: 4 (50%)
[cartographer_node-1] [0.677461, 0.697793)	                    	Count: 0 (0%)	Total: 4 (50%)
[cartographer_node-1] [0.697793, 0.718126)	                    	Count: 0 (0%)	Total: 4 (50%)
[cartographer_node-1] [0.718126, 0.738459)	               #####	Count: 2 (25%)	Total: 6 (75%)
[cartographer_node-1] [0.738459, 0.758791)	                    	Count: 0 (0%)	Total: 6 (75%)
[cartographer_node-1] [0.758791, 0.779124)	                 ###	Count: 1 (12.5%)	Total: 7 (87.5%)
[cartographer_node-1] [0.779124, 0.799457)	                    	Count: 0 (0%)	Total: 7 (87.5%)
[cartographer_node-1] [0.799457, 0.819789]	                 ###	Count: 1 (12.5%)	Total: 8 (100%)
[cartographer_node-1] [INFO] [1778669135.819896001] [cartographer logger]: I0513 19:45:35.000000 50710 pose_graph_2d.cc:538] Remaining work items in queue: 11
[cartographer_node-1] [INFO] [1778669135.821717979] [cartographer logger]: I0513 19:45:35.000000 50708 constraint_builder_2d.cc:275] Node (1, 180) with 208 points on submap (1, 0) differs by translation 0.00 rotation 0.000 with score 83.2%.
[cartographer_node-1] [INFO] [1778669135.821753816] [cartographer logger]: I0513 19:45:35.000000 50708 constraint_builder_2d.cc:290] 1 computations resulted in 1 additional constraints.
[cartographer_node-1] [INFO] [1778669135.821796618] [cartographer logger]: I0513 19:45:35.000000 50708 constraint_builder_2d.cc:292] Score histogram:
[cartographer_node-1] Count: 9  Min: 0.616463  Max: 0.831704  Mean: 0.720603
[cartographer_node-1] [0.616463, 0.637987)	                  ##	Count: 1 (11.1111%)	Total: 1 (11.1111%)
[cartographer_node-1] [0.637987, 0.659511)	                  ##	Count: 1 (11.1111%)	Total: 2 (22.2222%)
[cartographer_node-1] [0.659511, 0.681035)	                ####	Count: 2 (22.2222%)	Total: 4 (44.4444%)
[cartographer_node-1] [0.681035, 0.702559)	                    	Count: 0 (0%)	Total: 4 (44.4444%)
[cartographer_node-1] [0.702559, 0.724084)	                    	Count: 0 (0%)	Total: 4 (44.4444%)
[cartographer_node-1] [0.724084, 0.745608)	                ####	Count: 2 (22.2222%)	Total: 6 (66.6667%)
[cartographer_node-1] [0.745608, 0.767132)	                    	Count: 0 (0%)	Total: 6 (66.6667%)
[cartographer_node-1] [0.767132, 0.788656)	                  ##	Count: 1 (11.1111%)	Total: 7 (77.7778%)
[cartographer_node-1] [0.788656, 0.810180)	                    	Count: 0 (0%)	Total: 7 (77.7778%)
[cartographer_node-1] [0.810180, 0.831704]	                ####	Count: 2 (22.2222%)	Total: 9 (100%)
[cartographer_node-1] [INFO] [1778669135.826579601] [cartographer logger]: I0513 19:45:35.000000 50708 pose_graph_2d.cc:538] Remaining work items in queue: 4
[cartographer_node-1] [INFO] [1778669135.858344033] [cartographer logger]: I0513 19:45:35.000000 50711 constraint_builder_2d.cc:275] Node (1, 185) with 210 points on submap (0, 10) matches with score 73.1%.
[cartographer_node-1] [INFO] [1778669135.858370295] [cartographer logger]: I0513 19:45:35.000000 50711 constraint_builder_2d.cc:290] 1 computations resulted in 1 additional constraints.
[cartographer_node-1] [INFO] [1778669135.858415206] [cartographer logger]: I0513 19:45:35.000000 50711 constraint_builder_2d.cc:292] Score histogram:
[cartographer_node-1] Count: 10  Min: 0.616463  Max: 0.831704  Mean: 0.721655
[cartographer_node-1] [0.616463, 0.637987)	                  ##	Count: 1 (10%)	Total: 1 (10%)
[cartographer_node-1] [0.637987, 0.659511)	                  ##	Count: 1 (10%)	Total: 2 (20%)
[cartographer_node-1] [0.659511, 0.681035)	                ####	Count: 2 (20%)	Total: 4 (40%)
[cartographer_node-1] [0.681035, 0.702559)	                    	Count: 0 (0%)	Total: 4 (40%)
[cartographer_node-1] [0.702559, 0.724084)	                    	Count: 0 (0%)	Total: 4 (40%)
[cartographer_node-1] [0.724084, 0.745608)	              ######	Count: 3 (30%)	Total: 7 (70%)
[cartographer_node-1] [0.745608, 0.767132)	                    	Count: 0 (0%)	Total: 7 (70%)
[cartographer_node-1] [0.767132, 0.788656)	                  ##	Count: 1 (10%)	Total: 8 (80%)
[cartographer_node-1] [0.788656, 0.810180)	                    	Count: 0 (0%)	Total: 8 (80%)
[cartographer_node-1] [0.810180, 0.831704]	                ####	Count: 2 (20%)	Total: 10 (100%)
[cartographer_node-1] [INFO] [1778669135.868337658] [cartographer logger]: I0513 19:45:35.000000 50711 pose_graph_2d.cc:538] Remaining work items in queue: 1
[cartographer_node-1] [INFO] [1778669135.868366535] [cartographer logger]: I0513 19:45:35.000000 50711 constraint_builder_2d.cc:290] 0 computations resulted in 0 additional constraints.
[cartographer_node-1] [INFO] [1778669135.868419060] [cartographer logger]: I0513 19:45:35.000000 50711 constraint_builder_2d.cc:292] Score histogram:
[cartographer_node-1] Count: 10  Min: 0.616463  Max: 0.831704  Mean: 0.721655
[cartographer_node-1] [0.616463, 0.637987)	                  ##	Count: 1 (10%)	Total: 1 (10%)
[cartographer_node-1] [0.637987, 0.659511)	                  ##	Count: 1 (10%)	Total: 2 (20%)
[cartographer_node-1] [0.659511, 0.681035)	                ####	Count: 2 (20%)	Total: 4 (40%)
[cartographer_node-1] [0.681035, 0.702559)	                    	Count: 0 (0%)	Total: 4 (40%)
[cartographer_node-1] [0.702559, 0.724084)	                    	Count: 0 (0%)	Total: 4 (40%)
[cartographer_node-1] [0.724084, 0.745608)	              ######	Count: 3 (30%)	Total: 7 (70%)
[cartographer_node-1] [0.745608, 0.767132)	                    	Count: 0 (0%)	Total: 7 (70%)
[cartographer_node-1] [0.767132, 0.788656)	                  ##	Count: 1 (10%)	Total: 8 (80%)
[cartographer_node-1] [0.788656, 0.810180)	                    	Count: 0 (0%)	Total: 8 (80%)
[cartographer_node-1] [0.810180, 0.831704]	                ####	Count: 2 (20%)	Total: 10 (100%)
[cartographer_node-1] [INFO] [1778669135.941292471] [cartographer logger]: I0513 19:45:35.000000 50711 pose_graph_2d.cc:538] Remaining work items in queue: 1
[cartographer_node-1] [INFO] [1778669135.941319724] [cartographer logger]: I0513 19:45:35.000000 50711 constraint_builder_2d.cc:290] 0 computations resulted in 0 additional constraints.
[cartographer_node-1] [INFO] [1778669135.941682715] [cartographer logger]: I0513 19:45:35.000000 50711 constraint_builder_2d.cc:292] Score histogram:
[cartographer_node-1] Count: 10  Min: 0.616463  Max: 0.831704  Mean: 0.721655
[cartographer_node-1] [0.616463, 0.637987)	                  ##	Count: 1 (10%)	Total: 1 (10%)
[cartographer_node-1] [0.637987, 0.659511)	                  ##	Count: 1 (10%)	Total: 2 (20%)
[cartographer_node-1] [0.659511, 0.681035)	                ####	Count: 2 (20%)	Total: 4 (40%)
[cartographer_node-1] [0.681035, 0.702559)	                    	Count: 0 (0%)	Total: 4 (40%)
[cartographer_node-1] [0.702559, 0.724084)	                    	Count: 0 (0%)	Total: 4 (40%)
[cartographer_node-1] [0.724084, 0.745608)	              ######	Count: 3 (30%)	Total: 7 (70%)
[cartographer_node-1] [0.745608, 0.767132)	                    	Count: 0 (0%)	Total: 7 (70%)
[cartographer_node-1] [0.767132, 0.788656)	                  ##	Count: 1 (10%)	Total: 8 (80%)
[cartographer_node-1] [0.788656, 0.810180)	                    	Count: 0 (0%)	Total: 8 (80%)
[cartographer_node-1] [0.810180, 0.831704]	                ####	Count: 2 (20%)	Total: 10 (100%)
[cartographer_node-1] [INFO] [1778669136.044100804] [cartographer logger]: I0513 19:45:36.000000 50709 pose_graph_2d.cc:538] Remaining work items in queue: 1
[cartographer_node-1] [INFO] [1778669136.044187861] [cartographer logger]: I0513 19:45:36.000000 50709 constraint_builder_2d.cc:290] 0 computations resulted in 0 additional constraints.
[cartographer_node-1] [INFO] [1778669136.044269953] [cartographer logger]: I0513 19:45:36.000000 50709 constraint_builder_2d.cc:292] Score histogram:
[cartographer_node-1] Count: 10  Min: 0.616463  Max: 0.831704  Mean: 0.721655
[cartographer_node-1] [0.616463, 0.637987)	                  ##	Count: 1 (10%)	Total: 1 (10%)
[cartographer_node-1] [0.637987, 0.659511)	                  ##	Count: 1 (10%)	Total: 2 (20%)
[cartographer_node-1] [0.659511, 0.681035)	                ####	Count: 2 (20%)	Total: 4 (40%)
[cartographer_node-1] [0.681035, 0.702559)	                    	Count: 0 (0%)	Total: 4 (40%)
[cartographer_node-1] [0.702559, 0.724084)	                    	Count: 0 (0%)	Total: 4 (40%)
[cartographer_node-1] [0.724084, 0.745608)	              ######	Count: 3 (30%)	Total: 7 (70%)
[cartographer_node-1] [0.745608, 0.767132)	                    	Count: 0 (0%)	Total: 7 (70%)
[cartographer_node-1] [0.767132, 0.788656)	                  ##	Count: 1 (10%)	Total: 8 (80%)
[cartographer_node-1] [0.788656, 0.810180)	                    	Count: 0 (0%)	Total: 8 (80%)
[cartographer_node-1] [0.810180, 0.831704]	                ####	Count: 2 (20%)	Total: 10 (100%)
[cartographer_node-1] [INFO] [1778669136.091356322] [cartographer logger]: I0513 19:45:36.000000 50708 pose_graph_2d.cc:538] Remaining work items in queue: 1
[cartographer_node-1] [INFO] [1778669136.091408016] [cartographer logger]: I0513 19:45:36.000000 50708 constraint_builder_2d.cc:290] 0 computations resulted in 0 additional constraints.
[cartographer_node-1] [INFO] [1778669136.091815131] [cartographer logger]: I0513 19:45:36.000000 50708 constraint_builder_2d.cc:292] Score histogram:
[cartographer_node-1] Count: 10  Min: 0.616463  Max: 0.831704  Mean: 0.721655
[cartographer_node-1] [0.616463, 0.637987)	                  ##	Count: 1 (10%)	Total: 1 (10%)
[cartographer_node-1] [0.637987, 0.659511)	                  ##	Count: 1 (10%)	Total: 2 (20%)
[cartographer_node-1] [0.659511, 0.681035)	                ####	Count: 2 (20%)	Total: 4 (40%)
[cartographer_node-1] [0.681035, 0.702559)	                    	Count: 0 (0%)	Total: 4 (40%)
[cartographer_node-1] [0.702559, 0.724084)	                    	Count: 0 (0%)	Total: 4 (40%)
[cartographer_node-1] [0.724084, 0.745608)	              ######	Count: 3 (30%)	Total: 7 (70%)
[cartographer_node-1] [0.745608, 0.767132)	                    	Count: 0 (0%)	Total: 7 (70%)
[cartographer_node-1] [0.767132, 0.788656)	                  ##	Count: 1 (10%)	Total: 8 (80%)
[cartographer_node-1] [0.788656, 0.810180)	                    	Count: 0 (0%)	Total: 8 (80%)
[cartographer_node-1] [0.810180, 0.831704]	                ####	Count: 2 (20%)	Total: 10 (100%)
[cartographer_node-1] [INFO] [1778669136.162402251] [cartographer logger]: I0513 19:45:36.000000 50710 pose_graph_2d.cc:538] Remaining work items in queue: 1
[cartographer_node-1] [INFO] [1778669136.237475223] [cartographer logger]: I0513 19:45:36.000000 50708 constraint_builder_2d.cc:290] 1 computations resulted in 0 additional constraints.
[cartographer_node-1] [INFO] [1778669136.237511565] [cartographer logger]: I0513 19:45:36.000000 50708 constraint_builder_2d.cc:292] Score histogram:
[cartographer_node-1] Count: 10  Min: 0.616463  Max: 0.831704  Mean: 0.721655
[cartographer_node-1] [0.616463, 0.637987)	                  ##	Count: 1 (10%)	Total: 1 (10%)
[cartographer_node-1] [0.637987, 0.659511)	                  ##	Count: 1 (10%)	Total: 2 (20%)
[cartographer_node-1] [0.659511, 0.681035)	                ####	Count: 2 (20%)	Total: 4 (40%)
[cartographer_node-1] [0.681035, 0.702559)	                    	Count: 0 (0%)	Total: 4 (40%)
[cartographer_node-1] [0.702559, 0.724084)	                    	Count: 0 (0%)	Total: 4 (40%)
[cartographer_node-1] [0.724084, 0.745608)	              ######	Count: 3 (30%)	Total: 7 (70%)
[cartographer_node-1] [0.745608, 0.767132)	                    	Count: 0 (0%)	Total: 7 (70%)
[cartographer_node-1] [0.767132, 0.788656)	                  ##	Count: 1 (10%)	Total: 8 (80%)
[cartographer_node-1] [0.788656, 0.810180)	                    	Count: 0 (0%)	Total: 8 (80%)
[cartographer_node-1] [0.810180, 0.831704]	                ####	Count: 2 (20%)	Total: 10 (100%)
[cartographer_node-1] [INFO] [1778669136.254396930] [cartographer logger]: I0513 19:45:36.000000 50711 pose_graph_2d.cc:538] Remaining work items in queue: 1
[cartographer_node-1] [INFO] [1778669136.254458160] [cartographer logger]: I0513 19:45:36.000000 50711 constraint_builder_2d.cc:290] 0 computations resulted in 0 additional constraints.
[cartographer_node-1] [INFO] [1778669136.254756134] [cartographer logger]: I0513 19:45:36.000000 50711 constraint_builder_2d.cc:292] Score histogram:
[cartographer_node-1] Count: 10  Min: 0.616463  Max: 0.831704  Mean: 0.721655
[cartographer_node-1] [0.616463, 0.637987)	                  ##	Count: 1 (10%)	Total: 1 (10%)
[cartographer_node-1] [0.637987, 0.659511)	                  ##	Count: 1 (10%)	Total: 2 (20%)
[cartographer_node-1] [0.659511, 0.681035)	                ####	Count: 2 (20%)	Total: 4 (40%)
[cartographer_node-1] [0.681035, 0.702559)	                    	Count: 0 (0%)	Total: 4 (40%)
[cartographer_node-1] [0.702559, 0.724084)	                    	Count: 0 (0%)	Total: 4 (40%)
[cartographer_node-1] [0.724084, 0.745608)	              ######	Count: 3 (30%)	Total: 7 (70%)
[cartographer_node-1] [0.745608, 0.767132)	                    	Count: 0 (0%)	Total: 7 (70%)
[cartographer_node-1] [0.767132, 0.788656)	                  ##	Count: 1 (10%)	Total: 8 (80%)
[cartographer_node-1] [0.788656, 0.810180)	                    	Count: 0 (0%)	Total: 8 (80%)
[cartographer_node-1] [0.810180, 0.831704]	                ####	Count: 2 (20%)	Total: 10 (100%)
[cartographer_node-1] [INFO] [1778669136.383945837] [cartographer logger]: I0513 19:45:36.000000 50710 pose_graph_2d.cc:538] Remaining work items in queue: 1
[cartographer_node-1] [INFO] [1778669136.384016734] [cartographer logger]: I0513 19:45:36.000000 50710 constraint_builder_2d.cc:290] 0 computations resulted in 0 additional constraints.
[cartographer_node-1] [INFO] [1778669136.384135228] [cartographer logger]: I0513 19:45:36.000000 50710 constraint_builder_2d.cc:292] Score histogram:
[cartographer_node-1] Count: 10  Min: 0.616463  Max: 0.831704  Mean: 0.721655
[cartographer_node-1] [0.616463, 0.637987)	                  ##	Count: 1 (10%)	Total: 1 (10%)
[cartographer_node-1] [0.637987, 0.659511)	                  ##	Count: 1 (10%)	Total: 2 (20%)
[cartographer_node-1] [0.659511, 0.681035)	                ####	Count: 2 (20%)	Total: 4 (40%)
[cartographer_node-1] [0.681035, 0.702559)	                    	Count: 0 (0%)	Total: 4 (40%)
[cartographer_node-1] [0.702559, 0.724084)	                    	Count: 0 (0%)	Total: 4 (40%)
[cartographer_node-1] [0.724084, 0.745608)	              ######	Count: 3 (30%)	Total: 7 (70%)
[cartographer_node-1] [0.745608, 0.767132)	                    	Count: 0 (0%)	Total: 7 (70%)
[cartographer_node-1] [0.767132, 0.788656)	                  ##	Count: 1 (10%)	Total: 8 (80%)
[cartographer_node-1] [0.788656, 0.810180)	                    	Count: 0 (0%)	Total: 8 (80%)
[cartographer_node-1] [0.810180, 0.831704]	                ####	Count: 2 (20%)	Total: 10 (100%)
[cartographer_node-1] [INFO] [1778669136.590542146] [cartographer logger]: I0513 19:45:36.000000 50708 pose_graph_2d.cc:538] Remaining work items in queue: 1
[cartographer_node-1] [INFO] [1778669136.590614033] [cartographer logger]: I0513 19:45:36.000000 50708 constraint_builder_2d.cc:290] 0 computations resulted in 0 additional constraints.
[cartographer_node-1] [INFO] [1778669136.591278142] [cartographer logger]: I0513 19:45:36.000000 50708 constraint_builder_2d.cc:292] Score histogram:
[cartographer_node-1] Count: 10  Min: 0.616463  Max: 0.831704  Mean: 0.721655
[cartographer_node-1] [0.616463, 0.637987)	                  ##	Count: 1 (10%)	Total: 1 (10%)
[cartographer_node-1] [0.637987, 0.659511)	                  ##	Count: 1 (10%)	Total: 2 (20%)
[cartographer_node-1] [0.659511, 0.681035)	                ####	Count: 2 (20%)	Total: 4 (40%)
[cartographer_node-1] [0.681035, 0.702559)	                    	Count: 0 (0%)	Total: 4 (40%)
[cartographer_node-1] [0.702559, 0.724084)	                    	Count: 0 (0%)	Total: 4 (40%)
[cartographer_node-1] [0.724084, 0.745608)	              ######	Count: 3 (30%)	Total: 7 (70%)
[cartographer_node-1] [0.745608, 0.767132)	                    	Count: 0 (0%)	Total: 7 (70%)
[cartographer_node-1] [0.767132, 0.788656)	                  ##	Count: 1 (10%)	Total: 8 (80%)
[cartographer_node-1] [0.788656, 0.810180)	                    	Count: 0 (0%)	Total: 8 (80%)
[cartographer_node-1] [0.810180, 0.831704]	                ####	Count: 2 (20%)	Total: 10 (100%)
[cartographer_node-1] [INFO] [1778669136.791738897] [cartographer logger]: I0513 19:45:36.000000 50709 pose_graph_2d.cc:538] Remaining work items in queue: 1
[cartographer_node-1] [INFO] [1778669136.791773505] [cartographer logger]: I0513 19:45:36.000000 50709 constraint_builder_2d.cc:290] 0 computations resulted in 0 additional constraints.
[cartographer_node-1] [INFO] [1778669136.791883200] [cartographer logger]: I0513 19:45:36.000000 50709 constraint_builder_2d.cc:292] Score histogram:
[cartographer_node-1] Count: 10  Min: 0.616463  Max: 0.831704  Mean: 0.721655
[cartographer_node-1] [0.616463, 0.637987)	                  ##	Count: 1 (10%)	Total: 1 (10%)
[cartographer_node-1] [0.637987, 0.659511)	                  ##	Count: 1 (10%)	Total: 2 (20%)
[cartographer_node-1] [0.659511, 0.681035)	                ####	Count: 2 (20%)	Total: 4 (40%)
[cartographer_node-1] [0.681035, 0.702559)	                    	Count: 0 (0%)	Total: 4 (40%)
[cartographer_node-1] [0.702559, 0.724084)	                    	Count: 0 (0%)	Total: 4 (40%)
[cartographer_node-1] [0.724084, 0.745608)	              ######	Count: 3 (30%)	Total: 7 (70%)
[cartographer_node-1] [0.745608, 0.767132)	                    	Count: 0 (0%)	Total: 7 (70%)
[cartographer_node-1] [0.767132, 0.788656)	                  ##	Count: 1 (10%)	Total: 8 (80%)
[cartographer_node-1] [0.788656, 0.810180)	                    	Count: 0 (0%)	Total: 8 (80%)
[cartographer_node-1] [0.810180, 0.831704]	                ####	Count: 2 (20%)	Total: 10 (100%)
[cartographer_node-1] [INFO] [1778669136.943097251] [cartographer logger]: I0513 19:45:36.000000 50711 pose_graph_2d.cc:538] Remaining work items in queue: 1
[cartographer_node-1] [INFO] [1778669136.943134301] [cartographer logger]: I0513 19:45:36.000000 50711 constraint_builder_2d.cc:290] 1 computations resulted in 0 additional constraints.
[cartographer_node-1] [INFO] [1778669136.943515075] [cartographer logger]: I0513 19:45:36.000000 50711 constraint_builder_2d.cc:292] Score histogram:
[cartographer_node-1] Count: 10  Min: 0.616463  Max: 0.831704  Mean: 0.721655
[cartographer_node-1] [0.616463, 0.637987)	                  ##	Count: 1 (10%)	Total: 1 (10%)
[cartographer_node-1] [0.637987, 0.659511)	                  ##	Count: 1 (10%)	Total: 2 (20%)
[cartographer_node-1] [0.659511, 0.681035)	                ####	Count: 2 (20%)	Total: 4 (40%)
[cartographer_node-1] [0.681035, 0.702559)	                    	Count: 0 (0%)	Total: 4 (40%)
[cartographer_node-1] [0.702559, 0.724084)	                    	Count: 0 (0%)	Total: 4 (40%)
[cartographer_node-1] [0.724084, 0.745608)	              ######	Count: 3 (30%)	Total: 7 (70%)
[cartographer_node-1] [0.745608, 0.767132)	                    	Count: 0 (0%)	Total: 7 (70%)
[cartographer_node-1] [0.767132, 0.788656)	                  ##	Count: 1 (10%)	Total: 8 (80%)
[cartographer_node-1] [0.788656, 0.810180)	                    	Count: 0 (0%)	Total: 8 (80%)
[cartographer_node-1] [0.810180, 0.831704]	                ####	Count: 2 (20%)	Total: 10 (100%)
[cartographer_node-1] [INFO] [1778669137.083989858] [cartographer logger]: I0513 19:45:37.000000 50708 pose_graph_2d.cc:538] Remaining work items in queue: 1
[cartographer_node-1] [INFO] [1778669137.084039312] [cartographer logger]: I0513 19:45:37.000000 50708 constraint_builder_2d.cc:290] 0 computations resulted in 0 additional constraints.
[cartographer_node-1] [INFO] [1778669137.084489923] [cartographer logger]: I0513 19:45:37.000000 50708 constraint_builder_2d.cc:292] Score histogram:
[cartographer_node-1] Count: 10  Min: 0.616463  Max: 0.831704  Mean: 0.721655
[cartographer_node-1] [0.616463, 0.637987)	                  ##	Count: 1 (10%)	Total: 1 (10%)
[cartographer_node-1] [0.637987, 0.659511)	                  ##	Count: 1 (10%)	Total: 2 (20%)
[cartographer_node-1] [0.659511, 0.681035)	                ####	Count: 2 (20%)	Total: 4 (40%)
[cartographer_node-1] [0.681035, 0.702559)	                    	Count: 0 (0%)	Total: 4 (40%)
[cartographer_node-1] [0.702559, 0.724084)	                    	Count: 0 (0%)	Total: 4 (40%)
[cartographer_node-1] [0.724084, 0.745608)	              ######	Count: 3 (30%)	Total: 7 (70%)
[cartographer_node-1] [0.745608, 0.767132)	                    	Count: 0 (0%)	Total: 7 (70%)
[cartographer_node-1] [0.767132, 0.788656)	                  ##	Count: 1 (10%)	Total: 8 (80%)
[cartographer_node-1] [0.788656, 0.810180)	                    	Count: 0 (0%)	Total: 8 (80%)
[cartographer_node-1] [0.810180, 0.831704]	                ####	Count: 2 (20%)	Total: 10 (100%)
[cartographer_node-1] [INFO] [1778669137.220684498] [cartographer logger]: I0513 19:45:37.000000 50711 pose_graph_2d.cc:538] Remaining work items in queue: 1
[cartographer_node-1] [INFO] [1778669137.220744825] [cartographer logger]: I0513 19:45:37.000000 50711 constraint_builder_2d.cc:290] 0 computations resulted in 0 additional constraints.
[cartographer_node-1] [INFO] [1778669137.220930419] [cartographer logger]: I0513 19:45:37.000000 50711 constraint_builder_2d.cc:292] Score histogram:
[cartographer_node-1] Count: 10  Min: 0.616463  Max: 0.831704  Mean: 0.721655
[cartographer_node-1] [0.616463, 0.637987)	                  ##	Count: 1 (10%)	Total: 1 (10%)
[cartographer_node-1] [0.637987, 0.659511)	                  ##	Count: 1 (10%)	Total: 2 (20%)
[cartographer_node-1] [0.659511, 0.681035)	                ####	Count: 2 (20%)	Total: 4 (40%)
[cartographer_node-1] [0.681035, 0.702559)	                    	Count: 0 (0%)	Total: 4 (40%)
[cartographer_node-1] [0.702559, 0.724084)	                    	Count: 0 (0%)	Total: 4 (40%)
[cartographer_node-1] [0.724084, 0.745608)	              ######	Count: 3 (30%)	Total: 7 (70%)
[cartographer_node-1] [0.745608, 0.767132)	                    	Count: 0 (0%)	Total: 7 (70%)
[cartographer_node-1] [0.767132, 0.788656)	                  ##	Count: 1 (10%)	Total: 8 (80%)
[cartographer_node-1] [0.788656, 0.810180)	                    	Count: 0 (0%)	Total: 8 (80%)
[cartographer_node-1] [0.810180, 0.831704]	                ####	Count: 2 (20%)	Total: 10 (100%)
[cartographer_node-1] [INFO] [1778669137.365066998] [cartographer logger]: I0513 19:45:37.000000 50709 pose_graph_2d.cc:538] Remaining work items in queue: 2
[cartographer_node-1] [INFO] [1778669137.365096194] [cartographer logger]: I0513 19:45:37.000000 50709 constraint_builder_2d.cc:290] 0 computations resulted in 0 additional constraints.
[cartographer_node-1] [INFO] [1778669137.365119068] [cartographer logger]: I0513 19:45:37.000000 50709 constraint_builder_2d.cc:292] Score histogram:
[cartographer_node-1] Count: 10  Min: 0.616463  Max: 0.831704  Mean: 0.721655
[cartographer_node-1] [0.616463, 0.637987)	                  ##	Count: 1 (10%)	Total: 1 (10%)
[cartographer_node-1] [0.637987, 0.659511)	                  ##	Count: 1 (10%)	Total: 2 (20%)
[cartographer_node-1] [0.659511, 0.681035)	                ####	Count: 2 (20%)	Total: 4 (40%)
[cartographer_node-1] [0.681035, 0.702559)	                    	Count: 0 (0%)	Total: 4 (40%)
[cartographer_node-1] [0.702559, 0.724084)	                    	Count: 0 (0%)	Total: 4 (40%)
[cartographer_node-1] [0.724084, 0.745608)	              ######	Count: 3 (30%)	Total: 7 (70%)
[cartographer_node-1] [0.745608, 0.767132)	                    	Count: 0 (0%)	Total: 7 (70%)
[cartographer_node-1] [0.767132, 0.788656)	                  ##	Count: 1 (10%)	Total: 8 (80%)
[cartographer_node-1] [0.788656, 0.810180)	                    	Count: 0 (0%)	Total: 8 (80%)
[cartographer_node-1] [0.810180, 0.831704]	                ####	Count: 2 (20%)	Total: 10 (100%)
[cartographer_node-1] [INFO] [1778669137.415809184] [cartographer logger]: I0513 19:45:37.000000 50708 pose_graph_2d.cc:538] Remaining work items in queue: 1
[cartographer_node-1] [INFO] [1778669137.415875764] [cartographer logger]: I0513 19:45:37.000000 50708 constraint_builder_2d.cc:290] 0 computations resulted in 0 additional constraints.
[cartographer_node-1] [INFO] [1778669137.416180090] [cartographer logger]: I0513 19:45:37.000000 50708 constraint_builder_2d.cc:292] Score histogram:
[cartographer_node-1] Count: 10  Min: 0.616463  Max: 0.831704  Mean: 0.721655
[cartographer_node-1] [0.616463, 0.637987)	                  ##	Count: 1 (10%)	Total: 1 (10%)
[cartographer_node-1] [0.637987, 0.659511)	                  ##	Count: 1 (10%)	Total: 2 (20%)
[cartographer_node-1] [0.659511, 0.681035)	                ####	Count: 2 (20%)	Total: 4 (40%)
[cartographer_node-1] [0.681035, 0.702559)	                    	Count: 0 (0%)	Total: 4 (40%)
[cartographer_node-1] [0.702559, 0.724084)	                    	Count: 0 (0%)	Total: 4 (40%)
[cartographer_node-1] [0.724084, 0.745608)	              ######	Count: 3 (30%)	Total: 7 (70%)
[cartographer_node-1] [0.745608, 0.767132)	                    	Count: 0 (0%)	Total: 7 (70%)
[cartographer_node-1] [0.767132, 0.788656)	                  ##	Count: 1 (10%)	Total: 8 (80%)
[cartographer_node-1] [0.788656, 0.810180)	                    	Count: 0 (0%)	Total: 8 (80%)
[cartographer_node-1] [0.810180, 0.831704]	                ####	Count: 2 (20%)	Total: 10 (100%)
[cartographer_node-1] [INFO] [1778669137.479538584] [cartographer logger]: I0513 19:45:37.000000 50709 constraint_builder_2d.cc:275] Node (1, 228) with 206 points on submap (0, 8) matches with score 75.1%.
[cartographer_node-1] [INFO] [1778669137.509511275] [cartographer logger]: I0513 19:45:37.000000 50711 pose_graph_2d.cc:538] Remaining work items in queue: 2
[cartographer_node-1] [INFO] [1778669137.509560043] [cartographer logger]: I0513 19:45:37.000000 50711 constraint_builder_2d.cc:290] 1 computations resulted in 1 additional constraints.
[cartographer_node-1] [INFO] [1778669137.509752222] [cartographer logger]: I0513 19:45:37.000000 50711 constraint_builder_2d.cc:292] Score histogram:
[cartographer_node-1] Count: 11  Min: 0.616463  Max: 0.831704  Mean: 0.724347
[cartographer_node-1] [0.616463, 0.637987)	                  ##	Count: 1 (9.09091%)	Total: 1 (9.09091%)
[cartographer_node-1] [0.637987, 0.659511)	                  ##	Count: 1 (9.09091%)	Total: 2 (18.1818%)
[cartographer_node-1] [0.659511, 0.681035)	                ####	Count: 2 (18.1818%)	Total: 4 (36.3636%)
[cartographer_node-1] [0.681035, 0.702559)	                    	Count: 0 (0%)	Total: 4 (36.3636%)
[cartographer_node-1] [0.702559, 0.724084)	                    	Count: 0 (0%)	Total: 4 (36.3636%)
[cartographer_node-1] [0.724084, 0.745608)	               #####	Count: 3 (27.2727%)	Total: 7 (63.6364%)
[cartographer_node-1] [0.745608, 0.767132)	                  ##	Count: 1 (9.09091%)	Total: 8 (72.7273%)
[cartographer_node-1] [0.767132, 0.788656)	                  ##	Count: 1 (9.09091%)	Total: 9 (81.8182%)
[cartographer_node-1] [0.788656, 0.810180)	                    	Count: 0 (0%)	Total: 9 (81.8182%)
[cartographer_node-1] [0.810180, 0.831704]	                ####	Count: 2 (18.1818%)	Total: 11 (100%)
[cartographer_node-1] [INFO] [1778669137.576496997] [cartographer logger]: I0513 19:45:37.000000 50709 pose_graph_2d.cc:538] Remaining work items in queue: 1
[cartographer_node-1] [INFO] [1778669137.576591060] [cartographer logger]: I0513 19:45:37.000000 50709 constraint_builder_2d.cc:290] 0 computations resulted in 0 additional constraints.
[cartographer_node-1] [INFO] [1778669137.576756372] [cartographer logger]: I0513 19:45:37.000000 50709 constraint_builder_2d.cc:292] Score histogram:
[cartographer_node-1] Count: 11  Min: 0.616463  Max: 0.831704  Mean: 0.724347
[cartographer_node-1] [0.616463, 0.637987)	                  ##	Count: 1 (9.09091%)	Total: 1 (9.09091%)
[cartographer_node-1] [0.637987, 0.659511)	                  ##	Count: 1 (9.09091%)	Total: 2 (18.1818%)
[cartographer_node-1] [0.659511, 0.681035)	                ####	Count: 2 (18.1818%)	Total: 4 (36.3636%)
[cartographer_node-1] [0.681035, 0.702559)	                    	Count: 0 (0%)	Total: 4 (36.3636%)
[cartographer_node-1] [0.702559, 0.724084)	                    	Count: 0 (0%)	Total: 4 (36.3636%)
[cartographer_node-1] [0.724084, 0.745608)	               #####	Count: 3 (27.2727%)	Total: 7 (63.6364%)
[cartographer_node-1] [0.745608, 0.767132)	                  ##	Count: 1 (9.09091%)	Total: 8 (72.7273%)
[cartographer_node-1] [0.767132, 0.788656)	                  ##	Count: 1 (9.09091%)	Total: 9 (81.8182%)
[cartographer_node-1] [0.788656, 0.810180)	                    	Count: 0 (0%)	Total: 9 (81.8182%)
[cartographer_node-1] [0.810180, 0.831704]	                ####	Count: 2 (18.1818%)	Total: 11 (100%)
[cartographer_node-1] [INFO] [1778669137.645266730] [cartographer logger]: I0513 19:45:37.000000 50710 pose_graph_2d.cc:538] Remaining work items in queue: 1
[cartographer_node-1] [INFO] [1778669137.645322946] [cartographer logger]: I0513 19:45:37.000000 50710 constraint_builder_2d.cc:290] 0 computations resulted in 0 additional constraints.
[cartographer_node-1] [INFO] [1778669137.645429609] [cartographer logger]: I0513 19:45:37.000000 50710 constraint_builder_2d.cc:292] Score histogram:
[cartographer_node-1] Count: 11  Min: 0.616463  Max: 0.831704  Mean: 0.724347
[cartographer_node-1] [0.616463, 0.637987)	                  ##	Count: 1 (9.09091%)	Total: 1 (9.09091%)
[cartographer_node-1] [0.637987, 0.659511)	                  ##	Count: 1 (9.09091%)	Total: 2 (18.1818%)
[cartographer_node-1] [0.659511, 0.681035)	                ####	Count: 2 (18.1818%)	Total: 4 (36.3636%)
[cartographer_node-1] [0.681035, 0.702559)	                    	Count: 0 (0%)	Total: 4 (36.3636%)
[cartographer_node-1] [0.702559, 0.724084)	                    	Count: 0 (0%)	Total: 4 (36.3636%)
[cartographer_node-1] [0.724084, 0.745608)	               #####	Count: 3 (27.2727%)	Total: 7 (63.6364%)
[cartographer_node-1] [0.745608, 0.767132)	                  ##	Count: 1 (9.09091%)	Total: 8 (72.7273%)
[cartographer_node-1] [0.767132, 0.788656)	                  ##	Count: 1 (9.09091%)	Total: 9 (81.8182%)
[cartographer_node-1] [0.788656, 0.810180)	                    	Count: 0 (0%)	Total: 9 (81.8182%)
[cartographer_node-1] [0.810180, 0.831704]	                ####	Count: 2 (18.1818%)	Total: 11 (100%)
[cartographer_node-1] [INFO] [1778669137.737933402] [cartographer logger]: I0513 19:45:37.000000 50711 pose_graph_2d.cc:538] Remaining work items in queue: 1
[cartographer_node-1] [INFO] [1778669137.737971489] [cartographer logger]: I0513 19:45:37.000000 50711 constraint_builder_2d.cc:290] 0 computations resulted in 0 additional constraints.
[cartographer_node-1] [INFO] [1778669137.738356721] [cartographer logger]: I0513 19:45:37.000000 50711 constraint_builder_2d.cc:292] Score histogram:
[cartographer_node-1] Count: 11  Min: 0.616463  Max: 0.831704  Mean: 0.724347
[cartographer_node-1] [0.616463, 0.637987)	                  ##	Count: 1 (9.09091%)	Total: 1 (9.09091%)
[cartographer_node-1] [0.637987, 0.659511)	                  ##	Count: 1 (9.09091%)	Total: 2 (18.1818%)
[cartographer_node-1] [0.659511, 0.681035)	                ####	Count: 2 (18.1818%)	Total: 4 (36.3636%)
[cartographer_node-1] [0.681035, 0.702559)	                    	Count: 0 (0%)	Total: 4 (36.3636%)
[cartographer_node-1] [0.702559, 0.724084)	                    	Count: 0 (0%)	Total: 4 (36.3636%)
[cartographer_node-1] [0.724084, 0.745608)	               #####	Count: 3 (27.2727%)	Total: 7 (63.6364%)
[cartographer_node-1] [0.745608, 0.767132)	                  ##	Count: 1 (9.09091%)	Total: 8 (72.7273%)
[cartographer_node-1] [0.767132, 0.788656)	                  ##	Count: 1 (9.09091%)	Total: 9 (81.8182%)
[cartographer_node-1] [0.788656, 0.810180)	                    	Count: 0 (0%)	Total: 9 (81.8182%)
[cartographer_node-1] [0.810180, 0.831704]	                ####	Count: 2 (18.1818%)	Total: 11 (100%)
[cartographer_node-1] [INFO] [1778669137.787425109] [cartographer logger]: I0513 19:45:37.000000 50710 pose_graph_2d.cc:538] Remaining work items in queue: 1
[cartographer_node-1] [INFO] [1778669137.823653782] [cartographer logger]: I0513 19:45:37.000000 50711 constraint_builder_2d.cc:290] 1 computations resulted in 0 additional constraints.
[cartographer_node-1] [INFO] [1778669137.823714105] [cartographer logger]: I0513 19:45:37.000000 50711 constraint_builder_2d.cc:292] Score histogram:
[cartographer_node-1] Count: 11  Min: 0.616463  Max: 0.831704  Mean: 0.724347
[cartographer_node-1] [0.616463, 0.637987)	                  ##	Count: 1 (9.09091%)	Total: 1 (9.09091%)
[cartographer_node-1] [0.637987, 0.659511)	                  ##	Count: 1 (9.09091%)	Total: 2 (18.1818%)
[cartographer_node-1] [0.659511, 0.681035)	                ####	Count: 2 (18.1818%)	Total: 4 (36.3636%)
[cartographer_node-1] [0.681035, 0.702559)	                    	Count: 0 (0%)	Total: 4 (36.3636%)
[cartographer_node-1] [0.702559, 0.724084)	                    	Count: 0 (0%)	Total: 4 (36.3636%)
[cartographer_node-1] [0.724084, 0.745608)	               #####	Count: 3 (27.2727%)	Total: 7 (63.6364%)
[cartographer_node-1] [0.745608, 0.767132)	                  ##	Count: 1 (9.09091%)	Total: 8 (72.7273%)
[cartographer_node-1] [0.767132, 0.788656)	                  ##	Count: 1 (9.09091%)	Total: 9 (81.8182%)
[cartographer_node-1] [0.788656, 0.810180)	                    	Count: 0 (0%)	Total: 9 (81.8182%)
[cartographer_node-1] [0.810180, 0.831704]	                ####	Count: 2 (18.1818%)	Total: 11 (100%)
[cartographer_node-1] [INFO] [1778669137.857956827] [cartographer logger]: I0513 19:45:37.000000 50710 pose_graph_2d.cc:538] Remaining work items in queue: 1
[cartographer_node-1] [INFO] [1778669137.858077696] [cartographer logger]: I0513 19:45:37.000000 50710 constraint_builder_2d.cc:290] 0 computations resulted in 0 additional constraints.
[cartographer_node-1] [INFO] [1778669137.858414518] [cartographer logger]: I0513 19:45:37.000000 50710 constraint_builder_2d.cc:292] Score histogram:
[cartographer_node-1] Count: 11  Min: 0.616463  Max: 0.831704  Mean: 0.724347
[cartographer_node-1] [0.616463, 0.637987)	                  ##	Count: 1 (9.09091%)	Total: 1 (9.09091%)
[cartographer_node-1] [0.637987, 0.659511)	                  ##	Count: 1 (9.09091%)	Total: 2 (18.1818%)
[cartographer_node-1] [0.659511, 0.681035)	                ####	Count: 2 (18.1818%)	Total: 4 (36.3636%)
[cartographer_node-1] [0.681035, 0.702559)	                    	Count: 0 (0%)	Total: 4 (36.3636%)
[cartographer_node-1] [0.702559, 0.724084)	                    	Count: 0 (0%)	Total: 4 (36.3636%)
[cartographer_node-1] [0.724084, 0.745608)	               #####	Count: 3 (27.2727%)	Total: 7 (63.6364%)
[cartographer_node-1] [0.745608, 0.767132)	                  ##	Count: 1 (9.09091%)	Total: 8 (72.7273%)
[cartographer_node-1] [0.767132, 0.788656)	                  ##	Count: 1 (9.09091%)	Total: 9 (81.8182%)
[cartographer_node-1] [0.788656, 0.810180)	                    	Count: 0 (0%)	Total: 9 (81.8182%)
[cartographer_node-1] [0.810180, 0.831704]	                ####	Count: 2 (18.1818%)	Total: 11 (100%)
[cartographer_node-1] [INFO] [1778669137.969859507] [cartographer logger]: I0513 19:45:37.000000 50711 pose_graph_2d.cc:538] Remaining work items in queue: 1
[cartographer_node-1] [INFO] [1778669137.969947951] [cartographer logger]: I0513 19:45:37.000000 50711 constraint_builder_2d.cc:290] 0 computations resulted in 0 additional constraints.
[cartographer_node-1] [INFO] [1778669137.970047555] [cartographer logger]: I0513 19:45:37.000000 50711 constraint_builder_2d.cc:292] Score histogram:
[cartographer_node-1] Count: 11  Min: 0.616463  Max: 0.831704  Mean: 0.724347
[cartographer_node-1] [0.616463, 0.637987)	                  ##	Count: 1 (9.09091%)	Total: 1 (9.09091%)
[cartographer_node-1] [0.637987, 0.659511)	                  ##	Count: 1 (9.09091%)	Total: 2 (18.1818%)
[cartographer_node-1] [0.659511, 0.681035)	                ####	Count: 2 (18.1818%)	Total: 4 (36.3636%)
[cartographer_node-1] [0.681035, 0.702559)	                    	Count: 0 (0%)	Total: 4 (36.3636%)
[cartographer_node-1] [0.702559, 0.724084)	                    	Count: 0 (0%)	Total: 4 (36.3636%)
[cartographer_node-1] [0.724084, 0.745608)	               #####	Count: 3 (27.2727%)	Total: 7 (63.6364%)
[cartographer_node-1] [0.745608, 0.767132)	                  ##	Count: 1 (9.09091%)	Total: 8 (72.7273%)
[cartographer_node-1] [0.767132, 0.788656)	                  ##	Count: 1 (9.09091%)	Total: 9 (81.8182%)
[cartographer_node-1] [0.788656, 0.810180)	                    	Count: 0 (0%)	Total: 9 (81.8182%)
[cartographer_node-1] [0.810180, 0.831704]	                ####	Count: 2 (18.1818%)	Total: 11 (100%)
[cartographer_node-1] [INFO] [1778669138.139264257] [cartographer logger]: I0513 19:45:38.000000 50708 pose_graph_2d.cc:538] Remaining work items in queue: 0
[cartographer_node-1] [INFO] [1778669138.139341444] [cartographer logger]: I0513 19:45:38.000000 50708 constraint_builder_2d.cc:290] 0 computations resulted in 0 additional constraints.
[cartographer_node-1] [INFO] [1778669138.139446603] [cartographer logger]: I0513 19:45:38.000000 50708 constraint_builder_2d.cc:292] Score histogram:
[cartographer_node-1] Count: 11  Min: 0.616463  Max: 0.831704  Mean: 0.724347
[cartographer_node-1] [0.616463, 0.637987)	                  ##	Count: 1 (9.09091%)	Total: 1 (9.09091%)
[cartographer_node-1] [0.637987, 0.659511)	                  ##	Count: 1 (9.09091%)	Total: 2 (18.1818%)
[cartographer_node-1] [0.659511, 0.681035)	                ####	Count: 2 (18.1818%)	Total: 4 (36.3636%)
[cartographer_node-1] [0.681035, 0.702559)	                    	Count: 0 (0%)	Total: 4 (36.3636%)
[cartographer_node-1] [0.702559, 0.724084)	                    	Count: 0 (0%)	Total: 4 (36.3636%)
[cartographer_node-1] [0.724084, 0.745608)	               #####	Count: 3 (27.2727%)	Total: 7 (63.6364%)
[cartographer_node-1] [0.745608, 0.767132)	                  ##	Count: 1 (9.09091%)	Total: 8 (72.7273%)
[cartographer_node-1] [0.767132, 0.788656)	                  ##	Count: 1 (9.09091%)	Total: 9 (81.8182%)
[cartographer_node-1] [0.788656, 0.810180)	                    	Count: 0 (0%)	Total: 9 (81.8182%)
[cartographer_node-1] [0.810180, 0.831704]	                ####	Count: 2 (18.1818%)	Total: 11 (100%)
[cartographer_node-1] [INFO] [1778669138.262063869] [cartographer logger]: I0513 19:45:38.000000 50710 pose_graph_2d.cc:538] Remaining work items in queue: 1
[cartographer_node-1] [INFO] [1778669138.262147152] [cartographer logger]: I0513 19:45:38.000000 50710 constraint_builder_2d.cc:290] 0 computations resulted in 0 additional constraints.
[cartographer_node-1] [INFO] [1778669138.262416723] [cartographer logger]: I0513 19:45:38.000000 50710 constraint_builder_2d.cc:292] Score histogram:
[cartographer_node-1] Count: 11  Min: 0.616463  Max: 0.831704  Mean: 0.724347
[cartographer_node-1] [0.616463, 0.637987)	                  ##	Count: 1 (9.09091%)	Total: 1 (9.09091%)
[cartographer_node-1] [0.637987, 0.659511)	                  ##	Count: 1 (9.09091%)	Total: 2 (18.1818%)
[cartographer_node-1] [0.659511, 0.681035)	                ####	Count: 2 (18.1818%)	Total: 4 (36.3636%)
[cartographer_node-1] [0.681035, 0.702559)	                    	Count: 0 (0%)	Total: 4 (36.3636%)
[cartographer_node-1] [0.702559, 0.724084)	                    	Count: 0 (0%)	Total: 4 (36.3636%)
[cartographer_node-1] [0.724084, 0.745608)	               #####	Count: 3 (27.2727%)	Total: 7 (63.6364%)
[cartographer_node-1] [0.745608, 0.767132)	                  ##	Count: 1 (9.09091%)	Total: 8 (72.7273%)
[cartographer_node-1] [0.767132, 0.788656)	                  ##	Count: 1 (9.09091%)	Total: 9 (81.8182%)
[cartographer_node-1] [0.788656, 0.810180)	                    	Count: 0 (0%)	Total: 9 (81.8182%)
[cartographer_node-1] [0.810180, 0.831704]	                ####	Count: 2 (18.1818%)	Total: 11 (100%)
[cartographer_node-1] [INFO] [1778669138.394622666] [cartographer logger]: I0513 19:45:38.000000 50709 pose_graph_2d.cc:538] Remaining work items in queue: 1
[cartographer_node-1] [INFO] [1778669138.461394055] [cartographer logger]: I0513 19:45:38.000000 50708 constraint_builder_2d.cc:275] Node (1, 257) with 201 points on submap (0, 2) matches with score 61.0%.
[cartographer_node-1] [INFO] [1778669138.461461082] [cartographer logger]: I0513 19:45:38.000000 50708 constraint_builder_2d.cc:290] 1 computations resulted in 1 additional constraints.
[cartographer_node-1] [INFO] [1778669138.461484858] [cartographer logger]: I0513 19:45:38.000000 50708 constraint_builder_2d.cc:292] Score histogram:
[cartographer_node-1] Count: 12  Min: 0.610061  Max: 0.831704  Mean: 0.714823
[cartographer_node-1] [0.610061, 0.632226)	                 ###	Count: 2 (16.6667%)	Total: 2 (16.6667%)
[cartographer_node-1] [0.632226, 0.654390)	                  ##	Count: 1 (8.33333%)	Total: 3 (25%)
[cartographer_node-1] [0.654390, 0.676554)	                  ##	Count: 1 (8.33333%)	Total: 4 (33.3333%)
[cartographer_node-1] [0.676554, 0.698719)	                  ##	Count: 1 (8.33333%)	Total: 5 (41.6667%)
[cartographer_node-1] [0.698719, 0.720883)	                    	Count: 0 (0%)	Total: 5 (41.6667%)
[cartographer_node-1] [0.720883, 0.743047)	               #####	Count: 3 (25%)	Total: 8 (66.6667%)
[cartographer_node-1] [0.743047, 0.765211)	                  ##	Count: 1 (8.33333%)	Total: 9 (75%)
[cartographer_node-1] [0.765211, 0.787376)	                  ##	Count: 1 (8.33333%)	Total: 10 (83.3333%)
[cartographer_node-1] [0.787376, 0.809540)	                    	Count: 0 (0%)	Total: 10 (83.3333%)
[cartographer_node-1] [0.809540, 0.831704]	                 ###	Count: 2 (16.6667%)	Total: 12 (100%)
[cartographer_node-1] [INFO] [1778669138.472320070] [cartographer logger]: I0513 19:45:38.000000 50708 pose_graph_2d.cc:538] Remaining work items in queue: 1
[cartographer_node-1] [INFO] [1778669138.472351314] [cartographer logger]: I0513 19:45:38.000000 50708 constraint_builder_2d.cc:290] 0 computations resulted in 0 additional constraints.
[cartographer_node-1] [INFO] [1778669138.472393408] [cartographer logger]: I0513 19:45:38.000000 50708 constraint_builder_2d.cc:292] Score histogram:
[cartographer_node-1] Count: 12  Min: 0.610061  Max: 0.831704  Mean: 0.714823
[cartographer_node-1] [0.610061, 0.632226)	                 ###	Count: 2 (16.6667%)	Total: 2 (16.6667%)
[cartographer_node-1] [0.632226, 0.654390)	                  ##	Count: 1 (8.33333%)	Total: 3 (25%)
[cartographer_node-1] [0.654390, 0.676554)	                  ##	Count: 1 (8.33333%)	Total: 4 (33.3333%)
[cartographer_node-1] [0.676554, 0.698719)	                  ##	Count: 1 (8.33333%)	Total: 5 (41.6667%)
[cartographer_node-1] [0.698719, 0.720883)	                    	Count: 0 (0%)	Total: 5 (41.6667%)
[cartographer_node-1] [0.720883, 0.743047)	               #####	Count: 3 (25%)	Total: 8 (66.6667%)
[cartographer_node-1] [0.743047, 0.765211)	                  ##	Count: 1 (8.33333%)	Total: 9 (75%)
[cartographer_node-1] [0.765211, 0.787376)	                  ##	Count: 1 (8.33333%)	Total: 10 (83.3333%)
[cartographer_node-1] [0.787376, 0.809540)	                    	Count: 0 (0%)	Total: 10 (83.3333%)
[cartographer_node-1] [0.809540, 0.831704]	                 ###	Count: 2 (16.6667%)	Total: 12 (100%)
[cartographer_node-1] [INFO] [1778669138.539124811] [cartographer logger]: I0513 19:45:38.000000 50711 pose_graph_2d.cc:538] Remaining work items in queue: 1
[cartographer_node-1] [INFO] [1778669138.539152487] [cartographer logger]: I0513 19:45:38.000000 50711 constraint_builder_2d.cc:290] 0 computations resulted in 0 additional constraints.
[cartographer_node-1] [INFO] [1778669138.539299119] [cartographer logger]: I0513 19:45:38.000000 50711 constraint_builder_2d.cc:292] Score histogram:
[cartographer_node-1] Count: 12  Min: 0.610061  Max: 0.831704  Mean: 0.714823
[cartographer_node-1] [0.610061, 0.632226)	                 ###	Count: 2 (16.6667%)	Total: 2 (16.6667%)
[cartographer_node-1] [0.632226, 0.654390)	                  ##	Count: 1 (8.33333%)	Total: 3 (25%)
[cartographer_node-1] [0.654390, 0.676554)	                  ##	Count: 1 (8.33333%)	Total: 4 (33.3333%)
[cartographer_node-1] [0.676554, 0.698719)	                  ##	Count: 1 (8.33333%)	Total: 5 (41.6667%)
[cartographer_node-1] [0.698719, 0.720883)	                    	Count: 0 (0%)	Total: 5 (41.6667%)
[cartographer_node-1] [0.720883, 0.743047)	               #####	Count: 3 (25%)	Total: 8 (66.6667%)
[cartographer_node-1] [0.743047, 0.765211)	                  ##	Count: 1 (8.33333%)	Total: 9 (75%)
[cartographer_node-1] [0.765211, 0.787376)	                  ##	Count: 1 (8.33333%)	Total: 10 (83.3333%)
[cartographer_node-1] [0.787376, 0.809540)	                    	Count: 0 (0%)	Total: 10 (83.3333%)
[cartographer_node-1] [0.809540, 0.831704]	                 ###	Count: 2 (16.6667%)	Total: 12 (100%)
[cartographer_node-1] [INFO] [1778669138.627053479] [cartographer logger]: I0513 19:45:38.000000 50711 pose_graph_2d.cc:538] Remaining work items in queue: 1
[cartographer_node-1] [INFO] [1778669138.627137979] [cartographer logger]: I0513 19:45:38.000000 50711 constraint_builder_2d.cc:290] 0 computations resulted in 0 additional constraints.
[cartographer_node-1] [INFO] [1778669138.628109052] [cartographer logger]: I0513 19:45:38.000000 50711 constraint_builder_2d.cc:292] Score histogram:
[cartographer_node-1] Count: 12  Min: 0.610061  Max: 0.831704  Mean: 0.714823
[cartographer_node-1] [0.610061, 0.632226)	                 ###	Count: 2 (16.6667%)	Total: 2 (16.6667%)
[cartographer_node-1] [0.632226, 0.654390)	                  ##	Count: 1 (8.33333%)	Total: 3 (25%)
[cartographer_node-1] [0.654390, 0.676554)	                  ##	Count: 1 (8.33333%)	Total: 4 (33.3333%)
[cartographer_node-1] [0.676554, 0.698719)	                  ##	Count: 1 (8.33333%)	Total: 5 (41.6667%)
[cartographer_node-1] [0.698719, 0.720883)	                    	Count: 0 (0%)	Total: 5 (41.6667%)
[cartographer_node-1] [0.720883, 0.743047)	               #####	Count: 3 (25%)	Total: 8 (66.6667%)
[cartographer_node-1] [0.743047, 0.765211)	                  ##	Count: 1 (8.33333%)	Total: 9 (75%)
[cartographer_node-1] [0.765211, 0.787376)	                  ##	Count: 1 (8.33333%)	Total: 10 (83.3333%)
[cartographer_node-1] [0.787376, 0.809540)	                    	Count: 0 (0%)	Total: 10 (83.3333%)
[cartographer_node-1] [0.809540, 0.831704]	                 ###	Count: 2 (16.6667%)	Total: 12 (100%)
[cartographer_node-1] [INFO] [1778669138.719270328] [cartographer logger]: I0513 19:45:38.000000 50708 pose_graph_2d.cc:538] Remaining work items in queue: 0
[cartographer_node-1] [INFO] [1778669138.720645565] [cartographer logger]: I0513 19:45:38.000000 50694 pose_graph_2d.cc:148] Inserted submap (1, 3).
[cartographer_node-1] [INFO] [1778669138.776665802] [cartographer logger]: I0513 19:45:38.000000 50708 constraint_builder_2d.cc:275] Node (0, 1018) with 189 points on submap (1, 1) matches with score 69.6%.
[cartographer_node-1] [INFO] [1778669138.792553396] [cartographer logger]: I0513 19:45:38.000000 50710 constraint_builder_2d.cc:275] Node (0, 418) with 195 points on submap (1, 1) matches with score 61.4%.
[cartographer_node-1] [INFO] [1778669138.796188010] [cartographer logger]: I0513 19:45:38.000000 50709 constraint_builder_2d.cc:275] Node (0, 218) with 221 points on submap (1, 1) matches with score 80.1%.
[cartographer_node-1] [INFO] [1778669138.822385335] [cartographer logger]: I0513 19:45:38.000000 50708 constraint_builder_2d.cc:275] Node (0, 818) with 218 points on submap (1, 1) matches with score 75.2%.
[cartographer_node-1] [INFO] [1778669138.860584801] [cartographer logger]: I0513 19:45:38.000000 50711 constraint_builder_2d.cc:290] 8 computations resulted in 4 additional constraints.
[cartographer_node-1] [INFO] [1778669138.860626232] [cartographer logger]: I0513 19:45:38.000000 50711 constraint_builder_2d.cc:292] Score histogram:
[cartographer_node-1] Count: 16  Min: 0.610061  Max: 0.831704  Mean: 0.715115
[cartographer_node-1] [0.610061, 0.632226)	                ####	Count: 3 (18.75%)	Total: 3 (18.75%)
[cartographer_node-1] [0.632226, 0.654390)	                   #	Count: 1 (6.25%)	Total: 4 (25%)
[cartographer_node-1] [0.654390, 0.676554)	                   #	Count: 1 (6.25%)	Total: 5 (31.25%)
[cartographer_node-1] [0.676554, 0.698719)	                 ###	Count: 2 (12.5%)	Total: 7 (43.75%)
[cartographer_node-1] [0.698719, 0.720883)	                    	Count: 0 (0%)	Total: 7 (43.75%)
[cartographer_node-1] [0.720883, 0.743047)	                ####	Count: 3 (18.75%)	Total: 10 (62.5%)
[cartographer_node-1] [0.743047, 0.765211)	                 ###	Count: 2 (12.5%)	Total: 12 (75%)
[cartographer_node-1] [0.765211, 0.787376)	                   #	Count: 1 (6.25%)	Total: 13 (81.25%)
[cartographer_node-1] [0.787376, 0.809540)	                   #	Count: 1 (6.25%)	Total: 14 (87.5%)
[cartographer_node-1] [0.809540, 0.831704]	                 ###	Count: 2 (12.5%)	Total: 16 (100%)
[cartographer_node-1] [INFO] [1778669138.877266440] [cartographer logger]: I0513 19:45:38.000000 50711 pose_graph_2d.cc:538] Remaining work items in queue: 13
[cartographer_node-1] [INFO] [1778669138.910859744] [cartographer logger]: I0513 19:45:38.000000 50710 constraint_builder_2d.cc:275] Node (1, 271) with 199 points on submap (0, 6) matches with score 63.6%.
[cartographer_node-1] [INFO] [1778669138.910910172] [cartographer logger]: I0513 19:45:38.000000 50710 constraint_builder_2d.cc:290] 1 computations resulted in 1 additional constraints.
[cartographer_node-1] [INFO] [1778669138.910936492] [cartographer logger]: I0513 19:45:38.000000 50710 constraint_builder_2d.cc:292] Score histogram:
[cartographer_node-1] Count: 17  Min: 0.610061  Max: 0.831704  Mean: 0.710486
[cartographer_node-1] [0.610061, 0.632226)	                ####	Count: 3 (17.6471%)	Total: 3 (17.6471%)
[cartographer_node-1] [0.632226, 0.654390)	                  ##	Count: 2 (11.7647%)	Total: 5 (29.4118%)
[cartographer_node-1] [0.654390, 0.676554)	                   #	Count: 1 (5.88235%)	Total: 6 (35.2941%)
[cartographer_node-1] [0.676554, 0.698719)	                  ##	Count: 2 (11.7647%)	Total: 8 (47.0588%)
[cartographer_node-1] [0.698719, 0.720883)	                    	Count: 0 (0%)	Total: 8 (47.0588%)
[cartographer_node-1] [0.720883, 0.743047)	                ####	Count: 3 (17.6471%)	Total: 11 (64.7059%)
[cartographer_node-1] [0.743047, 0.765211)	                  ##	Count: 2 (11.7647%)	Total: 13 (76.4706%)
[cartographer_node-1] [0.765211, 0.787376)	                   #	Count: 1 (5.88235%)	Total: 14 (82.3529%)
[cartographer_node-1] [0.787376, 0.809540)	                   #	Count: 1 (5.88235%)	Total: 15 (88.2353%)
[cartographer_node-1] [0.809540, 0.831704]	                  ##	Count: 2 (11.7647%)	Total: 17 (100%)
[cartographer_node-1] [INFO] [1778669138.927056016] [cartographer logger]: I0513 19:45:38.000000 50710 pose_graph_2d.cc:538] Remaining work items in queue: 8
[cartographer_node-1] [INFO] [1778669138.927102145] [cartographer logger]: I0513 19:45:38.000000 50710 constraint_builder_2d.cc:290] 0 computations resulted in 0 additional constraints.
[cartographer_node-1] [INFO] [1778669138.927193270] [cartographer logger]: I0513 19:45:38.000000 50710 constraint_builder_2d.cc:292] Score histogram:
[cartographer_node-1] Count: 17  Min: 0.610061  Max: 0.831704  Mean: 0.710486
[cartographer_node-1] [0.610061, 0.632226)	                ####	Count: 3 (17.6471%)	Total: 3 (17.6471%)
[cartographer_node-1] [0.632226, 0.654390)	                  ##	Count: 2 (11.7647%)	Total: 5 (29.4118%)
[cartographer_node-1] [0.654390, 0.676554)	                   #	Count: 1 (5.88235%)	Total: 6 (35.2941%)
[cartographer_node-1] [0.676554, 0.698719)	                  ##	Count: 2 (11.7647%)	Total: 8 (47.0588%)
[cartographer_node-1] [0.698719, 0.720883)	                    	Count: 0 (0%)	Total: 8 (47.0588%)
[cartographer_node-1] [0.720883, 0.743047)	                ####	Count: 3 (17.6471%)	Total: 11 (64.7059%)
[cartographer_node-1] [0.743047, 0.765211)	                  ##	Count: 2 (11.7647%)	Total: 13 (76.4706%)
[cartographer_node-1] [0.765211, 0.787376)	                   #	Count: 1 (5.88235%)	Total: 14 (82.3529%)
[cartographer_node-1] [0.787376, 0.809540)	                   #	Count: 1 (5.88235%)	Total: 15 (88.2353%)
[cartographer_node-1] [0.809540, 0.831704]	                  ##	Count: 2 (11.7647%)	Total: 17 (100%)
[cartographer_node-1] [INFO] [1778669138.936160564] [cartographer logger]: I0513 19:45:38.000000 50708 pose_graph_2d.cc:538] Remaining work items in queue: 2
[cartographer_node-1] [INFO] [1778669138.936203845] [cartographer logger]: I0513 19:45:38.000000 50708 constraint_builder_2d.cc:290] 0 computations resulted in 0 additional constraints.
[cartographer_node-1] [INFO] [1778669138.936233990] [cartographer logger]: I0513 19:45:38.000000 50708 constraint_builder_2d.cc:292] Score histogram:
[cartographer_node-1] Count: 17  Min: 0.610061  Max: 0.831704  Mean: 0.710486
[cartographer_node-1] [0.610061, 0.632226)	                ####	Count: 3 (17.6471%)	Total: 3 (17.6471%)
[cartographer_node-1] [0.632226, 0.654390)	                  ##	Count: 2 (11.7647%)	Total: 5 (29.4118%)
[cartographer_node-1] [0.654390, 0.676554)	                   #	Count: 1 (5.88235%)	Total: 6 (35.2941%)
[cartographer_node-1] [0.676554, 0.698719)	                  ##	Count: 2 (11.7647%)	Total: 8 (47.0588%)
[cartographer_node-1] [0.698719, 0.720883)	                    	Count: 0 (0%)	Total: 8 (47.0588%)
[cartographer_node-1] [0.720883, 0.743047)	                ####	Count: 3 (17.6471%)	Total: 11 (64.7059%)
[cartographer_node-1] [0.743047, 0.765211)	                  ##	Count: 2 (11.7647%)	Total: 13 (76.4706%)
[cartographer_node-1] [0.765211, 0.787376)	                   #	Count: 1 (5.88235%)	Total: 14 (82.3529%)
[cartographer_node-1] [0.787376, 0.809540)	                   #	Count: 1 (5.88235%)	Total: 15 (88.2353%)
[cartographer_node-1] [0.809540, 0.831704]	                  ##	Count: 2 (11.7647%)	Total: 17 (100%)
[cartographer_node-1] [INFO] [1778669138.972988725] [cartographer logger]: I0513 19:45:38.000000 50709 pose_graph_2d.cc:538] Remaining work items in queue: 1
[cartographer_node-1] [INFO] [1778669138.973028747] [cartographer logger]: I0513 19:45:38.000000 50709 constraint_builder_2d.cc:290] 0 computations resulted in 0 additional constraints.
[cartographer_node-1] [INFO] [1778669138.973079574] [cartographer logger]: I0513 19:45:38.000000 50709 constraint_builder_2d.cc:292] Score histogram:
[cartographer_node-1] Count: 17  Min: 0.610061  Max: 0.831704  Mean: 0.710486
[cartographer_node-1] [0.610061, 0.632226)	                ####	Count: 3 (17.6471%)	Total: 3 (17.6471%)
[cartographer_node-1] [0.632226, 0.654390)	                  ##	Count: 2 (11.7647%)	Total: 5 (29.4118%)
[cartographer_node-1] [0.654390, 0.676554)	                   #	Count: 1 (5.88235%)	Total: 6 (35.2941%)
[cartographer_node-1] [0.676554, 0.698719)	                  ##	Count: 2 (11.7647%)	Total: 8 (47.0588%)
[cartographer_node-1] [0.698719, 0.720883)	                    	Count: 0 (0%)	Total: 8 (47.0588%)
[cartographer_node-1] [0.720883, 0.743047)	                ####	Count: 3 (17.6471%)	Total: 11 (64.7059%)
[cartographer_node-1] [0.743047, 0.765211)	                  ##	Count: 2 (11.7647%)	Total: 13 (76.4706%)
[cartographer_node-1] [0.765211, 0.787376)	                   #	Count: 1 (5.88235%)	Total: 14 (82.3529%)
[cartographer_node-1] [0.787376, 0.809540)	                   #	Count: 1 (5.88235%)	Total: 15 (88.2353%)
[cartographer_node-1] [0.809540, 0.831704]	                  ##	Count: 2 (11.7647%)	Total: 17 (100%)
[cartographer_node-1] [INFO] [1778669139.012244679] [cartographer logger]: I0513 19:45:39.000000 50711 pose_graph_2d.cc:538] Remaining work items in queue: 1
[cartographer_node-1] [INFO] [1778669139.012292377] [cartographer logger]: I0513 19:45:39.000000 50711 constraint_builder_2d.cc:290] 0 computations resulted in 0 additional constraints.
[cartographer_node-1] [INFO] [1778669139.012492991] [cartographer logger]: I0513 19:45:39.000000 50711 constraint_builder_2d.cc:292] Score histogram:
[cartographer_node-1] Count: 17  Min: 0.610061  Max: 0.831704  Mean: 0.710486
[cartographer_node-1] [0.610061, 0.632226)	                ####	Count: 3 (17.6471%)	Total: 3 (17.6471%)
[cartographer_node-1] [0.632226, 0.654390)	                  ##	Count: 2 (11.7647%)	Total: 5 (29.4118%)
[cartographer_node-1] [0.654390, 0.676554)	                   #	Count: 1 (5.88235%)	Total: 6 (35.2941%)
[cartographer_node-1] [0.676554, 0.698719)	                  ##	Count: 2 (11.7647%)	Total: 8 (47.0588%)
[cartographer_node-1] [0.698719, 0.720883)	                    	Count: 0 (0%)	Total: 8 (47.0588%)
[cartographer_node-1] [0.720883, 0.743047)	                ####	Count: 3 (17.6471%)	Total: 11 (64.7059%)
[cartographer_node-1] [0.743047, 0.765211)	                  ##	Count: 2 (11.7647%)	Total: 13 (76.4706%)
[cartographer_node-1] [0.765211, 0.787376)	                   #	Count: 1 (5.88235%)	Total: 14 (82.3529%)
[cartographer_node-1] [0.787376, 0.809540)	                   #	Count: 1 (5.88235%)	Total: 15 (88.2353%)
[cartographer_node-1] [0.809540, 0.831704]	                  ##	Count: 2 (11.7647%)	Total: 17 (100%)
[cartographer_node-1] [INFO] [1778669139.119521160] [cartographer logger]: I0513 19:45:39.000000 50709 pose_graph_2d.cc:538] Remaining work items in queue: 1
[cartographer_node-1] [INFO] [1778669139.126208632] [cartographer logger]: I0513 19:45:39.000000 50711 constraint_builder_2d.cc:290] 1 computations resulted in 0 additional constraints.
[cartographer_node-1] [INFO] [1778669139.126239560] [cartographer logger]: I0513 19:45:39.000000 50711 constraint_builder_2d.cc:292] Score histogram:
[cartographer_node-1] Count: 17  Min: 0.610061  Max: 0.831704  Mean: 0.710486
[cartographer_node-1] [0.610061, 0.632226)	                ####	Count: 3 (17.6471%)	Total: 3 (17.6471%)
[cartographer_node-1] [0.632226, 0.654390)	                  ##	Count: 2 (11.7647%)	Total: 5 (29.4118%)
[cartographer_node-1] [0.654390, 0.676554)	                   #	Count: 1 (5.88235%)	Total: 6 (35.2941%)
[cartographer_node-1] [0.676554, 0.698719)	                  ##	Count: 2 (11.7647%)	Total: 8 (47.0588%)
[cartographer_node-1] [0.698719, 0.720883)	                    	Count: 0 (0%)	Total: 8 (47.0588%)
[cartographer_node-1] [0.720883, 0.743047)	                ####	Count: 3 (17.6471%)	Total: 11 (64.7059%)
[cartographer_node-1] [0.743047, 0.765211)	                  ##	Count: 2 (11.7647%)	Total: 13 (76.4706%)
[cartographer_node-1] [0.765211, 0.787376)	                   #	Count: 1 (5.88235%)	Total: 14 (82.3529%)
[cartographer_node-1] [0.787376, 0.809540)	                   #	Count: 1 (5.88235%)	Total: 15 (88.2353%)
[cartographer_node-1] [0.809540, 0.831704]	                  ##	Count: 2 (11.7647%)	Total: 17 (100%)
[cartographer_node-1] [INFO] [1778669139.220279312] [cartographer logger]: I0513 19:45:39.000000 50708 pose_graph_2d.cc:538] Remaining work items in queue: 1
[cartographer_node-1] [INFO] [1778669139.220363914] [cartographer logger]: I0513 19:45:39.000000 50708 constraint_builder_2d.cc:290] 0 computations resulted in 0 additional constraints.
[cartographer_node-1] [INFO] [1778669139.221157412] [cartographer logger]: I0513 19:45:39.000000 50708 constraint_builder_2d.cc:292] Score histogram:
[cartographer_node-1] Count: 17  Min: 0.610061  Max: 0.831704  Mean: 0.710486
[cartographer_node-1] [0.610061, 0.632226)	                ####	Count: 3 (17.6471%)	Total: 3 (17.6471%)
[cartographer_node-1] [0.632226, 0.654390)	                  ##	Count: 2 (11.7647%)	Total: 5 (29.4118%)
[cartographer_node-1] [0.654390, 0.676554)	                   #	Count: 1 (5.88235%)	Total: 6 (35.2941%)
[cartographer_node-1] [0.676554, 0.698719)	                  ##	Count: 2 (11.7647%)	Total: 8 (47.0588%)
[cartographer_node-1] [0.698719, 0.720883)	                    	Count: 0 (0%)	Total: 8 (47.0588%)
[cartographer_node-1] [0.720883, 0.743047)	                ####	Count: 3 (17.6471%)	Total: 11 (64.7059%)
[cartographer_node-1] [0.743047, 0.765211)	                  ##	Count: 2 (11.7647%)	Total: 13 (76.4706%)
[cartographer_node-1] [0.765211, 0.787376)	                   #	Count: 1 (5.88235%)	Total: 14 (82.3529%)
[cartographer_node-1] [0.787376, 0.809540)	                   #	Count: 1 (5.88235%)	Total: 15 (88.2353%)
[cartographer_node-1] [0.809540, 0.831704]	                  ##	Count: 2 (11.7647%)	Total: 17 (100%)
[cartographer_node-1] [INFO] [1778669139.320311833] [cartographer logger]: I0513 19:45:39.000000 50711 pose_graph_2d.cc:538] Remaining work items in queue: 1
[cartographer_node-1] [INFO] [1778669139.320455396] [cartographer logger]: I0513 19:45:39.000000 50711 constraint_builder_2d.cc:290] 0 computations resulted in 0 additional constraints.
[cartographer_node-1] [INFO] [1778669139.320528882] [cartographer logger]: I0513 19:45:39.000000 50711 constraint_builder_2d.cc:292] Score histogram:
[cartographer_node-1] Count: 17  Min: 0.610061  Max: 0.831704  Mean: 0.710486
[cartographer_node-1] [0.610061, 0.632226)	                ####	Count: 3 (17.6471%)	Total: 3 (17.6471%)
[cartographer_node-1] [0.632226, 0.654390)	                  ##	Count: 2 (11.7647%)	Total: 5 (29.4118%)
[cartographer_node-1] [0.654390, 0.676554)	                   #	Count: 1 (5.88235%)	Total: 6 (35.2941%)
[cartographer_node-1] [0.676554, 0.698719)	                  ##	Count: 2 (11.7647%)	Total: 8 (47.0588%)
[cartographer_node-1] [0.698719, 0.720883)	                    	Count: 0 (0%)	Total: 8 (47.0588%)
[cartographer_node-1] [0.720883, 0.743047)	                ####	Count: 3 (17.6471%)	Total: 11 (64.7059%)
[cartographer_node-1] [0.743047, 0.765211)	                  ##	Count: 2 (11.7647%)	Total: 13 (76.4706%)
[cartographer_node-1] [0.765211, 0.787376)	                   #	Count: 1 (5.88235%)	Total: 14 (82.3529%)
[cartographer_node-1] [0.787376, 0.809540)	                   #	Count: 1 (5.88235%)	Total: 15 (88.2353%)
[cartographer_node-1] [0.809540, 0.831704]	                  ##	Count: 2 (11.7647%)	Total: 17 (100%)
[cartographer_node-1] [INFO] [1778669139.380531753] [cartographer logger]: I0513 19:45:39.000000 50710 pose_graph_2d.cc:538] Remaining work items in queue: 1
[cartographer_node-1] [INFO] [1778669139.380615886] [cartographer logger]: I0513 19:45:39.000000 50710 constraint_builder_2d.cc:290] 0 computations resulted in 0 additional constraints.
[cartographer_node-1] [INFO] [1778669139.380747523] [cartographer logger]: I0513 19:45:39.000000 50710 constraint_builder_2d.cc:292] Score histogram:
[cartographer_node-1] Count: 17  Min: 0.610061  Max: 0.831704  Mean: 0.710486
[cartographer_node-1] [0.610061, 0.632226)	                ####	Count: 3 (17.6471%)	Total: 3 (17.6471%)
[cartographer_node-1] [0.632226, 0.654390)	                  ##	Count: 2 (11.7647%)	Total: 5 (29.4118%)
[cartographer_node-1] [0.654390, 0.676554)	                   #	Count: 1 (5.88235%)	Total: 6 (35.2941%)
[cartographer_node-1] [0.676554, 0.698719)	                  ##	Count: 2 (11.7647%)	Total: 8 (47.0588%)
[cartographer_node-1] [0.698719, 0.720883)	                    	Count: 0 (0%)	Total: 8 (47.0588%)
[cartographer_node-1] [0.720883, 0.743047)	                ####	Count: 3 (17.6471%)	Total: 11 (64.7059%)
[cartographer_node-1] [0.743047, 0.765211)	                  ##	Count: 2 (11.7647%)	Total: 13 (76.4706%)
[cartographer_node-1] [0.765211, 0.787376)	                   #	Count: 1 (5.88235%)	Total: 14 (82.3529%)
[cartographer_node-1] [0.787376, 0.809540)	                   #	Count: 1 (5.88235%)	Total: 15 (88.2353%)
[cartographer_node-1] [0.809540, 0.831704]	                  ##	Count: 2 (11.7647%)	Total: 17 (100%)
[cartographer_node-1] [INFO] [1778669139.436414523] [cartographer logger]: I0513 19:45:39.000000 50708 pose_graph_2d.cc:538] Remaining work items in queue: 1
[cartographer_node-1] [INFO] [1778669139.436476492] [cartographer logger]: I0513 19:45:39.000000 50708 constraint_builder_2d.cc:290] 0 computations resulted in 0 additional constraints.
[cartographer_node-1] [INFO] [1778669139.436595525] [cartographer logger]: I0513 19:45:39.000000 50708 constraint_builder_2d.cc:292] Score histogram:
[cartographer_node-1] Count: 17  Min: 0.610061  Max: 0.831704  Mean: 0.710486
[cartographer_node-1] [0.610061, 0.632226)	                ####	Count: 3 (17.6471%)	Total: 3 (17.6471%)
[cartographer_node-1] [0.632226, 0.654390)	                  ##	Count: 2 (11.7647%)	Total: 5 (29.4118%)
[cartographer_node-1] [0.654390, 0.676554)	                   #	Count: 1 (5.88235%)	Total: 6 (35.2941%)
[cartographer_node-1] [0.676554, 0.698719)	                  ##	Count: 2 (11.7647%)	Total: 8 (47.0588%)
[cartographer_node-1] [0.698719, 0.720883)	                    	Count: 0 (0%)	Total: 8 (47.0588%)
[cartographer_node-1] [0.720883, 0.743047)	                ####	Count: 3 (17.6471%)	Total: 11 (64.7059%)
[cartographer_node-1] [0.743047, 0.765211)	                  ##	Count: 2 (11.7647%)	Total: 13 (76.4706%)
[cartographer_node-1] [0.765211, 0.787376)	                   #	Count: 1 (5.88235%)	Total: 14 (82.3529%)
[cartographer_node-1] [0.787376, 0.809540)	                   #	Count: 1 (5.88235%)	Total: 15 (88.2353%)
[cartographer_node-1] [0.809540, 0.831704]	                  ##	Count: 2 (11.7647%)	Total: 17 (100%)
[cartographer_node-1] [INFO] [1778669139.538475366] [cartographer logger]: I0513 19:45:39.000000 50708 pose_graph_2d.cc:538] Remaining work items in queue: 2
[cartographer_node-1] [INFO] [1778669139.554722615] [cartographer logger]: I0513 19:45:39.000000 50710 constraint_builder_2d.cc:275] Node (1, 300) with 203 points on submap (0, 0) matches with score 60.0%.
[cartographer_node-1] [INFO] [1778669139.554781399] [cartographer logger]: I0513 19:45:39.000000 50710 constraint_builder_2d.cc:290] 1 computations resulted in 1 additional constraints.
[cartographer_node-1] [INFO] [1778669139.554805926] [cartographer logger]: I0513 19:45:39.000000 50710 constraint_builder_2d.cc:292] Score histogram:
[cartographer_node-1] Count: 18  Min: 0.600323  Max: 0.831704  Mean: 0.704366
[cartographer_node-1] [0.600323, 0.623461)	                ####	Count: 4 (22.2222%)	Total: 4 (22.2222%)
[cartographer_node-1] [0.623461, 0.646599)	                   #	Count: 1 (5.55556%)	Total: 5 (27.7778%)
[cartographer_node-1] [0.646599, 0.669737)	                  ##	Count: 2 (11.1111%)	Total: 7 (38.8889%)
[cartographer_node-1] [0.669737, 0.692875)	                   #	Count: 1 (5.55556%)	Total: 8 (44.4444%)
[cartographer_node-1] [0.692875, 0.716013)	                   #	Count: 1 (5.55556%)	Total: 9 (50%)
[cartographer_node-1] [0.716013, 0.739152)	                 ###	Count: 3 (16.6667%)	Total: 12 (66.6667%)
[cartographer_node-1] [0.739152, 0.762290)	                  ##	Count: 2 (11.1111%)	Total: 14 (77.7778%)
[cartographer_node-1] [0.762290, 0.785428)	                   #	Count: 1 (5.55556%)	Total: 15 (83.3333%)
[cartographer_node-1] [0.785428, 0.808566)	                   #	Count: 1 (5.55556%)	Total: 16 (88.8889%)
[cartographer_node-1] [0.808566, 0.831704]	                  ##	Count: 2 (11.1111%)	Total: 18 (100%)
[cartographer_node-1] [INFO] [1778669139.617877336] [cartographer logger]: I0513 19:45:39.000000 50711 pose_graph_2d.cc:538] Remaining work items in queue: 1
[cartographer_node-1] [INFO] [1778669139.617940934] [cartographer logger]: I0513 19:45:39.000000 50711 constraint_builder_2d.cc:290] 0 computations resulted in 0 additional constraints.
[cartographer_node-1] [INFO] [1778669139.618068480] [cartographer logger]: I0513 19:45:39.000000 50711 constraint_builder_2d.cc:292] Score histogram:
[cartographer_node-1] Count: 18  Min: 0.600323  Max: 0.831704  Mean: 0.704366
[cartographer_node-1] [0.600323, 0.623461)	                ####	Count: 4 (22.2222%)	Total: 4 (22.2222%)
[cartographer_node-1] [0.623461, 0.646599)	                   #	Count: 1 (5.55556%)	Total: 5 (27.7778%)
[cartographer_node-1] [0.646599, 0.669737)	                  ##	Count: 2 (11.1111%)	Total: 7 (38.8889%)
[cartographer_node-1] [0.669737, 0.692875)	                   #	Count: 1 (5.55556%)	Total: 8 (44.4444%)
[cartographer_node-1] [0.692875, 0.716013)	                   #	Count: 1 (5.55556%)	Total: 9 (50%)
[cartographer_node-1] [0.716013, 0.739152)	                 ###	Count: 3 (16.6667%)	Total: 12 (66.6667%)
[cartographer_node-1] [0.739152, 0.762290)	                  ##	Count: 2 (11.1111%)	Total: 14 (77.7778%)
[cartographer_node-1] [0.762290, 0.785428)	                   #	Count: 1 (5.55556%)	Total: 15 (83.3333%)
[cartographer_node-1] [0.785428, 0.808566)	                   #	Count: 1 (5.55556%)	Total: 16 (88.8889%)
[cartographer_node-1] [0.808566, 0.831704]	                  ##	Count: 2 (11.1111%)	Total: 18 (100%)
[cartographer_node-1] [INFO] [1778669139.656213736] [cartographer logger]: I0513 19:45:39.000000 50710 pose_graph_2d.cc:538] Remaining work items in queue: 1
[cartographer_node-1] [INFO] [1778669139.656240091] [cartographer logger]: I0513 19:45:39.000000 50710 constraint_builder_2d.cc:290] 0 computations resulted in 0 additional constraints.
[cartographer_node-1] [INFO] [1778669139.656391945] [cartographer logger]: I0513 19:45:39.000000 50710 constraint_builder_2d.cc:292] Score histogram:
[cartographer_node-1] Count: 18  Min: 0.600323  Max: 0.831704  Mean: 0.704366
[cartographer_node-1] [0.600323, 0.623461)	                ####	Count: 4 (22.2222%)	Total: 4 (22.2222%)
[cartographer_node-1] [0.623461, 0.646599)	                   #	Count: 1 (5.55556%)	Total: 5 (27.7778%)
[cartographer_node-1] [0.646599, 0.669737)	                  ##	Count: 2 (11.1111%)	Total: 7 (38.8889%)
[cartographer_node-1] [0.669737, 0.692875)	                   #	Count: 1 (5.55556%)	Total: 8 (44.4444%)
[cartographer_node-1] [0.692875, 0.716013)	                   #	Count: 1 (5.55556%)	Total: 9 (50%)
[cartographer_node-1] [0.716013, 0.739152)	                 ###	Count: 3 (16.6667%)	Total: 12 (66.6667%)
[cartographer_node-1] [0.739152, 0.762290)	                  ##	Count: 2 (11.1111%)	Total: 14 (77.7778%)
[cartographer_node-1] [0.762290, 0.785428)	                   #	Count: 1 (5.55556%)	Total: 15 (83.3333%)
[cartographer_node-1] [0.785428, 0.808566)	                   #	Count: 1 (5.55556%)	Total: 16 (88.8889%)
[cartographer_node-1] [0.808566, 0.831704]	                  ##	Count: 2 (11.1111%)	Total: 18 (100%)
[cartographer_node-1] [INFO] [1778669139.735701915] [cartographer logger]: I0513 19:45:39.000000 50708 pose_graph_2d.cc:538] Remaining work items in queue: 1
[cartographer_node-1] [INFO] [1778669139.735737272] [cartographer logger]: I0513 19:45:39.000000 50708 constraint_builder_2d.cc:290] 0 computations resulted in 0 additional constraints.
[cartographer_node-1] [INFO] [1778669139.735934311] [cartographer logger]: I0513 19:45:39.000000 50708 constraint_builder_2d.cc:292] Score histogram:
[cartographer_node-1] Count: 18  Min: 0.600323  Max: 0.831704  Mean: 0.704366
[cartographer_node-1] [0.600323, 0.623461)	                ####	Count: 4 (22.2222%)	Total: 4 (22.2222%)
[cartographer_node-1] [0.623461, 0.646599)	                   #	Count: 1 (5.55556%)	Total: 5 (27.7778%)
[cartographer_node-1] [0.646599, 0.669737)	                  ##	Count: 2 (11.1111%)	Total: 7 (38.8889%)
[cartographer_node-1] [0.669737, 0.692875)	                   #	Count: 1 (5.55556%)	Total: 8 (44.4444%)
[cartographer_node-1] [0.692875, 0.716013)	                   #	Count: 1 (5.55556%)	Total: 9 (50%)
[cartographer_node-1] [0.716013, 0.739152)	                 ###	Count: 3 (16.6667%)	Total: 12 (66.6667%)
[cartographer_node-1] [0.739152, 0.762290)	                  ##	Count: 2 (11.1111%)	Total: 14 (77.7778%)
[cartographer_node-1] [0.762290, 0.785428)	                   #	Count: 1 (5.55556%)	Total: 15 (83.3333%)
[cartographer_node-1] [0.785428, 0.808566)	                   #	Count: 1 (5.55556%)	Total: 16 (88.8889%)
[cartographer_node-1] [0.808566, 0.831704]	                  ##	Count: 2 (11.1111%)	Total: 18 (100%)
[cartographer_node-1] [INFO] [1778669139.836579756] [cartographer logger]: I0513 19:45:39.000000 50709 pose_graph_2d.cc:538] Remaining work items in queue: 1
[cartographer_node-1] [INFO] [1778669139.892490976] [cartographer logger]: I0513 19:45:39.000000 50711 constraint_builder_2d.cc:290] 1 computations resulted in 0 additional constraints.
[cartographer_node-1] [INFO] [1778669139.892520836] [cartographer logger]: I0513 19:45:39.000000 50711 constraint_builder_2d.cc:292] Score histogram:
[cartographer_node-1] Count: 18  Min: 0.600323  Max: 0.831704  Mean: 0.704366
[cartographer_node-1] [0.600323, 0.623461)	                ####	Count: 4 (22.2222%)	Total: 4 (22.2222%)
[cartographer_node-1] [0.623461, 0.646599)	                   #	Count: 1 (5.55556%)	Total: 5 (27.7778%)
[cartographer_node-1] [0.646599, 0.669737)	                  ##	Count: 2 (11.1111%)	Total: 7 (38.8889%)
[cartographer_node-1] [0.669737, 0.692875)	                   #	Count: 1 (5.55556%)	Total: 8 (44.4444%)
[cartographer_node-1] [0.692875, 0.716013)	                   #	Count: 1 (5.55556%)	Total: 9 (50%)
[cartographer_node-1] [0.716013, 0.739152)	                 ###	Count: 3 (16.6667%)	Total: 12 (66.6667%)
[cartographer_node-1] [0.739152, 0.762290)	                  ##	Count: 2 (11.1111%)	Total: 14 (77.7778%)
[cartographer_node-1] [0.762290, 0.785428)	                   #	Count: 1 (5.55556%)	Total: 15 (83.3333%)
[cartographer_node-1] [0.785428, 0.808566)	                   #	Count: 1 (5.55556%)	Total: 16 (88.8889%)
[cartographer_node-1] [0.808566, 0.831704]	                  ##	Count: 2 (11.1111%)	Total: 18 (100%)
[cartographer_node-1] [INFO] [1778669139.919838622] [cartographer logger]: I0513 19:45:39.000000 50694 motion_filter.cc:42] Motion filter reduced the number of nodes to 63.4%.
[cartographer_node-1] [INFO] [1778669139.921128018] [cartographer logger]: I0513 19:45:39.000000 50708 pose_graph_2d.cc:538] Remaining work items in queue: 1
[cartographer_node-1] [INFO] [1778669139.921154687] [cartographer logger]: I0513 19:45:39.000000 50708 constraint_builder_2d.cc:290] 0 computations resulted in 0 additional constraints.
[cartographer_node-1] [INFO] [1778669139.921364128] [cartographer logger]: I0513 19:45:39.000000 50708 constraint_builder_2d.cc:292] Score histogram:
[cartographer_node-1] Count: 18  Min: 0.600323  Max: 0.831704  Mean: 0.704366
[cartographer_node-1] [0.600323, 0.623461)	                ####	Count: 4 (22.2222%)	Total: 4 (22.2222%)
[cartographer_node-1] [0.623461, 0.646599)	                   #	Count: 1 (5.55556%)	Total: 5 (27.7778%)
[cartographer_node-1] [0.646599, 0.669737)	                  ##	Count: 2 (11.1111%)	Total: 7 (38.8889%)
[cartographer_node-1] [0.669737, 0.692875)	                   #	Count: 1 (5.55556%)	Total: 8 (44.4444%)
[cartographer_node-1] [0.692875, 0.716013)	                   #	Count: 1 (5.55556%)	Total: 9 (50%)
[cartographer_node-1] [0.716013, 0.739152)	                 ###	Count: 3 (16.6667%)	Total: 12 (66.6667%)
[cartographer_node-1] [0.739152, 0.762290)	                  ##	Count: 2 (11.1111%)	Total: 14 (77.7778%)
[cartographer_node-1] [0.762290, 0.785428)	                   #	Count: 1 (5.55556%)	Total: 15 (83.3333%)
[cartographer_node-1] [0.785428, 0.808566)	                   #	Count: 1 (5.55556%)	Total: 16 (88.8889%)
[cartographer_node-1] [0.808566, 0.831704]	                  ##	Count: 2 (11.1111%)	Total: 18 (100%)
[cartographer_node-1] [INFO] [1778669139.970436252] [cartographer logger]: I0513 19:45:39.000000 50708 pose_graph_2d.cc:538] Remaining work items in queue: 1
[cartographer_node-1] [INFO] [1778669139.970534534] [cartographer logger]: I0513 19:45:39.000000 50708 constraint_builder_2d.cc:290] 0 computations resulted in 0 additional constraints.
[cartographer_node-1] [INFO] [1778669139.971582788] [cartographer logger]: I0513 19:45:39.000000 50708 constraint_builder_2d.cc:292] Score histogram:
[cartographer_node-1] Count: 18  Min: 0.600323  Max: 0.831704  Mean: 0.704366
[cartographer_node-1] [0.600323, 0.623461)	                ####	Count: 4 (22.2222%)	Total: 4 (22.2222%)
[cartographer_node-1] [0.623461, 0.646599)	                   #	Count: 1 (5.55556%)	Total: 5 (27.7778%)
[cartographer_node-1] [0.646599, 0.669737)	                  ##	Count: 2 (11.1111%)	Total: 7 (38.8889%)
[cartographer_node-1] [0.669737, 0.692875)	                   #	Count: 1 (5.55556%)	Total: 8 (44.4444%)
[cartographer_node-1] [0.692875, 0.716013)	                   #	Count: 1 (5.55556%)	Total: 9 (50%)
[cartographer_node-1] [0.716013, 0.739152)	                 ###	Count: 3 (16.6667%)	Total: 12 (66.6667%)
[cartographer_node-1] [0.739152, 0.762290)	                  ##	Count: 2 (11.1111%)	Total: 14 (77.7778%)
[cartographer_node-1] [0.762290, 0.785428)	                   #	Count: 1 (5.55556%)	Total: 15 (83.3333%)
[cartographer_node-1] [0.785428, 0.808566)	                   #	Count: 1 (5.55556%)	Total: 16 (88.8889%)
[cartographer_node-1] [0.808566, 0.831704]	                  ##	Count: 2 (11.1111%)	Total: 18 (100%)
[cartographer_node-1] [INFO] [1778669140.041387692] [cartographer logger]: I0513 19:45:40.000000 50710 pose_graph_2d.cc:538] Remaining work items in queue: 1
[cartographer_node-1] [INFO] [1778669140.041422043] [cartographer logger]: I0513 19:45:40.000000 50710 constraint_builder_2d.cc:290] 0 computations resulted in 0 additional constraints.
[cartographer_node-1] [INFO] [1778669140.041537773] [cartographer logger]: I0513 19:45:40.000000 50710 constraint_builder_2d.cc:292] Score histogram:
[cartographer_node-1] Count: 18  Min: 0.600323  Max: 0.831704  Mean: 0.704366
[cartographer_node-1] [0.600323, 0.623461)	                ####	Count: 4 (22.2222%)	Total: 4 (22.2222%)
[cartographer_node-1] [0.623461, 0.646599)	                   #	Count: 1 (5.55556%)	Total: 5 (27.7778%)
[cartographer_node-1] [0.646599, 0.669737)	                  ##	Count: 2 (11.1111%)	Total: 7 (38.8889%)
[cartographer_node-1] [0.669737, 0.692875)	                   #	Count: 1 (5.55556%)	Total: 8 (44.4444%)
[cartographer_node-1] [0.692875, 0.716013)	                   #	Count: 1 (5.55556%)	Total: 9 (50%)
[cartographer_node-1] [0.716013, 0.739152)	                 ###	Count: 3 (16.6667%)	Total: 12 (66.6667%)
[cartographer_node-1] [0.739152, 0.762290)	                  ##	Count: 2 (11.1111%)	Total: 14 (77.7778%)
[cartographer_node-1] [0.762290, 0.785428)	                   #	Count: 1 (5.55556%)	Total: 15 (83.3333%)
[cartographer_node-1] [0.785428, 0.808566)	                   #	Count: 1 (5.55556%)	Total: 16 (88.8889%)
[cartographer_node-1] [0.808566, 0.831704]	                  ##	Count: 2 (11.1111%)	Total: 18 (100%)
[cartographer_node-1] [INFO] [1778669140.121123696] [cartographer logger]: I0513 19:45:40.000000 50710 pose_graph_2d.cc:538] Remaining work items in queue: 1
[cartographer_node-1] [INFO] [1778669140.121191741] [cartographer logger]: I0513 19:45:40.000000 50710 constraint_builder_2d.cc:290] 0 computations resulted in 0 additional constraints.
[cartographer_node-1] [INFO] [1778669140.121637548] [cartographer logger]: I0513 19:45:40.000000 50710 constraint_builder_2d.cc:292] Score histogram:
[cartographer_node-1] Count: 18  Min: 0.600323  Max: 0.831704  Mean: 0.704366
[cartographer_node-1] [0.600323, 0.623461)	                ####	Count: 4 (22.2222%)	Total: 4 (22.2222%)
[cartographer_node-1] [0.623461, 0.646599)	                   #	Count: 1 (5.55556%)	Total: 5 (27.7778%)
[cartographer_node-1] [0.646599, 0.669737)	                  ##	Count: 2 (11.1111%)	Total: 7 (38.8889%)
[cartographer_node-1] [0.669737, 0.692875)	                   #	Count: 1 (5.55556%)	Total: 8 (44.4444%)
[cartographer_node-1] [0.692875, 0.716013)	                   #	Count: 1 (5.55556%)	Total: 9 (50%)
[cartographer_node-1] [0.716013, 0.739152)	                 ###	Count: 3 (16.6667%)	Total: 12 (66.6667%)
[cartographer_node-1] [0.739152, 0.762290)	                  ##	Count: 2 (11.1111%)	Total: 14 (77.7778%)
[cartographer_node-1] [0.762290, 0.785428)	                   #	Count: 1 (5.55556%)	Total: 15 (83.3333%)
[cartographer_node-1] [0.785428, 0.808566)	                   #	Count: 1 (5.55556%)	Total: 16 (88.8889%)
[cartographer_node-1] [0.808566, 0.831704]	                  ##	Count: 2 (11.1111%)	Total: 18 (100%)
[cartographer_node-1] [INFO] [1778669140.212253102] [cartographer logger]: I0513 19:45:40.000000 50710 pose_graph_2d.cc:538] Remaining work items in queue: 1
[cartographer_node-1] [INFO] [1778669140.222959150] [cartographer logger]: I0513 19:45:40.000000 50709 constraint_builder_2d.cc:290] 1 computations resulted in 0 additional constraints.
[cartographer_node-1] [INFO] [1778669140.223011149] [cartographer logger]: I0513 19:45:40.000000 50709 constraint_builder_2d.cc:292] Score histogram:
[cartographer_node-1] Count: 18  Min: 0.600323  Max: 0.831704  Mean: 0.704366
[cartographer_node-1] [0.600323, 0.623461)	                ####	Count: 4 (22.2222%)	Total: 4 (22.2222%)
[cartographer_node-1] [0.623461, 0.646599)	                   #	Count: 1 (5.55556%)	Total: 5 (27.7778%)
[cartographer_node-1] [0.646599, 0.669737)	                  ##	Count: 2 (11.1111%)	Total: 7 (38.8889%)
[cartographer_node-1] [0.669737, 0.692875)	                   #	Count: 1 (5.55556%)	Total: 8 (44.4444%)
[cartographer_node-1] [0.692875, 0.716013)	                   #	Count: 1 (5.55556%)	Total: 9 (50%)
[cartographer_node-1] [0.716013, 0.739152)	                 ###	Count: 3 (16.6667%)	Total: 12 (66.6667%)
[cartographer_node-1] [0.739152, 0.762290)	                  ##	Count: 2 (11.1111%)	Total: 14 (77.7778%)
[cartographer_node-1] [0.762290, 0.785428)	                   #	Count: 1 (5.55556%)	Total: 15 (83.3333%)
[cartographer_node-1] [0.785428, 0.808566)	                   #	Count: 1 (5.55556%)	Total: 16 (88.8889%)
[cartographer_node-1] [0.808566, 0.831704]	                  ##	Count: 2 (11.1111%)	Total: 18 (100%)
[cartographer_node-1] [INFO] [1778669140.262038837] [cartographer logger]: I0513 19:45:40.000000 50711 pose_graph_2d.cc:538] Remaining work items in queue: 1
[cartographer_node-1] [INFO] [1778669140.262066185] [cartographer logger]: I0513 19:45:40.000000 50711 constraint_builder_2d.cc:290] 0 computations resulted in 0 additional constraints.
[cartographer_node-1] [INFO] [1778669140.262439698] [cartographer logger]: I0513 19:45:40.000000 50711 constraint_builder_2d.cc:292] Score histogram:
[cartographer_node-1] Count: 18  Min: 0.600323  Max: 0.831704  Mean: 0.704366
[cartographer_node-1] [0.600323, 0.623461)	                ####	Count: 4 (22.2222%)	Total: 4 (22.2222%)
[cartographer_node-1] [0.623461, 0.646599)	                   #	Count: 1 (5.55556%)	Total: 5 (27.7778%)
[cartographer_node-1] [0.646599, 0.669737)	                  ##	Count: 2 (11.1111%)	Total: 7 (38.8889%)
[cartographer_node-1] [0.669737, 0.692875)	                   #	Count: 1 (5.55556%)	Total: 8 (44.4444%)
[cartographer_node-1] [0.692875, 0.716013)	                   #	Count: 1 (5.55556%)	Total: 9 (50%)
[cartographer_node-1] [0.716013, 0.739152)	                 ###	Count: 3 (16.6667%)	Total: 12 (66.6667%)
[cartographer_node-1] [0.739152, 0.762290)	                  ##	Count: 2 (11.1111%)	Total: 14 (77.7778%)
[cartographer_node-1] [0.762290, 0.785428)	                   #	Count: 1 (5.55556%)	Total: 15 (83.3333%)
[cartographer_node-1] [0.785428, 0.808566)	                   #	Count: 1 (5.55556%)	Total: 16 (88.8889%)
[cartographer_node-1] [0.808566, 0.831704]	                  ##	Count: 2 (11.1111%)	Total: 18 (100%)
[cartographer_node-1] [INFO] [1778669140.333721444] [cartographer logger]: I0513 19:45:40.000000 50711 pose_graph_2d.cc:538] Remaining work items in queue: 1
[cartographer_node-1] [INFO] [1778669140.333756292] [cartographer logger]: I0513 19:45:40.000000 50711 constraint_builder_2d.cc:290] 0 computations resulted in 0 additional constraints.
[cartographer_node-1] [INFO] [1778669140.334225222] [cartographer logger]: I0513 19:45:40.000000 50711 constraint_builder_2d.cc:292] Score histogram:
[cartographer_node-1] Count: 18  Min: 0.600323  Max: 0.831704  Mean: 0.704366
[cartographer_node-1] [0.600323, 0.623461)	                ####	Count: 4 (22.2222%)	Total: 4 (22.2222%)
[cartographer_node-1] [0.623461, 0.646599)	                   #	Count: 1 (5.55556%)	Total: 5 (27.7778%)
[cartographer_node-1] [0.646599, 0.669737)	                  ##	Count: 2 (11.1111%)	Total: 7 (38.8889%)
[cartographer_node-1] [0.669737, 0.692875)	                   #	Count: 1 (5.55556%)	Total: 8 (44.4444%)
[cartographer_node-1] [0.692875, 0.716013)	                   #	Count: 1 (5.55556%)	Total: 9 (50%)
[cartographer_node-1] [0.716013, 0.739152)	                 ###	Count: 3 (16.6667%)	Total: 12 (66.6667%)
[cartographer_node-1] [0.739152, 0.762290)	                  ##	Count: 2 (11.1111%)	Total: 14 (77.7778%)
[cartographer_node-1] [0.762290, 0.785428)	                   #	Count: 1 (5.55556%)	Total: 15 (83.3333%)
[cartographer_node-1] [0.785428, 0.808566)	                   #	Count: 1 (5.55556%)	Total: 16 (88.8889%)
[cartographer_node-1] [0.808566, 0.831704]	                  ##	Count: 2 (11.1111%)	Total: 18 (100%)
[cartographer_node-1] [INFO] [1778669140.425214271] [cartographer logger]: I0513 19:45:40.000000 50709 pose_graph_2d.cc:538] Remaining work items in queue: 1
[cartographer_node-1] [INFO] [1778669140.425242609] [cartographer logger]: I0513 19:45:40.000000 50709 constraint_builder_2d.cc:290] 0 computations resulted in 0 additional constraints.
[cartographer_node-1] [INFO] [1778669140.425710244] [cartographer logger]: I0513 19:45:40.000000 50709 constraint_builder_2d.cc:292] Score histogram:
[cartographer_node-1] Count: 18  Min: 0.600323  Max: 0.831704  Mean: 0.704366
[cartographer_node-1] [0.600323, 0.623461)	                ####	Count: 4 (22.2222%)	Total: 4 (22.2222%)
[cartographer_node-1] [0.623461, 0.646599)	                   #	Count: 1 (5.55556%)	Total: 5 (27.7778%)
[cartographer_node-1] [0.646599, 0.669737)	                  ##	Count: 2 (11.1111%)	Total: 7 (38.8889%)
[cartographer_node-1] [0.669737, 0.692875)	                   #	Count: 1 (5.55556%)	Total: 8 (44.4444%)
[cartographer_node-1] [0.692875, 0.716013)	                   #	Count: 1 (5.55556%)	Total: 9 (50%)
[cartographer_node-1] [0.716013, 0.739152)	                 ###	Count: 3 (16.6667%)	Total: 12 (66.6667%)
[cartographer_node-1] [0.739152, 0.762290)	                  ##	Count: 2 (11.1111%)	Total: 14 (77.7778%)
[cartographer_node-1] [0.762290, 0.785428)	                   #	Count: 1 (5.55556%)	Total: 15 (83.3333%)
[cartographer_node-1] [0.785428, 0.808566)	                   #	Count: 1 (5.55556%)	Total: 16 (88.8889%)
[cartographer_node-1] [0.808566, 0.831704]	                  ##	Count: 2 (11.1111%)	Total: 18 (100%)
[cartographer_node-1] [INFO] [1778669140.528984677] [cartographer logger]: I0513 19:45:40.000000 50710 pose_graph_2d.cc:538] Remaining work items in queue: 1
[cartographer_node-1] [INFO] [1778669140.529068979] [cartographer logger]: I0513 19:45:40.000000 50710 constraint_builder_2d.cc:290] 0 computations resulted in 0 additional constraints.
[cartographer_node-1] [INFO] [1778669140.529865547] [cartographer logger]: I0513 19:45:40.000000 50710 constraint_builder_2d.cc:292] Score histogram:
[cartographer_node-1] Count: 18  Min: 0.600323  Max: 0.831704  Mean: 0.704366
[cartographer_node-1] [0.600323, 0.623461)	                ####	Count: 4 (22.2222%)	Total: 4 (22.2222%)
[cartographer_node-1] [0.623461, 0.646599)	                   #	Count: 1 (5.55556%)	Total: 5 (27.7778%)
[cartographer_node-1] [0.646599, 0.669737)	                  ##	Count: 2 (11.1111%)	Total: 7 (38.8889%)
[cartographer_node-1] [0.669737, 0.692875)	                   #	Count: 1 (5.55556%)	Total: 8 (44.4444%)
[cartographer_node-1] [0.692875, 0.716013)	                   #	Count: 1 (5.55556%)	Total: 9 (50%)
[cartographer_node-1] [0.716013, 0.739152)	                 ###	Count: 3 (16.6667%)	Total: 12 (66.6667%)
[cartographer_node-1] [0.739152, 0.762290)	                  ##	Count: 2 (11.1111%)	Total: 14 (77.7778%)
[cartographer_node-1] [0.762290, 0.785428)	                   #	Count: 1 (5.55556%)	Total: 15 (83.3333%)
[cartographer_node-1] [0.785428, 0.808566)	                   #	Count: 1 (5.55556%)	Total: 16 (88.8889%)
[cartographer_node-1] [0.808566, 0.831704]	                  ##	Count: 2 (11.1111%)	Total: 18 (100%)
[cartographer_node-1] [INFO] [1778669140.564957685] [cartographer logger]: I0513 19:45:40.000000 50708 pose_graph_2d.cc:538] Remaining work items in queue: 0
[cartographer_node-1] [INFO] [1778669140.590262302] [cartographer logger]: I0513 19:45:40.000000 50710 constraint_builder_2d.cc:290] 1 computations resulted in 0 additional constraints.
[cartographer_node-1] [INFO] [1778669140.590316154] [cartographer logger]: I0513 19:45:40.000000 50710 constraint_builder_2d.cc:292] Score histogram:
[cartographer_node-1] Count: 18  Min: 0.600323  Max: 0.831704  Mean: 0.704366
[cartographer_node-1] [0.600323, 0.623461)	                ####	Count: 4 (22.2222%)	Total: 4 (22.2222%)
[cartographer_node-1] [0.623461, 0.646599)	                   #	Count: 1 (5.55556%)	Total: 5 (27.7778%)
[cartographer_node-1] [0.646599, 0.669737)	                  ##	Count: 2 (11.1111%)	Total: 7 (38.8889%)
[cartographer_node-1] [0.669737, 0.692875)	                   #	Count: 1 (5.55556%)	Total: 8 (44.4444%)
[cartographer_node-1] [0.692875, 0.716013)	                   #	Count: 1 (5.55556%)	Total: 9 (50%)
[cartographer_node-1] [0.716013, 0.739152)	                 ###	Count: 3 (16.6667%)	Total: 12 (66.6667%)
[cartographer_node-1] [0.739152, 0.762290)	                  ##	Count: 2 (11.1111%)	Total: 14 (77.7778%)
[cartographer_node-1] [0.762290, 0.785428)	                   #	Count: 1 (5.55556%)	Total: 15 (83.3333%)
[cartographer_node-1] [0.785428, 0.808566)	                   #	Count: 1 (5.55556%)	Total: 16 (88.8889%)
[cartographer_node-1] [0.808566, 0.831704]	                  ##	Count: 2 (11.1111%)	Total: 18 (100%)
[cartographer_node-1] [INFO] [1778669140.637317492] [cartographer logger]: I0513 19:45:40.000000 50711 pose_graph_2d.cc:538] Remaining work items in queue: 0
[cartographer_node-1] [INFO] [1778669140.637347241] [cartographer logger]: I0513 19:45:40.000000 50711 constraint_builder_2d.cc:290] 0 computations resulted in 0 additional constraints.
[cartographer_node-1] [INFO] [1778669140.637734888] [cartographer logger]: I0513 19:45:40.000000 50711 constraint_builder_2d.cc:292] Score histogram:
[cartographer_node-1] Count: 18  Min: 0.600323  Max: 0.831704  Mean: 0.704366
[cartographer_node-1] [0.600323, 0.623461)	                ####	Count: 4 (22.2222%)	Total: 4 (22.2222%)
[cartographer_node-1] [0.623461, 0.646599)	                   #	Count: 1 (5.55556%)	Total: 5 (27.7778%)
[cartographer_node-1] [0.646599, 0.669737)	                  ##	Count: 2 (11.1111%)	Total: 7 (38.8889%)
[cartographer_node-1] [0.669737, 0.692875)	                   #	Count: 1 (5.55556%)	Total: 8 (44.4444%)
[cartographer_node-1] [0.692875, 0.716013)	                   #	Count: 1 (5.55556%)	Total: 9 (50%)
[cartographer_node-1] [0.716013, 0.739152)	                 ###	Count: 3 (16.6667%)	Total: 12 (66.6667%)
[cartographer_node-1] [0.739152, 0.762290)	                  ##	Count: 2 (11.1111%)	Total: 14 (77.7778%)
[cartographer_node-1] [0.762290, 0.785428)	                   #	Count: 1 (5.55556%)	Total: 15 (83.3333%)
[cartographer_node-1] [0.785428, 0.808566)	                   #	Count: 1 (5.55556%)	Total: 16 (88.8889%)
[cartographer_node-1] [0.808566, 0.831704]	                  ##	Count: 2 (11.1111%)	Total: 18 (100%)
[cartographer_node-1] [INFO] [1778669140.718011588] [cartographer logger]: I0513 19:45:40.000000 50709 pose_graph_2d.cc:538] Remaining work items in queue: 1
[cartographer_node-1] [INFO] [1778669140.718059547] [cartographer logger]: I0513 19:45:40.000000 50709 constraint_builder_2d.cc:290] 0 computations resulted in 0 additional constraints.
[cartographer_node-1] [INFO] [1778669140.718360093] [cartographer logger]: I0513 19:45:40.000000 50709 constraint_builder_2d.cc:292] Score histogram:
[cartographer_node-1] Count: 18  Min: 0.600323  Max: 0.831704  Mean: 0.704366
[cartographer_node-1] [0.600323, 0.623461)	                ####	Count: 4 (22.2222%)	Total: 4 (22.2222%)
[cartographer_node-1] [0.623461, 0.646599)	                   #	Count: 1 (5.55556%)	Total: 5 (27.7778%)
[cartographer_node-1] [0.646599, 0.669737)	                  ##	Count: 2 (11.1111%)	Total: 7 (38.8889%)
[cartographer_node-1] [0.669737, 0.692875)	                   #	Count: 1 (5.55556%)	Total: 8 (44.4444%)
[cartographer_node-1] [0.692875, 0.716013)	                   #	Count: 1 (5.55556%)	Total: 9 (50%)
[cartographer_node-1] [0.716013, 0.739152)	                 ###	Count: 3 (16.6667%)	Total: 12 (66.6667%)
[cartographer_node-1] [0.739152, 0.762290)	                  ##	Count: 2 (11.1111%)	Total: 14 (77.7778%)
[cartographer_node-1] [0.762290, 0.785428)	                   #	Count: 1 (5.55556%)	Total: 15 (83.3333%)
[cartographer_node-1] [0.785428, 0.808566)	                   #	Count: 1 (5.55556%)	Total: 16 (88.8889%)
[cartographer_node-1] [0.808566, 0.831704]	                  ##	Count: 2 (11.1111%)	Total: 18 (100%)
[cartographer_node-1] [INFO] [1778669140.833127983] [cartographer logger]: I0513 19:45:40.000000 50710 pose_graph_2d.cc:538] Remaining work items in queue: 1
[cartographer_node-1] [INFO] [1778669140.833177684] [cartographer logger]: I0513 19:45:40.000000 50711 constraint_builder_2d.cc:290] 0 computations resulted in 0 additional constraints.
[cartographer_node-1] [INFO] [1778669140.833666293] [cartographer logger]: I0513 19:45:40.000000 50711 constraint_builder_2d.cc:292] Score histogram:
[cartographer_node-1] Count: 18  Min: 0.600323  Max: 0.831704  Mean: 0.704366
[cartographer_node-1] [0.600323, 0.623461)	                ####	Count: 4 (22.2222%)	Total: 4 (22.2222%)
[cartographer_node-1] [0.623461, 0.646599)	                   #	Count: 1 (5.55556%)	Total: 5 (27.7778%)
[cartographer_node-1] [0.646599, 0.669737)	                  ##	Count: 2 (11.1111%)	Total: 7 (38.8889%)
[cartographer_node-1] [0.669737, 0.692875)	                   #	Count: 1 (5.55556%)	Total: 8 (44.4444%)
[cartographer_node-1] [0.692875, 0.716013)	                   #	Count: 1 (5.55556%)	Total: 9 (50%)
[cartographer_node-1] [0.716013, 0.739152)	                 ###	Count: 3 (16.6667%)	Total: 12 (66.6667%)
[cartographer_node-1] [0.739152, 0.762290)	                  ##	Count: 2 (11.1111%)	Total: 14 (77.7778%)
[cartographer_node-1] [0.762290, 0.785428)	                   #	Count: 1 (5.55556%)	Total: 15 (83.3333%)
[cartographer_node-1] [0.785428, 0.808566)	                   #	Count: 1 (5.55556%)	Total: 16 (88.8889%)
[cartographer_node-1] [0.808566, 0.831704]	                  ##	Count: 2 (11.1111%)	Total: 18 (100%)
[cartographer_node-1] [INFO] [1778669140.902893049] [cartographer logger]: I0513 19:45:40.000000 50708 pose_graph_2d.cc:538] Remaining work items in queue: 1
[cartographer_node-1] [INFO] [1778669140.902956925] [cartographer logger]: I0513 19:45:40.000000 50708 constraint_builder_2d.cc:290] 0 computations resulted in 0 additional constraints.
[cartographer_node-1] [INFO] [1778669140.903065856] [cartographer logger]: I0513 19:45:40.000000 50708 constraint_builder_2d.cc:292] Score histogram:
[cartographer_node-1] Count: 18  Min: 0.600323  Max: 0.831704  Mean: 0.704366
[cartographer_node-1] [0.600323, 0.623461)	                ####	Count: 4 (22.2222%)	Total: 4 (22.2222%)
[cartographer_node-1] [0.623461, 0.646599)	                   #	Count: 1 (5.55556%)	Total: 5 (27.7778%)
[cartographer_node-1] [0.646599, 0.669737)	                  ##	Count: 2 (11.1111%)	Total: 7 (38.8889%)
[cartographer_node-1] [0.669737, 0.692875)	                   #	Count: 1 (5.55556%)	Total: 8 (44.4444%)
[cartographer_node-1] [0.692875, 0.716013)	                   #	Count: 1 (5.55556%)	Total: 9 (50%)
[cartographer_node-1] [0.716013, 0.739152)	                 ###	Count: 3 (16.6667%)	Total: 12 (66.6667%)
[cartographer_node-1] [0.739152, 0.762290)	                  ##	Count: 2 (11.1111%)	Total: 14 (77.7778%)
[cartographer_node-1] [0.762290, 0.785428)	                   #	Count: 1 (5.55556%)	Total: 15 (83.3333%)
[cartographer_node-1] [0.785428, 0.808566)	                   #	Count: 1 (5.55556%)	Total: 16 (88.8889%)
[cartographer_node-1] [0.808566, 0.831704]	                  ##	Count: 2 (11.1111%)	Total: 18 (100%)
[cartographer_node-1] [INFO] [1778669140.974909747] [cartographer logger]: I0513 19:45:40.000000 50709 constraint_builder_2d.cc:275] Node (1, 357) with 212 points on submap (0, 2) matches with score 59.9%.
[cartographer_node-1] [INFO] [1778669140.984854748] [cartographer logger]: I0513 19:45:40.000000 50708 pose_graph_2d.cc:538] Remaining work items in queue: 1
[cartographer_node-1] [INFO] [1778669141.017555675] [cartographer logger]: I0513 19:45:41.000000 50694 pose_graph_2d.cc:148] Inserted submap (1, 4).
[cartographer_node-1] [INFO] [1778669141.073807658] [cartographer logger]: I0513 19:45:41.000000 50710 constraint_builder_2d.cc:275] Node (0, 636) with 206 points on submap (1, 2) matches with score 61.8%.
[cartographer_node-1] [INFO] [1778669141.115437993] [cartographer logger]: I0513 19:45:41.000000 50711 constraint_builder_2d.cc:275] Node (0, 236) with 202 points on submap (1, 2) matches with score 78.9%.
[cartographer_node-1] [INFO] [1778669141.121784344] [cartographer logger]: I0513 19:45:41.000000 50708 constraint_builder_2d.cc:275] Node (0, 836) with 203 points on submap (1, 2) matches with score 77.7%.
[cartographer_node-1] [INFO] [1778669141.145980789] [cartographer logger]: I0513 19:45:41.000000 50710 constraint_builder_2d.cc:275] Node (0, 36) with 209 points on submap (1, 2) matches with score 65.2%.
[cartographer_node-1] [INFO] [1778669141.146016125] [cartographer logger]: I0513 19:45:41.000000 50710 constraint_builder_2d.cc:290] 9 computations resulted in 5 additional constraints.
[cartographer_node-1] [INFO] [1778669141.146070765] [cartographer logger]: I0513 19:45:41.000000 50710 constraint_builder_2d.cc:292] Score histogram:
[cartographer_node-1] Count: 23  Min: 0.599016  Max: 0.831704  Mean: 0.700568
[cartographer_node-1] [0.599016, 0.622285)	               #####	Count: 6 (26.087%)	Total: 6 (26.087%)
[cartographer_node-1] [0.622285, 0.645554)	                   #	Count: 1 (4.34783%)	Total: 7 (30.4348%)
[cartographer_node-1] [0.645554, 0.668822)	                 ###	Count: 3 (13.0435%)	Total: 10 (43.4783%)
[cartographer_node-1] [0.668822, 0.692091)	                   #	Count: 1 (4.34783%)	Total: 11 (47.8261%)
[cartographer_node-1] [0.692091, 0.715360)	                   #	Count: 1 (4.34783%)	Total: 12 (52.1739%)
[cartographer_node-1] [0.715360, 0.738629)	                 ###	Count: 3 (13.0435%)	Total: 15 (65.2174%)
[cartographer_node-1] [0.738629, 0.761898)	                  ##	Count: 2 (8.69565%)	Total: 17 (73.913%)
[cartographer_node-1] [0.761898, 0.785167)	                  ##	Count: 2 (8.69565%)	Total: 19 (82.6087%)
[cartographer_node-1] [0.785167, 0.808435)	                  ##	Count: 2 (8.69565%)	Total: 21 (91.3043%)
[cartographer_node-1] [0.808435, 0.831704]	                  ##	Count: 2 (8.69565%)	Total: 23 (100%)
[cartographer_node-1] [INFO] [1778669141.163692496] [cartographer logger]: I0513 19:45:41.000000 50710 pose_graph_2d.cc:538] Remaining work items in queue: 15
[cartographer_node-1] [INFO] [1778669141.163726010] [cartographer logger]: I0513 19:45:41.000000 50710 constraint_builder_2d.cc:290] 0 computations resulted in 0 additional constraints.
[cartographer_node-1] [INFO] [1778669141.163779500] [cartographer logger]: I0513 19:45:41.000000 50710 constraint_builder_2d.cc:292] Score histogram:
[cartographer_node-1] Count: 23  Min: 0.599016  Max: 0.831704  Mean: 0.700568
[cartographer_node-1] [0.599016, 0.622285)	               #####	Count: 6 (26.087%)	Total: 6 (26.087%)
[cartographer_node-1] [0.622285, 0.645554)	                   #	Count: 1 (4.34783%)	Total: 7 (30.4348%)
[cartographer_node-1] [0.645554, 0.668822)	                 ###	Count: 3 (13.0435%)	Total: 10 (43.4783%)
[cartographer_node-1] [0.668822, 0.692091)	                   #	Count: 1 (4.34783%)	Total: 11 (47.8261%)
[cartographer_node-1] [0.692091, 0.715360)	                   #	Count: 1 (4.34783%)	Total: 12 (52.1739%)
[cartographer_node-1] [0.715360, 0.738629)	                 ###	Count: 3 (13.0435%)	Total: 15 (65.2174%)
[cartographer_node-1] [0.738629, 0.761898)	                  ##	Count: 2 (8.69565%)	Total: 17 (73.913%)
[cartographer_node-1] [0.761898, 0.785167)	                  ##	Count: 2 (8.69565%)	Total: 19 (82.6087%)
[cartographer_node-1] [0.785167, 0.808435)	                  ##	Count: 2 (8.69565%)	Total: 21 (91.3043%)
[cartographer_node-1] [0.808435, 0.831704]	                  ##	Count: 2 (8.69565%)	Total: 23 (100%)
[cartographer_node-1] [INFO] [1778669141.172544580] [cartographer logger]: I0513 19:45:41.000000 50710 pose_graph_2d.cc:538] Remaining work items in queue: 5
[cartographer_node-1] [INFO] [1778669141.172574028] [cartographer logger]: I0513 19:45:41.000000 50710 constraint_builder_2d.cc:290] 0 computations resulted in 0 additional constraints.
[cartographer_node-1] [INFO] [1778669141.172647867] [cartographer logger]: I0513 19:45:41.000000 50710 constraint_builder_2d.cc:292] Score histogram:
[cartographer_node-1] Count: 23  Min: 0.599016  Max: 0.831704  Mean: 0.700568
[cartographer_node-1] [0.599016, 0.622285)	               #####	Count: 6 (26.087%)	Total: 6 (26.087%)
[cartographer_node-1] [0.622285, 0.645554)	                   #	Count: 1 (4.34783%)	Total: 7 (30.4348%)
[cartographer_node-1] [0.645554, 0.668822)	                 ###	Count: 3 (13.0435%)	Total: 10 (43.4783%)
[cartographer_node-1] [0.668822, 0.692091)	                   #	Count: 1 (4.34783%)	Total: 11 (47.8261%)
[cartographer_node-1] [0.692091, 0.715360)	                   #	Count: 1 (4.34783%)	Total: 12 (52.1739%)
[cartographer_node-1] [0.715360, 0.738629)	                 ###	Count: 3 (13.0435%)	Total: 15 (65.2174%)
[cartographer_node-1] [0.738629, 0.761898)	                  ##	Count: 2 (8.69565%)	Total: 17 (73.913%)
[cartographer_node-1] [0.761898, 0.785167)	                  ##	Count: 2 (8.69565%)	Total: 19 (82.6087%)
[cartographer_node-1] [0.785167, 0.808435)	                  ##	Count: 2 (8.69565%)	Total: 21 (91.3043%)
[cartographer_node-1] [0.808435, 0.831704]	                  ##	Count: 2 (8.69565%)	Total: 23 (100%)
[cartographer_node-1] [INFO] [1778669141.215894612] [cartographer logger]: I0513 19:45:41.000000 50709 pose_graph_2d.cc:538] Remaining work items in queue: 1
[cartographer_node-1] [INFO] [1778669141.215930700] [cartographer logger]: I0513 19:45:41.000000 50709 constraint_builder_2d.cc:290] 0 computations resulted in 0 additional constraints.
[cartographer_node-1] [INFO] [1778669141.216104714] [cartographer logger]: I0513 19:45:41.000000 50709 constraint_builder_2d.cc:292] Score histogram:
[cartographer_node-1] Count: 23  Min: 0.599016  Max: 0.831704  Mean: 0.700568
[cartographer_node-1] [0.599016, 0.622285)	               #####	Count: 6 (26.087%)	Total: 6 (26.087%)
[cartographer_node-1] [0.622285, 0.645554)	                   #	Count: 1 (4.34783%)	Total: 7 (30.4348%)
[cartographer_node-1] [0.645554, 0.668822)	                 ###	Count: 3 (13.0435%)	Total: 10 (43.4783%)
[cartographer_node-1] [0.668822, 0.692091)	                   #	Count: 1 (4.34783%)	Total: 11 (47.8261%)
[cartographer_node-1] [0.692091, 0.715360)	                   #	Count: 1 (4.34783%)	Total: 12 (52.1739%)
[cartographer_node-1] [0.715360, 0.738629)	                 ###	Count: 3 (13.0435%)	Total: 15 (65.2174%)
[cartographer_node-1] [0.738629, 0.761898)	                  ##	Count: 2 (8.69565%)	Total: 17 (73.913%)
[cartographer_node-1] [0.761898, 0.785167)	                  ##	Count: 2 (8.69565%)	Total: 19 (82.6087%)
[cartographer_node-1] [0.785167, 0.808435)	                  ##	Count: 2 (8.69565%)	Total: 21 (91.3043%)
[cartographer_node-1] [0.808435, 0.831704]	                  ##	Count: 2 (8.69565%)	Total: 23 (100%)
[cartographer_node-1] [INFO] [1778669141.298934561] [cartographer logger]: I0513 19:45:41.000000 50711 pose_graph_2d.cc:538] Remaining work items in queue: 1
[cartographer_node-1] [INFO] [1778669141.355589868] [cartographer logger]: I0513 19:45:41.000000 50709 constraint_builder_2d.cc:275] Node (1, 371) with 212 points on submap (0, 6) matches with score 72.7%.
[cartographer_node-1] [INFO] [1778669141.355647147] [cartographer logger]: I0513 19:45:41.000000 50709 constraint_builder_2d.cc:290] 1 computations resulted in 1 additional constraints.
[cartographer_node-1] [INFO] [1778669141.355674896] [cartographer logger]: I0513 19:45:41.000000 50709 constraint_builder_2d.cc:292] Score histogram:
[cartographer_node-1] Count: 24  Min: 0.599016  Max: 0.831704  Mean: 0.701667
[cartographer_node-1] [0.599016, 0.622285)	               #####	Count: 6 (25%)	Total: 6 (25%)
[cartographer_node-1] [0.622285, 0.645554)	                   #	Count: 1 (4.16667%)	Total: 7 (29.1667%)
[cartographer_node-1] [0.645554, 0.668822)	                 ###	Count: 3 (12.5%)	Total: 10 (41.6667%)
[cartographer_node-1] [0.668822, 0.692091)	                   #	Count: 1 (4.16667%)	Total: 11 (45.8333%)
[cartographer_node-1] [0.692091, 0.715360)	                   #	Count: 1 (4.16667%)	Total: 12 (50%)
[cartographer_node-1] [0.715360, 0.738629)	                 ###	Count: 4 (16.6667%)	Total: 16 (66.6667%)
[cartographer_node-1] [0.738629, 0.761898)	                  ##	Count: 2 (8.33333%)	Total: 18 (75%)
[cartographer_node-1] [0.761898, 0.785167)	                  ##	Count: 2 (8.33333%)	Total: 20 (83.3333%)
[cartographer_node-1] [0.785167, 0.808435)	                  ##	Count: 2 (8.33333%)	Total: 22 (91.6667%)
[cartographer_node-1] [0.808435, 0.831704]	                  ##	Count: 2 (8.33333%)	Total: 24 (100%)
[cartographer_node-1] [INFO] [1778669141.372985574] [cartographer logger]: I0513 19:45:41.000000 50709 pose_graph_2d.cc:538] Remaining work items in queue: 3
[cartographer_node-1] [INFO] [1778669141.373030704] [cartographer logger]: I0513 19:45:41.000000 50709 constraint_builder_2d.cc:290] 0 computations resulted in 0 additional constraints.
[cartographer_node-1] [INFO] [1778669141.373093481] [cartographer logger]: I0513 19:45:41.000000 50709 constraint_builder_2d.cc:292] Score histogram:
[cartographer_node-1] Count: 24  Min: 0.599016  Max: 0.831704  Mean: 0.701667
[cartographer_node-1] [0.599016, 0.622285)	               #####	Count: 6 (25%)	Total: 6 (25%)
[cartographer_node-1] [0.622285, 0.645554)	                   #	Count: 1 (4.16667%)	Total: 7 (29.1667%)
[cartographer_node-1] [0.645554, 0.668822)	                 ###	Count: 3 (12.5%)	Total: 10 (41.6667%)
[cartographer_node-1] [0.668822, 0.692091)	                   #	Count: 1 (4.16667%)	Total: 11 (45.8333%)
[cartographer_node-1] [0.692091, 0.715360)	                   #	Count: 1 (4.16667%)	Total: 12 (50%)
[cartographer_node-1] [0.715360, 0.738629)	                 ###	Count: 4 (16.6667%)	Total: 16 (66.6667%)
[cartographer_node-1] [0.738629, 0.761898)	                  ##	Count: 2 (8.33333%)	Total: 18 (75%)
[cartographer_node-1] [0.761898, 0.785167)	                  ##	Count: 2 (8.33333%)	Total: 20 (83.3333%)
[cartographer_node-1] [0.785167, 0.808435)	                  ##	Count: 2 (8.33333%)	Total: 22 (91.6667%)
[cartographer_node-1] [0.808435, 0.831704]	                  ##	Count: 2 (8.33333%)	Total: 24 (100%)
[cartographer_node-1] [INFO] [1778669141.451887359] [cartographer logger]: I0513 19:45:41.000000 50709 pose_graph_2d.cc:538] Remaining work items in queue: 1
[cartographer_node-1] [INFO] [1778669141.451982646] [cartographer logger]: I0513 19:45:41.000000 50709 constraint_builder_2d.cc:290] 0 computations resulted in 0 additional constraints.
[cartographer_node-1] [INFO] [1778669141.452386332] [cartographer logger]: I0513 19:45:41.000000 50709 constraint_builder_2d.cc:292] Score histogram:
[cartographer_node-1] Count: 24  Min: 0.599016  Max: 0.831704  Mean: 0.701667
[cartographer_node-1] [0.599016, 0.622285)	               #####	Count: 6 (25%)	Total: 6 (25%)
[cartographer_node-1] [0.622285, 0.645554)	                   #	Count: 1 (4.16667%)	Total: 7 (29.1667%)
[cartographer_node-1] [0.645554, 0.668822)	                 ###	Count: 3 (12.5%)	Total: 10 (41.6667%)
[cartographer_node-1] [0.668822, 0.692091)	                   #	Count: 1 (4.16667%)	Total: 11 (45.8333%)
[cartographer_node-1] [0.692091, 0.715360)	                   #	Count: 1 (4.16667%)	Total: 12 (50%)
[cartographer_node-1] [0.715360, 0.738629)	                 ###	Count: 4 (16.6667%)	Total: 16 (66.6667%)
[cartographer_node-1] [0.738629, 0.761898)	                  ##	Count: 2 (8.33333%)	Total: 18 (75%)
[cartographer_node-1] [0.761898, 0.785167)	                  ##	Count: 2 (8.33333%)	Total: 20 (83.3333%)
[cartographer_node-1] [0.785167, 0.808435)	                  ##	Count: 2 (8.33333%)	Total: 22 (91.6667%)
[cartographer_node-1] [0.808435, 0.831704]	                  ##	Count: 2 (8.33333%)	Total: 24 (100%)
[cartographer_node-1] [INFO] [1778669141.596307569] [cartographer logger]: I0513 19:45:41.000000 50709 pose_graph_2d.cc:538] Remaining work items in queue: 1
[cartographer_node-1] [INFO] [1778669141.596377087] [cartographer logger]: I0513 19:45:41.000000 50709 constraint_builder_2d.cc:290] 0 computations resulted in 0 additional constraints.
[cartographer_node-1] [INFO] [1778669141.596892097] [cartographer logger]: I0513 19:45:41.000000 50709 constraint_builder_2d.cc:292] Score histogram:
[cartographer_node-1] Count: 24  Min: 0.599016  Max: 0.831704  Mean: 0.701667
[cartographer_node-1] [0.599016, 0.622285)	               #####	Count: 6 (25%)	Total: 6 (25%)
[cartographer_node-1] [0.622285, 0.645554)	                   #	Count: 1 (4.16667%)	Total: 7 (29.1667%)
[cartographer_node-1] [0.645554, 0.668822)	                 ###	Count: 3 (12.5%)	Total: 10 (41.6667%)
[cartographer_node-1] [0.668822, 0.692091)	                   #	Count: 1 (4.16667%)	Total: 11 (45.8333%)
[cartographer_node-1] [0.692091, 0.715360)	                   #	Count: 1 (4.16667%)	Total: 12 (50%)
[cartographer_node-1] [0.715360, 0.738629)	                 ###	Count: 4 (16.6667%)	Total: 16 (66.6667%)
[cartographer_node-1] [0.738629, 0.761898)	                  ##	Count: 2 (8.33333%)	Total: 18 (75%)
[cartographer_node-1] [0.761898, 0.785167)	                  ##	Count: 2 (8.33333%)	Total: 20 (83.3333%)
[cartographer_node-1] [0.785167, 0.808435)	                  ##	Count: 2 (8.33333%)	Total: 22 (91.6667%)
[cartographer_node-1] [0.808435, 0.831704]	                  ##	Count: 2 (8.33333%)	Total: 24 (100%)
[cartographer_node-1] [INFO] [1778669141.648065280] [cartographer logger]: I0513 19:45:41.000000 50708 pose_graph_2d.cc:538] Remaining work items in queue: 1
[cartographer_node-1] [INFO] [1778669141.648095613] [cartographer logger]: I0513 19:45:41.000000 50708 constraint_builder_2d.cc:290] 0 computations resulted in 0 additional constraints.
[cartographer_node-1] [INFO] [1778669141.648129508] [cartographer logger]: I0513 19:45:41.000000 50708 constraint_builder_2d.cc:292] Score histogram:
[cartographer_node-1] Count: 24  Min: 0.599016  Max: 0.831704  Mean: 0.701667
[cartographer_node-1] [0.599016, 0.622285)	               #####	Count: 6 (25%)	Total: 6 (25%)
[cartographer_node-1] [0.622285, 0.645554)	                   #	Count: 1 (4.16667%)	Total: 7 (29.1667%)
[cartographer_node-1] [0.645554, 0.668822)	                 ###	Count: 3 (12.5%)	Total: 10 (41.6667%)
[cartographer_node-1] [0.668822, 0.692091)	                   #	Count: 1 (4.16667%)	Total: 11 (45.8333%)
[cartographer_node-1] [0.692091, 0.715360)	                   #	Count: 1 (4.16667%)	Total: 12 (50%)
[cartographer_node-1] [0.715360, 0.738629)	                 ###	Count: 4 (16.6667%)	Total: 16 (66.6667%)
[cartographer_node-1] [0.738629, 0.761898)	                  ##	Count: 2 (8.33333%)	Total: 18 (75%)
[cartographer_node-1] [0.761898, 0.785167)	                  ##	Count: 2 (8.33333%)	Total: 20 (83.3333%)
[cartographer_node-1] [0.785167, 0.808435)	                  ##	Count: 2 (8.33333%)	Total: 22 (91.6667%)
[cartographer_node-1] [0.808435, 0.831704]	                  ##	Count: 2 (8.33333%)	Total: 24 (100%)
[cartographer_node-1] [INFO] [1778669141.794195787] [cartographer logger]: I0513 19:45:41.000000 50708 pose_graph_2d.cc:538] Remaining work items in queue: 1
[cartographer_node-1] [INFO] [1778669141.794235927] [cartographer logger]: I0513 19:45:41.000000 50708 constraint_builder_2d.cc:290] 1 computations resulted in 0 additional constraints.
[cartographer_node-1] [INFO] [1778669141.794324162] [cartographer logger]: I0513 19:45:41.000000 50708 constraint_builder_2d.cc:292] Score histogram:
[cartographer_node-1] Count: 24  Min: 0.599016  Max: 0.831704  Mean: 0.701667
[cartographer_node-1] [0.599016, 0.622285)	               #####	Count: 6 (25%)	Total: 6 (25%)
[cartographer_node-1] [0.622285, 0.645554)	                   #	Count: 1 (4.16667%)	Total: 7 (29.1667%)
[cartographer_node-1] [0.645554, 0.668822)	                 ###	Count: 3 (12.5%)	Total: 10 (41.6667%)
[cartographer_node-1] [0.668822, 0.692091)	                   #	Count: 1 (4.16667%)	Total: 11 (45.8333%)
[cartographer_node-1] [0.692091, 0.715360)	                   #	Count: 1 (4.16667%)	Total: 12 (50%)
[cartographer_node-1] [0.715360, 0.738629)	                 ###	Count: 4 (16.6667%)	Total: 16 (66.6667%)
[cartographer_node-1] [0.738629, 0.761898)	                  ##	Count: 2 (8.33333%)	Total: 18 (75%)
[cartographer_node-1] [0.761898, 0.785167)	                  ##	Count: 2 (8.33333%)	Total: 20 (83.3333%)
[cartographer_node-1] [0.785167, 0.808435)	                  ##	Count: 2 (8.33333%)	Total: 22 (91.6667%)
[cartographer_node-1] [0.808435, 0.831704]	                  ##	Count: 2 (8.33333%)	Total: 24 (100%)
[cartographer_node-1] [INFO] [1778669141.923489973] [cartographer logger]: I0513 19:45:41.000000 50708 pose_graph_2d.cc:538] Remaining work items in queue: 1
[cartographer_node-1] [INFO] [1778669141.923573750] [cartographer logger]: I0513 19:45:41.000000 50708 constraint_builder_2d.cc:290] 0 computations resulted in 0 additional constraints.
[cartographer_node-1] [INFO] [1778669141.923898235] [cartographer logger]: I0513 19:45:41.000000 50708 constraint_builder_2d.cc:292] Score histogram:
[cartographer_node-1] Count: 24  Min: 0.599016  Max: 0.831704  Mean: 0.701667
[cartographer_node-1] [0.599016, 0.622285)	               #####	Count: 6 (25%)	Total: 6 (25%)
[cartographer_node-1] [0.622285, 0.645554)	                   #	Count: 1 (4.16667%)	Total: 7 (29.1667%)
[cartographer_node-1] [0.645554, 0.668822)	                 ###	Count: 3 (12.5%)	Total: 10 (41.6667%)
[cartographer_node-1] [0.668822, 0.692091)	                   #	Count: 1 (4.16667%)	Total: 11 (45.8333%)
[cartographer_node-1] [0.692091, 0.715360)	                   #	Count: 1 (4.16667%)	Total: 12 (50%)
[cartographer_node-1] [0.715360, 0.738629)	                 ###	Count: 4 (16.6667%)	Total: 16 (66.6667%)
[cartographer_node-1] [0.738629, 0.761898)	                  ##	Count: 2 (8.33333%)	Total: 18 (75%)
[cartographer_node-1] [0.761898, 0.785167)	                  ##	Count: 2 (8.33333%)	Total: 20 (83.3333%)
[cartographer_node-1] [0.785167, 0.808435)	                  ##	Count: 2 (8.33333%)	Total: 22 (91.6667%)
[cartographer_node-1] [0.808435, 0.831704]	                  ##	Count: 2 (8.33333%)	Total: 24 (100%)
[cartographer_node-1] [INFO] [1778669142.103341935] [cartographer logger]: I0513 19:45:42.000000 50708 pose_graph_2d.cc:538] Remaining work items in queue: 1
[cartographer_node-1] [INFO] [1778669142.103428666] [cartographer logger]: I0513 19:45:42.000000 50708 constraint_builder_2d.cc:290] 0 computations resulted in 0 additional constraints.
[cartographer_node-1] [INFO] [1778669142.103586543] [cartographer logger]: I0513 19:45:42.000000 50708 constraint_builder_2d.cc:292] Score histogram:
[cartographer_node-1] Count: 24  Min: 0.599016  Max: 0.831704  Mean: 0.701667
[cartographer_node-1] [0.599016, 0.622285)	               #####	Count: 6 (25%)	Total: 6 (25%)
[cartographer_node-1] [0.622285, 0.645554)	                   #	Count: 1 (4.16667%)	Total: 7 (29.1667%)
[cartographer_node-1] [0.645554, 0.668822)	                 ###	Count: 3 (12.5%)	Total: 10 (41.6667%)
[cartographer_node-1] [0.668822, 0.692091)	                   #	Count: 1 (4.16667%)	Total: 11 (45.8333%)
[cartographer_node-1] [0.692091, 0.715360)	                   #	Count: 1 (4.16667%)	Total: 12 (50%)
[cartographer_node-1] [0.715360, 0.738629)	                 ###	Count: 4 (16.6667%)	Total: 16 (66.6667%)
[cartographer_node-1] [0.738629, 0.761898)	                  ##	Count: 2 (8.33333%)	Total: 18 (75%)
[cartographer_node-1] [0.761898, 0.785167)	                  ##	Count: 2 (8.33333%)	Total: 20 (83.3333%)
[cartographer_node-1] [0.785167, 0.808435)	                  ##	Count: 2 (8.33333%)	Total: 22 (91.6667%)
[cartographer_node-1] [0.808435, 0.831704]	                  ##	Count: 2 (8.33333%)	Total: 24 (100%)
[cartographer_node-1] [INFO] [1778669142.147623984] [cartographer logger]: I0513 19:45:42.000000 50710 pose_graph_2d.cc:538] Remaining work items in queue: 1
[cartographer_node-1] [INFO] [1778669142.147673117] [cartographer logger]: I0513 19:45:42.000000 50710 constraint_builder_2d.cc:290] 0 computations resulted in 0 additional constraints.
[cartographer_node-1] [INFO] [1778669142.147713342] [cartographer logger]: I0513 19:45:42.000000 50710 constraint_builder_2d.cc:292] Score histogram:
[cartographer_node-1] Count: 24  Min: 0.599016  Max: 0.831704  Mean: 0.701667
[cartographer_node-1] [0.599016, 0.622285)	               #####	Count: 6 (25%)	Total: 6 (25%)
[cartographer_node-1] [0.622285, 0.645554)	                   #	Count: 1 (4.16667%)	Total: 7 (29.1667%)
[cartographer_node-1] [0.645554, 0.668822)	                 ###	Count: 3 (12.5%)	Total: 10 (41.6667%)
[cartographer_node-1] [0.668822, 0.692091)	                   #	Count: 1 (4.16667%)	Total: 11 (45.8333%)
[cartographer_node-1] [0.692091, 0.715360)	                   #	Count: 1 (4.16667%)	Total: 12 (50%)
[cartographer_node-1] [0.715360, 0.738629)	                 ###	Count: 4 (16.6667%)	Total: 16 (66.6667%)
[cartographer_node-1] [0.738629, 0.761898)	                  ##	Count: 2 (8.33333%)	Total: 18 (75%)
[cartographer_node-1] [0.761898, 0.785167)	                  ##	Count: 2 (8.33333%)	Total: 20 (83.3333%)
[cartographer_node-1] [0.785167, 0.808435)	                  ##	Count: 2 (8.33333%)	Total: 22 (91.6667%)
[cartographer_node-1] [0.808435, 0.831704]	                  ##	Count: 2 (8.33333%)	Total: 24 (100%)
[cartographer_node-1] [INFO] [1778669142.250238196] [cartographer logger]: I0513 19:45:42.000000 50710 pose_graph_2d.cc:538] Remaining work items in queue: 1
[cartographer_node-1] [INFO] [1778669142.250344294] [cartographer logger]: I0513 19:45:42.000000 50710 constraint_builder_2d.cc:290] 0 computations resulted in 0 additional constraints.
[cartographer_node-1] [INFO] [1778669142.251139797] [cartographer logger]: I0513 19:45:42.000000 50710 constraint_builder_2d.cc:292] Score histogram:
[cartographer_node-1] Count: 24  Min: 0.599016  Max: 0.831704  Mean: 0.701667
[cartographer_node-1] [0.599016, 0.622285)	               #####	Count: 6 (25%)	Total: 6 (25%)
[cartographer_node-1] [0.622285, 0.645554)	                   #	Count: 1 (4.16667%)	Total: 7 (29.1667%)
[cartographer_node-1] [0.645554, 0.668822)	                 ###	Count: 3 (12.5%)	Total: 10 (41.6667%)
[cartographer_node-1] [0.668822, 0.692091)	                   #	Count: 1 (4.16667%)	Total: 11 (45.8333%)
[cartographer_node-1] [0.692091, 0.715360)	                   #	Count: 1 (4.16667%)	Total: 12 (50%)
[cartographer_node-1] [0.715360, 0.738629)	                 ###	Count: 4 (16.6667%)	Total: 16 (66.6667%)
[cartographer_node-1] [0.738629, 0.761898)	                  ##	Count: 2 (8.33333%)	Total: 18 (75%)
[cartographer_node-1] [0.761898, 0.785167)	                  ##	Count: 2 (8.33333%)	Total: 20 (83.3333%)
[cartographer_node-1] [0.785167, 0.808435)	                  ##	Count: 2 (8.33333%)	Total: 22 (91.6667%)
[cartographer_node-1] [0.808435, 0.831704]	                  ##	Count: 2 (8.33333%)	Total: 24 (100%)
[cartographer_node-1] [INFO] [1778669142.414232003] [cartographer logger]: I0513 19:45:42.000000 50711 pose_graph_2d.cc:538] Remaining work items in queue: 1
[cartographer_node-1] [INFO] [1778669142.414264439] [cartographer logger]: I0513 19:45:42.000000 50711 constraint_builder_2d.cc:290] 1 computations resulted in 0 additional constraints.
[cartographer_node-1] [INFO] [1778669142.414367208] [cartographer logger]: I0513 19:45:42.000000 50711 constraint_builder_2d.cc:292] Score histogram:
[cartographer_node-1] Count: 24  Min: 0.599016  Max: 0.831704  Mean: 0.701667
[cartographer_node-1] [0.599016, 0.622285)	               #####	Count: 6 (25%)	Total: 6 (25%)
[cartographer_node-1] [0.622285, 0.645554)	                   #	Count: 1 (4.16667%)	Total: 7 (29.1667%)
[cartographer_node-1] [0.645554, 0.668822)	                 ###	Count: 3 (12.5%)	Total: 10 (41.6667%)
[cartographer_node-1] [0.668822, 0.692091)	                   #	Count: 1 (4.16667%)	Total: 11 (45.8333%)
[cartographer_node-1] [0.692091, 0.715360)	                   #	Count: 1 (4.16667%)	Total: 12 (50%)
[cartographer_node-1] [0.715360, 0.738629)	                 ###	Count: 4 (16.6667%)	Total: 16 (66.6667%)
[cartographer_node-1] [0.738629, 0.761898)	                  ##	Count: 2 (8.33333%)	Total: 18 (75%)
[cartographer_node-1] [0.761898, 0.785167)	                  ##	Count: 2 (8.33333%)	Total: 20 (83.3333%)
[cartographer_node-1] [0.785167, 0.808435)	                  ##	Count: 2 (8.33333%)	Total: 22 (91.6667%)
[cartographer_node-1] [0.808435, 0.831704]	                  ##	Count: 2 (8.33333%)	Total: 24 (100%)
[cartographer_node-1] [INFO] [1778669142.611097286] [cartographer logger]: I0513 19:45:42.000000 50708 pose_graph_2d.cc:538] Remaining work items in queue: 1
[cartographer_node-1] [INFO] [1778669142.611184953] [cartographer logger]: I0513 19:45:42.000000 50708 constraint_builder_2d.cc:290] 0 computations resulted in 0 additional constraints.
[cartographer_node-1] [INFO] [1778669142.611415038] [cartographer logger]: I0513 19:45:42.000000 50708 constraint_builder_2d.cc:292] Score histogram:
[cartographer_node-1] Count: 24  Min: 0.599016  Max: 0.831704  Mean: 0.701667
[cartographer_node-1] [0.599016, 0.622285)	               #####	Count: 6 (25%)	Total: 6 (25%)
[cartographer_node-1] [0.622285, 0.645554)	                   #	Count: 1 (4.16667%)	Total: 7 (29.1667%)
[cartographer_node-1] [0.645554, 0.668822)	                 ###	Count: 3 (12.5%)	Total: 10 (41.6667%)
[cartographer_node-1] [0.668822, 0.692091)	                   #	Count: 1 (4.16667%)	Total: 11 (45.8333%)
[cartographer_node-1] [0.692091, 0.715360)	                   #	Count: 1 (4.16667%)	Total: 12 (50%)
[cartographer_node-1] [0.715360, 0.738629)	                 ###	Count: 4 (16.6667%)	Total: 16 (66.6667%)
[cartographer_node-1] [0.738629, 0.761898)	                  ##	Count: 2 (8.33333%)	Total: 18 (75%)
[cartographer_node-1] [0.761898, 0.785167)	                  ##	Count: 2 (8.33333%)	Total: 20 (83.3333%)
[cartographer_node-1] [0.785167, 0.808435)	                  ##	Count: 2 (8.33333%)	Total: 22 (91.6667%)
[cartographer_node-1] [0.808435, 0.831704]	                  ##	Count: 2 (8.33333%)	Total: 24 (100%)
[cartographer_node-1] [WARN] [1778669142.742411620] [cartographer logger]: W0513 19:45:42.000000 50694 range_data_collator.cc:82] Dropped 23 earlier points.
[cartographer_node-1] [INFO] [1778669142.856021211] [cartographer logger]: I0513 19:45:42.000000 50710 pose_graph_2d.cc:538] Remaining work items in queue: 1
[cartographer_node-1] [INFO] [1778669142.856111628] [cartographer logger]: I0513 19:45:42.000000 50710 constraint_builder_2d.cc:290] 0 computations resulted in 0 additional constraints.
[cartographer_node-1] [INFO] [1778669142.856869857] [cartographer logger]: I0513 19:45:42.000000 50710 constraint_builder_2d.cc:292] Score histogram:
[cartographer_node-1] Count: 24  Min: 0.599016  Max: 0.831704  Mean: 0.701667
[cartographer_node-1] [0.599016, 0.622285)	               #####	Count: 6 (25%)	Total: 6 (25%)
[cartographer_node-1] [0.622285, 0.645554)	                   #	Count: 1 (4.16667%)	Total: 7 (29.1667%)
[cartographer_node-1] [0.645554, 0.668822)	                 ###	Count: 3 (12.5%)	Total: 10 (41.6667%)
[cartographer_node-1] [0.668822, 0.692091)	                   #	Count: 1 (4.16667%)	Total: 11 (45.8333%)
[cartographer_node-1] [0.692091, 0.715360)	                   #	Count: 1 (4.16667%)	Total: 12 (50%)
[cartographer_node-1] [0.715360, 0.738629)	                 ###	Count: 4 (16.6667%)	Total: 16 (66.6667%)
[cartographer_node-1] [0.738629, 0.761898)	                  ##	Count: 2 (8.33333%)	Total: 18 (75%)
[cartographer_node-1] [0.761898, 0.785167)	                  ##	Count: 2 (8.33333%)	Total: 20 (83.3333%)
[cartographer_node-1] [0.785167, 0.808435)	                  ##	Count: 2 (8.33333%)	Total: 22 (91.6667%)
[cartographer_node-1] [0.808435, 0.831704]	                  ##	Count: 2 (8.33333%)	Total: 24 (100%)
[cartographer_node-1] [INFO] [1778669143.069256967] [cartographer logger]: I0513 19:45:43.000000 50708 pose_graph_2d.cc:538] Remaining work items in queue: 2
[cartographer_node-1] [INFO] [1778669143.069360387] [cartographer logger]: I0513 19:45:43.000000 50708 constraint_builder_2d.cc:290] 0 computations resulted in 0 additional constraints.
[cartographer_node-1] [INFO] [1778669143.070366609] [cartographer logger]: I0513 19:45:43.000000 50708 constraint_builder_2d.cc:292] Score histogram:
[cartographer_node-1] Count: 24  Min: 0.599016  Max: 0.831704  Mean: 0.701667
[cartographer_node-1] [0.599016, 0.622285)	               #####	Count: 6 (25%)	Total: 6 (25%)
[cartographer_node-1] [0.622285, 0.645554)	                   #	Count: 1 (4.16667%)	Total: 7 (29.1667%)
[cartographer_node-1] [0.645554, 0.668822)	                 ###	Count: 3 (12.5%)	Total: 10 (41.6667%)
[cartographer_node-1] [0.668822, 0.692091)	                   #	Count: 1 (4.16667%)	Total: 11 (45.8333%)
[cartographer_node-1] [0.692091, 0.715360)	                   #	Count: 1 (4.16667%)	Total: 12 (50%)
[cartographer_node-1] [0.715360, 0.738629)	                 ###	Count: 4 (16.6667%)	Total: 16 (66.6667%)
[cartographer_node-1] [0.738629, 0.761898)	                  ##	Count: 2 (8.33333%)	Total: 18 (75%)
[cartographer_node-1] [0.761898, 0.785167)	                  ##	Count: 2 (8.33333%)	Total: 20 (83.3333%)
[cartographer_node-1] [0.785167, 0.808435)	                  ##	Count: 2 (8.33333%)	Total: 22 (91.6667%)
[cartographer_node-1] [0.808435, 0.831704]	                  ##	Count: 2 (8.33333%)	Total: 24 (100%)
[cartographer_node-1] [INFO] [1778669143.240654714] [cartographer logger]: I0513 19:45:43.000000 50710 pose_graph_2d.cc:538] Remaining work items in queue: 0
[cartographer_node-1] [INFO] [1778669143.240734644] [cartographer logger]: I0513 19:45:43.000000 50710 constraint_builder_2d.cc:290] 0 computations resulted in 0 additional constraints.
[cartographer_node-1] [INFO] [1778669143.241209338] [cartographer logger]: I0513 19:45:43.000000 50710 constraint_builder_2d.cc:292] Score histogram:
[cartographer_node-1] Count: 24  Min: 0.599016  Max: 0.831704  Mean: 0.701667
[cartographer_node-1] [0.599016, 0.622285)	               #####	Count: 6 (25%)	Total: 6 (25%)
[cartographer_node-1] [0.622285, 0.645554)	                   #	Count: 1 (4.16667%)	Total: 7 (29.1667%)
[cartographer_node-1] [0.645554, 0.668822)	                 ###	Count: 3 (12.5%)	Total: 10 (41.6667%)
[cartographer_node-1] [0.668822, 0.692091)	                   #	Count: 1 (4.16667%)	Total: 11 (45.8333%)
[cartographer_node-1] [0.692091, 0.715360)	                   #	Count: 1 (4.16667%)	Total: 12 (50%)
[cartographer_node-1] [0.715360, 0.738629)	                 ###	Count: 4 (16.6667%)	Total: 16 (66.6667%)
[cartographer_node-1] [0.738629, 0.761898)	                  ##	Count: 2 (8.33333%)	Total: 18 (75%)
[cartographer_node-1] [0.761898, 0.785167)	                  ##	Count: 2 (8.33333%)	Total: 20 (83.3333%)
[cartographer_node-1] [0.785167, 0.808435)	                  ##	Count: 2 (8.33333%)	Total: 22 (91.6667%)
[cartographer_node-1] [0.808435, 0.831704]	                  ##	Count: 2 (8.33333%)	Total: 24 (100%)
[cartographer_node-1] [INFO] [1778669143.323789067] [cartographer logger]: I0513 19:45:43.000000 50711 constraint_builder_2d.cc:275] Node (1, 414) with 206 points on submap (0, 4) matches with score 70.1%.
[cartographer_node-1] [INFO] [1778669143.398977854] [cartographer logger]: I0513 19:45:43.000000 50711 pose_graph_2d.cc:538] Remaining work items in queue: 2
[cartographer_node-1] [INFO] [1778669143.399005181] [cartographer logger]: I0513 19:45:43.000000 50711 constraint_builder_2d.cc:290] 1 computations resulted in 1 additional constraints.
[cartographer_node-1] [INFO] [1778669143.399049971] [cartographer logger]: I0513 19:45:43.000000 50711 constraint_builder_2d.cc:292] Score histogram:
[cartographer_node-1] Count: 25  Min: 0.599016  Max: 0.831704  Mean: 0.701657
[cartographer_node-1] [0.599016, 0.622285)	               #####	Count: 6 (24%)	Total: 6 (24%)
[cartographer_node-1] [0.622285, 0.645554)	                   #	Count: 1 (4%)	Total: 7 (28%)
[cartographer_node-1] [0.645554, 0.668822)	                  ##	Count: 3 (12%)	Total: 10 (40%)
[cartographer_node-1] [0.668822, 0.692091)	                   #	Count: 1 (4%)	Total: 11 (44%)
[cartographer_node-1] [0.692091, 0.715360)	                  ##	Count: 2 (8%)	Total: 13 (52%)
[cartographer_node-1] [0.715360, 0.738629)	                 ###	Count: 4 (16%)	Total: 17 (68%)
[cartographer_node-1] [0.738629, 0.761898)	                  ##	Count: 2 (8%)	Total: 19 (76%)
[cartographer_node-1] [0.761898, 0.785167)	                  ##	Count: 2 (8%)	Total: 21 (84%)
[cartographer_node-1] [0.785167, 0.808435)	                  ##	Count: 2 (8%)	Total: 23 (92%)
[cartographer_node-1] [0.808435, 0.831704]	                  ##	Count: 2 (8%)	Total: 25 (100%)
[cartographer_node-1] [INFO] [1778669143.526785669] [cartographer logger]: I0513 19:45:43.000000 50708 pose_graph_2d.cc:538] Remaining work items in queue: 1
[cartographer_node-1] [INFO] [1778669143.526910458] [cartographer logger]: I0513 19:45:43.000000 50708 constraint_builder_2d.cc:290] 0 computations resulted in 0 additional constraints.
[cartographer_node-1] [INFO] [1778669143.527112612] [cartographer logger]: I0513 19:45:43.000000 50708 constraint_builder_2d.cc:292] Score histogram:
[cartographer_node-1] Count: 25  Min: 0.599016  Max: 0.831704  Mean: 0.701657
[cartographer_node-1] [0.599016, 0.622285)	               #####	Count: 6 (24%)	Total: 6 (24%)
[cartographer_node-1] [0.622285, 0.645554)	                   #	Count: 1 (4%)	Total: 7 (28%)
[cartographer_node-1] [0.645554, 0.668822)	                  ##	Count: 3 (12%)	Total: 10 (40%)
[cartographer_node-1] [0.668822, 0.692091)	                   #	Count: 1 (4%)	Total: 11 (44%)
[cartographer_node-1] [0.692091, 0.715360)	                  ##	Count: 2 (8%)	Total: 13 (52%)
[cartographer_node-1] [0.715360, 0.738629)	                 ###	Count: 4 (16%)	Total: 17 (68%)
[cartographer_node-1] [0.738629, 0.761898)	                  ##	Count: 2 (8%)	Total: 19 (76%)
[cartographer_node-1] [0.761898, 0.785167)	                  ##	Count: 2 (8%)	Total: 21 (84%)
[cartographer_node-1] [0.785167, 0.808435)	                  ##	Count: 2 (8%)	Total: 23 (92%)
[cartographer_node-1] [0.808435, 0.831704]	                  ##	Count: 2 (8%)	Total: 25 (100%)
[cartographer_node-1] [INFO] [1778669143.724273458] [cartographer logger]: I0513 19:45:43.000000 50710 pose_graph_2d.cc:538] Remaining work items in queue: 1
[cartographer_node-1] [INFO] [1778669143.724359381] [cartographer logger]: I0513 19:45:43.000000 50710 constraint_builder_2d.cc:290] 0 computations resulted in 0 additional constraints.
[cartographer_node-1] [INFO] [1778669143.724629298] [cartographer logger]: I0513 19:45:43.000000 50710 constraint_builder_2d.cc:292] Score histogram:
[cartographer_node-1] Count: 25  Min: 0.599016  Max: 0.831704  Mean: 0.701657
[cartographer_node-1] [0.599016, 0.622285)	               #####	Count: 6 (24%)	Total: 6 (24%)
[cartographer_node-1] [0.622285, 0.645554)	                   #	Count: 1 (4%)	Total: 7 (28%)
[cartographer_node-1] [0.645554, 0.668822)	                  ##	Count: 3 (12%)	Total: 10 (40%)
[cartographer_node-1] [0.668822, 0.692091)	                   #	Count: 1 (4%)	Total: 11 (44%)
[cartographer_node-1] [0.692091, 0.715360)	                  ##	Count: 2 (8%)	Total: 13 (52%)
[cartographer_node-1] [0.715360, 0.738629)	                 ###	Count: 4 (16%)	Total: 17 (68%)
[cartographer_node-1] [0.738629, 0.761898)	                  ##	Count: 2 (8%)	Total: 19 (76%)
[cartographer_node-1] [0.761898, 0.785167)	                  ##	Count: 2 (8%)	Total: 21 (84%)
[cartographer_node-1] [0.785167, 0.808435)	                  ##	Count: 2 (8%)	Total: 23 (92%)
[cartographer_node-1] [0.808435, 0.831704]	                  ##	Count: 2 (8%)	Total: 25 (100%)
[cartographer_node-1] [INFO] [1778669143.901408799] [cartographer logger]: I0513 19:45:43.000000 50708 pose_graph_2d.cc:538] Remaining work items in queue: 1
[cartographer_node-1] [INFO] [1778669143.901510969] [cartographer logger]: I0513 19:45:43.000000 50708 constraint_builder_2d.cc:290] 0 computations resulted in 0 additional constraints.
[cartographer_node-1] [INFO] [1778669143.902509818] [cartographer logger]: I0513 19:45:43.000000 50708 constraint_builder_2d.cc:292] Score histogram:
[cartographer_node-1] Count: 25  Min: 0.599016  Max: 0.831704  Mean: 0.701657
[cartographer_node-1] [0.599016, 0.622285)	               #####	Count: 6 (24%)	Total: 6 (24%)
[cartographer_node-1] [0.622285, 0.645554)	                   #	Count: 1 (4%)	Total: 7 (28%)
[cartographer_node-1] [0.645554, 0.668822)	                  ##	Count: 3 (12%)	Total: 10 (40%)
[cartographer_node-1] [0.668822, 0.692091)	                   #	Count: 1 (4%)	Total: 11 (44%)
[cartographer_node-1] [0.692091, 0.715360)	                  ##	Count: 2 (8%)	Total: 13 (52%)
[cartographer_node-1] [0.715360, 0.738629)	                 ###	Count: 4 (16%)	Total: 17 (68%)
[cartographer_node-1] [0.738629, 0.761898)	                  ##	Count: 2 (8%)	Total: 19 (76%)
[cartographer_node-1] [0.761898, 0.785167)	                  ##	Count: 2 (8%)	Total: 21 (84%)
[cartographer_node-1] [0.785167, 0.808435)	                  ##	Count: 2 (8%)	Total: 23 (92%)
[cartographer_node-1] [0.808435, 0.831704]	                  ##	Count: 2 (8%)	Total: 25 (100%)
[cartographer_node-1] [INFO] [1778669144.011308428] [cartographer logger]: I0513 19:45:44.000000 50711 pose_graph_2d.cc:538] Remaining work items in queue: 2
[cartographer_node-1] [INFO] [1778669144.066753156] [cartographer logger]: I0513 19:45:44.000000 50709 constraint_builder_2d.cc:290] 1 computations resulted in 0 additional constraints.
[cartographer_node-1] [INFO] [1778669144.066789466] [cartographer logger]: I0513 19:45:44.000000 50709 constraint_builder_2d.cc:292] Score histogram:
[cartographer_node-1] Count: 25  Min: 0.599016  Max: 0.831704  Mean: 0.701657
[cartographer_node-1] [0.599016, 0.622285)	               #####	Count: 6 (24%)	Total: 6 (24%)
[cartographer_node-1] [0.622285, 0.645554)	                   #	Count: 1 (4%)	Total: 7 (28%)
[cartographer_node-1] [0.645554, 0.668822)	                  ##	Count: 3 (12%)	Total: 10 (40%)
[cartographer_node-1] [0.668822, 0.692091)	                   #	Count: 1 (4%)	Total: 11 (44%)
[cartographer_node-1] [0.692091, 0.715360)	                  ##	Count: 2 (8%)	Total: 13 (52%)
[cartographer_node-1] [0.715360, 0.738629)	                 ###	Count: 4 (16%)	Total: 17 (68%)
[cartographer_node-1] [0.738629, 0.761898)	                  ##	Count: 2 (8%)	Total: 19 (76%)
[cartographer_node-1] [0.761898, 0.785167)	                  ##	Count: 2 (8%)	Total: 21 (84%)
[cartographer_node-1] [0.785167, 0.808435)	                  ##	Count: 2 (8%)	Total: 23 (92%)
[cartographer_node-1] [0.808435, 0.831704]	                  ##	Count: 2 (8%)	Total: 25 (100%)
[cartographer_node-1] [INFO] [1778669144.094890631] [cartographer logger]: I0513 19:45:44.000000 50710 pose_graph_2d.cc:538] Remaining work items in queue: 1
[cartographer_node-1] [INFO] [1778669144.094934766] [cartographer logger]: I0513 19:45:44.000000 50710 constraint_builder_2d.cc:290] 0 computations resulted in 0 additional constraints.
[cartographer_node-1] [INFO] [1778669144.095307152] [cartographer logger]: I0513 19:45:44.000000 50710 constraint_builder_2d.cc:292] Score histogram:
[cartographer_node-1] Count: 25  Min: 0.599016  Max: 0.831704  Mean: 0.701657
[cartographer_node-1] [0.599016, 0.622285)	               #####	Count: 6 (24%)	Total: 6 (24%)
[cartographer_node-1] [0.622285, 0.645554)	                   #	Count: 1 (4%)	Total: 7 (28%)
[cartographer_node-1] [0.645554, 0.668822)	                  ##	Count: 3 (12%)	Total: 10 (40%)
[cartographer_node-1] [0.668822, 0.692091)	                   #	Count: 1 (4%)	Total: 11 (44%)
[cartographer_node-1] [0.692091, 0.715360)	                  ##	Count: 2 (8%)	Total: 13 (52%)
[cartographer_node-1] [0.715360, 0.738629)	                 ###	Count: 4 (16%)	Total: 17 (68%)
[cartographer_node-1] [0.738629, 0.761898)	                  ##	Count: 2 (8%)	Total: 19 (76%)
[cartographer_node-1] [0.761898, 0.785167)	                  ##	Count: 2 (8%)	Total: 21 (84%)
[cartographer_node-1] [0.785167, 0.808435)	                  ##	Count: 2 (8%)	Total: 23 (92%)
[cartographer_node-1] [0.808435, 0.831704]	                  ##	Count: 2 (8%)	Total: 25 (100%)
[cartographer_node-1] [INFO] [1778669144.152433752] [cartographer logger]: I0513 19:45:44.000000 50709 pose_graph_2d.cc:538] Remaining work items in queue: 1
[cartographer_node-1] [INFO] [1778669144.152525087] [cartographer logger]: I0513 19:45:44.000000 50709 constraint_builder_2d.cc:290] 0 computations resulted in 0 additional constraints.
[cartographer_node-1] [INFO] [1778669144.152809063] [cartographer logger]: I0513 19:45:44.000000 50709 constraint_builder_2d.cc:292] Score histogram:
[cartographer_node-1] Count: 25  Min: 0.599016  Max: 0.831704  Mean: 0.701657
[cartographer_node-1] [0.599016, 0.622285)	               #####	Count: 6 (24%)	Total: 6 (24%)
[cartographer_node-1] [0.622285, 0.645554)	                   #	Count: 1 (4%)	Total: 7 (28%)
[cartographer_node-1] [0.645554, 0.668822)	                  ##	Count: 3 (12%)	Total: 10 (40%)
[cartographer_node-1] [0.668822, 0.692091)	                   #	Count: 1 (4%)	Total: 11 (44%)
[cartographer_node-1] [0.692091, 0.715360)	                  ##	Count: 2 (8%)	Total: 13 (52%)
[cartographer_node-1] [0.715360, 0.738629)	                 ###	Count: 4 (16%)	Total: 17 (68%)
[cartographer_node-1] [0.738629, 0.761898)	                  ##	Count: 2 (8%)	Total: 19 (76%)
[cartographer_node-1] [0.761898, 0.785167)	                  ##	Count: 2 (8%)	Total: 21 (84%)
[cartographer_node-1] [0.785167, 0.808435)	                  ##	Count: 2 (8%)	Total: 23 (92%)
[cartographer_node-1] [0.808435, 0.831704]	                  ##	Count: 2 (8%)	Total: 25 (100%)
[cartographer_node-1] [INFO] [1778669144.221743303] [cartographer logger]: I0513 19:45:44.000000 50710 pose_graph_2d.cc:538] Remaining work items in queue: 1
[cartographer_node-1] [INFO] [1778669144.221795020] [cartographer logger]: I0513 19:45:44.000000 50710 constraint_builder_2d.cc:290] 0 computations resulted in 0 additional constraints.
[cartographer_node-1] [INFO] [1778669144.222125257] [cartographer logger]: I0513 19:45:44.000000 50710 constraint_builder_2d.cc:292] Score histogram:
[cartographer_node-1] Count: 25  Min: 0.599016  Max: 0.831704  Mean: 0.701657
[cartographer_node-1] [0.599016, 0.622285)	               #####	Count: 6 (24%)	Total: 6 (24%)
[cartographer_node-1] [0.622285, 0.645554)	                   #	Count: 1 (4%)	Total: 7 (28%)
[cartographer_node-1] [0.645554, 0.668822)	                  ##	Count: 3 (12%)	Total: 10 (40%)
[cartographer_node-1] [0.668822, 0.692091)	                   #	Count: 1 (4%)	Total: 11 (44%)
[cartographer_node-1] [0.692091, 0.715360)	                  ##	Count: 2 (8%)	Total: 13 (52%)
[cartographer_node-1] [0.715360, 0.738629)	                 ###	Count: 4 (16%)	Total: 17 (68%)
[cartographer_node-1] [0.738629, 0.761898)	                  ##	Count: 2 (8%)	Total: 19 (76%)
[cartographer_node-1] [0.761898, 0.785167)	                  ##	Count: 2 (8%)	Total: 21 (84%)
[cartographer_node-1] [0.785167, 0.808435)	                  ##	Count: 2 (8%)	Total: 23 (92%)
[cartographer_node-1] [0.808435, 0.831704]	                  ##	Count: 2 (8%)	Total: 25 (100%)
[cartographer_node-1] [INFO] [1778669144.300591546] [cartographer logger]: I0513 19:45:44.000000 50708 pose_graph_2d.cc:538] Remaining work items in queue: 1
[cartographer_node-1] [INFO] [1778669144.300624532] [cartographer logger]: I0513 19:45:44.000000 50708 constraint_builder_2d.cc:290] 0 computations resulted in 0 additional constraints.
[cartographer_node-1] [INFO] [1778669144.300779102] [cartographer logger]: I0513 19:45:44.000000 50708 constraint_builder_2d.cc:292] Score histogram:
[cartographer_node-1] Count: 25  Min: 0.599016  Max: 0.831704  Mean: 0.701657
[cartographer_node-1] [0.599016, 0.622285)	               #####	Count: 6 (24%)	Total: 6 (24%)
[cartographer_node-1] [0.622285, 0.645554)	                   #	Count: 1 (4%)	Total: 7 (28%)
[cartographer_node-1] [0.645554, 0.668822)	                  ##	Count: 3 (12%)	Total: 10 (40%)
[cartographer_node-1] [0.668822, 0.692091)	                   #	Count: 1 (4%)	Total: 11 (44%)
[cartographer_node-1] [0.692091, 0.715360)	                  ##	Count: 2 (8%)	Total: 13 (52%)
[cartographer_node-1] [0.715360, 0.738629)	                 ###	Count: 4 (16%)	Total: 17 (68%)
[cartographer_node-1] [0.738629, 0.761898)	                  ##	Count: 2 (8%)	Total: 19 (76%)
[cartographer_node-1] [0.761898, 0.785167)	                  ##	Count: 2 (8%)	Total: 21 (84%)
[cartographer_node-1] [0.785167, 0.808435)	                  ##	Count: 2 (8%)	Total: 23 (92%)
[cartographer_node-1] [0.808435, 0.831704]	                  ##	Count: 2 (8%)	Total: 25 (100%)
[cartographer_node-1] [INFO] [1778669144.392721505] [cartographer logger]: I0513 19:45:44.000000 50708 pose_graph_2d.cc:538] Remaining work items in queue: 0
[cartographer_node-1] [INFO] [1778669144.405480800] [cartographer logger]: I0513 19:45:44.000000 50709 constraint_builder_2d.cc:275] Node (1, 442) with 213 points on submap (0, 12) matches with score 66.4%.
[cartographer_node-1] [INFO] [1778669144.405548943] [cartographer logger]: I0513 19:45:44.000000 50709 constraint_builder_2d.cc:290] 1 computations resulted in 1 additional constraints.
[cartographer_node-1] [INFO] [1778669144.405575392] [cartographer logger]: I0513 19:45:44.000000 50709 constraint_builder_2d.cc:292] Score histogram:
[cartographer_node-1] Count: 26  Min: 0.599016  Max: 0.831704  Mean: 0.700221
[cartographer_node-1] [0.599016, 0.622285)	               #####	Count: 6 (23.0769%)	Total: 6 (23.0769%)
[cartographer_node-1] [0.622285, 0.645554)	                   #	Count: 1 (3.84615%)	Total: 7 (26.9231%)
[cartographer_node-1] [0.645554, 0.668822)	                 ###	Count: 4 (15.3846%)	Total: 11 (42.3077%)
[cartographer_node-1] [0.668822, 0.692091)	                   #	Count: 1 (3.84615%)	Total: 12 (46.1538%)
[cartographer_node-1] [0.692091, 0.715360)	                  ##	Count: 2 (7.69231%)	Total: 14 (53.8462%)
[cartographer_node-1] [0.715360, 0.738629)	                 ###	Count: 4 (15.3846%)	Total: 18 (69.2308%)
[cartographer_node-1] [0.738629, 0.761898)	                  ##	Count: 2 (7.69231%)	Total: 20 (76.9231%)
[cartographer_node-1] [0.761898, 0.785167)	                  ##	Count: 2 (7.69231%)	Total: 22 (84.6154%)
[cartographer_node-1] [0.785167, 0.808435)	                  ##	Count: 2 (7.69231%)	Total: 24 (92.3077%)
[cartographer_node-1] [0.808435, 0.831704]	                  ##	Count: 2 (7.69231%)	Total: 26 (100%)
[cartographer_node-1] [INFO] [1778669144.476221710] [cartographer logger]: I0513 19:45:44.000000 50710 pose_graph_2d.cc:538] Remaining work items in queue: 1
[cartographer_node-1] [INFO] [1778669144.476274723] [cartographer logger]: I0513 19:45:44.000000 50710 constraint_builder_2d.cc:290] 0 computations resulted in 0 additional constraints.
[cartographer_node-1] [INFO] [1778669144.476491283] [cartographer logger]: I0513 19:45:44.000000 50710 constraint_builder_2d.cc:292] Score histogram:
[cartographer_node-1] Count: 26  Min: 0.599016  Max: 0.831704  Mean: 0.700221
[cartographer_node-1] [0.599016, 0.622285)	               #####	Count: 6 (23.0769%)	Total: 6 (23.0769%)
[cartographer_node-1] [0.622285, 0.645554)	                   #	Count: 1 (3.84615%)	Total: 7 (26.9231%)
[cartographer_node-1] [0.645554, 0.668822)	                 ###	Count: 4 (15.3846%)	Total: 11 (42.3077%)
[cartographer_node-1] [0.668822, 0.692091)	                   #	Count: 1 (3.84615%)	Total: 12 (46.1538%)
[cartographer_node-1] [0.692091, 0.715360)	                  ##	Count: 2 (7.69231%)	Total: 14 (53.8462%)
[cartographer_node-1] [0.715360, 0.738629)	                 ###	Count: 4 (15.3846%)	Total: 18 (69.2308%)
[cartographer_node-1] [0.738629, 0.761898)	                  ##	Count: 2 (7.69231%)	Total: 20 (76.9231%)
[cartographer_node-1] [0.761898, 0.785167)	                  ##	Count: 2 (7.69231%)	Total: 22 (84.6154%)
[cartographer_node-1] [0.785167, 0.808435)	                  ##	Count: 2 (7.69231%)	Total: 24 (92.3077%)
[cartographer_node-1] [0.808435, 0.831704]	                  ##	Count: 2 (7.69231%)	Total: 26 (100%)
[cartographer_node-1] [INFO] [1778669144.526282232] [cartographer logger]: I0513 19:45:44.000000 50709 pose_graph_2d.cc:538] Remaining work items in queue: 1
[cartographer_node-1] [INFO] [1778669144.569754135] [cartographer logger]: I0513 19:45:44.000000 50694 pose_graph_2d.cc:148] Inserted submap (1, 5).
[cartographer_node-1] [INFO] [1778669144.609862200] [cartographer logger]: I0513 19:45:44.000000 50710 constraint_builder_2d.cc:275] Node (0, 654) with 205 points on submap (1, 3) matches with score 65.5%.
[cartographer_node-1] [INFO] [1778669144.616816271] [cartographer logger]: I0513 19:45:44.000000 50711 constraint_builder_2d.cc:275] Node (0, 1254) with 208 points on submap (1, 3) matches with score 71.6%.
[cartographer_node-1] [INFO] [1778669144.631500078] [cartographer logger]: I0513 19:45:44.000000 50709 constraint_builder_2d.cc:275] Node (0, 54) with 207 points on submap (1, 3) matches with score 61.4%.
[cartographer_node-1] [INFO] [1778669144.718800101] [cartographer logger]: I0513 19:45:44.000000 50711 constraint_builder_2d.cc:290] 8 computations resulted in 3 additional constraints.
[cartographer_node-1] [INFO] [1778669144.718901362] [cartographer logger]: I0513 19:45:44.000000 50711 constraint_builder_2d.cc:292] Score histogram:
[cartographer_node-1] Count: 29  Min: 0.599016  Max: 0.831704  Mean: 0.696252
[cartographer_node-1] [0.599016, 0.622285)	               #####	Count: 7 (24.1379%)	Total: 7 (24.1379%)
[cartographer_node-1] [0.622285, 0.645554)	                   #	Count: 1 (3.44828%)	Total: 8 (27.5862%)
[cartographer_node-1] [0.645554, 0.668822)	                 ###	Count: 5 (17.2414%)	Total: 13 (44.8276%)
[cartographer_node-1] [0.668822, 0.692091)	                   #	Count: 1 (3.44828%)	Total: 14 (48.2759%)
[cartographer_node-1] [0.692091, 0.715360)	                   #	Count: 2 (6.89655%)	Total: 16 (55.1724%)
[cartographer_node-1] [0.715360, 0.738629)	                 ###	Count: 5 (17.2414%)	Total: 21 (72.4138%)
[cartographer_node-1] [0.738629, 0.761898)	                   #	Count: 2 (6.89655%)	Total: 23 (79.3103%)
[cartographer_node-1] [0.761898, 0.785167)	                   #	Count: 2 (6.89655%)	Total: 25 (86.2069%)
[cartographer_node-1] [0.785167, 0.808435)	                   #	Count: 2 (6.89655%)	Total: 27 (93.1034%)
[cartographer_node-1] [0.808435, 0.831704]	                   #	Count: 2 (6.89655%)	Total: 29 (100%)
[cartographer_node-1] [INFO] [1778669144.740987381] [cartographer logger]: I0513 19:45:44.000000 50711 pose_graph_2d.cc:538] Remaining work items in queue: 15
[cartographer_node-1] [INFO] [1778669144.741039057] [cartographer logger]: I0513 19:45:44.000000 50711 constraint_builder_2d.cc:290] 0 computations resulted in 0 additional constraints.
[cartographer_node-1] [INFO] [1778669144.741092068] [cartographer logger]: I0513 19:45:44.000000 50711 constraint_builder_2d.cc:292] Score histogram:
[cartographer_node-1] Count: 29  Min: 0.599016  Max: 0.831704  Mean: 0.696252
[cartographer_node-1] [0.599016, 0.622285)	               #####	Count: 7 (24.1379%)	Total: 7 (24.1379%)
[cartographer_node-1] [0.622285, 0.645554)	                   #	Count: 1 (3.44828%)	Total: 8 (27.5862%)
[cartographer_node-1] [0.645554, 0.668822)	                 ###	Count: 5 (17.2414%)	Total: 13 (44.8276%)
[cartographer_node-1] [0.668822, 0.692091)	                   #	Count: 1 (3.44828%)	Total: 14 (48.2759%)
[cartographer_node-1] [0.692091, 0.715360)	                   #	Count: 2 (6.89655%)	Total: 16 (55.1724%)
[cartographer_node-1] [0.715360, 0.738629)	                 ###	Count: 5 (17.2414%)	Total: 21 (72.4138%)
[cartographer_node-1] [0.738629, 0.761898)	                   #	Count: 2 (6.89655%)	Total: 23 (79.3103%)
[cartographer_node-1] [0.761898, 0.785167)	                   #	Count: 2 (6.89655%)	Total: 25 (86.2069%)
[cartographer_node-1] [0.785167, 0.808435)	                   #	Count: 2 (6.89655%)	Total: 27 (93.1034%)
[cartographer_node-1] [0.808435, 0.831704]	                   #	Count: 2 (6.89655%)	Total: 29 (100%)
[cartographer_node-1] [INFO] [1778669144.750511933] [cartographer logger]: I0513 19:45:44.000000 50711 pose_graph_2d.cc:538] Remaining work items in queue: 9
[cartographer_node-1] [INFO] [1778669144.750557893] [cartographer logger]: I0513 19:45:44.000000 50711 constraint_builder_2d.cc:290] 0 computations resulted in 0 additional constraints.
[cartographer_node-1] [INFO] [1778669144.750720421] [cartographer logger]: I0513 19:45:44.000000 50711 constraint_builder_2d.cc:292] Score histogram:
[cartographer_node-1] Count: 29  Min: 0.599016  Max: 0.831704  Mean: 0.696252
[cartographer_node-1] [0.599016, 0.622285)	               #####	Count: 7 (24.1379%)	Total: 7 (24.1379%)
[cartographer_node-1] [0.622285, 0.645554)	                   #	Count: 1 (3.44828%)	Total: 8 (27.5862%)
[cartographer_node-1] [0.645554, 0.668822)	                 ###	Count: 5 (17.2414%)	Total: 13 (44.8276%)
[cartographer_node-1] [0.668822, 0.692091)	                   #	Count: 1 (3.44828%)	Total: 14 (48.2759%)
[cartographer_node-1] [0.692091, 0.715360)	                   #	Count: 2 (6.89655%)	Total: 16 (55.1724%)
[cartographer_node-1] [0.715360, 0.738629)	                 ###	Count: 5 (17.2414%)	Total: 21 (72.4138%)
[cartographer_node-1] [0.738629, 0.761898)	                   #	Count: 2 (6.89655%)	Total: 23 (79.3103%)
[cartographer_node-1] [0.761898, 0.785167)	                   #	Count: 2 (6.89655%)	Total: 25 (86.2069%)
[cartographer_node-1] [0.785167, 0.808435)	                   #	Count: 2 (6.89655%)	Total: 27 (93.1034%)
[cartographer_node-1] [0.808435, 0.831704]	                   #	Count: 2 (6.89655%)	Total: 29 (100%)
[cartographer_node-1] [INFO] [1778669144.774859024] [cartographer logger]: I0513 19:45:44.000000 50709 pose_graph_2d.cc:538] Remaining work items in queue: 1
[cartographer_node-1] [INFO] [1778669144.859414738] [cartographer logger]: I0513 19:45:44.000000 50711 constraint_builder_2d.cc:290] 1 computations resulted in 0 additional constraints.
[cartographer_node-1] [INFO] [1778669144.859451568] [cartographer logger]: I0513 19:45:44.000000 50711 constraint_builder_2d.cc:292] Score histogram:
[cartographer_node-1] Count: 29  Min: 0.599016  Max: 0.831704  Mean: 0.696252
[cartographer_node-1] [0.599016, 0.622285)	               #####	Count: 7 (24.1379%)	Total: 7 (24.1379%)
[cartographer_node-1] [0.622285, 0.645554)	                   #	Count: 1 (3.44828%)	Total: 8 (27.5862%)
[cartographer_node-1] [0.645554, 0.668822)	                 ###	Count: 5 (17.2414%)	Total: 13 (44.8276%)
[cartographer_node-1] [0.668822, 0.692091)	                   #	Count: 1 (3.44828%)	Total: 14 (48.2759%)
[cartographer_node-1] [0.692091, 0.715360)	                   #	Count: 2 (6.89655%)	Total: 16 (55.1724%)
[cartographer_node-1] [0.715360, 0.738629)	                 ###	Count: 5 (17.2414%)	Total: 21 (72.4138%)
[cartographer_node-1] [0.738629, 0.761898)	                   #	Count: 2 (6.89655%)	Total: 23 (79.3103%)
[cartographer_node-1] [0.761898, 0.785167)	                   #	Count: 2 (6.89655%)	Total: 25 (86.2069%)
[cartographer_node-1] [0.785167, 0.808435)	                   #	Count: 2 (6.89655%)	Total: 27 (93.1034%)
[cartographer_node-1] [0.808435, 0.831704]	                   #	Count: 2 (6.89655%)	Total: 29 (100%)
[cartographer_node-1] [INFO] [1778669144.867417734] [cartographer logger]: I0513 19:45:44.000000 50711 pose_graph_2d.cc:538] Remaining work items in queue: 2
[cartographer_node-1] [INFO] [1778669144.867462305] [cartographer logger]: I0513 19:45:44.000000 50711 constraint_builder_2d.cc:290] 0 computations resulted in 0 additional constraints.
[cartographer_node-1] [INFO] [1778669144.867533253] [cartographer logger]: I0513 19:45:44.000000 50711 constraint_builder_2d.cc:292] Score histogram:
[cartographer_node-1] Count: 29  Min: 0.599016  Max: 0.831704  Mean: 0.696252
[cartographer_node-1] [0.599016, 0.622285)	               #####	Count: 7 (24.1379%)	Total: 7 (24.1379%)
[cartographer_node-1] [0.622285, 0.645554)	                   #	Count: 1 (3.44828%)	Total: 8 (27.5862%)
[cartographer_node-1] [0.645554, 0.668822)	                 ###	Count: 5 (17.2414%)	Total: 13 (44.8276%)
[cartographer_node-1] [0.668822, 0.692091)	                   #	Count: 1 (3.44828%)	Total: 14 (48.2759%)
[cartographer_node-1] [0.692091, 0.715360)	                   #	Count: 2 (6.89655%)	Total: 16 (55.1724%)
[cartographer_node-1] [0.715360, 0.738629)	                 ###	Count: 5 (17.2414%)	Total: 21 (72.4138%)
[cartographer_node-1] [0.738629, 0.761898)	                   #	Count: 2 (6.89655%)	Total: 23 (79.3103%)
[cartographer_node-1] [0.761898, 0.785167)	                   #	Count: 2 (6.89655%)	Total: 25 (86.2069%)
[cartographer_node-1] [0.785167, 0.808435)	                   #	Count: 2 (6.89655%)	Total: 27 (93.1034%)
[cartographer_node-1] [0.808435, 0.831704]	                   #	Count: 2 (6.89655%)	Total: 29 (100%)
[cartographer_node-1] [INFO] [1778669144.890441309] [cartographer logger]: I0513 19:45:44.000000 50710 pose_graph_2d.cc:538] Remaining work items in queue: 1
[cartographer_node-1] [INFO] [1778669144.890492991] [cartographer logger]: I0513 19:45:44.000000 50710 constraint_builder_2d.cc:290] 0 computations resulted in 0 additional constraints.
[cartographer_node-1] [INFO] [1778669144.890532183] [cartographer logger]: I0513 19:45:44.000000 50710 constraint_builder_2d.cc:292] Score histogram:
[cartographer_node-1] Count: 29  Min: 0.599016  Max: 0.831704  Mean: 0.696252
[cartographer_node-1] [0.599016, 0.622285)	               #####	Count: 7 (24.1379%)	Total: 7 (24.1379%)
[cartographer_node-1] [0.622285, 0.645554)	                   #	Count: 1 (3.44828%)	Total: 8 (27.5862%)
[cartographer_node-1] [0.645554, 0.668822)	                 ###	Count: 5 (17.2414%)	Total: 13 (44.8276%)
[cartographer_node-1] [0.668822, 0.692091)	                   #	Count: 1 (3.44828%)	Total: 14 (48.2759%)
[cartographer_node-1] [0.692091, 0.715360)	                   #	Count: 2 (6.89655%)	Total: 16 (55.1724%)
[cartographer_node-1] [0.715360, 0.738629)	                 ###	Count: 5 (17.2414%)	Total: 21 (72.4138%)
[cartographer_node-1] [0.738629, 0.761898)	                   #	Count: 2 (6.89655%)	Total: 23 (79.3103%)
[cartographer_node-1] [0.761898, 0.785167)	                   #	Count: 2 (6.89655%)	Total: 25 (86.2069%)
[cartographer_node-1] [0.785167, 0.808435)	                   #	Count: 2 (6.89655%)	Total: 27 (93.1034%)
[cartographer_node-1] [0.808435, 0.831704]	                   #	Count: 2 (6.89655%)	Total: 29 (100%)
[cartographer_node-1] [INFO] [1778669144.999338213] [cartographer logger]: I0513 19:45:44.000000 50710 pose_graph_2d.cc:538] Remaining work items in queue: 1
[cartographer_node-1] [INFO] [1778669144.999405104] [cartographer logger]: I0513 19:45:44.000000 50710 constraint_builder_2d.cc:290] 0 computations resulted in 0 additional constraints.
[cartographer_node-1] [INFO] [1778669144.999795000] [cartographer logger]: I0513 19:45:44.000000 50710 constraint_builder_2d.cc:292] Score histogram:
[cartographer_node-1] Count: 29  Min: 0.599016  Max: 0.831704  Mean: 0.696252
[cartographer_node-1] [0.599016, 0.622285)	               #####	Count: 7 (24.1379%)	Total: 7 (24.1379%)
[cartographer_node-1] [0.622285, 0.645554)	                   #	Count: 1 (3.44828%)	Total: 8 (27.5862%)
[cartographer_node-1] [0.645554, 0.668822)	                 ###	Count: 5 (17.2414%)	Total: 13 (44.8276%)
[cartographer_node-1] [0.668822, 0.692091)	                   #	Count: 1 (3.44828%)	Total: 14 (48.2759%)
[cartographer_node-1] [0.692091, 0.715360)	                   #	Count: 2 (6.89655%)	Total: 16 (55.1724%)
[cartographer_node-1] [0.715360, 0.738629)	                 ###	Count: 5 (17.2414%)	Total: 21 (72.4138%)
[cartographer_node-1] [0.738629, 0.761898)	                   #	Count: 2 (6.89655%)	Total: 23 (79.3103%)
[cartographer_node-1] [0.761898, 0.785167)	                   #	Count: 2 (6.89655%)	Total: 25 (86.2069%)
[cartographer_node-1] [0.785167, 0.808435)	                   #	Count: 2 (6.89655%)	Total: 27 (93.1034%)
[cartographer_node-1] [0.808435, 0.831704]	                   #	Count: 2 (6.89655%)	Total: 29 (100%)
[cartographer_node-1] [INFO] [1778669145.045137202] [cartographer logger]: I0513 19:45:45.000000 50711 pose_graph_2d.cc:538] Remaining work items in queue: 1
[cartographer_node-1] [INFO] [1778669145.045188274] [cartographer logger]: I0513 19:45:45.000000 50711 constraint_builder_2d.cc:290] 0 computations resulted in 0 additional constraints.
[cartographer_node-1] [INFO] [1778669145.045613755] [cartographer logger]: I0513 19:45:45.000000 50711 constraint_builder_2d.cc:292] Score histogram:
[cartographer_node-1] Count: 29  Min: 0.599016  Max: 0.831704  Mean: 0.696252
[cartographer_node-1] [0.599016, 0.622285)	               #####	Count: 7 (24.1379%)	Total: 7 (24.1379%)
[cartographer_node-1] [0.622285, 0.645554)	                   #	Count: 1 (3.44828%)	Total: 8 (27.5862%)
[cartographer_node-1] [0.645554, 0.668822)	                 ###	Count: 5 (17.2414%)	Total: 13 (44.8276%)
[cartographer_node-1] [0.668822, 0.692091)	                   #	Count: 1 (3.44828%)	Total: 14 (48.2759%)
[cartographer_node-1] [0.692091, 0.715360)	                   #	Count: 2 (6.89655%)	Total: 16 (55.1724%)
[cartographer_node-1] [0.715360, 0.738629)	                 ###	Count: 5 (17.2414%)	Total: 21 (72.4138%)
[cartographer_node-1] [0.738629, 0.761898)	                   #	Count: 2 (6.89655%)	Total: 23 (79.3103%)
[cartographer_node-1] [0.761898, 0.785167)	                   #	Count: 2 (6.89655%)	Total: 25 (86.2069%)
[cartographer_node-1] [0.785167, 0.808435)	                   #	Count: 2 (6.89655%)	Total: 27 (93.1034%)
[cartographer_node-1] [0.808435, 0.831704]	                   #	Count: 2 (6.89655%)	Total: 29 (100%)
[cartographer_node-1] [INFO] [1778669145.112081572] [cartographer logger]: I0513 19:45:45.000000 50708 pose_graph_2d.cc:538] Remaining work items in queue: 1
[cartographer_node-1] [INFO] [1778669145.112107331] [cartographer logger]: I0513 19:45:45.000000 50708 constraint_builder_2d.cc:290] 1 computations resulted in 0 additional constraints.
[cartographer_node-1] [INFO] [1778669145.112126456] [cartographer logger]: I0513 19:45:45.000000 50708 constraint_builder_2d.cc:292] Score histogram:
[cartographer_node-1] Count: 29  Min: 0.599016  Max: 0.831704  Mean: 0.696252
[cartographer_node-1] [0.599016, 0.622285)	               #####	Count: 7 (24.1379%)	Total: 7 (24.1379%)
[cartographer_node-1] [0.622285, 0.645554)	                   #	Count: 1 (3.44828%)	Total: 8 (27.5862%)
[cartographer_node-1] [0.645554, 0.668822)	                 ###	Count: 5 (17.2414%)	Total: 13 (44.8276%)
[cartographer_node-1] [0.668822, 0.692091)	                   #	Count: 1 (3.44828%)	Total: 14 (48.2759%)
[cartographer_node-1] [0.692091, 0.715360)	                   #	Count: 2 (6.89655%)	Total: 16 (55.1724%)
[cartographer_node-1] [0.715360, 0.738629)	                 ###	Count: 5 (17.2414%)	Total: 21 (72.4138%)
[cartographer_node-1] [0.738629, 0.761898)	                   #	Count: 2 (6.89655%)	Total: 23 (79.3103%)
[cartographer_node-1] [0.761898, 0.785167)	                   #	Count: 2 (6.89655%)	Total: 25 (86.2069%)
[cartographer_node-1] [0.785167, 0.808435)	                   #	Count: 2 (6.89655%)	Total: 27 (93.1034%)
[cartographer_node-1] [0.808435, 0.831704]	                   #	Count: 2 (6.89655%)	Total: 29 (100%)
[cartographer_node-1] [INFO] [1778669145.200302482] [cartographer logger]: I0513 19:45:45.000000 50708 pose_graph_2d.cc:538] Remaining work items in queue: 1
[cartographer_node-1] [INFO] [1778669145.200335449] [cartographer logger]: I0513 19:45:45.000000 50708 constraint_builder_2d.cc:290] 0 computations resulted in 0 additional constraints.
[cartographer_node-1] [INFO] [1778669145.200798089] [cartographer logger]: I0513 19:45:45.000000 50708 constraint_builder_2d.cc:292] Score histogram:
[cartographer_node-1] Count: 29  Min: 0.599016  Max: 0.831704  Mean: 0.696252
[cartographer_node-1] [0.599016, 0.622285)	               #####	Count: 7 (24.1379%)	Total: 7 (24.1379%)
[cartographer_node-1] [0.622285, 0.645554)	                   #	Count: 1 (3.44828%)	Total: 8 (27.5862%)
[cartographer_node-1] [0.645554, 0.668822)	                 ###	Count: 5 (17.2414%)	Total: 13 (44.8276%)
[cartographer_node-1] [0.668822, 0.692091)	                   #	Count: 1 (3.44828%)	Total: 14 (48.2759%)
[cartographer_node-1] [0.692091, 0.715360)	                   #	Count: 2 (6.89655%)	Total: 16 (55.1724%)
[cartographer_node-1] [0.715360, 0.738629)	                 ###	Count: 5 (17.2414%)	Total: 21 (72.4138%)
[cartographer_node-1] [0.738629, 0.761898)	                   #	Count: 2 (6.89655%)	Total: 23 (79.3103%)
[cartographer_node-1] [0.761898, 0.785167)	                   #	Count: 2 (6.89655%)	Total: 25 (86.2069%)
[cartographer_node-1] [0.785167, 0.808435)	                   #	Count: 2 (6.89655%)	Total: 27 (93.1034%)
[cartographer_node-1] [0.808435, 0.831704]	                   #	Count: 2 (6.89655%)	Total: 29 (100%)
[cartographer_node-1] [INFO] [1778669145.284347230] [cartographer logger]: I0513 19:45:45.000000 50708 pose_graph_2d.cc:538] Remaining work items in queue: 1
[cartographer_node-1] [INFO] [1778669145.284447275] [cartographer logger]: I0513 19:45:45.000000 50708 constraint_builder_2d.cc:290] 0 computations resulted in 0 additional constraints.
[cartographer_node-1] [INFO] [1778669145.285460549] [cartographer logger]: I0513 19:45:45.000000 50708 constraint_builder_2d.cc:292] Score histogram:
[cartographer_node-1] Count: 29  Min: 0.599016  Max: 0.831704  Mean: 0.696252
[cartographer_node-1] [0.599016, 0.622285)	               #####	Count: 7 (24.1379%)	Total: 7 (24.1379%)
[cartographer_node-1] [0.622285, 0.645554)	                   #	Count: 1 (3.44828%)	Total: 8 (27.5862%)
[cartographer_node-1] [0.645554, 0.668822)	                 ###	Count: 5 (17.2414%)	Total: 13 (44.8276%)
[cartographer_node-1] [0.668822, 0.692091)	                   #	Count: 1 (3.44828%)	Total: 14 (48.2759%)
[cartographer_node-1] [0.692091, 0.715360)	                   #	Count: 2 (6.89655%)	Total: 16 (55.1724%)
[cartographer_node-1] [0.715360, 0.738629)	                 ###	Count: 5 (17.2414%)	Total: 21 (72.4138%)
[cartographer_node-1] [0.738629, 0.761898)	                   #	Count: 2 (6.89655%)	Total: 23 (79.3103%)
[cartographer_node-1] [0.761898, 0.785167)	                   #	Count: 2 (6.89655%)	Total: 25 (86.2069%)
[cartographer_node-1] [0.785167, 0.808435)	                   #	Count: 2 (6.89655%)	Total: 27 (93.1034%)
[cartographer_node-1] [0.808435, 0.831704]	                   #	Count: 2 (6.89655%)	Total: 29 (100%)
[cartographer_node-1] [INFO] [1778669145.477237047] [cartographer logger]: I0513 19:45:45.000000 50709 pose_graph_2d.cc:538] Remaining work items in queue: 1
[cartographer_node-1] [INFO] [1778669145.477272952] [cartographer logger]: I0513 19:45:45.000000 50709 constraint_builder_2d.cc:290] 0 computations resulted in 0 additional constraints.
[cartographer_node-1] [INFO] [1778669145.477316122] [cartographer logger]: I0513 19:45:45.000000 50709 constraint_builder_2d.cc:292] Score histogram:
[cartographer_node-1] Count: 29  Min: 0.599016  Max: 0.831704  Mean: 0.696252
[cartographer_node-1] [0.599016, 0.622285)	               #####	Count: 7 (24.1379%)	Total: 7 (24.1379%)
[cartographer_node-1] [0.622285, 0.645554)	                   #	Count: 1 (3.44828%)	Total: 8 (27.5862%)
[cartographer_node-1] [0.645554, 0.668822)	                 ###	Count: 5 (17.2414%)	Total: 13 (44.8276%)
[cartographer_node-1] [0.668822, 0.692091)	                   #	Count: 1 (3.44828%)	Total: 14 (48.2759%)
[cartographer_node-1] [0.692091, 0.715360)	                   #	Count: 2 (6.89655%)	Total: 16 (55.1724%)
[cartographer_node-1] [0.715360, 0.738629)	                 ###	Count: 5 (17.2414%)	Total: 21 (72.4138%)
[cartographer_node-1] [0.738629, 0.761898)	                   #	Count: 2 (6.89655%)	Total: 23 (79.3103%)
[cartographer_node-1] [0.761898, 0.785167)	                   #	Count: 2 (6.89655%)	Total: 25 (86.2069%)
[cartographer_node-1] [0.785167, 0.808435)	                   #	Count: 2 (6.89655%)	Total: 27 (93.1034%)
[cartographer_node-1] [0.808435, 0.831704]	                   #	Count: 2 (6.89655%)	Total: 29 (100%)
[cartographer_node-1] [INFO] [1778669145.576659856] [cartographer logger]: I0513 19:45:45.000000 50710 pose_graph_2d.cc:538] Remaining work items in queue: 1
[cartographer_node-1] [INFO] [1778669145.624670294] [cartographer logger]: I0513 19:45:45.000000 50711 constraint_builder_2d.cc:275] Node (1, 485) with 195 points on submap (0, 10) matches with score 58.7%.
[cartographer_node-1] [INFO] [1778669145.624725255] [cartographer logger]: I0513 19:45:45.000000 50711 constraint_builder_2d.cc:290] 1 computations resulted in 1 additional constraints.
[cartographer_node-1] [INFO] [1778669145.624754408] [cartographer logger]: I0513 19:45:45.000000 50711 constraint_builder_2d.cc:292] Score histogram:
[cartographer_node-1] Count: 30  Min: 0.586854  Max: 0.831704  Mean: 0.692605
[cartographer_node-1] [0.586854, 0.611339)	                 ###	Count: 4 (13.3333%)	Total: 4 (13.3333%)
[cartographer_node-1] [0.611339, 0.635824)	                 ###	Count: 4 (13.3333%)	Total: 8 (26.6667%)
[cartographer_node-1] [0.635824, 0.660309)	                 ###	Count: 4 (13.3333%)	Total: 12 (40%)
[cartographer_node-1] [0.660309, 0.684794)	                  ##	Count: 3 (10%)	Total: 15 (50%)
[cartographer_node-1] [0.684794, 0.709279)	                   #	Count: 2 (6.66667%)	Total: 17 (56.6667%)
[cartographer_node-1] [0.709279, 0.733764)	                 ###	Count: 5 (16.6667%)	Total: 22 (73.3333%)
[cartographer_node-1] [0.733764, 0.758249)	                   #	Count: 2 (6.66667%)	Total: 24 (80%)
[cartographer_node-1] [0.758249, 0.782734)	                   #	Count: 2 (6.66667%)	Total: 26 (86.6667%)
[cartographer_node-1] [0.782734, 0.807219)	                   #	Count: 2 (6.66667%)	Total: 28 (93.3333%)
[cartographer_node-1] [0.807219, 0.831704]	                   #	Count: 2 (6.66667%)	Total: 30 (100%)
[cartographer_node-1] [INFO] [1778669145.674597098] [cartographer logger]: I0513 19:45:45.000000 50711 pose_graph_2d.cc:538] Remaining work items in queue: 1
[cartographer_node-1] [INFO] [1778669145.674661247] [cartographer logger]: I0513 19:45:45.000000 50711 constraint_builder_2d.cc:290] 0 computations resulted in 0 additional constraints.
[cartographer_node-1] [INFO] [1778669145.674798779] [cartographer logger]: I0513 19:45:45.000000 50711 constraint_builder_2d.cc:292] Score histogram:
[cartographer_node-1] Count: 30  Min: 0.586854  Max: 0.831704  Mean: 0.692605
[cartographer_node-1] [0.586854, 0.611339)	                 ###	Count: 4 (13.3333%)	Total: 4 (13.3333%)
[cartographer_node-1] [0.611339, 0.635824)	                 ###	Count: 4 (13.3333%)	Total: 8 (26.6667%)
[cartographer_node-1] [0.635824, 0.660309)	                 ###	Count: 4 (13.3333%)	Total: 12 (40%)
[cartographer_node-1] [0.660309, 0.684794)	                  ##	Count: 3 (10%)	Total: 15 (50%)
[cartographer_node-1] [0.684794, 0.709279)	                   #	Count: 2 (6.66667%)	Total: 17 (56.6667%)
[cartographer_node-1] [0.709279, 0.733764)	                 ###	Count: 5 (16.6667%)	Total: 22 (73.3333%)
[cartographer_node-1] [0.733764, 0.758249)	                   #	Count: 2 (6.66667%)	Total: 24 (80%)
[cartographer_node-1] [0.758249, 0.782734)	                   #	Count: 2 (6.66667%)	Total: 26 (86.6667%)
[cartographer_node-1] [0.782734, 0.807219)	                   #	Count: 2 (6.66667%)	Total: 28 (93.3333%)
[cartographer_node-1] [0.807219, 0.831704]	                   #	Count: 2 (6.66667%)	Total: 30 (100%)
[cartographer_node-1] [INFO] [1778669145.724769484] [cartographer logger]: I0513 19:45:45.000000 50710 pose_graph_2d.cc:538] Remaining work items in queue: 1
[cartographer_node-1] [INFO] [1778669145.724878774] [cartographer logger]: I0513 19:45:45.000000 50710 constraint_builder_2d.cc:290] 0 computations resulted in 0 additional constraints.
[cartographer_node-1] [INFO] [1778669145.725757360] [cartographer logger]: I0513 19:45:45.000000 50710 constraint_builder_2d.cc:292] Score histogram:
[cartographer_node-1] Count: 30  Min: 0.586854  Max: 0.831704  Mean: 0.692605
[cartographer_node-1] [0.586854, 0.611339)	                 ###	Count: 4 (13.3333%)	Total: 4 (13.3333%)
[cartographer_node-1] [0.611339, 0.635824)	                 ###	Count: 4 (13.3333%)	Total: 8 (26.6667%)
[cartographer_node-1] [0.635824, 0.660309)	                 ###	Count: 4 (13.3333%)	Total: 12 (40%)
[cartographer_node-1] [0.660309, 0.684794)	                  ##	Count: 3 (10%)	Total: 15 (50%)
[cartographer_node-1] [0.684794, 0.709279)	                   #	Count: 2 (6.66667%)	Total: 17 (56.6667%)
[cartographer_node-1] [0.709279, 0.733764)	                 ###	Count: 5 (16.6667%)	Total: 22 (73.3333%)
[cartographer_node-1] [0.733764, 0.758249)	                   #	Count: 2 (6.66667%)	Total: 24 (80%)
[cartographer_node-1] [0.758249, 0.782734)	                   #	Count: 2 (6.66667%)	Total: 26 (86.6667%)
[cartographer_node-1] [0.782734, 0.807219)	                   #	Count: 2 (6.66667%)	Total: 28 (93.3333%)
[cartographer_node-1] [0.807219, 0.831704]	                   #	Count: 2 (6.66667%)	Total: 30 (100%)
[cartographer_node-1] [INFO] [1778669145.802982913] [cartographer logger]: I0513 19:45:45.000000 50709 pose_graph_2d.cc:538] Remaining work items in queue: 1
[cartographer_node-1] [INFO] [1778669145.803069742] [cartographer logger]: I0513 19:45:45.000000 50709 constraint_builder_2d.cc:290] 0 computations resulted in 0 additional constraints.
[cartographer_node-1] [INFO] [1778669145.803872572] [cartographer logger]: I0513 19:45:45.000000 50709 constraint_builder_2d.cc:292] Score histogram:
[cartographer_node-1] Count: 30  Min: 0.586854  Max: 0.831704  Mean: 0.692605
[cartographer_node-1] [0.586854, 0.611339)	                 ###	Count: 4 (13.3333%)	Total: 4 (13.3333%)
[cartographer_node-1] [0.611339, 0.635824)	                 ###	Count: 4 (13.3333%)	Total: 8 (26.6667%)
[cartographer_node-1] [0.635824, 0.660309)	                 ###	Count: 4 (13.3333%)	Total: 12 (40%)
[cartographer_node-1] [0.660309, 0.684794)	                  ##	Count: 3 (10%)	Total: 15 (50%)
[cartographer_node-1] [0.684794, 0.709279)	                   #	Count: 2 (6.66667%)	Total: 17 (56.6667%)
[cartographer_node-1] [0.709279, 0.733764)	                 ###	Count: 5 (16.6667%)	Total: 22 (73.3333%)
[cartographer_node-1] [0.733764, 0.758249)	                   #	Count: 2 (6.66667%)	Total: 24 (80%)
[cartographer_node-1] [0.758249, 0.782734)	                   #	Count: 2 (6.66667%)	Total: 26 (86.6667%)
[cartographer_node-1] [0.782734, 0.807219)	                   #	Count: 2 (6.66667%)	Total: 28 (93.3333%)
[cartographer_node-1] [0.807219, 0.831704]	                   #	Count: 2 (6.66667%)	Total: 30 (100%)
[cartographer_node-1] [INFO] [1778669145.875381721] [cartographer logger]: I0513 19:45:45.000000 50710 pose_graph_2d.cc:538] Remaining work items in queue: 1
[cartographer_node-1] [INFO] [1778669145.875409398] [cartographer logger]: I0513 19:45:45.000000 50710 constraint_builder_2d.cc:290] 0 computations resulted in 0 additional constraints.
[cartographer_node-1] [INFO] [1778669145.875954829] [cartographer logger]: I0513 19:45:45.000000 50710 constraint_builder_2d.cc:292] Score histogram:
[cartographer_node-1] Count: 30  Min: 0.586854  Max: 0.831704  Mean: 0.692605
[cartographer_node-1] [0.586854, 0.611339)	                 ###	Count: 4 (13.3333%)	Total: 4 (13.3333%)
[cartographer_node-1] [0.611339, 0.635824)	                 ###	Count: 4 (13.3333%)	Total: 8 (26.6667%)
[cartographer_node-1] [0.635824, 0.660309)	                 ###	Count: 4 (13.3333%)	Total: 12 (40%)
[cartographer_node-1] [0.660309, 0.684794)	                  ##	Count: 3 (10%)	Total: 15 (50%)
[cartographer_node-1] [0.684794, 0.709279)	                   #	Count: 2 (6.66667%)	Total: 17 (56.6667%)
[cartographer_node-1] [0.709279, 0.733764)	                 ###	Count: 5 (16.6667%)	Total: 22 (73.3333%)
[cartographer_node-1] [0.733764, 0.758249)	                   #	Count: 2 (6.66667%)	Total: 24 (80%)
[cartographer_node-1] [0.758249, 0.782734)	                   #	Count: 2 (6.66667%)	Total: 26 (86.6667%)
[cartographer_node-1] [0.782734, 0.807219)	                   #	Count: 2 (6.66667%)	Total: 28 (93.3333%)
[cartographer_node-1] [0.807219, 0.831704]	                   #	Count: 2 (6.66667%)	Total: 30 (100%)
[cartographer_node-1] [INFO] [1778669145.981017989] [cartographer logger]: I0513 19:45:45.000000 50710 pose_graph_2d.cc:538] Remaining work items in queue: 1
[cartographer_node-1] [INFO] [1778669146.044951189] [cartographer logger]: I0513 19:45:46.000000 50708 constraint_builder_2d.cc:290] 1 computations resulted in 0 additional constraints.
[cartographer_node-1] [INFO] [1778669146.044984891] [cartographer logger]: I0513 19:45:46.000000 50708 constraint_builder_2d.cc:292] Score histogram:
[cartographer_node-1] Count: 30  Min: 0.586854  Max: 0.831704  Mean: 0.692605
[cartographer_node-1] [0.586854, 0.611339)	                 ###	Count: 4 (13.3333%)	Total: 4 (13.3333%)
[cartographer_node-1] [0.611339, 0.635824)	                 ###	Count: 4 (13.3333%)	Total: 8 (26.6667%)
[cartographer_node-1] [0.635824, 0.660309)	                 ###	Count: 4 (13.3333%)	Total: 12 (40%)
[cartographer_node-1] [0.660309, 0.684794)	                  ##	Count: 3 (10%)	Total: 15 (50%)
[cartographer_node-1] [0.684794, 0.709279)	                   #	Count: 2 (6.66667%)	Total: 17 (56.6667%)
[cartographer_node-1] [0.709279, 0.733764)	                 ###	Count: 5 (16.6667%)	Total: 22 (73.3333%)
[cartographer_node-1] [0.733764, 0.758249)	                   #	Count: 2 (6.66667%)	Total: 24 (80%)
[cartographer_node-1] [0.758249, 0.782734)	                   #	Count: 2 (6.66667%)	Total: 26 (86.6667%)
[cartographer_node-1] [0.782734, 0.807219)	                   #	Count: 2 (6.66667%)	Total: 28 (93.3333%)
[cartographer_node-1] [0.807219, 0.831704]	                   #	Count: 2 (6.66667%)	Total: 30 (100%)
[cartographer_node-1] [INFO] [1778669146.050963783] [cartographer logger]: I0513 19:45:46.000000 50708 pose_graph_2d.cc:538] Remaining work items in queue: 1
[cartographer_node-1] [INFO] [1778669146.051009647] [cartographer logger]: I0513 19:45:46.000000 50708 constraint_builder_2d.cc:290] 0 computations resulted in 0 additional constraints.
[cartographer_node-1] [INFO] [1778669146.051237422] [cartographer logger]: I0513 19:45:46.000000 50708 constraint_builder_2d.cc:292] Score histogram:
[cartographer_node-1] Count: 30  Min: 0.586854  Max: 0.831704  Mean: 0.692605
[cartographer_node-1] [0.586854, 0.611339)	                 ###	Count: 4 (13.3333%)	Total: 4 (13.3333%)
[cartographer_node-1] [0.611339, 0.635824)	                 ###	Count: 4 (13.3333%)	Total: 8 (26.6667%)
[cartographer_node-1] [0.635824, 0.660309)	                 ###	Count: 4 (13.3333%)	Total: 12 (40%)
[cartographer_node-1] [0.660309, 0.684794)	                  ##	Count: 3 (10%)	Total: 15 (50%)
[cartographer_node-1] [0.684794, 0.709279)	                   #	Count: 2 (6.66667%)	Total: 17 (56.6667%)
[cartographer_node-1] [0.709279, 0.733764)	                 ###	Count: 5 (16.6667%)	Total: 22 (73.3333%)
[cartographer_node-1] [0.733764, 0.758249)	                   #	Count: 2 (6.66667%)	Total: 24 (80%)
[cartographer_node-1] [0.758249, 0.782734)	                   #	Count: 2 (6.66667%)	Total: 26 (86.6667%)
[cartographer_node-1] [0.782734, 0.807219)	                   #	Count: 2 (6.66667%)	Total: 28 (93.3333%)
[cartographer_node-1] [0.807219, 0.831704]	                   #	Count: 2 (6.66667%)	Total: 30 (100%)
[cartographer_node-1] [INFO] [1778669146.093863100] [cartographer logger]: I0513 19:45:46.000000 50709 pose_graph_2d.cc:538] Remaining work items in queue: 1
[cartographer_node-1] [INFO] [1778669146.093973508] [cartographer logger]: I0513 19:45:46.000000 50709 constraint_builder_2d.cc:290] 0 computations resulted in 0 additional constraints.
[cartographer_node-1] [INFO] [1778669146.094348822] [cartographer logger]: I0513 19:45:46.000000 50709 constraint_builder_2d.cc:292] Score histogram:
[cartographer_node-1] Count: 30  Min: 0.586854  Max: 0.831704  Mean: 0.692605
[cartographer_node-1] [0.586854, 0.611339)	                 ###	Count: 4 (13.3333%)	Total: 4 (13.3333%)
[cartographer_node-1] [0.611339, 0.635824)	                 ###	Count: 4 (13.3333%)	Total: 8 (26.6667%)
[cartographer_node-1] [0.635824, 0.660309)	                 ###	Count: 4 (13.3333%)	Total: 12 (40%)
[cartographer_node-1] [0.660309, 0.684794)	                  ##	Count: 3 (10%)	Total: 15 (50%)
[cartographer_node-1] [0.684794, 0.709279)	                   #	Count: 2 (6.66667%)	Total: 17 (56.6667%)
[cartographer_node-1] [0.709279, 0.733764)	                 ###	Count: 5 (16.6667%)	Total: 22 (73.3333%)
[cartographer_node-1] [0.733764, 0.758249)	                   #	Count: 2 (6.66667%)	Total: 24 (80%)
[cartographer_node-1] [0.758249, 0.782734)	                   #	Count: 2 (6.66667%)	Total: 26 (86.6667%)
[cartographer_node-1] [0.782734, 0.807219)	                   #	Count: 2 (6.66667%)	Total: 28 (93.3333%)
[cartographer_node-1] [0.807219, 0.831704]	                   #	Count: 2 (6.66667%)	Total: 30 (100%)
[cartographer_node-1] [INFO] [1778669146.188152183] [cartographer logger]: I0513 19:45:46.000000 50708 pose_graph_2d.cc:538] Remaining work items in queue: 1
[cartographer_node-1] [INFO] [1778669146.188261321] [cartographer logger]: I0513 19:45:46.000000 50708 constraint_builder_2d.cc:290] 0 computations resulted in 0 additional constraints.
[cartographer_node-1] [INFO] [1778669146.189162628] [cartographer logger]: I0513 19:45:46.000000 50708 constraint_builder_2d.cc:292] Score histogram:
[cartographer_node-1] Count: 30  Min: 0.586854  Max: 0.831704  Mean: 0.692605
[cartographer_node-1] [0.586854, 0.611339)	                 ###	Count: 4 (13.3333%)	Total: 4 (13.3333%)
[cartographer_node-1] [0.611339, 0.635824)	                 ###	Count: 4 (13.3333%)	Total: 8 (26.6667%)
[cartographer_node-1] [0.635824, 0.660309)	                 ###	Count: 4 (13.3333%)	Total: 12 (40%)
[cartographer_node-1] [0.660309, 0.684794)	                  ##	Count: 3 (10%)	Total: 15 (50%)
[cartographer_node-1] [0.684794, 0.709279)	                   #	Count: 2 (6.66667%)	Total: 17 (56.6667%)
[cartographer_node-1] [0.709279, 0.733764)	                 ###	Count: 5 (16.6667%)	Total: 22 (73.3333%)
[cartographer_node-1] [0.733764, 0.758249)	                   #	Count: 2 (6.66667%)	Total: 24 (80%)
[cartographer_node-1] [0.758249, 0.782734)	                   #	Count: 2 (6.66667%)	Total: 26 (86.6667%)
[cartographer_node-1] [0.782734, 0.807219)	                   #	Count: 2 (6.66667%)	Total: 28 (93.3333%)
[cartographer_node-1] [0.807219, 0.831704]	                   #	Count: 2 (6.66667%)	Total: 30 (100%)
[cartographer_node-1] [INFO] [1778669146.326175793] [cartographer logger]: I0513 19:45:46.000000 50711 pose_graph_2d.cc:538] Remaining work items in queue: 1
[cartographer_node-1] [INFO] [1778669146.326262406] [cartographer logger]: I0513 19:45:46.000000 50711 constraint_builder_2d.cc:290] 0 computations resulted in 0 additional constraints.
[cartographer_node-1] [INFO] [1778669146.326462591] [cartographer logger]: I0513 19:45:46.000000 50711 constraint_builder_2d.cc:292] Score histogram:
[cartographer_node-1] Count: 30  Min: 0.586854  Max: 0.831704  Mean: 0.692605
[cartographer_node-1] [0.586854, 0.611339)	                 ###	Count: 4 (13.3333%)	Total: 4 (13.3333%)
[cartographer_node-1] [0.611339, 0.635824)	                 ###	Count: 4 (13.3333%)	Total: 8 (26.6667%)
[cartographer_node-1] [0.635824, 0.660309)	                 ###	Count: 4 (13.3333%)	Total: 12 (40%)
[cartographer_node-1] [0.660309, 0.684794)	                  ##	Count: 3 (10%)	Total: 15 (50%)
[cartographer_node-1] [0.684794, 0.709279)	                   #	Count: 2 (6.66667%)	Total: 17 (56.6667%)
[cartographer_node-1] [0.709279, 0.733764)	                 ###	Count: 5 (16.6667%)	Total: 22 (73.3333%)
[cartographer_node-1] [0.733764, 0.758249)	                   #	Count: 2 (6.66667%)	Total: 24 (80%)
[cartographer_node-1] [0.758249, 0.782734)	                   #	Count: 2 (6.66667%)	Total: 26 (86.6667%)
[cartographer_node-1] [0.782734, 0.807219)	                   #	Count: 2 (6.66667%)	Total: 28 (93.3333%)
[cartographer_node-1] [0.807219, 0.831704]	                   #	Count: 2 (6.66667%)	Total: 30 (100%)
[cartographer_node-1] [INFO] [1778669146.408392017] [cartographer logger]: I0513 19:45:46.000000 50708 pose_graph_2d.cc:538] Remaining work items in queue: 1
[cartographer_node-1] [INFO] [1778669146.465103331] [cartographer logger]: I0513 19:45:46.000000 50710 constraint_builder_2d.cc:275] Node (1, 514) with 197 points on submap (0, 4) matches with score 58.3%.
[cartographer_node-1] [INFO] [1778669146.465141841] [cartographer logger]: I0513 19:45:46.000000 50710 constraint_builder_2d.cc:290] 1 computations resulted in 1 additional constraints.
[cartographer_node-1] [INFO] [1778669146.465162658] [cartographer logger]: I0513 19:45:46.000000 50710 constraint_builder_2d.cc:292] Score histogram:
[cartographer_node-1] Count: 31  Min: 0.582659  Max: 0.831704  Mean: 0.689059
[cartographer_node-1] [0.582659, 0.607564)	                 ###	Count: 4 (12.9032%)	Total: 4 (12.9032%)
[cartographer_node-1] [0.607564, 0.632468)	                 ###	Count: 5 (16.129%)	Total: 9 (29.0323%)
[cartographer_node-1] [0.632468, 0.657373)	                 ###	Count: 4 (12.9032%)	Total: 13 (41.9355%)
[cartographer_node-1] [0.657373, 0.682277)	                  ##	Count: 3 (9.67742%)	Total: 16 (51.6129%)
[cartographer_node-1] [0.682277, 0.707182)	                   #	Count: 2 (6.45161%)	Total: 18 (58.0645%)
[cartographer_node-1] [0.707182, 0.732086)	                 ###	Count: 5 (16.129%)	Total: 23 (74.1936%)
[cartographer_node-1] [0.732086, 0.756991)	                   #	Count: 2 (6.45161%)	Total: 25 (80.6452%)
[cartographer_node-1] [0.756991, 0.781895)	                   #	Count: 2 (6.45161%)	Total: 27 (87.0968%)
[cartographer_node-1] [0.781895, 0.806800)	                   #	Count: 2 (6.45161%)	Total: 29 (93.5484%)
[cartographer_node-1] [0.806800, 0.831704]	                   #	Count: 2 (6.45161%)	Total: 31 (100%)
[cartographer_node-1] [INFO] [1778669146.481137955] [cartographer logger]: I0513 19:45:46.000000 50710 pose_graph_2d.cc:538] Remaining work items in queue: 1
[cartographer_node-1] [INFO] [1778669146.481188321] [cartographer logger]: I0513 19:45:46.000000 50710 constraint_builder_2d.cc:290] 0 computations resulted in 0 additional constraints.
[cartographer_node-1] [INFO] [1778669146.481260914] [cartographer logger]: I0513 19:45:46.000000 50710 constraint_builder_2d.cc:292] Score histogram:
[cartographer_node-1] Count: 31  Min: 0.582659  Max: 0.831704  Mean: 0.689059
[cartographer_node-1] [0.582659, 0.607564)	                 ###	Count: 4 (12.9032%)	Total: 4 (12.9032%)
[cartographer_node-1] [0.607564, 0.632468)	                 ###	Count: 5 (16.129%)	Total: 9 (29.0323%)
[cartographer_node-1] [0.632468, 0.657373)	                 ###	Count: 4 (12.9032%)	Total: 13 (41.9355%)
[cartographer_node-1] [0.657373, 0.682277)	                  ##	Count: 3 (9.67742%)	Total: 16 (51.6129%)
[cartographer_node-1] [0.682277, 0.707182)	                   #	Count: 2 (6.45161%)	Total: 18 (58.0645%)
[cartographer_node-1] [0.707182, 0.732086)	                 ###	Count: 5 (16.129%)	Total: 23 (74.1936%)
[cartographer_node-1] [0.732086, 0.756991)	                   #	Count: 2 (6.45161%)	Total: 25 (80.6452%)
[cartographer_node-1] [0.756991, 0.781895)	                   #	Count: 2 (6.45161%)	Total: 27 (87.0968%)
[cartographer_node-1] [0.781895, 0.806800)	                   #	Count: 2 (6.45161%)	Total: 29 (93.5484%)
[cartographer_node-1] [0.806800, 0.831704]	                   #	Count: 2 (6.45161%)	Total: 31 (100%)
[cartographer_node-1] [INFO] [1778669146.561573188] [cartographer logger]: I0513 19:45:46.000000 50711 pose_graph_2d.cc:538] Remaining work items in queue: 1
[cartographer_node-1] [INFO] [1778669146.561657938] [cartographer logger]: I0513 19:45:46.000000 50711 constraint_builder_2d.cc:290] 0 computations resulted in 0 additional constraints.
[cartographer_node-1] [INFO] [1778669146.562547989] [cartographer logger]: I0513 19:45:46.000000 50711 constraint_builder_2d.cc:292] Score histogram:
[cartographer_node-1] Count: 31  Min: 0.582659  Max: 0.831704  Mean: 0.689059
[cartographer_node-1] [0.582659, 0.607564)	                 ###	Count: 4 (12.9032%)	Total: 4 (12.9032%)
[cartographer_node-1] [0.607564, 0.632468)	                 ###	Count: 5 (16.129%)	Total: 9 (29.0323%)
[cartographer_node-1] [0.632468, 0.657373)	                 ###	Count: 4 (12.9032%)	Total: 13 (41.9355%)
[cartographer_node-1] [0.657373, 0.682277)	                  ##	Count: 3 (9.67742%)	Total: 16 (51.6129%)
[cartographer_node-1] [0.682277, 0.707182)	                   #	Count: 2 (6.45161%)	Total: 18 (58.0645%)
[cartographer_node-1] [0.707182, 0.732086)	                 ###	Count: 5 (16.129%)	Total: 23 (74.1936%)
[cartographer_node-1] [0.732086, 0.756991)	                   #	Count: 2 (6.45161%)	Total: 25 (80.6452%)
[cartographer_node-1] [0.756991, 0.781895)	                   #	Count: 2 (6.45161%)	Total: 27 (87.0968%)
[cartographer_node-1] [0.781895, 0.806800)	                   #	Count: 2 (6.45161%)	Total: 29 (93.5484%)
[cartographer_node-1] [0.806800, 0.831704]	                   #	Count: 2 (6.45161%)	Total: 31 (100%)
[cartographer_node-1] [INFO] [1778669146.653454152] [cartographer logger]: I0513 19:45:46.000000 50710 pose_graph_2d.cc:538] Remaining work items in queue: 2
[cartographer_node-1] [INFO] [1778669146.653536819] [cartographer logger]: I0513 19:45:46.000000 50710 constraint_builder_2d.cc:290] 0 computations resulted in 0 additional constraints.
[cartographer_node-1] [INFO] [1778669146.654617015] [cartographer logger]: I0513 19:45:46.000000 50710 constraint_builder_2d.cc:292] Score histogram:
[cartographer_node-1] Count: 31  Min: 0.582659  Max: 0.831704  Mean: 0.689059
[cartographer_node-1] [0.582659, 0.607564)	                 ###	Count: 4 (12.9032%)	Total: 4 (12.9032%)
[cartographer_node-1] [0.607564, 0.632468)	                 ###	Count: 5 (16.129%)	Total: 9 (29.0323%)
[cartographer_node-1] [0.632468, 0.657373)	                 ###	Count: 4 (12.9032%)	Total: 13 (41.9355%)
[cartographer_node-1] [0.657373, 0.682277)	                  ##	Count: 3 (9.67742%)	Total: 16 (51.6129%)
[cartographer_node-1] [0.682277, 0.707182)	                   #	Count: 2 (6.45161%)	Total: 18 (58.0645%)
[cartographer_node-1] [0.707182, 0.732086)	                 ###	Count: 5 (16.129%)	Total: 23 (74.1936%)
[cartographer_node-1] [0.732086, 0.756991)	                   #	Count: 2 (6.45161%)	Total: 25 (80.6452%)
[cartographer_node-1] [0.756991, 0.781895)	                   #	Count: 2 (6.45161%)	Total: 27 (87.0968%)
[cartographer_node-1] [0.781895, 0.806800)	                   #	Count: 2 (6.45161%)	Total: 29 (93.5484%)
[cartographer_node-1] [0.806800, 0.831704]	                   #	Count: 2 (6.45161%)	Total: 31 (100%)
[cartographer_node-1] [INFO] [1778669146.710112675] [cartographer logger]: I0513 19:45:46.000000 50708 pose_graph_2d.cc:538] Remaining work items in queue: 1
[cartographer_node-1] [INFO] [1778669146.710146038] [cartographer logger]: I0513 19:45:46.000000 50708 constraint_builder_2d.cc:290] 0 computations resulted in 0 additional constraints.
[cartographer_node-1] [INFO] [1778669146.710276537] [cartographer logger]: I0513 19:45:46.000000 50708 constraint_builder_2d.cc:292] Score histogram:
[cartographer_node-1] Count: 31  Min: 0.582659  Max: 0.831704  Mean: 0.689059
[cartographer_node-1] [0.582659, 0.607564)	                 ###	Count: 4 (12.9032%)	Total: 4 (12.9032%)
[cartographer_node-1] [0.607564, 0.632468)	                 ###	Count: 5 (16.129%)	Total: 9 (29.0323%)
[cartographer_node-1] [0.632468, 0.657373)	                 ###	Count: 4 (12.9032%)	Total: 13 (41.9355%)
[cartographer_node-1] [0.657373, 0.682277)	                  ##	Count: 3 (9.67742%)	Total: 16 (51.6129%)
[cartographer_node-1] [0.682277, 0.707182)	                   #	Count: 2 (6.45161%)	Total: 18 (58.0645%)
[cartographer_node-1] [0.707182, 0.732086)	                 ###	Count: 5 (16.129%)	Total: 23 (74.1936%)
[cartographer_node-1] [0.732086, 0.756991)	                   #	Count: 2 (6.45161%)	Total: 25 (80.6452%)
[cartographer_node-1] [0.756991, 0.781895)	                   #	Count: 2 (6.45161%)	Total: 27 (87.0968%)
[cartographer_node-1] [0.781895, 0.806800)	                   #	Count: 2 (6.45161%)	Total: 29 (93.5484%)
[cartographer_node-1] [0.806800, 0.831704]	                   #	Count: 2 (6.45161%)	Total: 31 (100%)
[cartographer_node-1] [INFO] [1778669146.747291885] [cartographer logger]: I0513 19:45:46.000000 50709 constraint_builder_2d.cc:275] Node (1, 528) with 200 points on submap (0, 8) matches with score 64.1%.
[cartographer_node-1] [INFO] [1778669146.785183698] [cartographer logger]: I0513 19:45:46.000000 50710 pose_graph_2d.cc:538] Remaining work items in queue: 1
[cartographer_node-1] [INFO] [1778669146.785269616] [cartographer logger]: I0513 19:45:46.000000 50710 constraint_builder_2d.cc:290] 1 computations resulted in 1 additional constraints.
[cartographer_node-1] [INFO] [1778669146.785609671] [cartographer logger]: I0513 19:45:46.000000 50710 constraint_builder_2d.cc:292] Score histogram:
[cartographer_node-1] Count: 32  Min: 0.582659  Max: 0.831704  Mean: 0.687545
[cartographer_node-1] [0.582659, 0.607564)	                 ###	Count: 4 (12.5%)	Total: 4 (12.5%)
[cartographer_node-1] [0.607564, 0.632468)	                 ###	Count: 5 (15.625%)	Total: 9 (28.125%)
[cartographer_node-1] [0.632468, 0.657373)	                 ###	Count: 5 (15.625%)	Total: 14 (43.75%)
[cartographer_node-1] [0.657373, 0.682277)	                  ##	Count: 3 (9.375%)	Total: 17 (53.125%)
[cartographer_node-1] [0.682277, 0.707182)	                   #	Count: 2 (6.25%)	Total: 19 (59.375%)
[cartographer_node-1] [0.707182, 0.732086)	                 ###	Count: 5 (15.625%)	Total: 24 (75%)
[cartographer_node-1] [0.732086, 0.756991)	                   #	Count: 2 (6.25%)	Total: 26 (81.25%)
[cartographer_node-1] [0.756991, 0.781895)	                   #	Count: 2 (6.25%)	Total: 28 (87.5%)
[cartographer_node-1] [0.781895, 0.806800)	                   #	Count: 2 (6.25%)	Total: 30 (93.75%)
[cartographer_node-1] [0.806800, 0.831704]	                   #	Count: 2 (6.25%)	Total: 32 (100%)
[cartographer_node-1] [INFO] [1778669146.877309297] [cartographer logger]: I0513 19:45:46.000000 50709 pose_graph_2d.cc:538] Remaining work items in queue: 0
[cartographer_node-1] [INFO] [1778669146.877394362] [cartographer logger]: I0513 19:45:46.000000 50709 constraint_builder_2d.cc:290] 0 computations resulted in 0 additional constraints.
[cartographer_node-1] [INFO] [1778669146.877534022] [cartographer logger]: I0513 19:45:46.000000 50709 constraint_builder_2d.cc:292] Score histogram:
[cartographer_node-1] Count: 32  Min: 0.582659  Max: 0.831704  Mean: 0.687545
[cartographer_node-1] [0.582659, 0.607564)	                 ###	Count: 4 (12.5%)	Total: 4 (12.5%)
[cartographer_node-1] [0.607564, 0.632468)	                 ###	Count: 5 (15.625%)	Total: 9 (28.125%)
[cartographer_node-1] [0.632468, 0.657373)	                 ###	Count: 5 (15.625%)	Total: 14 (43.75%)
[cartographer_node-1] [0.657373, 0.682277)	                  ##	Count: 3 (9.375%)	Total: 17 (53.125%)
[cartographer_node-1] [0.682277, 0.707182)	                   #	Count: 2 (6.25%)	Total: 19 (59.375%)
[cartographer_node-1] [0.707182, 0.732086)	                 ###	Count: 5 (15.625%)	Total: 24 (75%)
[cartographer_node-1] [0.732086, 0.756991)	                   #	Count: 2 (6.25%)	Total: 26 (81.25%)
[cartographer_node-1] [0.756991, 0.781895)	                   #	Count: 2 (6.25%)	Total: 28 (87.5%)
[cartographer_node-1] [0.781895, 0.806800)	                   #	Count: 2 (6.25%)	Total: 30 (93.75%)
[cartographer_node-1] [0.806800, 0.831704]	                   #	Count: 2 (6.25%)	Total: 32 (100%)
[cartographer_node-1] [INFO] [1778669146.933361404] [cartographer logger]: I0513 19:45:46.000000 50710 pose_graph_2d.cc:538] Remaining work items in queue: 1
[cartographer_node-1] [INFO] [1778669146.933470395] [cartographer logger]: I0513 19:45:46.000000 50710 constraint_builder_2d.cc:290] 0 computations resulted in 0 additional constraints.
[cartographer_node-1] [INFO] [1778669146.933774579] [cartographer logger]: I0513 19:45:46.000000 50710 constraint_builder_2d.cc:292] Score histogram:
[cartographer_node-1] Count: 32  Min: 0.582659  Max: 0.831704  Mean: 0.687545
[cartographer_node-1] [0.582659, 0.607564)	                 ###	Count: 4 (12.5%)	Total: 4 (12.5%)
[cartographer_node-1] [0.607564, 0.632468)	                 ###	Count: 5 (15.625%)	Total: 9 (28.125%)
[cartographer_node-1] [0.632468, 0.657373)	                 ###	Count: 5 (15.625%)	Total: 14 (43.75%)
[cartographer_node-1] [0.657373, 0.682277)	                  ##	Count: 3 (9.375%)	Total: 17 (53.125%)
[cartographer_node-1] [0.682277, 0.707182)	                   #	Count: 2 (6.25%)	Total: 19 (59.375%)
[cartographer_node-1] [0.707182, 0.732086)	                 ###	Count: 5 (15.625%)	Total: 24 (75%)
[cartographer_node-1] [0.732086, 0.756991)	                   #	Count: 2 (6.25%)	Total: 26 (81.25%)
[cartographer_node-1] [0.756991, 0.781895)	                   #	Count: 2 (6.25%)	Total: 28 (87.5%)
[cartographer_node-1] [0.781895, 0.806800)	                   #	Count: 2 (6.25%)	Total: 30 (93.75%)
[cartographer_node-1] [0.806800, 0.831704]	                   #	Count: 2 (6.25%)	Total: 32 (100%)
[cartographer_node-1] [INFO] [1778669147.014423497] [cartographer logger]: I0513 19:45:47.000000 50711 pose_graph_2d.cc:538] Remaining work items in queue: 1
[cartographer_node-1] [INFO] [1778669147.031173813] [cartographer logger]: I0513 19:45:47.000000 50694 pose_graph_2d.cc:148] Inserted submap (1, 6).
[cartographer_node-1] [INFO] [1778669147.091804521] [cartographer logger]: I0513 19:45:47.000000 50708 constraint_builder_2d.cc:275] Node (0, 472) with 185 points on submap (1, 4) matches with score 73.7%.
[cartographer_node-1] [INFO] [1778669147.106408060] [cartographer logger]: I0513 19:45:47.000000 50710 constraint_builder_2d.cc:275] Node (0, 1072) with 185 points on submap (1, 4) matches with score 73.3%.
[cartographer_node-1] [INFO] [1778669147.153892980] [cartographer logger]: I0513 19:45:47.000000 50711 constraint_builder_2d.cc:275] Node (0, 1272) with 206 points on submap (1, 4) matches with score 61.6%.
[cartographer_node-1] [INFO] [1778669147.223950872] [cartographer logger]: I0513 19:45:47.000000 50709 constraint_builder_2d.cc:275] Node (0, 672) with 205 points on submap (1, 4) matches with score 59.2%.
[cartographer_node-1] [INFO] [1778669147.224012538] [cartographer logger]: I0513 19:45:47.000000 50709 constraint_builder_2d.cc:290] 8 computations resulted in 4 additional constraints.
[cartographer_node-1] [INFO] [1778669147.224059897] [cartographer logger]: I0513 19:45:47.000000 50709 constraint_builder_2d.cc:292] Score histogram:
[cartographer_node-1] Count: 36  Min: 0.582659  Max: 0.831704  Mean: 0.68555
[cartographer_node-1] [0.582659, 0.607564)	                 ###	Count: 5 (13.8889%)	Total: 5 (13.8889%)
[cartographer_node-1] [0.607564, 0.632468)	                 ###	Count: 6 (16.6667%)	Total: 11 (30.5556%)
[cartographer_node-1] [0.632468, 0.657373)	                 ###	Count: 5 (13.8889%)	Total: 16 (44.4444%)
[cartographer_node-1] [0.657373, 0.682277)	                  ##	Count: 3 (8.33333%)	Total: 19 (52.7778%)
[cartographer_node-1] [0.682277, 0.707182)	                   #	Count: 2 (5.55556%)	Total: 21 (58.3333%)
[cartographer_node-1] [0.707182, 0.732086)	                 ###	Count: 5 (13.8889%)	Total: 26 (72.2222%)
[cartographer_node-1] [0.732086, 0.756991)	                  ##	Count: 4 (11.1111%)	Total: 30 (83.3333%)
[cartographer_node-1] [0.756991, 0.781895)	                   #	Count: 2 (5.55556%)	Total: 32 (88.8889%)
[cartographer_node-1] [0.781895, 0.806800)	                   #	Count: 2 (5.55556%)	Total: 34 (94.4444%)
[cartographer_node-1] [0.806800, 0.831704]	                   #	Count: 2 (5.55556%)	Total: 36 (100%)
[cartographer_node-1] [INFO] [1778669147.239800060] [cartographer logger]: I0513 19:45:47.000000 50709 pose_graph_2d.cc:538] Remaining work items in queue: 19
[cartographer_node-1] [INFO] [1778669147.277898901] [cartographer logger]: I0513 19:45:47.000000 50711 constraint_builder_2d.cc:290] 1 computations resulted in 0 additional constraints.
[cartographer_node-1] [INFO] [1778669147.277976625] [cartographer logger]: I0513 19:45:47.000000 50711 constraint_builder_2d.cc:292] Score histogram:
[cartographer_node-1] Count: 36  Min: 0.582659  Max: 0.831704  Mean: 0.68555
[cartographer_node-1] [0.582659, 0.607564)	                 ###	Count: 5 (13.8889%)	Total: 5 (13.8889%)
[cartographer_node-1] [0.607564, 0.632468)	                 ###	Count: 6 (16.6667%)	Total: 11 (30.5556%)
[cartographer_node-1] [0.632468, 0.657373)	                 ###	Count: 5 (13.8889%)	Total: 16 (44.4444%)
[cartographer_node-1] [0.657373, 0.682277)	                  ##	Count: 3 (8.33333%)	Total: 19 (52.7778%)
[cartographer_node-1] [0.682277, 0.707182)	                   #	Count: 2 (5.55556%)	Total: 21 (58.3333%)
[cartographer_node-1] [0.707182, 0.732086)	                 ###	Count: 5 (13.8889%)	Total: 26 (72.2222%)
[cartographer_node-1] [0.732086, 0.756991)	                  ##	Count: 4 (11.1111%)	Total: 30 (83.3333%)
[cartographer_node-1] [0.756991, 0.781895)	                   #	Count: 2 (5.55556%)	Total: 32 (88.8889%)
[cartographer_node-1] [0.781895, 0.806800)	                   #	Count: 2 (5.55556%)	Total: 34 (94.4444%)
[cartographer_node-1] [0.806800, 0.831704]	                   #	Count: 2 (5.55556%)	Total: 36 (100%)
[cartographer_node-1] [INFO] [1778669147.285369566] [cartographer logger]: I0513 19:45:47.000000 50711 pose_graph_2d.cc:538] Remaining work items in queue: 13
[cartographer_node-1] [INFO] [1778669147.285392326] [cartographer logger]: I0513 19:45:47.000000 50711 constraint_builder_2d.cc:290] 0 computations resulted in 0 additional constraints.
[cartographer_node-1] [INFO] [1778669147.285438950] [cartographer logger]: I0513 19:45:47.000000 50711 constraint_builder_2d.cc:292] Score histogram:
[cartographer_node-1] Count: 36  Min: 0.582659  Max: 0.831704  Mean: 0.68555
[cartographer_node-1] [0.582659, 0.607564)	                 ###	Count: 5 (13.8889%)	Total: 5 (13.8889%)
[cartographer_node-1] [0.607564, 0.632468)	                 ###	Count: 6 (16.6667%)	Total: 11 (30.5556%)
[cartographer_node-1] [0.632468, 0.657373)	                 ###	Count: 5 (13.8889%)	Total: 16 (44.4444%)
[cartographer_node-1] [0.657373, 0.682277)	                  ##	Count: 3 (8.33333%)	Total: 19 (52.7778%)
[cartographer_node-1] [0.682277, 0.707182)	                   #	Count: 2 (5.55556%)	Total: 21 (58.3333%)
[cartographer_node-1] [0.707182, 0.732086)	                 ###	Count: 5 (13.8889%)	Total: 26 (72.2222%)
[cartographer_node-1] [0.732086, 0.756991)	                  ##	Count: 4 (11.1111%)	Total: 30 (83.3333%)
[cartographer_node-1] [0.756991, 0.781895)	                   #	Count: 2 (5.55556%)	Total: 32 (88.8889%)
[cartographer_node-1] [0.781895, 0.806800)	                   #	Count: 2 (5.55556%)	Total: 34 (94.4444%)
[cartographer_node-1] [0.806800, 0.831704]	                   #	Count: 2 (5.55556%)	Total: 36 (100%)
[cartographer_node-1] [INFO] [1778669147.300923652] [cartographer logger]: I0513 19:45:47.000000 50711 pose_graph_2d.cc:538] Remaining work items in queue: 5
[cartographer_node-1] [INFO] [1778669147.300952581] [cartographer logger]: I0513 19:45:47.000000 50711 constraint_builder_2d.cc:290] 0 computations resulted in 0 additional constraints.
[cartographer_node-1] [INFO] [1778669147.301000145] [cartographer logger]: I0513 19:45:47.000000 50711 constraint_builder_2d.cc:292] Score histogram:
[cartographer_node-1] Count: 36  Min: 0.582659  Max: 0.831704  Mean: 0.68555
[cartographer_node-1] [0.582659, 0.607564)	                 ###	Count: 5 (13.8889%)	Total: 5 (13.8889%)
[cartographer_node-1] [0.607564, 0.632468)	                 ###	Count: 6 (16.6667%)	Total: 11 (30.5556%)
[cartographer_node-1] [0.632468, 0.657373)	                 ###	Count: 5 (13.8889%)	Total: 16 (44.4444%)
[cartographer_node-1] [0.657373, 0.682277)	                  ##	Count: 3 (8.33333%)	Total: 19 (52.7778%)
[cartographer_node-1] [0.682277, 0.707182)	                   #	Count: 2 (5.55556%)	Total: 21 (58.3333%)
[cartographer_node-1] [0.707182, 0.732086)	                 ###	Count: 5 (13.8889%)	Total: 26 (72.2222%)
[cartographer_node-1] [0.732086, 0.756991)	                  ##	Count: 4 (11.1111%)	Total: 30 (83.3333%)
[cartographer_node-1] [0.756991, 0.781895)	                   #	Count: 2 (5.55556%)	Total: 32 (88.8889%)
[cartographer_node-1] [0.781895, 0.806800)	                   #	Count: 2 (5.55556%)	Total: 34 (94.4444%)
[cartographer_node-1] [0.806800, 0.831704]	                   #	Count: 2 (5.55556%)	Total: 36 (100%)
[cartographer_node-1] [INFO] [1778669147.311537792] [cartographer logger]: I0513 19:45:47.000000 50711 pose_graph_2d.cc:538] Remaining work items in queue: 1
[cartographer_node-1] [INFO] [1778669147.311570561] [cartographer logger]: I0513 19:45:47.000000 50711 constraint_builder_2d.cc:290] 0 computations resulted in 0 additional constraints.
[cartographer_node-1] [INFO] [1778669147.311918197] [cartographer logger]: I0513 19:45:47.000000 50711 constraint_builder_2d.cc:292] Score histogram:
[cartographer_node-1] Count: 36  Min: 0.582659  Max: 0.831704  Mean: 0.68555
[cartographer_node-1] [0.582659, 0.607564)	                 ###	Count: 5 (13.8889%)	Total: 5 (13.8889%)
[cartographer_node-1] [0.607564, 0.632468)	                 ###	Count: 6 (16.6667%)	Total: 11 (30.5556%)
[cartographer_node-1] [0.632468, 0.657373)	                 ###	Count: 5 (13.8889%)	Total: 16 (44.4444%)
[cartographer_node-1] [0.657373, 0.682277)	                  ##	Count: 3 (8.33333%)	Total: 19 (52.7778%)
[cartographer_node-1] [0.682277, 0.707182)	                   #	Count: 2 (5.55556%)	Total: 21 (58.3333%)
[cartographer_node-1] [0.707182, 0.732086)	                 ###	Count: 5 (13.8889%)	Total: 26 (72.2222%)
[cartographer_node-1] [0.732086, 0.756991)	                  ##	Count: 4 (11.1111%)	Total: 30 (83.3333%)
[cartographer_node-1] [0.756991, 0.781895)	                   #	Count: 2 (5.55556%)	Total: 32 (88.8889%)
[cartographer_node-1] [0.781895, 0.806800)	                   #	Count: 2 (5.55556%)	Total: 34 (94.4444%)
[cartographer_node-1] [0.806800, 0.831704]	                   #	Count: 2 (5.55556%)	Total: 36 (100%)
[cartographer_node-1] [INFO] [1778669147.381198770] [cartographer logger]: I0513 19:45:47.000000 50709 pose_graph_2d.cc:538] Remaining work items in queue: 1
[cartographer_node-1] [INFO] [1778669147.381232151] [cartographer logger]: I0513 19:45:47.000000 50709 constraint_builder_2d.cc:290] 0 computations resulted in 0 additional constraints.
[cartographer_node-1] [INFO] [1778669147.381388228] [cartographer logger]: I0513 19:45:47.000000 50709 constraint_builder_2d.cc:292] Score histogram:
[cartographer_node-1] Count: 36  Min: 0.582659  Max: 0.831704  Mean: 0.68555
[cartographer_node-1] [0.582659, 0.607564)	                 ###	Count: 5 (13.8889%)	Total: 5 (13.8889%)
[cartographer_node-1] [0.607564, 0.632468)	                 ###	Count: 6 (16.6667%)	Total: 11 (30.5556%)
[cartographer_node-1] [0.632468, 0.657373)	                 ###	Count: 5 (13.8889%)	Total: 16 (44.4444%)
[cartographer_node-1] [0.657373, 0.682277)	                  ##	Count: 3 (8.33333%)	Total: 19 (52.7778%)
[cartographer_node-1] [0.682277, 0.707182)	                   #	Count: 2 (5.55556%)	Total: 21 (58.3333%)
[cartographer_node-1] [0.707182, 0.732086)	                 ###	Count: 5 (13.8889%)	Total: 26 (72.2222%)
[cartographer_node-1] [0.732086, 0.756991)	                  ##	Count: 4 (11.1111%)	Total: 30 (83.3333%)
[cartographer_node-1] [0.756991, 0.781895)	                   #	Count: 2 (5.55556%)	Total: 32 (88.8889%)
[cartographer_node-1] [0.781895, 0.806800)	                   #	Count: 2 (5.55556%)	Total: 34 (94.4444%)
[cartographer_node-1] [0.806800, 0.831704]	                   #	Count: 2 (5.55556%)	Total: 36 (100%)
[cartographer_node-1] [INFO] [1778669147.461055971] [cartographer logger]: I0513 19:45:47.000000 50709 pose_graph_2d.cc:538] Remaining work items in queue: 1
[cartographer_node-1] [INFO] [1778669147.513070454] [cartographer logger]: I0513 19:45:47.000000 50710 constraint_builder_2d.cc:275] Node (1, 557) with 206 points on submap (0, 2) matches with score 60.8%.
[cartographer_node-1] [INFO] [1778669147.513155151] [cartographer logger]: I0513 19:45:47.000000 50710 constraint_builder_2d.cc:290] 1 computations resulted in 1 additional constraints.
[cartographer_node-1] [INFO] [1778669147.513198700] [cartographer logger]: I0513 19:45:47.000000 50710 constraint_builder_2d.cc:292] Score histogram:
[cartographer_node-1] Count: 37  Min: 0.582659  Max: 0.831704  Mean: 0.683465
[cartographer_node-1] [0.582659, 0.607564)	                 ###	Count: 5 (13.5135%)	Total: 5 (13.5135%)
[cartographer_node-1] [0.607564, 0.632468)	                ####	Count: 7 (18.9189%)	Total: 12 (32.4324%)
[cartographer_node-1] [0.632468, 0.657373)	                 ###	Count: 5 (13.5135%)	Total: 17 (45.9459%)
[cartographer_node-1] [0.657373, 0.682277)	                  ##	Count: 3 (8.10811%)	Total: 20 (54.0541%)
[cartographer_node-1] [0.682277, 0.707182)	                   #	Count: 2 (5.40541%)	Total: 22 (59.4595%)
[cartographer_node-1] [0.707182, 0.732086)	                 ###	Count: 5 (13.5135%)	Total: 27 (72.973%)
[cartographer_node-1] [0.732086, 0.756991)	                  ##	Count: 4 (10.8108%)	Total: 31 (83.7838%)
[cartographer_node-1] [0.756991, 0.781895)	                   #	Count: 2 (5.40541%)	Total: 33 (89.1892%)
[cartographer_node-1] [0.781895, 0.806800)	                   #	Count: 2 (5.40541%)	Total: 35 (94.5946%)
[cartographer_node-1] [0.806800, 0.831704]	                   #	Count: 2 (5.40541%)	Total: 37 (100%)
[cartographer_node-1] [INFO] [1778669147.555360504] [cartographer logger]: I0513 19:45:47.000000 50709 pose_graph_2d.cc:538] Remaining work items in queue: 1
[cartographer_node-1] [INFO] [1778669147.555409380] [cartographer logger]: I0513 19:45:47.000000 50709 constraint_builder_2d.cc:290] 0 computations resulted in 0 additional constraints.
[cartographer_node-1] [INFO] [1778669147.555871372] [cartographer logger]: I0513 19:45:47.000000 50709 constraint_builder_2d.cc:292] Score histogram:
[cartographer_node-1] Count: 37  Min: 0.582659  Max: 0.831704  Mean: 0.683465
[cartographer_node-1] [0.582659, 0.607564)	                 ###	Count: 5 (13.5135%)	Total: 5 (13.5135%)
[cartographer_node-1] [0.607564, 0.632468)	                ####	Count: 7 (18.9189%)	Total: 12 (32.4324%)
[cartographer_node-1] [0.632468, 0.657373)	                 ###	Count: 5 (13.5135%)	Total: 17 (45.9459%)
[cartographer_node-1] [0.657373, 0.682277)	                  ##	Count: 3 (8.10811%)	Total: 20 (54.0541%)
[cartographer_node-1] [0.682277, 0.707182)	                   #	Count: 2 (5.40541%)	Total: 22 (59.4595%)
[cartographer_node-1] [0.707182, 0.732086)	                 ###	Count: 5 (13.5135%)	Total: 27 (72.973%)
[cartographer_node-1] [0.732086, 0.756991)	                  ##	Count: 4 (10.8108%)	Total: 31 (83.7838%)
[cartographer_node-1] [0.756991, 0.781895)	                   #	Count: 2 (5.40541%)	Total: 33 (89.1892%)
[cartographer_node-1] [0.781895, 0.806800)	                   #	Count: 2 (5.40541%)	Total: 35 (94.5946%)
[cartographer_node-1] [0.806800, 0.831704]	                   #	Count: 2 (5.40541%)	Total: 37 (100%)
[cartographer_node-1] [INFO] [1778669147.595043435] [cartographer logger]: I0513 19:45:47.000000 50711 pose_graph_2d.cc:538] Remaining work items in queue: 1
[cartographer_node-1] [INFO] [1778669147.595069675] [cartographer logger]: I0513 19:45:47.000000 50711 constraint_builder_2d.cc:290] 0 computations resulted in 0 additional constraints.
[cartographer_node-1] [INFO] [1778669147.595128759] [cartographer logger]: I0513 19:45:47.000000 50711 constraint_builder_2d.cc:292] Score histogram:
[cartographer_node-1] Count: 37  Min: 0.582659  Max: 0.831704  Mean: 0.683465
[cartographer_node-1] [0.582659, 0.607564)	                 ###	Count: 5 (13.5135%)	Total: 5 (13.5135%)
[cartographer_node-1] [0.607564, 0.632468)	                ####	Count: 7 (18.9189%)	Total: 12 (32.4324%)
[cartographer_node-1] [0.632468, 0.657373)	                 ###	Count: 5 (13.5135%)	Total: 17 (45.9459%)
[cartographer_node-1] [0.657373, 0.682277)	                  ##	Count: 3 (8.10811%)	Total: 20 (54.0541%)
[cartographer_node-1] [0.682277, 0.707182)	                   #	Count: 2 (5.40541%)	Total: 22 (59.4595%)
[cartographer_node-1] [0.707182, 0.732086)	                 ###	Count: 5 (13.5135%)	Total: 27 (72.973%)
[cartographer_node-1] [0.732086, 0.756991)	                  ##	Count: 4 (10.8108%)	Total: 31 (83.7838%)
[cartographer_node-1] [0.756991, 0.781895)	                   #	Count: 2 (5.40541%)	Total: 33 (89.1892%)
[cartographer_node-1] [0.781895, 0.806800)	                   #	Count: 2 (5.40541%)	Total: 35 (94.5946%)
[cartographer_node-1] [0.806800, 0.831704]	                   #	Count: 2 (5.40541%)	Total: 37 (100%)
[cartographer_node-1] [INFO] [1778669147.684366799] [cartographer logger]: I0513 19:45:47.000000 50711 pose_graph_2d.cc:538] Remaining work items in queue: 1
[cartographer_node-1] [INFO] [1778669147.684451246] [cartographer logger]: I0513 19:45:47.000000 50711 constraint_builder_2d.cc:290] 0 computations resulted in 0 additional constraints.
[cartographer_node-1] [INFO] [1778669147.684684135] [cartographer logger]: I0513 19:45:47.000000 50711 constraint_builder_2d.cc:292] Score histogram:
[cartographer_node-1] Count: 37  Min: 0.582659  Max: 0.831704  Mean: 0.683465
[cartographer_node-1] [0.582659, 0.607564)	                 ###	Count: 5 (13.5135%)	Total: 5 (13.5135%)
[cartographer_node-1] [0.607564, 0.632468)	                ####	Count: 7 (18.9189%)	Total: 12 (32.4324%)
[cartographer_node-1] [0.632468, 0.657373)	                 ###	Count: 5 (13.5135%)	Total: 17 (45.9459%)
[cartographer_node-1] [0.657373, 0.682277)	                  ##	Count: 3 (8.10811%)	Total: 20 (54.0541%)
[cartographer_node-1] [0.682277, 0.707182)	                   #	Count: 2 (5.40541%)	Total: 22 (59.4595%)
[cartographer_node-1] [0.707182, 0.732086)	                 ###	Count: 5 (13.5135%)	Total: 27 (72.973%)
[cartographer_node-1] [0.732086, 0.756991)	                  ##	Count: 4 (10.8108%)	Total: 31 (83.7838%)
[cartographer_node-1] [0.756991, 0.781895)	                   #	Count: 2 (5.40541%)	Total: 33 (89.1892%)
[cartographer_node-1] [0.781895, 0.806800)	                   #	Count: 2 (5.40541%)	Total: 35 (94.5946%)
[cartographer_node-1] [0.806800, 0.831704]	                   #	Count: 2 (5.40541%)	Total: 37 (100%)
[cartographer_node-1] [INFO] [1778669147.761655648] [cartographer logger]: I0513 19:45:47.000000 50710 pose_graph_2d.cc:538] Remaining work items in queue: 1
[cartographer_node-1] [INFO] [1778669147.761694625] [cartographer logger]: I0513 19:45:47.000000 50708 constraint_builder_2d.cc:290] 0 computations resulted in 0 additional constraints.
[cartographer_node-1] [INFO] [1778669147.761762607] [cartographer logger]: I0513 19:45:47.000000 50708 constraint_builder_2d.cc:292] Score histogram:
[cartographer_node-1] Count: 37  Min: 0.582659  Max: 0.831704  Mean: 0.683465
[cartographer_node-1] [0.582659, 0.607564)	                 ###	Count: 5 (13.5135%)	Total: 5 (13.5135%)
[cartographer_node-1] [0.607564, 0.632468)	                ####	Count: 7 (18.9189%)	Total: 12 (32.4324%)
[cartographer_node-1] [0.632468, 0.657373)	                 ###	Count: 5 (13.5135%)	Total: 17 (45.9459%)
[cartographer_node-1] [0.657373, 0.682277)	                  ##	Count: 3 (8.10811%)	Total: 20 (54.0541%)
[cartographer_node-1] [0.682277, 0.707182)	                   #	Count: 2 (5.40541%)	Total: 22 (59.4595%)
[cartographer_node-1] [0.707182, 0.732086)	                 ###	Count: 5 (13.5135%)	Total: 27 (72.973%)
[cartographer_node-1] [0.732086, 0.756991)	                  ##	Count: 4 (10.8108%)	Total: 31 (83.7838%)
[cartographer_node-1] [0.756991, 0.781895)	                   #	Count: 2 (5.40541%)	Total: 33 (89.1892%)
[cartographer_node-1] [0.781895, 0.806800)	                   #	Count: 2 (5.40541%)	Total: 35 (94.5946%)
[cartographer_node-1] [0.806800, 0.831704]	                   #	Count: 2 (5.40541%)	Total: 37 (100%)
[cartographer_node-1] [INFO] [1778669147.852074505] [cartographer logger]: I0513 19:45:47.000000 50708 pose_graph_2d.cc:538] Remaining work items in queue: 1
[cartographer_node-1] [INFO] [1778669147.871596862] [cartographer logger]: I0513 19:45:47.000000 50711 constraint_builder_2d.cc:290] 1 computations resulted in 0 additional constraints.
[cartographer_node-1] [INFO] [1778669147.871665672] [cartographer logger]: I0513 19:45:47.000000 50711 constraint_builder_2d.cc:292] Score histogram:
[cartographer_node-1] Count: 37  Min: 0.582659  Max: 0.831704  Mean: 0.683465
[cartographer_node-1] [0.582659, 0.607564)	                 ###	Count: 5 (13.5135%)	Total: 5 (13.5135%)
[cartographer_node-1] [0.607564, 0.632468)	                ####	Count: 7 (18.9189%)	Total: 12 (32.4324%)
[cartographer_node-1] [0.632468, 0.657373)	                 ###	Count: 5 (13.5135%)	Total: 17 (45.9459%)
[cartographer_node-1] [0.657373, 0.682277)	                  ##	Count: 3 (8.10811%)	Total: 20 (54.0541%)
[cartographer_node-1] [0.682277, 0.707182)	                   #	Count: 2 (5.40541%)	Total: 22 (59.4595%)
[cartographer_node-1] [0.707182, 0.732086)	                 ###	Count: 5 (13.5135%)	Total: 27 (72.973%)
[cartographer_node-1] [0.732086, 0.756991)	                  ##	Count: 4 (10.8108%)	Total: 31 (83.7838%)
[cartographer_node-1] [0.756991, 0.781895)	                   #	Count: 2 (5.40541%)	Total: 33 (89.1892%)
[cartographer_node-1] [0.781895, 0.806800)	                   #	Count: 2 (5.40541%)	Total: 35 (94.5946%)
[cartographer_node-1] [0.806800, 0.831704]	                   #	Count: 2 (5.40541%)	Total: 37 (100%)
[cartographer_node-1] [INFO] [1778669147.902414232] [cartographer logger]: I0513 19:45:47.000000 50709 pose_graph_2d.cc:538] Remaining work items in queue: 1
[cartographer_node-1] [INFO] [1778669147.902443984] [cartographer logger]: I0513 19:45:47.000000 50709 constraint_builder_2d.cc:290] 0 computations resulted in 0 additional constraints.
[cartographer_node-1] [INFO] [1778669147.902827747] [cartographer logger]: I0513 19:45:47.000000 50709 constraint_builder_2d.cc:292] Score histogram:
[cartographer_node-1] Count: 37  Min: 0.582659  Max: 0.831704  Mean: 0.683465
[cartographer_node-1] [0.582659, 0.607564)	                 ###	Count: 5 (13.5135%)	Total: 5 (13.5135%)
[cartographer_node-1] [0.607564, 0.632468)	                ####	Count: 7 (18.9189%)	Total: 12 (32.4324%)
[cartographer_node-1] [0.632468, 0.657373)	                 ###	Count: 5 (13.5135%)	Total: 17 (45.9459%)
[cartographer_node-1] [0.657373, 0.682277)	                  ##	Count: 3 (8.10811%)	Total: 20 (54.0541%)
[cartographer_node-1] [0.682277, 0.707182)	                   #	Count: 2 (5.40541%)	Total: 22 (59.4595%)
[cartographer_node-1] [0.707182, 0.732086)	                 ###	Count: 5 (13.5135%)	Total: 27 (72.973%)
[cartographer_node-1] [0.732086, 0.756991)	                  ##	Count: 4 (10.8108%)	Total: 31 (83.7838%)
[cartographer_node-1] [0.756991, 0.781895)	                   #	Count: 2 (5.40541%)	Total: 33 (89.1892%)
[cartographer_node-1] [0.781895, 0.806800)	                   #	Count: 2 (5.40541%)	Total: 35 (94.5946%)
[cartographer_node-1] [0.806800, 0.831704]	                   #	Count: 2 (5.40541%)	Total: 37 (100%)
[cartographer_node-1] [INFO] [1778669147.983163669] [cartographer logger]: I0513 19:45:47.000000 50708 pose_graph_2d.cc:538] Remaining work items in queue: 1
[cartographer_node-1] [INFO] [1778669147.983205416] [cartographer logger]: I0513 19:45:47.000000 50708 constraint_builder_2d.cc:290] 0 computations resulted in 0 additional constraints.
[cartographer_node-1] [INFO] [1778669147.983739140] [cartographer logger]: I0513 19:45:47.000000 50708 constraint_builder_2d.cc:292] Score histogram:
[cartographer_node-1] Count: 37  Min: 0.582659  Max: 0.831704  Mean: 0.683465
[cartographer_node-1] [0.582659, 0.607564)	                 ###	Count: 5 (13.5135%)	Total: 5 (13.5135%)
[cartographer_node-1] [0.607564, 0.632468)	                ####	Count: 7 (18.9189%)	Total: 12 (32.4324%)
[cartographer_node-1] [0.632468, 0.657373)	                 ###	Count: 5 (13.5135%)	Total: 17 (45.9459%)
[cartographer_node-1] [0.657373, 0.682277)	                  ##	Count: 3 (8.10811%)	Total: 20 (54.0541%)
[cartographer_node-1] [0.682277, 0.707182)	                   #	Count: 2 (5.40541%)	Total: 22 (59.4595%)
[cartographer_node-1] [0.707182, 0.732086)	                 ###	Count: 5 (13.5135%)	Total: 27 (72.973%)
[cartographer_node-1] [0.732086, 0.756991)	                  ##	Count: 4 (10.8108%)	Total: 31 (83.7838%)
[cartographer_node-1] [0.756991, 0.781895)	                   #	Count: 2 (5.40541%)	Total: 33 (89.1892%)
[cartographer_node-1] [0.781895, 0.806800)	                   #	Count: 2 (5.40541%)	Total: 35 (94.5946%)
[cartographer_node-1] [0.806800, 0.831704]	                   #	Count: 2 (5.40541%)	Total: 37 (100%)
[cartographer_node-1] [INFO] [1778669148.063162668] [cartographer logger]: I0513 19:45:48.000000 50711 pose_graph_2d.cc:538] Remaining work items in queue: 1
[cartographer_node-1] [INFO] [1778669148.063192893] [cartographer logger]: I0513 19:45:48.000000 50711 constraint_builder_2d.cc:290] 0 computations resulted in 0 additional constraints.
[cartographer_node-1] [INFO] [1778669148.063644983] [cartographer logger]: I0513 19:45:48.000000 50711 constraint_builder_2d.cc:292] Score histogram:
[cartographer_node-1] Count: 37  Min: 0.582659  Max: 0.831704  Mean: 0.683465
[cartographer_node-1] [0.582659, 0.607564)	                 ###	Count: 5 (13.5135%)	Total: 5 (13.5135%)
[cartographer_node-1] [0.607564, 0.632468)	                ####	Count: 7 (18.9189%)	Total: 12 (32.4324%)
[cartographer_node-1] [0.632468, 0.657373)	                 ###	Count: 5 (13.5135%)	Total: 17 (45.9459%)
[cartographer_node-1] [0.657373, 0.682277)	                  ##	Count: 3 (8.10811%)	Total: 20 (54.0541%)
[cartographer_node-1] [0.682277, 0.707182)	                   #	Count: 2 (5.40541%)	Total: 22 (59.4595%)
[cartographer_node-1] [0.707182, 0.732086)	                 ###	Count: 5 (13.5135%)	Total: 27 (72.973%)
[cartographer_node-1] [0.732086, 0.756991)	                  ##	Count: 4 (10.8108%)	Total: 31 (83.7838%)
[cartographer_node-1] [0.756991, 0.781895)	                   #	Count: 2 (5.40541%)	Total: 33 (89.1892%)
[cartographer_node-1] [0.781895, 0.806800)	                   #	Count: 2 (5.40541%)	Total: 35 (94.5946%)
[cartographer_node-1] [0.806800, 0.831704]	                   #	Count: 2 (5.40541%)	Total: 37 (100%)
[cartographer_node-1] [INFO] [1778669148.153619514] [cartographer logger]: I0513 19:45:48.000000 50708 pose_graph_2d.cc:538] Remaining work items in queue: 1
[cartographer_node-1] [INFO] [1778669148.153672638] [cartographer logger]: I0513 19:45:48.000000 50708 constraint_builder_2d.cc:290] 0 computations resulted in 0 additional constraints.
[cartographer_node-1] [INFO] [1778669148.154123717] [cartographer logger]: I0513 19:45:48.000000 50708 constraint_builder_2d.cc:292] Score histogram:
[cartographer_node-1] Count: 37  Min: 0.582659  Max: 0.831704  Mean: 0.683465
[cartographer_node-1] [0.582659, 0.607564)	                 ###	Count: 5 (13.5135%)	Total: 5 (13.5135%)
[cartographer_node-1] [0.607564, 0.632468)	                ####	Count: 7 (18.9189%)	Total: 12 (32.4324%)
[cartographer_node-1] [0.632468, 0.657373)	                 ###	Count: 5 (13.5135%)	Total: 17 (45.9459%)
[cartographer_node-1] [0.657373, 0.682277)	                  ##	Count: 3 (8.10811%)	Total: 20 (54.0541%)
[cartographer_node-1] [0.682277, 0.707182)	                   #	Count: 2 (5.40541%)	Total: 22 (59.4595%)
[cartographer_node-1] [0.707182, 0.732086)	                 ###	Count: 5 (13.5135%)	Total: 27 (72.973%)
[cartographer_node-1] [0.732086, 0.756991)	                  ##	Count: 4 (10.8108%)	Total: 31 (83.7838%)
[cartographer_node-1] [0.756991, 0.781895)	                   #	Count: 2 (5.40541%)	Total: 33 (89.1892%)
[cartographer_node-1] [0.781895, 0.806800)	                   #	Count: 2 (5.40541%)	Total: 35 (94.5946%)
[cartographer_node-1] [0.806800, 0.831704]	                   #	Count: 2 (5.40541%)	Total: 37 (100%)
[cartographer_node-1] [INFO] [1778669148.268658388] [cartographer logger]: I0513 19:45:48.000000 50710 pose_graph_2d.cc:538] Remaining work items in queue: 1
[cartographer_node-1] [INFO] [1778669148.268740769] [cartographer logger]: I0513 19:45:48.000000 50710 constraint_builder_2d.cc:290] 1 computations resulted in 0 additional constraints.
[cartographer_node-1] [INFO] [1778669148.268811810] [cartographer logger]: I0513 19:45:48.000000 50710 constraint_builder_2d.cc:292] Score histogram:
[cartographer_node-1] Count: 37  Min: 0.582659  Max: 0.831704  Mean: 0.683465
[cartographer_node-1] [0.582659, 0.607564)	                 ###	Count: 5 (13.5135%)	Total: 5 (13.5135%)
[cartographer_node-1] [0.607564, 0.632468)	                ####	Count: 7 (18.9189%)	Total: 12 (32.4324%)
[cartographer_node-1] [0.632468, 0.657373)	                 ###	Count: 5 (13.5135%)	Total: 17 (45.9459%)
[cartographer_node-1] [0.657373, 0.682277)	                  ##	Count: 3 (8.10811%)	Total: 20 (54.0541%)
[cartographer_node-1] [0.682277, 0.707182)	                   #	Count: 2 (5.40541%)	Total: 22 (59.4595%)
[cartographer_node-1] [0.707182, 0.732086)	                 ###	Count: 5 (13.5135%)	Total: 27 (72.973%)
[cartographer_node-1] [0.732086, 0.756991)	                  ##	Count: 4 (10.8108%)	Total: 31 (83.7838%)
[cartographer_node-1] [0.756991, 0.781895)	                   #	Count: 2 (5.40541%)	Total: 33 (89.1892%)
[cartographer_node-1] [0.781895, 0.806800)	                   #	Count: 2 (5.40541%)	Total: 35 (94.5946%)
[cartographer_node-1] [0.806800, 0.831704]	                   #	Count: 2 (5.40541%)	Total: 37 (100%)
[cartographer_node-1] [INFO] [1778669148.410674175] [cartographer logger]: I0513 19:45:48.000000 50708 pose_graph_2d.cc:538] Remaining work items in queue: 1
[cartographer_node-1] [INFO] [1778669148.410772143] [cartographer logger]: I0513 19:45:48.000000 50708 constraint_builder_2d.cc:290] 0 computations resulted in 0 additional constraints.
[cartographer_node-1] [INFO] [1778669148.411786220] [cartographer logger]: I0513 19:45:48.000000 50708 constraint_builder_2d.cc:292] Score histogram:
[cartographer_node-1] Count: 37  Min: 0.582659  Max: 0.831704  Mean: 0.683465
[cartographer_node-1] [0.582659, 0.607564)	                 ###	Count: 5 (13.5135%)	Total: 5 (13.5135%)
[cartographer_node-1] [0.607564, 0.632468)	                ####	Count: 7 (18.9189%)	Total: 12 (32.4324%)
[cartographer_node-1] [0.632468, 0.657373)	                 ###	Count: 5 (13.5135%)	Total: 17 (45.9459%)
[cartographer_node-1] [0.657373, 0.682277)	                  ##	Count: 3 (8.10811%)	Total: 20 (54.0541%)
[cartographer_node-1] [0.682277, 0.707182)	                   #	Count: 2 (5.40541%)	Total: 22 (59.4595%)
[cartographer_node-1] [0.707182, 0.732086)	                 ###	Count: 5 (13.5135%)	Total: 27 (72.973%)
[cartographer_node-1] [0.732086, 0.756991)	                  ##	Count: 4 (10.8108%)	Total: 31 (83.7838%)
[cartographer_node-1] [0.756991, 0.781895)	                   #	Count: 2 (5.40541%)	Total: 33 (89.1892%)
[cartographer_node-1] [0.781895, 0.806800)	                   #	Count: 2 (5.40541%)	Total: 35 (94.5946%)
[cartographer_node-1] [0.806800, 0.831704]	                   #	Count: 2 (5.40541%)	Total: 37 (100%)
[cartographer_node-1] [INFO] [1778669148.563847982] [cartographer logger]: I0513 19:45:48.000000 50709 pose_graph_2d.cc:538] Remaining work items in queue: 1
[cartographer_node-1] [INFO] [1778669148.563901498] [cartographer logger]: I0513 19:45:48.000000 50709 constraint_builder_2d.cc:290] 0 computations resulted in 0 additional constraints.
[cartographer_node-1] [INFO] [1778669148.564379435] [cartographer logger]: I0513 19:45:48.000000 50709 constraint_builder_2d.cc:292] Score histogram:
[cartographer_node-1] Count: 37  Min: 0.582659  Max: 0.831704  Mean: 0.683465
[cartographer_node-1] [0.582659, 0.607564)	                 ###	Count: 5 (13.5135%)	Total: 5 (13.5135%)
[cartographer_node-1] [0.607564, 0.632468)	                ####	Count: 7 (18.9189%)	Total: 12 (32.4324%)
[cartographer_node-1] [0.632468, 0.657373)	                 ###	Count: 5 (13.5135%)	Total: 17 (45.9459%)
[cartographer_node-1] [0.657373, 0.682277)	                  ##	Count: 3 (8.10811%)	Total: 20 (54.0541%)
[cartographer_node-1] [0.682277, 0.707182)	                   #	Count: 2 (5.40541%)	Total: 22 (59.4595%)
[cartographer_node-1] [0.707182, 0.732086)	                 ###	Count: 5 (13.5135%)	Total: 27 (72.973%)
[cartographer_node-1] [0.732086, 0.756991)	                  ##	Count: 4 (10.8108%)	Total: 31 (83.7838%)
[cartographer_node-1] [0.756991, 0.781895)	                   #	Count: 2 (5.40541%)	Total: 33 (89.1892%)
[cartographer_node-1] [0.781895, 0.806800)	                   #	Count: 2 (5.40541%)	Total: 35 (94.5946%)
[cartographer_node-1] [0.806800, 0.831704]	                   #	Count: 2 (5.40541%)	Total: 37 (100%)
[cartographer_node-1] [INFO] [1778669148.752866320] [cartographer logger]: I0513 19:45:48.000000 50709 pose_graph_2d.cc:538] Remaining work items in queue: 1
[cartographer_node-1] [INFO] [1778669148.752938888] [cartographer logger]: I0513 19:45:48.000000 50709 constraint_builder_2d.cc:290] 0 computations resulted in 0 additional constraints.
[cartographer_node-1] [INFO] [1778669148.753069820] [cartographer logger]: I0513 19:45:48.000000 50709 constraint_builder_2d.cc:292] Score histogram:
[cartographer_node-1] Count: 37  Min: 0.582659  Max: 0.831704  Mean: 0.683465
[cartographer_node-1] [0.582659, 0.607564)	                 ###	Count: 5 (13.5135%)	Total: 5 (13.5135%)
[cartographer_node-1] [0.607564, 0.632468)	                ####	Count: 7 (18.9189%)	Total: 12 (32.4324%)
[cartographer_node-1] [0.632468, 0.657373)	                 ###	Count: 5 (13.5135%)	Total: 17 (45.9459%)
[cartographer_node-1] [0.657373, 0.682277)	                  ##	Count: 3 (8.10811%)	Total: 20 (54.0541%)
[cartographer_node-1] [0.682277, 0.707182)	                   #	Count: 2 (5.40541%)	Total: 22 (59.4595%)
[cartographer_node-1] [0.707182, 0.732086)	                 ###	Count: 5 (13.5135%)	Total: 27 (72.973%)
[cartographer_node-1] [0.732086, 0.756991)	                  ##	Count: 4 (10.8108%)	Total: 31 (83.7838%)
[cartographer_node-1] [0.756991, 0.781895)	                   #	Count: 2 (5.40541%)	Total: 33 (89.1892%)
[cartographer_node-1] [0.781895, 0.806800)	                   #	Count: 2 (5.40541%)	Total: 35 (94.5946%)
[cartographer_node-1] [0.806800, 0.831704]	                   #	Count: 2 (5.40541%)	Total: 37 (100%)
[cartographer_node-1] [INFO] [1778669148.867961751] [cartographer logger]: I0513 19:45:48.000000 50709 pose_graph_2d.cc:538] Remaining work items in queue: 0
[cartographer_node-1] [INFO] [1778669148.868063388] [cartographer logger]: I0513 19:45:48.000000 50709 constraint_builder_2d.cc:290] 0 computations resulted in 0 additional constraints.
[cartographer_node-1] [INFO] [1778669148.868891633] [cartographer logger]: I0513 19:45:48.000000 50709 constraint_builder_2d.cc:292] Score histogram:
[cartographer_node-1] Count: 37  Min: 0.582659  Max: 0.831704  Mean: 0.683465
[cartographer_node-1] [0.582659, 0.607564)	                 ###	Count: 5 (13.5135%)	Total: 5 (13.5135%)
[cartographer_node-1] [0.607564, 0.632468)	                ####	Count: 7 (18.9189%)	Total: 12 (32.4324%)
[cartographer_node-1] [0.632468, 0.657373)	                 ###	Count: 5 (13.5135%)	Total: 17 (45.9459%)
[cartographer_node-1] [0.657373, 0.682277)	                  ##	Count: 3 (8.10811%)	Total: 20 (54.0541%)
[cartographer_node-1] [0.682277, 0.707182)	                   #	Count: 2 (5.40541%)	Total: 22 (59.4595%)
[cartographer_node-1] [0.707182, 0.732086)	                 ###	Count: 5 (13.5135%)	Total: 27 (72.973%)
[cartographer_node-1] [0.732086, 0.756991)	                  ##	Count: 4 (10.8108%)	Total: 31 (83.7838%)
[cartographer_node-1] [0.756991, 0.781895)	                   #	Count: 2 (5.40541%)	Total: 33 (89.1892%)
[cartographer_node-1] [0.781895, 0.806800)	                   #	Count: 2 (5.40541%)	Total: 35 (94.5946%)
[cartographer_node-1] [0.806800, 0.831704]	                   #	Count: 2 (5.40541%)	Total: 37 (100%)
[cartographer_node-1] [INFO] [1778669148.910866020] [cartographer logger]: I0513 19:45:48.000000 50711 pose_graph_2d.cc:538] Remaining work items in queue: 1
[cartographer_node-1] [INFO] [1778669148.947711795] [cartographer logger]: I0513 19:45:48.000000 50708 constraint_builder_2d.cc:290] 1 computations resulted in 0 additional constraints.
[cartographer_node-1] [INFO] [1778669148.947842746] [cartographer logger]: I0513 19:45:48.000000 50708 constraint_builder_2d.cc:292] Score histogram:
[cartographer_node-1] Count: 37  Min: 0.582659  Max: 0.831704  Mean: 0.683465
[cartographer_node-1] [0.582659, 0.607564)	                 ###	Count: 5 (13.5135%)	Total: 5 (13.5135%)
[cartographer_node-1] [0.607564, 0.632468)	                ####	Count: 7 (18.9189%)	Total: 12 (32.4324%)
[cartographer_node-1] [0.632468, 0.657373)	                 ###	Count: 5 (13.5135%)	Total: 17 (45.9459%)
[cartographer_node-1] [0.657373, 0.682277)	                  ##	Count: 3 (8.10811%)	Total: 20 (54.0541%)
[cartographer_node-1] [0.682277, 0.707182)	                   #	Count: 2 (5.40541%)	Total: 22 (59.4595%)
[cartographer_node-1] [0.707182, 0.732086)	                 ###	Count: 5 (13.5135%)	Total: 27 (72.973%)
[cartographer_node-1] [0.732086, 0.756991)	                  ##	Count: 4 (10.8108%)	Total: 31 (83.7838%)
[cartographer_node-1] [0.756991, 0.781895)	                   #	Count: 2 (5.40541%)	Total: 33 (89.1892%)
[cartographer_node-1] [0.781895, 0.806800)	                   #	Count: 2 (5.40541%)	Total: 35 (94.5946%)
[cartographer_node-1] [0.806800, 0.831704]	                   #	Count: 2 (5.40541%)	Total: 37 (100%)
[cartographer_node-1] [INFO] [1778669148.972533176] [cartographer logger]: I0513 19:45:48.000000 50709 pose_graph_2d.cc:538] Remaining work items in queue: 1
[cartographer_node-1] [INFO] [1778669148.972591841] [cartographer logger]: I0513 19:45:48.000000 50709 constraint_builder_2d.cc:290] 0 computations resulted in 0 additional constraints.
[cartographer_node-1] [INFO] [1778669148.972745788] [cartographer logger]: I0513 19:45:48.000000 50709 constraint_builder_2d.cc:292] Score histogram:
[cartographer_node-1] Count: 37  Min: 0.582659  Max: 0.831704  Mean: 0.683465
[cartographer_node-1] [0.582659, 0.607564)	                 ###	Count: 5 (13.5135%)	Total: 5 (13.5135%)
[cartographer_node-1] [0.607564, 0.632468)	                ####	Count: 7 (18.9189%)	Total: 12 (32.4324%)
[cartographer_node-1] [0.632468, 0.657373)	                 ###	Count: 5 (13.5135%)	Total: 17 (45.9459%)
[cartographer_node-1] [0.657373, 0.682277)	                  ##	Count: 3 (8.10811%)	Total: 20 (54.0541%)
[cartographer_node-1] [0.682277, 0.707182)	                   #	Count: 2 (5.40541%)	Total: 22 (59.4595%)
[cartographer_node-1] [0.707182, 0.732086)	                 ###	Count: 5 (13.5135%)	Total: 27 (72.973%)
[cartographer_node-1] [0.732086, 0.756991)	                  ##	Count: 4 (10.8108%)	Total: 31 (83.7838%)
[cartographer_node-1] [0.756991, 0.781895)	                   #	Count: 2 (5.40541%)	Total: 33 (89.1892%)
[cartographer_node-1] [0.781895, 0.806800)	                   #	Count: 2 (5.40541%)	Total: 35 (94.5946%)
[cartographer_node-1] [0.806800, 0.831704]	                   #	Count: 2 (5.40541%)	Total: 37 (100%)
[cartographer_node-1] [INFO] [1778669149.061628848] [cartographer logger]: I0513 19:45:49.000000 50710 pose_graph_2d.cc:538] Remaining work items in queue: 1
[cartographer_node-1] [INFO] [1778669149.061660221] [cartographer logger]: I0513 19:45:49.000000 50710 constraint_builder_2d.cc:290] 0 computations resulted in 0 additional constraints.
[cartographer_node-1] [INFO] [1778669149.061798308] [cartographer logger]: I0513 19:45:49.000000 50710 constraint_builder_2d.cc:292] Score histogram:
[cartographer_node-1] Count: 37  Min: 0.582659  Max: 0.831704  Mean: 0.683465
[cartographer_node-1] [0.582659, 0.607564)	                 ###	Count: 5 (13.5135%)	Total: 5 (13.5135%)
[cartographer_node-1] [0.607564, 0.632468)	                ####	Count: 7 (18.9189%)	Total: 12 (32.4324%)
[cartographer_node-1] [0.632468, 0.657373)	                 ###	Count: 5 (13.5135%)	Total: 17 (45.9459%)
[cartographer_node-1] [0.657373, 0.682277)	                  ##	Count: 3 (8.10811%)	Total: 20 (54.0541%)
[cartographer_node-1] [0.682277, 0.707182)	                   #	Count: 2 (5.40541%)	Total: 22 (59.4595%)
[cartographer_node-1] [0.707182, 0.732086)	                 ###	Count: 5 (13.5135%)	Total: 27 (72.973%)
[cartographer_node-1] [0.732086, 0.756991)	                  ##	Count: 4 (10.8108%)	Total: 31 (83.7838%)
[cartographer_node-1] [0.756991, 0.781895)	                   #	Count: 2 (5.40541%)	Total: 33 (89.1892%)
[cartographer_node-1] [0.781895, 0.806800)	                   #	Count: 2 (5.40541%)	Total: 35 (94.5946%)
[cartographer_node-1] [0.806800, 0.831704]	                   #	Count: 2 (5.40541%)	Total: 37 (100%)
[cartographer_node-1] [INFO] [1778669149.159620999] [cartographer logger]: I0513 19:45:49.000000 50711 pose_graph_2d.cc:538] Remaining work items in queue: 1
[cartographer_node-1] [INFO] [1778669149.159719041] [cartographer logger]: I0513 19:45:49.000000 50711 constraint_builder_2d.cc:290] 0 computations resulted in 0 additional constraints.
[cartographer_node-1] [INFO] [1778669149.160789163] [cartographer logger]: I0513 19:45:49.000000 50711 constraint_builder_2d.cc:292] Score histogram:
[cartographer_node-1] Count: 37  Min: 0.582659  Max: 0.831704  Mean: 0.683465
[cartographer_node-1] [0.582659, 0.607564)	                 ###	Count: 5 (13.5135%)	Total: 5 (13.5135%)
[cartographer_node-1] [0.607564, 0.632468)	                ####	Count: 7 (18.9189%)	Total: 12 (32.4324%)
[cartographer_node-1] [0.632468, 0.657373)	                 ###	Count: 5 (13.5135%)	Total: 17 (45.9459%)
[cartographer_node-1] [0.657373, 0.682277)	                  ##	Count: 3 (8.10811%)	Total: 20 (54.0541%)
[cartographer_node-1] [0.682277, 0.707182)	                   #	Count: 2 (5.40541%)	Total: 22 (59.4595%)
[cartographer_node-1] [0.707182, 0.732086)	                 ###	Count: 5 (13.5135%)	Total: 27 (72.973%)
[cartographer_node-1] [0.732086, 0.756991)	                  ##	Count: 4 (10.8108%)	Total: 31 (83.7838%)
[cartographer_node-1] [0.756991, 0.781895)	                   #	Count: 2 (5.40541%)	Total: 33 (89.1892%)
[cartographer_node-1] [0.781895, 0.806800)	                   #	Count: 2 (5.40541%)	Total: 35 (94.5946%)
[cartographer_node-1] [0.806800, 0.831704]	                   #	Count: 2 (5.40541%)	Total: 37 (100%)
[cartographer_node-1] [INFO] [1778669149.216484628] [cartographer logger]: I0513 19:45:49.000000 50709 pose_graph_2d.cc:538] Remaining work items in queue: 1
[cartographer_node-1] [INFO] [1778669149.273256807] [cartographer logger]: I0513 19:45:49.000000 50694 collated_trajectory_builder.cc:81] imu rate: 40.80 Hz 2.45e-02 s +/- 8.05e-03 s (pulsed at 100.05% real time)
[cartographer_node-1] [INFO] [1778669149.273314495] [cartographer logger]: I0513 19:45:49.000000 50694 collated_trajectory_builder.cc:81] odom_wheel rate: 40.67 Hz 2.46e-02 s +/- 8.40e-03 s (pulsed at 100.05% real time)
[cartographer_node-1] [INFO] [1778669149.273334265] [cartographer logger]: I0513 19:45:49.000000 50694 collated_trajectory_builder.cc:81] scan rate: 39.95 Hz 2.50e-02 s +/- 4.97e-03 s (pulsed at 100.14% real time)
[cartographer_node-1] [INFO] [1778669149.273525738] [cartographer logger]: I0513 19:45:49.000000 50710 constraint_builder_2d.cc:290] 1 computations resulted in 0 additional constraints.
[cartographer_node-1] [INFO] [1778669149.273601825] [cartographer logger]: I0513 19:45:49.000000 50710 constraint_builder_2d.cc:292] Score histogram:
[cartographer_node-1] Count: 37  Min: 0.582659  Max: 0.831704  Mean: 0.683465
[cartographer_node-1] [0.582659, 0.607564)	                 ###	Count: 5 (13.5135%)	Total: 5 (13.5135%)
[cartographer_node-1] [0.607564, 0.632468)	                ####	Count: 7 (18.9189%)	Total: 12 (32.4324%)
[cartographer_node-1] [0.632468, 0.657373)	                 ###	Count: 5 (13.5135%)	Total: 17 (45.9459%)
[cartographer_node-1] [0.657373, 0.682277)	                  ##	Count: 3 (8.10811%)	Total: 20 (54.0541%)
[cartographer_node-1] [0.682277, 0.707182)	                   #	Count: 2 (5.40541%)	Total: 22 (59.4595%)
[cartographer_node-1] [0.707182, 0.732086)	                 ###	Count: 5 (13.5135%)	Total: 27 (72.973%)
[cartographer_node-1] [0.732086, 0.756991)	                  ##	Count: 4 (10.8108%)	Total: 31 (83.7838%)
[cartographer_node-1] [0.756991, 0.781895)	                   #	Count: 2 (5.40541%)	Total: 33 (89.1892%)
[cartographer_node-1] [0.781895, 0.806800)	                   #	Count: 2 (5.40541%)	Total: 35 (94.5946%)
[cartographer_node-1] [0.806800, 0.831704]	                   #	Count: 2 (5.40541%)	Total: 37 (100%)
[cartographer_node-1] [INFO] [1778669149.281383232] [cartographer logger]: I0513 19:45:49.000000 50710 pose_graph_2d.cc:538] Remaining work items in queue: 1
[cartographer_node-1] [INFO] [1778669149.281450337] [cartographer logger]: I0513 19:45:49.000000 50710 constraint_builder_2d.cc:290] 0 computations resulted in 0 additional constraints.
[cartographer_node-1] [INFO] [1778669149.281813692] [cartographer logger]: I0513 19:45:49.000000 50710 constraint_builder_2d.cc:292] Score histogram:
[cartographer_node-1] Count: 37  Min: 0.582659  Max: 0.831704  Mean: 0.683465
[cartographer_node-1] [0.582659, 0.607564)	                 ###	Count: 5 (13.5135%)	Total: 5 (13.5135%)
[cartographer_node-1] [0.607564, 0.632468)	                ####	Count: 7 (18.9189%)	Total: 12 (32.4324%)
[cartographer_node-1] [0.632468, 0.657373)	                 ###	Count: 5 (13.5135%)	Total: 17 (45.9459%)
[cartographer_node-1] [0.657373, 0.682277)	                  ##	Count: 3 (8.10811%)	Total: 20 (54.0541%)
[cartographer_node-1] [0.682277, 0.707182)	                   #	Count: 2 (5.40541%)	Total: 22 (59.4595%)
[cartographer_node-1] [0.707182, 0.732086)	                 ###	Count: 5 (13.5135%)	Total: 27 (72.973%)
[cartographer_node-1] [0.732086, 0.756991)	                  ##	Count: 4 (10.8108%)	Total: 31 (83.7838%)
[cartographer_node-1] [0.756991, 0.781895)	                   #	Count: 2 (5.40541%)	Total: 33 (89.1892%)
[cartographer_node-1] [0.781895, 0.806800)	                   #	Count: 2 (5.40541%)	Total: 35 (94.5946%)
[cartographer_node-1] [0.806800, 0.831704]	                   #	Count: 2 (5.40541%)	Total: 37 (100%)
[cartographer_node-1] [INFO] [1778669149.387223567] [cartographer logger]: I0513 19:45:49.000000 50711 pose_graph_2d.cc:538] Remaining work items in queue: 1
[cartographer_node-1] [INFO] [1778669149.387269899] [cartographer logger]: I0513 19:45:49.000000 50711 constraint_builder_2d.cc:290] 0 computations resulted in 0 additional constraints.
[cartographer_node-1] [INFO] [1778669149.387660277] [cartographer logger]: I0513 19:45:49.000000 50711 constraint_builder_2d.cc:292] Score histogram:
[cartographer_node-1] Count: 37  Min: 0.582659  Max: 0.831704  Mean: 0.683465
[cartographer_node-1] [0.582659, 0.607564)	                 ###	Count: 5 (13.5135%)	Total: 5 (13.5135%)
[cartographer_node-1] [0.607564, 0.632468)	                ####	Count: 7 (18.9189%)	Total: 12 (32.4324%)
[cartographer_node-1] [0.632468, 0.657373)	                 ###	Count: 5 (13.5135%)	Total: 17 (45.9459%)
[cartographer_node-1] [0.657373, 0.682277)	                  ##	Count: 3 (8.10811%)	Total: 20 (54.0541%)
[cartographer_node-1] [0.682277, 0.707182)	                   #	Count: 2 (5.40541%)	Total: 22 (59.4595%)
[cartographer_node-1] [0.707182, 0.732086)	                 ###	Count: 5 (13.5135%)	Total: 27 (72.973%)
[cartographer_node-1] [0.732086, 0.756991)	                  ##	Count: 4 (10.8108%)	Total: 31 (83.7838%)
[cartographer_node-1] [0.756991, 0.781895)	                   #	Count: 2 (5.40541%)	Total: 33 (89.1892%)
[cartographer_node-1] [0.781895, 0.806800)	                   #	Count: 2 (5.40541%)	Total: 35 (94.5946%)
[cartographer_node-1] [0.806800, 0.831704]	                   #	Count: 2 (5.40541%)	Total: 37 (100%)
[cartographer_node-1] [INFO] [1778669149.460698829] [cartographer logger]: I0513 19:45:49.000000 50709 pose_graph_2d.cc:538] Remaining work items in queue: 1
[cartographer_node-1] [INFO] [1778669149.460785484] [cartographer logger]: I0513 19:45:49.000000 50709 constraint_builder_2d.cc:290] 0 computations resulted in 0 additional constraints.
[cartographer_node-1] [INFO] [1778669149.461810942] [cartographer logger]: I0513 19:45:49.000000 50709 constraint_builder_2d.cc:292] Score histogram:
[cartographer_node-1] Count: 37  Min: 0.582659  Max: 0.831704  Mean: 0.683465
[cartographer_node-1] [0.582659, 0.607564)	                 ###	Count: 5 (13.5135%)	Total: 5 (13.5135%)
[cartographer_node-1] [0.607564, 0.632468)	                ####	Count: 7 (18.9189%)	Total: 12 (32.4324%)
[cartographer_node-1] [0.632468, 0.657373)	                 ###	Count: 5 (13.5135%)	Total: 17 (45.9459%)
[cartographer_node-1] [0.657373, 0.682277)	                  ##	Count: 3 (8.10811%)	Total: 20 (54.0541%)
[cartographer_node-1] [0.682277, 0.707182)	                   #	Count: 2 (5.40541%)	Total: 22 (59.4595%)
[cartographer_node-1] [0.707182, 0.732086)	                 ###	Count: 5 (13.5135%)	Total: 27 (72.973%)
[cartographer_node-1] [0.732086, 0.756991)	                  ##	Count: 4 (10.8108%)	Total: 31 (83.7838%)
[cartographer_node-1] [0.756991, 0.781895)	                   #	Count: 2 (5.40541%)	Total: 33 (89.1892%)
[cartographer_node-1] [0.781895, 0.806800)	                   #	Count: 2 (5.40541%)	Total: 35 (94.5946%)
[cartographer_node-1] [0.806800, 0.831704]	                   #	Count: 2 (5.40541%)	Total: 37 (100%)
[cartographer_node-1] [INFO] [1778669149.539080714] [cartographer logger]: I0513 19:45:49.000000 50710 pose_graph_2d.cc:538] Remaining work items in queue: 2
[cartographer_node-1] [INFO] [1778669149.539181149] [cartographer logger]: I0513 19:45:49.000000 50710 constraint_builder_2d.cc:290] 0 computations resulted in 0 additional constraints.
[cartographer_node-1] [INFO] [1778669149.540283059] [cartographer logger]: I0513 19:45:49.000000 50710 constraint_builder_2d.cc:292] Score histogram:
[cartographer_node-1] Count: 37  Min: 0.582659  Max: 0.831704  Mean: 0.683465
[cartographer_node-1] [0.582659, 0.607564)	                 ###	Count: 5 (13.5135%)	Total: 5 (13.5135%)
[cartographer_node-1] [0.607564, 0.632468)	                ####	Count: 7 (18.9189%)	Total: 12 (32.4324%)
[cartographer_node-1] [0.632468, 0.657373)	                 ###	Count: 5 (13.5135%)	Total: 17 (45.9459%)
[cartographer_node-1] [0.657373, 0.682277)	                  ##	Count: 3 (8.10811%)	Total: 20 (54.0541%)
[cartographer_node-1] [0.682277, 0.707182)	                   #	Count: 2 (5.40541%)	Total: 22 (59.4595%)
[cartographer_node-1] [0.707182, 0.732086)	                 ###	Count: 5 (13.5135%)	Total: 27 (72.973%)
[cartographer_node-1] [0.732086, 0.756991)	                  ##	Count: 4 (10.8108%)	Total: 31 (83.7838%)
[cartographer_node-1] [0.756991, 0.781895)	                   #	Count: 2 (5.40541%)	Total: 33 (89.1892%)
[cartographer_node-1] [0.781895, 0.806800)	                   #	Count: 2 (5.40541%)	Total: 35 (94.5946%)
[cartographer_node-1] [0.806800, 0.831704]	                   #	Count: 2 (5.40541%)	Total: 37 (100%)
[cartographer_node-1] [INFO] [1778669149.604633612] [cartographer logger]: I0513 19:45:49.000000 50709 pose_graph_2d.cc:538] Remaining work items in queue: 1
[cartographer_node-1] [INFO] [1778669149.623535556] [cartographer logger]: I0513 19:45:49.000000 50710 constraint_builder_2d.cc:275] Node (1, 270) with 211 points on submap (1, 5) differs by translation 0.22 rotation 0.026 with score 66.9%.
[cartographer_node-1] [INFO] [1778669149.639026599] [cartographer logger]: I0513 19:45:49.000000 50694 pose_graph_2d.cc:148] Inserted submap (1, 7).
[cartographer_node-1] [INFO] [1778669149.695895534] [cartographer logger]: I0513 19:45:49.000000 50708 constraint_builder_2d.cc:275] Node (0, 290) with 203 points on submap (1, 5) matches with score 70.0%.
[cartographer_node-1] [INFO] [1778669149.743389959] [cartographer logger]: I0513 19:45:49.000000 50709 constraint_builder_2d.cc:275] Node (0, 890) with 201 points on submap (1, 5) matches with score 68.9%.
[cartographer_node-1] [INFO] [1778669149.745479274] [cartographer logger]: I0513 19:45:49.000000 50711 constraint_builder_2d.cc:275] Node (0, 1090) with 184 points on submap (1, 5) matches with score 61.0%.
[cartographer_node-1] [INFO] [1778669149.749200433] [cartographer logger]: I0513 19:45:49.000000 50710 constraint_builder_2d.cc:275] Node (0, 490) with 215 points on submap (1, 5) matches with score 58.8%.
[cartographer_node-1] [INFO] [1778669149.777667199] [cartographer logger]: I0513 19:45:49.000000 50708 constraint_builder_2d.cc:290] 9 computations resulted in 5 additional constraints.
[cartographer_node-1] [INFO] [1778669149.777738228] [cartographer logger]: I0513 19:45:49.000000 50708 constraint_builder_2d.cc:292] Score histogram:
[cartographer_node-1] Count: 42  Min: 0.582659  Max: 0.831704  Mean: 0.67962
[cartographer_node-1] [0.582659, 0.607564)	                 ###	Count: 6 (14.2857%)	Total: 6 (14.2857%)
[cartographer_node-1] [0.607564, 0.632468)	                ####	Count: 8 (19.0476%)	Total: 14 (33.3333%)
[cartographer_node-1] [0.632468, 0.657373)	                  ##	Count: 5 (11.9048%)	Total: 19 (45.2381%)
[cartographer_node-1] [0.657373, 0.682277)	                  ##	Count: 4 (9.52381%)	Total: 23 (54.7619%)
[cartographer_node-1] [0.682277, 0.707182)	                  ##	Count: 4 (9.52381%)	Total: 27 (64.2857%)
[cartographer_node-1] [0.707182, 0.732086)	                  ##	Count: 5 (11.9048%)	Total: 32 (76.1905%)
[cartographer_node-1] [0.732086, 0.756991)	                  ##	Count: 4 (9.52381%)	Total: 36 (85.7143%)
[cartographer_node-1] [0.756991, 0.781895)	                   #	Count: 2 (4.7619%)	Total: 38 (90.4762%)
[cartographer_node-1] [0.781895, 0.806800)	                   #	Count: 2 (4.7619%)	Total: 40 (95.2381%)
[cartographer_node-1] [0.806800, 0.831704]	                   #	Count: 2 (4.7619%)	Total: 42 (100%)
[cartographer_node-1] [INFO] [1778669149.795248392] [cartographer logger]: I0513 19:45:49.000000 50708 pose_graph_2d.cc:538] Remaining work items in queue: 13
[cartographer_node-1] [INFO] [1778669149.795279891] [cartographer logger]: I0513 19:45:49.000000 50708 constraint_builder_2d.cc:290] 0 computations resulted in 0 additional constraints.
[cartographer_node-1] [INFO] [1778669149.795594458] [cartographer logger]: I0513 19:45:49.000000 50708 constraint_builder_2d.cc:292] Score histogram:
[cartographer_node-1] Count: 42  Min: 0.582659  Max: 0.831704  Mean: 0.67962
[cartographer_node-1] [0.582659, 0.607564)	                 ###	Count: 6 (14.2857%)	Total: 6 (14.2857%)
[cartographer_node-1] [0.607564, 0.632468)	                ####	Count: 8 (19.0476%)	Total: 14 (33.3333%)
[cartographer_node-1] [0.632468, 0.657373)	                  ##	Count: 5 (11.9048%)	Total: 19 (45.2381%)
[cartographer_node-1] [0.657373, 0.682277)	                  ##	Count: 4 (9.52381%)	Total: 23 (54.7619%)
[cartographer_node-1] [0.682277, 0.707182)	                  ##	Count: 4 (9.52381%)	Total: 27 (64.2857%)
[cartographer_node-1] [0.707182, 0.732086)	                  ##	Count: 5 (11.9048%)	Total: 32 (76.1905%)
[cartographer_node-1] [0.732086, 0.756991)	                  ##	Count: 4 (9.52381%)	Total: 36 (85.7143%)
[cartographer_node-1] [0.756991, 0.781895)	                   #	Count: 2 (4.7619%)	Total: 38 (90.4762%)
[cartographer_node-1] [0.781895, 0.806800)	                   #	Count: 2 (4.7619%)	Total: 40 (95.2381%)
[cartographer_node-1] [0.806800, 0.831704]	                   #	Count: 2 (4.7619%)	Total: 42 (100%)
[cartographer_node-1] [INFO] [1778669149.831276033] [cartographer logger]: I0513 19:45:49.000000 50709 pose_graph_2d.cc:538] Remaining work items in queue: 1
[cartographer_node-1] [INFO] [1778669149.831326850] [cartographer logger]: I0513 19:45:49.000000 50709 constraint_builder_2d.cc:290] 0 computations resulted in 0 additional constraints.
[cartographer_node-1] [INFO] [1778669149.831385975] [cartographer logger]: I0513 19:45:49.000000 50709 constraint_builder_2d.cc:292] Score histogram:
[cartographer_node-1] Count: 42  Min: 0.582659  Max: 0.831704  Mean: 0.67962
[cartographer_node-1] [0.582659, 0.607564)	                 ###	Count: 6 (14.2857%)	Total: 6 (14.2857%)
[cartographer_node-1] [0.607564, 0.632468)	                ####	Count: 8 (19.0476%)	Total: 14 (33.3333%)
[cartographer_node-1] [0.632468, 0.657373)	                  ##	Count: 5 (11.9048%)	Total: 19 (45.2381%)
[cartographer_node-1] [0.657373, 0.682277)	                  ##	Count: 4 (9.52381%)	Total: 23 (54.7619%)
[cartographer_node-1] [0.682277, 0.707182)	                  ##	Count: 4 (9.52381%)	Total: 27 (64.2857%)
[cartographer_node-1] [0.707182, 0.732086)	                  ##	Count: 5 (11.9048%)	Total: 32 (76.1905%)
[cartographer_node-1] [0.732086, 0.756991)	                  ##	Count: 4 (9.52381%)	Total: 36 (85.7143%)
[cartographer_node-1] [0.756991, 0.781895)	                   #	Count: 2 (4.7619%)	Total: 38 (90.4762%)
[cartographer_node-1] [0.781895, 0.806800)	                   #	Count: 2 (4.7619%)	Total: 40 (95.2381%)
[cartographer_node-1] [0.806800, 0.831704]	                   #	Count: 2 (4.7619%)	Total: 42 (100%)
[cartographer_node-1] [INFO] [1778669149.955514772] [cartographer logger]: I0513 19:45:49.000000 50711 pose_graph_2d.cc:538] Remaining work items in queue: 1
[cartographer_node-1] [INFO] [1778669149.955566277] [cartographer logger]: I0513 19:45:49.000000 50711 constraint_builder_2d.cc:290] 0 computations resulted in 0 additional constraints.
[cartographer_node-1] [INFO] [1778669149.955615430] [cartographer logger]: I0513 19:45:49.000000 50711 constraint_builder_2d.cc:292] Score histogram:
[cartographer_node-1] Count: 42  Min: 0.582659  Max: 0.831704  Mean: 0.67962
[cartographer_node-1] [0.582659, 0.607564)	                 ###	Count: 6 (14.2857%)	Total: 6 (14.2857%)
[cartographer_node-1] [0.607564, 0.632468)	                ####	Count: 8 (19.0476%)	Total: 14 (33.3333%)
[cartographer_node-1] [0.632468, 0.657373)	                  ##	Count: 5 (11.9048%)	Total: 19 (45.2381%)
[cartographer_node-1] [0.657373, 0.682277)	                  ##	Count: 4 (9.52381%)	Total: 23 (54.7619%)
[cartographer_node-1] [0.682277, 0.707182)	                  ##	Count: 4 (9.52381%)	Total: 27 (64.2857%)
[cartographer_node-1] [0.707182, 0.732086)	                  ##	Count: 5 (11.9048%)	Total: 32 (76.1905%)
[cartographer_node-1] [0.732086, 0.756991)	                  ##	Count: 4 (9.52381%)	Total: 36 (85.7143%)
[cartographer_node-1] [0.756991, 0.781895)	                   #	Count: 2 (4.7619%)	Total: 38 (90.4762%)
[cartographer_node-1] [0.781895, 0.806800)	                   #	Count: 2 (4.7619%)	Total: 40 (95.2381%)
[cartographer_node-1] [0.806800, 0.831704]	                   #	Count: 2 (4.7619%)	Total: 42 (100%)
[cartographer_node-1] [INFO] [1778669150.030816470] [cartographer logger]: I0513 19:45:50.000000 50709 pose_graph_2d.cc:538] Remaining work items in queue: 1
[cartographer_node-1] [INFO] [1778669150.030932879] [cartographer logger]: I0513 19:45:50.000000 50709 constraint_builder_2d.cc:290] 0 computations resulted in 0 additional constraints.
[cartographer_node-1] [INFO] [1778669150.031193333] [cartographer logger]: I0513 19:45:50.000000 50709 constraint_builder_2d.cc:292] Score histogram:
[cartographer_node-1] Count: 42  Min: 0.582659  Max: 0.831704  Mean: 0.67962
[cartographer_node-1] [0.582659, 0.607564)	                 ###	Count: 6 (14.2857%)	Total: 6 (14.2857%)
[cartographer_node-1] [0.607564, 0.632468)	                ####	Count: 8 (19.0476%)	Total: 14 (33.3333%)
[cartographer_node-1] [0.632468, 0.657373)	                  ##	Count: 5 (11.9048%)	Total: 19 (45.2381%)
[cartographer_node-1] [0.657373, 0.682277)	                  ##	Count: 4 (9.52381%)	Total: 23 (54.7619%)
[cartographer_node-1] [0.682277, 0.707182)	                  ##	Count: 4 (9.52381%)	Total: 27 (64.2857%)
[cartographer_node-1] [0.707182, 0.732086)	                  ##	Count: 5 (11.9048%)	Total: 32 (76.1905%)
[cartographer_node-1] [0.732086, 0.756991)	                  ##	Count: 4 (9.52381%)	Total: 36 (85.7143%)
[cartographer_node-1] [0.756991, 0.781895)	                   #	Count: 2 (4.7619%)	Total: 38 (90.4762%)
[cartographer_node-1] [0.781895, 0.806800)	                   #	Count: 2 (4.7619%)	Total: 40 (95.2381%)
[cartographer_node-1] [0.806800, 0.831704]	                   #	Count: 2 (4.7619%)	Total: 42 (100%)
[cartographer_node-1] [INFO] [1778669150.089530510] [cartographer logger]: I0513 19:45:50.000000 50708 pose_graph_2d.cc:538] Remaining work items in queue: 1
[cartographer_node-1] [INFO] [1778669150.121015904] [cartographer logger]: I0513 19:45:50.000000 50710 constraint_builder_2d.cc:290] 1 computations resulted in 0 additional constraints.
[cartographer_node-1] [INFO] [1778669150.121080944] [cartographer logger]: I0513 19:45:50.000000 50710 constraint_builder_2d.cc:292] Score histogram:
[cartographer_node-1] Count: 42  Min: 0.582659  Max: 0.831704  Mean: 0.67962
[cartographer_node-1] [0.582659, 0.607564)	                 ###	Count: 6 (14.2857%)	Total: 6 (14.2857%)
[cartographer_node-1] [0.607564, 0.632468)	                ####	Count: 8 (19.0476%)	Total: 14 (33.3333%)
[cartographer_node-1] [0.632468, 0.657373)	                  ##	Count: 5 (11.9048%)	Total: 19 (45.2381%)
[cartographer_node-1] [0.657373, 0.682277)	                  ##	Count: 4 (9.52381%)	Total: 23 (54.7619%)
[cartographer_node-1] [0.682277, 0.707182)	                  ##	Count: 4 (9.52381%)	Total: 27 (64.2857%)
[cartographer_node-1] [0.707182, 0.732086)	                  ##	Count: 5 (11.9048%)	Total: 32 (76.1905%)
[cartographer_node-1] [0.732086, 0.756991)	                  ##	Count: 4 (9.52381%)	Total: 36 (85.7143%)
[cartographer_node-1] [0.756991, 0.781895)	                   #	Count: 2 (4.7619%)	Total: 38 (90.4762%)
[cartographer_node-1] [0.781895, 0.806800)	                   #	Count: 2 (4.7619%)	Total: 40 (95.2381%)
[cartographer_node-1] [0.806800, 0.831704]	                   #	Count: 2 (4.7619%)	Total: 42 (100%)
[cartographer_node-1] [INFO] [1778669150.161153856] [cartographer logger]: I0513 19:45:50.000000 50708 pose_graph_2d.cc:538] Remaining work items in queue: 0
[cartographer_node-1] [INFO] [1778669150.161193223] [cartographer logger]: I0513 19:45:50.000000 50708 constraint_builder_2d.cc:290] 0 computations resulted in 0 additional constraints.
[cartographer_node-1] [INFO] [1778669150.161351039] [cartographer logger]: I0513 19:45:50.000000 50708 constraint_builder_2d.cc:292] Score histogram:
[cartographer_node-1] Count: 42  Min: 0.582659  Max: 0.831704  Mean: 0.67962
[cartographer_node-1] [0.582659, 0.607564)	                 ###	Count: 6 (14.2857%)	Total: 6 (14.2857%)
[cartographer_node-1] [0.607564, 0.632468)	                ####	Count: 8 (19.0476%)	Total: 14 (33.3333%)
[cartographer_node-1] [0.632468, 0.657373)	                  ##	Count: 5 (11.9048%)	Total: 19 (45.2381%)
[cartographer_node-1] [0.657373, 0.682277)	                  ##	Count: 4 (9.52381%)	Total: 23 (54.7619%)
[cartographer_node-1] [0.682277, 0.707182)	                  ##	Count: 4 (9.52381%)	Total: 27 (64.2857%)
[cartographer_node-1] [0.707182, 0.732086)	                  ##	Count: 5 (11.9048%)	Total: 32 (76.1905%)
[cartographer_node-1] [0.732086, 0.756991)	                  ##	Count: 4 (9.52381%)	Total: 36 (85.7143%)
[cartographer_node-1] [0.756991, 0.781895)	                   #	Count: 2 (4.7619%)	Total: 38 (90.4762%)
[cartographer_node-1] [0.781895, 0.806800)	                   #	Count: 2 (4.7619%)	Total: 40 (95.2381%)
[cartographer_node-1] [0.806800, 0.831704]	                   #	Count: 2 (4.7619%)	Total: 42 (100%)
[cartographer_node-1] [INFO] [1778669150.255062313] [cartographer logger]: I0513 19:45:50.000000 50708 pose_graph_2d.cc:538] Remaining work items in queue: 1
[cartographer_node-1] [INFO] [1778669150.255167208] [cartographer logger]: I0513 19:45:50.000000 50708 constraint_builder_2d.cc:290] 0 computations resulted in 0 additional constraints.
[cartographer_node-1] [INFO] [1778669150.256119274] [cartographer logger]: I0513 19:45:50.000000 50708 constraint_builder_2d.cc:292] Score histogram:
[cartographer_node-1] Count: 42  Min: 0.582659  Max: 0.831704  Mean: 0.67962
[cartographer_node-1] [0.582659, 0.607564)	                 ###	Count: 6 (14.2857%)	Total: 6 (14.2857%)
[cartographer_node-1] [0.607564, 0.632468)	                ####	Count: 8 (19.0476%)	Total: 14 (33.3333%)
[cartographer_node-1] [0.632468, 0.657373)	                  ##	Count: 5 (11.9048%)	Total: 19 (45.2381%)
[cartographer_node-1] [0.657373, 0.682277)	                  ##	Count: 4 (9.52381%)	Total: 23 (54.7619%)
[cartographer_node-1] [0.682277, 0.707182)	                  ##	Count: 4 (9.52381%)	Total: 27 (64.2857%)
[cartographer_node-1] [0.707182, 0.732086)	                  ##	Count: 5 (11.9048%)	Total: 32 (76.1905%)
[cartographer_node-1] [0.732086, 0.756991)	                  ##	Count: 4 (9.52381%)	Total: 36 (85.7143%)
[cartographer_node-1] [0.756991, 0.781895)	                   #	Count: 2 (4.7619%)	Total: 38 (90.4762%)
[cartographer_node-1] [0.781895, 0.806800)	                   #	Count: 2 (4.7619%)	Total: 40 (95.2381%)
[cartographer_node-1] [0.806800, 0.831704]	                   #	Count: 2 (4.7619%)	Total: 42 (100%)
[cartographer_node-1] [INFO] [1778669150.343957787] [cartographer logger]: I0513 19:45:50.000000 50710 pose_graph_2d.cc:538] Remaining work items in queue: 0
[cartographer_node-1] [INFO] [1778669150.344000708] [cartographer logger]: I0513 19:45:50.000000 50710 constraint_builder_2d.cc:290] 0 computations resulted in 0 additional constraints.
[cartographer_node-1] [INFO] [1778669150.344081576] [cartographer logger]: I0513 19:45:50.000000 50710 constraint_builder_2d.cc:292] Score histogram:
[cartographer_node-1] Count: 42  Min: 0.582659  Max: 0.831704  Mean: 0.67962
[cartographer_node-1] [0.582659, 0.607564)	                 ###	Count: 6 (14.2857%)	Total: 6 (14.2857%)
[cartographer_node-1] [0.607564, 0.632468)	                ####	Count: 8 (19.0476%)	Total: 14 (33.3333%)
[cartographer_node-1] [0.632468, 0.657373)	                  ##	Count: 5 (11.9048%)	Total: 19 (45.2381%)
[cartographer_node-1] [0.657373, 0.682277)	                  ##	Count: 4 (9.52381%)	Total: 23 (54.7619%)
[cartographer_node-1] [0.682277, 0.707182)	                  ##	Count: 4 (9.52381%)	Total: 27 (64.2857%)
[cartographer_node-1] [0.707182, 0.732086)	                  ##	Count: 5 (11.9048%)	Total: 32 (76.1905%)
[cartographer_node-1] [0.732086, 0.756991)	                  ##	Count: 4 (9.52381%)	Total: 36 (85.7143%)
[cartographer_node-1] [0.756991, 0.781895)	                   #	Count: 2 (4.7619%)	Total: 38 (90.4762%)
[cartographer_node-1] [0.781895, 0.806800)	                   #	Count: 2 (4.7619%)	Total: 40 (95.2381%)
[cartographer_node-1] [0.806800, 0.831704]	                   #	Count: 2 (4.7619%)	Total: 42 (100%)
[cartographer_node-1] [INFO] [1778669150.386914700] [cartographer logger]: I0513 19:45:50.000000 50708 pose_graph_2d.cc:538] Remaining work items in queue: 0
[cartographer_node-1] [INFO] [1778669150.386951599] [cartographer logger]: I0513 19:45:50.000000 50708 constraint_builder_2d.cc:290] 0 computations resulted in 0 additional constraints.
[cartographer_node-1] [INFO] [1778669150.386982812] [cartographer logger]: I0513 19:45:50.000000 50708 constraint_builder_2d.cc:292] Score histogram:
[cartographer_node-1] Count: 42  Min: 0.582659  Max: 0.831704  Mean: 0.67962
[cartographer_node-1] [0.582659, 0.607564)	                 ###	Count: 6 (14.2857%)	Total: 6 (14.2857%)
[cartographer_node-1] [0.607564, 0.632468)	                ####	Count: 8 (19.0476%)	Total: 14 (33.3333%)
[cartographer_node-1] [0.632468, 0.657373)	                  ##	Count: 5 (11.9048%)	Total: 19 (45.2381%)
[cartographer_node-1] [0.657373, 0.682277)	                  ##	Count: 4 (9.52381%)	Total: 23 (54.7619%)
[cartographer_node-1] [0.682277, 0.707182)	                  ##	Count: 4 (9.52381%)	Total: 27 (64.2857%)
[cartographer_node-1] [0.707182, 0.732086)	                  ##	Count: 5 (11.9048%)	Total: 32 (76.1905%)
[cartographer_node-1] [0.732086, 0.756991)	                  ##	Count: 4 (9.52381%)	Total: 36 (85.7143%)
[cartographer_node-1] [0.756991, 0.781895)	                   #	Count: 2 (4.7619%)	Total: 38 (90.4762%)
[cartographer_node-1] [0.781895, 0.806800)	                   #	Count: 2 (4.7619%)	Total: 40 (95.2381%)
[cartographer_node-1] [0.806800, 0.831704]	                   #	Count: 2 (4.7619%)	Total: 42 (100%)
[cartographer_node-1] [INFO] [1778669150.458254373] [cartographer logger]: I0513 19:45:50.000000 50709 pose_graph_2d.cc:538] Remaining work items in queue: 1
[cartographer_node-1] [INFO] [1778669150.483610634] [cartographer logger]: I0513 19:45:50.000000 50710 constraint_builder_2d.cc:290] 1 computations resulted in 0 additional constraints.
[cartographer_node-1] [INFO] [1778669150.483668020] [cartographer logger]: I0513 19:45:50.000000 50710 constraint_builder_2d.cc:292] Score histogram:
[cartographer_node-1] Count: 42  Min: 0.582659  Max: 0.831704  Mean: 0.67962
[cartographer_node-1] [0.582659, 0.607564)	                 ###	Count: 6 (14.2857%)	Total: 6 (14.2857%)
[cartographer_node-1] [0.607564, 0.632468)	                ####	Count: 8 (19.0476%)	Total: 14 (33.3333%)
[cartographer_node-1] [0.632468, 0.657373)	                  ##	Count: 5 (11.9048%)	Total: 19 (45.2381%)
[cartographer_node-1] [0.657373, 0.682277)	                  ##	Count: 4 (9.52381%)	Total: 23 (54.7619%)
[cartographer_node-1] [0.682277, 0.707182)	                  ##	Count: 4 (9.52381%)	Total: 27 (64.2857%)
[cartographer_node-1] [0.707182, 0.732086)	                  ##	Count: 5 (11.9048%)	Total: 32 (76.1905%)
[cartographer_node-1] [0.732086, 0.756991)	                  ##	Count: 4 (9.52381%)	Total: 36 (85.7143%)
[cartographer_node-1] [0.756991, 0.781895)	                   #	Count: 2 (4.7619%)	Total: 38 (90.4762%)
[cartographer_node-1] [0.781895, 0.806800)	                   #	Count: 2 (4.7619%)	Total: 40 (95.2381%)
[cartographer_node-1] [0.806800, 0.831704]	                   #	Count: 2 (4.7619%)	Total: 42 (100%)
[cartographer_node-1] [INFO] [1778669150.539145106] [cartographer logger]: I0513 19:45:50.000000 50711 pose_graph_2d.cc:538] Remaining work items in queue: 1
[cartographer_node-1] [INFO] [1778669150.539193451] [cartographer logger]: I0513 19:45:50.000000 50711 constraint_builder_2d.cc:290] 0 computations resulted in 0 additional constraints.
[cartographer_node-1] [INFO] [1778669150.539605757] [cartographer logger]: I0513 19:45:50.000000 50711 constraint_builder_2d.cc:292] Score histogram:
[cartographer_node-1] Count: 42  Min: 0.582659  Max: 0.831704  Mean: 0.67962
[cartographer_node-1] [0.582659, 0.607564)	                 ###	Count: 6 (14.2857%)	Total: 6 (14.2857%)
[cartographer_node-1] [0.607564, 0.632468)	                ####	Count: 8 (19.0476%)	Total: 14 (33.3333%)
[cartographer_node-1] [0.632468, 0.657373)	                  ##	Count: 5 (11.9048%)	Total: 19 (45.2381%)
[cartographer_node-1] [0.657373, 0.682277)	                  ##	Count: 4 (9.52381%)	Total: 23 (54.7619%)
[cartographer_node-1] [0.682277, 0.707182)	                  ##	Count: 4 (9.52381%)	Total: 27 (64.2857%)
[cartographer_node-1] [0.707182, 0.732086)	                  ##	Count: 5 (11.9048%)	Total: 32 (76.1905%)
[cartographer_node-1] [0.732086, 0.756991)	                  ##	Count: 4 (9.52381%)	Total: 36 (85.7143%)
[cartographer_node-1] [0.756991, 0.781895)	                   #	Count: 2 (4.7619%)	Total: 38 (90.4762%)
[cartographer_node-1] [0.781895, 0.806800)	                   #	Count: 2 (4.7619%)	Total: 40 (95.2381%)
[cartographer_node-1] [0.806800, 0.831704]	                   #	Count: 2 (4.7619%)	Total: 42 (100%)
[cartographer_node-1] [INFO] [1778669150.598709623] [cartographer logger]: I0513 19:45:50.000000 50711 pose_graph_2d.cc:538] Remaining work items in queue: 0
[cartographer_node-1] [INFO] [1778669150.598735579] [cartographer logger]: I0513 19:45:50.000000 50711 constraint_builder_2d.cc:290] 0 computations resulted in 0 additional constraints.
[cartographer_node-1] [INFO] [1778669150.599058926] [cartographer logger]: I0513 19:45:50.000000 50711 constraint_builder_2d.cc:292] Score histogram:
[cartographer_node-1] Count: 42  Min: 0.582659  Max: 0.831704  Mean: 0.67962
[cartographer_node-1] [0.582659, 0.607564)	                 ###	Count: 6 (14.2857%)	Total: 6 (14.2857%)
[cartographer_node-1] [0.607564, 0.632468)	                ####	Count: 8 (19.0476%)	Total: 14 (33.3333%)
[cartographer_node-1] [0.632468, 0.657373)	                  ##	Count: 5 (11.9048%)	Total: 19 (45.2381%)
[cartographer_node-1] [0.657373, 0.682277)	                  ##	Count: 4 (9.52381%)	Total: 23 (54.7619%)
[cartographer_node-1] [0.682277, 0.707182)	                  ##	Count: 4 (9.52381%)	Total: 27 (64.2857%)
[cartographer_node-1] [0.707182, 0.732086)	                  ##	Count: 5 (11.9048%)	Total: 32 (76.1905%)
[cartographer_node-1] [0.732086, 0.756991)	                  ##	Count: 4 (9.52381%)	Total: 36 (85.7143%)
[cartographer_node-1] [0.756991, 0.781895)	                   #	Count: 2 (4.7619%)	Total: 38 (90.4762%)
[cartographer_node-1] [0.781895, 0.806800)	                   #	Count: 2 (4.7619%)	Total: 40 (95.2381%)
[cartographer_node-1] [0.806800, 0.831704]	                   #	Count: 2 (4.7619%)	Total: 42 (100%)
[cartographer_node-1] [INFO] [1778669150.698728211] [cartographer logger]: I0513 19:45:50.000000 50711 pose_graph_2d.cc:538] Remaining work items in queue: 1
[cartographer_node-1] [INFO] [1778669150.698850371] [cartographer logger]: I0513 19:45:50.000000 50711 constraint_builder_2d.cc:290] 0 computations resulted in 0 additional constraints.
[cartographer_node-1] [INFO] [1778669150.699705116] [cartographer logger]: I0513 19:45:50.000000 50711 constraint_builder_2d.cc:292] Score histogram:
[cartographer_node-1] Count: 42  Min: 0.582659  Max: 0.831704  Mean: 0.67962
[cartographer_node-1] [0.582659, 0.607564)	                 ###	Count: 6 (14.2857%)	Total: 6 (14.2857%)
[cartographer_node-1] [0.607564, 0.632468)	                ####	Count: 8 (19.0476%)	Total: 14 (33.3333%)
[cartographer_node-1] [0.632468, 0.657373)	                  ##	Count: 5 (11.9048%)	Total: 19 (45.2381%)
[cartographer_node-1] [0.657373, 0.682277)	                  ##	Count: 4 (9.52381%)	Total: 23 (54.7619%)
[cartographer_node-1] [0.682277, 0.707182)	                  ##	Count: 4 (9.52381%)	Total: 27 (64.2857%)
[cartographer_node-1] [0.707182, 0.732086)	                  ##	Count: 5 (11.9048%)	Total: 32 (76.1905%)
[cartographer_node-1] [0.732086, 0.756991)	                  ##	Count: 4 (9.52381%)	Total: 36 (85.7143%)
[cartographer_node-1] [0.756991, 0.781895)	                   #	Count: 2 (4.7619%)	Total: 38 (90.4762%)
[cartographer_node-1] [0.781895, 0.806800)	                   #	Count: 2 (4.7619%)	Total: 40 (95.2381%)
[cartographer_node-1] [0.806800, 0.831704]	                   #	Count: 2 (4.7619%)	Total: 42 (100%)
[cartographer_node-1] [INFO] [1778669150.759426686] [cartographer logger]: I0513 19:45:50.000000 50708 pose_graph_2d.cc:538] Remaining work items in queue: 1
[cartographer_node-1] [INFO] [1778669150.801693816] [cartographer logger]: I0513 19:45:50.000000 50709 constraint_builder_2d.cc:290] 1 computations resulted in 0 additional constraints.
[cartographer_node-1] [INFO] [1778669150.801735786] [cartographer logger]: I0513 19:45:50.000000 50709 constraint_builder_2d.cc:292] Score histogram:
[cartographer_node-1] Count: 42  Min: 0.582659  Max: 0.831704  Mean: 0.67962
[cartographer_node-1] [0.582659, 0.607564)	                 ###	Count: 6 (14.2857%)	Total: 6 (14.2857%)
[cartographer_node-1] [0.607564, 0.632468)	                ####	Count: 8 (19.0476%)	Total: 14 (33.3333%)
[cartographer_node-1] [0.632468, 0.657373)	                  ##	Count: 5 (11.9048%)	Total: 19 (45.2381%)
[cartographer_node-1] [0.657373, 0.682277)	                  ##	Count: 4 (9.52381%)	Total: 23 (54.7619%)
[cartographer_node-1] [0.682277, 0.707182)	                  ##	Count: 4 (9.52381%)	Total: 27 (64.2857%)
[cartographer_node-1] [0.707182, 0.732086)	                  ##	Count: 5 (11.9048%)	Total: 32 (76.1905%)
[cartographer_node-1] [0.732086, 0.756991)	                  ##	Count: 4 (9.52381%)	Total: 36 (85.7143%)
[cartographer_node-1] [0.756991, 0.781895)	                   #	Count: 2 (4.7619%)	Total: 38 (90.4762%)
[cartographer_node-1] [0.781895, 0.806800)	                   #	Count: 2 (4.7619%)	Total: 40 (95.2381%)
[cartographer_node-1] [0.806800, 0.831704]	                   #	Count: 2 (4.7619%)	Total: 42 (100%)
[cartographer_node-1] [INFO] [1778669150.860757376] [cartographer logger]: I0513 19:45:50.000000 50708 pose_graph_2d.cc:538] Remaining work items in queue: 0
[cartographer_node-1] [INFO] [1778669150.860785781] [cartographer logger]: I0513 19:45:50.000000 50708 constraint_builder_2d.cc:290] 0 computations resulted in 0 additional constraints.
[cartographer_node-1] [INFO] [1778669150.861252080] [cartographer logger]: I0513 19:45:50.000000 50708 constraint_builder_2d.cc:292] Score histogram:
[cartographer_node-1] Count: 42  Min: 0.582659  Max: 0.831704  Mean: 0.67962
[cartographer_node-1] [0.582659, 0.607564)	                 ###	Count: 6 (14.2857%)	Total: 6 (14.2857%)
[cartographer_node-1] [0.607564, 0.632468)	                ####	Count: 8 (19.0476%)	Total: 14 (33.3333%)
[cartographer_node-1] [0.632468, 0.657373)	                  ##	Count: 5 (11.9048%)	Total: 19 (45.2381%)
[cartographer_node-1] [0.657373, 0.682277)	                  ##	Count: 4 (9.52381%)	Total: 23 (54.7619%)
[cartographer_node-1] [0.682277, 0.707182)	                  ##	Count: 4 (9.52381%)	Total: 27 (64.2857%)
[cartographer_node-1] [0.707182, 0.732086)	                  ##	Count: 5 (11.9048%)	Total: 32 (76.1905%)
[cartographer_node-1] [0.732086, 0.756991)	                  ##	Count: 4 (9.52381%)	Total: 36 (85.7143%)
[cartographer_node-1] [0.756991, 0.781895)	                   #	Count: 2 (4.7619%)	Total: 38 (90.4762%)
[cartographer_node-1] [0.781895, 0.806800)	                   #	Count: 2 (4.7619%)	Total: 40 (95.2381%)
[cartographer_node-1] [0.806800, 0.831704]	                   #	Count: 2 (4.7619%)	Total: 42 (100%)
[cartographer_node-1] [INFO] [1778669150.964886859] [cartographer logger]: I0513 19:45:50.000000 50710 pose_graph_2d.cc:538] Remaining work items in queue: 1
[cartographer_node-1] [INFO] [1778669150.964967599] [cartographer logger]: I0513 19:45:50.000000 50710 constraint_builder_2d.cc:290] 0 computations resulted in 0 additional constraints.
[cartographer_node-1] [INFO] [1778669150.965737445] [cartographer logger]: I0513 19:45:50.000000 50710 constraint_builder_2d.cc:292] Score histogram:
[cartographer_node-1] Count: 42  Min: 0.582659  Max: 0.831704  Mean: 0.67962
[cartographer_node-1] [0.582659, 0.607564)	                 ###	Count: 6 (14.2857%)	Total: 6 (14.2857%)
[cartographer_node-1] [0.607564, 0.632468)	                ####	Count: 8 (19.0476%)	Total: 14 (33.3333%)
[cartographer_node-1] [0.632468, 0.657373)	                  ##	Count: 5 (11.9048%)	Total: 19 (45.2381%)
[cartographer_node-1] [0.657373, 0.682277)	                  ##	Count: 4 (9.52381%)	Total: 23 (54.7619%)
[cartographer_node-1] [0.682277, 0.707182)	                  ##	Count: 4 (9.52381%)	Total: 27 (64.2857%)
[cartographer_node-1] [0.707182, 0.732086)	                  ##	Count: 5 (11.9048%)	Total: 32 (76.1905%)
[cartographer_node-1] [0.732086, 0.756991)	                  ##	Count: 4 (9.52381%)	Total: 36 (85.7143%)
[cartographer_node-1] [0.756991, 0.781895)	                   #	Count: 2 (4.7619%)	Total: 38 (90.4762%)
[cartographer_node-1] [0.781895, 0.806800)	                   #	Count: 2 (4.7619%)	Total: 40 (95.2381%)
[cartographer_node-1] [0.806800, 0.831704]	                   #	Count: 2 (4.7619%)	Total: 42 (100%)
[cartographer_node-1] [INFO] [1778669151.039631947] [cartographer logger]: I0513 19:45:51.000000 50711 pose_graph_2d.cc:538] Remaining work items in queue: 1
[cartographer_node-1] [INFO] [1778669151.039673888] [cartographer logger]: I0513 19:45:51.000000 50711 constraint_builder_2d.cc:290] 0 computations resulted in 0 additional constraints.
[cartographer_node-1] [INFO] [1778669151.040124603] [cartographer logger]: I0513 19:45:51.000000 50711 constraint_builder_2d.cc:292] Score histogram:
[cartographer_node-1] Count: 42  Min: 0.582659  Max: 0.831704  Mean: 0.67962
[cartographer_node-1] [0.582659, 0.607564)	                 ###	Count: 6 (14.2857%)	Total: 6 (14.2857%)
[cartographer_node-1] [0.607564, 0.632468)	                ####	Count: 8 (19.0476%)	Total: 14 (33.3333%)
[cartographer_node-1] [0.632468, 0.657373)	                  ##	Count: 5 (11.9048%)	Total: 19 (45.2381%)
[cartographer_node-1] [0.657373, 0.682277)	                  ##	Count: 4 (9.52381%)	Total: 23 (54.7619%)
[cartographer_node-1] [0.682277, 0.707182)	                  ##	Count: 4 (9.52381%)	Total: 27 (64.2857%)
[cartographer_node-1] [0.707182, 0.732086)	                  ##	Count: 5 (11.9048%)	Total: 32 (76.1905%)
[cartographer_node-1] [0.732086, 0.756991)	                  ##	Count: 4 (9.52381%)	Total: 36 (85.7143%)
[cartographer_node-1] [0.756991, 0.781895)	                   #	Count: 2 (4.7619%)	Total: 38 (90.4762%)
[cartographer_node-1] [0.781895, 0.806800)	                   #	Count: 2 (4.7619%)	Total: 40 (95.2381%)
[cartographer_node-1] [0.806800, 0.831704]	                   #	Count: 2 (4.7619%)	Total: 42 (100%)
[cartographer_node-1] [INFO] [1778669151.131719742] [cartographer logger]: I0513 19:45:51.000000 50711 pose_graph_2d.cc:538] Remaining work items in queue: 1
[cartographer_node-1] [INFO] [1778669151.131789166] [cartographer logger]: I0513 19:45:51.000000 50711 constraint_builder_2d.cc:290] 0 computations resulted in 0 additional constraints.
[cartographer_node-1] [INFO] [1778669151.131949194] [cartographer logger]: I0513 19:45:51.000000 50711 constraint_builder_2d.cc:292] Score histogram:
[cartographer_node-1] Count: 42  Min: 0.582659  Max: 0.831704  Mean: 0.67962
[cartographer_node-1] [0.582659, 0.607564)	                 ###	Count: 6 (14.2857%)	Total: 6 (14.2857%)
[cartographer_node-1] [0.607564, 0.632468)	                ####	Count: 8 (19.0476%)	Total: 14 (33.3333%)
[cartographer_node-1] [0.632468, 0.657373)	                  ##	Count: 5 (11.9048%)	Total: 19 (45.2381%)
[cartographer_node-1] [0.657373, 0.682277)	                  ##	Count: 4 (9.52381%)	Total: 23 (54.7619%)
[cartographer_node-1] [0.682277, 0.707182)	                  ##	Count: 4 (9.52381%)	Total: 27 (64.2857%)
[cartographer_node-1] [0.707182, 0.732086)	                  ##	Count: 5 (11.9048%)	Total: 32 (76.1905%)
[cartographer_node-1] [0.732086, 0.756991)	                  ##	Count: 4 (9.52381%)	Total: 36 (85.7143%)
[cartographer_node-1] [0.756991, 0.781895)	                   #	Count: 2 (4.7619%)	Total: 38 (90.4762%)
[cartographer_node-1] [0.781895, 0.806800)	                   #	Count: 2 (4.7619%)	Total: 40 (95.2381%)
[cartographer_node-1] [0.806800, 0.831704]	                   #	Count: 2 (4.7619%)	Total: 42 (100%)
[cartographer_node-1] [INFO] [1778669151.182340955] [cartographer logger]: I0513 19:45:51.000000 50708 pose_graph_2d.cc:538] Remaining work items in queue: 1
[cartographer_node-1] [INFO] [1778669151.184661005] [cartographer logger]: I0513 19:45:51.000000 50711 constraint_builder_2d.cc:275] Node (1, 685) with 205 points on submap (0, 10) matches with score 60.5%.
[cartographer_node-1] [INFO] [1778669151.184702605] [cartographer logger]: I0513 19:45:51.000000 50711 constraint_builder_2d.cc:290] 1 computations resulted in 1 additional constraints.
[cartographer_node-1] [INFO] [1778669151.184726652] [cartographer logger]: I0513 19:45:51.000000 50711 constraint_builder_2d.cc:292] Score histogram:
[cartographer_node-1] Count: 43  Min: 0.582659  Max: 0.831704  Mean: 0.677891
[cartographer_node-1] [0.582659, 0.607564)	                 ###	Count: 7 (16.2791%)	Total: 7 (16.2791%)
[cartographer_node-1] [0.607564, 0.632468)	                ####	Count: 8 (18.6047%)	Total: 15 (34.8837%)
[cartographer_node-1] [0.632468, 0.657373)	                  ##	Count: 5 (11.6279%)	Total: 20 (46.5116%)
[cartographer_node-1] [0.657373, 0.682277)	                  ##	Count: 4 (9.30233%)	Total: 24 (55.814%)
[cartographer_node-1] [0.682277, 0.707182)	                  ##	Count: 4 (9.30233%)	Total: 28 (65.1163%)
[cartographer_node-1] [0.707182, 0.732086)	                  ##	Count: 5 (11.6279%)	Total: 33 (76.7442%)
[cartographer_node-1] [0.732086, 0.756991)	                  ##	Count: 4 (9.30233%)	Total: 37 (86.0465%)
[cartographer_node-1] [0.756991, 0.781895)	                   #	Count: 2 (4.65116%)	Total: 39 (90.6977%)
[cartographer_node-1] [0.781895, 0.806800)	                   #	Count: 2 (4.65116%)	Total: 41 (95.3488%)
[cartographer_node-1] [0.806800, 0.831704]	                   #	Count: 2 (4.65116%)	Total: 43 (100%)
[cartographer_node-1] [INFO] [1778669151.251896182] [cartographer logger]: I0513 19:45:51.000000 50709 pose_graph_2d.cc:538] Remaining work items in queue: 1
[cartographer_node-1] [INFO] [1778669151.251961498] [cartographer logger]: I0513 19:45:51.000000 50709 constraint_builder_2d.cc:290] 0 computations resulted in 0 additional constraints.
[cartographer_node-1] [INFO] [1778669151.252363924] [cartographer logger]: I0513 19:45:51.000000 50709 constraint_builder_2d.cc:292] Score histogram:
[cartographer_node-1] Count: 43  Min: 0.582659  Max: 0.831704  Mean: 0.677891
[cartographer_node-1] [0.582659, 0.607564)	                 ###	Count: 7 (16.2791%)	Total: 7 (16.2791%)
[cartographer_node-1] [0.607564, 0.632468)	                ####	Count: 8 (18.6047%)	Total: 15 (34.8837%)
[cartographer_node-1] [0.632468, 0.657373)	                  ##	Count: 5 (11.6279%)	Total: 20 (46.5116%)
[cartographer_node-1] [0.657373, 0.682277)	                  ##	Count: 4 (9.30233%)	Total: 24 (55.814%)
[cartographer_node-1] [0.682277, 0.707182)	                  ##	Count: 4 (9.30233%)	Total: 28 (65.1163%)
[cartographer_node-1] [0.707182, 0.732086)	                  ##	Count: 5 (11.6279%)	Total: 33 (76.7442%)
[cartographer_node-1] [0.732086, 0.756991)	                  ##	Count: 4 (9.30233%)	Total: 37 (86.0465%)
[cartographer_node-1] [0.756991, 0.781895)	                   #	Count: 2 (4.65116%)	Total: 39 (90.6977%)
[cartographer_node-1] [0.781895, 0.806800)	                   #	Count: 2 (4.65116%)	Total: 41 (95.3488%)
[cartographer_node-1] [0.806800, 0.831704]	                   #	Count: 2 (4.65116%)	Total: 43 (100%)
[cartographer_node-1] [INFO] [1778669151.342221651] [cartographer logger]: I0513 19:45:51.000000 50710 pose_graph_2d.cc:538] Remaining work items in queue: 1
[cartographer_node-1] [INFO] [1778669151.342278484] [cartographer logger]: I0513 19:45:51.000000 50710 constraint_builder_2d.cc:290] 0 computations resulted in 0 additional constraints.
[cartographer_node-1] [INFO] [1778669151.342702548] [cartographer logger]: I0513 19:45:51.000000 50710 constraint_builder_2d.cc:292] Score histogram:
[cartographer_node-1] Count: 43  Min: 0.582659  Max: 0.831704  Mean: 0.677891
[cartographer_node-1] [0.582659, 0.607564)	                 ###	Count: 7 (16.2791%)	Total: 7 (16.2791%)
[cartographer_node-1] [0.607564, 0.632468)	                ####	Count: 8 (18.6047%)	Total: 15 (34.8837%)
[cartographer_node-1] [0.632468, 0.657373)	                  ##	Count: 5 (11.6279%)	Total: 20 (46.5116%)
[cartographer_node-1] [0.657373, 0.682277)	                  ##	Count: 4 (9.30233%)	Total: 24 (55.814%)
[cartographer_node-1] [0.682277, 0.707182)	                  ##	Count: 4 (9.30233%)	Total: 28 (65.1163%)
[cartographer_node-1] [0.707182, 0.732086)	                  ##	Count: 5 (11.6279%)	Total: 33 (76.7442%)
[cartographer_node-1] [0.732086, 0.756991)	                  ##	Count: 4 (9.30233%)	Total: 37 (86.0465%)
[cartographer_node-1] [0.756991, 0.781895)	                   #	Count: 2 (4.65116%)	Total: 39 (90.6977%)
[cartographer_node-1] [0.781895, 0.806800)	                   #	Count: 2 (4.65116%)	Total: 41 (95.3488%)
[cartographer_node-1] [0.806800, 0.831704]	                   #	Count: 2 (4.65116%)	Total: 43 (100%)
[cartographer_node-1] [INFO] [1778669151.441389361] [cartographer logger]: I0513 19:45:51.000000 50709 pose_graph_2d.cc:538] Remaining work items in queue: 1
[cartographer_node-1] [INFO] [1778669151.441471705] [cartographer logger]: I0513 19:45:51.000000 50709 constraint_builder_2d.cc:290] 0 computations resulted in 0 additional constraints.
[cartographer_node-1] [INFO] [1778669151.442369981] [cartographer logger]: I0513 19:45:51.000000 50709 constraint_builder_2d.cc:292] Score histogram:
[cartographer_node-1] Count: 43  Min: 0.582659  Max: 0.831704  Mean: 0.677891
[cartographer_node-1] [0.582659, 0.607564)	                 ###	Count: 7 (16.2791%)	Total: 7 (16.2791%)
[cartographer_node-1] [0.607564, 0.632468)	                ####	Count: 8 (18.6047%)	Total: 15 (34.8837%)
[cartographer_node-1] [0.632468, 0.657373)	                  ##	Count: 5 (11.6279%)	Total: 20 (46.5116%)
[cartographer_node-1] [0.657373, 0.682277)	                  ##	Count: 4 (9.30233%)	Total: 24 (55.814%)
[cartographer_node-1] [0.682277, 0.707182)	                  ##	Count: 4 (9.30233%)	Total: 28 (65.1163%)
[cartographer_node-1] [0.707182, 0.732086)	                  ##	Count: 5 (11.6279%)	Total: 33 (76.7442%)
[cartographer_node-1] [0.732086, 0.756991)	                  ##	Count: 4 (9.30233%)	Total: 37 (86.0465%)
[cartographer_node-1] [0.756991, 0.781895)	                   #	Count: 2 (4.65116%)	Total: 39 (90.6977%)
[cartographer_node-1] [0.781895, 0.806800)	                   #	Count: 2 (4.65116%)	Total: 41 (95.3488%)
[cartographer_node-1] [0.806800, 0.831704]	                   #	Count: 2 (4.65116%)	Total: 43 (100%)
[cartographer_node-1] [INFO] [1778669151.491477901] [cartographer logger]: I0513 19:45:51.000000 50708 pose_graph_2d.cc:538] Remaining work items in queue: 1
[cartographer_node-1] [INFO] [1778669151.491562928] [cartographer logger]: I0513 19:45:51.000000 50708 constraint_builder_2d.cc:290] 0 computations resulted in 0 additional constraints.
[cartographer_node-1] [INFO] [1778669151.491737230] [cartographer logger]: I0513 19:45:51.000000 50708 constraint_builder_2d.cc:292] Score histogram:
[cartographer_node-1] Count: 43  Min: 0.582659  Max: 0.831704  Mean: 0.677891
[cartographer_node-1] [0.582659, 0.607564)	                 ###	Count: 7 (16.2791%)	Total: 7 (16.2791%)
[cartographer_node-1] [0.607564, 0.632468)	                ####	Count: 8 (18.6047%)	Total: 15 (34.8837%)
[cartographer_node-1] [0.632468, 0.657373)	                  ##	Count: 5 (11.6279%)	Total: 20 (46.5116%)
[cartographer_node-1] [0.657373, 0.682277)	                  ##	Count: 4 (9.30233%)	Total: 24 (55.814%)
[cartographer_node-1] [0.682277, 0.707182)	                  ##	Count: 4 (9.30233%)	Total: 28 (65.1163%)
[cartographer_node-1] [0.707182, 0.732086)	                  ##	Count: 5 (11.6279%)	Total: 33 (76.7442%)
[cartographer_node-1] [0.732086, 0.756991)	                  ##	Count: 4 (9.30233%)	Total: 37 (86.0465%)
[cartographer_node-1] [0.756991, 0.781895)	                   #	Count: 2 (4.65116%)	Total: 39 (90.6977%)
[cartographer_node-1] [0.781895, 0.806800)	                   #	Count: 2 (4.65116%)	Total: 41 (95.3488%)
[cartographer_node-1] [0.806800, 0.831704]	                   #	Count: 2 (4.65116%)	Total: 43 (100%)
[cartographer_node-1] [INFO] [1778669151.560300907] [cartographer logger]: I0513 19:45:51.000000 50710 pose_graph_2d.cc:538] Remaining work items in queue: 1
[cartographer_node-1] [INFO] [1778669151.613073177] [cartographer logger]: I0513 19:45:51.000000 50708 constraint_builder_2d.cc:275] Node (1, 700) with 209 points on submap (0, 0) matches with score 62.6%.
[cartographer_node-1] [INFO] [1778669151.613138352] [cartographer logger]: I0513 19:45:51.000000 50708 constraint_builder_2d.cc:290] 1 computations resulted in 1 additional constraints.
[cartographer_node-1] [INFO] [1778669151.613163353] [cartographer logger]: I0513 19:45:51.000000 50708 constraint_builder_2d.cc:292] Score histogram:
[cartographer_node-1] Count: 44  Min: 0.582659  Max: 0.831704  Mean: 0.676701
[cartographer_node-1] [0.582659, 0.607564)	                 ###	Count: 7 (15.9091%)	Total: 7 (15.9091%)
[cartographer_node-1] [0.607564, 0.632468)	                ####	Count: 9 (20.4545%)	Total: 16 (36.3636%)
[cartographer_node-1] [0.632468, 0.657373)	                  ##	Count: 5 (11.3636%)	Total: 21 (47.7273%)
[cartographer_node-1] [0.657373, 0.682277)	                  ##	Count: 4 (9.09091%)	Total: 25 (56.8182%)
[cartographer_node-1] [0.682277, 0.707182)	                  ##	Count: 4 (9.09091%)	Total: 29 (65.9091%)
[cartographer_node-1] [0.707182, 0.732086)	                  ##	Count: 5 (11.3636%)	Total: 34 (77.2727%)
[cartographer_node-1] [0.732086, 0.756991)	                  ##	Count: 4 (9.09091%)	Total: 38 (86.3636%)
[cartographer_node-1] [0.756991, 0.781895)	                   #	Count: 2 (4.54545%)	Total: 40 (90.9091%)
[cartographer_node-1] [0.781895, 0.806800)	                   #	Count: 2 (4.54545%)	Total: 42 (95.4545%)
[cartographer_node-1] [0.806800, 0.831704]	                   #	Count: 2 (4.54545%)	Total: 44 (100%)
[cartographer_node-1] [INFO] [1778669151.641648653] [cartographer logger]: I0513 19:45:51.000000 50708 pose_graph_2d.cc:538] Remaining work items in queue: 1
[cartographer_node-1] [INFO] [1778669151.641687913] [cartographer logger]: I0513 19:45:51.000000 50708 constraint_builder_2d.cc:290] 0 computations resulted in 0 additional constraints.
[cartographer_node-1] [INFO] [1778669151.642074852] [cartographer logger]: I0513 19:45:51.000000 50708 constraint_builder_2d.cc:292] Score histogram:
[cartographer_node-1] Count: 44  Min: 0.582659  Max: 0.831704  Mean: 0.676701
[cartographer_node-1] [0.582659, 0.607564)	                 ###	Count: 7 (15.9091%)	Total: 7 (15.9091%)
[cartographer_node-1] [0.607564, 0.632468)	                ####	Count: 9 (20.4545%)	Total: 16 (36.3636%)
[cartographer_node-1] [0.632468, 0.657373)	                  ##	Count: 5 (11.3636%)	Total: 21 (47.7273%)
[cartographer_node-1] [0.657373, 0.682277)	                  ##	Count: 4 (9.09091%)	Total: 25 (56.8182%)
[cartographer_node-1] [0.682277, 0.707182)	                  ##	Count: 4 (9.09091%)	Total: 29 (65.9091%)
[cartographer_node-1] [0.707182, 0.732086)	                  ##	Count: 5 (11.3636%)	Total: 34 (77.2727%)
[cartographer_node-1] [0.732086, 0.756991)	                  ##	Count: 4 (9.09091%)	Total: 38 (86.3636%)
[cartographer_node-1] [0.756991, 0.781895)	                   #	Count: 2 (4.54545%)	Total: 40 (90.9091%)
[cartographer_node-1] [0.781895, 0.806800)	                   #	Count: 2 (4.54545%)	Total: 42 (95.4545%)
[cartographer_node-1] [0.806800, 0.831704]	                   #	Count: 2 (4.54545%)	Total: 44 (100%)
[cartographer_node-1] [INFO] [1778669151.742203809] [cartographer logger]: I0513 19:45:51.000000 50709 pose_graph_2d.cc:538] Remaining work items in queue: 0
[cartographer_node-1] [INFO] [1778669151.742269090] [cartographer logger]: I0513 19:45:51.000000 50709 constraint_builder_2d.cc:290] 0 computations resulted in 0 additional constraints.
[cartographer_node-1] [INFO] [1778669151.742656959] [cartographer logger]: I0513 19:45:51.000000 50709 constraint_builder_2d.cc:292] Score histogram:
[cartographer_node-1] Count: 44  Min: 0.582659  Max: 0.831704  Mean: 0.676701
[cartographer_node-1] [0.582659, 0.607564)	                 ###	Count: 7 (15.9091%)	Total: 7 (15.9091%)
[cartographer_node-1] [0.607564, 0.632468)	                ####	Count: 9 (20.4545%)	Total: 16 (36.3636%)
[cartographer_node-1] [0.632468, 0.657373)	                  ##	Count: 5 (11.3636%)	Total: 21 (47.7273%)
[cartographer_node-1] [0.657373, 0.682277)	                  ##	Count: 4 (9.09091%)	Total: 25 (56.8182%)
[cartographer_node-1] [0.682277, 0.707182)	                  ##	Count: 4 (9.09091%)	Total: 29 (65.9091%)
[cartographer_node-1] [0.707182, 0.732086)	                  ##	Count: 5 (11.3636%)	Total: 34 (77.2727%)
[cartographer_node-1] [0.732086, 0.756991)	                  ##	Count: 4 (9.09091%)	Total: 38 (86.3636%)
[cartographer_node-1] [0.756991, 0.781895)	                   #	Count: 2 (4.54545%)	Total: 40 (90.9091%)
[cartographer_node-1] [0.781895, 0.806800)	                   #	Count: 2 (4.54545%)	Total: 42 (95.4545%)
[cartographer_node-1] [0.806800, 0.831704]	                   #	Count: 2 (4.54545%)	Total: 44 (100%)
[cartographer_node-1] [INFO] [1778669151.784085249] [cartographer logger]: I0513 19:45:51.000000 50710 pose_graph_2d.cc:538] Remaining work items in queue: 0
[cartographer_node-1] [INFO] [1778669151.784125120] [cartographer logger]: I0513 19:45:51.000000 50710 constraint_builder_2d.cc:290] 0 computations resulted in 0 additional constraints.
[cartographer_node-1] [INFO] [1778669151.784645215] [cartographer logger]: I0513 19:45:51.000000 50710 constraint_builder_2d.cc:292] Score histogram:
[cartographer_node-1] Count: 44  Min: 0.582659  Max: 0.831704  Mean: 0.676701
[cartographer_node-1] [0.582659, 0.607564)	                 ###	Count: 7 (15.9091%)	Total: 7 (15.9091%)
[cartographer_node-1] [0.607564, 0.632468)	                ####	Count: 9 (20.4545%)	Total: 16 (36.3636%)
[cartographer_node-1] [0.632468, 0.657373)	                  ##	Count: 5 (11.3636%)	Total: 21 (47.7273%)
[cartographer_node-1] [0.657373, 0.682277)	                  ##	Count: 4 (9.09091%)	Total: 25 (56.8182%)
[cartographer_node-1] [0.682277, 0.707182)	                  ##	Count: 4 (9.09091%)	Total: 29 (65.9091%)
[cartographer_node-1] [0.707182, 0.732086)	                  ##	Count: 5 (11.3636%)	Total: 34 (77.2727%)
[cartographer_node-1] [0.732086, 0.756991)	                  ##	Count: 4 (9.09091%)	Total: 38 (86.3636%)
[cartographer_node-1] [0.756991, 0.781895)	                   #	Count: 2 (4.54545%)	Total: 40 (90.9091%)
[cartographer_node-1] [0.781895, 0.806800)	                   #	Count: 2 (4.54545%)	Total: 42 (95.4545%)
[cartographer_node-1] [0.806800, 0.831704]	                   #	Count: 2 (4.54545%)	Total: 44 (100%)
[cartographer_node-1] [INFO] [1778669151.855382933] [cartographer logger]: I0513 19:45:51.000000 50710 pose_graph_2d.cc:538] Remaining work items in queue: 1
[cartographer_node-1] [INFO] [1778669151.855412330] [cartographer logger]: I0513 19:45:51.000000 50710 constraint_builder_2d.cc:290] 0 computations resulted in 0 additional constraints.
[cartographer_node-1] [INFO] [1778669151.855746895] [cartographer logger]: I0513 19:45:51.000000 50710 constraint_builder_2d.cc:292] Score histogram:
[cartographer_node-1] Count: 44  Min: 0.582659  Max: 0.831704  Mean: 0.676701
[cartographer_node-1] [0.582659, 0.607564)	                 ###	Count: 7 (15.9091%)	Total: 7 (15.9091%)
[cartographer_node-1] [0.607564, 0.632468)	                ####	Count: 9 (20.4545%)	Total: 16 (36.3636%)
[cartographer_node-1] [0.632468, 0.657373)	                  ##	Count: 5 (11.3636%)	Total: 21 (47.7273%)
[cartographer_node-1] [0.657373, 0.682277)	                  ##	Count: 4 (9.09091%)	Total: 25 (56.8182%)
[cartographer_node-1] [0.682277, 0.707182)	                  ##	Count: 4 (9.09091%)	Total: 29 (65.9091%)
[cartographer_node-1] [0.707182, 0.732086)	                  ##	Count: 5 (11.3636%)	Total: 34 (77.2727%)
[cartographer_node-1] [0.732086, 0.756991)	                  ##	Count: 4 (9.09091%)	Total: 38 (86.3636%)
[cartographer_node-1] [0.756991, 0.781895)	                   #	Count: 2 (4.54545%)	Total: 40 (90.9091%)
[cartographer_node-1] [0.781895, 0.806800)	                   #	Count: 2 (4.54545%)	Total: 42 (95.4545%)
[cartographer_node-1] [0.806800, 0.831704]	                   #	Count: 2 (4.54545%)	Total: 44 (100%)
[cartographer_node-1] [INFO] [1778669151.967014421] [cartographer logger]: I0513 19:45:51.000000 50708 pose_graph_2d.cc:538] Remaining work items in queue: 0
[cartographer_node-1] [INFO] [1778669151.967046506] [cartographer logger]: I0513 19:45:51.000000 50708 constraint_builder_2d.cc:290] 1 computations resulted in 0 additional constraints.
[cartographer_node-1] [INFO] [1778669151.967155447] [cartographer logger]: I0513 19:45:51.000000 50708 constraint_builder_2d.cc:292] Score histogram:
[cartographer_node-1] Count: 44  Min: 0.582659  Max: 0.831704  Mean: 0.676701
[cartographer_node-1] [0.582659, 0.607564)	                 ###	Count: 7 (15.9091%)	Total: 7 (15.9091%)
[cartographer_node-1] [0.607564, 0.632468)	                ####	Count: 9 (20.4545%)	Total: 16 (36.3636%)
[cartographer_node-1] [0.632468, 0.657373)	                  ##	Count: 5 (11.3636%)	Total: 21 (47.7273%)
[cartographer_node-1] [0.657373, 0.682277)	                  ##	Count: 4 (9.09091%)	Total: 25 (56.8182%)
[cartographer_node-1] [0.682277, 0.707182)	                  ##	Count: 4 (9.09091%)	Total: 29 (65.9091%)
[cartographer_node-1] [0.707182, 0.732086)	                  ##	Count: 5 (11.3636%)	Total: 34 (77.2727%)
[cartographer_node-1] [0.732086, 0.756991)	                  ##	Count: 4 (9.09091%)	Total: 38 (86.3636%)
[cartographer_node-1] [0.756991, 0.781895)	                   #	Count: 2 (4.54545%)	Total: 40 (90.9091%)
[cartographer_node-1] [0.781895, 0.806800)	                   #	Count: 2 (4.54545%)	Total: 42 (95.4545%)
[cartographer_node-1] [0.806800, 0.831704]	                   #	Count: 2 (4.54545%)	Total: 44 (100%)
[cartographer_node-1] [INFO] [1778669152.040965671] [cartographer logger]: I0513 19:45:52.000000 50711 pose_graph_2d.cc:538] Remaining work items in queue: 1
[cartographer_node-1] [INFO] [1778669152.043899711] [cartographer logger]: I0513 19:45:52.000000 50694 pose_graph_2d.cc:148] Inserted submap (1, 8).
[cartographer_node-1] [INFO] [1778669152.097518734] [cartographer logger]: I0513 19:45:52.000000 50711 constraint_builder_2d.cc:275] Node (0, 308) with 199 points on submap (1, 6) matches with score 61.3%.
[cartographer_node-1] [INFO] [1778669152.102983270] [cartographer logger]: I0513 19:45:52.000000 50710 constraint_builder_2d.cc:275] Node (0, 1108) with 193 points on submap (1, 6) matches with score 60.0%.
[cartographer_node-1] [INFO] [1778669152.117391039] [cartographer logger]: I0513 19:45:52.000000 50709 constraint_builder_2d.cc:275] Node (0, 108) with 205 points on submap (1, 6) matches with score 79.6%.
[cartographer_node-1] [INFO] [1778669152.136283068] [cartographer logger]: I0513 19:45:52.000000 50710 constraint_builder_2d.cc:275] Node (0, 708) with 200 points on submap (1, 6) matches with score 79.2%.
[cartographer_node-1] [INFO] [1778669152.150452756] [cartographer logger]: I0513 19:45:52.000000 50709 constraint_builder_2d.cc:275] Node (0, 908) with 212 points on submap (1, 6) matches with score 71.9%.
[cartographer_node-1] [INFO] [1778669152.163688874] [cartographer logger]: I0513 19:45:52.000000 50711 constraint_builder_2d.cc:290] 8 computations resulted in 5 additional constraints.
[cartographer_node-1] [INFO] [1778669152.163746731] [cartographer logger]: I0513 19:45:52.000000 50711 constraint_builder_2d.cc:292] Score histogram:
[cartographer_node-1] Count: 49  Min: 0.582659  Max: 0.831704  Mean: 0.679484
[cartographer_node-1] [0.582659, 0.607564)	                 ###	Count: 8 (16.3265%)	Total: 8 (16.3265%)
[cartographer_node-1] [0.607564, 0.632468)	                ####	Count: 10 (20.4082%)	Total: 18 (36.7347%)
[cartographer_node-1] [0.632468, 0.657373)	                  ##	Count: 5 (10.2041%)	Total: 23 (46.9388%)
[cartographer_node-1] [0.657373, 0.682277)	                  ##	Count: 4 (8.16327%)	Total: 27 (55.102%)
[cartographer_node-1] [0.682277, 0.707182)	                  ##	Count: 4 (8.16327%)	Total: 31 (63.2653%)
[cartographer_node-1] [0.707182, 0.732086)	                  ##	Count: 6 (12.2449%)	Total: 37 (75.5102%)
[cartographer_node-1] [0.732086, 0.756991)	                  ##	Count: 4 (8.16327%)	Total: 41 (83.6735%)
[cartographer_node-1] [0.756991, 0.781895)	                   #	Count: 2 (4.08163%)	Total: 43 (87.7551%)
[cartographer_node-1] [0.781895, 0.806800)	                  ##	Count: 4 (8.16327%)	Total: 47 (95.9184%)
[cartographer_node-1] [0.806800, 0.831704]	                   #	Count: 2 (4.08163%)	Total: 49 (100%)
[cartographer_node-1] [INFO] [1778669152.188848913] [cartographer logger]: I0513 19:45:52.000000 50711 pose_graph_2d.cc:538] Remaining work items in queue: 12
[cartographer_node-1] [INFO] [1778669152.188913006] [cartographer logger]: I0513 19:45:52.000000 50711 constraint_builder_2d.cc:290] 0 computations resulted in 0 additional constraints.
[cartographer_node-1] [INFO] [1778669152.188966284] [cartographer logger]: I0513 19:45:52.000000 50711 constraint_builder_2d.cc:292] Score histogram:
[cartographer_node-1] Count: 49  Min: 0.582659  Max: 0.831704  Mean: 0.679484
[cartographer_node-1] [0.582659, 0.607564)	                 ###	Count: 8 (16.3265%)	Total: 8 (16.3265%)
[cartographer_node-1] [0.607564, 0.632468)	                ####	Count: 10 (20.4082%)	Total: 18 (36.7347%)
[cartographer_node-1] [0.632468, 0.657373)	                  ##	Count: 5 (10.2041%)	Total: 23 (46.9388%)
[cartographer_node-1] [0.657373, 0.682277)	                  ##	Count: 4 (8.16327%)	Total: 27 (55.102%)
[cartographer_node-1] [0.682277, 0.707182)	                  ##	Count: 4 (8.16327%)	Total: 31 (63.2653%)
[cartographer_node-1] [0.707182, 0.732086)	                  ##	Count: 6 (12.2449%)	Total: 37 (75.5102%)
[cartographer_node-1] [0.732086, 0.756991)	                  ##	Count: 4 (8.16327%)	Total: 41 (83.6735%)
[cartographer_node-1] [0.756991, 0.781895)	                   #	Count: 2 (4.08163%)	Total: 43 (87.7551%)
[cartographer_node-1] [0.781895, 0.806800)	                  ##	Count: 4 (8.16327%)	Total: 47 (95.9184%)
[cartographer_node-1] [0.806800, 0.831704]	                   #	Count: 2 (4.08163%)	Total: 49 (100%)
[cartographer_node-1] [INFO] [1778669152.197741342] [cartographer logger]: I0513 19:45:52.000000 50711 pose_graph_2d.cc:538] Remaining work items in queue: 3
[cartographer_node-1] [INFO] [1778669152.197771860] [cartographer logger]: I0513 19:45:52.000000 50711 constraint_builder_2d.cc:290] 0 computations resulted in 0 additional constraints.
[cartographer_node-1] [INFO] [1778669152.197912090] [cartographer logger]: I0513 19:45:52.000000 50711 constraint_builder_2d.cc:292] Score histogram:
[cartographer_node-1] Count: 49  Min: 0.582659  Max: 0.831704  Mean: 0.679484
[cartographer_node-1] [0.582659, 0.607564)	                 ###	Count: 8 (16.3265%)	Total: 8 (16.3265%)
[cartographer_node-1] [0.607564, 0.632468)	                ####	Count: 10 (20.4082%)	Total: 18 (36.7347%)
[cartographer_node-1] [0.632468, 0.657373)	                  ##	Count: 5 (10.2041%)	Total: 23 (46.9388%)
[cartographer_node-1] [0.657373, 0.682277)	                  ##	Count: 4 (8.16327%)	Total: 27 (55.102%)
[cartographer_node-1] [0.682277, 0.707182)	                  ##	Count: 4 (8.16327%)	Total: 31 (63.2653%)
[cartographer_node-1] [0.707182, 0.732086)	                  ##	Count: 6 (12.2449%)	Total: 37 (75.5102%)
[cartographer_node-1] [0.732086, 0.756991)	                  ##	Count: 4 (8.16327%)	Total: 41 (83.6735%)
[cartographer_node-1] [0.756991, 0.781895)	                   #	Count: 2 (4.08163%)	Total: 43 (87.7551%)
[cartographer_node-1] [0.781895, 0.806800)	                  ##	Count: 4 (8.16327%)	Total: 47 (95.9184%)
[cartographer_node-1] [0.806800, 0.831704]	                   #	Count: 2 (4.08163%)	Total: 49 (100%)
[cartographer_node-1] [INFO] [1778669152.243090206] [cartographer logger]: I0513 19:45:52.000000 50709 pose_graph_2d.cc:538] Remaining work items in queue: 1
[cartographer_node-1] [INFO] [1778669152.271749306] [cartographer logger]: I0513 19:45:52.000000 50709 constraint_builder_2d.cc:290] 1 computations resulted in 0 additional constraints.
[cartographer_node-1] [INFO] [1778669152.271791986] [cartographer logger]: I0513 19:45:52.000000 50709 constraint_builder_2d.cc:292] Score histogram:
[cartographer_node-1] Count: 49  Min: 0.582659  Max: 0.831704  Mean: 0.679484
[cartographer_node-1] [0.582659, 0.607564)	                 ###	Count: 8 (16.3265%)	Total: 8 (16.3265%)
[cartographer_node-1] [0.607564, 0.632468)	                ####	Count: 10 (20.4082%)	Total: 18 (36.7347%)
[cartographer_node-1] [0.632468, 0.657373)	                  ##	Count: 5 (10.2041%)	Total: 23 (46.9388%)
[cartographer_node-1] [0.657373, 0.682277)	                  ##	Count: 4 (8.16327%)	Total: 27 (55.102%)
[cartographer_node-1] [0.682277, 0.707182)	                  ##	Count: 4 (8.16327%)	Total: 31 (63.2653%)
[cartographer_node-1] [0.707182, 0.732086)	                  ##	Count: 6 (12.2449%)	Total: 37 (75.5102%)
[cartographer_node-1] [0.732086, 0.756991)	                  ##	Count: 4 (8.16327%)	Total: 41 (83.6735%)
[cartographer_node-1] [0.756991, 0.781895)	                   #	Count: 2 (4.08163%)	Total: 43 (87.7551%)
[cartographer_node-1] [0.781895, 0.806800)	                  ##	Count: 4 (8.16327%)	Total: 47 (95.9184%)
[cartographer_node-1] [0.806800, 0.831704]	                   #	Count: 2 (4.08163%)	Total: 49 (100%)
[cartographer_node-1] [INFO] [1778669152.334563355] [cartographer logger]: I0513 19:45:52.000000 50710 pose_graph_2d.cc:538] Remaining work items in queue: 0
[cartographer_node-1] [INFO] [1778669152.334642446] [cartographer logger]: I0513 19:45:52.000000 50710 constraint_builder_2d.cc:290] 0 computations resulted in 0 additional constraints.
[cartographer_node-1] [INFO] [1778669152.334687114] [cartographer logger]: I0513 19:45:52.000000 50710 constraint_builder_2d.cc:292] Score histogram:
[cartographer_node-1] Count: 49  Min: 0.582659  Max: 0.831704  Mean: 0.679484
[cartographer_node-1] [0.582659, 0.607564)	                 ###	Count: 8 (16.3265%)	Total: 8 (16.3265%)
[cartographer_node-1] [0.607564, 0.632468)	                ####	Count: 10 (20.4082%)	Total: 18 (36.7347%)
[cartographer_node-1] [0.632468, 0.657373)	                  ##	Count: 5 (10.2041%)	Total: 23 (46.9388%)
[cartographer_node-1] [0.657373, 0.682277)	                  ##	Count: 4 (8.16327%)	Total: 27 (55.102%)
[cartographer_node-1] [0.682277, 0.707182)	                  ##	Count: 4 (8.16327%)	Total: 31 (63.2653%)
[cartographer_node-1] [0.707182, 0.732086)	                  ##	Count: 6 (12.2449%)	Total: 37 (75.5102%)
[cartographer_node-1] [0.732086, 0.756991)	                  ##	Count: 4 (8.16327%)	Total: 41 (83.6735%)
[cartographer_node-1] [0.756991, 0.781895)	                   #	Count: 2 (4.08163%)	Total: 43 (87.7551%)
[cartographer_node-1] [0.781895, 0.806800)	                  ##	Count: 4 (8.16327%)	Total: 47 (95.9184%)
[cartographer_node-1] [0.806800, 0.831704]	                   #	Count: 2 (4.08163%)	Total: 49 (100%)
[cartographer_node-1] [INFO] [1778669152.415591478] [cartographer logger]: I0513 19:45:52.000000 50708 pose_graph_2d.cc:538] Remaining work items in queue: 1
[cartographer_node-1] [INFO] [1778669152.415640048] [cartographer logger]: I0513 19:45:52.000000 50708 constraint_builder_2d.cc:290] 0 computations resulted in 0 additional constraints.
[cartographer_node-1] [INFO] [1778669152.415708909] [cartographer logger]: I0513 19:45:52.000000 50708 constraint_builder_2d.cc:292] Score histogram:
[cartographer_node-1] Count: 49  Min: 0.582659  Max: 0.831704  Mean: 0.679484
[cartographer_node-1] [0.582659, 0.607564)	                 ###	Count: 8 (16.3265%)	Total: 8 (16.3265%)
[cartographer_node-1] [0.607564, 0.632468)	                ####	Count: 10 (20.4082%)	Total: 18 (36.7347%)
[cartographer_node-1] [0.632468, 0.657373)	                  ##	Count: 5 (10.2041%)	Total: 23 (46.9388%)
[cartographer_node-1] [0.657373, 0.682277)	                  ##	Count: 4 (8.16327%)	Total: 27 (55.102%)
[cartographer_node-1] [0.682277, 0.707182)	                  ##	Count: 4 (8.16327%)	Total: 31 (63.2653%)
[cartographer_node-1] [0.707182, 0.732086)	                  ##	Count: 6 (12.2449%)	Total: 37 (75.5102%)
[cartographer_node-1] [0.732086, 0.756991)	                  ##	Count: 4 (8.16327%)	Total: 41 (83.6735%)
[cartographer_node-1] [0.756991, 0.781895)	                   #	Count: 2 (4.08163%)	Total: 43 (87.7551%)
[cartographer_node-1] [0.781895, 0.806800)	                  ##	Count: 4 (8.16327%)	Total: 47 (95.9184%)
[cartographer_node-1] [0.806800, 0.831704]	                   #	Count: 2 (4.08163%)	Total: 49 (100%)
[cartographer_node-1] [INFO] [1778669152.417092291] [cartographer logger]: I0513 19:45:52.000000 50694 motion_filter.cc:42] Motion filter reduced the number of nodes to 73.5%.
[cartographer_node-1] [INFO] [1778669152.465063513] [cartographer logger]: I0513 19:45:52.000000 50710 pose_graph_2d.cc:538] Remaining work items in queue: 1
[cartographer_node-1] [INFO] [1778669152.465113256] [cartographer logger]: I0513 19:45:52.000000 50710 constraint_builder_2d.cc:290] 0 computations resulted in 0 additional constraints.
[cartographer_node-1] [INFO] [1778669152.465531807] [cartographer logger]: I0513 19:45:52.000000 50710 constraint_builder_2d.cc:292] Score histogram:
[cartographer_node-1] Count: 49  Min: 0.582659  Max: 0.831704  Mean: 0.679484
[cartographer_node-1] [0.582659, 0.607564)	                 ###	Count: 8 (16.3265%)	Total: 8 (16.3265%)
[cartographer_node-1] [0.607564, 0.632468)	                ####	Count: 10 (20.4082%)	Total: 18 (36.7347%)
[cartographer_node-1] [0.632468, 0.657373)	                  ##	Count: 5 (10.2041%)	Total: 23 (46.9388%)
[cartographer_node-1] [0.657373, 0.682277)	                  ##	Count: 4 (8.16327%)	Total: 27 (55.102%)
[cartographer_node-1] [0.682277, 0.707182)	                  ##	Count: 4 (8.16327%)	Total: 31 (63.2653%)
[cartographer_node-1] [0.707182, 0.732086)	                  ##	Count: 6 (12.2449%)	Total: 37 (75.5102%)
[cartographer_node-1] [0.732086, 0.756991)	                  ##	Count: 4 (8.16327%)	Total: 41 (83.6735%)
[cartographer_node-1] [0.756991, 0.781895)	                   #	Count: 2 (4.08163%)	Total: 43 (87.7551%)
[cartographer_node-1] [0.781895, 0.806800)	                  ##	Count: 4 (8.16327%)	Total: 47 (95.9184%)
[cartographer_node-1] [0.806800, 0.831704]	                   #	Count: 2 (4.08163%)	Total: 49 (100%)
[cartographer_node-1] [INFO] [1778669152.536731897] [cartographer logger]: I0513 19:45:52.000000 50710 pose_graph_2d.cc:538] Remaining work items in queue: 0
[cartographer_node-1] [INFO] [1778669152.536853150] [cartographer logger]: I0513 19:45:52.000000 50710 constraint_builder_2d.cc:290] 0 computations resulted in 0 additional constraints.
[cartographer_node-1] [INFO] [1778669152.537375003] [cartographer logger]: I0513 19:45:52.000000 50710 constraint_builder_2d.cc:292] Score histogram:
[cartographer_node-1] Count: 49  Min: 0.582659  Max: 0.831704  Mean: 0.679484
[cartographer_node-1] [0.582659, 0.607564)	                 ###	Count: 8 (16.3265%)	Total: 8 (16.3265%)
[cartographer_node-1] [0.607564, 0.632468)	                ####	Count: 10 (20.4082%)	Total: 18 (36.7347%)
[cartographer_node-1] [0.632468, 0.657373)	                  ##	Count: 5 (10.2041%)	Total: 23 (46.9388%)
[cartographer_node-1] [0.657373, 0.682277)	                  ##	Count: 4 (8.16327%)	Total: 27 (55.102%)
[cartographer_node-1] [0.682277, 0.707182)	                  ##	Count: 4 (8.16327%)	Total: 31 (63.2653%)
[cartographer_node-1] [0.707182, 0.732086)	                  ##	Count: 6 (12.2449%)	Total: 37 (75.5102%)
[cartographer_node-1] [0.732086, 0.756991)	                  ##	Count: 4 (8.16327%)	Total: 41 (83.6735%)
[cartographer_node-1] [0.756991, 0.781895)	                   #	Count: 2 (4.08163%)	Total: 43 (87.7551%)
[cartographer_node-1] [0.781895, 0.806800)	                  ##	Count: 4 (8.16327%)	Total: 47 (95.9184%)
[cartographer_node-1] [0.806800, 0.831704]	                   #	Count: 2 (4.08163%)	Total: 49 (100%)
[cartographer_node-1] [INFO] [1778669152.640406845] [cartographer logger]: I0513 19:45:52.000000 50709 pose_graph_2d.cc:538] Remaining work items in queue: 1
[cartographer_node-1] [INFO] [1778669152.661960457] [cartographer logger]: I0513 19:45:52.000000 50708 constraint_builder_2d.cc:290] 1 computations resulted in 0 additional constraints.
[cartographer_node-1] [INFO] [1778669152.662019497] [cartographer logger]: I0513 19:45:52.000000 50708 constraint_builder_2d.cc:292] Score histogram:
[cartographer_node-1] Count: 49  Min: 0.582659  Max: 0.831704  Mean: 0.679484
[cartographer_node-1] [0.582659, 0.607564)	                 ###	Count: 8 (16.3265%)	Total: 8 (16.3265%)
[cartographer_node-1] [0.607564, 0.632468)	                ####	Count: 10 (20.4082%)	Total: 18 (36.7347%)
[cartographer_node-1] [0.632468, 0.657373)	                  ##	Count: 5 (10.2041%)	Total: 23 (46.9388%)
[cartographer_node-1] [0.657373, 0.682277)	                  ##	Count: 4 (8.16327%)	Total: 27 (55.102%)
[cartographer_node-1] [0.682277, 0.707182)	                  ##	Count: 4 (8.16327%)	Total: 31 (63.2653%)
[cartographer_node-1] [0.707182, 0.732086)	                  ##	Count: 6 (12.2449%)	Total: 37 (75.5102%)
[cartographer_node-1] [0.732086, 0.756991)	                  ##	Count: 4 (8.16327%)	Total: 41 (83.6735%)
[cartographer_node-1] [0.756991, 0.781895)	                   #	Count: 2 (4.08163%)	Total: 43 (87.7551%)
[cartographer_node-1] [0.781895, 0.806800)	                  ##	Count: 4 (8.16327%)	Total: 47 (95.9184%)
[cartographer_node-1] [0.806800, 0.831704]	                   #	Count: 2 (4.08163%)	Total: 49 (100%)
[cartographer_node-1] [INFO] [1778669152.721903726] [cartographer logger]: I0513 19:45:52.000000 50709 pose_graph_2d.cc:538] Remaining work items in queue: 1
[cartographer_node-1] [INFO] [1778669152.721969263] [cartographer logger]: I0513 19:45:52.000000 50709 constraint_builder_2d.cc:290] 0 computations resulted in 0 additional constraints.
[cartographer_node-1] [INFO] [1778669152.722022378] [cartographer logger]: I0513 19:45:52.000000 50709 constraint_builder_2d.cc:292] Score histogram:
[cartographer_node-1] Count: 49  Min: 0.582659  Max: 0.831704  Mean: 0.679484
[cartographer_node-1] [0.582659, 0.607564)	                 ###	Count: 8 (16.3265%)	Total: 8 (16.3265%)
[cartographer_node-1] [0.607564, 0.632468)	                ####	Count: 10 (20.4082%)	Total: 18 (36.7347%)
[cartographer_node-1] [0.632468, 0.657373)	                  ##	Count: 5 (10.2041%)	Total: 23 (46.9388%)
[cartographer_node-1] [0.657373, 0.682277)	                  ##	Count: 4 (8.16327%)	Total: 27 (55.102%)
[cartographer_node-1] [0.682277, 0.707182)	                  ##	Count: 4 (8.16327%)	Total: 31 (63.2653%)
[cartographer_node-1] [0.707182, 0.732086)	                  ##	Count: 6 (12.2449%)	Total: 37 (75.5102%)
[cartographer_node-1] [0.732086, 0.756991)	                  ##	Count: 4 (8.16327%)	Total: 41 (83.6735%)
[cartographer_node-1] [0.756991, 0.781895)	                   #	Count: 2 (4.08163%)	Total: 43 (87.7551%)
[cartographer_node-1] [0.781895, 0.806800)	                  ##	Count: 4 (8.16327%)	Total: 47 (95.9184%)
[cartographer_node-1] [0.806800, 0.831704]	                   #	Count: 2 (4.08163%)	Total: 49 (100%)
[cartographer_node-1] [INFO] [1778669152.813350739] [cartographer logger]: I0513 19:45:52.000000 50709 pose_graph_2d.cc:538] Remaining work items in queue: 1
[cartographer_node-1] [INFO] [1778669152.813383542] [cartographer logger]: I0513 19:45:52.000000 50709 constraint_builder_2d.cc:290] 0 computations resulted in 0 additional constraints.
[cartographer_node-1] [INFO] [1778669152.813819668] [cartographer logger]: I0513 19:45:52.000000 50709 constraint_builder_2d.cc:292] Score histogram:
[cartographer_node-1] Count: 49  Min: 0.582659  Max: 0.831704  Mean: 0.679484
[cartographer_node-1] [0.582659, 0.607564)	                 ###	Count: 8 (16.3265%)	Total: 8 (16.3265%)
[cartographer_node-1] [0.607564, 0.632468)	                ####	Count: 10 (20.4082%)	Total: 18 (36.7347%)
[cartographer_node-1] [0.632468, 0.657373)	                  ##	Count: 5 (10.2041%)	Total: 23 (46.9388%)
[cartographer_node-1] [0.657373, 0.682277)	                  ##	Count: 4 (8.16327%)	Total: 27 (55.102%)
[cartographer_node-1] [0.682277, 0.707182)	                  ##	Count: 4 (8.16327%)	Total: 31 (63.2653%)
[cartographer_node-1] [0.707182, 0.732086)	                  ##	Count: 6 (12.2449%)	Total: 37 (75.5102%)
[cartographer_node-1] [0.732086, 0.756991)	                  ##	Count: 4 (8.16327%)	Total: 41 (83.6735%)
[cartographer_node-1] [0.756991, 0.781895)	                   #	Count: 2 (4.08163%)	Total: 43 (87.7551%)
[cartographer_node-1] [0.781895, 0.806800)	                  ##	Count: 4 (8.16327%)	Total: 47 (95.9184%)
[cartographer_node-1] [0.806800, 0.831704]	                   #	Count: 2 (4.08163%)	Total: 49 (100%)
[cartographer_node-1] [INFO] [1778669152.852323269] [cartographer logger]: I0513 19:45:52.000000 50711 pose_graph_2d.cc:538] Remaining work items in queue: 1
[cartographer_node-1] [INFO] [1778669152.852371190] [cartographer logger]: I0513 19:45:52.000000 50711 constraint_builder_2d.cc:290] 0 computations resulted in 0 additional constraints.
[cartographer_node-1] [INFO] [1778669152.852438579] [cartographer logger]: I0513 19:45:52.000000 50711 constraint_builder_2d.cc:292] Score histogram:
[cartographer_node-1] Count: 49  Min: 0.582659  Max: 0.831704  Mean: 0.679484
[cartographer_node-1] [0.582659, 0.607564)	                 ###	Count: 8 (16.3265%)	Total: 8 (16.3265%)
[cartographer_node-1] [0.607564, 0.632468)	                ####	Count: 10 (20.4082%)	Total: 18 (36.7347%)
[cartographer_node-1] [0.632468, 0.657373)	                  ##	Count: 5 (10.2041%)	Total: 23 (46.9388%)
[cartographer_node-1] [0.657373, 0.682277)	                  ##	Count: 4 (8.16327%)	Total: 27 (55.102%)
[cartographer_node-1] [0.682277, 0.707182)	                  ##	Count: 4 (8.16327%)	Total: 31 (63.2653%)
[cartographer_node-1] [0.707182, 0.732086)	                  ##	Count: 6 (12.2449%)	Total: 37 (75.5102%)
[cartographer_node-1] [0.732086, 0.756991)	                  ##	Count: 4 (8.16327%)	Total: 41 (83.6735%)
[cartographer_node-1] [0.756991, 0.781895)	                   #	Count: 2 (4.08163%)	Total: 43 (87.7551%)
[cartographer_node-1] [0.781895, 0.806800)	                  ##	Count: 4 (8.16327%)	Total: 47 (95.9184%)
[cartographer_node-1] [0.806800, 0.831704]	                   #	Count: 2 (4.08163%)	Total: 49 (100%)
[cartographer_node-1] [INFO] [1778669152.931805614] [cartographer logger]: I0513 19:45:52.000000 50710 pose_graph_2d.cc:538] Remaining work items in queue: 1
[cartographer_node-1] [INFO] [1778669152.931910131] [cartographer logger]: I0513 19:45:52.000000 50710 constraint_builder_2d.cc:290] 0 computations resulted in 0 additional constraints.
[cartographer_node-1] [INFO] [1778669152.932234343] [cartographer logger]: I0513 19:45:52.000000 50710 constraint_builder_2d.cc:292] Score histogram:
[cartographer_node-1] Count: 49  Min: 0.582659  Max: 0.831704  Mean: 0.679484
[cartographer_node-1] [0.582659, 0.607564)	                 ###	Count: 8 (16.3265%)	Total: 8 (16.3265%)
[cartographer_node-1] [0.607564, 0.632468)	                ####	Count: 10 (20.4082%)	Total: 18 (36.7347%)
[cartographer_node-1] [0.632468, 0.657373)	                  ##	Count: 5 (10.2041%)	Total: 23 (46.9388%)
[cartographer_node-1] [0.657373, 0.682277)	                  ##	Count: 4 (8.16327%)	Total: 27 (55.102%)
[cartographer_node-1] [0.682277, 0.707182)	                  ##	Count: 4 (8.16327%)	Total: 31 (63.2653%)
[cartographer_node-1] [0.707182, 0.732086)	                  ##	Count: 6 (12.2449%)	Total: 37 (75.5102%)
[cartographer_node-1] [0.732086, 0.756991)	                  ##	Count: 4 (8.16327%)	Total: 41 (83.6735%)
[cartographer_node-1] [0.756991, 0.781895)	                   #	Count: 2 (4.08163%)	Total: 43 (87.7551%)
[cartographer_node-1] [0.781895, 0.806800)	                  ##	Count: 4 (8.16327%)	Total: 47 (95.9184%)
[cartographer_node-1] [0.806800, 0.831704]	                   #	Count: 2 (4.08163%)	Total: 49 (100%)
[cartographer_node-1] [INFO] [1778669153.021513422] [cartographer logger]: I0513 19:45:53.000000 50708 pose_graph_2d.cc:538] Remaining work items in queue: 1
[cartographer_node-1] [INFO] [1778669153.067676928] [cartographer logger]: I0513 19:45:53.000000 50709 constraint_builder_2d.cc:290] 1 computations resulted in 0 additional constraints.
[cartographer_node-1] [INFO] [1778669153.067746341] [cartographer logger]: I0513 19:45:53.000000 50709 constraint_builder_2d.cc:292] Score histogram:
[cartographer_node-1] Count: 49  Min: 0.582659  Max: 0.831704  Mean: 0.679484
[cartographer_node-1] [0.582659, 0.607564)	                 ###	Count: 8 (16.3265%)	Total: 8 (16.3265%)
[cartographer_node-1] [0.607564, 0.632468)	                ####	Count: 10 (20.4082%)	Total: 18 (36.7347%)
[cartographer_node-1] [0.632468, 0.657373)	                  ##	Count: 5 (10.2041%)	Total: 23 (46.9388%)
[cartographer_node-1] [0.657373, 0.682277)	                  ##	Count: 4 (8.16327%)	Total: 27 (55.102%)
[cartographer_node-1] [0.682277, 0.707182)	                  ##	Count: 4 (8.16327%)	Total: 31 (63.2653%)
[cartographer_node-1] [0.707182, 0.732086)	                  ##	Count: 6 (12.2449%)	Total: 37 (75.5102%)
[cartographer_node-1] [0.732086, 0.756991)	                  ##	Count: 4 (8.16327%)	Total: 41 (83.6735%)
[cartographer_node-1] [0.756991, 0.781895)	                   #	Count: 2 (4.08163%)	Total: 43 (87.7551%)
[cartographer_node-1] [0.781895, 0.806800)	                  ##	Count: 4 (8.16327%)	Total: 47 (95.9184%)
[cartographer_node-1] [0.806800, 0.831704]	                   #	Count: 2 (4.08163%)	Total: 49 (100%)
[cartographer_node-1] [INFO] [1778669153.111742368] [cartographer logger]: I0513 19:45:53.000000 50711 pose_graph_2d.cc:538] Remaining work items in queue: 1
[cartographer_node-1] [INFO] [1778669153.111774335] [cartographer logger]: I0513 19:45:53.000000 50711 constraint_builder_2d.cc:290] 0 computations resulted in 0 additional constraints.
[cartographer_node-1] [INFO] [1778669153.112124772] [cartographer logger]: I0513 19:45:53.000000 50711 constraint_builder_2d.cc:292] Score histogram:
[cartographer_node-1] Count: 49  Min: 0.582659  Max: 0.831704  Mean: 0.679484
[cartographer_node-1] [0.582659, 0.607564)	                 ###	Count: 8 (16.3265%)	Total: 8 (16.3265%)
[cartographer_node-1] [0.607564, 0.632468)	                ####	Count: 10 (20.4082%)	Total: 18 (36.7347%)
[cartographer_node-1] [0.632468, 0.657373)	                  ##	Count: 5 (10.2041%)	Total: 23 (46.9388%)
[cartographer_node-1] [0.657373, 0.682277)	                  ##	Count: 4 (8.16327%)	Total: 27 (55.102%)
[cartographer_node-1] [0.682277, 0.707182)	                  ##	Count: 4 (8.16327%)	Total: 31 (63.2653%)
[cartographer_node-1] [0.707182, 0.732086)	                  ##	Count: 6 (12.2449%)	Total: 37 (75.5102%)
[cartographer_node-1] [0.732086, 0.756991)	                  ##	Count: 4 (8.16327%)	Total: 41 (83.6735%)
[cartographer_node-1] [0.756991, 0.781895)	                   #	Count: 2 (4.08163%)	Total: 43 (87.7551%)
[cartographer_node-1] [0.781895, 0.806800)	                  ##	Count: 4 (8.16327%)	Total: 47 (95.9184%)
[cartographer_node-1] [0.806800, 0.831704]	                   #	Count: 2 (4.08163%)	Total: 49 (100%)
[cartographer_node-1] [INFO] [1778669153.172633169] [cartographer logger]: I0513 19:45:53.000000 50710 pose_graph_2d.cc:538] Remaining work items in queue: 1
[cartographer_node-1] [INFO] [1778669153.172674741] [cartographer logger]: I0513 19:45:53.000000 50710 constraint_builder_2d.cc:290] 0 computations resulted in 0 additional constraints.
[cartographer_node-1] [INFO] [1778669153.173106738] [cartographer logger]: I0513 19:45:53.000000 50710 constraint_builder_2d.cc:292] Score histogram:
[cartographer_node-1] Count: 49  Min: 0.582659  Max: 0.831704  Mean: 0.679484
[cartographer_node-1] [0.582659, 0.607564)	                 ###	Count: 8 (16.3265%)	Total: 8 (16.3265%)
[cartographer_node-1] [0.607564, 0.632468)	                ####	Count: 10 (20.4082%)	Total: 18 (36.7347%)
[cartographer_node-1] [0.632468, 0.657373)	                  ##	Count: 5 (10.2041%)	Total: 23 (46.9388%)
[cartographer_node-1] [0.657373, 0.682277)	                  ##	Count: 4 (8.16327%)	Total: 27 (55.102%)
[cartographer_node-1] [0.682277, 0.707182)	                  ##	Count: 4 (8.16327%)	Total: 31 (63.2653%)
[cartographer_node-1] [0.707182, 0.732086)	                  ##	Count: 6 (12.2449%)	Total: 37 (75.5102%)
[cartographer_node-1] [0.732086, 0.756991)	                  ##	Count: 4 (8.16327%)	Total: 41 (83.6735%)
[cartographer_node-1] [0.756991, 0.781895)	                   #	Count: 2 (4.08163%)	Total: 43 (87.7551%)
[cartographer_node-1] [0.781895, 0.806800)	                  ##	Count: 4 (8.16327%)	Total: 47 (95.9184%)
[cartographer_node-1] [0.806800, 0.831704]	                   #	Count: 2 (4.08163%)	Total: 49 (100%)
[cartographer_node-1] [INFO] [1778669153.271024535] [cartographer logger]: I0513 19:45:53.000000 50708 pose_graph_2d.cc:538] Remaining work items in queue: 1
[cartographer_node-1] [INFO] [1778669153.271049727] [cartographer logger]: I0513 19:45:53.000000 50708 constraint_builder_2d.cc:290] 0 computations resulted in 0 additional constraints.
[cartographer_node-1] [INFO] [1778669153.271257207] [cartographer logger]: I0513 19:45:53.000000 50708 constraint_builder_2d.cc:292] Score histogram:
[cartographer_node-1] Count: 49  Min: 0.582659  Max: 0.831704  Mean: 0.679484
[cartographer_node-1] [0.582659, 0.607564)	                 ###	Count: 8 (16.3265%)	Total: 8 (16.3265%)
[cartographer_node-1] [0.607564, 0.632468)	                ####	Count: 10 (20.4082%)	Total: 18 (36.7347%)
[cartographer_node-1] [0.632468, 0.657373)	                  ##	Count: 5 (10.2041%)	Total: 23 (46.9388%)
[cartographer_node-1] [0.657373, 0.682277)	                  ##	Count: 4 (8.16327%)	Total: 27 (55.102%)
[cartographer_node-1] [0.682277, 0.707182)	                  ##	Count: 4 (8.16327%)	Total: 31 (63.2653%)
[cartographer_node-1] [0.707182, 0.732086)	                  ##	Count: 6 (12.2449%)	Total: 37 (75.5102%)
[cartographer_node-1] [0.732086, 0.756991)	                  ##	Count: 4 (8.16327%)	Total: 41 (83.6735%)
[cartographer_node-1] [0.756991, 0.781895)	                   #	Count: 2 (4.08163%)	Total: 43 (87.7551%)
[cartographer_node-1] [0.781895, 0.806800)	                  ##	Count: 4 (8.16327%)	Total: 47 (95.9184%)
[cartographer_node-1] [0.806800, 0.831704]	                   #	Count: 2 (4.08163%)	Total: 49 (100%)
[cartographer_node-1] [INFO] [1778669153.424453975] [cartographer logger]: I0513 19:45:53.000000 50709 pose_graph_2d.cc:538] Remaining work items in queue: 1
[cartographer_node-1] [INFO] [1778669153.424538175] [cartographer logger]: I0513 19:45:53.000000 50709 constraint_builder_2d.cc:290] 0 computations resulted in 0 additional constraints.
[cartographer_node-1] [INFO] [1778669153.424772095] [cartographer logger]: I0513 19:45:53.000000 50709 constraint_builder_2d.cc:292] Score histogram:
[cartographer_node-1] Count: 49  Min: 0.582659  Max: 0.831704  Mean: 0.679484
[cartographer_node-1] [0.582659, 0.607564)	                 ###	Count: 8 (16.3265%)	Total: 8 (16.3265%)
[cartographer_node-1] [0.607564, 0.632468)	                ####	Count: 10 (20.4082%)	Total: 18 (36.7347%)
[cartographer_node-1] [0.632468, 0.657373)	                  ##	Count: 5 (10.2041%)	Total: 23 (46.9388%)
[cartographer_node-1] [0.657373, 0.682277)	                  ##	Count: 4 (8.16327%)	Total: 27 (55.102%)
[cartographer_node-1] [0.682277, 0.707182)	                  ##	Count: 4 (8.16327%)	Total: 31 (63.2653%)
[cartographer_node-1] [0.707182, 0.732086)	                  ##	Count: 6 (12.2449%)	Total: 37 (75.5102%)
[cartographer_node-1] [0.732086, 0.756991)	                  ##	Count: 4 (8.16327%)	Total: 41 (83.6735%)
[cartographer_node-1] [0.756991, 0.781895)	                   #	Count: 2 (4.08163%)	Total: 43 (87.7551%)
[cartographer_node-1] [0.781895, 0.806800)	                  ##	Count: 4 (8.16327%)	Total: 47 (95.9184%)
[cartographer_node-1] [0.806800, 0.831704]	                   #	Count: 2 (4.08163%)	Total: 49 (100%)
[cartographer_node-1] [INFO] [1778669153.495458404] [cartographer logger]: I0513 19:45:53.000000 50711 constraint_builder_2d.cc:275] Node (1, 771) with 211 points on submap (0, 6) matches with score 81.0%.
[cartographer_node-1] [INFO] [1778669153.575326563] [cartographer logger]: I0513 19:45:53.000000 50711 pose_graph_2d.cc:538] Remaining work items in queue: 1
[cartographer_node-1] [INFO] [1778669153.575412159] [cartographer logger]: I0513 19:45:53.000000 50711 constraint_builder_2d.cc:290] 1 computations resulted in 1 additional constraints.
[cartographer_node-1] [INFO] [1778669153.575495521] [cartographer logger]: I0513 19:45:53.000000 50711 constraint_builder_2d.cc:292] Score histogram:
[cartographer_node-1] Count: 50  Min: 0.582659  Max: 0.831704  Mean: 0.682104
[cartographer_node-1] [0.582659, 0.607564)	                 ###	Count: 8 (16%)	Total: 8 (16%)
[cartographer_node-1] [0.607564, 0.632468)	                ####	Count: 10 (20%)	Total: 18 (36%)
[cartographer_node-1] [0.632468, 0.657373)	                  ##	Count: 5 (10%)	Total: 23 (46%)
[cartographer_node-1] [0.657373, 0.682277)	                  ##	Count: 4 (8%)	Total: 27 (54%)
[cartographer_node-1] [0.682277, 0.707182)	                  ##	Count: 4 (8%)	Total: 31 (62%)
[cartographer_node-1] [0.707182, 0.732086)	                  ##	Count: 6 (12%)	Total: 37 (74%)
[cartographer_node-1] [0.732086, 0.756991)	                  ##	Count: 4 (8%)	Total: 41 (82%)
[cartographer_node-1] [0.756991, 0.781895)	                   #	Count: 2 (4%)	Total: 43 (86%)
[cartographer_node-1] [0.781895, 0.806800)	                  ##	Count: 4 (8%)	Total: 47 (94%)
[cartographer_node-1] [0.806800, 0.831704]	                   #	Count: 3 (6%)	Total: 50 (100%)
[cartographer_node-1] [INFO] [1778669153.718286904] [cartographer logger]: I0513 19:45:53.000000 50709 pose_graph_2d.cc:538] Remaining work items in queue: 1
[cartographer_node-1] [INFO] [1778669153.718368778] [cartographer logger]: I0513 19:45:53.000000 50709 constraint_builder_2d.cc:290] 0 computations resulted in 0 additional constraints.
[cartographer_node-1] [INFO] [1778669153.718607827] [cartographer logger]: I0513 19:45:53.000000 50709 constraint_builder_2d.cc:292] Score histogram:
[cartographer_node-1] Count: 50  Min: 0.582659  Max: 0.831704  Mean: 0.682104
[cartographer_node-1] [0.582659, 0.607564)	                 ###	Count: 8 (16%)	Total: 8 (16%)
[cartographer_node-1] [0.607564, 0.632468)	                ####	Count: 10 (20%)	Total: 18 (36%)
[cartographer_node-1] [0.632468, 0.657373)	                  ##	Count: 5 (10%)	Total: 23 (46%)
[cartographer_node-1] [0.657373, 0.682277)	                  ##	Count: 4 (8%)	Total: 27 (54%)
[cartographer_node-1] [0.682277, 0.707182)	                  ##	Count: 4 (8%)	Total: 31 (62%)
[cartographer_node-1] [0.707182, 0.732086)	                  ##	Count: 6 (12%)	Total: 37 (74%)
[cartographer_node-1] [0.732086, 0.756991)	                  ##	Count: 4 (8%)	Total: 41 (82%)
[cartographer_node-1] [0.756991, 0.781895)	                   #	Count: 2 (4%)	Total: 43 (86%)
[cartographer_node-1] [0.781895, 0.806800)	                  ##	Count: 4 (8%)	Total: 47 (94%)
[cartographer_node-1] [0.806800, 0.831704]	                   #	Count: 3 (6%)	Total: 50 (100%)
[cartographer_node-1] [INFO] [1778669153.802136146] [cartographer logger]: I0513 19:45:53.000000 50710 pose_graph_2d.cc:538] Remaining work items in queue: 1
[cartographer_node-1] [INFO] [1778669153.802218833] [cartographer logger]: I0513 19:45:53.000000 50710 constraint_builder_2d.cc:290] 0 computations resulted in 0 additional constraints.
[cartographer_node-1] [INFO] [1778669153.802526815] [cartographer logger]: I0513 19:45:53.000000 50710 constraint_builder_2d.cc:292] Score histogram:
[cartographer_node-1] Count: 50  Min: 0.582659  Max: 0.831704  Mean: 0.682104
[cartographer_node-1] [0.582659, 0.607564)	                 ###	Count: 8 (16%)	Total: 8 (16%)
[cartographer_node-1] [0.607564, 0.632468)	                ####	Count: 10 (20%)	Total: 18 (36%)
[cartographer_node-1] [0.632468, 0.657373)	                  ##	Count: 5 (10%)	Total: 23 (46%)
[cartographer_node-1] [0.657373, 0.682277)	                  ##	Count: 4 (8%)	Total: 27 (54%)
[cartographer_node-1] [0.682277, 0.707182)	                  ##	Count: 4 (8%)	Total: 31 (62%)
[cartographer_node-1] [0.707182, 0.732086)	                  ##	Count: 6 (12%)	Total: 37 (74%)
[cartographer_node-1] [0.732086, 0.756991)	                  ##	Count: 4 (8%)	Total: 41 (82%)
[cartographer_node-1] [0.756991, 0.781895)	                   #	Count: 2 (4%)	Total: 43 (86%)
[cartographer_node-1] [0.781895, 0.806800)	                  ##	Count: 4 (8%)	Total: 47 (94%)
[cartographer_node-1] [0.806800, 0.831704]	                   #	Count: 3 (6%)	Total: 50 (100%)
[cartographer_node-1] [INFO] [1778669153.939233668] [cartographer logger]: I0513 19:45:53.000000 50709 pose_graph_2d.cc:538] Remaining work items in queue: 1
[cartographer_node-1] [INFO] [1778669153.939315648] [cartographer logger]: I0513 19:45:53.000000 50709 constraint_builder_2d.cc:290] 0 computations resulted in 0 additional constraints.
[cartographer_node-1] [INFO] [1778669153.939557664] [cartographer logger]: I0513 19:45:53.000000 50709 constraint_builder_2d.cc:292] Score histogram:
[cartographer_node-1] Count: 50  Min: 0.582659  Max: 0.831704  Mean: 0.682104
[cartographer_node-1] [0.582659, 0.607564)	                 ###	Count: 8 (16%)	Total: 8 (16%)
[cartographer_node-1] [0.607564, 0.632468)	                ####	Count: 10 (20%)	Total: 18 (36%)
[cartographer_node-1] [0.632468, 0.657373)	                  ##	Count: 5 (10%)	Total: 23 (46%)
[cartographer_node-1] [0.657373, 0.682277)	                  ##	Count: 4 (8%)	Total: 27 (54%)
[cartographer_node-1] [0.682277, 0.707182)	                  ##	Count: 4 (8%)	Total: 31 (62%)
[cartographer_node-1] [0.707182, 0.732086)	                  ##	Count: 6 (12%)	Total: 37 (74%)
[cartographer_node-1] [0.732086, 0.756991)	                  ##	Count: 4 (8%)	Total: 41 (82%)
[cartographer_node-1] [0.756991, 0.781895)	                   #	Count: 2 (4%)	Total: 43 (86%)
[cartographer_node-1] [0.781895, 0.806800)	                  ##	Count: 4 (8%)	Total: 47 (94%)
[cartographer_node-1] [0.806800, 0.831704]	                   #	Count: 3 (6%)	Total: 50 (100%)
[cartographer_node-1] [INFO] [1778669154.120623712] [cartographer logger]: I0513 19:45:54.000000 50709 pose_graph_2d.cc:538] Remaining work items in queue: 2
[cartographer_node-1] [INFO] [1778669154.182217769] [cartographer logger]: I0513 19:45:54.000000 50711 constraint_builder_2d.cc:290] 1 computations resulted in 0 additional constraints.
[cartographer_node-1] [INFO] [1778669154.182306226] [cartographer logger]: I0513 19:45:54.000000 50711 constraint_builder_2d.cc:292] Score histogram:
[cartographer_node-1] Count: 50  Min: 0.582659  Max: 0.831704  Mean: 0.682104
[cartographer_node-1] [0.582659, 0.607564)	                 ###	Count: 8 (16%)	Total: 8 (16%)
[cartographer_node-1] [0.607564, 0.632468)	                ####	Count: 10 (20%)	Total: 18 (36%)
[cartographer_node-1] [0.632468, 0.657373)	                  ##	Count: 5 (10%)	Total: 23 (46%)
[cartographer_node-1] [0.657373, 0.682277)	                  ##	Count: 4 (8%)	Total: 27 (54%)
[cartographer_node-1] [0.682277, 0.707182)	                  ##	Count: 4 (8%)	Total: 31 (62%)
[cartographer_node-1] [0.707182, 0.732086)	                  ##	Count: 6 (12%)	Total: 37 (74%)
[cartographer_node-1] [0.732086, 0.756991)	                  ##	Count: 4 (8%)	Total: 41 (82%)
[cartographer_node-1] [0.756991, 0.781895)	                   #	Count: 2 (4%)	Total: 43 (86%)
[cartographer_node-1] [0.781895, 0.806800)	                  ##	Count: 4 (8%)	Total: 47 (94%)
[cartographer_node-1] [0.806800, 0.831704]	                   #	Count: 3 (6%)	Total: 50 (100%)
[cartographer_node-1] [INFO] [1778669154.318750079] [cartographer logger]: I0513 19:45:54.000000 50710 pose_graph_2d.cc:538] Remaining work items in queue: 1
[cartographer_node-1] [INFO] [1778669154.318867841] [cartographer logger]: I0513 19:45:54.000000 50710 constraint_builder_2d.cc:290] 0 computations resulted in 0 additional constraints.
[cartographer_node-1] [INFO] [1778669154.319138547] [cartographer logger]: I0513 19:45:54.000000 50710 constraint_builder_2d.cc:292] Score histogram:
[cartographer_node-1] Count: 50  Min: 0.582659  Max: 0.831704  Mean: 0.682104
[cartographer_node-1] [0.582659, 0.607564)	                 ###	Count: 8 (16%)	Total: 8 (16%)
[cartographer_node-1] [0.607564, 0.632468)	                ####	Count: 10 (20%)	Total: 18 (36%)
[cartographer_node-1] [0.632468, 0.657373)	                  ##	Count: 5 (10%)	Total: 23 (46%)
[cartographer_node-1] [0.657373, 0.682277)	                  ##	Count: 4 (8%)	Total: 27 (54%)
[cartographer_node-1] [0.682277, 0.707182)	                  ##	Count: 4 (8%)	Total: 31 (62%)
[cartographer_node-1] [0.707182, 0.732086)	                  ##	Count: 6 (12%)	Total: 37 (74%)
[cartographer_node-1] [0.732086, 0.756991)	                  ##	Count: 4 (8%)	Total: 41 (82%)
[cartographer_node-1] [0.756991, 0.781895)	                   #	Count: 2 (4%)	Total: 43 (86%)
[cartographer_node-1] [0.781895, 0.806800)	                  ##	Count: 4 (8%)	Total: 47 (94%)
[cartographer_node-1] [0.806800, 0.831704]	                   #	Count: 3 (6%)	Total: 50 (100%)
[cartographer_node-1] [INFO] [1778669154.467797899] [cartographer logger]: I0513 19:45:54.000000 50711 pose_graph_2d.cc:538] Remaining work items in queue: 1
[cartographer_node-1] [INFO] [1778669154.467990780] [cartographer logger]: I0513 19:45:54.000000 50711 constraint_builder_2d.cc:290] 0 computations resulted in 0 additional constraints.
[cartographer_node-1] [INFO] [1778669154.468860206] [cartographer logger]: I0513 19:45:54.000000 50711 constraint_builder_2d.cc:292] Score histogram:
[cartographer_node-1] Count: 50  Min: 0.582659  Max: 0.831704  Mean: 0.682104
[cartographer_node-1] [0.582659, 0.607564)	                 ###	Count: 8 (16%)	Total: 8 (16%)
[cartographer_node-1] [0.607564, 0.632468)	                ####	Count: 10 (20%)	Total: 18 (36%)
[cartographer_node-1] [0.632468, 0.657373)	                  ##	Count: 5 (10%)	Total: 23 (46%)
[cartographer_node-1] [0.657373, 0.682277)	                  ##	Count: 4 (8%)	Total: 27 (54%)
[cartographer_node-1] [0.682277, 0.707182)	                  ##	Count: 4 (8%)	Total: 31 (62%)
[cartographer_node-1] [0.707182, 0.732086)	                  ##	Count: 6 (12%)	Total: 37 (74%)
[cartographer_node-1] [0.732086, 0.756991)	                  ##	Count: 4 (8%)	Total: 41 (82%)
[cartographer_node-1] [0.756991, 0.781895)	                   #	Count: 2 (4%)	Total: 43 (86%)
[cartographer_node-1] [0.781895, 0.806800)	                  ##	Count: 4 (8%)	Total: 47 (94%)
[cartographer_node-1] [0.806800, 0.831704]	                   #	Count: 3 (6%)	Total: 50 (100%)
[cartographer_node-1] [INFO] [1778669154.650798419] [cartographer logger]: I0513 19:45:54.000000 50710 pose_graph_2d.cc:538] Remaining work items in queue: 1
[cartographer_node-1] [INFO] [1778669154.650880760] [cartographer logger]: I0513 19:45:54.000000 50710 constraint_builder_2d.cc:290] 0 computations resulted in 0 additional constraints.
[cartographer_node-1] [INFO] [1778669154.651411195] [cartographer logger]: I0513 19:45:54.000000 50710 constraint_builder_2d.cc:292] Score histogram:
[cartographer_node-1] Count: 50  Min: 0.582659  Max: 0.831704  Mean: 0.682104
[cartographer_node-1] [0.582659, 0.607564)	                 ###	Count: 8 (16%)	Total: 8 (16%)
[cartographer_node-1] [0.607564, 0.632468)	                ####	Count: 10 (20%)	Total: 18 (36%)
[cartographer_node-1] [0.632468, 0.657373)	                  ##	Count: 5 (10%)	Total: 23 (46%)
[cartographer_node-1] [0.657373, 0.682277)	                  ##	Count: 4 (8%)	Total: 27 (54%)
[cartographer_node-1] [0.682277, 0.707182)	                  ##	Count: 4 (8%)	Total: 31 (62%)
[cartographer_node-1] [0.707182, 0.732086)	                  ##	Count: 6 (12%)	Total: 37 (74%)
[cartographer_node-1] [0.732086, 0.756991)	                  ##	Count: 4 (8%)	Total: 41 (82%)
[cartographer_node-1] [0.756991, 0.781895)	                   #	Count: 2 (4%)	Total: 43 (86%)
[cartographer_node-1] [0.781895, 0.806800)	                  ##	Count: 4 (8%)	Total: 47 (94%)
[cartographer_node-1] [0.806800, 0.831704]	                   #	Count: 3 (6%)	Total: 50 (100%)
[cartographer_node-1] [INFO] [1778669154.818643077] [cartographer logger]: I0513 19:45:54.000000 50708 pose_graph_2d.cc:538] Remaining work items in queue: 1
[cartographer_node-1] [INFO] [1778669154.818695160] [cartographer logger]: I0513 19:45:54.000000 50708 constraint_builder_2d.cc:290] 0 computations resulted in 0 additional constraints.
[cartographer_node-1] [INFO] [1778669154.818817634] [cartographer logger]: I0513 19:45:54.000000 50708 constraint_builder_2d.cc:292] Score histogram:
[cartographer_node-1] Count: 50  Min: 0.582659  Max: 0.831704  Mean: 0.682104
[cartographer_node-1] [0.582659, 0.607564)	                 ###	Count: 8 (16%)	Total: 8 (16%)
[cartographer_node-1] [0.607564, 0.632468)	                ####	Count: 10 (20%)	Total: 18 (36%)
[cartographer_node-1] [0.632468, 0.657373)	                  ##	Count: 5 (10%)	Total: 23 (46%)
[cartographer_node-1] [0.657373, 0.682277)	                  ##	Count: 4 (8%)	Total: 27 (54%)
[cartographer_node-1] [0.682277, 0.707182)	                  ##	Count: 4 (8%)	Total: 31 (62%)
[cartographer_node-1] [0.707182, 0.732086)	                  ##	Count: 6 (12%)	Total: 37 (74%)
[cartographer_node-1] [0.732086, 0.756991)	                  ##	Count: 4 (8%)	Total: 41 (82%)
[cartographer_node-1] [0.756991, 0.781895)	                   #	Count: 2 (4%)	Total: 43 (86%)
[cartographer_node-1] [0.781895, 0.806800)	                  ##	Count: 4 (8%)	Total: 47 (94%)
[cartographer_node-1] [0.806800, 0.831704]	                   #	Count: 3 (6%)	Total: 50 (100%)
[cartographer_node-1] [INFO] [1778669154.920505306] [cartographer logger]: I0513 19:45:54.000000 50708 pose_graph_2d.cc:538] Remaining work items in queue: 1
[cartographer_node-1] [INFO] [1778669154.960232505] [cartographer logger]: I0513 19:45:54.000000 50709 constraint_builder_2d.cc:290] 1 computations resulted in 0 additional constraints.
[cartographer_node-1] [INFO] [1778669154.960310140] [cartographer logger]: I0513 19:45:54.000000 50709 constraint_builder_2d.cc:292] Score histogram:
[cartographer_node-1] Count: 50  Min: 0.582659  Max: 0.831704  Mean: 0.682104
[cartographer_node-1] [0.582659, 0.607564)	                 ###	Count: 8 (16%)	Total: 8 (16%)
[cartographer_node-1] [0.607564, 0.632468)	                ####	Count: 10 (20%)	Total: 18 (36%)
[cartographer_node-1] [0.632468, 0.657373)	                  ##	Count: 5 (10%)	Total: 23 (46%)
[cartographer_node-1] [0.657373, 0.682277)	                  ##	Count: 4 (8%)	Total: 27 (54%)
[cartographer_node-1] [0.682277, 0.707182)	                  ##	Count: 4 (8%)	Total: 31 (62%)
[cartographer_node-1] [0.707182, 0.732086)	                  ##	Count: 6 (12%)	Total: 37 (74%)
[cartographer_node-1] [0.732086, 0.756991)	                  ##	Count: 4 (8%)	Total: 41 (82%)
[cartographer_node-1] [0.756991, 0.781895)	                   #	Count: 2 (4%)	Total: 43 (86%)
[cartographer_node-1] [0.781895, 0.806800)	                  ##	Count: 4 (8%)	Total: 47 (94%)
[cartographer_node-1] [0.806800, 0.831704]	                   #	Count: 3 (6%)	Total: 50 (100%)
[cartographer_node-1] [INFO] [1778669155.036201319] [cartographer logger]: I0513 19:45:55.000000 50709 pose_graph_2d.cc:538] Remaining work items in queue: 1
[cartographer_node-1] [INFO] [1778669155.036274072] [cartographer logger]: I0513 19:45:55.000000 50709 constraint_builder_2d.cc:290] 0 computations resulted in 0 additional constraints.
[cartographer_node-1] [INFO] [1778669155.036437392] [cartographer logger]: I0513 19:45:55.000000 50709 constraint_builder_2d.cc:292] Score histogram:
[cartographer_node-1] Count: 50  Min: 0.582659  Max: 0.831704  Mean: 0.682104
[cartographer_node-1] [0.582659, 0.607564)	                 ###	Count: 8 (16%)	Total: 8 (16%)
[cartographer_node-1] [0.607564, 0.632468)	                ####	Count: 10 (20%)	Total: 18 (36%)
[cartographer_node-1] [0.632468, 0.657373)	                  ##	Count: 5 (10%)	Total: 23 (46%)
[cartographer_node-1] [0.657373, 0.682277)	                  ##	Count: 4 (8%)	Total: 27 (54%)
[cartographer_node-1] [0.682277, 0.707182)	                  ##	Count: 4 (8%)	Total: 31 (62%)
[cartographer_node-1] [0.707182, 0.732086)	                  ##	Count: 6 (12%)	Total: 37 (74%)
[cartographer_node-1] [0.732086, 0.756991)	                  ##	Count: 4 (8%)	Total: 41 (82%)
[cartographer_node-1] [0.756991, 0.781895)	                   #	Count: 2 (4%)	Total: 43 (86%)
[cartographer_node-1] [0.781895, 0.806800)	                  ##	Count: 4 (8%)	Total: 47 (94%)
[cartographer_node-1] [0.806800, 0.831704]	                   #	Count: 3 (6%)	Total: 50 (100%)
[cartographer_node-1] [INFO] [1778669155.169970112] [cartographer logger]: I0513 19:45:55.000000 50710 pose_graph_2d.cc:538] Remaining work items in queue: 1
[cartographer_node-1] [INFO] [1778669155.170034968] [cartographer logger]: I0513 19:45:55.000000 50710 constraint_builder_2d.cc:290] 0 computations resulted in 0 additional constraints.
[cartographer_node-1] [INFO] [1778669155.170458162] [cartographer logger]: I0513 19:45:55.000000 50710 constraint_builder_2d.cc:292] Score histogram:
[cartographer_node-1] Count: 50  Min: 0.582659  Max: 0.831704  Mean: 0.682104
[cartographer_node-1] [0.582659, 0.607564)	                 ###	Count: 8 (16%)	Total: 8 (16%)
[cartographer_node-1] [0.607564, 0.632468)	                ####	Count: 10 (20%)	Total: 18 (36%)
[cartographer_node-1] [0.632468, 0.657373)	                  ##	Count: 5 (10%)	Total: 23 (46%)
[cartographer_node-1] [0.657373, 0.682277)	                  ##	Count: 4 (8%)	Total: 27 (54%)
[cartographer_node-1] [0.682277, 0.707182)	                  ##	Count: 4 (8%)	Total: 31 (62%)
[cartographer_node-1] [0.707182, 0.732086)	                  ##	Count: 6 (12%)	Total: 37 (74%)
[cartographer_node-1] [0.732086, 0.756991)	                  ##	Count: 4 (8%)	Total: 41 (82%)
[cartographer_node-1] [0.756991, 0.781895)	                   #	Count: 2 (4%)	Total: 43 (86%)
[cartographer_node-1] [0.781895, 0.806800)	                  ##	Count: 4 (8%)	Total: 47 (94%)
[cartographer_node-1] [0.806800, 0.831704]	                   #	Count: 3 (6%)	Total: 50 (100%)
[cartographer_node-1] [INFO] [1778669155.295061222] [cartographer logger]: I0513 19:45:55.000000 50708 pose_graph_2d.cc:538] Remaining work items in queue: 1
[cartographer_node-1] [INFO] [1778669155.319051301] [cartographer logger]: I0513 19:45:55.000000 50694 pose_graph_2d.cc:148] Inserted submap (1, 9).
[cartographer_node-1] [INFO] [1778669155.347526778] [cartographer logger]: I0513 19:45:55.000000 50708 constraint_builder_2d.cc:275] Node (0, 726) with 208 points on submap (1, 7) matches with score 81.3%.
[cartographer_node-1] [INFO] [1778669155.374225918] [cartographer logger]: I0513 19:45:55.000000 50710 constraint_builder_2d.cc:275] Node (0, 126) with 201 points on submap (1, 7) matches with score 69.9%.
[cartographer_node-1] [INFO] [1778669155.382991692] [cartographer logger]: I0513 19:45:55.000000 50709 constraint_builder_2d.cc:275] Node (0, 526) with 200 points on submap (1, 7) matches with score 71.2%.
[cartographer_node-1] [INFO] [1778669155.385920381] [cartographer logger]: I0513 19:45:55.000000 50711 constraint_builder_2d.cc:275] Node (0, 1126) with 212 points on submap (1, 7) matches with score 75.6%.
[cartographer_node-1] [INFO] [1778669155.415782576] [cartographer logger]: I0513 19:45:55.000000 50708 constraint_builder_2d.cc:275] Node (0, 1326) with 215 points on submap (1, 7) matches with score 68.2%.
[cartographer_node-1] [INFO] [1778669155.435316786] [cartographer logger]: I0513 19:45:55.000000 50709 constraint_builder_2d.cc:275] Node (0, 926) with 192 points on submap (1, 7) matches with score 60.7%.
[cartographer_node-1] [INFO] [1778669155.453145472] [cartographer logger]: I0513 19:45:55.000000 50710 constraint_builder_2d.cc:290] 8 computations resulted in 6 additional constraints.
[cartographer_node-1] [INFO] [1778669155.453180259] [cartographer logger]: I0513 19:45:55.000000 50710 constraint_builder_2d.cc:292] Score histogram:
[cartographer_node-1] Count: 56  Min: 0.582659  Max: 0.831704  Mean: 0.685256
[cartographer_node-1] [0.582659, 0.607564)	                 ###	Count: 9 (16.0714%)	Total: 9 (16.0714%)
[cartographer_node-1] [0.607564, 0.632468)	                ####	Count: 10 (17.8571%)	Total: 19 (33.9286%)
[cartographer_node-1] [0.632468, 0.657373)	                  ##	Count: 5 (8.92857%)	Total: 24 (42.8571%)
[cartographer_node-1] [0.657373, 0.682277)	                  ##	Count: 5 (8.92857%)	Total: 29 (51.7857%)
[cartographer_node-1] [0.682277, 0.707182)	                  ##	Count: 5 (8.92857%)	Total: 34 (60.7143%)
[cartographer_node-1] [0.707182, 0.732086)	                 ###	Count: 7 (12.5%)	Total: 41 (73.2143%)
[cartographer_node-1] [0.732086, 0.756991)	                  ##	Count: 5 (8.92857%)	Total: 46 (82.1429%)
[cartographer_node-1] [0.756991, 0.781895)	                   #	Count: 2 (3.57143%)	Total: 48 (85.7143%)
[cartographer_node-1] [0.781895, 0.806800)	                   #	Count: 4 (7.14286%)	Total: 52 (92.8571%)
[cartographer_node-1] [0.806800, 0.831704]	                   #	Count: 4 (7.14286%)	Total: 56 (100%)
[cartographer_node-1] [INFO] [1778669155.468944209] [cartographer logger]: I0513 19:45:55.000000 50710 pose_graph_2d.cc:538] Remaining work items in queue: 9
[cartographer_node-1] [INFO] [1778669155.468975861] [cartographer logger]: I0513 19:45:55.000000 50710 constraint_builder_2d.cc:290] 0 computations resulted in 0 additional constraints.
[cartographer_node-1] [INFO] [1778669155.469045895] [cartographer logger]: I0513 19:45:55.000000 50710 constraint_builder_2d.cc:292] Score histogram:
[cartographer_node-1] Count: 56  Min: 0.582659  Max: 0.831704  Mean: 0.685256
[cartographer_node-1] [0.582659, 0.607564)	                 ###	Count: 9 (16.0714%)	Total: 9 (16.0714%)
[cartographer_node-1] [0.607564, 0.632468)	                ####	Count: 10 (17.8571%)	Total: 19 (33.9286%)
[cartographer_node-1] [0.632468, 0.657373)	                  ##	Count: 5 (8.92857%)	Total: 24 (42.8571%)
[cartographer_node-1] [0.657373, 0.682277)	                  ##	Count: 5 (8.92857%)	Total: 29 (51.7857%)
[cartographer_node-1] [0.682277, 0.707182)	                  ##	Count: 5 (8.92857%)	Total: 34 (60.7143%)
[cartographer_node-1] [0.707182, 0.732086)	                 ###	Count: 7 (12.5%)	Total: 41 (73.2143%)
[cartographer_node-1] [0.732086, 0.756991)	                  ##	Count: 5 (8.92857%)	Total: 46 (82.1429%)
[cartographer_node-1] [0.756991, 0.781895)	                   #	Count: 2 (3.57143%)	Total: 48 (85.7143%)
[cartographer_node-1] [0.781895, 0.806800)	                   #	Count: 4 (7.14286%)	Total: 52 (92.8571%)
[cartographer_node-1] [0.806800, 0.831704]	                   #	Count: 4 (7.14286%)	Total: 56 (100%)
[cartographer_node-1] [INFO] [1778669155.478573105] [cartographer logger]: I0513 19:45:55.000000 50710 pose_graph_2d.cc:538] Remaining work items in queue: 2
[cartographer_node-1] [INFO] [1778669155.536594634] [cartographer logger]: I0513 19:45:55.000000 50708 constraint_builder_2d.cc:275] Node (1, 814) with 214 points on submap (0, 4) matches with score 58.2%.
[cartographer_node-1] [INFO] [1778669155.536625070] [cartographer logger]: I0513 19:45:55.000000 50708 constraint_builder_2d.cc:290] 1 computations resulted in 1 additional constraints.
[cartographer_node-1] [INFO] [1778669155.536648251] [cartographer logger]: I0513 19:45:55.000000 50708 constraint_builder_2d.cc:292] Score histogram:
[cartographer_node-1] Count: 57  Min: 0.582023  Max: 0.831704  Mean: 0.683445
[cartographer_node-1] [0.582023, 0.606991)	                ####	Count: 10 (17.5439%)	Total: 10 (17.5439%)
[cartographer_node-1] [0.606991, 0.631959)	                ####	Count: 10 (17.5439%)	Total: 20 (35.0877%)
[cartographer_node-1] [0.631959, 0.656927)	                  ##	Count: 5 (8.77193%)	Total: 25 (43.8596%)
[cartographer_node-1] [0.656927, 0.681896)	                   #	Count: 4 (7.01754%)	Total: 29 (50.8772%)
[cartographer_node-1] [0.681896, 0.706864)	                  ##	Count: 6 (10.5263%)	Total: 35 (61.4035%)
[cartographer_node-1] [0.706864, 0.731832)	                  ##	Count: 7 (12.2807%)	Total: 42 (73.6842%)
[cartographer_node-1] [0.731832, 0.756800)	                  ##	Count: 5 (8.77193%)	Total: 47 (82.4561%)
[cartographer_node-1] [0.756800, 0.781768)	                   #	Count: 2 (3.50877%)	Total: 49 (85.9649%)
[cartographer_node-1] [0.781768, 0.806736)	                   #	Count: 4 (7.01754%)	Total: 53 (92.9825%)
[cartographer_node-1] [0.806736, 0.831704]	                   #	Count: 4 (7.01754%)	Total: 57 (100%)
[cartographer_node-1] [INFO] [1778669155.562043571] [cartographer logger]: I0513 19:45:55.000000 50709 pose_graph_2d.cc:538] Remaining work items in queue: 2
[cartographer_node-1] [INFO] [1778669155.562074058] [cartographer logger]: I0513 19:45:55.000000 50709 constraint_builder_2d.cc:290] 0 computations resulted in 0 additional constraints.
[cartographer_node-1] [INFO] [1778669155.562105491] [cartographer logger]: I0513 19:45:55.000000 50709 constraint_builder_2d.cc:292] Score histogram:
[cartographer_node-1] Count: 57  Min: 0.582023  Max: 0.831704  Mean: 0.683445
[cartographer_node-1] [0.582023, 0.606991)	                ####	Count: 10 (17.5439%)	Total: 10 (17.5439%)
[cartographer_node-1] [0.606991, 0.631959)	                ####	Count: 10 (17.5439%)	Total: 20 (35.0877%)
[cartographer_node-1] [0.631959, 0.656927)	                  ##	Count: 5 (8.77193%)	Total: 25 (43.8596%)
[cartographer_node-1] [0.656927, 0.681896)	                   #	Count: 4 (7.01754%)	Total: 29 (50.8772%)
[cartographer_node-1] [0.681896, 0.706864)	                  ##	Count: 6 (10.5263%)	Total: 35 (61.4035%)
[cartographer_node-1] [0.706864, 0.731832)	                  ##	Count: 7 (12.2807%)	Total: 42 (73.6842%)
[cartographer_node-1] [0.731832, 0.756800)	                  ##	Count: 5 (8.77193%)	Total: 47 (82.4561%)
[cartographer_node-1] [0.756800, 0.781768)	                   #	Count: 2 (3.50877%)	Total: 49 (85.9649%)
[cartographer_node-1] [0.781768, 0.806736)	                   #	Count: 4 (7.01754%)	Total: 53 (92.9825%)
[cartographer_node-1] [0.806736, 0.831704]	                   #	Count: 4 (7.01754%)	Total: 57 (100%)
[cartographer_node-1] [INFO] [1778669155.627023077] [cartographer logger]: I0513 19:45:55.000000 50710 pose_graph_2d.cc:538] Remaining work items in queue: 1
[cartographer_node-1] [INFO] [1778669155.627104551] [cartographer logger]: I0513 19:45:55.000000 50710 constraint_builder_2d.cc:290] 0 computations resulted in 0 additional constraints.
[cartographer_node-1] [INFO] [1778669155.627448742] [cartographer logger]: I0513 19:45:55.000000 50710 constraint_builder_2d.cc:292] Score histogram:
[cartographer_node-1] Count: 57  Min: 0.582023  Max: 0.831704  Mean: 0.683445
[cartographer_node-1] [0.582023, 0.606991)	                ####	Count: 10 (17.5439%)	Total: 10 (17.5439%)
[cartographer_node-1] [0.606991, 0.631959)	                ####	Count: 10 (17.5439%)	Total: 20 (35.0877%)
[cartographer_node-1] [0.631959, 0.656927)	                  ##	Count: 5 (8.77193%)	Total: 25 (43.8596%)
[cartographer_node-1] [0.656927, 0.681896)	                   #	Count: 4 (7.01754%)	Total: 29 (50.8772%)
[cartographer_node-1] [0.681896, 0.706864)	                  ##	Count: 6 (10.5263%)	Total: 35 (61.4035%)
[cartographer_node-1] [0.706864, 0.731832)	                  ##	Count: 7 (12.2807%)	Total: 42 (73.6842%)
[cartographer_node-1] [0.731832, 0.756800)	                  ##	Count: 5 (8.77193%)	Total: 47 (82.4561%)
[cartographer_node-1] [0.756800, 0.781768)	                   #	Count: 2 (3.50877%)	Total: 49 (85.9649%)
[cartographer_node-1] [0.781768, 0.806736)	                   #	Count: 4 (7.01754%)	Total: 53 (92.9825%)
[cartographer_node-1] [0.806736, 0.831704]	                   #	Count: 4 (7.01754%)	Total: 57 (100%)
[cartographer_node-1] [INFO] [1778669155.695781662] [cartographer logger]: I0513 19:45:55.000000 50709 pose_graph_2d.cc:538] Remaining work items in queue: 2
[cartographer_node-1] [INFO] [1778669155.695861516] [cartographer logger]: I0513 19:45:55.000000 50709 constraint_builder_2d.cc:290] 0 computations resulted in 0 additional constraints.
[cartographer_node-1] [INFO] [1778669155.695994468] [cartographer logger]: I0513 19:45:55.000000 50709 constraint_builder_2d.cc:292] Score histogram:
[cartographer_node-1] Count: 57  Min: 0.582023  Max: 0.831704  Mean: 0.683445
[cartographer_node-1] [0.582023, 0.606991)	                ####	Count: 10 (17.5439%)	Total: 10 (17.5439%)
[cartographer_node-1] [0.606991, 0.631959)	                ####	Count: 10 (17.5439%)	Total: 20 (35.0877%)
[cartographer_node-1] [0.631959, 0.656927)	                  ##	Count: 5 (8.77193%)	Total: 25 (43.8596%)
[cartographer_node-1] [0.656927, 0.681896)	                   #	Count: 4 (7.01754%)	Total: 29 (50.8772%)
[cartographer_node-1] [0.681896, 0.706864)	                  ##	Count: 6 (10.5263%)	Total: 35 (61.4035%)
[cartographer_node-1] [0.706864, 0.731832)	                  ##	Count: 7 (12.2807%)	Total: 42 (73.6842%)
[cartographer_node-1] [0.731832, 0.756800)	                  ##	Count: 5 (8.77193%)	Total: 47 (82.4561%)
[cartographer_node-1] [0.756800, 0.781768)	                   #	Count: 2 (3.50877%)	Total: 49 (85.9649%)
[cartographer_node-1] [0.781768, 0.806736)	                   #	Count: 4 (7.01754%)	Total: 53 (92.9825%)
[cartographer_node-1] [0.806736, 0.831704]	                   #	Count: 4 (7.01754%)	Total: 57 (100%)
[cartographer_node-1] [INFO] [1778669155.794339186] [cartographer logger]: I0513 19:45:55.000000 50710 pose_graph_2d.cc:538] Remaining work items in queue: 1
[cartographer_node-1] [INFO] [1778669155.794371356] [cartographer logger]: I0513 19:45:55.000000 50710 constraint_builder_2d.cc:290] 0 computations resulted in 0 additional constraints.
[cartographer_node-1] [INFO] [1778669155.794463204] [cartographer logger]: I0513 19:45:55.000000 50710 constraint_builder_2d.cc:292] Score histogram:
[cartographer_node-1] Count: 57  Min: 0.582023  Max: 0.831704  Mean: 0.683445
[cartographer_node-1] [0.582023, 0.606991)	                ####	Count: 10 (17.5439%)	Total: 10 (17.5439%)
[cartographer_node-1] [0.606991, 0.631959)	                ####	Count: 10 (17.5439%)	Total: 20 (35.0877%)
[cartographer_node-1] [0.631959, 0.656927)	                  ##	Count: 5 (8.77193%)	Total: 25 (43.8596%)
[cartographer_node-1] [0.656927, 0.681896)	                   #	Count: 4 (7.01754%)	Total: 29 (50.8772%)
[cartographer_node-1] [0.681896, 0.706864)	                  ##	Count: 6 (10.5263%)	Total: 35 (61.4035%)
[cartographer_node-1] [0.706864, 0.731832)	                  ##	Count: 7 (12.2807%)	Total: 42 (73.6842%)
[cartographer_node-1] [0.731832, 0.756800)	                  ##	Count: 5 (8.77193%)	Total: 47 (82.4561%)
[cartographer_node-1] [0.756800, 0.781768)	                   #	Count: 2 (3.50877%)	Total: 49 (85.9649%)
[cartographer_node-1] [0.781768, 0.806736)	                   #	Count: 4 (7.01754%)	Total: 53 (92.9825%)
[cartographer_node-1] [0.806736, 0.831704]	                   #	Count: 4 (7.01754%)	Total: 57 (100%)
[cartographer_node-1] [INFO] [1778669155.794833596] [rclcpp]: signal_handler(SIGINT/SIGTERM)
[cartographer_node-1] [INFO] [1778669155.796998192] [cartographer logger]: I0513 19:45:55.000000 50694 node.cpp:583] Shutdown the subscriber of [scan]
[cartographer_node-1] [INFO] [1778669155.797215946] [cartographer logger]: I0513 19:45:55.000000 50694 node.cpp:583] Shutdown the subscriber of [imu]
[cartographer_node-1] [INFO] [1778669155.797447548] [cartographer logger]: I0513 19:45:55.000000 50694 node.cpp:583] Shutdown the subscriber of [odom_wheel]
[cartographer_node-1] [INFO] [1778669155.797462026] [cartographer logger]: I0513 19:45:55.000000 50694 map_builder_bridge.cpp:156] Finishing trajectory with ID '1'...
[cartographer_node-1] [WARN] [1778669155.803090974] [cartographer logger]: W0513 19:45:55.000000 50694 node.cpp:787] Can't run final optimization if there are one or more active trajectories. Trying to finish trajectory with ID 1 now.
[cartographer_node-1] [INFO] [1778669155.803129804] [cartographer logger]: I0513 19:45:55.000000 50694 node.cpp:565] Trajectory 1 already pending to finish.
[cartographer_node-1] [INFO] [1778669155.803139924] [cartographer logger]: I0513 19:45:55.000000 50694 map_builder_bridge.cpp:165] Running final trajectory optimization...
[cartographer_node-1] [INFO] [1778669155.804760715] [cartographer logger]: I0513 19:45:55.000000 50710 pose_graph_2d.cc:538] Remaining work items in queue: 4
[cartographer_node-1] [INFO] [1778669155.837419161] [cartographer logger]: I0513 19:45:55.000000 50711 constraint_builder_2d.cc:290] 1 computations resulted in 0 additional constraints.
[cartographer_node-1] [INFO] [1778669155.837526940] [cartographer logger]: I0513 19:45:55.000000 50711 constraint_builder_2d.cc:292] Score histogram:
[cartographer_node-1] Count: 57  Min: 0.582023  Max: 0.831704  Mean: 0.683445
[cartographer_node-1] [0.582023, 0.606991)	                ####	Count: 10 (17.5439%)	Total: 10 (17.5439%)
[cartographer_node-1] [0.606991, 0.631959)	                ####	Count: 10 (17.5439%)	Total: 20 (35.0877%)
[cartographer_node-1] [0.631959, 0.656927)	                  ##	Count: 5 (8.77193%)	Total: 25 (43.8596%)
[cartographer_node-1] [0.656927, 0.681896)	                   #	Count: 4 (7.01754%)	Total: 29 (50.8772%)
[cartographer_node-1] [0.681896, 0.706864)	                  ##	Count: 6 (10.5263%)	Total: 35 (61.4035%)
[cartographer_node-1] [0.706864, 0.731832)	                  ##	Count: 7 (12.2807%)	Total: 42 (73.6842%)
[cartographer_node-1] [0.731832, 0.756800)	                  ##	Count: 5 (8.77193%)	Total: 47 (82.4561%)
[cartographer_node-1] [0.756800, 0.781768)	                   #	Count: 2 (3.50877%)	Total: 49 (85.9649%)
[cartographer_node-1] [0.781768, 0.806736)	                   #	Count: 4 (7.01754%)	Total: 53 (92.9825%)
[cartographer_node-1] [0.806736, 0.831704]	                   #	Count: 4 (7.01754%)	Total: 57 (100%)
[cartographer_node-1] [INFO] [1778669155.843922329] [cartographer logger]: I0513 19:45:55.000000 50711 pose_graph_2d.cc:538] Remaining work items in queue: 2
[cartographer_node-1] [INFO] [1778669155.843946224] [cartographer logger]: I0513 19:45:55.000000 50711 constraint_builder_2d.cc:290] 0 computations resulted in 0 additional constraints.
[cartographer_node-1] [INFO] [1778669155.844032010] [cartographer logger]: I0513 19:45:55.000000 50711 constraint_builder_2d.cc:292] Score histogram:
[cartographer_node-1] Count: 57  Min: 0.582023  Max: 0.831704  Mean: 0.683445
[cartographer_node-1] [0.582023, 0.606991)	                ####	Count: 10 (17.5439%)	Total: 10 (17.5439%)
[cartographer_node-1] [0.606991, 0.631959)	                ####	Count: 10 (17.5439%)	Total: 20 (35.0877%)
[cartographer_node-1] [0.631959, 0.656927)	                  ##	Count: 5 (8.77193%)	Total: 25 (43.8596%)
[cartographer_node-1] [0.656927, 0.681896)	                   #	Count: 4 (7.01754%)	Total: 29 (50.8772%)
[cartographer_node-1] [0.681896, 0.706864)	                  ##	Count: 6 (10.5263%)	Total: 35 (61.4035%)
[cartographer_node-1] [0.706864, 0.731832)	                  ##	Count: 7 (12.2807%)	Total: 42 (73.6842%)
[cartographer_node-1] [0.731832, 0.756800)	                  ##	Count: 5 (8.77193%)	Total: 47 (82.4561%)
[cartographer_node-1] [0.756800, 0.781768)	                   #	Count: 2 (3.50877%)	Total: 49 (85.9649%)
[cartographer_node-1] [0.781768, 0.806736)	                   #	Count: 4 (7.01754%)	Total: 53 (92.9825%)
[cartographer_node-1] [0.806736, 0.831704]	                   #	Count: 4 (7.01754%)	Total: 57 (100%)
[cartographer_node-1] [INFO] [1778669155.853383324] [cartographer logger]: I0513 19:45:55.000000 50711 pose_graph_2d.cc:538] Remaining work items in queue: 1
[cartographer_node-1] [INFO] [1778669155.853404812] [cartographer logger]: I0513 19:45:55.000000 50711 constraint_builder_2d.cc:290] 0 computations resulted in 0 additional constraints.
[cartographer_node-1] [INFO] [1778669155.853446710] [cartographer logger]: I0513 19:45:55.000000 50711 constraint_builder_2d.cc:292] Score histogram:
[cartographer_node-1] Count: 57  Min: 0.582023  Max: 0.831704  Mean: 0.683445
[cartographer_node-1] [0.582023, 0.606991)	                ####	Count: 10 (17.5439%)	Total: 10 (17.5439%)
[cartographer_node-1] [0.606991, 0.631959)	                ####	Count: 10 (17.5439%)	Total: 20 (35.0877%)
[cartographer_node-1] [0.631959, 0.656927)	                  ##	Count: 5 (8.77193%)	Total: 25 (43.8596%)
[cartographer_node-1] [0.656927, 0.681896)	                   #	Count: 4 (7.01754%)	Total: 29 (50.8772%)
[cartographer_node-1] [0.681896, 0.706864)	                  ##	Count: 6 (10.5263%)	Total: 35 (61.4035%)
[cartographer_node-1] [0.706864, 0.731832)	                  ##	Count: 7 (12.2807%)	Total: 42 (73.6842%)
[cartographer_node-1] [0.731832, 0.756800)	                  ##	Count: 5 (8.77193%)	Total: 47 (82.4561%)
[cartographer_node-1] [0.756800, 0.781768)	                   #	Count: 2 (3.50877%)	Total: 49 (85.9649%)
[cartographer_node-1] [0.781768, 0.806736)	                   #	Count: 4 (7.01754%)	Total: 53 (92.9825%)
[cartographer_node-1] [0.806736, 0.831704]	                   #	Count: 4 (7.01754%)	Total: 57 (100%)
[cartographer_node-1] [INFO] [1778669155.855601201] [cartographer logger]: I0513 19:45:55.000000 50708 constraint_builder_2d.cc:290] 0 computations resulted in 0 additional constraints.
[cartographer_node-1] [INFO] [1778669155.855638841] [cartographer logger]: I0513 19:45:55.000000 50708 constraint_builder_2d.cc:292] Score histogram:
[cartographer_node-1] Count: 57  Min: 0.582023  Max: 0.831704  Mean: 0.683445
[cartographer_node-1] [0.582023, 0.606991)	                ####	Count: 10 (17.5439%)	Total: 10 (17.5439%)
[cartographer_node-1] [0.606991, 0.631959)	                ####	Count: 10 (17.5439%)	Total: 20 (35.0877%)
[cartographer_node-1] [0.631959, 0.656927)	                  ##	Count: 5 (8.77193%)	Total: 25 (43.8596%)
[cartographer_node-1] [0.656927, 0.681896)	                   #	Count: 4 (7.01754%)	Total: 29 (50.8772%)
[cartographer_node-1] [0.681896, 0.706864)	                  ##	Count: 6 (10.5263%)	Total: 35 (61.4035%)
[cartographer_node-1] [0.706864, 0.731832)	                  ##	Count: 7 (12.2807%)	Total: 42 (73.6842%)
[cartographer_node-1] [0.731832, 0.756800)	                  ##	Count: 5 (8.77193%)	Total: 47 (82.4561%)
[cartographer_node-1] [0.756800, 0.781768)	                   #	Count: 2 (3.50877%)	Total: 49 (85.9649%)
[cartographer_node-1] [0.781768, 0.806736)	                   #	Count: 4 (7.01754%)	Total: 53 (92.9825%)
[cartographer_node-1] [0.806736, 0.831704]	                   #	Count: 4 (7.01754%)	Total: 57 (100%)
[cartographer_node-1] [KOptimizing: Done.     
[cartographer_node-1] [INFO] [1778669155.857455724] [cartographer logger]: I0513 19:45:55.000000 50710 constraint_builder_2d.cc:290] 0 computations resulted in 0 additional constraints.
[cartographer_node-1] [INFO] [1778669155.857492393] [cartographer logger]: I0513 19:45:55.000000 50710 constraint_builder_2d.cc:292] Score histogram:
[cartographer_node-1] Count: 57  Min: 0.582023  Max: 0.831704  Mean: 0.683445
[cartographer_node-1] [0.582023, 0.606991)	                ####	Count: 10 (17.5439%)	Total: 10 (17.5439%)
[cartographer_node-1] [0.606991, 0.631959)	                ####	Count: 10 (17.5439%)	Total: 20 (35.0877%)
[cartographer_node-1] [0.631959, 0.656927)	                  ##	Count: 5 (8.77193%)	Total: 25 (43.8596%)
[cartographer_node-1] [0.656927, 0.681896)	                   #	Count: 4 (7.01754%)	Total: 29 (50.8772%)
[cartographer_node-1] [0.681896, 0.706864)	                  ##	Count: 6 (10.5263%)	Total: 35 (61.4035%)
[cartographer_node-1] [0.706864, 0.731832)	                  ##	Count: 7 (12.2807%)	Total: 42 (73.6842%)
[cartographer_node-1] [0.731832, 0.756800)	                  ##	Count: 5 (8.77193%)	Total: 47 (82.4561%)
[cartographer_node-1] [0.756800, 0.781768)	                   #	Count: 2 (3.50877%)	Total: 49 (85.9649%)
[cartographer_node-1] [0.781768, 0.806736)	                   #	Count: 4 (7.01754%)	Total: 53 (92.9825%)
[cartographer_node-1] [0.806736, 0.831704]	                   #	Count: 4 (7.01754%)	Total: 57 (100%)
[cartographer_node-1] [KOptimizing: Done.     
[INFO] [cartographer_node-1]: process has finished cleanly [pid 50694]
