stamp,rt_correlative_score,ceres_final_cost,translation_residual,rotation_residual,num_filtered_points,was_outlier,medium_outlier_streak,inserted_to_submap,num_insertion_submaps,pose_prediction_x,pose_prediction_y,pose_prediction_yaw,pose_estimate_x,pose_estimate_y,pose_estimate_yaw,longitudinal_residual,lateral_residual,yaw_residual,wheel_forward_velocity,scan_forward_velocity,scan_match_yaw_rate,scan_match_delta_forward,scan_match_delta_lateral,scan_match_delta_translation,scan_match_delta_yaw,prediction_delta_dt,prediction_delta_forward,prediction_delta_lateral,prediction_delta_x,prediction_delta_y,prediction_delta_forward_velocity,prediction_delta_translation,prediction_delta_yaw,adaptive_odometry_weight,wheel_twist_expected_delta,odom_pose_delta_dt,odom_pose_delta_forward,odom_pose_delta_lateral,odom_pose_delta_local_x,odom_pose_delta_local_y,odom_pose_delta_forward_velocity,odom_pose_delta_translation,odom_pose_delta_yaw,odom_latest_age,odom_history_size,front_point_count,front_point_fraction,front_weak,longitudinal_prior_active,longitudinal_replacement_active,longitudinal_motion_loss,straight_longitudinal_mismatch,straight_longitudinal_mismatch_streak,motion_loss_prior_hold_count,longitudinal_blend_weight,longitudinal_prior_weight,ceres_occupied_space_weight_scale,ceres_rotation_weight,longitudinal_prior_target_delta,longitudinal_prior_wheel_delta_scale,trigger_scan_forward_delta,odom_prior_translation,odom_prior_yaw_rate,imu_yaw_rate,imu_delta_dt,imu_delta_yaw,imu_delta_yaw_rate,command_latest_age,command_speed,command_steering_angle,command_expected_delta
639155490391045765,nan,nan,0,0,211,0,0,1,1,0,0,-8.7806645659962655e-06,0,0,-8.7806645659962655e-06,nan,nan,nan,nan,nan,nan,nan,nan,nan,nan,nan,nan,nan,nan,nan,nan,nan,nan,1,nan,nan,nan,nan,nan,nan,nan,nan,nan,0.0195817,2,0,nan,0,0,0,0,0,0,0,0,0,1,nan,nan,nan,nan,nan,nan,0.0041612214408814907,nan,nan,nan,nan,nan,nan,nan
639155490391245495,nan,181.05580796974334,0.007100564641727489,0.0070675299945887025,210,0,0,0,0,0,0,-2.8912821309647987e-05,-0.0070621292249052354,-0.00073780013695444989,-0.0070964428158983503,-0.0070621078900699186,-0.00073800432272638436,-0.0070675299945887025,0,-0.35358347500412907,0.3548621714981402,-0.0070621227462574704,-0.0007378621471138525,0.007100564641727489,-0.0070876621513323544,0.019973000000000001,0,0,0,0,0,0,-2.0132156743651725e-05,1,0,0.019973000000000001,0,0,0,0,0,0,0,0.0195841,3,0,0,1,0,0,0,0,0,0,0,0,1,20,nan,1,-0.0070621015222561822,0,0.002879910270815847,-0.0028761518187820911,0.019973000000000001,-5.7520447839004919e-05,-0.002879910270815847,-0.0530155,0,0,0
639155490391545649,nan,178.58124208860946,0.0032500965436133497,0.0014201072974043298,212,0,0,0,0,-0.0070705317035424098,-0.0019218211748845198,-0.0070464644641712237,-0.0045654509977317587,0.00014885460856943545,-0.0084665717615755535,0.0024904276915271952,0.0020882761924807666,-0.0014201072974043298,0,0.082968186991172782,0.045647532455912736,0.0024903233198148478,0.00090434980543397899,0.0026494449999579384,-0.0013701289456772032,0.030015400000000001,-7.1150767569361228e-20,-0.0011840508519097685,-8.4024786371744015e-06,-0.0011840210379300701,-2.3704754082691295e-18,0.0011840508519097685,4.9978351727126592e-05,1,0,0.030015400000000001,0,0,0,0,0,0,0,0.0095790000000000007,5,0,0,1,0,0,0,0,0,0,0,0,1,20,nan,1,0.0024903878819140849,0,0.0047574008891747973,0.0047585740685462952,0.030015400000000001,0.00014279529064893721,0.0047574008891747973,-0.057313099999999999,-0.12599998712539673,0,-0.003781940013563633
639155490391745640,nan,181.93957558407766,0.00075943802513942806,0.0008314164624901102,213,0,0,0,0,-0.0045603301689939504,0.00075366922810078956,-0.0084884574501452297,-0.0049174643444412783,0.0014238940372172768,-0.0093198739126353399,-0.00036281041552098614,0.00066716918125552232,-0.0008314164624901102,0,-0.018140607026174822,0.042667027569229937,-0.00036279581397717284,0.0012720134190443476,0.001322739180968134,-0.00085330215105978643,0.019999099999999999,1.5585406229479126e-19,0.00060483629759284336,5.1208287378083639e-06,0.00060481461953135413,7.7930538021606613e-18,0.00060483629759284336,-2.1885688569676234e-05,1,0,0.019999099999999999,0,0,0,0,0,0,0,0.0096570000000000007,6,0,0,1,0,0,0,0,0,0,0,0,1,20,nan,1,-0.00036283558364205487,0,0.0031266676385692297,-0.0031267458107322454,0.019999099999999999,-6.2530538770509881e-05,-0.0031266676385692297,-0.037314,-0.12599998712539673,0,-0.0025198863425195217
639155490392044493,nan,181.70815648841452,0.0036044686009811581,0.0018978927298994664,213,0,0,0,0,-0.0048997536029667648,0.0033241588747316949,-0.0093049330087852759,-0.0054361582337055054,-0.00024017331623775849,-0.0074070402788858096,-0.00050321601580614482,-0.003569169026103311,0.0018978927298994664,0,-0.016836461040670048,0.064005836774251229,-0.00050316268913873656,-0.001668829175156514,0.0017430328475375601,0.0019128336337495304,0.0298853,7.453889935837843e-20,0.001900347369050531,1.7710741474513507e-05,0.0019002648375144181,2.4941660066446858e-18,0.001900347369050531,1.4940903850063983e-05,1,0,0.0298853,0,0,0,0,0,0,0,0.0195432,7,0,0,1,0,0,0,0,0,0,0,0,1,20,nan,1,-0.00050319830876161768,0,0.001428404490317034,0.0043452163226902485,0.0298853,4.2688296714471659e-05,0.001428404490317034,-0.0074286999999999999,-0.12599998712539673,0,-0.0037655474152386188
639155490392245918,nan,180.47452947893083,0.0031701903199186578,0.0013131645990786004,207,0,0,0,0,-0.0054444846291481332,-0.0013642718569198964,-0.0074232128560556094,-0.0084833888064878068,-0.00046140527460917461,-0.0087363774551342099,-0.0030455225589693111,0.00088028348122350998,-0.0013131645990786004,0,-0.15119812943370972,0.065996632803693694,-0.0030455083221184983,-0.0002437966427393416,0.0030552508478198653,-0.0013293371762484003,0.020142500000000001,3.1509625637859973e-19,-0.0011241293777963367,-8.3263954426277681e-06,-0.001124098540682138,1.5643353922234069e-17,0.0011241293777963367,-1.6172577169799862e-05,1,0,0.020142500000000001,0,0,0,0,0,0,0,0.019665999999999999,8,0,0,1,0,0,0,0,0,0,0,0,1,20,nan,1,-0.0030455026887056566,0,0.0022940232514473578,-0.0040043061599135399,0.020142500000000001,-4.6207363342278404e-05,-0.0022940232514473578,0.012713800000000001,-0.12599998712539673,0,-0.0025379547406733038
639155490392544515,nan,176.98244739707292,0.003534389134183814,0.00040015121505884883,211,0,0,0,0,-0.0084865986065280515,-0.0008288022185265261,-0.0087208343773368738,-0.0054471628423500189,0.00097500951978546032,-0.0091209855923957226,0.0030235896418554808,0.0018302492260620835,-0.00040015121505884883,0,0.10125892737650218,0.012880509089559266,0.0030235611937841421,0.0014628852567111453,0.0033588622429120583,-0.0003846081372615128,0.029859699999999999,-2.388632911257127e-19,-0.00036741096501888434,-3.2098000402446675e-06,-0.00036739694391735148,-7.9995207964484813e-18,0.00036741096501888439,1.5543077797336088e-05,1,0,0.029859699999999999,0,0,0,0,0,0,0,0.0094295999999999998,10,0,0,1,0,0,0,0,0,0,0,0,1,20,nan,1,0.0030235936755235691,0,0.0014872484889894985,0.004682447761297226,0.029859699999999999,4.4408793706679725e-05,0.0014872484889894985,-0.0573544,-0.12599998712539673,0,-0.0037623218155682088
639155490392745560,nan,182.48775414270037,0.00039587324700208489,0.00075529938139557416,210,0,0,0,0,-0.0054381720304740701,0.0019607102931450274,-0.0091472959229351117,-0.0058265382905990778,0.0018839817085856303,-0.0099025953043306858,-0.00038764816306787451,-8.027782609211773e-05,-0.00075529938139557416,0,-0.01928176652340733,0.038877351435497684,-0.00038765027506984268,0.00090547414926358985,0.00098496506067288834,-0.00078160971193496319,0.020104500000000001,-4.895850435129856e-19,0.00098574177617661999,8.9908118759488009e-06,0.00098570077335956709,-2.4352012908203914e-17,0.00098574177617661999,-2.6310330539389141e-05,1,0,0.020104500000000001,0,0,0,0,0,0,0,0.0095461000000000001,11,0,0,1,0,0,0,0,0,0,0,0,1,20,nan,1,-0.00038768430811624515,0,0.0037390819453198198,-0.0037589005660265684,0.020104500000000001,-7.5172372969682324e-05,-0.0037390819453198198,-0.037249900000000002,-0.12599998712539673,0,-0.0025331667411625388
639155490393045955,nan,180.45979750025177,0.0020533261915595081,0.00044927757627067667,206,0,0,0,0,-0.0058131454737254951,0.0032363927368441736,-0.0099535497229596877,-0.0046114859439389758,0.00157141140859526,-0.010402827299230364,0.0012181722049712954,-0.0016529382710735593,-0.00044927757627067667,0,0.040549542398551811,0.016652474072460545,0.0012180879788812971,-0.00030052299956104489,0.0012546124491492545,-0.00050023199489967855,0.0300395,-2.6596834543785031e-19,0.0013524773406231765,1.3392816873582757e-05,0.0013524110282585433,-8.8539538087468274e-18,0.0013524773406231765,-5.0954418629001873e-05,1,0,0.0300395,0,0,0,0,0,0,0,0.0196857,12,0,0,1,0,0,0,0,0,0,0,0,1,20,nan,1,0.0012181098513323308,0,0.0048464206536634148,-0.0072797122411429882,0.0300395,-0.00014558405322572215,-0.0048464206536634148,-0.039801000000000003,-0.12599998712539673,0,-0.003784976613253355
639155490393245256,nan,180.38495560778608,0.0030838537520829763,0.0027740193741971203,206,0,0,0,0,-0.0046135558781612686,0.0013724405429251837,-0.010449608141965216,-0.0074251561300659281,0.000105531711269999,-0.0076755887677680962,-0.0027982082880143723,-0.0012962192488633715,0.0027740193741971203,0,-0.14040415869370027,0.13684018301274295,-0.0027982689231813157,-0.0014950699772544953,0.0031726240248932864,0.0027272385314622682,0.019930099999999999,2.1218175328720223e-19,-0.00019898163235129062,-2.0699342222927838e-06,-0.00019897086567007634,1.0646296470524595e-17,0.00019898163235129059,-4.6780842734852127e-05,1,0,0.019930099999999999,0,0,0,0,0,0,0,0.019570799999999999,13,0,0,1,0,0,0,0,0,0,0,0,1,20,nan,1,-0.0027981690017418589,0,0.0067064164590744674,-0.004455645103007555,0.019930099999999999,-0.00013365955067100004,-0.0067064164590744674,-0.053240500000000003,-0.12599998712539673,0,-0.0025111923434078692
639155490393544538,nan,179.89002748728041,0.0010648514988832449,1.6412939762963132e-05,207,0,0,0,0,-0.0074423002790175649,-0.0021280184160791405,-0.0077231079493491252,-0.0067586583743292948,-0.0013115978989263145,-0.0077395208891120884,0.00067731627529681038,0.00082167595674447521,-1.6412939762963132e-05,0,0.022632678206543317,0.0021361833101887916,0.00067735531990106965,-0.0014119721530890202,0.0015660381829627028,-6.3932121343992184e-05,0.029928199999999999,-7.9959910220805952e-19,-0.0022336159233907324,-1.7144148951636802e-05,-0.0022335501273491394,-2.6717246683999022e-17,0.0022336159233907319,-4.7519181581029066e-05,1,0,0.029928199999999999,0,0,0,0,0,0,0,0.0091938999999999996,15,0,0,1,0,0,0,0,0,0,0,0,1,20,nan,1,0.00067745116942759243,0,0.0045364936825972842,-0.0067887939512729645,0.029928199999999999,-0.00013576909023150802,-0.0045364936825972842,-0.056342400000000001,-0.12599998712539673,0,-0.0037709528146862982
639155490393744690,nan,181.66772828202591,0.00098406925044901283,0.00056357279709927377,212,0,0,0,0,-0.0067659664306988949,-0.0022558308244198513,-0.0077809246247757934,-0.0075202320738285205,-0.0016237899797954438,-0.0072173518276765197,-0.00075916062312078928,0.00062615288706683854,0.00056357279709927377,0,-0.037927909658732994,0.026088625716234097,-0.00075913469740147268,-0.00031807688744627205,0.00082307860810880863,0.00052216906143556872,0.0200152,-1.6940658945086007e-21,-0.00094426120606217021,-7.3080563696001008e-06,-0.00094423292549353677,-8.4638969108907263e-20,0.00094426120606217021,-4.1403735663705053e-05,1,0,0.0200152,0,0,0,0,0,0,0,0.0093100000000000006,16,0,0,1,0,0,0,0,0,0,0,0,1,20,nan,1,-0.00075911588240018014,0,0.005910327531605206,-0.0039433706551790237,0.0200152,-0.00011829638761058452,-0.005910327531605206,-0.036327199999999997,-0.12599998712539673,0,-0.0025219149423122405
639155490394045530,nan,179.07566223232115,0.0054045305027884596,0.0014144934724832298,209,0,0,0,0,-0.0075236782719217661,-0.0021012695786345125,-0.0072012845276243015,-0.0041906766714296618,0.0021531458085471324,-0.0086157780001075313,0.0033022781877336156,0.0042783067592669964,-0.0014144934724832298,0,0.10976630256843992,0.046484050406562019,0.0033022094464689464,0.0038008677823041463,0.0050349958417963353,-0.0013984261724310117,0.030084,9.952637130238029e-20,-0.00047749203510510604,-3.446198093245631e-06,-0.00047747959883906867,3.3082825190260701e-18,0.00047749203510510604,1.6067300052218132e-05,1,0,0.030084,0,0,0,0,0,0,0,0.019499499999999999,17,0,0,1,0,0,0,0,0,0,0,0,1,20,nan,1,0.0033022966880035024,0,0.0015259464026648318,0.0047552166506648064,0.030084,4.5906571577768803e-05,0.0015259464026648318,-0.0062432,-0.12599998712539673,0,-0.0037905836126804352
639155490394245282,nan,178.95217734438995,0.0044549153084554169,0.0007285671587734157,208,0,0,0,0,-0.0041689068758538443,0.0046798191865914177,-0.0086316069114761966,-0.0069141560962162184,0.0011712757390037721,-0.0079030397527027809,-0.0027148629622792977,-0.0035321083649223592,0.0007285671587734157,0,-0.13591447752059743,0.035681157004923629,-0.0027149188713694377,-0.0010052982306673446,0.0028950663223319766,0.00071273824740475042,0.019975199999999999,-3.5575383784680614e-19,0.0025267671604873158,2.1769795575817506e-05,0.0025266733780442852,-1.7809776014598412e-17,0.0025267671604873158,-1.582891136866528e-05,1,0,0.019975199999999999,0,0,0,0,0,0,0,0.019257900000000001,18,0,0,1,0,0,0,0,0,0,0,0,1,20,nan,1,-0.0027148961381373337,0,0.002264080512501869,-0.0041598151437938213,0.019975199999999999,-4.5225461053327327e-05,-0.002264080512501869,-0.020102200000000001,-0.056000001728534698,0,-0.0011186112345278262
639155490394544953,nan,181.81210707534726,0.0031884305654951875,0.0030973389055443425,210,0,0,0,0,-0.0069260521052742679,-0.00033393766775199158,-0.0079062227141755703,-0.0067531837897759793,0.0028498032162523499,-0.011003561619719913,0.00014769181041198159,0.0031850081004796819,-0.0030973389055443425,0,0.0049288035268446927,0.10346419463401971,0.00014770194816930758,0.001679747216049533,0.0016862285062586167,-0.0031005218670171319,0.0299671,-2.1006417091906648e-19,-0.0015052604143166728,-1.1896009058049405e-05,-0.0015052134067557637,-7.0098264736683388e-18,0.0015052604143166728,-3.1829614727894168e-06,1,0,0.0299671,0,0,0,0,0,0,0,0.0092723000000000007,20,0,0,1,0,0,0,0,0,0,0,0,1,20,nan,1,0.00014769431020967679,0,0.00030347199550625331,-0.0074217692017555237,0.0299671,-9.0941756365354445e-06,-0.00030347199550625331,-0.056251599999999999,-0.056000001728534698,0,-0.0016781576517991721
639155490394745099,nan,178.245374792988,0.0025087332110070274,0.0027703624969616647,209,0,0,0,0,-0.0067408360649322593,0.0039719150304953505,-0.011043050802791561,-0.0055947372661115406,0.0017402788891516647,-0.0082726883058298964,0.0011706724871450201,-0.0022188438998386804,0.0027703624969616647,0,0.058486548114841365,0.13644406152958422,0.001170584865899304,-0.0010967103776047531,0.0016040706283136199,0.0027308733138900164,0.0200146,-6.2680438096818225e-20,0.0011221797494040493,1.2347724843719994e-05,0.0011221118142430006,-3.131735737752352e-18,0.0011221797494040491,-3.9489183071648309e-05,1,0,0.0200146,0,0,0,0,0,0,0,0.0094710999999999997,21,0,0,1,0,0,0,0,0,0,0,0,1,20,nan,1,0.0011706467328892957,0,0.0056371967137768949,-0.0037610626313835382,0.0200146,-0.00011282623734755904,-0.0056371967137768949,-0.036236999999999998,-0.056000001728534698,0,-0.0011208176345959306
639155490395044289,nan,181.73047909514983,0.00053813991600129508,0.00055365130786644116,216,0,0,0,0,-0.0056083390620318601,9.6135519344042178e-05,-0.0083185611355906363,-0.0061395370871453869,9.977366454313193e-06,-0.0088722124434570775,-0.00053046294258075324,-9.0573924185990149e-05,-0.00055365130786644116,0,-0.017730107854701894,0.020038241172070627,-0.00053046709690482603,-0.0017347492220919569,0.0018140425034842166,-0.00059952413762718107,0.029919000000000001,-2.8460307027744491e-19,-0.001644199631837516,-1.3601795920319473e-05,-0.0016441433698076225,-9.5124526313528165e-18,0.001644199631837516,-4.5872829760739905e-05,1,0,0.029919000000000001,0,0,0,0,0,0,0,0.019496599999999999,22,0,0,1,0,0,0,0,0,0,0,0,1,20,nan,1,-0.00053035341311479477,0,0.004380668735179183,-0.0065535563044250011,0.029919000000000001,-0.00013106522788782599,-0.004380668735179183,-0.040273700000000003,0,0,0
639155490395244942,nan,180.24314006515647,0.0018742634648644175,0.0024588175154073091,207,0,0,0,0,-0.0061498609220921718,-0.0011536065904181271,-0.008913075655248414,-0.0067478529181275292,0.00062270112740646778,-0.011371893170655723,-0.00061380039852675691,0.0017709072834267655,-0.0024588175154073091,0,-0.030586536610712468,0.12457729150317441,-0.00061372803305492893,0.00060730260900260864,0.0008634110014696636,-0.0024996807271986457,0.020065300000000001,-5.7598240413292423e-20,-0.0011636297548013,-1.0323834946784904e-05,-0.0011635839568724404,-2.8705397085163154e-18,0.0011636297548013,-4.0863211791336562e-05,1,0,0.020065300000000001,0,0,0,0,0,0,0,0.019433499999999999,23,0,0,1,0,0,0,0,0,0,0,0,1,20,nan,1,-0.00061376348391652309,0,0.0058186039426036456,-0.0038919290527701378,0.020065300000000001,-0.00011675203368952493,-0.0058186039426036456,-0.053283499999999998,0,0,0
639155490395544484,nan,184.0279644975362,0.0025209435716791306,0.0023248057714184717,214,0,0,0,0,-0.0067375694218591419,0.0015269527610755707,-0.011418594399014995,-0.0042174894653366915,0.0014609716704197205,-0.0090937886275965236,0.0025206690638195695,-3.7201643690912528e-05,0.0023248057714184717,0,0.084150714213977268,0.076052925568340993,0.0025206673237083178,0.00086699074371786138,0.002665602503469582,0.0022781045430591996,0.0299542,4.87890977618477e-19,0.00090431010570973022,1.0283496268387315e-05,0.00090425163366910288,1.6287898779419145e-17,0.00090431010570973022,-4.6701228359272151e-05,1,0,0.0299542,0,0,0,0,0,0,0,0.0095174999999999999,25,0,0,1,0,0,0,0,0,0,0,0,1,20,nan,1,0.002520609475908995,0,0.0044545366267999377,-0.0066719376482069492,0.0299542,-0.0001334320810264907,-0.0044545366267999377,-0.056333899999999999,0,0,0
639155490395744213,nan,184.25720002824713,0.0015237748432723331,0.0025917991294191946,205,0,0,0,0,-0.0042122673126202669,0.0020352107447344091,-0.0091325434281506034,-0.0052069941917705928,0.0031895106229660047,-0.011724342557569798,-0.001005226944894114,0.0011451674821826151,-0.0025917991294191946,0,-0.050327321690984257,0.1317061583432188,-0.0010051825634018593,0.0017194692577471987,0.001991724507582521,-0.0026305539299732745,0.019972899999999998,6.4374503991326826e-20,0.0005742628190548157,5.2221527164246148e-06,0.00057423907431468856,3.2230924898901428e-18,0.0005742628190548158,-3.8754800554079843e-05,1,0,0.019972899999999998,0,0,0,0,0,0,0,0.0093162000000000002,26,0,0,1,0,0,0,0,0,0,0,0,1,20,nan,1,-0.0010052777585586286,0,0.0055439120800228467,-0.0036911056376993656,0.019972899999999998,-0.0001107280015830883,-0.0055439120800228467,-0.036360999999999997,0,0,0
639155490396044487,nan,180.45126358282943,0.0050813078948439465,0.0038519260554640156,212,0,0,0,0,-0.0051767334413616306,0.0057704113172256872,-0.011709248055790267,-0.0070533547374639844,0.0010483373625720187,-0.0078573220003262511,-0.0018212019772917522,-0.0047437235670000875,0.0038519260554640156,0,-0.060648953054225699,0.12878306337690068,-0.0018211303729404567,-0.0021626729666024778,0.002827307941438182,0.0038670205572435474,0.030027399999999999,-4.5400965972830498e-19,0.0025810780899936801,3.0260750408962235e-05,0.0025809006942596824,-1.5119845865053418e-17,0.0025810780899936801,1.5094501779531339e-05,1,0,0.030027399999999999,0,0,0,0,0,0,0,0.019496099999999999,27,0,0,1,0,0,0,0,0,0,0,0,1,20,nan,1,-0.0018211770074755417,0,0.0014362598140872762,0.004386252723634243,0.030027399999999999,4.3127147941524275e-05,0.0014362598140872762,-0.0063336,0,0,0
639155490396244138,nan,179.39346004461359,0.0010617933884896188,0.00059558259774815034,208,0,0,0,0,-0.0070646162035262671,-0.00038487796311279681,-0.0078733193473521767,-0.0061849254900524456,0.00020972227946046827,-0.008468901945100327,0.00087498201874442101,0.00060150782764167279,-0.00059558259774815034,0,0.043826058530231138,0.030632450865464025,0.00087499164116191771,-0.00083176573822124828,0.0012072467085819552,-0.00061157994477407582,0.0199651,-8.4703294725430034e-21,-0.001433259568394959,-1.1261466062282774e-05,-0.0014332153256848155,-4.2425680174619732e-19,0.001433259568394959,-1.599734702592559e-05,1,0,0.0199651,0,0,0,0,0,0,0,0.019388900000000001,28,0,0,1,0,0,0,0,0,0,0,0,1,20,nan,1,0.00087501064956936343,0,0.002289330170565344,-0.0038002461660653353,0.0199651,-4.5706705788354151e-05,-0.002289330170565344,0.0136315,0,0,0
639155490396544227,nan,181.53161105839598,0.0026751626346158495,5.9582779706706175e-05,209,0,0,0,0,-0.0061955063738899771,-0.0010396286922635615,-0.0084542356419746757,-0.0070914361652284867,0.0014810467986786876,-0.0083946528622679695,-0.00091720790436285627,0.0025130110986263297,5.9582779706706175e-05,0,-0.03056575752016033,0.0024742354045752253,-0.00091724476084673935,0.0012636018700812239,0.0015614184696530135,7.4249082832357483e-05,0.030008900000000002,2.3716922523120409e-19,-0.0012493957762256765,-1.0580883837531425e-05,-0.0012493509717240298,7.9032961965018409e-18,0.0012493957762256765,1.46663031256513e-05,1,0,0.030008900000000002,0,0,0,0,0,0,0,0.0094821999999999997,30,0,0,1,0,0,0,0,0,0,0,0,1,20,nan,1,-0.0009172182858339054,0,0.0013963765155054065,0.0041193468496203423,0.030008900000000002,4.1903723216150197e-05,0.0013963765155054065,-0.056336400000000002,0,0,0
639155490396743911,nan,180.03127492206363,0.00058277455929208269,0.0021506463986063536,209,0,0,0,0,-0.0070843774689124499,0.0023218832956522903,-0.0084276042957294999,-0.0065193434735527885,0.0021791851140031205,-0.010578250694335854,0.00056621651941890473,-0.00013793128758632814,-0.0021506463986063536,0,0.028355400236266409,0.10935266882013001,0.00056621197407786216,0.00070291617964280296,0.00090260021891908635,-0.002183597832067884,0.019968400000000001,-1.9312351197398048e-19,0.00084086612480020935,7.0586963160368388e-06,0.00084083649697360265,-9.6714564999689742e-18,0.00084086612480020946,-3.2951433461530378e-05,1,0,0.019968400000000001,0,0,0,0,0,0,0,0.0095878000000000005,31,0,0,1,0,0,0,0,0,0,0,0,1,20,nan,1,0.00056617888474236127,0,0.004714797016647689,-0.0047075594775378704,0.019968400000000001,-9.4146952747227713e-05,-0.004714797016647689,-0.036367999999999998,0,0,0
639155490397043963,nan,183.57666730505665,0.0018222275832842753,2.1722673939570874e-05,210,0,0,0,0,-0.0065081510344152877,0.0032372070858858589,-0.01062458726341412,-0.0047295207807571829,0.0028409902436717037,-0.010602864589474549,0.0017827394282787777,-0.00037729762276259769,2.1722673939570874e-05,0,0.059413766403409528,0.00082032098231958205,0.0017827219436875835,0.00068070094226211231,0.0019082587092167989,-2.4613895138695524e-05,0.030005199999999999,-3.8285889215894375e-19,0.0010580811706483039,1.1192439137500815e-05,0.0010580219718827385,-1.2759751381725293e-17,0.0010580811706483039,-4.6336569078266401e-05,1,0,0.030005199999999999,0,0,0,0,0,0,0,0.0194696,32,0,0,1,0,0,0,0,0,0,0,0,1,20,nan,1,0.0017826768807158119,0,0.0044122417903055492,-0.0066198408603668213,0.030005199999999999,-0.00013239019736647605,-0.0044122417903055492,-0.039973000000000002,0,0,0
639155490397243944,nan,184.34103246878456,0.0052958730838075325,0.0017258496102491377,212,0,0,0,0,-0.0047247102650835905,0.0032946728654205852,-0.010643574823116978,-0.0089034786794589243,4.1341302419948739e-05,-0.008917725212867841,-0.0041439052951618201,-0.0032976234813160421,0.0017258496102491377,0,-0.20722166299549843,0.084264974002865672,-0.0041440395387502774,-0.0028437466546197675,0.0050259286439808051,0.0016851393766067081,0.019998100000000001,2.3716922523120409e-19,0.0004537081246109492,4.8105156735924262e-06,0.0004536826217488815,1.1859587922412833e-17,0.00045370812461094915,-4.071023364242942e-05,1,0,0.019998100000000001,0,0,0,0,0,0,0,0.0045729999999999998,34,0,0,1,0,0,0,0,0,0,0,0,1,20,nan,1,-0.0041438741466125802,0,0.0058163002117242023,-0.0038773589767515659,0.019998100000000001,-0.00011631495326408178,-0.0058163002117242023,-0.053399299999999997,0,0,0
639155490397507381,nan,179.46711594929468,0.0046910589746783438,0.0014411911120201949,206,0,0,0,0,-0.0089368028124419303,-0.0036954019596254989,-0.0089575731666015502,-0.0055940752687054021,-0.00040417014277403449,-0.010398764278621745,0.0033131123819980261,0.0033210421027384759,-0.0014411911120201949,0,0.12576990764773632,0.056219857717553112,0.0033132447160996717,-0.00041598177140769434,0.0033392561122061117,-0.001481039065753904,0.026343700000000001,8.8091426514447235e-19,-0.0037368918507606186,-3.3324132983006058e-05,-0.0037367432620454477,3.3439276378962422e-17,0.0037368918507606186,-3.9847953733709168e-05,1,0,0.026343700000000001,0,0,0,0,0,0,0,0.0060375999999999997,35,0,0,1,0,0,0,0,0,0,0,0,1,20,nan,1,0.0033132683907632983,0,0.0043217655979237886,-0.0056928209960460663,0.026343700000000001,-0.00011385129638202492,-0.0043217655979237886,-0.060047799999999998,0,0,0
639155490397744061,nan,184.33094441104714,0.00099500466549298783,0.0028383616412537382,214,0,0,0,0,-0.0055979156910833765,-0.00077347209509787769,-0.01044300106708902,-0.0063113243981842773,-7.9871128413550133e-05,-0.0076046394258352818,-0.00072061295058951209,0.00068611315378404607,0.0028383616412537382,0,-0.030445436810968025,0.11805496251421595,-0.00072058259844199127,0.00031682311038807405,0.0007871570138500869,0.0027941248527864632,0.023668000000000002,6.4374503991326826e-19,-0.00036932192032729846,-3.8404223779743563e-06,-0.0003693019523238432,2.7198962308317908e-17,0.00036932192032729851,-4.4236788467275426e-05,1,0,0.023668000000000002,0,0,0,0,0,0,0,0.0094154000000000009,36,0,0,1,0,0,0,0,0,0,0,0,1,20,nan,1,-0.00072060261877011954,0,0.0053401565063462691,-0.0042132381349802017,0.023668000000000002,-0.00012639082419220351,-0.0053401565063462691,-0.036379799999999997,0,0,0
639155490398044135,nan,186.69418214791531,0.00065894308671517914,0.0018634429446918437,215,0,0,0,0,-0.0063082503717079548,0.00032435148444473374,-0.0075926474836220739,-0.0057035944406951134,6.2440819101143607e-05,-0.0094560904283139176,0.00060662707865226948,-0.00025731222080488403,-0.0018634429446918437,0,0.020216018858079454,0.061699814128469498,0.00060663016428193336,0.00014692935519657177,0.00062417016240381594,-0.0018514510024786356,0.0300074,-8.5973844146311484e-20,0.00040423430134608215,3.074026476322482e-06,0.00040422261285828385,-2.8650880831498725e-18,0.00040423430134608215,1.1991942213207887e-05,1,0,0.0300074,0,0,0,0,0,0,0,0.0045617000000000001,38,0,0,1,0,0,0,0,0,0,0,0,1,20,nan,1,0.00060663268129053979,0,0.0011418080885960528,0.0035223336890339851,0.0300074,3.4262692037737193e-05,0.0011418080885960528,-0.0063724000000000003,0,0,0
639155490398244840,nan,183.44638215654322,0.0015188154662106575,0.0023202771217685405,205,0,0,0,0,-0.0057026580653351724,0.00016146138763095517,-0.0094735762214167296,-0.0050387361320139261,0.0015274804529648457,-0.01179385334318527,0.00065095124833458335,0.0013722473875698742,-0.0023202771217685405,0,0.03243443078493171,0.11647756233633202,0.00065097524306897199,0.0014712610007490824,0.0016088435907240636,-0.002337762914871352,0.020070500000000002,1.6538318295140214e-19,9.9024995787840416e-05,9.3637535994103849e-07,9.9020568529811564e-05,8.240112750125912e-18,9.9024995787840416e-05,-1.7485793102811967e-05,1,0,0.020070500000000002,0,0,0,0,0,0,0,0.0246322,38,0,0,1,0,0,0,0,0,0,0,0,1,20,nan,1,0.0006509384912009343,0,0.002489196027262575,-0.0049280817620456219,0.020070500000000002,-4.9959408865173516e-05,-0.002489196027262575,0.0136981,0,0,0
639155490398544450,nan,183.90551146602678,0.0035264946367226475,0.0018056111773376692,214,0,0,0,0,-0.0050128073991596205,0.0037258739638220979,-0.011777407711682557,-0.0064069431382132187,0.00048665338412594593,-0.0099717965343448876,-0.0013558903122439531,-0.0032554148558972622,0.0018056111773376692,0,-0.045253388562047026,0.060814285532538384,-0.0013558367747074911,-0.0010568907414635607,0.0017191019164204916,0.0018220568088403825,0.029961000000000002,-2.608861477543245e-19,0.0021985464124659061,2.5928732854305601e-05,0.0021983935108572522,-8.7075247072635921e-18,0.0021985464124659061,1.6445631502713318e-05,1,0,0.029961000000000002,0,0,0,0,0,0,0,0.0096953000000000004,40,0,0,1,0,0,0,0,0,0,0,0,1,20,nan,1,-0.0013558616046699824,0,0.001568289395520404,0.0044234693050384521,0.029961000000000002,4.6987518579186824e-05,0.001568289395520404,-0.0562929,0,0,0
639155490398744524,nan,177.72009665250283,0.0019117520350569004,0.00028507705287002597,208,0,0,0,0,-0.0064139643748464268,-0.00021743277372485566,-0.0099965888288008394,-0.0054948651806753859,0.0014588883514830633,-0.010281665881670865,0.0009022960570063762,0.0016854250707328839,-0.00028507705287002597,0,0.045100205038321163,0.015487736903644541,0.00090233784228370688,0.00098128153491292371,0.00133308928147303,-0.00030986934732597782,0.020007400000000002,-4.6586812098986519e-19,-0.00070412116531245051,-7.0212366332081041e-06,-0.00070408615785080158,-2.3284790676942789e-17,0.00070412116531245062,-2.4792294455951852e-05,1,0,0.020007400000000002,0,0,0,0,0,0,0,0.0096342000000000007,41,0,0,1,0,0,0,0,0,0,0,0,1,20,nan,1,0.00090230308711668368,0,0.0035404463856870457,-0.0035418448969721794,0.020007400000000002,-7.0835127016995007e-05,-0.0035404463856870457,-0.036285499999999998,0,0,0
639155490399044511,nan,178.5044584935477,0.00052935999775171997,0.00029844112896770282,210,0,0,0,0,-0.0054797335772300863,0.0029305438609142972,-0.010325640724109153,-0.0055179507802837688,0.0024025652130406786,-0.010027199595141451,-3.2763544782068786e-05,-0.00052834511197986326,0.00029844112896770282,0,-0.0010929399821803831,0.0084825771293227659,-3.2786778643434656e-05,0.00094338962846466344,0.00094395919612476321,0.00025446628652941485,0.0299987,1.4399560103323106e-19,0.0014717332991619541,1.5131603445299631e-05,0.0014716555094312338,4.8000613704337539e-18,0.0014717332991619541,-4.3974842438287975e-05,1,0,0.0299987,0,0,0,0,0,0,0,0.0197704,42,0,0,1,0,0,0,0,0,0,0,0,1,20,nan,1,-3.2846043450512885e-05,0,0.004188261723559265,-0.0062822774052619934,0.0299987,-0.00012564240696653732,-0.004188261723559265,-0.039741600000000002,0,0,0
639155490399244582,nan,178.61243390192979,0.0033740370123032173,0.0012099269815671364,218,0,0,0,0,-0.0055116419475346136,0.0030317160789344001,-0.010072312681131627,-0.00794722515842077,0.00069675137186889441,-0.0088623856995644901,-0.0024119415681999753,-0.0023593778061135238,0.0012099269815671364,0,-0.12055960156941334,0.058220026669380406,-0.0024120480045594097,-0.0017300864974639624,0.0029683623203723211,0.0011648138955769607,0.0200071,1.1011428314305904e-19,0.00062918249612133709,6.3088327491552312e-06,0.0006291508658937215,5.5037603222385574e-18,0.00062918249612133709,-4.5113085990176188e-05,1,0,0.0200071,0,0,0,0,0,0,0,0.0195532,43,0,0,1,0,0,0,0,0,0,0,0,1,20,nan,1,-0.0024119365002061399,0,0.006442439504001158,-0.004296598955988884,0.0200071,-0.00012889453140050157,-0.006442439504001158,-0.053356199999999999,0,0,0
639155490399544722,nan,180.71955185427029,0.0022646633774101436,0.00064301765488525633,209,0,0,0,0,-0.0079701890966480289,-0.001894349691916041,-0.0089098567065968113,-0.0073363166483217746,0.00027979518187585975,-0.0095528743614820676,0.00061447622535190519,0.0021797062144839597,-0.00064301765488525633,0,0.020476434247635813,0.023005552805943148,0.00061457969750854124,-0.00041152577986706002,0.00073963617548419174,-0.00069048866191757756,0.030013999999999999,-1.1689054672109345e-18,-0.0025912028220898358,-2.2963938227258882e-05,-0.0025911010637849354,-3.8945341081193261e-17,0.0025912028220898358,-4.7471007032321225e-05,1,0,0.030013999999999999,0,0,0,0,0,0,0,0.0097151000000000008,45,0,0,1,0,0,0,0,0,0,0,0,1,20,nan,1,0.00061460760401414532,0,0.0045189394503821973,-0.0067817419767379761,0.030013999999999999,-0.00013563144866377127,-0.0045189394503821973,-0.0233422,0,0,0
639155490399744773,nan,179.32260003646047,0.0023838102688765062,2.5078127069493375e-05,207,0,0,0,0,-0.0073389341874460761,5.7981207303716103e-06,-0.0095519450516495259,-0.0056243507455755338,0.0016619246312555929,-0.0095770231787190192,0.0016986862345936599,0.0016724283166710298,-2.5078127069493375e-05,0,0.084912581311208019,0.001207133042921635,0.0016986846803888477,0.0013984203315243649,0.0022002520462457197,-2.41488172369516e-05,0.020005100000000001,1.6517142471458857e-19,-0.00027400956375176329,-2.6175391243015225e-06,-0.00027399706114548814,8.2564658369410076e-18,0.00027400956375176329,9.2930983254177479e-07,1,0,0.020005100000000001,0,0,0,0,0,0,0,0.0095665000000000004,46,0,0,1,0,0,0,0,0,0,0,0,1,20,nan,1,0.0016986865369098708,0,0.00013272470270690766,0.00013276186655275524,0.020005100000000001,2.6551709501219586e-06,0.00013272470270690766,-0.036418800000000001,0,0,0
639155490400044741,nan,184.07388337436052,0.0033797136791953015,0.00024430853361428334,206,0,0,0,0,-0.0056042686712885169,0.0037587620239155472,-0.0095326906824290559,-0.0059787707646217518,0.00039986149912639142,-0.0092883821488147725,-0.00034246620275592385,-0.0033623178691655226,0.00024430853361428334,0,-0.011411788673291019,0.0096223940521737873,-0.00034231714247497607,-0.0012653994916026555,0.0013108840144652357,0.00028864102990424668,0.029996800000000001,-2.9476746564449652e-19,0.0020969335566404256,2.0082074287016902e-05,0.0020968373926599543,-9.8266303620551702e-18,0.0020969335566404256,4.4332496289963344e-05,1,0,0.029996800000000001,0,0,0,0,0,0,0,0.019582700000000001,47,0,0,1,0,0,0,0,0,0,0,0,1,20,nan,1,-0.00034239728224307926,0,0.0042225929137171868,0.0063333720900118351,0.029996800000000001,0.0001266642751141917,0.0042225929137171868,-0.039870099999999999,0,0,0
639155490400245464,nan,180.26294995619511,0.0017137872335198144,0.00097178008546552376,211,0,0,0,0,-0.0059866348780186884,-0.00044677541926887185,-0.0093033838369152907,-0.0059634667723137387,0.001266855206231718,-0.010275163922380814,7.224769592822616e-06,0.0017137720048127259,-0.00097178008546552376,0,0.00036121814964404727,0.049161370324578742,7.25047906510021e-06,0.00086709845513305295,0.00086712876802744849,-0.00098678177356604189,0.020072300000000001,-7.1150767569361228e-20,-0.00084667344110308997,-7.8641133969365937e-06,-0.00084663691839526327,-3.5447242004833137e-18,0.00084667344110308997,-1.5001688100518135e-05,1,0,0.020072300000000001,0,0,0,0,0,0,0,0.0195252,48,0,0,1,0,0,0,0,0,0,0,0,1,20,nan,1,7.231896291184684e-06,0,0.0021353789053314073,-0.0047617894597351551,0.020072300000000001,-4.2861966001483606e-05,-0.0021353789053314073,-0.053366799999999999,0,0,0
639155490400482319,nan,182.35679732084964,0.0013135618004396555,0.00047640352716562216,212,0,0,0,0,-0.0059529534901817654,0.0022899933493181366,-0.010324799249409416,-0.004643502340247057,0.002393831153170775,-0.010801202776575038,0.0013083092704083477,0.00011735184931583426,-0.00047640352716562216,0,0.055236963272641285,0.022209320225210504,0.0013083150935941452,0.001140479067223088,0.0017356211818540075,-0.00052603885419422343,0.023685500000000002,6.7762635780344027e-20,0.0010231921564102762,1.0513282131973355e-05,0.0010231381430864186,2.8609333043568438e-18,0.0010231921564102762,-4.9635327028601385e-05,1,0,0.023685500000000002,0,0,0,0,0,0,0,0.0030639999999999999,50,0,0,1,0,0,0,0,0,0,0,0,1,20,nan,1,0.0013082342216602229,0,0.0059874277546056792,-0.0070909382775425911,0.023685500000000002,-0.00014181522008171283,-0.0059874277546056792,-0.062455499999999997,0,0,0
639155490400744591,nan,180.28758962015092,0.0031871781570492683,0.00039735025394169524,207,0,0,0,0,-0.0046298539226800597,0.0036573836552857356,-0.010844656696770968,-0.006632123594795019,0.0011776617424695782,-0.011242006950712664,-0.0019752607274822137,-0.0025012896000340314,-0.00039735025394169524,0,-0.07531758695003507,0.016807138167155691,-0.0019753694164559598,-0.0012375775523560722,0.0023310260679720437,-0.0004408041741376257,0.026227199999999999,-1.7618285302889447e-19,0.0012636262124944466,1.3648417566997258e-05,0.0012635525021149605,-6.7175624172193172e-18,0.0012636262124944466,-4.3453920195930459e-05,1,0,0.026227199999999999,0,0,0,0,0,0,0,0.0093793999999999995,51,0,0,1,0,0,0,0,0,0,0,0,1,20,nan,1,-0.0019752925875124862,0,0.0047337900234357905,-0.00413856515660882,0.026227199999999999,-0.00012415405770265517,-0.0047337900234357905,-0.036228299999999998,0,0,0
639155490401044738,nan,179.63554682730151,0.00051725004073914407,0.0019242312377560653,202,0,0,0,0,-0.0066480564871049643,-0.00023954260191926414,-0.011290755367899148,-0.0068134040388144199,0.00025056737735919856,-0.0093665241301430831,-0.00017087060677898808,0.00048821188062523279,0.0019242312377560653,0,-0.0056921044361441537,0.062485476135679535,-0.00017084680701953591,-0.00092907369445836678,0.00094465155544427555,0.0018754828205695805,0.030014699999999998,3.2526065174565133e-19,-0.0014172939041751252,-1.5932892309945303e-05,-0.0014172043443888423,1.0836711736104354e-17,0.0014172939041751252,-4.8748417186484511e-05,1,0,0.030014699999999998,0,0,0,0,0,0,0,0.0196332,52,0,0,1,0,0,0,0,0,0,0,0,1,20,nan,1,-0.00017078210535950865,0,0.004640432586744965,-0.0069642337039113045,0.030014699999999998,-0.00013928119196137409,-0.004640432586744965,-0.039675200000000001,0,0,0
639155490401244542,nan,180.58822789165887,0.000697915390702352,0.0014912001074324464,209,0,0,0,0,-0.0068191948828914368,-0.00036766353184039313,-0.0094168097664400329,-0.0061292497045615886,-0.00026248965923597459,-0.010908009873872479,0.00068892419994772173,0.00011166619589476476,-0.0014912001074324464,0,0.034480281389882621,0.077149894082670825,0.00068892981428241072,-0.00050662647667641572,0.00085515769064936533,-0.0015414857437293962,0.019980399999999999,3.1848438816761693e-19,-0.00061825802943825815,-5.7908440770169239e-06,-0.00061823090919959169,1.5939840452023829e-17,0.00061825802943825815,-5.0285636296949765e-05,1,0,0.019980399999999999,0,0,0,0,0,0,0,0.019505399999999999,53,0,0,1,0,0,0,0,0,0,0,0,1,20,nan,1,0.00068896620684011757,0,0.0071907092231744017,-0.0047891880385577679,0.019980399999999999,-0.0001436732465627138,-0.0071907092231744017,-0.053415700000000003,0,0,0
639155490401544186,nan,181.85234778647757,0.0023109050520975856,0.0018206253800895165,212,0,0,0,0,-0.0061375198733372239,-0.001020633524236329,-0.010954226730881743,-0.0046305547980013571,0.00073131922099628987,-0.0091336013507922267,0.0014876837582547709,0.0017683549403994393,0.0018206253800895165,0,0.049651102123630685,0.059217221872630614,0.0014877654844733192,0.0010100972114544019,0.0017982609692083315,0.0017744085230802526,0.029964399999999999,-2.1175823681357508e-19,-0.00075818897098893045,-8.2701687756352865e-06,-0.00075814386500035441,-7.0669940600704538e-18,0.00075818897098893035,-4.6216857009263868e-05,1,0,0.029964399999999999,0,0,0,0,0,0,0,0.0096483999999999997,55,0,0,1,0,0,0,0,0,0,0,0,1,20,nan,1,0.0014876987904900959,0,0.0044068348735036697,-0.0066025732085108757,0.029964399999999999,-0.00013204816288361334,-0.0044068348735036697,-0.0564331,0,0,0
639155490401744232,nan,179.78893074486038,0.0013811742712671307,0.00029841981638221299,211,0,0,0,0,-0.004624411716652347,0.0014038809289185282,-0.0091750733226318697,-0.0060050249960453212,0.0014432425901394037,-0.0094734931390140827,-0.0013809163094882964,2.6692954117388634e-05,-0.00029841981638221299,0,-0.069029883191431926,0.0169906815543353,-0.0013809152012913193,0.00069933998576204078,0.0015479028421845785,-0.00033989178822185599,0.020004600000000001,2.1938153333886379e-19,0.0006725897623453235,6.1430813490101141e-06,0.00067256170792223831,1.0966554359440517e-17,0.0006725897623453235,-4.1471971839643004e-05,1,0,0.020004600000000001,0,0,0,0,0,0,0,0.0093746999999999997,56,0,0,1,0,0,0,0,0,0,0,0,1,20,nan,1,-0.0013809566317366055,0,0.0059232050684972061,-0.0039498037658631802,0.020004600000000001,-0.00011849134811325922,-0.0059232050684972061,-0.036428500000000003,0,0,0
639155490402043657,nan,177.93834447094559,0.0014841552371665163,0.00039603600895249218,208,0,0,0,0,-0.0059951153396541439,0.0024892516798993569,-0.0094630499167258353,-0.0063777962851612651,0.0010552809472989409,-0.0090670139077733431,-0.00036909427713110077,-0.0014375278023738771,0.00039603600895249218,0,-0.012326267502332408,0.013575327084937451,-0.00036907926468858813,-0.00039147562718713986,0.00053802664460473834,0.00040647923124073962,0.0299425,2.3039296165316969e-19,0.0010460560296419294,9.9096563911773086e-06,0.0010460090897599532,7.6945132054160378e-18,0.0010460560296419296,1.0443222288247442e-05,1,0,0.0299425,0,0,0,0,0,0,0,0.019381300000000001,57,0,0,1,0,0,0,0,0,0,0,0,1,20,nan,1,-0.00036908510502893597,0,0.0009965025621248558,0.0032520045060664415,0.0299425,2.9837777966423493e-05,0.0009965025621248558,-0.0064859999999999996,0,0,0
639155490402243992,nan,181.05053401072828,0.00035989423317182422,0.0007729965047601605,210,0,0,0,0,-0.0063801702010756033,0.00079346918828631491,-0.0090831508318430683,-0.0066459739653595166,0.0010361051665806257,-0.0098561473366032288,-0.00026799666835497504,0.00024021166670453145,-0.0007729965047601605,0,-0.013377232737297814,0.039390692032340115,-0.00026799279204265574,-2.160652993551884e-05,0.00026886237877894444,-0.00078913342882988569,0.020033499999999999,-3.8116482626443515e-21,-0.00026182252125066268,-2.3739159143382552e-06,-0.000261811759012626,-1.9026372139887448e-19,0.00026182252125066268,-1.6136924069725181e-05,1,0,0.020033499999999999,0,0,0,0,0,0,0,0.019319699999999999,58,0,0,1,0,0,0,0,0,0,0,0,1,20,nan,1,-0.00026799229388154187,0,0.002301419988622478,-0.0049504362978041172,0.020033499999999999,-4.6105497342068414e-05,-0.002301419988622478,-0.0198868,0,0,0
639155490402544442,nan,178.41653796886422,0.0010754475306025899,0.00082977695928346078,210,0,0,0,0,-0.0066462964659955871,0.0010033854656643188,-0.0098573457699545741,-0.0058728641154434441,0.0017506403018471269,-0.0090275688106711133,0.00076602894469216822,0.00075484239876480919,0.00082977695928346078,0,0.025496084184387542,0.027577917321754554,0.00076602984931992363,0.00072212019049356627,0.0010527389512920901,0.00082857852593211552,0.030044999999999999,-1.6792428179316504e-19,-3.2721290236065508e-05,-3.2250063607044271e-07,-3.271970091630683e-05,-5.5890924211404576e-18,3.2721290236065508e-05,-1.1984333513452572e-06,1,0,0.030044999999999999,0,0,0,0,0,0,0,0.0094196000000000002,60,0,0,1,0,0,0,0,0,0,0,0,1,20,nan,1,0.0007660286130146296,0,0.00011396556130966738,-0.0069581898860633373,0.030044999999999999,-3.4240952895489563e-06,-0.00011396556130966738,-0.057225999999999999,0,0,0
639155490402744219,nan,179.06111195078185,0.0014990783049065846,0.00055869303199311722,208,0,0,0,0,-0.0058685333403532903,0.0022303549993418497,-0.0090742606306099208,-0.0066040535925496599,0.00092412158878668084,-0.0096329536626030381,-0.00072363703048007751,-0.0013128538427256762,-0.00055869303199311722,0,-0.036225307679386295,0.030303030475576507,-0.00072369832922647567,-0.00083308580755211818,0.0011035267257615273,-0.00060538485193192479,0.019977700000000001,1.9989977555201488e-19,0.0004797342458125487,4.3307750901538239e-06,0.00047971469749472279,1.0006145629978169e-17,0.0004797342458125487,-4.6691819938807569e-05,1,0,0.019977700000000001,0,0,0,0,0,0,0,0.0093500000000000007,61,0,0,1,0,0,0,0,0,0,0,0,1,20,nan,1,-0.00072364275862725025,0,0.006677705633038749,-0.0044469437561929226,0.019977700000000001,-0.00013340519982515823,-0.006677705633038749,-0.037248299999999998,0,0,0
639155490403044688,nan,178.83888475861522,0.00064377879358799102,0.00077914658280906456,207,0,0,0,0,-0.0066161296432797091,-0.00032945832275057098,-0.0096803190309597692,-0.0070989053982528829,9.6427466497780458e-05,-0.010459465613768834,-0.00048687578095751323,0.00042119248448971725,-0.00077914658280906456,0,-0.016203196684988999,0.027507395144450698,-0.00048685583047419594,-0.00083242253093763303,0.00096434219532245578,-0.00082651195116579569,0.030046900000000001,2.422514229147299e-19,-0.0012536380760055825,-1.2076050730049255e-05,-0.0012535799115372518,8.0624431443752892e-18,0.0012536380760055825,-4.7365368356731129e-05,1,0,0.030046900000000001,0,0,0,0,0,0,0,0.019676800000000001,62,0,0,1,0,0,0,0,0,0,0,0,1,20,nan,1,-0.00048679950364568868,0,0.0045039462931740857,-0.0067666503600776196,0.030046900000000001,-0.00013532962387637244,-0.0045039462931740857,-0.040183099999999999,0,0,0
639155490403244205,nan,181.48526187049049,0.0024653919673487592,0.0026507983462904471,212,0,0,0,0,-0.0071046894927192404,-0.00045655332152153417,-0.010510309092092726,-0.0047086837712963358,0.00012423419175375212,-0.0078595107458022794,0.0023897692394457821,0.00060593773183926516,0.0026507983462904471,0,0.11977926915194473,0.13031244796015148,0.0023898000443388556,5.280518931192011e-05,0.0023903833667301704,0.0025999548679665543,0.019951699999999999,1.5415999640028266e-19,-0.00055301103756368009,-5.784094466357477e-06,-0.00055298078801931463,7.7266597031973554e-18,0.00055301103756367999,-5.0843478323892716e-05,1,0,0.019951699999999999,0,0,0,0,0,0,0,0.019565800000000001,63,0,0,1,0,0,0,0,0,0,0,0,1,20,nan,1,0.0023897962026071529,0,0.0072809375103577625,-0.0048423651605844498,0.019951699999999999,-0.00014526708092540497,-0.0072809375103577625,-0.0534081,0,0,0
639155490403544091,nan,181.12152155030722,0.0033133977791889014,0.0032718874580935156,210,0,0,0,0,-0.0047081333751607963,0.00019426206248088603,-0.007904356467627981,-0.0059167132842602209,0.0032793778538986358,-0.011176243925721497,-0.0012329277549805681,0.0030754664677301426,-0.0032718874580935156,0,-0.041108615681529757,0.11059980058819742,-0.0012327898322271233,0.0031455517898330986,0.0033785006782543034,-0.0033167331799192172,0.029988600000000001,5.7577064589611066e-19,7.0030033660438822e-05,5.5039613553950484e-07,7.0027870727133908e-05,1.919965073048127e-17,7.0030033660438822e-05,-4.4845721825701595e-05,1,0,0.029988600000000001,0,0,0,0,0,0,0,0.0093398999999999999,65,0,0,1,0,0,0,0,0,0,0,0,1,20,nan,1,-0.0012329913504692976,0,0.0042726447312551362,-0.0064066918566823006,0.029988600000000001,-0.00012813063378771779,-0.0042726447312551362,-0.023419499999999999,0,0,0
639155490403744320,nan,180.7667563591738,0.0031895637803101753,0.00099154314424684288,208,0,0,0,0,-0.0058932716886620756,0.005376738982394557,-0.011170350650374141,-0.005573115304888211,0.0022032839254266193,-0.010178807506127298,0.00035558427851823651,-0.0031696808876505531,0.00099154314424684288,0,0.017759812929910034,0.049814783053114133,0.00035560295831429565,-0.0010721866676847772,0.0011296183932297072,0.000997436419594199,0.0200229,-7.7927031147395631e-20,0.0020974921243546709,2.3441595598145369e-05,0.0020973611284959212,-3.8918953372086775e-18,0.0020974921243546709,5.8932753473558974e-06,1,0,0.0200229,0,0,0,0,0,0,0,0.0092501000000000007,66,0,0,1,0,0,0,0,0,0,0,0,1,20,nan,1,0.00035559393159989854,0,0.00084093360921127353,0.0008419048972427845,0.0200229,1.6837929563876409e-05,0.00084093360921127353,-0.037087599999999998,0,0,0
639155490404044506,nan,179.81036777923055,0.0019172657527824339,0.0014988705327807564,206,0,0,0,0,-0.0055894822147185049,0.00059539964543872605,-0.010156962695166881,-0.006971986959275582,-0.00073297853793736513,-0.0086580921623861246,-0.001368941377216955,-0.0013423514713128376,0.0014988705327807564,0,-0.045602128462892917,0.050659102814294248,-0.0013689120534761973,-0.0029503489537775654,0.0032524574031351731,0.0015207153437411733,0.030018599999999999,1.4568966692773966e-19,-0.0016079675785194113,-1.6366909830293867e-05,-0.0016078842799878933,4.8533131767550672e-18,0.0016079675785194113,2.1844810960416905e-05,1,0,0.030018599999999999,0,0,0,0,0,0,0,0.0195473,67,0,0,1,0,0,0,0,0,0,0,0,1,20,nan,1,-0.0013690041239741298,0,0.0020791691018633819,-0.0066027743741869926,0.030018599999999999,6.2413745601196113e-05,0.0020791691018633819,-0.040160099999999997,0,0,0
639155490404244419,nan,183.02881282978794,0.0023157491037004143,0.00066917147480184333,207,0,0,0,0,-0.0069889863643868332,-0.0026963418306040392,-0.0087073289174077317,-0.0056722532086292132,-0.00079137261620243851,-0.009376500392209575,0.0013000962563863743,0.0019163620835894785,-0.00066917147480184333,0,0.065037821965599749,0.035936043670169046,0.0013001906102608942,-4.7138815588726358e-05,0.0013010448458626262,-0.00071840822982345044,0.0199913,2.1006417091906648e-19,-0.0019634368843344727,-1.6999405111251149e-05,-0.001963363292666674,1.0507779430005377e-17,0.0019634368843344722,-4.9236755021607112e-05,1,0,0.0199913,0,0,0,0,0,0,0,0.01942,68,0,0,1,0,0,0,0,0,0,0,0,1,20,nan,1,0.0013001939227050177,0,0.0070368831901316924,-0.0046893241815268993,0.0199913,-0.00014067644291887969,-0.0070368831901316924,-0.053333999999999999,0,0,0
639155490404545004,nan,183.41671196106626,0.0015353797978874481,0.0010561798946014615,214,0,0,0,0,-0.0056729046077561305,-0.00086084203544109397,-0.0094232229614975363,-0.0072058198645416974,-0.0009478014470935439,-0.0083670430668960748,-0.0015320277722534008,-0.00010140033927548078,0.0010561798946014615,0,-0.050968361969678105,0.033583090484006192,-0.0015320325082655692,-0.00017080123207420316,0.0015415241377482734,0.0010094573253135002,0.030058499999999998,2.3505164286306834e-19,-6.9472473183114925e-05,-6.5139912691723062e-07,-6.9469419238655464e-05,7.8198061401290272e-18,6.9472473183114925e-05,-4.6722569287961292e-05,1,0,0.030058499999999998,0,0,0,0,0,0,0,0.0093564000000000008,70,0,0,1,0,0,0,0,0,0,0,0,1,20,nan,1,-0.0015320211044637568,0,0.0044411083423480597,-0.0066748196259140968,0.030058499999999998,-0.00013349305510846916,-0.0044411083423480597,-0.056884400000000002,0,0,0
639155490404744865,nan,180.16618193312129,0.0024332609391074242,0.00029417408531092447,212,0,0,0,0,-0.0072067614684031321,-0.001060336052296599,-0.0084146129272818573,-0.004869603098227402,-0.0003832470252820787,-0.0087087870125927818,0.002331378253739583,0.00069673110722582113,-0.00029417408531092447,0,0.11665164261678065,0.017099081146231977,0.0023314113945032398,0.00058408165865344588,0.0024034621849313336,-0.00034174394569670691,0.0199861,3.1340219048409113e-19,-0.00011253854444606672,-9.4160386143477687e-07,-0.00011253460520305506,1.5681007824642683e-17,0.00011253854444606673,-4.7569860385782502e-05,1,0,0.0199861,0,0,0,0,0,0,0,0.0095134,71,0,0,1,0,0,0,0,0,0,0,0,1,20,nan,1,0.0023313716967156479,0,0.0068004206331660532,-0.0045305686071515083,0.0199861,-0.00013591388681652005,-0.0068004206331660532,-0.036898300000000002,0,0,0
639155490405043285,nan,181.7717175398671,0.0019718252081809542,0.0015777075738190541,211,0,0,0,0,-0.0048619977761564619,0.00049002382046217858,-0.0087523782519215824,-0.0060141611616430493,0.0020902157416897386,-0.010330085825740637,-0.001166124561692212,0.0015900465899576686,-0.0015777075738190541,0,-0.039074299593956648,0.054329428763080716,-0.0011660552484828543,0.0024634013837804111,0.0027254414725188386,-0.0016212988131478548,0.029842,1.6008922703106276e-19,0.00087330396251860266,7.6053220709401681e-06,0.00087327084574425728,5.3645609218907169e-18,0.00087330396251860277,-4.359123932880065e-05,1,0,0.029842,0,0,0,0,0,0,0,0.0043287999999999998,73,0,0,1,0,0,0,0,0,0,0,0,1,20,nan,1,-0.0011662086501064929,0,0.0041735271792199763,-0.0062274755910038948,0.029842,-0.00012454639808228253,-0.0041735271792199763,-0.073487999999999998,0,0,0
639155490405243198,nan,179.41074479955981,0.0011960850396813645,0.00089170249032850292,208,0,0,0,0,-0.0059971274025296673,0.0037391036117202883,-0.010380239358420593,-0.0059329577741666327,0.0025447411537765862,-0.011271941848749096,7.6563716829005705e-05,-0.0011936320284806786,-0.00089170249032850292,0,0.0038268572764046747,0.047113295433936719,7.6503851869788776e-05,0.00045533998398938029,0.0004617221462853647,-0.00094185602300845921,0.0199913,-4.8111471404044259e-19,0.001648975850909714,1.7033759113382028e-05,0.0016488878700305497,-2.4066204500980056e-17,0.0016489758509097142,-5.0153532679956397e-05,1,0,0.0199913,0,0,0,0,0,0,0,0.024320100000000001,73,0,0,1,0,0,0,0,0,0,0,0,1,20,nan,1,7.6471227518071257e-05,0,0.0071679084230149102,-0.0047766542993485928,0.0199913,-0.00014329580765701797,-0.0071679084230149102,-0.053496700000000001,0,0,0
639155490405543275,nan,179.24425946785661,0.0025260193183833392,0.0032953645734060191,209,0,0,0,0,-0.0059252525455142689,0.0032282881787181763,-0.011315825309772652,-0.0052789042184426963,0.00078636118616954404,-0.0080204607363666327,0.00067393877529783083,-0.002434456843732476,0.0032953645734060191,0,0.02245530121458586,0.10835489265696681,0.00067383194225692814,-0.0017508959643083089,0.0018760826645531554,0.0032514811123824632,0.030007700000000002,-5.9292306307801024e-20,0.00068359045184604786,7.7052286523637478e-06,0.00068354702494159009,-1.9759030618075035e-18,0.00068359045184604797,-4.3883461023555906e-05,1,0,0.030007700000000002,0,0,0,0,0,0,0,0.0092856999999999992,75,0,0,1,0,0,0,0,0,0,0,0,1,20,nan,1,0.0006739417057538879,0,0.0041783048087707924,-0.0062692225910723209,0.030007700000000002,-0.00012538131721015131,-0.0041783048087707924,-0.0571025,0,0,0
639155490405744200,nan,178.16256287773302,0.0027470815209021584,0.0032204364212984316,209,0,0,0,0,-0.0052883187146156715,-0.00038742353896190995,-0.008069027496797828,-0.0065553925142330105,0.0020499892017952635,-0.01128946391809626,-0.0012866998877612392,0.0024271094498018279,-0.0032204364212984316,0,-0.06403294808513664,0.16269768230581697,-0.0012865820094006078,0.0012533494581522542,0.0017961564884953244,-0.0032690031817296274,0.020092499999999999,-1.7787691892340307e-19,-0.0011738224796322967,-9.4144961729752258e-06,-0.001173784725131454,-8.8529012777605112e-18,0.0011738224796322969,-4.8566760431195337e-05,1,0,0.020092499999999999,0,0,0,0,0,0,0,0.0094988999999999994,76,0,0,1,0,0,0,0,0,0,0,0,1,20,nan,1,-0.0012866689650508636,0,0.0069061676078416064,-0.0046255136840045452,0.020092499999999999,-0.00013876217266055747,-0.0069061676078416064,-0.037010000000000001,0,0,0
639155490406043892,nan,185.3294147576396,0.0042556659671748849,0.0018920196535497369,216,0,0,0,0,-0.0065343588316807612,0.0039130350560810795,-0.011274755950729439,-0.0084005350199785212,8.8367847237805984e-05,-0.0093827362971797019,-0.001822936299520201,-0.0038454643506424745,0.0018920196535497369,0,-0.060825105119884787,0.063622906881617064,-0.0018228797403588512,-0.0019823265768671677,0.0026930483109600272,0.0019067276209165582,0.029969200000000001,-4.7772658225142539e-19,0.0018631645850469771,2.1033682552249258e-05,0.0018630458542858159,-1.5940585075725257e-17,0.0018631645850469771,1.4707967366821284e-05,1,0,0.029969200000000001,0,0,0,0,0,0,0,0.019528899999999998,77,0,0,1,0,0,0,0,0,0,0,0,1,20,nan,1,-0.0018229213913773287,0,0.0014021983871844511,0.0027526819612830877,0.029969200000000001,4.2022763905208253e-05,0.0014021983871844511,-0.040116199999999998,0,0,0
639155490406243916,nan,179.63951387295228,0.0023670816925704173,0.0015693296292798762,201,0,0,0,0,-0.0084129270474004193,-0.0012323197837665507,-0.009420506163912129,-0.0069684918765535835,0.00064296226875853622,-0.010989835793192005,0.0014267052326080915,0.0018888059504752525,-0.0015693296292798762,0,0.07133026894469989,0.080345333360611879,0.0014267765715394651,0.00056800629566790858,0.0015356830848232621,-0.0016070994960123031,0.0200024,2.2700482986415249e-19,-0.0013207457669936046,-1.2392027421898044e-05,-0.0013206876310043567,1.1348879627652307e-17,0.0013207457669936046,-3.7769866732427146e-05,1,0,0.0200024,0,0,0,0,0,0,0,0.019606200000000001,78,0,0,1,0,0,0,0,0,0,0,0,1,20,nan,1,0.0014267459215738542,0,0.0053950478417484835,-0.0053958301432430744,0.0200024,-0.00010791390494978986,-0.0053950478417484835,-0.053427599999999999,0,0,0
639155490406544987,nan,182.07378739931028,0.00095969231187400812,0.0025860955819648167,209,0,0,0,0,-0.0069590584052443396,0.001501309172495672,-0.01103335540722359,-0.0076303053865779897,0.0021871931448412436,-0.0084472598252587731,-0.00067877357274116323,0.00067843626850152639,0.0025860955819648167,0,-0.022544318343973302,0.084451042044342756,-0.00067874404681383862,0.0015368645482321352,0.0016800732486109023,0.0025425759679332319,0.030107100000000001,-8.9785492408955836e-20,0.0008583987404091819,9.4334713092439001e-06,0.00085834690373713576,-2.9822032812511278e-18,0.00085839874040918201,-4.3519614031584802e-05,1,0,0.030107100000000001,0,0,0,0,0,0,0,0.0095145000000000004,80,0,0,1,0,0,0,0,0,0,0,0,1,20,nan,1,-0.00067883959371911281,0,0.0041299811132907748,-0.0062172431498765945,0.030107100000000001,-0.0001243417543759567,-0.0041299811132907748,-0.0568409,0,0,0
639155490406743987,nan,182.3688648159692,0.0021971182370168069,0.0011510377925644678,206,0,0,0,0,-0.0076217149264138258,0.0032041212390829304,-0.0085005747193592184,-0.0066979924019888266,0.0012106154715212339,-0.0096516125119236861,0.00094063489128348341,-0.0019855816650875759,-0.0011510377925644678,0,0.047262765269872602,0.060520235510799644,0.00094052902887046478,-0.00096866743473323041,0.0013501523814965024,-0.001204352686664913,0.019900000000000001,4.912791094074942e-20,0.0010169643773819518,8.5904601641638781e-06,0.0010169280942416868,2.4687392432537396e-18,0.0010169643773819518,-5.3314894100445209e-05,1,0,0.019900000000000001,0,0,0,0,0,0,0,0.0094330000000000004,81,0,0,1,0,0,0,0,0,0,0,0,1,20,nan,1,0.00094060280385911677,0,0.0076546868773074107,-0.0050777443684637547,0.019900000000000001,-0.00015232826885841749,-0.0076546868773074107,-0.036940899999999999,0,0,0
639155490407043820,nan,177.23534457907729,0.0027117192373996924,0.0020142456181362033,208,0,0,0,0,-0.006712062130777411,-0.00024709865515076053,-0.0096920590278125555,-0.0081219733406001655,0.0020692716958293474,-0.011706304645948759,-0.0014322950363158066,0.0023025968278073939,-0.0020142456181362033,0,-0.047766653541307671,0.068527884990146934,-0.0014322019031250903,0.00084487273228360537,0.0016628325908134875,-0.0020546921340250726,0.029983300000000001,-4.0996394647108136e-19,-0.0014577820249842841,-1.4069728788584403e-05,-0.0014577141266719944,-1.3673076228136375e-17,0.0014577820249842841,-4.0446515888869355e-05,1,0,0.029983300000000001,0,0,0,0,0,0,0,0.019593699999999999,82,0,0,1,0,0,0,0,0,0,0,0,1,20,nan,1,-0.0014322507181034078,0,0.0038541946339530992,-0.0057782181538641453,0.029983300000000001,-0.00011556147396820596,-0.0038541946339530992,-0.040646799999999997,0,0,0
639155490407243903,nan,178.45126228690526,0.00088697173238175579,0.0016200390290876596,210,0,0,0,0,-0.0081153965240476356,0.002631064364398885,-0.011760542397794928,-0.0072295235638729447,0.0025869287498045063,-0.010140503368707268,0.00088633074497945883,-3.3714456075257803e-05,0.0016200390290876596,0,0.044298062058220004,0.078257586963484685,0.00088632891507948325,0.00052806863550558763,0.001031714800470899,0.0015658012772414905,0.0200083,1.9312351197398048e-19,0.00056183116411823218,6.5768165525299099e-06,0.0005617926685695376,9.6521699481705329e-18,0.00056183116411823218,-5.4237751846169038e-05,1,0,0.0200083,0,0,0,0,0,0,0,0.019536899999999999,83,0,0,1,0,0,0,0,0,0,0,0,1,20,nan,1,0.00088628799633952611,0,0.0077450360737678515,-0.0051656207069754601,0.0200083,-0.0001549650052747693,-0.0077450360737678515,-0.053570300000000001,0,0,0
639155490407544067,nan,179.22621972406466,0.0020723125284393346,0.00044603526869164446,211,0,0,0,0,-0.0072215114437031488,0.0033770123628503717,-0.010129113457515142,-0.0051504001557833483,0.0034475619806935095,-0.010575148726206787,0.0020702904490534431,9.1524161207412613e-05,-0.00044603526869164446,0,0.068971942220488983,0.014480262706371143,0.0020702894064670856,0.00088167197848559571,0.0022502097022670006,-0.00043464535749951875,0.030016399999999999,1.4568966692773966e-19,0.0007901242368597638,8.0121201697959388e-06,0.00079008361304586539,4.8536688919304004e-18,0.00079012423685976369,1.1389911192125761e-05,1,0,0.030016399999999999,0,0,0,0,0,0,0,0.0094479999999999998,85,0,0,1,0,0,0,0,0,0,0,0,1,20,nan,1,0.0020703037521437903,0,0.0010841607723136961,0.0036162815522402525,0.030016399999999999,3.2542603406076828e-05,0.0010841607723136961,-0.023553899999999999,0,0,0
639155490407743015,nan,179.85799216071032,0.0021810230000141638,0.0013992199507739146,209,0,0,0,0,-0.0051442141634396553,0.0040324957628251395,-0.010588556947418499,-0.0046145246544759761,0.0019167712177379018,-0.0091893369966445839,0.00055206186671398483,-0.0021099973985555178,0.0013992199507739146,0,0.0277476313083059,0.069656982204505849,0.00055203357535248425,-0.0015250383092024909,0.0016218763555991681,0.001385811729562203,0.019894800000000001,-4.0996394647108136e-19,0.00058496649133099013,6.1859923436930267e-06,0.00058493378213163002,-2.0606587976309455e-17,0.00058496649133099024,-1.3408221211711618e-05,1,0,0.019894800000000001,0,0,0,0,0,0,0,0.0094286999999999999,86,0,0,1,0,0,0,0,0,0,0,0,1,20,nan,1,0.00055206278675264955,0,0.001925588770032109,-0.0052321450784802437,0.019894800000000001,-3.8309203462034806e-05,-0.001925588770032109,-0.037046900000000001,0,0,0
639155490408044207,nan,181.88748992575586,0.0024879432480583302,0.00015118661762137699,209,0,0,0,0,-0.0046357512361328256,-0.00039307814092867871,-0.0091763663177193908,-0.0069809661094929649,0.00043748119068431278,-0.0090251797000980138,-0.0023527375435378,0.00080900411419643171,0.00015118661762137699,0,-0.078114559373174047,0.005450254208165228,-0.0023527480366725036,-0.0015009732909338563,0.0027907604956647807,0.00016415729654657013,0.030119199999999999,-1.9989977555201488e-19,-0.0023099468884589637,-2.1226581656849479e-05,-0.0023098493586665805,-6.6369550171324232e-18,0.0023099468884589637,1.2970678925193144e-05,1,0,0.030119199999999999,0,0,0,0,0,0,0,0.019538799999999999,87,0,0,1,0,0,0,0,0,0,0,0,1,20,nan,1,-0.0023527758486152181,0,0.0012304139101771501,0.0036556082777678967,0.030119199999999999,3.7059082643407619e-05,0.0012304139101771501,-0.040455999999999999,0,0,0
639155490408243647,nan,182.30187428947451,0.0026703547163047796,0.0014895296789368675,214,0,0,0,0,-0.0069899337871546282,-0.00055612054072838439,-0.0090574281423748855,-0.0043373604089725097,-0.00086377096613144343,-0.007567898463438018,0.0026552510578603645,-0.000283612641859623,0.0014895296789368675,0,0.13313487316555234,0.073068654064380054,0.0026552419104137756,-0.0012773404685611849,0.0029465078101783312,0.0014572812366599958,0.019944,-2.507217523872729e-19,-0.00099364219913857985,-8.9676776616632453e-06,-0.00099360173141269711,-1.2571287223589696e-17,0.00099364219913857963,-3.2248442276871729e-05,1,0,0.019944,0,0,0,0,0,0,0,0.019541699999999999,88,0,0,1,0,0,0,0,0,0,0,0,1,20,nan,1,0.0026553007536537186,0,0.0046198559218483103,-0.004606966394931078,0.019944,-9.2138406505342697e-05,-0.0046198559218483103,-0.053511799999999998,0,0,0
639155490408543713,nan,179.22027539226718,0.0026039239545909989,3.4623930094285563e-05,206,0,0,0,0,-0.0043519484004558026,-0.0027913487544615335,-0.0076118311422092681,-0.0059682671659742727,-0.00074979698937555474,-0.0076464550723035537,-0.0016318117382517919,0.0020291895949359913,-3.4623930094285563e-05,0,-0.054378789631028379,0.0026179776737629617,-0.0016317225889424163,0.00010162829402591617,0.0016348843743248511,-7.8556608865535692e-05,0.030006600000000001,1.4907779871675686e-19,-0.0019276329888127145,-1.458799148329297e-05,-0.0019275777883300902,4.96816696049392e-18,0.0019276329888127145,-4.393267877125015e-05,1,0,0.030006600000000001,0,0,0,0,0,0,0,0.0095510000000000005,90,0,0,1,0,0,0,0,0,0,0,0,1,20,nan,1,-0.0016317289640190632,0,0.0041831443531232127,-0.0062761283479630947,0.030006600000000001,-0.000125521939346427,-0.0041831443531232127,-0.056549500000000003,0,0,0
639155490408743987,nan,178.45466775952343,0.0019591391420354285,0.0011840588348737717,211,0,0,0,0,-0.0059677491654376476,-0.00068205442943700123,-0.0076969162915247183,-0.0053220375998911402,0.0011676165553532111,-0.0088809751263984899,0.00063145581668371279,0.0018545861342713693,-0.0011840588348737717,0,0.031534268080590101,0.061641553776073589,0.00063154940055721025,0.0019222988082619082,0.002023385122409801,-0.0012345200540949362,0.020027400000000001,1.6104213909672385e-19,6.7744540382118305e-05,5.1800053662513085e-07,6.7742559938553507e-05,8.0410906606311273e-18,6.7744540382118305e-05,-5.0461219221164574e-05,1,0,0.020027400000000001,0,0,0,0,0,0,0,0.0094728,91,0,0,1,0,0,0,0,0,0,0,0,1,20,nan,1,0.00063141082528555745,0,0.0071988831331311568,-0.0048057823441922665,0.020027400000000001,-0.00014417491206047094,-0.0071988831331311568,-0.036522100000000002,0,0,0
639155490409044058,nan,180.46266902254987,0.0010706852389285844,0.00077168693592460751,210,0,0,0,0,-0.0052964487319503558,0.0040488536748204918,-0.008923232673898461,-0.0044713832976366634,0.0033664799429401404,-0.0081515457379738535,0.00083112148576856056,-0.00067498441222995666,0.00077168693592460751,0,0.027696543879303242,0.024308559921639758,0.0008310929618406403,0.0022063312144810147,0.0023576710837634493,0.00072942938842463639,0.030007099999999998,-2.608861477543245e-19,0.0028813507472639642,2.5588867940784348e-05,0.0028812371194672807,-8.6941473102807177e-18,0.0028813507472639642,-4.2257547499971106e-05,1,0,0.030007099999999998,0,0,0,0,0,0,0,0.019489300000000001,92,0,0,1,0,0,0,0,0,0,0,0,1,20,nan,1,0.00083095976868907001,0,0.0040235760869899535,-0.006036822684109211,0.030007099999999998,-0.00012073584999991623,-0.0040235760869899535,-0.0402169,0,0,0
639155490409244000,nan,186.23421257392306,0.0037173367679273887,0.0026559107762843311,206,0,0,0,0,-0.0044594030329114112,0.0048361397786934801,-0.0082021822476400722,-0.0060499408043223433,0.00147626147079303,-0.010858093023924403,-0.0015629262441545885,-0.0033728110236889461,-0.0026559107762843311,0,-0.078177522958098045,0.13536662061750657,-0.0015630970295288039,-0.0019030232133734198,0.0024626753083506294,-0.0027065472859505498,0.0199942,-3.4050724479622874e-19,0.0014697086648616524,1.1980264725252113e-05,0.0014696598357533397,-1.7030301027109299e-17,0.0014697086648616524,-5.0636509666218688e-05,1,0,0.0199942,0,0,0,0,0,0,0,0.019504400000000002,93,0,0,1,0,0,0,0,0,0,0,0,1,20,nan,1,-0.0015629593647916351,0,0.0072358855019697436,-0.0048225247301161289,0.0199942,-0.00014467574190348345,-0.0072358855019697436,-0.053238000000000001,0,0,0
639155490409544164,nan,183.38283953681591,0.00082388066775742198,0.0012973050945960553,214,0,0,0,0,-0.0060810297861541452,-0.0013868342841919664,-0.010890177364037615,-0.0065312707893688086,-0.00069686153565136724,-0.0095928722694415599,-0.00045772808218447181,0.00068502872748822793,0.0012973050945960553,0,-0.015248534243087192,0.042150982612266748,-0.00045770610325420239,-0.0021782211271325551,0.0022257902317250754,0.0012652207544828434,0.030016399999999999,-6.2341624917916505e-19,-0.002863264540171663,-3.1088981831801921e-05,-0.0028630957549849964,-2.0769187816632409e-17,0.002863264540171663,-3.2084340113211832e-05,1,0,0.030016399999999999,0,0,0,0,0,0,0,0.0095029999999999993,95,0,0,1,0,0,0,0,0,0,0,0,1,20,nan,1,-0.0004576062645056215,0,0.0030539819292324916,0.0031955863814800978,0.030016399999999999,-9.1669543180614155e-05,-0.0030539819292324916,-0.056564499999999997,0,0,0
639155490409743671,nan,183.23319738625565,0.0014777374215598862,0.00068036349983975099,207,0,0,0,0,-0.0065451552072735963,-0.0021441853002158069,-0.0096321971346523608,-0.0065183683240891584,-0.00066669068094718704,-0.0089518336348126098,1.255434118663776e-05,0.0014776840919478798,0.00068036349983975099,0,0.00063218087107999945,0.032131134979171166,1.2612450904655743e-05,3.0293236308637974e-05,3.2813931246855094e-05,0.00064103863462895011,0.019950699999999998,2.6258021364883311e-19,-0.0014473903607988886,-1.388441790478763e-05,-0.0014473237645644397,1.3161453665727675e-17,0.0014473903607988884,-3.9324865210800877e-05,1,0,0.019950699999999998,0,0,0,0,0,0,0,0.0093989,96,0,0,1,0,0,0,0,0,0,0,0,1,20,nan,1,1.2610749059847503e-05,0,0.0056317200772477713,-0.0056178378872573376,0.019950699999999998,-0.0001123567577451471,-0.0056317200772477713,-0.036613800000000002,0,0,0
639155490410044183,nan,179.59426347525934,0.001719922268709943,0.00047769126805433278,209,0,0,0,0,-0.006517959967525703,-0.00062107481361468701,-0.0089919285368447177,-0.0060191998038098792,0.0010249418659771456,-0.0094696198048990505,0.00048393933537961,0.0016504348911958627,-0.00047769126805433278,0,0.016106029343782427,0.017230132909382675,0.00048400550901587451,0.0016960331814837213,0.0017637431461104277,-0.00051778617008644071,0.0300512,1.309195299099928e-19,4.561769511471574e-05,4.0835656345532961e-07,4.5615867332500027e-05,4.3565491531117825e-18,4.561769511471574e-05,-4.0094902032107929e-05,1,0,0.0300512,0,0,0,0,0,0,0,0.019420300000000001,97,0,0,1,0,0,0,0,0,0,0,0,1,20,nan,1,0.0004839083621015965,0,0.0038120561890667148,-0.0057278717868030071,0.0300512,-0.00011455686294888166,-0.0038120561890667148,-0.040031999999999998,0,0,0
639155490410242738,nan,179.43686628202096,0.00089507764516473466,0.0014858804630625728,208,0,0,0,0,-0.0060085866730371336,0.0021456641072009064,-0.0095178182277817561,-0.006736136580683544,0.001624286007586676,-0.011003698690844329,-0.00072255464687777317,-0.00052827906749083203,-0.0014858804630625728,0,-0.036391937158791229,0.077262163428031438,-0.00072258010825637935,0.00059252825187316018,0.00093445799376733034,-0.0015340788859452784,0.019855500000000002,-7.2844833463869829e-20,0.0011207724927559603,1.0613130772745526e-05,0.0011207222412237608,-3.6687483802407301e-18,0.0011207724927559601,-4.819842288270558e-05,1,0,0.019855500000000002,0,0,0,0,0,0,0,0.0193756,98,0,0,1,0,0,0,0,0,0,0,0,1,20,nan,1,-0.00072262090501097782,0,0.0069355986837336793,-0.0045903259888291359,0.019855500000000002,-0.00013770977966487408,-0.0069355986837336793,-0.053244199999999998,0,0,0
639155490410542713,nan,180.4223969859012,0.0020810646498406814,0.0037192141191839828,212,0,0,0,0,-0.0067263048612533852,0.0025177421890433108,-0.011049243413893135,-0.0051217085091664919,0.0011925627205614175,-0.007330029294709153,0.0016191403364662555,-0.0013073693615977314,0.0037192141191839828,0,0.053973857521842493,0.12246585202550798,0.0016190807910114703,-0.00041393282889840135,0.0016711561849995233,0.0036736693961351759,0.0299975,-3.2187251995663413e-19,0.00089351027464155367,9.8317194301587515e-06,0.00089345618145663481,-1.0729978163401421e-17,0.00089351027464155356,-4.5544723048806385e-05,1,0,0.0299975,0,0,0,0,0,0,0,0.0094403000000000004,100,0,0,1,0,0,0,0,0,0,0,0,1,20,nan,1,0.0016191077196644915,0,0.0043379541674954895,-0.0065063890069723129,0.0299975,-0.00013012778013944595,-0.0043379541674954895,-0.0567567,0,0,0
639155490410742706,nan,182.55361522435007,0.0007710936277976841,0.0011311892455176577,205,0,0,0,0,-0.0051237604019484691,0.00091263805035773438,-0.0073852812043618786,-0.0054782996064105301,0.00022788456527744484,-0.0085164704498795363,-0.0003494724847281782,-0.00068735315904424753,-0.0011311892455176577,0,-0.017476134753184928,0.059324134103212779,-0.00034951046176937136,-0.00096726603942739369,0.0010284751596007537,-0.0011864411551703834,0.019999300000000001,4.0149361699853836e-19,-0.00027993219045445542,-2.0518927819771285e-06,-0.0002799246702036831,2.007538348834901e-17,0.00027993219045445542,-5.5251909652725632e-05,1,0,0.019999300000000001,0,0,0,0,0,0,0,0.0294396,100,0,0,1,0,0,0,0,0,0,0,0,1,20,nan,1,-0.00034943411311524127,0,0.0078934062196069424,-0.005262086633592844,0.019999300000000001,-0.00015786259900778515,-0.0078934062196069424,-0.036757400000000003,0,0,0
639155490411042637,nan,185.0282403276596,0.0017502974666580128,0.0018762912265550546,207,0,0,0,0,-0.0054906588739630485,-0.0012232997976352538,-0.0085565232833499701,-0.0070101228260330915,-0.00035452449863720829,-0.010432814509905025,-0.0015268419346892669,0.0008557423258573777,-0.0018762912265550546,0,-0.050905296836929244,0.063892830685240543,-0.0015268076585597027,-0.00059543351238254159,0.0016388052641802112,-0.0019163440600254884,0.029993100000000002,-4.4723339615027058e-19,-0.0014512369918992451,-1.2359267552518316e-05,-0.0014511843629126987,-1.491120944984915e-17,0.0014512369918992451,-4.0052833470433785e-05,1,0,0.029993100000000002,0,0,0,0,0,0,0,0.019179000000000002,101,0,0,1,0,0,0,0,0,0,0,0,1,20,nan,1,-0.0015267735863470789,0,0.0038154331182299961,-0.0057218619622290134,0.029993100000000002,-0.0001144366670583841,-0.0038154331182299961,-0.039998400000000003,0,0,0
639155490411242500,nan,179.41549928701943,0.0036083702987070943,0.00082035996703468301,209,0,0,0,0,-0.0070142825640377854,-0.00075322679314624168,-0.010486176347156732,-0.0062846122493223303,0.0027805979682722659,-0.0096658163801220491,0.00069257456733375533,0.0035412817850707652,0.00082035996703468301,0,0.034661920197830251,0.038376194182163571,0.00069276353564989466,0.0031425208293842043,0.0032179742819730133,0.00076699812978297567,0.019986299999999999,-2.422514229147299e-19,-0.00039872399359335741,-4.159738004693922e-06,-0.00039870229450903339,-1.2120873944388402e-17,0.00039872399359335735,-5.3361837251707234e-05,1,0,0.019986299999999999,0,0,0,0,0,0,0,0.019215599999999999,102,0,0,1,0,0,0,0,0,0,0,0,1,20,nan,1,0.00069252397551572366,0,0.0076283450237274505,-0.0050820289179682732,0.019986299999999999,-0.00015246239214772393,-0.0076283450237274505,-0.053742900000000003,0,0,0
639155490411542786,nan,186.85205708659473,0.0054160943866991638,0.00081747127332676243,213,0,0,0,0,-0.0062389834479940377,0.0075010870115598781,-0.0096997385561284812,-0.0045268664129615721,0.0023627279676640715,-0.0088822672828017188,0.0017618764512531695,-0.0051215104975147439,0.00081747127332676243,0,0.058667494237459594,0.026093427509785012,0.0017617027174589791,-0.0004008606964389529,0.0018067334509140726,0.00078354909732033021,0.030028599999999999,-2.1684043449710089e-19,0.0047207095648121649,4.5628801328292598e-05,0.0047204890432876127,-7.2211303389802024e-18,0.0047207095648121649,-3.3922176006432117e-05,1,0,0.030028599999999999,0,0,0,0,0,0,0,0.0092277000000000001,104,0,0,1,0,0,0,0,0,0,0,0,1,20,nan,1,0.0017617221412005247,0,0.0032276064443734443,0.002926552202552557,0.030028599999999999,-9.6920502875512404e-05,-0.0032276064443734443,-0.056716900000000001,0,0,0
639155490411742629,nan,180.12481772622706,0.0027743874073888979,0.00085017644635493328,209,0,0,0,0,-0.0045292441195909222,0.0020950436001644559,-0.0089218300455166429,-0.0066151091146975111,0.00026572878076701784,-0.0080716535991617096,-0.0020694613598210565,-0.0018478515001172781,0.00085017644635493328,0,-0.10355801625835763,0.040562525764725764,-0.0020695344643118963,-0.002115464552344376,0.0029594193976522354,0.00081061368364000914,0.0199843,-3.0366131159066667e-19,-0.00026769492728194254,-2.377706629350107e-06,-0.00026768436749961561,-1.5194993649548228e-17,0.0002676949272819426,-3.9562762714924135e-05,1,0,0.0199843,0,0,0,0,0,0,0,0.0093541000000000006,105,0,0,1,0,0,0,0,0,0,0,0,1,20,nan,1,-0.002069414898689283,0,0.0056562634117671767,-0.0056518232449889183,0.0199843,-0.00011303646489977878,-0.0056562634117671767,-0.036732599999999997,0,0,0
639155490412042766,nan,177.67014993741554,0.0041835792336100963,0.0023652109017606292,209,0,0,0,0,-0.0066407332646933829,-0.0029087872206872596,-0.0081133830437996081,-0.0070756140756128945,0.0012521278089892218,-0.010478593945560237,-0.0004686252246249377,0.0041572497642959659,-0.0023652109017606292,0,-0.015607930528161569,0.080194722623286294,-0.0004684517444930829,0.00098264989949970209,0.0010885990363331151,-0.0024069403463985277,0.030013700000000001,6.3019251275719945e-19,-0.0031746194166470199,-2.5624149995871759e-05,-0.0031745160014542773,2.0996828540206621e-17,0.0031746194166470199,-4.1729444637898447e-05,1,0,0.030013700000000001,0,0,0,0,0,0,0,0.019370800000000001,106,0,0,1,0,0,0,0,0,0,0,0,1,20,nan,1,-0.00046851032285292018,0,0.0039724187514268133,-0.0059613492339849472,0.030013700000000001,-0.00011922698467969894,-0.0039724187514268133,-0.0399587,0,0,0
639155490412242408,nan,178.80976125817568,0.00170180615963699,0.0010115605800272605,204,0,0,0,0,-0.0070687729686797407,0.001904968884826727,-0.010535674531535442,-0.0053744782297535047,0.0017452518142760873,-0.009524113951508182,0.0016958834020091784,-0.00014185799860485631,0.0010115605800272605,0,0.084945818109853605,0.047809578848742013,0.0016958753019087394,0.00051092211836428108,0.0017711675388449005,0.00095447999405205534,0.019964200000000001,6.0986372202309624e-20,0.00065287691875631673,6.8411069331537899e-06,0.00065284107583750525,3.0547866782695836e-18,0.00065287691875631662,-5.7080585975205142e-05,1,0,0.019964200000000001,0,0,0,0,0,0,0,0.019333900000000001,107,0,0,1,0,0,0,0,0,0,0,0,1,20,nan,1,0.0016958336337935251,0,0.0081689919205663753,-0.005436246283352375,0.019964200000000001,-0.00016308738850057125,-0.0081689919205663753,-0.053603999999999999,0,0,0
639155490412542504,nan,178.29396735318852,0.0024407584274280776,0.00085479272952538633,209,0,0,0,0,-0.0053671869674438216,0.0025107867380548838,-0.0095621618656507121,-0.0072734445608535793,0.00098648896903833741,-0.010416954595176098,-0.0018915950849196657,-0.0015424557483989434,-0.00085479272952538633,0,-0.063034954507036334,0.029751834201985915,-0.0018916537707743576,-0.00077681413058730997,0.002044943564493887,-0.0008928406436679166,0.030009600000000001,-1.6178329292557136e-19,0.00076556964544780405,7.2912623096830706e-06,0.00076553492377879652,-5.3910512944381588e-18,0.00076556964544780405,-3.8047914142530156e-05,1,0,0.030009600000000001,0,0,0,0,0,0,0,0.0091899000000000008,109,0,0,1,0,0,0,0,0,0,0,0,1,20,nan,1,-0.0018916115448981291,0,0.0036224516861775064,-0.0054354434832930565,0.030009600000000001,-0.0001087083261215125,-0.0036224516861775064,-0.056676799999999999,0,0,0
639155490412742505,nan,178.49415966405257,0.0024237518106961916,0.0022906429590012992,204,0,0,0,0,-0.0072788491792746034,0.00046767870833484577,-0.010470409164949849,-0.0048801784960339463,0.00081545995166873604,-0.0081797662059485497,0.0023948978565626724,0.00037287678458786512,0.0022906429590012992,0,0.11974529052900645,0.11185886016707661,0.002394917785109182,-0.00014608964496977015,0.0023993693716890824,0.0022371883892275488,0.0200001,1.5246593050577406e-19,-0.0005188384107903942,-5.4046184210241113e-06,-0.00051881026070349165,7.6232584089966589e-18,0.0005188384107903942,-5.3454569773750404e-05,1,0,0.0200001,0,0,0,0,0,0,0,0.0091544999999999994,110,0,0,1,0,0,0,0,0,0,0,0,1,20,nan,1,0.0023949289340678974,0,0.0076363289288908735,-0.0050909114070236683,0.0200001,-0.00015272734221071036,-0.0076363289288908735,-0.0366767,0,0,0
639155490413042537,nan,180.94784497685049,0.00010025650559004192,4.3828263473714303e-05,208,0,0,0,0,-0.0048820368677340341,0.00058827372089962564,-0.0081639670269738479,-0.004936647873707299,0.00067235109561907165,-0.0081201387635001336,-5.5295583351928013e-05,8.3628735341962986e-05,4.3828263473714303e-05,0,-0.0018430335634326946,0.0019873694288747882,-5.5296904610383821e-05,-0.0001435659696277966,0.00015384711662770706,5.9627442448416043e-05,0.030003200000000001,-4.2775163836342167e-20,-0.00022719383133450427,-1.8583717000877908e-06,-0.00022718623076911041,-1.4256867212944675e-18,0.00022719383133450427,1.5799178974701747e-05,1,0,0.030003200000000001,0,0,0,0,0,0,0,0.0193451,111,0,0,1,0,0,0,0,0,0,0,0,1,20,nan,1,-5.5300144916940145e-05,0,0.0015045232293986659,0.0032288357615470886,0.030003200000000001,4.5140511356294051e-05,0.0015045232293986659,-0.0066734999999999997,0,0,0
639155490413242438,nan,181.25977195548992,0.0019494966578643229,0.00037520655134535771,208,0,0,0,0,-0.0049374245635063763,0.00057670337938572696,-0.0081309345533291215,-0.0068315276689213892,0.00011528096436737328,-0.0085061411046744792,-0.0018902887400778724,-0.0004768078209918286,-0.00037520655134535771,0,-0.094561502317884391,0.019309675348014546,-0.0018902938874847408,-0.00057243828346923342,0.0019750687505611991,-0.00038600234117434559,0.0199901,-2.2922829135069503e-19,-9.5650869665144282e-05,-7.7668979907730834e-07,-9.5647716233344688e-05,-1.1467090777469598e-17,9.5650869665144295e-05,-1.0795789828987878e-05,1,0,0.0199901,0,0,0,0,0,0,0,0.019340699999999999,112,0,0,1,0,0,0,0,0,0,0,0,1,20,nan,1,-0.0018902850587979355,0,0.0015430194845004806,-0.0048534870147705078,0.0199901,-3.0845113797113057e-05,-0.0015430194845004806,-0.0199714,0,0,0
639155490413542354,nan,180.02493251601953,0.0025498701914823661,0.002348027993574787,212,0,0,0,0,-0.0068388423243571864,-0.00074462471189788975,-0.0085043596464143417,-0.0061458072493082898,0.0017092580029363562,-0.010852387639989129,0.00067214156403327984,0.0024596877263809757,-0.002348027993574787,0,0.022410847777417559,0.078230122278059519,0.00067213718220119646,0.0015997521375707381,0.0017352162093985609,-0.00234624653531465,0.0299916,6.5983866591109996e-19,-0.00085993678619847617,-7.3146554357972349e-06,-0.00085990567626526297,2.2000782416113176e-17,0.00085993678619847617,1.7814582601374807e-06,1,0,0.0299916,0,0,0,0,0,0,0,0.0090659999999999994,114,0,0,1,0,0,0,0,0,0,0,0,1,20,nan,1,0.00067214125347281935,0,0.00016971021030057378,-0.0058005861937999725,0.0299916,5.0898807432506882e-06,0.00016971021030057378,-0.0235182,0,0,0
639155490413742452,nan,181.1050239189679,0.0004619495936666818,0.00069277206976317562,210,0,0,0,0,-0.0061342130890982898,0.002777567155379192,-0.010842883416677872,-0.0060709944748290135,0.0032351705140848345,-0.011535655486441048,5.8253255412488047e-05,0.0004582619178184675,-0.00069277206976317562,0,0.0029110186001986438,0.03414666045897103,5.8248899986254828e-05,0.0015266345366704939,0.0015277453789505442,-0.00068326784645191853,0.020009800000000001,-2.7613274080490191e-19,0.0010683720652207756,1.1594160209999968e-05,0.0010683091524428358,-1.3799875101445386e-17,0.0010683720652207758,9.5042233112570956e-06,1,0,0.020009800000000001,0,0,0,0,0,0,0,0.0093971000000000002,115,0,0,1,0,0,0,0,0,0,0,0,1,20,nan,1,5.8269627803101166e-05,0,0.0013570812175262013,0.0013577258214354515,0.020009800000000001,2.7154923746455784e-05,0.0013570812175262013,-0.036526099999999999,0,0,0
639155490413998313,nan,183.18098222924243,0.0027936357116211293,0.00044428782805471315,209,0,0,0,0,-0.0060484759314775698,0.005187165744127308,-0.011595630525739002,-0.0071593924147160763,0.0026239129168560919,-0.011151342697684289,-0.0010811199312532455,-0.0025759619918569979,0.00044428782805471315,0,-0.04226022812114575,0.015020373904454334,-0.0010812744227304473,-0.00062377203245191765,0.0012482972104912587,0.00038431278875675906,0.025586100000000001,2.507217523872729e-19,0.0019521251145618818,2.2518543351443716e-05,0.0019519952300424736,9.7991390789246075e-18,0.0019521251145618818,-5.9975039297954086e-05,1,0,0.025586100000000001,0,0,0,0,0,0,0,0.0151947,116,0,0,1,0,0,0,0,0,0,0,0,1,20,nan,1,-0.0010812209748301321,0,0.0066972791921009267,-0.0057119275443255901,0.025586100000000001,-0.00017135725513701353,-0.0066972791921009267,-0.044406000000000001,0,0,0
639155490414242333,nan,178.23592689903543,0.0012737341547946026,9.3968561961836269e-05,208,0,0,0,0,-0.007166021840929522,0.0020294417759568828,-0.011205851309244159,-0.0059023939231062231,0.0021895766640602399,-0.011111882747282323,0.0012617541708868224,0.00017428456426209484,9.3968561961836269e-05,0,0.051707387469140928,0.001617078534626909,0.0012617636690219769,-0.00042029231724882536,0.0013299222490063801,3.9459950401965836e-05,0.024402,3.3881317890172014e-21,-0.00059450810478405317,-6.6294262134457965e-06,-0.00059447114089920903,1.3884647934666016e-19,0.00059450810478405317,-5.450861155987044e-05,1,0,0.024402,0,0,0,0,0,0,0,0.019379899999999999,117,0,0,1,0,0,0,0,0,0,0,0,1,20,nan,1,0.0012617963931260147,0,0.0063822182678080217,-0.0051912963390350342,0.024402,-0.00015573889017105134,-0.0063822182678080217,-0.053882399999999997,0,0,0
639155490414542483,nan,179.74743794454037,0.00081249889814306799,0.0012933212082328407,210,0,0,0,0,-0.0059081389826398578,0.0016725784912662409,-0.011148269034122167,-0.0066103766257273201,0.0012639016603659982,-0.0098549478258893267,-0.00069763806023630389,-0.00041648000719533569,0.0012933212082328407,0,-0.023243485388488506,0.041876892266966385,-0.00069765321393548251,-0.00093348471479746183,0.0011653813623338099,0.0012569349213929961,0.030015,-2.1091120386632078e-19,-0.00051703009233639258,-5.7450595336346749e-06,-0.00051699817279399901,-7.0268600321945955e-18,0.00051703009233639258,-3.6386286839844642e-05,1,0,0.030015,0,0,0,0,0,0,0,0.0094018000000000001,119,0,0,1,0,0,0,0,0,0,0,0,1,20,nan,1,-0.00069760469007499736,0,0.0034636288369951046,-0.0051980409771203995,0.030015,-0.00010396081954240806,-0.0034636288369951046,-0.056479599999999998,0,0,0
639155490414742343,nan,175.84110075165731,0.0020164076475250726,0.003531570475548675,217,0,0,0,0,-0.0066164963737377191,0.00064293947968307574,-0.0098408929232929303,-0.006385043337486615,-0.0013601404720432009,-0.0063093224477442558,0.00025115360617790225,-0.00200070529241601,0.003531570475548675,0,0.01256788381222374,0.17740545272416045,0.00025118172587110368,-0.0026216940981045821,0.0026336993380885344,0.003545625378145071,0.019986,-1.8550021544869177e-19,-0.00062099233582565353,-6.1197480103990232e-06,-0.00062096218068292248,-9.2815078279141291e-18,0.00062099233582565353,1.4054902596396385e-05,1,0,0.019986,0,0,0,0,0,0,0,0.0094859999999999996,120,0,0,1,0,0,0,0,0,0,0,0,1,20,nan,1,0.00025112908631306694,0,0.0020092497028490418,0.0020078432280570269,0.019986,4.0156864561140954e-05,0.0020092497028490418,-0.036493600000000001,0,0,0
639155490415043291,nan,180.37483796599318,0.0056546318647344024,0.0028612077083425376,214,0,0,0,0,-0.0064099589870185037,-0.00530910949796455,-0.0063547708033082255,-0.0045900302287365316,4.4648139475522742e-05,-0.0092159785116507631,0.0017858703374744273,0.005365214689404204,-0.0028612077083425376,0,0.059349594475285414,0.096583332134006772,0.0017861141758148196,0.0014160858923775383,0.0022793646271795438,-0.0029066560639065073,0.030094800000000001,4.5400965972830498e-19,-0.0039490476266155379,-2.4915649531888698e-05,-0.0039489690259213494,1.5085983616050113e-17,0.003949047626615537,-4.5448355563969776e-05,1,0,0.030094800000000001,0,0,0,0,0,0,0,0.019569400000000001,121,0,0,1,0,0,0,0,0,0,0,0,1,20,nan,1,0.0017860222309429275,0,0.0043147801104670971,0.0017368362750858068,0.030094800000000001,-0.0001298524444684852,-0.0043147801104670971,-0.039984400000000003,0,0,0
639155490415242186,nan,181.53949131119936,0.0024657664105133619,0.00083492919668348535,212,0,0,0,0,-0.0045813736802850467,0.00098391935847584448,-0.0092579381545490527,-0.0047671179455551311,0.0034426798305705183,-0.010092867351232538,-0.00020849903253131774,0.0024569355190255707,-0.00083492919668348535,0,-0.010477686226944026,0.044088028335643174,-0.0002083959402108032,0.0033962553739725755,0.0034026430070070442,-0.00087688883958177502,0.019889500000000001,-5.8953493128899304e-19,0.0009393111085649118,8.6565484514848634e-06,0.00093927121900032177,-2.9640510384323037e-17,0.00093931110856491169,-4.1959642898289559e-05,1,0,0.019889500000000001,0,0,0,0,0,0,0,0.019398700000000001,122,0,0,1,0,0,0,0,0,0,0,0,1,20,nan,1,-0.00020859951935440815,0,0.0060275368408013764,-0.0059942346997559071,0.019889500000000001,-0.00011988469399511897,-0.0060275368408013764,-0.053397500000000001,0,0,0
639155490415543165,nan,182.04116617732419,0.0080760702080614893,0.0024265909126311462,214,0,0,0,0,-0.0047152503250450853,0.0085815425056955334,-0.010131026784984837,-0.006805499105560834,0.00078065986069370279,-0.0077044358723536909,-0.0020111119131616326,-0.0078216583202206993,0.0024265909126311462,0,-0.066828927657737944,0.079355419443843167,-0.0020114103817498309,-0.0026824571477803991,0.0033528119651255656,0.0023884314788788475,0.0300979,2.7105054312137611e-20,0.0051391244238537751,5.1867620510045835e-05,0.005138862675125015,9.0056297323526259e-19,0.005139124423853776,-3.8159433752299118e-05,1,0,0.0300979,0,0,0,0,0,0,0,0.0095943999999999995,124,0,0,1,0,0,0,0,0,0,0,0,1,20,nan,1,-0.0020112641486957671,0,0.0036224106525038621,-0.005451347678899765,0.0300979,-0.00010902695357799599,-0.0036224106525038621,-0.056839599999999997,0,0,0
639155490415742255,nan,183.00473485383952,0.0010949790088572069,0.002473361330211532,205,0,0,0,0,-0.0068191450268034158,-0.0009904823057004554,-0.0077598529278506377,-0.0065140746985660079,6.1140784891906624e-05,-0.01023321425806217,0.00029690078470864356,0.0010539587059639967,-0.002473361330211532,0,0.014915826588016242,0.12701684593442558,0.00029695919154081534,-0.00071725248273838836,0.00077629626138154032,-0.0025287783857084788,0.019909,3.4897757426877174e-19,-0.0017711947337167506,-1.3645921242581849e-05,-0.0017711421663941583,1.7528633998130079e-17,0.0017711947337167506,-5.5417055496946761e-05,1,0,0.019909,0,0,0,0,0,0,0,0.0094985,125,0,0,1,0,0,0,0,0,0,0,0,1,20,nan,1,0.00029701597349679801,0,0.007952907944999147,-0.0052778148092329502,0.019909,-0.00015833444427698802,-0.007952907944999147,-0.036930600000000001,0,0,0
639155490416042232,nan,181.67195797601636,0.002363938488038671,0.00073121791342953442,209,0,0,0,0,-0.0065251220644080106,-0.0010183812439538218,-0.010273462942102853,-0.0071138484949681037,0.0012710742295574081,-0.011004680855532387,-0.00061221558477320636,0.0022832865026078874,-0.00073121791342953442,0,-0.020405687269368387,0.02571752492591824,-0.00061212368500033207,0.0012037325872602783,0.0013504323557182376,-0.00077146659747021756,0.029997699999999999,3.5575383784680614e-20,-0.0010795785543698268,-1.1047365842002665e-05,-0.0010795220288457284,1.1859370479963669e-18,0.0010795785543698266,-4.0248684040683151e-05,1,0,0.029997699999999999,0,0,0,0,0,0,0,0.019411899999999999,126,0,0,1,0,0,0,0,0,0,0,0,1,20,nan,1,-0.00061219289634926327,0,0.0038335019056873298,-0.0057498407550156116,0.029997699999999999,-0.00011499624011623681,-0.0038335019056873298,-0.039944199999999999,0,0,0
639155490416242309,nan,178.16549603511191,0.0019108385586303967,0.0013574862899391783,209,0,0,0,0,-0.0071050169359800951,0.0020735693306542643,-0.01106322221032712,-0.0052357909931410509,0.0024701779182644897,-0.0097057359203879413,0.0018647238727289427,0.00041726355654845459,0.0013574862899391783,0,0.093201532245462834,0.064922251690321522,0.0018647482967075468,0.0012196980882030204,0.0022282166942287729,0.001298944935144446,0.0200077,-3.5405977195229754e-19,0.0008025436958313311,8.8315589880086018e-06,0.00080249510109685622,-1.7696175570020421e-17,0.00080254369583133121,-5.8541354794732284e-05,1,0,0.0200077,0,0,0,0,0,0,0,0.019432000000000001,127,0,0,1,0,0,0,0,0,0,0,0,1,20,nan,1,0.0018646462862172634,0,0.0083598321495838793,-0.0055753113701939583,0.0200077,-0.0001672610136992294,-0.0083598321495838793,-0.053513199999999997,0,0,0
639155490416542160,nan,178.30824383191776,0.0026996917488666377,0.00064702436709843266,212,0,0,0,0,-0.0052180850674366178,0.0042943950484619509,-0.0096838541225184992,-0.0058788745864059326,0.0016768212194135882,-0.0090368297554200665,-0.00063541072883453579,-0.0026238499851516986,0.00064702436709843266,0,-0.021188967658183712,0.022307951781647378,-0.00063535331412740439,-0.00079956083306112209,0.0010212596925063045,0.00066890616496787479,0.029985100000000001,-3.1848438816761693e-19,0.001824303055391541,1.7705925704433051e-05,0.0018242171301974613,-1.0621421578304456e-17,0.001824303055391541,2.1881797869442023e-05,1,0,0.029985100000000001,0,0,0,0,0,0,0,0.0094798999999999994,129,0,0,1,0,0,0,0,0,0,0,0,1,20,nan,1,-0.00063537830785773824,0,0.0020850163075700708,0.0020839876960963011,0.029985100000000001,6.2519422484119333e-05,0.0020850163075700708,-0.056946700000000003,0,0,0
639155490416842236,nan,181.35755094193172,0.0011536819982337478,0.00066874369545134166,214,0,0,0,0,-0.0058861015599050281,0.00087711856205945353,-0.0090286647229336353,-0.0048029286960323148,0.0012742566992590906,-0.0096974084183849771,0.0010795431374121102,0.0004069014223556255,-0.00066874369545134166,0,0.035975546695263622,0.022013711958467543,0.0010795398150127925,-0.0003928250751940917,0.0011487896900212406,-0.00066057866296491061,0.030007599999999999,-5.082197683525802e-21,-0.00079973531204094092,-7.2269734990955056e-06,-0.00079970265735413468,-1.6936368398425073e-19,0.00079973531204094092,8.1650324864311619e-06,1,0,0.030007599999999999,0,0,0,0,0,0,0,0.019310000000000001,130,0,0,1,0,0,0,0,0,0,0,0,1,20,nan,1,0.0010795352328972097,0,0.00077742519384912229,0.0023328664246946573,0.030007599999999999,2.332866424694692e-05,0.00077742519384912229,-0.026939100000000001,0,0,0
639155490417042159,nan,181.71726222199456,0.00061985682848305116,0.0024807243655133064,214,0,0,0,0,-0.0048054620178645986,0.0010130278934251645,-0.009747861719787719,-0.0047616954010426859,0.00039471812391716885,-0.0072671373542744127,4.9791640150800408e-05,-0.00061785376942134122,0.0024807243655133064,0,0.0024889816241747426,0.1215603539417958,4.9760467324988709e-05,-0.00087909737004600221,0.00088050456564983182,0.0024302710641105644,0.019992300000000001,-2.9688504801263227e-19,-0.00026124108925841853,-2.5333218322837886e-06,-0.00026122880583392613,-1.4849969638942606e-17,0.00026124108925841858,-5.0453301402741957e-05,1,0,0.019992300000000001,0,0,0,0,0,0,0,0.019352899999999999,131,0,0,1,0,0,0,0,0,0,0,0,1,20,nan,1,4.9823829145072182e-05,0,0.0072103904864429889,0.0023053002078086138,0.019992300000000001,-0.00014415228972211418,-0.0072103904864429889,-0.040094900000000003,0,0,0
639155490417242119,nan,178.8044157723532,0.003139107635001203,0.0033724297529599909,211,0,0,0,0,-0.0047680859085789708,-0.0004846370784663628,-0.0073059128546501886,-0.00749952020594713,0.0010623805113766738,-0.01067834260761018,-0.0027426636758282707,0.0015270208595219016,-0.0033724297529599909,0,-0.13715765466935995,0.17059438154309697,-0.0027426044627685215,0.00064774878369656106,0.0028180592126458566,-0.0034112052533357669,0.019996,3.5151867311053464e-19,-0.0008793784228337384,-6.3905075362849159e-06,-0.00087935520238353166,1.7579449545435819e-17,0.0008793784228337384,-3.8775500375775977e-05,1,0,0.019996,0,0,0,0,0,0,0,0.0195,132,0,0,1,0,0,0,0,0,0,0,0,1,20,nan,1,-0.0027426403396795984,0,0.0055404652895975183,-0.0055393571965396404,0.019996,-0.00011078714393079198,-0.0055404652895975183,-0.053605699999999999,0,0,0
639155490417542226,nan,185.57958392082594,0.0029398042876761523,0.00032903566069505084,205,0,0,0,0,-0.0074892892952600817,0.002020443217672873,-0.010716099281876026,-0.0047852706091573664,0.00086686955507198191,-0.011045134942571077,0.0027162250031922803,-0.0011245314499257844,-0.00032903566069505084,0,0.090507137210679989,0.012222051966828398,0.002716182542688554,-0.00016651667334687751,0.0027212819419730415,-0.00036679233496089703,0.030010700000000001,-2.541098841762901e-20,0.00095811733140001374,1.0230910687048303e-05,0.00095806270629619924,-8.4673094655003081e-19,0.00095811733140001363,-3.7756674265846182e-05,1,0,0.030010700000000001,0,0,0,0,0,0,0,0.029509299999999999,133,0,0,1,0,0,0,0,0,0,0,0,1,20,nan,1,0.0027161915203314222,0,0.0035945916685760962,-0.0053938375785946846,0.030010700000000001,-0.00010787621218813666,-0.0035945916685760962,-0.057178399999999997,0,0,0
639155490417742095,nan,180.46063898025645,0.0012264635247375979,0.0029073845185815551,211,0,0,0,0,-0.0047864881485001846,0.00075664094876647418,-0.0111071479258243,-0.005868146562981659,0.00017851652280507656,-0.0081997634072427453,-0.0010751705122642975,-0.00059010265807662727,0.0029073845185815551,0,-0.053795591323476048,0.14236182376098003,-0.0010752071042231834,-0.00070027131272808163,0.0012831407671810271,0.0028453715353283313,0.019986899999999998,1.15619997300212e-19,-0.00011023533031703551,-1.217539342818208e-06,-0.00011022860630550773,5.7847889017412407e-18,0.00011023533031703551,-6.2012983253223811e-05,1,0,0.019986899999999998,0,0,0,0,0,0,0,0.0093857999999999997,134,0,0,1,0,0,0,0,0,0,0,0,1,20,nan,1,-0.0010751450629852119,0,0.0088648040542592278,-0.0059059984050691128,0.019986899999999998,-0.00017717995215207373,-0.0088648040542592278,-0.070170800000000005,0,0,0
639155490418042217,nan,182.39652396119604,0.0022955412786200939,0.0016014318715646177,213,0,0,0,0,-0.0058767310017179344,-0.00086837299269560992,-0.0081810591209901338,-0.0060633462709345212,0.0014195702983725922,-0.0097824909925547515,-0.0002053266147309782,0.0022863400322637689,-0.0016014318715646177,0,-0.0068428632040801237,0.052736140146740537,-0.00020536937905349349,0.0012394114804948561,0.0012563110283028119,-0.0015827275853120062,0.030012199999999999,-2.9646153153900512e-19,-0.0010469247108811973,-8.5844387362754571e-06,-0.0010468895155006865,-9.878033984146618e-18,0.0010469247108811975,1.8704286252611488e-05,1,0,0.030012199999999999,0,0,0,0,0,0,0,0.0193463,135,0,0,1,0,0,0,0,0,0,0,0,1,20,nan,1,-0.0002053362613985884,0,0.0017806364699892441,0.0017813605954870582,0.030012199999999999,5.344081786461119e-05,0.0017806364699892441,-0.040158600000000003,0,0,0
639155490418342052,nan,179.76569880714618,0.00167226790816735,0.001717294151894028,210,0,0,0,0,-0.0060512367187218787,0.0026574110422346161,-0.0097981955982831392,-0.0044074820736447933,0.0029649018932756009,-0.011515489750177167,0.0016406629343789548,0.00032358166270887679,-0.001717294151894028,0,0.054719029329433386,0.057798414381990619,0.001640668015899066,0.001561455871831559,0.0022649361973511375,-0.0017329987576224157,0.0299835,-2.8290900438293631e-19,0.0012378999751271017,1.2109552212642531e-05,0.0012378407438620239,-9.4354896654138552e-18,0.0012378999751271019,-1.5704605728387652e-05,1,0,0.0299835,0,0,0,0,0,0,0,0.0093130000000000001,137,0,0,1,0,0,0,0,0,0,0,0,1,20,nan,1,0.0016406329839878375,0,0.0014964998109329242,0.0067865941673517227,0.0299835,-4.487030208110733e-05,-0.0014964998109329242,-0.043553799999999997,0,0,0
639155490418542040,nan,182.08764018617032,0.0029928302475531461,0.0009488315795061382,211,0,0,0,0,-0.0043954673556376358,0.0040082085338544633,-0.011529468546730464,-0.0073149241731541659,0.0033495699521381471,-0.012478300126236602,-0.0029116691953717721,-0.00069225384606524487,-0.0009488315795061382,0,-0.14559267915889798,0.048143407407416197,-0.0029116788719629693,0.00035116267465805671,0.0029327783887482103,-0.00096281037605943504,0.019998800000000001,2.541098841762901e-19,0.0010433758190243549,1.2014718007157497e-05,0.0010433066405788624,1.2706256584209557e-17,0.0010433758190243549,-1.3978796553296841e-05,1,0,0.019998800000000001,0,0,0,0,0,0,0,0.0091309000000000008,138,0,0,1,0,0,0,0,0,0,0,0,1,20,nan,1,-0.0029116858839989472,0,0.0019970907616308244,0.0014041633112356067,0.019998800000000001,-3.9939418723702533e-05,-0.0019970907616308244,-0.023555,0,0,0
639155490418742016,nan,177.67347581178061,0.0046270524767848846,0.0048362799195019795,208,0,0,0,0,-0.0073105776171642134,0.0036978810478668941,-0.012490153481918129,-0.0075457204847290812,-0.00092319268609954315,-0.0076538735624161495,-0.0001774081067006788,-0.0046236501799550118,0.0048362799195019795,0,-0.0088742105281806004,0.24125027822440956,-0.00017746291245834437,-0.0042753098618530912,0.004278991411554421,0.0048244265638204527,0.019997600000000001,-2.2869889575866109e-20,0.00034833821489571614,4.3465559899525524e-06,0.000348311095728747,-1.1436317145990573e-18,0.0003483382148957162,-1.1853355681526805e-05,1,0,0.019997600000000001,0,0,0,0,0,0,0,0.0094129000000000001,139,0,0,1,0,0,0,0,0,0,0,0,1,20,nan,1,-0.00017739051704941756,0,0.0016935397507020385,-0.0063062747940421104,0.019997600000000001,-3.3866730518639088e-05,-0.0016935397507020385,-0.036952600000000002,0,0,0
639155490419041975,nan,177.06630747105856,0.0060669313262903622,0.0010921037630696115,210,0,0,0,0,-0.007594792808742072,-0.0073345039471284521,-0.0076461132523538249,-0.0070830314748008966,-0.0012891953483052227,-0.0087382170154234363,0.00046552371064771778,0.0060490448330912635,-0.0010921037630696115,0,0.015518013067459717,0.036149722228947516,0.00046547676817021492,-0.00036245061310995251,0.00058994836100286657,-0.0010843434530072868,0.029995899999999999,-8.8091426514447235e-20,-0.0064114990586274069,-4.9072324012990748e-05,-0.0064113112610289088,-2.9367822440549287e-18,0.0064114990586274078,7.7603100623246588e-06,1,0,0.029995899999999999,0,0,0,0,0,0,0,0.019466500000000001,140,0,0,1,0,0,0,0,0,0,0,0,1,20,nan,1,0.00046547274995712508,0,0.00073917816980951395,-0.0048945127055048943,0.029995899999999999,2.21723144637892e-05,0.00073917816980951395,-0.040006,0,0,0
639155490419241972,nan,180.02030761420227,0.002691117204826583,0.00041940301180109357,214,0,0,0,0,-0.007085140211038024,-0.0015305126057355008,-0.0087979365318534911,-0.0046984034793288686,-0.00028729115176040964,-0.0083785335200523975,0.0023757067188497193,0.0012641714267163059,0.00041940301180109357,0,0.1187908923793646,0.017984444535219971,0.0023757822103195781,0.0010227030776193404,0.0025865542128173246,0.00035968349537103886,0.019999699999999999,-9.1056041829837286e-20,-0.0002413264707863372,-2.1087362371274843e-06,-0.00024131725743027806,-4.5528703845476331e-18,0.0002413264707863372,-5.9719516430054721e-05,1,0,0.019999699999999999,0,0,0,0,0,0,0,0.0194492,141,0,0,1,0,0,0,0,0,0,0,0,1,20,nan,1,0.0023756949511976591,0,0.0085314874623191317,-0.0056875729933381081,0.019999699999999999,-0.00017062718980014394,-0.0085314874623191317,-0.053423100000000001,0,0,0
639155490419541924,nan,180.12679938173073,0.0020324711860425781,0.0011694747674625158,209,0,0,0,0,-0.0046855631041000673,0.0012452055235392997,-0.0083660780831856692,-0.0063810839566782506,0.0023659856806467834,-0.0095355528506481848,-0.00170483794203132,0.0011065562405516221,-0.0011694747674625158,0,-0.056837484815586155,0.038573482777103915,-0.0017048517245404698,0.0026390854733359583,0.0031418611583329862,-0.0011570193305957873,0.0299952,7.589415207398531e-19,0.0015325504673715249,1.2840375228801229e-05,0.0015324966752997093,2.5302099027172785e-17,0.0015325504673715249,1.2455436866728314e-05,1,0,0.0299952,0,0,0,0,0,0,0,0.0092899000000000002,143,0,0,1,0,0,0,0,0,0,0,0,1,20,nan,1,-0.0017048047657527317,0,0.0011864219100513932,0.0011862320825457573,0.0299952,3.5586962476373551e-05,0.0011864219100513932,-0.056869400000000001,0,0,0
639155490419842056,nan,180.51754087160464,0.0037601136550846482,0.0016737155344057359,212,0,0,0,0,-0.00635592293493398,0.0050045593984227943,-0.0095806228771837254,-0.0043485540470158141,0.0018251058530832464,-0.0079069073427779895,0.0020377374414784124,-0.003160076078000504,0.0016737155344057359,0,0.067889962239818968,0.054264307300460973,0.0020375950146961346,-0.00052147423486018085,0.0021032662269759275,0.0016286455078701953,0.0300132,-3.1170812458958252e-19,0.0026386936808113094,2.5161021744270554e-05,0.0026385737177760109,-1.0385701111163838e-17,0.0026386936808113094,-4.5070026535540611e-05,1,0,0.0300132,0,0,0,0,0,0,0,0.019399,144,0,0,1,0,0,0,0,0,0,0,0,1,20,nan,1,0.0020376285859835222,0,0.0042904956614842511,-0.0064385752193629742,0.0300132,-0.00012877150438725914,-0.0042904956614842511,-0.0602894,0,0,0
639155490420041800,nan,179.74507669015574,0.002436322395371864,3.4944517564116859e-05,209,0,0,0,0,-0.0043513155837315055,0.0014758568931469598,-0.007897603193050615,-0.0061587711657477605,-0.00015778050028794155,-0.0079325477106147319,-0.001794497529100285,-0.001647860865559793,-3.4944517564116859e-05,0,-0.089839103906920348,0.0012836614785296356,-0.0017944821970783897,-0.0019971374393627978,0.0026849067595236665,-2.5640367836742353e-05,0.0199744,1.4399560103323106e-20,-0.00034925987760063429,-2.7615367156914178e-06,-0.00034924895993628663,7.209007581365701e-19,0.00034925987760063429,9.3041497273745055e-06,1,0,0.0199744,0,0,0,0,0,0,0,0.019427300000000002,145,0,0,1,0,0,0,0,0,0,0,0,1,20,nan,1,-0.0017945087421566781,0,0.001330867757497346,0.00088611245155334473,0.0199744,2.6583284935354987e-05,0.001330867757497346,-0.040314999999999997,0,0,0
639155490420342087,nan,177.85018373313054,0.0040638995262518521,0.0018994689495996937,211,0,0,0,0,-0.0061825882660261379,-0.0031601703476565528,-0.007947562525060483,-0.0059192803717524767,0.00089519009406539114,-0.0098470314746601766,0.0002310696871841426,0.0040573250004325078,-0.0018994689495996937,0,0.0076969901174583338,0.063755133057556437,0.00023113060714012105,0.0010548372175005682,0.0010798624509544268,-0.0019144837640454448,0.030028699999999998,-1.8634724839594607e-19,-0.0030024843130061121,-2.3817100278377377e-05,-0.0030023898473686113,-6.2056382193017372e-18,0.0030024843130061116,-1.5014814445751118e-05,1,0,0.030028699999999998,0,0,0,0,0,0,0,0.0090387000000000002,147,0,0,1,0,0,0,0,0,0,0,0,1,20,nan,1,0.0002311079811082504,0,0.0014286156192241755,0.0074277794919908047,0.030028699999999998,-4.2899469844996999e-05,-0.0014286156192241755,-0.043359799999999997,0,0,0
639155490420541796,nan,181.76174781626096,0.0031696885971700004,0.0010433071732665316,217,0,0,0,0,-0.0059123696054470551,0.0015969795578761679,-0.0098595526415384653,-0.0087632318128579995,0.0002115155643398782,-0.0088162454682719337,-0.002837063807405598,-0.0014135044236714574,0.0010433071732665316,0,-0.14206077372116291,0.051614399270350504,-0.0028370815059079722,-0.00071164541085890029,0.0029249736173103478,0.0010307860063882429,0.0199709,2.7528570785764761e-19,0.00070182348935237684,6.9107663054216242e-06,0.00070178946381077676,1.3784341609924822e-17,0.00070182348935237684,-1.252116687828868e-05,1,0,0.0199709,0,0,0,0,0,0,0,0.0090714000000000003,148,0,0,1,0,0,0,0,0,0,0,0,1,20,nan,1,-0.0028370687759813168,0,0.0017913445317632789,0.0012235698522999883,0.0199709,-3.5774762509391267e-05,-0.0017913445317632789,-0.023388900000000001,0,0,0
639155490420741612,nan,179.65046873686262,0.0029224575166350163,0.0018719212351907127,208,0,0,0,0,-0.008769483334420845,-0.00049755720541591023,-0.0088299133045915881,-0.0069230532276919124,0.0017677140360696406,-0.010701834539782301,0.0018263562377923443,0.0022814865393452357,-0.0018719212351907127,0,0.091403462215555245,0.09436627054441922,0.0018263874206063384,0.0015723612493854064,0.0024099815162606352,-0.0018855890715103671,0.019981599999999999,3.5405977195229754e-19,-0.00070910032740860885,-6.2515215628455162e-06,-0.00070907276975578845,1.771929034473203e-17,0.00070910032740860874,-1.3667836319654347e-05,1,0,0.019981599999999999,0,0,0,0,0,0,0,0.0088877000000000001,149,0,0,1,0,0,0,0,0,0,0,0,1,20,nan,1,0.0018263567191493448,0,0.0019543460440255467,-0.0069192759692668915,0.019981599999999999,-3.9050960913300861e-05,-0.0019543460440255467,-0.0367858,0,0,0
639155490421041972,nan,183.25069432232806,0.0024030209583342822,0.00053406959794310808,211,0,0,0,0,-0.0068977040720308927,0.0041362974615906907,-0.010696483428675766,-0.0059371301082177773,0.0019336155993513492,-0.010162413830732658,0.00098407951317230164,-0.0021922812862286579,0.00053406959794310808,0,0.032763725006623751,0.017959139334453405,0.00098409124429895095,0.0001764430477719847,0.0009997838397438339,0.00053942070904964244,0.030036,-8.3348042009823153e-19,0.0023687190680504429,2.5349155661019696e-05,0.0023685834255210503,-2.7749381412246355e-17,0.0023687190680504429,5.3511111065343564e-06,1,0,0.030036,0,0,0,0,0,0,0,0.0190793,150,0,0,1,0,0,0,0,0,0,0,0,1,20,nan,1,0.0009840925930792721,0,0.00050901880662583847,-0.005163517314940691,0.030036,1.5288888875813686e-05,0.00050901880662583847,-0.040360399999999998,0,0,0
639155490421341790,nan,179.7075766767766,0.0014758559587507464,0.0001501022594138559,209,0,0,0,0,-0.0059353456724250356,0.0021092012813598996,-0.010137081496647719,-0.0071899857277791888,0.0013320081634792713,-0.0099869792372338628,-0.0012466972571930619,-0.0007898713565431915,0.0001501022594138559,0,-0.041581134138309134,0.0058513696141924637,-0.0012466772475079567,-0.00061430818886709453,0.0013898124730923897,0.0001754345934987956,0.029981799999999999,-4.9847888945915575e-19,0.00017559474917407464,1.7844357927416371e-06,0.00017558568200855035,-1.6626049451972722e-17,0.00017559474917407464,2.5332334084939706e-05,1,0,0.029981799999999999,0,0,0,0,0,0,0,0.0091912999999999995,152,0,0,1,0,0,0,0,0,0,0,0,1,20,nan,1,-0.0012466994779205573,0,0.0024140677806382634,0.0071307308971881866,0.029981799999999999,7.2378097385540283e-05,0.0024140677806382634,-0.0103786,0,0,0
639155490421541908,nan,179.12724073184654,0.0017351456616299997,0.0023011753579877262,208,0,0,0,0,-0.0071940791545776874,0.00092214542041161793,-0.01000085967592906,-0.0062340596040765285,-0.00052322405820932026,-0.0076996843179413339,0.00097442623805008434,-0.0014356963375564383,0.0023011753579877262,0,0.048691587456461516,0.11429731055140112,0.00097440630986121658,-0.0018455930466035649,0.0020870269165415142,0.0022872949192925289,0.0200118,-2.8121493848842771e-19,-0.00040988318372177205,-4.0934267984986047e-06,-0.0004098627430676534,-1.4052455975395901e-17,0.000409883183721772,-1.3880438695197325e-05,1,0,0.0200118,0,0,0,0,0,0,0,0.0092029999999999994,153,0,0,1,0,0,0,0,0,0,0,0,1,20,nan,1,0.00097444290629984686,0,0.0019817505807567981,0.0009944612393155694,0.0200118,-3.9658396271988888e-05,-0.0019817505807567981,-0.0233627,0,0,0
639155490421841530,nan,180.91925416309454,0.00288078719756606,0.0017270708336437938,205,0,0,0,0,-0.006255361346301897,-0.0032897428380969616,-0.0076898453526855672,-0.0059471799194454776,-0.00042548742249568237,-0.0094169161863293608,0.00028614685082352229,0.0028665405731341563,-0.0017270708336437938,0,0.0095493203775613572,0.057313277008631772,0.00028611864701656893,9.9942599746252457e-05,0.00030307161433336448,-0.0017172318683880269,0.029962200000000001,-2.1345230270808369e-19,-0.002766600788638079,-2.1301742225368452e-05,-0.0027665187798876414,-7.1240530637965068e-18,0.0027666007886380786,9.8389652557666699e-06,1,0,0.029962200000000001,0,0,0,0,0,0,0,0.0191354,154,0,0,1,0,0,0,0,0,0,0,0,1,20,nan,1,0.00028612005174797229,0,0.00093822647543211838,0.0061579262837767601,0.029962200000000001,2.811132930219222e-05,0.00093822647543211838,-0.026675899999999999,0,0,0
639155490422041749,nan,180.69011880060964,0.0036375145405157976,0.0019617007936596001,209,0,0,0,0,-0.0059465479243584222,-0.00035837666213411,-0.0094352878498513374,-0.0049276247681320513,0.0031335150363825471,-0.011396988643510938,0.00098593128745178438,0.0035013499580715327,-0.0019617007936596001,0,0.049245856432641198,0.098895332470024189,0.00098599561290869876,0.0035684455803887253,0.0037021603434847371,-0.0019800724571815771,0.020021899999999999,3.076847180901246e-19,6.711373610594522e-05,6.3199508705535923e-07,6.711076036157237e-05,1.5367408592097884e-17,6.711373610594522e-05,-1.8371663521976611e-05,1,0,0.020021899999999999,0,0,0,0,0,0,0,0.0193511,155,0,0,1,0,0,0,0,0,0,0,0,1,20,nan,1,0.00098590195788127036,0,0.0026216526506297848,-0.0052490467205643654,0.020021899999999999,-5.2490467205644487e-05,-0.0026216526506297848,-0.040345399999999997,0,0,0
639155490422241765,nan,181.05580509931426,0.0046338241154148243,0.0022569928918776301,208,0,0,0,0,-0.0048869752002119078,0.0067000543361263806,-0.011461695661247448,-0.0050058239739163004,0.002067754593926083,-0.0092047027693698182,-6.574811981344925e-05,-0.0046333576504885704,0.0022569928918776301,0,-0.0033021323509752256,0.10960552526503473,-6.6047930431266077e-05,-0.0010665824428406985,0.0010686254893508228,0.0021922858741411188,0.020001600000000001,7.453889935837843e-20,0.0035667709435831911,4.0649567920143445e-05,0.0035665392997438336,3.7266468361720273e-18,0.0035667709435831911,-6.470701773651083e-05,1,0,0.020001600000000001,0,0,0,0,0,0,0,0.019134600000000002,156,0,0,1,0,0,0,0,0,0,0,0,1,20,nan,1,-6.5949336764868286e-05,0,0.0092431202270260426,-0.006162573117762804,0.020001600000000001,-0.00018487719353288412,-0.0092431202270260426,-0.053419700000000001,0,0,0
639155490422541739,nan,184.94062723834688,0.00085035852709453301,0.0014438510058262374,213,0,0,0,0,-0.0050205456391259878,0.00046843631019580245,-0.0092406580382275016,-0.0058393595913027799,0.00023897316212403535,-0.0077968070324012642,-0.00081665863295449356,-0.0002370196232873584,0.0014438510058262374,0,-0.027224597949518665,0.04693392550582897,-0.00081666715453089121,-0.0018363762984383741,0.002009781866461086,0.001407895736968554,0.0299974,-5.9292306307801024e-20,-0.0015993860384849294,-1.4721665209687339e-05,-0.0015993182837302806,-1.9765815139912468e-18,0.0015993860384849294,-3.5955268857683353e-05,1,0,0.0299974,0,0,0,0,0,0,0,0.0092642000000000002,158,0,0,1,0,0,0,0,0,0,0,0,1,20,nan,1,-0.00081657282859142236,0,0.0034246081191493297,-0.0051364926621317863,0.0299974,-0.00010272933959337011,-0.0034246081191493297,-0.056853899999999999,0,0,0
639155490422741476,nan,181.90825552505385,0.0016017241748730144,0.0027659538302544882,205,0,0,0,0,-0.0058488870382442885,-0.00098296985155645663,-0.0078682419244167981,-0.0053460921036879282,0.00053779232122306913,-0.010634195754671286,0.00049081376959227456,0.0015246711697776869,-0.0027659538302544882,0,0.024578454821102561,0.1420562400691921,0.00049092268306025622,0.0003026559489576253,0.00057671977960056255,-0.0028373887222700222,0.0199737,-5.014435047745458e-19,-0.001221980155701305,-9.5274469415086022e-06,-0.0012219430136804919,-2.5105188561685907e-17,0.0012219801557013053,-7.1434892015533914e-05,1,0,0.0199737,0,0,0,0,0,0,0,0.0092473,159,0,0,1,0,0,0,0,0,0,0,0,1,20,nan,1,0.00049089179451113117,0,0.01021842179831216,-0.0068033230490982533,0.0199737,-0.0002040996914729476,-0.01021842179831216,-0.070463100000000001,0,0,0
639155490423041609,nan,185.61973360400509,0.00050661555260329697,0.00041558797071177168,208,0,0,0,0,-0.0053412337025760832,0.00099464097092824381,-0.010629818443080929,-0.0052005572606015401,0.0014813333345553373,-0.010214230472369157,0.00013549514028374685,0.00048816020433770682,0.00041558797071177168,0,0.0045144320502286646,0.013992639339963588,0.00013549300345312799,0.00094503527998033687,0.00095469892342678537,0.00041996528230212916,0.0300133,-3.7947076036992655e-19,0.00045687448254285882,4.8584011118450732e-06,0.00045684864970517468,-1.2643420096088287e-17,0.00045687448254285882,4.3773115903575355e-06,1,0,0.0300133,0,0,0,0,0,0,0,0.019292299999999998,160,0,0,1,0,0,0,0,0,0,0,0,1,20,nan,1,0.00013549891304174216,0,0.00041670208020736947,0.00041688681812956929,0.0300133,1.2506604543887842e-05,0.00041670208020736947,-0.040449800000000001,0,0,0
639155490423341617,nan,179.94672731856525,0.00071631877506471658,5.9927059795704389e-05,209,0,0,0,0,-0.0051909092222571533,0.0024258687882947275,-0.010201795667324254,-0.0054311535541690936,0.00310069858053452,-0.01014186860752855,-0.0002471161863419992,0.00067234379446679091,5.9927059795704389e-05,0,-0.0082372652324904944,0.0024119978414111312,-0.00024712454678690085,0.001616925449384628,0.001635701210640963,7.2361864840607068e-05,0.030000800000000001,3.4220131069073734e-19,0.00094458472781141795,9.6480383443868153e-06,0.00094453545373939028,1.1406406185526297e-17,0.00094458472781141806,1.243480504490267e-05,1,0,0.030000800000000001,0,0,0,0,0,0,0,0.0093095000000000001,162,0,0,1,0,0,0,0,0,0,0,0,1,20,nan,1,-0.00024709582367257504,0,0.001184235567518586,0.0035528014414012432,0.030000800000000001,3.5528014414011599e-05,0.001184235567518586,-0.076758999999999994,0,0,0
639155490423541448,nan,183.0016577695649,0.0032995394455671645,0.00072645940867846134,211,0,0,0,0,-0.0054202307195243991,0.0041776658107680557,-0.010183719552238639,-0.0080673643835145713,0.0022079846391507714,-0.010910178960917101,-0.0026269380665641753,-0.0019965362374096155,-0.00072645940867846134,0,-0.13146216659033338,0.038448006234695846,-0.0026270216211912913,-0.00091940367613619982,0.0027832617048885789,-0.00076831035338855054,0.0199831,5.2516042729766621e-20,0.0010770226196851992,1.0922834644694519e-05,0.0010769672302335357,2.6280228157676548e-18,0.001077022619685199,-4.1850944710089197e-05,1,0,0.0199831,0,0,0,0,0,0,0,0.0092450999999999992,163,0,0,1,0,0,0,0,0,0,0,0,1,20,nan,1,-0.0026269666480498799,0,0.0059837626666089704,-0.0039858175441622734,0.0199831,-0.00011957412774311373,-0.0059837626666089704,-0.056775899999999997,0,0,0
639155490423741391,nan,179.53679366012565,0.002073300576603852,0.0019467873412335537,207,0,0,0,0,-0.0080774226947764576,0.0012861013036194638,-0.010975025589987607,-0.0067452441681797801,-0.00030256973036478128,-0.009028238248754053,0.0013495336513887162,-0.0015739549563806787,0.0019467873412335537,0,0.067490814025902651,0.094123860908511311,0.0013494315828781053,-0.0024959806708429533,0.002837408166988061,0.0018819407121630476,0.0199943,-2.7952087259391911e-19,-0.00092193820506353383,-1.0058311261886346e-05,-0.00092188333553130768,-1.398002793765819e-17,0.00092193820506353383,-6.4846629070506104e-05,1,0,0.0199943,0,0,0,0,0,0,0,0.029239399999999999,163,0,0,1,0,0,0,0,0,0,0,0,1,20,nan,1,0.0013496627998485359,0,0.0092664450897797946,-0.0061758076772093773,0.0199943,-0.00018527608305858416,-0.0092664450897797946,-0.036781599999999998,0,0,0
639155490424041493,nan,178.21744348858115,0.0052902116064786281,0.0020481829658750986,209,0,0,0,0,-0.0067791006555002684,-0.0040525336227906885,-0.0090559849229261049,-0.0040057866809701179,0.00045247119851605095,-0.0070078019570510063,0.0027324035562658472,0.0045299348391590515,0.0020481829658750986,0,0.091053350055648602,0.067324985894897299,0.0027325292458400259,0.00077974229662321594,0.0028416041470469291,0.0020204362917030472,0.030010200000000001,6.3019251275719945e-19,-0.0037501167256809151,-3.3856487320488293e-05,-0.0037499638924259073,2.0999277337611861e-17,0.0037501167256809146,-2.7746674172051886e-05,1,0,0.030010200000000001,0,0,0,0,0,0,0,0.019157,164,0,0,1,0,0,0,0,0,0,0,0,1,20,nan,1,0.0027324983361856118,0,0.0026416422389770062,-0.0039638304151594639,0.030010200000000001,-7.9276211920147749e-05,-0.0026416422389770062,-0.040096100000000003,0,0,0
639155490424241920,nan,181.35861312308197,0.0021190375224676137,0.0003539316869913736,210,0,0,0,0,-0.0040021631675034638,0.0009695312085749926,-0.0070747382970011959,-0.0061182037882059276,0.00085687192949504391,-0.0074286699839925694,-0.0021151906367059435,-0.00012762676841942937,-0.0003539316869913736,0,-0.10553464228053938,0.020998569401406156,-0.0021151991748361667,0.00038958752152917992,0.0021507779955538997,-0.00042086802694156315,0.0200427,2.2785186281140679e-19,0.0005170727065432828,3.6235134666540852e-06,0.0005170600100589417,1.1368321773583737e-17,0.0005170727065432828,-6.6936339950189605e-05,1,0,0.0200427,0,0,0,0,0,0,0,0.019144000000000001,165,0,0,1,0,0,0,0,0,0,0,0,1,20,nan,1,-0.0021152364188267224,0,0.0095419621893241963,-0.0063748895190656185,0.0200427,-0.00019124668557196807,-0.0095419621893241963,-0.053822700000000001,0,0,0
639155490424541815,nan,181.64232375383085,0.0012788170904711037,0.002112056866167107,214,0,0,0,0,-0.0061138833125993566,0.0014384560004312673,-0.0074284490281301104,-0.0062825377684776699,0.00017080903640959253,-0.0095405058942972173,-0.00015923323831342235,-0.0012688648181335947,-0.002112056866167107,0,-0.0053096236332816123,0.07041917705545768,-0.0001592329579502989,-0.00068726473461333017,0.00070547002086604135,-0.0021118359103046479,0.029989499999999999,-6.7254416011991447e-19,0.00058160011870375076,4.3204756065709851e-06,0.00058158407093622337,-2.2425987766382051e-17,0.00058160011870375086,2.2095586245905741e-07,1,0,0.029989499999999999,0,0,0,0,0,0,0,0.029251599999999999,166,0,0,1,0,0,0,0,0,0,0,0,1,20,nan,1,-0.0001592331748862512,0,2.1050783246501802e-05,2.1043415472377092e-05,0.029989499999999999,6.313024641709658e-07,2.1050783246501802e-05,-0.0568701,0,0,0
639155490424841515,nan,180.14798994025631,0.0019110336434616018,0.0016741794972233975,210,0,0,0,0,-0.0062890934503529346,-0.00051631207064308654,-0.0095828307590684371,-0.0050244430628617635,0.00091641574156010929,-0.0079086512618450396,0.0012508629430886171,0.0014447807736988362,0.0016741794972233975,0,0.041739208946248753,0.054449604019091685,0.0012509240921190752,0.00075757545024918204,0.0014624403054703408,0.0016318546324521777,0.02997,-3.7269449679189215e-20,-0.00068715237955067063,-6.5556818752646878e-06,-0.00068712110705267907,-1.2435585478541613e-18,0.00068715237955067063,-4.2324864771219738e-05,1,0,0.02997,0,0,0,0,0,0,0,0.019303899999999999,167,0,0,1,0,0,0,0,0,0,0,0,1,20,nan,1,0.0012508782837203499,0,0.0040349744764971857,-0.0060464092530310154,0.02997,-0.00012092818506062065,-0.0040349744764971857,-0.060155699999999999,0,0,0
639155490425042506,nan,179.56506457645017,0.0020569006179343634,0.0014335527672626643,210,0,0,0,0,-0.0050204358605334138,0.0014230911087603343,-0.007903285441230732,-0.0070766703793858276,0.0013707484345971976,-0.0093368382084933962,-0.0020557566262197329,-6.8591878618594039e-05,-0.0014335527672626643,0,-0.10228101049989409,0.071057258615975671,-0.0020557562581384214,0.00043808830362680317,0.0021019170189733689,-0.0014281869466483568,0.020099100000000002,3.2017845406212553e-19,0.00050669121306569267,4.007202328349703e-06,0.00050667536720022503,1.5929989604615407e-17,0.00050669121306569267,5.3658206143076398e-06,1,0,0.020099100000000002,0,0,0,0,0,0,0,0.019250900000000001,168,0,0,1,0,0,0,0,0,0,0,0,1,20,nan,1,-0.0020557528999305239,0,0.00076276629505224957,0.00051103223813697696,0.020099100000000002,1.5330916040884671e-05,0.00076276629505224957,-0.040056599999999998,0,0,0
639155490425342123,nan,177.76454206144527,0.00025861222005004537,0.00012028726325311392,208,0,0,0,0,-0.0070706138448048163,0.0020194004138672688,-0.0093234566279040559,-0.00731041884923449,0.0019225818195286952,-0.009203169364650942,-0.00023889191087189459,-9.905016546774604e-05,0.00012028726325311392,0,-0.0079731986303425619,0.004461323751404434,-0.00023889058540273474,0.000549626891706987,0.00059929828289554223,0.00013366884384245423,0.029961700000000001,-5.073727354053259e-19,0.00064868025391722221,6.0565345810113455e-06,0.00064865197927007115,-1.6934043642561201e-17,0.00064868025391722221,1.3381580589340303e-05,1,0,0.029961700000000001,0,0,0,0,0,0,0,0.0092311000000000008,170,0,0,1,0,0,0,0,0,0,0,0,1,20,nan,1,-0.00023888007839259153,0,0.0012760653567091213,0.003823308739811182,0.029961700000000001,3.8233087398111681e-05,0.0012760653567091213,-0.076601699999999995,0,0,0
639155490425541265,nan,181.46425213478548,0.0027183911776443616,0.0011516613802360215,214,0,0,0,0,-0.007307056669722675,0.0022878999457530938,-0.0092422001689497629,-0.0050551079917113472,0.00076527794857266039,-0.010393861549185784,0.0022659246768634103,-0.0015017443036270017,-0.0011516613802360215,0,0.11378142535725483,0.059791113101949483,0.002265866060849444,-0.0011364991456583764,0.0025349120919257923,-0.0011906921845348424,0.0199142,-3.0747295985331102e-19,0.00036533359768734023,3.3621795118149445e-06,0.00036531812622439866,-1.543988509974345e-17,0.00036533359768734023,-3.9030804298820915e-05,1,0,0.0199142,0,0,0,0,0,0,0,0.0090630999999999993,171,0,0,1,0,0,0,0,0,0,0,0,1,20,nan,1,0.0022659294265781941,0,0.0055998525529977845,-0.0037172194570302963,0.0199142,-0.00011151658371090847,-0.0055998525529977845,-0.090145000000000003,0,0,0
639155490425741273,nan,178.75225195257531,0.0028764888276194599,0.0021131545656962875,205,0,0,0,0,-0.0050669435899123871,-0.00037339144131389357,-0.010462274872675736,-0.0079144612940810211,3.3831961581575922e-05,-0.0083491203069794486,-0.0028516222675428796,0.00037741014648943523,0.0021131545656962875,0,-0.14257411908459253,0.10223297279140514,-0.002851596440987118,-0.00076112566466209996,0.0029514258485785682,0.0020447412422063358,0.020000799999999999,7.7927031147395631e-20,-0.0011387308992248317,-1.1835598201039889e-05,-0.001138669389886554,3.8961957095413998e-18,0.0011387308992248314,-6.8413323489951633e-05,1,0,0.020000799999999999,0,0,0,0,0,0,0,0.0290639,171,0,0,1,0,0,0,0,0,0,0,0,1,20,nan,1,-0.0028515220400307044,0,0.0097729410094952104,-0.0065155546180903912,0.020000799999999999,-0.0001954666385427118,-0.0097729410094952104,-0.070144200000000004,0,0,0
639155490426041385,nan,181.1714644286271,0.0022622668737871626,0.0010598068979149591,209,0,0,0,0,-0.0079239233889936145,-0.0010994461207839,-0.0083498188490129591,-0.0059993622479913187,8.9635803550450481e-05,-0.0094096257469279184,0.0019145655484005366,0.0012051100236544767,-0.0010598068979149591,0,0.063795062850538292,0.035336988855776172,0.0019145663902200745,7.1791103570347466e-05,0.0019159119043192395,-0.0010605054399484698,0.030011199999999998,-1.5500702934753696e-18,-0.0011333175826793234,-9.4620949125934217e-06,-0.0011332780823654759,-5.1649727217684387e-17,0.0011333175826793236,-6.9854203351045474e-07,1,0,0.030011199999999998,0,0,0,0,0,0,0,0.019184799999999998,172,0,0,1,0,0,0,0,0,0,0,0,1,20,nan,1,0.0019145663185775449,0,6.6502984934090661e-05,-6.6527369199320674e-05,0.030011199999999998,-1.9958343814539814e-06,-6.6502984934090661e-05,-0.040133000000000002,0,0,0
639155490426341388,nan,179.51237290977261,0.0011714838743218524,0.0017560624793431807,207,0,0,0,0,-0.005998667878113882,0.0001634271957456699,-0.0094594466925261075,-0.0068703369411903066,-0.0006192397271989541,-0.0077033842131829268,-0.00086422657877770106,-0.00079087729031141602,0.0017560624793431807,0,-0.02880857791287356,0.056874149050009218,-0.00086426597995958063,-0.00071703957364487698,0.0011229877266864144,0.0017062415337449916,0.030000300000000001,-2.8280312526452953e-19,7.3794659099662359e-05,6.9436987743670686e-07,7.3791392195219415e-05,-9.4266765753852298e-18,7.3794659099662359e-05,-4.9820945598189059e-05,1,0,0.030000300000000001,0,0,0,0,0,0,0,0.0091851999999999993,174,0,0,1,0,0,0,0,0,0,0,0,1,20,nan,1,-0.00086421494407121148,0,0.0047448045136867989,-0.0071172779425978661,0.030000300000000001,-0.00014234555885195808,-0.0047448045136867989,-0.076901800000000006,0,0,0
639155490426541289,nan,181.23634959180623,0.0017820683472215121,0.0018875054082345723,207,0,0,0,0,-0.0068740098914386698,-0.0010960272653602783,-0.0077051905802875548,-0.0058271034781535161,0.00034610814991500958,-0.009592695988522127,0.0010357635177768397,0.0014501591393400101,-0.0018875054082345723,0,0.051813954772358103,0.094512372391293689,0.0010357661372949157,0.00097335558306373355,0.0014213488601494606,-0.0018893117753392,0.0199901,1.9015889665859043e-19,-0.00047680168530476395,-3.6729502483632062e-06,-0.00047678753816132421,9.5126535964597689e-18,0.00047680168530476395,-1.8063671046279761e-06,1,0,0.0199901,0,0,0,0,0,0,0,0.029175300000000001,174,0,0,1,0,0,0,0,0,0,0,0,1,20,nan,1,0.0010357636255236009,0,0.00025818024273872295,-0.00017203553579747677,0.0199901,-5.1610488703713459e-06,-0.00025818024273872295,-0.056911700000000003,0,0,0
639155490426841401,nan,177.86805343357139,0.0018690376294192284,0.0018710502752345946,208,0,0,0,0,-0.0058130577125398994,0.0018102778471709533,-0.0096419804187428525,-0.0069344522210069114,0.00031502669215883398,-0.0077709301435082579,-0.001106925423118443,-0.0015059939468135667,0.0018710502752345946,0,-0.036886217273140065,0.060702865763910457,-0.0011069996438276611,-4.1702324643538426e-05,0.0011077848596705245,0.0018217658450138694,0.030011199999999998,2.1684043449710089e-19,0.0014642370661522794,1.4045765613616631e-05,0.0014641696972559437,7.2253170315449196e-18,0.0014642370661522794,-4.9284430220725498e-05,1,0,0.030011199999999998,0,0,0,0,0,0,0,0.019365400000000001,175,0,0,1,0,0,0,0,0,0,0,0,1,20,nan,1,-0.0011069967049763528,0,0.0046920035777807696,-0.007040632888674736,0.030011199999999998,-0.00014081265777349423,-0.0046920035777807696,-0.060099199999999998,0,0,0
639155490427041127,nan,177.3029833111375,0.0031119380066520841,0.00083102359144173864,207,0,0,0,0,-0.0069346574564751635,0.00028861655421695846,-0.0077766638985761801,-0.0039146092711244088,0.0010392610209289698,-0.0069456403071344415,0.0030141194139504139,0.00077410743162235473,0.00083102359144173864,0,0.15091294335455963,0.041321101728058258,0.0030141238524432775,0.00074767921400603317,0.0031054736844681498,0.00082528983637381644,0.0199726,2.2499312661442353e-19,-2.641093538113184e-05,-2.0523546825218508e-07,-2.6410137941875519e-05,1.1265089503340753e-17,2.6410935381131837e-05,-5.7337550679222027e-06,1,0,0.0199726,0,0,0,0,0,0,0,0.019367700000000002,176,0,0,1,0,0,0,0,0,0,0,0,1,20,nan,1,0.0030141177280429022,0,0.00082023158411624337,-0.00054607191123068333,0.0199726,-1.6382157336920083e-05,-0.00082023158411624337,-0.040126599999999998,0,0,0
639155490427341251,nan,178.30230134188247,0.0031411387162480348,0.0029137346261840068,210,0,0,0,0,-0.0039068317218253299,0.0021590172833889556,-0.0069931973230377368,-0.0067714056200935324,0.00087023149200511673,-0.0099069319492217436,-0.0028554911929488196,-0.0013087866448371485,-0.0029137346261840068,0,-0.095145787464747542,0.098668938241770129,-0.0028555534317069894,-0.00018886757211858103,0.0028617925083995058,-0.0029612916420873022,0.030012400000000002,-8.8091426514447235e-20,0.0011197832725985219,7.777549299078923e-06,0.0011197562624599858,-2.9351676811733562e-18,0.0011197832725985222,-4.7557015903295329e-05,1,0,0.030012400000000002,0,0,0,0,0,0,0,0.0092654,178,0,0,1,0,0,0,0,0,0,0,0,1,20,nan,1,-0.0028555405937195485,0,0.0045273682976078398,-0.0067938594147562981,0.030012400000000002,-0.00013587718829512554,-0.0045273682976078398,-0.076826199999999997,0,0,0
639155490427506726,nan,176.80728877301965,0.0027238575263006351,0.0018034431236191584,190,0,0,0,0,-0.0067724834274335184,0.00076144179969816486,-0.009932966596566218,-0.0087296734844075716,-0.0011329728604189166,-0.0081295234729470596,-0.0019382766577271393,-0.0019137615895650968,0.0018034431236191584,0,-0.11713711927350562,0.10741250800874357,-0.0019383264811783341,-0.0020225061577998902,0.0028013640795112047,0.001777408476274684,0.0165475,1.1286714022163552e-19,-0.00010879503123260451,-1.0778073399860325e-06,-0.00010878969230695187,6.8207971126536042e-18,0.00010879503123260451,-2.6034647344474332e-05,1,0,0.0165475,0,0,0,0,0,0,0,0.0058190999999999998,179,0,0,1,0,0,0,0,0,0,0,0,1,20,nan,1,-0.0019382512580740641,0,0.0044952232481340736,-0.0037192539311945438,0.0165475,-7.4384706698498587e-05,-0.0044952232481340736,-0.093687500000000007,0,0,0
639155490427741210,nan,178.59088852691011,0.0058799583647429895,0.0027479575945411061,208,0,0,0,0,-0.0087529324220621436,-0.0039939554680577301,-0.0082038551695579592,-0.004841528885900049,0.00039635576788098323,-0.010951812764099065,0.0038752548383207616,0.0044222517238599818,-0.0027479575945411061,0,0.16528136423330173,0.12036170020777559,0.0038755835410881523,0.0015608865071770903,0.0041780993851559915,-0.0028222892911520052,0.023448400000000001,-2.0667603913004928e-19,-0.0028610771501993101,-2.3258937654572001e-05,-0.0028609826076388136,-8.8140785354245605e-18,0.0028610771501993101,-7.433169661089957e-05,1,0,0.023448400000000001,0,0,0,0,0,0,0,0.029267499999999998,179,0,0,1,0,0,0,0,0,0,0,0,1,20,nan,1,0.0038754177716062268,0,0.0090571755868688562,-0.0070792092010378838,0.023448400000000001,-0.00021237627603113568,-0.0090571755868688562,-0.070239099999999999,0,0,0
639155490428041368,nan,178.05807235744896,0.003944362907771946,0.0033352247521259929,206,0,0,0,0,-0.0048194937173583197,0.0024082863977303555,-0.010956403796627037,-0.0066298877305525335,-0.001096064079205094,-0.007621179044501044,-0.001771891041212883,-0.0035239751540379347,0.0033352247521259929,0,-0.059032483554620201,0.11096268363988371,-0.0017719072198787689,-0.0015119157256159124,0.0023292797936751179,0.0033306337195980213,0.030015799999999999,3.8963515573697816e-19,0.0020120512935754781,2.2035168541729294e-05,0.0020119306298493722,1.2981001863584451e-17,0.0020120512935754777,-4.5910325279716058e-06,1,0,0.030015799999999999,0,0,0,0,0,0,0,0.019202500000000001,180,0,0,1,0,0,0,0,0,0,0,0,1,20,nan,1,-0.0017718973037631224,0,0.00043701103399537553,-0.0004372411931399256,0.030015799999999999,-1.3117235794198392e-05,-0.00043701103399537553,-0.040223299999999997,0,0,0
639155490428341143,nan,177.05589883269661,0.0025334262255585715,0.0012557705807956683,211,0,0,0,0,-0.0066413505139744245,-0.0026001045203964367,-0.0076692711578431813,-0.0064246356555984268,-7.5964446924478782e-05,-0.0089250417386388496,0.00019735036017455928,0.0025257278704735636,-0.0012557705807956683,0,0.0065873347523079072,0.043494710837721814,0.0001974718275373103,0.0010216342551916942,0.0010405439318222046,-0.0013038626941378056,0.029977500000000001,6.6068569885835426e-19,-0.001504084121365167,-1.1462783421891005e-05,-0.0015040404411913427,2.2039386168237987e-17,0.0015040841213651668,-4.8092113342137338e-05,1,0,0.029977500000000001,0,0,0,0,0,0,0,0.0090284000000000007,182,0,0,1,0,0,0,0,0,0,0,0,1,20,nan,1,0.00019740163771361465,0,0.0045836389999295611,-0.0068703019060194492,0.029977500000000001,-0.00013740603812038843,-0.0045836389999295611,-0.0770874,0,0,0
639155490428541112,nan,183.05235545314866,0.000814215174734838,1.0709694704137337e-05,215,0,0,0,0,-0.0064185518368180816,0.00060567463324282358,-0.0089352048997860083,-0.0057003676712403398,0.00022206303920285531,-0.0089244952050818709,0.00072158309920099467,-0.00037717924348507059,1.0709694704137337e-05,0,0.036084556397756443,2.7330914140626156e-05,0.0007215792658302959,0.00030447965248488396,0.00078318867181127218,5.4653355697868722e-07,0.019996900000000001,1.3976043629695956e-19,0.00068166622951579324,6.0838187803452168e-06,0.00068163908016730232,6.9891051261425287e-18,0.00068166622951579324,-1.016316114715865e-05,1,0,0.019996900000000001,0,0,0,0,0,0,0,0.0091158999999999997,183,0,0,1,0,0,0,0,0,0,0,0,1,20,nan,1,0.00072157484507456566,0,0.0014521052401920865,-0.00096791365649551153,0.019996900000000001,-2.9037603277597135e-05,-0.0014521052401920865,-0.057090500000000002,0,0,0
639155490428840976,nan,176.92990259612162,0.0010329545912571238,0.0016667541204694982,211,0,0,0,0,-0.0056962929560025683,0.00067862746827948247,-0.0089693534665590772,-0.0050307129701224248,-0.00011130826960997378,-0.0073025993460895788,0.000672638331186425,-0.00078393422110398583,0.0016667541204694982,0,0.022430273876937645,0.054087715063905376,0.00067260316458340303,-0.00032738178211576513,0.00074804668856221987,0.0016218958589922922,0.0299864,3.4728350837426314e-19,0.00045658261158560939,4.0747152377715312e-06,0.00045656442907662716,1.1581367165590506e-17,0.00045658261158560939,-4.4858261477206257e-05,1,0,0.0299864,0,0,0,0,0,0,0,0.0191857,184,0,0,1,0,0,0,0,0,0,0,0,1,20,nan,1,0.0006726241428845767,0,0.0042741529948054557,-0.0064083230681717396,0.0299864,-0.00012816646136343431,-0.0042741529948054557,-0.060203,0,0,0
639155490429040897,nan,179.6618996731693,0.00051828955353294898,0.0017902083996318493,208,0,0,0,0,-0.0050323121833598982,-0.0003302967056436447,-0.0073237595620637948,-0.0055316115738461803,-0.0004693081438831319,-0.0091139679616956439,-0.00049826792272325245,-0.00014266442614204301,-0.0017902083996318493,0,-0.024923391810853807,0.090604219446984824,-0.00049827094142177039,-0.0003616481579196382,0.00061568118469870823,-0.0018113686156060651,0.019992099999999999,4.6375053862172944e-20,-0.0002189942752663916,-1.5992132374733833e-06,-0.00021898843603367091,2.319668962348775e-18,0.00021899427526639157,-2.1160215974216044e-05,1,0,0.019992099999999999,0,0,0,0,0,0,0,0.019279000000000001,185,0,0,1,0,0,0,0,0,0,0,0,1,20,nan,1,-0.00049826000897536108,0,0.0030240825089074353,-0.0030229031108319759,0.019992099999999999,-6.0457759926328333e-05,-0.0030240825089074353,-0.040210900000000001,0,0,0
639155490429241255,nan,182.10347576810497,0.0012529426188850807,0.0010128645484917646,213,0,0,0,0,-0.0055349230208311517,-0.00083263565508153478,-0.0091068615613678888,-0.0050714526352140668,0.00033143496471545821,-0.010119726109859653,0.00045285028335835124,0.0011682430513728149,-0.0010128645484917646,0,0.022601642127796921,0.050198052893521083,0.00045284198134411355,0.00080490366796499575,0.00092354522075054155,-0.0010057581481640097,0.020035799999999999,1.2451384324638215e-19,-0.00036334260151372263,-3.311446984971371e-06,-0.00036332751119840288,6.2145680854461587e-18,0.00036334260151372268,7.1064003277550997e-06,1,0,0.020035799999999999,0,0,0,0,0,0,0,0.019317299999999999,186,0,0,1,0,0,0,0,0,0,0,0,1,20,nan,1,0.00045285015270319181,0,0.001013386085729012,-0.0076206387020647526,0.020035799999999999,2.0304000936449337e-05,0.001013386085729012,-0.05357,0,0,0
639155490429540914,nan,181.87479293823506,0.0023312893619283491,0.0016231392268278803,213,0,0,0,0,-0.0050592635435219059,0.001535882147048834,-0.010133070679806294,-0.0069651488127879385,0.00019330573230178782,-0.0085099314529784136,-0.0018921832339009422,-0.0013618196276983462,0.0016231392268278803,0,-0.063145155214084689,0.053720884634909677,-0.0018922014066297403,-0.0001572855192111282,0.0018987271783500342,0.0016097946568812398,0.0299659,4.912791094074942e-20,0.0012045088579944474,1.2189091692160932e-05,0.0012044471823333758,1.63946055151854e-18,0.0012045088579944476,-1.3344569946640433e-05,1,0,0.0299659,0,0,0,0,0,0,0,0.029336399999999999,187,0,0,1,0,0,0,0,0,0,0,0,1,20,nan,1,-0.0018921984078464585,0,0.0012723576700410463,-0.0012709114234894514,0.0299659,-3.8127342704682987e-05,-0.0012723576700410463,-0.0572919,0,0,0
639155490429841285,nan,179.59967618866656,0.00091875017640935595,0.00015783272931416473,211,0,0,0,0,-0.006966464481146982,3.8705591702092396e-05,-0.0085619168378748139,-0.0063815969444230751,0.00074724765194885876,-0.0087197495671889787,0.00057877969550462825,0.00071352361609395426,-0.00015783272931416473,0,0.019270062273733384,0.0069852986543496249,0.00057881678752235701,0.00055888778828732993,0.00080460203418485391,-0.00020981811421056512,0.030037100000000001,5.090668012998345e-19,-0.00015460573875725498,-1.3156683590434537e-06,-0.00015460014059969542,1.6947934431081378e-17,0.00015460573875725501,-5.1985384896400394e-05,1,0,0.030037100000000001,0,0,0,0,0,0,0,0.019352500000000002,188,0,0,1,0,0,0,0,0,0,0,0,1,20,nan,1,0.0005787752802165338,0,0.0049448738770575098,-0.0074264835566282272,0.030037100000000001,-0.00014852967113256413,-0.0049448738770575098,-0.060015400000000003,0,0,0
639155490430040828,nan,180.39425128955713,0.00069494438565120202,0.0025114294437477078,206,0,0,0,0,-0.0063783588017634913,0.0011185955403871558,-0.0087265126815908537,-0.0063079801408824562,0.001809967034766783,-0.011237942125338561,6.4342795619819771e-05,0.000691959322359308,-0.0025114294437477078,0,0.0032247423070920454,0.1261979903153497,6.4347475418406803e-05,0.0010633208936100735,0.0010652661265526319,-0.0025181925581495828,0.019954300000000001,1.1858461261560205e-20,0.00037136200642427829,3.2381426595838245e-06,0.00037134788843829706,5.9428099515193236e-19,0.00037136200642427829,-6.7631144018750339e-06,1,0,0.019954300000000001,0,0,0,0,0,0,0,0.019364900000000001,189,0,0,1,0,0,0,0,0,0,0,0,1,20,nan,1,6.4337202042761676e-05,0,0.00096837193012822974,-0.00064410828053951263,0.019954300000000001,-1.9323184005357735e-05,-0.00096837193012822974,-0.040061100000000002,0,0,0
639155490430341076,nan,180.65157296359988,0.0015354077321038629,0.0012789098847056802,206,0,0,0,0,-0.0062899976262010375,0.0034100604916037901,-0.011218273292451598,-0.0053783452314634314,0.0021745983048196233,-0.0099393634077459183,0.00092545449151739333,-0.0012251574951550558,0.0012789098847056802,0,0.030823805279516007,0.043250203751320347,0.0009254785887564122,0.00037505520882172196,0.0009985875164004736,0.0012985787175926432,0.030024800000000001,3.0493186101154812e-20,0.0016001945011300566,1.7982514681418732e-05,0.0016000934568370072,1.0155999740599375e-18,0.0016001945011300566,1.9668832886962986e-05,1,0,0.030024800000000001,0,0,0,0,0,0,0,0.0093939000000000002,191,0,0,1,0,0,0,0,0,0,0,0,1,20,nan,1,0.00092548912681710742,0,0.0018716749284367184,0.0056196665391325951,0.030024800000000001,5.6196665391326783e-05,0.0018716749284367184,-0.0771617,0,0,0
639155490430483200,nan,174.6086600721458,0.0088020149347256219,0.0047673001925002218,177,0,0,0,0,-0.0053765863373806131,0.0023515549256158492,-0.0099682227369229867,-0.0075446010501797533,-0.0061792820272404967,-0.0052009225444227657,-0.0020828711262059338,-0.0085520240167313907,0.0047673001925002218,0,-0.14657045474478322,0.33340187887500722,-0.0020831179310147573,-0.0083749985408946796,0.0086301784960974709,0.0047384408633231526,0.0142124,3.1679032227310833e-19,0.00017696536201193118,1.7588940828183394e-06,0.00017695662079622587,2.228971336812279e-17,0.00017696536201193116,-2.8859329177068418e-05,1,0,0.0142124,0,0,0,0,0,0,0,0.0034824000000000001,192,0,0,1,0,0,0,0,0,0,0,0,1,20,nan,1,-0.0020827726480448592,0,0.0058016398511293327,-0.0027485075406730175,0.0142124,-8.2455226220190525e-05,-0.0058016398511293327,-0.0629493,0,0,0
639155490430740775,nan,176.49520477785569,0.017233271784721116,0.0045913626318999541,208,0,0,0,0,-0.0076234475495189913,-0.021339244080615036,-0.0052706895054608783,-0.0071355366065333197,-0.0041128805839921994,-0.0098620521373608324,0.00039710977296044905,0.017228695836722062,-0.0045913626318999541,0,0.01546391403452198,0.18096203408475461,0.00039831176574419986,0.0020685009985456013,0.002106501517615027,-0.0046611295929380667,0.025757499999999999,-3.3881317890172014e-19,-0.015160167091104702,-7.8846499339237965e-05,-0.01515996205337454,-1.3153962104308265e-17,0.015160167091104704,-6.9766961038112557e-05,1,0,0.025757499999999999,0,0,0,0,0,0,0,0.0093504,193,0,0,1,0,0,0,0,0,0,0,0,1,20,nan,1,0.00039810560229683084,0,0.0077388789437875206,-0.0066444724798202515,0.025757499999999999,-0.00019933417439460706,-0.0077388789437875206,-0.070226300000000005,0,0,0
639155490431040944,nan,183.11256188130906,0.0029803359912805279,0.00033864065348628708,208,0,0,0,0,-0.0071117428490822272,-0.0017003009585241122,-0.0098838110920366259,-0.0074267114709837094,0.0012633450034861226,-0.0095451704385503388,-0.00034424487733960782,0.0029603881646411718,0.00033864065348628708,0,-0.011466222771379606,0.010556776309695325,-0.00034418046230622447,0.0053730926084063551,0.0053841047880909907,0.00031688169881049361,0.030016899999999999,-4.3706900078321897e-19,0.0024126969540573012,2.3793757451092551e-05,0.0024125796254680872,-1.4560764128981306e-17,0.0024126969540573008,-2.1758954675793474e-05,1,0,0.030016899999999999,0,0,0,0,0,0,0,0.039367300000000001,193,0,0,1,0,0,0,0,0,0,0,0,1,20,nan,1,-0.00034434748053782633,0,0.0020711146697637598,-0.0031084376387298107,0.030016899999999999,-6.2168441930831805e-05,-0.0020711146697637598,-0.040209399999999999,0,0,0
639155490431340764,nan,182.85896999859952,0.0047484580955538145,0.002396449039262834,207,0,0,0,0,-0.0073754837572845349,0.0066300546111440067,-0.0096170187718587121,-0.0055608812419702383,0.0022419944478548125,-0.0072205697325958785,0.0018567180088164788,-0.0043704064480282754,0.002396449039262834,0,0.061917283623681513,0.077533210124556745,0.0018564039976052193,0.00099641425930130497,0.0021069117633312523,0.0023246007059544603,0.029982000000000002,2.3039296165316969e-19,0.0053669540981434042,5.1227713699174456e-05,0.005366709607657884,7.684376014047417e-18,0.0053669540981434042,-7.1848333308373313e-05,1,0,0.029982000000000002,0,0,0,0,0,0,0,0.0093071999999999998,195,0,0,1,0,0,0,0,0,0,0,0,1,20,nan,1,0.0018563017153927061,0,0.0068468064942175588,-0.0068426299840211868,0.029982000000000002,-0.00020528095230963085,-0.0068468064942175588,-0.077085299999999995,0.083999998867511749,0,0.0025184879660457376
639155490431540896,nan,178.9374582880161,0.0018794928928190778,0.00064830599064104669,209,0,0,0,0,-0.0055560995961692547,0.0029042084944114433,-0.0072338982977478202,-0.0060453110538978569,0.0010895003405243008,-0.0078822042883888669,-0.00047607135800737706,-0.0018181995479711343,-0.00064830599064104669,0,-0.023789078805799359,0.03305990825020428,-0.00047609559195622368,-0.0011559618927264141,0.0012501659530301491,-0.00066163455579298827,0.020013199999999998,-1.8211208365967457e-19,0.00066223130973510583,4.7816458009835791e-06,0.00066221404655663089,-9.099598448008044e-18,0.00066223130973510594,-1.3328565151941689e-05,1,0,0.020013199999999998,0,0,0,0,0,0,0,0.0094141999999999993,196,0,0,1,0,0,0,0,0,0,0,0,1,20,nan,1,-0.00047607358142220539,0,0.0019028248715763181,-0.0012693913886323571,0.020013199999999998,-3.8081614719831167e-05,-0.0019028248715763181,-0.057072100000000001,0.083999998867511749,0,0.0016811087773352859
639155490431840709,nan,179.15918765716853,0.001567876671074465,0.002094509245312307,208,0,0,0,0,-0.0060589643926705896,-0.0006426364470137945,-0.0079324389917359555,-0.0073215126549692651,0.0002869920492502461,-0.010026948237048262,-0.0012698826844698193,0.00091958426660272501,-0.002094509245312307,0,-0.042354283764370226,0.071536055763405701,-0.001269836487824713,-0.00081254253939706204,0.001507551022068848,-0.0021447439486593951,0.029981299999999999,-4.0318768289304696e-19,-0.0017321905970194031,-1.3653338772732712e-05,-0.0017321367875380953,-1.3447971998980931e-17,0.0017321905970194031,-5.02347033470886e-05,1,0,0.029981299999999999,0,0,0,0,0,0,0,0.0393955,196,0,0,1,0,0,0,0,0,0,0,0,1,20,nan,1,-0.0012697781733642961,0,0.004787241508834519,-0.0071763861924409866,0.029981299999999999,-0.00014352772384882036,-0.004787241508834519,-0.027090800000000002,0.083999998867511749,0,0.0025184291660465298
639155490432040802,nan,182.54043807048933,0.0017970451355951587,0.00036276650122866327,205,0,0,0,0,-0.0073269682392901447,-0.00025708191587136441,-0.010046983655962894,-0.0087338668951599911,0.00086095537844302545,-0.010409750157191557,-0.0014180603624143952,0.0011038460163969323,-0.00036276650122866327,0,-0.070868958240039553,0.019131199999165148,-0.0014180382461124236,0.00055977311082722008,0.0015245256321370203,-0.00038280192014329521,0.020009300000000001,-2.422514229147299e-19,-0.00054410131678156567,-5.4555843208795723e-06,-0.00054407396512161051,-1.2106941417977135e-17,0.00054410131678156567,-2.0035418914631994e-05,1,0,0.020009300000000001,0,0,0,0,0,0,0,0.019267800000000002,197,0,0,1,0,0,0,0,0,0,0,0,1,20,nan,1,-0.0014180542673726821,0,0.0028608723964258479,-0.0028622027020901442,0.020009300000000001,-5.7244054041803716e-05,-0.0028608723964258479,-0.040081600000000002,0.083999998867511749,0,0.0016807811773397029
639155490432240627,nan,182.96896090494263,0.0023825127196341195,9.5979764148955427e-05,211,0,0,0,0,-0.0087280533501699828,0.0014194063412275905,-0.010485950623561771,-0.0063590535821623998,0.0016727972613458679,-0.010389970859412815,0.0023662125313416841,0.00027821774878671789,9.5979764148955427e-05,0,0.1184152996268812,0.00098983099105426852,0.0023662337247941537,0.00083651866331398476,0.0025097461055704076,1.9779297778741919e-05,0.0199825,-6.7677932485618597e-19,0.00055848122183324881,5.8135449900083291e-06,0.00055845096278456501,-3.3868601268919604e-17,0.00055848122183324881,-7.6200466370213507e-05,1,0,0.0199825,0,0,0,0,0,0,0,0.019307600000000001,198,0,0,1,0,0,0,0,0,0,0,0,1,20,nan,1,0.0023661426491854115,0,0.010895314310051312,-0.0072571872733533382,0.0199825,-0.00021771561820060036,-0.010895314310051312,-0.05357,0.083999998867511749,0,0.0016785299773700536
639155490432540664,nan,184.38895216658142,0.0046411108572300443,0.0026214682485708679,215,0,0,0,0,-0.0063460044135107904,0.0029286909751691783,-0.01040510566454428,-0.0077264829169131138,-0.0015023573309027247,-0.0077836374159734123,-0.001334299080590498,-0.0044451722073091783,0.0026214682485708679,0,-0.044473393523225789,0.086867067842946136,-0.0013343663572528096,-0.0031891905077693259,0.0034570897688972592,0.002606333443439403,0.030003700000000001,3.1679032227310833e-19,0.0012559615046741702,1.3049168651609391e-05,0.0012558937138233105,1.055837520949444e-17,0.00125596150467417,-1.5134805131464951e-05,1,0,0.030003700000000001,0,0,0,0,0,0,0,0.0091792000000000002,200,0,0,1,0,0,0,0,0,0,0,0,1,20,nan,1,-0.0013342974029739781,0,0.0014412322605414896,-0.0014414148172363639,0.030003700000000001,-4.3242300375608694e-05,-0.0014412322605414896,-0.0567929,0.083999998867511749,0,0.0025203107660211623
639155490432840756,nan,178.59989887670693,0.0071662277131861454,0.0039414282315657643,207,0,0,0,0,-0.007751283560241606,-0.0046885466601343578,-0.0077690533875785193,-0.006664703723709889,0.0023948256932069408,-0.011710481619144283,0.0010315165003176234,0.0070916001964866585,-0.0039414282315657643,0,0.034369895768940777,0.13085467800444098,0.0010314130761092976,0.0039053293900718033,0.004039233909855661,-0.0039268442031708704,0.0300092,-2.473336205982557e-19,-0.0031862858493266156,-2.480064332849221e-05,-0.0031861893292316331,-8.2419264958164728e-18,0.0031862858493266152,1.4584028394892985e-05,1,0,0.0300092,0,0,0,0,0,0,0,0.019285299999999998,201,0,0,1,0,0,0,0,0,0,0,0,1,20,nan,1,0.0010314944407921766,0,0.0013885292695852717,0.0057787448167800903,0.0300092,4.166865255683834e-05,0.0013885292695852717,-0.026783700000000001,0.083999998867511749,0,0.0025207727660149335
639155490433040591,nan,180.8674817619661,0.0021980695764440314,0.00091849927789176833,215,0,0,0,0,-0.0066342187052461079,0.0049979316898335104,-0.011719705184370707,-0.0057741661265994964,0.0029751070743880294,-0.010801205906478938,0.00088369988001116349,-0.0020126063661225707,0.00091849927789176833,0,0.04422054778029276,0.04550132422575346,0.00088368131656748044,0.00059066997889019909,0.0010629128342496312,0.00090927571266534435,0.019983500000000001,-1.5246593050577406e-19,0.0026032844957906429,3.0485018463781086e-05,0.0026031059966265696,-7.6295909378123981e-18,0.0026032844957906433,-9.2235652264238688e-06,1,0,0.019983500000000001,0,0,0,0,0,0,0,0.019349999999999999,202,0,0,1,0,0,0,0,0,0,0,0,1,20,nan,1,0.00088367353351494291,0,0.0013187401358150234,-0.0013176521752029657,0.019983500000000001,-2.6353043504059523e-05,-0.0013187401358150234,-0.0404816,0.2800000011920929,0,0.0055953800238221886
639155490433340718,nan,178.60200629186323,0.0038892346738071486,0.0024086331749887651,207,0,0,0,0,-0.0057645974727829888,0.0038609601711731664,-0.010852690325511873,-0.0076102958217457101,0.00043757822453325277,-0.0084440571505231075,-0.0018084374812148173,-0.0034432107435475407,0.0024086331749887651,0,-0.060261647586612184,0.078538377285476829,-0.0018086147505227154,-0.0025572128588435281,0.0031321597853945821,0.0023571487559558304,0.0300127,-1.1858461261560205e-20,0.00088590477378761067,9.5686538165076079e-06,0.00088585309678513701,-3.9511477679649633e-19,0.00088590477378761056,-5.1484419032934304e-05,1,0,0.0300127,0,0,0,0,0,0,0,0.0093439999999999999,204,0,0,1,0,0,0,0,0,0,0,0,1,20,nan,1,-0.0018084266647476505,0,0.0049012031604650716,-0.0073549170047044754,0.0300127,-0.00014709834009409006,-0.0049012031604650716,-0.043613100000000002,0.2800000011920929,0,0.008403556035777927
639155490433540701,nan,179.0536348227231,0.0034185087359376071,7.3458722638418059e-05,210,0,0,0,0,-0.0076246598107032213,-0.0012634580552603699,-0.0084620734361607209,-0.0052089643940185122,0.0011553469454559395,-0.008535532158799139,0.0023951410659590606,0.0024391599479817285,-7.3458722638418059e-05,0,0.11976943091026147,0.0045741392156349037,0.0023951850101726819,0.00073801987071448231,0.0025063089519301754,-9.1475008276031486e-05,0.0199983,4.912791094074942e-20,-0.0017010969253258028,-1.4363988957511245e-05,-0.0017010362797936227,2.4566043584079356e-18,0.0017010969253258026,-1.8016285637613427e-05,1,0,0.0199983,0,0,0,0,0,0,0,0.0093304000000000008,205,0,0,1,0,0,0,0,0,0,0,0,1,20,nan,1,0.0023951660145553771,0,0.0025739738788673485,-0.0017158252885565162,0.0199983,-5.1475101821752897e-05,-0.0025739738788673485,-0.056664699999999998,0.2800000011920929,0,0.005599524023839831
639155490433840725,nan,177.97449451458792,0.0012202155686320154,0.00058626657252967666,208,0,0,0,0,-0.0051995110554440525,0.0022628477810422657,-0.0089329033875834626,-0.0057634534599063057,0.0011807687643427989,-0.0083466368150537859,-0.00055425392546228796,-0.0010870734198027276,0.00058626657252967666,0,-0.018488049402451162,0.0062960077775562305,-0.00055468585339210077,2.0688091050433946e-05,0.00055507152067515953,0.00018889534374535305,0.030002399999999999,-1.0960606337470646e-18,0.0011075411804689766,9.4533385744596798e-06,0.0011075008355863262,-3.6532431863686396e-17,0.0011075411804689766,-0.00039737122878432361,1,0,0.030002399999999999,0,0,0,0,0,0,0,0.019182999999999999,206,0,0,1,0,0,0,0,0,0,0,0,1,20,nan,1,-0.00055469750809144255,0,0.037841851583713594,-0.056767318397760391,0.030002399999999999,-0.0011353463679552086,-0.037841851583713594,-0.0605645,0.54600000381469727,0.0048000002279877663,0.016381310514450072
639155490434041452,nan,176.46875773876147,0.0011978139911407917,0.00055146378663671267,208,0,0,0,0,-0.0057633373496262016,0.0011946794671010149,-0.0085040929857659511,-0.0066969233789370176,0.0004442292800477391,-0.0079526291991292384,-0.00092717044998187701,-0.00075836225779836669,0.00055146378663671267,0,-0.046196567841152281,0.019629029274813432,-0.00092728984730509726,-0.00074430507236329234,0.0011890569799891159,0.00039400761592454751,0.020072699999999999,3.1128460811595537e-19,1.3911187326198433e-05,1.1611028010415081e-07,1.3910702758215994e-05,1.5507859337107385e-17,1.3911187326198433e-05,-0.00015745617071216515,1,0,0.020072699999999999,0,0,0,0,0,0,0,0.019415399999999999,207,0,0,1,0,0,0,0,0,0,0,0,1,20,nan,1,-0.00092712240180963836,0,0.022412270071456634,-0.014995875768363476,0.020072699999999999,-0.00044987477346332752,-0.022412270071456634,-0.040491800000000001,0.54600000381469727,0.0048000002279877663,0.010959694276571274
639155490434341601,nan,175.97687469322042,0.0025312976993701513,0.0001664759680659669,207,0,0,0,0,-0.0067057699500261648,-0.00066815561410745144,-0.0081187540012120155,-0.0042912831753720562,9.1924419742288002e-05,-0.0082852299692779824,0.0024082363656248913,0.00077965739278123788,-0.0001664759680659669,0,0.080239009719298468,0.011081188681246447,0.0024083658528237717,-0.00033316275685517149,0.0024313007842722612,-0.00033260077014874399,0.030014900000000001,-3.7947076036992655e-19,-0.0011124200710903637,-8.8465710891471802e-06,-0.0011123848941551905,-1.2642746115093722e-17,0.0011124200710903637,-0.00016612480208277706,1,0,0.030014900000000001,0,0,0,0,0,0,0,0.0094287999999999993,209,0,0,1,0,0,0,0,0,0,0,0,1,20,nan,1,0.0024084448515690562,0,0.015813555656193311,-0.02373211458325386,0.030014900000000001,-0.00047464229166507658,-0.015813555656193311,-0.0767626,0.54600000381469727,0.0048000002279877663,0.016388135514497758
639155490434540553,nan,176.73603337130265,0.0021887782800368441,0.00095509214321830304,211,0,0,0,0,-0.0042931084238602554,-0.00012837202707053843,-0.008384990517489619,-0.0063915526132816676,0.00049394810199854288,-0.009340082660707922,-0.0021035885083123436,0.00060470302368790369,-0.00095509214321830304,0,-0.1057304361021585,0.053020461791283308,-0.0021035281723396637,0.00038460886766348532,0.0021384000451066289,-0.0010548526914299396,0.019895199999999998,1.8571197368550535e-19,-0.00022030400815781847,-1.8252484881992048e-06,-0.00022029644681282644,9.3345115246645101e-18,0.00022030400815781844,-9.9760548211636616e-05,1,0,0.019895199999999998,0,0,0,0,0,0,0,0.0092289999999999994,210,0,0,1,0,0,0,0,0,0,0,0,1,20,nan,1,-0.0021035829635368407,0,0.014326578156918532,-0.014251506887376308,0.019895199999999998,-0.00028503013774752554,-0.014326578156918532,-0.056867399999999999,0.54600000381469727,0.0048000002279877663,0.010862779275894165
639155490434841516,nan,181.03707056037462,0.0012331530806740415,0.00014549635866747956,210,0,0,0,0,-0.0063861498562609673,0.0010723798042663801,-0.0095006938971653968,-0.0051533586892926189,0.0010425057516337565,-0.0093551975384979173,0.0012330193495182936,-1.8160509061236831e-05,0.00014549635866747956,0,0.040969036620216656,0.00050221714263864016,0.0012330164168330266,0.00056009838796139389,0.0013542672145395486,-1.5114877789995304e-05,0.030096299999999999,6.5221536938581126e-20,0.00057845693354984743,5.4027570207003037e-06,0.00057843170226783722,2.1670948567957233e-18,0.00057845693354984743,-0.00016061123645747487,1,0,0.030096299999999999,0,0,0,0,0,0,0,0.0193587,211,0,0,1,0,0,0,0,0,0,0,0,1,20,nan,1,0.0012328878728144264,0,0.01524736419497935,-0.013344821520149708,0.030096299999999999,-0.00045888924702135701,-0.01524736419497935,-0.026771099999999999,0.54600000381469727,0.0048000002279877663,0.016432579914808274
639155490435040774,nan,177.25999013954888,0.0012517658318998877,0.0016605845593492142,212,0,0,0,0,-0.0051498894994975661,0.0014133251354766989,-0.0094407096811263518,-0.0039042098571744504,0.0012900371530381329,-0.011101294240475566,0.0012467880396510324,-0.00011152256316617263,-0.0016605845593492142,0,0.062571063573821667,0.087629942184386522,0.0012467784985592558,0.00025920643316423901,0.001273438101936407,-0.0017460967019776489,0.0199258,-1.5246593050577406e-19,0.00037083561143921103,3.4691897950528058e-06,0.00037081938384294234,-7.6516842739450387e-18,0.00037083561143921103,-8.5512142628434498e-05,1,0,0.0199258,0,0,0,0,0,0,0,0.019289400000000002,212,0,0,1,0,0,0,0,0,0,0,0,1,20,nan,1,0.0012467468245457348,0,0.012261510579740986,-0.012216020375490189,0.0199258,-0.00024432040750980294,-0.012261510579740986,-0.040515700000000002,0.49000000953674316,0.075199998915195465,0.0097636421900272365
639155490435341585,nan,178.71197052605541,0.0032714532814783954,0.0024819023449601288,208,0,0,0,0,-0.003899829394010723,0.001684611255821593,-0.011003057379768163,-0.0010890128820106096,1.0778197012179381e-05,-0.0085211550348080339,0.0028290632743443647,-0.0016428047853143423,0.0024819023449601288,0,0.094053230921677056,0.085772767806613859,0.0028292246446780596,-0.0012479284416546323,0.003092222095119342,0.002580139205667532,0.0300811,2.0159384144652348e-19,0.00039459841743841458,4.380463163727432e-06,0.00039457410278346009,6.701677845774373e-18,0.00039459841743841458,9.8236860707402742e-05,1,0,0.0300811,0,0,0,0,0,0,0,0.0092634999999999992,214,0,0,1,0,0,0,0,0,0,0,0,1,20,nan,1,0.0028290494845716226,0,0.0093306675912214494,0.014033837243914604,0.0300811,0.00028067674487829153,0.0093306675912214494,-0.076699400000000001,0.49000000953674316,0.075199998915195465,0.014739739286875725
639155490435541426,nan,181.46636634177997,0.0015578692370603968,0.0010943751779799217,203,0,0,0,0,-0.001096118557207293,-0.00082308800840285765,-0.0083522922551832763,-0.00022347884513703218,-0.0021136136736637527,-0.0072579170772033548,0.00088338799642717289,-0.0012831921943136687,0.0010943751779799217,0,0.04421538459235707,0.063212151540708819,0.00088360466723212303,-0.0021169394845451457,0.0022939463788808705,0.0012632379576046791,0.019984100000000001,-1.6940658945086007e-20,-0.00083389647987821213,-7.105675196683375e-06,-0.00083386620541503703,-8.4770687421930459e-19,0.00083389647987821213,0.00016886277962475764,1,0,0.019984100000000001,0,0,0,0,0,0,0,0.029247599999999999,214,0,0,1,0,0,0,0,0,0,0,0,1,20,nan,1,0.00088309396683341459,0,0.024142447477853459,0.016082169488072395,0.019984100000000001,0.00048246508464217137,0.024142447477853459,-0.056715300000000003,0.49000000953674316,0.075199998915195465,0.0097922091905832294
639155490435841225,nan,183.94217775876123,0.009940772556396537,0.0035597021136857154,198,0,0,0,0,-0.0002465405177567536,-0.0052910084317347667,-0.0074296788470047332,0.0079802686917054763,0.00028918594204057626,-0.010989380960690449,0.0081851234793690556,0.0056411623487972731,-0.0035597021136857154,0,0.2730526884563948,0.12446552134887355,0.0081860922946538697,0.0024622779260040791,0.0085483869613792278,-0.0037314638834870942,0.0299799,-6.0986372202309624e-20,-0.0031774784482921639,-2.3061672619721424e-05,-0.003177394758071014,-2.0342420155607465e-18,0.0031774784482921639,-0.00017176176980137831,1,0,0.0299799,0,0,0,0,0,0,0,0.0194253,215,0,0,1,0,0,0,0,0,0,0,0,1,20,nan,1,0.008185487869346671,0,0.01636923117549505,-0.024537395685911179,0.0299799,-0.00049074791371822406,-0.01636923117549505,-0.060340199999999997,0.2800000011920929,0.28319999575614929,0.0083943720357388257
639155490436041335,nan,182.90273060452682,0.0027871652006781589,0.0020264222405114844,205,0,0,0,0,0.0079985535552632575,0.0019529855273830712,-0.011073368166631521,0.010616667304216294,0.00099707221885849697,-0.0090469459261200372,0.0026285381983937651,-0.00092686395736169425,0.0020264222405114844,0,0.13135077429459457,0.097068364128250054,0.0026284603444091323,0.00073681533834789943,0.0027297803254027796,0.0019424350345704118,0.020011000000000001,-2.608861477543245e-19,0.0016639000560193468,1.8284863557781195e-05,0.0016637995853424951,-1.3037136962386912e-17,0.0016639000560193468,-8.3987205941072132e-05,1,0,0.020011000000000001,0,0,0,0,0,0,0,0.019468599999999999,216,0,0,1,0,0,0,0,0,0,0,0,1,20,nan,1,0.0026283719211165337,0,0.011991576909995446,-0.0079987281933426857,0.020011000000000001,-0.00023996344554591889,-0.011991576909995446,-0.040329200000000003,0.2800000011920929,0.28319999575614929,0.0056030800238549708
639155490436341771,nan,181.0571886156668,0.0060035374239887493,0.00058111270569695915,202,0,0,0,0,0.017136912326561782,0.0020366806905392628,-0.0084775207231448414,0.023140168270161875,0.001978545702247936,-0.0090586334288418006,0.0060035330574842883,-7.2407821964845634e-06,-0.00058111270569695915,0.21775864921156807,0.41653161558860197,0.00038901805115776171,0.012514109246097723,0.001094731208730236,0.012561901394400311,-1.168750272176333e-05,0.0300436,0.006510573038837732,0.0010985534269077428,0.0065202450223454875,0.0010396084716807659,0.2167041579184163,0.0066026041018534135,0.00056942520297519582,1,0.0065422537534526662,0.0300436,0.0044527973555182343,0,0.0044527973555182343,0,0.14821117827151986,0.0044527973555182343,0,0.0094497999999999995,218,0,0,1,0,0,0,0,0,0,0,0,1,20,nan,1,0.012514995630610861,0.0065422537534526662,0.054152270412257918,0.076931923627853394,0.0300436,0.001626929151357712,0.054152270412257918,-0.010285600000000001,0.2800000011920929,0.28319999575614929,0.0084122080358147618
639155490436541716,nan,181.32446758208965,0.0027179982309711425,0.0013871332876625594,206,0,0,0,0,0.028203024661735902,0.0026613703852312234,-0.0086062565602659912,0.030849530113848854,0.0020420778247247371,-0.0099933898479285504,0.0026517371673631489,-0.00059649340213209501,-0.0013871332876625594,0.25289271014678089,0.38552952206201763,0.046750677390619916,0.0077084700288690107,0.00013336484361062517,0.0077096236203515866,-0.00093475641908674981,0.019994499999999998,0.0050564632930298311,0.00072865860019293244,0.0050628563915740277,0.00068282468298328739,0.25289271014678194,0.0051086949790913536,0.00045237686857580936,1,0.0050564632930298102,0.019994499999999998,0.0026734299960456953,0,0.0026734299960456953,0,0.13370826957641829,0.0026734299960456953,0,0.0094231000000000002,219,0,0,1,0,0,0,0,0,0,0,0,1,20,nan,1,0.0077085546065568588,0.0050564632930298102,0.064643043776440118,0.076287172734737396,0.019994499999999998,0.0012925053387880317,0.064643043776440118,-0.023356100000000001,0.2800000011920929,0.28319999575614929,0.0055984600238353013
639155490436841307,nan,179.83345936525117,0.00065486803099135875,0.00093489545025124583,204,0,0,0,0,0.04050805325508177,0.0021561896872036232,-0.0095037719786706266,0.039862630284163834,0.002045368540187522,-0.0085688765284193807,-0.00064434062023623864,-0.00011695000268524363,0.00093489545025124583,0.32233613533031558,0.30083070685633323,0.04754860191091087,0.0090126172297795727,9.3360475687271353e-05,0.0090131007710410171,0.0014245133195091699,0.029959099999999999,0.0096569005119744866,0.00021062594502350868,0.0096585231412329164,0.00011411186247888613,0.32233613533031658,0.0096591972123406897,0.0004896178692579238,1,0.0096569005119744571,0.029959099999999999,0.0034381661538873121,0,0.0034381661538873121,0,0.11476199731925565,0.0034381661538873121,0,0.019292699999999999,220,0,0,1,0,0,0,0,0,0,0,0,1,20,nan,1,0.0090126803264931714,0.0096569005119744571,0.046693932657516132,-0.061518944799900055,0.029959099999999999,0.0013989081978797915,0.046693932657516132,-0.060141500000000001,0.2800000011920929,0.28319999575614929,0.0083885480357140298
639155490437041329,nan,177.86236036066489,0.0028985738453825675,0.0018457922454910901,209,0,0,0,0,0.046842495220372524,0.002039319842169283,-0.007891853408194904,0.047846573053663077,-0.00067978994631488754,-0.0060460611627038141,0.0010255051588961071,-0.0027111011611913993,0.0018457922454910901,0.34894464194670938,0.40030601229086582,0.12612689432740232,0.0080070009190443565,-0.0026566458562665395,0.0084362213652319096,0.0025228153657155666,0.020002200000000001,0.0069796605171464935,5.376039294486284e-05,0.0069798649362086893,-6.0486980182389467e-06,0.34894464194671054,0.0069798675570861115,0.00067702312022447676,1,0.006979660517146471,0.020002200000000001,0.00023463037724497093,0,0.00023463037724497093,0,0.011730228537109463,0.00023463037724497093,0,0.019329800000000001,221,0,0,1,0,0,0,0,0,0,0,0,1,20,nan,1,0.0080044277306441109,0.006979660517146471,0.096706950838904279,0.096717588603496552,0.020002200000000001,0.0019343517720699314,0.096706950838904279,-0.040139300000000003,0.2800000011920929,0.28319999575614929,0.0056006160238444812
639155490437302495,nan,181.26705497529497,0.0022874005699078563,0.0020845024186717659,201,0,0,0,0,0.056861566396128285,-0.0042294700302887627,-0.0046404657409127373,0.057429905455597084,-0.002013800361611388,-0.0067249681595845032,0.00055805123790552097,0.0022182831611602025,-0.0020845024186717659,0.34123442155341543,0.36724622283242619,0.025995228968575122,0.0095912227032253425,-0.0012760449722531454,0.0096757347893623967,-0.00067890699688068906,0.0261166,0.0090362900242190805,-0.0034951103360912005,0.0090149933424652079,-0.0035496800839738751,0.3459979485928138,0.0096886703764372546,0.0014055954217910768,0.91533442338307691,0.0089118828939419303,0.0261166,0.0070544747355137383,0,0.0070544747355137383,0,0.27011459131409671,0.0070544747355137383,0,0.0054257000000000003,223,0,0,1,0,0,0,0,0,0,0,0,1,20,nan,1,0.0095886410789092161,0.0089118828939419303,0.15377142964256743,0.20079934597015381,0.0261166,0.0040159869194030763,0.15377142964256743,-0.047565000000000003,0.2800000011920929,0.44640001654624939,0.0073126480311334133
639155490437540407,nan,177.13805500653748,0.004530615125725581,0.0019778691099337207,209,0,0,0,0,0.067126597596880722,-0.0032355324155012299,-0.0036018436291716505,0.069532335459690911,0.00060359492712428939,-0.0055797127391053712,0.0023918943512128911,0.0038477675124790585,-0.0019778691099337207,0.42114842903848726,0.50794220427859837,0.048137774491372104,0.01208455457043299,0.0026987239458146454,0.012382227994245876,0.001145255420479132,0.023791199999999998,0.0097046889219379595,-0.001156494973075273,0.0096966921412836374,-0.0012217320538898419,0.4079108629214987,0.0097733549866120054,0.0031231245304128527,0.75426429510116577,0.010019626504940458,0.023791199999999998,0.0061505780022067516,0,0.0061505780022067524,0,0.25852323557478196,0.0061505780022067524,0,0.0091868999999999996,224,0,0,1,0,0,0,0,0,0,0,0,1,20,nan,1,0.012096474897746033,0.010019626504940458,0.3750635925903999,0.29744142293930054,0.023791199999999998,0.0089232129440367219,0.3750635925903999,-0.056795199999999997,0.2800000011920929,0.44640001654624939,0.0066615360283613203
639155490437840367,nan,150.54279533388475,0.0050101526353742145,0.00051120151966139961,209,0,0,0,0,0.081979666090508871,0.0039193001590153943,-0.0034948160554124394,0.077128276606575299,0.0026680409912464066,-0.0029836145357510398,-0.0048469869454332327,-0.0012682062058462756,0.00051120151966139961,0.38369657742609936,0.25284384411264488,0.086548146531348569,0.0075843039480028955,0.0021067968774678581,0.0078714839425994259,0.0025960982033543314,0.029995999999999998,0.012428636282015354,0.0033851057866868275,0.01244733063081796,0.0033157052318911048,0.41434312181675403,0.012881379624003365,0.0020848966836929318,0.75359602769215894,0.011509362536473276,0.029995999999999998,0.0041164119916003994,0,0.0041164119916003994,0,0.13723203065743431,0.0041164119916003994,0,0.019267699999999999,225,0,0,1,1,1,1,1,1,3,0.13147264308962642,1.0517811447170113,0.91454278199174288,20,0.011509362536473276,1,0.0069973373564684851,0.011509362536473276,0.19858806733211407,0.29784238338470459,0.029995999999999998,0.0059568476676940931,0.19858806733211407,-0.060190800000000003,0.2800000011920929,0.44640001654624939,0.0083988800357580173
639155490438041010,nan,183.47152941585443,0.0066659559004806886,0.0064994069364221075,209,0,0,0,0,0.085720372515774759,0.0040384712542466394,-0.0010052261517664745,0.092089181429741374,0.0060065264070644402,0.0054941807846556334,0.0063668273560165394,0.0019744562506758016,0.0064994069364221075,0.42802234996549876,0.74514822314876838,0.42253132780145197,0.014950877493723834,0.0033831080631758878,0.015328866820462092,0.0084777953204066732,0.0200643,0.0085879688364127772,0.0013960596274629343,0.0085920959091994598,0.0013704302630002329,0.42802234996549976,0.0087007006165382445,0.0019783883839845653,1,0.0085879688364127564,0.0200643,0.00027012490506322923,0,0.00027012490506322928,0,0.013462961830875197,0.00027012490506322928,0,0.019433200000000001,226,0,0,1,0,0,0,0,0,0,0,0,1,20,nan,1,0.014960379342594541,0.0085879688364127564,0.28172117840920946,0.1884179413318634,0.0200643,0.005652538239955901,0.28172117840920946,-0.040126500000000002,0.2800000011920929,0.44640001654624939,0.0056180040239185098
639155490438341200,nan,181.08746108421047,0.00080809273581497812,0.0038633370569555511,200,0,0,0,0,0.10441882069688067,0.010946128806217599,0.0067183228555153067,0.10453317579175324,0.010146168318472346,0.010581659912470858,0.00010897816172560448,-0.00080071070302815614,0.0038633370569555511,0.4113203890023418,0.41528866290541944,0.16947530323512522,0.012466550371757786,0.0040712102211619833,0.013114481721992218,0.0050874791278152243,0.030019000000000001,0.012356592108271997,0.0048717869195289325,0.0123296392671393,0.0049396023991531588,0.41162570732775899,0.013282306889975965,0.0012241420708596733,1,0.012347426757461298,0.030019000000000001,0.0085345619216233293,6.7762635780344027e-21,0.0085345619216233293,0,0.28430533734046204,0.0085345619216233293,0,0.0092920999999999993,228,0,0,1,0,0,0,0,0,0,0,0,1,20,nan,1,0.012473650933616303,0.012347426757461298,0.11651116872263484,0.10709270089864731,0.030019000000000001,0.0034975487738847753,0.11651116872263484,-0.043701400000000001,0.34999999403953552,0.51680004596710205,0.010506649821072817
639155490438540170,nan,186.66413656501496,0.0045414892799163081,8.6965525368335267e-05,211,0,0,0,0,0.11357020088544592,0.012898328073246871,0.013684743631588803,0.11744724857339667,0.010533243274566173,0.013771709156957138,0.003844320093024366,-0.0024179180924844986,8.6965525368335267e-05,0.46832689815919815,0.64921574123121717,0.16032815220818616,0.01291744560327753,0.00025040350952958574,0.01291987239995886,0.0031900492444862805,0.019897000000000001,0.0090656410287388006,0.002656380732854294,0.0090370250936926827,0.0027521597547745247,0.45562853840975021,0.0094468092951976012,0.0031030837191179453,0.75745031237602234,0.0093183002926735658,0.019897000000000001,0.0050315168630631346,0,0.0050315168630631346,0,0.25287816570654542,0.0050315168630631346,0,0.0091534000000000008,229,0,0,1,0,0,0,0,0,0,0,0,1,20,nan,1,0.012918428710595297,0.0093183002926735658,0.44559247540805708,0.2955298125743866,0.019897000000000001,0.0088659534831941125,0.44559247540805708,-0.056908899999999998,0.34999999403953552,0.51680004596710205,0.006963949881404639
639155490438840328,nan,107.9279123816568,0.0063681803252797608,0.0021370710921613523,200,0,0,1,1,0.13192528406215287,0.011048256147131815,0.015984138591018191,0.12561336034220114,0.010203661801430338,0.018121209683179543,-0.0063246169501638833,-0.00074360008672669177,0.0021370710921613523,0.41873858613000808,0.27188342912919689,0.14490703316994399,0.0081607986320561474,-0.00044200798077832857,0.0081727599602607458,0.0043495005262224051,0.030015799999999999,0.014483754941842768,0.00031558304333019748,0.014478035488756202,0.00051501287256564172,0.48253769487545789,0.014487192615292735,0.0022124294340610533,0.72323108712832129,0.012568773653561096,0.030015799999999999,0.004528448439702959,0,0.004528448439702959,0,0.15086882374292737,0.004528448439702959,0,0.019201300000000001,230,0,0,1,1,1,1,1,1,3,0.35907645115559567,2.8726116092447653,0.76660030674886281,20,0.012568773653561096,1,0.005638936110263699,0.012568773653561096,0.21059665091252427,0.3160613477230072,0.030015799999999999,0.0063212269544601456,0.21059665091252427,-0.060215499999999998,0.34999999403953552,0.51680004596710205,0.01050552982109189
639155490439041159,nan,146.81614217271854,0.00033876018407060995,0.0065583274133335645,194,0,0,0,0,0.13230574435820655,0.010005409575183335,0.022038386268667713,0.13243225454251331,0.010319660487000983,0.028596713682001278,0.00013340448553340092,0.00031138674594645513,0.0065583274133335645,0.3692091851691699,0.33958286141940391,0.52160791903748593,0.0068198765641720302,-7.5802085882000218e-06,0.0068198807768248514,0.010475503998821734,0.0200831,0.0066876928558855788,-0.00031948713312690872,0.0066923840160054149,-0.00019825222624700323,0.33300102354146416,0.006695319840223965,0.0039171765854881689,0.62822386622428894,0.0074148649866709561,0.0200831,0.00024161049077470184,0,0.00024161049077470187,0,0.012030537654779483,0.00024161049077470184,0,0.0194287,231,0,0,1,0,0,0,0,0,0,0,0,1,20,nan,1,0.0068197273644010721,0.0074148649866709561,0.55728115188366179,0.37306568026542664,0.0200831,0.011191933101394769,0.55728115188366179,-0.040132399999999999,0.34999999403953552,0.51680004596710205,0.0070290848802953953
639155490439341287,nan,146.65965081897875,0.0027346346951132956,0.0088391107555941574,199,0,0,1,1,0.14462993650824305,0.010550430814433591,0.031067938884084868,0.14403419684227184,0.013219385884513622,0.039907049639679025,-0.00051254658560080245,0.0026861725397498851,0.0088391107555941574,0.44024440572742007,0.38917095594231704,0.37685040908138356,0.011680110066505572,0.0025668076169088382,0.011958824043688662,0.011310335957677749,0.030012799999999999,0.012199293217578872,-0.00011809010392877076,0.012197681965729734,0.00023077032743260874,0.40646968018908169,0.012199864764869804,0.00247122520208359,0.66161304712295532,0.013212967300215914,0.030012799999999999,0.0092426871707348424,-5.4210108624275222e-20,0.0092426871707348424,0,0.30795817686903065,0.0092426871707348424,0,0.0090487999999999992,233,0,0,1,0,0,0,0,0,0,0,0,1,20,nan,1,0.011689098918825332,0.013212967300215914,0.23525440593761771,0.35303217172622681,0.030012799999999999,0.0070606434345245328,0.23525440593761771,-0.077028899999999997,0.44800001382827759,0.52639997005462646,0.013445734815025329
639155490439540343,nan,126.97585993173045,0.0085746856686623844,0.0049112094597339798,198,0,0,0,0,0.15237317459227051,0.015168310499469794,0.043712141005850871,0.1595820485278239,0.019811302088700071,0.048623350465584851,0.0074048783260311857,0.0043235415220670296,0.0049112094597339798,0.44024440572742007,0.79366946463159804,0.4378818435970695,0.015798466895170737,0.0059663636363478777,0.016887541303545046,0.0087163008259058261,0.019905599999999999,0.0084100936064735159,0.0016146772433239579,0.0083389777499986717,0.0019489246149561722,0.42249887501374067,0.0085636941251865696,0.0038050913661718468,0.64601724346478773,0.0087633290426477328,0.019905599999999999,0,0,0,0,0,0,0,0.028954400000000002,233,0,0,1,0,0,0,0,0,0,0,0,1,20,nan,1,0.015830665553046748,0.0087633290426477328,0.54616236725513545,0.36238965392112732,0.019905599999999999,0.010871689617633823,0.54616236725513545,-0.057123300000000002,0.44800001382827759,0.52639997005462646,0.008917709075260162
639155490439841068,nan,124.47056046309189,0.0044836264208933368,0.0068169746747294008,199,0,0,1,1,0.17711430007860091,0.029480211650173171,0.051590378904629808,0.1752648423637877,0.025395800793849985,0.058407353579359209,-0.0020576198761848409,-0.0039836046901345363,0.0068169746747294008,0.43141172859634908,0.52990900906322258,0.32534718143733837,0.015935688675053759,0.0048156489428662283,0.016647421670912443,0.0097840031137743574,0.030072499999999999,0.017981480043302262,0.0088053411063962299,0.017532251550777006,0.0096689095614731005,0.5979376521174582,0.020021679663496484,0.0029670284390449567,0.5435646573702495,0.012973629208213707,0.030072499999999999,0.0047208091225112714,2.7105054312137611e-20,0.0047208091225112714,0,0.15698093349443085,0.0047208091225112714,0,0.019129799999999999,234,0,0,1,0,0,0,0,0,0,0,0,1,20,nan,1,0.015955957132860951,0.012973629208213707,0.2818928958868403,0.42386120557785034,0.030072499999999999,0.0084772241115570052,0.2818928958868403,-0.060384100000000003,0.44800001382827759,0.52639997005462646,0.013472480415850877
639155490440042082,nan,105.21735350556065,0.0055765644580663834,0.011674485372536866,193,0,0,0,0,0.18529729958445013,0.029102317090976198,0.058407353579359216,0.18388406001489366,0.023707799033354269,0.070081838951896083,-0.001725730088069683,-0.0053028225331515876,0.011674485372536866,0.49098031089521782,0.42315382411055097,0.58077971546941376,0.0085059842799758284,-0.0021882628474151054,0.0087829529692793635,0.011674485372536873,0.020101399999999998,0.01023171436804551,0.0031145596857364826,0.010032457220662427,0.0037065162971262125,0.50900506273421309,0.010695254131870073,6.9388939039072284e-18,0.5435646573702495,0.0098693916214291303,0.020101399999999998,0.00776319190542063,0,0.00776319190542063,0,0.38620155339531725,0.00776319190542063,0,0.0042560999999999996,236,0,0,1,0,0,0,0,0,0,0,0,1,20,nan,1,0.0085059842799758284,0.0098693916214291303,0,0.42386120557785034,0.020101399999999998,0,0,-0.073530499999999999,0.44800001382827759,0.52639997005462646,0.0090054274779677382
639155490440341975,nan,99.071289395023868,0.003723025507783001,0.0045810706674692947,203,0,0,1,1,0.19685289317673946,0.021197175949903332,0.078315768342589256,0.19376466491915534,0.02327654247859947,0.082896839010058551,-0.0029160817182997878,0.0023146028479634744,0.0045810706674692947,0.42883318623624722,0.32765527027489311,0.42731907907695305,0.0098261521968548513,-0.0011220822137363864,0.0098900119054599195,0.012815000058162468,0.0299893,0.012761193125119556,-0.0034125960602376321,0.0129688331618458,-0.0025106230834509372,0.42552487470929817,0.013209612479060391,0.0082339293906931732,0.5259665846824646,0.012860407071994689,0.0299893,0.0067864995887818034,0,0.0067864995887818025,0,0.22629736568648828,0.0067864995887818025,0,0.014163800000000001,237,0,0,1,0,0,0,0,0,0,0,0,1,20,nan,1,0.009812273944289256,0.012860407071994689,0.7844635434917655,0.43442004919052124,0.0299893,0.023525512544837604,0.7844635434917655,-0.0771173,0.49000000953674316,0.52799999713897705,0.014694757286000252
639155490440541481,nan,82.080233400816226,0.007648471910183155,0.0059926854989211104,194,0,0,0,0,0.20139063886436065,0.023077122636677765,0.087491016464768562,0.20591727078765676,0.029242244370419713,0.093483701963689672,0.005048022901198216,0.0057460062086495444,0.0059926854989211104,0.42883318623624722,0.63180283985280594,0.53065386272248061,0.01260484573676739,0.0049389566114210531,0.013537925559597482,0.010586862953631121,0.019950599999999999,0.0075832741877550416,-0.0008301803898132286,0.007625973945205311,-0.00019941984192170525,0.38010256271766474,0.0076285809221835182,0.0045941774547100106,0.52076548337936401,0.008555479365324874,0.019950599999999999,0,0,0,0,0,0,0,0.034114400000000003,237,0,0,1,0,0,0,0,0,0,0,0,1,20,nan,1,0.012636988950549167,0.008555479365324874,0.65793616729178295,0.43754070997238159,0.019950599999999999,0.013126221299171445,0.65793616729178295,-0.057166700000000001,0.49000000953674316,0.52799999713897705,0.0097757941902637483
639155490440840200,nan,83.929097427854103,0.0038351425691033848,0.0093373621442206928,196,0,0,1,1,0.22300803796680779,0.038071025180819111,0.097057129879262793,0.22073071454589674,0.034985232484943563,0.10639449202348349,-0.0025656337341483397,-0.0028505862673402745,0.0093373621442206928,0.54129364827537785,0.51168008044240965,0.43220518479888498,0.015284856194967616,0.0043351124046858746,0.015887732011275277,0.012910790059793812,0.0298719,0.017840287205483734,0.0071948485596207094,0.017090767179151034,0.0088287808103993982,0.59722639689754364,0.019236467798689625,0.0035734279155731213,0.39918382962544763,0.016169469731917258,0.0298719,0.0057829648207148318,0,0.005782964820714831,0,0.19359213242930084,0.005782964820714831,0,0.019188299999999998,238,0,0,1,0,0,0,0,0,0,0,0,1,20,nan,1,0.015306787240212338,0.016169469731917258,0.34178589391684577,0.51048970222473145,0.0298719,0.010209794044494624,0.34178589391684577,-0.060324200000000001,0.49000000953674316,0.52799999713897705,0.014637231284880639
639155490441040163,nan,66.09246215854229,0.0031712118582293528,0.0075299231352226317,197,0,0,0,0,0.2306990718322264,0.038835174618686158,0.11164525113533791,0.23279365426464291,0.036454143521957971,0.11917517427056054,0.0018162629449778442,-0.0025995718040621369,0.0075299231352226317,0.51981515735874861,0.60764833992450829,0.63915235553962757,0.012150718499632446,0.00017959464205957905,0.012152045683454562,0.012780682247077055,0.019996300000000002,0.010320830929594104,0.0027695938951084369,0.0099683572863296654,0.0038499421337425954,0.51613703183059378,0.010685981537560703,0.0052507591118544222,0.41655172904332483,0.010394379831092745,0.019996300000000002,0.00041657986710730288,0,0.00041657986710730288,0,0.020832847432140089,0.00041657986710730288,0,0.019194900000000001,239,0,0,1,0,0,0,0,0,0,0,0,1,20,nan,1,0.012151723805387241,0.010394379831092745,0.75024724029008671,0.50006896257400513,0.019996300000000002,0.015002168891012663,0.75024724029008671,-0.0403279,0.49000000953674316,0.52799999713897705,0.0097981871906995775
639155490441341636,nan,65.272884235480277,0.0046625988643135665,0.006023168265729655,196,0,0,1,1,0.25006268793782521,0.038558864413901599,0.12264584741442425,0.2463487138634449,0.04137776929777566,0.1286690156801539,-0.003341215372232319,0.0032520928655031685,0.006023168265729655,0.53665395849056974,0.46585598319784116,0.31491514694826278,0.014044300082260276,0.0032770972989513568,0.014421571741920859,0.0094938414095933621,0.030147299999999998,0.017396782259797544,3.6620263267699536e-05,0.017269033673182305,0.0021047208919436275,0.57705938043531413,0.017396820802620467,0.0034706731438637057,0.42364925146102905,0.016178667882802752,0.030147299999999998,0.011118019065020969,-2.1684043449710089e-19,0.011118019065020968,0,0.36878987720362916,0.011118019065020969,0,0.0093571000000000001,241,0,0,1,0,0,0,0,0,0,0,0,1,20,nan,1,0.01406037558276807,0.016178667882802752,0.32892527630891144,0.49581044912338257,0.030147299999999998,0.0099162089824676447,0.32892527630891144,-0.077183600000000005,0.50399994850158691,0.52799999713897705,0.015194237647461891
639155490441541901,nan,51.608995017450347,0.001338862254920008,0.0081204877197311454,191,0,0,0,0,0.25605835165186835,0.044739714059668936,0.13422449522539132,0.25702670715294873,0.043815138610515725,0.14234498294512246,0.00083591716798274776,-0.0010458463682210648,0.0081204877197311454,0.56330302453504255,0.54440234369534846,0.68289352932207614,0.010902473536014895,0.0010470819709415152,0.010952639401412606,0.013675967264968558,0.020026499999999999,0.010060759119383048,0.0020882683032008272,0.0097096377884234586,0.0033619447618932763,0.50237231265488469,0.010275200171500428,0.0055554795452374128,0.36817491054534912,0.01128098802085103,0.020026499999999999,0.0061131897434640869,0,0.0061131897434640869,0,0.30525502426605183,0.0061131897434640869,0,0.0091740999999999993,242,0,0,1,0,0,0,0,0,0,0,0,1,20,nan,1,0.01091044015728603,0.01128098802085103,0.79258975361038342,0.52909505367279053,0.020026499999999999,0.015872798700678342,0.79258975361038342,-0.0901174,0.50399994850158691,0.52799999713897705,0.010093354968667029
639155490441841269,nan,54.422689235345977,0.0035746886046645211,0.0084425216114519808,197,0,0,1,1,0.27312146383546099,0.047477674745093686,0.14656399806658246,0.27408040355917085,0.050921340412171376,0.15500651967803444,0.0014515710277714887,0.0032667017267655162,0.0084425216114519808,0.56330302453504255,0.59757007455138333,0.42294222271291454,0.017889335807829851,0.0046150113235119885,0.018475028150491332,0.01266153673291198,0.0299368,0.016451559922180621,0.0013422144885459155,0.016094756682512257,0.0036625361345779608,0.54954303473252386,0.016506221966469559,0.0042190151214600013,0.24547259012858069,0.01686348998490066,0.0299368,0,0,0,0,0,0,0,0.039110899999999997,242,0,0,1,0,0,0,0,0,0,0,0,1,20,nan,1,0.017916826142264926,0.01686348998490066,0.40265923273219034,0.60271644592285156,0.0299368,0.012054328918457036,0.40265923273219034,-0.060180600000000001,0.50399994850158691,0.52799999713897705,0.015088145658302307
639155490442041224,nan,44.633255165542415,0.0043192534966993747,0.0095852322533015732,193,0,0,0,0,0.28549426818827672,0.05567138160752378,0.16190152624527421,0.28955176350496487,0.057152152529646297,0.17148675849857578,0.0042431267284617847,0.00080735762519652441,0.0095852322533015732,0.60705450407759209,0.81257382811356693,0.82419738543879062,0.016247819980044827,0.0037675382030774212,0.01667890878371819,0.016480238820541337,0.019995499999999999,0.012010360804692333,0.0029309436143005628,0.011413864629105874,0.0047500411953524044,0.6006531872017371,0.012362815097262399,0.0068950065672397634,0.15555451313654578,0.012138358336283493,0.019995499999999999,0.0003586478010090266,0,0.0003586478010090266,0,0.017936425746244235,0.0003586478010090266,0,0.0194047,243,0,0,1,0,0,0,0,0,0,0,0,1,20,nan,1,0.016284141469418596,0.012138358336283493,0.98522261326509408,0.65666729211807251,0.019995499999999999,0.019700018763542188,0.98522261326509408,-0.040185100000000001,0.50399994850158691,0.52799999713897705,0.010077730970263481
639155490442342343,nan,43.62986405203457,0.0039252318999668601,0.0093862075790924187,195,0,0,1,1,0.31185288752722046,0.066362550335821002,0.17596826210441835,0.3079931450367222,0.067076576508702496,0.18535446968351077,-0.0036751398841148569,0.0013786922429264927,0.0093862075790924187,0.63188229290097253,0.65968816425451482,0.46053922817673376,0.019864464033215526,0.0066318785264051043,0.020942271703802966,0.013867711184934989,0.0301119,0.023545745605444209,0.0052696702257084256,0.022301124022255592,0.0092103978061747055,0.78194154488571654,0.024128231605403932,0.0044815036058425683,0.18297533194224036,0.019027176415604793,0.0301119,0.013109654142832385,-4.3368086899420177e-19,0.013109654142832383,0,0.43536456161292991,0.013109654142832383,0,0.0093605000000000008,245,0,0,1,0,0,0,0,0,0,0,0,1,20,nan,1,0.019906514915111945,0.019027176415604793,0.4252237825143253,0.64021480083465576,0.0301119,0.012804296016693112,0.4252237825143253,-0.077107899999999993,0.50399994850158691,0.52799999713897705,0.015176396049284935
639155490442542203,nan,35.63880589828635,0.0026922457420888732,0.010615891210200873,196,0,0,0,0,0.32008535602120869,0.073635947786657663,0.191690451390192,0.32205658729738745,0.071802253594157095,0.20230634260039287,0.0015857724163072294,-0.0021756638020325658,0.010615891210200873,0.63188229290097253,0.73518801873337747,0.84818737700801083,0.014693467742405283,0.0020529096029663252,0.014836186576578767,0.016951872916882105,0.019986,0.013093942282324522,0.0042184823767028945,0.012092210984486484,0.0065593712779551672,0.65515572312241177,0.013756704476559741,0.0063359817066812318,0.24428526560465491,0.012628799505918838,0.019986,0,0,0,0,0,0,0,0.029346500000000001,245,0,0,1,0,0,0,0,0,0,0,0,1,20,nan,1,0.014711447301398714,0.012628799505918838,0.90577428581167529,0.60342884063720703,0.019986,0.018102804876232143,0.90577428581167529,-0.057121900000000003,0.50399994850158691,0.52799999713897705,0.010072942970752716
639155490442841858,nan,35.767281252591459,0.0041467566465176291,0.013608313570513064,192,0,0,1,1,0.34260107757930519,0.078776575799569856,0.20637102299790341,0.33919958235104686,0.076404778823103717,0.21997933656841648,-0.0038153220147157953,-0.0016244717939881683,0.013608313570513064,0.67149883077320838,0.5912852606734943,0.58977804368435716,0.017718158478711592,0.0010641325181299007,0.017750085010863496,0.017672993968023604,0.029965499999999999,0.021526846035332271,0.0027040989145785998,0.020544490281917738,0.0069743222054127613,0.71838768034347067,0.021696019247058339,0.0040646803975105394,0.28221895297368371,0.020121798213534575,0.029965499999999999,0.007086394311032751,0,0.007086394311032751,0,0.23648510156789479,0.007086394311032751,0,0.0194124,246,0,0,1,0,0,0,0,0,0,0,0,1,20,nan,1,0.017724038821582806,0.020121798213534575,0.38755811063776008,0.58066862821578979,0.029965499999999999,0.011613372564315799,0.38755811063776008,-0.060047000000000003,0.50399994850158691,0.52799999713897705,0.015102610456824303
639155490443040963,nan,30.118540963925483,0.006475235844900294,0.014856539108946883,186,0,0,0,0,0.35119942936999021,0.079599136894418138,0.21997933656841645,0.35567481876964085,0.084278834424021551,0.23483587567736333,0.0053886955400207024,0.0035903536906609365,0.014856539108946883,0.70291820458898402,0.8938202902846375,0.7461660485144449,0.017796408889712276,0.0040892538787756123,0.018260179808942505,0.014856539108946855,0.019910500000000001,0.012407713349691572,0.00049890018811467448,0.011999847018943355,0.003194358071314421,0.62317437280287136,0.012417739406422382,-2.7755575615628914e-17,0.28221895297368371,0.013995452912468967,0.019910500000000001,0.00047468066355893512,0,0.00047468066355893512,0,0.023840720401744561,0.00047468066355893512,0,0.019235200000000001,247,0,0,1,0,0,0,0,0,0,0,0,1,20,nan,1,0.017796408889712276,0.013995452912468967,0,0.58066862821578979,0.019910500000000001,0,0,-0.040136499999999999,0.50399994850158691,0.52799999713897705,0.010034890974640847
639155490443341874,nan,31.381372132605179,0.005997757956024947,0.0033648826388275321,186,0,0,1,1,0.38032413821922939,0.096119223971440598,0.24766704552103705,0.37462250614642867,0.094257909327037162,0.25103192815986458,-0.0059839459773559211,-0.0004068058986131265,0.0033648826388275321,0.73335021820173929,0.68955891674186254,0.53823397890077962,0.020749586319571058,0.0052963629421660472,0.021414873169096293,0.01619605248250125,0.030091099999999999,0.026727820056135665,0.0057799142735274218,0.024649319449588536,0.011840389547419047,0.88823007653876618,0.02734563537317233,0.012831169843673716,0.052251021067301395,0.022067314750930357,0.030091099999999999,0.015259677608150947,-4.3368086899420177e-19,0.015259677608150946,0,0.50711597808491371,0.015259677608150946,0,0.0092800000000000001,249,0,0,1,0,0,0,0,0,0,0,0,1,20,nan,1,0.02084317869080041,0.022067314750930357,1.218316554318027,0.71864938735961914,0.030091099999999999,0.036660485267639181,1.218316554318027,-0.076832499999999998,0.50399994850158691,0.52799999713897705,0.015165912850356102
639155490443541603,nan,24.675504507252114,0.0030073670888787971,0.0088367460889667848,186,0,0,0,0,0.38719899106083344,0.10088149786751725,0.25894765797186026,0.39019375429735281,0.10115654325370534,0.26778440406082704,0.0029653468361798604,-0.0005009739997539021,0.0088367460889667848,0.77919745776608396,0.84098144770854055,0.83876031527532113,0.016796838356937908,0.002814452032409721,0.017030998767888973,0.01675247590096246,0.019972899999999998,0.013827618889366176,0.0032919376978116977,0.012576484914404773,0.0066235885404800909,0.6923190367631229,0.014214073939438687,0.0079157298119956754,0,0.015562832904216216,0.019972899999999998,0.0084110469578559943,0,0.0084110469578559943,0,0.42112296951649458,0.0084110469578559943,0,0.0091783999999999998,250,0,0,1,0,0,0,0,0,0,0,0,1,20,nan,1,0.016827590087257524,0.015562832904216216,1.1323528827268974,0.75387400388717651,0.019972899999999998,0.022616370891416049,1.1323528827268974,-0.0899094,0.50399994850158691,0.52799999713897705,0.010066340571427345
639155490443841379,nan,25.854280688816008,0.0034308088245722174,0.014346379200695923,182,0,0,1,1,0.41356485456667491,0.11151079768846883,0.27304920913933356,0.41022530376648003,0.11229683181220669,0.28739558834002948,-0.0030038618045608307,0.0016574870888978743,0.014346379200695923,0.77919745776608396,0.74273073095745745,0.65419460794734874,0.022265284760350276,0.0054429861143751763,0.022920929372535641,0.019611184279202443,0.0299776,0.025277831240357596,0.0038013366705053507,0.023371100269322098,0.010354254434763496,0.84322398191841896,0.025562060024546671,0.0052648050785065181,0,0.02335846970992856,0.0299776,0,0,0,0,0,0,0,0.039156000000000003,250,0,0,1,0,0,0,0,0,0,0,0,1,20,nan,1,0.022305592145024367,0.02335846970992856,0.50178467336625332,0.75211501121520996,0.0299776,0.015042300224304195,0.50178467336625332,-0.0599318,0.50399994850158691,0.52799999713897705,0.015108708856201173
639155490444039836,nan,22.280803470427859,0.0068480869614464474,0.012227583191727174,182,0,0,1,1,0.42352618200683417,0.11968361583377814,0.29511130225851062,0.43025840450255814,0.120937998271315,0.3073388854502378,0.006806019555990573,-0.00075788708592158544,0.012227583191727174,0.82853924095194331,1.0914625010820493,1.0049177963089391,0.021660837357724026,0.0026082576249479659,0.021817306957456317,0.019943297110208313,0.019845700000000001,0.014849172807610424,0.0033136093728429509,0.013300878240354141,0.0073867840215714464,0.74823124443130873,0.015214399105652169,0.0077157139184811374,0.025279422601064083,0.016442941214159981,0.019845700000000001,0.00063209258692220605,0,0.00063209258692220605,0,0.031850354833651923,0.00063209258692220605,0,0.0190828,251,0,0,1,0,0,0,0,0,0,0,0,1,20,nan,1,0.021688270339236319,0.016442941214159981,1.1108147815368674,0.73483234643936157,0.019845700000000001,0.02204489690994621,1.1108147815368674,-0.0400861,0.50399994850158691,0.52799999713897705,0.010002231777977945
639155490444340684,nan,19.796449228071339,0.0080838201223915225,0.0085953260692251399,183,0,0,0,0,0.46048854317496263,0.13399341049366079,0.31508994986998429,0.45241517599364445,0.13358244805401864,0.32368527593920943,-0.0078032613418819608,0.0021112224424424402,0.0085953260692251399,0.84876525072757714,0.82911602840538157,0.54334383106989681,0.024943789891370222,0.0053490166452073735,0.025510872843074753,0.016346390488971629,0.030084799999999998,0.03276318088565669,0.0032983405982282814,0.030230138672404483,0.013055412222345783,1.0890277111915883,0.032928787898253722,0.0077510644197464895,0.019672314325968387,0.02553493281508901,0.030084799999999998,0.017656412148588152,-8.6736173798840355e-19,0.017656412148588152,0,0.58688813449277222,0.017656412148588152,0,0.0092517999999999993,253,0,0,1,0,0,0,0,0,0,0,0,1,20,nan,1,0.02500148890449962,0.02553493281508901,0.73611585724793061,0.73819661140441895,0.030084799999999998,0.022145898342132542,0.73611585724793061,-0.076627700000000007,0.50399994850158691,0.52799999713897705,0.015162737650680541
639155490444539753,nan,18.911206832044929,0.0015711772343602142,0.015330908732351656,184,0,0,1,1,0.4670761554382778,0.14194919130573722,0.32927149316380738,0.46654512347250232,0.1404704746482614,0.34460240189615904,-0.00098065251922501177,-0.0012275661034377942,0.015330908732351656,0.84876525072757714,0.78299478750330154,1.0507475275884046,0.015586998935349474,0.002036121388250667,0.015719425120476811,0.020917125956949612,0.019906900000000002,0.016560778738333851,0.0032691464476357207,0.014660979444633349,0.0083667432517185725,0.83191148487880329,0.016880364655899465,0.0055862172245979558,0,0.016896284969708807,0.019906900000000002,0,0,0,0,0,0,0,0.029158699999999999,253,0,0,1,0,0,0,0,0,0,0,0,1,20,nan,1,0.015602751314280714,0.016896284969708807,0.80176323996746801,0.7980310320854187,0.019906900000000002,0.01596062064170839,0.80176323996746801,-0.056720800000000002,0.50399994850158691,0.52799999713897705,0.010033076574826241
639155490444839664,nan,22.471443343596281,0.0025229076735331707,0.014465358184758527,179,0,0,1,1,0.48783285123690434,0.15084775561067112,0.35033185587708171,0.4853099663263199,0.15083703846936022,0.36479721406184024,-0.0023733202513760991,0.00085581196157838641,0.014465358184758527,0.88236030326872694,0.70566645212812151,0.67336016903952167,0.021163713132419704,0.003417926159826939,0.021437933034352534,0.020194812165681197,0.0299911,0.023541897738257708,0.0025757259996941548,0.02128772776440202,0.010377280962409724,0.78496279690500537,0.023682384034215898,0.0057294539809226719,0,0.026462956091362715,0.0299911,0.0096566393950032747,0,0.0096566393950032747,0,0.32198350160558548,0.0096566393950032747,0,0.019047000000000001,254,0,0,1,0,0,0,0,0,0,0,0,1,20,nan,1,0.021190979413044052,0.026462956091362715,0.54582421174688545,0.81849342584609985,0.0299911,0.016369868516922015,0.54582421174688545,-0.060515199999999998,0.49000000953674316,0.51680004596710205,0.014695639286017418
639155490445039718,nan,18.189323257949841,0.010853594845293869,0.016843108823753505,173,0,0,0,0,0.49782695260650844,0.15775199843637078,0.36479721406184024,0.50548194499756605,0.16544625685149045,0.38164032288559374,0.009896266793033499,0.0044569523922622402,0.016843108823753505,0.88555978282319392,1.2025036759046388,0.84192812059511457,0.02405656703794266,0.0064513229340152954,0.024906585178421814,0.016843108823753505,0.0200054,0.014160300244909163,0.0019943705417530561,0.012516986280188547,0.0069149599670105533,0.70782389979251414,0.014300056534286391,0,0,0.017715977679291124,0.0200054,0.00067550500233748423,0,0.00067550500233748423,0,0.033766133260893769,0.00067550500233748423,0,0.019242599999999999,255,0,0,1,0,0,0,0,0,0,0,0,1,20,nan,1,0.02405656703794266,0.017715977679291124,0,0.81849342584609985,0.0200054,0,0,-0.040509799999999999,0.49000000953674316,0.51680004596710205,0.0098026461907863623
639155490445340981,nan,19.559002766400692,0.0078937304196930198,0.0046246980847646215,174,0,0,1,1,0.53585909721864455,0.18744640159968692,0.39754169548027118,0.53034504992396569,0.18179783874079691,0.40216639356503581,-0.0072708947789564054,-0.0030732831064077737,0.0046246980847646215,0.9304422130451111,0.96806991108406393,0.68133394009360804,0.029164364562291836,0.0059150702905028593,0.029758162188950003,0.020526070679442066,0.030126300000000002,0.036385472764152757,0.0091035771943379258,0.030377152221078507,0.022000144748196476,1.2077644039975952,0.037507035953327106,0.015901372594677443,0,0.02803078124286093,0.030126300000000002,0.00088847926923674159,5.4210108624275222e-20,0.00088847926923674159,0,0.029491815099655171,0.00088847926923674159,0,0.0291714,256,0,0,1,0,0,0,0,0,0,0,0,1,20,nan,1,0.029291196712754847,0.02803078124286093,1.5080674735247945,0.849251389503479,0.030126300000000002,0.04543249312765002,1.5080674735247945,-0.043334200000000003,0.49000000953674316,0.51680004596710205,0.014761887287306786
639155490445539842,nan,17.048828742489071,0.001350574202040557,0.015816033202971869,169,0,0,1,1,0.54675696213611513,0.19259137105671148,0.41097448151002031,0.54709631257317926,0.19128412511348508,0.42679051471299218,-0.00021115509973244619,-0.0013339655914132373,0.015816033202971869,0.92541898019741153,0.96186886766518997,1.238257936345305,0.019127820489276734,0.0021727661672604707,0.019250829319475735,0.024624121147956372,0.0198861,0.019327217863783861,0.0035085398615130369,0.016411912212149438,0.010793532315914567,0.97189583999798157,0.019643095537974456,0.0088080879449845013,0,0.018402974382103747,0.0198861,0.00537816494531529,0,0.0053781649453152891,0,0.27044845119532185,0.00537816494531529,0,0.0140745,257,0,0,1,0,0,0,0,0,0,0,0,1,20,nan,1,0.019153645399235687,0.018402974382103747,1.2655053307133315,0.83886551856994629,0.0198861,0.02516596555709838,1.2655053307133315,-0.056862200000000002,0.49000000953674316,0.51680004596710205,0.0097441891896486287
639155490445839816,nan,21.855402259452376,0.009715902954519566,0.012093634271499454,184,0,0,1,1,0.57236493368005892,0.20559381513998984,0.4359920399839311,0.56342969684522493,0.20177801732995485,0.44808567425543055,-0.0097108081730453797,0.00031460268269217382,0.012093634271499454,0.90420951842575392,0.64046298370056898,0.70990017609654099,0.019212224307259447,0.0027913532196307154,0.019413943845318846,0.02129515954243838,0.0299974,0.028925516169210772,0.002566116841147421,0.025268621106879663,0.014309690026504757,0.96426744215201221,0.029039119154989773,0.0092015252709389261,0,0.027123934608024713,0.0299974,0.0098273107300584917,0,0.0098273107300584917,0,0.32760541680473948,0.0098273107300584917,0,0.019129,258,0,0,1,0,0,0,0,0,0,0,0,1,20,nan,1,0.019247255854237279,0.027123934608024713,0.876411695769716,0.8763357400894165,0.0299974,0.02629007220268248,0.876411695769716,-0.060620300000000002,0.47600001096725464,0.42719998955726624,0.014278762728989125
639155490446140719,nan,17.525880020291261,0.0032163841113885426,0.013114925345323825,174,0,0,1,1,0.57981366454779704,0.21230440844922652,0.458078591833738,0.5809204286568227,0.2153243753296683,0.47119351717906183,0.0023281676724193736,0.0022191804886250287,0.013114925345323825,0.96280749976386837,0.71893106356707392,0.76794990158394139,0.021632851382052325,0.0046313340889721916,0.022123053911285374,0.023107842923631272,0.0300903,0.019326975670854937,0.0023889996008766689,0.016383967702572111,0.010526391119271672,0.64229920176452004,0.019474067568815909,0.0099929175783074475,0,0.028971166510144728,0.0300903,0.020128293943259878,0,0.020128293943259878,0,0.66892965318590636,0.020128293943259878,0,0.0091888999999999998,260,0,0,1,0,0,0,0,0,0,0,0,1,20,nan,1,0.02169675992265474,0.028971166510144728,0.94885039633630364,0.95170009136199951,0.0300903,0.028551193080878279,0.94885039633630364,-0.063491900000000004,0.47600001096725464,0.42719998955726624,0.014322983130007983
639155490446340625,nan,19.994553958047103,0.0070197203520630655,0.020284543445568792,176,0,0,1,1,0.59254045980815473,0.22432394742529618,0.47420845204668233,0.59830680992208884,0.22832715616138533,0.49449299549225112,0.0069580617931650291,0.00092835871497254797,0.020284543445568792,0.98754689709063059,1.0702205298947334,1.1655217108635703,0.021394350524913657,0.003693281532186803,0.021710793694816072,0.023299478313189289,0.019990600000000001,0.01443911929235105,0.0027439489651935097,0.011620031151332033,0.008999572095627878,0.72229544347598618,0.014697531148540928,0.0030149348676205001,0,0.019741655000979959,0.019990600000000001,0.01077423540194844,0,0.01077423540194844,0,0.53896508368675478,0.01077423540194844,0,0.0090805,261,0,0,1,0,0,0,0,0,0,0,0,1,20,nan,1,0.021410059183709237,0.019741655000979959,0.43090750761721658,0.86140996217727661,0.019990600000000001,0.0086140996217727306,0.43090750761721658,-0.076690300000000003,0.47600001096725464,0.42719998955726624,0.009515525819242001
639155490446539813,nan,19.390902741680748,0.00066353804041967301,0.015894993417662429,174,0,0,1,1,0.61563074472877721,0.24128323506000793,0.50394154675944358,0.61546616536316023,0.24192603857858658,0.51983654017710601,0.00016627764371634162,0.00064236631004756239,0.015894993417662429,1.0001883358239059,1.0822769577770943,1.2723429466059648,0.021557658266570388,0.0038262843871909348,0.021894590248504119,0.025343544684854891,0.0199188,0.021397457385732219,0.0031823756911301872,0.017323934806688368,0.012956078898622603,1.0742342603837691,0.021632815295604096,0.0094485512671924621,0,0.019922551423609217,0.0199188,0.010870746965569221,0,0.010870746965569222,0,0.54575310588836778,0.010870746965569222,0,0.0090501000000000002,262,0,0,1,0,0,0,0,0,0,0,0,1,20,nan,1,0.021607339809047783,0.019922551423609217,1.3552955380548408,0.90016508102416992,0.0199188,0.026995860763406765,1.3552955380548408,-0.090423900000000001,0.47600001096725464,0.1136000007390976,0.0094813490184545521
639155490446840747,nan,20.973485081750937,0.0069209705756185739,0.015243104926654372,181,0,0,1,1,0.64139058586190201,0.26247128267631353,0.5255361712124339,0.63522116222415914,0.25933471676968289,0.54077927613908827,-0.006910433909437682,0.00038175501551641769,0.015243104926654372,1.0001883358239059,0.85709578384736829,0.69592455362246408,0.025792926261632394,0.0052959354415648956,0.026331007905874573,0.020942735961982262,0.030093399999999999,0.03270542377686151,0.0049535733371646549,0.025924420498741774,0.020545244097726956,1.0867972305177052,0.033078431541274246,0.0056996310353278901,0,0.030099067665283127,0.030093399999999999,0,0,0,0,0,0,0,0.039143499999999998,262,0,0,1,0,0,0,0,0,0,0,0,1,20,nan,1,0.025835192040413835,0.030099067665283127,0.54113726268673124,0.81423300504684448,0.030093399999999999,0.016284660100936876,0.54113726268673124,-0.060330500000000002,0.47600001096725464,0.1136000007390976,0.01432445873004198
639155490447040744,nan,19.767443892510002,0.0050096157966565717,0.011505330656461421,176,0,0,1,1,0.64835008785971115,0.27090430814913719,0.55000883943492962,0.65213567064349287,0.27418540757116733,0.56151417009139104,0.0049422981534622676,0.00081849825436253925,0.011505330656461421,1.0046929843750867,1.1073235022595096,1.0367602490188736,0.022146137848139513,0.0040239521319479655,0.022508745241550138,0.020734893952302765,0.019999699999999999,0.017211604471811776,0.0031598741331430903,0.013128925635552013,0.011569591379454292,0.86059313248757618,0.017499260928147735,0.0092295632958413476,0,0.020093558279606419,0.019999699999999999,0.00084022474283285131,0,0.00084022474283285131,0,0.042011867319652361,0.0008402247428328512,0,0.019163400000000001,263,0,0,1,0,0,0,0,0,0,0,0,1,20,nan,1,0.022197267495995592,0.020093558279606419,1.318528820195336,0.879006028175354,0.019999699999999999,0.02637018084526066,1.318528820195336,-0.073457400000000006,0.47600001096725464,0.1136000007390976,0.0095198574193418022
639155490447340338,nan,24.048965156012351,0.00075448555856395599,0.021402722781728611,183,0,0,1,1,0.67747347688749593,0.29643163056441185,0.56151417009139115,0.67761366080200458,0.2971729786123587,0.58291689287311976,0.00051340311704592542,0.00055287041654359878,0.021402722781728611,1.0463417850921626,1.1283936752518562,0.71439090174465181,0.03380599747434046,0.0058915990746083707,0.03431554173972836,0.021402722781728722,0.029959400000000001,0.033292594357294529,0.0053387286580647737,0.025337806244003058,0.022246222993244524,1.1112570464460079,0.033717930878448064,1.1102230246251565e-16,0,0.031347772076290137,0.029959400000000001,0.02198510480461946,0,0.02198510480461946,0,0.73382994334397411,0.02198510480461946,0,0.0089169999999999996,265,0,0,1,0,0,0,0,0,0,0,0,1,20,nan,1,0.03380599747434046,0.031347772076290137,0,0.879006028175354,0.029959400000000001,0,0,-0.076835700000000007,0.47600001096725464,0.1136000007390976,0.014260674728572368
639155490447640490,nan,21.244009777397096,0.0075563585765816262,0.0066029296248281124,183,0,0,1,1,0.70313910424231918,0.32020336447841635,0.59986163544873694,0.69723422614138097,0.31548839156747199,0.60646456507356505,-0.007535702983502349,-0.00055833277022981865,0.0066029296248281124,1.0180804915577599,0.88163215663034022,0.78452491405838687,0.026462365507690988,0.0044904507224149178,0.02684065826229063,0.023547672200445291,0.030015199999999999,0.03398752632302094,0.0051763877758690575,0.025525443440314599,0.023030385866057657,1.1323438232302614,0.034379455143504059,0.016944742575617178,0,0.030557889570204475,0.030015199999999999,0.011068469296166672,0,0.011068469296166672,0,0.36876213705611399,0.011068469296166672,0,0.019143299999999999,266,0,0,1,0,0,0,0,0,0,0,0,1,20,nan,1,0.026563301552449823,0.030557889570204475,1.6129677701980658,0.92963474988937378,0.030015199999999999,0.048413550216048984,1.6129677701980658,-0.080401299999999995,0.47600001096725464,0.015999998897314072,0.014287235529184341
639155490447839604,nan,19.708132239996914,0.0062371043774615519,0.017716103066577116,164,0,0,1,1,0.71025006227435561,0.32763841933721677,0.61240339217098094,0.71301489731807666,0.33322922949285272,0.63011949523755806,0.0054761758165020836,0.0029854596701526194,0.017716103066577116,1.0180804915577599,1.1590421486637628,1.1880093897964485,0.023078151838903646,0.0055826356483411315,0.023743776302046417,0.023654930163993004,0.019911399999999999,0.017619802618132174,0.0025647067559625364,0.013015836132974634,0.012150027769744776,0.8849102834623469,0.017805481320256895,0.0059388270974158885,0,0.020271407899603182,0.019911399999999999,0,0,0,0,0,0,0,0.039054699999999998,266,0,0,1,0,0,0,0,0,0,0,0,1,20,nan,1,0.02312468400250231,0.020271407899603182,0.85217902413634061,0.84840387105941772,0.019911399999999999,0.016968077421188332,0.85217902413634061,-0.060489899999999999,0.47600001096725464,0.015999998897314072,0.0094778266183733941
639155490448139697,nan,32.042696507448753,0.012737401105244194,0.018834217161858513,167,0,0,1,1,0.73679860391544372,0.35996718501351566,0.63901395844885622,0.72941431223010078,0.3495886676231727,0.65784817561071474,-0.012117046361277275,-0.0039266492578957403,0.018834217161858513,1.0535474932867932,0.76275289650602884,0.92400290487137915,0.02288968049711837,0.0035545115186654767,0.023164024378257042,0.027728680373156678,0.030009299999999999,0.034971322585976017,0.0075887786581369659,0.02378370659736706,0.026737955520662937,1.1653494945225653,0.035785233895205874,0.0088944632112981648,0,0.03161622279029136,0.030009299999999999,0.022178861897872437,-1.7347234759768071e-18,0.022178861897872437,0,0.73906628604707336,0.022178861897872437,0,0.0089411000000000004,268,0,0,1,0,0,0,0,0,0,0,0,1,20,nan,1,0.022932996474319824,0.03161622279029136,0.84682921735195404,0.84709173440933228,0.030009299999999999,0.025412752032279995,0.84682921735195404,-0.0636047,0.47600001096725464,0.015999998897314072,0.014284427129119634
639155490448339499,nan,31.160115456677897,0.01067516887098075,0.017046981694677884,181,0,0,1,1,0.74236881367572727,0.36205374684512043,0.66290460970399745,0.74808068749479117,0.37107226822609241,0.67995159139867534,0.010052223002626721,0.0035933331503519971,0.017046981694677884,1.0535474932867932,1.3966972708942147,1.1062659927308336,0.027906290811920587,0.0055872706671982377,0.028460124040278131,0.022103415787960601,0.0199802,0.017872365689080655,0.0019431552665559858,0.012954501445626487,0.012465079221947728,0.89450384325885901,0.017977689165022622,0.0050564340932827134,0.44738873839378357,0.021050089625368786,0.0199802,0,0,0,0,0,0,0,0.0289213,268,0,0,1,0,0,0,0,0,0,0,0,1,20,nan,1,0.027945921930876035,0.021050089625368786,0.72306356053674203,0.48156675696372986,0.0199802,0.014446954552236213,0.72306356053674203,-0.043624499999999997,0.47600001096725464,0.015999998897314072,0.009510575419127941
639155490448540656,nan,24.908238018820953,0.011509519236660663,0.013095377296685308,175,0,0,0,0,0.76359083419514995,0.39004713870107438,0.6822742578356682,0.77328956515956793,0.39624420661573384,0.6953696351323535,0.011435201452154081,-0.0013058333767043259,0.013095377296685308,1.1014262921587099,1.7612856918730126,0.76646816833011855,0.035429494592009961,0.0037235612475587966,0.035624626249402033,0.015418043733678166,0.0201157,0.023991290972407191,0.0050028309671910753,0.015510146700358773,0.018974870474981975,1.192664981701218,0.024507353186523282,0.0023226664369928596,0.69699247678120924,0.02215596086517696,0.0201157,0.012151155140353254,-8.6736173798840355e-19,0.012151155140353254,0,0.60406325110999137,0.012151155140353254,0,0.0090834999999999996,269,0,0,1,0,0,0,0,0,0,0,0,1,20,nan,1,0.03544165466413339,0.02215596086517696,0.32990101363510638,0.33180451393127441,0.0201157,0.0066361898199797098,0.32990101363510638,-0.056778500000000003,0.47600001096725464,0.015999998897314072,0.0095750734206140036
639155490448839528,nan,32.233842651687894,0.014498730132939333,0.01344622707982368,173,0,0,1,1,0.80068601417142282,0.4252513426838137,0.69536963513235339,0.79267867836099304,0.41316433525075519,0.70881586221217707,-0.013891942618222321,-0.0041505548737272961,0.01344622707982368,1.1350886027735558,0.86081989833930961,0.44989919028291608,0.025727496465646614,0.00056955190587666855,0.025733800025712232,0.013446227079823569,0.029887199999999999,0.039619439083868932,0.0047201067796039629,0.027396449011854895,0.029007136068079864,1.3256323470873461,0.039899616054935472,-1.1102230246251565e-16,0.69699247678120924,0.03392462008881382,0.029887199999999999,0.012234552504994944,0,0.012234552504994944,0,0.4093576014144833,0.012234552504994944,0,0.019108699999999999,270,0,0,1,0,0,0,0,0,0,0,0,1,20,nan,1,0.025727496465646614,0.03392462008881382,0,0.33180451393127441,0.029887199999999999,0,0,-0.060321600000000003,0.47600001096725464,0.015999998897314072,0.014226307527780532
639155490449139620,nan,29.78439732564247,0.0089466338420815094,0.003132359129017992,166,0,0,0,0,0.81723751558304658,0.43451855860093241,0.71457033478037701,0.8094401217675592,0.43013188482796078,0.71770269390939501,-0.008764511581146885,0.0017959938330128836,0.003132359129017992,1.1276845478165898,0.79205528263391056,0.2961369079221684,0.023768945387617549,0.0019700149458579848,0.023850444937703982,0.0088868316972179357,0.0300092,0.032543646795551905,0.00022448571210879203,0.024558837222053542,0.021354223350177226,1.0844556601159612,0.032544421036309383,0.0057544725681999412,0.84010909001032508,0.033840911132337607,0.0300092,0.023573420772031284,0,0.023573420772031284,0,0.78553979353102665,0.02357342077203128,0,0.0090863000000000003,272,0,0,1,0,0,0,0,0,0,0,0,1,20,nan,1,0.023784336915830276,0.033840911132337607,0.54787699088468189,0.24593454599380493,0.0300092,0.016441350194856597,0.54787699088468189,-0.063908999999999994,0.43399998545646667,0,0.013023992363560199
639155490449339207,nan,34.505365757636959,0.005795654657303119,0.00057637116508080233,178,0,0,0,0,0.82519021647813529,0.44543461991323724,0.71993381301312476,0.82884304495904593,0.44993422622887946,0.72051018417820556,0.0057131243213736464,0.00097458883394395835,0.00057637116508080233,1.1342924844367723,1.3848450448881753,0.14066498663793497,0.027639706797409624,0.0021570260745990503,0.027723747101235645,0.0028074902688105525,0.019958699999999999,0.021928771117650993,0.0011696930161131346,0.01575009471057609,0.015302735085276464,1.0987073866359529,0.021959945001804267,0.0022311191037297506,0.89585411051909125,0.022639003409128208,0.019958699999999999,0.01230911518261113,0,0.01230911518261113,0,0.61672930514568236,0.01230911518261113,0,0.0091068999999999994,273,0,0,1,0,0,0,0,0,0,0,0,1,20,nan,1,0.027646441507752362,0.022639003409128208,0.31939084262283135,0.21248753368854523,0.019958699999999999,0.0063746260106563035,0.31939084262283135,-0.0769513,0.43399998545646667,0,0.0086620755097299804
639155490449639641,nan,42.218029892969838,0.0053434766259082339,0.011231569649649331,169,0,0,1,1,0.85244730070567654,0.47482339089492909,0.72105773984089716,0.85050938484398009,0.46984370972394907,0.73228930949054649,-0.0047430673332276461,-0.0024609052651608579,0.011231569649649331,1.1342924844367723,0.97915783890641062,0.39207031535515052,0.029417230617400859,0.00066660321975748477,0.029424782361980824,0.011779125312340931,0.030043400000000001,0.034158949757055981,0.0031301052092545453,0.023604255746630609,0.024889164666049624,1.136986817639015,0.034302061266432329,0.00054755566269160106,0.98925920824209845,0.034078002826927731,0.030043400000000001,0,0,0,0,0,0,0,0.039150299999999999,273,0,0,1,0,0,0,0,0,0,0,0,1,20,nan,1,0.029417743049514493,0.034078002826927731,0.052072826329490007,0.15644447505474091,0.030043400000000001,0.0015644447505474002,0.052072826329490007,-0.046907900000000002,0.43399998545646667,0,0.013038835163062812
639155490449839506,nan,32.206044798751662,0.0025517108664405595,0.0038970758144499795,166,0,0,0,0,0.8673802435240634,0.48529775142720183,0.73461946624526397,0.86893224635225108,0.48732321818012775,0.73851654205971395,0.0025093995036773622,0.00046275530991512137,0.0038970758144499795,1.167194459182306,1.2701786191076649,0.31157193951754747,0.025386424970795345,0.0006815197904196206,0.025395571307268421,0.0062272325691674624,0.019986500000000001,0.022878110571106336,0.00021291844788676531,0.016870858680083312,0.015454041703252763,1.1446781863310902,0.022879101327832309,0.0023301567547174828,0.88013261556625366,0.023328132058447162,0.019986500000000001,0.0012781946522504306,-1.0842021724855044e-19,0.0012781946522504306,0,0.06395290082057542,0.0012781946522504306,0,0.018891399999999999,274,0,0,1,0,0,0,0,0,0,0,0,1,20,nan,1,0.025388552954707946,0.023328132058447162,0.3331043818459658,0.2219204306602478,0.019986500000000001,0.0066575907277643953,0.3331043818459658,-0.0602141,0.43399998545646667,0,0.0086741407093256714
639155490450039372,nan,38.102381950373307,0.011928101980906601,0.001939383902789138,175,0,0,0,0,0.88564130731251911,0.50324253252421114,0.73851654205971395,0.89486481040121291,0.51080603750799769,0.74045592596250309,0.011912174249118501,-0.00061621548629199868,0.001939383902789138,1.1386082698428606,1.7504098020322232,0.097034208058856333,0.034984740549297233,-9.2792441758172972e-05,0.034984863608979379,0.001939383902789138,0.0199866,0.023072566300178732,0.00052342304453382657,0.01670906096026803,0.015919314344083391,1.1544017641909445,0.023078502710524626,0,0.88013261556625366,0.022756908046041316,0.0199866,0.0012449542822461357,0,0.0012449542822461357,0,0.062289448042495255,0.0012449542822461359,0,0.018893199999999999,275,0,0,1,0,0,0,0,0,0,0,0,1,20,nan,1,0.034984740549297233,0.022756908046041316,0,0.2219204306602478,0.0199866,0,0,-0.073874400000000007,0.36400002241134644,-0.06719999760389328,0.0072751228479266171
639155490450339374,nan,37.877092075982723,0.0046287896509205556,0.0014846496242192364,172,0,0,0,0,0.92140615384865721,0.53473620341155093,0.74446527381854799,0.91802866970425623,0.53157103446080134,0.74298062419432875,-0.0046286226987960373,-3.9313415767706309e-05,-0.0014846496242192364,1.1554169168138813,1.0369009252495922,0.0841560466872108,0.031107235137672815,-0.00029899556964154035,0.031108672042713933,0.0025246982318256617,0.030000200000000001,0.035735663013527139,-0.00024112476107746722,0.026541343447444299,0.023930165903553235,1.1911808259120651,0.035736476493448202,0.0040093478560448981,0.93993812799453735,0.0346627385877998,0.030000200000000001,0.024292849441075459,0,0.024292849441075459,0,0.80975624966085091,0.024292849441075459,0,0.0089758000000000008,277,0,0,1,0,0,0,0,0,0,0,0,1,20,nan,1,0.031105012359744923,0.0346627385877998,0.38184010735592749,0.18603712320327759,0.030000200000000001,0.011455279588699296,0.38184010735592749,-0.077001,0.36400002241134644,-0.06719999760389328,0.010920073472344876
639155490450639375,nan,41.681537223531734,0.011408204609945544,0.0048518634036101016,172,0,0,1,1,0.94348405221168208,0.55444095789657699,0.745342577760716,0.93411757149605346,0.54792818802300247,0.7501944411643261,-0.011300125017181606,0.0015666228066925176,0.0048518634036101016,1.1554169168138813,0.76380230356151246,0.24045976413403103,0.022914145487075727,0.0011623984345534768,0.022943609862520004,0.0072138169699973442,0.030000099999999998,0.034217939270448902,-0.00037752965641596123,0.02545538250742585,0.022869923435775652,1.1405941737010512,0.034220021866702574,0.0023619535663872426,0.87496047218640638,0.034662623046108114,0.030000099999999998,0,0,0,0,0,0,0,0.038975900000000001,277,0,0,1,1,1,1,1,1,3,0.12684890637023208,1.0147912509618566,0.91754821085934912,20,0.034662623046108114,1,0.021185995054549985,0.034662623046108114,0.22494720887950675,0.22502371668815613,0.030000099999999998,0.0067484387611060903,0.22494720887950675,-0.047000899999999998,0.36400002241134644,-0.06719999760389328,0.010920037072342634
639155490450839208,nan,45.394850083019755,0.01009827539453332,0.0026706376097586082,182,0,0,0,0,0.95066750792622845,0.56425993049646561,0.75136413137654157,0.95797433649247432,0.57123025489690282,0.74869349376678296,0.010097722016576695,0.00010571669583994518,-0.0026706376097586082,1.1748862020699036,1.6683667856182653,0.075110086799634684,0.033339473987045481,0.00078168469173538202,0.03334863650421372,-0.0015009473975431398,0.019983299999999999,0.023241882533950577,0.00066415686429974891,0.016549936430174994,0.01633174247346314,1.1630652862115156,0.023251370025492119,0.0011696902122154684,0.9712263445059458,0.023478103441823502,0.019983299999999999,0.00099700843107641823,0,0.00099700843107641823,0,0.049892081441824838,0.00099700843107641823,0,0.019134700000000001,278,0,0,1,0,0,0,0,0,0,0,0,1,20,nan,1,0.033340733625494279,0.023478103441823502,0.16723824568021228,0.1672641932964325,0.019983299999999999,0.0033419720349013859,0.16723824568021228,-0.060338200000000002,0.36400002241134644,-0.06719999760389328,0.0072739216478526587
639155490451140388,nan,48.800330307654932,0.0099569162900355369,0.0031872206325581636,173,0,0,0,0,0.98328705802494376,0.59646093325775473,0.75069782952746211,0.97595572562499322,0.5897235934824272,0.75388505016002028,-0.0099566365853287538,7.4631859604308223e-05,0.0031872206325581636,1.1507874341080102,0.85533141150528302,0.17237387586285005,0.025760871451716114,0.0013082160456404559,0.025794067674058573,0.0051915563932373177,0.030117999999999999,0.035717637624550547,0.0012535407653497116,0.02531272153246944,0.02523067836085191,1.1859232892141094,0.035739627892986001,0.002004335760679155,0.93186207115650177,0.034659415940465052,0.030117999999999999,0.024249782633974475,0,0.024249782633974482,0,0.80515912856014593,0.024249782633974478,0,0.0090421000000000008,280,0,0,1,0,0,0,0,0,0,0,0,1,20,nan,1,0.025764511707018906,0.034659415940465052,0.19014123122186849,0.19088275730609894,0.030117999999999999,0.0057266736019402353,0.19014123122186849,-0.063803899999999997,0.335999995470047,-0.217600017786026,0.010119647863566875
639155490451340544,nan,68.147409695253771,0.0080091420419591136,0.0017863253830452395,186,0,0,0,0,0.99221386000771328,0.60605863706187857,0.75464391724520596,0.9974900542255174,0.61208425991966575,0.7564302426282512,0.0079715175656744283,0.00077541211521425053,0.0017863253830452395,1.1507874341080102,1.5490231520322073,0.127160438269696,0.03100462780181585,0.0015619752442557113,0.031043948070321216,0.0025451924682309275,0.020015600000000001,0.023033700966132317,0.00078051403059436683,0.016258134382720058,0.016335043579451369,1.1507874341080115,0.023046921320409794,0.00075886708518568835,1,0.023033700966132289,0.020015600000000001,0,0,0,0,0,0,0,0.029057699999999999,280,0,0,1,0,0,0,0,0,0,0,0,1,20,nan,1,0.031006302913036094,0.023033700966132289,0.10832509002770767,0.10840741544961929,0.020015600000000001,0.0021681916719585859,0.10832509002770767,-0.043788300000000002,0.335999995470047,-0.217600017786026,0.0067252415093302731
639155490451640250,nan,47.504331853017064,0.01076723861811991,0.0063053611222817496,171,0,0,0,0,1.0205653172091349,0.63691327285649468,0.75687608303880249,1.0134401531705066,0.6288407599341036,0.76318144416108424,-0.010722905904704805,-0.00097607193299447791,0.0063053611222817496,1.1285496218957354,0.77078335539815801,0.22526080668498594,0.023100839631296034,0.001239821526649804,0.023134086303305816,0.0067512015328330399,0.0299706,0.033823309297988255,0.0022206740672480602,0.023075262983617506,0.024829012936828931,1.1285496218957329,0.03389613023901588,0.00044584041055129031,1,0.033823309297988324,0.0299706,0.012095230572667592,-8.6736173798840355e-19,0.012095230572667592,0,0.40356985087611169,0.012095230572667592,0,0.019253099999999999,281,0,0,1,1,1,1,1,1,3,0.046215238442568793,0.36972190754055034,0.96996009501233027,20,0.033823309297988324,1,0.022582109895705527,0.033823309297988324,0.042502644072261855,0.06368989497423172,0.0299706,0.0012738297444321312,0.042502644072261855,-0.046764100000000003,0.335999995470047,-0.217600017786026,0.010070121464234591
639155490451839453,nan,68.33118104402908,0.0095032525095540693,0.00047682244049551686,179,0,0,0,0,1.0292538072653277,0.64496379698400197,0.76318144416108413,1.0362934777816715,0.6513477493085158,0.76270462172058862,0.0094998925266534407,-0.00025268605497695464,-0.00047682244049551686,1.1331264099419094,1.6100214630612566,0.023936509013198996,0.032072110550619148,0.00046769788543515531,0.032075520517727794,-0.00047682244049562788,0.019920299999999998,0.022572218023965709,0.00072038394041210735,0.01581365409482105,0.01612303704989837,1.1331264099419041,0.022583710491038581,-1.1102230246251565e-16,1,0.022572218023965817,0.019920299999999998,0.0011543158738078763,0,0.0011543158738078763,0,0.057946711335064051,0.0011543158738078763,0,0.018901600000000001,282,0,0,1,0,0,0,0,0,0,0,0,1,20,nan,1,0.032072110550619148,0.022572218023965817,0,0.06368989497423172,0.019920299999999998,0,0,-0.060185500000000003,0.335999995470047,-0.217600017786026,0.0066932207097619763
639155490452139428,nan,72.844421481852223,0.007586177164767241,0.0030884426763883033,182,0,0,0,0,1.0601257949087239,0.67512823392815635,0.7630472352363229,1.0555924628512816,0.66904555487758977,0.7661356779127112,-0.007480293890029412,-0.0012630468297037041,0.0030884426763883033,1.1223608291371001,0.87272729497951418,0.1143780712433564,0.026179637031147975,-0.00053828579316788673,0.026185170358005706,0.0034310561921225835,0.0299975,0.033659497745237507,0.00072732381214330594,0.023832317127052471,0.023780484619640552,1.1220767645716312,0.033667354936040929,0.00034261351573428023,1,0.033668018972040158,0.0299975,0.023677557239140778,0,0.023677557239140778,0,0.78931768444506301,0.023677557239140775,0,0.0088936999999999992,284,0,0,1,0,0,0,0,0,0,0,0,1,20,nan,1,0.026179370432531657,0.033668018972040158,0.032632578022855054,-0.011642227880656719,0.0299975,0.00097889575924059447,0.032632578022855054,-0.063906299999999999,0.2800000011920929,-0.31360000371932983,0.0083993000357598067
639155490452339223,nan,83.36021619877657,0.0020624384443425239,0.0016605756663112814,179,0,0,1,1,1.0714394050550049,0.68371290687840958,0.76682012837335634,1.0729877996072292,0.68507530426806651,0.76848070403966762,0.0020603287767792054,-9.3261290348741008e-05,0.0016605756663112814,1.0805539315765456,1.1836792413642598,0.11737161225037751,0.023649319402837231,-0.0005101942344816271,0.023654822053321641,0.0023450261269564177,0.019979500000000001,0.021588927275933468,-0.0004183431588482972,0.015846942203723291,0.014667352000819811,1.0805539315765393,0.021592980153839331,0.00068445046064513626,1,0.021588927275933593,0.019979500000000001,0.011837036098848452,8.6736173798840355e-19,0.011837036098848452,0,0.59245907549480481,0.011837036098848452,0,0.0090249000000000006,285,0,0,1,0,0,0,0,0,0,0,0,1,20,nan,1,0.023648809236790545,0.021588927275933593,0.097878963172264688,0.097774237394332886,0.019979500000000001,0.0019555727447002624,0.097878963172264688,-0.043926800000000002,0.2800000011920929,-0.31360000371932983,0.0055942600238174205
639155490452540060,nan,65.056210181062127,0.003344363182951711,0.0052347605770677319,185,0,0,0,0,1.0892796852509317,0.70003421686300038,0.76607360369406496,1.0909284747302894,0.70294390041147126,0.7713083642711327,0.0032054969021795194,0.00095370577727117082,0.0052347605770677319,1.0883168702826895,1.260635111601708,0.14079378956392891,0.025318217390875225,0.00037738595055081085,0.025321029837020646,0.0028276602314650789,0.020083699999999999,0.022110434111938252,-0.00056860111852322093,0.016291885643702431,0.014958912594933871,1.1009143789211278,0.02211774409496476,-0.002407100345602653,0.86781101922194159,0.02185742952769645,0.020083699999999999,0.011821297845010514,0,0.011821297845010514,0,0.58860159457722006,0.011821297845010514,0,0.0092216999999999993,286,0,0,1,0,0,0,0,0,0,0,0,1,20,nan,1,0.025316769980020852,0.02185742952769645,0.34243837335074107,-0.22931338846683502,0.020083699999999999,-0.0068774295588642786,-0.34243837335074107,-0.056811199999999999,0.2800000011920929,-0.31360000371932983,0.0056234360239416359
639155490452839374,nan,93.473346938110822,0.0022566226041116225,0.0067582103563225138,187,0,0,0,0,1.1135663273992904,0.72558826232931217,0.77061403483550883,1.1157760896153257,0.72513077295679051,0.76385582447918632,0.0012667909225702995,-0.0018675080551047193,-0.0067582103563225138,1.0528990229267874,1.1119296750337688,0.248987344125112,0.033281611875305747,-0.0014126534602745648,0.033311578749997996,-0.0074525397919463776,0.0299314,0.032016117923800921,0.00045573371482919914,0.02263785266900098,0.022644361917840916,1.0696498634811911,0.032019361332318273,-0.00069432943562386384,0.9193834662437439,0.031514741814830848,0.0299314,0.011326982398744079,8.6736173798840355e-19,0.011326982398744079,0,0.37843142648670219,0.011326982398744077,0,0.0191735,287,0,0,1,0,0,0,0,0,0,0,0,1,20,nan,1,0.033282996712615545,0.031514741814830848,0.066278168996359216,-0.19836992025375366,0.0299314,-0.0019837983874976262,-0.066278168996359216,-0.060184300000000003,0.2800000011920929,-0.31360000371932983,0.00838079203568101
639155490453140275,nan,104.30858510521011,0.011044280424809854,0.00073967406244490608,200,0,0,0,0,1.1391103574316346,0.74585958493879634,0.75974850241955694,1.1326916886511258,0.73687199231407419,0.76048817648200184,-0.010843700952422649,-0.0020952994431026528,0.00073967406244490608,1.0080824336988283,0.67588817579212546,0.11191880376550675,0.020337542798402636,-0.0032215020811656829,0.020591107855960876,-0.0033676479971844748,0.030090100000000002,0.031189758329250635,-0.0011707587588896829,0.023334267816308873,0.020728811982005824,1.0365455192654938,0.031211723770220964,-0.0041073220596293814,0.73905651768048597,0.030333301238241114,0.030090100000000002,0.021429555089811148,1.7347234759768071e-18,0.021429555089811148,0,0.71217959029086464,0.021429555089811148,0,0.0088841000000000007,289,0,0,1,1,1,1,1,1,3,0.084917213170530984,0.67933770536424787,0.94480381143915482,20,0.030333301238241114,1,0.019430237281579221,0.030333301238241114,0.39000222281269831,-0.30656608939170837,0.030090100000000002,-0.011735205884656374,-0.39000222281269831,-0.063396099999999997,0.2800000011920929,-0.31360000371932983,0.0084252280358701956
639155490453340164,nan,113.23440471534494,0.0034613181174596719,0.000344539173598779,188,0,0,0,0,1.1476382854002107,0.74820088684718378,0.76048817648200184,1.1452681486199636,0.74567835344737032,0.76014363730840306,-0.0034558829120473989,-0.00019389793313327936,-0.000344539173598779,1.0228341782452093,0.75950386260162539,0.017236524951286913,0.015181646759157629,-0.0022884368984020112,0.015353154130595093,-0.000344539173598779,0.0199889,0.018637529671205029,-0.0020945389652687312,0.014946596749084939,0.01132889453310959,0.93239396220927762,0.018754855523892389,0,0.73905651768048597,0.020445330105525666,0.0199889,0.011065736124181491,0,0.011065736124181491,0,0.55359405090732816,0.011065736124181489,0,0.0091701999999999999,290,0,0,1,0,0,0,0,0,0,0,0,1,20,nan,1,0.015181646759157629,0.020445330105525666,0,-0.30656608939170837,0.0199889,0,0,-0.077061699999999997,0.23800000548362732,-0.3312000036239624,0.004757358309611678
639155490453639248,nan,99.990122287105152,0.0060236999500644399,0.00049111541895341393,191,0,0,0,0,1.1669235667178914,0.76155292251045137,0.75330929393202806,1.1618050496692764,0.75837711642200012,0.75380040935098147,-0.0059060258736357476,0.0011848288772440705,0.00049111541895341393,1.0228341782452093,0.69327269324933594,0.21208850882767361,0.020734677018778441,-0.0021910833684580175,0.020850124157917913,-0.0063432279574215933,0.029908400000000002,0.026632467498533773,-0.0034162480697588933,0.021655418097927814,0.015874569063081045,0.89046781166942301,0.026850681107461489,-0.0068343433763750072,0.49726193149884546,0.03059133373662902,0.029908400000000002,0,0,0,0,0,0,0,0.039078599999999998,290,0,0,1,1,1,1,1,1,3,0.060181208764383827,0.48144967011507062,0.96088221430315046,20,0.03059133373662902,1,0.020125217206250805,0.03059133373662902,0.65288331575984559,-0.45164284110069275,0.029908400000000002,-0.019526695361071766,-0.65288331575984559,-0.047153300000000002,0.23800000548362732,-0.3312000036239624,0.0071181993640065198
639155490453839879,nan,123.73037516400831,0.0073351471362739914,0.0044213134249622144,189,0,0,1,1,1.1752401181210161,0.76909398645528682,0.75077037862258078,1.1815230056733661,0.77287944646898588,0.74634906519761857,0.0071762675355987841,-0.0015184096180871232,-0.0044213134249622144,0.99677731274361481,1.2112699949283796,0.3713954550075963,0.024301831035247572,-0.0029217073955478644,0.024476833246376482,-0.0074513441533629052,0.0200631,0.017130197263350064,-0.0013815604699048446,0.013435068451739696,0.010716870033286696,0.85381607345575028,0.017185818793798848,-0.00303003072840069,0.52826459209124255,0.019998442903306417,0.0200631,0.0011994221404243444,1.0842021724855044e-19,0.0011994221404243444,0,0.059782493254997703,0.0011994221404243444,0,0.018859799999999999,291,0,0,1,0,0,0,0,0,0,0,0,1,20,nan,1,0.024314250272901985,0.019998442903306417,0.43150014965652034,-0.43304124474525452,0.0200631,-0.008657230652573733,-0.43150014965652034,-0.060107500000000001,0.23800000548362732,-0.3312000036239624,0.0047750179100185634
639155490454039951,nan,78.294916982821888,0.0025245918498542543,0.0083234410591253027,200,0,0,0,0,1.1990926018025916,0.78540537362594842,0.74634906519761857,1.1972792773033465,0.78364883775418603,0.73802562413849326,-0.0025239158173732653,-5.8420502938347652e-05,-0.0083234410591253027,0.94253467012816716,0.94365227830318987,0.41602228493368903,0.018879839862467579,-0.0027913314204963419,0.019085069670595128,-0.0083234410591253027,0.020007199999999999,0.021403755679840847,-0.0027329109175579947,0.017569596129225484,0.012525927156962546,1.0698026550362294,0.02157752440122886,0,0.52826459209124255,0.018857479652188265,0.020007199999999999,0.0010897585856022296,1.0842021724855044e-19,0.0010897585856022296,0,0.054468320684665006,0.0010897585856022296,0,0.018851,292,0,0,1,0,0,0,0,0,0,0,0,1,20,nan,1,0.018879839862467579,0.018857479652188265,0,-0.43304124474525452,0.020007199999999999,0,0,-0.073411000000000004,0.23800000548362732,-0.3312000036239624,0.0047617137097120286
639155490454340239,nan,81.243368005520665,0.009371342461432423,0.001708704106474723,200,0,0,1,1,1.2207163474177865,0.79962024785719066,0.72924216531670283,1.2128042548064997,0.79459821141368814,0.72753346121022811,-0.0092460923878188439,0.0015270347361356056,-0.001708704106474723,0.92619608017999122,0.6278108130618909,0.34940333707191623,0.018852405343272909,-0.0023453193347060426,0.01899772907504502,-0.010492162928265159,0.030028800000000001,0.028084728595043136,-0.0039535067940120756,0.023437070114439962,0.015971410103004624,0.9352597704551342,0.028361632467605473,-0.0087834588217904352,0.53409551580746972,0.027812556852508923,0.030028800000000001,0.019495393169005396,1.7347234759768071e-18,0.019495393169005393,0,0.64922318470952534,0.019495393169005393,0,0.0090045000000000004,294,0,0,1,1,1,1,1,1,3,0.019729386214780154,0.15783508971824123,0.98717589896039293,20,0.027812556852508923,1,0.018700575250687093,0.027812556852508923,0.83571759889464958,-0.42954269051551819,0.030028800000000001,-0.025095596633687656,-0.83571759889464958,-0.077121300000000004,0.20999999344348907,-0.34400001168251038,0.006306047803115845
639155490454640225,nan,63.593639366239522,0.0023974841309513449,0.009147825619583605,206,0,0,0,0,1.2321772201268728,0.80897705371187556,0.72331024272486444,1.2341470772663816,0.81034365277820397,0.71416241710528083,0.002381152657383135,-0.00027936030569993713,-0.009147825619583605,0.92619608017999122,0.88038665758680923,0.44572227053753422,0.026410367186283656,-0.0024346456422073507,0.026522348959272961,-0.013371044104947273,0.0299986,0.024030415559581665,-0.0021452317297531096,0.019372965320373137,0.014378842298187422,0.8010512343769931,0.02412597958924205,-0.0042232184853636667,0.57948693633079529,0.027784585730887486,0.0299986,0,0,0,0,0,0,0,0.039003099999999999,294,0,0,1,0,0,0,0,0,0,0,0,1,20,nan,1,0.026424575070679662,0.027784585730887486,0.40223005505625553,-0.40230783820152283,0.0299986,-0.012066338529610587,-0.40223005505625553,-0.047122699999999997,0.20999999344348907,-0.34400001168251038,0.0062997058033138513
639155490454839774,nan,77.04187792609757,0.0050507891495147755,0.0091546903358697973,215,0,0,1,1,1.2477221043203763,0.82027820173083199,0.71139189651743939,1.2516433982523223,0.8234615843550448,0.7022372061815696,0.0050485937560214855,-0.00014890305408910834,-0.0091546903358697973,0.81151580932607148,1.0931150659869697,0.59760815256960631,0.021813001830263384,-0.0015473616418509549,0.021867816006582497,-0.011925210923711238,0.019954900000000001,0.01676483998863711,-0.0013844719441884635,0.013575027053994715,0.0099345489526280195,0.84013650725571709,0.016821909000135832,-0.0027705205878414407,0.59041490157445264,0.016193716823520825,0.019954900000000001,0.00076371752815673766,0,0.00076371752815673766,0,0.03827218017412954,0.00076371752815673766,0,0.019013800000000001,295,0,0,1,0,0,0,0,0,0,0,0,1,20,nan,1,0.021818955247458544,0.016193716823520825,0.39668317596774477,-0.39575105905532837,0.019954900000000001,-0.007915773108118751,-0.39668317596774477,-0.060170399999999999,0.20999999344348907,-0.34400001168251038,0.0041905288691654807
639155490455139984,nan,71.044185184969834,0.0068588836969288719,0.0059100203684296923,210,0,0,0,0,1.2746048287344505,0.84035313628400865,0.69776116876051175,1.2699832363504415,0.83528508247568467,0.69185114839208206,-0.006797689094366832,-0.00091417096011791373,-0.0059100203684296923,0.81907375257953441,0.72075325241205901,0.34595975448810951,0.021637733390662422,-0.002820153008014423,0.021820741721444766,-0.010386057789487535,0.030020999999999999,0.028439446239358349,-0.0019364178147119257,0.022961430482128176,0.016891551928963855,0.94731841841905162,0.028505294531972255,-0.0044760374210578435,0.53911740581194567,0.024589413126190202,0.030020999999999999,0.017234795990105356,1.7347234759768071e-18,0.017234795990105356,0,0.57409133573516391,0.017234795990105356,0,0.0090848000000000005,297,0,0,1,0,0,0,0,0,0,0,0,1,20,nan,1,0.021655323926928295,0.024589413126190202,0.42599108443689199,-0.42652955651283264,0.030020999999999999,-0.012788678345879934,-0.42599108443689199,-0.063437099999999996,0.20999999344348907,-0.34400001168251038,0.0063044098031669856
639155490455340779,nan,65.867456683889699,0.0033793951985628397,0.0047830154483350373,205,0,0,1,1,1.2833875346468533,0.84413576329953155,0.68901614074375428,1.2864429094329215,0.8426918114912193,0.68423312529541924,0.0014403250518609564,-0.0030570861376564627,-0.0047830154483350373,0.84963739805545102,0.86656866680378797,0.37939306739026463,0.017400265545086661,-0.004797002361073892,0.018049389814940517,-0.0076180230966628182,0.0200795,0.015968613132333522,-0.001735845181651755,0.013404298296411765,0.0088506808238468793,0.79526946051114433,0.016062682337168913,-0.0028350076483277808,0.57507579525311792,0.017060294134254427,0.0200795,0.0092459240931190845,0,0.0092459240931190845,0,0.46046585289071362,0.0092459240931190845,0,0.0091973000000000003,298,0,0,1,0,0,0,0,0,0,0,0,1,20,nan,1,0.017419550699447915,0.017060294134254427,0.40339758720910063,-0.40495452284812927,0.0200795,-0.0081000218523651357,-0.40339758720910063,-0.043357600000000003,0.20999999344348907,-0.34400001168251038,0.0042166948683485389
639155490455640443,nan,57.236530238429921,0.0047733686957405338,0.0068709887197325736,207,0,0,0,0,1.3057097634251384,0.84942453621128244,0.6815031606347336,1.3009364225754576,0.84944084075800652,0.67463217191500102,-0.0036968325482392419,0.0030196817408055837,-0.0068709887197325736,0.45073648080630024,0.51714589000445021,0.32039061683813269,0.015497000598229359,-0.003931194693130349,0.015987849112898748,-0.0096009533804182201,0.029966400000000001,0.019185575756572794,-0.0069609573912186654,0.019266853992216948,0.0067327247200631435,0.64023625649303195,0.020409342098988772,-0.0027299646606856465,0.54624632000923157,0.013506949678433916,0.029966400000000001,0.0048635367751961311,0,0.0048635367751961311,0,0.16229966813484872,0.0048635367751961311,0,0.019176200000000001,299,0,0,1,0,0,0,0,0,0,0,0,1,20,nan,1,0.015512214168714043,0.013506949678433916,0.26028815708695291,-0.42225220799446106,0.029966400000000001,-0.0077998990305304661,-0.26028815708695291,-0.046991100000000001,0.20999999344348907,-0.35999998450279236,0.006292943803524971
639155490455840012,nan,61.139101138928012,0.0096972628551097069,0.0075605603320659798,203,0,0,1,1,1.31192005585799,0.85500033642906226,0.67138582572380379,1.3197742119945521,0.86068796671447934,0.66382526539173781,0.009687606166818654,-0.00043265880056646451,-0.0075605603320659798,0.63471943192423286,1.0891566660480647,0.54151228513763239,0.021736190668654624,-0.0029829796671794369,0.021939921432833673,-0.010806906523263216,0.0199569,0.01205004010726898,-0.0025188738783133774,0.010983633282532379,0.0055594956710557364,0.60380320126216902,0.012310491143802529,-0.0032463461911972358,0.73425481716791785,0.012667032230968723,0.0199569,0.00059447821994029759,0,0.00059447821994029759,0,0.029788104361914806,0.00059447821994029759,0,0.0190203,300,0,0,1,0,0,0,0,0,0,0,0,1,20,nan,1,0.02174979085007445,0.012667032230968723,0.46476531084449085,-0.30944710969924927,0.0199569,-0.0092752748319924194,-0.46476531084449085,-0.060130999999999997,0.20999999344348907,-0.35999998450279236,0.0041909488691523672
639155490456140073,nan,59.636923234839976,0.0039053684318151212,0.0055592694546557908,216,0,0,0,0,1.3421795884363916,0.87296908697683284,0.66106912286148545,1.3385411851220097,0.87154995910729016,0.65550985340682966,-0.0037432130558837937,0.0011136689842494529,-0.0055592694546557908,0.66849415026234449,0.71565734106377865,0.27712405093991388,0.021474085741693849,-0.0030076237574828968,0.021683684168244902,-0.0083154119849081498,0.030006100000000001,0.025214215153695409,-0.0041316053274825862,0.022405376441839486,0.012281120262353507,0.84030297685122057,0.025550475698094658,-0.002756142530252359,0.59354911247889197,0.020058902322186937,0.030006100000000001,0.013843368033831238,-8.6736173798840355e-19,0.013843368033831238,0,0.46135179292981221,0.013843368033831238,0,0.0093129000000000007,302,0,0,1,0,0,0,0,0,0,0,0,1,20,nan,1,0.021485761314976738,0.020058902322186937,0.26243640271741442,-0.39387053251266479,0.030006100000000001,-0.0078746929435790092,-0.26243640271741442,-0.063430200000000006,0.20999999344348907,-0.35999998450279236,0.0063012808032646781
639155490456340258,nan,65.343099144933205,0.0018527706335524424,0.0026873549574454314,205,0,0,0,0,1.3508655857725944,0.87864584550061831,0.65100306317042367,1.3524585028962597,0.87959208757201879,0.64831570821297824,0.0018405360574534628,-0.00021257008671960787,-0.0026873549574454314,0.69335582507198279,0.79601189485360024,0.35937483796745101,0.015934964117126797,-0.002108194217460611,0.016073816107964309,-0.0071941451938514192,0.020018500000000002,0.014095404756899584,-0.0018873314076560408,0.01232440065058471,0.0070958863933281435,0.70411892783673014,0.014221197386407106,-0.0045067902364059886,0.53427144885063171,0.013879943584203488,0.020018500000000002,0.0074614100403471717,0,0.0074614100403471717,0,0.37272573071644582,0.0074614100403471717,0,0.0092572000000000002,303,0,0,1,0,0,0,0,0,0,0,0,1,20,nan,1,0.015948206888970883,0.013879943584203488,0.64323218685660988,-0.42943713068962097,0.020018500000000002,-0.012876543532589046,-0.64323218685660988,-0.043411699999999998,0.20999999344348907,-0.35999998450279236,0.0042038848687484861
639155490456639222,nan,67.680128499496774,0.00769676618306365,0.0057820881708502414,205,0,0,1,1,1.3717887839899439,0.89050074811392232,0.64540055747076353,1.3656523368118252,0.88585486545215486,0.63961846929991328,-0.0076967396277163192,-2.0218305899852122e-05,-0.0057820881708502414,0.68860303651685506,0.47827084284473798,0.29091258188494112,0.014298576426023425,-0.002974954177229502,0.0146047814145727,-0.008697238913064953,0.0298964,0.021995342289242544,-0.0029771730816977229,0.019330281093684176,0.010908660541903537,0.73571875842049694,0.022195914984053419,-0.0029151507422147116,0.56433180967966723,0.020586751820922504,0.0298964,0.0073927733397411979,4.3368086899420177e-19,0.0073927733397411988,0,0.24727971728171946,0.0073927733397411988,0,0.0191605,304,0,0,1,1,1,1,1,1,3,0.012398753292288203,0.09919002633830562,0.99194081036001269,20,0.020586751820922504,1,0.014232051234803724,0.020586751820922504,0.27859548710259591,-0.41140091419219971,0.0298964,-0.0083290021206140485,-0.27859548710259591,-0.047126899999999999,0.25199997425079346,-0.36159998178482056,0.0075338920301914218
639155490456840187,nan,57.930940314857423,0.0036087054219348697,0.0052774346844239872,204,0,0,0,0,1.3766765673403953,0.89166815193375071,0.63557192581678013,1.379257436450547,0.89419042659337189,0.63029449113235614,0.0035742264918948289,0.00049765430465264918,-0.0052774346844239872,0.70018359262966934,0.79073966516668381,0.46396029993069171,0.015891099681022262,-0.0014329224146232599,0.015955573186774444,-0.0093239781675571454,0.0200965,0.012314888677911083,-0.0019161094214111725,0.011024230528570156,0.0058132864815958474,0.6127877330834266,0.012463063767154657,-0.0040465434831331573,0.60716867446899414,0.01407123956928215,0.0200965,0.011107285754163199,0,0.011107285754163199,0,0.55269752216372003,0.011107285754163199,0,0.0042069000000000004,306,0,0,1,0,0,0,0,0,0,0,0,1,20,nan,1,0.015899117520285451,0.01407123956928215,0.57530180921813867,-0.38569879531860352,0.0200965,-0.011561552808952325,-0.57530180921813867,-0.060036699999999998,0.25199997425079346,-0.36159998178482056,0.0050643174825310703
639155490457140027,nan,59.16338875384632,0.0025554047645740601,0.0050119547011452381,212,0,0,1,1,1.3984119718614521,0.90579225936463126,0.6260408394817194,1.3975885303494682,0.9033731608575114,0.62102888478057416,-0.002084727957071179,-0.0014778372223670766,-0.0050119547011452381,0.70911080300860085,0.6743927326274155,0.30901835484865176,0.020220991695100426,-0.0033857210404206143,0.020502478194034671,-0.0092656063517819742,0.029984,0.022311986977916497,-0.0019167648674703261,0.01915453541090506,0.011601832771259368,0.74412976847373591,0.022394167777791695,-0.0042536516506367361,0.57428563634554552,0.021261978317409887,0.029984,0.014841192729407872,8.6736173798840355e-19,0.01484119272940787,0,0.49497040853147917,0.014841192729407872,0,0.0090547000000000006,307,0,0,1,0,0,0,0,0,0,0,0,1,20,nan,1,0.020241192058894786,0.021261978317409887,0.40532585480225514,-0.40542861819267273,0.029984,-0.012153290430390817,-0.40532585480225514,-0.063404299999999997,0.25199997425079346,-0.36159998178482056,0.0075559672279357911
639155490457339665,nan,55.002198407675522,0.0031284929960825581,0.0067901191433760166,218,0,0,0,0,1.4099386667801372,0.90959091856750873,0.61957646559932567,1.4130495154254816,0.90925912174368939,0.61278634645594965,0.0023399467796681268,-0.0020765638672716959,-0.0067901191433760166,0.69142115741590982,0.80140005409831705,0.41287421856683171,0.015998990400007983,-0.0042093825265447594,0.01654347590666266,-0.0082425383246245154,0.0199638,0.01366206212855493,-0.0021294222671597255,0.012350136430669068,0.0062177577099973291,0.68434176502243704,0.01382701633745945,-0.0014524191812484988,0.55784578124682116,0.013803393702419741,0.0199638,0.0075827466912645747,0,0.0075827466912645747,0,0.37982481748287272,0.0075827466912645755,0,0.0089969000000000004,308,0,0,1,0,0,0,0,0,0,0,0,1,20,nan,1,0.016007689937506554,0.013803393702419741,0.20786468955216703,-0.41529253125190735,0.0199638,-0.004149769089281552,-0.20786468955216703,-0.076843900000000007,0.25199997425079346,-0.36159998178482056,0.0050308770859479905
639155490457578359,nan,58.218281594499352,0.0043566530944702591,0.0074209501033972725,209,0,0,1,1,1.4301420080489828,0.91531706222570264,0.60893880708026782,1.4268359449164678,0.91815438010521178,0.60151785697687055,-0.0010888781386906624,0.0042183848312640762,-0.0074209501033972725,0.69142115741590982,0.68682368330723809,0.47208934782940093,0.016394069226333789,-0.00065249799259688591,0.016407049077398636,-0.011268489479079102,0.023869399999999999,0.017466708943702895,-0.0048750410915219412,0.01709249262350121,0.0060579404820132465,0.73176154171042818,0.018134275474031437,-0.0038475393756818299,0.63881700237592054,0.016503808174823317,0.023869399999999999,0,0,0,0,0,0,0,0.032866300000000001,308,0,0,1,0,0,0,0,0,0,0,0,1,20,nan,1,0.016397408010767708,0.016503808174823317,0.46054654263642086,-0.36670979857444763,0.023869399999999999,-0.010992969644805783,-0.46054654263642086,-0.052974500000000001,0.25199997425079346,-0.36159998178482056,0.0060150881853818887
639155490457818629,nan,47.555354836033366,0.0038449951779971994,0.0078797657013561784,218,0,0,0,0,1.4407725783330385,0.92714898790950895,0.59776335080220788,1.4445674833254902,0.92776760250446022,0.5898835851008517,0.0034850082680208515,-0.0016244092128056952,-0.0078797657013561784,0.69165858506307742,0.83486606100950589,0.48421658450987815,0.020059326847875397,-0.0021082944903771158,0.020169816539771731,-0.011634271876018842,0.024027,0.016580441982806775,-0.00047081227233071107,0.013936633416570698,0.0089946078042971722,0.69007541444236797,0.016587125143948202,-0.003754506174662664,0.65360928575197852,0.01661848082331056,0.024027,0.0048025313853854446,0,0.0048025313853854446,0,0.19988060870626564,0.0048025313853854446,0,0.017083500000000001,309,0,0,1,0,0,0,0,0,0,0,0,1,20,nan,1,0.020070346267749728,0.01661848082331056,0.44646275019920612,-0.35783442854881287,0.024027,-0.010727160499036326,-0.44646275019920612,-0.062541399999999997,0.26600000262260437,-0.36159998178482056,0.0063911820630133155
639155490458139845,nan,48.284220531221635,0.0021338117617834269,0.0080716720373108508,216,0,0,1,1,1.4661563205216459,0.93920279998763923,0.58610974303310803,1.4646724076098445,0.93766945230856757,0.57803807099579718,-0.0020843778087546974,-0.00045664185648739948,-0.0080716720373108508,0.71559849973467737,0.69160150487708394,0.36877098603601693,0.02221534689905974,-0.0029551602625164739,0.022411037682863316,-0.011845514105054522,0.0321216,0.024301433155256031,-0.0025063877517337661,0.021588837196155675,0.011435197483179005,0.75654491542314306,0.024430342465086696,-0.0037738420677436713,0.65054784218470252,0.022986168769077414,0.0321216,0.01642394955627946,0,0.01642394955627946,0,0.51130546287480882,0.016423949556279457,0,0.0090965000000000004,311,0,0,1,0,0,0,0,0,0,0,0,1,20,nan,1,0.022230955846103115,0.022986168769077414,0.33567462105995716,-0.35967129468917847,0.0321216,-0.010782405907839521,-0.33567462105995716,-0.063447500000000004,0.26600000262260437,-0.36159998178482056,0.008544345684242248
639155490458339556,nan,45.82445600991349,0.0042864188169297063,0.0099984634566845365,221,0,0,0,0,1.4771021144205834,0.94377996650921203,0.57803807099579707,1.4811500266625803,0.94518985755295271,0.56803960753911253,0.0041606119422045338,-0.0010308707680956341,-0.0099984634566845365,0.68619008269997228,0.89677661259994268,0.5006466071816098,0.017909615407894715,-0.0027044593966554639,0.018112659238412723,-0.0099984634566846475,0.019971099999999999,0.013749003465690178,-0.0016735886285598302,0.01242970681073885,0.0061105142006444568,0.68844497627522672,0.013850487182666366,-1.1102230246251565e-16,0.65054784218470252,0.013703970760609415,0.019971099999999999,0.0073801801964630265,0,0.0073801801964630265,0,0.36954299945736724,0.0073801801964630265,0,0.0092157999999999997,312,0,0,1,0,0,0,0,0,0,0,0,1,20,nan,1,0.017909615407894715,0.013703970760609415,0,-0.35967129468917847,0.019971099999999999,0,0,-0.043476399999999998,0.26600000262260437,-0.36159998178482056,0.0053123126523762941
639155490458640019,nan,45.394559670219088,0.0072425332250493982,0.0021400950754167924,219,0,0,1,1,1.5019117130782644,0.95393307666270688,0.56257535422595994,1.4965026705009274,0.94911679740247912,0.56043525915054315,-0.0071442658569971706,-0.0011890134063537346,-0.0021400950754167924,0.66561677339464265,0.50103472556226558,0.25308768096469053,0.015054239674661501,-0.004949181470383127,0.015846909143707996,-0.0076043483885693819,0.030046300000000001,0.022204895913062933,-0.0037992236989170987,0.0207616864156841,0.0087432191097541745,0.73902263882950425,0.022527572066789008,-0.0054642533131525903,0.68423370520273841,0.019999321258447451,0.030046300000000001,0.0072971566867257032,4.3368086899420177e-19,0.0072971566867257032,0,0.24286373652415449,0.007297156686725704,0,0.019083300000000001,313,0,0,1,0,0,0,0,0,0,0,0,1,20,nan,1,0.015092414308400845,0.019999321258447451,0.51960315657148182,-0.33945977687835693,0.030046300000000001,-0.015612152323293715,-0.51960315657148182,-0.046728800000000001,0.26600000262260437,-0.36159998178482056,0.0079923158787995573
639155490458838871,nan,42.416253392861925,0.0017199095065687849,0.0062448580298457568,216,0,0,0,0,1.5087665375081984,0.95303559625037115,0.56043525915054315,1.510394852827702,0.95358938134502036,0.5541904011206974,0.0016735890670874674,-0.00039646985422725674,-0.0062448580298457568,0.68476777556299284,0.71130456093620642,0.31404552279312037,0.014144433455128651,-0.0035960727407636159,0.014594407727736874,-0.0062448580298457568,0.019885199999999999,0.012470844388041186,-0.0031996028865363597,0.012263867007271001,0.0039187988478920355,0.62714201456566632,0.012874758964045507,0,0.68423370520273841,0.013616744170625224,0.019885199999999999,0.00052001264876233577,0,0.00052001264876233577,0,0.026150737672356116,0.00052001264876233577,0,0.019125799999999998,314,0,0,1,0,0,0,0,0,0,0,0,1,20,nan,1,0.014144433455128651,0.013616744170625224,0,-0.33945977687835693,0.019885199999999999,0,0,-0.060559300000000003,0.2800000011920929,-0.36159998178482056,0.0055678560237050053
639155490459139377,nan,46.429578307324675,0.0068720130618453593,0.0027064398974921966,221,0,0,0,0,1.5306744523000602,0.9599062831372529,0.54921164033564063,1.5239029286880335,0.95873537259671704,0.54650520043814843,-0.006386911279590477,0.0025361245688674608,-0.0027064398974921966,0.66823397548992314,0.47234938582394809,0.25574200457058976,0.014194382453641135,-0.0027329189835726955,0.014455080055503233,-0.0076852006825489649,0.0300506,0.020568587868444368,-0.0053008108917468643,0.020279599472358134,0.0063169017922325432,0.68446513109370088,0.021240654486431886,-0.0049787607850567683,0.62570124864578247,0.020080831903857486,0.0300506,0.013994884682802855,0,0.013994884682802855,0,0.46571065745119417,0.013994884682802855,0,0.0090854000000000004,316,0,0,1,0,0,0,0,0,0,0,0,1,20,nan,1,0.014213461187819607,0.020080831903857486,0.47336927763332631,-0.37457925081253052,0.0300506,-0.014225030814448036,-0.47336927763332631,-0.063495300000000005,0.2800000011920929,-0.36159998178482056,0.0084141680358231063
639155490459339414,nan,48.415318035410131,0.0056232348403868994,0.010738920488641113,222,0,0,1,1,1.5347770671276961,0.96330587917168864,0.54650520043814843,1.5397378950494154,0.96595370023838323,0.53576627994950732,0.0056143483839867182,-0.00031600995770198663,-0.010738920488641113,0.64905648533012616,0.86383711675977248,0.53684670779111432,0.017279938532527461,-0.0020625561618080055,0.017402597898260461,-0.010738920488641113,0.020003699999999999,0.011665590148540744,-0.001746546204106018,0.010874138439662673,0.0045705065749716001,0.58317162067721195,0.01179561007989023,0,0.62570124864578247,0.012983531215598244,0.020003699999999999,0.0070950960637379268,-4.3368086899420177e-19,0.0070950960637379268,0,0.35468918568754415,0.0070950960637379268,0,0.0090723000000000002,317,0,0,1,0,0,0,0,0,0,0,0,1,20,nan,1,0.017279938532527461,0.012983531215598244,0,-0.37457925081253052,0.020003699999999999,0,0,-0.076807899999999998,0.2800000011920929,-0.36159998178482056,0.0056010360238462681
639155490459639310,nan,38.372960258652064,0.0061051655363404097,0.0026155291665104219,223,0,0,0,0,1.5595703467431365,0.97445567173504299,0.53011412925861201,1.5545743031409842,0.97094674105013179,0.52749860009210159,-0.0060845604354289448,-0.00050116916678044068,-0.0026155291665104219,0.64905648533012616,0.51039174308893864,0.27568489934529739,0.015306444218540036,-0.0032805833310675363,0.015654055755853043,-0.0082676798574057315,0.029989600000000002,0.021393740131657221,-0.0028138128389994218,0.019832451693721165,0.0085019714966597659,0.71337197333933167,0.021577990163910044,-0.0056521506908953079,0.70201973120371497,0.019464944372456352,0.029989600000000002,0,0,0,0,0,0,0,0.039061899999999997,317,0,0,1,0,0,0,0,0,0,0,0,1,20,nan,1,0.015332434035304349,0.019464944372456352,0.53848674120317253,-0.328788161277771,0.029989600000000002,-0.016149001973986665,-0.53848674120317253,-0.0468183,0.2800000011920929,-0.36159998178482056,0.0083970880357503892
639155490459838708,nan,39.518785907390644,0.0025120224784650168,0.0051737886310090353,228,0,0,0,0,1.5652978948326293,0.97476698990442767,0.52399805246439746,1.565838783620749,0.97722008921982439,0.51882426383338842,0.0016957132137853483,0.0018533250197704911,-0.0051737886310090353,0.58311710300703679,0.64650221334744351,0.43502624192384909,0.012891124833705355,-0.00024963625340278066,0.0128935417064974,-0.0086743362587131667,0.019939800000000001,0.011188934370151693,-0.0020970140052717625,0.010723591691645051,0.0038202488542958823,0.56113573707618392,0.011383748068095488,-0.0035005476277041314,0.69401651620864868,0.011627238410539713,0.019939800000000001,0.0005111021407855354,0,0.0005111021407855354,0,0.025632260142305109,0.00051110214078553551,0,0.019063299999999998,318,0,0,1,0,0,0,0,0,0,0,0,1,20,nan,1,0.012892212015912216,0.011627238410539713,0.50158801244662798,-0.33359009027481079,0.019939800000000001,-0.010001564650583272,-0.50158801244662798,-0.060533099999999999,0.25199997425079346,-0.30720001459121704,0.0050248290865659712
639155490460138556,nan,39.242625804429224,0.0038522396860501875,0.0036335197097894234,211,0,0,1,1,1.581961272404002,0.98618742604054244,0.51486734729178674,1.5809521065937733,0.98246972043543523,0.51123382758199731,-0.0027090059435153236,-0.0027388021828490461,-0.0036335197097894234,0.59637856761127095,0.52451678927241241,0.25314280073207451,0.01572753102297543,-0.0029352899530036133,0.015999098699203605,-0.0075904362513911083,0.029984799999999999,0.018447352942191516,-0.00020722849355447274,0.016122488783252953,0.0089673368207180415,0.61522347796855459,0.01844851685698129,-0.0039569165416016849,0.62154302994410193,0.017882292074110438,0.029984799999999999,0.01245210423156573,-8.6736173798840355e-19,0.01245210423156573,0,0.41528054986412216,0.012452104231565732,0,0.0090925999999999993,320,0,0,1,0,0,0,0,0,0,0,0,1,20,nan,1,0.015743872085687689,0.017882292074110438,0.37704022815385735,-0.37707418203353882,0.029984799999999999,-0.011305475833147782,-0.37704022815385735,-0.063805000000000001,0.25199997425079346,-0.30720001459121704,0.0075561688279151915
639155490460339585,nan,38.56547729965618,0.0040399809223855302,0.0057342319589253066,206,0,0,0,0,1.5923437082735812,0.98669558267036661,0.50858080019088725,1.5960265334559312,0.98835637902437512,0.50284656823196194,0.0040254188671174675,-0.00034270803535044951,-0.0057342319589253066,0.64145454899053755,0.79725327960222381,0.41721638917944026,0.016027102954515544,-0.0022412196346288191,0.01618304960646437,-0.0083872593500353698,0.0201029,0.012002607466692829,-0.0018878332713751626,0.011391601679807906,0.0042258622349313768,0.59705850731450827,0.012150164626869115,-0.0026530273911100632,0.61796655257542921,0.012895096652901877,0.0201029,0.0069625401111079732,0,0.0069625401111079732,0,0.34634506022056388,0.0069625401111079732,0,0.0092485999999999992,321,0,0,1,0,0,0,0,0,0,0,0,1,20,nan,1,0.016035482134600272,0.012895096652901877,0.37706391915168869,-0.37922006845474243,0.0201029,-0.0075800782603144823,-0.37706391915168869,-0.043702100000000001,0.25199997425079346,-0.30720001459121704,0.0050659302823662759
639155490460639815,nan,41.447044124800563,0.0055550794174587517,0.0065145793450426806,229,0,0,0,0,1.6159483555917988,0.99572266484934702,0.50035445515330368,1.6106543304144889,0.99403974929701455,0.493839875808261,-0.0054524003848713913,0.0010631262283135377,-0.0065145793450426806,0.64170384681453996,0.51813690011210922,0.2999930860906953,0.015556024152065855,-0.002069602400717842,0.01569309215918626,-0.009006692423700946,0.030023000000000001,0.021005758177496451,-0.0031463133119367668,0.019921822135867684,0.0073662858249718965,0.69965553667176661,0.021240083899747891,-0.002492113078658265,0.62959859768549598,0.019265874592912933,0.030023000000000001,0.006924754551745238,4.3368086899420177e-19,0.006924754551745238,0,0.23064832134514332,0.006924754551745238,0,0.0192318,322,0,0,1,0,0,0,0,0,0,0,0,1,20,nan,1,0.015563293671117124,0.019265874592912933,0.23716227831598319,-0.37224084138870239,0.030023000000000001,-0.0071203230818807639,-0.23716227831598319,-0.046777100000000002,0.25199997425079346,-0.30720001459121704,0.0075657952269315727
639155490460838958,nan,46.681250079826121,0.001491470596310077,0.0034272346693040574,235,0,0,1,1,1.6217555930023075,0.99856245894537898,0.49008251718207341,1.6229565395311862,0.99767803146139189,0.48665528251276935,0.00064328908001278764,-0.0013456090439625612,-0.0034272346693040574,0.64083432598885248,0.63054766127086481,0.36077558816989042,0.012556915290846384,-0.0026277984392044508,0.012828930051199791,-0.007184593295491648,0.019914299999999999,0.011918686675575895,-0.0012797818316259493,0.011101262587818628,0.0045227096483644313,0.59849890157203089,0.011987198738951075,-0.0037573586261875902,0.65326566497484839,0.012761767018039804,0.019914299999999999,0.00063378514840284339,5.4210108624275222e-20,0.00063378514840284339,0,0.031825630245745189,0.00063378514840284339,0,0.018925299999999999,323,0,0,1,0,0,0,0,0,0,0,0,1,20,nan,1,0.012570839446276471,0.012761767018039804,0.53907545635729037,-0.35804060101509094,0.019914299999999999,-0.010735310360535988,-0.53907545635729037,-0.026862799999999999,0.25199997425079346,-0.30720001459121704,0.0050184030872225758
639155490461139799,nan,33.343553693555243,0.0061463173502035321,0.0026418615192189687,228,0,0,0,0,1.6422331587720771,1.0035404100083252,0.48382268330489359,1.6368677627557195,1.0005421200695321,0.48118082178567462,-0.0061442771073974218,-0.00015835339252744541,-0.0026418615192189687,0.67638861706019127,0.4532498168482243,0.18197189635371283,0.013635612815043665,-0.0039743173396560357,0.014202997400481128,-0.0054744607270947321,0.030084099999999999,0.019780313823884937,-0.0038333688336049361,0.019276619240890858,0.0058623785469332779,0.65750060077864847,0.020148338184223215,-0.0028325992078757634,0.57521735628445947,0.020348542794500501,0.030084099999999999,0.014194275790788247,8.6736173798840355e-19,0.014194275790788247,0,0.47181985802428017,0.014194275790788248,0,0.0091132999999999995,325,0,0,1,1,1,1,1,1,3,0.085605812164253975,0.6848464973140318,0.94435622209323489,20,0.020348542794500501,1,0.013024612483552744,0.020348542794500501,0.26901720822398112,-0.40486958622932434,0.030084099999999999,-0.0080931405939310697,-0.26901720822398112,-0.063477500000000006,0.098000004887580872,-0.16319999098777771,0.0029482419470384714
639155490461340006,nan,41.542364373883672,0.0046656759334571876,0.0065795680725611594,228,0,0,0,0,1.6485148425726055,1.0036956213273964,0.47729154289868264,1.6528680851341926,1.0053742550325353,0.47071197482612148,0.0046378570415626843,-0.00050873763185852643,-0.0065795680725611594,0.66687421183854123,0.82014659926937539,0.52290114529227927,0.016419909019992383,-0.0031219276562591347,0.016714061281320674,-0.010468846959553135,0.020020699999999999,0.011784065673177507,-0.0025951559981055726,0.011647079816885952,0.0031535012578642885,0.58859408877699115,0.012066442659055061,-0.0038892788869919759,0.63232883810997009,0.013351288532955882,0.020020699999999999,0.0073176107265040535,0,0.0073176107265040535,0,0.36550224150524474,0.0073176107265040544,0,0.0090477000000000005,326,0,0,1,0,0,0,0,0,0,0,0,1,20,nan,1,0.016437001268801807,0.013351288532955882,0.55503680647558917,-0.37060269713401794,0.020020699999999999,-0.011112225391405828,-0.55503680647558917,-0.076794600000000005,0.098000004887580872,-0.16319999098777771,0.0019620286978527901
639155490461639521,nan,37.822828340407291,0.0010192098508565613,0.010442272581594303,227,0,0,1,2,1.6741809812721846,1.0112679978093899,0.46942064686402518,1.6731928024219185,1.011018415598546,0.45897837428243088,-0.00099419148151719912,0.00022443711404687773,-0.010442272581594303,0.66687421183854123,0.69025124832937612,0.39175335270990114,0.020674060264337307,-0.0041873516101998322,0.021093854112534623,-0.011733600543690603,0.029951499999999999,0.021667961095093044,-0.0044130723640221185,0.021312896137992032,0.0058937427768546158,0.72343492296188983,0.022112795972209432,-0.0012913279620963003,0.63476199905077613,0.019973882955882066,0.029951499999999999,0,0,0,0,0,0,0,0.038999199999999998,326,0,0,1,0,0,0,0,0,0,0,0,1,20,nan,1,0.020681749716432829,0.019973882955882066,0.12318276090120274,-0.3691428005695343,0.029951499999999999,-0.0036895084631323738,-0.12318276090120274,-0.046843099999999999,0.098000004887580872,-0.16319999098777771,0.0029352471463903783
639155490461839160,nan,30.786236750231936,0.0049511548100448777,0.0071751479269385743,229,0,0,0,0,1.6863382780341618,1.0145819291170743,0.45389802907098098,1.6905606059566551,1.0171676361515165,0.44672288114404241,0.004928555709425052,0.00047251727177347416,-0.0071751479269385743,0.65704241563194277,0.91638592534666696,0.6138827152203965,0.018294636975028325,-0.0021816899372304717,0.018424264246647306,-0.012255493138388474,0.0199639,0.013363744327717215,-0.0026291624545136823,0.013145475612243329,0.0035635135185283495,0.66939547521863041,0.01361991768216014,-0.0050803452114499001,0.64504424730936682,0.013117129081434541,0.0199639,0.00063673980498890625,0,0.00063673980498890614,0,0.031894559930119179,0.00063673980498890614,0,0.018994799999999999,327,0,0,1,0,0,0,0,0,0,0,0,1,20,nan,1,0.018309988930331624,0.013117129081434541,0.72707597376834743,-0.36297345161437988,0.0199639,-0.014515272032713911,-0.72707597376834743,-0.060244699999999998,0.098000004887580872,-0.16319999098777771,0.0019564622975751758
639155490462112911,nan,31.7656611005721,0.0037033378205361808,0.0095835274596796621,227,0,0,1,2,1.7017615196431246,1.0195571154265588,0.44672288114404241,1.7043492082941345,1.022206375409733,0.43713935368436274,0.0034782657900474202,0.0012713685959624237,-0.0095835274596796621,0.13048768056593824,0.53378042633769174,0.35008191603609345,0.014612292549036943,-0.0014125700672154469,0.014680410339409238,-0.0095835274596796621,0.027375099999999999,0.011134026758989524,-0.002683938663177871,0.011200913686469471,0.0023894792750422944,0.40672095294590793,0.011452950651146446,0,0.64504424730936682,0.0035721133042606159,0.027375099999999999,0.0026128983644206905,-2.1684043449710089e-19,0.0026128983644206905,0,0.095447993410825549,0.0026128983644206905,0,0.0063178000000000002,329,0,0,1,0,0,0,0,0,0,0,0,1,20,nan,1,0.014612292549036943,0.0035721133042606159,0,-0.36297345161437988,0.027375099999999999,0,0,-0.066765000000000005,0,0,0
639155490462339224,nan,28.627858439260411,0.0059893992146567345,0.0054536737297412041,233,0,0,0,0,1.7104427698063065,1.0238926866755624,0.43428467531941933,1.7163050369673289,1.0251201746328673,0.42883100158967813,0.0058345600416787585,-0.0013530750432168455,-0.0054536737297412041,0.27252280662701917,0.53311718356109639,0.36711775703051136,0.012065134916326241,-0.0024216904480882438,0.012305773652051155,-0.0083083520946846123,0.0226313,0.0062344612369021803,-0.0010519651484014031,0.0060935615121719966,0.0016863112658294099,0.27547958963480579,0.0063225894685553525,-0.0028546783649434086,0.98870282371838891,0.0061675453936180591,0.0226313,0.003668456752286442,0,0.003668456752286442,0,0.16209659861724435,0.003668456752286442,0,0.0091701999999999999,330,0,0,1,0,0,0,0,0,0,0,0,1,20,nan,1,0.012074910486234491,0.0061675453936180591,0.36039573068442082,-0.15677830576896667,0.0226313,-0.008156223899838333,-0.36039573068442082,-0.044133699999999998,0,0,0
639155490462639261,nan,26.830495881087316,0.0032435534966550115,0.0038224589967458811,234,0,0,0,0,1.7269346361214963,1.0265961108889321,0.4279843062420115,1.7301290029243817,1.0271588364119779,0.42416184724526562,0.0031398006308803856,-0.00081381280647707004,-0.0038224589967458811,0.34265177304095246,0.44727588453371475,0.15561928510192097,0.013419931456784218,-0.0038940488346413974,0.013973481192292728,-0.0046691543444125063,0.030003700000000001,0.010280821002789117,-0.0030775778656035374,0.010629599154167391,0.0014759362560647915,0.34265177304096217,0.010731577983234463,-0.00084669534766662613,1,0.010280821002788825,0.030003700000000001,0.0036961161454382996,2.1684043449710089e-19,0.0036961161454382996,0,0.12318867824429318,0.0036961161454382996,0,0.019216899999999999,331,0,0,1,0,0,0,0,0,0,0,0,1,20,nan,1,0.013424631742973174,0.010280821002788825,0.080627708074742302,-0.11569058895111084,0.030003700000000001,-0.0024191295647621458,-0.080627708074742302,-0.046780500000000003,0,0,0
639155490462839087,nan,30.805383104984639,0.0081221436000891468,0.002620299169526108,231,0,0,0,0,1.738581584379403,1.0281759983325203,0.42273948656515237,1.7448908236876026,1.0332909485778636,0.42011918739562626,0.007852288360516808,0.0020762427998096381,-0.002620299169526108,0.40646200492099233,0.79956568425310481,0.20230900131311055,0.015977401242156093,-0.00048662244873649667,0.015984810035169803,-0.0040426598496393629,0.0199826,0.0081221676595340676,-0.0025516943658658387,0.0084525814550213685,0.0010171619205423532,0.40646200492098467,0.0085135628045121363,-0.0014223606801132549,1,0.008122167659534222,0.0199826,0.00033403047564384286,0,0.00033403047564384281,0,0.016716066760273582,0.00033403047564384281,0,0.019160799999999999,332,0,0,1,0,0,0,0,0,0,0,0,1,20,nan,1,0.015978357047255698,0.008122167659534222,0.20337131591817451,-0.13548234105110168,0.0199826,-0.0040638876574665139,-0.20337131591817451,-0.060169599999999997,0,0,0
639155490463139689,nan,31.061660883982224,0.001577085876070042,0.0012048378963039896,227,0,0,1,2,1.7581041036100684,1.0384981962403743,0.41916606863176836,1.7569755774557223,1.037396548120757,0.41796123073546437,-0.0014791976672839438,-0.00054696811753643425,-0.0012048378963039896,0.4742397211970209,0.42276550191354445,0.071787834417664759,0.012708415540621529,-0.0011804218269661948,0.01276311957331314,-0.002157956660161886,0.030060199999999999,0.014188133861524902,-0.00063486380871102029,0.013213279922465793,0.0052072476625106834,0.47199066744482415,0.014202330601987851,-0.0009531187638578964,1,0.014255740867126688,0.030060199999999999,0.009823278891599509,-4.3368086899420177e-19,0.0098232788915995073,0,0.32678687738602902,0.009823278891599509,0,0.0092038999999999992,334,0,0,1,0,0,0,0,0,0,0,0,1,20,nan,1,0.012710011020019877,0.014255740867126688,0.09059142880504753,-0.13622316718101501,0.030060199999999999,-0.0027231964681654897,-0.09059142880504753,-0.063768199999999997,0,0,0
639155490463339196,nan,27.554616527355218,0.0051207819557227106,0.0029104257786367604,237,0,0,0,0,1.7650243468361468,1.0401339333946085,0.41600297894322974,1.7695967488737572,1.0424394804976866,0.41309255316459298,0.0051141176228503759,0.00026116810239102729,-0.0029104257786367604,0.42449751513546935,0.68075991032036909,0.24403542586833515,0.013581636742828586,-0.00051408005947929918,0.013591362511599259,-0.0048686775708713936,0.019950699999999998,0.0084670174930788523,-0.00076523293751330334,0.0080487693804245364,0.0027373852738514781,0.4243970132917067,0.0085015273143570214,-0.0019582517922346332,0.93902540703614557,0.0084690225752132083,0.019950699999999998,0.0045884360908505784,0,0.0045884360908505784,0,0.2299887267539775,0.0045884360908505784,0,0.0091415999999999997,335,0,0,1,0,0,0,0,0,0,0,0,1,20,nan,1,0.013583021736185742,0.0084690225752132083,0.28044154444058572,-0.18658475577831268,0.019950699999999998,-0.0055950051206707929,-0.28044154444058572,-0.043817500000000002,0,0,0
639155490463639175,nan,18.783325600748686,0.0034357921219431509,0.0018769805673279905,235,0,0,0,0,1.7779755336092633,1.0453766135774907,0.41281260569907557,1.7756285979230824,1.0428673187781223,0.41093562513174758,-0.0031564809283389779,-0.0013569434970693974,-0.0018769805673279905,0.29512352468601333,0.18988746891079991,0.071902634279246064,0.0056962253036392848,-0.0020295974571896969,0.0060470032700546267,-0.0021569280328453955,0.029997900000000001,0.0088530859811785309,-0.00067353766211682674,0.0083787847355061285,0.0029371330798040329,0.29512352468601238,0.0088786701916688873,-0.00027994746551740501,1,0.0088530859811785587,0.029997900000000001,0.0031795428055572113,2.1684043449710089e-19,0.0031795428055572117,0,0.10599217963781501,0.0031795428055572117,0,0.0192243,336,0,0,1,1,1,1,1,1,3,0.25520881791270056,2.0416705433016045,0.83411426835674463,20,0.0088530859811785587,1,0.0046155902611297343,0.0088530859811785587,0.026663529829703631,-0.0019288925686851144,0.029997900000000001,-0.00079984990147846657,-0.026663529829703631,-0.046837799999999999,0,0,0
639155490463839195,nan,29.411950936058684,0.0016318438563063488,0.0022729911841032346,240,0,0,0,0,1.7796784992281656,1.0431647870641112,0.41093562513174758,1.7797423310922871,1.0447953820059921,0.40866263394764435,0.00070988695241714186,0.0014693450534686121,-0.0022729911841032346,0.19155912504249809,0.22704992358349427,0.11363819538562317,0.0045414525715170521,0.00012424547774371204,0.0045431518132325946,-0.0022729911841032346,0.020001999999999999,0.0038315656190999105,-0.0013450995757248998,0.0040499013050832033,0.00029746828598886665,0.19155912504249129,0.0040608112443308404,0,1,0.0038315656191000463,0.020001999999999999,0.00017437627152627755,0,0.00017437627152627755,0,0.0087179417821356651,0.00017437627152627755,0,0.0190917,337,0,0,1,0,0,0,0,0,0,0,0,1,20,nan,1,0.0045414525715170521,0.0038315656191000463,0,-0.0019288925686851144,0.020001999999999999,0,0,-0.060248500000000003,0,0,0
639155490464139098,nan,33.412462377477802,0.0035151589840839072,0.0015828485788884628,240,0,0,0,0,1.7867154561181073,1.0480349109893448,0.40983597246873427,1.7901670234236469,1.0487005128363347,0.4082531238898458,0.0034309448510117194,-0.00076482685145199997,-0.0015828485788884628,0.25707788064158749,0.37072258565228555,0.01365475029588052,0.01111808156048774,-0.00055903436383318312,0.011132127245302393,-0.00040951005779854555,0.029990300000000001,0.0076862416706057228,0.00020176630230768532,0.0069731250258202593,0.0032395289833526686,0.2562909230853217,0.0076888894295407042,0.0011733385210899172,1,0.0077098427638054015,0.029990300000000001,0.0053313568683526205,-2.1684043449710089e-19,0.0053313568683526213,0,0.17776937437613563,0.0053313568683526213,0,0.0091602000000000003,339,0,0,1,0,0,0,0,0,0,0,0,1,20,nan,1,0.011117128889810859,0.0077098427638054015,0.11178266888102131,0.03640323132276535,0.029990300000000001,0.0033523957745424937,0.11178266888102131,-0.063878299999999999,0,0,0
639155490464339177,nan,29.921298886351096,0.0049617830987548368,0.00017887929307591754,235,0,0,0,0,1.7952542843918222,1.05049799393071,0.40825312388984575,1.8000505592421951,1.051768835808667,0.40807424459676983,0.0049066292151865388,-0.00073775420281220819,-0.00017887929307591754,0.2690327377144916,0.51426733080952203,0.0089404331826914898,0.010289409328103835,-0.0011076740575632705,0.01034885917089748,-0.00017887929307597306,0.020007899999999999,0.0053827801129172964,-0.00036991985475106227,0.0050872609681753556,0.001797481094375275,0.26903273771446762,0.0053954761090154952,-5.5511151231257827e-17,1,0.005382780112917776,0.020007899999999999,0.0029470115121981166,0,0.0029470115121981166,0,0.14729239511383588,0.0029470115121981166,0,0.0090538000000000007,340,0,0,1,0,0,0,0,0,0,0,0,1,20,nan,1,0.010289409328103835,0.005382780112917776,0,0.03640323132276535,0.020007899999999999,0,0,-0.043870399999999997,0,0,0
639155490464639009,nan,31.218873244196569,0.0019052468902852171,0.00042719327265855478,228,0,0,0,0,1.8067990518218997,1.0528810879770185,0.40758765717948636,1.807419549350763,1.0546824620441173,0.40801485045214492,0.0012837232505052121,0.0014078424375809325,0.00042719327265855478,0.22131529513525144,0.2641528887517447,0.0019809141327447885,0.007920148894021312,-0.00024994910803626631,0.0079240919391483037,-5.9394144624913541e-05,0.029983200000000002,0.0066357407570993374,-0.0016571667353953445,0.006748492579704557,0.0011122521683515352,0.22131529513525364,0.0068395363135471511,-0.00048658741728346833,1,0.0066357407570992715,0.029983200000000002,0.0024163203922866745,0,0.0024163203922866749,0,0.080589142996300406,0.0024163203922866749,0,0.019065200000000001,341,0,0,1,0,0,0,0,0,0,0,0,1,20,nan,1,0.0079203207263491508,0.0066357407570992715,0.046367624658722788,-0.023883653804659843,0.029983200000000002,-0.0013902497636674171,-0.046367624658722788,-0.0469001,0,0,0
639155490464839001,nan,29.275720484887852,0.0012958431709588728,0.00040492489493215711,234,0,0,0,0,1.810587435910497,1.0558705666351649,0.40811317752041409,1.8114420826445303,1.0568446243766396,0.40851810241534625,0.0011710379634973663,0.00055486900415205017,0.00040492489493215711,0.16896982375830746,0.22752133577847544,0.025163604704254886,0.0045502446985008866,0.00038857848037380312,0.0045668063295529662,0.00050325196320133436,0.019999200000000002,0.0033792612993068052,-0.00016640566582554867,0.00316788655973399,0.0011881045910475674,0.16896982375829059,0.0033833559928880619,9.8327068269177267e-05,1,0.003379261299307143,0.019999200000000002,0.00015742918479544343,6.7762635780344027e-21,0.00015742918479544343,0,0.0078717741107366002,0.00015742918479544343,0,0.019067500000000001,342,0,0,1,0,0,0,0,0,0,0,0,1,20,nan,1,0.0045502992361569749,0.003379261299307143,0.014047285929886726,0.014052415266633034,0.019999200000000002,0.00028093448076899064,0.014047285929886726,-0.060284200000000003,0,0,0
639155490465139252,nan,31.437324777848264,0.004104122261687394,0.00082443263977516324,237,0,0,0,0,1.8112117012879345,1.0573768421069381,0.40852884827719393,1.8152846061729981,1.0578820800074393,0.4093532809169691,0.0039384408913651003,-0.0011543408873038018,0.00082443263977516324,0,0.13117202925304008,0.027816010658510592,0.0039384532955254537,-0.00057435780805299372,0.0039801132210914233,0.00083517850162284635,0.030025099999999999,4.6756218688437379e-17,0.00057994075724244695,-0.00023038135659581016,0.00053221773029843433,1.5572377340437628e-15,0.00057994075724244695,1.0745861847683004e-05,1,0,0.030025099999999999,0,0,0,0,0,0,0,0.0091885000000000005,344,0,0,1,0,0,0,0,0,0,0,0,1,20,nan,1,0.003938444477961876,0,0.0010225598723044267,0.0015357143711298704,0.030025099999999999,3.0702462421927645e-05,0.0010225598723044267,-0.064029199999999994,0,0,0
639155490465339003,nan,31.262536473896429,0.0051721712348692496,0.00090263997443040822,241,0,0,0,0,1.8154375625641002,1.0575295342601028,0.40904653243240641,1.8202523411175289,1.0594187835195314,0.40994917240683681,0.0051689815621656686,-0.0001816174352871,0.00090263997443040822,0,0.2587684471220067,0.029831714978534127,0.0051689256081067954,-0.000567499974489702,0.0051999854002860446,0.00059589148986771701,0.019975099999999999,6.6949484150979899e-18,-0.00038429697051115376,0.00015295639110202153,-0.00035254574733656341,3.3516470080740471e-16,0.00038429697051115376,-0.0003067484845626911,1,0,0.019975099999999999,0,0,0,0,0,0,0,0.029163600000000001,344,0,0,1,0,0,0,0,0,0,0,0,1,20,nan,1,0.0051691737971721842,0,0.043875837498085025,-0.029225246980786324,0.019975099999999999,-0.00087642424160799814,-0.043875837498085025,-0.044054099999999999,0,0,0
639155490465638927,nan,31.455077067079245,0.0040558016026743032,0.00048997203459488759,235,0,0,0,0,1.8205937976785218,1.0586330506096613,0.40981199856067707,1.8238345142313961,1.0610717557710496,0.40932202652608218,0.0039440415621603154,0.00094554893908642195,-0.00048997203459488759,0,0.13150568909583002,0.020910159932337243,0.0039441712296377721,8.8288126607465565e-05,0.0039451592467227717,-0.00062714588075463151,0.029992399999999999,8.7820375971325859e-18,-0.00085671978423411941,0.00034145656099293653,-0.00078573290987016264,2.9280876479150006e-16,0.00085671978423411941,-0.00013717384615974382,1,0,0.029992399999999999,0,0,0,0,0,0,0,0.019097800000000002,345,0,0,1,0,0,0,0,0,0,0,0,1,20,nan,1,0.0039441538527329846,0,0.013067486254598188,-0.019603811204433441,0.029992399999999999,-0.00039192527474241068,-0.013067486254598188,-0.0468528,0,0,0
639155490465839031,nan,31.700305501247552,0.0047978626003141456,0.00030989561320154957,241,0,0,0,0,1.8238104142639293,1.0611273079993635,0.40932202652608224,1.8285671735010687,1.061753987416117,0.40901213091288069,0.0046132179853875903,-0.0013182205243394132,-0.00030989561320154957,0,0.23054101794004633,0.015486727561742596,0.0046132179853875036,-0.0012576659332456141,0.0047815796323337845,-0.00030989561320149406,0.020010400000000001,-8.6953014233337456e-17,6.0554591093798972e-05,-2.4099967466773009e-05,5.5552228313882068e-05,-4.3453911082905613e-15,6.0554591093798972e-05,5.5511151231257827e-17,1,0,0.020010400000000001,0,0,0,0,0,0,0,0.018877600000000001,346,0,0,1,0,0,0,0,0,0,0,0,1,20,nan,1,0.0046132179853875036,0,0,-0.019603811204433441,0.020010400000000001,0,0,-0.060205799999999997,0,0,0
639155490466138685,nan,30.172122635196803,0.0030963321945965869,0.00033109798122865625,244,0,0,0,0,1.8293153337867183,1.0600279571646094,0.40917108769270599,1.8300552342647429,1.0630345865634403,0.40883998971147734,0.0018750068089153026,0.0024640662584063298,-0.00033109798122865625,0,0.062559321924326367,0.0057446655610588534,0.0018746151051912091,0.00058316140124393869,0.0019632266839343447,-0.00017214120140335296,0.0299654,1.096128396382845e-16,-0.0018812028710755331,0.00074816028564961279,-0.0017260302515076376,3.6579801917639848e-15,0.0018812028710755331,0.00015895677982530332,1,0,0.0299654,0,0,0,0,0,0,0,0.0089831000000000008,348,0,0,1,0,0,0,0,0,0,0,0,1,20,nan,1,0.0018747474817976846,0,0.015156221110754669,0.0017021128442138433,0.0299654,0.00045416222807220796,0.015156221110754669,-0.063699599999999995,0,0,0
639155490466338997,nan,30.743108903659333,0.0030369843075721387,0.00032002519629698023,233,0,0,0,0,1.8299001733253024,1.0633924860497397,0.40874506785154768,1.8322520973063454,1.0653138728592693,0.4084250426552507,0.002921843986817033,0.0008283123813758712,-0.00032002519629698023,0,0.14586857495334801,0.020715037353060892,0.0029219225986055045,0.0012180811014341898,0.0031656521037398714,-0.0004149470562266333,0.020031199999999999,-1.134346522962959e-16,0.00039004607065516869,-0.00015506093944051003,0.00035789948629938451,-5.6628984931654575e-15,0.00039004607065516869,-9.4921859929653074e-05,1,0,0.020031199999999999,0,0,0,0,0,0,0,0.0290143,348,0,0,1,0,0,0,0,0,0,0,0,1,20,nan,1,0.0029217573967078893,0,0.01353914463859875,-0.0090402374044060707,0.020031199999999999,-0.00027120531408469928,-0.01353914463859875,-0.043668400000000003,0,0,0
639155490466638178,nan,30.667777413643638,0.0011912816478794679,0.00035034954595908324,243,0,0,0,0,1.8315288187296466,1.0669851885060926,0.40834357645030234,1.8327057637641684,1.0671694501415159,0.40869392599626142,0.0011533448006826098,-0.00029824106912498046,0.00035034954595908324,0,0.038549256145523396,0.0089873133992705821,0.0011533205002873836,0.0015227712004632276,0.0019102304325246627,0.0002688833410107172,0.0299181,3.4369208867790491e-17,0.001821106227222338,-0.00072327857669884921,0.0016713156468233237,1.1487764553160291e-15,0.001821106227222338,-8.1466204948366094e-05,1,0,0.0299181,0,0,0,0,0,0,0,0.019012000000000001,349,0,0,1,0,0,0,0,0,0,0,0,1,20,nan,1,0.0011531432719191301,0,0.0077799253818585509,-0.011642104014754295,0.0299181,-0.00023276058556698231,-0.0077799253818585509,-0.047244899999999999,0,0,0
639155490466838898,nan,28.821808168718192,0.0016528399360930925,0.00045375582394707736,235,0,0,0,0,1.8322998414879987,1.0681067433524756,0.40869392599626142,1.8332089053524205,1.0667263511093987,0.4091476818202085,0.00028561067530947191,-0.0016279761658247597,0.00045375582394707736,0,0.014229308255747371,0.022606408128092736,0.00028561067530936122,-0.0006065597680702051,0.00067043881905215659,0.00045375582394707736,0.020072,-1.1080546202801855e-16,0.0010214163977545546,-0.00040592227616964571,0.00093729321095969986,-5.5203996626155121e-15,0.0010214163977545546,0,1,0,0.020072,0,0,0,0,0,0,0,0.019075700000000001,350,0,0,1,0,0,0,0,0,0,0,0,1,20,nan,1,0.00028561067530936122,0,0,-0.011642104014754295,0.020072,0,0,-0.0601649,0,0,0
639155490467138723,nan,32.609120333326274,0.0015904243643220779,0.00010801970545498696,238,0,0,0,0,1.8335694328028658,1.0658949113662515,0.40929117946113208,1.8320629872051617,1.0664048832476207,0.40918315975567709,-0.0011790699354726085,0.0010673536180169649,-0.00010801970545498696,0,-0.039330378922999176,0.0011832881003451163,-0.0011792230860588227,0.00016094377800697686,0.0011901554463065961,3.5477935468597448e-05,0.029982499999999999,2.45029690981724e-17,-0.00090624063526709945,0.00036052745044523604,-0.00083143974314725533,8.1724236131651469e-16,0.00090624063526709945,0.00014349764092358441,1,0,0.029982499999999999,0,0,0,0,0,0,0,0.0090224999999999993,352,0,0,1,0,0,0,0,0,0,0,0,1,20,nan,1,-0.0011791900683493502,0,0.013674418736982658,-0.006404949352145195,0.029982499999999999,0.00040999325978158252,0.013674418736982658,-0.063587199999999997,0,0,0
639155490467337946,nan,30.84501183727042,0.0018792171897290023,0.00077112117971966931,238,0,0,0,0,1.832020428437932,1.0665030217145406,0.40914257740063925,1.8338345617011271,1.0660127383785583,0.40837145622091958,0.0014693529077393561,-0.00117152007182586,-0.00077112117971966931,0,0.073751793893571255,0.04074346509978833,0.0014693053634858946,-0.0010646105118393232,0.001814456886533048,-0.000811703534757513,0.0199223,-2.6976305304154957e-17,0.00010696918882319373,-4.2558767229694539e-05,9.81384669198615e-05,-1.3540758498845493e-15,0.00010696918882319371,-4.0582355037843687e-05,1,0,0.0199223,0,0,0,0,0,0,0,0.0091521999999999992,353,0,0,1,0,0,0,0,0,0,0,0,1,20,nan,1,0.0014693670815905909,0,0.005820090342090428,-0.0038662233855575323,0.0199223,-0.00011594958582222814,-0.005820090342090428,-0.077280600000000005,0,0,0
639155490467638096,nan,32.531895520652427,0.0015452225195672045,6.4020064223624384e-05,243,0,0,0,0,1.8344707991460072,1.0645423368221423,0.40836839910925316,1.8337762519934293,1.0659226689878993,0.40830437904502953,-8.9287470768107074e-05,0.0015426407172577335,-6.4020064223624384e-05,0,-0.0029746045225000398,0.0022347884687673246,-8.9282754742838692e-05,-5.9507199992982988e-05,0.00010729639856712228,-6.7077175890051244e-05,0.030015,-8.2616205543395438e-17,-0.0016021481902052763,0.00063623744488006118,-0.0014704015564159789,-2.752497269478442e-15,0.0016021481902052763,-3.0571116664268594e-06,1,0,0.030015,0,0,0,0,0,0,0,0.039167199999999999,353,0,0,1,0,0,0,0,0,0,0,0,1,20,nan,1,-8.9282494856051064e-05,0,0.00029100798804583734,-0.00029124377761036158,0.030015,-8.7346047611958078e-06,-0.00029100798804583734,-0.047265599999999998,0,0,0
639155490467938908,nan,30.348103217193096,0.0022040083878133473,7.0591427497324055e-06,240,0,0,0,0,1.8337999340405202,1.0658679275874581,0.40826743158012913,1.8324349270030678,1.0641374915842332,0.40826037243737939,-0.0019398344759286191,-0.0010462768178404465,-7.0591427497324055e-06,0,-0.064487890505716378,0.0014629272652067656,-0.0019398731318805555,-0.0011058495939938969,0.0022329377717098479,-4.4006607650137752e-05,0.030081199999999999,9.2123303343377705e-18,-5.9644448833789993e-05,2.3682047090911595e-05,-5.4741400441260524e-05,3.0624876448870959e-16,5.9644448833789993e-05,-3.6947464900405347e-05,1,0,0.030081199999999999,0,0,0,0,0,0,0,0.0091266000000000003,355,0,0,1,0,0,0,0,0,0,0,0,1,20,nan,1,-0.0019398147601225896,0,0.0035093076549475126,-0.0052798460237681866,0.030081199999999999,-0.00010556418543000712,-0.0035093076549475126,-0.050190499999999999,0,0,0
639155490468138015,nan,30.39916127901332,0.0014971652170153516,0.00032691026453052219,241,0,0,0,0,1.832725547331544,1.0634656372856159,0.40823327433545087,1.8313031531292019,1.0629984131208041,0.40856018459998139,-0.0014909895785723845,0.00013584463047602667,0.00032691026453052219,0,-0.074883650343445005,0.015057841391914791,-0.0014909858968932305,-0.00059613161523175634,0.0016057433940120489,0.00029981216260199783,0.0199107,8.9121418578308464e-17,-0.00073201664864547668,0.0002906203284762654,-0.00067185429861726931,4.4760565212829515e-15,0.00073201664864547679,-2.7098101928524354e-05,1,0,0.0199107,0,0,0,0,0,0,0,0.0089178999999999994,356,0,0,1,0,0,0,0,0,0,0,0,1,20,nan,1,-0.0014909628185828048,0,0.0038885196586400184,-0.0025815374683588743,0.0199107,-7.7423148367283812e-05,-0.0038885196586400184,-0.063890600000000006,0,0,0
639155490468337959,nan,31.277404081422809,0.0010304373678501253,0.00046793768861602691,237,0,0,0,0,1.831540806576466,1.0624494590679672,0.40850720633007864,1.8314997100748687,1.0634790765923996,0.40803926864146262,0.00037129020256170241,0.00096122045054377844,-0.00046793768861602691,0,0.018572256523679144,0.026053092791920491,0.00037134112583705027,0.00036301208530590574,0.00051929953381075762,-0.00052091595851877504,0.019994399999999999,-4.3693347551165829e-17,-0.00059818869357639102,0.00023765344726411897,-0.00054895405283694743,-2.1852792557499015e-15,0.00059818869357639102,-5.2978269902748121e-05,1,0,0.019994399999999999,0,0,0,0,0,0,0,0.028912299999999998,356,0,0,1,0,0,0,0,0,0,0,0,1,20,nan,1,0.00037131365084180234,0,0.0075704439961361133,-0.0075704818591475487,0.019994399999999999,-0.0001513664854363439,-0.0075704439961361133,-0.043896200000000003,0,0,0
639155490468638851,nan,29.641447304028446,0.0032449796468638605,0.00075514329008014025,237,0,0,0,0,1.8312828210256427,1.0639807837712316,0.40801822212013911,1.8312077848171224,1.0607366718009119,0.40877336541021925,-0.0013561108962131443,-0.0029480258047942334,0.00075514329008014025,0,-0.045071751379256127,0.024397350835403776,-0.0013561729416007135,-0.0024014161132454507,0.0027578985471704395,0.00073409676875663132,0.0300892,3.9952850056090838e-17,0.00054658114947896781,-0.00021688904922601004,0.00050170717883202265,1.3278136359920116e-15,0.00054658114947896781,-2.1046521323508927e-05,1,0,0.0300892,0,0,0,0,0,0,0,0.019155599999999998,357,0,0,1,0,0,0,0,0,0,0,0,1,20,nan,1,-0.0013561007389085483,0,0.0019984884299701334,-0.0030074729584157467,0.0300892,-6.0132918067057339e-05,-0.0019984884299701334,-0.047391200000000001,0,0,0
639155490468838586,nan,29.143089736948156,0.0034831610840337763,0.00081740990105788613,244,0,0,0,0,1.8318411445739562,1.0592745334960505,0.40877336541021925,1.8307633921774038,1.0625867624901046,0.40795595550916136,0.00032760282998252539,0.0034677207965917315,-0.00081740990105788613,0,0.016401873982155195,0.040924720307301481,0.00032760282998257678,0.0018742990055647805,0.0019027139502494109,-0.00081740990105788613,0.019973500000000002,5.139118297581291e-17,-0.0015934217910269512,0.00063335975683376233,-0.0014621383048614156,2.5729683318303206e-15,0.001593421791026951,0,1,0,0.019973500000000002,0,0,0,0,0,0,0,0.019090800000000002,358,0,0,1,0,0,0,0,0,0,0,0,1,20,nan,1,0.00032760282998257678,0,0,-0.0030074729584157467,0.019973500000000002,0,0,-0.0604214,0,0,0
639155490469138612,nan,31.618809359762945,0.0036889348335490462,0.0009630835101319124,240,0,0,0,0,1.82964625948702,1.0651715020965467,0.40805084498120819,1.8316423022242916,1.0620692362154274,0.40901392849134011,0.0006011155782723722,-0.0036396291387626018,0.0009630835101319124,0,0.020046960531856443,0.035262709971094021,0.00060146093805307614,-0.00082374817480704082,0.0010199589773621377,0.0010579729821787456,0.030002600000000001,2.4719809532669501e-17,0.0028158239080301531,-0.0011171326903838263,0.0025847396064420103,8.2392224449446054e-16,0.0028158239080301531,9.488947204683297e-05,1,0,0.030002600000000001,0,0,0,0,0,0,0,0.0089753999999999997,360,0,0,1,0,0,0,0,0,0,0,0,1,20,nan,1,0.00060134926819961089,0,0.0090363094290655879,0.0003586405364330858,0.030002600000000001,0.0002711127772764832,0.0090363094290655879,-0.0637625,0,0,0
639155490469437784,nan,29.924481368059542,0.0017777134545217651,0.0002653053189967669,238,0,0,0,0,1.8319692304736055,1.0613150057658809,0.40909475266419343,1.8303869081926072,1.0621252658015756,0.40882944734519666,-0.0011294467018204014,0.0013728129057284993,-0.0002653053189967669,0,-0.037756128735269533,0.0061663907766584033,-0.0011295576545988057,0.00055068411476090126,0.001256643740012559,-0.0001844811461434448,0.029917200000000001,-1.9136168344369153e-17,-0.00082203749988825835,0.00032692824931390696,-0.000754230449546478,-6.3963767813729736e-16,0.00082203749988825846,8.0824172853322107e-05,1,0,0.029917200000000001,0,0,0,0,0,0,0,0.038892599999999999,360,0,0,1,0,0,0,0,0,0,0,0,1,20,nan,1,-0.0011294940633722133,0,0.0077188442819594695,0.0076995678246021271,0.029917200000000001,0.00023092620815223786,0.0077188442819594695,-0.033845300000000002,0,0,0
639155490469638671,nan,32.291823936836586,0.00094115874125428212,0.0002361834035642385,242,0,0,0,0,1.8302399665146007,1.0624644348482257,0.4088160576441856,1.8301844307572026,1.0634039536377609,0.40857987424062137,0.00032252137166821312,0.00088417178254940885,-0.0002361834035642385,0,0.016055454580691377,0.012423556754558323,0.00032253321043513488,0.0012537990358994912,0.0012946195171771853,-0.0002495731045752958,0.020088700000000001,2.2768245622195593e-17,0.00036963157189407749,-0.00014694167800644031,0.00033916904665010073,1.1333857154617069e-15,0.00036963157189407749,-1.33897010110573e-05,1,0,0.020088700000000001,0,0,0,0,0,0,0,0.0188439,361,0,0,1,0,0,0,0,0,0,0,0,1,20,nan,1,0.00032250922752724716,0,0.0019043685556219265,-0.0038266237825155258,0.020088700000000001,-3.8256288603322197e-05,-0.0019043685556219265,-0.047299300000000002,0,0,0
639155490469837711,nan,31.685827370713099,0.002243723712977552,0.00023815455104586603,240,0,0,0,0,1.8296908366126674,1.064544041764645,0.40857987424062137,1.8318355400481467,1.0638848428007344,0.4083417196895755,0.001706260226534524,-0.0014570422572884178,-0.00023815455104586603,0,0.085724488873315477,0.011965160321838123,0.0017062602265344713,-0.00021469121326677873,0.0017197140104411044,-0.00023815455104586603,0.019904000000000002,-5.252959525692269e-17,0.001242351044021639,-0.00049359414453520323,0.0011400881268841534,-2.639147671670151e-15,0.001242351044021639,0,1,0,0.019904000000000002,0,0,0,0,0,0,0,0.018577099999999999,362,0,0,1,0,0,0,0,0,0,0,0,1,20,nan,1,0.0017062602265344713,0,0,-0.0038266237825155258,0.019904000000000002,0,0,-0.060355800000000001,0,0,0
639155490470138879,nan,30.248826752596184,0.0015129736611577353,0.00032346731315147093,238,0,0,0,0,1.8319642898681814,1.0635872661890418,0.4084132880910632,1.8326584055031629,1.0622429102895006,0.40873675540421467,0.00010311030127883056,-0.0015094560494188726,0.00032346731315147093,0,0.0034272675175098955,0.013116789122322732,0.00010321833037134202,-0.0018336836981281332,0.0018365864881637114,0.00039503571463916925,0.030116799999999999,9.8201611772874564e-17,-0.00032423503201443784,0.00012874982003463487,-0.00029757661169260707,3.2606920978614783e-15,0.00032423503201443779,7.1568401487698274e-05,1,0,0.030116799999999999,0,0,0,0,0,0,0,0.0090430000000000007,364,0,0,1,0,0,0,0,0,0,0,0,1,20,nan,1,0.00010303085295917805,0,0.0067896040451757497,-0.0042785354889929295,0.030116799999999999,0.00020448114710774901,0.0067896040451757497,-0.0635265,0,0,0
639155490470338667,nan,30.629209572708689,0.003252594420178747,0.00039560740905736363,236,0,0,0,0,1.8331418845177081,1.0611266660996466,0.40867006127757483,1.8304760091905889,1.0629901250346476,0.40827445386851746,-0.0017058222909693581,0.0027693935751008686,-0.00039560740905736363,0,-0.085372373960886788,0.023139604765912224,-0.001705637584889765,0.0015530563317256605,0.0023067690696083462,-0.00046230153569720717,0.019978800000000001,7.7303614898216466e-17,-0.0012164510055437438,0.00048347901454515174,-0.0011162441898540099,3.8692821840258901e-15,0.001216451005543744,-6.6694126639843532e-05,1,0,0.019978800000000001,0,0,0,0,0,0,0,0.0088876000000000007,365,0,0,1,0,0,0,0,0,0,0,0,1,20,nan,1,-0.0017057855481988024,0,0.0095378424901660271,-0.006351228803396225,0.019978800000000001,-0.00019055464754252904,-0.0095378424901660271,-0.077188300000000001,0,0,0
639155490470638567,nan,31.216392856726991,0.0025797316670680428,0.00066767042436816082,242,0,0,0,0,1.8295509003303569,1.065128703397149,0.40828077465274809,1.8312617462558531,1.0631978948376883,0.40894844507711625,0.00080362975649261219,-0.0024513658822283724,0.00066767042436816082,0,0.02679710740351424,0.022473864908262416,0.00080364525103139204,-0.00012126556510507071,0.00081274290325142882,0.0006739912085987898,0.029989999999999999,2.1684043449710089e-17,0.0023300952375040411,-0.00092510886023200456,0.0021385783625014199,7.2304246247782893e-16,0.0023300952375040411,6.3207842306289841e-06,1,0,0.029989999999999999,0,0,0,0,0,0,0,0.038877599999999998,365,0,0,1,0,0,0,0,0,0,0,0,1,20,nan,1,0.00080364415600795553,0,0.00060218017725946786,0.00060153030790388584,0.029989999999999999,1.805938351601144e-05,0.00060218017725946786,-0.047198299999999999,0,0,0
639155490470938828,nan,30.377071085101843,0.0011658289213367326,0.00065418299544034442,244,0,0,0,0,1.8313102405429864,1.063085997402047,0.4089047502496817,1.8305907291824384,1.0640033089499235,0.40825056725424136,-0.00029546527433936439,0.0011277665296880973,-0.00065418299544034442,0,-0.009838640266083918,0.02324237323111868,-0.00029541599649346233,0.001005825628037671,0.0010483109295440932,-0.00069787782287489264,0.0300261,-4.021712433563418e-17,-0.00012195381087800986,4.8494287133271641e-05,-0.00011189743564132826,-1.339405528378117e-15,0.00012195381087800986,-4.3694827434548333e-05,1,0,0.0300261,0,0,0,0,0,0,0,0.0090855999999999992,367,0,0,1,0,0,0,0,0,0,0,0,1,20,nan,1,-0.00029547878074252934,0,0.0041577948551052603,-0.0062437728047370911,0.0300261,-0.00012484236409887606,-0.0041577948551052603,-0.050649600000000003,0,0,0
639155490471138942,nan,31.851271243014082,0.00092551989664808757,0.00024896317827838299,236,0,0,0,0,1.8303246522056928,1.0646184406305286,0.40825056725424136,1.8309923203110929,1.0639774988390038,0.40800160407596298,0.0003583403438007567,-0.00085333421183979383,-0.00024896317827838299,0,0.017906810308157908,0.012441067505441048,0.00035834034380067116,-0.00018312234829356058,0.00040241967700366157,-0.00024896317827838299,0.020011399999999999,-8.55435514091063e-17,0.00067021186354623331,-0.00026607697674552178,0.0006151316806051188,-4.2747409681034967e-15,0.00067021186354623331,0,1,0,0.020011399999999999,0,0,0,0,0,0,0,0.0091111999999999999,368,0,0,1,0,0,0,0,0,0,0,0,1,20,nan,1,0.00035834034380067116,0,0,-0.0062437728047370911,0.020011399999999999,0,0,-0.063662399999999994,0,0,0
639155490471438894,nan,29.149005471457567,0.0022149738677761481,0.00068090929751063467,244,0,0,0,0,1.8311011754981821,1.0637256692654478,0.4080295466358102,1.8323889036322054,1.061923485732126,0.40871045593332084,0.00046690245723118233,-0.0021652046855580912,0.00068090929751063467,0,0.01556792281466673,0.023632176393485017,0.00046696295841049151,-0.0024395410247642678,0.002483830673785025,0.00070885185735786171,0.0299952,8.4947240214239272e-17,-0.00027434938650131019,0.00010885518708914077,-0.00025182957355607272,2.8320277982556968e-15,0.00027434938650131019,2.7942559847227152e-05,1,0,0.0299952,0,0,0,0,0,0,0,0.039106399999999999,368,0,0,1,0,0,0,0,0,0,0,0,1,20,nan,1,0.00046686557657978675,0,0.002661622035445723,-0.0082184476777911186,0.0299952,7.9835885277601548e-05,0.002661622035445723,-0.033667200000000001,0,0,0
639155490471638897,nan,29.183939026583168,0.0025164944393123211,0.0004357441374181481,241,0,0,0,0,1.8330354628729446,1.0604306183668997,0.40868538917088471,1.8312275401321016,1.0621810924815991,0.40824964503346656,-0.00096338530245866801,0.0023247866616307945,-0.0004357441374181481,0,-0.048165628879616583,0.023040199389723171,-0.00096332702728099543,0.00069794516636860439,0.001189590861072553,-0.00046081089985428031,0.020000299999999999,4.90059381963448e-17,-0.0016268656434823177,0.00064655924073919735,-0.001492867365226358,2.4502601559149016e-15,0.0016268656434823177,-2.5066762436132258e-05,1,0,0.020000299999999999,0,0,0,0,0,0,0,0.019219900000000002,369,0,0,1,0,0,0,0,0,0,0,0,1,20,nan,1,-0.00096335201984287886,0,0.0035809123486173974,-0.0035818973556160927,0.020000299999999999,-7.1619321246052525e-05,-0.0035809123486173974,-0.047166600000000003,0,0,0
639155490471838606,nan,30.748462357330251,0.0010685909032052982,7.3678287801193232e-05,238,0,0,0,0,1.8309510368222299,1.0628203299618757,0.40824964503346656,1.830419269348726,1.0637472117626121,0.40832332332126775,-0.00012009003868659353,0.0010618215014875935,7.3678287801193232e-05,0,-0.0060132512148481157,0.0036892822958000506,-0.00012009003868661023,0.0017582973708186195,0.0017623936171069796,7.3678287801193232e-05,0.0199709,-1.6696713456276768e-17,0.00069647586933102622,-0.00027650330987172289,0.00063923748027661098,-8.3605212866104021e-16,0.00069647586933102622,0,1,0,0.0199709,0,0,0,0,0,0,0,0.018935400000000002,370,0,0,1,0,0,0,0,0,0,0,0,1,20,nan,1,-0.00012009003868661023,0,0,-0.0035818973556160927,0.0199709,0,0,-0.060798100000000001,0,0,0
639155490472137782,nan,32.528514723178567,0.0017201475780702416,0.00022028469467549883,239,0,0,0,0,1.8293733652782944,1.0661647087406974,0.40841455765248624,1.8289986172113646,1.0644858783214253,0.40863484234716174,-0.0010106811886974004,-0.0013919163858343386,0.00022028469467549883,0,-0.033777916474938677,0.010412567381541017,-0.0010105541939306253,0.0012420390499608613,0.0016012122846451233,0.0003115190258939915,0.029917599999999999,7.2533125339280247e-17,0.0026340476388244482,-0.0010459040704315914,0.0024174969780852429,2.4244299455598126e-15,0.0026340476388244487,9.123433121849267e-05,1,0,0.029917599999999999,0,0,0,0,0,0,0,0.0088993000000000006,372,0,0,1,0,0,0,0,0,0,0,0,1,20,nan,1,-0.0010103923044877659,0,0.008712915399864532,-0.0014661751920357347,0.029917599999999999,0.0002606695177669871,0.008712915399864532,-0.063922499999999993,0,0,0
639155490472437659,nan,30.32866401852419,0.0023042419491867906,0.00051458593253467244,231,0,0,0,0,1.8285038026143359,1.0656286131260999,0.40858693660327577,1.8304357798708759,1.0643728285742742,0.4080723506707411,0.0012740035045737518,-0.0019200119871307939,-0.00051458593253467244,0,0.042481134715546542,0.018757413086720222,0.0012739115235093951,-0.00067480825831829215,0.0014416021487305695,-0.00056249167642064002,0.029987699999999999,1.5341460740669888e-17,0.0012452647586949025,-0.00049481459702871433,0.0011427348046746388,5.1159177731769649e-16,0.0012452647586949025,-4.7905743885967571e-05,1,0,0.029987699999999999,0,0,0,0,0,0,0,0.038886999999999998,372,0,0,1,0,0,0,0,0,0,0,0,1,20,nan,1,0.0012739577022283963,0,0.0045643231711677227,-0.0068453205749392509,0.029987699999999999,-0.00013687355396002632,-0.0045643231711677227,-0.033934800000000001,0,0,0
639155490472638376,nan,29.652747463256492,0.00078584248267462306,0.00012639689597998549,240,0,0,0,0,1.8306148306087022,1.0639586864936521,0.40805738875317588,1.8307586906061608,1.0631861240633544,0.40818378564915586,-0.00017452545941902455,-0.00076621750932146795,0.00012639689597998549,0,-0.0086956721893349711,0.0055518455544253578,-0.00017453692348267475,-0.0012174053562970229,0.0012298532185588157,0.00011143497841475947,0.020071700000000001,2.6291902682773483e-17,-0.0004511904582968541,0.00017905073782631398,-0.00041414208062207081,1.3098991457013348e-15,0.0004511904582968541,-1.4961917565226024e-05,1,0,0.020071700000000001,0,0,0,0,0,0,0,0.018863700000000001,373,0,0,1,0,0,0,0,0,0,0,0,1,20,nan,1,-0.00017451090241625837,0,0.0021297815282716745,-0.0014248115476220846,0.020071700000000001,-4.274833590101057e-05,-0.0021297815282716745,-0.0470765,0,0,0
639155490472938553,nan,30.304141786187149,0.001207912789374814,5.8567629796613119e-05,239,0,0,0,0,1.8314813766241074,1.0615150717325115,0.40813170255588604,1.8306461798363167,1.0623877111955198,0.40819027018568266,-0.00042025062073829366,0.0011324498763761346,5.8567629796613119e-05,0,-0.013998129059715604,0.00021602376353938705,-0.00042019163867582511,-0.00068815751659180916,0.00080630129657273972,6.4845365267962585e-06,0.030017700000000001,-3.5670251474773096e-17,-0.0018206292793842413,0.00072268601794656107,-0.0016710523308429703,-1.1883072811965305e-15,0.0018206292793842413,-5.2083093269816853e-05,1,0,0.030017700000000001,0,0,0,0,0,0,0,0.0088386999999999997,375,0,0,1,0,0,0,0,0,0,0,0,1,20,nan,1,-0.00042014043555260537,0,0.0049573697489727281,-0.0074422280304133892,0.030017700000000001,-0.00014880883791373867,-0.0049573697489727281,-0.050769000000000002,0,0,0
639155490473138211,nan,29.888375105435202,0.0012417630784322892,0.00038388046297094247,238,0,0,0,0,1.8308278694423481,1.0619676014544275,0.40817299590285566,1.8317212219887529,1.0628300959592156,0.4085568763658266,0.0011623140487571973,0.00043703729248118774,0.00038388046297094247,0,0.058215628629433074,0.01836170752706863,0.0011623215980895347,-2.0698098447933491e-05,0.001162505874679681,0.00036660618014394686,0.019965799999999999,-4.0603371359582141e-17,-0.00045771531272230403,0.00018168960603137663,-0.00042010974109230048,-2.0336461028149205e-15,0.00045771531272230403,-1.7274282826995613e-05,1,0,0.019965799999999999,0,0,0,0,0,0,0,0.0087817999999999993,376,0,0,1,0,0,0,0,0,0,0,0,1,20,nan,1,0.0011623221085139137,0,0.0024719817784162553,-0.0016455482691526413,0.019965799999999999,-4.9355093791503268e-05,-0.0024719817784162553,-0.063663399999999995,0,0,0
639155490473438557,nan,29.559790528052837,0.0002733185955527827,0.00049060964540281738,238,0,0,0,0,1.8317338466065498,1.0628009341773423,0.40850782682097325,1.8317448459428476,1.0630740313565221,0.40801721717557043,0.00011857947914336991,0.00024625588683528508,-0.00049060964540281738,0,0.003948497990315946,0.017967916677970399,0.00011859155773994333,0.00021447286937736481,0.00024507665997835555,-0.00053965919025616982,0.030034600000000002,5.4235519612692851e-17,-3.1777200892213323e-05,1.2624617796941351e-05,-2.9161781873288106e-05,1.8057680013282297e-15,3.1777200892213323e-05,-4.9049544853352334e-05,1,0,0.030034600000000002,0,0,0,0,0,0,0,0.018703600000000001,377,0,0,1,0,0,0,0,0,0,0,0,1,20,nan,1,0.00011857652916792367,0,0.004666003766449902,-0.0070085846818983555,0.030034600000000002,-0.00014014155672381623,-0.004666003766449902,-0.066946599999999995,0,0,0
639155490473638204,nan,29.203526668134216,0.00062737866831871867,0.00051581084268309541,243,0,0,0,0,1.8316882606417089,1.0632049322514121,0.40799945453243686,1.8319622844997914,1.0626405609918117,0.40851526537511995,2.7603276221672501e-05,-0.00062677113255413968,0.00051581084268309541,0,0.0013820464672780705,0.02494644044486102,2.7592143105266491e-05,-0.00048416397714703822,0.00048494956761294187,0.00049804819954951673,0.019964699999999998,-9.8018652656267635e-17,0.00014260764561536949,-5.6585301138722954e-05,0.0001309008948899848,-4.9095980734129557e-15,0.00014260764561536946,-1.7762643133578671e-05,1,0,0.019964699999999998,0,0,0,0,0,0,0,0.038668300000000003,377,0,0,1,0,0,0,0,0,0,0,0,1,20,nan,1,2.7604428856302143e-05,0,0.0025420070901654625,-0.0025380407460033894,0.019964699999999998,-5.0750408953026405e-05,-0.0025420070901654625,-0.0469819,0,0,0
639155490473855869,nan,28.530129415435137,0.0012431801335519614,6.1810957225127972e-05,238,0,0,0,0,1.8321719811112729,1.0621561245565776,0.40844087904390319,1.830994250314796,1.0625541785924675,0.40837906808667807,-0.00092275337958450273,0.00083308045525246326,-6.1810957225127972e-05,0,-0.042390435174830904,0.0062571974567287364,-0.00092269140723295689,0.00030527474388582936,0.00097188070370601192,-0.00013619728844188606,0.021766500000000001,-1.9407218887490529e-17,-0.0005278743493002426,0.00020969661148151353,-0.00048443643523410351,-8.9160953242324343e-16,0.0005278743493002426,-7.4386331216758084e-05,1,0,0.021766500000000001,0,0,0,0,0,0,0,0.00086549999999999995,379,0,0,1,0,0,0,0,0,0,0,0,1,20,nan,1,-0.00092272384240630657,0,0.0097641961227209455,-0.0070859477855265141,0.021766500000000001,-0.00021253237490520549,-0.0097641961227209455,-0.058872099999999997,0,0,0
639155490474137386,nan,29.656421363590724,0.00067489723219206943,6.9938199392938227e-07,234,0,0,0,0,1.8308375202687288,1.0629163881613353,0.40835910850694651,1.8314771787217816,1.0631316167316009,0.40835840912495258,0.00067252978504442806,-5.6479750783900096e-05,-6.9938199392938227e-07,0,0.023889450995796091,0.00073384419859133759,0.00067252865759835287,0.00033817134046003144,0.0007527646715937041,-2.065896172548376e-05,0.028151700000000002,-2.3310346708438345e-17,0.00039466451464454668,-0.00015673004606719942,0.00036220956886778843,-8.2802625448688153e-16,0.00039466451464454673,-1.9959579731554381e-05,1,0,0.028151700000000002,0,0,0,0,0,0,0,0.0088880999999999995,380,0,0,1,0,0,0,0,0,0,0,0,1,20,nan,1,0.00067251901481377131,0,0.0020257167653064414,-0.0019013179698958993,0.028151700000000002,-5.7027370661877352e-05,-0.0020257167653064414,-0.030720399999999998,0,0,0
639155490474437477,nan,31.852791397807362,0.00063198778390214424,2.7850987225686019e-05,235,0,0,0,0,1.831334023750983,1.0634624724980988,0.40832752086204882,1.8319191942611515,1.0637011857843455,0.40829966987482313,0.00063184847780485922,-1.3268763967518488e-05,-2.7850987225686019e-05,0,0.021055215506444614,0.0019573812653310842,0.00063184806765444711,0.0003472098245874515,0.00072096230337563951,-5.8739250129447036e-05,0.0300091,7.6192307671418824e-17,0.00036049810525053485,-0.00014315497079864237,0.00033085576649782844,2.538973433772383e-15,0.00036049810525053491,-3.088826290376101e-05,1,0,0.0300091,0,0,0,0,0,0,0,0.018926200000000001,381,0,0,1,0,0,0,0,0,0,0,0,1,20,nan,1,0.0006318327460273918,0,0.0029408472671649277,0.0052470741793513298,0.0300091,-8.8252179725079039e-05,-0.0029408472671649277,-0.033841900000000001,0,0,0
639155490474637304,nan,31.899793083952652,0.00035881948415577208,5.9944050797122728e-05,239,0,0,0,0,1.8318273855044649,1.0639134058192417,0.40828906426619455,1.8321326333267713,1.0641020196819002,0.40834900831699167,0.00035504407615060839,5.1914604883167119e-05,5.9944050797122728e-05,0,0.017767600310104509,0.0024690578434612889,0.00035504462671672539,0.00028313841350335032,0.00045411898018208078,4.9338442168533891e-05,0.019982699999999999,1.0298565385896685e-16,0.00023122757408162035,-9.180875668657329e-05,0.00021222003489618224,5.1537406786353628e-15,0.00023122757408162035,-1.0605608628588836e-05,1,0,0.019982699999999999,0,0,0,0,0,0,0,0.018932899999999999,382,0,0,1,0,0,0,0,0,0,0,0,1,20,nan,1,0.0003550403368828307,0,0.001516398631768051,-0.0015153748681768775,0.019982699999999999,-3.0301738939031431e-05,-0.001516398631768051,-0.047109199999999997,0,0,0
639155490474937413,nan,29.986822269059683,0.0020484242442997871,0.00027086398622711005,234,0,0,0,0,1.8319637873233343,1.0644922619108548,0.40840983518178764,1.8305257981490106,1.0630334168131275,0.40813897119556053,-0.0018991006119733569,-0.00076776217036109238,-0.00027086398622711005,0,-0.06327880563043671,0.0069986945220283023,-0.0018990539078944731,-0.0003426742396933529,0.001929723135488272,-0.00021003712143113917,0.0300109,-6.7654215563095477e-17,0.00042520344558350231,-0.00016884600343702871,0.00039024222895456262,-2.2543214486435088e-15,0.00042520344558350225,6.0826864795970881e-05,1,0,0.0300109,0,0,0,0,0,0,0,0.0090376999999999992,384,0,0,1,0,0,0,0,0,0,0,0,1,20,nan,1,-0.001899083677581356,0,0.0057909307043161936,0.0057941549457609653,0.0300109,0.00017379104227416287,0.0057909307043161936,-0.050406399999999997,0,0,0
639155490475137364,nan,31.855830083648925,0.00052146626791798039,0.00049887316806279669,242,0,0,0,0,1.8306165205125733,1.0628236155121709,0.40812494931944127,1.8310378050340343,1.0625162941485242,0.40862382248750406,0.00026471053834843764,-0.00044928320630042165,0.00049887316806279669,0,0.013238455348012155,0.024248505481019512,0.00026470423852903782,-0.00067786323595753662,0.00072771347421774521,0.00048485129194353321,0.019995099999999998,8.395790573184625e-17,-0.00022857631796290641,9.0722363562667496e-05,-0.00020980130095660243,4.1989240229779421e-15,0.00022857631796290639,-1.4021876119263421e-05,1,0,0.019995099999999998,0,0,0,0,0,0,0,0.029032800000000001,384,0,0,1,0,0,0,0,0,0,0,0,1,20,nan,1,0.00026471781692495957,0,0.0020036160458196564,-0.0020035058259963989,0.019995099999999998,-4.0062503197768606e-05,-0.0020036160458196564,-0.030411299999999999,0,0,0
639155490475437331,nan,30.33981863178894,0.001528323874234722,0.00021141680289732398,242,0,0,0,0,1.8314419562593491,1.0615829109542334,0.40857257882630388,1.8324538914602788,1.0627282323124885,0.40836116202340655,0.0013836776246673775,0.00064900700732016352,-0.00021141680289732398,0,0.046128770176248057,0.0087563119975700102,0.0013837108803458602,-0.00036818847286525713,0.0014318584259410446,-0.00026266046409750832,0.029996700000000001,6.1257422745431001e-18,-0.0010171245746259253,0.00040415122531478609,-0.00093338319429081551,2.0421387267743117e-16,0.0010171245746259251,-5.1243661200184309e-05,1,0,0.029996700000000001,0,0,0,0,0,0,0,0.0189667,385,0,0,1,0,0,0,0,0,0,0,0,1,20,nan,1,0.0013837378299601237,0,0.0048808855831422833,-0.007321914192289114,0.029996700000000001,-0.00014641046057184415,-0.0048808855831422833,-0.034057700000000003,0,0,0
639155490475638474,nan,30.38778198500497,0.0020142636318359573,0.00040130619110834154,241,0,0,0,0,1.8325518357030977,1.0625018680264511,0.40836116202340655,1.8319692509815224,1.0644300415198702,0.40795985583229821,0.000231008402321648,0.0020009730374479762,-0.00040130619110834154,0,0.011484784572249449,0.019951287944812473,0.00023100840232159709,0.0017543278171525591,0.0017694719472143208,-0.00040130619110834154,0.020114300000000002,-5.0916844525350502e-17,-0.00024664522029541714,9.7944242818837068e-05,-0.00022636428603739489,-2.5313754157664199e-15,0.00024664522029541714,0,1,0,0.020114300000000002,0,0,0,0,0,0,0,0.018827400000000001,386,0,0,1,0,0,0,0,0,0,0,0,1,20,nan,1,0.00023100840232159709,0,0,-0.007321914192289114,0.020114300000000002,0,0,-0.046974700000000001,0,0,0
639155490475937137,nan,36.993847911716891,0.0030088750713208601,0.00043841014648376969,244,0,0,0,0,1.8309357441501952,1.0668212681427776,0.40801795774961475,1.8303072787338943,1.0638787589388277,0.40845636789609852,-0.0017444346174590704,-0.0024515866413868672,0.00043841014648376969,0,-0.058403356714101337,0.016624491945781798,-0.0017442921726303646,0.00015332662047846132,0.0017510180570305105,0.00049651206380030288,0.029866299999999998,-6.1799523831673753e-18,0.0026050146127231059,-0.0010335068313271911,0.0023912266229073609,-2.0692058886327987e-16,0.0026050146127231059,5.8101917316533129e-05,1,0,0.029866299999999998,0,0,0,0,0,0,0,0.0086345999999999992,388,0,0,1,0,0,0,0,0,0,0,0,1,20,nan,1,-0.0017442794400923034,0,0.0055582873689563016,-0.0071982024237513542,0.029866299999999998,0.00016600547804745958,0.0055582873689563016,-0.050443399999999999,0,0,0
639155490476137381,nan,29.090824423928765,0.00045428075663591413,0.00021030704073449205,237,0,0,0,0,1.8302662164069274,1.0639736355385461,0.40845636789609852,1.829958950487125,1.0636390332965069,0.40824606085536402,-0.0004148904206800301,-0.00018503228009632877,-0.00021030704073449205,0,-0.020719243556866947,0.010502538939218755,-0.00041489042068012648,-8.1651025170390777e-05,0.00042284861485348174,-0.00021030704073449205,0.020024400000000001,-9.6392349397539379e-17,0.00010338125492593799,-4.1062326966878615e-05,9.4876599718407562e-05,-4.8137447013413325e-15,0.000103381254925938,0,1,0,0.020024400000000001,0,0,0,0,0,0,0,0.0086672999999999993,389,0,0,1,0,0,0,0,0,0,0,0,1,20,nan,1,-0.00041489042068012648,0,0,-0.0071982024237513542,0.020024400000000001,0,0,-0.064017199999999996,0,0,0
639155490476437247,nan,31.407257502696527,0.00087866583715284275,1.2278856697300887e-05,235,0,0,0,0,1.8300075446224604,1.0635266892591166,0.40830604838218076,1.8308109124995917,1.0638825736608162,0.40831832723887806,0.00087863255692412028,7.6474369882082089e-06,1.2278856697300887e-05,0,0.029300824254575971,0.0024099558974355669,0.00087863209659226778,-0.00011470317594620223,0.00088608756888598175,7.2266383514041368e-05,0.029986599999999999,-1.4034319496467051e-16,-0.00012240331991468981,4.859413533542245e-05,-0.00011234403739024401,-4.6801969868097924e-15,0.00012240331991468981,5.9987526816740459e-05,1,0,0.029986599999999999,0,0,0,0,0,0,0,0.038653899999999998,389,0,0,1,0,0,0,0,0,0,0,0,1,20,nan,1,0.00087862226370907478,0,0.0057156507827534845,-0.0070269890129566193,0.029986599999999999,0.00017139293376211562,0.0057156507827534845,-0.034030600000000001,0,0,0
639155490476637302,nan,35.113640462900506,0.0017981031750517551,0.00041771017062847138,245,0,0,0,0,1.8308413144314726,1.0638123018374865,0.40828319934271423,1.8306546995473574,1.0620239087282519,0.4087009095133427,-0.00088132912740339136,-0.0015673015017288728,0.00041771017062847138,0,-0.044057093442507522,0.019123854663199515,-0.00088138418286408426,-0.0016438368958588546,0.0018652179009407625,0.00038258227446463788,0.020005499999999999,-6.0423942325332769e-17,-7.6566354335049974e-05,3.0401931880863486e-05,-7.0271823329637328e-05,-3.0203665154748829e-15,7.6566354335049961e-05,-3.5127896163833494e-05,1,0,0.020005499999999999,0,0,0,0,0,0,0,0.018797100000000001,390,0,0,1,0,0,0,0,0,0,0,0,1,20,nan,1,-0.00088130168956605348,0,0.0050168912354570981,-0.0033460827544331551,0.020005499999999999,-0.00010036541761093698,-0.0050168912354570981,-0.0471607,0,0,0
639155490476937199,nan,30.852719933406529,0.0027079499634469024,0.00045387729468304716,244,0,0,0,0,1.8316338273199446,1.0597631009484467,0.40875490094853872,1.8308596063820173,1.0623580142309683,0.40830102365385568,0.00032095484571824124,0.0026888623972866408,-0.00045387729468304716,0,0.010697328406440955,0.013334106692865411,0.00032080966971064233,0.00022515428855756991,0.00039193532353657139,-0.00039988585948702582,0.029989700000000001,8.2399365108898337e-18,-0.002463725433622698,0.00097912777258724049,-0.0022608077798051962,2.7475888424658578e-16,0.002463725433622698,5.3991435196021342e-05,1,0,0.029989700000000001,0,0,0,0,0,0,0,0.0089428000000000007,392,0,0,1,0,0,0,0,0,0,0,0,1,20,nan,1,0.0003208270350466123,0,0.0051438074878077692,0.0051428643055260181,0.029989700000000001,0.00015426124341710867,0.0051438074878077692,-0.050590599999999999,0,0,0
639155490477137324,nan,32.304399031466666,0.00067684775735766406,0.000369770514225709,241,0,0,0,0,1.8307999162369737,1.0624959901502824,0.40827901507847503,1.8310854632548466,1.0631096560098705,0.40864878559270074,0.00050572060744801699,0.00044985503647564963,0.000369770514225709,0,0.025270731192701634,0.017377236169646933,0.00050573050799394142,0.00060017776040074923,0.00078484182533518766,0.00034776193884505924,0.020012499999999999,-7.5568891422239659e-17,0.00015033385422415913,-5.9690145043589382e-05,0.00013797591931408171,-3.7760845182880531e-15,0.0001503338542241591,-2.200857538064982e-05,1,0,0.020012499999999999,0,0,0,0,0,0,0,0.0289553,392,0,0,1,0,0,0,0,0,0,0,0,1,20,nan,1,0.00050571163766186433,0,0.003142118373251217,-0.0031445224303752184,0.020012499999999999,-6.288164394468998e-05,-0.003142118373251217,-0.0305781,0,0,0
639155490477437165,nan,30.181535107046184,0.0011194879272764476,2.134037745260553e-05,240,0,0,0,0,1.8307282421972375,1.0639345979764252,0.40860422256759299,1.8317883278181155,1.0635747762209331,0.40858288219014038,0.00082984788737600914,-0.00075140249076995438,-2.134037745260553e-05,0,0.027675147887843862,0.0021979449961930559,0.00082981440178389913,0.00014752445095714175,0.0008428258450226692,-6.5903402560352209e-05,0.0299841,-7.6707303703349439e-17,0.00089896392151323336,-0.00035722105760904732,0.0008249419665546931,-2.558266004427328e-15,0.00089896392151323336,-4.4563025107746679e-05,1,0,0.0299841,0,0,0,0,0,0,0,0.018892900000000001,393,0,0,1,0,0,0,0,0,0,0,0,1,20,nan,1,0.00082980500847978835,0,0.004246348193852478,-0.0063670696690678596,0.0299841,-0.00012732292887929209,-0.004246348193852478,-0.034195000000000003,0,0,0
639155490477637835,nan,28.514273833489341,0.00098475004285734631,0.00024160153023383701,242,0,0,0,0,1.8317490863641721,1.0636654141410318,0.40854624433908787,1.8317855456280112,1.0626813392612651,0.40830464280885403,-0.00035749033321391888,-0.00091756923911285638,-0.00024160153023383701,0,-0.017816512221008184,0.013865519573745414,-0.00035752395073897122,-0.00081878810820055245,0.00089344129157020822,-0.00027823938128634923,0.020067000000000002,1.1767659329614544e-16,9.8768032618884672e-05,-3.9241453943406057e-05,9.0637920098668445e-05,5.8641846462423594e-15,9.8768032618884658e-05,-3.6637851052512265e-05,1,0,0.020067000000000002,0,0,0,0,0,0,0,0.018852000000000001,394,0,0,1,0,0,0,0,0,0,0,0,1,20,nan,1,-0.00035748109505392083,0,0.0052165034352942979,-0.0034898193553090096,0.020067000000000002,-0.00010467957443605069,-0.0052165034352942979,-0.047055100000000002,0,0,0
639155490477937714,nan,30.337803626296356,0.0028456593552164009,0.00037520303132804189,240,0,0,0,0,1.8322714349433449,1.0615581997696986,0.40825631622293623,1.831109863970894,1.0641559930720785,0.40788111319160819,-3.4757893737781325e-05,0.0028454470746709618,-0.00037520303132804189,0,-0.0011544784047797807,0.01412335032615967,-3.4620382954695587e-05,0.0016217123643221562,0.0016220818609155607,-0.00042352961724584359,0.029987900000000001,2.2930875948068419e-17,-0.0012237363867564309,0.00048588931533366519,-0.0011231394915665049,7.6467094888499756e-16,0.0012237363867564309,-4.8326585917801701e-05,1,0,0.029987900000000001,0,0,0,0,0,0,0,0.0086710999999999993,396,0,0,1,0,0,0,0,0,0,0,0,1,20,nan,1,-3.47323426176853e-05,0,0.0046043890957687926,-0.0069013480097055435,0.029987900000000001,-0.00013807595976500497,-0.0046043890957687926,-0.050410799999999999,0,0,0
639155490478137945,nan,30.73546286925664,0.0033319585778563529,0.0012917623795961619,239,0,0,0,0,1.8306803481344895,1.0651499795514023,0.40783488531400136,1.8297479275289779,1.0619511454233226,0.40912664769359752,-0.0021246753633776053,-0.0025666520147473774,0.0012917623795961619,0,-0.10611713530784472,0.062204878464839693,-0.0021247940119825054,-0.0014837366453273365,0.0025915678702368439,0.0012455345019893316,0.020023099999999999,2.1304572689340162e-17,0.0010828171474449341,-0.00042951583640449265,0.00099398647932380513,1.0639997147964183e-15,0.0010828171474449341,-4.6227877606830337e-05,1,0,0.020023099999999999,0,0,0,0,0,0,0,0.0087308000000000004,397,0,0,1,0,0,0,0,0,0,0,0,1,20,nan,1,-0.0021246960216405584,0,0.0065963637151803568,-0.0044032861478626728,0.020023099999999999,-0.00013207965030542779,-0.0065963637151803568,-0.0303877,0,0,0
639155490478437005,nan,32.509905550244973,0.0022982484293541418,0.00040191104154863044,237,0,0,0,0,1.8306279259734457,1.0599215971959339,0.40914343665729613,1.8308521094012691,1.0622088854667293,0.4087415256157475,0.00111561703470668,0.0020093144290780013,-0.00040191104154863044,0,0.037302992718599416,0.012877752887381119,0.0011155833002424341,-0.00020278421361646617,0.0011338639852609522,-0.00038512207785001973,0.029905999999999999,-9.4325589006238886e-18,-0.002212117372465182,0.00087999844446784437,-0.0020295482273886556,-3.1540690498976423e-16,0.0022121173724651815,1.6788963698610712e-05,1,0,0.029905999999999999,0,0,0,0,0,0,0,0.0187674,398,0,0,1,0,0,0,0,0,0,0,0,1,20,nan,1,0.0011155784362975668,0,0.0016039747111093185,0.0049981069751083851,0.029905999999999999,4.7968467710435281e-05,0.0016039747111093185,-0.034070700000000002,0,0,0
639155490478637945,nan,28.015497525001248,0.00070036779130734617,0.00015454068181891548,241,0,0,0,0,1.8309061485949216,1.0620841227672795,0.4087133087626636,1.8312273658391995,1.0627064848203316,0.40855876808084468,0.00054210422306774511,0.00044343889594040671,-0.00015454068181891548,0,0.026979035299202144,0.0090951296358525967,0.00054211673530216793,0.00030746049537945074,0.00062323551801358209,-0.00018275753490282209,0.020094000000000001,5.5260429478870554e-17,-0.00013596310390920856,5.4039193652544171e-05,-0.00012476269944983187,2.750096022637133e-15,0.00013596310390920859,-2.8216853083906646e-05,1,0,0.020094000000000001,0,0,0,0,0,0,0,0.018878599999999999,399,0,0,1,0,0,0,0,0,0,0,0,1,20,nan,1,0.00054210434119369522,0,0.0040121220384152318,-0.0040315031073987484,0.020094000000000001,-8.0619580239915667e-05,-0.0040121220384152318,-0.046972800000000002,0,0,0
639155490478937136,nan,28.320853829539345,0.00044446006472326205,0.00015340857340928604,240,0,0,0,0,1.8310454310029673,1.0631267364720018,0.40851304406601996,1.8306786757523776,1.062875668084309,0.40866645263942925,-0.0004363115906610203,-8.4716851857564638e-05,0.00015340857340928604,0,-0.014583174754571143,0.0035991911048315044,-0.00043631546379948948,0.00037324603713383597,0.0005741809716340977,0.00010768455858456427,0.029919100000000001,2.4557179206796675e-17,0.00045794293898520987,-0.00018193483623218931,0.00042025165167025591,8.2078602654480501e-16,0.00045794293898520987,-4.572401482472177e-05,1,0,0.029919100000000001,0,0,0,0,0,0,0,0.0087907999999999997,401,0,0,1,0,0,0,0,0,0,0,0,1,20,nan,1,-0.00043633984330770773,0,0.0043664429196165772,-0.0065329493954777718,0.029919100000000001,-0.00013064004235630033,-0.0043664429196165772,-0.050477399999999999,0,0,0
639155490479137052,nan,31.225461676798183,0.0021227543092969497,1.605971064871925e-05,239,0,0,0,0,1.8305795557269053,1.0631045580266512,0.40862161763305899,1.8322549929316858,1.0618011026072078,0.40863767734370771,0.0010195761919820946,-0.0018618674083784969,1.605971064871925e-05,0,0.050996054048713137,0.0014393693211918631,0.0010194927141202537,-0.0016124829984267884,0.0019077386651110595,-2.8775295721539251e-05,0.019991600000000002,1.0936889414947526e-17,0.00024943012078541338,-9.9120025472299034e-05,0.00022888994234215865,5.4707424192898644e-16,0.00024943012078541338,-4.4835006370258501e-05,1,0,0.019991600000000002,0,0,0,0,0,0,0,0.0086616999999999996,402,0,0,1,0,0,0,0,0,0,0,0,1,20,nan,1,0.001019595991579721,0,0.0064076921407388143,-0.0042706127278506756,0.019991600000000002,-0.00012810001820079409,-0.0064076921407388143,-0.0304858,0,0,0
639155490479438175,nan,29.001073413029662,0.0032509492744433035,0.00044332344032066429,244,0,0,0,0,1.8332200817109183,1.0595723244548076,0.40858991287583019,1.8318182605006073,1.0625055084721045,0.40814658943550952,-0.00012102597466443865,0.003248695722664707,-0.00044332344032066429,0,-0.0040140009997252403,0.016308548606323147,-0.00012087080230402636,0.0008199470031696681,0.00082880808324758677,-0.00049108790819818449,0.030112300000000002,-7.4701529684251256e-17,-0.0024287544965304565,0.00096508877923251468,-0.0022287781524001904,-2.4807646604295005e-15,0.0024287544965304565,-4.7764467877520194e-05,1,0,0.030112300000000002,0,0,0,0,0,0,0,0.0187808,403,0,0,1,0,0,0,0,0,0,0,0,1,20,nan,1,-0.00012092675106872971,0,0.0045320320341401005,-0.0068243825808167458,0.030112300000000002,-0.00013646990822163696,-0.0045320320341401005,-0.033935699999999999,0,0,0
639155490479636877,nan,29.700824158711246,0.0017107905324666678,0.00011599910653092849,241,0,0,0,0,1.8316035252346676,1.0630020872017922,0.40810604551554142,1.830005470894305,1.0636128462141905,0.40822204462207234,-0.0012244198058268378,0.0011948223236433746,0.00011599910653092849,0,-0.061618471985179023,0.0037974044832373502,-0.0012243713620399043,0.0017358910678905806,0.0021242417545481377,7.5455186562822796e-05,0.019870200000000001,-7.5352050987742558e-17,0.000541019102450635,-0.00021473526593962511,0.00049657872968777994,-3.7922140183663253e-15,0.00054101910245063511,-4.0543919968105691e-05,1,0,0.019870200000000001,0,0,0,0,0,0,0,0.0187136,404,0,0,1,0,0,0,0,0,0,0,0,1,20,nan,1,-0.0012244719025983264,0,0.0058298241254547689,-0.0038617891259491444,0.019870200000000001,-0.00011583977133761136,-0.0058298241254547689,-0.047572999999999997,0,0,0
639155490479938080,nan,30.038207222564242,0.0032091234086924114,0.00043156996526888536,239,0,0,0,0,1.8289608248060476,1.0660281067000077,0.40817801407863075,1.8311049522251339,1.0636403900788527,0.40860958404389963,0.0010202031227072911,-0.0030426400774057872,0.00043156996526888536,0,0.033866500420722159,0.012866386517640518,0.0010200691526222776,-0.00041118947602092088,0.0010998262868843838,0.00038753942182728768,0.030120299999999999,-2.3310346708438345e-17,0.0026314955185333991,-0.0010446460882573838,0.0024152604858171944,-7.7390818512559121e-16,0.0026314955185333991,-4.4030543441597736e-05,1,0,0.030120299999999999,0,0,0,0,0,0,0,0.0138806,406,0,0,1,0,0,0,0,0,0,0,0,1,20,nan,1,0.0010200950147415716,0,0.0041766367762120877,-0.0062908325344324112,0.030120299999999999,-0.00012580155269054094,-0.0041766367762120877,-0.050566899999999998,0,0,0
639155490480138115,nan,30.628070397107734,0.00060894641190421849,0.00019216509127373274,239,0,0,0,0,1.8312135601350816,1.0633895514071583,0.40855554094341506,1.8313588687481659,1.0627981960659847,0.40836337585214133,-0.00010158703459201256,-0.00060041303031648419,-0.00019216509127373274,0,-0.0050800851163722259,0.012308255643177515,-0.00010161948262535182,-0.00087374929855783638,0.0008796387644819636,-0.00024620819175830144,0.0200035,2.4177708446426749e-17,-0.00027334175919646814,0.00010860790994771108,-0.00025083867169439777,1.2086739043880694e-15,0.00027334175919646819,-5.4043100484568722e-05,1,0,0.0200035,0,0,0,0,0,0,0,0.0087519,407,0,0,1,0,0,0,0,0,0,0,0,1,20,nan,1,-0.00010155202500665138,0,0.0077190920852556102,-0.0051475968211889267,0.0200035,-0.0001544088585274106,-0.0077190920852556102,-0.030563400000000001,0,0,0
639155490480438490,nan,30.662324432834829,0.0034627414926635515,0.00058243689840575819,238,0,0,0,0,1.8318799020563499,1.0615940148605936,0.4083643190886137,1.8302268432241184,1.0646367069485636,0.40778188219020794,-0.0003088510045074289,0.003448940373800126,-0.00058243689840575819,0,-0.010282289061132762,0.019358923410183457,-0.00030885425767377534,0.0021368699305228641,0.0021590748140015918,-0.00058149366193338558,0.030037500000000002,-1.3211003471735872e-16,-0.0013120701519561955,0.00052103330818398241,-0.0012041812053911194,-4.3981701112728659e-15,0.0013120701519561955,9.4323647237271047e-07,1,0,0.030037500000000002,0,0,0,0,0,0,0,0.018810799999999999,408,0,0,1,0,0,0,0,0,0,0,0,1,20,nan,1,-0.00030885137828255888,0,8.9719895120826527e-05,-0.006452514324337244,0.030037500000000002,2.6949613496918268e-06,8.9719895120826527e-05,-0.033821400000000001,0,0,0
639155490480637950,nan,32.344534707946941,0.0032598131998989354,0.00051200611209978319,242,0,0,0,0,1.829664167920499,1.0659392062970239,0.40773125937376181,1.8317340865657754,1.0634209094717524,0.4082432654858616,0.00090165833384013875,-0.0031326337716451888,0.00051200611209978319,0,0.045197019449537683,0.023131620157106694,0.00090149974994047858,-0.0017138390229094035,0.0019364777291747521,0.00046138329565365011,0.019945999999999998,1.3227266504323154e-17,0.0014188403892061443,-0.00056267530361941986,0.0013024993484602732,6.6315384058573922e-16,0.0014188403892061441,-5.062281644613309e-05,1,0,0.019945999999999998,0,0,0,0,0,0,0,0.018681300000000001,409,0,0,1,0,0,0,0,0,0,0,0,1,20,nan,1,0.00090162368952336966,0,0.0072514097271473843,-0.0048217992298305035,0.019945999999999998,-0.00014463661841768172,-0.0072514097271473843,-0.0474797,0,0,0
639155490480938250,nan,30.144922859688212,0.0023548162851554219,0.00011531323169883256,244,0,0,0,0,1.8327587063584434,1.0610520884895884,0.40819446362139411,1.8309512268799082,1.0625614518227549,0.40830977685309294,-0.001059829236061302,0.0021028365907085835,0.00011531323169883256,0,-0.035288931483614082,0.002214830743634624,-0.001059726612452931,-0.00047803372792672388,0.0011625561225921464,6.6511367231347762e-05,0.030030000000000001,5.8546917314217239e-17,-0.0025809220377739426,0.0010246197926679912,-0.002368820982163955,1.94961429617773e-15,0.0025809220377739431,-4.8801864467484801e-05,1,0,0.030030000000000001,0,0,0,0,0,0,0,0.0088734999999999994,411,0,0,1,0,0,0,0,0,0,0,0,1,20,nan,1,-0.0010596932828244379,0,0.0046431534624998003,-0.0069690118543803692,0.030030000000000001,-0.000139433898478869,-0.0046431534624998003,-0.050259600000000001,0,0,0
639155490481137909,nan,31.069086842543495,0.00052263910822402543,0.00036782234161514271,243,0,0,0,0,1.8310774046035134,1.0622697944774786,0.40826045906680736,1.8305558778791284,1.0622357134974829,0.4086282814084225,-0.00049219452418626964,0.00017577311457175763,0.00036782234161514271,0,-0.024651323248475444,0.015952426653922804,-0.00049218585484673595,-0.00014198370771784514,0.00051225607753204718,0.00031850455532955735,0.019965900000000002,6.9456701674852628e-17,-0.0003177810960201861,0.00012617772360523638,-0.00029165734527625276,3.4787663804212491e-15,0.0003177810960201861,-4.9317786285585363e-05,1,0,0.019965900000000002,0,0,0,0,0,0,0,0.028839400000000001,411,0,0,1,0,0,0,0,0,0,0,0,1,20,nan,1,-0.0004921758503078354,0,0.0070574309605741887,-0.0046974644064903259,0.019965900000000002,-0.00014090796081572821,-0.0070574309605741887,-0.0302937,0,0,0
639155490481438083,nan,30.270775792368095,0.0028190855859240183,0.00068025186652742597,239,0,0,0,0,1.8306406039622591,1.0620400418525302,0.40858393401817267,1.8313934533176779,1.0647567423124282,0.40790368215164524,0.0017702509504941258,0.0021939587765131803,-0.00068025186652742597,0,0.058977401277237905,0.024139307760740723,0.0017703482450993611,0.0019806529206601283,0.002656523837846347,-0.00072459925677725856,0.0300174,-1.8553409676658195e-17,-0.00021322734768591632,8.4726083130703955e-05,-0.00019567164495271072,-6.1808849789316179e-16,0.00021322734768591632,-4.4347390249832586e-05,1,0,0.0300174,0,0,0,0,0,0,0,0.018751199999999999,412,0,0,1,0,0,0,0,0,0,0,0,1,20,nan,1,0.0017702227604209156,0,0.004221112730790409,-0.0063361017964780331,0.0300174,-0.00012670682928522803,-0.004221112730790409,-0.033815199999999997,0,0,0
639155490481638269,nan,29.378653265033858,0.0041484323277035575,0.00095082658981088253,241,0,0,0,0,1.8308691328426765,1.0659700506884082,0.40785465957046807,1.8321113006359047,1.0620119564562047,0.40880548616027895,-0.00042966439350674841,-0.0041261215792179999,0.00095082658981088253,0,-0.021473363078364539,0.045048305507563502,-0.00042986666612054836,-0.0028043481984533218,0.002837103129745196,0.0009018040086337108,0.020018600000000001,-1.0440866921035408e-16,0.001321752312549101,-0.00052432047500139412,0.0012133083759799934,-5.2155829683571314e-15,0.001321752312549101,-4.902258117717162e-05,1,0,0.020018600000000001,0,0,0,0,0,0,0,0.018942400000000002,413,0,0,1,0,0,0,0,0,0,0,0,1,20,nan,1,-0.00042967027022769617,0,0.0069967189338541198,-0.0046693775802850723,0.020018600000000001,-0.0001400645176492521,-0.0069967189338541198,-0.0473873,0,0,0
639155490481937777,nan,30.694940632792676,0.0026318063749914667,0.00039003453787805897,243,0,0,0,0,1.8337789255014352,1.0581625115672888,0.40876349983689442,1.8326085245385906,1.0605197485900801,0.40837346529901636,-0.00013703234726425515,0.0026282364679094182,-0.00039003453787805897,0,-0.0045715639367629795,0.014424351311570783,-0.00013692199715720064,-0.0015668976647569498,0.0015728686929067852,-0.0004320208612625942,0.0299508,3.0574501264091225e-17,-0.0041951398838342173,0.0016676248655305148,-0.0038494448889159205,1.0208241938142296e-15,0.0041951398838342173,-4.1986323384535229e-05,1,0,0.0299508,0,0,0,0,0,0,0,0.0087662999999999994,415,0,0,1,0,0,0,0,0,0,0,0,1,20,nan,1,-0.00013682801366515334,0,0.0040052661016176661,-0.0059987660497426987,0.0299508,-0.0001199609239563304,-0.0040052661016176661,-0.050436099999999998,0,0,0
639155490482137609,nan,30.115537015089309,0.004520109242574631,0.0002325303486737651,238,0,0,0,0,1.8330237004560375,1.0595602452554438,0.40838131557020402,1.8301093820938916,1.0630154060402508,0.40814878522153025,-0.001302530706906907,0.0043283716710066844,-0.0002325303486737651,0,-0.065182987997823516,0.011243448370936875,-0.001302564685758107,0.0032828865814864949,0.003531857736020549,-0.00022468007748610574,0.0199832,8.2833045977892539e-17,-0.0010454748641675383,0.00041517591744688609,-0.00095950333463634685,4.1451342116323982e-15,0.0010454748641675383,7.8502711876593523e-06,1,0,0.0199832,0,0,0,0,0,0,0,0.0086698000000000001,416,0,0,1,0,0,0,0,0,0,0,0,1,20,nan,1,-0.0013025278691762782,0,0.0011224101370299396,0.0011216019047424197,0.0199832,2.2429346250296689e-05,0.0011224101370299396,-0.030452900000000001,0,0,0
639155490482438027,nan,29.526847697717436,0.0042323406236244362,0.00097667920368466055,237,0,0,0,0,1.8281506680122499,1.0675449363144556,0.40809665269734879,1.8297016744620151,1.0636070325386926,0.40907333190103345,-0.00013917386569320617,-0.0042300517478501007,0.00097667920368466055,0,-0.0046400145390426157,0.030775342339779972,-0.00013939438877901046,0.00070485220516485164,0.00071850360246057774,0.00092454667950320202,0.0300418,6.0715321659188248e-18,0.0049348966917818196,-0.0019587140816417214,0.0045295302742047738,2.0210280895015695e-16,0.0049348966917818196,-5.2132524181458528e-05,1,0,0.0300418,0,0,0,0,0,0,0,0.0189006,417,0,0,1,0,0,0,0,0,0,0,0,1,20,nan,1,-0.00013944688228471316,0,0.0049580940253300086,0.0032307230867445469,0.0300418,-0.00014895006909015907,-0.0049580940253300086,-0.0338988,0,0,0
639155490482637527,nan,30.47276479333674,0.0015416013797561478,0.00078450713969679953,241,0,0,0,0,1.8295154595059659,1.0640365644901295,0.40903720588244014,1.8308834059019665,1.0633257498365558,0.40825269874274334,0.00097238695956277667,-0.0011962434597264544,-0.00078450713969679953,0,0.048739034757634192,0.041134494149880615,0.00097234374341480202,-0.00072811867118829335,0.0012147465392792509,-0.00082063315829011829,0.019949999999999999,9.9475549325545032e-18,0.00046815991622693222,-0.00018621495604920213,0.00042953195143691225,4.986243073962157e-16,0.00046815991622693227,-3.6126018593318765e-05,1,0,0.019949999999999999,0,0,0,0,0,0,0,0.018887999999999999,418,0,0,1,0,0,0,0,0,0,0,0,1,20,nan,1,0.00097238131930368291,0,0.0051737942847590217,-0.0051613501273095608,0.019949999999999999,-0.00010321719598094248,-0.0051737942847590217,-0.047718099999999999,0.083999998867511749,-0.091200001537799835,0.0016757999774068594
639155490482937708,nan,29.454213694656364,0.00019007050845909137,5.3462489129074691e-05,238,0,0,0,0,1.8313178795576182,1.0623213151429549,0.40820912165286,1.8311285041266174,1.0623375553498251,0.40826258414198907,-0.00016736824638775627,9.0081453623844441e-05,5.3462489129074691e-05,0,-0.0055754468384459103,0.00032931462170273398,-0.00016736432074115318,-0.0010042861482042103,0.001018136279351638,9.8853992457348383e-06,0.030018099999999999,8.9934570207672593e-17,-0.0010943748951636383,0.00043447365565163487,-0.0010044346936008974,2.9960114133696869e-15,0.0010943748951636383,-4.3577089883339859e-05,1,0,0.030018099999999999,0,0,0,0,0,0,0,0.0088614999999999996,420,0,0,1,0,0,0,0,0,0,0,0,1,20,nan,1,-0.00016730180060581896,0,0.0041476965929012084,-0.006225890014320612,0.030018099999999999,-0.00012450597109536776,-0.0041476965929012084,-0.0838676,0.083999998867511749,-0.091200001537799835,0.0025215203660048542
639155490483137751,nan,31.388490379974495,0.00083622656805822711,0.00035044475140777465,243,0,0,0,0,1.8313942118432864,1.0617232976032462,0.40820464522687377,1.8322187746568854,1.0615841177212368,0.40855508997828155,0.00070156345906925179,-0.0004550643756934035,0.00035044475140777465,0,0.035069314695111299,0.014622148052792558,0.00070153709195541498,-0.0011243681772241279,0.0013252766086155631,0.00029250583629247817,0.020004299999999999,-7.0662876591742751e-17,-0.00066926315446885114,0.00026570771666900583,-0.00061425774657886123,-3.5323843669482439e-15,0.00066926315446885103,-5.7938915115296474e-05,1,0,0.020004299999999999,0,0,0,0,0,0,0,0.0288658,420,0,0,1,0,0,0,0,0,0,0,0,1,20,nan,1,0.00070163015336992859,0,0.0082752087037353417,-0.0055185253731906414,0.020004299999999999,-0.0001655397574721329,-0.0082752087037353417,-0.063863299999999998,0.083999998867511749,-0.091200001537799835,0.0016803611773453652
639155490483437531,nan,32.460701814144265,0.0030906509443696904,0.00018578003810387766,238,0,0,0,0,1.8328883013315782,1.0600375610788064,0.40851435978484596,1.8315505156030256,1.0628236789163026,0.40832857974674208,-0.00012092680035956523,0.0030882843082993602,-0.00018578003810387766,0,-0.0040296555421344095,0.0075558820314719916,-0.00012080101384210533,0.0014030285935907141,0.0014082194855129712,-0.00022651023153946737,0.029978000000000001,-7.2207864687534595e-17,-0.0016852606375189622,0.00066952667469277749,-0.0015465566424304189,-2.4086951993973777e-15,0.0016852606375189622,-4.0730193435589708e-05,1,0,0.029978000000000001,0,0,0,0,0,0,0,0.019052900000000001,421,0,0,1,0,0,0,0,0,0,0,0,1,20,nan,1,-0.00012088265024615629,0,0.0038819127775213181,-0.0058191809803247452,0.029978000000000001,-0.00011637198124453407,-0.0038819127775213181,-0.0338853,0.083999998867511749,-0.091200001537799835,0.0025181519660502673
639155490483637527,nan,31.548051466134194,0.0013584398513727689,0.000133767845690691,246,0,0,0,0,1.8311788518570891,1.0636827280858097,0.40816991612430276,1.8298215981277042,1.0637394832077678,0.40830368396999345,-0.0012232258480763519,0.00059082768587428276,0.000133767845690691,0,-0.061157827647502896,0.0012448137337064062,-0.0012231320898189988,0.0015270235844914038,0.0019564900042519941,-2.4895776748634638e-05,0.019999599999999999,3.5670251474773096e-17,0.00093600182461060929,-0.00037166374593655682,0.00085904916950707566,1.7835482447035491e-15,0.0009360018246106094,-0.00015866362243932564,1,0,0.019999599999999999,0,0,0,0,0,0,0,0.0189695,422,0,0,1,0,0,0,0,0,0,0,0,1,20,nan,1,-0.0012234781771012877,0,0.02266668511074596,-0.015112130902707577,0.019999599999999999,-0.00045332463554087488,-0.02266668511074596,-0.0471069,0.083999998867511749,-0.091200001537799835,0.001679966377350688
639155490483937895,nan,30.067202638826142,0.0033079659726741768,0.00033694037202541827,241,0,0,0,0,1.8289110184571682,1.0658443055342839,0.40825896599079825,1.8299494964503094,1.0627035727640324,0.40859590636282367,-0.00029377951143524179,-0.0032948949110754781,0.00033694037202541827,0,-0.0097855581214901823,0.0097288124177749118,-0.00029392685218357627,-0.0010015365364931866,0.0010437760432033846,0.00029222239283022144,0.030036799999999999,-3.4802889736784692e-17,0.002293345234061819,-0.00091057967053598254,0.0021048223265160981,-1.1586750165392018e-15,0.002293345234061819,-4.4717979195196822e-05,1,0,0.030036799999999999,0,0,0,0,0,0,0,0.0088242000000000008,424,0,0,1,0,0,0,0,0,0,0,0,1,20,nan,1,-0.00029386287059814234,0,0.0042536373662830319,-0.0042592668905854225,0.030036799999999999,-0.00012776565484357016,-0.0042536373662830319,-0.0508341,0.12599998712539673,-0.2223999947309494,0.0037846364132881165
639155490484237409,nan,31.054678569499707,0.0024834634375801019,0.00095794616100380869,236,0,0,0,0,1.8303462627230958,1.0617871748852188,0.40855454074393199,1.8311700279995247,1.0641300366854851,0.40759659458292818,0.0016867458837041599,0.0018227668445536993,-0.00095794616100380869,0,0.056318612223126306,0.033364443060941544,0.0016868212821397452,0.00082409377133713818,0.0018773642645571586,-0.00099931177989548447,0.0299514,9.4217168788990335e-17,-0.00099860329836970723,0.00039676627278639742,-0.00091639787881359069,3.1456682755727726e-15,0.00099860329836970723,-4.136561889167556e-05,1,0,0.0299514,0,0,0,0,0,0,0,0.018807899999999999,425,0,0,1,0,0,0,0,0,0,0,0,1,20,nan,1,0.0016867725804104155,0,0.0039459752314580879,-0.0059099355712532997,0.0299514,-0.00011818748254749378,-0.0039459752314580879,-0.053902699999999998,0.12599998712539673,-0.2223999947309494,0.0037738760143876077
639155490484437655,nan,31.980385577503341,0.0020452674276314081,0.00041986935650195623,239,0,0,0,0,1.8309511769881817,1.0646368981719818,0.40752449895395837,1.832051543680721,1.0629128587314585,0.40794436831046033,0.00032694995209499756,-0.0020189657202030636,0.00041986935650195623,0,0.016320145852693729,0.017367324567389177,0.00032680439264185082,-0.0014668984139719781,0.0015028612936540463,0.00034777372753214131,0.0200246,-9.9394234162608619e-17,0.00055209087264643372,-0.000218851011343002,0.00050686148649670137,-4.9636064721696626e-15,0.00055209087264643361,-7.2095628969814918e-05,1,0,0.0200246,0,0,0,0,0,0,0,0.038832499999999999,425,0,0,1,0,0,0,0,0,0,0,0,1,20,nan,1,0.0003269554722851032,0,0.010286722897959856,-0.010300354100763798,0.0200246,-0.00020598751134248694,-0.010286722897959856,-0.033878100000000001,0.12599998712539673,-0.2223999947309494,0.0025230993421912194
639155490484637397,nan,29.660108771395912,0.00098367006137338496,9.2406571999992249e-05,241,0,0,0,0,1.8326320765709889,1.0615696216104678,0.40787741820409473,1.8319544275792383,1.0622826423911058,0.40796982477609472,-0.00033922986318465404,0.00092332545159658609,9.2406571999992249e-05,0,-0.016980306880234591,0.001274467344594486,-0.00033916804568718178,-0.00053997148961720028,0.00063765521468477028,2.5456465634399184e-05,0.019974200000000001,5.616167253474913e-17,-0.0014633196506198733,0.00058053289026793742,-0.0013432371209907146,2.8117107335837793e-15,0.0014633196506198735,-6.6950106365593065e-05,1,0,0.019974200000000001,0,0,0,0,0,0,0,0.018881100000000001,426,0,0,1,0,0,0,0,0,0,0,0,1,20,nan,1,-0.0003391163996378844,0,0.0095766547940603266,-0.0063767745159566402,0.019974200000000001,-0.00019128601818751978,-0.0095766547940603266,-0.047333600000000003,0.12599998712539673,-0.2223999947309494,0.0025167489428400995
639155490484937747,nan,30.998066094232755,0.0010440729219367592,0.00037691110753695911,247,0,0,0,0,1.8322765606645679,1.061537342891353,0.40763382696365524,1.8321402733939305,1.0625724825177725,0.4080107380711922,0.00028524874898152328,0.0010043512421090731,0.00037691110753695911,0,0.0095084465687987254,0.0013621872847503834,0.0002855861926938697,0.00019231872609645051,0.00034430504768989613,4.0913295097477764e-05,0.030034999999999999,-6.1962154157546578e-17,-0.00081193661636588701,0.00032213308532957896,-0.00074529949975277177,-2.0629983072264551e-15,0.00081193661636588701,-0.00033599781243948135,1,0,0.030034999999999999,0,0,0,0,0,0,0,0.0090179000000000006,428,0,0,1,0,0,0,0,0,0,0,0,1,20,nan,1,0.00028549384741080044,0,0.03196250207515023,-0.048003047704696655,0.030034999999999999,-0.00095999374982713714,-0.03196250207515023,-0.083994200000000005,0.23800000548362732,-0.3296000063419342,0.0071483301647007466
639155490485138673,nan,29.858477125512753,0.0016483799516553506,0.0012831760216548416,237,0,0,0,0,1.8320892278305627,1.0626905702306164,0.40732067705343855,1.8308267504679827,1.0616307082707404,0.40860385307509339,-0.0015790534406094777,-0.00047301870652085892,0.0012831760216548416,0,-0.078605032519112467,0.029519076869155312,-0.0015793794763935191,-0.00034328075814157974,0.0016162553045120454,0.00059311500390118999,0.020092599999999999,-4.9859747407177135e-17,0.00012864819261942855,-5.1045563367768665e-05,0.00011808771284393949,-2.4814980344593102e-15,0.00012864819261942858,-0.00069006101775365147,1,0,0.020092599999999999,0,0,0,0,0,0,0,0.029110500000000001,428,0,0,1,0,0,0,0,0,0,0,0,1,20,nan,1,-0.0015790403023538623,0,0.098125822833667234,-0.065724916756153107,0.020092599999999999,-0.0019716029078677422,-0.098125822833667234,-0.063901600000000003,0.23800000548362732,-0.3296000063419342,0.0047820389101803302
639155490485437597,nan,30.858143912693148,0.0029133516797563816,0.00033519324688197072,243,0,0,0,0,1.8310291162217915,1.0611633209988884,0.40883197090628248,1.8308040754641111,1.0640679680802603,0.40849677765940051,0.00094821290479236802,0.0027547250855801475,-0.00033519324688197072,0,0.031699846054994964,0.0035820280637513563,0.00094758447821433143,0.0022456253453211937,0.0024373652854879301,-0.00010707541569288104,0.0298924,-1.1302807648161384e-17,-0.00050931597285358413,0.00020236575380883082,-0.00046738727185191564,-3.7811643254343524e-16,0.00050931597285358413,0.00022811783118908968,1,0,0.0298924,0,0,0,0,0,0,0,0.018891600000000001,429,0,0,1,0,0,0,0,0,0,0,0,1,20,nan,1,0.00094831623814694405,0,0.021803710373501605,0.032590705901384354,0.0298924,0.00065176523196885938,0.021803710373501605,-0.067269999999999996,0.23800000548362732,-0.3296000063419342,0.0071143913639187808
639155490485637482,nan,29.349901764308466,0.0030768246204736474,0.00063851232079947806,240,0,0,0,0,1.8302075642057332,1.0654460849734713,0.40813173514357498,1.8311984528598741,1.0625331844567616,0.40877024746437446,-0.00024661530466671844,-0.0030669252740581966,0.00063851232079947806,0,-0.012393868790962452,0.013681357028989019,-0.00024773484632815296,-0.0015651586971177668,0.0015846432725533587,0.00027346980497394702,0.019988499999999999,1.0289078616887437e-16,0.0015016763475280191,-0.00059651125837789643,0.00137811689321099,5.1474991204379703e-15,0.0015016763475280193,-0.00036504251582553104,1,0,0.019988499999999999,0,0,0,0,0,0,0,0.0189333,430,0,0,1,0,0,0,0,0,0,0,0,1,20,nan,1,-0.00024691859915289261,0,0.052178933719109984,-0.034768387675285339,0.019988499999999999,-0.0010429786166444299,-0.052178933719109984,-0.047281499999999997,0.23800000548362732,-0.3296000063419342,0.0047572631096094841
639155490485937532,nan,11.94530179331829,0.0021270796853808728,0.00023136762610626024,237,0,0,0,0,1.8361381876613432,1.0621126063530326,0.40944097852648792,1.8343792316122389,1.0633086588624483,0.40920961090038166,-0.0011374225091019151,0.0017974253875330389,-0.00023136762610626024,0.15064372210637894,0.10754713889626469,0.01464300736567908,0.003226951902582422,-0.0005527164225803871,0.0032739447193516221,0.00043936343600720079,0.030005,0.0043655797447812927,-0.0023493785012500337,0.0049397348014690312,-0.00042057810372897464,0.14549507564676864,0.0049576068672475991,0.00067073106211346112,1,0.0045200648818019004,0.030005,0.0030154655141476634,2.1684043449710089e-19,0.0030154655141476638,0,0.10049876734369816,0.0030154655141476634,0,0.0089622999999999994,432,0,0,1,1,1,1,1,1,3,0.59160046134808431,4.7328036907846744,0.61545970012374518,20,0.0045200648818019004,1,0.0012921946886832352,0.0045200648818019004,0.063868504022036796,0.063883833587169647,0.030005,0.0019163744631812141,0.063868504022036796,-0.050856800000000001,0.37800002098083496,-0.52319997549057007,0.011341890629529953
639155490486236753,nan,3.7050110691053124,0.0026393028025563773,0.001579590911446771,243,0,0,0,0,1.838734514884194,1.064595175067186,0.40875883318612521,1.8376856114944689,1.0670171001202389,0.40717924227467844,1.5496390190765808e-07,0.0026393027980071053,-0.001579590911446771,0.15064372210637894,0.15068866222516811,0.067855151399908969,0.0045089212199677028,0.0020866992884033559,0.0049683683929533764,-0.0020303686257032161,0.0299221,0.0045075765172393157,-0.00055260317159559649,0.0043552832719551127,0.0012865162047377421,0.15064372210638008,0.0045413231908800365,-0.00045077771425644508,1,0.004507576517239281,0.0299221,0,0,0,0,0,0,0,0.0388844,432,0,0,1,1,1,1,1,2,3,1,8,0.34999999999999998,20,0.004507576517239281,1,-0.0025375842901268733,0.004507576517239281,0.043042979150766041,-0.064400680363178253,0.0299221,-0.0012879363264471366,-0.043042979150766041,-0.020934700000000001,0.37800002098083496,-0.52319997549057007,0.011310554427790642
639155490486436583,nan,32.712077956216291,0.006394237451852745,0.0016070520355229156,238,0,0,0,0,1.8371313091340269,1.0683023444783939,0.40703124765115456,1.8317909780498689,1.0647856505050359,0.40863829968667748,-0.0062962327853547592,-0.0011152243286891368,0.0016070520355229156,0,-0.31508771273620573,0.073014933293250844,-0.0062963977636075995,0.00028538751518391615,0.0063028621142609195,0.0014590574119990316,0.019983000000000001,-1.0516761073109393e-16,0.0013996800230627177,-0.00055430236044196057,0.0012852443581550244,-5.2628539624227559e-15,0.0013996800230627177,-0.00014799462352388382,1,0,0.019983000000000001,0,0,0,0,0,0,0,0.018807299999999999,433,0,0,1,0,0,0,0,0,0,0,0,1,20,nan,1,-0.0062964579597691289,0,0.021160075138717177,-0.021143674850463867,0.019983000000000001,-0.00042284178149698537,-0.021160075138717177,-0.034100499999999999,0.37800002098083496,-0.52319997549057007,0.0075535744192600255
639155490486636624,nan,31.075519706472065,0.00084604569233481417,9.0252149935743375e-06,231,0,0,0,0,1.8316738024908912,1.0650562555371745,0.40802764605253639,1.8323159912683835,1.0645054498658337,0.40801862083754281,0.00037090893512827205,-0.00076040770338043414,-9.0252149935743375e-06,0,0.018518429735610673,0.030977592050362868,0.00037044452027412949,-0.00046574900453276859,0.00059510610635784514,-0.00061967884913466387,0.0200041,6.8765522789893119e-17,0.00029488505394556172,-0.00011717555897772236,0.00027060503213860443,3.437571437349999e-15,0.00029488505394556172,-0.00061065363414108953,1,0,0.0200041,0,0,0,0,0,0,0,0.0187937,434,0,0,1,0,0,0,0,0,0,0,0,1,20,nan,1,0.00037085068115437259,0,0.087218353686214653,-0.058161754161119461,0.0200041,-0.0017447246689744067,-0.087218353686214653,-0.047427299999999999,0.37800002098083496,-0.52319997549057007,0.0075615502197027206
639155490486936590,nan,31.863707585574918,0.0018592728489213676,0.00028631850249116747,239,0,0,0,0,1.8325929741903457,1.0638646973754795,0.40748457223456364,1.8310319667856503,1.0648747228252688,0.4077708907370548,-0.0010329188293407678,0.0015459541450927568,0.00028631850249116747,0,-0.034407001707866154,0.0082586059916126605,-0.001032093067430178,0.00084844875566582887,0.0013360693809934899,-0.00024773010048800836,0.029996600000000002,7.1448923166794742e-17,-0.00069805679779933621,0.00027698292196220997,-0.00064075249035422388,2.3819007209748686e-15,0.00069805679779933621,-0.00053404860297917578,1,0,0.029996600000000002,0,0,0,0,0,0,0,0.0088237000000000003,436,0,0,1,0,0,0,0,0,0,0,0,1,20,nan,1,-0.0010327400711027254,0,0.050867536699796156,-0.076297998428344727,0.029996600000000002,-0.0015258531513691054,-0.050867536699796156,-0.050819799999999998,0.43399998545646667,-0.65600001811981201,0.013018523963743448
639155490487136726,nan,31.303477767334112,0.0038819337351864531,0.00076373650640604307,241,0,0,0,0,1.8308075469944853,1.0653942328434574,0.40656353410112855,1.8346816646009083,1.0656404487974127,0.40579979759472251,0.0036556871422341367,-0.0013058947287138648,-0.00076373650640604307,0,0.18258123463469825,0.098487685490481078,0.0036541077974849966,-0.00074439681049443093,0.0037291594772971203,-0.0019710931423322919,0.020013599999999999,-5.0252770694703131e-17,0.00056591068346934338,-0.00022441979116494259,0.00051951001818850706,-2.510931101586078e-15,0.00056591068346934338,-0.0012073566359262489,1,0,0.020013599999999999,0,0,0,0,0,0,0,0.0089022000000000007,437,0,0,1,0,0,0,0,0,0,0,0,1,20,nan,1,0.003655386293554675,0,0.17236231304516048,-0.11499477922916412,0.020013599999999999,-0.0034495903883606238,-0.17236231304516048,-0.030806199999999999,0.43399998545646667,-0.65600001811981201,0.0086859021089315414
639155490487436505,nan,32.16354630583691,0.0035468985568527134,0.00093858929504653243,238,0,0,0,0,1.8351175610266983,1.0646259024491227,0.40491982908922286,1.8375466532799325,1.0672104720840681,0.40585841838426939,0.003250839713575971,0.0014186368560139546,0.00093858929504653243,0,0.1084828093540188,0.001955466845472216,0.0032520868105338401,0.00031155196730017461,0.0032669761633009773,5.8620789546881547e-05,0.029977899999999998,-9.4434009223487436e-17,-0.001104223703261754,0.00043589642579000554,-0.001014546348290013,-3.1501208965100106e-15,0.001104223703261754,-0.00087996850549965089,1,0,0.029977899999999998,0,0,0,0,0,0,0,0.0186237,438,0,0,1,0,0,0,0,0,0,0,0,1,20,nan,1,0.0032516925896960711,0,0.083868307319694108,-0.13676400482654572,0.029977899999999998,-0.002514195729999058,-0.083868307319694108,-0.033864400000000003,0.43399998545646667,-0.65600001811981201,0.013010408164015412
639155490487656303,nan,39.137950307350373,0.0038955188370251399,0.0015301581813999543,241,0,0,0,0,1.8375379744873521,1.0674552180177317,0.40465234651669224,1.8411305083663994,1.0689614608061013,0.40312218833529229,0.003895405004996245,-2.9780138816082628e-05,-0.0015301581813999543,0,0.18125824831468515,0.12448839611721245,0.0039840200463071166,0.00019381190909006267,0.0039887314757303602,-0.0027362300489771063,0.021979800000000001,8.8653791435730177e-05,0.00022829016349726645,-8.6787925803744059e-06,0.00024474593366363706,0.0040334212065501127,0.0002448997621181748,-0.001206071867577152,0.96281992892424262,0,0.021979800000000001,0,0,0,0,0,0,0,0.00085539999999999998,440,0,0,1,0,0,0,0,0,0,0,0,1,20,nan,1,0.0039836802028815257,0,0.15677665955328812,-0.17230804264545441,0.021979800000000001,-0.0034459196216493626,-0.15677665955328812,-0.045493400000000003,0.43399998545646667,-0.65600001811981201,0.009539232880336047
639155490487936461,nan,31.875704999139771,0.0039342132718525706,6.4201603712843447e-05,231,0,0,0,0,1.8443883344657701,1.0706345214987034,0.40098429574889416,1.8476276703545687,1.0684018690250832,0.40092009414518132,0.0021109233234718363,-0.0033199452993752051,-6.4201603712843447e-05,0.11261464857560555,0.20548513196700907,0.07860186716463459,0.0057568303601613332,-0.0030635210242823258,0.0065212159036406011,-0.0022020941901109699,0.0280158,0.0036530095418006135,0.00026092961193607562,0.0032578260993707531,0.0016730606926020908,0.13039104868683435,0.0036623166131386623,-0.0021378925863981268,0.74093977610270179,0.0031549894715644498,0.0280158,0.0021552979746939371,0,0.0021552979746939371,0,0.076931516312007411,0.0021552979746939371,0,0.0088771000000000006,441,0,0,1,0,0,0,0,0,0,0,0,1,20,nan,1,0.0057661598949831881,0.0031549894715644498,0.21802927392992799,-0.30543613433837891,0.0280158,-0.0061082645325660767,-0.21802927392992799,-0.050628899999999998,0.43399998545646667,-0.65600001811981201,0.012158856792551279
639155490488136625,nan,32.417923836825558,0.0029507510021071362,0.003178318737943997,238,0,0,1,2,1.8518952115673115,1.0678433267349119,0.39825232172063496,1.8519862340439515,1.070792673507535,0.39507400298269096,0.001227679434666799,0.0026832321334786667,-0.003178318737943997,0.181140907473754,0.24709680396712552,0.29206506477140504,0.0049459884669275714,0.00050022154365616275,0.0049712195191641152,-0.0058460911624903522,0.0200164,0.0037111551567579485,-0.0021797258760765082,0.0042675412127428647,-0.00055854229017127111,0.18540572514327994,0.0043039374405732956,-0.0026677724245463552,0.82652429739634192,0.0036257888603576497,0.0200164,0.0020049762484637412,1.0842021724855044e-19,0.0020049762484637412,0,0.10016667574907281,0.0020049762484637412,0,0.0089478000000000005,442,0,0,1,0,0,0,0,0,0,0,0,1,20,nan,1,0.0049440461564998301,0.0036257888603576497,0.38079809192840197,-0.25408542156219482,0.0200164,-0.0076222069272756654,-0.38079809192840197,-0.064194000000000001,0.44800001382827759,-0.67199999094009399,0.0089673474767923353
639155490488436495,nan,29.223983700812784,0.0024916780767746689,0.00074798101316309029,226,0,0,0,0,1.8573023326550708,1.0738683364512391,0.39278501026436852,1.858172448260508,1.0715335220107634,0.39203702925120543,-8.9826772712050694e-05,-0.0024900583907177054,-0.00074798101316309029,0.18474969287533186,0.19991374466731618,0.1012763441319751,0.0059948134613388099,-0.001697148903783222,0.0062304175492387034,-0.0030369737314855372,0.029987,0.0060903397192751084,0.00079269735097312315,0.0053160986111193687,0.0030756629437040939,0.20309933368710137,0.0061417104284083443,-0.0022889927183224468,0.70497448245684302,0.0055400890402525762,0.029987,0.0020430729536311532,0,0.0020430729536311532,0,0.068131955635146998,0.0020430729536311532,0,0.018928400000000001,443,0,0,1,0,0,0,0,0,0,0,0,1,20,nan,1,0.0060003310599715557,0.0055400890402525762,0.21809381382623735,-0.32701531052589417,0.029987,-0.0065399791952073794,-0.21809381382623735,-0.034207000000000001,0.44800001382827759,-0.67199999094009399,0.013434176414668561
639155490488636336,nan,27.668282476879686,0.003142960074728729,0.0012398226871750406,232,0,0,0,0,1.8620054370763632,1.0719074850818957,0.38759314814825135,1.8640938707097341,1.0695587315847521,0.38635332546107631,0.001045778944731757,-0.0029638732142408778,-0.0012398226871750406,0.17128423469546944,0.23607110237353565,0.28441129648716296,0.0047176685169429741,-0.0040873762749604591,0.0062420382127046101,-0.0056837037901291132,0.019984100000000001,0.0036850709550746716,-0.0011188850240785482,0.0038329888158552539,0.00037396307113235494,0.18440014586969999,0.0038511883414138817,-0.0044438811029540726,0.54459383090337121,0.0034229612745777312,0.019984100000000001,0.00020615770487930618,0,0.00020615770487930618,0,0.010316086532758851,0.00020615770487930618,0,0.018780499999999999,444,0,0,1,0,0,0,0,0,0,0,0,1,20,nan,1,0.004743521582735083,0.0034229612745777312,0.6353452570442284,-0.42324370145797729,0.019984100000000001,-0.012696803151297564,-0.6353452570442284,-0.047273599999999999,0.44800001382827759,-0.67199999094009399,0.008952877076345683
639155490488937091,nan,34.944924056353635,0.0044460390871115191,0.0059664514981461747,227,0,0,1,2,1.8732245925665221,1.0666758782931611,0.38306106096318382,1.8729501562837472,1.0711134393677628,0.37709460946503764,0.0014040426771085471,0.0042185219834654526,-0.0059664514981461747,0.25534177132856084,0.29224175888078352,0.30784911293373901,0.0087893170192190045,-0.00189705476850126,0.0089917134328795327,-0.0092587159960386689,0.030075500000000002,0.007371393486246566,-0.0061109314181869616,0.0091307218567879822,-0.0028828532915909921,0.24509629054368393,0.0095750156515205138,-0.0032922644978924942,0.46608830491701758,0.0076795314435921316,0.030075500000000002,0.0053754605397822175,-2.1684043449710089e-19,0.0053754605397822175,0,0.17873220860109448,0.0053754605397822175,0,0.0088780999999999999,446,0,0,1,0,0,0,0,0,0,0,0,1,20,nan,1,0.0087981420691929952,0.0076795314435921316,0.31276188239526392,-0.47034701704978943,0.030075500000000002,-0.009406469993978761,-0.31276188239526392,-0.084226099999999998,0.46200001239776611,-0.68959999084472656,0.013894881372869015
639155490489236379,nan,30.992555918025978,0.00040709848186865684,0.0053568197031165212,233,0,0,0,0,1.8815343436681757,1.0725699085207139,0.37174014921962695,1.8812498175385866,1.0722787486754042,0.36638332951651043,-0.00037085215535343966,-0.0001679221629490086,-0.0053568197031165212,0.27225029366453529,0.27216609862934948,0.35789206211165231,0.0081456047326580738,-0.0019726749014614808,0.0083810693069296151,-0.010711279948527219,0.029928799999999998,0.0085173507000626762,-0.0018067408493257552,0.0085841873844285654,0.0014564691529510565,0.2845871100766712,0.0087068694399583431,-0.0053544602454106971,0.40004601081212365,0.0081481245890271427,0.029928799999999998,0.0030089919206686133,2.1684043449710089e-19,0.0030089919206686133,0,0.10053834168655654,0.0030089919206686133,0,0.018876500000000001,447,0,0,1,0,0,0,0,0,0,0,0,1,20,nan,1,0.0081604557260514087,0.0081481245890271427,0.5111617520258358,-0.50997239351272583,0.029928799999999998,-0.015298457844030833,-0.5111617520258358,-0.0542973,0.46200001239776611,-0.68959999084472656,0.013827105971050262
639155490489437201,nan,28.223411508518126,0.0075398340125655194,0.0085550125733385163,229,0,0,1,2,1.8868146981191107,1.0730590643426654,0.36082670572821773,1.8943478774942284,1.0733757746824741,0.35227169315487922,0.0071598962705367759,-0.002363256721601239,-0.0085550125733385163,0.27225029366453529,0.62850333364898026,0.70269374678228513,0.012621729647005552,-0.0036680487155539873,0.013143920292735199,-0.014111636361631208,0.020082200000000001,0.0054750755718473336,-0.0012650438326908043,0.0055648805805241786,0.00078031566726122215,0.27263325591057419,0.0056193227720134076,-0.0055566237882926917,0.36824017763137817,0.0054673848474299314,0.020082200000000001,0,0,0,0,0,0,0,0.038958699999999999,447,0,0,1,0,0,0,0,0,0,0,0,1,20,nan,1,0.012650448776026831,0.0054673848474299314,0.79055422048135215,-0.5290558934211731,0.020082200000000001,-0.015876067966550611,-0.79055422048135215,-0.034215099999999998,0.46200001239776611,-0.68959999084472656,0.0092779766489744196
639155490489737136,nan,28.052555318262325,0.0013866777162617548,0.010545569246606821,226,0,0,0,0,1.911312757699781,1.0740593502451452,0.348360567571393,1.9114528313072492,1.0726797653534956,0.33781499832478618,-0.00033927149524083991,-0.0013445333544743175,-0.010545569246606821,0.3419708151244471,0.52726146167087795,0.48199425975938259,0.015814416650625478,-0.0065550057156359082,0.017119108444413795,-0.014456694830093042,0.029993499999999999,0.016158944176361722,-0.0052118095747886468,0.016964880205552646,0.00068357556267106823,0.53874820132234391,0.016978646469569741,-0.0039111255834862191,0.31917522350947058,0.010256901643435104,0.029993499999999999,0.0071852055588514929,4.3368086899420177e-19,0.0071852055588514929,0,0.23955875635892754,0.0071852055588514921,0,0.0089786999999999992,449,0,0,1,0,0,0,0,0,0,0,0,1,20,nan,1,0.015850794541496523,0.010256901643435104,0.37256887406426176,-0.55849486589431763,0.029993499999999999,-0.011174644524246435,-0.37256887406426176,-0.070537199999999994,0.46200001239776611,-0.68959999084472656,0.013856997371852397
639155490489937004,nan,27.564934325605911,0.0013611429934991981,0.010638454344083892,225,0,0,1,2,1.9216901407582738,1.0718081506828003,0.33393583028660806,1.9227176587082013,1.0727008528231186,0.32329737594252417,0.0012633530879840068,0.00050660559001380174,-0.010638454344083892,0.3419708151244471,0.53210821716378098,0.72636051705435623,0.010635140514809058,-0.0037135653063981688,0.011264847138537532,-0.014517622382262006,0.019986799999999999,0.0093698317289627898,-0.0042152663381015152,0.010237309451024634,-0.00087161467069529763,0.46880099510490875,0.010274347518466054,-0.0038791680381781157,0.32678554455439246,0.0068349022877292991,0.019986799999999999,0,0,0,0,0,0,0,0.028965500000000002,449,0,0,1,0,0,0,0,0,0,0,0,1,20,nan,1,0.010655556455176459,0.0068349022877292991,0.55453285428069465,-0.5539286732673645,0.019986799999999999,-0.011083337251937386,-0.55453285428069465,-0.050550400000000002,0.46200001239776611,-0.68959999084472656,0.0092339018477916712
639155490490137496,nan,34.045252730282897,0.0025012022371015078,0.0086625697801281376,231,0,0,0,0,1.9334901418352735,1.0725452611120041,0.31742647961332748,1.9358089486933421,1.0734828897089739,0.30876390983319935,0.0024956185989363899,0.00016703424656146486,-0.0086625697801281376,0.44758521660355266,0.63152239503398166,0.72489007587957743,0.012661518802515304,-0.0034175132449540315,0.013114627526768912,-0.014533466109324824,0.0200492,0.010164962577115575,-0.0035698931789986542,0.01077248312707213,-0.00015559171111445558,0.50700090662548014,0.010773606708230131,-0.0058708963291966834,0.31834771235783899,0.0089737255247279487,0.0200492,0.0049325233625361333,0,0.0049325233625361342,0,0.24602095657363554,0.0049325233625361333,0,0.0090288999999999994,450,0,0,1,0,0,0,0,0,0,0,0,1,20,nan,1,0.012689735818502272,0.0089737255247279487,0.83664133790827322,-0.55899137258529663,0.0200492,-0.01677398951199055,-0.83664133790827322,-0.0643122,0.46200001239776611,-0.73280000686645508,0.009262730648565292
639155490490437335,nan,35.304083608268435,0.0022266074554419066,0.015340957777264574,235,0,0,1,2,1.9536642091516792,1.0741028699371478,0.30876390983319935,1.9516850907707184,1.0730826389854644,0.29342295205593477,-0.0021955547588844624,-0.00037056721572377666,-0.015340957777264574,0.44446833611661068,0.50039285750721585,0.51163983928923773,0.01500372940021061,-0.0052057844738294919,0.015881186602477424,-0.015340957777264574,0.029983900000000001,0.017199284159095073,-0.0048352172581057149,0.017855260458337074,0.00061998022817388865,0.57361731326128595,0.017866020864153887,0,0.31834771235783899,0.013326894143286843,0.029983900000000001,0.0049211978643168841,0,0.0049211978643168841,0,0.16412801084304857,0.0049211978643168841,0,0.018911799999999999,451,0,0,1,0,0,0,0,0,0,0,0,1,20,nan,1,0.01500372940021061,0.013326894143286843,0,-0.55899137258529663,0.029983900000000001,0,0,-0.034328299999999999,0.46200001239776611,-0.73280000686645508,0.01385256217173338
639155490490737338,nan,29.649202473421227,0.0054880983392605028,0.0041502254342205558,230,0,0,0,0,1.9675153302104875,1.0726656764104523,0.28165788041467943,1.9629261711188921,1.0756754674685527,0.27750765498045887,-0.0035717604918852328,0.0041667433770273942,-0.0041502254342205558,0.48061269859937461,0.38368135612512111,0.53050459746988854,0.011510555788160471,-0.00076925443414835445,0.011536231921074204,-0.015915297075475898,0.030000300000000001,0.015033048183434278,-0.0049777304892818612,0.015830239439769134,-0.0004169625750121142,0.50109659514852445,0.015835729806655041,-0.011765071641255342,0.079380571842193604,0.014418525141790818,0.030000300000000001,0.010051825048869034,-4.3368086899420177e-19,0.010051825048869034,0,0.33505748438745725,0.010051825048869034,0,0.0089882999999999994,452,0,0,1,0,0,0,0,0,0,0,0,1,20,nan,1,0.011521858494637263,0.014418525141790818,1.1204718087348005,-0.70237165689468384,0.030000300000000001,-0.033614490403586633,-1.1204718087348005,-0.070335400000000006,0.46200001239776611,-0.73280000686645508,0.013860138971936702
639155490490936941,nan,29.888470540219075,0.007977450877085672,0.0067373678766039502,238,0,0,1,2,1.9704052741969831,1.0774005713632133,0.26956759452015722,1.9772165528886663,1.0732477163115004,0.26283022664355327,0.0054593309121681857,-0.0058168228860572893,-0.0067373678766039502,0.49332735994957944,0.65522781559602972,0.73533104897750079,0.013078543767641431,-0.0062498543762514683,0.014495136660496243,-0.014677428336905609,0.0199603,0.0076655703852355345,-0.00038986788670388318,0.0074791030780909651,0.001725103894660629,0.38404084032983143,0.007675478245691471,-0.0079400604603016567,0,0.0098469621028015909,0.0199603,0.0055023267091978134,0,0.0055023267091978134,0,0.27566352756210144,0.0055023267091978134,0,0.0088068,453,0,0,1,0,0,0,0,0,0,0,0,1,20,nan,1,0.013148592643451022,0.0098469621028015909,1.1365504040236494,-0.75625169277191162,0.0199603,-0.022685887029433249,-1.1365504040236494,-0.084038500000000002,0.46200001239776611,-0.72960001230239868,0.0092216588474631316
639155490491237076,nan,27.143742964870306,0.002753286848453637,0.012103255835432647,234,0,0,0,0,1.9987044249771178,1.0695972045781001,0.25756772169212394,1.9959518343734759,1.0696591193470193,0.24546446585669129,-0.0026460177709259529,0.00076103772955866727,-0.012103255835432647,0.49332735994957944,0.5717265259565536,0.57859832364975661,0.017159514086797022,-0.0083330592697729057,0.01907586958669338,-0.017365760786861969,0.030013499999999999,0.019801490272120043,-0.0091080110786318606,0.021487872088451487,-0.0036505117334002524,0.6597527869831924,0.021795753779242082,-0.0052625049514293254,0,0.014806480717846701,0.030013499999999999,0,0,0,0,0,0,0,0.038820300000000002,453,0,0,1,0,0,0,0,0,0,0,0,1,20,nan,1,0.017221675393933031,0.014806480717846701,0.50096551327420413,-0.7518315315246582,0.030013499999999999,-0.015035728432655326,-0.50096551327420413,-0.054024999999999997,0.46200001239776611,-0.72960001230239868,0.013866237372100352
639155490491437074,nan,24.339562474894684,0.0043540404503793996,0.013899310996057346,232,0,0,1,2,2.0084362791279995,1.0672678213787641,0.24019286600992446,2.0116286417132336,1.0702286471703191,0.22629355501386711,0.0038050673271466913,0.0021163957284545771,-0.013899310996057346,0.55274414437154562,0.76727204013762018,0.95855512769248608,0.015345287348344377,-0.0032571162868612266,0.015687149209126387,-0.019170910842824185,0.019999800000000002,0.011529116152314766,-0.0053534239088799942,0.012484444754523594,-0.0023912979682552127,0.57646157223146055,0.01271139908907486,-0.005271599846766839,0,0.01105477233860204,0.019999800000000002,0.00064825833251891407,-2.7105054312137611e-20,0.00064825833251891396,0,0.032413240758353286,0.00064825833251891396,0,0.018827,452,0,0,1,0,0,0,0,0,0,0,0,1,20,nan,1,0.015369380850463379,0.01105477233860204,0.75309322332750273,-0.75314217805862427,0.019999800000000002,-0.015061713847905389,-0.75309322332750273,-0.067014099999999993,0.46200001239776611,-0.72960001230239868,0.0092399078479528437
639155490491637314,nan,25.179702101912845,0.0023187899056998345,0.018345508060876814,232,0,0,1,2,2.0273244181795635,1.0707988641291764,0.22629355501386711,2.0256160417473072,1.0692309876696022,0.2079480469529903,-0.0020166007811129785,-0.0011445994567489425,-0.018345508060876814,0.54777673789053083,0.66954379532843822,0.91617599185361631,0.013406944957656647,-0.0041105365945260895,0.014022934221929916,-0.018345508060876814,0.020024,0.015423545738769626,-0.002965937137777147,0.015695776466329914,0.00057021695885728363,0.77025298335845116,0.015706130849485637,0,0,0.010968681399519989,0.020024,0.00069567645712087511,0,0.00069567645712087511,0,0.034742132297287009,0.00069567645712087511,0,0.018754,452,0,0,1,0,0,0,0,0,0,0,0,1,20,nan,1,0.013406944957656647,0.010968681399519989,0,-0.75314217805862427,0.020024,0,0,-0.0469901,0.46200001239776611,-0.72960001230239868,0.009251088248252869
639155490491936949,nan,20.138556098542111,0.0050593545493170227,0.0020413937758012035,239,0,0,1,2,2.0465464982455575,1.0677381105995998,0.1913099809968338,2.0418169640795889,1.0659412870054117,0.1892685872210326,-0.0049849057751531756,-0.00086474439491642375,-0.0020413937758012035,0.55742312266590821,0.5063738298252175,0.62340713641456103,0.015172732249967904,-0.006563551702194634,0.016531546052217804,-0.018679459731957698,0.029963500000000001,0.020171335077647207,-0.0057818623605688547,0.020930456498250205,-0.0014928770700024518,0.67319689214034428,0.020983629122992127,-0.016638065956156495,0,0.016702347735999941,0.029963500000000001,0.00064343351049345199,0,0.00064343351049345188,0,0.02147391027394837,0.00064343351049345188,0,0.0288092,452,0,0,1,0,0,0,0,0,0,0,0,1,20,nan,1,0.015324438715222542,0.016702347735999941,1.5865079614632611,-0.83616507053375244,0.029963500000000001,-0.047537331303304425,-1.5865079614632611,-0.050532500000000001,0.46200001239776611,-0.72960001230239868,0.013843137371480465
639155490492237081,nan,23.557610984835584,0.00051284316378847282,0.012404355750824797,234,0,0,1,2,2.0580447586344053,1.062646129764953,0.18323521716165422,2.05754834204672,1.0625173715336997,0.17083086141082943,-0.00051156748971826387,-3.6149883926844367e-05,-0.012404355750824797,0.58312635959535108,0.49332531019222542,0.6143205592940163,0.0148062711998613,-0.0063224823493880679,0.016099672353876208,-0.01843772581020317,0.0300132,0.015318047482986043,-0.0062894195806656398,0.016227794554816377,-0.0032951572404587015,0.51037701687877479,0.016558966675269186,-0.0060333700593783735,0,0.017501488055807191,0.0300132,0.006542677754659997,0,0.0065426777546599979,0,0.21799334141844245,0.0065426777546599979,0,0.018793199999999999,451,0,0,1,0,0,0,0,0,0,0,0,1,20,nan,1,0.014860214666006042,0.017501488055807191,0.57435395658086119,-0.86197465658187866,0.0300132,-0.017238200169652704,-0.57435395658086119,-0.053717500000000001,0.46200001239776611,-0.72960001230239868,0.013866098772096633
639155490492436417,nan,19.484778738305099,0.0057363986885924281,0.012346167383772892,232,0,0,1,2,2.0679965113804002,1.0602433400593179,0.16213770957900706,2.0737328684572107,1.0602214905327623,0.14979154219523416,0.0056575944786850475,-0.00094757302053055149,-0.012346167383772892,0.61158307519262389,0.78052332267743996,1.0554701215834201,0.015558639704923017,-0.0050138503402804664,0.016346558191323871,-0.021039319215595265,0.019933599999999999,0.0099094962920016211,-0.0040171314156423775,0.010448169333680202,-0.0022740314743818768,0.49712527049813487,0.010692776139606347,-0.0086931518318223693,0,0.012191052387659686,0.019933599999999999,0.0006169038479466592,1.3552527156068805e-20,0.00061690384794665931,0,0.030947939556661076,0.00061690384794665931,0,0.018924900000000001,451,0,0,1,0,0,0,0,0,0,0,0,1,20,nan,1,0.015619704290201897,0.012191052387659686,1.2460156049258391,-0.82797718048095703,0.019933599999999999,-0.024837576662349703,-1.2460156049258391,-0.033783899999999999,0.46200001239776611,-0.72960001230239868,0.009209323447132111
639155490492737174,nan,21.103437798464942,0.0027771267398580025,0.016164006581178253,240,0,0,1,2,2.0981519879822335,1.0567574786021579,0.14385675219516209,2.0953936473370338,1.0570799531194053,0.12769274561398383,-0.0026836179304443159,0.00071458220844917834,-0.016164006581178253,0.62377587736596063,0.69655595825803573,0.73477247682515545,0.020949408033781206,-0.0063388407484535735,0.021887407315625849,-0.02209879658125033,0.0300757,0.023628737833078312,-0.0070693369878914464,0.024419119525022737,-0.0034640119306044159,0.78564215739212429,0.02466359213563013,-0.0059347900000720774,0,0.018760496154895421,0.0300757,0.013225035460195935,-4.3368086899420177e-19,0.013225035460195933,0,0.4397249427343648,0.013225035460195935,0,0.0088991999999999995,451,0,0,1,0,0,0,0,0,0,0,0,1,20,nan,1,0.021002396873753701,0.018760496154895421,0.56379545138929166,-0.84789073467254639,0.0300757,-0.016956542857348919,-0.56379545138929166,-0.070519799999999994,0.46200001239776611,-0.72800004482269287,0.013894973772871494
639155490492936269,nan,17.47362823354359,0.0025853649658786697,0.012145768370027121,235,0,0,1,2,2.1097326411794994,1.0550003194240556,0.12178781021062728,2.1099731202019711,1.0524261628929674,0.10964204184060015,-7.4028672507510309e-05,-0.0025843048896056348,-0.012145768370027121,0.70392011415928835,0.69655844244427478,0.90663772437196699,0.013868130309844288,-0.0064725384664990962,0.015304208326180494,-0.018050703773383678,0.0199095,0.013957417756483322,-0.0038887157638614906,0.014338993842465619,-0.0020796336953496919,0.70104310788735635,0.014489017244834129,-0.0059049354033565565,0,0.014014697512854351,0.0199095,0.0076900456791446636,0,0.0076900456791446636,0,0.38625006550363716,0.0076900456791446636,0,0.0089849000000000005,451,0,0,1,0,0,0,0,0,0,0,0,1,20,nan,1,0.013922236127010133,0.014014697512854351,0.84739667041312683,-0.84362125396728516,0.0199095,-0.016871244009590149,-0.84739667041312683,-0.050610299999999997,0.46200001239776611,-0.72800004482269287,0.0091981892468333253
639155490493136133,nan,16.531834999171622,0.0024981985335068959,0.0099489589943012879,240,0,0,1,2,2.1246089059558968,1.0477543975055053,0.099564577320139194,2.1257582852068126,1.0499724875060192,0.089615618325837906,0.0013641654974797478,0.0020928565188043438,-0.0099489589943012879,0.70392011415928835,0.7716193516690032,1.0020025374635875,0.015421893010197366,-0.0041661940805264855,0.015974728703004263,-0.020026423514762248,0.019986400000000001,0.014036706450905545,-0.0062451972331872248,0.014635785753925656,-0.0046717653874621679,0.7023128953140908,0.015363320489734723,-0.01007746452046096,0,0.014068828969633202,0.019986400000000001,0,0,0,0,0,0,0,0.028971299999999998,451,0,0,1,0,0,0,0,0,0,0,0,1,20,nan,1,0.015480270932764531,0.014068828969633202,1.4406174084750434,-0.95982891321182251,0.019986400000000001,-0.02879275577274561,-1.4406174084750434,-0.030623899999999999,0.46200001239776611,-0.72800004482269287,0.0092337170477867127
639155490493436271,nan,16.747403059821604,0.0035936129470451818,0.015375843105048081,236,0,0,1,2,2.149463043713713,1.0462877757856102,0.082891101804428755,2.1458694785418513,1.0463063059975155,0.067515258699380673,-0.0035796924317857506,0.00031600016928251182,-0.015375843105048081,0.70442821486899698,0.65644416035355968,0.73633993784383289,0.019702383740019671,-0.0054513355403612469,0.020442626646607745,-0.022100359626457233,0.0300138,0.023279870304490781,-0.0057914000845281591,0.023704758506900347,-0.0036847117204090729,0.77563888293021144,0.023989428428642986,-0.0067245165214091518,0,0.021142567555435102,0.0300138,0.0080557001795988903,1.0842021724855044e-19,0.0080557001795988903,0,0.26839987537728943,0.0080557001795988903,0,0.018578000000000001,450,0,0,1,0,0,0,0,0,0,0,0,1,20,nan,1,0.019753841829075022,0.021142567555435102,0.64013568248216812,-0.96023231744766235,0.0300138,-0.019212904346883299,-0.64013568248216812,-0.033848000000000003,0.46200001239776611,-0.72800004482269287,0.013866375972104073
639155490493637185,nan,14.263142515849546,0.0035895557547679095,0.014353226738943889,232,0,0,1,2,2.1593320200984549,1.0438521442732436,0.057716313133310604,2.1622865700386753,1.0418136288410402,0.043363086394366715,0.0028320399639040535,-0.0022055521212244666,-0.014353226738943889,0.72412444569183754,0.80017294655690074,1.2021149499295201,0.016076594738453315,-0.0055900038338932779,0.01702072387554085,-0.024152172305013958,0.020091399999999999,0.013266302478074879,-0.0033568070383008073,0.013462541556603647,-0.0024541617242719305,0.66029756403609896,0.013684404807376956,-0.0097989455660700674,0,0.014548673888172985,0.020091399999999999,0.00099335391460009248,0,0.00099335391460009248,0,0.049441746946459308,0.00099335391460009248,0,0.018719599999999999,450,0,0,1,0,0,0,0,0,0,0,0,1,20,nan,1,0.016153268674522572,0.014548673888172985,1.3934811576907931,-0.93329513072967529,0.020091399999999999,-0.027996987331628798,-1.3934811576907931,-0.047349599999999999,0.46200001239776611,-0.72640001773834229,0.0092822270490884769
639155490493937051,nan,12.904007664240645,0.0027297051717870961,0.017411854706052235,224,0,0,1,2,2.1867892306735075,1.035108266704984,0.032940732838330364,2.1863371295368457,1.0378002724418112,0.015528878132278129,-0.00036319526760918586,0.0027054351817161525,-0.017411854706052235,0.72947209851142503,0.79548779234327682,0.92822154769425647,0.023853974233880904,-0.0050521633991401577,0.024383117966377179,-0.02783420826208859,0.029986599999999999,0.0241889532840391,-0.0077612369235828468,0.024502660634832196,-0.0067053621360562143,0.8066587503764715,0.025403587533287728,-0.010422353556036353,0,0.021874388029222695,0.029986599999999999,0.00081270486495155214,0,0.00081270486495155225,0,0.027102267844689033,0.00081270486495155225,0,0.028872499999999999,450,0,0,1,0,0,0,0,0,0,0,0,1,20,nan,1,0.023926549521519062,0.021874388029222695,0.99304866231072297,-0.99234378337860107,0.029986599999999999,-0.029778153017246723,-0.99304866231072297,-0.050365100000000003,0.46200001239776611,-0.72640001773834229,0.013853809571766853
639155490494237392,nan,13.17175477578674,0.0044513495572864334,0.016045767998159249,233,0,0,1,2,2.2104257861042456,1.0337805587220135,0.0085146672824380886,2.2068425455389584,1.0311395551376852,-0.0075311007157211635,-0.0036055976694854097,-0.002610398116562971,-0.016045767998159249,0.73923085182080195,0.67921177399869548,0.76779323662101717,0.02039951434145422,-0.00697832752584662,0.021560084425279624,-0.023059978847999294,0.030034100000000001,0.024023333047779566,-0.004393283838625717,0.024088656567399891,-0.0040197137197977018,0.79986858430182906,0.024421741821812542,-0.0070142108498400402,0,0.022202133326671147,0.030034100000000001,0.0082540299221753877,0,0.0082540299221753877,0,0.27482194978958541,0.0082540299221753877,0,0.0188684,449,0,0,1,0,0,0,0,0,0,0,0,1,20,nan,1,0.020468414002386155,0.022202133326671147,0.66726162688791768,-1.0016144514083862,0.030034100000000001,-0.02004060242811441,-0.66726162688791768,-0.053692799999999999,0.46200001239776611,-0.72640001773834229,0.013875754572355748
639155490494437120,nan,15.406530269805939,0.0038146690528681765,0.011885868942239017,237,0,0,1,2,2.2204787314984844,1.0267101507416205,-0.01779276114587686,2.2207017169012135,1.0229020045399786,-0.029678630088115877,0.00029070396773528667,-0.0038035761049377143,-0.011885868942239017,0.78652199444623949,0.69698868322193641,1.1088845516099251,0.01392081557225509,-0.0081329431635410263,0.016122464783590893,-0.022147529372394711,0.019972799999999999,0.013669157231600504,-0.0043265842652644645,0.013636185959525982,-0.0044294043960646512,0.68438863011698436,0.014337544797720786,-0.010261660430155696,0,0.015709046490675851,0.019972799999999999,0.00081987052701082419,8.4703294725430034e-22,0.00081987052701082419,0,0.04104935347126213,0.0008198705270108243,0,0.0189304,449,0,0,1,0,0,0,0,0,0,0,0,1,20,nan,1,0.014038540529088869,0.015709046490675851,1.4679478991651063,-0.97739547491073608,0.019972799999999999,-0.029319029800444832,-1.4679478991651063,-0.03372,0.46200001239776611,-0.72640001773834229,0.0092274338476181026
639155490494737172,nan,11.583394506261209,0.0032046893532844392,0.019699318339906055,233,0,0,1,2,2.2415223934492556,1.0105267064748948,-0.036804757022859423,2.2437162770441899,1.0128627091767197,-0.056504075362765478,0.0021064412533333349,0.0024151478417086857,-0.019699318339906055,0.8063983294907362,0.77660984852350812,0.89402654455393082,0.023302333826917564,-0.0093519339274996238,0.025108911365597373,-0.026825445274649605,0.030005199999999999,0.021178735553253829,-0.011752009806122433,0.020820676548042094,-0.012375298065083751,0.70583550695392228,0.024220829344137985,-0.0071261269347435464,0,0.024196143156035438,0.030005199999999999,0.017185174529526392,0,0.017185174529526392,0,0.57273987607236054,0.017185174529526389,0,0.0086371999999999994,448,0,0,1,0,0,0,0,0,0,0,0,1,20,nan,1,0.02339632909473098,0.024196143156035438,0.67856113842586607,-1.0181046724319458,0.030005199999999999,-0.020360362670695797,-0.67856113842586607,-0.070495500000000003,0.46200001239776611,-0.71840000152587891,0.013862402771997451
639155490494936704,nan,11.86619809390918,0.0097983741058541695,0.013647512420262535,231,0,0,1,2,2.2590207616483529,1.0061866640831301,-0.067868937176161701,2.2687611760919335,1.0051224922992723,-0.081516449596424234,0.0097901587148428674,-0.00040115764539609472,-0.013647512420262535,0.7909951135238793,1.2750862136509942,1.2535520234177353,0.025442050238221017,-0.0063134780665992998,0.026213697290187677,-0.025012374233658756,0.019953200000000001,0.015657082768497876,-0.0058010849219013987,0.015304484604163004,-0.0066760450935896554,0.78469031375909004,0.016697210158906933,-0.011364861813396222,0,0.015782883699164668,0.019953200000000001,0.0088766262634765152,-1.0842021724855044e-19,0.008876626263476517,0,0.44487231438949715,0.008876626263476517,0,0.0087311000000000003,448,0,0,1,0,0,0,0,0,0,0,0,1,20,nan,1,0.025541195227932058,0.015782883699164668,1.6273597093479044,-1.0824471712112427,0.019953200000000001,-0.032471033752560607,-1.6273597093479044,-0.083853999999999998,0.46200001239776611,-0.71840000152587891,0.0092183786473751077
639155490495136053,nan,14.314315138446151,0.0019307211419074784,0.019012952748937453,222,0,0,1,2,2.2937831053076416,0.99738937433171693,-0.089076261134709275,2.2951440924896276,0.99875882605349409,-0.10808921388364673,0.001233766934494172,0.0014850936937302543,-0.019012952748937453,0.7909951135238793,1.3450520321865038,1.3329770546740889,0.026813477756434733,-0.0041942742328741223,0.027139538053094645,-0.026572764287222495,0.019934899999999998,0.025568519155623026,-0.0056699985330309881,0.025021929215708116,-0.0077331179675553807,1.2826008234615187,0.026189655499376758,-0.007559811538285042,0,0.015768408488587179,0.019934899999999998,0,0,0,0,0,0,0,0.028666000000000001,448,0,0,1,0,0,0,0,0,0,0,0,1,20,nan,1,0.026857210239535648,0.015768408488587179,1.0834998689713615,-1.080048680305481,0.019934899999999998,-0.021599461537957193,-1.0834998689713615,-0.063919100000000006,0.46200001239776611,-0.71840000152587891,0.0092099240471482276
639155490495436155,nan,14.33895442358776,0.019284221005310419,0.014414964967897277,223,0,0,1,2,2.3348612015635672,0.98917889855102081,-0.11953297066543937,2.3155901032044759,0.9884675984625334,-0.13394793563333665,-0.019048766731391945,-0.0030042745870960332,-0.014414964967897277,0.8120827007130218,0.71432028719040352,0.8616644257515752,0.021436894682641448,-0.0080254760510502371,0.022889926157168838,-0.025858721749689922,0.030010200000000001,0.04051879355578529,-0.005239382876591139,0.03971710907393966,-0.0095799275024732733,1.3501673949452282,0.040856134963354815,-0.011443756781792644,0,0.024370764264937929,0.030010200000000001,0.0093501577994694607,0,0.0093501577994694607,0,0.31156599421095027,0.0093501577994694607,0,0.0184964,447,0,0,1,0,0,0,0,0,0,0,0,1,20,nan,1,0.021565226522529419,0.024370764264937929,1.0895111644700455,-1.0899615287780762,0.030010200000000001,-0.032696447947978963,-1.0895111644700455,-0.033908899999999999,0.46200001239776611,-0.71840000152587891,0.01386471277205944
639155490495736021,nan,10.906257804298251,0.0047064598684999981,0.019357357158511945,230,0,0,1,2,2.3360200351909963,0.97818446388565283,-0.14164634294466408,2.3313509738849274,0.97877660492794849,-0.16100370010317602,-0.0047058946987629793,-7.2935436898057871e-05,-0.019357357158511945,0.84131669447016233,0.56404864599907434,0.90226182594356719,0.016913901128115843,-0.0074993565671732368,0.018501902612793168,-0.027055764469839372,0.029986599999999999,0.021620217860179463,-0.0074626508278536254,0.020429931986520433,-0.01028313457688057,0.72099597354083034,0.022871925535470062,-0.0076984073113274265,0,0.02522822719039897,0.029986599999999999,0.018106462981996255,0,0.018106462981996252,0,0.60381847165054581,0.018106462981996255,0,0.0084142000000000002,447,5,0.021739130434782608,1,1,1,1,1,1,3,0.075928624013946108,0.60742899211156887,0.95064639439093501,20,0.02522822719039897,1,0.016318877829464527,0.02522822719039897,0.73350928284419026,-1.0998494625091553,0.029986599999999999,-0.021995449460935595,-0.73350928284419026,-0.070743899999999998,0.46200001239776611,-0.68800002336502075,0.013853809571766853
639155490495935993,nan,11.164000523958569,0.004636677332674791,0.015165639022648504,227,0,0,1,2,2.3418614446675812,0.97231396041640661,-0.17188875760103742,2.3462736655570944,0.97088879954496665,-0.18705439662368592,0.0045909646535787453,-0.00064947689483985072,-0.015165639022648504,0.8527162413303313,0.7998210214244027,1.3027172064343957,0.015994180929628066,-0.0053935495633840973,0.016879105441413619,-0.026050696520509897,0.0199972,0.01141055770612474,-0.0046941392172344257,0.010510470782653769,-0.0064626445115418818,0.57060777039409216,0.012338386043384319,-0.010885057497861395,0,0.017051937221130901,0.0199972,0.0097971127115163981,0,0.0097971127115163981,0,0.48992422496731536,0.0097971127115163981,0,0.0085079000000000005,447,10,0.04405286343612335,1,0,0,0,0,0,0,0,0,1,20,nan,1,0.016076113990436579,0.017051937221130901,1.5552259456125841,-1.0367481708526611,0.0199972,-0.031100164279603965,-1.5552259456125841,-0.050746699999999999,0.46200001239776611,-0.68800002336502075,0.0092387066479206088
639155490496235980,nan,13.832315435321648,0.0072975448757480188,0.020570941737258652,234,0,0,1,2,2.3686598671586103,0.95905594757856849,-0.19432342089574162,2.3751616398799742,0.95574217138013795,-0.21489436263300027,0.0070192991329867593,-0.0019958960131248055,-0.020570941737258652,0.87065164721860522,1.0400720886412211,0.92803908200403185,0.0312008105655214,-0.0095102484351037783,0.032618022705905178,-0.027839966009314349,0.0299987,0.024196204965885627,-0.0074633821455999064,0.022386201601515943,-0.011832851966398161,0.8065751171179294,0.025321105975103213,-0.0072690242720556963,0,0.026118417569416772,0.0299987,0.0099900311305156642,0,0.0099900311305156642,0,0.3330154683541508,0.0099900311305156642,0,0.018524499999999999,447,9,0.038461538461538464,1,0,0,0,0,0,0,0,0,1,20,nan,1,0.031297884016651546,0.026118417569416772,0.69231802635786832,-1.038494348526001,0.0299987,-0.020768640777301783,-0.69231802635786832,-0.053883599999999997,0.46200001239776611,-0.68800002336502075,0.013859399771916867
639155490496436735,nan,14.826678375392682,0.0027470425288686033,0.019120829353723334,229,0,0,1,2,2.3944938285587827,0.94560586101592159,-0.22229751736241726,2.3949278687311328,0.94289332497299072,-0.2414183467161406,0.0010213959972590325,-0.0025500966397758412,-0.019120829353723334,0.87065164721860522,1.098429758525983,1.3212116302528119,0.022051526617288372,-0.0083382750517033803,0.023575340018562544,-0.026523984083140325,0.0200755,0.021049037197126089,-0.0057806868092617845,0.019332188678808482,-0.010136310364216361,1.0484937957772453,0.021828383057679073,-0.0074031547294169942,0,0.017478767143737108,0.0200755,0,0,0,0,0,0,0,0.038600000000000002,447,9,0.039301310043668124,1,0,0,0,0,0,0,0,0,1,20,nan,1,0.022138476806436404,0.017478767143737108,1.0536161318760191,-1.0576728582382202,0.0200755,-0.021151870655477023,-1.0536161318760191,-0.033808100000000001,0.46200001239776611,-0.68800002336502075,0.0092748812488913542
639155490496635780,nan,13.363941511111321,0.0035563533576939846,0.015317759281521848,234,0,0,1,2,2.4145257319060418,0.93015392304969802,-0.25308227722007992,2.4171739643929517,0.92778020994570753,-0.26840003650160177,0.0031582259210544967,-0.0016350101639931033,-0.015317759281521848,0.88265828868150265,1.2667587924983048,1.3555572752624367,0.025214200385282506,-0.0093562341224185854,0.026894144679143275,-0.026981689785461171,0.019904499999999999,0.022075259508318054,-0.0076844986841081769,0.019597863174908969,-0.012739401923292704,1.1090587308557389,0.023374528923288423,-0.011663930503939324,0,0.017568871907060968,0.019904499999999999,0.0010703114408552314,-5.4210108624275222e-20,0.0010703114408552317,0,0.053772334942110152,0.0010703114408552317,0,0.018691900000000001,447,9,0.038461538461538464,1,0,0,0,0,0,0,0,0,1,20,nan,1,0.025366593585975462,0.017568871907060968,1.6742704275686957,-1.1109319925308228,0.019904499999999999,-0.033325515725541099,-1.6742704275686957,-0.047328700000000001,0.46200001239776611,-0.68800002336502075,0.0091958792467713348
639155490496936062,nan,15.677402536260891,0.014220672480697435,0.01423020687793991,236,0,0,1,2,2.4507347275245164,0.90498035862252613,-0.28100250431039564,2.4386366545746361,0.91245459147296903,-0.29523271118833555,-0.013696307784592273,0.0038260526490081766,-0.01423020687793991,0.88746004249369914,0.82450616551317935,0.89358252198712473,0.024758436039262852,-0.0090852350710723621,0.026372744479991325,-0.026832674686733782,0.030028200000000001,0.038405439770404441,-0.013083586602075221,0.033560763131564642,-0.022799851323181408,1.2789790853399285,0.040572873232397104,-0.012602467808793871,0,0.026648827648009299,0.030028200000000001,0.018768477567348452,0,0.018768477567348452,0,0.6250283922229255,0.018768477567348452,0,0.0088850000000000005,447,9,0.038135593220338986,1,0,0,0,0,0,0,0,0,1,20,nan,1,0.024917981134574024,0.026648827648009299,1.1991078680129998,-1.2003190517425537,0.030028200000000001,-0.036007050882267966,-1.1991078680129998,-0.083848300000000001,0.46200001239776611,-0.67519998550415039,0.013873028772282602
639155490497235984,nan,21.263600468021295,0.0050276065316965709,0.017777423467247755,236,0,0,1,2,2.4600736137152808,0.89714734647133498,-0.3036884145341619,2.4554553450269911,0.89913441007382022,-0.32146583800140965,-0.0050011518835472264,0.00051507987268971725,-0.017777423467247755,0.90762635232432221,0.66572955586273597,0.87466497332886906,0.01996669398534635,-0.0078502682969375896,0.021454500251424397,-0.026233126813074107,0.0299922,0.024963311770779505,-0.0084076175086990126,0.021436959140644696,-0.015307245001634051,0.83232679732662174,0.026341126907133659,-0.0084557033458263486,0,0.027221711084181536,0.0299922,0.010357922695360067,0,0.010357922695360067,0,0.34535388185461774,0.010357922695360067,0,0.018580099999999999,446,11,0.046610169491525424,1,0,0,0,0,0,0,0,0,1,20,nan,1,0.020060062879400094,0.027221711084181536,0.80551451432860732,-1.2080482244491577,0.0299922,-0.024159152416646457,-0.80551451432860732,-0.053856099999999997,0.46200001239776611,-0.67519998550415039,0.013856396771836281
639155490497435845,nan,20.583007774957146,0.0048180285615563746,0.016536493862971846,233,0,0,1,2,2.466662926639871,0.89025815299826294,-0.33373941940772167,2.4707542200795127,0.88771360643537256,-0.35027591327069352,0.0046990907306391216,-0.0010639292858054367,-0.016536493862971846,0.90762635232432221,0.9068129520545577,1.4415056098630481,0.018123654341057595,-0.0060019569264125041,0.019091629936195779,-0.028810075269283864,0.0199861,0.013437975438222281,-0.0048804345505781867,0.011207581612879824,-0.0088762570755572812,0.67236606632721152,0.014296776744453368,-0.012273581406312019,0,0.018139911040189135,0.0199861,0,0,0,0,0,0,0,0.038566200000000002,446,12,0.051502145922746781,1,0,0,0,0,0,0,0,0,1,20,nan,1,0.018226099579458498,0.018139911040189135,1.7545882111370257,-1.1689982414245605,0.0199861,-0.035067375446605709,-1.7545882111370257,-0.033869999999999997,0.46200001239776611,-0.67519998550415039,0.0092335784477829939
639155490497735832,nan,29.426215037809577,0.0065641339703697539,0.022011975724190998,235,0,0,1,2,2.4937174977093695,0.87057122937788256,-0.35829100208994097,2.4889301733503406,0.87506226269577403,-0.38030297781413197,-0.0060582071062484331,0.0025270499478172517,-0.022011975724190998,0.90667387065505356,0.71381997095990457,1.0009455257540645,0.02141367116283489,-0.0056459244637854693,0.022145468514366492,-0.030027064543438453,0.0299987,0.027451429362599436,-0.0082214497892556301,0.022963277629856726,-0.017142377057489999,0.91508729920294662,0.028656119951714291,-0.0080150888192474512,0,0.027199037443619754,0.0299987,0.019341635449314776,-8.6736173798840355e-19,0.019341635449314776,0,0.64474912077239266,0.019341635449314776,0,0.008685,446,12,0.05106382978723404,1,0,0,0,0,0,0,0,0,1,20,nan,1,0.021476912593064047,0.027199037443619754,0.76337487188706554,-1.1450928449630737,0.0299987,-0.022900253769278511,-0.76337487188706554,-0.070838200000000004,0.44800001382827759,-0.66719996929168701,0.01343941801483035
639155490497935950,nan,27.966189143014216,0.013233534682925579,0.023009757304758016,235,0,0,1,2,2.5010551501548406,0.86662269162609107,-0.38853091265656642,2.5121541848622915,0.85941589838866606,-0.41154066996132443,0.013001929776028509,-0.0024650075666045063,-0.023009757304758016,0.93544504314005161,1.367826289004866,1.5609636388127237,0.027372666130307578,-0.0059076709164171404,0.028002918182538913,-0.031237692147192464,0.0200118,0.014391458152845451,-0.0033357689645402986,0.012124976804499976,-0.0084395710696829607,0.71914860996239471,0.014772996390370236,-0.0082279348424344478,0,0.018719939114310084,0.0200118,0.010534140175304518,0,0.010534140175304518,0,0.5263964348686534,0.010534140175304518,0,0.0087507000000000001,446,11,0.046808510638297871,1,0,0,0,0,0,0,0,0,1,20,nan,1,0.027440213536995498,0.018719939114310084,1.1747261747618232,-1.1755074262619019,0.0200118,-0.023508385264098652,-1.1747261747618232,-0.083830100000000005,0.44800001382827759,-0.66719996929168701,0.0089652866767287245
639155490498137341,nan,23.351029737637504,0.0061926472633787154,0.015644287664735634,233,0,0,1,2,2.5355259300446504,0.84367000369567102,-0.42370548832404931,2.5333492225321805,0.83787251936763796,-0.43934977598878494,0.00039935898579012644,-0.0061797566723213772,-0.015644287664735634,0.92298366285000533,1.3924749822916151,1.3808514793342554,0.028043192915869066,-0.011266149854987764,0.03022162804138271,-0.027809106027460506,0.0201391,0.027719037242188042,-0.0050819924161888234,0.023371745182358961,-0.015745894692995033,1.3763791451548502,0.028181051658020297,-0.012164818362724874,0,0.018588060284502543,0.0201391,0.010387350440080212,4.3368086899420177e-19,0.010387350440080212,0,0.51578027022459849,0.010387350440080212,0,0.0088850000000000005,445,10,0.042918454935622317,1,0,0,0,0,0,0,0,0,1,20,nan,1,0.028234735232006432,0.018588060284502543,1.725828060514093,-1.1586081981658936,0.0201391,-0.034756623893499372,-1.725828060514093,-0.063690999999999998,0.44800001382827759,-0.66719996929168701,0.0090223170784890644
639155490498436320,nan,33.533323948447538,0.013601814736975361,0.01365885024244945,227,0,0,1,2,2.56481473572545,0.80588986911848104,-0.45185181560040172,2.5542299985596899,0.81443227529418916,-0.46551066584285117,-0.013252343845047152,0.0030634534028839144,-0.01365885024244945,0.92298366285000533,0.96555373872969263,0.87500760434900882,0.028868029125166478,-0.012332426531806375,0.031391907392413446,-0.026160889854066231,0.029897900000000002,0.042081038888349589,-0.015561317539107182,0.031465513193269512,-0.031982650249156919,1.4074914588766967,0.044866116808519485,-0.012502039611616778,0,0.027595273253523175,0.029897900000000002,0,0,0,0,0,0,0,0.038782900000000002,445,10,0.04405286343612335,1,0,0,0,0,0,0,0,0,1,20,nan,1,0.02908367118839749,0.027595273253523175,1.1947365258445524,-1.1907299757003784,0.029897900000000002,-0.035720113176047841,-1.1947365258445524,-0.0337931,0.44800001382827759,-0.66719996929168701,0.013394259613436462
639155490498736404,nan,34.353387229066115,0.006239476842801189,0.02033718174652055,229,0,0,1,2,2.5751879480927311,0.79090539814717609,-0.47398494236816741,2.573874557631993,0.79700507656242836,-0.49432212411468796,-0.003952707624402519,0.0048277503775405054,-0.02033718174652055,0.95042054012289146,0.84566110043392451,0.96011311072355698,0.025376936566261381,-0.0067547795888124821,0.026260539917935651,-0.028811458271836787,0.030008400000000001,0.02928859106087172,-0.011615852555416356,0.020957949533041198,-0.02352687714701307,0.97601308503191508,0.031507929111894165,-0.0084742765253162378,0,0.028520599736223777,0.030008400000000001,0.02026683718485156,-1.7347234759768071e-18,0.02026683718485156,0,0.67537213529716877,0.02026683718485156,0,0.0086507000000000008,444,10,0.043668122270742356,1,0,0,0,0,0,0,0,0,1,20,nan,1,0.025456849096645983,0.028520599736223777,0.8068480373415664,-1.2106533050537109,0.030008400000000001,-0.024212218643760663,-0.8068480373415664,-0.070866799999999994,0.30799999833106995,-0.50400000810623169,0.0092425871499180797
639155490498935756,nan,38.420186639958949,0.0053238899775860174,0.017455697794430458,226,0,0,1,2,2.5869248440190771,0.78542782845331893,-0.50677000798505423,2.5913842400559646,0.78251963460152141,-0.52422570577948469,0.005310433299281,-0.00037828913191943108,-0.017455697794430458,0.95042054012289146,1.1179224977626874,1.5000392102811475,0.022286008577398726,-0.0044441904863824853,0.022724810392853491,-0.02990358166479673,0.0199352,0.016980695475705489,-0.0039998287121005942,0.013050286387084054,-0.011577248109109428,0.85179458825120835,0.01744541912837835,-0.012447883870366272,0,0.018946823551457867,0.0199352,0,0,0,0,0,0,0,0.028585900000000001,444,14,0.061946902654867256,1,0,0,0,0,0,0,0,0,1,20,nan,1,0.022361510485794881,0.018946823551457867,1.7840494445383375,-1.1855720281600952,0.0199352,-0.035565382486760666,-1.7840494445383375,-0.0509316,0.30799999833106995,-0.50400000810623169,0.0061400415667295458
639155490499236471,nan,39.335755635771321,0.0066627722358371952,0.021349041408604164,231,0,0,1,2,2.617796937947757,0.76066888979196778,-0.532630711004903,2.6111601964509132,0.76008050541869243,-0.55397975241350716,-0.0054185990014267551,-0.003877024468375193,-0.021349041408604164,0.96537959124117212,0.94282039853384714,0.98944338107585184,0.028352023614510585,-0.0095271048477925478,0.029909914239572774,-0.02975404663402248,0.030071500000000001,0.033803017248248551,-0.0056957601397832156,0.026412697891792458,-0.021850744809553624,1.1240881648154748,0.034279522439137511,-0.0084050052254183161,0,0.029030412378008907,0.030071500000000001,0.010927710821013736,8.6736173798840355e-19,0.010927710821013736,0,0.36339094561341256,0.010927710821013738,0,0.018751899999999998,444,8,0.034632034632034632,1,0,0,0,0,0,0,0,0,1,20,nan,1,0.02846437049127391,0.029030412378008907,0.79857342148054067,-1.2007690668106079,0.030071500000000001,-0.024014300644052078,-0.79857342148054067,-0.053931300000000001,0.30799999833106995,-0.50400000810623169,0.0092620219498127706
639155490499436304,nan,38.822417873897365,0.0026376609130131568,0.030958275913749667,231,0,1,1,2,2.6243018378531437,0.74516911589042722,-0.55397975241350716,2.6265067017932893,0.74372141768379596,-0.58493802832725683,0.0026366983826060105,-7.1251183851558366e-05,-0.030958275913749667,0.96913592217021127,1.0837733216089407,1.5492073838530007,0.021657367417707945,-0.0058389566085062152,0.022430670470175787,-0.030958275913749667,0.019983299999999999,0.019020669035101932,-0.0057677054246546575,0.013141641402230508,-0.014911389528265206,0.95182822832574865,0.019875922026624988,0,0,0.019366533873503983,0.019983299999999999,0.0012628810201800178,-1.0842021724855044e-19,0.0012628810201800178,0,0.063196820353996486,0.0012628810201800178,0,0.018680200000000001,443,8,0.034632034632034632,1,0,0,0,0,0,0,0,0,1,20,nan,1,0.021657367417707945,0.019366533873503983,0,-1.2007690668106079,0.019983299999999999,0,0,-0.033947999999999999,0.30799999833106995,-0.50400000810623169,0.0061548563666492693
639155490499736874,nan,35.457459515883386,0.0063186947378510699,0.0087102896941804175,227,0,0,1,2,2.6495894714597505,0.71911561683770031,-0.60552781705622127,2.6442600683712398,0.72251022519660113,-0.61423810675040169,-0.0063140426424823735,-0.00024242256301963217,-0.0087102896941804175,0.97610145791762915,0.88210783659157976,0.97481712822786237,0.026513515244433114,-0.0078822725760490878,0.02766038162390249,-0.02930007842314486,0.030057,0.032831210625159202,-0.0077698970159880282,0.023082769666461278,-0.024605800846095649,1.0922983206959844,0.033738104433305466,-0.020589788728964442,0,0.02933868152063018,0.030057,0.020675697899174672,-1.7347234759768071e-18,0.020675697899174672,0,0.68788295236299934,0.020675697899174672,0,0.0088632999999999993,444,5,0.022026431718061675,1,0,0,0,0,0,0,0,0,1,20,nan,1,0.026733862165450647,0.02933868152063018,1.9572135541484854,-1.1686058044433594,0.030057,-0.058827967797041025,-1.9572135541484854,-0.070755799999999994,0.1120000034570694,-0.21440000832080841,0.0033663841039091348
639155490499935667,nan,34.617282490941683,0.0053417295246260665,0.017283350397437003,229,0,0,1,2,2.6560019088813722,0.70848142462399932,-0.62677922390431751,2.6556531957352041,0.70315108941353166,-0.64406257430175451,0.0028440206791753462,-0.0045216833912476474,-0.017283350397437003,0.97610145791762915,1.0296125850910955,1.5002775525975673,0.020467977462801414,-0.0092542632327530638,0.022462846867635274,-0.029824467551352818,0.019879299999999999,0.017680885908619194,-0.0046972691595872926,0.011741840510132384,-0.014028800572601807,0.88941189622467565,0.018294208484414369,-0.012541117153915815,0,0.019404213712381924,0.019879299999999999,0,0,0,0,0,0,0,0.0287426,444,3,0.013100436681222707,1,0,0,0,0,0,0,0,0,1,20,nan,1,0.020630482072428506,0.019404213712381924,1.8024660474414183,-1.1944597959518433,0.019879299999999999,-0.035831763296902186,-1.8024660474414183,-0.050876499999999998,0.1120000034570694,-0.21440000832080841,0.0022264816687241197
639155490500236414,nan,40.138176575363552,0.0067297606040685673,0.021763346748593482,224,0,0,1,2,2.6728894609725624,0.67386332772498736,-0.65247564426872762,2.6703154258812636,0.68008136770048089,-0.6742389910173211,-0.0058206012293987291,0.0033779104660122865,-0.021763346748593482,0.94203288308676736,0.85045024536480596,1.0033821356677404,0.025577035994272929,-0.0096440801801565886,0.027334832225086404,-0.03017641671556659,0.030074699999999999,0.031369012972697174,-0.013070839650775575,0.017236265237358328,-0.0292877616885443,1.0430366046110908,0.033983257996512493,-0.0084130699669731062,0,0.028331356348969602,0.030074699999999999,0.010667391961498129,0,0.010667391961498129,0,0.35469653767113651,0.010667391961498129,0,0.018750900000000001,443,6,0.026785714285714284,1,0,0,0,0,0,0,0,0,1,20,nan,1,0.025691094974757224,0.028331356348969602,0.79925461476856774,-1.2019212245941162,0.030074699999999999,-0.024037342762780245,-0.79925461476856774,-0.053892200000000001,0.1120000034570694,-0.21440000832080841,0.0033683665039703249
639155490500435618,nan,44.311841655411726,0.00803060199144685,0.02963136726389215,242,0,1,1,2,2.6800271599767513,0.66480081346676756,-0.67423899101732121,2.6857066446838389,0.65912331209671149,-0.70387035828121336,0.0079811939977876799,-0.00088944404810423249,-0.02963136726389215,0.92134926470186684,1.2603925911217297,1.4874885676940353,0.025107524572181308,-0.006763277369496978,0.026002494321111545,-0.029631367263892261,0.019920400000000001,0.017126330574393629,-0.0058738333213927425,0.0097117340954877562,-0.015280554233713328,0.85973828710234868,0.018105610092756158,-1.1102230246251565e-16,0,0.018353645892567071,0.019920400000000001,0.0011690079470536574,-1.0842021724855044e-19,0.0011690079470536574,0,0.058683959511538791,0.0011690079470536574,0,0.018651600000000001,443,3,0.012396694214876033,1,0,0,0,0,0,0,0,0,1,20,nan,1,0.025107524572181308,0.018353645892567071,0,-1.2019212245941162,0.019920400000000001,0,0,-0.067208100000000007,0.1120000034570694,-0.21440000832080841,0.0022310848688662055
639155490500735651,nan,32.470538006863144,0.0092287489492950178,0.0085443136674857589,219,0,0,1,2,2.7088882753287713,0.62755713723593687,-0.72312806251885631,2.703549444322396,0.6350848653563248,-0.73167237618634207,-0.0089840794118885813,0.0021109534078216012,-0.0085443136674857589,0.93087431287062505,0.97187211828473696,0.92663200065088525,0.029159370726532449,-0.0067781649039206603,0.029936807121536849,-0.027802017905128706,0.0300033,0.038101134672044998,-0.0090617289410884067,0.023181630644932394,-0.031566174860774621,1.2698981336068031,0.039163904232074061,-0.019257704237642947,0,0.027929301271351226,0.0300033,0.019856804370946612,1.7347234759768071e-18,0.019856804370946612,0,0.66182067875689043,0.019856804370946612,0,0.0087127999999999997,443,2,0.0091324200913242004,1,0,0,0,0,0,0,0,0,1,20,nan,1,0.029334787322370028,0.027929301271351226,1.8338653450637459,-0.84042888879776001,0.0300033,-0.055022012107551088,-1.8338653450637459,-0.070592100000000005,0.1120000034570694,-0.21440000832080841,0.0033603697037234903
639155490500935587,nan,39.435257554277101,0.0030239522503814047,0.026115246918030022,232,0,1,1,2,2.7154395297081186,0.6190661244595369,-0.73167237618634207,2.7147252081413358,0.61612775213598503,-0.75778762310437209,0.0014316736210583975,-0.0026635686316204238,-0.026115246918030022,0.93087431287062505,1.0493831876977153,1.3061803236050546,0.020980947701553041,-0.00663849923779473,0.02200613184059173,-0.026115246918030022,0.0199936,0.019549274080494644,-0.003974930606174305,0.011890085385722671,-0.016018740896787897,0.97777659253434324,0.019949290473553212,0,0,0.01861152866181013,0.0199936,0,0,0,0,0,0,0,0.0287064,443,0,0,1,0,0,0,0,0,0,0,0,1,20,nan,1,0.020980947701553041,0.01861152866181013,0,-0.84042888879776001,0.0199936,0,0,-0.050598499999999998,0.1120000034570694,-0.21440000832080841,0.0022392832691192628
639155490501235736,nan,32.052728196591268,0.0088001290821610907,0.01033308022775381,240,0,0,1,2,2.7306401603107093,0.5884848867264435,-0.76986366059323175,2.7255379185000428,0.59565492161953737,-0.78019674082098556,-0.008654050163278101,0.0015967741337345322,-0.01033308022775381,0.46988096766268495,0.73047752722256232,0.7465997793300484,0.021925209931832487,-0.0074388617477107741,0.023152785894066406,-0.022409117716613469,0.030014900000000001,0.030559346854127423,-0.0091400235477053313,0.015914952169373553,-0.027642865409541528,1.0181392193253158,0.031896923215311464,-0.012076037488859659,0.067293743292490604,0.014103430256298722,0.030014900000000001,0.0053643020911273709,0,0.0053643020911273709,0,0.17872130478953355,0.0053643020911273709,0,0.0185986,441,0,0,1,0,0,0,0,0,0,0,0,1,20,nan,1,0.02205027241708063,0.014103430256298722,1.1495278762842638,-0.70962375402450562,0.030014900000000001,-0.034502964253884549,-1.1495278762842638,-0.054178499999999997,0.014000000432133675,-0.039999999105930328,0.00042020861297044902
639155490501435605,nan,33.635542490025493,0.0073292639131248899,0.022548014353559357,227,0,0,1,2,2.7325944937703452,0.58216419324895685,-0.78019674082098567,2.7377870578362478,0.57699163218796079,-0.80274475517454502,0.0073292246895559146,-2.397828681916089e-05,-0.022548014353559357,0.58563570055374636,1.0924406200830188,1.1281396491481654,0.021834501429537287,-0.0046491218749454381,0.022323973366866437,-0.022548014353559468,0.019986899999999998,0.014505276739981372,-0.0046251435881262785,0.0070565752703024565,-0.013490728370580518,0.72573919617256166,0.015224815483749885,-1.1102230246251565e-16,0.067293743292490604,0.011705042183397673,0.019986899999999998,0.00082662479133155387,0,0.00082662479133155387,0,0.04135832927225102,0.00082662479133155376,0,0.018575399999999999,441,0,0,1,0,0,0,0,0,0,0,0,1,20,nan,1,0.021834501429537287,0.011705042183397673,0,-0.70962375402450562,0.019986899999999998,0,0,-0.067275399999999999,0.014000000432133675,-0.039999999105930328,0.00027981660863701254
639155490501735480,nan,31.662541550137231,0.0070133485698400085,0.0088156020338494567,231,0,0,0,0,2.7487260201732218,0.55669181997344974,-0.8081424527522455,2.7470212544482591,0.56349482166278286,-0.81695805478609496,-0.0060963301087497059,0.0034672492508080093,-0.0088156020338494567,0.67285734726567759,0.53766113343102073,0.47397414294455803,0.016123113238762733,-0.0027348676223664953,0.016353418034827906,-0.014213299611549934,0.0299875,0.022200639467010723,-0.0062349723503760286,0.010938962336974001,-0.020299812214511048,0.74032978631132051,0.023059559253249998,-0.0053976975777004776,0.84209171434243513,0.020177309701129506,0.0299875,0.01447678737205438,-8.6736173798840355e-19,0.014476787372054378,0,0.48276072937238451,0.01447678737205438,0,0.0084950000000000008,441,0,0,1,0,0,0,0,0,0,0,0,1,20,nan,1,0.016143722251060103,0.020177309701129506,0.51428071960462574,-0.24474497139453888,0.0299875,-0.015421993079143714,-0.51428071960462574,-0.070542199999999999,0.014000000432133675,-0.039999999105930328,0.00041982501295860855
639155490501935558,nan,33.004566156904353,0.0060185129175277493,0.0067838311742833834,231,0,0,1,2,2.7548905842380851,0.5526700808523296,-0.81868867771397957,2.7592933747132102,0.54856667570896445,-0.82547250888826296,0.0060044097283155793,0.00041177852415784887,-0.0067838311742833834,0.68777215311062623,0.96378300204950385,0.42555673798058763,0.019283177548406062,-0.0012702523578323726,0.01932497030828069,-0.0085144541021680009,0.020007799999999999,0.013278064178859697,-0.0016716389013834475,0.0078693297898260184,-0.010824740810453259,0.66364438763180844,0.013382875810323261,-0.0017306229278846175,0.83792631824811292,0.013760807685006787,0.020007799999999999,0.007961581667193407,0,0.007961581667193407,0,0.3979238930413842,0.007961581667193407,0,0.0084319000000000009,441,0,0,1,0,0,0,0,0,0,0,0,1,20,nan,1,0.01928625908075246,0.013760807685006787,0.24713546400971489,-0.2472442090511322,0.020007799999999999,-0.0049446369368135734,-0.24713546400971489,-0.0505344,0.014000000432133675,-0.039999999105930328,0.00028010920864604414
639155490502235673,nan,28.43788967627858,0.0027185273537634752,0.0054881569548825837,236,0,0,0,0,2.7738820434254272,0.53031307165629771,-0.82787223323390247,2.7715805037157502,0.53175989781653255,-0.83336039018878505,-0.0026224419811510091,-0.00071637213001136024,-0.0054881569548825837,0.68777215311062623,0.68920314310955855,0.26282862571088056,0.020684020129432518,-0.002369099731084727,0.020819253642976623,-0.0078878813005220927,0.0300115,0.023308173653680049,-0.0016590227955773813,0.014588668712216979,-0.018253604052666739,0.77664140924912284,0.023367141795828394,-0.002399724345639509,0.67861134807268775,0.020641073973079561,0.0300115,0,0,0,0,0,0,0,0.038443400000000003,441,0,0,1,0,0,0,0,0,0,0,0,1,20,nan,1,0.020692020264901554,0.020641073973079561,0.22845760036171722,-0.34283319115638733,0.0300115,-0.0068563552732556765,-0.22845760036171722,-0.0205229,0.014000000432133675,-0.039999999105930328,0.00042016101296897979
639155490502435395,nan,31.264520925209769,0.0048519209116559964,0.0059801854184052816,226,0,0,0,0,2.7797084202617306,0.52062916247388369,-0.83472542170660735,2.7829918178402053,0.51705698710380021,-0.84070560712501263,0.0048517941327101792,3.5074588576740253e-05,-0.0059801854184052816,0.68586106656464152,0.92908645408786905,0.36777204996082474,0.018555900478333737,-0.0014395245436403994,0.018611654237965236,-0.0073452169362275832,0.019972199999999999,0.013704062987919638,-0.0014679762496873161,0.0081279165459804403,-0.011130735342648856,0.68615690749740332,0.013782463373668547,-0.0013650315178223016,0.92497624456882477,0.013698154393642333,0.019972199999999999,0.00082543379361066371,0,0.00082543379361066371,0,0.04132913718121508,0.00082543379361066371,0,0.018768699999999999,441,0,0,1,0,0,0,0,0,0,0,0,1,20,nan,1,0.018558672333206162,0.013698154393642333,0.19527593609721744,-0.19501425325870514,0.019972199999999999,-0.0039000900509208458,-0.19527593609721744,-0.034214399999999999,0,0,0
639155490502680303,nan,35.527036330573921,0.0024112318094038133,0.0067251867677848862,219,0,0,1,2,2.7936727147787854,0.50272803136396715,-0.84070560712501263,2.7913332770841985,0.50214401928204866,-0.84743079389279752,-0.001125102585054067,-0.0021326469496345249,-0.0067251867677848862,0.70937418008567021,0.68087156761317658,0.2746005343959726,0.016675089388100785,-0.0037306762752409564,0.017087321369126208,-0.0067251867677848862,0.0244908,0.017800191973154852,-0.0015980293256064315,0.010680896938580098,-0.01432895573983306,0.72681137297086462,0.017871780325604512,0,0.92497624456882477,0.017373141169642132,0.0244908,0.015049074466866319,0,0.015049074466866319,0,0.61447868043781007,0.015049074466866319,0,0.0033103999999999998,441,0,0,1,0,0,0,0,0,0,0,0,1,20,nan,1,0.016675089388100785,0.017373141169642132,0,-0.19501425325870514,0.0244908,0,0,-0.0760821,0,0,0
639155490502935443,nan,23.244992158945486,0.0042107027301291917,0.0025832549999215133,210,0,0,0,0,2.7999761852054013,0.4866612834836116,-0.8478631129117723,2.799566064257919,0.4908519658015586,-0.85044636791169381,-0.0034137908703854168,0.0024649643759678567,-0.0025832549999215133,0.67909469181077509,0.54533577904055186,0.11819291443506678,0.013913697066440639,-0.0013031847134404194,0.013974593248249609,-0.0030155740188962939,0.025513999999999998,0.017326421966860125,-0.0037696247057317838,0.0086429081212027192,-0.015482735798437064,0.67909469181077553,0.017731750297016832,-0.00043231901897478053,1,0.017326421966860114,0.025513999999999998,0.011376058458275828,0,0.011376058458275828,0,0.44587514534278549,0.011376058458275828,0,0.0087621999999999995,441,0,0,1,0,0,0,0,0,0,0,0,1,20,nan,1,0.013914499257905185,0.017326421966860114,0.048412526341237196,-0.0087016429752111435,0.025513999999999998,-0.0012351971970703257,-0.048412526341237196,-0.050568099999999998,0,0,0
639155490503235431,nan,25.692325941215941,0.006704674485990254,0.0002410946078224008,219,0,0,0,0,2.8117620864701816,0.47470828797236314,-0.85116261271634541,2.8093905329477185,0.48097952340512928,-0.85140370732416781,-0.006279377928456684,0.0023499091034973538,-0.0002410946078224008,0.67263563419863459,0.46337082334845753,0.031912590252743477,0.013900568655465708,0.00087149008161274688,0.013927860708223109,-0.00095733941247400089,0.029998799999999999,0.020178261863198363,-0.0014829159905583224,0.012196022212262569,-0.016143677829195457,0.67263563419864669,0.020232678805705857,-0.00071624480465160023,1,0.020178261863197999,0.029998799999999999,0.0076467236802604246,0,0.0076467236802604255,0,0.25490098538142941,0.0076467236802604255,0,0.018630500000000001,440,0,0,1,1,1,1,1,1,3,0.029675111257735684,0.23740089006188547,0.98071117768247185,20,0.020178261863197999,1,0.01370562878819391,0.020178261863197999,0.068216519579978457,-0.059755932539701462,0.029998799999999999,-0.0020464137275758576,-0.068216519579978457,-0.054314500000000002,0,0,0
639155490503435253,nan,23.651617635342273,0.0025171860007075007,0.00043855021958050244,215,0,0,0,0,2.818023837134358,0.47201851206967455,-0.8518821274504782,2.8187187231794355,0.46959914050943119,-0.8514435772308977,0.002278258195049556,-0.0010704041100665482,0.00043855021958050244,0.62201621617377845,0.7360049577271971,0.0019952711277979184,0.014706998266296397,-0.00048213052895854959,0.014714898839332843,-3.986990672988356e-05,0.019982199999999999,0.012429252434827336,0.00058936342313970456,0.0086333041866395455,-0.0089610113354547383,0.62201621617376146,0.012443217643889228,-0.000478420126310386,1,0.012429252434827676,0.019982199999999999,0.00093420615507122651,0,0.00093420615507122662,0,0.046751916959655422,0.00093420615507122662,0,0.018480300000000002,440,0,0,1,0,0,0,0,0,0,0,0,1,20,nan,1,0.014707324346989929,0.012429252434827676,0.068406614216696901,-0.068314649164676666,0.019982199999999999,-0.0013669146466008808,-0.068406614216696901,-0.034332300000000003,0,0,0
639155490503735440,nan,25.055102010995672,0.0046089568901022176,0.00088055732705538681,213,0,0,0,0,2.8296356564589216,0.45603788857391159,-0.85194033478252695,2.8259689534501939,0.45883033779647742,-0.85282089210958234,-0.0045160969609553091,-0.0009205171666356528,-0.00088055732705538681,0.57875164105666965,0.42899271329033323,0.045881896240831332,0.012877803562448525,-0.0016416839697489327,0.012982024143004147,-0.0013773148786846434,0.030018699999999999,0.017394357240024715,-0.00072341032186737549,0.010916933279486063,-0.013561251935519603,0.57945071705386031,0.017409393622047395,-0.00049675755162925661,1,0.017373371887387849,0.030018699999999999,0.012394000936458927,0,0.012394000936458927,0,0.41287600517207362,0.012394000936458927,0,0.0086399000000000007,441,0,0,1,0,0,0,0,0,0,0,0,1,20,nan,1,0.012878965346679894,0.017373371887387849,0.047280771331514038,-0.070968203246593475,0.030018699999999999,-0.0014193072903693205,-0.047280771331514038,-0.070648500000000003,0,0,0
639155490503935323,nan,23.62796397635233,0.0011873549967807535,0.00077134990734939457,206,0,0,0,0,2.8326235687487515,0.44956824115838012,-0.85295287674177644,2.8333452427946151,0.44862537400978114,-0.85218152683442705,0.0011848816715245966,-7.659838683224114e-05,0.00077134990734939457,0.56800533901891814,0.62728359436803438,0.031986976138805717,0.012538332669306582,-0.0011580778273512166,0.01259170085335588,0.00063936527515529029,0.019988300000000001,0.011353461117912154,-0.0010813230550149894,0.0066546152985575979,-0.0092620966380972947,0.5680053390189338,0.011404838398909913,-0.00013198463219410428,1,0.011353461117911842,0.019988300000000001,0.0064333988713300982,0,0.0064333988713300982,0,0.32185823063142427,0.0064333988713300982,0,0.0086619999999999996,441,0,0,1,0,0,0,0,0,0,0,0,1,20,nan,1,0.012538550801396604,0.011353461117911842,0.01886598405693268,-0.012570551596581936,0.019988300000000001,-0.00037709894912518749,-0.01886598405693268,-0.050660200000000002,0,0,0
639155490504236163,nan,24.937852480577266,0.0020888758486660758,0.00011508516619695985,204,0,0,0,0,2.842488178872923,0.43550588097997933,-0.85216330432511422,2.8436773190256983,0.43722324757107106,-0.85227838949131118,-0.00050979483170582188,0.0020257126007176959,-0.00011508516619695985,0.5283362682876086,0.51138932821356464,0.0032197399575898665,0.015384636549976878,0.00027063775487180027,0.015387016818384469,-9.6862656884133536e-05,0.030084,0.015894468295164787,-0.0017550655557684982,0.0091429360783079616,-0.01311949302980181,0.52833626828762092,0.015991071805574623,1.8222509312826318e-05,1,0.015894468295164416,0.030084,0.0059909106133670953,4.3368086899420177e-19,0.0059909106133670953,0,0.19913943004145376,0.0059909106133670944,0,0.018744799999999999,441,0,0,1,0,0,0,0,0,0,0,0,1,20,nan,1,0.015384643590048298,0.015894468295164416,0.001730631309757398,0.0098202014341950417,0.030084,5.2064312322741557e-05,0.001730631309757398,-0.054164900000000002,0,0,0
639155490504436168,nan,26.969085986953775,0.00053410283335166529,0.0014462181072926186,207,0,0,0,0,2.8498114440414359,0.43048323954346823,-0.85234855191612457,2.8503017293711337,0.43027137606837768,-0.85379477002341719,0.00048221092045083117,0.00022964856801695684,-0.0014462181072926186,0.45557193761269932,0.47968268644218826,0.07581713117702106,0.0095938935701869871,0.00041053133692366996,0.009602673055700249,-0.0015163805321060098,0.020000500000000001,0.0091116665382226895,0.00018091660255938839,0.0061341250157376237,-0.0067400080276028285,0.45557193761269416,0.0091134624551181785,-7.0162424813391397e-05,1,0.0091116665382227936,0.020000500000000001,0.00054832638411062007,0,0.00054832638411062007,0,0.027415633814685637,0.00054832638411062007,0,0.018796899999999998,441,0,0,1,0,0,0,0,0,0,0,0,1,20,nan,1,0.0095938523736032039,0.0091116665382227936,0.010022952970915794,-0.01002370472997427,0.020000500000000001,-0.00020046407089480134,-0.010022952970915794,-0.034164399999999998,0,0,0
639155490504736181,nan,22.994606266015285,0.002564831160585456,0.00056119294116752094,201,0,0,0,0,2.8546178250045644,0.42629078711153712,-0.85382290816954687,2.8558964686526305,0.42406740470997628,-0.85438410111071439,0.0025161858657745733,-0.00049715950276183613,-0.00056119294116752094,0.18260272447892179,0.27841737210449707,0.019643518357444368,0.0083528831057186493,0.00014039966519895433,0.008354062978203361,-0.00058933108729719574,0.030001300000000002,0.0058367112300869144,0.00063762996856954728,0.0043160956334307166,-0.0039805889568405584,0.19454861056310607,0.0058714367884054328,-2.8138146129674801e-05,1,0.0054783191179094762,0.030001300000000002,0.0042572707044339353,0,0.0042572707044339353,0,0.14190287435657573,0.0042572707044339353,0,0.0086496000000000003,441,0,0,1,0,0,0,0,0,0,0,0,1,20,nan,1,0.0083528774552755359,0.0054783191179094762,0.002679707320259234,-0.0040199160575866699,0.030001300000000002,-8.0394703227293363e-05,-0.002679707320259234,-0.070568900000000004,0,0,0
639155490504936079,nan,24.203541389664998,0.004057009931193155,0.00048367589690989638,201,0,0,0,0,2.8589380334903258,0.42072177474131273,-0.85458212028221603,2.8606956544641275,0.41706526026790336,-0.85409844438530613,0.0039120340725360848,-0.0010748576636544131,0.00048367589690989638,0.22614066719745093,0.42183152720681888,0.01429012423377205,0.008432327862558868,-0.00097880440295339483,0.008488946415246567,0.00028565672540825648,0.019989799999999999,0.0045205067091439732,9.6827897368445028e-05,0.0030415648376953541,-0.0033456299686635549,0.22614066719746939,0.0045215436024796289,-0.00019801917150163995,1,0.0045205067091436046,0.019989799999999999,0.0025528341497920159,0,0.0025528341497920159,0,0.12770683797696905,0.0025528341497920159,0,0.0087010999999999998,440,0,0,1,0,0,0,0,0,0,0,0,1,20,nan,1,0.0084326044137865118,0.0045205067091436046,0.028302887544304104,-0.01885991171002388,0.019989799999999999,-0.0005657690614331301,-0.028302887544304104,-0.084105399999999997,0,0,0
639155490505236117,nan,25.32250777662707,0.0022903208827228412,0.00045489723585545599,198,0,0,0,0,2.8644010795085513,0.41057023912031998,-0.85413025899345252,2.8660629555658939,0.40899425126634781,-0.85367536175759706,0.0022799387448141006,0.00021782806461022948,0.00045489723585545599,0.24434230881768351,0.320330872725411,0.014100968134338665,0.0096111434390786874,-0.0012550016787507869,0.0096927347750886371,0.00042308262770907046,0.030003800000000001,0.0073311977653039099,-0.0014727572078930252,0.0037054250444237269,-0.0064950211475833797,0.2443423088176801,0.0074776650411340238,-3.1814608146385481e-05,1,0.0073311977653040131,0.030003800000000001,0.0027701331892968644,0,0.0027701331892968639,0,0.092326078339972417,0.0027701331892968644,0,0.018666700000000001,440,0,0,1,0,0,0,0,0,0,0,0,1,20,nan,1,0.00961120046827579,0.0073311977653040131,0.0030295789339320743,-0.0045451712794601917,0.030003800000000001,-9.0898880417911165e-05,-0.0030295789339320743,-0.0541016,0,0,0
639155490505436086,nan,21.409545163358374,0.0059572825813237525,0.00066524202004969446,200,0,0,0,0,2.8686417161079727,0.40476010240139093,-0.85355130940793245,2.8729664152901142,0.40066300675474953,-0.85288606738788275,0.0059303232112356274,0.00056611161799007687,0.00066524202004969446,0.24434230881768351,0.54090092230922338,0.03947083646536767,0.010816341653325311,-0.00027229490356756644,0.010819768540776138,0.00078929436971431077,0.019996900000000001,0.0048860887151967155,-0.0008391421877284391,0.0025787605420788395,-0.004234148864956877,0.2443423088177025,0.0049576226705950873,0.0001240523496646162,1,0.0048860887151963356,0.019996900000000001,0,0,0,0,0,0,0,0.038663599999999999,440,0,0,1,0,0,0,0,0,0,0,0,1,20,nan,1,0.010816293228015207,0.0048860887151963356,0.017724511537142908,0.01181506086140871,0.019996900000000001,0.00035443528475709307,0.017724511537142908,-0.034104700000000002,0,0,0
639155490505736159,nan,36.011997807604679,0.0015139481961162851,0.0023402671623495852,206,0,0,0,0,2.8728350395197473,0.40017279675356171,-0.85261067661542533,2.8742528318179019,0.40070374321020036,-0.85495094377777492,0.00053313191758588363,0.0014169719471376109,-0.0023402671623495852,0,0.027178002066208247,0.068812468629039183,0.00081553846140133075,0.00099570274667856989,0.001287061358975592,-0.0020648763898921674,0.030007300000000001,0.00028279678502597015,-0.00042141596633616003,-0.00013137577036692605,-0.00049021000118781854,0.0094242662627417369,0.00050750905243558404,0.00027539077245741783,1,0,0.030007300000000001,0.0002827967850258517,0,0.0002827967850258517,0,0.0094242662627377904,0.0002827967850258517,0,0.013696,440,0,0,1,0,0,0,0,0,0,0,0,1,20,nan,1,0.00081593012306210801,0,0.02622131209571555,0.039343506097793579,0.030007300000000001,0.00078683077844976523,0.02622131209571555,-0.070679199999999998,0,0,0
639155490505936109,nan,43.146777558459554,0.011424697687082151,0.0020495879530448846,208,0,0,0,0,2.8747542945742555,0.40113988743223811,-0.85495094377777492,2.8819961540964663,0.39230364457105638,-0.85290135582473003,0.011419797735364935,-0.00033456976040002924,0.0020495879530448846,0,0.57113266993573408,0.10250502390822129,0.011419797735365002,0.00033002536328551654,0.011424565508458488,0.0020495879530448846,0.019994999999999999,6.6786853825107073e-17,0.00066459512368554621,0.00050146275635354343,0.00043614422203774872,3.3401777356892761e-15,0.0006645951236855461,0,1,0,0.019994999999999999,0,0,0,0,0,0,0,0.033690999999999999,440,0,0,1,0,0,0,0,0,0,0,0,1,20,nan,1,0.011419797735365002,0,0,0.039343506097793579,0.019994999999999999,0,0,-0.050684199999999999,0,0,0
639155490506236186,nan,35.525957873299973,0.0023910040973217075,0.00087749985604990144,204,0,0,0,0,2.8823427439449212,0.39260633896740776,-0.85297734913547418,2.8843754428752129,0.39134735697698841,-0.85385484899152408,0.0022853125091561242,0.00070302726042717131,-0.00087749985604990144,0,0.076159316706252797,0.03177494998930442,0.0022853659279262221,0.0011630148884308003,0.0025642739820927458,-0.00095349316679405039,0.030007700000000002,-9.3322701996689794e-17,0.00046016129849710285,0.00034658984845492569,0.0003026943963513884,-3.1099585105386212e-15,0.0004601612984971028,-7.5993310744149056e-05,1,0,0.030007700000000002,0,0,0,0,0,0,0,0.018598900000000002,438,0,0,1,0,0,0,0,0,0,0,0,1,20,nan,1,0.0022852396553851503,0,0.0072356010285047154,0.014957942999899387,0.030007700000000002,-0.00021712374498306097,-0.0072356010285047154,-0.054051200000000001,0,0,0
639155490506435326,nan,38.952002603057153,0.0023016100263039737,0.0016868993497624052,201,0,0,0,0,2.8849583386087825,0.39185545032803754,-0.85385484899152397,2.8828466507104125,0.39093992701699593,-0.85554174834128638,-0.00069741365815280041,-0.0021934044092699612,-0.0016868993497624052,0,-0.035021274387503465,0.084709217121738178,-0.00069741365815274403,-0.0014201474729325023,0.0015821519065673069,-0.0016868993497622942,0.019914000000000001,5.6324302860621955e-17,0.00077325693633745912,0.00058289573356962165,0.00050809335104912146,2.8283771648399091e-15,0.00077325693633745901,1.1102230246251565e-16,1,0,0.019914000000000001,0,0,0,0,0,0,0,0.0036024,439,0,0,1,0,0,0,0,0,0,0,0,1,20,nan,1,-0.00069741365815274403,0,0,0.014957942999899387,0.019914000000000001,0,0,-0.068284499999999998,0,0,0
639155490506736332,nan,40.149515571198855,0.00669262304170246,0.00048578058722137385,201,0,0,0,0,2.8812247895829759,0.38953100521332418,-0.85579035044306717,2.8863036118160594,0.38517247703249718,-0.8553045698558458,0.0066208653248015902,0.00097741778639772294,0.00048578058722137385,0,0.21996598434318457,0.0078795268347003448,0.0066211081083204617,-0.0011725983232051354,0.0067241400498242489,0.0002371784854405812,0.030100600000000002,4.3584927333917278e-17,-0.002148370118380781,-0.0016218611274365635,-0.0014089218036717477,1.4479753670663468e-15,0.002148370118380781,-0.00024860210178079267,1,0,0.030100600000000002,0,0,0,0,0,0,0,0.0087802000000000002,439,0,0,1,0,0,0,0,0,0,0,0,1,20,nan,1,0.0066215241341957866,0,0.023597261163342681,-0.013112379238009453,0.030100600000000002,-0.0007102917193733127,-0.023597261163342681,-0.070828500000000003,0,0,0
639155490506935854,nan,46.226372298780284,0.0046368619005473241,0.0006729464428445463,202,0,0,0,0,2.8857161749672473,0.38466192212104522,-0.8555376571008465,2.8895107251122751,0.38199698732228998,-0.85486471065800196,0.0045003364764941295,0.0011168974362419047,0.0006729464428445463,0,0.22556894421604054,0.02204564899328592,0.0045005966887872841,0.00033755005446940711,0.0045132372632507778,0.00043985919784383931,0.0199522,3.2797115717686509e-17,-0.00077829838041078314,-0.00058743684881212843,-0.00051055491145196585,1.6437844306736354e-15,0.00077829838041078314,-0.00023308724500070707,1,0,0.0199522,0,0,0,0,0,0,0,0.028732400000000002,439,0,0,1,0,0,0,0,0,0,0,0,1,20,nan,1,0.0045004840412658439,0,0.033377951160506382,-0.022199895232915878,0.0199522,-0.00066596355714465538,-0.033377951160506382,-0.050876299999999999,0,0,0
639155490507235177,nan,36.150239798800321,0.0015882552563736046,0.00011864634668756757,206,0,0,0,0,2.889890548667235,0.38232739411324429,-0.8549423320940176,2.8913222428135636,0.38163978475411164,-0.85506097844070517,0.0014583904992069756,0.00062900867340698373,-0.00011864634668756757,0,0.048724599157760319,0.0065570565143075465,0.0014584393193698292,0.0011323183335576993,0.0018463992138199189,-0.00019626778270320777,0.029932299999999998,-1.2836953722228372e-16,0.00050342286441033769,0.00037982355495991271,0.00033040679095430736,-4.2886626561368062e-15,0.00050342286441033759,-7.7621436015640199e-05,1,0,0.029932299999999998,0,0,0,0,0,0,0,0.018766999999999999,438,0,0,1,0,0,0,0,0,0,0,0,1,20,nan,1,0.0014583137501534204,0,0.0074092378959689526,-0.01108927559107542,0.029932299999999998,-0.00022177553147351148,-0.0074092378959689526,-0.054116999999999998,0,0,0
639155490507436303,nan,37.025332462727597,0.0014556301634349748,3.012052085227257e-05,196,0,0,0,0,2.8918965305242677,0.38213915706054724,-0.85506097844070517,2.8911755982060781,0.38087459556924225,-0.85509109896155744,0.00048119596424066991,-0.001373793877079172,-3.012052085227257e-05,0,0.023925099899603119,0.0014975945850995182,0.00048119596424075773,-0.00061275572093951326,0.0007791143237970248,-3.012052085227257e-05,0.020112600000000001,8.7766165862701584e-17,0.00076103815613965883,0.00057428771070400231,0.00049937230643559705,4.3637404344889066e-15,0.00076103815613965883,0,1,0,0.020112600000000001,0,0,0,0,0,0,0,0.018742499999999999,437,0,0,1,0,0,0,0,0,0,0,0,1,20,nan,1,0.00048119596424075773,0,0,-0.01108927559107542,0.020112600000000001,0,0,-0.034004399999999997,0,0,0
639155490507735350,nan,41.24825726186468,0.00036742473029951431,0.00041189125048590736,196,0,0,0,0,2.8904880822196701,0.38027680189670837,-0.85502914264355501,2.8907934609890908,0.38007248660207099,-0.85544103389404091,0.00035456277185573021,9.6364792583454692e-05,-0.00041189125048590736,0,0.011856223294918542,0.011701670054656142,0.00035455680076755053,-0.00081467608462059836,0.00088848615511062906,-0.00034993493248347551,0.029904699999999999,5.9739539703951294e-17,-0.00091106284442293167,-0.00068751598640792722,-0.00059779367253387505,1.9976639024618636e-15,0.00091106284442293167,6.1956318002431843e-05,1,0,0.029904699999999999,0,0,0,0,0,0,0,0.0085947000000000003,437,0,0,1,0,0,0,0,0,0,0,0,1,20,nan,1,0.00035448469319234724,0,0.0059194056932780903,-0.009154382161796093,0.029904699999999999,0.00017701805143577332,0.0059194056932780903,-0.070895700000000006,0,0,0
639155490507935982,nan,42.111168459482421,0.00024146642015262896,0.00039355413776076542,199,0,0,0,0,2.8903809399454174,0.3797140538562413,-0.85550166044297593,2.8903216557618667,0.37994812952272983,-0.8558952145807367,-0.00021558465767071555,0.00010876252773049326,-0.00039355413776076542,0,-0.010744949129642,0.022637499835309525,-0.00021557806337783338,-0.00043771103962378101,0.00048791890270645212,-0.00045418068669578204,0.0200632,-2.2605615296322767e-17,-0.0005464866373081816,-0.00041252104367339726,-0.00035843274582969542,-1.1267203285778325e-15,0.00054648663730818149,-6.0626548935016629e-05,1,0,0.0200632,0,0,0,0,0,0,0,0.0086858000000000005,437,0,0,1,0,0,0,0,0,0,0,0,1,20,nan,1,-0.00021554015269824566,0,0.0086336532179416437,-0.0057742265053093433,0.0200632,-0.00017321871124220678,-0.0086336532179416437,-0.050832500000000003,0,0,0
639155490508236089,nan,44.57780649218256,0.0027129598981233878,0.0009176888365119984,200,0,0,0,0,2.8898271192257097,0.37951882888917465,-0.85594050369351582,2.8924764727430987,0.37893481061144357,-0.85502281485700382,0.0021777173176983126,0.0016179303733543449,0.0009176888365119984,0,0.072567137390865816,0.029069622625692668,0.0021777905900960568,0.00096295357326569295,0.0023811869810193612,0.000872399723732875,0.030010700000000001,-1.599198204416119e-17,-0.00065487817154421179,-0.00049453653615705306,-0.00042930063355517412,-5.3287600902881936e-16,0.00065487817154421179,-4.5289112779123286e-05,1,0,0.030010700000000001,0,0,0,0,0,0,0,0.018609299999999999,437,0,0,1,0,0,0,0,0,0,0,0,1,20,nan,1,0.0021777282836623786,0,0.0043117109925127767,0.0022760902065783739,0.030010700000000001,-0.0001293974650830032,-0.0043117109925127767,-0.054105399999999998,0,0,0
639155490508436104,nan,39.358098806511514,0.0031165269715192684,0.00052938220042986206,197,0,0,0,0,2.8929598014554987,0.37935512184683601,-0.8550625557596736,2.890081096103835,0.38054918878905908,-0.85559193796010347,-0.0027899810508206263,-0.0013887930372337336,-0.00052938220042986206,0,-0.13949135017405351,0.028454021103399479,-0.0027900362405063311,-0.00074816035777948431,0.0028886062632853629,-0.00056912310309964464,0.020001499999999998,3.8218126580114031e-17,0.00064052180199219945,0.00048332871239997743,0.00042031123539243431,1.9107630217790685e-15,0.00064052180199219955,-3.9740902669782585e-05,1,0,0.020001499999999998,0,0,0,0,0,0,0,0.018551399999999999,437,0,0,1,0,0,0,0,0,0,0,0,1,20,nan,1,-0.0027899937609129279,0,0.0056768460464861129,-0.005677555687725544,0.020001499999999998,-0.00011354543619879198,-0.0056768460464861129,-0.067362400000000003,0,0,0
639155490508735855,nan,51.98019836761123,0.0012904338812960892,0.00021824534373471313,202,0,0,0,0,2.8892328205526154,0.37981236074269781,-0.85556880109767597,2.8905232298897983,0.37980440181637198,-0.85578704644141068,0.00085224505465966466,0.00096896747561774988,-0.00021824534373471313,0,0.028431018931192212,0.0065090185289528877,0.00085222263556437969,-0.00015461726555047816,0.00086613504684581626,-0.0001951084813072157,0.029975100000000001,2.6020852139652106e-18,-0.0011236044591854595,-0.00084827555121957943,-0.00073682804636127086,8.6808224625279334e-17,0.0011236044591854592,2.3136862427497462e-05,1,0,0.029975100000000001,0,0,0,0,0,0,0,0.0085596999999999999,437,0,0,1,0,0,0,0,0,0,0,0,1,20,nan,1,0.00085221752458686034,0,0.0022053411405310521,0.0022035988513380289,0.029975100000000001,6.6105321221532343e-05,0.0022053411405310521,-0.071010000000000004,0,0,0
639155490508935767,nan,51.818847192522689,0.00084830343019283937,0.00013075567549392098,202,0,0,0,0,2.8904454502380821,0.37973686757358893,-0.85581837614551592,2.8907674968004033,0.38052166354795042,-0.855687620470022,-0.00038147150744944204,0.00075769268089456157,0.00013075567549392098,0,-0.019080783993698707,0.0049734869036715161,-0.0003814477689748296,0.00065469711680102131,0.00075771413818368546,9.9425971388678023e-05,0.019991200000000001,-9.5457225023770631e-17,-0.00010300751511113445,-7.7779651716181064e-05,-6.7534242783051646e-05,-4.7749622345717426e-15,0.00010300751511113444,-3.1329704105242939e-05,1,0,0.019991200000000001,0,0,0,0,0,0,0,0.028550900000000001,437,0,0,1,0,0,0,0,0,0,0,0,1,20,nan,1,-0.00038147707068840833,0,0.0044776421775833261,-0.0044758734293282032,0.019991200000000001,-8.9513440300503788e-05,-0.0044776421775833261,-0.051018800000000003,0,0,0
639155490509235841,nan,48.961335483613929,0.00054861146422806805,0.0004738756601999628,202,0,0,0,0,2.891509515199989,0.38116607008455033,-0.85570417639316743,2.891016165579579,0.38092611031558116,-0.85617805205336739,-0.00014230542893886431,-0.00052983365651588306,-0.0004738756601999628,0,-0.0047426368430702861,0.016343688001805738,-0.00014231420080474731,0.00045294593257137533,0.00047477715781579771,-0.0004904315833453855,0.0300074,-8.9121418578308464e-17,0.00098277723301690048,0.0007420183995856533,0.00064440653659991742,-2.9699813572088373e-15,0.00098277723301690026,-1.6555923145422646e-05,1,0,0.0300074,0,0,0,0,0,0,0,0.018630799999999999,436,0,0,1,0,0,0,0,0,0,0,0,1,20,nan,1,-0.00014232491353358313,0,0.0015763657483979718,-0.0023652501404285431,0.0300074,-4.7302637558477301e-05,-0.0015763657483979718,-0.054037399999999999,0,0,0
639155490509435941,nan,47.254572247868019,0.0017243560257408145,0.00022348991093990025,201,0,0,0,0,2.8912442746607443,0.38112401568631288,-0.8561780520533675,2.88952135308487,0.38119433600269115,-0.8559545621424276,-0.001182196689224578,-0.0012553145786993404,0.00022348991093990025,0,-0.059080294314067493,0.01116891109144374,-0.0011821966892244906,-0.00095332072334041004,0.0015186867397734231,0.00022348991093978923,0.02001,8.7739060808389446e-17,0.0003019938553589303,0.00022810908116532858,0.00019790537073172132,4.3847606600894274e-15,0.0003019938553589303,-1.1102230246251565e-16,1,0,0.02001,0,0,0,0,0,0,0,0.018828899999999999,437,0,0,1,0,0,0,0,0,0,0,0,1,20,nan,1,-0.0011821966892244906,0,0,-0.0023652501404285431,0.02001,0,0,-0.034027399999999999,0,0,0
639155490509736022,nan,56.873430775521705,0.0022086249346014233,0.00025440217910122076,200,0,0,0,0,2.8884419832069752,0.38025746159624418,-0.8558872903822119,2.888823715263118,0.3824328477088817,-0.85614169256131312,-0.0013925051142234007,0.0017143376588656081,-0.00025440217910122076,0,-0.046408151052022922,0.006235996910351445,-0.0013926204375842091,0.00028498788313313162,0.0014214815428664341,-0.00018713041888551718,0.030008099999999999,1.3660947373317356e-16,-0.001429256095583295,-0.0010793698778948091,-0.00093687440644696363,4.5524199710469359e-15,0.0014292560955832952,6.727176021570358e-05,1,0,0.030008099999999999,0,0,0,0,0,0,0,0.0086038999999999994,436,0,0,1,0,0,0,0,0,0,0,0,1,20,nan,1,-0.001392593043101146,0,0.0064051049279227152,-0.0054400735534727573,0.030008099999999999,0.00019220502918759763,0.0064051049279227152,-0.0708839,0,0,0
639155490509935877,nan,58.664751732397384,0.001669962729985723,0.00046726759777160348,205,0,0,0,0,2.8889669460447083,0.38255712256449681,-0.85614169256131301,2.8905274820673972,0.3819625615151237,-0.8556744249635414,0.0014717912012769505,0.00078905397748513966,0.00046726759777160348,0,0.073642951203476248,0.023380330628291236,0.0014717912012770745,0.0009786833437054642,0.0017674813796482048,0.0004672675977717145,0.0199855,1.2401917600518564e-16,0.00018962936622032427,0.00014323078159028668,0.00012427485561511409,6.2054577571332038e-15,0.00018962936622032427,1.1102230246251565e-16,1,0,0.0199855,0,0,0,0,0,0,0,0.0086210999999999996,437,0,0,1,0,0,0,0,0,0,0,0,1,20,nan,1,0.0014717912012770745,0,0,-0.0054400735534727573,0.0199855,0,0,-0.083834800000000001,0,0,0
639155490510235853,nan,56.021502838267104,0.0024740091416530384,0.00018525873023511608,206,0,0,0,0,2.8916357964423383,0.38292510377125072,-0.85558098648972325,2.8902964570738425,0.38084498567629066,-0.85576624521995837,0.00069207742939568365,-0.0023752368439176478,-0.00018525873023511608,0,0.023078491775336066,0.0030609200875057821,0.00069229936487982119,-0.00090723199490389266,0.0011412047595371745,-9.1820256416963453e-05,0.029997599999999999,-1.4961989980299961e-17,0.0014679401719862846,0.0011083143749410773,0.00096254225612701916,-4.9877290117542611e-16,0.0014679401719862848,9.3438473818152623e-05,1,0,0.029997599999999999,0,0,0,0,0,0,0,0.038618699999999999,437,0,0,1,0,0,0,0,0,0,0,0,1,20,nan,1,0.00069217825817967523,0,0.0088996142375339614,-0.0058296732604503632,0.029997599999999999,0.00026696706805184878,0.0088996142375339614,-0.053837200000000002,0,0,0
639155490510434981,nan,50.956668524539204,0.00087898214771379123,0.00037708782850831568,199,0,0,0,0,2.8898417591338141,0.38045016555689321,-0.85586251244903278,2.8890686082187931,0.38086831299333357,-0.85548542462052446,-0.0008226110121034246,-0.00030971073401761268,0.00037708782850831568,0,-0.041312162191438927,0.014102516945578037,-0.00082264082328568509,-0.00091182183042002219,0.0012280704273642735,0.00028082059943390636,0.019912800000000001,1.4777675610977425e-16,-0.00060219028832013194,-0.00045469794002839237,-0.00039482011939745432,7.4211942122541395e-15,0.00060219028832013194,-9.6267229074409322e-05,1,0,0.019912800000000001,0,0,0,0,0,0,0,0.018588500000000001,435,0,0,1,0,0,0,0,0,0,0,0,1,20,nan,1,-0.00082251541756244958,0,0.013812684601201461,-0.0091656800359487534,0.019912800000000001,-0.00027504922592680447,-0.013812684601201461,-0.067197099999999996,0,0,0
639155490510735955,nan,58.913985574043473,0.0031508291265814046,8.8087224896282721e-05,205,0,0,0,0,2.888028496754464,0.37996465828509551,-0.85548542462052446,2.8911314948875875,0.37941773345411206,-0.85539733739562818,0.0024479757240729655,0.0019837184879067833,8.8087224896282721e-05,0,0.081335122770505613,0.002926738684945634,0.0024479757240730158,0.00060588551909326166,0.0025218410750675224,8.8087224896282721e-05,0.0300974,5.0198560586078855e-17,-0.0013778329688135219,-0.0010401114643290299,-0.00090365470823805527,1.6678703338520555e-15,0.0013778329688135219,0,1,0,0.0300974,0,0,0,0,0,0,0,0.0285025,435,0,0,1,0,0,0,0,0,0,0,0,1,20,nan,1,0.0024479757240730158,0,0,-0.0091656800359487534,0.0300974,0,0,-0.037099699999999999,0,0,0
639155490511034959,nan,47.236529428147705,0.0039746382254557356,0.0010953796745086786,202,0,0,0,0,2.891585681226073,0.37981240331975191,-0.85533650558861962,2.8885499024025196,0.38237790443215064,-0.8564318852631283,-0.0039277822379943112,-0.00060850284646032276,-0.0010953796745086786,0,-0.13136095886339738,0.034599800253512461,-0.0039277452143991268,-7.0362593318296432e-06,0.0039277515168580392,-0.0010345478675001241,0.029900400000000001,9.1831924009522226e-17,0.0006017055200935339,0.00045418633848548495,0.00039466986563985174,3.0712607192386132e-15,0.0006017055200935339,6.0831807008554506e-05,1,0,0.029900400000000001,0,0,0,0,0,0,0,0.018600200000000001,436,0,0,1,0,0,0,0,0,0,0,0,1,20,nan,1,-0.003927745811036944,0,0.0058128039384761588,-0.0045243827626109123,0.029900400000000001,0.00017380516288201253,0.0058128039384761588,-0.040859199999999998,0.098000004887580872,0,0.002930239346140623
639155490511234978,nan,55.453124674257694,0.00043966585236430696,0.00048828156986269189,204,0,0,0,0,2.8885442926281288,0.38237303993797095,-0.8564318852631283,2.8881050962383377,0.38239335232162308,-0.85594360369326561,-0.00030308017575536415,-0.00031850976248669387,0.00048828156986269189,0,-0.015152569293678123,0.024411759375993877,-0.00030308017575522044,-0.00032593491382116647,0.00044507433197548757,0.00048828156986269189,0.0200019,1.43713962578269e-16,-7.4251513344725744e-06,-5.6097743907912445e-06,-4.8644941796904817e-06,7.1850155524359695e-15,7.4251513344725744e-06,0,1,0,0.0200019,0,0,0,0,0,0,0,0.018497900000000001,436,0,0,1,0,0,0,0,0,0,0,0,1,20,nan,1,-0.00030308017575522044,0,0,-0.0045243827626109123,0.0200019,0,0,-0.053967399999999999,0.098000004887580872,0,0.0019601862977609037
639155490511535884,nan,54.777065649899434,0.0054633857536670136,0.00097169525695839354,203,0,0,0,0,2.8877349704844013,0.38207208244978508,-0.85593671909035141,2.89239055425878,0.37921304002038436,-0.85496502383339301,0.0052108949923998556,0.0016416934158221465,0.00097169525695839354,0,0.17317314011249879,0.032521114895435688,0.0052108836898691561,0.0011516197067780068,0.0053366222255640181,0.00097857985987259699,0.030090599999999999,6.6570013390609972e-17,-0.00049010958394808376,-0.00037012575393635672,-0.0003212698718380036,2.2123192422420947e-15,0.00049010958394808376,6.8846029142033424e-06,1,0,0.030090599999999999,0,0,0,0,0,0,0,0.0135938,436,0,0,1,0,0,0,0,0,0,0,0,1,20,nan,1,0.0052108950159662579,0,0.00065370228710912427,-0.006558428518474102,0.030090599999999999,1.9670294040485814e-05,0.00065370228710912427,-0.0571732,0.098000004887580872,0,0.0029488789470702406
639155490511734999,nan,43.820214945415586,0.0047073005376140706,0.0010526820626202138,207,0,0,0,0,2.8929630095519738,0.37971091541796165,-0.85499960631164296,2.8889473357533531,0.38216714063045587,-0.85605228837426317,-0.0044885561429167014,-0.0014182884415049255,-0.0010526820626202138,0,-0.22542777732274166,0.054604853520335422,-0.0044886051881617706,-0.00065946004833247599,0.0045367900646315395,-0.0010872645408701587,0.019911499999999999,6.0444271116066872e-17,0.00075867316692919461,0.00057245529319382982,0.00049787539757728538,3.0356462906394232e-15,0.00075867316692919461,-3.458247824994487e-05,1,0,0.019911499999999999,0,0,0,0,0,0,0,0.0083143999999999996,435,0,0,1,0,0,0,0,0,0,0,0,1,20,nan,1,-0.0044885726030229819,0,0.0049623122674876639,-0.0049406010657548904,0.019911499999999999,-9.880708071408062e-05,-0.0049623122674876639,-0.071262400000000004,0.29399999976158142,0,0.0058539809952527283
639155490511935584,nan,58.309092636300512,0.0024806705105226011,0.00073206563341221553,209,0,0,0,0,2.8884418814177821,0.38172850160314675,-0.85613597520042994,2.8897358998214449,0.37961207949195092,-0.85540390956701773,0.0024466163051906735,-0.00040962768089034245,0.00073206563341221553,0,0.12197233173880949,0.032324391517084633,0.0024465820161829101,-0.0010790769894099745,0.0026739803123777346,0.00064837880724544217,0.0200585,1.4034997122824855e-16,-0.00066924456040085229,-0.00050545433557092068,-0.00043863902730911786,6.9970322421042727e-15,0.00066924456040085229,-8.3686826166773365e-05,1,0,0.0200585,0,0,0,0,0,0,0,0.0283729,435,0,0,1,0,0,0,0,0,0,0,0,1,20,nan,1,0.0024467110051675073,0,0.011920393729310976,-0.0079705724492669106,0.0200585,-0.00023910521761938419,-0.011920393729310976,-0.051203899999999997,0.29399999976158142,0,0.005897198995217681
639155490512235737,nan,52.621317474257559,0.002800378456932861,0.00063929574860166483,205,0,0,0,0,2.8885152612223024,0.37855140717248359,-0.85544508000229791,2.8900987184704157,0.38086112201320554,-0.85608437575089957,-0.00070495601112882536,0.0027101949236958967,-0.00063929574860166483,0,-0.023482838106789302,0.022670644100903369,-0.00070484443062671293,0.0010931326180101055,0.0013006708238225081,-0.00068046618388184499,0.030015300000000002,-1.0625181290357943e-17,-0.001617091326734718,-0.001220638599142454,-0.0010606723194673262,-3.5399217367002638e-16,0.0016170913267347178,-4.1170435280180058e-05,1,0,0.030015300000000002,0,0,0,0,0,0,0,0.018706199999999999,435,0,0,1,0,0,0,0,0,0,0,0,1,20,nan,1,-0.00070490872190144007,0,0.0039189951486854951,-0.0058788158930838108,0.030015300000000002,-0.00011762981508633974,-0.0039189951486854951,-0.0541395,0.29399999976158142,0,0.0088244981928437948
639155490512435062,nan,58.269060435537973,0.0022080470615568281,0.00015430085040057939,205,0,0,0,0,2.8906467561430857,0.38133668451778069,-0.85613710327447845,2.8892050365610511,0.38300908293706587,-0.85629140412487903,-0.0022080357479336427,7.0683729994339053e-06,-0.00015430085040057939,0,-0.11077563638110818,0.010386473045501393,-0.0022080353721664388,0.00073279143063917644,0.0023264572821258497,-0.0002070283739794565,0.019932499999999999,1.8810907692623502e-17,0.0007256066333926601,0.00054803767267008752,0.00047556250457514437,9.4373047498424701e-16,0.0007256066333926601,-5.2727523578877111e-05,1,0,0.019932499999999999,0,0,0,0,0,0,0,0.018499999999999999,434,0,0,1,0,0,0,0,0,0,0,0,1,20,nan,1,-0.002208090563441541,0,0.0075580116577463946,-0.0050219534896314144,0.019932499999999999,-0.00015065006736802999,-0.0075580116577463946,-0.067515400000000003,0.29399999976158142,0,0.0058601549952477213
639155490512735772,nan,44.486523834268084,0.0019531140078705034,0.0006823953210823851,199,0,0,0,0,2.8900396447479055,0.38373301563479179,-0.85653486331673268,2.8897226786382673,0.38180579307030144,-0.85585246799565029,0.0012485338072153486,-0.0015019379680866743,0.0006823953210823851,0,0.041507369545853934,0.014596658881604859,0.0012481681096133737,-0.00039741186910661179,0.0013099083263964062,0.0004389361292287397,0.030071000000000001,1.212138028838794e-16,0.0011048300214970487,0.00083460818685443527,0.00072393269772591529,4.0309202515340161e-15,0.0011048300214970489,-0.00024345919185364551,1,0,0.030071000000000001,0,0,0,0,0,0,0,0.0086043999999999999,435,0,0,1,0,0,0,0,0,0,0,0,1,20,nan,1,0.0012483062535081266,0,0.023131844335428996,-0.023187749087810516,0.030071000000000001,-0.00069559769101068536,-0.023131844335428996,-0.070826299999999995,0.29399999976158142,0,0.0088408739928305148
639155490513035098,nan,23.50345984128106,0.0012577925773775264,0.00013826338301392571,201,0,0,0,0,2.8922168368830095,0.37832862896082509,-0.8557744837650163,2.8911371277727405,0.37897381916914208,-0.85563622038200238,-0.0011950634316216532,-0.00039225701027091782,0.00013826338301392571,0.1423471047861927,0.10242298064974649,0.007224484797442021,0.0030657861105966018,-0.00078847831608274397,0.0031655556433049345,0.00021624761364791303,0.0299326,0.0042608189487232159,-0.00039612811090241023,0.0024941582447421951,-0.0034771641094763495,0.1423471047861935,0.0042791933345019502,7.7984230633987281e-05,1,0.0042608189487231916,0.0299326,0.0016211911764099085,0,0.0016211911764099085,0,0.054161388466418173,0.0016211911764099085,0,0.0185436,434,0,0,1,1,1,1,1,1,3,0.56568744815032768,4.5254995852026214,0.63230315870228693,20,0.0042608189487231916,1,0.0012953690054125853,0.0042608189487231916,0.0074437933064823818,0.011141161434352398,0.0299326,0.00022281208752561454,0.0074437933064823818,-0.040893699999999998,0.29399999976158142,0,0.0088001843928635116
639155490513235683,nan,60.270285492796717,0.0031233661754763169,0.00063528163704051899,209,0,0,0,0,2.8907378740581624,0.37862705092607679,-0.85565767800310077,2.8915442254126256,0.38164453560031542,-0.85629295964014129,-0.0017494655639877592,0.0025874285510001133,-0.00063528163704051899,0,-0.087215397139548054,0.032741194911828725,-0.0017494100435236247,0.002058645001878163,0.0027015652396600144,-0.00065673925813891643,0.0200585,-8.0176750655303053e-17,-0.00052882108789547959,-0.0003992537145780517,-0.00034676824306528742,-3.9971458810630435e-15,0.00052882108789547959,-2.1457621098397436e-05,1,0,0.0200585,0,0,0,0,0,0,0,0.018726,435,0,0,1,0,0,0,0,0,0,0,0,1,20,nan,1,-0.0017494731478794486,0,0.0030564343720961683,-0.0070927725173532963,0.0200585,-6.1307488852690994e-05,-0.0030564343720961683,-0.054506100000000002,0.44800001382827759,0,0.008986208277374506
639155490513435748,nan,56.247895727043996,0.0034101328687834503,0.00086140101612475217,204,0,0,0,0,2.8930944668860992,0.38298919886014299,-0.85628075181289987,2.8904661365830457,0.38081643886400712,-0.85714215282902462,-8.0891256362245487e-05,-0.0034091733290346768,-0.00086140101612475217,0,-0.0040411685080920592,0.042445864538191276,-8.0849637757143778e-05,-0.0013570125516087846,0.0013594188939209449,-0.00084919318888332374,0.0200065,3.7947076036992655e-17,0.0020521617646783391,0.0015502414734736014,0.0013446632598275721,1.8967373622069155e-15,0.0020521617646783391,1.2207827241428326e-05,1,0,0.0200065,0,0,0,0,0,0,0,0.018811999999999999,435,0,0,1,0,0,0,0,0,0,0,0,1,20,nan,1,-8.0873303708840164e-05,0,0.0017434087123971011,0.0017440625233575702,0.0200065,3.4879506404572602e-05,0.0017434087123971011,-0.034499599999999998,0.44800001382827759,0,0.0089629122766554364
639155490513735799,nan,64.015272134653685,0.0032540666706115172,5.3848533463241033e-05,205,0,0,0,0,2.8889274965817933,0.37948412655948172,-0.85696410017045999,2.8919689044123116,0.37832706635999053,-0.85691025163699674,0.0028658903403316954,0.0015413054382497331,5.3848533463241033e-05,0,0.095504292982657848,0.0077287258508677657,0.0028656158613739472,-0.00049348996694184902,0.0029077975535498025,0.0002319011920278724,0.0300051,4.3151246464923076e-17,-0.0020353056601513262,-0.0015386400012524781,-0.0013323123045254071,1.4381303999961033e-15,0.0020353056601513267,0.00017805265856463137,1,0,0.0300051,0,0,0,0,0,0,0,0.028662,435,0,0,1,0,0,0,0,0,0,0,0,1,20,nan,1,0.0028654902441010918,0,0.016954513786433895,0.025436984375119209,0.0300051,0.00050872188161332765,0.016954513786433895,-0.0376412,0.44800001382827759,0,0.013442285214918852
639155490513935608,nan,66.673550488463263,0.0024718881873209602,8.8858026598970241e-05,209,0,0,0,0,2.8917201889035615,0.37811160202261757,-0.85714187016660426,2.8938687174028725,0.37688928598399857,-0.85705301214000529,0.0023304685258947778,0.00082410415629987244,8.8858026598970241e-05,0,0.11664436242484384,0.0071448484807262571,0.0023306593411745622,0.00049449857844845375,0.0023825410402953788,-0.00014276050300854326,0.019980899999999999,5.4779314764830112e-17,-0.00032906577605756394,-0.00024871550875005255,-0.00021546433737296145,2.7415839509146289e-15,0.00032906577605756394,-0.00023161852960751347,1,0,0.019980899999999999,0,0,0,0,0,0,0,0.0086040999999999999,433,0,0,1,0,0,0,0,0,0,0,0,1,20,nan,1,0.0023304955921160165,0,0.033119990963889095,-0.022060010582208633,0.019980899999999999,-0.00066176722745037164,-0.033119990963889095,-0.050636899999999999,0.44800001382827759,0,0.0089514434763014322
639155490514235517,nan,59.65510671888768,0.0025396824594827718,0.0002915675409171925,207,0,0,0,0,2.8944301601402058,0.37737552826240928,-0.85711992845424212,2.8953553272832382,0.37501035326836385,-0.85741149599515931,0.0023936090398537194,-0.0008488950225646368,-0.0002915675409171925,0,0.079809283134836304,0.01195308760837533,0.0023935522295685623,-0.0001063240829284049,0.0023959125790151865,-0.0003584838551540237,0.029990900000000001,-7.2370495013407421e-17,0.00074273110923019515,0.0005614427373332731,0.00048624227841070899,-2.4130818019268316e-15,0.00074273110923019526,-6.6916314236831198e-05,1,0,0.029990900000000001,0,0,0,0,0,0,0,0.018522,433,0,0,1,0,0,0,0,0,0,0,0,1,20,nan,1,0.0023935623826544755,0,0.0063749160328043465,-0.0063732797279953957,0.029990900000000001,-0.00019118946924823188,-0.0063749160328043465,-0.054366699999999997,0.56000000238418579,0.0016000000759959221,0.016794904071503879
639155490514535789,nan,65.007555478042548,0.0018637845181072069,5.5662172546377953e-05,211,0,0,0,0,2.8952754824974023,0.37494125308603526,-0.85745156762280927,2.8962694377311058,0.37336462829765676,-0.85750722979535565,0.0018426192150770844,-0.00028008419834903695,-5.5662172546377953e-05,0,0.061364629075241109,0.0031882360058993306,0.0018426079901680799,-0.00038575171377233067,0.0018825537416258642,-9.5733800196340382e-05,0.0300272,7.8814721676118138e-17,-0.00010559367889709676,-7.984478583589194e-05,-6.910018232858528e-05,2.6247775908548961e-15,0.00010559367889709677,-4.0071627649962416e-05,1,0,0.0300272,0,0,0,0,0,0,0,0.0087378000000000004,434,0,0,1,0,0,0,0,0,0,0,0,1,20,nan,1,0.0018426300695761439,0,0.0038128884715711016,0.017272433266043663,0.0300272,-0.00011449036471355978,-0.0038128884715711016,-0.0243395,0.56000000238418579,0.0016000000759959221,0.016815232071590424
639155490514735701,nan,62.234796660064866,0.0057910763761490217,0.00094808382669753222,217,0,0,0,0,2.8960753143424598,0.37319666032811932,-0.85759621913715689,2.9006087572793389,0.36959326460568576,-0.85854430296385442,0.005691185494316903,0.0010709683765957561,-0.00094808382669753222,0,0.2846893021205848,0.051876484077932786,0.0056912807765530354,0.00081375755678997786,0.0057491632642320146,-0.00103707316849877,0.019991200000000001,-1.2275879097967124e-16,-0.00025670436071468432,-0.00019412338864599477,-0.00016796796953744142,-6.1406414312132957e-15,0.00025670436071468437,-8.8989341801237742e-05,1,0,0.019991200000000001,0,0,0,0,0,0,0,0.0084785999999999993,433,0,0,1,0,0,0,0,0,0,0,0,1,20,nan,1,0.0056911772794931634,0,0.012718359192503271,0.017929926514625549,0.019991200000000001,-0.00025425526228917139,-0.012718359192503271,-0.037332999999999998,0.56000000238418579,0.0016000000759959221,0.011195072047662735
639155490515035311,nan,67.645666584415849,0.0059897483275811545,0.0001593633597389843,217,0,0,0,0,2.9015385470859014,0.37039609353114372,-0.8587631859024375,2.9041103929740566,0.36498659320714516,-0.85860382254269851,0.0057755592455817559,-0.0015874509216150046,0.0001593633597389843,0,0.19275763964184051,0.0019865685005203979,0.0057752116413091834,-0.00036028379194765706,0.0057864387936496222,-5.9519578844091641e-05,0.029961000000000002,4.5536491244391186e-18,0.0012284312630097061,0.00092978980656255317,0.00080282892545796569,1.5198588579950997e-16,0.0012284312630097061,-0.00021888293858307597,1,0,0.029961000000000002,0,0,0,0,0,0,0,0.018658500000000001,433,0,0,1,0,0,0,0,0,0,0,0,1,20,nan,1,0.0057753240160790392,0,0.020873129218759869,-0.070869907736778259,0.029961000000000002,-0.00062537982452326446,-0.020873129218759869,-0.040761699999999998,0.56000000238418579,0.0016000000759959221,0.016778160071432593
639155490515235500,nan,64.814064787277943,0.0067820351653717281,0.00072771863190446151,209,0,0,0,0,2.9061377061024145,0.36227037404404649,-0.85872437634492549,2.9100872116021077,0.35675698966671238,-0.85799665771302103,0.0067543066981302653,-0.00061265162362582684,0.00072771863190446151,0.16888185923985138,0.50627466261898002,0.030329580030745283,0.0101350618435031,-0.00085396532347049078,0.010170975142301869,0.00060716482967748675,0.020018899999999999,0.0033808290519362345,-0.00024049944694467021,0.0020273131283579104,-0.0027162191630986654,0.1688818592398301,0.0033893723699819044,-0.00012055380222697477,1,0.0033808290519366608,0.020018899999999999,0.00021876956045918661,-1.3552527156068805e-20,0.00021876956045918661,0,0.010928150920339609,0.00021876956045918661,0,0.018723500000000001,433,0,0,1,0,0,0,0,0,0,0,0,1,20,nan,1,0.010135208762868012,0.0033808290519366608,0.017205712348553195,-0.017222832888364792,0.020018899999999999,-0.0003444394349344515,-0.017205712348553195,-0.054482000000000003,0.58799999952316284,0.020800000056624413,0.011771113190454244
639155490515435727,nan,72.373828270427282,0.0020958265610960167,0.00076012332737285249,214,0,0,0,0,2.9124995626754382,0.35265072818670606,-0.85800078764298349,2.9139660512878338,0.35115343057971221,-0.85876091097035634,0.0020917726363039509,0.00013029279414293539,-0.00076012332737285249,0.23393917462299674,0.3384092597956318,0.038169340665110706,0.0067758670861099973,-0.00072999793180334024,0.006815076797004267,-0.00076425325733531213,0.020022700000000001,0.0046840939117237714,-0.0008602820870706792,0.0024123510733304876,-0.0041062614800063124,0.23393917462299146,0.0047624385605677258,-4.129929962459756e-06,1,0.0046840939117238772,0.020022700000000001,0.00034159798278432513,0,0.00034159798278432518,0,0.017060535431501503,0.00034159798278432518,0,0.018562499999999999,433,0,0,1,0,0,0,0,0,0,0,0,1,20,nan,1,0.006775871392906827,0.0046840939117238772,0.00058932111513257455,-0.00039334633038379252,0.020022700000000001,-1.1799799891965002e-05,-0.00058932111513257455,-0.067402199999999995,0.58799999952316284,0.020800000056624413,0.011773347590452433
639155490515735391,nan,61.555609085330197,0.0028046280798950597,0.001039408417335741,210,0,0,1,2,2.9195619064983562,0.34300952862935896,-0.85885482720382744,2.9175025565390467,0.3449134762157246,-0.85989423562116318,-0.0027868524522766968,-0.00031526508810080954,-0.001039408417335741,0.32817447944599532,0.23474699945003841,0.037819846588407147,0.0070345224843196309,-0.001399783295408851,0.0071724402999609619,-0.001133324650806844,0.029966400000000001,0.0098214045328155232,-0.0010847799393835737,0.0055958552105224157,-0.0081439019503532495,0.32774722798919864,0.0098811302245288887,-9.3916233471103006e-05,1,0.0098342077208704737,0.029966400000000001,0.0070054049595857926,0,0.0070054049595857926,0,0.23377532701912115,0.0070054049595857926,0,0.0085807999999999995,433,0,0,1,0,0,0,0,0,0,0,0,1,20,nan,1,0.0070347102243990493,0.0098342077208704737,0.0089544321517186897,-0.0089448206126689911,0.029966400000000001,-0.00026833209563126292,-0.0089544321517186897,-0.037435799999999998,0.58799999952316284,0.020800000056624413,0.017620243185710906
639155490516035618,nan,28.90380492273577,0.0042482476158278385,0.00085084238856047989,215,0,0,0,0,2.9241355037056498,0.33507359347434224,-0.86027321936134127,2.9226000725469916,0.33903466138115834,-0.86112406174990175,-0.0040040266946054434,0.0014196401073067518,-0.00085084238856047989,0.39252025289503717,0.25917154053557984,0.040963208796629375,0.0077810294100375526,2.6732573799806945e-05,0.0077810753312361203,-0.0012298261287385648,0.030022699999999999,0.01178451779659178,-0.0013944248925326017,0.0066329471666031203,-0.0098398827413823664,0.39252025289503545,0.011866729982564822,-0.00037898374017808489,1,0.011784517796591832,0.030022699999999999,0.0043915165893895214,-4.3368086899420177e-19,0.0043915165893895214,0,0.1462732062535855,0.0043915165893895214,0,0.018834699999999999,434,0,0,1,1,1,1,1,1,3,0.12797526257573341,1.0238021006058673,0.91681607932577325,20,0.011784517796591832,1,0.0071934737260712124,0.011784517796591832,0.036066399298636663,-0.054116182029247284,0.030022699999999999,-0.001082810686223179,-0.036066399298636663,-0.040730000000000002,0.58799999952316284,0.020800000056624413,0.01765334758568406
639155490516235605,nan,34.901304414581681,0.0045360430215558968,0.0015277743631237906,205,0,0,0,0,2.9280713451027891,0.33270211763888063,-0.86112406174990175,2.9321972873346454,0.33081736646358162,-0.86265183611302554,0.0041181288681843772,0.0019017625820360474,-0.0015277743631237906,0.41846282502760657,0.62438265322564845,0.07639368374563299,0.012486841367063777,0.0019259439546821374,0.012634495140004285,-0.0015277743631237906,0.019998700000000001,0.0083687124988794,2.4181372646090056e-05,0.0054712725557974906,-0.0063325437422777076,0.41846282502759674,0.0083687474348126522,0,1,0.008368712498879596,0.019998700000000001,0.00055375185635897495,0,0.00055375185635897495,0,0.027689392628469596,0.00055375185635897495,0,0.018675400000000002,433,0,0,1,0,0,0,0,0,0,0,0,1,20,nan,1,0.012486841367063777,0.008368712498879596,0,-0.054116182029247284,0.019998700000000001,0,0,-0.054435799999999999,0.60199999809265137,0.041600000113248825,0.012039217361855507
639155490516535481,nan,49.06856995024129,0.0042158340144365465,0.0016080695902156437,211,0,0,0,0,2.9441289045251802,0.32136757204263794,-0.86294055245419521,2.9408367628568355,0.31873412189637945,-0.86133248286397956,-0.00013978652455210513,-0.0042135158911334137,0.0016080695902156437,0.49958325910143458,0.49345082390545525,0.043996626907320813,0.01479740592694723,-0.0012969635316731516,0.014854135335634422,0.0013193532490459736,0.0299876,0.014938408956547883,0.0029165118251936219,0.011931617190534816,-0.0094497944209436802,0.49815286840386969,0.015220450170069354,-0.00028871634116967027,1,0.01498130294063018,0.0299876,0.010656730634419187,-8.6736173798840355e-19,0.010656730634419187,0,0.35537124126036052,0.010656730634419187,0,0.0085705,433,0,0,1,0,0,0,0,0,0,0,0,1,20,nan,1,0.014797939603383579,0.01498130294063018,0.027508164438420597,-0.062701575458049774,0.0299876,-0.00082490383191358152,-0.027508164438420597,-0.057579699999999998,0.60199999809265137,0.041600000113248825,0.018052535142803191
639155490516734755,nan,51.345427028961474,0.0068340879389483661,0.00028493784368721631,217,0,0,0,0,2.9470691215951996,0.31013240186595259,-0.8617097938536441,2.9508736953218904,0.304455256745784,-0.86142485600995689,0.0067860219919662658,-0.00080911277448184526,0.00028493784368721631,0.53123583639496808,0.87175774200185707,0.004635484106171415,0.017371865227967808,-0.0016865057955088364,0.017453538417666545,-9.237314597732027e-05,0.019927400000000001,0.010586149006177187,-0.0008748326380081644,0.006232358738364141,-0.0086017200304268626,0.53123583639497307,0.010622235307387545,-0.00037731098966453658,1,0.010586149006177088,0.019927400000000001,0.0061029435356725337,0,0.0061029435356725337,0,0.30625889657820554,0.0061029435356725337,0,0.0084391999999999991,433,0,0,1,0,0,0,0,0,0,0,0,1,20,nan,1,0.017372771757432133,0.010586149006177088,0.054097945494213505,-0.053904265165328979,0.019927400000000001,-0.0010780313990413903,-0.054097945494213505,-0.070752700000000002,0.60199999809265137,0.041600000113248825,0.011996294761991502
639155490516934509,nan,51.95203303160897,0.0029244906512361992,0.0017609470033592698,208,0,0,0,0,2.9565041323609123,0.29530332561372619,-0.86193820584746028,2.9591447977880057,0.29404653140968101,-0.86369915285081955,0.0026730267174634292,0.0011864121277594111,-0.0017609470033592698,0.53123583639496808,0.66508223795391486,0.11385488354989966,0.01328528373602463,-0.00050391981577434589,0.013294837311054641,-0.0022742968408626658,0.019975400000000001,0.010611648326323714,-0.0016889595894365363,0.005630437039021885,-0.0091519311320578112,0.53123583639495142,0.010745215898078479,-0.00051334983750339614,1,0.010611648326324045,0.019975400000000001,0,0,0,0,0,0,0,0.028414600000000002,433,0,0,1,0,0,0,0,0,0,0,0,1,20,nan,1,0.013285649716576123,0.010611648326324045,0.073426005058117791,-0.048876449465751648,0.019975400000000001,-0.0014667138214379261,-0.073426005058117791,-0.050777299999999997,0.60199999809265137,0.041600000113248825,0.012025190761899949
639155490517234747,nan,55.976374457823994,0.0016197839457454805,0.00022326316281995326,214,0,0,0,0,2.9710916372376657,0.27896934061221562,-0.8637670244837935,2.9722583460396979,0.27784573454149714,-0.86354376132097355,0.0016121404067095538,0.00015717296188960997,0.00022326316281995326,0.64027431223920539,0.69397008261411397,0.0051756116762703298,0.020835618966389635,-0.00055493170844744463,0.020843007626386745,0.00015539152984600513,0.0300238,0.019223467895807717,-0.00071199525137314104,0.011946839449660018,-0.01507719079746539,0.64027431223921416,0.019236648751254151,-6.7871632973948146e-05,1,0.019223467895807454,0.0300238,0.0041743964335059225,0,0.0041743964335059225,0,0.13903624569527917,0.0041743964335059225,0,0.0235041,433,0,0,1,0,0,0,0,0,0,0,0,1,20,nan,1,0.020835672674337755,0.019223467895807454,0.0064588410312489001,-0.009696432389318943,0.0300238,-0.00019391895135401072,-0.0064588410312489001,-0.054427700000000002,0.60199999809265137,0.041600000113248825,0.018074327542734147
639155490517456816,nan,55.975185924839451,0.0047748866673503164,0.0027862350038461159,216,0,0,0,0,2.9819844379960077,0.26583163571132173,-0.86368418071991382,2.9794551229135431,0.26988158730358269,-0.86647041572375993,-0.0047220865256299384,0.00070812536355082723,-0.0027862350038461159,0.69928399720542811,0.48318474281672458,0.13179031754933773,0.010730035265256722,0.0002959422332837313,0.010734115641220465,-0.0029266544027863883,0.022206900000000002,0.015452022309794939,-0.00041284619583532162,0.0097260919563098014,-0.012014098830175401,0.69582077236331674,0.01545753652571509,-0.00014041939894027244,1,0.015528929797541223,0.022206900000000002,0.014840918024637162,-8.6736173798840355e-19,0.014840918024637162,0,0.66830210541035262,0.014840918024637162,0,0.00087390000000000005,433,0,0,1,1,1,1,1,1,3,0.023553741401524428,0.18842993121219542,0.98469006808900916,20,0.015528929797541223,1,0.010614215780593256,0.015528929797541223,0.018066379489554502,-0.013373900204896927,0.022206900000000002,-0.00040119828268658786,-0.018066379489554502,-0.066255999999999995,0.61599999666213989,0.073600001633167267,0.013679450325876476
639155490517734562,nan,62.850191372693729,0.0069501286794632416,0.0013705318002283917,211,0,0,0,0,2.9932200748683271,0.25431428898228453,-0.86630435920209214,2.9892590563767958,0.26002521020139135,-0.86767489100232054,-0.0069167242124661757,0.00068059887583040617,-0.0013705318002283917,0.74802580406939123,0.49899117764869449,0.043366071106716267,0.013859280362721431,0.0010888658135748321,0.013901988380533477,-0.0012044752785606017,0.0277746,0.020776117497705526,0.00040941551428688369,0.013764951954783999,-0.015567298321298162,0.74802580406938446,0.02078015109044697,0.00016605652166779003,1,0.020776117497705714,0.0277746,0.014324469740187419,-8.6736173798840355e-19,0.014324469740187418,0,0.515739911292599,0.014324469740187418,0,0.0086248999999999996,433,0,0,1,1,1,1,1,2,3,0.096791864057881011,0.77433491246304809,0.93708528836237737,20,0.020776117497705714,1,0.013135610850052052,0.020776117497705714,0.017082053558466068,0.015815697610378265,0.0277746,0.00047444720476497171,0.017082053558466068,-0.071210899999999994,0.61599999666213989,0.073600001633167267,0.017109153507292269
639155490518034768,nan,76.627823663631361,0.0034790187305032351,0.0016050620240930511,223,0,0,0,0,3.0046908164065993,0.2436676772058021,-0.86761195173675931,3.0019821281234886,0.24148442753796029,-0.86600688971266626,-8.6218966157123591e-05,-0.0034779502033621961,0.0016050620240930511,0.74802580406939123,0.74516110228611798,0.055561890490339133,0.022370183387290635,-0.0022829962030335924,0.022486377574969248,0.0016680012896542751,0.030020600000000001,0.022456183453645674,0.0011949594199983163,0.01543176002980351,-0.016357532995589258,0.74802580406939478,0.022487954627293975,6.2939265561223756e-05,1,0.022456183453645567,0.030020600000000001,0,0,0,0,0,0,0,0.038645499999999999,433,0,0,1,0,0,0,0,0,0,0,0,1,20,nan,1,0.0223699780252887,0.022456183453645567,0.0059901025639781695,0.0089917732402682304,0.030020600000000001,0.00017982647303216304,0.0059901025639781695,-0.041190299999999999,0.61599999666213989,0.073600001633167267,0.018492689499795437
639155490518234579,nan,92.086461595375795,0.0007238482409882333,0.0012735697908136112,223,0,0,0,0,3.0112714586697948,0.22817862279233647,-0.86575978869637815,3.0116591869564999,0.22756737566418739,-0.86703335848719176,0.00071679023633095711,-0.00010083666536716765,-0.0012735697908136112,0.80846302696987948,0.84433768508629814,0.051371985252338548,0.016870795719477832,-0.0016450082998258732,0.016950805305791451,-0.0010264687745255019,0.019981100000000002,0.016153980588187854,-0.0015443487571312545,0.009289330546306207,-0.013305804745623817,0.80846302696987915,0.016227633897990271,0.00024710101628810932,1,0.016153980588187861,0.019981100000000002,0.0010731538219999059,0,0.0010731538219999059,0,0.053708445581069401,0.0010731538219999059,0,0.018653699999999999,433,0,0,1,0,0,0,0,0,0,0,0,1,20,nan,1,0.01687021397803664,0.016153980588187861,0.035333535374937795,0.035301733762025833,0.019981100000000002,0.0007060029036801696,0.035333535374937795,-0.054389300000000002,0.61599999666213989,0.073600001633167267,0.012308357533305885
639155490518434518,nan,90.257501228571186,0.0080952924629993286,9.7774206965439703e-05,224,0,0,0,0,3.0216068030645982,0.21332993775256603,-0.86635485507881171,3.028610224652339,0.20926966114550344,-0.86625708087184627,0.0076292969595821176,0.0027069517845733459,9.7774206965439703e-05,0.86485462897285659,1.2463439095820885,0.03882572261267131,0.02491927549379332,0.0010833948668171056,0.02494281530968415,0.00077627761534548878,0.019993899999999998,0.017291816966220168,-0.0016287327982542352,0.009947616108098245,-0.014237437911621353,0.86485462897284515,0.017368353535133049,0.00067850340838004897,1,0.017291816966220397,0.019993899999999998,0.0010875546959332461,0,0.0010875546959332461,0,0.054394325065807381,0.0010875546959332461,0,0.0187364,433,0,0,1,0,0,0,0,0,0,0,0,1,20,nan,1,0.024920313911940689,0.017291816966220397,0.096958630722376538,0.064622603356838226,0.019993899999999998,0.001938581166800124,0.096958630722376538,-0.0686359,0.61599999666213989,0.096000000834465027,0.012316242333263158
639155490518735719,nan,89.551259667584205,0.0014579987035987895,0.0015029784435606208,226,0,0,1,2,3.0468392944463512,0.19030056579039561,-0.86611930849474561,3.0456200308567913,0.19110003844087808,-0.86461633005118499,-0.0013988789956941661,-0.00041097174489425987,0.0015029784435606208,0.87182314388876092,0.82538165259675966,0.054473617971430542,0.024860577914379661,0.0011917894547785676,0.024889128075154886,0.0016407508206612851,0.0301201,0.026259400276243568,0.0016029539226563565,0.018229069794012176,-0.018969095355107823,0.87182314388875093,0.026308279383991273,0.00013777237710066451,1,0.026259400276243867,0.0301201,0.0011903873206655646,1.0842021724855044e-19,0.0011903873206655646,0,0.039521360176943791,0.0011903873206655646,0,0.028754700000000001,433,0,0,1,0,0,0,0,0,0,0,0,1,20,nan,1,0.024860811998100973,0.026259400276243867,0.013068859769536182,0.013121703639626503,0.0301201,0.00039363536314440672,0.013068859769536182,-0.038515800000000003,0.61599999666213989,0.096000000834465027,0.018553981499463319
639155490519035426,nan,44.466080796574616,0.0099888247278513854,0.0039086206356527819,216,0,0,0,0,3.0646762421653464,0.17052229166588317,-0.8639437186882819,3.0570939629783127,0.177025034300619,-0.86785233932393469,-0.0098690118601112136,-0.0015424734515444745,-0.0039086206356527819,0.93500285911747782,0.60574888298015905,0.10797242883048097,0.018154718047133454,-0.00040382237020391426,0.018159208679829366,-0.0032360092727496959,0.029970699999999999,0.028022690189752182,0.0011452887414456405,0.01905621130855506,-0.020577746774994909,0.93500285911747749,0.0280460844285279,0.0006726113629030861,1,0.028022690189752193,0.029970699999999999,0.010382271747640281,-8.6736173798840355e-19,0.010382271747640281,0,0.34641405598268582,0.010382271747640281,0,0.0188667,432,0,0,1,1,1,1,1,1,3,0.27289512965309715,2.1831610372247772,0.82261816572548685,20,0.028022690189752193,1,0.014262804162033835,0.028022690189752193,0.064120849734973687,0.096092142164707184,0.029970699999999999,0.0019217467511519759,0.064120849734973687,-0.040828700000000002,0.61599999666213989,0.096000000834465027,0.018461951099961994
639155490519234521,nan,66.859909426574404,0.0067019008293069593,0.0021267782403942004,221,0,0,0,0,3.0696489899965509,0.16185334220510342,-0.86702895103383915,3.074578139365856,0.15731253157032196,-0.86490217279344495,0.0066515840500186397,0.00081969771953016015,0.0021267782403942004,0.98905201631407991,1.3231089673078273,0.14817883575628416,0.026342437984615188,0.00059594367971944374,0.026349178124615093,0.0029501665304897395,0.0199095,0.019691531118805325,-0.00022923059774472392,0.012555027018238185,-0.015171692095515582,0.98905201631408746,0.019692865318937741,0.00082338829009553915,1,0.019691531118805176,0.0199095,0.0012758771010452641,-1.0842021724855044e-19,0.0012758771010452641,0,0.064083834402936496,0.0012758771010452641,0,0.018619500000000001,431,0,0,1,0,0,0,0,0,0,0,0,1,20,nan,1,0.026343120750709863,0.019691531118805176,0.11816157973336494,0.078421853482723236,0.0199095,0.0023525379717014294,0.11816157973336494,-0.054277100000000002,0.61599999666213989,0.096000000834465027,0.012264251933544874
639155490519535264,nan,77.227097689067151,0.00429644695911152,0.0029503074100993842,221,0,0,0,0,3.0954908242726709,0.13398576855205779,-0.86393191095477773,3.0914695078728505,0.13549853782891205,-0.86098160354467834,-0.0037619674651650351,-0.0020753450950380245,0.0029503074100993842,1.0436277551097113,0.916357816124866,0.13036277648246519,0.027558819869484059,-0.001296186865650811,0.027589285111966115,0.0039205692487666033,0.030074300000000002,0.031318771936044196,0.00078280734541107122,0.02091268490681486,-0.023326763018264168,1.0413799136154189,0.031328553476373255,0.00097026183866721905,1,0.031386374195495989,0.030074300000000002,0.022280120674590176,0,0.022280120674590176,0,0.74083588560964597,0.022280120674590176,0,0.0086607999999999997,432,0,0,1,0,0,0,0,0,0,0,0,1,20,nan,1,0.027556996766995627,0.031386374195495989,0.09217759621690251,0.13861507177352905,0.030074300000000002,0.0027721766819059912,0.09217759621690251,-0.057643699999999999,0.61599999666213989,0.097599998116493225,0.018525768699616196
639155490519735347,nan,92.245638099391542,0.0043184925284685885,0.0025258804068329921,222,0,0,0,0,3.104410403776217,0.1190035563664589,-0.86058171951950113,3.1076253730927688,0.11612026831077146,-0.85805583911266814,0.0042823211116486647,0.00055776663145724642,0.0025258804068329921,1.0467981544026155,1.2608142240987756,0.14622753717258352,0.025226749240035533,-0.0003747443158062351,0.025229532507001835,0.0029257644320102028,0.0200083,0.020944651512733677,-0.00093422333442561359,0.012940895903366556,-0.016494981462453151,1.0467981544026068,0.020965476389255798,0.00039988402517721067,1,0.02094465151273385,0.0200083,0.011808406580738673,0,0.011808406580738673,0,0.59017540624334264,0.011808406580738675,0,0.0087278000000000008,431,0,0,1,0,0,0,0,0,0,0,0,1,20,nan,1,0.02522653104626028,0.02094465151273385,0.057102591735478908,0.057100594043731689,0.0200083,0.0011425257862209826,0.057102591735478908,-0.070916099999999996,0.61599999666213989,0.097599998116493225,0.012325112733215094
639155490519935168,nan,97.023348900696575,0.0057383391805912376,0.002357132370796156,230,0,0,0,0,3.1209644312302687,0.1000019397022452,-0.85768513953319969,3.123899871364503,0.095071247279285218,-0.85532800716240354,0.0056495673796765952,-0.0010054476485638845,0.002357132370796156,1.0467981544026155,1.3295482012201376,0.13651377734395301,0.026567165111600909,-0.0014513160626017027,0.026606776963409722,0.0027278319502646031,0.019982099999999999,0.020917225401088972,-0.00044796277532506944,0.013339058137499915,-0.016118328608526258,1.046798154402639,0.020922021631000161,0.00037069957946844756,1,0.0209172254010885,0.019982099999999999,0,0,0,0,0,0,0,0.0287099,431,0,0,1,0,0,0,0,0,0,0,0,1,20,nan,1,0.026566392811670447,0.0209172254010885,0.053004521828249426,0.035295192152261734,0.019982099999999999,0.0010591416556242628,0.053004521828249426,-0.050934,0.61599999666213989,0.097599998116493225,0.012308973533302545
639155490520234507,nan,97.267669730263378,0.010733627266179506,5.8217650191427772e-05,225,0,0,0,0,3.1438582465237919,0.06862650467931071,-0.85452798210103464,3.1372642079278297,0.077095826333624773,-0.85446976445084322,-0.010717558045577072,0.0005871148345582217,5.8217650191427772e-05,1.1041741760172423,0.74611778101774484,0.028671262734235092,0.022334215045207072,-0.0017041385700714302,0.02239913502686117,0.00085824271156031983,0.029933899999999999,0.033052239367482313,-0.002282678902622657,0.019958375159288888,-0.026444742599974508,1.104174176017235,0.033130969653450019,0.00080002506136889195,1,0.033052239367482528,0.029933899999999999,0.012515593450320049,8.6736173798840355e-19,0.012515593450320051,0,0.41810767892991052,0.012515593450320051,0,0.0185991,431,0,0,1,1,1,1,1,1,3,0.069222104910091786,0.55377683928073429,0.95500563180844034,20,0.033052239367482528,1,0.021535005650531229,0.033052239367482528,0.076361111970895207,0.11429786682128906,0.029933899999999999,0.00228578588962558,0.076361111970895207,-0.054349300000000003,0.61599999666213989,0.097599998116493225,0.01843928230008483
639155490520485417,nan,111.11576636656625,0.010515963079862481,0.003152650262257195,229,0,0,0,0,3.155359928148846,0.05411032722108057,-0.8530458556226469,3.1544709363378032,0.064588646411529463,-0.85619850588490409,-0.0084778656166778835,0.0062218384809139583,-0.003152650262257195,1.1667407978352515,0.82625074776800622,0.06889886549204402,0.020731457512247042,0.0047652619651126233,0.021272072117644144,-0.0017287414340608764,0.025090999999999999,0.029218173862167643,-0.0014444985047461882,0.018095720221016354,-0.022985499112544203,1.1644882173754592,0.029253858886821592,0.0014239088281963186,1,0.029274693358484295,0.025090999999999999,0.024837878884854447,0,0.024837878884854447,0,0.98991187616493759,0.024837878884854447,0,0.0037542999999999999,431,0,0,1,0,0,0,0,0,0,0,0,1,20,nan,1,0.020741107898070939,0.029274693358484295,0.16214223975545417,0.13557375967502594,0.025090999999999999,0.0040683109377041005,0.16214223975545417,-0.062947400000000001,0.61599999666213989,0.13600000739097595,0.015456055916249751
639155490520735232,nan,121.28506425361701,0.0066470204554813566,0.0060984320395919278,230,0,0,1,2,3.1773525521521542,0.045508251620246909,-0.85619850588490432,3.1763419887745341,0.038938499524817378,-0.85010007384531239,0.0043002712790387951,-0.0050685844041765378,0.0060984320395919278,1.1771568121177975,1.3492950455721111,0.24411792885101799,0.033707414180959697,-0.00028844277314055491,0.033708648296841268,0.0060984320395917058,0.0249815,0.0294071429019209,0.0047801416310359838,0.022881615814350997,-0.019080394791282554,1.1771568121178031,0.029793116783357193,-2.2204460492503131e-16,1,0.029407142901920761,0.0249815,0.019322675923870047,0,0.019322675923870047,0,0.77347941171947432,0.019322675923870047,0,0.0085667999999999994,431,0,0,1,0,0,0,0,0,0,0,0,1,20,nan,1,0.033707414180959697,0.029407142901920761,0,0.13557375967502594,0.0249815,0,0,-0.037965899999999997,0.61599999666213989,0.13600000739097595,0.015388603916615248
639155490521035231,nan,77.293704360482195,0.0079511214912829503,0.00096755738896603394,238,0,0,0,0,3.1995548437159376,0.011610247000454502,-0.84728851018523688,3.1937248605587221,0.017016875280235273,-0.84825606757420291,-0.0079117562610744856,-0.00079021885227465675,-0.00096755738896603394,1.1950484236391175,0.9313974367147726,0.061467080593917894,0.027941829961699506,-0.0014056953359954973,0.027977166421676226,0.0018440062711094773,0.029999899999999999,0.035851333204330822,-0.0005932352299309919,0.02321285494140346,-0.027328252524362877,1.1950484236391061,0.035856241026716466,0.0028115636600755116,1,0.035851333204331162,0.029999899999999999,0.01354862249332367,0,0.01354862249332367,0,0.45162225518497295,0.01354862249332367,0,0.018662600000000001,431,0,0,1,0,0,0,0,0,0,0,0,1,20,nan,1,0.027935958589640673,0.035851333204331162,0.26776886018909851,0.14800354838371277,0.029999899999999999,0.0080330390287869369,0.26776886018909851,-0.0408723,0.61599999666213989,0.13600000739097595,0.01847993829986453
639155490521235091,nan,85.442564278924067,0.0091560249944257297,0.0042983783869673386,239,0,0,0,0,3.209191261203824,-0.0019952712078799457,-0.84711601301924189,3.2142206310555363,-0.0096462994128492571,-0.84281763463227455,0.0090636634170596364,-0.0012972274899968519,0.0042983783869673386,1.2317739195966004,1.6789001067803073,0.27211212558432712,0.033554497534111223,-0.0022576953304974511,0.03363036563839332,0.0054384329419283617,0.019986,0.024489361097394715,-0.0009708017520445051,0.015466400645101963,-0.019012146488115219,1.2253257829177782,0.02450859569621161,0.001140054554961023,0.97853943705558777,0.024618233557057657,0.019986,0.0016442950052693028,0,0.0016442950052693028,0,0.082272340902096605,0.0016442950052693028,0,0.0186511,431,0,0,1,0,0,0,0,0,0,0,0,1,20,nan,1,0.033550776040050551,0.024618233557057657,0.16297902173821846,0.16287633776664734,0.019986,0.0032572987284600341,0.16297902173821846,-0.054076800000000001,0.61599999666213989,0.13600000739097595,0.012311375933289528
639155490521534525,nan,92.399653420307246,0.010479336579249744,0.0018145223762924267,246,0,0,0,0,3.2365163811563762,-0.040156174169552826,-0.84210648594701298,3.233135622460718,-0.030237153765151344,-0.84029196357072056,-0.0096512828153377875,0.0040827974673705338,0.0018145223762924267,1.2570617378832163,0.93365546455826287,0.084348172270149388,0.027956819037453888,0.00042006204644962422,0.027959974656923632,0.0025256710615539912,0.029943399999999998,0.03761100288811469,-0.0036558708920126602,0.02229575010083984,-0.030509874756703567,1.2560698814468194,0.037788264451133993,0.00071114868526156449,1,0.037640702442132294,0.029943399999999998,0.026679216896960511,0,0.026679216896960511,0,0.89098822768825559,0.026679216896960508,0,0.0086963000000000006,431,0,0,1,0,0,0,0,0,0,0,0,1,20,nan,1,0.027957231362412571,0.037640702442132294,0.067856468753104984,0.1016002893447876,0.029943399999999998,0.0020318533864617239,0.067856468753104984,-0.057480299999999998,0.61599999666213989,0.13600000739097595,0.01844513430005312
639155490521735332,nan,98.075494779219042,0.0094768930227720136,0.0027432385259241743,239,0,0,0,0,3.250064328896586,-0.048783244748356894,-0.83858781488732803,3.256351875604282,-0.055873961056573357,-0.83584457636140386,0.0094766756033959551,-6.4194026706585784e-05,0.0027432385259241743,1.2570617378832163,1.7223605340446912,0.22147570599215666,0.03458620517599123,0.00018630525433316683,0.034586706956915611,0.0044473872093167,0.0200807,0.025109433937193337,0.00023434953139041086,0.016928706435868079,-0.018546090983205549,1.2504262270335864,0.025110527520327795,0.0017041486833925257,0.97948037087917328,0.025242679639911503,0.0200807,0,0,0,0,0,0,0,0.028777,431,0,0,1,0,0,0,0,0,0,0,0,1,20,nan,1,0.034586556242951649,0.025242679639911503,0.24247143965421636,0.16231177747249603,0.0200807,0.0048689962382644225,0.24247143965421636,-0.037399599999999998,0.61599999666213989,0.13600000739097595,0.012369711132973433
639155490522035382,nan,99.265118999381926,0.0071547467204563665,0.0039373256818211466,249,0,0,1,2,3.2828190779948665,-0.085083506177339827,-0.83453906075474049,3.277130366879792,-0.08074427047469486,-0.83060173507291934,-0.0070353968383169169,-0.0013013807902691166,0.0039373256818211466,1.2872032222290219,1.0792671443318747,0.17473225424044367,0.032383410665677896,-0.0012620237310003411,0.032407992690685873,0.0052428412884845121,0.030005,0.039417102536083201,4.8540768013527469e-05,0.026467202390584532,-0.02920954512076647,1.3136844704576971,0.039417132424191592,0.0013055156066633655,0.93914896249771118,0.038622532682981804,0.030005,0.014374069662308923,0,0.014374069662308919,0,0.47905581277483494,0.014374069662308921,0,0.0188381,430,0,0,1,0,0,0,0,0,0,0,0,1,20,nan,1,0.032381000644922463,0.038622532682981804,0.12431410066546304,0.18651062250137329,0.030005,0.0037300445904672186,0.12431410066546304,-0.040926499999999998,0.58799999952316284,0.25920000672340393,0.0176429399856925
639155490522235111,nan,84.02357442488092,0.0069116383876208333,0.0041722136516881845,254,0,0,0,0,3.2937495622274642,-0.1003513657592147,-0.83060173507291957,3.299877838722459,-0.10354745280467013,-0.82642952142123138,0.0064928937020394296,0.0023691932329910595,0.0041722136516881845,1.299410873592306,1.6110857535923582,0.20889373359341723,0.032178054647924809,0.0014161209984284197,0.032209200542811137,0.0041722136516879624,0.019972899999999998,0.025685160945885376,-0.00095307223456264113,0.0166191953476722,-0.019607095284519843,1.2860005780775641,0.025702837187756716,-2.2204460492503131e-16,0.93914896249771118,0.025953003437171766,0.019972899999999998,0.0015061471435808826,-1.0842021724855044e-19,0.0015061471435808826,0,0.075409537101817095,0.0015061471435808826,0,0.018813799999999999,430,0,0,1,0,0,0,0,0,0,0,0,1,20,nan,1,0.032178054647924809,0.025953003437171766,0,0.18651062250137329,0.019972899999999998,0,0,-0.054222100000000002,0.58799999952316284,0.25920000672340393,0.011744065190476178
639155490522535421,nan,65.955119739152593,0.014881273898960266,0.0015122031693907134,251,0,0,0,0,3.3294021924558912,-0.13275498368022451,-0.82241715717428965,3.3191405696066312,-0.12197762735525219,-0.82392936034368036,-0.014880109329858539,-0.00018616978093392682,-0.0015122031693907134,1.3398931780687402,0.88596208897874795,0.083252674821052308,0.026606327494120778,0.0016815089522677247,0.026659409878708185,0.0025001610775510219,0.030030999999999999,0.041485570067233996,0.0019273814930920521,0.029524353733432207,-0.029207530875554374,1.3814248632158102,0.041530318120901681,0.0040123642469417353,0.84452810386816657,0.040238332030582337,0.030030999999999999,0.028732786498021138,0,0.028732786498021134,0,0.95677088668446408,0.028732786498021134,0,0.0085690000000000002,429,0,0,1,1,1,1,1,1,3,0.12857060735696257,1.0285648588557006,0.91642910521797427,20,0.040238332030582337,1,0.024545405669665472,0.040238332030582337,0.38173546829625915,0.24328313767910004,0.030030999999999999,0.011463897848404958,0.38173546829625915,-0.057583500000000003,0.58799999952316284,0.25920000672340393,0.017658227985680102
639155490522735213,nan,80.463750033317339,0.0054208260113846789,0.0011419249725037606,257,0,0,0,0,3.3363483513601659,-0.13898376913509547,-0.82054747585373955,3.3394822539783222,-0.14340689122538622,-0.81940555088123579,0.0053723588745503946,-0.00072326673416129748,0.0011419249725037606,1.3398931780687402,1.4787490103712817,0.22642595611658992,0.029544222228009908,0.00036933187690223711,0.02954653064394077,0.0045238094624445732,0.019979199999999999,0.024169448075759981,0.0010744258124957898,0.017207781753534768,-0.017006141779843276,1.2097305235324729,0.024193317488790476,0.0033818844899408114,0.71316788593928016,0.026769993783270971,0.019979199999999999,0,0,0,0,0,0,0,0.028548199999999999,429,0,0,1,0,0,0,0,0,0,0,0,1,20,nan,1,0.02954566176394214,0.026769993783270971,0.48362933020927729,0.32209926843643188,0.019979199999999999,0.009662527114117192,0.48362933020927729,-0.0376043,0.58799999952316284,0.25920000672340393,0.011747769590473174
639155490523034317,nan,86.91037120516323,0.0071747190599215308,0.0058880271247145899,253,0,0,1,2,3.3676026400569206,-0.17299115972085527,-0.8185045227622062,3.3615402625248296,-0.16915395080717852,-0.81261649563749161,-0.0069441478287593124,-0.0018042739595578714,0.0058880271247145899,1.3645740352510942,1.1324634881304207,0.22697975432438819,0.033872435915376135,-0.0014577048071861415,0.033903787666662799,0.0067890552437441807,0.0299104,0.040814955223974603,0.00035282529158016732,0.028120386078598347,-0.029584268495469052,1.3645740352511033,0.04081648019637938,0.0009010281190295899,1,0.040814955223974332,0.0299104,0.015464853998904182,0,0.015464853998904182,0,0.51703935751123964,0.015464853998904182,0,0.018577300000000001,429,0,0,1,0,0,0,0,0,0,0,0,1,20,nan,1,0.033870531522405857,0.040814955223974332,0.086069262008231326,0.12872473895549774,0.0299104,0.0025743660543710023,0.086069262008231326,-0.041154400000000001,0.43399998545646667,0.4912000298500061,0.012981113164997102
639155490523234154,nan,69.229513124523464,0.010737633844311381,0.0015554873557697135,258,0,0,0,0,3.3778976275041912,-0.18806671769060163,-0.80768751932114458,3.3874710838432653,-0.19292940360461483,-0.80613203196537486,0.010131118375136791,0.0035576988410300965,0.0015554873557697135,1.3842466605873007,1.7560885758707117,0.32448764103327948,0.035093147273627542,0.0024800533065339365,0.035180671539522416,0.006484463672116747,0.0199837,0.024979687707350429,-0.0011275381581110095,0.016357364979361577,-0.01891276688342311,1.2500031379249303,0.025005122280339891,0.0049289763163470335,0.46758368611335754,0.027662369991178441,0.0199837,0.001913305734263737,-1.0842021724855044e-19,0.0019133057342637372,0,0.095743317516963175,0.0019133057342637372,0,0.0186015,429,0,0,1,0,0,0,0,0,0,0,0,1,20,nan,1,0.035109740186341609,0.027662369991178441,0.70471381552350565,0.46944978833198547,0.0199837,0.01408278947527708,0.70471381552350565,-0.054033900000000003,0.43399998545646667,0.4912000298500061,0.0086729255093663925
639155490523534216,nan,69.704716825496533,0.0044240001562319015,0.0073413339260300914,250,0,0,1,2,3.4233161797096017,-0.2254072350084248,-0.80249148830438377,3.419791970021417,-0.22273296436841,-0.79515015437835368,-0.004372074626133109,-0.00067582604704386124,0.0073413339260300914,1.3686519531211339,1.4624401532586984,0.36598694893126027,0.043882271726711157,0.0026903802046090684,0.043964666694315625,0.010981877587021183,0.0300062,0.048251857011306909,0.0033821184665146636,0.035845095866336329,-0.03247783140380997,1.6080629007107501,0.048370243232395957,0.0036405436609910917,0.38316488265991211,0.041068044235743367,0.0300062,0.029456538089890572,-1.7347234759768071e-18,0.029456538089890572,0,0.98168172210711691,0.029456538089890572,0,0.0084811999999999995,428,0,0,1,0,0,0,0,0,0,0,0,1,20,nan,1,0.043895670265992282,0.041068044235743367,0.3466468035645191,0.52010107040405273,0.0300062,0.010401553317117673,0.3466468035645191,-0.057556299999999998,0.43399998545646667,0.4912000298500061,0.013022690363603831
639155490523734061,nan,70.036698391282272,0.0015257016402337692,0.0056651046908497982,262,0,0,0,0,3.4410702416787462,-0.24232978460539645,-0.78845393844747136,3.4409333366975132,-0.24384933141978737,-0.78278883375662156,0.00098125003951726286,-0.0011682952772991012,0.0056651046908497982,1.3686519531211339,1.4951155571478658,0.61854540377453127,0.029879136851821524,0.00030906855512804164,0.029880735305237185,0.012361320621732119,0.019984499999999999,0.028890085712524535,0.0014707670267063346,0.021278271657329206,-0.019596820236986445,1.4456246447258894,0.028927499168159367,0.006696215930882321,0.18706252177556359,0.027351824957149298,0.019984499999999999,0,0,0,0,0,0,0,0.0284657,428,0,0,1,0,0,0,0,0,0,0,0,1,20,nan,1,0.029880726272136386,0.027351824957149298,0.95734421760898736,0.63776248693466187,0.019984499999999999,0.019132045516806806,0.95734421760898736,-0.037571800000000002,0.43399998545646667,0.4912000298500061,0.0086732727093547582
639155490524034239,nan,68.520330230978772,0.0075540997397660755,0.011288061045712672,259,0,0,1,2,3.4712813984759627,-0.27416716812802783,-0.77937666418658824,3.4693649175554868,-0.26686021775459667,-0.76808860314087557,-0.0064988809426413021,0.0038508400864886065,0.011288061045712672,1.3441826731323863,1.212120646263908,0.48971712169932474,0.036385195135420739,0.0037380817211985391,0.036576709529385007,0.014700230615745991,0.030017800000000001,0.042897177939049257,-9.0560707075536956e-05,0.030348061778449509,-0.030317836708240453,1.4290580235410075,0.042897273530798204,0.0034121695700333188,0.43794815738995874,0.040349406645553344,0.030017800000000001,0.015452589592062971,8.6736173798840355e-19,0.015452589592062971,0,0.5147808830781393,0.015452589592062971,0,0.018521900000000001,429,0,0,1,0,0,0,0,0,0,0,0,1,20,nan,1,0.036402984173247527,0.040349406645553344,0.32477583015348005,0.48723110556602478,0.030017800000000001,0.0097490559143811328,0.32477583015348005,-0.041338699999999999,0.34999999403953552,0.62559998035430908,0.01050622982107997
639155490524234104,nan,59.046697491133344,0.0015071216272158087,0.0021659081675655667,254,0,0,0,0,3.4882952785685486,-0.28218136319932169,-0.75928894416039161,3.4885003076415186,-0.28068825279534659,-0.75712303599282604,-0.00087915311618149404,0.0012241345504191915,0.0021659081675655667,1.3043108450376208,1.1692956182339449,0.54864869527178473,0.02337012687383274,0.0033488620057824745,0.023608848062385692,0.010965567148049526,0.019986500000000001,0.024260017779634529,0.0021325109976467072,0.018930361013061781,-0.015321145444725015,1.2138202176286257,0.024353563719161669,0.0087996589804839598,0,0.026068608704344409,0.019986500000000001,0.0019582923027394727,0,0.0019582923027394727,0,0.097980752144671293,0.0019582923027394727,0,0.018485100000000001,429,0,0,1,0,0,0,0,0,0,0,0,1,20,nan,1,0.023410377563563997,0.026068608704344409,1.2579432517641278,0.83810466527938843,0.019986500000000001,0.025141882801383741,1.2579432517641278,-0.054088400000000002,0.34999999403953552,0.62559998035430908,0.0069952748808711773
639155490524535087,nan,63.185533412743929,0.0071288467492359436,0.010689854291389798,254,0,0,1,2,3.517316894408907,-0.30151232639837883,-0.75034972532605326,3.511091797532949,-0.29803833375891786,-0.73965987103466346,-0.0069222466859219451,-0.0017038065598343403,0.010689854291389798,1.277648575219706,0.94146336511604478,0.58020436231157835,0.028336446802272253,0.0029062875940057478,0.028485096541122645,0.01746316495816258,0.030098300000000001,0.035246994377388749,0.0046569412394032016,0.028816586767388408,-0.020824073603032234,1.1710626306930541,0.035553308064748754,0.0067733106667727796,0,0.038455050111535279,0.030098300000000001,0.027413349050570801,0,0.027413349050570801,0,0.91079393356338401,0.027413349050570801,0,0.0086648999999999997,429,0,0,1,0,0,0,0,0,0,0,0,1,20,nan,1,0.028363241529101399,0.038455050111535279,0.64297040666015226,0.9676593542098999,0.030098300000000001,0.019352316190779262,0.64297040666015226,-0.057526000000000001,0.34999999403953552,0.62559998035430908,0.010534404820600153
639155490524734015,nan,50.636764217686647,0.012922030251682155,0.0093714265953812603,257,0,0,1,2,3.5260231388416687,-0.30950548275378237,-0.72801655438488677,3.5379286502292473,-0.31452919297886761,-0.71864512778950551,0.012230140398121404,0.0041716341723151609,0.0093714265953812603,1.2271872825692287,1.5553250410252311,1.0563994633816232,0.030939769976106715,0.0059072611488422636,0.031498652359347311,0.021014743245157952,0.019892799999999999,0.018759029129428697,0.0015935135610181481,0.014931341308719759,-0.011467148994864507,0.94300596846239337,0.018826589158631554,0.011643316649776692,0,0.024412191174693152,0.019892799999999999,0.013874088541815155,8.6736173798840355e-19,0.013874088541815155,0,0.69744272007033481,0.013874088541815155,0,0.0085871999999999997,430,0,0,1,0,0,0,0,0,0,0,0,1,20,nan,1,0.031033742840635453,0.024412191174693152,1.6722944482105089,1.1089427471160889,0.019892799999999999,0.033266618999362008,1.6722944482105089,-0.071252399999999994,0.26600000262260437,0.74879997968673706,0.005291484852170944
639155490525034096,nan,45.713195593399625,0.0079195846039520797,0.022419186444563644,260,0,0,1,2,3.5784117878165045,-0.33940549759954314,-0.71148793700093849,3.5709491765632064,-0.33675422364513857,-0.68906875055637484,-0.0073832953827107795,-0.0028647459906240395,0.022419186444563644,1.2271872825692287,1.3158677392275568,0.98561312556045433,0.03948669070551445,0.005010828735390209,0.039803355982735593,0.029576377233130668,0.030008099999999999,0.046849293624410815,0.0079283445550240236,0.04048313758725719,-0.024876304620675527,1.561221590984128,0.047515418134427043,0.007157190788567025,0,0.036825558694065674,0.030008099999999999,0,0,0,0,0,0,0,0.038595299999999999,430,0,0,1,0,0,0,0,0,0,0,0,1,20,nan,1,0.039535859340460264,0.036825558694065674,0.6814532255878587,1.0225069522857666,0.030008099999999999,0.020449116538763024,0.6814532255878587,-0.041244299999999998,0.26600000262260437,0.74879997968673706,0.0079821546786993745
639155490525234991,nan,41.923743878667487,0.0068975502391321235,0.012156646325485965,271,0,0,1,2,3.5930554033415119,-0.35163319810770205,-0.67677127596905851,3.5875242641507663,-0.34751219112470016,-0.66461462964357254,-0.006892970702610501,-0.00025130498265039545,0.012156646325485965,1.2114632029404493,0.97729693251142413,1.2172588124543817,0.019633406725688255,0.0022353373728109839,0.019760247792641326,0.024454120912802302,0.0200895,0.026522765891444221,0.0025713873491030135,0.022106226778305427,-0.014878974462563477,1.3202302641401837,0.026647122610733865,0.012297474587316337,0,0.024337690015472157,0.0200895,0.0017958730520390984,0,0.0017958730520390986,0,0.089393616169595985,0.0017958730520390986,0,0.018607100000000001,429,0,0,1,0,0,0,0,0,0,0,0,1,20,nan,1,0.019669645077391981,0.024337690015472157,1.7489555080040404,1.1712427139282227,0.0200895,0.035135641678047169,1.7489555080040404,-0.0541535,0.26600000262260437,0.74879997968673706,0.0053438070526868105
639155490525534158,nan,40.20124674995612,0.0046554818067515418,0.019786893069827838,263,0,0,1,2,3.6122074032448577,-0.36353264388339501,-0.65634073385360125,3.6167588820953043,-0.36255409846956288,-0.63655384078377342,0.0030086904412915914,0.0035526458705414494,0.019786893069827838,1.1856590949654287,1.0793084073424086,0.93796404215034157,0.032289345829940634,0.0061903157277340415,0.032877376156477817,0.028060788859799124,0.029916700000000001,0.029310152257888744,0.0026128981517108997,0.024683139094091366,-0.016020452758694848,0.97972544625205127,0.029426387174300465,0.0082738957899712862,0,0.035471007446352239,0.029916700000000001,0.02540288161064197,0,0.02540288161064197,0,0.84912044478976523,0.02540288161064197,0,0.0084905999999999992,429,0,0,1,0,0,0,0,0,0,0,0,1,20,nan,1,0.032360257208653237,0.035471007446352239,0.79018415323418101,1.1814652681350708,0.029916700000000001,0.023639702257061024,0.79018415323418101,-0.057487999999999997,0.26600000262260437,0.74879997968673706,0.0079578422784596682
639155490525734814,nan,36.170388901469281,0.0082930358612130217,0.02966173366302283,263,0,1,1,2,3.6363669989607312,-0.37264294169154516,-0.63655384078377364,3.6442689416244081,-0.37515963514433776,-0.60689210712075081,0.007850331890353647,0.0026733374285079952,0.02966173366302283,1.1856590949654287,1.4759223879943095,1.4782380623067641,0.029615268268538615,0.0062160128327102635,0.030260583770871454,0.029661733663022605,0.020065599999999999,0.021764936378184968,0.003542675404202271,0.019608116865426961,-0.01008884322198228,1.0846890388617818,0.022051371942942214,-2.2204460492503131e-16,0,0.023790961135938305,0.020065599999999999,0,0,0,0,0,0,0,0.0285562,429,0,0,1,0,0,0,0,0,0,0,0,1,20,nan,1,0.029615268268538615,0.023790961135938305,0,1.1814652681350708,0.020065599999999999,0,0,-0.037422400000000001,0.26600000262260437,0.74879997968673706,0.0053374496526241303
639155490526035109,nan,34.581324624364811,0.014269751067243763,0.0097400563855092326,261,0,0,1,2,3.6854395685993913,-0.39402465605450998,-0.58615852117661449,3.6728418098249906,-0.38732224832421508,-0.57641846479110526,-0.014202374074599171,-0.0013850509616103873,0.0097400563855092326,1.0343171033302081,1.0125710378895847,1.0147902006242382,0.030407001982305282,0.0063049335459837829,0.031053791339725152,0.03047364232964556,0.030029500000000001,0.04457760848100966,0.0079841318606511755,0.041170626974983193,-0.018865020910172225,1.4844605631465613,0.045286968759836961,0.020733585944136323,0,0.031060025454454486,0.030029500000000001,0.011644135085870921,-8.6736173798840355e-19,0.011644135085870921,0,0.38775654226247258,0.011644135085870921,0,0.018771699999999999,429,0,0,1,0,0,0,0,0,0,0,0,1,20,nan,1,0.030580385881092343,0.031060025454454486,1.9726874234751441,1.1369601488113403,0.030029500000000001,0.059238816983246845,1.9726874234751441,-0.040808499999999998,0.26600000262260437,0.74879997968673706,0.007987847078755498
639155490526235084,nan,33.070481972473026,0.0016586052905881278,0.015992509493562235,251,0,0,1,2,3.6918692971904528,-0.39542167911941967,-0.56445296778792664,3.692517993489246,-0.39389519144442886,-0.54846045829436441,-0.00026852884479203079,0.001636723485956496,0.015992509493562235,1.0262951607072055,1.00409164134505,1.3980750842225702,0.020079322597797638,0.0052131170008594008,0.020745018314069434,0.02795800649674085,0.019997500000000001,0.020367415962410478,0.0035797236853248402,0.019027487365462115,-0.0080994307952045874,1.0184981103843218,0.020679604799152443,0.011965497003178616,0,0.020523337476242343,0.019997500000000001,0.0015599686442753222,-1.0842021724855044e-19,0.0015599686442753224,0,0.078008183236670692,0.0015599686442753222,0,0.018477500000000001,428,0,0,1,0,0,0,0,0,0,0,0,1,20,nan,1,0.020165495606228819,0.020523337476242343,1.7095704110411816,1.1396167278289795,0.019997500000000001,0.034187134294796029,1.7095704110411816,-0.054393299999999999,0.26600000262260437,0.74400001764297485,0.0053193350524455311
639155490526534162,nan,31.885447436210146,0.0074876555323651461,0.018957738505130495,245,0,0,1,2,3.7219452401847737,-0.40372553364974101,-0.54069686205182921,3.7158616183808464,-0.39936038403968882,-0.52173912354669871,-0.0074626833656997252,0.00061101747492768848,0.018957738505130495,1.0238835243773223,0.76131255358180605,0.89345704958792338,0.022769183590013939,0.0075071587053470454,0.023974844174322135,0.026721334747665693,0.029907799999999998,0.030236385701413699,0.0069540963229113954,0.029427246695527653,-0.0098303422053121481,1.0109866222662216,0.031025771158070908,0.0077635962425351979,0,0.030622103670372079,0.029907799999999998,0.022035644099303475,0,0.022035644099303475,0,0.73678585851528622,0.022035644099303475,0,0.0083934999999999999,429,0,0,1,0,0,0,0,0,0,0,0,1,20,nan,1,0.022851042297484463,0.030622103670372079,0.74166951598246267,1.1091406345367432,0.029907799999999998,0.022181703550100296,0.74166951598246267,-0.057355499999999997,0.26600000262260437,0.74400001764297485,0.007955474878436326
639155490526734997,nan,28.227547916912101,0.0066481308325440566,0.028064774809066165,241,0,1,1,2,3.7315371843037983,-0.40303033620891904,-0.52173912354669871,3.7372614678856344,-0.40641119720004909,-0.49367434873763255,0.0066476716921193679,-7.8132198342047068e-05,0.028064774809066165,0.95000811611666303,1.0987489482527022,1.3974045763470593,0.022066724502233143,0.0045527129046787941,0.022531478536702499,0.028064774809066165,0.020083500000000001,0.015419052810113777,0.0046308451030208399,0.01567556592295194,-0.0036699521692302173,0.76774729554678101,0.016099438373100152,0,0,0.019079488000029003,0.020083500000000001,0.0062530484210912007,4.3368086899420177e-19,0.0062530484210912007,0,0.3113525242657505,0.0062530484210912007,0,0.0135014,430,0,0,1,0,0,0,0,0,0,0,0,1,20,nan,1,0.022066724502233143,0.019079488000029003,0,1.1091406345367432,0.020083500000000001,0,0,-0.037272,0.26600000262260437,0.74400001764297485,0.0053422110526710753
639155490527035095,nan,26.194602067981254,0.0047104150417174376,0.0065166178355556825,251,0,0,1,2,3.7692382251076717,-0.4169468853410494,-0.47137527294727621,3.7659550685955745,-0.41356918002792459,-0.46485865511172053,-0.0044589671121678092,0.0015184275280182972,0.0065166178355556825,0.98328567987443727,0.95500247002530281,0.96020945244260292,0.028659433124965331,0.0072935816181952055,0.02957295115245746,0.028815693625912023,0.0300098,0.033151148399586952,0.0058749541981272281,0.0319767572220373,-0.01053568814100031,1.1046774186961243,0.033667695600404987,0.022299075790356337,0,0.029508206595895887,0.0300098,0.011331679160576869,0,0.011331679160576869,0,0.37759928958463129,0.011331679160576869,0,0.018485499999999998,429,0,0,1,0,0,0,0,0,0,0,0,1,20,nan,1,0.028877196399559948,0.029508206595895887,2.1230279813695518,1.0492570400238037,0.0300098,0.063711645115303972,2.1230279813695518,-0.040610300000000002,0.26600000262260437,0.74400001764297485,0.0079826068787038334
639155490527234090,nan,22.377420182323085,0.008805293718486212,0.02117661151724598,258,0,0,1,2,3.7849817967752841,-0.41831563882749367,-0.45818074955893406,3.7933673955640717,-0.42100170107961998,-0.43700413804168808,0.0087087885652204575,0.001300076611241876,0.02117661151724598,0.97946921757255989,1.3988009293684722,1.3997596457213721,0.027835439093967913,0.0056450305098993533,0.028402078075586156,0.027854517070032447,0.019899500000000001,0.019135526434019369,0.0042868268513562959,0.019026728179709629,-0.0047464587995690866,0.96160840393072033,0.019609825505612313,0.0066779055527864672,0,0.019490947695085158,0.019899500000000001,0.0013411871996220626,0,0.0013411871996220626,0,0.067398035107518406,0.0013411871996220626,0,0.0185302,429,0,0,1,0,0,0,0,0,0,0,0,1,20,nan,1,0.027888024478044643,0.019490947695085158,0.95880450015421581,0.95403420925140381,0.019899500000000001,0.019079730150818819,0.95880450015421581,-0.054393999999999998,0.26600000262260437,0.70879995822906494,0.0052932670521885156
639155490527533906,nan,27.143467457873964,0.020356770587594653,0.017400837090731924,261,0,0,1,2,3.8346682032345507,-0.43219991576659755,-0.42981972748706687,3.815241044420449,-0.42611850070366786,-0.41241889039633495,-0.020194249472260187,-0.0025671768556291153,0.017400837090731924,0.94388163805996794,0.73323676259990478,0.82001119504473197,0.021983611321565306,0.0046215782961126304,0.022464152614437821,0.024585247645353137,0.029981600000000001,0.042158896131516722,0.0073337714295938043,0.041300807670479056,-0.01119821468697757,1.4061589818927849,0.042792017087414119,0.0071844105546212114,0,0.028299081719658736,0.029981600000000001,0.02053116999125848,0,0.02053116999125848,0,0.68479233900987535,0.02053116999125848,0,0.0082883999999999996,429,0,0,1,0,0,0,0,0,0,0,0,1,20,nan,1,0.022029885949536674,0.028299081719658736,0.68464949498751815,1.026390552520752,0.029981600000000001,0.020526887298917773,0.68464949498751815,-0.057389900000000001,0.26600000262260437,0.70879995822906494,0.0079751056786298759
639155490527733806,nan,23.536533316944823,0.0067552891842548261,0.015035131960568326,254,0,0,1,2,3.8298251306813218,-0.42953008729293318,-0.40157482097765801,3.8365465279388489,-0.43020592075571656,-0.38653968901708968,0.0064508490924746224,0.0020051129516886496,0.015035131960568326,0.95042214590266949,1.0584016721544405,1.2946073726485874,0.021157449426367266,0.0047950979557680254,0.021694022924176586,0.025879201379245265,0.019990000000000001,0.014728722778129833,0.0027201508130311057,0.014584086260872819,-0.0034115865892653252,0.73680454117708016,0.014977800076133823,0.010844069418676938,0,0.018998938696594365,0.019990000000000001,0.011153679093240498,-8.6736173798840355e-19,0.011153679093240498,0,0.55796293613008996,0.011153679093240498,0,0.0082544999999999997,430,8,0.031496062992125984,1,0,0,0,0,0,0,0,0,1,20,nan,1,0.021229191138022293,0.018998938696594365,1.5499277379657093,1.0324828624725342,0.019990000000000001,0.030983055481934529,1.5499277379657093,-0.070830599999999994,0.26600000262260437,0.70879995822906494,0.0053173400524258617
639155490528033930,nan,23.038647428821754,0.010603024519637837,0.018959726515476727,250,0,0,1,2,3.8685339563304257,-0.43634265340054429,-0.37965534547778851,3.8589171615886873,-0.43187707529023067,-0.36069561896231178,-0.010586950999023894,0.00058360732372730395,0.018959726515476727,0.91364135460526219,0.71137627311742413,0.86111307508822688,0.021350109259309382,0.0068855531360276431,0.022432966976606288,0.025844070054777901,0.030012400000000002,0.031940827100934197,0.0063748432740405123,0.031987428391576866,-0.0061367326448277248,1.0642543449019137,0.032570770065510457,0.0068843435393011734,0,0.027420569790954974,0.030012400000000002,0.010362154787391553,4.3368086899420177e-19,0.010362154787391553,0,0.34526245109993042,0.010362154787391553,0,0.018670800000000001,431,14,0.056000000000000001,1,0,0,0,0,0,0,0,0,1,20,nan,1,0.021416793530581159,0.027420569790954974,0.65538087488611041,0.98353666067123413,0.030012400000000002,0.019669552969431903,0.65538087488611041,-0.074383500000000005,0.083999998867511749,0.060799997299909592,0.0025210415660113098
639155490528235005,nan,20.869489394744022,0.0046321546645798429,0.016137158438872645,251,0,0,1,2,3.8739048838672829,-0.43299670383718936,-0.35172001828196359,3.8785367876088523,-0.43294849008993713,-0.33558285984309094,0.0043317354311179614,0.0016410134037801425,0.016137158438872645,0.91364135460526219,0.93175495340321002,1.2489249841711221,0.018735262725555046,0.005921789041210177,0.019648858868752894,0.025112759119220836,0.0201075,0.014418430661875781,0.0042419623327133102,0.014987722278595683,-0.0011196285469586842,0.71706729637576927,0.015029483929379552,0.0089756006803481947,0,0.018371043537725309,0.0201075,0,0,0,0,0,0,0,0.038778300000000002,431,22,0.087649402390438252,0,0,0,0,0,0,0,0,0,1,20,nan,1,0.018809651400833436,0.018371043537725309,1.2753735358659033,0.85486185550689697,0.0201075,0.025644573372423651,1.2753735358659033,-0.054275999999999998,0.083999998867511749,0.060799997299909592,0.0016890299772284924
639155490528535027,nan,28.633824404685502,0.0098110487007403661,0.016204605186269982,247,0,0,1,2,3.9078110357143947,-0.43454713741574857,-0.32928950619679181,3.8980403904356766,-0.43543661335458195,-0.31308490101052183,-0.0089580607886630866,-0.0040012277509429671,0.016204605186269982,0.88908591800963033,0.64112134252174868,0.74987697010782906,0.019235050742606008,0.0040735860781315339,0.019661670341214018,0.022497958832569109,0.0300022,0.028167753158998145,0.008131110464808881,0.029274248105542355,-0.001598647325811442,0.93885625584117649,0.02931786614706422,0.0062933536462991269,0,0.026674533529308531,0.0300022,0.01906155477614746,-8.6736173798840355e-19,0.01906155477614746,0,0.6353385677099499,0.01906155477614746,0,0.0085432000000000008,430,24,0.097165991902834009,0,0,0,0,0,0,0,0,0,1,20,nan,1,0.019270896474596028,0.026674533529308531,0.59932306357526521,0.89909547567367554,0.0300022,0.017981010417997823,0.59932306357526521,-0.057210400000000002,0.083999998867511749,0.060799997299909592,0.002520184766022861
639155490528735123,nan,31.010244520290215,0.0062259366832011333,0.012426407994607536,225,0,0,1,2,3.9110480795759273,-0.43709603670607738,-0.30377686687457461,3.9172170338476282,-0.4362556256299413,-0.29135045887996708,0.0056351106486031057,0.0026472279012637757,0.012426407994607536,0.80697084974404787,0.92439026517923106,1.0862007301772527,0.018496679450130341,0.0051271125378190285,0.019194124977615811,0.021734442130554754,0.020009599999999999,0.012886453043213359,0.0024275482680968024,0.013007689140250633,-0.0016594233514954371,0.64401352566834713,0.013113110333894191,0.0093080341359472185,0,0.016147163915038499,0.020009599999999999,0.0090478378644158752,0,0.0090478378644158752,0,0.45217484929313306,0.0090478378644158752,0,0.0087974999999999998,430,14,0.06222222222222222,1,0,0,0,0,0,0,0,0,1,20,nan,1,0.018563218415020722,0.016147163915038499,1.3290812033005914,0.88651490211486816,0.020009599999999999,0.026594383245563513,1.3290812033005914,-0.0706098,0.083999998867511749,0.060799997299909592,0.0016808063773393631
639155490529033916,nan,29.509309537849706,0.0052383361808887681,0.016312159577262786,231,0,0,1,2,3.945852522887825,-0.43747861426935164,-0.28520171120939408,3.9407645503139346,-0.43872468851727897,-0.2688895516321313,-0.0045318592566441695,-0.0026272452534883131,0.016312159577262786,0.81855897452535353,0.7786118857079467,0.75172133376068984,0.023264378116633452,0.0043989219268935221,0.023676608778974196,0.022460907247835782,0.029879300000000001,0.027779997538982592,0.007053982599742924,0.028635489040196749,-0.0012229886394103384,0.9297405742096565,0.028661593357372072,0.006148747670572996,0,0.024457969167535398,0.029879300000000001,0.0092450506259815751,0,0.0092450506259815768,0,0.30941322674833666,0.0092450506259815768,0,0.018585000000000001,430,36,0.15584415584415584,0,0,0,0,0,0,0,0,0,1,20,nan,1,0.023302119918076635,0.024457969167535398,0.5879605776357355,0.87843644618988037,0.029879300000000001,0.017567850487351433,0.5879605776357355,-0.074403499999999997,0,0,0
639155490529233794,nan,26.382983644395036,0.0061867546781609909,0.015777774841268077,254,0,0,1,2,3.9565388386278575,-0.44038247365824079,-0.2612114439981329,3.9626700219233157,-0.44120983382481915,-0.24543366915686482,0.0061368669208511665,0.00078409045620363626,0.015777774841268077,0.81855897452535353,1.0895915272346879,1.1735099648418772,0.021778537528061494,0.003423585367390505,0.022045989059894622,0.023455882475266473,0.0199878,0.015647871772477593,0.002592398961668063,0.015774288313922913,-0.0016577851409618205,0.78287114001929137,0.015861160846052814,0.0076781076339983989,0.031195878982543945,0.016361193071017861,0.0199878,0,0,0,0,0,0,0,0.038572799999999997,430,52,0.20472440944881889,0,0,0,0,0,0,0,0,0,1,20,nan,1,0.021814779035403853,0.016361193071017861,1.0975420197746901,0.73128247261047363,0.0199878,0.021937450382852552,1.0975420197746901,-0.054415699999999997,0,0,0
639155490529533843,nan,23.276062594430531,0.013976648014756912,0.014268882516967342,240,0,0,1,2,3.995553655194227,-0.44494043631424834,-0.23927582794112914,3.9828737729053842,-0.43906104222391046,-0.2250069454241618,-0.013712042030756573,0.0027067680128103943,0.014268882516967342,0.25754661555127722,0.63576878748756138,0.68077959708924263,0.01907617889168553,0.0069934439285648936,0.020317698173995247,0.020426723732703017,0.030004900000000001,0.032804628692037735,0.0043711632785165822,0.032883633270911261,-0.0037306024894291911,1.0933090492565458,0.033094572546414881,0.0061578412157356766,0,0.0077276604449545185,0.030004900000000001,0.0055034753342990683,0,0.0055034753342990683,0,0.18341921933747715,0.0055034753342990683,0,0.0081083000000000006,429,42,0.17499999999999999,0,0,0,0,0,0,0,0,0,1,20,nan,1,0.019136960729895864,0.0077276604449545185,0.58636529516709157,0.87973558902740479,0.030004900000000001,0.017593832044959068,0.58636529516709157,-0.057400800000000002,0,0,0
639155490529733941,nan,24.03769841938341,0.0044597240762462124,0.014386990259733334,254,0,0,1,2,3.9933626866990144,-0.43694491129154744,-0.21965018312239495,3.9975737529689912,-0.43841326401011127,-0.20526319286266162,0.004429826821431968,-0.00051553192759719389,0.014386990259733334,0.25754661555127722,0.70889780680615455,0.98670414304491705,0.014184903334629791,0.0039112079811643155,0.014714245834724754,0.019743752561500183,0.020009800000000001,0.0097523785009819858,0.0044030030963755559,0.01048891379363015,0.002116130932363014,0.4873801087957893,0.010700248721086271,0.0053567623017668486,0.39967775344848633,0.0051534562678579475,0.020009800000000001,0,0,0,0,0,0,0,0.0281181,429,51,0.20078740157480315,0,0,0,0,0,0,0,0,0,1,20,nan,1,0.014214418291100176,0.0051534562678579475,0.76487696768110369,0.5101933479309082,0.020009800000000001,0.015305035147905349,0.76487696768110369,-0.037391000000000001,0,0,0
639155490530033858,nan,21.823369473013987,0.0079849335357024057,0.01601386040593572,251,0,0,1,2,4.0134866536134153,-0.43616814943600019,-0.20356855556204501,4.0214714594146095,-0.43621331454200346,-0.18755469515610929,0.0078290613773172191,0.001570019592165886,0.01601386040593572,0.46638271958967181,0.76513256920384187,0.59044661378155738,0.022947626475790864,0.0070247128162477619,0.023998753113926012,0.017708497706552334,0.0299917,0.015121236952693014,0.0054414280653803989,0.015912900644424077,0.0022451145741110845,0.50418072175611972,0.016070499257029889,0.0016946373006166138,0.84649677077929175,0.01398761061111756,0.0299917,0.0054296276214627071,2.1684043449710089e-19,0.0054296276214627071,0,0.18103767447202751,0.0054296276214627071,0,0.0183497,428,54,0.2151394422310757,0,0,0,0,0,0,0,0,0,1,20,nan,1,0.022964565413924332,0.01398761061111756,0.16143869333531349,0.24210193753242493,0.0299917,0.0048418208589047218,0.16143869333531349,-0.040734199999999998,0,0,0
639155490530233767,nan,21.215994919945366,0.0019682421921909526,0.0098134999483928398,247,0,0,0,0,4.0327811271856042,-0.43387026909381093,-0.18755469515610931,4.0337675917697124,-0.43557346166995164,-0.17774119520771647,0.0012867373037969694,-0.0014893906264435641,0.0098134999483928398,0.49131563869894346,0.59833181315632489,0.49089835617169875,0.011961191443626775,0.0029213322031211133,0.012312769087093401,0.009813499948392812,0.019990899999999999,0.010674454139829807,0.004410722829564678,0.011309667770994736,0.0023430454481925267,0.53396566136741253,0.01154982454683069,-2.7755575615628914e-17,0.84649677077929175,0.0098218418016667083,0.019990899999999999,0.00078050402363682991,2.7105054312137611e-20,0.00078050402363682991,0,0.039042965731249213,0.00078050402363682991,0,0.0184023,428,53,0.2145748987854251,0,0,0,0,0,0,0,0,0,1,20,nan,1,0.011961191443626775,0.0098218418016667083,0,0.24210193753242493,0.019990899999999999,0,0,-0.054139,0,0,0
639155490530533799,nan,21.993194462534827,0.0080084239519766821,0.0030682200689713113,254,0,0,0,0,4.0510377069568477,-0.43440037257342029,-0.17600870528376567,4.0560960212002062,-0.44060910120414903,-0.17294048521479435,0.0060673221340845317,-0.0052270887036515602,0.0030682200689713113,0.55976031444940011,0.76215181127515985,0.16000659906017087,0.022866993224050877,-0.0010084876013722885,0.022889220745820737,0.0048007099929221189,0.030003200000000001,0.016790624321582053,0.0042080816884678832,0.017270115187135282,0.0011730890965313545,0.55962778375580113,0.0173099109357998,0.0017324899239508085,1,0.016794600666488243,0.030003200000000001,0.012159335407922354,0,0.012159335407922356,0,0.40526795168256563,0.012159335407922354,0,0.0082737000000000002,428,55,0.21653543307086615,0,0,0,0,0,0,0,0,0,1,20,nan,1,0.022864427197839959,0.016794600666488243,0.16498144235575282,0.0642714723944664,0.030003200000000001,0.0049499712112881233,0.16498144235575282,-0.057874599999999998,0,0,0
639155490530734742,nan,23.998023554241996,0.0034273279927340789,0.00073088944970603465,255,0,0,0,0,4.0670473499849047,-0.44328241788147726,-0.1716052171929241,4.0637607749052327,-0.44231030604868354,-0.17087432774321806,-0.0034043035184963084,0.0003966039885481042,0.00073088944970603465,0.55976031444940011,0.3903177334126019,0.10282306283753559,0.0078431616305128463,-0.00035687941862243061,0.0078512767930945613,0.0020661574715762914,0.020094299999999999,0.011247991686639862,-0.00074893739733567703,0.010951328784698511,-0.0026733166773282302,0.55976031444936436,0.011272897773325517,0.0013352680218702562,1,0.01124799168664058,0.020094299999999999,0,0,0,0,0,0,0,0.028368000000000001,428,59,0.23137254901960785,0,1,1,1,1,1,3,0.0033606943377882475,0.02688555470230598,0.99781554868043765,20,0.01124799168664058,1,0.0078471334372674575,0.01124799168664058,0.18985739692638584,0.12717431783676147,0.020094299999999999,0.0038150514910578748,0.18985739692638584,-0.037780300000000003,0,0,0
639155490531033964,nan,22.848360526972662,0.0036606903805304104,0.0041801250221884531,251,0,0,1,2,4.0796551373209278,-0.44561675576673104,-0.1705401229831906,4.0760537373800076,-0.44496057551127649,-0.16635999796100215,-0.0036605187201067869,3.5450837164313696e-05,0.0041801250221884531,0.54224376368657168,0.41990882964036763,0.15086891278769324,0.012564595982265008,-0.00052132756787652427,0.012575406738176623,0.0045143297822159145,0.029922199999999999,0.01622512634578327,-0.0005555550403033801,0.015894362415695085,-0.0033064497180474994,0.54224376368660288,0.016234634776903262,0.00033420476002746224,1,0.016225126345782336,0.029922199999999999,0.0061935082688284746,0,0.0061935082688284737,0,0.20698706207526435,0.0061935082688284746,0,0.018500200000000001,428,62,0.24701195219123506,0,0,0,0,0,0,0,0,0,1,20,nan,1,0.012564345650037978,0.016225126345782336,0.031911782654205967,0.047745924443006516,0.029922199999999999,0.00095487074293568175,0.031911782654205967,-0.040835200000000002,0,0,0
639155490531234432,nan,18.995206049989516,0.0056159892791605515,0.0049532271477206458,259,0,0,0,0,4.0862316227611233,-0.44706225282066048,-0.16635999796100215,4.0905663950437789,-0.45063283888476346,-0.1614067708132815,0.0048661932557165968,-0.0028034797630203377,0.0049532271477206458,0.51805747767260657,0.76079912500364921,0.24708318273842436,0.015251587899123155,-0.0031907476865684356,0.01558177795516358,0.0049532271477206458,0.0200468,0.01038539464340656,-0.00038726792354809819,0.010177885381115637,-0.0021016773093839869,0.51805747767257415,0.010392612681318731,0,1,0.010385394643407209,0.0200468,0.00097990571901807044,0,0.00097990571901807044,0,0.048880904634059821,0.00097990571901807044,0,0.018155299999999999,428,66,0.25482625482625482,0,0,0,0,0,0,0,0,0,1,20,nan,1,0.015251587899123155,0.010385394643407209,0,0.047745924443006516,0.0200468,0,0,-0.054151199999999997,0,0,0
639155490531534873,nan,23.084488724550674,0.0063671365534763444,0.00060266965383531934,255,0,0,0,0,4.1037476548427634,-0.45773864431675765,-0.16049912302212266,4.0998877759329231,-0.45267487470391143,-0.16110179267595798,-0.004619516114983277,0.0043818373719279489,-0.00060266965383531934,0.46796361289441396,0.31714687498091171,0.010151015917385608,0.0095283924266140099,-0.00051748403997579147,0.0095424342789030975,0.00030497813732352497,0.030044100000000001,0.014151883803227875,-0.0048951267139490592,0.013181259798984435,-0.0071058054319941832,0.47103703566516802,0.014974581153597627,0.0009076477911588442,1,0.014059545582161062,0.030044100000000001,0.010114153362090761,0,0.010114153362090761,0,0.3366435793413935,0.010114153362090761,0,0.0086283000000000002,428,68,0.26666666666666666,0,1,1,1,1,1,3,0.095283503319672586,0.76226802655738068,0.93806572284221279,20,0.014059545582161062,1,0.0089039319768070904,0.014059545582161062,0.086315762606002489,0.069244414567947388,0.030044100000000001,0.0025932794033109996,0.086315762606002489,-0.057784099999999998,0,0,0
639155490531734380,nan,26.498518914598144,0.0047977897882946598,0.00064776261366450427,256,0,0,0,0,4.109047654097842,-0.45451354471606703,-0.16047869933856745,4.1072837424929247,-0.45005177346434394,-0.16112646195223196,-0.0024541968156853913,0.004122584728364501,-0.00064776261366450427,0.46796361289441396,0.34482181365016557,0.0012365118153238161,0.0068794365575903576,0.0037754912421792512,0.0078473550620373287,-2.4669276273980856e-05,0.019950699999999998,0.0093362016517714204,-0.00034556349231264043,0.009159878164918922,-0.0018386700121555966,0.46796361289435562,0.0093425946829432081,0.00062309333739052342,1,0.0093362016517725844,0.019950699999999998,0,0,0,0,0,0,0,0.028579,428,64,0.25,0,0,0,0,0,0,0,0,0,1,20,nan,1,0.0068827945223556876,0.0093362016517725844,0.08923329398260639,0.05934499204158783,0.019950699999999998,0.001780266678258785,0.08923329398260639,-0.037833400000000003,0,0,0
639155490532033686,nan,23.427638315482547,0.0063138344134215469,6.1947914831245163e-05,246,0,0,0,0,4.1159887116709051,-0.44572795512464036,-0.16071925808670032,4.1212137581749451,-0.44927244296221658,-0.16065731017186907,0.0057249265267606802,-0.0026626530497415742,6.1947914831245163e-05,0.26389529193852146,0.45520486457338888,0.01567465337690813,0.013624554719600274,0.0030040308962287323,0.013951798913863361,0.00046915178036288646,0.029930600000000002,0.0078985444248944377,0.0056643525130692608,0.0087049691779803595,0.0043238183397035779,0.26389529193849898,0.0097196652938434588,0.00040720386553164123,1,0.0078985444248951108,0.029930600000000002,0.0030224719471592105,-5.4210108624275222e-20,0.003022471947159211,0,0.10098267148534311,0.003022471947159211,0,0.018477299999999999,428,57,0.23170731707317074,0,0,0,0,0,0,0,0,0,1,20,nan,1,0.013626299918517075,0.0078985444248951108,0.038871242668195798,0.058174889534711838,0.029930600000000002,0.0011634396158047011,0.038871242668195798,-0.040735,0,0,0
639155490532233565,nan,21.265956025068494,0.0048807010193759716,0.0019930461006402722,247,0,0,0,0,4.1261593487939585,-0.44804593249688573,-0.16065731017186907,4.1249914649373398,-0.45278484479170478,-0.1586642640712288,-0.0003947742616192307,-0.0048647092125738249,0.0019930461006402722,0.23442691434845658,0.21467625211687238,0.0997126311738738,0.0042909274596868337,-0.0028628615981462621,0.0051582976837746645,0.0019930461006402722,0.019987899999999999,0.0046857017213060639,0.0020018476144275628,0.0049455906190134513,0.0012265104653308434,0.23442691434848403,0.0050954091584915857,0,1,0.0046857017213055149,0.019987899999999999,0.0003652840179375616,0,0.0003652840179375616,0,0.018275257427621792,0.0003652840179375616,0,0.0184297,428,59,0.23886639676113361,0,0,0,0,0,0,0,0,0,1,20,nan,1,0.0042909274596868337,0.0046857017213055149,0,0.058174889534711838,0.019987899999999999,0,0,-0.054092899999999999,0,0,0
639155490532534511,nan,20.420084454708441,0.0050534356182466034,0.00021662310380773933,238,0,0,0,0,4.1313613607302422,-0.4581823911345172,-0.15806506484851948,4.1359331129091892,-0.45602918571885043,-0.15828168795232722,0.0041758282819544341,0.0028459918670637315,-0.00021662310380773933,0.23645755919493527,0.37604141982128497,0.012712450702171772,0.011316816112953642,-0.0014748157366331314,0.011412511046716575,0.00038257611890157861,0.030094599999999999,0.0071426938966558046,-0.0043233092456958187,0.0063698957929023692,-0.0053975463428124204,0.2373413800700393,0.0083491963047495205,0.00059919922270931791,1,0.0071160956609478991,0.030094599999999999,0.0051806872992354869,0,0.0051806872992354869,0,0.17214674058586879,0.0051806872992354869,0,0.0082974999999999993,428,55,0.23109243697478993,0,0,0,0,0,0,0,0,0,1,20,nan,1,0.011315549526366639,0.0071160956609478991,0.056887208308788489,-0.011409375816583633,0.030094599999999999,0.0017119977791696661,0.056887208308788489,-0.057641699999999997,0,0,0
639155490532733667,nan,20.901208095412123,0.0018393375148648271,0.00054617270628343206,232,0,0,0,0,4.1404291524657477,-0.45773806927353278,-0.15769642587222207,4.1389184392514107,-0.45668882760565233,-0.15824259857850551,-0.0016567445038966791,0.00079897443162923836,-0.00054617270628343206,0.23645755919493527,0.15324581415260566,0.0019627515024260248,0.0030519823363376331,-0.00018084415132415475,0.0030573355701304806,3.9089373821715734e-05,0.019915599999999999,0.0047091941659016742,-0.00097884881643716228,0.0044960395565585287,-0.00170888355468235,0.23645755919488615,0.0048098497583191511,0.0005852620801051478,1,0.0047091941659026526,0.019915599999999999,0,0,0,0,0,0,0,0.028213100000000001,428,52,0.22413793103448276,0,1,1,1,1,1,3,0.19951957892562672,1.5961566314050137,0.87031227369834263,20,0.0047091941659026526,1,0.0026387324101899159,0.0047091941659026526,0.083963193262024352,0.055742032825946808,0.019915599999999999,0.0016721773717291721,0.083963193262024352,-0.037726099999999999,0,0,0
639155490533033805,nan,26.454727733772462,0.0074333707048144116,0.00040697791233318403,230,0,0,0,0,4.138875463068179,-0.45695814108479843,-0.15818228568438139,4.1462567744792569,-0.45607993729985763,-0.15777530777204821,0.0071508198756331555,0.0020299692464278655,0.00040697791233318403,0,0.23824698736271635,0.015569198383986663,0.0071506974293070961,0.0017576796054003742,0.0073635529006546513,0.00046729080645729892,0.0300138,1.7348590012483678e-16,-0.00027272092397713531,-4.2976183231679954e-05,-0.00026931347914610493,5.7802044434505718e-15,0.00027272092397713531,6.0312894124114891e-05,1,0,0.0300138,0,0,0,0,0,0,0,0.0185483,427,46,0.20000000000000001,0,0,0,0,0,0,0,0,0,1,20,nan,1,0.0071508488466842787,0,0.0057414440904009142,0.0086163431406021118,0.0300138,0.00017232255464047497,0.0057414440904009142,-0.040758099999999998,0,0,0
639155490533234366,nan,29.39325356799818,0.0036565079284560298,0.00055207675762553032,233,0,0,0,0,4.1464409680563357,-0.45492219812386087,-0.15740142305832133,4.1492330873720178,-0.45728315554784305,-0.1568493463006958,0.0031276884703552478,-0.0018941000668572557,0.00055207675762553032,0,0.15598229101322295,0.046168570726731743,0.0031283964267903009,-0.00072063054663644335,0.0032103228167740172,0.00092596147135240447,0.0200561,-2.7682391968986142e-16,0.0011722999929517782,0.00018419357707877282,0.0011577391759967637,-1.3802480028014489e-14,0.0011722999929517782,0.00037388471372687415,1,0,0.0200561,0,0,0,0,0,0,0,0.018636,427,49,0.21030042918454936,0,0,0,0,0,0,0,0,0,1,20,nan,1,0.0031280110766435817,0,0.053262700087237914,0.035608898848295212,0.0200561,0.0010682420392196523,0.053262700087237914,-0.053992800000000001,0,0,0
639155490533534508,nan,25.0799075532274,0.0090283117087015721,0.0004333880851421778,238,0,0,0,0,4.1490639515672951,-0.4583526309269525,-0.15659418998534469,4.1580397237463886,-0.45738004360517165,-0.15702757807048687,0.0087142662675457061,0.0023605032784965434,-0.0004333880851421778,0,0.29031803901363412,0.0059382482222103249,0.0087136636865630182,0.0012799596413627886,0.0088071693253873908,-0.00017823176979106514,0.030014200000000001,-2.65710847421885e-16,-0.0010827670603414615,-0.00016913580472266432,-0.0010694753791094525,-8.852837904121549e-15,0.0010827670603414615,0.00025515631535111272,1,0,0.030014200000000001,0,0,0,0,0,0,0,0.0086180000000000007,427,50,0.21008403361344538,0,0,0,0,0,0,0,0,0,1,20,nan,1,0.0087141296645112543,0,0.024289104619160704,0.024301087483763695,0.030014200000000001,0.00072901804386041325,0.024289104619160704,-0.023978599999999999,0,0,0
639155490533833743,nan,29.621653572883865,0.0025486202107012903,0.00087606345515528472,231,0,0,0,0,4.1582395249980797,-0.45611812300643956,-0.15693347878021169,4.1604347151545449,-0.45741296089411254,-0.1560574153250564,0.0023705842439487169,-0.00093583936695203164,0.00087606345515528472,0,0.079224432144406887,0.032421432834744066,0.0023706722952731595,0.00034202377326398995,0.0023952176087056153,0.00097016274543046399,0.029923499999999999,-2.9132512374685504e-16,0.0012776400657781802,0.00019980125169105634,0.0012619205987320914,-9.7356633998982428e-15,0.0012776400657781802,9.4099290275179159e-05,1,0,0.029923499999999999,0,0,0,0,0,0,0,0.018488299999999999,428,49,0.21212121212121213,0,0,0,0,0,0,0,0,0,1,20,nan,1,0.0023707182512735453,0,0.0089847482771750475,0.0087972432374954224,0.029923499999999999,0.00026885511507204751,0.0089847482771750475,-0.027779499999999999,0,0,0
639155490533972954,nan,31.522088756931158,0.0050275472886297081,0.00176402233702036,202,0,0,0,0,4.1604592796109579,-0.45725683426426911,-0.15607234485422822,4.1554892148264022,-0.45801491590679044,-0.15430832251720786,-0.0047918198738431351,-0.0015214118561552924,0.00176402233702036,0,-0.34421436432980979,0.12564329024635593,-0.0047918425872717149,-0.0013632930542463863,0.0049819999330537254,0.0017490928078485457,0.0139211,8.2304497418805855e-17,0.00015804726212476189,2.4564456412967672e-05,0.00015612662984343384,5.912212211592895e-15,0.00015804726212476189,-1.4929529171814337e-05,1,0,0.0139211,0,0,0,0,0,0,0,0.0125813,428,50,0.24752475247524752,0,0,0,0,0,0,0,0,0,1,20,nan,1,-0.0047918135100055428,0,0.0030641111430642427,-0.0042656650766730309,0.0139211,-4.2655797633711634e-05,-0.0030641111430642427,-0.046811600000000002,0,0,0
639155490534234499,nan,25.968181317659049,0.0073931774753246806,0.0006544525655724498,230,0,0,0,0,4.1550979708488107,-0.4605302288828258,-0.15428948614623206,4.1623887655760496,-0.45930410269563571,-0.15494393871180451,0.0070157584628627728,0.0023319962204981395,-0.0006544525655724498,0,0.26824120267153406,0.024302364587227818,0.007015714535272638,-0.00021343074534342491,0.0070189602594325608,-0.00063561619459664997,0.026154500000000001,4.1188840532724313e-16,-0.0025455591168569332,-0.00039124397759149332,-0.0025153129760353554,1.5748280614320409e-14,0.0025455591168569332,1.8836370975799932e-05,1,0,0.026154500000000001,0,0,0,0,0,0,0,0.0184309,427,47,0.20434782608695654,0,0,0,0,0,0,0,0,0,1,20,nan,1,0.0070157087895030314,0,0.0020577033699020397,0.0017939879326149821,0.026154500000000001,5.3818202788102898e-05,0.0020577033699020397,-0.054117899999999997,0,0,0
639155490534534274,nan,29.941014780846288,0.00179146028637646,0.00048035881731764429,237,0,0,0,0,4.1623518022270654,-0.45954075005365791,-0.15492572530715895,4.1624544804367094,-0.4577522347076437,-0.15444536648984131,-0.00017453149490634443,0.0017829382252197593,0.00048035881731764429,0,-0.0058231663165008432,0.016631547726234694,-0.00017456396825290402,0.0015434183217953867,0.0015532587341025605,0.0004985722219632005,0.029977500000000001,-1.5594215372130571e-16,-0.00023951672431590722,-3.6963348984286881e-05,-0.00023664735802220171,-5.2019732706631873e-15,0.00023951672431590722,1.8213404645556208e-05,1,0,0.029977500000000001,0,0,0,0,0,0,0,0.0085062999999999996,427,53,0.22362869198312235,0,0,0,0,0,0,0,0,0,1,20,nan,1,-0.00017452380976177288,0,0.0017359119001725428,0.0026019799988716841,0.029977500000000001,5.2038298987422404e-05,0.0017359119001725428,-0.057341700000000002,0,0,0
639155490534733506,nan,24.287811417227925,0.0021331346241018081,0.0002958922512433515,243,0,0,0,0,4.1626122846932745,-0.45673862362225109,-0.15453546425587569,4.1643117383736961,-0.45802785615079028,-0.15423957200463234,0.0018776416370976335,-0.0010122871169679481,0.0002958922512433515,0,0.09423940053148773,0.010329389114648525,0.0018775504246689363,1.3365150490346196e-05,0.001877597993294127,0.00020579448520896548,0.019923199999999999,-1.7889335846010823e-17,0.0010258214346663063,0.00015780425656508612,0.0010136110853926072,-8.9791478507523007e-16,0.0010258214346663063,-9.0097766034386031e-05,1,0,0.019923199999999999,0,0,0,0,0,0,0,0.0084632000000000006,427,54,0.22222222222222221,0,0,0,0,0,0,0,0,0,1,20,nan,1,0.0018775486888735328,0,0.012920725017549522,-0.008580939844250679,0.019923199999999999,-0.00025742218866964262,-0.012920725017549522,-0.0374185,0,0,0
639155490535034342,nan,26.526042529481529,0.0021367417658599607,0.00030736955008442424,237,0,0,0,0,4.1643147491356052,-0.45800849115429909,-0.15425071947478036,4.1661432142124708,-0.45911410448483247,-0.15455808902486479,0.0019766217430920319,-0.0008115613708809448,-0.00030736955008442424,0,0.065703994738420743,0.010587729534777919,0.0019766126961127542,-0.00079198575794704892,0.0021293753053947752,-0.00031851702023244499,0.030083599999999999,-3.0943511167562561e-16,1.9597647215345864e-05,3.0107619091168658e-06,1.9364996491189057e-05,-1.0285840513622892e-14,1.9597647215345864e-05,-1.1147470148020755e-05,1,0,0.030083599999999999,0,0,0,0,0,0,0,0.018702699999999999,428,51,0.21518987341772153,0,0,0,0,0,0,0,0,0,1,20,nan,1,0.0019766253082015356,0,0.0010587135418819343,-0.0010616921354085207,0.030083599999999999,-3.1849914708559357e-05,-0.0010587135418819343,-0.041028000000000002,0,0,0
639155490535233525,nan,27.101924547902765,0.0020045073063740372,0.000311965041779938,235,0,0,0,0,4.1660625546780441,-0.45963181429421546,-0.15458481069928068,4.1640589430295307,-0.45957189849289032,-0.15427284565750074,-0.0019889448951160744,-0.00024929449552408363,0.000311965041779938,0,-0.099855487464895656,0.014320668298200471,-0.0019889515559720311,-0.00077319688685646964,0.0021339544788603385,0.00028524336736404643,0.0199183,2.8479280565762988e-16,-0.00052395553935930222,-8.0659534426708035e-05,-0.00051770980938298239,1.4298047808177901e-14,0.00052395553935930222,-2.6721674415891572e-05,1,0,0.0199183,0,0,0,0,0,0,0,0.018271800000000001,427,49,0.20851063829787234,0,0,0,0,0,0,0,0,0,1,20,nan,1,-0.001988922038643605,0,0.0038330400279180071,-0.0038174774963408709,0.0199183,-7.634764118807924e-05,-0.0038330400279180071,-0.054122099999999999,0,0,0
639155490535534320,nan,26.045081649199176,0.0016943619161471793,0.00030162046962961542,236,0,0,0,0,4.1638796534481353,-0.46072482302753975,-0.1542840241949372,4.1640806484981638,-0.4590424249495707,-0.15458564466456681,-5.9931007698782197e-05,0.0016933016793253793,-0.00030162046962961542,0,-0.001991791055657863,0.01039907601742291,-5.9912079058660692e-05,0.000526520562966803,0.0005299182582663201,-0.00031279900706607244,0.030079499999999999,1.6390426342549613e-16,-0.0011667817861937923,-0.0001792895813954587,-0.0011529245346494355,5.4490355034324418e-15,0.0011667817861937921,-1.1178537436457026e-05,1,0,0.030079499999999999,0,0,0,0,0,0,0,0.013540699999999999,428,51,0.21610169491525424,0,0,0,0,0,0,0,0,0,1,20,nan,1,-5.9920487236484065e-05,0,0.0010618088196221902,-0.0010646474547684193,0.030079499999999999,-3.193867838982567e-05,-0.0010618088196221902,-0.057334700000000002,0,0,0
639155490535833532,nan,24.064627213919934,0.0010466893250301369,3.6143080569900343e-05,242,0,0,0,0,4.1641612877205132,-0.45852493925941912,-0.15467732657046887,4.1650250681510128,-0.45793380314056159,-0.15464118348989897,0.00076239681884245319,0.00071715384245707773,3.6143080569900343e-05,0,0.025482352501544757,0.0018561697168615425,0.00076246256566922098,0.0012408149064429877,0.0014563553124488581,-5.5538825332157586e-05,0.029921199999999998,-5.0930397052506571e-17,0.00052373096499326133,8.0639222349354611e-05,0.00051748569015158674,-1.7021508847408051e-15,0.00052373096499326133,-9.1681905902057936e-05,1,0,0.029921199999999998,0,0,0,0,0,0,0,0.043461899999999998,428,54,0.2231404958677686,0,0,0,0,0,0,0,0,0,1,20,nan,1,0.00076230004445067951,0,0.0087546055163981694,-0.013097742572426796,0.029921199999999998,-0.00026194830257725288,-0.0087546055163981694,-0.0274135,0,0,0
639155490536033372,nan,25.451611696057387,0.0025252519110584085,0.00030514840893355882,241,0,0,0,0,4.1651527173441876,-0.4571149395326991,-0.15469811303888789,4.1672640945525279,-0.45850021333177465,-0.15439296462995433,0.0022996088483871694,-0.0010434061331636786,0.00030514840893355882,0,0.11506952782327448,0.012420879700992683,0.0022995494440203172,-0.00021478381200039278,0.0023095583411967685,0.00024821885994463777,0.019983999999999998,1.7474628515035118e-16,0.0008287532351669791,0.00012764919317476142,0.00081886360786248558,8.7443097052817846e-15,0.0008287532351669791,-5.6929548988920997e-05,1,0,0.019983999999999998,0,0,0,0,0,0,0,0.0185186,427,55,0.22821576763485477,0,0,0,0,0,0,0,0,0,1,20,nan,1,0.002299566904337632,0,0.0081393041560268303,-0.0081329960376024246,0.019983999999999998,-0.00016265585425404017,-0.0081393041560268303,-0.041129199999999998,0,0,0
639155490536235346,nan,24.771405236468684,0.0072768636555510793,0.00030605155959878561,237,0,0,0,0,4.1672306236107426,-0.45871527861813061,-0.15446202274683948,4.1599743048333089,-0.45816885162232684,-0.1541559711872407,-0.0072539952450624444,-0.00057645263993814824,0.00030605155959878561,0,-0.35915687348368308,0.01173385894786628,-0.0072540350364993407,-0.00079360596151951891,0.0072973169543962754,0.00023699344271363443,0.020197400000000001,-3.7854918852331387e-16,-0.00021765427020704843,-3.3470941785296304e-05,-0.00021506528635595323,-1.8742471235075499e-14,0.00021765427020704845,-6.9058116885151177e-05,1,0,0.020197400000000001,0,0,0,0,0,0,0,0.018660599999999999,427,55,0.2320675105485232,0,0,0,0,0,0,0,0,0,1,20,nan,1,-0.0072539567084370041,0,0.0097690249926294624,-0.0065770731307566166,0.020197400000000001,-0.00019730890538613433,-0.0097690249926294624,-0.053948099999999999,0,0,0
639155490536534518,nan,23.129676034829735,0.0032690957476146322,0.00052876828624068284,230,0,0,0,0,4.1597941991331373,-0.4593279163820192,-0.15418871834548889,4.1625672000901561,-0.45759660107294209,-0.15471748663172957,0.0024742105293037242,0.0021366490736091067,-0.00052876828624068284,0,0.0827042803859592,0.018768983878467062,0.0024742804971628189,0.00096359354792974476,0.0026552921692823408,-0.0005615154444888748,0.029917200000000001,4.1505969668176323e-16,-0.0011729745011699879,-0.00018010570017157335,-0.001159064759692352,1.3873614398465204e-14,0.0011729745011699881,-3.2747158248191965e-05,1,0,0.029917200000000001,0,0,0,0,0,0,0,0.0085176000000000002,427,51,0.22173913043478261,0,0,0,0,0,0,0,0,0,1,20,nan,1,0.0024742354159547528,0,0.0031274086238159168,-0.0046782824210822582,0.029917200000000001,-9.3563309280425555e-05,-0.0031274086238159168,-0.091066499999999995,0,0,0
639155490536734744,nan,23.037579438888748,0.0030259097474718962,0.00039786960253457288,240,0,0,0,0,4.1626667233141585,-0.45695848418278967,-0.15482667763989064,4.1596955899834676,-0.45753163035184474,-0.15442880803735606,-0.0028472092332316136,-0.0010244654128110341,0.00039786960253457288,0,-0.14220536187455793,0.014417637787975052,-0.0028473210786695239,-0.00037832324062906395,0.0028723450000715193,0.00028867859437350929,0.020022600000000002,-5.8221656662471588e-17,0.00064583127642878115,9.9523224002417976e-05,0.00063811689015241813,-2.9077970224881677e-15,0.00064583127642878115,-0.00010919100816106364,1,0,0.020022600000000002,0,0,0,0,0,0,0,0.0082821000000000006,427,54,0.22500000000000001,0,0,0,0,0,0,0,0,0,1,20,nan,1,-0.002847262030463473,0,0.015581108798640237,-0.010399386286735535,0.020022600000000002,-0.00031197430903165402,-0.015581108798640237,-0.071043899999999993,0,0,0
639155490537033448,nan,21.488771159925093,0.0011341245960418925,0.00035705912383934835,244,0,0,0,0,4.159608965685484,-0.45808809769065345,-0.15442796041304438,4.1607369848674143,-0.45820561928247605,-0.15478501953688373,0.001132671964421789,5.7383101694407604e-05,-0.00035705912383934835,0,0.037919542951633509,0.011925233660334792,0.0011326719157824735,-0.00050578524506118556,0.0012404694203904997,-0.00035621149952766434,0.029870399999999998,4.0325544552882731e-16,-0.0005631693068358668,-8.662429798356186e-05,-0.00055646733880870825,1.3500168914002736e-14,0.0005631693068358668,8.476243116839477e-07,1,0,0.029870399999999998,0,0,0,0,0,0,0,0.038152499999999999,427,55,0.22540983606557377,0,0,0,0,0,0,0,0,0,1,20,nan,1,0.0011326713033303999,0,8.1076374865798241e-05,8.0728277680464089e-05,0.029870399999999998,2.4217837477913395e-06,8.1076374865798241e-05,-0.041173500000000002,0,0,0
639155490537334332,nan,23.653861442790248,0.0025655434439198015,0.00020506037724182802,241,0,0,0,0,4.1606585027021836,-0.45870860331146107,-0.15483406214127216,4.1632196701081465,-0.45855882119880031,-0.15462900176403033,0.0025074296846585601,0.00054296366281082764,0.00020506037724182802,0,0.083336312665187026,0.0051853130393573824,0.0025074563099952134,3.3770574618736623e-05,0.002507683711763685,0.00015601777285340068,0.030088400000000001,-4.2365199889871086e-17,-0.00050907011665712193,-7.8482165230653322e-05,-0.0005029840289850207,-1.4080243512407135e-15,0.00050907011665712193,-4.9042604388427335e-05,1,0,0.030088400000000001,0,0,0,0,0,0,0,0.0085614000000000003,426,55,0.22821576763485477,0,0,0,0,0,0,0,0,0,1,20,nan,1,0.0025074539378456442,0,0.0046570015960962679,-0.0070062614977359772,0.030088400000000001,-0.00014012172682398294,-0.0046570015960962679,-0.077515700000000007,0,0,0
639155490537534178,nan,24.268826974650231,0.0021979444104114993,0.00011160335879017991,242,0,0,0,0,4.1632230846571794,-0.45853691527291246,-0.15467468583169966,4.1653924058875553,-0.45889047577791742,-0.15478628919048984,0.0021978922875067518,-1.5136835121310767e-05,-0.00011160335879017991,0,0.10997926371810755,0.0078704315552731892,0.0021978915937008923,6.9332035485074046e-06,0.0021979025289972465,-0.00015728742645951257,0.019984600000000002,-1.2216502088364598e-16,2.2170447313980062e-05,3.4145490328540973e-06,2.1905925887855116e-05,-6.11295802185913e-15,2.2170447313980062e-05,-4.568406766933264e-05,1,0,0.019984600000000002,0,0,0,0,0,0,0,0.0082451,426,55,0.22727272727272727,0,0,0,0,0,0,0,0,0,1,20,nan,1,0.0021978911365388609,0,0.0065313245011961807,-0.0065264585427939892,0.019984600000000002,-0.00013052590762660521,-0.0065313245011961807,-0.057531100000000002,0,0,0
639155490537734124,nan,23.081993999573282,0.0023629996049513696,0.00014055423653486221,244,0,0,0,0,4.1653935286300703,-0.45888328029796432,-0.15487218858712953,4.1633443178018226,-0.45770663161870928,-0.1550127428236644,-0.0022061868970977921,0.00084646707441834133,-0.00014055423653486221,0,-0.11033549948222851,0.011325739608422068,-0.0022061141779473664,0.00085393912784888096,0.0023656186929029138,-0.00022645363317455589,0.019994600000000001,1.4464400475435422e-16,7.2825464303534451e-06,1.1227425149584747e-06,7.195479953092665e-06,7.2341534591516822e-15,7.2825464303534451e-06,-8.5899396639693704e-05,1,0,0.019994600000000001,0,0,0,0,0,0,0,0.0082442999999999995,426,54,0.22131147540983606,0,0,0,0,0,0,0,0,0,1,20,nan,1,-0.0022062189511306953,0,0.012274656534358816,-0.0081810858100652695,0.019994600000000001,-0.00024542684754189081,-0.012274656534358816,-0.071089899999999998,0,0,0
639155490538033446,nan,20.316197830477268,0.0024146690582726844,0.00065080739248907227,239,0,0,0,0,4.1635415716124022,-0.45644433965320586,-0.15499009096350982,4.1614492319655971,-0.45764963690425514,-0.15433928357102075,-0.0018811967888803962,-0.0015138445436984529,0.00065080739248907227,0,-0.062847451807837032,0.022499490603552143,-0.0018811624970025394,-0.0002362760758290141,0.0018959427006473553,0.00067345925264364348,0.029932199999999999,3.3274164673580131e-16,0.0012776110800876382,0.00019725381057966729,0.0012622919655034259,1.1116511540608486e-14,0.0012776110800876382,2.2651860154571102e-05,1,0,0.029932199999999999,0,0,0,0,0,0,0,0.038176500000000002,426,49,0.20502092050209206,0,0,0,0,0,0,0,0,0,1,20,nan,1,-0.001881170141864213,0,0.0021622066016426201,0.0021573775447905064,0.029932199999999999,6.4719600441687231e-05,0.0021622066016426201,-0.041157699999999998,0,0,0
639155490538234449,nan,23.47255764432801,0.0016023718099210714,0.00032990422292833443,244,0,0,0,0,4.1614249714759373,-0.457805576139174,-0.15438431001845879,4.1629218673168165,-0.45837732631082967,-0.15471421424138712,0.0015670113821018624,-0.00033476969037375735,-0.00032990422292833443,0,0.077958851709859611,0.018652988779588812,0.0015669963070236912,-0.0004926553804392935,0.0016426158254752301,-0.00037493067036636907,0.020100300000000001,1.5575241834112075e-16,-0.00015781513344928182,-2.426048965986638e-05,-0.00015593923491885597,7.7487608812366349e-15,0.00015781513344928185,-4.5026447438034634e-05,1,0,0.020100300000000001,0,0,0,0,0,0,0,0.0184174,425,52,0.21311475409836064,0,0,0,0,0,0,0,0,0,1,20,nan,1,0.0015670279930984968,0,0.0064002523683686571,-0.0064325104467570782,0.020100300000000001,-0.00012864699267992052,-0.0064002523683686571,-0.054181199999999999,0,0,0
639155490538533305,nan,22.3539491762178,0.0042377084631454237,0.00049628428471784603,234,0,0,0,0,4.1628091266330456,-0.4591002056332521,-0.15475270382599071,4.1670249449407191,-0.45867003239454535,-0.15524898811070856,0.0040991328417086751,0.0010748409020128083,-0.00049628428471784603,0,0.13716218542885567,0.017894031551029144,0.0040991742088526085,0.00034306507355314012,0.0041135049336562647,-0.00053477386932143656,0.029885599999999998,4.3667597749569298e-16,-0.00073161805374323432,-0.00011274068377087332,-0.00072287932242243169,1.4611584759740243e-14,0.00073161805374323432,-3.8489584603590421e-05,1,0,0.029885599999999998,0,0,0,0,0,0,0,0.0283576,425,52,0.22222222222222221,0,0,0,0,0,0,0,0,0,1,20,nan,1,0.0040991553391814392,0,0.0036797066722607649,-0.0054986495524644852,0.029885599999999998,-0.0001099702417245163,-0.0036797066722607649,-0.057555299999999997,0,0,0
639155490538734131,nan,25.114119451056258,0.0056070184430927934,0.0010953139121717137,237,0,0,0,0,4.1670608192412999,-0.45844081596140773,-0.15532839877695184,4.1614560400344036,-0.45859926425936581,-0.15423308486478013,-0.0055127893597740722,-0.0010236255643273587,0.0010953139121717137,0,-0.27450980596038332,0.0505862411205934,-0.0055128706291799941,-0.00079118102256416892,0.0055693545393107361,0.001015903245928429,0.020082599999999999,6.5980478459320979e-17,0.00023200676426021223,3.5874300580829299e-05,0.00022921643313761342,3.2854549938414837e-15,0.00023200676426021223,-7.9410666243284744e-05,1,0,0.020082599999999999,0,0,0,0,0,0,0,0.0085835000000000009,425,55,0.2320675105485232,0,0,0,0,0,0,0,0,0,1,20,nan,1,-0.0055127808391175039,0,0.011297721302912629,-0.007563046645373106,0.020082599999999999,-0.00022688761783787315,-0.011297721302912629,-0.070822899999999994,0,0,0
639155490539034134,nan,23.76276388384829,0.005029272776652406,0.00033463265756678023,241,0,0,0,0,4.1612757588204659,-0.45975886916172354,-0.15422383897292435,4.1663048850366291,-0.45972047431992774,-0.15455847163049113,0.0049635378492571946,0.0008104792908941366,-0.00033463265756678023,0,0.16544935735447025,0.010846117062529559,0.0049635303554413143,-0.000363010008298661,0.0049767871016864257,-0.0003253867657110055,0.030000300000000001,1.5238461534283765e-16,-0.0011735351914923307,-0.00018028121393776075,-0.0011596049023577248,5.0794363837307506e-15,0.0011735351914923307,9.2458918557747349e-06,1,0,0.030000300000000001,0,0,0,0,0,0,0,0.023512100000000001,425,54,0.22406639004149378,0,0,0,0,0,0,0,0,0,1,20,nan,1,0.0049635255602207985,0,0.00088055232359988554,0.00088058167602866888,0.030000300000000001,2.6416833873693646e-05,0.00088055232359988554,-0.040822600000000001,0,0,0
639155490539334205,nan,24.290478505122064,0.0025611245730999947,8.8215092244880999e-05,243,0,0,0,0,4.1662492379009084,-0.46007764220797404,-0.15460713316117894,4.1641650056987665,-0.45858924199079748,-0.15469534825342382,-0.0022885733226842074,0.001149691795932631,-8.8215092244880999e-05,0,-0.07626586288617937,0.0045614745487796444,-0.0022885173742118728,0.00078832632266803834,0.002420489653578572,-0.00013687662293268565,0.030007099999999998,1.4003826310365897e-16,-0.00036147683738431847,-5.5647135720704455e-05,-0.00035716788804629473,4.6668376185522418e-15,0.00036147683738431847,-4.8661530687804655e-05,1,0,0.030007099999999998,0,0,0,0,0,0,0,0.0085199000000000004,425,54,0.22222222222222221,0,0,0,0,0,0,0,0,0,1,20,nan,1,-0.0022885721703472133,0,0.0046333349381390276,-0.0069518210366368294,0.030007099999999998,-0.00013903294482223161,-0.0046333349381390276,-0.077454899999999993,0,0,0
639155490539534512,nan,26.265855026655274,0.00090081106403807839,0.00016318269559223442,235,0,0,0,0,4.1642460549924687,-0.45806949954198856,-0.15473019783937997,4.1642571732318308,-0.4589702419901095,-0.1548933805349722,0.00014980200611423232,-0.00088826793933900739,-0.00016318269559223442,0,0.0074770752022370211,0.0098864383944835994,0.00014977105025344909,-0.00036224920446136454,0.00039198960908028244,-0.00019803228154838262,0.020030699999999999,8.1396478099349245e-17,0.0005260239548761324,8.1049293702228908e-05,0.00051974244880892417,4.0635862999969669e-15,0.0005260239548761324,-3.4849585956148177e-05,1,0,0.020030699999999999,0,0,0,0,0,0,0,0.0086210000000000002,425,50,0.21276595744680851,0,0,0,0,0,0,0,0,0,1,20,nan,1,0.00014978908468895981,0,0.0049708819756126149,-0.0049786367453634739,0.020030699999999999,-9.9570245588903594e-05,-0.0049708819756126149,-0.057424200000000002,0,0,0
639155490539734365,nan,22.613127831897021,0.0028852493028394053,0.00038540253995286711,238,0,0,0,0,4.1642014185567966,-0.45932731388086756,-0.15495918608821738,4.1615605014535282,-0.45816532403874344,-0.15457378354826451,-0.0027886144379720757,0.00074046813291927735,0.00038540253995286711,0,-0.13953084041866443,0.01599160316370998,-0.002788565705019134,0.00037925307792558848,0.0028142373013526939,0.0003195969867076931,0.019985300000000001,-3.7676025493871279e-17,-0.00036139855970618382,-5.5754675034158652e-05,-0.000357071890758065,-1.8851868870555498e-15,0.00036139855970618388,-6.5805553245173995e-05,1,0,0.019985300000000001,0,0,0,0,0,0,0,0.028606300000000001,425,52,0.21848739495798319,0,0,0,0,0,0,0,0,0,1,20,nan,1,-0.0027886013454951363,0,0.0094077079861063541,-0.006267341785132885,0.019985300000000001,-0.00018801586641473134,-0.0094077079861063541,-0.037438899999999997,0,0,0
639155490540034243,nan,22.786026553908567,0.00067513496399351249,0.00040388471373348223,239,0,0,0,0,4.1616483202356624,-0.45760172105344238,-0.15460968928628915,4.1623191893347578,-0.45752594591579437,-0.15420580457255567,0.00065119782797942683,0.00017818139196166958,0.00040388471373348223,0,0.021715638536145825,0.01227095604575321,0.00065120422529423374,0.00074856178247985523,0.00099217522909538576,0.00036797897570883809,0.029987799999999998,1.9682335188758726e-16,0.00057040377237165202,8.7818782134263529e-05,0.00056360298530105934,6.5634475315824189e-15,0.00057040377237165191,-3.590573802464414e-05,1,0,0.029987799999999998,0,0,0,0,0,0,0,0.018537100000000001,424,52,0.21757322175732219,0,0,0,0,0,0,0,0,0,1,20,nan,1,0.00065116582777577435,0,0.0034209852982682283,-0.005129519384354353,0.029987799999999998,-0.00010258782292740798,-0.0034209852982682283,-0.0408747,0,0,0
639155490540233990,nan,25.091933111177976,0.0026706170485704529,0.00054371474264888753,241,0,0,0,0,4.1623957494141308,-0.45703340762468708,-0.15428057639823864,4.1598162804676564,-0.4563416451117614,-0.15482429114088753,-0.0026551335246150286,0.00028716090712443878,-0.00054371474264888753,0,-0.13292375082717159,0.030963497240602121,-0.0026551120456475043,0.00078581245631849351,0.0027689566972865028,-0.00061848656833185522,0.019974700000000001,5.9698882122483088e-17,0.00049845302081590558,7.6560079373066969e-05,0.00049253829110729175,2.9887248430506132e-15,0.00049845302081590558,-7.4771825682967696e-05,1,0,0.019974700000000001,0,0,0,0,0,0,0,0.018330800000000001,424,50,0.2074688796680498,0,0,0,0,0,0,0,0,0,1,20,nan,1,-0.0026551959685458498,0,0.010695218835101753,-0.0071213161572813988,0.019974700000000001,-0.000213633787665507,-0.010695218835101753,-0.054543599999999998,0,0,0
639155490540534196,nan,22.951457857780653,0.0030304022130713901,0.0007288813218699064,230,0,0,0,0,4.1599980211175067,-0.45517718841798788,-0.15481954672934861,4.1601867434434672,-0.45820170845539415,-0.15409066540747871,0.00065285154330003362,-0.002959243557971994,0.0007288813218699064,0,0.021747252991670317,0.024437410758240054,0.00065286558316173795,-0.001780686662244577,0.0018965965461248866,0.00073362573340882142,0.030020600000000001,-2.3077243241353962e-16,0.0011785537982977161,0.00018174064985032601,0.001164456693773519,-7.6871359137905173e-15,0.0011785537982977163,4.7444115389150285e-06,1,0,0.030020600000000001,0,0,0,0,0,0,0,0.0085479000000000006,425,49,0.21304347826086956,0,0,0,0,0,0,0,0,0,1,20,nan,1,0.00065285351413196032,0,0.00045153866144504264,0.00045185926137492061,0.030020600000000001,1.3555461539777047e-05,0.00045153866144504264,-0.0575308,0,0,0
639155490540834326,nan,25.733753059080396,0.0016313939112661763,0.00012474663368286509,239,0,0,0,0,4.1599134365708625,-0.45996132389572669,-0.15413586299745929,4.1591816668762691,-0.45850325695357658,-0.15426060963114216,-0.00094694581924132065,0.0013284350601883922,-0.00012474663368286509,0,-0.031549187892271263,0.0056623537688153154,-0.00094688577621073746,-0.00045223636463303271,0.0010493380783554516,-0.00016994422366345407,0.030013000000000001,2.1656938395397951e-16,-0.001780714223133404,-0.00027330687260462838,-0.0017596154403325404,7.2158525956745244e-15,0.001780714223133404,-4.5197589980588981e-05,1,0,0.030013000000000001,0,0,0,0,0,0,0,0.018698800000000002,426,55,0.23012552301255229,0,0,0,0,0,0,0,0,0,1,20,nan,1,-0.00094685657424584406,0,0.0043026678896796967,-0.006456959992647171,0.030013000000000001,-0.00012913597137295674,-0.0043026678896796967,-0.060762799999999999,0,0,0
639155490541033724,nan,23.883887440709699,0.0054452780990681638,0.00049440277282164491,237,0,0,0,0,4.159135485953172,-0.45880024805526498,-0.15429352633801413,4.164487233555481,-0.45980516157262391,-0.15478792911083578,0.0054426078883370605,-0.00017050791771236809,-0.00049440277282164491,0,0.27295169825320131,0.026445575165930272,0.0054426022728291832,-0.00047124720100485149,0.0054629656254327917,-0.00052731947969361648,0.019939800000000001,-1.7273373486767496e-16,-0.00030056013065640947,-4.6180923097161042e-05,-0.00029699110168840415,-8.6627616559682117e-15,0.00030056013065640942,-3.2916706871971568e-05,1,0,0.019939800000000001,0,0,0,0,0,0,0,0.038638600000000002,426,52,0.21940928270042195,0,0,0,0,0,0,0,0,0,1,20,nan,1,0.0054426244266773992,0,0.0047165836126710691,-0.0047025042586028576,0.019939800000000001,-9.4047733919938592e-05,-0.0047165836126710691,-0.040822999999999998,0,0,0
639155490541233156,nan,25.137072093338837,0.0021046288167240433,0.00045062913601498505,242,0,0,0,0,4.1644150112724878,-0.46026801782675592,-0.15486596472223901,4.1629960604958738,-0.45871365585162538,-0.15441533558622403,-0.0016417257900011402,0.001316889853643948,0.00045062913601498505,0,-0.082314925423064039,0.018682735198551251,-0.0016416230206972508,0.00084856095278283694,0.0018479669457733498,0.00037259352461174733,0.019943200000000001,4.2275753210641032e-16,-0.00046845700992712242,-7.2222282993195108e-05,-0.00046285625413200471,2.1198079150106819e-14,0.00046845700992712242,-7.8035611403237657e-05,1,0,0.019943200000000001,0,0,0,0,0,0,0,0.018352899999999998,425,56,0.23140495867768596,0,0,0,0,0,0,0,0,0,1,20,nan,1,-0.0016417176076002305,0,0.011179694819462894,-0.0074320868588984013,0.019943200000000001,-0.00022295888972351241,-0.011179694819462894,-0.0545075,0,0,0
639155490541534043,nan,25.470616137482065,0.0014593879851812401,0.00010596873247126215,233,0,0,0,0,4.1631931065262284,-0.45744773620528428,-0.1544464788743361,4.1643301953729877,-0.45836252702611008,-0.15455244760680736,0.0012642790777829917,-0.00072897990697381207,-0.00010596873247126215,0,0.042017646968406083,0.0045569273708513632,0.0012642563743382801,0.00055214413189349219,0.0013795678027699078,-0.00013711202058333541,0.030088699999999999,-3.2951614527265694e-16,0.001281163412321351,0.00019704603035464174,0.001265919646341096,-1.0951491598927736e-14,0.001281163412321351,-3.1143288112073231e-05,1,0,0.030088699999999999,0,0,0,0,0,0,0,0.0084686999999999991,425,47,0.20171673819742489,0,0,0,0,0,0,0,0,0,1,20,nan,1,0.0012642318079673714,0,0.0029572837369968089,-0.0044491523876786232,0.030088699999999999,-8.8980823177375878e-05,-0.0029572837369968089,-0.057711499999999999,0,0,0
639155490541733916,nan,22.25512596570287,0.0011851680743039581,0.00043379085449782301,238,0,0,0,0,4.1643866741179263,-0.45800000714590189,-0.15462293912242384,4.1655711341507251,-0.45795904624928602,-0.15505672997692166,0.0011640207479518248,0.00022288800480740594,-0.00043379085449782301,0,0.058238804479487184,0.025230139644388944,0.0011640364567728542,0.00058969900344393964,0.0013048853541055153,-0.00050428237011429511,0.0199873,-1.8857663911311939e-16,0.00036689305277696918,5.6478744938637249e-05,0.0003625198802081897,-9.4348230683043435e-15,0.00036689305277696913,-7.0491515616472045e-05,1,0,0.0199873,0,0,0,0,0,0,0,0.0086058000000000003,425,54,0.22689075630252101,0,0,0,0,0,0,0,0,0,1,20,nan,1,0.0011639770669043072,0,0.010076615167260359,-0.0067136567085981369,0.0199873,-0.00020140433033258298,-0.010076615167260359,-0.070888499999999993,0,0,0
639155490542034012,nan,23.876513439855707,0.0019647846311455323,0.00031147180146226527,243,0,0,0,0,4.1657080070515597,-0.45708340407432879,-0.15509176622086654,4.164229637499794,-0.45837754553305643,-0.15478029441940427,-0.0012607181930660886,-0.0015069732195556302,0.00031147180146226527,0,-0.04201225577725954,0.0092115708812308371,-0.0012607709909732479,-0.00062065402866331109,0.0014052597322116876,0.00027643555751738491,0.030009600000000001,3.784949784146896e-16,0.00088627501913723645,0.00013687290083463921,0.00087564217495722518,1.2612463292236138e-14,0.00088627501913723635,-3.5036243944880363e-05,1,0,0.030009600000000001,0,0,0,0,0,0,0,0.018514800000000001,425,55,0.22633744855967078,0,0,0,0,0,0,0,0,0,1,20,nan,1,-0.0012607399245569552,0,0.0033357177079403194,-0.0050053028389811516,0.030009600000000001,-0.00010010355412820582,-0.0033357177079403194,-0.074508000000000005,0,0,0
639155490542333953,nan,24.207876803413711,0.0015437870693417708,0.0001999081453308571,238,0,0,0,0,4.1641340587228592,-0.45899011896918712,-0.15485424247119786,4.1631487955506286,-0.45780161781356599,-0.154654334325867,-0.0011567833033941455,0.0010223164404700637,0.0001999081453308571,0,-0.038564507750597991,0.0041994956853937792,-0.0011567077019222112,0.00040241688516649843,0.0012247089683485092,0.00012596009353726956,0.029994099999999999,8.6654858635903942e-17,-0.00061998509437994687,-9.5578776934779341e-05,-0.00061257343613069226,2.8890634703459662e-15,0.00061998509437994687,-7.3948051793587544e-05,1,0,0.029994099999999999,0,0,0,0,0,0,0,0.0084355000000000003,424,54,0.22689075630252101,0,0,0,0,0,0,0,0,0,1,20,nan,1,-0.0011567502068173282,0,0.0070440569305832588,-0.0070428359322249889,0.029994099999999999,-0.00021128014798160732,-0.0070440569305832588,-0.0778784,0,0,0
639155490542533950,nan,24.542222469837586,0.0031340300549349775,0.00024032123765516111,238,0,0,0,0,4.1631901431713372,-0.45753639767757315,-0.15469183190629734,4.1659855072944829,-0.45895346641417889,-0.15493215314395251,0.0029803205865582259,-0.00096945014651242758,-0.00024032123765516111,0,0.1490164468681042,0.013891149271514136,0.0029802842324280232,-0.00070113808226058411,0.0030616480392845848,-0.00027781881808550124,0.019999699999999999,-1.0180658399638887e-16,0.00026842381838116324,4.1347620708620525e-05,0.00026522013599283856,-5.0904055559027825e-15,0.00026842381838116329,-3.7497580430340127e-05,1,0,0.019999699999999999,0,0,0,0,0,0,0,0.0082609999999999992,425,50,0.21008403361344538,0,0,0,0,0,0,0,0,0,1,20,nan,1,0.0029803217866971902,0,0.0053568775574931067,-0.0053569311276078224,0.019999699999999999,-0.00010713594408659488,-0.0053568775574931067,-0.057878699999999998,0,0,0
639155490542733073,nan,22.113338798165426,0.00073116784329453773,0.00036209275175733135,239,0,0,0,0,4.165877912559707,-0.45964236443468603,-0.15500353307546313,4.1654075565741175,-0.45908256834512468,-0.1546414403237058,-0.00055114021075853734,0.00048046944039451726,0.00036209275175733135,0,-0.027676657818481099,0.014599660523731683,-0.00055110591347894123,-0.0002167408957103499,0.000592194515125548,0.00029071282024670242,0.019912300000000001,-1.7873072813423541e-16,-0.00069724967523131177,-0.00010759473477595094,-0.00068889802050714488,-8.9758957093974781e-15,0.00069724967523131188,-7.1379931510628936e-05,1,0,0.019912300000000001,0,0,0,0,0,0,0,0.028173299999999998,425,54,0.22594142259414227,0,0,0,0,0,0,0,0,0,1,20,nan,1,-0.00055108380925617884,0,0.010242044437803388,-0.0067982473410665989,0.019912300000000001,-0.00020394266145887241,-0.010242044437803388,-0.037966399999999997,0,0,0
639155490543034081,nan,24.122845011393387,0.0024808705515645445,9.1884416981158346e-06,231,0,0,0,0,4.1653571287925244,-0.45940605966110964,-0.15466662262470079,4.1630620822306996,-0.45846399810649846,-0.15465743418300268,-0.0024127757108910477,0.00057726255946005005,9.1884416981158346e-06,0,-0.080156048122528051,0.00053134332964159016,-0.0024127611733265925,0.00024992510124734679,0.0024256708424157248,-1.5993859296875579e-05,0.0301008,-9.7693392004521984e-17,-0.00032739821727384704,-5.0427781593143095e-05,-0.0003234913159849695,-3.2455413811102026e-15,0.00032739821727384698,-2.5182300994991413e-05,1,0,0.0301008,0,0,0,0,0,0,0,0.0184537,424,54,0.23376623376623376,0,0,0,0,0,0,0,0,0,1,20,nan,1,-0.0024127701627497818,0,0.0023902830294960016,-0.003597489558160305,0.0301008,-7.1949431414253251e-05,-0.0023902830294960016,-0.040865899999999997,0,0,0
639155490543233005,nan,24.556105754062415,0.0013766125525642163,0.00012049826708515622,236,0,0,0,0,4.163087520646938,-0.45830082927865334,-0.15465743418300268,4.164415539013584,-0.4586633611223972,-0.15453693591591752,0.001368012611640688,-0.00015363467795192348,0.00012049826708515622,0,0.068770616498818521,0.0060575027188854141,0.0013680126116410976,1.1505200336350135e-05,0.0013680609910540818,0.00012049826708515622,0.019892400000000001,4.0966579087364785e-16,0.00016513987828827362,2.5438416238365846e-05,0.0001631688278451171,2.0594085724882257e-14,0.00016513987828827362,0,1,0,0.019892400000000001,0,0,0,0,0,0,0,0.018219200000000001,425,53,0.22457627118644069,0,0,0,0,0,0,0,0,0,1,20,nan,1,0.0013680126116410976,0,0,-0.003597489558160305,0.019892400000000001,0,0,-0.054345200000000003,0,0,0
639155490543534026,nan,24.14459164330594,0.0021287738359417737,0.00032537545519939481,236,0,0,0,0,4.1644181804407951,-0.45864640487555824,-0.15443500001663391,4.1624445061879163,-0.45784872825680017,-0.1547603754718333,-0.0020728848535796962,0.0004845889272260919,-0.00032537545519939481,0,-0.068863442743803488,0.0074227231959158192,-0.0020729342398182471,0.00050153837635767847,0.0021327440318918605,-0.00022343955591577758,0.0301021,-1.5462289990595714e-16,1.7160753030545829e-05,2.6414272111807691e-06,1.6956246838950584e-05,-5.1366150503106806e-15,1.7160753030545829e-05,0.00010193589928361724,1,0,0.0301021,0,0,0,0,0,0,0,0.028411700000000002,424,56,0.23728813559322035,0,0,0,0,0,0,0,0,0,1,20,nan,1,-0.0020728611824600393,0,0.0096752527738847294,-0.00019262838759459555,0.0301021,0.00029124542652475549,0.0096752527738847294,-0.057725100000000001,0,0,0
639155490543833699,nan,24.588201376620702,0.0018917834992957733,0.00041950496311388141,232,0,0,0,0,4.1625213977163007,-0.45735585871447032,-0.15480748831764904,4.1639636648263139,-0.45858007699222231,-0.15438798335453516,0.0016137814577336473,-0.00098719512502991281,0.00041950496311388141,0,0.053849861227784887,0.012426615587595233,0.001613734946371398,-0.00048843982667390578,0.0016860349763339827,0.00037239211729814259,0.029967299999999999,4.4013187192049052e-16,0.0004988313270973783,7.6891528384415153e-05,0.00049286954232985458,1.4687071305072214e-14,0.0004988313270973783,-4.7112845815738824e-05,1,0,0.029967299999999999,0,0,0,0,0,0,0,0.018240099999999999,424,51,0.21982758620689655,0,0,0,0,0,0,0,0,0,1,20,nan,1,0.0016137678167024582,0,0.0044918337955720897,-0.0067304065451025963,0.029967299999999999,-0.00013460813090204748,-0.0044918337955720897,-0.060919000000000001,0,0,0
639155490544033582,nan,24.105854911048539,0.0026440503999021286,4.5156892475028965e-05,241,0,0,0,0,4.1639135045270743,-0.45890238918902332,-0.15438410548034789,4.1615039964760498,-0.4578136865348193,-0.15442926237282292,-0.0025482618914763628,0.00070524027797050533,-4.5156892475028965e-05,0,-0.12748781168433856,0.0020651590324222355,-0.0025482646262900647,0.00037903841611059655,0.0025763002011584117,-4.1279018287765368e-05,0.019988300000000001,2.0750951955014751e-16,-0.00032619198001559497,-5.0160299239543349e-05,-0.0003223121968010112,1.0381549183779886e-14,0.00032619198001559497,3.8778741872635977e-06,1,0,0.019988300000000001,0,0,0,0,0,0,0,0.0034064,425,52,0.21576763485477179,0,0,0,0,0,0,0,0,0,1,20,nan,1,-0.0025482625264462628,0,0.00055430629594200741,0.0003693213511724025,0.019988300000000001,1.1079640535177626e-05,0.00055430629594200741,-0.0744089,0,0,0
639155490544333903,nan,23.406439974621712,0.0011145019274430346,5.8402610677632527e-05,242,0,0,0,0,4.1615915703471522,-0.45725112089839026,-0.15448062221606448,4.1605118815755064,-0.45697473945426587,-0.15453902482674212,-0.0011093573468742609,0.00010696178387788668,-5.8402610677632527e-05,0,-0.036938870470957806,0.0036548377875404406,-0.0011093518518708518,0.00067635985141054164,0.0012992783304009109,-0.00010976245391919326,0.030032099999999999,-1.9121260564497478e-16,0.00056934109125431943,8.7573871102364365e-05,0.00056256563642903545,-6.366940894741786e-15,0.00056934109125431932,-5.1359843241560732e-05,1,0,0.030032099999999999,0,0,0,0,0,0,0,0.0084375000000000006,424,54,0.2231404958677686,0,0,0,0,0,0,0,0,0,1,20,nan,1,-0.0011094014742218635,0,0.0048861854236510217,-0.0073371571488678455,0.030032099999999999,-0.00014674240926162985,-0.0048861854236510217,-0.0777862,0,0,0
639155490544533697,nan,22.087658396262587,0.0052694660970385287,0.00013060610269655104,239,0,0,0,0,4.1605811291386017,-0.45653022118745945,-0.15456773011726088,4.1655958254973209,-0.4581488914372901,-0.15469833621995743,0.0052041111494429727,-0.0008273452073238875,-0.00013060610269655104,0,0.26047265674215087,0.0079737826569024461,0.0052040873981141298,-0.00037761492579532166,0.0052177695119077173,-0.00015931139321531673,0.019979400000000001,-2.3367267322493834e-16,0.00044987966671011863,6.9247563095231612e-05,0.00044451826680641515,-1.1695680211865137e-14,0.00044987966671011857,-2.8705290518765691e-05,1,0,0.019979400000000001,0,0,0,0,0,0,0,0.0082320999999999991,425,52,0.21757322175732219,0,0,0,0,0,0,0,0,0,1,20,nan,1,0.0052041028788044046,0,0.0041049839218254593,-0.0041007557883858681,0.019979400000000001,-8.2015115767719582e-05,-0.0041049839218254593,-0.057806799999999998,0,0,0
639155490544732893,nan,21.377007310574186,0.00090948449696095211,0.0001680176480319262,239,0,0,0,0,4.1655379433291655,-0.45852006344888491,-0.15477515942541173,4.1646290038042455,-0.45855154344651089,-0.15494317707344366,-0.00089322136690609506,-0.00017122394667429884,-0.0001680176480319262,0,-0.044841990714816954,0.012291454320680253,-0.00089323451824286769,-0.00054681342535651211,0.0010473169657418378,-0.00024484085348622236,0.019919599999999999,-1.6057034174510321e-16,-0.0003756580993159969,-5.7882168155387603e-05,-0.00037117201159481139,-8.0609219936697136e-15,0.0003756580993159969,-7.6823205454296106e-05,1,0,0.019919599999999999,0,0,0,0,0,0,0,0.0084282999999999997,426,56,0.23430962343096234,0,0,0,0,0,0,0,0,0,1,20,nan,1,-0.00089317450149210484,0,0.011019040177839362,-0.0073164957575500011,0.019919599999999999,-0.00021949487272648893,-0.011019040177839362,-0.070806099999999997,0,0,0
639155490545033906,nan,25.641222080340345,0.0036507230866443929,0.00047694564961492386,237,0,0,0,0,4.1645014331422372,-0.45936828250710388,-0.1549440763176636,4.1610846409821054,-0.45808247132741214,-0.15446713066804868,-0.0035742921581204145,0.00074311144773666043,0.00047694564961492386,0,-0.11874209718119565,0.015814812164091762,-0.0035742914898803245,-8.3527320403695127e-05,0.0035752673281706825,0.00047604640539497534,0.030101300000000001,-2.9490299091605721e-17,-0.00082664198230161866,-0.0001275706620083028,-0.00081673906059298584,-9.7970184316310996e-16,0.00082664198230161866,-8.9924421994846959e-07,1,0,0.030101300000000001,0,0,0,0,0,0,0,0.038529599999999997,426,48,0.20253164556962025,0,0,0,0,0,0,0,0,0,1,20,nan,1,-0.0035742913825752894,0,8.5354094332334068e-05,-8.5642306657973677e-05,0.030101300000000001,-2.5692691997258876e-06,-8.5354094332334068e-05,-0.040704799999999999,0,0,0
639155490545333784,nan,22.60966083808421,0.0021657688492111426,0.00085203400874656054,236,0,0,0,0,4.1610720992600294,-0.45816301800489256,-0.15451674142950864,4.1629946854421629,-0.45716591365705189,-0.1553687754382552,0.0017462235627569635,0.0012811159108705719,-0.00085203400874656054,0,0.05823325211397757,0.030067052941746868,0.0017462871177435365,0.0011995120278244394,0.0021185721140646895,-0.00090164477020651668,0.029987799999999998,-3.3065286348787221e-16,-8.1517249988981256e-05,-1.2541722075987138e-05,-8.054667748041977e-05,-1.1026246123019102e-14,8.1517249988981256e-05,-4.9610761459956132e-05,1,0,0.029987799999999998,0,0,0,0,0,0,0,0.0085871999999999997,425,55,0.23305084745762711,0,0,0,0,0,0,0,0,0,1,20,nan,1,0.0017462021009220534,0,0.0047267566391203377,-0.0070872516371309757,0.029987799999999998,-0.00014174503274261285,-0.0047267566391203377,-0.077679499999999999,0,0,0
639155490545533735,nan,22.543757637638343,0.0042450429999198944,0.00092607755998652674,245,0,0,0,0,4.1631186130788453,-0.45637470676268854,-0.15537161226498092,4.1590303836558915,-0.45751784728618661,-0.15444553470499439,-0.0038620851439970694,-0.0017620126025900131,0.00092607755998652674,0,-0.19315182932348463,0.046173349133577984,-0.0038620901425060069,-0.00096114809634538175,0.0039798927035726,0.00092324073326080502,0.019995099999999998,-3.5859986854958059e-17,0.00080085355017118771,0.00012392763668245266,0.0007912068943633499,-1.7934387352380365e-15,0.00080085355017118771,-2.8368267257217195e-06,1,0,0.019995099999999998,0,0,0,0,0,0,0,0.0085380000000000005,425,56,0.22857142857142856,0,0,0,0,0,0,0,0,0,1,20,nan,1,-0.0038620862473162827,0,0.00040536027408037489,-0.000270174874458462,0.019995099999999998,-8.1052192162645031e-06,-0.00040536027408037489,-0.057684399999999997,0,0,0
639155490545833741,nan,23.208342312794279,0.0065061983347523868,0.00026471594778745833,245,0,0,0,0,4.1588093645746858,-0.45893749937761835,-0.15449569971421359,4.1652330836050888,-0.45997019032343528,-0.15476041566200105,0.0065061201447808694,-3.1897222626580931e-05,-0.00026471594778745833,0,0.21686628055673554,0.010495821983782258,0.0065061185364704002,-0.0014689774067393362,0.0066698930300353662,-0.00031488095700665797,0.030000599999999999,4.1335207826009857e-16,-0.0014367538045759831,-0.00022101908120575331,-0.0014196520914317445,1.377812704612903e-14,0.0014367538045759829,-5.0165009219199641e-05,1,0,0.030000599999999999,0,0,0,0,0,0,0,0.038538599999999999,425,55,0.22448979591836735,0,0,0,0,0,0,0,0,0,1,20,nan,1,0.0065062237929992698,0,0.0047775243751504264,-0.0071664298884570599,0.030000599999999999,-0.00014332859776913787,-0.0047775243751504264,-0.027683800000000001,0,0,0
639155490546032914,nan,25.357587185947654,0.00119935434143929,0.00029612385189975443,238,0,0,0,0,4.165082965038156,-0.46093244001998818,-0.15478841719861622,4.1644992031381305,-0.45988474116993255,-0.15449229334671646,-0.00073830737500881643,0.00094517355884348776,0.00029612385189975443,0,-0.037067318783515942,0.013461780225461571,-0.00073828090840692207,-2.8694910683813482e-05,0.00073883834335888539,0.00026812231528458574,0.019917299999999999,4.3387060437438674e-16,-0.00097388914289774434,-0.00015011856693281089,-0.00096224969655289705,2.1783605427160649e-14,0.00097388914289774444,-2.8001536615168687e-05,1,0,0.019917299999999999,0,0,0,0,0,0,0,0.018423700000000001,424,53,0.22268907563025211,0,0,0,0,0,0,0,0,0,1,20,nan,1,-0.00073827975995681546,0,0.0040168291048046055,-0.0040002195164561272,0.019917299999999999,-8.0004390329124764e-05,-0.0040168291048046055,-0.040928100000000002,0,0,0
639155490546233659,nan,25.09800481757836,0.0020190281452143197,0.00014563784817320236,239,0,0,0,0,4.1644947834600696,-0.45991312096236375,-0.15449229334671646,4.1626478949780665,-0.4590973528665106,-0.15434665549854326,-0.0019504207776522261,0.00052185576673067569,0.00014563784817320236,0,-0.097159121156307496,0.0072548680252660022,-0.0019504207776522946,0.00049313389052803855,0.002011795775889069,0.00014563784817320236,0.020074499999999999,-6.8388593128364955e-17,-2.872187620263717e-05,-4.4196780608629638e-06,-2.8379792431199036e-05,-3.4067395515885804e-15,2.872187620263717e-05,0,1,0,0.020074499999999999,0,0,0,0,0,0,0,0.018532300000000002,425,55,0.23012552301255229,0,0,0,0,0,0,0,0,0,1,20,nan,1,-0.0019504207776522946,0,0,-0.0040002195164561272,0.020074499999999999,0,0,-0.054213299999999999,0,0,0
639155490546533683,nan,24.087405378829111,0.0024467331773081911,8.0293714033174979e-07,240,0,0,0,0,4.1627612648587684,-0.45836868024822536,-0.15426273920213096,4.1603854041351722,-0.45778405296267188,-0.15426354213927129,-0.0024374765075200304,0.00021262999842117634,-8.0293714033174979e-07,0,-0.081243311937024498,0.0027702236911703419,-0.0024374943420593835,0.00094986461352758412,0.0026160316228217525,8.3113359271969056e-05,0.030002399999999999,3.1279232676206803e-16,0.00073743915985593513,0.00011336988070187459,0.0007286726182852421,1.0425576845921262e-14,0.00073743915985593513,8.3916296412300806e-05,1,0,0.030002399999999999,0,0,0,0,0,0,0,0.0084606000000000004,425,54,0.22500000000000001,0,0,0,0,0,0,0,0,0,1,20,nan,1,-0.0024373804543725689,0,0.0079913889186320874,-0.0041326005011796951,0.030002399999999999,0.00023976084689236732,0.0079913889186320874,-0.057787400000000003,0,0,0
639155490546733052,nan,20.7222416986253,0.0020826689321758428,0.00045670925177879185,238,0,0,0,0,4.1604824094181563,-0.45716022070726187,-0.15434118418016415,4.1625535986478308,-0.45737858978916379,-0.15479789343194295,0.0020801387467965777,0.00010262882210192528,-0.00045670925177879185,0,0.10433651715351647,0.026802125339027288,0.0020801467088379425,0.00073379663361504139,0.0022057805488747274,-0.00053435129267165316,0.0199369,7.0202090668436412e-18,0.00063132931803993339,9.7005282984063967e-05,0.0006238322554100173,3.521213963476589e-16,0.00063132931803993339,-7.7642040892861308e-05,1,0,0.0199369,0,0,0,0,0,0,0,0.028397499999999999,425,52,0.21848739495798319,0,0,0,0,0,0,0,0,0,1,20,nan,1,0.0020800653053735709,0,0.011126825261250464,-0.0073945047333836555,0.0199369,-0.00022183440255102438,-0.011126825261250464,-0.037850500000000002,0,0,0
639155490547033860,nan,23.312880135026482,0.0024481112695740243,0.00033427276593450683,240,0,0,0,0,4.1627245584332941,-0.45628301891033396,-0.15482570516036087,4.1637697905853024,-0.4584967800845855,-0.15449143239442636,0.0013741089708461387,-0.002026098054008124,0.00033427276593450683,0,0.045678725998836801,0.010187928429981286,0.0013740526210258102,-0.00091730679720486874,0.0016521114870208223,0.00030646103751658105,0.030080800000000001,-7.8333606962077695e-17,0.0011088294723651782,0.00017095978546333157,0.0010955708788298324,-2.6041065052152102e-15,0.0011088294723651782,-2.7811728417925785e-05,1,0,0.030080800000000001,0,0,0,0,0,0,0,0.018522400000000001,425,55,0.22916666666666666,0,0,0,0,0,0,0,0,0,1,20,nan,1,0.0013740890654948908,0,0.0026416212731681025,-0.0039731040596961975,0.030080800000000001,-7.9462081193915068e-05,-0.0026416212731681025,-0.040726199999999997,0,0,0
639155490547234934,nan,24.409090549157927,0.0058585743878440408,5.0105060530741818e-05,238,0,0,0,0,4.1636753940891715,-0.45910292562259131,-0.15456689527357376,4.1580736525888753,-0.45738729570277731,-0.1546170003341045,-0.0057990841765786358,0.00083277642309173788,-5.0105060530741818e-05,0,-0.28840234522414399,0.0062448620745662762,-0.0057990213163599527,0.0002197622356541149,0.0058031839250377729,-0.00012556793967813396,0.020107400000000001,3.0434910234383716e-16,-0.00061345180065440692,-9.4396496130855212e-05,-0.00060614553800580895,1.5136173863544623e-14,0.00061345180065440692,-7.5462879147392137e-05,1,0,0.020107400000000001,0,0,0,0,0,0,0,0.0185174,424,52,0.21848739495798319,0,0,0,0,0,0,0,0,0,1,20,nan,1,-0.0057990449739354867,0,0.010722829711219076,-0.0071869408711791039,0.020107400000000001,-0.00021560822613536645,-0.010722829711219076,-0.054210099999999997,0,0,0
639155490547508511,nan,23.25784975612439,0.0062350955324985899,4.6662785239348636e-05,241,0,0,0,0,4.1581195471036265,-0.45709283774550796,-0.15461700033410455,4.1642646489061539,-0.45814836611365295,-0.15457033754886521,0.0062343474799010073,-9.6580532385345417e-05,4.6662785239348636e-05,0,0.22788273429056513,0.0017056545411088333,0.0062343474799009934,0.00020143254632679151,0.0062376007864296317,4.6662785239293125e-05,0.027357699999999999,-1.3945550443594801e-17,0.00029801307871213731,4.5894514751232407e-05,0.00029445795726934509,-5.0974864274390031e-16,0.00029801307871213731,-5.5511151231257827e-17,1,0,0.027357699999999999,0,0,0,0,0,0,0,0.0058297000000000002,424,54,0.22406639004149378,0,0,0,0,0,0,0,0,0,1,20,nan,1,0.0062343474799009934,0,0,-0.0071869408711791039,0.027357699999999999,0,0,-0.060068099999999999,0,0,0
639155490547821740,nan,25.69753259188554,0.0043399756428750373,0.00031750051869941504,241,0,0,0,0,4.1643001040924208,-0.45792081682398145,-0.15462687970993155,4.1599674145022441,-0.4581721920334248,-0.15430937919123214,-0.0042422818911255628,-0.00091565983693547544,0.00031750051869941504,0,-0.13543872558829989,0.0083312323454427153,-0.0042423336577297587,-0.00068512504923738183,0.0042973004545411152,0.00026095835763306763,0.031322900000000001,4.3820741306432875e-16,0.0002302949184485549,3.5455186266908356e-05,0.00022754928967150256,1.3990001342925743e-14,0.0002302949184485549,-5.6542161066347463e-05,1,0,0.031322900000000001,0,0,0,0,0,0,0,0.037152600000000001,424,51,0.21161825726141079,0,0,0,0,0,0,0,0,0,1,20,nan,1,-0.004242278303246097,0,0.0051575375082783632,-0.0069492906332015991,0.031322900000000001,-0.00016154903161805234,-0.0051575375082783632,-0.028745199999999999,0,0,0
639155490548033525,nan,21.684973949092139,0.0011519202241137066,0.00019223158366338255,239,0,0,0,0,4.1598963311071184,-0.4586291849901673,-0.15433647862366548,4.1607420142944846,-0.45784704679948213,-0.15452871020732886,0.00071539738250862329,0.00090284372281252659,-0.00019223158366338255,0,0.033780572221760306,0.010356305503067939,0.0007154218487985507,0.00044033605298279566,0.00084007396180027136,-0.00021933101609672434,0.021178499999999999,1.5264211335880296e-16,-0.00046248828263518814,-7.1083395125626225e-05,-0.00045699295674250795,7.2074090874614798e-15,0.00046248828263518809,-2.7099432433341786e-05,1,0,0.021178499999999999,0,0,0,0,0,0,0,0.018269000000000001,424,56,0.23430962343096234,0,0,0,0,0,0,0,0,0,1,20,nan,1,0.00071540480132370509,0,0.0036559222706728459,-0.0038713668473064899,0.021178499999999999,-7.7426949809444867e-05,-0.0036559222706728459,-0.041101600000000002,0,0,0
639155490548233593,nan,24.361027272873869,0.00085708977859428139,0.00014776344319875065,239,0,0,0,0,4.1608060615869729,-0.4574358825486744,-0.15460617659463055,4.1616433746104819,-0.45761893934104458,-0.1544584131514318,0.00085551486112838814,-5.1934679735884828e-05,0.00014776344319875065,0,0.042761003027424076,0.0035136581510817168,0.00085551083536906805,0.00036412174120163492,0.00092977601165527537,7.02970558970617e-05,0.020006800000000002,-3.1950082770432209e-16,0.0004161226944271969,6.4047292488211838e-05,0.00041116425080772734,-1.5969611717232244e-14,0.0004161226944271969,-7.7466387301688991e-05,1,0,0.020006800000000002,0,0,0,0,0,0,0,0.018245000000000001,424,50,0.20920502092050208,0,0,0,0,0,0,0,0,0,1,20,nan,1,0.00085547053413637868,0,0.011062865383153073,-0.0073777511715888977,0.020006800000000002,-0.00022133253514766693,-0.011062865383153073,-0.054312800000000001,0,0,0
639155490548534252,nan,21.991554045955006,0.0050886071149316122,0.00018051655385828425,237,0,0,0,0,4.1617275441185546,-0.45707834667216329,-0.15446200307141314,4.1664234637591333,-0.45903851531270418,-0.15464251962527142,0.0049415811689252423,-0.0012143714098479322,-0.00018051655385828425,0,0.16435818682949641,0.0061234313238460718,0.0049415768093969562,-0.00066728318216325428,0.0049864263965657537,-0.00018410647383962361,0.0300659,-2.5462488020822072e-16,0.00054710596755783072,8.4169508072662325e-05,0.00054059266888129009,-8.4688926727029859e-15,0.00054710596755783072,-3.5899199813393956e-06,1,0,0.0300659,0,0,0,0,0,0,0,0.0083265000000000006,425,52,0.21940928270042195,0,0,0,0,0,0,0,0,0,1,20,nan,1,0.0049415802314651562,0,0.00034114775317750325,-0.00034189486177638173,0.0300659,-1.0256914232259495e-05,-0.00034114775317750325,-0.057567399999999998,0,0,0
639155490548833474,nan,25.41870771476804,0.0022938692409050516,0.00016641457279253921,243,0,0,0,0,4.1663213148996903,-0.45969378971856745,-0.15467047298945927,4.1641993194951361,-0.45882259995885871,-0.15483688756225181,-0.0022308744805502588,0.00053388682920627625,-0.00016641457279253921,0,-0.074555332019226317,0.0064957769475634487,-0.0022308595557456938,-0.00012923927280811311,0.0022345999971130947,-0.00019436793698038302,0.029922199999999999,2.995108501491206e-18,-0.00066318846225260641,-0.00010214885944304086,-0.0006552744058632709,1.0009653372717267e-16,0.00066318846225260641,-2.7953364187843777e-05,1,0,0.029922199999999999,0,0,0,0,0,0,0,0.018321799999999999,425,58,0.23868312757201646,0,0,0,0,0,0,0,0,0,1,20,nan,1,-0.0022308543930062903,0,0.0026691471490210795,0.0070112417452037334,0.029922199999999999,-7.9866754822438546e-05,-0.0026691471490210795,-0.027645200000000002,0,0,0
639155490549033527,nan,24.266580398959384,0.0019765617519154435,0.00010773662142557483,238,0,0,0,0,4.164185949279517,-0.45890825911124072,-0.15485207186192296,4.1622814075916246,-0.45837956513717365,-0.15474433524049738,-0.0019632951784197545,0.00022862283684879441,0.00010773662142557483,0,-0.09813857861244496,0.0046263900943462185,-0.0019632917067155453,0.00014195632144686803,0.0019684171109947109,9.2552321754424405e-05,0.0200053,2.1168030978242769e-16,-8.6696326637901227e-05,-1.3370215619090686e-05,-8.5659152382011605e-05,1.0581211468082343e-14,8.6696326637901227e-05,-1.5184299671150425e-05,1,0,0.0200053,0,0,0,0,0,0,0,0.018412000000000001,425,53,0.22268907563025211,0,0,0,0,0,0,0,0,0,1,20,nan,1,-0.0019632947855498231,0,0.0021686109853875511,-0.00039460114203393459,0.0200053,-4.3383713345973574e-05,-0.0021686109853875511,-0.041272499999999997,0,0,0
639155490549333783,nan,22.824200785469309,0.0020999244768688942,0.00031934233676014778,240,0,0,0,0,4.1623142879869715,-0.45816878180774162,-0.1547974579637845,4.1643592933690483,-0.45864589373992293,-0.15447811562702435,0.0020941139099507557,-0.00015610810582368159,0.00031934233676014778,0,0.069744005585518506,0.0088664211030931722,0.0020941056141085446,5.711309500726553e-05,0.0020948842995884608,0.00026621961347303436,0.0300256,3.134767293834495e-16,0.00021333244564439443,3.2880395346879254e-05,0.00021078332943202938,1.0440315243773631e-14,0.00021333244564439443,-5.3122723287113427e-05,1,0,0.0300256,0,0,0,0,0,0,0,0.013099,426,51,0.21249999999999999,0,0,0,0,0,0,0,0,0,1,20,nan,1,0.002094101273788126,0,0.00505499338536746,-0.0075889984145760536,0.0300256,-0.00015177920939168921,-0.00505499338536746,-0.044212099999999997,0,0,0
639155490549533756,nan,23.878328314224998,0.00015008987331594187,0.00032397352750421216,240,0,0,0,0,4.1643650889046686,-0.45860867577203812,-0.15450799475884444,4.1645136194259944,-0.45858709674734555,-0.15483196828634865,0.00014344024987666794,4.4179913844580363e-05,-0.00032397352750421216,0,0.0071730468548428985,0.017695021794157471,0.00014344156987034989,8.1842129870892896e-05,0.00016514726212890897,-0.00035385265932430521,0.019997299999999999,2.4163478292912877e-16,3.7666501916167348e-05,5.7955356203009956e-06,3.7217967884806136e-05,1.2083370401460636e-14,3.7666501916167348e-05,-2.9879131820093052e-05,1,0,0.019997299999999999,0,0,0,0,0,0,0,0.0080005000000000007,426,54,0.22500000000000001,0,0,0,0,0,0,0,0,0,1,20,nan,1,0.00014343807635141135,0,0.0042690237210674274,-0.0042684474028646946,0.019997299999999999,-8.5368948057301663e-05,-0.0042690237210674274,-0.057518100000000003,0,0,0
639155490549733632,nan,24.002629604556855,0.0025128060962669491,0.0009235706838687242,242,0,0,0,0,4.1645262423355174,-0.45850622276071001,-0.15490992255210337,4.1620154187603218,-0.45840642570825713,-0.15398635186823464,-0.0024961553470068572,-0.00028879570814923554,0.0009235706838687242,0,-0.1248863221337044,0.042307051277492499,-0.0024961778522796301,-0.00020674796279802478,0.0025047252524643261,0.00084561641811400912,0.019987600000000001,1.833978796736066e-16,8.1853158516635572e-05,1.2622909522974624e-05,8.0873986635532358e-05,9.1755828450442576e-15,8.1853158516635572e-05,-7.795426575471498e-05,1,0,0.019987600000000001,0,0,0,0,0,0,0,0.0080456999999999994,426,57,0.23553719008264462,0,0,0,0,0,0,0,0,0,1,20,nan,1,-0.0024961548126788279,0,0.011143232483377752,-0.0074242157861590385,0.019987600000000001,-0.00022272647358476116,-0.011143232483377752,-0.037530500000000001,0,0,0
639155490550033994,nan,23.369808896529662,0.003429895189831608,0.00025809962732839531,241,0,0,0,0,4.1619682523067727,-0.45871030369405874,-0.15401259468179573,4.1653951264781588,-0.45885422876733251,-0.15427069430912413,0.0034083906709264995,0.00038347626728548443,-0.00025809962732839531,0,0.11347642954997221,0.0094666582620133236,0.003408400733248875,7.5870147705971386e-05,0.003409245053926807,-0.00028434244088948457,0.030036199999999999,-1.5626063810947333e-16,-0.00030751667368655563,-4.7166453549074561e-05,-0.00030387798580161496,-5.2024103618125239e-15,0.00030751667368655557,-2.6242813561089262e-05,1,0,0.030036199999999999,0,0,0,0,0,0,0,0.018356999999999998,427,54,0.22406639004149378,0,0,0,0,0,0,0,0,0,1,20,nan,1,0.0034083978865020259,0,0.0024963033711809515,-0.0037489733658730984,0.030036199999999999,-7.4979467317465298e-05,-0.0024963033711809515,-0.041046300000000001,0,0,0
639155490550246663,nan,22.487030722445688,0.0015268357431080224,0.00019979029741762355,240,0,0,0,0,4.1654034863956619,-0.45880046942176128,-0.15425949987114906,4.1638783056981188,-0.45887154140128922,-0.15445929016856669,-0.0014961499604875129,-0.00030456966717885771,-0.00019979029741762355,0,-0.070350946819136173,0.0088680465626188362,-0.0014961465509078871,-0.00025018094304348393,0.0015169195779789033,-0.00018859585944255852,0.021266899999999998,-3.6782913954286345e-16,5.4405472674223863e-05,8.3599175031423556e-06,5.3759345571224859e-05,-1.7295851277941943e-14,5.4405472674223863e-05,1.119443797506503e-05,1,0,0.021266899999999998,0,0,0,0,0,0,0,0.0195485,426,53,0.22083333333333333,0,0,0,0,0,0,0,0,0,1,20,nan,1,-0.0014961505516237839,0,0.0015039384442581539,-0.0072592929936945438,0.021266899999999998,3.1984108500193731e-05,0.0015039384442581539,-0.019779399999999999,0,0,0
639155490550488034,nan,23.793171479089139,0.0015547991426350151,0.00046458450400319046,241,0,0,0,0,4.1638345725797636,-0.45915242300930625,-0.15444915856227906,4.1652137271692817,-0.45843455603545263,-0.15491374306628225,0.0012523040446544345,0.0009214851890729024,-0.00046458450400319046,0,0.051882567021946331,0.018827982554472683,0.0012522947084654208,0.00063723204466492795,0.0014051002510847182,-0.00045445289771556263,0.024137100000000002,3.9605905360895477e-16,-0.00028426583221221197,-4.3733118355149259e-05,-0.00028088160801703621,1.640872572135653e-14,0.00028426583221221203,1.013160628762777e-05,1,0,0.024137100000000002,0,0,0,0,0,0,0,0.0038181999999999999,427,56,0.23236514522821577,0,0,0,0,0,0,0,0,0,1,20,nan,1,0.0012523039314545218,0,0.0011992926464310352,-0.0040524434298276901,0.024137100000000002,2.894744653617054e-05,0.0011992926464310352,-0.0287666,0,0,0
639155490550832946,nan,30.298508885139192,0.0057963810351563273,0.00015729787063367695,244,0,0,0,0,4.1653543513397766,-0.45753407134175145,-0.15489891875922424,4.170729940060534,-0.45970226852143459,-0.15505621662985791,0.0056457374569244363,-0.0013128905789136966,-0.00015729787063367695,0,0.16368688010266175,0.0041307221429136244,0.0056457569189969263,-0.00040140804716707213,0.0056600087993511237,-0.0001424735635756624,0.0344912,-2.3042006670748183e-16,0.00091139883745673699,0.00014062417049487408,0.00090048469370118678,-6.6805465367247827e-15,0.00091139883745673699,1.4824307058014519e-05,1,0,0.0344912,0,0,0,0,0,0,0,0.018355699999999999,427,57,0.23360655737704919,0,0,0,0,0,0,0,0,0,1,20,nan,1,0.0056457484168792567,0,0.0012279991134801602,0.0071019669994711876,0.0344912,4.2355163022866904e-05,0.0012279991134801602,-0.061057500000000001,0,0,0
639155490551032643,nan,22.195735499515614,0.0058439311950465823,0.00074953188723353437,238,0,0,0,0,4.1706941200508378,-0.45993142722656555,-0.1550605473934519,4.1648801805014317,-0.45934012465741003,-0.15431101550621837,-0.0058355056805882008,-0.00031369613364116066,0.00074953188723353437,0,-0.29221806231828784,0.037316590817065051,-0.0058355070390775123,-0.00054561220150935316,0.0058609585459683186,0.00074520112363954394,0.0199697,-2.3977808670874734e-16,-0.0002319413400666881,-3.5820009696152511e-05,-0.0002291587051309607,-1.200709508449037e-14,0.0002319413400666881,-4.3307635939904277e-06,1,0,0.0199697,0,0,0,0,0,0,0,0.018333100000000001,428,53,0.22268907563025211,0,0,0,0,0,0,0,0,0,1,20,nan,1,-0.0058355036633694606,0,0.00061961923657457955,-0.00061867432668805122,0.0199697,-1.2373610268623381e-05,-0.00061961923657457955,-0.041087800000000001,0,0,0
639155490551333761,nan,23.786777870212731,0.0028932309084785499,0.00033735051102506969,240,0,0,0,0,4.1647547376682139,-0.46014658407742109,-0.15436500841513204,4.1624154803974136,-0.458444038773829,-0.15470235892615711,-0.0025732129274799245,0.001322633856978497,-0.00033735051102506969,0,-0.085452929113509143,0.012996347609201007,-0.0025731415108801647,0.00050661551346700966,0.0026225400880634979,-0.00039134341993873889,0.030111800000000001,-3.3138639402019443e-16,-0.0008161572768347348,-0.0001254428332178037,-0.00080645942001106308,-1.1005200420439643e-14,0.0008161572768347349,-5.3992908913669264e-05,1,0,0.030111800000000001,0,0,0,0,0,0,0,0.0082536999999999992,428,53,0.22083333333333333,0,0,0,0,0,0,0,0,0,1,20,nan,1,-0.0025731805798618322,0,0.0051230897534849332,-0.0077132727019488811,0.030111800000000001,-0.00015426545403898761,-0.0051230897534849332,-0.044689100000000002,0,0,0
639155490551533387,nan,21.89554368127698,0.0011916456507133828,0.00028003188527922496,237,0,0,0,0,4.1624671289296664,-0.45811284898442878,-0.15472986389740798,4.1612778500840939,-0.45818791684930998,-0.15444983201212875,-0.001163501818533525,-0.00025745460790846505,0.00028003188527922496,0,-0.058284436865677879,0.012650001203668656,-0.0011635088993747812,7.7770245459929301e-05,0.0011661051281952294,0.00025252691402835592,0.0199626,2.2373189455596187e-16,0.00033519285118694406,5.1648532252812629e-05,0.00033118978940022137,1.1207552851630642e-14,0.00033519285118694401,-2.7504971250869037e-05,1,0,0.0199626,0,0,0,0,0,0,0,0.0083710999999999994,428,54,0.22784810126582278,0,0,0,0,0,0,0,0,0,1,20,nan,1,-0.0011635119542885456,0,0.0039366431299235304,-0.0039292816072702408,0.0199626,-7.8585632145411477e-05,-0.0039366431299235304,-0.057750599999999999,0,0,0
639155490551733537,nan,23.800514000421234,0.002139928450972506,0.0005909876790769486,240,0,0,0,0,4.1612898907089839,-0.45811057956708295,-0.15444983201212881,4.1634291975256517,-0.45816215591282911,-0.15504081969120576,0.0021217755095362476,0.00027814108364962236,-0.0005909876790769486,0,0.10600926852543016,0.029527238524956485,0.0021217755095364848,0.00035641005496013251,0.0021515016709604232,-0.00059098767907700411,0.020015000000000002,2.3686937556787607e-16,7.8268971310510257e-05,1.2040624890019558e-05,7.733728222703018e-05,1.1834592833768477e-14,7.8268971310510243e-05,-5.5511151231257827e-17,1,0,0.020015000000000002,0,0,0,0,0,0,0,0.0082407000000000001,428,53,0.22083333333333333,0,0,0,0,0,0,0,0,0,1,20,nan,1,0.0021217755095364848,0,0,-0.0039292816072702408,0.020015000000000002,0,0,-0.037735600000000001,0,0,0
639155490552033595,nan,22.152621599636756,0.0018593997082045402,0.00057515094949034395,234,0,0,0,0,4.1635119973705219,-0.45763239000104011,-0.15495530443388891,4.1639329495661377,-0.45944351300179886,-0.15438015348439857,0.00069542989706758472,-0.0017244548509994968,0.00057515094949034395,0,0.023181430314290229,0.022017950089888844,0.00069557736172452974,-0.0011881978966498947,0.0013768231940764547,0.00066066620680718668,0.030005799999999999,-3.9942008034365983e-16,0.00053619747817773339,8.2799844870251604e-05,0.00052976591178899302,-1.3311429135155864e-14,0.00053619747817773339,8.551525731684273e-05,1,0,0.030005799999999999,0,0,0,0,0,0,0,0.0182481,428,53,0.2264957264957265,0,0,0,0,0,0,0,0,0,1,20,nan,1,0.00069543220075031433,0,0.0081427359583654789,-0.00045468119787983596,0.030005799999999999,0.0002443293066195229,0.0081427359583654789,-0.041002700000000003,0,0,0
639155490552332978,nan,23.190205847353376,0.0025426465481456092,0.00040593915740733122,245,0,0,0,0,4.1637505837085049,-0.46061539136248886,-0.15443135780677023,4.165267478255462,-0.45857478302128057,-0.15483729696417756,0.0011849594221395726,0.0022496494475094187,-0.00040593915740733122,0,0.039583897962207577,0.015269520306062385,0.0011850746123619593,0.0010636055494477282,0.0015923751447698661,-0.0004571434797789875,0.029938300000000001,3.1571967262777889e-16,-0.00118598322006831,-0.00018236585763276025,-0.001171878360689993,1.0545678032078604e-14,0.00118598322006831,-5.1204322371656286e-05,1,0,0.029938300000000001,0,0,0,0,0,0,0,0.0080923000000000002,428,56,0.22857142857142856,0,0,0,0,0,0,0,0,0,1,20,nan,1,0.0011849968074751627,0,0.0048866523456222504,-0.0073149031959474087,0.029938300000000001,-0.00014629806391894262,-0.0048866523456222504,-0.077794100000000005,0,0,0
639155490552532485,nan,25.549567577620074,0.0020915794854510224,0.0002119769013405326,246,0,0,0,0,4.1653768415430932,-0.45787412555868334,-0.15485230343641776,4.1634816158353489,-0.45698935199405516,-0.15506428033775829,-0.0020090103639484004,0.00058187808130868827,-0.0002119769013405326,0,-0.10069830290591067,0.011377213510339781,-0.0020090016317849519,0.0012910494061601175,0.0023880737270153512,-0.00022698337358073586,0.019950699999999998,-3.4233683596229803e-17,0.00070914117675869128,0.0001093632876312256,0.00070065746259723172,-1.7159139075937088e-15,0.00070914117675869117,-1.5006472240203241e-05,1,0,0.019950699999999998,0,0,0,0,0,0,0,0.013435900000000001,429,56,0.22764227642276422,0,0,0,0,0,0,0,0,0,1,20,nan,1,-0.002009029308604836,0,0.002149079228900098,-0.0014291878324002028,0.019950699999999998,-4.2875634972017185e-05,-0.002149079228900098,-0.057843400000000003,0,0,0
639155490552833334,nan,27.267505604417156,0.0053867804157222395,0.0011025214134275652,238,0,0,0,0,4.1637821887219335,-0.45506653694895016,-0.15511647931310524,4.1588709974486955,-0.45727958993631385,-0.15401395789967767,-0.0045103192392341937,-0.0029452374449953165,0.0011025214134275652,0,-0.14992481183139816,0.034911947125655055,-0.0045104729714664305,-0.00099883609473433227,0.0046197445784884415,0.0010503224380806198,0.030084900000000001,-2.327782064326378e-16,0.0019461659122058225,0.00030057288658458248,0.0019228150451049975,-7.737376771491273e-15,0.0019461659122058227,-5.2198975346945398e-05,1,0,0.030084900000000001,0,0,0,0,0,0,0,0.043520799999999998,429,54,0.22689075630252101,0,0,0,0,0,0,0,0,0,1,20,nan,1,-0.004510398475753445,0,0.0049573018212727381,-0.0074569964781403542,0.030084900000000001,-0.00014913992956280819,-0.0049573018212727381,-0.027758499999999998,0,0,0
639155490553033862,nan,23.296016815497289,0.008287993025733232,0.00054123283725859839,236,0,0,0,0,4.1587693497664002,-0.45793435334459337,-0.15403809316743466,4.1669431255184293,-0.45930556388646676,-0.15457932600469326,0.0082873791140069333,-0.00010087524634097371,-0.00054123283725859839,0,0.4132777805065882,0.028193973161632795,0.0082873766769425115,-0.00076368176313933557,0.0083224889318570024,-0.00056536810501559009,0.020052799999999999,4.0394662441378681e-16,-0.00066260649871384175,-0.00010164768229525833,-0.00065476340827952395,2.0144150662939183e-14,0.00066260649871384175,-2.4135267756991707e-05,1,0,0.020052799999999999,0,0,0,0,0,0,0,0.018340700000000001,427,54,0.2288135593220339,0,0,0,0,0,0,0,0,0,1,20,nan,1,0.008287403002964832,0,0.0034388169171943668,-0.0034479126334190369,0.020052799999999999,-6.8957907877115199e-05,-0.0034388169171943668,-0.040934100000000001,0,0,0
639155490553234398,nan,22.099802199078514,0.0023567816105013557,0.00021650368675230069,236,0,0,0,0,4.1668262624166825,-0.46005554005102273,-0.15457932600469329,4.1646808034790705,-0.45908012962119421,-0.15479582969144559,-0.0022700558507426443,0.00063345559758080287,-0.00021650368675230069,0,-0.11319941809662051,0.010796250386580386,-0.0022700558507423893,-0.00012557090521863598,0.0022735262518227451,-0.00021650368675232845,0.020053600000000001,2.5516698129446347e-16,-0.0007590265027994389,-0.00011686310174674475,-0.0007499761645559655,1.2724248079869124e-14,0.0007590265027994389,-2.7755575615628914e-17,1,0,0.020053600000000001,0,0,0,0,0,0,0,0.0183895,428,53,0.22457627118644069,0,0,0,0,0,0,0,0,0,1,20,nan,1,-0.0022700558507423893,0,0,-0.0034479126334190369,0.020053600000000001,0,0,-0.054350500000000003,0,0,0
639155490553533491,nan,23.217433898301167,0.0033294174924826015,0.00018451603483801704,243,0,0,0,0,4.1646518151718839,-0.45926589948129926,-0.15470872652592804,4.1616123020782236,-0.45790708345522468,-0.15452421049109002,-0.0032125936362921164,0.00087422134914707432,0.00018451603483801704,0,-0.1074137399254269,0.009081429533809424,-0.0032126697715515705,0.00068592353324116798,0.003285078104778526,0.00027161920035556619,0.0299093,4.1081436755012468e-16,-0.00018801798551467596,-2.8988307186672557e-05,-0.00018576986010504504,1.3735338759186096e-14,0.00018801798551467596,8.7103165517549166e-05,1,0,0.0299093,0,0,0,0,0,0,0,0.028056500000000002,427,54,0.22222222222222221,0,0,0,0,0,0,0,0,0,1,20,nan,1,-0.0032125843950927412,0,0.0083206958101028315,-0.00098362262360751629,0.0299093,0.0002488661871931086,0.0083206958101028315,-0.057707599999999998,0,0,0
639155490553833544,nan,23.79173961445024,0.0044214595736941512,5.302498715367699e-05,243,0,0,0,0,4.1617183461492591,-0.45722629244230573,-0.15457478229223098,4.165664866579319,-0.45921985238796353,-0.15462780727938466,0.0042063948289067839,-0.0013621847544139985,-5.302498715367699e-05,0,0.14018609830234269,0.0034526163142723242,0.004206325935391283,-0.00067339693462125239,0.0042598874757794544,-0.00010359678829463537,0.030005299999999999,-7.1462475693950811e-17,0.00068900054301356472,0.00010604407103542712,0.00068079101291895761,-2.3816617628869172e-15,0.00068900054301356472,-5.0571801140958383e-05,1,0,0.030005299999999999,0,0,0,0,0,0,0,0.018421699999999999,428,52,0.2139917695473251,0,0,0,0,0,0,0,0,0,1,20,nan,1,0.0042063745742652254,0,0.0048155112730944079,-0.0072245430201292038,0.030005299999999999,-0.00014449086040257964,-0.0048155112730944079,-0.060856599999999997,0,0,0
639155490554033115,nan,23.893287204247962,0.00056696319280696622,0.00034982927845803036,233,0,0,0,0,4.1655959307450905,-0.45966211141382313,-0.15464110623326802,4.1650323717270998,-0.45960007517248569,-0.15499093551172605,-0.00056638915974561955,-2.5506503494600555e-05,-0.00034982927845803036,0,-0.028380350797717335,0.018195440837666117,-0.00056638949890512461,-0.00047309834018259837,0.00073798313256708502,-0.00036312823234138647,0.019957099999999998,2.22180130196592e-16,-0.0004475993690735686,-6.8935834228511794e-05,-0.00044225902585959265,1.113288655148253e-14,0.00044759936907356866,-1.3298953883356113e-05,1,0,0.019957099999999998,0,0,0,0,0,0,0,0.0184005,428,50,0.21459227467811159,0,0,0,0,0,0,0,0,0,1,20,nan,1,-0.00056638051064146749,0,0.0019039344942539461,-0.0012665670365095139,0.019957099999999998,-3.7997011095275424e-05,-0.0019039344942539461,-0.040899499999999998,0,0,0
639155490554332827,nan,26.105104942021104,0.0037280955284037798,0.00040607995986821632,236,0,0,0,0,4.1649226448606864,-0.46030235385205748,-0.15504433778265903,4.1615258842660952,-0.45876589242008586,-0.15463825782279081,-0.0035932817558386064,0.0009934900563476623,0.00040607995986821632,0,-0.11988938367798251,0.011767219495223344,-0.0035932286960895492,0.00028288286654197081,0.0036043467062124319,0.00035267768893523788,0.0299712,2.5874484846366563e-16,-0.00071079907779484524,-0.00010972686641341767,-0.00070227867957178836,8.6331160735527984e-15,0.00071079907779484535,-5.3402270932978446e-05,1,0,0.0299712,0,0,0,0,0,0,0,0.0083003,428,52,0.22033898305084745,0,0,0,0,0,0,0,0,0,1,20,nan,1,-0.0035932502664724831,0,0.00509081775008459,-0.0076289339922368526,0.0299712,-0.00015257791695133527,-0.00509081775008459,-0.077985700000000005,0,0,0
639155490554532327,nan,22.683833408333204,0.0028047982597502173,8.0406950402484023e-05,236,0,0,0,0,4.1615550163309898,-0.45857900799274659,-0.15466354632617504,4.1643378848851382,-0.45892905925789157,-0.15474395327657753,0.0028035751935022381,8.2821568910130443e-05,-8.0406950402484023e-05,0,0.14053018982654253,0.0052980177336701458,0.0028035772870395235,0.00027189206324249417,0.0028167305335189867,-0.00010569545378671941,0.019949999999999999,2.1474995718327727e-16,0.00018914139257960753,2.9132064894632492e-05,0.00018688442733927335,1.0764408881367282e-14,0.00018914139257960756,-2.5288503384235383e-05,1,0,0.019949999999999999,0,0,0,0,0,0,0,0.0083820000000000006,428,54,0.2288135593220339,0,0,0,0,0,0,0,0,0,1,20,nan,1,0.0028035674627195075,0,0.0036216975845644837,-0.0036126433406025171,0.019949999999999999,-7.2252866812061445e-05,-0.0036216975845644837,-0.058035700000000003,0,0,0
639155490554732326,nan,23.978134264178689,0.00082088923064111774,0.00032256162676358446,245,0,0,0,0,4.1643799414281544,-0.45865945056545787,-0.15482197648348581,4.1651848353600007,-0.45849819025583555,-0.15449941485672222,0.00077039957598858805,0.00028344950573103839,0.00032256162676358446,0,0.038521277070557136,0.012226982127675926,0.00077042168928343575,0.00055625859497558943,0.00095024902199505553,0.00024453841985530578,0.019999900000000001,3.8657228459970661e-16,0.000272869199152776,4.2056543016144587e-05,0.00026960869243369823,1.9328710873539696e-14,0.00027286919915277594,-7.8023206908278686e-05,1,0,0.019999900000000001,0,0,0,0,0,0,0,0.0082448,428,59,0.24081632653061225,0,0,0,0,0,0,0,0,0,1,20,nan,1,0.00077035968295574206,0,0.011146228146605349,-0.0074307816103100777,0.019999900000000001,-0.00022292344830929234,-0.011146228146605349,-0.071235000000000007,0,0,0
639155490555032260,nan,21.856828017604421,0.00097319337037136174,5.799164417749636e-05,240,0,0,0,0,4.1653131644665731,-0.4576741974709565,-0.15451730610430434,4.1643479203551985,-0.45755006390743913,-0.15445931446012684,-0.00097284867877709162,-2.5899504559697263e-05,5.799164417749636e-05,0,-0.032435440530109216,0.0013369740207973347,-0.00097284914199577779,0.00080804383835574229,0.0012646621279166234,4.0100396595382774e-05,0.0299934,5.9143228509084267e-17,0.0008339259374347235,0.00012832910657234464,0.00082399278487904626,1.9718747627506142e-15,0.00083392593743472361,-1.7891247582113579e-05,1,0,0.0299934,0,0,0,0,0,0,0,0.0382382,428,53,0.22083333333333333,0,0,0,0,0,0,0,0,0,1,20,nan,1,-0.00097286979440997065,0,0.0017043032878811054,-0.0017039283411577344,0.0299934,-5.1117850234733142e-05,-0.0017043032878811054,-0.041241600000000003,0,0,0
639155490555332445,nan,21.880146003578631,0.0033692085190471176,0.00059495479166302156,233,0,0,0,0,4.164472344604242,-0.4567509332056513,-0.15451471795067773,4.1618017301871317,-0.45880504729205024,-0.15391976315901471,-0.0023226681794345323,-0.0024406512600250677,0.00059495479166302156,0,-0.077379062793555289,0.01797395942875675,-0.0023228033964683395,-0.0016317634782544522,0.0028386735753886745,0.00053955130111213445,0.0300185,3.7689578021027348e-16,0.00080875909410030235,0.00012442424904346439,0.0007991307017878313,1.2555450146085697e-14,0.00080875909410030246,-5.540349055088712e-05,1,0,0.0300185,0,0,0,0,0,0,0,0.0082471999999999997,427,53,0.22746781115879827,0,0,0,0,0,0,0,0,0,1,20,nan,1,-0.0023226742386323706,0,0.0052732710591147057,-0.0079147843644022942,0.0300185,-0.00015829568728803478,-0.0052732710591147057,-0.078304700000000005,0,0,0
639155490555532246,nan,21.900823430342037,0.0039482712812192421,0.00046579953612588265,240,0,0,0,0,4.1616353466601899,-0.45987747292860881,-0.15393147500327559,4.1655692957746986,-0.46021346470612223,-0.15439727453940147,0.0039389495107862238,0.00027115099405608908,-0.00046579953612588265,0,0.19714379238311894,0.02389934887146529,0.0039389526861939549,-0.00081415097175196408,0.0040222120865115053,-0.00047751138038676366,0.019980100000000001,-3.3482873591783591e-16,-0.0010852558334262358,-0.0001663835269418712,-0.0010724256365585716,-1.6758111116452665e-14,0.0010852558334262358,-1.171184426088101e-05,1,0,0.019980100000000001,0,0,0,0,0,0,0,0.0084416000000000005,428,53,0.22083333333333333,0,0,0,0,0,0,0,0,0,1,20,nan,1,0.0039389663073703257,0,0.0016747870217784055,-0.0011154174571856856,0.019980100000000001,-3.3462412173834721e-05,-0.0016747870217784055,-0.058324599999999997,0,0,0
639155490555832180,nan,21.526991217138129,0.0027622194064977155,2.6719415435444427e-05,235,0,0,0,0,4.1653817785295466,-0.46141830998500122,-0.15445119547244696,4.1645101868411238,-0.45879720640476923,-0.15442447605701151,-0.0012644412954569088,0.0024558184501253036,2.6719415435444427e-05,0,-0.042152902758499644,0.00090691677535866683,-0.0012643088735967832,0.0012365364456713612,0.0017684737231096,-2.7201517610042636e-05,0.0299934,-1.9206641485580711e-16,-0.0012193501807382357,-0.00018751724515198021,-0.0012048452788789854,-6.4036226255045144e-15,0.0012193501807382357,-5.3920933045487063e-05,1,0,0.0299934,0,0,0,0,0,0,0,0.038434999999999997,428,53,0.22553191489361701,0,0,0,0,0,0,0,0,0,1,20,nan,1,-0.0012644041201298698,0,0.0051364569772444791,-0.007702990435063839,0.0299934,-0.00015405980870128455,-0.0051364569772444791,-0.028331200000000001,0,0,0
639155490556032220,nan,23.606651827352348,0.00029670411611163789,0.00033049255105002667,243,0,0,0,0,4.164637032221,-0.45798233893056051,-0.15444766328618847,4.1646780126289107,-0.45827619933736119,-0.15411717073513845,8.5698431589766467e-05,-0.0002840582886321792,0.00033049255105002667,0,0.0042837355050017395,0.015362193654922199,8.5691845042054794e-05,0.00054062072382465268,0.00054736994741710367,0.0003073053218730637,0.020004000000000001,-3.6374982886888674e-17,0.00082468099948964345,0.00012684537987617261,0.00081486747420872474,-1.8183854672509834e-15,0.00082468099948964334,-2.3187229176963035e-05,1,0,0.020004000000000001,0,0,0,0,0,0,0,0.018379699999999999,427,56,0.23045267489711935,0,0,0,0,0,0,0,0,0,1,20,nan,1,8.567393714272985e-05,0,0.0033117989512072526,-0.0033124613109976053,0.020004000000000001,-6.6249226219949886e-05,-0.0033117989512072526,-0.041326599999999998,0,0,0
639155490556232203,nan,23.90565334061078,0.0018285811984949589,0.00079367792398465919,243,0,0,0,0,4.1647609744310321,-0.45774216461422074,-0.15411717073513845,4.1661012814730398,-0.45898606422135702,-0.15491084865912311,0.0015153692526967174,-0.0010234086317159202,-0.00079367792398465919,0,0.075774903501648089,0.039687269617150418,0.0015153692526970089,-0.00048296830556424108,0.001590472368888905,-0.00079367792398465919,0.0199983,2.9131157121969897e-16,0.00054044032615167934,8.296180212141735e-05,0.00053403472314045297,1.4566816740407882e-14,0.00054044032615167923,0,1,0,0.0199983,0,0,0,0,0,0,0,0.018197100000000001,426,51,0.20987654320987653,0,0,0,0,0,0,0,0,0,1,20,nan,1,0.0015153692526970089,0,0,-0.0033124613109976053,0.0199983,0,0,-0.0546204,0,0,0
639155490556532131,nan,22.297168961432551,0.00086213617260134197,0.00022115351496840296,242,0,0,0,0,4.1659897999156321,-0.45969994819836368,-0.15483159581721609,4.1652359961051015,-0.45928154815613464,-0.15461044230224769,-0.00080930946730948129,0.00029714805439533764,0.00022115351496840296,0,-0.026984243371604079,0.010015949056954375,-0.00080933301459584685,-0.00042545222430369464,0.00091434650088451834,0.00030040635687542117,0.0299928,-2.53893043741793e-16,-0.00072253613769063751,-0.00011148155740769994,-0.0007138839770066685,-8.4651330900013677e-15,0.00072253613769063751,7.9252841907018215e-05,1,0,0.0299928,0,0,0,0,0,0,0,0.028261000000000001,426,53,0.21900826446280991,0,0,0,0,0,0,0,0,0,1,20,nan,1,-0.00080938117840552892,0,0.0075497016338258597,-0.001398138701915741,0.0299928,0.00022643669116301224,0.0075497016338258597,-0.0580619,0,0,0
639155490556832961,nan,23.485397660930786,0.004329780237809942,0.00044797745876745676,240,0,0,0,0,4.1651703190240461,-0.45970294868190253,-0.1546627697061097,4.1611320718518741,-0.45814104065510519,-0.15421479224734225,-0.0042306518755991646,0.00092118489741136898,0.00044797745876745676,0,-0.14063104300079082,0.013151948107085022,-0.00423060366659279,0.00049491842999102229,0.0042594543824453785,0.0003956500549054387,0.030082999999999999,1.4249127051890742e-16,-0.00042648784518836539,-6.5677081055426356e-05,-0.00042140052576788989,4.7366044117577183e-15,0.00042648784518836534,-5.2327403862018063e-05,1,0,0.030082999999999999,0,0,0,0,0,0,0,0.018150199999999998,425,54,0.22500000000000001,0,0,0,0,0,0,0,0,0,1,20,nan,1,-0.0042306406516245251,0,0.0049698124581055913,-0.0074753807857632637,0.030082999999999999,-0.0001495068681771905,-0.0049698124581055913,-0.061068799999999999,0,0,0
639155490557032901,nan,23.571308759787055,0.005047185522714606,0.00046026589338732382,237,0,0,0,0,4.161182768788426,-0.45781490849719136,-0.15422925250028938,4.1661374873568899,-0.4587765974323561,-0.1546895183936767,0.0050436404317315796,-0.00018913724144758483,-0.00046026589338732382,0,0.25225756208021116,0.023743430345826409,0.0050436376962317425,0.00014083885867562302,0.0050456037096627887,-0.00047472614633445326,0.019994000000000001,-1.7346557133410268e-16,0.00033004903241984828,5.0696936551908323e-05,0.00032613215791382766,-8.6758813311044643e-15,0.00033004903241984823,-1.4460252947129382e-05,1,0,0.019994000000000001,0,0,0,0,0,0,0,0.018356500000000001,425,51,0.21518987341772153,0,0,0,0,0,0,0,0,0,1,20,nan,1,0.0050436347857762851,0,0.0020663703321246629,-0.001377166947349906,0.019994000000000001,-4.131500842050051e-05,-0.0020663703321246629,-0.041074800000000002,0,0,0
639155490557305682,nan,23.415415271469097,0.0032990857298475186,0.0005418771235958797,240,0,0,0,0,4.1661675956106654,-0.45858351571503764,-0.15474330988359444,4.1628765268065839,-0.45835366189260857,-0.15420143275999856,-0.0032871707987352822,-0.00028013352677889281,0.0005418771235958797,0,-0.1205064085394227,0.017892948324045182,-0.0032871858627792263,-8.4541616840243315e-05,0.0032882728264901568,0.0004880856336781369,0.0272781,7.5697640430222313e-17,0.00019541508771857009,3.010825377547377e-05,0.00019308171731846624,2.7750334675150509e-15,0.00019541508771857006,-5.3791489917742741e-05,1,0,0.0272781,0,0,0,0,0,0,0,0.0055852999999999996,425,51,0.21249999999999999,0,0,0,0,0,0,0,0,0,1,20,nan,1,-0.003287179356474238,0,0.0056341890085330609,-0.0076844985596835613,0.0272781,-0.00015368997119366568,-0.0056341890085330609,-0.080807699999999996,0,0,0
639155490557532220,nan,22.265746797444525,0.0009066706971743773,0.00042010138634759886,233,0,0,0,0,4.1628659478671661,-0.45842172194268727,-0.1542165596311183,4.1619620680470657,-0.45849280656781738,-0.1546366610174659,-0.00088223370751007446,-0.0002090823723982965,-0.00042010138634759886,0,-0.038944321490042663,0.019212152374759858,-0.00088223687017112862,-0.00027794634088119035,0.00092498435851564079,-0.0004352282574673349,0.022653800000000002,1.0908429107919781e-16,-6.8877313942405707e-05,-1.0578939417804634e-05,-6.8060050078699863e-05,4.8152756305431233e-15,6.8877313942405694e-05,-1.5126871119736096e-05,1,0,0.022653800000000002,0,0,0,0,0,0,0,0.0079927000000000002,426,51,0.21888412017167383,0,0,0,0,0,0,0,0,0,1,20,nan,1,-0.00088223086359588124,0,0.0019078314353715071,-0.0014406543923541903,0.022653800000000002,-4.3219631770619049e-05,-0.0019078314353715071,-0.058153900000000001,0,0,0
639155490557832200,nan,21.380707494439964,0.0020308150728351442,0.00039498764233678046,238,0,0,0,0,4.1619053015694449,-0.45885697169015965,-0.15468564843029112,4.1639143592217343,-0.45915344632622851,-0.15429066078795434,0.0020307472287126875,1.6599793075586439e-05,0.00039498764233678046,0,0.06769611438952626,0.011534109924380346,0.0020307480394570086,-0.00035206266675656965,0.0020610399610590359,0.00034600022951156162,0.029998,6.518087935711292e-17,-0.0003685629787594414,-5.6766477620762146e-05,-0.00036416512234227483,2.1728408346260723e-15,0.00036856297875944145,-4.898741282521879e-05,1,0,0.029998,0,0,0,0,0,0,0,0.018265400000000001,426,55,0.23109243697478993,0,0,0,0,0,0,0,0,0,1,20,nan,1,0.0020307726725402073,0,0.0046657789400464693,-0.0069982018321752548,0.029998,-0.00013996403664351398,-0.0046657789400464693,-0.061033900000000002,0,0,0
639155490558031992,nan,24.692084338850986,0.005632752275841423,0.00016547027167576611,237,0,0,0,0,4.1638782526049845,-0.45938560326627498,-0.15430381571243273,4.1585729402986731,-0.45749310239877244,-0.1544692859841085,-0.0055331413286682724,0.0010546303797918154,-0.00016547027167576611,0,-0.27694439490103745,0.0089405579880157404,-0.0055331274546068076,0.00081975523185434359,0.0055935228674848713,-0.00017862519615416406,0.019979199999999999,-2.9385944632503991e-16,-0.00023494793590252364,-3.6106616749798093e-05,-0.00023215694004646847,-1.4708268915924559e-14,0.00023494793590252364,-1.3154924478397945e-05,1,0,0.019979199999999999,0,0,0,0,0,0,0,0.038244599999999997,426,54,0.22784810126582278,0,0,0,0,0,0,0,0,0,1,20,nan,1,-0.0055331428590842694,0,0.0018812314061494022,-0.0012528541265055537,0.019979199999999999,-3.7585498509740134e-05,-0.0018812314061494022,-0.0410547,0,0,0
639155490558332245,nan,22.204851791883321,0.0034708848568120692,0.00029670839047155062,243,0,0,0,0,4.1587622544951408,-0.45627728743762336,-0.1545195104750379,4.1614911285716012,-0.45842211562749541,-0.15422280208456635,0.0030264617029917588,-0.0016992855114934518,0.00029670839047155062,0,0.10079420866485038,0.0082092068869305135,0.0030263763534247321,-0.00046897179321260871,0.0030624970816961485,0.00024648389954215477,0.030025300000000001,-1.8035703139296366e-16,0.0012304657186359058,0.00018931419646772696,0.0012158149611490865,-6.0068352820109592e-15,0.0012304657186359056,-5.0224490929395849e-05,1,0,0.030025300000000001,0,0,0,0,0,0,0,0.0082839999999999997,425,53,0.21810699588477367,0,0,0,0,0,0,0,0,0,1,20,nan,1,0.0030264099940199799,0,0.0047792543459197314,-0.0071749272756278515,0.030025300000000001,-0.00014349854551254371,-0.0047792543459197314,-0.078291700000000006,0,0,0
639155490558532073,nan,24.817291816288265,0.00035364473153097161,0.0004561798817408203,241,0,0,0,0,4.1614431075304106,-0.45873101751427353,-0.15423301049048072,4.1612106786571941,-0.4589975534687617,-0.1537768306087399,-0.0001887240051321214,-0.0002990783275774157,0.0004561798817408203,0,-0.0094444751604169878,0.022317767071003615,-0.00018872705823558055,-0.00061168861452696218,0.00064014128413356585,0.00044597147582645102,0.019982799999999998,-3.2473210318656465e-16,-0.00031261221353638029,-4.8021041190615676e-05,-0.00030890188677812347,-1.6250580658694709e-14,0.00031261221353638029,-1.0208405914369223e-05,1,0,0.019982799999999998,0,0,0,0,0,0,0,0.028266800000000002,425,54,0.22406639004149378,0,0,0,0,0,0,0,0,0,1,20,nan,1,-0.00018871813769312583,0,0.0014595989571560988,-0.0009722226532176137,0.019982799999999998,-2.9166874041058888e-05,-0.0014595989571560988,-0.058308899999999997,0,0,0
639155490558832048,nan,23.82978135477881,0.0036615084082136243,0.00088386716275989929,243,0,0,0,0,4.1610700489032402,-0.45990483902415125,-0.15382761860803465,4.1647075424897739,-0.45948616942727938,-0.15471148577079455,0.0035303922415286597,0.0009710687124881097,-0.00088386716275989929,0,0.1176911927864866,0.031157768549200899,0.0035304415556126319,5.27696970493703e-05,0.0035308359093171159,-0.00093465516205465393,0.0299975,9.1940344226770776e-17,-0.00091811971262774599,-0.00014062975395390254,-0.00090728555538954758,3.0649335520216943e-15,0.00091811971262774599,-5.0787999294754644e-05,1,0,0.0299975,0,0,0,0,0,0,0,0.018358300000000001,424,56,0.23045267489711935,0,0,0,0,0,0,0,0,0,1,20,nan,1,0.0035304377176526703,0,0.0048373554267325683,-0.0072554284706711769,0.0299975,-0.00014510856941341022,-0.0048373554267325683,-0.061001600000000003,0,0,0
639155490559032123,nan,23.307335952412593,0.0052561147369317822,0.00011718063449311922,246,0,0,0,0,4.1647133051428087,-0.45944921934649768,-0.1547272293352015,4.159781027577937,-0.45763279974991355,-0.15461004870070838,-0.0051532841269213547,0.0010346037091620488,0.00011718063449311922,0,-0.25756680434501933,0.0050699522722063668,-0.0051532678379329743,0.001072081586473888,0.0052636041205176851,0.00010143707008616888,0.020007500000000001,-3.9528994769284787e-16,3.7396746379501599e-05,5.7626530347576477e-06,3.6950080781694705e-05,-1.9757088476463719e-14,3.7396746379501599e-05,-1.574356440695035e-05,1,0,0.020007500000000001,0,0,0,0,0,0,0,0.018481399999999999,425,55,0.22357723577235772,0,0,0,0,0,0,0,0,0,1,20,nan,1,-0.005153291948608911,0,0.0022482375404753569,-0.0014993870863690972,0.020007500000000001,-4.4981612591060705e-05,-0.0022482375404753569,-0.040994099999999999,0,0,0
639155490559332154,nan,25.421044054239296,0.0074030013358782785,4.1527242860800451e-05,240,0,0,0,0,4.1600287235422151,-0.4560435165797796,-0.15466124901198458,4.1670023092136432,-0.45852817584460198,-0.15461972176912378,0.0072730976840878507,-0.0013807530035207325,4.1527242860800451e-05,0,0.2424091837033919,0.00032240229894244443,0.0072730269795712376,0.00022734416103448207,0.0072765793346274725,-9.6730684154000546e-06,0.030003100000000001,4.28801959218017e-17,0.0016084695476106167,0.00024769596427809404,0.0015892831701339594,1.4291921808680336e-15,0.001608469547610617,-5.1200311276200505e-05,1,0,0.030003100000000001,0,0,0,0,0,0,0,0.0082769999999999996,424,56,0.23333333333333334,0,0,0,0,0,0,0,0,0,1,20,nan,1,0.0072730103314135267,0,0.0048757162975229832,-0.0073143667541444302,0.030003100000000001,-0.00014628660364621182,-0.0048757162975229832,-0.0777722,0,0,0
639155490559531922,nan,23.203065654470272,0.006833026639028965,0.00036795952320478609,240,0,0,0,0,4.1670256282721017,-0.45837856407612126,-0.15463654748106048,4.1602015070230776,-0.45872730786215521,-0.1542685879578557,-0.0066889790719163065,-0.0013956403638277094,0.00036795952320478609,0,-0.33483854038746458,0.017577079976176562,-0.0066890025536123022,-0.0012441096548880749,0.0068037169250063315,0.00035113381126808396,0.019976799999999999,-1.0812206165111693e-16,0.00015141816190706881,2.3319058458426412e-05,0.00014961176848071744,-5.4123814450320841e-15,0.00015141816190706881,-1.6825711936702126e-05,1,0,0.019976799999999999,0,0,0,0,0,0,0,0.0081683999999999993,425,55,0.22916666666666666,0,0,0,0,0,0,0,0,0,1,20,nan,1,-0.0066889726473504411,0,0.0024064646327874332,-0.0016024487558752298,0.019976799999999999,-4.8073462676267997e-05,-0.0024064646327874332,-0.091299099999999994,0,0,0
639155490559832235,nan,22.134182332349319,0.0035621225141512928,4.5470865210617273e-06,236,0,0,0,0,4.1599146670367126,-0.46057188872891186,-0.1543176705648866,4.1577042206706523,-0.45777856746765422,-0.15432221765140766,-0.0026135288313171943,0.0024203685367516475,-4.5470865210617273e-06,0,-0.087022873807380968,0.0017857932740828848,-0.0026134100301716001,0.00055374676194631196,0.0026714317251555482,-5.3629693551965341e-05,0.0300313,-2.4660178413182798e-16,-0.0018667500506984174,-0.00028683998636491737,-0.001844580866756651,-8.2114921475869503e-15,0.0018667500506984174,-4.9082607030903613e-05,1,0,0.0300313,0,0,0,0,0,0,0,0.038199700000000003,425,52,0.22033898305084745,0,0,0,0,0,0,0,0,0,1,20,nan,1,-0.0026134488513681227,0,0.0046696619889314448,-0.00701180100440979,0.0300313,-0.00014023602008819691,-0.0046696619889314448,-0.061267799999999997,0,0,0
639155490560032659,nan,24.006762582868021,0.0025428121250346777,5.562292315078321e-05,240,0,0,0,0,4.1577610117507593,-0.45741349022561123,-0.1543426397055131,4.1602763531826241,-0.45778625152237845,-0.15439826262866388,0.0025427458795654299,1.8354704475972235e-05,-5.562292315078321e-05,0,0.12686835178800687,0.0037942051478973443,0.0025427462538759487,0.00038777079859047804,0.0025721439897174628,-7.6044977256217727e-05,0.020042399999999998,-1.0049198886225019e-17,0.00036946802221225853,5.6791080107032599e-05,0.00036507724204298819,-5.0139698270791028e-16,0.00036946802221225853,-2.0422054105434517e-05,1,0,0.020042399999999998,0,0,0,0,0,0,0,0.018333800000000001,424,56,0.23333333333333334,0,0,0,0,0,0,0,0,0,1,20,nan,1,0.0025427349398277873,0,0.0029112644202061175,-0.0019449575338512659,0.020042399999999998,-5.8348726015539087e-05,-0.0029112644202061175,-0.041225400000000002,0,0,0
639155490560332731,nan,22.360225177718579,0.0033950212010582983,6.9171105617882311e-05,241,0,0,0,0,4.160365680209611,-0.45721230672692603,-0.15444770408173333,4.1636053662096693,-0.458227493200763,-0.15451687518735122,0.0033572934660605408,-0.00050472719203796578,-6.9171105617882311e-05,0,0.11188209854672466,0.0039528032834565225,0.0033572685075112766,7.5961315502292084e-05,0.0033581277451847826,-0.00011861255868733656,0.030007200000000001,-1.161722627818218e-16,0.00058085449639064073,8.9327026986829594e-05,0.00057394479545241905,-3.8714796042890308e-15,0.00058085449639064073,-4.9441453069454244e-05,1,0,0.030007200000000001,0,0,0,0,0,0,0,0.013391,425,56,0.23236514522821577,0,0,0,0,0,0,0,0,0,1,20,nan,1,0.0033572631339402188,0,0.0047075799969385733,-0.0070630647242069244,0.030007200000000001,-0.00014126129448413516,-0.0047075799969385733,-0.077538200000000002,0,0,0
639155490560532109,nan,22.635958894397387,0.00091799252261351699,0.00033435448203508744,237,0,0,0,0,4.1636131745975691,-0.45817736181033164,-0.15453409236164206,4.1627730772212885,-0.45780729874821807,-0.15486844684367715,-0.0008870462480876876,0.00023634556337677484,-0.00033435448203508744,0,-0.044490474312783468,0.017633422761083626,-0.00088704217875341419,0.00028709669319192891,0.00093234561088114992,-0.00035157165632593307,0.019937799999999999,4.1975564734134108e-17,5.0735857420327522e-05,7.8083878998214118e-06,5.0131390431362721e-05,2.105325799944533e-15,5.0735857420327522e-05,-1.7217174290845572e-05,1,0,0.019937799999999999,0,0,0,0,0,0,0,0.033328799999999999,425,52,0.21940928270042195,0,0,0,0,0,0,0,0,0,1,20,nan,1,-0.00088704923990482181,0,0.0024672695355129528,-0.0016397363506257534,0.019937799999999999,-4.9191926545150144e-05,-0.0024672695355129528,-0.057600400000000003,0,0,0
639155490560831883,nan,26.097018526234677,0.0037032565124247379,0.00011454962945878221,233,0,0,0,0,4.1628395889748724,-0.45738126518087752,-0.15492057067479661,4.1662389671132987,-0.45885039317693699,-0.1550351203042554,0.0035853553041498578,-0.00092700385102798422,-0.00011454962945878221,0,0.11960033159269282,0.0055599705304078496,0.0035853069802867896,-0.00049599656034016149,0.0036194528220108695,-0.00016667346057824828,0.029977400000000001,-3.9750917401465413e-16,0.00043119417188282945,6.6511753583853306e-05,0.00042603356734055575,-1.3260295222889715e-14,0.00043119417188282945,-5.2123831119466058e-05,1,0,0.029977400000000001,0,0,0,0,0,0,0,0.018308399999999999,424,53,0.22746781115879827,0,0,0,0,0,0,0,0,0,1,20,nan,1,0.0035853439035484162,0,0.0049679168897129493,-0.0074462615884840488,0.029977400000000001,-0.00014892523176968098,-0.0049679168897129493,-0.061287599999999998,0,0,0
639155490561031870,nan,22.723281628259631,0.0032885525636819853,0.00045232665413252882,244,0,0,0,0,4.1661879340276844,-0.45917692276357075,-0.15503512030425542,4.1629050963399168,-0.45898313246486616,-0.1545827936501229,-0.0032733877779535271,-0.00031545272109118245,0.00045232665413252882,0,-0.16368002809950083,0.022617802863811199,-0.0032733877779534872,-0.00064594621085237061,0.0033365122586572053,0.00045232665413250106,0.019998700000000001,3.9275223698287398e-17,-0.00033049348976118832,-5.1033085614271556e-05,-0.00032652958663376142,1.9638888376888196e-15,0.00033049348976118826,-2.7755575615628914e-17,1,0,0.019998700000000001,0,0,0,0,0,0,0,0.018280999999999999,424,53,0.21721311475409835,0,0,0,0,0,0,0,0,0,1,20,nan,1,-0.0032733877779534872,0,0,-0.0074462615884840488,0.019998700000000001,0,0,-0.041288900000000003,0,0,0
639155490561332921,nan,23.471056977029701,0.0026221967465199186,0.00011036418542115234,239,0,0,0,0,4.162755724710653,-0.45994171226011854,-0.1545279436309144,4.1653197156578212,-0.45939228874378601,-0.15441757944549325,0.0024488753940196876,0.00093751004369263427,0.00011036418542115234,0,0.081342495719718341,0.005487914161708264,0.0024488239678916927,-3.2503619121402282e-05,0.00244903967117252,0.00016521420462964345,0.030105099999999999,-3.6496955631293293e-16,-0.00097014798226610936,-0.00014937162926376146,-0.00095857979525237891,-1.2123180335323017e-14,0.00097014798226610936,5.4850019208491085e-05,1,0,0.030105099999999999,0,0,0,0,0,0,0,0.0084253000000000002,424,58,0.24267782426778242,0,0,0,0,0,0,0,0,0,1,20,nan,1,0.0024488214134823754,0,0.0052055744905615264,-0.0077406107448041439,0.030105099999999999,0.0001567143405958038,0.0052055744905615264,-0.077688199999999999,0,0,0
639155490561532895,nan,24.79980019153944,0.0011723068910423563,0.00043628155250377554,234,0,0,0,0,4.1653163535858972,-0.45941388801200461,-0.15443960515395164,4.1649098942729905,-0.45831429978283117,-0.15487588670645541,-0.00057076728636474801,0.0010239766362574964,-0.00043628155250377554,0,-0.028540946943863121,0.022918342432624226,-0.00057074473241520833,0.0010021298408017557,0.0011532622283787239,-0.00045830726096215968,0.019997399999999999,2.3444770837167603e-16,-2.185936676120506e-05,-3.3620719239735308e-06,-2.1599268218597256e-05,1.1723909526822289e-14,2.185936676120506e-05,-2.2025708458384141e-05,1,0,0.019997399999999999,0,0,0,0,0,0,0,0.028422699999999999,424,54,0.23076923076923078,0,0,0,0,0,0,0,0,0,1,20,nan,1,-0.00057077626444653872,0,0.0031469388818243954,-0.0020976865198463202,0.019997399999999999,-6.2930595595395156e-05,-0.0031469388818243954,-0.0576908,0,0,0
639155490561832884,nan,23.713478413955478,0.0015221151148279929,0.00028367050323063747,239,0,0,0,0,4.1651417343875545,-0.45682934645864148,-0.15492949767083272,4.164173630837106,-0.45800391443811173,-0.15464582716760208,-0.00077525990161167598,-0.0013098879752638729,0.00028367050323063747,0,-0.025845285155638532,0.0076689324893022002,-0.00077533012485548475,0.00019309610749222863,0.00079901371029355434,0.00023005953885332775,0.029998899999999998,-3.6323483283695612e-16,0.0015029425184427553,0.0002318401145640081,0.0014849533241896862,-1.2108271731195349e-14,0.0015029425184427553,-5.3610964377309729e-05,1,0,0.029998899999999998,0,0,0,0,0,0,0,0.018235299999999999,423,55,0.23012552301255229,0,0,0,0,0,0,0,0,0,1,20,nan,1,-0.00077534491125093199,0,0.0051059933509278949,-0.0076587474904954433,0.029998899999999998,-0.00015317418393515081,-0.0051059933509278949,-0.061333600000000002,0,0,0
639155490562032888,nan,23.211551678362966,0.0010509507634350831,0.00037240215950326561,236,0,0,0,0,4.1641934786943038,-0.45787659524675545,-0.15467383390006598,4.1639244335249934,-0.45889252447856027,-0.15430143174056271,-0.00010932140463279505,-0.0010452494140892386,0.00037240215950326561,0,-0.0054674245820487593,0.017219426963429402,-0.00010935067861080801,-0.00091638940054840335,0.00092289062426167598,0.00034439542703937343,0.020000400000000002,-1.9291005967127239e-16,0.00012885695139556883,1.9847857197774488e-05,0.00012731919135627878,-9.6453100773620717e-15,0.0001288569513955688,-2.8006732463892181e-05,1,0,0.020000400000000002,0,0,0,0,0,0,0,0.018452900000000001,424,53,0.22457627118644069,0,0,0,0,0,0,0,0,0,1,20,nan,1,-0.00010931401413361819,0,0.0040008817629128375,-0.0026673078536987305,0.020000400000000002,-8.0019235610961914e-05,-0.0040008817629128375,-0.0413332,0,0,0
639155490562331895,nan,24.410485123096599,0.0017026758795869381,0.00029844327799102843,239,0,0,0,0,4.1637138860217817,-0.46024619872626621,-0.15435099906746602,4.165149833996197,-0.45933123502988266,-0.15464944234545705,0.001278211266009324,0.00112484714978258,-0.00029844327799102843,0,0.042750404509114569,0.011638878183264565,0.0012782670201056819,-0.00024516665347809358,0.0013015656966390546,-0.00034801060489433877,0.029900699999999999,2.226138110655862e-16,-0.0013699504443631962,-0.0002105475032116999,-0.0013536742477059382,7.445103661974008e-15,0.0013699504443631962,-4.9567326903310338e-05,1,0,0.029900699999999999,0,0,0,0,0,0,0,0.0081562000000000006,422,57,0.2384937238493724,0,0,0,0,0,0,0,0,0,1,20,nan,1,0.0012782843772662007,0,0.0047363752022375845,-0.0070810467004776001,0.029900699999999999,-0.00014162093400954534,-0.0047363752022375845,-0.044397899999999997,0,0,0
639155490562532423,nan,23.586804668968135,0.0031133348637574433,0.00037314359584175727,236,0,0,0,0,4.1651245537004815,-0.45949339814507212,-0.15464944234545705,4.1624201615706093,-0.4579509594325869,-0.15427629874961529,-0.0029097043987984365,0.0011074629950931123,0.00037314359584175727,0,-0.14510215026324502,0.018608054528133591,-0.0029097043987987999,0.00094334118277246979,0.0030588024250519431,0.00037314359584175727,0.020052799999999999,-3.6329920734094745e-16,-0.0001641218123206427,-2.5280295715468526e-05,-0.00016216311518946203,-1.8117131140835566e-14,0.0001641218123206427,0,1,0,0.020052799999999999,0,0,0,0,0,0,0,0.0082470000000000009,422,53,0.22457627118644069,0,0,0,0,0,0,0,0,0,1,20,nan,1,-0.0029097043987987999,0,0,-0.0070810467004776001,0.020052799999999999,0,0,-0.057826900000000001,0,0,0
639155490562832606,nan,23.330991391678811,0.0018342849521640245,0.00029302480168774681,234,0,0,0,0,4.1626374089041072,-0.45655397873335857,-0.15421211851074437,4.1620901368392085,-0.4583047198829055,-0.15391909370905663,-0.00027186084040215587,-0.0018140267278050817,0.00029302480168774681,0,-0.0090526250711704202,0.011899575943963077,-0.00027174441517391503,-0.00040027209791293039,0.00048380035091536642,0.00035720504055866686,0.030018300000000001,-2.9948374509480846e-16,0.0014137720742497344,0.00021724733349781644,0.001396980699228334,-9.9767057126755499e-15,0.0014137720742497344,6.4180238870920059e-05,1,0,0.030018300000000001,0,0,0,0,0,0,0,0.0183841,422,50,0.21367521367521367,0,0,0,0,0,0,0,0,0,1,20,nan,1,-0.00027178111340147291,0,0.0061086774087717143,-0.0071925590746104717,0.030018300000000001,0.00018337211105973195,0.0061086774087717143,-0.061335599999999997,0,0,0
639155490563032638,nan,22.933357149281886,0.0006841130339859334,0.00032836916658232623,237,0,0,0,0,4.162049254130296,-0.4585682306983892,-0.15393621694767168,4.1614228866627938,-0.45829314082412209,-0.154264586114254,-0.00066114004706174898,0.00017579670486282504,-0.00032836916658232623,0,-0.03305156358760749,0.017271856762786877,-0.00066113703675563012,-9.0855330926153054e-05,0.0006673506368676936,-0.00034549240519737845,0.020003199999999999,2.6900411152080972e-16,-0.00026666335662198909,-4.0882708912448606e-05,-0.00026351081548370292,1.3448053887418501e-14,0.00026666335662198909,-1.7123238615052161e-05,1,0,0.020003199999999999,0,0,0,0,0,0,0,0.0033121000000000001,423,55,0.2320675105485232,0,0,0,0,0,0,0,0,0,1,20,nan,1,-0.00066113481407566687,0,0.0024457856193113355,-0.0016307900659739971,0.020003199999999999,-4.8923538900208507e-05,-0.0024457856193113355,-0.074203599999999995,0,0,0
639155490563331919,nan,22.683824958124674,0.0023726410550964656,8.3579123534127664e-05,240,0,0,0,0,4.1614019473278114,-0.45842779887931828,-0.15431412177060194,4.1637733176244893,-0.45850544224582884,-0.15439770089413607,0.0023551257128884406,0.00028776457881571154,-8.3579123534127664e-05,0,0.078693267016836238,0.0044478192695849485,0.0023551399646065765,0.00015137155105417817,0.0023599994913888465,-0.0001331147798820653,0.029928099999999999,3.3803052045845716e-16,-0.00013627636471055555,-2.093933498237277e-05,-0.00013465805519619067,1.1294753775163047e-14,0.00013627636471055557,-4.9535656347937662e-05,1,0,0.029928099999999999,0,0,0,0,0,0,0,0.0081598,422,53,0.22083333333333333,0,0,0,0,0,0,0,0,0,1,20,nan,1,0.0023551292468680283,0,0.0047290154305886121,-0.0070765223354101181,0.029928099999999999,-0.00014153044670819903,-0.0047290154305886121,-0.044275500000000002,0,0,0
639155490563532616,nan,19.895151415035425,0.00048715569851553293,0.00019348867458413022,230,0,0,0,0,4.1637889605681355,-0.45840493269587695,-0.15443022180944058,4.1633070902003766,-0.45847649821321618,-0.15423673313485645,-0.00046512778662343227,-0.00014483375541269258,0.00019348867458413022,0,-0.023175856963672473,0.0080204367419355171,-0.00046513249650381743,-4.3099057005941202e-05,0.00046712500256213544,0.00016096775927962326,0.020069699999999999,-5.4816584214509301e-17,0.00010171957194881068,1.5642943646199114e-05,0.00010050954995188821,-2.7313105933077873e-15,0.00010171957194881068,-3.2520915304506959e-05,1,0,0.020069699999999999,0,0,0,0,0,0,0,0.0081346999999999999,422,48,0.20869565217391303,0,0,0,0,0,0,0,0,0,1,20,nan,1,-0.00046513049368644634,0,0.004629710502402698,-0.0030972093809396029,0.020069699999999999,-9.2916900870071428e-05,-0.004629710502402698,-0.057586199999999997,0,0,0
639155490563832617,nan,23.796438932286613,0.0019065132406957568,8.1692826677803865e-05,243,0,0,0,0,4.1632972101531056,-0.4585400471302401,-0.15421578644101694,4.1615306566201813,-0.45782305246341137,-0.15429747926769474,-0.0018557227325977418,0.00043713370571051458,-8.1692826677803865e-05,0,-0.061857523431478677,0.0020248643450620609,-0.0018557318886967033,0.00037278247015870916,0.0018928041665168278,-6.0746132838296329e-05,0.030000099999999998,-1.7375525660206365e-16,-6.4312364199978176e-05,-9.8800472709825726e-06,-6.3548917023925622e-05,-5.7918225806601865e-15,6.4312364199978163e-05,2.0946693839507535e-05,1,0,0.030000099999999998,0,0,0,0,0,0,0,0.038134800000000003,422,56,0.23045267489711935,0,0,0,0,0,0,0,0,0,1,20,nan,1,-0.001855720732779758,0,0.001994916573087935,0.00598476966843009,0.030000099999999998,5.9847696684295348e-05,0.001994916573087935,-0.027586099999999999,0,0,0
639155490564001304,nan,21.961343027086777,0.0054449524050579883,0.00084639271305342323,232,0,0,0,0,4.1615628611709603,-0.45761599417480908,-0.1543101857542612,4.1669509597737742,-0.45683120111947406,-0.15515657846731462,0.005203454550190739,0.0016036107499783282,-0.00084639271305342323,0,0.30846923153708028,0.050928595542032176,0.005203474926029546,0.0018130924023614849,0.0055103044711993119,-0.00085909919961987824,0.0168687,4.1531719469772854e-16,0.0002095477701379513,3.220455077901363e-05,0.00020705828860229092,2.4620580998993909e-14,0.00020954777013795127,-1.2706486566455011e-05,1,0,0.0168687,0,0,0,0,0,0,0,0.0154591,422,54,0.23275862068965517,0,0,0,0,0,0,0,0,0,1,20,nan,1,0.0052034420136947701,0,0.0021521662803135177,-0.001210141577757895,0.0168687,-3.6304247332724637e-05,-0.0021521662803135177,-0.044156800000000003,0,0,0
639155490564287379,nan,21.017048655706123,0.0078465001159046064,0.0011223203838271745,238,0,0,0,0,4.1674272962342336,-0.45378583917334486,-0.15515657846731462,4.1609843765512782,-0.45826427082157584,-0.15403425808348745,-0.00567344958508177,-0.0054202890950969095,0.0011223203838271745,0,-0.19832035602838102,0.039231683433616167,-0.0056734495850819106,-0.0023378994690932747,0.0061362695607390582,0.0011223203838271745,0.028607500000000001,-1.4029576111962427e-16,0.0030823896260036344,0.00047633646045941447,0.0030453619461291992,-4.9041601370138692e-15,0.0030823896260036344,0,1,0,0.028607500000000001,0,0,0,0,0,0,0,0.0038116999999999999,421,57,0.23949579831932774,0,0,0,0,0,0,0,0,0,1,20,nan,1,-0.0056734495850819106,0,0,-0.001210141577757895,0.028607500000000001,0,0,-0.082278699999999996,0,0,0
639155490564532521,nan,21.596292249610059,0.00275864042239781,0.00055112126908316028,240,0,0,0,0,4.1606778433589415,-0.46023853958099958,-0.1539748396005956,4.1633814670019982,-0.4596903460232189,-0.15452596086967876,0.0025875629352199911,0.00095635507859940377,-0.00055112126908316028,0,0.10555131741948054,0.020057876095949171,0.00258750610548463,-0.0010414150295411113,0.002789217293377185,-0.00049170278619131713,0.0245142,2.496375502147874e-16,-0.00199792385551619,-0.00030653319233664433,-0.0019742687594237474,1.018338555672987e-14,0.0019979238555161895,5.941848289184315e-05,1,0,0.0245142,0,0,0,0,0,0,0,0.028325900000000001,421,58,0.24166666666666667,0,0,0,0,0,0,0,0,0,1,20,nan,1,0.0025874176971613706,0,0.0069252553204585876,-0.003169133560732007,0.0245142,0.00016976709397678591,0.0069252553204585876,-0.057764500000000003,0,0,0
639155490564832632,nan,22.455540991374889,0.0022687800951854066,0.00041063861512055655,242,0,0,0,0,4.1631854793143637,-0.46094855046004968,-0.15457511866331239,4.1646212554811139,-0.45919187464496558,-0.15416448004819183,0.0011481991260320274,0.0019567835565766573,0.00041063861512055655,0,0.038262353456123506,0.012044904101713411,0.0011482953158070681,0.0006833498778674752,0.0013362444341833374,0.00036148082148693134,0.030011099999999999,1.2473745994445729e-16,-0.001273377233409244,-0.00019598768763451346,-0.0012582044368307788,4.1563774718173371e-15,0.0012733772334092442,-4.9157793633625151e-05,1,0,0.030011099999999999,0,0,0,0,0,0,0,0.0181586,420,59,0.24380165289256198,0,0,0,0,0,0,0,0,0,1,20,nan,1,0.001148247324443813,0,0.0046799630454483305,-0.0070225419476628304,0.030011099999999999,-0.00014045083895325439,-0.0046799630454483305,-0.061054200000000003,0,0,0
639155490565032418,nan,23.402441521088825,0.0019144937609398818,0.00027428355386754921,242,0,0,0,0,4.1646910666668724,-0.45874263207458377,-0.15420119536605864,4.1628238772807116,-0.45916558615824549,-0.15392691181219109,-0.0017800724506518311,-0.00070471868934214978,0.00027428355386754921,0,-0.089100253442335395,0.011891135314823876,-0.0017800983234230417,-0.00025001887681172622,0.0017975704380679277,0.00023756823600074028,0.019978599999999999,-3.1250772369179058e-16,0.00045463445612960109,6.9811185758439365e-05,0.0004492425703818137,-1.5642123256473955e-14,0.00045463445612960109,-3.6715317866808928e-05,1,0,0.019978599999999999,0,0,0,0,0,0,0,0.018291000000000002,420,55,0.22727272727272727,0,0,0,0,0,0,0,0,0,1,20,nan,1,-0.0017800852073708569,0,0.0052506636196111688,-0.0034966969396919012,0.019978599999999999,-0.0001049009081907637,-0.0052506636196111688,-0.041075599999999997,0,0,0
639155490565332666,nan,24.618565949994323,0.00079819103582343901,0.00066857336080297647,234,0,0,0,0,4.1627663662890173,-0.45953625597696479,-0.15398001019741336,4.1627519376283768,-0.45873819536308824,-0.15464858355821634,-0.0001366583056460271,0.00078640538983837816,-0.00066857336080297647,0,-0.0045501235178009719,0.024035855227187146,-0.00013661654859727063,0.00041130782148235222,0.00043340305186187711,-0.00072167174602524864,0.030024800000000001,-2.0425013676911297e-16,-0.00037510482358276868,-5.7510991694265101e-05,-0.00037066981871930471,-6.8027143151365854e-15,0.00037510482358276873,-5.3098385222272171e-05,1,0,0.030024800000000001,0,0,0,0,0,0,0,0.013293299999999999,421,50,0.21367521367521367,0,0,0,0,0,0,0,0,0,1,20,nan,1,-0.00013664774789155502,0,0.0050528120774692613,-0.0075854836031794548,0.030024800000000001,-0.00015170967206359909,-0.0050528120774692613,-0.077805600000000003,0,0,0
639155490565531778,nan,22.118956459999566,0.0028683723856957168,7.3312916071488488e-05,241,0,0,0,0,4.1627939419045363,-0.45846875299636963,-0.15467814817419223,4.1656618325897687,-0.45841618722253424,-0.15460483525812074,0.0028255530242149453,0.00049377145560624679,7.3312916071488488e-05,0,0.14190845459556067,0.0021971704415403078,0.002825567621143128,0.00076638472535977404,0.0029276574131747745,4.3748300095597381e-05,0.0199112,-4.1999959283015031e-16,0.00027269680635939007,4.2004276159524068e-05,0.00026944236671860855,-2.1093635382606286e-14,0.00027269680635939013,-2.9564615975891106e-05,1,0,0.0199112,0,0,0,0,0,0,0,0.0078103000000000001,421,53,0.21991701244813278,0,0,0,0,0,0,0,0,0,1,20,nan,1,0.0028255352502371506,0,0.0042423526135820068,-0.0028156870976090431,0.0199112,-8.4470331359554063e-05,-0.0042423526135820068,-0.057894399999999999,0,0,0
639155490565831771,nan,23.778547685894154,0.0030490485658904395,0.00056707287062696121,242,0,0,0,0,4.1658396122333272,-0.45727546667226521,-0.15465605617852329,4.163208968956849,-0.45881702857795648,-0.15408898330789633,-0.0023617828071688784,-0.0019283877019209696,0.00056707287062696121,0,-0.078731222990645264,0.017195466235025842,-0.0023618815778632643,-0.00077377594048090798,0.0024854001275281565,0.00051585195022441077,0.0299993,3.900959416602845e-16,0.0011544907862212983,0.00017777964355847331,0.0011407205502690365,1.3003501470377125e-14,0.0011544907862212981,-5.1220920402550441e-05,1,0,0.0299993,0,0,0,0,0,0,0,0.0182948,422,54,0.2231404958677686,0,0,0,0,0,0,0,0,0,1,20,nan,1,-0.0023618249522318955,0,0.0048782967224054426,-0.0073172743432223797,0.0299993,-0.00014634548686445759,-0.0048782967224054426,-0.061176599999999998,0,0,0
639155490566032455,nan,22.890050762969747,0.0011706302963962357,0.00049891986990674431,233,0,0,0,0,4.163129648713503,-0.45932771706383085,-0.1541239711497,4.1642588020801039,-0.45901886764172589,-0.15462289101960675,0.0010683559576262227,0.00047852987226012882,-0.00049891986990674431,0,0.053236565929530119,0.026604398542505278,0.0010683726997001823,-3.8319301687396321e-05,0.001069059677635662,-0.00053390771171041296,0.0200684,4.0756514916445719e-16,-0.00051681179418540141,-7.9320243346003849e-05,-0.00051068848587437765,2.0308801357579934e-14,0.00051681179418540141,-3.4987841803668651e-05,1,0,0.0200684,0,0,0,0,0,0,0,0.0383632,422,51,0.21888412017167383,0,0,0,0,0,0,0,0,0,1,20,nan,1,0.0010683746136651655,0,0.0049812273173800064,-0.003332153195515275,0.0200684,-9.9965262296108914e-05,-0.0049812273173800064,-0.041108199999999998,0,0,0
639155490566332530,nan,25.899615380804569,0.0013909507752008399,0.00010537161097590175,241,0,0,0,0,4.1642501092127491,-0.45907463868298443,-0.1546762905586937,4.163402637333725,-0.45797167201381661,-0.15457091894771779,-0.0010072776310553926,0.00095923710989893082,0.00010537161097590175,0,-0.03356582210447568,0.0017319694039473624,-0.0010072264068000539,0.00090284645510690204,0.0013526406603582663,5.1972071888950477e-05,0.030007499999999999,-3.1212994699731517e-16,-5.6444441585596706e-05,-8.692867354831435e-06,-5.5771041258534382e-05,-1.0401731133793724e-14,5.6444441585596699e-05,-5.3399539086951275e-05,1,0,0.030007499999999999,0,0,0,0,0,0,0,0.0081469000000000003,421,54,0.22406639004149378,0,0,0,0,0,0,0,0,0,1,20,nan,1,-0.0010072952775614971,0,0.0050843992894125554,-0.0076285055838525295,0.030007499999999999,-0.00015257011167704726,-0.0050843992894125554,-0.077629500000000004,0,0,0
639155490566533291,nan,22.854460184435091,0.0028104510864779865,8.1882982017833505e-05,237,0,0,0,0,4.1634956379119359,-0.457374802081427,-0.15459840850418313,4.1661466217874086,-0.45830803292182454,-0.15468029148620097,0.0027630687542826919,-0.00051389334359571901,-8.1882982017833505e-05,0,0.13762905278111917,0.0054478976735108505,0.0027630546265390264,9.0102570743634536e-05,0.0027645233481548548,-0.00010937253848317119,0.0200761,4.1043828492154377e-16,0.00060407186967971396,9.3000578210933327e-05,0.00059686993238960984,2.0444124352914349e-14,0.00060407186967971396,-2.7489556465337683e-05,1,0,0.0200761,0,0,0,0,0,0,0,0.028223000000000002,421,54,0.22784810126582278,0,0,0,0,0,0,0,0,0,1,20,nan,1,0.0027630510860088622,0,0.0039121935983999845,-0.0026180529966950417,0.0200761,-7.8541589900837927e-05,-0.0039121935983999845,-0.057553399999999998,0,0,0
639155490566833102,nan,21.246239576481042,0.0011664018634979876,0.00032106385185906578,237,0,0,0,0,4.1661674216922355,-0.45817463678387721,-0.1547332688926937,4.1650457777957675,-0.45849464971594012,-0.15441220504083464,-0.0010589239583641975,-0.00048905353242142838,0.00032106385185906578,0,-0.035320580821463707,0.00894184820991651,-0.0010589498656663856,-0.00035398941196521143,0.0011165497399481727,0.00026808644536632786,0.0299811,-4.0722633598555547e-16,0.00013500802072496587,2.0799904826951376e-05,0.00013339613794732808,-1.3582768343574968e-14,0.00013500802072496587,-5.2977406492737966e-05,1,0,0.0299811,0,0,0,0,0,0,0,0.0179414,420,53,0.22362869198312235,0,0,0,0,0,0,0,0,0,1,20,nan,1,-0.0010589230720037424,0,0.0050486479332195345,-0.0075682387687265873,0.0299811,-0.00015136401855064818,-0.0050486479332195345,-0.060961899999999999,0,0,0
639155490567033482,nan,23.791434070858529,0.00024839788312446421,0.00012693728856680297,237,0,0,0,0,4.1650094195382428,-0.45872823767792698,-0.15444761863970927,4.1648392333048818,-0.45854730079855982,-0.15457455592827607,-0.00019599474939219997,0.00015260264267503269,-0.00012693728856680297,0,-0.009780883574255746,0.0081021502865271725,-0.00019598934506093665,-8.3791048679560259e-05,0.00021314962635725013,-0.00016235088744143147,0.020038,-4.112311077601738e-16,-0.00023640063213833674,-3.6358257524682358e-05,-0.00023358796198685861,-2.0522562519222167e-14,0.00023640063213833677,-3.5413598874628471e-05,1,0,0.020038,0,0,0,0,0,0,0,0.018413499999999999,420,53,0.22362869198312235,0,0,0,0,0,0,0,0,0,1,20,nan,1,-0.00019598510574928864,0,0.0050494915196245237,-0.0033727237023413181,0.020038,-0.00010118171107023621,-0.0050494915196245237,-0.040923899999999999,0,0,0
639155490567332738,nan,22.40525043566678,0.00049500881444561264,3.3619997857503581e-05,248,0,0,0,0,4.1648199599118811,-0.45867099286551521,-0.15462915592679494,4.1643834327393758,-0.45890439756564649,-0.15459553592893743,-0.00039537132262836,-0.00029785104267393819,3.3619997857503581e-05,0,-0.013212352791773411,0.00070107201397344172,-0.00039538758470549439,-0.00042301408302807344,0.00057902699123557817,-2.0980000661363629e-05,0.0299256,1.3799860776667061e-17,-0.00012518462807172516,-1.9273393000673877e-05,-0.00012369206695539425,4.6113898390231309e-16,0.00012518462807172516,-5.459999851886721e-05,1,0,0.0299256,0,0,0,0,0,0,0,0.0082433000000000003,420,57,0.22983870967741934,0,0,0,0,0,0,0,0,0,1,20,nan,1,-0.00039535458840517777,0,0.005212927920177678,-0.007799999788403511,0.0299256,-0.00015599999576806911,-0.005212927920177678,-0.077607899999999994,0,0,0
639155490567532556,nan,23.482743214481957,0.0005486796143730965,0.00044031639182443011,237,0,0,0,0,4.1643399396027903,-0.45918348771444167,-0.1546335423043648,4.1647901910043021,-0.45949705269122509,-0.15419322591254037,0.00049317367727012428,-0.00024047670006982635,0.00044031639182443011,0,0.024680686287827887,0.020133822598417919,0.00049316453726611933,-0.0005229542266236535,0.00071881317736978716,0.0004023100163970672,0.019981800000000001,-7.18148414000086e-17,-0.00028245878298358489,-4.3493136585581738e-05,-0.00027909014879518024,-3.5940126214859817e-15,0.00028245878298358489,-3.8006375427362959e-05,1,0,0.019981800000000001,0,0,0,0,0,0,0,0.028225099999999999,420,55,0.2320675105485232,0,0,0,0,0,0,0,0,0,1,20,nan,1,0.00049319293024586779,0,0.0054344275329635946,-0.0036196548026055098,0.019981800000000001,-0.00010858964407817195,-0.0054344275329635946,-0.0576261,0,0,0
639155490567832797,nan,22.624673790938029,0.0035829285571206911,0.00018998623295404801,243,0,0,0,0,4.164669463348992,-0.46027380112342653,-0.15424106759510486,4.1617072934955592,-0.45825813081188127,-0.15443105382805891,-0.0032366720635680392,0.0015366622915752083,-0.00018998623295404801,0,-0.10780001876341457,0.0079212337928046429,-0.0032365985433546354,0.00075074252689236013,0.003322526820438034,-0.00023782791551854587,0.030024100000000001,-2.2106882296979435e-16,-0.00078607461076164275,-0.00012072765531012664,-0.00077674843220143508,-7.3630457855454227e-15,0.00078607461076164275,-4.7841682564497834e-05,1,0,0.030024100000000001,0,0,0,0,0,0,0,0.0181107,420,58,0.23868312757201646,0,0,0,0,0,0,0,0,0,1,20,nan,1,-0.0032366498454891976,0,0.0045526933900691645,-0.0068345260806381702,0.030024100000000001,-0.00013669052161277562,-0.0045526933900691645,-0.060932600000000003,0,0,0
639155490568032373,nan,24.635046403329955,0.0067227385623833159,0.00061891711444025943,243,0,0,0,0,4.1617839750339636,-0.4577655422184409,-0.15446974142092601,4.1685062363800904,-0.45784564323294408,-0.15508865853536627,0.0066545451184165149,0.00095511415292341901,-0.00061891711444025943,0,0.33343598751872261,0.032950089555224958,0.0066545820645036577,0.0014533780983216832,0.0068114440722870876,-0.00065760470730735765,0.019957599999999999,-3.1075944768865771e-16,0.00049852139444523085,7.6681538404343996e-05,0.00049258859344036843,-1.5570982868113286e-14,0.00049852139444523085,-3.8687592867098219e-05,1,0,0.019957599999999999,0,0,0,0,0,0,0,0.018210199999999999,420,55,0.22633744855967078,0,0,0,0,0,0,0,0,0,1,20,nan,1,0.0066545017290543908,0,0.0055385406872662784,-0.0036845449358224869,0.019957599999999999,-0.00011053597962018546,-0.0055385406872662784,-0.040974999999999998,0,0,0
639155490568332728,nan,23.894438946481895,0.0072774307388737665,0.0011602299121883652,238,0,0,0,0,4.1688451183153923,-0.45567810508557233,-0.15514271237000576,4.1625753477527043,-0.45937282770714438,-0.1539824824578174,-0.0056235548122206581,-0.0046191589529972496,0.0011602299121883652,0,-0.18723858391765857,0.036828954988226283,-0.0056238044872588345,-0.002424985653108851,0.0061243556664106599,0.0011061760775488705,0.0300355,4.2197148553135833e-16,0.0021938693184384724,0.00033888193530184907,0.0021675381473717503,1.4049091426190952e-14,0.002193869318438472,-5.4053834639494751e-05,1,0,0.0300355,0,0,0,0,0,0,0,0.0084562999999999999,420,52,0.21848739495798319,0,0,0,0,0,0,0,0,0,1,20,nan,1,-0.0056236172136726716,0,0.0051418996701038996,-0.0077219763770699501,0.0300355,-0.00015443952754140566,-0.0051418996701038996,-0.044226000000000001,0,0,0
639155490568532367,nan,25.295251116893464,0.0029023818973255167,0.00018104401800042577,244,0,0,0,0,4.162328767888356,-0.46096150143369702,-0.15401957033450112,4.159788828093494,-0.45955703480312182,-0.15420061435250154,-0.0027253341619646403,0.000998185545653392,-0.00018104401800042577,0,-0.13651125979933601,0.010926316735915459,-0.002725297139507964,-0.0006094091948465768,0.0027926016660766075,-0.00021813189468414262,0.0199639,-1.030534164947472e-16,-0.0016076958166707589,-0.00024657986434828416,-0.0015886737265526363,-5.1619882134626604e-15,0.0016076958166707591,-3.7087876683716825e-05,1,0,0.0199639,0,0,0,0,0,0,0,0.0082760000000000004,420,57,0.23360655737704919,0,0,0,0,0,0,0,0,0,1,20,nan,1,-0.0027252648475498452,0,0.0053078487646845713,-0.0035321551840752363,0.0199639,-0.00010596536195328632,-0.0053078487646845713,-0.057941100000000002,0,0,0
639155490568832193,nan,21.354742655028009,0.0031269917122598544,0.00015101720392177165,235,0,0,0,0,4.159648119706981,-0.46046229298602043,-0.15424740171458162,4.1619832133484689,-0.4583825298134393,-0.15439841891850339,0.0019878426027082792,0.0024138266208242444,-0.00015101720392177165,0,0.066303640682012624,0.006597311974340196,0.0019879555371125116,0.0014976052218471471,0.0024889332289236162,-0.00019780456600185237,0.029982600000000002,-8.2724625760643988e-17,-0.00091612839042351773,-0.00014070838651303319,-0.00090525818289860505,-2.7590877962766401e-15,0.00091612839042351773,-4.6787362080080712e-05,1,0,0.029982600000000002,0,0,0,0,0,0,0,0.0184233,420,51,0.21702127659574469,0,0,0,0,0,0,0,0,0,1,20,nan,1,0.0019878554341037874,0,0.0044585251903309113,-0.0066839088685810566,0.029982600000000002,-0.00013367817737161558,-0.0044585251903309113,-0.0609559,0,0,0
639155490569032614,nan,24.543485901743715,0.0015365255779836631,4.6050240513489937e-05,245,0,0,0,0,4.1621372064440783,-0.45739309304566822,-0.15443602268492801,4.163653812509204,-0.45763970386258818,-0.1544820729254415,0.0015364904686658216,-1.0387083186040651e-05,-4.6050240513489937e-05,0,0.076663127964932229,0.0041739142573934528,0.0015364900769859681,0.00099090372510668477,0.0018283030244209111,-8.3654006938105319e-05,0.0200421,-7.1747078764228256e-17,0.0010013485861140653,0.00015399309560937269,0.00098943676777107914,-3.5798184204363941e-15,0.0010013485861140655,-3.7603766424615381e-05,1,0,0.0200421,0,0,0,0,0,0,0,0.0033194000000000001,421,53,0.21632653061224491,0,0,0,0,0,0,0,0,0,1,20,nan,1,0.0015364368437515213,0,0.0053606823956397374,-0.0035813110880553722,0.0200421,-0.00010743933264165118,-0.0053606823956397374,-0.074316499999999994,0,0,0
639155490569332638,nan,21.192505587055759,0.0022924397181783994,0.00010468084880591033,240,0,0,0,0,4.1638820830610532,-0.45617382641981674,-0.15453395248459362,4.1619550606816045,-0.45741554483016006,-0.15442927163578771,-0.0017129339418528215,-0.0015235278705459957,0.00010468084880591033,0,-0.057095864980867883,0.0017599021962840362,-0.0017130129795019905,-3.9894556638981525e-05,0.0017134774709904148,5.2801289653792161e-05,0.030002399999999999,-9.597899731927928e-17,0.001483544445599015,0.00022827055184926337,0.0014658774427714349,-3.1990439871236728e-15,0.001483544445599015,-5.1879559152118164e-05,1,0,0.030002399999999999,0,0,0,0,0,0,0,0.0085345999999999998,421,51,0.21249999999999999,0,0,0,0,0,0,0,0,0,1,20,nan,1,-0.0017130100180659008,0,0.0049405151542305271,-0.0074114026501774788,0.030002399999999999,-0.00014822731186328597,-0.0049405151542305271,-0.077957499999999999,0,0,0
639155490569532222,nan,24.949404332619196,0.0026916824253076072,0.00052903786863381375,232,0,0,0,0,4.1619509878199565,-0.45744170847733751,-0.15447489834828504,4.1595589405475328,-0.45867591434557836,-0.15394586047965123,-0.0021736673891379378,-0.0015875529471825831,0.00052903786863381375,0,-0.10891353122981369,0.024220937356525661,-0.0021737398216971136,-0.0016139325264296154,0.0027073830560708032,0.00048341115613648178,0.019958400000000001,1.2697362692520864e-16,-2.6478758196508411e-05,-4.0728616479412949e-06,-2.6163647177446236e-05,6.361914127645935e-15,2.6478758196508411e-05,-4.5626712497331967e-05,1,0,0.019958400000000001,0,0,0,0,0,0,0,0.028493000000000001,421,52,0.22413793103448276,0,0,0,0,0,0,0,0,0,1,20,nan,1,-0.0021736346193147313,0,0.0065316876957384898,-0.0043454011902213097,0.019958400000000001,-0.00013036203570662708,-0.0065316876957384898,-0.057999099999999998,0,0,0
639155490569832531,nan,23.042026077886231,0.0058083749469820646,0.00049111223798584125,243,0,0,0,0,4.159186809130091,-0.46107407566194647,-0.15399729173087542,4.1642965562183143,-0.45831224579406499,-0.15448840396886127,0.0046256422386171288,0.0035129266153806874,-0.00049111223798584125,0,0.15403544038675032,0.018066174813609982,0.0046258229067104601,0.0010858266413874167,0.0047515531207589258,-0.00054254348921004003,0.030030899999999999,-6.3480037199026285e-17,-0.0024268620667791778,-0.00037213141744185663,-0.0023981613163681081,-2.1138240012462592e-15,0.0024268620667791778,-5.1431251224198782e-05,1,0,0.030030899999999999,0,0,0,0,0,0,0,0.0184373,421,56,0.23045267489711935,0,0,0,0,0,0,0,0,0,1,20,nan,1,0.004625743115049312,0,0.0048931744326325584,-0.0073473216034471989,0.030030899999999999,-0.00014694643206894509,-0.0048931744326325584,-0.060967599999999997,0,0,0
639155490570031635,nan,21.116205325846614,0.0026931153253573386,0.00030787586694233648,240,0,0,0,0,4.164407586563958,-0.45759927558998043,-0.15448840396886127,4.1668221344557388,-0.45879209939673971,-0.1547962798358036,0.0025693368536892484,-0.0008070801000822622,-0.00030787586694233648,0,0.12904496412372615,0.015463067891269711,0.0025693368536890376,-8.5516347135821606e-05,0.0025707595985140531,-0.00030787586694233648,0.019910400000000002,-2.1120258320017626e-16,0.00072156375294644059,0.00011103034564374781,0.00071297020408456202,-1.0607651438453082e-14,0.0007215637529464407,0,1,0,0.019910400000000002,0,0,0,0,0,0,0,0.017942099999999999,420,53,0.22083333333333333,0,0,0,0,0,0,0,0,0,1,20,nan,1,0.0025693368536890376,0,0,-0.0073473216034471989,0.019910400000000002,0,0,-0.041057200000000002,0,0,0
639155490570332224,nan,24.335060504718168,0.0041076023166834712,0.00085726045374426285,236,0,0,0,0,4.1668024133637669,-0.4589184804802372,-0.15472168485080842,4.1627778974071203,-0.45974047081273556,-0.15386442439706416,-0.003849768021087851,-0.001432369706407096,0.00085726045374426285,0,-0.12807059349410752,0.031000982695289676,-0.0038496611627800281,-0.001560567390367735,0.0041539453111585425,0.00093185543873944288,0.0300589,3.185182694855071e-16,-0.00012791051455828469,-1.9721091971902638e-05,-0.00012638108349749544,1.0596471244307247e-14,0.00012791051455828467,7.4594984995179914e-05,1,0,0.0300589,0,0,0,0,0,0,0,0.0081030000000000008,420,52,0.22033898305084745,0,0,0,0,0,0,0,0,0,1,20,nan,1,-0.0038498274416372603,0,0.0070903635381777859,-0.0066310488618910313,0.0300589,0.00021312852855773223,0.0070903635381777859,-0.078047599999999995,0,0,0
639155490570532704,nan,21.519196930721517,0.0040420309331668219,0.00081401436858363763,245,0,0,0,0,4.1626187483409733,-0.46076664153360147,-0.1539072294059286,4.1663125683332405,-0.45912538959395144,-0.15472124377451224,0.0033985532446616871,0.0021881156066069652,-0.00081401436858363763,0,0.16952548403112033,0.042738396720275414,0.0033986469038559007,0.0011495315065585133,0.0035877881015550493,-0.00085681937744808145,0.020048,-1.6368742299099903e-16,-0.0010384386229421244,-0.00015914906614700186,-0.0010261707208659154,-8.1647756878989937e-15,0.0010384386229421241,-4.2805008864443828e-05,1,0,0.020048,0,0,0,0,0,0,0,0.028150999999999999,420,56,0.22857142857142856,0,0,0,0,0,0,0,0,0,1,20,nan,1,0.0033985766036354402,0,0.0061003604013788702,-0.004076681099832058,0.020048,-0.00012230002532684359,-0.0061003604013788702,-0.057999599999999998,0,0,0
639155490570832529,nan,23.265330893614109,0.00180066937663187,0.0007258798724428529,237,0,0,0,0,4.1665781708034038,-0.45742245802306253,-0.15477023219130318,4.1654814354747716,-0.45885059730999145,-0.15404435231886032,-0.00086347395265676653,-0.0015801338351617903,0.0007258798724428529,0,-0.028801846406255993,0.022576217982220224,-0.00086355135987557026,0.00014342829779272255,0.00087538141844036455,0.00067689145565191788,0.029982499999999999,-4.2825985813177425e-17,0.0017235198308365948,0.0002656024701632731,0.0017029315708889103,-1.428366073982404e-15,0.0017235198308365948,-4.8988416790934908e-05,1,0,0.029982499999999999,0,0,0,0,0,0,0,0.0181459,420,51,0.21518987341772153,0,0,0,0,0,0,0,0,0,1,20,nan,1,-0.0008635613953683355,0,0.004668286671125765,-0.0069983452558517456,0.029982499999999999,-0.00013996690511702825,-0.004668286671125765,-0.0610565,0,0,0
639155490571032220,nan,21.470476403232482,0.00049808427705068598,0.00036398267240939086,235,0,0,0,0,4.1654961524493483,-0.45875581694207035,-0.1540822818308463,4.1650495463419421,-0.45897634116267338,-0.15444626450325569,-0.00040747048811594453,-0.0002864537455849694,-0.00036398267240939086,0,-0.020405594286848471,0.020126704978960713,-0.00040748135287350582,-0.00019052214203035145,0.00044982189758109375,-0.00040191218439536436,0.0199691,1.0940108140147092e-16,9.5916148191805718e-05,1.4716974576778341e-05,9.4780367921099007e-05,5.478518380972148e-15,9.5916148191805704e-05,-3.792951198597349e-05,1,0,0.0199691,0,0,0,0,0,0,0,0.018135800000000001,420,54,0.22978723404255319,0,0,0,0,0,0,0,0,0,1,20,nan,1,-0.0004074710288297968,0,0.0054268862515359914,-0.0036123103927820921,0.0199691,-0.00010837003424554736,-0.0054268862515359914,-0.041087400000000003,0,0,0
639155490571332449,nan,25.047198182095155,0.00042223356928552404,0.00020887151780435434,247,0,0,0,0,4.165005443946983,-0.45925961877061872,-0.15449588905946557,4.1646292069122284,-0.45945126135646702,-0.15428701754166121,-0.00034226541519313689,-0.00024725608707221565,0.00020887151780435434,0,-0.011400553735498867,0.0053041831933115218,-0.00034227768474550898,-0.00053392922112422932,0.0006342195413617214,0.00015924696159447249,0.030022900000000002,-2.1684043449710089e-16,-0.00028669011912578772,-4.410239495911128e-05,-0.00028327760794533141,-7.2225013072388376e-15,0.00028669011912578767,-4.962455620988182e-05,1,0,0.030022900000000002,0,0,0,0,0,0,0,0.0081095999999999998,421,60,0.24291497975708501,0,0,0,0,0,0,0,0,0,1,20,nan,1,-0.00034223983245595295,0,0.0047225433357191982,-0.0070892223156988621,0.030022900000000002,-0.00014178444631396392,-0.0047225433357191982,-0.077879100000000007,0,0,0
639155490571532006,nan,23.822710763814467,0.0013930669847571019,0.00036712885798689809,232,0,0,0,0,4.1645746740036325,-0.45980190337389915,-0.15433208372346438,4.164281262353688,-0.45844008648910989,-0.15469921258145128,-0.00049926298716063285,0.0013005276212644181,-0.00036712885798689809,0,-0.025015628459020806,0.020655503930709734,-0.00049920437683968148,0.00094569287738497634,0.0010693643103229929,-0.00041219503979006422,0.0199557,-2.4045571306655078e-16,-0.00035485724243532093,-5.4532908595916751e-05,-0.00035064201743212342,-1.2049475240986323e-14,0.00035485724243532093,-4.5066181803166128e-05,1,0,0.0199557,0,0,0,0,0,0,0,0.0082305,421,52,0.22413793103448276,0,0,0,0,0,0,0,0,0,1,20,nan,1,-0.00049926525975814407,0,0.0064523178559258033,-0.0042920173145830631,0.0199557,-0.00012876051943749856,-0.0064523178559258033,-0.0579234,0,0,0
639155490571832241,nan,24.515803783088714,0.00068011038001373916,6.5939764335803952e-05,237,0,0,0,0,4.1645004441093469,-0.45703458169473837,-0.15473225080239891,4.1639931748251078,-0.45748760266806071,-0.15479819056673472,-0.00043139127363314874,-0.00052578674197397042,-6.5939764335803952e-05,0,-0.014369032406484253,0.0032966837738251124,-0.00043140864445608001,0.00089671981966078546,0.00099509791150615128,-9.8977985283438263e-05,0.030023500000000002,1.8122439313095207e-16,0.0014224923089475908,0.00021918175565893705,0.0014055047943715149,6.0360848379087068e-15,0.0014224923089475908,-3.3038220947634311e-05,1,0,0.030023500000000002,0,0,0,0,0,0,0,0.0180955,421,52,0.21940928270042195,0,0,0,0,0,0,0,0,0,1,20,nan,1,-0.0004314509668720329,0,0.0031440344061561439,0.0048031783662736416,0.030023500000000002,-9.4394916993228994e-05,-0.0031440344061561439,-0.027899899999999998,0,0,0
639155490572032243,nan,22.942156208076668,0.0016601206482224165,0.000354763279245357,236,0,0,0,0,4.1640852704790365,-0.45689742223798563,-0.15483014189035199,4.1649021480153223,-0.45834265981615957,-0.15447537861110663,0.0010299792094525591,-0.0013019767258864109,0.000354763279245357,0,0.051496365488690007,0.016140436377040369,0.0010299376090468979,-0.00070468681590797654,0.0012479402978683568,0.00032281195562808279,0.020000199999999999,-2.1112126803723985e-16,0.00059732281851288319,9.2095653928758736e-05,0.00059018043007508236,-1.0555957842283569e-14,0.0005973228185128833,-3.1951323617274152e-05,1,0,0.020000199999999999,0,0,0,0,0,0,0,0.0181774,422,51,0.21610169491525424,0,0,0,0,0,0,0,0,0,1,20,nan,1,0.0010299697732261269,0,0.0045644291581723876,-0.0045644748024642467,0.020000199999999999,-9.1289496049279384e-05,-0.0045644291581723876,-0.041176699999999997,0,0,0
639155490572332256,nan,25.639394520202028,0.00073596840095269957,0.00019294385831078453,244,0,0,0,0,4.1647394293511182,-0.45938763088422813,-0.15453081111235573,4.16545743302839,-0.45922601341417918,-0.15433786725404494,0.0006845722433814729,0.00027020423903508786,0.00019294385831078453,0,0.022818585208849371,0.0045835132831474838,0.00068458722042625262,-0.00078739784258074683,0.0010433863258025558,0.00013751135706169262,0.030001300000000002,-2.6655110410556127e-16,-0.001057564133648981,-0.00016271866420414227,-0.0010449710680685564,-8.884651801940624e-15,0.0010575641336489812,-5.5432501249091937e-05,1,0,0.030001300000000002,0,0,0,0,0,0,0,0.013076600000000001,422,55,0.22540983606557377,0,0,0,0,0,0,0,0,0,1,20,nan,1,0.00068464957175381558,0,0.0052790570740993076,-0.007918928749859333,0.030001300000000002,-0.00015837857499717556,-0.0052790570740993076,-0.077581300000000006,0,0,0
639155490572532376,nan,22.697930306700908,0.0014137337029636787,0.00023158418664609437,241,0,0,0,0,4.1653766828448582,-0.45974505649311859,-0.15438583146769377,4.1642163691120446,-0.45893739627722352,-0.15415424728104768,-0.0012707096948276044,0.00061962880369341455,0.00023158418664609437,0,-0.063495901127188129,0.009175493353850794,-0.0012706799733572887,9.440286811173817e-05,0.0012741818929018738,0.00018361997299726207,0.020011999999999999,3.277949743238362e-16,-0.00052528688346019294,-8.0750183531819175e-05,-0.00051904307893940738,1.6379920763733572e-14,0.00052528688346019294,-4.7964213648832299e-05,1,0,0.020011999999999999,0,0,0,0,0,0,0,0.033088600000000003,422,54,0.22406639004149378,0,0,0,0,0,0,0,0,0,1,20,nan,1,-0.0012706864388876782,0,0.0068479217681984596,-0.0045680203475058079,0.020011999999999999,-0.00013704061042518756,-0.0068479217681984596,-0.057569299999999997,0,0,0
639155490572832221,nan,23.23383867945553,0.0024171788559914191,0.0008317075393756701,239,0,0,0,0,4.1642381410770408,-0.45879728186620161,-0.15420643888963315,4.1663668137435605,-0.45765207171052547,-0.15503814642900882,0.0019275135585213985,0.0014585763962056159,-0.0008317075393756701,0,0.064286203916845419,0.029478535508717398,0.0019275896813446514,0.0016002716567342008,0.002505288676973813,-0.00088389914796113689,0.029984500000000001,1.6387038210760596e-16,0.00014179586254828365,2.1771964996197823e-05,0.00014011441102190769,5.46516974128653e-15,0.00014179586254828365,-5.2191608585466787e-05,1,0,0.029984500000000001,0,0,0,0,0,0,0,0.018264200000000001,422,56,0.23430962343096234,0,0,0,0,0,0,0,0,0,1,20,nan,1,0.0019274703606270082,0,0.0049731988751730875,-0.0074559440836310387,0.029984500000000001,-0.00014911888167262743,-0.0049731988751730875,-0.061224899999999999,0,0,0
639155490573031380,nan,22.68418154446346,0.0051583109626814156,0.00094473424554911156,237,0,0,0,0,4.1665311207717792,-0.45660079211033128,-0.1550924429510977,4.1613751239512284,-0.45675528733417142,-0.15414770870554859,-0.0050702456078578536,-0.00094909507622651496,0.00094473424554911156,0,-0.25458538820468785,0.044709891265784125,-0.0050702971329457426,0.00011522232503940598,0.0050716061756158962,0.00089043772346023009,0.0199159,3.0845551807212601e-17,0.0010640421031643935,0.00016430702821867982,0.0010512796001941882,1.5487902533760764e-15,0.0010640421031643938,-5.4296522088881367e-05,1,0,0.0199159,0,0,0,0,0,0,0,0.018007599999999999,421,54,0.22784810126582278,0,0,0,0,0,0,0,0,0,1,20,nan,1,-0.0050703060550807508,0,0.0077894004415490943,-0.0051711145788431168,0.0199159,-0.00015513292025384762,-0.0077894004415490943,-0.041308999999999998,0,0,0
639155490573332177,nan,23.401206517463663,0.0053173331154442926,0.00029207324244781563,240,0,0,0,0,4.161402890247718,-0.45657658844562038,-0.15418109997354115,4.1661012787533522,-0.45906640307942848,-0.15447317321598897,0.0050250176779882061,-0.0017387434533324697,-0.00029207324244781563,0,0.16705484484015454,0.010820071690887273,0.0050249596163383968,-0.0015580680523587958,0.0052609690363670516,-0.00032546451044038194,0.030079700000000001,1.8984718853400084e-16,0.00018084319171626637,2.7766296489595277e-05,0.00017869888855104321,6.311472140147702e-15,0.00018084319171626637,-3.3391267992566309e-05,1,0,0.030079700000000001,0,0,0,0,0,0,0,0.0083680999999999998,422,55,0.22916666666666666,0,0,0,0,0,0,0,0,0,1,20,nan,1,0.0050250339332897241,0,0.0031716946258070352,0.0043068025261163712,0.030079700000000001,-9.540362283588788e-05,-0.0031716946258070352,-0.0442653,0,0,0
639155490573532262,nan,23.28258653250856,0.0010279607821449331,0.00089643841944159197,244,0,0,0,0,4.1659419860677689,-0.46008938752507073,-0.15450195675162759,4.1662410297164936,-0.45910588548349407,-0.15539839517106918,0.00014413235961821538,0.0010178060878865425,-0.00089643841944159197,0,0.00720502064702409,0.04624144513982624,0.0001441616556159815,-1.7510253561548799e-05,0.00014522118278588209,-0.00092522195508021321,0.020008499999999999,-3.2753747630787089e-16,-0.0010353121923875599,-0.00015929268558334542,-0.0010229844456422499,-1.636991660083819e-14,0.0010353121923875599,-2.8783535638621238e-05,1,0,0.020008499999999999,0,0,0,0,0,0,0,0.0080026999999999997,422,57,0.23360655737704919,0,0,0,0,0,0,0,0,0,1,20,nan,1,0.00014416237550411763,0,0.0041101868332538635,-0.00411189254373312,0.020008499999999999,-8.2238673253159922e-05,-0.0041101868332538635,-0.057560399999999998,0,0,0
639155490573832609,nan,24.766307027318533,0.0050952867383483444,0.00126642460619944,238,0,0,0,0,4.1662369925434506,-0.45913165552544632,-0.15544515194805023,4.1611488307698989,-0.45886229199384587,-0.15417872734185079,-0.0050685151677380535,-0.00052163295562856831,0.00126642460619944,0,-0.16875612381923497,0.040608623665906299,-0.0050685395520735765,-0.00054748032746776898,0.0050980219595347402,0.001219667829218396,0.030034700000000001,-1.4329933995058802e-16,-2.6084359842633341e-05,-4.0371730429811237e-06,-2.5770041952255518e-05,-4.771126062540595e-15,2.6084359842633341e-05,-4.6756776981043961e-05,1,0,0.030034700000000001,0,0,0,0,0,0,0,0.018100499999999999,422,55,0.23109243697478993,0,0,0,0,0,0,0,0,0,1,20,nan,1,-0.0050685029716015387,0,0.0044478816626919845,-0.0066795395687222481,0.030034700000000001,-0.00013359079137445495,-0.0044478816626919845,-0.0612493,0,0,0
639155490574032208,nan,23.745956932396751,0.0034616688503562977,0.0003252334842400173,249,0,0,0,0,4.1610935881893214,-0.45921775062942854,-0.15423203254890402,4.1644614530943418,-0.45841735247159765,-0.15455726603314404,0.0032049294692706961,0.0013082730321027588,-0.0003252334842400173,0,0.16057190679725786,0.018964959308075516,0.0032049992024825872,0.00094837648375610734,0.0033423700936394849,-0.00037853869129325646,0.019959899999999999,3.8142910054397849e-16,-0.00035972570705908899,-5.5242580577541389e-05,-0.00035545863558267277,1.9109770116282071e-14,0.00035972570705908899,-5.3305207053239156e-05,1,0,0.019959899999999999,0,0,0,0,0,0,0,0.018107499999999999,422,57,0.2289156626506024,0,0,0,0,0,0,0,0,0,1,20,nan,1,0.0032049269740402155,0,0.007630328387444648,-0.0050766863860189915,0.019959899999999999,-0.00015230059158055642,-0.007630328387444648,-0.041289399999999997,0,0,0
639155490574332184,nan,22.41826714686237,0.0021485342214386809,0.00025521001136438737,240,0,0,0,0,4.1646811495717051,-0.45700723229645857,-0.15460468293802115,4.1630109027323368,-0.45835870364142789,-0.15485989294938554,-0.00144221253181698,-0.0015925521384755901,-0.00025521001136438737,0,-0.048080114545453419,0.010088370944392206,-0.0014422880440886935,-0.00016535185475833605,0.0014517355261869191,-0.00030262691624149962,0.029997599999999999,2.1163626406917047e-16,0.0014271318966725286,0.000219696477363307,0.0014101201751390846,7.0551065441625486e-15,0.0014271318966725286,-4.7416904877112254e-05,1,0,0.029997599999999999,0,0,0,0,0,0,0,0.0081446000000000001,422,52,0.21666666666666667,0,0,0,0,0,0,0,0,0,1,20,nan,1,-0.0014422768401037812,0,0.0045162570031402564,-0.0067738774232566357,0.029997599999999999,-0.00013547687107740014,-0.0045162570031402564,-0.077637300000000006,0,0,0
639155490574532222,nan,25.115616488043891,0.0024322094703078841,0.00013439414978771991,236,0,0,0,0,4.1629938504839226,-0.45846793603424679,-0.15491187261363298,4.1652297636924658,-0.45942518993542314,-0.15477747846384526,0.0023568360459311588,-0.00060080509323318652,0.00013439414978771991,0,0.1178178552625307,0.0041199414881311321,0.0023568048131006117,-0.00071148299249539071,0.0024618564084171123,8.241448554027754e-05,0.020003799999999999,4.1366378638468815e-16,-0.0001105553925275588,-1.7052248414195503e-05,-0.00010923239281890318,2.0679260259785049e-14,0.0001105553925275588,-5.1979664247442381e-05,1,0,0.020003799999999999,0,0,0,0,0,0,0,0.0083245000000000003,422,55,0.23305084745762711,0,0,0,0,0,0,0,0,0,1,20,nan,1,0.002356857638955745,0,0.007424255712483575,-0.0049504442140460014,0.020003799999999999,-0.00014851332642137893,-0.007424255712483575,-0.057633499999999997,0,0,0
639155490574831935,nan,23.570924193311114,0.006392859659945487,0.00028553295474068041,237,0,0,0,0,4.1650653838623963,-0.4604787353160173,-0.15482162595669732,4.1592330144132594,-0.45786107963955164,-0.15453609300195664,-0.0061662613967814785,0.0016869721450933485,0.00028553295474068041,0,-0.20573638498102498,0.0080538869481344266,-0.0061661869151817938,0.00062095238332253,0.0061973738740948242,0.00024138546188862131,0.029971299999999999,-3.2797115717686509e-17,-0.0010662919851077129,-0.00016437983006944989,-0.0010535453805941564,-1.0942840556694741e-15,0.0010662919851077129,-4.41474928520591e-05,1,0,0.029971299999999999,0,0,0,0,0,0,0,0.018095699999999999,422,55,0.2320675105485232,0,0,0,0,0,0,0,0,0,1,20,nan,1,-0.0061662260650484618,0,0.0042085493076050098,-0.0063067846931517124,0.029971299999999999,-0.00012613569386302204,-0.0042085493076050098,-0.061171400000000001,0,0,0
639155490575032011,nan,22.069581111644684,0.0059794388611057311,7.9019347379860605e-06,239,0,0,0,0,4.1592969713153103,-0.45745051559901406,-0.15458341315854771,4.1652760996770315,-0.45738958015971592,-0.15457551122380972,0.0058984496489642409,0.00098080621548551927,7.9019347379860605e-06,0,0.294812773859156,0.0019701624309300951,0.0058984960542644502,0.001396042822599339,0.0060614512507075734,-3.9418221853076973e-05,0.0200076,4.2031807721831793e-16,0.00041551572377285858,6.395690205085458e-05,0.00041056404053757545,2.100792085099252e-14,0.00041551572377285858,-4.7320156591063041e-05,1,0,0.0200076,0,0,0,0,0,0,0,0.0381033,422,54,0.22594142259414227,0,0,0,0,0,0,0,0,0,1,20,nan,1,0.0058984016679799727,0,0.0067574545374205052,-0.0045066815800964832,0.0200076,-0.0001352004474028945,-0.0067574545374205052,-0.0411638,0,0,0
639155490575332475,nan,21.644061314240449,0.0042010905955270636,0.00020569040437481978,239,0,0,0,0,4.1655989329948246,-0.45531772547387905,-0.15462224431632637,4.1622431061405898,-0.45784509333713563,-0.15441655391195155,-0.0029265591036652227,-0.0030140361651082004,0.00020569040437481978,0,-0.097406010560337652,0.0052903945849807473,-0.0029266999557001293,-0.00091704384639178477,0.0030670086479989223,0.00015895731185816553,0.030046400000000001,2.1830410742995632e-16,0.0020968555482678182,0.0003228333177931475,0.0020718546858368714,7.2655661719858723e-15,0.0020968555482678182,-4.6733092516654251e-05,1,0,0.030046400000000001,0,0,0,0,0,0,0,0.0080496999999999999,422,55,0.23012552301255229,0,0,0,0,0,0,0,0,0,1,20,nan,1,-0.0029266387258994183,0,0.0044438974877584912,-0.00667615607380867,0.030046400000000001,-0.00013352312147618672,-0.0044438974877584912,-0.077456399999999995,0,0,0
639155490575532380,nan,25.064340206350582,0.0012241219078251912,0.00041030202620764844,237,0,0,0,0,4.1621493137740222,-0.45844765633954987,-0.15446576894523126,4.1609314877396866,-0.45832366361673132,-0.15405546691902361,-0.0012224029919554579,-6.4848827868594397e-05,0.00041030202620764844,0,-0.061149355044238227,0.018062929537927753,-0.0012224061820118443,-0.0006746076402468535,0.0013961992487106565,0.00036108699292794477,0.019990500000000001,4.3103812619876836e-16,-0.00060981897306070095,-9.3792366567591046e-05,-0.00060256300241423588,2.1562148330395353e-14,0.00060981897306070084,-4.9215033279703668e-05,1,0,0.019990500000000001,0,0,0,0,0,0,0,0.028040200000000001,422,53,0.22362869198312235,0,0,0,0,0,0,0,0,0,1,20,nan,1,-0.001222358749222837,0,0.0070340602185587067,-0.0046871616505086422,0.019990500000000001,-0.00014061438079909783,-0.0070340602185587067,-0.0574659,0,0,0
639155490575831938,nan,24.584696226727182,0.00094109060385658171,0.00023129780205966011,243,0,0,0,0,4.1607764697370611,-0.45932193851768466,-0.15410243119094907,4.1609975567585522,-0.45840718606286679,-0.15387113338888941,7.8058765931245772e-05,0.00093784772416871415,0.00023129780205966011,0,0.002607268414825563,0.0061535171864612291,7.8102811180831604e-05,-7.2395201139097078e-05,0.00010649466776472405,0.00018433353013419529,0.029955800000000001,1.4436151926644492e-16,-0.0010102392583004247,-0.00015501800262551768,-0.00099827490095333316,4.8191508578120068e-15,0.0010102392583004247,-4.6964271925464818e-05,1,0,0.029955800000000001,0,0,0,0,0,0,0,0.0182124,421,54,0.22222222222222221,0,0,0,0,0,0,0,0,0,1,20,nan,1,7.8107668130634534e-05,0,0.004479387433236782,-0.0067091817036271095,0.029955800000000001,-0.0001341836340725544,-0.004479387433236782,-0.061392299999999997,0,0,0
639155490576031782,nan,22.780740716996082,0.004946282682345554,0.00023498792383136458,243,0,0,0,0,4.1609901530661046,-0.45845492191236781,-0.15392560423081586,4.1658770694357132,-0.45921896430001602,-0.15416059215464722,0.0049462793351659701,-5.7543185187142925e-06,-0.00023498792383136458,0,0.24750700618408539,0.014484235991964267,0.0049462790143852357,-5.4330329802817438e-05,0.0049465773897599393,-0.00028945876575781071,0.019984399999999999,-1.7611593742606138e-16,-4.8306583292983305e-05,-7.4036924475606725e-06,-4.7735849501018279e-05,-8.8126707544915732e-15,4.8306583292983312e-05,-5.4470841926446134e-05,1,0,0.019984399999999999,0,0,0,0,0,0,0,0.018070699999999999,421,57,0.23456790123456789,0,0,0,0,0,0,0,0,0,1,20,nan,1,0.004946283227150905,0,0.0077876231927193375,-0.0051876646466553211,0.019984399999999999,-0.00015563097693258032,-0.0077876231927193375,-0.041407899999999997,0,0,0
639155490576332322,nan,23.699961707932186,0.0021747410340272463,0.00020195552303953201,246,0,0,0,0,4.1658648540547869,-0.45929757361858109,-0.154208003295633,4.1637254772290637,-0.45890697745546566,-0.15440995881867253,-0.0021739845013241722,5.7358112627486847e-05,-0.00020195552303953201,0,-0.072335854776969841,0.0082972870175453458,-0.0021739817794670518,-2.2091569266858115e-05,0.0021740940216300217,-0.00024936666402530783,0.030054000000000001,1.9802444460679386e-16,-7.95527529155342e-05,-1.2215380926328123e-05,-7.8609318565070474e-05,6.5889547017632878e-15,7.95527529155342e-05,-4.7411140985775813e-05,1,0,0.030054000000000001,0,0,0,0,0,0,0,0.0081849000000000002,422,54,0.21951219512195122,0,0,0,0,0,0,0,0,0,1,20,nan,1,-0.0021739802782141768,0,0.0045072337398194594,-0.0067730201408267021,0.030054000000000001,-0.00013546040281653404,-0.0045072337398194594,-0.077424199999999999,0,0,0
639155490576531810,nan,23.6310776618906,0.0017369044809310971,0.00049603817796944893,240,0,0,0,0,4.163723166665271,-0.45892182216755167,-0.15446253707304258,4.1653444662714794,-0.45954489901898099,-0.15396649889507313,0.0016978567857488685,-0.00036622330751202278,0.00049603817796944893,0,0.085109757379868742,0.02222990473609433,0.0016978375280195255,-0.00038133603174668484,0.0017401348915126555,0.00044345992359939856,0.019948799999999999,-2.9366716984601318e-16,-1.5023454394945421e-05,-2.3105637927400835e-06,-1.4844712086015122e-05,-1.4721044365877305e-14,1.5023454394945421e-05,-5.2578254370050377e-05,1,0,0.019948799999999999,0,0,0,0,0,0,0,0.0080675999999999994,422,55,0.22916666666666666,0,0,0,0,0,0,0,0,0,1,20,nan,1,0.0016978661660627665,0,0.0075304571660620408,-0.0050074527971446514,0.019948799999999999,-0.00015022358391433843,-0.0075304571660620408,-0.057475400000000003,0,0,0
639155490576831933,nan,22.562302538372926,0.00094228772013438982,0.00068456153283366628,235,0,0,0,0,4.1652563094455139,-0.46011293893209959,-0.1540142428108168,4.1655404255942239,-0.45921450464871638,-0.15469880434365046,0.00014292784575609159,0.00093138487126621786,-0.00068456153283366628,0,0.0047637906309713164,0.024400177546450311,0.00014297231355390043,0.0003565380956224506,0.00038413603849813224,-0.0007323054485773306,0.030012299999999999,-9.2197842242736083e-17,-0.00057483995064720739,-8.8156825965413077e-05,-0.00056803991311860091,-3.0720018873174026e-15,0.00057483995064720739,-4.7743915743664322e-05,1,0,0.030012299999999999,0,0,0,0,0,0,0,0.018282099999999999,422,51,0.21702127659574469,0,0,0,0,0,0,0,0,0,1,20,nan,1,0.00014294799532879861,0,0.004545176072446316,-0.0068205934949219227,0.030012299999999999,-0.00013641118783908057,-0.004545176072446316,-0.061038500000000002,0,0,0
639155490577032194,nan,22.309669199390406,0.0017404349302915941,0.00033609208541629521,238,0,0,0,0,4.1655770933033267,-0.45897937203476569,-0.15475147625042165,4.1638800606621853,-0.45859311569309641,-0.15441538416500536,-0.0017362883235081841,0.00012006916435224399,0.00033609208541629521,0,-0.086700955095003807,0.014152539867727873,-0.0017362819968280558,0.00035813512701318029,0.0017728327449903355,0.00028342017864510516,0.020026100000000002,-2.1795851798747656e-16,0.0002379745092108306,3.6667709102822243e-05,0.00023513261395069485,-1.0883722641326896e-14,0.0002379745092108306,-5.267190677119004e-05,1,0,0.020026100000000002,0,0,0,0,0,0,0,0.038308200000000001,422,54,0.22689075630252101,0,0,0,0,0,0,0,0,0,1,20,nan,1,-0.0017363089399984499,0,0.0075147513596383426,-0.0050163720734417439,0.020026100000000002,-0.00015049116220325343,-0.0075147513596383426,-0.041012399999999997,0,0,0
639155490577332363,nan,24.626539808365347,0.0015816332328070467,1.8439090418265192e-05,238,0,0,0,0,4.1639627360029365,-0.4580619692169115,-0.15446660781045779,4.1624985603920415,-0.45866009417340448,-0.15444816872003952,-0.0013547193819796164,-0.00081627144946300526,1.8439090418265192e-05,0,-0.045133281338221753,0.0010922032266544993,-0.0013547611926012686,-0.00027865969255248628,0.0013831229566570928,-3.2784555034165441e-05,0.030016899999999999,3.5141702915686412e-16,0.00053754236217434738,8.2675340751237059e-05,0.00053114647618490718,1.170730585626311e-14,0.00053754236217434749,-5.1223645452430633e-05,1,0,0.030016899999999999,0,0,0,0,0,0,0,0.0081934,422,55,0.23109243697478993,0,0,0,0,0,0,0,0,0,1,20,nan,1,-0.0013547407975950452,0,0.0048756957820816583,-0.007317663636058569,0.030016899999999999,-0.00014635327272116694,-0.0048756957820816583,-0.077618500000000007,0,0,0
639155490577512970,nan,21.581058266851013,0.0010400171055863099,6.6612578725200322e-06,237,0,0,0,0,4.1624727635306025,-0.45882578997430773,-0.15450325389966835,4.1632018495322196,-0.45808412348446337,-0.15450991515754087,0.00060626667049812105,0.00084503035694302026,-6.6612578725200322e-06,0,0.03357085928158917,0.0034188285892209121,0.00060631321822699749,0.00067730504989629793,0.00090904227031079555,-6.1746437501342122e-05,0.018060699999999999,-2.832613700889941e-16,-0.00016769190945622154,-2.5796861438998064e-05,-0.00016569580090325386,-1.5683853343945368e-14,0.00016769190945622154,-5.508517962882209e-05,1,0,0.018060699999999999,0,0,0,0,0,0,0,0.026254099999999999,422,56,0.23628691983122363,0,0,0,0,0,0,0,0,0,1,20,nan,1,0.00060625991710638448,0,0.0087142927744152006,-0.0052462075836956501,0.018060699999999999,-0.00015738622751088061,-0.0087142927744152006,-0.059557800000000001,0,0,0
639155490577821561,nan,24.437920427398428,0.0027870075448154529,0.00022135811725809695,242,0,0,0,0,4.1633799577522215,-0.45694058124370029,-0.15455805344678758,4.1607048246067047,-0.45772229328058828,-0.15433669532952948,-0.0025229052174538698,-0.0011842129532319348,0.00022135811725809695,0,-0.081757479009951589,0.0056132495118582171,-0.0025229622205159971,-2.676208004349993e-05,0.002523104154623678,0.00017321982801138391,0.0308591,3.6537613212761499e-16,0.0011573294234752966,0.00017810822000186022,0.0011435422407630735,1.1840142198820283e-14,0.0011573294234752964,-4.8138289246713033e-05,1,0,0.0308591,0,0,0,0,0,0,0,0.017125999999999999,421,52,0.21487603305785125,0,0,0,0,0,0,0,0,0,1,20,nan,1,-0.0025229603741491646,0,0.0044569663171096698,-0.0068768984638154507,0.0308591,-0.00013753796927631901,-0.0044569663171096698,-0.062274400000000001,0,0,0
639155490578032293,nan,24.000697867236163,0.005724535778033708,5.6934551647597198e-05,246,0,0,0,0,4.1607020611022421,-0.45774005657063666,-0.15433669532952948,4.1663151104037306,-0.45886432851863102,-0.15427976077788189,0.0057191593769506431,-0.00024804413926865119,5.6934551647597198e-05,0,0.27139491757069351,0.0027017515919555263,0.0057191593769507386,-0.00026602110870895511,0.0057253428901020672,5.6934551647597198e-05,0.0210732,9.5315347005105536e-17,-1.7976969440303856e-05,-2.763504462599542e-06,-1.7763290048378177e-05,4.5230599531682671e-15,1.7976969440303856e-05,0,1,0,0.0210732,0,0,0,0,0,0,0,0.018355300000000001,422,59,0.23983739837398374,0,0,0,0,0,0,0,0,0,1,20,nan,1,0.0057191593769507386,0,0,-0.0068768984638154507,0.0210732,0,0,-0.0412012,0,0,0
639155490578330897,nan,23.414587157073449,0.0014144638161560107,2.3720529029463974e-05,245,0,0,0,0,4.1662571145135523,-0.45923725503824681,-0.15420857549612285,4.1652195066643456,-0.45827596536365373,-0.15418485496709339,-0.0011729472549893338,0.00079050782679718733,2.3720529029463974e-05,0,-0.039282913977700132,0.0031783167937635844,-0.0011730035245397169,0.00041301511752794563,0.0012435910726156011,9.4905810788498135e-05,0.029860399999999999,8.8931683198123501e-17,-0.00037740921068558952,-5.7995890178297316e-05,-0.00037292651961579049,2.978248221662252e-15,0.00037740921068558952,7.1185281759034158e-05,1,0,0.029860399999999999,0,0,0,0,0,0,0,0.0081002000000000001,421,56,0.22857142857142856,0,0,0,0,0,0,0,0,0,1,20,nan,1,-0.0011729615176208814,0,0.0068112456401002363,-0.0067730974406003952,0.029860399999999999,0.00020338651931164908,0.0068112456401002363,-0.077850299999999997,0,0,0
639155490578532022,nan,22.667571013075925,0.002532657639014627,7.6785085496522409e-05,236,0,0,0,0,4.165262240613921,-0.45800100467412713,-0.1542347084126946,4.1660692098638821,-0.46040166194789123,-0.15415792332719808,0.001166188452846457,-0.0022481902074572629,7.6785085496522409e-05,0,0.057977694039465892,0.0013390498394188302,0.0011660763713687576,-0.001969986647588501,0.0022892316386817456,2.6931639895311221e-05,0.020112499999999998,-3.3461189548333881e-16,0.00027826169558754478,4.2733949575435304e-05,0.00027496068952659325,-1.6637011584006903e-14,0.00027826169558754478,-4.9853445601211188e-05,1,0,0.020112499999999998,0,0,0,0,0,0,0,0.0282127,421,50,0.21186440677966101,0,0,0,0,0,0,0,0,0,1,20,nan,1,0.001166216669300182,0,0.0070820840772324494,-0.0047479155473411083,0.020112499999999998,-0.00014243841600333762,-0.0070820840772324494,-0.057737799999999999,0,0,0
639155490578832028,nan,22.488646132147341,0.0046101300308832218,0.00019704515563165326,238,0,0,0,0,4.1656180001593688,-0.46330537092820506,-0.15420511609911722,4.1640947363024354,-0.4589541680917687,-0.15440216125474887,-0.0021735103832879162,0.0040656059222938653,-0.00019704515563165326,0,-0.072442501605108275,0.008141101429664557,-0.0021733185136542112,0.0011271516963444221,0.002448220641274854,-0.00024423792755079449,0.030000599999999999,3.9670957491244607e-16,-0.0029385567954018144,-0.00045120970451328901,-0.002903708980313835,1.322338802932095e-14,0.0029385567954018144,-4.7192771919141174e-05,1,0,0.030000599999999999,0,0,0,0,0,0,0,0.018287299999999999,421,54,0.22689075630252101,0,0,0,0,0,0,0,0,0,1,20,nan,1,-0.0021733944993049398,0,0.0044944598173823147,-0.006741824559867382,0.030000599999999999,-0.00013483649119735985,-0.0044944598173823147,-0.061204099999999997,0,0,0
639155490579031791,nan,23.959330073083045,0.002721896620086363,0.00020038185722567881,245,0,0,0,0,4.1642101053482312,-0.45821291690692884,-0.15445174146859547,4.161492548994385,-0.45805926576274891,-0.15425135961136979,-0.0027088440688115591,-0.0002662424107876234,0.00020038185722567881,0,-0.13560355350277856,0.0075490277668576362,-0.0027088572658375549,0.00048406743123525207,0.0027517683341196455,0.0001508016433790782,0.019976299999999999,2.2380643345532025e-16,0.0007501755366274835,0.00011536904579578788,0.00074125118483986396,1.1203597936320554e-14,0.0007501755366274834,-4.9580213846600607e-05,1,0,0.019976299999999999,0,0,0,0,0,0,0,0.018320400000000001,421,55,0.22448979591836735,0,0,0,0,0,0,0,0,0,1,20,nan,1,-0.0027088915449952336,0,0.0070912908720598628,-0.0047219251282513142,0.019976299999999999,-0.00014165775384752943,-0.0070912908720598628,-0.041227800000000002,0,0,0
639155490579332082,nan,22.896493540410876,0.0020768761696752821,0.00027550836619510966,234,0,0,0,0,4.1616044424970582,-0.45733963096201802,-0.15429804720723889,4.159620725027251,-0.45795467537029017,-0.15402253884104378,-0.0018656261845418607,-0.00091260811070078196,0.00027550836619510966,0,-0.062128694832258857,0.0076199676422542099,-0.0018656687899873843,-0.00018423919289629531,0.0018747437462576235,0.00022882077032601589,0.0300291,-1.6180362171630547e-16,0.00072828181520855116,0.0001118935026731549,0.00071963480073089503,-5.3882274765579215e-15,0.00072828181520855116,-4.6687595869093768e-05,1,0,0.0300291,0,0,0,0,0,0,0,0.0083289999999999996,421,52,0.22222222222222221,0,0,0,0,0,0,0,0,0,1,20,nan,1,-0.0018656564977163413,0,0.0044421288368443361,-0.0066696899011731148,0.0300291,-0.00013339313105448225,-0.0044421288368443361,-0.077666899999999997,0,0,0
639155490579532344,nan,21.555221695124732,0.0068277994371407731,0.00053292965806386872,238,0,0,0,0,4.1596019190217302,-0.4580758073726271,-0.15402253884104378,4.1661802750557477,-0.4599044891501719,-0.15455546849910765,0.0067810270910030413,-0.00079781999530137361,-0.00053292965806386872,0,0.33860777836051154,0.026611621678794214,0.0067810270910032763,-0.00092040314191543533,0.0068432061457016002,-0.00053292965806386872,0.020026200000000001,2.3494322264581979e-16,-0.00012258314661406177,-1.8806005520843883e-05,-0.00012113200233693222,1.1731792484136769e-14,0.00012258314661406177,0,1,0,0.020026200000000001,0,0,0,0,0,0,0,0.0083041,421,52,0.21848739495798319,0,0,0,0,0,0,0,0,0,1,20,nan,1,0.0067810270910032763,0,0,-0.0066696899011731148,0.020026200000000001,0,0,-0.057640700000000003,0,0,0
639155490579831863,nan,23.441890750613357,0.0030622486484944869,0.00026565932153072014,241,0,0,0,0,4.1659691939857879,-0.46125932740899583,-0.15448032301003714,4.1635362719045066,-0.45939968848392998,-0.15421466368850642,-0.0026900863105488049,0.0014631481220314735,0.00026565932153072014,0,-0.089817215333066594,0.011378403727350356,-0.0026901962519344774,9.1763295979609063e-05,0.002691760831948364,0.00034080481060122514,0.0299519,1.8772960616586509e-16,-0.0013711826740695216,-0.00021108106995981757,-0.0013548382588239316,6.2677027556136706e-15,0.0013711826740695216,7.5145489070505e-05,1,0,0.0299519,0,0,0,0,0,0,0,0.018249499999999998,421,54,0.22406639004149378,0,0,0,0,0,0,0,0,0,1,20,nan,1,-0.0026901863855794171,0,0.0071682062688668991,-0.0063935006037354469,0.0299519,0.00021470139734447447,0.0071682062688668991,-0.061120899999999999,0,0,0
639155490580032755,nan,23.975994484579694,0.0011091346265534429,0.00036560648793437789,238,0,0,0,0,4.1635458202419411,-0.45933826420977764,-0.15426590390754252,4.1643140628807984,-0.45853827491756094,-0.1546315103954769,0.00063619728131938914,0.00090853323497914118,-0.00036560648793437789,0,0.031670939307016033,0.020749791279417829,0.0006362438339265065,0.00097066261848086034,0.0011605999031214936,-0.00041684670697048065,0.020089200000000002,3.6286722053784776e-16,6.2161983582454216e-05,9.5483374344951244e-06,6.1424274152344083e-05,1.8062800934723519e-14,6.2161983582454202e-05,-5.1240219036102763e-05,1,0,0.020089200000000002,0,0,0,0,0,0,0,0.038338700000000003,421,52,0.21848739495798319,0,0,0,0,0,0,0,0,0,1,20,nan,1,0.00063617277941458014,0,0.0072875289119264152,-0.0048800208605825901,0.020089200000000002,-0.00014640062581747215,-0.0072875289119264152,-0.041031699999999997,0,0,0
639155490580331718,nan,26.132486709843313,0.0034064388115068573,0.00019120142926232209,245,0,0,0,0,4.1645366026338753,-0.45711060205988518,-0.15467759735455208,4.1612229710059694,-0.45790033037461253,-0.15448639592528976,-0.0031524042436587218,-0.0012908031844951152,0.00019120142926232209,0,-0.10544661812681479,0.0048539274153370461,-0.0031524637295046931,0.00015425515443278428,0.0031562354504237672,0.00014511447018714094,0.029896300000000001,-3.1994806110047236e-16,0.0014449130528317469,0.0002225397530768447,0.0014276728576757547,-1.0701928369078192e-14,0.0014449130528317469,-4.6086959075181122e-05,1,0,0.029896300000000001,0,0,0,0,0,0,0,0.0084040999999999994,420,57,0.23265306122448978,0,0,0,0,0,0,0,0,0,1,20,nan,1,-0.0031524738786021635,0,0.004404458944052907,-0.006583851296454668,0.029896300000000001,-0.00013167702592908892,-0.004404458944052907,-0.077813400000000005,0,0,0
639155490580530964,nan,24.102466438711566,0.0027213386211602216,0.00026751745126696314,242,0,0,0,0,4.1612388367080468,-0.45779844901793765,-0.15453706624768679,4.1635801194365811,-0.4591855607928445,-0.15426954879641983,0.0025268893989892748,-0.0010102048585776239,0.00026751745126696314,0,0.12682002189954966,0.010883386811777135,0.0025268382083397673,-0.00090722357815392943,0.0026847655301504721,0.00021684712886993471,0.019924600000000001,2.1315414711065017e-16,0.00010310931742730692,1.5865702077455524e-05,0.00010188135667488218,1.0698038962420835e-14,0.00010310931742730691,-5.06703223970284e-05,1,0,0.019924600000000001,0,0,0,0,0,0,0,0.028328699999999998,420,52,0.21487603305785125,0,0,0,0,0,0,0,0,0,1,20,nan,1,0.0025269038721642584,0,0.0072660103442869399,-0.0048257610760629177,0.019924600000000001,-0.00014477234970577957,-0.0072660103442869399,-0.057888799999999997,0,0,0
639155490580831710,nan,22.347830985455367,0.0025217650202122473,0.00035851051353386071,239,0,0,0,0,4.163369575376124,-0.46053949715569842,-0.15431687029760779,4.1653943001347846,-0.45903623787372722,-0.15467538081114166,0.001769605818903408,0.001796606262615511,-0.00035851051353386071,0,0.058843370652558555,0.013494178300686617,0.0017696908350274376,0.00042631360326374126,0.0018203156154655775,-0.00040583201472182973,0.0300746,3.1658703436576729e-17,-0.0013702089169363475,-0.000210544060457174,-0.0013539363628539136,1.0526724690129454e-15,0.0013702089169363475,-4.7321501187969073e-05,1,0,0.0300746,0,0,0,0,0,0,0,0.018213400000000001,419,55,0.23012552301255229,0,0,0,0,0,0,0,0,0,1,20,nan,1,0.0017696620112698385,0,0.0044956305024344391,-0.0067602144554257393,0.0300746,-0.00013520428910851479,-0.0044956305024344391,-0.060976200000000001,0,0,0
639155490581031570,nan,22.900019960849853,0.0071284683098531048,0.00081345802999380212,241,0,0,0,0,4.1654380195460226,-0.458755842900605,-0.15467538081114171,4.1583560949090081,-0.45794257549056794,-0.15386192278114791,-0.0071226692012802224,-0.000287478510004038,0.00081345802999380212,0,-0.35638292811369632,0.040701392474419423,-0.0071226692012803343,-3.6956213881156157e-06,0.0071226701600231972,0.00081345802999374661,0.019986,-1.1203874199922081e-16,0.00028378288861592184,4.3719411237930217e-05,0.00028039497312221107,-5.6058612028030024e-15,0.0002837828886159219,-5.5511151231257827e-17,1,0,0.019986,0,0,0,0,0,0,0,0.018215599999999998,419,51,0.21161825726141079,0,0,0,0,0,0,0,0,0,1,20,nan,1,-0.0071226692012803343,0,0,-0.0067602144554257393,0.019986,0,0,-0.040990199999999997,0,0,0
639155490581332219,nan,24.209080347972645,0.0043519699692655053,0.00084532358471831048,236,0,0,1,2,4.1583565786718957,-0.45793945620420828,-0.15378366456001843,4.162704911480791,-0.45776156748485519,-0.15462898814473675,0.0042697676182392938,0.00084185931106328833,-0.00084532358471831048,0,0.14201616246029014,0.025513650921467786,0.0042697017227523769,0.00084535002920143134,0.0043525819318130559,-0.00076706536358883682,0.030064899999999999,-8.5302676414730858e-17,3.1565762979646154e-06,4.8376288752649543e-07,3.1192863596540832e-06,-2.8372845549039201e-15,3.156576297964615e-06,7.825822112947356e-05,1,0,0.030064899999999999,0,0,0,0,0,0,0,0.0084200000000000004,420,53,0.22457627118644069,0,0,0,0,0,0,0,0,0,1,20,nan,1,0.0042697962040544038,0,0.0074370750447514591,-0.0065967291593551636,0.030064899999999999,0.00022359491751294813,0.0074370750447514591,-0.077873399999999995,0,0,0
639155490581532453,nan,20.016212149139143,0.0021380440241815209,0.00080546913811846421,234,0,0,0,0,4.162791958258798,-0.45720312172231475,-0.15468164446885138,4.1611846835639215,-0.4586130509065463,-0.15387617533073292,-0.0013708633263270263,-0.0016407211798078042,0.00080546913811846421,0,-0.068467379105081314,0.03759665261662995,-0.0013709497187726852,-0.0010754598110768612,0.0017424456768130199,0.00075281281400382816,0.0200234,3.8204574052957962e-17,0.00056518918183274386,8.7046778006971692e-05,0.00055844576254043821,1.9079963469219994e-15,0.00056518918183274397,-5.2656324114636055e-05,1,0,0.0200234,0,0,0,0,0,0,0,0.028443400000000001,420,56,0.23931623931623933,0,0,0,0,0,0,0,0,0,1,20,nan,1,-0.0013708688152362775,0,0.0075135411732057131,-0.0050148880109190941,0.0200234,-0.00015044664032756727,-0.0075135411732057131,-0.057849999999999999,0,0,0
639155490581831399,nan,22.764972643799279,0.0046271018174617951,0.00025942311394022699,239,0,0,0,0,4.1609388233922049,-0.46019819960704839,-0.15392045268421203,4.1655554894914406,-0.4598876108800703,-0.15417987579815226,0.004514468683057435,0.0010147136240594777,-0.00025942311394022699,0,0.15101435066755212,0.010159041011398154,0.0045145136074662036,-0.00058958839044583055,0.0045528504897641891,-0.00030370046741934326,0.0298946,2.4242760576775879e-16,-0.0016041021247850584,-0.00024586017171657204,-0.0015851487005020815,8.1094112571420515e-15,0.0016041021247850586,-4.4277353479116321e-05,1,0,0.0298946,0,0,0,0,0,0,0,0.018308399999999999,419,55,0.23012552301255229,0,0,0,0,0,0,0,0,0,1,20,nan,1,0.00451455089188288,0,0.0042317583853302672,-0.0063253678381443024,0.0298946,-0.00012650672422609421,-0.0042317583853302672,-0.061254400000000001,0,0,0
639155490582031523,nan,22.513252582322924,0.0021886337408533706,0.00060972662744801498,240,0,0,0,0,4.1654950181063599,-0.46027671133716613,-0.1542372560532311,4.1669421575004204,-0.4586347901375466,-0.15484698268067912,0.0011777178636044011,0.001844748840723014,-0.00060972662744801498,0,0.058854695779838123,0.033334676626834252,0.0011778237138244324,0.0014509098108354092,0.0018687985391758046,-0.00066710688252685779,0.0200124,-1.3341107732434132e-16,-0.00039377144909930544,-6.0471385080695939e-05,-0.00038910045709583674,-6.6664206853921229e-15,0.0003937714490993055,-5.7380255078842701e-05,1,0,0.0200124,0,0,0,0,0,0,0,0.018334300000000001,419,56,0.23333333333333334,0,0,0,0,0,0,0,0,0,1,20,nan,1,0.0011777047761888145,0,0.0081921001948648403,-0.0054647861979901791,0.0200124,-0.00016394358593971314,-0.0081921001948648403,-0.041242000000000001,0,0,0
639155490582331369,nan,22.714323359211843,0.0052167757449449138,0.00039609548839650294,242,0,0,0,0,4.1672776171852153,-0.45648573813808735,-0.15482241264271909,4.1620643991655335,-0.45667837004694667,-0.15442631715432259,-0.0051211576261403066,-0.00099423022548629915,0.00039609548839650294,0,-0.17079211316209603,0.014029385963345464,-0.0051211331963201849,0.0011807204283864709,0.0052554834168192103,0.00042066552635652843,0.0299846,-4.3964398094287205e-17,0.0021750764806099292,0.00033545968479486987,0.0021490519994592505,-1.4662326025455469e-15,0.0021750764806099292,2.4570037960025548e-05,1,0,0.0299846,0,0,0,0,0,0,0,0.0082851999999999995,419,56,0.23140495867768596,0,0,0,0,0,0,0,0,0,1,20,nan,1,-0.0051210917498144748,0,0.0023412054340343608,0.002340003615245223,0.0299846,7.0200108457346699e-05,0.0023412054340343608,-0.078333700000000006,0,0,0
639155490582531575,nan,20.662086627720054,0.0019925927978898719,0.00020647035156093341,234,0,0,0,0,4.1621858809994965,-0.45589796798475374,-0.15446423405537832,4.1629944632926961,-0.45771912715773305,-0.15425776370381739,0.0010791420696438672,-0.0016750756555234567,0.00020647035156093341,0,0.053898412394743848,0.0084190009542773163,0.0010790785551902087,-0.00088531582840006774,0.0013957774336501815,0.00016855345050520443,0.0200206,-4.5631358934483668e-17,0.00078980074364233804,0.00012148183396298862,0.00078040206219293085,-2.2792203497639266e-15,0.00078980074364233804,-3.791690105572898e-05,1,0,0.0200206,0,0,0,0,0,0,0,0.0080271000000000006,418,52,0.22222222222222221,0,0,0,0,0,0,0,0,0,1,20,nan,1,0.0010791265085109548,0,0.0054111266903265967,-0.0054167001508176327,0.0200206,-0.00010833400301635265,-0.0054111266903265967,-0.091281000000000001,0,0,0
639155490582831719,nan,20.896012710540916,0.0035193944529965755,8.6909047679772922e-05,237,0,0,0,0,4.1627904946978243,-0.45903088078151255,-0.15429711702884913,4.1662062031577021,-0.45987886252241394,-0.1543840260765289,0.0035054517395327793,-0.00031296232615073204,-8.6909047679772922e-05,0,0.11679192056847726,0.0042067265283169553,0.0035054394207105037,-0.001640617040521917,0.0038703655907319765,-0.00012626237271151641,0.0300144,2.8354597315927155e-16,-0.0013275167634318715,-0.00020396859487181729,-0.0013117536237794991,9.4469978796601487e-15,0.0013275167634318715,-3.9353325031743491e-05,1,0,0.0300144,0,0,0,0,0,0,0,0.038041499999999999,418,54,0.22784810126582278,0,0,0,0,0,0,0,0,0,1,20,nan,1,0.0035055316490789131,0,0.0037461375712705969,-0.0056219035759568214,0.0300144,-0.0001124380715191442,-0.0037461375712705969,-0.061266599999999997,0,0,0
639155490583030809,nan,21.171185119939686,0.0018652680633901666,0.00053966839905303376,241,0,0,0,0,4.1660389071366524,-0.46095387509693586,-0.15444145610539706,4.1660305873987449,-0.45908862558808605,-0.15498112450445009,-0.00029514873876013679,0.0018417687613573,-0.00053966839905303376,0,-0.014819577348950622,0.029991382185001199,-0.00029504296544025793,0.00075383350662747508,0.0008095154767946422,-0.00059709842792118883,0.019909,7.2804175882401623e-17,-0.0010879522020931346,-0.00016729602104970098,-0.0010750125745219163,3.6568474500176617e-15,0.0010879522020931346,-5.743002886815507e-05,1,0,0.019909,0,0,0,0,0,0,0,0.017925900000000002,417,55,0.22821576763485477,0,0,0,0,0,0,0,0,0,1,20,nan,1,-0.00029510481113299793,0,0.0082417899827253015,-0.0054695447906851768,0.019909,-0.00016408579676607804,-0.0082417899827253015,-0.041357600000000001,0,0,0
639155490583330832,nan,21.715309511590867,0.0022716376306756844,0.00086094178724221981,237,0,0,0,0,4.166205901886209,-0.45796649797203226,-0.15502571105629148,4.1640114741587189,-0.45855371554152791,-0.15416476926904926,-0.0020774415635697353,-0.00091900711371282117,0.00086094178724221981,0,-0.069244109180411545,0.027209755098803377,-0.0020774825368634611,0.00021682560500215794,0.0020887668692214536,0.00081635523540082855,0.030002299999999999,-3.5700067034516447e-16,0.0011357400918455632,0.00017531448746410661,0.0011221276160537919,-1.1899110079732703e-14,0.0011357400918455634,-4.4586551841391271e-05,1,0,0.030002299999999999,0,0,0,0,0,0,0,0.0079366999999999997,418,50,0.2109704641350211,0,0,0,0,0,0,0,0,0,1,20,nan,1,-0.0020774963433721821,0,0.0042460127429608356,-0.0063695074059069157,0.030002299999999999,-0.00012739014811813387,-0.0042460127429608356,-0.078240900000000002,0,0,0
639155490583531657,nan,22.782871660461591,0.001076548101902745,0.00011669125620281107,239,0,0,0,0,4.1640339347335882,-0.45840917957578314,-0.15416476926904926,4.1650592347086901,-0.45873738039352496,-0.15428146052525207,0.0010635368699032318,-0.00016686863715761457,-0.00011669125620281107,0,0.052958390135852879,0.0058105941094391171,0.0010635368699032654,-2.0597919591754192e-05,0.0010637363150401251,-0.00011669125620281107,0.0200825,3.3901646680906117e-17,0.0001462707175658604,2.2460574869320737e-05,0.00014453596574476313,1.6881188438145707e-15,0.0001462707175658604,0,1,0,0.0200825,0,0,0,0,0,0,0,0.0081574000000000004,418,54,0.22594142259414227,0,0,0,0,0,0,0,0,0,1,20,nan,1,0.0010635368699032654,0,0,-0.0063695074059069157,0.0200825,0,0,-0.091225000000000001,0,0,0
639155490583830950,nan,22.768480646131483,0.003166577207902299,0.00037999262536778095,241,0,0,0,0,4.1650545458514738,-0.45876753045456109,-0.15420777373836542,4.1682148998981088,-0.458569102851833,-0.1545877663637332,0.0030923738349035628,0.00068149488538810977,-0.00037999262536778095,0,0.10332094667564658,0.010234313481475497,0.0030923236093394289,0.00065121026855284722,0.0031601487494652375,-0.00030630583848112458,0.029929299999999999,-3.9826811553539399e-16,-3.0512482076631976e-05,-4.6888572162728792e-06,-3.0150061036127163e-05,-1.3306963929507004e-14,3.0512482076631976e-05,7.3686786886656419e-05,1,0,0.029929299999999999,0,0,0,0,0,0,0,0.038086700000000001,418,54,0.22406639004149378,0,0,0,0,0,0,0,0,0,1,20,nan,1,0.0030923921430522283,0,0.0070343668852615327,-0.0064982925541698933,0.029929299999999999,0.00021053367681905799,0.0070343668852615327,-0.061295700000000002,0,0,0
639155490584030711,nan,20.155548960095693,0.0052123863517707274,0.00049579296282256657,238,0,0,0,0,4.168281920849096,-0.45813901562647236,-0.15464477314355854,4.1631579350843149,-0.45909491382316808,-0.15414898018073597,-0.004915601539553522,-0.001733733827455875,0.00049579296282256657,0,-0.24607908281138252,0.021965557991661288,-0.0049157003661484582,-0.0012981757260764118,0.0050842276016643964,0.00043878618299722505,0.0199761,2.9327668765732895e-16,0.00043527787594781979,6.7020950987206618e-05,0.00043008722536064248,1.468137863032969e-14,0.00043527787594781984,-5.7006779825341525e-05,1,0,0.0199761,0,0,0,0,0,0,0,0.018318600000000001,418,52,0.21848739495798319,0,0,0,0,0,0,0,0,0,1,20,nan,1,-0.004915594628679373,0,0.0081535692045295542,-0.0054292171262204647,0.0199761,-0.00016287651378660284,-0.0081535692045295542,-0.041319599999999998,0,0,0
639155490584331967,nan,21.533625470964694,0.0063039424470662702,0.00066233909249374667,239,0,0,0,0,4.1628578422650282,-0.46102624103043244,-0.15419111860894893,4.1689268201168606,-0.45932119023649925,-0.15485345770144268,0.0057351128253249244,0.002616901078894166,-0.00066233909249374667,0,0.19037705779573705,0.023384680162609504,0.0057352230923312557,0.00066215679045828206,0.0057733210142828281,-0.00070447752070670888,0.030125599999999999,-1.2056328158038809e-16,-0.0019545026174725257,-0.00030009281928666809,-0.001931327207264355,-4.0020209250732963e-15,0.0019545026174725257,-4.2138428212962216e-05,1,0,0.030125599999999999,0,0,0,0,0,0,0,0.0083227000000000006,418,55,0.23012552301255229,0,0,0,0,0,0,0,0,0,1,20,nan,1,0.0057351832215877443,0,0.0039964518276804891,-0.0060198055580258369,0.030125599999999999,-0.00012039550917997133,-0.0039964518276804891,-0.078007000000000007,0,0,0
639155490584531665,nan,20.177495773334631,0.00047931729180049435,0.00025435804231774278,240,0,0,0,0,4.1689949322488458,-0.45888486271175877,-0.15490685310406044,4.1688030511979237,-0.45932409696419818,-0.1546524950617427,-0.00012181484489004924,-0.00046357977715100294,0.00025435804231774278,0,-0.0061011926882022106,0.010063327609689952,-0.00012183959774486051,-2.1961484059149015e-05,0.00012380304665358474,0.0002009626396999864,0.019969799999999999,3.7209818559702512e-16,0.00044161178807832028,6.8112131985209601e-05,0.00043632752474048742,1.8633045178070143e-14,0.00044161178807832028,-5.3395402617756327e-05,1,0,0.019969799999999999,0,0,0,0,0,0,0,0.0082354000000000004,418,56,0.23333333333333334,0,0,0,0,0,0,0,0,0,1,20,nan,1,-0.00012183792218713779,0,0.0076394502295254645,-0.0050852764397859573,0.019969799999999999,-0.00015255829319357761,-0.0076394502295254645,-0.058037199999999997,0,0,0
639155490584831950,nan,18.825704660031565,0.0048099785388619667,0.00052486235339768705,235,0,0,0,0,4.1687979700542286,-0.45935668984099137,-0.15469688212428856,4.1640153450136097,-0.45884444842802485,-0.15417201977089087,-0.0048044387435936401,-0.00023078540545073229,0.00052486235339768705,0,-0.1599963029370986,0.016000642418096903,-0.0048044489827466655,-0.00026355871785311251,0.0048116726016606574,0.00048047529085182283,0.0300285,3.1839799080699699e-16,-3.2986567552667805e-05,-5.0811436951292421e-06,-3.2592876793191561e-05,1.0603193326572989e-14,3.2986567552667805e-05,-4.438706254586422e-05,1,0,0.0300285,0,0,0,0,0,0,0,0.038263900000000003,418,54,0.22978723404255319,0,0,0,0,0,0,0,0,0,1,20,nan,1,-0.0048044322608058691,0,0.0042233271293094631,-0.006341008935123682,0.0300285,-0.0001268201787024692,-0.0042233271293094631,-0.028008700000000001,0,0,0
639155490585030936,nan,19.562154890386545,0.0010360548996985026,0.00036586355830070522,242,0,0,0,0,4.1639887604603132,-0.4590155144184368,-0.15422382110735444,4.1646847375687086,-0.45824803437323769,-0.15458968466565515,0.00056982154796874523,0.00086528212662678836,-0.00036586355830070522,0,0.028638515773697703,0.020989662326207605,0.00056986636997450105,0.00069213325157919448,0.00089654677377675254,-0.00041766489476427465,0.019898599999999999,-2.7799621328886137e-16,-0.00017311935636893675,-2.6584553296515878e-05,-0.00017106599041194492,-1.3970641818462675e-14,0.00017311935636893675,-5.1801336463569436e-05,1,0,0.019898599999999999,0,0,0,0,0,0,0,0.018288700000000001,417,57,0.23553719008264462,0,0,0,0,0,0,0,0,0,1,20,nan,1,0.00056981514923211223,0,0.0074379010818472705,-0.0049334606155753136,0.019898599999999999,-0.00014800381846724608,-0.0074379010818472705,-0.041124099999999997,0,0,0
639155490585331816,nan,21.928762854376863,0.0051632069111072773,0.00130127695428775,244,0,0,0,0,4.1648459353775884,-0.45721360792644183,-0.15455918400061963,4.1597517811551334,-0.45805521256328163,-0.15325790704633188,-0.004903868846257914,-0.0016157895734305976,0.00130127695428775,0,-0.16298256983913642,0.044262749911036479,-0.0049038195613199369,-0.00056902806489926756,0.0049367235317188925,0.0013317776193232655,0.030088,4.2652513465579744e-16,0.0010469110790407878,0.00016119780887979829,0.0010344264467958553,1.4175921784625014e-14,0.0010469110790407878,3.0500665035515517e-05,1,0,0.030088,0,0,0,0,0,0,0,0.0084425000000000004,419,58,0.23770491803278687,0,0,0,0,0,0,0,0,0,1,20,nan,1,-0.0049038443505711408,0,0.0028963293420789945,0.0029048349242657423,0.030088,8.7144757244472792e-05,0.0028963293420789945,-0.077872700000000003,0,0,0
639155490585631608,nan,21.16558984627833,0.0030292830371418645,0.00087138310041104394,243,0,0,0,0,4.159666221664903,-0.45860910610920552,-0.15329782597241071,4.1626931791213586,-0.45872778330129815,-0.15416920907282175,0.003009581749297021,0.0003449252287289538,-0.00087138310041104394,0,0.10038945388614171,0.030397810031283976,0.0030095955159434194,-0.00021565765407910177,0.003017312279720089,-0.00091130202648986858,0.029979200000000001,-3.9051607000212263e-16,-0.00056046274326188635,-8.5559490230480151e-05,-0.00055389354592388917,-1.302623385554393e-14,0.00056046274326188635,-3.9918926078824635e-05,1,0,0.029979200000000001,0,0,0,0,0,0,0,0.038421700000000003,419,56,0.23045267489711935,0,0,0,0,0,0,0,0,0,1,20,nan,1,0.0030096078093667595,0,0.0038044402289229709,-0.0057027037255465984,0.029979200000000001,-0.00011405407451092753,-0.0038044402289229709,-0.047893499999999999,0,0,0
639155490585832030,nan,22.298386225826665,0.0021497715782945624,8.2351479026410157e-05,239,0,0,0,0,4.1626713212774611,-0.45886843651951681,-0.15420927212013769,4.1647451763861865,-0.45830218319559124,-0.1542916235991641,0.0019622694483056001,0.00087807542448785662,-8.2351479026410157e-05,0,0.097908644016536622,0.0061078387772972023,0.0019623046251082302,0.00073565534261471719,0.0020956689206166916,-0.00012241452634234598,0.0200422,1.2947745631729235e-16,-0.00014234146667472999,-2.1857843897521434e-05,-0.00014065321821865595,6.4602417058652423e-15,0.00014234146667472999,-4.0063047315935796e-05,1,0,0.0200422,0,0,0,0,0,0,0,0.018452300000000001,418,57,0.2384937238493724,0,0,0,0,0,0,0,0,0,1,20,nan,1,0.0019622625181875269,0,0.0057112417536040183,-0.0057232924737036228,0.0200422,-0.00011446584947408245,-0.0057112417536040183,-0.061260599999999998,0,0,0
639155490586031574,nan,20.62583495679851,0.00081141515285556665,0.00016312211803096166,230,0,0,0,0,4.1648577735135319,-0.45757821509340779,-0.15434992401568753,4.1656508192703843,-0.45774989205115724,-0.1545130461337185,0.00081001101082506786,-4.7714909889616855e-05,-0.00016312211803096166,0,0.040592963338899973,0.011096426580323119,0.0008100082276497456,0.00068490963860794586,0.0010607613029887304,-0.00022142253455439964,0.019954400000000001,3.8590821076905923e-16,0.00073267177239576557,0.00011259712734545957,0.00072396810218344765,1.9339504608961394e-14,0.00073267177239576557,-5.8300416523437981e-05,1,0,0.019954400000000001,0,0,0,0,0,0,0,0.0182913,417,51,0.22173913043478261,0,0,0,0,0,0,0,0,0,1,20,nan,1,0.00080995118124443943,0,0.0083476636049417546,-0.0055523836053907871,0.019954400000000001,-0.00016657261863844974,-0.0083476636049417546,-0.041306200000000001,0,0,0
639155490586332192,nan,21.822962454149692,0.0023035601376121761,0.00063221193003118459,236,0,0,0,0,4.1658096589438509,-0.45673008433977635,-0.15455424522367775,4.1666538645842177,-0.45887337763383779,-0.15392203329364657,0.001164080787799142,-0.0019877890298200052,0.00063221193003118459,0,0.03872019944620745,0.01965992854958554,0.001163998891711999,-0.00095573340225583623,0.001506094205584192,0.00059101284007193056,0.0300618,-1.7138525841564611e-16,0.00103210358494625,0.00015883967346663752,0.0010198077113808823,-5.7010976859551361e-15,0.00103210358494625,-4.1199089959254032e-05,1,0,0.0300618,0,0,0,0,0,0,0,0.0083443000000000007,418,53,0.22457627118644069,0,0,0,0,0,0,0,0,0,1,20,nan,1,0.0011640551401907954,0,0.0039156566006661063,-0.0058855842798948288,0.0300618,-0.00011771168559790435,-0.0039156566006661063,-0.077815599999999999,0,0,0
639155490586531322,nan,22.198787792565476,0.0034712868903394706,0.00061437916903098189,235,0,0,0,0,4.1665567341239944,-0.45949942299254881,-0.15398274539644716,4.1633549344819283,-0.45815841153580883,-0.15459712456547814,-0.0033695937306901973,0.00083406880120047032,-0.00061437916903098189,0,-0.16921323187913911,0.03390203745450579,-0.0033695430864092973,0.00020073796340858141,0.0033755171960933804,-0.0006750912718315738,0.019913,3.7174581989096733e-17,-0.0006335354113755653,-9.7130460223304738e-05,-0.00062604535871102485,1.8668498965046318e-15,0.0006335354113755653,-6.0712102800591916e-05,1,0,0.019913,0,0,0,0,0,0,0,0.0082331999999999995,418,55,0.23404255319148937,0,0,0,0,0,0,0,0,0,1,20,nan,1,-0.0033695604840556217,0,0.0087110506131103174,-0.005782105028629303,0.019913,-0.00017346315085886577,-0.0087110506131103174,-0.0915662,0,0,0
639155490586831640,nan,21.762726086702248,0.0030565331912533675,0.00034222996752442114,238,0,0,0,0,4.1634010232036234,-0.45786266892222111,-0.15464081178563327,4.165992953200889,-0.45948263621772678,-0.15429858181810885,0.0028105160839132408,-0.0012014135388360139,0.00034222996752442114,0,0.093582921929870916,0.0099408875714839043,0.0028104635948134975,-0.00090222400323643377,0.0029517306397752463,0.00029854274736929032,0.030031800000000001,4.6363195400911383e-17,0.00029931231808795554,4.6088721695092261e-05,0.00029574261358772391,1.5438034150770644e-15,0.00029931231808795548,-4.368722015513083e-05,1,0,0.030031800000000001,0,0,0,0,0,0,0,0.038265,418,51,0.21428571428571427,0,0,0,0,0,0,0,0,0,1,20,nan,1,0.002810519897423815,0,0.0041562819749280311,-0.00624106265604496,0.030031800000000001,-0.00012482062901464364,-0.0041562819749280311,-0.061534400000000003,0,0,0
639155490587031256,nan,22.440414332759339,0.0044424276064875872,0.00065663574296562222,241,0,0,0,0,4.1659007025756862,-0.46007575481231283,-0.15435886603103902,4.1702556267438355,-0.45919837318009565,-0.15501550177400464,0.0041682509922580484,0.0015365047036774208,-0.00065663574296562222,0,0.20881811135683553,0.035914954507443773,0.0041683436116606081,0.00093600360225144243,0.0042721412907697088,-0.0007169199558957896,0.019961599999999999,-8.3212516738262465e-18,-0.00060024981890379478,-9.2250625202794367e-05,-0.00059311859458605065,-4.1686296057561755e-16,0.00060024981890379467,-6.028421293016728e-05,1,0,0.019961599999999999,0,0,0,0,0,0,0,0.018066100000000002,417,53,0.21991701244813278,0,0,0,0,0,0,0,0,0,1,20,nan,1,0.0041682629872880706,0,0.0086285973254542504,-0.0057413536123931408,0.019961599999999999,-0.00017224060837178756,-0.0086285973254542504,-0.0415728,0,0,0
639155490587308962,nan,19.41321993383313,0.0071577094676777706,0.00052648012941111666,236,0,0,0,0,4.1704573175405129,-0.4579077108258981,-0.15506108706965577,4.163338000685469,-0.45716735122329105,-0.15453460694024465,-0.0071482414642183448,-0.00036803368448224045,0.00052648012941111666,0,-0.25740380955814052,0.017316688647706108,-0.0071482582337152973,0.00093861850425809449,0.00720961860797187,0.00048089483375998721,0.027770599999999999,2.670118900288676e-16,0.0013063263336575252,0.00020169079667731182,0.0012906623541975581,9.6149125344381332e-15,0.0013063263336575252,-4.5585295651129343e-05,1,0,0.027770599999999999,0,0,0,0,0,0,0,0.0057983000000000002,417,56,0.23728813559322035,0,0,0,0,0,0,0,0,0,1,20,nan,1,-0.0071483193431322025,0,0.0046899851591367123,-0.0065121850930154324,0.027770599999999999,-0.00013024370186032197,-0.0046899851591367123,-0.046893999999999998,0,0,0
639155490587531772,nan,22.778664244862401,0.0035734480058685456,0.00022276000271578833,241,0,0,0,0,4.1634543387752618,-0.4564205248230736,-0.15459588795913512,4.166350853001985,-0.45851330670015394,-0.15481864796185091,0.0031842181939269248,-0.0016218153853354083,-0.00022276000271578833,0,0.14290735610828309,0.012748127175901316,0.0031841188014486554,-0.00086617705181706245,0.0032998295754225432,-0.00028404102160625722,0.022280999999999999,-1.1781211856770613e-16,0.000755833462608264,0.00011633808979283344,0.00074682640021744851,-5.2875597400343852e-15,0.000755833462608264,-6.1281018890468886e-05,1,0,0.022280999999999999,0,0,0,0,0,0,0,0.0081668000000000001,417,56,0.23236514522821577,0,0,0,0,0,0,0,0,0,1,20,nan,1,0.0031841946181216832,0,0.0078582031956038103,-0.0058362875133752823,0.022280999999999999,-0.00017508862540124848,-0.0078582031956038103,-0.057875200000000002,0,0,0
639155490587831402,nan,21.277604016201884,0.0014333766508579792,0.00076829839254297094,246,0,0,0,0,4.1661714248736468,-0.45966298908614139,-0.1548134022914075,4.1648698111694191,-0.45906268050866511,-0.15404510389886453,-0.0013786118444335878,0.00039242579631346613,0.00076829839254297094,0,-0.046010543101536377,0.025816642625450758,-0.0013786139029513345,-0.00077118104092202295,0.0015796507497824596,0.00077354406298638101,0.029963,-3.1355126828280788e-16,-0.0011635996054866844,-0.00017942812833826594,-0.0011496823859874494,-1.0464615301632276e-14,0.0011635996054866846,5.2456704434100665e-06,1,0,0.029963,0,0,0,0,0,0,0,0.018267599999999998,417,54,0.21951219512195122,0,0,0,0,0,0,0,0,0,1,20,nan,1,-0.0013786196820006148,0,0.0005002045802585429,-0.0056978510692715645,0.029963,1.498762983828672e-05,0.0005002045802585429,-0.027912200000000002,0,0,0
639155490588031432,nan,20.820288226841729,0.0019049183441086851,1.7367205401075392e-05,236,0,0,0,0,4.1647909262489753,-0.45957071323521759,-0.15410704854612894,4.1630402573623222,-0.45881979889454577,-0.15412441575153002,-0.001845185386470215,0.00047329144010697845,-1.7367205401075392e-05,0,-0.092243966657959475,0.0039649978835920785,-0.0018451560650591635,-4.0714949532883029e-05,0.0018456052155160596,-7.9311852665492344e-05,0.020003,-3.5693290770938413e-16,-0.00051412068808964805,-7.8884920443833551e-05,-0.00050803272655247644,-1.7843968790150685e-14,0.00051412068808964805,-6.1944647264416952e-05,1,0,0.020003,0,0,0,0,0,0,0,0.018285699999999998,417,54,0.2288135593220339,0,0,0,0,0,0,0,0,0,1,20,nan,1,-0.0018451524548728589,0,0.0088479081372675461,-0.0058995098806917667,0.020003,-0.00017698470646976272,-0.0088479081372675461,-0.041508999999999997,0,0,0
639155490588330596,nan,22.415926986448181,0.0016662156142757635,0.00056435820956010629,237,0,0,0,0,4.1630308757609376,-0.45888018646431783,-0.15416680359885301,4.164096017700853,-0.45759887966222496,-0.15473116180841312,0.0008557557400998689,0.0014296700971001964,-0.00056435820956010629,0,0.028606929308623828,0.020281386025160136,0.00085581633996851386,0.0013685218509430104,0.0016140860151384704,-0.00060674605688310068,0.029916399999999999,-3.5419360315796372e-16,-6.1111971229174347e-05,-9.3816013846392821e-06,-6.0387569772057947e-05,-1.1839446028197368e-14,6.1111971229174347e-05,-4.2387847322994388e-05,1,0,0.029916399999999999,0,0,0,0,0,0,0,0.0082039999999999995,417,56,0.23628691983122363,0,0,0,0,0,0,0,0,0,1,20,nan,1,0.00085573346883483295,0,0.0040482188768866563,-0.0060554067604243755,0.029916399999999999,-0.00012110813520849195,-0.0040482188768866563,-0.0780164,0,0,0
639155490588530470,nan,19.28737025599003,0.001726527411539412,0.00033695878880674046,238,0,0,0,0,4.1642369812495534,-0.45669513941457912,-0.15478602883481002,4.1640116884750658,-0.45840690460541594,-0.15444907004600328,4.1301300713020392e-05,-0.001726033344219165,0.00033695878880674046,0,0.0020616287428105893,0.014113479612648059,4.1206598334052373e-05,-0.00081136782250371272,0.00081241351979191004,0.0002820917624098418,0.019987399999999999,2.1022680124493931e-16,0.00091466778519699041,0.00014096354870041239,0.00090374024764583449,1.0517966381067038e-14,0.00091466778519699041,-5.4867026396898666e-05,1,0,0.019987399999999999,0,0,0,0,0,0,0,0.028191399999999998,417,53,0.22268907563025211,0,0,0,0,0,0,0,0,0,1,20,nan,1,4.1270194407028984e-05,0,0.0078430877734252426,-0.0052253962494432926,0.019987399999999999,-0.00015676293256255969,-0.0078430877734252426,-0.058028999999999997,0,0,0
639155490588830543,nan,20.897415674240584,0.0021318902027679218,8.0126510992373223e-05,239,0,0,0,0,4.163824296116891,-0.45961053718025152,-0.15449147212486652,4.165876825343438,-0.4590342736894521,-0.15441134561387415,0.0019394093473574748,0.00088523851025602385,8.0126510992373223e-05,0,0.064632502143380122,0.0012571751583490356,0.0019394468815670505,-0.00033297642400844702,0.0019678230371061346,3.7724432129127017e-05,0.030007300000000001,-7.0391826048621375e-17,-0.0012181326984805993,-0.00018739235817477606,-0.0012036325748355781,-2.3458233845971273e-15,0.0012181326984805996,-4.2402078863246206e-05,1,0,0.030007300000000001,0,0,0,0,0,0,0,0.018202900000000001,416,56,0.23430962343096234,0,0,0,0,0,0,0,0,0,1,20,nan,1,0.0019394670478554308,0,0.0040373108127721028,-0.0060574398376047611,0.030007300000000001,-0.00012114879675209633,-0.0040373108127721028,-0.061492999999999999,0,0,0
639155490589030426,nan,21.630544541815631,0.0024459101068025806,0.00039489963072386614,235,0,0,0,0,4.1658427052768596,-0.45925348336644328,-0.15447471681119468,4.1635001718198916,-0.45854991158364883,-0.15407981718047081,-0.0024228920340159444,0.00033476923702916491,0.00039489963072386614,0,-0.12121445117509773,0.016586124553030452,-0.0024228708144232061,0.00011307359169834494,0.0024255079098043229,0.0003315284334033386,0.019988300000000001,3.1935174990560533e-16,-0.00022184918622768991,-3.4120066578324781e-05,-0.00021920967699118332,1.5976934001671244e-14,0.00022184918622768991,-6.3371197320527539e-05,1,0,0.019988300000000001,0,0,0,0,0,0,0,0.018079100000000001,416,52,0.22127659574468084,0,0,0,0,0,0,0,0,0,1,20,nan,1,-0.0024228810410787229,0,0.009058327310122816,-0.0060353521257638931,0.019988300000000001,-0.0001810605637729279,-0.009058327310122816,-0.041504699999999999,0,0,0
639155490589330562,nan,25.310794387702181,0.0018412282017191003,0.0002342713815750852,242,0,0,0,0,4.1635264142237469,-0.45838094458423895,-0.15411714404546395,4.1652381964365155,-0.45770276839263763,-0.15435141542703903,0.0015873879002091503,0.00093290993406402122,-0.0002342713815750852,0,0.05289011387193987,0.0090491725940314415,0.0015874227217068547,0.0011038434022432645,0.0019334893726284568,-0.00027159824656822207,0.030013600000000001,4.0248972774450942e-16,0.00017099272104298158,2.6242403855292196e-05,0.0001689669994098808,1.3410244947107624e-14,0.00017099272104298158,-3.7326864993136859e-05,1,0,0.030013600000000001,0,0,0,0,0,0,0,0.0080931000000000006,417,55,0.22727272727272727,0,0,0,0,0,0,0,0,0,1,20,nan,1,0.0015873638580019269,0,0.0035533286808193975,-0.0053324359469115734,0.030013600000000001,-0.00010664818569464107,-0.0035533286808193975,-0.077920100000000006,0,0,0
639155490589531163,nan,21.487617518913119,0.0036669943983109973,7.6646266243207695e-05,244,0,0,0,0,4.1653516653321967,-0.45697348221813283,-0.15441643433259866,4.1683564049332231,-0.45907547837589996,-0.15433978806635545,0.0032922819403060108,-0.0016148459811322943,7.6646266243207695e-05,0,0.1641156792752034,0.00057962625727590541,0.003292176937828508,-0.00087699939402364753,0.0034069864876585193,1.162736068358039e-05,0.020060100000000001,-2.4452824747694946e-16,0.00073806064426370143,0.00011346889568120133,0.00072928617450479516,-1.2189782078700976e-14,0.00073806064426370133,-6.5018905559627305e-05,1,0,0.020060100000000001,0,0,0,0,0,0,0,0.0281532,417,54,0.22131147540983606,0,0,0,0,0,0,0,0,0,1,20,nan,1,0.0032922583829707846,0,0.0092605870159531128,-0.0061922767199575901,0.020060100000000001,-0.00018576830159872104,-0.0092605870159531128,-0.057860000000000002,0,0,0
639155490589831317,nan,20.863087355916317,0.0020641413621215153,3.5051691209375679e-05,237,0,0,0,0,4.1681546697652605,-0.46037216791962882,-0.1543833585461992,4.1662445046689776,-0.45958989631221664,-0.15434830685498982,-0.002007737171698807,0.00047924003609855213,3.5051691209375679e-05,0,-0.066889539672118067,0.00028381392999477504,-0.0020077162890744927,-0.00083296088858347155,0.0021736486697083363,-8.5187886343651709e-06,0.030015400000000001,2.5646802390144607e-16,-0.0013122884022990756,-0.00020173516796262447,-0.0012966895437288573,8.5445479287780962e-15,0.0013122884022990756,-4.357047984374085e-05,1,0,0.030015400000000001,0,0,0,0,0,0,0,0.017920700000000001,416,55,0.2320675105485232,0,0,0,0,0,0,0,0,0,1,20,nan,1,-0.0020076644387487393,0,0.0041474404894790776,-0.006224354263395071,0.030015400000000001,-0.0001244870852679103,-0.0041474404894790776,-0.061106100000000003,0,0,0
639155490590031730,nan,19.956146872266711,0.0022673925968274304,8.7517272336079532e-05,243,0,0,0,0,4.1661589996940558,-0.46013946429504404,-0.15440798849779044,4.1645733378575009,-0.45851874046655217,-0.15449550577012652,-0.0018160563025249952,0.0013575745630377294,-8.7517272336079532e-05,0,-0.090611650791658852,0.0073447787886366496,-0.0018159752770108726,0.00080150305724142825,0.001984986991766463,-0.00014719891513670369,0.020041300000000001,-2.796563978654798e-16,-0.00055617988860201843,-8.5504974921768451e-05,-0.0005495679828274036,-1.3954004873210809e-14,0.00055617988860201843,-5.9681642800624157e-05,1,0,0.020041300000000001,0,0,0,0,0,0,0,0.0181073,417,56,0.23045267489711935,0,0,0,0,0,0,0,0,0,1,20,nan,1,-0.0018160436061521292,0,0.0085083791685275894,-0.0056839659810066223,0.020041300000000001,-0.00017051897943021199,-0.0085083791685275894,-0.074713100000000005,0,0,0
639155490590331236,nan,21.622676090635924,0.001961421725228619,0.00033268838290589908,235,0,0,0,0,4.1647575960211523,-0.45733560045368588,-0.15447703772144683,4.1631786171521981,-0.45849921590373582,-0.15414434933854093,-0.0013811387823523828,-0.0013927063035977794,0.00033268838290589908,0,-0.046113034849032078,0.011724520763710642,-0.0013811130615494203,-0.00019532988908853988,0.0013948573598593348,0.00035115643158559195,0.029950600000000001,-3.787118188491867e-16,0.0011974019212099996,0.00018425816365130743,0.0011831400128662906,-1.2644548651752777e-14,0.0011974019212099996,1.8468048679692872e-05,1,0,0.029950600000000001,0,0,0,0,0,0,0,0.0078490000000000001,417,53,0.22553191489361701,0,0,0,0,0,0,0,0,0,1,20,nan,1,-0.0013811182144428948,0,0.0017617628151206006,0.0017588676419109106,0.029950600000000001,5.2765853370551064e-05,0.0017617628151206006,-0.0779025,0,0,0
639155490590630564,nan,21.868212905732513,0.0017876635289546887,5.8321808235034522e-05,242,0,0,0,0,4.1631487194892323,-0.45869163614407504,-0.15406566076638006,4.1646434885652104,-0.45967214942917334,-0.15400733895814503,0.0016275305721498068,-0.00073951682162913198,5.8321808235034522e-05,0,0.054374758079224435,0.0045772657551549538,0.0016275887586338091,-0.00093411784295390626,0.0018765983352214725,0.00013701038039590219,0.029932799999999999,2.5478751053409354e-17,-0.00019472909167101666,-2.9897662965794325e-05,-0.00019242024033921945,8.5119838616532219e-16,0.00019472909167101666,7.8688572160867665e-05,1,0,0.029932799999999999,0,0,0,0,0,0,0,0.018210899999999999,417,56,0.23140495867768596,0,0,0,0,0,0,0,0,0,1,20,nan,1,0.0016274837420658037,0,0.0075109743120687824,0.0074941497296094894,0.029932799999999999,0.00022482449188829245,0.0075109743120687824,-0.047969699999999997,0,0,0
639155490590831315,nan,22.369286116504888,0.0041840552592004214,0.00017411172720960266,242,0,0,0,0,4.1645473629850516,-0.46029136926123887,-0.15402597761624948,4.1609898266411998,-0.45808904013637669,-0.15420008934345908,-0.0038532964338810643,0.0016304677257407375,-0.00017411172720960266,0,-0.1919425578692695,0.0096014657617670644,-0.0038532660434813719,0.001003903026221907,0.0039818940829590239,-0.00019275038531404998,0.020075099999999999,-1.1290610373720922e-16,-0.00062663651951042054,-9.612558015881234e-05,-0.00061921983206553177,-5.6241863670521801e-15,0.00062663651951042054,-1.8638658104447314e-05,1,0,0.020075099999999999,0,0,0,0,0,0,0,0.0182136,417,56,0.23140495867768596,0,0,0,0,0,0,0,0,0,1,20,nan,1,-0.0038532927726943923,0,0.0026527045379552273,-0.0053253308869898319,0.020075099999999999,-5.3253308869904981e-05,-0.0026527045379552273,-0.061262200000000003,0,0,0
639155490591031641,nan,20.784082135123739,0.002764140912915769,0.00022897769178709113,241,0,0,0,0,4.1611435755733739,-0.45709988118227496,-0.15426153426030248,4.1639072008704154,-0.4571532684841999,-0.15449051195208957,0.0027390109638352569,0.00037187891368707345,-0.00022897769178709113,0,0.13672882245609461,0.014497499507327642,0.002739033808733961,0.0013727471627804433,0.0030637788722930747,-0.00029042260863049174,0.020032600000000001,3.2873009869760494e-16,0.0010010365480961803,0.00015374893217412477,0.00098915895410173205,1.6409757030919847e-14,0.0010010365480961801,-6.1444916843400574e-05,1,0,0.020032600000000001,0,0,0,0,0,0,0,0.038246200000000001,417,56,0.23236514522821577,0,0,0,0,0,0,0,0,0,1,20,nan,1,0.0027389133005601041,0,0.0087635606594622679,-0.0058518578298389912,0.020032600000000001,-0.00017555690526674383,-0.0087635606594622679,-0.041229599999999998,0,0,0
639155490591330415,nan,20.450798015069367,0.0034704302747221014,5.3160754942355171e-05,241,0,0,0,0,4.1642224257385463,-0.45512911174292586,-0.15453134488466241,4.1656755562471144,-0.4582806665999411,-0.15458450563960477,0.0019208926889342935,-0.002890338659968154,-5.3160754942355171e-05,0,0.064288548077445731,0.0031459794866754839,0.0019207746663290771,-0.00084186218044600587,0.0020971664811542459,-9.3993687515198099e-05,0.029877399999999998,-2.5435382966509934e-16,0.0020485549127942011,0.00031522486813084782,0.0020241567412740413,-8.5132518112385729e-15,0.0020485549127942011,-4.0832932572842928e-05,1,0,0.029877399999999998,0,0,0,0,0,0,0,0.027976999999999998,417,54,0.22406639004149378,0,0,0,0,0,0,0,0,0,1,20,nan,1,0.001920823771206343,0,0.0039048083714316112,-0.0058332760818302631,0.029877399999999998,-0.00011666552163661081,-0.0039048083714316112,-0.044957200000000003,0,0,0
639155490591531229,nan,20.624212239272275,0.00013397856273842304,0.00014335508902990624,245,0,0,0,0,4.1655884530809208,-0.4588396375105343,-0.15464782201159516,4.1657224001197006,-0.45884254372380617,-0.15450446692256525,0.00013279614345491076,1.776061814679679e-05,0.00014335508902990624,0,0.0066129486851789401,0.0039857139960120108,0.00013279726772655236,-0.00054796453936922372,0.00056382643669995042,8.0038717039515594e-05,0.020081399999999999,-7.5568891422239659e-17,-0.00056571674931040741,-8.7103166193536197e-05,-0.00055897091059320392,-3.7631286375571253e-15,0.00056571674931040741,-6.3316371990390641e-05,1,0,0.020081399999999999,0,0,0,0,0,0,0,0.0081910000000000004,417,56,0.22857142857142856,0,0,0,0,0,0,0,0,0,1,20,nan,1,0.00013284683164982946,0,0.009008531276328809,-0.0060301306657493114,0.020081399999999999,-0.00018090391997246935,-0.009008531276328809,-0.057807699999999997,0,0,0
639155490591831345,nan,22.325217030425613,0.003436565063735718,0.00011963347404514436,240,0,0,0,0,4.1655963718955817,-0.45965173580713742,-0.15448507896482511,4.1627423537705601,-0.45773743176144954,-0.15436544549077996,-0.0031145858300950747,0.0014523548272580825,0.00011963347404514436,0,-0.10378033785949496,0.0046322565869627462,-0.0031146139877040189,0.00063334698228369592,0.0031783562878269951,0.00013902143178529114,0.030011599999999999,-3.0691052997633417e-16,-0.0008189474592429735,-0.00012602822411889036,-0.00080919208333124493,-1.0226396792451391e-14,0.0008189474592429735,1.9387957740146788e-05,1,0,0.030011599999999999,0,0,0,0,0,0,0,0.018122099999999999,416,52,0.21666666666666667,0,0,0,0,0,0,0,0,0,1,20,nan,1,-0.0031145964446457563,0,0.0018457584724543646,0.0018464783206582069,0.030011599999999999,5.5394164971911408e-05,0.0018457584724543646,-0.027796100000000001,0,0,0
639155490592130451,nan,21.670970342324345,0.0010973310554008009,0.00012862949452233097,234,0,0,0,0,4.1628394714794652,-0.45711329541774692,-0.15440699223321186,4.1631463447526418,-0.45816684382164535,-0.15427836273868953,0.00046525197908918166,-0.00099381891766087615,0.00012862949452233097,0,0.015553372006886539,0.0029114344777581799,0.00046521068874918049,-0.00036219117344080446,0.00058957902866784014,8.7082752090433813e-05,0.029910599999999999,1.2606560760575203e-16,0.00063164707306647598,9.7117708905081201e-05,0.00062413634370261928,4.2147468658519736e-15,0.00063164707306647609,-4.1546742431897161e-05,1,0,0.029910599999999999,0,0,0,0,0,0,0,0.0079281000000000004,417,54,0.23076923076923078,0,0,0,0,0,0,0,0,0,1,20,nan,1,0.00046523218487747064,0,0.0039686592170209553,-0.0059352489188313484,0.029910599999999999,-0.00011870497837662697,-0.0039686592170209553,-0.064927600000000002,0,0,0
639155490592330320,nan,20.231086489491915,0.0051558204600299935,0.00026494618238143142,239,0,0,0,0,4.1631091494951926,-0.45840601983184182,-0.15431970349864491,4.1682637087128933,-0.45829198524375248,-0.15458464968102634,0.0050757760986367339,0.0009049760287278036,-0.00026494618238143142,0,0.25395701718104569,0.015324384588746062,0.0050758135066958417,0.00066271526499115242,0.0051188938528951957,-0.00030628694233680864,0.019986899999999998,-2.5266654003416877e-16,-0.00024205092652210156,-3.7195257449162966e-05,-0.0002391760101964624,-1.264160725446011e-14,0.00024205092652210153,-4.1340759955377226e-05,1,0,0.019986899999999998,0,0,0,0,0,0,0,0.0080850999999999996,417,55,0.23012552301255229,0,0,0,0,0,0,0,0,0,1,20,nan,1,0.0050757743590544085,0,0.0059096937001379994,-0.0059058228507637978,0.019986899999999998,-0.00011811645701528817,-0.0059096937001379994,-0.077859600000000001,0,0,0
639155490592531360,nan,18.985034964438892,0.0040993455265339986,0.00042524320807296734,238,0,0,0,0,4.1683665853854208,-0.45763179095474599,-0.15464862398631524,4.1642880819239467,-0.45804463869987505,-0.15422338077824227,-0.0039662372935252684,-0.0010361445253262973,0.00042524320807296734,0,-0.1972892743750094,0.017970001133310168,-0.0039663035720351892,-0.00036772904728717842,0.003983313780981588,0.00036126890278406765,0.020104,-1.1236400265096647e-16,0.00066816173864350727,0.00010287667252750765,0.00066019428900648824,-5.5891366221133337e-15,0.00066816173864350738,-6.3974305288899691e-05,1,0,0.020104,0,0,0,0,0,0,0,0.028189100000000002,417,51,0.21428571428571427,0,0,0,0,0,0,0,0,0,1,20,nan,1,-0.0039662699480276795,0,0.0090919085454017681,-0.0060927909798920155,0.020104,-0.00018278372939675713,-0.0090919085454017681,-0.057755599999999997,0,0,0
639155490592831076,nan,22.872924888184066,0.0015246659793669843,0.00010392846989509819,238,0,0,0,0,4.1642041964004042,-0.45858424169604117,-0.15426206218942662,4.1629093220857989,-0.4593891683125812,-0.15436599065932172,-0.0011558201688388735,-0.0009943269512310139,-0.00010392846989509819,0,-0.038565129320554448,0.0047581671008370382,-0.0011558586299439298,-0.0015403666441199412,0.001925808549865014,-0.00014260988107944739,0.029971600000000001,-1.1228268748803005e-16,-0.00054608440238800384,-8.3885523542548412e-05,-0.00053960299616612195,-3.7463027495372302e-15,0.00054608440238800384,-3.8681411184349201e-05,1,0,0.029971600000000001,0,0,0,0,0,0,0,0.018235100000000001,416,55,0.23109243697478993,0,0,0,0,0,0,0,0,0,1,20,nan,1,-0.0011557735088141715,0,0.0036874346938307171,-0.0055259158834815025,0.029971600000000001,-0.00011051831766961673,-0.0036874346938307171,-0.061122500000000003,0,0,0
639155490593030247,nan,20.409833399503484,0.002589348700515397,0.00031506067540984506,239,0,0,0,0,4.1627519193736759,-0.46040072842673863,-0.15443008452766152,4.1626459844594272,-0.45781354762772131,-0.15474514520307137,-0.00050262658650089749,0.0025400970862160428,-0.00031506067540984506,0,-0.025227758098335752,0.019036634035559847,-0.00050246378082036299,0.0015163961873419203,0.0015974752730547684,-0.00037915454374964902,0.0199171,3.0764236644276188e-17,-0.0010237331089389694,-0.00015740271212294488,-0.0010115601141574282,1.544614258314523e-15,0.0010237331089389694,-6.4093868339804017e-05,1,0,0.0199171,0,0,0,0,0,0,0,0.018103500000000002,416,54,0.22594142259414227,0,0,0,0,0,0,0,0,0,1,20,nan,1,-0.00050260262399617114,0,0.0091943776008354058,-0.0061041982844471931,0.0199171,-0.00018312533811359888,-0.0091943776008354058,-0.074893399999999999,0,0,0
639155490593330282,nan,20.959050431404055,0.0034168204879822897,0.00028195869679523144,241,0,0,0,0,4.1629980198096348,-0.45555679895575557,-0.15472821854368385,4.1653729276261044,-0.45801331582123134,-0.15444625984688862,0.0027251135378870916,-0.0020611691955586837,0.00028195869679523144,0,0.090827684310357953,0.0099616830097404869,0.0027251484262058247,0.00022291796826120897,0.0027342506039911168,0.0002988853561827487,0.030003499999999999,2.0990154059319366e-16,0.002284041036455972,0.00035203535020755794,0.0022567486719657359,6.9959018312261458e-15,0.002284041036455972,1.6926659387517248e-05,1,0,0.030003499999999999,0,0,0,0,0,0,0,0.0081800999999999992,418,56,0.23236514522821577,0,0,0,0,0,0,0,0,0,1,20,nan,1,0.0027251538157755592,0,0.0016118747467594929,0.0016120627988129854,0.030003499999999999,4.8361883964398444e-05,0.0016118747467594929,-0.077892299999999998,0,0,0
639155490593631512,nan,23.19275267864634,0.0041027249075619729,0.00021569036466856373,247,0,0,0,0,4.1654072305425753,-0.45779298201781238,-0.15448949333204659,4.1693789931622725,-0.45882130753043282,-0.15470518369671515,0.0040826940778270612,-0.00040492065149266203,-0.00021569036466856373,0,0.13553353145039507,0.0085955532259913252,0.004082676567880251,-0.00018210909997276397,0.0040867360671092224,-0.00025892384982653671,0.030123,-2.8763883636040433e-16,0.00022298806023523593,3.4302916470885236e-05,0.00022033380341895947,-9.5488110865585869e-15,0.00022298806023523593,-4.3233485157972984e-05,1,0,0.030123,0,0,0,0,0,0,0,0.018104100000000001,417,58,0.23481781376518218,0,0,0,0,0,0,0,0,0,1,20,nan,1,0.0040826878075378237,0,0.0041006620624909514,-0.0061761504039168358,0.030123,-0.00012352424330841494,-0.0041006620624909514,-0.047769300000000001,0,0,0
639155490593831193,nan,22.375111976106169,0.0077698781350446196,0.00046580074143201533,240,0,0,0,0,4.1693604999254763,-0.45893989091113807,-0.15473916073959879,4.1617077129043967,-0.45759606910619532,-0.15427335999816677,-0.0077684627449397222,0.00014829974351984829,0.00046580074143201533,0,-0.38904340932129144,0.021625677883643595,-0.0077684577016684797,2.8546952382511133e-05,0.0077685101526034361,0.00043182369854838365,0.019968099999999999,3.8748369205095223e-16,-0.00012001674044350952,-1.8493236796146562e-05,-0.00011858338070525054,1.9405135794139263e-14,0.00012001674044350954,-3.3977042883631681e-05,1,0,0.019968099999999999,0,0,0,0,0,0,0,0.0178549,417,56,0.23333333333333334,0,0,0,0,0,0,0,0,0,1,20,nan,1,-0.007768459078147277,0,0.0048616175490808263,-0.0048538632690906525,0.019968099999999999,-9.7077265381800837e-05,-0.0048616175490808263,-0.061045700000000001,0,0,0
639155490594017454,nan,21.60089531789588,0.0012460582470259602,0.00034524375155928211,238,0,0,0,0,4.1617122855113422,-0.45756666498334947,-0.15425334707721161,4.1625072114687818,-0.45852622419317979,-0.15390810332565233,0.00093291635933846892,-0.00082603161044845315,0.00034524375155928211,0,0.050087398352699035,0.019609938339987504,0.00093293289045720746,-0.00079625540010732515,0.0012265343208801441,0.00036525667251444122,0.0186261,2.3763594038514121e-16,2.9757539794352198e-05,4.5726069455298557e-06,2.9404122845855252e-05,1.2758223159176704e-14,2.9757539794352198e-05,2.0012920955159164e-05,1,0,0.0186261,0,0,0,0,0,0,0,0.036481,417,54,0.22689075630252101,0,0,0,0,0,0,0,0,0,1,20,nan,1,0.00093291012522395459,0,0.0030698736803571711,0.0028589887078851461,0.0186261,5.7179774157700702e-05,0.0030698736803571711,-0.042419600000000002,0,0,0
639155490594288312,nan,20.531641246075409,0.001278688405635489,0.00063000938195792444,235,0,0,0,0,4.1623296276160646,-0.45967092967005169,-0.15396578035371528,4.1630855978527341,-0.4586396425907297,-0.1545957897356732,0.00058887128568823493,0.0011350218709780503,-0.00063000938195792444,0,0.021743376580962349,0.025389185847228855,0.00058893674939663001,-2.3410409103721271e-05,0.00058940185106960143,-0.00068768641002087127,0.0270858,-3.9164092975607634e-16,-0.0011583983138482162,-0.00017758385271715582,-0.0011447054768718989,-1.4459271269671795e-14,0.001158398313848216,-5.7677028062946833e-05,1,0,0.0270858,0,0,0,0,0,0,0,0.0040100999999999999,417,52,0.22127659574468084,0,0,0,0,0,0,0,0,0,1,20,nan,1,0.00058893867631578268,0,0.006084055436842665,-0.0054930686019361019,0.0270858,-0.00016479150875123305,-0.006084055436842665,-0.082579899999999998,0,0,0
639155490594530990,nan,21.908659683694239,0.0045008525916316079,0.00073290522321309282,234,0,0,0,0,4.1630824240138447,-0.45866000869351825,-0.15466180962277787,4.1586254980177291,-0.45803272509199011,-0.15392890439956478,-0.0045003572207706084,-6.6775272779726795e-05,0.00073290522321309282,0,-0.18544580141004632,0.027480255157386536,-0.0045003616194587218,-8.7090083197534102e-05,0.0045012042153726468,0.00066688533610842493,0.024267799999999999,1.6764772553588651e-16,-2.061192363876157e-05,-3.1738388894808622e-06,-2.0366102788549334e-05,6.9082374807723201e-15,2.061192363876157e-05,-6.6019887104667996e-05,1,0,0.024267799999999999,0,0,0,0,0,0,0,0.028277900000000002,417,52,0.22222222222222221,0,0,0,0,0,0,0,0,0,1,20,nan,1,-0.0045003533856180855,0,0.0077727791093698236,-0.0062876082956790924,0.024267799999999999,-0.000188628248870365,-0.0077727791093698236,-0.058312099999999999,0,0,0
639155490594830384,nan,19.715623552508955,0.0051317434253724207,0.00018939242645751866,233,0,0,0,0,4.1586095922430415,-0.45813523963585839,-0.153969519269476,4.1637331952240411,-0.45842417401758795,-0.15415891169593351,0.0051073027515680346,0.0005002491256150749,-0.00018939242645751866,0,0.17058869132009669,0.0076824283842942542,0.0051073230649089033,0.00039630054676789754,0.0051226753764726301,-0.0002300072963687394,0.029939400000000001,1.3490524344329791e-16,-0.00010374114599778504,-1.5905774687574592e-05,-0.00010251454386828174,4.505943453886781e-15,0.00010374114599778504,-4.0614869911220763e-05,1,0,0.029939400000000001,0,0,0,0,0,0,0,0.018352500000000001,417,54,0.23175965665236051,0,0,0,0,0,0,0,0,0,1,20,nan,1,0.0051073000624618867,0,0.0038759121913140137,-0.00580212427303195,0.029939400000000001,-0.00011604248546062679,-0.0038759121913140137,-0.061230300000000001,0,0,0
639155490595030207,nan,22.427123543487376,0.0020053164873710698,6.7262150669322729e-05,239,0,0,0,0,4.1637739294611542,-0.4581620351530169,-0.15415891169593354,4.1655355279721746,-0.45912019218633288,-0.15409164954526422,0.0018878318571071409,-0.00067630251649217535,6.7262150669322729e-05,0,0.094475203410367997,0.0033660865200349794,0.0018878318571069965,-0.00041101764622666459,0.0019320570970387389,6.7262150669294973e-05,0.019982300000000001,-1.4452414959231774e-16,0.00026528487026551077,4.0734237113149163e-05,0.00026213886457104874,-7.2326083379950123e-15,0.00026528487026551077,-2.7755575615628914e-17,1,0,0.019982300000000001,0,0,0,0,0,0,0,0.0183585,417,53,0.22175732217573221,0,0,0,0,0,0,0,0,0,1,20,nan,1,0.0018878318571069965,0,0,-0.00580212427303195,0.019982300000000001,0,0,-0.041248,0,0,0
639155490595330382,nan,20.311605912875361,0.0011440293076232168,3.4585193348313226e-05,239,0,0,0,0,4.1654407335599277,-0.45973049747244416,-0.15396796270387941,4.1645693019829482,-0.45898927546565821,-0.15400254789722773,-0.00097479689776689272,0.00059881054166146652,-3.4585193348313226e-05,0,-0.032476753736821372,0.0029683234125591298,-0.00097487095529503554,-1.8933318013911703e-05,0.00097505479333669825,8.9101648036493675e-05,0.030017499999999999,-2.7903298161630063e-16,-0.00061762328554597714,-9.479441224691243e-05,-0.00061030528611127899,-9.2956769090130965e-15,0.00061762328554597725,0.0001236868413848069,1,0,0.030017499999999999,0,0,0,0,0,0,0,0.0080639000000000006,418,55,0.23012552301255229,0,0,0,0,0,0,0,0,0,1,20,nan,1,-0.0009748742855085114,0,0.011772831694355269,0.0021839945111423731,0.030017499999999999,0.00035339097538530928,0.011772831694355269,-0.078135899999999994,0,0,0
639155490595630977,nan,24.198525005451248,0.0016084362905044811,0.00018514317630816124,243,0,0,0,0,4.1645664069948589,-0.4590079249312507,-0.15404467036837405,4.1661328632919377,-0.45864284689855883,-0.15422981354468221,0.0014918910361194698,0.0006011060114141188,-0.00018514317630816124,0,0.049632108147739169,0.0075605265375166984,0.0014919163548669655,0.00058217034375853186,0.0016014795406346784,-0.00022726564745448319,0.030059499999999999,4.1456841757235574e-16,-1.8872824985211115e-05,-2.8949880892525925e-06,-1.8649465592490699e-05,1.3791593924461676e-14,1.8872824985211115e-05,-4.2122471146321942e-05,1,0,0.030059499999999999,0,0,0,0,0,0,0,0.038123400000000002,418,55,0.22633744855967078,0,0,0,0,0,0,0,0,0,1,20,nan,1,0.0014918813200894142,0,0.0040037232010121495,-0.0060174958780407906,0.030059499999999999,-0.00012034991756082469,-0.0040037232010121495,-0.048076399999999998,0,0,0
639155490595830962,nan,18.873076598805667,0.0019460964135803135,0.00049058202970561637,237,0,0,0,0,4.1661923971212955,-0.45825990512305137,-0.15426369477729032,4.1648497387347643,-0.45966864914097211,-0.15377311274758471,-0.001110257077176403,-0.0015983180138914373,0.00049058202970561637,0,-0.055519725455578074,0.022836752611321023,-0.0011103112295233781,-0.001210738552849372,0.00164276561619773,0.00045670079709750344,0.019998499999999999,1.7185959686610852e-16,0.00038754184324640086,5.9533829357860668e-05,0.00038294177550746156,8.593624365132812e-15,0.00038754184324640086,-3.3881232608112821e-05,1,0,0.019998499999999999,0,0,0,0,0,0,0,0.0181447,417,55,0.2320675105485232,0,0,0,0,0,0,0,0,0,1,20,nan,1,-0.0011102526263449112,0,0.0048405391273078089,-0.0048401760868728161,0.019998499999999999,-9.6803521737465204e-05,-0.0048405391273078089,-0.061138600000000001,0,0,0
639155490596030136,nan,23.734187283866991,0.0039893530604401218,0.00052932224308435694,235,0,0,0,0,4.1646651219818471,-0.46085975004811675,-0.15383649730982316,4.1617044017303071,-0.45818597492051838,-0.15436581955290751,-0.0033354593191790658,0.0021885266667199853,-0.00052932224308435694,0,-0.16745762969433922,0.029758241804794146,-0.0033353205936740315,0.00098341458857373982,0.0034772787802541446,-0.00059270680532280684,0.019917399999999998,1.3452238455113896e-16,-0.001205323490378599,-0.00018461675291714386,-0.0011911009071446377,6.7540133024962585e-15,0.001205323490378599,-6.3384562238449904e-05,1,0,0.019917399999999998,0,0,0,0,0,0,0,0.018250599999999999,417,55,0.23404255319148937,0,0,0,0,0,0,0,0,0,1,20,nan,1,-0.0033354096275764415,0,0.0090924894440377931,-0.0060365847311913967,0.019917399999999998,-0.00018109874925267833,-0.0090924894440377931,-0.0412212,0,0,0
639155490596330924,nan,23.823495890785839,0.0033352513483464806,9.1100044384034851e-05,247,0,0,0,0,4.1619322866122239,-0.45672145430533656,-0.15435758511028838,4.1650494905979265,-0.45790759968772732,-0.15426648506590435,0.0032625063400651476,-0.00069278707961518255,9.1100044384034851e-05,0,0.10846549877887893,0.0033024750655999075,0.0032625120446701434,0.00078938422893105029,0.0033566519483709998,9.9334487003166494e-05,0.030078799999999999,1.5073120702979725e-16,0.0014821444436014936,0.00022788488191682887,0.0014645206151818191,5.0112107873252009e-15,0.0014821444436014936,8.2344426191316433e-06,1,0,0.030078799999999999,0,0,0,0,0,0,0,0.0082173000000000003,417,58,0.23481781376518218,0,0,0,0,0,0,0,0,0,1,20,nan,1,0.0032625213303574645,0,0.00078217810922764257,0.00078423263039439917,0.030078799999999999,2.3526978911836416e-05,0.00078217810922764257,-0.078280500000000003,0,0,0
639155490596530867,nan,20.86592439585942,0.0044693578577215424,0.0002094804912489423,243,0,0,0,0,4.1651300847358961,-0.4573893160768292,-0.15430996375459519,4.1606607320271269,-0.45738253190442008,-0.15410048326334624,-0.0044172897863943806,-0.00068022834650813139,0.0002094804912489423,0,-0.22092893262856547,0.0083024563279585819,-0.0044173193576553266,-0.0001555238319916601,0.0044200563310702098,0.00016600180255810226,0.0199943,3.4626706883755798e-16,0.00052451245590610137,8.0594137969569601e-05,0.00051828361089811814,1.7318289154286872e-14,0.00052451245590610137,-4.3478688690840039e-05,1,0,0.0199943,0,0,0,0,0,0,0,0.0080987999999999997,417,54,0.22222222222222221,0,0,0,0,0,0,0,0,0,1,20,nan,1,-0.0044173096891740368,0,0.0062130119499495548,-0.0062112412415444851,0.0199943,-0.00012422482483087638,-0.0062130119499495548,-0.091248800000000005,0,0,0
639155490596830761,nan,21.108609990293886,0.0011563865713144737,0.00014755187314682838,234,0,0,0,0,4.1606250959587783,-0.45761195063993299,-0.15413508075030724,4.1611803992986172,-0.45862628199756728,-0.15398752887716041,0.00070444576540842018,-0.00091705292427132572,0.00014755187314682838,0,0.02348876727312408,0.0037664770280776464,0.0007044140372606273,-0.0011492472455359392,0.0013479496901820035,0.00011295438618583177,0.029989399999999999,3.9679089007538249e-16,-0.00023216994976028475,-3.5636068348665617e-05,-0.00022941873551290959,1.3231037969261888e-14,0.00023216994976028472,-3.4597486960996626e-05,1,0,0.029989399999999999,0,0,0,0,0,0,0,0.038088200000000003,417,54,0.23076923076923078,0,0,0,0,0,0,0,0,0,1,20,nan,1,0.000704470837923926,0,0.0032961634025848677,-0.0049425228498876095,0.029989399999999999,-9.8849962745478637e-05,-0.0032961634025848677,-0.061259399999999999,0,0,0
639155490597031177,nan,20.216037551611223,0.0042532953623678864,0.00035371870955530627,234,0,0,0,0,4.1610625909695065,-0.45938527651718242,-0.15405575926701068,4.1652966423314091,-0.45898113482877217,-0.15440947797656598,0.0041218925344424714,0.0010490583272857561,-0.00035371870955530627,0,0.20567041067113889,0.021053663350509538,0.0041219641025066972,0.00028069409410984774,0.0041315102852131436,-0.00042194909940557196,0.0200416,1.3499672300160137e-16,-0.00076808299239969498,-0.00011780832911068018,-0.00075899451961514153,6.7358256327639198e-15,0.00076808299239969498,-6.8230389850265638e-05,1,0,0.0200416,0,0,0,0,0,0,0,0.018288700000000001,416,51,0.21794871794871795,0,0,0,0,0,0,0,0,0,1,20,nan,1,0.0041219367231151161,0,0.0097269664597944387,-0.0064981323666870594,0.0200416,-0.00019494397100061622,-0.0097269664597944387,-0.074476399999999998,0,0,0
639155490597330230,nan,23.110679462036256,0.0018328059999659055,7.3341812354410516e-06,244,0,0,0,0,4.1653614577807145,-0.45856471277142746,-0.15439327321295471,4.1635576840041155,-0.4582397850927592,-0.15438593903171927,-0.0018322854945917158,4.3677223123884219e-05,7.3341812354410516e-06,0,-0.061269614487391662,0.00078711615823008824,-0.0018322862021297938,0.00046508361467033447,0.0018903903023317827,2.3538944846718257e-05,0.029905299999999999,4.2382818175173975e-16,0.00042143608330549187,6.4815449305477557e-05,0.00041642205734471194,1.4172343422461562e-14,0.00042143608330549187,1.6204763611277206e-05,1,0,0.029905299999999999,0,0,0,0,0,0,0,0.0082301000000000006,417,54,0.22131147540983606,0,0,0,0,0,0,0,0,0,1,20,nan,1,-0.0018322754351102059,0,0.0015481979650349665,0.0015433108201250434,0.029905299999999999,4.6299324603760184e-05,0.0015481979650349665,-0.078282099999999993,0,0,0
639155490597631093,nan,18.986216711205099,0.00071297488479589422,0.00034470662490715398,239,0,0,0,0,4.163629641006823,-0.45777740883080648,-0.15440329645352538,4.1635967333974655,-0.45848962387950742,-0.15405858982861823,7.7015800886639905e-05,-0.0007088030422927852,0.00034470662490715398,0,0.002559420662628196,0.010880340989122642,7.7003497882030696e-05,-0.00024086248316987439,0.00025287205160876507,0.00032734920310104054,0.0300863,3.7434790510493254e-16,0.00046794189581187838,7.1957002707456752e-05,0.00046237626195272385,1.2442470662890836e-14,0.00046794189581187838,-1.7357421806113438e-05,1,0,0.0300863,0,0,0,0,0,0,0,0.018148500000000001,417,52,0.21757322175732219,0,0,0,0,0,0,0,0,0,1,20,nan,1,7.7009470360810773e-05,0,0.0016483460489214508,0.0073497365228831768,0.0300863,-4.9592633731665448e-05,-0.0016483460489214508,-0.048195799999999997,0,0,0
639155490597830806,nan,23.253176386172449,0.0003730529358885835,0.00016549046954658642,240,0,0,0,0,4.1635721965497687,-0.45864763142907516,-0.15407819574577586,4.1637417947507132,-0.45831535903598253,-0.15424368621532245,0.00011659543702610919,0.00035436421523593798,-0.00016549046954658642,0,0.0058384974758396314,0.0092681190860995476,0.00011660238463923604,0.00019446057644479303,0.00022674000947075387,-0.00018509638670421991,0.019971300000000001,8.892151880275645e-17,-0.00015990135276255842,-2.4536847696765562e-05,-0.00015800754956774021,4.4524652277396284e-15,0.00015990135276255842,-1.9605917157633493e-05,1,0,0.019971300000000001,0,0,0,0,0,0,0,0.018263499999999998,418,56,0.23333333333333334,0,0,0,0,0,0,0,0,0,1,20,nan,1,0.00011659693805356932,0,0.00280487029710534,-0.0056016906164586544,0.019971300000000001,-5.6016906164579883e-05,-0.00280487029710534,-0.0282245,0,0,0
639155490598031198,nan,22.213704285987493,0.0031215481016148559,0.00052350935546030541,239,0,0,0,0,4.1637717751749399,-0.45812253240497458,-0.15430916118061092,4.1607033857311224,-0.45869616013422476,-0.15378565182515061,-0.0029437655258584103,-0.0010384156583290074,0.00052350935546030541,0,-0.14690374415032795,0.022856919945498589,-0.002943833509777252,-0.0008430795416005455,0.0030621787744599168,0.00045803439017183534,0.0200392,3.7528641761049031e-16,0.00019514337155714768,2.9980424226749847e-05,0.00019282663100794739,1.8727614755603533e-14,0.00019514337155714768,-6.5474965288470077e-05,1,0,0.0200392,0,0,0,0,0,0,0,0.018304500000000001,418,54,0.22594142259414227,0,0,0,0,0,0,0,0,0,1,20,nan,1,-0.0029437546388943673,0,0.0093352693418729538,-0.006235731765627861,0.0200392,-0.00018707132939566051,-0.0093352693418729538,-0.041210900000000002,0,0,0
639155490598330162,nan,22.229118068878417,0.0043266605219741969,0.00052249001413162688,242,0,0,0,0,4.1605110258511688,-0.45993711494765055,-0.15381973976713254,4.1644929008295097,-0.45824458343264923,-0.15434222978126416,0.0036755418619475884,0.0022826264025198884,-0.00052249001413162688,0,0.12294522651049744,0.018616888859981535,0.0036756196698484356,0.0010267259814256992,0.0038163262698976993,-0.00055657795611355199,0.0298964,-4.5373860918518361e-17,-0.0012557751281102795,-0.00019235987995358528,-0.0012409548134257875,-1.5177031655489744e-15,0.0012557751281102795,-3.4087941981925114e-05,1,0,0.0298964,0,0,0,0,0,0,0,0.027974300000000001,417,57,0.23553719008264462,0,0,0,0,0,0,0,0,0,1,20,nan,1,0.0036755696669535723,0,0.0032577206602846967,-0.0048697059974074364,0.0298964,-9.7394119948135405e-05,-0.0032577206602846967,-0.0445131,0,0,0
639155490598530071,nan,20.423099412698392,0.0021365556214341303,0.00014795677402515417,237,0,0,0,0,4.1645986535512982,-0.45756484947391374,-0.15441026877760938,4.1659237224280243,-0.45924087524800361,-0.15426231200358423,0.0015670721647593315,-0.0014522929297900906,0.00014795677402515417,0,0.078384332300125828,0.003997707841064342,0.0015669733485785852,-0.00076448829484983358,0.0017435159385901784,7.9917777679933147e-05,0.019990899999999999,-2.5286305167793177e-16,0.00068791125359591221,0.00010575272178847683,0.00067973395873549558,-1.2648907836962407e-14,0.00068791125359591221,-6.8038996345221023e-05,1,0,0.019990899999999999,0,0,0,0,0,0,0,0.0079828999999999994,417,52,0.21940928270042195,0,0,0,0,0,0,0,0,0,1,20,nan,1,0.0015670476483425715,0,0.0097242811686793964,-0.0064798612147569656,0.019990899999999999,-0.00019439713241495293,-0.0097242811686793964,-0.057966799999999999,0,0,0
639155490598831021,nan,20.686545916853973,0.00089405232061089428,8.0311166563956649e-05,236,0,0,0,0,4.1657468582140922,-0.46037828232557582,-0.15424712164181809,4.166637165887054,-0.460460024600165,-0.15416681047525413,0.00089229605017339419,5.6011702658326912e-05,8.0311166563956649e-05,0,0.029649283908698996,0.0031733353822927307,0.00089229519923229633,-0.0010950506789800933,0.0014125603392803321,9.5501528330099728e-05,0.030095,-1.2405983358665384e-16,-0.0011510759359317621,-0.00017686421393214857,-0.0011374070775722056,-4.1222739188122231e-15,0.0011510759359317621,1.5190361766143081e-05,1,0,0.030095,0,0,0,0,0,0,0,0.018206,418,52,0.22033898305084745,0,0,0,0,0,0,0,0,0,1,20,nan,1,0.00089227143585653612,0,0.0014421343617727746,0.0014467011205852032,0.030095,4.3401033617551654e-05,0.0014421343617727746,-0.061462799999999998,0,0,0
639155490599130117,nan,21.281947566940868,0.0043622063050544136,5.0548324516730414e-05,238,0,0,0,0,4.1664700362579419,-0.46153550541621208,-0.15409784191633735,4.1629797671837547,-0.45891885380821584,-0.15414839024085408,-0.0038505372334919482,0.0020499285015211271,-5.0548324516730414e-05,0,-0.12874390178901188,0.00061586361569683783,-0.0038506786049486296,0.00096127361674153849,0.0039688502976117004,1.8420234400046143e-05,0.029909600000000001,-1.3145951341386741e-17,-0.0010883893139003414,-0.00016712962911213936,-0.0010754808160470808,-4.3952280677062683e-16,0.0010883893139003414,6.8968558916776557e-05,1,0,0.029909600000000001,0,0,0,0,0,0,0,0.0080449000000000007,418,55,0.23109243697478993,0,0,0,0,0,0,0,0,0,1,20,nan,1,-0.0038505838753213569,0,0.0065882868870403948,0.0065684341825544834,0.029909600000000001,0.0001970530254766234,0.0065882868870403948,-0.064674200000000001,0,0,0
639155490599329890,nan,21.68705418137764,0.0026394595810171543,1.7848006620607704e-05,245,0,0,0,0,4.1630783549330577,-0.45828436364162056,-0.15416713150557473,4.1657027432531057,-0.45800270280760474,-0.15418497951219534,0.0025500114231591891,0.00068131389357688785,-1.7848006620607704e-05,0,0.12764608787949591,0.0018315423676502111,0.0025500241913950536,0.0013233699231428122,0.0028729655985025317,-3.6589271341258563e-05,0.0199773,-3.4548102226250599e-16,0.00064210382012469416,9.8587749302936345e-05,0.00063449016659528068,-1.7293679439288894e-14,0.00064210382012469416,-1.8741264720650852e-05,1,0,0.0199773,0,0,0,0,0,0,0,0.0081843000000000003,419,57,0.23265306122448978,0,0,0,0,0,0,0,0,0,1,20,nan,1,0.0025499887595867598,0,0.0026803657466402202,-0.0053547006100416183,0.0199773,-5.3546470630355669e-05,-0.0026803657466402202,-0.078187999999999994,0,0,0
639155490599529949,nan,22.34658919247105,0.0034055458876198009,0.00015268024895559451,242,0,0,0,0,4.1659062848298989,-0.4566930675661563,-0.15425544480800374,4.1626667135989353,-0.45774326803854093,-0.15440812505695933,-0.0030397477643585068,-0.0015354726704704309,-0.00015268024895559451,0,-0.15194797306534885,0.011153986812090025,-0.0030398559543480625,-0.00020990054124850869,0.0030470941010086621,-0.00022314554476399184,0.0200059,-4.3237982638721917e-16,0.0013253579286846152,0.00020354157679314255,0.001309635241448448,-2.1612615597759621e-14,0.0013253579286846152,-7.0465295808397332e-05,1,0,0.0200059,0,0,0,0,0,0,0,0.028190199999999999,419,55,0.22727272727272727,0,0,0,0,0,0,0,0,0,1,20,nan,1,-0.0030398348093693289,0,0.010063502096651345,-0.0067109805531799793,0.0200059,-0.00020132941659539716,-0.010063502096651345,-0.0581821,0,0,0
639155490599829986,nan,20.553810239407074,0.0031747892657044952,5.5785066449681731e-05,236,0,0,0,0,4.1626181428782054,-0.45805532480490307,-0.15443936673978306,4.1657203726728582,-0.45873020048441815,-0.15449515180623274,0.0031691203626723263,-0.00018963915346813064,-5.5785066449681731e-05,0,0.10562412090773313,0.0029005339099314798,0.0031691144364793524,-0.00050555225345695902,0.0032091851602045734,-8.7026749273411141e-05,0.030003700000000001,-9.2787377174025076e-17,-0.00031581409142819166,-4.8570720729834704e-05,-0.00031205676636214541,-3.0925311602910664e-15,0.00031581409142819166,-3.1241682823729411e-05,1,0,0.030003700000000001,0,0,0,0,0,0,0,0.018049300000000001,417,50,0.21186440677966101,0,0,0,0,0,0,0,0,0,1,20,nan,1,0.0031691369966132467,0,0.0029750314436214464,-0.0044630975462496281,0.030003700000000001,-8.926195092498479e-05,-0.0029750314436214464,-0.061923300000000001,0,0,0
639155490600031031,nan,19.821950520437174,0.0040555156977875786,0.00032661800201941316,244,0,0,0,0,4.1656682732006818,-0.45906473716088447,-0.15456631810155816,4.1617566180992958,-0.45799414763039104,-0.15423970009953875,-0.0040298408470735717,0.00045562080972978551,0.00032661800201941316,0,-0.20044310537557525,0.012706195463403652,-0.0040298084120232525,0.00011733833877050853,0.0040315163553381241,0.00025545170669399875,0.020104500000000001,3.9560504394922646e-16,-0.00033856925864909399,-5.2099472176436734e-05,-0.00033453667646632379,1.9677437586074086e-14,0.00033856925864909399,-7.1166295325414408e-05,1,0,0.020104500000000001,0,0,0,0,0,0,0,0.0181523,418,56,0.22950819672131148,0,0,0,0,0,0,0,0,0,1,20,nan,1,-0.0040298203205327045,0,0.010113769173978342,-0.0067777424119412899,0.020104500000000001,-0.00020333227235824758,-0.010113769173978342,-0.074736200000000003,0,0,0
639155490600331073,nan,19.848289874061305,0.0011914468591641895,0.00017255210907998753,241,0,0,0,0,4.1617837571733469,-0.4578195912735224,-0.15423546278897984,4.1628017434581404,-0.45843866278973411,-0.15440801489805983,0.0011010067110508452,-0.00045533486626131859,-0.00017255210907998753,0,0.036695150693446782,0.0056097079249266876,0.0011010086404363161,-0.0002786767235892295,0.0011357291677974344,-0.00016831479852108533,0.030004200000000002,1.1851346184803269e-16,0.00017665347736063925,2.7139074051163448e-05,0.00017455635686863813,3.9498957428637549e-15,0.00017665347736063925,4.2373105589021964e-06,1,0,0.030004200000000002,0,0,0,0,0,0,0,0.0081933000000000006,418,55,0.22821576763485477,0,0,0,0,0,0,0,0,0,1,20,nan,1,0.0011010069535021109,0,0.00040349689699944172,0.00040355473174713552,0.030004200000000002,1.210660159695065e-05,0.00040349689699944172,-0.078248300000000007,0,0,0
639155490600630048,nan,21.526319897473012,0.001230953400384776,9.0109712056141156e-05,242,0,0,0,0,4.1627590651344093,-0.45871286233117237,-0.15433578986219312,4.1639731558811732,-0.45891591388260955,-0.15424568015013698,0.0012308737462063358,-1.4003385977110605e-05,9.0109712056141156e-05,0,0.041169822038326621,0.0054297097724842792,0.0012308747543908702,-0.00029141552719399891,0.0012649014469461805,0.00016233474792284874,0.0298975,-1.199737466490991e-16,-0.00027750104115380208,-4.2678323731060175e-05,-0.00027419954143825809,-4.0128354092850269e-15,0.00027750104115380214,7.2225035866707588e-05,1,0,0.0298975,0,0,0,0,0,0,0,0.017950899999999999,418,53,0.21900826446280991,0,0,0,0,0,0,0,0,0,1,20,nan,1,0.0012308446799863635,0,0.0069021572149341537,0.0068785748444497585,0.0298975,0.00020635724533349387,0.0069021572149341537,-0.048350799999999999,0,0,0
639155490600830621,nan,20.334534352174426,0.0024611234761619783,0.00066556680480092678,243,0,0,0,0,4.1639430994441744,-0.45910922686978756,-0.15424016290777712,4.165978463613027,-0.45772560066843604,-0.15490572971257804,0.0017986358812933563,0.0016798921785161371,-0.00066556680480092678,0,0.089674413450129609,0.032908196140111673,0.0017986266128932845,0.0014842664702339613,0.0023319744096513477,-0.00066004956244106183,0.0200573,-4.0925582692717677e-16,-0.00019563563176668188,-3.0056436998826541e-05,-0.00019331298717800705,-2.0404332932507206e-14,0.00019563563176668188,5.5172423598648371e-06,1,0,0.0200573,0,0,0,0,0,0,0,0.018040500000000001,418,57,0.23456790123456789,0,0,0,0,0,0,0,0,0,1,20,nan,1,0.0017986383114914782,0,0.00078592580256486768,0.00078817747998982668,0.0200573,1.5763549599784321e-05,0.00078592580256486768,-0.061758199999999999,0,0,0
639155490601130608,nan,21.724445942639719,0.0030617588263630192,0.00062532631979078657,242,0,0,0,0,4.1663212457593373,-0.45553048512784161,-0.15495397050083695,4.1644622868432046,-0.45796331041111676,-0.15432864418104617,-0.0014612168831104749,-0.0026905784380546801,0.00062532631979078657,0,-0.048713666826721083,0.019237017988508805,-0.0014613466770347578,-0.0004687897275260199,0.0015346979895453205,0.00057708553153187903,0.0299987,1.3823577699190182e-16,0.0022217182171437072,0.00034278214631022763,0.0021951155405944278,4.6080589156164037e-15,0.0022217182171437072,-4.8240788258907541e-05,1,0,0.0299987,0,0,0,0,0,0,0,0.0080283999999999998,418,56,0.23140495867768596,0,0,0,0,0,0,0,0,0,1,20,nan,1,-0.0014613143667274522,0,0.0045945598841598502,-0.006891472265124321,0.0299987,-0.00013783082359694609,-0.0045945598841598502,-0.064502599999999993,0,0,0
639155490601329816,nan,20.416324495338319,0.0042045173569093047,0.00027125020026888547,238,0,0,0,0,4.1644145205436569,-0.45827035952944833,-0.15436545647532077,4.1602257957268485,-0.45790628451848936,-0.15409420627505188,-0.004194895589458199,-0.00028428365780633428,0.00027125020026888547,0,-0.21057919620442639,0.011768498553987972,-0.0041949060517491371,-0.00059487153940413146,0.0042368749015512103,0.0002344379059942836,0.019920799999999999,3.8217448953756228e-16,-0.00031074230552127552,-4.77662995477246e-05,-0.00030704911833157045,1.9184695872533347e-14,0.00031074230552127546,-3.6812294274601864e-05,1,0,0.019920799999999999,0,0,0,0,0,0,0,0.0077939999999999997,418,55,0.23109243697478993,0,0,0,0,0,0,0,0,0,1,20,nan,1,-0.0041948747622539114,0,0.0052798072186671444,-0.0052588991820812225,0.019920799999999999,-0.00010517798364162445,-0.0052798072186671444,-0.078018100000000007,0,0,0
639155490601530585,nan,19.92573080046915,0.0034454328300528897,0.0001550679254299081,237,0,0,0,0,4.1601339284774586,-0.45849773417717443,-0.15416039510220889,4.1635643696615823,-0.45881879596044067,-0.15431546302763879,0.0034390580979574027,0.00020949173081504072,-0.0001550679254299081,0,0.1712949686673009,0.01102046394547527,0.0034390719564365338,-0.0003892777001419371,0.003461033523295607,-0.00022125675258691249,0.020076900000000002,3.6944189027443564e-16,-0.00059854180327622805,-9.1867249389920858e-05,-0.0005914496586850726,1.8401341356207164e-14,0.00059854180327622794,-6.618882715700436e-05,1,0,0.020076900000000002,0,0,0,0,0,0,0,0.027870900000000001,418,52,0.21940928270042195,0,0,0,0,0,0,0,0,0,1,20,nan,1,0.0034391087493974336,0,0.0094193294151157705,-0.0063036978244781494,0.020076900000000002,-0.00018911093473433782,-0.0094193294151157705,-0.057941199999999998,0,0,0
639155490601830001,nan,19.32435693487459,0.0030666701477482378,5.894591368432734e-05,247,0,0,0,0,4.1634753117440848,-0.45939132363263413,-0.15435023644893631,4.166532662284455,-0.45915242309184667,-0.15429129053525198,0.0029842755208488642,0.00070609164472640231,5.894591368432734e-05,0,0.099670694694578205,0.00080732133175297042,0.0029843000722671827,0.00012657502311539857,0.0029869831197732902,2.4172492386814737e-05,0.029941599999999999,3.6613507364835485e-16,-0.00057941284771417063,-8.9057917497470385e-05,-0.0005725276721934569,1.2228306892362294e-14,0.00057941284771417063,-3.4773421297512597e-05,1,0,0.029941599999999999,0,0,0,0,0,0,0,0.0030890000000000002,418,57,0.23076923076923078,0,0,0,0,0,0,0,0,0,1,20,nan,1,0.0029842937808040892,0,0.0033182138656094561,-0.0049676564522087574,0.029941599999999999,-9.9352632278532083e-05,-0.0033182138656094561,-0.061549800000000002,0,0,0
639155490602030244,nan,19.774978915434751,0.0028565005053823628,0.00028892329600796463,238,0,0,0,0,4.1665456639709602,-0.4590688256931249,-0.15429129053525201,4.163838336937042,-0.45815779579862886,-0.15458021383125997,-0.0028151728009020677,0.00048414588535988074,-0.00028892329600796463,0,-0.14058782583671212,0.014428634010077376,-0.0028151728009020742,0.00056874830213993416,0.0028720502311286073,-0.00028892329600799238,0.020024299999999998,-6.6322679770011717e-18,8.4602416780053192e-05,1.3001686505198506e-05,8.3597398721768634e-05,-3.3121097751238106e-16,8.4602416780053192e-05,-2.7755575615628914e-17,1,0,0.020024299999999998,0,0,0,0,0,0,0,0.0231133,418,56,0.23529411764705882,0,0,0,0,0,0,0,0,0,1,20,nan,1,-0.0028151728009020742,0,0,-0.0049676564522087574,0.020024299999999998,0,0,-0.0415255,0,0,0
639155490602329815,nan,21.470969947621576,0.0016206638982381974,2.2666403012350234e-05,242,0,0,0,0,4.1639691538612027,-0.45731827501740852,-0.1544810385058398,4.1654605534158611,-0.45795252957152494,-0.15450370490885215,0.0015712303057368389,-0.00039722386306307277,-2.2666403012350234e-05,0,0.052450660872228612,0.0025539495614668871,0.0015712696928154397,0.00045258378294124905,0.0016351515306361479,7.6508922407819688e-05,0.0299571,-1.0804074648818052e-16,0.00084965181677419937,0.00013081692416072599,0.00083952078122034868,-3.6065155334855686e-15,0.00084965181677419937,9.9175325420169935e-05,1,0,0.0299571,0,0,0,0,0,0,0,0.0082631000000000007,419,56,0.23140495867768596,0,0,0,0,0,0,0,0,0,1,20,nan,1,0.0015713337986794354,0,0.0094587951647252828,0.00061854970408603549,0.0299571,0.00028335807262919177,0.0094587951647252828,-0.078259899999999993,0,0,0
639155490602629879,nan,20.48763906947562,0.004133381064417148,0.00032865273627344371,244,0,0,0,0,4.1655302975023965,-0.45750471999631037,-0.15454428915454882,4.1686548291839669,-0.46021066544929806,-0.15487294189082226,0.0035038185673075461,-0.0021927367537105617,-0.00032865273627344371,0,0.11676607569902166,0.012305274273825295,0.0035037295738551233,-0.0017396707730163389,0.0039118506266464558,-0.00036923698197011134,0.030006399999999999,2.4974597043203595e-16,0.0004532081787219883,6.9744086535372674e-05,0.00044780957521456388,8.3230900885156479e-15,0.0004532081787219883,-4.0584245696667631e-05,1,0,0.030006399999999999,0,0,0,0,0,0,0,0.038269499999999998,419,54,0.22131147540983606,0,0,0,0,0,0,0,0,0,1,20,nan,1,0.0035038304297179139,0,0.0038643418638941284,-0.0057977493852376938,0.030006399999999999,-0.00011595498770475277,-0.0038643418638941284,-0.048253499999999998,0,0,0
639155490602831234,nan,24.090099761241717,0.0041877062885867615,0.00056160100780924826,239,0,0,0,0,4.1684748880311258,-0.46136322429988158,-0.15490148530490466,4.1647585522162336,-0.45943300874963366,-0.15433988429709541,-0.0039696381321138339,0.0013337380025840516,0.00056160100780924826,0,-0.19714435008121828,0.026473521577653841,-0.0039696000610603705,0.00016733053233506572,0.003973125237369448,0.00053305759372684891,0.020135500000000001,2.9896874906287785e-16,-0.0011665207767306166,-0.00017994115284114542,-0.0011525588505835183,1.4847843314686887e-14,0.0011665207767306166,-2.8543414082399243e-05,1,0,0.020135500000000001,0,0,0,0,0,0,0,0.0183497,417,59,0.24686192468619247,0,0,0,0,0,0,0,0,0,1,20,nan,1,-0.0039696068808811888,0,0.0040501905422724279,-0.0040776305831968784,0.020135500000000001,-8.1552611663926466e-05,-0.0040501905422724279,-0.061225799999999997,0,0,0
639155490603030947,nan,21.240314454920927,0.003896583714474172,0.00026808418715218441,241,0,0,0,0,4.1647843884496183,-0.45926694175797583,-0.15440891448715022,4.1613913860863887,-0.45735098257077383,-0.15414083029999803,-0.0036473014900084929,0.0013713338342238785,0.00026808418715218441,0,-0.1826224040439535,0.0099670025034615407,-0.0036472068178830083,0.0015396503444029038,0.0039588686206329556,0.00019905399709738147,0.019971300000000001,3.5424950733248251e-16,0.00016806473953150051,2.5836233384701757e-05,0.00016606699165783168,1.7737929295162682e-14,0.00016806473953150051,-6.9030190054802931e-05,1,0,0.019971300000000001,0,0,0,0,0,0,0,0.018340700000000001,418,56,0.23236514522821577,0,0,0,0,0,0,0,0,0,1,20,nan,1,-0.0036473586320855157,0,0.0098756272472138619,-0.0065743257291615009,0.019971300000000001,-0.00019722911444228219,-0.0098756272472138619,-0.0412545,0,0,0
639155490603331701,nan,19.260447875120896,0.0049594564420798529,0.0005329121123842373,244,0,0,0,0,4.1617475324165589,-0.45505878494577373,-0.15417202940880731,4.1660349717719463,-0.45755158898435422,-0.15470494152119155,0.0046193860771324945,-0.001804849154716764,-0.0005329121123842373,0,0.15359163187186661,0.018756565870894949,0.0046193297651991368,0.00051470717172966856,0.0046479168400784306,-0.00056411122119351398,0.030075399999999999,1.4907779871675686e-17,0.0023197004462968563,0.00035614633017022612,0.002292197625000103,4.9568018618790399e-16,0.0023197004462968559,-3.1199108809276677e-05,1,0,0.030075399999999999,0,0,0,0,0,0,0,0.0083520999999999995,418,54,0.22131147540983606,0,0,0,0,0,0,0,0,0,1,20,nan,1,0.0046193068200323468,0,0.0029638944414215173,-0.0044570155441761017,0.030075399999999999,-8.9140310883528695e-05,-0.0029638944414215173,-0.078042200000000006,0,0,0
639155490603529818,nan,25.199964600414159,0.0036207857956888499,0.00030239974370008244,241,0,0,0,0,4.1660874808112434,-0.45721488701214064,-0.15477065075551108,4.1692756571142624,-0.45893116835246045,-0.15507305049921116,0.0034146385182368972,-0.001204297956502072,-0.00030239974370008244,0,0.17235065024044571,0.018580383208892499,0.0034145593773686387,-0.00086375053066899349,0.0035221131044881385,-0.00036810897801961556,0.019811700000000002,-2.89346454782069e-18,0.00034077179651552776,5.2509039297099491e-05,0.00033670197221358222,-1.460482718706971e-16,0.00034077179651552771,-6.5709234319533127e-05,1,0,0.019811700000000002,0,0,0,0,0,0,0,0.0080885000000000002,418,55,0.22821576763485477,0,0,0,0,0,0,0,0,0,1,20,nan,1,0.0034146404428760336,0,0.0094762523904737411,-0.0062579805962741375,0.019811700000000002,-0.00018774066948434864,-0.0094762523904737411,-0.058230499999999998,0,0,0
639155490603831276,nan,21.487229714218007,0.0018918913665606034,0.0006679507848109667,239,0,0,0,0,4.1690729564236957,-0.46022780405997515,-0.15506719941644545,4.1672912840211875,-0.45959148936345512,-0.15439924863163448,-0.0018585709634031736,0.0003535066008735141,0.0006679507848109667,0,-0.061652801775627437,0.022351434281945703,-0.0018585730317677096,-0.00095888826026097171,0.0020913537266757454,0.00067380186757667881,0.0301458,2.9896874906287785e-17,-0.0013123839864759019,-0.00020270069056671502,-0.0012966357075147039,9.9174262770561022e-16,0.0013123839864759017,5.8510827657121114e-06,1,0,0.0301458,0,0,0,0,0,0,0,0.038234299999999999,418,55,0.23012552301255229,0,0,0,0,0,0,0,0,0,1,20,nan,1,-0.0018585810467521735,0,0.00055455086050626131,0.00055724597768858075,0.0301458,1.6717379330649651e-05,0.00055455086050626131,-0.028084700000000001,0,0,0
639155490604129857,nan,21.968465442810356,0.0017636009829295094,0.00031800480935881281,243,0,0,0,0,4.1671454180549743,-0.46052870256464323,-0.15444780900698224,4.1665449946734681,-0.45887045644601954,-0.15476581381634105,-0.00084837178865543631,0.0015461415637655913,-0.00031800480935881281,0,-0.028410940630519233,0.012276909271071125,-0.00084829670644010629,0.00059768633612296632,0.0010377072123413363,-0.00036656518470656874,0.029858099999999999,4.0527477207508156e-16,-0.0009484964230721144,-0.00014586596621324333,-0.00093721320118811402,1.3573361067016373e-14,0.0009484964230721144,-4.8560375347755931e-05,1,0,0.029858099999999999,0,0,0,0,0,0,0,0.0079331000000000002,416,56,0.23045267489711935,0,0,0,0,0,0,0,0,0,1,20,nan,1,-0.00084833816707433247,0,0.004646776906934786,-0.0069371964782476425,0.029858099999999999,-0.00013874392956494952,-0.004646776906934786,-0.065081299999999995,0,0,0
639155490604330740,nan,20.904220258597697,0.00083800966989618542,0.00014302280994765715,244,0,0,0,0,4.1666069485121646,-0.45847335067300338,-0.15476081703930319,4.1673105645918129,-0.45801817530097644,-0.15461779422935554,0.00062504430901859256,0.00055819335234574743,0.00014302280994765715,0,0.031114704571448566,0.007368447652888248,0.00062504151984263021,0.00096010600901325245,0.0011456353914184654,0.00014801958698551498,0.0200883,-4.3373507910282605e-16,0.00040190953346742252,6.1953838696560126e-05,0.00039710577301615979,-2.1591427801398131e-14,0.00040190953346742252,4.9967770378578358e-06,1,0,0.0200883,0,0,0,0,0,0,0,0.0081946999999999992,416,53,0.21721311475409835,0,0,0,0,0,0,0,0,0,1,20,nan,1,0.00062504837330621971,0,0.00071068760534889763,0.00047588511370122433,0.0200883,1.4276505822530261e-05,0.00071068760534889763,-0.078040899999999996,0,0,0
639155490604629653,nan,21.572313263474161,0.0055784330971758809,0.00046088349169196019,240,0,0,0,0,4.1675305564557625,-0.45660672085470821,-0.15466410041803952,4.1621117544768049,-0.45793167403596119,-0.15420321692634756,-0.0051500128582819766,-0.0021438944421770401,0.00046088349169196019,0,-0.17229468535463152,0.013869497245284719,-0.005150112128340897,-0.00071516022419786812,0.0051995296980360392,0.00041457730300797913,0.029891299999999999,1.1069704181077e-16,0.0014284957382135798,0.00021999186394960901,0.0014114544462682233,3.7033197556068159e-15,0.0014284957382135796,-4.6306188683981071e-05,1,0,0.029891299999999999,0,0,0,0,0,0,0,0.038086000000000002,416,56,0.23333333333333334,0,0,0,0,0,0,0,0,0,1,20,nan,1,-0.005150064808009106,0,0.0044261506271013485,-0.0066151698119938374,0.029891299999999999,-0.00013230339623987453,-0.0044261506271013485,-0.048149600000000001,0,0,0
639155490604829776,nan,22.509626554544955,0.0041535206261749261,3.3341294752936568e-05,246,0,0,0,0,4.1620384335581351,-0.45840338169358175,-0.15423569526352371,4.1661833623193303,-0.45867040071289927,-0.15426903655827665,0.0041367460619648718,0.00037291501830669029,-3.3341294752936568e-05,0,0.20671078144156904,0.0032889588867390119,0.0041367581714431122,-0.0001045913836443497,0.0041380801740099234,-6.581963192908713e-05,0.0200123,3.4750034880876024e-16,-0.00047737204712096777,-7.3320918669850244e-05,-0.000471707657620557,1.7364338372339024e-14,0.00047737204712096771,-3.2478337176150562e-05,1,0,0.0200123,0,0,0,0,0,0,0,0.017861599999999998,415,58,0.23577235772357724,0,0,0,0,0,0,0,0,0,1,20,nan,1,0.0041367630197821767,0,0.004636910753620732,-0.0046397624537348747,0.0200123,-9.2795249074684172e-05,-0.004636910753620732,-0.061295099999999998,0,0,0
639155490605029506,nan,21.110638226164863,0.001627847639873811,3.4067576169777298e-05,239,0,0,0,0,4.1661673643478654,-0.45877327850639182,-0.1542690365582767,4.1645881783450847,-0.45916832218405818,-0.15423496898210692,-0.0014997302030453892,-0.00063300652185911341,3.4067576169777298e-05,0,-0.075087878788649823,0.0017056814784820399,-0.001499730203045703,-0.00073712076432808386,0.0016710887777527331,3.4067576169721787e-05,0.019973000000000001,-3.1350722256955066e-16,-0.0001041142424689706,-1.5997971464898342e-05,-0.00010287779349255066,-1.5696551472966038e-14,0.0001041142424689706,-5.5511151231257827e-17,1,0,0.019973000000000001,0,0,0,0,0,0,0,0.018101900000000001,416,54,0.22594142259414227,0,0,0,0,0,0,0,0,0,1,20,nan,1,-0.001499730203045703,0,0,-0.0046397624537348747,0.019973000000000001,0,0,-0.0413221,0,0,0
639155490605329639,nan,21.382286596862532,0.0024453423519193883,0.00015208765774762936,241,0,0,0,0,4.1644180257378034,-0.46026276427414181,-0.15413298683312673,4.1623602698056628,-0.45894165120485869,-0.1539808991753791,-0.0022361830537876264,0.00098953755261924786,0.00015208765774762936,0,-0.07450976591460054,0.0084652406342461232,-0.0022362839573246804,-0.00011828040857440528,0.0022394097867161921,0.00025406980672781915,0.0300133,3.3097981820551237e-16,-0.0011075899052949373,-0.0001701526072812598,-0.001094442090083636,1.1027771628095291e-14,0.0011075899052949375,0.00010198214898018977,1,0,0.0300133,0,0,0,0,0,0,0,0.027780200000000001,415,54,0.22406639004149378,0,0,0,0,0,0,0,0,0,1,20,nan,1,-0.0022363011657207344,0,0.009708281612316504,-0.00064624415244907141,0.0300133,0.0002913775685149389,0.009708281612316504,-0.044995,0,0,0
639155490605629566,nan,20.648915909397981,0.0047918231762788255,1.9633272046737371e-06,237,0,0,0,0,4.1623422283029354,-0.45905789086971943,-0.15403419803104518,4.1670976353724409,-0.4596475288569794,-0.1540322347038405,0.0047895695431212967,0.00014694537872200677,1.9633272046737371e-06,0,0.15969143719433218,0.001711600771567722,0.0047895773683384471,2.9058660655446791e-05,0.0047896655178685426,-5.1335528461399216e-05,0.029992700000000001,-3.48635372958081e-16,-0.00011763143928218063,-1.8041502727328407e-05,-0.00011623966486074,-1.1624007607120432e-14,0.00011763143928218064,-5.3298855666072953e-05,1,0,0.029992700000000001,0,0,0,0,0,0,0,0.018043900000000002,415,55,0.2320675105485232,0,0,0,0,0,0,0,0,0,1,20,nan,1,0.0047895751418927527,0,0.0050773169724701167,-0.0076141222380101681,0.029992700000000001,-0.00015228244476020447,-0.0050773169724701167,-0.048135499999999998,0,0,0
639155490605829543,nan,19.184474489122646,0.0011730137065232931,0.00013422766147425103,241,0,0,0,0,4.1671006331006319,-0.45962822132274733,-0.15402650985122684,4.1660900444559159,-0.45903267808597731,-0.1541607375127011,-0.0010899918150104424,0.0004334501112028419,-0.00013422766147425103,0,-0.054505983009588921,0.0064258794191628128,-0.0010899942964308564,0.00045298273633088298,0.0011803732145663133,-0.00012850280886059218,0.0199977,-2.7375808393727448e-16,1.9538865177635028e-05,2.9977281910120723e-06,1.9307534232071433e-05,-1.3689478486889716e-14,1.9538865177635028e-05,5.7248526136588493e-06,1,0,0.0199977,0,0,0,0,0,0,0,0.0180927,415,56,0.23236514522821577,0,0,0,0,0,0,0,0,0,1,20,nan,1,-0.0010899905917381154,0,0.00081793014963037821,0.00054522405844181776,0.0199977,1.6356721753263415e-05,0.00081793014963037821,-0.061215600000000002,0,0,0
639155490606129565,nan,23.603835253116763,0.00065426610662343775,6.2643833326964105e-05,239,0,0,0,0,4.1661943656618137,-0.4583613432253944,-0.15420730977145375,4.166560577077723,-0.45890351786251227,-0.15426995360478071,0.00044514212716323734,-0.00047949204883999892,-6.2643833326964105e-05,0,0.014836238530928589,0.0036402694495609325,0.00044511979565262571,0.000199879161065737,0.00048793781520822723,-0.00010921609207961701,0.0300022,-1.0011251810188027e-16,0.00067939194066005311,0.00010432120589776162,0.00067133486058290615,-3.3368392351854286e-15,0.00067939194066005321,-4.6572258752652917e-05,1,0,0.0300022,0,0,0,0,0,0,0,0.0077740999999999999,416,55,0.23012552301255229,0,0,0,0,0,0,0,0,0,1,20,nan,1,0.00044510649634746656,0,0.0044351279718154177,-0.0066531132906675339,0.0300022,-0.00013306359643600052,-0.0044351279718154177,-0.065010100000000001,0,0,0
639155490606329634,nan,21.243353093843336,0.0013477787349500268,0.00020414064665999485,242,0,0,0,0,4.1665810630776017,-0.45877177980181749,-0.15430419190366998,4.1652719451387386,-0.4584512837167708,-0.15450833255032997,-0.0013428218048384193,0.00011548644437328826,-0.00020414064665999485,0,-0.06711773688037001,0.011914836658815774,-0.0013428178499918749,0.00024885380947152176,0.0013656822458922462,-0.00023837894554926131,0.020006900000000001,7.6168590748895704e-17,0.00013332138923162351,2.0485999878694372e-05,0.00013173806069477489,3.8071160823963584e-15,0.00013332138923162351,-3.4238298889266439e-05,1,0,0.020006900000000001,0,0,0,0,0,0,0,0.0079299000000000001,416,54,0.2231404958677686,0,0,0,0,0,0,0,0,0,1,20,nan,1,-0.0013428300202871953,0,0.0048894986785628092,-0.0048911855556070805,0.020006900000000001,-9.7823711112138279e-05,-0.0048894986785628092,-0.0781086,0,0,0
639155490606529486,nan,21.269796905124164,0.0038967141473010463,0.00059413265037583374,236,0,0,0,0,4.1653101515761639,-0.4582059770723908,-0.15458281887559211,4.1614175873409165,-0.45838576811846593,-0.15398868622521628,-0.0038184666616361178,-0.0007769771552302182,0.00059413265037583374,0,-0.19106761629687746,0.026001557408166964,-0.0038185245252163559,-0.00052842859269174611,0.0038549145680874656,0.00051964632511369846,0.019985200000000002,-1.8201043970600406e-17,0.00024826413683355663,3.8206437425358786e-05,0.0002453066443799945,-9.1072613587056443e-16,0.00024826413683355663,-7.4486325262135278e-05,1,0,0.019985200000000002,0,0,0,0,0,0,0,0.0081086999999999999,416,57,0.24152542372881355,0,0,0,0,0,0,0,0,0,1,20,nan,1,-0.0038184682740209181,0,0.010648783708817623,-0.007093935739248991,0.019985200000000002,-0.00021281807217746196,-0.010648783708817623,-0.091189599999999996,0,0,0
639155490606829755,nan,22.226696488593731,0.00077196234425899821,7.3755181592694008e-05,237,0,0,0,0,4.1612962692793669,-0.45916736854880835,-0.1540184295718961,4.1620565751253729,-0.45903372393992709,-0.1539446743903034,0.00073080334463152148,0.00024870129157129374,7.3755181592694008e-05,0,0.024338534497954256,0.0014657468773956529,0.00073081074151662266,-0.00054228018157939574,0.00091002864529082729,4.4011834912871528e-05,0.030026899999999999,-3.7404974950749903e-16,-0.00079095973650344963,-0.00012131806154958014,-0.00078160043034242177,-1.2457155067872443e-14,0.00079095973650344974,-2.9743346679822477e-05,1,0,0.030026899999999999,0,0,0,0,0,0,0,0.038135599999999999,416,54,0.22784810126582278,0,0,0,0,0,0,0,0,0,1,20,nan,1,0.00073083378261038065,0,0.0028301619718879858,-0.0042490707710385323,0.030026899999999999,-8.4980990513683352e-05,-0.0028301619718879858,-0.0611627,0,0,0
639155490607029623,nan,21.655341365630225,0.0010531681968526955,0.00036902202418073737,237,0,0,0,0,4.1620012235247392,-0.45939043423174264,-0.15401785919948524,4.1626853792799228,-0.45858975067782687,-0.15438688122366598,0.00055322459206583858,0.00089616170504856123,-0.00036902202418073737,0,0.027682779434825912,0.022124944131255327,0.00055329017600797849,0.00053514194693762948,0.00076974471238140804,-0.00044220683336257394,0.019986799999999999,3.5832881800645922e-16,-0.00036097926807483435,-5.5351600633635201e-05,-0.00035671029181555403,1.7928273560873137e-14,0.0003609792680748344,-7.3184809181836563e-05,1,0,0.019986799999999999,0,0,0,0,0,0,0,0.018124299999999999,416,56,0.23628691983122363,0,0,0,0,0,0,0,0,0,1,20,nan,1,0.00055323422403949702,0,0.010461877579465805,-0.0069699818268418312,0.019986799999999999,-0.00020909945480526715,-0.010461877579465805,-0.041175900000000001,0,0,0
639155490607329461,nan,23.529688545865397,0.0030181983849555025,0.00016323212988528238,243,0,0,0,0,4.162808887151396,-0.45779612737958036,-0.15441574106297501,4.1657743907678686,-0.45835765190409888,-0.15425250893308973,0.0030165828043614757,-9.8740444492926942e-05,0.00016323212988528238,0,0.10060699289188557,0.0044814963605764183,0.0030165799534717188,0.00070434877563596175,0.0030977188079984465,0.00013437229057625122,0.029983800000000001,-1.5425486409037514e-16,0.00080317627818275283,0.00012350787147319409,0.00079362329824650413,-5.1446068907335006e-15,0.00080317627818275283,-2.8859839309031132e-05,1,0,0.029983800000000001,0,0,0,0,0,0,0,0.0081364999999999996,417,58,0.23868312757201646,0,0,0,0,0,0,0,0,0,1,20,nan,1,0.0030165509117758543,0,0.0027500411468865714,-0.0041228341870009899,0.029983800000000001,-8.2456683740017578e-05,-0.0027500411468865714,-0.078232899999999994,0,0,0
639155490607582180,nan,21.714699524896741,0.0015625102889700068,0.00029540419905821347,242,0,0,0,0,4.165865549356357,-0.45777137661136197,-0.15432521380427486,4.1672373712127095,-0.45851940281248771,-0.15462061800333307,0.001470500037690997,-0.00052826891096099027,-0.00029540419905821347,0,0.058185638043884928,0.014565943607063351,0.0014704616260812556,6.4944165050351824e-05,0.0014718950840163906,-0.00036810907024334427,0.0252719,-1.222980050563649e-16,0.00059331998713085159,9.1158588488404746e-05,0.00058627529273691525,-4.8392881048265028e-15,0.0005933199871308517,-7.2704871185130804e-05,1,0,0.0252719,0,0,0,0,0,0,0,0.0134468,417,58,0.23966942148760331,0,0,0,0,0,0,0,0,0,1,20,nan,1,0.0014704548727824172,0,0.0082197303481762792,-0.0069242734462022781,0.0252719,-0.00020772820338607612,-0.0082197303481762792,-0.052961000000000001,0,0,0
639155490607822263,nan,21.55058394178759,0.0058042499235693981,0.00057841498551863824,232,0,0,0,0,4.1672469520590631,-0.45845793382450656,-0.15464926409898899,4.1614551005443241,-0.45807875944975213,-0.15407084911347035,-0.0057811349167389359,-0.0005174903378008756,0.00057841498551863824,0,-0.24079796313962226,0.022899117799374272,-0.0057811497384449928,-0.00045511356524593647,0.0057990361833319751,0.00054976888986271732,0.0240083,-3.3789330112100197e-16,6.2211165398811107e-05,9.5808463536073418e-06,6.1468987981150303e-05,-1.4074020281361111e-14,6.2211165398811107e-05,-2.8646095655920911e-05,1,0,0.0240083,0,0,0,0,0,0,0,0.017417800000000001,417,55,0.23706896551724138,0,0,0,0,0,0,0,0,0,1,20,nan,1,-0.0057811311089945722,0,0.0034090705126216753,-0.0040922993794083595,0.0240083,-8.1845987588174962e-05,-0.0034090705126216753,-0.0619515,0,0,0
639155490608129516,nan,22.218021052380095,0.0036467257677292404,0.00015814356918295025,239,0,0,0,0,4.1613663416660494,-0.45865028515074735,-0.15414404447455818,4.1650092438367059,-0.45848333425962595,-0.15430218804374113,0.0035740767173550025,0.00072428201930001344,-0.00015814356918295025,0,0.11632529940682126,0.0075292651421068196,0.0035741297218644056,0.00014564357470351068,0.0035770959337941928,-0.00023133893027077468,0.030725300000000001,-3.1540796450318931e-16,-0.0005783768368206614,-8.8758878274752817e-05,-0.00057152570099522348,-1.0265415293038287e-14,0.0005783768368206614,-7.3195361087824429e-05,1,0,0.030725300000000001,0,0,0,0,0,0,0,0.0082048999999999993,416,58,0.24267782426778242,0,0,0,0,0,0,0,0,0,1,20,nan,1,0.0035741144731335404,0,0.006806429981413592,-0.0069710100069642067,0.030725300000000001,-0.00020912960310792705,-0.006806429981413592,-0.064601500000000006,0,0,0
639155490608329438,nan,20.508550741879063,0.00074346073785749682,0.00011801882641385153,240,0,0,0,0,4.1650238912754833,-0.45838916186802492,-0.15433281085666048,4.164580981077707,-0.45779203171015198,-0.15445082968307433,-0.00052943727517855877,0.00052194831198799441,-0.00011801882641385153,0,-0.026481392313250925,0.0074349816094878198,-0.00052942129140497521,0.00061726922964102965,0.00081320858680571106,-0.0001486416393332024,0.019992200000000002,-1.6712468269095698e-16,9.5304705039137838e-05,1.4647438777437571e-05,9.4172391601032857e-05,-8.3594943373394101e-15,9.5304705039137838e-05,-3.0622812919350879e-05,1,0,0.019992200000000002,0,0,0,0,0,0,0,0.028197099999999999,416,55,0.22916666666666666,0,0,0,0,0,0,0,0,0,1,20,nan,1,-0.00052944829449856645,0,0.0043763943537000558,-0.004374687559902668,0.019992200000000002,-8.7493751198042258e-05,-0.0043763943537000558,-0.044609299999999998,0,0,0
639155490608530513,nan,22.37398468887795,0.00086971532532898182,0.00034097090520515683,240,0,0,0,0,4.1646764757024073,-0.45717867099699261,-0.15452559828542037,4.1644003827262877,-0.458003399689139,-0.15418462738021521,-0.00014586811293908493,-0.00085739561506908057,0.00034097090520515683,0,-0.0072576013329762375,0.013238955755768734,-0.00014593221880281971,-0.00023663468594383553,0.0002780147245676957,0.00026620230285911983,0.0201075,2.7537379928416206e-16,0.00062075002037375562,9.5494624700265263e-05,0.00061336071315937213,1.3695078915039764e-14,0.00062075002037375562,-7.4768602346036994e-05,1,0,0.0201075,0,0,0,0,0,0,0,0.0083169999999999997,415,56,0.23333333333333334,0,0,0,0,0,0,0,0,0,1,20,nan,1,-0.00014590694247792923,0,0.010624124238789256,-0.007120771799236536,0.0201075,-0.00021362457813145497,-0.010624124238789256,-0.058126400000000002,0,0,0
639155490608829363,nan,21.574150947307309,0.0021575966797566185,0.00031622064593200827,234,0,0,0,0,4.1643463793094382,-0.45835087141010616,-0.15418126809690919,4.1621941678246062,-0.45819852589145227,-0.15386504745097718,-0.0021500769553078037,-0.00017997921755333513,0.00031622064593200827,0,-0.071945000859780853,0.010693656658458563,-0.0021500763506945506,-0.00053162967695067156,0.0022148269519830822,0.00031957992923803413,0.029884999999999998,-5.9488817951564021e-17,-0.00035164323668072933,-5.4003416849468522e-05,-0.00034747172096716294,-1.9905911979777153e-15,0.00035164323668072933,3.359283306025862e-06,1,0,0.029884999999999998,0,0,0,0,0,0,0,0.018259000000000001,415,54,0.23076923076923078,0,0,0,0,0,0,0,0,0,1,20,nan,1,-0.0021500789019479332,0,0.00032116286776022424,0.00031993174343369901,0.029884999999999998,9.597952303014301e-06,0.00032116286776022424,-0.0613707,0,0,0
639155490609130836,nan,20.402327228703395,0.0029903014977776454,5.1549823869651006e-05,240,0,0,0,0,4.1621120820911557,-0.45872780094012566,-0.15391251284522825,4.1651008041304864,-0.45863062265433191,-0.1539640626690979,0.0029384938852964919,0.00055421722608230042,-5.1549823869651006e-05,0,0.097472085000168643,0.0032843809601763273,0.0029385201881255841,1.8475149006938246e-05,0.0029385782662968915,-9.901521812072378e-05,0.030147299999999998,1.2561837420960176e-16,-0.00053560259968032887,-8.2085733450476539e-05,-0.00052927504867339437,4.166820053855628e-15,0.00053560259968032887,-4.7465394251072768e-05,1,0,0.030147299999999998,0,0,0,0,0,0,0,0.0083595000000000006,416,54,0.22500000000000001,0,0,0,0,0,0,0,0,0,1,20,nan,1,0.0029385189286126228,0,0.0044984264642555331,-0.0067807706072926521,0.030147299999999998,-0.00013561541214585082,-0.0044984264642555331,-0.064457,0,0,0
639155490609330699,nan,21.07848583695182,0.0012134322870848539,0.00021134114382170832,235,0,0,0,0,4.1651027120513406,-0.45861832873826591,-0.15396260807977985,4.1642698433380314,-0.45950079552049095,-0.15417394922360156,-0.00068768608828911394,-0.00099975284911501812,-0.00021134114382170832,0,-0.034407801046629785,0.01050152126725095,-0.00068768463405825678,-0.00098731276689663903,0.0012032026660529537,-0.00020988655450365765,0.019986299999999999,3.1474198484841062e-16,1.2441082518159611e-05,1.9079208541938897e-06,1.229391606599739e-05,1.5747886544703654e-14,1.2441082518159611e-05,1.4545893180506475e-06,1,0,0.019986299999999999,0,0,0,0,0,0,0,0.0082546000000000008,415,52,0.22127659574468084,0,0,0,0,0,0,0,0,0,1,20,nan,1,-0.0006876866856776354,0,0.00020794091353558455,0.00013853277778252959,0.019986299999999999,4.1559694801962532e-06,0.00020794091353558455,-0.078110899999999997,0,0,0
639155490609630161,nan,22.807943636358587,0.0031073956379538644,0.00019928004647012942,239,0,0,0,0,4.1640426389694225,-0.46096278909637273,-0.15422182749224206,4.1664620540513271,-0.45901283055521669,-0.15442110753871219,0.0020911644402909504,0.0022984644731727615,-0.00019928004647012942,0,0.069834385811672423,0.0082534116218628533,0.0020912744843935046,0.00081882150054093526,0.0022458623330078422,-0.00024715831511062936,0.029946199999999999,-9.2699285747510629e-17,-0.0014795428486646027,-0.00022720436860890203,-0.0014619935758817815,-3.0955275042412938e-15,0.0014795428486646029,-4.7878268640499926e-05,1,0,0.029946199999999999,0,0,0,0,0,0,0,0.0382008,415,53,0.22175732217573221,0,0,0,0,0,0,0,0,0,1,20,nan,1,0.0020912184741364377,0,0.0045680271038906969,-0.0068397526629269123,0.029946199999999999,-0.00013679505325853158,-0.0045680271038906969,-0.048164699999999998,0,0,0
639155490609830407,nan,23.099062615166581,0.0021847480865045178,7.4709262456090775e-05,240,0,0,0,0,4.1665463224379762,-0.45847146996773414,-0.15445065408732456,4.1646305460615096,-0.45742126756968993,-0.15452536334978065,-0.0020545316561245237,0.00074298309231595069,-7.4709262456090775e-05,0,-0.10259928800783669,0.0052063866977847218,-0.0020545097026417264,0.0012909237527503547,0.0024264159275903326,-0.00010425581106845994,0.0200246,-5.650048571365085e-17,0.00054787995643927102,8.426838664910008e-05,0.00054136058748255333,-2.8215537745398586e-15,0.00054787995643927102,-2.9546548612369165e-05,1,0,0.0200246,0,0,0,0,0,0,0,0.018125800000000001,415,54,0.22500000000000001,0,0,0,0,0,0,0,0,0,1,20,nan,1,-0.0020545641898706878,0,0.0042157501433833146,-0.0042209355160593987,0.0200246,-8.4418710321193524e-05,-0.0042157501433833146,-0.061083699999999998,0,0,0
639155490610029655,nan,20.477560300134428,0.0021081026949725063,0.00040828475422741151,235,0,0,0,0,4.1648282105655143,-0.45615229329834983,-0.15459585155752137,4.1648437726968952,-0.45826033855227993,-0.15418756680329396,0.00033997499453737725,-0.002080508105160769,0.00040828475422741151,0,0.017055545973140764,0.01695357275790425,0.00033982834240563512,-0.00079625524146485608,0.00086573997936009511,0.00033779654648669061,0.019924799999999999,2.5703723004200096e-16,0.0012842768227553417,0.00019766450400471314,0.0012689742713400953,1.2900366881574769e-14,0.0012842768227553417,-7.048820774072094e-05,1,0,0.019924799999999999,0,0,0,0,0,0,0,0.0181738,415,52,0.22127659574468084,0,0,0,0,0,0,0,0,0,1,20,nan,1,0.00033990852154668137,0,0.010107749099572348,-0.0067131626419723034,0.019924799999999999,-0.00020139487925915911,-0.010107749099572348,-0.074604799999999999,0,0,0
639155490610329497,nan,20.741677764428633,0.0011644898576988422,0.00035116317512945416,238,0,0,0,0,4.1646597206869957,-0.45944455306360305,-0.1541923843632666,4.163610613006532,-0.45893917231260883,-0.15384122118813714,-0.001114278394645344,0.0003382606804079734,0.00035116317512945416,0,-0.037162130890313276,0.011550937332222047,-0.0011142767650413313,-0.00086016590666449411,0.0014076569525629907,0.00034634561515681228,0.029984199999999999,-3.2282119685755895e-17,-0.0011984319551715346,-0.00018405200989946024,-0.0011842145113231117,-1.0766376853728262e-15,0.0011984319551715348,-4.8175599726418836e-06,1,0,0.029984199999999999,0,0,0,0,0,0,0,0.0081218000000000002,416,53,0.22268907563025211,0,0,0,0,0,0,0,0,0,1,20,nan,1,-0.0011142708451565974,0,0.00045905700550982943,-0.00045881676487624645,0.029984199999999999,-1.3764457064607827e-05,-0.00045905700550982943,-0.078167399999999998,0,0,0
639155490610630331,nan,20.343557074275374,0.00410034663954046,0.0009266637569827485,235,0,0,0,0,4.1634784286573083,-0.45979160894478133,-0.15377498714829596,4.1675010407528168,-0.45899698041933079,-0.15470165090527871,0.0038534319200433046,0.001401393949602365,-0.0009266637569827485,0,0.12808855021735016,0.028601478461263166,0.0038533390916086316,0.00053902474094058139,0.003890857209698821,-0.00086042971714156435,0.0300834,3.5304333241559238e-16,-0.00086262443395099307,-0.00013218434922368516,-0.00085243663217249299,1.1735486428249214e-14,0.00086262443395099318,6.6234039841184269e-05,1,0,0.0300834,0,0,0,0,0,0,0,0.018194200000000001,416,55,0.23404255319148937,0,0,0,0,0,0,0,0,0,1,20,nan,1,0.0038533900769108361,0,0.0062905161594787188,0.0063080037944018841,0.0300834,0.00018924011383206207,0.0062905161594787188,-0.048084000000000002,0,0,0
639155490610830553,nan,20.84351435475217,0.0049849360237243633,0.00062177527724074921,237,0,0,0,0,4.167556659068576,-0.45864033322833858,-0.15470502337449721,4.1626942355545609,-0.45754195955286298,-0.15408324809725646,-0.0049735986372636378,0.00033601154151927256,0.00062177527724074921,0,-0.2484041465995937,0.030885857099731812,-0.0049735975040463851,0.00069698622911835029,0.0050221969232435567,0.00061840280802225034,0.0200222,3.8791398478815742e-16,0.00036095791429267924,5.5618315759176085e-05,0.00035664719099220976,1.9374193884196411e-14,0.00036095791429267918,-3.3724692184988747e-06,1,0,0.0200222,0,0,0,0,0,0,0,0.017881899999999999,416,54,0.22784810126582278,0,0,0,0,0,0,0,0,0,1,20,nan,1,-0.0049736008619380963,0,0.00048124713260447907,-0.00048178131692111492,0.0200222,-9.6356263384334007e-06,-0.00048124713260447907,-0.061146199999999998,0,0,0
639155490611129985,nan,21.001176568393241,0.0039393423446485564,0.00059930953358175443,241,0,0,0,0,4.1628549142771369,-0.45650742066032202,-0.15413398714558554,4.1664845204301022,-0.45803855660552673,-0.1547332966791673,0.0038216433911079685,-0.00095575096104684692,-0.00059930953358175443,0,0.12762813901968176,0.021709389173863825,0.0038215948922941351,9.0997525587922139e-05,0.0038226781280238263,-0.00065004858191083925,0.0299432,-3.3450347526609026e-16,0.0010469423919531368,0.00016067872257607974,0.0010345388925409593,-1.1171266773961709e-14,0.0010469423919531368,-5.0739048329084824e-05,1,0,0.0299432,0,0,0,0,0,0,0,0.0079115999999999995,415,56,0.23236514522821577,0,0,0,0,0,0,0,0,0,1,20,nan,1,0.0038215882863579195,0,0.0048414568086169139,-0.0072483629919588566,0.0299432,-0.00014496870951177798,-0.0048414568086169139,-0.064580499999999999,0,0,0
639155490611329476,nan,20.676731975848746,0.00059878123671270461,0.0003382246441346603,245,0,0,0,0,4.1664941188825022,-0.45797702022811465,-0.1547619575246445,4.1663699491424211,-0.45856278540724993,-0.15442373288050984,-3.2392976015609734e-05,-0.00059790439415014179,0.0003382246441346603,0,-0.0016246403320363753,0.015517682434669153,-3.2410112447826857e-05,-0.00053562300279970452,0.00053660266167533405,0.00030956379865745842,0.019949100000000001,-7.3093861150362593e-17,6.2280462694784796e-05,9.5984524000058968e-06,6.1536377412074739e-05,-3.664017983285591e-15,6.2280462694784796e-05,-2.8660845477201935e-05,1,0,0.019949100000000001,0,0,0,0,0,0,0,0.027860699999999999,415,56,0.22857142857142856,0,0,0,0,0,0,0,0,0,1,20,nan,1,-3.2388181837641924e-05,0,0.0041048533485057628,-0.004094406496733427,0.019949100000000001,-8.1888129934676313e-05,-0.0041048533485057628,-0.044631400000000002,0,0,0
639155490611530620,nan,21.638036145406144,0.0010714970785401096,0.00035379396736276436,241,0,0,0,0,4.1662868834995725,-0.45909641005827256,-0.15449592953315697,4.1665347289242014,-0.4580539712663953,-0.15484972350051973,8.4480772563497961e-05,0.0010681614992064936,-0.00035379396736276436,0,0.0042038484880682547,0.021178390606226966,8.4557890028400112e-05,0.00052810431701619991,0.00053483100734456489,-0.00042599062000989174,0.020114400000000001,4.1188840532724313e-16,-0.00054005108017748753,-8.3065642848545451e-05,-0.00053362465102263501,2.0477290166609153e-14,0.00054005108017748753,-7.219665264712738e-05,1,0,0.020114400000000001,0,0,0,0,0,0,0,0.0079024999999999998,414,53,0.21991701244813278,0,0,0,0,0,0,0,0,0,1,20,nan,1,8.450342191598876e-05,0,0.01025514807403255,-0.0068758716806769371,0.020114400000000001,-0.00020627615042032033,-0.01025514807403255,-0.0578457,0,0,0
639155490611830282,nan,21.8896925506724,0.0025588987370937536,0.00056692413289449739,242,0,0,0,0,4.1666560810304754,-0.45727656847303078,-0.15485232306870644,4.1641654214028065,-0.45786357559888247,-0.15428539893581195,-0.0023703206183161366,-0.00096412805844732865,0.00056692413289449739,0,-0.079099890030254166,0.01883203625110243,-0.0023703231246246024,-0.00017730461363362656,0.0023769452330977057,0.00056432456470778558,0.029966199999999998,1.5411933881881446e-16,0.00078681728300037269,0.0001213521062739531,0.00077740279336452334,5.143105859895965e-15,0.00078681728300037269,-2.5995681867119202e-06,1,0,0.029966199999999998,0,0,0,0,0,0,0,0.017709599999999999,414,56,0.23140495867768596,0,0,0,0,0,0,0,0,0,1,20,nan,1,-0.0023703224661576388,0,0.00024785717495793961,-0.00024757874780334532,0.029966199999999998,-7.4273376762246102e-06,-0.00024785717495793961,-0.027879500000000002,0,0,0
639155490612117530,nan,20.81739935494921,0.0015347102464434684,0.00027295086239637062,241,0,0,0,0,4.1641395000940715,-0.45803024921133506,-0.15433736948939641,4.1652976820698653,-0.45903720007979143,-0.15406441862700004,0.001299209277840099,-0.00081693989553257857,0.00027295086239637062,0,0.045228054477910451,0.0076930147054775737,0.0012991668192670822,-0.0009856846433178234,0.0016307693400224115,0.00022098030881190223,0.028724800000000002,1.2217603231196028e-16,-0.0001686772282631359,-2.5921308735021853e-05,-0.00016667361245259471,4.2533292594538615e-15,0.0001686772282631359,-5.1970553584468331e-05,1,0,0.028724800000000002,0,0,0,0,0,0,0,0.0069084000000000003,416,55,0.22821576763485477,0,0,0,0,0,0,0,0,0,1,20,nan,1,0.0012992399965101092,0,0.0051693065210351172,-0.007424364797770977,0.028724800000000002,-0.00014848729595542953,-0.0051693065210351172,-0.065804500000000002,0,0,0
639155490612330772,nan,22.416621360308454,0.0045190048250681458,9.7104843969852958e-05,240,0,0,0,0,4.1651853605121412,-0.45976047847803669,-0.15407008708477221,4.1609168501321445,-0.45827682631366323,-0.15397298224080236,-0.0044456315810909464,0.00081102679006059698,9.7104843969852958e-05,0,-0.20847801951531453,0.0042879163672112077,-0.0044456269837484701,7.9104058920661515e-05,0.0044463307041616058,9.1436386197685238e-05,0.021324200000000001,-5.6703773620991882e-17,-0.00073194793100179361,-0.00011232155772411545,-0.00072327839824526396,-2.6591278275851791e-15,0.00073194793100179361,-5.6684577721677343e-06,1,0,0.021324200000000001,0,0,0,0,0,0,0,0.0080967000000000001,416,56,0.23333333333333334,0,0,0,0,0,0,0,0,0,1,20,nan,1,-0.0044456276241713064,0,0.00075949360982406448,-0.0005398531211540103,0.021324200000000001,-1.6195593634610317e-05,-0.00075949360982406448,-0.077888200000000005,0,0,0
639155490612630869,nan,21.908413826149001,0.00060401884677575846,0.00019689218451249269,245,0,0,0,0,4.1609340110618485,-0.45816625432007563,-0.15402033942188953,4.1613947085460152,-0.45777561817819584,-0.15382344723737704,0.00039531556951315688,0.00045668847999572482,0.00019689218451249269,0,0.013173647072405986,0.004982888980073835,0.00039533719654878192,0.00056856552814137573,0.00069250145037085052,0.00014953500342532178,0.0300097,-1.268685948397491e-16,0.00011189576968876406,1.7160929703941008e-05,0.00011057199358760483,-4.2275862417734631e-15,0.00011189576968876406,-4.7357181087170908e-05,1,0,0.0300097,0,0,0,0,0,0,0,0.038106399999999999,416,56,0.22857142857142856,0,0,0,0,0,0,0,0,0,1,20,nan,1,0.00039529873041455591,0,0.0045087498934524494,-0.0067653115838766098,0.0300097,-0.00013530623167753997,-0.0045087498934524494,-0.047878499999999997,0,0,0
639155490612829196,nan,21.860776935039517,0.0029107821098497302,0.00079376669528638533,240,0,0,0,0,4.161452274280478,-0.45740434198992924,-0.15382854197256135,4.1643294777405435,-0.45784519654690747,-0.15462230866784774,0.0029107774583966685,5.2037208876089497e-06,-0.00079376669528638533,0,0.14676657665727136,0.040280013839300681,0.002910777484870666,0.00038090131020354254,0.0029355938708453488,-0.00079886143047069869,0.019832700000000002,1.9420771414646598e-16,0.00037571241895633208,5.7565734462805551e-05,0.00037127618826660047,9.7922982824560424e-15,0.00037571241895633208,-5.0947351843133593e-06,1,0,0.019832700000000002,0,0,0,0,0,0,0,0.017806700000000002,414,58,0.24166666666666667,0,0,0,0,0,0,0,0,0,1,20,nan,1,0.0029107747125202755,0,0.0007339588780529377,-0.0004852144920732826,0.019832700000000002,-1.4556386240760499e-05,-0.0007339588780529377,-0.061611899999999997,0,0,0
639155490613130514,nan,19.833663869165196,0.0013368242306679892,0.00021412211218710397,241,0,0,0,0,4.1644191460560807,-0.45726990714470706,-0.15467505840641063,4.1635577701024502,-0.45829222338257491,-0.15446093629422353,-0.00069359547669375779,-0.0011428142186773055,0.00021412211218710397,0,-0.023020720928717125,0.0053555504027043808,-0.0006936557588799187,-0.00056054202221700192,0.00089183275926509997,0.00016137237362420787,0.0301318,9.5558868977441147e-17,0.00058223560789029622,8.9668315537139165e-05,0.00057528940220041846,3.1713627787732943e-15,0.00058223560789029622,-5.2749738562896109e-05,1,0,0.0301318,0,0,0,0,0,0,0,0.0079854999999999995,414,57,0.23651452282157676,0,0,0,0,0,0,0,0,0,1,20,nan,1,-0.00069361351627455364,0,0.0050018100064056171,-0.0075356769375503063,0.0301318,-0.00015071353875101279,-0.0050018100064056171,-0.064524899999999996,0,0,0
639155490613329346,nan,19.726079520986101,0.00088349847002169618,4.8042685967336636e-05,244,0,0,0,0,4.16350087524477,-0.45865763400648324,-0.15446584295072058,4.1643452819510971,-0.45839773621726515,-0.15441780026475324,0.00079436719711970579,0.00038671734208703444,4.8042685967336636e-05,0,0.03995177308479949,0.0021694711852361034,0.00079436909459968525,1.6900046996769788e-05,0.00079454884685815051,4.3136029470286497e-05,0.0198832,3.8258784161582238e-16,-0.00036981339739864072,-5.6894857680234168e-05,-0.00036541062390832435,1.9241763982448618e-14,0.00036981339739864072,-4.9066564970501317e-06,1,0,0.0198832,0,0,0,0,0,0,0,0.0077562000000000004,414,56,0.22950819672131148,0,0,0,0,0,0,0,0,0,1,20,nan,1,0.00079436897611913392,0,0.0007050685283550175,-0.0004673006187658757,0.0198832,-1.4019018562988483e-05,-0.0007050685283550175,-0.044641699999999999,0,0,0
639155490613530196,nan,21.407975600646452,0.00044823778327509305,1.39801072378265e-05,236,0,0,0,0,4.1643479023176813,-0.45838090197941606,-0.15446771757846847,4.1647218200043854,-0.45813371242881734,-0.15445373747123065,0.00033143451523835223,0.00030177520187067675,1.39801072378265e-05,0,0.016502343969787916,0.0017892559859300169,0.00033144957863319029,0.00031879561362157534,0.00045987983913243704,-3.5937206477404386e-05,0.020084999999999999,3.4505708227240521e-16,1.7036956447537345e-05,2.6203665841606494e-06,1.683423784909488e-05,1.7179839794493662e-14,1.7036956447537345e-05,-4.9917313715230886e-05,1,0,0.020084999999999999,0,0,0,0,0,0,0,0.0077803999999999998,414,51,0.21610169491525424,0,0,0,0,0,0,0,0,0,1,20,nan,1,0.00033142684433238895,0,0.0071008661353784662,-0.007130973506718874,0.020084999999999999,-0.00014262089632907649,-0.0071008661353784662,-0.057938700000000003,0,0,0
639155490613830580,nan,22.112114086725356,0.00096768439800161497,0.00040286390420243845,237,0,0,0,0,4.1647951706293451,-0.45766259134577975,-0.15443463249997127,4.164238068370631,-0.45845382466628098,-0.15403176859576884,-0.00042876330780257827,-0.00086751087602285402,0.00040286390420243845,0,-0.014273287989844556,0.014047648192374059,-0.00042874673395414673,-0.0003907220570400955,0.0005800754155573149,0.00042196887546180895,0.0300384,-1.7042302898756523e-16,0.00047679701033510999,7.3350624959722666e-05,0.00047112108303759559,-5.6735055458201915e-15,0.00047679701033510993,1.9104971259370499e-05,1,0,0.0300384,0,0,0,0,0,0,0,0.017991799999999999,415,55,0.2320675105485232,0,0,0,0,0,0,0,0,0,1,20,nan,1,-0.00042875739769970226,0,0.0018171950626404234,-0.00075568835018202662,0.0300384,5.4585632169618092e-05,0.0018171950626404234,-0.061549,0,0,0
639155490614130191,nan,22.601488597308336,0.0028093073103253739,7.7062965588570176e-06,236,0,0,0,0,4.1641783044169811,-0.45883874886717646,-0.15408021483531106,4.1613801794554401,-0.45858834067352272,-0.15408792113186992,-0.0028034063460338704,-0.00018199017243964642,-7.7062965588570176e-06,0,-0.093568499136660779,0.0018741813919076384,-0.0028034151594834075,-0.00057139045437764116,0.0028610528844771931,-5.615253610108395e-05,0.029961100000000001,9.6737938840019133e-17,-0.00038953609664688473,-5.9763953649927259e-05,-0.00038492420089547563,3.228784618722915e-15,0.00038953609664688473,-4.8446239542226932e-05,1,0,0.029961100000000001,0,0,0,0,0,0,0,0.0079062999999999998,415,52,0.22033898305084745,0,0,0,0,0,0,0,0,0,1,20,nan,1,-0.0028033756074568304,0,0.0046199180692124697,-0.0069243535399436951,0.029961100000000001,-0.00013841782726348173,-0.0046199180692124697,-0.064556699999999995,0,0,0
639155490614330413,nan,19.884433650596897,0.0040459493297350033,0.00035099686907741351,238,0,0,0,0,4.1613215581743397,-0.45896576542276329,-0.15409249656007254,4.1652244520782782,-0.45789940471766261,-0.15444349342914995,0.0036929807103874236,0.0016527551093521169,-0.00035099686907741351,0,0.1844446800257139,0.017758902482246326,0.003692988272410849,0.0012707880900507734,0.0039055172192654533,-0.00035557229728003242,0.0200222,-2.585212317655905e-16,-0.00038195012231594935,-5.8621281100457168e-05,-0.00037742474924057356,-1.2911729568458536e-14,0.00038195012231594929,-4.5754282026189141e-06,1,0,0.0200222,0,0,0,0,0,0,0,0.0081542000000000003,416,56,0.23529411764705882,0,0,0,0,0,0,0,0,0,1,20,nan,1,0.0036929799660467221,0,0.00065290787263392084,-0.00043575651943683624,0.0200222,-1.3072652007450891e-05,-0.00065290787263392084,-0.077866099999999994,0,0,0
639155490614629291,nan,20.828493711601762,0.003707953855533182,0.00042647174480020533,238,0,0,0,0,4.1655165614643801,-0.45602309943316249,-0.15449117718268884,4.1674102043472727,-0.45921105150727426,-0.15406470543788864,0.0023616431487928444,-0.0028585946604097632,0.00042647174480020533,0,0.079012400965775303,0.012673665885790006,0.0023615068375848992,-0.00095979984275529014,0.002549103819406599,0.00037878799126131452,0.029887799999999999,1.3953681959888442e-16,0.0018989074264144329,0.00029210938610191306,0.0018763052845001127,4.6686882138827356e-15,0.0018989074264144331,-4.7683753538890761e-05,1,0,0.029887799999999999,0,0,0,0,0,0,0,0.017878399999999999,415,53,0.22268907563025211,0,0,0,0,0,0,0,0,0,1,20,nan,1,0.0023615722133331694,0,0.0045583581202154194,-0.0068119647912681103,0.029887799999999999,-0.00013623929582537442,-0.0045583581202154194,-0.047978300000000002,0,0,0
639155490614829179,nan,21.186255903690235,0.0030777309430068023,0.00027506853471778725,241,0,0,0,0,4.1673116077984718,-0.45984594849812888,-0.15409247278971716,4.1646324683533535,-0.45833114171468975,-0.15436754132443495,-0.0028798926107896344,0.0010856547830046179,-0.00027506853471778725,0,-0.14407380452660376,0.015150278483266123,-0.0028798624639213774,0.00044322757574066145,0.0029137704945654606,-0.00030283588654630988,0.019988800000000001,-2.9857572577535185e-16,-0.00064250717383676438,-9.8596548800955475e-05,-0.00063489699085461648,-1.4937151093379885e-14,0.00064250717383676438,-2.7767351828522635e-05,1,0,0.019988800000000001,0,0,0,0,0,0,0,0.037867199999999997,415,51,0.21161825726141079,0,0,0,0,0,0,0,0,0,1,20,nan,1,-0.0028798800434499455,0,0.003968987179751673,-0.0039667645469307899,0.019988800000000001,-7.933529093862024e-05,-0.003968987179751673,-0.0279895,0,0,0
639155490615029945,nan,22.473886175792845,0.0036521495335139703,0.00016108178048437893,237,0,0,0,0,4.1647007815480901,-0.45789212642184884,-0.1544404916994685,4.168100532663134,-0.45922625106778875,-0.15427940991898412,0.0035645111958992732,-0.00079527111695008943,0.00016108178048437893,0,0.17754267012784303,0.0043897575013115211,0.0035644531710886532,-0.00035123268910235194,0.0035817161823318757,8.8131405450830882e-05,0.0200766,2.9482167575312079e-16,0.00044429845815993906,6.8313194736546734e-05,0.00043901529284090524,1.468484084721122e-14,0.00044429845815993911,-7.2950375033548065e-05,1,0,0.0200766,0,0,0,0,0,0,0,0.018091300000000001,414,54,0.22784810126582278,0,0,0,0,0,0,0,0,0,1,20,nan,1,0.0035644897553842986,0,0.010381720159438283,-0.006947654765099287,0.0200766,-0.00020842964295297861,-0.010381720159438283,-0.041559800000000001,0,0,0
639155490615330032,nan,21.56506196658885,0.00069967104548948015,0.00013017257696301687,230,0,0,0,0,4.1680197861191495,-0.45974547056949261,-0.15428468054489522,4.168004816453263,-0.45904595968251544,-0.1541545079679322,-0.00012228800940932509,0.00068890145496365953,0.00013017257696301687,0,-0.0040749642092353551,0.0041621913329106053,-0.00012228437846568101,0.00016344144890169816,0.00020412392421228901,0.00012490195105191448,0.030008699999999999,8.6831041488932836e-17,-0.00052546065058674382,-8.0746543984488994e-05,-0.00051921950170386033,2.8935289262424844e-15,0.00052546065058674382,-5.2706259111023898e-06,1,0,0.030008699999999999,0,0,0,0,0,0,0,0.027989099999999999,414,51,0.22173913043478261,0,0,0,0,0,0,0,0,0,1,20,nan,1,-0.00012228560908897969,0,0.00050181884501863949,-0.00050196604570373893,0.030008699999999999,-1.5058931174510848e-05,-0.00050181884501863949,-0.044674499999999999,0,0,0
639155490615630621,nan,21.199510994650641,0.0020358939059162253,3.8003285647708607e-05,238,0,0,0,0,4.1680299563495691,-0.45888417108361901,-0.15420335347280845,4.1660139798591116,-0.45916825344151818,-0.15424135675845616,-0.0019484222752483705,-0.00059035127971639645,-3.8003285647708607e-05,0,-0.064821104861806117,0.0028892870505558199,-0.001948451108930544,-0.0004265259478752545,0.0019945892078579866,-8.6848790523952335e-05,0.0300589,-2.2713019074034613e-16,0.00016373015946717851,2.5139896306036746e-05,0.00016178859889642849,-7.5561710754667048e-15,0.00016373015946717851,-4.8845504876243728e-05,1,0,0.0300589,0,0,0,0,0,0,0,0.018075999999999998,413,54,0.22689075630252101,0,0,0,0,0,0,0,0,0,1,20,nan,1,-0.0019484213415079657,0,0.0046428374079102337,-0.0069779292680323124,0.0300589,-0.00013955858536063293,-0.0046428374079102337,-0.047928800000000001,0,0,0
639155490615829971,nan,20.539178483631364,0.0037328003920726414,0.00029039447311690614,241,0,0,0,0,4.165970504984017,-0.45944787731450459,-0.15424711594779805,4.1625917457223576,-0.45786112446077837,-0.15453751042091496,-0.0035824275531178172,0.0010488143752447113,-0.00029039447311690614,0,-0.17970511726802613,0.014855965009220139,-0.0035824215127381012,0.00076585165934774644,0.003663369031240839,-0.00029615366245880348,0.019935000000000001,-2.6704577134675778e-16,-0.000282983347758153,-4.3474875094595689e-05,-0.000279623872986412,-1.3395824998583284e-14,0.000282983347758153,-5.7591893418973417e-06,1,0,0.019935000000000001,0,0,0,0,0,0,0,0.017894500000000001,413,56,0.23236514522821577,0,0,0,0,0,0,0,0,0,1,20,nan,1,-0.0035824278135950165,0,0.00082542396243726144,-0.00054849422303959727,0.019935000000000001,-1.6454826691186808e-05,-0.00082542396243726144,-0.061202199999999998,0,0,0
639155490616130562,nan,22.36130320705476,0.0013220683108260394,0.00082117862183833656,241,0,0,0,0,4.1627692489388526,-0.45672167342029313,-0.15458524227820714,4.1638504177574083,-0.45748255357135065,-0.1537640636563688,0.0011854293407597518,-0.0005853391295277616,0.00082117862183833656,0,0.039435691690233463,0.025730869006262983,0.0011854014000858967,0.0005677981426661803,0.0013143710321445647,0.00077344676454615957,0.030059099999999998,3.3209112543231001e-16,0.0011531938542712456,0.00017750321649501188,0.0011394510404852398,1.1047939739789615e-14,0.0011531938542712456,-4.7731857292176993e-05,1,0,0.030059099999999998,0,0,0,0,0,0,0,0.0079430999999999998,413,56,0.23236514522821577,0,0,0,0,0,0,0,0,0,1,20,nan,1,0.0011853626801016219,0,0.0045369533725380376,-0.0068187685683369637,0.030059099999999998,-0.00013637673512045811,-0.0045369533725380376,-0.064881099999999997,0,0,0
639155490616329183,nan,20.756422042287454,0.00056725683693733782,0.00048856081036530163,246,0,0,0,0,4.1639077875555524,-0.45711239591731656,-0.15378668285118569,4.1634393101509648,-0.45743225407407212,-0.15427524366155099,-0.00041395222741319042,-0.0003878451655903574,-0.00048856081036530163,0,-0.020841753895752997,0.025736453103256351,-0.00041396100005283563,-1.32587306108097e-05,0.00041417327714635794,-0.00051118000518218798,0.019862100000000001,-1.814276810382931e-16,0.00037457707161425556,5.7369798144080164e-05,0.00037015765403408674,-9.1343655020512981e-15,0.00037457707161425556,-2.2619194816886345e-05,1,0,0.019862100000000001,0,0,0,0,0,0,0,0.0080733000000000003,413,58,0.23577235772357724,0,0,0,0,0,0,0,0,0,1,20,nan,1,-0.00041396057140556116,0,0.0032537481386733388,-0.0032313135452568531,0.019862100000000001,-6.4626270905143723e-05,-0.0032537481386733388,-0.077918200000000007,0,0,0
639155490616530124,nan,20.548036465521708,0.0020310723829932123,0.00028394073937107472,239,0,0,0,0,4.1634372160675364,-0.45744571989854232,-0.15435053454474382,4.1653681499733475,-0.45807560026523647,-0.15463447528411489,0.0020048149577785168,-0.00032553342382196198,-0.00028394073937107472,0,0.099770103781553765,0.017877467642935227,0.0020047904423969197,-0.00033931204542261747,0.0020333020882532227,-0.00035923162256390473,0.0200941,-2.6781021858165478e-16,-1.3627678234667256e-05,-2.0940834284388643e-06,-1.3465824470204613e-05,-1.3327803613083182e-14,1.3627678234667254e-05,-7.529088319283006e-05,1,0,0.0200941,0,0,0,0,0,0,0,0.028167399999999999,413,55,0.23012552301255229,0,0,0,0,0,0,0,0,0,1,20,nan,1,0.002004826926662583,0,0.010705471214050723,-0.0071705603040754795,0.0200941,-0.00021511680912225661,-0.010705471214050723,-0.057824100000000003,0,0,0
639155490616829284,nan,19.96603524346817,0.0017376572699401426,0.00049514116907689587,237,0,0,0,0,4.1652905099602275,-0.45857367927505976,-0.15464206656542084,4.1639467629384326,-0.4596754037093867,-0.15414692539634395,-0.0011580170191862139,-0.0012955498334880468,0.00049514116907689587,0,-0.038709281121686867,0.016297295352685651,-0.0011580268540363843,-0.0017996349541697886,0.0021400262061337244,0.00048754988777094393,0.029916000000000002,-3.0544685704347874e-16,-0.00050409391155202109,-7.764001311993951e-05,-0.00049807900982329345,-1.0210150322351876e-14,0.00050409391155202109,-7.5912813059519912e-06,1,0,0.029916000000000002,0,0,0,0,0,0,0,0.017932099999999999,413,52,0.21940928270042195,0,0,0,0,0,0,0,0,0,1,20,nan,1,-0.0011580073374894526,0,0.0007250091977455467,-0.00072298158193007112,0.029916000000000002,-2.1689375159755775e-05,-0.0007250091977455467,-0.061557399999999998,0,0,0
639155490617130427,nan,20.624958023307155,0.0038929329421813039,0.00049290956110342732,242,0,0,0,0,4.1636687077850603,-0.46146492588858873,-0.15419667045451915,4.1653485146105611,-0.45795306371570649,-0.15468958001562258,0.0011205022086388096,0.0037281901363471169,-0.00049290956110342732,0,0.037214468418237084,0.018019831750319015,0.001120687666287317,0.0019171390035093846,0.0022206671979712466,-0.0005426546192786319,0.0301143,-2.5592592281520332e-16,-0.0018109953887773661,-0.00027805515337231412,-0.0017895221792020299,-8.4984848664987512e-15,0.0018109953887773661,-4.9745058175204582e-05,1,0,0.0301143,0,0,0,0,0,0,0,0.0129991,413,56,0.23140495867768596,0,0,0,0,0,0,0,0,0,1,20,nan,1,0.0011205514231843864,0,0.0047196427492372205,-0.0071064368821680546,0.0301143,-0.00014212873764335443,-0.0047196427492372205,-0.065557599999999994,0,0,0
639155490617308122,nan,20.541884287527846,0.0039057062120820877,5.463065679761625e-05,240,0,0,0,0,4.1655228643749753,-0.45683497368791282,-0.15468958001562255,4.1691102648010077,-0.45837935032539462,-0.15463494935882494,0.0037825120825740323,-0.0009732129059348034,5.463065679761625e-05,0,0.2128654201060329,0.0030744059651449957,0.003782512082574152,0.0001583891224315954,0.0037858268276459895,5.4630656797644006e-05,0.017769500000000001,1.1937065919065404e-16,0.0011316020283663989,0.00017434976441421668,0.0011180900277936723,6.717727521351419e-15,0.0011316020283663986,2.7755575615628914e-17,1,0,0.017769500000000001,0,0,0,0,0,0,0,0.0061313000000000001,414,57,0.23749999999999999,0,0,0,0,0,0,0,0,0,1,20,nan,1,0.003782512082574152,0,0,-0.0071064368821680546,0.017769500000000001,0,0,-0.0477881,0,0,0
639155490617630425,nan,21.161543275427849,0.003461670513924273,0.00030996361727617106,239,0,0,0,0,4.1691544546983019,-0.45809586258706786,-0.15465284139808952,4.1658493664855678,-0.45912520929883155,-0.15434287778081335,-0.0031070846263087878,-0.0015261677076679086,0.00030996361727617106,0,-0.096403444338522784,0.0090620185977663206,-0.0031071119320638914,-0.001239200901194417,0.0033451103766385442,0.0002920715780115879,0.032230300000000003,1.172158073728391e-16,0.00028691121414908002,4.41898972942667e-05,0.00028348773832675978,3.6368202397383543e-15,0.00028691121414908002,-1.7892039264583159e-05,1,0,0.032230300000000003,0,0,0,0,0,0,0,0.018106400000000002,413,52,0.21757322175732219,0,0,0,0,0,0,0,0,0,1,20,nan,1,-0.0031070802570043869,0,0.0015860886241966102,-0.0070079448632895947,0.032230300000000003,-5.1120112184444011e-05,-0.0015860886241966102,-0.047811100000000002,0,0,0
639155490617830534,nan,20.960123840467919,0.0054960237463512777,0.00062235664036597305,240,0,0,0,0,4.1657311748445593,-0.4598848921510415,-0.15435372010196846,4.1603622970066567,-0.45870955059126617,-0.15373136346160249,-0.005485746586743584,0.00033594851761579005,0.00062235664036597305,0,-0.27413774212849923,0.030559061272149659,-0.005485742943959186,-0.00043281402515921668,0.0055027905309554103,0.00061151431921085964,0.020010900000000002,2.3746738082863761e-16,-0.00076882202098152832,-0.00011819164100845825,-0.00075968285220995302,1.186690158007074e-14,0.00076882202098152832,-1.0842321155113412e-05,1,0,0.020010900000000002,0,0,0,0,0,0,0,0.018074099999999999,413,52,0.21666666666666667,0,0,0,0,0,0,0,0,0,1,20,nan,1,-0.0054857362394316279,0,0.0015480593298179636,-0.0010329497745260596,0.020010900000000002,-3.0978060443054289e-05,-0.0015480593298179636,-0.061464999999999999,0,0,0
639155490618129977,nan,22.180081992495662,0.0072871371434639178,0.00077905423700289078,242,0,0,0,0,4.1602638913459531,-0.45934461435746221,-0.15377880314715953,4.1675479793102097,-0.45955539926352384,-0.15455785738416242,0.0072304174379011548,0.00090743122127595697,-0.00077905423700289078,0,0.24146366680860873,0.027601043355828279,0.007230460478017022,0.00026444549492949624,0.0072352947516984159,-0.00082649392255992871,0.0299443,1.9403153129343709e-16,-0.00064264271659579151,-9.8405660703626552e-05,-0.00063506376619604232,6.4797484427232259e-15,0.00064264271659579151,-4.7439685557038036e-05,1,0,0.0299443,0,0,0,0,0,0,0,0.0080142000000000008,414,55,0.22727272727272727,0,0,0,0,0,0,0,0,0,1,20,nan,1,0.007230442539682443,0,0.004526469436065844,-0.006777097936719656,0.0299443,-0.00013554195873438646,-0.004526469436065844,-0.064899100000000001,0,0,0
639155490618331585,nan,20.988477354045319,0.003856191486443717,0.00078886732519239944,238,0,0,0,0,4.1675760075083241,-0.45937550118570991,-0.15456751586803807,4.1637449802423792,-0.4589356797813795,-0.15377864854284568,-0.003853066275793353,-0.00015521937528848031,0.00078886732519239944,0,-0.19111680959077107,0.038649698489977673,-0.0038530677747976175,2.6886228545683409e-05,0.0038531615780381273,0.00077920884131674184,0.0201608,-1.4983674023749671e-16,0.00018206838904842788,2.8028198114427028e-05,0.00017989807781393363,-7.432083064039954e-15,0.00018206838904842788,-9.6584838756574865e-06,1,0,0.0201608,0,0,0,0,0,0,0,0.0082897000000000005,414,57,0.23949579831932774,0,0,0,0,0,0,0,0,0,1,20,nan,1,-0.0038530681454025644,0,0.0013687784322161682,-0.00091985560720786452,0.0201608,-2.7595668216223723e-05,-0.0013687784322161682,-0.077795600000000006,0,0,0
639155490618629881,nan,19.949510985602213,0.0054340061742378558,0.00047008776798607155,244,0,0,0,0,4.1637517539699305,-0.45889197899132966,-0.15383048626989856,4.1691714681108802,-0.45928583395453848,-0.15430057403788464,0.0054160631601732848,0.0004412289050695936,-0.00047008776798607155,0,0.18156750426421725,0.017496898886976718,0.0054160860251998948,0.00048517079426166755,0.0054377733064159715,-0.00052192549503896069,0.029829600000000001,-4.2157676817793782e-17,4.4222646188570552e-05,6.7737275513124473e-06,4.3700790049838734e-05,-1.413283343316497e-15,4.4222646188570552e-05,-5.1837727052889131e-05,1,0,0.029829600000000001,0,0,0,0,0,0,0,0.018038700000000001,414,55,0.22540983606557377,0,0,0,0,0,0,0,0,0,1,20,nan,1,0.0054160500815616363,0,0.0049651283148181369,-0.007405315525829792,0.029829600000000001,-0.00014810779157969911,-0.0049651283148181369,-0.047966000000000002,0,0,0
639155490618829116,nan,20.782815118590435,0.004684002646212126,0.00042237850547224842,235,0,0,0,0,4.1692215612979764,-0.45896376772575936,-0.15432448307279062,4.1646032777810991,-0.45818188656633585,-0.15474686157826287,-0.0046835829715291188,6.270038695784495e-05,-0.00042237850547224842,0,-0.23507824785225473,0.022400057237846351,-0.0046835814710843972,0.00038875098551715973,0.0046996875135508365,-0.00044628754037823182,0.0199235,3.1644473283062857e-16,0.00032593861862849517,5.0093187096145186e-05,0.0003220662287791165,1.5882989074742317e-14,0.00032593861862849517,-2.3909034905983392e-05,1,0,0.0199235,0,0,0,0,0,0,0,0.037962200000000001,414,55,0.23404255319148937,0,0,0,0,0,0,0,0,0,1,20,nan,1,-0.0046835947464393983,0,0.0034286911588186047,-0.0034155764151364565,0.0199235,-6.8311528302722468e-05,-0.0034286911588186047,-0.028042500000000001,0,0,0
639155490619029192,nan,22.160561563753198,0.0033710871340803463,0.00069218949997831836,247,0,0,0,0,4.1646631253581656,-0.45779823356735927,-0.15481973862785986,4.1613875309595603,-0.45700154680244648,-0.15412754912788154,-0.0033592668288490992,0.00028205467228209285,0.00069218949997831836,0,-0.16789851179634438,0.03095386005224646,-0.0033592462646165398,0.00067059235912373684,0.0034255261754152916,0.00061931245038132632,0.0200076,-4.0452938308149777e-16,0.00038829287413557056,5.9847577066562963e-05,0.00038365299897658023,-2.0218786015389041e-14,0.00038829287413557061,-7.2877049596992136e-05,1,0,0.0200076,0,0,0,0,0,0,0,0.018244300000000001,415,56,0.22672064777327935,0,0,0,0,0,0,0,0,0,1,20,nan,1,-0.003359316061829157,0,0.010407052405370156,-0.0069406945258378983,0.0200076,-0.00020822014170568393,-0.010407052405370156,-0.041241600000000003,0,0,0
639155490619329111,nan,21.381752733700981,0.002886040160183412,9.3737999093124191e-05,243,0,0,0,0,4.161542331402277,-0.45600514660742347,-0.15413885803913807,4.1635257081253005,-0.45810167816710962,-0.1542325960382312,0.0022817408853926619,-0.0017671690179830012,-9.3737999093124191e-05,0,0.07607790438382879,0.0035025093558478889,0.0022817209004893546,-0.00075884144844541438,0.0024045978066214494,-0.0001050469103496543,0.029991899999999998,1.9952030479164495e-16,0.0010083533734297667,0.00015480044271676263,0.00099640019502300614,6.6524729940965713e-15,0.0010083533734297665,-1.1308911256530108e-05,1,0,0.029991899999999998,0,0,0,0,0,0,0,0.0279289,414,56,0.23045267489711935,0,0,0,0,0,0,0,0,0,1,20,nan,1,0.0022817331597210122,0,0.0010773300463979372,-0.0010770391672849655,0.029991899999999998,-3.2311175018562288e-05,-0.0010773300463979372,-0.045115700000000002,0,0,0
639155490619629998,nan,20.999532142050892,0.0021054569436221591,0.00034243809341866216,239,0,0,0,0,4.163408794189885,-0.45885369445478058,-0.15427974541144965,4.1652714870119052,-0.45787220355199998,-0.15462218350486831,0.001689744452040718,0.0012560703118234973,-0.00034243809341866216,0,0.056160740513568057,0.012947966068228758,0.0016898036730905951,0.00049494046743404961,0.001760795990424303,-0.00038958746663711463,0.030088699999999999,1.8257964584655895e-16,-0.00076105017260150209,-0.0001169139354155746,-0.00075201628767096462,6.0680470025810008e-15,0.0007610501726015022,-4.7149373218452466e-05,1,0,0.030088699999999999,0,0,0,0,0,0,0,0.018080300000000001,413,56,0.23430962343096234,0,0,0,0,0,0,0,0,0,1,20,nan,1,0.0016897703319248155,0,0.0044771789711672864,-0.0067356247454881668,0.030088699999999999,-0.00013471249490976112,-0.0044771789711672864,-0.0479546,0,0,0
639155490619829516,nan,24.867215902923185,0.0016939583032230057,0.00048058561959943291,244,0,0,0,0,4.1653220984603809,-0.45754749293696906,-0.15463505392836405,4.1648610978732812,-0.45917751538827206,-0.15415446830876461,-0.00020444456595055679,-0.0016815757944593081,0.00048058561959943291,0,-0.010248008125889291,0.023442255641280302,-0.00020446620852611794,-0.0013529419073203066,0.0013683048764849724,0.00046771519610369633,0.019951799999999999,1.2015670576570603e-16,0.00032863125571158149,5.0611448475734733e-05,0.00032471061503092091,6.0223491497361661e-15,0.00032863125571158149,-1.2870423495736636e-05,1,0,0.019951799999999999,0,0,0,0,0,0,0,0.017845799999999998,413,59,0.24180327868852458,0,0,0,0,0,0,0,0,0,1,20,nan,1,-0.00020444133286968397,0,0.0018430737356697027,-0.0012257546186447144,0.019951799999999999,-3.6772638559334769e-05,-0.0018430737356697027,-0.0611815,0,0,0
639155490620129699,nan,21.36587690105986,0.0014981786297095733,0.00033698862635522797,241,0,0,0,0,4.1645485711921237,-0.46118879126876555,-0.15420375622481974,4.1646377714247169,-0.45969327044810682,-0.15386676759846452,-0.00014156026115777528,0.0014914757453540429,0.00033698862635522797,0,-0.0047133498317661858,0.0095841773284995619,-0.00014148674925490689,-0.00054392966839358751,0.00056203023439444866,0.00028770071030009842,0.030018300000000001,-3.8315704775637727e-16,-0.0020354123891462763,-0.00031252668115744342,-0.0020112758804934905,-1.2764115481435566e-14,0.0020354123891462759,-4.928791605512961e-05,1,0,0.030018300000000001,0,0,0,0,0,0,0,0.0079743999999999995,414,57,0.23651452282157676,0,0,0,0,0,0,0,0,0,1,20,nan,1,-0.00014144845010444511,0,0.0046912255957320161,-0.0070411660708487034,0.030018300000000001,-0.00014082261730036238,-0.0046912255957320161,-0.064666699999999994,0,0,0
639155490620329138,nan,20.960420863370583,0.0014145214540341689,0.00040698711577719093,240,0,0,0,0,4.1645823900100183,-0.46005035647031683,-0.15389397600703816,4.1639381944371952,-0.45879103800071591,-0.15430096312281535,-0.00082961971315101835,0.0011456884722620549,-0.00040698711577719093,0,-0.041596104096191959,0.021770843433372551,-0.00082958854048404286,0.00078435591671929578,0.0011416791802406714,-0.00043419552435083886,0.019943900000000001,-1.5479018891303986e-16,-0.00036135512775079741,-5.5381414698629783e-05,-0.00035708602221001806,-7.7612798355908259e-15,0.00036135512775079741,-2.7208408573647928e-05,1,0,0.019943900000000001,0,0,0,0,0,0,0,0.0279183,414,56,0.23333333333333334,0,0,0,0,0,0,0,0,0,1,20,nan,1,-0.0008296190271091439,0,0.003897848976900545,-0.003886915510520339,0.019943900000000001,-7.773831021040678e-05,-0.003897848976900545,-0.0447228,0,0,0
639155490620528903,nan,23.075349882058195,0.0026526936462034712,0.00018821519672199138,243,0,0,0,0,4.1640588832147341,-0.45801509056945494,-0.1543755828712122,4.1666779167069405,-0.45843633532883948,-0.15456379806793419,0.0026526591698303771,-1.3524397327882185e-05,-0.00018821519672199138,0,0.1327889346611493,0.013157206974136302,0.0026526581532584489,0.00077155480863422624,0.0027625879353923061,-0.00026283494511883387,0.019976500000000001,3.4193026014761596e-16,0.00078527714668410727,0.00012068877753890206,0.00077594743126097043,1.7116625041804919e-14,0.00078527714668410727,-7.4619748396842489e-05,1,0,0.019976500000000001,0,0,0,0,0,0,0,0.0079828,413,53,0.21810699588477367,0,0,0,0,0,0,0,0,0,1,20,nan,1,0.0026525758907216083,0,0.010672504249179017,-0.0071066427044570446,0.019976500000000001,-0.00021319928113372466,-0.010672504249179017,-0.058279999999999998,0,0,0
639155490620829779,nan,21.715432099059758,0.0025767000255409061,0.00028452195882278097,246,0,0,0,0,4.1668569790955248,-0.45728707409796543,-0.15457674742905081,4.1642864925154583,-0.45746590855583341,-0.15429222547022803,-0.0025123044192917887,-0.00057245919193376141,0.00028452195882278097,0,-0.08349990800403452,0.0090260638171924673,-0.0025123118320621888,0.00059070046881103252,0.0025808211455607003,0.00027157259770616005,0.030087599999999999,-2.3863289816405953e-16,0.001163127127959638,0.00017906238858422796,0.0011492612308740546,-7.9312706285665694e-15,0.001163127127959638,-1.2949361116620926e-05,1,0,0.030087599999999999,0,0,0,0,0,0,0,0.0181738,414,54,0.21951219512195122,0,0,0,0,0,0,0,0,0,1,20,nan,1,-0.0025123227590518578,0,0.0012296818163941533,-0.0012332724872976542,0.030087599999999999,-3.6998174618940727e-05,-0.0012296818163941533,-0.061231300000000002,0,0,0
639155490621129742,nan,20.914897858314824,0.0027562244276670388,0.00020522587550014793,245,0,0,0,0,4.1643771008828327,-0.45688332435210188,-0.15434172660664747,4.1617841675706853,-0.45781792048649594,-0.15413650073114732,-0.0024184357923372844,-0.001322097354210509,0.00020522587550014793,0,-0.080626651776902036,0.0051914649166967019,-0.0024185012346954866,-0.00073238944990956572,0.0025269631039179083,0.00015572473908070927,0.0299963,2.3947315484773579e-16,0.0005895881873611053,9.06083673744007e-05,0.00058258420373152875,7.98342311710897e-15,0.00058958818736110519,-4.9501136419438658e-05,1,0,0.0299963,0,0,0,0,0,0,0,0.0082062999999999997,414,58,0.23673469387755103,0,0,0,0,0,0,0,0,0,1,20,nan,1,-0.0024184494370625641,0,0.0047149754583492316,-0.0070715202018618584,0.0299963,-0.00014143181834128105,-0.0047149754583492316,-0.064480099999999999,0,0,0
639155490621328930,nan,22.594821479393453,0.0016255328518731884,2.9558654739775255e-05,243,0,0,0,0,4.1617095401149573,-0.45829824484816789,-0.15415263059337342,4.1633267687143265,-0.45846234454317475,-0.15412307193863364,0.0016232478234491055,8.6160061436389018e-05,2.9558654739775255e-05,0,0.081493323542991589,0.00067417678342448183,0.0016232492129881408,-0.00039995330442817699,0.001671795637388026,1.3428792513675569e-05,0.0199188,2.7714918034160707e-16,-0.00048608718308960788,-7.4627455727949155e-05,-0.00048032436167194659,1.3913949652670194e-14,0.00048608718308960788,-1.6129862226099689e-05,1,0,0.0199188,0,0,0,0,0,0,0,0.0281251,414,54,0.22222222222222221,0,0,0,0,0,0,0,0,0,1,20,nan,1,0.0016232584285453355,0,0.0023136594898264702,-0.0015361773548647761,0.0199188,-4.6085320645955496e-05,-0.0023136594898264702,-0.044561299999999998,0,0,0
639155490621629793,nan,20.540156403261154,0.0008758403113096879,0.00015074972222206551,240,0,0,0,0,4.1632340247840602,-0.45905932473284583,-0.1541712623561268,4.1639253778170566,-0.45852161920499462,-0.15432201207834886,0.00060058225620680957,0.0006374929054072595,-0.00015074972222206551,0,0.019963005639058961,0.006612316559870113,0.00060061297655841957,3.3322601862206629e-05,0.00060153665175551171,-0.00019894013971522018,0.0300863,-2.6767596385951498e-16,-0.00060414136049516843,-9.2743930266259156e-05,-0.00059698018967108135,-8.8969386019389215e-15,0.00060414136049516843,-4.8190417493154669e-05,1,0,0.0300863,0,0,0,0,0,0,0,0.017984300000000002,412,57,0.23749999999999999,0,0,0,0,0,0,0,0,0,1,20,nan,1,0.00060061068109214851,0,0.0045763987969002539,-0.0068843797780573368,0.0300863,-0.0001376869071231801,-0.0045763987969002539,-0.048121900000000002,0,0,0
639155490621829686,nan,20.978290879110723,0.0027349650232447245,5.500239299396914e-05,243,0,0,0,0,4.1639287930857609,-0.4584996643739776,-0.15432201207834889,4.1666593021200216,-0.45834360639695293,-0.15437701447134286,0.0026740718836804869,0.0005739104801983589,-5.500239299396914e-05,0,0.1337751638967031,0.0027515917512867831,0.0026740718836803677,0.00059612936102770191,0.0027397136080563539,-5.5002392993996896e-05,0.019989300000000002,-1.1896958909012913e-16,2.2218880829343122e-05,3.4152687042876551e-06,2.1954831017023668e-05,-5.9516635945295292e-15,2.2218880829343118e-05,-2.7755575615628914e-17,1,0,0.019989300000000002,0,0,0,0,0,0,0,0.0180477,413,56,0.23045267489711935,0,0,0,0,0,0,0,0,0,1,20,nan,1,0.0026740718836803677,0,0,-0.0068843797780573368,0.019989300000000002,0,0,-0.0611108,0,0,0
639155490622129663,nan,20.003347181636268,0.00062463632602326993,0.00025082567312170734,242,0,0,0,0,4.1667968944580549,-0.45745942326695593,-0.15431598408369726,4.1663761440008287,-0.45792109370409889,-0.15456680975681897,-0.00034478992947124869,-0.00052085549274540641,-0.00025082567312170734,0,-0.011492819143343189,0.0063269945854551382,-0.00034475814081626595,0.0003739482857676091,0.00050862117148976576,-0.00018979528547610758,0.029997699999999999,2.5194147983131909e-16,0.000894824820206037,0.00013759233803334325,0.000884183129996996,8.3986932275247464e-15,0.000894824820206037,6.103038764559976e-05,1,0,0.029997699999999999,0,0,0,0,0,0,0,0.0079539999999999993,413,54,0.2231404958677686,0,0,0,0,0,0,0,0,0,1,20,nan,1,-0.00034472553635049173,0,0.0058128635238787404,-0.0074043883942067623,0.029997699999999999,0.00017437253613025727,0.0058128635238787404,-0.064883899999999994,0,0,0
639155490622328976,nan,21.072755008640602,0.0026299085568654108,0.00015519231285540669,245,0,0,0,0,4.1664143884835303,-0.45767563718244247,-0.15458927935259215,4.1638325669291083,-0.45817625328146039,-0.15443408703973674,-0.002473950948632289,-0.00089218031878948462,0.00015519231285540669,0,-0.12412491884319063,0.0066590095519222887,-0.0024739709949392853,-0.00064370664584109856,0.0025563432339380555,0.00013272271708222871,0.019931299999999999,-4.0588463579710465e-16,0.00024841808404538906,3.8244482701621507e-05,0.00024545652165641751,-2.0364182757627686e-14,0.00024841808404538906,-2.2469595773177978e-05,1,0,0.019931299999999999,0,0,0,0,0,0,0,0.027885299999999998,413,57,0.23265306122448978,0,0,0,0,0,0,0,0,0,1,20,nan,1,-0.0024739503310531202,0,0.0032210064103266466,-0.0032099422533065081,0.019931299999999999,-6.4198845066143484e-05,-0.0032210064103266466,-0.044952600000000002,0,0,0
639155490622563885,nan,22.664629488386918,0.00077191859930543212,7.9378230118803961e-05,239,0,0,0,0,4.1637159273593776,-0.4589255102235506,-0.15451441140084402,4.163563618906946,-0.458168766898987,-0.15443503317072521,-0.00026695694257856413,0.00072428745313084459,7.9378230118803961e-05,0,-0.011361793877230294,4.0276489554326926e-05,-0.00026689876379062911,-3.397255413661079e-05,0.00026905219669709257,-9.4613098847173838e-07,0.023490899999999999,-1.3671789395042211e-16,-0.00075828144807673563,-0.00011663956973073653,-0.00074925694209021509,-5.8200364375320704e-15,0.00075828144807673574,-8.0324361107275699e-05,1,0,0.023490899999999999,0,0,0,0,0,0,0,0.011601800000000001,413,55,0.23012552301255229,0,0,0,0,0,0,0,0,0,1,20,nan,1,-0.00026689486371388226,0,0.009769662915946024,-0.0076499646529555321,0.023490899999999999,-0.00022949817459219646,-0.009769662915946024,-0.055072900000000001,0,0,0
639155490622828904,nan,19.874704337355723,0.0014218704618105455,0.00046238770607245905,240,0,0,0,0,4.1635577233220173,-0.45820663809868678,-0.15444177389996566,4.1647370997915161,-0.45900085894540515,-0.1539793861938932,0.0012875128413492873,-0.00060334591531725724,0.00046238770607245905,0,0.048581753547049918,0.017192992835683787,0.0012875087743285621,-0.00064168194317011976,0.0014385529396458156,0.00045564697683200817,0.026501899999999998,-2.0988629400014308e-17,-3.8327349091112721e-05,-5.895584928694575e-06,-3.7871199699779368e-05,-7.9196696840657876e-16,3.8327349091112727e-05,-6.7407292404508823e-06,1,0,0.026501899999999998,0,0,0,0,0,0,0,0.018177599999999999,413,58,0.24166666666666667,0,0,0,0,0,0,0,0,0,1,20,nan,1,0.0012875149534177777,0,0.00072671115660375438,-0.00064218399347737432,0.026501899999999998,-1.9259226401197038e-05,-0.00072671115660375438,-0.061536,0,0,0
639155490623129184,nan,23.703490652694768,0.0019757162020488284,0.00010940916482338192,234,0,0,0,0,4.1646254877375553,-0.45971997184077151,-0.15403105194036706,4.1663145550885288,-0.45869502989367716,-0.15414046110519045,0.0015118205410553965,0.0012719485691965755,-0.00010940916482338192,0,0.050349215905495348,0.0053641571632224317,0.0015118862552102143,0.0005441475666220463,0.001606828124895211,-0.00016107491129724316,0.030027999999999999,3.3180652236203256e-16,-0.00072772289154013825,-0.00011161205396081897,-0.00071911289536635836,1.1049904168177453e-14,0.00072772289154013825,-5.166574647386124e-05,1,0,0.030027999999999999,0,0,0,0,0,0,0,0.0081419000000000005,414,56,0.23931623931623933,0,0,0,0,0,0,0,0,0,1,20,nan,1,0.0015118460885346766,0,0.004915959054772173,-0.0073806364089250565,0.030027999999999999,-0.00014761641849669882,-0.004915959054772173,-0.064873899999999998,0,0,0
639155490623328875,nan,22.770307334520464,0.0039131925620481192,2.8171304193552734e-05,236,0,0,0,0,4.1663701376588325,-0.45833729338231455,-0.15415800777981442,4.1624679734093224,-0.45804371171137054,-0.15412983647562087,-0.0039009680582641477,-0.00030906995336261859,2.8171304193552734e-05,0,-0.19535049054855219,0.00053205350113814693,-0.0039009734808130936,5.3027270364457688e-05,0.0039013338731015233,1.062462956957777e-05,0.0199691,4.3494125401971617e-16,0.00036202877466226372,5.5582570303691625e-05,0.00035773651136261631,2.1780713903967438e-14,0.00036202877466226372,-1.7546674623974967e-05,1,0,0.0199691,0,0,0,0,0,0,0,0.0081317999999999998,414,55,0.23305084745762711,0,0,0,0,0,0,0,0,0,1,20,nan,1,-0.0039009748088050414,0,0.0025105465979140145,-0.0016716300742700696,0.0199691,-5.0133356068404744e-05,-0.0025105465979140145,-0.078309500000000004,0,0,0
639155490623629545,nan,21.465417852342373,0.0044158041382948441,0.00050599871913720174,243,0,0,0,0,4.1624802403433279,-0.45796475463007652,-0.15418098573370467,4.1668044681065828,-0.45885939446781976,-0.15468698445284187,0.0044103228141895486,-0.00021995195480162765,-0.00050599871913720174,0,0.14668279369543996,0.018530215093657713,0.0044103115580407934,-0.00014027323175797826,0.0044125417412797388,-0.0005571479772210064,0.030067,-2.121936117484638e-16,7.990430749568263e-05,1.2266934005467078e-05,7.8957081294017684e-05,-7.0573589566123593e-15,7.9904307495682616e-05,-5.1149258083804661e-05,1,0,0.030067,0,0,0,0,0,0,0,0.018083599999999998,414,57,0.23456790123456789,0,0,0,0,0,0,0,0,0,1,20,nan,1,0.0044103217960836045,0,0.0048605027898454512,-0.0073067811317741871,0.030067,-0.00014614073738228317,-0.0048605027898454512,-0.048242500000000001,0,0,0
639155490623829462,nan,20.142546843007917,0.00065196774892532609,0.00043755995327007802,241,0,0,0,0,4.1667903498935157,-0.45894993489634894,-0.15471111000779636,4.1669718756883789,-0.45957612203406262,-0.15427355005452628,0.0002758497647889334,-0.00059073585713468181,0.00043755995327007802,0,0.013797501607060147,0.020680302241209755,0.00027583551287786436,-0.00068237707500372628,0.00073601881949800403,0.00041343439831559309,0.019991700000000001,-4.0742115356342395e-16,-9.1634563012302182e-05,-1.4118213067071395e-05,-9.0540428529184425e-05,-2.0379515176969638e-14,9.1634563012302182e-05,-2.4125554954484985e-05,1,0,0.019991700000000001,0,0,0,0,0,0,0,0.018020000000000001,414,54,0.22406639004149378,0,0,0,0,0,0,0,0,0,1,20,nan,1,0.00027585903089349619,0,0.0034479387452172015,-0.0022983690723776817,0.019991700000000001,-6.893015701275873e-05,-0.0034479387452172015,-0.0282508,0,0,0
639155490624130069,nan,24.568285353404406,0.0038135106562711802,4.7999578577123669e-05,248,0,0,0,0,4.1668141822192162,-0.46059016771757283,-0.15425906447586413,4.1636758412020161,-0.45842367765637865,-0.15430706405444125,-0.0034339521165645194,0.0016585645560652457,-4.7999578577123669e-05,0,-0.11423473643235184,0.0011148775615660703,-0.0034339761414719987,0.0006322809808539568,0.0034917003564092605,-3.3513999914969173e-05,0.030060699999999999,-4.1340628836872284e-16,-0.0010262338322537742,-0.00015769346916272298,-0.0010140456835102118,-1.375238395542096e-14,0.001026233832253774,1.4485578662154495e-05,1,0,0.030060699999999999,0,0,0,0,0,0,0,0.0078134999999999993,414,57,0.22983870967741934,0,0,0,0,0,0,0,0,0,1,20,nan,1,-0.0034339630565140438,0,0.0013767932086145474,0.0060573266819119453,0.030060699999999999,4.1387367606199321e-05,0.0013767932086145474,0.0018098999999999999,0,0,0
639155490624292782,nan,20.137419908127555,0.0043087046927092225,0.00041676878653110205,227,0,0,0,0,4.1637284326573596,-0.45808556365642128,-0.15431775026298902,4.1678036733630925,-0.45668651064837917,-0.15473451904952013,0.00381177026716523,0.0020088164573523353,-0.00041676878653110205,0,0.23426473198696976,0.026270488226440063,0.0038117917335795809,0.0023509554107880412,0.004478476031386033,-0.00042745499507887419,0.016271299999999999,3.9695352040125531e-16,0.00034217968692241458,5.2591455343531379e-05,0.00033811399995736791,2.4395931511388478e-14,0.00034217968692241453,-1.0686208547772136e-05,1,0,0.016271299999999999,0,0,0,0,0,0,0,0.0046083000000000001,415,57,0.25110132158590309,0,0,0,0,0,0,0,0,0,1,20,nan,1,0.0038117558434214026,0,0.001876434238341439,-0.0030530497897416353,0.016271299999999999,-3.0532024422325055e-05,-0.001876434238341439,-0.015516500000000001,0,0,0
639155490624629555,nan,22.64931078894044,0.0075502479508007458,0.00058429970343748527,236,0,0,0,0,4.1685541083009978,-0.45187545622586384,-0.15472200592733029,4.1630365588362555,-0.45702937628953305,-0.15413770622389281,-0.0046573919996379196,-0.0059426377880769047,0.00058429970343748527,0,-0.13829248895607643,0.017721516440668304,-0.0046573176383204731,-0.0010734664296819414,0.0047794286018168616,0.00059681282562731863,0.0336773,5.388484797252957e-17,0.0048692296364448951,0.00075043493790527549,0.0048110544225153373,1.6000346812995571e-15,0.0048692296364448951,1.2513122189833361e-05,1,0,0.0336773,0,0,0,0,0,0,0,0.018086600000000001,414,52,0.22033898305084745,0,0,0,0,0,0,0,0,0,1,20,nan,1,-0.0046573368267429282,0,0.0010615986936378529,0.0062737492844462395,0.0336773,3.5751777685250063e-05,0.0010615986936378529,-0.0482116,0,0,0
639155490624829630,nan,21.816519087179355,0.0009541749038823815,0.0003915925989003699,239,0,0,0,0,4.1629389012918754,-0.4576579241138824,-0.1541495656294804,4.1630825609132494,-0.45860122240201062,-0.15454115822838077,0.00028679000702676218,-0.00091005562416181002,-0.0003915925989003699,0,0.014333585619779161,0.020165038335022572,0.00028677921428773157,-0.001546148141237157,0.0015725191230629295,-0.00040345200448796414,0.020007500000000001,-1.0884034559038858e-16,-0.00063608911598033303,-9.7657544380069794e-05,-0.00062854782434934586,-5.439977288036415e-15,0.00063608911598033292,-1.1859405587594241e-05,1,0,0.020007500000000001,0,0,0,0,0,0,0,0.0180184,414,55,0.23012552301255229,0,0,0,0,0,0,0,0,0,1,20,nan,1,0.00028680540910072357,0,0.0016935657110843077,-0.001695777871645987,0.020007500000000001,-3.3884015964519287e-05,-0.0016935657110843077,-0.061802999999999997,0,0,0
639155490625129847,nan,20.569492641755183,0.0042370944451048933,0.0002210913485688748,242,0,0,0,0,4.1627254730417036,-0.46089343093793639,-0.15459177487703496,4.1663804554745107,-0.45875005212106573,-0.15437068352846608,0.0032813643155657135,0.0026806002248135953,0.0002210913485688748,0,0.10930426972362031,0.0056783826337177962,0.0032814999943616119,0.00036057816001006842,0.0033012510995789925,0.00017047469991468556,0.030021699999999998,-3.0357660829594124e-16,-0.0023198559697050211,-0.00035708787154575816,-0.002292208535925766,-1.011190599785959e-14,0.0023198559697050211,-5.0616648654189238e-05,1,0,0.030021699999999998,0,0,0,0,0,0,0,0.028032600000000001,415,59,0.24380165289256198,0,0,0,0,0,0,0,0,0,1,20,nan,1,0.0032814739125569372,0,0.0048171488008545912,-0.007233879528939724,0.030021699999999998,-0.00014461899615461626,-0.0048171488008545912,-0.031781299999999998,0,0,0
639155490625329777,nan,21.065553192818925,0.0018329095406664916,0.00043743104163748708,240,0,0,0,0,4.1664173198053449,-0.45851314810358101,-0.15437068352846608,4.1645966223055551,-0.45830191837431639,-0.15480811457010357,-0.0018315249789673845,-7.1229457984540231e-05,-0.00043743104163748708,0,-0.091608311857528588,0.021879209805306211,-0.0018315249789675691,0.00016852560950778673,0.0018392619796108777,-0.00043743104163748708,0.019993,-1.8452443349345482e-16,0.00023975506749232699,3.6864330834163184e-05,0.00023690401748471812,-9.229451982866744e-15,0.00023975506749232699,0,1,0,0.019993,0,0,0,0,0,0,0,0.048025600000000002,415,52,0.21666666666666667,0,0,0,0,0,0,0,0,0,1,20,nan,1,-0.0018315249789675691,0,0,-0.007233879528939724,0.019993,0,0,-0.0117883,0,0,0
639155490625629603,nan,20.649905992766957,0.0018212084087880791,0.00074726830152382906,245,0,0,0,0,4.1646354056530992,-0.45805339761642516,-0.15480811457010357,4.1662571516039177,-0.45888209547405728,-0.15406084626857974,0.0017301290578414276,-0.00056872973498239138,0.00074726830152382906,0,0.05770443716826136,0.024923398955521838,0.0017301290578411131,-0.00031720097887375377,0.001758966462950515,0.00074726830152382906,0.029982600000000002,-3.1451349771088877e-16,0.00025152875610863756,3.8783347544146807e-05,0.00024852075789122408,-1.0489867380110089e-14,0.00025152875610863756,0,1,0,0.029982600000000002,0,0,0,0,0,0,0,0.0780082,415,58,0.23673469387755103,0,0,0,0,0,0,0,0,0,1,20,nan,1,0.0017301290578411131,0,0,-0.007233879528939724,0.029982600000000002,0,0,0.0181943,0,0,0
