stamp,rt_correlative_score,ceres_final_cost,translation_residual,rotation_residual,num_filtered_points,was_outlier,medium_outlier_streak,inserted_to_submap,num_insertion_submaps,pose_prediction_x,pose_prediction_y,pose_prediction_yaw,pose_estimate_x,pose_estimate_y,pose_estimate_yaw,longitudinal_residual,lateral_residual,yaw_residual,wheel_forward_velocity,scan_forward_velocity,scan_match_yaw_rate,scan_match_delta_forward,scan_match_delta_lateral,scan_match_delta_translation,scan_match_delta_yaw,prediction_delta_dt,prediction_delta_forward,prediction_delta_lateral,prediction_delta_x,prediction_delta_y,prediction_delta_forward_velocity,prediction_delta_translation,prediction_delta_yaw,adaptive_odometry_weight,wheel_twist_expected_delta,odom_pose_delta_dt,odom_pose_delta_forward,odom_pose_delta_lateral,odom_pose_delta_local_x,odom_pose_delta_local_y,odom_pose_delta_forward_velocity,odom_pose_delta_translation,odom_pose_delta_yaw,odom_latest_age,odom_history_size,front_point_count,front_point_fraction,front_weak,longitudinal_prior_active,longitudinal_replacement_active,longitudinal_motion_loss,straight_longitudinal_mismatch,straight_longitudinal_mismatch_streak,motion_loss_prior_hold_count,longitudinal_blend_weight,longitudinal_prior_weight,ceres_occupied_space_weight_scale,ceres_rotation_weight,longitudinal_prior_target_delta,longitudinal_prior_wheel_delta_scale,trigger_scan_forward_delta,odom_prior_translation,odom_prior_yaw_rate,imu_yaw_rate,imu_delta_dt,imu_delta_yaw,imu_delta_yaw_rate,command_latest_age,command_speed,command_steering_angle,command_expected_delta
639155411766202600,nan,nan,0,0,213,0,0,1,1,0,0,-3.2619365025311708e-05,0,0,-3.2619365025311708e-05,nan,nan,nan,nan,nan,nan,nan,nan,nan,nan,nan,nan,nan,nan,nan,nan,nan,nan,1,nan,nan,nan,nan,nan,nan,nan,nan,nan,0.0041923999999999998,5,0,nan,0,0,0,0,0,0,0,0,0,1,nan,nan,nan,nan,nan,nan,-0.0046599092893302441,nan,nan,nan,nan,nan,nan,nan
639155411766351316,nan,203.51003075622049,0.012102560054086749,0.0057360271745904622,197,0,0,0,0,0,0,-8.7355655152350685e-05,-0.010407880622955635,-0.006176405168144404,0.0056486715194381115,-0.010407341039325049,-0.0061773143318077069,0.0057360271745904622,0,-0.69983587152719517,0.38202284115114871,-0.010407679147003836,-0.0061767446633156052,0.012102560054086749,0.0056812908844634229,0.0148716,0,0,0,0,0,0,-5.4736290127038976e-05,1,0,0.0148716,0,0,0,0,0,0,0,0.019064000000000001,5,0,0,1,0,0,0,0,0,0,0,0,1,20,nan,1,-0.010407196126488867,0,0.010515976785481619,-0.0078194700181484222,0.0148716,-0.00015638940036296844,-0.010515976785481619,0.0120787,0,0,0
639155411766602676,nan,192.58438611687171,0.011362543804631378,0.00067923071703830044,214,0,0,0,0,-0.010349474602774312,-0.016516075085666739,0.005650634038572507,-0.0080518916753332791,-0.0053882489545799299,0.0049714033215342065,0.0023604251855051462,0.011114665746472088,-0.00067923071703830044,0,0.093905290131938352,0.026944151730740971,0.0023604033727564022,0.00077483550265794129,0.0024843256908664338,-0.00067726819790390504,0.025135999999999999,1.1587410718438829e-18,-0.010339834876172335,5.8406020181322321e-05,-0.010339669917522335,4.6098865047894772e-17,0.010339834876172333,1.9625191343955115e-06,1,0,0.025135999999999999,0,0,0,0,0,0,0,0.0041285999999999996,7,0,0,1,0,0,0,0,0,0,0,0,1,20,nan,1,0.0023604055450749824,0,0.00022307437646572055,0.00028035987634211779,0.025135999999999999,5.6071975268423514e-06,0.00022307437646572055,0.037214700000000003,0,0,0
639155411766902772,nan,192.70959637000129,0.0028137951524390714,0.00053427675022406362,212,0,0,0,0,-0.008056500028620045,-0.004461284268005428,0.0049532403673957798,-0.0074604860176547055,-0.0017113369123961202,0.0044189636171717162,0.00060962779405241319,0.0027469614326758223,-0.00053427675022406362,0,0.020316088414586528,0.018408766006960779,0.00060967768688637589,0.0036739265011705687,0.0037241700844470754,-0.00055243970436249026,0.030009600000000001,-3.2102548700937983e-19,0.00092697614158951261,-4.6083532867658566e-06,0.00092696468657450185,-1.0697426390534356e-17,0.00092697614158951261,-1.816295413842664e-05,1,0,0.030009600000000001,0,0,0,0,0,0,0,0.0141391,8,0,0,1,0,0,0,0,0,0,0,0,1,20,nan,1,0.00060958235902608404,0,0.001729251795466078,-0.0081663774326443672,0.030009600000000001,-5.1894154681218817e-05,-0.001729251795466078,0.067224300000000001,0,0,0
639155411767202713,nan,201.15687117234899,0.0054391861550703163,1.4310433328160697e-05,220,0,0,0,0,-0.0074767140121148028,0.0019609922209753248,0.0044176900968226568,-0.010985456944005803,-0.0021951440938504474,0.0044320005301508175,-0.0035270691561765746,-0.0041405952708585842,1.4310433328160697e-05,0,-0.11759227412411274,0.00043464924698861771,-0.0035270744293060502,-0.00046822579017254226,0.0035580176250894677,1.3036912979101298e-05,0.029994099999999999,-4.6756218688437379e-19,0.0036723649888883414,-1.6227994460097338e-05,0.0036723291333714452,-1.5588471962298379e-17,0.0036723649888883414,-1.2735203490593996e-06,1,0,0.029994099999999999,0,0,0,0,0,0,0,0.004032,10,0,0,1,0,0,0,0,0,0,0,0,1,20,nan,1,-0.0035270735774501098,0,0.00012131151022170055,-0.005233442410826683,0.029994099999999999,-3.6386295687407082e-06,-0.00012131151022170055,0.097218399999999996,0,0,0
639155411767402666,nan,195.60622105782949,0.0027875005573868472,0.00044346662848773662,211,0,0,0,0,-0.01098407368613372,-0.0025072489335772582,0.0044309203005052228,-0.0084147388282691422,-0.0035883029311157698,0.0048743869289929595,0.002564519587530208,-0.0010924278660881357,0.00044346662848773662,0,0.12825606054701577,0.022124519204120063,0.0025645184074557445,-0.001404538541389223,0.0029239499271408727,0.00044238639884214195,0.019995300000000001,-2.8460307027744491e-19,-0.00031210790503163953,1.3832578720836958e-06,-0.00031210483972681077,-1.4233498385992955e-17,0.00031210790503163953,-1.0802296455947324e-06,1,0,0.019995300000000001,0,0,0,0,0,0,0,0.0040978000000000004,11,0,0,1,0,0,0,0,0,0,0,0,1,20,nan,1,0.0025645205749157919,0,0.00015435479417590903,-0.0077628046274185181,0.019995300000000001,-3.0863704159855539e-06,-0.00015435479417590903,0.1172137,0,0,0
639155411767702628,nan,193.14049262744189,0.0030642476460289655,0.00040997249570091064,214,0,0,0,0,-0.0084044600647914993,-0.0056970157232366586,0.0048740233579184014,-0.0081915274597195789,-0.0026401753051102329,0.0052839958536193121,0.00022782912846104516,0.003055766274507711,0.00040997249570091064,0,0.007595303386737565,0.01365536049987507,0.00022783023944925734,0.00094702834816976747,0.00097404789935847834,0.00040960892462635259,0.029996200000000001,-7.9112877273551652e-19,-0.0021087378435056606,1.0278763477642935e-05,-0.0021087127921208888,-2.6374299835829756e-17,0.002108737843505661,-3.6357107455805421e-07,1,0,0.029996200000000001,0,0,0,0,0,0,0,0.0141152,12,0,0,1,0,0,0,0,0,0,0,0,1,20,nan,1,0.00022782974757477775,0,3.4630203117006001e-05,-0.004771482665091753,0.029996200000000001,-1.0387744987383355e-06,-3.4630203117006001e-05,0.1472099,0,0,0
639155411767902719,nan,194.55111737314695,0.0014270329634231064,0.001178618002484461,210,0,0,0,0,-0.0081948651182760044,-0.0020085269114188276,0.0052839958536193121,-0.0096175233571756044,-0.0018968729191605055,0.0041053778511348513,-0.0014220484017146264,0.00011916971879218853,-0.001178618002484461,0,-0.071070083197876319,0.058904098759287579,-0.0014220484017146268,0.00075082693059109746,0.0016080928880260533,-0.001178618002484461,0.020009099999999998,-2.7613274080490191e-19,0.00063165721179890902,-3.3376585564254962e-06,0.00063164839369140528,-1.3800357877410875e-17,0.00063165721179890902,0,1,0,0.020009099999999998,0,0,0,0,0,0,0,0.014173,13,0,0,1,0,0,0,0,0,0,0,0,1,20,nan,1,-0.0014220484017146268,0,0,-0.004771482665091753,0.020009099999999998,0,0,0.16721900000000001,0,0,0
639155411768202864,nan,192.11748120330085,0.0022102762282829374,8.50327485438368e-05,215,0,0,0,0,-0.0096221367927956485,-0.00077312502826612701,0.0041094491674377662,-0.0076762020287977142,-0.0018212943369071274,0.0040244164188939294,0.0019416109465947382,-0.0010561571556241679,-8.50327485438368e-05,0,0.064689241750770204,0.0026974106595452838,0.0019416152465284923,6.7608110152771284e-05,0.0019427919657313611,-8.0961432240921915e-05,0.0300145,-5.5904174518783822e-19,0.0011237573608558853,-4.613435620044043e-06,0.0011237478908943785,-1.8625722407097845e-17,0.0011237573608558853,4.0713163029148722e-06,1,0,0.0300145,0,0,0,0,0,0,0,0.0043125999999999998,15,0,0,1,0,0,0,0,0,0,0,0,1,20,nan,1,0.0019416156397156535,0,0.00038755709054085537,-0.0050436933524906635,0.0300145,1.1632332294038504e-05,0.00038755709054085537,0.19723350000000001,0,0,0
639155411768402591,nan,198.4875154973777,0.0050131443238672973,0.00081403279026628222,212,0,0,0,0,-0.0076763835029634679,-0.0017762012930593071,0.0040244164188939285,-0.012211630521593899,-0.0039123544926043877,0.0048384492091602107,-0.0045438070392181127,-0.0021178842277789463,0.00081403279026628222,0,-0.22750089067667931,0.040757273191220085,-0.0045438070392181127,-0.0020727908187668275,0.0049942611253329678,0.00081403279026628136,0.019972699999999999,5.9879935414958695e-19,4.5093409012119275e-05,-1.8147416575367559e-07,4.5093043847820296e-05,2.9980891624546852e-17,4.5093409012119275e-05,-8.6736173798840355e-19,1,0,0.019972699999999999,0,0,0,0,0,0,0,0.0041666999999999997,16,0,0,1,0,0,0,0,0,0,0,0,1,20,nan,1,-0.0045438070392181127,0,0,-0.0050436933524906635,0.019972699999999999,0,0,0.21720619999999999,0,0,0
639155411768702759,nan,197.69005045458269,0.0038115132772021903,0.0017046027144504549,212,0,0,0,0,-0.012196584843541771,-0.0070219377479285201,0.0048909825503244469,-0.0089406266708342164,-0.0050404307860766415,0.0065955852647749018,0.0032656107060753019,0.0019655584902655396,0.0017046027144504549,0,0.10878932611785616,0.058538420338433504,0.0032655074442144646,-0.0011438896132751129,0.0034600610277246229,0.0017571360556146909,0.0300168,3.8963515573697816e-19,-0.0031096196542696789,1.5045678052128322e-05,-0.0031095832553241325,1.2980569405698748e-17,0.0031096196542696789,5.2533341164236191e-05,1,0,0.0300168,0,0,0,0,0,0,0,0.0141741,17,0,0,1,0,0,0,0,0,0,0,0,1,20,nan,1,0.0032654215888139105,0,0.0050003751388969821,0.00063881592359393835,0.0300168,0.00015009526046924293,0.0050003751388969821,0.247223,0,0,0
639155411768902598,nan,192.00062435089987,0.0046272405697489012,0.00064548293560511612,213,0,0,0,0,-0.0089355786336798894,-0.005805785754891944,0.0066211308697675603,-0.0056102149182506531,-0.0025881295503795971,0.0072666138053726764,0.0033465951919252456,0.003195568167276825,0.00064548293560511612,0,0.1674604835948523,0.033578457688327838,0.0033465135581111686,0.0024302820407775924,0.0041358703790554136,0.00067102854059777461,0.019983899999999999,-6.9626108264303488e-19,-0.00076537161625538747,5.0480371543270425e-06,-0.0007653549688153025,-3.4841101218632747e-17,0.00076537161625538747,2.5545604992658483e-05,1,0,0.019983899999999999,0,0,0,0,0,0,0,0.0141896,18,0,0,1,0,0,0,0,0,0,0,0,1,20,nan,1,0.0033466022459184828,0,0.0036523122531720758,-0.0070075243711471558,0.019983899999999999,7.298744283616544e-05,0.0036523122531720758,0.26720690000000002,0,0,0
639155411769102554,nan,196.68223700436138,0.0041989407003807568,0.003038141607896983,212,0,0,0,0,-0.0056278686918080391,-0.00015873625921657575,0.0072844051334076216,-0.0097754486927488938,-0.0008134752462255209,0.0042462635255106386,-0.0041522393026837898,-0.0006245092301656349,-0.003038141607896983,0,-0.20765709411960925,0.15105074515703645,-0.0041522281911780586,0.0018048743291042837,0.0045275346818631273,-0.0030203502798620378,0.019995599999999999,3.7269449679189215e-19,0.0024294574330225899,-1.7653773557385968e-05,0.0024293932911630214,1.8638825381178469e-17,0.0024294574330225899,1.7791328034945198e-05,1,0,0.019995599999999999,0,0,0,0,0,0,0,0.0141748,19,0,0,1,0,0,0,0,0,0,0,0,1,20,nan,1,-0.0041521823168208577,0,0.0025421775697718877,0.00047474514576606452,0.019995599999999999,5.0832365814130754e-05,0.0025421775697718877,0.28720250000000003,0,0,0
639155411769402746,nan,191.98069422422094,0.0036574623045621049,0.00088909606197437596,212,0,0,0,0,-0.0097868745043331214,0.0018773005013234139,0.0041751972474818131,-0.010129533862251973,-0.0017640749357502455,0.0032861011855074371,-0.00035785978778776089,-0.0036399130321447576,-0.00088909606197437596,0,-0.011929647091042274,0.03198494097121847,-0.00035811846195541624,-0.0009490875851011928,0.0010144042966128085,-0.00096016234000320146,0.030019199999999999,-3.3034284942917713e-19,0.0026908000060888748,-1.1425811584227577e-05,0.0026907757475489349,-1.1004385507581053e-17,0.0026908000060888748,-7.1066278028825494e-05,1,0,0.030019199999999999,0,0,0,0,0,0,0,0.0041909,21,0,0,1,0,0,0,0,0,0,0,0,1,20,nan,1,-0.00035802210564974269,0,0.0067638880667635348,-0.0075105694122612476,0.030019199999999999,-0.00020304650865378789,-0.0067638880667635348,-0.028539800000000001,0,0,0
639155411769702687,nan,194.63481318748072,0.0019460612114493064,0.0031368272074605917,208,0,0,0,0,-0.010126416550198403,-0.0027127069640595341,0.0032923944901212285,-0.0086944090780576907,-0.0040304735740632584,0.0064292216975818202,0.0014276611110786779,-0.0013224741927996694,0.0031368272074605917,0,0.047598342133397718,0.10479129269004181,0.0014276694337833444,-0.0022711023582825383,0.002682563314062832,0.003143120512074383,0.029994099999999999,-6.2256921623191075e-19,-0.00094863715021531502,3.1173120535691462e-06,-0.00094863202830928854,-2.0756389297625558e-17,0.00094863715021531502,6.2933046137913194e-06,1,0,0.029994099999999999,0,0,0,0,0,0,0,0.014143299999999999,22,0,0,1,0,0,0,0,0,0,0,0,1,20,nan,1,0.0014276490155271473,0,0.00059948024195152728,0.00089904351625591516,0.029994099999999999,1.7980870325118303e-05,0.00059948024195152728,0.0012562000000000001,0,0,0
639155411769892941,nan,196.24970287984263,0.0020520982407798978,0.00075654110220397749,211,0,0,0,0,-0.0086851291376546739,-0.0054738539671174242,0.0064292216975818219,-0.0075016569936405125,-0.0037973991141152701,0.0056726805953778445,0.0011942259104147806,0.0016688114527129592,-0.00075654110220397749,0,0.062770081596958807,0.039764793497323349,0.0011942259104147802,0.00022540122815894109,0.0012153111695206169,-0.00075654110220397576,0.019025400000000001,-5.4887734982078662e-19,-0.0014434102245540182,9.2799404030168009e-06,-0.0014433803930541658,-2.8849714057038832e-17,0.0014434102245540184,1.7347234759768071e-18,1,0,0.019025400000000001,0,0,0,0,0,0,0,0.0131734,23,0,0,1,0,0,0,0,0,0,0,0,1,20,nan,1,0.0011942259104147802,0,0,0.00089904351625591516,0.019025400000000001,0,0,0.0202816,0,0,0
639155411770202644,nan,195.94544391795606,0.0026687793690472889,0.0024828638949198206,213,0,0,0,0,-0.0075037467280069658,-0.0034290173736189733,0.0057133868286157151,-0.0049104468875704526,-0.0027987957790632165,0.0081962507235355357,0.0025968581944498244,0.00061539486394610477,0.0024828638949198206,0,0.083849143918253044,0.081483554507308334,0.0025968331418914723,0.00098388823946155696,0.0027769728905008588,0.0025235701281576912,0.030970299999999999,-4.3071625367881172e-19,0.00036838766770998628,-2.0897343664533219e-06,0.00036838174049629675,-1.3907396882781624e-17,0.00036838766770998623,4.0706233237870586e-05,1,0,0.030970299999999999,0,0,0,0,0,0,0,0.0041038000000000003,25,0,0,1,0,0,0,0,0,0,0,0,1,20,nan,1,0.0025968903523351868,0,0.0037553244087648991,-0.0052512534894049168,0.030970299999999999,0.00011630352353677155,0.0037553244087648991,0.051251900000000003,0,0,0
639155411770402491,nan,195.73502830146094,0.0011557291222406495,0.00037495210915989251,215,0,0,0,0,-0.0049156158649728728,-0.0021681584513195463,0.0081961062392400634,-0.0059984868133322712,-0.0025720152492001301,0.0078211541300801709,-0.0010861445931698752,-0.00039496800721449294,-0.00037495210915989251,0,-0.054348809350980409,0.018769188101666015,-0.0010861446502365383,0.00023569066069599329,0.0011114226418319749,-0.00037509659345536482,0.019984700000000001,-1.9481757786848908e-20,0.00063065851097964573,-5.1689774024201232e-06,0.00063063732774367018,-9.7483363707480764e-19,0.00063065851097964584,-1.4448429547231356e-07,1,0,0.019984700000000001,0,0,0,0,0,0,0,0.0040233999999999999,26,0,0,1,0,0,0,0,0,0,0,0,1,20,nan,1,-0.0010861446988845137,0,2.0656415797346437e-05,-0.0077134654857218266,0.019984700000000001,-4.1281227278522933e-07,-2.0656415797346437e-05,0.071236599999999997,0,0,0
639155411770702652,nan,198.35119415434039,0.0042638324254350747,0.0021040944854175394,220,0,0,0,0,-0.0060012506605365426,-0.0022186414628235858,0.0078207858992409007,-0.0098244466528190719,-0.0041063488969315188,0.0057166914138233613,-0.003837842275759343,-0.0018577496113809039,-0.0021040944854175394,0,-0.12785948073999556,0.070111130901643101,-0.0038378429598397812,-0.0015043636034997674,0.0041221533736539419,-0.0021044627162568096,0.0300161,2.5283933475540865e-19,0.00035338459466912838,-2.7638472042713913e-06,0.00035337378637654432,8.4234572364633868e-18,0.00035338459466912833,-3.6823083927016442e-07,1,0,0.0300161,0,0,0,0,0,0,0,0.0142194,27,0,0,1,0,0,0,0,0,0,0,0,1,20,nan,1,-0.0038378421684777181,0,3.5050793147604951e-05,-0.0046613095328211784,0.0300161,-1.0520881121978251e-06,-3.5050793147604951e-05,0.1012527,0,0,0
639155411770902468,nan,198.38563090062635,0.0023980935468165859,0.0038802367279348595,213,0,0,0,0,-0.0098186909861343701,-0.0051131557312443596,0.0057166914138233613,-0.0074708670288026711,-0.0046247140001620599,0.0095969281417582208,0.0023505778487759067,0.00047501203787628736,0.0038802367279348595,0,0.11763711858789615,0.19419049164906013,0.0023505778487759054,-0.00053181124816651651,0.0024099874329200125,0.0038802367279348595,0.019981599999999999,-1.1418004128987969e-18,-0.0010068232860428038,5.755666684701885e-06,-0.0010068068343128409,-5.7142591829422912e-17,0.0010068232860428038,0,1,0,0.019981599999999999,0,0,0,0,0,0,0,0.014150299999999999,28,0,0,1,0,0,0,0,0,0,0,0,1,20,nan,1,0.0023505778487759054,0,0,-0.0046613095328211784,0.019981599999999999,0,0,0.1212343,0,0,0
639155411771202675,nan,192.89670558892271,0.0047044707863676495,0.0054059802748013608,208,0,0,0,0,-0.0074630677291074293,-0.0054373761496949056,0.0096018875955868541,-0.011854875679941907,-0.0037509395802462616,0.0041959073207854932,-0.0043754127727319708,0.0017285278267938243,-0.0054059802748013608,0,-0.14574681287352093,0.17990988954197362,-0.0043754213452321094,0.00091580655263548763,0.0044702364132294904,-0.0054010208209727276,0.030020700000000001,4.2012834183813297e-19,-0.00081269957447945148,7.7992996952418875e-06,-0.00081266214953284576,1.3994621772248248e-17,0.00081269957447945148,4.9594538286332202e-06,1,0,0.030020700000000001,0,0,0,0,0,0,0,0.0040210999999999997,30,0,0,1,0,0,0,0,0,0,0,0,1,20,nan,1,-0.0043754148566932747,0,0.00047200325381513674,-0.0055056610144674778,0.030020700000000001,1.4169868081808076e-05,0.00047200325381513674,0.151255,0,0,0
639155411771402525,nan,202.62192298042544,0.0066162086329043766,0.0037089090270014252,213,0,0,0,0,-0.011857367699587808,-0.0031570263140961907,0.0041959073207854941,-0.0052692646487830863,-0.0037662182921260395,0.0079048163477869193,0.0065854889514302389,-0.00063682960413964076,0.0037089090270014252,0,0.32952158876308424,0.18558463982994378,0.006585488951430238,-4.2911109840161512e-05,0.0065856287545501269,0.0037089090270014261,0.019984999999999999,-9.986518448128201e-19,0.00059391849429947909,-2.4920196459009974e-06,0.0005939132661500709,-4.9970069792985748e-17,0.0005939184942994792,8.6736173798840355e-19,1,0,0.019984999999999999,0,0,0,0,0,0,0,0.0040175999999999996,31,0,0,1,0,0,0,0,0,0,0,0,1,20,nan,1,0.006585488951430238,0,0,-0.0055056610144674778,0.019984999999999999,0,0,0.17124,0,0,0
639155411771702642,nan,199.48843787948883,0.010813851733669956,0.0047101382701653597,215,0,0,0,0,-0.0052684653312660987,-0.0038673339705934985,0.0079271573320452565,-0.016016060923870718,-0.0026721024885690147,0.0032170190618798973,-0.010737783217094444,0.00128039091705681,-0.0047101382701653597,0,-0.357787523519429,0.15619899192338396,-0.010737811819608046,0.0011790321863784758,0.010802347873024209,-0.0046877972859070225,0.030011699999999999,6.5793284177977779e-19,-0.00010111883771299746,7.9931751698764097e-07,-0.00010111567846745901,2.1922544933468542e-17,0.00010111883771299746,2.2340984258337193e-05,1,0,0.030011699999999999,0,0,0,0,0,0,0,0.0141374,32,0,0,1,0,0,0,0,0,0,0,0,1,20,nan,1,-0.010737774184511344,0,0.002126883302020315,-0.0051195733249187469,0.030011699999999999,6.3831383595243087e-05,0.002126883302020315,0.20125170000000001,0,0,0
639155411771902503,nan,196.99220359009581,0.0052847791173098136,0.00051371836088926533,217,0,0,0,0,-0.016018478956878097,-0.0019204673197116681,0.0032183708555539141,-0.010733741676309468,-0.0018994389074561851,0.0037320892164431794,0.0052847775882854517,4.0200882689564604e-06,0.00051371836088926533,0,0.26442265288607042,0.025771418864274781,0.0052847775828462921,0.00075566629048770464,0.0053385302886407001,0.00051507015456328216,0.0199861,-1.0325331627029921e-18,0.00075163905828983944,-2.4180330073786394e-06,0.00075163516885734657,-5.1662563616863327e-17,0.00075163905828983944,1.3517936740168289e-06,1,0,0.0199861,0,0,0,0,0,0,0,0.0143044,33,0,0,1,0,0,0,0,0,0,0,0,1,20,nan,1,0.0052847790421291689,0,0.00019324768914629536,-0.0074060657061636448,0.0199861,3.8622676400467738e-06,0.00019324768914629536,0.22123780000000001,0,0,0
639155411772202624,nan,193.09295494467631,0.0025789352958536212,0.00059049584865966589,214,0,0,0,0,-0.010737961381464295,-0.0007687892046457799,0.00372836212118336,-0.0082475099623847484,-0.0014385346707777101,0.0043188579698430259,0.002487937061768729,-0.00067902609440078797,0.00059049584865966589,0,0.082897715619916948,0.019551072847279815,0.0024879345309565095,0.00045162220980309595,0.0025285926620777057,0.00058676875339984651,0.0300121,-1.480613591800517e-18,0.0011306575769775972,-4.2197051548266418e-06,0.0011306497028104052,-4.9333888391699249e-17,0.0011306575769775974,-3.7270952598193741e-06,1,0,0.0300121,0,0,0,0,0,0,0,0.0040759000000000004,35,0,0,1,0,0,0,0,0,0,0,0,1,20,nan,1,0.0024879321262941045,0,0.00035481834325100132,-0.0061334059573709965,0.0300121,-1.0648843599483377e-05,-0.00035481834325100132,0.25124990000000003,0,0,0
639155411772402678,nan,199.87965390635438,0.0023398322390602222,0.0019489074669464597,219,0,0,0,0,-0.0082488059102713042,-0.0011384692743176906,0.004265220380049374,-0.008977789328493295,-0.0033618446548827796,0.0062141278469958336,-0.00073845994459316607,-0.0022202458911519305,0.0019489074669464597,0,-0.036918983482919013,0.094737914620692781,-0.00073857903216918794,-0.0019201380837747502,0.0020572868656369104,0.0018952698771528074,0.0200054,4.0445823231392841e-19,0.00030006819497179859,-1.2959478865558205e-06,0.00030006539646001951,2.0217452903412498e-17,0.00030006819497179865,-5.3637589793651894e-05,1,0,0.0200054,0,0,0,0,0,0,0,0.0041730999999999999,36,0,0,1,0,0,0,0,0,0,0,0,1,20,nan,1,-0.00073843189917410356,0,0.0076604445076475488,-0.0076625128276646137,0.0200054,-0.00015325025655329227,-0.0076604445076475488,0.27125529999999998,0,0,0
639155411772702644,nan,199.6915805908142,0.0035728679412098023,0.0013943651253871476,217,0,0,0,0,-0.0089599114022786194,-0.0062387883762331032,0.0062218111242423758,-0.0066359999052552823,-0.0035249680654299868,0.0076161762496295233,0.0023407512852374689,0.0026993089385959341,0.0013943651253871476,0,0.078033195283113047,0.046740243982107625,0.0023407305456294289,-0.0001776723462312932,0.0023474639400548791,0.0014020484026336898,0.029996600000000002,-3.2864878353466853e-19,-0.0028769992693886428,1.7877926214675613e-05,-0.0028769437213503235,-1.0956201153953065e-17,0.0028769992693886432,7.6832772465422125e-06,1,0,0.029996600000000002,0,0,0,0,0,0,0,0.014120499999999999,37,0,0,1,0,0,0,0,0,0,0,0,1,20,nan,1,0.0023407285953371505,0,0.00073182363015830178,0.001097611035220325,0.029996600000000002,2.1952220704406515e-05,0.00073182363015830178,-0.032371700000000003,0,0,0
639155411772902523,nan,200.67145414476147,0.0068236294887717326,0.0044364407129991613,214,0,0,0,0,-0.006635081580943193,-0.00364554124096744,0.0076161762496295233,-0.013209452899413542,-0.0018180946160534254,0.0031797355366303616,-0.0065602626214121959,0.0018774647102241782,-0.0044364407129991613,0,-0.32821169914859472,0.22195631922308803,-0.0065602626214121959,0.0017568880376099133,0.0067914432367939901,-0.0044364407129991613,0.019987899999999999,9.4020657145227338e-20,-0.00012057667261426513,9.183243120892623e-07,-0.00012057317553745318,4.7038787038772127e-18,0.00012057667261426513,0,1,0,0.019987899999999999,0,0,0,0,0,0,0,0.0140999,38,0,0,1,0,0,0,0,0,0,0,0,1,20,nan,1,-0.0065602626214121959,0,0,0.001097611035220325,0.019987899999999999,0,0,-0.0123838,0,0,0
639155411773202597,nan,199.93241380046467,0.0035832134044916268,0.0011218451156781001,217,0,0,0,0,-0.013217700669561707,0.00077575077019698168,0.0031782087798010567,-0.016194661274854291,-0.0012185219936606824,0.0020563636641229566,-0.0029832837746862771,-0.0019848013053759494,-0.0011218451156781001,0,-0.099418370301717227,0.037436494748208954,-0.0029832868049917494,0.00060906174850061516,0.0030448245227474948,-0.0011233718725074053,0.0300074,-1.6923718286140921e-18,0.0025938584991253748,-8.2477701481651483e-06,0.0025938453862504071,-5.6398482661413259e-17,0.0025938584991253744,-1.5267568293049136e-06,1,0,0.0300074,0,0,0,0,0,0,0,0.0040734999999999999,40,0,0,1,0,0,0,0,0,0,0,0,1,20,nan,1,-0.0029832881333977739,0,0.00014536955449132914,-0.0061761015094816685,0.0300074,-4.3621623694431097e-06,-0.00014536955449132914,-0.036480499999999999,0,0,0
639155411773402677,nan,191.49395860635721,0.0069769724801992741,0.0020682051616112531,216,0,0,0,0,-0.016195491774951633,-0.00081465426286776135,0.0020563636641229566,-0.0093670566787990277,-0.0022466525614314725,0.0041245688257342096,0.0068254759514968519,-0.0014460370067865319,0.0020682051616112531,0,0.34113734263778739,0.10336891051635611,0.006825475951496851,-0.0010421684220881984,0.0069045808695719999,0.0020682051616112531,0.020008000000000001,-1.3039013431795886e-18,0.00040386858469833347,-8.3050009734228492e-07,0.000403867730792921,-6.5168999559155759e-17,0.00040386858469833352,0,1,0,0.020008000000000001,0,0,0,0,0,0,0,0.0041656999999999996,41,0,0,1,0,0,0,0,0,0,0,0,1,20,nan,1,0.006825475951496851,0,0,-0.0061761015094816685,0.020008000000000001,0,0,-0.049632900000000001,0,0,0
639155411773702645,nan,191.24588523544244,0.00068932603996208213,0.00028307529668903514,212,0,0,0,0,-0.0093605249412514,-0.0038302606388085697,0.0041417253382689213,-0.0096834861351853541,-0.0032212725793340337,0.0044248006349579564,-0.00032043616985217676,0.00061032044896125904,0.00028307529668903514,0,-0.010682694179894144,0.010008794578879973,-0.00032044664077544865,-0.00097330659639245502,0.0010247008247119423,0.0003002318092237468,0.029996800000000001,8.2416305767843423e-19,-0.0015836215476967271,6.5317375476277306e-06,-0.0015836080773770972,2.74750325927577e-17,0.0015836215476967271,1.7156512534711663e-05,1,0,0.029996800000000001,0,0,0,0,0,0,0,0.0142138,42,0,0,1,0,0,0,0,0,0,0,0,1,20,nan,1,-0.00032047049574608654,0,0.0016341278817084783,-0.0055645820684731007,0.029996800000000001,4.9018607242032886e-05,0.0016341278817084783,-0.0196361,0,0,0
639155411773902658,nan,196.88799424042307,0.00081245179925869921,0.0014661638248210452,220,0,0,0,0,-0.0096806148105084804,-0.0038701845133713082,0.0044271945847348445,-0.0090655000438261135,-0.0033394192640114851,0.0058933584095558897,0.00061745853191324163,0.00052803682398696607,0.0014661638248210452,0,0.030870856785200764,0.073423116227341892,0.00061745726781783602,-0.0001208799844170981,0.0006291783914071944,0.0014685577745979334,0.0200013,7.3268349937496979e-19,-0.00064891828656726575,2.8713246768737044e-06,-0.00064891193403727445,3.6631793902144849e-17,0.00064891828656726575,2.3939497768880533e-06,1,0,0.0200013,0,0,0,0,0,0,0,0.014160000000000001,43,0,0,1,0,0,0,0,0,0,0,0,1,20,nan,1,0.00061745685441335122,0,0.00034197059718088258,-0.0068818293511867523,0.0200013,6.8398565053939868e-06,0.00034197059718088258,-0.033130899999999998,0,0,0
639155411774202559,nan,195.16257585206611,0.00079347848567252327,0.0023745242642589197,216,0,0,0,0,-0.0090644238769347803,-0.0035220238771186923,0.0059117122665394845,-0.009661779238436809,-0.0029997455228764919,0.0035371880022805648,-0.00059425738187354434,0.00052580060033625042,-0.0023745242642589197,0,-0.019815440170005184,0.078564940006046177,-0.00059426703224247247,0.00034318190909770615,0.00068624130474798887,-0.0023561704072753253,0.029990099999999999,-3.051436192483617e-19,-0.000182607784234985,1.0761668913332467e-06,-0.0001826046131072072,-1.0174811662794112e-17,0.000182607784234985,1.8353856983594798e-05,1,0,0.029990099999999999,0,0,0,0,0,0,0,0.0041966,45,0,0,1,0,0,0,0,0,0,0,0,1,20,nan,1,-0.0005942580338786596,0,0.0017485634053137154,0.0017014467157423496,0.029990099999999999,5.2439591381698851e-05,0.0017485634053137154,-0.036494899999999997,0,0,0
639155411774402616,nan,195.22796220500763,0.00022561904792820338,0.00086287350583829411,215,0,0,0,0,-0.0096625856944624455,-0.0027717529305304549,0.0034714659253404561,-0.0098795356549248765,-0.0027098120761338733,0.0043343394311787502,-0.00021673362809000583,6.2693614052564971e-05,0.00086287350583829411,0,-0.010833387847833553,0.039846215273556307,-0.00021672950726740373,0.00029070187674214967,0.00036260069010108015,0.00079715142889818548,0.020005700000000001,-2.9222636680273362e-20,0.00022799401864081326,-8.064560256364206e-07,0.00022799259234603702,-1.4607155300875931e-18,0.00022799401864081326,-6.5722076940108627e-05,1,0,0.020005700000000001,0,0,0,0,0,0,0,0.0041425000000000003,46,0,0,1,0,0,0,0,0,0,0,0,1,20,nan,1,-0.00021675679992799043,0,0.009386193069276412,-0.0062592662870883942,0.020005700000000001,-0.00018777736268602312,-0.009386193069276412,-0.049701500000000003,0,0,0
639155411774702685,nan,198.21763574162114,0.0011744239048764081,0.00085599920320840385,223,0,0,0,0,-0.0098814266685730498,-0.0022735283387055626,0.0042694013090049804,-0.010039039783972796,-0.003437327983919092,0.0051254005122133841,-0.00016258039156662692,-0.0011631161268863882,0.00085599920320840385,0,-0.0054206173180477053,0.026362639294116818,-0.00016265592180092568,-0.00072681773118642157,0.00074479592054729077,0.00079106108103463389,0.0300069,6.9753163206391633e-19,0.00043628783558223659,-1.891013648173262e-06,0.00043628373742831067,2.3245707889316001e-17,0.00043628783558223659,-6.4938122173769861e-05,1,0,0.0300069,0,0,0,0,0,0,0,0.01406,47,0,0,1,0,0,0,0,0,0,0,0,1,20,nan,1,-0.00016258849513164521,0,0.0061831609371531459,-0.0061845830641686916,0.0300069,-0.00018553749192506074,-0.0061831609371531459,-0.0534636,0,0,0
639155411774902642,nan,194.21201978475267,0.0021443843851416461,0.00070143574122814682,215,0,0,0,0,-0.010036557851996874,-0.003921565310688247,0.0051254005122133833,-0.012030492149916911,-0.0031325086544097222,0.0044239647709852364,-0.0019898638942356722,0.00079926595927548583,-0.00070143574122814682,0,-0.099514590348708534,0.035079329117167574,-0.0019898638942356713,0.00031502227204469665,0.0020146457131384053,-0.00070143574122814769,0.019995700000000002,6.4459207286052256e-19,-0.00048424368723078929,2.4819319759221414e-06,-0.00048423732676915491,3.2236534497943186e-17,0.00048424368723078924,-8.6736173798840355e-19,1,0,0.019995700000000002,0,0,0,0,0,0,0,0.014131299999999999,48,0,0,1,0,0,0,0,0,0,0,0,1,20,nan,1,-0.0019898638942356713,0,0,-0.0061845830641686916,0.019995700000000002,0,0,-0.033467900000000002,0,0,0
639155411775202593,nan,198.7134770271258,0.0023697027130484688,7.0641335348263674e-05,213,0,0,0,0,-0.01203257345911638,-0.0026620492974517755,0.0044368271146755954,-0.0098501767467745974,-0.0017386666366934894,0.004507468450023859,0.0021864721074478558,0.00091369068703900272,7.0641335348263674e-05,0,0.072893917842025813,0.0027839106733640695,0.0021864603550633484,0.0013841827709038801,0.0025877733338781602,8.3503679038622602e-05,0.0299951,4.904320764602399e-19,0.00047046396078474323,-2.0813091994691113e-06,0.0004704593569579466,1.6350406448394568e-17,0.00047046396078474323,1.2862343690358928e-05,1,0,0.0299951,0,0,0,0,0,0,0,0.0039966999999999997,50,0,0,1,0,0,0,0,0,0,0,0,1,20,nan,1,0.002186485788743565,0,0.0012251852269545085,-0.0066353920847177505,0.0299951,3.6749553401023178e-05,0.0012251852269545085,-0.0034727999999999998,0,0,0
639155411775402456,nan,199.32121131985718,0.0023502049847503965,0.00076365093665589905,219,0,0,0,0,-0.0098543334542462203,-0.00081649061556611372,0.0045101030943019539,-0.0084198474596562795,-0.0026781332777520983,0.0052737540309578529,0.0014260752332867243,-0.0018680933861431623,0.00076365093665589905,0,0.071352884478033785,0.038340542318187655,0.0014260801550433264,-0.00094590423967859621,0.0017112683714865828,0.00076628558093399385,0.019986299999999999,6.1240482086485915e-19,0.00092218538925712909,-4.156707471622903e-06,0.0009221760211273757,3.064123028598886e-17,0.00092218538925712909,2.6346442780949067e-06,1,0,0.019986299999999999,0,0,0,0,0,0,0,0.0040369000000000004,51,0,0,1,0,0,0,0,0,0,0,0,1,20,nan,1,0.0014260765948600929,0,0.00037663574950192824,-0.0069704190827906132,0.019986299999999999,7.5275550802703876e-06,0.00037663574950192824,-0.016510299999999999,0,0,0
639155411775702490,nan,200.18271915860785,0.0020174743139469114,0.00030976426521391043,215,0,0,0,0,-0.0084123501678581344,-0.0040997434339917985,0.0052685874723005796,-0.010348135876084109,-0.0046680182788192129,0.0055783517375144901,-0.0019387528333817978,-0.00055806814860697189,0.00030976426521391043,0,-0.0646178671966426,0.010152106313172411,-0.0019387557166477465,-0.0019796880576412289,0.002770909333486323,0.00030459770655663713,0.0300034,-2.1429933565533799e-19,-0.0014216299257219407,7.497291798145081e-06,-0.0014216101562397002,-7.1425017049847008e-18,0.0014216299257219409,-5.1665586572732444e-06,1,0,0.0300034,0,0,0,0,0,0,0,0.014036099999999999,52,0,0,1,0,0,0,0,0,0,0,0,1,20,nan,1,-0.0019387411049171202,0,0.00049199744574420531,-0.006202328484505415,0.0300034,-1.476159616364169e-05,-0.00049199744574420531,-0.053270600000000001,0,0,0
639155411775903318,nan,190.03319090290739,0.0042373088791364689,0.0016622929376163148,215,0,0,0,0,-0.010340746213521334,-0.0059927081262510385,0.0055783517375144901,-0.0080477372314465955,-0.0024294376698678396,0.0039160587998981755,0.0023128503780832799,0.0035504238712875942,-0.0016622929376163148,0,0.11516573277049419,0.082771970921201962,0.0023128503780832808,0.0022257134127338222,0.0032098406606906847,-0.0016622929376163148,0.020082800000000001,8.2755118946745143e-19,-0.001324710458553772,7.3896625627754842e-06,-0.0013246898474318257,4.1206962648009806e-17,0.0013247104585537722,0,1,0,0.020082800000000001,0,0,0,0,0,0,0,0.014152700000000001,53,0,0,1,0,0,0,0,0,0,0,0,1,20,nan,1,0.0023128503780832808,0,0,-0.006202328484505415,0.020082800000000001,0,0,-0.033187800000000003,0,0,0
639155411776203181,nan,195.30253747143121,0.0038910541200468155,0.00046336772730377554,218,0,0,0,0,-0.0080607738481576138,0.00089955985953751524,0.0039097383124231545,-0.010411057385731564,-0.0022014834258975934,0.003446370585119379,-0.0023623898111695542,-0.003091830613926897,-0.00046336772730377554,0,-0.078782955983200204,0.015663426790861044,-0.0023624093529990365,0.00023720737310684443,0.0023742883752808073,-0.00046968821477879653,0.0299863,6.0816965612858764e-19,0.0033290230555167721,-1.3036616711018315e-05,0.0033289975294053548,2.0281583794218949e-17,0.0033290230555167721,-6.3204874750210499e-06,1,0,0.0299863,0,0,0,0,0,0,0,0.0041208,55,0,0,1,0,0,0,0,0,0,0,0,1,20,nan,1,-0.0023624114947116367,0,0.00060222620473089172,-0.0060306740924715996,0.0299863,-1.805853564292194e-05,-0.00060222620473089172,-0.036094500000000002,0,0,0
639155411776403135,nan,195.22325750681426,0.00049814194426140107,0.00091972305478715821,215,0,0,0,0,-0.010411599961232997,-0.0020440501667956987,0.0034463705851193798,-0.010057424193784916,-0.0023943427907333029,0.0043660936399065381,0.00035296642828859753,-0.00035151116217514212,0.00091972305478715821,0,0.017652381462166133,0.045996731987715131,0.00035296642828859672,-0.00019407696811419789,0.00040280413236610233,0.00091972305478715908,0.0199954,-7.768350917506002e-19,0.00015743419406094426,-5.4257550143217703e-07,0.00015743325910189468,-3.8850690246286656e-17,0.00015743419406094426,8.6736173798840355e-19,1,0,0.0199954,0,0,0,0,0,0,0,0.0041326999999999996,56,0,0,1,0,0,0,0,0,0,0,0,1,20,nan,1,0.00035296642828859672,0,0,-0.0060306740924715996,0.0199954,0,0,-0.049556599999999999,0,0,0
639155411776703951,nan,194.52994781125193,0.0042104502870367981,0.0019347148619441191,214,0,0,0,0,-0.010056147278304714,-0.0026868027037937657,0.0043774813885502943,-0.005866265282674094,-0.0022711339867863053,0.0063121962504944134,0.0041916614279773811,0.00039732366254084672,0.0019347148619441191,0,0.13934288412463411,0.064694119015872673,0.0041916569030835934,0.00010490869547065508,0.0041929695238045435,0.0019461026105878753,0.0300816,2.8735592735602139e-19,-0.00029246270063116952,1.2769154802017707e-06,-0.00029245991306046286,9.5525479813580862e-18,0.00029246270063116952,1.1387748643756216e-05,1,0,0.0300816,0,0,0,0,0,0,0,0.0144388,57,0,0,1,0,0,0,0,0,0,0,0,1,20,nan,1,0.0041916586092058577,0,0.001081605522859339,-0.0064881155267357826,0.0300816,3.2536424696445493e-05,0.001081605522859339,-0.019474999999999999,0,0,0
639155411776903262,nan,196.54417897668671,0.0025837716702145951,0.00098185190465143487,218,0,0,0,0,-0.0058666699180882995,-0.0022070310939009134,0.006316045124098414,-0.0084493047283641983,-0.0022836697300754353,0.0053341932194469789,-0.0025830673465291024,-6.0325177982517399e-05,-0.00098185190465143487,0,-0.12959982712073015,0.049069194928901778,-0.0025830671143259845,3.7690500769063572e-06,0.0025830698641056637,-0.00097800303104743423,0.0199311,-4.5316262678105068e-19,6.4104169958704304e-05,-4.0463541420548282e-07,6.4102892885391834e-05,-2.2736458438372727e-17,6.4104169958704304e-05,3.8488736040006438e-06,1,0,0.0199311,0,0,0,0,0,0,0,0.014097500000000001,58,0,0,1,0,0,0,0,0,0,0,0,1,20,nan,1,-0.0025830670935632284,0,0.00055173983000014477,-0.0070076989941298962,0.0199311,1.0996781725715885e-05,0.00055173983000014477,-0.033050099999999999,0,0,0
639155411777203390,nan,194.11827340127672,0.0014702313786034132,0.00088353259333821647,216,0,0,0,0,-0.0084493147109625313,-0.0022817983123667161,0.0053296035803085499,-0.0097148986064023984,-0.0030300480769729901,0.0044460709869703335,-0.0012695537769786146,-0.00074149410920750218,-0.00088353259333821647,0,-0.042300524448089724,0.029591448731096249,-0.0012695571801556273,-0.00073961683807265274,0.0014692884335096689,-0.00088812223247664544,0.030012799999999999,9.9446961963575199e-20,1.8714443333365541e-06,-9.9825983330276147e-09,1.8714177087192536e-06,3.3134849785283345e-18,1.8714443333365541e-06,-4.5896391384289692e-06,1,0,0.030012799999999999,0,0,0,0,0,0,0,0.0040565000000000002,60,0,0,1,0,0,0,0,0,0,0,0,1,20,nan,1,-0.0012695523307363567,0,0.00043692206929142206,-0.0063992463983595371,0.030012799999999999,-1.3113254681229591e-05,-0.00043692206929142206,-0.0030373000000000002,0,0,0
639155411777403181,nan,195.53615723320354,0.0032818855230715462,0.0025863870638614811,213,0,0,0,0,-0.0097127062429657636,-0.0035231461397701772,0.0044525818758951556,-0.0064834765815657003,-0.0029376135783522593,0.0070389689397566367,0.0032318047739863741,0.00057114839524021897,0.0025863870638614811,0,0.16175909101181291,0.12978051828091872,0.0032318010552341114,7.8066500643073203e-05,0.0032327437942303704,0.0025928979527863028,0.0199791,-7.0091976385293353e-19,-0.00049310293650694983,2.1923634366347727e-06,-0.00049309806279718713,-3.5082649561438381e-17,0.00049310293650694983,6.5108889248221419e-06,1,0,0.0199791,0,0,0,0,0,0,0,0.0039651,61,0,0,1,0,0,0,0,0,0,0,0,1,20,nan,1,0.0032318017812119058,0,0.00093109998874855602,-0.0061185653321444988,0.0199791,1.8602539785206275e-05,0.00093109998874855602,-0.016509200000000002,0,0,0
639155411777702683,nan,195.70667571139913,0.0030621887779816435,0.00060773505766252914,209,0,0,0,0,-0.0064842119043601347,-0.0028331507434796407,0.0070339773989549258,-0.0093306649589573101,-0.0039621791399210779,0.0076417124566174549,-0.0028543241328754044,-0.0011089787448286753,0.00060773505766252914,0,-0.095302524469035241,0.020124857826018465,-0.0028543296683524993,-0.0010044990744990301,0.0030259240318135381,0.00060274351686081824,0.0299502,-2.9032054267141144e-19,0.00010446542284045946,-7.3532279443438292e-07,0.00010446283487261857,-9.6934425369917875e-18,0.00010446542284045945,-4.9915408017109017e-06,1,0,0.0299502,0,0,0,0,0,0,0,0.0140593,62,0,0,1,0,0,0,0,0,0,0,0,1,20,nan,1,-0.00285432250542548,0,0.00047617528923836325,-0.0061491215601563454,0.0299502,-1.4261545147746827e-05,-0.00047617528923836325,-0.0532288,0,0,0
639155411777902514,nan,203.90080261598723,0.00099140788874749609,4.9834409858934454e-05,211,0,0,0,0,-0.0093255522084784194,-0.0046312243292721518,0.0075984980237286783,-0.009266991699989624,-0.0036415474786202326,0.0075486636138697438,6.6078803167388323e-05,0.00098920331259187222,-4.9834409858934454e-05,0,0.0033088735464387275,0.0046563767757610737,6.6121550965839737e-05,0.00032013573157955647,0.00032689286645031884,-9.3048842747711115e-05,0.0199831,3.4728350837426314e-20,-0.00066906472453064937,5.1127504788906625e-06,-0.00066904518935107394,1.7378860555882879e-18,0.00066906472453064937,-4.321443288877666e-05,1,0,0.0199831,0,0,0,0,0,0,0,0.014039599999999999,63,0,0,1,0,0,0,0,0,0,0,0,1,20,nan,1,6.6101787291154493e-05,0,0.006178711423835438,-0.0061735212802886963,0.0199831,-0.00012346980825364594,-0.006178711423835438,-0.033245700000000003,0,0,0
639155411778202671,nan,197.98386204633721,0.0035459756702863631,0.0039706063323519617,209,0,0,0,0,-0.0092706215949436392,-0.0031606907080961237,0.0075458823207347403,-0.012807154766258801,-0.0029020856376695179,0.0035752759883827786,-0.0035344811011822136,0.00028528371781191418,-0.0039706063323519617,0,-0.11775438546197149,0.13237697689832209,-0.0035344803077108976,0.00076616401925598022,0.003616567205237392,-0.0039733876254869661,0.030015699999999999,-2.2827537928503394e-19,0.00048087047101714694,-3.6298949540151948e-06,0.00048085677052410892,-7.6051992552242307e-18,0.00048087047101714694,-2.7812931350035611e-06,1,0,0.030015699999999999,0,0,0,0,0,0,0,0.0040174,65,0,0,1,0,0,0,0,0,0,0,0,1,20,nan,1,-0.0035344833518640368,0,0.00026474650980329615,-0.0056579690426588058,0.030015699999999999,-7.9465518143027967e-06,-0.00026474650980329615,-0.0032299999999999998,0,0,0
639155411778402450,nan,196.45845930985723,0.0011945586220113284,0.00061860657923616105,210,0,0,0,0,-0.012808944521999089,-0.0024014954398253541,0.00358104593266689,-0.012317200249938404,-0.0034901450034210552,0.0041996525119030511,0.00048784262326734718,-0.0010904035383037037,0.00061860657923616105,0,0.024419429210622207,0.031253361140073412,0.00048784891482688941,-0.00058980732617786361,0.00076542095980633711,0.00062437652352027265,0.0199779,-2.2382845631194886e-19,0.00050059339728293357,-1.7897557402883624e-06,0.00050059019784416377,-1.1203803017932259e-17,0.00050059339728293346,5.7699442841114938e-06,1,0,0.0199779,0,0,0,0,0,0,0,0.0041771000000000004,66,0,0,1,0,0,0,0,0,0,0,0,1,20,nan,1,0.00048784405315973006,0,0.00082518958936928953,-0.0064095612615346909,0.0199779,1.6485555097460729e-05,0.00082518958936928953,-0.016670999999999998,0,0,0
639155411778703217,nan,198.70585817216087,0.0049832845721299113,0.0053270053014017882,207,0,0,0,0,-0.012313469237145824,-0.0043785496624383045,0.0041952456328291123,-0.0073667257806652783,-0.0049809235518084279,0.0095222509342309004,0.0049441728259736291,-0.0006231213314691847,0.0053270053014017882,0,0.16438539068133348,0.17696750050131327,0.0049441700799052633,-0.0015115556133422862,0.0051700694532333894,0.0053225984223278493,0.030076700000000001,1.9354702844760763e-19,-0.00088841249350738729,3.731012792579369e-06,-0.00088840465901724938,6.4351151704677581e-18,0.0008884124935073874,-4.4068790739388436e-06,1,0,0.030076700000000001,0,0,0,0,0,0,0,0.013939699999999999,67,0,0,1,0,0,0,0,0,0,0,0,1,20,nan,1,0.0049441795958684301,0,0.00041863246527712911,-0.0062258616089820862,0.030076700000000001,-1.259108306840063e-05,-0.00041863246527712911,-0.053112600000000003,0,0,0
639155411778903201,nan,191.84178900355798,0.0026160607084400977,0.0048142333154103083,211,0,0,0,0,-0.0073569890742079137,-0.006003414162118921,0.0095222509342309004,-0.0083015074131628196,-0.0035638119942190045,0.0047080176188205921,-0.00092124536503889539,0.0024484853701091333,-0.0048142333154103083,0,-0.046065953528227052,0.24073092424445497,-0.00092124536503889582,0.0014259484017672733,0.0016976518686433594,-0.0048142333154103083,0.0199984,-4.0488174878755556e-19,-0.0010225369683418597,9.7367064573646023e-06,-0.0010224906103104931,-2.0245707095945455e-17,0.0010225369683418597,0,1,0,0.0199984,0,0,0,0,0,0,0,0.014176899999999999,68,0,0,1,0,0,0,0,0,0,0,0,1,20,nan,1,-0.00092124536503889582,0,0,-0.0062258616089820862,0.0199984,0,0,-0.033114200000000003,0,0,0
639155411779203097,nan,199.14957657649165,0.0013696158411581542,0.0029864313780100069,211,0,0,0,0,-0.0083115433469003169,-0.0014321590566838396,0.0046901103815357751,-0.0081666213847291988,-0.0027940860654592113,0.0076765417595457824,0.00013853280365535767,-0.0013625917270638128,0.0029864313780100069,0,0.0046185478759226172,0.098985119532277524,0.00013850840337976893,0.00076908235467010235,0.00078145521053462925,0.0029685241407251903,0.029989600000000002,4.1504614415460717e-19,0.0021316765622552314,-1.0035933737497296e-05,0.0021316529375351649,1.3839669223817829e-17,0.0021316765622552314,-1.7907237284816961e-05,1,0,0.029989600000000002,0,0,0,0,0,0,0,0.0039322999999999997,70,0,0,1,0,0,0,0,0,0,0,0,1,20,nan,1,0.00013848872884842547,0,0.001706042598083221,-0.006252950057387352,0.029989600000000002,-5.1163535099476567e-05,-0.001706042598083221,-0.036581099999999998,0,0,0
639155411779402450,nan,193.39782370033137,0.0035721144030953834,0.0021789239880461407,206,0,0,0,0,-0.0081705437871017386,-0.0022831365458754749,0.0076765417595457824,-0.011706695099230936,-0.0027887403497856549,0.0054976177714996417,-0.0035399283717861391,-0.0004784437599394743,-0.0021789239880461407,0,-0.17757086032245004,0.10929978420420765,-0.0035399283717861382,3.2520814961000722e-05,0.0035400777506690707,-0.0021789239880461407,0.0199353,7.4454196063653e-19,0.00051096457490047503,-3.9224023725397544e-06,0.0005109495195837364,3.7347918548330352e-17,0.00051096457490047503,0,1,0,0.0199353,0,0,0,0,0,0,0,0.0040238000000000001,71,0,0,1,0,0,0,0,0,0,0,0,1,20,nan,1,-0.0035399283717861382,0,0,-0.006252950057387352,0.0199353,0,0,-0.0497458,0,0,0
639155411779702652,nan,197.12550383840571,0.0016884955987344554,0.0015445259727684161,217,0,0,0,0,-0.011706900473635647,-0.0027513837447652621,0.0055110580436822819,-0.01002187872584453,-0.0028596385202562069,0.003966532070913866,0.0016843995639858971,-0.00011753933720140889,-0.0015445259727684161,0,0.056108924777131593,0.051001848774684243,0.0016844011435944459,-8.0159528845385794e-05,0.0016863074341907501,-0.001531085700585776,0.0300202,4.86143972164765e-19,3.7357169556803278e-05,-2.0537440471174451e-07,3.7356605020392834e-05,1.6193895182735791e-17,3.7357169556803278e-05,1.344027218264012e-05,1,0,0.0300202,0,0,0,0,0,0,0,0.013993200000000001,72,0,0,1,0,0,0,0,0,0,0,0,1,20,nan,1,0.0016843996041898421,0,0.0012791646179801429,-0.0068759261630475521,0.0300202,3.8400777664687486e-05,0.0012791646179801429,-0.019725599999999999,0,0,0
639155411779902433,nan,194.40302918489076,0.0039876420303882601,0.0029879382402078773,209,0,0,0,0,-0.010021673938620999,-0.0029112670324855689,0.0039710484140343515,-0.006047301254083896,-0.0025862274550117643,0.0069589866542422293,0.0039756320926950068,0.00030925462979966925,0.0029879382402078773,0,0.19899943918362817,0.14978674565290812,0.0039756306959544416,0.0002576436667377272,0.003983970342463063,0.0029924545833283633,0.019978099999999999,6.9581109638980603e-19,-5.1628918377439405e-05,2.0478722353133028e-07,-5.1628512229361968e-05,3.4828692237490354e-17,5.1628918377439405e-05,4.5163431204855659e-06,1,0,0.019978099999999999,0,0,0,0,0,0,0,0.014116200000000001,73,0,0,1,0,0,0,0,0,0,0,0,1,20,nan,1,0.0039756323581676967,0,0.00064589913390670627,-0.0063166148029267788,0.019978099999999999,1.2903837487101568e-05,0.00064589913390670627,-0.033274400000000003,0,0,0
639155411780203173,nan,200.04009485876094,0.0076492100106965834,0.001640322800683526,208,0,0,0,0,-0.0060498755906556196,-0.0022163036222368733,0.0069506444055053504,-0.013554224677624562,-0.0036979103746004076,0.0053103216048218244,-0.0075144658534423087,-0.0014294113212054732,-0.001640322800683526,0,-0.2498662558251519,0.054820278294221085,-0.0075144777776856185,-0.0010594158434144984,0.0075887902988953813,-0.0016486650494204049,0.030074,1.2065984333637508e-18,0.0003699327901979629,-2.5743365717235955e-06,0.00036992383277489101,4.0120982688160898e-17,0.0003699327901979629,-8.3422487368789103e-06,1,0,0.030074,0,0,0,0,0,0,0,0.0040953999999999999,75,0,0,1,0,0,0,0,0,0,0,0,1,20,nan,1,-0.0075144651515655888,0,0.00079254493552862013,-0.0069307936355471611,0.030074,-2.3834996391087723e-05,-0.00079254493552862013,-0.0032003999999999999,0,0,0
639155411780403139,nan,198.90480178317387,0.0020273990454884299,0.0013427591075454593,213,0,0,0,0,-0.013550440262076547,-0.0044105564734013272,0.005320475079768041,-0.012108334544020299,-0.002985537881383359,0.0039777159722225817,0.0014496670470699412,0.0014173257714043422,-0.0013427591075454593,0,0.072494956953357323,0.066641610703781773,0.001449652656213505,0.00070468434343297077,0.00161185385427663,-0.0013326056325992427,0.0199966,-5.4718328392627802e-19,-0.0007126561470563558,3.7844155480158681e-06,-0.00071264609880091964,-2.7363816045041558e-17,0.0007126561470563558,1.0153474946216628e-05,1,0,0.0199966,0,0,0,0,0,0,0,0.0040958000000000001,76,0,0,1,0,0,0,0,0,0,0,0,1,20,nan,1,0.0014496628774821857,0,0.0014507430472062511,-0.0056814928539097309,0.0199966,2.9009928417764522e-05,0.0014507430472062511,-0.016727300000000001,0,0,0
639155411780703157,nan,194.29423385205382,0.0021512666296520304,0.00049427366342512553,217,0,0,0,0,-0.012112551576596157,-0.0019253791459839743,0.0039358539651854233,-0.010076200684362479,-0.0026190816438557258,0.0044301276286105489,0.002033604815075014,-0.00070171188386553831,0.00049427366342512553,0,0.067781781033982302,0.015079483777238939,0.0020335754382253303,0.00035837010845961623,0.0020649111839473148,0.0004524116563879672,0.030001799999999999,3.1763735522036263e-19,0.0010601671224893595,-4.2170325758577459e-06,0.0010601587353993847,1.058727660408251e-17,0.0010601671224893595,-4.1862007037158332e-05,1,0,0.030001799999999999,0,0,0,0,0,0,0,0.0140862,77,0,0,1,0,0,0,0,0,0,0,0,1,20,nan,1,0.0020335540030289173,0,0.0039866186159458125,-0.006877383217215538,0.030001799999999999,-0.00011960573439188309,-0.0039866186159458125,-0.0529472,0,0,0
639155411780902513,nan,197.40261023461642,0.002726355197142817,0.0039222804294621657,208,0,0,0,0,-0.010077252918020634,-0.0023815655128019281,0.0044301276286105489,-0.0081971854563640742,-0.0043559917587295671,0.0083524080580727154,0.0018713020809043592,-0.0019827357824457256,0.0039222804294621657,0,0.093867356934547175,0.19674754857953439,0.0018713020809043588,-0.0017452173206234153,0.0025588190585113589,0.0039222804294621657,0.019935600000000001,-4.5803306622776291e-19,0.00023751846182231006,-1.0522336581549746e-06,0.0002375161310537977,-2.297563485562325e-17,0.00023751846182231006,0,1,0,0.019935600000000001,0,0,0,0,0,0,0,0.014124599999999999,78,0,0,1,0,0,0,0,0,0,0,0,1,20,nan,1,0.0018713020809043588,0,0,-0.006877383217215538,0.019935600000000001,0,0,-0.033011600000000002,0,0,0
639155411781203296,nan,198.86229176791713,0.0035625165420849572,0.0014608024960406519,213,0,0,0,0,-0.0081751003511317342,-0.0070000905029553142,0.0083272975671033356,-0.0092201925282964971,-0.0035943150473713766,0.0068664950710626838,-0.0010166953641077749,0.0034143600643796661,-0.0014608024960406519,0,-0.03379877278734799,0.049401494998388598,-0.0010166096275296889,0.00077019461635558352,0.0012754194925000864,-0.0014859129870100317,0.030078299999999999,1.6263032587282567e-19,-0.0026441909766673996,2.2085105232340016e-05,-0.0026440987442257471,5.4068988564122866e-18,0.0026441909766673996,-2.5110490969379798e-05,1,0,0.030078299999999999,0,0,0,0,0,0,0,0.0039984,80,0,0,1,0,0,0,0,0,0,0,0,1,20,nan,1,-0.0010166372553969611,0,0.0023852498283653215,-0.0068202391266822815,0.030078299999999999,-7.1744259912520647e-05,-0.0023852498283653215,-0.036356699999999999,0,0,0
639155411781403034,nan,196.58717596883622,0.0025913533775979978,0.0027138706413128771,211,0,0,0,0,-0.009223697515885124,-0.0030838752280873726,0.0068664950710626829,-0.011807224640695566,-0.0032851211546479912,0.0041526244297498058,-0.0025848480633106283,-0.00018350154546445681,-0.0027138706413128771,0,-0.12941193279749613,0.13587152376177183,-0.0025848480633106283,0.00032695030735682852,0.0026054435349631795,-0.002713870641312878,0.0199738,5.4972438276804092e-19,0.00051045185282128525,-3.5049875886268567e-06,0.00051043981928400404,2.7522273316446591e-17,0.00051045185282128536,-8.6736173798840355e-19,1,0,0.0199738,0,0,0,0,0,0,0,0.0041838999999999999,81,0,0,1,0,0,0,0,0,0,0,0,1,20,nan,1,-0.0025848480633106283,0,0,-0.0068202391266822815,0.0199738,0,0,-0.0498392,0,0,0
639155411781703159,nan,195.67331703949301,0.0013261806832615939,0.00011612564318702438,212,0,0,0,0,-0.011809220930126024,-0.0028043943301175687,0.0041522652019271803,-0.012912800074131739,-0.0035398318037152907,0.0042683908451142047,-0.001106623353101124,-0.0007308487935458423,0.00011612564318702438,0,-0.036872090483707529,0.0038572733149320752,-0.0011066236156422723,-0.00025011742655938976,0.0011345371539821284,0.00011576641536439891,0.030012500000000001,9.9568722949743005e-19,0.00048073096945650781,-1.9962894304576678e-06,0.00048072682453042257,3.3175751086961431e-17,0.00048073096945650781,-3.5922782262547137e-07,1,0,0.030012500000000001,0,0,0,0,0,0,0,0.014142099999999999,82,0,0,1,0,0,0,0,0,0,0,0,1,20,nan,1,-0.0011066234872862146,0,3.4197924448420617e-05,-0.0068468386307358742,0.030012500000000001,-1.0263652075082237e-06,-3.4197924448420617e-05,-0.019826699999999999,0,0,0
639155411781903087,nan,193.66871758281735,0.0040345120320170128,0.00065714978416353033,215,0,0,0,0,-0.012912089260486792,-0.0037063604450525145,0.0042762535565875545,-0.0089100617357572125,-0.0031954171724704345,0.0049334033407510847,0.0040041758498859277,0.00049382496866840712,0.00065714978416353033,0,0.20028069939972928,0.033262599317598333,0.0040041719669589079,0.00032732629397778397,0.0040175285492089286,0.00066501249563688004,0.019992800000000002,-8.3962140896582521e-20,-0.00016653015835475432,7.108136449475444e-07,-0.00016652864133722377,-4.1996189076358746e-18,0.00016653015835475435,7.862711473349826e-06,1,0,0.019992800000000002,0,0,0,0,0,0,0,0.0142887,83,0,0,1,0,0,0,0,0,0,0,0,1,20,nan,1,0.0040041756433808907,0,0.0011236490098363245,-0.005884967278689146,0.019992800000000002,2.246488992385567e-05,0.0011236490098363245,-0.033086400000000002,0,0,0
639155411782203100,nan,193.99998305620235,0.00079140030471752752,0.0010270886830763477,216,0,0,0,0,-0.0089124652386163832,-0.0027082315130103544,0.0049287883522927426,-0.0096589177061376721,-0.0029711443427436605,0.0039016996692163952,-0.00074773923721791033,-0.0002592305449436328,-0.0010270886830763477,0,-0.024923601095816528,0.034388632210427199,-0.00074774043355592043,0.00022796449406369963,0.00078171834219756828,-0.0010317036715346895,0.030001300000000002,1.6178329292557136e-19,0.00048719158819662221,-2.4035028591707502e-06,0.00048718565946008008,5.392542753999705e-18,0.00048719158819662226,-4.6149884583420939e-06,1,0,0.030001300000000002,0,0,0,0,0,0,0,0.0042316999999999997,85,0,0,1,0,0,0,0,0,0,0,0,1,20,nan,1,-0.00074774193647325431,0,0.00043950366515954181,-0.0062336046248674393,0.030001300000000002,-1.3185681309550962e-05,-0.00043950366515954181,-0.0030850999999999999,0,0,0
639155411782403058,nan,199.84028177454854,0.0012275976625179851,0.0014702270613966572,213,0,0,0,0,-0.0096595085139791915,-0.0028197219131368915,0.0039125437117410915,-0.0084955996611459535,-0.0024294499524273924,0.0053827707731377485,0.0011654268964972066,0.00038571514092722694,0.0014702270613966572,0,0.058283375194655498,0.074069109709106559,0.0011654227137172925,0.00053715136102898409,0.0012832543342235271,0.0014810711039213531,0.019995800000000001,-4.3495141841508322e-19,0.00015142358218561108,-5.9080784151933907e-07,0.00015142242960676901,-2.1752138869916844e-17,0.00015142358218561108,1.0844042524696309e-05,1,0,0.019995800000000001,0,0,0,0,0,0,0,0.0041186,86,0,0,1,0,0,0,0,0,0,0,0,1,20,nan,1,0.0011654310348520223,0,0.0015494743217069047,-0.0056665809825062752,0.019995800000000001,3.0982978641986929e-05,0.0015494743217069047,-0.0162945,0,0,0
639155411782703036,nan,192.31022685495429,0.0018944072369275512,0.0027744798260835499,212,0,0,0,0,-0.0084999233338432147,-0.0016262147560844023,0.0053360410042203182,-0.010391250915957155,-0.0015182390344683141,0.0025615611781367683,-0.0018907244958334406,0.00011806633804290219,-0.0027744798260835499,0,-0.063028587981664955,0.094047216629252139,-0.0018907189765563889,0.00092140152407333862,0.002103282914130933,-0.0028212095950009798,0.029997800000000002,-2.9137933385547932e-19,0.00080324683304060088,-4.3236726972612632e-06,0.00080323519634299006,-9.7133567746794535e-18,0.00080324683304060077,-4.6729768917430289e-05,1,0,0.029997800000000002,0,0,0,0,0,0,0,0.014041100000000001,87,0,0,1,0,0,0,0,0,0,0,0,1,20,nan,1,-0.0018907804821723751,0,0.0044507805731877677,-0.0071998634375631809,0.029997800000000002,-0.00013351362547837204,-0.0044507805731877677,-0.0530775,0,0,0
639155411782902998,nan,197.07544201164782,0.0029106849762906379,0.0030432694751781177,207,0,0,0,0,-0.01039281510061562,-0.00090760312593273363,0.0025615611781367688,-0.012964213179558629,-0.0022714209109803668,0.0056048306533148864,-0.0025748831415821124,-0.001357226524350398,0.0030432694751781177,0,-0.12876862311749793,0.15219239031306539,-0.002574883141582112,-0.00074658861243637382,0.0026809359837607905,0.0030432694751781181,0.019996199999999999,3.0048493803846305e-19,0.00061063791191402414,-1.5641846584646402e-06,0.00061063590853558042,1.5027102051312904e-17,0.00061063791191402414,4.3368086899420177e-19,1,0,0.019996199999999999,0,0,0,0,0,0,0,0.014066499999999999,88,0,0,1,0,0,0,0,0,0,0,0,1,20,nan,1,-0.002574883141582112,0,0,-0.0071998634375631809,0.019996199999999999,0,0,-0.033081300000000001,0,0,0
639155411783203030,nan,191.56903116948371,0.0073048006363443411,0.0003912370729926935,215,0,0,0,0,-0.012958000523750443,-0.0033798559623271678,0.0055648204624667921,-0.0057144333995201128,-0.0024360087005807357,0.0051735833894740986,0.0072487072813740951,0.00090352370510732251,-0.0003912370729926935,0,0.2415990102965031,0.014373375634625233,0.0072487434257280424,-0.00020521877961175228,0.007251647812707181,-0.00043124726384078781,0.030003200000000001,1.7702988597614877e-19,-0.0011084524618342351,6.2126558081857658e-06,-0.001108435051346801,5.9003668267434398e-18,0.0011084524618342351,-4.0010190848094318e-05,1,0,0.030003200000000001,0,0,0,0,0,0,0,0.0041745000000000003,90,0,0,1,0,0,0,0,0,0,0,0,1,20,nan,1,0.0072487551436623754,0,0.0038100879571032228,-0.0068776514381170273,0.030003200000000001,-0.00011431483099455942,-0.0038100879571032228,-0.036280199999999999,0,0,0
639155411783402923,nan,193.82493278474908,0.0015868564728813129,0.00089359734843600692,213,0,0,0,0,-0.0057137368206765463,-0.0025706489636726114,0.0051346212785970628,-0.007214852108708248,-0.0020560944402615135,0.0042410239301610558,-0.0014984534691258691,0.00052225536511362803,-0.00089359734843600692,0,-0.074961760532738564,0.046652932284424305,-0.0014984331198170712,0.00038767168262715551,0.001547769733544267,-0.0009325594593130428,0.019989300000000002,5.354307017831246e-19,-0.00013464206500026207,6.9657884356651156e-07,-0.00013464026309187565,2.6785865527213288e-17,0.00013464206500026207,-3.8962110877035876e-05,1,0,0.019989300000000002,0,0,0,0,0,0,0,0.0042050000000000004,91,0,0,1,0,0,0,0,0,0,0,0,1,20,nan,1,-0.001498454695363208,0,0.005568995252036562,-0.0055660158395767212,0.019989300000000002,-0.00011132031679153445,-0.005568995252036562,-0.049872699999999999,0,0,0
639155411783702461,nan,192.10388703821593,0.0010165156531452605,0.00022789173890691832,212,0,0,0,0,-0.0072173069272275167,-0.0014772710612879546,0.0042425229210860853,-0.0081515285860406586,-0.0018779379619595186,0.004014631182179167,-0.00093591308470818201,-0.00039669984996386224,-0.00022789173890691832,0,-0.031245200610862573,0.0075580643518314491,-0.00093591249005765527,0.00018212733156476626,0.0009534686958410449,-0.00022639274798188887,0.029953799999999999,1.7745340244977592e-19,0.00057882858445340341,-2.4548185192686811e-06,0.00057882337897355893,5.9242367395714713e-18,0.00057882858445340341,1.4989909250294822e-06,1,0,0.029953799999999999,0,0,0,0,0,0,0,0.0142293,92,0,0,1,0,0,0,0,0,0,0,0,1,20,nan,1,-0.00093591210004519913,0,0.00014298123157557204,-0.007029377855360508,0.029953799999999999,4.2828312143683694e-06,0.00014298123157557204,-0.0199189,0,0,0
639155411783902415,nan,196.23936757472299,0.0023755501433726763,0.0014820545573626777,209,0,0,0,0,-0.008152016105804195,-0.0017565028606392192,0.004022249552877933,-0.010261765974257262,-0.002848379216386612,0.0055043041102406107,-0.0021141245895325541,-0.0010833816057196802,0.0014820545573626777,0,-0.10573013472441273,0.07450078158283624,-0.0021141163358685223,-0.0009619616319454311,0.0023226833755209219,0.0014896729280614437,0.0199954,-5.5798295400377035e-19,0.00012143607992763609,-4.8751976353643423e-07,0.00012143510132029941,-2.7905565980364e-17,0.00012143607992763609,7.6183706987659888e-06,1,0,0.0199954,0,0,0,0,0,0,0,0.014190100000000001,93,0,0,1,0,0,0,0,0,0,0,0,1,20,nan,1,-0.0021141268051437585,0,0.0010885890467328809,-0.0055204755626618862,0.0199954,2.1766773425042647e-05,0.0010885890467328809,-0.033161599999999999,0,0,0
639155411784202429,nan,192.57226696102805,0.0015122423128199479,0.0013341221307930752,214,0,0,0,0,-0.010253847440698571,-0.004286972257342701,0.0055191409073820806,-0.010606460003550115,-0.0028164141343151577,0.0041850187765890053,-0.00034449101612530779,0.00147248183435042,-0.0013341221307930752,0,-0.011483226216165253,0.043974125662522595,-0.00034451286300166026,3.3861889025509046e-05,0.00034617299187252693,-0.0013192853336516054,0.030001400000000001,9.7578195523695399e-19,-0.0014386148340195188,7.9185335586911404e-06,-0.0014385930409560889,3.2524547362354887e-17,0.0014386148340195188,1.4836797141469862e-05,1,0,0.030001400000000001,0,0,0,0,0,0,0,0.0040229999999999997,95,0,0,1,0,0,0,0,0,0,0,0,1,20,nan,1,-0.00034451214520716291,0,0.0014129623609441101,0.0028466279618442059,0.030001400000000001,4.2390848975628627e-05,0.0014129623609441101,-0.036477999999999997,0,0,0
639155411784392599,nan,191.05634801414561,0.0027658055651830779,0.0005771031629102719,213,0,0,0,0,-0.01060654862495722,-0.0027952383894853552,0.0041302456722503147,-0.0078833943912276164,-0.0023113877475324685,0.0047073488351605866,0.0027251294230529544,0.00047259925096084941,0.0005771031629102719,0,0.14330100986975883,0.027466480442319047,0.0027251553046932038,0.00049362591672497743,0.0027695013956234222,0.00052233005857158128,0.019016999999999999,-4.6179177493120387e-19,2.1175930271199479e-05,-8.8621407105110572e-08,2.1175744829802449e-05,-2.4283103272398585e-17,2.1175930271199479e-05,-5.4773104338690613e-05,1,0,0.019016999999999999,0,0,0,0,0,0,0,0.0032983000000000001,96,0,0,1,0,0,0,0,0,0,0,0,1,20,nan,1,0.0027251166714594706,0,0.0082291940802879365,-0.0052165035158395767,0.019016999999999999,-0.00015649458382483567,-0.0082291940802879365,-0.050906,0,0,0
639155411784702647,nan,195.26484326927721,0.0037179709875198807,0.00040462896241105686,210,0,0,0,0,-0.007887171899726618,-0.0015089231907012106,0.0046335671520508874,-0.011387025361737853,-0.0027636478650770379,0.0042289381896398305,-0.0035056297214808049,-0.0012384944569556913,-0.00040462896241105686,0,-0.11307026944680867,0.015430212274252892,-0.0035057210901444135,-0.00043576235445090436,0.0035326999860503202,-0.00047841064552075607,0.031004799999999999,1.4463087574367178e-18,0.00080247344787279229,-3.7775084990015334e-06,0.00080246455683125788,4.6647898307253e-17,0.00080247344787279229,-7.3781683109699209e-05,1,0,0.031004799999999999,0,0,0,0,0,0,0,0.014104,97,0,0,1,0,0,0,0,0,0,0,0,1,20,nan,1,-0.0035056751402708776,0,0.0067991023610814794,-0.0070268269628286362,0.031004799999999999,-0.00021080480888485903,-0.0067991023610814794,-0.053052799999999997,0,0,0
639155411784902405,nan,190.33168278443028,0.0014429028064325701,0.0017284709567557907,214,0,0,0,0,-0.011385833507169608,-0.0030454792397108187,0.0042289381896398314,-0.0115818679259785,-0.0016159551876385051,0.0025004672328840408,-0.00018998731504206125,0.0014303402843149232,-0.0017284709567557907,0,-0.0095108739095336216,0.086528247016679674,-0.00018998731504206169,0.0011485063895377364,0.0011641143013836307,-0.0017284709567557898,0.019975799999999998,-4.5633900033325431e-19,-0.00028183389477718669,1.1918545682453735e-06,-0.00028183137463378078,-2.2844591972949987e-17,0.00028183389477718669,8.6736173798840355e-19,1,0,0.019975799999999998,0,0,0,0,0,0,0,0.014062399999999999,98,0,0,1,0,0,0,0,0,0,0,0,1,20,nan,1,-0.00018998731504206169,0,0,-0.0070268269628286362,0.019975799999999998,0,0,-0.033077000000000002,0,0,0
639155411785202422,nan,192.46763607528629,0.0042189986295117707,0.0029776741968695311,210,0,0,0,0,-0.0115861798487232,0.0001084880289971492,0.0025004672328840408,-0.010251603583125086,-0.0038938682303986082,0.0054781414297535719,0.0013245643432381138,-0.0040056808081079531,0.0029776741968695311,0,0.044149642961502672,0.099250182385315869,0.0013245643432381147,-0.0022812322005587239,0.0026378951935669879,0.0029776741968695311,0.030001699999999999,8.4787998020155464e-19,0.0017244486075492301,-4.3119227446999919e-06,0.0017244432166356543,2.8261064546394196e-17,0.0017244486075492298,0,1,0,0.030001699999999999,0,0,0,0,0,0,0,0.044064100000000002,98,0,0,1,0,0,0,0,0,0,0,0,1,20,nan,1,0.0013245643432381147,0,0,-0.0070268269628286362,0.030001699999999999,0,0,-0.0030753,0,0,0
639155411785702535,nan,195.56191098213421,0.0043730770822009522,0.0008905003262644649,213,0,0,0,0,-0.010230736048630097,-0.0077030662982136705,0.0054781414297535727,-0.0095762783070301033,-0.0033792383377912131,0.0045876411034891078,0.00067813434408814919,0.0043201778873374333,-0.0008905003262644649,0,0.013559622407098975,0.017805982373272921,0.00067813434408814897,0.00051092266172680163,0.00084906310419065073,-0.00089050032626446403,0.050011300000000002,-1.6940658945086007e-19,-0.0038092552256106318,2.0867534494989001e-05,-0.0038091980678150623,-3.3873662442460016e-18,0.0038092552256106314,8.6736173798840355e-19,1,0,0.050011300000000002,0,0,0,0,0,0,0,0.094075400000000003,98,0,0,1,0,0,0,0,0,0,0,0,1,20,nan,1,0.00067813434408814897,0,0,-0.0070268269628286362,0.050011300000000002,0,0,0.046935999999999999,0,0,0
639155411785902510,nan,195.34960712670014,0.0050161898269118869,0.001389900575927752,213,0,0,0,0,-0.0095772166540378355,-0.003174701757095947,0.0045876411034891078,-0.014593384604580184,-0.003159887184335076,0.0031977405275613558,-0.0050160472006641754,3.7826714414571548e-05,-0.001389900575927752,0,-0.25083371424748968,0.069503716760982714,-0.0050160472006641754,0.00024236544751326372,0.0050218990959037813,-0.001389900575927752,0.019997500000000001,-2.2192263218062669e-19,0.0002045387330986922,-9.3834700773225144e-07,0.00020453658069526613,-1.1097518798881194e-17,0.00020453873309869217,0,1,0,0.019997500000000001,0,0,0,0,0,0,0,0.0141986,99,0,0,1,0,0,0,0,0,0,0,0,1,20,nan,1,-0.0050160472006641754,0,0,-0.0070268269628286362,0.019997500000000001,0,0,0.033664399999999997,0,0,0
639155411786202487,nan,196.12819955777823,0.0019172397929438649,0.00066051110705195228,208,0,0,0,0,-0.014594513747800039,-0.0028067818083925469,0.0031977405275613558,-0.016504567526714479,-0.0026409415680945362,0.0025372294205094036,-0.001909513700099112,0.0001719472383646584,-0.00066051110705195228,0,-0.063655336912467025,0.02201872500398205,-0.001909513700099112,0.00052505441966224371,0.0019803849914784392,-0.00066051110705195228,0.029997699999999999,1.1138483256394049e-19,0.00035310718129758531,-1.1291432198551332e-06,0.0003531053759425291,3.7131124240838629e-18,0.00035310718129758531,0,1,0,0.029997699999999999,0,0,0,0,0,0,0,0.0042163000000000001,101,0,0,1,0,0,0,0,0,0,0,0,1,20,nan,1,-0.001909513700099112,0,0,-0.0070268269628286362,0.029997699999999999,0,0,-0.0032501000000000001,0,0,0
639155411786403004,nan,197.68959312753867,0.0023515529261620405,0.00073084249850252766,209,0,0,0,0,-0.016505455872907079,-0.0022908178153255862,0.0029190059537847197,-0.0144058132956468,-0.0033497333985035237,0.0036498484522872474,0.0020965426556614568,-0.0010650399323655711,0.00073084249850252766,0,0.10457712364117408,0.055487516359103914,0.0020969491101157302,-0.00071411456424291754,0.002215209963249309,0.0011126190317778438,0.020051699999999999,-1.8234501772016951e-18,0.00035012487973860228,-8.883461925998648e-07,0.00035012375276894997,-9.093743558908697e-17,0.00035012487973860228,0.00038177653327531617,1,0,0.020051699999999999,0,0,0,0,0,0,0,0.0042405999999999998,102,0,0,1,0,0,0,0,0,0,0,0,1,20,nan,1,0.0020965593237135421,0,0.054398883639408771,-0.005106290802359581,0.020051699999999999,0.0010907900950723327,0.054398883639408771,-0.016080199999999999,0,0,0
639155411786702973,nan,198.91652595678357,0.0056554711151815436,0.0021953303902109288,210,0,0,0,0,-0.014401901436119332,-0.0044215154760658673,0.0036409418605163105,-0.0090777785973689615,-0.0025141430602672434,0.0058362722507272393,0.0053310321660136849,0.0018879749944266271,0.0021953303902109288,0,0.17771999710719388,0.07288832507492414,0.0053310489812247843,0.00081613829660703375,0.0053931590890132696,0.0021864237984399919,0.0299969,-3.7438856268640075e-19,-0.0010717892164174895,3.9118595274688361e-06,-0.0010717820775623436,-1.2480908450086534e-17,0.0010717892164174895,-8.9065917709368718e-06,1,0,0.0299969,0,0,0,0,0,0,0,0.0141075,103,0,0,1,0,0,0,0,0,0,0,0,1,20,nan,1,0.0053310385964923475,0,0.00084833449655870752,-0.0071291187778115273,0.0299969,-2.5447405059821895e-05,-0.00084833449655870752,0.013916700000000001,0,0,0
639155411786902657,nan,193.35793738205004,0.0036720887617729945,0.0026842676377301341,211,0,0,0,0,-0.0090809040681955177,-0.0019786239471185595,0.0058441586989302343,-0.01274239352578261,-0.0022574264333307644,0.0031598910612001003,-0.0036630562868602539,-0.00025739952143136267,-0.0026842676377301341,0,-0.18344255207118976,0.13403082818488907,-0.0036630542567783458,0.00027809982379687178,0.0036735957861607216,-0.002676381189527139,0.019968400000000001,7.2633075227056254e-19,0.00053552823372390044,-3.1254708265562176e-06,0.00053551911314868392,3.6374008547032436e-17,0.00053552823372390054,7.8864482029950347e-06,1,0,0.019968400000000001,0,0,0,0,0,0,0,0.014201999999999999,104,0,0,1,0,0,0,0,0,0,0,0,1,20,nan,1,-0.0036630511233746461,0,0.0011284183585772163,-0.0052230893634259701,0.019968400000000001,2.2532709151413285e-05,0.0011284183585772163,-0.033374099999999997,0,0,0
639155411787202602,nan,194.88571958100889,0.0016925392340068112,0.00023302006297035551,216,0,0,0,0,-0.012743666977559798,-0.0018544228126089459,0.003109488920897051,-0.011106581797414786,-0.0022841217439573238,0.0033425089838674065,0.0016357411238142928,-0.0004347873440144246,0.00023302006297035551,0,0.054533971478900732,0.0060883802919637336,0.0016357192075238879,-3.1864155607813661e-05,0.0016360295383259968,0.00018261792266730621,0.0299945,-7.1764866456120596e-19,0.00040300563270793634,-1.2734517771881282e-06,0.00040300362072181843,-2.3926008586947805e-17,0.00040300563270793634,-5.0402140303049299e-05,1,0,0.0299945,0,0,0,0,0,0,0,0.0041260999999999997,106,0,0,1,0,0,0,0,0,0,0,0,1,20,nan,1,0.0016357214976003725,0,0.0048010840371257805,-0.0074757039546966553,0.0299945,-0.00014400611515156923,-0.0048010840371257805,-0.036277299999999998,0,0,0
639155411787402377,nan,194.41029560375659,0.0023238592161729642,0.0003515163637635094,212,0,0,0,0,-0.011106510195268897,-0.0023055433406021387,0.0033425089838674074,-0.013195117727059519,-0.0033243859362662117,0.0036940253476309168,-0.002092001348645203,-0.001011855727788638,0.0003515163637635094,0,-0.10471787504168205,0.017595613253085236,-0.002092001348645203,-0.0010332774440989726,0.0023332663626806638,0.00035151636376351027,0.019977499999999999,8.8409063869667598e-20,-2.142171631033428e-05,7.1602145889498869e-08,-2.1421596644814918e-05,4.4254318042631762e-18,2.142171631033428e-05,8.6736173798840355e-19,1,0,0.019977499999999999,0,0,0,0,0,0,0,0.0090136000000000001,107,0,0,1,0,0,0,0,0,0,0,0,1,20,nan,1,-0.002092001348645203,0,0,-0.0074757039546966553,0.019977499999999999,0,0,-0.0162998,0,0,0
639155411787702641,nan,196.61565526021425,0.0073930742994883945,0.0045168321230217561,213,0,0,0,0,-0.013189384901339463,-0.0048762972265700335,0.0036490187076374009,-0.005798589165905677,-0.0046927597784849869,0.0081658508306591566,0.0073914162601138051,0.00015656713410246287,0.0045168321230217561,0,0.24616415218569074,0.14892979121800282,0.0073914232991884252,-0.0013956874077842812,0.0075220397318834405,0.0044718254830282403,0.030026400000000002,0,-0.0015519218789176244,5.7328257200561783e-06,-0.0015519112903038218,0,0.0015519218789176244,-4.5006639993515861e-05,1,0,0.030026400000000002,0,0,0,0,0,0,0,0.014113499999999999,108,0,0,1,0,0,0,0,0,0,0,0,1,20,nan,1,0.007391513019911769,0,0.0042825779974114877,-0.0076033724471926689,0.030026400000000002,-0.00012859039998147631,-0.0042825779974114877,-0.053249900000000003,0,0,0
639155411787902647,nan,199.3651747369955,0.0071400309804398373,0.003656155697039986,212,0,0,0,0,-0.0057908180126543043,-0.0056444034812691201,0.0081309557410575474,-0.012728804481092142,-0.0039578726735415726,0.0044748000440175614,-0.0069240441698370393,0.0017428868970149416,-0.003656155697039986,0,-0.34618878170789996,0.18454700292199208,-0.0069239833474270237,0.00079145307909591473,0.0069690704811945434,-0.0036910507866415952,0.0200006,-1.4907779871675686e-19,-0.00095167543199956158,7.7711532513726964e-06,-0.00095164370278413325,-7.4536663258480675e-18,0.00095167543199956147,-3.4895089601609183e-05,1,0,0.0200006,0,0,0,0,0,0,0,0.0142293,109,0,0,1,0,0,0,0,0,0,0,0,1,20,nan,1,-0.0069240227928611363,0,0.004984863254332548,-0.0049850377254188061,0.0200006,-9.9700256004603568e-05,-0.004984863254332548,-0.033249300000000002,0,0,0
639155411788202725,nan,198.12781275560127,0.0068994588745086927,0.0029651066400351988,208,0,0,0,0,-0.012733946459713708,-0.0028087834963207783,0.0044790930023872735,-0.0058457787268856786,-0.0024142229237041897,0.0074441996424224723,0.0068898659043794899,0.00036370397400324009,0.0029651066400351988,0,0.22960244812848599,0.098954258506285392,0.0068898643429499817,0.0015128342338104615,0.0070539987300284133,0.0029693995984049109,0.030007800000000001,-1.130788984584491e-18,0.0011491006819030728,-5.1419786215659014e-06,0.0011490891772207943,-3.7683168528998823e-17,0.0011491006819030728,4.292958369712073e-06,1,0,0.030007800000000001,0,0,0,0,0,0,0,0.0038752999999999999,111,0,0,1,0,0,0,0,0,0,0,0,1,20,nan,1,0.0068898736207266787,0,0.00040874690387274757,-0.0074845040217041969,0.030007800000000001,1.2265595342032636e-05,0.00040874690387274757,-0.0032415,0,0,0
639155411788403025,nan,196.22527597970023,0.0030267563748669971,0.0018447577725464372,213,0,0,0,0,-0.0058531941675482998,-0.001418104598025589,0.0074536550210554655,-0.0088449986915566034,-0.0018767546202881546,0.0056088972485090283,-0.0029951400039779767,-0.00043633760939072361,-0.0018447577725464372,0,-0.14953249516259509,0.091627678178404587,-0.0029951358781067795,0.00055977999726241321,0.0030469973045044812,-0.0018353023939134438,0.020029999999999999,-3.5151867311053464e-19,0.00099614592681642757,-7.4154406626211755e-06,0.00099611832567860067,-1.7549609241664236e-17,0.00099614592681642757,9.4553786329932415e-06,1,0,0.020029999999999999,0,0,0,0,0,0,0,0.0038896999999999998,112,0,0,1,0,0,0,0,0,0,0,0,1,20,nan,1,-0.0029951283165023579,0,0.0013487452582544063,-0.0048833815380930901,0.020029999999999999,2.7015367522835758e-05,0.0013487452582544063,-0.016223700000000001,0,0,0
639155411788703248,nan,196.46257573830511,0.0016599094503438958,0.00022173008538853287,217,0,0,0,0,-0.0088496585106239024,-0.0010459727401444451,0.0056000846148567592,-0.0091785869403097457,-0.0026729655094846717,0.0053783545294682263,-0.00033803452149867126,-0.001625125239978796,-0.00022173008538853287,0,-0.0112599248931269,0.0076790492081153672,-0.00033804884311892372,-0.00079432731254014811,0.00086326872975991476,-0.00023054271904080197,0.030022299999999998,5.8445273360546723e-20,0.00083079494840114238,-4.6598190672989676e-06,0.00083078188014370949,1.9467287103435355e-18,0.00083079494840114238,-8.8126336522690793e-06,1,0,0.030022299999999998,0,0,0,0,0,0,0,0.014153600000000001,113,0,0,1,0,0,0,0,0,0,0,0,1,20,nan,1,-0.00033803884292698383,0,0.00083867502796913026,-0.0073043988086283207,0.030022299999999998,-2.5178953292197617e-05,-0.00083867502796913026,-0.053794500000000002,0,0,0
639155411788903771,nan,194.49837689695173,0.0024353061170328122,0.0018031343333127703,214,0,0,0,0,-0.0091757332314838132,-0.0032035518243361365,0.0053783545294682255,-0.011195518408250778,-0.0018429696976823018,0.0035752201961554552,-0.0020124383062158245,0.0013714255165092331,-0.0018031343333127703,0,-0.10035947528292638,0.089921571755497934,-0.0020124383062158245,0.00084083152751037457,0.0021810331482992745,-0.0018031343333127711,0.020052299999999999,3.2737823411378708e-19,-0.00053059398899885861,2.8537088259325549e-06,-0.00053058631485146477,1.6326218643935465e-17,0.00053059398899885861,-8.6736173798840355e-19,1,0,0.020052299999999999,0,0,0,0,0,0,0,0.014391899999999999,114,0,0,1,0,0,0,0,0,0,0,0,1,20,nan,1,-0.0020124383062158245,0,0,-0.0073043988086283207,0.020052299999999999,0,0,-0.0337422,0,0,0
639155411789202680,nan,194.76186623330912,0.003217493891364605,0.0029892973058115641,207,0,0,0,0,-0.011199980172795894,-0.00059500585492119808,0.0035285208026002838,-0.0084946535703199575,-0.0023366932306877436,0.006517818108411848,0.0026991641938298862,-0.0017512223147605249,0.0029892973058115641,0,0.090297796649368961,0.098444607297083486,0.0026990824098666226,-0.00050337654351691923,0.0027456208405048309,0.0029425979122563927,0.029890900000000001,1.1519648082658485e-19,0.0012479718186649558,-4.4617645451154597e-06,0.0012479638427611037,3.8538980367464623e-18,0.0012479718186649556,-4.6699393555171397e-05,1,0,0.029890900000000001,0,0,0,0,0,0,0,0.0042380999999999999,116,0,0,1,0,0,0,0,0,0,0,0,1,20,nan,1,0.0026991159858306673,0,0.0044637946240850858,-0.0071233808994293213,0.029890900000000001,-0.0001334268387290649,-0.0044637946240850858,-0.036774500000000002,0,0,0
639155411789402380,nan,194.94056405267571,0.0019187945255514836,0.0014894194769482999,217,0,0,0,0,-0.0084924270422015655,-0.0026782947531883185,0.0065178181084118488,-0.0066823433998440072,-0.0020416083005635297,0.0050283986314635489,0.0018141949716580356,0.00062487521642088056,-0.0014894194769482999,0,0.090846017609315738,0.074582848119594342,0.0018141949716580354,0.00028326643784197346,0.0018361762633246788,-0.0014894194769482991,0.019970000000000002,-1.0926725019580474e-19,-0.0003416087785789071,2.2265281183920377e-06,-0.0003416015225005749,-5.471569864587117e-18,0.0003416087785789071,8.6736173798840355e-19,1,0,0.019970000000000002,0,0,0,0,0,0,0,0.0042594,117,0,0,1,0,0,0,0,0,0,0,0,1,20,nan,1,0.0018141949716580354,0,0,-0.0071233808994293213,0.019970000000000002,0,0,-0.050023999999999999,0,0,0
639155411789702606,nan,187.46209200865823,0.0020045659779256274,0.00088998423189397529,216,0,0,0,0,-0.0066845052016564765,-0.0016116933811944458,0.0050161834518346691,-0.0085140921293427752,-0.002430776059497642,0.0041261992199406938,-0.0018336725613593767,-0.00080989486822344422,-0.00088998423189397529,0,-0.061076737332338676,0.030050675541853641,-0.0018336824542338711,-0.00037995211494213087,0.0018726331601822473,-0.00090219941152285509,0.0300226,-4.3241031957332032e-19,0.00042992035458117392,-2.1618018124693744e-06,0.00042991491936908389,-1.4402827189294742e-17,0.00042992035458117392,-1.2215179628879795e-05,1,0,0.0300226,0,0,0,0,0,0,0,0.014302,118,0,0,1,0,0,0,0,0,0,0,0,1,20,nan,1,-0.0018336758236927762,0,0.0011624747098977499,-0.0078359544277191162,0.0300226,-3.4900513225376187e-05,-0.0011624747098977499,-0.020001399999999999,0,0,0
639155411789902520,nan,190.58084758073124,0.00088079381804693677,0.0010018273224726266,217,0,0,0,0,-0.0085130436511226953,-0.0026848772828971003,0.0041382007127222587,-0.0081721986176098993,-0.0018727058643902919,0.0031363733902496321,0.00034420303383205365,0.00081075398328377677,-0.0010018273224726266,0,0.017217068516921664,0.049512581894767836,0.00034419330354918776,0.00055665472765807958,0.00065447193677971706,-0.00098982582969106168,0.019991399999999999,6.6555613830506649e-19,-0.00025410338651753422,1.0484782200798765e-06,-0.00025410122339945829,3.3292122527940339e-17,0.00025410338651753422,1.2001492781564885e-05,1,0,0.019991399999999999,0,0,0,0,0,0,0,0.0143175,119,0,0,1,0,0,0,0,0,0,0,0,1,20,nan,1,0.0003442028473381648,0,0.0017152365204987547,-0.0044431216083467007,0.019991399999999999,3.4289979375898803e-05,0.0017152365204987547,-0.033494500000000003,0,0,0
639155411790202570,nan,197.48183661365405,0.0025950376566897522,0.00020641726064384632,210,0,0,0,0,-0.0081748205946325717,-0.0010367185315372988,0.0031525922863899765,-0.010172608898553301,-0.0026929378202655081,0.0033590095470338228,-0.0020029997515868094,-0.0016499128567233541,0.00020641726064384632,0,-0.06675464061183467,0.0074199685647122378,-0.0020029729915580995,-0.00081395389834544032,0.0021620411081991345,0.00022263615678419071,0.030005,2.7401515843676616e-19,0.00083599144460584543,-2.6219770226723615e-06,0.00083598733285299306,9.1323165617985721e-18,0.00083599144460584553,1.6218896140344358e-05,1,0,0.030005,0,0,0,0,0,0,0,0.0040023999999999997,121,0,0,1,0,0,0,0,0,0,0,0,1,20,nan,1,-0.0020029918502115153,0,0.0015443993753750016,0.0044386931695044041,0.030005,4.6339703258126922e-05,0.0015443993753750016,-0.037128800000000003,0,0,0
639155411790402512,nan,196.18979090968855,0.0010716657860105768,0.0013853253297397893,215,0,0,0,0,-0.01017078801312434,-0.0032350257646856428,0.0033196921886068653,-0.0096633562757851149,-0.0022911080835044061,0.0047050175183466544,0.00051056245170003761,0.00094222796595076405,0.0013853253297397893,0,0.025537380701406265,0.067319921342831004,0.00051059949722005716,0.00040011688864680258,0.00064869512958073982,0.0013460079713128316,0.0199942,-4.6967976925250954e-19,-0.00054209100260878002,1.820885428960653e-06,-0.00054208794442013467,-2.3490800794855984e-17,0.00054209100260878002,-3.931735842695747e-05,1,0,0.0199942,0,0,0,0,0,0,0,0.0041468,122,0,0,1,0,0,0,0,0,0,0,0,1,20,nan,1,0.00051057702278732846,0,0.0056183948240644179,-0.0037445228081196547,0.0199942,-0.00011233530979130879,-0.0056183948240644179,-0.049985700000000001,0,0,0
639155411790702608,nan,197.13331926479074,0.0044498783603723465,0.0020322784012079863,212,0,0,0,0,-0.0096661769679222322,-0.0016916052523202121,0.0047381866621798753,-0.0053981381080322318,-0.002950677018574602,0.0067704650633878616,0.0042620252556349256,-0.0012792803220717987,0.0020322784012079863,0,0.14202347535200069,0.06882622710869879,0.0042620676859234001,-0.00067962948673997792,0.0043159144104857891,0.0020654475450412072,0.030009600000000001,-7.6868239963327756e-19,0.00059950946689939482,-2.8206921371173171e-06,0.00059950283118419398,-2.5614549998443083e-17,0.00059950946689939482,3.3169143833220935e-05,1,0,0.030009600000000001,0,0,0,0,0,0,0,0.014115000000000001,123,0,0,1,0,0,0,0,0,0,0,0,1,20,nan,1,0.0042620354772411962,0,0.0031579555335835407,0.0047384491190314293,0.030009600000000001,9.4768982380628625e-05,0.0031579555335835407,-0.0533883,0,0,0
639155411790902612,nan,194.68483494266113,0.0020305890593170224,4.5264471207538855e-05,211,0,0,0,0,-0.0053950317311558266,-0.003409482932580526,0.0067704650633878616,-0.0073875519564687801,-0.0038008332609779957,0.0067252005921803228,-0.001995124161206896,-0.00037785117332948744,-4.5264471207538855e-05,0,-0.099754212976085263,0.0022631782968110061,-0.001995124161206896,-0.00083666760318363892,0.0021634539738225483,-4.5264471207538855e-05,0.020000400000000002,-7.2844833463869829e-20,-0.00045881642985415153,3.1063768764051994e-06,-0.00045880591400592396,-3.6421688298168948e-18,0.00045881642985415153,0,1,0,0.020000400000000002,0,0,0,0,0,0,0,0.0141032,124,0,0,1,0,0,0,0,0,0,0,0,1,20,nan,1,-0.001995124161206896,0,0,0.0047384491190314293,0.020000400000000002,0,0,-0.033387899999999998,0,0,0
639155411791202640,nan,192.98284156079703,0.0045235660115976869,0.0027644736827639052,210,0,0,0,0,-0.0073791103539111412,-0.005056033782515049,0.0066779466223246273,-0.011297270446585119,-0.0027953544710117894,0.0039134729395607221,-0.0039029761443140736,0.0022867939737101499,-0.0027644736827639052,0,-0.13008346153902511,0.093715508306544751,-0.0039028680798630627,0.0010317494948947179,0.004036940211227991,-0.0028117276526196007,0.0300028,2.7105054312137611e-20,-0.0012552289073793003,8.4416025576388581e-06,-0.0012552005215370533,9.0341749143871935e-19,0.0012552289073793001,-4.7253969855695459e-05,1,0,0.0300028,0,0,0,0,0,0,0,0.0039293000000000002,126,0,0,1,0,0,0,0,0,0,0,0,1,20,nan,1,-0.0039029377199124807,0,0.0044999580854068345,-0.0071047283709049225,0.0300028,-0.00013501134244484417,-0.0044999580854068345,-0.036784999999999998,0,0,0
639155411791402537,nan,193.8052997619111,0.001585646542120176,0.00040233439426805555,218,0,0,0,0,-0.011299931994609231,-0.0021152592007082477,0.0038852473164895296,-0.0097803052100172514,-0.0025680388293227783,0.0042875817107575851,0.0015178561587005377,-0.00045868032226434053,0.00040233439426805555,0,0.075931265179468771,0.018715076824407723,0.0015178432115580268,0.00022137731374083873,0.0015339021904645336,0.00037410877119686305,0.019989699999999999,1.1282478857427281e-18,0.00068010047825827326,-2.6615480241114903e-06,0.00068009527030354162,5.6441461639880938e-17,0.00068010047825827326,-2.8225623071192509e-05,1,0,0.019989699999999999,0,0,0,0,0,0,0,0.0040210000000000003,127,0,0,1,0,0,0,0,0,0,0,0,1,20,nan,1,0.0015178342838775151,0,0.004034309536724799,-0.004032231867313385,0.019989699999999999,-8.0644637346267718e-05,-0.004034309536724799,-0.049715299999999997,0,0,0
639155411791702571,nan,199.34234460725091,0.0024002100513805659,0.0037014397383960283,218,0,0,0,0,-0.0097817262063264899,-0.0022366194657916288,0.0042930553368366242,-0.0089698030503337529,-0.0044953334980478354,0.0079944950752326525,0.00080221891945598373,-0.0022621788382033753,0.0037014397383960283,0,0.026738013084018828,0.12354977650783136,0.00080223130176505049,-0.0019307520372683789,0.0020907841808631617,0.0037069133644750674,0.0300034,5.3363075677020921e-20,0.00033142240985470963,-1.4209963092384759e-06,0.00033141936353114953,1.778567618237297e-18,0.00033142240985470958,5.4736260790390692e-06,1,0,0.0300034,0,0,0,0,0,0,0,0.013850899999999999,128,0,0,1,0,0,0,0,0,0,0,0,1,20,nan,1,0.00080221620429094865,0,0.00052123864809966902,-0.0077720428816974163,0.0300034,1.5638931654393608e-05,0.00052123864809966902,-0.019711900000000001,0,0,0
639155411791902579,nan,197.54734201786326,0.0019660128070256274,0.0009518226208632373,212,0,0,0,0,-0.008959497878733182,-0.0057843394904777776,0.0080075178837704722,-0.0086681723178155673,-0.0038400309308749495,0.0070556952629072349,0.00030688514020072984,0.0019419134553611715,-0.0009518226208632373,0,0.015342378855224858,0.046938113091747211,0.00030685985100758134,0.00065287026673178862,0.00072138932161685892,-0.00093879981232541758,0.020000799999999999,-2.405573570202213e-19,-0.0012890471849711389,1.0305171600570942e-05,-0.0012890059924299422,-1.2027386755540843e-17,0.0012890471849711389,1.3022808537819716e-05,1,0,0.020000799999999999,0,0,0,0,0,0,0,0.013972099999999999,129,0,0,1,0,0,0,0,0,0,0,0,1,20,nan,1,0.00030687199696088229,0,0.0018603268066160912,-0.0037811121437698603,0.020000799999999999,3.7208024393767117e-05,0.0018603268066160912,-0.0330026,0,0,0
639155411792202617,nan,196.17154947171542,0.0015142784420909025,0.0030118742665523517,211,0,0,0,0,-0.008675085585867652,-0.002860233324344031,0.0070714284531373291,-0.010082226840928353,-0.0023007758295444289,0.0040595541865849774,-0.0014031499424117262,0.00056939392277334706,-0.0030118742665523517,0,-0.046766039655675801,0.099858720439486251,-0.0014031589006209657,0.0015491938422663321,0.0020901809637703041,-0.0029961410763222575,0.030003800000000001,-2.3039296165316969e-19,0.00097982199558842146,-6.9132680520847534e-06,0.00097979760653091851,-7.6787927413584182e-18,0.00097982199558842146,1.5733190230094243e-05,1,0,0.030003800000000001,0,0,0,0,0,0,0,0.0040089000000000001,131,0,0,1,0,0,0,0,0,0,0,0,1,20,nan,1,-0.0014031240806073751,0,0.0014982092963552137,0.0050553018227219582,0.030003800000000001,4.4951972085982561e-05,0.0014982092963552137,-0.036718300000000002,0,0,0
639155411792402446,nan,195.58962503804707,0.0021911290869677546,0.0011683194355144848,215,0,0,0,0,-0.010086404019689783,-0.0012718067302769226,0.0040164132133876825,-0.008358476381723599,-0.0026191421575958774,0.0051847326489021673,0.0017225022596237462,-0.001354264612750121,0.0011683194355144848,0,0.08619588917161633,0.056307065656996218,0.0017224438337274921,-0.00032536134389275713,0.001752904094480232,0.0011251784623171899,0.019982900000000001,6.2934547980994515e-19,0.0010289775780209151,-4.1771787614303113e-06,0.0010289690992675063,3.1494201532807808e-17,0.0010289775780209151,-4.3140973197294992e-05,1,0,0.019982900000000001,0,0,0,0,0,0,0,0.0040464000000000003,132,0,0,1,0,0,0,0,0,0,0,0,1,20,nan,1,0.0017224638824635077,0,0.0061682700419281693,-0.0041086641140282154,0.019982900000000001,-0.00012325992342084643,-0.0061682700419281693,-0.0497849,0,0,0
639155411792702597,nan,193.08989886444616,0.0033004895760355164,0.0011729309445376018,215,0,0,0,0,-0.0083559274944035103,-0.0031107517840483078,0.0052153048006673948,-0.0051656362626760367,-0.0022650134685618319,0.0063882357452049966,0.003194658607917289,0.00082908854797245253,0.0011729309445376018,0,0.10643420343105386,0.040096587927504132,0.0031946332594034246,0.00033756998105589442,0.0032124188945709779,0.0012035030963028293,0.030015099999999999,6.8101448959245747e-19,-0.00049161623411688577,2.5488873200887191e-06,-0.00049160962645243035,2.2689062824793437e-17,0.00049161623411688577,3.0572151765227533e-05,1,0,0.030015099999999999,0,0,0,0,0,0,0,0.0140381,133,0,0,1,0,0,0,0,0,0,0,0,1,20,nan,1,0.0031946479995575879,0,0.0029101687165295686,0.0043674502521753311,0.030015099999999999,8.7349005043506648e-05,0.0029101687165295686,-0.053149700000000001,0,0,0
639155411792902497,nan,194.4845881319047,0.0049070616793229502,0.0028816599647621859,214,0,0,0,0,-0.0051670561036478877,-0.0020427577920231897,0.0063882357452049975,-0.010068753149510574,-0.0022721491503189845,0.0035065757804428116,-0.0049030624242705698,-0.00019807369433060446,-0.0028816599647621859,0,-0.245275759093075,0.14415507577599723,-0.0049030624242705698,2.4186517362885282e-05,0.0049031220792385075,-0.002881659964762185,0.019990000000000001,1.9015889665859043e-19,0.00022226021169348973,-1.4198409718510843e-06,0.00022225567653864214,9.5127011835212817e-18,0.00022226021169348973,8.6736173798840355e-19,1,0,0.019990000000000001,0,0,0,0,0,0,0,0.013901,134,0,0,1,0,0,0,0,0,0,0,0,1,20,nan,1,-0.0049030624242705698,0,0,0.0043674502521753311,0.019990000000000001,0,0,-0.0331597,0,0,0
639155411793202644,nan,193.67216189032675,0.0017423625491517951,0.0016065211382879701,215,0,0,0,0,-0.010068806102762319,-0.0022570480836315186,0.0034969435489683809,-0.0099953449881420471,-0.003997861318107144,0.0051034646872563511,6.7373152253649989e-05,-0.0017410594794670712,0.0016065211382879701,0,0.0022441131166597325,0.053203560482481572,6.7356381962606872e-05,-0.0017259589688102448,0.0017272727764333046,0.0015968889068135395,0.030014699999999998,-9.5943686633290616e-19,1.5101159529856049e-05,-5.2953251745285757e-08,1.5101066687465883e-05,-3.1965565750545773e-17,1.5101159529856051e-05,-9.6322314744306387e-06,1,0,0.030014699999999998,0,0,0,0,0,0,0,0.0039557999999999998,136,0,0,1,0,0,0,0,0,0,0,0,1,20,nan,1,6.7380131722376342e-05,0,0.00091690609453087227,-0.0074106850661337376,0.030014699999999998,-2.752066135551577e-05,-0.00091690609453087227,-0.0031449999999999998,0,0,0
639155411793402489,nan,195.48117927752676,0.0020598894230632043,0.00082994922562351896,217,0,0,0,0,-0.0099894798332432443,-0.0051471009696230641,0.0051138283012101644,-0.0086516339242625404,-0.0035807955207813463,0.0042838790755866454,0.0013458381980757364,0.0015594434840185507,-0.00082994922562351896,0,0.067343292878641534,0.041011064158207891,0.0013458220365332116,0.00041020281382847458,0.0014069482231024706,-0.00081958561166970562,0.019984499999999999,5.4718328392627802e-19,-0.0011492546178538594,5.865154898802849e-06,-0.00114923965151592,2.7380383993909181e-17,0.0011492546178538592,1.0363613953813348e-05,1,0,0.019984499999999999,0,0,0,0,0,0,0,0.0041812999999999998,137,0,0,1,0,0,0,0,0,0,0,0,1,20,nan,1,0.0013458281095051503,0,0.0014816645691573742,-0.0041816560551524162,0.019984499999999999,2.9610325582325541e-05,0.0014816645691573742,-0.016890100000000002,0,0,0
639155411793702592,nan,197.43748478419263,0.0029048168431778372,0.00068278636399295156,221,0,0,0,0,-0.0086542798499634997,-0.0029631521492994384,0.0042744065859386124,-0.011179451082924089,-0.0043989345620061649,0.004957192949931564,-0.0025312852639727559,-0.001424975720777034,0.00068278636399295156,0,-0.084347666032227459,0.022436092752985425,-0.0025312987619269555,-0.00080730270423619722,0.0026569175896892271,0.00067331387434491855,0.0300103,8.4872701314880894e-19,0.00061764903890344813,-2.6459257009593673e-06,0.00061764337148190792,2.8281190562867049e-17,0.00061764903890344802,-9.4724896480330098e-06,1,0,0.0300103,0,0,0,0,0,0,0,0.019106600000000001,138,0,0,1,0,0,0,0,0,0,0,0,1,20,nan,1,-0.0025312878371716078,0,0.00090183224217141756,-0.0073595992289483547,0.0300103,-2.7064256137236892e-05,-0.00090183224217141756,-0.0529349,0,0,0
639155411793902488,nan,189.10111188041071,0.0031906214412457086,0.0021077575124952386,217,0,0,0,0,-0.011176791054491977,-0.0049355299033566145,0.0049571929499315657,-0.0093633404704319984,-0.002310370449054959,0.0028494354374363272,0.001826441671095387,0.0026161376117137137,-0.0021077575124952386,0,0.091369595744556512,0.10544270583179438,0.0018264416710953868,0.0020795356772126674,0.0027677351409977897,-0.0021077575124952368,0.0199896,-3.671887826347392e-19,-0.00053660193450104636,2.6600284321123824e-06,-0.0005365953413504496,-1.8368991007060633e-17,0.00053660193450104626,1.7347234759768071e-18,1,0,0.0199896,0,0,0,0,0,0,0,0.0140343,139,0,0,1,0,0,0,0,0,0,0,0,1,20,nan,1,0.0018264416710953868,0,0,-0.0073595992289483547,0.0199896,0,0,-0.032945299999999997,0,0,0
639155411794202609,nan,198.38588988245502,0.0031215458721460137,0.0017101392194750591,209,0,0,0,0,-0.0093722533730574396,0.00081757496293997879,0.0027912189894216087,-0.011608183782809331,-0.0013606499645315985,0.0045013582088966678,-0.0022420015946847151,-0.0021719754789921116,0.0017101392194750591,0,-0.074707469173531979,0.055041892152176641,-0.0022421280355829592,0.00095611315643150639,0.0024374762554430188,0.0016519227714603406,0.0300121,8.0468129989158532e-19,0.0031279581103738252,-8.912902625441213e-06,0.0031279454119949378,2.6811895865053938e-17,0.0031279581103738252,-5.8216448014718456e-05,1,0,0.0300121,0,0,0,0,0,0,0,0.0041653999999999997,141,0,0,1,0,0,0,0,0,0,0,0,1,20,nan,1,-0.0022422075442743942,0,0.0055421882711800046,-0.0076608303934335709,0.0300121,-0.00016633270861348142,-0.0055421882711800046,-0.0362706,0,0,0
639155411794402542,nan,194.68730608599452,0.0035996900561592938,0.0018328117771416949,212,0,0,0,0,-0.011611061963418065,-0.00072125157949064255,0.0045013582088966678,-0.0085568696561873214,-0.0026264229237178871,0.0063341699860383627,0.0030455855352072981,-0.0019189000099401148,0.0018328117771416949,0,0.15233030741334838,0.091671298742163371,0.0030455855352072977,-0.0012794951470272661,0.0033034374647524733,0.0018328117771416949,0.019993299999999999,-9.7832305407871689e-20,0.00063940486291284881,-2.8781806087341266e-06,0.00063939838504095594,-4.8932545106546542e-18,0.00063940486291284892,0,1,0,0.019993299999999999,0,0,0,0,0,0,0,0.0041736999999999998,142,0,0,1,0,0,0,0,0,0,0,0,1,20,nan,1,0.0030455855352072977,0,0,-0.0076608303934335709,0.019993299999999999,0,0,-0.049951000000000002,0,0,0
639155411794702631,nan,195.95431471226433,0.0029748014736304764,6.5595291954602744e-05,211,0,0,0,0,-0.0085446521977099576,-0.0045552147162888877,0.0063189502768948944,-0.005930574971193708,-0.0031353400523402822,0.0062533549849402917,0.0026229970954646884,0.0014033282027729149,-6.5595291954602744e-05,0,0.087408017401769872,0.0026930344363862383,0.0026230184534079722,-0.00052554220507226282,0.0026751486717995631,-8.0815001098070993e-05,0.030008900000000002,1.6940658945086007e-19,-0.0019288304864297689,1.2217458477363843e-05,-0.0019287917925710006,5.6452115689298859e-18,0.0019288304864297692,-1.5219709143468249e-05,1,0,0.030008900000000002,0,0,0,0,0,0,0,0.014082600000000001,143,0,0,1,0,0,0,0,0,0,0,0,1,20,nan,1,0.0026230298793586959,0,0.0014490662192567609,-0.0084112854674458504,0.030008900000000002,-4.3484883267054216e-05,-0.0014490662192567609,-0.019942100000000001,0,0,0
639155411794902467,nan,195.34737674957196,0.0035268108760230206,0.0034306264308940804,217,0,0,0,0,-0.0059283873793656103,-0.0034851623986541795,0.0062678177306887519,-0.0090612171678122917,-0.0018653560917596215,0.0028371912997946715,-0.0031226156669791872,0.0016394103670437101,-0.0034306264308940804,0,-0.15626010213514688,0.17094836191405052,-0.003122639377027921,0.0012895360190454731,0.0033784286026762463,-0.0034161636851456202,0.019983600000000001,4.2986922073155742e-19,-0.00034982918623031824,2.1875918280976625e-06,-0.00034982234631389733,2.1511100138691598e-17,0.00034982918623031824,1.4462745748460189e-05,1,0,0.019983600000000001,0,0,0,0,0,0,0,0.0140666,144,0,0,1,0,0,0,0,0,0,0,0,1,20,nan,1,-0.003122612733173461,0,0.0020678021332435894,-0.0025234222412109375,0.019983600000000001,4.1322130709886594e-05,0.0020678021332435894,-0.032939099999999999,0,0,0
639155411795202627,nan,192.22384389645134,0.002872040737061586,0.00086638806562737728,215,0,0,0,0,-0.0090666670923872442,5.5525997510016923e-05,0.0027808690815847008,-0.011635955315589514,-0.0012279754716965356,0.0019144810159573236,-0.0025728475337082096,-0.0012763516614291062,-0.00086638806562737728,0,-0.085718264145261749,0.030740614466862604,-0.0025729194165841768,0.00064468306958956692,0.0026524574613839311,-0.00092271028383734792,0.030016000000000001,-7.8943470684100792e-19,0.0019208898205141187,-5.4499245749524416e-06,0.0019208820892696384,-2.6300463314265989e-17,0.0019208898205141187,-5.6322218209970635e-05,1,0,0.030016000000000001,0,0,0,0,0,0,0,0.0039630999999999998,146,0,0,1,0,0,0,0,0,0,0,0,1,20,nan,1,-0.0025729712796565035,0,0.0053611614957709006,-0.0076311207376420498,0.030016000000000001,-0.00016092062345705936,-0.0053611614957709006,-0.036326499999999998,0,0,0
639155411795402483,nan,195.26609585183499,0.0041118818366382356,0.0035002361760467175,215,0,0,0,0,-0.011636774080085835,-0.00080030682981736335,0.0019144810159573236,-0.00808286439989068,-0.0028684698368094622,0.0054147171920040415,0.0035499437108394549,-0.0020749631052977367,0.0035002361760467175,0,0.17762507559640217,0.17513790809616511,0.0035499437108394549,-0.0016472936796637829,0.0039135248583839159,0.0035002361760467175,0.019985599999999999,2.3134587371883078e-19,0.00042766942563395407,-8.1876449632006798e-07,0.00042766864187917229,1.1575628138201045e-17,0.00042766942563395407,0,1,0,0.019985599999999999,0,0,0,0,0,0,0,0.0041180000000000001,147,0,0,1,0,0,0,0,0,0,0,0,1,20,nan,1,0.0035499437108394549,0,0,-0.0076311207376420498,0.019985599999999999,0,0,-0.016340899999999998,0,0,0
639155411795702594,nan,192.75263550408764,0.0019488954527737035,0.00029098005203481714,214,0,0,0,0,-0.0080693694777914104,-0.0053607126878925425,0.0053959560548254345,-0.0073297099163120247,-0.003557632762056158,0.0056869361068602516,0.00074937808624465083,0.0017990625252331627,0.00029098005203481714,0,0.024971155291595236,0.009070607703689974,0.00074941183857159374,-0.00069323092103422293,0.0010208757092169515,0.00027221891485621017,0.030011099999999999,-6.0986372202309624e-19,-0.0024922793867656941,1.3494922099269516e-05,-0.0024922428510830803,-2.0321271863513709e-17,0.0024922793867656946,-1.8761137178606967e-05,1,0,0.030011099999999999,0,0,0,0,0,0,0,0.014095,148,0,0,1,0,0,0,0,0,0,0,0,1,20,nan,1,0.00074943041801729584,0,0.0017861141071715636,-0.0077271894551813602,0.030011099999999999,-5.3603249081736514e-05,-0.0017861141071715636,-0.0200252,0,0,0
639155411795902609,nan,193.92794509648363,0.0028080971952322586,0.0024009463780003495,213,0,0,0,0,-0.0073270816924392978,-0.0040197788966247188,0.0056992648549858364,-0.0097400268032473928,-0.0025834273553582408,0.0032983184769854869,-0.0024047198191891606,0.0014500801526364418,-0.0024009463780003495,0,-0.12022786774388759,0.11942192484937454,-0.0024047376966793675,0.00098789689748195295,0.0025997506937945527,-0.0023886176298747648,0.020001499999999998,3.4347186011161879e-19,-0.00046215360785932145,2.6282238727269591e-06,-0.00046214613456856081,1.7172305082699738e-17,0.0004621536078593215,1.2328748125584736e-05,1,0,0.020001499999999998,0,0,0,0,0,0,0,0.0140138,149,0,0,1,0,0,0,0,0,0,0,0,1,20,nan,1,-0.002404720296974932,0,0.0017611176484024947,-0.004212742205709219,0.020001499999999998,3.5224994644522493e-05,0.0017611176484024947,-0.032905400000000001,0,0,0
639155411796202758,nan,199.90122767309722,0.0031731379134427693,0.0018085935389745766,205,0,0,0,0,-0.0097448880088908986,-0.0011095890801238895,0.0033094685139239757,-0.0128016357962949,-0.0019611154637014447,0.0051180620528985523,-0.0030595491423901036,-0.00084140552828461368,0.0018085935389745766,0,-0.10193403144762093,0.060628007286816395,-0.0030595397604971978,0.00063240664982555368,0.003124215376187569,0.0018197435759130655,0.030014900000000001,-1.3662641439211864e-18,0.0014738462921438163,-4.8612056435057976e-06,0.0014738382752343513,-4.5519530097424491e-17,0.0014738462921438163,1.1150036938488862e-05,1,0,0.030014900000000001,0,0,0,0,0,0,0,0.0041311999999999998,151,0,0,1,0,0,0,0,0,0,0,0,1,20,nan,1,-0.0030595296867411983,0,0.001061381127229528,-0.0075466344133019447,0.030014900000000001,3.1857248395681563e-05,0.001061381127229528,-0.0364547,0,0,0
639155411796402503,nan,198.38939195727033,0.0051951702245118412,0.0019052312016206796,213,0,0,0,0,-0.012803808723048652,-0.0015365587157941971,0.0050931499894005033,-0.0082278890230146826,-0.003996386465961968,0.0069983811910211829,0.0045633321325637107,-0.0024831015906655826,0.0019052312016206796,0,0.22845479345982087,0.094135980280989795,0.0045632702719631919,-0.0020586529634085333,0.0050061449837907968,0.0018803191381226306,0.019974499999999999,2.4352197233561135e-19,0.00042456230850636679,-2.1729267537518027e-06,0.00042455674790724761,1.2191642961556552e-17,0.00042456230850636679,-2.4912063498049031e-05,1,0,0.019974499999999999,0,0,0,0,0,0,0,0.0041606999999999998,152,0,0,1,0,0,0,0,0,0,0,0,1,20,nan,1,0.0045633435337781433,0,0.0035634095611976695,-0.0035588662140071392,0.019974499999999999,-7.1177324280142845e-05,-0.0035634095611976695,-0.050163399999999997,0,0,0
639155411796702607,nan,193.26007536004386,0.0039903166913814068,0.0019801705620581256,211,0,0,0,0,-0.0082061530714818073,-0.0071021899485227101,0.0069133047369256415,-0.0086467626885613682,-0.0031362738547489073,0.0049331341748675159,-0.0004131817198019214,0.0039688673653749864,-0.0019801705620581256,0,-0.013756699715592069,0.068817710398850637,-0.00041284406114480422,0.00086302296193886501,0.00095668639148692111,-0.002065247016153667,0.0300104,-2.3344228026328517e-18,-0.0031058795411083593,2.173595153287522e-05,-0.0031058034825607421,-7.778712721699317e-17,0.0031058795411083593,-8.5076454095541452e-05,1,0,0.0300104,0,0,0,0,0,0,0,0.0140479,153,0,0,1,0,0,0,0,0,0,0,0,1,20,nan,1,-0.00041294894800026038,0,0.0080997115376709797,-0.0081025194376707077,0.0300104,-0.00024307558313012116,-0.0080997115376709797,-0.053253500000000002,0,0,0
639155411796902677,nan,192.24483725332786,0.0022164365835453249,0.0013554460087593836,213,0,0,0,0,-0.0086495981484273499,-0.0025614999352970907,0.0049331341748675168,-0.010852532898725478,-0.0023172262879116263,0.0035776881661081332,-0.0022017029154582954,0.00025513800371664431,-0.0013554460087593836,0,-0.1100466294526064,0.067748588432017934,-0.0022017029154582962,0.00082991891703462751,0.0023529260797546295,-0.0013554460087593827,0.020007,-6.331571280725895e-19,0.0005747809133179832,-2.8354598659817432e-06,0.00057477391945181654,-3.1646780030618755e-17,0.0005747809133179832,8.6736173798840355e-19,1,0,0.020007,0,0,0,0,0,0,0,0.0139693,154,0,0,1,0,0,0,0,0,0,0,0,1,20,nan,1,-0.0022017029154582962,0,0,-0.0081025194376707077,0.020007,0,0,-0.033246499999999998,0,0,0
639155411797202693,nan,195.49519849357054,0.0041928654101319835,0.0033873660861583011,207,0,0,0,0,-0.010856969340444743,-0.0010772012816305445,0.003552384008627011,-0.0068190034821776794,-0.002206339038926254,0.0069397500947853121,0.0040339292573995872,-0.0011434750079371474,0.0033873660861583011,0,0.13445617305198559,0.11206275427567793,0.0040339003214364512,9.6455859639816752e-05,0.0040350533498510234,0.0033620619286771789,0.0300016,8.3348042009823153e-19,0.0012400329423920661,-4.4364417192653549e-06,0.0012400250062810818,2.7781199005994064e-17,0.0012400329423920661,-2.5304157481122191e-05,1,0,0.0300016,0,0,0,0,0,0,0,0.0041633,156,0,0,1,0,0,0,0,0,0,0,0,1,20,nan,1,0.0040338968320375998,0,0.0024097912379075575,-0.0081154545769095421,0.0300016,-7.2297592803207376e-05,-0.0024097912379075575,-0.0032449000000000002,0,0,0
639155411797402481,nan,193.82112885823773,0.0058232974411612575,0.0034298029843796694,215,0,0,0,0,-0.0068193865571693664,-0.0021511398117511826,0.0069512093873964212,-0.012628806344327934,-0.0025529293397453332,0.0035214064030167518,-0.0058120723347870346,-0.00036139765278490719,-0.0034298029843796694,0,-0.29091177613490171,0.17109854905042146,-0.005812068193043975,-0.00030626369859597743,0.0058201317969330509,-0.0034183436917685607,0.019978800000000001,3.5893021139900977e-19,5.5200556402761003e-05,-3.8307499168697273e-07,5.5199227175071423e-05,1.7965554057251174e-17,5.520055640276101e-05,1.1459292611109076e-05,1,0,0.019978800000000001,0,0,0,0,0,0,0,0.0040489999999999996,157,0,0,1,0,0,0,0,0,0,0,0,1,20,nan,1,-0.0058120732059299546,0,0.0016387789072284126,-0.0033840294927358627,0.019978800000000001,3.2740836031735013e-05,0.0016387789072284126,-0.0165177,0,0,0
639155411797702655,nan,199.70970713909932,0.0062866433203067461,0.004224695670063219,218,0,0,0,0,-0.012627080867892054,-0.0030429237074085505,0.0035053491657324938,-0.0063405409566935382,-0.003006865675493531,0.0077300448357957123,0.0062866276841273081,1.4021338079963496e-05,0.004224695670063219,0,0.20943279259565462,0.14020662791510793,0.0062866279084608026,-0.00047607701351252301,0.0063046284412511784,0.0042086384327789609,0.0300174,-1.2392092018330414e-18,-0.00048999740571824138,1.7254764358796276e-06,-0.00048999436766321725,-4.1283029237476978e-17,0.00048999740571824149,-1.6057237284258091e-05,1,0,0.0300174,0,0,0,0,0,0,0,0.0140061,158,0,0,1,0,0,0,0,0,0,0,0,1,20,nan,1,0.0062866388274947695,0,0.0015283742366815772,-0.0081325536593794823,0.0300174,-4.5877820812165572e-05,-0.0015283742366815772,-0.053082799999999999,0,0,0
639155411797902647,nan,192.34656097033638,0.0019723163584535043,0.0034344114101971645,216,0,0,0,0,-0.0063379528630985804,-0.0033416686553507835,0.0077300448357957132,-0.0077960186871865534,-0.0020134834760742065,0.0042956334255985487,-0.0014477554332301774,0.0013394162995035539,-0.0034344114101971645,0,-0.072390667288200358,0.17172743960744247,-0.0014477554332301768,0.0010046033165567272,0.0017621644696464269,-0.0034344114101971636,0.019999200000000002,5.5184196513617667e-19,-0.00033481298294682678,2.5880935949577216e-06,-0.00033480297985725256,2.7593201984888227e-17,0.00033481298294682678,8.6736173798840355e-19,1,0,0.019999200000000002,0,0,0,0,0,0,0,0.014149699999999999,159,0,0,1,0,0,0,0,0,0,0,0,1,20,nan,1,-0.0014477554332301768,0,0,-0.0081325536593794823,0.019999200000000002,0,0,-0.033083599999999998,0,0,0
639155411798202672,nan,196.09856454435902,0.0030258553889300176,0.0011279678365741204,211,0,0,0,0,-0.0078024604970237449,-0.00051387455313205827,0.004219380268813141,-0.0096317584047688736,-0.0029241587686212036,0.0053473481053872614,-0.0018394514996036061,-0.0024025442795758988,0.0011279678365741204,0,-0.061316046857471114,0.035054234806723199,-0.0018396346958412771,-0.00090278124981733421,0.0020492119946859512,0.0010517146797887128,0.030002500000000001,1.8126505071242027e-19,0.0014996227587902526,-6.4418098371914895e-06,0.0014996089229421482,6.0416648850069248e-18,0.0014996227587902526,-7.6253156785407658e-05,1,0,0.030002500000000001,0,0,0,0,0,0,0,0.0040467000000000003,161,0,0,1,0,0,0,0,0,0,0,0,1,20,nan,1,-0.0018395363421834143,0,0.0072616002747777977,-0.0076928562484681606,0.030002500000000001,-0.00021786616224402089,-0.0072616002747777977,-0.036212000000000001,0,0,0
639155411798402497,nan,196.44108185372608,0.0010341298253169027,3.2344845043684456e-05,211,0,0,0,0,-0.0096285500727211933,-0.0035241386847531366,0.0053473481053872623,-0.01055789362232498,-0.0039777299792240527,0.0053150032603435779,-0.00093175576173939133,-0.0004486153096756892,-3.2344845043684456e-05,0,-0.046628588101558406,0.0016186585784403148,-0.0009317557617393909,-0.0010486038038622105,0.0014027611118821515,-3.2344845043683589e-05,0.0199825,4.5993889035908508e-19,-0.00059998849418652143,3.208332047680354e-06,-0.00059997991613193295,2.301708446686276e-17,0.00059998849418652143,8.6736173798840355e-19,1,0,0.0199825,0,0,0,0,0,0,0,0.0040875,162,0,0,1,0,0,0,0,0,0,0,0,1,20,nan,1,-0.0009317557617393909,0,0,-0.0076928562484681606,0.0199825,0,0,-0.049759499999999998,0,0,0
639155411798702499,nan,199.49805549510913,0.0012517319237630032,0.00015585725930646575,212,0,0,0,0,-0.010549526045100486,-0.0055520466864512393,0.0052860275628182673,-0.010171110952209256,-0.0043588849931172841,0.005441884822124733,0.00038471686227545509,0.0011911447203628775,0.00015585725930646575,0,0.012824960379033256,0.0042293571969905241,0.00038475137636307348,-0.00038320537170624165,0.00054302852458945313,0.00012688156178115512,0.030000200000000001,-4.8450284582945979e-19,-0.0015743389441296492,8.3675772244943408e-06,-0.0015743167072271866,-1.6149987194400697e-17,0.0015743389441296492,-2.8975697525310609e-05,1,0,0.030000200000000001,0,0,0,0,0,0,0,0.0140377,163,0,0,1,0,0,0,0,0,0,0,0,1,20,nan,1,0.00038476723838050067,0,0.002759571843360213,-0.0081864623352885246,0.030000200000000001,-8.2787707215175059e-05,-0.002759571843360213,-0.0197593,0,0,0
639155411798902630,nan,194.70728579020883,0.0019756440867004696,0.00056918343792469652,209,0,0,0,0,-0.010169719640868562,-0.0046145496482864253,0.0054555102384473454,-0.0092085299040179404,-0.0028884894387086811,0.0048863268005226489,0.00097059192557262552,0.0017207907691894899,-0.00056918343792469652,0,0.048496658638186751,0.027759718464509954,0.00097056847899189519,0.0014651355528923031,0.0017574485371588198,-0.0005555580216020841,0.020013099999999999,-6.0372273315550257e-19,-0.0002556684408565176,1.3913113406944372e-06,-0.00025566465516914123,-3.0166377680394473e-17,0.0002556684408565176,1.3625416322612417e-05,1,0,0.020013099999999999,0,0,0,0,0,0,0,0.0138911,164,0,0,1,0,0,0,0,0,0,0,0,1,20,nan,1,0.00097059699749642422,0,0.0019452139309625422,-0.0028100830968469381,0.020013099999999999,3.8929760921746449e-05,0.0019452139309625422,0.00025379999999999999,0,0,0
639155411799202691,nan,198.95674632679754,0.0017069924867903934,0.0021377767891138507,206,0,0,0,0,-0.0092192676595022997,-0.00069099621656499265,0.0048739555480571206,-0.0091882549365579595,-0.0023977069597708907,0.0070117323371709714,2.2693955223445631e-05,-0.001706841625446007,0.0021377767891138507,0,0.00075560767487417601,0.070832448623723926,2.2672839453042014e-05,0.00049067755021904417,0.00049120109521236406,0.0021254055366483225,0.030006100000000001,-4.6247998920084799e-19,0.0021975194562870864,-1.0737755484359346e-05,0.0021974932221436884,-1.5412865690671163e-17,0.0021975194562870864,-1.2371252465528254e-05,1,0,0.030006100000000001,0,0,0,0,0,0,0,0.0039278999999999998,166,0,0,1,0,0,0,0,0,0,0,0,1,20,nan,1,2.2664167598283151e-05,0,0.0011779749989433044,-0.008082851767539978,0.030006100000000001,-3.5346435615792688e-05,-0.0011779749989433044,-0.0033612,0,0,0
639155411799402683,nan,194.1350699253891,0.0024762561200500788,0.0049712521892476408,216,0,0,0,0,-0.0091905477958054167,-0.0020707090708891743,0.0070279384779791286,-0.011589683523353423,-0.0014575270971748707,0.0020566862887314878,-0.0023947671091206196,0.00063002767015389225,-0.0049712521892476408,0,-0.11974365570239182,0.24776221291049058,-0.0023947773191232745,0.00095699478751050122,0.0025789140023485717,-0.0049550460484394836,0.019999200000000002,2.9857911390714087e-19,0.00032700592737231534,-2.2928592474571324e-06,0.00032699788888171637,1.4929552877472141e-17,0.00032700592737231534,1.6206140808157181e-05,1,0,0.019999200000000002,0,0,0,0,0,0,0,0.0040616000000000003,167,0,0,1,0,0,0,0,0,0,0,0,1,20,nan,1,-0.0023947551624925087,0,0.0023152555828169896,-0.0024359109811484814,0.019999200000000002,4.630325945187354e-05,0.0023152555828169896,-0.016606699999999999,0,0,0
639155411799703198,nan,196.08630053138398,0.0022560823702448261,0.00082854952305100055,211,0,0,0,0,-0.011592604356753709,-3.7364334407772324e-05,0.0020722469447607529,-0.013441252971669001,-0.0013305796915317454,0.0029007964678117535,-0.0018513245053311692,-0.0012893817267550422,0.00082854952305100055,0,-0.06160439383995793,0.028088786885189284,-0.0018513044414814957,0.00013075523196439475,0.001855916233490934,0.00084411017908026572,0.030051499999999998,-3.2695471764015993e-19,0.0014201657663871603,-2.9208334002862879e-06,0.0014201627627670984,-1.0879813574702092e-17,0.0014201657663871603,1.5560656029265166e-05,1,0,0.030051499999999998,0,0,0,0,0,0,0,0.014183899999999999,168,0,0,1,0,0,0,0,0,0,0,0,1,20,nan,1,-0.0018513015343995284,0,0.0014794275569097173,0.006094606127589941,0.030051499999999998,4.4459017226472367e-05,0.0014794275569097173,-0.019847400000000001,0,0,0
639155411800003123,nan,199.87662408292869,0.0068137808397309456,0.0041477908757961849,211,0,0,0,0,-0.01344163604483338,-0.0011985221362508713,0.0029342564699714547,-0.0068917702831251329,-0.0030765178325948745,0.0070820473457676395,0.006544327051896376,-0.001897206570118771,0.0041477908757961849,0,0.21820090118425867,0.13940988173563013,0.0065443905287688774,-0.0017649294849695876,0.0067782020831452638,0.004181250877955886,0.029992499999999998,2.3732804390881428e-19,0.00013205811088990479,-3.8307316437870276e-07,0.00013205755528087411,7.9129130252167804e-18,0.00013205811088990479,3.3460002159701151e-05,1,0,0.029992499999999998,0,0,0,0,0,0,0,0.0091322999999999994,170,0,0,1,0,0,0,0,0,0,0,0,1,20,nan,1,0.0065443061576576384,0,0.0031874637382869365,-0.0020934625063091516,0.029992499999999998,9.5600006170570937e-05,0.0031874637382869365,-0.023390500000000002,0,0,0
639155411800202604,nan,192.22313107266271,0.0022438220862915385,0.00057763237787227754,212,0,0,0,0,-0.0068833282049462806,-0.0042685371213163096,0.0070261850689527635,-0.0051674642762085023,-0.0028226641901822253,0.006448552691080486,0.0017259804623611665,0.001433781363554864,-0.00057763237787227754,0,0.086527566733649086,0.031757142519194995,0.0017260605539595054,0.00024163576167436491,0.0017428921014379932,-0.00063349465468715363,0.0199481,-5.7259427234390703e-19,-0.0011920491824450592,8.4420781788522789e-06,-0.0011920192887214351,-2.8704201018839237e-17,0.0011920491824450592,-5.5862276814875982e-05,1,0,0.0199481,0,0,0,0,0,0,0,0.0039868000000000004,171,0,0,1,0,0,0,0,0,0,0,0,1,20,nan,1,0.0017260412651435419,0,0.00800108808284326,-0.0079803252592682838,0.0199481,-0.00015960650518536562,-0.00800108808284326,-0.036501600000000002,0,0,0
639155411800403148,nan,198.69086320123733,0.0072373987311338869,0.00078335464246074443,210,0,0,0,0,-0.005169037858059498,-0.0025786466385761455,0.0064264304248611214,-0.012390281361805533,-0.0030619505316124896,0.0056430757824003771,-0.0072242002866267363,-0.00043688741355248464,-0.00078335464246074443,0,-0.36023067006734999,0.04016459772818478,-0.0072242099497986639,-0.00019270497247722803,0.0072267796842845206,-0.00080547690868010887,0.0200544,-6.3972163341381033e-19,0.00024402262528640172,-1.5735818509957089e-06,0.00024401755160607984,-3.1899315532442276e-17,0.00024402262528640172,-2.2122266219364549e-05,1,0,0.0200544,0,0,0,0,0,0,0,0.0040677999999999999,172,0,0,1,0,0,0,0,0,0,0,0,1,20,nan,1,-0.0072242038560900177,0,0.00315175098294984,-0.0031603395473212004,0.0200544,-6.3206474912469272e-05,-0.00315175098294984,-0.049641200000000003,0,0,0
639155411800703022,nan,195.00741684565844,0.0068407737815654492,0.0026263717700793013,211,0,0,0,0,-0.01238860620528444,-0.0033587990596582345,0.0056592674780905974,-0.0055491699013144116,-0.0032235327501423769,0.0082856392481698987,0.0068400922840346238,9.6558150579104503e-05,0.0026263717700793013,0,0.22809882549663513,0.088122460292306817,0.0068400907196977962,-0.00020018435131668717,0.0068430194233399634,0.0026425634657695216,0.029987400000000001,6.6915602833089727e-19,-0.00029685325457588563,1.6751565210925551e-06,-0.00029684852804574488,2.2314573065050563e-17,0.00029685325457588557,1.619169569022031e-05,1,0,0.029987400000000001,0,0,0,0,0,0,0,0.014133400000000001,173,0,0,1,0,0,0,0,0,0,0,0,1,20,nan,1,0.0068400860874049292,0,0.0015427141961738408,-0.0079579642042517662,0.029987400000000001,4.6261987686343434e-05,0.0015427141961738408,-0.019653799999999999,0,0,0
639155411800903136,nan,193.22401082132319,0.0014612162556123262,0.001387396882181151,214,0,0,0,0,-0.0055479631108139799,-0.0033691778655089849,0.0082987423472441132,-0.0046474478413994777,-0.0022184280250931655,0.0069113454650629623,0.00091003392756133891,0.0011432371566534175,-0.001387396882181151,0,0.045475026611505799,0.068675544095212551,0.00091001894753348707,0.00099759896590941141,0.0013503104019644825,-0.0013742937831069365,0.020011399999999999,-9.6349997750176664e-19,-0.00014565011491057768,1.20679050043173e-06,-0.000145645115366608,-4.8147554768870078e-17,0.00014565011491057768,1.310309907421453e-05,1,0,0.020011399999999999,0,0,0,0,0,0,0,0.018957100000000001,174,0,0,1,0,0,0,0,0,0,0,0,1,20,nan,1,0.00091003762114275034,0,0.0018708049375020148,-0.0023869788274168968,0.020011399999999999,3.7437425926327818e-05,0.0018708049375020148,-0.033290300000000002,0,0,0
639155411801202412,nan,195.99669341888765,0.0059596915380447143,0.00021556863204846496,211,0,0,0,0,-0.0046577719663462806,-0.00072465801817421906,0.006899734805874371,-0.0098572566174231178,-0.0036372655426886629,0.006684166173825906,-0.0052194569474116326,-0.002876663414923306,-0.00021556863204846496,0,-0.17440390632788236,0.0075909625642235357,-0.0052194903470183318,-0.0013827971295356171,0.0053995562210305296,-0.00022717929123705627,0.029927599999999999,4.7433845046240819e-20,0.0014938056838580266,-1.0324124946802828e-05,0.0014937700069189465,1.5849531885697758e-18,0.0014938056838580266,-1.1610659188591305e-05,1,0,0.029927599999999999,0,0,0,0,0,0,0,0.003901,176,0,0,1,0,0,0,0,0,0,0,0,1,20,nan,1,-0.0052194674103200646,0,0.0011084521300539537,-0.007454045582562685,0.029927599999999999,-3.3173311967402705e-05,-0.0011084521300539537,-0.036366900000000001,0,0,0
639155411801503008,nan,195.62689013199392,0.0018137957786152833,0.0033098534395245923,218,0,0,0,0,-0.009847965113371087,-0.0050273215997164913,0.0066904200104441784,-0.0096126041826667466,-0.0032288610472381756,0.0033805665709195861,0.00024738802984688145,0.0017968456498016461,-0.0033098534395245923,0,0.0082295437285566219,0.10990164882121918,0.0002473767926629206,0.00040676008676883966,0.00047607672253155539,-0.0033035996029063199,0.030059599999999999,-1.0757318430129614e-18,-0.0013900871101219887,9.2915040520308301e-06,-0.0013900560570278284,-3.5786631991542188e-17,0.0013900871101219887,6.2538366182723903e-06,1,0,0.030059599999999999,0,0,0,0,0,0,0,0.0140409,177,0,0,1,0,0,0,0,0,0,0,0,1,20,nan,1,0.00024738042666894161,0,0.00059442256795268732,-0.0018138269660994411,0.030059599999999999,1.78681046236306e-05,0.00059442256795268732,-0.039651499999999999,0,0,0
639155411801703190,nan,188.63562326881964,0.00090470134534426615,0.00012526271429827996,213,0,0,0,0,-0.0096135217504051285,-0.0029574378334843933,0.0033282838817803397,-0.010513227130455955,-0.0028624917784040326,0.0034535465960786197,-0.00089938438998279436,9.7939998585878089e-05,0.00012526271429827996,0,-0.04492807885759318,0.0036456836857976008,-0.00089937926818707179,0.00036941178539114713,0.00097229014971385351,7.298002515903353e-05,0.0200182,1.5003071078241795e-19,0.00027142476470467077,-9.1756773838193306e-07,0.00027142321375378227,7.494715348154078e-18,0.00027142476470467077,-5.2282689139246386e-05,1,0,0.0200182,0,0,0,0,0,0,0,0.0140879,178,0,0,1,0,0,0,0,0,0,0,0,1,20,nan,1,-0.00089940685688063909,0,0.0074621650211517373,-0.0074689555913209915,0.0200182,-0.0001493791118264197,-0.0074621650211517373,-0.052867499999999998,0,0,0
639155411801903168,nan,194.9111727509102,0.0056102300504818235,0.0032896584913479558,211,0,0,0,0,-0.010514501835067795,-0.0024933930827355667,0.0034535465960786205,-0.0049044172198424866,-0.0024529971752499853,0.0067432050874265759,0.005610190668435054,2.1021016472101001e-05,0.0032896584913479558,0,0.2805403928649679,0.1645010196795626,0.0056101906684350548,0.00039012191326864127,0.0056237384757301927,0.0032896584913479567,0.0199978,6.7233240188310089e-19,0.00036910089679654032,-1.2747046118401217e-06,0.00036909869566846597,3.3620318329171257e-17,0.00036910089679654032,8.6736173798840355e-19,1,0,0.0199978,0,0,0,0,0,0,0,0.0138852,179,0,0,1,0,0,0,0,0,0,0,0,1,20,nan,1,0.0056101906684350548,0,0,-0.0074689555913209915,0.0199978,0,0,-0.032869700000000002,0,0,0
639155411802203042,nan,189.25779751416115,0.00073041576891185215,0.0025498242027206207,214,0,0,0,0,-0.0049081753379784194,-0.0018956863526561395,0.0067125542962483868,-0.0056218911428732397,-0.0020509826672242292,0.0041627300935277662,-0.00071474215262953063,-0.00015050199576615916,-0.0025498242027206207,0,-0.023834902835825619,0.086051974959443292,-0.00071474676529903719,0.00040684340523952569,0.00082242598140643008,-0.0025804749938988097,0.029987400000000001,-2.8333252085656346e-18,0.00055732349352252567,-3.7581181359328669e-06,0.00055731082259384578,-9.448385683872675e-17,0.00055732349352252567,-3.0650791178189057e-05,1,0,0.029987400000000001,0,0,0,0,0,0,0,0.0041064999999999999,181,0,0,1,0,0,0,0,0,0,0,0,1,20,nan,1,-0.00071476457900278127,0,0.0029203495161481768,-0.0083976984024047852,0.029987400000000001,-8.7573689080541837e-05,-0.0029203495161481768,-0.0028823,0,0,0
639155411802402761,nan,192.38121475999429,0.002604035199590423,0.00059641862630970682,216,0,0,0,0,-0.0056230139627432606,-0.0017812526200536303,0.0041755462466452221,-0.0081900534314117424,-0.0022186399621249033,0.0035791276203355153,-0.0025688434160625554,-0.00042666476824082159,-0.00059641862630970682,0,-0.12862261215260362,0.029221179416692999,-0.0025688379476505843,-0.00015696530672433014,0.0025736290542354256,-0.00058360247319225091,0.019971900000000001,2.9624977330219154e-19,0.00026973238417200493,-1.1228198700209344e-06,0.00026973004717059895,1.4833329493047309e-17,0.00026973238417200493,1.281615311745591e-05,1,0,0.019971900000000001,0,0,0,0,0,0,0,0.0040926000000000001,182,0,0,1,0,0,0,0,0,0,0,0,1,20,nan,1,-0.0025688408210648968,0,0.0018334550210839921,-0.002508578123524785,0.019971900000000001,3.6617580335587385e-05,0.0018334550210839921,-0.016635899999999999,0,0,0
639155411802703195,nan,195.91112007993905,0.0020486162305203433,0.0028059767361546342,212,0,0,0,0,-0.0081892002569847293,-0.0024570139108669744,0.0035910561512111088,-0.0096559319695264396,-0.0038872329651995067,0.0063970328873657429,-0.0014718582411912765,-0.0014249427278977579,0.0028059767361546342,0,-0.048990501861082163,0.093794486210955721,-0.0014718412436132359,-0.0016633357604566338,0.0022210363568421847,0.0028179052670302272,0.030043400000000001,2.7528570785764761e-20,-0.00023837547555377931,8.5317442701307589e-07,-0.00023837394874207107,9.1629345499393401e-19,0.00023837547555377931,1.1928530875593511e-05,1,0,0.030043400000000001,0,0,0,0,0,0,0,0.0139729,183,0,0,1,0,0,0,0,0,0,0,0,1,20,nan,1,-0.001471869587902354,0,0.0011344094472466426,0.0060828765854239464,0.030043400000000001,3.4081516787409782e-05,0.0011344094472466426,-0.019626600000000001,0,0,0
639155411803003233,nan,198.45688133405653,0.0018534966847155779,0.00033367519867436111,217,0,0,0,0,-0.0096453321922509872,-0.0055441937583601778,0.006419045794984409,-0.0090174910549515857,-0.0038002713212758237,0.0060853705963100479,0.00063902244362526916,0.0017398563954518858,-0.00033367519867436111,0,0.021296773881053211,0.010387427294399211,0.0006389841441723443,8.2875764934159588e-05,0.00064433619246251047,-0.00031166229105569505,0.030003800000000001,-2.490276864927643e-19,-0.0016569946968382034,1.059977727545236e-05,-0.0016569607931606711,-8.2998715660271132e-18,0.0016569946968382034,2.2012907618666061e-05,1,0,0.030003800000000001,0,0,0,0,0,0,0,0.0041016999999999998,185,0,0,1,0,0,0,0,0,0,0,0,1,20,nan,1,0.00063898675005147527,0,0.0020962018733497317,-0.0025675238575786352,0.030003800000000001,6.2894021767610688e-05,0.0020962018733497317,-0.023071100000000001,0,0,0
639155411803202909,nan,192.50596186430192,0.0015155161348661106,0.0020325504069035544,215,0,0,0,0,-0.0090178274920101852,-0.0037449857967025045,0.0060337965465442405,-0.0092818964226548031,-0.0022526531411234197,0.0040012461396406861,-0.00025505974673324547,0.0014938988187410444,-0.0020325504069035544,0,-0.012769822110921803,0.10437531083702407,-0.00025498269998204217,0.0015491985194668824,0.0015700421109029249,-0.0020841244566693617,0.019967599999999999,2.0434669852509996e-19,5.5286548248570212e-05,-3.3643705859946749e-07,5.5285524573319214e-05,1.0233913866719083e-17,5.5286548248570212e-05,-5.1574049765807338e-05,1,0,0.019967599999999999,0,0,0,0,0,0,0,0.0039245,186,0,0,1,0,0,0,0,0,0,0,0,1,20,nan,1,-0.00025509683992064509,0,0.0073796764709983921,-0.0073676477186381817,0.019967599999999999,-0.00014735442790230749,-0.0073796764709983921,-0.036662,0,0,0
639155411803402895,nan,198.19478074991662,0.0041816291410796801,0.00061963920211864122,205,0,0,0,0,-0.0092881026111957931,-0.00070159749394099248,0.0039888025156694928,-0.012105562816566591,-0.0037915716466935239,0.0046084417177881341,-0.0028297630557262868,-0.0030787113086441558,0.00061963920211864122,0,-0.14149997328978228,0.030361904240669247,-0.0028298013658330399,-0.0015276080324554406,0.0032157988231375609,0.00060719557814744793,0.019998599999999998,7.3014240053320689e-19,0.0015510680634429634,-6.2061885409900319e-06,0.0015510556471824272,3.6509675703959625e-17,0.0015510680634429632,-1.2443623971193293e-05,1,0,0.019998599999999998,0,0,0,0,0,0,0,0.0038555999999999998,187,0,0,1,0,0,0,0,0,0,0,0,1,20,nan,1,-0.0028297742097003059,0,0.0017777850122643009,-0.0017776605673134327,0.019998599999999998,-3.5553211346268845e-05,-0.0017777850122643009,-0.049651899999999999,0,0,0
639155411803702909,nan,197.53949707867184,0.0045720412557340847,0.00039642649605535311,211,0,0,0,0,-0.012095013663926643,-0.0060806486505509995,0.0046264568805746047,-0.0090245406030823941,-0.0026930600647330203,0.0050228833766299578,0.0030861126771536788,0.0033733469711913502,0.00039642649605535311,0,0.1028635965407637,0.01381407730445325,0.003086051905258068,0.0010843012559881482,0.0032709976422621318,0.00041444165884182375,0.030001400000000001,-4.3029273720518457e-19,-0.0022891013114780521,1.0549152639947879e-05,-0.0022890770038574756,-1.4342421927149552e-17,0.0022891013114780521,1.8015162786470636e-05,1,0,0.030001400000000001,0,0,0,0,0,0,0,0.0138827,188,0,0,1,0,0,0,0,0,0,0,0,1,20,nan,1,0.0030860798097555389,0,0.0017156497255336495,-0.0077525177039206028,0.030001400000000001,5.1471893675625238e-05,0.0017156497255336495,-0.019650500000000001,0,0,0
639155411803902385,nan,194.8509662569227,0.0012081395687922305,0.00091239754588473727,217,0,0,0,0,-0.0090281575134531014,-0.0019729796483642448,0.0050377540323528749,-0.0092678205125648096,-0.0031571092293384969,0.0059501515782376122,-0.00024562528625762028,-0.0011829071968807775,0.00091239754588473727,0,-0.012312643908278929,0.046485201307809178,-0.00024560769562478478,-0.00046282134931169294,0.00052395299553377212,0.00092726820160765437,0.019947599999999999,8.2882173888833288e-19,0.0007200895000473613,-3.6169103707073269e-06,0.00072008041636877551,4.1549947807672746e-17,0.0007200895000473613,1.4870655722917098e-05,1,0,0.019947599999999999,0,0,0,0,0,0,0,0.013947899999999999,189,0,0,1,0,0,0,0,0,0,0,0,1,20,nan,1,-0.00024561752765071544,0,0.0021299598838837807,-0.0023109037429094315,0.019947599999999999,4.2487587779760101e-05,0.0021299598838837807,-0.0329961,0,0,0
639155411804203013,nan,191.79494759646423,0.0029465073315762575,0.0011197740700807377,213,0,0,0,0,-0.0092636722744129565,-0.0038542661239204159,0.005931809627863889,-0.0067841396549498025,-0.0022624673162657469,0.0048120355577831514,0.0024889311888405077,0.001577062773718793,-0.0011197740700807377,0,0.082792025853512197,0.037857951370280238,0.0024889601148289663,0.00087984788565993927,0.0026398967319025352,-0.0011381160204544608,0.030062800000000001,4.5146856088654208e-19,-0.00069716923594122346,4.1482381518530981e-06,-0.00069715689458191895,1.5017515364055979e-17,0.00069716923594122346,-1.8341950373723138e-05,1,0,0.030062800000000001,0,0,0,0,0,0,0,0.0039278000000000004,191,0,0,1,0,0,0,0,0,0,0,0,1,20,nan,1,0.0024889370595084473,0,0.0017432033109475598,-0.0087311035022139549,0.030062800000000001,-5.2405572496354302e-05,-0.0017432033109475598,-0.037539200000000002,0.070000000298023224,0,0.0021043960089594128
639155411804503231,nan,194.11271429195884,0.0039680230374140495,0.0016390380868964373,214,0,0,0,0,-0.0067883813335476977,-0.0013810012906616122,0.0047986459423343172,-0.010635329127288734,-0.0023537291548042997,0.0031596078554378799,-0.0038515712606911998,-0.00095425659508657616,-0.0016390380868964373,0,-0.12829290840238722,0.055040927004552404,-0.0038515840374747888,-7.2728792765036152e-05,0.0038522706388606259,-0.0016524277023452715,0.030021800000000001,-2.3462812638944119e-19,0.00088147623117794665,-4.2416785978952043e-06,0.00088146602560413472,-7.8152584585015281e-18,0.00088147623117794665,-1.3389615448834193e-05,1,0,0.030021800000000001,0,0,0,0,0,0,0,0.0139728,192,0,0,1,0,0,0,0,0,0,0,0,1,20,nan,1,-0.0038515826456122248,0,0.0012742754977891611,-0.0019128117710351944,0.030021800000000001,-3.8256044139526636e-05,-0.0012742754977891611,-0.0399703,0.070000000298023224,0,0.0021015260089471935
639155411804702894,nan,195.07052222231968,0.0021187516265804588,0.003548180179841856,211,0,0,0,0,-0.010635162926827226,-0.0024063305901866104,0.0030766974737146849,-0.0086424586523798745,-0.0031262181715051057,0.0066248776535565409,0.0019904799701099202,-0.00072601511260341606,0.003548180179841856,0,0.099688964358867482,0.17355593165076458,0.0019904197690784557,-0.00077878183950867057,0.0021373516347776849,0.0034652697981186606,0.019966299999999999,-2.4360138167441644e-19,-5.2601697946671018e-05,1.6620046150786494e-07,-5.2601435382310709e-05,-1.2200627140452484e-17,5.2601697946671025e-05,-8.2910381723195009e-05,1,0,0.019966299999999999,0,0,0,0,0,0,0,0.013968700000000001,193,0,0,1,0,0,0,0,0,0,0,0,1,20,nan,1,0.0019905119966874469,0,0.011864331644992574,-0.0078962268307805061,0.019966299999999999,-0.0002368868049234152,-0.011864331644992574,-0.0532691,0.070000000298023224,0,0.001397641005950421
639155411804903515,nan,195.42960235114376,0.0027392162599295953,0.0021997112123396138,210,0,0,0,0,-0.0086372287192365907,-0.0039156450717992963,0.0066248776535565426,-0.011069956493753984,-0.002656621126929967,0.0044251664412169288,-0.0024243335711275813,0.0012751127222980984,-0.0021997112123396138,0,-0.12084146580505442,0.10964511254253603,-0.0024243335711275822,0.000485668498106942,0.0024725022050848949,-0.0021997112123396121,0.020062099999999999,-8.5635030967409764e-19,-0.00078944422419115656,5.2299331432838214e-06,-0.00078942690029419052,-4.2684978625074028e-17,0.00078944422419115656,1.7347234759768071e-18,1,0,0.020062099999999999,0,0,0,0,0,0,0,0.013998399999999999,194,0,0,1,0,0,0,0,0,0,0,0,1,20,nan,1,-0.0024243335711275822,0,0,-0.0078962268307805061,0.020062099999999999,0,0,-0.033207,0.070000000298023224,0,0.0014043470059789717
639155411805203052,nan,199.49117013316155,0.0022104920276270366,0.0022599017184216871,217,0,0,0,0,-0.011073130048926776,-0.0019394651735968281,0.0043831511874178938,-0.01308600092486357,-0.0028530437640903513,0.0021232494689962067,-0.0020168558805774769,-0.00090474712554544005,-0.0022599017184216871,0,-0.067333714765702074,0.076849169625813243,-0.0020168938919774104,-0.00018749941093567751,0.0020255905313258677,-0.0023019169722207221,0.0299537,1.2027867851011065e-19,0.00071716297509952232,-3.173555172791831e-06,0.00071715595333313891,4.0154865178629236e-18,0.00071716297509952232,-4.2015253799035021e-05,1,0,0.0299537,0,0,0,0,0,0,0,0.0040828000000000001,196,0,0,1,0,0,0,0,0,0,0,0,1,20,nan,1,-0.002016882634293888,0,0.004007637863868597,-0.0075233438983559608,0.0299537,-0.0001200435822829608,-0.004007637863868597,-0.0032533000000000002,0.070000000298023224,0,0.0020967590089268984
639155411805402955,nan,190.77697865507483,0.0037080134095917308,0.0013693416115241816,210,0,0,0,0,-0.013085728660368936,-0.0029812736727607781,0.0021349433068598377,-0.0096264844624636726,-0.0016459860539419467,0.0035042849183840193,0.0034620870755191755,0.0013278992910741299,0.0013693416115241816,0,0.17318757332523541,0.069085278829622995,0.0034620715470434532,0.0011997095783550103,0.0036640472798866296,0.0013810354493878126,0.019990299999999999,-3.0292015776181916e-19,-0.00012823019771325718,2.7226449463360614e-07,-0.00012822990867042677,-1.5153357266365145e-17,0.00012823019771325718,1.1693837863631026e-05,1,0,0.019990299999999999,0,0,0,0,0,0,0,0.0040061999999999997,197,0,0,1,0,0,0,0,0,0,0,0,1,20,nan,1,0.003462091588287928,0,0.0016713588752874625,-0.0022854390554130077,0.019990299999999999,3.341096532465896e-05,0.0016713588752874625,-0.01738,0.20999999344348907,0,0.0041979628689333796
639155411805703025,nan,191.0510808200126,0.0032495283255041972,0.0019130435318278306,213,0,0,0,0,-0.0096327700116823102,0.00014768188006859155,0.0035163231479994469,-0.0072458289443203825,-0.0020573003600402062,0.0054293666798272775,0.0023791728965628133,-0.0022133618471716328,0.0019130435318278306,0,0.079288150809762981,0.064154422682815945,0.0023791995413485578,-0.00041965425878215721,0.0024159263553484387,0.0019250817614432582,0.030006999999999999,5.9207603013075594e-19,0.0017936789471994737,-6.2855492186375539e-06,0.0017936679340105383,1.9731263709492984e-17,0.0017936789471994737,1.2038229615427606e-05,1,0,0.030006999999999999,0,0,0,0,0,0,0,0.0139758,198,0,0,1,0,0,0,0,0,0,0,0,1,20,nan,1,0.002379192324004836,0,0.0011462306048043633,0.0065033617429435253,0.030006999999999999,3.4394941758364526e-05,0.0011462306048043633,-0.0198867,0.20999999344348907,0,0.0063014698032587768
639155411806002889,nan,191.68180659156459,0.0021840738441311481,0.0012479222389333838,215,0,0,0,0,-0.0072435272169268971,-0.002481236504416293,0.0054598418100296814,-0.009281910810684987,-0.0016969082049678632,0.0042119195710962976,-0.002034070924689648,0.00079544580579069674,-0.0012479222389333838,0,-0.067833923547327785,0.040599975613310704,-0.0020340951650595898,0.00037144142399261253,0.0020677310927624168,-0.0012174471087309801,0.0299864,3.3076636590280428e-19,-0.00042394239285244433,2.3017273934854143e-06,-0.0004239361443760868,1.1030546044300226e-17,0.00042394239285244433,3.047513020240384e-05,1,0,0.0299864,0,0,0,0,0,0,0,0.0041002,200,0,0,1,0,0,0,0,0,0,0,0,1,20,nan,1,-0.0020340789920951104,0,0.0029037097010075454,-0.0021143790800124407,0.0299864,8.7071800578292658e-05,0.0029037097010075454,-0.056311800000000002,0.20999999344348907,0,0.0062971438033938409
639155411806203109,nan,194.77338701124859,0.0022808671447729048,0.0012861485318791162,218,0,0,0,0,-0.0092829484508751055,-0.001450551636046781,0.0042119195710962993,-0.0081639735169761665,-0.0034380752282112538,0.0054980681029754156,0.0011105937436924696,-0.001992218981080054,0.0012861485318791162,0,0.055468671645813095,0.064236766151189589,0.0011105937436924698,-0.0017458602269272293,0.0020691656278546801,0.001286148531879118,0.020022000000000002,5.0610218598444445e-20,0.000246358754152825,-1.0376401901185384e-06,0.00024635656892108221,2.5277304264531236e-18,0.00024635875415282506,1.7347234759768071e-18,1,0,0.020022000000000002,0,0,0,0,0,0,0,0.0042335999999999997,201,0,0,1,0,0,0,0,0,0,0,0,1,20,nan,1,0.0011105937436924698,0,0,-0.0021143790800124407,0.020022000000000002,0,0,-0.036289799999999997,0.20999999344348907,0,0.0042046198687255383
639155411806503032,nan,195.00433354358276,0.0044857701888940072,0.0041735814389621765,209,0,0,0,0,-0.0081495830618457683,-0.0060554146024690836,0.0052678090896131867,-0.0040694810559485173,-0.0041913057512902143,0.0094413905285753632,0.0040898651191293321,0.0018425898878750519,0.0041735814389621765,0,0.136377979802632,0.13147782682888434,0.00409028928363448,-0.00077573082347872865,0.0041631988583672123,0.0039433224255999476,0.0299923,1.1350241493207625e-19,-0.0026173789342086536,1.4390455130398189e-05,-0.0026173393742578298,3.7843851565927339e-18,0.0026173789342086536,-0.00023025901336222888,1,0,0.0299923,0,0,0,0,0,0,0,0.0142265,202,0,0,1,0,0,0,0,0,0,0,0,1,20,nan,1,0.0040905442323602367,0,0.021935059842714759,-0.013532755896449089,0.0299923,-0.00065788289532065381,-0.021935059842714759,-0.040558200000000003,0.22400000691413879,0,0.0067182754073709244
639155411806702926,nan,192.74817182957062,0.006132632802359532,0.0041373895625902773,208,0,0,0,0,-0.0040644983569155524,-0.004719040618802327,0.0095272949838534349,-0.0099636133460495775,-0.0030428462883172265,0.0053899054212631576,-0.0058828779054972196,0.0017323200159291487,-0.0041373895625902773,0,-0.29430731776830726,0.20268167665423703,-0.0058830266977978017,0.0012040562546253681,0.0060049774846625504,-0.0040514851073122056,0.019989400000000001,6.3273361159896235e-19,-0.00052775838949057003,4.9826990329649226e-06,-0.00052773486751211268,3.1653456912111536e-17,0.00052775838949057003,8.5904455278071681e-05,1,0,0.019989400000000001,0,0,0,0,0,0,0,0.0140973,203,0,0,1,0,0,0,0,0,0,0,0,1,20,nan,1,-0.0058828788909312457,0,0.012278572683246225,0.0085166385397315025,0.019989400000000001,0.00024544130079448209,0.012278572683246225,-0.020568800000000002,0.22400000691413879,0,0.0044776257382094864
639155411806902378,nan,197.17126487269664,0.0020981864231785349,3.6246283086447707e-05,206,0,0,0,0,-0.0099699604776024749,-0.0018652616011974941,0.0054250353212029053,-0.011848531328093596,-0.002799797756782605,0.0053887890381164576,-0.0018836130732261906,-0.00092433114022092691,-3.6246283086447707e-05,0,-0.094437789563576013,5.5972522045400478e-05,-0.0018835806004034363,0.0002532044815911883,0.0019005231878917006,-1.1163831466999216e-06,0.0199452,1.2756316185649763e-18,0.0011776017923805261,-6.3471315528973449e-06,0.0011775846871197324,6.3956822622233739e-17,0.0011776017923805261,3.5129899939747786e-05,1,0,0.0199452,0,0,0,0,0,0,0,0.0141356,204,0,0,1,0,0,0,0,0,0,0,0,1,20,nan,1,-0.0018835678908198815,0,0.0050323457616365929,0.016638481989502907,0.0199452,0.00010037114268499417,0.0050323457616365929,-0.033182799999999998,0.22400000691413879,0,0.0044677249379038806
639155411807202366,nan,196.70112180117485,0.0039666912894118786,0.00095398489425378794,212,0,0,0,0,-0.011850583540688553,-0.0024189714309353853,0.0053934602233938608,-0.0080679572742772578,-0.0036132822423037758,0.0063474451176476487,0.0037761298127296991,-0.0012146947859071611,0.00095398489425378794,0,0.12587621794048104,0.031956480910276114,0.0037761354867529022,-0.00083384529156095349,0.0038671044962055199,0.0009586560795311911,0.029998799999999999,1.4484263398048536e-19,0.00038083185533096847,-2.0522125949561792e-06,0.00038082632584721977,4.8282809305867353e-18,0.00038083185533096847,4.6711852774031573e-06,1,0,0.029998799999999999,0,0,0,0,0,0,0,0.0042018000000000003,206,0,0,1,0,0,0,0,0,0,0,0,1,20,nan,1,0.0037761299223176116,0,0.00044489258402739698,0.01266027707606554,0.029998799999999999,1.3346243649721076e-05,0.00044489258402739698,-0.036411800000000001,0.22400000691413879,0,0.0067197314074158663
639155411807402369,nan,200.5099550575421,0.0065190198112968127,0.0033387261548155911,203,0,0,0,0,-0.0080644132613981907,-0.0041716116515526638,0.0063071921358237824,-0.014577771625788306,-0.0038999830133172064,0.0029684659810081913,-0.0065115156092789908,0.00031270396575097166,-0.0033387261548155911,0,-0.32557026728282235,0.16894642263563334,-0.0065115030167366313,-0.00024537458358324599,0.0065161246322671664,-0.0033789791366394574,0.020000299999999999,-4.8280877993495119e-20,-0.00055834065700027552,3.5440128790670267e-06,-0.00055832940924888802,-2.4140076895594127e-18,0.00055834065700027552,-4.0252981823866302e-05,1,0,0.020000299999999999,0,0,0,0,0,0,0,0.0040582999999999999,207,0,0,1,0,0,0,0,0,0,0,0,1,20,nan,1,-0.0065114888958869264,0,0.0057503397197426406,-0.0038336173165589571,0.020000299999999999,-0.00011500851949676873,-0.0057503397197426406,-0.050651300000000003,0.29399999976158142,0,0.0058800881952315561
639155411807702449,nan,195.34674489401709,0.0063818480537219243,0.00033377287729547929,213,0,0,0,0,-0.014576580785870139,-0.0043011452391852507,0.0029684659810081922,-0.008808399505454945,-0.0015705648435436845,0.0026346931037127129,0.0057762614895406662,0.0027134457402431603,-0.00033377287729547929,0,0.19249071879301077,0.01112279649744996,0.0057762614895406671,0.0023122817468899251,0.0062218842541910801,-0.00033377287729547843,0.030008,4.6650339570030591e-19,-0.00040116399335323523,1.1908399181678742e-06,-0.00040116222586804437,1.5545967598650557e-17,0.00040116399335323518,8.6736173798840355e-19,1,0,0.030008,0,0,0,0,0,0,0,0.013833399999999999,208,0,0,1,0,0,0,0,0,0,0,0,1,20,nan,1,0.0057762614895406671,0,0,-0.0038336173165589571,0.030008,0,0,-0.0206433,0.29399999976158142,0,0.0088223519928455358
639155411808002903,nan,197.8944523982382,0.0038936559597366467,0.0013563425801160836,215,0,0,0,0,-0.0088145043295958306,0.00074652097055393461,0.0027186649052898613,-0.010072067163693341,-0.0029384610444753581,0.0040750074854059449,-0.0012675764056294678,-0.003681549509199107,0.0013563425801160836,0,-0.042178411830627698,0.047937933317354138,-0.0012672672548159414,-0.0013645620806223087,0.001862255612691506,0.001440314381693232,0.0300454,-6.2680438096818225e-19,0.0023170938562713031,-6.1048241408855758e-06,0.0023170858140976192,-2.0861908344311682e-17,0.0023170938562713031,8.3971801577148352e-05,1,0,0.0300454,0,0,0,0,0,0,0,0.0041161000000000001,210,0,0,1,0,0,0,0,0,0,0,0,1,20,nan,1,-0.0012674309381777405,0,0.007985230121002369,-0.0031904017087072134,0.0300454,0.00023991943307756459,0.007985230121002369,-0.023069699999999999,0.29399999976158142,0,0.0088333475928366184
639155411808202903,nan,194.50451208010207,0.001608217953769578,0.0008009588004730785,209,0,0,0,0,-0.01006837066333238,-0.0038455710100892965,0.003996592494292588,-0.0087960797759670424,-0.0028618836183057434,0.0047975512947656665,0.0012762121135665994,0.00097859472102228414,0.0008009588004730785,0,0.063814442306960775,0.036127190467986077,0.0012762888461392155,7.1377146594515801e-05,0.0012782831907818179,0.00072254380935972157,0.02,-3.3966021184897444e-19,-0.00090711749725768103,3.6965003609602115e-06,-0.00090710996561393833,-1.6983010592448722e-17,0.00090711749725768103,-7.8414991113356924e-05,1,0,0.02,0,0,0,0,0,0,0,0.0041716000000000001,211,0,0,1,0,0,0,0,0,0,0,0,1,20,nan,1,0.0012762808423622644,0,0.011202141587622463,-0.025407969951629639,0.02,-0.00022404283175244928,-0.011202141587622463,-0.0030696999999999999,0.29399999976158142,0,0.0058799999952316283
639155411808402845,nan,197.04803413666028,0.0013925593510145044,0.00033188704375752311,220,0,0,0,0,-0.0087964176879006071,-0.0027914499073806061,0.0047627394800425962,-0.0089887966485368478,-0.0041706568830019077,0.0044308524362850731,-0.00019894555738812254,-0.0013782750854939906,-0.00033188704375752311,0,-0.0099525631195286294,0.018340261599893638,-0.00019899353752447934,-0.0013078336375013592,0.0013228859555368116,-0.00036669885848059341,0.0199942,-1.6337147970167318e-19,7.0434521501609214e-05,-3.3791193356468019e-07,7.043371092513729e-05,-8.1709435587156857e-18,7.04345215016092e-05,-3.4811814723070302e-05,1,0,0.0199942,0,0,0,0,0,0,0,0.0039934000000000002,212,0,0,1,0,0,0,0,0,0,0,0,1,20,nan,1,-0.00019892849718946429,0,0.0049745590111233305,-0.011502214707434177,0.0199942,-9.9462327780202101e-05,-0.0049745590111233305,-0.016464800000000002,0.29399999976158142,0,0.0058782947952330114
639155411808703139,nan,191.28838331014086,0.0054194250316502617,0.0017339036260951787,218,0,0,0,0,-0.0089800929228828295,-0.0061349896655998153,0.0043832860603570728,-0.0043132816599830252,-0.0033798054049470048,0.0061171896864522513,0.0046788431528815132,0.0027347018894956767,0.0017339036260951787,0,0.15581307743233322,0.056156208587823206,0.0046789732274465073,0.00077012726569826494,0.0047419285600410598,0.0016863372501671782,0.030029400000000001,-6.6576789654188007e-19,-0.0019643520650914638,8.7037256540183072e-06,-0.0019643327825979075,-2.217053609269183e-17,0.0019643520650914638,-4.7566375928000289e-05,1,0,0.030029400000000001,0,0,0,0,0,0,0,0.013933600000000001,213,0,0,1,0,0,0,0,0,0,0,0,1,20,nan,1,0.0046789208849825643,0,0.0045256958588202204,-0.011298133060336113,0.030029400000000001,-0.00013590393122285592,-0.0045256958588202204,-0.053105199999999998,0.37800002098083496,0,0.011351113830041885
639155411808902287,nan,190.16491962443359,0.0037460628028996761,0.0046907248207215292,217,0,0,0,0,-0.0043163738623124732,-0.0028743177680146162,0.0061171896864522521,-0.0080144755266068519,-0.0022767973886034,0.0014264648657307238,-0.0036943773503036481,0.00062013104811158731,-0.0046907248207215292,0,-0.18550913643640143,0.2355396399020592,-0.0036943773503036472,0.0011256281428675674,0.0038620542101907487,-0.0046907248207215283,0.0199148,4.8069119756681544e-19,0.00050549709475598034,-3.0922023294480128e-06,0.00050548763693238855,2.4137385139033054e-17,0.00050549709475598023,8.6736173798840355e-19,1,0,0.0199148,0,0,0,0,0,0,0,0.014090500000000001,214,0,0,1,0,0,0,0,0,0,0,0,1,20,nan,1,-0.0036943773503036472,0,0,-0.011298133060336113,0.0199148,0,0,-0.033190400000000002,0.37800002098083496,0,0.0075277948178291317
639155411809202328,nan,198.11901832165671,0.0039385152187698417,0.0026967518580973903,218,0,0,0,0,-0.008016857394312956,-0.00060702889462625558,0.0013985480745803776,-0.0053309725444829403,-0.0034876407570498011,0.0040952999326777676,0.0026818535502595455,-0.0028843653831374981,0.0026967518580973903,0,0.089380218936362305,0.088949012533188598,0.0026817730269885079,-0.0012146700579562541,0.0029440329342550762,0.0026688350669470439,0.030004099999999999,1.6855955650360577e-18,0.0016697701928027311,-2.3818677061041016e-06,0.0016697684939771444,5.6178841059590444e-17,0.0016697701928027314,-2.7916791150346199e-05,1,0,0.030004099999999999,0,0,0,0,0,0,0,0.0039432,216,0,0,1,0,0,0,0,0,0,0,0,1,20,nan,1,0.0026818214672705582,0,0.0026583787025626937,-0.0026587420143187046,0.030004099999999999,-7.9762260429561312e-05,-0.0026583787025626937,-0.036366799999999998,0.37800002098083496,0,0.01134155042951107
639155411809502924,nan,190.95013253375316,0.0044485301824592673,3.7645578164669131e-05,213,0,0,0,0,-0.0053259595714800273,-0.0047117134892780731,0.0038816284183464688,-0.0018816539555334122,-0.0018963663333824295,0.0038439828401817997,0.0034552077723207912,0.002801956465462138,-3.7645578164669131e-05,0,0.11496514896148501,0.0083606266382775535,0.0034558063917226544,0.0015771351249717113,0.0037986777988519489,-0.00025131709249596795,0.030059599999999999,-1.5839516113655416e-19,-0.0012240829970566192,5.0129730029130348e-06,-0.001224072732228272,-5.2693702223766843e-18,0.0012240829970566192,-0.00021367151433129882,1,0,0.030059599999999999,0,0,0,0,0,0,0,0.013924300000000001,217,0,0,1,0,0,0,0,0,0,0,0,1,20,nan,1,0.0034553248180900649,0,0.020309320182123714,-0.002658061683177948,0.030059599999999999,-0.00061049004094656601,-0.020309320182123714,-0.039917300000000003,0.47600001096725464,0,0.014308369929671287
639155411809703118,nan,195.92585568819612,0.0025787115644540417,0.00040793366932158782,211,0,0,0,0,-0.0018856937215771025,-0.00084543912736754221,0.003891081584842416,-0.0029942289807065384,-0.0031737223815949665,0.0034831479155208282,-0.0011175863844759858,-0.0023239522382964119,-0.00040793366932158782,0,-0.055819701289918047,0.018024262698231288,-0.0011174769280033854,-0.0012730699022144262,0.0016939485412916565,-0.00036083492466097147,0.0200194,-4.912791094074942e-20,0.0010509349704201233,-4.0397660436902391e-06,0.0010509272060148873,-2.4540151523397014e-18,0.0010509349704201233,4.7098744660616348e-05,1,0,0.0200194,0,0,0,0,0,0,0,0.0140559,218,0,0,1,0,0,0,0,0,0,0,0,1,20,nan,1,-0.0011175625826084976,0,0.0067218718786514163,-0.015189182013273239,0.0200194,0.00013456784188747416,0.0067218718786514163,-0.0198979,0.47600001096725464,0,0.0095292346195578574
639155411809902288,nan,199.27059058914065,0.0027560505011806906,2.3389708431471e-05,202,0,0,0,0,-0.0029898159834012825,-0.0044406738765189876,0.0035250408207747465,-0.00023535138139484172,-0.0043471906087549804,0.0035484305292062175,0.0027547770203081717,8.377310690411902e-05,2.3389708431471e-05,0,0.13831267301260247,0.003277733277370549,0.0027547735083920037,-0.0011830706680496926,0.0029980715948986166,6.5282613685389225e-05,0.019917000000000001,-1.5924219408380846e-19,-0.0012669591804929739,4.412997305255819e-06,-0.0012669514949240211,-7.9952901583475653e-18,0.0012669591804929739,4.1892905253918238e-05,1,0,0.019917000000000001,0,0,0,0,0,0,0,0.0141228,219,0,0,1,0,0,0,0,0,0,0,0,1,20,nan,1,0.0027547027002195589,0,0.0060096407597123843,0.018915409222245216,0.019917000000000001,0.00011969401501119156,0.0060096407597123843,-0.0330832,0.47600001096725464,0,0.0094804922184348103
639155411810202935,nan,195.16722291437597,0.0045652056507189537,0.00041686290782529627,213,0,0,0,0,-0.00022901348631862423,-0.0061332953170548455,0.0034196409310839793,0.003912418333126875,-0.0042124504200783588,0.0038365038389092756,0.0041479761916628386,0.0019066714836999379,0.00041686290782529627,0,0.13797648793154607,0.0095817789534922392,0.0041482217167155529,0.00012002129860006455,0.0041499576531752918,0.00028807330970305814,0.0300647,4.2182240773264157e-19,-0.0017861159531018537,6.3378950762174938e-06,-0.0017861047082998651,1.4030487838981982e-17,0.0017861159531018537,-0.00012878959812223818,1,0,0.0300647,0,0,0,0,0,0,0,0.0040419999999999996,221,0,0,1,0,0,0,0,0,0,0,0,1,20,nan,1,0.0041481995643704757,0,0.012239279964518344,-0.018486488610506058,0.0300647,-0.00036797028034925468,-0.012239279964518344,-0.036391699999999999,0.47600001096725464,0,0.014310797529727221
639155411810402391,nan,203.43946375502031,0.0055426386358298496,0.0038733610660195246,207,0,0,0,0,0.0073075519001886829,-0.0041205922847426628,0.0037296735994844167,0.012790059277019558,-0.0033063712395781379,0.0076030346655039417,0.0054855060164569532,0.00079376746645875131,0.0038733610660195246,0.17023609188170993,0.44526370616872318,0.188840186637387,0.008881051777758886,0.00087201349231616845,0.0089237597575246106,0.0037665308265946661,0.019945600000000001,0.0033954609942358225,7.8832048306922082e-05,0.0033951335670618079,9.1858135335695992e-05,0.17023609188170938,0.0033963759884937926,-0.00010683023942485888,1,0.0033954609942358337,0.019945600000000001,0.0027253606657618441,1.6940658945086007e-21,0.0027253606657618445,0,0.13663969325374237,0.0027253606657618445,0,0.0039363000000000002,222,0,0,1,0,0,0,0,0,0,0,0,1,20,nan,1,0.0088809185923195942,0.0033954609942358337,0.015303087172087967,-0.010174342431128025,0.019945600000000001,-0.00030522925549959778,-0.015303087172087967,-0.049695099999999999,0.47600001096725464,0,0.0094941058187484745
639155411810702402,nan,74.392351370795438,0.0024983270336334557,0.0045455152382336697,206,0,0,0,0,0.018879324646019314,-0.0019987251604197129,0.0076030346655039443,0.017169959652382039,-0.003820732099350293,0.0030575194272702741,-0.0017231682364377472,-0.0018089580415022804,-0.0045455152382336697,0.20329359103769512,0.14585675584039309,0.15151161918175221,0.004375863117643217,-0.00054764620679388935,0.0044099993641911056,-0.0045455152382336663,0.030001099999999999,0.0060990313540809646,0.0012613118347083909,0.0060892653689997561,0.001307646079158425,0.20329359103769412,0.0062280888723940143,2.6020852139652106e-18,1,0.006099031354080995,0.030001099999999999,0.0032819717337125294,0,0.0032819717337125298,0,0.10939504663870757,0.0032819717337125298,0,0.013857100000000001,223,0,0,1,1,1,1,1,1,3,0.59474940024863454,4.7579952019890763,0.61341288983838749,20,0.006099031354080995,1,0.001730145279900594,0.006099031354080995,0,-0.010174342431128025,0.030001099999999999,0,0,-0.019694,0.47600001096725464,0,0.014280523929029702
639155411811002414,nan,47.662735293005085,0.0012504874957463222,0.001177297520079387,209,0,0,0,0,0.02437277916257951,-0.0043264635612407579,0.0021933721645231363,0.023192778645173096,-0.0039125580696868223,0.0010160746444437493,-0.0011790898309302577,0.00041649267414297313,-0.001177297520079387,0.24230547703960614,0.20074230636195331,0.06804543761004643,0.0060225100816262336,-0.00011024039850847045,0.0060235189572834351,-0.0020414447828265249,0.030001199999999999,0.0072012395613540413,-0.00052775182426651845,0.0072028195101974703,-0.00050573146189046483,0.24003171744310367,0.0072205521401086208,-0.00086414726274713785,1,0.0072694550777606315,0.030001199999999999,0.0062635900568538952,0,0.006263590056853896,0,0.20877798410909881,0.006263590056853896,0,0.0038696999999999998,225,0,0,1,1,1,1,1,2,3,0.78836093910350935,6.3068875128280748,0.48756538958271889,20,0.0072694550777606315,1,0.0010769504521205404,0.0072694550777606315,0.082296447451353241,-0.043671939522027969,0.030001199999999999,-0.0024689921792775387,-0.082296447451353241,-0.023285699999999999,0.50399994850158691,0,0.015120603254985808
639155411811202349,nan,24.874167775631328,0.0011863730745516003,0.00017824804705092426,213,0,0,0,0,0.028596433512461258,-0.0039723407893612834,0.00089647332769369982,0.028597425179757191,-0.0051587134494546416,0.00071822528064277558,-7.1884406573566958e-08,-0.0011863730723737996,-0.00017824804705092426,0.27026740361646667,0.27025671133210705,0.0148973098157388,0.0054033775580184821,-0.0012516462598587367,0.0055464499812326934,-0.00029784936380097371,0.019993500000000001,0.0054035913342058159,-6.5273204567628824e-05,0.0054036548672881622,-5.9782719674461061e-05,0.27026740361646612,0.0054039855568218092,-0.00011960131675004947,1,0.0054035913342058263,0.019993500000000001,0.0030437244727882784,-4.2351647362715017e-22,0.0030437244727882784,0,0.15223570024199257,0.0030437244727882784,0,0.0087316000000000008,226,0,0,1,1,1,1,1,3,3,1,8,0.34999999999999998,20,0.0054035913342058263,1,-0.0034606471768907831,0.0054035913342058263,0.017091457116427063,-0.017085902392864227,0.019993500000000001,-0.00034171804785728451,-0.017091457116427063,-0.036273,0.50399994850158691,0,0.010076722970366478
639155411811485314,nan,122.73819555048492,0.0041572869585610349,0.0021130870084605691,215,0,0,0,0,0.039244761110360828,-0.0069202250273092437,0.00070124124771010657,0.035472225902264481,-0.0051735101222674619,-0.0014118457607504625,-0.0037713094121054774,0.0017493599326571714,-0.0021130870084605691,0.37623267974357621,0.24295542989377586,0.075276837820692957,0.0068747883219892284,-1.9734324250179754e-05,0.0068748166459705008,-0.0021300710413932381,0.028296499999999999,0.010646068022364071,-0.0017691583086982944,0.010647335930603637,-0.0017615115778546022,0.37623267974357505,0.010792065856824587,-1.6984032932669015e-05,1,0.010646068022364103,0.028296499999999999,0.0060532075843943711,0,0.0060532075843943711,0,0.21392071755850975,0.0060532075843943711,0,0.0122075,227,0,0,1,1,1,1,1,4,3,0.35009425194391919,2.8007540155513535,0.77243873623645254,20,0.010646068022364103,1,0.0048432585613513244,0.010646068022364103,0.0017149049663051775,0.013207358308136463,0.028296499999999999,-4.8525808379054451e-05,-0.0017149049663051775,-0.0079764999999999992,0.50399994850158691,0,0.014261434542775153
639155411811702311,nan,209.05187939292031,0.0084896333302341108,0.0037868108619977334,210,0,0,0,0,0.043312739335181698,-0.0051884834765792039,-0.0013941281874243815,0.051782542793220691,-0.005768400249929165,0.0023926826745733522,0.0084706037051714596,-0.00056810822187103706,0.0037868108619977334,0.36131959237673422,0.75167585395367109,0.17532631489485179,0.016311140528038476,-0.00057186189065324994,0.016321162070986269,0.0038045284353238149,0.021699699999999999,0.0078405267586974525,-3.9037474136357901e-06,0.0078405134329172163,-1.4973354311741995e-05,0.36131959237673578,0.007840527730522651,1.7717573326081048e-05,1,0.0078405267586974196,0.021699699999999999,0.0028260973237339,0,0.0028260973237339004,0,0.13023670021861594,0.0028260973237339,0,0.013878100000000001,228,0,0,1,0,0,0,0,0,0,0,0,1,20,nan,1,0.016311126048520884,0.0078405267586974196,0.0023328266323736058,0.0017356246244162321,0.021699699999999999,5.0621638074517528e-05,0.0023328266323736058,-0.019563899999999999,0.50399994850158691,0,0.010936647682499885
639155411812002341,nan,210.66639682689373,0.017713157970582757,0.0073710123190905705,200,0,0,0,0,0.064716071188337596,-0.0066139351511649439,0.0025702033343219704,0.082383982709739983,-0.0078791891820679059,0.0099412156534125409,0.017664601208258423,-0.0013106599269125769,0.0073710123190905705,0.43406233344066669,1.0197747517820166,0.25159260670063621,0.03059630187771584,-0.0021840023553242635,0.030674151249551793,0.0075485329788391887,0.030002999999999998,0.012931468278581158,-0.00087647828070769882,0.012933528395116904,-0.00084553490123577893,0.43100584203516845,0.012961137527875515,0.0001775206597486182,1,0.013023172190220322,0.030002999999999998,0.011308075151513051,3.3881317890172014e-21,0.011308075151513053,0,0.37689814856891152,0.011308075151513053,0,0.0037399999999999998,230,0,0,1,0,0,0,0,0,0,0,0,1,20,nan,1,0.03059574702878937,0.013023172190220322,0.016905038995968857,0.038679536432027817,0.030002999999999998,0.00050720188499605353,0.016905038995968857,-0.023182500000000002,0.56000000238418579,0,0.016801680071532727
639155411812202383,nan,213.14190003455585,0.00208444748698917,0.0010719506436579502,206,0,0,0,0,0.091889490426894468,-0.0093948764953643588,0.010167861830883227,0.089919469730830412,-0.010076007747836858,0.011239812474541177,-0.001976844390367861,-0.00066106549016461741,0.0010719506436579502,0.47439890076603081,0.37558492611925703,0.064916208652614771,0.007513275979074841,-0.0022716206809646807,0.0078491768011638933,0.0012985968211286364,0.0200042,0.0094899704907038251,-0.0016101071635583361,0.0095055077171544849,-0.001515687313296453,0.47439890076603042,0.0096255901113942773,0.0002266461774706862,1,0.0094899704907038338,0.0200042,0.007656228979682822,0,0.007656228979682822,0,0.38273107545829488,0.007656228979682822,0,0.0038654000000000002,231,0,0,1,0,0,0,0,0,0,0,0,1,20,nan,1,0.0075125400793456081,0.0094899704907038338,0.032371227395201867,0.032378025352954865,0.0200042,0.00064756050705909712,0.032371227395201867,-0.036242299999999998,0.56000000238418579,0,0.01120235204769373
639155411812402105,nan,25.061066399521263,0.0037637674279365815,0.0097512482284142742,209,0,0,0,0,0.09995154393547187,-0.012241114295168786,0.011239812474541181,0.099909240786113851,-0.0084775846094680418,0.0014885642461269059,-2.6447756745068274e-17,0.0037637674279365815,-0.0097512482284142742,0.50105174388308849,0.50105174388308782,0.48824106650315297,0.010007105639181805,0.0014860413831745453,0.01011684151631583,-0.0097512482284142707,0.019972199999999999,0.010007105639181831,-0.002277726044762036,0.010032074204641458,-0.002165106547331928,0.50105174388308904,0.010263050190305616,3.4694469519536142e-18,1,0.010007105639181819,0.019972199999999999,0.0080361183942689318,0,0.0080361183942689318,0,0.40236520735166542,0.0080361183942689318,0,0.0039337,232,0,0,1,1,1,1,1,1,3,1,8,0.34999999999999998,20,0.010007105639181819,1,-0.0015823987117088748,0.010007105639181819,0,0.032378025352954865,0.019972199999999999,0,0,-0.016270099999999999,0.56000000238418579,0,0.011184432047617435
639155411812702375,nan,90.772479284029188,0.00536929721220021,0.0040162045324949385,200,0,0,0,0,0.11596256078914441,-0.0060729120515837579,0.00081152928692986167,0.11104695877132585,-0.008233053101459685,0.0048277338194248004,-0.0049173534166940466,-0.0021561511840008651,0.0040162045324949385,0.53474811754897966,0.3709351465791127,0.11120556743257382,0.011138069646331017,0.00022795203443560895,0.011140402038370236,0.0033391695732978943,0.030027000000000002,0.016056881725643249,0.0023807735043566637,0.016053320003030558,0.002404672557884284,0.53474811754898088,0.016232422284746747,-0.00067703495919704424,1,0.016056881725643214,0.030027000000000002,0.0086127601308674268,0,0.0086127601308674251,0,0.28683385389374316,0.0086127601308674268,0,0.013920800000000001,233,0,0,1,1,1,1,1,2,3,0.53815551393011396,4.3052441114409117,0.65019891594542589,20,0.016056881725643214,1,0.0051910476019252439,0.016056881725643214,0.064421540537044714,-0.033727526664733887,0.030027000000000002,-0.0019343855977058417,-0.064421540537044714,-0.053222899999999997,0.56000000238418579,0,0.016815120071589949
639155411813002433,nan,81.499135450071776,0.0056086437680196938,0.0061496700525540291,205,0,0,0,0,0.12957012504581919,-0.0079530010213000289,0.0047193205934927384,0.12418243314366691,-0.0063942640697816355,-0.0014303494590612899,-0.0053802757528729544,0.0015841457444293148,-0.0061496700525540291,0.62311159922359327,0.43805525757715319,0.20856245387512046,0.013144198447808543,0.0017753532758512042,0.01326355277025911,-0.0062580832784860894,0.030005799999999999,0.018524302426712994,0.00019062424768183009,0.018523166274493338,0.00028005208015965607,0.61735739179468618,0.018525283209714478,-0.00010841322593206203,1,0.018696962023983296,0.030005799999999999,0.016028927405302266,0,0.016028927405302262,0,0.53419430261157064,0.016028927405302262,0,0.0040046999999999999,235,0,0,1,1,1,1,1,3,3,0.58442267878653653,4.6753814302922923,0.62012525878875124,20,0.018696962023983296,1,0.0054390233749297837,0.018696962023983296,0.010323073342207232,-0.015487681142985821,0.030005799999999999,-0.00030975207409160172,-0.010323073342207232,-0.023217100000000001,0.56000000238418579,0,0.016803248071539403
639155411813202253,nan,121.14269085287768,0.005965431231768654,0.0010908643658167094,202,0,0,0,0,0.13750754221045033,-0.0051762924423396691,-0.0015596048869336236,0.13282258985117798,-0.0088692033771320695,-0.00046874052111691409,-0.0046791871819047565,-0.0037002131151677065,0.0010908643658167094,0.66676775655108711,0.43257371113794912,0.048123758279670491,0.008643687895958499,-0.0024625783363534555,0.0089876377600244233,0.00096160893794437579,0.019982,0.013323353311403836,0.0012370299375649766,0.013325109066783428,0.0012179716274419664,0.66676775655108778,0.013380657178439613,-0.0001292554278723337,1,0.013323353311403822,0.019982,0.010653881921275921,0,0.010653881921275921,0,0.53317395262115508,0.010653881921275921,0,0.0040036000000000004,236,0,0,1,1,1,1,1,4,3,0.37782576427248854,3.0226061141799083,0.75441325322288244,20,0.013323353311403822,1,0.0058026130146951972,0.013323353311403822,0.018481694649803881,-0.014101361855864525,0.019982,-0.00036930122249238112,-0.018481694649803881,-0.036334999999999999,0.56000000238418579,0,0.0111899200476408
639155411813402164,nan,219.20724967149133,0.0013546970124030206,0.0017819694280990543,204,0,0,0,0,0.14629406524877339,-0.011347532586868029,-0.00047665109310931147,0.1450284157854754,-0.010864484523558406,-0.0022586205212083658,-0.0012658795649012609,0.00048244473525893561,-0.0017819694280990543,0.67393168014354055,0.61060971444641321,0.089533842564513799,0.012206759862469692,-0.0019895595622274813,0.012367834636331936,-0.0017898800000914518,0.019991100000000001,0.013472635610917534,-0.0024720143113027533,0.013471475397595412,-0.0024783292097359591,0.67393168014354055,0.013697545950273315,-7.910571992397373e-06,1,0.013472635610917534,0.019991100000000001,0.010789983164938179,8.4703294725430034e-22,0.010789983164938177,0,0.53973934225421205,0.010789983164938177,0,0.0039805999999999999,237,0,0,1,0,0,0,0,0,0,0,0,1,20,nan,1,0.012206782345339024,0.013472635610917534,0.0011305848234460629,-0.0011300817131996155,0.019991100000000001,-2.2601634263992587e-05,-0.0011305848234460629,-0.049721599999999998,0.56000000238418579,0,0.011195016047662498
639155411813702422,nan,216.80897830029812,0.0059906633170995309,0.002101046126627093,201,0,0,0,0,0.16689635417136153,-0.013869298650423894,-0.0022357054808327011,0.16273252140875585,-0.009562264438359459,-0.0043367516074597941,-0.0041734516083751661,0.0042977143520006875,-0.002101046126627093,0.72852910952590999,0.58953031217238916,0.06921151430607772,0.01770111924722572,0.0013422035859217505,0.017751933220654197,-0.0020781310862514283,0.030025799999999998,0.021874669336803043,-0.0029554151301384702,0.021867938385886132,-0.0030048141268654883,0.72852910952590921,0.022073414715125583,2.2915040375664705e-05,1,0.021874669336803067,0.030025799999999998,0.011654353017996888,0,0.011654353017996888,0,0.38814462955181506,0.011654353017996888,0,0.0140287,238,0,0,1,0,0,0,0,0,0,0,0,1,20,nan,1,0.017701163175811701,0.021874669336803067,0.0021805095594612327,0.0032735771965235472,0.030025799999999998,6.5471543930471082e-05,0.0021805095594612327,-0.0533924,0.62999999523162842,0,0.018916253856825826
639155411813902322,nan,222.74360687970156,0.018053460238616151,0.0097286238566000501,207,0,0,0,0,0.17832596406141868,-0.0087118063844169018,-0.0043367516074597941,0.19637929035786533,-0.0087813493303000173,0.0053918722491402551,0.018053458118054293,8.7502544995413372e-06,0.0097286238566000501,0.77987032531022515,1.6829947934470062,0.48667453009505002,0.033643065921005653,0.0009268249865111483,0.033655829942533778,0.0097286238566000501,0.019990000000000001,0.015589607802951357,0.0009180747320116071,0.015593442652662826,0.00085045805394255714,0.77987032531022293,0.0156166171965442,0,1,0.015589607802951402,0.019990000000000001,0.0047781095091106729,-3.3881317890172014e-21,0.0047781095091106729,0,0.23902498794950838,0.0047781095091106729,0,0.013863199999999999,239,0,0,1,0,0,0,0,0,0,0,0,1,20,nan,1,0.033643065921005653,0.015589607802951402,0,0.0032735771965235472,0.019990000000000001,0,0,-0.033402399999999999,0.62999999523162842,0,0.012593699904680252
639155411814202358,nan,214.53559932194577,0.0077904124335625696,0.0031580146456040184,203,0,0,1,1,0.221763873736402,-0.0077446783593856641,0.0051376777995068958,0.21469452610392564,-0.011018032898113064,0.001979663153902877,-0.0070860716993335305,-0.0032369914669196607,-0.0031580146456040184,0.85850812384677166,0.61002378581875505,0.11372665597586218,0.018302909660191598,-0.0023354039879976652,0.018451303851389211,-0.0034122090952373781,0.030003599999999998,0.025389803955848052,0.00089978613426691157,0.025384583378536663,0.0010366709709143532,0.84622525149808869,0.025405742657986133,-0.00025419444963335931,1,0.025758334344648998,0.030003599999999998,0.021950534560905507,0,0.02195053456090551,0,0.7315966937602657,0.02195053456090551,0,0.0040061000000000003,241,0,0,1,0,0,0,0,0,0,0,0,1,20,nan,1,0.018303756520157442,0.025758334344648998,0.024206090472320467,-0.018156746402382851,0.030003599999999998,-0.0007262698560953143,-0.024206090472320467,-0.036234599999999999,0.62999999523162842,0,0.018902267856931686
639155411814476836,nan,163.31407734238104,0.0028141156634616531,0.0010055592643605084,204,0,0,0,0,0.23822660296903728,-0.013050772625795692,0.0017662517016766581,0.23613944344629276,-0.011163178364849476,0.0027718109660371665,-0.0020838223023048981,0.0018912777637768953,0.0010055592643605084,0.85719098127832527,0.7812862226266104,0.028860156811631149,0.021444587981410679,-0.00018759886729052296,0.021445408530206926,0.0007921478121342895,0.027447800000000001,0.023528006615931241,-0.0020793212995391581,0.023532076865111634,-0.0020327397276826281,0.85719098127832616,0.023619709405198478,-0.00021341145222621887,1,0.023528006615931216,0.027447800000000001,0.013728427879761196,0,0.013728427879761196,0,0.50016496330347771,0.013728427879761196,0,0.0114322,242,0,0,1,0,0,0,0,0,0,0,0,1,20,nan,1,0.021444644178719458,0.023528006615931216,0.022214786116214344,-0.057824388146400452,0.027447800000000001,-0.00060974700636062806,-0.022214786116214344,-0.0087868000000000009,0.62999999523162842,0,0.017292113869118692
639155411814702245,nan,158.6926070180661,0.006702914313575033,0.0029109251045670889,204,0,0,0,0,0.25666113806083335,-0.011274308417870638,0.0026193161030122541,0.25005130937250641,-0.012387513253513786,-0.00029160900155483489,-0.0066127218459456705,-0.0010958878059737429,-0.0029109251045670889,0.91040321149787162,0.61703032548544545,0.13590495355518198,0.013908418863734876,-0.0012628911985793124,0.0139656367369535,-0.0030634199675920013,0.022540899999999999,0.020521307750052387,-0.00016801181145604269,0.020521694614540592,-0.00011113005302116133,0.91040321149787218,0.020521995510698974,-0.00015249486302491237,1,0.020521307750052373,0.022540899999999999,0.007815447409424638,-3.3881317890172014e-21,0.0078154474094246362,0,0.34672295291779115,0.007815447409424638,0,0.0139563,243,0,0,1,1,1,1,1,1,3,0.0623911879014332,0.4991295032114656,0.95944572786406845,20,0.020521307750052373,1,0.013468671287565003,0.020521307750052373,0.019329290695695736,-0.041435442864894867,0.022540899999999999,-0.000435699608642608,-0.019329290695695736,-0.019728900000000001,0.62999999523162842,0,0.014200766892516613
639155411815002251,nan,171.37408229139245,0.002688001866147685,0.0010005881856053438,207,0,0,0,0,0.27848358309251176,-0.014019922034055866,-0.00048121873188000858,0.28043742144464917,-0.012173880396895322,0.00051936945372533518,0.0019529497761294669,0.0018469816469930888,0.0010005881856053438,0.95594060834298245,1.0128480258036774,0.027032074534514981,0.030386048482925806,0.00022249371121215136,0.030386863047347397,0.00081097845528017008,0.030000599999999999,0.028432748536212513,-0.0016241176043015621,0.028432273720005341,-0.0016324087805420807,0.94773932975382202,0.02847909667310565,-0.00018960973032517369,1,0.028678791814654478,0.030000599999999999,0.024750847689118612,0,0.024750847689118616,0,0.82501175606883237,0.024750847689118616,0,0.0038516000000000002,245,0,0,1,0,0,0,0,0,0,0,0,1,20,nan,1,0.030385987101093626,0.028678791814654478,0.018057708400610439,0.00076781807001680136,0.030000599999999999,-0.00054174208664335352,-0.018057708400610439,-0.023020100000000002,0.62999999523162842,0,0.018900377856945989
639155411815202455,nan,175.07012082545268,0.0051347152359724748,0.0020494112098423099,211,0,0,0,0,0.29969371252162536,-0.012031846543917618,0.0007293849909425945,0.30475328403171398,-0.012907081763060105,0.0027787962007849044,0.0050589317808606418,-0.00087892536152169519,0.0020494112098423099,0.96183703861445957,1.2145350994561703,0.11285622400449385,0.024315478505152314,-0.00074583018297716083,0.024326914263760702,0.0022594267470595689,0.020020400000000001,0.019256362247877006,0.00013203270489346974,0.019256291076976184,0.00014203385297770384,0.96183703861446357,0.01925681488867316,0.00021001553721725934,1,0.019256362247876926,0.020020400000000001,0.015384871983749939,-1.6940658945086007e-21,0.015384871983749937,0,0.76845977022187062,0.015384871983749939,0,0.0040251000000000002,246,0,0,1,0,0,0,0,0,0,0,0,1,20,nan,1,0.024315253645187867,0.019256362247876926,0.029971648520974226,0.03000221960246563,0.020020400000000001,0.00060004439204931238,0.029971648520974226,-0.036545300000000003,0.61599999666213989,0,0.012332566333174706
639155411815402925,nan,175.68287847611626,0.0085612899632096073,0.00078893949819977549,212,0,0,0,0,0.3251969495584594,-0.01365210714276969,0.0027787962007849048,0.33371019055059631,-0.012746340261086885,0.0019898567025851293,0.0085157250621065699,0.00088210685337073694,-0.00078893949819977549,1.0196795692998866,1.4444675706021524,0.039354491854131549,0.028957241387861349,8.027564310791245e-05,0.028957352658241162,-0.00078893949819977506,0.020046999999999999,0.020441516325754781,-0.00080183121026282443,0.020443665526745425,-0.00074502537970958481,1.0196795692998843,0.020457236445469627,4.3368086899420177e-19,1,0.020441516325754826,0.020046999999999999,0.016232482999598674,0,0.016232482999598674,0,0.80972130491338734,0.016232482999598674,0,0.0041278,247,0,0,1,0,0,0,0,0,0,0,0,1,20,nan,1,0.028957241387861349,0.020441516325754826,0,0.03000221960246563,0.020046999999999999,0,0,-0.0164983,0.61599999666213989,0,0.012348951933085918
639155411815702545,nan,152.42630325949671,0.010595858211763155,0.0017770832979968408,208,0,0,0,0,0.36445571603957522,-0.012531037114906754,0.0013960527696801933,0.35394703644467024,-0.013887453133470532,-0.00038103052831664746,-0.010510562982115477,-0.0013417440302727329,-0.0017770832979968408,1.0261629077569669,0.67533993659608638,0.07912980545029627,0.020234535180291939,-0.0011813790101167479,0.020268992829640464,-0.0023708872309017768,0.029961999999999999,0.030745893042214173,0.00015412357033538592,0.030745525488978909,0.00021530314618013052,1.0261629077569647,0.030746279336501949,-0.00059380393290493598,1,0.030745893042214242,0.029961999999999999,0.01654390101514858,0,0.016543901015148577,0,0.55216277335119757,0.016543901015148577,0,0.0138399,248,0,0,1,1,1,1,1,1,3,0.13388278940946979,1.0710623152757583,0.91297618688384463,20,0.030745893042214242,1,0.018640682983186174,0.030745893042214242,0.056624479855906656,-0.042414672672748566,0.029961999999999999,-0.0016965826654426752,-0.056624479855906656,-0.019510099999999999,0.61599999666213989,0,0.018456591899991034
639155411816002331,nan,182.29865410691676,0.0059832393538168894,0.0012949792551692069,212,0,0,0,0,0.38674784227867814,-0.015033981202891383,-0.0010072675271325191,0.38089433600118194,-0.016273181519376057,0.00028771172803668775,-0.0058522551020208776,-0.0012450957336421009,0.0012949792551692069,1.0989194932041417,0.8989147803991886,0.022307321100829766,0.026948206635675116,-0.0023754604691821452,0.02705270140521444,0.00066874225635333521,0.029978600000000001,0.032801240315112966,-0.001134029878118212,0.032800805834007907,-0.0011465280694208501,1.0941551745282623,0.032820837740287143,-0.00062623699881587166,1,0.032944067918969686,0.029978600000000001,0.028299846287050182,0,0.028299846287050179,0,0.94400159737446654,0.028299846287050182,0,0.0040962000000000004,250,0,0,1,0,0,0,0,0,0,0,0,1,20,nan,1,0.026950320995980069,0.032944067918969686,0.059684193659655459,-0.044628113508224487,0.029978600000000001,-0.0017892485680453471,-0.059684193659655459,-0.022909700000000002,0.61599999666213989,0,0.018466817499935628
639155411816202259,nan,186.23623021501507,0.0026751397555137566,0.0051303615895824427,203,0,0,0,0,0.40321689827228679,-0.017862977550040727,0.00021815324064651938,0.40056766723767767,-0.018234390577267931,-0.0049122083489359222,-0.0026493119965244282,-0.00037083508005843863,-0.0051303615895824427,1.1165071397822748,0.98399254528613,0.26008963611763281,0.019672766159396542,-0.0019668692247675548,0.019770844769752143,-0.0051999200769726099,0.019992800000000002,0.022322103944238999,-0.0015962184277411914,0.022322562271104851,-0.0015897960306646697,1.1165071397822715,0.022379102702442536,-6.9558487390168372e-05,1,0.022322103944239065,0.019992800000000002,0.01777110919177249,0,0.017771109191772494,0,0.88887545475233531,0.01777110919177249,0,0.0040761,251,0,0,1,0,0,0,0,0,0,0,0,1,20,nan,1,0.019672961508623833,0.022322103944239065,0.0099405053519507659,-0.021253151819109917,0.019992800000000002,-0.00019873853540048128,-0.0099405053519507659,-0.036552800000000003,0.53200000524520874,0,0.010636169704866411
639155411816502358,nan,195.98839560924375,0.0063689839506306288,0.00078640556641038951,214,0,0,1,1,0.43538606452300233,-0.021204210866432663,-0.0049605292328209474,0.42987654548123994,-0.018009033799062504,-0.0041741236664105579,-0.0055253009601909896,0.0031678077376480823,0.00078640556641038951,1.1607024856196535,0.97659164611433646,0.024594706497701239,0.029307417640726623,0.00036932479671197567,0.029309744618018094,0.00073808468252536442,0.030009899999999999,0.03483256552319728,-0.0027987499246638604,0.034818397285324654,-0.0029698202891647318,1.1607024856196548,0.034944822535944262,-4.8320883885025201e-05,1,0.034832565523197238,0.030009899999999999,0.018405839665713627,-1.3552527156068805e-20,0.01840583966571363,0,0.61332559141195497,0.018405839665713627,0,0.014152400000000001,252,0,0,1,0,0,0,0,0,0,0,0,1,20,nan,1,0.02930739207647054,0.034832565523197238,0.0046004707860715678,-0.030890669673681259,0.030009899999999999,-0.00013805966824292915,-0.0046004707860715678,-0.039552400000000001,0.53200000524520874,0,0.01596526695740819
639155411816702271,nan,144.52909894695804,0.005676879323978438,0.00065026935167980179,210,0,0,0,0,0.45356133583191643,-0.017876277303136866,-0.0042152653673414526,0.45811912296390672,-0.02126058451709922,-0.0035649960156616508,0.0045720123503609966,-0.0033650649216858202,0.00065026935167980179,1.184716845670396,1.4134100223020831,0.030469636829466174,0.028255903778847635,-0.0031336347229544669,0.028429135845755179,0.00060912765074890712,0.0199913,0.023684029876850605,0.00023161829624815047,0.023684790350676499,0.0001327564959256386,1.1847168456703969,0.023685162406931245,-4.114170093089467e-05,1,0.023684029876850587,0.0199913,0.0069430330740513071,0,0.006943033074051308,0,0.34730273039028514,0.0069430330740513071,0,0.014130800000000001,253,0,0,1,0,0,0,0,0,0,0,0,1,20,nan,1,0.028256087905848121,0.023684029876850587,0.0058799436227464008,-0.011754771694540977,0.0199913,-0.00011754771694541012,-0.0058799436227464008,-0.052974399999999998,0.53200000524520874,0,0.010635371704858541
639155411816902228,nan,144.44351365506304,0.008950733302615442,0.0012569145971080033,203,0,0,0,0,0.48221351463033646,-0.024498040398683946,-0.0035649960156616516,0.49066089550023306,-0.021538752799707794,-0.0023080814185536484,0.0084367773640884984,0.0029893836092668132,0.0012569145971080033,1.2055481953261531,1.6274777783909378,0.062859244592987612,0.032542557413371677,-0.00016215547126307179,0.032542961411024855,0.0012569145971080024,0.019995700000000002,0.024105780049283185,-0.0031515390805298845,0.024094391666429738,-0.0032374558815847256,1.2055481953261542,0.024310919981780334,-8.6736173798840355e-19,1,0.024105780049283161,0.019995700000000002,0.0071210526349720915,3.3881317890172014e-21,0.0071210526349720915,0,0.35612919952650274,0.0071210526349720915,0,0.0140888,254,0,0,1,0,0,0,0,0,0,0,0,1,20,nan,1,0.032542557413371677,0.024105780049283161,0,-0.011754771694540977,0.019995700000000002,0,0,-0.0329787,0.53200000524520874,0,0.010637712504881621
639155411817202898,nan,146.29525528832079,0.003590708347932067,0.0042152526811792719,212,0,0,0,0,0.52738510350887768,-0.02192884994028493,-0.0030034775681599527,0.5308695539671815,-0.021061790862980857,0.001211775113019319,0.003481830553341649,0.00087752061954441936,0.0042152526811792719,1.2209123529988697,1.3372617986631974,0.11706710119310099,0.040207450500406354,0.00056976544135578641,0.040211487269196974,0.0035198565315729675,0.030067,0.036725010564518323,-0.00030533371464953933,0.036724208008644621,-0.00039009714057713571,1.2214391380755754,0.036726279823054278,-0.00069539614960630438,1,0.036709171717617013,0.030067,0.031697049312398362,1.3552527156068805e-20,0.031697049312398362,0,1.0542138993713495,0.031697049312398362,0,0.0041181999999999998,256,0,0,1,0,0,0,0,0,0,0,0,1,20,nan,1,0.040206864642213354,0.036709171717617013,0.066080624662663262,-0.067309193313121796,0.030067,-0.0019868461417322965,-0.066080624662663262,-0.036506799999999999,0.29399999976158142,0,0.0088396979928314686
639155411817503175,nan,118.62482809901923,0.013535136579105014,0.0046528801034140419,214,0,0,0,0,0.56767324737891056,-0.020589514721958344,0.00089667405200299813,0.55472504319528093,-0.02453209390747418,-0.0037562060514110436,-0.012951734186274105,-0.0039309672833954309,-0.0046528801034140419,1.2256762483578332,0.79430880445653251,0.16544660977798373,0.023851266487579421,-0.0034992079776798969,0.024106583530906819,-0.0049679811644303623,0.030027700000000001,0.036804238682814565,0.00042767800544870049,0.036803693411729066,0.00047227614102251375,1.225676248357835,0.036806723482237978,-0.00031510106101632077,1,0.036804238682814509,0.030027700000000001,0.019844433866662348,0,0.019844433866662348,0,0.66087092473490638,0.019844433866662348,0,0.0138371,257,0,0,1,1,1,1,1,1,3,0.1991679586448111,1.5933436691584888,0.87054082688087275,20,0.036804238682814509,1,0.020631809516417365,0.036804238682814509,0.02998194153268207,-0.019025176763534546,0.030027700000000001,-0.00090028874576091739,-0.02998194153268207,-0.0064790999999999998,0.29399999976158142,0,0.0088281437928408382
639155411817703568,nan,158.98840303079257,0.0021195958278405528,0.0010095471791008578,210,0,0,0,0,0.57992869853669826,-0.026882907675653045,-0.0040614041639137387,0.58204828387252261,-0.026889576825333848,-0.0030518569848128809,0.0021195949406021303,1.9393743654661033e-06,0.0010095471791008578,1.2581431318219707,1.3639150616688109,0.035148386749944492,0.0273319030952998,-0.0022548348062808241,0.027424755364715187,0.0007043490665981627,0.020039299999999999,0.025212307661520061,-0.0022561272841908685,0.02520365534141733,-0.0023508137681788645,1.2581431318219729,0.025313051336052189,-0.00030519811250269511,1,0.025212307661520016,0.020039299999999999,0.0076147854910393322,0,0.0076147854910393331,0,0.3799925891143569,0.0076147854910393331,0,0.0139869,258,0,0,1,0,0,0,0,0,0,0,0,1,20,nan,1,0.027332883599353652,0.025212307661520016,0.043514224905588345,-0.056986395269632339,0.020039299999999999,-0.00087199460715055646,-0.043514224905588345,-0.019431199999999999,0.29399999976158142,0,0.0058915541952222587
639155411818003155,nan,172.80136048758089,0.0062319841580223811,0.0015162466790846953,213,0,0,0,0,0.61790488796792964,-0.030398773895374043,-0.0030540352163754055,0.61209047747261214,-0.028155950420870619,-0.0045702818954601009,-0.0058212330306813926,0.002225055628146374,-0.0015162466790846953,1.1847304326653056,1.0029112905881707,0.050683938577015017,0.030045918481343834,-0.0011746833620911766,0.030068872582601647,-0.0015184249106472199,0.029958700000000001,0.03586714666532502,-0.0033997516702257914,0.03585660409540703,-0.0035091970700401945,1.1972197280030514,0.036027913085982917,-2.1782315625246129e-06,1,0.035492983613090091,0.029958700000000001,0.03111152023556318,-1.3552527156068805e-20,0.031111520235563184,0,1.0384803157534599,0.03111152023556318,0,0.0040140999999999996,260,0,0,1,0,0,0,0,0,0,0,0,1,20,nan,1,0.030045922136530335,0.035492983613090091,0.00020773660906749366,0.012017668224871159,0.029958700000000001,-6.2235187500703226e-06,-0.00020773660906749366,-0.056590599999999998,0.070000000298023224,0.0016000000759959221,0.0020971090089283886
639155411818202807,nan,169.69939687002548,0.014873240166485358,0.0015228828017402054,218,0,0,1,1,0.6273322668264476,-0.028978050547332393,-0.0045702818954601009,0.64215481290847931,-0.027751102832064983,-0.0030473990937198957,0.014816783802100204,0.0012946778795416454,0.0015228828017402054,0.76359803002713034,1.5057285271972169,0.076276861826588535,0.030062171191197876,0.00054224537030093337,0.030067061159523061,0.0015228828017402054,0.019965199999999999,0.015245387389097673,-0.00075243250924071192,0.015241789353835467,-0.0008221001264617743,0.76359803002713089,0.015263944160164522,0,1,0.015245387389097661,0.019965199999999999,0.0084212645143512121,0,0.0084212645143512121,0,0.42179715276336888,0.0084212645143512121,0,0.0089368,261,0,0,1,0,0,0,0,0,0,0,0,1,20,nan,1,0.030062171191197876,0.015245387389097661,0,0.012017668224871159,0.019965199999999999,0,0,-0.036625400000000002,0.070000000298023224,0.0016000000759959221,0.0013975640059500933
639155411818502996,nan,124.2273410872496,0.0059459858962324858,0.0028335745601282512,211,0,0,0,0,0.67282296411994313,-0.027098094353495205,-0.003559954954366281,0.67696969416066211,-0.031359476552687678,-0.0007263803942380298,0.0041618740610422904,-0.0042465930554055906,0.0028335745601282512,1.0215570468987711,1.1601263115383453,0.07731857927778385,0.034825715733438435,-0.0035022622924344047,0.035001375937400943,0.0023210186994818659,0.030018900000000001,0.030666018835149432,0.00074646339800037013,0.030668151211463823,0.00065300847856977762,1.021557046898768,0.030675102588292903,-0.00051255586064638536,1,0.030666018835149522,0.030018900000000001,0.016373209880579439,0,0.016373209880579442,0,0.54543004175967269,0.016373209880579442,0,0.013991200000000001,262,0,0,1,0,0,0,0,0,0,0,0,1,20,nan,1,0.034828270833110603,0.030666018835149522,0.048784109881858814,-0.001624080934561789,0.030018900000000001,-0.0014644453161325316,-0.048784109881858814,-0.0066065000000000004,0.070000000298023224,0.0016000000759959221,0.0021013230089463293
639155411818703075,nan,128.1974306045075,0.0082448617834934186,0.00099314342311263796,213,0,0,0,0,0.69870885634385105,-0.033763429706130742,-0.00079468563657904127,0.70688245774464487,-0.034845088603312119,0.00019845778653359666,0.0081744583985748683,-0.0010751631126852759,0.00099314342311263796,1.0866159183309867,1.495173784985081,0.046223650696556193,0.029915287572603002,-0.0034638830879762327,0.030115160909394183,0.0009248381807716266,0.020007899999999999,0.021740902632374447,-0.0023881616194376134,0.021739162183188943,-0.0024039531534430642,1.0866159183309818,0.021871674905935785,-6.8305242341011466e-05,1,0.021740902632374548,0.020007899999999999,0.0063420338073387752,-8.4703294725430034e-22,0.0063420338073387761,0,0.31697648465549988,0.0063420338073387752,0,0.014171400000000001,263,0,0,1,0,0,0,0,0,0,0,0,1,20,nan,1,0.02991562543214361,0.021740902632374548,0.0097540389176291684,-0.0088771628215909004,0.020007899999999999,-0.00019515783526003264,-0.0097540389176291684,0.013401400000000001,0.070000000298023224,0.0016000000759959221,0.0014005530059628187
639155411819003000,nan,126.57245806598281,0.0084606755098847325,0.0009223411490306263,216,0,0,0,0,0.73122343759018549,-0.040074203914260843,0.00019271308481654811,0.73679850010936121,-0.033710108692562371,-0.00072962806421407824,0.0055762888600661064,0.0063630207160330641,-0.0009223411490306263,0.74346507818703211,0.99745826527254078,0.030943931007674418,0.029916267021186677,0.0011290428168883016,0.02993756453296274,-0.00092808585074767493,0.029992499999999998,0.024339941607556551,-0.0052339458649235783,0.024340979845540622,-0.0052291153109487246,0.81153427048617333,0.024896323961103438,-5.7447017170485541e-06,1,0.02229837635752456,0.029992499999999998,0.021343628649447055,0,0.021343628649447055,0,0.71163219636399289,0.021343628649447055,0,0.0040302000000000003,265,0,0,1,0,0,0,0,0,0,0,0,1,20,nan,1,0.029916257754444658,0.02229837635752456,0.00054725126205823764,0.030625559389591217,0.029992499999999998,-1.6413433477281691e-05,-0.00054725126205823764,-0.022986599999999999,0.070000000298023224,0.0016000000759959221,0.0020994750089384615
639155411819202258,nan,138.92405163155826,0.015315478682280835,0.00047692523342056435,216,0,0,0,0,0.75327979678005841,-0.032953597948702923,-0.0010151163279179607,0.76851635134790097,-0.031400764355379217,-0.00053819109449739638,0.015234970411039996,0.0015682996659231168,0.00047692523342056435,0.82710557730726297,1.5917131474590456,0.0096074922822010581,0.031716157833639451,0.0023324859548321244,0.031801810616029685,0.00019143696971668186,0.0199258,0.01648074031230902,0.00076853575801114689,0.016481296670697199,0.00075651074385944816,0.82710557730726086,0.016498649897888896,-0.00028548826370388249,1,0.016480740312309061,0.0199258,0.013036672688401585,-1.6940658945086007e-21,0.013036672688401585,0,0.65426094251681666,0.013036672688401585,0,0.0041640000000000002,266,0,0,1,0,0,0,0,0,0,0,0,1,20,nan,1,0.031715203913981256,0.016480740312309061,0.040935909897703682,-0.059603679925203323,0.0199258,-0.00081568075343966401,-0.040935909897703682,-0.0363278,0.070000000298023224,0.0016000000759959221,0.0013948060059383511
639155411819502302,nan,135.52051741736389,0.0046258471044641983,0.00053591635491611993,221,0,0,0,0,0.79549080807128592,-0.027912151438572241,-0.00091149806069339731,0.79502200515744448,-0.032514181997125018,-0.00037558170577727727,-0.00046460797774546903,-0.0046024559596909856,0.00053591635491611993,0.89895399596394665,0.88341207297253688,0.0054195180946834164,0.026506249202297185,-0.0010991523743498072,0.026529029057172804,0.00016260938872011911,0.030004400000000001,0.026972575276500672,0.0035031298232558301,0.026974456723384943,0.0034886129168069761,0.89895399596394765,0.027199112772387991,-0.00037330696619600087,1,0.02697257527650064,0.030004400000000001,0.014316561548922692,0,0.014316561548922691,0,0.47714873648273892,0.014316561548922691,0,0.0140786,267,0,0,1,0,0,0,0,0,0,0,0,1,20,nan,1,0.026506831606221803,0.02697257527650064,0.035547830717780532,-0.0054240790195763111,0.030004400000000001,-0.0010665913319885742,-0.035547830717780532,-0.039882500000000001,0,0.0016000000759959221,0
639155411819702339,nan,137.36352981750144,0.0055680955601501896,0.0034716262899208831,211,0,0,0,0,0.81296188459141516,-0.033256589818497051,-0.00037558170577727727,0.81801090440097424,-0.035604160292336824,-0.0038472079956981603,0.0050499011579498944,-0.0023456739888357363,-0.0034716262899208831,0.89684193441442728,1.1492902893662555,0.17354920789258405,0.022990058161395766,-0.003081343867484306,0.023195634380073403,-0.0034716262899208831,0.020003699999999999,0.01794015700344587,-0.00073566987864857002,0.017939879433970685,-0.00074240782137203337,0.89684193441442683,0.017955234431180193,0,1,0.017940157003445877,0.020003699999999999,0.0053854461319651206,0,0.0053854461319651215,0,0.26922250043567542,0.0053854461319651206,0,0.0139988,268,0,0,1,0,0,0,0,0,0,0,0,1,20,nan,1,0.022990058161395766,0.017940157003445877,0,-0.0054240790195763111,0.020003699999999999,0,0,-0.019878799999999999,0,0.0016000000759959221,0
639155411820003000,nan,141.47449462603495,0.0032956286437095502,0.0027979354515929884,217,0,0,1,1,0.84528991286275534,-0.040220496468146037,-0.0040538019272343493,0.84356276221762805,-0.037413697792381205,-0.0012558664756413607,-0.0017385146284632919,0.0027997741058624699,0.0027979354515929884,0.902689020397759,0.85008133313629231,0.08618814944594741,0.025558630370209078,-0.0017112210393708455,0.025615851807944224,0.0025913415200567993,0.030066099999999998,0.027296566545235726,-0.0045113542520542355,0.027279008461781107,-0.0046163361758092131,0.90788517783269951,0.02766685494135555,-0.00020659393153618904,1,0.02714033835618106,0.030066099999999998,0.023752880257860376,0,0.023752880257860376,0,0.79002199346973423,0.023752880257860376,0,0.0039256999999999998,270,0,0,1,0,0,0,0,0,0,0,0,1,20,nan,1,0.02555913429690166,0.02714033835618106,0.019632355903083008,-0.024161932989954948,0.030066099999999998,-0.00059026837581768396,-0.019632355903083008,-0.0229556,0,0.0016000000759959221,0
639155411820202249,nan,110.9029922566103,0.0065246711607519214,0.00029078830506784099,208,0,0,0,0,0.86192301022321582,-0.038614676103581137,-0.0012360704210639063,0.86843695606084959,-0.038240719715319581,-0.00094528211599606538,0.0065134786250903099,0.00038200779630719078,0.00029078830506784099,0.92154750059949753,1.2484485671828691,0.015587749983452633,0.024875212856261947,-0.00079578261280402289,0.024887938536792893,0.00031058435964529535,0.019924899999999999,0.018361741794695085,-0.0011779193502147053,0.018360248005587776,-0.0012009783111999323,0.92154750059950541,0.018399485202870828,1.9796054577454411e-05,1,0.018361741794694929,0.019924899999999999,0.014688914231055783,0,0.014688914231055783,0,0.73721394993479439,0.014688914231055783,0,0.0039855000000000003,271,0,0,1,0,0,0,0,0,0,0,0,1,20,nan,1,0.02487519034152048,0.018361741794694929,0.002838666991331677,0.0028280077967792749,0.019924899999999999,5.6560155935584527e-05,0.002838666991331677,-0.036231899999999997,0,0.0016000000759959221,0
639155411820503250,nan,115.33700292264569,0.0045109002919459171,0.0005480618476819423,210,0,0,0,0,0.8952354602033743,-0.03947989458846398,-0.001141512882355461,0.89133000398414164,-0.037222543671230533,-0.0016895747300374033,-0.0039080304693197348,0.0022528913188936423,-0.0005480618476819423,0.89035131242702681,0.76053153417079966,0.024727247219821124,0.022892075231694488,0.0010398159747489687,0.022915678599485189,-0.00074429261404133787,0.030100100000000001,0.026799663539184716,-0.0012138421765782073,0.026798504142524715,-0.0012391748731443997,0.89035131242702559,0.02682713884563814,-0.00019623076635939558,1,0.02679966353918475,0.030100100000000001,0.014333943849025088,0,0.014333943849025088,0,0.47620917701353443,0.014333943849025088,0,0.0140009,272,0,0,1,0,0,0,0,0,0,0,0,1,20,nan,1,0.02289178284094949,0.02679966353918475,0.018626494013488839,-0.03584279865026474,0.030100100000000001,-0.00056065933245541544,-0.018626494013488839,-0.0061317999999999998,0,0.0016000000759959221,0
639155411820703086,nan,115.82532234509466,0.0079331086119843394,0.0028021039153595965,207,0,0,0,0,0.90916042381142992,-0.036551018054029674,-0.001835064511828748,0.9170854177918194,-0.036192294399484085,0.00096703940353084854,0.0079243223561575749,0.00037326591759943866,0.0028021039153595965,0.89219458882298641,1.2887385838321954,0.13293971724655476,0.02575363636386906,0.001073763476867018,0.025776011211330826,0.0026566141335682518,0.019983600000000001,0.017829259785202941,0.0007016504711444653,0.01783041982728828,0.00067152561720085907,0.89219458882298186,0.017843060776445055,-0.00014548978179134472,1,0.017829259785203031,0.019983600000000001,0.0054679929765193416,0,0.0054679929765193425,0,0.27362402052279577,0.0054679929765193425,0,0.0138549,273,0,0,1,0,0,0,0,0,0,0,0,1,20,nan,1,0.02575341263387693,0.017829259785203031,0.020801311617146732,-0.014191679656505585,0.019983600000000001,-0.00041568509083241348,-0.020801311617146732,-0.019899300000000002,0,0.0016000000759959221,0
639155411821002343,nan,114.7483907178277,0.0073558611066812853,0.0021347816881622946,207,0,0,0,0,0.94109085355109101,-0.034663566371041794,0.00086136570249412668,0.93465241717363923,-0.038220985327854722,-0.0012734159856681679,-0.0064414982272500663,-0.003551871789510521,-0.0021347816881622946,0.78896960605382982,0.58695466919863537,0.074867267572655494,0.017565029344037603,-0.0020456779577463845,0.017683751133843503,-0.0022404553891990165,0.0299257,0.024006902874758693,0.001505513114975755,0.024005435759271609,0.0015287280284422902,0.80221691972982068,0.024054063178129824,-0.00010567370103672187,1,0.023610467739885094,0.0299257,0.02079824238389838,0,0.02079824238389838,0,0.6949960196051681,0.02079824238389838,0,0.0040669,275,0,0,1,0,0,0,0,0,0,0,0,1,20,nan,1,0.017565337964401552,0.023610467739885094,0.010089149463669017,-0.021021578460931778,0.0299257,-0.00030192486010491987,-0.010089149463669017,-0.056689299999999998,0,0.0016000000759959221,0
639155411821202339,nan,123.79010795060341,0.0039248900155773193,0.0016636691542681946,209,0,0,0,0,0.95054671186875661,-0.039582066665992913,-0.0012734159856681679,0.94667848641855568,-0.040246591684932234,-0.0029370851399363623,-0.0038673760973135544,-0.00066945033893957371,-0.0016636691542681946,0.79481664785213657,0.60144397553300977,0.083185121415838045,0.012028638933069982,-0.0020102905300456338,0.012195467297211621,-0.0016636691542681946,0.019999599999999999,0.015896015030383539,-0.0013408401911060596,0.015894294695117384,-0.0013610813381381912,0.79481664785213402,0.015952465209624019,0,1,0.015896015030383591,0.019999599999999999,0.012759271129635152,-3.3881317890172014e-21,0.012759271129635152,0,0.6379763160080778,0.012759271129635152,0,0.0039465000000000004,276,0,0,1,0,0,0,0,0,0,0,0,1,20,nan,1,0.012028638933069982,0.015896015030383591,0,-0.021021578460931778,0.019999599999999999,0,0,-0.036689699999999999,0,0.0016000000759959221,0
639155411821502860,nan,120.66888808553453,0.0036851733093496873,0.0014335917381795066,213,0,0,0,0,0.9698318666369361,-0.043305266833799275,-0.0027157919447855705,0.96718256117564805,-0.040743688630282424,-0.0012822002066060639,-0.0026562523961830347,0.0025543738034428738,0.0014335917381795066,0.77073695112501628,0.68232989815101963,0.055067197744260742,0.020505446332224259,-0.00043687267456294612,0.02051009963450956,0.0016548849333302984,0.030052100000000002,0.023162263928904012,-0.0029906586048860304,0.023153380218380426,-0.0030586751488670405,0.77073695112501328,0.023354539370391933,0.0002212931951507918,1,0.023162263928904102,0.030052100000000002,0.0086371865690872945,0,0.0086371865690872962,0,0.28740708865893877,0.0086371865690872962,0,0.0188457,277,0,0,1,0,0,0,0,0,0,0,0,1,20,nan,1,0.020505307197639166,0.023162263928904102,0.021039004657225479,0.015167606063187122,0.030052100000000002,0.0006322662718594059,0.021039004657225479,-0.0066375999999999996,0,0.0016000000759959221,0
639155411821702155,nan,123.25607083100364,0.0015373494922369523,0.0026834499636266438,209,0,0,0,0,0.98229618545422825,-0.041075289779280315,-0.0010568005634233103,0.98276086278286923,-0.03960984839815028,-0.0037402505270499545,0.00046312839016982867,0.0014659316339788559,-0.0026834499636266438,0.75837512400439078,0.7815968785863362,0.12333727993396176,0.015576834991786387,0.0011538137961606282,0.015619509423715951,-0.0024580503204438909,0.019929499999999999,0.015114037033845609,-0.00031222218955290811,0.015113624278580207,-0.00033160114899789123,0.758375124004396,0.015117261595808474,0.00022539964318275363,1,0.015114037033845505,0.019929499999999999,0.0046053087780291158,-8.4703294725430034e-22,0.0046053087780291158,0,0.23107999588695732,0.0046053087780291158,0,0.0138569,278,0,0,1,0,0,0,0,0,0,0,0,1,20,nan,1,0.015577205711702471,0.015114037033845505,0.032313855366273757,0.024405874311923981,0.019929499999999999,0.00064399898052215285,0.032313855366273757,0.013291900000000001,0,0.0016000000759959221,0
639155411822002338,nan,121.36325603338486,0.0037539282069033479,0.0020294071306643097,209,0,0,0,0,1.0040677406318994,-0.037893960747464768,-0.003950268955519488,1.0004600342550494,-0.038931473003305704,-0.0019208618248551781,-0.0036035797866383135,-0.0010517555342931899,0.0020294071306643097,0.70167202271888918,0.58952406975953497,0.060609318388941957,0.017696510383262649,0.00074456983087092831,0.017712167116927444,0.0018193887021947764,0.030018300000000001,0.021300310978470904,0.0017955685238107476,0.021306877849030181,0.0017158876506855117,0.70957752365959781,0.021375858207409313,-0.00021001842846953347,1,0.021063001279582431,0.030018300000000001,0.018512217196197334,0,0.018512217196197334,0,0.61669772093014374,0.018512217196197334,0,0.0039734999999999996,280,0,0,1,0,0,0,0,0,0,0,0,1,20,nan,1,0.017696286196232175,0.021063001279582431,0.019989561459845998,-0.06005791574716568,0.030018300000000001,-0.00060005265277009515,-0.019989561459845998,-0.022956799999999999,0,0.0016000000759959221,0
639155411822202308,nan,124.82485687342512,0.00090675267483893325,0.0012500568440902814,207,0,0,0,0,1.0139753695988949,-0.038482879442967369,-0.0020651064095757597,1.0145317444473032,-0.039198873466256799,-0.0033151632536660412,0.00055785226482846315,-0.00071484352410392188,-0.0012500568440902814,0.67582380978661905,0.70371545086869158,0.069725530270083658,0.014072197871021225,-0.00024037017533944457,0.014074250628092673,-0.001394301428810863,0.019997000000000001,0.013514448724303156,0.00047455380849577788,0.013515335343845525,0.00044859356033833536,0.67582380978662571,0.013522778029642321,-0.0001442445847205816,1,0.013514448724303022,0.019997000000000001,0.010839875997072481,0,0.010839875997072479,0,0.54207511112029205,0.010839875997072479,0,0.0039575000000000001,281,0,0,1,0,0,0,0,0,0,0,0,1,20,nan,1,0.014072247103818205,0.013514448724303022,0.020609460664897137,-0.014660128392279148,0.019997000000000001,-0.00041212738491594805,-0.020609460664897137,-0.036444900000000002,0,0.0016000000759959221,0
639155411822502336,nan,123.82564249539118,0.0009426204309354101,0.0010784869344247412,213,0,0,0,0,1.0335215327150609,-0.039593033944343388,-0.0033766940709661218,1.0341315010156866,-0.040311693772807855,-0.0022982071365413807,0.00061239151295088359,-0.00071659605893598522,0.0010784869344247412,0.63297394309822397,0.65338361883017337,0.033895373669279555,0.019603338039037927,-0.0010478379177000841,0.019631322588520655,0.0010169561171246605,0.0300028,0.018990990619987463,-0.00033120417917035453,0.018989788267757657,-0.00039416047808658872,0.6329739430982263,0.018993878512214186,-6.1530817300080656e-05,1,0.018990990619987394,0.0300028,0.01014144521892546,-6.7762635780344027e-21,0.01014144521892546,0,0.33801662574577906,0.01014144521892546,0,0.013980899999999999,282,0,0,1,0,0,0,0,0,0,0,0,1,20,nan,1,0.019603430069480472,0.018990990619987394,0.005859530948547788,-0.0087901167571544647,0.0300028,-0.00017580233514308957,-0.005859530948547788,-0.0401211,0,0.0016000000759959221,0
639155411822702244,nan,133.19590476029282,0.0034127200733790755,0.0016274241325042208,218,0,0,0,0,1.0463161356625605,-0.041051153400379785,-0.0022982071365413815,1.0432069524875947,-0.042458149592184691,-0.0039256312690456024,-0.0031059413981533875,-0.0014141380167725724,-0.0016274241325042208,0.60959550886664848,0.45422696943084467,0.081408654606329997,0.0090803605004981299,-0.0021255929018717547,0.0093258292930706276,-0.0016274241325042217,0.0199908,0.012186301898651516,-0.00071145488509918202,0.012184634646873915,-0.00073945962757192979,0.60959550886665448,0.012207052142864347,-8.6736173798840355e-19,1,0.012186301898651396,0.0199908,0.0037020735253472381,1.6940658945086007e-21,0.0037020735253472381,0,0.18518886314440833,0.0037020735253472381,0,0.013917799999999999,283,0,0,1,0,0,0,0,0,0,0,0,1,20,nan,1,0.0090803605004981299,0.012186301898651396,0,-0.0087901167571544647,0.0199908,0,0,-0.0201303,0,0.0016000000759959221,0
639155411823002461,nan,75.07542292319711,0.0065444605777038433,0.0007947519050879575,214,0,0,1,1,1.060220640538736,-0.045694930986854565,-0.0041064159211791256,1.054338079549394,-0.042826928117296902,-0.0049011678262670831,-0.0058942885711695389,0.0028438225143106034,-0.0007947519050879575,0.57247284379913432,0.37081474327349467,0.032494380971813078,0.011132488978133874,-0.00032507909534853661,0.011137234273665288,-0.0009755365572214807,0.030021699999999998,0.017026263333520451,-0.0031699671600897944,0.01701368805114134,-0.0032367813946698742,0.56713188572001094,0.017318843347591973,-0.00018078465213352323,1,0.017186607974684472,0.030021699999999998,0.014755378056738209,0,0.014755378056738211,0,0.49149042381804525,0.014755378056738209,0,0.0039668000000000004,285,0,0,1,1,1,1,1,1,3,0.36929305730614143,2.9543444584491314,0.75995951275100804,20,0.017186607974684472,1,0.0075877990796937916,0.017186607974684472,0.017205140865585694,-0.034365750849246979,0.030021699999999998,-0.00051652757752435399,-0.017205140865585694,-0.023115299999999998,0,0.0016000000759959221,0
639155411823202326,nan,94.806918417502942,0.0023494009392763023,0.00087185896291037956,212,0,0,0,0,1.0645836785032663,-0.04308633291677242,-0.005049784274432664,1.0622971254285773,-0.043626110472903552,-0.0059216432373430435,-0.0022837981722019247,-0.0005513172245808388,-0.00087185896291037956,0.5126834252337521,0.39841228812678747,0.05105823486233009,0.0079628671966460382,-0.00076016429345082508,0.0079990689298479675,-0.0010204754110759605,0.019986500000000001,0.010246747278434437,-0.00020918648492984651,0.010245598953872337,-0.00025940479947551831,0.51268342523375465,0.010248882318261873,-0.00014861644816558089,1,0.010246747278434387,0.019986500000000001,0.0081276728769157369,0,0.0081276728769157369,0,0.40665813808899692,0.0081276728769157369,0,0.0041333000000000003,286,0,0,1,0,0,0,0,0,0,0,0,1,20,nan,1,0.0079630284070627815,0.010246747278434387,0.021245261718171097,-0.010385972447693348,0.019986500000000001,-0.00042461842333022665,-0.021245261718171097,-0.0364658,0,0.0016000000759959221,0
639155411823502350,nan,98.885433153466664,0.0019766610132361372,0.00041849784584474954,207,0,0,0,0,1.0757010985417088,-0.044834413982413342,-0.0058177145428415251,1.0755006899389976,-0.042867938670285814,-0.0053992166969967755,-0.00021184553871250917,0.0019652761202882713,0.00041849784584474954,0.44699401392535293,0.43992625314123035,0.017412824985543425,0.013198843417244449,0.00083634485122884158,0.013225314372940784,0.00052242654034626804,0.030002399999999999,0.013410893203394017,-0.0011289092416155505,0.013403973113131462,-0.0012083035095097894,0.44699401392535321,0.013458324286056002,0.00010392869450151845,1,0.013410893203394008,0.030002399999999999,0.0049407142347197563,0,0.0049407142347197563,0,0.16467730030663402,0.0049407142347197563,0,0.018949199999999999,287,0,0,1,0,0,0,0,0,0,0,0,1,20,nan,1,0.013198967443526603,0.013410893203394008,0.0098971791305761721,0.018875237554311752,0.030002399999999999,0.00029693912714719856,0.0098971791305761721,-0.039796400000000003,0,0.0016000000759959221,0
639155411823702256,nan,94.231624803485772,0.0049850958723937798,0.00072549455765540203,211,0,0,0,0,1.0789502333389089,-0.042333893527563823,-0.0053992166969967772,1.0838423304739921,-0.04329231226583441,-0.0046737221393413752,0.0048972005144840933,-0.00093199140441005521,0.00072549455765540203,0.17241151885579761,0.41738668290709457,0.036291785021730229,0.0083438102233225654,-0.00037932930395705465,0.0083524283752488843,0.00072549455765540029,0.019990600000000001,0.0034466097088384721,0.00055266210045300062,0.0034495433999113256,0.00053404514272199083,0.17241151885578582,0.0034906380337034002,-1.7347234759768071e-18,1,0.003446609708838708,0.019990600000000001,0.0010554343538276001,0,0.0010554343538276001,0,0.052796532061448881,0.0010554343538276001,0,0.013868999999999999,288,0,0,1,0,0,0,0,0,0,0,0,1,20,nan,1,0.0083438102233225654,0.003446609708838708,0,0.018875237554311752,0.019990600000000001,0,0,-0.019805799999999998,0,0.0016000000759959221,0
639155411824002375,nan,96.940521674123403,0.0026439825247822619,0.00092617573402213431,218,0,0,0,0,1.0877554153128641,-0.04388918251111279,-0.0050430438171751709,1.0902798470630626,-0.044675240988545584,-0.0041168680831530366,0.0025283637597668892,-0.00077331771585256227,0.00092617573402213431,0.16411081293620364,0.21471182033574318,0.018554441944306711,0.0064439096807342913,-0.0013528265643442581,0.0065843839261282922,0.00055685405618833856,0.030011900000000001,0.00391583169638974,-0.00057857512170668055,0.003913084838871983,-0.00059687024527838028,0.13047596774578549,0.0039583439777144749,-0.00036932167783379575,1,0.0049252773067600501,0.030011900000000001,0.0032635076260494329,-1.6940658945086007e-21,0.0032635076260494333,0,0.10874045382163185,0.0032635076260494333,0,0.0039749,290,0,0,1,0,0,0,0,0,0,0,0,1,20,nan,1,0.0064446225383619753,0.0049252773067600501,0.035159546506913726,-0.026063732802867889,0.030011900000000001,-0.001055204793810844,-0.035159546506913726,-0.023431299999999999,0,0,0
639155411824202209,nan,101.03472729357202,0.0027613048325464302,0.00035173896730590626,208,0,0,0,0,1.0945079433748768,-0.045595822897233289,-0.0043093547828235912,1.0970351007669654,-0.044483042643159734,-0.0046610937501294974,0.0025223385767198978,0.0011236603057129448,-0.00035173896730590626,0.21176828694188396,0.33800080091121049,0.027233887475427647,0.006754405204929083,0.00022000712645055308,0.0067579873341152485,-0.00054422566697646078,0.019983399999999998,0.00423185038527447,-0.00090316764182086368,0.0042280963118142001,-0.00092058190868770512,0.21176828694188529,0.0043271548935276101,-0.00019248669967055453,1,0.004231850385274444,0.019983399999999998,0.0034023328284942256,0,0.0034023328284942256,0,0.17025795552779938,0.0034023328284942256,0,0.0039170999999999997,291,0,0,1,0,0,0,0,0,0,0,0,1,20,nan,1,0.0067543444517846572,0.004231850385274444,0.027520942335074253,-0.027498099952936172,0.019983399999999998,-0.00054996199905872276,-0.027520942335074253,-0.036244499999999999,0,0,0
639155411824502346,nan,98.060634264370293,0.00042228576567551507,5.1807847393780207e-05,213,0,0,0,0,1.1042731767205713,-0.044180820000198927,-0.004857720095165185,1.1042946265843343,-0.04460256064471485,-0.0048059122477714048,2.3498300628952197e-05,-0.00042163147150053615,5.1807847393780207e-05,0.24110951479824272,0.2418896717372363,0.0048250798016208395,0.007260004040619889,-8.5679495353111669e-05,0.0072605095995901753,-0.0001448184976419074,0.030013700000000001,0.0072365886442998404,0.00033595658838182091,0.0072380759536059269,0.00030222264296080742,0.24110951479823681,0.0072443827919351804,-0.00019662634503568761,1,0.0072365886443000174,0.030013700000000001,0.0038740030180692826,-3.3881317890172014e-21,0.003874003018069283,0,0.12907448991857992,0.003874003018069283,0,0.0139463,292,0,0,1,0,0,0,0,0,0,0,0,1,20,nan,1,0.0072600278211284834,0.0072365886443000174,0.018717770792831816,-0.028089618310332298,0.030013700000000001,-0.0005617895572448163,-0.018717770792831816,-0.0395929,0,0,0
639155411824702270,nan,101.96155492131513,0.0012092880551284439,0.0020317610232680134,219,0,0,0,0,1.1073476257816846,-0.044673605413840418,-0.0048434441181887033,1.1068900438290303,-0.045792978612055155,-0.0068752051414567167,-0.00045215498513304054,-0.0011215763325318851,-0.0020317610232680134,0.15272330354461083,0.13010485455038773,0.1035039761952198,0.0026011082941131717,-0.0011779309204396574,0.0028553958764122628,-0.0020692928936853123,0.0199924,0.0030533053737853161,-5.6371558920028077e-05,0.0030529991973502479,-7.1044769125568064e-05,0.15272330354461275,0.0030538257085566236,-3.7531870417298503e-05,1,0.0030533053737852776,0.0199924,0.00092689300154269471,0,0.00092689300154269461,0,0.046362267738875508,0.00092689300154269461,0,0.0139233,293,0,0,1,0,0,0,0,0,0,0,0,1,20,nan,1,0.0026011714474467175,0.0030533053737852776,0.005363733992816957,-0.028475973755121231,0.0199924,-0.00010723391547799374,-0.005363733992816957,-0.0196005,0,0,0
639155411824926607,nan,104.08013588767543,0.0063015361535752237,0.0011372831281661298,219,0,0,0,0,1.1068809980060397,-0.04710867469336865,-0.0069252704405089391,1.1128492388680324,-0.045086433632551361,-0.0057879873123428092,0.0059540932917262297,0.0020635239199573935,0.0011372831281661298,0,0.26541304355528655,0.048463598475236236,0.0059541965952062317,0.00074749864652978509,0.0060009342040160171,0.0010872178291139072,0.022433700000000001,-3.9724151160332177e-17,-0.0013157271773803518,-9.0458229906609233e-06,-0.0013156960813134957,-1.7707355969069826e-15,0.0013157271773803516,-5.0065299052222394e-05,1,0,0.022433700000000001,0,0,0,0,0,0,0,0.016454300000000002,294,0,0,1,0,0,0,0,0,0,0,0,1,20,nan,1,0.0059541431174869016,0,0.0063762870849558839,-0.020079540088772774,0.022433700000000001,-0.00014304371157777482,-0.0063762870849558839,-0.064359600000000003,0,0.0016000000759959221,0
639155411825202333,nan,104.6920938022111,0.0060922772090681023,0.00040849882843993057,209,0,0,0,0,1.1128545103732517,-0.04417567725591507,-0.0057432439886441703,1.1187924939644205,-0.045538098799762831,-0.0061517428170841009,0.0059457103360100565,-0.0013282959731903909,-0.00040849882843993057,0,0.21564051857406011,0.013192644318682011,0.0059457697624351298,-0.00041725830863715294,0.0059603928196063248,-0.00036375550474129163,0.027572599999999999,-5.1231093748781847e-17,0.00091077163238154296,5.2715052192287004e-06,0.00091075637663629028,-1.8580436284130567e-15,0.00091077163238154307,4.474332369863894e-05,1,0,0.027572599999999999,0,0,0,0,0,0,0,0.0038243000000000001,296,0,0,1,0,0,0,0,0,0,0,0,1,20,nan,1,0.0059457430795410455,0,0.004636416867121634,0.0063919033855199814,0.027572599999999999,0.00012783806771039796,0.004636416867121634,-0.036787,0,0.0016000000759959221,0
639155411825502917,nan,102.32480187471303,0.0097781575199806497,0.0028360929185537761,210,0,0,0,0,1.1187897102058362,-0.045990608527644646,-0.0062350439397128839,1.128498746967403,-0.044830018312238165,-0.0033989510211591078,0.0097016117549211835,0.0012211035346477584,0.0028360929185537761,0,0.32276213772377421,0.091581447978767772,0.0097017134405562953,0.00076777708486927879,0.0097320463076745103,0.0027527917959249931,0.030058399999999999,6.4203826852455084e-17,-0.00045251829039225495,-2.7837585843126789e-06,-0.00045250972788181409,2.1359695410419412e-15,0.00045251829039225495,-8.3301122628783031e-05,1,0,0.030058399999999999,0,0,0,0,0,0,0,0.0142997,297,0,0,1,0,0,0,0,0,0,0,0,1,20,nan,1,0.0097016220051572531,0,0.0079180264921221433,-0.0079334666952490807,0.030058399999999999,-0.0002380032075108042,-0.0079180264921221433,-0.040329200000000003,0,0.0016000000759959221,0
639155411825702928,nan,105.84330449172563,0.00081386536946624556,0.0010128570678172642,207,0,0,0,0,1.1285004230283542,-0.044336908971667616,-0.0033989510211591078,1.1287856281745803,-0.045099165401081352,-0.004411808088976372,0.00028779436603944974,-0.00076128262983755218,-0.0010128570678172642,0,0.014388926910993466,0.050640068187112919,0.00028779436603947143,-0.00026817044083971974,0.00039337130355966601,-0.0010128570678172642,0.020001100000000001,2.1700348833944734e-17,0.00049311218899783244,1.6760609511390356e-06,0.00049310934057054945,1.0849577690199405e-15,0.00049311218899783255,0,1,0,0.020001100000000001,0,0,0,0,0,0,0,0.0141858,298,0,0,1,0,0,0,0,0,0,0,0,1,20,nan,1,0.00028779436603947143,0,0,-0.0079334666952490807,0.020001100000000001,0,0,-0.020328100000000002,0,0.0016000000759959221,0
639155411826002309,nan,103.29800067342779,0.0029304862031561967,0.00028715239601491156,214,0,0,0,0,1.1287838591905337,-0.045500128573928537,-0.0044262552894181453,1.1317043285805306,-0.045742219319269882,-0.0047134076854330569,0.0029215123334542861,-0.00022916167298070176,-0.00028715239601491156,0,0.097584984431368524,0.010074106120852189,0.0029215090224047539,-0.00063017095569363696,0.0029887004536072554,-0.00030159959645668487,0.029938099999999999,-1.747217211948808e-17,-0.00040096707506257764,-1.768984046579547e-06,-0.00040096317284718519,-5.8360991911604551e-16,0.00040096707506257764,-1.4447200441773321e-05,1,0,0.029938099999999999,0,0,0,0,0,0,0,0.0039871000000000004,300,0,0,1,0,0,0,0,0,0,0,0,1,20,nan,1,0.0029215220277912543,0,0.001378768711037735,-0.0070021436549723148,0.029938099999999999,-4.1277715547918814e-05,-0.001378768711037735,-0.0237653,0,0.0016000000759959221,0
639155411826202166,nan,99.381961152275395,0.0015580153664820667,8.8834522668176423e-05,212,0,0,0,0,1.1317023485165658,-0.046162308018077899,-0.0047177946734358652,1.1332217270404017,-0.045817488088983664,-0.0046289601507676888,0.0015177348314276734,0.00035198418098752825,8.8834522668176423e-05,0,0.07594111667659266,0.0042253978927617271,0.0015177363755633777,-6.8115842541367167e-05,0.0015192641224334163,8.444753466536805e-05,0.019985699999999999,-6.98353254022753e-17,-0.00042009336524101144,-1.9800639647904461e-06,-0.00042008869880801741,-3.4942646693523523e-15,0.00042009336524101144,-4.3869880028083591e-06,1,0,0.019985699999999999,0,0,0,0,0,0,0,0.0038777999999999998,301,0,0,1,0,0,0,0,0,0,0,0,1,20,nan,1,0.0015177368024241204,0,0.00062716099193882847,-0.0046613793820142746,0.019985699999999999,-1.2534251436591842e-05,-0.00062716099193882847,-0.036803599999999999,0,0.0016000000759959221,0
639155411826502818,nan,98.947395843618381,0.0038358144074540027,0.0013174036215024367,214,0,0,0,0,1.1332212518242741,-0.045920148884926383,-0.0046704193069679783,1.1369461790286643,-0.045004512772474831,-0.0033530156854655415,0.003720610189856235,0.00093302303485479662,0.0013174036215024367,0,0.12375267315722037,0.04243924754540622,0.0037206488690064619,0.00083020688487100904,0.0038121478825101068,0.0012759444653021471,0.0300652,1.0480021019022238e-16,-0.00010266189582294138,-4.7521612756007414e-07,-0.00010266079594271893,3.4857646112522911e-15,0.00010266189582294138,-4.1459156200289455e-05,1,0,0.0300652,0,0,0,0,0,0,0,0.0139915,302,0,0,1,0,0,0,0,0,0,0,0,1,20,nan,1,0.0037205996915136677,0,0.0039399282892123941,-0.016209164634346962,0.0300652,-0.00011845473200082848,-0.0039399282892123941,-0.0400697,0,0.0016000000759959221,0
639155411826702405,nan,102.73135527746132,0.00080342163061548596,0.00015022772884361281,208,0,0,0,0,1.1369480164060319,-0.044456537262019147,-0.0033530156854655415,1.1373478916799498,-0.043759697192957393,-0.0035032434143091543,0.00039753651477452751,0.00069817693743188635,-0.00015022772884361281,0,0.019917956318527601,0.0075269295517049108,0.00039753651477459679,0.0012461555282680232,0.001308028624003347,-0.00015022772884361281,0.019958699999999999,6.9235414317382442e-17,0.00054797859083613681,1.8373773675861571e-06,0.00054797551045568382,3.4689340647127539e-15,0.00054797859083613681,0,1,0,0.019958699999999999,0,0,0,0,0,0,0,0.013991999999999999,303,0,0,1,0,0,0,0,0,0,0,0,1,20,nan,1,0.00039753651477459679,0,0,-0.016209164634346962,0.019958699999999999,0,0,-0.020111,0,0.0016000000759959221,0
639155411827002380,nan,102.77464964476734,0.0043953319015916752,0.0013493881322967378,214,0,0,0,0,1.1373544533636817,-0.041886673793586682,-0.0036226150073831401,1.134993684856229,-0.045594195146103619,-0.0049720031396798779,-0.0023473221237709377,-0.0037160491617314459,-0.0013493881322967378,0,-0.078265378706695726,0.048962737740502492,-0.0023477656977541049,-0.001842734038704548,0.0029845724164360957,-0.0014687597253707236,0.0299975,-1.7417538494390178e-17,0.0018730348929701266,6.5616837319204535e-06,0.0018730233993707116,-5.8063300256321949e-16,0.0018730348929701266,-0.00011937159307398582,1,0,0.0299975,0,0,0,0,0,0,0,0.0038173,305,0,0,1,0,0,0,0,0,0,0,0,1,20,nan,1,-0.0023474514206213372,0,0.011369670622455282,-0.0098020061850547791,0.0299975,-0.00034106169449710233,-0.011369670622455282,-0.056483899999999997,0.056000001728534698,0.0016000000759959221,0.0016798600518517196
639155411827202142,nan,100.89042814364451,0.0020892418836321001,0.0014183804326849431,216,0,0,0,0,1.1349875721778562,-0.046823604667952191,-0.0049720031396798797,1.13672271919501,-0.045659905189055348,-0.0035536227069949368,0.0017293396764496303,0.0011723122159986617,0.0014183804326849431,0,0.086570002125009898,0.071003515818070573,0.0017293396764496228,-5.7112502009246304e-05,0.0017302825071151364,0.0014183804326849414,0.0199762,-7.6317668547612461e-18,-0.0012294247180079079,-6.1126783728049361e-06,-0.0012294095218485721,-3.8204297387697594e-16,0.0012294247180079079,-1.7347234759768071e-18,1,0,0.0199762,0,0,0,0,0,0,0,0.0039563000000000003,306,0,0,1,0,0,0,0,0,0,0,0,1,20,nan,1,0.0017293396764496228,0,0,-0.0098020061850547791,0.0199762,0,0,-0.036507699999999997,0.056000001728534698,0.0016000000759959221,0.0011186672345295549
639155411827502583,nan,100.02230629904903,0.0014509933859819554,0.00025298845324774662,216,0,0,0,0,1.1367224008411678,-0.045749490530070845,-0.003534462120352837,1.1376585871557423,-0.044640916224682692,-0.0037874505736005836,0.0009322622612310909,0.0011118762891831415,-0.00025298845324774662,0,0.031029085805796854,0.0077828214726234721,0.00093224095685794128,0.0010223082450000558,0.0013835415965696529,-0.00023382786660564687,0.030044100000000001,-4.6942618876392528e-17,-8.9585906670813315e-05,-3.1835384217693274e-07,-8.9585341015496756e-05,-1.562457150535131e-15,8.9585906670813328e-05,1.9160586642099752e-05,1,0,0.030044100000000001,0,0,0,0,0,0,0,0.0139925,307,0,0,1,0,0,0,0,0,0,0,0,1,20,nan,1,0.00093226893940256299,0,0.0018221392307689157,-0.010893764905631542,0.030044100000000001,5.4744533263144379e-05,0.0018221392307689157,-0.0064635999999999999,0.056000001728534698,0.0016000000759959221,0.0016824696519322695
639155411827702289,nan,105.07607109569966,0.0009061902778044592,0.00086313429164083409,213,0,0,0,0,1.1376611614150696,-0.043961238175227929,-0.0037947771993537762,1.1385672540523035,-0.043947935831910485,-0.0029316429077129421,0.00090603563391551841,1.6740658966350347e-05,0.00086313429164083409,0,0.045368479492036151,0.042853377759688824,0.00090603575654365728,0.00069641694518246522,0.0011427586594171641,0.00085580766588764167,0.019970600000000002,-8.6462582156877216e-17,0.00067968292440057294,2.5742593272592984e-06,0.00067967804945476273,-4.3294934632348159e-15,0.00067968292440057283,-7.3266257531925255e-06,1,0,0.019970600000000002,0,0,0,0,0,0,0,0.0140363,308,0,0,1,0,0,0,0,0,0,0,0,1,20,nan,1,0.00090602846737070715,0,0.0010482016783519229,-0.0074616489000618458,0.019970600000000002,-2.0933216437694913e-05,-0.0010482016783519229,-0.0198815,0.056000001728534698,0.0016000000759959221,0.0011183536345198751
639155411828002299,nan,102.09776420555035,0.0028673693783697269,0.0019419172559228999,215,0,0,0,0,1.1385703177112847,-0.042902907395371399,-0.0029156013450380284,1.1361943864298758,-0.044508135633982683,-0.0048575186009609285,-0.0023712409838587281,-0.0016121486744345521,-0.0019419172559228999,0,-0.079037869476674197,0.064193716651044508,-0.0023712151221697026,-0.00056715378531861779,0.0024380985566230741,-0.0019258756932479862,0.030001,-7.355507059014256e-17,0.0010450329273193641,3.0636589811727788e-06,0.0010450284365390861,-2.451753961206045e-15,0.0010450329273193641,1.6041562674913665e-05,1,0,0.030001,0,0,0,0,0,0,0,0.0038467000000000002,310,0,0,1,0,0,0,0,0,0,0,0,1,20,nan,1,-0.002371228118737051,0,0.0015277169499030292,0.0065893889404833317,0.030001,4.5833036214040779e-05,0.0015277169499030292,-0.056683299999999999,0.098000004887580872,0.0032000001519918442,0.0029400981466323139
639155411828202340,nan,107.04514619226046,0.0020251222555853648,0.00033394534523686382,216,0,0,0,0,1.1361925346942725,-0.044889342828666419,-0.0048764218473443966,1.1347500697896922,-0.046310755910469598,-0.0045424765021075328,-0.0014355163717390664,-0.0014284302210945631,0.00033394534523686382,0,-0.071762457368793109,0.015748876423003069,-0.0014355433734510744,-0.0018096147770323375,0.0023098680521434741,0.00031504209885339571,0.0200041,-7.7270792371510362e-17,-0.00038121169211264785,-1.8517356032976551e-06,-0.00038120719468373587,-3.8627477552856847e-15,0.00038121169211264785,-1.8903246383468117e-05,1,0,0.0200041,0,0,0,0,0,0,0,0.0041069000000000001,311,0,0,1,0,0,0,0,0,0,0,0,1,20,nan,1,-0.0014354945049362315,0,0.0026999102874578954,-0.0018002971773967147,0.0200041,-5.4009275381336486e-05,-0.0026999102874578954,-0.036679200000000002,0.098000004887580872,0.0032000001519918442,0.0019604018977716566
639155411828502322,nan,105.64942948868688,0.0042024601568704262,7.8597143468135504e-05,217,0,0,0,0,1.1347377459813459,-0.049023752571402693,-0.0046503931506072013,1.1347221799671303,-0.044821321243077999,-0.0047289902940753368,-3.5108733324739871e-05,0.0042023134993629087,-7.8597143468135504e-05,0,-0.001155243765706243,0.0062174994488937325,-3.465523353240902e-05,0.0014892926124235178,0.0014896957644534175,-0.00018651379196780397,0.029998199999999999,-2.3278159456442682e-17,-0.0027130246512861397,-1.2323808346259568e-05,-0.0027129966609330952,-7.7598520766054906e-16,0.0027130246512861397,-0.00010791664849966846,1,0,0.029998199999999999,0,0,0,0,0,0,0,0.014034,312,0,0,1,0,0,0,0,0,0,0,0,1,20,nan,1,-3.4884832358765171e-05,0,0.010278392751152459,-0.010277776047587395,0.029998199999999999,-0.0003083332814276217,-0.010278392751152459,-0.039724599999999999,0.098000004887580872,0.0032000001519918442,0.0029398237466186283
639155411828702194,nan,102.34758598019363,0.0012867293964824887,0.0004190668237392887,215,0,0,0,0,1.1347268724393333,-0.043829050815053949,-0.0047289902940753385,1.1357125976989846,-0.044656104774755304,-0.0043099234703360498,0.0009896253531831386,-0.00082238324405920253,0.0004190668237392887,0,0.049512955950963201,0.020966759913308864,0.00098962535318309177,0.00016989827931327661,0.0010041034632827294,0.00041906682373928696,0.0199872,-4.6764689017909922e-17,0.00099228152337247906,4.6924722030272648e-06,0.00099227042802405019,-2.339731879298247e-15,0.00099228152337247928,-1.7347234759768071e-18,1,0,0.0199872,0,0,0,0,0,0,0,0.0139106,313,0,0,1,0,0,0,0,0,0,0,0,1,20,nan,1,0.00098962535318309177,0,0,-0.010277776047587395,0.0199872,0,0,-0.019737399999999999,0.098000004887580872,0.0032000001519918442,0.0019587456976890563
639155411829002319,nan,102.9796934906614,0.00068445102889855465,9.4773756659010874e-05,218,0,0,0,0,1.1357136945457755,-0.044401613017088212,-0.0043182129167500336,1.1357561333132697,-0.045084747090293364,-0.0042234391600910227,4.5388281028727145e-05,-0.00068294444496280033,9.4773756659010874e-05,0,0.0015121239415537143,0.0028816096708047349,4.5382619795880851e-05,-0.00042845069984944525,0.00043084751871284686,8.6484310245027105e-05,0.030012500000000001,9.3318678590190336e-17,0.00025449412133361418,1.0968467909489021e-06,0.00025449175766709131,3.1093270667285407e-15,0.00025449412133361418,-8.2894464139837681e-06,1,0,0.030012500000000001,0,0,0,0,0,0,0,0.0041063999999999996,315,0,0,1,0,0,0,0,0,0,0,0,1,20,nan,1,4.5387693534294966e-05,0,0.0007891422777635892,-0.0078804204240441322,0.030012500000000001,-2.3684132611379721e-05,-0.0007891422777635892,-0.023090400000000001,0.098000004887580872,0.0032000001519918442,0.0029412251466885211
639155411829202258,nan,103.38054628751512,0.001221042217722371,4.5459081564222688e-05,216,0,0,0,0,1.1357549278190642,-0.045370174911618717,-0.0042160799543458621,1.1367596055876326,-0.044676224856640107,-0.0041706208727816394,0.0010017430990936524,0.00069817967664392161,4.5459081564222688e-05,0,0.050102179215595039,0.0026417200900966478,0.0010017379610186856,0.00041275668166373134,0.0010834422092589565,5.2818287309383365e-05,0.019993899999999998,4.6855533301502945e-17,-0.00028543036699485419,-1.2054942055694795e-06,-0.00028542782132535277,2.3434914299612857e-15,0.00028543036699485419,7.3592057451606768e-06,1,0,0.019993899999999998,0,0,0,0,0,0,0,0.0041885000000000004,316,0,0,1,0,0,0,0,0,0,0,0,1,20,nan,1,0.0010017423003366736,0,0.0010516358553874184,-0.0062398342415690422,0.019993899999999998,2.1026302129030505e-05,0.0010516358553874184,-0.036676,0.028000000864267349,0.044800002127885818,0.00055982921728007487
639155411829502893,nan,101.78456844671237,0.00096163343977833803,0.0012990268297413516,215,0,0,0,0,1.1367621936808512,-0.044055674993291528,-0.0041906963444675272,1.1377238194966053,-0.044051845766844039,-0.0028916695147261757,0.00096160132468270409,7.8590628186398964e-06,0.0012990268297413516,0,0.031985679720039739,0.042541665410064156,0.00096160148226341461,0.00062839501855109113,0.0011487200311786256,0.0012789513580554637,0.0300635,9.2127962024587604e-17,0.00062055526033420044,2.588093218625076e-06,0.00062054986334857815,3.0644456575111879e-15,0.00062055526033420044,-2.0075471685887872e-05,1,0,0.0300635,0,0,0,0,0,0,0,0.0140547,317,0,0,1,0,0,0,0,0,0,0,0,1,20,nan,1,0.00096158345997309825,0,0.0019079112721775307,-0.008522416464984417,0.0300635,-5.7358490531109196e-05,-0.0019079112721775307,-0.039770699999999999,0.028000000864267349,0.044800002127885818,0.00084177802598290143
639155411829702827,nan,98.619191602920665,0.00083506829818295468,0.0010242775457070226,214,0,0,0,0,1.1377250255783582,-0.043634758549549291,-0.0028916695147261761,1.1371390555562446,-0.044229719217000835,-0.0039159470604331987,-0.00058424714502021695,-0.0005966526092844157,-0.0010242775457070226,0,-0.029222000511178226,0.05123078344388763,-0.00058424714502019082,-0.00017956364819353383,0.00061121831632961969,-0.0010242775457070231,0.019993400000000001,2.6116778620928656e-17,0.00041708896109088188,1.2060817529135903e-06,0.00041708721729474818,1.306270000146481e-15,0.00041708896109088193,-4.3368086899420177e-19,1,0,0.019993400000000001,0,0,0,0,0,0,0,0.013930700000000001,318,0,0,1,0,0,0,0,0,0,0,0,1,20,nan,1,-0.00058424714502019082,0,0,-0.008522416464984417,0.019993400000000001,0,0,-0.019777300000000001,0.028000000864267349,0.044800002127885818,0.00055981521727964281
639155411830002352,nan,104.11187875952849,0.00071312768176778755,0.00015677567582132604,207,0,0,0,0,1.1371379986285386,-0.044499621308910164,-0.0038288407265622934,1.136633141424829,-0.043995964387617513,-0.0039856164023836195,-0.00050678192052614748,0.00050172021638691066,-0.00015677567582132604,0,-0.016920978937057917,0.0023259942225330346,-0.00050682562161222721,0.00023177190921994686,0.00055730640461606009,-6.9669341950420724e-05,0.0299525,-6.3979574879669508e-17,-0.00026990416134844617,-1.0569277060223925e-06,-0.00026990209190932979,-2.1360345506942494e-15,0.00026990416134844617,8.7106333870905317e-05,1,0,0.0299525,0,0,0,0,0,0,0,0.0039267,320,0,0,1,0,0,0,0,0,0,0,0,1,20,nan,1,-0.00050679677654355147,0,0.0083089972333248059,0.011436258442699909,0.0299525,0.00024887523963116123,0.0083089972333248059,-0.056624399999999998,0.098000004887580872,0.1695999950170517,0.0029353451463952659
639155411830202194,nan,102.56561441425056,0.0012828905189070136,0.0002105463523456273,212,0,0,0,0,1.1366337576545862,-0.043841351792735794,-0.0039856164023836212,1.1357725530876988,-0.044792211812651313,-0.0037750700500379939,-0.00085740797346147476,-0.00095428488961430866,0.0002105463523456273,0,-0.042904293064590864,0.010535640773492337,-0.0008574079734613968,-0.00079967106670325019,0.0011724428548451704,0.00021054635234562556,0.019984200000000001,7.8026134002224384e-17,0.00015461382291105847,6.162297572220865e-07,0.00015461259488171869,3.9043911691348358e-15,0.00015461382291105847,-1.7347234759768071e-18,1,0,0.019984200000000001,0,0,0,0,0,0,0,0.0039700999999999998,321,0,0,1,0,0,0,0,0,0,0,0,1,20,nan,1,-0.0008574079734613968,0,0,0.011436258442699909,0.019984200000000001,0,0,-0.036640199999999998,0.098000004887580872,0.1695999950170517,0.0019584516976743939
639155411830502311,nan,102.21731238712881,0.0012298366337361846,0.00074677893955587941,212,0,0,0,0,1.1357680205530423,-0.045992855261651727,-0.0037091129650189507,1.1345451742391548,-0.045861916198376575,-0.00445589190457483,-0.0012233235688950488,0.00012640249786072719,-0.00074677893955587941,0,-0.040761832997614066,0.022685214584206699,-0.0012233319033744939,-0.0010743301935992916,0.0016281051288823316,-0.00068082185453683611,0.030011699999999999,-8.8089732448552727e-17,-0.0012006520043284911,-4.5325346564872859e-06,-0.0012006434490004145,-2.9351796948707579e-15,0.0012006520043284911,6.5957085019043189e-05,1,0,0.030011699999999999,0,0,0,0,0,0,0,0.0141364,322,0,0,1,0,0,0,0,0,0,0,0,1,20,nan,1,-0.0012234331260694243,0,0.0062791782651473891,-0.0098693352192640305,0.030011699999999999,0.00018844881434012389,0.0062791782651473891,-0.0066284999999999998,0.098000004887580872,0.1695999950170517,0.0029411467466846108
639155411830702183,nan,103.66350866698913,0.0018497064654703274,0.00055289771748203527,209,0,0,0,0,1.1345419836652619,-0.046577946309717719,-0.0044486436319875712,1.135800948341338,-0.045222799840587795,-0.0038957459145055359,0.0012529236745447276,0.0013607337264020722,0.00055289771748203527,0,0.062685809495217973,0.028025235654283446,0.0012529138115428206,0.00064470558811955585,0.0014090558237725506,0.00056014599006929408,0.0199872,-2.6678149706721443e-17,-0.00071603721977909574,-3.1905738928639238e-06,-0.00071603011134114408,-1.334761732845093e-15,0.00071603721977909574,7.2482725872588189e-06,1,0,0.0199872,0,0,0,0,0,0,0,0.0140111,323,0,0,1,0,0,0,0,0,0,0,0,1,20,nan,1,0.0012529204871925682,0,0.0010361306360727311,-0.0022211552131921053,0.0199872,2.0709350249312891e-05,0.0010361306360727311,-0.019659099999999999,0.098000004887580872,0.1695999950170517,0.0019587456976890563
639155411831002344,nan,102.38424695754253,0.0017013848448926851,0.00038003685896717846,212,0,0,0,0,1.1358047160748206,-0.044255664276699677,-0.0038862297103802895,1.1373011463773226,-0.045065236225438163,-0.003506192851413111,0.0014995651770269302,-0.00080375037808930281,0.00038003685896717846,0,0.049958949550796661,0.012978137169466549,0.0014995728256116676,0.00016340679507897412,0.0015084496809608676,0.0003895530630924249,0.0300161,-2.7099548597980458e-17,0.0009671429029635603,3.7677334825403364e-06,0.00096713556388811767,-9.0283376581169629e-16,0.00096714290296356041,9.5162041252464316e-06,1,0,0.0300161,0,0,0,0,0,0,0,0.0039385999999999996,325,0,0,1,0,0,0,0,0,0,0,0,1,20,nan,1,0.0014995750469194084,0,0.00090581903190495186,0.0014537412207573652,0.0300161,2.7189154643562224e-05,0.00090581903190495186,-0.056485300000000002,0.098000004887580872,0.23680000007152557,0.0029415779467061162
639155411831202322,nan,101.82580723371106,0.00042244988600982674,0.0012318499909029206,214,0,0,0,0,1.1373015267222291,-0.044956758636204582,-0.0042759227674194385,1.137615928649349,-0.045238920530182088,-0.0030440727765165179,0.00031560555172812157,-0.00028081496026405637,0.0012318499909029206,0,0.015771200160918854,0.023108545684854993,0.00031538930657802302,-0.00017257955207012853,0.00035951928529147419,0.00046212007489659316,0.0199978,-2.7689665864420688e-17,0.00010847825601556033,3.8034490645877383e-07,0.00010847758923358125,-1.3846356031373796e-15,0.00010847825601556034,-0.00076972991600632746,1,0,0.0199978,0,0,0,0,0,0,0,0.0040156000000000002,326,0,0,1,0,0,0,0,0,0,0,0,1,20,nan,1,0.00031557888678327193,0,0.10997351365883491,-0.073307611048221588,0.0199978,-0.0021992283314466489,-0.10997351365883491,-0.036487499999999999,0.098000004887580872,0.23680000007152557,0.0019597844977408646
639155411831502306,nan,107.04672531650793,0.0021494220649262603,0.0012381678273990907,212,0,0,0,0,1.13761513992338,-0.045498021935026577,-0.0033357845260254949,1.1355794764577634,-0.046188014303060722,-0.0045739523534245857,-0.0020333504781511595,-0.00069677905120225903,-0.0012381678273990907,0,-0.067788737074961039,0.050998705827913077,-0.0020335536502695114,-0.00095528847465390005,0.0022467568890138139,-0.0015298795769080678,0.029998400000000001,7.6127615530072277e-17,-0.00025910260531504097,-7.8872596898094116e-07,-0.00025910140484448896,2.5377225295373178e-15,0.00025910260531504097,-0.00029171174950897707,1,0,0.029998400000000001,0,0,0,0,0,0,0,0.014078200000000001,327,0,0,1,0,0,0,0,0,0,0,0,1,20,nan,1,-0.0020331553753138117,0,0.027783553171309799,-0.027782071381807327,0.029998400000000001,-0.00083346214145421996,-0.027783553171309799,-0.039667899999999999,0.098000004887580872,0.23680000007152557,0.002939843346619606
639155411831702214,nan,105.47714197393589,0.0025150712694115684,0.0019593560300363031,209,0,0,0,0,1.1355765552105839,-0.04682668007436467,-0.0045739523534245857,1.1377673887596653,-0.045591434410361474,-0.002614596323388283,0.0021851606967516466,0.0012452534760406719,0.0019593560300363031,0,0.10930831666325198,0.098012887430032974,0.0021851606967517377,0.00060658102390237089,0.0022677891897588251,0.0019593560300363031,0.0199908,9.0829884032920388e-17,-0.00063867245213830093,-2.9212471794881623e-06,-0.00063866577130394786,4.543584250401204e-15,0.00063867245213830093,0,1,0,0.0199908,0,0,0,0,0,0,0,0.013931000000000001,328,0,0,1,0,0,0,0,0,0,0,0,1,20,nan,1,0.0021851606967517377,0,0,-0.027782071381807327,0.0199908,0,0,-0.019677099999999999,0.098000004887580872,0.23680000007152557,0.0019590984977066518
639155411832002318,nan,100.30893032355331,0.002469329389581235,0.0013131398859798653,217,0,0,0,0,1.1377697528139117,-0.044687260852735826,-0.0023258801693764792,1.1353004741471142,-0.044671433662570037,-0.0036390200553563447,-0.0024693087998637138,1.0083906249940271e-05,-0.0013131398859798653,0,-0.082281862565420333,0.034135624049264977,-0.0024693116083332905,0.00091354762465097766,0.0026328822764329941,-0.0010244237319680617,0.0300104,-9.466821383340325e-17,0.00090417664815117913,2.3640542463621017e-06,0.00090417355762564822,-3.1545135630782412e-15,0.00090417664815117913,0.0002887161540118038,1,0,0.0300104,0,0,0,0,0,0,0,0.0040969999999999999,330,0,0,1,0,0,0,0,0,0,0,0,1,20,nan,1,-0.0024689346040849707,0,0.027487247660030648,0.011639132164418697,0.0300104,0.00082490329717658378,0.027487247660030648,-0.0230233,0.098000004887580872,0.23680000007152557,0.0029410193466782569
639155411832202944,nan,102.72552866755917,0.002284019439307157,0.0010956976670723579,214,0,0,0,0,1.1353026904323438,-0.044062402821102103,-0.0038780150374499163,1.1375230556698235,-0.044597868049968251,-0.0027823173703775583,0.0022224250784682507,-0.00052685061424313665,0.0010956976670723579,0,0.11076825039354415,0.042701478620856041,0.0022222991003455188,8.1653126392155137e-05,0.0022237986699443174,0.00085670268497878646,0.0200626,9.2545549267583974e-17,0.00060903487402558319,2.216285229561521e-06,0.00060903084146793351,4.612839276443929e-15,0.00060903487402558319,-0.00023899498209357158,1,0,0.0200626,0,0,0,0,0,0,0,0.0041244000000000003,331,0,0,1,0,0,0,0,0,0,0,0,1,20,nan,1,0.0022222710926959712,0,0.034035608843401906,-0.052323352545499802,0.0200626,-0.00068284280598163508,-0.034035608843401906,-0.0363811,0.098000004887580872,0.23680000007152557,0.0019661348980575801
639155411832502827,nan,105.88776531701919,0.0024101646302138349,0.0021266185693082588,216,0,0,0,0,1.137523387333057,-0.044478664402951514,-0.0026821943644584007,1.135134176795203,-0.04479578669882666,-0.0048088129337666595,-0.002388351361054863,-0.00032352947451689211,-0.0021266185693082588,0,-0.079641692137942768,0.067576206833635175,-0.0023883189563402691,-0.00020456449339910048,0.0023970636347777469,-0.0020264955633891015,0.029988299999999999,2.5055234579782204e-18,0.00011920410841322265,3.3166323354372196e-07,0.00011920364701673708,8.3550033112187768e-17,0.00011920410841322263,0.00010012300591915766,1,0,0.029988299999999999,0,0,0,0,0,0,0,0.0140819,332,0,0,1,0,0,0,0,0,0,0,0,1,20,nan,1,-0.0023883481913552669,0,0.0095392446786778211,-0.012015880085527897,0.029988299999999999,0.00028606573119759407,0.0095392446786778211,-0.040109100000000002,0.070000000298023224,0.40159997344017029,0.0020991810089372098
639155411832702256,nan,109.69230360684743,0.0010887425477725812,0.00018481058182521874,213,0,0,0,0,1.1351335071301709,-0.044935043492407047,-0.0048088129337666595,1.1343527354640952,-0.045693829325685248,-0.0046240023519414407,-0.00077711379347899828,-0.00076253163037018476,0.00018481058182521874,0,-0.038966940288477074,0.0092669863372537974,-0.00077711379347906941,-0.00090179003410060772,0.001190433162180307,0.00018481058182521874,0.0199429,-7.1186554711382723e-17,-0.00013925840373042305,-6.6966503209364703e-07,-0.00013925679358038623,-3.5695187114904414e-15,0.00013925840373042305,0,1,0,0.0199429,0,0,0,0,0,0,0,0.0139834,333,0,0,1,0,0,0,0,0,0,0,0,1,20,nan,1,-0.00077711379347906941,0,0,-0.012015880085527897,0.0199429,0,0,-0.020166199999999999,0.070000000298023224,0.40159997344017029,0.0013960030059434474
639155411833002332,nan,102.39241643964301,0.0016597602303034783,0.00065716604030342015,219,0,0,0,0,1.1343464621692179,-0.047050500384480901,-0.0045738773857406361,1.1355807399771278,-0.045940832724774616,-0.003916711345437216,0.0012291894310503106,0.0011153014680754568,0.00065716604030342015,0,0.040960740780927853,0.023570395716559299,0.0012291335250577706,-0.00024132248293361669,0.0012525996021036359,0.00070729100650422476,0.030007599999999999,4.193660121856041e-18,-0.0013566855626866291,-6.2732948773458475e-06,-0.0013566710587956526,1.3975326656767089e-16,0.0013566855626866291,5.0124966200804609e-05,1,0,0.030007599999999999,0,0,0,0,0,0,0,0.0089765999999999995,335,0,0,1,0,0,0,0,0,0,0,0,1,20,nan,1,0.0012291162415046897,0,0.0047725972468693608,-0.0056261848658323288,0.030007599999999999,0.00014321418914515702,0.0047725972468693608,-0.0563267,0.070000000298023224,0.40159997344017029,0.0021005320089429618
639155411833202188,nan,104.72201131668699,0.0011417643603900732,0.00032882560328288245,214,0,0,0,0,1.1355801081972647,-0.046102135556830647,-0.0039167113454372177,1.1364587295596087,-0.045372991979549873,-0.0035878857421543352,0.00087575878543108793,0.00073257928198743017,0.00032882560328288245,0,0.043819489303848665,0.016453126415162955,0.00087575878543099783,0.00057127521268013923,0.0010456140869758378,0.00032882560328288072,0.019985599999999999,-9.0160198608997457e-17,-0.00016130406930729094,-6.3177986309170819e-07,-0.0001613028320560303,-4.511258036235963e-15,0.00016130406930729097,-1.7347234759768071e-18,1,0,0.019985599999999999,0,0,0,0,0,0,0,0.0041132,336,0,0,1,0,0,0,0,0,0,0,0,1,20,nan,1,0.00087575878543099783,0,0,-0.0056261848658323288,0.019985599999999999,0,0,-0.036341100000000001,0.070000000298023224,0.40159997344017029,0.0013989920059561728
639155411833502262,nan,106.62837026998486,0.00039187840778587908,0.0016289442487754618,213,0,0,0,0,1.1364618054809772,-0.044515688154754332,-0.0040007282810358416,1.1367961854988422,-0.044720037586222568,-0.0023717840322603797,0.00033519488622302972,-0.00020301003605419581,0.0016289442487754618,0,0.011167613538050073,0.040526727070454474,0.00033511104648168376,0.00065416094137096814,0.00073500064672719879,0.0012161017098939555,0.0300074,1.1014689391152833e-16,0.0008573093428286717,3.0759213685005449e-06,0.00085730382479554113,3.6706577014845786e-15,0.00085730934282867181,-0.00041284253888150633,1,0,0.0300074,0,0,0,0,0,0,0,0.014123200000000001,337,0,0,1,0,0,0,0,0,0,0,0,1,20,nan,1,0.00033472518041690816,0,0.039308640904910694,0.029754964634776115,0.0300074,-0.0011795501110900171,-0.039308640904910694,-0.0063337000000000003,0.070000000298023224,0.40159997344017029,0.002100518008942902
639155411833702306,nan,103.85170368430222,0.0024275015671714442,0.002031188962213144,208,0,0,0,0,1.1367972191774858,-0.044284215145706268,-0.0023559669236963019,1.1346466861919207,-0.045410257656722713,-0.0043871558859094459,-0.0021478741007586021,-0.0011311059658185181,-0.002031188962213144,0,-0.10736918926156674,0.1007464284681903,-0.0021478562096640856,-0.00069531627248673529,0.0022575985064172549,-0.0020153718536490661,0.020004399999999999,-1.9957155028495384e-17,0.00043582366634812469,1.0336786435694023e-06,0.00043582244051629943,-9.9763827100514812e-16,0.00043582366634812474,1.5817108564077868e-05,1,0,0.020004399999999999,0,0,0,0,0,0,0,0.014019,338,0,0,1,0,0,0,0,0,0,0,0,1,20,nan,1,-0.0021478719203914345,0,0.0022590899379391002,-0.021002281457185745,0.020004399999999999,4.5191738754508937e-05,0.0022590899379391002,-0.019955000000000001,0.070000000298023224,0.48960000276565552,0.0014003080059617756
639155411834002364,nan,103.46989903078703,0.0014867758481495164,0.00025868007911690211,215,0,0,0,0,1.1346420821612233,-0.046459684957442696,-0.0044814360980957244,1.1359209485493356,-0.045701395313574714,-0.0042227560189788222,0.001275455331016312,0.00076401316822603512,0.00025868007911690211,0,0.04250936007942533,0.0054789363033354759,0.0012755273566712206,-0.00028554448540496052,0.0013070981947665046,0.00016439986693062361,0.030005799999999999,9.0920516558276598e-18,-0.0010494374000363674,-4.6040306973527123e-06,-0.0010494273007199822,3.0300980663163986e-16,0.0010494374000363672,-9.4280212186278488e-05,1,0,0.030005799999999999,0,0,0,0,0,0,0,0.0039280000000000001,340,0,0,1,0,0,0,0,0,0,0,0,1,20,nan,1,0.0012755658039513974,0,0.0089773322097039115,0.015979697927832603,0.030005799999999999,-0.00026937203481793362,-0.0089773322097039115,-0.056397799999999998,0.070000000298023224,0.48960000276565552,0.0021004060089424253
639155411834202277,nan,108.01317506538234,0.0013334502371010601,0.00096891990592443394,210,0,0,0,0,1.1359201446103042,-0.045891776725422211,-0.0039675110691462651,1.1346705240924635,-0.045426440184608619,-0.004936430975070699,-0.0012514569056582491,0.00046037500812397822,-0.00096891990592443394,0,-0.062605952253563427,0.035699276990084516,-0.0012515743732866625,0.00026967245580642108,0.0012802974831220156,-0.00071367495609187665,0.0199913,-3.5221959287438757e-17,-0.00019038310926921111,-8.039390313463457e-07,-0.00019038141184749696,-1.761864375375226e-15,0.00019038310926921113,0.00025524494983255718,1,0,0.0199913,0,0,0,0,0,0,0,0.0039636999999999997,341,0,0,1,0,0,0,0,0,0,0,0,1,20,nan,1,-0.0012514759578954894,0,0.03647943281506856,0.02430904284119606,0.0199913,0.00072927128523588014,0.03647943281506856,-0.036406500000000001,0.070000000298023224,0.48960000276565552,0.0013993910059578716
639155411834502315,nan,101.59423354050924,0.001663361498744237,0.00093205338224939052,213,0,0,0,0,1.1346725154174295,-0.045023049799760066,-0.0048445873190135274,1.1361766378090581,-0.044312847500055076,-0.0039125339367641369,0.0015006641171705828,0.00071748078924895975,0.00093205338224939052,0,0.050013605436067726,0.034125578703582946,0.0015005982147826889,0.0011210139125793885,0.0018730902792993033,0.0010238970383065621,0.030003800000000001,9.2928831676216544e-17,0.00040339529987765534,1.9913249660330479e-06,0.00040339038484855233,3.0972354060557845e-15,0.00040339529987765539,9.1843656057171569e-05,1,0,0.030003800000000001,0,0,0,0,0,0,0,0.0139078,342,0,0,1,0,0,0,0,0,0,0,0,1,20,nan,1,0.0015007452847463274,0,0.0087459070476949945,0.0087470440194010735,0.030003800000000001,0.00026241044587763107,0.0087459070476949945,-0.040057000000000002,0.056000001728534698,0.65920001268386841,0.0016802128518626095
639155411834702317,nan,108.3916648489763,0.0017001588422051804,9.6650889019415584e-05,211,0,0,0,0,1.1361795574551423,-0.043566622359622276,-0.0039125339367641369,1.1357593349705608,-0.045214030369855503,-0.0040091848257835525,-0.00041377374491603628,-0.0016490395315900156,-9.6650889019415584e-05,0,-0.020688480361003105,0.0048324961260095192,-0.00041377374491613429,-0.00090280867954273519,0.00099311239235024104,-9.6650889019415584e-05,0.020000199999999999,-9.7986041887798345e-17,0.00074623085204728035,2.9196460842317862e-06,0.00074622514043280047,-4.899253101858899e-15,0.00074623085204728035,0,1,0,0.020000199999999999,0,0,0,0,0,0,0,0.014003399999999999,343,0,0,1,0,0,0,0,0,0,0,0,1,20,nan,1,-0.00041377374491613429,0,0,0.0087470440194010735,0.020000199999999999,0,0,-0.0200568,0.056000001728534698,0.65920001268386841,0.0011200112345710396
639155411835002344,nan,109.8610165905281,0.0019919273173870217,0.0010979662538544875,218,0,0,0,0,1.1357539050199861,-0.046568400826149159,-0.0042699069090559654,1.1342999657237047,-0.045206844745599571,-0.0053678731629104529,-0.0014597397421638901,0.0013553355019698837,-0.0010979662538544875,0,-0.048641833123638976,0.045285535539364805,-0.0014593863266586032,1.3347011410778575e-06,0.0014593869369928002,-0.0013586883371269004,0.0300027,4.6126026175680179e-17,-0.0013543813411459604,-5.4299505747312793e-06,-0.0013543704562936562,1.5373958402303853e-15,0.0013543813411459604,-0.00026072208327241296,1,0,0.0300027,0,0,0,0,0,0,0,0.0037794999999999999,345,0,0,1,0,0,0,0,0,0,0,0,1,20,nan,1,-0.0014593867225537308,0,0.024828440037769229,0.0048983772285282612,0.0300027,-0.0007449202379211789,-0.024828440037769229,-0.022966799999999999,0.056000001728534698,0.65920001268386841,0.001680151251860708
639155411835202203,nan,106.07301604908173,0.00096567162860880214,0.00063364548524956314,218,0,0,0,0,1.1342999634060993,-0.045207276496331779,-0.0051280727656037731,1.1351841967457292,-0.044819135934953756,-0.00449442728035421,0.00088223130893740802,0.00039266985093149671,0.00063364548524956314,0,0.044137973330498903,0.043703104816707923,0.0008821371211860181,0.00039244964210525125,0.00096549604979145073,0.00087344588255624297,0.019985900000000001,-1.2490268844463414e-17,-4.3175695252868562e-07,-2.3176054408935443e-09,-4.3175073220769189e-07,-6.2495403481771711e-16,4.3175695252868568e-07,0.00023980039730667983,1,0,0.019985900000000001,0,0,0,0,0,0,0,0.0041123000000000002,346,0,0,1,0,0,0,0,0,0,0,0,1,20,nan,1,0.00088227151167882085,0,0.034281367979665835,0.044801440089941025,0.019985900000000001,0.00068514399230480347,0.034281367979665835,-0.036244199999999997,0.056000001728534698,0.65920001268386841,0.0011192104345463217
639155411835502280,nan,101.55224559321663,0.0018741116241444671,0.0019639179108756886,213,0,0,0,0,1.1351868398370901,-0.044231057988804598,-0.0049532676707244551,1.1353937994440264,-0.046093707204532076,-0.0029893497598487665,0.00021618323049387529,-0.0018616012437164529,0.0019639179108756886,0,0.0071757925440957713,0.05015637721336335,0.00021532902992546269,-0.0012736163555950848,0.0012916908346690189,0.0015050775205054435,0.030007700000000002,9.8518402095147672e-18,0.00058808388575011517,2.6430913608876949e-06,0.00058807794614915837,3.2831040731261534e-16,0.00058808388575011506,-0.0004588403903702451,1,0,0.030007700000000002,0,0,0,0,0,0,0,0.014144500000000001,347,0,0,1,0,0,0,0,0,0,0,0,1,20,nan,1,0.00021616382164313638,0,0.043687871576794837,-0.10660853236913681,0.030007700000000002,-0.0013109725439149865,-0.043687871576794837,-0.039947799999999999,0.083999998867511749,0.80000001192092896,0.0025206467660166326
639155411835802257,nan,109.4945124768618,0.0018289665538320811,0.0024035058758125447,216,0,0,0,0,1.1353899924695439,-0.047367215976790444,-0.0029413043464927911,1.1340635869746207,-0.046107943520935828,-0.0053448102223053358,-0.0013301036555876486,0.0012553656520826004,-0.0024035058758125447,0,-0.044342198522358649,0.078521368720154194,-0.0013301639686141579,-1.8212717197965995e-05,0.0013302886478005818,-0.0023554604624565693,0.029997699999999999,-4.5692768823159605e-17,-0.0012735144624517331,-3.8069744825453e-06,-0.0012735087722583679,-1.5232090734676195e-15,0.0012735144624517331,4.8045413355975349e-05,1,0,0.029997699999999999,0,0,0,0,0,0,0,0.0040159000000000002,349,0,0,1,0,0,0,0,0,0,0,0,1,20,nan,1,-0.0013301652155346031,0,0.0045761044876274515,-0.045158877968788147,0.029997699999999999,0.00013727260958850199,0.0045761044876274515,-0.043108100000000003,0.083999998867511749,0.80000001192092896,0.0025198067660279571
639155411836002088,nan,105.94068971533117,0.0012459297869616597,0.0011627675911915812,212,0,0,0,0,1.1340635109738819,-0.046122162924801841,-0.005262829548709074,1.1352965095725915,-0.046301203394021606,-0.0041000619575174927,0.001233923778458985,-0.00017254895824614028,0.0011627675911915812,0,0.061749073967118637,0.062290048330231197,0.0012339379199923285,-0.00018666740673515208,0.001247977368036865,0.0012447482647878431,0.0199831,3.0387148164070414e-17,-1.4219606971259175e-05,-7.6000738813419844e-08,-1.4219403866012892e-05,1.5206423509901074e-15,1.4219606971259175e-05,8.1980673596261829e-05,1,0,0.0199831,0,0,0,0,0,0,0,0.0039246000000000003,350,0,0,1,0,0,0,0,0,0,0,0,1,20,nan,1,0.0012339160499304114,0,0.01172142940731523,0.011711524799466133,0.0199831,0.000234230495989321,0.01172142940731523,-0.056142299999999999,0.083999998867511749,0.80000001192092896,0.0016785803773693741
639155411836202175,nan,104.73236285090155,0.00097771242755689759,0.00092187044823536721,210,0,0,0,0,1.1352957369414194,-0.046489646117747398,-0.0040519077840986129,1.1357631473683967,-0.045630897560978823,-0.0049737782323339801,0.0004639270295799407,0.00086063540609501688,-0.00092187044823536721,0,0.023184194168311335,0.043666818674700868,0.00046388558585549105,0.00067221343747396467,0.00081673786632251589,-0.00087371627481648735,0.020008700000000001,1.2480818719555302e-17,-0.00018844430764584851,-7.7263117215231603e-07,-0.00018844272372579157,6.2376959620341663e-16,0.00018844430764584848,4.8154173418879856e-05,1,0,0.020008700000000001,0,0,0,0,0,0,0,0.0040166999999999998,351,0,0,1,0,0,0,0,0,0,0,0,1,20,nan,1,0.00046393182744703662,0,0.0068761764944933962,0.0068791676312685013,0.020008700000000001,0.00013758335262537003,0.0068761764944933962,-0.036133600000000002,0.083999998867511749,0.80000001192092896,0.0016807307773403825
639155411836502451,nan,104.96085720260008,0.0021137591956650469,0.00028418464592966028,214,0,0,0,0,1.1357681679632274,-0.044621493201638315,-0.0050699978899632434,1.1342467812132135,-0.046088926434920394,-0.0047858132440335831,-0.0015139273450020302,-0.0014751277677928947,0.00028418464592966028,0,-0.05042258702934891,0.0062597406486165031,-0.0015140692742824774,-0.00046556524636488924,0.0015840318071140705,0.00018796498830039692,0.030027600000000002,-2.8046954949484393e-17,0.0010094168450288882,5.0205948307624482e-06,0.0010094043593405072,-9.340391822684593e-16,0.0010094168450288882,-9.6219657629263364e-05,1,0,0.030027600000000002,0,0,0,0,0,0,0,0.014149200000000001,352,0,0,1,0,0,0,0,0,0,0,0,1,20,nan,1,-0.0015140052649381451,0,0.0091553539914004806,-0.0016927119577303529,0.030027600000000002,-0.00027491330751217707,-0.0091553539914004806,-0.0061060000000000003,0.083999998867511749,0.80000001192092896,0.0025223183659940961
639155411836702135,nan,104.61026804182298,0.00037798411399445487,0.00028464516614078861,218,0,0,0,0,1.1342453004291799,-0.046398335233985892,-0.0047054108233162938,1.1344521797358076,-0.046081992156107726,-0.0049900559894570824,0.00020538849773613568,0.00031731302436216897,-0.00028464516614078861,0,0.010284398566589985,0.010228297981986502,0.00020536298433709545,7.9171946187326716e-06,0.00020551554030405828,-0.00020424274542349928,0.019968400000000001,8.8143942557177002e-17,-0.00030941234245018113,-1.4807840336139577e-06,-0.0003094087990654984,4.4141715188586463e-15,0.00030941234245018113,8.0402420717289396e-05,1,0,0.019968400000000001,0,0,0,0,0,0,0,0.0141555,353,0,0,1,0,0,0,0,0,0,0,0,1,20,nan,1,0.00020536389235615321,0,0.011504236796608827,0.0022426529321819544,0.019968400000000001,0.00022972120204940369,0.011504236796608827,-0.019488700000000001,0.083999998867511749,0.80000001192092896,0.0016773455773860216
639155411837002201,nan,109.28293162589817,0.0015994794466204407,5.4721718751071437e-05,214,0,0,0,0,1.1344522394177834,-0.046070032073805708,-0.0050649206468579462,1.1329678704485344,-0.045474227354713979,-0.0051196423656090177,-0.0014873676204393493,0.00058827889799806623,-5.4721718751071437e-05,0,-0.049566547858570863,0.0043185957806594292,-0.0014873235749729924,0.00060035047882725458,0.0016039177391931785,-0.00012958637615193523,0.030006600000000001,1.0594774131040494e-16,1.1960231210527401e-05,5.9681975805858656e-08,1.1960082302017727e-05,3.5308145978019813e-15,1.1960231210527401e-05,-7.4864657400863788e-05,1,0,0.030006600000000001,0,0,0,0,0,0,0,0.0041825999999999999,355,0,0,1,0,0,0,0,0,0,0,0,1,20,nan,1,-0.0014873877736566021,0,0.007128399123703737,-0.0071797855198383331,0.030006600000000001,-0.00021389902114532858,-0.007128399123703737,-0.0232505,0.14000000059604645,0.80000001192092896,0.0042009240178853277
639155411837302278,nan,108.14765030721718,0.0025454402198366779,0.0010457501157623032,209,0,0,0,0,1.1329709431407244,-0.044874055482415423,-0.0051136688990534307,1.1354696238839943,-0.045359710149822777,-0.0040679187832911275,0.0025011315399228254,-0.00047287094726306667,0.0010457501157623032,0,0.083349752382123735,0.035048456973306524,0.0025011343645570546,0.0001273237310292676,0.0025043730636731092,0.0010517235823178902,0.030007700000000002,6.362487983300677e-17,0.00060017973785829297,3.0726921900203763e-06,0.00060017187229855634,2.1202851212524375e-15,0.00060017973785829297,5.973466555586962e-06,1,0,0.030007700000000002,0,0,0,0,0,0,0,0.0142702,356,0,0,1,0,0,0,0,0,0,0,0,1,20,nan,1,0.0025011354509860569,0,0.00056875559611962979,0.00085335236508399248,0.030007700000000002,1.7067047301679017e-05,0.00056875559611962979,-0.026195699999999999,0.14000000059604645,0.80000001192092896,0.0042010780178859831
639155411837502243,nan,105.06220409199331,0.0016385326332802378,0.0012936928630553012,214,0,0,0,0,1.1354699618982227,-0.045276617939308234,-0.0041060504710812833,1.1369533315903646,-0.045972608992956972,-0.0028123576080259821,0.0014862149539757454,-0.00068989441286557954,0.0012936928630553012,0,0.074322438729622589,0.062789046846455393,0.0014861886460568981,-0.00060685818622591213,0.0016053141592404397,0.0012555611752651454,0.0199965,3.1760029752892025e-18,8.3092898022705592e-05,3.3801422838486417e-07,8.3092210514543186e-05,1.5882794365459968e-16,8.3092898022705592e-05,-3.8131687790155834e-05,1,0,0.0199965,0,0,0,0,0,0,0,0.0142632,357,0,0,1,0,0,0,0,0,0,0,0,1,20,nan,1,0.0014862217017473816,0,0.0054483374290722753,-0.0086544128134846687,0.0199965,-0.00010894767940044375,-0.0054483374290722753,-0.0061992000000000002,0.14000000059604645,0.80000001192092896,0.0027995100119188429
639155411837702191,nan,102.77650216710752,0.0027196350068363988,0.0021330515106212644,213,0,0,0,0,1.1369516197894105,-0.04658127854344854,-0.0027640004632129298,1.1342321983913812,-0.04661536417605993,-0.0048970519738341942,-0.0027193167976716512,-4.160197484271199e-05,-0.0021330515106212644,0,-0.13600109942282002,0.10426182636526557,-0.0027193147827394015,-0.00065040543078156998,0.0027960150414500988,-0.0020846943658082121,0.0199948,8.5577856243470099e-17,-0.00060867195759137303,-1.7118009540961765e-06,-0.00060866955049156818,4.2800056136330499e-15,0.00060867195759137292,4.8357144813052349e-05,1,0,0.0199948,0,0,0,0,0,0,0,0.014261100000000001,358,0,0,1,0,0,0,0,0,0,0,0,1,20,nan,1,-0.0027193597073215722,0,0.0069099601343567095,0.00319894147105515,0.0199948,0.00013816327089443553,0.0069099601343567095,-0.053367100000000001,0.20999999344348907,0.80000001192092896,0.0041989078689038751
639155411838002263,nan,110.34808252055258,0.0018582279453454996,9.1446242989561e-05,218,0,0,0,0,1.1342273767653801,-0.047599953983193589,-0.004876799727870606,1.1346396248797741,-0.045788031636888001,-0.004785353484881045,0.00040340686473984774,0.0018139112432375858,9.1446242989561e-05,0,0.013442444775937173,0.0037223895916029871,0.00040337012888050198,0.00082931779972682663,0.00092221227156052184,0.00011169848895314916,0.030007200000000001,3.5275534121352592e-17,-0.00098460161303381565,-4.8216260011280099e-06,-0.00098458980713365951,1.1755690008182234e-15,0.00098460161303381565,2.0252245963588156e-05,1,0,0.030007200000000001,0,0,0,0,0,0,0,0.0042776999999999997,360,0,0,1,0,0,0,0,0,0,0,0,1,20,nan,1,0.00040339412235176723,0,0.0019283225324576991,0.0028931924607604742,0.030007200000000001,5.7863559895964672e-05,0.0019283225324576991,-0.056339500000000001,0.20999999344348907,0.80000001192092896,0.0063015118032574658
639155411838202237,nan,107.5839869719174,0.0036427352849175225,0.00030514567748161822,211,0,0,0,0,1.1346422694665128,-0.045235393976922625,-0.004785353484881045,1.1316943560568575,-0.047375330164092171,-0.0050904991623626633,-0.0029376393446815742,-0.0021540184392344354,-0.00030514567748161822,0,-0.14690106437244616,0.015259267578866165,-0.0029376393446815543,-0.0016013744516158016,0.0033457622530163257,-0.00030514567748161822,0.019997399999999999,2.0106444585448954e-17,0.00055264398761863392,2.6445867387092648e-06,0.00055263765996537567,1.0054529381544079e-15,0.00055264398761863392,0,1,0,0.019997399999999999,0,0,0,0,0,0,0,0.0040463000000000001,361,0,0,1,0,0,0,0,0,0,0,0,1,20,nan,1,-0.0029376393446815543,0,0,0.0028931924607604742,0.019997399999999999,0,0,-0.036342100000000002,0.20999999344348907,0.80000001192092896,0.0041994538688868285
639155411838502301,nan,104.50777502911522,0.0034303230341611534,0.00077633036444739109,209,0,0,0,0,1.131682117371511,-0.049779530467748634,-0.0051380012987085038,1.1342337313632025,-0.047486850342632843,-0.0043616709342611127,0.0025398005700323118,0.002305760001205704,0.00077633036444739109,0,0.084645612125839237,0.024289092596964337,0.0025399100956927825,-9.8592101581122495e-05,0.0025418229082090479,0.00072882822810155072,0.030006399999999999,2.4198037237160852e-17,-0.0024042314542324834,-1.2238685346499523e-05,-0.0024042003036564633,8.0642920300871995e-16,0.0024042314542324834,-4.7502136345840482e-05,1,0,0.030006399999999999,0,0,0,0,0,0,0,0.0141741,362,0,0,1,0,0,0,0,0,0,0,0,1,20,nan,1,0.0025399167803238434,0,0.0045230480683967345,-0.0033929927740246058,0.030006399999999999,-0.00013572038955953977,-0.0045230480683967345,-0.039564000000000002,0.20999999344348907,0.80000001192092896,0.0063013438032627107
639155411838802205,nan,108.53746437175627,0.0018559454584949067,0.00010001820131823064,206,0,0,0,0,1.1355077375326135,-0.047592797803580479,-0.0044410809144762448,1.1342574750637036,-0.046221164724457947,-0.0045410991157944754,-0.0012563416528072954,0.0013660670541116575,-0.00010001820131823064,0,0.00060762737343960868,0.0059828538976926847,1.8222987980403241e-05,0.0012657771407626694,0.0012659083092263247,-0.0001794281815333627,0.0299904,0.0012744561574688624,-0.00010038967510750445,0.0012740061694109794,-0.0001059474609476363,0.042495470466177923,0.0012784039205894545,-7.9409980215132056e-05,1,0,0.0299904,0.0012744561574689064,8.4703294725430034e-22,0.0012744561574689062,0,0.042495470466179387,0.0012744561574689064,0,0.0042429,364,0,0,1,0,0,0,0,0,0,0,0,1,20,nan,1,1.8079394523874718e-05,0,0.0075652761469509637,0.016697600483894348,0.0299904,-0.00022688565775751818,-0.0075652761469509637,-0.043396400000000002,0.26600000262260437,0.80000001192092896,0.007977446478652955
639155411839002120,nan,103.1323972424855,0.00087101289948728479,0.0006676648804963773,212,0,0,0,0,1.1342613066708502,-0.04537740846391352,-0.0042727539483997483,1.1335140541572317,-0.045824931817453937,-0.0049404188288961256,-0.00074533354119101403,-0.00045071208487116238,-0.0006676648804963773,0,-0.037276470897491025,0.019974474806875434,-0.00074521256794719175,0.00039285288511834517,0.00084242219864641248,-0.00039931971310165019,0.019991499999999999,2.7952087259391911e-18,0.00084376496041329077,3.8316071466759638e-06,0.00084375626054442737,1.3981985973734795e-16,0.00084376496041329077,0.00026834516739472711,1,0,0.019991499999999999,0,0,0,0,0,0,0,0.0040366000000000004,365,0,0,1,0,0,0,0,0,0,0,0,1,20,nan,1,-0.00074506191294617318,0,0.038351323225903552,0.066461928188800812,0.019991499999999999,0.00076670047827065088,0.038351323225903552,-0.023404899999999999,0.26600000262260437,0.80000001192092896,0.005317739052429795
639155411839202733,nan,107.29637401656773,0.0010237374819840211,0.00065321729369951273,212,0,0,0,0,1.1335160003081306,-0.04543101074871049,-0.0047427322467908919,1.1341295485742633,-0.046250520942145906,-0.0040895149530913791,0.00061742806856886245,-0.00081659109238486557,0.00065321729369951273,0,0.030785117893921285,0.042415191229120068,0.00061758948560532308,-0.00042254314303140833,0.00074830440360398041,0.0008509038758047464,0.020061300000000001,2.0738331164100662e-17,0.00039392587615349751,1.9461508988793952e-06,0.0003939210687434469,1.0337481202165694e-15,0.00039392587615349746,0.00019768658210523368,1,0,0.020061300000000001,0,0,0,0,0,0,0,0.0040331999999999998,366,0,0,1,0,0,0,0,0,0,0,0,1,20,nan,1,0.0006174701308221945,0,0.028154646309808153,0.05316268652677536,0.020061300000000001,0.00056481880601495435,0.028154646309808153,-0.036214400000000001,0.26600000262260437,0.80000001192092896,0.0053363058526128531
639155411839502288,nan,105.75076375810181,0.0021499718660763539,0.00081265573199885716,217,0,0,0,0,1.1341269651318788,-0.046882240843455721,-0.0038617990670373812,1.1362757812924349,-0.046811755858863782,-0.0030491433350385241,0.0021485279392284679,7.8782734621953254e-05,0.00081265573199885716,0,0.071723387806680722,0.034730570948669028,0.0021485099434430245,-0.00055245319731180974,0.0022184002146352199,0.001040371618052855,0.029955499999999999,6.9403338599175607e-17,-0.00063172518383030718,-2.5834423844628418e-06,-0.00063171990130981431,2.3168813272746442e-15,0.00063172518383030718,0.0002277158860539978,1,0,0.029955499999999999,0,0,0,0,0,0,0,0.0141008,367,0,0,1,0,0,0,0,0,0,0,0,1,20,nan,1,0.0021483301120920903,0,0.021719444419126235,0.0083863483741879463,0.029955499999999999,0.00065061681729713591,0.021719444419126235,-0.039697700000000002,0.26600000262260437,0.80000001192092896,0.0079681630785614251
639155411839702185,nan,110.07784485321122,0.0025557178896188268,0.0013860990142202923,212,0,0,0,0,1.1362746526516081,-0.047181904849923781,-0.0030491433350385241,1.1376821217429343,-0.045048662086364225,-0.0016630443208182318,0.001400957995642167,0.0021375244152439504,0.0013860990142202923,0,0.070083993038524597,0.069340661151507638,0.001400957995642195,0.0017673737034887913,0.0022552811605956098,0.0013860990142202923,0.019989699999999999,2.7984698027861202e-17,-0.00037015071175515907,-1.1286408267974224e-06,-0.00037014899105999866,1.3999558786705754e-15,0.00037015071175515912,0,1,0,0.019989699999999999,0,0,0,0,0,0,0,0.019048300000000001,368,0,0,1,0,0,0,0,0,0,0,0,1,20,nan,1,0.001400957995642195,0,0,0.0083863483741879463,0.019989699999999999,0,0,-0.019708,0.26600000262260437,0.80000001192092896,0.0053172602524250746
639155411840002272,nan,103.70816546103005,0.002065489261558754,0.00085709817110631687,213,0,0,0,0,1.1376865292707872,-0.042398387686288806,-0.0009299975917006002,1.1390598027389447,-0.043941231123345574,-0.0017870957628069171,0.001374707714762531,-0.0015415656290235931,-0.00085709817110631687,0,0.04584795025937792,0.0041338492500070066,0.0013758373849485942,0.0011097205750992133,0.0017675995770028671,-0.00012405144198868526,0.030008699999999999,-6.8064179509566558e-17,0.0026502780650333453,4.4075278529120965e-06,0.0026502744000754183,-2.2681482206682251e-15,0.0026502780650333453,0.00073304672911763161,1,0,0.030008699999999999,0,0,0,0,0,0,0,0.004019,370,0,0,1,0,0,0,0,0,0,0,0,1,20,nan,1,0.0013769987403856345,0,0.069793734018813766,0.06981397420167923,0.030008699999999999,0.0020944192260503765,0.069793734018813766,-0.056383500000000003,0.26600000262260437,0.80000001192092896,0.0079823142787009468
639155411840302228,nan,105.61606454418762,0.004008927013739289,8.2086635523851765e-05,211,0,0,0,0,1.1390617853539544,-0.042831826165735942,5.5602898025726014e-05,1.1384604585624662,-0.046795398025981087,0.00013768953354957779,-0.00060154717664045955,-0.0039635384186058427,8.2086635523851765e-05,0,-0.01981099069695362,0.064168921320343478,-0.00059424255254954207,-0.0028552334298123558,0.0029164159768418881,0.0019247852963564947,0.029995600000000001,1.0639284388929728e-16,0.0011094067291715448,1.9826150097213002e-06,0.0011094049576096318,3.5469483487343903e-15,0.001109406729171545,0.001842698660832643,1,0,0.029995600000000001,0,0,0,0,0,0,0,0.014004600000000001,371,0,0,1,0,0,0,0,0,0,0,0,1,20,nan,1,-0.00060175667751391688,0,0.17552085361401987,0.08565068244934082,0.029995600000000001,0.0052648533166646944,0.17552085361401987,-0.026387899999999999,0.26600000262260437,0.80000001192092896,0.0079788296786665915
639155411840502145,nan,108.17495903289181,0.0023780812920807968,0.00086785784796105151,216,0,0,0,0,1.1384607204771846,-0.048697610270517673,0.00091854112120273767,1.1392143958906136,-0.046442118305793048,0.0017863989691637892,0.00075574685731112309,0.0022547987314634169,0.00086785784796105151,0,0.037714949900225135,0.082469696704843068,0.00075398596392033091,0.0003531759075605185,0.00083260318007443758,0.0016487094356142113,0.019991700000000001,4.0314056668535594e-17,-0.0019022122625680436,2.6191471835801394e-07,-0.0019022122445365858,2.016539697401201e-15,0.0019022122625680434,0.00078085158765315991,1,0,0.019991700000000001,0,0,0,0,0,0,0,0.0139817,372,0,0,1,0,0,0,0,0,0,0,0,1,20,nan,1,0.00075437946325513847,0,0.11159653937143339,0.1115502268075943,0.019991700000000001,0.002231004536151885,0.11159653937143339,-0.0397138,0.26600000262260437,0.80000001192092896,0.0053177922524303197
639155411840802273,nan,110.37244141775992,0.0029721508163060629,0.002048811212400204,211,0,0,0,0,1.1392134520597508,-0.045913776163283189,0.0028071742578626119,1.1420913626704579,-0.045171272970260828,0.0048559854702628158,0.0028799836045319523,0.00073442148150495859,0.002048811212400204,0,0.095933482544667339,0.10227591231404691,0.0028792324249165917,0.0012657039000020882,0.0031451527338384653,0.0030695865010990269,0.030012799999999999,-6.1820487897118297e-17,0.00052834298553932355,-9.4383086279847817e-07,0.00052834214250985917,-2.0598040801630738e-15,0.00052834298553932355,0.0010207752886988227,1,0,0.030012799999999999,0,0,0,0,0,0,0,0.0038246999999999999,374,0,0,1,0,0,0,0,0,0,0,0,1,20,nan,1,0.0028810750761615531,0,0.097175232729161495,0.14582358300685883,0.030012799999999999,0.002916500824853778,0.097175232729161495,-0.076717400000000005,0.2800000011920929,0.80000001192092896,0.0084035840357780459
639155411841002238,nan,106.664563840738,0.0047426585530859124,0.0033495322801381094,208,0,0,0,0,1.1422138646494133,-0.044333265551266009,0.006182725407329847,1.1468895665592578,-0.043539148556462418,0.0095322576874679564,0.0046805223192597943,0.0007651934200382808,0.0033495322801381094,0,0.24034570339563743,0.23385453540395271,0.0048060728579508638,0.0016088052538077852,0.005068194023576003,0.0046762722172051406,0.0199965,0.00012656987048121208,0.00083740267316550576,0.00012250197895546933,0.00083800741899481973,0.0063296012042713514,0.00084691390892957096,0.0013267399370670311,0.93410953879356384,0,0.0199965,0,0,0,0,0,0,0,0.0039446999999999998,375,0,0,1,0,0,0,0,0,0,0,0,1,20,nan,1,0.0048091134610435769,0,0.18956745102779154,0.18953427672386169,0.0199965,0.0037906855344772335,0.18956745102779154,-0.089724300000000007,0.2800000011920929,0.80000001192092896,0.0055990200238376859
639155411841202168,nan,108.19453058418618,0.0046655888782395141,0.0025825816939985674,210,0,0,1,1,1.1471771852035786,-0.041950299171868037,0.011503569286484147,1.1517592549193902,-0.042829137439238066,0.014086150980482715,0.0045716569877594614,-0.00093148911266978276,0.0025825816939985674,0,0.24389711542622836,0.22777438568572791,0.0048762350287165834,0.00066356043892711329,0.0049211767405156022,0.0045538932930147581,0.019993,0.00030275066973959561,0.0015860355870720895,0.00028761864432080841,0.0015888493845943805,0.015142833478697324,0.0016146723666078148,0.0019713115990161907,0.93709339698155714,0,0.019993,0,0,0,0,0,0,0,0.0039690999999999997,376,0,0,1,0,0,0,0,0,0,0,0,1,20,nan,1,0.0048780843821348875,0,0.28171454280658076,0.18774396181106567,0.019993,0.0056323188543319696,0.28171454280658076,-0.069731299999999996,0.2800000011920929,0.80000001192092896,0.0055980400238335136
639155411841483196,nan,88.210649592157566,0.0024443222288414806,0.0048322241644257052,213,0,0,0,0,1.1521779505381,-0.041921650848492191,0.014086150980482715,1.15451376982035,-0.04120147070500197,0.01891837514490842,0.0023457317806176332,0.00068720708073259152,0.0048322241644257052,0,0.098821769777270183,0.17194813913295848,0.0027771684316966684,0.0015887060267197951,0.0031994767286774146,0.0048322241644257052,0.028102800000000001,0.00043143665107903513,0.00090149894598720343,0.00041869561870977456,0.00090748659074587484,0.01535208773072559,0.00099941879785720041,0,0.93709339698155714,0,0.028102800000000001,0,0,0,0,0,0,0,0.011904700000000001,377,0,0,1,0,0,0,0,0,0,0,0,1,20,nan,1,0.0027771684316966684,0,0,0.18774396181106567,0.028102800000000001,0,0,-0.074870400000000004,0.2800000011920929,0.80000001192092896,0.0078687840335011482
639155411841802327,nan,88.352901439376978,0.0049598705307402494,0.0011402336367920055,204,0,0,0,0,1.1547205520460211,-0.039408388812735916,0.023205194758312103,1.1595403504449491,-0.038237979023219112,0.024345428395104108,0.0048456579217651761,0.0010582603587680848,0.0011402336367920055,0,0.15923687249462409,0.17005722572221718,0.0050817422356081877,0.0028678723079012041,0.0058351345934426133,0.0054270532501956891,0.0319131,0.00024066539503978242,0.0017888492750526065,0.00020678222567105387,0.0017930818922660546,0.0075412728641148126,0.0018049658061098802,0.0042868196134036828,0.92389762401580811,0,0.0319131,0,0,0,0,0,0,0,0.0040153999999999997,379,0,0,1,0,0,0,0,0,0,0,0,1,20,nan,1,0.005099209764379063,0,0.38379399175561835,0.19566142559051514,0.0319131,0.012248056038296224,0.38379399175561835,-0.0767563,0.34999999403953552,0.80000001192092896,0.011169584809783101
639155411842002114,nan,80.313534413177535,0.0055731561831953366,0.005807135858896949,210,0,0,0,0,1.1597398401820251,-0.03645449915683073,0.024345428395104111,1.165306727280544,-0.036190230591478974,0.03015256425400106,0.0055716705292412601,0.00012867538953828341,0.005807135858896949,0,0.29103577524280805,0.29066635261037771,0.0058145164428434889,0.0019067705645101117,0.0061191809459910174,0.0058071358588969524,0.019978699999999999,0.00024284591360222943,0.0017780951749718282,0.00019948973707606399,0.0017834798663883822,0.012155241011789027,0.001794602069822555,3.4694469519536142e-18,0.92389762401580811,0,0.019978699999999999,0,0,0,0,0,0,0,0.0038917999999999999,380,0,0,1,0,0,0,0,0,0,0,0,1,20,nan,1,0.0058145164428434889,0,0,0.19566142559051514,0.019978699999999999,0,0,-0.056777599999999998,0.34999999403953552,0.80000001192092896,0.0069925448809176676
639155411842302194,nan,82.646445598811027,0.0058980900071354926,0.004418590162073889,211,0,0,1,1,1.1668062604191751,-0.033330518152154411,0.033523965996101773,1.1722583795893466,-0.035580376433584547,0.037942556158175662,0.0053736457122009465,-0.0024313365649403528,0.004418590162073889,0,0.23216736493447898,0.25959717089358181,0.0069668782869538454,0.00039999856393967582,0.0069783516618455643,0.0077899919041746028,0.030008,0.0015850661172898252,0.0028132046269868844,0.0014995331386311594,0.0028597124393245632,0.052821451522588152,0.0032290176322653705,0.0033714017421007138,0.81884721914927161,0,0.030008,0,0,0,0,0,0,0,0.0140885,381,0,0,1,0,0,0,0,0,0,0,0,1,20,nan,1,0.0069687239839705938,0,0.32100028012536808,0.25869166851043701,0.030008,0.0096325764060020448,0.32100028012536808,-0.026769600000000001,0.34999999403953552,0.80000001192092896,0.010502799821138381
639155411842502104,nan,67.906422654946851,0.0013993769485364698,0.002292064052644982,202,0,0,0,0,1.1751344458049795,-0.03524072128091698,0.040600807086100768,1.1759845046060557,-0.034129120687714523,0.04289287113874575,0.00089447775083723805,0.0010761809315130971,0.002292064052644982,0.11513133427414397,0.18900977165528032,0.24762718126007149,0.0037784943451607085,0.001308866442252501,0.0039987686704867249,0.0049503149805700886,0.019990999999999998,0.0028868805102354273,0.00023031156953388297,0.0028760662156328554,0.00033965515266756729,0.14440900956607611,0.0028960529172372389,0.0026582509279251057,0.75004721681276953,0.002301590503474412,0.019990999999999998,0.00068910708816449784,0,0.00068910708816449784,0,0.034470866298059025,0.00068910708816449784,0,0.0140056,382,0,0,1,0,0,0,0,0,0,0,0,1,20,nan,1,0.0037834375104322283,0.002301590503474412,0.37992109705440447,0.29997166991233826,0.019990999999999998,0.0075950026512145996,0.37992109705440447,-0.0067786000000000001,0.34999999403953552,0.80000001192092896,0.0069968498808443544
639155411842702335,nan,59.979390847706341,0.0010474538629239422,0.00252948200938094,201,0,0,0,0,1.1782663033939527,-0.032737780737986229,0.044833474320465534,1.1772426798858371,-0.032959939484353426,0.047362956329846474,-0.0010325517301811038,-0.00017605828425353319,0.00252948200938094,0.10010162040952893,0.065282210316564324,0.22324640995154219,0.0013071522253895991,0.001114155635719161,0.0017175534113807783,0.0044700851911007242,0.020023099999999999,0.0023393603522548698,0.0012922173603754662,0.0022817987878969159,0.0013913399497282944,0.11683307541064421,0.0026725329865424988,0.0019406031817197843,0.81249058246612549,0.0020043447556220384,0.020023099999999999,0.00060462379743553274,-3.3881317890172014e-21,0.00060462379743553285,0,0.030196313130111362,0.00060462379743553285,0,0.013983000000000001,383,0,0,1,1,1,1,1,1,3,0.16126831985901402,1.2901465588721122,0.89517559209164088,20,0.0020043447556220384,1,0.0011767752111252522,0.0020043447556220384,0.27690919583877482,0.26250565052032471,0.020023099999999999,0.0055445805191993713,0.27690919583877482,-0.019606700000000001,0.34999999403953552,0.80000001192092896,0.0070080848806530231
639155411843002278,nan,72.474562333953372,0.0068461994877921086,0.0070490161978856783,211,0,0,1,1,1.1806950490080661,-0.031134220069523485,0.048542595301976452,1.1874876128205405,-0.030278928142688996,0.05559161149986213,0.0068260642273731053,0.00052468522984942183,0.0070490161978856783,0.1482802310815908,0.34541153703081845,0.27434063038696205,0.010360377265163478,0.0021929558988241591,0.010589923165476883,0.0082286551700156557,0.029994300000000002,0.0035349367261898737,0.0016602187445157166,0.0034523691222290154,0.0018257194148299412,0.11785361639344387,0.0039053942102952074,0.0011796389721299774,0.68826153874397278,0.0044475617351305589,0.029994300000000002,0.0036394870726099704,0,0.0036394870726099704,0,0.12133929021880725,0.0036394870726099704,0,0.0040888000000000001,385,0,0,1,0,0,0,0,0,0,0,0,1,20,nan,1,0.010364058118291294,0.0044475617351305589,0.11236791867883182,0.33704307675361633,0.029994300000000002,0.0033703970632284856,0.11236791867883182,-0.056793499999999997,0.41999998688697815,0.80000001192092896,0.01259760560668409
639155411843302340,nan,57.637200562211881,0.0046079499625125498,0.0048013809717731837,210,0,0,0,0,1.1949613608698564,-0.027751292849754996,0.061924601509705537,1.1994262200767059,-0.026611891638578293,0.066725982481478721,0.004526813222887136,0.00086090934604846439,0.0048013809717731837,0.18601259910388668,0.40404702335593401,0.37106901179144941,0.012123915792222828,0.0029980269849576805,0.012489095241027053,0.011134370981616589,0.0300062,0.0076026454407870491,0.0021084668317093514,0.007473748049315887,0.0025276352929340003,0.25336915173487645,0.007889603924072397,0.0063329900098434075,0.57899221777915955,0.0055815312512310445,0.0300062,0.0029667149431078506,0,0.002966714943107851,0,0.09887006495683727,0.002966714943107851,0,0.014057200000000001,386,0,0,1,0,0,0,0,0,0,0,0,1,20,nan,1,0.01215054278673087,0.0055815312512310445,0.60301728212773231,0.40260466933250427,0.0300062,0.018094257170981162,0.60301728212773231,-0.0267873,0.41999998688697815,0.80000001192092896,0.012602603606528043
639155411843502232,nan,58.411314866521707,0.0014278733948980681,0.006759351616079573,215,0,0,1,1,1.2051245979525094,-0.024319699860816332,0.069593444639681853,1.2065325386061685,-0.024081948840562674,0.076352796255761426,0.0014210650866826756,0.00013927114298839681,0.006759351616079573,0.20584677253595327,0.363155711241266,0.48160075312082057,0.0072591921431439136,0.0020504884862717109,0.0075432336304409381,0.0096268137742827053,0.019989199999999999,0.0058385322528818166,0.0019071430710739378,0.0056983778758035175,0.0022921917777619615,0.2920843381867117,0.0061421212590998687,0.0028674621582031323,0.56727091471354174,0.0041147123055756771,0.019989199999999999,0.0011995308975987218,0,0.0011995308975987218,0,0.060008949712780993,0.0011995308975987218,0,0.0141619,387,0,0,1,0,0,0,0,0,0,0,0,1,20,nan,1,0.0072675307828562498,0.0041147123055756771,0.40985877491032668,0.409637451171875,0.019989199999999999,0.0081927490234375011,0.40985877491032668,-0.039753900000000002,0.41999998688697815,0.80000001192092896,0.0083954637378811838
639155411843802268,nan,45.930795477480054,0.001276989200562342,0.0064006146121042828,212,0,0,0,0,1.2158966221324297,-0.020384166770242476,0.079373218774014764,1.2165029831911409,-0.019260321725393582,0.085773833386119047,0.00069356155442040226,0.0010722284218312836,0.0064006146121042828,0.29283691024494934,0.3435982089640478,0.31399689138495457,0.010309183222473704,0.0040470476331773636,0.011075100598176967,0.0094210371303576224,0.030003599999999998,0.0096188634096611193,0.0029727292565351086,0.0093640835262611688,0.0036977820703201977,0.32059030948489914,0.010067753102176143,0.0030204225182533374,0.53085178136825562,0.0087861615202253617,0.030003599999999998,0.0072945423760146779,0,0.0072945423760146788,0,0.24312223786527878,0.0072945423760146788,0,0.0039950999999999997,389,0,0,1,0,0,0,0,0,0,0,0,1,20,nan,1,0.010326549761435053,0.0087861615202253617,0.28762477248000001,0.43148893117904663,0.030003599999999998,0.0086297786235809276,0.28762477248000001,-0.0767259,0.47600001096725464,0.80000001192092896,0.014281713929057121
639155411844002241,nan,50.566547467434361,0.0068520209268518447,0.0094278444226563729,223,0,0,1,1,1.2227107908773569,-0.016084338190933085,0.088995284370597061,1.2295565222550218,-0.016377855970412136,0.098423128793253434,0.0067925523890018831,-0.0009007901113358321,0.0094278444226563729,0.29939354740341023,0.66271382416477287,0.63255016462894431,0.013252487155970213,0.0017535892055292174,0.0133680025030258,0.012649295407134387,0.019997299999999999,0.0064570681664591926,0.00263249280605014,0.0062078076862159826,0.003175983534460497,0.32289699941788108,0.0069730730442328238,0.0032214509844780137,0.48298786083857215,0.0059870625854902149,0.019997299999999999,0.0047756564139864732,-5.4210108624275222e-20,0.0047756564139864732,0,0.23881506073252257,0.0047756564139864732,0,0.0040461999999999998,390,0,0,1,0,0,0,0,0,0,0,0,1,20,nan,1,0.013260416935272431,0.0059870625854902149,0.46026941986853881,0.46020728349685669,0.019997299999999999,0.0092041456699371305,0.46026941986853881,-0.056728599999999997,0.47600001096725464,0.80000001192092896,0.0095187150193154803
639155411844202272,nan,43.370962551427546,0.0019685370919514593,0.0043090092201669983,217,0,0,0,0,1.2399474637689238,-0.013757838707849121,0.10386444012285666,1.2381107097583257,-0.013049691133582009,0.10817344934302366,-0.0017534364468187185,0.00089476192887072274,0.0043090092201669983,0.3170269436815894,0.4419229039095986,0.4874404742150078,0.0088398280391940916,0.0024714864475193499,0.0091788237276240296,0.0097503205497702222,0.020003099999999999,0.01059810718251426,0.0015862787111353956,0.010390941513902074,0.0026200172625630153,0.52982323652405172,0.010716163306028037,0.0054413113296032239,0.38629978895187378,0.0063415216571572003,0.020003099999999999,0.0050088037913085248,0,0.0050088037913085248,0,0.25040137735193668,0.0050088037913085248,0,0.0042037999999999997,391,0,0,1,0,0,0,0,0,0,0,0,1,20,nan,1,0.0088587723874941574,0.0063415216571572003,0.7772097224363359,0.51822012662887573,0.020003099999999999,0.015546603798866271,0.7772097224363359,-0.069804599999999994,0.47600001096725464,0.80000001192092896,0.0095214758193790903
639155411844477919,nan,42.56256403675669,0.0033808963985920959,0.009004871327505673,209,0,0,1,1,1.2490330454125,-0.0085574016996092014,0.10992675068586297,1.2457109794071157,-0.0091853650057688013,0.11893162201336864,-0.0033709054930347654,-0.00025972411332228615,0.009004871327505673,0.36701610052308481,0.28924851201060175,0.39028803761132841,0.0079730484590186338,0.0030211940398721664,0.0085262603265686479,0.010758172670344984,0.027564700000000001,0.011343493396459074,0.003286827964089533,0.010922335654174331,0.0044922894339728073,0.4115224688264002,0.011810083848179553,0.0017533013428393113,0.41508624951044715,0.010116688706088676,0.027564700000000001,0.0058193338866741051,0,0.0058193338866741051,0,0.21111544427017545,0.0058193338866741051,0,0.0117089,392,0,0,1,0,0,0,0,0,0,0,0,1,20,nan,1,0.00798059067491526,0.010116688706088676,0.18173360885887704,0.50094825029373169,0.027564700000000001,0.0050094324081122882,0.18173360885887704,-0.042239899999999997,0.47600001096725464,0.80000001192092896,0.013120797502309085
639155411844802227,nan,34.078870273346276,0.0027770114772854024,0.0057572656684973245,211,0,0,0,0,1.2562309977507087,-0.0044502855502208741,0.12744540123633388,1.2588234780768757,-0.0034548768384788336,0.13320266690483121,0.0026979719707211055,0.00065782975774749438,0.0057572656684973245,0.4081735679200722,0.42243183163185444,0.44004603313709695,0.013699802245286346,0.0041341909051172045,0.01431000055904634,0.014271044891462565,0.032430800000000003,0.011007528604128222,0.0034534153282197635,0.010520018343592952,0.0047350794555479272,0.33941588256004235,0.011536540356618366,0.0085137792229652426,0.47986452778180444,0.013237395346502279,0.032430800000000003,0.011058621429532067,0,0.011058621429532067,0,0.34099132397387871,0.011058621429532067,0,0.0040952000000000002,394,0,0,1,0,0,0,0,0,0,0,0,1,20,nan,1,0.013749069999360425,0.013237395346502279,0.75006116081584162,0.46208128333091736,0.032430800000000003,0.024325083494186397,0.75006116081584162,-0.043174999999999998,0.47600001096725464,0.80000001192092896,0.015437061155676843
639155411845002080,nan,35.82728032175249,0.0026240389174391737,0.011935616444316705,205,0,0,1,1,1.2668505958605669,6.9351012050171672e-05,0.13320266690483121,1.2694149808704889,-0.00048698500253357583,0.14513828334914791,0.0024677822557826541,-0.00089198148987499975,0.011935616444316705,0.41859147538704972,0.54499269337861667,0.59721977875321886,0.010891842474979667,0.0015349530537497357,0.010999468777035865,0.011935616444316705,0.019985300000000001,0.0084240602191970118,0.0024269345436247359,0.0080271177836912511,0.0035242278505290053,0.42151282288467079,0.0087666870513151453,0,0.47986452778180444,0.0083656762130528053,0.019985300000000001,0.0046045899475526397,0,0.0046045899475526397,0,0.23039884052541815,0.0046045899475526397,0,0.0089850999999999993,395,0,0,1,0,0,0,0,0,0,0,0,1,20,nan,1,0.010891842474979667,0.0083656762130528053,0,0.46208128333091736,0.019985300000000001,0,0,-0.056482400000000002,0.47600001096725464,0.80000001192092896,0.009513003019183874
639155411845302228,nan,28.991181939647081,0.0037263797732340854,0.0044263794428374692,206,0,0,0,0,1.2841715206652098,0.0038021985368867383,0.15242556712733857,1.2804542420886209,0.0040624795358118948,0.15685194657017604,-0.0036346592927236432,0.0008216800108228155,0.0044263794428374692,0.40897712112704787,0.38584895401491964,0.39026291099817839,0.011581179184967011,0.0029050308971685255,0.0119399713495392,0.011713663221028126,0.030014800000000001,0.015221729732143906,0.0021098592629799533,0.014756539794720913,0.0042891835394203142,0.50714080160933628,0.015367256168490721,0.0072872837781906563,0.28291900952657068,0.012275366495204117,0.030014800000000001,0.0065170504251594865,1.0842021724855044e-19,0.0065170504251594874,0,0.21712789774242994,0.0065170504251594874,0,0.0140798,396,0,0,1,0,0,0,0,0,0,0,0,1,20,nan,1,0.011610793629637737,0.012275366495204117,0.69368480865540783,0.58024859428405762,0.030014800000000001,0.020820810794830336,0.69368480865540783,-0.026467600000000001,0.47600001096725464,0.80000001192092896,0.014287045129179955
639155411845502285,nan,32.249084255846434,0.0044478124050691906,0.0078122020628425271,216,0,0,1,1,1.28801137034309,0.007126320632062289,0.16313314079583902,1.2922443321925656,0.008491995985713801,0.17094534285868154,0.0043985620412462616,0.00066006602699646437,0.0078122020628425271,0.43836979096829404,0.61668859689903899,0.7044690407486619,0.012337287062983105,0.0025334144083896753,0.01259471478990639,0.014093396288505505,0.020005700000000001,0.007942957766222428,0.0018457333614513615,0.007557128254469081,0.0030638410962503942,0.39703473341209894,0.0081545882616823589,0.0062811942256629782,0.19602884848912561,0.0087698945271743999,0.020005700000000001,0.002592518943786537,5.4210108624275222e-20,0.002592518943786537,0,0.12958901432024558,0.002592518943786537,0,0.0140917,397,0,0,1,0,0,0,0,0,0,0,0,1,20,nan,1,0.012359522748196107,0.0087698945271743999,0.89705779933618102,0.63238269090652466,0.020005700000000001,0.017946269216179839,0.89705779933618102,-0.0064618999999999996,0.47600001096725464,0.80000001192092896,0.0095227134194076062
639155411845702094,nan,30.448330700390208,0.00069357155146654152,0.010443645618944619,219,0,0,0,0,1.3035088850149215,0.012827820889645078,0.17550236723725604,1.3041546202738357,0.013080936421366684,0.18594601285620066,0.00068001076937997422,0.00013648022029202976,0.010443645618944619,0.47153276945269573,0.62646484111162082,0.75075046657153166,0.012517331343767184,0.0024959472212281999,0.012763750878985894,0.015000669997519117,0.019980899999999999,0.011837949576625486,0.0023563696031115083,0.011264552822355833,0.0043358249039312773,0.59246328126488224,0.012070191708717615,0.0045570243785744979,0.17666707436243689,0.0094216491131573678,0.019980899999999999,0.0027753004211676919,0,0.0027753004211676924,0,0.13889766833164133,0.0027753004211676924,0,0.0140952,398,0,0,1,0,0,0,0,0,0,0,0,1,20,nan,1,0.012533314687553093,0.0094216491131573678,0.65162578527843862,0.64399975538253784,0.019980899999999999,0.013020069653069954,0.65162578527843862,-0.019962000000000001,0.49000000953674316,0.80000001192092896,0.0097906411905527117
639155411846002271,nan,33.714194263311967,0.0017612498907628527,0.015563805319657842,209,0,0,1,1,1.3213684733540789,0.019847220163633206,0.18823134407563541,1.3196169584957336,0.019662296182744753,0.20379514939529325,-0.0017551806736273512,0.00014608894769008808,0.015563805319657842,0.48342375815292238,0.54676183881366525,0.59462039193850935,0.016412532848956961,0.0036092887220282137,0.016804707661755125,0.017849136539092592,0.030017700000000001,0.018168042800503579,0.0034672113215278078,0.017213853080243258,0.0067662837422665222,0.60524433252726151,0.018495927485505031,0.0022853312194347501,0.1617470383644104,0.014511269345106978,0.030017700000000001,0.012638452337804695,0,0.012638452337804695,0,0.42103333492588357,0.012638452337804695,0,0.0040293000000000004,400,0,0,1,0,0,0,0,0,0,0,0,1,20,nan,1,0.016424228817799116,0.014511269345106978,0.21752225419714138,0.65295177698135376,0.030017700000000001,0.0065295177698135309,0.21752225419714138,-0.0230782,0.49000000953674316,0.80000001192092896,0.014708673286271096
639155411846302190,nan,27.843172981656107,0.0029804685620984039,0.0035823063994561699,216,0,0,0,0,1.3349545090036405,0.026214956679424684,0.21612849930865197,1.332039202956329,0.025595131300655827,0.21971080570810814,-0.0029804029148488803,1.9781678827240803e-05,0.0035823063994561699,0.4956192897875219,0.4456504542381457,0.53066515668613479,0.013365903858465041,0.003295952672806949,0.013766288169841351,0.015915656312814885,0.029991899999999998,0.016346324067560009,0.0033129299186151675,0.015337550507906972,0.0065526604966799316,0.54502462556757025,0.016678663470654567,0.012333349913358717,0.07135440905888879,0.014864564177378378,0.029991899999999998,0.0079134540761793826,0,0.0079134540761793826,0,0.26385304286088518,0.0079134540761793826,0,0.0140251,401,0,0,1,0,0,0,0,0,0,0,0,1,20,nan,1,0.013421897932841436,0.014864564177378378,1.1749219825885078,0.70718735456466675,0.029991899999999998,0.035238142609596262,1.1749219825885078,-0.059981800000000002,0.46200001239776611,0.80000001192092896,0.01385625817183256
639155411846502119,nan,30.990317197279758,0.0077331856565723313,0.018060457384057704,226,0,0,1,1,1.3404521536795362,0.029579531514516526,0.21971080570810819,1.3466012452992624,0.034268969929852518,0.2377712630921659,0.0070233215134310866,0.0032365282816610936,0.018060457384057704,0.54226487032160764,0.80540686429804464,0.90334355616532669,0.016102418897224378,0.0052915649311937622,0.016949588601577574,0.01806045738405776,0.019992900000000001,0.0090790973837932918,0.0020550366495326678,0.0084129507232071354,0.003984400213860699,0.45411608039820595,0.0093087692492254126,5.5511151231257827e-17,0.07135440905888879,0.01084144732585287,0.019992900000000001,0.003266007087459943,1.0842021724855044e-19,0.0032660070874599434,0,0.16335834658603518,0.003266007087459943,0,0.01397,402,0,0,1,0,0,0,0,0,0,0,0,1,20,nan,1,0.016102418897224378,0.01084144732585287,0,0.70718735456466675,0.019992900000000001,0,0,-0.039988900000000001,0.46200001239776611,0.80000001192092896,0.009236720047867299
639155411846802328,nan,30.408305385058132,0.0063225393724956336,0.005636654482295278,216,0,0,1,1,1.3684672885932803,0.047293415713268172,0.25091534846395497,1.3630459631311675,0.044040150530316458,0.25655200294625025,-0.0060593153097642117,-0.0018053260352674546,0.005636654482295278,0.59098749397223538,0.60902663137528323,0.62558883491448791,0.018283527597854239,0.0056229292611915845,0.019128635991566733,0.01878073985408435,0.0300209,0.024318590814087621,0.0075077412127730345,0.021866043294017867,0.013024445783415654,0.81005535523877104,0.025451130373737776,0.013144085371789072,0,0.017741976457791082,0.0300209,0.015083870397484491,0,0.015083870397484489,0,0.50244564278500947,0.015083870397484491,0,0.0041893,404,0,0,1,0,0,0,0,0,0,0,0,1,20,nan,1,0.018385881464979298,0.017741976457791082,1.2509461619632647,0.75373488664627075,0.0300209,0.03755452963368297,1.2509461619632647,-0.0099679999999999994,0.46200001239776611,0.80000001192092896,0.013869656172192097
639155411847002111,nan,29.298219712515994,0.0027625033013394993,0.013410499448520794,224,0,0,1,1,1.373989589280322,0.050542673019324073,0.26186407775651677,1.3766376426496678,0.049755756350922706,0.27527457720503756,0.0023540606058479658,-0.0014456220646857673,0.013410499448520794,0.59630741417943744,0.73065025492223534,0.93714551582403482,0.014597149987912896,0.0020796909050486774,0.01474455499600336,0.018722574258787317,0.019978300000000001,0.012235443379151945,0.0035127876861651788,0.010943626149154451,0.0065025224890076158,0.61243666273666653,0.012729719243271114,0.0053120748102665205,0,0.011913208412701055,0.019978300000000001,0.0095150985158369839,-4.3368086899420177e-19,0.0095150985158369839,0,0.47627168056526248,0.0095150985158369839,0,0.0040216000000000002,405,0,0,1,0,0,0,0,0,0,0,0,1,20,nan,1,0.014612511633079667,0.011913208412701055,0.75969209596218978,0.75600552558898926,0.019978300000000001,0.015177356600761416,0.75969209596218978,-0.022955,0.46200001239776611,0.80000001192092896,0.0092299748476862911
639155411847302211,nan,31.597141369912837,0.0034230110511632825,0.012078291689403053,222,0,0,1,1,1.3970231261027291,0.058332587095348443,0.28307635435924478,1.3942300908790428,0.056353708904141632,0.29515464604864783,-0.0032345966595922464,-0.0011199951366593691,0.012078291689403053,0.59685034501952827,0.62390871162060602,0.66244814540520713,0.018723500435734387,0.0015677193724713779,0.018789018404317129,0.019880068843610266,0.030009999999999998,0.021949260790726059,0.0027129157698416997,0.020385483453061237,0.0085768307444257369,0.7313982269485525,0.022116282717345608,0.0078017771542072123,0.0079105297724405554,0.017911478854036041,0.030009999999999998,0.0094299370261361481,0,0.0094299370261361481,0,0.31422649204052477,0.0094299370261361481,0,0.014210499999999999,406,0,0,1,0,0,0,0,0,0,0,0,1,20,nan,1,0.018739810023936473,0.017911478854036041,0.74277880270455021,0.74525368213653564,0.030009999999999998,0.022290791869163551,0.74277880270455021,-0.059922700000000002,0.43399998545646667,0.80000001192092896,0.013024339563548565
639155411847502186,nan,28.85744215862805,0.0074997836482243868,0.020086776837397347,224,0,0,1,1,1.4059581352572421,0.060751884998564709,0.29515464604864783,1.4114661565449826,0.065841919994905213,0.31524142288604518,0.0067504679993650122,0.0032677112111878601,0.020086776837397347,0.6586476822804922,0.96265705013885394,1.0044643999198573,0.019250734360151733,0.0040641525486074057,0.019675063134421671,0.020086776837397347,0.019997500000000001,0.012500266360786723,0.00079644133741954646,0.011728044378199298,0.0043981760944230772,0.625091454471145,0.012525612875008025,0,0.0079105297724405554,0.013171307026404143,0.019997500000000001,0.0038397183933904788,0,0.0038397183933904788,0,0.19200992090963764,0.0038397183933904788,0,0.014167799999999999,407,0,0,1,0,0,0,0,0,0,0,0,1,20,nan,1,0.019250734360151733,0.013171307026404143,0,0.74525368213653564,0.019997500000000001,0,0,-0.039925200000000001,0.43399998545646667,0.80000001192092896,0.0086789147091656926
639155411847802334,nan,30.155198936427769,0.0076637518712473641,0.0063511230441302136,231,0,0,1,1,1.4373362434933536,0.080083038047014263,0.32928323977592128,1.4301395146719038,0.077448614577911259,0.33563436282005149,-0.0076619599469425672,-0.0001657181809438333,0.0063511230441302136,0.67621623758778093,0.71137483392631484,0.67942947925711028,0.021351773365331554,0.0052451346059899052,0.021986579153643587,0.020392939934006316,0.030014800000000001,0.029010651052437636,0.0055184207527227813,0.025870086948371007,0.01424111805210905,0.96654487294393554,0.029530845604052423,0.014041816889876102,0,0.020296495127949728,0.030014800000000001,0.017247316600740747,0,0.017247316600740747,0,0.57462707066982777,0.017247316600740747,0,0.0041761000000000003,409,0,0,1,0,0,0,0,0,0,0,0,1,20,nan,1,0.021452686578107189,0.020296495127949728,1.3366564770785572,0.8353269100189209,0.030014800000000001,0.040119476828217482,1.3366564770785572,-0.0099103999999999998,0.43399998545646667,0.80000001192092896,0.013026422763478757
639155411848002238,nan,30.820234317162228,0.0020775248622822546,0.013434814431892428,232,0,0,1,1,1.4425763091299846,0.085178883225116103,0.34202743888225401,1.4434080837015335,0.087082632319804135,0.35546225331414644,0.0014221085889531029,0.0015145021342430371,0.013434814431892428,0.7095504505001371,0.78544414779375582,0.99187062260359715,0.015701342692056294,0.004726209856932442,0.016397232142808586,0.019827890494094946,0.019990399999999998,0.014288945426189654,0.0032026470860649818,0.012436794458080769,0.0077302686472048437,0.71479037068741269,0.014643459623685474,0.0063930760622025185,0,0.01418419732567794,0.019990399999999998,0.011281852162952077,-4.3368086899420177e-19,0.011281852162952077,0,0.56436350262886581,0.011281852162952077,0,0.0040904000000000001,410,0,0,1,0,0,0,0,0,0,0,0,1,20,nan,1,0.015743851576695864,0.01418419732567794,0.91373517319777253,0.91245019435882568,0.019990399999999998,0.018265931606292751,0.91373517319777253,-0.022929399999999999,0.43399998545646667,0.80000001192092896,0.0086758333092689516
639155411848302353,nan,31.116386545733221,0.00026759697858113848,0.014166449886913624,235,0,0,1,1,1.4633281282945747,0.10154614097700049,0.36511662058057848,1.4634256196552053,0.10129693508311324,0.3792830704674921,2.0839221163653887e-06,-0.00026758886414491771,0.014166449886913624,0.6971820005587499,0.79013275084777768,0.79372297796996694,0.023713069052068079,0.0063591276788104219,0.024550929691226801,0.023820817153345664,0.0300115,0.023708401866029533,0.0066266839538634209,0.019920044593041197,0.014463508657196353,0.78997723759324034,0.024617092827252034,0.0096543672664320401,0,0.020923477609768922,0.0300115,0.011101438149497156,0,0.011101438149497156,0,0.36990614096253621,0.011101438149497156,0,0.0140882,411,0,0,1,0,0,0,0,0,0,0,0,1,20,nan,1,0.023798515772941526,0.020923477609768922,0.91911122321510474,0.89090180397033691,0.0300115,0.027583906475520115,0.91911122321510474,-0.059945499999999999,0.41999998688697815,0.80000001192092896,0.012604829606458545
639155411848502273,nan,35.031917712946132,0.0022100604068943518,0.023602854047478694,240,0,0,1,1,1.4767601940278894,0.1107657167449454,0.37928307046749216,1.4787168705087992,0.11179323032207052,0.40288592451497085,0.0021980577261580293,0.0002300200743392245,0.023602854047478694,0.73826849342228029,0.90490236189420348,1.1806149483532788,0.018090808018988914,0.0040886711326515151,0.018547090510667476,0.02360285404747875,0.019991999999999999,0.015892750292830889,0.0038586510583122902,0.013334574372684038,0.0094687816618321541,0.79495549684028055,0.016354470332606032,5.5511151231257827e-17,0,0.014759463720498227,0.019991999999999999,0.0043566700333834696,0,0.0043566700333834696,0,0.21792066993714834,0.0043566700333834696,0,0.014090800000000001,412,0,0,1,0,0,0,0,0,0,0,0,1,20,nan,1,0.018090808018988914,0.014759463720498227,0,0.89090180397033691,0.019991999999999999,0,0,-0.039953500000000003,0.41999998688697815,0.80000001192092896,0.008396639737844467
639155411848802192,nan,32.160373481567319,0.0083537281918352243,0.0071812107937382907,242,0,0,1,1,1.5016567297763013,0.12753972077711667,0.41754320946022039,1.4939265358802258,0.12437288054872801,0.42472442025395868,-0.0083502814571800067,0.0002399464293094504,0.0071812107937382907,0.7140911719904055,0.63097177242611668,0.72814645750978868,0.018924042301426847,0.005609112542071722,0.019737819548668972,0.021838495738987829,0.029991899999999998,0.027276943641382376,0.0054915799592203333,0.022939859267502083,0.015746490455046155,0.90947701350639265,0.027824253895902779,0.01465728494524954,0,0.02141695102121904,0.029991899999999998,0.018522079283674886,0,0.018522079283674886,0,0.61756938652352422,0.018522079283674886,0,0.0041862000000000002,414,0,0,1,0,0,0,0,0,0,0,0,1,20,nan,1,0.01903733442134348,0.02141695102121904,1.3963089029513744,0.84323734045028687,0.029991899999999998,0.041877956986427323,1.3963089029513744,-0.0099615999999999993,0.41999998688697815,0.80000001192092896,0.012596597606715559
639155411849002278,nan,33.936185918551793,0.0055710198098310295,0.016092947323263218,255,0,0,1,1,1.5040734125552857,0.13276518612206945,0.43069953906985758,1.5096167728015959,0.13331963981820427,0.4467924863931208,0.0052685948828279528,-0.0018105716451355539,0.016092947323263218,0.75794024501117729,0.89875774860732016,1.1029290474676949,0.017982884288784428,0.0016863892584079634,0.018061783856382612,0.022068066139162124,0.020008600000000001,0.012703565139150655,0.0034654482899861431,0.010146876675059868,0.0083923055733414326,0.63490524770102119,0.0131677598358723,0.0059751188158989055,0,0.015165323186330643,0.020008600000000001,0.012086645705119636,0,0.012086645705119636,0,0.60407253406633321,0.012086645705119635,0,0.0040619000000000002,415,0,0,1,0,0,0,0,0,0,0,0,1,20,nan,1,0.017996623812777654,0.015165323186330643,0.85322151701895321,0.8733210563659668,0.020008600000000001,0.017071768045425428,0.85322151701895321,-0.022982499999999999,0.41999998688697815,0.80000001192092896,0.0084036117376267913
639155411849302299,nan,39.489168290034208,0.0091379299288348245,0.01229481783223957,251,0,0,1,1,1.5331436590974206,0.14673494954895774,0.45612205371973247,1.5241898929168267,0.14490961819066986,0.46841687155197204,-0.0088424026314598645,0.0023051418801121309,0.01229481783223957,0.75414233551826437,0.60496862457026157,0.72076238526140612,0.018150329171219445,0.0041555961718561683,0.018619973914245025,0.021624385158851234,0.0300021,0.027013852644840203,0.0019330492056777188,0.023526886295824667,0.013415309730753472,0.90039872691712253,0.027082926613435102,0.0093295673266116669,0,0.02262585376445252,0.0300021,0.012067182339094984,0,0.012067182339094984,0,0.40221125651521006,0.012067182339094984,0,0.0140009,416,0,0,1,0,0,0,0,0,0,0,0,1,20,nan,1,0.01820410108630751,0.02262585376445252,0.8884680288200375,0.88006240129470825,0.0300021,0.026655906647461647,0.8884680288200375,-0.059616099999999998,0.41999998688697815,0.80000001192092896,0.012600881606581807
639155411849502250,nan,33.788429840646984,0.0057180058785175798,0.021359212899846991,261,0,0,1,1,1.5339022461859664,0.15263383671388278,0.46841687155197204,1.5375911669311635,0.15700275591231344,0.48977608445181903,0.0052640200275646514,0.0022328646121428535,0.021359212899846991,0.7603729367521942,0.8710876495805101,1.0682223594704199,0.017417484662127256,0.0047401849337909479,0.018050986819616734,0.021359212899846991,0.019995099999999998,0.012153464634562607,0.0025073203216480948,0.0097123532691396619,0.0077242185232129223,0.60782214815442825,0.012409406022002564,0,0,0.015203732907653797,0.019995099999999998,0.0044340387433767772,0,0.0044340387433767781,0,0.22175626745436519,0.0044340387433767781,0,0.0141637,417,0,0,1,0,0,0,0,0,0,0,0,1,20,nan,1,0.017417484662127256,0.015203732907653797,0,0.88006240129470825,0.019995099999999998,0,0,-0.039621000000000003,0.41999998688697815,0.80000001192092896,0.0083979417378038154
639155411849802313,nan,34.542193373202743,0.0017666661894266797,0.0076004077870828182,255,0,0,1,1,1.5577022265635931,0.17515071808389318,0.50648522293462817,1.55743617554744,0.17340419975256446,0.51408563072171098,-0.0010798974334552611,-0.0013981884558528315,0.0076004077870828182,0.78055004381430315,0.8407466931444626,0.81014807790003962,0.025227697498500689,0.0051376070255652866,0.025745518581395784,0.024309546269891957,0.0300063,0.026284082746883403,0.0065536436182643525,0.020111059632429651,0.01814796217157974,0.87595214161304136,0.027088803047019827,0.016709138482809138,0,0.023421418779705123,0.0300063,0.019947235100808314,0,0.019947235100808314,0,0.66476823536418395,0.019947235100808314,0,0.0042348000000000004,419,0,0,1,0,0,0,0,0,0,0,0,1,20,nan,1,0.025343134691382368,0.023421418779705123,1.5910124095662845,0.94531732797622681,0.0300063,0.0477403956651688,1.5910124095662845,-0.0433797,0.41999998688697815,0.80000001192092896,0.012602645606526732
639155411850002272,nan,44.092843603905138,0.008681543961275625,0.017465085245403023,260,0,0,1,1,1.5706606919919934,0.18433395886599316,0.52096719259705426,1.5741922457639641,0.19226474278104475,0.53843227784245729,0.0070103553249303537,0.005120949498850961,0.017465085245403023,0.75955331428373785,1.1934790785670115,1.2175819603391846,0.023864688307118107,0.0081830693773390344,0.025228673616150405,0.024346647120746301,0.0199959,0.01688973882505352,0.0030139993184011438,0.013224516444553469,0.010929759113428694,0.84466009657247332,0.017156557622956963,0.0068815618753432783,0,0.015187952117086194,0.0199959,0.012108874891642696,0,0.012108874891642696,0,0.60556788599876454,0.012108874891642694,0,0.0040537999999999998,420,0,0,1,0,0,0,0,0,0,0,0,1,20,nan,1,0.023943979963389581,0.015187952117086194,0.98328184068352908,0.98308026790618896,0.0199959,0.019661605358123779,0.98328184068352908,-0.0562953,0.41999998688697815,0.80000001192092896,0.0083982777377933273
639155411850302326,nan,38.425245656780881,0.014262825874666287,0.014380976316889282,268,0,0,1,1,1.5993360297034163,0.22056645152067447,0.54834336525147886,1.5918569086811158,0.20842186628013068,0.56272434156836815,-0.01271326034839013,-0.0064653857769742858,0.014380976316889282,0.80061340963055649,0.78154522456586051,0.80958973137871393,0.023450577081188473,0.0048128359935228175,0.023939359969333159,0.024292063725910865,0.030005400000000002,0.036099135070612222,0.011403904398511102,0.025143783939452158,0.028301708739629727,1.2030879465233664,0.03785758297061087,0.0099110874090215812,0,0.0240227256013287,0.030005400000000002,0.012782593698161593,8.6736173798840355e-19,0.012782593698161593,0,0.42600977484591412,0.012782593698161593,0,0.0140394,421,0,0,1,0,0,0,0,0,0,0,0,1,20,nan,1,0.023516367773747004,0.0240227256013287,0.94374321279517848,0.94046586751937866,0.030005400000000002,0.028317392597204449,0.94374321279517848,-0.026289900000000001,0.41999998688697815,0.80000001192092896,0.012602267606538535
639155411850502106,nan,45.34661286158299,0.0026824461144640968,0.014830915212362128,265,0,0,1,1,1.6036182794929983,0.21917949701542294,0.56947053485812504,1.6011034831446291,0.21824605366779401,0.58430145007048717,-0.0026212275060500082,0.00056981007233146365,0.014830915212362128,0.78166816344623546,0.65381555011106585,1.0800434729261701,0.013061927060118873,0.0033763676656065889,0.01349124890946792,0.021577108502119025,0.019977999999999999,0.015686938938618829,0.0028242537328556968,0.011761370811882443,0.010757630735292262,0.78521067867748673,0.015939148735472201,0.0067461932897568966,0,0.015616166569328892,0.019977999999999999,0.0046189553446200904,0,0.0046189553446200904,0,0.23120208952948695,0.0046189553446200904,0,0.014068900000000001,422,0,0,1,0,0,0,0,0,0,0,0,1,20,nan,1,0.013093859436069768,0.015616166569328892,0.96480318203692594,0.97974783182144165,0.019977999999999999,0.019274837970733705,0.96480318203692594,-0.039766900000000001,0.41999998688697815,0.80000001192092896,0.0083907597380280495
639155411850802283,nan,43.667459338868788,0.0035230943046137839,0.013167721489528827,286,0,0,1,1,1.6149968107186308,0.23300726648923067,0.59469226179305601,1.6183005385660401,0.23423102128062251,0.60785998328258484,0.0034221603516875116,-0.00083726459768706553,0.013167721489528827,0.80748280438850262,0.77159811151206248,0.78482139577974541,0.02316160063193564,0.0038468377814736988,0.023478882101800647,0.023558533212097665,0.030017700000000001,0.019730925319902184,0.0046484987962462981,0.013893327574001635,0.014761212821436664,0.65730969794162053,0.020271111341962984,0.01039081172256884,0,0.024238776577292755,0.030017700000000001,0.021047558540760347,0,0.021047558540760347,0,0.70117159345187496,0.021047558540760347,0,0.0040156000000000002,424,0,0,1,0,0,0,0,0,0,0,0,1,20,nan,1,0.023216149336708888,0.024238776577292755,0.98901759605345951,0.98959451913833618,0.030017700000000001,0.029688033493053934,0.98901759605345951,-0.043253100000000003,0.37800002098083496,0.80000001192092896,0.01134669122979641
639155411851002323,nan,41.663623414886004,0.010749644871323252,0.024438354804029339,281,0,0,1,1,1.6297607735823771,0.24488351271491032,0.60785998328258484,1.6369544019178695,0.25287141458150636,0.63229833808661418,0.010467036021021697,0.002448677560276274,0.024438354804029339,0.83131567439632104,1.2976499541662418,1.2216734055203629,0.025958189683141501,0.0046479316619766984,0.026371023498536404,0.024438354804029339,0.020004000000000001,0.015491153662119801,0.0021992541017004236,0.011460235016337084,0.010652491434287814,0.77440280254548088,0.015646487158057359,0,0,0.016629638750624006,0.020004000000000001,0.013463489873118073,-8.6736173798840355e-19,0.013463489873118073,0,0.67303988567876782,0.013463489873118073,0,0.0038086000000000001,425,0,0,1,0,0,0,0,0,0,0,0,1,20,nan,1,0.025958189683141501,0.016629638750624006,0,0.98959451913833618,0.020004000000000001,0,0,-0.023249100000000002,0.37800002098083496,0.80000001192092896,0.0075615124197006226
639155411851302335,nan,45.126828252342094,0.013622868166033841,0.0085099128211656438,281,0,0,1,1,1.6649307209136155,0.2808275317329999,0.6486391660285088,1.654678418643541,0.27185686647159568,0.65714907884967444,-0.01358932892436553,-0.00095534101479037917,0.0085099128211656438,0.82224274784164897,0.85056144920522159,0.82832489243964469,0.025517864149895694,0.0048401199975052767,0.02597283489268706,0.024850740763060267,0.030001199999999999,0.039089768416862847,0.0060173844696682077,0.027976318995746041,0.027956117151493542,1.3029401629555768,0.039550207467720977,0.01634082794189462,0,0.024668269126546877,0.030001199999999999,0.013173068838896461,0,0.013173068838896462,0,0.43908473124063241,0.013173068838896462,0,0.013980299999999999,426,0,0,1,0,0,0,0,0,0,0,0,1,20,nan,1,0.025623889252290193,0.024668269126546877,1.5562070795162986,0.94054102897644043,0.030001199999999999,0.046688079833984375,1.5562070795162986,-0.0266232,0.37800002098083496,0.80000001192092896,0.011340454229450226
639155411851502159,nan,44.020480657550173,0.0047300277032635831,0.01673596333212668,283,0,0,1,1,1.6664835594985421,0.2845021904535871,0.66364411902797349,1.6619420368634481,0.28582420945064041,0.68038008236010017,-0.0027632442122677496,0.0038389638572158694,0.01673596333212668,0.82746928526684127,0.71477882169545182,1.1625732399724622,0.014282996326647196,0.0066213922608329596,0.015743151512287362,0.02323100351042573,0.019982400000000001,0.017071116303821039,0.0028004566337220954,0.011805140855001062,0.012645323981991419,0.85430760588423005,0.017299293893565208,0.0064950401782990497,0,0.016534822245916129,0.019982400000000001,0.0048843029501446367,0,0.0048843029501446367,0,0.24443024612382078,0.0048843029501446367,0,0.014079700000000001,427,0,0,1,0,0,0,0,0,0,0,0,1,20,nan,1,0.014343818057942513,0.016534822245916129,0.92868012112071952,0.95599853992462158,0.019982400000000001,0.018557257652282666,0.92868012112071952,-0.039671400000000002,0.37800002098083496,0.80000001192092896,0.0075533476192474365
639155411851802222,nan,48.53175198074603,0.005355332500212028,0.018191948706869687,294,0,0,1,1,1.672849350669197,0.30679808063889158,0.68732371341307119,1.6761273208156811,0.3025631664831398,0.70551566211994088,-0.0001532329404885565,-0.0053531398126498101,0.018191948706869687,0.81705387262011542,0.71841528403158395,0.83767674654458257,0.021556984537236916,0.0040879556018463686,0.021941170509827832,0.025135579759840709,0.0300063,0.021673043854605788,0.0094420303512945929,0.010907313805748942,0.02097387118825117,0.72228311569922943,0.023640489992350706,0.0069436310529710221,0,0.02451676361800097,0.0300063,0.021130363820772935,-1.7347234759768071e-18,0.021130363820772935,0,0.70419757920079895,0.021130363820772935,0,0.0041554000000000001,429,0,0,1,0,0,0,0,0,0,0,0,1,20,nan,1,0.021596473685967146,0.02451676361800097,0.66115935205710352,0.99194729328155518,0.0300063,0.019838945865631064,0.66115935205710352,-0.043339299999999997,0.29399999976158142,0.73600000143051147,0.0088218521928459404
639155411852002171,nan,59.314721096723048,0.0090744594475299332,0.027195919439382928,308,0,1,1,1,1.6855797802690793,0.31371728318426995,0.70551566211994099,1.690419158576844,0.32139362553327977,0.73271158155932392,0.0086616524045985827,0.0027058440248426863,0.027195919439382928,0.81913797431852864,1.1548054587767085,1.3601428083852902,0.023090219667694409,0.0050679947048136685,0.023639856484978947,0.027195919439383039,0.019994899999999999,0.014428567263095828,0.0023621506799709818,0.009452459453398232,0.011154116701130146,0.7216123743102405,0.014620646671764147,1.1102230246251565e-16,0,0.016378581882701547,0.019994899999999999,0.013092937553912387,-8.6736173798840355e-19,0.013092937553912387,0,0.65481385522870272,0.013092937553912387,0,0.0040111000000000001,430,0,0,1,0,0,0,0,0,0,0,0,1,20,nan,1,0.023090219667694409,0.016378581882701547,0,0.99194729328155518,0.019994899999999999,0,0,-0.023344400000000001,0.29399999976158142,0.73600000143051147,0.005878500595232844
639155411852302317,nan,48.608368966979576,0.0065108741348300376,0.003886025303400209,309,0,0,1,1,1.7118728189435475,0.3496602683375114,0.7538117150384116,1.7079782994102661,0.34444258689797441,0.75769774034181181,-0.0064105372184540786,-0.0011386371548539236,0.003886025303400209,0.81976693701461867,0.94853808364690351,0.83246682556115659,0.028469991165428348,0.0053886593731252725,0.02897547319370538,0.024986158782487888,0.030014599999999999,0.03485507778788989,0.006662296222176645,0.021453660366703486,0.028266642804231634,1.1612707744860797,0.03548609077585025,0.021100133479087679,0,0.024604976707718974,0.030014599999999999,0.01318111455695159,-8.6736173798840355e-19,0.01318111455695159,0,0.43915676227407963,0.01318111455695159,0,0.0139355,431,0,0,1,0,0,0,0,0,0,0,0,1,20,nan,1,0.028619464201123386,0.024604976707718974,2.0085590230932731,1.0302422046661377,0.030014599999999999,0.060286095654535354,2.0085590230932731,0.0066702000000000003,0.29399999976158142,0.73600000143051147,0.0088242923928439614
639155411852502303,nan,48.601099193409823,0.00056817759452581205,0.016807338070267908,309,0,0,1,1,1.7196778800767176,0.35980001157623043,0.7646592483476693,1.7191647933569751,0.36004407672520716,0.7814665864179372,-0.00020128862405891721,0.00053132727084689152,0.016807338070267908,0.82425038943577378,0.94247757716937541,1.1885255005913111,0.01884823207477947,0.0036453092192924802,0.019197503266024055,0.023768846076125394,0.019998599999999998,0.019053214630547596,0.0031153960841921076,0.011699580666451492,0.015357424678256015,0.95272742244695119,0.019306234239724548,0.0069615080058574863,0,0.016483853838170266,0.019998599999999998,0.00477133822932685,0,0.0047713382293268491,0,0.23858361231920486,0.0047713382293268491,0,0.014209899999999999,432,0,0,1,0,0,0,0,0,0,0,0,1,20,nan,1,0.018883552051029664,0.016483853838170266,0.99457076364738206,0.99886929988861084,0.019998599999999998,0.019890022873878532,0.99457076364738206,-0.0063105000000000001,0.29399999976158142,0.73600000143051147,0.0058795883952319616
639155411852802320,nan,47.592111660135139,0.0054811355815700029,0.015265910473841737,302,0,0,1,1,1.7359466598596793,0.3834492759566378,0.79175560879315654,1.7305089976966779,0.38276030755052975,0.80702151926699828,-0.0043107473747045323,0.0033853071256579837,0.015265910473841737,0.81042354602036548,0.80170669912026726,0.85178282727515686,0.024052563874996522,0.0081358641857813118,0.025391299986614838,0.025554932849061074,0.030001699999999999,0.028397913961473238,0.0047950888432134308,0.01678186650270419,0.02340519923143064,0.94654349458441489,0.028799902680001304,0.010289022375219338,0,0.024314084100639198,0.030001699999999999,0.021101462458168241,0,0.021101462458168241,0,0.70334222587947492,0.021101462458168241,0,0.0039727,434,0,0,1,0,0,0,0,0,0,0,0,1,20,nan,1,0.024169547191198546,0.024314084100639198,0.97985136796716898,0.96675688028335571,0.030001699999999999,0.029397206786340613,0.97985136796716898,-0.043296300000000003,0.29399999976158142,0.52799999713897705,0.008820499792847037
639155411853001617,nan,46.051903807372561,0.0043409165609252986,0.025308558899565844,316,0,0,1,1,1.7380447903093956,0.39785037462937634,0.8070215192669985,1.7415846983264731,0.40036286499145657,0.83233007816656435,0.004262983434639993,-0.00081885824469228336,0.025308558899565844,0.79105242929251052,1.0222752032575364,1.2698916140015186,0.020373638118361723,0.0041756487788142446,0.020797143383214305,0.025308558899566069,0.019929700000000002,0.016110654683721727,0.0049945070235065262,0.007535792612717751,0.015090067078846581,0.80837416939149742,0.01686707724373078,2.2204460492503131e-16,0,0.015765437600070948,0.019929700000000002,0.012634135663959436,-8.6736173798840355e-19,0.012634135663959434,0,0.6339350649512755,0.012634135663959436,0,0.0039583999999999999,435,0,0,1,0,0,0,0,0,0,0,0,1,20,nan,1,0.020373638118361723,0.015765437600070948,0,0.96675688028335571,0.019929700000000002,0,0,-0.023366600000000001,0.29399999976158142,0.52799999713897705,0.0058593317952483895
639155411853300914,nan,45.980535007490971,0.006740466856465478,0.0078223323193589156,309,0,0,1,1,1.758217783477759,0.42679774677290372,0.84940397967896175,1.7529133314286724,0.42263881879780596,0.85722631199832067,-0.0066261081168701198,0.001236359440720015,0.0078223323193589156,0.80919502476395466,0.80518782252563614,0.83182370126517535,0.024099029971845532,0.0066176128900797184,0.024991119341615305,0.02489623383175632,0.0299297,0.030745280750618373,0.0054945616763004829,0.01663308515128592,0.02643488178144715,1.0272498805740911,0.031232394984198934,0.017073901512397408,0,0.024218964332677735,0.0299297,0.013017844041387727,0,0.013017844041387727,0,0.43494736136305168,0.013017844041387727,0,0.0138423,436,0,0,1,0,0,0,0,0,0,0,0,1,20,nan,1,0.024253257746534817,0.024218964332677735,1.629905269672173,0.98643761873245239,0.0299297,0.048782575749707235,1.629905269672173,0.0065630999999999997,0.29399999976158142,0.52799999713897705,0.0087993317928642036
639155411853499942,nan,46.246284260149686,0.0077407066410862075,0.016975938007871116,319,0,0,1,1,1.7604467019237477,0.43745199278274438,0.8641270096170437,1.7660187004853491,0.44282520144544008,0.88110294762491481,0.0077044021014357625,-0.00074881744287130445,0.016975938007871116,0.78262598709114606,1.1977942463420921,1.1996621393268359,0.023839459326097389,0.0033046817619479026,0.024067420769754346,0.023876635626594145,0.019902799999999998,0.016130073342579588,0.004000316048405529,0.0075333704950752978,0.014813173984938421,0.81044241727694544,0.016618718197385966,0.0069006976187230284,0,0.01557644849587766,0.019902799999999998,0.0047513223676303173,0,0.0047513223676303173,0,0.23872632833723484,0.0047513223676303182,0,0.0138318,437,0,0,1,0,0,0,0,0,0,0,0,1,20,nan,1,0.023870878427417912,0.01557644849587766,0.99062839955367465,0.97613579034805298,0.019902799999999998,0.019716278910636875,0.99062839955367465,-0.0066226999999999996,0.29399999976158142,0.52799999713897705,0.0058514231952548025
639155411853799814,nan,43.774324339482312,0.012677855112596899,0.014797178543080934,321,0,0,1,1,1.7857643303955315,0.47323967045136556,0.89094012516974708,1.777748388307717,0.46341761961150513,0.90573730371282801,-0.012677718921939871,5.8763868892018969e-05,0.014797178543080934,0.78597439660390434,0.77864712564057093,0.82149570776575342,0.023349447086008928,0.0040542056082492148,0.023698802972645896,0.024634356087913201,0.029987199999999999,0.036027130662360324,0.0041201555431205506,0.019745629910182361,0.030414469005925482,1.2014169599816029,0.036261961136462129,0.0098371775448322651,0,0.023569171425840599,0.029987199999999999,0.020568934602336334,1.7347234759768071e-18,0.020568934602336331,0,0.6859238142386197,0.020568934602336334,0,0.0038654000000000002,439,0,0,1,0,0,0,0,0,0,0,0,1,20,nan,1,0.023404113808949759,0.023569171425840599,0.93727395544310699,0.9140322208404541,0.029987199999999999,0.028106221556663535,0.93727395544310699,-0.043463099999999998,0.29399999976158142,0.52799999713897705,0.0088162367928504935
639155411854002107,nan,48.288212157933948,0.0050190000397019457,0.017402159739320022,325,0,0,1,2,1.7856612102405758,0.47730922018797706,0.9118887650160622,1.7853129646996801,0.4823161240658016,0.92929092475538222,0.0037455518516779514,0.0033408386259919827,0.017402159739320022,0.78378918874681625,0.96587644316063581,1.1643319859092607,0.019539004331629448,0.0057099558954054842,0.02035623458793178,0.023553621042554207,0.020229299999999999,0.015814074256379013,0.0023461400067125706,0.0079128219328588045,0.01389160057647193,0.78174105166164987,0.015987161021187177,0.0061514613032341839,0,0.015855506635915968,0.020229299999999999,0.012726071542006336,8.6736173798840355e-19,0.012726071542006334,0,0.62909104823233308,0.012726071542006334,0,0.0039927000000000001,440,0,0,1,0,0,0,0,0,0,0,0,1,20,nan,1,0.019588427197385398,0.015855506635915968,0.86881917434246159,0.87878018617630005,0.020229299999999999,0.017575603723525957,0.86881917434246159,-0.056850499999999998,0.23800000548362732,0.40000000596046448,0.0048145735109299415
639155411854300903,nan,35.188362404918095,0.011060549016396208,0.013747614117289086,315,0,0,1,2,1.7964861895152349,0.51023007826553157,0.93777516338146927,1.7906611659017979,0.50082769322518117,0.95152277749875835,-0.011026602172986391,-0.00086590361056814152,0.013747614117289086,0.75956944211082855,0.60348089007496375,0.74404787023173458,0.018031767603083886,0.0067924079639845774,0.01926866494702803,0.022231852743376135,0.029879599999999999,0.029050626473607288,0.0077518316115933305,0.011173224815554716,0.027913954199729973,0.97225620401903934,0.030067088183652741,0.0084842386260870484,0,0.022695631102494711,0.029879599999999999,0.012130779732175244,0,0.012130779732175245,0,0.40598869235783758,0.012130779732175244,0,0.013908999999999999,441,0,0,1,0,0,0,0,0,0,0,0,1,20,nan,1,0.018112767446327758,0.022695631102494711,0.81127865797467158,0.80802541971206665,0.029879599999999999,0.024240681788819995,0.81127865797467158,-0.026970899999999999,0.23800000548362732,0.40000000596046448,0.0071113449638485907
639155411854502117,nan,39.034901069817721,0.0030219812059015046,0.014215274088676622,312,0,0,1,2,1.7942627300347949,0.51329367964011108,0.95715548318723498,1.7912442619037128,0.5131480068888371,0.9713707572759116,-0.0018572741929334764,0.0023838840116677685,0.014215274088676622,0.75483461940832708,0.51541592461299701,0.98641147122731243,0.010370889985507958,0.0066764339753199817,0.012334104333850765,0.019847979777153246,0.020121400000000001,0.012241562361332383,0.0043030492043337615,0.0036015641329969483,0.012465986414929908,0.60838521978253912,0.012975826813783663,0.0056327056884766247,0,0.015188329310962713,0.020121400000000001,0.004619059486545396,-4.3368086899420177e-19,0.004619059486545396,0,0.22955954787168864,0.004619059486545396,0,0.0140021,442,0,0,1,1,1,1,1,1,3,0.012390189799461982,0.099121518395695857,0.99194637663034968,20,0.015188329310962713,1,0.010368380242706133,0.015188329310962713,0.7998173498970601,0.8046722412109375,0.020121400000000001,0.016093444824218706,0.7998173498970601,-0.039754200000000003,0.23800000548362732,0.40000000596046448,0.0047888933103382592
639155411854796121,nan,33.102145820360775,0.0021984096919203475,0.011565447282638308,315,0,0,1,2,1.7920962531018749,0.531149843234069,0.98055711635360365,1.7942946623550844,0.5311512320941475,0.99212256363624196,0.0012247000384804205,-0.0018256820613883938,0.011565447282638308,0.7497281413480662,0.56412426306468311,0.70583415056701138,0.016585478983806908,0.0076382555328131634,0.018259820938521045,0.02075180636033036,0.0294004,0.015344059485595573,0.0094526101847459201,0.00085199119816214974,0.018001836345231892,0.521899684548359,0.01802198659422034,0.0091863590776920523,0,0.022042307246889686,0.0294004,0.019731669522718324,0,0.01973166952271832,0,0.67113609075789182,0.01973166952271832,0,0.0032284000000000002,444,0,0,1,0,0,0,0,0,0,0,0,1,20,nan,1,0.016684287582256513,0.022042307246889686,0.89273412001119923,0.87489134073257446,0.0294004,0.026246740221977261,0.89273412001119923,-0.043732100000000003,0.23800000548362732,0.40000000596046448,0.0069972953612208368
639155411854995204,nan,25.545673618751888,0.010583578710236805,0.020182523170226285,310,0,0,1,2,1.7963602222558355,0.54334200529297749,0.99212256363624196,1.8021761551148257,0.55218435019099499,1.0123050868064682,0.010583527168158635,-3.3030238052208886e-05,0.020182523170226285,0.74497292900778489,1.1010075632798813,1.0137743137398112,0.021919188872044859,0.0049050121497721186,0.022461299717464866,0.020182523170226285,0.0199083,0.011335661703886224,0.0049380423878243266,0.0020655599007510794,0.012190773198829996,0.56939375556357019,0.012364525421094921,0,0,0.014831144562565684,0.0199083,0.012472336777447968,0,0.012472336777447968,0,0.62648929227749062,0.012472336777447968,0,0.0031662999999999999,445,0,0,1,0,0,0,0,0,0,0,0,1,20,nan,1,0.021919188872044859,0.014831144562565684,0,0.87489134073257446,0.0199083,0,0,-0.023823799999999999,0.23800000548362732,0.40000000596046448,0.0047381755091696976
639155411855294662,nan,25.59115466469202,0.012727257559604986,0.0060264031210448543,308,0,0,1,2,1.8140313916686579,0.5838220866076943,1.0278573277921139,1.8109330881882466,0.57147771134882464,1.0338837309131588,-0.012169931876485424,-0.003725029276425386,0.0060264031210448543,0.68386827455216459,0.7013405964017575,0.72059000282812691,0.021002205231727751,0.0027973267637533871,0.021187677117108037,0.021578644106690525,0.029945800000000002,0.033112735136147015,0.0067111676423136039,0.011855236553832249,0.031637736416699314,1.1057555696006456,0.033785988209905339,0.015552240985645671,0,0.020478982576084211,0.029945800000000002,0.01167041726571494,0,0.011670417265714939,0,0.38971799937603735,0.011670417265714939,0,0.0128805,446,0,0,1,0,0,0,0,0,0,0,0,1,20,nan,1,0.021059166383435437,0.020478982576084211,1.4838466243914596,0.85183513164520264,0.029945800000000002,0.044434974244701775,1.4838466243914596,-0.060533099999999999,0.18200001120567322,0.37760001420974731,0.0054501359355628495
639155411855502229,nan,33.500634823845971,0.0057240038468777815,0.018633527050384791,308,0,0,1,2,1.8169774175806588,0.58480796430215753,1.0387124524960485,1.8145735784811228,0.59000274799569219,1.0573459795464333,0.0032570736064650159,0.0047069832760634079,0.018633527050384791,0.67927422716645958,0.85661364468293788,1.1303457983819445,0.017780472438590336,0.0063470427917921724,0.018879357837074635,0.023462248633274507,0.020756699999999999,0.014546165427324462,0.0016243869504304412,0.0060443293924121733,0.0133302529533329,0.7007937402055463,0.014636582989339357,0.0048287215828897168,0.10030438502629602,0.014099491351026051,0.020756699999999999,0.0047168802334440763,0,0.0047168802334440763,0,0.2272461534561889,0.0047168802334440763,0,0.013812700000000001,447,0,0,1,0,0,0,0,0,0,0,0,1,20,nan,1,0.01782383205651436,0.014099491351026051,0.66466959486259825,0.68981736898422241,0.020756699999999999,0.013796347379684493,0.66466959486259825,-0.039776400000000003,0.18200001120567322,0.37760001420974731,0.0037777196325927973
639155411855802359,nan,33.061943051500833,0.010978622905026025,0.01007705952573823,306,0,0,0,0,1.8193699064097621,0.61595963925071917,1.0639358092330193,1.8148802266780042,0.6059410097637582,1.0740128687587576,-0.01093846267373828,-0.00093818720199993679,0.01007705952573823,0.70471995825177436,0.46758813677780942,0.55532233406604758,0.014033722749112394,0.0075615373506377993,0.015941211412688974,0.016666889212324287,0.030013000000000001,0.024965765468532807,0.0085717862662666247,0.0047963279286393767,0.025956891255026981,0.8318317218716158,0.026396305901098021,0.0065898296865860573,0.2040022611618042,0.021150760107010506,0.030013000000000001,0.018494959467945996,0,0.018494959467945993,0,0.61623161523159953,0.018494959467945996,0,0.0039110000000000004,449,0,0,1,1,1,1,1,1,3,0.10059604686210161,0.80476837489681285,0.9346125695396339,20,0.021150760107010506,1,0.013316154076481625,0.021150760107010506,0.62733098386753272,0.62759864330291748,0.030013000000000001,0.01882808481881626,0.62733098386753272,-0.0430414,0.18200001120567322,0.37760001420974731,0.0054623663363158707
639155411856002211,nan,41.959783333750586,0.0022793673391444469,0.011216284095110662,309,0,0,1,2,1.8151476354830733,0.61667066256211733,1.0784484884706338,1.8171150847201474,0.61782160086033111,1.0896647725657445,0.0019442418550105272,-0.0011897222684238791,0.011216284095110662,0.50595069947354288,0.57590619792286135,0.78317473965669038,0.01150960054672797,0.0036975844178678157,0.012088963366331276,0.015651903806986889,0.019985200000000002,0.0095601006796542359,0.0048786710933653998,0.00026740880506914699,0.010729652798359135,0.47835901965725813,0.010732984517009447,0.0044356197118762264,0.19390006860097253,0.010111525919118651,0.019985200000000002,0.0082105679510569018,0,0.0082105679510569018,0,0.41083241353886379,0.0082105679510569018,0,0.0037572,450,0,0,1,0,0,0,0,0,0,0,0,1,20,nan,1,0.011532799433020101,0.010111525919118651,0.63412921445811543,0.6336599588394165,0.019985200000000002,0.01267319917678833,0.63412921445811543,-0.023056199999999999,0.18200001120567322,0.37760001420974731,0.0036373066239476209
639155411856302295,nan,45.814181480548896,0.002035584671280594,0.01189347257601292,304,0,0,0,0,1.8204152609888034,0.63555430404201674,1.0935326372937184,1.8221361185321032,0.63664161920774398,1.1054261098697313,0.0017562898449405377,-0.0010291020039390004,0.01189347257601292,0.56440352941604044,0.63339141506855112,0.52523084549615695,0.019007062939943111,0.0042585713020685829,0.019478292305481013,0.015761337303986878,0.030008400000000001,0.017246805814948033,0.0052808725335344309,0.0033001762686559744,0.017732703181685627,0.57473260203636423,0.018037181751425681,0.0038678647279739575,0.27909189462661743,0.016936846872128309,0.030008400000000001,0.0091578987875986506,0,0.0091578987875986506,0,0.3051778431238803,0.0091578987875986506,0,0.013782600000000001,451,0,0,1,0,0,0,0,0,0,0,0,1,20,nan,1,0.019030303490316276,0.016936846872128309,0.36826495514340868,0.58254486322402954,0.030008400000000001,0.011051042079925466,0.36826495514340868,-0.0265705,0.070000000298023224,0.37760001420974731,0.0021005880089432004
639155411856603086,nan,38.048911435006197,0.0046684051919345789,0.0045586614137560488,306,0,0,1,2,1.8268858993625621,0.65494224233789566,1.113487747152103,1.8304677760090833,0.65194822050678158,1.118046408565859,-0.0011048450674841295,-0.004535782668177315,0.0045586614137560488,0.55871649139050117,0.57906287872542495,0.41957035603218462,0.017417690235469931,-0.00057673781099627872,0.01742723614465063,0.012620298696127685,0.030079100000000001,0.018485933962615528,0.0039678042314427418,0.0047497808304588496,0.018300623130151683,0.61457736310646027,0.01890696233902308,0.0080616372823716365,0.28183539708455407,0.016805689216184024,0.030079100000000001,0.014684251132637273,0,0.014684251132637272,0,0.48818784912571428,0.014684251132637272,0,0.0039272999999999999,453,0,0,1,0,0,0,0,0,0,0,0,1,20,nan,1,0.017409893244992185,0.016805689216184024,0.76575593612190485,0.58089876174926758,0.030079100000000001,0.02303324937820439,0.76575593612190485,-0.029542700000000002,0.070000000298023224,0.37760001420974731,0.0021055370089642705
639155411856802307,nan,33.767996291833803,0.0066409489263149768,0.010938977714818776,303,0,0,0,0,1.8358748939901297,0.6618576820923775,1.1218670589347293,1.8357534370345399,0.66849752025681064,1.132806036649548,0.0059291995316270701,0.0029911194486475084,0.010938977714818776,0.54130185139545151,0.86306551652144148,0.74086708146676428,0.01719407752669181,0.0024862084985885725,0.017372896554470774,0.014759628083689025,0.019922100000000002,0.01127634926419119,-0.00052754246211229438,0.0054071179810464276,0.0099094615855959134,0.5660221193644841,0.011288682552776328,0.0038206503688702487,0.34031679232915246,0.010783869613685325,0.019922100000000002,0.0087226462937564087,-4.3368086899420177e-19,0.0087226462937564087,0,0.43783769250010834,0.0087226462937564087,0,0.0038078999999999999,454,0,0,1,0,0,0,0,0,0,0,0,1,20,nan,1,0.017207391254325053,0.010783869613685325,0.54794142741265539,0.54580992460250854,0.019922100000000002,0.010916143911057663,0.54794142741265539,-0.043027099999999999,0.070000000298023224,0.37760001420974731,0.0013945470059372486
639155411857002710,nan,42.118507288413312,0.0048955479968043041,0.011162904298070764,309,0,0,1,2,1.8400333764284704,0.68293057220109032,1.1365024943335882,1.8399306857862221,0.68782504304286773,1.147665398631659,0.0043968952695010374,0.0021526035812601523,0.011162904298070764,0.53494096435252536,0.96180066038389889,0.7414740289372368,0.019274773774291449,0.0044142541984885306,0.019773784265511418,0.014859361982110908,0.0200403,0.014885865533831861,0.0022454124232913243,0.0042799393939305652,0.014433051944279685,0.74279654166014786,0.015054264168068604,0.0036964576840401442,0.36989102760950721,0.010720377407913914,0.0200403,0.0085850000664113857,0,0.0085850000664113857,0,0.42838680391068923,0.0085850000664113857,0,0.0039918000000000002,455,0,0,1,0,0,0,0,0,0,0,0,1,20,nan,1,0.019297815073468044,0.010720377407913914,0.52700347143934489,0.52806538343429565,0.0200403,0.010561307668685904,0.52700347143934489,-0.0573141,0,0.27039998769760132,0
639155411857302370,nan,45.593529569071258,0.010705572811460827,0.0092236648411501143,321,0,0,0,0,1.8436058878386177,0.7110161659026244,1.150797900233832,1.8402074837852973,0.70086431192850396,1.1600215650749821,-0.010655281994720206,-0.001036462654648324,0.0092236648411501143,0.55052944215716826,0.40055279624001189,0.41233953291474196,0.012002965092128197,0.0051017623622984362,0.013042206492929521,0.012356166443323158,0.029966,0.022654948093444208,0.0061715975651049654,0.0036752020523955764,0.023191122859756663,0.75602176111073249,0.023480530011527861,0.003132501602173043,0.50416628519694018,0.016497165263681703,0.029966,0.0088423836881510454,0,0.0088423836881510454,0,0.29508054755893498,0.0088423836881510454,0,0.013904400000000001,456,0,0,1,0,0,0,0,0,0,0,0,1,20,nan,1,0.012025675230816367,0.016497165263681703,0.2986719808328348,0.44750022888183594,0.029966,0.0089500045776367276,0.2986719808328348,-0.059945999999999999,0,0.27039998769760132,0
639155411857502810,nan,63.395909592223155,0.00091549762701757331,0.010895220778729842,321,0,0,1,2,1.840729105704709,0.71035868916835643,1.1600215650749821,1.840811489623249,0.71127047247322706,1.1709167858537119,0.00086883114676697697,0.00028856254691554738,0.010895220778729842,0.48600789306240699,0.48801044783841752,0.54356519550637805,0.00978168141647324,0.0036016258830497013,0.010423674991807423,0.010895220778729842,0.020043999999999999,0.0089128502697062642,0.0033130633361341541,0.00052162191941174108,0.0094943772398524695,0.44466425213062583,0.0095086954204790571,0,0.50416628519694018,0.009741542208542885,0.020043999999999999,0.002894857414236895,0,0.0028948574142368955,0,0.14442513541393409,0.002894857414236895,0,0.0140876,457,0,0,1,0,0,0,0,0,0,0,0,1,20,nan,1,0.00978168141647324,0.009741542208542885,0,0.44750022888183594,0.020043999999999999,0,0,-0.039902,0,0.27039998769760132,0
639155411857802267,nan,34.963352628219987,0.004966423704618428,0.0015562302740881329,321,0,0,0,0,1.8417010909476439,0.72678701446813776,1.1784697743609904,1.8417716455142781,0.72182109194891508,1.1800260046350786,-0.0045616460240180253,-0.0019638609842237728,0.0015562302740881329,0.47545851181018778,0.33701181448681311,0.30419121213952632,0.01009205469307776,0.0032230269511396353,0.010594218737398492,0.0091092187813666126,0.029945699999999999,0.014638737723742081,0.0052212856512245231,0.00088960132439486195,0.015516541994910704,0.48884272946506779,0.01554202258382713,0.0075529885072784788,0.59969097375869751,0.01423793795711434,0.029945699999999999,0.012737570776503839,0,0.012737570776503837,0,0.42535558616107955,0.012737570776503839,0,0.0039525000000000003,459,0,0,1,0,0,0,0,0,0,0,0,1,20,nan,1,0.010126242954463427,0.01423793795711434,0.72063659101814515,0.39018541574478149,0.029945699999999999,0.02157996716365207,0.72063659101814515,-0.0099562999999999995,0,0.27039998769760132,0
639155411858002180,nan,39.680784273312867,0.002564508613575594,0.0065875461118205525,321,0,0,1,2,1.8431771543108741,0.73072036550311215,1.1822921168732474,1.8420441624364061,0.72841970606688677,1.188879662985068,-0.0025583891627713956,0.00017705739441575331,0.0065875461118205525,0.4659975589411805,0.31038429506105247,0.44287556837171232,0.0062049855578540179,0.0022614437816502369,0.0066042390743174537,0.0088536583499894128,0.0199913,0.0087637693832104142,0.0020901844338823044,0.0014055087965960666,0.0088992735541970625,0.43837916409690286,0.0090095796111550139,0.0022661122381688603,0.78426385919253028,0.0093158970000608212,0.0199913,0.0074321018680412196,0,0.0074321018680412188,0,0.3717668119652659,0.0074321018680412188,0,0.0040425000000000001,460,0,0,1,1,1,1,1,1,3,0.10059103572999582,0.80472828583996658,0.9346158267755027,20,0.0093158970000608212,1,0.0058651608904495191,0.0093158970000608212,0.3238712037120059,0.27944168448448181,0.0199913,0.0064746063947678234,0.3238712037120059,-0.0233276,0,0.27039998769760132,0
639155411858302257,nan,50.584560100622426,0.0018019761883095594,0.0047736193151901576,320,0,0,0,0,1.8406882480063551,0.73393002731555634,1.1926322577771256,1.8394153965230364,0.73265450103803476,1.1974058770923157,-0.0016553584713836366,0.00071197367539332413,0.0047736193151901576,0.089927977539232359,0.098306305781038369,0.28413420912791526,0.0029499461319856652,0.0040176755087161318,0.0049843654234972201,0.0085262141072477426,0.030007700000000002,0.004607964690466526,0.0033119187213115076,-0.0013559144300510084,0.0055103212486695696,0.15355940943379617,0.0056746933137536088,0.0037525947920575842,0.71265444159507751,0.002698531771604023,0.030007700000000002,0.0014407001569649578,0,0.001440700156964958,0,0.048011015738125808,0.0014407001569649578,0,0.013987100000000001,461,0,0,1,0,0,0,0,0,0,0,0,1,20,nan,1,0.0029714417946590903,0.002698531771604023,0.35729827363905758,0.32240733504295349,0.030007700000000002,0.010721699405878748,0.35729827363905758,-0.060721700000000003,0,0.19040000438690186,0
639155411858502041,nan,74.65257111972322,0.0054365249230622038,0.010085320469253258,326,0,0,1,2,1.8380006992557125,0.73633022443087481,1.1974058770923157,1.8389007613411528,0.74169172529177463,1.207491197561569,0.0053203913076789811,0.001117693863385874,0.010085320469253258,0.16403818075444002,0.41178458676738205,0.50481121957980912,0.0082267971882734655,0.003775722395228818,0.0090518656410055395,0.010085320469253258,0.0199784,0.002906405880594484,0.002658028531842944,-0.0014146972673239055,0.0036757233928400579,0.14547740963212688,0.0039385671022397666,0,0.71265444159507751,0.0032772203903845046,0.0199784,0.00099433383646108098,-5.4210108624275222e-20,0.00099433383646108098,0,0.049770443902468715,0.00099433383646108098,0,0.0139168,462,0,0,1,0,0,0,0,0,0,0,0,1,20,nan,1,0.0082267971882734655,0.0032772203903845046,0,0.32240733504295349,0.0199784,0,0,-0.040743300000000003,0,0.19040000438690186,0
639155411858802084,nan,51.050039061778328,0.0037904265594729271,0.0026943581436782438,309,0,0,0,0,1.8355674691858559,0.74852949111276212,1.2107567655646274,1.8393340465979022,0.74895402391693644,1.2134511237083057,0.0017243206134586386,-0.0033755076543772484,0.0026943581436782438,0.17063047632716039,0.23137497581228864,0.19863573376938246,0.0069422441867646525,0.0021757672407856435,0.0072752125353657939,0.0059599261467366826,0.030004300000000001,0.0052069098371198934,0.0055456260208683892,-0.0033332921552968742,0.0068377658209874959,0.17353878734447706,0.007606962469687127,0.0032655680030584389,0.86871397991975141,0.0051196480008630189,0.030004300000000001,0.0034429646882818687,2.1684043449710089e-19,0.0034429646882818687,0,0.11474904224667359,0.0034429646882818687,0,0.0039563999999999997,464,0,0,1,0,0,0,0,0,0,0,0,1,20,nan,1,0.0069523187731469491,0.0051196480008630189,0.31096190527533007,0.22877161204814911,0.030004300000000001,0.0093301942944525873,0.31096190527533007,-0.043091200000000003,0,0.19040000438690186,0
639155411859002098,nan,45.157850736787395,0.0061155840723138965,0.002427446699593272,323,0,0,0,0,1.83950114067379,0.75346914415673705,1.2152634769169668,1.8430387150976015,0.75845772469046946,1.2176909236165601,0.0059079944766176505,-0.0015798638579937075,0.002427446699593272,0.21372084143992395,0.50992380630757195,0.21197515715171963,0.010199190019480268,-0.00014635584050688233,0.010200240050386873,0.0042397999082544047,0.020001399999999999,0.004288341975865818,0.001422798055973207,0.00016709407588777481,0.0045151202398006074,0.21440209064694563,0.0045182110630263709,0.0018123532086611325,0.96232488751411438,0.0042747160379764948,0.020001399999999999,0.0034296638309228022,0,0.0034296638309228022,0,0.17147118856294072,0.0034296638309228027,0,0.003954,465,0,0,1,0,0,0,0,0,0,0,0,1,20,nan,1,0.01019877690933711,0.0042747160379764948,0.25888947897377335,0.17260506749153137,0.020001399999999999,0.00517815202474603,0.25888947897377335,-0.056744500000000003,0,0.19040000438690186,0
639155411859302282,nan,42.957776428109717,0.0079245273629574096,0.0034982224217636748,322,0,0,0,0,1.84330570921363,0.7583593235591165,1.2187395198784814,1.8463416376278294,0.76567924654983965,1.2222377423002451,0.007917835554228099,-0.0003255980074603022,0.0034982224217636748,0,0.26377730398605925,0.15146772258631391,0.0079181726219751218,-0.00060184510852233798,0.0079410122280505688,0.0045468186836850055,0.030018400000000001,3.4558944247975454e-17,-0.00028454989131147714,0.000266994116028485,-9.8401131352954252e-05,1.1512587029280526e-15,0.00028454989131147714,0.0010485962619213307,1,0,0.030018400000000001,0,0,0,0,0,0,0,0.013939699999999999,466,0,0,1,0,0,0,0,0,0,0,0,1,20,nan,1,0.007917262177413141,0,0.099805096866453918,0.09986664354801178,0.030018400000000001,0.0029959893197759602,0.099805096866453918,-0.060792499999999999,0,0.20000000298023224,0
639155411859502106,nan,50.057814341337007,0.010194959790361793,0.0049995236688216149,319,0,0,1,2,1.8467406980454932,0.76553422964032647,1.2222377423002451,1.8496312829648807,0.77531082025008935,1.2272372659690667,0.010175945336031082,0.00062236777326677957,0.0049995236688216149,0,0.50924540275597785,0.25019635623456715,0.010175945336031052,0.00019777488473617707,0.010177867084361266,0.0049995236688216149,0.019982400000000001,-3.0303450720969849e-17,-0.00042459288853060294,0.00039906041766379907,-0.0001450169095131848,-1.5165070622632841e-15,0.00042459288853060294,0,1,0,0.019982400000000001,0,0,0,0,0,0,0,0.013934500000000001,467,0,0,1,0,0,0,0,0,0,0,0,1,20,nan,1,0.010175945336031052,0,0,0.09986664354801178,0.019982400000000001,0,0,-0.040810100000000002,0,0.20000000298023224,0
639155411859802171,nan,42.270127340416487,0.0024276186777887564,0.0016146587582146488,316,0,0,0,0,1.8494235852815428,0.77538512333781129,1.2278500581648191,1.8470309583713325,0.77497443012714662,1.2294647169230337,-0.0011913302359697318,0.0021151985045411536,0.0016146587582146488,0,-0.039745594765930856,0.074232281471249106,-0.0011926261893439041,0.0023350565473058815,0.0026219928120849276,0.0022274509539670362,0.030006499999999998,7.5758626802424622e-18,0.00022058847773380799,-0.00020769768333783745,7.430308772193861e-05,2.524740532965345e-16,0.00022058847773380797,0.00061279219575238741,1,0,0.030006499999999998,0,0,0,0,0,0,0,0.0041507999999999996,469,0,0,1,0,0,0,0,0,0,0,0,1,20,nan,1,-0.0011905815834330649,0,0.058348519321026353,0.05836116150021553,0.030006499999999998,0.0017508348450063771,0.058348519321026353,-0.076474600000000004,0,0.20000000298023224,0
639155411860102336,nan,37.853420246610348,0.0077199665432905297,0.0010902694224794729,322,0,0,0,0,1.8448273798850168,0.77575722013525694,1.2308540671100674,1.848463680315733,0.78256715424705992,1.2319443365325469,0.0076326895877781072,-0.0011575547875365575,0.0010902694224794729,0,0.25433646393001141,0.082608552280017677,0.0076342904695551874,0.0011915371406460563,0.0077267167497637786,0.0024796196095131506,0.030016500000000002,-3.4911309954033243e-17,0.0023384863356775737,-0.0022035784863156938,0.0007827900081103234,-1.1630706429474869e-15,0.0023384863356775733,0.0013893501870336777,1,0,0.030016500000000002,0,0,0,0,0,0,0,0.014147699999999999,470,0,0,1,0,0,0,0,0,0,0,0,1,20,nan,1,0.0076366403770525447,0,0.1322463299502829,0.051165040582418442,0.030016500000000002,0.0039695719629526671,0.1322463299502829,-0.046458100000000002,0,0.20000000298023224,0
639155411860302197,nan,37.368636667643678,0.0017046663866150265,0.0013102344359332552,314,0,0,0,0,1.8477273140710007,0.78282668339445904,1.2321709891130117,1.8494246204112348,0.7829849195377897,1.233481223548945,0.00071307982676481225,-0.0015483554663952965,0.0013102344359332552,0,0.035696346321083809,0.076897794787281745,0.00071343074720781312,-0.00076743095729839869,0.001047823317779021,0.0015368870163980917,0.0199861,2.1846673775582914e-17,0.00078076284794487995,-0.00073636624473238932,0.00025952914739912902,1.0930933886842813e-15,0.00078076284794488006,0.00022665258046483672,1,0,0.0199861,0,0,0,0,0,0,0,0.0140707,471,0,0,1,0,0,0,0,0,0,0,0,1,20,nan,1,0.00071318222380455239,0,0.032401459080407445,0.03237910196185112,0.0199861,0.00064757880132693124,0.032401459080407445,-0.0607211,0.083999998867511749,0.24319998919963837,0.0016788323773659765
639155411860502110,nan,40.684310052022795,0.0018936343181145856,0.00039698786653752371,318,0,0,0,0,1.8501500265643702,0.78273050590433979,1.233481223548945,1.8508577131221857,0.78448693144122672,1.2338782114154825,0.0018916572531941741,-8.6508769377242043e-05,0.00039698786653752371,0,0.094624024110199406,0.019858031570609402,0.0018916572531942294,-0.00085523523821510745,0.0020760044499584262,0.00039698786653752371,0.0199913,5.5538256285569965e-17,-0.0007687264688378653,0.00072540615313543277,-0.00025441363344991252,2.778121297042712e-15,0.0007687264688378653,0,1,0,0.0199913,0,0,0,0,0,0,0,0.0139253,472,0,0,1,0,0,0,0,0,0,0,0,1,20,nan,1,0.0018916572531942294,0,0,0.03237910196185112,0.0199913,0,0,-0.073127899999999996,0.083999998867511749,0.24319998919963837,0.0016792691773600877
639155411860802114,nan,38.946937265518144,0.0057049277011915712,0.0018503031787504565,322,0,0,0,0,1.8520700479127779,0.78406228314798676,1.2344273553307623,1.8531539857868833,0.78966329008968061,1.2362776585095128,0.0056448892798871293,0.00082548476281414174,0.0018503031787504565,0,0.18814532869033626,0.079980503394297492,0.0056444351188415639,-0.00045597061007118041,0.0056628223535672272,0.0023994470940302826,0.0300004,-1.8051966171883649e-17,-0.0012845551048638092,0.0012123347905921289,-0.00042464829323995978,-6.017241827403518e-16,0.0012845551048638092,0.0005491439152798262,1,0,0.0300004,0,0,0,0,0,0,0,0.0039839000000000003,474,0,0,1,0,0,0,0,0,0,0,0,1,20,nan,1,0.0056440756770304579,0,0.052298723186519798,0.012363053858280182,0.0300004,0.0015689826150848685,0.052298723186519798,-0.076639299999999994,0.083999998867511749,0.24319998919963837,0.0025200335660248993
639155411861002023,nan,39.156302960022281,0.0022960134976421818,2.7898090321443192e-05,320,0,0,0,0,1.8534495053115387,0.78956057295768733,1.2362776585095128,1.8514854683475965,0.78837135607855058,1.2363055565998342,-0.0017681186670630879,0.0014647301323240862,2.7898090321443192e-05,0,-0.088446176363400617,0.0013955394865385346,-0.0017681186670631052,0.0011518681840825189,0.0021102236692631827,2.7898090321443192e-05,0.019990899999999999,-1.7279472123987727e-17,-0.0003128619482415673,0.00029551952465545206,-0.00010271713199327959,-8.6436689313576317e-16,0.00031286194824156735,0,1,0,0.019990899999999999,0,0,0,0,0,0,0,0.0039684999999999998,475,0,0,1,0,0,0,0,0,0,0,0,1,20,nan,1,-0.0017681186670631052,0,0,0.012363053858280182,0.019990899999999999,0,0,-0.090719900000000006,0.26600000262260437,0.30720001459121704,0.0053175794524282219
639155411861302107,nan,41.823576319218603,0.0037314142709767308,0.000895368553748499,314,0,0,0,0,1.8498521549709523,0.78893901458931504,1.2359098640213173,1.8513035851954665,0.79237657226374258,1.2368052325750658,0.0037236230786386617,-0.00024100545611737355,0.000895368553748499,0,0.1240828375742152,0.01665120350407202,0.0037235274230620796,0.0014866679860874967,0.004009343857933962,0.0004996759752315948,0.030008400000000001,-2.2768245622195593e-18,0.0017291468333164052,-0.0016333133766441854,0.00056765851076445717,-7.5872907659840557e-17,0.0017291468333164052,-0.00039569257851690409,1,0,0.030008400000000001,0,0,0,0,0,0,0,0.014109699999999999,476,0,0,1,0,0,0,0,0,0,0,0,1,20,nan,1,0.0037226864517938187,0,0.037674458629382047,-0.028114158660173416,0.030008400000000001,-0.0011305502243339483,-0.037674458629382047,-0.060711500000000002,0.26600000262260437,0.30720001459121704,0.0079822344787001606
639155411861602262,nan,38.457833630719826,0.0035992952464652755,0.00055726958371526969,312,0,0,0,0,1.849900494241105,0.79286343126860781,1.2368214001397908,1.8515356147068538,0.78965698349362112,1.2362641305560755,-0.0024932873853412414,-0.0025958513604067862,-0.00055726958371526969,0,-0.083065263494545336,0.018027419799445929,-0.0024932454164205255,-0.0011107331210616948,0.002729468954343576,-0.00054110201899026933,0.030015500000000001,-2.8568727244993042e-17,0.0014851585493910052,-0.001403090954361419,0.00048685900486522549,-9.5179914527470953e-16,0.0014851585493910052,1.6167564725000361e-05,1,0,0.030015500000000001,0,0,0,0,0,0,0,0.0038647999999999998,478,0,0,1,0,0,0,0,0,0,0,0,1,20,nan,1,-0.002493271069826409,0,0.0015389729330322535,0.0015397680690512061,0.030015500000000001,4.6193042071429602e-05,0.0015389729330322535,-0.063211400000000001,0.26600000262260437,0.30720001459121704,0.0079841230787187824
639155411861802082,nan,38.108072701742969,0.0025813003852843764,0.00022625872083370521,313,0,0,0,0,1.8522349115997885,0.78941391019843998,1.2361521303417262,1.8538800712603329,0.79140302089681414,1.2363783890625599,0.0024190941399732878,-0.00090060825058188804,0.00022625872083370521,0,0.12105861557820968,0.0057180715886491935,0.002418993256483786,-0.0016412174656596492,0.0029232042597978534,0.00011425850648438818,0.019982,1.3931997916438732e-17,-0.0007403382816647563,0.00069929689293468655,-0.00024307329518113985,6.9722740048237076e-16,0.0007403382816647563,-0.00011200021434931706,1,0,0.019982,0,0,0,0,0,0,0,0.0040907000000000001,479,0,0,1,0,0,0,0,0,0,0,0,1,20,nan,1,0.0024192558208165019,0,0.016014443620591127,-0.027089677751064301,0.019982,-0.0003200006124266519,-0.016014443620591127,-0.076426999999999995,0.26600000262260437,0.30720001459121704,0.0053152120524048805
639155411862002029,nan,40.759720107401925,0.0026755698004760969,0.00044095119052323106,316,0,0,0,0,1.8554316143226368,0.79086390833039066,1.2363783890625599,1.8532552407613594,0.78930760762712271,1.2359374378720367,-0.0021844120433739218,0.0015449976640702948,-0.00044095119052323106,0,-0.10924955330031985,0.022053403678136258,-0.0021844120433739053,-9.7539468983013668e-05,0.0021865886497570704,-0.00044095119052323106,0.019994700000000001,1.6588293239028218e-17,-0.0016425371330533085,0.0015515430623038728,-0.00053911256642347194,8.2963451509791185e-16,0.0016425371330533083,0,1,0,0.019994700000000001,0,0,0,0,0,0,0,0.0040340000000000003,480,0,0,1,0,0,0,0,0,0,0,0,1,20,nan,1,-0.0021844120433739053,0,0,-0.027089677751064301,0.019994700000000001,0,0,-0.056432299999999998,0.26600000262260437,0.30720001459121704,0.0053185902524381882
639155411862302784,nan,38.457656267855235,0.0011734715014513888,0.00047617855094084227,321,0,0,0,0,1.8533951763093419,0.78925891524655878,1.2355149000190269,1.8525501543761489,0.79007314696857733,1.2359910785699677,0.00049085172550307878,0.0010658798939323449,0.00047617855094084227,0,0.016335623889004364,0.0017835347020336227,0.00049130205627375073,0.00091750726614298148,0.0010407676464629287,5.364069793101222e-05,0.030075500000000002,2.5194147983131909e-17,-0.00014816512921113755,0.00013993554798252816,-4.8692380563930548e-05,8.3769672933556907e-16,0.00014816512921113755,-0.00042253785300983004,1,0,0.030075500000000002,0,0,0,0,0,0,0,0.014059200000000001,481,0,0,1,0,0,0,0,0,0,0,0,1,20,nan,1,0.00049074813601483194,0,0.04014067957640223,-0.042125269770622253,0.030075500000000002,-0.0012072510086000854,-0.04014067957640223,-0.0263568,0.26600000262260437,0.30720001459121704,0.0080000830788761381
639155411862502098,nan,4.6839846625278074,0.00011133113364851143,0.0008882069158573368,321,0,0,0,0,1.8530867499815156,0.79346595470891434,1.2359682143455784,1.8531919047085941,0.79342938826675069,1.235080007429721,1.8770928741653717e-08,-0.00011133113206608,-0.0008882069158573368,0.16961865089858663,0.16961946496225655,0.045710343490506879,0.0033807534039487202,0.00049669463702260795,0.0034170453817234971,-0.00091107114024668867,0.019931399999999998,0.0033807371785199683,0.00060802576948877022,0.00053659560536667428,0.0033928077403370116,0.16961865089858055,0.0034349787781862012,-2.2864224389351762e-05,1,0.0033807371785200893,0.019931399999999998,0.0010022426844296106,0,0.0010022426844296106,0,0.050284610435273526,0.0010022426844296106,0,0.0140226,482,0,0,1,1,1,1,1,1,3,1,8,0.34999999999999998,20,0.0033807371785200893,1,-0.0020329206746286942,0.0033807371785200893,0.0032775598000039621,-0.053384780883789062,0.019931399999999998,-6.5326355397798963e-05,-0.0032775598000039621,-0.039850400000000001,0.26600000262260437,0.30720001459121704,0.0053017524522721762
639155411862802210,nan,35.276097616091405,0.0043267318349973381,0.00020392939944691157,326,0,0,0,0,1.8524813917910929,0.79367730359159983,1.2351810622483785,1.8533972335956268,0.78944861086676776,1.2349771328489316,-0.0036911322159116789,-0.0022574656889171934,-0.00020392939944691157,0,-0.12298422153326775,0.0034278729537436563,-0.0036909040692792048,-0.0015053158510568924,0.0039860693245432812,-0.00010287458078939161,0.030011199999999998,-1.894643296418419e-17,0.00075252283302968,-0.00071051291750112711,0.00024791532484913503,-6.3131207563123734e-16,0.00075252283302968,0.00010105481865751997,1,0,0.030011199999999998,0,0,0,0,0,0,0,0.0041757000000000001,484,0,0,1,0,0,0,0,0,0,0,0,1,20,nan,1,-0.0036911213442750793,0,0.0096206767242798513,0.0096243005245923996,0.030011199999999998,0.00028872805330770746,0.0096206767242798513,-0.076351600000000006,0.41999998688697815,0.40479999780654907,0.012604703606462478
639155411863002026,nan,34.844700216269572,0.0025968479504809372,0.00081937460292036413,319,0,0,0,0,1.8543437339243845,0.78911824453612833,1.2351530655487459,1.8534914249508303,0.79157124039660509,1.2359724401516663,0.0020353846947635573,0.0016127084120321641,0.00081937460292036413,0,0.10184874760380068,0.049811191432851801,0.0020351009351201035,0.00061056720859033013,0.0021247183654151689,0.0009953073027346715,0.019981599999999999,-4.1687573532067645e-17,-0.0010024992692059679,0.000946500328757649,-0.0003303663306394311,-2.0862980708285445e-15,0.0010024992692059679,0.00017593269981430737,1,0,0.019981599999999999,0,0,0,0,0,0,0,0.0042234999999999998,485,0,0,1,0,0,0,0,0,0,0,0,1,20,nan,1,0.0020352543261810498,0,0.025156386706402675,0.025133242830634117,0.019981599999999999,0.0005026648566126557,0.025156386706402675,-0.089817900000000006,0.41999998688697815,0.40479999780654907,0.0083922717379808429
639155411863302046,nan,35.200888149626039,0.0029972297890764324,0.00010062463658355725,320,0,0,0,0,1.8526284516063152,0.79187148925036699,1.2361269127739891,1.853320658194074,0.78895528684854532,1.2360262881374056,-0.0025270483547105023,-0.0016116491620331319,-0.00010062463658355725,0,-0.084221030894245291,0.001794813203761874,-0.0025267993688891472,-0.0006983259985142811,0.0026215213618850336,5.3847985739263748e-05,0.030002000000000001,7.1991024253037494e-17,0.00091371350407496918,-0.00086297334451512775,0.00030024885376189747,2.3995408390453132e-15,0.00091371350407496918,0.000154472622322821,1,0,0.030002000000000001,0,0,0,0,0,0,0,0.0141072,486,0,0,1,0,0,0,0,0,0,0,0,1,20,nan,1,-0.0025269534105752016,0,0.014710697603263387,0.014711580239236355,0.030002000000000001,0.00044135034949310814,0.014710697603263387,-0.059815899999999998,0.41999998688697815,0.40479999780654907,0.01260083960658312
639155411863502159,nan,39.186541588707485,0.0052410953847638088,0.0016603919351170227,320,0,0,0,0,1.8537604976175015,0.78880228285281184,1.2360262881374058,1.8542734442111832,0.7940182167695925,1.2376866800725228,0.0050949056023191167,0.0012292346137535281,0.0016603919351170227,0,0.25460143030782961,0.08297271717066082,0.0050949056023190708,0.00076354271870761185,0.0051518016828905272,0.0016603919351172447,0.020011299999999999,-4.4858864886587746e-17,-0.00046569189504591744,0.0004398394234275127,-0.00015300399573348056,-2.241676696995585e-15,0.00046569189504591738,2.2204460492503131e-16,1,0,0.020011299999999999,0,0,0,0,0,0,0,0.014049499999999999,487,0,0,1,0,0,0,0,0,0,0,0,1,20,nan,1,0.0050949056023190708,0,0,0.014711580239236355,0.020011299999999999,0,0,-0.039804600000000002,0.41999998688697815,0.40479999780654907,0.0084047457375913855
639155411863802179,nan,35.926431373719083,0.0016264259361292055,0.00043376203637368604,322,0,0,0,0,1.8532036142831387,0.79438838120283473,1.2386425378821559,1.8544102270067748,0.7954789530990769,1.2382087758457823,0.001424415764688739,-0.0007850484411932538,-0.00043376203637368604,0,0.047502350127963631,0.017402032306494789,0.0014251655085391649,0.00034837254586967618,0.0014671264967430096,0.00052209577325945666,0.030002000000000001,6.5052130349130266e-19,0.0011320590897021371,-0.0010698299280444967,0.00037016443324222603,2.1682597943180543e-17,0.0011320590897021371,0.0009558578096331426,1,0,0.030002000000000001,0,0,0,0,0,0,0,0.0040314000000000001,489,0,0,1,0,0,0,0,0,0,0,0,1,20,nan,1,0.001425639886293013,0,0.091028008573997551,0.026025675237178802,0.030002000000000001,0.0027310223132370748,0.091028008573997551,-0.076411199999999999,0.49000000953674316,0.3951999843120575,0.014700980286121369
639155411864002016,nan,39.026276496218081,0.0035582388807176568,4.814476852121885e-05,317,0,0,0,0,1.854191367704453,0.79555455116622953,1.2390180746330486,1.8561333894057002,0.79853609701429829,1.2390662194015698,0.0034515107690790371,-0.00086494932983514894,4.814476852121885e-05,0,0.17275127434548485,0.042907147114275151,0.0034522096411378654,-0.00063060777435742371,0.0035093329239964184,0.00085744355578754028,0.0199837,5.5470493649789621e-17,0.00023154796904744314,-0.0002188593023217944,7.5598067152626847e-05,2.7757869488527961e-15,0.00023154796904744312,0.00080929878726632154,1,0,0.0199837,0,0,0,0,0,0,0,0.0039366000000000002,490,0,0,1,0,0,0,0,0,0,0,0,1,20,nan,1,0.0034514782624998344,0,0.11570841482465981,0.11382723599672318,0.0199837,0.0023122822493315542,0.11570841482465981,-0.056427499999999998,0.49000000953674316,0.3951999843120575,0.0097920131905794138
639155411864302084,nan,37.442317890633994,0.0043629901317240585,0.001221731906589252,317,0,0,0,0,1.8570866025894461,0.79838227115796223,1.2408417799268161,1.8572464928815819,0.8027423305593927,1.2420635118334054,0.0041766694871503314,0.0012613940243353392,0.001221731906589252,0,0.14461474421101833,0.099887106650344323,0.0043394257065911849,0.00031746577905856295,0.0043510228663956318,0.0029972924318355521,0.0300068,0.00016500248341451656,-0.00095134218250411511,0.00095321318374597119,-0.00015382585633605395,0.0054988363775716363,0.00096554532143481014,0.0017755605252463,0.96816405653953552,0,0.0300068,0,0,0,0,0,0,0,0.0141651,491,0,0,1,0,0,0,0,0,0,0,0,1,20,nan,1,0.0043402170027231658,0,0.16906268152991252,0.16910156607627869,0.0300068,0.0050730300721317789,0.16906268152991252,-0.026420699999999998,0.49000000953674316,0.3951999843120575,0.014703332286167145
639155411864502063,nan,38.311975885036063,0.0012802462026675896,0.0015628804762370942,301,0,0,1,2,1.8570732052654637,0.8028628102683969,1.2431894678025006,1.8574781347411702,0.80407733176229845,1.2447523482787377,0.0012802247404291838,7.4130586003389961e-06,0.0015628804762370942,0,0.066921977242947434,0.13445594014033246,0.0013382990087067385,0.00021175912298613834,0.0013549487676193875,0.0026888364453323543,0.019997899999999999,5.808342657292626e-05,0.00020290459270115967,-0.00017328761611823396,0.00012047970900419536,0.0029044762986576724,0.00021105439626237593,0.0011259559690952603,0.9799200793107351,0,0.019997899999999999,0,0,0,0,0,0,0,0.014251399999999999,492,0,0,1,0,0,0,0,0,0,0,0,1,20,nan,1,0.0013386378936249845,0,0.16086774384099289,0.16204795241355896,0.019997899999999999,0.0032170170545577914,0.16086774384099289,-0.039846699999999999,0.49000000953674316,0.3951999843120575,0.0097989711907148364
639155411864802242,nan,36.005371928003406,0.0075365483028948322,0.0034070426725831826,319,0,0,0,0,1.8585456941679803,0.80821028372985459,1.2471303791227708,1.8623165922042273,0.814735610413025,1.250537421795354,0.0073858172667806352,-0.0014997545211107113,0.0034070426725831826,0.1641264685860139,0.38798566857324945,0.19272079381356721,0.011646515000664945,-0.001169727642501805,0.011705108902455645,0.0057850735166162792,0.0300179,0.0042571521582378735,0.00031245895331705577,0.0010675594268101385,0.0041329519675561421,0.14182045240466101,0.0042686034128151772,0.0023780308440330966,0.87122631569703413,0.004926731921368107,0.0300179,0.003965365493370232,0,0.003965365493370232,0,0.13210003009438476,0.003965365493370232,0,0.0038018000000000001,494,0,0,1,0,0,0,0,0,0,0,0,1,20,nan,1,0.01164247401941592,0.004926731921368107,0.22634407603774798,0.22726421058177948,0.0300179,0.006794373840093515,0.22634407603774798,-0.044011799999999997,0.44800001382827759,0.3887999951839447,0.013448019615095853
639155411865102242,nan,37.08113248322244,0.0032418253690471516,0.0029063588687172621,320,0,0,0,0,1.8661477945150058,0.82235937460105835,1.2523765679027896,1.8629648837501247,0.82174414229842641,1.2552829267715069,-0.001580767000629606,0.0028303016470189496,0.0029063588687172621,0.25680332189702376,0.22854219456320127,0.15818349920509642,0.006856265836896038,0.0015910436483586718,0.0070384516136129116,0.0047455049761528922,0.029999999999999999,0.0084422354994095946,-0.0012363459521358084,0.003831202310778492,0.007623764188033344,0.28140784998031981,0.0085322852472742711,0.0018391461074356297,0.81210806965827942,0.0077040996569107123,0.029999999999999999,0.0041574403388553449,0,0.0041574403388553449,0,0.13858134462851152,0.0041574403388553449,0,0.0138108,495,0,0,1,0,0,0,0,0,0,0,0,1,20,nan,1,0.0068604223988265279,0.0077040996569107123,0.17515677213668646,0.26273515820503235,0.029999999999999999,0.0052547031641005937,0.17515677213668646,-0.0463854,0.44800001382827759,0.3887999951839447,0.013440000414848326
639155411865302206,nan,35.386565031289095,0.0029172909783886738,0.0030649995214686587,319,0,0,0,0,1.8636854185422873,0.82729924288720413,1.2582295278025468,1.8633217763604608,0.83019378102241403,1.2612945273240155,0.0026424695373594631,0.0012360992665296784,0.0030649995214686587,0.28820932971449009,0.40723761543025472,0.30063414177094877,0.0081432862531895453,0.0022826861150491099,0.0084571725122066545,0.0060116005525086003,0.019996400000000001,0.0055044704734892409,0.0010388059225094021,0.00072053479216260818,0.0055551005887777283,0.27527307282757102,0.0056016348451282932,0.0029466010310399415,0.78228399157524109,0.0057631490407028304,0.019996400000000001,0.0017631782163944898,0,0.0017631782163944898,0,0.088174782280534977,0.0017631782163944896,0,0.013878700000000001,496,0,0,1,0,0,0,0,0,0,0,0,1,20,nan,1,0.0081528228857623616,0.0057631490407028304,0.42101878781606678,0.28062960505485535,0.019996400000000001,0.0084188600886851983,0.42101878781606678,-0.026388999999999999,0.44800001382827759,0.3887999951839447,0.0089583874765157712
639155411865502103,nan,41.07040859433797,0.0052248599398203484,0.0051948219168951315,319,0,0,1,2,1.8630708871341684,0.83674032736621662,1.2632126824577401,1.8646888709846805,0.84170835410227807,1.2684075043746352,0.0052247221466835293,-3.7945759896887551e-05,0.0051948219168951315,0.2821070715209103,0.5694862085474367,0.35583210606561133,0.011383858463000695,0.0022050186886888971,0.011595444835067772,0.0071129770506197509,0.019989699999999999,0.0061590731422147419,0.0022329425573161628,-0.00025088922629246113,0.0065465463438025839,0.3081123349632432,0.0065513521074221474,0.0019181551337246194,0.79329639673233032,0.0056392357275815404,0.019989699999999999,0.0016816684640432735,-5.4210108624275222e-20,0.0016816684640432733,0,0.084126748477629659,0.0016816684640432733,0,0.0140286,497,0,0,1,0,0,0,0,0,0,0,0,1,20,nan,1,0.01138985795570726,0.0056392357275815404,0.27416335608898229,0.27402216196060181,0.019989699999999999,0.0054804432392119296,0.27416335608898229,-0.039716300000000003,0.44800001382827759,0.3887999951839447,0.0089553858764231196
639155411865802238,nan,35.120358061661108,0.0051094135985855771,0.0037583702505330496,314,0,0,0,0,1.8653725761069799,0.8546087115969222,1.2715466819717247,1.8660341904222726,0.84954231506494693,1.2753050522222578,-0.0046461894899196242,-0.0021258011537233766,0.0037583702505330496,0.37429977249256935,0.2625203724770645,0.22981484490720949,0.0078791551993403746,0.0010486858912421141,0.0079486369116838346,0.0068975478476225316,0.030013499999999999,0.012518648540092919,0.0031890617606921551,0.00068370512229942726,0.012900357494644132,0.41710058940453193,0.01291846260914508,0.0031391775970894815,0.75172116359074903,0.011234046221705729,0.030013499999999999,0.0095755498596910016,-4.3368086899420177e-19,0.0095755498596910016,0,0.31904142668102692,0.0095755498596910016,0,0.0038067999999999999,499,0,0,1,0,0,0,0,0,0,0,0,1,20,nan,1,0.0078837788277181207,0.011234046221705729,0.29883481929221206,0.29896730184555054,0.030013499999999999,0.0089690788488268058,0.29883481929221206,-0.076350500000000002,0.47600001096725464,0.30880001187324524,0.014286426329165696
639155411866002154,nan,38.161385568707139,0.0065095356797836915,0.0085230303495353876,320,0,0,0,0,1.8678720212020805,0.85785411315017346,1.275305052222258,1.8695377791078263,0.86414691104664387,1.2838280825717934,0.0065051481013446398,0.00023896222703422487,0.0085230303495353876,0.4245159223378539,0.74990999291471783,0.42633057631883436,0.014991900614353874,0.00090126213471672812,0.015018966591151943,0.0085230303495356097,0.019991600000000002,0.0084867525130092342,0.00066229990768250173,0.0018378307798079252,0.0083117980852265294,0.42451592233784358,0.0085125559842379184,2.2204460492503131e-16,1,0.0084867525130094407,0.019991600000000002,0.0047217207977947595,0,0.0047217207977947595,0,0.23618523768956756,0.0047217207977947595,0,0.0088690000000000001,500,0,0,1,0,0,0,0,0,0,0,0,1,20,nan,1,0.014991900614353874,0.0084867525130094407,0,0.29896730184555054,0.019991600000000002,0,0,-0.089772199999999996,0.47600001096725464,0.30880001187324524,0.0095160018192529689
639155411866302205,nan,38.222399078235604,0.0061015740891904235,0.0045447937402418592,326,0,0,1,2,1.8729192819728779,0.87970654260101244,1.2876447630925665,1.8722946118028008,0.87363702914897234,1.2921895568328083,-0.0060023459815543943,-0.0010959238493607856,0.0045447937402418592,0.4071811933913605,0.32935543857009231,0.2786684350665376,0.009882342869839477,4.204173112287192e-05,0.0098824322969713763,0.0083614742610149673,0.0300051,0.015880462352156375,0.0011608665796717481,0.0033815028650516776,0.015559631554368569,0.52925877108079544,0.015922835668751176,0.003816680520773108,0.64417769511540723,0.012217512425827111,0.0300051,0.0065660817702708485,-2.1684043449710089e-19,0.0065660817702708485,0,0.21883219086991373,0.0065660817702708485,0,0.0138794,496,0,0,1,0,0,0,0,0,0,0,0,1,20,nan,1,0.0098824252029595314,0.012217512425827111,0.36343159955883242,0.36349338293075562,0.0300051,0.010904801487922722,0.36343159955883242,-0.059767099999999997,0.47600001096725464,0.30880001187324524,0.014282427929073572
639155411866602157,nan,40.231204517722176,0.0013708649214427388,0.0020322019563221438,323,0,0,0,0,1.8759391315776814,0.88623049241170915,1.2995261898296058,1.8745869889419471,0.88645628197185655,1.3015583917859279,-0.00014478110568256355,0.0013631981016270307,0.0020322019563221438,0.51208667374597872,0.43191503207531035,0.3123444735530877,0.012955377770105348,0.0013215228787144128,0.013022604804151334,0.0093688349531195758,0.0299952,0.013110156173750175,-4.0576338893234722e-05,0.0036445197748806724,0.012593463262736804,0.4370751378137227,0.013110218966111808,0.007336632996797432,0.63232630491256714,0.015360142196345381,0.0299952,0.012893696608205829,0,0.012893696608205829,0,0.42985866432648656,0.012893696608205829,0,0.0040914999999999997,497,0,0,1,0,0,0,0,0,0,0,0,1,20,nan,1,0.012968516707891901,0.015360142196345381,0.69883876627856101,0.37060421705245972,0.0299952,0.020961808562278694,0.69883876627856101,-0.097278299999999998,0.57400000095367432,0.2720000147819519,0.017217244828605652
639155411866802157,nan,44.874125447722484,0.00303161121767928,0.0061047133895222316,326,0,0,1,2,1.8763921061440052,0.89600629456517689,1.3043947584433717,1.8744654045113875,0.89834691144839962,1.3104994718328939,0.001750823722886926,0.0024749308811631916,0.0061047133895222316,0.52279027099162245,0.57149575939996455,0.44705400234830162,0.011429915187999292,0.0032800748341055347,0.01189125107472672,0.0089410800469660323,0.02,0.0096861183097933443,0.00080018793694307862,0.0018051172020581152,0.0095500125933203339,0.48430591548966723,0.0097191146019451335,0.0028363666574438007,0.57467122872670495,0.010455805419832449,0.02,0.0083278921798153327,0,0.0083278921798153327,0,0.41639460899076663,0.0083278921798153327,0,0.0040702999999999998,496,0,0,1,0,0,0,0,0,0,0,0,1,20,nan,1,0.011443112028758648,0.010455805419832449,0.40519523677766678,0.40519726276397705,0.02,0.0081039047355533356,0.40519523677766678,-0.1097142,0.57400000095367432,0.2720000147819519,0.011480000019073486
639155411867002123,nan,46.157589404587817,0.0067246285360671437,0.0077521553440911273,319,0,0,0,0,1.8742151457934646,0.909752320477627,1.3132349143222797,1.8761103982380793,0.91620434706772025,1.3209870696663708,0.0067219648519684112,-0.00018925505802972246,0.0077521553440911273,0.53117166714086139,0.88411285139374252,0.52446905141258304,0.017679251044180111,0.0030063422586080997,0.017933042442905119,0.010487597833476858,0.0199966,0.01095679364555498,0.0031772090832370096,-0.00025025871792294652,0.011405409029227376,0.54793283085899502,0.011408154300756885,0.002735442489385731,0.59870416919390357,0.010621627359148948,0.0199966,0.0084667701398921658,4.3368086899420177e-19,0.0084667701398921658,0,0.42341048677736043,0.0084667701398921658,0,0.0040568000000000002,496,0,0,1,0,0,0,0,0,0,0,0,1,20,nan,1,0.017690864136209048,0.010621627359148948,0.39084394195379529,0.39077749848365784,0.0199966,0.0078155499696732633,0.39084394195379529,-0.089717599999999995,0.57400000095367432,0.2720000147819519,0.011478048419070243
639155411867302135,nan,37.971737572199707,0.004964140647162163,0.0059913693404116666,317,0,0,1,2,1.8772155102350461,0.93765433959988198,1.3255961595326513,1.8797870030776294,0.93340815108247599,1.331587528873063,-0.0034949485287101849,-0.0035253407135302662,0.0059913693404116666,0.53117166714086139,0.58593383120222808,0.35333450684279866,0.017578718056664284,0.00069062812615282385,0.017592279435147917,0.01060045920669217,0.030001199999999999,0.021057380907976896,0.0042320398689053105,0.0011051119969667234,0.021449992532161732,0.70188462154770126,0.021478441567200211,0.0046090898662805024,0.51839843392372131,0.015935787420226409,0.030001199999999999,0,0,0,0,0,0,0,0.034057999999999998,496,0,0,1,0,0,0,0,0,0,0,0,1,20,nan,1,0.017582884348406012,0.015935787420226409,0.43894338191048787,0.43896093964576721,0.030001199999999999,0.013168828189372928,0.43894338191048787,-0.059716400000000003,0.57400000095367432,0.2720000147819519,0.017220688828611372
639155411867502083,nan,41.053437144280331,0.00085136428673079857,0.0098846057847552515,322,0,0,0,0,1.8821934162388512,0.94469381739239888,1.331587528873063,1.8823890825230898,0.94552239198405186,1.3414721346578182,0.00085134154540634425,6.2226831655683959e-06,0.0098846057847552515,0.56826077548869924,0.6194519594520056,0.49435882253162078,0.012385818038850962,0.00034228872370477541,0.012390546802377261,0.0098846057847552515,0.0199948,0.011534476493444617,0.00033606604053920729,0.0024064131612218098,0.011285666309922893,0.57687381186331532,0.011539371229032808,0,0.51839843392372131,0.011362260553741444,0.0199948,0.0033560344878811326,0,0.0033560344878811321,0,0.16784536418874571,0.0033560344878811326,0,0.014089000000000001,496,0,0,1,0,0,0,0,0,0,0,0,1,20,nan,1,0.012385818038850962,0.011362260553741444,0,0.43896093964576721,0.0199948,0,0,-0.073056999999999997,0.57400000095367432,0.2720000147819519,0.011477015219068527
639155411867802195,nan,66.733482282332261,0.0054474051733973379,0.0060777389898538656,323,0,0,1,2,1.8862772246140798,0.96363051161570368,1.3460698090425316,1.8819434079230004,0.96033016981351438,1.3521475480323855,-0.0041831016848035514,0.0034893958528303681,0.0060777389898538656,0.6240307159857027,0.47711531943857716,0.35571431247558355,0.014318803274735026,0.0038001030085149093,0.014814483119430342,0.010675413374567233,0.030011199999999998,0.018517903796548683,0.00032997650781492168,0.0038881420909899767,0.01810811963165182,0.6170331008606349,0.018520843542180844,0.0045976743847133683,0.52021041512489319,0.018727910623590121,0.030011199999999998,0.015952854695092888,4.3368086899420177e-19,0.015952854695092888,0,0.53156337284390121,0.015952854695092888,0,0.0039969999999999997,495,0,0,1,0,0,0,0,0,0,0,0,1,20,nan,1,0.014343453720031544,0.018727910623590121,0.437710339065145,0.43787375092506409,0.030011199999999998,0.013136212527751878,0.437710339065145,-0.043045800000000002,0.57400000095367432,0.2720000147819519,0.01722642882862091
639155411868102933,nan,41.956254080073862,0.0023967069118026527,0.0036962176478065882,323,0,0,0,0,1.8820375074142728,0.97760223348216135,1.3595492420061219,1.8800302380506781,0.976292625249499,1.3632454596539285,-0.0017013789724611215,0.0016880502401142412,0.0036962176478065882,0.63516413916316194,0.50434016066646103,0.36902259180891855,0.015167425123851018,0.0053300485568641472,0.016076697499989127,0.011097911621543055,0.030073800000000001,0.016881251808643936,0.0036546375280194859,9.4099491272370273e-05,0.017272063668646975,0.56132752790282359,0.017272319997268824,0.0074016939737364673,0.52887573838233948,0.019101799288365102,0.030073800000000001,0.010183840708858581,0,0.010183840708858583,0,0.33862833126703579,0.010183840708858583,0,0.0140404,495,0,0,1,0,0,0,0,0,0,0,0,1,20,nan,1,0.015222935301022651,0.019101799288365102,0.70319337987943531,0.43267455697059631,0.030073800000000001,0.021147697067818161,0.70319337987943531,-0.012971999999999999,0.57400000095367432,0.2720000147819519,0.017262361228680613
639155411868301960,nan,46.017363392166651,0.0072457176845139477,0.0083604956756471172,326,0,0,1,2,1.8789596768878576,0.98778518885294886,1.3667795476859805,1.8809068316568884,0.99476437312255506,1.3751400433616277,0.0072289427922596974,-0.00049275842957247898,0.0083604956756471172,0.62703346768121337,0.91726003480588358,0.59763668787145141,0.018255951294731058,0.0029485807027461565,0.018492535949301264,0.011894583707699136,0.019902699999999999,0.011025312198326899,0.003415788388074434,-0.0010705611628205602,0.011492563603449857,0.55396062837338145,0.011542318631136469,0.0035340880320520185,0.39487948020299279,0.012479658997218885,0.019902699999999999,0.0037985060438661118,-1.0842021724855044e-19,0.0037985060438661122,0,0.19085380595929757,0.0037985060438661122,0,0.013844800000000001,495,0,0,1,0,0,0,0,0,0,0,0,1,20,nan,1,0.018270605056983719,0.012479658997218885,0.50733791783483106,0.51307231187820435,0.019902699999999999,0.010097394377291291,0.50733791783483106,-0.0274106,0.57400000095367432,0.26399999856948853,0.011424149818980694
639155411868602187,nan,53.97407412570989,0.0055119128925175216,0.0088568893879488186,323,0,0,0,0,1.8818260802723283,1.0205947831882543,1.3789917712049122,1.8848957162040008,1.0160167356806713,1.387848660592861,-0.0039089277468177088,-0.0038860606795133174,0.0088568893879488186,0.69989142127318005,0.72020018493869653,0.42330027716472535,0.021622354092359002,0.00021890120250610962,0.021623462124086716,0.012708617231233399,0.030022699999999999,0.025516284832053517,0.0041199891442427489,0.00091924861543990488,0.025830410065699194,0.84989973693417042,0.025846761928318262,0.0038517278432845807,0.31210591395696008,0.021012630173458301,0.030022699999999999,0.01479454502180255,0,0.014794545021802552,0,0.49277863156220297,0.01479454502180255,0,0.0087901000000000003,496,0,0,1,0,0,0,0,0,0,0,0,1,20,nan,1,0.021623231252330125,0.021012630173458301,0.36655386407948171,0.56273645162582397,0.030022699999999999,0.011004936695099055,0.36655386407948171,-0.029978500000000002,0.57400000095367432,0.26399999856948853,0.017233029828631879
639155411868802181,nan,69.535630327324611,0.0038033942930072789,0.0079801496932572196,350,0,0,1,2,1.8876164112097349,1.0305172096497315,1.3931790389762591,1.8860785277494247,1.0339958189423346,1.4011591886695163,0.0031521612766252766,0.0021283062360065684,0.0079801496932572196,0.76464018278826218,0.89473836471288559,0.66554637022386798,0.017894230451238884,0.0021078412273615736,0.018017948775646192,0.013310528076655226,0.019999400000000001,0.014753458579413417,-3.7236905767915485e-05,0.0027206950057341306,0.014500473969060179,0.73769505982246553,0.01475350557127419,0.0053303783833980045,0.39320300022761023,0.015292344871655572,0.019999400000000001,0.012420738665193998,0,0.012420738665193998,0,0.62105556492664771,0.012420738665193998,0,0.0037555000000000002,495,0,0,1,0,0,0,0,0,0,0,0,1,20,nan,1,0.01790976233970416,0.015292344871655572,0.76150547136386848,0.51407819986343384,0.019999400000000001,0.015229652523994552,0.76150547136386848,-0.0099790999999999994,0.57400000095367432,0.26399999856948853,0.011479655619072915
639155411869002029,nan,57.869068197794618,0.0013182137188756258,0.0087345187335874375,334,0,0,0,0,1.8870806319944402,1.0509117982953666,1.4046837963130014,1.8866924317449298,1.0496520411858761,1.4134183150465889,-0.0013066053397033199,0.0001745562800092828,0.0087345187335874375,0.75755776445267409,0.77734760565443384,0.61342251996880637,0.01553513642948273,0.0020380650559337216,0.015668253669597631,0.012259126377072603,0.0199848,0.016842348894432372,0.0018681151217995837,0.001002104245015456,0.016915979353032018,0.8427579407565936,0.016945635732839401,0.0035246076434851674,0.38485477368036902,0.015139640411033802,0.0199848,0.012504551483161652,0,0.012504551483161652,0,0.62570310852055822,0.012504551483161652,0,0.0034784,495,0,0,1,0,0,0,0,0,0,0,0,1,20,nan,1,0.015545201428102222,0.015139640411033802,0.50389834037941694,0.51908713579177856,0.0199848,0.010070307552814572,0.50389834037941694,-0.023323099999999999,0.57400000095367432,0.26399999856948853,0.011471275219058991
639155411869302181,nan,57.310612895566486,0.0043297080592171831,0.010287364393679166,334,0,0,1,2,1.8876232266601201,1.0732214190600684,1.4151645366932557,1.885329861583263,1.0695489745741296,1.4254519010869349,-0.0039835399917008772,0.0016964023734273664,0.010287364393679166,0.78299518719365191,0.6475880567184098,0.40091640370032483,0.019437485040014413,0.0044641607297763392,0.019943534182838844,0.012033586040345989,0.030015199999999999,0.023423981251272877,0.0027747170829884003,0.00093079491519021396,0.023569377874192332,0.78040397036411147,0.023587750052741593,0.0017462216466668234,0.41846588253974915,0.0235017571426549,0.030015199999999999,0.012526435304242689,-2.1684043449710089e-19,0.012526435304242689,0,0.41733639303561826,0.012526435304242687,0,0.014017099999999999,495,0,0,1,0,0,0,0,0,0,0,0,1,20,nan,1,0.019448560854221239,0.0235017571426549,0.16622260403933661,0.49892047047615051,0.030015199999999999,0.0049892047047614962,0.16622260403933661,-0.027591399999999999,0.58799999952316284,0.25920000672340393,0.017648937585687637
639155411869602154,nan,50.336201744908912,0.0025616303886851453,0.0040240897827947819,330,0,0,0,0,1.8842129821070306,1.0911069739496639,1.4349926724738276,1.886623041491545,1.0919750545976161,1.4390167622566223,0.0011863778657229421,-0.0022703431035766128,0.0040240897827947819,0.83005975025567047,0.74596435886383372,0.45220273723593352,0.022376916662146081,0.0019684969368471295,0.022463334113506109,0.013564861169687468,0.029997300000000001,0.021168932295913368,0.0042274179224445823,-0.0011168794762324019,0.021557999375534376,0.7056945890434595,0.021586911702232207,0.009540771386892688,0.31439840793609619,0.024899551346344424,0.029997300000000001,0.021460905418413834,0,0.021460905418413834,0,0.71542790245834897,0.021460905418413837,0,0.0040901000000000002,496,0,0,1,0,0,0,0,0,0,0,0,1,20,nan,1,0.022401667376498787,0.024899551346344424,0.90872667939090801,0.56136095523834229,0.029997300000000001,0.027259346819692887,0.90872667939090801,0.0024058999999999999,0.58799999952316284,0.25920000672340393,0.017638412385696172
639155411869802219,nan,61.202882493095167,0.010354154385278916,0.010873089666237679,346,0,0,1,2,1.8875574935634951,1.1074749865697651,1.4433284361660479,1.889672285900571,1.1176108716522448,1.4542015258322856,0.010322490984096393,-0.00080913096433102749,0.010873089666237679,0.86687214200780294,1.2902912137471572,0.75899150654353487,0.025814211167832498,0.00034570118154215968,0.025816525860858346,0.015184763575663229,0.0200065,0.015488327435827693,0.0011103175476429332,0.00093445207195008706,0.015499931972148939,0.7741647682417061,0.015528074311260128,0.0043116739094255507,0.22799362738927209,0.017343077509079111,0.0200065,0.013992183244147858,2.1684043449710089e-19,0.01399218324414786,0,0.69938186310188477,0.01399218324414786,0,0.0038655,495,0,0,1,0,0,0,0,0,0,0,0,1,20,nan,1,0.025815850820359702,0.017343077509079111,0.6157532958111146,0.61320382356643677,0.0200065,0.012319068312645065,0.6157532958111146,-0.0097572000000000006,0.58799999952316284,0.25920000672340393,0.011763821990460157
639155411870102112,nan,61.661726611508882,0.012595098426903598,0.0075355085216386453,333,0,0,0,0,1.8940095665333769,1.15404507759577,1.4610791279624602,1.8904621599578808,1.1419598630353447,1.4686146364840988,-0.012400978521064939,0.0022027791771931067,0.0075355085216386453,0.88553812049317904,0.80947408419831401,0.48060843873692538,0.024275561153248498,0.0020480266344887364,0.024361799654390948,0.014413110651813277,0.0299893,0.036691396102905095,-6.94121217153865e-05,0.0043372806328059177,0.0364342059435252,1.2234829123355695,0.036691461759146636,0.0068776021301746315,0.16529371341069543,0.026556668356906094,0.0299893,0.014177996631968172,0,0.014177996631968171,0,0.47276850850030416,0.014177996631968171,0,0.0139787,495,0,0,1,0,0,0,0,0,0,0,0,1,20,nan,1,0.024294511297079734,0.026556668356906094,0.65524343017338915,0.65082377195358276,0.0299893,0.01965029180049882,0.65524343017338915,-0.046296900000000002,0.58799999952316284,0.25920000672340393,0.017633708385699987
639155411870302107,nan,44.296054314952443,0.0053723632945939844,0.011587009631782941,312,0,0,1,2,1.891022572499736,1.1585261281115609,1.4732119688034711,1.8881691322036267,1.1630780689993185,1.484798978435254,0.0042522752669421314,0.0032833584061526034,0.011587009631782941,0.91654076582185873,1.038733733313103,0.80923732849096941,0.020774155299395403,0.0044352081140801129,0.021242330366948919,0.016184341951155142,0.0199995,0.016537019605825033,0.0011323353518664842,0.00056041254185523748,0.016566265076216169,0.82687165208255364,0.016575741334628993,0.004597332319372204,0.15539159377415979,0.018330357046054263,0.0199995,0.0057321376035264215,-1.0842021724855044e-19,0.0057321376035264215,0,0.28661404552745928,0.0057321376035264215,0,0.0137454,495,0,0,1,0,0,0,0,0,0,0,0,1,20,nan,1,0.020802835810405203,0.018330357046054263,0.65677817936476901,0.65676504373550415,0.0199995,0.013135235198205697,0.65677817936476901,-0.026297399999999999,0.58799999952316284,0.25920000672340393,0.011759705990463495
639155411870502144,nan,50.247125352437621,0.0011598826705666279,0.010856024643416395,334,0,0,0,0,1.885846347319333,1.1838611252764464,1.489291026341176,1.8861219173388728,1.1849877969117562,1.5001470509845924,0.0011453669601509415,-0.00018292713323988955,0.010856024643416395,0.94776904090743763,1.0824458738507332,0.76726168405537254,0.021652922526747911,0.0039215063368774582,0.022005164527890201,0.015348072549338454,0.020003699999999999,0.020506745407785625,0.0040992865985717145,-0.002322784884293716,0.020783056277127843,1.0251476180799364,0.020912454610517783,0.0044920479059220586,0.18046478430430091,0.018958887563600108,0.020003699999999999,0.0056288951108531826,0,0.0056288951108531826,0,0.28139269789354882,0.0056288951108531826,0,0.0140646,496,0,0,1,0,0,0,0,0,0,0,0,1,20,nan,1,0.021677641650134923,0.018958887563600108,0.64160243296731745,0.64172112941741943,0.020003699999999999,0.012834422588348326,0.64160243296731745,-0.0062937000000000002,0.58799999952316284,0.25920000672340393,0.011762175590461492
639155411870802060,nan,86.69692554013281,0.005988594625555772,0.013809802644352942,332,0,0,1,2,1.8829818799948912,1.2168388666076653,1.5020477664251046,1.8852191932441698,1.2112838963094694,1.5158575690694576,-0.0053881571288040206,-0.0026136236042234324,0.013809802644352942,0.99599128789796587,0.87247018506912666,0.52383060873261589,0.02616677680251922,0.0027567274244501474,0.026311589733909534,0.015710518084865122,0.0299916,0.031549956446627801,0.0053805876548150338,-0.0031400373439816054,0.031851069695909118,1.0519597636214073,0.032005475707998145,0.0019007154405121798,0.34489740928014123,0.029871372310120634,0.0299916,0.025543463768058494,2.1684043449710089e-19,0.025543463768058494,0,0.85168726470273326,0.025543463768058494,0,0.0041222000000000003,496,0,0,1,0,0,0,0,0,0,0,0,1,20,nan,1,0.026174165694315788,0.029871372310120634,0.18107121808503437,0.54306155443191528,0.0299916,0.0054306155443191173,0.18107121808503437,-0.0099073000000000008,0.57400000095367432,0.24960000813007355,0.017215178428602217
639155411871103021,nan,37.235716785245515,0.0022156223126194542,0.0039953938363395114,309,0,0,0,0,1.8843332562316781,1.2380340665518108,1.5273225737900025,1.8838645899529052,1.2358685795046738,1.531317967626342,-0.0021838092844034011,0.00037411126891699457,0.0039953938363395114,0.98825492891033972,0.81316875491866503,0.51370106282489791,0.024473208164907636,0.0027025321464075442,0.024621973882799648,0.015460398556884412,0.030096100000000001,0.026661163017520167,0.0023534823002444934,-0.00088593701249162216,0.026750170242341387,0.88586770437100382,0.026764836864519637,0.011465004720544902,0.10538538297017419,0.029742619165978475,0.030096100000000001,0.015707225014608191,-1.0842021724855044e-19,0.015707225014608195,0,0.52190233999116797,0.015707225014608191,0,0.0142022,495,4,0.012944983818770227,1,0,0,0,0,0,0,0,0,1,20,nan,1,0.02451418732855511,0.029742619165978475,1.088418643758287,0.68676877021789551,0.030096100000000001,0.032757156344413785,1.088418643758287,-0.046184500000000003,0.57400000095367432,0.24960000813007355,0.017275161428701877
639155411871302224,nan,46.573219767852805,0.0082016434371584637,0.012112030125501994,312,0,0,1,2,1.8829851940138289,1.2525764375142403,1.5361467330186458,1.8822722777397976,1.260747037581341,1.5482587631441478,0.0081409984529795566,0.00099553968221711498,0.012112030125501994,1.0326143790123006,1.2447718157887904,0.85042873439686195,0.024796228002057441,0.0025729771329109511,0.024929362897123948,0.016940795517805807,0.019920299999999998,0.016660131669505546,0.0015381382383384315,-0.00087939593907626623,0.016707858009566534,0.83633939596821072,0.016730984922756351,0.0048287653923038123,0.10029395421346032,0.020569988214238728,0.019920299999999998,0.0060023808623226324,0,0.0060023808623226316,0,0.30131980252921053,0.0060023808623226316,0,0.0141075,496,5,0.016025641025641024,1,0,0,0,0,0,0,0,0,1,20,nan,1,0.024813386895339812,0.020569988214238728,0.69258357301036577,0.68982362747192383,0.019920299999999998,0.013796472549438388,0.69258357301036577,-0.026264200000000001,0.57400000095367432,0.24960000813007355,0.011434252218997477
639155411871602142,nan,54.177631782570145,0.0094304407064861578,0.0099457369400663964,332,0,0,0,0,1.8798452499416749,1.2968880401354939,1.5553801371253853,1.8799517653771523,1.287458200986253,1.5653258740654517,-0.0094270766316997164,-0.00025186920933745871,0.0099457369400663964,1.0175213006383934,0.88864574871925028,0.56905924023579324,0.02665208556643801,0.0029218766278481137,0.026811770327024257,0.017067110921303863,0.029991799999999999,0.03607712951724603,0.0032408726213783183,-0.0024270277981226496,0.036141002554152868,1.2028997765137814,0.036222403696498998,0.0071213739812374666,0.19379844268163049,0.030517295344486568,0.029991799999999999,0.021482279071647351,0,0.021482279071647348,0,0.71627174999991172,0.021482279071647351,0,0.0089628999999999993,496,8,0.024096385542168676,1,0,0,0,0,0,0,0,0,1,20,nan,1,0.026680431242801349,0.030517295344486568,0.6784115259349397,0.63372093439102173,0.029991799999999999,0.020346782803535524,0.6784115259349397,-0.0299099,0.56000000238418579,0.24000000953674316,0.016795408071506025
639155411871802218,nan,46.863727708508428,0.0067004403455300857,0.016249176227379092,303,0,0,1,2,1.8784078058832732,1.3060193939414686,1.5653258740654517,1.8747890791214958,1.3116586064261693,1.5815750502928307,0.0056193321308334928,0.0036495215066347599,0.016249176227379092,1.0815743420643709,1.2081309723142253,0.81215019429512247,0.024171801241674094,0.0052949955206475037,0.024744958129499318,0.016249176227379092,0.0200076,0.018552469110840599,0.0016454740140127431,-0.0015439594938790879,0.018561192955215633,0.92727109252686968,0.018625297174528137,0,0.19379844268163049,0.021639706806287108,0.0200076,0.017260953082439467,0,0.017260953082439467,0,0.86271982059014907,0.017260953082439467,0,0.0040485,495,11,0.036303630363036306,1,0,0,0,0,0,0,0,0,1,20,nan,1,0.024171801241674094,0.021639706806287108,0,0.63372093439102173,0.0200076,0,0,-0.0099022999999999993,0.56000000238418579,0.24000000953674316,0.011204256047701837
639155411872102092,nan,37.790367946345,0.0066309894797679635,0.0052374947979070274,307,0,0,1,2,1.8670559398718463,1.3474944116638645,1.5938358074889001,1.8711343594315082,1.3422659783061406,1.5990733022868071,-0.0053210021026079734,-0.0039568874263535645,0.0052374947979070274,1.0922505807580019,1.0219287551337364,0.58352014492674809,0.03064498635169741,0.0033246053774127282,0.030824798286626987,0.017498251993976366,0.029987400000000001,0.035917075295892484,0.0073464332759297065,-0.0077331392496495788,0.035835805237695251,1.1977388935316995,0.036660692569678729,0.012260757196069338,0.1210848490397135,0.032753755065422503,0.029987400000000001,0.017298846247928882,0,0.017298846247928878,0,0.57687049387172218,0.017298846247928882,0,0.0141496,496,11,0.035830618892508145,1,0,0,0,0,0,0,0,0,1,20,nan,1,0.030698514420670227,0.032753755065422503,1.1681817978855271,0.67734909057617188,0.029987400000000001,0.035030734845912459,1.1681817978855271,-0.0128735,0.56000000238418579,0.24000000953674316,0.016792944071495532
639155411872302144,nan,46.723600835518688,0.003787802213955574,0.011316041644005681,299,0,0,0,0,1.868695751111779,1.362701427134555,1.604168908315841,1.866019559165458,1.3653819946637349,1.6154849499598467,0.0027683698112453904,0.0025852609539912808,0.011316041644005681,1.0974485223907102,1.162267167769486,0.82036908768918071,0.023251387144662124,0.0044591916145412611,0.023675121837197673,0.016411647673039598,0.020005200000000001,0.020496226688273212,0.0018598577630328452,-0.0024386083197291963,0.020435448828414415,1.0245449527259518,0.020580436811588731,0.0050956060290339167,0.011293888092041016,0.021954677180130638,0.020005200000000001,0.0010491607874056896,-3.3881317890172014e-21,0.0010491607874056896,0,0.052444403825289906,0.0010491607874056896,0,0.019049199999999999,496,12,0.040133779264214048,1,0,0,0,0,0,0,0,0,1,20,nan,1,0.023283231218059582,0.021954677180130638,0.72775450226278871,0.74322366714477539,0.020005200000000001,0.01455887436866754,0.72775450226278871,0.0071317000000000004,0.56000000238418579,0.24000000953674316,0.011202912047696113
639155411872602153,nan,83.822559385365594,0.0051130631967374772,0.011961145555271058,327,0,0,1,2,1.8583495272263357,1.4000390049450384,1.6230880495444262,1.8620416219138767,1.3965017953001257,1.6350491950996973,-0.0037253526472703882,-0.0035021654597272782,0.011961145555271058,1.1466798154250699,1.0421834320081065,0.65212194100345511,0.031266440925332005,0.0025837275957336474,0.031373013505658513,0.019564245139850556,0.0300009,0.034965058840949866,0.0061141157851686053,-0.0076700319391223015,0.034657010281303524,1.1654669973550749,0.035495601862562273,0.007603099584579498,0.013359288374582889,0.03440142647458598,0.0300009,0.029756259187729395,2.1684043449710089e-19,0.029756259187729395,0,0.9918455508911197,0.029756259187729398,0,0.0039595999999999998,495,17,0.051987767584097858,0,0,0,0,0,0,0,0,0,1,20,nan,1,0.031292659422787812,0.03440142647458598,0.72408299985089841,0.74198442697525024,0.0300009,0.02172314167022682,0.72408299985089841,-0.030540000000000001,0.50399994850158691,0.21279999613761902,0.015120452055001258
639155411872802266,nan,65.252670868996631,0.0068721895598604192,0.017251913028976107,326,0,0,0,0,1.859385971843234,1.4172947575753998,1.6350491950996973,1.8598060398895386,1.4241540966239619,1.6523011081286734,0.0068182127556374525,-0.00085963024930330902,0.017251913028976107,1.1760954376408437,1.3861560413377243,0.86210856011234194,0.027738784390021601,0.00045545148552381012,0.027742523235851708,0.017251913028976107,0.020011299999999999,0.020920571634384148,0.0013150817348271191,-0.0026556500706427233,0.020792962275274052,1.0454379093004527,0.020961864360754617,0,0.013359288374582889,0.023535198631262213,0.020011299999999999,0.018708620564727774,0,0.018708620564727774,0,0.9349028081497841,0.018708620564727774,0,0.0041038999999999997,496,19,0.058282208588957052,0,0,0,0,0,0,0,0,0,1,20,nan,1,0.027738784390021601,0.023535198631262213,0,0.74198442697525024,0.020011299999999999,0,0,-0.0105287,0.50399994850158691,0.21279999613761902,0.010085694169449806
639155411873102295,nan,48.861569610106947,0.0095165263087610523,0.0052999990530191443,316,0,0,1,2,1.8564671500756997,1.4654550448876025,1.6642005941653368,1.8522399211373344,1.4569289198305799,1.669500593218356,-0.0080946922593481442,0.0050040214040100277,0.0052999990530191443,1.1174128789196647,1.1092932255662316,0.5732607544498235,0.033282013717341088,0.00487265349847971,0.033636813005954162,0.017199485089682609,0.030002899999999999,0.041435676765861199,-3.4693226232030208e-05,-0.0033388898138388967,0.041300948263640613,1.3810557234754375,0.0414356912898153,0.011899486036663465,0.019658207893371582,0.033525626864938804,0.030002899999999999,0.012360933007897311,0,0.012360933007897312,0,0.41199127444004785,0.012360933007897311,0,0.018940800000000001,496,23,0.072784810126582278,0,0,0,0,0,0,0,0,0,1,20,nan,1,0.033360032540069619,0.033525626864938804,1.1331748442092227,0.73820507526397705,0.030002899999999999,0.033998531533324883,1.1331748442092227,-0.013417399999999999,0.50399994850158691,0.21279999613761902,0.015121460054898261
639155411873302140,nan,51.455765433932378,0.002071926766656268,0.012019826008889289,326,0,0,0,0,1.8471932197082417,1.4788306342009385,1.6745219882939599,1.8451339533935234,1.4786019362091389,1.6865418143028492,-1.425286408540796e-05,0.0020718777430756047,0.012019826008889289,1.160472851979867,1.1142524475467281,0.85272191370778561,0.022267778037997586,0.0049356334721939879,0.022808209410678636,0.017041221084493241,0.019984499999999999,0.022292434395370399,0.0028638534186101621,-0.0050467014290926926,0.021901714370358594,1.1154862215902526,0.022475637647799415,0.0050213950756039516,0.073406100273132324,0.023191469710391651,0.019984499999999999,0.0068202149983709326,0,0.0068202149983709326,0,0.34127523822817346,0.0068202149983709326,0,0.014107400000000001,496,25,0.076687116564417179,0,0,0,0,0,0,0,0,0,1,20,nan,1,0.022302610188853104,0.023191469710391651,0.71789852501456042,0.70595633983612061,0.019984499999999999,0.014346843073153481,0.71789852501456042,-0.026621200000000001,0.50399994850158691,0.21279999613761902,0.010072186970829964
639155411873602177,nan,49.265713011372462,0.0030933351900169766,0.013408588723264669,301,0,0,1,2,1.8344654190596654,1.511140687817504,1.692012429749417,1.8375496119251238,1.510903038987393,1.7054210184726817,-0.00060884402402541023,-0.0030328256712521266,0.013408588723264669,1.1713470250675666,1.0985601613717637,0.62922920072632582,0.032960869513749991,0.003803229824525902,0.033179564135181409,0.018879204169832464,0.030003700000000001,0.033553113086960733,0.0068393408481526603,-0.010668534333857949,0.032538751608365057,1.11829917933324,0.034243072015571058,0.0054706154465677947,0,0.035144744736019751,0.030003700000000001,0.030460157639811136,0,0.030460157639811136,0,1.0152133783437087,0.030460157639811136,0,0.0041257000000000004,495,30,0.099667774086378738,0,0,0,0,0,0,0,0,0,1,20,nan,1,0.032989585512368962,0.035144744736019751,0.52094674481267045,0.78151649236679077,0.030003700000000001,0.015630329847335922,0.52094674481267045,-0.030374600000000002,0.47600001096725464,0.20320001244544983,0.014281761529058218
639155411873802892,nan,41.012964692144678,0.011866781575930083,0.020157003633998194,328,0,0,1,2,1.8324759340192993,1.5325114267666911,1.7054210184726819,1.832334863407761,1.5443773697993115,1.7255780221066801,0.011777511574577588,-0.0014528338107039553,0.020157003633998194,1.1948791352566603,1.6875351994185985,1.0042599523701974,0.033871362755130398,0.00067469290455848905,0.033878081784615488,0.020157003633998416,0.020071499999999999,0.022093851180552803,0.002127526715262442,-0.0050736779058244696,0.021608387779298077,1.1007573514960418,0.022196049871825614,2.2204460492503131e-16,0,0.023983016563304056,0.020071499999999999,0.019115676405836002,0,0.019115676405836002,0,0.95237906513394632,0.019115676405836002,0,0.0040734999999999999,495,31,0.09451219512195122,0,0,0,0,0,0,0,0,0,1,20,nan,1,0.033871362755130398,0.023983016563304056,0,0.78151649236679077,0.020071499999999999,0,0,-0.010303100000000001,0.47600001096725464,0.20320001244544983,0.0095540342201292511
639155411874102272,nan,39.372727869272175,0.011527535228373494,0.0052608027515197433,322,0,0,1,2,1.8250276544128867,1.5912883197592136,1.7387462221525043,1.8264608228240149,1.5798502212832108,1.744007024904024,-0.011516729634510621,0.00049900597889884638,0.0052608027515197433,1.197889031850621,1.2009602829985875,0.61557227594842479,0.035954348952411709,0.00033516650561485079,0.035955911129858402,0.018429002797343941,0.029937999999999999,0.047476650912949475,-1.2145992835170712e-05,-0.007307208994874248,0.046910949959902082,1.5858324174276663,0.047476652466609398,0.013168200045824197,0.20824790000915527,0.035862401835543893,0.029937999999999999,0.018985223476897236,0,0.018985223476897239,0,0.63415136204480049,0.018985223476897236,0,0.0140891,495,32,0.099378881987577633,0,0,0,0,0,0,0,0,0,1,20,nan,1,0.035954292051482969,0.035862401835543893,1.2567114938324027,0.62505125999450684,0.029937999999999999,0.037623428702354467,1.2567114938324027,-0.046938000000000001,0.47600001096725464,0.20320001244544983,0.014250488328337668
639155411874302145,nan,34.955120794624136,0.0058465781068452504,0.0099895835398728927,294,0,0,0,0,1.8225395426765194,1.6035306299805832,1.7486744561074807,1.8168592322621677,1.6021462351105948,1.7586640396473536,-0.00035746787929326665,0.0058356398342183317,0.0099895835398728927,1.2001987943507773,1.1816094189570747,0.73331639307608287,0.02361718193952074,0.0056152908334142961,0.024275559188374037,0.01465701474332959,0.0199873,0.024001883273677794,-0.00021861698578716634,-0.0039212801474954873,0.023680408697372313,1.200856707693275,0.024002878870454863,0.0046674312034566956,0.13870129982630408,0.023988733362327288,0.0199873,0.0070095210186469359,0,0.0070095210186469359,0,0.35069874463519013,0.0070095210186469359,0,0.014147,495,33,0.11224489795918367,0,0,0,0,0,0,0,0,0,1,20,nan,1,0.023654098071006203,0.023988733362327288,0.66719955792739916,0.66677922010421753,0.0199873,0.013335517724162305,0.66719955792739916,-0.0602269,0.47600001096725464,0.20320001244544983,0.0095139550192058081
639155411874602166,nan,59.032395210349904,0.0046660174876078531,0.010741405245328961,341,0,0,1,2,1.8023959571655086,1.6358806903305287,1.76506534916736,1.806631551890415,1.6339232796630889,1.775806754412689,-0.0027382687544285967,-0.0037780422738744423,0.010741405245328961,1.2225236817892513,1.1041922460716438,0.57138382864317339,0.033128086185866067,0.0041128958094947569,0.033382420617413734,0.017142714765335354,0.0300021,0.035842114584982016,0.0079083890637970753,-0.014463275096659123,0.033734455219933901,1.1946535270858378,0.036704220404571539,0.006401309520006393,0.23391912380854285,0.036678277753409295,0.0300021,0.031701593779945192,0,0.031701593779945192,0,1.0566458274569177,0.031701593779945192,0,0.0041145000000000001,496,33,0.096774193548387094,0,0,0,0,0,0,0,0,0,1,20,nan,1,0.033164311798842792,0.036678277753409295,0.60960585330513994,0.60964852571487427,0.0300021,0.018289455771446139,0.60960585330513994,-0.063576400000000005,0.47600001096725464,0.18559999763965607,0.01428099992904067
639155411874802027,nan,52.807520244675899,0.00606905368145641,0.01403968603127459,337,0,0,0,0,1.7997205594866972,1.6555618991725312,1.775806754412689,1.7980196006932538,1.6613877168637576,1.7898464404439636,0.0060500951537418119,0.00047933414135595351,0.01403968603127459,1.2090901860604331,1.433120968687766,0.70247251996510529,0.028642498992290558,0.0028404692655256232,0.028782998700131322,0.01403968603127459,0.0199861,0.022592403838548745,0.0023611351241696688,-0.0069109924037178416,0.021638619509442236,1.1304058239751,0.022715450034693566,0,0.23391912380854285,0.024164997367622419,0.0199861,0.019290308464482653,-4.3368086899420177e-19,0.019290308464482653,0,0.96518622765235107,0.019290308464482653,0,0.0040317,495,31,0.091988130563798218,0,0,0,0,0,0,0,0,0,1,20,nan,1,0.028642498992290558,0.024164997367622419,0,0.60964852571487427,0.0199861,0,0,-0.043590299999999998,0.47600001096725464,0.18559999763965607,0.009513383819192648
639155411875102149,nan,59.565482123546083,0.0062720083138300122,0.0079498326988622914,331,0,0,1,2,1.7855082590971074,1.7007394734314569,1.7977403790449806,1.7886723669184297,1.6953240777872034,1.8056902117438429,-0.0059884643580446605,-0.0018645060796847904,0.0079498326988622914,1.2218368008944365,1.1714104757718138,0.5279110261786657,0.035156605480958829,0.0017494179099933503,0.035200104715292967,0.01584377129987935,0.030012199999999999,0.041130165112935262,0.003661137976314368,-0.012511341596146419,0.039351756567699292,1.3704481881679871,0.041292788880129279,0.0078939386010170587,0.30274639527002967,0.036670010435804007,0.030012199999999999,0.019423295256458587,0,0.019423295256458584,0,0.64717998868655369,0.019423295256458587,0,0.0141154,496,33,0.099697885196374625,0,0,0,0,0,0,0,0,0,1,20,nan,1,0.035174097901309417,0.036670010435804007,0.75149806707339684,0.56835216283798218,0.030012199999999999,0.022554110288620199,0.75149806707339684,-0.046625100000000003,0.47600001096725464,0.18559999763965607,0.014285807529151439
639155411875302035,nan,67.466237305467686,0.001668331030697191,0.010424968960728753,328,0,0,0,0,1.7824266785088654,1.7180109860149562,1.8118526636887637,1.7834969040395392,1.719290808557921,1.8222776326494925,0.00098732479457486829,-0.0013448115771381676,0.010424968960728753,1.1882260045775246,1.2263548999644052,0.82984405639462355,0.024513117553428509,-0.00054467206522131224,0.024519168008862727,0.016587420905649571,0.019988599999999999,0.02351752422175955,0.00079402967374949188,-0.0062456884095642984,0.022686908227752767,1.176546842788367,0.023530924942378316,0.0061624519449208215,0.27182976404825843,0.023750974315098306,0.019988599999999999,0.0070744599860534932,-2.1684043449710089e-19,0.007074459986053494,0,0.35392473640242406,0.007074459986053494,0,0.0140348,496,37,0.11280487804878049,0,0,0,0,0,0,0,0,0,1,20,nan,1,0.024507372695795261,0.023750974315098306,0.8808523636931701,0.58690214157104492,0.019988599999999999,0.017607005556917299,0.8808523636931701,-0.059952600000000002,0.47600001096725464,0.18559999763965607,0.0095145738192200652
639155411875602411,nan,59.499415209365026,0.010568771186419374,0.0074175953986395102,331,0,0,1,2,1.7757454431506459,1.7552056957137199,1.828910485561442,1.7743051855074043,1.7447355198645771,1.8363280809600815,-0.00975569432929441,0.0040651386869652185,0.0074175953986395102,1.2101888074812079,0.89659634353762208,0.46776201529379818,0.026931602328645679,0.0025709568383673513,0.027054038941589871,0.014050448310588992,0.030037600000000001,0.036714045328389365,-0.0014293848154984965,-0.0077514608888933356,0.035914887155798825,1.2222695997146698,0.036741859851207946,0.0066328529119494828,0.19716620445251465,0.036351167323597534,0.030037600000000001,0.031194791067952643,0,0.031194791067952643,0,1.0385247512435296,0.031194791067952643,0,0.0042104999999999998,496,38,0.11480362537764351,0,0,0,0,0,0,0,0,0,1,20,nan,1,0.026954754055996778,0.036351167323597534,0.63090953737498146,0.63170027732849121,0.030037600000000001,0.018951008319854745,0.63090953737498146,-0.029915000000000001,0.47600001096725464,0.18559999763965607,0.014297897929430009
639155411875802054,nan,48.943809664685659,0.014044333008669448,0.010964495691548892,333,0,0,0,0,1.7678711617261871,1.7628415309052419,1.840650736889055,1.7582762960688743,1.7730973508469394,1.8516152325806039,0.012442564909731627,0.006513514268466556,0.010964495691548892,1.1784849723267228,1.5815318612552614,0.76572439907847556,0.031574176537658413,0.0080243460340074027,0.032577887489901945,0.01528715162052241,0.019964300000000001,0.019159883468000502,0.0014571078596265063,-0.0064340237812172685,0.018106011040664782,0.95970725084277941,0.019215210064476119,0.0043226559289735178,0.22080649932225549,0.023527627533022392,0.019964300000000001,0.018598614136265731,0,0.018598614136265734,0,0.93159360139177083,0.018598614136265734,0,0.0041824999999999996,496,44,0.13213213213213212,0,0,0,0,0,0,0,0,0,1,20,nan,1,0.031623126333894878,0.023527627533022392,0.61862652391283457,0.61751610040664673,0.019964300000000001,0.012350445511353003,0.61862652391283457,-0.043463799999999997,0.44800001382827759,0.14559999108314514,0.0089440066760718834
639155411876102347,nan,54.616332682229931,0.012727221109335024,0.010407815884387883,327,0,0,1,2,1.7348654251669851,1.8133344886093841,1.8559642223057169,1.7430299083508427,1.8035711197488724,1.8663720381901048,-0.01166589041940615,-0.0050881389415296865,0.010407815884387883,1.1959866509140376,1.1157602103513002,0.49141357306034039,0.033505498084702295,0.006203589898838572,0.034074960448061582,0.014756805609500878,0.030029299999999998,0.045149149987416565,0.011342415400285527,-0.023410870901889203,0.040237137762444641,1.5035032447448515,0.046552079778446748,0.004348989725112995,0.21452625592549646,0.035914641936292908,0.030029299999999998,0.019023961662764318,0,0.019023961662764322,0,0.63351332407896022,0.019023961662764322,0,0.0141228,496,49,0.14984709480122324,0,0,0,0,0,0,0,0,0,1,20,nan,1,0.033543393119335185,0.035914641936292908,0.41378536725444665,0.62128424644470215,0.030029299999999998,0.012425684928893954,0.41378536725444665,-0.046508099999999997,0.44800001382827759,0.14559999108314514,0.013453126815253496
639155411876302220,nan,49.234998481900966,0.0062230979918444984,0.016214175434887235,335,0,0,0,0,1.7327978817729213,1.8241305601478857,1.866372038190105,1.7342537928132338,1.8301809544870007,1.8825862136249922,0.0053639233133942806,-0.0031551981402321385,0.016214175434887235,1.1860480472772676,1.4015044051157222,0.8112238989201872,0.028012288996369473,0.00064433989775360308,0.028019698583674296,0.016214175434887457,0.0199873,0.02264836568297519,0.0037995380379857403,-0.010232026577921438,0.020559440399013251,1.1331378266686942,0.022964863540022806,2.2204460492503131e-16,0.21452625592549646,0.023705898135344933,0.0199873,0.007070269619429137,0,0.007070269619429137,0,0.35373810466792099,0.007070269619429137,0,0.0140261,496,52,0.15522388059701492,0,0,0,0,0,0,0,0,0,1,20,nan,1,0.028012288996369473,0.023705898135344933,0,0.62128424644470215,0.0199873,0,0,-0.026520800000000001,0.44800001382827759,0.14559999108314514,0.008954310676389932
639155411876602248,nan,45.864138562212595,0.013109371133719199,0.0035751767449438976,328,0,0,1,2,1.7216396072152886,1.8683885942889038,1.8954655467038535,1.7286044878365263,1.8572824676259534,1.8990407234487974,-0.01274766567796423,-0.0030582072010318338,0.0035751767449438976,1.2069475254006765,0.91750895186097936,0.54843247376262017,0.027527837580894592,-0.002936804259831614,0.027684050663526062,0.016454509823805141,0.0300028,0.040235059419542141,0.00028532619453998202,-0.012614185597945138,0.038207639801903115,1.3410434832596339,0.040236071099591438,0.012879333078861242,0.30410071214040124,0.036211805215091417,0.0300028,0.031275031894208105,-1.7347234759768071e-18,0.031275031894208105,0,1.0424037721215389,0.031275031894208105,0,0.0039651,495,54,0.16463414634146342,0,0,0,0,0,0,0,0,0,1,20,nan,1,0.027469146930812982,0.036211805215091417,1.2264886780911115,0.56753957271575928,0.0300028,0.036798094511031998,1.2264886780911115,0.0034819999999999999,0.44800001382827759,0.14559999108314514,0.013441254814887046
639155411876802102,nan,47.44782398097864,0.0087351213810176812,0.009004865805081419,332,0,0,0,0,1.7241311321768853,1.8774207854442222,1.902854092497928,1.7157840905347459,1.8799955167633122,1.9118589583030094,0.0051551272317099314,0.0070517379961251344,0.009004865805081419,1.177975647629262,1.2826090676663557,0.64137995007415771,0.025633455260939186,0.0048136430566676301,0.026081510464150182,0.012818234854212072,0.0199854,0.020505256325799397,-0.002257702022081063,-0.0044733556596410207,0.020138317818268803,1.0260118049075524,0.020629172436315645,0.0038133690491306553,0.42043099800745642,0.023542314508129852,0.0199854,0.018953863765484247,0,0.018953863765484247,0,0.94838550969629065,0.018953863765484247,0,0.0038952000000000001,495,56,0.16867469879518071,0,0,0,0,0,0,0,0,0,1,20,nan,1,0.025659297907958532,0.023542314508129852,0.54516497745217174,0.49774140119552612,0.0199854,0.010895340140372634,0.54516497745217174,-0.0097499000000000006,0.44800001382827759,0.14559999108314514,0.008953459476363659
639155411877102237,nan,46.026389991923473,0.0072756538099206063,0.01082033892727341,333,0,0,1,2,1.6970294902966065,1.9127002553495842,1.9167073116144286,1.7011506066275299,1.9067042951638584,1.9275276505417021,-0.0070380816231960771,-0.0018440567851999339,0.01082033892727341,1.185644016757442,1.0017186070774522,0.52205481662227349,0.030065081413519108,0.0048568070283571789,0.030454846821355578,0.015668692238692605,0.030013499999999999,0.037094139712645628,0.0067349651125697026,-0.018754600238139352,0.032704738586271986,1.235915161931985,0.037700596229884802,0.0048483533114191948,0.49702182412147522,0.035585326696949485,0.030013499999999999,0.01906752707749293,8.6736173798840355e-19,0.01906752707749293,0,0.63529835165818482,0.019067527077492926,0,0.013931499999999999,495,61,0.18318318318318319,0,0,0,0,0,0,0,0,0,1,20,nan,1,0.030097999307933408,0.035585326696949485,0.46154024131231802,0.45178690552711487,0.030013499999999999,0.013852438032627257,0.46154024131231802,-0.046357599999999999,0.40599998831748962,0.075199998915195465,0.012185480649366974
639155411877302324,nan,40.789849412556926,0.0054181553535804792,0.013042941835546664,282,0,0,0,0,1.6908580872041892,1.925950837933458,1.9275276505417021,1.6921913460364126,1.9312023927814845,1.9405705923772487,0.004455342644189635,-0.0030832335880367745,0.013042941835546664,1.1587622778007365,1.3036564207927634,0.6518635311412867,0.026084470226716169,-0.00015984434254404448,0.026084959981228371,0.013042941835546664,0.020008700000000001,0.021629127582526532,0.0029233892454927296,-0.010292519423340751,0.019246542769599584,1.080986150151011,0.021825795854031823,0,0.49702182412147522,0.023185326787831598,0.020008700000000001,0.0012191337924742918,5.4210108624275222e-20,0.0012191337924742918,0,0.060930184993242528,0.0012191337924742918,0,0.018956600000000001,496,37,0.13120567375886524,0,0,0,0,0,0,0,0,0,1,20,nan,1,0.026084470226716169,0.023185326787831598,0,0.45178690552711487,0.020008700000000001,0,0,-0.026348900000000001,0.40599998831748962,0.075199998915195465,0.0081235319662481542
639155411877602256,nan,38.541691180686662,0.0091295055370202369,0.0033494993126508277,270,0,0,1,2,1.6793475779851184,1.9664127757802694,1.9488228704965744,1.6800170932312186,1.9573078528983487,1.9521723698092253,-0.0087091776019175074,0.0027382652991888093,0.0033494993126508277,1.177410612342505,0.95824387133718603,0.38681359214677141,0.028740800081790488,0.0019167394023482318,0.028804643363144811,0.011601777431976545,0.029993200000000001,0.037472277807822335,-0.00074956291927488414,-0.01284376805129428,0.035210382998784873,1.2493591149934764,0.037479773861064936,0.0082522781193257178,0.41783913969993591,0.035314311978111225,0.029993200000000001,0.030376637822763009,0,0.030376637822763009,0,1.0127841585013606,0.030376637822763005,0,0.0041070000000000004,496,33,0.12222222222222222,0,0,0,0,0,0,0,0,0,1,20,nan,1,0.028761398767325141,0.035314311978111225,0.78610943426468161,0.49929651618003845,0.029993200000000001,0.023577937483787448,0.78610943426468161,0.0036443000000000001,0.40599998831748962,0.075199998915195465,0.01217723884960413
639155411877802845,nan,47.04183572946112,0.0052341757113369336,0.010056914222066116,309,0,0,0,0,1.6713051386669793,1.9761882137210192,1.9559106076938089,1.6708262031752137,1.981400431691507,1.965967521915875,0.0050103710351378609,-0.0015141920180086338,0.010056914222066116,1.1472332206923024,1.285336619335772,0.6877322339036398,0.025782438713594317,-0.00043665421773309183,0.0257861360604126,0.013795152106649722,0.020058900000000001,0.020766442290153734,0.0010587973051123653,-0.0087119545642393437,0.018880360822670417,1.0352732348311091,0.0207934166774871,0.0037382378845836062,0.40545622507731116,0.023012236450544826,0.020058900000000001,0.018299861273229023,8.6736173798840355e-19,0.018299861273229023,0,0.91230632154450253,0.018299861273229023,0,0.0041076000000000003,496,46,0.14886731391585761,0,0,0,0,0,0,0,0,0,1,20,nan,1,0.025779739195994755,0.023012236450544826,0.53246587152030056,0.50672626495361328,0.020058900000000001,0.010680679670238558,0.53246587152030056,-0.0097044000000000002,0.40599998831748962,0.075199998915195465,0.0081439131656616936
639155411878102324,nan,43.577016511282551,0.0065240619384605812,0.0063997206812966834,320,0,0,1,2,1.6581140247779877,2.0149496710435852,1.9696591778795345,1.6537372402916586,2.0101115782647003,1.9760588985608312,-0.0027585032123624838,0.0059121945336952416,0.0063997206812966834,1.1566811066186546,1.1044871551808089,0.3369644163682991,0.033077070874639347,0.0047191071546425455,0.033412012659864009,0.010091376644956185,0.0299479,0.035857381028769592,-0.0011828636707436873,-0.012712178397225937,0.033549239352078208,1.1973253893852187,0.035876885883614963,0.003691655963659501,0.68304330110549927,0.034640170112904808,0.0299479,0.018621524803564601,8.6736173798840355e-19,0.018621524803564604,0,0.62179734818015953,0.018621524803564604,0,0.0138488,495,69,0.21562500000000001,0,0,0,0,0,0,0,0,0,1,20,nan,1,0.033101498375715167,0.034640170112904808,0.35219793266299365,0.34017401933670044,0.0299479,0.010547588467598068,0.35219793266299365,-0.046264699999999999,0.26600000262260437,0.0096000004559755325,0.0079661414785414941
639155411878302225,nan,39.244980668588688,0.00073503264327594981,0.010170779678815078,321,0,0,0,0,1.6421272471950421,2.0297497536628581,1.9760588985608312,1.6416443019086866,2.0303038627108516,1.9862296782396462,0.00069963165546668336,0.00022536311444017984,0.010170779678815078,1.1437640644260256,1.1668000740905302,0.50879083540427905,0.023324450161077107,0.0031523855367118925,0.023536514395480063,0.010170779678815078,0.0199901,0.022624818505610426,0.0029270224222717111,-0.011609993096616478,0.01963817539815782,1.131801166858116,0.022813370480319065,0,0.68304330110549927,0.022863958024282694,0.0199901,0.007049017929057654,0,0.0070490179290576549,0,0.35262544604867679,0.007049017929057654,0,0.0138271,495,77,0.23987538940809969,0,0,0,0,0,0,0,0,0,1,20,nan,1,0.023324450161077107,0.022863958024282694,0,0.34017401933670044,0.0199901,0,0,-0.026274599999999999,0.26600000262260437,0.0096000004559755325,0.005317366652426124
639155411878602947,nan,41.792564646999672,0.0078368393013714434,0.0037327984040387285,321,0,0,1,2,1.6240545947787295,2.0593146509486044,1.9912756399664668,1.6306601473717754,2.0550976940865979,1.9950084383705056,-0.0065460058125801912,-0.0043088116850457043,0.0037327984040387285,1.0952344955567412,0.90176181317754378,0.29192277687895529,0.027117961598237733,4.340433378850414e-05,0.027117996334163189,0.0087787601308593199,0.0300722,0.033642142068093586,0.0043851919186746521,-0.017589707129957111,0.029010788237752827,1.1187123678378563,0.033926739175662045,0.0050459617268205914,0.7730612655480702,0.032936110797281433,0.0300722,0.028890637947206699,1.7347234759768071e-18,0.028890637947206699,0,0.96070915819948988,0.028890637947206699,0,0.0039382999999999996,496,79,0.24610591900311526,0,0,0,0,0,0,0,0,0,1,20,nan,1,0.027117569918007893,0.032936110797281433,0.47941399382823352,0.28616324067115784,0.0300722,0.014417033505201404,0.47941399382823352,-0.029634000000000001,0.26600000262260437,0.0096000004559755325,0.0079992052788674835
639155411878803062,nan,40.526211946209713,0.0073664141747774442,0.0060581659505916097,321,0,0,0,0,1.6257760529935299,2.0662266698374587,1.9971019075134195,1.6240462251753203,2.0733870995392092,2.0031600734640111,0.0072348695225050875,-0.0013859007131425613,0.0060581659505916097,0.50995660309139512,0.96897296136953726,0.4073475298456179,0.019390602416446495,-0.0015002854921875178,0.019448555695237863,0.0081516350935055826,0.020011500000000002,0.012152847409493555,-0.00012953378101234099,-0.0048840943782455515,0.011128975750860803,0.60729317689796136,0.012153537721949834,0.0020934691429139729,0.75155496597290039,0.010204996562763455,0.020011500000000002,0.0081467097213661077,0,0.0081467097213661077,0,0.40710140276171736,0.0081467097213661077,0,0.0040362000000000002,495,83,0.25856697819314639,0,0,0,0,0,0,0,0,0,1,20,nan,1,0.01938602884825668,0.010204996562763455,0.29889515570172637,0.29906702041625977,0.020011500000000002,0.0059813404083250976,0.29889515570172637,-0.043067000000000001,0.26600000262260437,0.0096000004559755325,0.0053230590524822475
639155411879102256,nan,40.423306936556799,0.01160150558065858,0.0043208716144498283,327,0,0,0,0,1.6164421856607178,2.0957814472488114,2.0044146298814765,1.6074279550331849,2.1030847737464904,2.0087355014959263,0.010414806049147917,0.0051114329396641945,0.0043208716144498283,0.78610541282404489,1.1339862284099422,0.18634825671354144,0.033928187562288423,0.0026451549249484983,0.034031143910230259,0.0055754280319151315,0.029919399999999999,0.023519802288447283,-0.0024793399505820719,-0.0076040395146024231,0.022394347709602247,0.78610541282403001,0.023650121062654256,0.0012545564174653023,1,0.023519802288447727,0.029919399999999999,0.012543884072433009,0,0.012543884072433009,0,0.41925586985143454,0.012543884072433009,0,0.0139624,495,89,0.27217125382262997,0,0,0,0,0,0,0,0,0,1,20,nan,1,0.033932873778689476,0.023519802288447727,0.1198034354647287,0.11948156356811523,0.029919399999999999,0.0035844469070434037,0.1198034354647287,-0.046661399999999999,0.070000000298023224,0,0.0020943580089166761
639155411879301971,nan,38.741673665884242,0.010279449155825203,0.0056520145019369741,317,0,0,1,2,1.5984878737013051,2.1183109173962036,2.0087355014959263,1.5952358293621662,2.1280623933133902,2.0143875159978633,0.010210312569216499,-0.0011902067829142261,0.0056520145019369741,0.88027795245610385,1.3915221038326415,0.28300400580512103,0.027790783696693598,0.00044916492547656534,0.027794413244511731,0.0056520145019369741,0.0199715,0.017580471127477099,0.001639371708390791,-0.0089400813318798455,0.015226143649713197,0.88027795245610485,0.017656741054405484,0,1,0.017580471127477078,0.0199715,0.0052480410969528712,0,0.0052480410969528712,0,0.26277651137635488,0.0052480410969528712,0,0.0140097,496,91,0.28706624605678233,0,0,0,0,0,0,0,0,0,1,20,nan,1,0.027790783696693598,0.017580471127477078,0,0.11948156356811523,0.0199715,0,0,-0.026689899999999999,0.070000000298023224,0,0.0013980050059519708
639155411879602430,nan,44.437886860463834,0.01206729146492844,0.004053948671096208,313,0,0,0,0,1.5823209700513985,2.1542176982315198,2.0166858687187292,1.59265592736291,2.1479880770015596,2.0207398173898254,-0.010077595049822963,-0.006637891330182992,0.004053948671096208,0.96127917874700775,0.6358424207106087,0.21141990727394386,0.01910445778842888,-0.006221612120414213,0.020092007484737457,0.0063523013919621896,0.0300459,0.029166770019024485,0.00043942352530492411,-0.012914859310767746,0.026155304918129563,0.9707404344361289,0.029170079985787779,0.0022983527208659815,0.95648278792699182,0.028882498076714721,0.0300459,0.024834065362536965,0,0.024834065362536961,0,0.82653757625955504,0.024834065362536965,0,0.0039087000000000002,495,92,0.29392971246006389,0,1,1,1,1,1,3,0.12586390073576745,1.0069112058861396,0.91818846452175118,20,0.028882498076714721,1,0.017673063944050271,0.028882498076714721,0.21855634411410363,0.17611032724380493,0.0300459,0.0065667220596179465,0.21855634411410363,0.003356,0.070000000298023224,0,0.0021032130089543759
639155411879802258,nan,29.976170829621953,0.013619575771471926,0.00062305297152454031,263,0,0,0,0,1.5886637245296511,2.1659532957184493,2.0220437215134299,1.5767722269699485,2.1725929591122104,2.0214206685419054,0.0111608027503023,0.0078057239359145773,-0.00062305297152454031,0.93021388042275432,1.4544535068286502,0.034071859403083757,0.029064053536255546,0.0036017987026014213,0.029286381849801622,0.00068085115207994207,0.019982799999999998,0.017913438186304115,-0.0042184712104062286,-0.0039922028332588511,0.017965218716889719,0.89644285016634884,0.018403444433245771,0.0013039041236044824,0.88579279681046796,0.018588277929711815,0.019982799999999998,0.014966211122121818,0,0.01496621112212182,0,0.74895465711120657,0.01496621112212182,0,0.0038938000000000002,495,49,0.18631178707224336,0,0,0,0,0,0,0,0,0,1,20,nan,1,0.029070712253347876,0.018588277929711815,0.18643234947830284,0.21852432191371918,0.019982799999999998,0.0037254403531550295,0.18643234947830284,-0.0096726999999999994,0.070000000298023224,0,0.0013987960059553383
639155411880102176,nan,34.077786721924078,0.014760313942959799,0.0020814992346265271,270,0,0,0,0,1.5698952957618726,2.1744625873806585,2.023171401358661,1.5646869425773984,2.1882734499460637,2.0252529005932876,0.014698234910941618,-0.0013523158645488377,0.0020814992346265271,0.15597886392991794,0.64613217009942203,0.12777599381771576,0.019378666819187845,0.0040495881210659531,0.019797269802661437,0.0038322320513821673,0.029991799999999999,0.0046780868912128367,0.0053761692440854629,-0.0068769312080758649,0.0018696282684480536,0.15597886392990207,0.0071265484424641251,0.0017507328167556402,1,0.0046780868912133129,0.029991799999999999,0.00246886465405538,0,0.0024688646540553805,0,0.082317988718762461,0.00246886465405538,0,0.0141636,496,55,0.20370370370370369,0,0,0,0,0,0,0,0,0,1,20,nan,1,0.019388734409337909,0.0046780868912133129,0.16678204583117123,0.13296739757061005,0.029991799999999999,0.0050020937621593209,0.16678204583117123,-0.0466214,0.028000000864267349,0,0.0008397704259209335
639155411880301997,nan,55.122756596217464,0.017421605753184591,0.0091217205932414558,308,0,0,1,2,1.5586834425731202,2.1945280200073154,2.0252529005932876,1.5596776646163846,2.2119212333259659,2.034374621186529,0.015191359400947858,-0.0085284785613043302,0.0091217205932414558,0.413125270371064,1.173373662729621,0.45649459232220119,0.023446469866029558,-0.0058799298715926695,0.024172515890438045,0.0091217205932414558,0.019982099999999999,0.0082551104650817001,0.0026485486897116599,-0.0060035000042781839,0.0062545700612517408,0.41312527037106711,0.0086695823978133312,0,1,0.0082551104650816377,0.019982099999999999,0.002522873401102022,0,0.0025228734011020215,0,0.12625666977454933,0.002522873401102022,0,0.0138753,495,93,0.30194805194805197,0,0,0,0,0,0,0,0,0,1,20,nan,1,0.023446469866029558,0.0082551104650816377,0,0.13296739757061005,0.019982099999999999,0,0,-0.026639300000000001,0.028000000864267349,0,0.00055949881726987663
639155411880602221,nan,44.584587619039922,0.0085170135296477392,0.001622049108148893,289,0,0,0,0,1.5597594890788515,2.2322323805015833,2.0363417242898736,1.5528308783445919,2.2371855484532386,2.0379637733980225,0.0075363604733575413,0.0039677185232595228,0.001622049108148893,0.62411054304407965,0.85467600629297025,0.11954914368916121,0.025659424931330072,-0.0051728148328723843,0.026175639459271052,0.0035891522114934737,0.030022400000000001,0.01813088394530777,-0.009155350468115964,8.1824462466961734e-05,0.020311147175617439,0.60391187730853524,0.02031131199189876,0.0019671031033445807,1,0.018737296367486576,0.030022400000000001,0.01574640720455367,0,0.01574640720455367,0,0.52448862198071,0.01574640720455367,0,0.0038206,495,71,0.24567474048442905,0,0,0,0,0,0,0,0,0,1,20,nan,1,0.025644787263629072,0.018737296367486576,0.18720337418010874,0.13900284469127655,0.030022400000000001,0.005620294580984897,0.18720337418010874,0.0033831,0.028000000864267349,0,0.0008406272259473801
639155411880802200,nan,33.20761724389169,0.012561221944674504,0.0002455656958741948,262,0,0,0,0,1.5498533495686402,2.2508755364998128,2.038933761558146,1.5385735403275174,2.2564027600548404,2.0391793272540202,0.010022281832539559,0.007572196749459156,0.0002455656958741948,0.67827267489331478,1.1790718676901322,0.060784075127773292,0.023578961302880494,0.0040749837976515393,0.023928495754515337,0.0012155538559976975,0.019997899999999999,0.013564029125249275,-0.003506930882745429,-0.0029775287759516988,0.013689988046574175,0.67827267489332754,0.014010048191457595,0.00096998816012350275,1,0.01356402912524902,0.019997899999999999,0.010738141679841108,0,0.010738141679841107,0,0.53696346515589677,0.010738141679841107,0,0.0041663000000000004,496,50,0.19083969465648856,0,0,0,0,0,0,0,0,0,1,20,nan,1,0.023584585357758543,0.01356402912524902,0.13858428851080354,0.12865296006202698,0.019997899999999999,0.0027713947432101982,0.13858428851080354,-0.0097164,0.028000000864267349,0,0.00055994121728353198
639155411881102365,nan,38.001703166386768,0.0026395636062376006,0.0017370795548687923,260,0,0,0,0,1.523538444088298,2.2726669093381324,2.0403982470862796,1.5261759879332881,2.2725636693404154,2.0421353266411484,-0.0012856353486939212,-0.0023053064398389006,0.0017370795548687923,0.70960957135263958,0.66687226318630277,0.098479149372118838,0.020017171287931658,0.003766583058137451,0.020368463228831075,0.0029559993871282053,0.030016500000000002,0.021299995698506213,0.006073454871439633,-0.015035096239219392,0.016264149283292006,0.70960957135262981,0.02214896545737062,0.001218919832259413,1,0.021299995698506508,0.030016500000000002,0.011355243321741868,0,0.01135524332174187,0,0.37830004569959413,0.01135524332174187,0,0.0140144,495,47,0.18076923076923077,0,0,0,0,0,0,0,0,0,1,20,nan,1,0.020023699740830393,0.021299995698506508,0.11602378998783384,0.10393503308296204,0.030016500000000002,0.0034826280921698149,0.11602378998783384,-0.0467611,0.070000000298023224,-0.043200001120567322,0.0021011550089456142
639155411881302206,nan,45.43785949359485,0.0084689510727450051,0.0035171643585734103,272,0,0,0,0,1.5173989863743698,2.2843494682812127,2.0421353266411484,1.516351283801461,2.2927533633062156,2.0456524909997218,0.0079632837993716191,-0.0028825758278342452,0.0035171643585734103,0.72488359367298771,1.1233645760225519,0.17599813644714599,0.02244943002369228,-0.00041430100404478767,0.022453252630979966,0.0035171643585734103,0.019984100000000001,0.014486146224320658,0.0024682748237894571,-0.0087770015589183625,0.011785798940797232,0.72488359367300292,0.014694924737410277,0,1,0.014486146224320354,0.019984100000000001,0.0044878993051482574,2.1684043449710089e-19,0.0044878993051482574,0,0.22457350119085959,0.0044878993051482574,0,0.0137929,495,55,0.20220588235294118,0,0,0,0,0,0,0,0,0,1,20,nan,1,0.02244943002369228,0.014486146224320354,0,0.10393503308296204,0.019984100000000001,0,0,-0.026776999999999999,0.070000000298023224,-0.043200001120567322,0.0013988870059557261
639155411881602139,nan,47.473564738764544,0.0043526857388896702,0.0020747752887428916,322,0,0,0,0,1.5072836360883262,2.3120107888372883,2.0468379239199543,1.5100785902160305,2.3086740082683024,2.0489126992086972,-0.0042466117576113868,-0.00095507157933331682,0.0020747752887428916,0.71569160355922057,0.56769686525790064,0.10869788282634572,0.017027102388739793,-0.0017004132053391073,0.017111797708759882,0.0032602082089754352,0.029993300000000001,0.021272578989547222,-0.00074030822486556222,-0.009067647713134841,0.019257425531072681,0.70924436422625126,0.021285456845798013,0.0011854329202325431,1,0.021465952973032772,0.029993300000000001,0.01860140321758319,0,0.01860140321758319,0,0.62018528196574529,0.01860140321758319,0,0.0037323,495,104,0.32298136645962733,0,0,0,0,0,0,0,0,0,1,20,nan,1,0.017024198366178689,0.021465952973032772,0.11292359295789804,0.049873087555170059,0.029993300000000001,0.0033869512006641234,0.11292359295789804,-0.029890300000000002,0.070000000298023224,-0.043200001120567322,0.0020995310089387
639155411881802137,nan,54.069438127975339,0.0013359020514542802,0.0028107161160821903,293,0,0,1,2,1.5046057126471637,2.3217796970109981,2.0493739098953005,1.5059414868180812,2.3217612130885374,2.0521846260113827,-0.00063155402675470435,-0.0011771889408118278,0.0028107161160821903,0.70771561912914716,0.67616475224628014,0.16359797611403662,0.013523159811975155,-0.0023483405272422082,0.013725543870175352,0.0032719268026855097,0.019999800000000002,0.014154170839458855,-0.0011708604321774467,-0.0054728775688668296,0.013105688742695687,0.70771561912913405,0.014202516196231784,0.00046121068660331938,1,0.014154170839459119,0.019999800000000002,0.011458057416824818,0,0.011458057416824818,0,0.57290859992724019,0.011458057416824818,0,0.0038095999999999998,495,78,0.26621160409556316,0,0,0,0,0,0,0,0,0,1,20,nan,1,0.013521609620017121,0.014154170839459119,0.065887899822305779,0.065887570381164551,0.019999800000000002,0.0013177448188661511,0.065887899822305779,-0.043266899999999997,0.070000000298023224,-0.043200001120567322,0.0013999860059604049
639155411882102960,nan,37.059532293925272,0.0054318366577115335,0.0022905897039451339,264,0,0,0,0,1.4997835751753703,2.3413219654375048,2.052986121898722,1.4959568017749929,2.3374670134510045,2.0506955321947768,-0.0016408636031175674,0.0051780706939962527,-0.0022905897039451339,0.67112244427496115,0.61643868412374547,0.049500663732689687,0.018543893427415747,0.0015780104524328467,0.018610913476649667,-0.0014890938166058909,0.030082299999999999,0.020188906705412759,-0.0035987434330896559,-0.0061579116427108449,0.01956075234896737,0.67112244427496437,0.020507142859429887,0.00080149588733924304,1,0.020188906705412662,0.030082299999999999,0.010742321404287214,0,0.010742321404287214,0,0.35709774200400946,0.010742321404287214,0,0.014075799999999999,495,53,0.20075757575757575,0,0,0,0,0,0,0,0,0,1,20,nan,1,0.018545688084089951,0.020188906705412662,0.076124107848807673,0.076332941651344299,0.030082299999999999,0.0022899882495401869,0.076124107848807673,-0.046576600000000003,0.12599998712539673,-0.06719999760389328,0.003790369412702322
639155411882303046,nan,40.56177645971534,0.0057321892687400801,0.0001642739734641907,263,0,0,0,0,1.4887814999198623,2.348939749484527,2.0506955321947768,1.4835856172198192,2.3513606577397179,2.050859806168241,0.0045463318837664548,0.0034912548195895825,0.0001642739734641907,0.67418789982499072,0.90140678989060163,0.0082101683008401725,0.018035887896205093,0.0045592002275608081,0.018603213671822081,0.0001642739734641907,0.020008600000000001,0.013489556012438638,0.0010679454079712261,-0.0071753018551306003,0.011472736033522501,0.67418789982500715,0.013531763699057349,0,1,0.013489556012438311,0.020008600000000001,0.0040155979689378007,-2.1684043449710089e-19,0.0040155979689378007,0,0.20069360019880453,0.0040155979689378007,0,0.0140524,495,51,0.19391634980988592,0,0,0,0,0,0,0,0,0,1,20,nan,1,0.018035887896205093,0.013489556012438311,0,0.076332941651344299,0.020008600000000001,0,0,-0.026568000000000001,0.12599998712539673,-0.06719999760389328,0.0025210833423972134
639155411882602080,nan,46.674302318282948,0.0078826623849557777,0.0013266873511548205,265,0,0,0,0,1.468969965598411,2.3646860934171343,2.051339729907339,1.4764500783602046,2.3621992722844332,2.0526664172584939,-0.0056629385462094277,-0.0054833833804551878,0.0013266873511548205,0.61644174652498296,0.43168747875979158,0.060414905671355726,0.012908923352345551,0.0013233208036037428,0.012976574280833243,0.0018066110902528187,0.0299034,0.018569229640637914,0.0068094213311109325,-0.01461565162140821,0.013325435677416397,0.62097385717469966,0.019778384876206,0.00047992373909799824,1,0.018433704123035174,0.0299034,0.016169606853940088,0,0.016169606853940088,0,0.54072803941826308,0.016169606853940088,0,0.0038926999999999998,495,51,0.19245283018867926,0,0,0,0,0,0,0,0,0,1,20,nan,1,0.012909827594136204,0.018433704123035174,0.045854674824165394,0.032896194607019424,0.0299034,0.0013712106831369475,0.045854674824165394,0.0033354000000000001,0.12599998712539673,-0.06719999760389328,0.0037678280150055888
639155411882802232,nan,50.292133898676965,0.0057571165296451815,0.00042104578116264335,264,0,0,0,0,1.4698359983768332,2.3729683880756505,2.0530577166494859,1.4697995959278281,2.3787253895171667,2.0534787624306485,0.0051172890426061041,-0.0026377535120509785,0.00042104578116264335,0.62992349264885683,0.88564518427097805,0.040586412933903811,0.017726365492220481,-0.0017656256142277388,0.017814080592986049,0.00081234517215467161,0.0200152,0.012608044690065259,0.00087012530384834343,-0.0066140799833713793,0.01076911579121731,0.62992349264884984,0.012638034220205291,0.00039129939099202815,1,0.012608044690065399,0.0200152,0.010126524083124533,0,0.010126524083124533,0,0.50594168847298715,0.010126524083124533,0,0.0039394,495,53,0.20075757575757575,0,0,0,0,0,0,0,0,0,1,20,nan,1,0.017725375739522129,0.012608044690065399,0.055857461328270713,0.064718559384346008,0.0200152,0.0011179982599776039,0.055857461328270713,-0.0096235000000000001,0.12599998712539673,-0.06719999760389328,0.0025219149423122405
639155411883102234,nan,27.615051101245058,0.0061574224606262135,0.00021834904110962228,260,0,0,0,0,1.4642272146756634,2.3951073123369109,2.0542442562110232,1.4656913150317954,2.3891264878531295,2.0544626052521329,-0.0059759715555102516,0.0014837841239063558,0.00021834904110962228,0.56988942383636687,0.37065389767270407,0.032794542085864013,0.011119691060960658,-0.0011888184150099968,0.011183059443420447,0.00098384282148433755,0.030000200000000001,0.017096796692976254,-0.0026680275355712513,-0.0055723812521646376,0.016381922819744155,0.56988942383638286,0.017303722954657191,0.00076549378037471527,1,0.017096796692975775,0.030000200000000001,0.0090459118134971206,4.3368086899420177e-19,0.0090459118134971206,0,0.3015283835940134,0.0090459118134971206,0,0.0141271,496,49,0.18846153846153846,0,1,1,1,1,1,3,0.38896568663829428,3.1117254931063543,0.74717230368510879,20,0.017096796692975775,1,0.0073127105995839936,0.017096796692975775,0.072903683534931332,0.073027186095714569,0.030000200000000001,0.002187125086784647,0.072903683534931332,-0.046481799999999997,0.12599998712539673,-0.06719999760389328,0.0037800248137593272
639155411883302029,nan,51.151490922338695,0.0018477786189131126,0.0022655578609440674,271,0,0,0,0,1.4610622454108666,2.3996572723512108,2.0544626052521329,1.459220883509059,2.3995034147186933,2.0567281631130769,0.00072007536753352459,0.0017016983544635371,0.0022655578609440674,0.57436412628646016,0.61040483639101639,0.11339412202227619,0.012195583428674312,0.00090268493835067489,0.012228944977539177,0.0022655578609440674,0.019979500000000001,0.011475508061140789,-0.00079901341611286238,-0.004629069620928794,0.010530784498081314,0.57436412628648303,0.011503291168202062,0,1,0.011475508061140331,0.019979500000000001,0.0034236122475559409,0,0.0034236122475559405,0,0.1713562525366471,0.0034236122475559409,0,0.0140188,495,55,0.2029520295202952,0,0,0,0,0,0,0,0,0,1,20,nan,1,0.012195583428674312,0.011475508061140331,0,0.073027186095714569,0.019979500000000001,0,0,-0.026502299999999999,0.12599998712539673,-0.06719999760389328,0.0025174167427718642
639155411883602145,nan,55.070189837993929,0.0044042819038130395,0.0008160649525481567,274,0,0,0,0,1.4512492979001066,2.411781706881897,2.0568177585766199,1.4544241712364112,2.4087291868759548,2.057633823529168,-0.0041820536062412081,-0.0013813496019400425,0.0008160649525481567,0.48416458999136375,0.34646665569477841,0.030177012091693906,0.010398018684049411,-6.7290195650566292e-05,0.010398236414136357,0.00090566041609108083,0.030011599999999999,0.014579948510847485,0.0013144340937761012,-0.0079715856089523918,0.012278292163203641,0.48581043699261234,0.014639079054566405,8.9595463542924123e-05,1,0.014530554008984812,0.030011599999999999,0.012653941771862076,0,0.012653941771862076,0,0.42163502685168658,0.012653941771862076,0,0.0039779999999999998,495,55,0.20072992700729927,0,0,0,0,0,0,0,0,0,1,20,nan,1,0.010398009986168532,0.014530554008984812,0.0085296031765867072,-0.0045995260588824749,0.030011599999999999,0.00025598703869444961,0.0085296031765867072,0.0035092999999999999,0.12599998712539673,-0.06719999760389328,0.0037814612136125563
639155411883802011,nan,56.005054745850344,0.005320125531507439,0.00072803406260257819,274,0,0,0,0,1.4544693202622807,2.4087530857330437,2.0575987536109079,1.4542479808758553,2.4140686049501112,2.0583267876735105,0.0048015754353295239,-0.0022909842884309361,0.00072803406260257819,0,0.24023571231450846,0.034671437079968601,0.0048014950877451551,-0.0023422368232396754,0.0053423242520255869,0.00069296414434250042,0.0199866,7.257717105253747e-17,-5.1084145359577295e-05,4.5149025869495318e-05,2.3898857088866521e-05,3.631291517943896e-15,5.1084145359577301e-05,-3.506991826007777e-05,1,0,0.0199866,0,0,0,0,0,0,0,0.0038839,495,54,0.19708029197080293,0,0,0,0,0,0,0,0,0,1,20,nan,1,0.0048016124275105706,0,0.0050133472655139429,-0.014999330043792725,0.0199866,-0.00010019976645692097,-0.0050133472655139429,-0.010080499999999999,0.15399999916553497,-0.087999999523162842,0.0030779363833218815
639155411884102122,nan,59.220871624444911,0.0057857864890988589,0.00047587585758623874,289,0,0,0,0,1.4549935708246435,2.4201809142158823,2.058419919854138,1.4518423970817955,2.4250332774895691,2.0588957957117242,0.0057632267764356846,0.00051043356160586709,0.00047587585758623874,0.16830141187410591,0.36033633274174887,0.018959919436931403,0.010814089715545899,-0.0030110365178637323,0.011225456662772545,0.00056900803821369206,0.030011099999999999,0.0050509105018947745,-0.0035220068191323143,0.00074558994878826113,0.0061123092657711098,0.16830141187409908,0.0061576155232496805,9.3132180627453209e-05,1,0.00505091050189498,0.030011099999999999,0.0026778774246114523,0,0.0026778774246114523,0,0.089229565881005779,0.0026778774246114523,0,0.0140999,495,63,0.2179930795847751,0,0,0,0,0,0,0,0,0,1,20,nan,1,0.01081368901355451,0.00505091050189498,0.0088664509014847546,0.014595184475183487,0.030011099999999999,0.00026609194464954911,0.0088664509014847546,-0.046528399999999998,0.15399999916553497,-0.087999999523162842,0.0046217093749567869
639155411884302050,nan,60.482653233329934,0.0052497643359689684,0.0015191841691417629,290,0,0,0,0,1.4516445341036914,2.4296921069501276,2.0588957957117242,1.4481220782641122,2.4335847063954117,2.060414979880866,0.0050898929921549159,0.0012856962750292062,0.0015191841691417629,0.21045503400828977,0.46504133468427145,0.075986563619991343,0.0092974783960757031,-0.00072429545863162553,0.009325647882956381,0.0015191841691417629,0.019992800000000002,0.0042075854039207872,-0.0020099917336608318,-0.00019786297810409081,0.0046588294605585112,0.21045503400828233,0.0046630292408124706,0,1,0.0042075854039209364,0.019992800000000002,0.0012695910381586017,0,0.0012695910381586017,0,0.063502412776529626,0.0012695910381586017,0,0.013960200000000001,495,74,0.25517241379310346,0,0,0,0,0,0,0,0,0,1,20,nan,1,0.0092974783960757031,0.0042075854039209364,0,0.014595184475183487,0.019992800000000002,0,0,-0.026535599999999999,0.15399999916553497,-0.087999999523162842,0.003078891183316708
639155411884602103,nan,60.758322581549258,0.0057795752688956656,0.00095287228230311882,318,0,0,0,0,1.4469253448445774,2.4381868842440308,2.0607361400444204,1.4413972502292962,2.4398731998175016,2.0597832677621173,0.0040893102688294054,0.0040842418897607882,-0.00095287228230311882,0.13362122578355479,0.2903582960832144,0.021053351199577547,0.0087122877814656725,0.0029773315620601291,0.0092069789625867753,-0.00063171211874868416,0.030005299999999999,0.0046242894193006317,-0.0011082234406006282,-0.0011967334195348567,0.00460217784861916,0.15411575352689799,0.0047552299447821099,0.00032116016355443472,1,0.0040093449660032962,0.030005299999999999,0.0040965791123137585,-2.1684043449710089e-19,0.0040965791123137585,0,0.13652851703911503,0.0040965791123137585,0,0.0039493000000000002,495,104,0.32704402515723269,0,0,0,0,0,0,0,0,0,1,20,nan,1,0.0087136528648760186,0.0040093449660032962,0.030581279550544106,0.02827053889632225,0.030005299999999999,0.00091760046729794098,0.030581279550544106,-0.030045499999999999,0.14000000059604645,-0.084799997508525848,0.0042007420178845527
639155411884802080,nan,57.561794128901639,0.0061284288576597063,0.00059249011252582306,327,0,0,0,0,1.4380502180520263,2.4419314258463714,2.0597583372409702,1.4355872572688637,2.4475431514672477,2.0591658471284444,0.0061110253693848551,-0.00046152919531807076,-0.00059249011252582306,0.16948090274465805,0.47506673818184342,0.030874582260603547,0.0095002421101390497,0.0015262949775380688,0.0096220671640618489,-0.00061742063367287159,0.0199977,0.0033892282488166541,0.0019879765237598981,-0.0033470321772699485,0.0020582260288697363,0.16948090274464833,0.0039292389570497362,-2.4930521147048523e-05,1,0.0033892282488168484,0.0199977,0.0026924583614529314,0,0.0026924583614529318,0,0.13463840148881778,0.0026924583614529314,0,0.0041111999999999998,496,102,0.31192660550458717,0,0,0,0,0,0,0,0,0,1,20,nan,1,0.0095001877450721292,0.0033892282488168484,0.0035619126410082287,-0.0035615030210465193,0.0199977,-7.1230060421090258e-05,-0.0035619126410082287,-0.043090400000000001,0.14000000059604645,-0.084799997508525848,0.0027996780119195581
639155411885102165,nan,8.111222238113994,0.0048467556219125877,0.0020072389073382269,316,0,0,0,0,1.4314934054859234,2.4503482622065147,2.0592247849825775,1.4357734700289275,2.4526224846156603,2.0612320238899158,-7.1141714542803658e-08,-0.0048467556213904715,0.0020072389073382269,0.14655751300618047,0.14656466150282477,0.068853050351445788,0.0043981856447075172,-0.0025475995484501245,0.0050827453629485077,0.0020661767614713611,0.0300085,0.004397971129046269,0.0022991560687152706,-0.0040938517829403054,0.002805110739267036,0.14655751300619055,0.0049626876468537463,5.8937854133134238e-05,1,0.0043979711290459671,0.0300085,0.0023544904136980627,0,0.0023544904136980627,0,0.078460783234685597,0.0023544904136980627,0,0.013943199999999999,496,97,0.30696202531645572,0,1,1,1,1,1,3,1,8,0.34999999999999998,20,0.0043979711290459671,1,-0.0012420124691241595,0.0043979711290459671,0.0056115390290402403,-0.02092224545776844,0.0300085,0.00016839386895295405,0.0056115390290402403,-0.0130819,0.14000000059604645,-0.084799997508525848,0.0042011900178864602
639155411885301950,nan,63.768945341994858,0.0050116885586934407,0.0013368292695723483,296,0,0,0,0,1.4372749747322149,2.4534242099452963,2.0612718371150609,1.434559213511408,2.4576362953196567,2.0626086663846332,0.0049947651094665157,0.0004115139251528164,0.0013368292695723483,0,0.2500061927477718,0.068906198899690796,0.0049947487218113592,-0.001290427011423109,0.0051587514638569846,0.0013766424947174725,0.0199785,-2.5695591487906455e-17,-0.0017021397939575795,0.0015015047032873596,0.00080172532963596055,-1.2861621987589887e-15,0.0017021397939575797,3.9813225145124427e-05,1,0,0.0199785,0,0,0,0,0,0,0,0.013838700000000001,497,78,0.26351351351351349,0,0,0,0,0,0,0,0,0,1,20,nan,1,0.0049946753193596278,0,0.0056937243458578049,-0.0085412077605724335,0.0199785,0.00011375207184372016,0.0056937243458578049,-0.026498500000000001,0.14000000059604645,-0.084799997508525848,0.0027969900119081139
639155411885601984,nan,69.219505830151448,0.0071530240513798266,0.0028843284846824524,284,0,0,0,0,1.4362765694521158,2.4585563144230149,2.0625864155863645,1.4295285063059464,2.4609289494254813,2.059702087101682,0.0052779179899565543,0.0048279741891305954,-0.0028843284846824524,0,0.17591424355005633,0.09687499693205566,0.0052780254149297602,0.0028795891663643829,0.0060124525817412972,-0.0029065792829512387,0.0300034,2.9165038439860069e-17,-0.0019482675836825884,0.0017173559407077654,0.00092001910335826054,9.7205778144677176e-16,0.0019482675836825884,-2.225079826878584e-05,1,0,0.0300034,0,0,0,0,0,0,0,0.0038566999999999998,499,65,0.22887323943661972,0,0,0,0,0,0,0,0,0,1,20,nan,1,0.005277933879180967,0,0.0021188835045347892,-1.8304475815966725e-05,0.0300034,-6.3573709339959095e-05,-0.0021188835045347892,-0.029974799999999999,0.12599998712539673,-0.094400003552436829,0.0037804280137181279
639155411885802150,nan,76.207321485896244,0.0043058502492651675,0.002543567438796579,297,0,0,0,0,1.4278234383237389,2.4600218815428181,2.059702087101682,1.4319559383215998,2.4612313401559076,2.0622456545404786,-0.00087310317671975717,-0.0042164009785477918,0.002543567438796579,0,-0.04361895510325367,0.12707290143164068,-0.00087310317671978742,-0.0022850726875241452,0.0024461942573039863,0.002543567438796579,0.020016599999999999,-3.0249240612345574e-17,0.0019313282910236463,-0.0017050679822074866,-0.00090706788266325944,-1.5112077282028703e-15,0.0019313282910236463,0,1,0,0.020016599999999999,0,0,0,0,0,0,0,0.0040289999999999996,499,73,0.24579124579124578,0,0,0,0,0,0,0,0,0,1,20,nan,1,-0.00087310317671978742,0,0,-1.8304475815966725e-05,0.020016599999999999,0,0,-0.0099582000000000004,0.12599998712539673,-0.094400003552436829,0.0025220913422942162
639155411886102082,nan,70.011909862009901,0.0033866185855758453,0.00069075049076339212,298,0,0,0,0,1.4349717551232954,2.4628455598806642,2.0620730017531175,1.4316050632488373,2.4632123994459039,2.0613822512623541,0.0019116974070344074,0.0027954603320572554,-0.00069075049076339212,0,0.063753784943159794,0.028786634241244953,0.0019121800225571806,-0.00062552121346906727,0.0020118919521601038,-0.00086340327812450812,0.029993200000000001,-2.3657291403633707e-16,-0.0034206514439771296,0.0030158168016956033,0.0016142197247566159,-7.8875516462510528e-15,0.00342065144397713,-0.00017265278736111611,1,0,0.029993200000000001,0,0,0,0,0,0,0,0.013946999999999999,499,76,0.25503355704697989,0,0,0,0,0,0,0,0,0,1,20,nan,1,0.0019123342472222866,0,0.016446850558603291,-0.0098302187398076057,0.029993200000000001,-0.00049329367817430025,-0.016446850558603291,-0.0467307,0.12599998712539673,-0.094400003552436829,0.0037791428138494493
639155411886402060,nan,68.89430917473139,0.0037842601452422291,0.00068715471352964752,284,0,0,0,0,1.4321554365169564,2.463506376375745,2.0612639564440274,1.4285709853407673,2.4647197743370031,2.0605768017304977,0.002758768028184996,0.0025903327611588841,-0.00068715471352964752,0,0.091975892626300293,0.026850286749573314,0.0027590744318252312,0.0019660407152963261,0.0033878913522358729,-0.00080544953185635038,0.029997800000000002,1.9943898962870854e-16,-0.00062396567977649603,0.0005503732681191309,0.00029397692984112211,6.6484538742410617e-15,0.00062396567977649603,-0.00011829481832670295,1,0,0.029997800000000002,0,0,0,0,0,0,0,0.0087072999999999994,500,64,0.22535211267605634,0,0,0,0,0,0,0,0,0,1,20,nan,1,0.0027587421461018171,0,0.011266999420612807,-0.016899259760975838,0.029997800000000002,-0.00033798519521965886,-0.011266999420612807,-0.016732899999999998,0.12599998712539673,-0.094400003552436829,0.0037797224137902262
639155411886602546,nan,81.009394205780666,0.0028888636913858806,0.0019815624071859439,290,0,0,0,0,1.4274101759098856,2.4641009396334712,2.0605930301977233,1.4301306617160041,2.4650727885960757,2.0625745926049093,-0.0004222557956009102,-0.0028578372015370468,0.0019815624071859439,0,-0.021059296770242205,0.099647400537271558,-0.00042220941722787784,-0.0015423840865959717,0.0015991277192833578,0.0019977908744115425,0.0200486,6.9822619908066486e-17,0.0013154599671290899,-0.0011608094308817041,-0.00061883470353185643,3.4826681118914283e-15,0.0013154599671290899,1.6228467225598564e-05,1,0,0.0200486,0,0,0,0,0,0,0,0.0040343000000000002,499,79,0.27241379310344827,0,0,0,0,0,0,0,0,0,1,20,nan,1,-0.00042224517501383835,0,0.0023127325208249431,-0.0087295603007078171,0.0200486,4.6367049217010958e-05,0.0023127325208249431,0.0033157,0.12599998712539673,-0.094400003552436829,0.002526123341882229
639155411886802742,nan,71.614963526878341,0.0017525039555714896,0.0001454685966777447,322,0,0,0,0,1.4314875530997189,2.4657996407167775,2.0625813713627976,1.4332396768923101,2.4658361418089436,2.0627268399594754,-0.00079517770437247787,-0.0015617178147036149,0.0001454685966777447,0,-0.039719430850119121,0.0076049149116911904,-0.00079516711784704468,-0.0031010309170970431,0.0032013565084346518,0.00015224735456609295,0.020019599999999999,2.076247160309741e-16,-0.0015393077121121741,0.0013568913837147534,0.00072685212070178196,1.0371072150840882e-14,0.0015393077121121741,6.7787578883482524e-06,1,0,0.020019599999999999,0,0,0,0,0,0,0,0.0040618,499,99,0.30745341614906835,0,0,0,0,0,0,0,0,0,1,20,nan,1,-0.00079519714800660468,0,0.0009674458871216081,0.00076874869409948587,0.020019599999999999,1.9367879681819744e-05,0.0009674458871216081,-0.0101619,0.12599998712539673,-0.092799998819828033,0.0025224693422555922
639155411887102178,nan,64.071513697693334,0.0067978232032856857,0.0017014211887032005,298,0,0,0,0,1.4373277811891243,2.4680268361209099,2.0627661109430186,1.4305697028998252,2.4672928210401155,2.0610646897543154,0.0025453020816215174,0.0063033195711801283,-0.0017014211887032005,0,0.084994941894083298,0.055509364443818307,0.0025450545420996726,0.0016653446732767287,0.0030414923151429051,-0.001662150205159918,0.029943600000000001,-6.5268970783627367e-17,-0.0046380748495590124,0.0040881042968141657,0.0021906943119662792,-2.1797302523286235e-15,0.0046380748495590115,3.9270983543282512e-05,1,0,0.029943600000000001,0,0,0,0,0,0,0,0.013812899999999999,499,74,0.24832214765100671,0,0,0,0,0,0,0,0,0,1,20,nan,1,0.002545147966270595,0,0.0037471382907691125,0.016156120225787163,0.029943600000000001,0.00011220281012347399,0.0037471382907691125,-0.046308599999999998,0.12599998712539673,-0.092799998819828033,0.0037728932144880296
639155411887302044,nan,68.770131708259129,0.0023114456244785891,0.00035504198262970021,307,0,0,0,0,1.429586573931563,2.4667680927559639,2.0610646897543154,1.4274108825227334,2.4675485719475292,2.0614197317369451,0.001712995674862301,0.0015519106587765499,0.00035504198262970021,0,0.085707207572194674,0.017764001012163161,0.0017129956748624261,0.0026663084066319087,0.0031691567808130555,0.00035504198262970021,0.0199866,1.2522535092207576e-16,0.0011143977478553591,-0.00098312896826224794,-0.00052472828415162098,6.2654654079270988e-15,0.0011143977478553591,0,1,0,0.0199866,0,0,0,0,0,0,0,0.013820900000000001,499,86,0.28013029315960913,0,0,0,0,0,0,0,0,0,1,20,nan,1,0.0017129956748624261,0,0,0.016156120225787163,0.0199866,0,0,-0.026322000000000002,0.12599998712539673,-0.092799998819828033,0.0025183113426804544
639155411887602835,nan,65.343968652602129,0.0059325763427996439,3.4694399849488633e-05,323,0,0,0,0,1.4238723341927868,2.4656583177218501,2.061235338155011,1.4296447656507376,2.4642891949638748,2.0612700325548605,-0.0039266304010373704,-0.0044471379286902153,3.4694399849488633e-05,0,-0.13057074041344918,0.0049768504404928433,-0.0039274503579701794,-0.00043463299096818003,0.0039514265969593865,-0.00014969918208462829,0.030079100000000001,-9.540979117872439e-17,0.004011780816678006,-0.0035385483299466003,-0.0018902542256791222,-3.1719629636100944e-15,0.004011780816678006,-0.0001843935819341169,1,0,0.030079100000000001,0,0,0,0,0,0,0,0.0041263999999999997,499,106,0.32817337461300311,0,0,0,0,0,0,0,0,0,1,20,nan,1,-0.003927335730946141,0,0.017515112005551205,-0.011715719476342201,0.030079100000000001,-0.00052683880552617524,-0.017515112005551205,-0.029579399999999999,0.12599998712539673,-0.092799998819828033,0.0037899662127435208
639155411887802678,nan,60.742251663012283,0.0064440455350111203,0.00076422153020727624,333,0,0,0,0,1.4298998339729516,2.4644254006258248,2.0612935248851976,1.4258117441509521,2.4694066900637677,2.0605293033549903,0.0063197432997039371,0.0012595902044490299,-0.00076422153020727624,0,0.31623392899680353,0.037065556455328788,0.0063197137072508206,0.00097058156464651562,0.0063938102814554629,-0.00074072919987022711,0.0199843,-4.7569370317801507e-17,-0.00028915710495216573,0.00025506832221400266,0.00013620566195005068,-2.3803370804982663e-15,0.00028915710495216573,2.3492330337049339e-05,1,0,0.0199843,0,0,0,0,0,0,0,0.0040314000000000001,499,107,0.3213213213213213,0,0,0,0,0,0,0,0,0,1,20,nan,1,0.0063197462768671882,0,0.0033586837577219675,0.0033560639712959528,0.0199843,6.7120943819443113e-05,0.0033586837577219675,-0.043403299999999999,0.098000004887580872,-0.097599998116493225,0.0019584614976748825
639155411888102610,nan,62.655179760865913,0.0044967169570200426,0.00026489454313516347,325,0,0,0,0,1.4245200797981576,2.4687181745765128,2.0606194372604012,1.428408388641953,2.4664595206130171,2.0608843318035364,-0.0038224045121833974,-0.0023684778100694958,0.00026489454313516347,0,-0.12743525254063645,0.011836964663526019,-0.0038221910165018172,-0.00090511116303757118,0.0039278964324536893,0.00035502844854606863,0.029993200000000001,1.3053794156725473e-16,0.0014637111656573014,-0.001291664352794486,-0.00068851548725490375,4.3522512291871067e-15,0.0014637111656573014,9.0133905410905157e-05,1,0,0.029993200000000001,0,0,0,0,0,0,0,0.014160900000000001,500,105,0.32307692307692309,0,0,0,0,0,0,0,0,0,1,20,nan,1,-0.0038223075293929197,0,0.0085861276566322978,0.012876272201538086,0.029993200000000001,0.00025752544403090383,0.0085861276566322978,-0.046278100000000003,0.098000004887580872,-0.097599998116493225,0.0029393337465941907
639155411888302739,nan,64.88915126262799,0.0033707418028861404,0.00031774370146786529,320,0,0,0,0,1.4289404351245019,2.4667433680470578,2.0608816713873273,1.4304570722563792,2.463733100266289,2.0611994150887951,-0.0033698201589275963,7.8818768128505494e-05,0.00031774370146786529,0,-0.168382390819169,0.015744009376889648,-0.0033698199492249474,-0.00052420031369415339,0.0034103478501571471,0.00031508328525875484,0.0200129,-4.4452289071905682e-18,-0.00060302804694655258,0.00053204648254889797,0.00028384743404075152,-2.22118179133987e-16,0.00060302804694655247,-2.6604162091103944e-06,1,0,0.0200129,0,0,0,0,0,0,0,0.014185400000000001,500,99,0.30937500000000001,0,0,0,0,0,0,0,0,0,1,20,nan,1,-0.0033698179569277356,0,0.00037981447814400396,-0.00025337128317914903,0.0200129,-7.6011891696481371e-06,-0.00037981447814400396,-0.026265199999999999,0.098000004887580872,-0.097599998116493225,0.0019612642978146673
639155411888548694,nan,60.620452757093375,0.0019501828635068059,0.00034802133365063881,320,0,0,0,0,1.4310242267244309,2.4640359074545106,2.0611766777324267,1.429129919002929,2.4644993850239505,2.0608286563987761,0.0013010044070334223,0.0014527906710862435,-0.00034802133365063881,0,0.052897377134684891,0.015074248948751316,0.0013010374393161422,0.00080983311210740402,0.0015324908117074856,-0.00037075869001901296,0.024595499999999999,-1.9271693615929841e-16,-0.00064292797720246527,0.00056715446805166714,0.000302807188221621,-7.8354551100525877e-15,0.00064292797720246527,-2.2737356368374151e-05,1,0,0.024595499999999999,0,0,0,0,0,0,0,0.018448099999999999,499,103,0.32187500000000002,0,0,0,0,0,0,0,0,0,1,20,nan,1,0.0013010111336811303,0,0.0026412911035870504,-0.0064963875338435173,0.024595499999999999,-6.4963875338275301e-05,-0.0026412911035870504,-0.035097099999999999,0.098000004887580872,-0.097599998116493225,0.0024103591202124953
639155411888902759,nan,63.781434553623832,0.0038893046564754874,0.00054580004259863202,326,0,0,0,0,1.428100703277313,2.4639503708141115,2.0608410405263689,1.4318115481659386,2.4627857588944391,2.0613868405689675,-0.0027741169273336704,-0.0027259798209749654,0.00054580004259863202,0,-0.078349545090284634,0.015765019705177807,-0.0027740831682391632,-0.001559523021740998,0.0031823968136685918,0.00055818417019137801,0.0354065,-1.3866945786089602e-16,0.0011664911540429147,-0.001029215725615984,-0.00054901420983899385,-3.9164971929136177e-15,0.0011664911540429149,1.2384127592746097e-05,1,0,0.0354065,0,0,0,0,0,0,0,0.013929199999999999,499,109,0.33435582822085891,0,0,0,0,0,0,0,0,0,1,20,nan,1,-0.0027741107582794342,0,0.00099934254144004174,-0.0041544367559254169,0.0354065,3.5383221693496836e-05,0.00099934254144004174,-0.033186399999999998,0,-0.070399999618530273,0
639155411889102089,nan,64.369074691431706,0.0026205115717718125,0.00036959496382404916,324,0,0,0,0,1.4325851999491697,2.4631990025979706,2.0613868405689675,1.4302302891297256,2.4643485572640285,2.0610172456051434,0.0021234789849921736,0.0015355513335888779,-0.00036959496382404916,0,0.10653082752181339,0.018541863433705372,0.0021234789849923063,0.00065844960619055779,0.002223222634734645,-0.00036959496382404916,0.019932999999999999,1.3265213580360147e-16,-0.00087710172739832032,0.00077365178323107742,0.00041324370353157391,6.6549007075503676e-15,0.00087710172739832032,0,1,0,0.019932999999999999,0,0,0,0,0,0,0,0.0139779,499,103,0.31790123456790126,0,0,0,0,0,0,0,0,0,1,20,nan,1,0.0021234789849923063,0,0,-0.0041544367559254169,0.019932999999999999,0,0,-0.046431699999999999,0,-0.070399999618530273,0
639155411889402712,nan,61.276690517486216,0.0021869407754792122,0.00095504773424526235,331,0,0,0,0,1.4293531456174053,2.4638804503745542,2.0609940657285022,1.4273381249840329,2.4647303926093778,2.0600390179942569,0.001698525271030326,0.0013775782588023723,-0.00095504773424526235,0,0.056501239182230052,0.03254001227073465,0.0016985572026679545,0.0023717746743426703,0.0029172609887681399,-0.00097822761088650623,0.0300623,-1.5666721392415539e-16,0.00099423578751664044,-0.00087714351232026644,-0.00046810688947429568,-5.2114180859134324e-15,0.00099423578751664022,-2.3179876641243879e-05,1,0,0.0300623,0,0,0,0,0,0,0,0.0040433999999999999,499,106,0.3202416918429003,0,0,0,0,0,0,0,0,0,1,20,nan,1,0.0016984786625304509,0,0.0022030323353707778,-0.0085109537467360497,0.0300623,-6.6228218975616926e-05,-0.0022030323353707778,-0.016369399999999999,0,-0.070399999618530273,0
639155411889602233,nan,62.16270784776313,0.0026069386303076594,0.00036210370153622051,321,0,0,0,0,1.4259476874155812,2.4639901017153538,2.0601129485446239,1.4263858695328688,2.4665599510211069,2.0604750522461601,0.0020623328673752025,-0.0015946511111633007,0.00036210370153622051,0,0.10337010917012918,0.021854053052219793,0.0020624507551733344,-1.9269371695560433e-05,0.0020625407695850765,0.00043603425190319456,0.0199521,2.0816681711721685e-17,0.0015752292657059911,-0.0013904375684516967,-0.00074029089402394277,1.0433328678044759e-15,0.0015752292657059909,7.3930550366974046e-05,1,0,0.0199521,0,0,0,0,0,0,0,0.0040562000000000003,499,104,0.32398753894080995,0,0,0,0,0,0,0,0,0,1,20,nan,1,0.0020624487085344118,0,0.01058686273149221,0.0078399302437901497,0.0199521,0.00021123014390500572,0.01058686273149221,0.0035826999999999999,0,-0.070399999618530273,0
639155411889802142,nan,61.665816622464575,0.0022012675383458842,0.00050721564335987068,326,0,0,0,0,1.4264037026728753,2.4665694556485183,2.0605309353259273,1.4283911685185628,2.4656231162339313,2.0610381509692872,-0.0017699919830832334,-0.00130870438036878,0.00050721564335987068,0,-0.088536226277361074,0.028167752483734994,-0.0017699188458880975,-0.0013290111810884235,0.0022133421426629688,0.00056309872312709786,0.019990899999999999,1.2370069161701802e-16,-2.0207890160005709e-05,1.7833140006473513e-05,9.5046274113386175e-06,6.1878500526248461e-15,2.0207890160005709e-05,5.5883079767227173e-05,1,0,0.019990899999999999,0,0,0,0,0,0,0,0.0038425999999999998,499,103,0.31595092024539878,0,0,0,0,0,0,0,0,0,1,20,nan,1,-0.0017700249391590761,0,0.0079869311632831761,0.015966594219207764,0.019990899999999999,0.00015966594219207764,0.0079869311632831761,-0.0097552000000000003,0,-0.070399999618530273,0
639155411890102075,nan,60.589904687367842,0.0028718371063391102,0.00074054223462649571,323,0,0,0,0,1.4301489750958658,2.4665612555134526,2.0610530450568536,1.4272830383762531,2.4663772580011813,2.0603125028222271,0.0011871083203585889,0.0026149994648339042,-0.00074054223462649571,0,0.039577818119242714,0.024193674822714055,0.0011870693721958824,0.00062253395329160764,0.0013404037516384396,-0.00072564814706010949,0.029993300000000001,-2.2226144535952841e-17,-0.0019924831921475225,0.0017578065773029561,0.00093813927952135501,-7.4103698279125135e-16,0.001992483192147522,1.4894087566386107e-05,1,0,0.029993300000000001,0,0,0,0,0,0,0,0.0139656,499,103,0.31888544891640869,0,0,0,0,0,0,0,0,0,1,20,nan,1,0.0011870826177489081,0,0.0014188013957474543,0.0084748268127441406,0.029993300000000001,4.2554535903072122e-05,0.0014188013957474543,-0.046426000000000002,0,0,0
639155411890302012,nan,61.28568249500983,0.0018599648103768286,0.00093562523364454375,320,0,0,0,0,1.4269162827144493,2.4661818627485279,2.0603125028222271,1.428502540336916,2.4652106491515235,2.0612481280558717,-0.0016030113660448213,-0.00094330464653325408,0.00093562523364454375,0,-0.080175823686704784,0.046796002422990431,-0.0016030113660448694,-0.00052774596207977276,0.0016876496200812963,0.00093562523364454375,0.0199937,-4.821989162129281e-17,0.00041555868445348158,-0.00036675566180388586,-0.00019539525265344082,-2.4117542836639948e-15,0.00041555868445348158,0,1,0,0.0199937,0,0,0,0,0,0,0,0.013999599999999999,500,101,0.31562499999999999,0,0,0,0,0,0,0,0,0,1,20,nan,1,-0.0016030113660448694,0,0,0.0084748268127441406,0.0199937,0,0,-0.026432299999999999,0,0,0
639155411890602130,nan,63.451182239120058,0.0035427941137192213,0.00049330705866479363,325,0,0,0,0,1.4291993518953041,2.4655827246623554,2.0612882395233276,1.4299099624875782,2.462111928972841,2.0607949324646628,-0.003396333326384544,0.0010081220502961242,-0.00049330705866479363,0,-0.11316794597149062,0.015100580145436844,-0.0033963737609071822,0.0002180576349725702,0.0034033665473981243,-0.00045319559120882147,0.030011800000000002,-6.7762635780344027e-17,-0.00078992818259890059,0.0006968115583880774,0.00037207551083184853,-2.2578664318815942e-15,0.00078992818259890059,4.0111467455972161e-05,1,0,0.030011800000000002,0,0,0,0,0,0,0,0.0039715000000000002,499,98,0.30153846153846153,0,0,0,0,0,0,0,0,0,1,20,nan,1,-0.0033963612601715285,0,0.003818637760177828,0.017556874081492424,0.030011800000000002,0.00011460419273090494,0.003818637760177828,-0.029653200000000001,0,0,0
639155411890902093,nan,61.707229722317791,0.0035320758191974772,0.00044574945052966441,323,0,0,0,0,1.4297190197205407,2.4620100827061995,2.0607608430050637,1.4288718448672,2.4654390554912222,2.0612065924555933,0.0034242285137939497,-0.00086615164831570224,0.00044574945052966441,0,0.11415404517099541,0.013723692286399088,0.0034241989851627294,-0.00064986181074558542,0.0034853205108074351,0.00041165999093051298,0.0299963,2.8975303059675106e-17,0.00021640656716639982,-0.00019094276703746083,-0.00010184626664155871,9.6596257070622393e-16,0.0002164065671663998,-3.4089459599151439e-05,1,0,0.0299963,0,0,0,0,0,0,0,0.0138844,499,102,0.31578947368421051,0,0,0,0,0,0,0,0,0,1,20,nan,1,0.0034242306288707657,0,0.0032470156651760976,-0.0048698741011321545,0.0299963,-9.7398455997321776e-05,-0.0032470156651760976,-0.0334068,0,0,0
639155411891102033,nan,59.820035475178798,0.0014349366663380257,0.00029426945428978613,325,0,0,0,0,1.4292547854108042,2.4656435132870853,2.0610975504723319,1.4278451205909561,2.4659116332827664,2.0608032810180421,0.00090033244967560112,0.0011173382283187205,-0.00029426945428978613,0,0.045036224922438958,0.020171623364571109,0.00090045428109924454,0.00068313585481898597,0.0011302621414916204,-0.00040331143755123477,0.019994000000000001,4.1009947174264205e-17,-0.00043410419282136005,0.00038294054360421548,0.00020445779586308888,2.0511126925209666e-15,0.00043410419282136005,-0.00010904198326144866,1,0,0.019994000000000001,0,0,0,0,0,0,0,0.014036099999999999,500,106,0.32615384615384613,0,0,0,0,0,0,0,0,0,1,20,nan,1,0.00090034785519113863,0,0.015582100810478641,-0.010384950786828995,0.019994000000000001,-0.00031154852360470997,-0.015582100810478641,-0.046462299999999998,0,0,0
639155411891301966,nan,60.184242128131508,0.00092447264003255752,0.00058557680938831069,327,0,0,0,0,1.4272420703481141,2.465589968044509,2.0608032810180421,1.4269831678372165,2.4647024889450257,2.0602177042086538,-0.00066120125346188054,0.0006461134301260148,-0.00058557680938831069,0,-0.033071141505492993,0.029288652167891782,-0.00066120125346177299,0.0013295884632435364,0.00148492174176612,-0.00058557680938831069,0.019993299999999999,1.0776969594505914e-16,0.00068347503311752154,-0.00060305024284201814,-0.0003216652382573848,5.3902905445853938e-15,0.00068347503311752154,0,1,0,0.019993299999999999,0,0,0,0,0,0,0,0.0139615,500,104,0.31804281345565749,0,0,0,0,0,0,0,0,0,1,20,nan,1,-0.00066120125346177299,0,0,-0.010384950786828995,0.019993299999999999,0,0,-0.026468999999999999,0,0,0
639155411891601874,nan,59.681352011765945,0.0032071711863669492,0.0007745059628732065,335,0,0,0,0,1.4252233786693942,2.4637651458088485,2.0601934075085144,1.4263609050642252,2.4667638089642772,2.0609679134713876,0.0021119252854891789,-0.0024136525448319682,0.0007745059628732065,0,0.070417149294911496,0.025014646582746585,0.0021118666410738316,-0.00041984577017870766,0.0021531955741217329,0.00075020926273383637,0.029990800000000001,1.356336917779366e-16,0.0019938580867562084,-0.0017597891678222677,-0.00093734313617721554,4.5225099623196646e-15,0.0019938580867562084,-2.4296700139370131e-05,1,0,0.029990800000000001,0,0,0,0,0,0,0,0.0039985000000000003,500,109,0.32537313432835818,0,0,0,0,0,0,0,0,0,1,20,nan,1,0.0021118812124685206,0,0.0023146812774428676,-0.0065084928646683693,0.029990800000000001,-6.9419143255533555e-05,-0.0023146812774428676,0.0035217999999999998,0,0,0
639155411891801888,nan,57.676531981205876,0.0026720909814416161,0.00036770335936120446,324,0,0,0,0,1.4266088701204365,2.4668961252434309,2.0609780010290448,1.4283767647967045,2.4648924739197908,2.0606102976696836,-0.0026000164344365073,-0.00061642903384062826,-0.00036770335936120446,0,-0.12999141140324502,0.017879538517504491,-0.0026000102160408647,-0.00089751444904098948,0.0027505609082065811,-0.0003576158017040143,0.020001399999999999,-6.4753974751696752e-17,-0.00028105918741603295,0.00024796505621127451,0.00013231627915377686,-3.2374721145368201e-15,0.00028105918741603295,1.008755765719016e-05,1,0,0.020001399999999999,0,0,0,0,0,0,0,0.0038214,499,105,0.32407407407407407,0,0,0,0,0,0,0,0,0,1,20,nan,1,-0.0026000231496691095,0,0.0014409787968161353,-0.00075825850944966078,0.020001399999999999,2.8821593306638249e-05,0.0014409787968161353,-0.0097456999999999995,0,0,0
639155411892102045,nan,59.192831392161281,0.0032905120299797385,9.4506572473562755e-05,322,0,0,0,0,1.4295665120885941,2.4655267867549728,2.0606229854773535,1.4266779367744633,2.4671027315744496,2.0605284789048799,0.0027496329504922449,0.0018074811360035527,-9.4506572473562755e-05,0,0.091605726912843521,0.002725865623781275,0.0027496100172978372,0.00045923882882981603,0.0027876971767266242,-8.1818764803731612e-05,0.030015699999999999,-6.9280518821823733e-17,-0.0013482771938422896,0.0011897472918895868,0.00063431283518200487,-2.3081426993814482e-15,0.0013482771938422896,1.2687807669831132e-05,1,0,0.030015699999999999,0,0,0,0,0,0,0,0.013893300000000001,499,101,0.31366459627329191,0,0,0,0,0,0,0,0,0,1,20,nan,1,0.0027496183407517906,0,0.0012077305895510436,0.0092895571142435074,0.030015699999999999,3.6250879056787255e-05,0.0012077305895510436,-0.0130347,0,0,0
639155411892402047,nan,64.030242643604183,0.0014808448520038933,0.0008285104330769677,325,0,0,0,0,1.4262726882423566,2.4668867162173918,2.0605235343345174,1.4274492817065094,2.4677858987882968,2.0613520447675944,0.00024004161381934645,-0.0014612602435368713,0.0008285104330769677,0,0.0080010929431305541,0.027452012410399979,0.00024003438851250523,-0.0010020348988934473,0.0010303836403344987,0.00082356586271448151,0.030000200000000001,1.8526304622346057e-16,0.00045922653152821036,-0.00040524853210666123,-0.00021601535705784158,6.1753937048239867e-15,0.00045922653152821041,-4.9445703624861883e-06,1,0,0.030000200000000001,0,0,0,0,0,0,0,0.0039512000000000002,499,103,0.31692307692307692,0,0,0,0,0,0,0,0,0,1,20,nan,1,0.00024004146655232165,0,0.00047090832370932744,-0.0056790574453771114,0.030000200000000001,-1.4127343892944566e-05,-0.00047090832370932744,-0.049743900000000001,0,0,0
639155411892602134,nan,61.928358615703715,0.0018705871762545315,0.00022871299193738537,323,0,0,0,0,1.4280388942704176,2.4681008121438679,2.0613520447675944,1.4284984632908473,2.4662875574184007,2.061123331775657,-0.0018159301329087835,0.00044888098240156008,-0.00022871299193738537,0,-0.090757027338543392,0.011430677252264532,-0.0018159301329087132,-0.00021956003746142626,0.0018291552306067191,-0.00022871299193738537,0.020008700000000001,7.0364720994309238e-17,-0.00066844101986298623,0.00058961256390821504,0.00031491335557110034,3.5167062824825817e-15,0.00066844101986298623,0,1,0,0.020008700000000001,0,0,0,0,0,0,0,0.0040704000000000001,500,101,0.31269349845201239,0,0,0,0,0,0,0,0,0,1,20,nan,1,-0.0018159301329087132,0,0,-0.0056790574453771114,0.020008700000000001,0,0,-0.0297352,0,0,0
639155411892902148,nan,59.664200326827924,0.0022172137823999035,0.000594468453169128,332,0,0,0,0,1.4287894367359146,2.4664428814464632,2.0611550903961904,1.4281929993332789,2.4643073956980674,2.0605606219430213,-0.0016029608949974222,0.0015318463780592197,-0.000594468453169128,0,-0.053431157996520325,0.018756119135631428,-0.001603009543516805,0.0012019605115977732,0.0020035839558267422,-0.00056270983263573271,0.030001400000000001,6.4293188828390413e-17,-0.00032983495786214316,0.00029097344506734402,0.000155324028062509,2.1430062873196056e-15,0.00032983495786214316,3.1758620533395288e-05,1,0,0.030001400000000001,0,0,0,0,0,0,0,0.014058599999999999,500,107,0.32228915662650603,0,0,0,0,0,0,0,0,0,1,20,nan,1,-0.001602955009570182,0,0.0030244893841478711,-0.0055290902964770794,0.030001400000000001,9.0738915809573939e-05,0.0030244893841478711,0.00026620000000000002,0,0,0
639155411893102069,nan,61.498998038094264,0.0020399367861125401,0.00019271640208229357,322,0,0,0,0,1.4274867337913133,2.463930895834205,2.060566499448544,1.427452507508252,2.4659705454739429,2.0607592158506263,0.0018159712975609216,-0.0009292956137688707,0.00019271640208229357,0,0.090834717686967575,0.0099336191598189214,0.0018159767594696243,-0.00012893304073205989,0.0018205480822890158,0.00019859390760501586,0.019992099999999999,-3.290553593493506e-17,0.00080035189963942907,-0.00070626554196562275,-0.00037649986386245615,-1.6459269378872186e-15,0.00080035189963942918,5.8775055227222595e-06,1,0,0.019992099999999999,0,0,0,0,0,0,0,0.0139586,500,103,0.31987577639751552,0,0,0,0,0,0,0,0,0,1,20,nan,1,0.001815975676827527,0,0.00083997543633074516,-0.0075891483575105667,0.019992099999999999,1.679287292066789e-05,0.00083997543633074516,-0.013202800000000001,0,0,0
639155411893402102,nan,60.854785478040803,0.00082033398335987738,5.7714553713061889e-05,319,0,0,0,0,1.4276237174404383,2.4660618586610932,2.0607562401379185,1.4278124698512775,2.4652635351855161,2.0606985255842054,-0.00079322718955542331,0.00020913744285777243,-5.7714553713061889e-05,0,-0.026437977396446734,0.002022786374194163,-0.00079322656721881029,1.5101304446804413e-05,0.0007933703021526157,-6.0690266420859735e-05,0.0300033,1.5478341264946183e-16,-0.00019403849882627019,0.0001712099321862226,9.1313187150277031e-05,5.1588796115581226e-15,0.00019403849882627019,-2.97571270779784e-06,1,0,0.0300033,0,0,0,0,0,0,0,0.0038038,499,97,0.30407523510971785,0,0,0,0,0,0,0,0,0,1,20,nan,1,-0.00079322663140756226,0,0.00028337003951347606,-0.0057205650955438614,0.0300033,-8.5020363065346771e-06,-0.00028337003951347606,-0.0167058,0,0,0
639155411893602098,nan,60.429237122573049,0.002852581682472198,0.00017671772987037923,326,0,0,0,0,1.427803615940046,2.4652588137264368,2.0607024171900892,1.4260031380959344,2.4674713918127513,2.0608791349199596,0.0027995304209660868,0.00054758714124909964,0.00017671772987037923,0,0.13997921408186334,0.0090306474006552617,0.0027995282899516342,0.0005576321736414187,0.0028545248794360819,0.00018060933575414495,0.019999599999999999,8.7465469166426307e-17,1.0034137727407637e-05,-8.8539112315100255e-06,-4.7214590792599154e-06,4.3733609255398266e-15,1.0034137727407635e-05,3.8916058837656919e-06,1,0,0.019999599999999999,0,0,0,0,0,0,0,0.0036971999999999999,499,106,0.32515337423312884,0,0,0,0,0,0,0,0,0,1,20,nan,1,0.0027995313900292971,0,0.00055595481677397657,-0.0072693927213549614,0.019999599999999999,1.1118873953552821e-05,0.00055595481677397657,-0.0298,0,0,0
639155411893902082,nan,60.508265327443489,0.0033573298738875284,0.00024886546865143799,335,0,0,0,0,1.425265838660891,2.4670780466055784,2.0608099040277299,1.4281112882869944,2.465296171102799,2.0610587694963813,-0.0029113722649527257,-0.0016719974332999681,0.00024886546865143799,0,-0.097054776649753247,0.0059881385814504525,-0.0029114880118499579,-0.0008361339138714828,0.0030291718942760688,0.00017963457642178327,0.029998400000000001,-1.9336745746278972e-16,0.00083566195852225898,-0.00073729943504341477,-0.00039334520717293486,-6.4459256981302239e-15,0.00083566195852225898,-6.9230892229654728e-05,1,0,0.029998400000000001,0,0,0,0,0,0,0,0.0140029,500,107,0.31940298507462689,0,0,0,0,0,0,0,0,0,1,20,nan,1,-0.0029114053029009584,0,0.0065937699753308701,-0.0065934183076024055,0.029998400000000001,-0.00019780254922796559,-0.0065937699753308701,-0.033191999999999999,0,0,0
639155411894102773,nan,61.049069849603598,0.00088629302146364046,0.00030481905423096478,322,0,0,0,0,1.4286044683813139,2.4655593937977067,2.0610587694963813,1.428473293338764,2.466435925843959,2.0607539504421504,0.00083504948079634429,-0.0002969977853737379,-0.00030481905423096478,0,0.041608715926302525,0.015188476525153833,0.00083504948079655798,-0.00085602622163393654,0.0011958630889460026,-0.00030481905423096478,0.020069099999999999,2.1383177346845361e-16,-0.00055902843626019858,0.00049318009431953413,0.00026322269490774985,1.065477642088851e-14,0.00055902843626019858,0,1,0,0.020069099999999999,0,0,0,0,0,0,0,0.0139942,499,104,0.32298136645962733,0,0,0,0,0,0,0,0,0,1,20,nan,1,0.00083504948079655798,0,0,-0.0065934183076024055,0.020069099999999999,0,0,-0.0131229,0,0,0
639155411894402518,nan,60.99511648948107,0.0025509598910514854,2.0585250202209696e-05,320,0,0,0,0,1.429601072876967,2.4670374086951292,2.060782089952903,1.4273910558511926,2.465763351745248,2.0607615047027008,-8.4087382877758412e-05,0.0025495736266666581,-2.0585250202209696e-05,0,-0.0028076907571124724,0.0002520229044833204,-8.4159126599067809e-05,0.0012714209134554572,0.0012742032403670253,7.5542605504352878e-06,0.029974500000000001,-1.2815269678778662e-16,-0.0012781503460239695,0.0011277795382029776,0.00060148285117023192,-4.2753906416382796e-15,0.0012781503460239695,2.8139510752644984e-05,1,0,0.029974500000000001,0,0,0,0,0,0,0,0.0041038000000000003,499,100,0.3125,0,0,0,0,0,0,0,0,0,1,20,nan,1,-8.4108016298988582e-05,0,0.0026822333033237476,-0.0064059575088322163,0.029974500000000001,8.0398602150477672e-05,0.0026822333033237476,-0.017385399999999999,0,0,0
639155411894602500,nan,60.266549560259271,0.0013765583468161593,7.8450891613179863e-05,325,0,0,0,0,1.4266425950727428,2.4653641651151394,2.0607646131966391,1.4273122544701176,2.4641614726466767,2.0606861623050259,-0.0013763333437956044,-2.488792770899233e-05,-7.8450891613179863e-05,0,-0.068822857378412539,0.0037674589550522938,-0.0013763332664249697,0.00082336689502961256,0.0016038161690476662,-7.5342397674926787e-05,0.019998200000000001,1.2685165418080402e-17,0.00084825910106234087,-0.00074846077844981096,-0.00039918663010851674,6.3431535928635587e-16,0.00084825910106234097,3.1084939382530763e-06,1,0,0.019998200000000001,0,0,0,0,0,0,0,0.0039018999999999998,499,102,0.31384615384615383,0,0,0,0,0,0,0,0,0,1,20,nan,1,-0.0013763296100813963,0,0.00044411053253647819,-0.0076649938710033894,0.019998200000000001,8.8814112517709987e-06,0.00044411053253647819,-0.029752899999999999,0,0,0
639155411894902606,nan,59.157245273961728,0.0027389385896536629,0.00016364858835427043,319,0,0,0,0,1.4262221190751356,2.4635801616010626,2.0606803916263865,1.4259466233506839,2.4663052096196676,2.0608440402147408,0.0025341753140056978,-0.0010391054209165308,0.00016364858835427043,0,0.084442474246429589,0.005260738196333545,0.0025341693176198997,0.00019632226915853191,0.0025417624916057092,0.00015787790971488747,0.030010599999999998,-1.4647571350279165e-16,0.001235442313969114,-0.0010901353949819281,-0.00058131104561409686,-4.8807992343635802e-15,0.001235442313969114,-5.7706786393829645e-06,1,0,0.030010599999999998,0,0,0,0,0,0,0,0.0139299,499,101,0.31661442006269591,0,0,0,0,0,0,0,0,0,1,20,nan,1,0.0025341676990870378,0,0.00054939432251025085,-0.0070089674554765224,0.030010599999999998,-1.6487653255126133e-05,-0.00054939432251025085,-0.033300099999999999,0,0,0
639155411895102042,nan,62.050803542758281,0.002089414245538942,6.2657413702815745e-05,323,0,0,0,0,1.4258317461418462,2.4662439284373781,2.0608440402147408,1.4278534010291533,2.4657161373744674,2.0609066976284436,-0.0014172037808377461,-0.0015353127801983101,6.2657413702815745e-05,0,-0.071060579877143995,0.0031417303647694374,-0.0014172037808378088,-0.0014051123331439578,0.0019956971777236737,6.2657413702815745e-05,0.019943599999999999,-6.2653333042506087e-17,0.00013020044705435249,-0.00011487720883773811,-6.1281182289540936e-05,-3.1415257547537101e-15,0.00013020044705435246,0,1,0,0.019943599999999999,0,0,0,0,0,0,0,0.0138849,499,101,0.31269349845201239,0,0,0,0,0,0,0,0,0,1,20,nan,1,-0.0014172037808378088,0,0,-0.0070089674554765224,0.019943599999999999,0,0,-0.0133565,0,0,0
639155411895402144,nan,57.953762956071763,0.0025300079647583387,5.9040711424707126e-05,328,0,0,0,0,1.4297187316307978,2.4667113470735256,2.0609028746129372,1.4272514337127189,2.4672711517583794,2.0609619153243619,0.0016553122138559715,0.0019133430890459439,5.9040711424707126e-05,0,0.055158563707811512,0.0018399642760901049,0.0016553195285841651,-0.00020087718266743556,0.0016674634581388911,5.5217695918319265e-05,0.030010200000000001,-8.0230960763927328e-18,-0.0021142139434151353,0.0018653306016445104,0.00099520969905819712,-2.6734563836271445e-16,0.0021142139434151357,-3.8230155063878613e-06,1,0,0.030010200000000001,0,0,0,0,0,0,0,0.0087098000000000002,500,107,0.32621951219512196,0,0,0,0,0,0,0,0,0,1,20,nan,1,0.0016553206256403126,0,0.00036397296407360871,-0.0064616617746651173,0.030010200000000001,-1.0922901446441813e-05,-0.00036397296407360871,-0.049958299999999997,0,0,0
639155411895602035,nan,56.829904848761565,0.0010134566565306025,0.00011113686574049098,323,0,0,0,0,1.4273695328196083,2.4673341695438977,2.0609619153243619,1.4280439568776244,2.466577699726499,2.0610730521901024,-0.00098489916854993162,-0.00023888914260769757,0.00011113686574049098,0,-0.04927181156479455,0.0055598734180373798,-0.0009848991685498347,-0.00037274966830408088,0.0010530758222611317,0.00011113686574049098,0.019989099999999999,9.682603026653358e-17,-0.00013386052569638337,0.00011809910688942438,6.3017785518315605e-05,4.8439414614231549e-15,0.00013386052569638337,0,1,0,0.019989099999999999,0,0,0,0,0,0,0,0.0037483,499,101,0.31269349845201239,0,0,0,0,0,0,0,0,0,1,20,nan,1,-0.0009848991685498347,0,0,-0.0064616617746651173,0.019989099999999999,0,0,-0.029969200000000001,0,0,0
639155411895902160,nan,59.691860356128181,0.0015868685452588153,4.8443005776555026e-05,328,0,0,0,0,1.4285375475841988,2.4668411506336567,2.0610880603004236,1.4286683595644598,2.4652596829590734,2.0611365033062001,-0.0014567608770027587,0.00062928493321068985,4.8443005776555026e-05,0,-0.048538786212957437,0.0021141563047974905,-0.0014567703212163851,6.9764932203751737e-05,0.0014584398906167795,6.3451116097734683e-05,0.030012500000000001,1.1329912702473521e-17,-0.00055949813770811419,0.0004935907065743983,0.00026345090715773622,3.7750646238978828e-16,0.00055949813770811419,1.5008110321179657e-05,1,0,0.030012500000000001,0,0,0,0,0,0,0,0.013874600000000001,499,106,0.32317073170731708,0,0,0,0,0,0,0,0,0,1,20,nan,1,-0.0014567688251104194,0,0.001428748528244612,-0.0068256901577115059,0.030012500000000001,4.2880315203941421e-05,0.001428748528244612,4.3300000000000002e-05,0,0,0
639155411896102730,nan,60.497569092680642,0.0017356325021515822,0.00059323885243234287,315,0,0,0,0,1.4286271754600797,2.4652376978469883,2.0611403874763212,1.4272383394903441,2.4641967584483231,2.0605471486238889,-0.00026424268756015696,0.0017153996573964763,-0.00059323885243234287,0,-0.013174919003948286,0.02938398974478983,-0.00026424935046219077,0.0017620834851697772,0.0017817872847025703,-0.00058935468231124954,0.020056999999999998,6.775924764855501e-17,4.6684854149792713e-05,-4.1184104380143083e-05,-2.1985112085065595e-05,3.3783341301568037e-15,4.6684854149792713e-05,3.8841701210934332e-06,1,0,0.020056999999999998,0,0,0,0,0,0,0,0.013997300000000001,500,102,0.32380952380952382,0,0,0,0,0,0,0,0,0,1,20,nan,1,-0.00026423957298380384,0,0.0005533045279309944,-0.0069918325170874596,0.020056999999999998,1.1097628916711955e-05,0.0005533045279309944,-0.013213000000000001,0,0,0
639155411896402195,nan,58.171585857711236,0.0030493174489815652,0.0001250087801296651,329,0,0,0,0,1.4249168951573536,2.4629592704841916,2.0605664619169879,1.4275307741141559,2.4645296123908635,2.0604414531368582,0.00015610517390037253,-0.0030453190439336522,-0.0001250087801296651,0,0.0052147659663254291,0.0035294771352463489,0.00015616398901056446,-0.00041463546013935642,0.0004430685683600987,-0.00010569548703065479,0.029946500000000001,3.4043948216044839e-17,0.0026306805683213616,-0.0023214443329904189,-0.0012374879641314784,1.1368256128777934e-15,0.0026306805683213616,1.9313293099010309e-05,1,0,0.029946500000000001,0,0,0,0,0,0,0,0.0039224999999999998,499,104,0.3161094224924012,0,0,0,0,0,0,0,0,0,1,20,nan,1,0.00015615254898516899,0,0.0018426473018755734,0.0024160968605428934,0.029946500000000001,5.5180837425616858e-05,0.0018426473018755734,-0.016564599999999999,0,0,0
639155411896602149,nan,60.038848619409457,0.0015436986029678259,7.4385707967916659e-05,328,0,0,0,0,1.4277750878012239,2.4646598150696439,2.0605056141816527,1.4265508120165391,2.4656001097999489,2.0604312284736848,0.0014056433714328431,0.00063810037545179981,-7.4385707967916659e-05,0,0.070296289514233848,0.00051135076935013605,0.0014056024273529115,0.00036134779900192314,0.0014513064513134125,-1.0224663173463711e-05,0.0199954,7.6558225904632682e-17,-0.00027684276268371991,0.0002443136870680096,0.00013020267878038894,3.8287919173726294e-15,0.00027684276268371991,6.4161044794452948e-05,1,0,0.0199954,0,0,0,0,0,0,0,0.0040080000000000003,500,102,0.31097560975609756,0,0,0,0,0,0,0,0,0,1,20,nan,1,0.0014056355420945859,0,0.0091679721756048275,0.0091656344011425972,0.0199954,0.00018331727084008875,0.0091679721756048275,-0.030826900000000001,0,0,0
639155411896802179,nan,56.787987912302128,0.002383498954912096,0.00060774586810952158,328,0,0,0,0,1.4262317870183681,2.4654300952314285,2.0604312284736848,1.4278159232421845,2.4672109881794912,2.0610389743417943,0.00082662110566717037,-0.0022355681192333722,0.00060774586810952158,0,0.041324856554882466,0.030382735995076817,0.00082662110566731402,-0.0018740685992237158,0.0020482762428273662,0.00060774586810952158,0.020003,1.4354836763708079e-16,0.00036149952000965653,-0.0003190249981710469,-0.00017001456852039354,7.176341930564455e-15,0.00036149952000965653,0,1,0,0.020003,0,0,0,0,0,0,0,0.0038758,499,103,0.31402439024390244,0,0,0,0,0,0,0,0,0,1,20,nan,1,0.00082662110566731402,0,0,0.0091656344011425972,0.020003,0,0,-0.010823899999999999,0,0,0
639155411897102126,nan,59.407357879033036,0.0025477978157114668,0.0001324104536402082,334,0,0,0,0,1.4302957847267848,2.4685344899276447,2.0609037540254493,1.4282471395007039,2.4670197865086876,2.0610361644790895,-0.00037205635188020938,0.0025204856239958422,0.0001324104536402082,0,-0.012392706965438899,9.3678640050858661e-05,-0.00037171552761625012,-0.0002904016306058602,0.00047170492951586769,-2.8098627047334901e-06,0.029994699999999999,1.3986208025063007e-16,-0.0028109375411361961,0.0024798614846002209,0.0013235017481534328,4.662893119472109e-15,0.0028109375411361961,-0.00013522031634494169,1,0,0.029994699999999999,0,0,0,0,0,0,0,0.013993800000000001,499,107,0.32035928143712578,0,0,0,0,0,0,0,0,0,1,20,nan,1,-0.00037165942325216431,0,0.012880400903711748,-0.0068720127455890179,0.029994699999999999,-0.00038634376098656276,-0.012880400903711748,-0.046349799999999997,0,0,0
639155411897402564,nan,62.114999307489114,0.0022612608580955653,0.00036682266244270073,321,0,0,0,0,1.4285037579234352,2.4671567428007006,2.0610289761843865,1.428931182569541,2.4649362453698855,2.0606621535219438,-0.0021602195060585602,0.00066839535755359829,-0.00036682266244270073,0,-0.071902179530551655,0.012448856574259306,-0.0021602147013799877,0.00037753283439502213,0.0021929565880574493,-0.00037401095714573174,0.030043799999999999,-4.7054374285870892e-17,-0.00029087805143574011,0.00025661842273128066,0.00013695629201304627,-1.5661925018097209e-15,0.00029087805143574011,-7.1882947030310618e-06,1,0,0.030043799999999999,0,0,0,0,0,0,0,0.0039316000000000004,499,103,0.32087227414330216,0,0,0,0,0,0,0,0,0,1,20,nan,1,-0.0021602185781479074,0,0.00068360143740911808,-0.0070403791032731533,0.030043799999999999,-2.0537984865232062e-05,-0.00068360143740911808,-0.016306000000000001,0,0,0
639155411897602219,nan,57.504263183110552,0.0019892629817002132,0.00031515425340034042,327,0,0,0,0,1.4287102737056345,2.4648184532704165,2.0606669112081488,1.4269679572535661,2.465778401493611,2.0603517569547485,0.0016668325896016692,0.0010857422938269543,-0.00031515425340034042,0,0.083485383484585049,0.015546646324676908,0.0016668274239614827,0.0013361013871496261,0.0021362304599488388,-0.00031039656719533681,0.019965500000000001,-1.8787868396458185e-16,0.00025035116306854256,-0.00022090886390646602,-0.00011779209946904956,-9.4101667358484312e-15,0.00025035116306854256,4.7576862050036084e-06,1,0,0.019965500000000001,0,0,0,0,0,0,0,0.0039560999999999997,499,106,0.32415902140672781,0,0,0,0,0,0,0,0,0,1,20,nan,1,0.0016668365049960373,0,0.00068084391359910055,-0.0070094065740704536,0.019965500000000001,1.3593389156962843e-05,0.00068084391359910055,-0.0306617,0,0,0
639155411897902621,nan,60.363760722981937,0.0026898820292292807,0.00096854659972622781,332,0,0,0,0,1.4251930913629647,2.4648327223648736,2.0603453712478017,1.4278540467510328,2.4652261454880908,2.0613139178475279,-0.00090404197997041196,-0.0025334114213095768,0.00096854659972622781,0,-0.030094944693278652,0.032029110750908821,-0.00090405815757502932,-0.00052232187478221679,0.0010440983158467245,0.00096216089277945105,0.0300402,-1.3747683547116196e-16,0.0020110837735285553,-0.0017748658906013848,-0.0009456791287374422,-4.576428767823182e-15,0.0020110837735285553,-6.3857069467765371e-06,1,0,0.0300402,0,0,0,0,0,0,0,0.014041100000000001,499,108,0.3253012048192771,0,0,0,0,0,0,0,0,0,1,20,nan,1,-0.00090405339268823418,0,0.00060734871911201024,-0.0077401907183229923,0.0300402,-1.8244876991868608e-05,-0.00060734871911201024,-0.033417700000000002,0,0,0
639155411898102804,nan,57.757022348859692,0.0031870352468332096,0.0003598862669460523,329,0,0,0,0,1.4281605612414614,2.4653898405256576,2.0613139178475279,1.4257214072297695,2.4674411136356564,2.0609540315805819,0.0029584485520144739,0.0011852323947820014,-0.0003598862669460523,0,0.14778720231060183,0.017977863602106688,0.0029584485520143203,0.00083774541924666363,0.0030747740115957137,-0.0003598862669460523,0.020018299999999999,-1.5373986805844453e-16,-0.00034748697553533788,0.00030651449042862211,0.00016369503756674675,-7.6799662338182823e-15,0.00034748697553533788,0,1,0,0.020018299999999999,0,0,0,0,0,0,0,0.0138677,499,106,0.32218844984802431,0,0,0,0,0,0,0,0,0,1,20,nan,1,0.0029584485520143203,0,0,-0.0077401907183229923,0.020018299999999999,0,0,-0.013399400000000001,0,0,0
639155411898402552,nan,58.844756465031885,0.0023763108764277884,0.0003150744170619113,327,0,0,0,0,1.4246132824918174,2.4668498285412226,2.0609258663841596,1.4269845583862741,2.4670044377705636,2.0606107919670977,-0.00097984746792539553,-0.0021648908335131349,-0.0003150744170619113,0,-0.032691075240272732,0.011450939238431868,-0.00097990844211212711,-0.00090885427897494315,0.0013365016480849097,-0.00034323961348414755,0.029974799999999999,1.7303866672868651e-16,0.0012560089560831168,-0.0011081247379520764,-0.00059128509443384658,5.7728047135822925e-15,0.0012560089560831168,-2.8165196422236249e-05,1,0,0.029974799999999999,0,0,0,0,0,0,0,0.0038319000000000001,499,103,0.3149847094801223,0,0,0,0,0,0,0,0,0,1,20,nan,1,-0.00097987187266280963,0,0.0026846547692286823,-0.0075236191041767597,0.029974799999999999,-8.0471989776675912e-05,-0.0026846547692286823,-0.049931400000000001,0,0,0
639155411898602643,nan,59.029839422883576,0.0020343949815558276,0.00033125424916713442,328,0,0,0,0,1.4275201103359965,2.4672899672123267,2.0605672851412895,1.4281710942160364,2.4653625381140438,2.0608985393904566,-0.0020070800454054915,0.00033225386726812821,0.00033125424916713442,0,-0.1003076394338006,0.014380827891254897,-0.0020070655881948593,-0.00027457145167189979,0.002025759550733796,0.00028774742335890835,0.020009099999999998,-3.5616041366148821e-17,-0.00060691264030746659,0.00053555194972232378,0.00028552944176318817,-1.7799921718692406e-15,0.00060691264030746659,-4.3506825808226068e-05,1,0,0.020009099999999998,0,0,0,0,0,0,0,0.0039445000000000001,499,108,0.32926829268292684,0,0,0,0,0,0,0,0,0,1,20,nan,1,-0.0020070485189863912,0,0.006212434172229938,-0.0062152608297765255,0.020009099999999998,-0.00012430521659556604,-0.006212434172229938,-0.029922299999999999,0,0,0
639155411898901990,nan,56.169951998604951,0.00081587680326256464,3.0969901998467719e-05,324,0,0,0,0,1.4285327513545625,2.4655554892302947,2.060892316647847,1.427717730871799,2.4655181185094306,2.0608613467458485,0.0003506670383894053,0.00073667332399724166,-3.0969901998467719e-05,0,0.011714552760208791,0.0012424592398824219,0.0003506716225110221,0.00032676137239935512,0.00047931574283224083,-3.7192644608108338e-05,0.029934700000000002,-7.64633582145402e-17,-0.00040990976947290203,0.00036165713852609471,0.00019295111625083905,-2.5543385507300958e-15,0.00040990976947290203,-6.2227426096406191e-06,1,0,0.029934700000000002,0,0,0,0,0,0,0,0.013968100000000001,500,102,0.31481481481481483,0,0,0,0,0,0,0,0,0,1,20,nan,1,0.00035066871770871575,0,0.00059393495171914073,-0.007346068974584341,0.029934700000000002,-1.7779264599226963e-05,-0.00059393495171914073,1.24e-05,0,0,0
639155411899102007,nan,61.329067115095341,0.0018310085286704458,0.00083971356650280882,327,0,0,0,0,1.4275250860080932,2.4654153479326868,2.0608733068739382,1.4258450695472245,2.4661434529548325,2.0600335933074354,0.0014331779521335091,0.0011395583309257635,-0.00083971356650280882,0,0.071652125707690514,0.041384154267543542,0.0014331643227675135,0.0013579188595456264,0.001974310919071097,-0.00082775343841312576,0.020001700000000001,1.1169992882031909e-16,0.00021834338770948438,-0.00019264486370573763,-0.00010277057674379364,5.5845217566666382e-15,0.00021834338770948438,1.1960128089683053e-05,1,0,0.020001700000000001,0,0,0,0,0,0,0,0.0140316,500,105,0.32110091743119268,0,0,0,0,0,0,0,0,0,1,20,nan,1,0.0014331875238204582,0,0.0017084445092730538,-0.0058553977869451046,0.020001700000000001,3.4171794541126843e-05,0.0017084445092730538,-0.0129579,0,0,0
639155411899402073,nan,62.088177601434211,0.0035128979747522486,0.00037582970014993217,322,0,0,0,0,1.4240453212534359,2.4651852511047641,2.0600495485297405,1.4274030616445079,2.4641527630190305,2.0604253782298905,-0.0024893874560533869,-0.0024785887667506468,0.00037582970014993217,0,-0.082960012440655567,0.013056624957678073,-0.0024893479093017756,-0.00043969623850553059,0.0025278816815074699,0.00039178492245506291,0.030006600000000001,-2.3527187142935446e-17,0.0020389322466598937,-0.0017997482937885945,-0.00095820185006845193,-7.8406707667431317e-16,0.0020389322466598937,1.595522230513069e-05,1,0,0.030006600000000001,0,0,0,0,0,0,0,0.0039029999999999998,499,105,0.32608695652173914,0,0,0,0,0,0,0,0,0,1,20,nan,1,-0.0024893579307283193,0,0.0015192107550622161,0.0028922988567501307,0.030006600000000001,4.5586349442849894e-05,0.0015192107550622161,-0.050292900000000001,0,0,0
639155411899602071,nan,59.194262442544293,0.0025096821870221166,0.00028495709267373215,327,0,0,0,0,1.4276611185869248,2.464290284597455,2.0603593462023801,1.4266717183854289,2.4665967086523799,2.0606443032950539,0.0025007636901331612,-0.00021138979627145478,0.00028495709267373215,0,0.12503873669658869,0.010946362721797774,0.0025007497261844347,-0.00050396828110131707,0.0025510259154637649,0.00021892506516341115,0.019999800000000002,5.6364960442090162e-17,-0.00029241335479405269,0.00025805694241687327,0.0001375215784245043,2.8182762048665567e-15,0.00029241335479405269,-6.6032027510321001e-05,1,0,0.019999800000000002,0,0,0,0,0,0,0,0.0039677000000000002,499,104,0.31804281345565749,0,0,0,0,0,0,0,0,0,1,20,nan,1,0.0025007972551257126,0,0.0094332411195967372,-0.0062887854874134064,0.019999800000000002,-0.00018866293574371085,-0.0094332411195967372,-0.0302931,0,0,0
639155411899902001,nan,60.641727011877137,0.0024196192470805574,0.00013742357211388168,324,0,0,0,0,1.427339349613209,2.4669526848747321,2.0605691393369252,1.428514735147165,2.4648377318853232,2.0607065629090391,-0.0024192498349459432,-4.22792733701684e-05,0.00013742357211388168,0,-0.080660587670109876,0.0020758048206316461,-0.0024192530059896056,-0.00079870203711744528,0.0025476871964755211,6.2259613985204965e-05,0.029992999999999999,-5.4047478298402396e-17,-0.00075660460425983316,0.00066763122778001893,0.0003559762223521723,-1.8020030773314574e-15,0.00075660460425983316,-7.5163958128676711e-05,1,0,0.029992999999999999,0,0,0,0,0,0,0,0.014029399999999999,499,100,0.30864197530864196,0,0,0,0,0,0,0,0,0,1,20,nan,1,-0.0024191672297480087,0,0.0071601429027354094,-0.0071584722027182579,0.029992999999999999,-0.00021475416608174314,-0.0071601429027354094,-0.033164800000000001,0,0,0
639155411900101962,nan,63.933020023193194,0.00015776822591081173,0.00015294754905825769,320,0,0,0,0,1.428984501080923,2.4650882453037379,2.0607065629090391,1.4288559479511591,2.4649967854440455,2.0608595104580973,-2.0211653854507654e-05,0.00015646821452138608,0.00015294754905825769,0,-0.0010107797947763602,0.0076488689823644464,-2.0211653854327574e-05,-0.00037591980687409619,0.00037646276330041581,0.00015294754905825769,0.019996099999999999,1.8008598084984229e-16,-0.00053238802139548224,0.00046976593375802622,0.00025051341841475505,9.0060552232606504e-15,0.00053238802139548224,0,1,0,0.019996099999999999,0,0,0,0,0,0,0,0.014009499999999999,499,101,0.31562499999999999,0,0,0,0,0,0,0,0,0,1,20,nan,1,-2.0211653854327574e-05,0,0,-0.0071584722027182579,0.019996099999999999,0,0,-0.0131687,0,0,0
639155411900402027,nan,60.119851034039996,0.0036176888879867783,0.00046846660531940643,328,0,0,0,0,1.4293536615300861,2.4652623003630616,2.0608599676907406,1.4260379421486491,2.4667092550526859,2.0603915010854212,0.0028373018886068673,0.0022444132603357419,-0.00046846660531940643,0,0.094556208234461828,0.015596933087034597,0.0028373008623873786,0.0016803073170681608,0.0032975307221460369,-0.0004680093726761036,0.030006499999999998,-1.839891086707901e-16,-0.00056410724057438918,0.00049771357892702817,0.00026551491901605218,-6.1316417666435641e-15,0.00056410724057438929,4.5723264330277402e-07,1,0,0.030006499999999998,0,0,0,0,0,0,0,0.0041250999999999996,500,105,0.3201219512195122,0,0,0,0,0,0,0,0,0,1,20,nan,1,0.0028373019599458541,0,4.3536533117556243e-05,-0.0075127589516341686,0.030006499999999998,1.3063789809919513e-06,4.3536533117556243e-05,-0.0165037,0,0,0
639155411900602100,nan,60.926113399302828,0.0013183152413623746,3.7594834577880931e-05,331,0,0,0,0,1.4250484073564633,2.4661819633706905,2.0604016175563999,1.4263664709706825,2.466156207119413,2.0604392123909778,-0.0006425861450030843,-0.0011511030022801657,3.7594834577880931e-05,0,-0.032117002287680156,0.0023846948642038592,-0.00064257449987030317,-2.9853232999658399e-05,0.00064326759859649561,4.771130555658587e-05,0.020007299999999999,-2.1678622438847661e-16,0.0011212562699256909,-0.00098953479218577556,-0.00052729168199538989,-1.0835356314369086e-14,0.0011212562699256907,1.0116470978704941e-05,1,0,0.020007299999999999,0,0,0,0,0,0,0,0.0040653,500,107,0.32326283987915405,0,0,0,0,0,0,0,0,0,1,20,nan,1,-0.00064257493124514841,0,0.0014446828305501199,-0.0064093833789229393,0.020007299999999999,2.8904202795665412e-05,0.0014446828305501199,-0.029722499999999999,0,0,0
639155411900902092,nan,58.828288652671965,0.0014417332977004834,0.00028541246521651686,332,0,0,0,0,1.4264059331866579,2.4661772376992106,2.0604285088682777,1.426984533377577,2.4648567011715952,2.0601430964030611,-0.0014374977141600154,0.00011043198577876507,-0.00028541246521651686,0,-0.047917828877648103,0.0098707961517866677,-0.001437496532066341,6.5731024085825753e-05,0.0014389985570632544,-0.00029611598791667859,0.0299992,6.4164439820407759e-17,-4.4716347976028035e-05,3.9462215975394344e-05,2.1030579797631788e-05,2.1388716972588524e-15,4.4716347976028041e-05,-1.0703522700161727e-05,1,0,0.0299992,0,0,0,0,0,0,0,0.013989,499,105,0.31626506024096385,0,0,0,0,0,0,0,0,0,1,20,nan,1,-0.0014374975369747332,0,0.0010194102985651718,-0.0074395765550434589,0.0299992,-3.05814934287163e-05,-0.0010194102985651718,-0.0333327,0,0,0
639155411901101837,nan,58.617503175800977,0.0014957774867629808,0.00010362322585111271,327,0,0,0,0,1.426946153932183,2.4648362622224202,2.0601430964030611,1.4255822406930461,2.4654503395514382,2.06003947317721,0.0011831159021121038,0.00091519782128042797,-0.00010362322585111271,0,0.059231315032272608,0.0051877757065815272,0.0011831159021121291,0.00095868037493271579,0.0015227709279834998,-0.00010362322585111271,0.019974499999999999,2.5170431060608789e-17,4.3482553652287686e-05,-3.8379445393976752e-05,-2.0438949174916843e-05,1.2601282165064853e-15,4.3482553652287686e-05,0,1,0,0.019974499999999999,0,0,0,0,0,0,0,0.0139436,500,105,0.32110091743119268,0,0,0,0,0,0,0,0,0,1,20,nan,1,0.0011831159021121291,0,0,-0.0074395765550434589,0.019974499999999999,0,0,-0.013358200000000001,0,0,0
639155411901401993,nan,61.046619913912068,0.0024769462005436341,0.00081104561461708979,325,0,0,0,0,1.4243104720917656,2.4647732291444222,2.0599925868454592,1.4264384571236743,2.4660408813776313,2.0608036324600763,0.00011899493315857502,-0.0024740862325857054,0.00081104561461708979,0,0.003960571576111396,0.025458737552013517,0.00011887893219992922,-0.0010333024842902141,0.0010401183704566146,0.00076415928286621693,0.0300156,-1.2034644114589099e-17,0.0014407893248119755,-0.0012717686012804208,-0.00067711040701601277,-4.0094631173753311e-16,0.0014407893248119755,-4.6886331750872763e-05,1,0,0.0300156,0,0,0,0,0,0,0,0.0039941999999999998,500,101,0.31076923076923074,0,0,0,0,0,0,0,0,0,1,20,nan,1,0.00011894814302331987,0,0.004463044145707239,-0.0082315476611256599,0.0300156,-0.00013396094785989021,-0.004463044145707239,-0.049749500000000002,0,0,0
639155411901601911,nan,58.695247605675256,0.00083452327597852019,7.0051751873467794e-05,322,0,0,0,0,1.4270457541516264,2.4663648121128166,2.0608036324600763,1.4272887684911506,2.4671631686302544,2.0608736842119497,0.00059004303741351819,-0.00059015109264471495,7.0051751873467794e-05,0,0.029514252714291814,0.0035040242436132712,0.00059004303741357913,-0.0012784394053139132,0.001408033415462728,7.0051751873467794e-05,0.019991800000000001,6.0877951985061074e-17,-0.00068828831266919837,0.00060729702795203622,0.00032393073518521831,3.0451461091578083e-15,0.00068828831266919848,0,1,0,0.019991800000000001,0,0,0,0,0,0,0,0.0042081000000000002,500,102,0.31677018633540371,0,0,0,0,0,0,0,0,0,1,20,nan,1,0.00059004303741357913,0,0,-0.0082315476611256599,0.019991800000000001,0,0,-0.029757700000000002,0,0,0
639155411901902644,nan,58.588439917389621,0.0038904711969304055,0.00045851693748533151,328,0,0,0,0,1.4289855968281107,2.4680684053657767,2.0608741516565883,1.4281473752217564,2.4642693066999368,2.0604156347191029,-0.0029573840832284141,0.0025277748156060762,-0.00045851693748533151,0,-0.098339233300735282,0.015231101769568997,-0.0029573852648230024,0.00060457818765717011,0.0030185497162682354,-0.00045804949284677932,0.030073300000000001,-1.2587587222556706e-16,-0.0019231952455352962,0.0016968283369600545,0.00090523673552223016,-4.1856355047689165e-15,0.0019231952455352962,4.6744463855219465e-07,1,0,0.030073300000000001,0,0,0,0,0,0,0,0.0142112,500,104,0.31707317073170732,0,0,0,0,0,0,0,0,0,1,20,nan,1,-0.0029573848610982964,0,4.4410028487230807e-05,-0.0076596960425376892,0.030073300000000001,1.3355561097050384e-06,4.4410028487230807e-05,-0.033290899999999998,0,0,0
639155411902101928,nan,57.151883884039073,0.0020272405401249405,5.4515615698136344e-05,326,0,0,0,0,1.4277946064014102,2.46408131646163,2.0603757448167608,1.4263840106990662,2.4655373123311484,2.0604302604324589,0.0019483004131146168,0.00056020505869143575,5.4515615698136344e-05,0,0.097766140688139727,0.00073391307661306148,0.0019483227580895236,0.00095985996425369444,0.0021719329457114168,1.4625713355975734e-05,0.019928399999999999,-9.7822141012504638e-17,0.00039973262352115097,-0.00035276882034618318,-0.00018799023830684547,-4.9086801254744303e-15,0.00039973262352115097,-3.988990234216061e-05,1,0,0.019928399999999999,0,0,0,0,0,0,0,0.014035000000000001,499,102,0.31288343558282211,0,0,0,0,0,0,0,0,0,1,20,nan,1,0.0019482680567543386,0,0.0057190316106175264,-0.0056985574774444103,0.019928399999999999,-0.00011397114954903032,-0.0057190316106175264,-0.046414299999999999,0,0,0
639155411902378869,nan,59.01176148611701,0.0016611610444310536,5.5876495961282302e-05,328,0,0,0,0,1.4252068736668271,2.464909994788655,2.0604372613104465,1.4258622091751711,2.4664364257196305,2.0604931378064077,0.0010388678091971231,-0.0012962290270431525,5.5876495961282302e-05,0,0.03751257068880931,0.002270424890096919,0.0010388768839129539,3.7636893579608057e-05,0.0010395584234120813,6.2877373948833082e-05,0.027694099999999999,2.7321894746634712e-17,0.0013338586476042179,-0.001177137032239095,-0.00062731754249334415,9.8656012459818914e-16,0.0013338586476042177,7.0008779875507798e-06,1,0,0.027694099999999999,0,0,0,0,0,0,0,0.0019191,500,104,0.31707317073170732,0,0,0,0,0,0,0,0,0,1,20,nan,1,0.0010388772602771396,0,0.00072226606158627932,-0.0074776820838451385,0.027694099999999999,2.0002508536176578e-05,0.00072226606158627932,-0.052089299999999998,0,0,0
639155411902602057,nan,59.941278669644667,0.0015878570580807356,0.00066731603623537694,327,0,0,0,0,1.4258354886120095,2.4664221836925333,2.0604559654567725,1.4268959744710625,2.4676039873055102,2.0611232814930078,0.00054415981064466522,-0.0014917037699811483,0.00066731603623537694,0,0.024378746175184381,0.028233761967492967,0.00054410436013470516,-0.0014614448977275092,0.0015594456527277143,0.00063014368660008202,0.0223188,7.2871938518181967e-17,3.0279098921767309e-05,-2.6720563161664046e-05,-1.4242027097211007e-05,3.2650473375890267e-15,3.0279098921767309e-05,-3.7172349635294921e-05,1,0,0.0223188,0,0,0,0,0,0,0,0.0041885999999999998,500,104,0.31804281345565749,0,0,0,0,0,0,0,0,0,1,20,nan,1,0.00054418196699707847,0,0.0047586211285759574,-0.0053103356622159481,0.0223188,-0.00010620671324446107,-0.0047586211285759574,-0.029770499999999998,0,0,0
639155411902902533,nan,60.255079763838566,0.0018336844994521963,0.0004972697598772946,323,0,0,0,0,1.4286320949858859,2.468530742662387,2.0610410211530215,1.426904440938481,2.4679162425923979,2.0605437513931442,0.00027132887829318421,0.0018134992372028764,-0.0004972697598772946,0,0.0090349331207370785,0.019287067847803738,0.00027147805643865943,-0.00015451443341050079,0.00031237004539468895,-0.00057953009986366766,0.030047600000000001,-1.6469031000054812e-16,-0.0019679913448718655,0.0017361205148234138,0.00092675535687680721,-5.4809805109409108e-15,0.0019679913448718655,-8.2260339986373054e-05,1,0,0.030047600000000001,0,0,0,0,0,0,0,0.014195299999999999,500,107,0.33126934984520123,0,0,0,0,0,0,0,0,0,1,20,nan,1,0.00027149621229242114,0,0.0078219073343243108,-0.0078343180939555168,0.030047600000000001,-0.00023502954281884314,-0.0078219073343243108,-0.033252999999999998,0,0,0
639155411903102041,nan,58.761118693303501,0.0051524195442576703,0.00032151335904906375,324,0,0,0,0,1.4269948824927943,2.4679644537070833,2.0605437513931442,1.4291375366535575,2.4632786815927554,2.0608652647521932,-0.0051428785462233591,0.00031341253778993249,0.00032151335904906375,0,-0.25777806134206571,0.016115311619036014,-0.0051428785462232854,0.00021092358069795675,0.0051472020067312475,0.00032151335904906375,0.019950800000000001,7.390870684562123e-17,-0.00010248895709197566,9.0441554313258621e-05,4.8211114685337009e-05,3.7045485316689671e-15,0.00010248895709197566,0,1,0,0.019950800000000001,0,0,0,0,0,0,0,0.0141469,500,105,0.32407407407407407,0,0,0,0,0,0,0,0,0,1,20,nan,1,-0.0051428785462232854,0,0,-0.0078343180939555168,0.019950800000000001,0,0,-0.0133022,0,0,0
639155411903401985,nan,55.721109556564301,0.0049759246230263949,0.00032064221788496988,329,0,0,0,0,1.4288555602474882,2.4631282537499137,2.0608513059762341,1.4254814212533673,2.466785440086757,2.0605306637583491,0.0048148818796463228,0.0012556824196801744,-0.00032064221788496988,0,0.16052661186644152,0.011155448811914253,0.0048148994069667937,0.0015752074960306204,0.0050660176623024359,-0.00033460099384408087,0.029994400000000001,-1.7482760031328759e-17,0.00031959228633020499,-0.00028197640606930641,-0.00015042784284169386,-5.828674696386245e-16,0.00031959228633020499,-1.3958775959110881e-05,1,0,0.029994400000000001,0,0,0,0,0,0,0,0.0041529999999999996,500,107,0.32522796352583588,0,0,0,0,0,0,0,0,0,1,20,nan,1,0.0048148679946258691,0,0.0013296554365703431,-0.0078300768509507179,0.029994400000000001,-3.9882217026665501e-05,-0.0013296554365703431,-0.0164773,0,0,0
639155411903601997,nan,59.873912368462953,0.0025236775092156074,3.8584165724664388e-06,334,0,0,0,0,1.4245535418219282,2.4662908367858307,2.0605413759195437,1.4270044323001143,2.4656891025966265,2.0605452343361161,-0.0016839031690475694,-0.0018797388881949125,3.8584165724664388e-06,0,-0.084189100298226419,0.00072848517923886785,-0.0016838830328848864,-0.00082828526024641058,0.0018765709527697231,1.4570577766992443e-05,0.0200012,9.5247160852851565e-17,0.0010514716660828343,-0.00092787943143912699,-0.00049460330092632177,4.7620723183034797e-15,0.0010514716660828343,1.0712161194526004e-05,1,0,0.0200012,0,0,0,0,0,0,0,0.0041472999999999996,500,109,0.32634730538922158,0,0,0,0,0,0,0,0,0,1,20,nan,1,-0.001683895708009463,0,0.0015302169290435405,-0.0051350630819797516,0.0200012,3.0606174841185663e-05,0.0015302169290435405,-0.029813699999999999,0,0,0
639155411903901890,nan,61.96435677583225,0.0015441198087193192,0.00021316161826101521,333,0,0,0,0,1.4281003247746451,2.4662732852427562,2.0605354844947201,1.4268675043511083,2.4653435219465405,2.0603223228764591,-0.00024056136225597091,0.0015252659488328381,-0.00021316161826101521,0,-0.0080210772223214336,0.0074330331037078881,-0.00024054649114336416,0.00028339483857597365,0.00037171931471593822,-0.00022291145965702697,0.0299893,8.5435131191857749e-17,-0.0012418734556194971,0.0010958924745307908,0.00058418264612969395,2.848853797583063e-15,0.0012418734556194971,-9.7498413960117619e-06,1,0,0.0299893,0,0,0,0,0,0,0,0.0142574,500,104,0.31231231231231232,0,0,0,0,0,0,0,0,0,1,20,nan,1,-0.00024055043834107201,0,0.00092888762668532395,-0.0074497265741229057,0.0299893,-2.7856689702954185e-05,-0.00092888762668532395,-0.033497699999999998,0,0,0
639155411904101901,nan,57.386241061554784,0.0019753165234814821,0.00042998703761121243,331,0,0,0,0,1.4267007260712372,2.4652546659078074,2.0603223228764591,1.4282126043090566,2.4639834068618427,2.0607523099140703,-0.0018328537395172354,-0.00073656129240997562,0.00042998703761121243,0,-0.091637646905281991,0.021498169481239154,-0.0018328537395172356,-0.00054758936260001026,0.0019129053663197769,0.00042998703761121243,0.020001100000000001,-4.0657581468206416e-20,0.00018897192980996526,-0.00016677827987110483,-8.885603873309833e-05,-2.0327672712104043e-18,0.00018897192980996529,0,1,0,0.020001100000000001,0,0,0,0,0,0,0,0.014066199999999999,500,105,0.31722054380664655,0,0,0,0,0,0,0,0,0,1,20,nan,1,-0.0018328537395172356,0,0,-0.0074497265741229057,0.020001100000000001,0,0,-0.013496599999999999,0,0,0
639155411904393359,nan,60.492246083121117,0.0016369683472803041,0.00026211750844984394,330,0,0,0,0,1.4289156672619205,2.4643583725571263,2.060692715078897,1.4281276668731024,2.465793196852021,2.0609548325873468,0.0016368439221986996,2.0182773813011705e-05,0.00026211750844984394,0,0.056160583071355595,0.006948605743416646,0.0016368451220811159,-0.00077671888279828849,0.0018117820444457893,0.00020252267327647289,0.029145799999999999,5.4210108624275222e-20,-0.00079680410913176994,0.00070306295286393095,0.00037496569528361334,1.8599629663373531e-18,0.00079680410913176994,-5.9594835173371052e-05,1,0,0.029145799999999999,0,0,0,0,0,0,0,0.0032721999999999998,500,107,0.32424242424242422,0,0,0,0,0,0,0,0,0,1,20,nan,1,0.0016369112424830636,0,0.0058420409677970089,-0.0086340438574552536,0.029145799999999999,-0.00017027095763921807,-0.0058420409677970089,-0.050532899999999999,0,0,0
639155411904601907,nan,59.099173054956765,0.0020651189873132597,0.00064265521301853912,324,0,0,0,0,1.4286182074597438,2.4660549452694545,2.0609548325873468,1.4266019039418418,2.4656085860470136,2.0603121773743283,0.00055540250514931396,0.0019890310427531314,-0.00064265521301853912,0,0.026631878759304478,0.030815697729948938,0.00055540250514954305,0.0014330253762610313,0.001536890910811323,-0.00064265521301853912,0.0208548,2.2911902410049922e-16,-0.00055600566649209994,0.00049054058664133038,0.00026174841743342725,1.0986392777705814e-14,0.00055600566649209994,0,1,0,0.0208548,0,0,0,0,0,0,0,0.0040508000000000002,500,105,0.32407407407407407,0,0,0,0,0,0,0,0,0,1,20,nan,1,0.00055540250514954305,0,0,-0.0086340438574552536,0.0208548,0,0,-0.029678099999999999,0,0,0
639155411904902033,nan,60.97783676658505,0.0034300663520695253,0.00077962612189930169,333,0,0,0,0,1.4247813477810645,2.4646386548664698,2.0603028631020299,1.4282000874560203,2.4643601333870788,2.0610824892239292,-0.0018532719895994298,-0.0028863018054537735,0.00077962612189930169,0,-0.061750693819260911,0.025666281815003321,-0.00185329887331995,-0.00082347305677915735,0.0020280100071474513,0.00077031184960096866,0.0300126,3.9573379295720912e-17,0.0020628114866694611,-0.0018205561607773646,-0.00096993118054378158,1.3185588484743378e-15,0.0020628114866694607,-9.3142722983330373e-06,1,0,0.0300126,0,0,0,0,0,0,0,0.0140088,500,108,0.32432432432432434,0,0,0,0,0,0,0,0,0,1,20,nan,1,-0.0018532879159383403,0,0.00088670113772108935,-0.0078671034425497055,0.0300126,-2.6612206565967966e-05,-0.00088670113772108935,0.0003345,0,0,0
639155411905101982,nan,60.74436901605219,0.0011023605314985411,0.00065105530987130678,322,0,0,0,0,1.4286832324149159,2.4646180148010979,2.0610904905798493,1.4279097925153585,2.4654035015694005,2.060439435269978,0.001057153582584955,0.00031245006678434339,-0.00065105530987130678,0,0.052871036240593451,0.032160898726738114,0.0010571510825270419,-0.00023520183920819029,0.0010829996844205505,-0.00064305395395125586,0.019994899999999999,1.1893697832165984e-16,-0.00054766036464460829,0.00048314495889556497,0.00025788141401905662,5.9483657493490762e-15,0.00054766036464460829,8.0013559200509104e-06,1,0,0.019994899999999999,0,0,0,0,0,0,0,0.0142674,500,98,0.30434782608695654,0,0,0,0,0,0,0,0,0,1,20,nan,1,0.0010571483939813679,0,0.0011433423980203659,-0.0051708389073610306,0.019994899999999999,2.2861016914177412e-05,0.0011433423980203659,-0.013239799999999999,0,0,0
639155411905402046,nan,59.960749096398771,0.00057267389422190583,0.00039870476285619461,324,0,0,0,0,1.4282203866932135,2.4655690264642454,2.0604576232960863,1.4276712244162231,2.4657314339229841,2.0608563280589425,0.00040160917010092692,0.00040824681702877652,0.00039870476285619461,0,0.013383869602182278,0.013893462360180058,0.00040160174483092227,5.6306349560020143e-05,0.00040552973559532766,0.00041689278896450688,0.030006399999999999,1.8870538812110205e-16,-0.00035194777187930225,0.00031059417785495036,0.00016552489484489286,6.2888379852665453e-15,0.00035194777187930225,1.8188026108312272e-05,1,0,0.030006399999999999,0,0,0,0,0,0,0,0.0042440999999999998,500,103,0.31790123456790126,0,0,0,0,0,0,0,0,0,1,20,nan,1,0.00040160320769729615,0,0.0017318235069853107,0.0054730214178562164,0.030006399999999999,5.1965788880004027e-05,0.0017318235069853107,-0.049828799999999999,0,0,0
639155411905602012,nan,61.582035368662432,0.0017561860501757727,0.00031618908899311293,324,0,0,0,0,1.4276382159861136,2.4657138250735242,2.0608052733102196,1.4280640970675427,2.4640100601991026,2.0611214623992127,-0.0017037145823677572,0.00042608222757988874,0.00031618908899311293,0,-0.085199125182590166,0.013258971038586614,-0.0017036928266261824,0.00046358081272522003,0.0017656376801100748,0.00026513434027020111,0.0199966,7.9339882103415804e-17,3.7411602980780986e-05,-3.3008430109449094e-05,-1.7608849459893605e-05,3.9676686088342919e-15,3.7411602980780986e-05,-5.1054748722911825e-05,1,0,0.0199966,0,0,0,0,0,0,0,0.0040415,500,100,0.30864197530864196,0,0,0,0,0,0,0,0,0,1,20,nan,1,-0.0017037266335259941,0,0.0072947756436754227,-0.0048623732291162014,0.0199966,-0.00014587071063631996,-0.0072947756436754227,-0.0298322,0,0,0
639155411905901999,nan,59.108239454500094,0.001041586799245116,0.00071328795141045742,326,0,0,0,0,1.427449979127333,2.4636822404458991,2.0610393212051994,1.4270452738678454,2.4646419887010707,2.0603260332537889,0.0010372591764073679,-9.484967749230519e-05,-0.00071328795141045742,0,0.034576544378328737,0.026515453850458278,0.0010372513818421702,0.00060120205813638666,0.0011988887954438971,-0.00079542914542374277,0.0299987,-1.6062455185372748e-16,0.00069613693701586375,-0.000614117940209713,-0.00032781975320350654,-5.354383751753492e-15,0.00069613693701586375,-8.2141194013285457e-05,1,0,0.0299987,0,0,0,0,0,0,0,0.0138291,499,101,0.30981595092024539,0,0,0,0,0,0,0,0,0,1,20,nan,1,0.0010371808269082751,0,0.0078233098685341618,-0.0078229187056422234,0.0299987,-0.00023468912575319578,-0.0078233098685341618,-0.033338899999999998,0,0,0
639155411906101940,nan,60.216068102180671,0.00067165911231850445,0.0002285115482720812,329,0,0,0,0,1.4266911487959772,2.4644533164563027,2.0603260332537889,1.4270525984921898,2.4650194260572356,2.060554544802061,0.00032966476559995921,-0.00058518980295490901,0.0002285115482720812,0,0.016488102270159094,0.011428948953545355,0.00032966476559978796,-0.0001839395288473398,0.00037750842103262346,0.0002285115482720812,0.019994100000000001,-1.7116841798114901e-16,0.00040125027410756929,-0.000354125071868161,-0.00018867224476792899,-8.5609463782390308e-15,0.00040125027410756935,0,1,0,0.019994100000000001,0,0,0,0,0,0,0,0.013938600000000001,499,103,0.31306990881458968,0,0,0,0,0,0,0,0,0,1,20,nan,1,0.00032966476559978796,0,0,-0.0078229187056422234,0.019994100000000001,0,0,-0.0133448,0,0,0
639155411906402008,nan,57.9370896911242,0.0020513242976792573,0.00048280838426251199,326,0,0,0,0,1.4272963005269645,2.4651493381571923,2.0605454205931535,1.4271419373059417,2.4671948462530562,2.061028228977416,0.001877673640707967,-0.00082599822835148203,0.00048280838426251199,0,0.062574686539366861,0.015785894375774243,0.0018776661040494737,-0.0011021816790940163,0.0021772538786340085,0.00047368417535498258,0.0300068,5.8560469841373308e-17,-0.0002761663184903593,0.00024370203477475094,0.00012991209995671937,1.9515733047633639e-15,0.0002761663184903593,-9.1242089075294075e-06,1,0,0.0300068,0,0,0,0,0,0,0,0.0040531999999999999,499,103,0.31595092024539878,0,0,0,0,0,0,0,0,0,1,20,nan,1,0.0018776804703698137,0,0.00086877535447696353,-0.0083504440262913704,0.0300068,-2.6069168306719348e-05,-0.00086877535447696353,-0.016956499999999999,0,0,0
639155411906602019,nan,60.981933368795055,0.00091943851452850071,0.00019506010948955321,320,0,0,0,0,1.4277905961944211,2.467541026461169,2.0610406616832599,1.4269455189792681,2.4671787949296484,2.0608456015737704,7.8330268775029187e-05,0.00091609581976560058,-0.00019506010948955321,0,0.0039157285958915898,0.0091308679845412341,7.8318879219287278e-05,0.00018084235453630788,0.00019707309313145969,-0.0001826274036456077,0.020001100000000001,1.6360610782806262e-16,-0.00073525443901568152,0.0006486588884793143,0.00034618020811283401,8.1798554993506669e-15,0.00073525443901568152,1.2432705843945513e-05,1,0,0.020001100000000001,0,0,0,0,0,0,0,0.0039788999999999996,499,102,0.31874999999999998,0,0,0,0,0,0,0,0,0,1,20,nan,1,7.8322091149502808e-05,0,0.0017760031546758517,-0.0040715746581554413,0.020001100000000001,3.552201669698718e-05,0.0017760031546758517,-0.029880199999999999,0,0,0
639155411906902041,nan,59.987870206496325,0.0020318551437739831,0.00024624039087184357,330,0,0,0,0,1.4267061572289745,2.4670511070588192,2.0608331947590708,1.4272594285472469,2.4650960300338256,2.0605869543681989,-0.0019853965797147237,0.00043201359531601651,-0.00024624039087184357,0,-0.066174854498975325,0.0086209413166850931,-0.0019853912196491573,0.00070332818305571937,0.0021062879262200664,-0.00025864720557144949,0.0300022,1.3666368384179783e-16,0.00027128995532548346,-0.00023936175029359852,-0.00012768787082917399,4.5551220857736376e-15,0.00027128995532548346,-1.2406814699605917e-05,1,0,0.0300022,0,0,0,0,0,0,0,0.013942,499,106,0.32121212121212123,0,0,0,0,0,0,0,0,0,1,20,nan,1,-0.0019854036851407963,0,0.0011815147555534053,-0.0086412914097309113,0.0300022,-3.5448041999064372e-05,-0.0011815147555534053,-0.033127499999999997,0,0,0
639155411907101904,nan,59.367699322694335,0.0012106662491069135,0.00024489056124199493,331,0,0,0,0,1.426846284934171,2.46487577522598,2.0605869543681989,1.4269064258345865,2.466084946776598,2.0608318449294409,0.001038718160597685,-0.0006219142622348881,0.00024489056124199493,0,0.051971508513207594,0.012252921313199289,0.0010387181605975208,-0.00015372645226490605,0.0010500320182170882,0.00024489056124199493,0.019986299999999999,-1.6412110385999323e-16,0.00046818780996998204,-0.00041314361307587255,-0.00022025480784559903,-8.2116801939325056e-15,0.00046818780996998204,0,1,0,0.019986299999999999,0,0,0,0,0,0,0,0.0140746,500,106,0.3202416918429003,0,0,0,0,0,0,0,0,0,1,20,nan,1,0.0010387181605975208,0,0,-0.0086412914097309113,0.019986299999999999,0,0,-0.0131412,0,0,0
639155411907402624,nan,60.081697491968058,0.0024799207983483415,0.00040068631049994252,325,0,0,0,0,1.4271108446011265,2.4661939906500248,2.0607628979240058,1.427410413325872,2.463732229949787,2.0603622116135059,-0.0023131070454479982,0.00089417166270213907,-0.00040068631049994252,0,-0.076916912393311998,0.015616963152935646,-0.0023130453894916786,0.00066264687781870913,0.0024060922381595423,-0.00046963331593508078,0.030072000000000002,-1.6303690168750773e-17,-0.00023168426456203072,0.00020441876653998214,0.00010904387342680621,-5.4215516655861836e-16,0.00023168426456203074,-6.8947005435138222e-05,1,0,0.030072000000000002,0,0,0,0,0,0,0,0.0041022000000000003,500,105,0.32307692307692309,0,0,0,0,0,0,0,0,0,1,20,nan,1,-0.0023131106461543706,0,0.0065506598862734178,-0.0084449471905827522,0.030072000000000002,-0.00019699144410001423,-0.0065506598862734178,-0.049696900000000002,0,0,0
639155411907602713,nan,59.327553052394151,0.0033037726572147886,0.00048112156076385299,334,0,0,0,0,1.4270219379960971,2.463525238385964,2.0603319778438287,1.4257149970836986,2.4665595124708251,2.0608130994045926,0.0032924472266223684,-0.00027332220997705234,0.00048112156076385299,0,0.16454872389570221,0.022534361763350663,0.0032924389615567157,0.00016675842532200172,0.0032966593224038995,0.00045088779108670707,0.0200089,-1.2845085238522014e-16,0.00044018017826524363,-0.00038847532977492882,-0.00020699156382297801,-6.4196858590537282e-15,0.00044018017826524369,-3.0233769677145972e-05,1,0,0.0200089,0,0,0,0,0,0,0,0.0038411999999999999,499,111,0.33233532934131738,0,0,0,0,0,0,0,0,0,1,20,nan,1,0.0032924317560059958,0,0.0043171888049137342,-0.0043191099539399147,0.0200089,-8.6382199078638422e-05,-0.0043171888049137342,-0.029687999999999999,0,0,0
639155411907902617,nan,58.793542292250471,0.002825566657540524,0.00089484980007137338,331,0,0,0,0,1.4254964264277852,2.4664429247647277,2.0608233568116838,1.4268373443284545,2.4639558047194003,2.0599285070116125,-0.0028255387577011421,-1.255646978314982e-05,-0.00089484980007137338,0,-0.094214769684827115,0.029495851771904023,-0.0028255386287558393,0.00023513581192338424,0.0028353055201583298,-0.00088459239298011038,0.0299904,-1.6276585114438635e-16,0.00024772126440716284,-0.0002185706559134637,-0.00011658770609734859,-5.4272650963103647e-15,0.00024772126440716284,1.0257407091263106e-05,1,0,0.0299904,0,0,0,0,0,0,0,0.0139122,499,103,0.31117824773413899,0,0,0,0,0,0,0,0,0,1,20,nan,1,-0.0028255351829042782,0,0.0009772086202395969,-0.0084128119051456451,0.0299904,2.9306877404433607e-05,0.0009772086202395969,0.00030239999999999998,0,0,0
639155411908102568,nan,59.348170368038559,0.0022257841498694933,0.00084722032811290759,330,0,0,0,0,1.4267004290166165,2.4638829282662287,2.059943836411037,1.4268723501521694,2.4661020628283858,2.0607910567391499,0.0018781237639948658,-0.001194473193055424,0.00084722032811290759,0,0.093930116595105292,0.043138055200394564,0.0018781420743307897,-0.001039341920018819,0.0021465435653813241,0.00086254972753740933,0.019995099999999998,-8.304988641238964e-17,0.00015510248238691408,-0.00013691531183801509,-7.2876453171666356e-05,-4.1535119310425881e-15,0.00015510248238691408,1.5329399424501844e-05,1,0,0.019995099999999998,0,0,0,0,0,0,0,0.014046599999999999,499,103,0.31212121212121213,0,0,0,0,0,0,0,0,0,1,20,nan,1,0.0018781193131841094,0,0.0021904508639270328,-0.0039142174646258354,0.019995099999999998,4.3798284069307414e-05,0.0021904508639270328,-0.0130659,0,0,0
639155411908402618,nan,60.67072755981949,0.0020167558146098091,0.00043303406339800787,319,0,0,0,0,1.4282506331594214,2.46683721331704,2.0608098646521089,1.4279932875731811,2.4648369440189191,2.0603768305887109,-0.0016437740143449681,0.0011684652350526751,-0.00043303406339800787,0,-0.054784069003390272,0.013805237475052714,-0.001643795990446725,-0.00039365091855895335,0.0016902740321885791,-0.00041422615043895666,0.030005,-5.388484797252957e-17,-0.0015620852374463793,0.001378283007251957,0.0007351504886541349,-1.7958622887028685e-15,0.0015620852374463793,1.8807912959051265e-05,1,0,0.030005,0,0,0,0,0,0,0,0.0039836999999999997,500,110,0.34482758620689657,0,0,0,0,0,0,0,0,0,1,20,nan,1,-0.0016438065666422596,0,0.0017909313170985715,0.0060873017646372318,0.030005,5.3736894169542637e-05,0.0017909313170985715,-0.0496353,0,0,0
639155411908602923,nan,58.413876152478139,0.0017557956193422378,0.0008650414360209524,325,0,0,0,0,1.428225609139087,2.4649607364312738,2.0603768305887109,1.4284360807822474,2.4667038715219443,2.0612418720247319,0.0014393938796498492,-0.001005466815030684,0.0008650414360209524,0,0.071860107318841057,0.043186212826487227,0.0014393938796500459,-0.0012687117035690486,0.0019187193978138356,0.0008650414360209524,0.0200305,1.9693177210483581e-16,-0.00026324488853836435,0.00023232156590591302,0.00012379241235471738,9.8315954222229003e-15,0.00026324488853836435,0,1,0,0.0200305,0,0,0,0,0,0,0,0.0038565000000000001,499,104,0.32000000000000001,0,0,0,0,0,0,0,0,0,1,20,nan,1,0.0014393938796500459,0,0,0.0060873017646372318,0.0200305,0,0,-0.029604800000000001,0,0,0
639155411908902611,nan,59.851016671844526,0.0040872002290774133,0.0011005610037360114,324,0,0,0,0,1.430112163893589,2.4675988338437045,2.0611744238723895,1.4262288618116528,2.4663240120314498,2.0600738628686535,0.00070428761054778426,0.004026063173150584,-0.0011005610037360114,0,0.023509755461280483,0.038974171674488065,0.00070455915946802256,0.0021259598320479104,0.0022396671218445534,-0.0011680091560783978,0.0299688,1.9277114626792269e-16,-0.0019000558290468701,0.0016760831113415975,0.00089496232176022872,6.4323945659460071e-15,0.0019000558290468701,-6.7448152342386436e-05,1,0,0.0299688,0,0,0,0,0,0,0,0.0140635,499,102,0.31481481481481483,0,0,0,0,0,0,0,0,0,1,20,nan,1,0.00070435431039395763,0,0.0064303210903707735,-0.0078724278137087822,0.0299688,-0.00019270900669310365,-0.0064303210903707735,-0.032968400000000002,0,0,0
639155411909102649,nan,57.827498739798621,0.0023692358201099183,0.0010159198670178782,323,0,0,0,0,1.4249758197471225,2.4656568166310961,2.0600738628686535,1.4271459852037327,2.4666074270992837,2.0610897827356713,-0.00018087454897691246,-0.0023623214787205226,0.0010159198670178782,0,-0.0090420094670422696,0.050786343945544259,-0.00018087454897682014,-0.00094272149360665174,0.00095991635936446278,0.0010159198670178782,0.020003799999999999,9.2482445313013528e-17,0.0014195999851138704,-0.001253042064530252,-0.00066719540035364844,4.623243849319306e-15,0.0014195999851138706,0,1,0,0.020003799999999999,0,0,0,0,0,0,0,0.0141323,500,104,0.32198142414860681,0,0,0,0,0,0,0,0,0,1,20,nan,1,-0.00018087454897682014,0,0,-0.0078724278137087822,0.020003799999999999,0,0,-0.0129646,0,0,0
639155411909402606,nan,58.545178543994567,0.001744314384809877,0.00042549007929704175,327,0,0,0,0,1.4283928216037745,2.4672729449182134,2.061065465664488,1.4279789848505871,2.465578432653647,2.060639975585191,-0.001300048606657324,0.0011629730406948432,-0.00042549007929704175,0,-0.043340222971111626,0.014995721069365763,-0.0013000203261745731,-0.00025033004682562459,0.0013239025571433732,-0.00044980715048037462,0.0299957,1.6664187391102203e-16,-0.0014133347005511302,0.0012468364000417509,0.00066551781892965067,5.5555254223446041e-15,0.0014133347005511299,-2.4317071183332928e-05,1,0,0.0299957,0,0,0,0,0,0,0,0.0039824999999999999,500,104,0.31804281345565749,0,0,0,0,0,0,0,0,0,1,20,nan,1,-0.00130001162925649,0,0.0023162435361428146,-0.0081609431654214859,0.0299957,-6.9477346237079018e-05,-0.0023162435361428146,-0.016674899999999999,0,0,0
639155411909602637,nan,60.701330399722096,0.002067294278909451,0.00018056724901427401,322,0,0,0,0,1.428126634769568,2.4656571577196931,2.0606559516291911,1.4265600910622782,2.4670061004348454,2.0608365188782054,0.0019273675750002589,0.00074763618588814156,0.00018056724901427401,0,0.096352846833013289,0.0098256416762621569,0.0019273556304854481,0.00058034054623938406,0.0020128325504058667,0.00019654329301443954,0.020003099999999999,-2.4451469494979339e-16,-0.00016732643126252773,0.00014764991898097435,7.8725066046114733e-05,-1.2223840052281566e-14,0.00016732643126252773,1.5976044000165501e-05,1,0,0.020003099999999999,0,0,0,0,0,0,0,0.0039931000000000003,499,103,0.31987577639751552,0,0,0,0,0,0,0,0,0,1,20,nan,1,0.001927368875049341,0,0.0022819382995967218,-0.0037098510656505823,0.020003099999999999,4.5645840000663185e-05,0.0022819382995967218,-0.030137899999999999,0,0,0
639155411909902087,nan,60.834967055314749,0.0014913763972381248,0.00048541351021214041,327,0,0,0,0,1.4257940545201193,2.4665974660744667,2.0608226177852784,1.4266520481036149,2.4653776092923323,2.0603372042750663,-0.0014801185231090416,-0.00018290083594253649,-0.00048541351021214041,0,-0.049427986825431716,0.016674389819306152,-0.0014801210654875527,0.00068533286087484675,0.0016310853744347382,-0.00049931460313912268,0.029944999999999999,-3.6862873864507151e-18,0.00086821312153457933,-0.00076603654215889883,-0.00040863436037863465,-1.2310193309235984e-16,0.00086821312153457933,-1.3901092926982271e-05,1,0,0.029944999999999999,0,0,0,0,0,0,0,0.0138689,499,104,0.31804281345565749,0,0,0,0,0,0,0,0,0,1,20,nan,1,-0.0014801346750182452,0,0.0013263452450512692,-0.0085192369297146797,0.029944999999999999,-3.9717408363060258e-05,-0.0013263452450512692,-0.0331966,0,0,0
639155411910101899,nan,59.008186174642923,0.00070672708920445945,0.00020399077261235021,324,0,0,0,0,1.4262488960141291,2.4651628104449279,2.0603164735218695,1.4267601840478514,2.4646749090971252,2.0601124827492572,-0.00067101040767910249,-0.00022182923928493434,-0.00020399077261235021,0,-0.033582317689725784,0.011246648139706411,-0.0006710150062219488,0.0002349889533680706,0.00071097183262071859,-0.00022472152580910176,0.019981200000000001,1.7675205916944936e-16,0.00045680428205418475,-0.00040315208948582537,-0.00021479884740438493,8.8459181215066844e-15,0.00045680428205418475,-2.073075319675155e-05,1,0,0.019981200000000001,0,0,0,0,0,0,0,0.0140608,500,102,0.31481481481481483,0,0,0,0,0,0,0,0,0,1,20,nan,1,-0.0006710219652105359,0,0.0029643226341962425,-0.0029615361709147692,0.019981200000000001,-5.9230723418401965e-05,-0.0029643226341962425,-0.046537099999999998,0,0,0
639155411910402553,nan,62.551261649347296,0.001130374204275403,3.4242601529399508e-05,327,0,0,0,0,1.4264482916322094,2.4645088232459393,2.0600270979864113,1.4256691806680719,2.4653278055090269,2.0600613405879407,0.0010890521207427646,0.00030283876897936542,3.4242601529399508e-05,0,0.036223631636007968,0.0017010304641388349,0.0010890779745892339,0.00065610308994018193,0.0012714409539433761,-5.1142161316519725e-05,0.030065399999999999,-7.0608666483118476e-17,0.00035335731052169175,-0.0003118924156420011,-0.00016608585118582653,-2.3485024806960318e-15,0.00035335731052169175,-8.5384762845919226e-05,1,0,0.030065399999999999,0,0,0,0,0,0,0,0.0040458999999999998,500,104,0.31804281345565749,0,0,0,0,0,0,0,0,0,1,20,nan,1,0.0010889979361920672,0,0.0081141932345589508,-0.0081318821758031845,0.030065399999999999,-0.0002439564652743087,-0.0081141932345589508,-0.049984099999999997,0,0,0
639155411910602660,nan,57.04524380728266,0.0030733921002868967,0.00068076566520636206,323,0,0,0,0,1.4252836962712432,2.4651225564911989,2.0600613405879407,1.4262093414232373,2.4680532424270671,2.060742106253147,0.0021518213645800176,-0.0021944028383692211,0.00068076566520636206,0,0.10753353778628297,0.034020082516171953,0.0021518213645799725,-0.0017576816692947922,0.0027784492141548572,0.00068076566520636206,0.020010699999999999,-4.4804654777963471e-17,0.00043672116907442882,-0.00038548439682872804,-0.00020524901782792426,-2.2390348552506143e-15,0.00043672116907442882,0,1,0,0.020010699999999999,0,0,0,0,0,0,0,0.0039310999999999999,500,103,0.31888544891640869,0,0,0,0,0,0,0,0,0,1,20,nan,1,0.0021518213645799725,0,0,-0.0081318821758031845,0.020010699999999999,0,0,-0.029973400000000001,0,0,0
639155411910902005,nan,57.484070069134077,0.0027882694805793115,0.00024996381275066431,333,0,0,0,0,1.4285313117273895,2.4692915921518477,2.0607232565473041,1.4273070875715568,2.4667864530513972,2.0604732927345535,-0.0016343800358199808,0.0022590370946142298,-0.00024996381275066431,0,-0.054597118820918514,0.0089800570777375903,-0.0016343374533447851,-0.00037248223723413093,0.0016762463805957827,-0.00026881351859353591,0.029934499999999999,1.1969591984239969e-16,-0.0026315501390299385,0.0023219703041521544,0.0012383497247805408,3.9985942588785413e-15,0.0026315501390299389,-1.8849705842871597e-05,1,0,0.029934499999999999,0,0,0,0,0,0,0,0.013948800000000001,499,109,0.32732732732732733,0,0,0,0,0,0,0,0,0,1,20,nan,1,-0.0016343274224942315,0,0.0017991381986802819,-0.0084981853142380714,0.029934499999999999,-5.3856302408394896e-05,-0.0017991381986802819,-3.8899999999999997e-05,0,0,0
639155411911101963,nan,59.704267775060103,0.0022547169858159813,0.0003673575836704579,334,0,0,0,0,1.4275269198782683,2.4669036177969361,2.0604891706197157,1.4282869148143646,2.4647808468758909,2.0608565282033862,-0.0022307646107871649,0.00032777726795293839,0.0003673575836704579,0,-0.11156191874872733,0.019165798259268282,-0.002230769814915802,7.8635805062845024e-05,0.0022321553612993351,0.00038323546883267673,0.019995800000000001,-1.3945550443594801e-17,-0.00024910604302446346,0.00021983230671152043,0.00011716474553891132,-6.9742398121579536e-16,0.00024910604302446341,1.5877885162218774e-05,1,0,0.019995800000000001,0,0,0,0,0,0,0,0.0139182,500,108,0.32335329341317365,0,0,0,0,0,0,0,0,0,1,20,nan,1,-0.0022307680306700994,0,0.0022687457454537048,-0.0031616829801350832,0.019995800000000001,4.536538617694319e-05,0.0022687457454537048,-0.0129896,0,0,0
639155411911402034,nan,58.360303486979028,0.0018909909835964512,0.0011337943703906284,332,0,0,0,0,1.4281816652951991,2.4647246998908394,2.0608747354984853,1.4272449403488514,2.4630820212019495,2.0597409411280947,-0.0010084169485961101,0.0015996693901638502,-0.0011337943703906284,0,-0.033606915499386734,0.037177437182915676,-0.0010084460740816476,0.0017189403633906053,0.001992917323228466,-0.0011155870752914689,0.030007099999999998,-3.9214237326085088e-17,0.00011928933403686997,-0.00010524951916557335,-5.6146985051519493e-05,-1.3068319606388186e-15,0.00011928933403686997,1.8207295099159637e-05,1,0,0.030007099999999998,0,0,0,0,0,0,0,0.0041282000000000003,500,108,0.3253012048192771,0,0,0,0,0,0,0,0,0,1,20,nan,1,-0.0010084013633770185,0,0.0017336178151407459,0.0066313757561147213,0.030007099999999998,5.2020843140709871e-05,0.0017336178151407459,-0.050007700000000002,0,0,0
639155411911601893,nan,59.111455224190919,0.0018096723152028901,0.00088795319297974007,329,0,0,0,0,1.4262348679258858,2.4625446290750204,2.0597091554254128,1.427163799780762,2.4640976904058789,2.0605971086183925,0.00093482281309776195,-0.0015495225705112448,0.00088795319297974007,0,0.046771652012758853,0.042838575710767143,0.00093477355996179716,-0.00040542091114881788,0.0010189051592765586,0.00085616749029782113,0.019985900000000001,-7.589415207398531e-18,0.001144131372579654,-0.00101007242296558,-0.00053739212692915928,-3.7973847599550338e-16,0.001144131372579654,-3.1785702681919048e-05,1,0,0.019985900000000001,0,0,0,0,0,0,0,0.0039481000000000004,500,104,0.3161094224924012,0,0,0,0,0,0,0,0,0,1,20,nan,1,0.00093479196841029014,0,0.00454401820170633,-0.0030272097792476416,0.019985900000000001,-9.0816293377482538e-05,-0.00454401820170633,-0.062910599999999997,0,0,0
639155411911902021,nan,60.6740411215983,0.003355252526787898,3.1770210959347622e-05,331,0,0,0,0,1.427702099131956,2.4643846751649545,2.0605971086183925,1.4261421233259601,2.467355229827509,2.0605653384074332,0.0033551872232254242,-2.0933600298091073e-05,-3.1770210959347622e-05,0,0.11179187624031622,0.0010585553816820697,0.0033551872232253626,-0.00063095527486183793,0.0034139985151974946,-3.1770210959347622e-05,0.030012799999999999,-6.1528473288552377e-17,-0.00061002167456374664,0.00053829935119398264,0.00028698475907562582,-2.0500744112029661e-15,0.00061002167456374664,0,1,0,0.030012799999999999,0,0,0,0,0,0,0,0.013903499999999999,500,102,0.30815709969788518,0,0,0,0,0,0,0,0,0,1,20,nan,1,0.0033551872232253626,0,0,-0.0030272097792476416,0.030012799999999999,0,0,-0.032897799999999998,0,0,0
639155411912202056,nan,59.430751676867196,0.0023186207905409504,1.6280722072714582e-05,330,0,0,0,0,1.4266986379094826,2.4676519030093265,2.0606464922647145,1.4274951686461101,2.4654743949942008,2.0606627729867872,-0.0022962030759194835,0.00032164235490159522,1.6280722072714582e-05,0,-0.076532043624109938,0.0032474404437506316,-0.0022962291708759825,-0.00030919719174552981,0.0023169530225201213,9.7434579354072071e-05,0.030003499999999999,-1.0012607062903633e-16,-0.00063065319985145744,0.00055651458352246053,0.00029667318181747504,-3.337146353893257e-15,0.00063065319985145733,8.1153857281357489e-05,1,0,0.030003499999999999,0,0,0,0,0,0,0,0.0038834999999999998,500,104,0.31515151515151513,0,0,0,0,0,0,0,0,0,1,20,nan,1,-0.0022962650019369554,0,0.0077280371843561945,-0.002469964325428009,0.030003499999999999,0.00023186816366083107,0.0077280371843561945,-0.036254700000000001,0,0,0
639155411912402013,nan,59.571866318469482,0.00017970011703457613,0.00015606379140908899,324,0,0,0,0,1.4276768662716501,2.4655712791858817,2.0606553843156257,1.4277845886324574,2.465715112509713,2.0608114481070348,7.6234872082420657e-05,-0.00016272792120843098,0.00015606379140908899,0,0.0038125031750333325,0.0074353546136179853,7.6233669737014016e-05,-0.0003686424804197131,0.00037644236049038201,0.00014867512024752116,0.019995700000000002,-2.2711325008140104e-16,-0.00020591399594132321,0.00018169762553998936,9.6884191680857157e-05,-1.1358104496536806e-14,0.00020591399594132321,-7.3886711615678288e-06,1,0,0.019995700000000002,0,0,0,0,0,0,0,0.0038616000000000002,499,106,0.3271604938271605,0,0,0,0,0,0,0,0,0,1,20,nan,1,7.6237560844287294e-05,0,0.001055751438202244,-0.0088669043034315109,0.019995700000000002,-2.1110489032860613e-05,-0.001055751438202244,-0.016258999999999999,0,0,0
639155411912601942,nan,58.89714250340576,0.0013534802212213195,0.00021112395827271868,327,0,0,0,0,1.4281098158312886,2.4658885911595925,2.0608272064648605,1.4268084427900931,2.4662605278704546,2.0606160825065878,0.00094066187635350167,0.0009731721037989227,-0.00021112395827271868,0,0.047049029437568807,0.0097717489932412395,0.00094064654064236948,0.00060458473920161596,0.0011181854145435554,-0.00019536560044697279,0.019992900000000001,-9.9773704922978546e-17,-0.00036860218776291502,0.00032522719883121276,0.00017347864987948824,-4.9904568583336355e-15,0.00036860218776291502,1.5758357825745861e-05,1,0,0.019992900000000001,0,0,0,0,0,0,0,0.0037453,499,106,0.32415902140672781,0,0,0,0,0,0,0,0,0,1,20,nan,1,0.00094066015077923768,0,0.0022519934327688402,-0.0022329043131321669,0.019992900000000001,4.5023879502004149e-05,0.0022519934327688402,-0.029742500000000002,0,0,0
639155411912901981,nan,59.636316762543437,0.0016412916508570714,0.00018781672467937938,331,0,0,0,0,1.4260075668011349,2.465833535515459,2.0606037522948895,1.42749044782538,2.4651300426931027,2.0607915690195688,-0.0013184088020918639,-0.00097756662879817436,0.00018781672467937938,0,-0.043941649438739051,0.0058487900899899343,-0.0013184208555949827,-6.9957500679542145e-05,0.0013202755789490067,0.000175486512981049,0.0300039,1.4137996329210978e-16,0.00090759287178468614,-0.0008008759889581718,-0.00042699235499554788,4.7120528761964204e-15,0.00090759287178468603,-1.2330211698330375e-05,1,0,0.0300039,0,0,0,0,0,0,0,0.013902100000000001,499,111,0.33534743202416917,0,0,0,0,0,0,0,0,0,1,20,nan,1,-0.0013184196231178853,0,0.0011741532361594018,-0.0079145608469843864,0.0300039,-3.5229176282403074e-05,-0.0011741532361594018,-0.033377999999999998,0,0,0
639155411913101975,nan,58.418416903099683,0.0019021637796724543,0.00045677229963203558,323,0,0,0,0,1.4275314558077197,2.4651519156141855,2.0607915690195688,1.4257770042018372,2.4658868486773375,2.0603347967199368,0.0014741402162802559,0.0012021387887606811,-0.00045677229963203558,0,0.073709222090671309,0.022839300160606597,0.0014741402162801718,0.0011556621355651004,0.0018731375680481773,-0.00045677229963203558,0.019999400000000001,-8.4347540887583228e-17,-4.6476653195580477e-05,4.1007982339635873e-05,2.1872921082799479e-05,-4.2175035694862462e-15,4.6476653195580483e-05,0,1,0,0.019999400000000001,0,0,0,0,0,0,0,0.0138009,499,105,0.32507739938080493,0,0,0,0,0,0,0,0,0,1,20,nan,1,0.0014741402162801718,0,0,-0.0079145608469843864,0.019999400000000001,0,0,-0.013378599999999999,0,0,0
639155411913402620,nan,57.880906596639889,0.002933426753877044,0.00068843067798551871,327,0,0,0,0,1.4242428813767534,2.4650694750075339,2.0602559661073494,1.4262563282829614,2.4672027879419725,2.0609443967853349,0.00093621420983294149,-0.0027800171714700778,0.00068843067798551871,0,0.0311328994817055,0.020276407902945975,0.00093599505646773501,-0.0010418065930015371,0.0014005169484706385,0.00060960006539811928,0.030064500000000001,1.3866945786089602e-16,0.0017382843721702556,-0.0015341228250838057,-0.00081737366980361159,4.6123986050290546e-15,0.0017382843721702559,-7.8830612587399429e-05,1,0,0.030064500000000001,0,0,0,0,0,0,0,0.0039705000000000001,499,106,0.32415902140672781,0,0,0,0,0,0,0,0,0,1,20,nan,1,0.00093611237374929541,0,0.0074915705126970987,-0.0082156416028738022,0.030064500000000001,-0.00022523032167898194,-0.0074915705126970987,-0.049652500000000002,0,0,0
639155411913602056,nan,58.959411999107353,0.0010884472584953414,4.0896505488774437e-06,325,0,0,0,0,1.4268663882528936,2.4675283027390078,2.0609266038705738,1.4279270945774964,2.4672841316361445,2.0609225142200249,-0.00071474299245818918,-0.00082088969372135347,-4.0896505488774437e-06,0,-0.035838945745265929,0.0010972224327600887,-0.0007147575983652856,-0.0015123486314718724,0.0016727452906930439,-2.1882565309994106e-05,0.019943599999999999,1.1194387430912833e-16,-0.00069147165524160103,0.00061005996993213074,0.00032551479703535335,5.6130224387336457e-15,0.00069147165524160092,-1.7792914761116663e-05,1,0,0.019943599999999999,0,0,0,0,0,0,0,0.0040594000000000003,500,105,0.32307692307692309,0,0,0,0,0,0,0,0,0,1,20,nan,1,-0.00071471915657683239,0,0.0025490332396222322,-0.0025418449658900499,0.019943599999999999,-5.0836899317729944e-05,-0.0025490332396222322,-0.0297089,0,0,0
639155411913902009,nan,60.411340066202357,0.002449986925011641,0.00026003253093564993,325,0,0,0,0,1.429933918554769,2.4683548730622222,2.0609465794221271,1.4277620058985219,2.4672211926194336,2.0606865468911915,2.224291909106303e-05,0.0024498859535248383,-0.00026003253093564993,0,0.00073958127052956067,0.0078668100946969709,2.218396208391533e-05,0.00017528109874244334,0.00017667934726531783,-0.00023596732883346402,0.029995299999999999,-1.1373280789372942e-16,-0.002274605389353332,0.0020068239772725871,0.0010707414260777703,-3.7916876275192923e-15,0.002274605389353332,2.4065202102185879e-05,1,0,0.029995299999999999,0,0,0,0,0,0,0,0.0141832,500,103,0.31692307692307692,0,0,0,0,0,0,0,0,0,1,20,nan,1,2.2189988035184322e-05,0,0.0022922831340769722,-0.0087305083870887756,0.029995299999999999,6.8757720291579005e-05,0.0022922831340769722,0.00028640000000000002,0,0,0
639155411914102023,nan,59.717998075729298,0.0011612618381712707,0.00033290803178820377,331,0,0,0,0,1.4276588692274261,2.4671661952843067,2.0607031614549545,1.4266826790870655,2.4665372422919014,2.0603702534231663,-9.5633362163096141e-05,0.0011573172930680249,-0.00033290803178820377,0,-0.0047822947629657074,0.015813566451608248,-9.5652590471982288e-05,0.0012741997482326095,0.0012777849648747813,-0.0003162934680251972,0.020001399999999999,-1.2677033901786761e-16,0.00011688404423091303,-0.00010313667109573821,-5.4997335126927283e-05,-6.338073285763377e-15,0.00011688404423091301,1.6614563763006629e-05,1,0,0.020001399999999999,0,0,0,0,0,0,0,0.0140369,500,107,0.32326283987915405,0,0,0,0,0,0,0,0,0,1,20,nan,1,-9.5622347197950363e-05,0,0.0023733429750244159,-0.0017261751927435398,0.020001399999999999,4.7470182180653353e-05,0.0023733429750244159,-0.013358699999999999,0,0,0
639155411914402034,nan,56.985771780025978,0.001922974527468524,5.3602596945978576e-05,320,0,0,0,0,1.4249959898806004,2.4656385051647591,2.0603864939273873,1.4268053834281738,2.4662896011817126,2.0603328913304413,-0.00027628413719214243,-0.0019030234125803043,-5.3602596945978576e-05,0,-0.0092081034060686792,0.0012453574277269696,-0.00027625323109580705,8.1625419752096056e-06,0.00027637379539741179,-3.736209272497959e-05,0.030001099999999999,1.3650105351592501e-16,0.001911190441298245,-0.0016866892064650862,-0.00089873712714227949,4.5498682886935819e-15,0.0019111904412982448,1.6240504220998986e-05,1,0,0.030001099999999999,0,0,0,0,0,0,0,0.0041267999999999999,500,103,0.32187500000000002,0,0,0,0,0,0,0,0,0,1,20,nan,1,-0.00027625304164460374,0,0.0015466579769280459,0.0074448413215577602,0.030001099999999999,4.6401440631615998e-05,0.0015466579769280459,-0.049764200000000001,0,0,0
639155411914602083,nan,58.53414487980163,0.00061446489640375754,0.0005982895150582479,322,0,0,0,0,1.426800585929376,2.4662870451078902,2.0603328913304413,1.4272530044717748,2.4658712512029251,2.0609311808454995,-0.00057969413155573902,-0.00020376904267409716,0.0005982895150582479,0,-0.028977607064048613,0.029907148501529521,-0.00057969413155558604,-0.00019833309674903771,0.0006126836895381238,0.0005982895150582479,0.020004899999999999,1.5306605334890373e-16,5.435945925059474e-06,-4.7974987977816852e-06,-2.5560738223795454e-06,7.6514280675686322e-15,5.435945925059474e-06,0,1,0,0.020004899999999999,0,0,0,0,0,0,0,0.0039287999999999997,499,106,0.32919254658385094,0,0,0,0,0,0,0,0,0,1,20,nan,1,-0.00057969413155558604,0,0,0.0074448413215577602,0.020004899999999999,0,0,-0.029759299999999999,0,0,0
639155411914843892,nan,57.616173298352336,0.00045345372238890584,0.00035894080425569186,325,0,0,0,0,1.4274641453314221,2.4659839078112715,2.0608869360557662,1.4277685102590438,2.4663200361635154,2.0612458768600219,0.00015329640810926687,-0.00042675577278948661,0.00035894080425569186,0,0.0063387850013793753,0.013014239111132607,0.00015327752623985454,-0.0006660781917385279,0.00068348676472911778,0.00031469601452238649,0.024180900000000002,6.2707543151130363e-17,-0.00023931563679940865,0.00021114085964724083,0.00011265660834647306,2.5932675438519807e-15,0.00023931563679940865,-4.4244789733305367e-05,1,0,0.024180900000000002,0,0,0,0,0,0,0,0.0082763999999999997,499,107,0.32923076923076922,0,0,0,0,0,0,0,0,0,1,20,nan,1,0.00015331962663298884,0,0.0052278320886653754,-0.0031603500247001648,0.024180900000000002,-0.00012641368495280858,-0.0052278320886653754,-0.039903899999999999,0,0,0
639155411915202041,nan,59.365901369332612,0.0004709434343860132,3.9476196028953581e-05,325,0,0,0,0,1.428638824687906,2.4667847542459347,2.0612996645304698,1.4285506699257879,2.4672473733725466,2.0612601883344408,0.00044960147626520874,-0.00014016501322169553,-3.9476196028953581e-05,0,0.01255368616872801,0.00039959554316449703,0.0004496090147643768,-0.0011267563078934848,0.0012131479891320561,1.4311474418882144e-05,0.035814899999999997,6.2341624917916505e-18,-0.00098661547789057253,0.00087031442886220667,0.00046471808241932422,1.7406617055448016e-16,0.00098661547789057253,5.3787670447835723e-05,1,0,0.035814899999999997,0,0,0,0,0,0,0,0.0040289000000000002,500,106,0.32615384615384613,0,0,0,0,0,0,0,0,0,1,20,nan,1,0.00044952243401291171,0,0.0042909252412142171,-0.002323242137208581,0.035814899999999997,0.00015367905842156304,0.0042909252412142171,-0.0364634,0,0,0
639155411915401852,nan,58.52191370768459,0.0026267965144909878,0.0007957092111072761,327,0,0,0,0,1.4291051846327436,2.4675434754234926,2.0612825998648128,1.4266320641807484,2.4666581872452902,2.0604868906537055,0.00038405931955818305,0.002598568522783748,-0.0007957092111072761,0,0.019218215291674268,0.038701456913548676,0.00038400108156447276,0.0019699572246136524,0.002007034702602376,-0.00077329768073530758,0.019981100000000002,1.0874547790029609e-16,-0.00062861990487459948,0.00055451470695566663,0.00029610205094598996,5.4424169790600158e-15,0.00062861990487459948,2.2411530371968524e-05,1,0,0.019981100000000002,0,0,0,0,0,0,0,0.0040711999999999996,500,105,0.32110091743119268,0,0,0,0,0,0,0,0,0,1,20,nan,1,0.00038406415244789398,0,0.0032046756144162337,-0.0088791288435459137,0.019981100000000002,6.4032943919212215e-05,0.0032046756144162337,-0.016482299999999998,0,0,0
639155411915601995,nan,60.888555149127477,0.0015236316607799016,5.3742242127619022e-05,326,0,0,0,0,1.4248904688801864,2.4657299330762341,2.0605026526317687,1.4258190329248981,2.4669379157965574,2.0604489103896411,0.00062924410547525456,-0.0013876257757246973,-5.3742242127619022e-05,0,0.031440818670856942,0.0018976563789105795,0.00062926597712413199,0.00058591143991016314,0.00085980688842529586,-3.7980264064430009e-05,0.020014299999999999,6.1799523831673753e-18,0.0019735272973307031,-0.0017415953005619489,-0.00092825416905606417,3.0877684371511247e-16,0.0019735272973307031,1.5761978063189016e-05,1,0,0.020014299999999999,0,0,0,0,0,0,0,0.0041200000000000004,500,102,0.31288343558282211,0,0,0,0,0,0,0,0,0,1,20,nan,1,0.00062927916999783824,0,0.0022501023287254513,-0.0023530223406851292,0.020014299999999999,4.5034223037809795e-05,0.0022501023287254513,-0.0296435,0,0,0
639155411915902032,nan,58.849686104519421,0.0020545293057375271,0.00027681086872854976,326,0,0,0,0,1.425043862849859,2.4665247951281977,2.060434118071615,1.4267540944083059,2.4653862879105541,2.0601573072028865,-0.0018090689601766674,-0.0009738378537824644,-0.00027681086872854976,0,-0.060295342417699502,0.0097189075598871268,-0.0018090833652979305,-9.5427730655936287e-05,0.0018115984859719406,-0.00029160318675458541,0.030003700000000001,5.1608023410310011e-17,0.00087838336269659514,-0.00077517007503913327,-0.00041312066835974548,1.7200553068558214e-15,0.00087838336269659514,-1.4792318026035645e-05,1,0,0.030003700000000001,0,0,0,0,0,0,0,0.013894399999999999,499,104,0.31901840490797545,0,0,0,0,0,0,0,0,0,1,20,nan,1,-0.0018090813483263727,0,0.0014086184633368387,-0.0081720650196075439,0.030003700000000001,-4.2263765788419505e-05,-0.0014086184633368387,-0.033366800000000002,0,0,0
639155411916101852,nan,59.706046258076526,0.00078984234940225086,9.1876413760960673e-05,328,0,0,0,0,1.4268104988491073,2.4654163270884282,2.0601438123884899,1.4263434640717119,2.464779358130305,2.0600519359747289,-0.00034268440698935839,0.00071163075686455485,-9.1876413760960673e-05,0,-0.017149174438661572,0.0052733073845245299,-0.0003426748036333355,0.00064773066195714958,0.00073278989586687967,-0.00010537122815756916,0.019982,-1.628336137801667e-16,-6.3904719305076497e-05,5.6404440801349764e-05,3.0039177874030543e-05,-8.1490148023304318e-15,6.3904719305076484e-05,-1.3494814396608492e-05,1,0,0.019982,0,0,0,0,0,0,0,0.014039899999999999,499,109,0.33231707317073172,0,0,0,0,0,0,0,0,0,1,20,nan,1,-0.00034268729071974553,0,0.0019295672386270681,-0.0019278306281194091,0.019982,-3.8556612562246073e-05,-0.0019295672386270681,-0.046352699999999997,0,0,0
639155411916402134,nan,56.815248466609226,0.0023008612220979754,0.00044062607568795542,323,0,0,0,0,1.4254843213352333,2.4643219227408895,2.059963888733868,1.4269584312620498,2.4660885472870269,2.060404514809556,0.00086677111268046415,-0.0021313540770075859,0.00044062607568795542,0,0.028858987534222599,0.011741590732281277,0.00086658344947514307,-0.0011580993128250932,0.001446430396967027,0.00035257883482708868,0.030028200000000001,-4.3422297008044453e-17,0.00097333107272585759,-0.00085914273647857975,-0.00045743538941556139,-1.4460506126922176e-15,0.00097333107272585759,-8.8047240860866793e-05,1,0,0.030028200000000001,0,0,0,0,0,0,0,0.0039237999999999999,499,105,0.32507739938080493,0,0,0,0,0,0,0,0,0,1,20,nan,1,0.00086672911040410849,0,0.0083775765885612651,-0.0083854515105485916,0.030028200000000001,-0.00025156354531663538,-0.0083775765885612651,-0.049680099999999998,0,0,0
639155411916601923,nan,59.334251050548573,0.001427509546159897,0.00026111813387519334,330,0,0,0,0,1.4276386142828488,2.4664510065943896,2.060404514809556,1.4283691400734464,2.4652245826979944,2.0606656329434312,-0.0014258919416353165,-6.7938760344169705e-05,0.00026111813387519334,0,-0.071369892318155062,0.013069695222219107,-0.0014258919416351881,-0.0008386693820772932,0.0016542473097013262,0.00026111813387519334,0.019978900000000001,1.2836953722228372e-16,-0.00077073062173312339,0.00068018302079897452,0.00036245930736278353,6.425255505672671e-15,0.0007707306217331235,0,1,0,0.019978900000000001,0,0,0,0,0,0,0,0.0038140000000000001,499,106,0.32121212121212123,0,0,0,0,0,0,0,0,0,1,20,nan,1,-0.0014258919416351881,0,0,-0.0083854515105485916,0.019978900000000001,0,0,-0.0631018,0,0,0
639155411916902012,nan,58.551886936637118,0.0023733163685601705,2.5177659721986601e-05,324,0,0,0,0,1.4294802042684793,2.4658170246610625,2.0605697446959743,1.4272915451269346,2.4667348491254391,2.0605445670362523,0.0018395266025490278,0.0014995907654390469,-2.5177659721986601e-05,0,0.061304159340149253,0.004034333387057284,0.001839670387222605,0.00024026738644800951,0.0018552939256663151,-0.00012106590717886334,0.030008900000000002,2.1206994493816467e-16,-0.0012591469831152032,0.0011110641950329292,0.00059244196306806884,7.0669016504491887e-15,0.0012591469831152032,-9.5888247456876741e-05,1,0,0.030008900000000002,0,0,0,0,0,0,0,0.0138085,499,103,0.31790123456790126,0,0,0,0,0,0,0,0,0,1,20,nan,1,0.0018396374573645415,0,0.0091295056235040865,-0.0084757134318351746,0.030008900000000002,-0.00027396642130517179,-0.0091295056235040865,-0.033092900000000001,0,0,0
639155411917202083,nan,60.346591288297333,0.00090128771923471483,0.00018491248618435208,330,0,0,0,0,1.427079337046004,2.4666217284663903,2.0605321240120529,1.426187724547938,2.4667534353611824,2.0603472115258685,0.00053563375454581503,0.00072485587107677316,-0.00018491248618435208,0,0.017850534503615009,0.0065769604654832012,0.00053564277390342585,0.00096532488704091407,0.0011039770463082601,-0.00019735551038380095,0.030007099999999998,-6.7993028741997197e-17,0.00024047568092402482,-0.00021220808093058707,-0.0001131206590487821,-2.2658980288664084e-15,0.00024047568092402482,-1.2443024199448871e-05,1,0,0.030007099999999998,0,0,0,0,0,0,0,0.0038763000000000001,499,106,0.32121212121212123,0,0,0,0,0,0,0,0,0,1,20,nan,1,0.00053562561444604447,0,0.0011847695283062323,-0.0017775748856365681,0.030007099999999998,-3.5551497712837943e-05,-0.0011847695283062323,-0.036765699999999998,0,0,0
639155411917401879,nan,58.775980413925026,0.0019063408133990559,0.00024033558062708235,327,0,0,0,0,1.4256204147975897,2.4664511662617654,2.0603689599922856,1.4271139968129427,2.4676357961872042,2.0606092955729127,0.00034312097873283277,-0.0018752075327238839,0.00024033558062708235,0,0.017175607196326739,0.013117582286141743,0.00034316176153972969,-0.0012323883079743193,0.0012792735970912775,0.00026208404704419758,0.0199796,-2.927345865710862e-18,0.00064281176195099977,-0.00056730975034824382,-0.00030226909941699631,-1.4651674036071102e-16,0.00064281176195099966,2.1748466417115253e-05,1,0,0.0199796,0,0,0,0,0,0,0,0.0036893999999999998,499,104,0.31804281345565749,0,0,0,0,0,0,0,0,0,1,20,nan,1,0.00034312347200878262,0,0.0031100960718700873,-0.0086996434256434441,0.0199796,6.2138475477535593e-05,0.0031100960718700873,-0.016786100000000002,0,0,0
639155411917602040,nan,57.676613515699124,0.0016825952930833682,3.8079423001047275e-05,329,0,0,0,0,1.4282035481264537,2.4682166882129413,2.0606245257025604,1.4265210372418742,2.4681998346205098,2.0606626051255614,0.00077670628220643514,0.001492599836355131,3.8079423001047275e-05,0,0.038802941113772152,0.0026633336488479757,0.00077668354962737466,0.00025788189332695999,0.00081837669026413264,5.330955264870596e-05,0.020016099999999998,3.9464959078472361e-17,-0.0012347297721924373,0.0010895513135109614,0.00058089202573707865,1.9716607670061782e-15,0.0012347297721924373,1.5230129647658686e-05,1,0,0.020016099999999998,0,0,0,0,0,0,0,0.0039003000000000002,500,104,0.3161094224924012,0,0,0,0,0,0,0,0,0,1,20,nan,1,0.00077668916026449623,0,0.0021739827506718884,-0.0018112434772774577,0.020016099999999998,4.3514656135723584e-05,0.0021739827506718884,-0.0632186,0,0,0
639155411917901974,nan,59.131633074077101,0.0017637573831249347,0.00010841659705906892,330,0,0,0,0,1.4261801107288592,2.4680180470149575,2.0606626051255614,1.4260121085175932,2.4662623091747498,2.0605541885285024,-0.001470209300203194,0.00097433296163259978,-0.00010841659705906892,0,-0.049017760580771258,0.0036146817986313297,-0.0014702093002033046,0.0013606975832130457,0.0020032506831063638,-0.00010841659705906892,0.0299934,-1.1066993675645787e-16,0.00038636462158044574,-0.000340926513014983,-0.00018178760555231932,-3.6898096500049296e-15,0.00038636462158044574,0,1,0,0.0299934,0,0,0,0,0,0,0,0.0139726,500,105,0.31818181818181818,0,0,0,0,0,0,0,0,0,1,20,nan,1,-0.0014702093002033046,0,0,-0.0018112434772774577,0.0299934,0,0,-0.033225200000000003,0,0,0
639155411918202004,nan,58.433508778320423,0.0011594221433388558,0.00041786028195733849,334,0,0,0,0,1.4248111216914909,2.4656220905289095,2.0606015775471511,1.4253395496869223,2.4666540903157839,2.0601837172651938,0.00066206080346490172,-0.00095180628227590266,-0.00041786028195733849,0,0.022067990130555586,0.012347807329553059,0.00066210590788705922,0.00040919874135240101,0.0007783494351403721,-0.00037047126330858044,0.030002999999999998,-8.4784609888366447e-17,0.0013609736481478086,-0.0012009868261022572,-0.00064021864584029586,-2.8258710758379644e-15,0.0013609736481478088,4.7389018648757997e-05,1,0,0.030002999999999998,0,0,0,0,0,0,0,0.0040667999999999998,499,110,0.32934131736526945,0,0,0,0,0,0,0,0,0,1,20,nan,1,0.0006621336085509107,0,0.0045127885924510407,-0.0038428883999586105,0.030002999999999998,0.00013539719613930856,0.0045127885924510407,-0.036745600000000003,0,0,0
639155411918401957,nan,57.75484315228875,0.0032773799796163633,0.0007476952970018046,329,0,0,0,0,1.4250987078026676,2.466525817565798,2.0601837172651938,1.428229119896725,2.4655553848519176,2.0609314125621956,-0.0023280849233489405,-0.0023067813334743084,0.0007476952970018046,0,-0.11643160759522445,0.037393552334888926,-0.0023280849233487913,-0.0020339100971735252,0.0030914025447534924,0.0007476952970018046,0.019995300000000001,1.4940305936850251e-16,0.00027287123630078325,-0.00024084188425477215,-0.00012827274998583604,7.4719088670088719e-15,0.00027287123630078325,0,1,0,0.019995300000000001,0,0,0,0,0,0,0,0.0039779000000000004,500,106,0.32218844984802431,0,0,0,0,0,0,0,0,0,1,20,nan,1,-0.0023280849233487913,0,0,-0.0038428883999586105,0.019995300000000001,0,0,-0.049639900000000001,0,0,0
639155411918701931,nan,60.227480667230438,0.0024480014034423611,0.0002677718348800262,322,0,0,0,0,1.4309188990987141,2.466990547954238,2.0609738518302474,1.4288264044810404,2.4657200452402455,2.0607060799953674,-0.00013579024327692747,0.0024442323705176974,-0.0002677718348800262,0,-0.0045301917695360974,0.007511736578110704,-0.00013589397458748214,-0.00060447890435971578,0.00061956591105798067,-0.00022533256682821803,0.0299974,-1.1774435593192578e-16,-0.0030487055098377385,0.0026897792019890954,0.0014351631023203915,-3.9251520442413603e-15,0.0030487055098377385,4.2439268051808206e-05,1,0,0.0299974,0,0,0,0,0,0,0,0.0140603,500,102,0.31677018633540371,0,0,0,0,0,0,0,0,0,1,20,nan,1,-0.00013593062239806964,0,0.0040421853752772271,-0.0038038939237594604,0.0299974,0.00012125505157634109,0.0040421853752772271,-0.0196425,0,0,0
639155411918901969,nan,57.784263607242366,0.0028725453640810303,0.00013232312462907458,326,0,0,0,0,1.4291821057244709,2.4659097308355218,2.0607039642712248,1.4264894098181196,2.4669101835453597,2.0605716411465957,0.0021498087407015166,0.0019052137011649839,-0.00013232312462907458,0,0.10747021923850278,0.0067206655121338455,0.0021498127716031616,0.0015020913044394351,0.0026225890337261441,-0.00013443884877162302,0.020003799999999999,-1.6761765586625899e-16,-0.00040311784831903073,0.00035570124343053955,0.00018968559527632323,-8.3792907280746157e-15,0.00040311784831903073,-2.1157241425484585e-06,1,0,0.020003799999999999,0,0,0,0,0,0,0,0.0140243,499,106,0.32515337423312884,0,0,0,0,0,0,0,0,0,1,20,nan,1,0.0021498082315778598,0,0.00030218889020507258,-0.0085118599236011505,0.020003799999999999,-6.044926121884231e-06,-0.00030218889020507258,-0.033179199999999999,0,0,0
639155411919202053,nan,58.914267511475991,0.0023104132343104403,8.926517305418713e-05,324,0,0,0,0,1.4245005933564692,2.4658499463411729,2.0605868124063251,1.4268069952695832,2.465713859866971,2.0606760775793793,-0.0012051130439496409,-0.0019712209070977455,8.926517305418713e-05,0,-0.040158193636004522,0.0034802399589305751,-0.0012050831379066781,0.00028253405668682822,0.0012377604220748543,0.00010443643278357227,0.030008400000000001,-9.0205620750793969e-17,0.002253773246640711,-0.0019888164616503889,-0.001060237204186798,-3.0060123415708257e-15,0.002253773246640711,1.5171259729385156e-05,1,0,0.030008400000000001,0,0,0,0,0,0,0,0.0038184999999999998,499,105,0.32407407407407407,0,0,0,0,0,0,0,0,0,1,20,nan,1,-0.0012050770141985669,0,0.0014444774252782638,-0.00095490243984386325,0.030008400000000001,4.3346456368720254e-05,0.0014444774252782638,-0.036878500000000002,0,0,0
639155411919401936,nan,64.708769885189938,0.00059422259472980007,0.00010800709832148314,318,0,0,0,0,1.4266408616454422,2.465625271820528,2.0605943076982305,1.4263495660022616,2.4661431978194424,2.060486300599909,0.00059407170497932215,1.3390348403888509e-05,-0.00010800709832148314,0,0.029721026696642488,0.0094944031993872916,0.00059407279792049906,0.00020161875608582864,0.00062735365786347895,-0.00018977697947031302,0.019988300000000001,5.5524703758413896e-17,0.0001882769848993621,-0.00016613362414097388,-8.8588046442961144e-05,2.7778602361588478e-15,0.0001882769848993621,-8.1769881148829882e-05,1,0,0.019988300000000001,0,0,0,0,0,0,0,0.0039316000000000004,499,99,0.31132075471698112,0,0,0,0,0,0,0,0,0,1,20,nan,1,0.00059404924195058482,0,0.011688249218505012,-0.0077876336872577667,0.019988300000000001,-0.00023362823185424375,-0.011688249218505012,-0.049761800000000002,0,0,0
639155411919601981,nan,61.53039716236156,0.0017464286501408747,0.00033218623523989521,322,0,0,0,0,1.4261713979676729,2.4660482360417308,2.060486300599909,1.4267843197292551,2.467683576967719,2.0608184868351489,0.0011548643992279977,-0.0013100768105071678,0.00033218623523989521,0,0.057730230659500531,0.01660557550750557,0.0011548643992279784,-0.001108181818555088,0.0016005557545990896,0.00033218623523989521,0.020004500000000001,-1.928524614308591e-17,0.00020189499195207979,-0.00017816803458869934,-9.496177771151082e-05,-9.6404539693998389e-16,0.00020189499195207979,0,1,0,0.020004500000000001,0,0,0,0,0,0,0,0.0038643000000000002,499,104,0.32298136645962733,0,0,0,0,0,0,0,0,0,1,20,nan,1,0.0011548643992279784,0,0,-0.0077876336872577667,0.020004500000000001,0,0,-0.0297573,0,0,0
639155411919901941,nan,60.774994523945992,0.0019091104077633724,0.00010489872025454261,332,0,0,0,0,1.4282509622708257,2.4684659084626865,2.0607735190289493,1.4265739585944106,2.4675535701382034,2.0606686203086948,-1.5788278240042096e-05,0.0019090451223846556,-0.00010489872025454261,0,-0.00052348421966518335,0.0049962170440759112,-1.5702432653076837e-05,0.00024679346908405505,0.00024729250448359095,-0.00014986652645410103,0.029995999999999998,-5.8113236445223038e-17,-0.001662252361334693,0.0014666425415705842,0.0007823314949675364,-1.9373661970003679e-15,0.001662252361334693,-4.4967806199558424e-05,1,0,0.029995999999999998,0,0,0,0,0,0,0,0.0139268,499,108,0.3253012048192771,0,0,0,0,0,0,0,0,0,1,20,nan,1,-1.5718286564793272e-05,0,0.0042832193053933699,-0.0042826482094824314,0.029995999999999998,-0.00012847944628457952,-0.0042832193053933699,-0.033207899999999999,0,0,0
639155411920202010,nan,60.603172446151433,0.0010246731631439047,9.3446440222244576e-05,324,0,0,0,0,1.4263561127228346,2.467437409465373,2.0607116714228844,1.4273014965898394,2.467832636533366,2.0608051178631066,-9.6113932072307024e-05,-0.0010201554799778977,9.3446440222244576e-05,0,-0.0032015974043714829,0.0045488722397784322,-9.6070013153234653e-05,-0.00077327882440575489,0.00077922370838008322,0.00013649755441180744,0.0300069,-4.2392304944183223e-17,0.00024688079243862925,-0.00021784587157602786,-0.00011616067283037879,-1.4127518985361108e-15,0.0002468807924386292,4.3051114189562867e-05,1,0,0.0300069,0,0,0,0,0,0,0,0.0039325999999999996,499,105,0.32407407407407407,0,0,0,0,0,0,0,0,0,1,20,nan,1,-9.6117570850042856e-05,0,0.0040991633057017845,-0.00404355488717556,0.0300069,0.00012300318339786287,0.0040991633057017845,-0.0032009999999999999,0,0,0
639155411920401903,nan,57.514040681880942,0.0017207349051699618,0.00041028103283746731,330,0,0,0,0,1.4277559984029753,2.4680750675454459,2.0608031030407798,1.4272132211777884,2.4664421800729945,2.0603928220079424,-0.001185296805030208,0.0012473973295848673,-0.00041028103283746731,0,-0.05929643818161251,0.020625827575964348,-0.001185294291743707,0.00073228352331689982,0.0013932557972467328,-0.00041229585516422418,0.019989300000000002,1.0524892589403034e-16,-0.00051511619442790252,0.000454501813135888,0.00024243101207988005,5.2652632105191447e-15,0.00051511619442790241,-2.014822326756871e-06,1,0,0.019989300000000002,0,0,0,0,0,0,0,0.004052,500,108,0.32727272727272727,0,0,0,0,0,0,0,0,0,1,20,nan,1,-0.0011852963994833574,0,0.0002879858333797813,-0.0078275129199028015,0.019989300000000002,-5.7566352191784631e-06,-0.0002879858333797813,-0.016689800000000001,0.028000000864267349,0.025600001215934753,0.00055970041727609941
639155411920702784,nan,59.095902780561801,0.0024472471551884117,0.00046998983203616618,326,0,0,0,0,1.4262411180127701,2.4659241755031358,2.0603971491124224,1.4260228651646443,2.4683616710073086,2.0608671389444586,0.0022537786827653444,-0.00095367724503119141,0.00046998983203616618,0,0.074906119343035357,0.01576427014388506,0.0022537828094051819,0.00014783752220596245,0.0022586263269833528,0.00047431693651622808,0.0300881,-1.4251837557321956e-16,0.0011015050148923903,-0.00097210316501827876,-0.00051800456985873211,-4.7367024030503604e-15,0.0011015050148923903,4.3271044800619052e-06,1,0,0.0300881,0,0,0,0,0,0,0,0.014003099999999999,500,103,0.31595092024539878,0,0,0,0,0,0,0,0,0,1,20,nan,1,0.0022537837232312705,0,0.00041089851660445863,-0.004624511580914259,0.0300881,1.2363155657446612e-05,0.00041089851660445863,-0.019661499999999998,0.028000000864267349,0.025600001215934753,0.00084246682600416247
639155411920901912,nan,57.248164150225186,0.0021174773974580031,0.00070638372506115488,318,0,0,0,0,1.4259371640507701,2.4683159512534827,2.0609605696734783,1.4262435077389946,2.4662207510068641,2.0602541859484171,-0.0019927197082214351,0.00071608567449111616,-0.00070638372506115488,0,-0.10007566007445136,0.030781858706031871,-0.0019927866039305352,0.0008130332988963647,0.0021522596483508445,-0.00061295299604147147,0.019912800000000001,-1.14044516018319e-16,9.7133808785512446e-05,-8.5701113874181445e-05,-4.571975382594573e-05,-5.7271963771201934e-15,9.7133808785512446e-05,9.3430729019683412e-05,1,0,0.019912800000000001,0,0,0,0,0,0,0,0.0139118,500,101,0.31761006289308175,0,0,0,0,0,0,0,0,0,1,20,nan,1,-0.0019926780686175911,0,0.013405695836640636,0.013347313739359379,0.019912800000000001,0.00026694494005585767,0.013405695836640636,-0.033018199999999998,0.028000000864267349,0.025600001215934753,0.00055755841720998291
639155411921101906,nan,57.335064172437413,0.0020230706080895358,0.00099241777866376779,326,0,0,0,0,1.425523896600313,2.465837419934366,2.0602541859484171,1.4271253206310726,2.4670736463533611,2.0612466037270809,0.00033817299046013185,-0.0019946061550689693,0.00099241777866376779,0,0.016909156797713498,0.049622377604516522,0.00033817299046019132,-0.0011792639557090066,0.0012267943791488623,0.00099241777866376779,0.019999400000000001,5.9522699269454193e-17,0.0008153421993599625,-0.00071961113868157511,-0.00038333107249810539,2.9762242502002158e-15,0.00081534219935996261,0,1,0,0.019999400000000001,0,0,0,0,0,0,0,0.013913500000000001,499,105,0.32208588957055212,0,0,0,0,0,0,0,0,0,1,20,nan,1,0.00033817299046019132,0,0,0.013347313739359379,0.019999400000000001,0,0,-0.013018800000000001,0.028000000864267349,0.025600001215934753,0.00055998321728482848
639155411921401954,nan,60.289848202738725,0.00058878705713210581,0.00039652770394038583,321,0,0,0,0,1.4286864404965147,2.4679072323257181,2.0612086118594473,1.4281041888854127,2.4679947152384232,2.0608120841555069,0.00035140653293622549,0.00047242316545235909,-0.00039652770394038583,0,0.011712275399965348,0.014481668652150071,0.0003514244809208803,-0.0012973248570014456,0.0013440799642820106,-0.00043451957157403248,0.030004800000000002,-1.0299920638612292e-16,-0.0017697346715223794,0.0015611198654421621,0.00083358597235694276,-3.4327576383153002e-15,0.0017697346715223794,-3.7991867633646592e-05,1,0,0.030004800000000002,0,0,0,0,0,0,0,0.0039864999999999996,499,106,0.33021806853582553,0,0,0,0,0,0,0,0,0,1,20,nan,1,0.00035149489153788946,0,0.0036176942768756976,-0.0071241403929889202,0.030004800000000002,-0.00010854819323879994,-0.0036176942768756976,-0.0163331,0.028000000864267349,0.025600001215934753,0.00084013442593216896
639155411921601977,nan,58.133534318991032,0.0021642797800563844,0.00044764273351027839,321,0,0,0,0,1.4288671731476568,2.4684016974431926,2.0608300864411291,1.4267527015882944,2.4679400514846828,2.0612777291746394,0.00058786997605401146,0.0020829104295708844,0.00044764273351027839,0,0.029388244292412598,0.023279573805636746,0.00058783247881012452,0.0012181785653594076,0.0013525923407461541,0.0004656450191324879,0.020002300000000001,-1.5113778284447932e-16,-0.00086474244687717691,0.00076298426224408189,0.00040698220476942382,-7.5560201999009775e-15,0.00086474244687717691,1.8002285622209513e-05,1,0,0.020002300000000001,0,0,0,0,0,0,0,0.0039519000000000004,500,101,0.31464174454828658,0,0,0,0,0,0,0,0,0,1,20,nan,1,0.00058786380718497358,0,0.0025714593710371996,0.0013074174057692289,0.020002300000000001,5.1435101777297376e-05,0.0025714593710371996,-0.030061399999999999,0,0,0
639155411921902039,nan,59.499192281398251,0.0010306180587079407,0.0010813843060941686,335,0,0,0,0,1.4251410719472426,2.4670794305095867,2.0612671502079021,1.4252392979360233,2.466053503982947,2.0601857659018079,-0.00095124975153894017,0.00039660747992445716,-0.0010813843060941686,0,-0.031701633522020732,0.036391254901702086,-0.00095124555578845853,0.0022236420538399478,0.0024185640555943176,-0.0010919632728314532,0.0300062,-8.55435514091063e-17,0.0018270245106982034,-0.0016116296410517705,-0.00086062097509609359,-2.850862535379565e-15,0.0018270245106982036,-1.0578966737284645e-05,1,0,0.0300062,0,0,0,0,0,0,0,0.013790800000000001,499,105,0.31343283582089554,0,0,0,0,0,0,0,0,0,1,20,nan,1,-0.00095127916115886151,0,0.0010073124637919556,-0.0065048588439822197,0.0300062,-3.0225619251034175e-05,-0.0010073124637919556,-0.033032699999999998,0,0,0
639155411922201911,nan,59.162251706840557,0.0025759029626958767,0.00036868455212335505,326,0,0,0,0,1.4232788270289238,2.4650093490720257,2.060115226144664,1.42575569774176,2.4657167298359144,2.0604839106967874,-0.00053981882174364043,-0.0025187043718778719,0.00036868455212335505,0,-0.018007566201420706,0.0099424019241366769,-0.00053999648919524296,-0.00029747164088572166,0.0006165108153750687,0.00029814479497947133,0.029987199999999999,-7.1232082732297641e-17,0.0022211946460372373,-0.0019604709070994986,-0.0010441549109212467,-2.3754162686845604e-15,0.0022211946460372373,-7.0539757143883719e-05,1,0,0.029987199999999999,0,0,0,0,0,0,0,0.0041387000000000004,500,106,0.32515337423312884,0,0,0,0,0,0,0,0,0,1,20,nan,1,-0.00053996650991450517,0,0.0067209397098672661,-0.0067180721089243889,0.029987199999999999,-0.00020154216326773167,-0.0067209397098672661,-0.036326299999999999,0,0,0
639155411922401847,nan,58.00114890848382,0.0021657123428638209,0.00027535307969817069,320,0,0,0,0,1.425930630166947,2.4658099665293904,2.0604839106967874,1.4280374630565018,2.4663115292149271,2.0607592637764856,-0.00054833033068028988,-0.0020951476798757511,0.00027535307969817069,0,-0.027425292627644472,0.013772061044442755,-0.00054833033068007249,-0.0022933759180057854,0.0023580159568655592,0.00027535307969817069,0.0199936,2.1724701031178295e-16,-0.00019822823813003444,0.00017493242518695773,9.3236693476050903e-05,1.086582758041488e-14,0.00019822823813003444,0,1,0,0.0199936,0,0,0,0,0,0,0,0.003787,499,106,0.33124999999999999,0,0,0,0,0,0,0,0,0,1,20,nan,1,-0.00054833033068007249,0,0,-0.0067180721089243889,0.0199936,0,0,-0.049956199999999999,0,0,0
639155411922701950,nan,61.39740120706049,0.0037283008306197786,0.00029252815225966344,336,0,0,0,0,1.431074618461359,2.467931367318688,2.0607681056440441,1.4274544929249737,2.4670397854747659,2.0604755774917844,0.00091695085406715373,0.0036137830890668647,-0.00029252815225966344,0,0.030553473355481992,0.0094529639724061816,0.00091691890144002123,0.00017167143743270413,0.00093285119619807857,-0.00028368628470110124,0.0300103,1.6891869847324159e-16,-0.0034421197590509094,0.0030371554048571614,0.0016198381037608733,5.6286907652786409e-15,0.0034421197590509094,8.8418675585621981e-06,1,0,0.0300103,0,0,0,0,0,0,0,0.013889200000000001,500,108,0.32142857142857145,0,0,0,0,0,0,0,0,0,1,20,nan,1,0.00091692106978989393,0,0.00084179360883196073,-0.0060180099681019783,0.0300103,2.526247873912979e-05,0.00084179360883196073,-0.019945899999999999,0,0,0
639155411922902025,nan,60.434580842649524,0.00069398612614799543,9.1907903170707073e-05,323,0,0,0,0,1.4273533385230484,2.4669858725846301,2.0603946686575485,1.4266714407165977,2.4668569069890487,2.0603027607543778,0.00020686212105862334,0.000662438530096966,-9.1907903170707073e-05,0,0.01034190766015383,0.0086375977711686015,0.00020691571751052778,0.00077704645126782182,0.00080412393421711557,-0.00017281673740665582,0.020007500000000001,-1.7570173831485403e-16,0.00011462466031214066,-0.00010115440192537406,-5.3912890135787706e-05,-8.7817937430890424e-15,0.00011462466031214066,-8.0908834235948746e-05,1,0,0.020007500000000001,0,0,0,0,0,0,0,0.0138847,499,106,0.32817337461300311,0,0,0,0,0,0,0,0,0,1,20,nan,1,0.00020682590195353755,0,0.011554072113778605,-0.0077056032605469227,0.020007500000000001,-0.00023116809781642544,-0.011554072113778605,-0.033082500000000001,0,0,0
639155411923101900,nan,56.100149783818701,0.0022531321010579226,0.0001966508765214314,326,0,0,0,0,1.4259863007068243,2.4664918956846322,2.0603065337858371,1.4263768882509802,2.4642728766141491,2.0601098829093156,-0.0021420765007058779,0.00069865050629148561,-0.0001966508765214314,0,-0.1071709386727257,0.0096499234552678975,-0.0021420791367211048,0.0014749478314263916,0.0026007641441324982,-0.0001928778450621671,0.019987499999999998,-1.341158087364569e-16,0.00077630540726190435,-0.0006851400097733773,-0.00036501130441646268,-6.7099841769334289e-15,0.00077630540726190435,3.773031459264331e-06,1,0,0.019987499999999998,0,0,0,0,0,0,0,0.0135849,499,102,0.31288343558282211,0,0,0,0,0,0,0,0,0,1,20,nan,1,-0.0021420711866548896,0,0.00053934158266026524,0.00053900718921795487,0.019987499999999998,1.078008988342205e-05,0.00053934158266026524,-0.013095000000000001,0,0,0
639155411923401907,nan,58.009900419221232,0.004462848108190619,0.00051155908167954678,325,0,0,0,0,1.4244233621115108,2.463232610797554,2.0600960267168928,1.4257584351041117,2.4674910839207764,2.0606075857985724,0.0031312985271615013,-0.0031799343972127476,0.00051155908167954678,0,0.10437271347262106,0.01658970921534391,0.0031312544650780628,-0.00096674093646124709,0.0032770936152788301,0.00049770288925676809,0.030000700000000002,5.5077470362263625e-17,0.0022132368483211602,-0.0019535261394694192,-0.0010402658165951095,1.8358728417091475e-15,0.0022132368483211602,-1.385619242277869e-05,1,0,0.030000700000000002,0,0,0,0,0,0,0,0.0037190000000000001,499,109,0.33538461538461539,0,0,0,0,0,0,0,0,0,1,20,nan,1,0.003131273600676665,0,0.0013196065827777057,-0.0039587933570146561,0.030000700000000002,-3.9589121207939115e-05,-0.0013196065827777057,-0.049978799999999997,0.20999999344348907,0,0.0063001468033000831
639155411923702128,nan,55.798204306040361,0.0024923299904635165,0.00062874267158452568,325,0,0,0,0,1.4266134928377947,2.4679469543026835,2.0606117986531807,1.4275082089066244,2.465620757419885,2.0599830559815961,-0.0024736127899083653,0.00030487464139483016,-0.00062874267158452568,0,-0.08239310622104716,0.020802336178223683,-0.0024736140742788997,-0.00066412573465131743,0.0025612164258212947,-0.00062452981697624921,0.030022099999999999,5.2692225582795515e-17,-0.00096898995507240101,0.00085505773368299565,0.0004558703819070864,1.7551145850155557e-15,0.0009689899550724009,4.2128546082764728e-06,1,0,0.030022099999999999,0,0,0,0,0,0,0,0.0140272,500,109,0.33538461538461539,0,0,0,0,0,0,0,0,0,1,20,nan,1,-0.0024736180711843326,0,0.00040092889746339201,-0.0055072926916182041,0.030022099999999999,1.20367274525357e-05,0.00040092889746339201,-0.053078199999999999,0.20999999344348907,0,0.0063046408031597733
639155411923902052,nan,59.708244988700478,0.00080474280586283512,0.00033323202753887676,326,0,0,0,0,1.4278995034618449,2.4658290607092739,2.0599240395704035,1.4283193006308634,2.4651424885568587,2.0602572715979424,-0.00080331103611421396,-4.7982943272551989e-05,0.00033323202753887676,0,-0.040180962090415329,0.013715992894610871,-0.00080331386649641948,-0.00049122064529494704,0.00094160017548289114,0.00027421561634621838,0.0199924,-3.7621815385247004e-17,-0.00044328511064035123,0.00039129455522046719,0.00020830328938892251,-1.8818058554874352e-15,0.00044328511064035123,-5.9016411192658325e-05,1,0,0.0199924,0,0,0,0,0,0,0,0.013975899999999999,500,106,0.32515337423312884,0,0,0,0,0,0,0,0,0,1,20,nan,1,-0.0008032724492420644,0,0.0084341208505950456,-0.0084309158846735954,0.0199924,-0.00016861831769343638,-0.0084341208505950456,-0.033085799999999999,0.20999999344348907,0,0.0041984038689196115
639155411924202157,nan,60.565864183896828,0.0015597254150636758,0.00023858798485498767,324,0,0,0,0,1.4289698006884033,2.4654890072884328,2.0602043224646129,1.4277171665656989,2.4664183356077216,2.0604429104494679,0.0014091033276606559,0.00066870859301434256,0.00023858798485498767,0,0.046954856907613328,0.0061857966886776378,0.0014091387332259297,-6.8404386917677034e-05,0.0014107980470737691,0.00018563885152556026,0.030010499999999999,1.2880321809127793e-16,-0.0007370383681946837,0.00065050005753986007,0.00034651873157409696,4.2919384245939894e-15,0.00073703836819468381,-5.2949133329427411e-05,1,0,0.030010499999999999,0,0,0,0,0,0,0,0.0040082,500,102,0.31481481481481483,0,0,0,0,0,0,0,0,0,1,20,nan,1,0.0014091439034131983,0,0.0050410102491794482,-0.0050427746027708054,0.030010499999999999,-0.00015128323808299982,-0.0050410102491794482,-0.036190399999999998,0.20999999344348907,0,0.006302204803235829
639155411924401913,nan,13.84753428499957,0.0008583071580472567,4.7125928487545821e-05,325,0,0,0,0,1.4258920888216613,2.4699400995699707,2.0602701227796403,1.4256973647808575,2.4691041727038585,2.0603172487081278,-0.00064622089843698169,0.00056488027756194383,4.7125928487545821e-05,0.19855790560452488,0.16621227971874344,0.006290761796396583,0.0033201900147497316,0.00051928645561942878,0.0033605535491989425,-0.00012566174134009958,0.0199756,0.0039663132991936585,-4.570547251278069e-05,-0.0018250777440376176,0.0035217639622491248,0.19855790560452044,0.0039665766320062558,-0.00017278766982764537,1,0.003966313299193747,0.0199756,0.0031620545025425888,0,0.0031620545025425884,0,0.15829584605932182,0.0031620545025425884,0,0.0040505000000000003,500,103,0.31692307692307692,0,1,1,1,1,1,3,0.79803142769955393,6.3842514215964314,0.48127957199528992,20,0.003966313299193747,1,0.00056074944403410292,0.003966313299193747,0.024714104039477481,-0.059411313384771347,0.0199756,-0.00049367905665098633,-0.024714104039477481,-0.016214800000000001,0.20999999344348907,0,0.0041948758690297603
639155411924601908,nan,58.104533870514906,0.0026980345119372805,0.00066930759150052299,336,0,0,0,0,1.4252381472521454,2.4688595140371401,2.0604608414126813,1.4260899762854855,2.4662994793644133,2.0597915338211807,-0.0026598474059400367,0.00045232953111498284,-0.00066930759150052299,0,-0.13299894146048244,0.026286401507391768,-0.0026599123297389184,0.00097227306863736072,0.0028320396398875901,-0.00052571488694708169,0.0199995,9.9855020085914958e-17,0.00052032547686704442,-0.00045921752871214139,-0.00024465866671841141,4.9928758261914024e-15,0.00052032547686704442,0.00014359270455344131,1,0,0.0199995,0,0,0,0,0,0,0,0.0040146000000000001,500,111,0.33035714285714285,0,0,0,0,0,0,0,0,0,1,20,nan,1,-0.0026597128290345435,0,0.020513756351489335,-0.0013101408258080482,0.0199995,0.00041026487015161095,0.020513756351489335,-0.030047600000000001,0.61599999666213989,0,0.012319691933244467
639155411924901993,nan,56.511697443818868,0.003370842667218626,0.0013194055682284043,327,0,0,0,0,1.4248039400419175,2.4656151818223031,2.0598400491875708,1.4230487862084065,2.4684930308989319,2.0585206436193424,0.0033650543485304542,0.0001974576374260018,-0.0013194055682284043,0,0.11213638685174961,0.042351007275883444,0.0033650447648407283,0.0016543818030101038,0.0037497340465042256,-0.0012708902018383483,0.0300085,1.2902005852577503e-16,0.0014567609089719067,-0.001286036243568045,-0.00068429754211019045,4.2994504399011952e-15,0.0014567609089719067,4.8515366390056158e-05,1,0,0.0300085,0,0,0,0,0,0,0,0.014133400000000001,500,108,0.33027522935779818,0,0,0,0,0,0,0,0,0,1,20,nan,1,0.0033651594181004409,0,0.004619202310804568,0.02954857237637043,0.0300085,0.00013861533254377889,0.004619202310804568,-0.0331141,0.61599999666213989,0,0.018485235899835827
639155411925202177,nan,57.321283543401528,0.0018911269914936594,0.00016885764986795948,321,0,0,0,0,1.4215830425539397,2.4677154999676776,2.0585738252196339,1.421886868807162,2.4695820612192332,2.0587426828695019,0.001506484268259903,-0.0011431825958442879,0.00016885764986795948,0,0.050187387149531089,0.0073967716520371325,0.001506545062409484,0.0005161017930407375,0.0015924946109328784,0.00022203925015951145,0.030018400000000001,1.1882855810441129e-16,0.0016592042700242415,-0.0014657436544667224,-0.00077753093125432216,3.9585240420679077e-15,0.0016592042700242413,5.3181600291551945e-05,1,0,0.030018400000000001,0,0,0,0,0,0,0,0.0040268999999999999,500,103,0.32087227414330216,0,0,0,0,0,0,0,0,0,1,20,nan,1,0.0015065842682319345,0,0.005061809736815066,-0.011130791157484055,0.030018400000000001,0.00015194742940360939,0.005061809736815066,-0.0030956999999999998,0.61599999666213989,0,0.018491334299802781
639155411925401869,nan,53.907955222880673,0.0022618532158547168,0.0014934626547877805,315,0,0,0,0,1.4215838051200773,2.4694212092224492,2.0586772261167203,1.4232713285431866,2.4709272784992522,2.0601706887715081,0.00053931825543090841,-0.0021966146201442089,0.0014934626547877805,0,0.027000304018962813,0.071510421148879358,0.00053917447101547219,-0.0018535450307290489,0.0019303725783213887,0.0014280059020062017,0.019969199999999999,-1.3742262536253769e-17,0.00034310488673105821,-0.00030306368708465925,-0.00016085199678395057,-6.8817291309886067e-16,0.00034310488673105826,-6.5456752781578587e-05,1,0,0.019969199999999999,0,0,0,0,0,0,0,0.0039096000000000001,499,102,0.32380952380952382,0,0,0,0,0,0,0,0,0,1,20,nan,1,0.00053934779299914337,0,0.0093653873796727283,0.0037495775613933802,0.019969199999999999,-0.00018701929366216063,-0.0093653873796727283,-0.016396500000000001,0.61599999666213989,0,0.012301027133345603
639155411925701981,nan,58.547067762569014,0.005920219267848097,0.0018257872247966489,322,0,0,0,0,1.4257310335695135,2.4722372799614258,2.0602467388675012,1.4203240186294546,2.474648334837902,2.0584209516427046,0.0046700350976325387,0.0036386492502410977,-0.0018257872247966489,0,0.15560052128882637,0.058302804579741976,0.0046697583645032258,0.00085220468206964909,0.0047468827669312911,-0.0017497371288035524,0.030011199999999998,3.3176586478056436e-17,-0.0027867997142662954,0.0024597050263268638,0.0013100014621736378,1.1054735058263728e-15,0.0027867997142662958,7.6050095993096534e-05,1,0,0.030011199999999998,0,0,0,0,0,0,0,0.013922199999999999,499,105,0.32608695652173914,0,0,0,0,0,0,0,0,0,1,20,nan,1,0.0046698509230121595,0,0.0072401632907446844,0.013381022959947586,0.030011199999999998,0.00021728598855119685,0.0072401632907446844,-0.019652099999999999,0.61599999666213989,0,0.018486899099826811
639155411925901907,nan,61.126766250226353,0.0066865628191701944,0.0020300401751747188,327,0,0,0,0,1.41981766440635,2.4743797945212025,2.0588212942001642,1.4148830597396702,2.4788919779304059,2.0567912540249895,0.0062991829591208075,0.0022428589751099558,-0.0020300401751747188,0,0.31503078851417737,0.081515041451088469,0.0062982845424485422,0.0028185372375104964,0.0069001840799271102,-0.0016296976177150313,0.019992599999999999,-9.2157184661267877e-19,0.00057315661118831416,-0.00050635422310452149,-0.00026854031669953926,-4.609564772029045e-17,0.00057315661118831416,0.00040034255745968755,1,0,0.019992599999999999,0,0,0,0,0,0,0,0.014031399999999999,500,108,0.33027522935779818,0,0,0,0,0,0,0,0,0,1,20,nan,1,0.0062998954843158563,0,0.057212962719012189,0.057190936058759689,0.019992599999999999,0.0011438358784561231,0.057212962719012189,0.00034049999999999998,0.61599999666213989,0,0.012315441533267498
639155411926101906,nan,68.898310711784632,0.0046248599696801316,9.0345569307093143e-05,320,0,0,0,0,1.4108691911159319,2.4804318896553998,2.057034241306499,1.4103248899808709,2.4850246084594985,2.0569438957371919,0.0043147632210068327,-0.0016649769024813682,-9.0345569307093143e-05,0.16182268461529434,0.37758214650439764,0.0076321237707397066,0.0075516051718733032,0.0011659022619956026,0.0076410777221796464,0.00015264171220241707,0.019999900000000001,0.0032364375100370334,0.0028298306827493937,-0.0040138686237383148,0.0015399117249939032,0.16182268461527474,0.0042991242654062244,0.00024298728150951021,1,0.0032364375100374255,0.019999900000000001,0.00095339452867948538,0,0.00095339452867948538,0,0.047669964783798188,0.00095339452867948538,0,0.014108300000000001,500,105,0.328125,0,0,0,0,0,0,0,0,0,1,20,nan,1,0.0075520094303565578,0.0032364375100374255,0.034712642350290979,0.051376365125179291,0.019999900000000001,0.00069424937574158463,0.034712642350290979,-0.0135341,0.86799997091293335,0,0.017359912618261576
639155411926401922,nan,64.546786131335878,0.0017871776055350557,0.00014807960857909919,324,0,0,0,0,1.4056393387298607,2.4901516090753226,2.0571047083479526,1.4071022627559449,2.4911781844927332,2.0572527879565317,0.00022383843977423208,-0.0017731046631841712,0.00014807960857909919,0.22997369615321714,0.23153115945853409,0.010295858198886664,0.0069463052336111563,-2.5842390406126577e-05,0.0069463533042622904,0.00030889221933971811,0.0300016,0.0067221816591424228,0.0017472262538074509,-0.0046855512510102226,0.0051270006158241621,0.2240607720635707,0.0069455399963217253,0.00016081261076061895,1,0.0068995788425103592,0.0300016,0.0058016429481804188,4.3368086899420177e-19,0.0058016429481804188,0,0.19337778479082512,0.0058016429481804179,0,0.0040027999999999999,500,106,0.3271604938271605,0,0,0,0,0,0,0,0,0,1,20,nan,1,0.0069462991134770623,0.0068995788425103592,0.015314669956685612,0.049702689051628113,0.0300016,0.00045946460217249907,0.015314669956685612,-0.0162758,0.86799997091293335,0,0.02604138792734146
639155411926702072,nan,57.06969199554289,0.0028657356251074028,0.00026052836660284123,330,0,0,1,2,1.4032789370671366,2.4984676558688155,2.0572504029854031,1.4047810124317404,2.496027121035616,2.0569898746188002,-0.0028596349002176719,-0.00018689277799525407,-0.00026052836660284123,0.27423778325396847,0.17896424182654888,0.0087593982252683542,0.0053716117184238648,-0.00021488650728869853,0.0053759081711393956,-0.00026291333773142966,0.030015,0.0082312470643672829,-2.800054944065121e-05,-0.0038233256888082767,0.0072894713760822683,0.2742377832539491,0.0082312946895020112,-2.3849711285883757e-06,1,0.008231247064367864,0.030015,0.0043552799309694024,0,0.0043552799309694024,0,0.14510344597599209,0.0043552799309694024,0,0.0141336,500,107,0.32424242424242422,0,1,1,1,1,1,3,0.16781127962243897,1.3424902369795118,0.89092266824541466,20,0.008231247064367864,1,0.0047949656731254937,0.008231247064367864,0.00022702659419596805,0.017379775643348694,0.030015,-6.8142032247919815e-06,-0.00022702659419596805,-0.019692000000000001,0.86799997091293335,0,0.026053019126951696
639155411926901949,nan,58.851572440939378,0.0049846023303956174,0.00096744925796210524,332,0,0,0,0,1.4015320723568052,2.5024787287161878,2.0570068294642319,1.3989362743465399,2.5067340892276002,2.0560393802062698,0.0049751682768168016,0.00030653060131275844,-0.00096744925796210524,0.36132692561450508,0.61023815996975839,0.047553966315808126,0.01219725727002754,0.00016445740334693724,0.012198365921251718,-0.00095049441253047817,0.019987700000000001,0.0072220941911048013,-0.00014215755113088872,-0.0032489400749351471,0.006451607680571847,0.36132692561449298,0.0072234931490611411,1.6954845431627064e-05,1,0.0072220941911050433,0.019987700000000001,0.0021424518727384272,1.0842021724855044e-19,0.0021424518727384267,0,0.10718851457338399,0.0021424518727384272,0,0.014058299999999999,500,112,0.33734939759036142,0,0,0,0,0,0,0,0,0,1,20,nan,1,0.01219726124980661,0.0072220941911050433,0.0024236112969387496,0.0083809811621904373,0.019987700000000001,4.8442415519822646e-05,0.0024236112969387496,-0.0336078,0.88200002908706665,0,0.017629151981383564
639155411927201961,nan,60.450200134769247,0.002364413938471515,0.00055395344217279441,322,0,0,0,0,1.3922442664887684,2.5188587905463766,2.0560682554359171,1.3942715778669117,2.5176420482365636,2.0555143019937443,-0.0020219043321305749,-0.0012257063857833133,-0.00055395344217279441,0.46922210387261781,0.39413374211218216,0.017501907007901479,0.011824485223855999,-0.00096151556362421026,0.011863513939313277,-0.00052507821252545384,0.030001199999999999,0.013846354162590299,0.00026424920460002641,-0.0066920078577714648,0.01212470131877641,0.46152667768590255,0.0138488754503033,2.8875229647340461e-05,1,0.014077226182703181,0.030001199999999999,0.01196421045953633,0,0.011964210459536329,0,0.39879106367533068,0.011964210459536329,0,0.0040112000000000004,500,103,0.31987577639751552,0,0,0,0,0,0,0,0,0,1,20,nan,1,0.011824445550963358,0.014077226182703181,0.002749911874696065,-0.0072018424980342388,0.030001199999999999,8.2500656135131578e-05,0.002749911874696065,-0.036587500000000002,0.88200002908706665,0,0.026461059272646904
639155411927402042,nan,66.13134010526359,0.0057532038535043671,0.0015891687787643605,316,0,0,0,0,1.3895280951422868,2.5280167143733561,2.0551206281751857,1.3875234488047743,2.5334093711992143,2.0567097969539501,0.0057058304310876008,-0.00073678604197703547,0.0015891687787643605,0.5692613825234214,0.85442288889228335,0.059750549037928008,0.017095378603245694,-0.0013761357707308339,0.017150676932640174,0.0011954949602057674,0.020008100000000001,0.011389838667667365,-0.00063710354985117325,-0.0047434827246248812,0.010374666136792499,0.56926138252344627,0.011407643306517069,-0.00039367381855859307,1,0.011389838667666869,0.020008100000000001,0.0090319580212550044,0,0.0090319580212550044,0,0.45141507795617797,0.0090319580212550044,0,0.0041419999999999998,500,103,0.32594936708860761,0,0,0,0,0,0,0,0,0,1,20,nan,1,0.017096149826314397,0.011389838667666869,0.056216349315456417,-0.037492744624614716,0.020008100000000001,-0.0011247823387385836,-0.056216349315456417,-0.0498095,0.88200002908706665,0,0.017647144781976938
639155411927601966,nan,71.187596186973266,0.0061987377384144548,0.0010650063045920533,328,0,0,0,0,1.3825579691053023,2.5457990790624012,2.0565256343297698,1.3770453787242416,2.5486338095328835,2.0554606280251777,0.0050804222911887183,0.0035515713272911073,-0.0010650063045920533,0.66397946871771352,0.91812985945256909,0.062482189670692828,0.018355619402119543,0.0021551592871027715,0.018481706500976924,-0.0012491689287723593,0.0199924,0.0132745431303924,-0.001395476356065216,-0.0049654796994720307,0.012389707863186938,0.66397946871773272,0.013347690795826261,-0.00018416262418030627,1,0.013274543130392016,0.0199924,0.0105912693014103,-8.6736173798840355e-19,0.0105912693014103,0,0.52976477568527536,0.0105912693014103,0,0.0040412,500,110,0.33536585365853661,0,0,0,0,0,0,0,0,0,1,20,nan,1,0.018355051767174439,0.013274543130392016,0.026318947511536222,-0.026308946311473846,0.0199924,-0.0005261789262296368,-0.026318947511536222,-0.029817099999999999,0.88200002908706665,0,0.017633297381520273
639155411927901924,nan,64.133592570237013,0.0047820211932707102,0.00015013556149945373,328,0,0,0,0,1.3641032685341048,2.5661986764275611,2.055309780817423,1.3685439407032192,2.564424371668129,2.0551596452559235,-0.0036384520766393272,-0.003103126355611256,-0.00015013556149945373,0.71916141147326829,0.5978470896953213,0.010034163758064981,0.017932901733082918,0.00016533724300466998,0.017933663902625494,-0.00030098276925416556,0.0299958,0.021571821866270255,0.0032679147129760638,-0.012942110190136802,0.017564866894677511,0.71916141147328139,0.021817945943680878,-0.00015084720775471183,1,0.021571821866269859,0.0299958,0.011462066492201828,0,0.011462066492201828,0,0.3821223802066232,0.011462066492201828,0,0.014057699999999999,500,107,0.32621951219512196,0,0,0,0,0,0,0,0,0,1,20,nan,1,0.017932865687178039,0.021571821866269859,0.014368412316276722,-0.043099202215671539,0.0299958,-0.00043099202215657328,-0.014368412316276722,-0.033545400000000003,0.88200002908706665,0,0.026456296472489833
639155411928202037,nan,70.698074725657051,0.0038269470148324016,0.00061503725666778308,328,0,0,0,0,1.3567559177395003,2.5864609925865052,2.0546950993781956,1.3596724895650938,2.5839832653536385,2.0540800621215278,-0.0035501418882586764,-0.0014289912622426168,-0.00061503725666778308,0.84355967374545771,0.71439798691638956,0.035972554817542447,0.021440012304743843,-0.0012565189491783781,0.021476800681135253,-0.0010795831343957116,0.030011300000000001,0.024990817641913427,0.00017082295515380951,-0.011788022963718836,0.022036620918376215,0.83271359927472077,0.024991401459169487,-0.00046454587772792877,1,0.025316322436677054,0.030011300000000001,0.021610927097117205,0,0.021610927097117205,0,0.72009300153999345,0.021610927097117205,0,0.0040067000000000002,499,112,0.34146341463414637,0,0,0,0,0,0,0,0,0,1,20,nan,1,0.021440841455867641,0.025316322436677054,0.04422580615852853,0.0056467382237315178,0.030011300000000001,-0.0013272739363654473,-0.04422580615852853,-0.036305900000000002,0.88200002908706665,0,0.026469967472940684
639155411928402033,nan,65.9275951940308,0.0030944717818056021,2.0978852137254478e-05,329,0,0,0,0,1.3518512618280603,2.6006555094052342,2.0540800621215278,1.3501355230310306,2.6032307756028841,2.0540590832693906,0.003077616225958956,0.00032254298024494456,-2.0978852137254478e-05,0.9198822046480668,1.0737660936237643,0.0010489635861344465,0.021474892366037838,-0.00049937894803809592,0.021480697881275965,-2.0978852137254478e-05,0.019999599999999999,0.01839727614007888,-0.00082192192828304134,-0.0078212277370335315,0.016672244051595619,0.91988220464803694,0.018415627196229516,0,1,0.018397276140079476,0.019999599999999999,0.014646640427067759,0,0.014646640427067759,0,0.73234666828675365,0.014646640427067759,0,0.0040772999999999998,500,108,0.32826747720364741,0,0,0,0,0,0,0,0,0,1,20,nan,1,0.021474892366037838,0.018397276140079476,0,0.0056467382237315178,0.019999599999999999,0,0,-0.016306299999999999,0.88200002908706665,0,0.017639647781729696
639155411928702027,nan,72.59401410445173,0.0035089925203138708,0.00062072450810690682,335,0,0,0,0,1.3367941109854917,2.6302649562538964,2.0544659157396286,1.3375334077886545,2.6268347275815698,2.0550866402477355,-0.0033805581913543244,0.00094066722196846559,0.00062072450810690682,1.0046096199160495,0.89190934572553704,0.034252584329849602,0.026756745226158674,0.00019089917931549606,0.026757426213935977,0.0010275569783448901,0.029999399999999999,0.030137685831709445,-0.00074839264400497138,-0.013341412045538847,0.027034180651012374,1.0046096199160466,0.03014697661193276,0.0004068324702379833,1,0.030137685831709532,0.029999399999999999,0.016092640579510764,0,0.016092640579510764,0,0.53643208129198461,0.016092640579510764,0,0.013980599999999999,500,114,0.34029850746268658,0,0,0,0,0,0,0,0,0,1,20,nan,1,0.026756851655742878,0.030137685831709532,0.03874672448095999,-0.021566916257143021,0.029999399999999999,0.0011623784863941111,0.03874672448095999,-0.053338999999999998,1.1759999990463257,0,0.035279294371390345
639155411928901892,nan,75.921257845793079,0.0032740950692441307,0.00018346538175650906,334,0,0,0,0,1.3277552618721169,2.6451878379361555,2.0550866402477355,1.3261539070595811,2.6480435972549388,2.055270105629492,0.0032729223698431103,8.7622391141108959e-05,0.00018346538175650906,1.0404582248850351,1.2042148791188263,0.0091794652268535788,0.024068040681508421,0.00019648770492675278,0.024068842715530208,0.00018346538175650906,0.019986500000000001,0.020795118311665309,0.00010886531378564469,-0.0097781459165375839,0.018353110354585755,1.0404582248850629,0.020795403272182617,0,1,0.020795118311664754,0.019986500000000001,0.0061892697965513221,0,0.0061892697965513221,0,0.30967251877774105,0.0061892697965513221,0,0.014037900000000001,500,111,0.33233532934131738,0,0,0,0,0,0,0,0,0,1,20,nan,1,0.024068040681508421,0.020795118311664754,0,-0.021566916257143021,0.019986500000000001,0,0,-0.0333525,1.1759999990463257,0,0.023504123980939391
639155411929201945,nan,85.133651295395453,0.0039406887790853842,0.00022947082878976846,328,0,0,1,2,1.3094692873001126,2.6791255676750012,2.0547564935919671,1.312182314225627,2.6762675066268353,2.0549859644207569,-0.003792178569149339,-0.0010716388166233655,0.00022947082878976846,1.1892695192958571,1.0492504483018719,0.0094697006440562261,0.031483074476432157,-0.00078133735495913154,0.031492768480253182,-0.00028414120873510029,0.030005299999999999,0.035275802951970123,0.00028835361184058501,-0.016684619759468555,0.031081970420062444,1.1756523998083714,0.035276981471090825,-0.00051361203752486873,1,0.035684388707327978,0.030005299999999999,0.030530617569979771,0,0.030530617569979768,0,1.0175074926756198,0.030530617569979768,0,0.0039899999999999996,499,107,0.32621951219512196,0,0,0,0,0,0,0,0,0,1,20,nan,1,0.031483639293552919,0.035684388707327978,0.048906791945291996,-0.04742252454161644,0.030005299999999999,-0.0014674629643560699,-0.048906791945291996,-0.036256099999999999,1.1759999990463257,0,0.035286232771384714
639155411929401943,nan,56.476147517166716,0.0026118470653058098,0.00082958235569474692,332,0,0,0,0,1.3013248442871805,2.6980171336198291,2.0553182525481799,1.3014903070027317,2.7006237343146631,2.0544886701924852,0.0022295049269251159,-0.001360534039766446,-0.00082958235569474692,1.2151930809829448,1.3266920406294724,0.024864960063186448,0.026533575474181326,-0.0018746248135762412,0.026599715142003922,-0.00049729422827171632,0.019999800000000002,0.024303618581041998,-0.00051483168692536413,-0.010857469938446496,0.021749626992993765,1.2151930809829097,0.024309070895421576,0.00033228812742303049,1,0.024303618581042699,0.019999800000000002,0.019245620420067056,0,0.019245620420067056,0,0.9622906439097918,0.019245620420067056,0,0.0041622999999999999,500,107,0.32228915662650603,0,0,0,0,0,0,0,0,0,1,20,nan,1,0.026532682605325177,0.024303618581042699,0.04747020719108578,0.047469969838857651,0.019999800000000002,0.00094939464978027743,0.04747020719108578,-0.0495624,1.1759999990463257,0,0.023519764780926707
639155411929702035,nan,64.47897482486681,0.005503920518875236,0.00027583781143958319,331,0,0,0,0,1.2857809503829447,2.7365343420920492,2.0551155135536692,1.2873641879672977,2.7312630519435572,2.0548396757422296,-0.0054022152191449584,0.0010531912476537399,-0.00027583781143958319,1.3028249414800894,1.1227843424741244,0.01169659803475041,0.033693859890174496,-0.001743223872257036,0.033738924460739943,0.00035100554974443199,0.0300092,0.039096734233864672,-0.0027930285704701567,-0.015709356619787007,0.035910607777386083,1.3028249414801019,0.03919637274479499,0.00062684336118401529,1,0.039096734233864297,0.0300092,0.0207076207498611,0,0.0207076207498611,0,0.69004241198902672,0.0207076207498611,0,0.0141148,500,109,0.32930513595166161,0,0,0,0,0,0,0,0,0,1,20,nan,1,0.033692285340331085,0.039096734233864297,0.059681065538370742,0.059699367731809616,0.0300092,0.0017909810319540753,0.059681065538370742,-0.053013200000000003,1.1759999990463257,0,0.035290819171380994
639155411929901893,nan,73.467200140859305,0.0071450942661717273,0.00018737465679663501,336,0,0,0,0,1.2754946291959286,2.7563507026090677,2.0554528470067588,1.2710131674948595,2.7619156709912178,2.0552654723499622,0.0070120119774706152,0.0013726106878094446,-0.00018737465679663501,1.387446810371578,1.738254334409056,0.021304956906031521,0.034740403476632514,0.00020806549900733579,0.034741026538821475,0.00042579660773256478,0.019985800000000001,0.027729234462724892,-0.0011688444947474154,-0.011869558771369082,0.025087650665510441,1.3874468103716082,0.027753858134350821,0.00061317126452919979,1,0.027729234462724284,0.019985800000000001,0.0082575284366077622,0,0.0082575284366077639,0,0.41316977236876989,0.0082575284366077639,0,0.0140342,500,108,0.32142857142857145,0,0,0,0,0,0,0,0,0,1,20,nan,1,0.034740572405219279,0.027729234462724284,0.087658132206612685,0.087595894932746887,0.019985800000000001,0.00175191789865492,0.087658132206612685,-0.033027399999999998,1.1759999990463257,0,0.023503300780940057
639155411930201953,nan,72.904812542575414,0.009997428877515405,0.00092384504881781737,333,0,0,0,0,1.2494624933426439,2.8022397847526967,2.0555383347862124,1.2540714344153083,2.7933681306594802,2.0564621798350302,-0.0099972717816751554,5.6045377156483354e-05,0.00092384504881781737,1.5382905842699623,1.1905420059758838,0.039882273047659143,0.035723403431312369,0.00034349120240406358,0.035725054778438473,0.0011967074850680604,0.030006000000000001,0.045720690133497506,0.0002901737072343348,-0.021550674152215565,0.04032411376147893,1.5237182607977573,0.045721610941256943,0.00027286243625024298,1,0.046157947271604494,0.030006000000000001,0.039595217026934471,0,0.039595217026934471,0,1.3195766522340355,0.039595217026934471,0,0.0039820000000000003,500,106,0.31831831831831831,0,0,0,0,0,0,0,0,0,1,20,nan,1,0.035723534611347599,0.046157947271604494,0.025981702349989151,0.025986898690462112,0.030006000000000001,0.00077960696071377455,0.025981702349989151,-0.069608100000000006,1.3159999847412109,0,0.039487895542144776
639155411930402061,nan,80.664390946676505,0.0079226134493773533,0.00091966522843067722,339,0,0,0,0,1.2389542456557097,2.8215785339451522,2.0562148889145639,1.2367380704950433,2.8291848715346561,2.0571345541429946,0.0077616713774057476,-0.0015887924022399184,0.00091966522843067722,1.5993832081535906,1.9872376790467927,0.03360057108983186,0.039766215747869559,-0.0013901499220362462,0.039790506803907971,0.00067237430796440734,0.020010799999999999,0.032004937501719358,0.00020056182246383329,-0.015117188759598665,0.028210403285672037,1.5993832081535651,0.032005565914909113,-0.00024729092046626988,1,0.032004937501719871,0.020010799999999999,0.025728477977962072,-1.7347234759768071e-18,0.025728477977962072,0,1.2857296049114515,0.025728477977962072,0,0.0039243000000000004,499,111,0.32743362831858408,0,0,0,0,0,0,0,0,0,1,20,nan,1,0.039766704368491938,0.032004937501719871,0.035308207920037936,-0.035327274352312088,0.020010799999999999,-0.00070654548704629505,-0.035308207920037936,-0.082997799999999997,1.3159999847412109,0,0.026334212494659424
639155411930702051,nan,84.101594630008094,0.010557492026843392,0.00077567605465622691,344,0,0,1,2,1.2152427582244556,2.8743868797859053,2.05783415994315,1.2194401951656528,2.8646996634147524,2.0570584838884938,-0.010525259819750676,0.00082434435984224353,-0.00077567605465622691,1.6669749275419037,1.3161020997805086,0.0025357596753507942,0.039481746891315478,-0.0013071325899777029,0.039503378756730177,-7.6070254500848478e-05,0.029999000000000001,0.050007580851329551,-0.0021241132158656313,-0.021495312270587652,0.045202008251249204,1.666974927541903,0.05005267225189957,0.00069960580015537843,1,0.050007580851329572,0.029999000000000001,0.026467727807031771,0,0.026467727807031771,0,0.88228700313449682,0.026467727807031771,0,0.0141213,500,115,0.33430232558139533,0,0,0,0,0,0,0,0,0,1,20,nan,1,0.039480420776400869,0.050007580851329572,0.066631344869171868,0.066628679633140564,0.029999000000000001,0.0019988737147302871,0.066631344869171868,-0.052998799999999999,1.3159999847412109,0,0.039478683542251591
639155411930902048,nan,66.654690729879277,0.0078590720736259039,0.00088450080172020051,342,0,0,0,0,1.2037246174363407,2.896290885442967,2.0570584838884938,1.2025480235233346,2.9040613835365465,2.057942984690214,0.0074196384149731029,-0.0025911348188587162,0.00088450080172020051,1.7637078147891707,2.1346953003500921,0.0442257034715621,0.042693265598411738,-0.0034605702251898525,0.042833286982672691,0.00088450080172020051,0.019999699999999999,0.035273627183438634,-0.0008694354063311354,-0.015715577729312091,0.031591222028214627,1.7637078147891536,0.035284340614527621,0,1,0.035273627183438974,0.019999699999999999,0.010507465677387806,0,0.010507465677387806,0,0.52538116458685913,0.010507465677387806,0,0.0140421,500,114,0.33333333333333331,0,0,0,0,0,0,0,0,0,1,20,nan,1,0.042693265598411738,0.035273627183438974,0,0.066628679633140564,0.019999699999999999,0,0,-0.032999100000000003,1.3159999847412109,0,0.026319604894828794
639155411931202031,nan,74.812576879876701,0.012371307133860211,8.0608244865665313e-05,347,0,0,0,0,1.1799807840635816,2.9578724818998361,2.0575224139454882,1.1813924012132522,2.9455819742934328,2.0576030221903538,-0.011523459937540654,0.0045010122492830529,8.0608244865665313e-05,1.9509126325539399,1.5532103574832132,0.011332725516450089,0.046593670266888675,-0.00074141971119064468,0.046599568797658288,-0.00033996249986012472,0.029998299999999999,0.058115236191278084,-0.0052472779923896165,-0.022567239459752919,0.053811098363289567,1.9372843191540217,0.058351646111291962,-0.00042057074472578998,1,0.058524062425142853,0.029998299999999999,0.050314121847484287,-3.4694469519536142e-18,0.050314121847484294,0,1.6772324380876347,0.050314121847484294,0,0.0039987,500,113,0.32564841498559077,0,0,0,0,0,0,0,0,0,1,20,nan,1,0.046594107313534902,0.058524062425142853,0.040056626516064585,-0.11063473671674728,0.029998299999999999,-0.0012016306992168602,-0.040056626516064585,-0.069761500000000004,1.3159999847412109,0,0.039477762342262267
639155411931401922,nan,73.102525445734713,0.0067563211092356639,0.0011742614804708396,338,0,0,0,0,1.1630656031526416,2.9812405204870247,2.0575974846091314,1.1605554345141222,2.9875132334835914,2.0587717460896022,0.0067182952658598792,-0.00071580978746324953,0.0011742614804708396,2.0055690811007474,2.3416668194632373,0.058468060055149089,0.046807812220932596,-0.0011993304727319597,0.046823174587942142,0.0011687238992483806,0.019989099999999999,0.040089520919030563,-0.00048348348217397419,-0.01832679806061055,0.035658546193591878,2.0055690811007283,0.040092436241701807,-5.5375812224589538e-06,1,0.040089520919030945,0.019989099999999999,0.032436269305549992,0,0.032436269305549992,0,1.6226978355979005,0.032436269305549992,0,0.0038159999999999999,499,107,0.31656804733727811,0,0,0,0,0,0,0,0,0,1,20,nan,1,0.046807821707167817,0.040089520919030945,0.00079151440714443253,-0.0015821660635992885,0.019989099999999999,-1.5821660635850776e-05,-0.00079151440714443253,-0.083009100000000002,1.3159999847412109,0,0.02630565529499054
639155411931701984,nan,70.388593307407461,0.016488806444447918,0.00090869872148546793,336,0,0,0,0,1.1331919950663811,3.0430806581348366,2.0585335727442655,1.1407805022730955,3.0284418297549385,2.059442271465751,-0.016488063598258159,0.0001565143516147503,0.00090869872148546793,2.0632684485183717,1.5137811474587595,0.022346227651243947,0.045422819866877032,-0.001722025906124712,0.04545545003495316,0.00067052537614875618,0.0300062,0.061910845719933411,-0.0018824672705283936,-0.027363439447741111,0.055567424651245201,2.0632684485184201,0.061939458350731537,-0.00023817334533671186,1,0.061910845719931967,0.0300062,0.033163945407260975,-1.7347234759768071e-18,0.033163945407260975,0,1.1052364313795473,0.033163945407260975,0,0.013932699999999999,500,105,0.3125,0,0,0,0,0,0,0,0,0,1,20,nan,1,0.04542340315284496,0.061910845719931967,0.022678488858658169,-0.0018180010374635458,0.0300062,-0.00068049527239066876,-0.022678488858658169,-0.053002899999999999,1.3159999847412109,0,0.039488158742141725
639155411931902087,nan,62.156324349818725,0.0061572840514818473,0.0019046954261421334,338,0,0,1,2,1.1220700623202473,3.0661245483074535,2.059442271465751,1.1196725974626074,3.071795906975975,2.0613469668918931,0.0061330792881415328,-0.00054542216310127538,0.0019046954261421334,2.1017145777476909,2.4082106966535202,0.095185750645524217,0.048189018503245938,-0.0017141041012869417,0.048219494576117523,0.0019046954261421334,0.020010300000000002,0.0420559392151044,-0.0011686819381856658,-0.018710439952848157,0.037682718552515038,2.1017145777476798,0.042072174186000864,0,1,0.042055939215104622,0.020010300000000002,0.012728613997213147,0,0.012728613997213145,0,0.6361031067606755,0.012728613997213147,0,0.013953999999999999,499,103,0.30473372781065089,0,0,0,0,0,0,0,0,0,1,20,nan,1,0.048189018503245938,0.042055939215104622,0,-0.0018180010374635458,0.020010300000000002,0,0,-0.032992599999999997,1.3159999847412109,0,0.026333554494667056
639155411932201955,nan,51.853156993475224,0.012849968212054169,0.000791635281907066,335,0,0,0,0,1.0900244346466461,3.1330512465722,2.0618174923393804,1.0953204396344469,3.1213433853576147,2.0610258570574733,-0.012821806116558396,0.0008502769902733456,-0.000791635281907066,2.2891782560552074,1.8400465277163076,0.010708372831372374,0.055177107217323378,-0.001861999998572901,0.055208515691573208,-0.00032110983441979712,0.029986800000000001,0.067999311991491646,-0.0027062439088850754,-0.029648162815961276,0.061255339596224978,2.2676414953076569,0.068053142377193704,0.00047052544748726888,1,0.068645130528676296,0.029986800000000001,0.058352256984823825,0,0.058352256984823825,0,1.9459314426622321,0.058352256984823825,0,0.0042142000000000004,500,103,0.30746268656716419,0,0,0,0,0,0,0,0,0,1,20,nan,1,0.055175843154533506,0.068645130528676296,0.044831673315982007,0.085008382797241211,0.029986800000000001,0.0013443584213916893,0.044831673315982007,-0.069723099999999996,1.2319999933242798,0,0.036943737399816517
639155411932379003,nan,57.547227208450536,0.008416357506146872,0.0017469905732396818,331,0,0,0,0,1.0768759970995609,3.1582167887283354,2.061108427300169,1.0718275613383212,3.1649509085695553,2.0628554178734086,0.0083180604644780519,0.0012825536170320475,0.0017469905732396818,2.3278884089414125,2.7977019360842275,0.10333699425779039,0.049532753237984027,0.00019433986079858689,0.049533134479018304,0.0018295608159353272,0.0177048,0.041214798702624907,-0.0010889005761318613,-0.018444442534885974,0.036873403370720759,2.3278884089413552,0.041229180643842442,8.2570242695645391e-05,1,0.04121479870262592,0.0177048,0.036826496262929886,0,0.036826496262929886,0,2.0800289335620783,0.036826496262929886,0,0.0018851,500,108,0.32628398791540786,0,0,0,0,0,0,0,0,0,1,20,nan,1,0.049532775817227467,0.04121479870262592,0.013324916357723616,0.023591497913002968,0.0177048,0.00023591497913022508,0.013324916357723616,-0.085472599999999996,1.2319999933242798,0,0.021812313481807708
639155411932702001,nan,80.96037755631346,0.014047463735682796,0.0018049950016041372,309,0,0,0,0,1.0357111313788139,3.2319272815057101,2.0637362218710371,1.0435114916313051,3.2202445755975448,2.061931226869433,-0.013983096141690653,-0.0013432273439590242,-0.0018049950016041372,2.3558453130654313,1.9229662364867148,0.028612901750960436,0.062111424845273586,-0.0011663278890210148,0.062122374528464197,-0.00092419100397567178,0.032299799999999997,0.076093332442950648,0.00018921529927790753,-0.036116429959507368,0.066976372936154771,2.3558453130654264,0.076093567695981287,0.0008808039976284654,1,0.076093332442950815,0.032299799999999997,0.042768251397920842,-3.4694469519536142e-18,0.042768251397920842,0,1.3241026693020033,0.042768251397920842,0,0.014145700000000001,500,89,0.28802588996763756,0,0,0,0,0,0,0,0,0,1,20,nan,1,0.062109908094859667,0.076093332442950815,0.077913264180182046,0.11201093345880508,0.032299799999999997,0.002516582850367044,0.077913264180182046,-0.053172799999999999,1.2319999933242798,0,0.03979335338437557
639155411932901897,nan,57.052937628804514,0.0028271794571825648,0.0028539097103914557,339,0,0,1,2,1.0212457757672568,3.2633298057806219,2.061931226869433,1.0239363900621468,3.2641978716763056,2.0647851365798244,-0.00050350727427059098,-0.0027819820466479829,0.0028539097103914557,2.4259409381631256,2.4007524764495534,0.1427697257769768,0.047990081703235987,-0.0034682698491905438,0.048115245376388442,0.0028539097103914557,0.0199896,0.04849358897750658,-0.00068628780254255742,-0.022265715864048241,0.043085230183077083,2.425940938163174,0.048498444953083454,0,1,0.048493588977505615,0.0199896,0.014491600788211656,-8.6736173798840355e-19,0.014491600788211656,0,0.7249570170594537,0.014491600788211656,0,0.014016000000000001,500,89,0.26253687315634217,0,0,0,0,0,0,0,0,0,1,20,nan,1,0.047990081703235987,0.048493588977505615,0,0.11201093345880508,0.0199896,0,0,-0.066794199999999998,0.99400001764297485,0,0.019869662752676012
639155411933202037,nan,79.176342604395998,0.0062267186273631875,0.0020120387615385482,313,0,0,0,0,0.99305663448221981,3.3329562323200443,2.0651160736104197,0.99145807203407832,3.3269382074809677,2.0631040348488812,-0.0045392063214518431,0.004262350388652171,-0.0020120387615385482,2.5105213833283111,2.3535337748307756,0.056010586091266357,0.070638962717770898,-0.0011523128791662111,0.07064836076523022,-0.0016811017309432683,0.030013999999999999,0.075179579360212592,-0.0054131608429796689,-0.030879755579926949,0.068758360643738747,2.5048170640438658,0.075374209535427117,0.00033093703059527968,1,0.075350788799215931,0.030013999999999999,0.064729031997831754,0,0.064729031997831754,0,2.1566279735400733,0.064729031997831754,0,0.0041627000000000001,500,84,0.26837060702875398,0,0,0,0,0,0,0,0,0,1,20,nan,1,0.070638410047858077,0.075350788799215931,0.031503110985826921,0.044161479920148849,0.030013999999999999,0.00094553437312860922,0.031503110985826921,-0.069749500000000006,0.99400001764297485,0,0.029833916529536247
639155411933401900,nan,118.3894911603206,0.010687847928169307,0.0029221094982117002,324,0,0,0,0,0.96759934949453585,3.3728773111758317,2.0631040348488812,0.96028585610400408,3.3806710848293529,2.0601819253506695,0.010325021357671077,0.002761164120313948,-0.0029221094982117002,2.5898071541794843,3.1064120964484476,0.14620562576423352,0.062085684083247605,0.002072917278367177,0.062120279733173918,-0.0029221094982117002,0.019986299999999999,0.051760662725576528,-0.00068824684194677271,-0.023858722539542465,0.045939103694863981,2.5898071541794394,0.051765238234807116,0,1,0.051760662725577423,0.019986299999999999,0.041480682207776461,0,0.041480682207776454,0,2.0754557976101862,0.041480682207776454,0,0.0039693999999999997,499,78,0.24074074074074073,0,0,0,0,0,0,0,0,0,1,20,nan,1,0.062085684083247605,0.051760662725577423,0,0.044161479920148849,0.019986299999999999,0,0,-0.0497632,0.99400001764297485,0,0.019866382552617787
639155411933701990,nan,144.07259659521333,0.013532673814733253,0.00034008730300572054,346,0,0,0,0,0.92053529135732115,3.4481056507011121,2.0609179357818408,0.92916719292871031,3.4376833891500946,2.0612580230848465,-0.013258629782334216,-0.0027096119410290566,0.00034008730300572054,2.6054190280669136,2.1643067527612443,0.035859166722551586,0.064948681343612188,0.000665457364658055,0.064952090357264541,0.0010760977341770506,0.030009000000000001,0.078205313232298457,0.0033848270607151551,-0.039750564746682926,0.067434565871759222,2.6060619558232014,0.078278528805751479,0.00073601043117133003,0.99871588250001275,0.078186019613260008,0.030009000000000001,0.041901390976983421,0,0.041901390976983421,0,1.3962941443228172,0.041901390976983421,0,0.013926600000000001,499,77,0.22254335260115607,0,0,0,0,0,0,0,0,0,1,20,nan,1,0.064949345132821759,0.078186019613260008,0.070075208977405948,0.15077047049999237,0.030009000000000001,0.0021028869462029753,0.070075208977405948,-0.053043600000000003,0.99400001764297485,0,0.029828946529448033
639155411933901930,nan,60.771987612711236,0.0049353655834027017,0.0025496626209138289,333,0,0,1,2,0.90418603897923355,3.483623795161678,2.0615030709633202,0.90589670184538551,3.4882532082994531,2.064052733584234,0.0032769937378063288,-0.0036904126441651471,0.0025496626209138289,2.6153694260278106,2.779313507612168,0.13977745820683751,0.055569594271197689,-0.0032928037585605967,0.05566706714079625,0.0027947104993875094,0.019994000000000001,0.052291696304000483,0.00039680575444756352,-0.024981153949476753,0.045940406011583335,2.6153694260278324,0.052293201825443621,0.00024504787847368092,1,0.052291696304000053,0.019994000000000001,0.016166906106991341,-8.6736173798840355e-19,0.016166906106991341,0,0.80858788171408125,0.016166906106991341,0,0.0138125,499,76,0.22822822822822822,0,0,0,0,0,0,0,0,0,1,20,nan,1,0.055568438159717098,0.052291696304000053,0.035017344985488127,0.070013679563999176,0.019994000000000001,0.00070013679563984965,0.035017344985488127,-0.033049599999999998,0.99400001764297485,0,0.01987403635275364
639155411934201974,nan,64.748728870920488,0.027629074851085695,0.0041387067809210976,322,0,0,0,0,0.87313740704415088,3.5601200190910216,2.0646708936979263,0.8859800535710316,3.5356571450302638,2.0688096004788474,-0.02762756940588168,0.00028841957299497942,0.0041387067809210976,2.6223072611634182,1.7058713450611818,0.15853897743708956,0.051183646185753724,-0.0049031070959764597,0.05141795499689808,0.0047568668946134096,0.030004400000000001,0.078811388602550228,-0.0051744483535083978,-0.032759294801234629,0.071866810791568536,2.6266610431320148,0.078981072980969999,0.00061816011369231205,1,0.078680755986851661,0.030004400000000001,0.068150922893742027,0,0.068150922893742027,0,2.2713642963612677,0.068150922893742027,0,0.0040653,500,71,0.22049689440993789,0,1,1,1,1,1,3,0.19265074459261733,1.5412059567409386,0.87477701601479874,20,0.078680755986851661,1,0.044465994832612252,0.078680755986851661,0.058863758428981831,0.052766323089599609,0.030004400000000001,0.0017661717534065424,0.058863758428981831,-0.069873099999999994,0,0,0
639155411934394228,nan,66.59538891680188,0.021708058923544254,0.0045373312716789896,265,0,0,0,0,0.86432400857404235,3.5823895937601509,2.0688096004788474,0.84906167376901109,3.5978265934209399,2.0642722692071684,0.02085244704166285,0.0060345069892009879,-0.0045373312716789896,2.673582660459477,3.7582127353428598,0.23600711931502022,0.072253143122060617,0.0027368575757967771,0.072304958892230695,-0.0045373312716789896,0.0192254,0.051400696080397761,-0.0032976494134042064,-0.021656044996989254,0.046732448729887022,2.6735826604594837,0.051506369015910471,0,1,0.051400696080397629,0.0192254,0.042345271609421253,0,0.042345271609421253,0,2.2025690809773142,0.04234527160942126,0,0.0033869999999999998,500,16,0.060377358490566038,0,0,0,0,0,0,0,0,0,1,20,nan,1,0.072253143122060617,0.051400696080397629,0,0.052766323089599609,0.0192254,0,0,-0.083876599999999996,0,0,0
639155411934701876,nan,81.951571616265099,0.018140621474519801,0.00036529777104066241,318,0,0,0,0,0.80531655842396177,3.66880515180556,2.0661081221554345,0.81725195251611416,3.6551439470509703,2.0664734199264752,-0.017692373145473173,-0.0040077524827699463,0.00036529777104066241,2.6821058503686941,2.1305798064466037,0.071547701246447576,0.065546861629368472,0.00086390038626468421,0.065552554437923821,0.0022011507193067104,0.030764799999999998,0.083231847319973171,0.0049041266924158694,-0.043745115345049324,0.070978558384620083,2.7054246190442703,0.083376200842390225,0.0018358529482660479,0.97831663986047113,0.082514450065422795,0.030764799999999998,0.044415136460935742,3.4694469519536142e-18,0.044415136460935756,0,1.4436998277556086,0.044415136460935749,0,0.014205000000000001,500,55,0.17295597484276728,0,0,0,0,0,0,0,0,0,1,20,nan,1,0.065548901907959603,0.082514450065422795,0.17049661099384075,0.16301001608371735,0.030764799999999998,0.0052452941379033113,0.17049661099384075,-0.053111800000000001,0,0,0
639155411934901838,nan,80.128630206018784,0.008748990406344288,0.00092731114605948417,299,0,0,1,2,0.79157496656580539,3.7016487332883514,2.0664734199264752,0.79093466683274183,3.7103742618902267,2.0655461087804157,0.007979927975374633,-0.0035868625061657574,-0.00092731114605948417,2.6681839081776699,3.0556002956512271,0.04637436843297648,0.061100394631901062,-0.0031191310984901438,0.061179957526820927,-0.00092731114605948417,0.019996199999999999,0.053120466656526422,0.00046773140767561103,-0.025676985950308762,0.046504786237381079,2.6565280731602217,0.053122525829226747,0,0.97831663986047113,0.053353539064702318,0.019996199999999999,0.015798583738710903,0,0.015798583738710903,0,0.79007930200292575,0.015798583738710903,0,0.0140751,500,39,0.13043478260869565,0,0,0,0,0,0,0,0,0,1,20,nan,1,0.061100394631901062,0.053353539064702318,0,0.16301001608371735,0.019996199999999999,0,0,-0.033115600000000002,0,0,0
639155411935201883,nan,60.829405717037787,0.013197573876788653,0.0025216328018955463,281,0,0,0,0,0.75688818845909067,3.7831592580023226,2.0654478949718049,0.76345557262151653,3.7717117507847484,2.0679695277737005,-0.013193043826940186,-0.00034576120911648887,0.0025216328018955463,2.6665042793457818,2.2339898540006615,0.080768517831818501,0.067029748574362849,-0.0049397336580704401,0.067211518079529881,0.0024234189932847983,0.0300045,0.080222826296198452,-0.0045952681897008796,-0.034046478373651157,0.072784996112095879,2.6736931558998966,0.080354329993381865,-9.8213808610747577e-05,1,0.080007127649630513,0.0300045,0.06943228342897001,0,0.06943228342897001,0,2.3140623382815915,0.06943228342897001,0,0.0040467000000000003,499,28,0.099644128113879002,0,0,0,0,0,0,0,0,0,1,20,nan,1,0.067030440986108289,0.080007127649630513,0.009352293214207566,0.043211549520492554,0.0300045,-0.00028061088174569093,-0.009352293214207566,-0.069983600000000007,0,0.0016000000759959221,0
639155411935401897,nan,62.403555250895401,0.01289273838633192,0.0013389596853143892,267,0,0,0,0,0.74334514324902012,3.8159034456073462,2.0675223832876903,0.7349785098632341,3.8257127345156334,2.0661834236023759,0.012610929128334582,0.0026808897065188977,-0.0013389596853143892,2.4214866011986,3.052048792477263,0.089298957639191295,0.061045248717854723,-0.00072591750063046023,0.06104956467692841,-0.0017861041713245207,0.020001399999999999,0.048433122105213375,-0.0034011680319079515,-0.020110429372496408,0.044191694822597771,2.4214866011985849,0.048552397065848157,-0.00044714448601013146,1,0.048433122105213673,0.020001399999999999,0.038359979992887538,3.4694469519536142e-18,0.038359979992887538,0,1.9178647491119392,0.038359979992887538,0,0.0041599000000000002,500,12,0.0449438202247191,1,0,0,0,0,0,0,0,0,1,20,nan,1,0.061045699963470715,0.048433122105213673,0.063873312583845862,-0.063877783715724945,0.020001399999999999,-0.0012775556743145344,-0.063873312583845862,-0.083090999999999998,0,0.0016000000759959221,0
639155411935702137,nan,74.363373200202204,0.009182435836041997,0.0024301262249366573,263,0,0,0,0,0.70194637555726702,3.8887941801294055,2.0673939284928644,0.70558235889656429,3.8803622910741948,2.0698240547178011,-0.009145706583032839,0.00082047485037510352,0.0024301262249366573,2.3714579835622227,2.0668119313736897,0.12125736462247266,0.062053961427563656,-0.0001165969514437537,0.062054070968008579,0.0036406311154251192,0.030023999999999999,0.071200654498470725,-0.00092600028084698083,-0.033032134305967076,0.063081445613772047,2.3714579835621747,0.071206675793290111,0.0012105048904884619,1,0.071200654498472168,0.030023999999999999,0.037958505068089288,3.4694469519536142e-18,0.037958505068089288,0,1.2642720846019615,0.037958505068089288,0,0.0140176,499,5,0.019011406844106463,1,0,0,0,0,0,0,0,0,1,20,nan,1,0.062053667012695074,0.071200654498472168,0.11519402482664196,0.11528541147708893,0.030023999999999999,0.0034585854013950978,0.11519402482664196,-0.053067000000000003,0,0.0016000000759959221,0
639155411935901955,nan,102.81871089719493,0.015146701402465474,0.0014012436623076496,278,0,0,1,2,0.68379102616948784,3.9208197151138124,2.0698240547178011,0.67887912339958179,3.9351478613496114,2.0684228110554934,0.014931503587250363,-0.0025441627305223839,-0.0014012436623076496,2.2997074645657829,3.0469626461435331,0.070125997773356236,0.060883798202710851,-0.0027721134214698309,0.060946874377689864,-0.0014012436623076496,0.019981800000000001,0.045952294615460486,-0.00022795069094744616,-0.021791332727076451,0.040457424039617607,2.2997074645657789,0.045952859997431955,0,1,0.045952294615460562,0.019981800000000001,0.013373258847942715,0,0.013373258847942715,0,0.66927197989884368,0.013373258847942715,0,0.0141666,500,22,0.079136690647482008,0,0,0,0,0,0,0,0,0,1,20,nan,1,0.060883798202710851,0.045952294615460562,0,0.11528541147708893,0.019981800000000001,0,0,-0.066290299999999996,0,0.0016000000759959221,0
639155411936201946,nan,89.478847245913357,0.0044951903713440359,0.00061548754378959458,288,0,0,0,0,0.65116125989319029,3.9946229920430585,2.0703734570819523,0.65159455035474878,3.9901487327914564,2.0709889446257419,-0.0041350083312865077,0.0017630775861587331,0.00061548754378959458,2.1688498300865402,2.0452049638588532,0.085540351885506086,0.06135430823129813,-0.0022787380411223787,0.061396610538377409,0.0025661335702484855,0.029999100000000001,0.065492747833799381,-0.0040337463405538815,-0.027717863506391494,0.05947513069344712,2.1831570891726546,0.06561685094822492,0.0019506460264588912,1,0.06506354293774913,0.029999100000000001,0.056854869615513323,3.4694469519536142e-18,0.056854869615513337,0,1.8952191770924236,0.056854869615513337,0,0.0039826999999999996,499,28,0.097222222222222224,0,0,0,0,0,0,0,0,0,1,20,nan,1,0.061347720004780434,0.06506354293774913,0.18578138548529594,0.10501749813556671,0.029999100000000001,0.0055732743613119418,0.18578138548529594,-0.069970400000000002,0,0.0016000000759959221,0
639155411936401941,nan,90.382747324852417,0.016666135594759629,0.0012785890968038949,296,0,0,0,0,0.63293866523037823,4.0276689248543587,2.0709889446257419,0.62267717259160793,4.0408013977550494,2.0722675337225458,0.016444972394883534,0.0027060965604413442,0.0012785890968038949,2.0935954393150937,2.9158646157886685,0.063931053116522654,0.058315834383465479,0.0010819726292380857,0.058325870800273474,0.0012785890968038949,0.0199995,0.041870861988581941,-0.001624123931203262,-0.018655885124370553,0.037520192062902247,2.09359543931508,0.041902349125207565,0,1,0.041870861988582218,0.0199995,0.033474706838752866,0,0.033474706838752866,0,1.6737771863673025,0.033474706838752866,0,0.0040103999999999999,499,38,0.12837837837837837,0,0,0,0,0,0,0,0,0,1,20,nan,1,0.058315834383465479,0.041870861988582218,0,0.10501749813556671,0.0199995,0,0,-0.082983100000000004,0,0.0016000000759959221,0
639155411936701930,nan,90.961005881020469,0.0081617888253867604,0.0069105146242862681,263,0,0,0,0,0.59204929619777902,4.0935264051350195,2.0734087639350705,0.59966162380770383,4.0905823831939694,2.0803192785593567,-0.0062469102446119718,-0.0052527049437380534,0.0069105146242862681,2.0319619150368839,1.8239238992321367,0.26840133594268212,0.054715710660674946,-0.0037487336517191897,0.054843978676735607,0.0080517448368109257,0.029998899999999998,0.060956622293001382,0.0015110970325995371,-0.030627876393828912,0.052725007379970101,2.031961915036931,0.060975349245523509,0.0011412302125246576,1,0.060956622292999973,0.029998899999999998,0.032823093598358,0,0.032823093598358,0,1.0941432385306795,0.032823093598358,0,0.0138455,499,1,0.0038022813688212928,1,0,0,0,0,0,0,0,0,1,20,nan,1,0.054709526278261249,0.060956622292999973,0.10869257706349254,0.032524999231100082,0.029998899999999998,0.0032606577500700062,0.10869257706349254,-0.052984200000000002,0,0.0016000000759959221,0
639155411936901804,nan,117.57017439553162,0.015561312006227478,0.00089913337860725306,274,0,0,1,2,0.58288301952514576,4.1263344523400418,2.0803192785593567,0.57461468908301361,4.1395173633635931,2.0794201451807495,0.015541349857153464,0.00078795683429710474,-0.00089913337860725306,1.9709762555619712,2.7485336095526551,0.044985009486339052,0.054936040667572739,-0.0020031622688023894,0.054972549725334365,-0.00089913337860725306,0.019987399999999999,0.039394690810419276,-0.0027911191030994941,-0.016778604282558063,0.035752069146072429,1.9709762555619679,0.039493442618949035,0,1,0.039394690810419339,0.019987399999999999,0.012355458853241075,0,0.012355458853241075,0,0.61816238496458142,0.012355458853241076,0,0.0137187,499,3,0.010948905109489052,1,0,0,0,0,0,0,0,0,1,20,nan,1,0.054936040667572739,0.039394690810419339,0,0.032524999231100082,0.019987399999999999,0,0,-0.066686999999999996,0,0.0016000000759959221,0
639155411937202040,nan,99.569497424751376,0.0075735024784470721,0.0036846918648190119,296,0,0,0,0,0.54969466538923439,4.1902392737124883,2.0805939823113153,0.5473461636596475,4.183039101532799,2.0769092904464963,-0.00513855147666086,0.0055635625738145907,-0.0036846918648190119,1.8662219010310024,1.7083784371846316,0.083629369371200149,0.051291670846656506,0.0026227225914923595,0.051358681564402313,-0.0025108547342531651,0.030023600000000001,0.056436749497956754,-0.0029348043281885866,-0.024920023693779214,0.050721910348895172,1.8797462495489132,0.056513005320367425,0.001173837130565847,0.99508501589298248,0.056030699867794402,0.030023600000000001,0.049647913917274522,0,0.049647913917274522,0,1.6536296086170386,0.049647913917274522,0,0.0035687000000000002,499,23,0.0777027027027027,0,0,0,0,0,0,0,0,0,1,20,nan,1,0.051295996798040769,0.056030699867794402,0.1117061369404177,0.15294899046421051,0.030023600000000001,0.003353820373044325,0.1117061369404177,-0.1032949,0,0.0016000000759959221,0
639155411937401984,nan,98.357437691826149,0.0084238546932808352,0.0026945159843898558,280,0,0,0,0,0.52766191236370541,4.2147733494833499,2.0769092904464963,0.52461735279923827,4.2226277740295481,2.0796038064308862,0.0083457034951787534,-0.0011447973899649999,0.0026945159843898558,1.8662219010310024,2.2828470457441385,0.13476353300873525,0.045644156971426597,0.00068758094133505865,0.045649335517432429,0.0026945159843898558,0.019994399999999999,0.037298453476247842,0.0018323783313000559,-0.01968425129594209,0.031734247950550909,1.8654449984119474,0.037343436398768158,0,0.99508501589298248,0.037313987177974274,0.019994399999999999,0,0,0,0,0,0,0,0.0235631,499,10,0.035714285714285712,1,0,0,0,0,0,0,0,0,1,20,nan,1,0.045644156971426597,0.037313987177974274,0,0.15294899046421051,0.019994399999999999,0,0,-0.0833005,0,0.0016000000759959221,0
639155411937701923,nan,109.04788026060388,0.0074983527556473813,0.00041037661744924847,277,0,0,0,0,0.49799254966079309,4.2686214564034222,2.0812128198355833,0.5041290862996588,4.264312371566942,2.080802443218134,-0.0067578015482051947,-0.0032492171800604765,-0.00041037661744924847,1.7716063783748177,1.5464751093918443,0.0399626853209437,0.046384819783588042,-0.0024131368913408238,0.046447548223908341,0.0011986367872478532,0.0299939,0.053137384552335701,0.00084694947131778303,-0.026624803138445174,0.045993682373874023,1.7716063783747928,0.053144133829330309,0.0016090134046971016,1,0.053137384552336443,0.0299939,0.02842577866229945,0,0.02842577866229945,0,0.9477186582038164,0.028425778662299454,0,0.0139487,498,4,0.01444043321299639,1,0,0,0,0,0,0,0,0,1,20,nan,1,0.046379150437274141,0.053137384552336443,0.15327053688509798,0.097556911408901215,0.0299939,0.0045971811562779408,0.15327053688509798,-0.053306600000000003,0,0.0016000000759959221,0
639155411937901880,nan,127.76413587011885,0.015131685462482055,0.0020233400476485919,300,0,0,0,0,0.48882074104576051,4.2950509358940554,2.080802443218134,0.48259962110021243,4.3088446145751975,2.0828257832657826,0.01507535853873797,-0.0013044040263625687,0.0020233400476485919,1.7153732534493393,2.4693032753409585,0.10118875796539215,0.04937544750273521,-0.0029502072851132766,0.049463507145374321,0.0020233400476485919,0.019995700000000002,0.034300088963997243,-0.0016458032587507096,-0.015308345253898292,0.030738564327113416,1.7153732534493535,0.034339551122643405,0,1,0.034300088963996958,0.019995700000000002,0.010388986572190893,0,0.010388986572190895,0,0.51956103423190447,0.010388986572190895,0,0.0139393,498,14,0.046666666666666669,1,0,0,0,0,0,0,0,0,1,20,nan,1,0.04937544750273521,0.034300088963996958,0,0.097556911408901215,0.019995700000000002,0,0,-0.066601300000000002,0,0.0016000000759959221,0
639155411938201971,nan,130.58152655248824,0.014012864408841381,0.0004785636704500717,311,0,0,1,2,0.46300168388192459,4.3530576618737076,2.0841592586898492,0.46753648282454385,4.339798854706749,2.0846378223602993,-0.013776801331968267,0.0025612719496474461,0.0004785636704500717,1.596010854574851,1.1451381752273682,0.060382986977838712,0.034364566014215614,-0.0020346300617752385,0.034424745704705828,0.0018120390945166598,0.0300091,0.048144770489716882,-0.0045775287136975741,-0.019597937218287842,0.044213047298510055,1.6043390334837393,0.048361893000917977,0.0013334754240665882,1,0.047894849336022165,0.0300091,0.04197315611616137,0,0.04197315611616137,0,1.3986809373210582,0.04197315611616137,0,0.0038668999999999999,498,19,0.061093247588424437,0,0,0,0,0,0,0,0,0,1,20,nan,1,0.034360627765107496,0.047894849336022165,0.12695914849320353,0.022108213976025581,0.0300091,0.0038099297830473944,0.12695914849320353,-0.070035299999999995,0,0.0016000000759959221,0
639155411938401918,nan,84.794518712659823,0.0084641122482848451,0.00021859035130322721,310,0,0,0,0,0.4534561204902961,4.3675882127081787,2.0846378223602993,0.44681307991969349,4.3728333254933238,2.0848564127116025,0.0078330023265312972,0.0032070657467724037,0.00021859035130322721,1.5564917021086144,1.9482456332268754,0.010932414655044947,0.038954586962681406,0.0018099289137198868,0.038996611238745184,0.00021859035130322721,0.019994700000000001,0.031121584636150109,-0.0013971368330525178,-0.014080362334247754,0.027789358001429676,1.5564917021085642,0.031152929582871119,0,1,0.031121584636151115,0.019994700000000001,0.024857795079355149,0,0.024857795079355149,0,1.2432192070576278,0.024857795079355149,0,0.0040242999999999998,498,12,0.03870967741935484,1,0,0,0,0,0,0,0,0,1,20,nan,1,0.038954586962681406,0.031121584636151115,0,0.022108213976025581,0.019994700000000001,0,0,-0.050040599999999998,0,0.0016000000759959221,0
639155411938701977,nan,114.4965692730329,0.009646736222888648,0.00093718090744365767,302,0,0,0,0,0.42262627777360362,4.4101666512285957,2.0841968286419696,0.42636994792818567,4.4012759564566624,2.0851340095494133,-0.0095831755718328825,0.001105561266243281,0.00093718090744365767,1.4797504260641581,1.1603984227348176,0.0092514084833586665,0.034818799032738663,0.0038152504054952997,0.035027202311044989,0.00027759683781081179,0.030005899999999999,0.04440124330943953,0.0027033684702545031,-0.02418680214608987,0.037333325735271927,1.4797504260641918,0.044483464439160028,-0.00065958406963284588,1,0.044401243309438516,0.030005899999999999,0.023785212398470531,-1.7347234759768071e-18,0.023785212398470534,0,0.79268451866034784,0.023785212398470534,0,0.013932099999999999,498,8,0.026490066225165563,1,0,0,0,0,0,0,0,0,1,20,nan,1,0.034815188607044065,0.044401243309438516,0.062805178756091318,-0.028297504410147667,0.030005899999999999,-0.0018845259132374004,-0.062805178756091318,-0.053777199999999997,0.014000000432133675,0.0032000001519918442,0.00042008261296655979
639155411938902004,nan,109.98895527196809,0.0068547478682438054,0.0017151877584877795,322,0,0,0,0,0.41013647130818465,4.4248476052998056,2.0851998919453663,0.4113250671857191,4.4315985169550638,2.0834847041868785,0.0052924435994326016,-0.0043563297721841351,-0.0017151877584877795,1.4252132670761741,1.6898140756365378,0.082454136818270796,0.033800844010734979,-0.0018190810581767605,0.033849757927262289,-0.0016493053625348255,0.020002700000000002,0.028508113417345531,0.0025369000256885467,-0.016233476620001019,0.023571648843143223,1.4252132670762212,0.02862076854936944,6.5882395952954212e-05,1,0.028508113417344591,0.020002700000000002,0.0085194973466018453,-4.3368086899420177e-19,0.0085194973466018453,0,0.42591736848534673,0.0085194973466018453,0,0.014024999999999999,498,29,0.090062111801242239,0,0,0,0,0,0,0,0,0,1,20,nan,1,0.033800672653288101,0.028508113417344591,0.0094105004328509049,0.018823541700839996,0.020002700000000002,0.0001882354170081868,0.0094105004328509049,-0.033774499999999999,0.014000000432133675,0.0032000001519918442,0.00028003780864384027
639155411939202008,nan,114.01686755863578,0.0077534448504296173,0.0001307779466008796,315,0,0,0,0,0.39378224323213962,4.4681555077037114,2.0844914700479431,0.39849096127427019,4.4619956471981181,2.0843606921013422,-0.0076786945706971733,-0.0010740375871445603,-0.0001307779466008796,1.3364937678878435,1.0927970080359379,0.029199207826020635,0.032784347359881352,-0.0037264419687065599,0.032995451225274933,0.00087598791446374946,0.0300004,0.040461956734909259,-0.0026446742796267346,-0.017542823953579478,0.0365569907486476,1.3487139083115312,0.040548295215249039,0.0010067658610646291,1,0.040095347634142457,0.0300004,0.035165966530276371,0,0.035165966530276371,0,1.172183255232476,0.035165966530276371,0,0.0039626000000000001,499,14,0.044444444444444446,1,0,0,0,0,0,0,0,0,1,20,nan,1,0.032778953947595044,0.040095347634142457,0.095881184542706249,0.094498969614505768,0.0300004,0.0028764738887550045,0.095881184542706249,-0.069709800000000002,0.014000000432133675,0.0032000001519918442,0.00042000561296418309
639155411939401983,nan,116.35720189604534,0.0041774907330701253,0.0011610540264168634,313,0,0,0,0,0.38796975184651045,4.4857436899785679,2.0845883699212742,0.38522216443260671,4.4888904648716679,2.085749423947691,0.0040908785901472879,0.00084625125439275373,0.0011610540264168634,1.2928331674743441,1.4973930280308028,0.069445272976562097,0.029944117078045979,-0.0016559105456205054,0.029989868077716211,0.0013887318463488008,0.019997500000000001,0.025853431266567563,-0.0025030931803905788,-0.010521209427759748,0.02374804278044973,1.2928331674743123,0.025974321622033773,0.00022767781993193734,1,0.025853431266568198,0.019997500000000001,0.020753721554148896,-1.7347234759768071e-18,0.020753721554148896,0,1.0378158046830301,0.0207537215541489,0,0.0039446000000000004,498,14,0.04472843450479233,1,0,0,0,0,0,0,0,0,1,20,nan,1,0.029943576902582918,0.025853431266568198,0.03252946903102312,0.032525565475225449,0.019997500000000001,0.00065050805694788494,0.03252946903102312,-0.049712300000000001,0.014000000432133675,0.0032000001519918442,0.00027996500864159316
639155411939702091,nan,113.20276925675002,0.0055216836157763677,0.0016667983900275905,319,0,0,1,2,0.3689016592382266,4.5229040120727042,2.0860106632770443,0.36924856958062702,4.517393236885213,2.0876774616670719,-0.0049663358074752339,0.0024133998011358379,0.0016667983900275905,1.2542244683894621,1.0887185134350417,0.064244795852855696,0.032673313562996346,-0.00013537269090201955,0.032673594001139866,0.0019280377193808818,0.030010800000000001,0.037640279675943675,-0.0025474750074644999,-0.016320505194380108,0.034013547201036332,1.2542244683895023,0.037726387091754687,0.00026123932935329108,1,0.037640279675942467,0.030010800000000001,0.020005632805493612,0,0.020005632805493612,0,0.66661444564935324,0.020005632805493612,0,0.0140602,498,23,0.072100313479623826,0,0,0,0,0,0,0,0,0,1,20,nan,1,0.032673260766709872,0.037640279675942467,0.024870982575132441,0.013439066708087921,0.030010800000000001,0.00074639808386578466,0.024870982575132441,-0.0534438,0.22400000691413879,0.0016000000759959221,0.0067224194074988371
639155411939902039,nan,87.388319631997788,0.003691806672969972,1.1272512554505456e-06,337,0,0,0,0,0.35759336335242686,4.5381649641357882,2.0876774616670719,0.35620929501578408,4.5415875057863877,2.0876785889183274,0.0036594033459671476,-0.00048806112538293334,1.1272512554505456e-06,1.1912033039033312,1.3742210558171408,5.6377220849948266e-05,0.027477275166852569,-0.00062022435035785813,0.027484274209804226,1.1272512554505456e-06,0.0199948,0.02381787182088542,-0.00013216322497492522,-0.011655206228200155,0.020771727250575189,1.1912033039032859,0.023818238498977282,0,1,0.023817871820886325,0.0199948,0.0070359614348349808,0,0.0070359614348349808,0,0.35188956302813634,0.0070359614348349808,0,0.0140882,499,29,0.086053412462908013,0,0,0,0,0,0,0,0,0,1,20,nan,1,0.027477275166852569,0.023817871820886325,0,0.013439066708087921,0.0199948,0,0,-0.033449,0.22400000691413879,0.0016000000759959221,0.0044788353382468225
639155411940202015,nan,89.620219370838583,0.0070485236762224575,0.0005293493880205169,309,0,0,0,0,0.34041023779957486,4.571264785908089,2.088490181545644,0.34299935437874768,4.5647090127764347,2.0890195309336645,-0.0069780181839549909,0.00099445876669776185,0.0005293493880205169,1.1077746090796228,0.88770408909709453,0.044701643309371007,0.026628992183099002,5.8244632975202465e-05,0.026629055881214003,0.0013409420153371876,0.029997599999999999,0.033607815164219179,-0.00093055049871657892,-0.015799057216209222,0.029677280121701344,1.1203501334846515,0.033620695476789031,0.0008115926273166707,1,0.033230579613326892,0.029997599999999999,0.029269769795062572,0,0.029269769795062572,0,0.97573705213292306,0.029269769795062572,0,0.0039160000000000002,498,12,0.038834951456310676,1,0,0,0,0,0,0,0,0,1,20,nan,1,0.026629041814950134,0.033230579613326892,0.077300719992516198,0.05415010079741478,0.029997599999999999,0.0023188360780475037,0.077300719992516198,-0.069723400000000005,0.22400000691413879,0.0016000000759959221,0.0067194626074075694
639155411940401900,nan,99.896580838875551,0.0074564051072689499,0.0018352162118797644,307,0,0,0,0,0.33220987913965971,4.58360079640922,2.0892036337240949,0.32893808686140885,4.5903010465845258,2.0910388499359747,0.0074410650276440626,-0.00047804641833084239,0.0018352162118797644,1.0884126261720402,1.4606843279615553,0.10102403893789509,0.029196888689459549,-0.0004616594891826576,0.029200538327719978,0.002019319002310116,0.019988499999999999,0.021755735778239541,1.5017000219146731e-05,-0.010789475239087964,0.018891783632785319,1.0884126261720259,0.021755740961016876,0.0001841027904303516,1,0.021755735778239825,0.019988499999999999,0.017594298943333975,0,0.017594298943333975,0,0.88022107428441232,0.017594298943333975,0,0.0038233999999999998,498,41,0.13355048859934854,0,0,0,0,0,0,0,0,0,1,20,nan,1,0.029196766261384566,0.021755735778239825,0.026315530062680725,0.026300398632884026,0.019988499999999999,0.00052600797265789367,0.026315530062680725,-0.049734899999999999,0.22400000691413879,0.0016000000759959221,0.0044774241382032629
639155411940702037,nan,105.29861889208175,0.0072323018981051944,0.0016274510460463354,350,0,0,0,0,0.31443233753512184,4.6171942326699877,2.0902823041133449,0.3185502684420583,4.6112487439776233,2.0919097551593913,-0.0072054078464495706,-0.00062312800583745132,0.0016274510460463354,1.0177303272480536,0.7776440596687717,0.029016923052359291,0.023339975513680614,-0.00139940723414359,0.023381890376660823,0.00087090522341659604,0.030013700000000001,0.030545852722925773,-0.00078173062731995945,-0.01450574932628701,0.026893186085461984,1.0177303272480824,0.030555854125590438,-0.00075654582262973946,1,0.030545852722924906,0.030013700000000001,0.016639585531408763,8.6736173798840355e-19,0.016639585531408763,0,0.55439967519528621,0.016639585531408763,0,0.013664000000000001,498,50,0.14285714285714285,0,0,0,0,0,0,0,0,0,1,20,nan,1,0.023341474332847396,0.030545852722924906,0.072019094387808999,-0.072051502764225006,0.030013700000000001,-0.0021615594932273829,-0.072019094387808999,-0.053474800000000003,0.335999995470047,0.0016000000759959221,0.010084603064039349
639155411940901870,nan,104.36260873183046,0.0020760921708807855,0.0011991851790336128,343,0,0,0,0,0.30955753269322939,4.6288131196733122,2.0918349042853697,0.30787868405422858,4.63003444106808,2.0906357191063361,0.0018949545333402419,0.00084811910635579899,-0.0011991851790336128,0.98632225992399214,1.0811523435682968,0.063755038109581774,0.021604991627228346,-9.7289816317859198e-05,0.021605210679856053,-0.0012740360530552055,0.019983299999999999,0.019709973616740165,-0.00094526708129488105,-0.0089927357488289172,0.017564375695688916,0.98632225992404488,0.019732627544946289,-7.4850874021592504e-05,1,0.01970997361673911,0.019983299999999999,0.0059442683638843965,0,0.0059442683638843974,0,0.2974617987962147,0.0059442683638843974,0,0.0139566,499,29,0.084548104956268216,0,0,0,0,0,0,0,0,0,1,20,nan,1,0.021605001906895283,0.01970997361673911,0.010701918104708422,-0.021385964006185532,0.019983299999999999,-0.00021385964006181979,-0.010701918104708422,-0.0334915,0.335999995470047,0.0016000000759959221,0.0067143887094765894
639155411941201992,nan,122.21021053272882,0.0075794670891339002,0.00028969976242754214,321,0,0,0,0,0.29460375611894069,4.6534391498270686,2.0902917327571937,0.29722723141749635,4.6463281935824323,2.0905814325196213,-0.0074752100995167893,0.001252818950745123,0.00028969976242754214,0.89035250367249952,0.64748141250696167,0.0018088173047894642,0.019432341648441435,0.0011506138925632143,0.019466376505952798,-5.4286586714802354e-05,0.030012199999999999,0.026907120353091594,-0.00010477635424149638,-0.013274927935287895,0.02340470875898859,0.89653941907263024,0.026907324351933697,-0.00034398634914234449,1,0.026721437410719789,0.030012199999999999,0.023617713028273531,0,0.023617713028273535,0,0.78693707986330663,0.023617713028273535,0,0.0036944999999999999,498,17,0.052959501557632398,0,0,0,0,0,0,0,0,0,1,20,nan,1,0.019431773880072271,0.026721437410719789,0.032747287450004194,-0.019177995622158051,0.030012199999999999,-0.00098281814040701576,-0.032747287450004194,-0.036442799999999997,0.335999995470047,0.0016000000759959221,0.010084099064046144
639155411941401878,nan,117.11836426568601,0.0013210211273869672,0.0011358350969472575,329,0,0,0,0,0.28792235244597364,4.6610433330662193,2.0906508471147633,0.28818711098620331,4.6597491152582835,2.0895150120178161,-0.0012547604110945689,0.00041312604584136563,-0.0011358350969472575,0.87016226213840631,0.80738702600144785,0.053351435408441082,0.016138536307932539,0.0011800685908696842,0.016181622787644446,-0.0010664205018051653,0.019988599999999999,0.017393325392981343,0.00076702964470948525,-0.009304878971522712,0.014715139483786999,0.87016226213848613,0.017410229829097394,6.9414595142092126e-05,1,0.017393325392979747,0.019988599999999999,0.014161542751399026,0,0.014161542751399026,0,0.70848097172383395,0.014161542751399026,0,0.0037139999999999999,498,19,0.057750759878419454,0,0,0,0,0,0,0,0,0,1,20,nan,1,0.016138653248560071,0.017393325392979747,0.0099220262895601246,0.019832741469144821,0.019988599999999999,0.0001983274146915015,0.0099220262895601246,-0.049826000000000002,0.335999995470047,0.0016000000759959221,0.0067161695094525809
639155411941702027,nan,96.705421190228151,0.0090964627566668798,0.00059045539540614211,317,0,0,0,0,0.27413599006493761,4.6807366301728122,2.0902477335141896,0.28163264078306582,4.6755843624493902,2.0896572781187834,-0.0081940077858622291,-0.0039501735517134965,-0.00059045539540614211,0.83934339165354854,0.56644189241669207,0.0047398492404554932,0.017001696756697771,-0.0021583421046172252,0.017138148477804451,0.0001422661009673476,0.030014900000000001,0.025192807966140644,0.0017978343118190895,-0.014051120921265703,0.02098751491452866,0.83934339165350025,0.025256875923827034,0.0007327214963734896,1,0.025192807966142095,0.030014900000000001,0.013635720937784866,0,0.013635720937784868,0,0.45429839638928882,0.013635720937784868,0,0.013769200000000001,498,27,0.085173501577287064,0,1,1,1,1,1,3,0.072186366396721019,0.57749093117376815,0.95307886184213131,20,0.025192807966142095,1,0.016361961489815148,0.025192807966142095,0.069748357970144753,0.077978998422622681,0.030014900000000001,0.0020934899896380976,0.069748357970144753,-0.019811100000000002,0.335999995470047,0.0016000000759959221,0.010085006264033913
639155411941901983,nan,114.02997997509158,0.0015650243979884154,0.0013823285350813563,350,0,0,0,0,0.27441015649538819,4.6911348852984975,2.0902019786511596,0.27294165338704462,4.6916759952569018,2.091584307186241,0.0011986577814109152,0.0010062409698288299,0.0013823285350813563,0.85445806510683897,0.91437672239272239,0.096372655357056747,0.018283511190275919,-0.00043258165083318208,0.018288627841628317,0.0019270290674575639,0.019995599999999999,0.017085401686649945,-0.0014394753808862227,-0.007222484287677633,0.015550522849107296,0.85445806510682076,0.0171459336335575,0.00054470053237620775,1,0.01708540168665031,0.019995599999999999,0.0052782438055842817,4.3368086899420177e-19,0.0052782438055842817,0,0.26397026373723631,0.0052782438055842817,0,0.0138183,498,58,0.1657142857142857,0,0,0,0,0,0,0,0,0,1,20,nan,1,0.018283169044257967,0.01708540168665031,0.077831484694668857,0.069525428116321564,0.019995599999999999,0.0015562872353607204,0.077831484694668857,-0.033403000000000002,0.335999995470047,0.012800000607967377,0.0067185215094208717
639155411942202025,nan,111.30829095161552,0.0030682539687965854,0.0021398925360140986,348,0,0,1,2,0.26160799969870147,4.7128453297986752,2.0918096051550759,0.26467440621412897,4.7127388708902656,2.09394949769109,-0.001618665566115,-0.0026065502492968761,0.0021398925360140986,0.80388992295277084,0.74602882194093878,0.078828647484317435,0.022383997979280316,-0.0033088880652274036,0.022627242557692034,0.0023651905048489574,0.030004200000000002,0.024002076253842385,-0.00070197320002251401,-0.011333653688343159,0.021169334541773388,0.79995721445138956,0.02401233913780193,0.00022529796883485886,1,0.024120074026259528,0.030004200000000002,0.020845361304390405,0,0.020845361304390408,0,0.69474811207732268,0.020845361304390408,0,0.0039268000000000003,498,58,0.16666666666666666,0,0,0,0,0,0,0,0,0,1,20,nan,1,0.022382931840260405,0.024120074026259528,0.021453945860410554,0.018176332116127014,0.030004200000000002,0.00064370848238493039,0.021453945860410554,-0.036443099999999999,0.335999995470047,0.012800000607967377,0.010081411064082385
639155411942401964,nan,86.610426567300877,0.0027267510774521835,4.6052298286802795e-05,302,0,0,0,0,0.25826683841538123,4.7283324286612594,2.09394949769109,0.2568026158542428,4.7260321626484165,2.0939955499893768,-0.0012610549523577094,0.0024176252491899444,4.6052298286802795e-05,0.83571494178290595,0.77264295720975673,0.0023033174261551173,0.015448146022156155,0.00017740832974327044,0.015449164677655594,4.6052298286802795e-05,0.019993899999999998,0.016709200974513862,-0.0022402169194466739,-0.0064075677987477375,0.015593557770993804,0.83571494178293693,0.016858706031391325,0,1,0.016709200974513241,0.019993899999999998,0.013408126954471911,-8.6736173798840355e-19,0.013408126954471911,0,0.67061088404322877,0.013408126954471911,0,0.0039500000000000004,498,52,0.17218543046357615,0,0,0,0,0,0,0,0,0,1,20,nan,1,0.015448146022156155,0.016709200974513241,0,0.018176332116127014,0.019993899999999998,0,0,-0.016449200000000001,0.335999995470047,0.012800000607967377,0.0067179503094285725
639155411942701979,nan,96.828185671636049,0.0028334496625634785,0.00071545573518472228,321,0,0,0,0,0.25009443371026607,4.737131157220742,2.0942360327834977,0.24875394532789979,4.7396274600643533,2.0949514885186824,0.0028321197129872557,-8.6803926121314934e-05,0.00071545573518472228,0.43217830528251322,0.52657826881582015,0.031863024492296867,0.015798137931877829,0.0001790166326436065,0.015799152162992804,0.00095593852930564449,0.0300015,0.012965997425933618,0.00026513948019959988,-0.0067081821439767264,0.011098994572325438,0.43217830528252316,0.012968708038709089,0.00024048279412092199,1,0.01296599742593332,0.0300015,0.006964121211322726,4.3368086899420177e-19,0.0069641212113227269,0,0.23212576742238641,0.006964121211322726,0,0.013887500000000001,498,61,0.19003115264797507,0,0,0,0,0,0,0,0,0,1,20,nan,1,0.015798198500193476,0.01296599742593332,0.022901978150710427,0.031408380717039108,0.0300015,0.00068709369748853888,0.022901978150710427,-0.0197273,0.335999995470047,0.012800000607967377,0.010080503864094615
639155411942901946,nan,98.510939577680261,0.0064000166747668411,4.9687660272024203e-05,313,0,0,0,0,0.24378189666458755,4.7480099507526266,2.0949319818079264,0.24039971421515527,4.7534432789514423,2.0948822941476544,0.0063966045789197647,0.00020895764699168859,-4.9687660272024203e-05,0.48735723943911535,0.80724045285823676,0.0034602894991691766,0.016142145163670303,0.00031808571327153218,0.016145278845718088,-6.9194371028036272e-05,0.019996699999999999,0.0097455365098911492,0.00010925284303493245,-0.0049720486633122452,0.0083824906882732364,0.48735723943906495,0.0097461488829861716,-1.9506710756012069e-05,1,0.0097455365098921571,0.019996699999999999,0.0030574356416206427,0,0.0030574356416206427,0,0.1528970100876966,0.0030574356416206423,0,0.0137232,498,57,0.18210862619808307,0,0,0,0,0,0,0,0,0,1,20,nan,1,0.016142136293394102,0.0097455365098921571,0.0027871328420793848,-0.0069348821416497231,0.019996699999999999,-5.5733459303208832e-05,-0.0027871328420793848,0.00026939999999999999,0.335999995470047,0.012800000607967377,0.0067188911094158889
639155411943202034,nan,145.50894171686718,0.005680437682537111,0.0014952376036747594,324,0,0,0,0,0.23192911947824515,4.767141046800524,2.0951939770477557,0.23281855741387547,4.7615306749390651,2.0966892146514304,-0.0053018161942682707,0.002039146220206458,0.0014952376036747594,0.53986258852294167,0.35975100916844671,0.060213020973050112,0.010795696083934082,0.0025165171109173415,0.011085121212968735,0.0018069205037760661,0.030008799999999999,0.016098147587673979,0.00047902347517904571,-0.0084705947369101142,0.013697767849081721,0.53644756163771889,0.016105273026071499,0.00031168290010130667,1,0.01620062844646725,0.030008799999999999,0.013973788301836265,0,0.013973788301836265,0,0.46565635086495516,0.013973788301836265,0,0.0039350000000000001,498,67,0.20679012345679013,0,1,1,1,1,1,3,0.10214998133726332,0.81719985069810652,0.93360251213077883,20,0.01620062844646725,1,0.010182014187106079,0.01620062844646725,0.029675380945535963,0.032056786119937897,0.030008799999999999,0.00089052257171839955,0.029675380945535963,-0.036842399999999997,0.30799999833106995,0.03840000182390213,0.0092427103499174122
639155411943401986,nan,112.32056800332508,0.0088906743481907361,0.00047688793850397815,323,0,0,0,0,0.22589908661000949,4.7701378998040287,2.0972796962063898,0.22558166043033306,4.7790229057683504,2.0968028082678858,0.0078412994667259144,-0.0041902402125296653,-0.00047688793850397815,0.54601386445482691,0.9382966302751945,0.0056810442733933215,0.018761428781678569,-0.0025218262044414182,0.018930156294531868,0.00011359361645535415,0.019995200000000001,0.010917656422546981,0.0016637831351530036,-0.0069194708038659847,0.0086072248649635696,0.54601386445481814,0.011043703911351522,0.0005904815549593323,1,0.010917656422547157,0.019995200000000001,0.0087163469266107203,0,0.0087163469266107185,0,0.43592196760276064,0.0087163469266107203,0,0.0040315999999999998,498,61,0.18885448916408668,0,0,0,0,0,0,0,0,0,1,20,nan,1,0.018759294832828639,0.010917656422547157,0.084374757793206717,0.084354929625988007,0.019995200000000001,0.0016870901570267272,0.084374757793206717,-0.049901500000000001,0.30799999833106995,0.03840000182390213,0.0061585215666294102
639155411943702009,nan,73.470736936945215,0.0069400621962900071,6.2169074189988307e-05,328,0,0,0,0,0.22017110373956206,4.795885209711507,2.096925729269052,0.22037957308207812,4.7889482792792766,2.096987898343242,-0.0061034525760058347,0.0033033815917664477,6.2169074189988307e-05,0.57660225283639921,0.37315589756135092,0.0061691962068296307,0.011195535185404918,-0.00048450389330648332,0.011206014104500702,0.00018509007535616462,0.030002299999999999,0.017299393770271943,-0.003787135217617265,-0.0054105566907710068,0.016862303943156576,0.57660225283634736,0.017709077276228728,0.0001229210011661763,1,0.017299393770273501,0.030002299999999999,0.0093662116746227042,0,0.0093662116746227042,0,0.31218312178142021,0.0093662116746227042,0,0.0137585,498,71,0.21646341463414634,0,1,1,1,1,1,3,0.34506461000268751,2.7605168800215001,0.77570800349825308,20,0.017299393770273501,1,0.0079309896439558065,0.017299393770273501,0.011705864566196886,0.01170676201581955,0.030002299999999999,0.00035120286047440885,0.011705864566196886,-0.053154600000000003,0.30799999833106995,0.03840000182390213,0.0092407083499282602
639155411943901838,nan,118.90399308644288,0.014502693704903024,0.0028102219157415398,322,0,0,0,0,0.21503808731508839,4.7987901220998657,2.096987898343242,0.20978409139613691,4.8123076533678848,2.0997981202589835,0.014327748626236926,-0.0022458281326939679,0.0028102219157415398,0.56014022653018125,1.2771406932410478,0.14063133557899701,0.025520974758966537,-0.0025699099830246413,0.025650040740097409,0.0028102219157415398,0.019982900000000001,0.011193226132729609,-0.00032408185033067343,-0.0053414857669897287,0.0098418428205890862,0.56014022653016371,0.011197916784122608,0,1,0.01119322613272996,0.019982900000000001,0.0034448623931604412,0,0.0034448623931604416,0,0.17239051354710483,0.0034448623931604412,0,0.0138329,498,65,0.20186335403726707,0,0,0,0,0,0,0,0,0,1,20,nan,1,0.025520974758966537,0.01119322613272996,0,0.01170676201581955,0.019982900000000001,0,0,-0.033171699999999998,0.30799999833106995,0.03840000182390213,0.0061547331666499377
639155411944201962,nan,20.944821414449322,0.0058793186651496217,0.00023650741156444607,333,0,0,0,0,0.20342482655609903,4.8310475223788423,2.0994905959236458,0.19818944165026231,4.8283722405517979,2.0997271033352103,0.00033074518122868041,0.005870008142368351,0.00023650741156444607,0.65704157402363506,0.65706948538679055,0.0023662527413070562,0.019720232223222514,0.001902447155963093,0.019811785990138692,-7.1016923773203899e-05,0.030012400000000002,0.019387681887309369,-0.0039674589966479335,-0.006359264840037876,0.018739869010957477,0.64598905410128371,0.01978946537563828,-0.00030752433533764995,1,0.019719394536226946,0.030012400000000002,0.016888755668825084,0,0.016888755668825084,0,0.56272592891021989,0.016888755668825084,0,0.0038032999999999999,498,69,0.2072072072072072,0,1,1,1,1,1,3,1,8,0.34999999999999998,20,0.019719394536226946,1,-0.00081676370812463843,0.019719394536226946,0.029275931218698901,-0.05056312307715416,0.030012400000000002,-0.00087864095810807896,-0.029275931218698901,-0.0367906,0.26600000262260437,0.081599995493888855,0.0079832984787106525
639155411944401939,nan,22.132335070137657,0.0019275610262430806,0.00017085092381075029,324,0,0,0,0,0.19293021516634604,4.834856402874431,2.0997271033352103,0.19459436939868491,4.8358290704439941,2.099897954259021,1.5779478418354032e-15,-0.0019275610262430806,0.00017085092381075029,0.41264464295749004,0.41264464295752801,0.0085435286963375934,0.0082519437764717578,-0.00065899957902998104,0.0082782157821122693,0.00017085092381075029,0.0199977,0.0082519437764701793,0.0012685614472130995,-0.0052592264839162739,0.0064841623226330469,0.41264464295744907,0.0083488816158441437,0,1,0.008251943776470998,0.0199977,0.0066008287666052823,-4.3368086899420177e-19,0.0066008287666052823,0,0.33007939746097215,0.0066008287666052823,0,0.0040013000000000002,498,66,0.20370370370370369,0,1,1,1,1,2,3,1,8,0.34999999999999998,20,0.008251943776470998,1,-0.00022147724530443305,0.008251943776470998,0,-0.05056312307715416,0.0199977,0,0,-0.049922300000000003,0.26600000262260437,0.081599995493888855,0.0053193882524460558
639155411944702045,nan,122.63602088452494,0.0045078886003277439,0.00036019176881740833,323,0,0,0,0,0.18822418957173087,4.8486871231527102,2.0992563047406048,0.18921016379834107,4.8442883830538381,2.0988961129717874,-0.0042958162681437494,0.0013663902163424395,-0.00036019176881740833,0.47700656488384741,0.33389251050786928,0.033382914278077901,0.010020314575847461,0.0003780682199003545,0.010027444329331362,-0.0010018412872336846,0.030010599999999998,0.014315253216103043,-0.00099107812341155035,-0.0063701798269540366,0.012858052708716095,0.47700656488384252,0.014349519521149601,-0.00064164951841627627,1,0.014315253216103191,0.030010599999999998,0.0076962147204620024,0,0.0076962147204620024,0,0.25644987839170169,0.0076962147204620024,0,0.0138762,498,69,0.21362229102167182,0,0,0,0,0,0,0,0,0,1,20,nan,1,0.010019963812924285,0.014315253216103191,0.061087893555357382,-0.055194001644849777,0.030010599999999998,-0.0018332843383324082,-0.061087893555357382,-0.019911700000000001,0.26600000262260437,0.081599995493888855,0.0079828196787059304
639155411944929547,nan,123.96672416467597,0.0060389617271858652,0.00016913457676492882,325,0,0,0,0,0.1832900998849076,4.8538525933382068,2.0989384076981308,0.18155958234100211,4.8596382970786909,2.0987692731213659,0.0058694303844961234,-0.0014208609024001526,-0.00016913457676492882,0.50236654752250698,0.75224875627891308,0.0055753290266239725,0.01711380965509653,-0.0011263997047561321,0.017150838382007743,-0.0001268398504215007,0.022750200000000002,0.011244319180927134,0.00029421295042134175,-0.0059200639134334709,0.0095642102843687127,0.49425144310498953,0.011248167633119692,4.2294726343428124e-05,1,0.01142893942944654,0.022750200000000002,0.010542211694109405,8.6736173798840355e-19,0.010542211694109405,0,0.46338984686329809,0.010542211694109405,0,0.0013975999999999999,498,68,0.20923076923076922,0,0,0,0,0,0,0,0,0,1,20,nan,1,0.017113741565618915,0.01142893942944654,0.0053116928759440827,-0.00038808208773843944,0.022750200000000002,0.00012084207526630308,0.0053116928759440827,-0.030432799999999999,0.26600000262260437,0.081599995493888855,0.0060515532596647744
639155411945202908,nan,128.25335411062926,0.0095692257900211689,0.00081905826686679006,320,0,0,0,0,0.17916469177015049,4.8664261857220303,2.0985532986661326,0.17641398836121172,4.875591539669176,2.0993723569329994,0.0093035504697435382,-0.0022392031791110588,0.00081905826686679006,0.25863558115204488,0.59895723062206763,0.022061808803506808,0.016373154752007901,-0.0035920593010869417,0.016762550120901179,0.00060308381163354241,0.027336099999999999,0.0070700881099292623,-0.0013508468449708435,-0.0023948905708516266,0.006787888643339457,0.25863558115200275,0.0071979811809097412,-0.00021597445523324768,1,0.0070700881099304133,0.027336099999999999,0.0061147917273869368,0,0.0061147917273869368,0,0.22368925074853169,0.0061147917273869368,0,0.0036936,498,54,0.16875000000000001,0,0,0,0,0,0,0,0,0,1,20,nan,1,0.016374262248465603,0.0070700881099304133,0.022573442155106205,0.011890704743564129,0.027336099999999999,-0.00061706987209619868,-0.022573442155106205,-0.036692799999999998,0.2800000011920929,0.17759999632835388,0.0076541080325871706
639155411945401967,nan,119.06540917493267,0.0048397867597832836,0.00013002816170493148,312,0,0,0,0,0.17538507454348229,4.8825543782183285,2.0993723569329994,0.17221770875658068,4.8862137948182989,2.0992423287712945,0.0047573175233178487,0.00088964367164978361,-0.00013002816170493148,0.32811769953421893,0.56710802518229697,0.0065321418124742649,0.011288795638476287,-0.0017332512818480942,0.011421079939012306,-0.00013002816170493148,0.019905900000000001,0.0065314781151584386,-0.0026228949534978776,-0.0010289138177294321,0.0069628385491524725,0.32811769953423048,0.0070384504193663436,0,1,0.0065314781151582088,0.019905900000000001,0.0052652062891160858,-4.3368086899420177e-19,0.0052652062891160867,0,0.26450480958490125,0.0052652062891160867,0,0.0038592000000000001,498,52,0.16666666666666666,0,0,0,0,0,0,0,0,0,1,20,nan,1,0.011288795638476287,0.0065314781151582088,0,0.011890704743564129,0.019905900000000001,0,0,-0.0167869,0.2800000011920929,0.17759999632835388,0.0055736520237296824
639155411945701970,nan,116.97557110160074,0.0036187917199707103,0.00073078599182041515,314,0,0,1,2,0.16787754561849291,4.898824289353656,2.1010906647045391,0.16436817824530559,4.8997074621298085,2.1003598787127187,0.0025368696333631156,0.0025806871131248488,-0.00073078599182041515,0.4359487310436555,0.52035106455180835,0.037251292201218381,0.015610688041873617,-2.4609356858976486e-05,0.015610707439483356,0.0011175499414242118,0.030000300000000001,0.013078592715928797,-0.0026099810463568267,-0.0043401631380877714,0.01261049453535712,0.43594873104364945,0.013336475864766063,0.001848335933244627,1,0.013078592715928978,0.030000300000000001,0.0070106223285320004,0,0.0070106223285320013,0,0.23368507410032568,0.0070106223285320004,0,0.013919000000000001,498,61,0.19426751592356689,0,0,0,0,0,0,0,0,0,1,20,nan,1,0.015610568641563072,0.013078592715928978,0.17603023333999299,0.12841904163360596,0.030000300000000001,0.0052809598092697918,0.17603023333999299,-0.053069600000000001,0.2800000011920929,0.17759999632835388,0.0084000840357631446
639155411945901779,nan,106.87442024657109,0.0042496403102830508,0.0021837692598065672,329,0,0,0,0,0.16056534552726315,4.906259803616126,2.1003598787127187,0.15633214976201615,4.9058863114744717,2.1025436479725252,0.0018160932619382831,0.0038420369637374645,0.0021837692598065672,0.37915600594212012,0.4700474703875675,0.10929283765028439,0.0093919715010669473,0.0038140273113116685,0.010136860115848745,0.0021837692598065672,0.019980899999999999,0.0075758782391286634,-2.800965242579596e-05,-0.0038028327180424371,0.0065523414863175589,0.37915600594210791,0.0075759300178085218,0,1,0.0075758782391289079,0.019980899999999999,0.0022950313039675763,-2.1684043449710089e-19,0.0022950313039675763,0,0.11486125769948183,0.0022950313039675763,0,0.0139279,498,72,0.21884498480243161,0,0,0,0,0,0,0,0,0,1,20,nan,1,0.0093919715010669473,0.0075758782391289079,0,0.12841904163360596,0.019980899999999999,0,0,-0.033088699999999999,0.2800000011920929,0.17759999632835388,0.0055946520238190885
639155411946202008,nan,36.453315387289031,0.0030961067412540516,0.00044678405347564615,339,0,0,0,0,0.14480421454689285,4.9142409478695157,2.1047534579104861,0.14784327028488464,4.9136493253761824,2.1052002419639617,-0.0020559765720427974,-0.0023149162594897311,0.00044678405347564615,0.4444428414162524,0.36623106550590118,0.088485589048242289,0.010995318656577121,0.0033805956953980977,0.011503280384977889,0.0026565939914364733,0.030022900000000002,0.013046174687895561,0.0057000496164846025,-0.011527935215123297,0.0083546363950439684,0.43454079012672192,0.014237037599777317,0.0022098099379608271,1,0.013343462983556004,0.030022900000000002,0.01131653648195563,0,0.01131653648195563,0,0.37693015937686331,0.01131653648195563,0,0.0038917000000000001,498,74,0.21828908554572271,0,1,1,1,1,1,3,0.75899102052139966,6.0719281641711973,0.50665583666109026,20,0.013343462983556004,1,0.002251126077464118,0.013343462983556004,0.21029756219045539,0.032550759613513947,0.030022900000000002,0.0063137426798878238,0.21029756219045539,-0.0030658,0.2800000011920929,0.17759999632835388,0.0084064120357900864
639155411946401948,nan,154.46978908704295,0.0037169309230263518,0.0018871686436172652,339,0,0,0,0,0.14102762076596223,4.9207832026694431,2.1056564972043277,0.14312914303193777,4.9238490108258937,2.1075436658479449,0.0015664476269388408,-0.003370729493538038,0.0018871686436172652,0.48067520236749112,0.55909799804809801,0.11720635610599332,0.011178605372973672,-0.0011381392469081144,0.01123639528630194,0.0023434238839832307,0.019994000000000001,0.0096106199961357008,0.0022318751958757452,-0.006815649518922412,0.0071338772932607597,0.48067520236749528,0.0098663713491885536,0.00045625524036596593,1,0.0096106199961356175,0.019994000000000001,0.0076588864044424554,-4.3368086899420177e-19,0.0076588864044424554,0,0.38305923799352082,0.0076588864044424554,0,0.0040603999999999996,499,74,0.21828908554572271,0,0,0,0,0,0,0,0,0,1,20,nan,1,0.011177861167075979,0.0096106199961356175,0.065198879716170305,0.056381534785032272,0.019994000000000001,0.0013035864010451093,0.065198879716170305,-0.016565300000000002,0.47600001096725464,0.22880001366138458,0.0095171442192792891
639155411946702012,nan,142.19093588392647,0.0036029964160110149,0.00056350946024963378,330,0,0,0,0,0.13767965366768589,4.9364248210924888,2.1092422018341894,0.13818779195458281,4.9328578365599771,2.1098057112944391,-0.0033228545625664965,0.0013929180628519525,0.00056350946024963378,0.44842320290575494,0.34221699884848211,0.075385432657503387,0.010268700154247093,-0.00036012319965144854,0.010275012972096991,0.0022620454464941098,0.030006399999999999,0.013593915843874356,-0.0017473952678647821,-0.0054494893642518805,0.012575810266595155,0.4530338809012196,0.013705762955505048,0.001698535986244476,0.95828945438067115,0.013455565995671244,0.030006399999999999,0.0071295701876383797,0,0.0071295701876383788,0,0.23760165123568239,0.0071295701876383788,0,0.0141072,498,74,0.22424242424242424,0,0,0,0,0,0,0,0,0,1,20,nan,1,0.010267796093332459,0.013455565995671244,0.16173082944635181,0.17502632737159729,0.030006399999999999,0.0048529599606990104,0.16173082944635181,-0.019755200000000001,0.47600001096725464,0.22880001366138458,0.014283046729087829
639155411946901940,nan,136.90717040053033,0.0021848120386610882,0.0024843063304884616,334,0,0,0,0,0.13344143251851143,4.9412913978041555,2.1110927196473579,0.13126754216439518,4.9415095820670132,2.1135770259778464,0.0013053331473790466,0.0017520014322573861,0.0024843063304884616,0.48387772995844569,0.54905505511821884,0.18863364228158638,0.010977147905967526,0.001498259432682939,0.011078924021632729,0.0037713146834073008,0.019992800000000002,0.0096740706795142017,-0.00025542052277561893,-0.004746359436071379,0.008433561244178378,0.4838777299584951,0.0096774419737703076,0.0012870083529188392,1,0.009674070679513213,0.019992800000000002,0.00289687919371584,0,0.00289687919371584,0,0.14489612228981633,0.00289687919371584,0,0.014005999999999999,498,74,0.22155688622754491,0,0,0,0,0,0,0,0,0,1,20,nan,1,0.010979884025770846,0.009674070679513213,0.18392454896886615,0.11973173171281815,0.019992800000000002,0.0036771667226247473,0.18392454896886615,-0.033040899999999998,0.47600001096725464,0.22880001366138458,0.009516573019266129
639155411947201990,nan,150.47220462128649,0.0028436724471289734,0.0044404697735185295,340,0,0,1,2,0.12125633182162077,4.953872977487829,2.1151178493778668,0.12407990953374255,4.9535355135783963,2.1195583191513854,-0.0017508484629772563,-0.0022407593905305104,0.0044404697735185295,0.5285360876613554,0.46692424857329529,0.19934321524875903,0.014010062078441726,-5.7027255837319504e-05,0.014010178141254994,0.0059812931735390151,0.030005,0.015757455849905972,0.0021864272219732838,-0.010011210342774413,0.01236339542081577,0.52516100149661626,0.015908421633170331,0.0015408234000204855,1,0.01585872531027897,0.030005,0.013639241771385535,0,0.013639241771385535,0,0.45456563144094436,0.013639241771385535,0,0.0040077000000000003,498,77,0.22647058823529412,0,0,0,0,0,0,0,0,0,1,20,nan,1,0.014009902610898045,0.01585872531027897,0.14672063227753226,0.14674508571624756,0.030005,0.0044023525714873557,0.14672063227753226,-0.036602099999999999,0.47600001096725464,0.22880001366138458,0.014282380329072475
639155411947401812,nan,84.972924040136732,0.0071118643266495779,0.0040430760572105475,339,0,0,0,0,0.11881891103236727,4.962320097221097,2.1195583191513854,0.11553462181130325,4.9686281919027797,2.1236013952085959,0.0070950715651143838,-0.00048844005422998176,0.0040430760572105475,0.51240872630353085,0.86747831649448992,0.20233388001373961,0.017334125215856196,-0.0005822235512274003,0.017343900405116072,0.0040430760572105475,0.019982199999999999,0.010239053650741813,-9.3783496997418107e-05,-0.0052609985013752775,0.0087845836427007384,0.51240872630350076,0.010239483141598421,0,1,0.010239053650742413,0.019982199999999999,0.0081439168506323156,4.3368086899420177e-19,0.0081439168506323156,0,0.40755856965861198,0.0081439168506323156,0,0.0040888000000000001,498,72,0.21238938053097345,0,0,0,0,0,0,0,0,0,1,20,nan,1,0.017334125215856196,0.010239053650742413,0,0.14674508571624756,0.019982199999999999,0,0,-0.0166199,0.47600001096725464,0.22880001366138458,0.0095115274191498751
639155411947702522,nan,81.997027827999403,0.001946271282836755,0.0012247862081240513,344,0,0,0,0,0.10730008779414021,4.9838444174169902,2.1272915032396305,0.10822651127615288,4.9821327774319553,2.1285162894477545,-0.0019427227505895929,0.00011747434075845954,0.0012247862081240513,0.53279531844535866,0.50980886980041662,0.1634429928887827,0.015330462523768327,-0.00087133731478024161,0.01535520465212996,0.0049148942391585848,0.030071000000000001,0.017273605539469328,-0.00098164201516715531,-0.0082345340171630366,0.015216225514210535,0.57442737319907311,0.017301475930657676,0.0036901080310345331,0.87556106348832441,0.016021688020970381,0.030071000000000001,0.0085241922998076092,4.3368086899420177e-19,0.0085241922998076092,0,0.2834688670083339,0.0085241922998076092,0,0.014071999999999999,498,79,0.22965116279069767,0,0,0,0,0,0,0,0,0,1,20,nan,1,0.015325656205040457,0.016021688020970381,0.35060908526339518,0.22466336190700531,0.030071000000000001,0.010543165802955556,0.35060908526339518,-0.053081200000000002,0.69999998807907104,0.28319999575614929,0.021049699641525747
639155411948002500,nan,88.463787275774806,0.0020286001023756091,0.0047012531811376768,340,0,0,0,0,0.10026901517344176,4.9966740615132386,2.1303130491127669,0.10051722962762309,4.9946607041281492,2.1350143022939045,-0.0018380904284679776,0.00085827848169037614,0.0047012531811376768,0.56564267173041982,0.49035782590897475,0.21661631340131729,0.014709655990052244,-8.9395167025264205e-05,0.014709927628699177,0.0064980128461500364,0.029997800000000002,0.01654928557085323,-0.00094436965834084063,-0.0079574961027111119,0.014541284081283301,0.55168330913777774,0.016576208461443941,0.0017967596650123598,0.82220007975896192,0.016968035738034789,0.029997800000000002,0.014688567222333582,0,0.014688567222333582,0,0.48965481543091766,0.014688567222333582,0,0.0037715000000000001,498,73,0.21470588235294116,0,0,0,0,0,0,0,0,0,1,20,nan,1,0.014709378073870415,0.016968035738034789,0.17113251781438824,0.2566799521446228,0.029997800000000002,0.0051335990428924561,0.17113251781438824,-0.0230834,0.69999998807907104,0.28319999575614929,0.020998459642398357
639155411948201947,nan,85.3928480886605,0.0032081844978939364,0.0045665340273948196,345,0,0,1,2,0.094442142890869663,5.0044903924747182,2.1369240638000324,0.091426484174654959,5.0055850386640621,2.1414905978274272,0.0025413668298601691,0.0019580353440664553,0.0045665340273948196,0.60225644075001428,0.70657682360747776,0.32471260703458521,0.014092462773804061,0.0018398997016541262,0.01421206311353845,0.0064762955335226913,0.019944699999999999,0.011554839956619769,-0.00012298547334532468,-0.0060750867367534295,0.0098296883465689433,0.5793438836693342,0.011555494444191936,0.0019097615061278717,0.79529260595639539,0.012011824033826808,0.019944699999999999,0.0096238170206088824,0,0.0096238170206088824,0,0.48252503274598679,0.0096238170206088824,0,0.0039651,498,75,0.21739130434782608,0,0,0,0,0,0,0,0,0,1,20,nan,1,0.014097429991691265,0.012011824033826808,0.27357951967588867,0.27282443642616272,0.019944699999999999,0.0054564614460796967,0.27357951967588867,-0.036341699999999998,0.69999998807907104,0.28319999575614929,0.013961289762240647
639155411948401838,nan,76.211733029822312,0.0069128009977114336,0.0071988512250475986,343,0,0,0,0,0.083198720913251034,5.01515785061597,2.1414905978274272,0.080465674462624953,5.0215074391642682,2.1486894490524748,0.0068197812093679019,-0.00113022205354199,0.0071988512250475986,0.6043150214105939,0.9665430352467772,0.36013883691850052,0.019320325385851354,0.00062226539123002265,0.019330343691520199,0.0071988512250475986,0.019989099999999999,0.01250054417648345,0.0017524874447720122,-0.0082277632614039253,0.0095728119519078447,0.6253680344029221,0.012622789586786981,0,0.79529260595639539,0.012079713394478503,0.019989099999999999,0.0096743583147587131,8.6736173798840355e-19,0.0096743583147587131,0,0.48398168575667305,0.0096743583147587131,0,0.0039803,498,71,0.20699708454810495,0,0,0,0,0,0,0,0,0,1,20,nan,1,0.019320325385851354,0.012079713394478503,0,0.27282443642616272,0.019989099999999999,0,0,-0.050117500000000002,0.71399998664855957,0.2800000011920929,0.014272217133116721
639155411948701839,nan,112.33801868668453,0.0011763477823447084,0.0010358201618831941,356,0,0,0,0,0.068493862297233393,5.0385370963103551,2.1540521354247182,0.069669582550229009,5.0384986776726484,2.1550879555866014,-0.00067958836960330061,-0.00096018422863908856,0.0010358201618831941,0.64024640551934564,0.67098445339062707,0.21328284019475091,0.02012960070016415,-0.00023866772197374264,0.02013101553895285,0.0063985065341265468,0.030000099999999998,0.020804030155654546,0.00072514710183539666,-0.01197181216539156,0.017029657146086841,0.69346536030395056,0.020816664214918873,0.0053626863722433527,0.83699951569239295,0.01920745619022092,0.030000099999999998,0.01022844852529481,0,0.010228448525294809,0,0.34094714768600143,0.010228448525294809,0,0.0140243,498,81,0.22752808988764045,0,0,0,0,0,0,0,0,0,1,20,nan,1,0.02012718158276687,0.01920745619022092,0.51073033301728976,0.24780029058456421,0.030000099999999998,0.015321961063551992,0.51073033301728976,-0.020117400000000001,0.71399998664855957,0.2800000011920929,0.021420070999455452
639155411948901856,nan,110.89363143914369,0.0071232991055888749,0.0050615053824878417,364,0,0,1,2,0.062289878165339346,5.0501018820410781,2.1571243680789958,0.060103984959288162,5.0568815030510921,2.1621858734614836,0.0068567432422334757,-0.0019304046875639393,0.0050615053824878417,0.69318411986241002,1.0303942684299208,0.3548657301570482,0.020609637038854746,-0.0021614317691831079,0.020722666965575825,0.0070979178748822314,0.020001700000000001,0.013748976916486537,-0.00024499423223339756,-0.0073797043848896626,0.011603204368429765,0.68739041763882758,0.013751159530159894,0.0020364124923943905,0.73977619409561157,0.013864860810251968,0.020001700000000001,0.0041849604868451351,-2.1684043449710089e-19,0.0041849604868451351,0,0.20923023977187613,0.0041849604868451351,0,0.0139644,498,85,0.23351648351648352,0,0,0,0,0,0,0,0,0,1,20,nan,1,0.020603261883514648,0.013864860810251968,0.29089134457777299,0.30613428354263306,0.020001700000000001,0.0058183214068412425,0.29089134457777299,-0.0330453,0.71399998664855957,0.2800000011920929,0.014281213532948495
639155411949202066,nan,74.060797764731191,0.010696663354354777,0.0046690226293746306,350,0,0,0,0,0.049366718855235074,5.0790824127522907,2.1655465171761499,0.050681717522061742,5.0684668870741794,2.1702155398055245,-0.0095295139670802456,0.0048587004916560653,0.0046690226293746306,0.73653463692856391,0.49534850813190229,0.26746831697947765,0.014870857562627838,0.0013630267690173557,0.014933192780548421,0.0080296663440408977,0.030020999999999999,0.024416646047478632,-0.0034636210448267674,-0.010737266104053088,0.02220090970119859,0.81331887836776362,0.024661088275865304,0.0033606437146662667,0.70420036713282264,0.022111506335232418,0.030020999999999999,0.018674321899975862,0,0.018674321899975865,0,0.62204196728875993,0.018674321899975865,0,0.0040933999999999996,499,86,0.24571428571428572,0,1,1,1,1,1,3,0.078796856278713523,0.63037485022970818,0.94878204341883621,20,0.022111506335232418,1,0.01425843240390047,0.022111506335232418,0.31983741996471682,0.3274797797203064,0.030020999999999999,0.0096018391847607631,0.31983741996471682,-0.036536600000000002,0.71399998664855957,0.2800000011920929,0.021434993599176406
639155411949502002,nan,58.46947743920876,0.0090377559289406603,0.0037430181567592591,338,0,0,0,0,0.036668408914708503,5.0867733596776841,2.1726218664357404,0.037751353065826887,5.0778007199213659,2.1763648845924997,-0.0080092849211162564,0.0041871693640790101,0.0037430181567592591,0.76752291637479386,0.50015463047258324,0.20502189757065348,0.015001437924542473,0.0054103253863681602,0.015947249311096912,0.0061493447869751519,0.029993599999999999,0.023020775344579053,0.0012424410819874415,-0.014013308607353239,0.018306472603504709,0.76752291637479508,0.023054278503301481,0.0024063266302158937,1,0.023020775344579015,0.029993599999999999,0.01219025947161434,0,0.01219025947161434,0,0.40642868717374175,0.01219025947161434,0,0.014111,498,76,0.22485207100591717,0,1,1,1,1,2,3,0.16060350894171097,1.2848280715336877,0.89560771918788784,20,0.023020775344579015,1,0.01352649063197656,0.023020775344579015,0.22922286566045882,0.34376266598701477,0.029993599999999999,0.0068752189434735378,0.22922286566045882,-0.040768199999999997,0.72800004482269287,0.2752000093460083,0.021835342144393921
639155411949701873,nan,83.380461045115666,0.0016736283645833851,0.0050933955610044102,336,0,0,1,2,0.025703761844072755,5.0889763256541061,2.1803975780679843,0.027372360793401052,5.0888466743948042,2.1854909736289887,-0.0010616386173497073,-0.0012938142636753768,0.0050933955610044102,0.80282730336661678,0.74997258994380367,0.45659895815246021,0.0149897771524658,0.0022457007235515986,0.015157064056747462,0.0091260890364890379,0.019987100000000001,0.016046189595118499,0.0035437857183599564,-0.012047591221754132,0.011175605732740124,0.80282730336659636,0.01643285178355057,0.0040326934754846278,1,0.016046189595118908,0.019987100000000001,0.00079849203592807783,0,0.00079849203592807783,0,0.03995036978491516,0.00079849203592807783,0,0.018992499999999999,499,66,0.19642857142857142,0,0,0,0,0,0,0,0,0,1,20,nan,1,0.015002465794568161,0.016046189595118908,0.57647089165150966,0.34250414371490479,0.019987100000000001,0.011521981358527889,0.57647089165150966,-0.053378700000000001,0.72800004482269287,0.2752000093460083,0.014550609695875644
639155411949901905,nan,58.804913114164627,0.0054662010692695176,0.0085314865657504235,341,0,0,0,0,0.016263134544918303,5.1009241119232689,2.1854909736289887,0.013210396233584287,5.1054584413039157,2.1940224601947391,0.0054648604421534833,-0.00012105567921107596,0.0085314865657504235,0.84310347658692764,1.0867416108379411,0.42650608731355105,0.0217383097899135,0.001989454074340008,0.02182915573347163,0.0085314865657504235,0.020003199999999999,0.016273449347760018,0.0021105097535510835,-0.011109226248482748,0.012077437528464685,0.81354230061990174,0.016409735070803101,0,0.67915976047515869,0.016864767462863629,0.020003199999999999,0.0050254025825440252,0,0.0050254025825440252,0,0.25122993233802721,0.0050254025825440252,0,0.014042600000000001,498,64,0.18768328445747801,0,0,0,0,0,0,0,0,0,1,20,nan,1,0.0217383097899135,0.016864767462863629,0,0.34250414371490479,0.020003199999999999,0,0,-0.033375500000000002,0.72800004482269287,0.2752000093460083,0.014562330496597289
639155411950201994,nan,59.944833422868314,0.0016985861086675808,0.0036534197585549322,352,0,0,1,2,-0.0067032509352833586,5.1285261023549866,2.2016042067580543,-0.0059688121393672803,5.1300577010046373,2.2052576265166093,0.00080367440069344467,-0.0014964298266970314,0.0036534197585549322,0.9167569319007155,1.0386481005738259,0.37439447370180712,0.03116868698530989,0.0012159618614154474,0.031192396695936063,0.01123516632187016,0.030008900000000002,0.030353690240265463,0.0027062554815203786,-0.019913647168867645,0.023067661051070942,1.0114895994276851,0.030474092766368709,0.007581746563315229,0.43484017252922058,0.027510867093715384,0.030008900000000002,0.023811408775403997,0,0.023811408775403997,0,0.79347822730603246,0.023811408775404001,0,0.0039004,498,65,0.18465909090909091,0,0,0,0,0,0,0,0,0,1,20,nan,1,0.031180028678952608,0.027510867093715384,0.72185695037284814,0.48909589648246765,0.030008900000000002,0.021662133038043763,0.72185695037284814,-0.0033666,0.72800004482269287,0.2752000093460083,0.021846480545079709
639155411950401800,nan,72.841996946135779,0.0043099365427369469,0.0084689700547495583,352,0,0,0,0,-0.018360937656018296,5.1459230743375635,2.2084424631575632,-0.020716560049638236,5.1495323119497325,2.2169114332123128,0.0043023353088111095,-0.00025585912720971975,0.0084689700547495583,0.96608838310056033,1.2225015265951709,0.58325609319557381,0.024426314002287473,0.0003342516258404548,0.024428600858168729,0.011653806695703484,0.019980600000000001,0.020123185645002477,0.00057640724346898035,-0.012392125516651016,0.015865373332926147,1.0071362043683612,0.020131439238503475,0.0031848366409539253,0.4373110830783844,0.019303025547379057,0.019980600000000001,0.015384571065523822,0,0.015384571065523822,0,0.76997542944275055,0.015384571065523822,0,0.0040559999999999997,499,82,0.23295454545454544,0,0,0,0,0,0,0,0,0,1,20,nan,1,0.02442758194742331,0.019303025547379057,0.45541841885972767,0.48761335015296936,0.019980600000000001,0.0090995332598686751,0.45541841885972767,-0.016582300000000001,0.72800004482269287,0.2752000093460083,0.014545877695584297
639155411950701945,nan,64.112383015453972,0.0082197374496240459,0.010111595247069172,350,0,0,1,2,-0.040580013230361964,5.1757494969991447,2.2184519742822681,-0.035946269403416997,5.1689603511112585,2.2285635695293373,-0.0082099695372292447,0.00040060446642521284,0.010111595247069172,0.97718648669016761,0.82232087992136993,0.38821690572971573,0.024681550050399959,0.00046242812627125124,0.024685881646446518,0.011652136317024553,0.0300145,0.032892126992796339,7.4471925468999611e-05,-0.019863453180723727,0.026217185049412173,1.0958745603890232,0.032892211299605942,0.0015405410699553812,0.51640167832374573,0.029329763804762037,0.0300145,0.01555680886810862,0,0.015556808868108618,0,0.51830977921033572,0.01555680886810862,0,0.014094499999999999,499,68,0.19428571428571428,0,0,0,0,0,0,0,0,0,1,20,nan,1,0.024682507977587847,0.029329763804762037,0.14664731760177321,0.44015899300575256,0.0300145,0.0044015459141584223,0.14664731760177321,-0.020712399999999999,0.72800004482269287,0.23680000007152557,0.021850557345330715
639155411951001959,nan,44.357586648007285,0.0058555447504967583,0.0024139262303766174,341,0,0,0,0,-0.052809819476830971,5.1905034276304729,2.2374586382434019,-0.053633759523924955,5.1847061414443454,2.2398725644737785,-0.0040465321490394989,0.0042323730804195315,0.0024139262303766174,1.0608933132644316,0.77575876668444477,0.37694890719903584,0.023273849062806704,0.0043709460964750004,0.023680735207687251,0.011308994944441155,0.030001400000000001,0.027357867880462787,0.00017473415925100579,-0.016863550073413974,0.021543076519214388,0.91188637465127587,0.027358425886575909,0.0088950687140645374,0.38109501202901208,0.031828284648571521,0.030001400000000001,0.027544714672584902,0,0.027544714672584902,0,0.9181143104183439,0.027544714672584902,0,0.0039316000000000004,499,68,0.19941348973607037,0,0,0,0,0,0,0,0,0,1,20,nan,1,0.02332751119840162,0.031828284648571521,0.84710986954557799,0.52134299278259277,0.030001400000000001,0.025414482040184705,0.84710986954557799,-0.023239699999999999,0.72800004482269287,0.23680000007152557,0.021841020544743538
639155411951201911,nan,55.113548896018457,0.011566350567424395,0.010659900203907835,352,0,0,1,2,-0.06694639034537582,5.1971280497365173,2.2435604042202537,-0.071743787053847735,5.2076525663653275,2.2542203044241615,0.011220746331337133,-0.002806299559267133,0.010659900203907835,1.0981700582916452,1.4619516727507664,0.71755921172996895,0.029232016086986126,-2.7372961352464115e-05,0.029232028903051339,0.014347739950383076,0.019995200000000001,0.018000996897949657,0.002737527294362602,-0.013312630821450865,0.012421908292171935,0.90026590871557455,0.018207963779823744,0.003687839746475241,0.38311739762624109,0.021958129949553106,0.019995200000000001,0.017724025472804605,0,0.017724025472804605,0,0.88641401300335099,0.017724025472804605,0,0.0038555999999999998,498,80,0.22727272727272727,0,0,0,0,0,0,0,0,0,1,20,nan,1,0.029231466204829248,0.021958129949553106,0.52696072006926054,0.52012956142425537,0.019995200000000001,0.010536684989928879,0.52696072006926054,-0.0365078,0.72800004482269287,0.23680000007152557,0.01455650649623871
639155411951502011,nan,48.63014391336899,0.0068445843321293188,0.0079980810412738652,351,0,0,0,0,-0.09677150232617858,5.2394482014842749,2.25969774016201,-0.092674569523674352,5.2339651844050206,2.2676958212032838,-0.0068369639830785107,0.0003228903431776336,0.0079980810412738652,1.1491477447103911,1.1202926507455053,0.44903421456588766,0.033619982448872612,-0.00038510133663908347,0.033622187955306887,0.013475516779122287,0.030009999999999998,0.040458612472138965,-0.0006705379925019371,-0.025027715272330844,0.031795635118947452,1.3481710253961667,0.040464168647954539,0.005477435737848424,0.36339809497197473,0.034485923818758833,0.030009999999999998,0.018621594458707591,1.7347234759768071e-18,0.018621594458707591,0,0.62051297763104274,0.018621594458707591,0,0.0138053,498,76,0.21652421652421652,0,0,0,0,0,0,0,0,0,1,20,nan,1,0.033615939840151855,0.034485923818758833,0.52148671755589215,0.53196114301681519,0.030009999999999998,0.015649816393852323,0.52148671755589215,-0.039979000000000001,0.72800004482269287,0.23680000007152557,0.021847281345129012
639155411951701911,nan,48.916837446937855,0.0053391884048906782,0.0093906450383807183,335,0,0,1,2,-0.10675249084669375,5.2516544316341136,2.2710593411102815,-0.11207969136429584,5.2520120172436942,2.2804499861486622,0.003706384283071617,0.0038431300224060555,0.0093906450383807183,1.1435633778626355,1.3153579237088169,0.63802726089936956,0.02629400489493925,0.0032973073471096407,0.02649994205949123,0.012754164945378399,0.019990000000000001,0.02260056799746599,-0.00055826740995345778,-0.014077921323019396,0.017689247229093041,1.1305936967216603,0.022607461960801791,0.0033635199069976807,0.44916192690531409,0.022859831923474086,0.019990000000000001,0.0069915177795767391,0,0.0069915177795767391,0,0.34975076436101743,0.0069915177795767383,0,0.0138762,498,69,0.20597014925373133,0,0,0,0,0,0,0,0,0,1,20,nan,1,0.026309544948215531,0.022859831923474086,0.48074321546454379,0.48050284385681152,0.019990000000000001,0.0096100568771362305,0.48074321546454379,-0.0541909,0.65799999237060547,0.16319999098777771,0.013153419847488404
639155411951901903,nan,42.032251966851447,0.005847942998765147,0.0074976563280424458,333,0,0,0,0,-0.13074108027478135,5.2691908716761695,2.284118831816107,-0.13374243311244624,5.2641718759140028,2.2916164881441494,-0.0018313895906597816,0.0055537779469501027,0.0074976563280424458,1.1639259426952373,1.1670033747558546,0.55834743367170625,0.023339133892417291,0.0085100747400218349,0.024842233050370876,0.011166501995487188,0.019999200000000002,0.025190887065893688,0.0029630532418368476,-0.018661388910485507,0.017178854432475354,1.2595947370841676,0.025364551556859221,0.0036688456674447423,0.37646094957987464,0.023277587713150593,0.019999200000000002,0.0013158182782166961,1.0842021724855044e-19,0.0013158182782166961,0,0.065793545652660906,0.0013158182782166961,0,0.018868699999999999,499,53,0.15915915915915915,0,0,0,0,0,0,0,0,0,1,20,nan,1,0.023383416195504617,0.023277587713150593,0.52414177530594364,0.5241234302520752,0.019999200000000002,0.010482416192698629,0.52414177530594364,-0.034191699999999998,0.65799999237060547,0.16319999098777771,0.013159473447418213
639155411952202627,nan,46.362214826190083,0.01122719706614248,0.0052414430059957162,320,0,0,1,2,-0.1668566945595483,5.2830715698628348,2.297338268384685,-0.15673064183759955,5.2782225482878866,2.3025797113906807,-0.010351150704063995,-0.0043478308458073395,0.0052414430059957162,1.2505503479991396,0.85553583195898897,0.36456096774887664,0.0257280157530035,0.007996770595849292,0.026942144208459654,0.010963223246531317,0.030072399999999999,0.036054119818682506,0.012403756956931635,-0.033114261447102056,0.018899693948831953,1.1989106229859441,0.038128109611499816,0.0057217802405356019,0.36210189263025916,0.037607050285169322,0.030072399999999999,0.032685117070686331,-3.4694469519536142e-18,0.032685117070686331,0,1.0868808964594223,0.032685117070686331,0,0.0038474999999999998,498,45,0.140625,0,1,1,1,1,1,3,0.037908032685054813,0.3032642614804385,0.97535977875471436,20,0.037607050285169322,1,0.025327008695639433,0.037607050285169322,0.5436195163800569,0.53273886442184448,0.030072399999999999,0.016347943544387622,0.5436195163800569,-0.036680699999999997,0.65799999237060547,0.16319999098777771,0.019787638970565794
639155411952503531,nan,39.21711806398995,0.011487133039319032,0.0087822606505958412,308,0,0,0,0,-0.18191040309154516,5.2947064270973119,2.3088283282052942,-0.17718489502619389,5.3051765655389618,2.31761058885589,0.0045662677181950058,-0.010540560923821137,0.0087822606505958412,1.2779667662098164,1.1206509962778572,0.4995240164706769,0.033720836738399235,-0.0027929713812718544,0.033836304755016894,0.015030877465209256,0.0300904,0.029088794667746887,0.0077188510924346733,-0.025179761253945609,0.016483878809425256,0.96671345903500405,0.03009549197819367,0.0062486168146134178,0.25815606117248535,0.038454531181959857,0.0300904,0.020368745506559094,0,0.020368745506559094,0,0.67691840276497139,0.020368745506559094,0,0.014152,498,51,0.16558441558441558,0,0,0,0,0,0,0,0,0,1,20,nan,1,0.033694561845437218,0.038454531181959857,0.59331849689254634,0.59510636329650879,0.0300904,0.017853190898895477,0.59331849689254634,-0.039715599999999997,0.65799999237060547,0.16319999098777771,0.019799482970428467
639155411952702637,nan,44.920142257133577,0.017367006777026666,0.016409696988402448,326,0,0,1,2,-0.19138308755268257,5.3237289090506952,2.31761058885589,-0.20061339720896265,5.3384399358008059,2.3340202858442924,0.017065974545165258,-0.003219539907667191,0.016409696988402448,1.3092287155086535,2.0253347166953057,0.82416888433309132,0.040325629410233557,-0.0054027889439660914,0.040685949856240744,0.016409696988402448,0.019910600000000001,0.023259654865068303,-0.0021832490362989013,-0.014198192526488684,0.018552343511733405,1.1682046178954075,0.023361894631998399,0,0.25815606117248535,0.026067529263006598,0.019910600000000001,0.001538212817851381,0,0.001538212817851381,0,0.077255975101271732,0.001538212817851381,0,0.018735700000000001,499,65,0.19938650306748465,0,0,0,0,0,0,0,0,0,1,20,nan,1,0.040325629410233557,0.026067529263006598,0,0.59510636329650879,0.019910600000000001,0,0,-0.019805,0.65799999237060547,0.16319999098777771,0.013101174648094177
639155411953001907,nan,42.022685531095988,0.022167228267811402,0.0055757799083369086,318,0,0,0,0,-0.23341262253655215,5.3859120759561145,2.3432271679634713,-0.22974017573060676,5.3640511715023926,2.3488029478718082,-0.018220058286569009,0.012625984520475413,0.0055757799083369086,1.3211590332677658,1.2911747988830069,0.49395736383585959,0.038640988206171747,0.0033434490667028707,0.038785366070351067,0.014782662027515769,0.029926999999999999,0.056976518580113822,-0.0091142527672432375,-0.032799225327589498,0.047472140155308651,1.9038499876403858,0.057700894906537251,0.0092068821191788608,0.16745557387669885,0.039538326388604425,0.029926999999999999,0.034643832755248738,3.4694469519536142e-18,0.034643832755248738,0,1.1576112792878919,0.034643832755248738,0,0.0037544000000000002,498,64,0.20125786163522014,0,0,0,0,0,0,0,0,0,1,20,nan,1,0.038681620016848675,0.039538326388604425,0.87898477907467909,0.64952665567398071,0.029926999999999999,0.02630537748336792,0.87898477907467909,-0.024171600000000001,0.58799999952316284,0.079999998211860657,0.017597075985729693
639155411953201821,nan,32.639020374033542,0.0060596938805582085,0.0085788819718786158,315,0,0,1,2,-0.24940136617621028,5.3813670034462087,2.3551544421184025,-0.25403754340372325,5.3774649846557407,2.3637333240902811,0.00051284892646338062,0.006037952956482847,0.0085788819718786158,1.3529063856012964,1.3309833066286558,0.74683995210305076,0.026608219676136108,0.0078927248033885226,0.027754143098923826,0.014930376218472929,0.019991399999999999,0.026133730859795475,0.0018516363013681911,-0.019661190445603521,0.017315831943816029,1.3072486599135367,0.026199245135018125,0.0063514942465943136,0.24183303117752075,0.027046492717109755,0.019991399999999999,0.02209390831133895,0,0.02209390831133895,0,1.1051706389416924,0.02209390831133895,0,0.0036606999999999998,498,44,0.13968253968253969,0,0,0,0,0,0,0,0,0,1,20,nan,1,0.026678738517012343,0.027046492717109755,0.90774665200241533,0.60490018129348755,0.019991399999999999,0.018147126418841086,0.90774665200241533,-0.036478299999999998,0.58799999952316284,0.079999998211860657,0.011754943190467358
639155411953401865,nan,28.570522825055111,0.0085416149528071885,0.015434228905960358,302,0,0,0,0,-0.27852334104383419,5.3910575669934406,2.3637333240902811,-0.2835498389739099,5.3979636153976269,2.3791675529962415,0.0084273253213561043,-0.0013926140635688025,0.015434228905960358,1.3868181074997739,1.7701160472127264,0.77154170612267103,0.035410109454862261,0.0061068486561346256,0.035932846423770259,0.015434228905960358,0.020004399999999999,0.02698278413350616,0.0074994627197034289,-0.02448579764011094,0.013592582337699888,1.3488424613338146,0.028005581241595637,0,0.24183303117752075,0.027742464149668473,0.020004399999999999,0.022487255613110154,0,0.022487255613110158,0,1.1241154752509526,0.022487255613110158,0,0.0037894000000000001,498,41,0.13576158940397351,0,0,0,0,0,0,0,0,0,1,20,nan,1,0.035410109454862261,0.027742464149668473,0,0.60490018129348755,0.020004399999999999,0,0,-0.049957599999999998,0.58799999952316284,0.079999998211860657,0.011762587190461159
639155411953701953,nan,37.833700697457822,0.016892173365750947,0.0047779430751724306,306,0,0,1,2,-0.32483121339430648,5.4258578322972788,2.3883203408743028,-0.30964622848437495,5.4184577137641918,2.3930982839494752,-0.016138653159068848,-0.0049889272624345539,0.0047779430751724306,1.3700850018089394,1.1005689928312721,0.46422152679326456,0.033026754792075078,0.0032036044144829797,0.033181766278188828,0.013930730953233716,0.030008799999999999,0.049119070004501511,0.0083400343149580454,-0.041281374420396588,0.02789421689965188,1.6368221989716853,0.049822075533660762,0.0091527878780612859,0.34062723318735755,0.041114606802284098,0.030008799999999999,0.022411439434089964,-1.7347234759768071e-18,0.022411439434089964,0,0.7468289113223443,0.022411439434089964,0,0.013651099999999999,498,37,0.12091503267973856,0,0,0,0,0,0,0,0,0,1,20,nan,1,0.033065818851591683,0.041114606802284098,0.87143846167611971,0.54562366008758545,0.030008799999999999,0.026150822508746341,0.87143846167611971,-0.053989299999999997,0.57400000095367432,0.059200000017881393,0.017225051228618622
639155411954001985,nan,36.738196755685955,0.0062310176475440879,0.0087741951375273075,315,0,0,0,0,-0.33829513448757137,5.44132325766296,2.3966314935713817,-0.33294003745498951,5.4381375839986248,2.405405688708909,-0.0060963140409525298,-0.0012886178790048261,0.0087741951375273075,1.3920827789697898,1.015244191049782,0.41020307032029307,0.03046057451290482,0.0014325603468535886,0.030494242551727758,0.012307404759433817,0.030003200000000001,0.036552297554398483,0.0027427096932034732,-0.028648906003196417,0.022865543898768159,1.2182799686166303,0.036655053034560972,0.0035332096219065079,0.40875961383183801,0.0417669380339864,0.030003200000000001,0.036337975280789081,-3.4694469519536142e-18,0.036337975280789081,0,1.2111366547831257,0.036337975280789081,0,0.0037805,498,40,0.12698412698412698,0,0,0,0,0,0,0,0,0,1,20,nan,1,0.030467417231679873,0.0417669380339864,0.33646026537229651,0.50474423170089722,0.030003200000000001,0.010094884634018086,0.33646026537229651,-0.0565646,0.57400000095367432,0.059200000017881393,0.017221836828613283
639155411954201825,nan,39.730236935616844,0.0065576022173220823,0.011134357509405834,303,0,0,1,2,-0.35089026368598153,5.4534520989511961,2.405405688708909,-0.35684811066602579,5.4561918445968729,2.4165400462183149,0.0062546181384477637,0.0019702534818717399,0.011134357509405834,1.4180343807857274,1.4931718132539489,0.5571636063553761,0.029839545516066913,0.0026746614380693777,0.02995917706502841,0.011134357509405834,0.019983999999999998,0.02358492737761915,0.00070440795619763907,-0.017950226230992017,0.015314514952571301,1.180190521297996,0.023595444263169191,0,0.40875961383183801,0.028337999065621976,0.019983999999999998,0.022969746310280925,0,0.022969746310280925,0,1.1494068409868359,0.022969746310280925,0,0.0037856999999999999,498,31,0.10231023102310231,0,0,0,0,0,0,0,0,0,1,20,nan,1,0.029839545516066913,0.028337999065621976,0,0.50474423170089722,0.019983999999999998,0,0,-0.069787000000000002,0.57400000095367432,0.059200000017881393,0.011470816019058227
639155411954501848,nan,32.810964421653651,0.0039729517162102237,0.0043623928523870426,301,0,0,0,0,-0.39134305794012292,5.4820577466316607,2.4242307612472946,-0.38802888384804729,5.4842487727444107,2.4285931540996817,-0.0010569930377623354,-0.0038297664494665613,0.0043623928523870426,1.4093956351303925,1.3980378548150743,0.40173946268675476,0.041944351131518301,-0.00032131209231717889,0.041945581809110365,0.012053107881366822,0.030002299999999999,0.042971859558357819,0.0035164700500290372,-0.034494947274097132,0.02586590203478778,1.4322855100561565,0.04311549924929526,0.0076907150289797777,0.73125690221786499,0.042285110663872576,0.030002299999999999,0.02262516907031209,1.7347234759768071e-18,0.02262516907031209,0,0.7541144868997407,0.02262516907031209,0,0.0139492,498,30,0.099667774086378738,0,0,0,0,0,0,0,0,0,1,20,nan,1,0.041938289539977205,0.042285110663872576,0.73239290025664594,0.31124585866928101,0.030002299999999999,0.021973471511369969,0.73239290025664594,-0.074176400000000003,0.58799999952316284,0.0544000044465065,0.017641352385693788
639155411954702494,nan,43.609643982598179,0.012154668288309994,0.0059652253741813155,323,0,0,1,2,-0.40902028557650066,5.5031322897749915,2.4310927934617785,-0.41918318162181795,5.5097994859751136,2.4370580188359598,0.012052271079586157,0.0015743960820008692,0.0059652253741813155,1.4117604987222021,2.0074198597786377,0.42188056259672085,0.04027807651851445,0.0010515552021088913,0.040291800857921299,0.0084648647362781642,0.020064599999999998,0.028229778509710219,-0.0005529622611468079,-0.020991401728453374,0.018883517030580776,1.4069444947674123,0.028235193676855657,0.0024996393620968504,0.65484777092933655,0.028326409702661495,0.020064599999999998,0.0087896208650439789,0,0.0087896208650439789,0,0.43806608978220246,0.0087896208650439789,0,0.0138386,499,38,0.11764705882352941,0,0,0,0,0,0,0,0,0,1,20,nan,1,0.040281574721960089,0.028326409702661495,0.35594164592605337,0.35709133744239807,0.020064599999999998,0.0071418267488478904,0.35594164592605337,-0.086292900000000006,0.58799999952316284,0.0544000044465065,0.011797984790432453
639155411955001924,nan,42.303490894419937,0.014833526984403416,0.0059043942077918743,325,0,0,0,0,-0.45743197202958513,5.5409218585779412,2.4396545337464195,-0.44687255249392388,5.5305039805854266,2.4455589279542114,-0.01478990184162968,0.0011368053096213809,0.0059043942077918743,1.4387280567509313,1.1524151227047899,0.28390305307589486,0.034506766019149523,0.0021588087597504864,0.034574229656805192,0.0085009091182515206,0.029943000000000001,0.049299569733483928,0.0010604094397404194,-0.038248790407767186,0.031122372602827575,1.6464472408737911,0.049310972856825036,0.0025965149104596463,0.63178216417630506,0.043079834203293137,0.029943000000000001,0.037169454073930019,-3.4694469519536142e-18,0.037169454073930019,0,1.2413403491276764,0.037169454073930019,0,0.0040480999999999998,499,36,0.11076923076923077,0,0,0,0,0,0,0,0,0,1,20,nan,1,0.034514536296953939,0.043079834203293137,0.2477578742906254,0.37093070149421692,0.029943000000000001,0.0074186140298841963,0.2477578742906254,-0.056349900000000001,0.58799999952316284,0.0544000044465065,0.017606483985722066
639155411955201836,nan,44.029343339881677,0.0075824458462494379,0.010655247655927624,312,0,0,1,2,-0.46780486958462952,5.5463706539327768,2.4455589279542114,-0.47386160855989873,5.5509323858403707,2.456214175610139,0.0075727757979517328,0.00038282074821232399,0.010655247655927624,1.4053264026516825,1.6912157655280813,0.5329969014330117,0.03380943261182498,0.0016282367945201458,0.033848617233094826,0.010655247655927624,0.019991200000000001,0.026236656813873247,0.0012454160463078214,-0.020932317090705643,0.015866673347350257,1.3124103012262018,0.026266199228235566,0,0.63178216417630506,0.028094161180690316,0.019991200000000001,0.022798188632298096,0,0.0227981886322981,0,1.140411212548426,0.022798188632298096,0,0.0037685000000000001,499,31,0.099358974358974353,0,0,0,0,0,0,0,0,0,1,20,nan,1,0.03380943261182498,0.028094161180690316,0,0.37093070149421692,0.019991200000000001,0,0,-0.036358700000000001,0.58799999952316284,0.0544000044465065,0.011754825590467453
639155411955501925,nan,32.93143312332495,0.0091739398814379928,0.002138349049796151,343,0,0,0,0,-0.50940760270326524,5.5775362296035027,2.4620725680284385,-0.50183969704347964,5.5723508678154667,2.4642109170782347,-0.0091454639753331627,-0.00072226146520623473,0.002138349049796151,1.4086960785117195,1.1735597083229683,0.26647899350178461,0.035217235931093126,0.0011274301248050365,0.035235277852070285,0.0079967414680957045,0.030008900000000002,0.044358311700341845,0.0019032566061089988,-0.035545994143366511,0.026603843763131962,1.4781718656912397,0.04439912389466015,0.0058583924182995517,0.75475513935089111,0.04227341975045034,0.030008900000000002,0.023121773954260405,0,0.023121773954260405,0,0.77049721763411538,0.023121773954260405,0,0.013595299999999999,498,19,0.055393586005830907,0,0,0,0,0,0,0,0,0,1,20,nan,1,0.035225438090358295,0.04227341975045034,0.55777666133326231,0.29714691638946533,0.030008900000000002,0.016738264052283736,0.55777666133326231,-0.0063498000000000001,0.58799999952316284,0.0544000044465065,0.017645233185690643
639155411955701771,nan,35.051859189967786,0.0047908405291838749,0.00554619713617166,344,0,0,0,0,-0.52369801168204966,5.5892095473525139,2.4662323279756881,-0.52594587431707651,5.5934402998328796,2.4717785251118598,0.0043993915756552777,-0.0018967094506339673,0.00554619713617166,1.4250958011794141,1.6013247785990552,0.3786719791051662,0.03200183517039068,-0.0013245645663022658,0.03202923548202731,0.0075676080336251053,0.019984600000000002,0.027598618556371961,0.00056324803724193927,-0.02185831463857002,0.016858679537047117,1.3809942934245347,0.027604365498442009,0.0020214108974534462,0.82448780536651611,0.028479969548250123,0.019984600000000002,0.0089166819183992291,0,0.0089166819183992274,0,0.44617765271255011,0.0089166819183992274,0,0.013727700000000001,499,12,0.034883720930232558,1,0,0,0,0,0,0,0,0,1,20,nan,1,0.031997876759767438,0.028479969548250123,0.28899551189464162,0.25530731678009033,0.019984600000000002,0.0057754597070096558,0.28899551189464162,-0.019884700000000002,0.58799999952316284,0.0544000044465065,0.011750944790470601
639155411956001828,nan,37.322128170175247,0.010800200026571095,0.0048007811859678284,339,0,0,1,2,-0.55838373687515541,5.6221301562772359,2.4745889946372013,-0.55364801504269423,5.6124235987340336,2.4793897758231691,-0.0097255687903250974,0.0046965553673517704,0.0048007811859678284,1.4064674800378014,1.1165322562225897,0.25366016161293697,0.033502331920538156,0.0023168931435380343,0.033582350095734563,0.0076112507113093031,0.0300057,0.043241061809381434,-0.0023523102966749483,-0.0324378625580789,0.028689856444356288,1.4410949189447817,0.043304997288241331,0.0028104695253414747,0.83145638306935621,0.042202041265770256,0.0300057,0.036882191399686626,0,0.036882191399686626,0,1.2291728371504955,0.036882191399686626,0,0.0038306,499,13,0.038348082595870206,1,0,0,0,0,0,0,0,0,1,20,nan,1,0.033511364094305642,0.042202041265770256,0.26761291786384367,0.25112617015838623,0.0300057,0.0080299129295471339,0.26761291786384367,-0.023215300000000001,0.58799999952316284,0.0544000044465065,0.017643351585692166
639155411956201881,nan,38.936602770338901,0.0067463360704506639,0.0053811394688705327,343,0,0,0,0,-0.57620114223221519,5.6282638589992748,2.4811050827310615,-0.58220525961427017,5.6313401595109234,2.486486222199932,0.0066287270487784562,0.0012542041653002822,0.0053811394688705327,1.4246422184868601,1.7071641175297279,0.35472831583444775,0.034152330320417465,0.0026402315867478307,0.034254233156597841,0.0070964463767628772,0.0200053,0.027525764367428464,0.0013746589708340876,-0.022553127189520961,0.015840260265241213,1.3759235986177896,0.027560068782521013,0.0017153069078923444,0.84159359335899353,0.028500394973495182,0.0200053,0.022979051591527799,-1.7347234759768071e-18,0.022979051591527799,0,1.1486481878066213,0.022979051591527799,0,0.0038755999999999999,499,11,0.032069970845481049,1,0,0,0,0,0,0,0,0,1,20,nan,1,0.034158697502593975,0.028500394973495182,0.24497892456959383,0.24504384398460388,0.0200053,0.0049008768796920954,0.24497892456959383,-0.037329800000000003,0.68599998950958252,0,0.013723635590136051
639155411956502416,nan,37.841400803606014,0.0056514081683533427,0.003755366234302393,336,0,0,0,0,-0.61995693565555998,5.6558019657793714,2.489323686070577,-0.61455522702371368,5.6574632779541201,2.4930790523048794,-0.0032843825544802904,-0.0045990483277691709,0.003755366234302393,1.4388663268720978,1.3831440935982571,0.21936979403222182,0.04156832101695522,-0.0010061791195906909,0.041580496733316465,0.0065928301049473781,0.0300535,0.044839640733873434,0.0036021699985895918,-0.037751676041289817,0.024461806268448072,1.4919939685518637,0.044984097299396605,0.0028374638706449846,0.80263987183570862,0.04324296915465059,0.0300535,0.023473233596693177,0,0.023473233596693177,0,0.78104825050969695,0.023473233596693174,0,0.0137398,498,9,0.026785714285714284,1,0,0,0,0,0,0,0,0,1,20,nan,1,0.041563900956575972,0.04324296915465059,0.26975359377154201,0.26841607689857483,0.0300535,0.0081070396304130377,0.26975359377154201,-0.039747999999999999,0.68599998950958252,0,0.020616700684726239
639155411956702413,nan,42.839668110482322,0.0025041873875398775,0.0064103093568466107,333,0,0,1,2,-0.63658042468762011,5.675224287399435,2.4930790523048794,-0.63908124545950451,5.6750944800852139,2.499489361661726,0.0019147063740407987,0.00161395600098681,0.0064103093568466107,1.4217617649338621,1.5098274365461311,0.32052027564646524,0.030196095782691654,0.00076201599901188147,0.030205709210350266,0.0064103093568466107,0.019999699999999999,0.02828138940865086,-0.00085194000197492958,-0.022025197663906426,0.01776100944531489,1.4140906817927701,0.028294218290150972,0,0.80263987183570862,0.02843480877014776,0.019999699999999999,0.0088407990067116433,0,0.0088407990067116415,0,0.44204658103429773,0.0088407990067116433,0,0.0137815,498,9,0.027027027027027029,1,0,0,0,0,0,0,0,0,1,20,nan,1,0.030196095782691654,0.02843480877014776,0,0.26841607689857483,0.019999699999999999,0,0,-0.0197483,0.68599998950958252,0,0.013719793990194797
639155411957001928,nan,34.299833438359933,0.011311941066369685,0.0048255739068188142,321,0,0,0,0,-0.67448424225023773,5.7005064895027653,2.5044523404792525,-0.66566591072392522,5.6934215025739796,2.5092779143860713,-0.011303030723032775,0.00044889549251256409,0.0048255739068188142,1.4423380829595149,1.0772654532581083,0.32681343920489159,0.03226571622326023,0.0012440808354215217,0.032289691552026663,0.0097885527243453101,0.029951499999999999,0.043570835592881572,0.00085128734307042542,-0.035402996790733221,0.025412009417551396,1.4547129724014347,0.043579151028931111,0.0049629788175264977,0.76537122329076124,0.043200189091761911,0.029951499999999999,0.037386073766779937,-3.4694469519536142e-18,0.037386073766779937,0,1.2482204152306209,0.037386073766779937,0,0.0039357999999999997,499,6,0.018691588785046728,1,0,0,0,0,0,0,0,0,1,20,nan,1,0.032273725687033988,0.043200189091761911,0.473430027833254,0.29077726602554321,0.029951499999999999,0.014179939478647707,0.473430027833254,-0.023251500000000001,0.68599998950958252,0,0.02054672868579626
639155411957201822,nan,38.873216903046185,0.0070288563251233388,0.0058633700590307036,335,0,0,0,0,-0.68842577848375031,5.7093289436750023,2.5110054563244955,-0.6944705827066201,5.7129157477045531,2.5168688263835262,0.0069971243514029063,0.00066713720495174865,0.0058633700590307036,1.4535739547343292,1.7387708806862157,0.37974686571157085,0.034756986642389041,0.0012986919505125344,0.034781240938781016,0.0075909119974548744,0.019989400000000001,0.027761025239023494,0.00061946792131012569,-0.022759867759825081,0.015907441101022712,1.3887873192303668,0.027767935876244598,0.0017275419384241708,0.82767382264137268,0.0290560712107664,0.019989400000000001,0.023382190635856226,-1.7347234759768071e-18,0.023382190635856226,0,1.1697294884216747,0.023382190635856226,0,0.0039034,499,8,0.023880597014925373,1,0,0,0,0,0,0,0,0,1,20,nan,1,0.034760085857498041,0.0290560712107664,0.24692257445361815,0.25339570641517639,0.019989400000000001,0.0049358341097831548,0.24692257445361815,-0.037561700000000003,0.67199999094009399,0,0.013432876618897915
639155411957502030,nan,46.193270111251195,0.014663614949796044,0.0031050662134881613,324,0,0,1,2,-0.73127247022710917,5.7375362675230521,2.5194932142512751,-0.7204423790718093,5.7276503821826399,2.5225982804647633,-0.014562073596188503,0.0017226769793178501,0.0031050662134881613,1.4405174022847271,0.98878973882251553,0.19084948040149333,0.029684258991242975,0.0032385842243932358,0.029860402871322387,0.0057294540812371508,0.0300208,0.044250803407337322,0.0015541296628710476,-0.036801887520489074,0.024620519818498998,1.4740048035807614,0.044278086241433597,0.0026243878677489896,0.88788822293281555,0.043245484830509336,0.0300208,0.022967465410286717,1.7347234759768071e-18,0.022967465410286714,0,0.76505174446672697,0.022967465410286717,0,0.0140769,499,6,0.018518518518518517,1,1,1,1,1,1,3,0.035480948550314285,0.28384758840251428,0.97693738344229575,20,0.043245484830509336,1,0.029197765805743243,0.043245484830509336,0.24976852884369807,0.21726706624031067,0.0300208,0.0074982510507108913,0.24976852884369807,-0.039804399999999997,0.67199999094009399,0,0.020173977328014375
639155411957701882,nan,38.57839368187264,0.011104121053899374,0.0067570352147581225,320,0,0,0,0,-0.74430996840873753,5.7421454153310574,2.5225982804647633,-0.75108878434924198,5.7509402523860809,2.5293553156795214,0.010623999130755587,-0.003229883411108807,0.0067570352147581225,1.4445334008408484,1.9250999790228984,0.33810195618548333,0.038473508100768432,-0.0011871751942687039,0.03849182004688504,0.0067570352147581225,0.019985200000000002,0.027849508970012843,0.0020427082168401039,-0.02386758933692823,0.014495033148417491,1.3935066434167704,0.027924322851771571,0,0.88788822293281555,0.028869288922484526,0.019985200000000002,0.0088061645182060388,0,0.0088061645182060388,0,0.44063429528881565,0.0088061645182060388,0,0.013889,498,4,0.012500000000000001,1,0,0,0,0,0,0,0,0,1,20,nan,1,0.038473508100768432,0.028869288922484526,0,0.21726706624031067,0.019985200000000002,0,0,-0.019819199999999999,0.67199999094009399,0,0.013430054218935967
639155411958001870,nan,38.435812241079709,0.011700640725256688,0.0024184067129189302,312,0,0,0,0,-0.78777117966580357,5.7793549304885188,2.5328203479760836,-0.77951301361406422,5.7710659204846984,2.5352387546890025,-0.011514751840730024,0.002077374166571804,0.0024184067129189302,1.5025100115253347,1.1609661766531183,0.19612247854851103,0.034827592140181565,-0.00013472725058530713,0.034827852729028337,0.0058834390094810729,0.029998799999999999,0.046349473009516598,-0.0021721900390520681,-0.036682395316561589,0.028414678102437918,1.54504423541997,0.046400345449421655,0.0034650322965621427,0.88644402722517646,0.045073497333746208,0.029998799999999999,0.038496574916026205,0,0.038496574916026205,0,1.2832704946873277,0.038496574916026205,0,0.0042556,499,3,0.0096153846153846159,1,0,0,0,0,0,0,0,0,1,20,nan,1,0.034826498548177647,0.045073497333746208,0.33001627651413656,0.2181335836648941,0.029998799999999999,0.0099000922758922805,0.33001627651413656,-0.023041200000000001,0.67199999094009399,0,0.020159193328213691
639155411958201832,nan,44.067044092462687,0.0052731103242899813,0.0041236065733172289,317,0,0,1,2,-0.80370206321159887,5.7881166570437879,2.5367298372025018,-0.80834130826533601,5.7906232678678906,2.540853443775819,0.0052415330613873488,0.00057621494124758315,0.0041236065733172289,1.518503358634762,1.7420488912085277,0.28078780402358972,0.034834358038383959,0.00035764398649767298,0.034836193953521999,0.0056146890868165045,0.019996199999999999,0.029593689987521214,-0.00022638586958856864,-0.024189049597534651,0.017050736559089508,1.4799656928577036,0.029594555878395316,0.0014910825134992756,0.8922275652488072,0.030364296859932426,0.019996199999999999,0.024195680666150743,0,0.024195680666150743,0,1.2100139359553688,0.024195680666150743,0,0.0040622999999999996,499,3,0.0094637223974763408,1,0,0,0,0,0,0,0,0,1,20,nan,1,0.034835040832940922,0.030364296859932426,0.21305226757360851,0.21466346085071564,0.019996199999999999,0.0042602357528553902,0.21305226757360851,-0.037377500000000001,0.61599999666213989,-0.063999995589256287,0.012317659133255481
639155411958501961,nan,43.087426052689224,0.0039962626606233871,0.001682715440189497,338,0,0,0,0,-0.84705603120298778,5.8168566110256084,2.5435884522409276,-0.84412118267391578,5.8195689493828375,2.5452711676811171,-0.00089850688938455459,-0.0038939440959547948,0.001682715440189497,1.5088880863880645,1.5285786722357788,0.14719417001682752,0.045877078831945202,-0.0036531532825720033,0.046022297759439189,0.0044177239052980424,0.030012899999999999,0.046764932404006546,0.00024323367039745872,-0.038714722937651769,0.026233343157717748,1.5581610708730762,0.046765564952962094,0.0027350084651085464,0.78873991966247559,0.045286107247956335,0.030012899999999999,0.02384556198442489,1.7347234759768071e-18,0.02384556198442489,0,0.79451042666403082,0.02384556198442489,0,0.0142095,499,2,0.0059171597633136093,1,0,0,0,0,0,0,0,0,1,20,nan,1,0.045862455256248186,0.045286107247956335,0.26036503970994179,0.27675604820251465,0.030012899999999999,0.0078143099003105121,0.26036503970994179,-0.0399698,0.61599999666213989,-0.063999995589256287,0.018487946299821138
639155411958701747,nan,46.132920319219515,0.0039144646448416752,0.0073968074557111407,330,0,0,0,0,-0.86772912847431782,5.8386949123204461,2.5452711676811171,-0.871620341335273,5.838268888933233,2.5526679751368282,0.0029803611741781528,0.0025378102228430879,0.0073968074557111407,1.5119548683231951,1.6645277431234664,0.37023652586823608,0.033254933968766484,-2.8861807368437548e-05,0.033254946493280417,0.0073968074557111407,0.019978599999999999,0.030274572794588332,-0.0025666720302115233,-0.023607945800402041,0.019125962937608598,1.5153500642982158,0.030383178951609031,0,0.78873991966247559,0.030206741532281787,0.019978599999999999,0.0091668311711572414,0,0.0091668311711572414,0,0.45883250934285896,0.0091668311711572414,0,0.0139157,498,0,0,1,0,0,0,0,0,0,0,0,1,20,nan,1,0.033254933968766484,0.030206741532281787,0,0.27675604820251465,0.019978599999999999,0,0,-0.019991200000000001,0.61599999666213989,-0.063999995589256287,0.012306817533314227
639155411959001855,nan,49.832741654185298,0.009464793181925021,0.0034993800670939379,339,0,0,1,2,-0.90972248359013652,5.8642175840039412,2.5558491212258159,-0.90216049779515939,5.8585256000955681,2.5593485012929098,-0.0094480499664325469,0.00056272711717875873,0.0034993800670939379,1.5378058508289274,1.2211354887068517,0.2226040677383346,0.036647252924483585,0.00011981985453238253,0.036647448802182819,0.006680526156081612,0.030010800000000001,0.046097045199434736,-0.00041284883882963461,-0.038102142254863525,0.025948695070708183,1.5360152078396689,0.046098893916041536,0.0031811460889876746,1,0.046150783828056777,0.030010800000000001,0.03997073425090214,0,0.03997073425090214,0,1.3318783321638257,0.03997073425090214,0,0.0039838,499,0,0,1,0,0,0,0,0,0,0,0,1,20,nan,1,0.036647419016516948,0.046150783828056777,0.30285726557368942,0.11309394985437393,0.030010800000000001,0.0090889888256788787,0.30285726557368942,-0.023238399999999999,0.61599999666213989,-0.063999995589256287,0.01848665269982815
639155411959201801,nan,36.486357753299032,0.0054757382912437877,0.0036798340062560442,307,0,0,0,0,-0.92739339536318866,5.8752381640259781,2.5605932072679654,-0.93236618070149146,5.8775305679636283,2.5642730412742214,0.0054150314794537118,0.00081310756405212595,0.0036798340062560442,1.5382182745242869,1.784458791947537,0.24629349831012337,0.035679539761474227,0.00073656358399054947,0.03568714171104042,0.0049245399813115931,0.019994600000000001,0.030265524556337062,-8.3283470487928099e-05,-0.025232897568029267,0.016712563930409985,1.5136849227459943,0.030265639144196149,0.0012447059750555489,0.9226280699173609,0.030756059111803308,0.019994600000000001,0.025008352707216019,1.7347234759768071e-18,0.025008352707216019,0,1.2507553393024124,0.025008352707216023,0,0.0037366000000000001,498,0,0,1,0,0,0,0,0,0,0,0,1,20,nan,1,0.035680793076178163,0.030756059111803308,0.17786316234750268,0.19642315804958344,0.019994600000000001,0.0035563027858733776,0.17786316234750268,-0.0373741,0.58799999952316284,-0.18240000307559967,0.011756824790465832
639155411959501945,nan,39.021026321243141,0.01349917161407134,0.0031499104609471473,312,0,0,0,0,-0.97120681028422196,5.9018244406705893,2.5653494863851205,-0.96190946687285328,5.8920373553150185,2.5684993968460677,-0.013128731110083332,0.0031407091086694877,0.0031499104609471473,1.5260935044459598,1.0885667071739282,0.14081092981523041,0.032672676575801154,0.0039684811243759031,0.03291280354302005,0.004226355571846252,0.0300144,0.045804780879843035,0.00084190619101605704,-0.03884062958273049,0.024293872706961039,1.5260935044459671,0.04581251747595743,0.0010764451108991047,1,0.045804780879842813,0.0300144,0.024676626748190596,0,0.0246766267481906,0,0.82215958833728464,0.0246766267481906,0,0.0138446,498,0,0,1,0,0,0,0,0,0,0,0,1,20,nan,1,0.032678740587691213,0.045804780879842813,0.10246939667996761,0.053303252905607224,0.0300144,0.0030755574597112201,0.10246939667996761,-0.040027199999999999,0.58799999952316284,-0.18240000307559967,0.017648467185688018
639155411959701887,nan,41.002631065885559,0.0071969233128011366,0.0058998750367011965,305,0,0,0,0,-0.9891013180220487,5.9065485755442344,2.5684993968460677,-0.99348673383112185,5.9122550484787073,2.5743992718827688,0.0067789897807717988,-0.0024168166505823332,0.0058998750367011965,1.5362364927472556,1.8752843056515967,0.29507932483926319,0.037494809464059156,0.00013479120419914586,0.037495051745728127,0.0058998750367011965,0.0199942,0.030715819683287363,0.0025516078547814791,-0.027191851149195423,0.014511220229215915,1.5362364927472649,0.030821620357482919,0,1,0.030715819683287179,0.0199942,0.0092702654918337402,-8.6736173798840355e-19,0.0092702654918337402,0,0.46364773243409291,0.0092702654918337402,0,0.0139598,499,0,0,1,0,0,0,0,0,0,0,0,1,20,nan,1,0.037494809464059156,0.030715819683287179,0,0.053303252905607224,0.0199942,0,0,-0.020032999999999999,0.58799999952316284,-0.18240000307559967,0.011756589590466023
639155411960001955,nan,43.371296982541857,0.0053644241097371807,0.0006730978298290502,305,0,0,0,0,-1.0330259394688475,5.9375959381555612,2.5736613201160696,-1.027819202697472,5.9363048385378958,2.5729882222862406,-0.0050838284071335008,-0.0017122309295045462,-0.0006730978298290502,1.5677997647878679,1.3956030755103563,0.047024327703329531,0.041877582366224159,-0.0018381826650397878,0.041917905724760889,-0.0014110495965282686,0.0300068,0.046962672932825106,-0.00012970382156655968,-0.039539205637725616,0.025340889676853884,1.5650676824194885,0.04696285204368271,-0.00073795176669921858,1,0.047044653982036597,0.0300068,0.041070881416752414,0,0.041070881416752414,0,1.3687191375539016,0.041070881416752414,0,0.0037580000000000001,498,0,0,1,0,0,0,0,0,0,0,0,1,20,nan,1,0.041879496938123033,0.047044653982036597,0.07026519386076685,-0.10262174159288406,0.0300068,-0.0021084336191412589,-0.07026519386076685,-0.056554699999999999,0.58799999952316284,-0.18240000307559967,0.017643998385691643
639155411960201945,nan,45.512152033175731,0.01373230948162709,0.0017650226089460652,306,0,0,0,0,-1.053592972328339,5.9541814536357398,2.5737403339595959,-1.0618677780307852,5.9651406467760193,2.5719753113506498,0.012870243592354415,-0.0047888572303468602,-0.0017650226089460652,1.5672849627102015,2.2110092342873067,0.050648079183496654,0.044217973676511847,-0.0059649076201937871,0.044618486291829094,-0.0010129109355907495,0.019998999999999999,0.031344131969239873,-0.0011857316038401469,-0.025773769630867083,0.017876615097843995,1.5672849627101293,0.031366551744517128,0.0007521116733553157,1,0.031344131969241316,0.019998999999999999,0.025447222297042778,0,0.025447222297042771,0,1.2724247360889434,0.025447222297042774,0,0.0037624999999999998,498,0,0,1,0,0,0,0,0,0,0,0,1,20,nan,1,0.044211539187767289,0.031344131969241316,0.10744989725987321,0.10744452476501465,0.019998999999999999,0.0021488904953002042,0.10744989725987321,-0.036555700000000003,0.58799999952316284,-0.18240000307559967,0.011759411990463733
639155411960501991,nan,48.927322602973476,0.011312063538779192,0.00076156676054628392,318,0,0,1,2,-1.0967513711124837,5.998028428478527,2.570786067003231,-1.0920096679661573,5.9877581299055791,2.5715476337637773,-0.0095391339982596503,0.0060801072415397816,0.00076156676054628392,1.5480909300472017,1.2524926251623263,0.014253733989873745,0.037580540220945535,-0.0027905319732802782,0.037684002865831602,-0.00042767758687256574,0.030004599999999999,0.047112436742132974,-0.0088819792737789352,-0.034883593081698416,0.032887781702507723,1.5701737980887256,0.047942374279976156,-0.0011892443474188497,0.96670351922512054,0.046449849119694263,0.030004599999999999,0.024655205770116595,0,0.024655205770116595,0,0.82171419616047525,0.024655205770116595,0,0.0140784,499,0,0,1,0,0,0,0,0,0,0,0,1,20,nan,1,0.037585226875706611,0.046449849119694263,0.11324400234047338,-0.16997788846492767,0.030004599999999999,-0.0033978409926249675,-0.11324400234047338,-0.0408023,0.46200001239776611,-0.30239999294281006,0.013862125571990012
639155411960701879,nan,48.302952333365532,0.0070368998606674567,0.0024751993314739984,326,0,0,0,0,-1.1166604012974064,6.0057555168866692,2.5715476337637773,-1.123398822698457,6.0077832339948785,2.5690724344323033,0.0067672178299487389,0.001929435796051674,-0.0024751993314739984,1.5334845586724437,1.8626803164967911,0.12382931098785312,0.037232744310391058,8.1115427463997886e-05,0.037232832669507297,-0.0024751993314739984,0.019988800000000001,0.030465526480442314,-0.0018483203685876748,-0.024650733331249119,0.017997386981090102,1.5241298367306848,0.030521543078872469,0,0.96670351922512054,0.030652516146391744,0.019988800000000001,0.0093353939478308945,0,0.0093353939478308945,0,0.46703123488307924,0.0093353939478308945,0,0.0139011,498,0,0,1,0,0,0,0,0,0,0,0,1,20,nan,1,0.037232744310391058,0.030652516146391744,0,-0.16997788846492767,0.019988800000000001,0,0,-0.020813499999999999,0.46200001239776611,-0.30239999294281006,0.0092348258478164684
639155411961001942,nan,44.480739813417536,0.015404830990849348,0.0028605423444112437,315,0,0,0,0,-1.164013993367542,6.0336514703871016,2.5626010159773513,-1.1522459536116341,6.0237105419515879,2.5654615583217626,-0.015289503028864664,0.0018814661801294401,0.0028605423444112437,1.5413689154386472,1.0956289638155474,0.12033726619212207,0.032875771376938458,0.0022404814306549101,0.032952027261912667,-0.0036108761105406724,0.0300063,0.048152778580433077,0.0002601105661434247,-0.040615170669084932,0.025868236392223132,1.6047556206674292,0.048153481104929834,-0.006471418454951916,0.7960542539755503,0.04625077808732668,0.0300063,0.039900742823414603,0,0.039900742823414603,0,1.3297455142225001,0.039900742823414596,0,0.0040673999999999997,499,0,0,1,0,0,0,0,0,0,0,0,1,20,nan,1,0.032853653781071912,0.04625077808732668,0.61619616594344651,-0.2723674476146698,0.0300063,-0.018489767014148839,-0.61619616594344651,-0.023288900000000001,0.46200001239776611,-0.30239999294281006,0.013862910972011089
639155411961201910,nan,39.431547013316496,0.0057384311560262557,0.0064759830629688153,318,0,0,0,0,-1.1769896460316225,6.0379105038042589,2.5639098957416211,-1.1798627399750445,6.042877889769203,2.5574339126786523,0.0051194887666375817,-0.0025923786183203335,-0.0064759830629688153,1.5084654001604907,1.680311325489976,0.4014465135976914,0.033600849513557948,-0.0010281164189529721,0.033616574950516426,-0.0080276456431103149,0.019996799999999999,0.028485389405186481,0.0015722027945500542,-0.024743692419988417,0.014199961852670917,1.4244973898416988,0.028528743946979185,-0.0015516625801414996,0.79674333333969116,0.030164480913929297,0.019996799999999999,0.024006020071233532,1.7347234759768071e-18,0.024006020071233536,0,1.2004930824548694,0.024006020071233536,0,0.0040825999999999996,498,0,0,1,0,0,0,0,0,0,0,0,1,20,nan,1,0.033603045946799796,0.030164480913929297,0.22170155512618997,-0.2719539999961853,0.019996799999999999,-0.0044333216575473955,-0.22170155512618997,-0.036463500000000003,0.46200001239776611,-0.30239999294281006,0.0092385218479156487
639155411961486641,nan,42.296360808797218,0.0051262659515568069,0.0042496935648865817,313,0,0,1,2,-1.2137509656034893,6.066576817619131,2.5558956339210046,-1.2087143277343368,6.0656224164555157,2.551645940356118,-0.004724740493612249,-0.0019888262553856458,-0.0042496935648865817,1.4407809372884151,1.2858054992089254,0.20327861464098576,0.036610868559525653,-0.0030613581518127361,0.036738639202024539,-0.0057879723225342516,0.028473100000000001,0.041338662831033407,-0.0010798022145782904,-0.033888225628444735,0.023698927849927998,1.4518497399662631,0.041352763117843423,-0.0015382787576476709,0.9538586437702179,0.041023499705506769,0.028473100000000001,0.022739269220847898,0,0.022739269220847902,0,0.79862288338283849,0.022739269220847902,0,0.0126905,499,0,0,1,0,0,0,0,0,0,0,0,1,20,nan,1,0.036617507614091195,0.041023499705506769,0.1543591026164215,-0.17768481373786926,0.028473100000000001,-0.004395082164707631,-0.1543591026164215,-0.042242500000000002,0.36400002241134644,-0.47680002450942993,0.010364209038120509
639155411961701802,nan,47.976651972913999,0.015679102582937025,0.0092766839756537323,305,0,0,0,0,-1.2332427486166553,6.0846348458561472,2.551645940356118,-1.243616587413054,6.0963914493806604,2.5423692563804643,0.01516074758502824,-0.0039982484251635496,-0.0092766839756537323,1.446267202069355,2.1435144039519334,0.43115081151573625,0.046120070266870192,-0.0061514418153957653,0.046528497910734698,-0.0092766839756537323,0.0215161,0.030959322681841952,-0.0021531933902322158,-0.024528420882318436,0.019012429400631525,1.4388910017076493,0.031034108698239637,0,0.9538586437702179,0.03111802974644445,0.0215161,0.010958366590079649,0,0.010958366590079649,0,0.50931007896782643,0.010958366590079649,0,0.013939099999999999,499,0,0,1,0,0,0,0,0,0,0,0,1,20,nan,1,0.046120070266870192,0.03111802974644445,0,-0.17768481373786926,0.0215161,0,0,-0.020726399999999999,0.36400002241134644,-0.47680002450942993,0.0078318608822047706
639155411962002154,nan,54.57720421335582,0.013158338865122783,0.0030904219697798219,306,0,0,1,2,-1.2839128198267724,6.1335887699736045,2.53396697209697,-1.2744354777222262,6.1244606886679414,2.5308765501271901,-0.012992355378664017,0.002083406682311665,-0.0030904219697798219,1.413281489260225,1.3744047985004266,0.38264124271768263,0.041280523003920017,-0.0057969487300007054,0.041685563376970519,-0.011492706253274141,0.030035200000000001,0.054254914596404996,-0.0079894460490995654,-0.04029623241371838,0.037197320592944116,1.8063776700806051,0.054840012819424758,-0.0084022842834943212,0.47095363338788354,0.042448192186228716,0.030035200000000001,0.037077928875298483,0,0.037077928875298483,0,1.2344825030397162,0.037077928875298483,0,0.0040442000000000004,498,0,0,1,0,0,0,0,0,0,0,0,1,20,nan,1,0.041347129856090639,0.042448192186228716,0.79927972925999935,-0.4674278199672699,0.030035200000000001,-0.024006526524269933,-0.79927972925999935,-0.023023399999999999,0.36400002241134644,-0.47680002450942993,0.010932813473129273
639155411962201890,nan,40.877524769953141,0.0039889361227510179,0.005082089818326363,309,0,0,0,0,-1.2949091352460949,6.1431121414575891,2.5245668044624896,-1.298306367318516,6.1452026977561616,2.5194847146441632,0.003980413423370281,0.00026061536877476253,-0.005082089818326363,1.3712717044155494,1.5746046436446433,0.57034462906170713,0.031450523310300647,-0.0033037697623021934,0.031623572080555142,-0.011391835483026913,0.019973600000000001,0.027468544716767268,-0.0035392647134792135,-0.020473657523868649,0.018651452789647749,1.3752425560122996,0.027695619573664031,-0.0063097456647005501,0.24514704942703247,0.027389232515314419,0.019973600000000001,0.021951454571453866,0,0.021951454571453866,0,1.0990234395128502,0.021951454571453866,0,0.0039655000000000003,498,0,0,1,0,0,0,0,0,0,0,0,1,20,nan,1,0.031479025149835423,0.027389232515314419,0.90258364823002157,-0.60291177034378052,0.019973600000000001,-0.018027844756287159,-0.90258364823002157,-0.036568299999999998,0.36400002241134644,-0.47680002450942993,0.00727039084763527
639155411962421314,nan,39.068758026853729,0.0057913750472411343,0.0070441023393086333,316,0,0,1,2,-1.3241394083817102,6.1677090044149008,2.5121653732991036,-1.32789259832984,6.1721196268370839,2.505121270959795,0.0056304001414952147,-0.0013559569257383945,-0.0070441023393086333,1.3279760527769171,1.8106101437815916,0.65459765952531446,0.039729132018913198,-0.0046327319830309389,0.039998326672535077,-0.01436344368436826,0.021942400000000001,0.034108807317749228,-0.0032356009257233503,-0.025833041063194173,0.022506306658739206,1.55447021828739,0.034261930038891344,-0.0073193413450596267,0.088226894537607792,0.029138981740452229,0.021942400000000001,0.02129555677993622,1.7347234759768071e-18,0.02129555677993622,0,0.97052085368675345,0.02129555677993622,0,0.0059062999999999997,498,0,0,1,0,0,0,0,0,0,0,0,1,20,nan,1,0.039775400101197275,0.029138981740452229,0.95305909303574377,-0.6970638632774353,0.021942400000000001,-0.020912403843027505,-0.95305909303574377,-0.048922399999999998,0.36400002241134644,-0.48480001091957092,0.0079870340917587278
639155411962701939,nan,33.982166278561962,0.020048044142378457,0.012477153740155345,317,0,0,0,0,-1.3646664547788987,6.2057574161118794,2.505121270959795,-1.3503768822377504,6.1916956882477079,2.4926441172196396,-0.019849394974375364,0.0028152429888016906,-0.012477153740155345,1.2788404532100717,1.0589602842113677,0.44462017782290758,0.029717072975681505,-0.002379238735827462,0.029812165355841594,-0.012477153740155345,0.028062500000000001,0.049566467950056869,-0.0051944817246291561,-0.036773856449058728,0.033637789274795438,1.766288390202472,0.04983791112628539,0,0.088226894537607792,0.035887460218207635,0.028062500000000001,0.01797026604850771,0,0.01797026604850771,0,0.6403658280091834,0.01797026604850771,0,0.0140105,498,0,0,1,0,0,0,0,0,0,0,0,1,20,nan,1,0.029717072975681505,0.035887460218207635,0,-0.6970638632774353,0.028062500000000001,0,0,-0.020859900000000001,0.36400002241134644,-0.48480001091957092,0.01021475062891841
639155411963001780,nan,29.365069731577272,0.0083055378434016679,0.0060922650229646713,304,0,0,1,2,-1.3744007937610707,6.2126122346331796,2.4810724109973341,-1.3661054393997958,6.2122010717833813,2.4749801459743694,-0.0068028784720086284,-0.004764745886535692,-0.0060922650229646713,1.2813721667504596,0.83122920452860194,0.58911127048236211,0.024923659591506053,-0.0068315047325990912,0.025842953862606256,-0.017663971245270194,0.0299841,0.031781217610102219,-0.0021457970069972652,-0.024023911523320285,0.02091654638547169,1.0599356862504534,0.03185357495754456,-0.011571706222305521,0,0.038420791185062454,0.0299841,0.033403610406626427,0,0.033403610406626427,0,1.1140441236063923,0.033403610406626427,0,0.0039274000000000002,498,1,0.0032894736842105261,1,1,1,1,1,1,3,0.047081520115124946,0.37665216092099957,0.96939701192516881,20,0.038420791185062454,1,0.024362080875317771,0.038420791185062454,1.1026516646494378,-0.85613590478897095,0.0299841,-0.033062017778015207,-1.1026516646494378,-0.056340500000000002,0.36400002241134644,-0.48480001091957092,0.010914213071984053
639155411963201815,nan,29.920780072781337,0.0092515463052687437,0.011267372342032457,324,0,0,1,2,-1.3765985405164201,6.2258809701146918,2.4657396854452482,-1.3826882470828614,6.232845636867177,2.4544723131032158,0.0091078664772762889,-0.0016241543247605987,-0.011267372342032457,1.2360874869742062,1.2896677873552262,1.0252122314171845,0.02579786958436027,-0.0059713903792127047,0.026479946717329603,-0.020507832871153653,0.0200035,0.016705399667319099,-0.0042631457110714295,-0.01049310111662427,0.013679898331310447,0.83512383669453338,0.017240788537613117,-0.0092404605291211972,0,0.024726076045688536,0.0200035,0.019851935867050585,0,0.019851935867050585,0,0.99242311930665061,0.019851935867050585,0,0.0039432,498,14,0.043209876543209874,1,0,0,0,0,0,0,0,0,1,20,nan,1,0.025874445874813558,0.024726076045688536,1.3198348187812048,-0.88001745939254761,0.0200035,-0.026401315797489833,-1.3198348187812048,-0.036337000000000001,0.36400002241134644,-0.48480001091957092,0.0072812744483053684
639155411963502704,nan,25.59762981048193,0.004263044833880722,0.014215498595045784,312,0,0,1,2,-1.4076318040651392,6.2638988152784458,2.4442817315313206,-1.408771161415074,6.2680067851036547,2.4300662329362748,0.0035113674991716854,-0.0024174055392999112,-0.014215498595045784,1.2435501769201596,1.4113930965838739,0.81113235003409945,0.042467265743802524,-0.010637485869055639,0.043779273239389224,-0.024406080166941013,0.030088899999999998,0.03898071490918055,-0.0081844235923749335,-0.024943556982277792,0.031053178411268867,1.2955181116352061,0.039830653074864768,-0.01019058157189523,0,0.03741705691833299,0.030088899999999998,0.019970421001195504,0,0.019970421001195504,0,0.66371389453238583,0.019970421001195508,0,0.014029700000000001,498,26,0.083333333333333329,0,0,0,0,0,0,0,0,0,1,20,nan,1,0.042617620451102095,0.03741705691833299,0.96766406709027986,-0.97050893306732178,0.030088899999999998,-0.029115947348272719,-0.96766406709027986,-0.040678100000000002,0.30799999833106995,-0.48319998383522034,0.0092673811497837304
639155411963702760,nan,28.931510147311826,0.0098516224309143016,0.018617512704202532,319,0,0,1,2,-1.4261132493931825,6.2913848370483816,2.4237032630158599,-1.4307857241529007,6.3000579243960964,2.4050857503116574,0.0092244141124764572,-0.0034589953458828162,-0.018617512704202532,1.2441188177965232,1.8795824239928434,1.2486745023702057,0.037602174141431223,-0.0098991414940229807,0.038883370513385362,-0.024980482624617384,0.020005599999999998,0.028399956099356354,-0.0063815218972778295,-0.017342087978108545,0.023378051944726863,1.4196003168790916,0.029108097295611826,-0.0063629699204148507,0,0.024889343421310123,0.020005599999999998,0.0075216935486341896,-4.3368086899420177e-19,0.0075216935486341896,0,0.37597940319881384,0.0075216935486341896,0,0.0139598,498,35,0.109717868338558,0,0,0,0,0,0,0,0,0,1,20,nan,1,0.037690602200351725,0.024889343421310123,0.90874125536487993,-0.90897297859191895,0.020005599999999998,-0.01817991405832764,-0.90874125536487993,-0.053192799999999998,0.30799999833106995,-0.48319998383522034,0.0061617247666120529
639155411964001920,nan,25.352856667694098,0.026817463728022722,0.016358649239505141,307,0,0,1,2,-1.4637058894498589,6.3479865985209756,2.3991312204916504,-1.4487781384310587,6.3257079403404539,2.3827725712521453,-0.026061545670310667,0.0063223570033750578,-0.016358649239505141,1.2169062058845483,1.0214719408809139,0.74586104624656147,0.03055835458339342,-0.006916448124453755,0.031331298879916571,-0.022313179059512134,0.029916000000000002,0.056581791789604208,-0.013393876377874838,-0.032920165296958182,0.047928674124879223,1.8913555217811273,0.058145464883754411,-0.0059545298200069921,0,0.036404966055242148,0.029916000000000002,0.031643475632582962,0,0.031643475632582962,0,1.0577442048597059,0.031643475632582962,0,0.0037859,498,40,0.13029315960912052,0,0,0,0,0,0,0,0,0,1,20,nan,1,0.030616082845036648,0.036404966055242148,0.56869041124740316,-0.85063010454177856,0.029916000000000002,-0.017012942342877313,-0.56869041124740316,-0.056612599999999999,0.30799999833106995,-0.48319998383522034,0.009214127950072289
639155411964201975,nan,21.075160318780593,0.0027606397252728193,0.021988424964940023,311,0,0,1,2,-1.4608100692988784,6.3428606811472079,2.3827725712521453,-1.4598121413957266,6.3402867208536398,2.3607841462872052,-0.0024951986027695258,0.0011811501282611753,-0.021988424964940023,1.1645214980584591,0.90165031783509619,1.099118990524607,0.018037965433450015,-0.0029869492291647783,0.018283600922026976,-0.021988424964940023,0.020005499999999999,0.020533164036219541,-0.0041680993574259532,-0.012031930867819618,0.017152740806753997,1.0263759484251602,0.020951942095941235,0,0,0.023296834829408503,0.020005499999999999,0.018659477319840079,0,0.018659477319840079,0,0.93271736871560718,0.018659477319840079,0,0.0039822,498,47,0.15112540192926044,0,0,0,0,0,0,0,0,0,1,20,nan,1,0.018037965433450015,0.023296834829408503,0,-0.85063010454177856,0.020005499999999999,0,0,-0.0697271,0.30799999833106995,-0.48319998383522034,0.0061616939666122193
639155411964479395,nan,19.544337330702504,0.004863438862265923,0.0028457843773330715,317,0,0,1,2,-1.475113199117144,6.3605033877200912,2.3424746405460972,-1.4752851602688364,6.3653637855360428,2.3396288561687641,0.0036035632153138333,-0.0032660939545940009,-0.0028457843773330715,1.1169876338726823,1.0324334374158715,0.76257263782139295,0.028641768420791108,-0.0069226142361690102,0.02946648072188188,-0.021155290118441084,0.027741999999999999,0.02509860643909817,-0.0035910919507138716,-0.015301057721417433,0.020216666866451405,0.90471510486259721,0.025354210431074796,-0.018309505741108012,0,0.03098747093889595,0.027741999999999999,0.01776937437593773,0,0.01776937437593773,0,0.64052247047573108,0.01776937437593773,0,0.011833700000000001,498,45,0.14195583596214512,0,0,0,0,0,0,0,0,0,1,20,nan,1,0.028813021490305474,0.03098747093889595,1.8856922192351786,-0.89654326438903809,0.027741999999999999,-0.05231287354602232,-1.8856922192351786,-0.0755546,0.20999999344348907,-0.54400002956390381,0.0058258198181092733
639155411964702416,nan,20.061994350784438,0.0020929217630103062,0.013665713441936234,318,0,0,1,2,-1.4877240909230784,6.3855235146202265,2.3332627831540798,-1.4856363711078158,6.3856709848851674,2.3195970697121435,-0.0013353620967450138,-0.0016115612233666232,-0.013665713441936234,1.1113464553203845,0.97714614845695247,0.89820180416286477,0.021792411117501798,-0.0066798749182806925,0.022793198793457918,-0.020031786456620626,0.022302099999999998,0.023138005402424083,-0.0050768473057715841,-0.012438930654242064,0.020159729084183731,1.0374810175913518,0.023688429086132459,-0.0063660730146843933,0,0.024785359781200743,0.022302099999999998,0.0092225085594765943,8.6736173798840355e-19,0.0092225085594765943,0,0.41352646430051854,0.0092225085594765943,0,0.0140036,499,47,0.14779874213836477,0,0,0,0,0,0,0,0,0,1,20,nan,1,0.021852258471500453,0.024785359781200743,0.81556355867640806,-0.90942990779876709,0.022302099999999998,-0.01818878004195712,-0.81556355867640806,-0.086358099999999993,0.20999999344348907,-0.54400002956390381,0.0046834408537760374
639155411965001892,nan,22.556879716026376,0.0099952549173788086,0.012026168017736705,317,0,0,1,2,-1.4995361348843848,6.4129398018677763,2.3109753219799813,-1.4947158709198671,6.404183651105269,2.2989491539622446,-0.0097159679363488429,0.0023462923780352869,-0.012026168017736705,1.094649755952086,0.65920483998475166,0.68946812932919099,0.019741602865927351,-0.0059519109282600308,0.020619314426380236,-0.020647915749898882,0.029947600000000001,0.029436980798169275,-0.0083818836882681765,-0.013899763776568985,0.027268816982608968,0.98294957853615228,0.030607054949397573,-0.0086217477321621772,0,0.032782133031350691,0.029947600000000001,0.028324348484854767,0,0.028324348484854767,0,0.94579694148628823,0.028324348484854767,0,0.0038576999999999999,499,58,0.18296529968454259,0,1,1,1,1,1,3,0.10098139597786779,0.80785116782294231,0.93436209261438596,20,0.032782133031350691,1,0.018312953342652333,0.032782133031350691,0.82255556201617752,-0.82111883163452148,0.029947600000000001,-0.02463356494903568,-0.82255556201617752,-0.089724700000000004,0.20999999344348907,-0.54400002956390381,0.0062889958036482334
639155411965201931,nan,26.142494984020775,0.0087797059367415373,0.02134049516662051,290,0,0,1,2,-1.5055962936711424,6.4219505875613638,2.2989491539622446,-1.5100184962770107,6.4295352668853898,2.2776086587956241,0.0086041828195715462,-0.0017467897249080775,-0.02134049516662051,1.024908344521456,1.4550336110730322,1.0668167290688571,0.029106346852543829,-0.0054493429313426933,0.02961207127986765,-0.02134049516662051,0.020003900000000002,0.020502164032972281,-0.003702553206434615,-0.01088042275127532,0.01776693645609484,1.0249083445214322,0.020833809787971606,0,1,0.020502164032972753,0.020003900000000002,0.016164444446454596,0,0.016164444446454596,0,0.80806464971603509,0.016164444446454596,0,0.0042322999999999996,499,35,0.1206896551724138,0,0,0,0,0,0,0,0,0,1,20,nan,1,0.029106346852543829,0.020502164032972753,0,-0.82111883163452148,0.020003900000000002,0,0,-0.10332,0.12599998712539673,-0.40320000052452087,0.0025204911424577237
639155411965501792,nan,24.220578540184352,0.017754088149053496,0.0092680504245676865,299,0,0,1,2,-1.5329573259163232,6.4675376607158066,2.266706927304535,-1.5234046493175528,6.452572567471738,2.2574388768799674,-0.017609337337948484,0.0022624951983805791,-0.0092680504245676865,1.0728899163069339,0.87412273716015776,0.67263771933184935,0.026211531808758209,-0.0047814131560692859,0.02664406709814731,-0.02016978191565677,0.029986100000000002,0.043795158115423935,-0.0072357423743883778,-0.022938829639312486,0.038002393830416814,1.4605153092740948,0.044388870700475168,-0.010901731491089084,0,0.032171784319371351,0.029986100000000002,0.01697826834757343,-1.7347234759768071e-18,0.016978268347573433,0,0.56620461972625413,0.016978268347573433,0,0.0141613,499,44,0.14715719063545152,0,0,0,0,0,0,0,0,0,1,20,nan,1,0.026282815366665848,0.032171784319371351,1.0387414255356235,-0.75925016403198242,0.029986100000000002,-0.031147804260253764,-1.0387414255356235,-0.1063979,0.12599998712539673,-0.40320000052452087,0.0037782482139408591
639155411965701997,nan,24.757465406011452,0.003600670956270955,0.020863412374286572,318,0,0,1,2,-1.5323420395399616,6.4679536365800576,2.2574388768799674,-1.5297583067442582,6.470461455587829,2.2365754645056808,0.000301551701971351,-0.0035880214473120661,-0.020863412374286572,1.0728899163069339,0.89222302501427719,1.0421024636890472,0.017862751072298337,-0.0064267725068696121,0.018983710931373521,-0.020863412374286572,0.0200205,0.017561199370326984,-0.0028387510595575451,-0.0089373902224088031,0.015381069108319601,0.87716087861576808,0.017789160488975077,0,0,0.021479792569422968,0.0200205,0,0,0,0,0,0,0,0.034181799999999998,499,60,0.18867924528301888,0,0,0,0,0,0,0,0,0,1,20,nan,1,0.017862751072298337,0.021479792569422968,0,-0.75925016403198242,0.0200205,0,0,-0.086377399999999993,0.12599998712539673,-0.40320000052452087,0.0025225827422440052
639155411966001996,nan,23.387407847804216,0.01006154852745271,0.0052907579039422892,311,0,0,1,2,-1.5392790024029788,6.4972672224065358,2.2207050450090251,-1.5440142191967228,6.5061448617710589,2.2154142871050828,0.0099331799823170735,-0.0016020905745872151,-0.0052907579039422892,0.6467587701178853,1.2289436277613806,0.70537493126970341,0.03686818593847864,-0.010829283554116926,0.038425727276002228,-0.021161177400597975,0.029999899999999999,0.026961681648162632,-0.0090697576190320525,-0.0095206956587206015,0.026805766818706722,0.89872571735781226,0.028446314006648727,-0.015870419496655686,0,0.019402698427659546,0.029999899999999999,0.017084637711587192,0,0.017084637711587192,0,0.5694898220189798,0.017084637711587192,0,0.0037263999999999999,497,60,0.19292604501607716,0,0,0,0,0,0,0,0,0,1,20,nan,1,0.037104211621287006,0.019402698427659546,1.5114735617362278,-0.78882426023483276,0.029999899999999999,-0.045344055704730657,-1.5114735617362278,-0.089805899999999994,0.12599998712539673,-0.40320000052452087,0.0037799870137631892
639155411966201848,nan,23.396765018129532,0.0086197970069118446,0.019670735562159262,324,0,0,1,2,-1.5535111595713571,6.529916274650871,2.2154142871050828,-1.5579983377231115,6.5372760390951168,2.1957435515429236,0.0085791904463350492,-0.00083569834622296627,-0.019670735562159262,0.64896918446532526,1.6655838028542769,0.98426513430735041,0.033287025416803298,-0.0075285929258471478,0.034127785930851487,-0.019670735562159262,0.019985200000000002,0.024707834970468249,-0.0066928945796241798,-0.0094969403746343328,0.023771412879812104,1.2363066154188223,0.025598280152812153,0,0,0.012969778945376419,0.019985200000000002,0.010407324120514261,0,0.010407324120514261,0,0.52075156218172747,0.010407324120514261,0,0.0039484999999999998,498,62,0.19135802469135801,0,0,0,0,0,0,0,0,0,1,20,nan,1,0.033287025416803298,0.012969778945376419,0,-0.78882426023483276,0.019985200000000002,0,0,-0.10405490000000001,0,-0.12319999933242798,0
639155411966501835,nan,19.976262545154846,0.023812589537547259,0.0048005638402854878,317,0,0,1,2,-1.5789891397384817,6.5840053612530749,2.1810700260307048,-1.5681524863998764,6.5628014379155744,2.1762694621904193,-0.023586825352477941,0.0032712520959731727,-0.0048005638402854878,0.71131581982659309,0.88809432813965761,0.64916444220930491,0.026641675321563148,-0.0066987951419397781,0.027470943199920581,-0.019474089352504276,0.0299987,0.050177962373614785,-0.010315784537435955,-0.02099080201537018,0.046729322157958109,1.6726712282070484,0.051227368843136022,-0.014673525512218788,0,0.021338549884232019,0.0299987,0.011365119642862354,0,0.011365119642862354,0,0.37885373842407682,0.011365119642862354,0,0.0140211,498,63,0.19873817034700317,0,0,0,0,0,0,0,0,0,1,20,nan,1,0.026776233248455076,0.021338549884232019,1.3975391802424337,-0.8350493311882019,0.0299987,-0.041924358606338696,-1.3975391802424337,-0.074056200000000003,0,-0.12319999933242798,0
639155411966701850,nan,24.73536366703906,0.0071304824802176925,0.021319117990950875,316,0,0,1,2,-1.5749227199352733,6.5798203842201604,2.1762694621904193,-1.5709027709399681,6.5739310896549483,2.1549503441994684,-0.0071303304372426768,4.656454039419361e-05,-0.021319117990950875,0.54357022385033604,0.53578449257268224,1.0658759588506301,0.010716493528192502,-0.0040730798361222759,0.011464432515009962,-0.021319117990950875,0.020001499999999998,0.017846823965435177,-0.0041196443765164695,-0.0067702335353969634,0.017018946304586002,0.89227427770093137,0.018316129379380222,0,0,0.010872219832342496,0.020001499999999998,0.0033549154216050425,-2.1684043449710089e-19,0.0033549154216050425,0,0.16773319109092033,0.003354915421605043,0,0.0138295,497,60,0.189873417721519,0,0,0,0,0,0,0,0,0,1,20,nan,1,0.010716493528192502,0.010872219832342496,0,-0.8350493311882019,0.020001499999999998,0,0,-0.086501300000000003,0,-0.12319999933242798,0
639155411967001858,nan,24.252984566246354,0.0058911442199731422,0.0069489059596326008,320,0,0,1,2,-1.5752267340822381,6.5909253642071652,2.1418341222035995,-1.5778744036192842,6.5961880086225824,2.1348852162439669,0.0058587557446294087,-0.00061689654342917755,-0.0069489059596326008,0.65393323483341448,0.74701560587076998,0.66881976332302895,0.022411065788607798,-0.0064589654253471218,0.023323252435008639,-0.020065127955501527,0.030000800000000001,0.016560905113108867,-0.0057652794074911579,-0.0043239631422700153,0.016994274552216915,0.55201545002496155,0.017535735650717282,-0.013116221995868926,0.11565556128819787,0.019618520191590303,0.030000800000000001,0.016670395319870579,0,0.016670395319870579,0,0.55566502626165226,0.016670395319870579,0,0.0040461999999999998,498,61,0.19062499999999999,0,0,0,0,0,0,0,0,0,1,20,nan,1,0.022528149250777157,0.019618520191590303,1.2491306894548539,-0.6806066632270813,0.030000800000000001,-0.037474919988197186,-1.2491306894548539,-0.089887599999999998,0,-0.12319999933242798,0
639155411967201834,nan,23.390675234119652,0.010215523949781874,0.019004690096824373,314,0,0,1,2,-1.5824061431747052,6.6108414785231098,2.1348852162439669,-1.5869522390630306,6.6199896992103646,2.1158805261471425,0.01016149475885555,-0.0010492634723072445,-0.019004690096824373,0.657913912235354,1.248533241265374,0.95034854666681856,0.024967668345528445,-0.0050540190510085939,0.025474056826117447,-0.019004690096824373,0.019997600000000001,0.014806173586672893,-0.0040047555787013495,-0.0045317395554209661,0.014653469900527405,0.7403975270368891,0.015338215134878949,0,0.11565556128819787,0.013156699251317716,0.019997600000000001,0.010570505453712187,8.6736173798840355e-19,0.010570505453712187,0,0.52858870333000896,0.010570505453712187,0,0.0039309000000000002,498,65,0.2070063694267516,0,0,0,0,0,0,0,0,0,1,20,nan,1,0.024967668345528445,0.013156699251317716,0,-0.6806066632270813,0.019997600000000001,0,0,-0.103542,0,-0.051200002431869507,0
639155411967502002,nan,24.697271677009571,0.0079812767902909445,0.0052454513174136075,311,0,0,0,0,-1.598264490193757,6.6519007041536433,2.1048433511772311,-1.5941333851596078,6.6450717400740729,2.0995978998598175,-0.0079808780487224777,-7.9779537831402986e-05,-0.0052454513174136075,0.63726751061037235,0.83855027241064684,0.54245043733259424,0.025170595816895902,-0.0068643090964479675,0.026089799407989236,-0.016282626287325016,0.0300168,0.033151868281178991,-0.0068726189769212007,-0.011312251130726425,0.031911004943278698,1.1044437875182895,0.033856746183509409,-0.011037174969911412,0.24140367905298865,0.019128731412489424,0.0300168,0.010207559804703338,0,0.010207559804703337,0,0.34006155901706175,0.010207559804703337,0,0.0139991,498,54,0.17363344051446947,0,0,0,0,0,0,0,0,0,1,20,nan,1,0.025275694815656065,0.019128731412489424,1.0505712010713526,-0.60515779256820679,0.0300168,-0.031534785628318573,-1.0505712010713526,-0.10632270000000001,0,-0.051200002431869507,0
639155411967701853,nan,20.782934292205418,0.00594276537296963,0.010273770698732587,322,0,0,1,2,-1.5984905866896557,6.661045672660082,2.0952098892983515,-1.5948094785221698,6.6563802784712234,2.0849361185996189,-0.0058815988529544259,-0.00085044412579078762,-0.010273770698732587,0.63726751061037235,0.50562766760856936,0.73363562154798179,0.010105019499924019,-0.0051213986196041467,0.011328730860724336,-0.01466178126019857,0.019985099999999999,0.015990293474775083,-0.0042967711163594312,-0.0043572015300479272,0.015973932586009099,0.8001107562521621,0.016557527817757559,-0.0043880105614659826,0.20523558060328162,0.012735854926299351,0.019985099999999999,0,0,0,0,0,0,0,0.033984199999999999,498,53,0.16459627329192547,0,0,0,0,0,0,0,0,0,1,20,nan,1,0.010136924681387008,0.012735854926299351,0.62732600951511808,-0.62685865163803101,0.019985099999999999,-0.012537173032760585,-0.62732600951511808,-0.0863376,0,-0.051200002431869507,0
639155411968001867,nan,12.722529451015598,0.0061646094185119965,0.0096696839698817705,315,0,0,0,0,-1.5971971952111439,6.6757870447638981,2.0809267294507898,-1.5977175640656454,6.6696444373746804,2.0712570454809081,-0.0051064443251585675,0.003453496146930335,-0.0096696839698817705,0.65913843050538301,0.43262888856907245,0.45594782639179704,0.01297947233751617,-0.0039910112482905383,0.013579207375407782,-0.013679073118710861,0.030001400000000001,0.018072029246289624,-0.0074649533050483337,-0.0023877166889740842,0.019406766292674682,0.60237286414266078,0.019553101261060853,-0.00400938914882909,0.6135869026184082,0.019775075708964199,0.030001400000000001,0.017208091261995406,-8.6736173798840355e-19,0.017208091261995406,0,0.57357627517367205,0.017208091261995406,0,0.0039776999999999998,498,53,0.16825396825396827,0,1,1,1,1,1,3,0.38866418058813457,3.1093134447050765,0.7473682826177126,20,0.019775075708964199,1,0.0084624484787299125,0.019775075708964199,0.38182876692697315,-0.38184785842895508,0.030001400000000001,-0.011455397568082892,-0.38182876692697315,-0.056336200000000003,0,-0.051200002431869507,0
639155411968201818,nan,22.495793361494108,0.0016746360307186528,0.015459694269489788,313,0,0,1,2,-1.6021193556277744,6.6829893474145576,2.0712570454809081,-1.6007843022113357,6.6819783883596813,2.0557973512114183,-0.0015275750645835843,-0.00068623629854706902,-0.015459694269489788,0.69119045483245212,0.61479298422292294,0.77317414113906857,0.012292847198835766,-0.0032275590623120371,0.012709493686006415,-0.015459694269489788,0.019995099999999998,0.013820422263419353,-0.0025413227637649679,-0.0044017915621290538,0.013344910039877256,0.6911904548324016,0.014052131259308934,0,1,0.013820422263420363,0.019995099999999998,0.011034993849490249,0,0.011034993849490249,0,0.55188490427606007,0.011034993849490249,0,0.0040299000000000003,498,47,0.15015974440894569,0,0,0,0,0,0,0,0,0,1,20,nan,1,0.012292847198835766,0.013820422263420363,0,-0.38184785842895508,0.019995099999999998,0,0,-0.036341100000000001,0,-0.051200002431869507,0
639155411968503463,nan,18.270289653567488,0.0071707419436388932,0.0045617739943124569,312,0,0,0,0,-1.6060588183826561,6.7018150570178312,2.0537586527031149,-1.6049340580363693,6.6947330760671591,2.0491968787088024,-0.0067943098771200087,0.0022927915988880435,-0.0045617739943124569,0.66329701049500711,0.43821051975316078,0.2188159095166789,0.013218401223094218,-0.0022751705492087223,0.013412774952361105,-0.0066004725026158608,0.0301645,0.020008022673078017,-0.004581808923159434,-0.0052745161713203537,0.019836668658149925,0.66329701049505274,0.020525933457330205,-0.0020386985083034053,1,0.020008022673076643,0.0301645,0.010602935372165945,8.6736173798840355e-19,0.010602935372165945,0,0.35150376675117917,0.010602935372165945,0,0.014179300000000001,497,47,0.15064102564102563,0,1,1,1,1,1,3,0.12479600370474354,0.99836802963794835,0.91888259759191671,20,0.020008022673076643,1,0.012257770981009945,0.020008022673076643,0.19310291504477053,-0.059746213257312775,0.0301645,-0.0058248528808679811,-0.19310291504477053,-0.039621299999999998,0,-0.051200002431869507,0
639155411968701908,nan,18.453100118946711,0.0033257862806346911,0.0032073674039887479,313,0,0,0,0,-1.6091626128794601,6.706013760915785,2.0490764695386368,-1.6114191236156241,6.7084569174154867,2.045869102134648,0.0032075703560518884,0.00087883263220882822,-0.0032073674039887479,0.60273054090045364,0.76437110389308538,0.16769263897575626,0.015168562371206333,-0.00056090330015493364,0.015178929373355072,-0.0033277765741543952,0.019844500000000001,0.01196088621889901,-0.0014393497051090548,-0.0042285548430907038,0.011280684848625988,0.60273054090045153,0.012047179201582658,-0.00012040917016564735,1,0.011960886218899052,0.019844500000000001,0.0035679839829683142,0,0.0035679839829683146,0,0.17979712177017884,0.0035679839829683146,0,0.013924799999999999,497,47,0.15015974440894569,0,0,0,0,0,0,0,0,0,1,20,nan,1,0.015168658629513896,0.011960886218899052,0.017336098187066763,-0.034402620047330856,0.019844500000000001,-0.00034402620047324639,-0.017336098187066763,-0.053068499999999998,0,-0.051200002431869507,0
639155411969001920,nan,21.390005441723495,0.0029222148374552486,0.0014353717163531066,315,0,0,0,0,-1.6192338979701575,6.7253370503118388,2.0438502297841938,-1.6192128458815889,6.7224149113066218,2.0424148580678407,-0.0026108242805859398,0.0013126066174397096,-0.0014353717163531066,0.61760027577829157,0.53255039823977512,0.11513686341903914,0.01597715100767114,0.00054621049242439389,0.015986484923958783,-0.0034542440668072771,0.030001199999999999,0.018585319984193785,-0.00077166436739668515,-0.0078147743545333714,0.016880132896352151,0.6194858867043247,0.018601332877263999,-0.0020188723504541706,0.99869025250275933,0.01852874939367968,0.030001199999999999,0.01611884932553842,0,0.01611884932553842,0,0.53727348657848417,0.01611884932553842,0,0.0039843999999999999,498,44,0.13968253968253969,0,0,0,0,0,0,0,0,0,1,20,nan,1,0.015975509232998005,0.01852874939367968,0.19226586655146319,-0.15078584849834442,0.030001199999999999,-0.0057682067155837569,-0.19226586655146319,-0.0567603,0,-0.099199995398521423,0
639155411969301956,nan,26.21663884717222,0.0017004687026844181,0.0025871162698662964,310,0,0,0,0,-1.6271688100102644,6.7366909182759649,2.0417837158688017,-1.6255557112289645,6.7361528605368903,2.0391965995989354,-0.0012114443871181501,-0.0011933131633100999,-0.0025871162698662964,0.54434057862538499,0.50393885029684726,0.10726241080754753,0.015119979688766485,-0.00059110411913807816,0.015131529660558878,-0.0032182584689053328,0.030003599999999998,0.016332176984845008,0.00060144421287582593,-0.0079559641286754967,0.014276006969343058,0.54434057862539853,0.016343247541584349,-0.00063114219903903646,1,0.016332176984844599,0.030003599999999998,0.0087288822166637914,0,0.0087288822166637914,0,0.29092782921595384,0.0087288822166637914,0,0.0139679,497,38,0.12258064516129032,0,0,0,0,0,0,0,0,0,1,20,nan,1,0.015120506501097919,0.016332176984844599,0.060101568672656903,-0.090163171291351318,0.030003599999999998,-0.0018032634258269287,-0.060101568672656903,-0.026756700000000001,0,-0.099199995398521423,0
639155411969501797,nan,24.191237122758334,0.0034577780923398136,0.0019269663382583957,319,0,0,1,2,-1.630156111231027,6.746045654100171,2.0388778225100288,-1.6277609643391542,6.7435517614195977,2.0369508561717704,-0.0033062687291623635,-0.001012332171981239,-0.0019269663382583957,0.54564133581906105,0.3801802307669721,0.11237651068424358,0.007597559749670248,-0.0013725747346936584,0.0077205489152086075,-0.0022457434271649923,0.019984100000000001,0.010904151019140353,-0.00036129657685120015,-0.0046004000020625213,0.0098927935632806552,0.54564133581899377,0.010910134951716409,-0.00031877708890659662,1,0.010904151019141698,0.019984100000000001,0.0032771764270620451,0,0.0032771764270620451,0,0.16398919276134752,0.0032771764270620451,0,0.013978000000000001,497,42,0.13166144200626959,0,1,1,1,1,1,3,0.0080747610723530538,0.064598088578824431,0.99475140530297046,20,0.010904151019141698,1,0.0075712718234756914,0.010904151019141698,0.045575816903988951,-0.034502524882555008,0.019984100000000001,-0.00091079168259100562,-0.045575816903988951,-0.039749800000000002,0,-0.099199995398521423,0
639155411969701777,nan,21.510289920912932,0.0017180715360322104,0.00034349630956231891,320,0,0,0,0,-1.6312971919721817,6.7535981090247521,2.0369508561717704,-1.631231194447297,6.7553149124874796,2.0366073598622081,0.0015039632365764382,-0.00083058075221534213,-0.00034349630956231891,0.52824323552349195,0.6034489179205148,0.017176533131429091,0.012067771460574453,-0.0021870326985708533,0.012264347518285404,-0.00034349630956231891,0.019997999999999998,0.010563808223998014,-0.0013564519463555112,-0.0035362276330275222,0.010046347605154438,0.52824323552345309,0.01065054017767079,0,1,0.010563808223998791,0.019997999999999998,0.0031236607246203363,0,0.0031236607246203363,0,0.15619865609662648,0.0031236607246203363,0,0.0140847,498,46,0.14374999999999999,0,0,0,0,0,0,0,0,0,1,20,nan,1,0.012067771460574453,0.010563808223998791,0,-0.034502524882555008,0.019997999999999998,0,0,-0.053001199999999998,0,-0.099199995398521423,0
639155411970001923,nan,21.871791484372103,0.0040051000001258032,0.0015493150160796887,314,0,0,0,0,-1.6325133454233398,6.7651597829027157,2.0359765831327734,-1.6365128769304664,6.7649486579764062,2.0344272681166937,0.0016054345426245087,0.0036692514141655301,-0.0015493150160796887,0.27207422594778929,0.3658085683481731,0.0726343761207668,0.010979597855543076,0.00039198587855413837,0.010986592829373081,-0.0021800917455143671,0.030014599999999999,0.0093718491540501075,-0.0032762521349688914,-0.0012821509760427841,0.0098448704152360733,0.31224301353508321,0.0099280101036490678,-0.00063077672943467899,1,0.0081661990621325169,0.030014599999999999,0.007032527751928086,-4.3368086899420177e-19,0.007032527751928086,0,0.23430356399645794,0.007032527751928086,0,0.0085980999999999991,498,42,0.13375796178343949,0,0,0,0,0,0,0,0,0,1,20,nan,1,0.010979240175638979,0.0081661990621325169,0.060044752452347375,-0.057143673300743103,0.030014599999999999,-0.0018022192269562254,-0.060044752452347375,-0.022986599999999999,0,-0.099199995398521423,0
639155411970201932,nan,22.795876491658785,0.007090041265996075,0.0011160740094031674,306,0,0,0,0,-1.6367607771542894,6.7648247130293537,2.0340408655395321,-1.6408622051039636,6.7706080489116243,2.0329247915301289,0.0070065504996152522,0.0010848664663766164,-0.0011160740094031674,0,0.35033269361580027,0.075120448908037721,0.0070069691717402592,0.0013593176025809531,0.0071376019305089307,-0.0015024765865647716,0.020000899999999999,2.9640732143038084e-16,0.00027715856629608165,-0.00024790022382292776,-0.00012394494705247894,1.4819699185055716e-14,0.00027715856629608165,-0.00038640257716160415,1,0,0.020000899999999999,0,0,0,0,0,0,0,0.0038089,498,35,0.11437908496732026,0,0,0,0,0,0,0,0,0,1,20,nan,1,0.0070062177559172163,0,0.055197884261183432,-0.0776933953166008,0.020000899999999999,-0.0011040073633195036,-0.055197884261183432,-0.036665999999999997,0.056000001728534698,-0.28959998488426208,0.0011200504345722495
639155411970501867,nan,25.428279223760221,0.0092428397997853795,0.00058925368317952476,323,0,0,0,0,-1.6427009561185519,6.7696921624169315,2.0326805915333148,-1.643910903534467,6.7788554650319943,2.0320913378501353,0.0087423161606451864,-0.0030003326001992884,-0.00058925368317952476,0,0.29144925463092514,0.027787810025294027,0.0087415832187726535,-0.00094823921663570159,0.0087928627182899642,-0.00083345367999365638,0.029993499999999999,-3.4640259410911867e-16,0.0020542281676605716,-0.0018387510145883024,-0.00091588649469276362,-1.1549255475657015e-14,0.0020542281676605716,-0.00024419999681413179,1,0,0.029993499999999999,0,0,0,0,0,0,0,0.013760400000000001,497,39,0.12074303405572756,0,0,0,0,0,0,0,0,0,1,20,nan,1,0.0087419134868544617,0,0.023262182693310384,-0.038285691291093826,0.029993499999999999,-0.00069771427661180496,-0.023262182693310384,-0.039627999999999997,0.056000001728534698,-0.28959998488426208,0.0016796360518448053
639155411970801858,nan,25.808013294356407,0.0024784303061766528,0.00099081395734179623,317,0,0,0,0,-1.645976842148835,6.7851261413514097,2.0315958039318991,-1.6445967757106039,6.7871847897936268,2.0325866178892409,0.0012302594902957515,-0.0021515293093778984,0.00099081395734179623,0.22651508457501265,0.25880791774931522,0.0165098299317511,0.0077640046053534832,-0.0030932675465909993,0.0083575158765474798,0.00049528003910559448,0.029999100000000001,0.006534811421810457,-0.00094112886609053962,-0.0020659386143679903,0.0062706763194153581,0.21783358240115394,0.0066022332480164068,-0.00049553391823620174,1,0.0067952486736742625,0.029999100000000001,0.0056178783594500467,-4.3368086899420177e-19,0.0056178783594500459,0,0.18726823002856907,0.0056178783594500459,0,0.0040480000000000004,497,38,0.11987381703470032,0,0,0,0,0,0,0,0,0,1,20,nan,1,0.0077661924011922946,0.0067952486736742625,0.047195122352360681,-0.028908185660839081,0.029999100000000001,-0.0014158111949607033,-0.047195122352360681,-0.043089099999999998,0.056000001728534698,-0.28959998488426208,0.0016799496518544853
639155411971001745,nan,25.547674844539863,0.0026602566564640374,0.00093477650520190636,324,0,0,0,0,-1.6427492917452657,6.7881042465445738,2.0321769216243402,-1.6451719359548784,6.7892032281239878,2.0312421451191383,0.0020625949738408852,0.0016800795969678156,-0.00093477650520190636,0,0.10322247685206436,0.067261641332484537,0.0020632831230528591,-0.00038440259389023598,0.0020987859824346789,-0.0013444727701026338,0.019988700000000002,-4.1199682554449168e-17,-0.0020636370124233632,0.0018474839653381814,0.00091945675094695645,-2.0611486767248079e-15,0.0020636370124233632,-0.00040969626490072741,1,0,0.019988700000000002,0,0,0,0,0,0,0,0.0040027999999999999,497,39,0.12037037037037036,0,0,0,0,0,0,0,0,0,1,20,nan,1,0.002063507752943609,0,0.058561124878531698,-0.069393076002597809,0.019988700000000002,-0.0011705607568595067,-0.058561124878531698,-0.0231004,0.056000001728534698,-0.28959998488426208,0.0011193672345511617
639155411971201963,nan,28.408962181503288,0.0088372121254259636,0.0018171409092375692,319,0,0,0,0,-1.6461188213625662,6.7919725282869932,2.0312590245212392,-1.6516027862085028,6.7989023513524334,2.0294418836120016,0.0086449303305305824,0.0018334387718296047,-0.0018171409092375692,0.14492384208644693,0.5766981771587194,0.089915067932785045,0.011546535563436447,0.0014513245217421186,0.011637389156727233,-0.0018002615071366357,0.020021799999999999,0.00290163618148765,-0.0003822601710814765,-0.00094688540768772533,0.0027693001630053615,0.14492384208650821,0.0029267072569892387,1.6879402100933305e-05,1,0.0029016361814864231,0.020021799999999999,0.0023466938053697817,0,0.0023466938053697817,0,0.11720693470965557,0.0023466938053697817,0,0.0038292000000000001,497,36,0.11285266457680251,0,0,0,0,0,0,0,0,0,1,20,nan,1,0.011546570556494076,0.0029016361814864231,0.0024087176550496286,0.064867779612541199,0.020021799999999999,4.8226863145872656e-05,0.0024087176550496286,-0.036659400000000002,0.12599998712539673,-0.29760000109672546,0.002522746542227268
639155411971501792,nan,25.003088203973874,0.0031309131140175011,0.00014312854780529349,312,0,0,0,0,-1.653579459359942,6.7979263433233363,2.0289678526302297,-1.6542194379984918,6.8009911507022309,2.029110981178035,0.0030317798483801644,-0.0007816187552014813,0.00014312854780529349,0,0.10110459616179465,0.011036371864182807,0.0030314089962594727,0.0014214460282278355,0.0033481262392221047,-0.00033090243396660668,0.0299829,-6.5377391000875917e-17,0.0022045018531365729,-0.0019766731514392344,-0.00097600802909703077,-2.1804892455658363e-15,0.0022045018531365733,-0.00047403098177190017,1,0,0.0299829,0,0,0,0,0,0,0,0.013879600000000001,497,33,0.10576923076923077,0,0,0,0,0,0,0,0,0,1,20,nan,1,0.003030445716320111,0,0.045171555574453133,-0.057813543826341629,0.0299829,-0.0013543742336332709,-0.045171555574453133,-0.039806399999999999,0.12599998712539673,-0.29760000109672546,0.0037778450139820574
639155411971701791,nan,26.754482241574941,0.0031433490852938646,0.00049724999140954296,311,0,0,0,0,-1.6550703531005917,6.8005713504841916,2.029110981178035,-1.6538895002335987,6.8034844639352148,2.0286137311866255,0.002090025107495379,-0.0023478582840658641,-0.00049724999140954296,0,0.10450177788364032,0.024862623883596564,0.0020900251074950182,-0.0013990228220138062,0.0025150486688084264,-0.00049724999140954296,0.019999900000000001,-3.6060564256867877e-16,0.00094883546205205783,-0.00085091510209989174,-0.00041980021803933454,-1.8030372280295339e-14,0.00094883546205205783,0,1,0,0.019999900000000001,0,0,0,0,0,0,0,0.013756600000000001,497,35,0.11254019292604502,0,0,0,0,0,0,0,0,0,1,20,nan,1,0.0020900251074950182,0,0,-0.057813543826341629,0.019999900000000001,0,0,-0.019806500000000001,0.12599998712539673,-0.29760000109672546,0.0025199871425092223
639155411972001936,nan,30.754779207838517,0.0042708865280363497,0.00037642950958360899,313,0,0,0,0,-1.6520075545003297,6.8044117613513775,2.0273651201756837,-1.6537160790663794,6.8083260193324726,2.0277415496852673,0.004266561346443625,-0.00019216142275582703,0.00037642950958360899,0,0.14214190094090765,0.029058671687289445,0.0042663180857908725,-0.0022954876511996052,0.0048446603148163212,-0.00087218150135814909,0.0300145,2.1120258320017626e-16,-0.0020979991041446201,0.0018819457332690526,0.000927297416162709,7.0366850422354619e-15,0.0020979991041446201,-0.0012486110109417583,1,0,0.0300145,0,0,0,0,0,0,0,0.0037986000000000001,497,34,0.10862619808306709,0,0,0,0,0,0,0,0,0,1,20,nan,1,0.0042704058267886711,0,0.11885788639699935,-0.063477560877799988,0.0300145,-0.0035674600312627369,-0.11885788639699935,-0.023061999999999999,0.12599998712539673,-0.29760000109672546,0.00378182661357522
639155411972201871,nan,31.466386920953859,0.003773133876084943,0.0018778577870119939,315,0,0,0,0,-1.6523460929206428,6.808999572850059,2.0275172274211846,-1.6549945513207551,6.8116869893324328,2.0256393696341726,0.0035799554696486521,0.0011918297203008853,-0.0018778577870119939,0,0.17906933420935367,0.10514317408631547,0.0035802227335147126,-0.00033558281282744474,0.0035959158285255705,-0.0021021800510947486,0.019993500000000001,-4.2121254401061847e-16,-0.0015266094394320773,0.0013699861457365792,0.00067355351758635607,-2.1067474129623051e-14,0.0015266094394320773,-0.00022432226408275469,1,0,0.019993500000000001,0,0,0,0,0,0,0,0.0040974000000000002,497,34,0.10793650793650794,0,0,0,0,0,0,0,0,0,1,20,nan,1,0.0035803300906724496,0,0.032056456074320866,-0.014379369094967842,0.019993500000000001,-0.0006409207545219342,-0.032056456074320866,-0.0371265,0.12599998712539673,-0.26399999856948853,0.0025191807425916195
639155411972501992,nan,29.090925011292363,0.0051952289022232524,0.0017326213644457411,314,0,0,0,0,-1.6545521757010635,6.8119033297000673,2.0256174744212947,-1.6580180730953777,6.8157734664674932,2.023884853056849,0.0049992716110472167,0.0014133954526151481,-0.0017326213644457411,0,0.16657623280087194,0.058460306920329365,0.0049993025564430485,0.00092084376857881362,0.0050834023347545911,-0.0017545165773236169,0.0300121,-1.5582695724047912e-16,-0.00049244222358139401,0.0004423756196916262,0.00021634036763451547,-5.1921377457918345e-15,0.0004924422235813939,-2.1895212877875991e-05,1,0,0.0300121,0,0,0,0,0,0,0,0.0140733,497,36,0.11464968152866242,0,0,0,0,0,0,0,0,0,1,20,nan,1,0.0049992737510398452,0,0.0020844176542126214,-0.016435839235782623,0.0300121,-6.2557751079994617e-05,-0.0020844176542126214,-0.0400907,0.12599998712539673,-0.26399999856948853,0.003781524213606119
639155411972701692,nan,30.663547951027716,0.00019376183075359439,0.00011384974111239288,313,0,0,0,0,-1.6585742230544824,6.8155026937485346,2.023884853056849,-1.6587645669688391,6.8154664605962516,2.0239987027979613,5.074479771093246e-05,0.00018699896406734742,0.00011384974111239288,0,0.002541051462751982,0.0057010386135399535,5.0744797711157086e-05,0.00080556233377523446,0.00080715903519204221,0.00011384974111239288,0.019970000000000002,2.2467379519330866e-16,0.00061856336970788695,-0.00055614995910469034,-0.00027077271895858956,1.1250565608077548e-14,0.00061856336970788695,0,1,0,0.019970000000000002,0,0,0,0,0,0,0,0.014026,498,38,0.12140575079872204,0,0,0,0,0,0,0,0,0,1,20,nan,1,5.0744797711157086e-05,0,0,-0.016435839235782623,0.019970000000000002,0,0,-0.020120699999999998,0.12599998712539673,-0.26399999856948853,0.0025162197428941729
639155411973001768,nan,27.843264771408645,0.0013583665962318557,8.6901161199026702e-05,310,0,0,0,0,-1.6598528274687849,6.8149364659536102,2.0240118141496448,-1.6585001422374908,6.8150605726609115,2.0240987153108438,-0.00048070756973441961,-0.0012704644985825245,8.6901161199026702e-05,0,-0.016018972266564423,0.0033329060932062852,-0.00048069091218615857,-6.0014177866272327e-05,0.00048442280561852754,0.00010001251288249692,0.030007599999999999,1.0066817171527909e-16,0.0012104566233330544,-0.0010882604999458145,-0.00052999464264136265,3.3547558523600384e-15,0.0012104566233330544,1.3111351683470218e-05,1,0,0.030007599999999999,0,0,0,0,0,0,0,0.0040287999999999999,497,37,0.11935483870967742,0,0,0,0,0,0,0,0,0,1,20,nan,1,-0.00048069203619754053,0,0.0012483839030983073,0.010452846996486187,0.030007599999999999,3.7461004810612764e-05,0.0012483839030983073,-0.023448199999999999,0.12599998712539673,-0.26399999856948853,0.0037809572136640549
639155411973201849,nan,29.017724262187624,0.0014578192165926264,0.0002470671386181067,316,0,0,0,0,-1.6584641968732503,6.8150780828902242,2.0241890265897289,-1.657043327307683,6.8147519440456943,2.024436093728347,-0.00091555420784828118,-0.0011344590608558976,0.0002470671386181067,0,-0.045754057090166778,0.016862091728007282,-0.00091545174966576595,-0.0011745252044445677,0.0014891478643310294,0.00033737841750314251,0.020008100000000001,3.3771881233386758e-16,-3.998346334377934e-05,3.5945364240452804e-05,1.7510229312733827e-05,1.6879104579338745e-14,3.998346334377934e-05,9.0311278885035775e-05,1,0,0.020008100000000001,0,0,0,0,0,0,0,0.0037889,497,37,0.11708860759493671,0,0,0,0,0,0,0,0,0,1,20,nan,1,-0.00091560327472256357,0,0.012896388232055253,0.0029331583064049482,0.020008100000000001,0.00025803222538578474,0.012896388232055253,-0.036715200000000003,0.12599998712539673,-0.26399999856948853,0.0025210203424036503
639155411973501864,nan,28.851518662616375,0.0022160195434933038,9.5710669111070956e-05,316,0,0,0,0,-1.6554607086144657,6.8155235530660496,2.0246455698390626,-1.6575248765107737,6.8163297500103477,2.0245498591699516,0.001629572232161932,0.0015017446378499404,-9.5710669111070956e-05,0,0.054305871932584369,0.0037919917872297764,0.0016292576167854301,-0.00025861344752319329,0.0016496549024244951,0.00011376544160457414,0.0300015,2.334287277361291e-16,-0.0017606994088755026,0.001582618693217297,0.00077160902035533496,7.7805685627761652e-15,0.0017606994088755026,0.00020947611071564509,1,0,0.0300015,0,0,0,0,0,0,0,0.014061300000000001,497,32,0.10126582278481013,0,0,0,0,0,0,0,0,0,1,20,nan,1,0.0016291801533508212,0,0.019949108327023922,0.01553830225020647,0.0300015,0.00059850317347320825,0.019949108327023922,-0.040271399999999999,0.056000001728534698,-0.13760000467300415,0.0016800840518586338
639155411973701642,nan,28.360051593618635,0.0021020150921060637,0.00019318034419946173,316,0,0,0,0,-1.6573699827482931,6.8164052905964549,2.0245498591699516,-1.6581169960252504,6.8144404907055014,2.0243566788257521,-0.0014385305357659628,0.0015326765298361413,-0.00019318034419946173,0,-0.072006453952186453,0.0096697506331759123,-0.0014385305357659905,0.0013603441248600334,0.0019798753092991482,-0.00019318034419946173,0.0199778,-2.7863995832877464e-17,-0.00017233240497610769,0.00015489376248067899,7.5540586107258889e-05,-1.3947479618815617e-15,0.00017233240497610772,0,1,0,0.0199778,0,0,0,0,0,0,0,0.013782600000000001,497,42,0.13291139240506328,0,0,0,0,0,0,0,0,0,1,20,nan,1,-0.0014385305357659905,0,0,0.01553830225020647,0.0199778,0,0,-0.020293599999999998,0.056000001728534698,-0.13760000467300415,0.0011187568345323205
639155411974001737,nan,28.838225748918067,0.002267233047561342,0.00027287921264784742,317,0,0,0,0,-1.6599534457093519,6.8135453063620641,2.0245634285341438,-1.659329133537234,6.8157248888917472,2.024290549321496,0.0016853434206861432,-0.0015165629714272402,-0.00027287921264784742,0,0.056170777041134365,0.0022036189958548856,0.0016856569336159218,0.00052679858669308038,0.0017660566380468265,-6.6129504256107197e-05,0.030009500000000001,2.8666305440516737e-16,0.0020430130814489589,-0.0018364496841014599,-0.00089518434343727193,9.5524102169368824e-15,0.0020430130814489593,0.00020674970839174025,1,0,0.030009500000000001,0,0,0,0,0,0,0,0.0036629000000000002,497,37,0.1167192429022082,0,0,0,0,0,0,0,0,0,1,20,nan,1,0.001685812453594988,0,0.019684215083483479,0.0043020034208893776,0.030009500000000001,0.0005907134525477975,0.019684215083483479,-0.023492800000000001,0.056000001728534698,-0.13760000467300415,0.001680532051872462
639155411974301764,nan,28.998925914388099,0.002655692333027451,0.0010846270900577437,313,0,0,0,0,-1.659802677116863,6.8154940970378473,2.0244929302599513,-1.6575186211442172,6.8141391837264056,2.025577557350009,-0.0022189223961000884,-0.0014591385019203035,0.0010846270900577437,0,-0.073947579679211978,0.04289640694047548,-0.0022186270488414933,-0.00093279687757158892,0.0024067438577169819,0.0012870080285130037,0.0300027,-1.0446287931897835e-16,0.00052679066206080133,-0.00047354357962903215,-0.00023079185389995871,-3.4817826168637607e-15,0.00052679066206080133,0.00020238093845525995,1,0,0.0300027,0,0,0,0,0,0,0,0.013934800000000001,497,38,0.12140575079872204,0,0,0,0,0,0,0,0,0,1,20,nan,1,-0.0022188966422661397,0,0.019272640553344256,0.028911562636494637,0.0300027,0.00057823125272982168,0.019272640553344256,-0.0265559,0.056000001728534698,-0.13760000467300415,0.001680151251860708
639155411974501626,nan,29.967001236381922,0.0020281132868460372,0.00016803105125884343,314,0,0,0,0,-1.6569621095974976,6.8144112987594365,2.0254396941438317,-1.6572451954433969,6.8124030393369184,2.0252716630925729,-0.0016799409400787562,0.0011362402660215587,-0.00016803105125884343,0,-0.0840472064919177,0.015305273510527328,-0.0016797842783887655,0.00051699490625630319,0.0017575434432801453,-0.00030589425743610127,0.019986199999999999,-2.7484525072507537e-16,-0.00061947695101086846,0.00055651154671965131,0.00027211503303092854,-1.3751751244612552e-14,0.00061947695101086857,-0.00013786320617725781,1,0,0.019986199999999999,0,0,0,0,0,0,0,0.013920500000000001,497,34,0.10828025477707007,0,0,0,0,0,0,0,0,0,1,20,nan,1,-0.001679886066632059,0,0.019708342495962188,-0.012778461910784245,0.019986199999999999,-0.0003938948747927995,-0.019708342495962188,-0.040282699999999998,0.056000001728534698,-0.10080000013113022,0.00111922723454684
639155411974701743,nan,33.112736446216196,0.0012140258459272428,4.1880084054923827e-05,311,0,0,0,0,-1.6577098413368379,6.8121760195414991,2.0252484003752778,-1.6579242360222139,6.8133709645918934,2.0252902804593327,0.0011677729922473035,-0.00033191112237636317,4.1880084054923827e-05,0,0.058354126374905481,0.00093032409839182838,0.0011677652707766961,0.00018520172587346845,0.0011823601003495853,1.8617366759787753e-05,0.0200117,-2.8622937353617317e-17,0.00051714001373300521,-0.00046464589344097362,-0.00022701979541928097,-1.430310136251159e-15,0.00051714001373300521,-2.3262717295136071e-05,1,0,0.0200117,0,0,0,0,0,0,0,0.0138736,497,37,0.11897106109324759,0,0,0,0,0,0,0,0,0,1,20,nan,1,0.0011677591154241572,0,0.003321302366040029,-0.0033232453279197216,0.0200117,-6.646490655848325e-05,-0.003321302366040029,-0.053211899999999999,0.056000001728534698,-0.10080000013113022,0.0011206552345909178
639155411975001911,nan,32.142146260282182,0.0013939182711992845,0.0011390265556103785,307,0,0,0,0,-1.6581738014731682,6.8132490244808066,2.0252639212859798,-1.6586185699016311,6.8145700805703902,2.0264029478415901,0.0013822083527835277,-0.00018030035019003413,0.0011390265556103785,0,0.046047666631192842,0.037068154575353118,0.0013822035997351893,9.742625350414038e-05,0.0013856329477869558,0.0011126673822574595,0.0300168,3.075068411712012e-17,0.0002777630375011144,-0.00024956545095422555,-0.00012194011108679348,1.0244491124010594e-15,0.0002777630375011144,-2.635917335291893e-05,1,0,0.0300168,0,0,0,0,0,0,0,0.0040152,497,32,0.10423452768729642,0,0,0,0,0,0,0,0,0,1,20,nan,1,0.0013821999300759344,0,0.0025089924264155039,-0.0025103974621742964,0.0300168,-7.5311923865228891e-05,-0.0025089924264155039,-0.0231951,0.056000001728534698,-0.10080000013113022,0.0016809408518850804
639155411975201892,nan,30.901096029503059,0.0016377643217115288,0.00096028891068833378,313,0,0,0,0,-1.6586759370620279,6.81454197130435,2.0265505548086074,-1.6577694628954471,6.8131779417743203,2.025590265897919,-0.0016237773572967168,-0.0002135862060192895,-0.00096028891068833378,0,-0.081195004165181078,0.040637957789546153,-0.0016237458127957077,-0.00014994222521317886,0.0016306542047514162,-0.00081268194367112301,0.019998100000000001,-2.2536497407826817e-16,6.3883659329273563e-05,-5.7367160396726291e-05,-2.8109266040132752e-05,-1.1269319289245885e-14,6.3883659329273576e-05,0.00014760696701721088,1,0,0.019998100000000001,0,0,0,0,0,0,0,0.0039445000000000001,497,36,0.11501597444089456,0,0,0,0,0,0,0,0,0,1,20,nan,1,-0.0016237773945771594,0,0.021088713001604972,0.021086709573864937,0.019998100000000001,0.00042173419147739644,0.021088713001604972,-0.036675800000000001,0.056000001728534698,-0.10080000013113022,0.0011198936345674097
639155411975501849,nan,32.10021102699563,0.0016074946385468876,0.00050891325274537991,310,0,0,0,0,-1.6575656433838757,6.8132776057248909,2.025524310492131,-1.6582797320309239,6.8147177850252261,2.0260332237448764,0.0016074696074598938,8.9707329535491627e-06,0.00050891325274537991,0,0.053590021090749167,0.014767378222790572,0.0016074701956317848,-0.00021801696754076454,0.0016221873590865389,0.00044295784695735918,0.0299957,-1.0154908598042356e-16,-0.00022688167916462673,0.00020381951157144584,9.9663950570594295e-05,-3.3854547811994237e-15,0.0002268816791646267,-6.5955405788020727e-05,1,0,0.0299957,0,0,0,0,0,0,0,0.013826400000000001,497,36,0.11612903225806452,0,0,0,0,0,0,0,0,0,1,20,nan,1,0.0016074907304928839,0,0.0062823676906079992,-0.0025421527680009604,0.0299957,-0.00018844401653717036,-0.0062823676906079992,-0.040052499999999998,0.335999995470047,-0.022400001063942909,0.010078555064120889
639155411975801902,nan,29.509903797138037,0.00095442522271596856,0.00055240176146309494,309,0,0,0,0,-1.6580832162084087,6.8148139854927567,2.0260162898974392,-1.658536628731113,6.8156538334492414,2.0254638881359761,0.00095366878504123793,3.7991501607533365e-05,-0.00055240176146309494,0,0.031783365880261656,0.018974501468082897,0.00095366942824701498,-0.00018082363865526294,0.00097066089169674371,-0.00056933560890026769,0.030005299999999999,2.1964580761840713e-16,-0.00021879899097563841,0.00019651582251523081,9.6200467530671574e-05,7.3202336793302235e-15,0.00021879899097563838,-1.6933847437172744e-05,1,0,0.030005299999999999,0,0,0,0,0,0,0,0.0039344999999999996,497,35,0.11326860841423948,0,0,0,0,0,0,0,0,0,1,20,nan,1,0.00095367380231069253,0,0.0016124625066032399,-0.0024190847761929035,0.030005299999999999,-4.838242124938219e-05,-0.0016124625066032399,-0.043149199999999999,0.335999995470047,-0.022400001063942909,0.010081780664077401
639155411976001728,nan,29.91585836016176,0.0013412916469872406,0.000450251428572912,318,0,0,0,0,-1.6584287647854696,6.8157065600227176,2.0253523073779598,-1.6596288240110617,6.8163056602959182,2.0258025588065327,0.0010651673906348978,0.00081515747693668822,0.000450251428572912,0,0.05330929608226264,0.016948278530151011,0.0010652583398934215,0.00069497729234741076,0.0012719153932518573,0.00033867067055659561,0.0199826,3.4167276213165065e-16,-0.00012006132733019919,0.00010786394564332724,5.27265734762139e-05,1.7098513813600366e-14,0.0001200613273301992,-0.00011158075801631639,1,0,0.0199826,0,0,0,0,0,0,0,0.0038844000000000001,497,34,0.1069182389937107,0,0,0,0,0,0,0,0,0,1,20,nan,1,0.0010651475462274958,0,0.015953988257810463,-0.010626774281263351,0.0199826,-0.00031880216576052334,-0.015953988257810463,-0.056234199999999998,0.335999995470047,-0.022400001063942909,0.0067141535094797609
639155411976201790,nan,30.522867894870831,0.0012156606797474529,0.00021805010280928627,308,0,0,0,0,-1.6602535059190742,6.8160000381192383,2.0260037951458187,-1.6593107069617374,6.8152326001645287,2.0257857450430095,-0.0011037899236694298,-0.00050939051099316117,-0.00021805010280928627,0,-0.055167267818938763,0.00084042764359293809,-0.0011036873934392526,0.00018582421858238853,0.0011192213823227677,-1.6813763523249037e-05,0.020006199999999998,-4.0402793957672323e-16,0.00069543684190347512,-0.00062468190801245882,-0.00030562217667995384,-2.0195136486525341e-14,0.00069543684190347501,0.00020123633928603724,1,0,0.020006199999999998,0,0,0,0,0,0,0,0.0039991999999999996,498,33,0.10714285714285714,0,0,0,0,0,0,0,0,0,1,20,nan,1,-0.0011036339269964244,0,0.028739139336234901,0.028748048469424248,0.020006199999999998,0.00057496096938858265,0.028739139336234901,-0.036228000000000003,0.335999995470047,-0.022400001063942909,0.0067220831093728539
639155411976501840,nan,3.51300716754821,0.0014851519712692572,0.00030510779661518939,315,0,0,0,0,-1.6615547571909797,6.8191854358530222,2.0260131414632125,-1.6602208685337903,6.8198384423062723,2.0257080336665974,5.4449727858994247e-08,-0.0014851519702711192,-0.00030510779661518939,0.15120315971532616,0.15121622980249708,0.0025899475558108314,0.0045372429752239245,-0.0012064833632025242,0.0046949095754767545,-7.7711376412104003e-05,0.030005,0.0045368508072588867,0.00027866855628896274,-0.0022440502292422337,0.0039528356884934723,0.15120315971534368,0.0045454011276882689,0.00022739642020308537,1,0.004536850807258362,0.030005,0.0024406609228613263,0,0.0024406609228613263,0,0.081341807127522953,0.0024406609228613263,0,0.0138634,497,37,0.11746031746031746,0,1,1,1,1,1,3,1,8,0.34999999999999998,20,0.004536850807258362,1,-0.00024088052348062464,0.004536850807258362,0.021653193058602058,0.021656801924109459,0.030005,0.00064970405772335482,0.021653193058602058,-0.039974999999999997,0.335999995470047,-0.022400001063942909,0.01008167986407876
639155411976701794,nan,30.917650550140838,0.0051086282333716541,0.0010178436896870482,312,0,0,0,0,-1.6594988436323572,6.8201916044235658,2.0258419534122813,-1.6580605690589518,6.8152896202662783,2.0248241097225943,-0.0050352894524803554,0.00086252104701396541,-0.0010178436896870482,0,-0.25182816627458177,0.044206364664025277,-0.0050354049159267722,5.8078439919566089e-05,0.0050357398436101713,-0.00088392394400305108,0.0199954,-1.9358429789728682e-16,-0.00080376827467905235,0.00072202490143302711,0.00035316211729341518,-9.6814416264384211e-15,0.00080376827467905224,0.00013391974568399689,1,0,0.0199954,0,0,0,0,0,0,0,0.014106499999999999,498,35,0.11217948717948718,0,0,0,0,0,0,0,0,0,1,20,nan,1,-0.005035393712562221,0,0.019135793473022199,0.019131392240524292,0.0199954,0.00038262784481046808,0.019135793473022199,-0.053577,0.69999998807907104,0,0.013996779761636257
639155411977001911,nan,29.448654706696377,0.0060025466227174584,0.0013137958941551453,309,0,0,0,0,-1.6581329054683913,6.8152543177539542,2.0248241097225943,-1.661265584168792,6.8203745609237609,2.0235103138284392,0.0059754581551226199,0.00056961899044478915,-0.0013137958941551453,0,0.19910428783182257,0.04377612378356259,0.0059754581551223094,0.00065011012975210464,0.006010719037222086,-0.0013137958941551453,0.030011699999999999,-3.1124056240269815e-16,8.0491139307315221e-05,-7.2336409439488492e-05,-3.5302512324086877e-05,-1.0370640863486512e-14,8.0491139307315221e-05,0,1,0,0.030011699999999999,0,0,0,0,0,0,0,0.0038608000000000002,497,34,0.11003236245954692,0,0,0,0,0,0,0,0,0,1,20,nan,1,0.0059754581551223094,0,0,0.019131392240524292,0.030011699999999999,0,0,-0.056467799999999999,0.69999998807907104,0,0.021008189642232656
639155411977301781,nan,33.060458480437831,0.0025268221112753194,9.9676468203302449e-05,303,0,0,0,0,-1.6618567765769616,6.8200870009502292,2.0232977740878058,-1.6602964750768452,6.8180994675012618,2.0233974505560091,-0.0024696903196488075,-0.00053428429423185795,9.9676468203302449e-05,0,-0.082362484426965824,0.0037637400350184107,-0.002469803820511424,0.00012365921469827601,0.0024728975945624235,-0.00011286327243009708,0.029987,1.4148838350935833e-17,0.00065741858952645304,-0.00059119240816962737,-0.00028755997353169249,4.718324057403486e-16,0.00065741858952645304,-0.00021253974063339956,1,0,0.029987,0,0,0,0,0,0,0,0.0141376,497,31,0.10231023102310231,0,0,0,0,0,0,0,0,0,1,20,nan,1,-0.0024698412530900207,0,0.020250655344331684,-0.033464409410953522,0.029987,-0.00060725640181047424,-0.020250655344331684,-0.059828100000000002,0.69999998807907104,0,0.020990899642527105
639155411977501802,nan,31.608452146958882,0.0050714326266043013,0.00012372964503271075,312,0,0,0,0,-1.6603704866574667,6.8180634780983302,2.0229814805620903,-1.6621336228617554,6.8228185574469125,2.023105210207123,0.0050475384791876,-0.00049171555528286634,0.00012372964503271075,0,0.25234017946049692,0.014610483343553221,0.0050473335035868044,-0.0004115171956447527,0.0050640815454276768,-0.00029224034888608585,0.020002099999999998,2.4637816743375285e-16,8.2297941587030515e-05,-7.4011580621480277e-05,-3.598940293159103e-05,1.2317615022110321e-14,8.2297941587030528e-05,-0.00041596999391879663,1,0,0.020002099999999998,0,0,0,0,0,0,0,0.013993,497,32,0.10256410256410256,0,0,0,0,0,0,0,0,0,1,20,nan,1,0.0050475771535542476,0,0.059418045950763547,-0.059424284845590591,0.020002099999999998,-0.0011884856969117674,-0.059418045950763547,-0.073517200000000005,0.93800002336502075,0,0.018761970267349479
639155411977701734,nan,32.688637118913555,0.0039654667335513203,0.00072936486728147898,312,0,0,0,0,-1.661764978487096,6.8229976839212023,2.022636431641597,-1.664017363353623,6.8262613764355091,2.0233657965088785,0.0039196054329569702,0.00060134820598084743,0.00072936486728147898,0,0.19606100581312588,0.013033746561606776,0.0039198869014229884,0.00018965101896938736,0.0039244720446123251,0.00026058630175551656,0.019993199999999999,1.5325197708082605e-16,-0.00040985969399232947,0.00036864437465933264,0.00017912647428985906,7.6652050237493777e-15,0.00040985969399232947,-0.00046877856552596247,1,0,0.019993199999999999,0,0,0,0,0,0,0,0.0139081,497,34,0.10897435897435898,0,0,0,0,0,0,0,0,0,1,20,nan,1,0.0039197590162550399,0,0.066991143492504304,-0.066968366503715515,0.019993199999999999,-0.0013393673300743369,-0.066991143492504304,-0.053524000000000002,0.93800002336502075,0,0.018753622067141533
639155411978001860,nan,40.1285531567055,0.0063115679464210706,0.0016217276058956285,315,0,0,0,0,-1.6660681060956462,6.8298314821756376,2.0229978322131319,-1.6685825281026287,6.8356205729430286,2.0213761046072363,0.0063058825615538499,-0.00026783401983493209,-0.0016217276058956285,0.17017101924691252,0.34696155914389981,0.066295219395927737,0.010413218489962208,1.3005085097241714e-05,0.010413226610994751,-0.001989691901642221,0.0300126,0.0041074349086636852,0.00028315942638357781,-0.0020507427420231039,0.0035701057401285041,0.13685701700831268,0.0041171835992166944,-0.00036796429574659228,1,0.0051072747322498868,0.0300126,0.0034082362247822573,0,0.0034082362247822573,0,0.11356017888427718,0.0034082362247822573,0,0.0041088000000000001,498,35,0.1111111111111111,0,0,0,0,0,0,0,0,0,1,20,nan,1,0.010413210214966799,0.0051072747322498868,0.035029506249878044,-0.038208667188882828,0.0300126,-0.0010513265592750898,-0.035029506249878044,-0.089932100000000001,0.93800002336502075,0,0.028151819501245023
639155411978202352,nan,37.301911421486345,0.0021628703178129408,0.00076862582790404588,314,0,0,0,0,-1.6703608847199385,6.8392448759174949,2.0213761046072363,-1.6715976351581809,6.8410192649292911,2.0206074787793322,0.0021358850857066628,0.00034059200274242057,-0.00076862582790404588,0.20135619812210548,0.30788838323202544,0.038336982418452903,0.0061729157730955244,0.0003631206097763043,0.0061835868004723469,-0.00076862582790404588,0.0200492,0.0040370306873888616,2.2528607033883621e-05,-0.0017783566173097398,0.0036243029744662536,0.20135619812206282,0.0040370935472260573,0,1,0.0040370306873897168,0.0200492,0.0032742330020436583,0,0.0032742330020436583,0,0.16330990772916917,0.0032742330020436583,0,0.0037883000000000001,497,33,0.10509554140127389,0,0,0,0,0,0,0,0,0,1,20,nan,1,0.0061729157730955244,0.0040370306873897168,0,-0.038208667188882828,0.0200492,0,0,-0.069882899999999998,0.93800002336502075,0,0.018806150068449972
639155411978501798,nan,37.190668864950176,0.0016304988728769972,0.0015326815023897211,307,0,0,1,2,-1.6761514907592867,6.8491873648208532,2.0204996830151645,-1.6758592257970717,6.8507914557678742,2.0189670015127748,0.001317558844854944,-0.00096050261051059316,-0.0015326815023897211,0.31176267243926314,0.355759095804002,0.054783742863737432,0.010653063820212519,-0.00041121746272124475,0.010660997540529115,-0.0016404772665574718,0.029944599999999998,0.0093356085211252268,0.00054942716947110545,-0.0045538556011057718,0.0081680998915620862,0.3117626724392788,0.0093517622229320474,-0.00010779576416775073,1,0.0093356085211247584,0.029944599999999998,0.0050255207509195543,0,0.0050255207509195543,0,0.1678272794066227,0.0050255207509195543,0,0.013824899999999999,497,30,0.097719869706840393,0,0,0,0,0,0,0,0,0,1,20,nan,1,0.010653127018899068,0.0093356085211247584,0.010285256694740293,-0.01026616059243679,0.029944599999999998,-0.00030798789762132017,-0.010285256694740293,-0.073587899999999998,0.93800002336502075,0,0.028088035499656199
639155411978801819,nan,34.660589487868293,0.0021981837084214502,0.00017112794344242846,311,0,0,0,0,-1.6811504789322878,6.8627069484906285,2.0181521380405214,-1.6816282250368235,6.864852588319577,2.0183232659839638,0.0021411610502964367,-0.00049743439030985903,0.00017112794344242846,0.44672896239057835,0.50570733738620088,0.021456349015932817,0.015172282106994537,-0.00089367585319700439,0.015198578909385377,-0.000643735528810918,0.0300021,0.013031527108635832,-0.00039449687430095914,-0.0052912531352160563,0.011915492722754273,0.43435383218627471,0.013037496944081857,-0.00081486347225334654,1,0.013402807002538372,0.0300021,0.011311397238950251,0,0.011311397238950249,0,0.37702018321884972,0.011311397238950249,0,0.0038505000000000002,497,30,0.096463022508038579,0,0,0,0,0,0,0,0,0,1,20,nan,1,0.015173312146454013,0.013402807002538372,0.077600612933632393,-0.059532400220632553,0.0300021,-0.0023281813492961323,-0.077600612933632393,-0.076456200000000002,0.93800002336502075,0,0.028141970500999688
639155411979002604,nan,32.609228528875249,0.00094478376425573209,0.00013082233187544645,318,0,0,0,0,-1.6856832232931129,6.8746673321158642,2.0179583238132843,-1.6851827903744325,6.873865968743166,2.0178275014814089,-0.00093896300420865048,-0.00010471312204636269,-0.00013082233187544645,0.5280741808761058,0.48130768159006526,0.024691311729210443,0.0096639362848061246,-0.00069591442209275068,0.0096889608008118751,-0.00049576450255495186,0.020078499999999999,0.01060293744072113,-0.00059154397420871753,-0.0040549982562894105,0.0098147437962872175,0.52807418087611768,0.010619425909401533,-0.0003649421706795053,1,0.01060293744072089,0.020078499999999999,0.008630633182566072,0,0.008630633182566072,0,0.42984451938969903,0.008630633182566072,0,0.0037349000000000002,497,30,0.094339622641509441,0,0,0,0,0,0,0,0,0,1,20,nan,1,0.0096642977836241574,0.01060293744072089,0.051930767548741777,-0.052134595811367035,0.020078499999999999,-0.0010426919162274118,-0.051930767548741777,-0.089860099999999998,0.93800002336502075,0,0.018833633469134567
639155411979302188,nan,36.99327926276159,0.0015415869984230074,0.0015336672251691219,310,0,0,0,0,-1.6922742496992829,6.8910438059184083,2.0173649421837281,-1.6931721009659046,6.892296943411556,2.015831274958559,0.0015180056270812556,0.00026860638461604117,-0.0015336672251691219,0.61937277434645377,0.67004736681668697,0.066633282246378975,0.020073547034041034,-0.00076329576573092636,0.020088053936452889,-0.0019962265228499199,0.0299584,0.018555417322980668,-0.001031199954019609,-0.0070914593248503355,0.017177837175242239,0.61937277434644933,0.018584049219024925,-0.0004625592976807979,1,0.018555417322980799,0.0299584,0.010110579231154659,0,0.010110579231154659,0,0.33748729008073391,0.010110579231154659,0,0.013634500000000001,497,30,0.096774193548387094,0,0,0,0,0,0,0,0,0,1,20,nan,1,0.020074047036470165,0.018555417322980799,0.044114438467135607,-0.066079899668693542,0.0299584,-0.0013215979933738353,-0.044114438467135607,-0.093653600000000004,0.95200002193450928,0,0.028520397457122801
639155411979502417,nan,35.965789661002489,0.00071352938761422551,0.00054075209986148565,314,0,0,0,0,-1.6984801267061393,6.9045489789766616,2.0149660634314377,-1.6990369900311981,6.9049951038741888,2.0144253113315762,0.0006421252019275012,0.00031112603883104586,-0.00054075209986148565,0.666421077757126,0.69850405032275376,0.070217781988760553,0.013986076749207467,-0.00017280060257134598,0.013987144200406698,-0.0014059636269827536,0.0200229,0.013343682597822922,-0.00048337095089207808,-0.0053080257402347009,0.012252035565105679,0.66642107775711423,0.013352434712351475,-0.00086521152712126792,1,0.013343682597823158,0.0200229,0.0039644723494696166,0,0.0039644723494696166,0,0.19799691101037395,0.0039644723494696166,0,0.014074,498,29,0.092356687898089165,0,0,0,0,0,0,0,0,0,1,20,nan,1,0.013986279650023362,0.013343682597823158,0.12346028470562018,-0.082401372492313385,0.0200229,-0.0024720329346321623,-0.12346028470562018,-0.073630699999999993,0.95200002193450928,0,0.019061801239192485
639155411979701870,nan,34.944913795091459,0.0016843576266898327,0.00056592169800984138,314,0,0,0,0,-1.7054339253620476,6.9188114571191059,2.0144253113315762,-1.7038163115560558,6.9192809101937076,2.0138593896335664,-0.00027030216201590822,-0.0016625274000141264,-0.00056592169800984138,0.76331880022898957,0.74976662693418883,0.028373686934257264,0.014954320304190475,-0.0018150704329167053,0.015064069053106862,-0.00056592169800984138,0.019945299999999999,0.015224622466206383,-0.00015254303290257974,-0.0063969353308495069,0.013816353244917146,0.76331880022894538,0.015225386649126624,0,1,0.015224622466207266,0.019945299999999999,0.0046128881735434391,2.1684043449710089e-19,0.0046128881735434391,0,0.23127695113853586,0.0046128881735434391,0,0.013902100000000001,498,31,0.098726114649681534,0,0,0,0,0,0,0,0,0,1,20,nan,1,0.014954320304190475,0.015224622466207266,0,-0.082401372492313385,0.019945299999999999,0,0,-0.053685400000000001,0.95200002193450928,0,0.018987926037490367
639155411980001910,nan,35.971891639069753,0.0047584895847637742,0.0001953489204788994,315,0,0,0,0,-1.7128849921923892,6.9447311443878492,2.0118663891574111,-1.7114056154172097,6.9402084607281882,2.01206173807789,-0.0047213987002406657,0.0005929733903566577,0.0001953489204788994,0.9150230848399028,0.73858301497317669,0.059913730025208292,0.022160444781255194,-0.0021153230408387062,0.02226117482232606,-0.0017976515556763495,0.030003999999999999,0.02688065230921402,-0.0027177049971638771,-0.0090686806363333705,0.025450234194141608,0.89590229000180044,0.027017686596384646,-0.0019930004761552489,0.99478498101234436,0.027454352637536442,0.030003999999999999,0.023249851475647176,0,0.023249851475647176,0,0.77489173029086711,0.023249851475647176,0,0.0039931000000000003,497,25,0.079365079365079361,0,0,0,0,0,0,0,0,0,1,20,nan,1,0.022166377582713837,0.027454352637536442,0.18978426458904993,-0.15312901139259338,0.030003999999999999,-0.0056942870747298535,-0.18978426458904993,-0.056516499999999997,0.95200002193450928,0,0.028563808658123017
639155411980201774,nan,43.772803370729832,0.0071139073739541524,0.0039409186101777571,316,0,0,0,0,-1.7185141159050039,6.9584955447736778,2.0117854191505948,-1.7240316170177292,6.9629860747642551,2.0078445005404171,0.0064159784995104392,0.0030729298753826165,-0.0039409186101777571,0.97923221798823956,1.3002919067390424,0.21100536051879976,0.025988154164849196,0.0016886268671278647,0.026042957159131422,-0.0042172375374729398,0.019986400000000001,0.019571326801599617,-0.0013825300346683791,-0.0071085004877942115,0.018287084045489621,0.97923221798821269,0.019620097402198888,-0.0002763189272951827,1,0.019571326801600151,0.019986400000000001,0.015697777916903632,0,0.015697777916903632,0,0.7854229834739439,0.015697777916903632,0,0.0039557000000000004,498,24,0.075949367088607597,0,0,0,0,0,0,0,0,0,1,20,nan,1,0.025987485569313705,0.019571326801600151,0.03950099314612416,-0.017794037237763405,0.019986400000000001,-0.0007894826494156959,-0.03950099314612416,-0.069944199999999998,0.95200002193450928,0,0.019027053238391878
639155411980501894,nan,43.973197681740672,0.004035694682379889,0.0020666792623278418,312,0,0,0,0,-1.7396677933872053,6.9900758930057361,2.0076632761197506,-1.7368827731607925,6.9871551920782426,2.0055965968574228,-0.0038247433986101989,-0.0012876993065840401,-0.0020666792623278418,1.0383109380253688,0.91086269404418951,0.074900162701396877,0.027336811173654215,0.0014132235515513028,0.027373316312618849,-0.0022479036829943233,0.030012,0.031161787872017302,0.0027002297000870285,-0.015636176369476118,0.027089818241480934,1.0383109380253666,0.031278559171001412,-0.00018122442066648148,1,0.031161787872017368,0.030012,0.011818262758792384,8.6736173798840355e-19,0.011818262758792386,0,0.39378457812849477,0.011818262758792386,0,0.018629799999999998,498,22,0.070512820512820512,0,0,0,0,0,0,0,0,0,1,20,nan,1,0.027336444385218858,0.031161787872017368,0.017252567607883105,-0.051778405904769897,0.030012,-0.00051778405904778779,-0.017252567607883105,-0.039932200000000001,0.95200002193450928,0,0.028571424658298494
639155411980801826,nan,53.009628601803456,0.0048046032151018792,0.00054746046988185526,303,0,0,0,0,-1.7530019014229057,7.0183628155596187,2.0044193848874712,-1.7482625756910128,7.0191521213695465,2.004966845357353,-0.0012750261212339307,-0.0046323342328396895,0.00054746046988185526,1.182306651488259,1.1273640361843418,0.020996475870187895,0.033813255010084198,-0.0031570833569168223,0.033960320812670558,-0.00062975150006971958,0.029993200000000001,0.035093733485882933,0.0014737466904487084,-0.016119128262113147,0.031207623481376068,1.1700563289639963,0.035124664543391582,-0.0011772119699515748,1,0.035461159859417647,0.029993200000000001,0.030672379531978322,0,0.030672379531978322,0,1.0226444504747183,0.030672379531978322,0,0.0037396,497,19,0.062706270627062702,0,0,0,0,0,0,0,0,0,1,20,nan,1,0.033818516558091503,0.035461159859417647,0.11214084430106244,-0.080997727811336517,0.029993200000000001,-0.0033634627712906262,-0.11214084430106244,-0.0433266,0.95200002193450928,0,0.028553527057886125
639155411981001694,nan,59.620995403758428,0.0054500233190149664,0.00039643928520183286,315,0,0,1,2,-1.7567362064607384,7.0423944236917722,2.0046532990797914,-1.758466050382155,7.0475626336512596,2.0042568597945896,0.0054165617930978186,-0.00060300291820177183,-0.00039643928520183286,1.2333322800351225,1.5043297612490119,0.035522723135442948,0.030066738072131748,-0.00269432098755365,0.030187217557803313,-0.00070998556276347102,0.019986799999999999,0.024650365614605717,-0.0020896197562332878,-0.0084736307697255153,0.023242302322225683,1.2333322800351092,0.024738775953134312,-0.00031354627756163822,1,0.024650365614605985,0.019986799999999999,0.020038812886326692,0,0.020038812886326696,0,1.0026023618751723,0.020038812886326696,0,0.0037391,497,17,0.053968253968253971,0,0,0,0,0,0,0,0,0,1,20,nan,1,0.030067941904890965,0.024650365614605985,0.04482190782509226,-0.062416307628154755,0.019986799999999999,-0.00089584650731855398,-0.04482190782509226,-0.023339800000000001,0.95200002193450928,0,0.01902743403840065
639155411981201780,nan,46.292425796689216,0.0067276203070076512,0.0018265372706203209,317,0,0,0,0,-1.7670257987204967,7.0724285116926842,2.004037120914417,-1.77118755965638,7.0777144005401551,2.0022105836437967,0.0065446925871223902,0.0015581636420244674,-0.0018265372706203209,1.3075096356451199,1.6346207187916642,0.10226983151209437,0.032706472114014895,-0.0011191633444925346,0.032725614505101197,-0.0020462761507928917,0.020008600000000001,0.026161437295767254,-0.0026758888254903059,-0.0085597483383417217,0.024865878041424594,1.3075096356450353,0.026297931142710555,-0.00021973888017257082,1,0.026161437295768947,0.020008600000000001,0.021175249300235066,1.7347234759768071e-18,0.021175249300235066,0,1.058307392832835,0.021175249300235066,0,0.0038135,498,16,0.050473186119873815,0,0,0,0,0,0,0,0,0,1,20,nan,1,0.032706821822113555,0.026161437295768947,0.031377776152302743,-0.034844532608985901,0.020008600000000001,-0.00062782537192096477,-0.031377776152302743,-0.036825799999999999,0.93800002336502075,0,0.018768067267501354
639155411981501810,nan,49.069793468107363,0.0072574211483045891,0.00026831831589158028,317,0,0,0,0,-1.7868989944539209,7.1156182309886233,2.0014930382499423,-1.7843623583645758,7.1088185516525009,2.0012247199340507,-0.0072377549191569605,0.00053391521244286868,-0.00026831831589158028,1.3665543990888709,1.1253328563254068,0.032858837774421223,0.033763361688331175,-0.0010387227368501874,0.033779335952933101,-0.00098586370974595994,0.030002999999999998,0.041000731635863215,-0.001577831229102657,-0.015711434797540891,0.037903830448468234,1.3665543990888651,0.041031080244902235,-0.00071754539385437965,1,0.041000731635863388,0.030002999999999998,0.022153896640828567,0,0.022153896640828563,0,0.73838938242271002,0.022153896640828563,0,0.0137915,498,17,0.05362776025236593,0,0,0,0,0,0,0,0,0,1,20,nan,1,0.033764408707750757,0.041000731635863388,0.068330823475212452,-0.071664683520793915,0.030002999999999998,-0.002050129696726799,-0.068330823475212452,-0.039823600000000001,0.93800002336502075,0,0.028142814701020716
639155411981701763,nan,52.156151505330875,0.0055317850952456586,0.0019585176574292706,320,0,0,0,0,-1.7956061156984993,7.1349131773551573,2.0012247199340507,-1.797371341341728,7.1401557554202384,1.9992662022766214,0.0055009455525636738,-0.00058330469543109117,-0.0019585176574292706,1.4206353848746942,1.6957473138061059,0.097948900863166377,0.033906976263747231,-0.001253370946775717,0.033930133776343109,-0.0019585176574292706,0.019995300000000001,0.028406030711183559,-0.00067006625134462608,-0.011243757333923465,0.026094625702656415,1.4206353848746234,0.02841393266596327,0,1,0.028406030711184974,0.019995300000000001,0.0085546400970990533,0,0.0085546400970990533,0,0.42783254550314587,0.0085546400970990533,0,0.013973599999999999,498,15,0.046875,1,0,0,0,0,0,0,0,0,1,20,nan,1,0.033906976263747231,0.028406030711184974,0,-0.071664683520793915,0.019995300000000001,0,0,-0.0198283,0.93800002336502075,0,0.018755591867190599
639155411982001741,nan,54.32284125822634,0.0095186904347404396,0.00081673864034303978,327,0,0,0,0,-1.814299620101115,7.1815025266563692,1.9970504299503293,-1.8090978467087038,7.1735308881067095,1.9978671685906724,-0.0094090844966037597,-0.0014403459751705155,0.00081673864034303978,1.496929143736945,1.1744270641744137,0.046637876309231649,0.035230228185691229,-0.003200223733645511,0.035375279644990237,-0.0013990336859490693,0.029997800000000002,0.044642481060803256,-0.0017807296662523155,-0.016928278759386961,0.041346771236130841,1.4881918360947555,0.044677982423207613,-0.0022157723262921092,1,0.044904581067992132,0.029997800000000002,0.038730808486358015,0,0.038730808486358015,0,1.2911216317982657,0.038730808486358015,0,0.0039491999999999999,497,13,0.039755351681957186,1,0,0,0,0,0,0,0,0,1,20,nan,1,0.035240181624103278,0.044904581067992132,0.21104141220755643,-0.11699536442756653,0.029997800000000002,-0.0063307780751198361,-0.21104141220755643,-0.056765799999999998,0.8540000319480896,0,0.025618122158372402
639155411982303388,nan,63.828864567669143,0.0068881241201515873,0.0012122779809602413,313,0,0,0,0,-1.8256982103242465,7.2176582262870257,1.9974138956370429,-1.8240748521967989,7.2109641272225762,1.9962016176560826,-0.0067658465815810427,0.0012921199360439401,-0.0012122779809602413,1.5594363162467451,1.3351589256697565,0.055215232857935087,0.040274668445150499,-0.0018732767359050401,0.040318210328536219,-0.0016655509345897546,0.030164699999999999,0.047039928648688618,-0.0031684633143706682,-0.016600363615542735,0.044127338180316222,1.5594363162467593,0.047146516807164328,-0.00045327295362951325,1,0.047039928648688188,0.030164699999999999,0.025006964823701239,-1.7347234759768071e-18,0.025006964823701239,0,0.82901420613171151,0.025006964823701239,0,0.0141288,498,11,0.035143769968051117,1,0,0,0,0,0,0,0,0,1,20,nan,1,0.040275873009620586,0.047039928648688188,0.042933149734573274,-0.064753279089927673,0.030164699999999999,-0.0012950655817984824,-0.042933149734573274,-0.026601099999999999,0.8540000319480896,0,0.025760654763704538
639155411982501756,nan,66.462712681640284,0.0077637074237941516,0.0031456880153020168,320,0,0,1,2,-1.8361535981813379,7.2405019635776906,1.9958718086013503,-1.8404045850249124,7.2469984444572155,1.9927261205860483,0.0076714060446452913,0.0011936005447619833,-0.0031456880153020168,1.6076157553377668,1.9943615655330538,0.1752045224045391,0.039561751503166084,3.2872377976073813e-06,0.039561751639736534,-0.0034754970700343613,0.019836800000000002,0.031889952215485337,-0.0011877831429178316,-0.012078745984539063,0.029537836355114422,1.6076157553378234,0.031912064820386311,-0.00032980905473234401,1,0.031889952215484213,0.019836800000000002,0.0092294828129695361,0,0.0092294828129695361,0,0.46527074996821743,0.0092294828129695361,0,0.014095699999999999,498,10,0.03125,1,0,0,0,0,0,0,0,0,1,20,nan,1,0.039561745563252378,0.031889952215484213,0.047503205403562856,-0.04711557924747467,0.019836800000000002,-0.00094231158494939571,-0.047503205403562856,-0.039769100000000002,0.8540000319480896,0,0.016940627833747866
639155411982701717,nan,44.293931317352147,0.0073578561165813352,0.0014991318232275843,320,0,0,0,0,-1.8541190909248333,7.2772040043475412,1.9927261205860485,-1.8569509772017545,7.283995062199371,1.9912269887628209,0.0073552035040774224,-0.00019755517183961619,-0.0014991318232275843,1.6589700714554785,2.0268019738803194,0.074971210547424866,0.04052813494990825,-5.5640911723713049e-05,0.040528173144481018,-0.0014991318232273623,0.019996099999999999,0.033172931445830833,0.0001419142601159027,-0.013714505899920848,0.030205559890325695,1.6589700714554756,0.033173235000027002,2.2204460492503131e-16,1,0.033172931445830889,0.019996099999999999,0.0097982090360311247,4.3368086899420177e-19,0.0097982090360311247,0,0.49000600297213581,0.0097982090360311247,0,0.014089900000000001,498,7,0.021874999999999999,1,0,0,0,0,0,0,0,0,1,20,nan,1,0.04052813494990825,0.033172931445830889,0,-0.04711557924747467,0.019996099999999999,0,0,-0.052982000000000001,0.8540000319480896,0,0.017076670038837193
639155411983001810,nan,46.015716748528561,0.010955038844311227,0.00074913691158129403,318,0,0,0,0,-1.8781004718488301,7.3312811170275296,1.9907620861599165,-1.8711887396873912,7.3227816561852821,1.9900129492483352,-0.010578997300777991,-0.0028456444244669534,-0.00074913691158129403,1.7324826605031793,1.3735738660760339,0.040455442628976088,0.041219990219235524,-0.0028330478201835808,0.041317233131289412,-0.0012140395144857321,0.030009299999999999,0.051800309324222978,7.6780935584254417e-06,-0.021149494647075606,0.047286054828158619,1.7261418734933163,0.051800309893265145,-0.00046490260290443786,1,0.051990591903838056,0.030009299999999999,0.044743387703196191,0,0.044743387703196191,0,1.4909840517171742,0.044743387703196191,0,0.0040733000000000002,497,6,0.018867924528301886,1,0,0,0,0,0,0,0,0,1,20,nan,1,0.041221862687229126,0.051990591903838056,0.044262716929618903,-0.055591307580471039,0.030009299999999999,-0.0013282931511560125,-0.044262716929618903,-0.022972699999999999,0.8540000319480896,0,0.025627943158739803
639155411983201723,nan,51.808873496348689,0.001379937743783243,3.2212638729323118e-05,310,0,0,0,0,-1.8838135077151317,7.3556662701385633,1.9892744973302865,-1.8845982560577039,7.3568013464424071,1.9892422846915572,0.0013560272916311432,0.00025576974228609152,-3.2212638729323118e-05,1.7595614880862942,1.8274017883940563,0.03854999708763257,0.036532137372322096,-0.001599185256998148,0.036567122589512197,-0.00077066455677798906,0.0199913,0.035175921576779789,-0.0018539535686837635,-0.012624768027740485,0.032884613953281239,1.7595614880863071,0.035224744180910636,-0.00073845191804866584,1,0.035175921576779533,0.0199913,0.027870222278245649,0,0.027870222278245649,0,1.3941175550487286,0.027870222278245649,0,0.0041520000000000003,498,4,0.012903225806451613,1,0,0,0,0,0,0,0,0,1,20,nan,1,0.036533804074667733,0.035175921576779533,0.10553904063253373,-0.10549154877662659,0.0199913,-0.0021098626229971718,-0.10553904063253373,-0.0029813999999999999,0.8540000319480896,0,0.017072570838683843
639155411983501798,nan,53.84013983879484,0.013094308074220684,0.0032246360568035648,319,0,0,0,0,-1.9043021192993834,7.4069119818732529,1.9883778821410933,-1.8992151562783988,7.3948461743509304,1.9916025181978969,-0.013092044802064948,0.00024344782464655237,0.0032246360568035648,1.7926735930546862,1.3563883485646075,0.078654786514695915,0.040701823369552463,-0.0021033965495485217,0.040756136993720334,0.0023602335063397377,0.030007499999999999,0.053793652843589335,-0.0023581610787523632,-0.019703863241679498,0.050110635430845818,1.7926735930547142,0.053845315580187188,-0.00086440255046382752,1,0.053793652843588495,0.030007499999999999,0.028550478177708172,1.7347234759768071e-18,0.028550478177708172,0,0.95144474473742136,0.028550478177708172,0,0.0140813,498,5,0.015673981191222569,1,0,0,0,0,0,0,0,0,1,20,nan,1,0.040704389738091665,0.053793652843588495,0.082303476556003285,-0.077387154102325439,0.030007499999999999,-0.0024697215727542687,-0.082303476556003285,-0.039958899999999999,0.67199999094009399,0,0.020165039728134871
639155411983801787,nan,55.536325713128399,0.0090422420480538324,0.0042945247837262723,317,0,0,1,2,-1.9197365058613731,7.4460825841840066,1.9909935944255472,-1.9161672239704408,7.4377746140324801,1.986699069641821,-0.0090413021202124869,0.00013037341229693578,-0.0042945247837262723,1.8427954095972137,1.5369969616973409,0.1634542785260773,0.046108218154262359,-0.0020629472041175777,0.046154344676617672,-0.00490344855607594,0.029998899999999998,0.055149439210805881,-0.0021988260556978258,-0.020521349582974358,0.051236409833076202,1.8383820477019452,0.055193255759101487,-0.00060892377234966766,1,0.055281835212965848,0.029998899999999998,0.047575918636443504,0,0.047575918636443504,0,1.5859221050253012,0.047575918636443504,0,0.0041098000000000003,498,3,0.0094637223974763408,1,0,0,0,0,0,0,0,0,1,20,nan,1,0.046109995248169562,0.055281835212965848,0.05799486670224583,-0.068636707961559296,0.029998899999999998,-0.0017397822067140023,-0.05799486670224583,-0.043257499999999997,0.67199999094009399,0,0.020159260528212784
639155411984001655,nan,43.452169875778623,0.011994174924571735,0.0028881743255926295,310,0,0,0,0,-1.929990824170253,7.4721023691466701,1.9866990696418212,-1.9358067861100801,7.482592117419899,1.9838108953162286,0.011945258891707944,0.0010821377598520887,-0.0028881743255926295,1.8505381378780503,2.4481955363464536,0.1445040889783461,0.048931594545849298,-0.00014165492816431077,0.048931799587978185,-0.0028881743255924075,0.019986799999999999,0.036986335654141347,-0.0012237926880164021,-0.013823600199812214,0.034327755114190062,1.850538137878067,0.037006576356967288,2.2204460492503131e-16,1,0.036986335654141014,0.019986799999999999,0.029609165367491034,0,0.02960916536749103,0,1.4814360161452076,0.02960916536749103,0,0.0039864999999999996,497,2,0.0064516129032258064,1,0,0,0,0,0,0,0,0,1,20,nan,1,0.048931594545849298,0.036986335654141014,0,-0.068636707961559296,0.019986799999999999,0,0,-0.023270699999999998,0.67199999094009399,0,0.01343112941892147
639155411984301753,nan,47.919957286763555,0.0087209532007699302,0.0013933553557867739,304,0,0,0,0,-1.9582244239109463,7.5337494900666817,1.9834162982631662,-1.954469340121348,7.5258783802044631,1.9820229429073795,-0.008716342940076123,-0.00028353215162381026,-0.0013933553557867739,1.8611794654136822,1.5707258755054694,0.059578951170920928,0.047137169378744036,-0.00028059051555975184,0.047138004498258376,-0.0017879524088491028,0.0300098,0.055853623521171659,-4.9782915826843133e-07,-0.022417637800866252,0.051157372646782662,1.8611794654136868,0.055853623523390267,-0.00039459705306232884,1,0.055853623521171521,0.0300098,0.029796738769487519,0,0.029796738769487519,0,0.99290027822536364,0.029796738769487519,0,0.014000200000000001,498,1,0.0032894736842105261,1,0,0,0,0,0,0,0,0,1,20,nan,1,0.047137320061069896,0.055853623521171521,0.037568399376412813,-0.083495400846004486,0.0300098,-0.0011274201516062732,-0.037568399376412813,-0.026691900000000001,0.070000000298023224,0,0.0021006860089436172
639155411984501731,nan,50.584652071513922,0.0071044352873897267,0.0017888363454714451,310,0,0,0,0,-1.9691212070412372,7.5598038800525122,1.9812480959543359,-1.9709306528902755,7.566674026082409,1.9794592596088645,0.0070215277874676454,-0.0010821960462541261,-0.0017888363454714451,1.8479042944678123,2.1989772696662881,0.12819826673508955,0.043974707643332493,-0.0012184532648634432,0.043991584884784746,-0.0025636832985149738,0.0199978,0.036954020499909687,-0.00013081693461053367,-0.014651866919889178,0.033925499848049157,1.8479042944678759,0.03695425204463116,-0.00077484695304352869,1,0.036954020499908417,0.0199978,0.010971007796255705,-8.6736173798840355e-19,0.010971007796255705,0,0.54861073699385454,0.010971007796255705,0,0.0140608,498,0,0,1,0,0,0,0,0,0,0,0,1,20,nan,1,0.043976029437796119,0.036954020499908417,0.11070459936934263,-0.064533993601799011,0.0199978,-0.0022138484372682399,-0.11070459936934263,-0.039896500000000001,0.070000000298023224,0,0.0013998460059598088
639155411984701747,nan,54.950402555513683,0.0052029588073014008,0.00020346383926872491,311,0,0,0,0,-1.9844845104392808,7.6007561822268803,1.9794592596088645,-1.9848284034569499,7.6059477636760029,1.9792557957695958,0.0049007272801547177,-0.0017474703076225801,-0.00020346383926872491,1.8329363950201634,2.0779531576868857,0.01017237817318239,0.041562387878790012,-0.0028533925767368056,0.041660220059235975,-0.00020346383926872491,0.020001600000000001,0.036661660598635293,-0.0011059222691142262,-0.013553857549005288,0.034082156144471298,1.8329363950201629,0.036678337229417178,0,1,0.0366616605986353,0.020001600000000001,0.010804243580446737,8.6736173798840355e-19,0.010804243580446737,0,0.54016896550509641,0.010804243580446737,0,0.014107099999999999,498,0,0,1,0,0,0,0,0,0,0,0,1,20,nan,1,0.041562387878790012,0.0366616605986353,0,-0.064533993601799011,0.020001600000000001,0,0,-0.0198949,0.070000000298023224,0,0.0014001120059609414
639155411985001980,nan,54.236611976150307,0.016402858219507988,0.00038317326618453329,306,0,0,1,2,-2.0011882825956153,7.6544990855252788,1.9784631275573903,-1.9948128447021847,7.6393859273696751,1.9788463008235748,-0.016402269852989464,0.00013892961884974953,0.00038317326618453329,1.6687118935216738,1.1542073431683249,0.013639238392213331,0.034653113326145568,-0.0041184457007079033,0.034896989242402657,-0.0004094949460209385,0.030023299999999999,0.051055267901093396,-0.0042703768324702778,-0.016359879138665434,0.048551321849275908,1.7005215249853747,0.051233548566771335,-0.00079266821220547179,1,0.050100237792769266,0.030023299999999999,0.036144826518908602,1.7347234759768071e-18,0.036144826518908602,0,1.2038925274339798,0.036144826518908602,0,0.0089353000000000002,498,0,0,1,1,1,1,1,1,3,0.021379200816431364,0.17103360653145092,0.98610351946931962,20,0.050100237792769266,1,0.03432039432363268,0.050100237792769266,0.07543362390497188,-0.075492210686206818,0.030023299999999999,-0.0022647663205861424,-0.07543362390497188,-0.0233423,0.070000000298023224,0,0.0021016310089476404
639155411985302036,nan,49.386862207105757,0.0052728921720226474,0.0033211558592634027,306,0,0,0,0,-2.0070980034056114,7.6781398506729106,1.977716676402798,-2.0112567323831807,7.6813815115356325,1.9743955205435346,0.0046229143212310041,0.0025361496478589337,-0.0033211558592634027,1.3479845250493705,1.5021482900685894,0.14833165409257607,0.045072860732482067,-0.0015709095758507825,0.04510022762143473,-0.0044507802800402008,0.0300056,0.040447084464821065,-0.0041018354497795225,-0.012285158703426724,0.03875392330323546,1.3479845250493596,0.040654540899651516,-0.001129624420776798,1,0.040447084464821391,0.0300056,0.014976782065561522,0,0.014976782065561522,0,0.49913289737787353,0.014976782065561522,0,0.018895100000000001,498,0,0,1,0,0,0,0,0,0,0,0,1,20,nan,1,0.045075337096357394,0.040447084464821391,0.10756319970529078,-0.065575197339057922,0.0300056,-0.0032274983450770733,-0.10756319970529078,-0.026363500000000002,0.070000000298023224,0,0.0021003920089423655
639155411985501865,nan,54.070544898560051,0.016918254656251235,0.0016996011935574984,299,0,0,0,0,-2.0214355220364544,7.7075407245931338,1.973910793431612,-2.0294572601000991,7.722436329953509,1.9722111922380545,0.016848436744715319,0.0015354217248342997,-0.0016996011935574984,1.4039471434168465,2.2471270134991004,0.10930987521731574,0.044904114398051177,0.00061468254071445766,0.044908321328002522,-0.0021843283054800988,0.019982900000000001,0.028054935372184189,-0.00091257210997435639,-0.010178789653273679,0.02615921305750124,1.4039471434168307,0.028069773540114903,-0.00048472711192260043,1,0.028054935372184502,0.019982900000000001,0.0085535479712675055,4.3368086899420177e-19,0.0085535479712675055,0,0.42804337564955564,0.0085535479712675055,0,0.013890400000000001,497,0,0,1,0,0,0,0,0,0,0,0,1,20,nan,1,0.044903677984516985,0.028054935372184502,0.069305986893479679,-0.058026764541864395,0.019982900000000001,-0.0013849346054937151,-0.069305986893479679,-0.040131800000000002,0,0,0
639155411985801896,nan,53.295271806208468,0.0023829628689910481,0.00072141219494548103,293,0,0,0,0,-2.0471172456654836,7.7613029313943942,1.9717546749210801,-2.0454373402014236,7.7629930289261395,1.9724760871160256,0.00090038290814967842,-0.0022063142690246953,0.00072141219494548103,1.4262880281546895,1.4524020959174107,0.0088289169442857651,0.043576565324019663,-0.0011365501144967923,0.043591384373535505,0.00026489487797110023,0.030003100000000001,0.042677189730329024,0.0010701749649962705,-0.017659985565384506,0.038866601440885162,1.422426006990245,0.042690605497394923,-0.00045651731697438075,1,0.042793062337527964,0.030003100000000001,0.03009961138285,0,0.03009961138285,0,1.0032167137012509,0.03009961138285,0,0.0088184000000000005,498,0,0,1,0,0,0,0,0,0,0,0,1,20,nan,1,0.04357729727807455,0.042793062337527964,0.04347334746595366,-0.065215781331062317,0.030003100000000001,-0.0013043351913557544,-0.04347334746595366,-0.043100100000000002,0,0,0
639155411986001805,nan,63.537171630186272,0.01010985027402697,0.0010449041463735931,296,0,0,0,0,-2.0559783803046745,7.7897652500479966,1.9721691939632979,-2.0594028383437371,7.7992774611317532,1.9732140981096715,0.010094108648840845,-0.00056395314401078362,0.0010449041463735931,1.4387785730876919,1.9437050696504907,0.036917347075214171,0.038856413676875992,-0.0013320191508465491,0.03887923814642897,0.00073801099364589895,0.019990899999999999,0.028762478576739556,-0.00076496822061468926,-0.010541040103250854,0.026772221121857065,1.4387785730877327,0.028772649343707511,-0.00030689315272769413,1,0.028762478576738738,0.019990899999999999,0.022856868045643353,-1.7347234759768071e-18,0.022856868045643353,0,1.1433636327350623,0.022856868045643353,0,0.0041045999999999999,498,0,0,1,0,0,0,0,0,0,0,0,1,20,nan,1,0.038856993924765451,0.028762478576738738,0.043861836096527843,-0.02922801673412323,0.019990899999999999,-0.00087683757922207839,-0.043861836096527843,-0.0231092,0,0,0
639155411986201764,nan,60.981976306862101,0.0047698686268188972,0.0003800234796338397,300,0,0,1,2,-2.0691383498503071,7.825624960340936,1.9728175634581535,-2.0689712552233481,7.8303919012995333,1.9724375399785197,0.0043215016640266949,-0.0020189774849972203,-0.0003800234796338397,1.4030692239491431,1.6191485567003416,0.038835867910514146,0.032376332624924363,-0.0033817265259999223,0.032552465168346208,-0.00077655813115184991,0.0199959,0.028055631895165994,-0.0013610355746229656,-0.0097355115065700382,0.026347499209182779,1.4030692239492093,0.028088625791811973,-0.00039653465151801015,1,0.028055631895164673,0.0199959,0.022401824150339419,0,0.022401824150339422,0,1.1203208732959966,0.022401824150339419,0,0.0040296000000000004,498,0,0,1,0,0,0,0,0,0,0,0,1,20,nan,1,0.032378243104009316,0.028055631895164673,0.056659422541320843,-0.056647807359695435,0.0199959,-0.0011329561471939975,-0.056659422541320843,-0.0031132999999999998,0,0,0
639155411986501816,nan,54.061486906819965,0.011223754025734306,0.0036825294049700474,297,0,0,0,0,-2.0803656444352812,7.87010344090936,1.9715052051642992,-2.0761794264469189,7.8596895927549024,1.9751877345692692,-0.011221835103626218,0.0002075363515372697,0.0036825294049700474,1.3666205559178481,0.99263082303792149,0.09165726576558543,0.02978408637141744,-0.0048187815910525162,0.030171384737898932,0.002750194590749544,0.030005199999999999,0.041005723104426267,-0.0050367803584202911,-0.011394389211933031,0.039711539609826652,1.3666205559178499,0.041313901821249555,-0.00093233481422050346,1,0.041005723104426219,0.030005199999999999,0.021958175782209821,1.7347234759768071e-18,0.021958175782209821,0,0.73181234526714778,0.021958175782209821,0,0.013937700000000001,497,0,0,1,0,0,0,0,0,0,0,0,1,20,nan,1,0.029790478119739658,0.041005723104426219,0.088778403573920528,-0.055174350738525391,0.030005199999999999,-0.0026638137549162,-0.088778403573920528,-0.040238200000000002,0,0,0
639155411986801889,nan,57.188838957874196,0.013019266751219645,0.0013722655547252494,295,0,0,0,0,-2.0871240643155264,7.8977186410309788,1.9746917349201023,-2.0834475261659833,7.8852292705915064,1.9760640004748276,-0.012929330631860031,0.0015276505331584278,0.0013722655547252494,1.2988865812146715,0.87776643498024021,0.029201757757556918,0.026339400744382561,-0.0033669549968185749,0.026553726998743171,0.00087626590555833772,0.030007300000000001,0.039267972071736344,-0.0049010182852584558,-0.010944637868607554,0.038029048276076338,1.308613972991117,0.039572637148149521,-0.00049599964916691164,1,0.038976079308483014,0.030007300000000001,0.033897076058412523,0,0.033897076058412523,0,1.1296276592166747,0.033897076058412523,0,0.0041349999999999998,498,0,0,1,1,1,1,1,1,3,0.068630891465816246,0.54904713172652997,0.95538992054721938,20,0.038976079308483014,1,0.025410781367789625,0.038976079308483014,0.047226570026728455,-0.07085709273815155,0.030007300000000001,-0.0014171418547630488,-0.047226570026728455,-0.043231199999999997,0,0,0
639155411987001822,nan,61.379495697808771,0.0058223924524056555,0.0019131577937603339,298,0,0,0,0,-2.0913966649277884,7.9094869538240014,1.9763837660812669,-2.0949698748425769,7.91408395553976,1.9744706082875065,0.005633891270508346,0.0014695315654725486,-0.0019131577937603339,1.2717660877252412,1.5535315329909913,0.079696307629106705,0.031060221998548784,-0.00078738293659342401,0.031070200554357098,-0.0015933921873210188,0.019993299999999999,0.025426800921717455,-0.0022587159515641683,-0.0079491387618051412,0.024257683232494998,1.2717660877252608,0.025526927015653528,0.00031976560643931512,1,0.025426800921717063,0.019993299999999999,0.020188650759594754,0,0.020188650759594751,0,1.0097708112014903,0.020188650759594751,0,0.0041187999999999997,498,0,0,1,0,0,0,0,0,0,0,0,1,20,nan,1,0.031059859075006097,0.025426800921717063,0.045696109116443479,0.030453968793153763,0.019993299999999999,0.00091361601839778928,0.045696109116443479,-0.056489999999999999,0,0,0
639155411987302169,nan,61.060259584631339,0.0046477965941645232,0.0026834853369490652,289,0,0,0,0,-2.108556242837079,7.9487144014980382,1.9741057965411029,-2.1102533762865892,7.9443875375950155,1.9714223112041538,-0.0033136429202795569,0.003259107819267186,-0.0026834853369490652,1.2380250839350808,1.127737525245039,0.10149250977545128,0.033871258249477176,0.0021518286097997937,0.033939541861503213,-0.0030482970833527467,0.030034700000000001,0.037183711988465436,-0.0011084878484278506,-0.01358636799450208,0.034630445958278244,1.2380250839350961,0.037200230947552738,-0.00036481174640368152,1,0.037183711988464971,0.030034700000000001,0.019750956979066814,0,0.019750956979066814,0,0.65760460331106396,0.019750956979066814,0,0.014081099999999999,498,0,0,1,0,0,0,0,0,0,0,0,1,20,nan,1,0.033870132203467684,0.037183711988464971,0.034703835078716987,-0.034743975847959518,0.030034700000000001,-0.0010423192754387411,-0.034703835078716987,-0.060087099999999997,0,0,0
639155411987502343,nan,62.793299306724478,0.0095121333652432149,0.0025822966327431196,293,0,0,0,0,-2.1208397641849723,7.9655292999527356,1.9714223112041538,-2.1240315344513383,7.9744899519225934,1.9688400145714107,0.0094958949778483556,-0.00055557153261085943,-0.0025822966327431196,1.1787910379923785,1.6531730745130893,0.12900259937569911,0.033092226701758314,0.00094737673680711336,0.033105784853436251,-0.0025822966327431196,0.020017400000000001,0.023596331723909958,0.0015029482694179728,-0.010586387898383176,0.02114176235772014,1.1787910379924444,0.023644147781752379,0,1,0.02359633172390864,0.020017400000000001,0.0070049657432704757,0,0.0070049657432704748,0,0.34994383602618101,0.0070049657432704748,0,0.0140749,498,0,0,1,0,0,0,0,0,0,0,0,1,20,nan,1,0.033092226701758314,0.02359633172390864,0,-0.034743975847959518,0.020017400000000001,0,0,-0.0400697,0,0,0
639155411987801909,nan,69.654476706964886,0.0108867242967822,0.00065942587137546305,292,0,0,0,0,-2.1383094434963943,8.0044578338431585,1.9689237477519486,-2.1312411632797197,7.9961777263141034,1.969583173623324,-0.010372830750982972,-0.0033053211834267954,0.00065942587137546305,1.0950627335307623,0.76066083945249163,0.024807857097045583,0.02278681250314251,-0.0017605345343658339,0.022854721741908536,0.00074315905191335574,0.0299566,0.033159366452707187,0.0015456551875826993,-0.014277909045055992,0.029967881920565098,1.1069135500259437,0.033195370663751056,8.3733180537892707e-05,1,0.032804356283287636,0.0299566,0.028740678816637551,0,0.028740678816637555,0,0.95941057451905598,0.028740678816637555,0,0.0040350999999999998,498,0,0,1,1,1,1,1,1,3,0.013779235812534058,0.11023388650027247,0.99104349672185288,20,0.032804356283287636,1,0.02264663612566728,0.032804356283287636,0.007986141907943594,0.0098741175606846809,0.0299566,0.00023923765867950308,0.007986141907943594,-0.043187799999999998,0,0,0
639155411988001654,nan,69.448847799741642,0.010177058806797654,0.00017393991076652959,288,0,0,1,2,-2.1385113773416946,8.0164839567731097,1.9696290334215942,-2.1435377804088902,8.0253331261218737,1.9694550935108277,0.010106609778004512,0.0011953931370730134,-0.00017393991076652959,1.0781689241042125,1.5841417868485739,0.0064121811557896558,0.031642440121406837,1.0674058407177112e-05,0.031642441921766094,-0.00012808011249632048,0.019974499999999999,0.021535885174518137,-0.0011851825644942611,-0.0072702140619749223,0.020306230459006258,1.0781689241041397,0.021568472545852927,4.5859798270209133e-05,1,0.021535885174519591,0.019974499999999999,0.017298034401434847,0,0.017298034401434847,0,0.86600587756563863,0.017298034401434847,0,0.0039306000000000002,497,0,0,1,0,0,0,0,0,0,0,0,1,20,nan,1,0.031642440752801072,0.021535885174519591,0.0065597634512858235,0.012296640314161777,0.019974499999999999,0.00013102799505770868,0.0065597634512858235,-0.056536000000000003,0,0,0
639155411988201841,nan,48.185780258588991,0.0074418071195733832,0.0018914509845717742,292,0,0,0,0,-2.1514650885585591,8.0441152872208317,1.9692997077161267,-2.1548624573539303,8.0507363429125753,1.9674082567315549,0.0074205611773945574,0.00056192972645857783,-0.0018914509845717742,1.01837550444752,1.389061333382835,0.10224623873042474,0.027807202114590958,0.00057553608331662072,0.027813157519866585,-0.0020468367792727538,0.0200187,0.02038655371088342,1.4759413432905572e-05,-0.0079273081496689102,0.018782161098958028,1.0183755044475125,0.020386559053626959,-0.00015538579470097957,1,0.020386553710883569,0.0200187,0.01623820109351648,8.6736173798840355e-19,0.01623820109351648,0,0.81115162790373396,0.01623820109351648,0,0.0040734999999999999,497,0,0,1,0,0,0,0,0,0,0,0,1,20,nan,1,0.027807073672161224,0.020386553710883569,0.022177234956871149,-0.02219763770699501,0.0200187,-0.00044395941343111645,-0.022177234956871149,-0.070602100000000001,0,0,0
639155411988502764,nan,43.61696076639393,0.010159990943781953,0.0012920081163774191,296,0,0,0,0,-2.1673200069178686,8.0780207046082424,1.9674082567315549,-2.161707180562928,8.0695518442193226,1.9661162486151775,-0.0099796753225985368,-0.0019056485597426075,-0.0012920081163774191,0.99622530051390257,0.66458978835302884,0.04293484101838075,0.019999035288055848,-0.00095494124379231181,0.020021821226651651,-0.0012920081163774191,0.030092299999999999,0.029978710610654383,0.00095070731595029573,-0.012457549563938297,0.027284361695667059,0.99622530051389835,0.029993781593489727,0,1,0.029978710610654508,0.030092299999999999,0.015929343687627551,0,0.015929343687627551,0,0.52934949098698181,0.015929343687627551,0,0.0141026,498,0,0,1,1,1,1,1,1,3,0.1024131947531077,0.8193055580248616,0.93343142341048002,20,0.029978710610654508,1,0.018835946557706942,0.029978710610654508,0,-0.02219763770699501,0.030092299999999999,0,0,-0.040509799999999999,0,0,0
639155411988803042,nan,52.319714514925366,0.0089436387362910041,0.0019796372970344311,282,0,0,0,0,-2.1712640358738082,8.0948616086081469,1.9646349393142961,-2.1672623507243047,8.0868631593953602,1.9666145766113305,-0.0089217013061965549,-0.00062603486188521438,0.0019796372970344311,0.88992885216495776,0.60328987374220999,0.016595554657784256,0.018115467670756332,-0.0015399284774758873,0.018180801650256213,0.00049832799615301404,0.0300278,0.027038086539536037,-0.00092711009672894092,-0.0095568553108802412,0.025309764388824263,0.90043514808064651,0.027053976728956073,-0.0014813093008814171,1,0.026722605587038917,0.0300278,0.023509518640700829,0,0.023509518640700833,0,0.78292511075406224,0.023509518640700829,0,0.0039649999999999998,498,0,0,1,1,1,1,1,2,3,0.061561055800287548,0.49248844640230038,0.95998531372981311,20,0.026722605587038917,1,0.017554273641356297,0.026722605587038917,0.14094646588271009,-0.071181014180183411,0.0300278,-0.0042323122882328423,-0.14094646588271009,-0.010482,0,0,0
639155411989001773,nan,64.344941309129482,0.0069400655254710179,0.005314241618603166,283,0,0,0,0,-2.1729321658309591,8.1030902431123764,1.966238448358735,-2.1670306720553913,8.0994382736827717,1.9715526899773381,-0.0056434847614265943,-0.004039256026222791,0.005314241618603166,0.86340333063658348,0.57935083552993405,0.24848228842040643,0.011513497089569934,-0.0050622681789446785,0.012577248282000767,0.0049381133660075793,0.019873100000000001,0.017158500730072797,-0.0010251351124554468,-0.005669815106654319,0.0162270837170162,0.86340333063652863,0.017189096814629261,-0.00037612825259558663,1,0.017158500730073887,0.019873100000000001,0.013929285933159008,0,0.013929285933159008,0,0.70091158063709269,0.013929285933159008,0,0.0037401000000000001,497,0,0,1,1,1,1,1,3,3,0.084611514128407936,0.67689211302726349,0.94500251581653483,20,0.017158500730073887,1,0.010994685802190259,0.017158500730073887,0.054075717944022751,-0.058055687695741653,0.019873100000000001,-0.0010746521502733586,-0.054075717944022751,-0.023640899999999999,0,0,0
639155411989301838,nan,49.414883372766859,0.0097228596190828565,6.9618581088004561e-05,291,0,0,0,0,-2.1692012163229779,8.1243741629439015,1.9712208500433466,-2.1702488294906397,8.1147079069042896,1.9711512314622586,-0.0084932432206372682,0.0047327390343743989,-6.9618581088004561e-05,0.7933909437557618,0.51039651784039708,0.013379051708115099,0.015315213112577874,-0.0029937406891795085,0.01560507084244497,-0.00040145851507955571,0.030006499999999998,0.023806885353806824,-0.0077292978601926268,-0.0021705442675865605,0.024935889261129773,0.79339094375574715,0.025030178498382308,-0.00033183993399155121,1,0.023806885353807265,0.030006499999999998,0.012686162512466128,0,0.012686162512466126,0,0.42278048131125351,0.012686162512466126,0,0.0140167,498,0,0,1,1,1,1,1,4,3,0.25865252390837257,2.0692201912669805,0.83187585945955789,20,0.023806885353807265,1,0.012354422059453422,0.023806885353807265,0.031596957229879152,-0.028270838782191277,0.030006499999999998,-0.0009481140971183688,-0.031596957229879152,-0.026454399999999999,0,0,0
639155411989501755,nan,78.050443584193246,0.0049355589239021757,5.1838352253641411e-05,281,0,0,0,0,-2.1745427283182068,8.1299609981782801,1.9711102870692976,-2.1778459241405299,8.1336282368193693,1.9710584487170439,0.0046645821228645636,0.0016128904210648419,-5.1838352253641411e-05,0.78634858150240117,1.0196778210254429,0.0046410633020016155,0.020385093094594346,-0.00037777075002473279,0.020388593164189929,-9.2782745214625706e-05,0.019991700000000001,0.015720444936820552,-0.0019904701812542306,-0.0042938988275671441,0.015253091273990549,0.78634858150235099,0.015845957230602042,-4.0944392960984288e-05,1,0.015720444936821554,0.019991700000000001,0.0047273704022767751,0,0.004727370402276776,0,0.23646665377515544,0.0047273704022767751,0,0.0139799,498,0,0,1,0,0,0,0,0,0,0,0,1,20,nan,1,0.020385115156285355,0.015720444936821554,0.0058516274197912659,-0.0058492282405495644,0.019991700000000001,-0.00011698397988824105,-0.0058516274197912659,-0.039779299999999997,0,0,0
639155411989701713,nan,72.223108856680625,0.004833510828215975,0.0054180699241506147,291,0,0,0,0,-2.183434305861093,8.1478011816291414,1.9710584487170439,-2.1869240642208765,8.1444568710100747,1.9656403787928933,-0.0017201541842858884,0.0045170672464293496,-0.0054180699241506147,0.76167329924490124,0.6756475246178637,0.27096039789108783,0.013510112772753879,0.0041411107956658448,0.014130532394588242,-0.0054180699241506147,0.019995800000000001,0.015230266957039766,-0.00037595645076350399,-0.0055883817205630848,0.014172944809772048,0.76167329924482963,0.0152349064596921,0,1,0.015230266957041197,0.019995800000000001,0.0046083519624211524,2.1684043449710089e-19,0.0046083519624211533,0,0.23046599598021345,0.0046083519624211524,0,0.0139455,497,0,0,1,0,0,0,0,0,0,0,0,1,20,nan,1,0.013510112772753879,0.015230266957041197,0,-0.0058492282405495644,0.019995800000000001,0,0,-0.019783499999999999,0,0,0
639155411990001752,nan,74.80142947880563,0.0060107806227414325,0.0020923615682144625,288,0,0,0,0,-2.2009278711978437,8.1616219278790236,1.9653121173122265,-2.1956111219758574,8.1644257933189532,1.967404478880441,0.00054492808505777817,-0.0059860284894777396,0.0020923615682144625,0.70510480899480543,0.72570716830229631,0.0587956928115239,0.021774045307025269,0.00033731525908833708,0.021776657930371295,0.001764100087547682,0.0300039,0.021231082233866997,0.0063235223049488811,-0.014003806976967237,0.01716505686894898,0.70761075173117483,0.02215278283111196,-0.00032826148066678051,1,0.021155894178599241,0.0300039,0.018333313000340468,0,0.018333313000340468,0,0.61103099931477134,0.018333313000340471,0,0.0041097,498,0,0,1,0,0,0,0,0,0,0,0,1,20,nan,1,0.021773884730577776,0.021155894178599241,0.031258934497251069,-0.012540574185550213,0.0300039,-0.00093788994476207144,-0.031258934497251069,-0.0565354,0,0,0
639155411990301831,nan,51.392846927445063,0.0074563626491687997,0.0011128339830586143,290,0,0,0,0,-2.2035408272819779,8.1825862288778097,1.9673755302912133,-2.198186384425262,8.1773970781139482,1.9684883642742719,-0.0068546444766983483,-0.0029344834390380172,0.0011128339830586143,0.66029084112338143,0.43186001380848044,0.036120001527293263,0.0129592121083635,-0.0026353419980386979,0.013224454843818014,0.0010838853938308635,0.030007900000000001,0.019813941531345341,0.0002989430074825097,-0.0079297053061204714,0.018160435558856491,0.6602908411233489,0.019816196555577825,-2.8948589227750787e-05,1,0.019813941531346319,0.030007900000000001,0.010572907093488128,-4.3368086899420177e-19,0.010572907093488126,0,0.35233745425331758,0.010572907093488126,0,0.0139954,498,0,0,1,1,1,1,1,1,3,0.2793470047848528,2.2347760382788224,0.81842444688984561,20,0.019813941531346319,1,0.0099952834181077661,0.019813941531346319,0.0027562826768099693,-0.0041355127468705177,0.030007900000000001,-8.2710254937445882e-05,-0.0027562826768099693,-0.059714499999999997,0,0,0
639155411990501845,nan,78.487647112119987,0.0016333678460523299,0.0019868318261595519,293,0,0,0,0,-2.2015017833611163,8.1898491259862087,1.9684883642742719,-2.2019888761866206,8.1882900778471637,1.9665015324481123,-0.0012487288905862616,0.0010528849311927831,-0.0019868318261595519,0.63816944860456237,0.57573737432044558,0.099334637883325763,0.011515553518732961,-0.00071303151419052375,0.011537607498222144,-0.0019868318261595519,0.020001399999999999,0.012764282409319223,-0.0017659164453833068,-0.0033153989358543079,0.012452047872260508,0.63816944860455882,0.012885859160992382,0,1,0.012764282409319294,0.020001399999999999,0.0037738788512680088,-2.1684043449710089e-19,0.0037738788512680088,0,0.18868073491195661,0.0037738788512680088,0,0.014087799999999999,498,0,0,1,0,0,0,0,0,0,0,0,1,20,nan,1,0.011515553518732961,0.012764282409319294,0,-0.0041355127468705177,0.020001399999999999,0,0,-0.039713100000000001,0,0,0
639155411990801774,nan,70.659951730461174,0.0061007840164989105,0.0022027221493157167,292,0,0,0,0,-2.2079025494872271,8.2051313050719834,1.9660517713227195,-2.2069094592616372,8.1991118916936045,1.9638490491734037,-0.0059376893791441912,0.0014012174894593827,-0.0022027221493157167,0.58608221056117082,0.39616845394524258,0.088437039256243077,0.011882240822334265,0.00036897935607789391,0.011887968401924635,-0.0026524832747085729,0.029992899999999999,0.017819299387791778,-0.0010349085334261637,-0.0059136733006064368,0.016841227224819733,0.59411725400984161,0.017849326775660611,-0.00044976112539285573,1,0.01757830513314014,0.029992899999999999,0.01539895568283711,-8.6736173798840355e-19,0.015398955682837112,0,0.51342003216885035,0.015398955682837112,0,0.0041297,498,0,0,1,1,1,1,1,1,3,0.06829506671710181,0.54636053373681448,0.95560820663388379,20,0.01757830513314014,1,0.011464455527909131,0.01757830513314014,0.042844532767333771,-0.039445899426937103,0.029992899999999999,-0.0012850317868373651,-0.042844532767333771,-0.043445999999999999,0,0,0
639155411991002522,nan,73.412422484191794,0.0061429315292662245,0.0017854920893365378,292,0,0,1,2,-2.2116734190382177,8.2099017393487372,1.9635561348727864,-2.2139918032542756,8.2155903861474044,1.9653416269621229,0.0061428294349461137,-3.541618856801659e-05,0.0017854920893365378,0.58738833863096152,0.8933848515483731,0.07435081737895971,0.017934522217863281,0.00023084347715198426,0.017936007802573439,0.0014925777887191405,0.0200748,0.011791703420348782,0.00026805898676268702,-0.0047639597765805064,0.010789847655132689,0.58738833863095929,0.01179474989874094,-0.00029291430061739732,1,0.011791703420348826,0.0200748,0.009425585714675222,4.3368086899420177e-19,0.009425585714675222,0,0.46952326870879024,0.009425585714675222,0,0.0040282,497,0,0,1,0,0,0,0,0,0,0,0,1,20,nan,1,0.01793442405148022,0.011791703420348826,0.041688983290676628,-0.041845109313726425,0.0200748,-0.00083689800176367513,-0.041688983290676628,-0.056330699999999997,0,0,0
639155411991302467,nan,52.705460455802964,0.0049277719088724452,0.00069749062331792022,287,0,0,0,0,-2.2201701672971872,8.2296354848565567,1.96523894383054,-2.217311641567365,8.2256215383399951,1.9659364344538579,-0.0048042325357096427,-0.0010964879063178395,0.00069749062331792022,0.51145796305237978,0.35128376107554593,0.01983055199236582,0.010536580771580463,-0.00079107925009687299,0.010566235883036729,0.00059480749173501657,0.0299945,0.015340925872774375,0.00030491533679962574,-0.0061783640429116105,0.014045098709152271,0.51145796305237212,0.015343955813171968,-0.00010268313158290354,1,0.015340925872774606,0.0299945,0.0081699272102060405,0,0.0081699272102060405,0,0.2723808434948421,0.0081699272102060405,0,0.014020700000000001,498,0,0,1,1,1,1,1,1,3,0.03506190394973225,0.280495231597858,0.97720976243267399,20,0.015340925872774606,1,0.010362130662326394,0.015340925872774606,0.0097811390738802746,-0.014669018797576427,0.0299945,-0.0002933803759515019,-0.0097811390738802746,-0.026336200000000001,0,0,0
639155411991488121,nan,55.561676239364623,0.0018599501897634152,0.0026844329065276447,279,0,0,0,0,-2.2203905825754253,8.2342858319444652,1.96604660587494,-2.2213156924457378,8.2326722686713794,1.9633621729684123,-0.0011329543603241443,0.0014750691935714317,-0.0026844329065276447,0.4945676304158797,0.43353383292598557,0.13865909085964184,0.0080487290218040925,0.00098141875673336387,0.0081083427186139298,-0.0025742614854455947,0.018565399999999999,0.0091818458857214034,-0.00049352560869441765,-0.0030789410080602764,0.0086642936044700747,0.49456763041579516,0.0091950998578360348,0.00011017142108205034,1,0.0091818458857229734,0.018565399999999999,0.0028465334536207361,0,0.0028465334536207365,0,0.15332464981205554,0.0028465334536207365,0,0.0128098,498,0,0,1,0,0,0,0,0,0,0,0,1,20,nan,1,0.008048883385400751,0.0091818458857229734,0.01695495323586332,0.0031769487541168928,0.018565399999999999,0.00031477548880509687,0.01695495323586332,-0.041184199999999997,0,0,0
639155411991702413,nan,50.26779521770991,0.0044262137934732168,0.0016401815080939741,284,0,0,0,0,-2.2266891816475458,8.242626284374337,1.9633621729684123,-2.227752374006958,8.2469229098586467,1.9617219914603183,0.0043765186063557142,-0.00066140262605678189,-0.0016401815080939741,0.52510138734016609,0.72933293151149081,0.076539558550667977,0.015629021255946039,0.00049531641400309828,0.015636868093348934,-0.0016401815080939741,0.021429199999999999,0.011252502649590324,0.0011567190400598804,-0.0053734892018080238,0.0099540157029576193,0.52510138734018652,0.011311799804481791,0,1,0.011252502649589886,0.021429199999999999,0.0039757526441075441,0,0.0039757526441075441,0,0.18552968118770391,0.0039757526441075441,0,0.0138578,497,0,0,1,0,0,0,0,0,0,0,0,1,20,nan,1,0.015629021255946039,0.011252502649589886,0,0.0031769487541168928,0.021429199999999999,0,0,-0.0534076,0,0,0
639155411992001846,nan,54.655950665936707,0.0023135536726481684,0.0012543964218398875,287,0,0,0,0,-2.2288761934570229,8.2477393616650971,1.9616021752264488,-2.2292116268188438,8.2500284695821691,1.9603477788046089,0.0022442924879298373,-0.00056185569752876152,-0.0012543964218398875,0,0.11445987205744355,0.045893827858301275,0.0034273062869776493,0.00016580585214052979,0.0034313146118303654,-0.0013742126557094725,0.029943299999999999,0.0011830811345907603,0.00072793044830927296,-0.0011238194500649001,0.00081645180645040227,0.039510713067389375,0.001389087365359105,-0.00011981623386958516,1,0,0.029943299999999999,0.0011830811345898695,0,0.0011830811345898695,0,0.039510713067359628,0.0011830811345898695,0,0.0041205,498,0,0,1,0,0,0,0,0,0,0,0,1,20,nan,1,0.0034272778564389834,0,0.011432677653110053,-0.011411069892346859,0.029943299999999999,-0.00034233209677037024,-0.011432677653110053,-0.056417599999999998,0,0,0
639155411992301782,nan,55.434169251098126,0.010478224781055829,0.0026056638133407084,287,0,0,0,0,-2.230909053840497,8.2537134368563283,1.9599404082661334,-2.232700014205637,8.2640374697666221,1.9625460720794741,0.010231631947104377,-0.0022598456277643326,0.0026056638133407084,0.13514634792721067,0.47624279862422858,0.073292078138843086,0.014284236004815662,-0.0020932115246844836,0.014436790942877298,0.002198293274865204,0.029993599999999999,0.0040535255011895895,0.00017080198086879975,-0.0016974270216532084,0.0036849672741592343,0.13514634792721078,0.0040571224168692542,-0.00040737053847550442,1,0.004053525501189586,0.029993599999999999,0.0021881950631943425,0,0.0021881950631943425,0,0.072955399258319856,0.0021881950631943425,0,0.0138023,497,0,0,1,0,0,0,0,0,0,0,0,1,20,nan,1,0.014285451746898579,0.004053525501189586,0.038805472641357558,-0.029419081285595894,0.029993599999999999,-0.0011639158242158221,-0.038805472641357558,-0.059656599999999997,0,0,0
639155411992501769,nan,55.918881855539709,0.0017198671537302884,0.0022310949453616669,285,0,0,0,0,-2.2313907184809527,8.2645783421642172,1.9623332481893248,-2.2321612850235226,8.2630407563194748,1.9601021532439631,-0.0011271714610087075,0.0012990102093393334,-0.0022310949453616669,0,-0.05634841140061346,0.12220388502807597,-0.0011268949750774485,-0.00011736499704430146,0.0011329902150442484,-0.0024439188355109831,0.019998700000000001,1.9439744952665095e-16,-0.0014166150659783317,0.0013092957246843007,0.00054087239759503802,9.7205043091126396e-15,0.0014166150659783317,-0.00021282389014931624,1,0,0.019998700000000001,0,0,0,0,0,0,0,0.013918399999999999,497,0,0,1,0,0,0,0,0,0,0,0,1,20,nan,1,-0.0011268592400301169,0,0.030405389228810097,-0.030403412878513336,0.019998700000000001,-0.00060806825757020455,-0.030405389228810097,-0.073346099999999997,0,0,0
639155411992801824,nan,54.234627855217518,0.0081732906421225788,0.00039478750679955432,282,0,0,0,0,-2.2333675912668305,8.2664560564369491,1.96007059595082,-2.2362095620534501,8.2741193378469333,1.9596758084440205,0.0081685274022297652,-0.00027899820721637419,-0.00039478750679955432,0.15064950077955194,0.39279832866652031,0.014208888368553598,0.011786110250803276,-0.00045947875630369906,0.011795063186417631,-0.00042634479994263502,0.030005500000000001,0.0036175916570690865,-0.00018022277261250984,-0.0012063062433078642,0.0034153001174743736,0.12056428511669816,0.003622078083788918,-3.1557293143080756e-05,1,0.0045203135956408463,0.030005500000000001,0.0029895037584193314,0,0.0029895037584193318,0,0.099631859439747089,0.0029895037584193318,0,0.0041691999999999996,498,0,0,1,0,0,0,0,0,0,0,0,1,20,nan,1,0.011786130952977533,0.0045203135956408463,0.0030049055904621353,-0.0045081847347319126,0.030005500000000001,-9.0163694694611607e-05,-0.0030049055904621353,-0.1096293,0,0,0
639155411993001679,nan,53.396967966493463,0.0040471803097521285,0.00071616464148216419,292,0,0,0,0,-2.2359294688265399,8.2742341048337504,1.9596684884035329,-2.2385355192445999,8.2773305818122171,1.9589523237620508,0.0038533565834325675,0.0012374617168067167,-0.00071616464148216419,0,0.19280806792923594,0.036200479446083379,0.0038533656415997448,0.00093473947802149237,0.0039651184925085532,-0.00072348468196969939,0.0199855,5.4593645142791969e-16,-0.00030269403202586725,0.00028009322691024963,0.00011476698681711639,2.7316627126062379e-14,0.00030269403202586725,-7.3200404875350955e-06,1,0,0.0199855,0,0,0,0,0,0,0,0.0040825999999999996,498,0,0,1,0,0,0,0,0,0,0,0,1,20,nan,1,0.0038533558666307352,0,0.0010464787667759877,-0.0010457200696691871,0.0199855,-2.0914401393401505e-05,-0.0010464787667759877,-0.089643799999999996,0,0,0
639155411993201724,nan,54.622406764931704,0.011729733387112905,0.0012313104752008641,286,0,0,0,0,-2.2394041273268073,8.2769754071263648,1.9589523237620508,-2.2429724657421821,8.2881491981699682,1.9601836342372516,0.011693109285063688,-0.00092619683669754828,0.0012313104752008641,0,0.58452394636528626,0.061551674633250723,0.01169310928506437,1.2221544381075568e-05,0.011693115671992884,0.0012313104752008641,0.020004500000000001,6.8028265312602976e-16,0.00093841838107862384,-0.00086860808220734498,-0.00035517468585233303,3.4006481198031925e-14,0.00093841838107862384,0,1,0,0.020004500000000001,0,0,0,0,0,0,0,0.0040863999999999996,497,0,0,1,0,0,0,0,0,0,0,0,1,20,nan,1,0.01169310928506437,0,0,-0.0010457200696691871,0.020004500000000001,0,0,-0.1030276,0,0,0
639155411993501787,nan,57.342392162633409,0.00096563129272010141,0.0012620109974164073,286,0,0,0,0,-2.2429694456954818,8.2881504374125434,1.960022282511563,-2.2421183786865377,8.2876942261240298,1.9587602715141466,-0.00074504450665713198,-0.0006142902217847237,-0.0012620109974164073,0,-0.02483290554805204,0.047435462656344157,-0.00074514361374651387,-0.00061743441440967144,0.00096771083553126949,-0.0014233627231050596,0.0300063,-8.3905474392411208e-16,-3.2644148376224324e-06,3.0200467002750031e-06,1.2392425752238978e-06,-2.7962619314081114e-14,3.2644148376224328e-06,-0.00016135172568865208,1,0,0.0300063,0,0,0,0,0,0,0,0.014048400000000001,498,0,0,1,0,0,0,0,0,0,0,0,1,20,nan,1,-0.00074500127379785431,0,0.015363604660955286,-0.011525065638124943,0.0300063,-0.00046100493053802261,-0.015363604660955286,-0.073021299999999997,0,0,0
639155411993801880,nan,56.432568585681025,0.0020217311235301576,0.00011037272895819683,280,0,0,0,0,-2.2415457927923321,8.2879282287078677,1.958634705971501,-2.2430253021710751,8.2893060707648765,1.9585243332425428,0.0018350409928718204,0.00084854068277868543,-0.00011037272895819683,0,0.061152626881542223,0.007862171780205823,0.0018351475258762649,0.00022975402347205805,0.0018494738043647377,-0.0002359382716037306,0.030009299999999999,-2.897801356510632e-16,-0.00061855623469984054,0.00057258589420561279,0.00023400258383787786,-9.6563443882750754e-15,0.00061855623469984054,-0.00012556554264553377,1,0,0.030009299999999999,0,0,0,0,0,0,0,0.0040585999999999999,497,0,0,1,0,0,0,0,0,0,0,0,1,20,nan,1,0.0018351062832251434,0,0.011954917084816965,-0.0087694386020302773,0.030009299999999999,-0.00035875869327339771,-0.011954917084816965,-0.0766622,0,0,0
639155411994001758,nan,59.84659660507279,0.0044608275275593353,0.0007250758647445732,280,0,0,0,0,-2.243167238392068,8.2892481037985934,1.9584714572715869,-2.2448036047490474,8.29339795769679,1.9591965331363315,0.004460502286074846,-5.3866376824586362e-05,0.0007250758647445732,0,0.22316109985098909,0.033630509300104999,0.0044604994316015997,9.9214631327554067e-05,0.004461602707815618,0.00067219989378863865,0.0199878,-7.8234673513838393e-16,0.00015331686146605625,-0.00014193622099289982,-5.7966966283018451e-05,-3.9141212896786235e-14,0.00015331686146605628,-5.2875970955934541e-05,1,0,0.0199878,0,0,0,0,0,0,0,0.0041395,497,0,0,1,0,0,0,0,0,0,0,0,1,20,nan,1,0.0044604919244904647,0,0.0075583207121996919,-0.0075537101365625858,0.0199878,-0.00015107420273130501,-0.0075583207121996919,-0.0566744,0,0,0
639155411994301790,nan,60.532077935592831,0.0055519245158204547,0.0015212042849406249,288,0,0,0,0,-2.2449372750849621,8.2933432616616507,1.9591964105010664,-2.245974945736569,8.2987973523693821,1.960717614786007,0.0054408233438563922,-0.0011051276715002356,0.0015212042849406249,0,0.1813414305250439,0.050697313942365173,0.0054408232083289973,-0.00096070045028223889,0.0055249889175874312,0.0015210816496755708,0.030003200000000001,2.7061008598880387e-16,0.000144427888454801,-0.00013367033591471511,-5.4696035139301102e-05,9.0193741330526027e-15,0.000144427888454801,-1.2263526505407185e-07,1,0,0.030003200000000001,0,0,0,0,0,0,0,0.014087000000000001,497,0,0,1,0,0,0,0,0,0,0,0,1,20,nan,1,0.0054408233766371338,0,1.16783033755342e-05,-1.7519323591841385e-05,0.030003200000000001,-3.503864718368277e-07,-1.16783033755342e-05,-0.059741099999999998,0,0,0
639155411994480348,nan,62.253818324274469,0.0066978166603975349,0.0017429760818077344,259,0,0,0,0,-2.2454415647706489,8.299016552161385,1.9608229332578913,-2.2441505480192854,8.2924443361147233,1.9590799571760835,-0.0065694970641838922,0.001304782104405947,-0.0017429760818077344,0,-0.36792719706797267,0.091715723178099839,-0.0065696344454063069,0.00072742409674087763,0.006609783851442369,-0.0016376576099235152,0.017855800000000002,3.4203868036486451e-16,-0.00057666611103819208,0.00053338096592003836,0.00021919979200291095,1.9155606602048886e-14,0.00057666611103819219,0.00010531847188421926,1,0,0.017855800000000002,0,0,0,0,0,0,0,0.0120465,497,0,0,1,0,0,0,0,0,0,0,0,1,20,nan,1,-0.0065695249264860573,0,0.016852222788587928,-8.1007754488382488e-05,0.017855800000000002,0.00030090991966846836,0.016852222788587928,-0.075159900000000002,0,0,0
639155411994701785,nan,56.329734587889035,0.0030623241244769734,1.5058615757235216e-05,284,0,0,0,0,-2.2449731530220425,8.2921078495796756,1.9590799571760837,-2.2460302690160336,8.2949819294008709,1.959095015791841,0.0030603585185860612,-0.00010970314977878947,1.5058615757235216e-05,0,0.13820447886243772,0.00068004063266108468,0.0030603585185861619,0.00077906126154145587,0.0031579630636721276,1.5058615757457261e-05,0.022143699999999999,9.9963440303163509e-17,0.00088876441132024436,-0.00082260500275710413,-0.00033648653504769754,4.5143061142972272e-15,0.00088876441132024447,2.2204460492503131e-16,1,0,0.022143699999999999,0,0,0,0,0,0,0,0.014049900000000001,497,0,0,1,0,0,0,0,0,0,0,0,1,20,nan,1,0.0030603585185861619,0,0,-8.1007754488382488e-05,0.022143699999999999,0,0,-0.086770799999999995,0,0,0
639155411995001885,nan,55.870789391588332,0.003356275158946531,0.00037223975378264385,287,0,0,0,0,-2.247007424649885,8.2945822067611452,1.9589848497255149,-2.2475445484201515,8.2978952236639056,1.9586126099717323,0.0032698239788760911,-0.00075685803802859135,-0.00037223975378264385,0,0.10895503428725935,0.016074835725049058,0.003269740578960653,0.00029853328635999748,0.0032833406123591331,-0.00048240582010872224,0.030009999999999998,-5.7918080054175647e-16,0.0010557515434403645,-0.00097715563385136761,-0.00039972263972565258,-1.9299593486896251e-14,0.0010557515434403645,-0.00011016606632607839,1,0,0.030009999999999998,0,0,0,0,0,0,0,0.004117,497,0,0,1,0,0,0,0,0,0,0,0,1,20,nan,1,0.0032696935552706773,0,0.010488510146734206,-0.010492006316781044,0.030009999999999998,-0.00031476018950349349,-0.010488510146734206,-0.089750099999999999,0,0,0
639155411995303035,nan,57.139151270871977,0.0027887966368626313,0.001194086036714781,285,0,0,0,0,-2.2478233439821804,8.2977813344196214,1.9586418318124008,-2.2450412215956153,8.2975885088301649,1.9598359178491156,-0.0012306879484940572,-0.002502557462918247,0.001194086036714781,0,-0.040863849199185204,0.040621214590182281,-0.0012306148186334623,-0.0022014327943044474,0.0025220466251993355,0.0012233078773833395,0.030114999999999999,-2.9221959053915558e-16,0.00030116063051245114,-0.00027879556202892175,-0.00011388924428423763,-9.70345643497113e-15,0.00030116063051245114,2.9221840668558485e-05,1,0,0.030114999999999999,0,0,0,0,0,0,0,0.0142507,496,0,0,1,0,0,0,0,0,0,0,0,1,20,nan,1,-0.0012307067174445164,0,0.0027724048925281343,-0.0083676716312766075,0.030114999999999999,8.3490973338484764e-05,0.0027724048925281343,-0.059635100000000003,0,0,0
639155411995502829,nan,55.216537464068935,0.002159810362177569,0.0009600617060276927,288,0,0,0,0,-2.2436907736657643,8.2981421015588577,1.9597731916287762,-2.2453493035035148,8.2967586061386047,1.9588131299227485,-0.00065116091407216032,0.0020593130564715775,-0.0009600617060276927,0,-0.032585149697561155,0.051192124206288429,-0.00065103173986745338,0.0005998421568370638,0.00088524174067527127,-0.0010227879263671191,0.019979400000000001,-7.5861626008810745e-16,-0.0014595117404461947,0.0013504479298509509,0.00055359272869281995,-3.796992202409018e-14,0.0014595117404461947,-6.272622033942632e-05,1,0,0.019979400000000001,0,0,0,0,0,0,0,0.014160799999999999,496,0,0,1,0,0,0,0,0,0,0,0,1,20,nan,1,-0.00065108548844113891,0,0.0089701278515559799,-0.0089609334245324135,0.019979400000000001,-0.00017921777239737757,-0.0089701278515559799,-0.039655700000000002,0,0,0
639155411995802856,nan,51.422130273686868,0.0008479280277214668,0.00059363494730457766,280,0,0,0,0,-2.2461821872045138,8.2964181744952761,1.9587878296037728,-2.2469782219296706,8.2967102543756859,1.9581941946564683,0.000571533612391548,0.00062636352871338569,-0.00059363494730457766,0,0.019049934152806779,0.020629318903972217,0.00057154945940641598,0.0015261206857582858,0.0016296358894081545,-0.00061893526628020723,0.0300027,7.1958498187862929e-16,0.000899771617228067,-0.00083288370099898756,-0.00034043164332864251,2.3984007501945801e-14,0.00089977161722806689,-2.5300318975629565e-05,1,0,0.0300027,0,0,0,0,0,0,0,0.0089093000000000002,497,0,0,1,0,0,0,0,0,0,0,0,1,20,nan,1,0.00057149429997575905,0,0.0024093373478002388,-0.0090011786669492722,0.0300027,-7.2286625644846225e-05,-0.0024093373478002388,-0.0429808,0,0,0
639155411996001912,nan,56.841497711211062,0.0023359502655597654,0.0014324026372056766,290,0,0,0,0,-2.247915926930014,8.296327655400292,1.9582209380306395,-2.2462622223701856,8.2979774811098661,1.9596533406678451,0.00090277097236337678,-0.0021544531126545369,0.0014324026372056766,0,0.045355507464519336,0.073303292107591136,0.00090282858938573601,-0.0011416739916418925,0.0014555132994939518,0.001459146011376866,0.019905599999999999,-5.2497069191748125e-16,0.0010127549771003013,-0.00093770500034340287,-0.00038259897539383303,-2.6373015227749039e-14,0.0010127549771003013,2.6743374171189771e-05,1,0,0.019905599999999999,0,0,0,0,0,0,0,0.0040178000000000002,497,0,0,1,0,0,0,0,0,0,0,0,1,20,nan,1,0.00090278497127723031,0,0.003838600217467856,-0.0022845107596367598,0.019905599999999999,7.6409640488828146e-05,0.003838600217467856,-0.056837499999999999,0,0,0
639155411996302507,nan,56.874308310662222,0.00072370453178187172,0.00062411227491931953,288,0,0,0,0,-2.2446650502958168,8.2986318735416873,1.9596201148765495,-2.2451806524779263,8.2981240323862799,1.9589960026016302,-0.00027446873512770219,0.00066963808341447949,-0.00062411227491931953,0,-0.0091301081428987376,0.02186789754370265,-0.00027444648572146459,-0.0010563852682309576,0.0010914534843319041,-0.00065733806621492974,0.030059499999999999,-4.6165328504432779e-16,-0.0017260324707167214,0.0015971720743688245,0.00065439243182119355,-1.5357982835520476e-14,0.0017260324707167212,-3.3225791295610207e-05,1,0,0.030059499999999999,0,0,0,0,0,0,0,0.013946699999999999,496,0,0,1,0,0,0,0,0,0,0,0,1,20,nan,1,-0.00027439634364596639,0,0.0031580975157333648,-0.0081321727484464645,0.030059499999999999,-9.4930832274187082e-05,-0.0031580975157333648,-0.059811299999999998,0,0,0
639155411996502463,nan,55.914101666196146,0.0012311725575691289,0.00034313096028770746,285,0,0,0,0,-2.2445301204343702,8.2983900687347525,1.9589960026016302,-2.2449330810924808,8.2972267078386732,1.9593391335619179,-0.00092426782358799521,0.00081333563600227211,0.00034313096028770746,0,-0.046223560362715653,0.017160323285508185,-0.00092426782358871707,0.00011050757850745516,0.00093085065108695344,0.00034313096028770746,0.019995599999999999,-7.2180759633222458e-16,-0.00070282805749481703,0.00065053204355614014,0.00026603634847255364,-3.6098321447329646e-14,0.00070282805749481703,0,1,0,0.019995599999999999,0,0,0,0,0,0,0,0.0139431,496,0,0,1,0,0,0,0,0,0,0,0,1,20,nan,1,-0.00092426782358871707,0,0,-0.0081321727484464645,0.019995599999999999,0,0,-0.039815700000000002,0,0,0
639155411996802579,nan,57.035899220607575,0.0013223930173864378,0.0014832953854890807,281,0,0,0,0,-2.2450870205567961,8.2971636923303969,1.9593187721234662,-2.2463267096224353,8.2967033725361592,1.9578354767379771,4.3608676036909822e-05,0.0013216737781338917,-0.0014832953854890807,0,0.0014539573767239512,0.050102521156513626,4.3635587207288529e-05,0.0014880108379610943,0.001488650502421775,-0.0015036568239408243,0.030011599999999999,1.3359403644094825e-16,0.00016633794803655067,-0.00015393946431530026,-6.301550827636504e-05,4.4514133348754567e-15,0.00016633794803655067,-2.0361438451743652e-05,1,0,0.030011599999999999,0,0,0,0,0,0,0,0.0040119999999999999,497,0,0,1,0,0,0,0,0,0,0,0,1,20,nan,1,4.3592304272987894e-05,0,0.0019384350862226664,-0.00603880500420928,0.030011599999999999,-5.8175538433680174e-05,-0.0019384350862226664,-0.043146200000000003,0,0,0
639155411997002188,nan,57.01837683197094,0.0010238361179614483,0.00026166923559522987,280,0,0,0,0,-2.2472432278364813,8.2963298015644718,1.9578354767379771,-2.246954303253073,8.2973120250530652,1.9575738075023819,0.00080051501567526134,-0.00063829155260022429,-0.00026166923559522987,0,0.040104154405619569,0.013109090050810828,0.00080051501567513167,0.00035143614104365636,0.00087426063136401898,-0.00026166923559522987,0.0199609,-1.2956215961201778e-16,0.00098972769364388076,-0.00091651821404603595,-0.00037357097168744247,-6.490797489693239e-15,0.00098972769364388076,0,1,0,0.0199609,0,0,0,0,0,0,0,0.0037623000000000001,496,0,0,1,0,0,0,0,0,0,0,0,1,20,nan,1,0.00080051501567513167,0,0,-0.00603880500420928,0.0199609,0,0,-0.023185299999999999,0,0,0
639155411997302516,nan,54.596456902749445,0.0011948853841086383,0.0010251084084238471,281,0,0,0,0,-2.2474442992951476,8.2971124531590412,1.957571226219698,-2.246251416406992,8.2970433047946202,1.9585963346281219,-0.00051400002432248253,-0.0010786820922556075,0.0010251084084238471,0,-0.017114714868541495,0.034047012790683014,-0.00051400280870393298,-0.00054960131762663163,0.00075250282105282604,0.0010225271257400248,0.030032799999999998,2.4324075739712292e-16,0.00052907944784602004,-0.0004899960420745586,-0.00019957189402397546,8.0991701538692012e-15,0.00052907944784602004,-2.5812826838222951e-06,1,0,0.030032799999999998,0,0,0,0,0,0,0,0.0138131,496,0,0,1,0,0,0,0,0,0,0,0,1,20,nan,1,-0.00051400078201991814,0,0.00024556795844691724,-0.010966029949486256,0.030032799999999998,-7.3750933824445752e-06,-0.00024556795844691724,-0.0268691,0,0,0
639155411997502267,nan,55.793439262950038,0.0016142168698071735,0.0017847113282483118,283,0,0,0,0,-2.245913339342219,8.2971814043796162,1.9586194218290636,-2.2460695240973765,8.295574761163147,1.9568347105008153,-0.0014282600318569658,0.00075217643154382825,-0.0017847113282483118,0,-0.071502890955435397,0.088191004165517423,-0.0014282773971239177,0.00038694817056380486,0.0014797652549772037,-0.0017616241273066269,0.019975099999999999,8.2071393951721472e-16,-0.00036519528625321169,0.00033807706477295696,0.00013809958499599873,4.1086850104240519e-14,0.00036519528625321169,2.3087200941684927e-05,1,0,0.019975099999999999,0,0,0,0,0,0,0,0.0139189,497,0,0,1,0,0,0,0,0,0,0,0,1,20,nan,1,-0.0014282646341325592,0,0.003302282905287968,0.0065963431261479855,0.019975099999999999,6.5963431261417682e-05,0.003302282905287968,-0.0397343,0,0,0
639155411997802594,nan,57.524760615035518,0.0039900423723441972,0.0017757146513996958,282,0,0,0,0,-2.2466049836128219,8.2953571335894001,1.9568571309902771,-2.2470352035066719,8.2993239142710156,1.9586328456416768,0.0038368195981674466,-0.0010951043348559528,0.0017757146513996958,0,0.12775555144821463,0.059872576919876623,0.0038368441499787953,-0.00051702293619470901,0.0038715224069838343,0.0017981351408615787,0.030032699999999999,4.942335603275172e-16,0.00057799537501264061,-0.00053545951544542447,-0.00021762757374688135,1.6456514410210113e-14,0.00057799537501264061,2.2420489461882909e-05,1,0,0.030032699999999999,0,0,0,0,0,0,0,0.0090268999999999992,497,0,0,1,0,0,0,0,0,0,0,0,1,20,nan,1,0.0038368275881431771,0,0.0021329597845115445,-0.0050296043045818806,0.030032699999999999,6.4058541320299867e-05,0.0021329597845115445,-0.0097015999999999995,0,0,0
639155411998002504,nan,58.428384150246046,0.0016325472987609928,0.00057037413938476611,279,0,0,0,0,-2.246712361355629,8.2994558043687139,1.9586434010681959,-2.2457664949360301,8.2981251851899227,1.9592137752075807,-0.0015895111722001858,-0.00037237738403749117,0.00057037413938476611,0,-0.079511142089377138,0.029059555094984327,-0.0015895072415087383,-0.00072113769577584141,0.0017454434528444652,0.0005809295659038316,0.019990999999999998,7.8387817070701971e-16,-0.00034874353379071588,0.00032284215104283476,0.00013189009769831728,3.9211553734531527e-14,0.00034874353379071594,1.0555426519065493e-05,1,0,0.019990999999999998,0,0,0,0,0,0,0,0.0041488999999999996,497,0,0,1,0,0,0,0,0,0,0,0,1,20,nan,1,-0.0015895181154936798,0,0.0015085969427970902,-0.0071159405633807182,0.019990999999999998,3.015836148345663e-05,0.0015085969427970902,-0.023058200000000001,0,0,0
639155411998302471,nan,60.471947159577581,0.0060458149546964903,0.0012953621349223177,290,0,0,0,0,-2.2447663071582777,8.2985344681967597,1.9592035396655161,-2.2445412877003097,8.2924928421979107,1.9579081775305938,-0.0056768242829363909,0.0020797943473082748,-0.0012953621349223177,0,-0.18924758372809722,0.043524710284361369,-0.0056768029948166144,0.00099916370438944756,0.0057640628336381033,-0.0013055976769869027,0.029996700000000001,-1.2094275234075802e-16,-0.0010806887481836212,0.0010001877777523482,0.00040928300683695795,-4.0318685835694599e-15,0.0010806887481836212,-1.023554206458499e-05,1,0,0.029996700000000001,0,0,0,0,0,0,0,0.0140161,497,0,0,1,0,0,0,0,0,0,0,0,1,20,nan,1,-0.0056768176041842042,0,0.00097492077124848467,-0.0064660687930881977,0.029996700000000001,-2.924440589890942e-05,-0.00097492077124848467,0.0069385000000000002,0,0,0
639155411998502236,nan,61.678019003215738,0.0040194912711437264,0.001249777792652784,281,0,0,0,0,-2.2451528788280299,8.2922435070386946,1.9579228148419905,-2.2458465524610403,8.2962026896525263,1.9591725926346433,0.0039280760474447035,-0.00085236649646252649,0.001249777792652784,0,0.19663547284948957,0.063295126976673083,0.0039280885233778286,-0.0001918457313309866,0.0039327705542177935,0.00126441510404951,0.019976500000000001,8.9256943849869153e-17,0.00066046326856793549,-0.00061159112772024571,-0.00024933515921610194,4.4680972067113429e-15,0.00066046326856793538,1.4637311396725748e-05,1,0,0.019976500000000001,0,0,0,0,0,0,0,0.0140517,497,0,0,1,0,0,0,0,0,0,0,0,1,20,nan,1,0.0039280845109394722,0,0.0020935043528119224,-0.0047734947875142097,0.019976500000000001,4.1820889703947373e-05,0.0020935043528119224,-0.040185499999999999,0,0,0
639155411998801788,nan,55.869385152573791,0.0029120395385858143,0.00072658600118447048,281,0,0,0,0,-2.245573407422111,8.2963144491547425,1.9591614159893533,-2.2474289257253077,8.298558781149076,1.9584348299881689,0.0027798350496124682,0.00086746260509207567,-0.00072658600118447048,0,0.092800072934255268,0.024628867324351187,0.0027798447447602037,0.00057230715757479228,0.0028381459242932277,-0.0007377626464744047,0.029955200000000001,-4.788514420053791e-16,-0.00029512437823278945,0.00027314503892927888,0.00011175950221620212,-1.5985586542749811e-14,0.00029512437823278945,-1.1176645289934228e-05,1,0,0.029955200000000001,0,0,0,0,0,0,0,0.0042278000000000003,497,0,0,1,0,0,0,0,0,0,0,0,1,20,nan,1,0.0027798356065857274,0,0.0010660343532130417,-0.0082055861130356789,0.029955200000000001,-3.1933272257367307e-05,-0.0010660343532130417,-0.010230299999999999,0,0,0
639155411999002425,nan,55.894543709763582,0.0012894960638428906,0.0010000304629473877,284,0,0,0,0,-2.2477850819726832,8.298413363594225,1.9584344888011704,-2.2467603396815434,8.2976306099066477,1.957434458338223,-0.0011120323543898909,-0.0006528278038322084,-0.0010000304629473877,0,-0.055425099913106006,0.049859779100854741,-0.001112032577126585,-0.00026812814211949349,0.0011439008493690551,-0.0010003716499458193,0.0200637,-3.9998928648421472e-16,0.0003846992823016957,-0.00035615624737550533,-0.00014541755485097951,-1.9935968265285802e-14,0.0003846992823016957,-3.4118699843155298e-07,1,0,0.0200637,0,0,0,0,0,0,0,0.0040301,496,0,0,1,0,0,0,0,0,0,0,0,1,20,nan,1,-0.0011120324464381159,0,4.8586252566270665e-05,-0.007192420307546854,0.0200637,-9.7481999561388477e-07,-4.8586252566270665e-05,-0.0231308,0,0,0
639155411999302416,nan,56.363845437650745,0.0012791149375823581,0.00065880187079914176,281,0,0,0,0,-2.2463874899470961,8.2977824083731253,1.9574365004591279,-2.2460689947777821,8.2965435799545499,1.958095302329927,-0.0012674773539676945,0.00017215162132658415,0.00065880187079914176,0,-0.042250524366374317,0.022028793920616394,-0.0012674777055192998,-0.00023041735769235676,0.0012882514865950657,0.00066084399170396324,0.029999100000000001,1.7645390357201585e-16,-0.00040256639067658107,0.00037284973444728919,0.00015179846647761508,5.8819732449312096e-15,0.00040256639067658107,2.0421209048215871e-06,1,0,0.029999100000000001,0,0,0,0,0,0,0,0.0141549,496,0,0,1,0,0,0,0,0,0,0,0,1,20,nan,1,-0.0012674783777140534,0,0.00019449354001355832,-0.0059549128636717796,0.029999100000000001,5.8346311562207376e-06,0.00019449354001355832,-0.026285900000000001,0,0,0
639155411999502314,nan,58.769211738403683,0.002159426678420374,3.7011703710732036e-06,280,0,0,0,0,-2.2459273459193589,8.2966013586659777,1.9580518374316571,-2.2458962764472119,8.2944421555103265,1.958048136261286,-0.0020110453412466108,0.00078665126639696761,-3.7011703710732036e-06,0,-0.10060186433229924,0.002359506780506517,-0.0020110111476297952,0.00063375900830166081,0.0021085104497001691,-4.7166068640969172e-05,0.019989799999999999,-7.2140102051754251e-17,-0.00015297966723338313,0.00014164885842316011,5.7778711427758367e-05,-3.6088456138507766e-15,0.00015297966723338313,-4.3464898269895975e-05,1,0,0.019989799999999999,0,0,0,0,0,0,0,0.013887699999999999,496,0,0,1,0,0,0,0,0,0,0,0,1,20,nan,1,-0.0020110504955685002,0,0.0062124395255923805,-0.0062093022279441357,0.019989799999999999,-0.00012418542362868656,-0.0062124395255923805,-0.040105099999999998,0,0,0
639155411999802726,nan,59.909640404539203,0.0048505227473013201,0.0011910200434559479,286,0,0,0,0,-2.2467780472023962,8.2940825288433988,1.9580607807737487,-2.2459715146233221,8.2988655274970657,1.9592518008172046,0.0041242040928641862,-0.0025531375839327273,0.0011910200434559479,0,0.13728600640833294,0.040067126343773955,0.0041242363757140119,-0.0016007981863593336,0.0044240118123953934,0.0012036645559185821,0.030041200000000001,-4.76073173938385e-16,0.0009522872488192417,-0.00088177075518425241,-0.00035962666692768153,-1.5847342114775209e-14,0.0009522872488192417,1.2644512462633983e-05,1,0,0.030041200000000001,0,0,0,0,0,0,0,0.0041294000000000001,497,0,0,1,0,0,0,0,0,0,0,0,1,20,nan,1,0.0041242074588802771,0,0.0012025877283240772,0.0018063589232042432,0.030041200000000001,3.6127178464129273e-05,0.0012025877283240772,-0.043042799999999999,0,0,0
639155412000001717,nan,57.931153635118818,0.0049192752053653288,0.0019020076991438371,282,0,0,0,0,-2.2449871153619263,8.2992683934467451,1.9592518008172046,-2.2443894489528944,8.2943855599036436,1.9573497931180608,-0.0047454106269747597,0.0012962818086809345,-0.0019020076991438371,0,-0.23847363081617118,0.095582599170004529,-0.0047454106269740719,0.00023263577768770755,0.0047511094939665221,-0.0019020076991438371,0.019899099999999999,6.8705891670406416e-16,-0.0010636460309932272,0.00098439926139581857,0.00040286594967930967,3.4527135232450927e-14,0.0010636460309932272,0,1,0,0.019899099999999999,0,0,0,0,0,0,0,0.0041720000000000004,497,0,0,1,0,0,0,0,0,0,0,0,1,20,nan,1,-0.0047454106269740719,0,0,0.0018063589232042432,0.019899099999999999,0,0,-0.0564196,0,0,0
639155412000301785,nan,59.720558912179037,0.0050409380694601642,0.003010373094631591,284,0,0,0,0,-2.2447017603970516,8.2942584392400498,1.9573336407338355,-2.246505064664948,8.2989657899108114,1.9603440138284671,0.0050398581746986101,-0.00010433694962166495,0.003010373094631591,0,0.16795714600523526,0.099784739139339634,0.0050398564887498935,0.00023277313516401445,0.0050452291087371339,0.0029942207104063367,0.0300068,-7.6940407170433822e-16,0.00033719149049774309,-0.00031231144415722056,-0.00012712066359377161,-2.5640990432313283e-14,0.00033719149049774304,-1.6152384225254224e-05,1,0,0.0300068,0,0,0,0,0,0,0,0.014053299999999999,497,0,0,1,0,0,0,0,0,0,0,0,1,20,nan,1,0.0050398511162065684,0,0.0015379736997951153,-0.0074926801025867462,0.0300068,-4.6149669215012068e-05,-0.0015379736997951153,-0.0264128,0,0,0
639155412000501662,nan,57.831046606257189,0.00083281155056002252,0.0022179055658615443,283,0,0,0,0,-2.2466392004732114,8.2989107236371193,1.9603476873319419,-2.2463082169332371,8.2981465083696637,1.9581297817660803,-0.00083265865670242411,-1.5957448564965265e-05,-0.0022179055658615443,0,-0.04165854991206358,0.1107797326549228,-0.00083265859807735328,0.00012903849112891569,0.00084259793089288475,-0.0022142320623868006,0.019987700000000001,-2.9010539630280885e-16,0.000144998998468242,-0.00013413580826338034,-5.5066273692006007e-05,-1.4514196045708552e-14,0.000144998998468242,3.6735034747437112e-06,1,0,0.019987700000000001,0,0,0,0,0,0,0,0.014104500000000001,497,0,0,1,0,0,0,0,0,0,0,0,1,20,nan,1,-0.00083265792088967961,0,0.00052510915280506206,-0.0070599950850009918,0.019987700000000001,1.049572421352174e-05,0.00052510915280506206,-0.040114299999999999,0,0,0
639155412000801873,nan,56.64721597565309,0.0023468622287280499,0.00099461209930473693,290,0,0,0,0,-2.2464851077515715,8.2980743473134559,1.9581291931996805,-2.2471339962110473,8.3003297200293922,1.9591238052989852,0.0023333924990260402,-0.00025108119427667277,0.00099461209930473693,0,0.077725078403090869,0.033110829813194631,0.0023333923512470311,-6.0039170353715738e-05,0.0023341646400446801,0.00099402353290489721,0.030021099999999998,-6.5025025294818128e-16,0.0001910433972793362,-0.00017689081833438536,-7.2161056207775687e-05,-2.1659774390284877e-14,0.0001910433972793362,-5.8856639983950743e-07,1,0,0.030021099999999998,0,0,0,0,0,0,0,0.0040927999999999997,497,0,0,1,0,0,0,0,0,0,0,0,1,20,nan,1,0.0023333924017276898,0,5.6014545938203854e-05,-0.0064771310426294804,0.030021099999999998,-1.6816182850654116e-06,-5.6014545938203854e-05,-0.0431449,0,0,0
639155412001001694,nan,60.50733304024839,0.0042042772482192639,0.00033933675737407576,285,0,0,0,0,-2.2470955806044941,8.3003454358976558,1.9591238052989854,-2.2454949756699736,8.2964577616541675,1.9587844685416114,-0.0042042667464940791,-9.3970324163850788e-06,-0.00033933675737407576,0,-0.21040164679858853,0.016982036791621188,-0.0042042667464940757,-5.0903024057682208e-05,0.0042045748885629446,-0.00033933675737385371,0.019982099999999999,3.7980957354882827e-18,-4.1505991641296241e-05,3.8415606553154902e-05,1.5715868263654897e-05,1.9007490381332707e-16,4.1505991641296235e-05,2.2204460492503131e-16,1,0,0.019982099999999999,0,0,0,0,0,0,0,0.0039950000000000003,497,0,0,1,0,0,0,0,0,0,0,0,1,20,nan,1,-0.0042042667464940757,0,0,-0.0064771310426294804,0.019982099999999999,0,0,-0.023162800000000001,0,0,0
639155412001301832,nan,57.178405782852842,0.0025714818715827344,0.00048191495529570355,289,0,0,0,0,-2.2454222169375511,8.2964874985163473,1.9588117208564622,-2.2445197515833222,8.2940795792277715,1.9583298059011665,-0.0025703684624098959,7.5663619575248864e-05,-0.00048191495529570355,0,-0.085639623222119959,0.015148453059756309,-0.002570370523464064,-3.0074093192186766e-06,0.0025703722828422618,-0.00045466264044491389,0.0300138,1.2330089206591399e-16,-7.8600980375758791e-05,7.2758732422517625e-05,2.9736862179774448e-05,4.1081399911345442e-15,7.8600980375758791e-05,2.7252314850789713e-05,1,0,0.0300138,0,0,0,0,0,0,0,0.014005099999999999,496,0,0,1,0,0,0,0,0,0,0,0,1,20,nan,1,-0.0025703706386002137,0,0.0025942651952261496,0.0026080594398081303,0.0300138,7.7863756716478605e-05,0.0025942651952261496,-0.060069400000000002,0,0,0
639155412001501596,nan,59.215817214383513,0.0039957374298571881,6.7701540464204513e-05,286,0,0,0,0,-2.2445171782216669,8.2940806296085086,1.9582591236509703,-2.2461033374022366,8.2977480560443428,1.9583268251914345,0.0039948778670781315,8.2876024826294623e-05,6.7701540464204513e-05,0,0.19998016233974319,0.00014921155623263737,0.0039948837149636459,7.9814181110828475e-05,0.003995680943167026,-2.980709731925657e-06,0.019976399999999998,7.6367707018971508e-16,-2.7794765517739755e-06,2.5733616553225147e-06,1.0503807370554341e-06,3.8228963686635988e-14,2.7794765517739755e-06,-7.068225019613017e-05,1,0,0.019976399999999998,0,0,0,0,0,0,0,0.0139813,497,0,0,1,0,0,0,0,0,0,0,0,1,20,nan,1,0.0039948756353895302,0,0.010109393397939278,-0.0067316428758203983,0.019976399999999998,-0.00020194928627459419,-0.010109393397939278,-0.040092999999999997,0,0,0
639155412001801804,nan,54.423733558066893,0.00056647979768766348,0.0008171398422887054,280,0,0,0,0,-2.2462144052164699,8.2977027213754404,1.9583249048429356,-2.2463122899367445,8.2982606801039545,1.9591420446852243,0.0005535745422093817,-0.00012022723238072835,0.0008171398422887054,0,0.018439692191071708,0.027155155551811427,0.00055357431132972549,-2.6458607801086624e-07,0.0005535743745604311,0.0008152194937898205,0.0300208,-4.5030304355112016e-16,0.00011996370935853693,-0.00011106781423331213,-4.5334668902441422e-05,-1.4999701658554074e-14,0.00011996370935853693,-1.920348498885005e-06,1,0,0.0300208,0,0,0,0,0,0,0,0.0039224999999999998,496,0,0,1,0,0,0,0,0,0,0,0,1,20,nan,1,0.00055357431205349593,0,0.00018276361713301007,-0.0071891606785356998,0.0300208,-5.4867099972266686e-06,-0.00018276361713301007,-0.0100722,0,0,0
639155412002001702,nan,57.217537656144472,0.0013879273746243497,0.00068409414097914112,284,0,0,0,0,-2.246311848758265,8.2982608605999655,1.9591711256603195,-2.2457200341892634,8.2970054332172989,1.9584870315193403,-0.0013860414855706492,-7.2328400429901235e-05,-0.00068409414097914112,0,-0.069337331119058168,0.032767369652723435,-0.001386039381603749,-7.2845380954573156e-05,0.0013879523107379877,-0.00065501316588401093,0.019989799999999999,3.9918674923647088e-16,-4.7667311733916811e-07,4.4117847952662714e-07,1.8049601102632096e-07,1.9969521918001727e-14,4.7667311733916811e-07,2.9080975095130412e-05,1,0,0.019989799999999999,0,0,0,0,0,0,0,0.0039334000000000001,496,0,0,1,0,0,0,0,0,0,0,0,1,20,nan,1,-0.0013860424067143758,0,0.004156544851454785,0.0083089331164956093,0.019989799999999999,8.3088500271610854e-05,0.004156544851454785,-0.023080900000000001,0,0,0
639155412002301756,nan,56.613856513886418,0.0010210486425587622,0.00046829500986644845,289,0,0,0,0,-2.2456175440684865,8.2970472858762374,1.9584872479766349,-2.245945656544428,8.2980141791141921,1.9589555429865013,0.0010191782363514648,-6.1774209979637527e-05,0.00046829500986644845,0,0.033966494355109962,0.015614238342464401,0.0010191782497228166,-0.00017248022188346416,0.0010336700303525458,0.00046851146716098135,0.030005400000000002,-1.0297210133181078e-16,-0.00011070623251239183,0.00010249012077689912,4.1852658938523746e-05,-3.4317856563088903e-15,0.00011070623251239182,2.164572945329013e-07,1,0,0.030005400000000002,0,0,0,0,0,0,0,0.014005,496,0,0,1,0,0,0,0,0,0,0,0,1,20,nan,1,0.0010191781963876218,0,2.0611270382946206e-05,-0.0066911294125020504,0.030005400000000002,6.1844941234845408e-07,2.0611270382946206e-05,-0.026467899999999999,0,0,0
639155412002501706,nan,56.620252476460209,0.0022472432449912676,0.00033005569818223002,287,0,0,0,0,-2.2458389751517034,8.2980578016398265,1.9589849542931057,-2.2450289419148941,8.295961626943523,1.9586548985949235,-0.0022468189987772122,4.3664503806272533e-05,-0.00033005569818223002,0,-0.11236910637835491,0.015035978573535499,-0.0022468202820352065,-7.1657138899689095e-05,0.0022479626610155371,-0.00030064439157784228,0.019994999999999999,3.3713944179794564e-16,-0.00011525556080462817,0.00010668139272462795,4.3622525634390286e-05,1.686118738674397e-14,0.00011525556080462817,2.9411306604387732e-05,1,0,0.019994999999999999,0,0,0,0,0,0,0,0.0137208,496,0,0,1,0,0,0,0,0,0,0,0,1,20,nan,1,-0.0022468232908092467,0,0.0042026658957229311,0.0084032304584980011,0.019994999999999999,8.4032304584980011e-05,0.0042026658957229311,-0.039831400000000003,0,0,0
639155412002801814,nan,57.512763086171759,0.0013990012113027407,0.00094181615255939377,291,0,0,0,0,-2.2449284408708605,8.2960026870325763,1.9586509312866007,-2.2443267398778932,8.2947396904750637,1.9577091151340413,-0.0013967497069534386,-7.9338801049794292e-05,-0.00094181615255939377,0,-0.046541579088310969,0.03151477004552173,-0.001396750021703483,-0.00018789840497048123,0.0014093319104168229,-0.0009457834608821436,0.030010800000000001,4.4913074995212021e-16,-0.0001085651452580484,0.00010050104403358517,4.1060089053246429e-05,1.4965637368951184e-14,0.00010856514525804842,-3.9673083227498296e-06,1,0,0.030010800000000001,0,0,0,0,0,0,0,0.0040384000000000001,496,0,0,1,0,0,0,0,0,0,0,0,1,20,nan,1,-0.0013967489567511847,0,0.00037770291484639444,-0.0072705410420894623,0.030010800000000001,-1.1335166636872174e-05,-0.00037770291484639444,-0.0098206000000000005,0,0,0
639155412003001794,nan,56.319909425515718,0.0020276174366238415,0.00094365481614233648,282,0,0,0,0,-2.2442099723017117,8.294787267497739,1.9577154996546662,-2.2462375855970595,8.2947913655252776,1.9567718448385238,0.00076888886726891393,0.0018761775979610684,-0.00094365481614233648,0,0.038447689206888354,0.046868201596034074,0.00076887688875935326,0.0017500942840894744,0.0019115443163240848,-0.00093727029551748942,0.019997999999999998,6.7997094500144017e-16,-0.00012608822282018684,0.00011676757618150901,4.757702267532693e-05,3.4001947444816491e-14,0.00012608822282018684,6.3845206248469566e-06,1,0,0.019997999999999998,0,0,0,0,0,0,0,0.0039493999999999996,496,0,0,1,0,0,0,0,0,0,0,0,1,20,nan,1,0.00076889285088887506,0,0.00091216559151825619,-0.0061286585405468941,0.019997999999999998,1.8241487499182085e-05,0.00091216559151825619,-0.023765600000000001,0,0,0
639155412003301849,nan,53.099350479816721,0.0042524239147904369,0.001688438520214719,286,0,0,0,0,-2.2486712894374361,8.2938024100708549,1.9567315458201886,-2.247763409183007,8.2979567887963324,1.9584199843404033,0.003507061376019313,-0.0024049178064780401,0.001688438520214719,0,0.11687738772377304,0.05492791327854811,0.0035069644573456722,0.0002219062758971361,0.0035139781018623832,0.0016481395018794753,0.030005500000000001,8.6378387081920138e-16,0.0026269654115530267,-0.0024337038403765554,-0.00098895545442267974,2.8787517982343281e-14,0.0026269654115530267,-4.029901833524363e-05,1,0,0.030005500000000001,0,0,0,0,0,0,0,0.013998099999999999,496,0,0,1,0,0,0,0,0,0,0,0,1,20,nan,1,0.003506951676383983,0,0.0038372982415519215,-0.0066701797768473625,0.030005500000000001,-0.00011514005238688618,-0.0038372982415519215,-0.026802099999999999,0,0,0
639155412003501713,nan,56.803932813611908,0.0043089613622584325,0.000216140254659658,279,0,0,0,0,-2.247896688441156,8.2979023735732227,1.9583740645495684,-2.2444826314262643,8.295273426498726,1.9581579242949088,-0.0037242832374099182,-0.0021672245820365602,-0.000216140254659658,0,-0.18634585277901131,0.013111918379225922,-0.0037243827519824317,-0.002023093924188619,0.004238388362261431,-0.00026206004549456097,0.019986400000000001,3.8853062477375855e-16,0.0001439596372557948,-0.00013327925814898833,-5.4415223109671729e-05,1.9439750268870758e-14,0.00014395963725579483,-4.591979083490294e-05,1,0,0.019986400000000001,0,0,0,0,0,0,0,0.013687100000000001,496,0,0,1,0,0,0,0,0,0,0,0,1,20,nan,1,-0.0037242500296120083,0,0.0065644339343440298,-0.0065600029192864895,0.019986400000000001,-0.00013119940238537353,-0.0065644339343440298,-0.039884900000000001,0,0,0
639155412003801832,nan,55.51521476043547,0.0024915135861204082,0.00031529971863686335,287,0,0,0,0,-2.2416684461429073,8.2964215410552473,1.958179102510418,-2.2441567464132546,8.2965480389382815,1.9584944022290549,0.0010571207957473722,0.0022561328801781644,0.00031529971863686335,0,0.03522179584237578,0.011211483916251586,0.0010570730146417977,-0.00078322062951001828,0.0013156131318795689,0.00033647793414615101,0.030011900000000001,-1.5569143196891844e-16,-0.0030393758971142557,0.0028141852833569736,0.0011481145565213069,-5.1876566285013088e-15,0.0030393758971142557,2.1178215509287668e-05,1,0,0.030011900000000001,0,0,0,0,0,0,0,0.0039132999999999998,496,0,0,1,0,0,0,0,0,0,0,0,1,20,nan,1,0.0010570493181361778,0,0.0020161731569566222,0.0030254593584686518,0.030011900000000001,6.0509187169266454e-05,0.0020161731569566222,-0.043525300000000003,0,0,0
639155412004001693,nan,53.965963124554861,0.0011342767629357034,0.00051697673457429261,288,0,0,0,0,-2.2436736603981466,8.2967453151232142,1.9584256742014228,-2.2446628234469905,8.2961902113151407,1.9579086974668485,-0.00014002100959454206,0.0011256011246476359,-0.00051697673457429261,0,-0.0070020488698564606,0.02930560550614824,-0.0001399436489178382,0.00060379661069367605,0.000619802042556823,-0.00058570476220642931,0.0199861,8.6966566760493524e-16,-0.00052181413466335675,0.00048308601510793636,0.00019727618493270427,4.3513525280316584e-14,0.00052181413466335686,-6.8728027632136701e-05,1,0,0.0199861,0,0,0,0,0,0,0,0.0038749000000000001,496,0,0,1,0,0,0,0,0,0,0,0,1,20,nan,1,-0.00014000293074342885,0,0.0098251181188708393,-0.0065455264411866665,0.0199861,-0.00019636579323556447,-0.0098251181188708393,-0.056477800000000002,0,0,0
639155412004301800,nan,58.478036977622921,0.0037576693748420445,0.0012572229755254405,294,0,0,0,0,-2.24550226820425,8.2958479836502566,1.9579288524212486,-2.2463760368226438,8.2995026529283358,1.959186075396774,0.0037140850486735216,-0.00057065872625029486,0.0012572229755254405,0,0.12375907757967995,0.042564083141197952,0.0037140965495205012,0.00033594096532516644,0.0037292585739451879,0.0012773779299255494,0.030010700000000001,7.4706950695113683e-16,0.00090652483424476487,-0.00083944475725949985,-0.00034222766488412049,2.4893438238732747e-14,0.00090652483424476487,2.0154954400108949e-05,1,0,0.030010700000000001,0,0,0,0,0,0,0,0.014104500000000001,496,0,0,1,0,0,0,0,0,0,0,0,1,20,nan,1,0.0037141062206592999,0,0.0019188350821443213,0.0028792791999876499,0.030010700000000001,5.7585583999708589e-05,0.0019188350821443213,-0.059811099999999999,0,0,0
639155412004501790,nan,56.835959483060257,0.0028770762425851639,0.00028027541816055823,287,0,0,0,0,-2.2465803063490886,8.2994190711840012,1.959186075396774,-2.2468187236746244,8.2965518905331646,1.9594663508149346,-0.0025633449020820709,0.0013064572777622015,0.00028027541816055823,0,-0.12817365378675763,0.014014471631609493,-0.0025633449020813657,0.0015271651104732122,0.0029837845702518784,0.00028027541816055823,0.019998999999999999,7.0500246265869926e-16,0.00022070783271101071,-0.00020426952644481133,-8.3581744334537689e-05,3.5251885727221324e-14,0.00022070783271101074,0,1,0,0.019998999999999999,0,0,0,0,0,0,0,0.014062,496,0,0,1,0,0,0,0,0,0,0,0,1,20,nan,1,-0.0025633449020813657,0,0,0.0028792791999876499,0.019998999999999999,0,0,-0.039812100000000003,0,0,0
639155412004802766,nan,60.07988211589489,0.0051813129687496625,0.002487658156037353,274,0,0,0,0,-2.2489466169157941,8.2956805159808216,1.9594712026481453,-2.2452204327132952,8.2920802999638052,1.956983544492108,-0.0047437672055585028,-0.0020839090142328945,-0.002487658156037353,0,-0.15761247058647895,0.082491837316816058,-0.0047437570947236087,0.00021546425065256452,0.0047486478303881245,-0.0024828063228266029,0.030097599999999999,9.6060312482215693e-17,0.0022993962808282036,-0.0021278932411696871,-0.000871374552342985,3.1916269896010213e-15,0.0022993962808282031,4.8518332107505557e-06,1,0,0.030097599999999999,0,0,0,0,0,0,0,0.0042043000000000002,497,0,0,1,0,0,0,0,0,0,0,0,1,20,nan,1,-0.0047437556011859358,0,0.00046058093011745282,-0.0068194647319614887,0.030097599999999999,1.3862380602303048e-05,0.00046058093011745282,-0.043352300000000003,0,0,0
639155412005001575,nan,56.408970673388332,0.0065945312178411668,0.0019744681889273252,287,0,0,0,0,-2.2453450679554234,8.292029622669304,1.956983544492108,-2.2464494648514877,8.2985310186331755,1.9589580126810353,0.0064385617963315144,-0.001425750321024689,0.0019744681889273252,0,0.32385665620426174,0.099314829254577269,0.0064385617963313071,-0.0012912061581697603,0.0065667565318102469,0.0019744681889273252,0.0198809,-2.0707583868115331e-16,0.00013454416285492839,-0.00012463524212824595,-5.0677294501255687e-05,-1.0415818131027936e-14,0.00013454416285492839,0,1,0,0.0198809,0,0,0,0,0,0,0,0.0040084999999999999,496,0,0,1,0,0,0,0,0,0,0,0,1,20,nan,1,0.0064385617963313071,0,0,-0.0068194647319614887,0.0198809,0,0,-0.056442800000000001,0,0,0
639155412005302793,nan,56.213120162794617,0.0035488954952745577,0.00052840917480145855,278,0,0,0,0,-2.2446208553715885,8.2992787509622659,1.9589372250766492,-2.2434242978983261,8.2959376569124732,1.9584088159018478,-0.0035454233537701185,0.00015694737628100695,-0.00052840917480145855,0,-0.11770279632835891,0.01823253521328479,-0.0035454200904435616,-0.0018185589050630955,0.0039846154279811145,-0.00054919677918752186,0.030121800000000001,5.5771359752654348e-16,-0.0019755799821682463,0.001828609479899157,0.00074773232909031151,1.8515281209175529e-14,0.0019755799821682459,-2.0787604386063311e-05,1,0,0.030121800000000001,0,0,0,0,0,0,0,0.0140792,496,0,0,1,0,0,0,0,0,0,0,0,1,20,nan,1,-0.0035453660839044245,0,0.0019717664743972318,-0.0069353491999208927,0.030121800000000001,-5.9393155388498542e-05,-0.0019717664743972318,-0.026321000000000001,0,0,0
639155412005501749,nan,58.462166890355732,0.0053920265940809453,0.00021656283102955423,291,0,0,0,0,-2.2423110497487189,8.2963921590906029,1.958420393207104,-2.2468375560147176,8.2993221235639627,1.9586369560381336,0.004423562975023135,0.0030831868897750313,0.00021656283102955423,0,0.22233696293303323,0.011466863843553539,0.0044235272797304558,0.0018807849131778403,0.0048067603938782826,0.00022814013628580376,0.019895599999999999,-4.4099923365847893e-16,-0.0012024531893294458,0.0011132481496072266,0.00045450217812970095,-2.2165666461854829e-14,0.0012024531893294458,1.1577305256249559e-05,1,0,0.019895599999999999,0,0,0,0,0,0,0,0.0140999,496,0,0,1,0,0,0,0,0,0,0,0,1,20,nan,1,0.0044235583854412529,0,0.0016625794154573419,-0.0053847189992666245,0.019895599999999999,3.307801501817309e-05,0.0016625794154573419,-0.039866600000000002,0,0,0
639155412005802434,nan,54.015429710225504,0.00199613429247794,0.00044441139287010328,282,0,0,0,0,-2.2494674854029872,8.2982477108355202,1.9586326197029598,-2.2481032790631774,8.2997049318812195,1.9590770310958299,0.00083306838488529059,-0.0018139870946925225,0.00044441139287010328,0,0.027705423244304597,0.014635750293372678,0.00083306051882137285,0.0010269407067326323,0.001322345281370737,0.00044007505769627642,0.030068500000000001,-4.1850203857940471e-17,0.0028409314138718392,-0.0026299293882696695,-0.0010744127284425531,-1.3918287862028525e-15,0.0028409314138718397,-4.3363351738268108e-06,1,0,0.030068500000000001,0,0,0,0,0,0,0,0.0090585000000000006,497,0,0,1,0,0,0,0,0,0,0,0,1,20,nan,1,0.00083305415714952002,0,0.00041204346968539183,-0.0071961516514420509,0.030068500000000001,-1.2389529068235206e-05,-0.00041204346968539183,-0.043453699999999998,0,0,0
639155412006001562,nan,55.622374496726415,0.0049617410552848336,0.00014545639624463647,291,0,0,0,0,-2.2487325186520835,8.2994475436082684,1.9590770310958299,-2.244545887183389,8.2967846520886912,1.9589315746995852,-0.0040497183516331574,-0.0028668197662470299,-0.00014545639624463647,0,-0.20337262221454694,0.0073046681654331111,-0.0040497183516338305,-0.002186973325277175,0.0046025070399765529,-0.00014545639624463647,0.019912800000000001,-6.7320823395056184e-16,0.00067984644096985461,-0.0006292395889060387,-0.00025738827295107569,-3.3807813765545868e-14,0.00067984644096985461,0,1,0,0.019912800000000001,0,0,0,0,0,0,0,0.0040669,497,0,0,1,0,0,0,0,0,0,0,0,1,20,nan,1,-0.0040497183516338305,0,0,-0.0071961516514420509,0.019912800000000001,0,0,-0.0235409,0,0,0
639155412006301678,nan,59.325109275051155,0.0027195930798239172,0.00073233534863303973,287,0,0,0,0,-2.2414941417420149,8.2980324398470753,1.9589665673080947,-2.2442136867599825,8.2980162715115409,1.9582342319594617,0.0010143698671744408,0.0025233391156153874,-0.00073233534863303973,0,0.033796317701682115,0.023235773505030165,0.001014281568335803,-0.00077361258016288683,0.0012756345574074163,-0.00069734274012356323,0.030011599999999999,1.9277114626792269e-16,-0.0032969871896810208,0.0030517454413740985,0.001247787758384078,6.4232212300551351e-15,0.0032969871896810204,3.4992608509476497e-05,1,0,0.030011599999999999,0,0,0,0,0,0,0,0.013979500000000001,497,0,0,1,0,0,0,0,0,0,0,0,1,20,nan,1,0.0010142428946082803,0,0.0033313412632288934,0.003894077381119132,0.030011599999999999,9.9978881455520252e-05,0.0033313412632288934,-0.059859000000000002,0,0,0
639155412006501743,nan,58.140305789130906,0.0021908945927527602,0.00016470037385207803,282,0,0,0,0,-2.2437366378726553,8.2982109375390323,1.9581706230227289,-2.2456945272066937,8.2972277343696863,1.9580059226488769,-0.00017074240232947365,0.0021842312488836993,-0.00016470037385207803,0,-0.0085274018621996368,0.011411756708310686,-0.00017060346535609705,0.0016690038077573888,0.0016777005849376617,-0.00022830931058481774,0.0200065,7.3002042778880227e-16,-0.00051523829745016455,0.00047704888732713613,0.00019466602749140804,3.6489162411656326e-14,0.00051523829745016455,-6.3608936732739707e-05,1,0,0.0200065,0,0,0,0,0,0,0,0.018984299999999999,497,0,0,1,0,0,0,0,0,0,0,0,1,20,nan,1,-0.000170755126876686,0,0.0090840386492430942,-0.0060579939745366573,0.0200065,-0.00018173981923608196,-0.0090840386492430942,-0.039852499999999999,0,0,0
639155412006801866,nan,56.073189336177251,0.0023128766980615991,0.00043818837603293304,278,0,0,0,0,-2.2480128320347506,8.2962823371817045,1.9580085545841679,-2.2458636257781288,8.2971369195867037,1.9584467429602008,-2.0244872342457701e-05,-0.0023127880935313043,0.00043818837603293304,0,-0.00067434969110261771,0.014687988302261909,-2.0238785234279094e-05,0.00019087179792154276,0.00019194179239957496,0.00044082031132397509,0.030012299999999999,-4.9558881304312408e-16,0.0025036599447280303,-0.0023183048280568386,-0.00094539718798181127,-1.6512856830137112e-14,0.0025036599447280303,2.631935291041998e-06,1,0,0.030012299999999999,0,0,0,0,0,0,0,0.0038027999999999998,496,0,0,1,0,0,0,0,0,0,0,0,1,20,nan,1,-2.0238067573820324e-05,0,0.00025055777521352271,-0.0070335324853658676,0.030012299999999999,7.5198151170408067e-06,0.00025055777521352271,-0.0098402000000000003,0,0,0
639155412007001537,nan,55.246476802056605,0.00085359915839972977,0.00018939182533816987,281,0,0,0,0,-2.2459811953166673,8.297088914653644,1.9584757403950994,-2.2466627055560471,8.296574934773842,1.9582863485697612,-0.00021819797627891377,0.00082524006590113728,-0.00018939182533816987,0,-0.010929073627722895,0.0080329336979119478,-0.00021822190603210584,0.00095222613968156853,0.00097691116349704339,-0.00016039439043957768,0.019967100000000002,1.5525775109992423e-16,0.00012699240130899442,-0.00011756953853847563,-4.8004933059786481e-05,7.7756785462047172e-15,0.00012699240130899442,2.8997434898592186e-05,1,0,0.019967100000000002,0,0,0,0,0,0,0,0.0039272999999999999,496,0,0,1,0,0,0,0,0,0,0,0,1,20,nan,1,-0.00021818245996560291,0,0.0041493163251537617,0.0082850642502307892,0.019967100000000002,8.2849813995977684e-05,0.0041493163251537617,-0.023209400000000002,0,0,0
639155412007302470,nan,55.312816558414951,0.001816376214048585,0.00015004590664324799,280,0,0,0,0,-2.2479913980001105,8.2960326636934258,1.9582853799001037,-2.2475203815499039,8.2977869059955598,1.9584354258067469,0.0014462035923759843,-0.0010989621105207716,0.00015004590664324799,0,0.048057292747696038,0.0049538348066064802,0.0014462025278442411,0.00033612587101746139,0.001484749929351849,0.00014907723698565079,0.0300933,1.8648277366750676e-16,0.001435089382431256,-0.0013286924440634174,-0.00054227108041615679,6.1968203443127463e-15,0.0014350893824312558,-9.68669657597232e-07,1,0,0.0300933,0,0,0,0,0,0,0,0.0142065,497,0,0,1,0,0,0,0,0,0,0,0,1,20,nan,1,0.0014462020627072387,0,9.1968231902225014e-05,-0.0071382420137524605,0.0300933,-2.7676275931032279e-06,-9.1968231902225014e-05,-0.026750900000000001,0,0,0
639155412007501745,nan,60.238695528985296,0.0021846645767516011,7.6893774149988658e-05,281,0,0,0,0,-2.2477263142776018,8.2977028241215756,1.9583947158599768,-2.2462360729492135,8.2961053448271631,1.9584716096341268,-0.0020422380389837225,-0.00077590147895282039,7.6893774149988658e-05,0,-0.10248498929617313,0.0018157735481073778,-0.00204226962419949,-0.00055338171901412009,0.0021159150608819218,3.6183827379909772e-05,0.019927500000000001,-1.6958277230388896e-16,0.00022243661989391382,-0.00020593272769797721,-8.4081873984231947e-05,-8.5099873192266439e-15,0.0002224366198939138,-4.0709946770078893e-05,1,0,0.019927500000000001,0,0,0,0,0,0,0,0.0141686,497,0,0,1,0,0,0,0,0,0,0,0,1,20,nan,1,-0.0020422374376881736,0,0.0058368653182343001,-0.0058157066814601421,0.019927500000000001,-0.00011631413362911402,-0.0058368653182343001,-0.039792599999999997,0,0,0
639155412007802675,nan,58.555555250822543,0.0043995216279609263,9.6086634450376351e-05,279,0,0,0,0,-2.24546251626127,8.2964212189565743,1.9584724644587965,-2.2469215048116165,8.3005717783122339,1.9585685510932469,0.0043940997808955135,-0.00021835217065548974,9.6086634450376351e-05,0,0.1460173451482864,0.0032213956441728086,0.0043940999675473828,-0.0010539119459229492,0.0045187216017983462,9.6941459120092333e-05,0.030093000000000002,6.5312338870526787e-16,-0.00083556353145243295,0.00077355668794343302,0.00031587412941114223,2.17034987772993e-14,0.00083556353145243295,8.5482466971598114e-07,1,0,0.030093000000000002,0,0,0,0,0,0,0,0.0039081999999999997,496,0,0,1,0,0,0,0,0,0,0,0,1,20,nan,1,0.0043940986805299188,0,8.116027644507476e-05,-0.0067058173008263111,0.030093000000000002,2.4423561990616349e-06,8.116027644507476e-05,-0.0096995999999999992,0,0,0
639155412008001624,nan,61.465104287325325,0.0040630739163244958,0.00043555322067612146,288,0,0,0,0,-2.2462762198069641,8.3008353469721605,1.9585739096548727,-2.2447663113755416,8.2970632459424642,1.9590094628755488,-0.0040629735978451112,2.8551580166886028e-05,0.00043555322067612146,0,-0.20422187348430165,0.022162050691477628,-0.0040629737507828327,-0.00066850761930685909,0.0041176034457705672,0.00044091178230187827,0.0198949,-6.5212050169571878e-16,-0.00069703742777892737,0.00064528500465232952,0.00026356865992660516,-3.2778274919487848e-14,0.00069703742777892737,5.3585616257567628e-06,1,0,0.0198949,0,0,0,0,0,0,0,0.0038024999999999999,496,0,0,1,0,0,0,0,0,0,0,0,1,20,nan,1,-0.0040629788681484664,0,0.00076955280362930292,-0.0061596031300723553,0.0198949,1.5310176072924619e-05,0.00076955280362930292,-0.023186600000000002,0,0,0
639155412008301751,nan,57.666698462573109,0.0027168151718604981,0.0002789393387012673,286,0,0,0,0,-2.2438353718096185,8.2974439701207547,1.9590026097808797,-2.2458747059227964,8.2992390191598844,1.959281549119581,0.0024334252345235281,0.0012081085655004263,0.0002789393387012673,0,0.081080126538079819,0.0090657036531930843,0.002433433513749428,0.0002023089226601874,0.0024418287339669858,0.00027208624403218806,0.0300127,6.7258481770138268e-16,-0.0010057829663183675,0.00093093956592316118,0.00038072417829049243,2.2410007020407451e-14,0.0010057829663183675,-6.8530946690792405e-06,1,0,0.0300127,0,0,0,0,0,0,0,0.0137465,496,0,0,1,0,0,0,0,0,0,0,0,1,20,nan,1,0.0024334315330010962,0,0.00065239950032594442,-0.0074061639606952667,0.0300127,-1.9580270483432471e-05,-0.00065239950032594442,-0.026697200000000001,0,0,0
639155412008501593,nan,55.827268186029222,0.0016477945997336939,0.00052162674397338016,289,0,0,0,0,-2.245998968949332,8.299188160130802,1.9593107477758858,-2.2472712234712664,8.2981409755843494,1.9587891210319124,-0.0004871930680547145,0.001574125140308406,-0.00052162674397338016,0,-0.024381212667335679,0.024640870671259484,-0.0004872390301865697,0.0017083790810066991,0.0017765024505917357,-0.00049242808766858381,0.019984200000000001,-5.9019900511964041e-16,0.0001342681667522584,-0.00012426302653567589,-5.0859029082417351e-05,-2.9533281548405257e-14,0.0001342681667522584,2.9198656304796348e-05,1,0,0.019984200000000001,0,0,0,0,0,0,0,0.0139472,497,0,0,1,0,0,0,0,0,0,0,0,1,20,nan,1,-0.0004871677692289628,0,0.0041745344971776815,0.0083425566554069519,0.019984200000000001,8.3424732298498228e-05,0.0041745344971776815,-0.039830400000000002,0,0,0
639155412008801786,nan,56.474275418330805,0.0038809796813272296,0.0010129331766108862,293,0,0,0,0,-2.2496463859469102,8.2971702217633361,1.9587897859237042,-2.2464238365624203,8.2950075431576717,1.9577768527470933,-0.0032211196918520979,-0.0021648074319988485,-0.0010129331766108862,0,-0.10730157773459136,0.03372058258583778,-0.0032211182524880182,0.00040107424415832048,0.0032459918893673521,-0.0010122682848190401,0.030019299999999999,6.7567479389296636e-16,0.002565883817852734,-0.0023751624756438439,-0.00097075382101330376,2.2508012974751789e-14,0.002565883817852734,6.64891791846145e-07,1,0,0.030019299999999999,0,0,0,0,0,0,0,0.0037912000000000002,496,0,0,1,0,0,0,0,0,0,0,0,1,20,nan,1,-0.0032211178715280324,0,6.3282316138710365e-05,-0.0069289142265915871,0.030019299999999999,1.8996908328627882e-06,6.3282316138710365e-05,-0.0098110999999999997,0,0,0
639155412009001690,nan,58.451970014618027,0.003026895079016558,0.00067405083482552353,283,0,0,0,0,-2.2466691583322245,8.2949075672707817,1.9577836871053034,-2.2464343231707589,8.2979253390093852,1.9584577379401289,0.0027059813626287557,-0.0013563770436277938,0.00067405083482552353,0,0.13536450658976315,0.034060608743974714,0.0027059906325320013,-0.0010914473408643629,0.0029178146961777456,0.00068088519303555206,0.019990399999999998,-1.4264034831762418e-16,0.0002649112090858123,-0.00024532176980418541,-9.9975886890035781e-05,-7.1354424282467679e-15,0.0002649112090858123,6.8343582100283129e-06,1,0,0.019990399999999998,0,0,0,0,0,0,0,0.0037295000000000002,496,0,0,1,0,0,0,0,0,0,0,0,1,20,nan,1,0.0027059799762000369,0,0.00097680575387704225,-0.0065701738931238651,0.019990399999999998,1.9526737742303624e-05,0.00097680575387704225,-0.023218200000000001,0,0,0
639155412009301825,nan,58.051087064071716,0.0060090351807082403,0.0016722997468969769,283,0,0,0,0,-2.2449146664778699,8.2985458510115535,1.9584519509235376,-2.2437535427058277,8.2926500647714505,1.9567796511766407,-0.0058972329505694613,0.001153753582749419,-0.0016722997468969769,0,-0.19648579051691883,0.055911065470146432,-0.0058972262736795428,-0.00048767249624918386,0.0059173560131678925,-0.0016780867634882399,0.030013499999999999,4.5102810375396984e-17,-0.0016414602063642106,0.0015196566928890043,0.00062051200216828306,1.5027507746646338e-15,0.0016414602063642106,-5.7870165912632388e-06,1,0,0.030013499999999999,0,0,0,0,0,0,0,0.0138271,496,0,0,1,0,0,0,0,0,0,0,0,1,20,nan,1,-0.0058972222418082641,0,0.00055089653380392147,-0.0066485600546002388,0.030013499999999999,-1.6534333117323996e-05,-0.00055089653380392147,0.0067952999999999998,0,0,0
639155412009501631,nan,55.829658179487069,0.0057740064359010955,0.0012427805445189843,283,0,0,0,0,-2.2434466714581074,8.2927747672031753,1.9567880596553127,-2.2459463877602541,8.2979796273099033,1.9580308401998316,0.0057630036594826422,0.000356285198425281,0.0012427805445189843,0,0.28842981008890106,0.062620192746513648,0.0057630006634622971,2.5092567334559536e-05,0.0057630552907292423,0.0012511890231909906,0.019980600000000001,-1.2426312149399488e-16,-0.00033124108917148348,0.00030687124772033059,0.00012470243172479911,-6.2191886877268384e-15,0.00033124108917148348,8.4084786720062255e-06,1,0,0.019980600000000001,0,0,0,0,0,0,0,0.013910199999999999,497,0,0,1,0,0,0,0,0,0,0,0,1,20,nan,1,0.0057630009644612616,0,0.0012023775450624684,-0.0058403331786394119,0.019980600000000001,2.4024224776875158e-05,0.0012023775450624684,-0.0068739999999999999,0,0,0
639155412009801821,nan,58.682597270221351,0.00067576254878048731,0.00073516563435838112,289,0,0,0,0,-2.2459712644889276,8.297969481937697,1.958027388916858,-2.2466338524317182,8.2978366954910889,1.9587625545512164,0.00012725569498393293,0.00066367236678082113,0.00073516563435838112,0,0.0042392479930955041,0.024375040853617677,0.00012725798550473395,0.00069053789502538277,0.00070216606251000883,0.00073171435138474905,0.030019000000000001,4.1935584779023705e-16,2.6865967443927697e-05,-2.4876728673461912e-05,-1.0145372206338266e-05,1.396968079517096e-14,2.6865967443927701e-05,-3.4512829736321748e-06,1,0,0.030019000000000001,0,0,0,0,0,0,0,0.0037820000000000002,496,0,0,1,0,0,0,0,0,0,0,0,1,20,nan,1,0.00012725458087221631,0,0.00032848557565278509,-0.0068931854330003262,0.030019000000000001,-9.8608084955209563e-06,-0.00032848557565278509,-0.043164000000000001,0,0,0
639155412010001706,nan,55.309613080746438,0.0021964515859766091,0.00021550065841613453,286,0,0,0,0,-2.2470594252368672,8.2976627726154764,1.9587229244184894,-2.2471337489147181,8.2998579663564591,1.9589384250769055,0.0020601950583313149,-0.00076157461300019097,0.00021550065841613453,0,0.10306750758740801,0.008798585471102174,0.002060164875410905,-0.00030191570186582456,0.002082170119108898,0.00017587052568912578,0.019988499999999999,3.9356538861223811e-16,0.00045974055633990577,-0.00042557280514898821,-0.00017392287561257547,1.9689590945405515e-14,0.00045974055633990577,-3.9630132727008778e-05,1,0,0.019988499999999999,0,0,0,0,0,0,0,0.0037959999999999999,496,0,0,1,0,0,0,0,0,0,0,0,1,20,nan,1,0.0020601819649083302,0,0.0056647047377031707,-0.0056614475324749947,0.019988499999999999,-0.00011322895064957983,-0.0056647047377031707,-0.0568351,0,0,0
639155412010301797,nan,58.337105835499408,0.0026727383614131269,0.0008014564823999315,283,0,0,0,0,-2.2467136910091541,8.3000297216263998,1.9589661980222575,-2.2460030347851685,8.2974531933265592,1.9581647415398575,-0.0026538229899393329,0.00031741752730242456,-0.0008014564823999315,0,-0.088434235099868114,0.025781630806921457,-0.0026538318045354523,-0.00013647168692918236,0.0026573384745073769,-0.00077368353704798665,0.0300091,2.3554292197247584e-17,-0.00045381550962832532,0.00042005790556398637,0.00017175526994073209,7.8490498539601595e-16,0.00045381550962832537,2.7772945351944859e-05,1,0,0.0300091,0,0,0,0,0,0,0,0.0137714,496,0,0,1,0,0,0,0,0,0,0,0,1,20,nan,1,-0.0026538372170476824,0,0.0026442403282327547,0.00396756362169981,0.0300091,7.9351272433969555e-05,0.0026442403282327547,-0.059841100000000001,0,0,0
639155412010501664,nan,57.014237769858212,0.0030050490443249349,0.00018570836219033993,280,0,0,0,0,-2.2459176101869769,8.2974880450248119,1.9581647415398573,-2.2483267901164519,8.2992841997581834,1.9583504499020477,0.0025731463266749546,0.0015521719428972392,0.00018570836219033993,0,0.12874293038245752,0.0092915970215252091,0.0025731463266750634,0.0014599114267091445,0.0029584494912567468,0.00018570836219011788,0.0199867,1.0846087483001865e-16,-9.2260516188093965e-05,8.542459819160797e-05,3.4851698252680308e-05,5.426652465390417e-15,9.2260516188093979e-05,-2.2204460492503131e-16,1,0,0.0199867,0,0,0,0,0,0,0,0.0137733,496,0,0,1,0,0,0,0,0,0,0,0,1,20,nan,1,0.0025731463266750634,0,0,0.00396756362169981,0.0199867,0,0,-0.039854399999999998,0,0,0
639155412010801735,nan,52.63325244380259,0.0039416632791840515,0.00034622428762109969,284,0,0,0,0,-2.2503554134095913,8.2984561185013188,1.958376614424197,-2.2464154042321471,8.2983419384324648,1.9580303901365759,-0.0015948345832671451,-0.0036046098344318872,-0.00034622428762109969,0,-0.053145431242208115,0.010666134530553794,-0.001594740269828063,-0.0014135260437830967,0.0021310214463173232,-0.00032005976547178072,0.030007099999999998,-6.5767703782970699e-16,0.0021911255174997383,-0.0020286232931394643,-0.0008280812568646212,-2.1917380814197541e-14,0.0021911255174997383,2.6164522149318969e-05,1,0,0.030007099999999998,0,0,0,0,0,0,0,0.0041127000000000004,497,0,0,1,0,0,0,0,0,0,0,0,1,20,nan,1,-0.0015947931033332982,0,0.0024912696518191403,0.0042142467573285103,0.030007099999999998,7.4755777569102122e-05,0.0024912696518191403,-0.043063999999999998,0,0,0
639155412011001598,nan,58.13144749137269,0.0012233888239209631,9.5091676902692157e-05,287,0,0,0,0,-2.2455433172062031,8.2986975975789345,1.9580303901365759,-2.2459129751934759,8.2975313929712691,1.9579352984596732,-0.00094026195962557558,0.00078267979517538961,-9.5091676902692157e-05,0,-0.047045324028270004,0.0047578429675673916,-0.00094026195962621266,-0.00015914248598354207,0.00095363456500126254,-9.5091676902692157e-05,0.019986299999999999,-6.3718561676973096e-16,-0.00094182228115893168,0.00087208702594399057,0.0003556591464697334,-3.1881119405279164e-14,0.00094182228115893168,0,1,0,0.019986299999999999,0,0,0,0,0,0,0,0.0041422999999999998,497,0,0,1,0,0,0,0,0,0,0,0,1,20,nan,1,-0.00094026195962621266,0,0,0.0042142467573285103,0.019986299999999999,0,0,-0.0230777,0,0,0
639155412011302681,nan,62.652575778053063,0.0017437233949610866,0.00058849744733402432,278,0,0,0,0,-2.2456908531782611,8.2976219553130672,1.9579259391612496,-2.2467230154947861,8.2990273777515107,1.9585144366085836,0.0016910906188653181,0.0004251867788635169,0.00058849744733402432,0,0.056167056866063901,0.019235166014368747,0.0016910945982405118,0.00018529655221588917,0.0017012159629104511,0.00057913814891041859,0.030108300000000001,-6.8876653512572883e-16,-0.00023987439920724224,0.00022212201521476516,9.0562341798161583e-05,-2.2876301057373841e-14,0.00023987439920724222,-9.359298423605722e-06,1,0,0.030108300000000001,0,0,0,0,0,0,0,0.0140638,497,0,0,1,0,0,0,0,0,0,0,0,1,20,nan,1,0.0016910921205954561,0,0.00088815551324849379,-0.0077711334452033043,0.030108300000000001,-2.6740852639539625e-05,-0.00088815551324849379,-0.060097699999999997,0,0,0
639155412011501589,nan,55.959203400649486,0.001743597864314519,0.00077240476917816991,292,0,0,0,0,-2.2468357447975724,8.2989813402362991,1.9584760359785829,-2.2465702786663049,8.2972580697277625,1.9577036312094047,-0.0016957415639984633,0.00040570193562540068,-0.00077240476917816991,0,-0.085251773862178748,0.040762835038252968,-0.0016957259835378251,0.00052753465329676312,0.0017758883471869116,-0.00081080539917888217,0.0198908,4.4419085380373313e-16,0.00012176760042612836,-0.00011272930278627413,-4.6037515211594382e-05,2.2331472530201557e-14,0.00012176760042612837,-3.8400630000712255e-05,1,0,0.0198908,0,0,0,0,0,0,0,0.014034700000000001,496,0,0,1,0,0,0,0,0,0,0,0,1,20,nan,1,-0.0016957549205048677,0,0.0055159212156917778,-0.0054858042858541012,0.0198908,-0.00010971608571708202,-0.0055159212156917778,-0.040206899999999997,0,0,0
639155412011801691,nan,59.772408286112487,0.0044841012216008608,0.00016529271456589001,289,0,0,0,0,-2.2473054402937223,8.2969585323591524,1.9577092188442682,-2.2442404253346395,8.2936854837701208,1.9575439261297023,-0.0041876255040351074,-0.0016034202205027369,-0.00016529271456589001,0,-0.13953977463138401,0.005321693281031826,-0.0041876165446427605,-0.00080960153584629557,0.0042651596654533878,-0.00015970507970242132,0.030010200000000001,2.4952912999753885e-16,0.00079384208355367223,-0.00073516162741738,-0.00029953736861010327,8.3148106309700983e-15,0.00079384208355367223,5.5876348634686934e-06,1,0,0.030010200000000001,0,0,0,0,0,0,0,0.0040746999999999997,497,0,0,1,0,0,0,0,0,0,0,0,1,20,nan,1,-0.0041876230070204438,0,0.00053197482982578898,-0.006943786982446909,0.030010200000000001,1.5964671038037892e-05,0.00053197482982578898,-0.0101967,0,0,0
639155412012001653,nan,59.496096532787988,0.005262562106447816,0.00052255813289803221,285,0,0,0,0,-2.2437404075251823,8.2938891200389726,1.9575714138499256,-2.2472496733290557,8.2978108050648238,1.9580939719828236,0.0049556994363949489,0.0017707634004392747,0.00052255813289803221,0,0.24782962564257935,0.027507519084693611,0.0049556507602741447,0.0012310056127499841,0.0051062558960972247,0.00055004585312135035,0.019996199999999999,3.2387829397573231e-16,-0.00053989400789992005,0.00050001780945718721,0.00020363626885178121,1.6196992127290803e-14,0.00053989400789992005,2.7487720223318135e-05,1,0,0.019996199999999999,0,0,0,0,0,0,0,0.0041256000000000001,497,0,0,1,0,0,0,0,0,0,0,0,1,20,nan,1,0.0049556990957931755,0,0.0039275634117746641,0.0078537128865718842,0.019996199999999999,7.8536343494528538e-05,0.0039275634117746641,-0.0232102,0,0,0
639155412012301832,nan,57.172234564320668,0.0044531239663612486,0.00019227174878366782,290,0,0,0,0,-2.248956972671555,8.2971143985997635,1.9580872786944312,-2.2451800746665636,8.2947552982374066,1.9578950069456476,-0.0036108391670928415,-0.0026061760433956126,-0.00019227174878366782,0,-0.12029011392869432,0.0066282130720700279,-0.0036108566109001533,-0.0007622828423235156,0.0036904417887540456,-0.0001989650371760909,0.0300179,-3.3469321064627522e-16,0.0018438690326258345,-0.0017072993424993577,-0.00069640646506030635,-1.1149787648245721e-14,0.0018438690326258345,-6.6932883924231135e-06,1,0,0.0300179,0,0,0,0,0,0,0,0.0140856,497,0,0,1,0,0,0,0,0,0,0,0,1,20,nan,1,-0.0036108493219080846,0,0.00063707591544458328,-0.0073780952952802181,0.0300179,-1.9123681122223957e-05,-0.00063707591544458328,-0.026322499999999999,0,0,0
639155412012501710,nan,58.877728591735476,0.0023040981083836498,6.3114792751672866e-05,291,0,0,0,0,-2.2447096124140611,8.2949470903611182,1.9578639056354874,-2.2458721716722003,8.2969363927675843,1.9579270204282391,0.0022809702693333167,0.0003256420173666305,6.3114792751672866e-05,0,0.11411863217175765,0.0016016511367694145,0.0022809803961226574,-0.00018248300547304953,0.002288268256735288,3.2013482591519704e-05,0.0199878,-8.5893206609732875e-16,-0.00050805408151838359,0.0004704622525024682,0.00019179212371156495,-4.2972816723067511e-14,0.00050805408151838359,-3.1101310160153162e-05,1,0,0.0199878,0,0,0,0,0,0,0,0.014127600000000001,497,0,0,1,0,0,0,0,0,0,0,0,1,20,nan,1,0.0022809885016720427,0,0.0044457562198715701,-0.0044430443085730076,0.0199878,-8.886088617154897e-05,-0.0044457562198715701,-0.040125899999999999,0,0,0
639155412012801791,nan,59.113149260232937,0.0016310419331890863,0.00077893301131659598,288,0,0,0,0,-2.2456183791331163,8.2970398651875534,1.9579586756797529,-2.2449698179002278,8.2955433137801453,1.9571797426684363,-0.0016306552057869079,-3.5516019783312009e-05,-0.00077893301131659598,0,-0.054340464098091477,0.024902534975648805,-0.0016306540807019389,-0.00030964280086468994,0.0016597925759073678,-0.00074727775980276689,0.030008099999999999,-5.7289242794134054e-16,-0.00027407516229850946,0.00025379253908397459,0.00010347241996910839,-1.9091259624612707e-14,0.00027407516229850946,3.1655251513829086e-05,1,0,0.030008099999999999,0,0,0,0,0,0,0,0.0042490000000000002,497,0,0,1,0,0,0,0,0,0,0,0,1,20,nan,1,-0.0016306680816356406,0,0.0030139720860273491,0.0045221787877380848,0.030008099999999999,9.0443575754717287e-05,0.0030139720860273491,-0.043173299999999998,0,0,0
639155412013001584,nan,56.48240261687446,0.00199989469485835,0.0013112991745947156,291,0,0,0,0,-2.2447781057112159,8.2956213087225184,1.9571283281214331,-2.2458301368326641,8.2973221347894714,1.9584396272960278,0.001971868982695261,0.00033363378966604941,0.0013112991745947156,0,0.098696457519471564,0.063059497959964725,0.0019718861337187782,0.00012656193889174557,0.0019759435337904849,0.0012598846275915232,0.019979299999999998,-3.6182537001272497e-16,-0.00020697046758288043,0.00019171218901181675,7.7994942373038612e-05,-1.8110012363432402e-14,0.00020697046758288046,-5.1414547003192368e-05,1,0,0.019979299999999998,0,0,0,0,0,0,0,0.0039068000000000002,497,0,0,1,0,0,0,0,0,0,0,0,1,20,nan,1,0.0019718768325073049,0,0.0073525451704534788,-0.004896639846265316,0.019979299999999998,-0.00014689870572404118,-0.0073525451704534788,-0.056489400000000002,0,0,0
639155412013255615,nan,57.203804800851437,0.0028954232562398252,0.0018659285026378924,287,0,0,0,0,-2.2459761922901578,8.2972624999555773,1.9583595773966016,-2.2447880373175324,8.294622090215821,1.9564936488939637,-0.0028936213634618902,-0.00010213343082156041,-0.0018659285026378924,0,-0.11390852021848275,0.076603973612044157,-0.0028936295299621393,5.5859130570872482e-05,0.0028941686369555321,-0.0019459784020641191,0.025403100000000001,-5.3515541607526695e-16,0.00015776092696632283,-0.00014605545749368787,-5.9634833894151029e-05,-2.1066539755985171e-14,0.00015776092696632283,-8.0049899426226645e-05,1,0,0.025403100000000001,0,0,0,0,0,0,0,0.0094347000000000007,496,0,0,1,0,0,0,0,0,0,0,0,1,20,nan,1,-0.0028936358989239204,0,0.0090033892855551582,-0.0076237237080931664,0.025403100000000001,-0.00022871399835988626,-0.0090033892855551582,-0.031086300000000001,0,0,0
639155412013501711,nan,55.921906562164622,0.0043166801031297814,0.002507541360142751,284,0,0,0,0,-2.2448331217835942,8.2946037843861475,1.956461449243307,-2.2469344729854712,8.2983744673798672,1.9589689906034498,0.0042841972402273849,0.00052856515169333643,0.002507541360142751,0,0.17408711468774052,0.1005843942805265,0.0042842142576194186,0.00057708634766888119,0.0043229064826636396,0.0024753417094860448,0.024609599999999999,-2.3165334667868409e-16,4.8659145904013626e-05,-4.5084466061773298e-05,-1.8305829673437302e-05,-9.4131292942056803e-15,4.8659145904013626e-05,-3.2199650656705714e-05,1,0,0.024609599999999999,0,0,0,0,0,0,0,0.0141116,497,0,0,1,0,0,0,0,0,0,0,0,1,20,nan,1,0.0042841877074028369,0,0.0037383379606764572,-0.0045999730937182903,0.024609599999999999,-9.1999001877063336e-05,-0.0037383379606764572,-0.040037400000000001,0,0,0
639155412013801805,nan,58.094364937224611,0.0032551162956098024,0.00087848626637021532,287,0,0,0,0,-2.2475738566059014,8.2981130103600265,1.9588891466362284,-2.2453310086354334,8.2957538971623794,1.9580106603698582,-0.0030324187189813907,-0.0011833084174110084,-0.00087848626637021532,0,-0.10105210998397968,0.031934335028077798,-0.0030325131893532394,-0.00049229050673808795,0.0030722119371270271,-0.00095833023359159785,0.030009399999999999,6.1883549500041379e-16,0.00069077578656054719,-0.00063938362043014507,-0.00026145701984070513,2.062138846496144e-14,0.0006907757865605473,-7.9843967221382428e-05,1,0,0.030009399999999999,0,0,0,0,0,0,0,0.0040334000000000004,496,0,0,1,0,0,0,0,0,0,0,0,1,20,nan,1,-0.0030324570175876801,0,0.0076018054554021731,-0.0076041873544454575,0.030009399999999999,-0.00022812562063334596,-0.0076018054554021731,-0.043228500000000003,0,0,0
639155412014002184,nan,54.047685696833568,0.0020771405244404181,8.3231721580423468e-05,285,0,0,0,0,-2.2450248357293492,8.295878755172005,1.9579770805421062,-2.2452927154771833,8.2979385496275206,1.9578938488205258,0.0020084686233218362,-0.0005296853286662792,-8.3231721580423468e-05,0,0.10023260099351501,0.0058295305063109084,0.0020084508354479545,-0.00086040571883545607,0.0021849880456003288,-0.00011681154933240735,0.020037900000000001,5.9370910965306223e-16,-0.00033065294643741094,0.00030617290608425662,0.00012485800962558358,2.9629307944099045e-14,0.00033065294643741094,-3.3579827751983871e-05,1,0,0.020037900000000001,0,0,0,0,0,0,0,0.0038773000000000002,496,0,0,1,0,0,0,0,0,0,0,0,1,20,nan,1,0.0020084921078167457,0,0.0047880449051817464,-0.0047971182502806187,0.020037900000000001,-9.5942365005541319e-05,-0.0047880449051817464,-0.056528000000000002,0,0,0
639155412014302436,nan,58.427477621684886,0.0025328672984141105,0.00020651444080721501,282,0,0,0,0,-2.2440991847716845,8.2984251115761811,1.9578106358409224,-2.2459536445986483,8.2966998882568532,1.9580171502817296,-0.00089770597701608126,0.0023684469025513741,0.00020651444080721501,0,-0.029891853788963221,0.0041065991634984273,-0.00089750888838437842,0.0010796235872076853,0.0014039619990527353,0.00012330146120387298,0.030025199999999998,9.915028867379938e-17,-0.0012888980079327212,0.0011935307054988797,0.00048656194866047997,3.3022357444346543e-15,0.0012888980079327212,-8.3212979603342063e-05,1,0,0.030025199999999998,0,0,0,0,0,0,0,0.014120799999999999,497,0,0,1,0,0,0,0,0,0,0,0,1,20,nan,1,-0.00089763722303616599,0,0.0079183942253774255,-0.0079250456765294075,0.030025199999999998,-0.00023775137029580229,-0.0079183942253774255,-0.0265028,0,0,0
639155412014501750,nan,56.758150747706189,0.0012004271397002522,0.00025368749217968833,286,0,0,0,0,-2.2466173295661966,8.2964292309893324,1.9579882308673555,-2.2455765178263993,8.2970273415476985,1.9582419183595352,0.0001608344602158247,-0.0011896039652489452,0.00025368749217968833,0,0.0080676750001920563,0.011277084289391694,0.00016080005749882794,-0.00047285685100325442,0.00049944995748557261,0.00022476807780558161,0.019931399999999998,2.6611742323656706e-16,0.00071675176498663855,-0.00066368496754831696,-0.00027065726752084629,1.3351667380944996e-14,0.00071675176498663855,-2.8919414374106722e-05,1,0,0.019931399999999998,0,0,0,0,0,0,0,0.013957900000000001,496,0,0,1,0,0,0,0,0,0,0,0,1,20,nan,1,0.00016081959270904393,0,0.0041455641958100236,-0.004131365567445755,0.019931399999999998,-8.2626898212367905e-05,-0.0041455641958100236,-0.040237299999999997,0,0,0
639155412014801690,nan,60.967455686810126,0.0057965468101793911,0.0021884253033110923,287,0,0,0,0,-2.2449176279431198,8.2972962160757842,1.9582738972563543,-2.2434623260020601,8.2916853292311803,1.9560854719530432,-0.0057448163294149188,0.00077268380589253036,-0.0021884253033110923,0,-0.19153300780331092,0.071895926068281685,-0.0057448410360525079,6.086156769506473e-05,0.0057451634145544682,-0.0021564464064920408,0.029994,6.4135979513380015e-16,-0.00071163852491376144,0.00065888988327955644,0.00026887452808566081,2.1382936425078353e-14,0.00071163852491376144,3.1978896819051528e-05,1,0,0.029994,0,0,0,0,0,0,0,0.0039893999999999997,496,0,0,1,0,0,0,0,0,0,0,0,1,20,nan,1,-0.0057448382496493745,0,0.0030462184645570762,0.0045684138312935829,0.029994,9.1368276625924949e-05,0.0030462184645570762,-0.043281600000000003,0,0,0
639155412015002492,nan,55.509698019824981,0.0075033382003483898,0.0023104804106661714,283,0,0,0,0,-2.243492398387299,8.291673133114088,1.9560396984692305,-2.2477272578742089,8.2978671664749069,1.9583501788798967,0.0073314494293235839,0.0015968510932702295,0.0023104804106661714,0,0.36511202652769659,0.11278308616714693,0.0073315225150814524,0.001628966909685229,0.0075103099524584009,0.0022647069268535436,0.020080199999999999,6.9526327783116931e-16,3.2451404069529225e-05,-3.0072385238888444e-05,-1.2196117092244663e-05,3.4624320366887248e-14,3.2451404069529225e-05,-4.5773483812627802e-05,1,0,0.020080199999999999,0,0,0,0,0,0,0,0.0040156000000000002,496,0,0,1,0,0,0,0,0,0,0,0,1,20,nan,1,0.0073314159801348405,0,0.0065129521778849167,-0.0043593794107437134,0.020080199999999999,-0.00013078138232236469,-0.0065129521778849167,-0.056338699999999999,0,0,0
639155412015302346,nan,57.0843622941536,0.0029569007045432806,1.7403961824369318e-05,282,0,0,0,0,-2.249956399989264,8.2969572344136893,1.9583566668813361,-2.2470056975059629,8.2967658796866264,1.9583740708431605,-0.0012923240972602971,-0.0026595413522201355,1.7403961824369318e-05,0,-0.043097869033736816,0.00079678654491186255,-0.001292306842124212,-0.0002518431671961235,0.0013166176191531189,2.3891963263800161e-05,0.029985399999999999,7.6447095181952918e-16,0.0024077065695686396,-0.0022291421150550939,-0.00090993206121758874,2.5494772516609056e-14,0.0024077065695686396,6.4880014394308461e-06,1,0,0.029985399999999999,0,0,0,0,0,0,0,0.0138548,496,0,0,1,0,0,0,0,0,0,0,0,1,20,nan,1,-0.0012923091762956048,0,0.00061820575915385461,-0.0076688360422849655,0.029985399999999999,1.8537146970531992e-05,0.00061820575915385461,-0.059813600000000001,0,0,0
639155412015502125,nan,59.126363606553674,0.0020222655139680323,0.00016909242617590969,288,0,0,0,0,-2.2468503705336746,8.2968292882248722,1.9583740708431603,-2.2458112973644937,8.2985641901696727,1.9582049784169844,0.0012135049925556744,-0.0016177031377934709,-0.00016909242617590969,0,0.060742369946593711,0.0084639740000766722,0.0012135049925560545,-0.0017854741455472257,0.0021588219684300198,-0.00016909242617613174,0.0199779,3.8052785748809992e-16,-0.00016777100775375444,0.00015532697228826109,6.340853824582382e-05,1.9047440295932001e-14,0.00016777100775375444,-2.2204460492503131e-16,1,0,0.0199779,0,0,0,0,0,0,0,0.013894800000000001,496,0,0,1,0,0,0,0,0,0,0,0,1,20,nan,1,0.0012135049925560545,0,0,-0.0076688360422849655,0.0199779,0,0,-0.039835700000000002,0,0,0
639155412015802576,nan,60.228601183692369,0.0036501768184197658,0.00088670821417280443,292,0,0,0,0,-2.2433253759275082,8.299578518041363,1.9581521376570896,-2.245001642554123,8.296336000346388,1.9590388458712624,-0.0023690877821831717,0.0027769072519692592,0.00088670821417280443,0,-0.078846169424870605,0.027753858508643595,-0.0023689410449871801,9.213645272734361e-05,0.002370732123321007,0.00083386745427804776,0.030045100000000002,-7.1069452406424816e-16,-0.0026848959797637607,0.0024859214369854499,0.0010143278716903126,-2.3654257235431005e-14,0.0026848959797637607,-5.2840759894756666e-05,1,0,0.030045100000000002,0,0,0,0,0,0,0,0.0041428999999999997,497,0,0,1,0,0,0,0,0,0,0,0,1,20,nan,1,-0.002368947993323722,0,0.0050248992247972496,-0.0075396005995571613,0.030045100000000002,-0.00015097359969895585,-0.0050248992247972496,-0.043455599999999997,0,0,0
639155412016002310,nan,57.632808126327923,0.0019293660494040963,0.0013332276292019607,288,0,0,0,0,-2.2450595500032473,8.2963123160861727,1.9590640378251345,-2.2435617999020665,8.2950960932500912,1.9577308101959325,-0.0016927215056346157,-0.00092582247593977216,-0.0013332276292019607,0,-0.084747623430153365,0.065488883982190729,-0.0016926981818198251,-0.00086330141630375961,0.0019001359083308275,-0.0013080356753298883,0.019973399999999999,5.5579591493395974e-16,6.2563702304316811e-05,-5.790744912426149e-05,-2.3684260215262043e-05,2.7826805397877167e-14,6.2563702304316811e-05,2.5191953872072403e-05,1,0,0.019973399999999999,0,0,0,0,0,0,0,0.0039096000000000001,496,0,0,1,0,0,0,0,0,0,0,0,1,20,nan,1,-0.0016927292496514465,0,0.003603643398875291,0.0071977730840444565,0.019973399999999999,7.197701106309573e-05,0.003603643398875291,-0.056436800000000002,0,0,0
639155412016302384,nan,62.393393675492781,0.0034334380498595696,0.00031500914285209619,282,0,0,0,0,-2.2423576106057426,8.2955867714019309,1.9576713247546842,-2.244606976236537,8.2929927684911338,1.9579863338975363,-0.001553609829796886,0.003061828430690063,0.00031500914285209619,0,-0.051768153616519916,0.0085153562655796503,-0.0015534276928323596,0.0017615989937901054,0.0023486950870176358,0.00025552370160375482,0.0300074,6.6965747183567181e-16,-0.0013003218486489893,0.001204189296323932,0.00049067815183967411,2.2316411013139153e-14,0.0013003218486489893,-5.9485441248341431e-05,1,0,0.0300074,0,0,0,0,0,0,0,0.013997600000000001,496,0,0,1,0,0,0,0,0,0,0,0,1,20,nan,1,-0.0015535773864995227,0,0.0056638830277470449,-0.0079956995323300362,0.0300074,-0.00016995840356681668,-0.0056638830277470449,-0.026429399999999999,0,0,0
639155412016502195,nan,55.76260652043036,0.0074104292851410328,0.00065478234607430075,281,0,0,0,0,-2.2456933883028789,8.2925497579952747,1.9579980798500718,-2.2481403009325693,8.2995445475398384,1.9586528621961461,0.0074009116548445957,-0.00037545820974014491,0.00065478234607430075,0,0.37039582727917392,0.033357938182072208,0.0074009160644479023,0.00079789317432449325,0.0074438022616561119,0.00066652829860980312,0.019981100000000002,-4.6046066265459373e-16,0.0011732644532817223,-0.0010864120663418575,-0.00044301049585904195,-2.3044810478631993e-14,0.0011732644532817223,1.1745952535502369e-05,1,0,0.019981100000000002,0,0,0,0,0,0,0,0.0140447,497,0,0,1,0,0,0,0,0,0,0,0,1,20,nan,1,0.0074009294519993413,0,0.0016795804228396181,-0.0039696055464446545,0.019981100000000002,3.3559864386800697e-05,0.0016795804228396181,-0.039760999999999998,0,0,0
639155412016801829,nan,54.912159291318112,0.0034501777204689046,0.0017045742335859426,280,0,0,0,0,-2.2492410885568881,8.2990948191273031,1.9586626884292913,-2.2468247428182186,8.2966320971425809,1.9569581141957053,-0.0031936825122522343,-0.0013054188269495219,-0.0017045742335859426,0,-0.10658569070092989,0.056560603951513584,-0.003193669684748243,-0.00011633749799382694,0.0031957879261176581,-0.0016947480004407822,0.029963400000000001,6.3371616981777734e-17,0.001189112710761629,-0.0011007876243187553,-0.00044972841253532181,2.1149674930674669e-15,0.001189112710761629,9.8262331451603996e-06,1,0,0.029963400000000001,0,0,0,0,0,0,0,0.0040375999999999997,497,0,0,1,0,0,0,0,0,0,0,0,1,20,nan,1,-0.0031936713175184121,0,0.00093697483738251514,-0.0081963995471596718,0.029963400000000001,2.8074951842427254e-05,0.00093697483738251514,-0.043576900000000002,0,0,0
639155412017001590,nan,62.080288891704882,0.0005430653981608164,0.0010265075183202301,288,0,0,0,0,-2.246749551389561,8.2966626681142497,1.9569581141957053,-2.2462493534398011,8.2964511922580968,1.9579846217140255,-0.00038429545648795057,-0.00038371477532443769,0.0010265075183202301,0,-0.019237761949903679,0.051386783121842104,-0.00038429545648747086,-0.00046488333606289087,0.00060315795114205064,0.0010265075183202301,0.0199761,4.7968492242547733e-16,-8.1168560738453208e-05,7.5191428657639392e-05,3.0570971668808511e-05,2.4012941586469698e-14,8.1168560738453208e-05,0,1,0,0.0199761,0,0,0,0,0,0,0,0.0038685999999999998,497,0,0,1,0,0,0,0,0,0,0,0,1,20,nan,1,-0.00038429545648747086,0,0,-0.0081963995471596718,0.0199761,0,0,-0.023600800000000002,0,0,0
639155412017301774,nan,63.528637073123043,0.0011862383007829145,0.00018153288599753736,281,0,0,0,0,-2.2456030285576452,8.2967147453916077,1.957999778538196,-2.2467821986354801,8.2968440482677668,1.9578182456521984,0.00056498547889302327,0.0010430497183185267,-0.00018153288599753736,0,0.018820778905852785,0.0055424693463716462,0.00056496966950745123,0.00034506393527668341,0.00066201196884345674,-0.00016637606182712264,0.030018400000000001,5.0586162862742423e-16,-0.00069799434630759562,0.00064632488215599082,0.00026355313351089649,1.6851718566859801e-14,0.00069799434630759562,1.5156824170414751e-05,1,0,0.030018400000000001,0,0,0,0,0,0,0,0.013988,497,0,0,1,0,0,0,0,0,0,0,0,1,20,nan,1,0.00056497714090843264,0,0.0014426222555418077,0.0058771460317075253,0.030018400000000001,4.3305211915756203e-05,0.0014426222555418077,-0.059851500000000002,0,0,0
639155412017501620,nan,55.941450085216985,0.0013985048373672299,0.00079501341040755247,287,0,0,0,0,-2.2469949900986013,8.2967573191732242,1.9577810986844792,-2.2457195295844667,8.2961837197860007,1.9585761120948868,-0.0010125384988710364,-0.00096466655816584144,0.00079501341040755247,0,-0.050667730783220809,0.037922522476726173,-0.0010125743326103546,-0.00073484177667842683,0.001251119185294995,0.00075786644268838188,0.019984600000000002,-4.3004879171637533e-16,0.00022978716808692078,-0.0002127914631211425,-8.6729094542548069e-05,-2.1519009222920415e-14,0.00022978716808692081,-3.7146967719170476e-05,1,0,0.019984600000000002,0,0,0,0,0,0,0,0.0141035,497,0,0,1,0,0,0,0,0,0,0,0,1,20,nan,1,-0.0010125353352649559,0,0.0053107989894128488,-0.003537806449458003,0.019984600000000002,-0.00010613419348382003,-0.0053107989894128488,-0.039866899999999997,0,0,0
639155412017801780,nan,56.46613107323973,0.0027387915017649429,0.00047830602699505681,279,0,0,0,0,-2.2446988452895402,8.2966006304543729,1.9585792223970335,-2.2466388758638032,8.298533829942544,1.9590575284240286,0.0025232559270936712,0.0010649687396945171,0.00047830602699505681,0,0.084063586577405369,0.01603865702098153,0.0025232526147073997,-3.757088753220865e-05,0.0025235323119028388,0.00048141632914178162,0.030016000000000001,4.9060148304969076e-16,-0.0011025474753099012,0.0010206842949265216,0.000416910668372239,1.6344665613329249e-14,0.0011025474753099014,3.1103021467249192e-06,1,0,0.030016000000000001,0,0,0,0,0,0,0,0.0039883000000000002,497,0,0,1,0,0,0,0,0,0,0,0,1,20,nan,1,0.0025232524477441886,0,0.00029606135266509154,-0.0083134807646274567,0.030016000000000001,8.8865775615953879e-06,0.00029606135266509154,-0.0098508999999999992,0,0,0
639155412018001811,nan,55.996916017096936,0.0028763010381126892,0.0011048860218914047,281,0,0,0,0,-2.2466149524098293,8.2985436152038421,1.9590697281107821,-2.2463736250695781,8.2956774559659952,1.9579648420888907,-0.0027441784702494773,0.00086173788663802581,-0.0011048860218914047,0,-0.13718818498020457,0.054625849750185064,-0.0027441889829775299,0.00083585710707456792,0.0028686635002632007,-0.0010926863351379268,0.020003099999999999,1.6000452373633733e-17,-2.5847301381598665e-05,2.392345397383977e-05,9.7852612981341736e-06,7.998986343933557e-16,2.5847301381598668e-05,1.2199686753477934e-05,1,0,0.020003099999999999,0,0,0,0,0,0,0,0.0040860000000000002,497,0,0,1,0,0,0,0,0,0,0,0,1,20,nan,1,-0.0027441744151395189,0,0.0017425422993118716,-0.00429491326212883,0.020003099999999999,3.4856247867365298e-05,0.0017425422993118716,-0.023401499999999999,0,0,0
639155412018301766,nan,59.090994527589281,0.0012543301448324916,0.00073953647248403709,281,0,0,0,0,-2.2475300894789867,8.2952059089393746,1.9579739601276132,-2.2462862746654122,8.2950438323470852,1.9572344236551291,-0.00061971463347547287,-0.0010905493502321936,-0.00073953647248403709,0,-0.020659921980906191,0.024350933765449386,-0.00061970468977827172,0.0001583511320303601,0.0006396162783642085,-0.00073041843376153714,0.029995500000000001,2.3597660284147004e-16,0.0012489061327992451,-0.0011564644094086418,-0.0004715470266205557,7.8670668214055451e-15,0.0012489061327992453,9.1180387224998327e-06,1,0,0.029995500000000001,0,0,0,0,0,0,0,0.0190403,497,0,0,1,0,0,0,0,0,0,0,0,1,20,nan,1,-0.00061970262708033674,0,0.00086851491745560782,-0.0079948576167225838,0.029995500000000001,2.6051539206539687e-05,0.00086851491745560782,-0.0263281,0,0,0
639155412018501591,nan,53.892451939331274,0.0022872042213395068,0.00034367741597751689,281,0,0,0,0,-2.2463837070328396,8.2950041873856133,1.9572596098541839,-2.2454766106268851,8.2929045494976865,1.9569159324382064,-0.0022866833197552317,-4.8811323137696238e-05,-0.00034367741597751689,0,-0.11443423443809002,0.015938507039796514,-0.0022866820896591338,5.6320385718850092e-05,0.0022873755627389617,-0.00031849121692273386,0.0199825,-8.7503924462231653e-16,0.00010518930170232519,-9.7432367427430222e-05,-3.9644961471907436e-05,-4.37902787250002e-14,0.00010518930170232518,2.5186199054783032e-05,1,0,0.0199825,0,0,0,0,0,0,0,0.014038999999999999,497,0,0,1,0,0,0,0,0,0,0,0,1,20,nan,1,-0.0022866800617554932,0,0.0036011794684149925,0.0071961288340389729,0.0199825,7.1960568727602592e-05,0.0036011794684149925,-0.039681899999999999,0,0,0
639155412018801708,nan,57.881311234561103,0.0030852628823459468,0.00047269007084826953,283,0,0,0,0,-2.2455539573203609,8.2928731060506262,1.9568949781200946,-2.2462232829529238,8.2958848912771614,1.9573676681909429,0.0030421261860702951,-0.00051411605811043943,0.00047269007084826953,0,0.1013643149988433,0.015051988149171587,0.0030421154124507851,-0.00043068608322685315,0.0030724512502163311,0.00045173575273649291,0.030011699999999999,-2.0950512917387865e-16,8.3493720450550748e-05,-7.7346693475810468e-05,-3.1443447060297558e-05,-6.9807818008936069e-15,8.3493720450550761e-05,-2.0954318111776615e-05,1,0,0.030011699999999999,0,0,0,0,0,0,0,0.0040223000000000004,497,0,0,1,0,0,0,0,0,0,0,0,1,20,nan,1,0.0030421283035637725,0,0.001994871344153448,-0.0086086895316839218,0.030011699999999999,-5.9869480319330037e-05,-0.001994871344153448,-0.0096702000000000003,0,0,0
639155412019001597,nan,57.6601036116747,0.0027465898736973335,0.00068823209026835919,274,0,0,0,0,-2.2459567500891495,8.2959933841602034,1.9573804310589047,-2.2464713682950501,8.2986913322761708,1.958068663149173,0.0026928707330357072,-0.00054055818322958137,0.00068823209026835919,0,0.13471865044548492,0.035069211323793315,0.0026928776318897538,-0.00082829190359836517,0.002817384854417084,0.00070099495823017222,0.0199889,6.5029091052964949e-16,-0.00028776808916641285,0.00026653286377431584,0.00010849288304193294,3.253260112010413e-14,0.00028776808916641285,1.2762867961813029e-05,1,0,0.0199889,0,0,0,0,0,0,0,0.0040267000000000002,497,0,0,1,0,0,0,0,0,0,0,0,1,20,nan,1,0.0026928625294704439,0,0.0018242793267345316,-0.0031625351402908564,0.0199889,3.6465337034163881e-05,0.0018242793267345316,-0.023024599999999999,0,0,0
639155412019301680,nan,61.715458709962675,0.0025516832896706637,0.00032929311927087923,282,0,0,0,0,-2.2453173610571766,8.2991620171296567,1.958055563083591,-2.2470551107115089,8.2972935113764805,1.9577262699643201,-0.0010738737114098715,0.0023147101033881732,-0.00032929311927087923,0,-0.035784879132203934,0.011409949409095572,-0.0010738433884629154,0.0010684188567404807,0.0015148130169707916,-0.00034239318485296266,0.030008300000000002,6.5442443131225048e-16,-0.0012463053142651227,0.0011540072378735111,0.00047068485348589206,2.1808114132165115e-14,0.0012463053142651227,-1.3100065582083431e-05,1,0,0.030008300000000002,0,0,0,0,0,0,0,0.013990300000000001,497,0,0,1,0,0,0,0,0,0,0,0,1,20,nan,1,-0.0010738633830707153,0,0.0012472802126623451,-0.007867027074098587,0.030008300000000002,-3.7428758805635454e-05,-0.0012472802126623451,0.0069836999999999998,0,0,0
639155412019501580,nan,60.439255199212248,0.0025669669942868165,0.001605693654217033,286,0,0,0,0,-2.2477139934745143,8.297025035998896,1.9577372981725703,-2.2469032387372438,8.29946060498904,1.9593429918267873,0.0019495576322219664,-0.0016698935859518031,0.001605693654217033,0,0.097527566184979472,0.080876531389054346,0.0019495760480377398,-0.000958390867590537,0.0021724087603771521,0.0016167218624671964,0.019990000000000001,1.0619760279495516e-16,0.00071148121813215549,-0.00065888276300540838,-0.00026847537758456497,5.3125364079517337e-15,0.00071148121813215549,1.1028208250163374e-05,1,0,0.019990000000000001,0,0,0,0,0,0,0,0.0140185,497,0,0,1,0,0,0,0,0,0,0,0,1,20,nan,1,0.0019495609487471162,0,0.0015762464446567926,-0.0039286110550165176,0.019990000000000001,3.1509166428689284e-05,0.0015762464446567926,-0.0067118999999999998,0,0,0
639155412019800817,nan,58.503455636911518,0.0013012617552782162,4.0048881572385397e-05,286,0,0,0,0,-2.2455711643048706,8.3000058990209524,1.9593301630034921,-2.2449636402179443,8.2988551615880191,1.9593702118850644,-0.0012951173030881584,-0.00012630648040144033,4.0048881572385397e-05,0,-0.043280708045653232,0.00090964881606069253,-0.0012951189233457137,-0.0015656535703343986,0.0020318966823903747,2.7220058277155346e-05,0.029923700000000001,-6.1159844549907305e-16,-0.0014393637047743794,0.0013320744323732647,0.00054529403191239112,-2.0438597015044031e-14,0.0014393637047743794,-1.2828823295230054e-05,1,0,0.029923700000000001,0,0,0,0,0,0,0,0.0037672000000000001,496,0,0,1,0,0,0,0,0,0,0,0,1,20,nan,1,-0.001295090229566794,0,0.0012249080442536062,-0.0076530254445970058,0.029923700000000001,-3.665378084383164e-05,-0.0012249080442536062,-0.0098448000000000008,0,0,0
639155412020001550,nan,58.669651202748121,0.0033222627696792234,0.0016063429956445496,281,0,0,0,0,-2.2439916934437076,8.2992530657219543,1.9593838763713005,-2.2456568255889251,8.2963782153171923,1.957777533375656,-0.0020296283075844903,0.0026302165013261519,-0.0016063429956445496,0,-0.10111263459185309,0.079343132888387763,-0.0020296642479526446,0.0015799467800173264,0.002572113680828336,-0.0015926785094084739,0.020073299999999999,-4.5937646048210823e-16,-0.0010502419872351985,0.00097194677423662057,0.00039790413393525625,-2.288494968351533e-14,0.0010502419872351983,1.3664486236075746e-05,1,0,0.020073299999999999,0,0,0,0,0,0,0,0.0038917000000000001,496,0,0,1,0,0,0,0,0,0,0,0,1,20,nan,1,-0.0020296334059073237,0,0.0019449412525946734,-0.0033382575493305922,0.020073299999999999,3.9041389245708658e-05,0.0019449412525946734,-0.023049900000000002,0,0,0
639155412020302661,nan,55.970308666949194,0.0037712925372274035,0.0015747141471000869,279,0,0,0,0,-2.2478470867438753,8.2954856172892466,1.9577657599440406,-2.2471807264037129,8.299197572474645,1.9593404740911406,0.0031860085587052936,-0.0020179189441609699,0.0015747141471000869,0,0.10580765234923975,0.051905799372480056,0.0031859848006531928,0.00034720213795017127,0.003204847652321454,0.0015629407154846842,0.030111099999999998,-5.9479331182554773e-16,0.0023651585922251769,-0.002190261154950246,-0.00089259802794572352,-1.9753290707597789e-14,0.0023651585922251769,-1.1773431615402787e-05,1,0,0.030111099999999998,0,0,0,0,0,0,0,0.0141,497,0,0,1,0,0,0,0,0,0,0,0,1,20,nan,1,0.0031859789605445197,0,0.0011171420520663887,-0.0081051001325249672,0.030111099999999998,-3.3638376043976237e-05,-0.0011171420520663887,-0.059650500000000002,0,0,0
639155412020501659,nan,58.624465155357605,0.005171012400529109,0.0025840132386329984,282,0,0,0,0,-2.24739003577618,8.2991118908271044,1.9593404740911409,-2.2461684194830918,8.2940872492598992,1.9567564608525079,-0.0051129116388571099,0.00077298371241916672,-0.0025840132386329984,0,-0.25693281534773293,0.12985121652643627,-0.0051129116388568159,0.00099915125679242781,0.0052096226984981722,-0.0025840132386327763,0.019899799999999999,2.9480812322596472e-16,0.00022616754437326212,-0.00020930937246710357,-8.5681647540525319e-05,1.4814627444796668e-14,0.00022616754437326214,2.2204460492503131e-16,1,0,0.019899799999999999,0,0,0,0,0,0,0,0.013930100000000001,496,0,0,1,0,0,0,0,0,0,0,0,1,20,nan,1,-0.0051129116388568159,0,0,-0.0081051001325249672,0.019899799999999999,0,0,-0.0397507,0,0,0
639155412020801842,nan,58.299829786278515,0.0025832832966902666,0.0001094609000218405,286,0,0,0,0,-2.2475462704337086,8.2935273729571382,1.9566805820494282,-2.2449953231879731,8.2931199165294878,1.95679004294945,-0.0013376162578991662,-0.0022100079949092409,0.0001094609000218405,0,-0.044565613202955497,0.0011187208117099559,-0.001337783946810279,-0.00072264904386771926,0.001520489239996856,3.3582096942152972e-05,0.030018300000000001,-5.4838945884316814e-16,0.0014872574479588268,-0.0013778509506168213,-0.00055987630276099765,-1.826850484015311e-14,0.0014872574479588268,-7.5878803079687543e-05,1,0,0.030018300000000001,0,0,0,0,0,0,0,0.0040959999999999998,497,0,0,1,0,0,0,0,0,0,0,0,1,20,nan,1,-0.0013377056050301176,0,0.0072221471645035826,-0.007845788262784481,0.030018300000000001,-0.00021679658022821791,-0.0072221471645035826,-0.043302599999999997,0,0,0
639155412021001528,nan,58.973364188814138,0.0038427267483867713,0.0015411627025616603,278,0,0,0,0,-2.2445500032732655,8.2933008853601713,1.9567900429494502,-2.2464230645070971,8.2966562080685087,1.9583312056520119,0.0038136240425702232,0.0004720386898311574,0.0015411627025616603,0,0.19098104236504776,0.077179306639518164,0.0038136240425706925,-8.6478443199291578e-06,0.0038136338475638441,0.0015411627025618824,0.0199686,4.6867349411117143e-16,-0.00048068653415108743,0.00044531991470764254,0.00018096883068352554,2.3470523427339496e-14,0.00048068653415108743,2.2204460492503131e-16,1,0,0.0199686,0,0,0,0,0,0,0,0.0040619999999999996,497,0,0,1,0,0,0,0,0,0,0,0,1,20,nan,1,0.0038136240425706925,0,0,-0.007845788262784481,0.0199686,0,0,-0.023334000000000001,0,0,0
639155412021301725,nan,57.743664172327939,0.0014091476364781735,0.00019680352847961657,293,0,0,0,0,-2.2464028473626012,8.2966644602253847,1.9583033578936018,-2.2454189112083407,8.2956557151110317,1.9585001614220814,-0.0013057619186065197,-0.00052979512390078005,0.00019680352847961657,0,-0.043497325812918188,0.0056281631751642696,-0.0013057766717060602,-0.00055159522205372664,0.0014175013246428576,0.00016895577006947882,0.0300197,7.6721025637094958e-16,-2.1836460900819869e-05,2.0217144495848771e-05,8.2521568760540731e-06,2.5556892852725031e-14,2.1836460900819865e-05,-2.7847758410137757e-05,1,0,0.0300197,0,0,0,0,0,0,0,0.014233600000000001,497,0,0,1,0,0,0,0,0,0,0,0,1,20,nan,1,-0.0013057547268292247,0,0.0026504270205585062,-0.0083158528432250023,0.0300197,-7.9565024029060183e-05,-0.0026504270205585062,0.0066857000000000001,0,0,0
639155412021488351,nan,58.859206797640425,0.0024227764908433145,0.00045276376874880947,286,0,0,0,0,-2.2451015746135052,8.2957853069040777,1.958513776489897,-2.2452401142706346,8.2933664946567163,1.9580610127211482,-0.0021868960177310226,0.0010427519993820387,-0.00045276376874880947,0,-0.1171814331694507,0.023530949649738016,-0.002186910214668191,0.00069994453092316381,0.0022961922030590824,-0.00043914870093320074,0.018662600000000001,-6.7495650995369472e-16,-0.00034277769362464123,0.00031733659483546006,0.0001295917930459467,-3.6166263540647856e-14,0.00034277769362464123,1.3615067815608839e-05,1,0,0.018662600000000001,0,0,0,0,0,0,0,0.0128915,497,0,0,1,0,0,0,0,0,0,0,0,1,20,nan,1,-0.0021868966002655948,0,0.0020843930512460503,-0.002681574784219265,0.018662600000000001,3.8900193758184543e-05,0.0020843930512460503,-0.0079781000000000001,0,0,0
639155412021801774,nan,57.464472548212711,0.00079176792937120865,0.0013003266913236278,288,0,0,0,0,-2.2463270689679926,8.2929231682173778,1.9580790226852338,-2.2462837369238735,8.293713749514863,1.9567786959939102,0.00071566446789751953,-0.0003387046255511307,-0.0013003266913236278,0,0.022834015622318019,0.040913293767145288,0.00071567056783937801,0.00083519447866247417,0.0010998791655722096,-0.0012823167272379976,0.031342299999999997,-2.1689464460572516e-16,0.0011738862150673106,-0.001086954697357978,-0.00044332643933842064,-6.9201891566900062e-15,0.0011738862150673104,1.8009964085630159e-05,1,0,0.031342299999999997,0,0,0,0,0,0,0,0.0041536000000000003,497,0,0,1,0,0,0,0,0,0,0,0,1,20,nan,1,0.00071569205592045444,0,0.0016417761378253173,0.0068523655645549297,0.031342299999999997,5.1457040244562435e-05,0.0016417761378253173,-0.042945299999999999,0,0,0
639155412022016218,nan,58.059270764773729,0.0022841700857780768,0.0013606490008462035,288,0,0,0,0,-2.2468137168264342,8.2934983836175817,1.9567515632714654,-2.2451082214240587,8.2950178303633546,1.9581122122723116,0.00076565113838663896,-0.0021520249336498569,0.0013606490008462035,0,0.035701290211389285,0.062184825800740147,0.00076559274780911633,-0.0015799782575116467,0.0017556946060484015,0.0013335162784013919,0.021444399999999999,-4.8065392811713625e-16,0.00057206744954589118,-0.00052997990256065108,-0.00021536589728121669,-2.241396020019848e-14,0.00057206744954589118,-2.7132722444811467e-05,1,0,0.021444399999999999,0,0,0,0,0,0,0,0.0055897000000000004,497,0,0,1,0,0,0,0,0,0,0,0,1,20,nan,1,0.00076565398882188032,0,0.0036150260267394149,-0.0025840774178504944,0.021444399999999999,-7.7522064127810708e-05,-0.0036150260267394149,-0.055103300000000001,0,0,0
639155412022301720,nan,57.265880198055171,0.002362689787253102,0.00062140024506374114,282,0,0,0,0,-2.2431592615958666,8.2958128514726468,1.9580271298139795,-2.2453411939789047,8.2967192035602153,1.9574057295689158,0.0016631980193695453,0.001678116616673385,-0.00062140024506374114,0,0.058260215047041972,0.024745280362161885,0.0016633407916360578,-0.00042690089855492819,0.0017172498264106687,-0.00070648270339579433,0.028550200000000001,-4.6414695004104445e-16,-0.002104876000178339,0.0019489598281920983,0.00079502110929219327,-1.6257222367655725e-14,0.002104876000178339,-8.5082458332053079e-05,1,0,0.028550200000000001,0,0,0,0,0,0,0,0.014138599999999999,497,0,0,1,0,0,0,0,0,0,0,0,1,20,nan,1,0.0016633926676033928,0,0.0085145721603304258,-0.0081030912697315216,0.028550200000000001,-0.00024309273809186571,-0.0085145721603304258,-0.059633800000000001,0,0,0
639155412022502187,nan,58.774161856798464,0.0012135051105977878,0.0010162463859046955,285,0,0,0,0,-2.2450643309420562,8.2968319136505979,1.957405729568916,-2.245986289904466,8.2976209550469004,1.9584219759548207,0.0010784293150737289,0.00055640350990675573,0.0010162463859046955,0,0.053795852438228958,0.050693948924507154,0.0010784293150734444,0.00025747758990803414,0.0011087400492967808,0.0010162463859049176,0.020046700000000001,-2.8439978237010388e-16,-0.0002989259199987217,0.00027686303684859581,0.00011271009038260615,-1.418686279388148e-14,0.0002989259199987217,2.2204460492503131e-16,1,0,0.020046700000000001,0,0,0,0,0,0,0,0.014099799999999999,497,0,0,1,0,0,0,0,0,0,0,0,1,20,nan,1,0.0010784293150734444,0,0,-0.0081030912697315216,0.020046700000000001,0,0,-0.0395871,0,0,0
639155412022802804,nan,57.424760038782381,0.0028394078952594941,0.0015087269557017,287,0,0,0,0,-2.2463422315563211,8.297475630448762,1.9583999395352212,-2.2463303225460467,8.2946362475279258,1.9568912125795195,-0.0026332516051778363,0.0010621785064151401,-0.0015087269557017,0,-0.087594121354637317,0.050920718898173595,-0.0026332281979267007,0.0014467020045400793,0.0030044695758646958,-0.0015307633753012251,0.0300617,5.2155545507415191e-16,0.0003844654709455598,-0.00035594165185504067,-0.00014532459813842991,1.7349499698092653e-14,0.00038446547094555985,-2.2036419599524848e-05,1,0,0.0300617,0,0,0,0,0,0,0,0.0042835,497,0,0,1,0,0,0,0,0,0,0,0,1,20,nan,1,-0.0026332737396681876,0,0.0020943991475925374,-0.0075594107620418072,0.0300617,-6.2961198855182587e-05,-0.0020943991475925374,-0.0095253999999999998,0,0,0
639155412023002348,nan,56.640362040304126,0.0067012572990227557,0.0023507585162021449,281,0,0,0,0,-2.2472174464453385,8.2942756340920738,1.9569055996556222,-2.2471992692831577,8.3009768667382726,1.9592563581718243,0.0062010510932357325,-0.0025404359324308276,0.0023507585162021449,0,0.31076292156309354,0.11852752236623648,0.0062010876420385943,-0.0015827294330714985,0.0063998844054056637,0.0023651455923048292,0.019954400000000001,-4.5883435939586548e-16,0.00095761728410241717,-0.00088712389929179736,-0.00036061343585203076,-2.2994144619525791e-14,0.00095761728410241717,1.4387076102684304e-05,1,0,0.019954400000000001,0,0,0,0,0,0,0,0.0041057000000000003,497,0,0,1,0,0,0,0,0,0,0,0,1,20,nan,1,0.0062010551109448475,0,0.0020599933709756521,-0.0027763103134930134,0.019954400000000001,4.1105931721796551e-05,0.0020599933709756521,-0.0230548,0,0,0
639155412023301704,nan,59.826770169539323,0.0031620213921526794,0.0011885925552852508,285,0,0,0,0,-2.2449814099430005,8.3018845387172551,1.9592414797067048,-2.2455130382569832,8.2987675288327338,1.9580528871514196,-0.0026834356178401346,0.0016725885834054063,-0.0011885925552852508,0,-0.089639450419984973,0.04020200097558576,-0.002683410731992502,-0.00072377890126160409,0.0027793072975984489,-0.001203471020404745,0.0299356,-2.7896521898052029e-16,-0.0023964074098851195,0.0022178593401571689,0.00090767197898244945,-9.318845086803682e-15,0.0023964074098851199,-1.4878465119494422e-05,1,0,0.0299356,0,0,0,0,0,0,0,0.0140742,497,0,0,1,0,0,0,0,0,0,0,0,1,20,nan,1,-0.0026833953475018765,0,0.001420045041394155,-0.0082668038085103035,0.0299356,-4.2509900341158868e-05,-0.001420045041394155,-0.060344799999999997,0,0,0
639155412023602382,nan,56.06788019765807,0.0014415895846240669,0.00046634331624750835,285,0,0,0,0,-2.2448368935908207,8.2990432954703603,1.9580277852574595,-2.2462694150993032,8.2988818561373847,1.958494128573707,0.00039147175939567395,0.0013874186073756704,0.00046634331624750835,0,0.01302079254572306,0.014674882175862831,0.00039150658610629182,0.00065719042386670474,0.00076496840469832627,0.00044124142228740842,0.030067799999999999,-8.0502011307048704e-16,-0.00073021835638926427,0.00067614466616250368,0.00027576663762651776,-2.6773495668804736e-14,0.00073021835638926438,-2.5101893960099986e-05,1,0,0.030067799999999999,0,0,0,0,0,0,0,0.0042081000000000002,497,0,0,1,0,0,0,0,0,0,0,0,1,20,nan,1,0.00039148301910552714,0,0.0023852658667675606,-0.0023906645365059376,0.030067799999999999,-7.1719697028793661e-05,-0.0023852658667675606,-0.030276999999999998,0,0,0
639155412023802286,nan,55.608825212262708,0.00035499270098768439,0.00024457565587265861,281,0,0,0,0,-2.2466738098570085,8.2987167149614134,1.9584403672614346,-2.246409849820278,8.2984793441191353,1.9581957916055619,-0.00031953753652492919,-0.00015464663108555275,-0.00024457565587265861,0,-0.015984965286747917,0.014924011932981545,-0.00031954585006820551,0.00028218484260257159,0.00042630720811458276,-0.00029833696814507427,0.019990399999999998,7.6905170599828043e-16,0.00043681429470736284,-0.00040439475770526201,-0.00016514117597132838,3.8471051404588229e-14,0.00043681429470736284,-5.3761312272415651e-05,1,0,0.019990399999999998,0,0,0,0,0,0,0,0.0041113,497,0,0,1,0,0,0,0,0,0,0,0,1,20,nan,1,-0.00031956752145067586,0,0.007683875727834139,-0.0076801874674856663,0.019990399999999998,-0.00015360374934969556,-0.007683875727834139,-0.0434434,0,0,0
639155412024002289,nan,58.225957815168876,0.0023631668623501174,0.00037026032752263127,279,0,0,0,0,-2.2466711643186015,8.2983727230434976,1.9581957916055619,-2.2480325844789877,8.296441119366186,1.9578255312780393,-0.0012741416026134465,0.0019902564648304338,-0.00037026032752263127,0,-0.063706124538762093,0.018512738685051291,-0.0012741416026126034,0.0022724856638942212,0.0026053076432761206,-0.00037026032752263127,0.020000299999999999,8.4304850427041611e-16,0.00028222919906378726,-0.00026131449832345055,-0.00010662107563774725,4.2151792936626759e-14,0.00028222919906378726,0,1,0,0.020000299999999999,0,0,0,0,0,0,0,0.0041421000000000001,497,0,0,1,0,0,0,0,0,0,0,0,1,20,nan,1,-0.0012741416026126034,0,0,-0.0076801874674856663,0.020000299999999999,0,0,-0.023443100000000001,0,0,0
639155412024302511,nan,56.497210780018442,0.0060395765342861688,0.0015480995250358729,282,0,0,0,0,-2.2511908169629788,8.2951538668170297,1.9577898635063331,-2.2456308328504666,8.2927952525242485,1.9562417639812972,-0.0042825611556335103,-0.0042586564385682854,-0.0015480995250358729,0,-0.14265153951725978,0.052753205852403673,-0.0042827130496950767,-0.00084801229249002112,0.0043658625624546045,-0.0015837672967420335,0.030022199999999999,-8.8470897274817162e-17,0.0034104913939557698,-0.0031582324839911635,-0.0012872525491562925,-2.9468492407224375e-15,0.0034104913939557694,-3.5667771706160423e-05,1,0,0.030022199999999999,0,0,0,0,0,0,0,0.014024099999999999,496,0,0,1,0,0,0,0,0,0,0,0,1,20,nan,1,-0.004282669834551403,0,0.0033944187688067736,-0.0076719527132809162,0.030022199999999999,-0.00010190791916087072,-0.0033944187688067736,0.0065791000000000001,0,0,0
639155412024501536,nan,56.76480931578061,0.0022234208310352786,0.00074441880377240633,284,0,0,0,0,-2.2451057432008601,8.2930083027651023,1.9562555398674644,-2.2456700159897234,8.2951589297461545,1.9569999586712368,0.0022049845369157607,-0.00028573306396704968,0.00074441880377240633,0,0.11078952256919752,0.038095449814824253,0.0022049884729334539,-0.00085236797334829935,0.0023640019728755077,0.00075819468993953976,0.0199025,7.5530944346202666e-16,-0.00056666528502434207,0.00052508964960651383,0.00021305024085371826,3.7950480766839677e-14,0.00056666528502434207,1.3775886167133322e-05,1,0,0.0199025,0,0,0,0,0,0,0,0.0141897,497,0,0,1,0,0,0,0,0,0,0,0,1,20,nan,1,0.0022049716980433584,0,0.0019776246583698702,-0.002383251441642642,0.0199025,3.9359674763206343e-05,0.0019776246583698702,-0.0064963,0,0,0
639155412024801814,nan,56.468244733193089,0.0020733696792076886,0.0011182911881664204,289,0,0,0,0,-2.2444763935861789,8.2956442852416057,1.956984096056622,-2.2460365828271911,8.2970098149406191,1.9581023872447885,0.0018526211625254142,0.00093094395901191442,0.0011182911881664204,0,0.061697358098063648,0.036713597851047851,0.0018526359294970356,-0.00035761342558092017,0.0018868352470258407,0.0011024285735516948,0.0300278,-5.4703420612756126e-16,-0.0012885279970601844,0.0011936224035444809,0.0004853554954511452,-1.8217591902422464e-14,0.0012885279970601842,-1.5862614614725601e-05,1,0,0.0300278,0,0,0,0,0,0,0,0.0041076000000000003,496,0,0,1,0,0,0,0,0,0,0,0,1,20,nan,1,0.0018526440328555721,0,0.0015093265588071371,-0.0080339387059211731,0.0300278,-4.5321756042548955e-05,-0.0015093265588071371,-0.043186099999999998,0,0,0
639155412025101732,nan,56.076459212434735,0.0023159657828113723,0.0001556207420276845,280,0,0,0,0,-2.2457039661938523,8.2971454923476404,1.9580859492372009,-2.2457680316360391,8.2994605718551888,1.9582415699792286,0.0021678119732936279,-0.0008150391129251878,0.0001556207420276845,0,0.072279708966498157,0.0046406929374074009,0.0021677985753814195,-0.0011742991668032853,0.0024654267777771458,0.00013918273444013529,0.029991799999999999,-2.0691998461885852e-16,-0.00035922441947854874,0.00033261663333883362,0.00013567740702136177,-6.899218607047877e-15,0.00035922441947854874,-1.6438007587549208e-05,1,0,0.029991799999999999,0,0,0,0,0,0,0,0.0140886,497,0,0,1,0,0,0,0,0,0,0,0,1,20,nan,1,0.0021678261506960115,0,0.0015659525591835593,-0.0023482867982238531,0.029991799999999999,-4.6965735964521471e-05,-0.0015659525591835593,-0.0465625,0,0,0
639155412025301637,nan,60.004264839728087,0.0041904230476018604,0.00013844971068799339,290,0,0,0,0,-2.2450431536747089,8.2997563739772406,1.9581606933028628,-2.2457463410718881,8.2956253725487343,1.9580222435921748,-0.003559298189006787,0.0022115699671513599,-0.00013844971068799339,0,-0.1780405349009479,0.010971530829834051,-0.003559119312937399,0.0014289485354897016,0.003835260643137849,-0.00021932638705379759,0.019990500000000001,3.3924685977071434e-16,-0.0007829092886360862,0.00072487796133025029,0.00029580212205182477,1.6970403930402657e-14,0.0007829092886360861,-8.0876676365804201e-05,1,0,0.019990500000000001,0,0,0,0,0,0,0,0.0140903,497,0,0,1,0,0,0,0,0,0,0,0,1,20,nan,1,-0.0035592843871933757,0,0.01155930157764205,-0.0077025406062602997,0.019990500000000001,-0.0002310762181878534,-0.01155930157764205,-0.060224199999999999,0,0,0
639155412025501639,nan,54.423760441474364,0.00047336260007807654,0.00033325825588881314,279,0,0,0,0,-2.2470694093436343,8.2950858044148443,1.9580222435921748,-2.2465961190285109,8.2950775322468679,1.957688985336286,-0.00018638414578066651,-0.00043512423668911877,-0.00033325825588881314,0,-0.0093191140979290796,0.016662746166978989,-0.00018638414578140116,0.00099373664625612636,0.0010110645735614695,-0.00033325825588881314,0.020000199999999999,-7.346553920761778e-16,0.0014288608829452452,-0.0013230682717462194,-0.00053956813389000047,-3.6732402279786094e-14,0.001428860882945245,0,1,0,0.020000199999999999,0,0,0,0,0,0,0,0.0140836,497,0,0,1,0,0,0,0,0,0,0,0,1,20,nan,1,-0.00018638414578140116,0,0,-0.0077025406062602997,0.020000199999999999,0,0,-0.040224000000000003,0,0,0
639155412025802566,nan,59.019753544684107,0.0026610414798749469,0.00024106338316154385,277,0,0,0,0,-2.2479807124240838,8.294513411291673,1.9576526815451316,-2.2453462017631947,8.2941385842178423,1.9574116181619701,-0.0013410726575351826,-0.0022984050741387103,-0.00024106338316154385,0,-0.044567489705797651,0.0092170916639558228,-0.0013411560974696569,-0.00080325394089700753,0.0015633030964424693,-0.00027736717431592339,0.0300927,-4.3649979464266409e-16,0.0014951024457054225,-0.0013845933955729528,-0.00056412095519497996,-1.4505172172741698e-14,0.0014951024457054225,-3.6303791154379539e-05,1,0,0.0300927,0,0,0,0,0,0,0,0.0040362000000000002,496,0,0,1,0,0,0,0,0,0,0,0,1,20,nan,1,-0.0013411144368612703,0,0.0034468531432594479,-0.0080083031207323074,0.0300927,-0.00010372511758416358,-0.0034468531432594479,-0.010131299999999999,0,0,0
639155412026001628,nan,57.940373114759993,0.00068355948790301663,0.00060071843991083007,291,0,0,0,0,-2.2448538431987197,8.2943390252542368,1.9574264909768373,-2.2449553496186461,8.2936630444703265,1.9568257725369265,-0.00058780827573887346,0.0003489054377265089,-0.00060071843991083007,0,-0.029529165027937759,0.029430309403281483,-0.00058781346487913461,-0.00018269860665152152,0.00061555133852963162,-0.00058584562504360182,0.019906199999999999,7.0828217423046791e-16,-0.00053159530197577918,0.00049235856447493731,0.00020044103639449418,3.5580983524252141e-14,0.00053159530197577928,1.4872814867228357e-05,1,0,0.019906199999999999,0,0,0,0,0,0,0,0.0041441999999999998,497,0,0,1,0,0,0,0,0,0,0,0,1,20,nan,1,-0.0005878173465215322,0,0.0021346995792162781,-0.0020938352681696415,0.019906199999999999,4.2493756763795076e-05,0.0021346995792162781,-0.023293999999999999,0,0,0
639155412026301694,nan,58.774863379705401,0.0042701056953468848,0.00092240786670161334,277,0,0,0,0,-2.2446997352450797,8.2937669315222973,1.9568362777279769,-2.2468911855213012,8.29743181192093,1.9577586855946785,0.0042203031088453441,0.0006502648067550844,0.00092240786670161334,0,0.14064560054976624,0.031090262067412004,0.004220296277456616,0.0003743902632585604,0.004236870158352387,0.00093291305775200506,0.030006600000000001,1.746514174602587e-16,-0.00027591887855109092,0.00025561437356635963,0.00010388705197073023,5.8204334199895586e-15,0.00027591887855109092,1.0505191050391716e-05,1,0,0.030006600000000001,0,0,0,0,0,0,0,0.01404,496,0,0,1,0,0,0,0,0,0,0,0,1,20,nan,1,0.0042203018956117099,0,0.0010002743254095181,0.0058563961647450924,0.030006600000000001,3.0014831572833245e-05,0.0010002743254095181,-0.026744400000000002,0,0,0
639155412026601805,nan,58.887358681789969,0.001683844600154475,0.00065708384377982654,286,0,0,0,0,-2.2472342984874638,8.2972919904938163,1.9577802640861113,-2.2458996470677288,8.2962653268559734,1.9584373479298911,-0.0014544370097648446,-0.00084849609433142376,0.00065708384377982654,0,-0.048462692142618342,0.022613710767437116,-0.0014544187001613333,-0.000478018991568951,0.0015309591476194192,0.00067866233521263197,0.030011099999999999,-8.0496590296186277e-16,0.00037050848712148196,-0.00034311296616262865,-0.00013982142711377321,-2.682227252456134e-14,0.00037050848712148196,2.1578491432805436e-05,1,0,0.030011099999999999,0,0,0,0,0,0,0,0.0039855999999999997,496,0,0,1,0,0,0,0,0,0,0,0,1,20,nan,1,-0.0014544334350827359,0,0.0020543343184508578,-0.0033324609976261854,0.030011099999999999,6.1652832664460533e-05,0.0020543343184508578,-0.0304082,0,0,0
639155412026801619,nan,59.702925801932977,0.0030316008955016175,0.0016308008218888224,285,0,0,0,0,-2.2456056045752026,8.2963853844100708,1.9584373479298911,-2.2465706209519696,8.2935114763770645,1.9568065471080023,-0.0022958921458155353,0.0019797684825223244,-0.0016308008218888224,0,-0.11490146565382973,0.081615943922288853,-0.0022958921458154334,0.0016621605422770338,0.0028344132397234668,-0.0016308008218888224,0.0199814,1.0176592641492066e-16,-0.00031760794024529029,0.00029404249252618087,0.00012005755409738583,5.0930328412884317e-15,0.00031760794024529023,0,1,0,0.0199814,0,0,0,0,0,0,0,0.0041045999999999999,497,0,0,1,0,0,0,0,0,0,0,0,1,20,nan,1,-0.0022958921458154334,0,0,-0.0033324609976261854,0.0199814,0,0,-0.0431466,0,0,0
639155412027101602,nan,59.71841086172828,0.003224416476959072,0.00080069685937611546,287,0,0,0,0,-2.248877214026475,8.2925740801589036,1.9568500284404915,-2.2457732313379259,8.2917010663640109,1.9560493315811154,-0.0019775215569841614,-0.002546815680128441,-0.00080069685937611546,0,-0.065917429193499535,0.025241947939946628,-0.0019774108161753571,-5.7105831769528256e-05,0.0019782352266475745,-0.00075721552688690086,0.029998299999999999,8.5760391843603401e-17,0.0024897958312236714,-0.0023065930745054253,-0.00093739621816091301,2.858841729151432e-15,0.0024897958312236714,4.3481332489214708e-05,1,0,0.029998299999999999,0,0,0,0,0,0,0,0.014177,497,0,0,1,0,0,0,0,0,0,0,0,1,20,nan,1,-0.0019774143595571673,0,0.0041413139591310539,-0.0033226420637220144,0.029998299999999999,0.00012423237854020108,0.0041413139591310539,-0.0131483,0,0,0
639155412027301638,nan,55.738064875771791,0.0056219902110063308,0.0012423028177919182,295,0,0,0,0,-2.2457370176158751,8.2917157516295816,1.9560451113622521,-2.2472878278434072,8.29711961705822,1.957287414180044,0.005590567461057518,-0.00059357341249074319,0.0012423028177919182,0,0.27947794177036117,0.061892989208375403,0.0055905649559975972,-0.00063267501365307809,0.0056262504565766829,0.0012380825989286581,0.0200036,-4.242110406438987e-16,-3.9078007749365068e-05,3.62137220508707e-05,1.4685265570690831e-05,-2.1206734819927349e-14,3.9078007749365068e-05,-4.2202188632600723e-06,1,0,0.0200036,0,0,0,0,0,0,0,0.0141136,497,0,0,1,0,0,0,0,0,0,0,0,1,20,nan,1,0.0055905687702203196,0,0.00060277990866786731,-0.0081897061318159103,0.0200036,-1.205776818102855e-05,-0.00060277990866786731,0.0068552999999999999,0,0,0
639155412027602689,nan,55.012036590675606,0.0031115302360505822,0.0009989738301898754,289,0,0,0,0,-2.2463962484068616,8.2974824533395353,1.9572908804255296,-2.2462086053292474,8.300588320446364,1.9582898542557194,0.0028060353429421835,-0.001344539350118224,0.0009989738301898754,0,0.093208127640483932,0.033298015142796525,0.0028060400034295328,-0.0023071115987624313,0.0036327158476807614,0.0010024400756754037,0.030105099999999999,7.5395419074641978e-16,-0.00096258197505962441,0.00089157943654560867,0.00036283628131528189,2.5044068637753065e-14,0.00096258197505962441,3.4662454855283187e-06,1,0,0.030105099999999999,0,0,0,0,0,0,0,0.0040260000000000001,496,0,0,1,0,0,0,0,0,0,0,0,1,20,nan,1,0.0028060285790877542,0,0.00032896613962160256,-0.0037387665361166,0.030105099999999999,9.9035585299223072e-06,0.00032896613962160256,-0.029719300000000001,0,0,0
639155412027801707,nan,53.986146302229884,0.0022424747522679076,0.00054294349362304928,281,0,0,0,0,-2.2447947833122943,8.3011653407181072,1.9582887213439499,-2.2466358543336233,8.2998850475841017,1.958831664837573,-0.00048968990950945838,0.0021883548174561709,0.00054294349362304928,0,-0.0246051829631415,0.027224199914256057,-0.00048968743029584956,0.00066131736038381786,0.00082288178405817973,0.00054181058185354125,0.019901800000000001,3.660266534311063e-16,-0.0015270380118464107,0.0014138220169530591,0.00057702027174322268,1.8391635602362916e-14,0.0015270380118464107,-1.1329117695080271e-06,1,0,0.019901800000000001,0,0,0,0,0,0,0,0.0041132,497,0,0,1,0,0,0,0,0,0,0,0,1,20,nan,1,-0.00048968850060123826,0,0.00016264311622719879,-0.0075103170238435268,0.019901800000000001,-3.236890770530465e-06,-0.00016264311622719879,-0.043382499999999997,0,0,0
639155412028002183,nan,57.48098016279905,0.0025793149271742663,0.0011970921419885983,280,0,0,0,0,-2.247252737439335,8.2996328903581453,1.9588177630408083,-2.2465209231397321,8.2971595700544967,1.9576206708988197,-0.0025663399373100472,0.00025838889239178484,-0.0011970921419885983,0,-0.12801214833657584,0.060405930822304686,-0.0025663363449923374,0.0009248538847205735,0.002727899731242218,-0.0012109939387532354,0.020047599999999999,-1.4373810301726575e-16,0.00066642931561752047,-0.00061688310571161864,-0.00025215722595639534,-7.1698409294511938e-15,0.00066642931561752047,-1.3901796764637096e-05,1,0,0.020047599999999999,0,0,0,0,0,0,0,0.0039766000000000003,496,0,0,1,0,0,0,0,0,0,0,0,1,20,nan,1,-0.0025663547118158761,0,0.0019812555781024304,-0.0019859808962792158,0.020047599999999999,-3.9719419327566285e-05,-0.0019812555781024304,-0.056610599999999997,0,0,0
639155412028302515,nan,57.301142298847743,0.0032557340026122625,0.00023029853037148662,285,0,0,0,0,-2.2477997554022142,8.2966386409192268,1.957536322147887,-2.2446340869506853,8.2958781495315304,1.9573060236175155,-0.001898323144839367,-0.0026450280024099626,-0.00023029853037148662,0,-0.063214916921742761,0.010476648552410629,-0.0018985462428940845,-0.0012640061410327049,0.0022808308488302311,-0.0003146472813042589,0.030033199999999999,1.9255430583342559e-16,0.0013808617307820078,-0.0012788322624821546,-0.00052092913526990969,6.4113815988115015e-15,0.0013808617307820078,-8.4348750932772276e-05,1,0,0.030033199999999999,0,0,0,0,0,0,0,0.0140509,496,0,0,1,0,0,0,0,0,0,0,0,1,20,nan,1,-0.0018983939186266534,0,0.0080243341114716663,-0.0080331340432167053,0.030033199999999999,-0.00024099643123665082,-0.0080243341114716663,-0.059874400000000001,0,0,0
639155412028501722,nan,55.472408366722405,0.0044101140774829078,0.0011108850793797309,279,0,0,0,0,-2.243857166812433,8.2961943410314287,1.9573060236175153,-2.2477328886062411,8.2982985954726534,1.958416908696895,0.0034100083457577184,0.0027965960127046652,0.0011108850793797309,0,0.17117914258821129,0.055765363635791355,0.0034100083457569807,0.0019577980836239725,0.0039320643756650215,0.0011108850793795089,0.0199207,-7.3850430978850135e-16,-0.000838797929080692,0.00077692013825236828,0.00031619149989836615,-3.7072206789344818e-14,0.0008387979290806919,-2.2204460492503131e-16,1,0,0.0199207,0,0,0,0,0,0,0,0.014002499999999999,496,0,0,1,0,0,0,0,0,0,0,0,1,20,nan,1,0.0034100083457569807,0,0,-0.0080331340432167053,0.0199207,0,0,-0.039953700000000002,0,0,0
639155412028801789,nan,56.161264774158568,0.0029092624278170081,0.00012868555876943688,287,0,0,0,0,-2.2504578635513131,8.2971860531427559,1.9583302252608978,-2.2480682142969584,8.2988453856335695,1.9584589108196673,0.00063321914031023172,-0.0028395142884395709,0.00012868555876943688,0,0.021094388889024509,0.0013997581464232248,0.00063297299907629173,0.00010376888440241904,0.00064142248084219646,4.2002122772277779e-05,0.030006700000000001,-1.5330618718945033e-16,0.0029433380517846614,-0.0027249749450719563,-0.0011125423298974368,-5.1090652150836422e-15,0.0029433380517846618,-8.6683435997159108e-05,1,0,0.030006700000000001,0,0,0,0,0,0,0,0.0040090999999999998,496,0,0,1,0,0,0,0,0,0,0,0,1,20,nan,1,0.00063296014416101853,0,0.0082537220018347283,-0.007610805332660675,0.030006700000000001,-0.00024766695999245414,-0.0082537220018347283,-0.043565699999999999,0,0,0
639155412029101723,nan,56.56799303311174,0.0028843020816944889,0.000580123676718447,289,0,0,0,0,-2.2481642158475803,8.2988061857838229,1.9584475301721251,-2.2460985369236384,8.2967931857635424,1.9578674064954067,-0.0026444919032890197,-0.0011514604083102383,-0.000580123676718447,0,-0.088169564220228355,0.019721149461567656,-0.002644505007482997,-0.0010477339962535761,0.0028444952560178639,-0.0005915043242605833,0.0299934,-1.6798357409947284e-16,0.00010369631595181544,-9.600155062194915e-05,-3.9199849746651694e-05,-5.6006846205989601e-15,0.00010369631595181544,-1.1380647542136302e-05,1,0,0.0299934,0,0,0,0,0,0,0,0.014005999999999999,496,0,0,1,0,0,0,0,0,0,0,0,1,20,nan,1,-0.0026444879730030237,0,0.0010841096986038321,-0.0016258067917078733,0.0299934,-3.2516135834104176e-05,-0.0010841096986038321,-0.046641200000000001,0,0,0
639155412029301735,nan,62.003607821769648,0.00037107684004154167,6.8162752366873747e-05,289,0,0,0,0,-2.2454505758090249,8.2970573175310616,1.9578875811021101,-2.2457605370898328,8.2972613322991915,1.957955743854477,0.00030592921700655512,0.0002100127029419221,6.8162752366873747e-05,0,0.015295331281129936,0.0044166029573387052,0.00030592498002013607,-0.0004897090698491324,0.00057741238858620197,8.8337359070322918e-05,0.0200012,-4.758563335038879e-16,-0.00069972794474994714,0.00064796111461351558,0.00026413176751916012,-2.3791389191842883e-14,0.00069972794474994714,2.0174606703449172e-05,1,0,0.0200012,0,0,0,0,0,0,0,0.0140172,497,0,0,1,0,0,0,0,0,0,0,0,1,20,nan,1,0.00030591086605324773,0,0.0028819137570705094,-0.0086171599105000496,0.0200012,5.7641733437918674e-05,0.0028819137570705094,-0.02664,0,0,0
639155412029502267,nan,56.515029301434467,0.0019058508448614739,0.00010400187893977454,288,0,0,0,0,-2.2453058696761379,8.2974467175873379,1.9579713492310342,-2.2468563164803808,8.2985550416149003,1.958075351109974,0.0016116936944049936,0.0010172073919680184,0.00010400187893977454,0,0.080370106531877608,0.0059644972122643016,0.001611677820305048,0.00052622321294123087,0.0016954103533662354,0.0001196072554969785,0.0200532,6.8844127447398318e-16,-0.00049100932998992334,0.00045466741369493135,0.000185385288146378,3.4330743944805973e-14,0.00049100932998992334,1.5605376557203954e-05,1,0,0.0200532,0,0,0,0,0,0,0,0.0139215,496,0,0,1,0,0,0,0,0,0,0,0,1,20,nan,1,0.0016116895512065358,0,0.0022234251970953806,-0.0010696412064135075,0.0200532,4.4586790162393086e-05,0.0022234251970953806,-0.0065868000000000003,0,0,0
