[INFO] [launch]: All log files can be found below /home/symoon/.ros/log/2026-05-14-17-15-31-869709-symoon-HP-ZBook-Create-G7-Notebook-PC-36249
[INFO] [launch]: Default logging verbosity is set to INFO
[INFO] [cartographer_node-1]: process started with pid [36258]
[INFO] [cartographer_occupancy_grid_node-2]: process started with pid [36260]
[INFO] [trajectory_to_odom-3]: process started with pid [36262]
[trajectory_to_odom-3] [INFO] [1778746531.953960417] [trajectory_to_odom_node]: TrackedPoseToOdom node initialized.
[cartographer_node-1] [INFO] [1778746531.963522607] [cartographer logger]: I0514 17:15:31.000000 36258 configuration_file_resolver.cc:41] Found '/home/symoon/Desktop/complete/local_SLAM_imu_wheel_ok/src/SLAM/cartographer_ros/configuration_files/Damvi_localization_config_wheel.lua' for 'Damvi_localization_config_wheel.lua'.
[cartographer_node-1] [INFO] [1778746531.963840355] [cartographer logger]: I0514 17:15:31.000000 36258 configuration_file_resolver.cc:41] Found '/home/symoon/Desktop/complete/local_SLAM_imu_wheel_ok/install/cartographer/share/cartographer/configuration_files/map_builder.lua' for 'map_builder.lua'.
[cartographer_node-1] [INFO] [1778746531.963868882] [cartographer logger]: I0514 17:15:31.000000 36258 configuration_file_resolver.cc:41] Found '/home/symoon/Desktop/complete/local_SLAM_imu_wheel_ok/install/cartographer/share/cartographer/configuration_files/map_builder.lua' for 'map_builder.lua'.
[cartographer_node-1] [INFO] [1778746531.963916272] [cartographer logger]: I0514 17:15:31.000000 36258 configuration_file_resolver.cc:41] Found '/home/symoon/Desktop/complete/local_SLAM_imu_wheel_ok/install/cartographer/share/cartographer/configuration_files/pose_graph.lua' for 'pose_graph.lua'.
[cartographer_node-1] [INFO] [1778746531.963936720] [cartographer logger]: I0514 17:15:31.000000 36258 configuration_file_resolver.cc:41] Found '/home/symoon/Desktop/complete/local_SLAM_imu_wheel_ok/install/cartographer/share/cartographer/configuration_files/pose_graph.lua' for 'pose_graph.lua'.
[cartographer_node-1] [INFO] [1778746531.964058766] [cartographer logger]: I0514 17:15:31.000000 36258 configuration_file_resolver.cc:41] Found '/home/symoon/Desktop/complete/local_SLAM_imu_wheel_ok/install/cartographer/share/cartographer/configuration_files/trajectory_builder.lua' for 'trajectory_builder.lua'.
[cartographer_node-1] [INFO] [1778746531.964082076] [cartographer logger]: I0514 17:15:31.000000 36258 configuration_file_resolver.cc:41] Found '/home/symoon/Desktop/complete/local_SLAM_imu_wheel_ok/install/cartographer/share/cartographer/configuration_files/trajectory_builder.lua' for 'trajectory_builder.lua'.
[cartographer_node-1] [INFO] [1778746531.964125828] [cartographer logger]: I0514 17:15:31.000000 36258 configuration_file_resolver.cc:41] Found '/home/symoon/Desktop/complete/local_SLAM_imu_wheel_ok/install/cartographer/share/cartographer/configuration_files/trajectory_builder_2d.lua' for 'trajectory_builder_2d.lua'.
[cartographer_node-1] [INFO] [1778746531.964145628] [cartographer logger]: I0514 17:15:31.000000 36258 configuration_file_resolver.cc:41] Found '/home/symoon/Desktop/complete/local_SLAM_imu_wheel_ok/install/cartographer/share/cartographer/configuration_files/trajectory_builder_2d.lua' for 'trajectory_builder_2d.lua'.
[cartographer_node-1] [INFO] [1778746531.964292848] [cartographer logger]: I0514 17:15:31.000000 36258 configuration_file_resolver.cc:41] Found '/home/symoon/Desktop/complete/local_SLAM_imu_wheel_ok/install/cartographer/share/cartographer/configuration_files/trajectory_builder_3d.lua' for 'trajectory_builder_3d.lua'.
[cartographer_node-1] [INFO] [1778746531.964315336] [cartographer logger]: I0514 17:15:31.000000 36258 configuration_file_resolver.cc:41] Found '/home/symoon/Desktop/complete/local_SLAM_imu_wheel_ok/install/cartographer/share/cartographer/configuration_files/trajectory_builder_3d.lua' for 'trajectory_builder_3d.lua'.
[cartographer_node-1] [INFO] [1778746531.973199363] [cartographer logger]: I0514 17:15:31.000000 36258 map_builder_bridge.cpp:117] Loading saved state '/home/symoon/Desktop/complete/local_SLAM_imu_wheel_ok/src/SLAM/cartographer_ros/pbstream/0312.pbstream'...
[cartographer_node-1] [INFO] [1778746532.017499162] [cartographer logger]: I0514 17:15:32.000000 36258 map_builder_bridge.cpp:140] Added trajectory with ID '1'.
[cartographer_node-1] [INFO] [1778746532.017581975] [cartographer logger]: I0514 17:15:32.000000 36258 pose_extrapolator.cc:218] Loaded pose extrapolator config from /home/symoon/Desktop/complete/local_SLAM_imu_wheel_ok/parameter_trials/outlier_baseline.yaml imu_weight=0.2 imu_delta_min=0.3 wheelodom_weight=0.01 process_noise=0.001 measurement_noise_scan_default=1.5e-06 measurement_noise_odom_default=0.0002
[cartographer_node-1] [INFO] [1778746532.017592703] [cartographer logger]: I0514 17:15:32.000000 36258 pose_extrapolator.cc:154] fusion is active
[cartographer_node-1] [INFO] [1778746541.007672207] [cartographer logger]: I0514 17:15:41.000000 36258 ordered_multi_queue.cc:172] All sensor data for trajectory 1 is available starting at '639089883260544487'.
[cartographer_node-1] [INFO] [1778746541.061385973] [cartographer logger]: I0514 17:15:41.000000 36258 local_trajectory_builder_2d.cc:461] Extrapolator not yet initialized.
[cartographer_node-1] [INFO] [1778746541.061460375] [cartographer logger]: I0514 17:15:41.000000 36258 pose_extrapolator.cc:218] Loaded pose extrapolator config from /home/symoon/Desktop/complete/local_SLAM_imu_wheel_ok/parameter_trials/outlier_baseline.yaml imu_weight=0.2 imu_delta_min=0.3 wheelodom_weight=0.01 process_noise=0.001 measurement_noise_scan_default=1.5e-06 measurement_noise_odom_default=0.0002
[cartographer_node-1] [INFO] [1778746541.061470145] [cartographer logger]: I0514 17:15:41.000000 36258 pose_extrapolator.cc:154] fusion is active
[cartographer_node-1] [INFO] [1778746541.061506944] [cartographer logger]: I0514 17:15:41.000000 36258 local_trajectory_builder_2d.cc:198] Extrapolator is still initializing.
[cartographer_node-1] [INFO] [1778746541.104471133] [cartographer logger]: I0514 17:15:41.000000 36258 pose_graph_2d.cc:148] Inserted submap (1, 0).
[cartographer_node-1] [WARN] [1778746541.454786756] [cartographer logger]: W0514 17:15:41.000000 36258 range_data_collator.cc:82] Dropped 52 earlier points.
[cartographer_node-1] [INFO] [1778746543.677953201] [cartographer logger]: I0514 17:15:43.000000 36299 pose_graph_2d.cc:538] Remaining work items in queue: 0
[cartographer_node-1] [INFO] [1778746543.678234386] [cartographer logger]: I0514 17:15:43.000000 36299 constraint_builder_2d.cc:294] 1 computations resulted in 0 additional constraints.
[cartographer_node-1] [INFO] [1778746543.678308232] [cartographer logger]: I0514 17:15:43.000000 36299 constraint_builder_2d.cc:296] Score histogram:
[cartographer_node-1] Count: 0
[cartographer_node-1] [INFO] [1778746543.918244581] [cartographer logger]: I0514 17:15:43.000000 36300 pose_graph_2d.cc:538] Remaining work items in queue: 1
[cartographer_node-1] [INFO] [1778746543.918297676] [cartographer logger]: I0514 17:15:43.000000 36300 constraint_builder_2d.cc:294] 0 computations resulted in 0 additional constraints.
[cartographer_node-1] [INFO] [1778746543.918304973] [cartographer logger]: I0514 17:15:43.000000 36300 constraint_builder_2d.cc:296] Score histogram:
[cartographer_node-1] Count: 0
[cartographer_node-1] [INFO] [1778746544.045376332] [cartographer logger]: I0514 17:15:44.000000 36299 pose_graph_2d.cc:538] Remaining work items in queue: 0
[cartographer_node-1] [INFO] [1778746544.045448197] [cartographer logger]: I0514 17:15:44.000000 36299 constraint_builder_2d.cc:294] 0 computations resulted in 0 additional constraints.
[cartographer_node-1] [INFO] [1778746544.045459624] [cartographer logger]: I0514 17:15:44.000000 36299 constraint_builder_2d.cc:296] Score histogram:
[cartographer_node-1] Count: 0
[cartographer_node-1] [INFO] [1778746544.322965599] [cartographer logger]: I0514 17:15:44.000000 36298 pose_graph_2d.cc:538] Remaining work items in queue: 0
[cartographer_node-1] [INFO] [1778746544.322992122] [cartographer logger]: I0514 17:15:44.000000 36298 constraint_builder_2d.cc:294] 0 computations resulted in 0 additional constraints.
[cartographer_node-1] [INFO] [1778746544.322999299] [cartographer logger]: I0514 17:15:44.000000 36298 constraint_builder_2d.cc:296] Score histogram:
[cartographer_node-1] Count: 0
[cartographer_node-1] [INFO] [1778746544.566394417] [cartographer logger]: I0514 17:15:44.000000 36297 pose_graph_2d.cc:538] Remaining work items in queue: 1
[cartographer_node-1] [INFO] [1778746544.595141715] [cartographer logger]: I0514 17:15:44.000000 36298 constraint_builder_2d.cc:279] Node (1, 14) with 200 points on submap (0, 4) matches with score 70.1%.
[cartographer_node-1] [INFO] [1778746544.595193836] [cartographer logger]: I0514 17:15:44.000000 36298 constraint_builder_2d.cc:294] 1 computations resulted in 1 additional constraints.
[cartographer_node-1] [INFO] [1778746544.595205995] [cartographer logger]: I0514 17:15:44.000000 36298 constraint_builder_2d.cc:296] Score histogram:
[cartographer_node-1] Count: 1  Min: 0.701318  Max: 0.701318  Mean: 0.701318
[cartographer_node-1] [INFO] [1778746544.725073232] [cartographer logger]: I0514 17:15:44.000000 36299 pose_graph_2d.cc:538] Remaining work items in queue: 0
[cartographer_node-1] [INFO] [1778746544.725129025] [cartographer logger]: I0514 17:15:44.000000 36299 constraint_builder_2d.cc:294] 0 computations resulted in 0 additional constraints.
[cartographer_node-1] [INFO] [1778746544.725141541] [cartographer logger]: I0514 17:15:44.000000 36299 constraint_builder_2d.cc:296] Score histogram:
[cartographer_node-1] Count: 1  Min: 0.701318  Max: 0.701318  Mean: 0.701318
[cartographer_node-1] [INFO] [1778746544.837167774] [cartographer logger]: I0514 17:15:44.000000 36298 pose_graph_2d.cc:538] Remaining work items in queue: 0
[cartographer_node-1] [INFO] [1778746544.837244847] [cartographer logger]: I0514 17:15:44.000000 36298 constraint_builder_2d.cc:294] 0 computations resulted in 0 additional constraints.
[cartographer_node-1] [INFO] [1778746544.837274062] [cartographer logger]: I0514 17:15:44.000000 36298 constraint_builder_2d.cc:296] Score histogram:
[cartographer_node-1] Count: 1  Min: 0.701318  Max: 0.701318  Mean: 0.701318
[cartographer_node-1] [INFO] [1778746545.044995980] [cartographer logger]: I0514 17:15:45.000000 36297 pose_graph_2d.cc:538] Remaining work items in queue: 0
[cartographer_node-1] [INFO] [1778746545.045020450] [cartographer logger]: I0514 17:15:45.000000 36297 constraint_builder_2d.cc:294] 0 computations resulted in 0 additional constraints.
[cartographer_node-1] [INFO] [1778746545.045059602] [cartographer logger]: I0514 17:15:45.000000 36297 constraint_builder_2d.cc:296] Score histogram:
[cartographer_node-1] Count: 1  Min: 0.701318  Max: 0.701318  Mean: 0.701318
[cartographer_node-1] [INFO] [1778746545.193312465] [cartographer logger]: I0514 17:15:45.000000 36300 pose_graph_2d.cc:538] Remaining work items in queue: 0
[cartographer_node-1] [INFO] [1778746545.193337272] [cartographer logger]: I0514 17:15:45.000000 36300 constraint_builder_2d.cc:294] 0 computations resulted in 0 additional constraints.
[cartographer_node-1] [INFO] [1778746545.193370848] [cartographer logger]: I0514 17:15:45.000000 36300 constraint_builder_2d.cc:296] Score histogram:
[cartographer_node-1] Count: 1  Min: 0.701318  Max: 0.701318  Mean: 0.701318
[cartographer_node-1] [INFO] [1778746545.317013631] [cartographer logger]: I0514 17:15:45.000000 36299 pose_graph_2d.cc:538] Remaining work items in queue: 1
[cartographer_node-1] [INFO] [1778746545.317055813] [cartographer logger]: I0514 17:15:45.000000 36299 constraint_builder_2d.cc:294] 1 computations resulted in 0 additional constraints.
[cartographer_node-1] [INFO] [1778746545.317064716] [cartographer logger]: I0514 17:15:45.000000 36299 constraint_builder_2d.cc:296] Score histogram:
[cartographer_node-1] Count: 1  Min: 0.701318  Max: 0.701318  Mean: 0.701318
[cartographer_node-1] [INFO] [1778746545.420044195] [cartographer logger]: I0514 17:15:45.000000 36298 pose_graph_2d.cc:538] Remaining work items in queue: 1
[cartographer_node-1] [INFO] [1778746545.420065284] [cartographer logger]: I0514 17:15:45.000000 36298 constraint_builder_2d.cc:294] 0 computations resulted in 0 additional constraints.
[cartographer_node-1] [INFO] [1778746545.420073520] [cartographer logger]: I0514 17:15:45.000000 36298 constraint_builder_2d.cc:296] Score histogram:
[cartographer_node-1] Count: 1  Min: 0.701318  Max: 0.701318  Mean: 0.701318
[cartographer_node-1] [INFO] [1778746545.529460852] [cartographer logger]: I0514 17:15:45.000000 36298 pose_graph_2d.cc:538] Remaining work items in queue: 0
[cartographer_node-1] [INFO] [1778746545.529503100] [cartographer logger]: I0514 17:15:45.000000 36298 constraint_builder_2d.cc:294] 0 computations resulted in 0 additional constraints.
[cartographer_node-1] [INFO] [1778746545.529512745] [cartographer logger]: I0514 17:15:45.000000 36298 constraint_builder_2d.cc:296] Score histogram:
[cartographer_node-1] Count: 1  Min: 0.701318  Max: 0.701318  Mean: 0.701318
[cartographer_node-1] [INFO] [1778746545.653015164] [cartographer logger]: I0514 17:15:45.000000 36298 pose_graph_2d.cc:538] Remaining work items in queue: 0
[cartographer_node-1] [INFO] [1778746545.653039933] [cartographer logger]: I0514 17:15:45.000000 36298 constraint_builder_2d.cc:294] 0 computations resulted in 0 additional constraints.
[cartographer_node-1] [INFO] [1778746545.653051056] [cartographer logger]: I0514 17:15:45.000000 36298 constraint_builder_2d.cc:296] Score histogram:
[cartographer_node-1] Count: 1  Min: 0.701318  Max: 0.701318  Mean: 0.701318
[cartographer_node-1] [INFO] [1778746545.719338998] [cartographer logger]: I0514 17:15:45.000000 36299 pose_graph_2d.cc:538] Remaining work items in queue: 1
[cartographer_node-1] [INFO] [1778746545.719452582] [cartographer logger]: I0514 17:15:45.000000 36299 constraint_builder_2d.cc:294] 0 computations resulted in 0 additional constraints.
[cartographer_node-1] [INFO] [1778746545.719498578] [cartographer logger]: I0514 17:15:45.000000 36299 constraint_builder_2d.cc:296] Score histogram:
[cartographer_node-1] Count: 1  Min: 0.701318  Max: 0.701318  Mean: 0.701318
[cartographer_node-1] [INFO] [1778746545.768650029] [cartographer logger]: I0514 17:15:45.000000 36298 constraint_builder_2d.cc:279] Node (1, 42) with 212 points on submap (0, 12) matches with score 70.5%.
[cartographer_node-1] [INFO] [1778746545.804267222] [cartographer logger]: I0514 17:15:45.000000 36299 pose_graph_2d.cc:538] Remaining work items in queue: 1
[cartographer_node-1] [INFO] [1778746545.804311767] [cartographer logger]: I0514 17:15:45.000000 36299 constraint_builder_2d.cc:294] 1 computations resulted in 1 additional constraints.
[cartographer_node-1] [INFO] [1778746545.804442143] [cartographer logger]: I0514 17:15:45.000000 36299 constraint_builder_2d.cc:296] Score histogram:
[cartographer_node-1] Count: 2  Min: 0.701318  Max: 0.705224  Mean: 0.703271
[cartographer_node-1] [0.701318, 0.701708)	          ##########	Count: 1 (50%)	Total: 1 (50%)
[cartographer_node-1] [0.701708, 0.702099)	                    	Count: 0 (0%)	Total: 1 (50%)
[cartographer_node-1] [0.702099, 0.702489)	                    	Count: 0 (0%)	Total: 1 (50%)
[cartographer_node-1] [0.702489, 0.702880)	                    	Count: 0 (0%)	Total: 1 (50%)
[cartographer_node-1] [0.702880, 0.703271)	                    	Count: 0 (0%)	Total: 1 (50%)
[cartographer_node-1] [0.703271, 0.703661)	                    	Count: 0 (0%)	Total: 1 (50%)
[cartographer_node-1] [0.703661, 0.704052)	                    	Count: 0 (0%)	Total: 1 (50%)
[cartographer_node-1] [0.704052, 0.704443)	                    	Count: 0 (0%)	Total: 1 (50%)
[cartographer_node-1] [0.704443, 0.704833)	                    	Count: 0 (0%)	Total: 1 (50%)
[cartographer_node-1] [0.704833, 0.705224]	          ##########	Count: 1 (50%)	Total: 2 (100%)
[cartographer_node-1] [INFO] [1778746545.886037795] [cartographer logger]: I0514 17:15:45.000000 36299 pose_graph_2d.cc:538] Remaining work items in queue: 2
[cartographer_node-1] [INFO] [1778746545.886063939] [cartographer logger]: I0514 17:15:45.000000 36299 constraint_builder_2d.cc:294] 0 computations resulted in 0 additional constraints.
[cartographer_node-1] [INFO] [1778746545.886199579] [cartographer logger]: I0514 17:15:45.000000 36299 constraint_builder_2d.cc:296] Score histogram:
[cartographer_node-1] Count: 2  Min: 0.701318  Max: 0.705224  Mean: 0.703271
[cartographer_node-1] [0.701318, 0.701708)	          ##########	Count: 1 (50%)	Total: 1 (50%)
[cartographer_node-1] [0.701708, 0.702099)	                    	Count: 0 (0%)	Total: 1 (50%)
[cartographer_node-1] [0.702099, 0.702489)	                    	Count: 0 (0%)	Total: 1 (50%)
[cartographer_node-1] [0.702489, 0.702880)	                    	Count: 0 (0%)	Total: 1 (50%)
[cartographer_node-1] [0.702880, 0.703271)	                    	Count: 0 (0%)	Total: 1 (50%)
[cartographer_node-1] [0.703271, 0.703661)	                    	Count: 0 (0%)	Total: 1 (50%)
[cartographer_node-1] [0.703661, 0.704052)	                    	Count: 0 (0%)	Total: 1 (50%)
[cartographer_node-1] [0.704052, 0.704443)	                    	Count: 0 (0%)	Total: 1 (50%)
[cartographer_node-1] [0.704443, 0.704833)	                    	Count: 0 (0%)	Total: 1 (50%)
[cartographer_node-1] [0.704833, 0.705224]	          ##########	Count: 1 (50%)	Total: 2 (100%)
[cartographer_node-1] [INFO] [1778746545.955002835] [cartographer logger]: I0514 17:15:45.000000 36300 pose_graph_2d.cc:538] Remaining work items in queue: 1
[cartographer_node-1] [INFO] [1778746545.955028346] [cartographer logger]: I0514 17:15:45.000000 36300 constraint_builder_2d.cc:294] 0 computations resulted in 0 additional constraints.
[cartographer_node-1] [INFO] [1778746545.955155170] [cartographer logger]: I0514 17:15:45.000000 36300 constraint_builder_2d.cc:296] Score histogram:
[cartographer_node-1] Count: 2  Min: 0.701318  Max: 0.705224  Mean: 0.703271
[cartographer_node-1] [0.701318, 0.701708)	          ##########	Count: 1 (50%)	Total: 1 (50%)
[cartographer_node-1] [0.701708, 0.702099)	                    	Count: 0 (0%)	Total: 1 (50%)
[cartographer_node-1] [0.702099, 0.702489)	                    	Count: 0 (0%)	Total: 1 (50%)
[cartographer_node-1] [0.702489, 0.702880)	                    	Count: 0 (0%)	Total: 1 (50%)
[cartographer_node-1] [0.702880, 0.703271)	                    	Count: 0 (0%)	Total: 1 (50%)
[cartographer_node-1] [0.703271, 0.703661)	                    	Count: 0 (0%)	Total: 1 (50%)
[cartographer_node-1] [0.703661, 0.704052)	                    	Count: 0 (0%)	Total: 1 (50%)
[cartographer_node-1] [0.704052, 0.704443)	                    	Count: 0 (0%)	Total: 1 (50%)
[cartographer_node-1] [0.704443, 0.704833)	                    	Count: 0 (0%)	Total: 1 (50%)
[cartographer_node-1] [0.704833, 0.705224]	          ##########	Count: 1 (50%)	Total: 2 (100%)
[cartographer_node-1] [INFO] [1778746546.020404544] [cartographer logger]: I0514 17:15:46.000000 36299 pose_graph_2d.cc:538] Remaining work items in queue: 1
[cartographer_node-1] [INFO] [1778746546.020435232] [cartographer logger]: I0514 17:15:46.000000 36299 constraint_builder_2d.cc:294] 0 computations resulted in 0 additional constraints.
[cartographer_node-1] [INFO] [1778746546.020731038] [cartographer logger]: I0514 17:15:46.000000 36299 constraint_builder_2d.cc:296] Score histogram:
[cartographer_node-1] Count: 2  Min: 0.701318  Max: 0.705224  Mean: 0.703271
[cartographer_node-1] [0.701318, 0.701708)	          ##########	Count: 1 (50%)	Total: 1 (50%)
[cartographer_node-1] [0.701708, 0.702099)	                    	Count: 0 (0%)	Total: 1 (50%)
[cartographer_node-1] [0.702099, 0.702489)	                    	Count: 0 (0%)	Total: 1 (50%)
[cartographer_node-1] [0.702489, 0.702880)	                    	Count: 0 (0%)	Total: 1 (50%)
[cartographer_node-1] [0.702880, 0.703271)	                    	Count: 0 (0%)	Total: 1 (50%)
[cartographer_node-1] [0.703271, 0.703661)	                    	Count: 0 (0%)	Total: 1 (50%)
[cartographer_node-1] [0.703661, 0.704052)	                    	Count: 0 (0%)	Total: 1 (50%)
[cartographer_node-1] [0.704052, 0.704443)	                    	Count: 0 (0%)	Total: 1 (50%)
[cartographer_node-1] [0.704443, 0.704833)	                    	Count: 0 (0%)	Total: 1 (50%)
[cartographer_node-1] [0.704833, 0.705224]	          ##########	Count: 1 (50%)	Total: 2 (100%)
[cartographer_node-1] [INFO] [1778746546.123128847] [cartographer logger]: I0514 17:15:46.000000 36297 pose_graph_2d.cc:538] Remaining work items in queue: 0
[cartographer_node-1] [INFO] [1778746546.123155661] [cartographer logger]: I0514 17:15:46.000000 36297 constraint_builder_2d.cc:294] 0 computations resulted in 0 additional constraints.
[cartographer_node-1] [INFO] [1778746546.123176427] [cartographer logger]: I0514 17:15:46.000000 36297 constraint_builder_2d.cc:296] Score histogram:
[cartographer_node-1] Count: 2  Min: 0.701318  Max: 0.705224  Mean: 0.703271
[cartographer_node-1] [0.701318, 0.701708)	          ##########	Count: 1 (50%)	Total: 1 (50%)
[cartographer_node-1] [0.701708, 0.702099)	                    	Count: 0 (0%)	Total: 1 (50%)
[cartographer_node-1] [0.702099, 0.702489)	                    	Count: 0 (0%)	Total: 1 (50%)
[cartographer_node-1] [0.702489, 0.702880)	                    	Count: 0 (0%)	Total: 1 (50%)
[cartographer_node-1] [0.702880, 0.703271)	                    	Count: 0 (0%)	Total: 1 (50%)
[cartographer_node-1] [0.703271, 0.703661)	                    	Count: 0 (0%)	Total: 1 (50%)
[cartographer_node-1] [0.703661, 0.704052)	                    	Count: 0 (0%)	Total: 1 (50%)
[cartographer_node-1] [0.704052, 0.704443)	                    	Count: 0 (0%)	Total: 1 (50%)
[cartographer_node-1] [0.704443, 0.704833)	                    	Count: 0 (0%)	Total: 1 (50%)
[cartographer_node-1] [0.704833, 0.705224]	          ##########	Count: 1 (50%)	Total: 2 (100%)
[cartographer_node-1] [INFO] [1778746546.187137900] [cartographer logger]: I0514 17:15:46.000000 36298 pose_graph_2d.cc:538] Remaining work items in queue: 0
[cartographer_node-1] [INFO] [1778746546.187169582] [cartographer logger]: I0514 17:15:46.000000 36298 constraint_builder_2d.cc:294] 1 computations resulted in 0 additional constraints.
[cartographer_node-1] [INFO] [1778746546.187205335] [cartographer logger]: I0514 17:15:46.000000 36298 constraint_builder_2d.cc:296] Score histogram:
[cartographer_node-1] Count: 2  Min: 0.701318  Max: 0.705224  Mean: 0.703271
[cartographer_node-1] [0.701318, 0.701708)	          ##########	Count: 1 (50%)	Total: 1 (50%)
[cartographer_node-1] [0.701708, 0.702099)	                    	Count: 0 (0%)	Total: 1 (50%)
[cartographer_node-1] [0.702099, 0.702489)	                    	Count: 0 (0%)	Total: 1 (50%)
[cartographer_node-1] [0.702489, 0.702880)	                    	Count: 0 (0%)	Total: 1 (50%)
[cartographer_node-1] [0.702880, 0.703271)	                    	Count: 0 (0%)	Total: 1 (50%)
[cartographer_node-1] [0.703271, 0.703661)	                    	Count: 0 (0%)	Total: 1 (50%)
[cartographer_node-1] [0.703661, 0.704052)	                    	Count: 0 (0%)	Total: 1 (50%)
[cartographer_node-1] [0.704052, 0.704443)	                    	Count: 0 (0%)	Total: 1 (50%)
[cartographer_node-1] [0.704443, 0.704833)	                    	Count: 0 (0%)	Total: 1 (50%)
[cartographer_node-1] [0.704833, 0.705224]	          ##########	Count: 1 (50%)	Total: 2 (100%)
[cartographer_node-1] [INFO] [1778746546.245521323] [cartographer logger]: I0514 17:15:46.000000 36297 pose_graph_2d.cc:538] Remaining work items in queue: 1
[cartographer_node-1] [INFO] [1778746546.245546616] [cartographer logger]: I0514 17:15:46.000000 36297 constraint_builder_2d.cc:294] 0 computations resulted in 0 additional constraints.
[cartographer_node-1] [INFO] [1778746546.245566415] [cartographer logger]: I0514 17:15:46.000000 36297 constraint_builder_2d.cc:296] Score histogram:
[cartographer_node-1] Count: 2  Min: 0.701318  Max: 0.705224  Mean: 0.703271
[cartographer_node-1] [0.701318, 0.701708)	          ##########	Count: 1 (50%)	Total: 1 (50%)
[cartographer_node-1] [0.701708, 0.702099)	                    	Count: 0 (0%)	Total: 1 (50%)
[cartographer_node-1] [0.702099, 0.702489)	                    	Count: 0 (0%)	Total: 1 (50%)
[cartographer_node-1] [0.702489, 0.702880)	                    	Count: 0 (0%)	Total: 1 (50%)
[cartographer_node-1] [0.702880, 0.703271)	                    	Count: 0 (0%)	Total: 1 (50%)
[cartographer_node-1] [0.703271, 0.703661)	                    	Count: 0 (0%)	Total: 1 (50%)
[cartographer_node-1] [0.703661, 0.704052)	                    	Count: 0 (0%)	Total: 1 (50%)
[cartographer_node-1] [0.704052, 0.704443)	                    	Count: 0 (0%)	Total: 1 (50%)
[cartographer_node-1] [0.704443, 0.704833)	                    	Count: 0 (0%)	Total: 1 (50%)
[cartographer_node-1] [0.704833, 0.705224]	          ##########	Count: 1 (50%)	Total: 2 (100%)
[cartographer_node-1] [INFO] [1778746546.319549116] [cartographer logger]: I0514 17:15:46.000000 36297 pose_graph_2d.cc:538] Remaining work items in queue: 0
[cartographer_node-1] [INFO] [1778746546.319574059] [cartographer logger]: I0514 17:15:46.000000 36297 constraint_builder_2d.cc:294] 0 computations resulted in 0 additional constraints.
[cartographer_node-1] [INFO] [1778746546.319805592] [cartographer logger]: I0514 17:15:46.000000 36297 constraint_builder_2d.cc:296] Score histogram:
[cartographer_node-1] Count: 2  Min: 0.701318  Max: 0.705224  Mean: 0.703271
[cartographer_node-1] [0.701318, 0.701708)	          ##########	Count: 1 (50%)	Total: 1 (50%)
[cartographer_node-1] [0.701708, 0.702099)	                    	Count: 0 (0%)	Total: 1 (50%)
[cartographer_node-1] [0.702099, 0.702489)	                    	Count: 0 (0%)	Total: 1 (50%)
[cartographer_node-1] [0.702489, 0.702880)	                    	Count: 0 (0%)	Total: 1 (50%)
[cartographer_node-1] [0.702880, 0.703271)	                    	Count: 0 (0%)	Total: 1 (50%)
[cartographer_node-1] [0.703271, 0.703661)	                    	Count: 0 (0%)	Total: 1 (50%)
[cartographer_node-1] [0.703661, 0.704052)	                    	Count: 0 (0%)	Total: 1 (50%)
[cartographer_node-1] [0.704052, 0.704443)	                    	Count: 0 (0%)	Total: 1 (50%)
[cartographer_node-1] [0.704443, 0.704833)	                    	Count: 0 (0%)	Total: 1 (50%)
[cartographer_node-1] [0.704833, 0.705224]	          ##########	Count: 1 (50%)	Total: 2 (100%)
[cartographer_node-1] [INFO] [1778746546.403293835] [cartographer logger]: I0514 17:15:46.000000 36298 pose_graph_2d.cc:538] Remaining work items in queue: 0
[cartographer_node-1] [INFO] [1778746546.403320202] [cartographer logger]: I0514 17:15:46.000000 36298 constraint_builder_2d.cc:294] 0 computations resulted in 0 additional constraints.
[cartographer_node-1] [INFO] [1778746546.403509142] [cartographer logger]: I0514 17:15:46.000000 36298 constraint_builder_2d.cc:296] Score histogram:
[cartographer_node-1] Count: 2  Min: 0.701318  Max: 0.705224  Mean: 0.703271
[cartographer_node-1] [0.701318, 0.701708)	          ##########	Count: 1 (50%)	Total: 1 (50%)
[cartographer_node-1] [0.701708, 0.702099)	                    	Count: 0 (0%)	Total: 1 (50%)
[cartographer_node-1] [0.702099, 0.702489)	                    	Count: 0 (0%)	Total: 1 (50%)
[cartographer_node-1] [0.702489, 0.702880)	                    	Count: 0 (0%)	Total: 1 (50%)
[cartographer_node-1] [0.702880, 0.703271)	                    	Count: 0 (0%)	Total: 1 (50%)
[cartographer_node-1] [0.703271, 0.703661)	                    	Count: 0 (0%)	Total: 1 (50%)
[cartographer_node-1] [0.703661, 0.704052)	                    	Count: 0 (0%)	Total: 1 (50%)
[cartographer_node-1] [0.704052, 0.704443)	                    	Count: 0 (0%)	Total: 1 (50%)
[cartographer_node-1] [0.704443, 0.704833)	                    	Count: 0 (0%)	Total: 1 (50%)
[cartographer_node-1] [0.704833, 0.705224]	          ##########	Count: 1 (50%)	Total: 2 (100%)
[cartographer_node-1] [INFO] [1778746546.496623907] [cartographer logger]: I0514 17:15:46.000000 36299 pose_graph_2d.cc:538] Remaining work items in queue: 1
[cartographer_node-1] [INFO] [1778746546.551400090] [cartographer logger]: I0514 17:15:46.000000 36299 constraint_builder_2d.cc:294] 1 computations resulted in 0 additional constraints.
[cartographer_node-1] [INFO] [1778746546.551429983] [cartographer logger]: I0514 17:15:46.000000 36299 constraint_builder_2d.cc:296] Score histogram:
[cartographer_node-1] Count: 2  Min: 0.701318  Max: 0.705224  Mean: 0.703271
[cartographer_node-1] [0.701318, 0.701708)	          ##########	Count: 1 (50%)	Total: 1 (50%)
[cartographer_node-1] [0.701708, 0.702099)	                    	Count: 0 (0%)	Total: 1 (50%)
[cartographer_node-1] [0.702099, 0.702489)	                    	Count: 0 (0%)	Total: 1 (50%)
[cartographer_node-1] [0.702489, 0.702880)	                    	Count: 0 (0%)	Total: 1 (50%)
[cartographer_node-1] [0.702880, 0.703271)	                    	Count: 0 (0%)	Total: 1 (50%)
[cartographer_node-1] [0.703271, 0.703661)	                    	Count: 0 (0%)	Total: 1 (50%)
[cartographer_node-1] [0.703661, 0.704052)	                    	Count: 0 (0%)	Total: 1 (50%)
[cartographer_node-1] [0.704052, 0.704443)	                    	Count: 0 (0%)	Total: 1 (50%)
[cartographer_node-1] [0.704443, 0.704833)	                    	Count: 0 (0%)	Total: 1 (50%)
[cartographer_node-1] [0.704833, 0.705224]	          ##########	Count: 1 (50%)	Total: 2 (100%)
[cartographer_node-1] [INFO] [1778746546.558926691] [cartographer logger]: I0514 17:15:46.000000 36299 pose_graph_2d.cc:538] Remaining work items in queue: 1
[cartographer_node-1] [INFO] [1778746546.558966486] [cartographer logger]: I0514 17:15:46.000000 36299 constraint_builder_2d.cc:294] 0 computations resulted in 0 additional constraints.
[cartographer_node-1] [INFO] [1778746546.559095536] [cartographer logger]: I0514 17:15:46.000000 36299 constraint_builder_2d.cc:296] Score histogram:
[cartographer_node-1] Count: 2  Min: 0.701318  Max: 0.705224  Mean: 0.703271
[cartographer_node-1] [0.701318, 0.701708)	          ##########	Count: 1 (50%)	Total: 1 (50%)
[cartographer_node-1] [0.701708, 0.702099)	                    	Count: 0 (0%)	Total: 1 (50%)
[cartographer_node-1] [0.702099, 0.702489)	                    	Count: 0 (0%)	Total: 1 (50%)
[cartographer_node-1] [0.702489, 0.702880)	                    	Count: 0 (0%)	Total: 1 (50%)
[cartographer_node-1] [0.702880, 0.703271)	                    	Count: 0 (0%)	Total: 1 (50%)
[cartographer_node-1] [0.703271, 0.703661)	                    	Count: 0 (0%)	Total: 1 (50%)
[cartographer_node-1] [0.703661, 0.704052)	                    	Count: 0 (0%)	Total: 1 (50%)
[cartographer_node-1] [0.704052, 0.704443)	                    	Count: 0 (0%)	Total: 1 (50%)
[cartographer_node-1] [0.704443, 0.704833)	                    	Count: 0 (0%)	Total: 1 (50%)
[cartographer_node-1] [0.704833, 0.705224]	          ##########	Count: 1 (50%)	Total: 2 (100%)
[cartographer_node-1] [INFO] [1778746546.622075728] [cartographer logger]: I0514 17:15:46.000000 36298 pose_graph_2d.cc:538] Remaining work items in queue: 0
[cartographer_node-1] [INFO] [1778746546.622111209] [cartographer logger]: I0514 17:15:46.000000 36298 constraint_builder_2d.cc:294] 0 computations resulted in 0 additional constraints.
[cartographer_node-1] [INFO] [1778746546.622357009] [cartographer logger]: I0514 17:15:46.000000 36298 constraint_builder_2d.cc:296] Score histogram:
[cartographer_node-1] Count: 2  Min: 0.701318  Max: 0.705224  Mean: 0.703271
[cartographer_node-1] [0.701318, 0.701708)	          ##########	Count: 1 (50%)	Total: 1 (50%)
[cartographer_node-1] [0.701708, 0.702099)	                    	Count: 0 (0%)	Total: 1 (50%)
[cartographer_node-1] [0.702099, 0.702489)	                    	Count: 0 (0%)	Total: 1 (50%)
[cartographer_node-1] [0.702489, 0.702880)	                    	Count: 0 (0%)	Total: 1 (50%)
[cartographer_node-1] [0.702880, 0.703271)	                    	Count: 0 (0%)	Total: 1 (50%)
[cartographer_node-1] [0.703271, 0.703661)	                    	Count: 0 (0%)	Total: 1 (50%)
[cartographer_node-1] [0.703661, 0.704052)	                    	Count: 0 (0%)	Total: 1 (50%)
[cartographer_node-1] [0.704052, 0.704443)	                    	Count: 0 (0%)	Total: 1 (50%)
[cartographer_node-1] [0.704443, 0.704833)	                    	Count: 0 (0%)	Total: 1 (50%)
[cartographer_node-1] [0.704833, 0.705224]	          ##########	Count: 1 (50%)	Total: 2 (100%)
[cartographer_node-1] [INFO] [1778746546.705083227] [cartographer logger]: I0514 17:15:46.000000 36298 pose_graph_2d.cc:538] Remaining work items in queue: 0
[cartographer_node-1] [INFO] [1778746546.705111698] [cartographer logger]: I0514 17:15:46.000000 36298 constraint_builder_2d.cc:294] 0 computations resulted in 0 additional constraints.
[cartographer_node-1] [INFO] [1778746546.705345935] [cartographer logger]: I0514 17:15:46.000000 36298 constraint_builder_2d.cc:296] Score histogram:
[cartographer_node-1] Count: 2  Min: 0.701318  Max: 0.705224  Mean: 0.703271
[cartographer_node-1] [0.701318, 0.701708)	          ##########	Count: 1 (50%)	Total: 1 (50%)
[cartographer_node-1] [0.701708, 0.702099)	                    	Count: 0 (0%)	Total: 1 (50%)
[cartographer_node-1] [0.702099, 0.702489)	                    	Count: 0 (0%)	Total: 1 (50%)
[cartographer_node-1] [0.702489, 0.702880)	                    	Count: 0 (0%)	Total: 1 (50%)
[cartographer_node-1] [0.702880, 0.703271)	                    	Count: 0 (0%)	Total: 1 (50%)
[cartographer_node-1] [0.703271, 0.703661)	                    	Count: 0 (0%)	Total: 1 (50%)
[cartographer_node-1] [0.703661, 0.704052)	                    	Count: 0 (0%)	Total: 1 (50%)
[cartographer_node-1] [0.704052, 0.704443)	                    	Count: 0 (0%)	Total: 1 (50%)
[cartographer_node-1] [0.704443, 0.704833)	                    	Count: 0 (0%)	Total: 1 (50%)
[cartographer_node-1] [0.704833, 0.705224]	          ##########	Count: 1 (50%)	Total: 2 (100%)
[cartographer_node-1] [INFO] [1778746546.800771968] [cartographer logger]: I0514 17:15:46.000000 36300 pose_graph_2d.cc:538] Remaining work items in queue: 1
[cartographer_node-1] [INFO] [1778746546.800793631] [cartographer logger]: I0514 17:15:46.000000 36300 constraint_builder_2d.cc:294] 0 computations resulted in 0 additional constraints.
[cartographer_node-1] [INFO] [1778746546.800910612] [cartographer logger]: I0514 17:15:46.000000 36300 constraint_builder_2d.cc:296] Score histogram:
[cartographer_node-1] Count: 2  Min: 0.701318  Max: 0.705224  Mean: 0.703271
[cartographer_node-1] [0.701318, 0.701708)	          ##########	Count: 1 (50%)	Total: 1 (50%)
[cartographer_node-1] [0.701708, 0.702099)	                    	Count: 0 (0%)	Total: 1 (50%)
[cartographer_node-1] [0.702099, 0.702489)	                    	Count: 0 (0%)	Total: 1 (50%)
[cartographer_node-1] [0.702489, 0.702880)	                    	Count: 0 (0%)	Total: 1 (50%)
[cartographer_node-1] [0.702880, 0.703271)	                    	Count: 0 (0%)	Total: 1 (50%)
[cartographer_node-1] [0.703271, 0.703661)	                    	Count: 0 (0%)	Total: 1 (50%)
[cartographer_node-1] [0.703661, 0.704052)	                    	Count: 0 (0%)	Total: 1 (50%)
[cartographer_node-1] [0.704052, 0.704443)	                    	Count: 0 (0%)	Total: 1 (50%)
[cartographer_node-1] [0.704443, 0.704833)	                    	Count: 0 (0%)	Total: 1 (50%)
[cartographer_node-1] [0.704833, 0.705224]	          ##########	Count: 1 (50%)	Total: 2 (100%)
[cartographer_node-1] [INFO] [1778746546.843790688] [cartographer logger]: I0514 17:15:46.000000 36299 constraint_builder_2d.cc:279] Node (1, 85) with 163 points on submap (0, 10) matches with score 65.3%.
[cartographer_node-1] [INFO] [1778746546.848142606] [cartographer logger]: I0514 17:15:46.000000 36300 pose_graph_2d.cc:538] Remaining work items in queue: 1
[cartographer_node-1] [INFO] [1778746546.848159863] [cartographer logger]: I0514 17:15:46.000000 36300 constraint_builder_2d.cc:294] 1 computations resulted in 1 additional constraints.
[cartographer_node-1] [INFO] [1778746546.848338531] [cartographer logger]: I0514 17:15:46.000000 36300 constraint_builder_2d.cc:296] Score histogram:
[cartographer_node-1] Count: 3  Min: 0.652734  Max: 0.705224  Mean: 0.686425
[cartographer_node-1] [0.652734, 0.657983)	             #######	Count: 1 (33.3333%)	Total: 1 (33.3333%)
[cartographer_node-1] [0.657983, 0.663232)	                    	Count: 0 (0%)	Total: 1 (33.3333%)
[cartographer_node-1] [0.663232, 0.668481)	                    	Count: 0 (0%)	Total: 1 (33.3333%)
[cartographer_node-1] [0.668481, 0.673730)	                    	Count: 0 (0%)	Total: 1 (33.3333%)
[cartographer_node-1] [0.673730, 0.678979)	                    	Count: 0 (0%)	Total: 1 (33.3333%)
[cartographer_node-1] [0.678979, 0.684228)	                    	Count: 0 (0%)	Total: 1 (33.3333%)
[cartographer_node-1] [0.684228, 0.689477)	                    	Count: 0 (0%)	Total: 1 (33.3333%)
[cartographer_node-1] [0.689477, 0.694726)	                    	Count: 0 (0%)	Total: 1 (33.3333%)
[cartographer_node-1] [0.694726, 0.699975)	                    	Count: 0 (0%)	Total: 1 (33.3333%)
[cartographer_node-1] [0.699975, 0.705224]	       #############	Count: 2 (66.6667%)	Total: 3 (100%)
[cartographer_node-1] [INFO] [1778746546.914294202] [cartographer logger]: I0514 17:15:46.000000 36297 pose_graph_2d.cc:538] Remaining work items in queue: 1
[cartographer_node-1] [INFO] [1778746546.914329811] [cartographer logger]: I0514 17:15:46.000000 36297 constraint_builder_2d.cc:294] 0 computations resulted in 0 additional constraints.
[cartographer_node-1] [INFO] [1778746546.914501123] [cartographer logger]: I0514 17:15:46.000000 36297 constraint_builder_2d.cc:296] Score histogram:
[cartographer_node-1] Count: 3  Min: 0.652734  Max: 0.705224  Mean: 0.686425
[cartographer_node-1] [0.652734, 0.657983)	             #######	Count: 1 (33.3333%)	Total: 1 (33.3333%)
[cartographer_node-1] [0.657983, 0.663232)	                    	Count: 0 (0%)	Total: 1 (33.3333%)
[cartographer_node-1] [0.663232, 0.668481)	                    	Count: 0 (0%)	Total: 1 (33.3333%)
[cartographer_node-1] [0.668481, 0.673730)	                    	Count: 0 (0%)	Total: 1 (33.3333%)
[cartographer_node-1] [0.673730, 0.678979)	                    	Count: 0 (0%)	Total: 1 (33.3333%)
[cartographer_node-1] [0.678979, 0.684228)	                    	Count: 0 (0%)	Total: 1 (33.3333%)
[cartographer_node-1] [0.684228, 0.689477)	                    	Count: 0 (0%)	Total: 1 (33.3333%)
[cartographer_node-1] [0.689477, 0.694726)	                    	Count: 0 (0%)	Total: 1 (33.3333%)
[cartographer_node-1] [0.694726, 0.699975)	                    	Count: 0 (0%)	Total: 1 (33.3333%)
[cartographer_node-1] [0.699975, 0.705224]	       #############	Count: 2 (66.6667%)	Total: 3 (100%)
[cartographer_node-1] [INFO] [1778746546.952419839] [cartographer logger]: I0514 17:15:46.000000 36258 pose_graph_2d.cc:148] Inserted submap (1, 1).
[cartographer_node-1] [INFO] [1778746547.043857874] [cartographer logger]: I0514 17:15:47.000000 36258 collated_trajectory_builder.cc:81] imu rate: 40.95 Hz 2.44e-02 s +/- 8.22e-03 s (pulsed at 99.61% real time)
[cartographer_node-1] [INFO] [1778746547.043882187] [cartographer logger]: I0514 17:15:47.000000 36258 collated_trajectory_builder.cc:81] odom_wheel rate: 41.11 Hz 2.43e-02 s +/- 8.36e-03 s (pulsed at 100.07% real time)
[cartographer_node-1] [INFO] [1778746547.043892943] [cartographer logger]: I0514 17:15:47.000000 36258 collated_trajectory_builder.cc:81] scan rate: 39.90 Hz 2.51e-02 s +/- 4.98e-03 s (pulsed at 99.76% real time)
[cartographer_node-1] [INFO] [1778746547.045242410] [cartographer logger]: I0514 17:15:47.000000 36299 pose_graph_2d.cc:538] Remaining work items in queue: 0
[cartographer_node-1] [INFO] [1778746547.045258539] [cartographer logger]: I0514 17:15:47.000000 36299 constraint_builder_2d.cc:294] 0 computations resulted in 0 additional constraints.
[cartographer_node-1] [INFO] [1778746547.045306374] [cartographer logger]: I0514 17:15:47.000000 36299 constraint_builder_2d.cc:296] Score histogram:
[cartographer_node-1] Count: 3  Min: 0.652734  Max: 0.705224  Mean: 0.686425
[cartographer_node-1] [0.652734, 0.657983)	             #######	Count: 1 (33.3333%)	Total: 1 (33.3333%)
[cartographer_node-1] [0.657983, 0.663232)	                    	Count: 0 (0%)	Total: 1 (33.3333%)
[cartographer_node-1] [0.663232, 0.668481)	                    	Count: 0 (0%)	Total: 1 (33.3333%)
[cartographer_node-1] [0.668481, 0.673730)	                    	Count: 0 (0%)	Total: 1 (33.3333%)
[cartographer_node-1] [0.673730, 0.678979)	                    	Count: 0 (0%)	Total: 1 (33.3333%)
[cartographer_node-1] [0.678979, 0.684228)	                    	Count: 0 (0%)	Total: 1 (33.3333%)
[cartographer_node-1] [0.684228, 0.689477)	                    	Count: 0 (0%)	Total: 1 (33.3333%)
[cartographer_node-1] [0.689477, 0.694726)	                    	Count: 0 (0%)	Total: 1 (33.3333%)
[cartographer_node-1] [0.694726, 0.699975)	                    	Count: 0 (0%)	Total: 1 (33.3333%)
[cartographer_node-1] [0.699975, 0.705224]	       #############	Count: 2 (66.6667%)	Total: 3 (100%)
[cartographer_node-1] [INFO] [1778746547.121626260] [cartographer logger]: I0514 17:15:47.000000 36300 pose_graph_2d.cc:538] Remaining work items in queue: 0
[cartographer_node-1] [INFO] [1778746547.121649371] [cartographer logger]: I0514 17:15:47.000000 36300 constraint_builder_2d.cc:294] 0 computations resulted in 0 additional constraints.
[cartographer_node-1] [INFO] [1778746547.121775620] [cartographer logger]: I0514 17:15:47.000000 36300 constraint_builder_2d.cc:296] Score histogram:
[cartographer_node-1] Count: 3  Min: 0.652734  Max: 0.705224  Mean: 0.686425
[cartographer_node-1] [0.652734, 0.657983)	             #######	Count: 1 (33.3333%)	Total: 1 (33.3333%)
[cartographer_node-1] [0.657983, 0.663232)	                    	Count: 0 (0%)	Total: 1 (33.3333%)
[cartographer_node-1] [0.663232, 0.668481)	                    	Count: 0 (0%)	Total: 1 (33.3333%)
[cartographer_node-1] [0.668481, 0.673730)	                    	Count: 0 (0%)	Total: 1 (33.3333%)
[cartographer_node-1] [0.673730, 0.678979)	                    	Count: 0 (0%)	Total: 1 (33.3333%)
[cartographer_node-1] [0.678979, 0.684228)	                    	Count: 0 (0%)	Total: 1 (33.3333%)
[cartographer_node-1] [0.684228, 0.689477)	                    	Count: 0 (0%)	Total: 1 (33.3333%)
[cartographer_node-1] [0.689477, 0.694726)	                    	Count: 0 (0%)	Total: 1 (33.3333%)
[cartographer_node-1] [0.694726, 0.699975)	                    	Count: 0 (0%)	Total: 1 (33.3333%)
[cartographer_node-1] [0.699975, 0.705224]	       #############	Count: 2 (66.6667%)	Total: 3 (100%)
[cartographer_node-1] [INFO] [1778746547.223509859] [cartographer logger]: I0514 17:15:47.000000 36300 pose_graph_2d.cc:538] Remaining work items in queue: 1
[cartographer_node-1] [INFO] [1778746547.223553980] [cartographer logger]: I0514 17:15:47.000000 36300 constraint_builder_2d.cc:294] 0 computations resulted in 0 additional constraints.
[cartographer_node-1] [INFO] [1778746547.223729699] [cartographer logger]: I0514 17:15:47.000000 36300 constraint_builder_2d.cc:296] Score histogram:
[cartographer_node-1] Count: 3  Min: 0.652734  Max: 0.705224  Mean: 0.686425
[cartographer_node-1] [0.652734, 0.657983)	             #######	Count: 1 (33.3333%)	Total: 1 (33.3333%)
[cartographer_node-1] [0.657983, 0.663232)	                    	Count: 0 (0%)	Total: 1 (33.3333%)
[cartographer_node-1] [0.663232, 0.668481)	                    	Count: 0 (0%)	Total: 1 (33.3333%)
[cartographer_node-1] [0.668481, 0.673730)	                    	Count: 0 (0%)	Total: 1 (33.3333%)
[cartographer_node-1] [0.673730, 0.678979)	                    	Count: 0 (0%)	Total: 1 (33.3333%)
[cartographer_node-1] [0.678979, 0.684228)	                    	Count: 0 (0%)	Total: 1 (33.3333%)
[cartographer_node-1] [0.684228, 0.689477)	                    	Count: 0 (0%)	Total: 1 (33.3333%)
[cartographer_node-1] [0.689477, 0.694726)	                    	Count: 0 (0%)	Total: 1 (33.3333%)
[cartographer_node-1] [0.694726, 0.699975)	                    	Count: 0 (0%)	Total: 1 (33.3333%)
[cartographer_node-1] [0.699975, 0.705224]	       #############	Count: 2 (66.6667%)	Total: 3 (100%)
[cartographer_node-1] [INFO] [1778746547.301205170] [cartographer logger]: I0514 17:15:47.000000 36300 pose_graph_2d.cc:538] Remaining work items in queue: 0
[cartographer_node-1] [INFO] [1778746547.301231513] [cartographer logger]: I0514 17:15:47.000000 36300 constraint_builder_2d.cc:294] 1 computations resulted in 0 additional constraints.
[cartographer_node-1] [INFO] [1778746547.301437192] [cartographer logger]: I0514 17:15:47.000000 36300 constraint_builder_2d.cc:296] Score histogram:
[cartographer_node-1] Count: 3  Min: 0.652734  Max: 0.705224  Mean: 0.686425
[cartographer_node-1] [0.652734, 0.657983)	             #######	Count: 1 (33.3333%)	Total: 1 (33.3333%)
[cartographer_node-1] [0.657983, 0.663232)	                    	Count: 0 (0%)	Total: 1 (33.3333%)
[cartographer_node-1] [0.663232, 0.668481)	                    	Count: 0 (0%)	Total: 1 (33.3333%)
[cartographer_node-1] [0.668481, 0.673730)	                    	Count: 0 (0%)	Total: 1 (33.3333%)
[cartographer_node-1] [0.673730, 0.678979)	                    	Count: 0 (0%)	Total: 1 (33.3333%)
[cartographer_node-1] [0.678979, 0.684228)	                    	Count: 0 (0%)	Total: 1 (33.3333%)
[cartographer_node-1] [0.684228, 0.689477)	                    	Count: 0 (0%)	Total: 1 (33.3333%)
[cartographer_node-1] [0.689477, 0.694726)	                    	Count: 0 (0%)	Total: 1 (33.3333%)
[cartographer_node-1] [0.694726, 0.699975)	                    	Count: 0 (0%)	Total: 1 (33.3333%)
[cartographer_node-1] [0.699975, 0.705224]	       #############	Count: 2 (66.6667%)	Total: 3 (100%)
[cartographer_node-1] [INFO] [1778746547.348714639] [cartographer logger]: I0514 17:15:47.000000 36298 pose_graph_2d.cc:538] Remaining work items in queue: 0
[cartographer_node-1] [INFO] [1778746547.348740096] [cartographer logger]: I0514 17:15:47.000000 36298 constraint_builder_2d.cc:294] 0 computations resulted in 0 additional constraints.
[cartographer_node-1] [INFO] [1778746547.348760490] [cartographer logger]: I0514 17:15:47.000000 36298 constraint_builder_2d.cc:296] Score histogram:
[cartographer_node-1] Count: 3  Min: 0.652734  Max: 0.705224  Mean: 0.686425
[cartographer_node-1] [0.652734, 0.657983)	             #######	Count: 1 (33.3333%)	Total: 1 (33.3333%)
[cartographer_node-1] [0.657983, 0.663232)	                    	Count: 0 (0%)	Total: 1 (33.3333%)
[cartographer_node-1] [0.663232, 0.668481)	                    	Count: 0 (0%)	Total: 1 (33.3333%)
[cartographer_node-1] [0.668481, 0.673730)	                    	Count: 0 (0%)	Total: 1 (33.3333%)
[cartographer_node-1] [0.673730, 0.678979)	                    	Count: 0 (0%)	Total: 1 (33.3333%)
[cartographer_node-1] [0.678979, 0.684228)	                    	Count: 0 (0%)	Total: 1 (33.3333%)
[cartographer_node-1] [0.684228, 0.689477)	                    	Count: 0 (0%)	Total: 1 (33.3333%)
[cartographer_node-1] [0.689477, 0.694726)	                    	Count: 0 (0%)	Total: 1 (33.3333%)
[cartographer_node-1] [0.694726, 0.699975)	                    	Count: 0 (0%)	Total: 1 (33.3333%)
[cartographer_node-1] [0.699975, 0.705224]	       #############	Count: 2 (66.6667%)	Total: 3 (100%)
[cartographer_node-1] [INFO] [1778746547.425515301] [cartographer logger]: I0514 17:15:47.000000 36297 pose_graph_2d.cc:538] Remaining work items in queue: 0
[cartographer_node-1] [INFO] [1778746547.425536267] [cartographer logger]: I0514 17:15:47.000000 36297 constraint_builder_2d.cc:294] 0 computations resulted in 0 additional constraints.
[cartographer_node-1] [INFO] [1778746547.425550509] [cartographer logger]: I0514 17:15:47.000000 36297 constraint_builder_2d.cc:296] Score histogram:
[cartographer_node-1] Count: 3  Min: 0.652734  Max: 0.705224  Mean: 0.686425
[cartographer_node-1] [0.652734, 0.657983)	             #######	Count: 1 (33.3333%)	Total: 1 (33.3333%)
[cartographer_node-1] [0.657983, 0.663232)	                    	Count: 0 (0%)	Total: 1 (33.3333%)
[cartographer_node-1] [0.663232, 0.668481)	                    	Count: 0 (0%)	Total: 1 (33.3333%)
[cartographer_node-1] [0.668481, 0.673730)	                    	Count: 0 (0%)	Total: 1 (33.3333%)
[cartographer_node-1] [0.673730, 0.678979)	                    	Count: 0 (0%)	Total: 1 (33.3333%)
[cartographer_node-1] [0.678979, 0.684228)	                    	Count: 0 (0%)	Total: 1 (33.3333%)
[cartographer_node-1] [0.684228, 0.689477)	                    	Count: 0 (0%)	Total: 1 (33.3333%)
[cartographer_node-1] [0.689477, 0.694726)	                    	Count: 0 (0%)	Total: 1 (33.3333%)
[cartographer_node-1] [0.694726, 0.699975)	                    	Count: 0 (0%)	Total: 1 (33.3333%)
[cartographer_node-1] [0.699975, 0.705224]	       #############	Count: 2 (66.6667%)	Total: 3 (100%)
[cartographer_node-1] [INFO] [1778746547.516673161] [cartographer logger]: I0514 17:15:47.000000 36297 pose_graph_2d.cc:538] Remaining work items in queue: 2
[cartographer_node-1] [INFO] [1778746547.516703856] [cartographer logger]: I0514 17:15:47.000000 36297 constraint_builder_2d.cc:294] 0 computations resulted in 0 additional constraints.
[cartographer_node-1] [INFO] [1778746547.516930065] [cartographer logger]: I0514 17:15:47.000000 36297 constraint_builder_2d.cc:296] Score histogram:
[cartographer_node-1] Count: 3  Min: 0.652734  Max: 0.705224  Mean: 0.686425
[cartographer_node-1] [0.652734, 0.657983)	             #######	Count: 1 (33.3333%)	Total: 1 (33.3333%)
[cartographer_node-1] [0.657983, 0.663232)	                    	Count: 0 (0%)	Total: 1 (33.3333%)
[cartographer_node-1] [0.663232, 0.668481)	                    	Count: 0 (0%)	Total: 1 (33.3333%)
[cartographer_node-1] [0.668481, 0.673730)	                    	Count: 0 (0%)	Total: 1 (33.3333%)
[cartographer_node-1] [0.673730, 0.678979)	                    	Count: 0 (0%)	Total: 1 (33.3333%)
[cartographer_node-1] [0.678979, 0.684228)	                    	Count: 0 (0%)	Total: 1 (33.3333%)
[cartographer_node-1] [0.684228, 0.689477)	                    	Count: 0 (0%)	Total: 1 (33.3333%)
[cartographer_node-1] [0.689477, 0.694726)	                    	Count: 0 (0%)	Total: 1 (33.3333%)
[cartographer_node-1] [0.694726, 0.699975)	                    	Count: 0 (0%)	Total: 1 (33.3333%)
[cartographer_node-1] [0.699975, 0.705224]	       #############	Count: 2 (66.6667%)	Total: 3 (100%)
[cartographer_node-1] [INFO] [1778746547.601863073] [cartographer logger]: I0514 17:15:47.000000 36298 pose_graph_2d.cc:538] Remaining work items in queue: 0
[cartographer_node-1] [INFO] [1778746547.601915522] [cartographer logger]: I0514 17:15:47.000000 36298 constraint_builder_2d.cc:294] 0 computations resulted in 0 additional constraints.
[cartographer_node-1] [INFO] [1778746547.602154076] [cartographer logger]: I0514 17:15:47.000000 36298 constraint_builder_2d.cc:296] Score histogram:
[cartographer_node-1] Count: 3  Min: 0.652734  Max: 0.705224  Mean: 0.686425
[cartographer_node-1] [0.652734, 0.657983)	             #######	Count: 1 (33.3333%)	Total: 1 (33.3333%)
[cartographer_node-1] [0.657983, 0.663232)	                    	Count: 0 (0%)	Total: 1 (33.3333%)
[cartographer_node-1] [0.663232, 0.668481)	                    	Count: 0 (0%)	Total: 1 (33.3333%)
[cartographer_node-1] [0.668481, 0.673730)	                    	Count: 0 (0%)	Total: 1 (33.3333%)
[cartographer_node-1] [0.673730, 0.678979)	                    	Count: 0 (0%)	Total: 1 (33.3333%)
[cartographer_node-1] [0.678979, 0.684228)	                    	Count: 0 (0%)	Total: 1 (33.3333%)
[cartographer_node-1] [0.684228, 0.689477)	                    	Count: 0 (0%)	Total: 1 (33.3333%)
[cartographer_node-1] [0.689477, 0.694726)	                    	Count: 0 (0%)	Total: 1 (33.3333%)
[cartographer_node-1] [0.694726, 0.699975)	                    	Count: 0 (0%)	Total: 1 (33.3333%)
[cartographer_node-1] [0.699975, 0.705224]	       #############	Count: 2 (66.6667%)	Total: 3 (100%)
[cartographer_node-1] [INFO] [1778746547.653910629] [cartographer logger]: I0514 17:15:47.000000 36298 constraint_builder_2d.cc:279] Node (1, 114) with 200 points on submap (0, 4) matches with score 60.9%.
[cartographer_node-1] [INFO] [1778746547.654419170] [cartographer logger]: I0514 17:15:47.000000 36299 pose_graph_2d.cc:538] Remaining work items in queue: 1
[cartographer_node-1] [INFO] [1778746547.654437745] [cartographer logger]: I0514 17:15:47.000000 36299 constraint_builder_2d.cc:294] 1 computations resulted in 1 additional constraints.
[cartographer_node-1] [INFO] [1778746547.654569707] [cartographer logger]: I0514 17:15:47.000000 36299 constraint_builder_2d.cc:296] Score histogram:
[cartographer_node-1] Count: 4  Min: 0.608565  Max: 0.705224  Mean: 0.66696
[cartographer_node-1] [0.608565, 0.618231)	               #####	Count: 1 (25%)	Total: 1 (25%)
[cartographer_node-1] [0.618231, 0.627897)	                    	Count: 0 (0%)	Total: 1 (25%)
[cartographer_node-1] [0.627897, 0.637562)	                    	Count: 0 (0%)	Total: 1 (25%)
[cartographer_node-1] [0.637562, 0.647228)	                    	Count: 0 (0%)	Total: 1 (25%)
[cartographer_node-1] [0.647228, 0.656894)	               #####	Count: 1 (25%)	Total: 2 (50%)
[cartographer_node-1] [0.656894, 0.666560)	                    	Count: 0 (0%)	Total: 2 (50%)
[cartographer_node-1] [0.666560, 0.676226)	                    	Count: 0 (0%)	Total: 2 (50%)
[cartographer_node-1] [0.676226, 0.685892)	                    	Count: 0 (0%)	Total: 2 (50%)
[cartographer_node-1] [0.685892, 0.695558)	                    	Count: 0 (0%)	Total: 2 (50%)
[cartographer_node-1] [0.695558, 0.705224]	          ##########	Count: 2 (50%)	Total: 4 (100%)
[cartographer_node-1] [INFO] [1778746547.719391065] [cartographer logger]: I0514 17:15:47.000000 36299 pose_graph_2d.cc:538] Remaining work items in queue: 0
[cartographer_node-1] [INFO] [1778746547.719433016] [cartographer logger]: I0514 17:15:47.000000 36299 constraint_builder_2d.cc:294] 0 computations resulted in 0 additional constraints.
[cartographer_node-1] [INFO] [1778746547.719580282] [cartographer logger]: I0514 17:15:47.000000 36299 constraint_builder_2d.cc:296] Score histogram:
[cartographer_node-1] Count: 4  Min: 0.608565  Max: 0.705224  Mean: 0.66696
[cartographer_node-1] [0.608565, 0.618231)	               #####	Count: 1 (25%)	Total: 1 (25%)
[cartographer_node-1] [0.618231, 0.627897)	                    	Count: 0 (0%)	Total: 1 (25%)
[cartographer_node-1] [0.627897, 0.637562)	                    	Count: 0 (0%)	Total: 1 (25%)
[cartographer_node-1] [0.637562, 0.647228)	                    	Count: 0 (0%)	Total: 1 (25%)
[cartographer_node-1] [0.647228, 0.656894)	               #####	Count: 1 (25%)	Total: 2 (50%)
[cartographer_node-1] [0.656894, 0.666560)	                    	Count: 0 (0%)	Total: 2 (50%)
[cartographer_node-1] [0.666560, 0.676226)	                    	Count: 0 (0%)	Total: 2 (50%)
[cartographer_node-1] [0.676226, 0.685892)	                    	Count: 0 (0%)	Total: 2 (50%)
[cartographer_node-1] [0.685892, 0.695558)	                    	Count: 0 (0%)	Total: 2 (50%)
[cartographer_node-1] [0.695558, 0.705224]	          ##########	Count: 2 (50%)	Total: 4 (100%)
[cartographer_node-1] [INFO] [1778746547.804114076] [cartographer logger]: I0514 17:15:47.000000 36297 pose_graph_2d.cc:538] Remaining work items in queue: 0
[cartographer_node-1] [INFO] [1778746547.804144376] [cartographer logger]: I0514 17:15:47.000000 36297 constraint_builder_2d.cc:294] 0 computations resulted in 0 additional constraints.
[cartographer_node-1] [INFO] [1778746547.804183175] [cartographer logger]: I0514 17:15:47.000000 36297 constraint_builder_2d.cc:296] Score histogram:
[cartographer_node-1] Count: 4  Min: 0.608565  Max: 0.705224  Mean: 0.66696
[cartographer_node-1] [0.608565, 0.618231)	               #####	Count: 1 (25%)	Total: 1 (25%)
[cartographer_node-1] [0.618231, 0.627897)	                    	Count: 0 (0%)	Total: 1 (25%)
[cartographer_node-1] [0.627897, 0.637562)	                    	Count: 0 (0%)	Total: 1 (25%)
[cartographer_node-1] [0.637562, 0.647228)	                    	Count: 0 (0%)	Total: 1 (25%)
[cartographer_node-1] [0.647228, 0.656894)	               #####	Count: 1 (25%)	Total: 2 (50%)
[cartographer_node-1] [0.656894, 0.666560)	                    	Count: 0 (0%)	Total: 2 (50%)
[cartographer_node-1] [0.666560, 0.676226)	                    	Count: 0 (0%)	Total: 2 (50%)
[cartographer_node-1] [0.676226, 0.685892)	                    	Count: 0 (0%)	Total: 2 (50%)
[cartographer_node-1] [0.685892, 0.695558)	                    	Count: 0 (0%)	Total: 2 (50%)
[cartographer_node-1] [0.695558, 0.705224]	          ##########	Count: 2 (50%)	Total: 4 (100%)
[cartographer_node-1] [INFO] [1778746547.896025541] [cartographer logger]: I0514 17:15:47.000000 36297 pose_graph_2d.cc:538] Remaining work items in queue: 1
[cartographer_node-1] [INFO] [1778746547.896062673] [cartographer logger]: I0514 17:15:47.000000 36297 constraint_builder_2d.cc:294] 0 computations resulted in 0 additional constraints.
[cartographer_node-1] [INFO] [1778746547.896241840] [cartographer logger]: I0514 17:15:47.000000 36297 constraint_builder_2d.cc:296] Score histogram:
[cartographer_node-1] Count: 4  Min: 0.608565  Max: 0.705224  Mean: 0.66696
[cartographer_node-1] [0.608565, 0.618231)	               #####	Count: 1 (25%)	Total: 1 (25%)
[cartographer_node-1] [0.618231, 0.627897)	                    	Count: 0 (0%)	Total: 1 (25%)
[cartographer_node-1] [0.627897, 0.637562)	                    	Count: 0 (0%)	Total: 1 (25%)
[cartographer_node-1] [0.637562, 0.647228)	                    	Count: 0 (0%)	Total: 1 (25%)
[cartographer_node-1] [0.647228, 0.656894)	               #####	Count: 1 (25%)	Total: 2 (50%)
[cartographer_node-1] [0.656894, 0.666560)	                    	Count: 0 (0%)	Total: 2 (50%)
[cartographer_node-1] [0.666560, 0.676226)	                    	Count: 0 (0%)	Total: 2 (50%)
[cartographer_node-1] [0.676226, 0.685892)	                    	Count: 0 (0%)	Total: 2 (50%)
[cartographer_node-1] [0.685892, 0.695558)	                    	Count: 0 (0%)	Total: 2 (50%)
[cartographer_node-1] [0.695558, 0.705224]	          ##########	Count: 2 (50%)	Total: 4 (100%)
[cartographer_node-1] [INFO] [1778746547.954117969] [cartographer logger]: I0514 17:15:47.000000 36299 pose_graph_2d.cc:538] Remaining work items in queue: 1
[cartographer_node-1] [INFO] [1778746547.978720754] [cartographer logger]: I0514 17:15:47.000000 36297 constraint_builder_2d.cc:294] 1 computations resulted in 0 additional constraints.
[cartographer_node-1] [INFO] [1778746547.978747649] [cartographer logger]: I0514 17:15:47.000000 36297 constraint_builder_2d.cc:296] Score histogram:
[cartographer_node-1] Count: 4  Min: 0.608565  Max: 0.705224  Mean: 0.66696
[cartographer_node-1] [0.608565, 0.618231)	               #####	Count: 1 (25%)	Total: 1 (25%)
[cartographer_node-1] [0.618231, 0.627897)	                    	Count: 0 (0%)	Total: 1 (25%)
[cartographer_node-1] [0.627897, 0.637562)	                    	Count: 0 (0%)	Total: 1 (25%)
[cartographer_node-1] [0.637562, 0.647228)	                    	Count: 0 (0%)	Total: 1 (25%)
[cartographer_node-1] [0.647228, 0.656894)	               #####	Count: 1 (25%)	Total: 2 (50%)
[cartographer_node-1] [0.656894, 0.666560)	                    	Count: 0 (0%)	Total: 2 (50%)
[cartographer_node-1] [0.666560, 0.676226)	                    	Count: 0 (0%)	Total: 2 (50%)
[cartographer_node-1] [0.676226, 0.685892)	                    	Count: 0 (0%)	Total: 2 (50%)
[cartographer_node-1] [0.685892, 0.695558)	                    	Count: 0 (0%)	Total: 2 (50%)
[cartographer_node-1] [0.695558, 0.705224]	          ##########	Count: 2 (50%)	Total: 4 (100%)
[cartographer_node-1] [INFO] [1778746548.023960784] [cartographer logger]: I0514 17:15:48.000000 36299 pose_graph_2d.cc:538] Remaining work items in queue: 1
[cartographer_node-1] [INFO] [1778746548.024008941] [cartographer logger]: I0514 17:15:48.000000 36299 constraint_builder_2d.cc:294] 0 computations resulted in 0 additional constraints.
[cartographer_node-1] [INFO] [1778746548.024257644] [cartographer logger]: I0514 17:15:48.000000 36299 constraint_builder_2d.cc:296] Score histogram:
[cartographer_node-1] Count: 4  Min: 0.608565  Max: 0.705224  Mean: 0.66696
[cartographer_node-1] [0.608565, 0.618231)	               #####	Count: 1 (25%)	Total: 1 (25%)
[cartographer_node-1] [0.618231, 0.627897)	                    	Count: 0 (0%)	Total: 1 (25%)
[cartographer_node-1] [0.627897, 0.637562)	                    	Count: 0 (0%)	Total: 1 (25%)
[cartographer_node-1] [0.637562, 0.647228)	                    	Count: 0 (0%)	Total: 1 (25%)
[cartographer_node-1] [0.647228, 0.656894)	               #####	Count: 1 (25%)	Total: 2 (50%)
[cartographer_node-1] [0.656894, 0.666560)	                    	Count: 0 (0%)	Total: 2 (50%)
[cartographer_node-1] [0.666560, 0.676226)	                    	Count: 0 (0%)	Total: 2 (50%)
[cartographer_node-1] [0.676226, 0.685892)	                    	Count: 0 (0%)	Total: 2 (50%)
[cartographer_node-1] [0.685892, 0.695558)	                    	Count: 0 (0%)	Total: 2 (50%)
[cartographer_node-1] [0.695558, 0.705224]	          ##########	Count: 2 (50%)	Total: 4 (100%)
[cartographer_node-1] [INFO] [1778746548.216656242] [cartographer logger]: I0514 17:15:48.000000 36297 pose_graph_2d.cc:538] Remaining work items in queue: 0
[cartographer_node-1] [INFO] [1778746548.216738759] [cartographer logger]: I0514 17:15:48.000000 36297 constraint_builder_2d.cc:294] 0 computations resulted in 0 additional constraints.
[cartographer_node-1] [INFO] [1778746548.216921629] [cartographer logger]: I0514 17:15:48.000000 36297 constraint_builder_2d.cc:296] Score histogram:
[cartographer_node-1] Count: 4  Min: 0.608565  Max: 0.705224  Mean: 0.66696
[cartographer_node-1] [0.608565, 0.618231)	               #####	Count: 1 (25%)	Total: 1 (25%)
[cartographer_node-1] [0.618231, 0.627897)	                    	Count: 0 (0%)	Total: 1 (25%)
[cartographer_node-1] [0.627897, 0.637562)	                    	Count: 0 (0%)	Total: 1 (25%)
[cartographer_node-1] [0.637562, 0.647228)	                    	Count: 0 (0%)	Total: 1 (25%)
[cartographer_node-1] [0.647228, 0.656894)	               #####	Count: 1 (25%)	Total: 2 (50%)
[cartographer_node-1] [0.656894, 0.666560)	                    	Count: 0 (0%)	Total: 2 (50%)
[cartographer_node-1] [0.666560, 0.676226)	                    	Count: 0 (0%)	Total: 2 (50%)
[cartographer_node-1] [0.676226, 0.685892)	                    	Count: 0 (0%)	Total: 2 (50%)
[cartographer_node-1] [0.685892, 0.695558)	                    	Count: 0 (0%)	Total: 2 (50%)
[cartographer_node-1] [0.695558, 0.705224]	          ##########	Count: 2 (50%)	Total: 4 (100%)
[cartographer_node-1] [INFO] [1778746548.319361761] [cartographer logger]: I0514 17:15:48.000000 36299 pose_graph_2d.cc:538] Remaining work items in queue: 1
[cartographer_node-1] [INFO] [1778746548.319386785] [cartographer logger]: I0514 17:15:48.000000 36299 constraint_builder_2d.cc:294] 0 computations resulted in 0 additional constraints.
[cartographer_node-1] [INFO] [1778746548.319566548] [cartographer logger]: I0514 17:15:48.000000 36299 constraint_builder_2d.cc:296] Score histogram:
[cartographer_node-1] Count: 4  Min: 0.608565  Max: 0.705224  Mean: 0.66696
[cartographer_node-1] [0.608565, 0.618231)	               #####	Count: 1 (25%)	Total: 1 (25%)
[cartographer_node-1] [0.618231, 0.627897)	                    	Count: 0 (0%)	Total: 1 (25%)
[cartographer_node-1] [0.627897, 0.637562)	                    	Count: 0 (0%)	Total: 1 (25%)
[cartographer_node-1] [0.637562, 0.647228)	                    	Count: 0 (0%)	Total: 1 (25%)
[cartographer_node-1] [0.647228, 0.656894)	               #####	Count: 1 (25%)	Total: 2 (50%)
[cartographer_node-1] [0.656894, 0.666560)	                    	Count: 0 (0%)	Total: 2 (50%)
[cartographer_node-1] [0.666560, 0.676226)	                    	Count: 0 (0%)	Total: 2 (50%)
[cartographer_node-1] [0.676226, 0.685892)	                    	Count: 0 (0%)	Total: 2 (50%)
[cartographer_node-1] [0.685892, 0.695558)	                    	Count: 0 (0%)	Total: 2 (50%)
[cartographer_node-1] [0.695558, 0.705224]	          ##########	Count: 2 (50%)	Total: 4 (100%)
[cartographer_node-1] [INFO] [1778746548.403359312] [cartographer logger]: I0514 17:15:48.000000 36300 pose_graph_2d.cc:538] Remaining work items in queue: 1
[cartographer_node-1] [INFO] [1778746548.403380300] [cartographer logger]: I0514 17:15:48.000000 36300 constraint_builder_2d.cc:294] 0 computations resulted in 0 additional constraints.
[cartographer_node-1] [INFO] [1778746548.403541801] [cartographer logger]: I0514 17:15:48.000000 36300 constraint_builder_2d.cc:296] Score histogram:
[cartographer_node-1] Count: 4  Min: 0.608565  Max: 0.705224  Mean: 0.66696
[cartographer_node-1] [0.608565, 0.618231)	               #####	Count: 1 (25%)	Total: 1 (25%)
[cartographer_node-1] [0.618231, 0.627897)	                    	Count: 0 (0%)	Total: 1 (25%)
[cartographer_node-1] [0.627897, 0.637562)	                    	Count: 0 (0%)	Total: 1 (25%)
[cartographer_node-1] [0.637562, 0.647228)	                    	Count: 0 (0%)	Total: 1 (25%)
[cartographer_node-1] [0.647228, 0.656894)	               #####	Count: 1 (25%)	Total: 2 (50%)
[cartographer_node-1] [0.656894, 0.666560)	                    	Count: 0 (0%)	Total: 2 (50%)
[cartographer_node-1] [0.666560, 0.676226)	                    	Count: 0 (0%)	Total: 2 (50%)
[cartographer_node-1] [0.676226, 0.685892)	                    	Count: 0 (0%)	Total: 2 (50%)
[cartographer_node-1] [0.685892, 0.695558)	                    	Count: 0 (0%)	Total: 2 (50%)
[cartographer_node-1] [0.695558, 0.705224]	          ##########	Count: 2 (50%)	Total: 4 (100%)
[cartographer_node-1] [INFO] [1778746548.464338562] [cartographer logger]: I0514 17:15:48.000000 36300 constraint_builder_2d.cc:279] Node (1, 142) with 166 points on submap (0, 12) matches with score 61.1%.
[cartographer_node-1] [INFO] [1778746548.478948057] [cartographer logger]: I0514 17:15:48.000000 36299 pose_graph_2d.cc:538] Remaining work items in queue: 1
[cartographer_node-1] [INFO] [1778746548.478970259] [cartographer logger]: I0514 17:15:48.000000 36299 constraint_builder_2d.cc:294] 1 computations resulted in 1 additional constraints.
[cartographer_node-1] [INFO] [1778746548.479303835] [cartographer logger]: I0514 17:15:48.000000 36299 constraint_builder_2d.cc:296] Score histogram:
[cartographer_node-1] Count: 5  Min: 0.608565  Max: 0.705224  Mean: 0.655744
[cartographer_node-1] [0.608565, 0.618231)	            ########	Count: 2 (40%)	Total: 2 (40%)
[cartographer_node-1] [0.618231, 0.627897)	                    	Count: 0 (0%)	Total: 2 (40%)
[cartographer_node-1] [0.627897, 0.637562)	                    	Count: 0 (0%)	Total: 2 (40%)
[cartographer_node-1] [0.637562, 0.647228)	                    	Count: 0 (0%)	Total: 2 (40%)
[cartographer_node-1] [0.647228, 0.656894)	                ####	Count: 1 (20%)	Total: 3 (60%)
[cartographer_node-1] [0.656894, 0.666560)	                    	Count: 0 (0%)	Total: 3 (60%)
[cartographer_node-1] [0.666560, 0.676226)	                    	Count: 0 (0%)	Total: 3 (60%)
[cartographer_node-1] [0.676226, 0.685892)	                    	Count: 0 (0%)	Total: 3 (60%)
[cartographer_node-1] [0.685892, 0.695558)	                    	Count: 0 (0%)	Total: 3 (60%)
[cartographer_node-1] [0.695558, 0.705224]	            ########	Count: 2 (40%)	Total: 5 (100%)
[cartographer_node-1] [INFO] [1778746548.507294060] [cartographer logger]: I0514 17:15:48.000000 36298 pose_graph_2d.cc:538] Remaining work items in queue: 0
[cartographer_node-1] [INFO] [1778746548.507317404] [cartographer logger]: I0514 17:15:48.000000 36298 constraint_builder_2d.cc:294] 0 computations resulted in 0 additional constraints.
[cartographer_node-1] [INFO] [1778746548.507340677] [cartographer logger]: I0514 17:15:48.000000 36298 constraint_builder_2d.cc:296] Score histogram:
[cartographer_node-1] Count: 5  Min: 0.608565  Max: 0.705224  Mean: 0.655744
[cartographer_node-1] [0.608565, 0.618231)	            ########	Count: 2 (40%)	Total: 2 (40%)
[cartographer_node-1] [0.618231, 0.627897)	                    	Count: 0 (0%)	Total: 2 (40%)
[cartographer_node-1] [0.627897, 0.637562)	                    	Count: 0 (0%)	Total: 2 (40%)
[cartographer_node-1] [0.637562, 0.647228)	                    	Count: 0 (0%)	Total: 2 (40%)
[cartographer_node-1] [0.647228, 0.656894)	                ####	Count: 1 (20%)	Total: 3 (60%)
[cartographer_node-1] [0.656894, 0.666560)	                    	Count: 0 (0%)	Total: 3 (60%)
[cartographer_node-1] [0.666560, 0.676226)	                    	Count: 0 (0%)	Total: 3 (60%)
[cartographer_node-1] [0.676226, 0.685892)	                    	Count: 0 (0%)	Total: 3 (60%)
[cartographer_node-1] [0.685892, 0.695558)	                    	Count: 0 (0%)	Total: 3 (60%)
[cartographer_node-1] [0.695558, 0.705224]	            ########	Count: 2 (40%)	Total: 5 (100%)
[cartographer_node-1] [INFO] [1778746548.603895454] [cartographer logger]: I0514 17:15:48.000000 36300 pose_graph_2d.cc:538] Remaining work items in queue: 1
[cartographer_node-1] [INFO] [1778746548.603937621] [cartographer logger]: I0514 17:15:48.000000 36300 constraint_builder_2d.cc:294] 0 computations resulted in 0 additional constraints.
[cartographer_node-1] [INFO] [1778746548.603995044] [cartographer logger]: I0514 17:15:48.000000 36300 constraint_builder_2d.cc:296] Score histogram:
[cartographer_node-1] Count: 5  Min: 0.608565  Max: 0.705224  Mean: 0.655744
[cartographer_node-1] [0.608565, 0.618231)	            ########	Count: 2 (40%)	Total: 2 (40%)
[cartographer_node-1] [0.618231, 0.627897)	                    	Count: 0 (0%)	Total: 2 (40%)
[cartographer_node-1] [0.627897, 0.637562)	                    	Count: 0 (0%)	Total: 2 (40%)
[cartographer_node-1] [0.637562, 0.647228)	                    	Count: 0 (0%)	Total: 2 (40%)
[cartographer_node-1] [0.647228, 0.656894)	                ####	Count: 1 (20%)	Total: 3 (60%)
[cartographer_node-1] [0.656894, 0.666560)	                    	Count: 0 (0%)	Total: 3 (60%)
[cartographer_node-1] [0.666560, 0.676226)	                    	Count: 0 (0%)	Total: 3 (60%)
[cartographer_node-1] [0.676226, 0.685892)	                    	Count: 0 (0%)	Total: 3 (60%)
[cartographer_node-1] [0.685892, 0.695558)	                    	Count: 0 (0%)	Total: 3 (60%)
[cartographer_node-1] [0.695558, 0.705224]	            ########	Count: 2 (40%)	Total: 5 (100%)
[cartographer_node-1] [INFO] [1778746548.696272590] [cartographer logger]: I0514 17:15:48.000000 36299 pose_graph_2d.cc:538] Remaining work items in queue: 1
[cartographer_node-1] [INFO] [1778746548.696314249] [cartographer logger]: I0514 17:15:48.000000 36299 constraint_builder_2d.cc:294] 0 computations resulted in 0 additional constraints.
[cartographer_node-1] [INFO] [1778746548.696585115] [cartographer logger]: I0514 17:15:48.000000 36299 constraint_builder_2d.cc:296] Score histogram:
[cartographer_node-1] Count: 5  Min: 0.608565  Max: 0.705224  Mean: 0.655744
[cartographer_node-1] [0.608565, 0.618231)	            ########	Count: 2 (40%)	Total: 2 (40%)
[cartographer_node-1] [0.618231, 0.627897)	                    	Count: 0 (0%)	Total: 2 (40%)
[cartographer_node-1] [0.627897, 0.637562)	                    	Count: 0 (0%)	Total: 2 (40%)
[cartographer_node-1] [0.637562, 0.647228)	                    	Count: 0 (0%)	Total: 2 (40%)
[cartographer_node-1] [0.647228, 0.656894)	                ####	Count: 1 (20%)	Total: 3 (60%)
[cartographer_node-1] [0.656894, 0.666560)	                    	Count: 0 (0%)	Total: 3 (60%)
[cartographer_node-1] [0.666560, 0.676226)	                    	Count: 0 (0%)	Total: 3 (60%)
[cartographer_node-1] [0.676226, 0.685892)	                    	Count: 0 (0%)	Total: 3 (60%)
[cartographer_node-1] [0.685892, 0.695558)	                    	Count: 0 (0%)	Total: 3 (60%)
[cartographer_node-1] [0.695558, 0.705224]	            ########	Count: 2 (40%)	Total: 5 (100%)
[cartographer_node-1] [INFO] [1778746548.783591129] [cartographer logger]: I0514 17:15:48.000000 36299 pose_graph_2d.cc:538] Remaining work items in queue: 1
[cartographer_node-1] [INFO] [1778746548.783635344] [cartographer logger]: I0514 17:15:48.000000 36299 constraint_builder_2d.cc:294] 0 computations resulted in 0 additional constraints.
[cartographer_node-1] [INFO] [1778746548.783733882] [cartographer logger]: I0514 17:15:48.000000 36299 constraint_builder_2d.cc:296] Score histogram:
[cartographer_node-1] Count: 5  Min: 0.608565  Max: 0.705224  Mean: 0.655744
[cartographer_node-1] [0.608565, 0.618231)	            ########	Count: 2 (40%)	Total: 2 (40%)
[cartographer_node-1] [0.618231, 0.627897)	                    	Count: 0 (0%)	Total: 2 (40%)
[cartographer_node-1] [0.627897, 0.637562)	                    	Count: 0 (0%)	Total: 2 (40%)
[cartographer_node-1] [0.637562, 0.647228)	                    	Count: 0 (0%)	Total: 2 (40%)
[cartographer_node-1] [0.647228, 0.656894)	                ####	Count: 1 (20%)	Total: 3 (60%)
[cartographer_node-1] [0.656894, 0.666560)	                    	Count: 0 (0%)	Total: 3 (60%)
[cartographer_node-1] [0.666560, 0.676226)	                    	Count: 0 (0%)	Total: 3 (60%)
[cartographer_node-1] [0.676226, 0.685892)	                    	Count: 0 (0%)	Total: 3 (60%)
[cartographer_node-1] [0.685892, 0.695558)	                    	Count: 0 (0%)	Total: 3 (60%)
[cartographer_node-1] [0.695558, 0.705224]	            ########	Count: 2 (40%)	Total: 5 (100%)
[cartographer_node-1] [INFO] [1778746548.859838987] [cartographer logger]: I0514 17:15:48.000000 36300 constraint_builder_2d.cc:279] Node (1, 157) with 210 points on submap (0, 2) matches with score 77.9%.
[cartographer_node-1] [INFO] [1778746548.868829424] [cartographer logger]: I0514 17:15:48.000000 36299 pose_graph_2d.cc:538] Remaining work items in queue: 1
[cartographer_node-1] [INFO] [1778746548.868855756] [cartographer logger]: I0514 17:15:48.000000 36299 constraint_builder_2d.cc:294] 1 computations resulted in 1 additional constraints.
[cartographer_node-1] [INFO] [1778746548.869043011] [cartographer logger]: I0514 17:15:48.000000 36299 constraint_builder_2d.cc:296] Score histogram:
[cartographer_node-1] Count: 6  Min: 0.608565  Max: 0.779021  Mean: 0.67629
[cartographer_node-1] [0.608565, 0.625610)	             #######	Count: 2 (33.3333%)	Total: 2 (33.3333%)
[cartographer_node-1] [0.625610, 0.642656)	                    	Count: 0 (0%)	Total: 2 (33.3333%)
[cartographer_node-1] [0.642656, 0.659702)	                 ###	Count: 1 (16.6667%)	Total: 3 (50%)
[cartographer_node-1] [0.659702, 0.676747)	                    	Count: 0 (0%)	Total: 3 (50%)
[cartographer_node-1] [0.676747, 0.693793)	                    	Count: 0 (0%)	Total: 3 (50%)
[cartographer_node-1] [0.693793, 0.710839)	             #######	Count: 2 (33.3333%)	Total: 5 (83.3333%)
[cartographer_node-1] [0.710839, 0.727884)	                    	Count: 0 (0%)	Total: 5 (83.3333%)
[cartographer_node-1] [0.727884, 0.744930)	                    	Count: 0 (0%)	Total: 5 (83.3333%)
[cartographer_node-1] [0.744930, 0.761976)	                    	Count: 0 (0%)	Total: 5 (83.3333%)
[cartographer_node-1] [0.761976, 0.779021]	                 ###	Count: 1 (16.6667%)	Total: 6 (100%)
[cartographer_node-1] [INFO] [1778746548.929703023] [cartographer logger]: I0514 17:15:48.000000 36300 pose_graph_2d.cc:538] Remaining work items in queue: 0
[cartographer_node-1] [INFO] [1778746548.929733921] [cartographer logger]: I0514 17:15:48.000000 36300 constraint_builder_2d.cc:294] 0 computations resulted in 0 additional constraints.
[cartographer_node-1] [INFO] [1778746548.929761432] [cartographer logger]: I0514 17:15:48.000000 36300 constraint_builder_2d.cc:296] Score histogram:
[cartographer_node-1] Count: 6  Min: 0.608565  Max: 0.779021  Mean: 0.67629
[cartographer_node-1] [0.608565, 0.625610)	             #######	Count: 2 (33.3333%)	Total: 2 (33.3333%)
[cartographer_node-1] [0.625610, 0.642656)	                    	Count: 0 (0%)	Total: 2 (33.3333%)
[cartographer_node-1] [0.642656, 0.659702)	                 ###	Count: 1 (16.6667%)	Total: 3 (50%)
[cartographer_node-1] [0.659702, 0.676747)	                    	Count: 0 (0%)	Total: 3 (50%)
[cartographer_node-1] [0.676747, 0.693793)	                    	Count: 0 (0%)	Total: 3 (50%)
[cartographer_node-1] [0.693793, 0.710839)	             #######	Count: 2 (33.3333%)	Total: 5 (83.3333%)
[cartographer_node-1] [0.710839, 0.727884)	                    	Count: 0 (0%)	Total: 5 (83.3333%)
[cartographer_node-1] [0.727884, 0.744930)	                    	Count: 0 (0%)	Total: 5 (83.3333%)
[cartographer_node-1] [0.744930, 0.761976)	                    	Count: 0 (0%)	Total: 5 (83.3333%)
[cartographer_node-1] [0.761976, 0.779021]	                 ###	Count: 1 (16.6667%)	Total: 6 (100%)
[cartographer_node-1] [INFO] [1778746548.991048285] [cartographer logger]: I0514 17:15:48.000000 36300 pose_graph_2d.cc:538] Remaining work items in queue: 0
[cartographer_node-1] [INFO] [1778746548.991080519] [cartographer logger]: I0514 17:15:48.000000 36300 constraint_builder_2d.cc:294] 0 computations resulted in 0 additional constraints.
[cartographer_node-1] [INFO] [1778746548.991293654] [cartographer logger]: I0514 17:15:48.000000 36300 constraint_builder_2d.cc:296] Score histogram:
[cartographer_node-1] Count: 6  Min: 0.608565  Max: 0.779021  Mean: 0.67629
[cartographer_node-1] [0.608565, 0.625610)	             #######	Count: 2 (33.3333%)	Total: 2 (33.3333%)
[cartographer_node-1] [0.625610, 0.642656)	                    	Count: 0 (0%)	Total: 2 (33.3333%)
[cartographer_node-1] [0.642656, 0.659702)	                 ###	Count: 1 (16.6667%)	Total: 3 (50%)
[cartographer_node-1] [0.659702, 0.676747)	                    	Count: 0 (0%)	Total: 3 (50%)
[cartographer_node-1] [0.676747, 0.693793)	                    	Count: 0 (0%)	Total: 3 (50%)
[cartographer_node-1] [0.693793, 0.710839)	             #######	Count: 2 (33.3333%)	Total: 5 (83.3333%)
[cartographer_node-1] [0.710839, 0.727884)	                    	Count: 0 (0%)	Total: 5 (83.3333%)
[cartographer_node-1] [0.727884, 0.744930)	                    	Count: 0 (0%)	Total: 5 (83.3333%)
[cartographer_node-1] [0.744930, 0.761976)	                    	Count: 0 (0%)	Total: 5 (83.3333%)
[cartographer_node-1] [0.761976, 0.779021]	                 ###	Count: 1 (16.6667%)	Total: 6 (100%)
[cartographer_node-1] [INFO] [1778746549.105775548] [cartographer logger]: I0514 17:15:49.000000 36300 pose_graph_2d.cc:538] Remaining work items in queue: 1
[cartographer_node-1] [INFO] [1778746549.105798363] [cartographer logger]: I0514 17:15:49.000000 36300 constraint_builder_2d.cc:294] 0 computations resulted in 0 additional constraints.
[cartographer_node-1] [INFO] [1778746549.105985665] [cartographer logger]: I0514 17:15:49.000000 36300 constraint_builder_2d.cc:296] Score histogram:
[cartographer_node-1] Count: 6  Min: 0.608565  Max: 0.779021  Mean: 0.67629
[cartographer_node-1] [0.608565, 0.625610)	             #######	Count: 2 (33.3333%)	Total: 2 (33.3333%)
[cartographer_node-1] [0.625610, 0.642656)	                    	Count: 0 (0%)	Total: 2 (33.3333%)
[cartographer_node-1] [0.642656, 0.659702)	                 ###	Count: 1 (16.6667%)	Total: 3 (50%)
[cartographer_node-1] [0.659702, 0.676747)	                    	Count: 0 (0%)	Total: 3 (50%)
[cartographer_node-1] [0.676747, 0.693793)	                    	Count: 0 (0%)	Total: 3 (50%)
[cartographer_node-1] [0.693793, 0.710839)	             #######	Count: 2 (33.3333%)	Total: 5 (83.3333%)
[cartographer_node-1] [0.710839, 0.727884)	                    	Count: 0 (0%)	Total: 5 (83.3333%)
[cartographer_node-1] [0.727884, 0.744930)	                    	Count: 0 (0%)	Total: 5 (83.3333%)
[cartographer_node-1] [0.744930, 0.761976)	                    	Count: 0 (0%)	Total: 5 (83.3333%)
[cartographer_node-1] [0.761976, 0.779021]	                 ###	Count: 1 (16.6667%)	Total: 6 (100%)
[cartographer_node-1] [INFO] [1778746549.148060175] [cartographer logger]: I0514 17:15:49.000000 36300 pose_graph_2d.cc:538] Remaining work items in queue: 0
[cartographer_node-1] [INFO] [1778746549.148083336] [cartographer logger]: I0514 17:15:49.000000 36300 constraint_builder_2d.cc:294] 0 computations resulted in 0 additional constraints.
[cartographer_node-1] [INFO] [1778746549.148098711] [cartographer logger]: I0514 17:15:49.000000 36300 constraint_builder_2d.cc:296] Score histogram:
[cartographer_node-1] Count: 6  Min: 0.608565  Max: 0.779021  Mean: 0.67629
[cartographer_node-1] [0.608565, 0.625610)	             #######	Count: 2 (33.3333%)	Total: 2 (33.3333%)
[cartographer_node-1] [0.625610, 0.642656)	                    	Count: 0 (0%)	Total: 2 (33.3333%)
[cartographer_node-1] [0.642656, 0.659702)	                 ###	Count: 1 (16.6667%)	Total: 3 (50%)
[cartographer_node-1] [0.659702, 0.676747)	                    	Count: 0 (0%)	Total: 3 (50%)
[cartographer_node-1] [0.676747, 0.693793)	                    	Count: 0 (0%)	Total: 3 (50%)
[cartographer_node-1] [0.693793, 0.710839)	             #######	Count: 2 (33.3333%)	Total: 5 (83.3333%)
[cartographer_node-1] [0.710839, 0.727884)	                    	Count: 0 (0%)	Total: 5 (83.3333%)
[cartographer_node-1] [0.727884, 0.744930)	                    	Count: 0 (0%)	Total: 5 (83.3333%)
[cartographer_node-1] [0.744930, 0.761976)	                    	Count: 0 (0%)	Total: 5 (83.3333%)
[cartographer_node-1] [0.761976, 0.779021]	                 ###	Count: 1 (16.6667%)	Total: 6 (100%)
[cartographer_node-1] [INFO] [1778746549.229714535] [cartographer logger]: I0514 17:15:49.000000 36299 pose_graph_2d.cc:538] Remaining work items in queue: 0
[cartographer_node-1] [INFO] [1778746549.229763759] [cartographer logger]: I0514 17:15:49.000000 36299 constraint_builder_2d.cc:294] 1 computations resulted in 0 additional constraints.
[cartographer_node-1] [INFO] [1778746549.229853965] [cartographer logger]: I0514 17:15:49.000000 36299 constraint_builder_2d.cc:296] Score histogram:
[cartographer_node-1] Count: 6  Min: 0.608565  Max: 0.779021  Mean: 0.67629
[cartographer_node-1] [0.608565, 0.625610)	             #######	Count: 2 (33.3333%)	Total: 2 (33.3333%)
[cartographer_node-1] [0.625610, 0.642656)	                    	Count: 0 (0%)	Total: 2 (33.3333%)
[cartographer_node-1] [0.642656, 0.659702)	                 ###	Count: 1 (16.6667%)	Total: 3 (50%)
[cartographer_node-1] [0.659702, 0.676747)	                    	Count: 0 (0%)	Total: 3 (50%)
[cartographer_node-1] [0.676747, 0.693793)	                    	Count: 0 (0%)	Total: 3 (50%)
[cartographer_node-1] [0.693793, 0.710839)	             #######	Count: 2 (33.3333%)	Total: 5 (83.3333%)
[cartographer_node-1] [0.710839, 0.727884)	                    	Count: 0 (0%)	Total: 5 (83.3333%)
[cartographer_node-1] [0.727884, 0.744930)	                    	Count: 0 (0%)	Total: 5 (83.3333%)
[cartographer_node-1] [0.744930, 0.761976)	                    	Count: 0 (0%)	Total: 5 (83.3333%)
[cartographer_node-1] [0.761976, 0.779021]	                 ###	Count: 1 (16.6667%)	Total: 6 (100%)
[cartographer_node-1] [INFO] [1778746549.325277690] [cartographer logger]: I0514 17:15:49.000000 36299 pose_graph_2d.cc:538] Remaining work items in queue: 1
[cartographer_node-1] [INFO] [1778746549.325303613] [cartographer logger]: I0514 17:15:49.000000 36299 constraint_builder_2d.cc:294] 0 computations resulted in 0 additional constraints.
[cartographer_node-1] [INFO] [1778746549.325357920] [cartographer logger]: I0514 17:15:49.000000 36299 constraint_builder_2d.cc:296] Score histogram:
[cartographer_node-1] Count: 6  Min: 0.608565  Max: 0.779021  Mean: 0.67629
[cartographer_node-1] [0.608565, 0.625610)	             #######	Count: 2 (33.3333%)	Total: 2 (33.3333%)
[cartographer_node-1] [0.625610, 0.642656)	                    	Count: 0 (0%)	Total: 2 (33.3333%)
[cartographer_node-1] [0.642656, 0.659702)	                 ###	Count: 1 (16.6667%)	Total: 3 (50%)
[cartographer_node-1] [0.659702, 0.676747)	                    	Count: 0 (0%)	Total: 3 (50%)
[cartographer_node-1] [0.676747, 0.693793)	                    	Count: 0 (0%)	Total: 3 (50%)
[cartographer_node-1] [0.693793, 0.710839)	             #######	Count: 2 (33.3333%)	Total: 5 (83.3333%)
[cartographer_node-1] [0.710839, 0.727884)	                    	Count: 0 (0%)	Total: 5 (83.3333%)
[cartographer_node-1] [0.727884, 0.744930)	                    	Count: 0 (0%)	Total: 5 (83.3333%)
[cartographer_node-1] [0.744930, 0.761976)	                    	Count: 0 (0%)	Total: 5 (83.3333%)
[cartographer_node-1] [0.761976, 0.779021]	                 ###	Count: 1 (16.6667%)	Total: 6 (100%)
[cartographer_node-1] [INFO] [1778746549.387222501] [cartographer logger]: I0514 17:15:49.000000 36300 pose_graph_2d.cc:538] Remaining work items in queue: 1
[cartographer_node-1] [INFO] [1778746549.405018207] [cartographer logger]: I0514 17:15:49.000000 36258 pose_graph_2d.cc:148] Inserted submap (1, 2).
[cartographer_node-1] [INFO] [1778746549.440143882] [cartographer logger]: I0514 17:15:49.000000 36299 constraint_builder_2d.cc:279] Node (0, 1200) with 200 points on submap (1, 0) matches with score 72.6%.
[cartographer_node-1] [INFO] [1778746549.483849764] [cartographer logger]: I0514 17:15:49.000000 36299 constraint_builder_2d.cc:279] Node (0, 1000) with 203 points on submap (1, 0) matches with score 74.9%.
[cartographer_node-1] [INFO] [1778746549.488797357] [cartographer logger]: I0514 17:15:49.000000 36300 constraint_builder_2d.cc:279] Node (0, 400) with 204 points on submap (1, 0) matches with score 75.6%.
[cartographer_node-1] [INFO] [1778746549.540736895] [cartographer logger]: I0514 17:15:49.000000 36298 constraint_builder_2d.cc:294] 7 computations resulted in 3 additional constraints.
[cartographer_node-1] [INFO] [1778746549.540769299] [cartographer logger]: I0514 17:15:49.000000 36298 constraint_builder_2d.cc:296] Score histogram:
[cartographer_node-1] Count: 9  Min: 0.608565  Max: 0.779021  Mean: 0.698826
[cartographer_node-1] [0.608565, 0.625610)	                ####	Count: 2 (22.2222%)	Total: 2 (22.2222%)
[cartographer_node-1] [0.625610, 0.642656)	                    	Count: 0 (0%)	Total: 2 (22.2222%)
[cartographer_node-1] [0.642656, 0.659702)	                  ##	Count: 1 (11.1111%)	Total: 3 (33.3333%)
[cartographer_node-1] [0.659702, 0.676747)	                    	Count: 0 (0%)	Total: 3 (33.3333%)
[cartographer_node-1] [0.676747, 0.693793)	                    	Count: 0 (0%)	Total: 3 (33.3333%)
[cartographer_node-1] [0.693793, 0.710839)	                ####	Count: 2 (22.2222%)	Total: 5 (55.5556%)
[cartographer_node-1] [0.710839, 0.727884)	                  ##	Count: 1 (11.1111%)	Total: 6 (66.6667%)
[cartographer_node-1] [0.727884, 0.744930)	                    	Count: 0 (0%)	Total: 6 (66.6667%)
[cartographer_node-1] [0.744930, 0.761976)	                ####	Count: 2 (22.2222%)	Total: 8 (88.8889%)
[cartographer_node-1] [0.761976, 0.779021]	                  ##	Count: 1 (11.1111%)	Total: 9 (100%)
[cartographer_node-1] [INFO] [1778746549.559291841] [cartographer logger]: I0514 17:15:49.000000 36298 pose_graph_2d.cc:538] Remaining work items in queue: 11
[cartographer_node-1] [INFO] [1778746549.560553381] [cartographer logger]: I0514 17:15:49.000000 36299 constraint_builder_2d.cc:279] Node (1, 180) with 204 points on submap (1, 0) differs by translation 0.00 rotation 0.000 with score 82.4%.
[cartographer_node-1] [INFO] [1778746549.560573049] [cartographer logger]: I0514 17:15:49.000000 36299 constraint_builder_2d.cc:294] 1 computations resulted in 1 additional constraints.
[cartographer_node-1] [INFO] [1778746549.560599045] [cartographer logger]: I0514 17:15:49.000000 36299 constraint_builder_2d.cc:296] Score histogram:
[cartographer_node-1] Count: 10  Min: 0.608565  Max: 0.823599  Mean: 0.711303
[cartographer_node-1] [0.608565, 0.630068)	                ####	Count: 2 (20%)	Total: 2 (20%)
[cartographer_node-1] [0.630068, 0.651571)	                    	Count: 0 (0%)	Total: 2 (20%)
[cartographer_node-1] [0.651571, 0.673075)	                  ##	Count: 1 (10%)	Total: 3 (30%)
[cartographer_node-1] [0.673075, 0.694578)	                    	Count: 0 (0%)	Total: 3 (30%)
[cartographer_node-1] [0.694578, 0.716082)	                ####	Count: 2 (20%)	Total: 5 (50%)
[cartographer_node-1] [0.716082, 0.737585)	                  ##	Count: 1 (10%)	Total: 6 (60%)
[cartographer_node-1] [0.737585, 0.759088)	                ####	Count: 2 (20%)	Total: 8 (80%)
[cartographer_node-1] [0.759088, 0.780592)	                  ##	Count: 1 (10%)	Total: 9 (90%)
[cartographer_node-1] [0.780592, 0.802095)	                    	Count: 0 (0%)	Total: 9 (90%)
[cartographer_node-1] [0.802095, 0.823599]	                  ##	Count: 1 (10%)	Total: 10 (100%)
[cartographer_node-1] [INFO] [1778746549.571128464] [cartographer logger]: I0514 17:15:49.000000 36299 pose_graph_2d.cc:538] Remaining work items in queue: 3
[cartographer_node-1] [INFO] [1778746549.597646125] [cartographer logger]: I0514 17:15:49.000000 36298 constraint_builder_2d.cc:279] Node (1, 185) with 212 points on submap (0, 10) matches with score 72.6%.
[cartographer_node-1] [INFO] [1778746549.597674687] [cartographer logger]: I0514 17:15:49.000000 36298 constraint_builder_2d.cc:294] 1 computations resulted in 1 additional constraints.
[cartographer_node-1] [INFO] [1778746549.597718940] [cartographer logger]: I0514 17:15:49.000000 36298 constraint_builder_2d.cc:296] Score histogram:
[cartographer_node-1] Count: 11  Min: 0.608565  Max: 0.823599  Mean: 0.712636
[cartographer_node-1] [0.608565, 0.630068)	                ####	Count: 2 (18.1818%)	Total: 2 (18.1818%)
[cartographer_node-1] [0.630068, 0.651571)	                    	Count: 0 (0%)	Total: 2 (18.1818%)
[cartographer_node-1] [0.651571, 0.673075)	                  ##	Count: 1 (9.09091%)	Total: 3 (27.2727%)
[cartographer_node-1] [0.673075, 0.694578)	                    	Count: 0 (0%)	Total: 3 (27.2727%)
[cartographer_node-1] [0.694578, 0.716082)	                ####	Count: 2 (18.1818%)	Total: 5 (45.4545%)
[cartographer_node-1] [0.716082, 0.737585)	                ####	Count: 2 (18.1818%)	Total: 7 (63.6364%)
[cartographer_node-1] [0.737585, 0.759088)	                ####	Count: 2 (18.1818%)	Total: 9 (81.8182%)
[cartographer_node-1] [0.759088, 0.780592)	                  ##	Count: 1 (9.09091%)	Total: 10 (90.9091%)
[cartographer_node-1] [0.780592, 0.802095)	                    	Count: 0 (0%)	Total: 10 (90.9091%)
[cartographer_node-1] [0.802095, 0.823599]	                  ##	Count: 1 (9.09091%)	Total: 11 (100%)
[cartographer_node-1] [INFO] [1778746549.616964278] [cartographer logger]: I0514 17:15:49.000000 36298 pose_graph_2d.cc:538] Remaining work items in queue: 1
[cartographer_node-1] [INFO] [1778746549.616990138] [cartographer logger]: I0514 17:15:49.000000 36298 constraint_builder_2d.cc:294] 0 computations resulted in 0 additional constraints.
[cartographer_node-1] [INFO] [1778746549.617055523] [cartographer logger]: I0514 17:15:49.000000 36298 constraint_builder_2d.cc:296] Score histogram:
[cartographer_node-1] Count: 11  Min: 0.608565  Max: 0.823599  Mean: 0.712636
[cartographer_node-1] [0.608565, 0.630068)	                ####	Count: 2 (18.1818%)	Total: 2 (18.1818%)
[cartographer_node-1] [0.630068, 0.651571)	                    	Count: 0 (0%)	Total: 2 (18.1818%)
[cartographer_node-1] [0.651571, 0.673075)	                  ##	Count: 1 (9.09091%)	Total: 3 (27.2727%)
[cartographer_node-1] [0.673075, 0.694578)	                    	Count: 0 (0%)	Total: 3 (27.2727%)
[cartographer_node-1] [0.694578, 0.716082)	                ####	Count: 2 (18.1818%)	Total: 5 (45.4545%)
[cartographer_node-1] [0.716082, 0.737585)	                ####	Count: 2 (18.1818%)	Total: 7 (63.6364%)
[cartographer_node-1] [0.737585, 0.759088)	                ####	Count: 2 (18.1818%)	Total: 9 (81.8182%)
[cartographer_node-1] [0.759088, 0.780592)	                  ##	Count: 1 (9.09091%)	Total: 10 (90.9091%)
[cartographer_node-1] [0.780592, 0.802095)	                    	Count: 0 (0%)	Total: 10 (90.9091%)
[cartographer_node-1] [0.802095, 0.823599]	                  ##	Count: 1 (9.09091%)	Total: 11 (100%)
[cartographer_node-1] [INFO] [1778746549.704288128] [cartographer logger]: I0514 17:15:49.000000 36300 pose_graph_2d.cc:538] Remaining work items in queue: 0
[cartographer_node-1] [INFO] [1778746549.704393232] [cartographer logger]: I0514 17:15:49.000000 36300 constraint_builder_2d.cc:294] 0 computations resulted in 0 additional constraints.
[cartographer_node-1] [INFO] [1778746549.704497387] [cartographer logger]: I0514 17:15:49.000000 36300 constraint_builder_2d.cc:296] Score histogram:
[cartographer_node-1] Count: 11  Min: 0.608565  Max: 0.823599  Mean: 0.712636
[cartographer_node-1] [0.608565, 0.630068)	                ####	Count: 2 (18.1818%)	Total: 2 (18.1818%)
[cartographer_node-1] [0.630068, 0.651571)	                    	Count: 0 (0%)	Total: 2 (18.1818%)
[cartographer_node-1] [0.651571, 0.673075)	                  ##	Count: 1 (9.09091%)	Total: 3 (27.2727%)
[cartographer_node-1] [0.673075, 0.694578)	                    	Count: 0 (0%)	Total: 3 (27.2727%)
[cartographer_node-1] [0.694578, 0.716082)	                ####	Count: 2 (18.1818%)	Total: 5 (45.4545%)
[cartographer_node-1] [0.716082, 0.737585)	                ####	Count: 2 (18.1818%)	Total: 7 (63.6364%)
[cartographer_node-1] [0.737585, 0.759088)	                ####	Count: 2 (18.1818%)	Total: 9 (81.8182%)
[cartographer_node-1] [0.759088, 0.780592)	                  ##	Count: 1 (9.09091%)	Total: 10 (90.9091%)
[cartographer_node-1] [0.780592, 0.802095)	                    	Count: 0 (0%)	Total: 10 (90.9091%)
[cartographer_node-1] [0.802095, 0.823599]	                  ##	Count: 1 (9.09091%)	Total: 11 (100%)
[cartographer_node-1] [INFO] [1778746549.751325525] [cartographer logger]: I0514 17:15:49.000000 36298 pose_graph_2d.cc:538] Remaining work items in queue: 0
[cartographer_node-1] [INFO] [1778746549.751373680] [cartographer logger]: I0514 17:15:49.000000 36298 constraint_builder_2d.cc:294] 0 computations resulted in 0 additional constraints.
[cartographer_node-1] [INFO] [1778746549.751433076] [cartographer logger]: I0514 17:15:49.000000 36298 constraint_builder_2d.cc:296] Score histogram:
[cartographer_node-1] Count: 11  Min: 0.608565  Max: 0.823599  Mean: 0.712636
[cartographer_node-1] [0.608565, 0.630068)	                ####	Count: 2 (18.1818%)	Total: 2 (18.1818%)
[cartographer_node-1] [0.630068, 0.651571)	                    	Count: 0 (0%)	Total: 2 (18.1818%)
[cartographer_node-1] [0.651571, 0.673075)	                  ##	Count: 1 (9.09091%)	Total: 3 (27.2727%)
[cartographer_node-1] [0.673075, 0.694578)	                    	Count: 0 (0%)	Total: 3 (27.2727%)
[cartographer_node-1] [0.694578, 0.716082)	                ####	Count: 2 (18.1818%)	Total: 5 (45.4545%)
[cartographer_node-1] [0.716082, 0.737585)	                ####	Count: 2 (18.1818%)	Total: 7 (63.6364%)
[cartographer_node-1] [0.737585, 0.759088)	                ####	Count: 2 (18.1818%)	Total: 9 (81.8182%)
[cartographer_node-1] [0.759088, 0.780592)	                  ##	Count: 1 (9.09091%)	Total: 10 (90.9091%)
[cartographer_node-1] [0.780592, 0.802095)	                    	Count: 0 (0%)	Total: 10 (90.9091%)
[cartographer_node-1] [0.802095, 0.823599]	                  ##	Count: 1 (9.09091%)	Total: 11 (100%)
[cartographer_node-1] [INFO] [1778746549.829517099] [cartographer logger]: I0514 17:15:49.000000 36300 pose_graph_2d.cc:538] Remaining work items in queue: 0
[cartographer_node-1] [INFO] [1778746549.829542507] [cartographer logger]: I0514 17:15:49.000000 36300 constraint_builder_2d.cc:294] 0 computations resulted in 0 additional constraints.
[cartographer_node-1] [INFO] [1778746549.829836506] [cartographer logger]: I0514 17:15:49.000000 36300 constraint_builder_2d.cc:296] Score histogram:
[cartographer_node-1] Count: 11  Min: 0.608565  Max: 0.823599  Mean: 0.712636
[cartographer_node-1] [0.608565, 0.630068)	                ####	Count: 2 (18.1818%)	Total: 2 (18.1818%)
[cartographer_node-1] [0.630068, 0.651571)	                    	Count: 0 (0%)	Total: 2 (18.1818%)
[cartographer_node-1] [0.651571, 0.673075)	                  ##	Count: 1 (9.09091%)	Total: 3 (27.2727%)
[cartographer_node-1] [0.673075, 0.694578)	                    	Count: 0 (0%)	Total: 3 (27.2727%)
[cartographer_node-1] [0.694578, 0.716082)	                ####	Count: 2 (18.1818%)	Total: 5 (45.4545%)
[cartographer_node-1] [0.716082, 0.737585)	                ####	Count: 2 (18.1818%)	Total: 7 (63.6364%)
[cartographer_node-1] [0.737585, 0.759088)	                ####	Count: 2 (18.1818%)	Total: 9 (81.8182%)
[cartographer_node-1] [0.759088, 0.780592)	                  ##	Count: 1 (9.09091%)	Total: 10 (90.9091%)
[cartographer_node-1] [0.780592, 0.802095)	                    	Count: 0 (0%)	Total: 10 (90.9091%)
[cartographer_node-1] [0.802095, 0.823599]	                  ##	Count: 1 (9.09091%)	Total: 11 (100%)
[cartographer_node-1] [INFO] [1778746549.905850108] [cartographer logger]: I0514 17:15:49.000000 36299 pose_graph_2d.cc:538] Remaining work items in queue: 0
[cartographer_node-1] [INFO] [1778746549.954343400] [cartographer logger]: I0514 17:15:49.000000 36300 constraint_builder_2d.cc:294] 1 computations resulted in 0 additional constraints.
[cartographer_node-1] [INFO] [1778746549.954375960] [cartographer logger]: I0514 17:15:49.000000 36300 constraint_builder_2d.cc:296] Score histogram:
[cartographer_node-1] Count: 11  Min: 0.608565  Max: 0.823599  Mean: 0.712636
[cartographer_node-1] [0.608565, 0.630068)	                ####	Count: 2 (18.1818%)	Total: 2 (18.1818%)
[cartographer_node-1] [0.630068, 0.651571)	                    	Count: 0 (0%)	Total: 2 (18.1818%)
[cartographer_node-1] [0.651571, 0.673075)	                  ##	Count: 1 (9.09091%)	Total: 3 (27.2727%)
[cartographer_node-1] [0.673075, 0.694578)	                    	Count: 0 (0%)	Total: 3 (27.2727%)
[cartographer_node-1] [0.694578, 0.716082)	                ####	Count: 2 (18.1818%)	Total: 5 (45.4545%)
[cartographer_node-1] [0.716082, 0.737585)	                ####	Count: 2 (18.1818%)	Total: 7 (63.6364%)
[cartographer_node-1] [0.737585, 0.759088)	                ####	Count: 2 (18.1818%)	Total: 9 (81.8182%)
[cartographer_node-1] [0.759088, 0.780592)	                  ##	Count: 1 (9.09091%)	Total: 10 (90.9091%)
[cartographer_node-1] [0.780592, 0.802095)	                    	Count: 0 (0%)	Total: 10 (90.9091%)
[cartographer_node-1] [0.802095, 0.823599]	                  ##	Count: 1 (9.09091%)	Total: 11 (100%)
[cartographer_node-1] [INFO] [1778746549.983809479] [cartographer logger]: I0514 17:15:49.000000 36298 pose_graph_2d.cc:538] Remaining work items in queue: 1
[cartographer_node-1] [INFO] [1778746549.983846332] [cartographer logger]: I0514 17:15:49.000000 36298 constraint_builder_2d.cc:294] 0 computations resulted in 0 additional constraints.
[cartographer_node-1] [INFO] [1778746549.983954593] [cartographer logger]: I0514 17:15:49.000000 36298 constraint_builder_2d.cc:296] Score histogram:
[cartographer_node-1] Count: 11  Min: 0.608565  Max: 0.823599  Mean: 0.712636
[cartographer_node-1] [0.608565, 0.630068)	                ####	Count: 2 (18.1818%)	Total: 2 (18.1818%)
[cartographer_node-1] [0.630068, 0.651571)	                    	Count: 0 (0%)	Total: 2 (18.1818%)
[cartographer_node-1] [0.651571, 0.673075)	                  ##	Count: 1 (9.09091%)	Total: 3 (27.2727%)
[cartographer_node-1] [0.673075, 0.694578)	                    	Count: 0 (0%)	Total: 3 (27.2727%)
[cartographer_node-1] [0.694578, 0.716082)	                ####	Count: 2 (18.1818%)	Total: 5 (45.4545%)
[cartographer_node-1] [0.716082, 0.737585)	                ####	Count: 2 (18.1818%)	Total: 7 (63.6364%)
[cartographer_node-1] [0.737585, 0.759088)	                ####	Count: 2 (18.1818%)	Total: 9 (81.8182%)
[cartographer_node-1] [0.759088, 0.780592)	                  ##	Count: 1 (9.09091%)	Total: 10 (90.9091%)
[cartographer_node-1] [0.780592, 0.802095)	                    	Count: 0 (0%)	Total: 10 (90.9091%)
[cartographer_node-1] [0.802095, 0.823599]	                  ##	Count: 1 (9.09091%)	Total: 11 (100%)
[cartographer_node-1] [INFO] [1778746550.176251925] [cartographer logger]: I0514 17:15:50.000000 36297 pose_graph_2d.cc:538] Remaining work items in queue: 0
[cartographer_node-1] [INFO] [1778746550.176304783] [cartographer logger]: I0514 17:15:50.000000 36297 constraint_builder_2d.cc:294] 0 computations resulted in 0 additional constraints.
[cartographer_node-1] [INFO] [1778746550.176339145] [cartographer logger]: I0514 17:15:50.000000 36297 constraint_builder_2d.cc:296] Score histogram:
[cartographer_node-1] Count: 11  Min: 0.608565  Max: 0.823599  Mean: 0.712636
[cartographer_node-1] [0.608565, 0.630068)	                ####	Count: 2 (18.1818%)	Total: 2 (18.1818%)
[cartographer_node-1] [0.630068, 0.651571)	                    	Count: 0 (0%)	Total: 2 (18.1818%)
[cartographer_node-1] [0.651571, 0.673075)	                  ##	Count: 1 (9.09091%)	Total: 3 (27.2727%)
[cartographer_node-1] [0.673075, 0.694578)	                    	Count: 0 (0%)	Total: 3 (27.2727%)
[cartographer_node-1] [0.694578, 0.716082)	                ####	Count: 2 (18.1818%)	Total: 5 (45.4545%)
[cartographer_node-1] [0.716082, 0.737585)	                ####	Count: 2 (18.1818%)	Total: 7 (63.6364%)
[cartographer_node-1] [0.737585, 0.759088)	                ####	Count: 2 (18.1818%)	Total: 9 (81.8182%)
[cartographer_node-1] [0.759088, 0.780592)	                  ##	Count: 1 (9.09091%)	Total: 10 (90.9091%)
[cartographer_node-1] [0.780592, 0.802095)	                    	Count: 0 (0%)	Total: 10 (90.9091%)
[cartographer_node-1] [0.802095, 0.823599]	                  ##	Count: 1 (9.09091%)	Total: 11 (100%)
[cartographer_node-1] [INFO] [1778746550.327765409] [cartographer logger]: I0514 17:15:50.000000 36299 pose_graph_2d.cc:538] Remaining work items in queue: 0
[cartographer_node-1] [INFO] [1778746550.327805162] [cartographer logger]: I0514 17:15:50.000000 36299 constraint_builder_2d.cc:294] 0 computations resulted in 0 additional constraints.
[cartographer_node-1] [INFO] [1778746550.328156808] [cartographer logger]: I0514 17:15:50.000000 36299 constraint_builder_2d.cc:296] Score histogram:
[cartographer_node-1] Count: 11  Min: 0.608565  Max: 0.823599  Mean: 0.712636
[cartographer_node-1] [0.608565, 0.630068)	                ####	Count: 2 (18.1818%)	Total: 2 (18.1818%)
[cartographer_node-1] [0.630068, 0.651571)	                    	Count: 0 (0%)	Total: 2 (18.1818%)
[cartographer_node-1] [0.651571, 0.673075)	                  ##	Count: 1 (9.09091%)	Total: 3 (27.2727%)
[cartographer_node-1] [0.673075, 0.694578)	                    	Count: 0 (0%)	Total: 3 (27.2727%)
[cartographer_node-1] [0.694578, 0.716082)	                ####	Count: 2 (18.1818%)	Total: 5 (45.4545%)
[cartographer_node-1] [0.716082, 0.737585)	                ####	Count: 2 (18.1818%)	Total: 7 (63.6364%)
[cartographer_node-1] [0.737585, 0.759088)	                ####	Count: 2 (18.1818%)	Total: 9 (81.8182%)
[cartographer_node-1] [0.759088, 0.780592)	                  ##	Count: 1 (9.09091%)	Total: 10 (90.9091%)
[cartographer_node-1] [0.780592, 0.802095)	                    	Count: 0 (0%)	Total: 10 (90.9091%)
[cartographer_node-1] [0.802095, 0.823599]	                  ##	Count: 1 (9.09091%)	Total: 11 (100%)
[cartographer_node-1] [INFO] [1778746550.580780804] [cartographer logger]: I0514 17:15:50.000000 36300 pose_graph_2d.cc:538] Remaining work items in queue: 1
[cartographer_node-1] [INFO] [1778746550.580802202] [cartographer logger]: I0514 17:15:50.000000 36300 constraint_builder_2d.cc:294] 0 computations resulted in 0 additional constraints.
[cartographer_node-1] [INFO] [1778746550.580913260] [cartographer logger]: I0514 17:15:50.000000 36300 constraint_builder_2d.cc:296] Score histogram:
[cartographer_node-1] Count: 11  Min: 0.608565  Max: 0.823599  Mean: 0.712636
[cartographer_node-1] [0.608565, 0.630068)	                ####	Count: 2 (18.1818%)	Total: 2 (18.1818%)
[cartographer_node-1] [0.630068, 0.651571)	                    	Count: 0 (0%)	Total: 2 (18.1818%)
[cartographer_node-1] [0.651571, 0.673075)	                  ##	Count: 1 (9.09091%)	Total: 3 (27.2727%)
[cartographer_node-1] [0.673075, 0.694578)	                    	Count: 0 (0%)	Total: 3 (27.2727%)
[cartographer_node-1] [0.694578, 0.716082)	                ####	Count: 2 (18.1818%)	Total: 5 (45.4545%)
[cartographer_node-1] [0.716082, 0.737585)	                ####	Count: 2 (18.1818%)	Total: 7 (63.6364%)
[cartographer_node-1] [0.737585, 0.759088)	                ####	Count: 2 (18.1818%)	Total: 9 (81.8182%)
[cartographer_node-1] [0.759088, 0.780592)	                  ##	Count: 1 (9.09091%)	Total: 10 (90.9091%)
[cartographer_node-1] [0.780592, 0.802095)	                    	Count: 0 (0%)	Total: 10 (90.9091%)
[cartographer_node-1] [0.802095, 0.823599]	                  ##	Count: 1 (9.09091%)	Total: 11 (100%)
[cartographer_node-1] [INFO] [1778746550.704119400] [cartographer logger]: I0514 17:15:50.000000 36300 pose_graph_2d.cc:538] Remaining work items in queue: 0
[cartographer_node-1] [INFO] [1778746550.722773535] [cartographer logger]: I0514 17:15:50.000000 36298 constraint_builder_2d.cc:294] 1 computations resulted in 0 additional constraints.
[cartographer_node-1] [INFO] [1778746550.722807921] [cartographer logger]: I0514 17:15:50.000000 36298 constraint_builder_2d.cc:296] Score histogram:
[cartographer_node-1] Count: 11  Min: 0.608565  Max: 0.823599  Mean: 0.712636
[cartographer_node-1] [0.608565, 0.630068)	                ####	Count: 2 (18.1818%)	Total: 2 (18.1818%)
[cartographer_node-1] [0.630068, 0.651571)	                    	Count: 0 (0%)	Total: 2 (18.1818%)
[cartographer_node-1] [0.651571, 0.673075)	                  ##	Count: 1 (9.09091%)	Total: 3 (27.2727%)
[cartographer_node-1] [0.673075, 0.694578)	                    	Count: 0 (0%)	Total: 3 (27.2727%)
[cartographer_node-1] [0.694578, 0.716082)	                ####	Count: 2 (18.1818%)	Total: 5 (45.4545%)
[cartographer_node-1] [0.716082, 0.737585)	                ####	Count: 2 (18.1818%)	Total: 7 (63.6364%)
[cartographer_node-1] [0.737585, 0.759088)	                ####	Count: 2 (18.1818%)	Total: 9 (81.8182%)
[cartographer_node-1] [0.759088, 0.780592)	                  ##	Count: 1 (9.09091%)	Total: 10 (90.9091%)
[cartographer_node-1] [0.780592, 0.802095)	                    	Count: 0 (0%)	Total: 10 (90.9091%)
[cartographer_node-1] [0.802095, 0.823599]	                  ##	Count: 1 (9.09091%)	Total: 11 (100%)
[cartographer_node-1] [INFO] [1778746550.883254374] [cartographer logger]: I0514 17:15:50.000000 36298 pose_graph_2d.cc:538] Remaining work items in queue: 1
[cartographer_node-1] [INFO] [1778746550.883291408] [cartographer logger]: I0514 17:15:50.000000 36298 constraint_builder_2d.cc:294] 0 computations resulted in 0 additional constraints.
[cartographer_node-1] [INFO] [1778746550.883369005] [cartographer logger]: I0514 17:15:50.000000 36298 constraint_builder_2d.cc:296] Score histogram:
[cartographer_node-1] Count: 11  Min: 0.608565  Max: 0.823599  Mean: 0.712636
[cartographer_node-1] [0.608565, 0.630068)	                ####	Count: 2 (18.1818%)	Total: 2 (18.1818%)
[cartographer_node-1] [0.630068, 0.651571)	                    	Count: 0 (0%)	Total: 2 (18.1818%)
[cartographer_node-1] [0.651571, 0.673075)	                  ##	Count: 1 (9.09091%)	Total: 3 (27.2727%)
[cartographer_node-1] [0.673075, 0.694578)	                    	Count: 0 (0%)	Total: 3 (27.2727%)
[cartographer_node-1] [0.694578, 0.716082)	                ####	Count: 2 (18.1818%)	Total: 5 (45.4545%)
[cartographer_node-1] [0.716082, 0.737585)	                ####	Count: 2 (18.1818%)	Total: 7 (63.6364%)
[cartographer_node-1] [0.737585, 0.759088)	                ####	Count: 2 (18.1818%)	Total: 9 (81.8182%)
[cartographer_node-1] [0.759088, 0.780592)	                  ##	Count: 1 (9.09091%)	Total: 10 (90.9091%)
[cartographer_node-1] [0.780592, 0.802095)	                    	Count: 0 (0%)	Total: 10 (90.9091%)
[cartographer_node-1] [0.802095, 0.823599]	                  ##	Count: 1 (9.09091%)	Total: 11 (100%)
[cartographer_node-1] [INFO] [1778746550.932863908] [cartographer logger]: I0514 17:15:50.000000 36297 pose_graph_2d.cc:538] Remaining work items in queue: 1
[cartographer_node-1] [INFO] [1778746550.932988447] [cartographer logger]: I0514 17:15:50.000000 36297 constraint_builder_2d.cc:294] 0 computations resulted in 0 additional constraints.
[cartographer_node-1] [INFO] [1778746550.933062515] [cartographer logger]: I0514 17:15:50.000000 36297 constraint_builder_2d.cc:296] Score histogram:
[cartographer_node-1] Count: 11  Min: 0.608565  Max: 0.823599  Mean: 0.712636
[cartographer_node-1] [0.608565, 0.630068)	                ####	Count: 2 (18.1818%)	Total: 2 (18.1818%)
[cartographer_node-1] [0.630068, 0.651571)	                    	Count: 0 (0%)	Total: 2 (18.1818%)
[cartographer_node-1] [0.651571, 0.673075)	                  ##	Count: 1 (9.09091%)	Total: 3 (27.2727%)
[cartographer_node-1] [0.673075, 0.694578)	                    	Count: 0 (0%)	Total: 3 (27.2727%)
[cartographer_node-1] [0.694578, 0.716082)	                ####	Count: 2 (18.1818%)	Total: 5 (45.4545%)
[cartographer_node-1] [0.716082, 0.737585)	                ####	Count: 2 (18.1818%)	Total: 7 (63.6364%)
[cartographer_node-1] [0.737585, 0.759088)	                ####	Count: 2 (18.1818%)	Total: 9 (81.8182%)
[cartographer_node-1] [0.759088, 0.780592)	                  ##	Count: 1 (9.09091%)	Total: 10 (90.9091%)
[cartographer_node-1] [0.780592, 0.802095)	                    	Count: 0 (0%)	Total: 10 (90.9091%)
[cartographer_node-1] [0.802095, 0.823599]	                  ##	Count: 1 (9.09091%)	Total: 11 (100%)
[cartographer_node-1] [INFO] [1778746551.080509388] [cartographer logger]: I0514 17:15:51.000000 36299 pose_graph_2d.cc:538] Remaining work items in queue: 0
[cartographer_node-1] [INFO] [1778746551.080530924] [cartographer logger]: I0514 17:15:51.000000 36299 constraint_builder_2d.cc:294] 0 computations resulted in 0 additional constraints.
[cartographer_node-1] [INFO] [1778746551.080581897] [cartographer logger]: I0514 17:15:51.000000 36299 constraint_builder_2d.cc:296] Score histogram:
[cartographer_node-1] Count: 11  Min: 0.608565  Max: 0.823599  Mean: 0.712636
[cartographer_node-1] [0.608565, 0.630068)	                ####	Count: 2 (18.1818%)	Total: 2 (18.1818%)
[cartographer_node-1] [0.630068, 0.651571)	                    	Count: 0 (0%)	Total: 2 (18.1818%)
[cartographer_node-1] [0.651571, 0.673075)	                  ##	Count: 1 (9.09091%)	Total: 3 (27.2727%)
[cartographer_node-1] [0.673075, 0.694578)	                    	Count: 0 (0%)	Total: 3 (27.2727%)
[cartographer_node-1] [0.694578, 0.716082)	                ####	Count: 2 (18.1818%)	Total: 5 (45.4545%)
[cartographer_node-1] [0.716082, 0.737585)	                ####	Count: 2 (18.1818%)	Total: 7 (63.6364%)
[cartographer_node-1] [0.737585, 0.759088)	                ####	Count: 2 (18.1818%)	Total: 9 (81.8182%)
[cartographer_node-1] [0.759088, 0.780592)	                  ##	Count: 1 (9.09091%)	Total: 10 (90.9091%)
[cartographer_node-1] [0.780592, 0.802095)	                    	Count: 0 (0%)	Total: 10 (90.9091%)
[cartographer_node-1] [0.802095, 0.823599]	                  ##	Count: 1 (9.09091%)	Total: 11 (100%)
[cartographer_node-1] [INFO] [1778746551.130328623] [cartographer logger]: I0514 17:15:51.000000 36299 pose_graph_2d.cc:538] Remaining work items in queue: 0
[cartographer_node-1] [INFO] [1778746551.130393514] [cartographer logger]: I0514 17:15:51.000000 36299 constraint_builder_2d.cc:294] 0 computations resulted in 0 additional constraints.
[cartographer_node-1] [INFO] [1778746551.130453989] [cartographer logger]: I0514 17:15:51.000000 36299 constraint_builder_2d.cc:296] Score histogram:
[cartographer_node-1] Count: 11  Min: 0.608565  Max: 0.823599  Mean: 0.712636
[cartographer_node-1] [0.608565, 0.630068)	                ####	Count: 2 (18.1818%)	Total: 2 (18.1818%)
[cartographer_node-1] [0.630068, 0.651571)	                    	Count: 0 (0%)	Total: 2 (18.1818%)
[cartographer_node-1] [0.651571, 0.673075)	                  ##	Count: 1 (9.09091%)	Total: 3 (27.2727%)
[cartographer_node-1] [0.673075, 0.694578)	                    	Count: 0 (0%)	Total: 3 (27.2727%)
[cartographer_node-1] [0.694578, 0.716082)	                ####	Count: 2 (18.1818%)	Total: 5 (45.4545%)
[cartographer_node-1] [0.716082, 0.737585)	                ####	Count: 2 (18.1818%)	Total: 7 (63.6364%)
[cartographer_node-1] [0.737585, 0.759088)	                ####	Count: 2 (18.1818%)	Total: 9 (81.8182%)
[cartographer_node-1] [0.759088, 0.780592)	                  ##	Count: 1 (9.09091%)	Total: 10 (90.9091%)
[cartographer_node-1] [0.780592, 0.802095)	                    	Count: 0 (0%)	Total: 10 (90.9091%)
[cartographer_node-1] [0.802095, 0.823599]	                  ##	Count: 1 (9.09091%)	Total: 11 (100%)
[cartographer_node-1] [INFO] [1778746551.186175950] [cartographer logger]: I0514 17:15:51.000000 36297 constraint_builder_2d.cc:279] Node (1, 228) with 201 points on submap (0, 8) matches with score 78.9%.
[cartographer_node-1] [INFO] [1778746551.197758444] [cartographer logger]: I0514 17:15:51.000000 36300 pose_graph_2d.cc:538] Remaining work items in queue: 1
[cartographer_node-1] [INFO] [1778746551.197781506] [cartographer logger]: I0514 17:15:51.000000 36300 constraint_builder_2d.cc:294] 1 computations resulted in 1 additional constraints.
[cartographer_node-1] [INFO] [1778746551.197903473] [cartographer logger]: I0514 17:15:51.000000 36300 constraint_builder_2d.cc:296] Score histogram:
[cartographer_node-1] Count: 12  Min: 0.608565  Max: 0.823599  Mean: 0.718998
[cartographer_node-1] [0.608565, 0.630068)	                 ###	Count: 2 (16.6667%)	Total: 2 (16.6667%)
[cartographer_node-1] [0.630068, 0.651571)	                    	Count: 0 (0%)	Total: 2 (16.6667%)
[cartographer_node-1] [0.651571, 0.673075)	                  ##	Count: 1 (8.33333%)	Total: 3 (25%)
[cartographer_node-1] [0.673075, 0.694578)	                    	Count: 0 (0%)	Total: 3 (25%)
[cartographer_node-1] [0.694578, 0.716082)	                 ###	Count: 2 (16.6667%)	Total: 5 (41.6667%)
[cartographer_node-1] [0.716082, 0.737585)	                 ###	Count: 2 (16.6667%)	Total: 7 (58.3333%)
[cartographer_node-1] [0.737585, 0.759088)	                 ###	Count: 2 (16.6667%)	Total: 9 (75%)
[cartographer_node-1] [0.759088, 0.780592)	                  ##	Count: 1 (8.33333%)	Total: 10 (83.3333%)
[cartographer_node-1] [0.780592, 0.802095)	                  ##	Count: 1 (8.33333%)	Total: 11 (91.6667%)
[cartographer_node-1] [0.802095, 0.823599]	                  ##	Count: 1 (8.33333%)	Total: 12 (100%)
[cartographer_node-1] [INFO] [1778746551.284865139] [cartographer logger]: I0514 17:15:51.000000 36297 pose_graph_2d.cc:538] Remaining work items in queue: 0
[cartographer_node-1] [INFO] [1778746551.284891574] [cartographer logger]: I0514 17:15:51.000000 36297 constraint_builder_2d.cc:294] 0 computations resulted in 0 additional constraints.
[cartographer_node-1] [INFO] [1778746551.284920342] [cartographer logger]: I0514 17:15:51.000000 36297 constraint_builder_2d.cc:296] Score histogram:
[cartographer_node-1] Count: 12  Min: 0.608565  Max: 0.823599  Mean: 0.718998
[cartographer_node-1] [0.608565, 0.630068)	                 ###	Count: 2 (16.6667%)	Total: 2 (16.6667%)
[cartographer_node-1] [0.630068, 0.651571)	                    	Count: 0 (0%)	Total: 2 (16.6667%)
[cartographer_node-1] [0.651571, 0.673075)	                  ##	Count: 1 (8.33333%)	Total: 3 (25%)
[cartographer_node-1] [0.673075, 0.694578)	                    	Count: 0 (0%)	Total: 3 (25%)
[cartographer_node-1] [0.694578, 0.716082)	                 ###	Count: 2 (16.6667%)	Total: 5 (41.6667%)
[cartographer_node-1] [0.716082, 0.737585)	                 ###	Count: 2 (16.6667%)	Total: 7 (58.3333%)
[cartographer_node-1] [0.737585, 0.759088)	                 ###	Count: 2 (16.6667%)	Total: 9 (75%)
[cartographer_node-1] [0.759088, 0.780592)	                  ##	Count: 1 (8.33333%)	Total: 10 (83.3333%)
[cartographer_node-1] [0.780592, 0.802095)	                  ##	Count: 1 (8.33333%)	Total: 11 (91.6667%)
[cartographer_node-1] [0.802095, 0.823599]	                  ##	Count: 1 (8.33333%)	Total: 12 (100%)
[cartographer_node-1] [INFO] [1778746551.362889672] [cartographer logger]: I0514 17:15:51.000000 36297 pose_graph_2d.cc:538] Remaining work items in queue: 0
[cartographer_node-1] [INFO] [1778746551.362910743] [cartographer logger]: I0514 17:15:51.000000 36297 constraint_builder_2d.cc:294] 0 computations resulted in 0 additional constraints.
[cartographer_node-1] [INFO] [1778746551.363041295] [cartographer logger]: I0514 17:15:51.000000 36297 constraint_builder_2d.cc:296] Score histogram:
[cartographer_node-1] Count: 12  Min: 0.608565  Max: 0.823599  Mean: 0.718998
[cartographer_node-1] [0.608565, 0.630068)	                 ###	Count: 2 (16.6667%)	Total: 2 (16.6667%)
[cartographer_node-1] [0.630068, 0.651571)	                    	Count: 0 (0%)	Total: 2 (16.6667%)
[cartographer_node-1] [0.651571, 0.673075)	                  ##	Count: 1 (8.33333%)	Total: 3 (25%)
[cartographer_node-1] [0.673075, 0.694578)	                    	Count: 0 (0%)	Total: 3 (25%)
[cartographer_node-1] [0.694578, 0.716082)	                 ###	Count: 2 (16.6667%)	Total: 5 (41.6667%)
[cartographer_node-1] [0.716082, 0.737585)	                 ###	Count: 2 (16.6667%)	Total: 7 (58.3333%)
[cartographer_node-1] [0.737585, 0.759088)	                 ###	Count: 2 (16.6667%)	Total: 9 (75%)
[cartographer_node-1] [0.759088, 0.780592)	                  ##	Count: 1 (8.33333%)	Total: 10 (83.3333%)
[cartographer_node-1] [0.780592, 0.802095)	                  ##	Count: 1 (8.33333%)	Total: 11 (91.6667%)
[cartographer_node-1] [0.802095, 0.823599]	                  ##	Count: 1 (8.33333%)	Total: 12 (100%)
[cartographer_node-1] [INFO] [1778746551.453120791] [cartographer logger]: I0514 17:15:51.000000 36297 pose_graph_2d.cc:538] Remaining work items in queue: 0
[cartographer_node-1] [INFO] [1778746551.453142548] [cartographer logger]: I0514 17:15:51.000000 36297 constraint_builder_2d.cc:294] 0 computations resulted in 0 additional constraints.
[cartographer_node-1] [INFO] [1778746551.453236543] [cartographer logger]: I0514 17:15:51.000000 36297 constraint_builder_2d.cc:296] Score histogram:
[cartographer_node-1] Count: 12  Min: 0.608565  Max: 0.823599  Mean: 0.718998
[cartographer_node-1] [0.608565, 0.630068)	                 ###	Count: 2 (16.6667%)	Total: 2 (16.6667%)
[cartographer_node-1] [0.630068, 0.651571)	                    	Count: 0 (0%)	Total: 2 (16.6667%)
[cartographer_node-1] [0.651571, 0.673075)	                  ##	Count: 1 (8.33333%)	Total: 3 (25%)
[cartographer_node-1] [0.673075, 0.694578)	                    	Count: 0 (0%)	Total: 3 (25%)
[cartographer_node-1] [0.694578, 0.716082)	                 ###	Count: 2 (16.6667%)	Total: 5 (41.6667%)
[cartographer_node-1] [0.716082, 0.737585)	                 ###	Count: 2 (16.6667%)	Total: 7 (58.3333%)
[cartographer_node-1] [0.737585, 0.759088)	                 ###	Count: 2 (16.6667%)	Total: 9 (75%)
[cartographer_node-1] [0.759088, 0.780592)	                  ##	Count: 1 (8.33333%)	Total: 10 (83.3333%)
[cartographer_node-1] [0.780592, 0.802095)	                  ##	Count: 1 (8.33333%)	Total: 11 (91.6667%)
[cartographer_node-1] [0.802095, 0.823599]	                  ##	Count: 1 (8.33333%)	Total: 12 (100%)
[cartographer_node-1] [INFO] [1778746551.516119367] [cartographer logger]: I0514 17:15:51.000000 36300 pose_graph_2d.cc:538] Remaining work items in queue: 0
[cartographer_node-1] [INFO] [1778746551.542024129] [cartographer logger]: I0514 17:15:51.000000 36298 constraint_builder_2d.cc:294] 1 computations resulted in 0 additional constraints.
[cartographer_node-1] [INFO] [1778746551.542086431] [cartographer logger]: I0514 17:15:51.000000 36298 constraint_builder_2d.cc:296] Score histogram:
[cartographer_node-1] Count: 12  Min: 0.608565  Max: 0.823599  Mean: 0.718998
[cartographer_node-1] [0.608565, 0.630068)	                 ###	Count: 2 (16.6667%)	Total: 2 (16.6667%)
[cartographer_node-1] [0.630068, 0.651571)	                    	Count: 0 (0%)	Total: 2 (16.6667%)
[cartographer_node-1] [0.651571, 0.673075)	                  ##	Count: 1 (8.33333%)	Total: 3 (25%)
[cartographer_node-1] [0.673075, 0.694578)	                    	Count: 0 (0%)	Total: 3 (25%)
[cartographer_node-1] [0.694578, 0.716082)	                 ###	Count: 2 (16.6667%)	Total: 5 (41.6667%)
[cartographer_node-1] [0.716082, 0.737585)	                 ###	Count: 2 (16.6667%)	Total: 7 (58.3333%)
[cartographer_node-1] [0.737585, 0.759088)	                 ###	Count: 2 (16.6667%)	Total: 9 (75%)
[cartographer_node-1] [0.759088, 0.780592)	                  ##	Count: 1 (8.33333%)	Total: 10 (83.3333%)
[cartographer_node-1] [0.780592, 0.802095)	                  ##	Count: 1 (8.33333%)	Total: 11 (91.6667%)
[cartographer_node-1] [0.802095, 0.823599]	                  ##	Count: 1 (8.33333%)	Total: 12 (100%)
[cartographer_node-1] [INFO] [1778746551.584156090] [cartographer logger]: I0514 17:15:51.000000 36298 pose_graph_2d.cc:538] Remaining work items in queue: 0
[cartographer_node-1] [INFO] [1778746551.584181000] [cartographer logger]: I0514 17:15:51.000000 36298 constraint_builder_2d.cc:294] 0 computations resulted in 0 additional constraints.
[cartographer_node-1] [INFO] [1778746551.584305546] [cartographer logger]: I0514 17:15:51.000000 36298 constraint_builder_2d.cc:296] Score histogram:
[cartographer_node-1] Count: 12  Min: 0.608565  Max: 0.823599  Mean: 0.718998
[cartographer_node-1] [0.608565, 0.630068)	                 ###	Count: 2 (16.6667%)	Total: 2 (16.6667%)
[cartographer_node-1] [0.630068, 0.651571)	                    	Count: 0 (0%)	Total: 2 (16.6667%)
[cartographer_node-1] [0.651571, 0.673075)	                  ##	Count: 1 (8.33333%)	Total: 3 (25%)
[cartographer_node-1] [0.673075, 0.694578)	                    	Count: 0 (0%)	Total: 3 (25%)
[cartographer_node-1] [0.694578, 0.716082)	                 ###	Count: 2 (16.6667%)	Total: 5 (41.6667%)
[cartographer_node-1] [0.716082, 0.737585)	                 ###	Count: 2 (16.6667%)	Total: 7 (58.3333%)
[cartographer_node-1] [0.737585, 0.759088)	                 ###	Count: 2 (16.6667%)	Total: 9 (75%)
[cartographer_node-1] [0.759088, 0.780592)	                  ##	Count: 1 (8.33333%)	Total: 10 (83.3333%)
[cartographer_node-1] [0.780592, 0.802095)	                  ##	Count: 1 (8.33333%)	Total: 11 (91.6667%)
[cartographer_node-1] [0.802095, 0.823599]	                  ##	Count: 1 (8.33333%)	Total: 12 (100%)
[cartographer_node-1] [INFO] [1778746551.670267797] [cartographer logger]: I0514 17:15:51.000000 36299 pose_graph_2d.cc:538] Remaining work items in queue: 0
[cartographer_node-1] [INFO] [1778746551.670310814] [cartographer logger]: I0514 17:15:51.000000 36299 constraint_builder_2d.cc:294] 0 computations resulted in 0 additional constraints.
[cartographer_node-1] [INFO] [1778746551.670525063] [cartographer logger]: I0514 17:15:51.000000 36299 constraint_builder_2d.cc:296] Score histogram:
[cartographer_node-1] Count: 12  Min: 0.608565  Max: 0.823599  Mean: 0.718998
[cartographer_node-1] [0.608565, 0.630068)	                 ###	Count: 2 (16.6667%)	Total: 2 (16.6667%)
[cartographer_node-1] [0.630068, 0.651571)	                    	Count: 0 (0%)	Total: 2 (16.6667%)
[cartographer_node-1] [0.651571, 0.673075)	                  ##	Count: 1 (8.33333%)	Total: 3 (25%)
[cartographer_node-1] [0.673075, 0.694578)	                    	Count: 0 (0%)	Total: 3 (25%)
[cartographer_node-1] [0.694578, 0.716082)	                 ###	Count: 2 (16.6667%)	Total: 5 (41.6667%)
[cartographer_node-1] [0.716082, 0.737585)	                 ###	Count: 2 (16.6667%)	Total: 7 (58.3333%)
[cartographer_node-1] [0.737585, 0.759088)	                 ###	Count: 2 (16.6667%)	Total: 9 (75%)
[cartographer_node-1] [0.759088, 0.780592)	                  ##	Count: 1 (8.33333%)	Total: 10 (83.3333%)
[cartographer_node-1] [0.780592, 0.802095)	                  ##	Count: 1 (8.33333%)	Total: 11 (91.6667%)
[cartographer_node-1] [0.802095, 0.823599]	                  ##	Count: 1 (8.33333%)	Total: 12 (100%)
[cartographer_node-1] [INFO] [1778746551.833001767] [cartographer logger]: I0514 17:15:51.000000 36298 pose_graph_2d.cc:538] Remaining work items in queue: 1
[cartographer_node-1] [INFO] [1778746551.833053401] [cartographer logger]: I0514 17:15:51.000000 36298 constraint_builder_2d.cc:294] 0 computations resulted in 0 additional constraints.
[cartographer_node-1] [INFO] [1778746551.833455924] [cartographer logger]: I0514 17:15:51.000000 36298 constraint_builder_2d.cc:296] Score histogram:
[cartographer_node-1] Count: 12  Min: 0.608565  Max: 0.823599  Mean: 0.718998
[cartographer_node-1] [0.608565, 0.630068)	                 ###	Count: 2 (16.6667%)	Total: 2 (16.6667%)
[cartographer_node-1] [0.630068, 0.651571)	                    	Count: 0 (0%)	Total: 2 (16.6667%)
[cartographer_node-1] [0.651571, 0.673075)	                  ##	Count: 1 (8.33333%)	Total: 3 (25%)
[cartographer_node-1] [0.673075, 0.694578)	                    	Count: 0 (0%)	Total: 3 (25%)
[cartographer_node-1] [0.694578, 0.716082)	                 ###	Count: 2 (16.6667%)	Total: 5 (41.6667%)
[cartographer_node-1] [0.716082, 0.737585)	                 ###	Count: 2 (16.6667%)	Total: 7 (58.3333%)
[cartographer_node-1] [0.737585, 0.759088)	                 ###	Count: 2 (16.6667%)	Total: 9 (75%)
[cartographer_node-1] [0.759088, 0.780592)	                  ##	Count: 1 (8.33333%)	Total: 10 (83.3333%)
[cartographer_node-1] [0.780592, 0.802095)	                  ##	Count: 1 (8.33333%)	Total: 11 (91.6667%)
[cartographer_node-1] [0.802095, 0.823599]	                  ##	Count: 1 (8.33333%)	Total: 12 (100%)
[cartographer_node-1] [INFO] [1778746551.985124976] [cartographer logger]: I0514 17:15:51.000000 36297 pose_graph_2d.cc:538] Remaining work items in queue: 1
[cartographer_node-1] [INFO] [1778746551.985148948] [cartographer logger]: I0514 17:15:51.000000 36297 constraint_builder_2d.cc:294] 0 computations resulted in 0 additional constraints.
[cartographer_node-1] [INFO] [1778746551.985271481] [cartographer logger]: I0514 17:15:51.000000 36297 constraint_builder_2d.cc:296] Score histogram:
[cartographer_node-1] Count: 12  Min: 0.608565  Max: 0.823599  Mean: 0.718998
[cartographer_node-1] [0.608565, 0.630068)	                 ###	Count: 2 (16.6667%)	Total: 2 (16.6667%)
[cartographer_node-1] [0.630068, 0.651571)	                    	Count: 0 (0%)	Total: 2 (16.6667%)
[cartographer_node-1] [0.651571, 0.673075)	                  ##	Count: 1 (8.33333%)	Total: 3 (25%)
[cartographer_node-1] [0.673075, 0.694578)	                    	Count: 0 (0%)	Total: 3 (25%)
[cartographer_node-1] [0.694578, 0.716082)	                 ###	Count: 2 (16.6667%)	Total: 5 (41.6667%)
[cartographer_node-1] [0.716082, 0.737585)	                 ###	Count: 2 (16.6667%)	Total: 7 (58.3333%)
[cartographer_node-1] [0.737585, 0.759088)	                 ###	Count: 2 (16.6667%)	Total: 9 (75%)
[cartographer_node-1] [0.759088, 0.780592)	                  ##	Count: 1 (8.33333%)	Total: 10 (83.3333%)
[cartographer_node-1] [0.780592, 0.802095)	                  ##	Count: 1 (8.33333%)	Total: 11 (91.6667%)
[cartographer_node-1] [0.802095, 0.823599]	                  ##	Count: 1 (8.33333%)	Total: 12 (100%)
[cartographer_node-1] [INFO] [1778746552.081977424] [cartographer logger]: I0514 17:15:52.000000 36300 pose_graph_2d.cc:538] Remaining work items in queue: 0
[cartographer_node-1] [INFO] [1778746552.109678435] [cartographer logger]: I0514 17:15:52.000000 36300 constraint_builder_2d.cc:279] Node (1, 257) with 205 points on submap (0, 2) matches with score 65.1%.
[cartographer_node-1] [INFO] [1778746552.109704489] [cartographer logger]: I0514 17:15:52.000000 36300 constraint_builder_2d.cc:294] 1 computations resulted in 1 additional constraints.
[cartographer_node-1] [INFO] [1778746552.109721775] [cartographer logger]: I0514 17:15:52.000000 36300 constraint_builder_2d.cc:296] Score histogram:
[cartographer_node-1] Count: 13  Min: 0.608565  Max: 0.823599  Mean: 0.713766
[cartographer_node-1] [0.608565, 0.630068)	                 ###	Count: 2 (15.3846%)	Total: 2 (15.3846%)
[cartographer_node-1] [0.630068, 0.651571)	                  ##	Count: 1 (7.69231%)	Total: 3 (23.0769%)
[cartographer_node-1] [0.651571, 0.673075)	                  ##	Count: 1 (7.69231%)	Total: 4 (30.7692%)
[cartographer_node-1] [0.673075, 0.694578)	                    	Count: 0 (0%)	Total: 4 (30.7692%)
[cartographer_node-1] [0.694578, 0.716082)	                 ###	Count: 2 (15.3846%)	Total: 6 (46.1538%)
[cartographer_node-1] [0.716082, 0.737585)	                 ###	Count: 2 (15.3846%)	Total: 8 (61.5385%)
[cartographer_node-1] [0.737585, 0.759088)	                 ###	Count: 2 (15.3846%)	Total: 10 (76.9231%)
[cartographer_node-1] [0.759088, 0.780592)	                  ##	Count: 1 (7.69231%)	Total: 11 (84.6154%)
[cartographer_node-1] [0.780592, 0.802095)	                  ##	Count: 1 (7.69231%)	Total: 12 (92.3077%)
[cartographer_node-1] [0.802095, 0.823599]	                  ##	Count: 1 (7.69231%)	Total: 13 (100%)
[cartographer_node-1] [INFO] [1778746552.177619388] [cartographer logger]: I0514 17:15:52.000000 36297 pose_graph_2d.cc:538] Remaining work items in queue: 0
[cartographer_node-1] [INFO] [1778746552.177645873] [cartographer logger]: I0514 17:15:52.000000 36297 constraint_builder_2d.cc:294] 0 computations resulted in 0 additional constraints.
[cartographer_node-1] [INFO] [1778746552.178002097] [cartographer logger]: I0514 17:15:52.000000 36297 constraint_builder_2d.cc:296] Score histogram:
[cartographer_node-1] Count: 13  Min: 0.608565  Max: 0.823599  Mean: 0.713766
[cartographer_node-1] [0.608565, 0.630068)	                 ###	Count: 2 (15.3846%)	Total: 2 (15.3846%)
[cartographer_node-1] [0.630068, 0.651571)	                  ##	Count: 1 (7.69231%)	Total: 3 (23.0769%)
[cartographer_node-1] [0.651571, 0.673075)	                  ##	Count: 1 (7.69231%)	Total: 4 (30.7692%)
[cartographer_node-1] [0.673075, 0.694578)	                    	Count: 0 (0%)	Total: 4 (30.7692%)
[cartographer_node-1] [0.694578, 0.716082)	                 ###	Count: 2 (15.3846%)	Total: 6 (46.1538%)
[cartographer_node-1] [0.716082, 0.737585)	                 ###	Count: 2 (15.3846%)	Total: 8 (61.5385%)
[cartographer_node-1] [0.737585, 0.759088)	                 ###	Count: 2 (15.3846%)	Total: 10 (76.9231%)
[cartographer_node-1] [0.759088, 0.780592)	                  ##	Count: 1 (7.69231%)	Total: 11 (84.6154%)
[cartographer_node-1] [0.780592, 0.802095)	                  ##	Count: 1 (7.69231%)	Total: 12 (92.3077%)
[cartographer_node-1] [0.802095, 0.823599]	                  ##	Count: 1 (7.69231%)	Total: 13 (100%)
[cartographer_node-1] [INFO] [1778746552.266030661] [cartographer logger]: I0514 17:15:52.000000 36299 pose_graph_2d.cc:538] Remaining work items in queue: 1
[cartographer_node-1] [INFO] [1778746552.266072936] [cartographer logger]: I0514 17:15:52.000000 36299 constraint_builder_2d.cc:294] 0 computations resulted in 0 additional constraints.
[cartographer_node-1] [INFO] [1778746552.266220601] [cartographer logger]: I0514 17:15:52.000000 36299 constraint_builder_2d.cc:296] Score histogram:
[cartographer_node-1] Count: 13  Min: 0.608565  Max: 0.823599  Mean: 0.713766
[cartographer_node-1] [0.608565, 0.630068)	                 ###	Count: 2 (15.3846%)	Total: 2 (15.3846%)
[cartographer_node-1] [0.630068, 0.651571)	                  ##	Count: 1 (7.69231%)	Total: 3 (23.0769%)
[cartographer_node-1] [0.651571, 0.673075)	                  ##	Count: 1 (7.69231%)	Total: 4 (30.7692%)
[cartographer_node-1] [0.673075, 0.694578)	                    	Count: 0 (0%)	Total: 4 (30.7692%)
[cartographer_node-1] [0.694578, 0.716082)	                 ###	Count: 2 (15.3846%)	Total: 6 (46.1538%)
[cartographer_node-1] [0.716082, 0.737585)	                 ###	Count: 2 (15.3846%)	Total: 8 (61.5385%)
[cartographer_node-1] [0.737585, 0.759088)	                 ###	Count: 2 (15.3846%)	Total: 10 (76.9231%)
[cartographer_node-1] [0.759088, 0.780592)	                  ##	Count: 1 (7.69231%)	Total: 11 (84.6154%)
[cartographer_node-1] [0.780592, 0.802095)	                  ##	Count: 1 (7.69231%)	Total: 12 (92.3077%)
[cartographer_node-1] [0.802095, 0.823599]	                  ##	Count: 1 (7.69231%)	Total: 13 (100%)
[cartographer_node-1] [INFO] [1778746552.363938273] [cartographer logger]: I0514 17:15:52.000000 36297 pose_graph_2d.cc:538] Remaining work items in queue: 1
[cartographer_node-1] [INFO] [1778746552.363960412] [cartographer logger]: I0514 17:15:52.000000 36297 constraint_builder_2d.cc:294] 0 computations resulted in 0 additional constraints.
[cartographer_node-1] [INFO] [1778746552.364300525] [cartographer logger]: I0514 17:15:52.000000 36297 constraint_builder_2d.cc:296] Score histogram:
[cartographer_node-1] Count: 13  Min: 0.608565  Max: 0.823599  Mean: 0.713766
[cartographer_node-1] [0.608565, 0.630068)	                 ###	Count: 2 (15.3846%)	Total: 2 (15.3846%)
[cartographer_node-1] [0.630068, 0.651571)	                  ##	Count: 1 (7.69231%)	Total: 3 (23.0769%)
[cartographer_node-1] [0.651571, 0.673075)	                  ##	Count: 1 (7.69231%)	Total: 4 (30.7692%)
[cartographer_node-1] [0.673075, 0.694578)	                    	Count: 0 (0%)	Total: 4 (30.7692%)
[cartographer_node-1] [0.694578, 0.716082)	                 ###	Count: 2 (15.3846%)	Total: 6 (46.1538%)
[cartographer_node-1] [0.716082, 0.737585)	                 ###	Count: 2 (15.3846%)	Total: 8 (61.5385%)
[cartographer_node-1] [0.737585, 0.759088)	                 ###	Count: 2 (15.3846%)	Total: 10 (76.9231%)
[cartographer_node-1] [0.759088, 0.780592)	                  ##	Count: 1 (7.69231%)	Total: 11 (84.6154%)
[cartographer_node-1] [0.780592, 0.802095)	                  ##	Count: 1 (7.69231%)	Total: 12 (92.3077%)
[cartographer_node-1] [0.802095, 0.823599]	                  ##	Count: 1 (7.69231%)	Total: 13 (100%)
[cartographer_node-1] [INFO] [1778746552.407736535] [cartographer logger]: I0514 17:15:52.000000 36297 pose_graph_2d.cc:538] Remaining work items in queue: 0
[cartographer_node-1] [INFO] [1778746552.455554009] [cartographer logger]: I0514 17:15:52.000000 36298 constraint_builder_2d.cc:279] Node (0, 218) with 221 points on submap (1, 1) matches with score 81.6%.
[cartographer_node-1] [INFO] [1778746552.463636358] [cartographer logger]: I0514 17:15:52.000000 36258 pose_graph_2d.cc:148] Inserted submap (1, 3).
[cartographer_node-1] [INFO] [1778746552.466781061] [cartographer logger]: I0514 17:15:52.000000 36297 constraint_builder_2d.cc:279] Node (0, 818) with 218 points on submap (1, 1) matches with score 79.5%.
[cartographer_node-1] [INFO] [1778746552.498588228] [cartographer logger]: I0514 17:15:52.000000 36300 constraint_builder_2d.cc:279] Node (0, 1018) with 189 points on submap (1, 1) matches with score 72.7%.
[cartographer_node-1] [INFO] [1778746552.498845332] [cartographer logger]: I0514 17:15:52.000000 36298 constraint_builder_2d.cc:279] Node (0, 418) with 195 points on submap (1, 1) matches with score 59.3%.
[cartographer_node-1] [INFO] [1778746552.516956645] [cartographer logger]: I0514 17:15:52.000000 36297 constraint_builder_2d.cc:294] 8 computations resulted in 4 additional constraints.
[cartographer_node-1] [INFO] [1778746552.517014964] [cartographer logger]: I0514 17:15:52.000000 36297 constraint_builder_2d.cc:296] Score histogram:
[cartographer_node-1] Count: 17  Min: 0.592694  Max: 0.823599  Mean: 0.718243
[cartographer_node-1] [0.592694, 0.615784)	                ####	Count: 3 (17.6471%)	Total: 3 (17.6471%)
[cartographer_node-1] [0.615784, 0.638875)	                    	Count: 0 (0%)	Total: 3 (17.6471%)
[cartographer_node-1] [0.638875, 0.661965)	                  ##	Count: 2 (11.7647%)	Total: 5 (29.4118%)
[cartographer_node-1] [0.661965, 0.685056)	                    	Count: 0 (0%)	Total: 5 (29.4118%)
[cartographer_node-1] [0.685056, 0.708146)	                  ##	Count: 2 (11.7647%)	Total: 7 (41.1765%)
[cartographer_node-1] [0.708146, 0.731237)	                ####	Count: 3 (17.6471%)	Total: 10 (58.8235%)
[cartographer_node-1] [0.731237, 0.754327)	                   #	Count: 1 (5.88235%)	Total: 11 (64.7059%)
[cartographer_node-1] [0.754327, 0.777418)	                   #	Count: 1 (5.88235%)	Total: 12 (70.5882%)
[cartographer_node-1] [0.777418, 0.800508)	                ####	Count: 3 (17.6471%)	Total: 15 (88.2353%)
[cartographer_node-1] [0.800508, 0.823599]	                  ##	Count: 2 (11.7647%)	Total: 17 (100%)
[cartographer_node-1] [INFO] [1778746552.538488819] [cartographer logger]: I0514 17:15:52.000000 36297 pose_graph_2d.cc:538] Remaining work items in queue: 6
[cartographer_node-1] [INFO] [1778746552.568682278] [cartographer logger]: I0514 17:15:52.000000 36300 constraint_builder_2d.cc:279] Node (1, 271) with 200 points on submap (0, 6) matches with score 63.7%.
[cartographer_node-1] [INFO] [1778746552.568711903] [cartographer logger]: I0514 17:15:52.000000 36300 constraint_builder_2d.cc:294] 1 computations resulted in 1 additional constraints.
[cartographer_node-1] [INFO] [1778746552.568763801] [cartographer logger]: I0514 17:15:52.000000 36300 constraint_builder_2d.cc:296] Score histogram:
[cartographer_node-1] Count: 18  Min: 0.592694  Max: 0.823599  Mean: 0.71371
[cartographer_node-1] [0.592694, 0.615784)	                 ###	Count: 3 (16.6667%)	Total: 3 (16.6667%)
[cartographer_node-1] [0.615784, 0.638875)	                   #	Count: 1 (5.55556%)	Total: 4 (22.2222%)
[cartographer_node-1] [0.638875, 0.661965)	                  ##	Count: 2 (11.1111%)	Total: 6 (33.3333%)
[cartographer_node-1] [0.661965, 0.685056)	                    	Count: 0 (0%)	Total: 6 (33.3333%)
[cartographer_node-1] [0.685056, 0.708146)	                  ##	Count: 2 (11.1111%)	Total: 8 (44.4444%)
[cartographer_node-1] [0.708146, 0.731237)	                 ###	Count: 3 (16.6667%)	Total: 11 (61.1111%)
[cartographer_node-1] [0.731237, 0.754327)	                   #	Count: 1 (5.55556%)	Total: 12 (66.6667%)
[cartographer_node-1] [0.754327, 0.777418)	                   #	Count: 1 (5.55556%)	Total: 13 (72.2222%)
[cartographer_node-1] [0.777418, 0.800508)	                 ###	Count: 3 (16.6667%)	Total: 16 (88.8889%)
[cartographer_node-1] [0.800508, 0.823599]	                  ##	Count: 2 (11.1111%)	Total: 18 (100%)
[cartographer_node-1] [INFO] [1778746552.590142816] [cartographer logger]: I0514 17:15:52.000000 36300 pose_graph_2d.cc:538] Remaining work items in queue: 4
[cartographer_node-1] [INFO] [1778746552.590171176] [cartographer logger]: I0514 17:15:52.000000 36300 constraint_builder_2d.cc:294] 0 computations resulted in 0 additional constraints.
[cartographer_node-1] [INFO] [1778746552.590264290] [cartographer logger]: I0514 17:15:52.000000 36300 constraint_builder_2d.cc:296] Score histogram:
[cartographer_node-1] Count: 18  Min: 0.592694  Max: 0.823599  Mean: 0.71371
[cartographer_node-1] [0.592694, 0.615784)	                 ###	Count: 3 (16.6667%)	Total: 3 (16.6667%)
[cartographer_node-1] [0.615784, 0.638875)	                   #	Count: 1 (5.55556%)	Total: 4 (22.2222%)
[cartographer_node-1] [0.638875, 0.661965)	                  ##	Count: 2 (11.1111%)	Total: 6 (33.3333%)
[cartographer_node-1] [0.661965, 0.685056)	                    	Count: 0 (0%)	Total: 6 (33.3333%)
[cartographer_node-1] [0.685056, 0.708146)	                  ##	Count: 2 (11.1111%)	Total: 8 (44.4444%)
[cartographer_node-1] [0.708146, 0.731237)	                 ###	Count: 3 (16.6667%)	Total: 11 (61.1111%)
[cartographer_node-1] [0.731237, 0.754327)	                   #	Count: 1 (5.55556%)	Total: 12 (66.6667%)
[cartographer_node-1] [0.754327, 0.777418)	                   #	Count: 1 (5.55556%)	Total: 13 (72.2222%)
[cartographer_node-1] [0.777418, 0.800508)	                 ###	Count: 3 (16.6667%)	Total: 16 (88.8889%)
[cartographer_node-1] [0.800508, 0.823599]	                  ##	Count: 2 (11.1111%)	Total: 18 (100%)
[cartographer_node-1] [INFO] [1778746552.663170650] [cartographer logger]: I0514 17:15:52.000000 36300 pose_graph_2d.cc:538] Remaining work items in queue: 1
[cartographer_node-1] [INFO] [1778746552.663200601] [cartographer logger]: I0514 17:15:52.000000 36300 constraint_builder_2d.cc:294] 0 computations resulted in 0 additional constraints.
[cartographer_node-1] [INFO] [1778746552.663467577] [cartographer logger]: I0514 17:15:52.000000 36300 constraint_builder_2d.cc:296] Score histogram:
[cartographer_node-1] Count: 18  Min: 0.592694  Max: 0.823599  Mean: 0.71371
[cartographer_node-1] [0.592694, 0.615784)	                 ###	Count: 3 (16.6667%)	Total: 3 (16.6667%)
[cartographer_node-1] [0.615784, 0.638875)	                   #	Count: 1 (5.55556%)	Total: 4 (22.2222%)
[cartographer_node-1] [0.638875, 0.661965)	                  ##	Count: 2 (11.1111%)	Total: 6 (33.3333%)
[cartographer_node-1] [0.661965, 0.685056)	                    	Count: 0 (0%)	Total: 6 (33.3333%)
[cartographer_node-1] [0.685056, 0.708146)	                  ##	Count: 2 (11.1111%)	Total: 8 (44.4444%)
[cartographer_node-1] [0.708146, 0.731237)	                 ###	Count: 3 (16.6667%)	Total: 11 (61.1111%)
[cartographer_node-1] [0.731237, 0.754327)	                   #	Count: 1 (5.55556%)	Total: 12 (66.6667%)
[cartographer_node-1] [0.754327, 0.777418)	                   #	Count: 1 (5.55556%)	Total: 13 (72.2222%)
[cartographer_node-1] [0.777418, 0.800508)	                 ###	Count: 3 (16.6667%)	Total: 16 (88.8889%)
[cartographer_node-1] [0.800508, 0.823599]	                  ##	Count: 2 (11.1111%)	Total: 18 (100%)
[cartographer_node-1] [INFO] [1778746552.715699886] [cartographer logger]: I0514 17:15:52.000000 36300 pose_graph_2d.cc:538] Remaining work items in queue: 1
[cartographer_node-1] [INFO] [1778746552.715763113] [cartographer logger]: I0514 17:15:52.000000 36300 constraint_builder_2d.cc:294] 0 computations resulted in 0 additional constraints.
[cartographer_node-1] [INFO] [1778746552.716055049] [cartographer logger]: I0514 17:15:52.000000 36300 constraint_builder_2d.cc:296] Score histogram:
[cartographer_node-1] Count: 18  Min: 0.592694  Max: 0.823599  Mean: 0.71371
[cartographer_node-1] [0.592694, 0.615784)	                 ###	Count: 3 (16.6667%)	Total: 3 (16.6667%)
[cartographer_node-1] [0.615784, 0.638875)	                   #	Count: 1 (5.55556%)	Total: 4 (22.2222%)
[cartographer_node-1] [0.638875, 0.661965)	                  ##	Count: 2 (11.1111%)	Total: 6 (33.3333%)
[cartographer_node-1] [0.661965, 0.685056)	                    	Count: 0 (0%)	Total: 6 (33.3333%)
[cartographer_node-1] [0.685056, 0.708146)	                  ##	Count: 2 (11.1111%)	Total: 8 (44.4444%)
[cartographer_node-1] [0.708146, 0.731237)	                 ###	Count: 3 (16.6667%)	Total: 11 (61.1111%)
[cartographer_node-1] [0.731237, 0.754327)	                   #	Count: 1 (5.55556%)	Total: 12 (66.6667%)
[cartographer_node-1] [0.754327, 0.777418)	                   #	Count: 1 (5.55556%)	Total: 13 (72.2222%)
[cartographer_node-1] [0.777418, 0.800508)	                 ###	Count: 3 (16.6667%)	Total: 16 (88.8889%)
[cartographer_node-1] [0.800508, 0.823599]	                  ##	Count: 2 (11.1111%)	Total: 18 (100%)
[cartographer_node-1] [INFO] [1778746552.784943391] [cartographer logger]: I0514 17:15:52.000000 36297 pose_graph_2d.cc:538] Remaining work items in queue: 0
[cartographer_node-1] [INFO] [1778746552.784970672] [cartographer logger]: I0514 17:15:52.000000 36297 constraint_builder_2d.cc:294] 0 computations resulted in 0 additional constraints.
[cartographer_node-1] [INFO] [1778746552.785070729] [cartographer logger]: I0514 17:15:52.000000 36297 constraint_builder_2d.cc:296] Score histogram:
[cartographer_node-1] Count: 18  Min: 0.592694  Max: 0.823599  Mean: 0.71371
[cartographer_node-1] [0.592694, 0.615784)	                 ###	Count: 3 (16.6667%)	Total: 3 (16.6667%)
[cartographer_node-1] [0.615784, 0.638875)	                   #	Count: 1 (5.55556%)	Total: 4 (22.2222%)
[cartographer_node-1] [0.638875, 0.661965)	                  ##	Count: 2 (11.1111%)	Total: 6 (33.3333%)
[cartographer_node-1] [0.661965, 0.685056)	                    	Count: 0 (0%)	Total: 6 (33.3333%)
[cartographer_node-1] [0.685056, 0.708146)	                  ##	Count: 2 (11.1111%)	Total: 8 (44.4444%)
[cartographer_node-1] [0.708146, 0.731237)	                 ###	Count: 3 (16.6667%)	Total: 11 (61.1111%)
[cartographer_node-1] [0.731237, 0.754327)	                   #	Count: 1 (5.55556%)	Total: 12 (66.6667%)
[cartographer_node-1] [0.754327, 0.777418)	                   #	Count: 1 (5.55556%)	Total: 13 (72.2222%)
[cartographer_node-1] [0.777418, 0.800508)	                 ###	Count: 3 (16.6667%)	Total: 16 (88.8889%)
[cartographer_node-1] [0.800508, 0.823599]	                  ##	Count: 2 (11.1111%)	Total: 18 (100%)
[cartographer_node-1] [INFO] [1778746552.865105097] [cartographer logger]: I0514 17:15:52.000000 36299 pose_graph_2d.cc:538] Remaining work items in queue: 0
[cartographer_node-1] [INFO] [1778746552.865127747] [cartographer logger]: I0514 17:15:52.000000 36299 constraint_builder_2d.cc:294] 1 computations resulted in 0 additional constraints.
[cartographer_node-1] [INFO] [1778746552.865146338] [cartographer logger]: I0514 17:15:52.000000 36299 constraint_builder_2d.cc:296] Score histogram:
[cartographer_node-1] Count: 18  Min: 0.592694  Max: 0.823599  Mean: 0.71371
[cartographer_node-1] [0.592694, 0.615784)	                 ###	Count: 3 (16.6667%)	Total: 3 (16.6667%)
[cartographer_node-1] [0.615784, 0.638875)	                   #	Count: 1 (5.55556%)	Total: 4 (22.2222%)
[cartographer_node-1] [0.638875, 0.661965)	                  ##	Count: 2 (11.1111%)	Total: 6 (33.3333%)
[cartographer_node-1] [0.661965, 0.685056)	                    	Count: 0 (0%)	Total: 6 (33.3333%)
[cartographer_node-1] [0.685056, 0.708146)	                  ##	Count: 2 (11.1111%)	Total: 8 (44.4444%)
[cartographer_node-1] [0.708146, 0.731237)	                 ###	Count: 3 (16.6667%)	Total: 11 (61.1111%)
[cartographer_node-1] [0.731237, 0.754327)	                   #	Count: 1 (5.55556%)	Total: 12 (66.6667%)
[cartographer_node-1] [0.754327, 0.777418)	                   #	Count: 1 (5.55556%)	Total: 13 (72.2222%)
[cartographer_node-1] [0.777418, 0.800508)	                 ###	Count: 3 (16.6667%)	Total: 16 (88.8889%)
[cartographer_node-1] [0.800508, 0.823599]	                  ##	Count: 2 (11.1111%)	Total: 18 (100%)
[cartographer_node-1] [INFO] [1778746552.963330453] [cartographer logger]: I0514 17:15:52.000000 36298 pose_graph_2d.cc:538] Remaining work items in queue: 1
[cartographer_node-1] [INFO] [1778746552.963353637] [cartographer logger]: I0514 17:15:52.000000 36298 constraint_builder_2d.cc:294] 0 computations resulted in 0 additional constraints.
[cartographer_node-1] [INFO] [1778746552.963369258] [cartographer logger]: I0514 17:15:52.000000 36298 constraint_builder_2d.cc:296] Score histogram:
[cartographer_node-1] Count: 18  Min: 0.592694  Max: 0.823599  Mean: 0.71371
[cartographer_node-1] [0.592694, 0.615784)	                 ###	Count: 3 (16.6667%)	Total: 3 (16.6667%)
[cartographer_node-1] [0.615784, 0.638875)	                   #	Count: 1 (5.55556%)	Total: 4 (22.2222%)
[cartographer_node-1] [0.638875, 0.661965)	                  ##	Count: 2 (11.1111%)	Total: 6 (33.3333%)
[cartographer_node-1] [0.661965, 0.685056)	                    	Count: 0 (0%)	Total: 6 (33.3333%)
[cartographer_node-1] [0.685056, 0.708146)	                  ##	Count: 2 (11.1111%)	Total: 8 (44.4444%)
[cartographer_node-1] [0.708146, 0.731237)	                 ###	Count: 3 (16.6667%)	Total: 11 (61.1111%)
[cartographer_node-1] [0.731237, 0.754327)	                   #	Count: 1 (5.55556%)	Total: 12 (66.6667%)
[cartographer_node-1] [0.754327, 0.777418)	                   #	Count: 1 (5.55556%)	Total: 13 (72.2222%)
[cartographer_node-1] [0.777418, 0.800508)	                 ###	Count: 3 (16.6667%)	Total: 16 (88.8889%)
[cartographer_node-1] [0.800508, 0.823599]	                  ##	Count: 2 (11.1111%)	Total: 18 (100%)
[cartographer_node-1] [INFO] [1778746553.007089585] [cartographer logger]: I0514 17:15:53.000000 36298 pose_graph_2d.cc:538] Remaining work items in queue: 1
[cartographer_node-1] [INFO] [1778746553.007114730] [cartographer logger]: I0514 17:15:53.000000 36298 constraint_builder_2d.cc:294] 0 computations resulted in 0 additional constraints.
[cartographer_node-1] [INFO] [1778746553.007268185] [cartographer logger]: I0514 17:15:53.000000 36298 constraint_builder_2d.cc:296] Score histogram:
[cartographer_node-1] Count: 18  Min: 0.592694  Max: 0.823599  Mean: 0.71371
[cartographer_node-1] [0.592694, 0.615784)	                 ###	Count: 3 (16.6667%)	Total: 3 (16.6667%)
[cartographer_node-1] [0.615784, 0.638875)	                   #	Count: 1 (5.55556%)	Total: 4 (22.2222%)
[cartographer_node-1] [0.638875, 0.661965)	                  ##	Count: 2 (11.1111%)	Total: 6 (33.3333%)
[cartographer_node-1] [0.661965, 0.685056)	                    	Count: 0 (0%)	Total: 6 (33.3333%)
[cartographer_node-1] [0.685056, 0.708146)	                  ##	Count: 2 (11.1111%)	Total: 8 (44.4444%)
[cartographer_node-1] [0.708146, 0.731237)	                 ###	Count: 3 (16.6667%)	Total: 11 (61.1111%)
[cartographer_node-1] [0.731237, 0.754327)	                   #	Count: 1 (5.55556%)	Total: 12 (66.6667%)
[cartographer_node-1] [0.754327, 0.777418)	                   #	Count: 1 (5.55556%)	Total: 13 (72.2222%)
[cartographer_node-1] [0.777418, 0.800508)	                 ###	Count: 3 (16.6667%)	Total: 16 (88.8889%)
[cartographer_node-1] [0.800508, 0.823599]	                  ##	Count: 2 (11.1111%)	Total: 18 (100%)
[cartographer_node-1] [INFO] [1778746553.084577163] [cartographer logger]: I0514 17:15:53.000000 36300 pose_graph_2d.cc:538] Remaining work items in queue: 0
[cartographer_node-1] [INFO] [1778746553.084605978] [cartographer logger]: I0514 17:15:53.000000 36300 constraint_builder_2d.cc:294] 0 computations resulted in 0 additional constraints.
[cartographer_node-1] [INFO] [1778746553.084747279] [cartographer logger]: I0514 17:15:53.000000 36300 constraint_builder_2d.cc:296] Score histogram:
[cartographer_node-1] Count: 18  Min: 0.592694  Max: 0.823599  Mean: 0.71371
[cartographer_node-1] [0.592694, 0.615784)	                 ###	Count: 3 (16.6667%)	Total: 3 (16.6667%)
[cartographer_node-1] [0.615784, 0.638875)	                   #	Count: 1 (5.55556%)	Total: 4 (22.2222%)
[cartographer_node-1] [0.638875, 0.661965)	                  ##	Count: 2 (11.1111%)	Total: 6 (33.3333%)
[cartographer_node-1] [0.661965, 0.685056)	                    	Count: 0 (0%)	Total: 6 (33.3333%)
[cartographer_node-1] [0.685056, 0.708146)	                  ##	Count: 2 (11.1111%)	Total: 8 (44.4444%)
[cartographer_node-1] [0.708146, 0.731237)	                 ###	Count: 3 (16.6667%)	Total: 11 (61.1111%)
[cartographer_node-1] [0.731237, 0.754327)	                   #	Count: 1 (5.55556%)	Total: 12 (66.6667%)
[cartographer_node-1] [0.754327, 0.777418)	                   #	Count: 1 (5.55556%)	Total: 13 (72.2222%)
[cartographer_node-1] [0.777418, 0.800508)	                 ###	Count: 3 (16.6667%)	Total: 16 (88.8889%)
[cartographer_node-1] [0.800508, 0.823599]	                  ##	Count: 2 (11.1111%)	Total: 18 (100%)
[cartographer_node-1] [INFO] [1778746553.162948992] [cartographer logger]: I0514 17:15:53.000000 36299 pose_graph_2d.cc:538] Remaining work items in queue: 0
[cartographer_node-1] [INFO] [1778746553.162970200] [cartographer logger]: I0514 17:15:53.000000 36299 constraint_builder_2d.cc:294] 0 computations resulted in 0 additional constraints.
[cartographer_node-1] [INFO] [1778746553.162988739] [cartographer logger]: I0514 17:15:53.000000 36299 constraint_builder_2d.cc:296] Score histogram:
[cartographer_node-1] Count: 18  Min: 0.592694  Max: 0.823599  Mean: 0.71371
[cartographer_node-1] [0.592694, 0.615784)	                 ###	Count: 3 (16.6667%)	Total: 3 (16.6667%)
[cartographer_node-1] [0.615784, 0.638875)	                   #	Count: 1 (5.55556%)	Total: 4 (22.2222%)
[cartographer_node-1] [0.638875, 0.661965)	                  ##	Count: 2 (11.1111%)	Total: 6 (33.3333%)
[cartographer_node-1] [0.661965, 0.685056)	                    	Count: 0 (0%)	Total: 6 (33.3333%)
[cartographer_node-1] [0.685056, 0.708146)	                  ##	Count: 2 (11.1111%)	Total: 8 (44.4444%)
[cartographer_node-1] [0.708146, 0.731237)	                 ###	Count: 3 (16.6667%)	Total: 11 (61.1111%)
[cartographer_node-1] [0.731237, 0.754327)	                   #	Count: 1 (5.55556%)	Total: 12 (66.6667%)
[cartographer_node-1] [0.754327, 0.777418)	                   #	Count: 1 (5.55556%)	Total: 13 (72.2222%)
[cartographer_node-1] [0.777418, 0.800508)	                 ###	Count: 3 (16.6667%)	Total: 16 (88.8889%)
[cartographer_node-1] [0.800508, 0.823599]	                  ##	Count: 2 (11.1111%)	Total: 18 (100%)
[cartographer_node-1] [INFO] [1778746553.214294320] [cartographer logger]: I0514 17:15:53.000000 36298 constraint_builder_2d.cc:279] Node (1, 300) with 204 points on submap (0, 0) matches with score 63.7%.
[cartographer_node-1] [INFO] [1778746553.257742962] [cartographer logger]: I0514 17:15:53.000000 36300 pose_graph_2d.cc:538] Remaining work items in queue: 1
[cartographer_node-1] [INFO] [1778746553.257812673] [cartographer logger]: I0514 17:15:53.000000 36300 constraint_builder_2d.cc:294] 1 computations resulted in 1 additional constraints.
[cartographer_node-1] [INFO] [1778746553.258071451] [cartographer logger]: I0514 17:15:53.000000 36300 constraint_builder_2d.cc:296] Score histogram:
[cartographer_node-1] Count: 19  Min: 0.592694  Max: 0.823599  Mean: 0.709687
[cartographer_node-1] [0.592694, 0.615784)	                 ###	Count: 3 (15.7895%)	Total: 3 (15.7895%)
[cartographer_node-1] [0.615784, 0.638875)	                  ##	Count: 2 (10.5263%)	Total: 5 (26.3158%)
[cartographer_node-1] [0.638875, 0.661965)	                  ##	Count: 2 (10.5263%)	Total: 7 (36.8421%)
[cartographer_node-1] [0.661965, 0.685056)	                    	Count: 0 (0%)	Total: 7 (36.8421%)
[cartographer_node-1] [0.685056, 0.708146)	                  ##	Count: 2 (10.5263%)	Total: 9 (47.3684%)
[cartographer_node-1] [0.708146, 0.731237)	                 ###	Count: 3 (15.7895%)	Total: 12 (63.1579%)
[cartographer_node-1] [0.731237, 0.754327)	                   #	Count: 1 (5.26316%)	Total: 13 (68.4211%)
[cartographer_node-1] [0.754327, 0.777418)	                   #	Count: 1 (5.26316%)	Total: 14 (73.6842%)
[cartographer_node-1] [0.777418, 0.800508)	                 ###	Count: 3 (15.7895%)	Total: 17 (89.4737%)
[cartographer_node-1] [0.800508, 0.823599]	                  ##	Count: 2 (10.5263%)	Total: 19 (100%)
[cartographer_node-1] [INFO] [1778746553.307966550] [cartographer logger]: I0514 17:15:53.000000 36299 pose_graph_2d.cc:538] Remaining work items in queue: 1
[cartographer_node-1] [INFO] [1778746553.308071383] [cartographer logger]: I0514 17:15:53.000000 36299 constraint_builder_2d.cc:294] 0 computations resulted in 0 additional constraints.
[cartographer_node-1] [INFO] [1778746553.308410782] [cartographer logger]: I0514 17:15:53.000000 36299 constraint_builder_2d.cc:296] Score histogram:
[cartographer_node-1] Count: 19  Min: 0.592694  Max: 0.823599  Mean: 0.709687
[cartographer_node-1] [0.592694, 0.615784)	                 ###	Count: 3 (15.7895%)	Total: 3 (15.7895%)
[cartographer_node-1] [0.615784, 0.638875)	                  ##	Count: 2 (10.5263%)	Total: 5 (26.3158%)
[cartographer_node-1] [0.638875, 0.661965)	                  ##	Count: 2 (10.5263%)	Total: 7 (36.8421%)
[cartographer_node-1] [0.661965, 0.685056)	                    	Count: 0 (0%)	Total: 7 (36.8421%)
[cartographer_node-1] [0.685056, 0.708146)	                  ##	Count: 2 (10.5263%)	Total: 9 (47.3684%)
[cartographer_node-1] [0.708146, 0.731237)	                 ###	Count: 3 (15.7895%)	Total: 12 (63.1579%)
[cartographer_node-1] [0.731237, 0.754327)	                   #	Count: 1 (5.26316%)	Total: 13 (68.4211%)
[cartographer_node-1] [0.754327, 0.777418)	                   #	Count: 1 (5.26316%)	Total: 14 (73.6842%)
[cartographer_node-1] [0.777418, 0.800508)	                 ###	Count: 3 (15.7895%)	Total: 17 (89.4737%)
[cartographer_node-1] [0.800508, 0.823599]	                  ##	Count: 2 (10.5263%)	Total: 19 (100%)
[cartographer_node-1] [INFO] [1778746553.384236735] [cartographer logger]: I0514 17:15:53.000000 36297 pose_graph_2d.cc:538] Remaining work items in queue: 0
[cartographer_node-1] [INFO] [1778746553.384264328] [cartographer logger]: I0514 17:15:53.000000 36297 constraint_builder_2d.cc:294] 0 computations resulted in 0 additional constraints.
[cartographer_node-1] [INFO] [1778746553.384288726] [cartographer logger]: I0514 17:15:53.000000 36297 constraint_builder_2d.cc:296] Score histogram:
[cartographer_node-1] Count: 19  Min: 0.592694  Max: 0.823599  Mean: 0.709687
[cartographer_node-1] [0.592694, 0.615784)	                 ###	Count: 3 (15.7895%)	Total: 3 (15.7895%)
[cartographer_node-1] [0.615784, 0.638875)	                  ##	Count: 2 (10.5263%)	Total: 5 (26.3158%)
[cartographer_node-1] [0.638875, 0.661965)	                  ##	Count: 2 (10.5263%)	Total: 7 (36.8421%)
[cartographer_node-1] [0.661965, 0.685056)	                    	Count: 0 (0%)	Total: 7 (36.8421%)
[cartographer_node-1] [0.685056, 0.708146)	                  ##	Count: 2 (10.5263%)	Total: 9 (47.3684%)
[cartographer_node-1] [0.708146, 0.731237)	                 ###	Count: 3 (15.7895%)	Total: 12 (63.1579%)
[cartographer_node-1] [0.731237, 0.754327)	                   #	Count: 1 (5.26316%)	Total: 13 (68.4211%)
[cartographer_node-1] [0.754327, 0.777418)	                   #	Count: 1 (5.26316%)	Total: 14 (73.6842%)
[cartographer_node-1] [0.777418, 0.800508)	                 ###	Count: 3 (15.7895%)	Total: 17 (89.4737%)
[cartographer_node-1] [0.800508, 0.823599]	                  ##	Count: 2 (10.5263%)	Total: 19 (100%)
[cartographer_node-1] [INFO] [1778746553.463561541] [cartographer logger]: I0514 17:15:53.000000 36298 pose_graph_2d.cc:538] Remaining work items in queue: 0
[cartographer_node-1] [INFO] [1778746553.463586660] [cartographer logger]: I0514 17:15:53.000000 36298 constraint_builder_2d.cc:294] 0 computations resulted in 0 additional constraints.
[cartographer_node-1] [INFO] [1778746553.463609046] [cartographer logger]: I0514 17:15:53.000000 36298 constraint_builder_2d.cc:296] Score histogram:
[cartographer_node-1] Count: 19  Min: 0.592694  Max: 0.823599  Mean: 0.709687
[cartographer_node-1] [0.592694, 0.615784)	                 ###	Count: 3 (15.7895%)	Total: 3 (15.7895%)
[cartographer_node-1] [0.615784, 0.638875)	                  ##	Count: 2 (10.5263%)	Total: 5 (26.3158%)
[cartographer_node-1] [0.638875, 0.661965)	                  ##	Count: 2 (10.5263%)	Total: 7 (36.8421%)
[cartographer_node-1] [0.661965, 0.685056)	                    	Count: 0 (0%)	Total: 7 (36.8421%)
[cartographer_node-1] [0.685056, 0.708146)	                  ##	Count: 2 (10.5263%)	Total: 9 (47.3684%)
[cartographer_node-1] [0.708146, 0.731237)	                 ###	Count: 3 (15.7895%)	Total: 12 (63.1579%)
[cartographer_node-1] [0.731237, 0.754327)	                   #	Count: 1 (5.26316%)	Total: 13 (68.4211%)
[cartographer_node-1] [0.754327, 0.777418)	                   #	Count: 1 (5.26316%)	Total: 14 (73.6842%)
[cartographer_node-1] [0.777418, 0.800508)	                 ###	Count: 3 (15.7895%)	Total: 17 (89.4737%)
[cartographer_node-1] [0.800508, 0.823599]	                  ##	Count: 2 (10.5263%)	Total: 19 (100%)
[cartographer_node-1] [INFO] [1778746553.559543631] [cartographer logger]: I0514 17:15:53.000000 36298 pose_graph_2d.cc:538] Remaining work items in queue: 0
[cartographer_node-1] [INFO] [1778746553.591833740] [cartographer logger]: I0514 17:15:53.000000 36297 constraint_builder_2d.cc:294] 1 computations resulted in 0 additional constraints.
[cartographer_node-1] [INFO] [1778746553.591908803] [cartographer logger]: I0514 17:15:53.000000 36297 constraint_builder_2d.cc:296] Score histogram:
[cartographer_node-1] Count: 19  Min: 0.592694  Max: 0.823599  Mean: 0.709687
[cartographer_node-1] [0.592694, 0.615784)	                 ###	Count: 3 (15.7895%)	Total: 3 (15.7895%)
[cartographer_node-1] [0.615784, 0.638875)	                  ##	Count: 2 (10.5263%)	Total: 5 (26.3158%)
[cartographer_node-1] [0.638875, 0.661965)	                  ##	Count: 2 (10.5263%)	Total: 7 (36.8421%)
[cartographer_node-1] [0.661965, 0.685056)	                    	Count: 0 (0%)	Total: 7 (36.8421%)
[cartographer_node-1] [0.685056, 0.708146)	                  ##	Count: 2 (10.5263%)	Total: 9 (47.3684%)
[cartographer_node-1] [0.708146, 0.731237)	                 ###	Count: 3 (15.7895%)	Total: 12 (63.1579%)
[cartographer_node-1] [0.731237, 0.754327)	                   #	Count: 1 (5.26316%)	Total: 13 (68.4211%)
[cartographer_node-1] [0.754327, 0.777418)	                   #	Count: 1 (5.26316%)	Total: 14 (73.6842%)
[cartographer_node-1] [0.777418, 0.800508)	                 ###	Count: 3 (15.7895%)	Total: 17 (89.4737%)
[cartographer_node-1] [0.800508, 0.823599]	                  ##	Count: 2 (10.5263%)	Total: 19 (100%)
[cartographer_node-1] [INFO] [1778746553.609580640] [cartographer logger]: I0514 17:15:53.000000 36300 pose_graph_2d.cc:538] Remaining work items in queue: 0
[cartographer_node-1] [INFO] [1778746553.609631331] [cartographer logger]: I0514 17:15:53.000000 36300 constraint_builder_2d.cc:294] 0 computations resulted in 0 additional constraints.
[cartographer_node-1] [INFO] [1778746553.609912733] [cartographer logger]: I0514 17:15:53.000000 36300 constraint_builder_2d.cc:296] Score histogram:
[cartographer_node-1] Count: 19  Min: 0.592694  Max: 0.823599  Mean: 0.709687
[cartographer_node-1] [0.592694, 0.615784)	                 ###	Count: 3 (15.7895%)	Total: 3 (15.7895%)
[cartographer_node-1] [0.615784, 0.638875)	                  ##	Count: 2 (10.5263%)	Total: 5 (26.3158%)
[cartographer_node-1] [0.638875, 0.661965)	                  ##	Count: 2 (10.5263%)	Total: 7 (36.8421%)
[cartographer_node-1] [0.661965, 0.685056)	                    	Count: 0 (0%)	Total: 7 (36.8421%)
[cartographer_node-1] [0.685056, 0.708146)	                  ##	Count: 2 (10.5263%)	Total: 9 (47.3684%)
[cartographer_node-1] [0.708146, 0.731237)	                 ###	Count: 3 (15.7895%)	Total: 12 (63.1579%)
[cartographer_node-1] [0.731237, 0.754327)	                   #	Count: 1 (5.26316%)	Total: 13 (68.4211%)
[cartographer_node-1] [0.754327, 0.777418)	                   #	Count: 1 (5.26316%)	Total: 14 (73.6842%)
[cartographer_node-1] [0.777418, 0.800508)	                 ###	Count: 3 (15.7895%)	Total: 17 (89.4737%)
[cartographer_node-1] [0.800508, 0.823599]	                  ##	Count: 2 (10.5263%)	Total: 19 (100%)
[cartographer_node-1] [INFO] [1778746553.654684968] [cartographer logger]: I0514 17:15:53.000000 36258 motion_filter.cc:42] Motion filter reduced the number of nodes to 63.6%.
[cartographer_node-1] [INFO] [1778746553.686741988] [cartographer logger]: I0514 17:15:53.000000 36297 pose_graph_2d.cc:538] Remaining work items in queue: 0
[cartographer_node-1] [INFO] [1778746553.686784967] [cartographer logger]: I0514 17:15:53.000000 36297 constraint_builder_2d.cc:294] 0 computations resulted in 0 additional constraints.
[cartographer_node-1] [INFO] [1778746553.687193389] [cartographer logger]: I0514 17:15:53.000000 36297 constraint_builder_2d.cc:296] Score histogram:
[cartographer_node-1] Count: 19  Min: 0.592694  Max: 0.823599  Mean: 0.709687
[cartographer_node-1] [0.592694, 0.615784)	                 ###	Count: 3 (15.7895%)	Total: 3 (15.7895%)
[cartographer_node-1] [0.615784, 0.638875)	                  ##	Count: 2 (10.5263%)	Total: 5 (26.3158%)
[cartographer_node-1] [0.638875, 0.661965)	                  ##	Count: 2 (10.5263%)	Total: 7 (36.8421%)
[cartographer_node-1] [0.661965, 0.685056)	                    	Count: 0 (0%)	Total: 7 (36.8421%)
[cartographer_node-1] [0.685056, 0.708146)	                  ##	Count: 2 (10.5263%)	Total: 9 (47.3684%)
[cartographer_node-1] [0.708146, 0.731237)	                 ###	Count: 3 (15.7895%)	Total: 12 (63.1579%)
[cartographer_node-1] [0.731237, 0.754327)	                   #	Count: 1 (5.26316%)	Total: 13 (68.4211%)
[cartographer_node-1] [0.754327, 0.777418)	                   #	Count: 1 (5.26316%)	Total: 14 (73.6842%)
[cartographer_node-1] [0.777418, 0.800508)	                 ###	Count: 3 (15.7895%)	Total: 17 (89.4737%)
[cartographer_node-1] [0.800508, 0.823599]	                  ##	Count: 2 (10.5263%)	Total: 19 (100%)
[cartographer_node-1] [INFO] [1778746553.784173623] [cartographer logger]: I0514 17:15:53.000000 36299 pose_graph_2d.cc:538] Remaining work items in queue: 0
[cartographer_node-1] [INFO] [1778746553.784208070] [cartographer logger]: I0514 17:15:53.000000 36299 constraint_builder_2d.cc:294] 0 computations resulted in 0 additional constraints.
[cartographer_node-1] [INFO] [1778746553.784535366] [cartographer logger]: I0514 17:15:53.000000 36299 constraint_builder_2d.cc:296] Score histogram:
[cartographer_node-1] Count: 19  Min: 0.592694  Max: 0.823599  Mean: 0.709687
[cartographer_node-1] [0.592694, 0.615784)	                 ###	Count: 3 (15.7895%)	Total: 3 (15.7895%)
[cartographer_node-1] [0.615784, 0.638875)	                  ##	Count: 2 (10.5263%)	Total: 5 (26.3158%)
[cartographer_node-1] [0.638875, 0.661965)	                  ##	Count: 2 (10.5263%)	Total: 7 (36.8421%)
[cartographer_node-1] [0.661965, 0.685056)	                    	Count: 0 (0%)	Total: 7 (36.8421%)
[cartographer_node-1] [0.685056, 0.708146)	                  ##	Count: 2 (10.5263%)	Total: 9 (47.3684%)
[cartographer_node-1] [0.708146, 0.731237)	                 ###	Count: 3 (15.7895%)	Total: 12 (63.1579%)
[cartographer_node-1] [0.731237, 0.754327)	                   #	Count: 1 (5.26316%)	Total: 13 (68.4211%)
[cartographer_node-1] [0.754327, 0.777418)	                   #	Count: 1 (5.26316%)	Total: 14 (73.6842%)
[cartographer_node-1] [0.777418, 0.800508)	                 ###	Count: 3 (15.7895%)	Total: 17 (89.4737%)
[cartographer_node-1] [0.800508, 0.823599]	                  ##	Count: 2 (10.5263%)	Total: 19 (100%)
[cartographer_node-1] [INFO] [1778746553.845129727] [cartographer logger]: I0514 17:15:53.000000 36300 pose_graph_2d.cc:538] Remaining work items in queue: 0
[cartographer_node-1] [INFO] [1778746553.845173736] [cartographer logger]: I0514 17:15:53.000000 36300 constraint_builder_2d.cc:294] 0 computations resulted in 0 additional constraints.
[cartographer_node-1] [INFO] [1778746553.845545983] [cartographer logger]: I0514 17:15:53.000000 36300 constraint_builder_2d.cc:296] Score histogram:
[cartographer_node-1] Count: 19  Min: 0.592694  Max: 0.823599  Mean: 0.709687
[cartographer_node-1] [0.592694, 0.615784)	                 ###	Count: 3 (15.7895%)	Total: 3 (15.7895%)
[cartographer_node-1] [0.615784, 0.638875)	                  ##	Count: 2 (10.5263%)	Total: 5 (26.3158%)
[cartographer_node-1] [0.638875, 0.661965)	                  ##	Count: 2 (10.5263%)	Total: 7 (36.8421%)
[cartographer_node-1] [0.661965, 0.685056)	                    	Count: 0 (0%)	Total: 7 (36.8421%)
[cartographer_node-1] [0.685056, 0.708146)	                  ##	Count: 2 (10.5263%)	Total: 9 (47.3684%)
[cartographer_node-1] [0.708146, 0.731237)	                 ###	Count: 3 (15.7895%)	Total: 12 (63.1579%)
[cartographer_node-1] [0.731237, 0.754327)	                   #	Count: 1 (5.26316%)	Total: 13 (68.4211%)
[cartographer_node-1] [0.754327, 0.777418)	                   #	Count: 1 (5.26316%)	Total: 14 (73.6842%)
[cartographer_node-1] [0.777418, 0.800508)	                 ###	Count: 3 (15.7895%)	Total: 17 (89.4737%)
[cartographer_node-1] [0.800508, 0.823599]	                  ##	Count: 2 (10.5263%)	Total: 19 (100%)
[cartographer_node-1] [INFO] [1778746553.907144684] [cartographer logger]: I0514 17:15:53.000000 36300 constraint_builder_2d.cc:279] Node (1, 328) with 200 points on submap (0, 8) matches with score 60.5%.
[cartographer_node-1] [INFO] [1778746553.931840757] [cartographer logger]: I0514 17:15:53.000000 36300 pose_graph_2d.cc:538] Remaining work items in queue: 1
[cartographer_node-1] [INFO] [1778746553.931863410] [cartographer logger]: I0514 17:15:53.000000 36300 constraint_builder_2d.cc:294] 1 computations resulted in 1 additional constraints.
[cartographer_node-1] [INFO] [1778746553.931883775] [cartographer logger]: I0514 17:15:53.000000 36300 constraint_builder_2d.cc:296] Score histogram:
[cartographer_node-1] Count: 20  Min: 0.592694  Max: 0.823599  Mean: 0.704467
[cartographer_node-1] [0.592694, 0.615784)	                ####	Count: 4 (20%)	Total: 4 (20%)
[cartographer_node-1] [0.615784, 0.638875)	                  ##	Count: 2 (10%)	Total: 6 (30%)
[cartographer_node-1] [0.638875, 0.661965)	                  ##	Count: 2 (10%)	Total: 8 (40%)
[cartographer_node-1] [0.661965, 0.685056)	                    	Count: 0 (0%)	Total: 8 (40%)
[cartographer_node-1] [0.685056, 0.708146)	                  ##	Count: 2 (10%)	Total: 10 (50%)
[cartographer_node-1] [0.708146, 0.731237)	                 ###	Count: 3 (15%)	Total: 13 (65%)
[cartographer_node-1] [0.731237, 0.754327)	                   #	Count: 1 (5%)	Total: 14 (70%)
[cartographer_node-1] [0.754327, 0.777418)	                   #	Count: 1 (5%)	Total: 15 (75%)
[cartographer_node-1] [0.777418, 0.800508)	                 ###	Count: 3 (15%)	Total: 18 (90%)
[cartographer_node-1] [0.800508, 0.823599]	                  ##	Count: 2 (10%)	Total: 20 (100%)
[cartographer_node-1] [INFO] [1778746553.993454730] [cartographer logger]: I0514 17:15:53.000000 36298 pose_graph_2d.cc:538] Remaining work items in queue: 0
[cartographer_node-1] [INFO] [1778746553.993507754] [cartographer logger]: I0514 17:15:53.000000 36298 constraint_builder_2d.cc:294] 0 computations resulted in 0 additional constraints.
[cartographer_node-1] [INFO] [1778746553.993663956] [cartographer logger]: I0514 17:15:53.000000 36298 constraint_builder_2d.cc:296] Score histogram:
[cartographer_node-1] Count: 20  Min: 0.592694  Max: 0.823599  Mean: 0.704467
[cartographer_node-1] [0.592694, 0.615784)	                ####	Count: 4 (20%)	Total: 4 (20%)
[cartographer_node-1] [0.615784, 0.638875)	                  ##	Count: 2 (10%)	Total: 6 (30%)
[cartographer_node-1] [0.638875, 0.661965)	                  ##	Count: 2 (10%)	Total: 8 (40%)
[cartographer_node-1] [0.661965, 0.685056)	                    	Count: 0 (0%)	Total: 8 (40%)
[cartographer_node-1] [0.685056, 0.708146)	                  ##	Count: 2 (10%)	Total: 10 (50%)
[cartographer_node-1] [0.708146, 0.731237)	                 ###	Count: 3 (15%)	Total: 13 (65%)
[cartographer_node-1] [0.731237, 0.754327)	                   #	Count: 1 (5%)	Total: 14 (70%)
[cartographer_node-1] [0.754327, 0.777418)	                   #	Count: 1 (5%)	Total: 15 (75%)
[cartographer_node-1] [0.777418, 0.800508)	                 ###	Count: 3 (15%)	Total: 18 (90%)
[cartographer_node-1] [0.800508, 0.823599]	                  ##	Count: 2 (10%)	Total: 20 (100%)
[cartographer_node-1] [INFO] [1778746554.060513581] [cartographer logger]: I0514 17:15:54.000000 36299 pose_graph_2d.cc:538] Remaining work items in queue: 0
[cartographer_node-1] [INFO] [1778746554.060557785] [cartographer logger]: I0514 17:15:54.000000 36299 constraint_builder_2d.cc:294] 0 computations resulted in 0 additional constraints.
[cartographer_node-1] [INFO] [1778746554.060953035] [cartographer logger]: I0514 17:15:54.000000 36299 constraint_builder_2d.cc:296] Score histogram:
[cartographer_node-1] Count: 20  Min: 0.592694  Max: 0.823599  Mean: 0.704467
[cartographer_node-1] [0.592694, 0.615784)	                ####	Count: 4 (20%)	Total: 4 (20%)
[cartographer_node-1] [0.615784, 0.638875)	                  ##	Count: 2 (10%)	Total: 6 (30%)
[cartographer_node-1] [0.638875, 0.661965)	                  ##	Count: 2 (10%)	Total: 8 (40%)
[cartographer_node-1] [0.661965, 0.685056)	                    	Count: 0 (0%)	Total: 8 (40%)
[cartographer_node-1] [0.685056, 0.708146)	                  ##	Count: 2 (10%)	Total: 10 (50%)
[cartographer_node-1] [0.708146, 0.731237)	                 ###	Count: 3 (15%)	Total: 13 (65%)
[cartographer_node-1] [0.731237, 0.754327)	                   #	Count: 1 (5%)	Total: 14 (70%)
[cartographer_node-1] [0.754327, 0.777418)	                   #	Count: 1 (5%)	Total: 15 (75%)
[cartographer_node-1] [0.777418, 0.800508)	                 ###	Count: 3 (15%)	Total: 18 (90%)
[cartographer_node-1] [0.800508, 0.823599]	                  ##	Count: 2 (10%)	Total: 20 (100%)
[cartographer_node-1] [INFO] [1778746554.155976785] [cartographer logger]: I0514 17:15:54.000000 36299 pose_graph_2d.cc:538] Remaining work items in queue: 1
[cartographer_node-1] [INFO] [1778746554.156021406] [cartographer logger]: I0514 17:15:54.000000 36299 constraint_builder_2d.cc:294] 0 computations resulted in 0 additional constraints.
[cartographer_node-1] [INFO] [1778746554.156132488] [cartographer logger]: I0514 17:15:54.000000 36299 constraint_builder_2d.cc:296] Score histogram:
[cartographer_node-1] Count: 20  Min: 0.592694  Max: 0.823599  Mean: 0.704467
[cartographer_node-1] [0.592694, 0.615784)	                ####	Count: 4 (20%)	Total: 4 (20%)
[cartographer_node-1] [0.615784, 0.638875)	                  ##	Count: 2 (10%)	Total: 6 (30%)
[cartographer_node-1] [0.638875, 0.661965)	                  ##	Count: 2 (10%)	Total: 8 (40%)
[cartographer_node-1] [0.661965, 0.685056)	                    	Count: 0 (0%)	Total: 8 (40%)
[cartographer_node-1] [0.685056, 0.708146)	                  ##	Count: 2 (10%)	Total: 10 (50%)
[cartographer_node-1] [0.708146, 0.731237)	                 ###	Count: 3 (15%)	Total: 13 (65%)
[cartographer_node-1] [0.731237, 0.754327)	                   #	Count: 1 (5%)	Total: 14 (70%)
[cartographer_node-1] [0.754327, 0.777418)	                   #	Count: 1 (5%)	Total: 15 (75%)
[cartographer_node-1] [0.777418, 0.800508)	                 ###	Count: 3 (15%)	Total: 18 (90%)
[cartographer_node-1] [0.800508, 0.823599]	                  ##	Count: 2 (10%)	Total: 20 (100%)
[cartographer_node-1] [INFO] [1778746554.207221118] [cartographer logger]: I0514 17:15:54.000000 36300 pose_graph_2d.cc:538] Remaining work items in queue: 0
[cartographer_node-1] [INFO] [1778746554.207256416] [cartographer logger]: I0514 17:15:54.000000 36299 constraint_builder_2d.cc:294] 0 computations resulted in 0 additional constraints.
[cartographer_node-1] [INFO] [1778746554.207680127] [cartographer logger]: I0514 17:15:54.000000 36299 constraint_builder_2d.cc:296] Score histogram:
[cartographer_node-1] Count: 20  Min: 0.592694  Max: 0.823599  Mean: 0.704467
[cartographer_node-1] [0.592694, 0.615784)	                ####	Count: 4 (20%)	Total: 4 (20%)
[cartographer_node-1] [0.615784, 0.638875)	                  ##	Count: 2 (10%)	Total: 6 (30%)
[cartographer_node-1] [0.638875, 0.661965)	                  ##	Count: 2 (10%)	Total: 8 (40%)
[cartographer_node-1] [0.661965, 0.685056)	                    	Count: 0 (0%)	Total: 8 (40%)
[cartographer_node-1] [0.685056, 0.708146)	                  ##	Count: 2 (10%)	Total: 10 (50%)
[cartographer_node-1] [0.708146, 0.731237)	                 ###	Count: 3 (15%)	Total: 13 (65%)
[cartographer_node-1] [0.731237, 0.754327)	                   #	Count: 1 (5%)	Total: 14 (70%)
[cartographer_node-1] [0.754327, 0.777418)	                   #	Count: 1 (5%)	Total: 15 (75%)
[cartographer_node-1] [0.777418, 0.800508)	                 ###	Count: 3 (15%)	Total: 18 (90%)
[cartographer_node-1] [0.800508, 0.823599]	                  ##	Count: 2 (10%)	Total: 20 (100%)
[cartographer_node-1] [INFO] [1778746554.285017139] [cartographer logger]: I0514 17:15:54.000000 36299 pose_graph_2d.cc:538] Remaining work items in queue: 1
[cartographer_node-1] [INFO] [1778746554.287604333] [cartographer logger]: I0514 17:15:54.000000 36300 constraint_builder_2d.cc:294] 1 computations resulted in 0 additional constraints.
[cartographer_node-1] [INFO] [1778746554.287632997] [cartographer logger]: I0514 17:15:54.000000 36300 constraint_builder_2d.cc:296] Score histogram:
[cartographer_node-1] Count: 20  Min: 0.592694  Max: 0.823599  Mean: 0.704467
[cartographer_node-1] [0.592694, 0.615784)	                ####	Count: 4 (20%)	Total: 4 (20%)
[cartographer_node-1] [0.615784, 0.638875)	                  ##	Count: 2 (10%)	Total: 6 (30%)
[cartographer_node-1] [0.638875, 0.661965)	                  ##	Count: 2 (10%)	Total: 8 (40%)
[cartographer_node-1] [0.661965, 0.685056)	                    	Count: 0 (0%)	Total: 8 (40%)
[cartographer_node-1] [0.685056, 0.708146)	                  ##	Count: 2 (10%)	Total: 10 (50%)
[cartographer_node-1] [0.708146, 0.731237)	                 ###	Count: 3 (15%)	Total: 13 (65%)
[cartographer_node-1] [0.731237, 0.754327)	                   #	Count: 1 (5%)	Total: 14 (70%)
[cartographer_node-1] [0.754327, 0.777418)	                   #	Count: 1 (5%)	Total: 15 (75%)
[cartographer_node-1] [0.777418, 0.800508)	                 ###	Count: 3 (15%)	Total: 18 (90%)
[cartographer_node-1] [0.800508, 0.823599]	                  ##	Count: 2 (10%)	Total: 20 (100%)
[cartographer_node-1] [INFO] [1778746554.363341969] [cartographer logger]: I0514 17:15:54.000000 36299 pose_graph_2d.cc:538] Remaining work items in queue: 0
[cartographer_node-1] [INFO] [1778746554.363363099] [cartographer logger]: I0514 17:15:54.000000 36299 constraint_builder_2d.cc:294] 0 computations resulted in 0 additional constraints.
[cartographer_node-1] [INFO] [1778746554.363552619] [cartographer logger]: I0514 17:15:54.000000 36299 constraint_builder_2d.cc:296] Score histogram:
[cartographer_node-1] Count: 20  Min: 0.592694  Max: 0.823599  Mean: 0.704467
[cartographer_node-1] [0.592694, 0.615784)	                ####	Count: 4 (20%)	Total: 4 (20%)
[cartographer_node-1] [0.615784, 0.638875)	                  ##	Count: 2 (10%)	Total: 6 (30%)
[cartographer_node-1] [0.638875, 0.661965)	                  ##	Count: 2 (10%)	Total: 8 (40%)
[cartographer_node-1] [0.661965, 0.685056)	                    	Count: 0 (0%)	Total: 8 (40%)
[cartographer_node-1] [0.685056, 0.708146)	                  ##	Count: 2 (10%)	Total: 10 (50%)
[cartographer_node-1] [0.708146, 0.731237)	                 ###	Count: 3 (15%)	Total: 13 (65%)
[cartographer_node-1] [0.731237, 0.754327)	                   #	Count: 1 (5%)	Total: 14 (70%)
[cartographer_node-1] [0.754327, 0.777418)	                   #	Count: 1 (5%)	Total: 15 (75%)
[cartographer_node-1] [0.777418, 0.800508)	                 ###	Count: 3 (15%)	Total: 18 (90%)
[cartographer_node-1] [0.800508, 0.823599]	                  ##	Count: 2 (10%)	Total: 20 (100%)
[cartographer_node-1] [INFO] [1778746554.458877792] [cartographer logger]: I0514 17:15:54.000000 36297 pose_graph_2d.cc:538] Remaining work items in queue: 0
[cartographer_node-1] [INFO] [1778746554.458900918] [cartographer logger]: I0514 17:15:54.000000 36297 constraint_builder_2d.cc:294] 0 computations resulted in 0 additional constraints.
[cartographer_node-1] [INFO] [1778746554.459252010] [cartographer logger]: I0514 17:15:54.000000 36297 constraint_builder_2d.cc:296] Score histogram:
[cartographer_node-1] Count: 20  Min: 0.592694  Max: 0.823599  Mean: 0.704467
[cartographer_node-1] [0.592694, 0.615784)	                ####	Count: 4 (20%)	Total: 4 (20%)
[cartographer_node-1] [0.615784, 0.638875)	                  ##	Count: 2 (10%)	Total: 6 (30%)
[cartographer_node-1] [0.638875, 0.661965)	                  ##	Count: 2 (10%)	Total: 8 (40%)
[cartographer_node-1] [0.661965, 0.685056)	                    	Count: 0 (0%)	Total: 8 (40%)
[cartographer_node-1] [0.685056, 0.708146)	                  ##	Count: 2 (10%)	Total: 10 (50%)
[cartographer_node-1] [0.708146, 0.731237)	                 ###	Count: 3 (15%)	Total: 13 (65%)
[cartographer_node-1] [0.731237, 0.754327)	                   #	Count: 1 (5%)	Total: 14 (70%)
[cartographer_node-1] [0.754327, 0.777418)	                   #	Count: 1 (5%)	Total: 15 (75%)
[cartographer_node-1] [0.777418, 0.800508)	                 ###	Count: 3 (15%)	Total: 18 (90%)
[cartographer_node-1] [0.800508, 0.823599]	                  ##	Count: 2 (10%)	Total: 20 (100%)
[cartographer_node-1] [INFO] [1778746554.564206997] [cartographer logger]: I0514 17:15:54.000000 36300 pose_graph_2d.cc:538] Remaining work items in queue: 2
[cartographer_node-1] [INFO] [1778746554.564261935] [cartographer logger]: I0514 17:15:54.000000 36300 constraint_builder_2d.cc:294] 0 computations resulted in 0 additional constraints.
[cartographer_node-1] [INFO] [1778746554.564480319] [cartographer logger]: I0514 17:15:54.000000 36300 constraint_builder_2d.cc:296] Score histogram:
[cartographer_node-1] Count: 20  Min: 0.592694  Max: 0.823599  Mean: 0.704467
[cartographer_node-1] [0.592694, 0.615784)	                ####	Count: 4 (20%)	Total: 4 (20%)
[cartographer_node-1] [0.615784, 0.638875)	                  ##	Count: 2 (10%)	Total: 6 (30%)
[cartographer_node-1] [0.638875, 0.661965)	                  ##	Count: 2 (10%)	Total: 8 (40%)
[cartographer_node-1] [0.661965, 0.685056)	                    	Count: 0 (0%)	Total: 8 (40%)
[cartographer_node-1] [0.685056, 0.708146)	                  ##	Count: 2 (10%)	Total: 10 (50%)
[cartographer_node-1] [0.708146, 0.731237)	                 ###	Count: 3 (15%)	Total: 13 (65%)
[cartographer_node-1] [0.731237, 0.754327)	                   #	Count: 1 (5%)	Total: 14 (70%)
[cartographer_node-1] [0.754327, 0.777418)	                   #	Count: 1 (5%)	Total: 15 (75%)
[cartographer_node-1] [0.777418, 0.800508)	                 ###	Count: 3 (15%)	Total: 18 (90%)
[cartographer_node-1] [0.800508, 0.823599]	                  ##	Count: 2 (10%)	Total: 20 (100%)
[cartographer_node-1] [INFO] [1778746554.641286915] [cartographer logger]: I0514 17:15:54.000000 36299 pose_graph_2d.cc:538] Remaining work items in queue: 0
[cartographer_node-1] [INFO] [1778746554.641331624] [cartographer logger]: I0514 17:15:54.000000 36299 constraint_builder_2d.cc:294] 0 computations resulted in 0 additional constraints.
[cartographer_node-1] [INFO] [1778746554.641446490] [cartographer logger]: I0514 17:15:54.000000 36299 constraint_builder_2d.cc:296] Score histogram:
[cartographer_node-1] Count: 20  Min: 0.592694  Max: 0.823599  Mean: 0.704467
[cartographer_node-1] [0.592694, 0.615784)	                ####	Count: 4 (20%)	Total: 4 (20%)
[cartographer_node-1] [0.615784, 0.638875)	                  ##	Count: 2 (10%)	Total: 6 (30%)
[cartographer_node-1] [0.638875, 0.661965)	                  ##	Count: 2 (10%)	Total: 8 (40%)
[cartographer_node-1] [0.661965, 0.685056)	                    	Count: 0 (0%)	Total: 8 (40%)
[cartographer_node-1] [0.685056, 0.708146)	                  ##	Count: 2 (10%)	Total: 10 (50%)
[cartographer_node-1] [0.708146, 0.731237)	                 ###	Count: 3 (15%)	Total: 13 (65%)
[cartographer_node-1] [0.731237, 0.754327)	                   #	Count: 1 (5%)	Total: 14 (70%)
[cartographer_node-1] [0.754327, 0.777418)	                   #	Count: 1 (5%)	Total: 15 (75%)
[cartographer_node-1] [0.777418, 0.800508)	                 ###	Count: 3 (15%)	Total: 18 (90%)
[cartographer_node-1] [0.800508, 0.823599]	                  ##	Count: 2 (10%)	Total: 20 (100%)
[cartographer_node-1] [INFO] [1778746554.688771855] [cartographer logger]: I0514 17:15:54.000000 36297 pose_graph_2d.cc:538] Remaining work items in queue: 0
[cartographer_node-1] [INFO] [1778746554.734805335] [cartographer logger]: I0514 17:15:54.000000 36258 pose_graph_2d.cc:148] Inserted submap (1, 4).
[cartographer_node-1] [INFO] [1778746554.744701251] [cartographer logger]: I0514 17:15:54.000000 36298 constraint_builder_2d.cc:279] Node (0, 36) with 209 points on submap (1, 2) matches with score 66.4%.
[cartographer_node-1] [INFO] [1778746554.771950674] [cartographer logger]: I0514 17:15:54.000000 36300 constraint_builder_2d.cc:279] Node (0, 636) with 206 points on submap (1, 2) matches with score 59.5%.
[cartographer_node-1] [INFO] [1778746554.788601777] [cartographer logger]: I0514 17:15:54.000000 36298 constraint_builder_2d.cc:279] Node (0, 236) with 202 points on submap (1, 2) matches with score 78.2%.
[cartographer_node-1] [INFO] [1778746554.788670289] [cartographer logger]: I0514 17:15:54.000000 36297 constraint_builder_2d.cc:279] Node (0, 836) with 203 points on submap (1, 2) matches with score 77.4%.
[cartographer_node-1] [INFO] [1778746554.863283000] [cartographer logger]: I0514 17:15:54.000000 36300 constraint_builder_2d.cc:294] 9 computations resulted in 4 additional constraints.
[cartographer_node-1] [INFO] [1778746554.863374426] [cartographer logger]: I0514 17:15:54.000000 36300 constraint_builder_2d.cc:296] Score histogram:
[cartographer_node-1] Count: 24  Min: 0.592694  Max: 0.823599  Mean: 0.704343
[cartographer_node-1] [0.592694, 0.615784)	                ####	Count: 5 (20.8333%)	Total: 5 (20.8333%)
[cartographer_node-1] [0.615784, 0.638875)	                  ##	Count: 2 (8.33333%)	Total: 7 (29.1667%)
[cartographer_node-1] [0.638875, 0.661965)	                  ##	Count: 2 (8.33333%)	Total: 9 (37.5%)
[cartographer_node-1] [0.661965, 0.685056)	                   #	Count: 1 (4.16667%)	Total: 10 (41.6667%)
[cartographer_node-1] [0.685056, 0.708146)	                  ##	Count: 2 (8.33333%)	Total: 12 (50%)
[cartographer_node-1] [0.708146, 0.731237)	                 ###	Count: 3 (12.5%)	Total: 15 (62.5%)
[cartographer_node-1] [0.731237, 0.754327)	                   #	Count: 1 (4.16667%)	Total: 16 (66.6667%)
[cartographer_node-1] [0.754327, 0.777418)	                  ##	Count: 2 (8.33333%)	Total: 18 (75%)
[cartographer_node-1] [0.777418, 0.800508)	                 ###	Count: 4 (16.6667%)	Total: 22 (91.6667%)
[cartographer_node-1] [0.800508, 0.823599]	                  ##	Count: 2 (8.33333%)	Total: 24 (100%)
[cartographer_node-1] [INFO] [1778746554.890076142] [cartographer logger]: I0514 17:15:54.000000 36300 pose_graph_2d.cc:538] Remaining work items in queue: 11
[cartographer_node-1] [INFO] [1778746554.890100180] [cartographer logger]: I0514 17:15:54.000000 36300 constraint_builder_2d.cc:294] 0 computations resulted in 0 additional constraints.
[cartographer_node-1] [INFO] [1778746554.890301951] [cartographer logger]: I0514 17:15:54.000000 36300 constraint_builder_2d.cc:296] Score histogram:
[cartographer_node-1] Count: 24  Min: 0.592694  Max: 0.823599  Mean: 0.704343
[cartographer_node-1] [0.592694, 0.615784)	                ####	Count: 5 (20.8333%)	Total: 5 (20.8333%)
[cartographer_node-1] [0.615784, 0.638875)	                  ##	Count: 2 (8.33333%)	Total: 7 (29.1667%)
[cartographer_node-1] [0.638875, 0.661965)	                  ##	Count: 2 (8.33333%)	Total: 9 (37.5%)
[cartographer_node-1] [0.661965, 0.685056)	                   #	Count: 1 (4.16667%)	Total: 10 (41.6667%)
[cartographer_node-1] [0.685056, 0.708146)	                  ##	Count: 2 (8.33333%)	Total: 12 (50%)
[cartographer_node-1] [0.708146, 0.731237)	                 ###	Count: 3 (12.5%)	Total: 15 (62.5%)
[cartographer_node-1] [0.731237, 0.754327)	                   #	Count: 1 (4.16667%)	Total: 16 (66.6667%)
[cartographer_node-1] [0.754327, 0.777418)	                  ##	Count: 2 (8.33333%)	Total: 18 (75%)
[cartographer_node-1] [0.777418, 0.800508)	                 ###	Count: 4 (16.6667%)	Total: 22 (91.6667%)
[cartographer_node-1] [0.800508, 0.823599]	                  ##	Count: 2 (8.33333%)	Total: 24 (100%)
[cartographer_node-1] [INFO] [1778746554.907080835] [cartographer logger]: I0514 17:15:54.000000 36300 pose_graph_2d.cc:538] Remaining work items in queue: 6
[cartographer_node-1] [INFO] [1778746554.907102929] [cartographer logger]: I0514 17:15:54.000000 36300 constraint_builder_2d.cc:294] 0 computations resulted in 0 additional constraints.
[cartographer_node-1] [INFO] [1778746554.907155558] [cartographer logger]: I0514 17:15:54.000000 36300 constraint_builder_2d.cc:296] Score histogram:
[cartographer_node-1] Count: 24  Min: 0.592694  Max: 0.823599  Mean: 0.704343
[cartographer_node-1] [0.592694, 0.615784)	                ####	Count: 5 (20.8333%)	Total: 5 (20.8333%)
[cartographer_node-1] [0.615784, 0.638875)	                  ##	Count: 2 (8.33333%)	Total: 7 (29.1667%)
[cartographer_node-1] [0.638875, 0.661965)	                  ##	Count: 2 (8.33333%)	Total: 9 (37.5%)
[cartographer_node-1] [0.661965, 0.685056)	                   #	Count: 1 (4.16667%)	Total: 10 (41.6667%)
[cartographer_node-1] [0.685056, 0.708146)	                  ##	Count: 2 (8.33333%)	Total: 12 (50%)
[cartographer_node-1] [0.708146, 0.731237)	                 ###	Count: 3 (12.5%)	Total: 15 (62.5%)
[cartographer_node-1] [0.731237, 0.754327)	                   #	Count: 1 (4.16667%)	Total: 16 (66.6667%)
[cartographer_node-1] [0.754327, 0.777418)	                  ##	Count: 2 (8.33333%)	Total: 18 (75%)
[cartographer_node-1] [0.777418, 0.800508)	                 ###	Count: 4 (16.6667%)	Total: 22 (91.6667%)
[cartographer_node-1] [0.800508, 0.823599]	                  ##	Count: 2 (8.33333%)	Total: 24 (100%)
[cartographer_node-1] [INFO] [1778746554.941296483] [cartographer logger]: I0514 17:15:54.000000 36299 pose_graph_2d.cc:538] Remaining work items in queue: 0
[cartographer_node-1] [INFO] [1778746554.941356827] [cartographer logger]: I0514 17:15:54.000000 36299 constraint_builder_2d.cc:294] 0 computations resulted in 0 additional constraints.
[cartographer_node-1] [INFO] [1778746554.941459640] [cartographer logger]: I0514 17:15:54.000000 36299 constraint_builder_2d.cc:296] Score histogram:
[cartographer_node-1] Count: 24  Min: 0.592694  Max: 0.823599  Mean: 0.704343
[cartographer_node-1] [0.592694, 0.615784)	                ####	Count: 5 (20.8333%)	Total: 5 (20.8333%)
[cartographer_node-1] [0.615784, 0.638875)	                  ##	Count: 2 (8.33333%)	Total: 7 (29.1667%)
[cartographer_node-1] [0.638875, 0.661965)	                  ##	Count: 2 (8.33333%)	Total: 9 (37.5%)
[cartographer_node-1] [0.661965, 0.685056)	                   #	Count: 1 (4.16667%)	Total: 10 (41.6667%)
[cartographer_node-1] [0.685056, 0.708146)	                  ##	Count: 2 (8.33333%)	Total: 12 (50%)
[cartographer_node-1] [0.708146, 0.731237)	                 ###	Count: 3 (12.5%)	Total: 15 (62.5%)
[cartographer_node-1] [0.731237, 0.754327)	                   #	Count: 1 (4.16667%)	Total: 16 (66.6667%)
[cartographer_node-1] [0.754327, 0.777418)	                  ##	Count: 2 (8.33333%)	Total: 18 (75%)
[cartographer_node-1] [0.777418, 0.800508)	                 ###	Count: 4 (16.6667%)	Total: 22 (91.6667%)
[cartographer_node-1] [0.800508, 0.823599]	                  ##	Count: 2 (8.33333%)	Total: 24 (100%)
[cartographer_node-1] [INFO] [1778746554.991256051] [cartographer logger]: I0514 17:15:54.000000 36297 pose_graph_2d.cc:538] Remaining work items in queue: 0
[cartographer_node-1] [INFO] [1778746555.054722781] [cartographer logger]: I0514 17:15:55.000000 36298 constraint_builder_2d.cc:279] Node (1, 371) with 203 points on submap (0, 6) matches with score 68.3%.
[cartographer_node-1] [INFO] [1778746555.054751866] [cartographer logger]: I0514 17:15:55.000000 36298 constraint_builder_2d.cc:294] 1 computations resulted in 1 additional constraints.
[cartographer_node-1] [INFO] [1778746555.054770027] [cartographer logger]: I0514 17:15:55.000000 36298 constraint_builder_2d.cc:296] Score histogram:
[cartographer_node-1] Count: 25  Min: 0.592694  Max: 0.823599  Mean: 0.703505
[cartographer_node-1] [0.592694, 0.615784)	                ####	Count: 5 (20%)	Total: 5 (20%)
[cartographer_node-1] [0.615784, 0.638875)	                  ##	Count: 2 (8%)	Total: 7 (28%)
[cartographer_node-1] [0.638875, 0.661965)	                  ##	Count: 2 (8%)	Total: 9 (36%)
[cartographer_node-1] [0.661965, 0.685056)	                  ##	Count: 2 (8%)	Total: 11 (44%)
[cartographer_node-1] [0.685056, 0.708146)	                  ##	Count: 2 (8%)	Total: 13 (52%)
[cartographer_node-1] [0.708146, 0.731237)	                  ##	Count: 3 (12%)	Total: 16 (64%)
[cartographer_node-1] [0.731237, 0.754327)	                   #	Count: 1 (4%)	Total: 17 (68%)
[cartographer_node-1] [0.754327, 0.777418)	                  ##	Count: 2 (8%)	Total: 19 (76%)
[cartographer_node-1] [0.777418, 0.800508)	                 ###	Count: 4 (16%)	Total: 23 (92%)
[cartographer_node-1] [0.800508, 0.823599]	                  ##	Count: 2 (8%)	Total: 25 (100%)
[cartographer_node-1] [INFO] [1778746555.076710830] [cartographer logger]: I0514 17:15:55.000000 36298 pose_graph_2d.cc:538] Remaining work items in queue: 1
[cartographer_node-1] [INFO] [1778746555.076736267] [cartographer logger]: I0514 17:15:55.000000 36298 constraint_builder_2d.cc:294] 0 computations resulted in 0 additional constraints.
[cartographer_node-1] [INFO] [1778746555.076798686] [cartographer logger]: I0514 17:15:55.000000 36298 constraint_builder_2d.cc:296] Score histogram:
[cartographer_node-1] Count: 25  Min: 0.592694  Max: 0.823599  Mean: 0.703505
[cartographer_node-1] [0.592694, 0.615784)	                ####	Count: 5 (20%)	Total: 5 (20%)
[cartographer_node-1] [0.615784, 0.638875)	                  ##	Count: 2 (8%)	Total: 7 (28%)
[cartographer_node-1] [0.638875, 0.661965)	                  ##	Count: 2 (8%)	Total: 9 (36%)
[cartographer_node-1] [0.661965, 0.685056)	                  ##	Count: 2 (8%)	Total: 11 (44%)
[cartographer_node-1] [0.685056, 0.708146)	                  ##	Count: 2 (8%)	Total: 13 (52%)
[cartographer_node-1] [0.708146, 0.731237)	                  ##	Count: 3 (12%)	Total: 16 (64%)
[cartographer_node-1] [0.731237, 0.754327)	                   #	Count: 1 (4%)	Total: 17 (68%)
[cartographer_node-1] [0.754327, 0.777418)	                  ##	Count: 2 (8%)	Total: 19 (76%)
[cartographer_node-1] [0.777418, 0.800508)	                 ###	Count: 4 (16%)	Total: 23 (92%)
[cartographer_node-1] [0.800508, 0.823599]	                  ##	Count: 2 (8%)	Total: 25 (100%)
[cartographer_node-1] [INFO] [1778746555.155506025] [cartographer logger]: I0514 17:15:55.000000 36297 pose_graph_2d.cc:538] Remaining work items in queue: 0
[cartographer_node-1] [INFO] [1778746555.155529543] [cartographer logger]: I0514 17:15:55.000000 36297 constraint_builder_2d.cc:294] 0 computations resulted in 0 additional constraints.
[cartographer_node-1] [INFO] [1778746555.155557712] [cartographer logger]: I0514 17:15:55.000000 36297 constraint_builder_2d.cc:296] Score histogram:
[cartographer_node-1] Count: 25  Min: 0.592694  Max: 0.823599  Mean: 0.703505
[cartographer_node-1] [0.592694, 0.615784)	                ####	Count: 5 (20%)	Total: 5 (20%)
[cartographer_node-1] [0.615784, 0.638875)	                  ##	Count: 2 (8%)	Total: 7 (28%)
[cartographer_node-1] [0.638875, 0.661965)	                  ##	Count: 2 (8%)	Total: 9 (36%)
[cartographer_node-1] [0.661965, 0.685056)	                  ##	Count: 2 (8%)	Total: 11 (44%)
[cartographer_node-1] [0.685056, 0.708146)	                  ##	Count: 2 (8%)	Total: 13 (52%)
[cartographer_node-1] [0.708146, 0.731237)	                  ##	Count: 3 (12%)	Total: 16 (64%)
[cartographer_node-1] [0.731237, 0.754327)	                   #	Count: 1 (4%)	Total: 17 (68%)
[cartographer_node-1] [0.754327, 0.777418)	                  ##	Count: 2 (8%)	Total: 19 (76%)
[cartographer_node-1] [0.777418, 0.800508)	                 ###	Count: 4 (16%)	Total: 23 (92%)
[cartographer_node-1] [0.800508, 0.823599]	                  ##	Count: 2 (8%)	Total: 25 (100%)
[cartographer_node-1] [INFO] [1778746555.263730277] [cartographer logger]: I0514 17:15:55.000000 36298 pose_graph_2d.cc:538] Remaining work items in queue: 0
[cartographer_node-1] [INFO] [1778746555.263757641] [cartographer logger]: I0514 17:15:55.000000 36298 constraint_builder_2d.cc:294] 0 computations resulted in 0 additional constraints.
[cartographer_node-1] [INFO] [1778746555.264071543] [cartographer logger]: I0514 17:15:55.000000 36298 constraint_builder_2d.cc:296] Score histogram:
[cartographer_node-1] Count: 25  Min: 0.592694  Max: 0.823599  Mean: 0.703505
[cartographer_node-1] [0.592694, 0.615784)	                ####	Count: 5 (20%)	Total: 5 (20%)
[cartographer_node-1] [0.615784, 0.638875)	                  ##	Count: 2 (8%)	Total: 7 (28%)
[cartographer_node-1] [0.638875, 0.661965)	                  ##	Count: 2 (8%)	Total: 9 (36%)
[cartographer_node-1] [0.661965, 0.685056)	                  ##	Count: 2 (8%)	Total: 11 (44%)
[cartographer_node-1] [0.685056, 0.708146)	                  ##	Count: 2 (8%)	Total: 13 (52%)
[cartographer_node-1] [0.708146, 0.731237)	                  ##	Count: 3 (12%)	Total: 16 (64%)
[cartographer_node-1] [0.731237, 0.754327)	                   #	Count: 1 (4%)	Total: 17 (68%)
[cartographer_node-1] [0.754327, 0.777418)	                  ##	Count: 2 (8%)	Total: 19 (76%)
[cartographer_node-1] [0.777418, 0.800508)	                 ###	Count: 4 (16%)	Total: 23 (92%)
[cartographer_node-1] [0.800508, 0.823599]	                  ##	Count: 2 (8%)	Total: 25 (100%)
[cartographer_node-1] [INFO] [1778746555.389386406] [cartographer logger]: I0514 17:15:55.000000 36298 pose_graph_2d.cc:538] Remaining work items in queue: 0
[cartographer_node-1] [INFO] [1778746555.389411821] [cartographer logger]: I0514 17:15:55.000000 36298 constraint_builder_2d.cc:294] 0 computations resulted in 0 additional constraints.
[cartographer_node-1] [INFO] [1778746555.389531826] [cartographer logger]: I0514 17:15:55.000000 36298 constraint_builder_2d.cc:296] Score histogram:
[cartographer_node-1] Count: 25  Min: 0.592694  Max: 0.823599  Mean: 0.703505
[cartographer_node-1] [0.592694, 0.615784)	                ####	Count: 5 (20%)	Total: 5 (20%)
[cartographer_node-1] [0.615784, 0.638875)	                  ##	Count: 2 (8%)	Total: 7 (28%)
[cartographer_node-1] [0.638875, 0.661965)	                  ##	Count: 2 (8%)	Total: 9 (36%)
[cartographer_node-1] [0.661965, 0.685056)	                  ##	Count: 2 (8%)	Total: 11 (44%)
[cartographer_node-1] [0.685056, 0.708146)	                  ##	Count: 2 (8%)	Total: 13 (52%)
[cartographer_node-1] [0.708146, 0.731237)	                  ##	Count: 3 (12%)	Total: 16 (64%)
[cartographer_node-1] [0.731237, 0.754327)	                   #	Count: 1 (4%)	Total: 17 (68%)
[cartographer_node-1] [0.754327, 0.777418)	                  ##	Count: 2 (8%)	Total: 19 (76%)
[cartographer_node-1] [0.777418, 0.800508)	                 ###	Count: 4 (16%)	Total: 23 (92%)
[cartographer_node-1] [0.800508, 0.823599]	                  ##	Count: 2 (8%)	Total: 25 (100%)
[cartographer_node-1] [INFO] [1778746555.543195186] [cartographer logger]: I0514 17:15:55.000000 36299 pose_graph_2d.cc:538] Remaining work items in queue: 0
[cartographer_node-1] [INFO] [1778746555.543260744] [cartographer logger]: I0514 17:15:55.000000 36299 constraint_builder_2d.cc:294] 1 computations resulted in 0 additional constraints.
[cartographer_node-1] [INFO] [1778746555.543350445] [cartographer logger]: I0514 17:15:55.000000 36299 constraint_builder_2d.cc:296] Score histogram:
[cartographer_node-1] Count: 25  Min: 0.592694  Max: 0.823599  Mean: 0.703505
[cartographer_node-1] [0.592694, 0.615784)	                ####	Count: 5 (20%)	Total: 5 (20%)
[cartographer_node-1] [0.615784, 0.638875)	                  ##	Count: 2 (8%)	Total: 7 (28%)
[cartographer_node-1] [0.638875, 0.661965)	                  ##	Count: 2 (8%)	Total: 9 (36%)
[cartographer_node-1] [0.661965, 0.685056)	                  ##	Count: 2 (8%)	Total: 11 (44%)
[cartographer_node-1] [0.685056, 0.708146)	                  ##	Count: 2 (8%)	Total: 13 (52%)
[cartographer_node-1] [0.708146, 0.731237)	                  ##	Count: 3 (12%)	Total: 16 (64%)
[cartographer_node-1] [0.731237, 0.754327)	                   #	Count: 1 (4%)	Total: 17 (68%)
[cartographer_node-1] [0.754327, 0.777418)	                  ##	Count: 2 (8%)	Total: 19 (76%)
[cartographer_node-1] [0.777418, 0.800508)	                 ###	Count: 4 (16%)	Total: 23 (92%)
[cartographer_node-1] [0.800508, 0.823599]	                  ##	Count: 2 (8%)	Total: 25 (100%)
[cartographer_node-1] [INFO] [1778746555.684580016] [cartographer logger]: I0514 17:15:55.000000 36299 pose_graph_2d.cc:538] Remaining work items in queue: 0
[cartographer_node-1] [INFO] [1778746555.684623748] [cartographer logger]: I0514 17:15:55.000000 36299 constraint_builder_2d.cc:294] 0 computations resulted in 0 additional constraints.
[cartographer_node-1] [INFO] [1778746555.685027536] [cartographer logger]: I0514 17:15:55.000000 36299 constraint_builder_2d.cc:296] Score histogram:
[cartographer_node-1] Count: 25  Min: 0.592694  Max: 0.823599  Mean: 0.703505
[cartographer_node-1] [0.592694, 0.615784)	                ####	Count: 5 (20%)	Total: 5 (20%)
[cartographer_node-1] [0.615784, 0.638875)	                  ##	Count: 2 (8%)	Total: 7 (28%)
[cartographer_node-1] [0.638875, 0.661965)	                  ##	Count: 2 (8%)	Total: 9 (36%)
[cartographer_node-1] [0.661965, 0.685056)	                  ##	Count: 2 (8%)	Total: 11 (44%)
[cartographer_node-1] [0.685056, 0.708146)	                  ##	Count: 2 (8%)	Total: 13 (52%)
[cartographer_node-1] [0.708146, 0.731237)	                  ##	Count: 3 (12%)	Total: 16 (64%)
[cartographer_node-1] [0.731237, 0.754327)	                   #	Count: 1 (4%)	Total: 17 (68%)
[cartographer_node-1] [0.754327, 0.777418)	                  ##	Count: 2 (8%)	Total: 19 (76%)
[cartographer_node-1] [0.777418, 0.800508)	                 ###	Count: 4 (16%)	Total: 23 (92%)
[cartographer_node-1] [0.800508, 0.823599]	                  ##	Count: 2 (8%)	Total: 25 (100%)
[cartographer_node-1] [INFO] [1778746555.839962017] [cartographer logger]: I0514 17:15:55.000000 36300 pose_graph_2d.cc:538] Remaining work items in queue: 1
[cartographer_node-1] [INFO] [1778746555.839983573] [cartographer logger]: I0514 17:15:55.000000 36300 constraint_builder_2d.cc:294] 0 computations resulted in 0 additional constraints.
[cartographer_node-1] [INFO] [1778746555.840025295] [cartographer logger]: I0514 17:15:55.000000 36300 constraint_builder_2d.cc:296] Score histogram:
[cartographer_node-1] Count: 25  Min: 0.592694  Max: 0.823599  Mean: 0.703505
[cartographer_node-1] [0.592694, 0.615784)	                ####	Count: 5 (20%)	Total: 5 (20%)
[cartographer_node-1] [0.615784, 0.638875)	                  ##	Count: 2 (8%)	Total: 7 (28%)
[cartographer_node-1] [0.638875, 0.661965)	                  ##	Count: 2 (8%)	Total: 9 (36%)
[cartographer_node-1] [0.661965, 0.685056)	                  ##	Count: 2 (8%)	Total: 11 (44%)
[cartographer_node-1] [0.685056, 0.708146)	                  ##	Count: 2 (8%)	Total: 13 (52%)
[cartographer_node-1] [0.708146, 0.731237)	                  ##	Count: 3 (12%)	Total: 16 (64%)
[cartographer_node-1] [0.731237, 0.754327)	                   #	Count: 1 (4%)	Total: 17 (68%)
[cartographer_node-1] [0.754327, 0.777418)	                  ##	Count: 2 (8%)	Total: 19 (76%)
[cartographer_node-1] [0.777418, 0.800508)	                 ###	Count: 4 (16%)	Total: 23 (92%)
[cartographer_node-1] [0.800508, 0.823599]	                  ##	Count: 2 (8%)	Total: 25 (100%)
[cartographer_node-1] [INFO] [1778746555.892557327] [cartographer logger]: I0514 17:15:55.000000 36297 pose_graph_2d.cc:538] Remaining work items in queue: 1
[cartographer_node-1] [INFO] [1778746555.892625314] [cartographer logger]: I0514 17:15:55.000000 36297 constraint_builder_2d.cc:294] 0 computations resulted in 0 additional constraints.
[cartographer_node-1] [INFO] [1778746555.892646008] [cartographer logger]: I0514 17:15:55.000000 36297 constraint_builder_2d.cc:296] Score histogram:
[cartographer_node-1] Count: 25  Min: 0.592694  Max: 0.823599  Mean: 0.703505
[cartographer_node-1] [0.592694, 0.615784)	                ####	Count: 5 (20%)	Total: 5 (20%)
[cartographer_node-1] [0.615784, 0.638875)	                  ##	Count: 2 (8%)	Total: 7 (28%)
[cartographer_node-1] [0.638875, 0.661965)	                  ##	Count: 2 (8%)	Total: 9 (36%)
[cartographer_node-1] [0.661965, 0.685056)	                  ##	Count: 2 (8%)	Total: 11 (44%)
[cartographer_node-1] [0.685056, 0.708146)	                  ##	Count: 2 (8%)	Total: 13 (52%)
[cartographer_node-1] [0.708146, 0.731237)	                  ##	Count: 3 (12%)	Total: 16 (64%)
[cartographer_node-1] [0.731237, 0.754327)	                   #	Count: 1 (4%)	Total: 17 (68%)
[cartographer_node-1] [0.754327, 0.777418)	                  ##	Count: 2 (8%)	Total: 19 (76%)
[cartographer_node-1] [0.777418, 0.800508)	                 ###	Count: 4 (16%)	Total: 23 (92%)
[cartographer_node-1] [0.800508, 0.823599]	                  ##	Count: 2 (8%)	Total: 25 (100%)
[cartographer_node-1] [INFO] [1778746555.962947677] [cartographer logger]: I0514 17:15:55.000000 36299 pose_graph_2d.cc:538] Remaining work items in queue: 0
[cartographer_node-1] [INFO] [1778746555.962983927] [cartographer logger]: I0514 17:15:55.000000 36299 constraint_builder_2d.cc:294] 0 computations resulted in 0 additional constraints.
[cartographer_node-1] [INFO] [1778746555.963434461] [cartographer logger]: I0514 17:15:55.000000 36299 constraint_builder_2d.cc:296] Score histogram:
[cartographer_node-1] Count: 25  Min: 0.592694  Max: 0.823599  Mean: 0.703505
[cartographer_node-1] [0.592694, 0.615784)	                ####	Count: 5 (20%)	Total: 5 (20%)
[cartographer_node-1] [0.615784, 0.638875)	                  ##	Count: 2 (8%)	Total: 7 (28%)
[cartographer_node-1] [0.638875, 0.661965)	                  ##	Count: 2 (8%)	Total: 9 (36%)
[cartographer_node-1] [0.661965, 0.685056)	                  ##	Count: 2 (8%)	Total: 11 (44%)
[cartographer_node-1] [0.685056, 0.708146)	                  ##	Count: 2 (8%)	Total: 13 (52%)
[cartographer_node-1] [0.708146, 0.731237)	                  ##	Count: 3 (12%)	Total: 16 (64%)
[cartographer_node-1] [0.731237, 0.754327)	                   #	Count: 1 (4%)	Total: 17 (68%)
[cartographer_node-1] [0.754327, 0.777418)	                  ##	Count: 2 (8%)	Total: 19 (76%)
[cartographer_node-1] [0.777418, 0.800508)	                 ###	Count: 4 (16%)	Total: 23 (92%)
[cartographer_node-1] [0.800508, 0.823599]	                  ##	Count: 2 (8%)	Total: 25 (100%)
[cartographer_node-1] [INFO] [1778746556.140069283] [cartographer logger]: I0514 17:15:56.000000 36298 pose_graph_2d.cc:538] Remaining work items in queue: 0
[cartographer_node-1] [INFO] [1778746556.140127239] [cartographer logger]: I0514 17:15:56.000000 36298 constraint_builder_2d.cc:294] 1 computations resulted in 0 additional constraints.
[cartographer_node-1] [INFO] [1778746556.140417374] [cartographer logger]: I0514 17:15:56.000000 36298 constraint_builder_2d.cc:296] Score histogram:
[cartographer_node-1] Count: 25  Min: 0.592694  Max: 0.823599  Mean: 0.703505
[cartographer_node-1] [0.592694, 0.615784)	                ####	Count: 5 (20%)	Total: 5 (20%)
[cartographer_node-1] [0.615784, 0.638875)	                  ##	Count: 2 (8%)	Total: 7 (28%)
[cartographer_node-1] [0.638875, 0.661965)	                  ##	Count: 2 (8%)	Total: 9 (36%)
[cartographer_node-1] [0.661965, 0.685056)	                  ##	Count: 2 (8%)	Total: 11 (44%)
[cartographer_node-1] [0.685056, 0.708146)	                  ##	Count: 2 (8%)	Total: 13 (52%)
[cartographer_node-1] [0.708146, 0.731237)	                  ##	Count: 3 (12%)	Total: 16 (64%)
[cartographer_node-1] [0.731237, 0.754327)	                   #	Count: 1 (4%)	Total: 17 (68%)
[cartographer_node-1] [0.754327, 0.777418)	                  ##	Count: 2 (8%)	Total: 19 (76%)
[cartographer_node-1] [0.777418, 0.800508)	                 ###	Count: 4 (16%)	Total: 23 (92%)
[cartographer_node-1] [0.800508, 0.823599]	                  ##	Count: 2 (8%)	Total: 25 (100%)
[cartographer_node-1] [INFO] [1778746556.342642172] [cartographer logger]: I0514 17:15:56.000000 36299 pose_graph_2d.cc:538] Remaining work items in queue: 0
[cartographer_node-1] [INFO] [1778746556.342671450] [cartographer logger]: I0514 17:15:56.000000 36299 constraint_builder_2d.cc:294] 0 computations resulted in 0 additional constraints.
[cartographer_node-1] [INFO] [1778746556.343101820] [cartographer logger]: I0514 17:15:56.000000 36299 constraint_builder_2d.cc:296] Score histogram:
[cartographer_node-1] Count: 25  Min: 0.592694  Max: 0.823599  Mean: 0.703505
[cartographer_node-1] [0.592694, 0.615784)	                ####	Count: 5 (20%)	Total: 5 (20%)
[cartographer_node-1] [0.615784, 0.638875)	                  ##	Count: 2 (8%)	Total: 7 (28%)
[cartographer_node-1] [0.638875, 0.661965)	                  ##	Count: 2 (8%)	Total: 9 (36%)
[cartographer_node-1] [0.661965, 0.685056)	                  ##	Count: 2 (8%)	Total: 11 (44%)
[cartographer_node-1] [0.685056, 0.708146)	                  ##	Count: 2 (8%)	Total: 13 (52%)
[cartographer_node-1] [0.708146, 0.731237)	                  ##	Count: 3 (12%)	Total: 16 (64%)
[cartographer_node-1] [0.731237, 0.754327)	                   #	Count: 1 (4%)	Total: 17 (68%)
[cartographer_node-1] [0.754327, 0.777418)	                  ##	Count: 2 (8%)	Total: 19 (76%)
[cartographer_node-1] [0.777418, 0.800508)	                 ###	Count: 4 (16%)	Total: 23 (92%)
[cartographer_node-1] [0.800508, 0.823599]	                  ##	Count: 2 (8%)	Total: 25 (100%)
[cartographer_node-1] [WARN] [1778746556.457570183] [cartographer logger]: W0514 17:15:56.000000 36258 range_data_collator.cc:82] Dropped 23 earlier points.
[cartographer_node-1] [INFO] [1778746556.592635315] [cartographer logger]: I0514 17:15:56.000000 36298 pose_graph_2d.cc:538] Remaining work items in queue: 1
[cartographer_node-1] [INFO] [1778746556.592664423] [cartographer logger]: I0514 17:15:56.000000 36298 constraint_builder_2d.cc:294] 0 computations resulted in 0 additional constraints.
[cartographer_node-1] [INFO] [1778746556.593176708] [cartographer logger]: I0514 17:15:56.000000 36298 constraint_builder_2d.cc:296] Score histogram:
[cartographer_node-1] Count: 25  Min: 0.592694  Max: 0.823599  Mean: 0.703505
[cartographer_node-1] [0.592694, 0.615784)	                ####	Count: 5 (20%)	Total: 5 (20%)
[cartographer_node-1] [0.615784, 0.638875)	                  ##	Count: 2 (8%)	Total: 7 (28%)
[cartographer_node-1] [0.638875, 0.661965)	                  ##	Count: 2 (8%)	Total: 9 (36%)
[cartographer_node-1] [0.661965, 0.685056)	                  ##	Count: 2 (8%)	Total: 11 (44%)
[cartographer_node-1] [0.685056, 0.708146)	                  ##	Count: 2 (8%)	Total: 13 (52%)
[cartographer_node-1] [0.708146, 0.731237)	                  ##	Count: 3 (12%)	Total: 16 (64%)
[cartographer_node-1] [0.731237, 0.754327)	                   #	Count: 1 (4%)	Total: 17 (68%)
[cartographer_node-1] [0.754327, 0.777418)	                  ##	Count: 2 (8%)	Total: 19 (76%)
[cartographer_node-1] [0.777418, 0.800508)	                 ###	Count: 4 (16%)	Total: 23 (92%)
[cartographer_node-1] [0.800508, 0.823599]	                  ##	Count: 2 (8%)	Total: 25 (100%)
[cartographer_node-1] [INFO] [1778746556.764022893] [cartographer logger]: I0514 17:15:56.000000 36298 pose_graph_2d.cc:538] Remaining work items in queue: 1
[cartographer_node-1] [INFO] [1778746556.764045426] [cartographer logger]: I0514 17:15:56.000000 36298 constraint_builder_2d.cc:294] 0 computations resulted in 0 additional constraints.
[cartographer_node-1] [INFO] [1778746556.764340466] [cartographer logger]: I0514 17:15:56.000000 36298 constraint_builder_2d.cc:296] Score histogram:
[cartographer_node-1] Count: 25  Min: 0.592694  Max: 0.823599  Mean: 0.703505
[cartographer_node-1] [0.592694, 0.615784)	                ####	Count: 5 (20%)	Total: 5 (20%)
[cartographer_node-1] [0.615784, 0.638875)	                  ##	Count: 2 (8%)	Total: 7 (28%)
[cartographer_node-1] [0.638875, 0.661965)	                  ##	Count: 2 (8%)	Total: 9 (36%)
[cartographer_node-1] [0.661965, 0.685056)	                  ##	Count: 2 (8%)	Total: 11 (44%)
[cartographer_node-1] [0.685056, 0.708146)	                  ##	Count: 2 (8%)	Total: 13 (52%)
[cartographer_node-1] [0.708146, 0.731237)	                  ##	Count: 3 (12%)	Total: 16 (64%)
[cartographer_node-1] [0.731237, 0.754327)	                   #	Count: 1 (4%)	Total: 17 (68%)
[cartographer_node-1] [0.754327, 0.777418)	                  ##	Count: 2 (8%)	Total: 19 (76%)
[cartographer_node-1] [0.777418, 0.800508)	                 ###	Count: 4 (16%)	Total: 23 (92%)
[cartographer_node-1] [0.800508, 0.823599]	                  ##	Count: 2 (8%)	Total: 25 (100%)
[cartographer_node-1] [INFO] [1778746556.993139746] [cartographer logger]: I0514 17:15:56.000000 36300 pose_graph_2d.cc:538] Remaining work items in queue: 0
[cartographer_node-1] [INFO] [1778746556.993165880] [cartographer logger]: I0514 17:15:56.000000 36300 constraint_builder_2d.cc:294] 0 computations resulted in 0 additional constraints.
[cartographer_node-1] [INFO] [1778746556.993184622] [cartographer logger]: I0514 17:15:56.000000 36300 constraint_builder_2d.cc:296] Score histogram:
[cartographer_node-1] Count: 25  Min: 0.592694  Max: 0.823599  Mean: 0.703505
[cartographer_node-1] [0.592694, 0.615784)	                ####	Count: 5 (20%)	Total: 5 (20%)
[cartographer_node-1] [0.615784, 0.638875)	                  ##	Count: 2 (8%)	Total: 7 (28%)
[cartographer_node-1] [0.638875, 0.661965)	                  ##	Count: 2 (8%)	Total: 9 (36%)
[cartographer_node-1] [0.661965, 0.685056)	                  ##	Count: 2 (8%)	Total: 11 (44%)
[cartographer_node-1] [0.685056, 0.708146)	                  ##	Count: 2 (8%)	Total: 13 (52%)
[cartographer_node-1] [0.708146, 0.731237)	                  ##	Count: 3 (12%)	Total: 16 (64%)
[cartographer_node-1] [0.731237, 0.754327)	                   #	Count: 1 (4%)	Total: 17 (68%)
[cartographer_node-1] [0.754327, 0.777418)	                  ##	Count: 2 (8%)	Total: 19 (76%)
[cartographer_node-1] [0.777418, 0.800508)	                 ###	Count: 4 (16%)	Total: 23 (92%)
[cartographer_node-1] [0.800508, 0.823599]	                  ##	Count: 2 (8%)	Total: 25 (100%)
[cartographer_node-1] [INFO] [1778746557.085899884] [cartographer logger]: I0514 17:15:57.000000 36299 constraint_builder_2d.cc:279] Node (1, 414) with 200 points on submap (0, 4) matches with score 66.4%.
[cartographer_node-1] [INFO] [1778746557.194099982] [cartographer logger]: I0514 17:15:57.000000 36297 pose_graph_2d.cc:538] Remaining work items in queue: 0
[cartographer_node-1] [INFO] [1778746557.194172858] [cartographer logger]: I0514 17:15:57.000000 36297 constraint_builder_2d.cc:294] 1 computations resulted in 1 additional constraints.
[cartographer_node-1] [INFO] [1778746557.194464798] [cartographer logger]: I0514 17:15:57.000000 36297 constraint_builder_2d.cc:296] Score histogram:
[cartographer_node-1] Count: 26  Min: 0.592694  Max: 0.823599  Mean: 0.70198
[cartographer_node-1] [0.592694, 0.615784)	                ####	Count: 5 (19.2308%)	Total: 5 (19.2308%)
[cartographer_node-1] [0.615784, 0.638875)	                  ##	Count: 2 (7.69231%)	Total: 7 (26.9231%)
[cartographer_node-1] [0.638875, 0.661965)	                  ##	Count: 2 (7.69231%)	Total: 9 (34.6154%)
[cartographer_node-1] [0.661965, 0.685056)	                  ##	Count: 3 (11.5385%)	Total: 12 (46.1538%)
[cartographer_node-1] [0.685056, 0.708146)	                  ##	Count: 2 (7.69231%)	Total: 14 (53.8462%)
[cartographer_node-1] [0.708146, 0.731237)	                  ##	Count: 3 (11.5385%)	Total: 17 (65.3846%)
[cartographer_node-1] [0.731237, 0.754327)	                   #	Count: 1 (3.84615%)	Total: 18 (69.2308%)
[cartographer_node-1] [0.754327, 0.777418)	                  ##	Count: 2 (7.69231%)	Total: 20 (76.9231%)
[cartographer_node-1] [0.777418, 0.800508)	                 ###	Count: 4 (15.3846%)	Total: 24 (92.3077%)
[cartographer_node-1] [0.800508, 0.823599]	                  ##	Count: 2 (7.69231%)	Total: 26 (100%)
[cartographer_node-1] [INFO] [1778746557.307020978] [cartographer logger]: I0514 17:15:57.000000 36297 pose_graph_2d.cc:538] Remaining work items in queue: 2
[cartographer_node-1] [INFO] [1778746557.307072647] [cartographer logger]: I0514 17:15:57.000000 36297 constraint_builder_2d.cc:294] 0 computations resulted in 0 additional constraints.
[cartographer_node-1] [INFO] [1778746557.307567221] [cartographer logger]: I0514 17:15:57.000000 36297 constraint_builder_2d.cc:296] Score histogram:
[cartographer_node-1] Count: 26  Min: 0.592694  Max: 0.823599  Mean: 0.70198
[cartographer_node-1] [0.592694, 0.615784)	                ####	Count: 5 (19.2308%)	Total: 5 (19.2308%)
[cartographer_node-1] [0.615784, 0.638875)	                  ##	Count: 2 (7.69231%)	Total: 7 (26.9231%)
[cartographer_node-1] [0.638875, 0.661965)	                  ##	Count: 2 (7.69231%)	Total: 9 (34.6154%)
[cartographer_node-1] [0.661965, 0.685056)	                  ##	Count: 3 (11.5385%)	Total: 12 (46.1538%)
[cartographer_node-1] [0.685056, 0.708146)	                  ##	Count: 2 (7.69231%)	Total: 14 (53.8462%)
[cartographer_node-1] [0.708146, 0.731237)	                  ##	Count: 3 (11.5385%)	Total: 17 (65.3846%)
[cartographer_node-1] [0.731237, 0.754327)	                   #	Count: 1 (3.84615%)	Total: 18 (69.2308%)
[cartographer_node-1] [0.754327, 0.777418)	                  ##	Count: 2 (7.69231%)	Total: 20 (76.9231%)
[cartographer_node-1] [0.777418, 0.800508)	                 ###	Count: 4 (15.3846%)	Total: 24 (92.3077%)
[cartographer_node-1] [0.800508, 0.823599]	                  ##	Count: 2 (7.69231%)	Total: 26 (100%)
[cartographer_node-1] [INFO] [1778746557.537799259] [cartographer logger]: I0514 17:15:57.000000 36297 pose_graph_2d.cc:538] Remaining work items in queue: 1
[cartographer_node-1] [INFO] [1778746557.537820084] [cartographer logger]: I0514 17:15:57.000000 36297 constraint_builder_2d.cc:294] 0 computations resulted in 0 additional constraints.
[cartographer_node-1] [INFO] [1778746557.538207565] [cartographer logger]: I0514 17:15:57.000000 36297 constraint_builder_2d.cc:296] Score histogram:
[cartographer_node-1] Count: 26  Min: 0.592694  Max: 0.823599  Mean: 0.70198
[cartographer_node-1] [0.592694, 0.615784)	                ####	Count: 5 (19.2308%)	Total: 5 (19.2308%)
[cartographer_node-1] [0.615784, 0.638875)	                  ##	Count: 2 (7.69231%)	Total: 7 (26.9231%)
[cartographer_node-1] [0.638875, 0.661965)	                  ##	Count: 2 (7.69231%)	Total: 9 (34.6154%)
[cartographer_node-1] [0.661965, 0.685056)	                  ##	Count: 3 (11.5385%)	Total: 12 (46.1538%)
[cartographer_node-1] [0.685056, 0.708146)	                  ##	Count: 2 (7.69231%)	Total: 14 (53.8462%)
[cartographer_node-1] [0.708146, 0.731237)	                  ##	Count: 3 (11.5385%)	Total: 17 (65.3846%)
[cartographer_node-1] [0.731237, 0.754327)	                   #	Count: 1 (3.84615%)	Total: 18 (69.2308%)
[cartographer_node-1] [0.754327, 0.777418)	                  ##	Count: 2 (7.69231%)	Total: 20 (76.9231%)
[cartographer_node-1] [0.777418, 0.800508)	                 ###	Count: 4 (15.3846%)	Total: 24 (92.3077%)
[cartographer_node-1] [0.800508, 0.823599]	                  ##	Count: 2 (7.69231%)	Total: 26 (100%)
[cartographer_node-1] [INFO] [1778746557.655947903] [cartographer logger]: I0514 17:15:57.000000 36297 pose_graph_2d.cc:538] Remaining work items in queue: 0
[cartographer_node-1] [INFO] [1778746557.655975109] [cartographer logger]: I0514 17:15:57.000000 36297 constraint_builder_2d.cc:294] 0 computations resulted in 0 additional constraints.
[cartographer_node-1] [INFO] [1778746557.656108588] [cartographer logger]: I0514 17:15:57.000000 36297 constraint_builder_2d.cc:296] Score histogram:
[cartographer_node-1] Count: 26  Min: 0.592694  Max: 0.823599  Mean: 0.70198
[cartographer_node-1] [0.592694, 0.615784)	                ####	Count: 5 (19.2308%)	Total: 5 (19.2308%)
[cartographer_node-1] [0.615784, 0.638875)	                  ##	Count: 2 (7.69231%)	Total: 7 (26.9231%)
[cartographer_node-1] [0.638875, 0.661965)	                  ##	Count: 2 (7.69231%)	Total: 9 (34.6154%)
[cartographer_node-1] [0.661965, 0.685056)	                  ##	Count: 3 (11.5385%)	Total: 12 (46.1538%)
[cartographer_node-1] [0.685056, 0.708146)	                  ##	Count: 2 (7.69231%)	Total: 14 (53.8462%)
[cartographer_node-1] [0.708146, 0.731237)	                  ##	Count: 3 (11.5385%)	Total: 17 (65.3846%)
[cartographer_node-1] [0.731237, 0.754327)	                   #	Count: 1 (3.84615%)	Total: 18 (69.2308%)
[cartographer_node-1] [0.754327, 0.777418)	                  ##	Count: 2 (7.69231%)	Total: 20 (76.9231%)
[cartographer_node-1] [0.777418, 0.800508)	                 ###	Count: 4 (15.3846%)	Total: 24 (92.3077%)
[cartographer_node-1] [0.800508, 0.823599]	                  ##	Count: 2 (7.69231%)	Total: 26 (100%)
[cartographer_node-1] [INFO] [1778746557.734359242] [cartographer logger]: I0514 17:15:57.000000 36300 pose_graph_2d.cc:538] Remaining work items in queue: 1
[cartographer_node-1] [INFO] [1778746557.754121541] [cartographer logger]: I0514 17:15:57.000000 36300 constraint_builder_2d.cc:294] 1 computations resulted in 0 additional constraints.
[cartographer_node-1] [INFO] [1778746557.754154186] [cartographer logger]: I0514 17:15:57.000000 36300 constraint_builder_2d.cc:296] Score histogram:
[cartographer_node-1] Count: 26  Min: 0.592694  Max: 0.823599  Mean: 0.70198
[cartographer_node-1] [0.592694, 0.615784)	                ####	Count: 5 (19.2308%)	Total: 5 (19.2308%)
[cartographer_node-1] [0.615784, 0.638875)	                  ##	Count: 2 (7.69231%)	Total: 7 (26.9231%)
[cartographer_node-1] [0.638875, 0.661965)	                  ##	Count: 2 (7.69231%)	Total: 9 (34.6154%)
[cartographer_node-1] [0.661965, 0.685056)	                  ##	Count: 3 (11.5385%)	Total: 12 (46.1538%)
[cartographer_node-1] [0.685056, 0.708146)	                  ##	Count: 2 (7.69231%)	Total: 14 (53.8462%)
[cartographer_node-1] [0.708146, 0.731237)	                  ##	Count: 3 (11.5385%)	Total: 17 (65.3846%)
[cartographer_node-1] [0.731237, 0.754327)	                   #	Count: 1 (3.84615%)	Total: 18 (69.2308%)
[cartographer_node-1] [0.754327, 0.777418)	                  ##	Count: 2 (7.69231%)	Total: 20 (76.9231%)
[cartographer_node-1] [0.777418, 0.800508)	                 ###	Count: 4 (15.3846%)	Total: 24 (92.3077%)
[cartographer_node-1] [0.800508, 0.823599]	                  ##	Count: 2 (7.69231%)	Total: 26 (100%)
[cartographer_node-1] [INFO] [1778746557.838342225] [cartographer logger]: I0514 17:15:57.000000 36298 pose_graph_2d.cc:538] Remaining work items in queue: 1
[cartographer_node-1] [INFO] [1778746557.838364247] [cartographer logger]: I0514 17:15:57.000000 36298 constraint_builder_2d.cc:294] 0 computations resulted in 0 additional constraints.
[cartographer_node-1] [INFO] [1778746557.838697712] [cartographer logger]: I0514 17:15:57.000000 36298 constraint_builder_2d.cc:296] Score histogram:
[cartographer_node-1] Count: 26  Min: 0.592694  Max: 0.823599  Mean: 0.70198
[cartographer_node-1] [0.592694, 0.615784)	                ####	Count: 5 (19.2308%)	Total: 5 (19.2308%)
[cartographer_node-1] [0.615784, 0.638875)	                  ##	Count: 2 (7.69231%)	Total: 7 (26.9231%)
[cartographer_node-1] [0.638875, 0.661965)	                  ##	Count: 2 (7.69231%)	Total: 9 (34.6154%)
[cartographer_node-1] [0.661965, 0.685056)	                  ##	Count: 3 (11.5385%)	Total: 12 (46.1538%)
[cartographer_node-1] [0.685056, 0.708146)	                  ##	Count: 2 (7.69231%)	Total: 14 (53.8462%)
[cartographer_node-1] [0.708146, 0.731237)	                  ##	Count: 3 (11.5385%)	Total: 17 (65.3846%)
[cartographer_node-1] [0.731237, 0.754327)	                   #	Count: 1 (3.84615%)	Total: 18 (69.2308%)
[cartographer_node-1] [0.754327, 0.777418)	                  ##	Count: 2 (7.69231%)	Total: 20 (76.9231%)
[cartographer_node-1] [0.777418, 0.800508)	                 ###	Count: 4 (15.3846%)	Total: 24 (92.3077%)
[cartographer_node-1] [0.800508, 0.823599]	                  ##	Count: 2 (7.69231%)	Total: 26 (100%)
[cartographer_node-1] [INFO] [1778746557.888138241] [cartographer logger]: I0514 17:15:57.000000 36300 pose_graph_2d.cc:538] Remaining work items in queue: 0
[cartographer_node-1] [INFO] [1778746557.888196221] [cartographer logger]: I0514 17:15:57.000000 36300 constraint_builder_2d.cc:294] 0 computations resulted in 0 additional constraints.
[cartographer_node-1] [INFO] [1778746557.888705295] [cartographer logger]: I0514 17:15:57.000000 36300 constraint_builder_2d.cc:296] Score histogram:
[cartographer_node-1] Count: 26  Min: 0.592694  Max: 0.823599  Mean: 0.70198
[cartographer_node-1] [0.592694, 0.615784)	                ####	Count: 5 (19.2308%)	Total: 5 (19.2308%)
[cartographer_node-1] [0.615784, 0.638875)	                  ##	Count: 2 (7.69231%)	Total: 7 (26.9231%)
[cartographer_node-1] [0.638875, 0.661965)	                  ##	Count: 2 (7.69231%)	Total: 9 (34.6154%)
[cartographer_node-1] [0.661965, 0.685056)	                  ##	Count: 3 (11.5385%)	Total: 12 (46.1538%)
[cartographer_node-1] [0.685056, 0.708146)	                  ##	Count: 2 (7.69231%)	Total: 14 (53.8462%)
[cartographer_node-1] [0.708146, 0.731237)	                  ##	Count: 3 (11.5385%)	Total: 17 (65.3846%)
[cartographer_node-1] [0.731237, 0.754327)	                   #	Count: 1 (3.84615%)	Total: 18 (69.2308%)
[cartographer_node-1] [0.754327, 0.777418)	                  ##	Count: 2 (7.69231%)	Total: 20 (76.9231%)
[cartographer_node-1] [0.777418, 0.800508)	                 ###	Count: 4 (15.3846%)	Total: 24 (92.3077%)
[cartographer_node-1] [0.800508, 0.823599]	                  ##	Count: 2 (7.69231%)	Total: 26 (100%)
[cartographer_node-1] [INFO] [1778746557.964986358] [cartographer logger]: I0514 17:15:57.000000 36300 pose_graph_2d.cc:538] Remaining work items in queue: 1
[cartographer_node-1] [INFO] [1778746557.965007169] [cartographer logger]: I0514 17:15:57.000000 36300 constraint_builder_2d.cc:294] 0 computations resulted in 0 additional constraints.
[cartographer_node-1] [INFO] [1778746557.965418708] [cartographer logger]: I0514 17:15:57.000000 36300 constraint_builder_2d.cc:296] Score histogram:
[cartographer_node-1] Count: 26  Min: 0.592694  Max: 0.823599  Mean: 0.70198
[cartographer_node-1] [0.592694, 0.615784)	                ####	Count: 5 (19.2308%)	Total: 5 (19.2308%)
[cartographer_node-1] [0.615784, 0.638875)	                  ##	Count: 2 (7.69231%)	Total: 7 (26.9231%)
[cartographer_node-1] [0.638875, 0.661965)	                  ##	Count: 2 (7.69231%)	Total: 9 (34.6154%)
[cartographer_node-1] [0.661965, 0.685056)	                  ##	Count: 3 (11.5385%)	Total: 12 (46.1538%)
[cartographer_node-1] [0.685056, 0.708146)	                  ##	Count: 2 (7.69231%)	Total: 14 (53.8462%)
[cartographer_node-1] [0.708146, 0.731237)	                  ##	Count: 3 (11.5385%)	Total: 17 (65.3846%)
[cartographer_node-1] [0.731237, 0.754327)	                   #	Count: 1 (3.84615%)	Total: 18 (69.2308%)
[cartographer_node-1] [0.754327, 0.777418)	                  ##	Count: 2 (7.69231%)	Total: 20 (76.9231%)
[cartographer_node-1] [0.777418, 0.800508)	                 ###	Count: 4 (15.3846%)	Total: 24 (92.3077%)
[cartographer_node-1] [0.800508, 0.823599]	                  ##	Count: 2 (7.69231%)	Total: 26 (100%)
[cartographer_node-1] [INFO] [1778746558.042567137] [cartographer logger]: I0514 17:15:58.000000 36298 pose_graph_2d.cc:538] Remaining work items in queue: 1
[cartographer_node-1] [INFO] [1778746558.042591276] [cartographer logger]: I0514 17:15:58.000000 36298 constraint_builder_2d.cc:294] 0 computations resulted in 0 additional constraints.
[cartographer_node-1] [INFO] [1778746558.042786097] [cartographer logger]: I0514 17:15:58.000000 36298 constraint_builder_2d.cc:296] Score histogram:
[cartographer_node-1] Count: 26  Min: 0.592694  Max: 0.823599  Mean: 0.70198
[cartographer_node-1] [0.592694, 0.615784)	                ####	Count: 5 (19.2308%)	Total: 5 (19.2308%)
[cartographer_node-1] [0.615784, 0.638875)	                  ##	Count: 2 (7.69231%)	Total: 7 (26.9231%)
[cartographer_node-1] [0.638875, 0.661965)	                  ##	Count: 2 (7.69231%)	Total: 9 (34.6154%)
[cartographer_node-1] [0.661965, 0.685056)	                  ##	Count: 3 (11.5385%)	Total: 12 (46.1538%)
[cartographer_node-1] [0.685056, 0.708146)	                  ##	Count: 2 (7.69231%)	Total: 14 (53.8462%)
[cartographer_node-1] [0.708146, 0.731237)	                  ##	Count: 3 (11.5385%)	Total: 17 (65.3846%)
[cartographer_node-1] [0.731237, 0.754327)	                   #	Count: 1 (3.84615%)	Total: 18 (69.2308%)
[cartographer_node-1] [0.754327, 0.777418)	                  ##	Count: 2 (7.69231%)	Total: 20 (76.9231%)
[cartographer_node-1] [0.777418, 0.800508)	                 ###	Count: 4 (15.3846%)	Total: 24 (92.3077%)
[cartographer_node-1] [0.800508, 0.823599]	                  ##	Count: 2 (7.69231%)	Total: 26 (100%)
[cartographer_node-1] [INFO] [1778746558.111974375] [cartographer logger]: I0514 17:15:58.000000 36298 constraint_builder_2d.cc:279] Node (1, 442) with 201 points on submap (0, 12) matches with score 65.8%.
[cartographer_node-1] [INFO] [1778746558.139053085] [cartographer logger]: I0514 17:15:58.000000 36300 pose_graph_2d.cc:538] Remaining work items in queue: 1
[cartographer_node-1] [INFO] [1778746558.139082836] [cartographer logger]: I0514 17:15:58.000000 36300 constraint_builder_2d.cc:294] 1 computations resulted in 1 additional constraints.
[cartographer_node-1] [INFO] [1778746558.139475080] [cartographer logger]: I0514 17:15:58.000000 36300 constraint_builder_2d.cc:296] Score histogram:
[cartographer_node-1] Count: 27  Min: 0.592694  Max: 0.823599  Mean: 0.700365
[cartographer_node-1] [0.592694, 0.615784)	                ####	Count: 5 (18.5185%)	Total: 5 (18.5185%)
[cartographer_node-1] [0.615784, 0.638875)	                   #	Count: 2 (7.40741%)	Total: 7 (25.9259%)
[cartographer_node-1] [0.638875, 0.661965)	                  ##	Count: 3 (11.1111%)	Total: 10 (37.037%)
[cartographer_node-1] [0.661965, 0.685056)	                  ##	Count: 3 (11.1111%)	Total: 13 (48.1481%)
[cartographer_node-1] [0.685056, 0.708146)	                   #	Count: 2 (7.40741%)	Total: 15 (55.5556%)
[cartographer_node-1] [0.708146, 0.731237)	                  ##	Count: 3 (11.1111%)	Total: 18 (66.6667%)
[cartographer_node-1] [0.731237, 0.754327)	                   #	Count: 1 (3.7037%)	Total: 19 (70.3704%)
[cartographer_node-1] [0.754327, 0.777418)	                   #	Count: 2 (7.40741%)	Total: 21 (77.7778%)
[cartographer_node-1] [0.777418, 0.800508)	                 ###	Count: 4 (14.8148%)	Total: 25 (92.5926%)
[cartographer_node-1] [0.800508, 0.823599]	                   #	Count: 2 (7.40741%)	Total: 27 (100%)
[cartographer_node-1] [INFO] [1778746558.215485139] [cartographer logger]: I0514 17:15:58.000000 36297 pose_graph_2d.cc:538] Remaining work items in queue: 2
[cartographer_node-1] [INFO] [1778746558.215512776] [cartographer logger]: I0514 17:15:58.000000 36297 constraint_builder_2d.cc:294] 0 computations resulted in 0 additional constraints.
[cartographer_node-1] [INFO] [1778746558.215959430] [cartographer logger]: I0514 17:15:58.000000 36297 constraint_builder_2d.cc:296] Score histogram:
[cartographer_node-1] Count: 27  Min: 0.592694  Max: 0.823599  Mean: 0.700365
[cartographer_node-1] [0.592694, 0.615784)	                ####	Count: 5 (18.5185%)	Total: 5 (18.5185%)
[cartographer_node-1] [0.615784, 0.638875)	                   #	Count: 2 (7.40741%)	Total: 7 (25.9259%)
[cartographer_node-1] [0.638875, 0.661965)	                  ##	Count: 3 (11.1111%)	Total: 10 (37.037%)
[cartographer_node-1] [0.661965, 0.685056)	                  ##	Count: 3 (11.1111%)	Total: 13 (48.1481%)
[cartographer_node-1] [0.685056, 0.708146)	                   #	Count: 2 (7.40741%)	Total: 15 (55.5556%)
[cartographer_node-1] [0.708146, 0.731237)	                  ##	Count: 3 (11.1111%)	Total: 18 (66.6667%)
[cartographer_node-1] [0.731237, 0.754327)	                   #	Count: 1 (3.7037%)	Total: 19 (70.3704%)
[cartographer_node-1] [0.754327, 0.777418)	                   #	Count: 2 (7.40741%)	Total: 21 (77.7778%)
[cartographer_node-1] [0.777418, 0.800508)	                 ###	Count: 4 (14.8148%)	Total: 25 (92.5926%)
[cartographer_node-1] [0.800508, 0.823599]	                   #	Count: 2 (7.40741%)	Total: 27 (100%)
[cartographer_node-1] [INFO] [1778746558.276297987] [cartographer logger]: I0514 17:15:58.000000 36300 pose_graph_2d.cc:538] Remaining work items in queue: 1
[cartographer_node-1] [INFO] [1778746558.310407966] [cartographer logger]: I0514 17:15:58.000000 36258 pose_graph_2d.cc:148] Inserted submap (1, 5).
[cartographer_node-1] [INFO] [1778746558.330499214] [cartographer logger]: I0514 17:15:58.000000 36298 constraint_builder_2d.cc:279] Node (0, 54) with 207 points on submap (1, 3) matches with score 64.6%.
[cartographer_node-1] [INFO] [1778746558.379611773] [cartographer logger]: I0514 17:15:58.000000 36298 constraint_builder_2d.cc:279] Node (0, 654) with 205 points on submap (1, 3) matches with score 64.1%.
[cartographer_node-1] [INFO] [1778746558.405637778] [cartographer logger]: I0514 17:15:58.000000 36299 constraint_builder_2d.cc:279] Node (0, 1254) with 208 points on submap (1, 3) matches with score 66.1%.
[cartographer_node-1] [INFO] [1778746558.405663925] [cartographer logger]: I0514 17:15:58.000000 36299 constraint_builder_2d.cc:294] 8 computations resulted in 3 additional constraints.
[cartographer_node-1] [INFO] [1778746558.405681920] [cartographer logger]: I0514 17:15:58.000000 36299 constraint_builder_2d.cc:296] Score histogram:
[cartographer_node-1] Count: 30  Min: 0.592694  Max: 0.823599  Mean: 0.695273
[cartographer_node-1] [0.592694, 0.615784)	                 ###	Count: 5 (16.6667%)	Total: 5 (16.6667%)
[cartographer_node-1] [0.615784, 0.638875)	                   #	Count: 2 (6.66667%)	Total: 7 (23.3333%)
[cartographer_node-1] [0.638875, 0.661965)	                ####	Count: 6 (20%)	Total: 13 (43.3333%)
[cartographer_node-1] [0.661965, 0.685056)	                  ##	Count: 3 (10%)	Total: 16 (53.3333%)
[cartographer_node-1] [0.685056, 0.708146)	                   #	Count: 2 (6.66667%)	Total: 18 (60%)
[cartographer_node-1] [0.708146, 0.731237)	                  ##	Count: 3 (10%)	Total: 21 (70%)
[cartographer_node-1] [0.731237, 0.754327)	                   #	Count: 1 (3.33333%)	Total: 22 (73.3333%)
[cartographer_node-1] [0.754327, 0.777418)	                   #	Count: 2 (6.66667%)	Total: 24 (80%)
[cartographer_node-1] [0.777418, 0.800508)	                 ###	Count: 4 (13.3333%)	Total: 28 (93.3333%)
[cartographer_node-1] [0.800508, 0.823599]	                   #	Count: 2 (6.66667%)	Total: 30 (100%)
[cartographer_node-1] [INFO] [1778746558.420952538] [cartographer logger]: I0514 17:15:58.000000 36299 pose_graph_2d.cc:538] Remaining work items in queue: 10
[cartographer_node-1] [INFO] [1778746558.421024452] [cartographer logger]: I0514 17:15:58.000000 36299 constraint_builder_2d.cc:294] 0 computations resulted in 0 additional constraints.
[cartographer_node-1] [INFO] [1778746558.421456328] [cartographer logger]: I0514 17:15:58.000000 36299 constraint_builder_2d.cc:296] Score histogram:
[cartographer_node-1] Count: 30  Min: 0.592694  Max: 0.823599  Mean: 0.695273
[cartographer_node-1] [0.592694, 0.615784)	                 ###	Count: 5 (16.6667%)	Total: 5 (16.6667%)
[cartographer_node-1] [0.615784, 0.638875)	                   #	Count: 2 (6.66667%)	Total: 7 (23.3333%)
[cartographer_node-1] [0.638875, 0.661965)	                ####	Count: 6 (20%)	Total: 13 (43.3333%)
[cartographer_node-1] [0.661965, 0.685056)	                  ##	Count: 3 (10%)	Total: 16 (53.3333%)
[cartographer_node-1] [0.685056, 0.708146)	                   #	Count: 2 (6.66667%)	Total: 18 (60%)
[cartographer_node-1] [0.708146, 0.731237)	                  ##	Count: 3 (10%)	Total: 21 (70%)
[cartographer_node-1] [0.731237, 0.754327)	                   #	Count: 1 (3.33333%)	Total: 22 (73.3333%)
[cartographer_node-1] [0.754327, 0.777418)	                   #	Count: 2 (6.66667%)	Total: 24 (80%)
[cartographer_node-1] [0.777418, 0.800508)	                 ###	Count: 4 (13.3333%)	Total: 28 (93.3333%)
[cartographer_node-1] [0.800508, 0.823599]	                   #	Count: 2 (6.66667%)	Total: 30 (100%)
[cartographer_node-1] [INFO] [1778746558.437619215] [cartographer logger]: I0514 17:15:58.000000 36299 pose_graph_2d.cc:538] Remaining work items in queue: 1
[cartographer_node-1] [INFO] [1778746558.437652909] [cartographer logger]: I0514 17:15:58.000000 36299 constraint_builder_2d.cc:294] 0 computations resulted in 0 additional constraints.
[cartographer_node-1] [INFO] [1778746558.437767497] [cartographer logger]: I0514 17:15:58.000000 36299 constraint_builder_2d.cc:296] Score histogram:
[cartographer_node-1] Count: 30  Min: 0.592694  Max: 0.823599  Mean: 0.695273
[cartographer_node-1] [0.592694, 0.615784)	                 ###	Count: 5 (16.6667%)	Total: 5 (16.6667%)
[cartographer_node-1] [0.615784, 0.638875)	                   #	Count: 2 (6.66667%)	Total: 7 (23.3333%)
[cartographer_node-1] [0.638875, 0.661965)	                ####	Count: 6 (20%)	Total: 13 (43.3333%)
[cartographer_node-1] [0.661965, 0.685056)	                  ##	Count: 3 (10%)	Total: 16 (53.3333%)
[cartographer_node-1] [0.685056, 0.708146)	                   #	Count: 2 (6.66667%)	Total: 18 (60%)
[cartographer_node-1] [0.708146, 0.731237)	                  ##	Count: 3 (10%)	Total: 21 (70%)
[cartographer_node-1] [0.731237, 0.754327)	                   #	Count: 1 (3.33333%)	Total: 22 (73.3333%)
[cartographer_node-1] [0.754327, 0.777418)	                   #	Count: 2 (6.66667%)	Total: 24 (80%)
[cartographer_node-1] [0.777418, 0.800508)	                 ###	Count: 4 (13.3333%)	Total: 28 (93.3333%)
[cartographer_node-1] [0.800508, 0.823599]	                   #	Count: 2 (6.66667%)	Total: 30 (100%)
[cartographer_node-1] [INFO] [1778746558.515623829] [cartographer logger]: I0514 17:15:58.000000 36298 pose_graph_2d.cc:538] Remaining work items in queue: 1
[cartographer_node-1] [INFO] [1778746558.521815207] [cartographer logger]: I0514 17:15:58.000000 36300 constraint_builder_2d.cc:294] 1 computations resulted in 0 additional constraints.
[cartographer_node-1] [INFO] [1778746558.521852743] [cartographer logger]: I0514 17:15:58.000000 36300 constraint_builder_2d.cc:296] Score histogram:
[cartographer_node-1] Count: 30  Min: 0.592694  Max: 0.823599  Mean: 0.695273
[cartographer_node-1] [0.592694, 0.615784)	                 ###	Count: 5 (16.6667%)	Total: 5 (16.6667%)
[cartographer_node-1] [0.615784, 0.638875)	                   #	Count: 2 (6.66667%)	Total: 7 (23.3333%)
[cartographer_node-1] [0.638875, 0.661965)	                ####	Count: 6 (20%)	Total: 13 (43.3333%)
[cartographer_node-1] [0.661965, 0.685056)	                  ##	Count: 3 (10%)	Total: 16 (53.3333%)
[cartographer_node-1] [0.685056, 0.708146)	                   #	Count: 2 (6.66667%)	Total: 18 (60%)
[cartographer_node-1] [0.708146, 0.731237)	                  ##	Count: 3 (10%)	Total: 21 (70%)
[cartographer_node-1] [0.731237, 0.754327)	                   #	Count: 1 (3.33333%)	Total: 22 (73.3333%)
[cartographer_node-1] [0.754327, 0.777418)	                   #	Count: 2 (6.66667%)	Total: 24 (80%)
[cartographer_node-1] [0.777418, 0.800508)	                 ###	Count: 4 (13.3333%)	Total: 28 (93.3333%)
[cartographer_node-1] [0.800508, 0.823599]	                   #	Count: 2 (6.66667%)	Total: 30 (100%)
[cartographer_node-1] [INFO] [1778746558.575177060] [cartographer logger]: I0514 17:15:58.000000 36299 pose_graph_2d.cc:538] Remaining work items in queue: 0
[cartographer_node-1] [INFO] [1778746558.575235368] [cartographer logger]: I0514 17:15:58.000000 36299 constraint_builder_2d.cc:294] 0 computations resulted in 0 additional constraints.
[cartographer_node-1] [INFO] [1778746558.575322227] [cartographer logger]: I0514 17:15:58.000000 36299 constraint_builder_2d.cc:296] Score histogram:
[cartographer_node-1] Count: 30  Min: 0.592694  Max: 0.823599  Mean: 0.695273
[cartographer_node-1] [0.592694, 0.615784)	                 ###	Count: 5 (16.6667%)	Total: 5 (16.6667%)
[cartographer_node-1] [0.615784, 0.638875)	                   #	Count: 2 (6.66667%)	Total: 7 (23.3333%)
[cartographer_node-1] [0.638875, 0.661965)	                ####	Count: 6 (20%)	Total: 13 (43.3333%)
[cartographer_node-1] [0.661965, 0.685056)	                  ##	Count: 3 (10%)	Total: 16 (53.3333%)
[cartographer_node-1] [0.685056, 0.708146)	                   #	Count: 2 (6.66667%)	Total: 18 (60%)
[cartographer_node-1] [0.708146, 0.731237)	                  ##	Count: 3 (10%)	Total: 21 (70%)
[cartographer_node-1] [0.731237, 0.754327)	                   #	Count: 1 (3.33333%)	Total: 22 (73.3333%)
[cartographer_node-1] [0.754327, 0.777418)	                   #	Count: 2 (6.66667%)	Total: 24 (80%)
[cartographer_node-1] [0.777418, 0.800508)	                 ###	Count: 4 (13.3333%)	Total: 28 (93.3333%)
[cartographer_node-1] [0.800508, 0.823599]	                   #	Count: 2 (6.66667%)	Total: 30 (100%)
[cartographer_node-1] [INFO] [1778746558.641645826] [cartographer logger]: I0514 17:15:58.000000 36300 pose_graph_2d.cc:538] Remaining work items in queue: 1
[cartographer_node-1] [INFO] [1778746558.641693911] [cartographer logger]: I0514 17:15:58.000000 36300 constraint_builder_2d.cc:294] 0 computations resulted in 0 additional constraints.
[cartographer_node-1] [INFO] [1778746558.641779508] [cartographer logger]: I0514 17:15:58.000000 36300 constraint_builder_2d.cc:296] Score histogram:
[cartographer_node-1] Count: 30  Min: 0.592694  Max: 0.823599  Mean: 0.695273
[cartographer_node-1] [0.592694, 0.615784)	                 ###	Count: 5 (16.6667%)	Total: 5 (16.6667%)
[cartographer_node-1] [0.615784, 0.638875)	                   #	Count: 2 (6.66667%)	Total: 7 (23.3333%)
[cartographer_node-1] [0.638875, 0.661965)	                ####	Count: 6 (20%)	Total: 13 (43.3333%)
[cartographer_node-1] [0.661965, 0.685056)	                  ##	Count: 3 (10%)	Total: 16 (53.3333%)
[cartographer_node-1] [0.685056, 0.708146)	                   #	Count: 2 (6.66667%)	Total: 18 (60%)
[cartographer_node-1] [0.708146, 0.731237)	                  ##	Count: 3 (10%)	Total: 21 (70%)
[cartographer_node-1] [0.731237, 0.754327)	                   #	Count: 1 (3.33333%)	Total: 22 (73.3333%)
[cartographer_node-1] [0.754327, 0.777418)	                   #	Count: 2 (6.66667%)	Total: 24 (80%)
[cartographer_node-1] [0.777418, 0.800508)	                 ###	Count: 4 (13.3333%)	Total: 28 (93.3333%)
[cartographer_node-1] [0.800508, 0.823599]	                   #	Count: 2 (6.66667%)	Total: 30 (100%)
[cartographer_node-1] [INFO] [1778746558.746093395] [cartographer logger]: I0514 17:15:58.000000 36300 pose_graph_2d.cc:538] Remaining work items in queue: 0
[cartographer_node-1] [INFO] [1778746558.746139261] [cartographer logger]: I0514 17:15:58.000000 36300 constraint_builder_2d.cc:294] 0 computations resulted in 0 additional constraints.
[cartographer_node-1] [INFO] [1778746558.746499876] [cartographer logger]: I0514 17:15:58.000000 36300 constraint_builder_2d.cc:296] Score histogram:
[cartographer_node-1] Count: 30  Min: 0.592694  Max: 0.823599  Mean: 0.695273
[cartographer_node-1] [0.592694, 0.615784)	                 ###	Count: 5 (16.6667%)	Total: 5 (16.6667%)
[cartographer_node-1] [0.615784, 0.638875)	                   #	Count: 2 (6.66667%)	Total: 7 (23.3333%)
[cartographer_node-1] [0.638875, 0.661965)	                ####	Count: 6 (20%)	Total: 13 (43.3333%)
[cartographer_node-1] [0.661965, 0.685056)	                  ##	Count: 3 (10%)	Total: 16 (53.3333%)
[cartographer_node-1] [0.685056, 0.708146)	                   #	Count: 2 (6.66667%)	Total: 18 (60%)
[cartographer_node-1] [0.708146, 0.731237)	                  ##	Count: 3 (10%)	Total: 21 (70%)
[cartographer_node-1] [0.731237, 0.754327)	                   #	Count: 1 (3.33333%)	Total: 22 (73.3333%)
[cartographer_node-1] [0.754327, 0.777418)	                   #	Count: 2 (6.66667%)	Total: 24 (80%)
[cartographer_node-1] [0.777418, 0.800508)	                 ###	Count: 4 (13.3333%)	Total: 28 (93.3333%)
[cartographer_node-1] [0.800508, 0.823599]	                   #	Count: 2 (6.66667%)	Total: 30 (100%)
[cartographer_node-1] [INFO] [1778746558.798814349] [cartographer logger]: I0514 17:15:58.000000 36298 pose_graph_2d.cc:538] Remaining work items in queue: 1
[cartographer_node-1] [INFO] [1778746558.798904454] [cartographer logger]: I0514 17:15:58.000000 36298 constraint_builder_2d.cc:294] 0 computations resulted in 0 additional constraints.
[cartographer_node-1] [INFO] [1778746558.799003535] [cartographer logger]: I0514 17:15:58.000000 36298 constraint_builder_2d.cc:296] Score histogram:
[cartographer_node-1] Count: 30  Min: 0.592694  Max: 0.823599  Mean: 0.695273
[cartographer_node-1] [0.592694, 0.615784)	                 ###	Count: 5 (16.6667%)	Total: 5 (16.6667%)
[cartographer_node-1] [0.615784, 0.638875)	                   #	Count: 2 (6.66667%)	Total: 7 (23.3333%)
[cartographer_node-1] [0.638875, 0.661965)	                ####	Count: 6 (20%)	Total: 13 (43.3333%)
[cartographer_node-1] [0.661965, 0.685056)	                  ##	Count: 3 (10%)	Total: 16 (53.3333%)
[cartographer_node-1] [0.685056, 0.708146)	                   #	Count: 2 (6.66667%)	Total: 18 (60%)
[cartographer_node-1] [0.708146, 0.731237)	                  ##	Count: 3 (10%)	Total: 21 (70%)
[cartographer_node-1] [0.731237, 0.754327)	                   #	Count: 1 (3.33333%)	Total: 22 (73.3333%)
[cartographer_node-1] [0.754327, 0.777418)	                   #	Count: 2 (6.66667%)	Total: 24 (80%)
[cartographer_node-1] [0.777418, 0.800508)	                 ###	Count: 4 (13.3333%)	Total: 28 (93.3333%)
[cartographer_node-1] [0.800508, 0.823599]	                   #	Count: 2 (6.66667%)	Total: 30 (100%)
[cartographer_node-1] [INFO] [1778746558.856924391] [cartographer logger]: I0514 17:15:58.000000 36299 pose_graph_2d.cc:538] Remaining work items in queue: 1
[cartographer_node-1] [INFO] [1778746558.856947235] [cartographer logger]: I0514 17:15:58.000000 36299 constraint_builder_2d.cc:294] 1 computations resulted in 0 additional constraints.
[cartographer_node-1] [INFO] [1778746558.856964438] [cartographer logger]: I0514 17:15:58.000000 36299 constraint_builder_2d.cc:296] Score histogram:
[cartographer_node-1] Count: 30  Min: 0.592694  Max: 0.823599  Mean: 0.695273
[cartographer_node-1] [0.592694, 0.615784)	                 ###	Count: 5 (16.6667%)	Total: 5 (16.6667%)
[cartographer_node-1] [0.615784, 0.638875)	                   #	Count: 2 (6.66667%)	Total: 7 (23.3333%)
[cartographer_node-1] [0.638875, 0.661965)	                ####	Count: 6 (20%)	Total: 13 (43.3333%)
[cartographer_node-1] [0.661965, 0.685056)	                  ##	Count: 3 (10%)	Total: 16 (53.3333%)
[cartographer_node-1] [0.685056, 0.708146)	                   #	Count: 2 (6.66667%)	Total: 18 (60%)
[cartographer_node-1] [0.708146, 0.731237)	                  ##	Count: 3 (10%)	Total: 21 (70%)
[cartographer_node-1] [0.731237, 0.754327)	                   #	Count: 1 (3.33333%)	Total: 22 (73.3333%)
[cartographer_node-1] [0.754327, 0.777418)	                   #	Count: 2 (6.66667%)	Total: 24 (80%)
[cartographer_node-1] [0.777418, 0.800508)	                 ###	Count: 4 (13.3333%)	Total: 28 (93.3333%)
[cartographer_node-1] [0.800508, 0.823599]	                   #	Count: 2 (6.66667%)	Total: 30 (100%)
[cartographer_node-1] [INFO] [1778746558.942027175] [cartographer logger]: I0514 17:15:58.000000 36297 pose_graph_2d.cc:538] Remaining work items in queue: 0
[cartographer_node-1] [INFO] [1778746558.942051210] [cartographer logger]: I0514 17:15:58.000000 36297 constraint_builder_2d.cc:294] 0 computations resulted in 0 additional constraints.
[cartographer_node-1] [INFO] [1778746558.942076159] [cartographer logger]: I0514 17:15:58.000000 36297 constraint_builder_2d.cc:296] Score histogram:
[cartographer_node-1] Count: 30  Min: 0.592694  Max: 0.823599  Mean: 0.695273
[cartographer_node-1] [0.592694, 0.615784)	                 ###	Count: 5 (16.6667%)	Total: 5 (16.6667%)
[cartographer_node-1] [0.615784, 0.638875)	                   #	Count: 2 (6.66667%)	Total: 7 (23.3333%)
[cartographer_node-1] [0.638875, 0.661965)	                ####	Count: 6 (20%)	Total: 13 (43.3333%)
[cartographer_node-1] [0.661965, 0.685056)	                  ##	Count: 3 (10%)	Total: 16 (53.3333%)
[cartographer_node-1] [0.685056, 0.708146)	                   #	Count: 2 (6.66667%)	Total: 18 (60%)
[cartographer_node-1] [0.708146, 0.731237)	                  ##	Count: 3 (10%)	Total: 21 (70%)
[cartographer_node-1] [0.731237, 0.754327)	                   #	Count: 1 (3.33333%)	Total: 22 (73.3333%)
[cartographer_node-1] [0.754327, 0.777418)	                   #	Count: 2 (6.66667%)	Total: 24 (80%)
[cartographer_node-1] [0.777418, 0.800508)	                 ###	Count: 4 (13.3333%)	Total: 28 (93.3333%)
[cartographer_node-1] [0.800508, 0.823599]	                   #	Count: 2 (6.66667%)	Total: 30 (100%)
[cartographer_node-1] [INFO] [1778746559.044758979] [cartographer logger]: I0514 17:15:59.000000 36297 pose_graph_2d.cc:538] Remaining work items in queue: 0
[cartographer_node-1] [INFO] [1778746559.044779665] [cartographer logger]: I0514 17:15:59.000000 36297 constraint_builder_2d.cc:294] 0 computations resulted in 0 additional constraints.
[cartographer_node-1] [INFO] [1778746559.045085690] [cartographer logger]: I0514 17:15:59.000000 36297 constraint_builder_2d.cc:296] Score histogram:
[cartographer_node-1] Count: 30  Min: 0.592694  Max: 0.823599  Mean: 0.695273
[cartographer_node-1] [0.592694, 0.615784)	                 ###	Count: 5 (16.6667%)	Total: 5 (16.6667%)
[cartographer_node-1] [0.615784, 0.638875)	                   #	Count: 2 (6.66667%)	Total: 7 (23.3333%)
[cartographer_node-1] [0.638875, 0.661965)	                ####	Count: 6 (20%)	Total: 13 (43.3333%)
[cartographer_node-1] [0.661965, 0.685056)	                  ##	Count: 3 (10%)	Total: 16 (53.3333%)
[cartographer_node-1] [0.685056, 0.708146)	                   #	Count: 2 (6.66667%)	Total: 18 (60%)
[cartographer_node-1] [0.708146, 0.731237)	                  ##	Count: 3 (10%)	Total: 21 (70%)
[cartographer_node-1] [0.731237, 0.754327)	                   #	Count: 1 (3.33333%)	Total: 22 (73.3333%)
[cartographer_node-1] [0.754327, 0.777418)	                   #	Count: 2 (6.66667%)	Total: 24 (80%)
[cartographer_node-1] [0.777418, 0.800508)	                 ###	Count: 4 (13.3333%)	Total: 28 (93.3333%)
[cartographer_node-1] [0.800508, 0.823599]	                   #	Count: 2 (6.66667%)	Total: 30 (100%)
[cartographer_node-1] [INFO] [1778746559.121902400] [cartographer logger]: I0514 17:15:59.000000 36297 pose_graph_2d.cc:538] Remaining work items in queue: 1
[cartographer_node-1] [INFO] [1778746559.121963569] [cartographer logger]: I0514 17:15:59.000000 36299 constraint_builder_2d.cc:294] 0 computations resulted in 0 additional constraints.
[cartographer_node-1] [INFO] [1778746559.122067871] [cartographer logger]: I0514 17:15:59.000000 36299 constraint_builder_2d.cc:296] Score histogram:
[cartographer_node-1] Count: 30  Min: 0.592694  Max: 0.823599  Mean: 0.695273
[cartographer_node-1] [0.592694, 0.615784)	                 ###	Count: 5 (16.6667%)	Total: 5 (16.6667%)
[cartographer_node-1] [0.615784, 0.638875)	                   #	Count: 2 (6.66667%)	Total: 7 (23.3333%)
[cartographer_node-1] [0.638875, 0.661965)	                ####	Count: 6 (20%)	Total: 13 (43.3333%)
[cartographer_node-1] [0.661965, 0.685056)	                  ##	Count: 3 (10%)	Total: 16 (53.3333%)
[cartographer_node-1] [0.685056, 0.708146)	                   #	Count: 2 (6.66667%)	Total: 18 (60%)
[cartographer_node-1] [0.708146, 0.731237)	                  ##	Count: 3 (10%)	Total: 21 (70%)
[cartographer_node-1] [0.731237, 0.754327)	                   #	Count: 1 (3.33333%)	Total: 22 (73.3333%)
[cartographer_node-1] [0.754327, 0.777418)	                   #	Count: 2 (6.66667%)	Total: 24 (80%)
[cartographer_node-1] [0.777418, 0.800508)	                 ###	Count: 4 (13.3333%)	Total: 28 (93.3333%)
[cartographer_node-1] [0.800508, 0.823599]	                   #	Count: 2 (6.66667%)	Total: 30 (100%)
[cartographer_node-1] [INFO] [1778746559.273162888] [cartographer logger]: I0514 17:15:59.000000 36299 pose_graph_2d.cc:538] Remaining work items in queue: 0
[cartographer_node-1] [INFO] [1778746559.310434498] [cartographer logger]: I0514 17:15:59.000000 36299 constraint_builder_2d.cc:294] 1 computations resulted in 0 additional constraints.
[cartographer_node-1] [INFO] [1778746559.310468747] [cartographer logger]: I0514 17:15:59.000000 36299 constraint_builder_2d.cc:296] Score histogram:
[cartographer_node-1] Count: 30  Min: 0.592694  Max: 0.823599  Mean: 0.695273
[cartographer_node-1] [0.592694, 0.615784)	                 ###	Count: 5 (16.6667%)	Total: 5 (16.6667%)
[cartographer_node-1] [0.615784, 0.638875)	                   #	Count: 2 (6.66667%)	Total: 7 (23.3333%)
[cartographer_node-1] [0.638875, 0.661965)	                ####	Count: 6 (20%)	Total: 13 (43.3333%)
[cartographer_node-1] [0.661965, 0.685056)	                  ##	Count: 3 (10%)	Total: 16 (53.3333%)
[cartographer_node-1] [0.685056, 0.708146)	                   #	Count: 2 (6.66667%)	Total: 18 (60%)
[cartographer_node-1] [0.708146, 0.731237)	                  ##	Count: 3 (10%)	Total: 21 (70%)
[cartographer_node-1] [0.731237, 0.754327)	                   #	Count: 1 (3.33333%)	Total: 22 (73.3333%)
[cartographer_node-1] [0.754327, 0.777418)	                   #	Count: 2 (6.66667%)	Total: 24 (80%)
[cartographer_node-1] [0.777418, 0.800508)	                 ###	Count: 4 (13.3333%)	Total: 28 (93.3333%)
[cartographer_node-1] [0.800508, 0.823599]	                   #	Count: 2 (6.66667%)	Total: 30 (100%)
[cartographer_node-1] [INFO] [1778746559.344242685] [cartographer logger]: I0514 17:15:59.000000 36300 pose_graph_2d.cc:538] Remaining work items in queue: 0
[cartographer_node-1] [INFO] [1778746559.344270158] [cartographer logger]: I0514 17:15:59.000000 36300 constraint_builder_2d.cc:294] 0 computations resulted in 0 additional constraints.
[cartographer_node-1] [INFO] [1778746559.344585383] [cartographer logger]: I0514 17:15:59.000000 36300 constraint_builder_2d.cc:296] Score histogram:
[cartographer_node-1] Count: 30  Min: 0.592694  Max: 0.823599  Mean: 0.695273
[cartographer_node-1] [0.592694, 0.615784)	                 ###	Count: 5 (16.6667%)	Total: 5 (16.6667%)
[cartographer_node-1] [0.615784, 0.638875)	                   #	Count: 2 (6.66667%)	Total: 7 (23.3333%)
[cartographer_node-1] [0.638875, 0.661965)	                ####	Count: 6 (20%)	Total: 13 (43.3333%)
[cartographer_node-1] [0.661965, 0.685056)	                  ##	Count: 3 (10%)	Total: 16 (53.3333%)
[cartographer_node-1] [0.685056, 0.708146)	                   #	Count: 2 (6.66667%)	Total: 18 (60%)
[cartographer_node-1] [0.708146, 0.731237)	                  ##	Count: 3 (10%)	Total: 21 (70%)
[cartographer_node-1] [0.731237, 0.754327)	                   #	Count: 1 (3.33333%)	Total: 22 (73.3333%)
[cartographer_node-1] [0.754327, 0.777418)	                   #	Count: 2 (6.66667%)	Total: 24 (80%)
[cartographer_node-1] [0.777418, 0.800508)	                 ###	Count: 4 (13.3333%)	Total: 28 (93.3333%)
[cartographer_node-1] [0.800508, 0.823599]	                   #	Count: 2 (6.66667%)	Total: 30 (100%)
[cartographer_node-1] [INFO] [1778746559.420118988] [cartographer logger]: I0514 17:15:59.000000 36300 pose_graph_2d.cc:538] Remaining work items in queue: 0
[cartographer_node-1] [INFO] [1778746559.420145279] [cartographer logger]: I0514 17:15:59.000000 36300 constraint_builder_2d.cc:294] 0 computations resulted in 0 additional constraints.
[cartographer_node-1] [INFO] [1778746559.420575884] [cartographer logger]: I0514 17:15:59.000000 36300 constraint_builder_2d.cc:296] Score histogram:
[cartographer_node-1] Count: 30  Min: 0.592694  Max: 0.823599  Mean: 0.695273
[cartographer_node-1] [0.592694, 0.615784)	                 ###	Count: 5 (16.6667%)	Total: 5 (16.6667%)
[cartographer_node-1] [0.615784, 0.638875)	                   #	Count: 2 (6.66667%)	Total: 7 (23.3333%)
[cartographer_node-1] [0.638875, 0.661965)	                ####	Count: 6 (20%)	Total: 13 (43.3333%)
[cartographer_node-1] [0.661965, 0.685056)	                  ##	Count: 3 (10%)	Total: 16 (53.3333%)
[cartographer_node-1] [0.685056, 0.708146)	                   #	Count: 2 (6.66667%)	Total: 18 (60%)
[cartographer_node-1] [0.708146, 0.731237)	                  ##	Count: 3 (10%)	Total: 21 (70%)
[cartographer_node-1] [0.731237, 0.754327)	                   #	Count: 1 (3.33333%)	Total: 22 (73.3333%)
[cartographer_node-1] [0.754327, 0.777418)	                   #	Count: 2 (6.66667%)	Total: 24 (80%)
[cartographer_node-1] [0.777418, 0.800508)	                 ###	Count: 4 (13.3333%)	Total: 28 (93.3333%)
[cartographer_node-1] [0.800508, 0.823599]	                   #	Count: 2 (6.66667%)	Total: 30 (100%)
[cartographer_node-1] [INFO] [1778746559.523512411] [cartographer logger]: I0514 17:15:59.000000 36300 pose_graph_2d.cc:538] Remaining work items in queue: 1
[cartographer_node-1] [INFO] [1778746559.523538282] [cartographer logger]: I0514 17:15:59.000000 36300 constraint_builder_2d.cc:294] 0 computations resulted in 0 additional constraints.
[cartographer_node-1] [INFO] [1778746559.523621513] [cartographer logger]: I0514 17:15:59.000000 36300 constraint_builder_2d.cc:296] Score histogram:
[cartographer_node-1] Count: 30  Min: 0.592694  Max: 0.823599  Mean: 0.695273
[cartographer_node-1] [0.592694, 0.615784)	                 ###	Count: 5 (16.6667%)	Total: 5 (16.6667%)
[cartographer_node-1] [0.615784, 0.638875)	                   #	Count: 2 (6.66667%)	Total: 7 (23.3333%)
[cartographer_node-1] [0.638875, 0.661965)	                ####	Count: 6 (20%)	Total: 13 (43.3333%)
[cartographer_node-1] [0.661965, 0.685056)	                  ##	Count: 3 (10%)	Total: 16 (53.3333%)
[cartographer_node-1] [0.685056, 0.708146)	                   #	Count: 2 (6.66667%)	Total: 18 (60%)
[cartographer_node-1] [0.708146, 0.731237)	                  ##	Count: 3 (10%)	Total: 21 (70%)
[cartographer_node-1] [0.731237, 0.754327)	                   #	Count: 1 (3.33333%)	Total: 22 (73.3333%)
[cartographer_node-1] [0.754327, 0.777418)	                   #	Count: 2 (6.66667%)	Total: 24 (80%)
[cartographer_node-1] [0.777418, 0.800508)	                 ###	Count: 4 (13.3333%)	Total: 28 (93.3333%)
[cartographer_node-1] [0.800508, 0.823599]	                   #	Count: 2 (6.66667%)	Total: 30 (100%)
[cartographer_node-1] [INFO] [1778746559.573233906] [cartographer logger]: I0514 17:15:59.000000 36297 pose_graph_2d.cc:538] Remaining work items in queue: 0
[cartographer_node-1] [INFO] [1778746559.573301933] [cartographer logger]: I0514 17:15:59.000000 36297 constraint_builder_2d.cc:294] 0 computations resulted in 0 additional constraints.
[cartographer_node-1] [INFO] [1778746559.573395274] [cartographer logger]: I0514 17:15:59.000000 36297 constraint_builder_2d.cc:296] Score histogram:
[cartographer_node-1] Count: 30  Min: 0.592694  Max: 0.823599  Mean: 0.695273
[cartographer_node-1] [0.592694, 0.615784)	                 ###	Count: 5 (16.6667%)	Total: 5 (16.6667%)
[cartographer_node-1] [0.615784, 0.638875)	                   #	Count: 2 (6.66667%)	Total: 7 (23.3333%)
[cartographer_node-1] [0.638875, 0.661965)	                ####	Count: 6 (20%)	Total: 13 (43.3333%)
[cartographer_node-1] [0.661965, 0.685056)	                  ##	Count: 3 (10%)	Total: 16 (53.3333%)
[cartographer_node-1] [0.685056, 0.708146)	                   #	Count: 2 (6.66667%)	Total: 18 (60%)
[cartographer_node-1] [0.708146, 0.731237)	                  ##	Count: 3 (10%)	Total: 21 (70%)
[cartographer_node-1] [0.731237, 0.754327)	                   #	Count: 1 (3.33333%)	Total: 22 (73.3333%)
[cartographer_node-1] [0.754327, 0.777418)	                   #	Count: 2 (6.66667%)	Total: 24 (80%)
[cartographer_node-1] [0.777418, 0.800508)	                 ###	Count: 4 (13.3333%)	Total: 28 (93.3333%)
[cartographer_node-1] [0.800508, 0.823599]	                   #	Count: 2 (6.66667%)	Total: 30 (100%)
[cartographer_node-1] [INFO] [1778746559.637782313] [cartographer logger]: I0514 17:15:59.000000 36297 pose_graph_2d.cc:538] Remaining work items in queue: 1
[cartographer_node-1] [INFO] [1778746559.667148457] [cartographer logger]: I0514 17:15:59.000000 36300 constraint_builder_2d.cc:294] 1 computations resulted in 0 additional constraints.
[cartographer_node-1] [INFO] [1778746559.667232369] [cartographer logger]: I0514 17:15:59.000000 36300 constraint_builder_2d.cc:296] Score histogram:
[cartographer_node-1] Count: 30  Min: 0.592694  Max: 0.823599  Mean: 0.695273
[cartographer_node-1] [0.592694, 0.615784)	                 ###	Count: 5 (16.6667%)	Total: 5 (16.6667%)
[cartographer_node-1] [0.615784, 0.638875)	                   #	Count: 2 (6.66667%)	Total: 7 (23.3333%)
[cartographer_node-1] [0.638875, 0.661965)	                ####	Count: 6 (20%)	Total: 13 (43.3333%)
[cartographer_node-1] [0.661965, 0.685056)	                  ##	Count: 3 (10%)	Total: 16 (53.3333%)
[cartographer_node-1] [0.685056, 0.708146)	                   #	Count: 2 (6.66667%)	Total: 18 (60%)
[cartographer_node-1] [0.708146, 0.731237)	                  ##	Count: 3 (10%)	Total: 21 (70%)
[cartographer_node-1] [0.731237, 0.754327)	                   #	Count: 1 (3.33333%)	Total: 22 (73.3333%)
[cartographer_node-1] [0.754327, 0.777418)	                   #	Count: 2 (6.66667%)	Total: 24 (80%)
[cartographer_node-1] [0.777418, 0.800508)	                 ###	Count: 4 (13.3333%)	Total: 28 (93.3333%)
[cartographer_node-1] [0.800508, 0.823599]	                   #	Count: 2 (6.66667%)	Total: 30 (100%)
[cartographer_node-1] [INFO] [1778746559.724456280] [cartographer logger]: I0514 17:15:59.000000 36299 pose_graph_2d.cc:538] Remaining work items in queue: 0
[cartographer_node-1] [INFO] [1778746559.724477595] [cartographer logger]: I0514 17:15:59.000000 36299 constraint_builder_2d.cc:294] 0 computations resulted in 0 additional constraints.
[cartographer_node-1] [INFO] [1778746559.724641280] [cartographer logger]: I0514 17:15:59.000000 36299 constraint_builder_2d.cc:296] Score histogram:
[cartographer_node-1] Count: 30  Min: 0.592694  Max: 0.823599  Mean: 0.695273
[cartographer_node-1] [0.592694, 0.615784)	                 ###	Count: 5 (16.6667%)	Total: 5 (16.6667%)
[cartographer_node-1] [0.615784, 0.638875)	                   #	Count: 2 (6.66667%)	Total: 7 (23.3333%)
[cartographer_node-1] [0.638875, 0.661965)	                ####	Count: 6 (20%)	Total: 13 (43.3333%)
[cartographer_node-1] [0.661965, 0.685056)	                  ##	Count: 3 (10%)	Total: 16 (53.3333%)
[cartographer_node-1] [0.685056, 0.708146)	                   #	Count: 2 (6.66667%)	Total: 18 (60%)
[cartographer_node-1] [0.708146, 0.731237)	                  ##	Count: 3 (10%)	Total: 21 (70%)
[cartographer_node-1] [0.731237, 0.754327)	                   #	Count: 1 (3.33333%)	Total: 22 (73.3333%)
[cartographer_node-1] [0.754327, 0.777418)	                   #	Count: 2 (6.66667%)	Total: 24 (80%)
[cartographer_node-1] [0.777418, 0.800508)	                 ###	Count: 4 (13.3333%)	Total: 28 (93.3333%)
[cartographer_node-1] [0.800508, 0.823599]	                   #	Count: 2 (6.66667%)	Total: 30 (100%)
[cartographer_node-1] [INFO] [1778746559.800299800] [cartographer logger]: I0514 17:15:59.000000 36300 pose_graph_2d.cc:538] Remaining work items in queue: 0
[cartographer_node-1] [INFO] [1778746559.800348205] [cartographer logger]: I0514 17:15:59.000000 36300 constraint_builder_2d.cc:294] 0 computations resulted in 0 additional constraints.
[cartographer_node-1] [INFO] [1778746559.800852015] [cartographer logger]: I0514 17:15:59.000000 36300 constraint_builder_2d.cc:296] Score histogram:
[cartographer_node-1] Count: 30  Min: 0.592694  Max: 0.823599  Mean: 0.695273
[cartographer_node-1] [0.592694, 0.615784)	                 ###	Count: 5 (16.6667%)	Total: 5 (16.6667%)
[cartographer_node-1] [0.615784, 0.638875)	                   #	Count: 2 (6.66667%)	Total: 7 (23.3333%)
[cartographer_node-1] [0.638875, 0.661965)	                ####	Count: 6 (20%)	Total: 13 (43.3333%)
[cartographer_node-1] [0.661965, 0.685056)	                  ##	Count: 3 (10%)	Total: 16 (53.3333%)
[cartographer_node-1] [0.685056, 0.708146)	                   #	Count: 2 (6.66667%)	Total: 18 (60%)
[cartographer_node-1] [0.708146, 0.731237)	                  ##	Count: 3 (10%)	Total: 21 (70%)
[cartographer_node-1] [0.731237, 0.754327)	                   #	Count: 1 (3.33333%)	Total: 22 (73.3333%)
[cartographer_node-1] [0.754327, 0.777418)	                   #	Count: 2 (6.66667%)	Total: 24 (80%)
[cartographer_node-1] [0.777418, 0.800508)	                 ###	Count: 4 (13.3333%)	Total: 28 (93.3333%)
[cartographer_node-1] [0.800508, 0.823599]	                   #	Count: 2 (6.66667%)	Total: 30 (100%)
[cartographer_node-1] [INFO] [1778746559.892843869] [cartographer logger]: I0514 17:15:59.000000 36300 pose_graph_2d.cc:538] Remaining work items in queue: 0
[cartographer_node-1] [INFO] [1778746559.892867711] [cartographer logger]: I0514 17:15:59.000000 36300 constraint_builder_2d.cc:294] 0 computations resulted in 0 additional constraints.
[cartographer_node-1] [INFO] [1778746559.893107781] [cartographer logger]: I0514 17:15:59.000000 36300 constraint_builder_2d.cc:296] Score histogram:
[cartographer_node-1] Count: 30  Min: 0.592694  Max: 0.823599  Mean: 0.695273
[cartographer_node-1] [0.592694, 0.615784)	                 ###	Count: 5 (16.6667%)	Total: 5 (16.6667%)
[cartographer_node-1] [0.615784, 0.638875)	                   #	Count: 2 (6.66667%)	Total: 7 (23.3333%)
[cartographer_node-1] [0.638875, 0.661965)	                ####	Count: 6 (20%)	Total: 13 (43.3333%)
[cartographer_node-1] [0.661965, 0.685056)	                  ##	Count: 3 (10%)	Total: 16 (53.3333%)
[cartographer_node-1] [0.685056, 0.708146)	                   #	Count: 2 (6.66667%)	Total: 18 (60%)
[cartographer_node-1] [0.708146, 0.731237)	                  ##	Count: 3 (10%)	Total: 21 (70%)
[cartographer_node-1] [0.731237, 0.754327)	                   #	Count: 1 (3.33333%)	Total: 22 (73.3333%)
[cartographer_node-1] [0.754327, 0.777418)	                   #	Count: 2 (6.66667%)	Total: 24 (80%)
[cartographer_node-1] [0.777418, 0.800508)	                 ###	Count: 4 (13.3333%)	Total: 28 (93.3333%)
[cartographer_node-1] [0.800508, 0.823599]	                   #	Count: 2 (6.66667%)	Total: 30 (100%)
[cartographer_node-1] [INFO] [1778746559.940805620] [cartographer logger]: I0514 17:15:59.000000 36298 pose_graph_2d.cc:538] Remaining work items in queue: 0
[cartographer_node-1] [INFO] [1778746559.940834580] [cartographer logger]: I0514 17:15:59.000000 36298 constraint_builder_2d.cc:294] 0 computations resulted in 0 additional constraints.
[cartographer_node-1] [INFO] [1778746559.941177830] [cartographer logger]: I0514 17:15:59.000000 36298 constraint_builder_2d.cc:296] Score histogram:
[cartographer_node-1] Count: 30  Min: 0.592694  Max: 0.823599  Mean: 0.695273
[cartographer_node-1] [0.592694, 0.615784)	                 ###	Count: 5 (16.6667%)	Total: 5 (16.6667%)
[cartographer_node-1] [0.615784, 0.638875)	                   #	Count: 2 (6.66667%)	Total: 7 (23.3333%)
[cartographer_node-1] [0.638875, 0.661965)	                ####	Count: 6 (20%)	Total: 13 (43.3333%)
[cartographer_node-1] [0.661965, 0.685056)	                  ##	Count: 3 (10%)	Total: 16 (53.3333%)
[cartographer_node-1] [0.685056, 0.708146)	                   #	Count: 2 (6.66667%)	Total: 18 (60%)
[cartographer_node-1] [0.708146, 0.731237)	                  ##	Count: 3 (10%)	Total: 21 (70%)
[cartographer_node-1] [0.731237, 0.754327)	                   #	Count: 1 (3.33333%)	Total: 22 (73.3333%)
[cartographer_node-1] [0.754327, 0.777418)	                   #	Count: 2 (6.66667%)	Total: 24 (80%)
[cartographer_node-1] [0.777418, 0.800508)	                 ###	Count: 4 (13.3333%)	Total: 28 (93.3333%)
[cartographer_node-1] [0.800508, 0.823599]	                   #	Count: 2 (6.66667%)	Total: 30 (100%)
[cartographer_node-1] [INFO] [1778746560.040344619] [cartographer logger]: I0514 17:16:00.000000 36300 constraint_builder_2d.cc:279] Node (1, 514) with 161 points on submap (0, 4) matches with score 58.7%.
[cartographer_node-1] [INFO] [1778746560.119937635] [cartographer logger]: I0514 17:16:00.000000 36297 pose_graph_2d.cc:538] Remaining work items in queue: 0
[cartographer_node-1] [INFO] [1778746560.119959217] [cartographer logger]: I0514 17:16:00.000000 36297 constraint_builder_2d.cc:294] 1 computations resulted in 1 additional constraints.
[cartographer_node-1] [INFO] [1778746560.120203489] [cartographer logger]: I0514 17:16:00.000000 36297 constraint_builder_2d.cc:296] Score histogram:
[cartographer_node-1] Count: 31  Min: 0.586879  Max: 0.823599  Mean: 0.691776
[cartographer_node-1] [0.586879, 0.610551)	                 ###	Count: 5 (16.129%)	Total: 5 (16.129%)
[cartographer_node-1] [0.610551, 0.634223)	                   #	Count: 1 (3.22581%)	Total: 6 (19.3548%)
[cartographer_node-1] [0.634223, 0.657894)	                ####	Count: 6 (19.3548%)	Total: 12 (38.7097%)
[cartographer_node-1] [0.657894, 0.681567)	                 ###	Count: 4 (12.9032%)	Total: 16 (51.6129%)
[cartographer_node-1] [0.681567, 0.705239)	                  ##	Count: 3 (9.67742%)	Total: 19 (61.2903%)
[cartographer_node-1] [0.705239, 0.728911)	                  ##	Count: 3 (9.67742%)	Total: 22 (70.9677%)
[cartographer_node-1] [0.728911, 0.752583)	                   #	Count: 1 (3.22581%)	Total: 23 (74.1936%)
[cartographer_node-1] [0.752583, 0.776255)	                   #	Count: 2 (6.45161%)	Total: 25 (80.6452%)
[cartographer_node-1] [0.776255, 0.799927)	                 ###	Count: 4 (12.9032%)	Total: 29 (93.5484%)
[cartographer_node-1] [0.799927, 0.823599]	                   #	Count: 2 (6.45161%)	Total: 31 (100%)
[cartographer_node-1] [INFO] [1778746560.164569134] [cartographer logger]: I0514 17:16:00.000000 36299 pose_graph_2d.cc:538] Remaining work items in queue: 0
[cartographer_node-1] [INFO] [1778746560.164633402] [cartographer logger]: I0514 17:16:00.000000 36299 constraint_builder_2d.cc:294] 0 computations resulted in 0 additional constraints.
[cartographer_node-1] [INFO] [1778746560.164973936] [cartographer logger]: I0514 17:16:00.000000 36299 constraint_builder_2d.cc:296] Score histogram:
[cartographer_node-1] Count: 31  Min: 0.586879  Max: 0.823599  Mean: 0.691776
[cartographer_node-1] [0.586879, 0.610551)	                 ###	Count: 5 (16.129%)	Total: 5 (16.129%)
[cartographer_node-1] [0.610551, 0.634223)	                   #	Count: 1 (3.22581%)	Total: 6 (19.3548%)
[cartographer_node-1] [0.634223, 0.657894)	                ####	Count: 6 (19.3548%)	Total: 12 (38.7097%)
[cartographer_node-1] [0.657894, 0.681567)	                 ###	Count: 4 (12.9032%)	Total: 16 (51.6129%)
[cartographer_node-1] [0.681567, 0.705239)	                  ##	Count: 3 (9.67742%)	Total: 19 (61.2903%)
[cartographer_node-1] [0.705239, 0.728911)	                  ##	Count: 3 (9.67742%)	Total: 22 (70.9677%)
[cartographer_node-1] [0.728911, 0.752583)	                   #	Count: 1 (3.22581%)	Total: 23 (74.1936%)
[cartographer_node-1] [0.752583, 0.776255)	                   #	Count: 2 (6.45161%)	Total: 25 (80.6452%)
[cartographer_node-1] [0.776255, 0.799927)	                 ###	Count: 4 (12.9032%)	Total: 29 (93.5484%)
[cartographer_node-1] [0.799927, 0.823599]	                   #	Count: 2 (6.45161%)	Total: 31 (100%)
[cartographer_node-1] [INFO] [1778746560.267046810] [cartographer logger]: I0514 17:16:00.000000 36300 pose_graph_2d.cc:538] Remaining work items in queue: 0
[cartographer_node-1] [INFO] [1778746560.267085898] [cartographer logger]: I0514 17:16:00.000000 36300 constraint_builder_2d.cc:294] 0 computations resulted in 0 additional constraints.
[cartographer_node-1] [INFO] [1778746560.267163927] [cartographer logger]: I0514 17:16:00.000000 36300 constraint_builder_2d.cc:296] Score histogram:
[cartographer_node-1] Count: 31  Min: 0.586879  Max: 0.823599  Mean: 0.691776
[cartographer_node-1] [0.586879, 0.610551)	                 ###	Count: 5 (16.129%)	Total: 5 (16.129%)
[cartographer_node-1] [0.610551, 0.634223)	                   #	Count: 1 (3.22581%)	Total: 6 (19.3548%)
[cartographer_node-1] [0.634223, 0.657894)	                ####	Count: 6 (19.3548%)	Total: 12 (38.7097%)
[cartographer_node-1] [0.657894, 0.681567)	                 ###	Count: 4 (12.9032%)	Total: 16 (51.6129%)
[cartographer_node-1] [0.681567, 0.705239)	                  ##	Count: 3 (9.67742%)	Total: 19 (61.2903%)
[cartographer_node-1] [0.705239, 0.728911)	                  ##	Count: 3 (9.67742%)	Total: 22 (70.9677%)
[cartographer_node-1] [0.728911, 0.752583)	                   #	Count: 1 (3.22581%)	Total: 23 (74.1936%)
[cartographer_node-1] [0.752583, 0.776255)	                   #	Count: 2 (6.45161%)	Total: 25 (80.6452%)
[cartographer_node-1] [0.776255, 0.799927)	                 ###	Count: 4 (12.9032%)	Total: 29 (93.5484%)
[cartographer_node-1] [0.799927, 0.823599]	                   #	Count: 2 (6.45161%)	Total: 31 (100%)
[cartographer_node-1] [INFO] [1778746560.325513094] [cartographer logger]: I0514 17:16:00.000000 36300 pose_graph_2d.cc:538] Remaining work items in queue: 1
[cartographer_node-1] [INFO] [1778746560.325535601] [cartographer logger]: I0514 17:16:00.000000 36300 constraint_builder_2d.cc:294] 0 computations resulted in 0 additional constraints.
[cartographer_node-1] [INFO] [1778746560.325900033] [cartographer logger]: I0514 17:16:00.000000 36300 constraint_builder_2d.cc:296] Score histogram:
[cartographer_node-1] Count: 31  Min: 0.586879  Max: 0.823599  Mean: 0.691776
[cartographer_node-1] [0.586879, 0.610551)	                 ###	Count: 5 (16.129%)	Total: 5 (16.129%)
[cartographer_node-1] [0.610551, 0.634223)	                   #	Count: 1 (3.22581%)	Total: 6 (19.3548%)
[cartographer_node-1] [0.634223, 0.657894)	                ####	Count: 6 (19.3548%)	Total: 12 (38.7097%)
[cartographer_node-1] [0.657894, 0.681567)	                 ###	Count: 4 (12.9032%)	Total: 16 (51.6129%)
[cartographer_node-1] [0.681567, 0.705239)	                  ##	Count: 3 (9.67742%)	Total: 19 (61.2903%)
[cartographer_node-1] [0.705239, 0.728911)	                  ##	Count: 3 (9.67742%)	Total: 22 (70.9677%)
[cartographer_node-1] [0.728911, 0.752583)	                   #	Count: 1 (3.22581%)	Total: 23 (74.1936%)
[cartographer_node-1] [0.752583, 0.776255)	                   #	Count: 2 (6.45161%)	Total: 25 (80.6452%)
[cartographer_node-1] [0.776255, 0.799927)	                 ###	Count: 4 (12.9032%)	Total: 29 (93.5484%)
[cartographer_node-1] [0.799927, 0.823599]	                   #	Count: 2 (6.45161%)	Total: 31 (100%)
[cartographer_node-1] [INFO] [1778746560.418130563] [cartographer logger]: I0514 17:16:00.000000 36297 pose_graph_2d.cc:538] Remaining work items in queue: 0
[cartographer_node-1] [INFO] [1778746560.418171202] [cartographer logger]: I0514 17:16:00.000000 36297 constraint_builder_2d.cc:294] 0 computations resulted in 0 additional constraints.
[cartographer_node-1] [INFO] [1778746560.418284867] [cartographer logger]: I0514 17:16:00.000000 36297 constraint_builder_2d.cc:296] Score histogram:
[cartographer_node-1] Count: 31  Min: 0.586879  Max: 0.823599  Mean: 0.691776
[cartographer_node-1] [0.586879, 0.610551)	                 ###	Count: 5 (16.129%)	Total: 5 (16.129%)
[cartographer_node-1] [0.610551, 0.634223)	                   #	Count: 1 (3.22581%)	Total: 6 (19.3548%)
[cartographer_node-1] [0.634223, 0.657894)	                ####	Count: 6 (19.3548%)	Total: 12 (38.7097%)
[cartographer_node-1] [0.657894, 0.681567)	                 ###	Count: 4 (12.9032%)	Total: 16 (51.6129%)
[cartographer_node-1] [0.681567, 0.705239)	                  ##	Count: 3 (9.67742%)	Total: 19 (61.2903%)
[cartographer_node-1] [0.705239, 0.728911)	                  ##	Count: 3 (9.67742%)	Total: 22 (70.9677%)
[cartographer_node-1] [0.728911, 0.752583)	                   #	Count: 1 (3.22581%)	Total: 23 (74.1936%)
[cartographer_node-1] [0.752583, 0.776255)	                   #	Count: 2 (6.45161%)	Total: 25 (80.6452%)
[cartographer_node-1] [0.776255, 0.799927)	                 ###	Count: 4 (12.9032%)	Total: 29 (93.5484%)
[cartographer_node-1] [0.799927, 0.823599]	                   #	Count: 2 (6.45161%)	Total: 31 (100%)
[cartographer_node-1] [INFO] [1778746560.448896217] [cartographer logger]: I0514 17:16:00.000000 36297 constraint_builder_2d.cc:279] Node (1, 528) with 192 points on submap (0, 8) matches with score 68.0%.
[cartographer_node-1] [INFO] [1778746560.467540893] [cartographer logger]: I0514 17:16:00.000000 36300 pose_graph_2d.cc:538] Remaining work items in queue: 1
[cartographer_node-1] [INFO] [1778746560.467562868] [cartographer logger]: I0514 17:16:00.000000 36300 constraint_builder_2d.cc:294] 1 computations resulted in 1 additional constraints.
[cartographer_node-1] [INFO] [1778746560.467671565] [cartographer logger]: I0514 17:16:00.000000 36300 constraint_builder_2d.cc:296] Score histogram:
[cartographer_node-1] Count: 32  Min: 0.586879  Max: 0.823599  Mean: 0.691398
[cartographer_node-1] [0.586879, 0.610551)	                 ###	Count: 5 (15.625%)	Total: 5 (15.625%)
[cartographer_node-1] [0.610551, 0.634223)	                   #	Count: 1 (3.125%)	Total: 6 (18.75%)
[cartographer_node-1] [0.634223, 0.657894)	                ####	Count: 6 (18.75%)	Total: 12 (37.5%)
[cartographer_node-1] [0.657894, 0.681567)	                 ###	Count: 5 (15.625%)	Total: 17 (53.125%)
[cartographer_node-1] [0.681567, 0.705239)	                  ##	Count: 3 (9.375%)	Total: 20 (62.5%)
[cartographer_node-1] [0.705239, 0.728911)	                  ##	Count: 3 (9.375%)	Total: 23 (71.875%)
[cartographer_node-1] [0.728911, 0.752583)	                   #	Count: 1 (3.125%)	Total: 24 (75%)
[cartographer_node-1] [0.752583, 0.776255)	                   #	Count: 2 (6.25%)	Total: 26 (81.25%)
[cartographer_node-1] [0.776255, 0.799927)	                 ###	Count: 4 (12.5%)	Total: 30 (93.75%)
[cartographer_node-1] [0.799927, 0.823599]	                   #	Count: 2 (6.25%)	Total: 32 (100%)
[cartographer_node-1] [INFO] [1778746560.571010472] [cartographer logger]: I0514 17:16:00.000000 36297 pose_graph_2d.cc:538] Remaining work items in queue: 0
[cartographer_node-1] [INFO] [1778746560.571031327] [cartographer logger]: I0514 17:16:00.000000 36297 constraint_builder_2d.cc:294] 0 computations resulted in 0 additional constraints.
[cartographer_node-1] [INFO] [1778746560.571115220] [cartographer logger]: I0514 17:16:00.000000 36297 constraint_builder_2d.cc:296] Score histogram:
[cartographer_node-1] Count: 32  Min: 0.586879  Max: 0.823599  Mean: 0.691398
[cartographer_node-1] [0.586879, 0.610551)	                 ###	Count: 5 (15.625%)	Total: 5 (15.625%)
[cartographer_node-1] [0.610551, 0.634223)	                   #	Count: 1 (3.125%)	Total: 6 (18.75%)
[cartographer_node-1] [0.634223, 0.657894)	                ####	Count: 6 (18.75%)	Total: 12 (37.5%)
[cartographer_node-1] [0.657894, 0.681567)	                 ###	Count: 5 (15.625%)	Total: 17 (53.125%)
[cartographer_node-1] [0.681567, 0.705239)	                  ##	Count: 3 (9.375%)	Total: 20 (62.5%)
[cartographer_node-1] [0.705239, 0.728911)	                  ##	Count: 3 (9.375%)	Total: 23 (71.875%)
[cartographer_node-1] [0.728911, 0.752583)	                   #	Count: 1 (3.125%)	Total: 24 (75%)
[cartographer_node-1] [0.752583, 0.776255)	                   #	Count: 2 (6.25%)	Total: 26 (81.25%)
[cartographer_node-1] [0.776255, 0.799927)	                 ###	Count: 4 (12.5%)	Total: 30 (93.75%)
[cartographer_node-1] [0.799927, 0.823599]	                   #	Count: 2 (6.25%)	Total: 32 (100%)
[cartographer_node-1] [INFO] [1778746560.620446726] [cartographer logger]: I0514 17:16:00.000000 36298 pose_graph_2d.cc:538] Remaining work items in queue: 0
[cartographer_node-1] [INFO] [1778746560.620473210] [cartographer logger]: I0514 17:16:00.000000 36298 constraint_builder_2d.cc:294] 0 computations resulted in 0 additional constraints.
[cartographer_node-1] [INFO] [1778746560.620906170] [cartographer logger]: I0514 17:16:00.000000 36298 constraint_builder_2d.cc:296] Score histogram:
[cartographer_node-1] Count: 32  Min: 0.586879  Max: 0.823599  Mean: 0.691398
[cartographer_node-1] [0.586879, 0.610551)	                 ###	Count: 5 (15.625%)	Total: 5 (15.625%)
[cartographer_node-1] [0.610551, 0.634223)	                   #	Count: 1 (3.125%)	Total: 6 (18.75%)
[cartographer_node-1] [0.634223, 0.657894)	                ####	Count: 6 (18.75%)	Total: 12 (37.5%)
[cartographer_node-1] [0.657894, 0.681567)	                 ###	Count: 5 (15.625%)	Total: 17 (53.125%)
[cartographer_node-1] [0.681567, 0.705239)	                  ##	Count: 3 (9.375%)	Total: 20 (62.5%)
[cartographer_node-1] [0.705239, 0.728911)	                  ##	Count: 3 (9.375%)	Total: 23 (71.875%)
[cartographer_node-1] [0.728911, 0.752583)	                   #	Count: 1 (3.125%)	Total: 24 (75%)
[cartographer_node-1] [0.752583, 0.776255)	                   #	Count: 2 (6.25%)	Total: 26 (81.25%)
[cartographer_node-1] [0.776255, 0.799927)	                 ###	Count: 4 (12.5%)	Total: 30 (93.75%)
[cartographer_node-1] [0.799927, 0.823599]	                   #	Count: 2 (6.25%)	Total: 32 (100%)
[cartographer_node-1] [INFO] [1778746560.717575227] [cartographer logger]: I0514 17:16:00.000000 36300 pose_graph_2d.cc:538] Remaining work items in queue: 1
[cartographer_node-1] [INFO] [1778746560.757356440] [cartographer logger]: I0514 17:16:00.000000 36300 constraint_builder_2d.cc:279] Node (0, 472) with 185 points on submap (1, 4) matches with score 74.2%.
[cartographer_node-1] [INFO] [1778746560.767548723] [cartographer logger]: I0514 17:16:00.000000 36258 pose_graph_2d.cc:148] Inserted submap (1, 6).
[cartographer_node-1] [INFO] [1778746560.809599246] [cartographer logger]: I0514 17:16:00.000000 36300 constraint_builder_2d.cc:279] Node (0, 672) with 205 points on submap (1, 4) matches with score 61.3%.
[cartographer_node-1] [INFO] [1778746560.822808262] [cartographer logger]: I0514 17:16:00.000000 36299 constraint_builder_2d.cc:279] Node (0, 1072) with 185 points on submap (1, 4) matches with score 71.9%.
[cartographer_node-1] [INFO] [1778746560.865411985] [cartographer logger]: I0514 17:16:00.000000 36297 constraint_builder_2d.cc:279] Node (0, 1272) with 206 points on submap (1, 4) matches with score 64.0%.
[cartographer_node-1] [INFO] [1778746560.865442727] [cartographer logger]: I0514 17:16:00.000000 36297 constraint_builder_2d.cc:294] 8 computations resulted in 4 additional constraints.
[cartographer_node-1] [INFO] [1778746560.865462645] [cartographer logger]: I0514 17:16:00.000000 36297 constraint_builder_2d.cc:296] Score histogram:
[cartographer_node-1] Count: 36  Min: 0.586879  Max: 0.823599  Mean: 0.689972
[cartographer_node-1] [0.586879, 0.610551)	                 ###	Count: 5 (13.8889%)	Total: 5 (13.8889%)
[cartographer_node-1] [0.610551, 0.634223)	                   #	Count: 2 (5.55556%)	Total: 7 (19.4444%)
[cartographer_node-1] [0.634223, 0.657894)	                ####	Count: 7 (19.4444%)	Total: 14 (38.8889%)
[cartographer_node-1] [0.657894, 0.681567)	                 ###	Count: 5 (13.8889%)	Total: 19 (52.7778%)
[cartographer_node-1] [0.681567, 0.705239)	                  ##	Count: 3 (8.33333%)	Total: 22 (61.1111%)
[cartographer_node-1] [0.705239, 0.728911)	                  ##	Count: 4 (11.1111%)	Total: 26 (72.2222%)
[cartographer_node-1] [0.728911, 0.752583)	                   #	Count: 2 (5.55556%)	Total: 28 (77.7778%)
[cartographer_node-1] [0.752583, 0.776255)	                   #	Count: 2 (5.55556%)	Total: 30 (83.3333%)
[cartographer_node-1] [0.776255, 0.799927)	                  ##	Count: 4 (11.1111%)	Total: 34 (94.4444%)
[cartographer_node-1] [0.799927, 0.823599]	                   #	Count: 2 (5.55556%)	Total: 36 (100%)
[cartographer_node-1] [INFO] [1778746560.892430295] [cartographer logger]: I0514 17:16:00.000000 36297 pose_graph_2d.cc:538] Remaining work items in queue: 14
[cartographer_node-1] [INFO] [1778746560.921907120] [cartographer logger]: I0514 17:16:00.000000 36299 constraint_builder_2d.cc:294] 1 computations resulted in 0 additional constraints.
[cartographer_node-1] [INFO] [1778746560.921974701] [cartographer logger]: I0514 17:16:00.000000 36299 constraint_builder_2d.cc:296] Score histogram:
[cartographer_node-1] Count: 36  Min: 0.586879  Max: 0.823599  Mean: 0.689972
[cartographer_node-1] [0.586879, 0.610551)	                 ###	Count: 5 (13.8889%)	Total: 5 (13.8889%)
[cartographer_node-1] [0.610551, 0.634223)	                   #	Count: 2 (5.55556%)	Total: 7 (19.4444%)
[cartographer_node-1] [0.634223, 0.657894)	                ####	Count: 7 (19.4444%)	Total: 14 (38.8889%)
[cartographer_node-1] [0.657894, 0.681567)	                 ###	Count: 5 (13.8889%)	Total: 19 (52.7778%)
[cartographer_node-1] [0.681567, 0.705239)	                  ##	Count: 3 (8.33333%)	Total: 22 (61.1111%)
[cartographer_node-1] [0.705239, 0.728911)	                  ##	Count: 4 (11.1111%)	Total: 26 (72.2222%)
[cartographer_node-1] [0.728911, 0.752583)	                   #	Count: 2 (5.55556%)	Total: 28 (77.7778%)
[cartographer_node-1] [0.752583, 0.776255)	                   #	Count: 2 (5.55556%)	Total: 30 (83.3333%)
[cartographer_node-1] [0.776255, 0.799927)	                  ##	Count: 4 (11.1111%)	Total: 34 (94.4444%)
[cartographer_node-1] [0.799927, 0.823599]	                   #	Count: 2 (5.55556%)	Total: 36 (100%)
[cartographer_node-1] [INFO] [1778746560.939129708] [cartographer logger]: I0514 17:16:00.000000 36299 pose_graph_2d.cc:538] Remaining work items in queue: 11
[cartographer_node-1] [INFO] [1778746560.939155603] [cartographer logger]: I0514 17:16:00.000000 36299 constraint_builder_2d.cc:294] 0 computations resulted in 0 additional constraints.
[cartographer_node-1] [INFO] [1778746560.939226931] [cartographer logger]: I0514 17:16:00.000000 36299 constraint_builder_2d.cc:296] Score histogram:
[cartographer_node-1] Count: 36  Min: 0.586879  Max: 0.823599  Mean: 0.689972
[cartographer_node-1] [0.586879, 0.610551)	                 ###	Count: 5 (13.8889%)	Total: 5 (13.8889%)
[cartographer_node-1] [0.610551, 0.634223)	                   #	Count: 2 (5.55556%)	Total: 7 (19.4444%)
[cartographer_node-1] [0.634223, 0.657894)	                ####	Count: 7 (19.4444%)	Total: 14 (38.8889%)
[cartographer_node-1] [0.657894, 0.681567)	                 ###	Count: 5 (13.8889%)	Total: 19 (52.7778%)
[cartographer_node-1] [0.681567, 0.705239)	                  ##	Count: 3 (8.33333%)	Total: 22 (61.1111%)
[cartographer_node-1] [0.705239, 0.728911)	                  ##	Count: 4 (11.1111%)	Total: 26 (72.2222%)
[cartographer_node-1] [0.728911, 0.752583)	                   #	Count: 2 (5.55556%)	Total: 28 (77.7778%)
[cartographer_node-1] [0.752583, 0.776255)	                   #	Count: 2 (5.55556%)	Total: 30 (83.3333%)
[cartographer_node-1] [0.776255, 0.799927)	                  ##	Count: 4 (11.1111%)	Total: 34 (94.4444%)
[cartographer_node-1] [0.799927, 0.823599]	                   #	Count: 2 (5.55556%)	Total: 36 (100%)
[cartographer_node-1] [INFO] [1778746560.964725656] [cartographer logger]: I0514 17:16:00.000000 36299 pose_graph_2d.cc:538] Remaining work items in queue: 5
[cartographer_node-1] [INFO] [1778746560.964759386] [cartographer logger]: I0514 17:16:00.000000 36299 constraint_builder_2d.cc:294] 0 computations resulted in 0 additional constraints.
[cartographer_node-1] [INFO] [1778746560.964846179] [cartographer logger]: I0514 17:16:00.000000 36299 constraint_builder_2d.cc:296] Score histogram:
[cartographer_node-1] Count: 36  Min: 0.586879  Max: 0.823599  Mean: 0.689972
[cartographer_node-1] [0.586879, 0.610551)	                 ###	Count: 5 (13.8889%)	Total: 5 (13.8889%)
[cartographer_node-1] [0.610551, 0.634223)	                   #	Count: 2 (5.55556%)	Total: 7 (19.4444%)
[cartographer_node-1] [0.634223, 0.657894)	                ####	Count: 7 (19.4444%)	Total: 14 (38.8889%)
[cartographer_node-1] [0.657894, 0.681567)	                 ###	Count: 5 (13.8889%)	Total: 19 (52.7778%)
[cartographer_node-1] [0.681567, 0.705239)	                  ##	Count: 3 (8.33333%)	Total: 22 (61.1111%)
[cartographer_node-1] [0.705239, 0.728911)	                  ##	Count: 4 (11.1111%)	Total: 26 (72.2222%)
[cartographer_node-1] [0.728911, 0.752583)	                   #	Count: 2 (5.55556%)	Total: 28 (77.7778%)
[cartographer_node-1] [0.752583, 0.776255)	                   #	Count: 2 (5.55556%)	Total: 30 (83.3333%)
[cartographer_node-1] [0.776255, 0.799927)	                  ##	Count: 4 (11.1111%)	Total: 34 (94.4444%)
[cartographer_node-1] [0.799927, 0.823599]	                   #	Count: 2 (5.55556%)	Total: 36 (100%)
[cartographer_node-1] [INFO] [1778746561.026124376] [cartographer logger]: I0514 17:16:01.000000 36298 pose_graph_2d.cc:538] Remaining work items in queue: 0
[cartographer_node-1] [INFO] [1778746561.026154055] [cartographer logger]: I0514 17:16:01.000000 36298 constraint_builder_2d.cc:294] 0 computations resulted in 0 additional constraints.
[cartographer_node-1] [INFO] [1778746561.026238622] [cartographer logger]: I0514 17:16:01.000000 36298 constraint_builder_2d.cc:296] Score histogram:
[cartographer_node-1] Count: 36  Min: 0.586879  Max: 0.823599  Mean: 0.689972
[cartographer_node-1] [0.586879, 0.610551)	                 ###	Count: 5 (13.8889%)	Total: 5 (13.8889%)
[cartographer_node-1] [0.610551, 0.634223)	                   #	Count: 2 (5.55556%)	Total: 7 (19.4444%)
[cartographer_node-1] [0.634223, 0.657894)	                ####	Count: 7 (19.4444%)	Total: 14 (38.8889%)
[cartographer_node-1] [0.657894, 0.681567)	                 ###	Count: 5 (13.8889%)	Total: 19 (52.7778%)
[cartographer_node-1] [0.681567, 0.705239)	                  ##	Count: 3 (8.33333%)	Total: 22 (61.1111%)
[cartographer_node-1] [0.705239, 0.728911)	                  ##	Count: 4 (11.1111%)	Total: 26 (72.2222%)
[cartographer_node-1] [0.728911, 0.752583)	                   #	Count: 2 (5.55556%)	Total: 28 (77.7778%)
[cartographer_node-1] [0.752583, 0.776255)	                   #	Count: 2 (5.55556%)	Total: 30 (83.3333%)
[cartographer_node-1] [0.776255, 0.799927)	                  ##	Count: 4 (11.1111%)	Total: 34 (94.4444%)
[cartographer_node-1] [0.799927, 0.823599]	                   #	Count: 2 (5.55556%)	Total: 36 (100%)
[cartographer_node-1] [INFO] [1778746561.094576300] [cartographer logger]: I0514 17:16:01.000000 36300 pose_graph_2d.cc:538] Remaining work items in queue: 0
[cartographer_node-1] [INFO] [1778746561.094598236] [cartographer logger]: I0514 17:16:01.000000 36300 constraint_builder_2d.cc:294] 0 computations resulted in 0 additional constraints.
[cartographer_node-1] [INFO] [1778746561.094626577] [cartographer logger]: I0514 17:16:01.000000 36300 constraint_builder_2d.cc:296] Score histogram:
[cartographer_node-1] Count: 36  Min: 0.586879  Max: 0.823599  Mean: 0.689972
[cartographer_node-1] [0.586879, 0.610551)	                 ###	Count: 5 (13.8889%)	Total: 5 (13.8889%)
[cartographer_node-1] [0.610551, 0.634223)	                   #	Count: 2 (5.55556%)	Total: 7 (19.4444%)
[cartographer_node-1] [0.634223, 0.657894)	                ####	Count: 7 (19.4444%)	Total: 14 (38.8889%)
[cartographer_node-1] [0.657894, 0.681567)	                 ###	Count: 5 (13.8889%)	Total: 19 (52.7778%)
[cartographer_node-1] [0.681567, 0.705239)	                  ##	Count: 3 (8.33333%)	Total: 22 (61.1111%)
[cartographer_node-1] [0.705239, 0.728911)	                  ##	Count: 4 (11.1111%)	Total: 26 (72.2222%)
[cartographer_node-1] [0.728911, 0.752583)	                   #	Count: 2 (5.55556%)	Total: 28 (77.7778%)
[cartographer_node-1] [0.752583, 0.776255)	                   #	Count: 2 (5.55556%)	Total: 30 (83.3333%)
[cartographer_node-1] [0.776255, 0.799927)	                  ##	Count: 4 (11.1111%)	Total: 34 (94.4444%)
[cartographer_node-1] [0.799927, 0.823599]	                   #	Count: 2 (5.55556%)	Total: 36 (100%)
[cartographer_node-1] [INFO] [1778746561.155733532] [cartographer logger]: I0514 17:16:01.000000 36297 pose_graph_2d.cc:538] Remaining work items in queue: 1
[cartographer_node-1] [INFO] [1778746561.191735847] [cartographer logger]: I0514 17:16:01.000000 36297 constraint_builder_2d.cc:279] Node (1, 557) with 213 points on submap (0, 2) matches with score 71.6%.
[cartographer_node-1] [INFO] [1778746561.191763086] [cartographer logger]: I0514 17:16:01.000000 36297 constraint_builder_2d.cc:294] 1 computations resulted in 1 additional constraints.
[cartographer_node-1] [INFO] [1778746561.191781231] [cartographer logger]: I0514 17:16:01.000000 36297 constraint_builder_2d.cc:296] Score histogram:
[cartographer_node-1] Count: 37  Min: 0.586879  Max: 0.823599  Mean: 0.690683
[cartographer_node-1] [0.586879, 0.610551)	                 ###	Count: 5 (13.5135%)	Total: 5 (13.5135%)
[cartographer_node-1] [0.610551, 0.634223)	                   #	Count: 2 (5.40541%)	Total: 7 (18.9189%)
[cartographer_node-1] [0.634223, 0.657894)	                ####	Count: 7 (18.9189%)	Total: 14 (37.8378%)
[cartographer_node-1] [0.657894, 0.681567)	                 ###	Count: 5 (13.5135%)	Total: 19 (51.3514%)
[cartographer_node-1] [0.681567, 0.705239)	                  ##	Count: 3 (8.10811%)	Total: 22 (59.4595%)
[cartographer_node-1] [0.705239, 0.728911)	                 ###	Count: 5 (13.5135%)	Total: 27 (72.973%)
[cartographer_node-1] [0.728911, 0.752583)	                   #	Count: 2 (5.40541%)	Total: 29 (78.3784%)
[cartographer_node-1] [0.752583, 0.776255)	                   #	Count: 2 (5.40541%)	Total: 31 (83.7838%)
[cartographer_node-1] [0.776255, 0.799927)	                  ##	Count: 4 (10.8108%)	Total: 35 (94.5946%)
[cartographer_node-1] [0.799927, 0.823599]	                   #	Count: 2 (5.40541%)	Total: 37 (100%)
[cartographer_node-1] [INFO] [1778746561.224171734] [cartographer logger]: I0514 17:16:01.000000 36299 pose_graph_2d.cc:538] Remaining work items in queue: 0
[cartographer_node-1] [INFO] [1778746561.224227842] [cartographer logger]: I0514 17:16:01.000000 36299 constraint_builder_2d.cc:294] 0 computations resulted in 0 additional constraints.
[cartographer_node-1] [INFO] [1778746561.224762489] [cartographer logger]: I0514 17:16:01.000000 36299 constraint_builder_2d.cc:296] Score histogram:
[cartographer_node-1] Count: 37  Min: 0.586879  Max: 0.823599  Mean: 0.690683
[cartographer_node-1] [0.586879, 0.610551)	                 ###	Count: 5 (13.5135%)	Total: 5 (13.5135%)
[cartographer_node-1] [0.610551, 0.634223)	                   #	Count: 2 (5.40541%)	Total: 7 (18.9189%)
[cartographer_node-1] [0.634223, 0.657894)	                ####	Count: 7 (18.9189%)	Total: 14 (37.8378%)
[cartographer_node-1] [0.657894, 0.681567)	                 ###	Count: 5 (13.5135%)	Total: 19 (51.3514%)
[cartographer_node-1] [0.681567, 0.705239)	                  ##	Count: 3 (8.10811%)	Total: 22 (59.4595%)
[cartographer_node-1] [0.705239, 0.728911)	                 ###	Count: 5 (13.5135%)	Total: 27 (72.973%)
[cartographer_node-1] [0.728911, 0.752583)	                   #	Count: 2 (5.40541%)	Total: 29 (78.3784%)
[cartographer_node-1] [0.752583, 0.776255)	                   #	Count: 2 (5.40541%)	Total: 31 (83.7838%)
[cartographer_node-1] [0.776255, 0.799927)	                  ##	Count: 4 (10.8108%)	Total: 35 (94.5946%)
[cartographer_node-1] [0.799927, 0.823599]	                   #	Count: 2 (5.40541%)	Total: 37 (100%)
[cartographer_node-1] [INFO] [1778746561.302507261] [cartographer logger]: I0514 17:16:01.000000 36297 pose_graph_2d.cc:538] Remaining work items in queue: 1
[cartographer_node-1] [INFO] [1778746561.302529349] [cartographer logger]: I0514 17:16:01.000000 36297 constraint_builder_2d.cc:294] 0 computations resulted in 0 additional constraints.
[cartographer_node-1] [INFO] [1778746561.302571136] [cartographer logger]: I0514 17:16:01.000000 36297 constraint_builder_2d.cc:296] Score histogram:
[cartographer_node-1] Count: 37  Min: 0.586879  Max: 0.823599  Mean: 0.690683
[cartographer_node-1] [0.586879, 0.610551)	                 ###	Count: 5 (13.5135%)	Total: 5 (13.5135%)
[cartographer_node-1] [0.610551, 0.634223)	                   #	Count: 2 (5.40541%)	Total: 7 (18.9189%)
[cartographer_node-1] [0.634223, 0.657894)	                ####	Count: 7 (18.9189%)	Total: 14 (37.8378%)
[cartographer_node-1] [0.657894, 0.681567)	                 ###	Count: 5 (13.5135%)	Total: 19 (51.3514%)
[cartographer_node-1] [0.681567, 0.705239)	                  ##	Count: 3 (8.10811%)	Total: 22 (59.4595%)
[cartographer_node-1] [0.705239, 0.728911)	                 ###	Count: 5 (13.5135%)	Total: 27 (72.973%)
[cartographer_node-1] [0.728911, 0.752583)	                   #	Count: 2 (5.40541%)	Total: 29 (78.3784%)
[cartographer_node-1] [0.752583, 0.776255)	                   #	Count: 2 (5.40541%)	Total: 31 (83.7838%)
[cartographer_node-1] [0.776255, 0.799927)	                  ##	Count: 4 (10.8108%)	Total: 35 (94.5946%)
[cartographer_node-1] [0.799927, 0.823599]	                   #	Count: 2 (5.40541%)	Total: 37 (100%)
[cartographer_node-1] [INFO] [1778746561.397583204] [cartographer logger]: I0514 17:16:01.000000 36299 pose_graph_2d.cc:538] Remaining work items in queue: 2
[cartographer_node-1] [INFO] [1778746561.397610423] [cartographer logger]: I0514 17:16:01.000000 36299 constraint_builder_2d.cc:294] 0 computations resulted in 0 additional constraints.
[cartographer_node-1] [INFO] [1778746561.397644791] [cartographer logger]: I0514 17:16:01.000000 36299 constraint_builder_2d.cc:296] Score histogram:
[cartographer_node-1] Count: 37  Min: 0.586879  Max: 0.823599  Mean: 0.690683
[cartographer_node-1] [0.586879, 0.610551)	                 ###	Count: 5 (13.5135%)	Total: 5 (13.5135%)
[cartographer_node-1] [0.610551, 0.634223)	                   #	Count: 2 (5.40541%)	Total: 7 (18.9189%)
[cartographer_node-1] [0.634223, 0.657894)	                ####	Count: 7 (18.9189%)	Total: 14 (37.8378%)
[cartographer_node-1] [0.657894, 0.681567)	                 ###	Count: 5 (13.5135%)	Total: 19 (51.3514%)
[cartographer_node-1] [0.681567, 0.705239)	                  ##	Count: 3 (8.10811%)	Total: 22 (59.4595%)
[cartographer_node-1] [0.705239, 0.728911)	                 ###	Count: 5 (13.5135%)	Total: 27 (72.973%)
[cartographer_node-1] [0.728911, 0.752583)	                   #	Count: 2 (5.40541%)	Total: 29 (78.3784%)
[cartographer_node-1] [0.752583, 0.776255)	                   #	Count: 2 (5.40541%)	Total: 31 (83.7838%)
[cartographer_node-1] [0.776255, 0.799927)	                  ##	Count: 4 (10.8108%)	Total: 35 (94.5946%)
[cartographer_node-1] [0.799927, 0.823599]	                   #	Count: 2 (5.40541%)	Total: 37 (100%)
[cartographer_node-1] [INFO] [1778746561.447119703] [cartographer logger]: I0514 17:16:01.000000 36297 pose_graph_2d.cc:538] Remaining work items in queue: 1
[cartographer_node-1] [INFO] [1778746561.447165085] [cartographer logger]: I0514 17:16:01.000000 36297 constraint_builder_2d.cc:294] 0 computations resulted in 0 additional constraints.
[cartographer_node-1] [INFO] [1778746561.447242165] [cartographer logger]: I0514 17:16:01.000000 36297 constraint_builder_2d.cc:296] Score histogram:
[cartographer_node-1] Count: 37  Min: 0.586879  Max: 0.823599  Mean: 0.690683
[cartographer_node-1] [0.586879, 0.610551)	                 ###	Count: 5 (13.5135%)	Total: 5 (13.5135%)
[cartographer_node-1] [0.610551, 0.634223)	                   #	Count: 2 (5.40541%)	Total: 7 (18.9189%)
[cartographer_node-1] [0.634223, 0.657894)	                ####	Count: 7 (18.9189%)	Total: 14 (37.8378%)
[cartographer_node-1] [0.657894, 0.681567)	                 ###	Count: 5 (13.5135%)	Total: 19 (51.3514%)
[cartographer_node-1] [0.681567, 0.705239)	                  ##	Count: 3 (8.10811%)	Total: 22 (59.4595%)
[cartographer_node-1] [0.705239, 0.728911)	                 ###	Count: 5 (13.5135%)	Total: 27 (72.973%)
[cartographer_node-1] [0.728911, 0.752583)	                   #	Count: 2 (5.40541%)	Total: 29 (78.3784%)
[cartographer_node-1] [0.752583, 0.776255)	                   #	Count: 2 (5.40541%)	Total: 31 (83.7838%)
[cartographer_node-1] [0.776255, 0.799927)	                  ##	Count: 4 (10.8108%)	Total: 35 (94.5946%)
[cartographer_node-1] [0.799927, 0.823599]	                   #	Count: 2 (5.40541%)	Total: 37 (100%)
[cartographer_node-1] [INFO] [1778746561.514999967] [cartographer logger]: I0514 17:16:01.000000 36299 pose_graph_2d.cc:538] Remaining work items in queue: 1
[cartographer_node-1] [INFO] [1778746561.552503633] [cartographer logger]: I0514 17:16:01.000000 36297 constraint_builder_2d.cc:294] 1 computations resulted in 0 additional constraints.
[cartographer_node-1] [INFO] [1778746561.552564420] [cartographer logger]: I0514 17:16:01.000000 36297 constraint_builder_2d.cc:296] Score histogram:
[cartographer_node-1] Count: 37  Min: 0.586879  Max: 0.823599  Mean: 0.690683
[cartographer_node-1] [0.586879, 0.610551)	                 ###	Count: 5 (13.5135%)	Total: 5 (13.5135%)
[cartographer_node-1] [0.610551, 0.634223)	                   #	Count: 2 (5.40541%)	Total: 7 (18.9189%)
[cartographer_node-1] [0.634223, 0.657894)	                ####	Count: 7 (18.9189%)	Total: 14 (37.8378%)
[cartographer_node-1] [0.657894, 0.681567)	                 ###	Count: 5 (13.5135%)	Total: 19 (51.3514%)
[cartographer_node-1] [0.681567, 0.705239)	                  ##	Count: 3 (8.10811%)	Total: 22 (59.4595%)
[cartographer_node-1] [0.705239, 0.728911)	                 ###	Count: 5 (13.5135%)	Total: 27 (72.973%)
[cartographer_node-1] [0.728911, 0.752583)	                   #	Count: 2 (5.40541%)	Total: 29 (78.3784%)
[cartographer_node-1] [0.752583, 0.776255)	                   #	Count: 2 (5.40541%)	Total: 31 (83.7838%)
[cartographer_node-1] [0.776255, 0.799927)	                  ##	Count: 4 (10.8108%)	Total: 35 (94.5946%)
[cartographer_node-1] [0.799927, 0.823599]	                   #	Count: 2 (5.40541%)	Total: 37 (100%)
[cartographer_node-1] [INFO] [1778746561.602098967] [cartographer logger]: I0514 17:16:01.000000 36297 pose_graph_2d.cc:538] Remaining work items in queue: 2
[cartographer_node-1] [INFO] [1778746561.602124885] [cartographer logger]: I0514 17:16:01.000000 36297 constraint_builder_2d.cc:294] 0 computations resulted in 0 additional constraints.
[cartographer_node-1] [INFO] [1778746561.602206254] [cartographer logger]: I0514 17:16:01.000000 36297 constraint_builder_2d.cc:296] Score histogram:
[cartographer_node-1] Count: 37  Min: 0.586879  Max: 0.823599  Mean: 0.690683
[cartographer_node-1] [0.586879, 0.610551)	                 ###	Count: 5 (13.5135%)	Total: 5 (13.5135%)
[cartographer_node-1] [0.610551, 0.634223)	                   #	Count: 2 (5.40541%)	Total: 7 (18.9189%)
[cartographer_node-1] [0.634223, 0.657894)	                ####	Count: 7 (18.9189%)	Total: 14 (37.8378%)
[cartographer_node-1] [0.657894, 0.681567)	                 ###	Count: 5 (13.5135%)	Total: 19 (51.3514%)
[cartographer_node-1] [0.681567, 0.705239)	                  ##	Count: 3 (8.10811%)	Total: 22 (59.4595%)
[cartographer_node-1] [0.705239, 0.728911)	                 ###	Count: 5 (13.5135%)	Total: 27 (72.973%)
[cartographer_node-1] [0.728911, 0.752583)	                   #	Count: 2 (5.40541%)	Total: 29 (78.3784%)
[cartographer_node-1] [0.752583, 0.776255)	                   #	Count: 2 (5.40541%)	Total: 31 (83.7838%)
[cartographer_node-1] [0.776255, 0.799927)	                  ##	Count: 4 (10.8108%)	Total: 35 (94.5946%)
[cartographer_node-1] [0.799927, 0.823599]	                   #	Count: 2 (5.40541%)	Total: 37 (100%)
[cartographer_node-1] [INFO] [1778746561.685722074] [cartographer logger]: I0514 17:16:01.000000 36297 pose_graph_2d.cc:538] Remaining work items in queue: 1
[cartographer_node-1] [INFO] [1778746561.685742432] [cartographer logger]: I0514 17:16:01.000000 36297 constraint_builder_2d.cc:294] 0 computations resulted in 0 additional constraints.
[cartographer_node-1] [INFO] [1778746561.686108578] [cartographer logger]: I0514 17:16:01.000000 36297 constraint_builder_2d.cc:296] Score histogram:
[cartographer_node-1] Count: 37  Min: 0.586879  Max: 0.823599  Mean: 0.690683
[cartographer_node-1] [0.586879, 0.610551)	                 ###	Count: 5 (13.5135%)	Total: 5 (13.5135%)
[cartographer_node-1] [0.610551, 0.634223)	                   #	Count: 2 (5.40541%)	Total: 7 (18.9189%)
[cartographer_node-1] [0.634223, 0.657894)	                ####	Count: 7 (18.9189%)	Total: 14 (37.8378%)
[cartographer_node-1] [0.657894, 0.681567)	                 ###	Count: 5 (13.5135%)	Total: 19 (51.3514%)
[cartographer_node-1] [0.681567, 0.705239)	                  ##	Count: 3 (8.10811%)	Total: 22 (59.4595%)
[cartographer_node-1] [0.705239, 0.728911)	                 ###	Count: 5 (13.5135%)	Total: 27 (72.973%)
[cartographer_node-1] [0.728911, 0.752583)	                   #	Count: 2 (5.40541%)	Total: 29 (78.3784%)
[cartographer_node-1] [0.752583, 0.776255)	                   #	Count: 2 (5.40541%)	Total: 31 (83.7838%)
[cartographer_node-1] [0.776255, 0.799927)	                  ##	Count: 4 (10.8108%)	Total: 35 (94.5946%)
[cartographer_node-1] [0.799927, 0.823599]	                   #	Count: 2 (5.40541%)	Total: 37 (100%)
[cartographer_node-1] [INFO] [1778746561.765829818] [cartographer logger]: I0514 17:16:01.000000 36300 pose_graph_2d.cc:538] Remaining work items in queue: 1
[cartographer_node-1] [INFO] [1778746561.765864086] [cartographer logger]: I0514 17:16:01.000000 36300 constraint_builder_2d.cc:294] 0 computations resulted in 0 additional constraints.
[cartographer_node-1] [INFO] [1778746561.765978809] [cartographer logger]: I0514 17:16:01.000000 36300 constraint_builder_2d.cc:296] Score histogram:
[cartographer_node-1] Count: 37  Min: 0.586879  Max: 0.823599  Mean: 0.690683
[cartographer_node-1] [0.586879, 0.610551)	                 ###	Count: 5 (13.5135%)	Total: 5 (13.5135%)
[cartographer_node-1] [0.610551, 0.634223)	                   #	Count: 2 (5.40541%)	Total: 7 (18.9189%)
[cartographer_node-1] [0.634223, 0.657894)	                ####	Count: 7 (18.9189%)	Total: 14 (37.8378%)
[cartographer_node-1] [0.657894, 0.681567)	                 ###	Count: 5 (13.5135%)	Total: 19 (51.3514%)
[cartographer_node-1] [0.681567, 0.705239)	                  ##	Count: 3 (8.10811%)	Total: 22 (59.4595%)
[cartographer_node-1] [0.705239, 0.728911)	                 ###	Count: 5 (13.5135%)	Total: 27 (72.973%)
[cartographer_node-1] [0.728911, 0.752583)	                   #	Count: 2 (5.40541%)	Total: 29 (78.3784%)
[cartographer_node-1] [0.752583, 0.776255)	                   #	Count: 2 (5.40541%)	Total: 31 (83.7838%)
[cartographer_node-1] [0.776255, 0.799927)	                  ##	Count: 4 (10.8108%)	Total: 35 (94.5946%)
[cartographer_node-1] [0.799927, 0.823599]	                   #	Count: 2 (5.40541%)	Total: 37 (100%)
[cartographer_node-1] [INFO] [1778746561.821348724] [cartographer logger]: I0514 17:16:01.000000 36297 pose_graph_2d.cc:538] Remaining work items in queue: 2
[cartographer_node-1] [INFO] [1778746561.821370635] [cartographer logger]: I0514 17:16:01.000000 36297 constraint_builder_2d.cc:294] 0 computations resulted in 0 additional constraints.
[cartographer_node-1] [INFO] [1778746561.821532780] [cartographer logger]: I0514 17:16:01.000000 36297 constraint_builder_2d.cc:296] Score histogram:
[cartographer_node-1] Count: 37  Min: 0.586879  Max: 0.823599  Mean: 0.690683
[cartographer_node-1] [0.586879, 0.610551)	                 ###	Count: 5 (13.5135%)	Total: 5 (13.5135%)
[cartographer_node-1] [0.610551, 0.634223)	                   #	Count: 2 (5.40541%)	Total: 7 (18.9189%)
[cartographer_node-1] [0.634223, 0.657894)	                ####	Count: 7 (18.9189%)	Total: 14 (37.8378%)
[cartographer_node-1] [0.657894, 0.681567)	                 ###	Count: 5 (13.5135%)	Total: 19 (51.3514%)
[cartographer_node-1] [0.681567, 0.705239)	                  ##	Count: 3 (8.10811%)	Total: 22 (59.4595%)
[cartographer_node-1] [0.705239, 0.728911)	                 ###	Count: 5 (13.5135%)	Total: 27 (72.973%)
[cartographer_node-1] [0.728911, 0.752583)	                   #	Count: 2 (5.40541%)	Total: 29 (78.3784%)
[cartographer_node-1] [0.752583, 0.776255)	                   #	Count: 2 (5.40541%)	Total: 31 (83.7838%)
[cartographer_node-1] [0.776255, 0.799927)	                  ##	Count: 4 (10.8108%)	Total: 35 (94.5946%)
[cartographer_node-1] [0.799927, 0.823599]	                   #	Count: 2 (5.40541%)	Total: 37 (100%)
[cartographer_node-1] [INFO] [1778746561.883882242] [cartographer logger]: I0514 17:16:01.000000 36298 constraint_builder_2d.cc:279] Node (1, 585) with 200 points on submap (0, 10) matches with score 69.4%.
[cartographer_node-1] [INFO] [1778746561.919644750] [cartographer logger]: I0514 17:16:01.000000 36297 pose_graph_2d.cc:538] Remaining work items in queue: 1
[cartographer_node-1] [INFO] [1778746561.919665653] [cartographer logger]: I0514 17:16:01.000000 36297 constraint_builder_2d.cc:294] 1 computations resulted in 1 additional constraints.
[cartographer_node-1] [INFO] [1778746561.919809426] [cartographer logger]: I0514 17:16:01.000000 36297 constraint_builder_2d.cc:296] Score histogram:
[cartographer_node-1] Count: 38  Min: 0.586879  Max: 0.823599  Mean: 0.690772
[cartographer_node-1] [0.586879, 0.610551)	                 ###	Count: 5 (13.1579%)	Total: 5 (13.1579%)
[cartographer_node-1] [0.610551, 0.634223)	                   #	Count: 2 (5.26316%)	Total: 7 (18.4211%)
[cartographer_node-1] [0.634223, 0.657894)	                ####	Count: 7 (18.4211%)	Total: 14 (36.8421%)
[cartographer_node-1] [0.657894, 0.681567)	                 ###	Count: 5 (13.1579%)	Total: 19 (50%)
[cartographer_node-1] [0.681567, 0.705239)	                  ##	Count: 4 (10.5263%)	Total: 23 (60.5263%)
[cartographer_node-1] [0.705239, 0.728911)	                 ###	Count: 5 (13.1579%)	Total: 28 (73.6842%)
[cartographer_node-1] [0.728911, 0.752583)	                   #	Count: 2 (5.26316%)	Total: 30 (78.9474%)
[cartographer_node-1] [0.752583, 0.776255)	                   #	Count: 2 (5.26316%)	Total: 32 (84.2105%)
[cartographer_node-1] [0.776255, 0.799927)	                  ##	Count: 4 (10.5263%)	Total: 36 (94.7368%)
[cartographer_node-1] [0.799927, 0.823599]	                   #	Count: 2 (5.26316%)	Total: 38 (100%)
[cartographer_node-1] [INFO] [1778746562.049311148] [cartographer logger]: I0514 17:16:02.000000 36258 collated_trajectory_builder.cc:81] imu rate: 40.35 Hz 2.48e-02 s +/- 7.60e-03 s (pulsed at 99.95% real time)
[cartographer_node-1] [INFO] [1778746562.049339052] [cartographer logger]: I0514 17:16:02.000000 36258 collated_trajectory_builder.cc:81] odom_wheel rate: 40.19 Hz 2.49e-02 s +/- 8.54e-03 s (pulsed at 100.02% real time)
[cartographer_node-1] [INFO] [1778746562.049381751] [cartographer logger]: I0514 17:16:02.000000 36258 collated_trajectory_builder.cc:81] scan rate: 39.95 Hz 2.50e-02 s +/- 4.97e-03 s (pulsed at 100.14% real time)
[cartographer_node-1] [INFO] [1778746562.153620544] [cartographer logger]: I0514 17:16:02.000000 36297 pose_graph_2d.cc:538] Remaining work items in queue: 1
[cartographer_node-1] [INFO] [1778746562.153662638] [cartographer logger]: I0514 17:16:02.000000 36297 constraint_builder_2d.cc:294] 0 computations resulted in 0 additional constraints.
[cartographer_node-1] [INFO] [1778746562.154004654] [cartographer logger]: I0514 17:16:02.000000 36297 constraint_builder_2d.cc:296] Score histogram:
[cartographer_node-1] Count: 38  Min: 0.586879  Max: 0.823599  Mean: 0.690772
[cartographer_node-1] [0.586879, 0.610551)	                 ###	Count: 5 (13.1579%)	Total: 5 (13.1579%)
[cartographer_node-1] [0.610551, 0.634223)	                   #	Count: 2 (5.26316%)	Total: 7 (18.4211%)
[cartographer_node-1] [0.634223, 0.657894)	                ####	Count: 7 (18.4211%)	Total: 14 (36.8421%)
[cartographer_node-1] [0.657894, 0.681567)	                 ###	Count: 5 (13.1579%)	Total: 19 (50%)
[cartographer_node-1] [0.681567, 0.705239)	                  ##	Count: 4 (10.5263%)	Total: 23 (60.5263%)
[cartographer_node-1] [0.705239, 0.728911)	                 ###	Count: 5 (13.1579%)	Total: 28 (73.6842%)
[cartographer_node-1] [0.728911, 0.752583)	                   #	Count: 2 (5.26316%)	Total: 30 (78.9474%)
[cartographer_node-1] [0.752583, 0.776255)	                   #	Count: 2 (5.26316%)	Total: 32 (84.2105%)
[cartographer_node-1] [0.776255, 0.799927)	                  ##	Count: 4 (10.5263%)	Total: 36 (94.7368%)
[cartographer_node-1] [0.799927, 0.823599]	                   #	Count: 2 (5.26316%)	Total: 38 (100%)
[cartographer_node-1] [INFO] [1778746562.317082748] [cartographer logger]: I0514 17:16:02.000000 36298 pose_graph_2d.cc:538] Remaining work items in queue: 1
[cartographer_node-1] [INFO] [1778746562.317234265] [cartographer logger]: I0514 17:16:02.000000 36298 constraint_builder_2d.cc:294] 0 computations resulted in 0 additional constraints.
[cartographer_node-1] [INFO] [1778746562.317370019] [cartographer logger]: I0514 17:16:02.000000 36298 constraint_builder_2d.cc:296] Score histogram:
[cartographer_node-1] Count: 38  Min: 0.586879  Max: 0.823599  Mean: 0.690772
[cartographer_node-1] [0.586879, 0.610551)	                 ###	Count: 5 (13.1579%)	Total: 5 (13.1579%)
[cartographer_node-1] [0.610551, 0.634223)	                   #	Count: 2 (5.26316%)	Total: 7 (18.4211%)
[cartographer_node-1] [0.634223, 0.657894)	                ####	Count: 7 (18.4211%)	Total: 14 (36.8421%)
[cartographer_node-1] [0.657894, 0.681567)	                 ###	Count: 5 (13.1579%)	Total: 19 (50%)
[cartographer_node-1] [0.681567, 0.705239)	                  ##	Count: 4 (10.5263%)	Total: 23 (60.5263%)
[cartographer_node-1] [0.705239, 0.728911)	                 ###	Count: 5 (13.1579%)	Total: 28 (73.6842%)
[cartographer_node-1] [0.728911, 0.752583)	                   #	Count: 2 (5.26316%)	Total: 30 (78.9474%)
[cartographer_node-1] [0.752583, 0.776255)	                   #	Count: 2 (5.26316%)	Total: 32 (84.2105%)
[cartographer_node-1] [0.776255, 0.799927)	                  ##	Count: 4 (10.5263%)	Total: 36 (94.7368%)
[cartographer_node-1] [0.799927, 0.823599]	                   #	Count: 2 (5.26316%)	Total: 38 (100%)
[cartographer_node-1] [INFO] [1778746562.446375020] [cartographer logger]: I0514 17:16:02.000000 36297 pose_graph_2d.cc:538] Remaining work items in queue: 0
[cartographer_node-1] [INFO] [1778746562.446401596] [cartographer logger]: I0514 17:16:02.000000 36297 constraint_builder_2d.cc:294] 0 computations resulted in 0 additional constraints.
[cartographer_node-1] [INFO] [1778746562.446777355] [cartographer logger]: I0514 17:16:02.000000 36297 constraint_builder_2d.cc:296] Score histogram:
[cartographer_node-1] Count: 38  Min: 0.586879  Max: 0.823599  Mean: 0.690772
[cartographer_node-1] [0.586879, 0.610551)	                 ###	Count: 5 (13.1579%)	Total: 5 (13.1579%)
[cartographer_node-1] [0.610551, 0.634223)	                   #	Count: 2 (5.26316%)	Total: 7 (18.4211%)
[cartographer_node-1] [0.634223, 0.657894)	                ####	Count: 7 (18.4211%)	Total: 14 (36.8421%)
[cartographer_node-1] [0.657894, 0.681567)	                 ###	Count: 5 (13.1579%)	Total: 19 (50%)
[cartographer_node-1] [0.681567, 0.705239)	                  ##	Count: 4 (10.5263%)	Total: 23 (60.5263%)
[cartographer_node-1] [0.705239, 0.728911)	                 ###	Count: 5 (13.1579%)	Total: 28 (73.6842%)
[cartographer_node-1] [0.728911, 0.752583)	                   #	Count: 2 (5.26316%)	Total: 30 (78.9474%)
[cartographer_node-1] [0.752583, 0.776255)	                   #	Count: 2 (5.26316%)	Total: 32 (84.2105%)
[cartographer_node-1] [0.776255, 0.799927)	                  ##	Count: 4 (10.5263%)	Total: 36 (94.7368%)
[cartographer_node-1] [0.799927, 0.823599]	                   #	Count: 2 (5.26316%)	Total: 38 (100%)
[cartographer_node-1] [INFO] [1778746562.521925244] [cartographer logger]: I0514 17:16:02.000000 36298 pose_graph_2d.cc:538] Remaining work items in queue: 0
[cartographer_node-1] [INFO] [1778746562.522009079] [cartographer logger]: I0514 17:16:02.000000 36297 constraint_builder_2d.cc:294] 0 computations resulted in 0 additional constraints.
[cartographer_node-1] [INFO] [1778746562.522213989] [cartographer logger]: I0514 17:16:02.000000 36297 constraint_builder_2d.cc:296] Score histogram:
[cartographer_node-1] Count: 38  Min: 0.586879  Max: 0.823599  Mean: 0.690772
[cartographer_node-1] [0.586879, 0.610551)	                 ###	Count: 5 (13.1579%)	Total: 5 (13.1579%)
[cartographer_node-1] [0.610551, 0.634223)	                   #	Count: 2 (5.26316%)	Total: 7 (18.4211%)
[cartographer_node-1] [0.634223, 0.657894)	                ####	Count: 7 (18.4211%)	Total: 14 (36.8421%)
[cartographer_node-1] [0.657894, 0.681567)	                 ###	Count: 5 (13.1579%)	Total: 19 (50%)
[cartographer_node-1] [0.681567, 0.705239)	                  ##	Count: 4 (10.5263%)	Total: 23 (60.5263%)
[cartographer_node-1] [0.705239, 0.728911)	                 ###	Count: 5 (13.1579%)	Total: 28 (73.6842%)
[cartographer_node-1] [0.728911, 0.752583)	                   #	Count: 2 (5.26316%)	Total: 30 (78.9474%)
[cartographer_node-1] [0.752583, 0.776255)	                   #	Count: 2 (5.26316%)	Total: 32 (84.2105%)
[cartographer_node-1] [0.776255, 0.799927)	                  ##	Count: 4 (10.5263%)	Total: 36 (94.7368%)
[cartographer_node-1] [0.799927, 0.823599]	                   #	Count: 2 (5.26316%)	Total: 38 (100%)
[cartographer_node-1] [INFO] [1778746562.585785652] [cartographer logger]: I0514 17:16:02.000000 36299 constraint_builder_2d.cc:279] Node (1, 600) with 213 points on submap (0, 0) matches with score 58.8%.
[cartographer_node-1] [INFO] [1778746562.614418821] [cartographer logger]: I0514 17:16:02.000000 36297 pose_graph_2d.cc:538] Remaining work items in queue: 1
[cartographer_node-1] [INFO] [1778746562.614470202] [cartographer logger]: I0514 17:16:02.000000 36297 constraint_builder_2d.cc:294] 1 computations resulted in 1 additional constraints.
[cartographer_node-1] [INFO] [1778746562.614862394] [cartographer logger]: I0514 17:16:02.000000 36297 constraint_builder_2d.cc:296] Score histogram:
[cartographer_node-1] Count: 39  Min: 0.586879  Max: 0.823599  Mean: 0.688127
[cartographer_node-1] [0.586879, 0.610551)	                 ###	Count: 6 (15.3846%)	Total: 6 (15.3846%)
[cartographer_node-1] [0.610551, 0.634223)	                   #	Count: 2 (5.12821%)	Total: 8 (20.5128%)
[cartographer_node-1] [0.634223, 0.657894)	                ####	Count: 7 (17.9487%)	Total: 15 (38.4615%)
[cartographer_node-1] [0.657894, 0.681567)	                 ###	Count: 5 (12.8205%)	Total: 20 (51.2821%)
[cartographer_node-1] [0.681567, 0.705239)	                  ##	Count: 4 (10.2564%)	Total: 24 (61.5385%)
[cartographer_node-1] [0.705239, 0.728911)	                 ###	Count: 5 (12.8205%)	Total: 29 (74.359%)
[cartographer_node-1] [0.728911, 0.752583)	                   #	Count: 2 (5.12821%)	Total: 31 (79.4872%)
[cartographer_node-1] [0.752583, 0.776255)	                   #	Count: 2 (5.12821%)	Total: 33 (84.6154%)
[cartographer_node-1] [0.776255, 0.799927)	                  ##	Count: 4 (10.2564%)	Total: 37 (94.8718%)
[cartographer_node-1] [0.799927, 0.823599]	                   #	Count: 2 (5.12821%)	Total: 39 (100%)
[cartographer_node-1] [INFO] [1778746562.699238461] [cartographer logger]: I0514 17:16:02.000000 36300 pose_graph_2d.cc:538] Remaining work items in queue: 0
[cartographer_node-1] [INFO] [1778746562.699283005] [cartographer logger]: I0514 17:16:02.000000 36300 constraint_builder_2d.cc:294] 0 computations resulted in 0 additional constraints.
[cartographer_node-1] [INFO] [1778746562.699575242] [cartographer logger]: I0514 17:16:02.000000 36300 constraint_builder_2d.cc:296] Score histogram:
[cartographer_node-1] Count: 39  Min: 0.586879  Max: 0.823599  Mean: 0.688127
[cartographer_node-1] [0.586879, 0.610551)	                 ###	Count: 6 (15.3846%)	Total: 6 (15.3846%)
[cartographer_node-1] [0.610551, 0.634223)	                   #	Count: 2 (5.12821%)	Total: 8 (20.5128%)
[cartographer_node-1] [0.634223, 0.657894)	                ####	Count: 7 (17.9487%)	Total: 15 (38.4615%)
[cartographer_node-1] [0.657894, 0.681567)	                 ###	Count: 5 (12.8205%)	Total: 20 (51.2821%)
[cartographer_node-1] [0.681567, 0.705239)	                  ##	Count: 4 (10.2564%)	Total: 24 (61.5385%)
[cartographer_node-1] [0.705239, 0.728911)	                 ###	Count: 5 (12.8205%)	Total: 29 (74.359%)
[cartographer_node-1] [0.728911, 0.752583)	                   #	Count: 2 (5.12821%)	Total: 31 (79.4872%)
[cartographer_node-1] [0.752583, 0.776255)	                   #	Count: 2 (5.12821%)	Total: 33 (84.6154%)
[cartographer_node-1] [0.776255, 0.799927)	                  ##	Count: 4 (10.2564%)	Total: 37 (94.8718%)
[cartographer_node-1] [0.799927, 0.823599]	                   #	Count: 2 (5.12821%)	Total: 39 (100%)
[cartographer_node-1] [INFO] [1778746562.748298907] [cartographer logger]: I0514 17:16:02.000000 36297 pose_graph_2d.cc:538] Remaining work items in queue: 1
[cartographer_node-1] [INFO] [1778746562.748371901] [cartographer logger]: I0514 17:16:02.000000 36297 constraint_builder_2d.cc:294] 0 computations resulted in 0 additional constraints.
[cartographer_node-1] [INFO] [1778746562.748881641] [cartographer logger]: I0514 17:16:02.000000 36297 constraint_builder_2d.cc:296] Score histogram:
[cartographer_node-1] Count: 39  Min: 0.586879  Max: 0.823599  Mean: 0.688127
[cartographer_node-1] [0.586879, 0.610551)	                 ###	Count: 6 (15.3846%)	Total: 6 (15.3846%)
[cartographer_node-1] [0.610551, 0.634223)	                   #	Count: 2 (5.12821%)	Total: 8 (20.5128%)
[cartographer_node-1] [0.634223, 0.657894)	                ####	Count: 7 (17.9487%)	Total: 15 (38.4615%)
[cartographer_node-1] [0.657894, 0.681567)	                 ###	Count: 5 (12.8205%)	Total: 20 (51.2821%)
[cartographer_node-1] [0.681567, 0.705239)	                  ##	Count: 4 (10.2564%)	Total: 24 (61.5385%)
[cartographer_node-1] [0.705239, 0.728911)	                 ###	Count: 5 (12.8205%)	Total: 29 (74.359%)
[cartographer_node-1] [0.728911, 0.752583)	                   #	Count: 2 (5.12821%)	Total: 31 (79.4872%)
[cartographer_node-1] [0.752583, 0.776255)	                   #	Count: 2 (5.12821%)	Total: 33 (84.6154%)
[cartographer_node-1] [0.776255, 0.799927)	                  ##	Count: 4 (10.2564%)	Total: 37 (94.8718%)
[cartographer_node-1] [0.799927, 0.823599]	                   #	Count: 2 (5.12821%)	Total: 39 (100%)
[cartographer_node-1] [INFO] [1778746562.832661689] [cartographer logger]: I0514 17:16:02.000000 36300 pose_graph_2d.cc:538] Remaining work items in queue: 1
[cartographer_node-1] [INFO] [1778746562.832741347] [cartographer logger]: I0514 17:16:02.000000 36300 constraint_builder_2d.cc:294] 0 computations resulted in 0 additional constraints.
[cartographer_node-1] [INFO] [1778746562.833550780] [cartographer logger]: I0514 17:16:02.000000 36300 constraint_builder_2d.cc:296] Score histogram:
[cartographer_node-1] Count: 39  Min: 0.586879  Max: 0.823599  Mean: 0.688127
[cartographer_node-1] [0.586879, 0.610551)	                 ###	Count: 6 (15.3846%)	Total: 6 (15.3846%)
[cartographer_node-1] [0.610551, 0.634223)	                   #	Count: 2 (5.12821%)	Total: 8 (20.5128%)
[cartographer_node-1] [0.634223, 0.657894)	                ####	Count: 7 (17.9487%)	Total: 15 (38.4615%)
[cartographer_node-1] [0.657894, 0.681567)	                 ###	Count: 5 (12.8205%)	Total: 20 (51.2821%)
[cartographer_node-1] [0.681567, 0.705239)	                  ##	Count: 4 (10.2564%)	Total: 24 (61.5385%)
[cartographer_node-1] [0.705239, 0.728911)	                 ###	Count: 5 (12.8205%)	Total: 29 (74.359%)
[cartographer_node-1] [0.728911, 0.752583)	                   #	Count: 2 (5.12821%)	Total: 31 (79.4872%)
[cartographer_node-1] [0.752583, 0.776255)	                   #	Count: 2 (5.12821%)	Total: 33 (84.6154%)
[cartographer_node-1] [0.776255, 0.799927)	                  ##	Count: 4 (10.2564%)	Total: 37 (94.8718%)
[cartographer_node-1] [0.799927, 0.823599]	                   #	Count: 2 (5.12821%)	Total: 39 (100%)
[cartographer_node-1] [INFO] [1778746562.924880559] [cartographer logger]: I0514 17:16:02.000000 36299 pose_graph_2d.cc:538] Remaining work items in queue: 0
[cartographer_node-1] [INFO] [1778746562.970087206] [cartographer logger]: I0514 17:16:02.000000 36300 constraint_builder_2d.cc:294] 1 computations resulted in 0 additional constraints.
[cartographer_node-1] [INFO] [1778746562.970128412] [cartographer logger]: I0514 17:16:02.000000 36300 constraint_builder_2d.cc:296] Score histogram:
[cartographer_node-1] Count: 39  Min: 0.586879  Max: 0.823599  Mean: 0.688127
[cartographer_node-1] [0.586879, 0.610551)	                 ###	Count: 6 (15.3846%)	Total: 6 (15.3846%)
[cartographer_node-1] [0.610551, 0.634223)	                   #	Count: 2 (5.12821%)	Total: 8 (20.5128%)
[cartographer_node-1] [0.634223, 0.657894)	                ####	Count: 7 (17.9487%)	Total: 15 (38.4615%)
[cartographer_node-1] [0.657894, 0.681567)	                 ###	Count: 5 (12.8205%)	Total: 20 (51.2821%)
[cartographer_node-1] [0.681567, 0.705239)	                  ##	Count: 4 (10.2564%)	Total: 24 (61.5385%)
[cartographer_node-1] [0.705239, 0.728911)	                 ###	Count: 5 (12.8205%)	Total: 29 (74.359%)
[cartographer_node-1] [0.728911, 0.752583)	                   #	Count: 2 (5.12821%)	Total: 31 (79.4872%)
[cartographer_node-1] [0.752583, 0.776255)	                   #	Count: 2 (5.12821%)	Total: 33 (84.6154%)
[cartographer_node-1] [0.776255, 0.799927)	                  ##	Count: 4 (10.2564%)	Total: 37 (94.8718%)
[cartographer_node-1] [0.799927, 0.823599]	                   #	Count: 2 (5.12821%)	Total: 39 (100%)
[cartographer_node-1] [INFO] [1778746562.985200643] [cartographer logger]: I0514 17:16:02.000000 36300 pose_graph_2d.cc:538] Remaining work items in queue: 1
[cartographer_node-1] [INFO] [1778746562.985259534] [cartographer logger]: I0514 17:16:02.000000 36300 constraint_builder_2d.cc:294] 0 computations resulted in 0 additional constraints.
[cartographer_node-1] [INFO] [1778746562.985439468] [cartographer logger]: I0514 17:16:02.000000 36300 constraint_builder_2d.cc:296] Score histogram:
[cartographer_node-1] Count: 39  Min: 0.586879  Max: 0.823599  Mean: 0.688127
[cartographer_node-1] [0.586879, 0.610551)	                 ###	Count: 6 (15.3846%)	Total: 6 (15.3846%)
[cartographer_node-1] [0.610551, 0.634223)	                   #	Count: 2 (5.12821%)	Total: 8 (20.5128%)
[cartographer_node-1] [0.634223, 0.657894)	                ####	Count: 7 (17.9487%)	Total: 15 (38.4615%)
[cartographer_node-1] [0.657894, 0.681567)	                 ###	Count: 5 (12.8205%)	Total: 20 (51.2821%)
[cartographer_node-1] [0.681567, 0.705239)	                  ##	Count: 4 (10.2564%)	Total: 24 (61.5385%)
[cartographer_node-1] [0.705239, 0.728911)	                 ###	Count: 5 (12.8205%)	Total: 29 (74.359%)
[cartographer_node-1] [0.728911, 0.752583)	                   #	Count: 2 (5.12821%)	Total: 31 (79.4872%)
[cartographer_node-1] [0.752583, 0.776255)	                   #	Count: 2 (5.12821%)	Total: 33 (84.6154%)
[cartographer_node-1] [0.776255, 0.799927)	                  ##	Count: 4 (10.2564%)	Total: 37 (94.8718%)
[cartographer_node-1] [0.799927, 0.823599]	                   #	Count: 2 (5.12821%)	Total: 39 (100%)
[cartographer_node-1] [INFO] [1778746563.069538983] [cartographer logger]: I0514 17:16:03.000000 36299 pose_graph_2d.cc:538] Remaining work items in queue: 1
[cartographer_node-1] [INFO] [1778746563.069562886] [cartographer logger]: I0514 17:16:03.000000 36299 constraint_builder_2d.cc:294] 0 computations resulted in 0 additional constraints.
[cartographer_node-1] [INFO] [1778746563.069661129] [cartographer logger]: I0514 17:16:03.000000 36299 constraint_builder_2d.cc:296] Score histogram:
[cartographer_node-1] Count: 39  Min: 0.586879  Max: 0.823599  Mean: 0.688127
[cartographer_node-1] [0.586879, 0.610551)	                 ###	Count: 6 (15.3846%)	Total: 6 (15.3846%)
[cartographer_node-1] [0.610551, 0.634223)	                   #	Count: 2 (5.12821%)	Total: 8 (20.5128%)
[cartographer_node-1] [0.634223, 0.657894)	                ####	Count: 7 (17.9487%)	Total: 15 (38.4615%)
[cartographer_node-1] [0.657894, 0.681567)	                 ###	Count: 5 (12.8205%)	Total: 20 (51.2821%)
[cartographer_node-1] [0.681567, 0.705239)	                  ##	Count: 4 (10.2564%)	Total: 24 (61.5385%)
[cartographer_node-1] [0.705239, 0.728911)	                 ###	Count: 5 (12.8205%)	Total: 29 (74.359%)
[cartographer_node-1] [0.728911, 0.752583)	                   #	Count: 2 (5.12821%)	Total: 31 (79.4872%)
[cartographer_node-1] [0.752583, 0.776255)	                   #	Count: 2 (5.12821%)	Total: 33 (84.6154%)
[cartographer_node-1] [0.776255, 0.799927)	                  ##	Count: 4 (10.2564%)	Total: 37 (94.8718%)
[cartographer_node-1] [0.799927, 0.823599]	                   #	Count: 2 (5.12821%)	Total: 39 (100%)
[cartographer_node-1] [INFO] [1778746563.129493646] [cartographer logger]: I0514 17:16:03.000000 36298 pose_graph_2d.cc:538] Remaining work items in queue: 1
[cartographer_node-1] [INFO] [1778746563.129530959] [cartographer logger]: I0514 17:16:03.000000 36298 constraint_builder_2d.cc:294] 0 computations resulted in 0 additional constraints.
[cartographer_node-1] [INFO] [1778746563.129652334] [cartographer logger]: I0514 17:16:03.000000 36298 constraint_builder_2d.cc:296] Score histogram:
[cartographer_node-1] Count: 39  Min: 0.586879  Max: 0.823599  Mean: 0.688127
[cartographer_node-1] [0.586879, 0.610551)	                 ###	Count: 6 (15.3846%)	Total: 6 (15.3846%)
[cartographer_node-1] [0.610551, 0.634223)	                   #	Count: 2 (5.12821%)	Total: 8 (20.5128%)
[cartographer_node-1] [0.634223, 0.657894)	                ####	Count: 7 (17.9487%)	Total: 15 (38.4615%)
[cartographer_node-1] [0.657894, 0.681567)	                 ###	Count: 5 (12.8205%)	Total: 20 (51.2821%)
[cartographer_node-1] [0.681567, 0.705239)	                  ##	Count: 4 (10.2564%)	Total: 24 (61.5385%)
[cartographer_node-1] [0.705239, 0.728911)	                 ###	Count: 5 (12.8205%)	Total: 29 (74.359%)
[cartographer_node-1] [0.728911, 0.752583)	                   #	Count: 2 (5.12821%)	Total: 31 (79.4872%)
[cartographer_node-1] [0.752583, 0.776255)	                   #	Count: 2 (5.12821%)	Total: 33 (84.6154%)
[cartographer_node-1] [0.776255, 0.799927)	                  ##	Count: 4 (10.2564%)	Total: 37 (94.8718%)
[cartographer_node-1] [0.799927, 0.823599]	                   #	Count: 2 (5.12821%)	Total: 39 (100%)
[cartographer_node-1] [INFO] [1778746563.209073437] [cartographer logger]: I0514 17:16:03.000000 36298 pose_graph_2d.cc:538] Remaining work items in queue: 0
[cartographer_node-1] [INFO] [1778746563.209108309] [cartographer logger]: I0514 17:16:03.000000 36298 constraint_builder_2d.cc:294] 0 computations resulted in 0 additional constraints.
[cartographer_node-1] [INFO] [1778746563.209283026] [cartographer logger]: I0514 17:16:03.000000 36298 constraint_builder_2d.cc:296] Score histogram:
[cartographer_node-1] Count: 39  Min: 0.586879  Max: 0.823599  Mean: 0.688127
[cartographer_node-1] [0.586879, 0.610551)	                 ###	Count: 6 (15.3846%)	Total: 6 (15.3846%)
[cartographer_node-1] [0.610551, 0.634223)	                   #	Count: 2 (5.12821%)	Total: 8 (20.5128%)
[cartographer_node-1] [0.634223, 0.657894)	                ####	Count: 7 (17.9487%)	Total: 15 (38.4615%)
[cartographer_node-1] [0.657894, 0.681567)	                 ###	Count: 5 (12.8205%)	Total: 20 (51.2821%)
[cartographer_node-1] [0.681567, 0.705239)	                  ##	Count: 4 (10.2564%)	Total: 24 (61.5385%)
[cartographer_node-1] [0.705239, 0.728911)	                 ###	Count: 5 (12.8205%)	Total: 29 (74.359%)
[cartographer_node-1] [0.728911, 0.752583)	                   #	Count: 2 (5.12821%)	Total: 31 (79.4872%)
[cartographer_node-1] [0.752583, 0.776255)	                   #	Count: 2 (5.12821%)	Total: 33 (84.6154%)
[cartographer_node-1] [0.776255, 0.799927)	                  ##	Count: 4 (10.2564%)	Total: 37 (94.8718%)
[cartographer_node-1] [0.799927, 0.823599]	                   #	Count: 2 (5.12821%)	Total: 39 (100%)
[cartographer_node-1] [INFO] [1778746563.297704790] [cartographer logger]: I0514 17:16:03.000000 36300 pose_graph_2d.cc:538] Remaining work items in queue: 0
[cartographer_node-1] [INFO] [1778746563.303574859] [cartographer logger]: I0514 17:16:03.000000 36297 constraint_builder_2d.cc:279] Node (1, 628) with 203 points on submap (0, 8) matches with score 80.9%.
[cartographer_node-1] [INFO] [1778746563.325607522] [cartographer logger]: I0514 17:16:03.000000 36258 pose_graph_2d.cc:148] Inserted submap (1, 7).
[cartographer_node-1] [INFO] [1778746563.339644925] [cartographer logger]: I0514 17:16:03.000000 36298 constraint_builder_2d.cc:279] Node (0, 890) with 201 points on submap (1, 5) matches with score 76.2%.
[cartographer_node-1] [INFO] [1778746563.342441679] [cartographer logger]: I0514 17:16:03.000000 36297 constraint_builder_2d.cc:279] Node (0, 290) with 203 points on submap (1, 5) matches with score 71.5%.
[cartographer_node-1] [INFO] [1778746563.372149678] [cartographer logger]: I0514 17:16:03.000000 36300 constraint_builder_2d.cc:279] Node (0, 1090) with 184 points on submap (1, 5) matches with score 61.3%.
[cartographer_node-1] [INFO] [1778746563.439088085] [cartographer logger]: I0514 17:16:03.000000 36297 constraint_builder_2d.cc:279] Node (0, 490) with 215 points on submap (1, 5) matches with score 59.2%.
[cartographer_node-1] [INFO] [1778746563.456286967] [cartographer logger]: I0514 17:16:03.000000 36300 constraint_builder_2d.cc:294] 9 computations resulted in 5 additional constraints.
[cartographer_node-1] [INFO] [1778746563.456419362] [cartographer logger]: I0514 17:16:03.000000 36300 constraint_builder_2d.cc:296] Score histogram:
[cartographer_node-1] Count: 44  Min: 0.586879  Max: 0.823599  Mean: 0.689238
[cartographer_node-1] [0.586879, 0.610551)	                 ###	Count: 7 (15.9091%)	Total: 7 (15.9091%)
[cartographer_node-1] [0.610551, 0.634223)	                   #	Count: 3 (6.81818%)	Total: 10 (22.7273%)
[cartographer_node-1] [0.634223, 0.657894)	                 ###	Count: 7 (15.9091%)	Total: 17 (38.6364%)
[cartographer_node-1] [0.657894, 0.681567)	                  ##	Count: 5 (11.3636%)	Total: 22 (50%)
[cartographer_node-1] [0.681567, 0.705239)	                  ##	Count: 4 (9.09091%)	Total: 26 (59.0909%)
[cartographer_node-1] [0.705239, 0.728911)	                 ###	Count: 6 (13.6364%)	Total: 32 (72.7273%)
[cartographer_node-1] [0.728911, 0.752583)	                   #	Count: 2 (4.54545%)	Total: 34 (77.2727%)
[cartographer_node-1] [0.752583, 0.776255)	                   #	Count: 3 (6.81818%)	Total: 37 (84.0909%)
[cartographer_node-1] [0.776255, 0.799927)	                  ##	Count: 4 (9.09091%)	Total: 41 (93.1818%)
[cartographer_node-1] [0.799927, 0.823599]	                   #	Count: 3 (6.81818%)	Total: 44 (100%)
[cartographer_node-1] [INFO] [1778746563.486658386] [cartographer logger]: I0514 17:16:03.000000 36300 pose_graph_2d.cc:538] Remaining work items in queue: 12
[cartographer_node-1] [INFO] [1778746563.486681793] [cartographer logger]: I0514 17:16:03.000000 36300 constraint_builder_2d.cc:294] 0 computations resulted in 0 additional constraints.
[cartographer_node-1] [INFO] [1778746563.486729632] [cartographer logger]: I0514 17:16:03.000000 36300 constraint_builder_2d.cc:296] Score histogram:
[cartographer_node-1] Count: 44  Min: 0.586879  Max: 0.823599  Mean: 0.689238
[cartographer_node-1] [0.586879, 0.610551)	                 ###	Count: 7 (15.9091%)	Total: 7 (15.9091%)
[cartographer_node-1] [0.610551, 0.634223)	                   #	Count: 3 (6.81818%)	Total: 10 (22.7273%)
[cartographer_node-1] [0.634223, 0.657894)	                 ###	Count: 7 (15.9091%)	Total: 17 (38.6364%)
[cartographer_node-1] [0.657894, 0.681567)	                  ##	Count: 5 (11.3636%)	Total: 22 (50%)
[cartographer_node-1] [0.681567, 0.705239)	                  ##	Count: 4 (9.09091%)	Total: 26 (59.0909%)
[cartographer_node-1] [0.705239, 0.728911)	                 ###	Count: 6 (13.6364%)	Total: 32 (72.7273%)
[cartographer_node-1] [0.728911, 0.752583)	                   #	Count: 2 (4.54545%)	Total: 34 (77.2727%)
[cartographer_node-1] [0.752583, 0.776255)	                   #	Count: 3 (6.81818%)	Total: 37 (84.0909%)
[cartographer_node-1] [0.776255, 0.799927)	                  ##	Count: 4 (9.09091%)	Total: 41 (93.1818%)
[cartographer_node-1] [0.799927, 0.823599]	                   #	Count: 3 (6.81818%)	Total: 44 (100%)
[cartographer_node-1] [INFO] [1778746563.503117247] [cartographer logger]: I0514 17:16:03.000000 36300 pose_graph_2d.cc:538] Remaining work items in queue: 5
[cartographer_node-1] [INFO] [1778746563.503141638] [cartographer logger]: I0514 17:16:03.000000 36300 constraint_builder_2d.cc:294] 0 computations resulted in 0 additional constraints.
[cartographer_node-1] [INFO] [1778746563.503178363] [cartographer logger]: I0514 17:16:03.000000 36300 constraint_builder_2d.cc:296] Score histogram:
[cartographer_node-1] Count: 44  Min: 0.586879  Max: 0.823599  Mean: 0.689238
[cartographer_node-1] [0.586879, 0.610551)	                 ###	Count: 7 (15.9091%)	Total: 7 (15.9091%)
[cartographer_node-1] [0.610551, 0.634223)	                   #	Count: 3 (6.81818%)	Total: 10 (22.7273%)
[cartographer_node-1] [0.634223, 0.657894)	                 ###	Count: 7 (15.9091%)	Total: 17 (38.6364%)
[cartographer_node-1] [0.657894, 0.681567)	                  ##	Count: 5 (11.3636%)	Total: 22 (50%)
[cartographer_node-1] [0.681567, 0.705239)	                  ##	Count: 4 (9.09091%)	Total: 26 (59.0909%)
[cartographer_node-1] [0.705239, 0.728911)	                 ###	Count: 6 (13.6364%)	Total: 32 (72.7273%)
[cartographer_node-1] [0.728911, 0.752583)	                   #	Count: 2 (4.54545%)	Total: 34 (77.2727%)
[cartographer_node-1] [0.752583, 0.776255)	                   #	Count: 3 (6.81818%)	Total: 37 (84.0909%)
[cartographer_node-1] [0.776255, 0.799927)	                  ##	Count: 4 (9.09091%)	Total: 41 (93.1818%)
[cartographer_node-1] [0.799927, 0.823599]	                   #	Count: 3 (6.81818%)	Total: 44 (100%)
[cartographer_node-1] [INFO] [1778746563.595120285] [cartographer logger]: I0514 17:16:03.000000 36298 pose_graph_2d.cc:538] Remaining work items in queue: 1
[cartographer_node-1] [INFO] [1778746563.595143906] [cartographer logger]: I0514 17:16:03.000000 36298 constraint_builder_2d.cc:294] 0 computations resulted in 0 additional constraints.
[cartographer_node-1] [INFO] [1778746563.595229707] [cartographer logger]: I0514 17:16:03.000000 36298 constraint_builder_2d.cc:296] Score histogram:
[cartographer_node-1] Count: 44  Min: 0.586879  Max: 0.823599  Mean: 0.689238
[cartographer_node-1] [0.586879, 0.610551)	                 ###	Count: 7 (15.9091%)	Total: 7 (15.9091%)
[cartographer_node-1] [0.610551, 0.634223)	                   #	Count: 3 (6.81818%)	Total: 10 (22.7273%)
[cartographer_node-1] [0.634223, 0.657894)	                 ###	Count: 7 (15.9091%)	Total: 17 (38.6364%)
[cartographer_node-1] [0.657894, 0.681567)	                  ##	Count: 5 (11.3636%)	Total: 22 (50%)
[cartographer_node-1] [0.681567, 0.705239)	                  ##	Count: 4 (9.09091%)	Total: 26 (59.0909%)
[cartographer_node-1] [0.705239, 0.728911)	                 ###	Count: 6 (13.6364%)	Total: 32 (72.7273%)
[cartographer_node-1] [0.728911, 0.752583)	                   #	Count: 2 (4.54545%)	Total: 34 (77.2727%)
[cartographer_node-1] [0.752583, 0.776255)	                   #	Count: 3 (6.81818%)	Total: 37 (84.0909%)
[cartographer_node-1] [0.776255, 0.799927)	                  ##	Count: 4 (9.09091%)	Total: 41 (93.1818%)
[cartographer_node-1] [0.799927, 0.823599]	                   #	Count: 3 (6.81818%)	Total: 44 (100%)
[cartographer_node-1] [INFO] [1778746563.682171542] [cartographer logger]: I0514 17:16:03.000000 36297 pose_graph_2d.cc:538] Remaining work items in queue: 1
[cartographer_node-1] [INFO] [1778746563.682198210] [cartographer logger]: I0514 17:16:03.000000 36297 constraint_builder_2d.cc:294] 0 computations resulted in 0 additional constraints.
[cartographer_node-1] [INFO] [1778746563.682219092] [cartographer logger]: I0514 17:16:03.000000 36297 constraint_builder_2d.cc:296] Score histogram:
[cartographer_node-1] Count: 44  Min: 0.586879  Max: 0.823599  Mean: 0.689238
[cartographer_node-1] [0.586879, 0.610551)	                 ###	Count: 7 (15.9091%)	Total: 7 (15.9091%)
[cartographer_node-1] [0.610551, 0.634223)	                   #	Count: 3 (6.81818%)	Total: 10 (22.7273%)
[cartographer_node-1] [0.634223, 0.657894)	                 ###	Count: 7 (15.9091%)	Total: 17 (38.6364%)
[cartographer_node-1] [0.657894, 0.681567)	                  ##	Count: 5 (11.3636%)	Total: 22 (50%)
[cartographer_node-1] [0.681567, 0.705239)	                  ##	Count: 4 (9.09091%)	Total: 26 (59.0909%)
[cartographer_node-1] [0.705239, 0.728911)	                 ###	Count: 6 (13.6364%)	Total: 32 (72.7273%)
[cartographer_node-1] [0.728911, 0.752583)	                   #	Count: 2 (4.54545%)	Total: 34 (77.2727%)
[cartographer_node-1] [0.752583, 0.776255)	                   #	Count: 3 (6.81818%)	Total: 37 (84.0909%)
[cartographer_node-1] [0.776255, 0.799927)	                  ##	Count: 4 (9.09091%)	Total: 41 (93.1818%)
[cartographer_node-1] [0.799927, 0.823599]	                   #	Count: 3 (6.81818%)	Total: 44 (100%)
[cartographer_node-1] [INFO] [1778746563.767411481] [cartographer logger]: I0514 17:16:03.000000 36297 pose_graph_2d.cc:538] Remaining work items in queue: 0
[cartographer_node-1] [INFO] [1778746563.767448986] [cartographer logger]: I0514 17:16:03.000000 36297 constraint_builder_2d.cc:294] 1 computations resulted in 0 additional constraints.
[cartographer_node-1] [INFO] [1778746563.767786176] [cartographer logger]: I0514 17:16:03.000000 36297 constraint_builder_2d.cc:296] Score histogram:
[cartographer_node-1] Count: 44  Min: 0.586879  Max: 0.823599  Mean: 0.689238
[cartographer_node-1] [0.586879, 0.610551)	                 ###	Count: 7 (15.9091%)	Total: 7 (15.9091%)
[cartographer_node-1] [0.610551, 0.634223)	                   #	Count: 3 (6.81818%)	Total: 10 (22.7273%)
[cartographer_node-1] [0.634223, 0.657894)	                 ###	Count: 7 (15.9091%)	Total: 17 (38.6364%)
[cartographer_node-1] [0.657894, 0.681567)	                  ##	Count: 5 (11.3636%)	Total: 22 (50%)
[cartographer_node-1] [0.681567, 0.705239)	                  ##	Count: 4 (9.09091%)	Total: 26 (59.0909%)
[cartographer_node-1] [0.705239, 0.728911)	                 ###	Count: 6 (13.6364%)	Total: 32 (72.7273%)
[cartographer_node-1] [0.728911, 0.752583)	                   #	Count: 2 (4.54545%)	Total: 34 (77.2727%)
[cartographer_node-1] [0.752583, 0.776255)	                   #	Count: 3 (6.81818%)	Total: 37 (84.0909%)
[cartographer_node-1] [0.776255, 0.799927)	                  ##	Count: 4 (9.09091%)	Total: 41 (93.1818%)
[cartographer_node-1] [0.799927, 0.823599]	                   #	Count: 3 (6.81818%)	Total: 44 (100%)
[cartographer_node-1] [INFO] [1778746563.828145281] [cartographer logger]: I0514 17:16:03.000000 36300 pose_graph_2d.cc:538] Remaining work items in queue: 0
[cartographer_node-1] [INFO] [1778746563.828168205] [cartographer logger]: I0514 17:16:03.000000 36300 constraint_builder_2d.cc:294] 0 computations resulted in 0 additional constraints.
[cartographer_node-1] [INFO] [1778746563.828186497] [cartographer logger]: I0514 17:16:03.000000 36300 constraint_builder_2d.cc:296] Score histogram:
[cartographer_node-1] Count: 44  Min: 0.586879  Max: 0.823599  Mean: 0.689238
[cartographer_node-1] [0.586879, 0.610551)	                 ###	Count: 7 (15.9091%)	Total: 7 (15.9091%)
[cartographer_node-1] [0.610551, 0.634223)	                   #	Count: 3 (6.81818%)	Total: 10 (22.7273%)
[cartographer_node-1] [0.634223, 0.657894)	                 ###	Count: 7 (15.9091%)	Total: 17 (38.6364%)
[cartographer_node-1] [0.657894, 0.681567)	                  ##	Count: 5 (11.3636%)	Total: 22 (50%)
[cartographer_node-1] [0.681567, 0.705239)	                  ##	Count: 4 (9.09091%)	Total: 26 (59.0909%)
[cartographer_node-1] [0.705239, 0.728911)	                 ###	Count: 6 (13.6364%)	Total: 32 (72.7273%)
[cartographer_node-1] [0.728911, 0.752583)	                   #	Count: 2 (4.54545%)	Total: 34 (77.2727%)
[cartographer_node-1] [0.752583, 0.776255)	                   #	Count: 3 (6.81818%)	Total: 37 (84.0909%)
[cartographer_node-1] [0.776255, 0.799927)	                  ##	Count: 4 (9.09091%)	Total: 41 (93.1818%)
[cartographer_node-1] [0.799927, 0.823599]	                   #	Count: 3 (6.81818%)	Total: 44 (100%)
[cartographer_node-1] [INFO] [1778746563.896068709] [cartographer logger]: I0514 17:16:03.000000 36300 pose_graph_2d.cc:538] Remaining work items in queue: 0
[cartographer_node-1] [INFO] [1778746563.896092879] [cartographer logger]: I0514 17:16:03.000000 36300 constraint_builder_2d.cc:294] 0 computations resulted in 0 additional constraints.
[cartographer_node-1] [INFO] [1778746563.896204577] [cartographer logger]: I0514 17:16:03.000000 36300 constraint_builder_2d.cc:296] Score histogram:
[cartographer_node-1] Count: 44  Min: 0.586879  Max: 0.823599  Mean: 0.689238
[cartographer_node-1] [0.586879, 0.610551)	                 ###	Count: 7 (15.9091%)	Total: 7 (15.9091%)
[cartographer_node-1] [0.610551, 0.634223)	                   #	Count: 3 (6.81818%)	Total: 10 (22.7273%)
[cartographer_node-1] [0.634223, 0.657894)	                 ###	Count: 7 (15.9091%)	Total: 17 (38.6364%)
[cartographer_node-1] [0.657894, 0.681567)	                  ##	Count: 5 (11.3636%)	Total: 22 (50%)
[cartographer_node-1] [0.681567, 0.705239)	                  ##	Count: 4 (9.09091%)	Total: 26 (59.0909%)
[cartographer_node-1] [0.705239, 0.728911)	                 ###	Count: 6 (13.6364%)	Total: 32 (72.7273%)
[cartographer_node-1] [0.728911, 0.752583)	                   #	Count: 2 (4.54545%)	Total: 34 (77.2727%)
[cartographer_node-1] [0.752583, 0.776255)	                   #	Count: 3 (6.81818%)	Total: 37 (84.0909%)
[cartographer_node-1] [0.776255, 0.799927)	                  ##	Count: 4 (9.09091%)	Total: 41 (93.1818%)
[cartographer_node-1] [0.799927, 0.823599]	                   #	Count: 3 (6.81818%)	Total: 44 (100%)
[cartographer_node-1] [INFO] [1778746563.984005164] [cartographer logger]: I0514 17:16:03.000000 36297 pose_graph_2d.cc:538] Remaining work items in queue: 2
[cartographer_node-1] [INFO] [1778746563.984029701] [cartographer logger]: I0514 17:16:03.000000 36297 constraint_builder_2d.cc:294] 0 computations resulted in 0 additional constraints.
[cartographer_node-1] [INFO] [1778746563.984334849] [cartographer logger]: I0514 17:16:03.000000 36297 constraint_builder_2d.cc:296] Score histogram:
[cartographer_node-1] Count: 44  Min: 0.586879  Max: 0.823599  Mean: 0.689238
[cartographer_node-1] [0.586879, 0.610551)	                 ###	Count: 7 (15.9091%)	Total: 7 (15.9091%)
[cartographer_node-1] [0.610551, 0.634223)	                   #	Count: 3 (6.81818%)	Total: 10 (22.7273%)
[cartographer_node-1] [0.634223, 0.657894)	                 ###	Count: 7 (15.9091%)	Total: 17 (38.6364%)
[cartographer_node-1] [0.657894, 0.681567)	                  ##	Count: 5 (11.3636%)	Total: 22 (50%)
[cartographer_node-1] [0.681567, 0.705239)	                  ##	Count: 4 (9.09091%)	Total: 26 (59.0909%)
[cartographer_node-1] [0.705239, 0.728911)	                 ###	Count: 6 (13.6364%)	Total: 32 (72.7273%)
[cartographer_node-1] [0.728911, 0.752583)	                   #	Count: 2 (4.54545%)	Total: 34 (77.2727%)
[cartographer_node-1] [0.752583, 0.776255)	                   #	Count: 3 (6.81818%)	Total: 37 (84.0909%)
[cartographer_node-1] [0.776255, 0.799927)	                  ##	Count: 4 (9.09091%)	Total: 41 (93.1818%)
[cartographer_node-1] [0.799927, 0.823599]	                   #	Count: 3 (6.81818%)	Total: 44 (100%)
[cartographer_node-1] [INFO] [1778746564.080211465] [cartographer logger]: I0514 17:16:04.000000 36298 pose_graph_2d.cc:538] Remaining work items in queue: 0
[cartographer_node-1] [INFO] [1778746564.080233085] [cartographer logger]: I0514 17:16:04.000000 36298 constraint_builder_2d.cc:294] 0 computations resulted in 0 additional constraints.
[cartographer_node-1] [INFO] [1778746564.080478826] [cartographer logger]: I0514 17:16:04.000000 36298 constraint_builder_2d.cc:296] Score histogram:
[cartographer_node-1] Count: 44  Min: 0.586879  Max: 0.823599  Mean: 0.689238
[cartographer_node-1] [0.586879, 0.610551)	                 ###	Count: 7 (15.9091%)	Total: 7 (15.9091%)
[cartographer_node-1] [0.610551, 0.634223)	                   #	Count: 3 (6.81818%)	Total: 10 (22.7273%)
[cartographer_node-1] [0.634223, 0.657894)	                 ###	Count: 7 (15.9091%)	Total: 17 (38.6364%)
[cartographer_node-1] [0.657894, 0.681567)	                  ##	Count: 5 (11.3636%)	Total: 22 (50%)
[cartographer_node-1] [0.681567, 0.705239)	                  ##	Count: 4 (9.09091%)	Total: 26 (59.0909%)
[cartographer_node-1] [0.705239, 0.728911)	                 ###	Count: 6 (13.6364%)	Total: 32 (72.7273%)
[cartographer_node-1] [0.728911, 0.752583)	                   #	Count: 2 (4.54545%)	Total: 34 (77.2727%)
[cartographer_node-1] [0.752583, 0.776255)	                   #	Count: 3 (6.81818%)	Total: 37 (84.0909%)
[cartographer_node-1] [0.776255, 0.799927)	                  ##	Count: 4 (9.09091%)	Total: 41 (93.1818%)
[cartographer_node-1] [0.799927, 0.823599]	                   #	Count: 3 (6.81818%)	Total: 44 (100%)
[cartographer_node-1] [INFO] [1778746564.121645949] [cartographer logger]: I0514 17:16:04.000000 36299 constraint_builder_2d.cc:279] Node (1, 657) with 211 points on submap (0, 2) matches with score 61.7%.
[cartographer_node-1] [INFO] [1778746564.130298245] [cartographer logger]: I0514 17:16:04.000000 36298 pose_graph_2d.cc:538] Remaining work items in queue: 1
[cartographer_node-1] [INFO] [1778746564.130323991] [cartographer logger]: I0514 17:16:04.000000 36298 constraint_builder_2d.cc:294] 1 computations resulted in 1 additional constraints.
[cartographer_node-1] [INFO] [1778746564.130699554] [cartographer logger]: I0514 17:16:04.000000 36298 constraint_builder_2d.cc:296] Score histogram:
[cartographer_node-1] Count: 45  Min: 0.586879  Max: 0.823599  Mean: 0.68764
[cartographer_node-1] [0.586879, 0.610551)	                 ###	Count: 7 (15.5556%)	Total: 7 (15.5556%)
[cartographer_node-1] [0.610551, 0.634223)	                  ##	Count: 4 (8.88889%)	Total: 11 (24.4444%)
[cartographer_node-1] [0.634223, 0.657894)	                 ###	Count: 7 (15.5556%)	Total: 18 (40%)
[cartographer_node-1] [0.657894, 0.681567)	                  ##	Count: 5 (11.1111%)	Total: 23 (51.1111%)
[cartographer_node-1] [0.681567, 0.705239)	                  ##	Count: 4 (8.88889%)	Total: 27 (60%)
[cartographer_node-1] [0.705239, 0.728911)	                 ###	Count: 6 (13.3333%)	Total: 33 (73.3333%)
[cartographer_node-1] [0.728911, 0.752583)	                   #	Count: 2 (4.44444%)	Total: 35 (77.7778%)
[cartographer_node-1] [0.752583, 0.776255)	                   #	Count: 3 (6.66667%)	Total: 38 (84.4444%)
[cartographer_node-1] [0.776255, 0.799927)	                  ##	Count: 4 (8.88889%)	Total: 42 (93.3333%)
[cartographer_node-1] [0.799927, 0.823599]	                   #	Count: 3 (6.66667%)	Total: 45 (100%)
[cartographer_node-1] [INFO] [1778746564.205914537] [cartographer logger]: I0514 17:16:04.000000 36297 pose_graph_2d.cc:538] Remaining work items in queue: 1
[cartographer_node-1] [INFO] [1778746564.205950624] [cartographer logger]: I0514 17:16:04.000000 36297 constraint_builder_2d.cc:294] 0 computations resulted in 0 additional constraints.
[cartographer_node-1] [INFO] [1778746564.206045968] [cartographer logger]: I0514 17:16:04.000000 36297 constraint_builder_2d.cc:296] Score histogram:
[cartographer_node-1] Count: 45  Min: 0.586879  Max: 0.823599  Mean: 0.68764
[cartographer_node-1] [0.586879, 0.610551)	                 ###	Count: 7 (15.5556%)	Total: 7 (15.5556%)
[cartographer_node-1] [0.610551, 0.634223)	                  ##	Count: 4 (8.88889%)	Total: 11 (24.4444%)
[cartographer_node-1] [0.634223, 0.657894)	                 ###	Count: 7 (15.5556%)	Total: 18 (40%)
[cartographer_node-1] [0.657894, 0.681567)	                  ##	Count: 5 (11.1111%)	Total: 23 (51.1111%)
[cartographer_node-1] [0.681567, 0.705239)	                  ##	Count: 4 (8.88889%)	Total: 27 (60%)
[cartographer_node-1] [0.705239, 0.728911)	                 ###	Count: 6 (13.3333%)	Total: 33 (73.3333%)
[cartographer_node-1] [0.728911, 0.752583)	                   #	Count: 2 (4.44444%)	Total: 35 (77.7778%)
[cartographer_node-1] [0.752583, 0.776255)	                   #	Count: 3 (6.66667%)	Total: 38 (84.4444%)
[cartographer_node-1] [0.776255, 0.799927)	                  ##	Count: 4 (8.88889%)	Total: 42 (93.3333%)
[cartographer_node-1] [0.799927, 0.823599]	                   #	Count: 3 (6.66667%)	Total: 45 (100%)
[cartographer_node-1] [INFO] [1778746564.283839332] [cartographer logger]: I0514 17:16:04.000000 36297 pose_graph_2d.cc:538] Remaining work items in queue: 1
[cartographer_node-1] [INFO] [1778746564.283862054] [cartographer logger]: I0514 17:16:04.000000 36297 constraint_builder_2d.cc:294] 0 computations resulted in 0 additional constraints.
[cartographer_node-1] [INFO] [1778746564.284148655] [cartographer logger]: I0514 17:16:04.000000 36297 constraint_builder_2d.cc:296] Score histogram:
[cartographer_node-1] Count: 45  Min: 0.586879  Max: 0.823599  Mean: 0.68764
[cartographer_node-1] [0.586879, 0.610551)	                 ###	Count: 7 (15.5556%)	Total: 7 (15.5556%)
[cartographer_node-1] [0.610551, 0.634223)	                  ##	Count: 4 (8.88889%)	Total: 11 (24.4444%)
[cartographer_node-1] [0.634223, 0.657894)	                 ###	Count: 7 (15.5556%)	Total: 18 (40%)
[cartographer_node-1] [0.657894, 0.681567)	                  ##	Count: 5 (11.1111%)	Total: 23 (51.1111%)
[cartographer_node-1] [0.681567, 0.705239)	                  ##	Count: 4 (8.88889%)	Total: 27 (60%)
[cartographer_node-1] [0.705239, 0.728911)	                 ###	Count: 6 (13.3333%)	Total: 33 (73.3333%)
[cartographer_node-1] [0.728911, 0.752583)	                   #	Count: 2 (4.44444%)	Total: 35 (77.7778%)
[cartographer_node-1] [0.752583, 0.776255)	                   #	Count: 3 (6.66667%)	Total: 38 (84.4444%)
[cartographer_node-1] [0.776255, 0.799927)	                  ##	Count: 4 (8.88889%)	Total: 42 (93.3333%)
[cartographer_node-1] [0.799927, 0.823599]	                   #	Count: 3 (6.66667%)	Total: 45 (100%)
[cartographer_node-1] [INFO] [1778746564.341423532] [cartographer logger]: I0514 17:16:04.000000 36297 pose_graph_2d.cc:538] Remaining work items in queue: 0
[cartographer_node-1] [INFO] [1778746564.341447557] [cartographer logger]: I0514 17:16:04.000000 36297 constraint_builder_2d.cc:294] 0 computations resulted in 0 additional constraints.
[cartographer_node-1] [INFO] [1778746564.341742706] [cartographer logger]: I0514 17:16:04.000000 36297 constraint_builder_2d.cc:296] Score histogram:
[cartographer_node-1] Count: 45  Min: 0.586879  Max: 0.823599  Mean: 0.68764
[cartographer_node-1] [0.586879, 0.610551)	                 ###	Count: 7 (15.5556%)	Total: 7 (15.5556%)
[cartographer_node-1] [0.610551, 0.634223)	                  ##	Count: 4 (8.88889%)	Total: 11 (24.4444%)
[cartographer_node-1] [0.634223, 0.657894)	                 ###	Count: 7 (15.5556%)	Total: 18 (40%)
[cartographer_node-1] [0.657894, 0.681567)	                  ##	Count: 5 (11.1111%)	Total: 23 (51.1111%)
[cartographer_node-1] [0.681567, 0.705239)	                  ##	Count: 4 (8.88889%)	Total: 27 (60%)
[cartographer_node-1] [0.705239, 0.728911)	                 ###	Count: 6 (13.3333%)	Total: 33 (73.3333%)
[cartographer_node-1] [0.728911, 0.752583)	                   #	Count: 2 (4.44444%)	Total: 35 (77.7778%)
[cartographer_node-1] [0.752583, 0.776255)	                   #	Count: 3 (6.66667%)	Total: 38 (84.4444%)
[cartographer_node-1] [0.776255, 0.799927)	                  ##	Count: 4 (8.88889%)	Total: 42 (93.3333%)
[cartographer_node-1] [0.799927, 0.823599]	                   #	Count: 3 (6.66667%)	Total: 45 (100%)
[cartographer_node-1] [INFO] [1778746564.427816117] [cartographer logger]: I0514 17:16:04.000000 36297 pose_graph_2d.cc:538] Remaining work items in queue: 0
[cartographer_node-1] [INFO] [1778746564.454989714] [cartographer logger]: I0514 17:16:04.000000 36297 constraint_builder_2d.cc:279] Node (1, 671) with 203 points on submap (0, 6) matches with score 59.0%.
[cartographer_node-1] [INFO] [1778746564.455017002] [cartographer logger]: I0514 17:16:04.000000 36297 constraint_builder_2d.cc:294] 1 computations resulted in 1 additional constraints.
[cartographer_node-1] [INFO] [1778746564.455064585] [cartographer logger]: I0514 17:16:04.000000 36297 constraint_builder_2d.cc:296] Score histogram:
[cartographer_node-1] Count: 46  Min: 0.586879  Max: 0.823599  Mean: 0.685511
[cartographer_node-1] [0.586879, 0.610551)	                 ###	Count: 8 (17.3913%)	Total: 8 (17.3913%)
[cartographer_node-1] [0.610551, 0.634223)	                  ##	Count: 4 (8.69565%)	Total: 12 (26.087%)
[cartographer_node-1] [0.634223, 0.657894)	                 ###	Count: 7 (15.2174%)	Total: 19 (41.3043%)
[cartographer_node-1] [0.657894, 0.681567)	                  ##	Count: 5 (10.8696%)	Total: 24 (52.1739%)
[cartographer_node-1] [0.681567, 0.705239)	                  ##	Count: 4 (8.69565%)	Total: 28 (60.8696%)
[cartographer_node-1] [0.705239, 0.728911)	                 ###	Count: 6 (13.0435%)	Total: 34 (73.913%)
[cartographer_node-1] [0.728911, 0.752583)	                   #	Count: 2 (4.34783%)	Total: 36 (78.2609%)
[cartographer_node-1] [0.752583, 0.776255)	                   #	Count: 3 (6.52174%)	Total: 39 (84.7826%)
[cartographer_node-1] [0.776255, 0.799927)	                  ##	Count: 4 (8.69565%)	Total: 43 (93.4783%)
[cartographer_node-1] [0.799927, 0.823599]	                   #	Count: 3 (6.52174%)	Total: 46 (100%)
[cartographer_node-1] [INFO] [1778746564.498014930] [cartographer logger]: I0514 17:16:04.000000 36299 pose_graph_2d.cc:538] Remaining work items in queue: 1
[cartographer_node-1] [INFO] [1778746564.498038145] [cartographer logger]: I0514 17:16:04.000000 36299 constraint_builder_2d.cc:294] 0 computations resulted in 0 additional constraints.
[cartographer_node-1] [INFO] [1778746564.498060739] [cartographer logger]: I0514 17:16:04.000000 36299 constraint_builder_2d.cc:296] Score histogram:
[cartographer_node-1] Count: 46  Min: 0.586879  Max: 0.823599  Mean: 0.685511
[cartographer_node-1] [0.586879, 0.610551)	                 ###	Count: 8 (17.3913%)	Total: 8 (17.3913%)
[cartographer_node-1] [0.610551, 0.634223)	                  ##	Count: 4 (8.69565%)	Total: 12 (26.087%)
[cartographer_node-1] [0.634223, 0.657894)	                 ###	Count: 7 (15.2174%)	Total: 19 (41.3043%)
[cartographer_node-1] [0.657894, 0.681567)	                  ##	Count: 5 (10.8696%)	Total: 24 (52.1739%)
[cartographer_node-1] [0.681567, 0.705239)	                  ##	Count: 4 (8.69565%)	Total: 28 (60.8696%)
[cartographer_node-1] [0.705239, 0.728911)	                 ###	Count: 6 (13.0435%)	Total: 34 (73.913%)
[cartographer_node-1] [0.728911, 0.752583)	                   #	Count: 2 (4.34783%)	Total: 36 (78.2609%)
[cartographer_node-1] [0.752583, 0.776255)	                   #	Count: 3 (6.52174%)	Total: 39 (84.7826%)
[cartographer_node-1] [0.776255, 0.799927)	                  ##	Count: 4 (8.69565%)	Total: 43 (93.4783%)
[cartographer_node-1] [0.799927, 0.823599]	                   #	Count: 3 (6.52174%)	Total: 46 (100%)
[cartographer_node-1] [INFO] [1778746564.603552093] [cartographer logger]: I0514 17:16:04.000000 36299 pose_graph_2d.cc:538] Remaining work items in queue: 0
[cartographer_node-1] [INFO] [1778746564.603590277] [cartographer logger]: I0514 17:16:04.000000 36299 constraint_builder_2d.cc:294] 0 computations resulted in 0 additional constraints.
[cartographer_node-1] [INFO] [1778746564.604165462] [cartographer logger]: I0514 17:16:04.000000 36299 constraint_builder_2d.cc:296] Score histogram:
[cartographer_node-1] Count: 46  Min: 0.586879  Max: 0.823599  Mean: 0.685511
[cartographer_node-1] [0.586879, 0.610551)	                 ###	Count: 8 (17.3913%)	Total: 8 (17.3913%)
[cartographer_node-1] [0.610551, 0.634223)	                  ##	Count: 4 (8.69565%)	Total: 12 (26.087%)
[cartographer_node-1] [0.634223, 0.657894)	                 ###	Count: 7 (15.2174%)	Total: 19 (41.3043%)
[cartographer_node-1] [0.657894, 0.681567)	                  ##	Count: 5 (10.8696%)	Total: 24 (52.1739%)
[cartographer_node-1] [0.681567, 0.705239)	                  ##	Count: 4 (8.69565%)	Total: 28 (60.8696%)
[cartographer_node-1] [0.705239, 0.728911)	                 ###	Count: 6 (13.0435%)	Total: 34 (73.913%)
[cartographer_node-1] [0.728911, 0.752583)	                   #	Count: 2 (4.34783%)	Total: 36 (78.2609%)
[cartographer_node-1] [0.752583, 0.776255)	                   #	Count: 3 (6.52174%)	Total: 39 (84.7826%)
[cartographer_node-1] [0.776255, 0.799927)	                  ##	Count: 4 (8.69565%)	Total: 43 (93.4783%)
[cartographer_node-1] [0.799927, 0.823599]	                   #	Count: 3 (6.52174%)	Total: 46 (100%)
[cartographer_node-1] [INFO] [1778746564.724194486] [cartographer logger]: I0514 17:16:04.000000 36298 pose_graph_2d.cc:538] Remaining work items in queue: 0
[cartographer_node-1] [INFO] [1778746564.724217405] [cartographer logger]: I0514 17:16:04.000000 36298 constraint_builder_2d.cc:294] 0 computations resulted in 0 additional constraints.
[cartographer_node-1] [INFO] [1778746564.724535347] [cartographer logger]: I0514 17:16:04.000000 36298 constraint_builder_2d.cc:296] Score histogram:
[cartographer_node-1] Count: 46  Min: 0.586879  Max: 0.823599  Mean: 0.685511
[cartographer_node-1] [0.586879, 0.610551)	                 ###	Count: 8 (17.3913%)	Total: 8 (17.3913%)
[cartographer_node-1] [0.610551, 0.634223)	                  ##	Count: 4 (8.69565%)	Total: 12 (26.087%)
[cartographer_node-1] [0.634223, 0.657894)	                 ###	Count: 7 (15.2174%)	Total: 19 (41.3043%)
[cartographer_node-1] [0.657894, 0.681567)	                  ##	Count: 5 (10.8696%)	Total: 24 (52.1739%)
[cartographer_node-1] [0.681567, 0.705239)	                  ##	Count: 4 (8.69565%)	Total: 28 (60.8696%)
[cartographer_node-1] [0.705239, 0.728911)	                 ###	Count: 6 (13.0435%)	Total: 34 (73.913%)
[cartographer_node-1] [0.728911, 0.752583)	                   #	Count: 2 (4.34783%)	Total: 36 (78.2609%)
[cartographer_node-1] [0.752583, 0.776255)	                   #	Count: 3 (6.52174%)	Total: 39 (84.7826%)
[cartographer_node-1] [0.776255, 0.799927)	                  ##	Count: 4 (8.69565%)	Total: 43 (93.4783%)
[cartographer_node-1] [0.799927, 0.823599]	                   #	Count: 3 (6.52174%)	Total: 46 (100%)
[cartographer_node-1] [INFO] [1778746564.784812581] [cartographer logger]: I0514 17:16:04.000000 36300 pose_graph_2d.cc:538] Remaining work items in queue: 0
[cartographer_node-1] [INFO] [1778746564.784862955] [cartographer logger]: I0514 17:16:04.000000 36300 constraint_builder_2d.cc:294] 0 computations resulted in 0 additional constraints.
[cartographer_node-1] [INFO] [1778746564.784890759] [cartographer logger]: I0514 17:16:04.000000 36300 constraint_builder_2d.cc:296] Score histogram:
[cartographer_node-1] Count: 46  Min: 0.586879  Max: 0.823599  Mean: 0.685511
[cartographer_node-1] [0.586879, 0.610551)	                 ###	Count: 8 (17.3913%)	Total: 8 (17.3913%)
[cartographer_node-1] [0.610551, 0.634223)	                  ##	Count: 4 (8.69565%)	Total: 12 (26.087%)
[cartographer_node-1] [0.634223, 0.657894)	                 ###	Count: 7 (15.2174%)	Total: 19 (41.3043%)
[cartographer_node-1] [0.657894, 0.681567)	                  ##	Count: 5 (10.8696%)	Total: 24 (52.1739%)
[cartographer_node-1] [0.681567, 0.705239)	                  ##	Count: 4 (8.69565%)	Total: 28 (60.8696%)
[cartographer_node-1] [0.705239, 0.728911)	                 ###	Count: 6 (13.0435%)	Total: 34 (73.913%)
[cartographer_node-1] [0.728911, 0.752583)	                   #	Count: 2 (4.34783%)	Total: 36 (78.2609%)
[cartographer_node-1] [0.752583, 0.776255)	                   #	Count: 3 (6.52174%)	Total: 39 (84.7826%)
[cartographer_node-1] [0.776255, 0.799927)	                  ##	Count: 4 (8.69565%)	Total: 43 (93.4783%)
[cartographer_node-1] [0.799927, 0.823599]	                   #	Count: 3 (6.52174%)	Total: 46 (100%)
[cartographer_node-1] [INFO] [1778746564.879452734] [cartographer logger]: I0514 17:16:04.000000 36298 pose_graph_2d.cc:538] Remaining work items in queue: 0
[cartographer_node-1] [INFO] [1778746564.879491729] [cartographer logger]: I0514 17:16:04.000000 36298 constraint_builder_2d.cc:294] 1 computations resulted in 0 additional constraints.
[cartographer_node-1] [INFO] [1778746564.879606191] [cartographer logger]: I0514 17:16:04.000000 36298 constraint_builder_2d.cc:296] Score histogram:
[cartographer_node-1] Count: 46  Min: 0.586879  Max: 0.823599  Mean: 0.685511
[cartographer_node-1] [0.586879, 0.610551)	                 ###	Count: 8 (17.3913%)	Total: 8 (17.3913%)
[cartographer_node-1] [0.610551, 0.634223)	                  ##	Count: 4 (8.69565%)	Total: 12 (26.087%)
[cartographer_node-1] [0.634223, 0.657894)	                 ###	Count: 7 (15.2174%)	Total: 19 (41.3043%)
[cartographer_node-1] [0.657894, 0.681567)	                  ##	Count: 5 (10.8696%)	Total: 24 (52.1739%)
[cartographer_node-1] [0.681567, 0.705239)	                  ##	Count: 4 (8.69565%)	Total: 28 (60.8696%)
[cartographer_node-1] [0.705239, 0.728911)	                 ###	Count: 6 (13.0435%)	Total: 34 (73.913%)
[cartographer_node-1] [0.728911, 0.752583)	                   #	Count: 2 (4.34783%)	Total: 36 (78.2609%)
[cartographer_node-1] [0.752583, 0.776255)	                   #	Count: 3 (6.52174%)	Total: 39 (84.7826%)
[cartographer_node-1] [0.776255, 0.799927)	                  ##	Count: 4 (8.69565%)	Total: 43 (93.4783%)
[cartographer_node-1] [0.799927, 0.823599]	                   #	Count: 3 (6.52174%)	Total: 46 (100%)
[cartographer_node-1] [INFO] [1778746564.932203300] [cartographer logger]: I0514 17:16:04.000000 36297 pose_graph_2d.cc:538] Remaining work items in queue: 0
[cartographer_node-1] [INFO] [1778746564.932225079] [cartographer logger]: I0514 17:16:04.000000 36297 constraint_builder_2d.cc:294] 0 computations resulted in 0 additional constraints.
[cartographer_node-1] [INFO] [1778746564.932274931] [cartographer logger]: I0514 17:16:04.000000 36297 constraint_builder_2d.cc:296] Score histogram:
[cartographer_node-1] Count: 46  Min: 0.586879  Max: 0.823599  Mean: 0.685511
[cartographer_node-1] [0.586879, 0.610551)	                 ###	Count: 8 (17.3913%)	Total: 8 (17.3913%)
[cartographer_node-1] [0.610551, 0.634223)	                  ##	Count: 4 (8.69565%)	Total: 12 (26.087%)
[cartographer_node-1] [0.634223, 0.657894)	                 ###	Count: 7 (15.2174%)	Total: 19 (41.3043%)
[cartographer_node-1] [0.657894, 0.681567)	                  ##	Count: 5 (10.8696%)	Total: 24 (52.1739%)
[cartographer_node-1] [0.681567, 0.705239)	                  ##	Count: 4 (8.69565%)	Total: 28 (60.8696%)
[cartographer_node-1] [0.705239, 0.728911)	                 ###	Count: 6 (13.0435%)	Total: 34 (73.913%)
[cartographer_node-1] [0.728911, 0.752583)	                   #	Count: 2 (4.34783%)	Total: 36 (78.2609%)
[cartographer_node-1] [0.752583, 0.776255)	                   #	Count: 3 (6.52174%)	Total: 39 (84.7826%)
[cartographer_node-1] [0.776255, 0.799927)	                  ##	Count: 4 (8.69565%)	Total: 43 (93.4783%)
[cartographer_node-1] [0.799927, 0.823599]	                   #	Count: 3 (6.52174%)	Total: 46 (100%)
[cartographer_node-1] [INFO] [1778746565.005211602] [cartographer logger]: I0514 17:16:05.000000 36297 pose_graph_2d.cc:538] Remaining work items in queue: 1
[cartographer_node-1] [INFO] [1778746565.005311945] [cartographer logger]: I0514 17:16:05.000000 36297 constraint_builder_2d.cc:294] 0 computations resulted in 0 additional constraints.
[cartographer_node-1] [INFO] [1778746565.005622210] [cartographer logger]: I0514 17:16:05.000000 36297 constraint_builder_2d.cc:296] Score histogram:
[cartographer_node-1] Count: 46  Min: 0.586879  Max: 0.823599  Mean: 0.685511
[cartographer_node-1] [0.586879, 0.610551)	                 ###	Count: 8 (17.3913%)	Total: 8 (17.3913%)
[cartographer_node-1] [0.610551, 0.634223)	                  ##	Count: 4 (8.69565%)	Total: 12 (26.087%)
[cartographer_node-1] [0.634223, 0.657894)	                 ###	Count: 7 (15.2174%)	Total: 19 (41.3043%)
[cartographer_node-1] [0.657894, 0.681567)	                  ##	Count: 5 (10.8696%)	Total: 24 (52.1739%)
[cartographer_node-1] [0.681567, 0.705239)	                  ##	Count: 4 (8.69565%)	Total: 28 (60.8696%)
[cartographer_node-1] [0.705239, 0.728911)	                 ###	Count: 6 (13.0435%)	Total: 34 (73.913%)
[cartographer_node-1] [0.728911, 0.752583)	                   #	Count: 2 (4.34783%)	Total: 36 (78.2609%)
[cartographer_node-1] [0.752583, 0.776255)	                   #	Count: 3 (6.52174%)	Total: 39 (84.7826%)
[cartographer_node-1] [0.776255, 0.799927)	                  ##	Count: 4 (8.69565%)	Total: 43 (93.4783%)
[cartographer_node-1] [0.799927, 0.823599]	                   #	Count: 3 (6.52174%)	Total: 46 (100%)
[cartographer_node-1] [INFO] [1778746565.082417982] [cartographer logger]: I0514 17:16:05.000000 36298 pose_graph_2d.cc:538] Remaining work items in queue: 1
[cartographer_node-1] [INFO] [1778746565.082461172] [cartographer logger]: I0514 17:16:05.000000 36298 constraint_builder_2d.cc:294] 0 computations resulted in 0 additional constraints.
[cartographer_node-1] [INFO] [1778746565.082815515] [cartographer logger]: I0514 17:16:05.000000 36298 constraint_builder_2d.cc:296] Score histogram:
[cartographer_node-1] Count: 46  Min: 0.586879  Max: 0.823599  Mean: 0.685511
[cartographer_node-1] [0.586879, 0.610551)	                 ###	Count: 8 (17.3913%)	Total: 8 (17.3913%)
[cartographer_node-1] [0.610551, 0.634223)	                  ##	Count: 4 (8.69565%)	Total: 12 (26.087%)
[cartographer_node-1] [0.634223, 0.657894)	                 ###	Count: 7 (15.2174%)	Total: 19 (41.3043%)
[cartographer_node-1] [0.657894, 0.681567)	                  ##	Count: 5 (10.8696%)	Total: 24 (52.1739%)
[cartographer_node-1] [0.681567, 0.705239)	                  ##	Count: 4 (8.69565%)	Total: 28 (60.8696%)
[cartographer_node-1] [0.705239, 0.728911)	                 ###	Count: 6 (13.0435%)	Total: 34 (73.913%)
[cartographer_node-1] [0.728911, 0.752583)	                   #	Count: 2 (4.34783%)	Total: 36 (78.2609%)
[cartographer_node-1] [0.752583, 0.776255)	                   #	Count: 3 (6.52174%)	Total: 39 (84.7826%)
[cartographer_node-1] [0.776255, 0.799927)	                  ##	Count: 4 (8.69565%)	Total: 43 (93.4783%)
[cartographer_node-1] [0.799927, 0.823599]	                   #	Count: 3 (6.52174%)	Total: 46 (100%)
[cartographer_node-1] [INFO] [1778746565.176661432] [cartographer logger]: I0514 17:16:05.000000 36298 pose_graph_2d.cc:538] Remaining work items in queue: 1
[cartographer_node-1] [INFO] [1778746565.176709196] [cartographer logger]: I0514 17:16:05.000000 36298 constraint_builder_2d.cc:294] 0 computations resulted in 0 additional constraints.
[cartographer_node-1] [INFO] [1778746565.177077329] [cartographer logger]: I0514 17:16:05.000000 36298 constraint_builder_2d.cc:296] Score histogram:
[cartographer_node-1] Count: 46  Min: 0.586879  Max: 0.823599  Mean: 0.685511
[cartographer_node-1] [0.586879, 0.610551)	                 ###	Count: 8 (17.3913%)	Total: 8 (17.3913%)
[cartographer_node-1] [0.610551, 0.634223)	                  ##	Count: 4 (8.69565%)	Total: 12 (26.087%)
[cartographer_node-1] [0.634223, 0.657894)	                 ###	Count: 7 (15.2174%)	Total: 19 (41.3043%)
[cartographer_node-1] [0.657894, 0.681567)	                  ##	Count: 5 (10.8696%)	Total: 24 (52.1739%)
[cartographer_node-1] [0.681567, 0.705239)	                  ##	Count: 4 (8.69565%)	Total: 28 (60.8696%)
[cartographer_node-1] [0.705239, 0.728911)	                 ###	Count: 6 (13.0435%)	Total: 34 (73.913%)
[cartographer_node-1] [0.728911, 0.752583)	                   #	Count: 2 (4.34783%)	Total: 36 (78.2609%)
[cartographer_node-1] [0.752583, 0.776255)	                   #	Count: 3 (6.52174%)	Total: 39 (84.7826%)
[cartographer_node-1] [0.776255, 0.799927)	                  ##	Count: 4 (8.69565%)	Total: 43 (93.4783%)
[cartographer_node-1] [0.799927, 0.823599]	                   #	Count: 3 (6.52174%)	Total: 46 (100%)
[cartographer_node-1] [INFO] [1778746565.225867599] [cartographer logger]: I0514 17:16:05.000000 36299 pose_graph_2d.cc:538] Remaining work items in queue: 0
[cartographer_node-1] [INFO] [1778746565.234764484] [cartographer logger]: I0514 17:16:05.000000 36298 constraint_builder_2d.cc:279] Node (1, 700) with 201 points on submap (0, 0) matches with score 67.1%.
[cartographer_node-1] [INFO] [1778746565.234792932] [cartographer logger]: I0514 17:16:05.000000 36298 constraint_builder_2d.cc:294] 1 computations resulted in 1 additional constraints.
[cartographer_node-1] [INFO] [1778746565.234846458] [cartographer logger]: I0514 17:16:05.000000 36298 constraint_builder_2d.cc:296] Score histogram:
[cartographer_node-1] Count: 47  Min: 0.586879  Max: 0.823599  Mean: 0.685209
[cartographer_node-1] [0.586879, 0.610551)	                 ###	Count: 8 (17.0213%)	Total: 8 (17.0213%)
[cartographer_node-1] [0.610551, 0.634223)	                  ##	Count: 4 (8.51064%)	Total: 12 (25.5319%)
[cartographer_node-1] [0.634223, 0.657894)	                 ###	Count: 7 (14.8936%)	Total: 19 (40.4255%)
[cartographer_node-1] [0.657894, 0.681567)	                 ###	Count: 6 (12.766%)	Total: 25 (53.1915%)
[cartographer_node-1] [0.681567, 0.705239)	                  ##	Count: 4 (8.51064%)	Total: 29 (61.7021%)
[cartographer_node-1] [0.705239, 0.728911)	                 ###	Count: 6 (12.766%)	Total: 35 (74.4681%)
[cartographer_node-1] [0.728911, 0.752583)	                   #	Count: 2 (4.25532%)	Total: 37 (78.7234%)
[cartographer_node-1] [0.752583, 0.776255)	                   #	Count: 3 (6.38298%)	Total: 40 (85.1064%)
[cartographer_node-1] [0.776255, 0.799927)	                  ##	Count: 4 (8.51064%)	Total: 44 (93.617%)
[cartographer_node-1] [0.799927, 0.823599]	                   #	Count: 3 (6.38298%)	Total: 47 (100%)
[cartographer_node-1] [INFO] [1778746565.303079718] [cartographer logger]: I0514 17:16:05.000000 36297 pose_graph_2d.cc:538] Remaining work items in queue: 0
[cartographer_node-1] [INFO] [1778746565.303107880] [cartographer logger]: I0514 17:16:05.000000 36297 constraint_builder_2d.cc:294] 0 computations resulted in 0 additional constraints.
[cartographer_node-1] [INFO] [1778746565.303527337] [cartographer logger]: I0514 17:16:05.000000 36297 constraint_builder_2d.cc:296] Score histogram:
[cartographer_node-1] Count: 47  Min: 0.586879  Max: 0.823599  Mean: 0.685209
[cartographer_node-1] [0.586879, 0.610551)	                 ###	Count: 8 (17.0213%)	Total: 8 (17.0213%)
[cartographer_node-1] [0.610551, 0.634223)	                  ##	Count: 4 (8.51064%)	Total: 12 (25.5319%)
[cartographer_node-1] [0.634223, 0.657894)	                 ###	Count: 7 (14.8936%)	Total: 19 (40.4255%)
[cartographer_node-1] [0.657894, 0.681567)	                 ###	Count: 6 (12.766%)	Total: 25 (53.1915%)
[cartographer_node-1] [0.681567, 0.705239)	                  ##	Count: 4 (8.51064%)	Total: 29 (61.7021%)
[cartographer_node-1] [0.705239, 0.728911)	                 ###	Count: 6 (12.766%)	Total: 35 (74.4681%)
[cartographer_node-1] [0.728911, 0.752583)	                   #	Count: 2 (4.25532%)	Total: 37 (78.7234%)
[cartographer_node-1] [0.752583, 0.776255)	                   #	Count: 3 (6.38298%)	Total: 40 (85.1064%)
[cartographer_node-1] [0.776255, 0.799927)	                  ##	Count: 4 (8.51064%)	Total: 44 (93.617%)
[cartographer_node-1] [0.799927, 0.823599]	                   #	Count: 3 (6.38298%)	Total: 47 (100%)
[cartographer_node-1] [INFO] [1778746565.395099701] [cartographer logger]: I0514 17:16:05.000000 36300 pose_graph_2d.cc:538] Remaining work items in queue: 1
[cartographer_node-1] [INFO] [1778746565.395142470] [cartographer logger]: I0514 17:16:05.000000 36300 constraint_builder_2d.cc:294] 0 computations resulted in 0 additional constraints.
[cartographer_node-1] [INFO] [1778746565.395437727] [cartographer logger]: I0514 17:16:05.000000 36300 constraint_builder_2d.cc:296] Score histogram:
[cartographer_node-1] Count: 47  Min: 0.586879  Max: 0.823599  Mean: 0.685209
[cartographer_node-1] [0.586879, 0.610551)	                 ###	Count: 8 (17.0213%)	Total: 8 (17.0213%)
[cartographer_node-1] [0.610551, 0.634223)	                  ##	Count: 4 (8.51064%)	Total: 12 (25.5319%)
[cartographer_node-1] [0.634223, 0.657894)	                 ###	Count: 7 (14.8936%)	Total: 19 (40.4255%)
[cartographer_node-1] [0.657894, 0.681567)	                 ###	Count: 6 (12.766%)	Total: 25 (53.1915%)
[cartographer_node-1] [0.681567, 0.705239)	                  ##	Count: 4 (8.51064%)	Total: 29 (61.7021%)
[cartographer_node-1] [0.705239, 0.728911)	                 ###	Count: 6 (12.766%)	Total: 35 (74.4681%)
[cartographer_node-1] [0.728911, 0.752583)	                   #	Count: 2 (4.25532%)	Total: 37 (78.7234%)
[cartographer_node-1] [0.752583, 0.776255)	                   #	Count: 3 (6.38298%)	Total: 40 (85.1064%)
[cartographer_node-1] [0.776255, 0.799927)	                  ##	Count: 4 (8.51064%)	Total: 44 (93.617%)
[cartographer_node-1] [0.799927, 0.823599]	                   #	Count: 3 (6.38298%)	Total: 47 (100%)
[cartographer_node-1] [INFO] [1778746565.482427942] [cartographer logger]: I0514 17:16:05.000000 36298 pose_graph_2d.cc:538] Remaining work items in queue: 0
[cartographer_node-1] [INFO] [1778746565.482467206] [cartographer logger]: I0514 17:16:05.000000 36298 constraint_builder_2d.cc:294] 0 computations resulted in 0 additional constraints.
[cartographer_node-1] [INFO] [1778746565.482585074] [cartographer logger]: I0514 17:16:05.000000 36298 constraint_builder_2d.cc:296] Score histogram:
[cartographer_node-1] Count: 47  Min: 0.586879  Max: 0.823599  Mean: 0.685209
[cartographer_node-1] [0.586879, 0.610551)	                 ###	Count: 8 (17.0213%)	Total: 8 (17.0213%)
[cartographer_node-1] [0.610551, 0.634223)	                  ##	Count: 4 (8.51064%)	Total: 12 (25.5319%)
[cartographer_node-1] [0.634223, 0.657894)	                 ###	Count: 7 (14.8936%)	Total: 19 (40.4255%)
[cartographer_node-1] [0.657894, 0.681567)	                 ###	Count: 6 (12.766%)	Total: 25 (53.1915%)
[cartographer_node-1] [0.681567, 0.705239)	                  ##	Count: 4 (8.51064%)	Total: 29 (61.7021%)
[cartographer_node-1] [0.705239, 0.728911)	                 ###	Count: 6 (12.766%)	Total: 35 (74.4681%)
[cartographer_node-1] [0.728911, 0.752583)	                   #	Count: 2 (4.25532%)	Total: 37 (78.7234%)
[cartographer_node-1] [0.752583, 0.776255)	                   #	Count: 3 (6.38298%)	Total: 40 (85.1064%)
[cartographer_node-1] [0.776255, 0.799927)	                  ##	Count: 4 (8.51064%)	Total: 44 (93.617%)
[cartographer_node-1] [0.799927, 0.823599]	                   #	Count: 3 (6.38298%)	Total: 47 (100%)
[cartographer_node-1] [INFO] [1778746565.531933170] [cartographer logger]: I0514 17:16:05.000000 36299 pose_graph_2d.cc:538] Remaining work items in queue: 1
[cartographer_node-1] [INFO] [1778746565.531954809] [cartographer logger]: I0514 17:16:05.000000 36299 constraint_builder_2d.cc:294] 0 computations resulted in 0 additional constraints.
[cartographer_node-1] [INFO] [1778746565.532525178] [cartographer logger]: I0514 17:16:05.000000 36299 constraint_builder_2d.cc:296] Score histogram:
[cartographer_node-1] Count: 47  Min: 0.586879  Max: 0.823599  Mean: 0.685209
[cartographer_node-1] [0.586879, 0.610551)	                 ###	Count: 8 (17.0213%)	Total: 8 (17.0213%)
[cartographer_node-1] [0.610551, 0.634223)	                  ##	Count: 4 (8.51064%)	Total: 12 (25.5319%)
[cartographer_node-1] [0.634223, 0.657894)	                 ###	Count: 7 (14.8936%)	Total: 19 (40.4255%)
[cartographer_node-1] [0.657894, 0.681567)	                 ###	Count: 6 (12.766%)	Total: 25 (53.1915%)
[cartographer_node-1] [0.681567, 0.705239)	                  ##	Count: 4 (8.51064%)	Total: 29 (61.7021%)
[cartographer_node-1] [0.705239, 0.728911)	                 ###	Count: 6 (12.766%)	Total: 35 (74.4681%)
[cartographer_node-1] [0.728911, 0.752583)	                   #	Count: 2 (4.25532%)	Total: 37 (78.7234%)
[cartographer_node-1] [0.752583, 0.776255)	                   #	Count: 3 (6.38298%)	Total: 40 (85.1064%)
[cartographer_node-1] [0.776255, 0.799927)	                  ##	Count: 4 (8.51064%)	Total: 44 (93.617%)
[cartographer_node-1] [0.799927, 0.823599]	                   #	Count: 3 (6.38298%)	Total: 47 (100%)
[cartographer_node-1] [INFO] [1778746565.598225252] [cartographer logger]: I0514 17:16:05.000000 36298 pose_graph_2d.cc:538] Remaining work items in queue: 0
[cartographer_node-1] [INFO] [1778746565.609579131] [cartographer logger]: I0514 17:16:05.000000 36300 constraint_builder_2d.cc:294] 1 computations resulted in 0 additional constraints.
[cartographer_node-1] [INFO] [1778746565.609610874] [cartographer logger]: I0514 17:16:05.000000 36300 constraint_builder_2d.cc:296] Score histogram:
[cartographer_node-1] Count: 47  Min: 0.586879  Max: 0.823599  Mean: 0.685209
[cartographer_node-1] [0.586879, 0.610551)	                 ###	Count: 8 (17.0213%)	Total: 8 (17.0213%)
[cartographer_node-1] [0.610551, 0.634223)	                  ##	Count: 4 (8.51064%)	Total: 12 (25.5319%)
[cartographer_node-1] [0.634223, 0.657894)	                 ###	Count: 7 (14.8936%)	Total: 19 (40.4255%)
[cartographer_node-1] [0.657894, 0.681567)	                 ###	Count: 6 (12.766%)	Total: 25 (53.1915%)
[cartographer_node-1] [0.681567, 0.705239)	                  ##	Count: 4 (8.51064%)	Total: 29 (61.7021%)
[cartographer_node-1] [0.705239, 0.728911)	                 ###	Count: 6 (12.766%)	Total: 35 (74.4681%)
[cartographer_node-1] [0.728911, 0.752583)	                   #	Count: 2 (4.25532%)	Total: 37 (78.7234%)
[cartographer_node-1] [0.752583, 0.776255)	                   #	Count: 3 (6.38298%)	Total: 40 (85.1064%)
[cartographer_node-1] [0.776255, 0.799927)	                  ##	Count: 4 (8.51064%)	Total: 44 (93.617%)
[cartographer_node-1] [0.799927, 0.823599]	                   #	Count: 3 (6.38298%)	Total: 47 (100%)
[cartographer_node-1] [INFO] [1778746565.664118369] [cartographer logger]: I0514 17:16:05.000000 36299 pose_graph_2d.cc:538] Remaining work items in queue: 0
[cartographer_node-1] [INFO] [1778746565.683118820] [cartographer logger]: I0514 17:16:05.000000 36258 pose_graph_2d.cc:148] Inserted submap (1, 8).
[cartographer_node-1] [INFO] [1778746565.719263624] [cartographer logger]: I0514 17:16:05.000000 36299 constraint_builder_2d.cc:279] Node (0, 308) with 199 points on submap (1, 6) matches with score 63.6%.
[cartographer_node-1] [INFO] [1778746565.744638782] [cartographer logger]: I0514 17:16:05.000000 36299 constraint_builder_2d.cc:279] Node (0, 908) with 212 points on submap (1, 6) matches with score 79.5%.
[cartographer_node-1] [INFO] [1778746565.749590902] [cartographer logger]: I0514 17:16:05.000000 36300 constraint_builder_2d.cc:279] Node (0, 108) with 205 points on submap (1, 6) matches with score 75.5%.
[cartographer_node-1] [INFO] [1778746565.757874604] [cartographer logger]: I0514 17:16:05.000000 36298 constraint_builder_2d.cc:279] Node (0, 708) with 200 points on submap (1, 6) matches with score 73.5%.
[cartographer_node-1] [INFO] [1778746565.796693837] [cartographer logger]: I0514 17:16:05.000000 36299 constraint_builder_2d.cc:294] 8 computations resulted in 4 additional constraints.
[cartographer_node-1] [INFO] [1778746565.796740522] [cartographer logger]: I0514 17:16:05.000000 36299 constraint_builder_2d.cc:296] Score histogram:
[cartographer_node-1] Count: 51  Min: 0.586879  Max: 0.823599  Mean: 0.688742
[cartographer_node-1] [0.586879, 0.610551)	                 ###	Count: 8 (15.6863%)	Total: 8 (15.6863%)
[cartographer_node-1] [0.610551, 0.634223)	                  ##	Count: 4 (7.84314%)	Total: 12 (23.5294%)
[cartographer_node-1] [0.634223, 0.657894)	                 ###	Count: 8 (15.6863%)	Total: 20 (39.2157%)
[cartographer_node-1] [0.657894, 0.681567)	                  ##	Count: 6 (11.7647%)	Total: 26 (50.9804%)
[cartographer_node-1] [0.681567, 0.705239)	                  ##	Count: 4 (7.84314%)	Total: 30 (58.8235%)
[cartographer_node-1] [0.705239, 0.728911)	                  ##	Count: 6 (11.7647%)	Total: 36 (70.5882%)
[cartographer_node-1] [0.728911, 0.752583)	                   #	Count: 3 (5.88235%)	Total: 39 (76.4706%)
[cartographer_node-1] [0.752583, 0.776255)	                  ##	Count: 4 (7.84314%)	Total: 43 (84.3137%)
[cartographer_node-1] [0.776255, 0.799927)	                  ##	Count: 5 (9.80392%)	Total: 48 (94.1176%)
[cartographer_node-1] [0.799927, 0.823599]	                   #	Count: 3 (5.88235%)	Total: 51 (100%)
[cartographer_node-1] [INFO] [1778746565.828031651] [cartographer logger]: I0514 17:16:05.000000 36299 pose_graph_2d.cc:538] Remaining work items in queue: 10
[cartographer_node-1] [INFO] [1778746565.828057411] [cartographer logger]: I0514 17:16:05.000000 36299 constraint_builder_2d.cc:294] 0 computations resulted in 0 additional constraints.
[cartographer_node-1] [INFO] [1778746565.828130818] [cartographer logger]: I0514 17:16:05.000000 36299 constraint_builder_2d.cc:296] Score histogram:
[cartographer_node-1] Count: 51  Min: 0.586879  Max: 0.823599  Mean: 0.688742
[cartographer_node-1] [0.586879, 0.610551)	                 ###	Count: 8 (15.6863%)	Total: 8 (15.6863%)
[cartographer_node-1] [0.610551, 0.634223)	                  ##	Count: 4 (7.84314%)	Total: 12 (23.5294%)
[cartographer_node-1] [0.634223, 0.657894)	                 ###	Count: 8 (15.6863%)	Total: 20 (39.2157%)
[cartographer_node-1] [0.657894, 0.681567)	                  ##	Count: 6 (11.7647%)	Total: 26 (50.9804%)
[cartographer_node-1] [0.681567, 0.705239)	                  ##	Count: 4 (7.84314%)	Total: 30 (58.8235%)
[cartographer_node-1] [0.705239, 0.728911)	                  ##	Count: 6 (11.7647%)	Total: 36 (70.5882%)
[cartographer_node-1] [0.728911, 0.752583)	                   #	Count: 3 (5.88235%)	Total: 39 (76.4706%)
[cartographer_node-1] [0.752583, 0.776255)	                  ##	Count: 4 (7.84314%)	Total: 43 (84.3137%)
[cartographer_node-1] [0.776255, 0.799927)	                  ##	Count: 5 (9.80392%)	Total: 48 (94.1176%)
[cartographer_node-1] [0.799927, 0.823599]	                   #	Count: 3 (5.88235%)	Total: 51 (100%)
[cartographer_node-1] [INFO] [1778746565.844246880] [cartographer logger]: I0514 17:16:05.000000 36299 pose_graph_2d.cc:538] Remaining work items in queue: 1
[cartographer_node-1] [INFO] [1778746565.844271271] [cartographer logger]: I0514 17:16:05.000000 36299 constraint_builder_2d.cc:294] 0 computations resulted in 0 additional constraints.
[cartographer_node-1] [INFO] [1778746565.844316778] [cartographer logger]: I0514 17:16:05.000000 36299 constraint_builder_2d.cc:296] Score histogram:
[cartographer_node-1] Count: 51  Min: 0.586879  Max: 0.823599  Mean: 0.688742
[cartographer_node-1] [0.586879, 0.610551)	                 ###	Count: 8 (15.6863%)	Total: 8 (15.6863%)
[cartographer_node-1] [0.610551, 0.634223)	                  ##	Count: 4 (7.84314%)	Total: 12 (23.5294%)
[cartographer_node-1] [0.634223, 0.657894)	                 ###	Count: 8 (15.6863%)	Total: 20 (39.2157%)
[cartographer_node-1] [0.657894, 0.681567)	                  ##	Count: 6 (11.7647%)	Total: 26 (50.9804%)
[cartographer_node-1] [0.681567, 0.705239)	                  ##	Count: 4 (7.84314%)	Total: 30 (58.8235%)
[cartographer_node-1] [0.705239, 0.728911)	                  ##	Count: 6 (11.7647%)	Total: 36 (70.5882%)
[cartographer_node-1] [0.728911, 0.752583)	                   #	Count: 3 (5.88235%)	Total: 39 (76.4706%)
[cartographer_node-1] [0.752583, 0.776255)	                  ##	Count: 4 (7.84314%)	Total: 43 (84.3137%)
[cartographer_node-1] [0.776255, 0.799927)	                  ##	Count: 5 (9.80392%)	Total: 48 (94.1176%)
[cartographer_node-1] [0.799927, 0.823599]	                   #	Count: 3 (5.88235%)	Total: 51 (100%)
[cartographer_node-1] [INFO] [1778746565.914741856] [cartographer logger]: I0514 17:16:05.000000 36298 pose_graph_2d.cc:538] Remaining work items in queue: 1
[cartographer_node-1] [INFO] [1778746565.939599895] [cartographer logger]: I0514 17:16:05.000000 36300 constraint_builder_2d.cc:294] 1 computations resulted in 0 additional constraints.
[cartographer_node-1] [INFO] [1778746565.939653720] [cartographer logger]: I0514 17:16:05.000000 36300 constraint_builder_2d.cc:296] Score histogram:
[cartographer_node-1] Count: 51  Min: 0.586879  Max: 0.823599  Mean: 0.688742
[cartographer_node-1] [0.586879, 0.610551)	                 ###	Count: 8 (15.6863%)	Total: 8 (15.6863%)
[cartographer_node-1] [0.610551, 0.634223)	                  ##	Count: 4 (7.84314%)	Total: 12 (23.5294%)
[cartographer_node-1] [0.634223, 0.657894)	                 ###	Count: 8 (15.6863%)	Total: 20 (39.2157%)
[cartographer_node-1] [0.657894, 0.681567)	                  ##	Count: 6 (11.7647%)	Total: 26 (50.9804%)
[cartographer_node-1] [0.681567, 0.705239)	                  ##	Count: 4 (7.84314%)	Total: 30 (58.8235%)
[cartographer_node-1] [0.705239, 0.728911)	                  ##	Count: 6 (11.7647%)	Total: 36 (70.5882%)
[cartographer_node-1] [0.728911, 0.752583)	                   #	Count: 3 (5.88235%)	Total: 39 (76.4706%)
[cartographer_node-1] [0.752583, 0.776255)	                  ##	Count: 4 (7.84314%)	Total: 43 (84.3137%)
[cartographer_node-1] [0.776255, 0.799927)	                  ##	Count: 5 (9.80392%)	Total: 48 (94.1176%)
[cartographer_node-1] [0.799927, 0.823599]	                   #	Count: 3 (5.88235%)	Total: 51 (100%)
[cartographer_node-1] [INFO] [1778746565.984136090] [cartographer logger]: I0514 17:16:05.000000 36298 pose_graph_2d.cc:538] Remaining work items in queue: 0
[cartographer_node-1] [INFO] [1778746565.984169807] [cartographer logger]: I0514 17:16:05.000000 36298 constraint_builder_2d.cc:294] 0 computations resulted in 0 additional constraints.
[cartographer_node-1] [INFO] [1778746565.984209255] [cartographer logger]: I0514 17:16:05.000000 36298 constraint_builder_2d.cc:296] Score histogram:
[cartographer_node-1] Count: 51  Min: 0.586879  Max: 0.823599  Mean: 0.688742
[cartographer_node-1] [0.586879, 0.610551)	                 ###	Count: 8 (15.6863%)	Total: 8 (15.6863%)
[cartographer_node-1] [0.610551, 0.634223)	                  ##	Count: 4 (7.84314%)	Total: 12 (23.5294%)
[cartographer_node-1] [0.634223, 0.657894)	                 ###	Count: 8 (15.6863%)	Total: 20 (39.2157%)
[cartographer_node-1] [0.657894, 0.681567)	                  ##	Count: 6 (11.7647%)	Total: 26 (50.9804%)
[cartographer_node-1] [0.681567, 0.705239)	                  ##	Count: 4 (7.84314%)	Total: 30 (58.8235%)
[cartographer_node-1] [0.705239, 0.728911)	                  ##	Count: 6 (11.7647%)	Total: 36 (70.5882%)
[cartographer_node-1] [0.728911, 0.752583)	                   #	Count: 3 (5.88235%)	Total: 39 (76.4706%)
[cartographer_node-1] [0.752583, 0.776255)	                  ##	Count: 4 (7.84314%)	Total: 43 (84.3137%)
[cartographer_node-1] [0.776255, 0.799927)	                  ##	Count: 5 (9.80392%)	Total: 48 (94.1176%)
[cartographer_node-1] [0.799927, 0.823599]	                   #	Count: 3 (5.88235%)	Total: 51 (100%)
[cartographer_node-1] [INFO] [1778746566.058466499] [cartographer logger]: I0514 17:16:06.000000 36298 pose_graph_2d.cc:538] Remaining work items in queue: 1
[cartographer_node-1] [INFO] [1778746566.058517900] [cartographer logger]: I0514 17:16:06.000000 36298 constraint_builder_2d.cc:294] 0 computations resulted in 0 additional constraints.
[cartographer_node-1] [INFO] [1778746566.058896452] [cartographer logger]: I0514 17:16:06.000000 36298 constraint_builder_2d.cc:296] Score histogram:
[cartographer_node-1] Count: 51  Min: 0.586879  Max: 0.823599  Mean: 0.688742
[cartographer_node-1] [0.586879, 0.610551)	                 ###	Count: 8 (15.6863%)	Total: 8 (15.6863%)
[cartographer_node-1] [0.610551, 0.634223)	                  ##	Count: 4 (7.84314%)	Total: 12 (23.5294%)
[cartographer_node-1] [0.634223, 0.657894)	                 ###	Count: 8 (15.6863%)	Total: 20 (39.2157%)
[cartographer_node-1] [0.657894, 0.681567)	                  ##	Count: 6 (11.7647%)	Total: 26 (50.9804%)
[cartographer_node-1] [0.681567, 0.705239)	                  ##	Count: 4 (7.84314%)	Total: 30 (58.8235%)
[cartographer_node-1] [0.705239, 0.728911)	                  ##	Count: 6 (11.7647%)	Total: 36 (70.5882%)
[cartographer_node-1] [0.728911, 0.752583)	                   #	Count: 3 (5.88235%)	Total: 39 (76.4706%)
[cartographer_node-1] [0.752583, 0.776255)	                  ##	Count: 4 (7.84314%)	Total: 43 (84.3137%)
[cartographer_node-1] [0.776255, 0.799927)	                  ##	Count: 5 (9.80392%)	Total: 48 (94.1176%)
[cartographer_node-1] [0.799927, 0.823599]	                   #	Count: 3 (5.88235%)	Total: 51 (100%)
[cartographer_node-1] [INFO] [1778746566.159766948] [cartographer logger]: I0514 17:16:06.000000 36298 pose_graph_2d.cc:538] Remaining work items in queue: 1
[cartographer_node-1] [INFO] [1778746566.159805119] [cartographer logger]: I0514 17:16:06.000000 36298 constraint_builder_2d.cc:294] 0 computations resulted in 0 additional constraints.
[cartographer_node-1] [INFO] [1778746566.160141113] [cartographer logger]: I0514 17:16:06.000000 36298 constraint_builder_2d.cc:296] Score histogram:
[cartographer_node-1] Count: 51  Min: 0.586879  Max: 0.823599  Mean: 0.688742
[cartographer_node-1] [0.586879, 0.610551)	                 ###	Count: 8 (15.6863%)	Total: 8 (15.6863%)
[cartographer_node-1] [0.610551, 0.634223)	                  ##	Count: 4 (7.84314%)	Total: 12 (23.5294%)
[cartographer_node-1] [0.634223, 0.657894)	                 ###	Count: 8 (15.6863%)	Total: 20 (39.2157%)
[cartographer_node-1] [0.657894, 0.681567)	                  ##	Count: 6 (11.7647%)	Total: 26 (50.9804%)
[cartographer_node-1] [0.681567, 0.705239)	                  ##	Count: 4 (7.84314%)	Total: 30 (58.8235%)
[cartographer_node-1] [0.705239, 0.728911)	                  ##	Count: 6 (11.7647%)	Total: 36 (70.5882%)
[cartographer_node-1] [0.728911, 0.752583)	                   #	Count: 3 (5.88235%)	Total: 39 (76.4706%)
[cartographer_node-1] [0.752583, 0.776255)	                  ##	Count: 4 (7.84314%)	Total: 43 (84.3137%)
[cartographer_node-1] [0.776255, 0.799927)	                  ##	Count: 5 (9.80392%)	Total: 48 (94.1176%)
[cartographer_node-1] [0.799927, 0.823599]	                   #	Count: 3 (5.88235%)	Total: 51 (100%)
[cartographer_node-1] [INFO] [1778746566.160954526] [cartographer logger]: I0514 17:16:06.000000 36258 motion_filter.cc:42] Motion filter reduced the number of nodes to 73.8%.
[cartographer_node-1] [INFO] [1778746566.207611659] [cartographer logger]: I0514 17:16:06.000000 36299 pose_graph_2d.cc:538] Remaining work items in queue: 1
[cartographer_node-1] [INFO] [1778746566.207656084] [cartographer logger]: I0514 17:16:06.000000 36299 constraint_builder_2d.cc:294] 0 computations resulted in 0 additional constraints.
[cartographer_node-1] [INFO] [1778746566.207993926] [cartographer logger]: I0514 17:16:06.000000 36299 constraint_builder_2d.cc:296] Score histogram:
[cartographer_node-1] Count: 51  Min: 0.586879  Max: 0.823599  Mean: 0.688742
[cartographer_node-1] [0.586879, 0.610551)	                 ###	Count: 8 (15.6863%)	Total: 8 (15.6863%)
[cartographer_node-1] [0.610551, 0.634223)	                  ##	Count: 4 (7.84314%)	Total: 12 (23.5294%)
[cartographer_node-1] [0.634223, 0.657894)	                 ###	Count: 8 (15.6863%)	Total: 20 (39.2157%)
[cartographer_node-1] [0.657894, 0.681567)	                  ##	Count: 6 (11.7647%)	Total: 26 (50.9804%)
[cartographer_node-1] [0.681567, 0.705239)	                  ##	Count: 4 (7.84314%)	Total: 30 (58.8235%)
[cartographer_node-1] [0.705239, 0.728911)	                  ##	Count: 6 (11.7647%)	Total: 36 (70.5882%)
[cartographer_node-1] [0.728911, 0.752583)	                   #	Count: 3 (5.88235%)	Total: 39 (76.4706%)
[cartographer_node-1] [0.752583, 0.776255)	                  ##	Count: 4 (7.84314%)	Total: 43 (84.3137%)
[cartographer_node-1] [0.776255, 0.799927)	                  ##	Count: 5 (9.80392%)	Total: 48 (94.1176%)
[cartographer_node-1] [0.799927, 0.823599]	                   #	Count: 3 (5.88235%)	Total: 51 (100%)
[cartographer_node-1] [INFO] [1778746566.281300299] [cartographer logger]: I0514 17:16:06.000000 36298 pose_graph_2d.cc:538] Remaining work items in queue: 1
[cartographer_node-1] [INFO] [1778746566.300525491] [cartographer logger]: I0514 17:16:06.000000 36299 constraint_builder_2d.cc:294] 1 computations resulted in 0 additional constraints.
[cartographer_node-1] [INFO] [1778746566.300593175] [cartographer logger]: I0514 17:16:06.000000 36299 constraint_builder_2d.cc:296] Score histogram:
[cartographer_node-1] Count: 51  Min: 0.586879  Max: 0.823599  Mean: 0.688742
[cartographer_node-1] [0.586879, 0.610551)	                 ###	Count: 8 (15.6863%)	Total: 8 (15.6863%)
[cartographer_node-1] [0.610551, 0.634223)	                  ##	Count: 4 (7.84314%)	Total: 12 (23.5294%)
[cartographer_node-1] [0.634223, 0.657894)	                 ###	Count: 8 (15.6863%)	Total: 20 (39.2157%)
[cartographer_node-1] [0.657894, 0.681567)	                  ##	Count: 6 (11.7647%)	Total: 26 (50.9804%)
[cartographer_node-1] [0.681567, 0.705239)	                  ##	Count: 4 (7.84314%)	Total: 30 (58.8235%)
[cartographer_node-1] [0.705239, 0.728911)	                  ##	Count: 6 (11.7647%)	Total: 36 (70.5882%)
[cartographer_node-1] [0.728911, 0.752583)	                   #	Count: 3 (5.88235%)	Total: 39 (76.4706%)
[cartographer_node-1] [0.752583, 0.776255)	                  ##	Count: 4 (7.84314%)	Total: 43 (84.3137%)
[cartographer_node-1] [0.776255, 0.799927)	                  ##	Count: 5 (9.80392%)	Total: 48 (94.1176%)
[cartographer_node-1] [0.799927, 0.823599]	                   #	Count: 3 (5.88235%)	Total: 51 (100%)
[cartographer_node-1] [INFO] [1778746566.360286996] [cartographer logger]: I0514 17:16:06.000000 36298 pose_graph_2d.cc:538] Remaining work items in queue: 1
[cartographer_node-1] [INFO] [1778746566.360343174] [cartographer logger]: I0514 17:16:06.000000 36298 constraint_builder_2d.cc:294] 0 computations resulted in 0 additional constraints.
[cartographer_node-1] [INFO] [1778746566.360659400] [cartographer logger]: I0514 17:16:06.000000 36298 constraint_builder_2d.cc:296] Score histogram:
[cartographer_node-1] Count: 51  Min: 0.586879  Max: 0.823599  Mean: 0.688742
[cartographer_node-1] [0.586879, 0.610551)	                 ###	Count: 8 (15.6863%)	Total: 8 (15.6863%)
[cartographer_node-1] [0.610551, 0.634223)	                  ##	Count: 4 (7.84314%)	Total: 12 (23.5294%)
[cartographer_node-1] [0.634223, 0.657894)	                 ###	Count: 8 (15.6863%)	Total: 20 (39.2157%)
[cartographer_node-1] [0.657894, 0.681567)	                  ##	Count: 6 (11.7647%)	Total: 26 (50.9804%)
[cartographer_node-1] [0.681567, 0.705239)	                  ##	Count: 4 (7.84314%)	Total: 30 (58.8235%)
[cartographer_node-1] [0.705239, 0.728911)	                  ##	Count: 6 (11.7647%)	Total: 36 (70.5882%)
[cartographer_node-1] [0.728911, 0.752583)	                   #	Count: 3 (5.88235%)	Total: 39 (76.4706%)
[cartographer_node-1] [0.752583, 0.776255)	                  ##	Count: 4 (7.84314%)	Total: 43 (84.3137%)
[cartographer_node-1] [0.776255, 0.799927)	                  ##	Count: 5 (9.80392%)	Total: 48 (94.1176%)
[cartographer_node-1] [0.799927, 0.823599]	                   #	Count: 3 (5.88235%)	Total: 51 (100%)
[cartographer_node-1] [INFO] [1778746566.461727028] [cartographer logger]: I0514 17:16:06.000000 36298 pose_graph_2d.cc:538] Remaining work items in queue: 1
[cartographer_node-1] [INFO] [1778746566.461747422] [cartographer logger]: I0514 17:16:06.000000 36298 constraint_builder_2d.cc:294] 0 computations resulted in 0 additional constraints.
[cartographer_node-1] [INFO] [1778746566.462150604] [cartographer logger]: I0514 17:16:06.000000 36298 constraint_builder_2d.cc:296] Score histogram:
[cartographer_node-1] Count: 51  Min: 0.586879  Max: 0.823599  Mean: 0.688742
[cartographer_node-1] [0.586879, 0.610551)	                 ###	Count: 8 (15.6863%)	Total: 8 (15.6863%)
[cartographer_node-1] [0.610551, 0.634223)	                  ##	Count: 4 (7.84314%)	Total: 12 (23.5294%)
[cartographer_node-1] [0.634223, 0.657894)	                 ###	Count: 8 (15.6863%)	Total: 20 (39.2157%)
[cartographer_node-1] [0.657894, 0.681567)	                  ##	Count: 6 (11.7647%)	Total: 26 (50.9804%)
[cartographer_node-1] [0.681567, 0.705239)	                  ##	Count: 4 (7.84314%)	Total: 30 (58.8235%)
[cartographer_node-1] [0.705239, 0.728911)	                  ##	Count: 6 (11.7647%)	Total: 36 (70.5882%)
[cartographer_node-1] [0.728911, 0.752583)	                   #	Count: 3 (5.88235%)	Total: 39 (76.4706%)
[cartographer_node-1] [0.752583, 0.776255)	                  ##	Count: 4 (7.84314%)	Total: 43 (84.3137%)
[cartographer_node-1] [0.776255, 0.799927)	                  ##	Count: 5 (9.80392%)	Total: 48 (94.1176%)
[cartographer_node-1] [0.799927, 0.823599]	                   #	Count: 3 (5.88235%)	Total: 51 (100%)
[cartographer_node-1] [INFO] [1778746566.512027836] [cartographer logger]: I0514 17:16:06.000000 36299 pose_graph_2d.cc:538] Remaining work items in queue: 1
[cartographer_node-1] [INFO] [1778746566.512058737] [cartographer logger]: I0514 17:16:06.000000 36299 constraint_builder_2d.cc:294] 0 computations resulted in 0 additional constraints.
[cartographer_node-1] [INFO] [1778746566.512449322] [cartographer logger]: I0514 17:16:06.000000 36299 constraint_builder_2d.cc:296] Score histogram:
[cartographer_node-1] Count: 51  Min: 0.586879  Max: 0.823599  Mean: 0.688742
[cartographer_node-1] [0.586879, 0.610551)	                 ###	Count: 8 (15.6863%)	Total: 8 (15.6863%)
[cartographer_node-1] [0.610551, 0.634223)	                  ##	Count: 4 (7.84314%)	Total: 12 (23.5294%)
[cartographer_node-1] [0.634223, 0.657894)	                 ###	Count: 8 (15.6863%)	Total: 20 (39.2157%)
[cartographer_node-1] [0.657894, 0.681567)	                  ##	Count: 6 (11.7647%)	Total: 26 (50.9804%)
[cartographer_node-1] [0.681567, 0.705239)	                  ##	Count: 4 (7.84314%)	Total: 30 (58.8235%)
[cartographer_node-1] [0.705239, 0.728911)	                  ##	Count: 6 (11.7647%)	Total: 36 (70.5882%)
[cartographer_node-1] [0.728911, 0.752583)	                   #	Count: 3 (5.88235%)	Total: 39 (76.4706%)
[cartographer_node-1] [0.752583, 0.776255)	                  ##	Count: 4 (7.84314%)	Total: 43 (84.3137%)
[cartographer_node-1] [0.776255, 0.799927)	                  ##	Count: 5 (9.80392%)	Total: 48 (94.1176%)
[cartographer_node-1] [0.799927, 0.823599]	                   #	Count: 3 (5.88235%)	Total: 51 (100%)
[cartographer_node-1] [INFO] [1778746566.577298585] [cartographer logger]: I0514 17:16:06.000000 36298 pose_graph_2d.cc:538] Remaining work items in queue: 1
[cartographer_node-1] [INFO] [1778746566.577341782] [cartographer logger]: I0514 17:16:06.000000 36298 constraint_builder_2d.cc:294] 0 computations resulted in 0 additional constraints.
[cartographer_node-1] [INFO] [1778746566.577461382] [cartographer logger]: I0514 17:16:06.000000 36298 constraint_builder_2d.cc:296] Score histogram:
[cartographer_node-1] Count: 51  Min: 0.586879  Max: 0.823599  Mean: 0.688742
[cartographer_node-1] [0.586879, 0.610551)	                 ###	Count: 8 (15.6863%)	Total: 8 (15.6863%)
[cartographer_node-1] [0.610551, 0.634223)	                  ##	Count: 4 (7.84314%)	Total: 12 (23.5294%)
[cartographer_node-1] [0.634223, 0.657894)	                 ###	Count: 8 (15.6863%)	Total: 20 (39.2157%)
[cartographer_node-1] [0.657894, 0.681567)	                  ##	Count: 6 (11.7647%)	Total: 26 (50.9804%)
[cartographer_node-1] [0.681567, 0.705239)	                  ##	Count: 4 (7.84314%)	Total: 30 (58.8235%)
[cartographer_node-1] [0.705239, 0.728911)	                  ##	Count: 6 (11.7647%)	Total: 36 (70.5882%)
[cartographer_node-1] [0.728911, 0.752583)	                   #	Count: 3 (5.88235%)	Total: 39 (76.4706%)
[cartographer_node-1] [0.752583, 0.776255)	                  ##	Count: 4 (7.84314%)	Total: 43 (84.3137%)
[cartographer_node-1] [0.776255, 0.799927)	                  ##	Count: 5 (9.80392%)	Total: 48 (94.1176%)
[cartographer_node-1] [0.799927, 0.823599]	                   #	Count: 3 (5.88235%)	Total: 51 (100%)
[cartographer_node-1] [INFO] [1778746566.681785837] [cartographer logger]: I0514 17:16:06.000000 36300 pose_graph_2d.cc:538] Remaining work items in queue: 0
[cartographer_node-1] [INFO] [1778746566.709549273] [cartographer logger]: I0514 17:16:06.000000 36297 constraint_builder_2d.cc:294] 1 computations resulted in 0 additional constraints.
[cartographer_node-1] [INFO] [1778746566.709585094] [cartographer logger]: I0514 17:16:06.000000 36297 constraint_builder_2d.cc:296] Score histogram:
[cartographer_node-1] Count: 51  Min: 0.586879  Max: 0.823599  Mean: 0.688742
[cartographer_node-1] [0.586879, 0.610551)	                 ###	Count: 8 (15.6863%)	Total: 8 (15.6863%)
[cartographer_node-1] [0.610551, 0.634223)	                  ##	Count: 4 (7.84314%)	Total: 12 (23.5294%)
[cartographer_node-1] [0.634223, 0.657894)	                 ###	Count: 8 (15.6863%)	Total: 20 (39.2157%)
[cartographer_node-1] [0.657894, 0.681567)	                  ##	Count: 6 (11.7647%)	Total: 26 (50.9804%)
[cartographer_node-1] [0.681567, 0.705239)	                  ##	Count: 4 (7.84314%)	Total: 30 (58.8235%)
[cartographer_node-1] [0.705239, 0.728911)	                  ##	Count: 6 (11.7647%)	Total: 36 (70.5882%)
[cartographer_node-1] [0.728911, 0.752583)	                   #	Count: 3 (5.88235%)	Total: 39 (76.4706%)
[cartographer_node-1] [0.752583, 0.776255)	                  ##	Count: 4 (7.84314%)	Total: 43 (84.3137%)
[cartographer_node-1] [0.776255, 0.799927)	                  ##	Count: 5 (9.80392%)	Total: 48 (94.1176%)
[cartographer_node-1] [0.799927, 0.823599]	                   #	Count: 3 (5.88235%)	Total: 51 (100%)
[cartographer_node-1] [INFO] [1778746566.758141943] [cartographer logger]: I0514 17:16:06.000000 36297 pose_graph_2d.cc:538] Remaining work items in queue: 1
[cartographer_node-1] [INFO] [1778746566.758164846] [cartographer logger]: I0514 17:16:06.000000 36297 constraint_builder_2d.cc:294] 0 computations resulted in 0 additional constraints.
[cartographer_node-1] [INFO] [1778746566.758675221] [cartographer logger]: I0514 17:16:06.000000 36297 constraint_builder_2d.cc:296] Score histogram:
[cartographer_node-1] Count: 51  Min: 0.586879  Max: 0.823599  Mean: 0.688742
[cartographer_node-1] [0.586879, 0.610551)	                 ###	Count: 8 (15.6863%)	Total: 8 (15.6863%)
[cartographer_node-1] [0.610551, 0.634223)	                  ##	Count: 4 (7.84314%)	Total: 12 (23.5294%)
[cartographer_node-1] [0.634223, 0.657894)	                 ###	Count: 8 (15.6863%)	Total: 20 (39.2157%)
[cartographer_node-1] [0.657894, 0.681567)	                  ##	Count: 6 (11.7647%)	Total: 26 (50.9804%)
[cartographer_node-1] [0.681567, 0.705239)	                  ##	Count: 4 (7.84314%)	Total: 30 (58.8235%)
[cartographer_node-1] [0.705239, 0.728911)	                  ##	Count: 6 (11.7647%)	Total: 36 (70.5882%)
[cartographer_node-1] [0.728911, 0.752583)	                   #	Count: 3 (5.88235%)	Total: 39 (76.4706%)
[cartographer_node-1] [0.752583, 0.776255)	                  ##	Count: 4 (7.84314%)	Total: 43 (84.3137%)
[cartographer_node-1] [0.776255, 0.799927)	                  ##	Count: 5 (9.80392%)	Total: 48 (94.1176%)
[cartographer_node-1] [0.799927, 0.823599]	                   #	Count: 3 (5.88235%)	Total: 51 (100%)
[cartographer_node-1] [INFO] [1778746566.861149231] [cartographer logger]: I0514 17:16:06.000000 36298 pose_graph_2d.cc:538] Remaining work items in queue: 0
[cartographer_node-1] [INFO] [1778746566.861170309] [cartographer logger]: I0514 17:16:06.000000 36298 constraint_builder_2d.cc:294] 0 computations resulted in 0 additional constraints.
[cartographer_node-1] [INFO] [1778746566.861342805] [cartographer logger]: I0514 17:16:06.000000 36298 constraint_builder_2d.cc:296] Score histogram:
[cartographer_node-1] Count: 51  Min: 0.586879  Max: 0.823599  Mean: 0.688742
[cartographer_node-1] [0.586879, 0.610551)	                 ###	Count: 8 (15.6863%)	Total: 8 (15.6863%)
[cartographer_node-1] [0.610551, 0.634223)	                  ##	Count: 4 (7.84314%)	Total: 12 (23.5294%)
[cartographer_node-1] [0.634223, 0.657894)	                 ###	Count: 8 (15.6863%)	Total: 20 (39.2157%)
[cartographer_node-1] [0.657894, 0.681567)	                  ##	Count: 6 (11.7647%)	Total: 26 (50.9804%)
[cartographer_node-1] [0.681567, 0.705239)	                  ##	Count: 4 (7.84314%)	Total: 30 (58.8235%)
[cartographer_node-1] [0.705239, 0.728911)	                  ##	Count: 6 (11.7647%)	Total: 36 (70.5882%)
[cartographer_node-1] [0.728911, 0.752583)	                   #	Count: 3 (5.88235%)	Total: 39 (76.4706%)
[cartographer_node-1] [0.752583, 0.776255)	                  ##	Count: 4 (7.84314%)	Total: 43 (84.3137%)
[cartographer_node-1] [0.776255, 0.799927)	                  ##	Count: 5 (9.80392%)	Total: 48 (94.1176%)
[cartographer_node-1] [0.799927, 0.823599]	                   #	Count: 3 (5.88235%)	Total: 51 (100%)
[cartographer_node-1] [INFO] [1778746566.911682660] [cartographer logger]: I0514 17:16:06.000000 36298 pose_graph_2d.cc:538] Remaining work items in queue: 1
[cartographer_node-1] [INFO] [1778746566.911705924] [cartographer logger]: I0514 17:16:06.000000 36298 constraint_builder_2d.cc:294] 0 computations resulted in 0 additional constraints.
[cartographer_node-1] [INFO] [1778746566.911801004] [cartographer logger]: I0514 17:16:06.000000 36298 constraint_builder_2d.cc:296] Score histogram:
[cartographer_node-1] Count: 51  Min: 0.586879  Max: 0.823599  Mean: 0.688742
[cartographer_node-1] [0.586879, 0.610551)	                 ###	Count: 8 (15.6863%)	Total: 8 (15.6863%)
[cartographer_node-1] [0.610551, 0.634223)	                  ##	Count: 4 (7.84314%)	Total: 12 (23.5294%)
[cartographer_node-1] [0.634223, 0.657894)	                 ###	Count: 8 (15.6863%)	Total: 20 (39.2157%)
[cartographer_node-1] [0.657894, 0.681567)	                  ##	Count: 6 (11.7647%)	Total: 26 (50.9804%)
[cartographer_node-1] [0.681567, 0.705239)	                  ##	Count: 4 (7.84314%)	Total: 30 (58.8235%)
[cartographer_node-1] [0.705239, 0.728911)	                  ##	Count: 6 (11.7647%)	Total: 36 (70.5882%)
[cartographer_node-1] [0.728911, 0.752583)	                   #	Count: 3 (5.88235%)	Total: 39 (76.4706%)
[cartographer_node-1] [0.752583, 0.776255)	                  ##	Count: 4 (7.84314%)	Total: 43 (84.3137%)
[cartographer_node-1] [0.776255, 0.799927)	                  ##	Count: 5 (9.80392%)	Total: 48 (94.1176%)
[cartographer_node-1] [0.799927, 0.823599]	                   #	Count: 3 (5.88235%)	Total: 51 (100%)
[cartographer_node-1] [INFO] [1778746567.064080866] [cartographer logger]: I0514 17:16:07.000000 36298 pose_graph_2d.cc:538] Remaining work items in queue: 0
[cartographer_node-1] [INFO] [1778746567.064131025] [cartographer logger]: I0514 17:16:07.000000 36298 constraint_builder_2d.cc:294] 0 computations resulted in 0 additional constraints.
[cartographer_node-1] [INFO] [1778746567.064272195] [cartographer logger]: I0514 17:16:07.000000 36298 constraint_builder_2d.cc:296] Score histogram:
[cartographer_node-1] Count: 51  Min: 0.586879  Max: 0.823599  Mean: 0.688742
[cartographer_node-1] [0.586879, 0.610551)	                 ###	Count: 8 (15.6863%)	Total: 8 (15.6863%)
[cartographer_node-1] [0.610551, 0.634223)	                  ##	Count: 4 (7.84314%)	Total: 12 (23.5294%)
[cartographer_node-1] [0.634223, 0.657894)	                 ###	Count: 8 (15.6863%)	Total: 20 (39.2157%)
[cartographer_node-1] [0.657894, 0.681567)	                  ##	Count: 6 (11.7647%)	Total: 26 (50.9804%)
[cartographer_node-1] [0.681567, 0.705239)	                  ##	Count: 4 (7.84314%)	Total: 30 (58.8235%)
[cartographer_node-1] [0.705239, 0.728911)	                  ##	Count: 6 (11.7647%)	Total: 36 (70.5882%)
[cartographer_node-1] [0.728911, 0.752583)	                   #	Count: 3 (5.88235%)	Total: 39 (76.4706%)
[cartographer_node-1] [0.752583, 0.776255)	                  ##	Count: 4 (7.84314%)	Total: 43 (84.3137%)
[cartographer_node-1] [0.776255, 0.799927)	                  ##	Count: 5 (9.80392%)	Total: 48 (94.1176%)
[cartographer_node-1] [0.799927, 0.823599]	                   #	Count: 3 (5.88235%)	Total: 51 (100%)
[cartographer_node-1] [INFO] [1778746567.149383404] [cartographer logger]: I0514 17:16:07.000000 36300 constraint_builder_2d.cc:279] Node (1, 771) with 201 points on submap (0, 6) matches with score 66.6%.
[cartographer_node-1] [INFO] [1778746567.215243994] [cartographer logger]: I0514 17:16:07.000000 36299 pose_graph_2d.cc:538] Remaining work items in queue: 0
[cartographer_node-1] [INFO] [1778746567.215285138] [cartographer logger]: I0514 17:16:07.000000 36299 constraint_builder_2d.cc:294] 1 computations resulted in 1 additional constraints.
[cartographer_node-1] [INFO] [1778746567.215722119] [cartographer logger]: I0514 17:16:07.000000 36299 constraint_builder_2d.cc:296] Score histogram:
[cartographer_node-1] Count: 52  Min: 0.586879  Max: 0.823599  Mean: 0.688301
[cartographer_node-1] [0.586879, 0.610551)	                 ###	Count: 8 (15.3846%)	Total: 8 (15.3846%)
[cartographer_node-1] [0.610551, 0.634223)	                  ##	Count: 4 (7.69231%)	Total: 12 (23.0769%)
[cartographer_node-1] [0.634223, 0.657894)	                 ###	Count: 8 (15.3846%)	Total: 20 (38.4615%)
[cartographer_node-1] [0.657894, 0.681567)	                 ###	Count: 7 (13.4615%)	Total: 27 (51.9231%)
[cartographer_node-1] [0.681567, 0.705239)	                  ##	Count: 4 (7.69231%)	Total: 31 (59.6154%)
[cartographer_node-1] [0.705239, 0.728911)	                  ##	Count: 6 (11.5385%)	Total: 37 (71.1538%)
[cartographer_node-1] [0.728911, 0.752583)	                   #	Count: 3 (5.76923%)	Total: 40 (76.9231%)
[cartographer_node-1] [0.752583, 0.776255)	                  ##	Count: 4 (7.69231%)	Total: 44 (84.6154%)
[cartographer_node-1] [0.776255, 0.799927)	                  ##	Count: 5 (9.61539%)	Total: 49 (94.2308%)
[cartographer_node-1] [0.799927, 0.823599]	                   #	Count: 3 (5.76923%)	Total: 52 (100%)
[cartographer_node-1] [INFO] [1778746567.356714878] [cartographer logger]: I0514 17:16:07.000000 36297 pose_graph_2d.cc:538] Remaining work items in queue: 0
[cartographer_node-1] [INFO] [1778746567.356742385] [cartographer logger]: I0514 17:16:07.000000 36297 constraint_builder_2d.cc:294] 0 computations resulted in 0 additional constraints.
[cartographer_node-1] [INFO] [1778746567.356872638] [cartographer logger]: I0514 17:16:07.000000 36297 constraint_builder_2d.cc:296] Score histogram:
[cartographer_node-1] Count: 52  Min: 0.586879  Max: 0.823599  Mean: 0.688301
[cartographer_node-1] [0.586879, 0.610551)	                 ###	Count: 8 (15.3846%)	Total: 8 (15.3846%)
[cartographer_node-1] [0.610551, 0.634223)	                  ##	Count: 4 (7.69231%)	Total: 12 (23.0769%)
[cartographer_node-1] [0.634223, 0.657894)	                 ###	Count: 8 (15.3846%)	Total: 20 (38.4615%)
[cartographer_node-1] [0.657894, 0.681567)	                 ###	Count: 7 (13.4615%)	Total: 27 (51.9231%)
[cartographer_node-1] [0.681567, 0.705239)	                  ##	Count: 4 (7.69231%)	Total: 31 (59.6154%)
[cartographer_node-1] [0.705239, 0.728911)	                  ##	Count: 6 (11.5385%)	Total: 37 (71.1538%)
[cartographer_node-1] [0.728911, 0.752583)	                   #	Count: 3 (5.76923%)	Total: 40 (76.9231%)
[cartographer_node-1] [0.752583, 0.776255)	                  ##	Count: 4 (7.69231%)	Total: 44 (84.6154%)
[cartographer_node-1] [0.776255, 0.799927)	                  ##	Count: 5 (9.61539%)	Total: 49 (94.2308%)
[cartographer_node-1] [0.799927, 0.823599]	                   #	Count: 3 (5.76923%)	Total: 52 (100%)
[cartographer_node-1] [INFO] [1778746567.487272258] [cartographer logger]: I0514 17:16:07.000000 36299 pose_graph_2d.cc:538] Remaining work items in queue: 0
[cartographer_node-1] [INFO] [1778746567.487324321] [cartographer logger]: I0514 17:16:07.000000 36299 constraint_builder_2d.cc:294] 0 computations resulted in 0 additional constraints.
[cartographer_node-1] [INFO] [1778746567.487474966] [cartographer logger]: I0514 17:16:07.000000 36299 constraint_builder_2d.cc:296] Score histogram:
[cartographer_node-1] Count: 52  Min: 0.586879  Max: 0.823599  Mean: 0.688301
[cartographer_node-1] [0.586879, 0.610551)	                 ###	Count: 8 (15.3846%)	Total: 8 (15.3846%)
[cartographer_node-1] [0.610551, 0.634223)	                  ##	Count: 4 (7.69231%)	Total: 12 (23.0769%)
[cartographer_node-1] [0.634223, 0.657894)	                 ###	Count: 8 (15.3846%)	Total: 20 (38.4615%)
[cartographer_node-1] [0.657894, 0.681567)	                 ###	Count: 7 (13.4615%)	Total: 27 (51.9231%)
[cartographer_node-1] [0.681567, 0.705239)	                  ##	Count: 4 (7.69231%)	Total: 31 (59.6154%)
[cartographer_node-1] [0.705239, 0.728911)	                  ##	Count: 6 (11.5385%)	Total: 37 (71.1538%)
[cartographer_node-1] [0.728911, 0.752583)	                   #	Count: 3 (5.76923%)	Total: 40 (76.9231%)
[cartographer_node-1] [0.752583, 0.776255)	                  ##	Count: 4 (7.69231%)	Total: 44 (84.6154%)
[cartographer_node-1] [0.776255, 0.799927)	                  ##	Count: 5 (9.61539%)	Total: 49 (94.2308%)
[cartographer_node-1] [0.799927, 0.823599]	                   #	Count: 3 (5.76923%)	Total: 52 (100%)
[cartographer_node-1] [INFO] [1778746567.633087879] [cartographer logger]: I0514 17:16:07.000000 36299 pose_graph_2d.cc:538] Remaining work items in queue: 0
[cartographer_node-1] [INFO] [1778746567.633121451] [cartographer logger]: I0514 17:16:07.000000 36299 constraint_builder_2d.cc:294] 0 computations resulted in 0 additional constraints.
[cartographer_node-1] [INFO] [1778746567.633540026] [cartographer logger]: I0514 17:16:07.000000 36299 constraint_builder_2d.cc:296] Score histogram:
[cartographer_node-1] Count: 52  Min: 0.586879  Max: 0.823599  Mean: 0.688301
[cartographer_node-1] [0.586879, 0.610551)	                 ###	Count: 8 (15.3846%)	Total: 8 (15.3846%)
[cartographer_node-1] [0.610551, 0.634223)	                  ##	Count: 4 (7.69231%)	Total: 12 (23.0769%)
[cartographer_node-1] [0.634223, 0.657894)	                 ###	Count: 8 (15.3846%)	Total: 20 (38.4615%)
[cartographer_node-1] [0.657894, 0.681567)	                 ###	Count: 7 (13.4615%)	Total: 27 (51.9231%)
[cartographer_node-1] [0.681567, 0.705239)	                  ##	Count: 4 (7.69231%)	Total: 31 (59.6154%)
[cartographer_node-1] [0.705239, 0.728911)	                  ##	Count: 6 (11.5385%)	Total: 37 (71.1538%)
[cartographer_node-1] [0.728911, 0.752583)	                   #	Count: 3 (5.76923%)	Total: 40 (76.9231%)
[cartographer_node-1] [0.752583, 0.776255)	                  ##	Count: 4 (7.69231%)	Total: 44 (84.6154%)
[cartographer_node-1] [0.776255, 0.799927)	                  ##	Count: 5 (9.61539%)	Total: 49 (94.2308%)
[cartographer_node-1] [0.799927, 0.823599]	                   #	Count: 3 (5.76923%)	Total: 52 (100%)
[cartographer_node-1] [INFO] [1778746567.761552588] [cartographer logger]: I0514 17:16:07.000000 36299 pose_graph_2d.cc:538] Remaining work items in queue: 0
[cartographer_node-1] [INFO] [1778746567.807975254] [cartographer logger]: I0514 17:16:07.000000 36297 constraint_builder_2d.cc:294] 1 computations resulted in 0 additional constraints.
[cartographer_node-1] [INFO] [1778746567.808092746] [cartographer logger]: I0514 17:16:07.000000 36297 constraint_builder_2d.cc:296] Score histogram:
[cartographer_node-1] Count: 52  Min: 0.586879  Max: 0.823599  Mean: 0.688301
[cartographer_node-1] [0.586879, 0.610551)	                 ###	Count: 8 (15.3846%)	Total: 8 (15.3846%)
[cartographer_node-1] [0.610551, 0.634223)	                  ##	Count: 4 (7.69231%)	Total: 12 (23.0769%)
[cartographer_node-1] [0.634223, 0.657894)	                 ###	Count: 8 (15.3846%)	Total: 20 (38.4615%)
[cartographer_node-1] [0.657894, 0.681567)	                 ###	Count: 7 (13.4615%)	Total: 27 (51.9231%)
[cartographer_node-1] [0.681567, 0.705239)	                  ##	Count: 4 (7.69231%)	Total: 31 (59.6154%)
[cartographer_node-1] [0.705239, 0.728911)	                  ##	Count: 6 (11.5385%)	Total: 37 (71.1538%)
[cartographer_node-1] [0.728911, 0.752583)	                   #	Count: 3 (5.76923%)	Total: 40 (76.9231%)
[cartographer_node-1] [0.752583, 0.776255)	                  ##	Count: 4 (7.69231%)	Total: 44 (84.6154%)
[cartographer_node-1] [0.776255, 0.799927)	                  ##	Count: 5 (9.61539%)	Total: 49 (94.2308%)
[cartographer_node-1] [0.799927, 0.823599]	                   #	Count: 3 (5.76923%)	Total: 52 (100%)
[cartographer_node-1] [INFO] [1778746567.926088241] [cartographer logger]: I0514 17:16:07.000000 36299 pose_graph_2d.cc:538] Remaining work items in queue: 0
[cartographer_node-1] [INFO] [1778746567.926143051] [cartographer logger]: I0514 17:16:07.000000 36299 constraint_builder_2d.cc:294] 0 computations resulted in 0 additional constraints.
[cartographer_node-1] [INFO] [1778746567.926572011] [cartographer logger]: I0514 17:16:07.000000 36299 constraint_builder_2d.cc:296] Score histogram:
[cartographer_node-1] Count: 52  Min: 0.586879  Max: 0.823599  Mean: 0.688301
[cartographer_node-1] [0.586879, 0.610551)	                 ###	Count: 8 (15.3846%)	Total: 8 (15.3846%)
[cartographer_node-1] [0.610551, 0.634223)	                  ##	Count: 4 (7.69231%)	Total: 12 (23.0769%)
[cartographer_node-1] [0.634223, 0.657894)	                 ###	Count: 8 (15.3846%)	Total: 20 (38.4615%)
[cartographer_node-1] [0.657894, 0.681567)	                 ###	Count: 7 (13.4615%)	Total: 27 (51.9231%)
[cartographer_node-1] [0.681567, 0.705239)	                  ##	Count: 4 (7.69231%)	Total: 31 (59.6154%)
[cartographer_node-1] [0.705239, 0.728911)	                  ##	Count: 6 (11.5385%)	Total: 37 (71.1538%)
[cartographer_node-1] [0.728911, 0.752583)	                   #	Count: 3 (5.76923%)	Total: 40 (76.9231%)
[cartographer_node-1] [0.752583, 0.776255)	                  ##	Count: 4 (7.69231%)	Total: 44 (84.6154%)
[cartographer_node-1] [0.776255, 0.799927)	                  ##	Count: 5 (9.61539%)	Total: 49 (94.2308%)
[cartographer_node-1] [0.799927, 0.823599]	                   #	Count: 3 (5.76923%)	Total: 52 (100%)
[cartographer_node-1] [INFO] [1778746568.093008358] [cartographer logger]: I0514 17:16:08.000000 36299 pose_graph_2d.cc:538] Remaining work items in queue: 0
[cartographer_node-1] [INFO] [1778746568.093053617] [cartographer logger]: I0514 17:16:08.000000 36299 constraint_builder_2d.cc:294] 0 computations resulted in 0 additional constraints.
[cartographer_node-1] [INFO] [1778746568.093437424] [cartographer logger]: I0514 17:16:08.000000 36299 constraint_builder_2d.cc:296] Score histogram:
[cartographer_node-1] Count: 52  Min: 0.586879  Max: 0.823599  Mean: 0.688301
[cartographer_node-1] [0.586879, 0.610551)	                 ###	Count: 8 (15.3846%)	Total: 8 (15.3846%)
[cartographer_node-1] [0.610551, 0.634223)	                  ##	Count: 4 (7.69231%)	Total: 12 (23.0769%)
[cartographer_node-1] [0.634223, 0.657894)	                 ###	Count: 8 (15.3846%)	Total: 20 (38.4615%)
[cartographer_node-1] [0.657894, 0.681567)	                 ###	Count: 7 (13.4615%)	Total: 27 (51.9231%)
[cartographer_node-1] [0.681567, 0.705239)	                  ##	Count: 4 (7.69231%)	Total: 31 (59.6154%)
[cartographer_node-1] [0.705239, 0.728911)	                  ##	Count: 6 (11.5385%)	Total: 37 (71.1538%)
[cartographer_node-1] [0.728911, 0.752583)	                   #	Count: 3 (5.76923%)	Total: 40 (76.9231%)
[cartographer_node-1] [0.752583, 0.776255)	                  ##	Count: 4 (7.69231%)	Total: 44 (84.6154%)
[cartographer_node-1] [0.776255, 0.799927)	                  ##	Count: 5 (9.61539%)	Total: 49 (94.2308%)
[cartographer_node-1] [0.799927, 0.823599]	                   #	Count: 3 (5.76923%)	Total: 52 (100%)
[cartographer_node-1] [INFO] [1778746568.274523629] [cartographer logger]: I0514 17:16:08.000000 36300 pose_graph_2d.cc:538] Remaining work items in queue: 1
[cartographer_node-1] [INFO] [1778746568.274616642] [cartographer logger]: I0514 17:16:08.000000 36300 constraint_builder_2d.cc:294] 0 computations resulted in 0 additional constraints.
[cartographer_node-1] [INFO] [1778746568.274703143] [cartographer logger]: I0514 17:16:08.000000 36300 constraint_builder_2d.cc:296] Score histogram:
[cartographer_node-1] Count: 52  Min: 0.586879  Max: 0.823599  Mean: 0.688301
[cartographer_node-1] [0.586879, 0.610551)	                 ###	Count: 8 (15.3846%)	Total: 8 (15.3846%)
[cartographer_node-1] [0.610551, 0.634223)	                  ##	Count: 4 (7.69231%)	Total: 12 (23.0769%)
[cartographer_node-1] [0.634223, 0.657894)	                 ###	Count: 8 (15.3846%)	Total: 20 (38.4615%)
[cartographer_node-1] [0.657894, 0.681567)	                 ###	Count: 7 (13.4615%)	Total: 27 (51.9231%)
[cartographer_node-1] [0.681567, 0.705239)	                  ##	Count: 4 (7.69231%)	Total: 31 (59.6154%)
[cartographer_node-1] [0.705239, 0.728911)	                  ##	Count: 6 (11.5385%)	Total: 37 (71.1538%)
[cartographer_node-1] [0.728911, 0.752583)	                   #	Count: 3 (5.76923%)	Total: 40 (76.9231%)
[cartographer_node-1] [0.752583, 0.776255)	                  ##	Count: 4 (7.69231%)	Total: 44 (84.6154%)
[cartographer_node-1] [0.776255, 0.799927)	                  ##	Count: 5 (9.61539%)	Total: 49 (94.2308%)
[cartographer_node-1] [0.799927, 0.823599]	                   #	Count: 3 (5.76923%)	Total: 52 (100%)
[cartographer_node-1] [INFO] [1778746568.393955188] [cartographer logger]: I0514 17:16:08.000000 36298 pose_graph_2d.cc:538] Remaining work items in queue: 0
[cartographer_node-1] [INFO] [1778746568.394003308] [cartographer logger]: I0514 17:16:08.000000 36298 constraint_builder_2d.cc:294] 0 computations resulted in 0 additional constraints.
[cartographer_node-1] [INFO] [1778746568.394484957] [cartographer logger]: I0514 17:16:08.000000 36298 constraint_builder_2d.cc:296] Score histogram:
[cartographer_node-1] Count: 52  Min: 0.586879  Max: 0.823599  Mean: 0.688301
[cartographer_node-1] [0.586879, 0.610551)	                 ###	Count: 8 (15.3846%)	Total: 8 (15.3846%)
[cartographer_node-1] [0.610551, 0.634223)	                  ##	Count: 4 (7.69231%)	Total: 12 (23.0769%)
[cartographer_node-1] [0.634223, 0.657894)	                 ###	Count: 8 (15.3846%)	Total: 20 (38.4615%)
[cartographer_node-1] [0.657894, 0.681567)	                 ###	Count: 7 (13.4615%)	Total: 27 (51.9231%)
[cartographer_node-1] [0.681567, 0.705239)	                  ##	Count: 4 (7.69231%)	Total: 31 (59.6154%)
[cartographer_node-1] [0.705239, 0.728911)	                  ##	Count: 6 (11.5385%)	Total: 37 (71.1538%)
[cartographer_node-1] [0.728911, 0.752583)	                   #	Count: 3 (5.76923%)	Total: 40 (76.9231%)
[cartographer_node-1] [0.752583, 0.776255)	                  ##	Count: 4 (7.69231%)	Total: 44 (84.6154%)
[cartographer_node-1] [0.776255, 0.799927)	                  ##	Count: 5 (9.61539%)	Total: 49 (94.2308%)
[cartographer_node-1] [0.799927, 0.823599]	                   #	Count: 3 (5.76923%)	Total: 52 (100%)
[cartographer_node-1] [INFO] [1778746568.563517586] [cartographer logger]: I0514 17:16:08.000000 36299 pose_graph_2d.cc:538] Remaining work items in queue: 1
[cartographer_node-1] [INFO] [1778746568.592597862] [cartographer logger]: I0514 17:16:08.000000 36298 constraint_builder_2d.cc:294] 1 computations resulted in 0 additional constraints.
[cartographer_node-1] [INFO] [1778746568.592650913] [cartographer logger]: I0514 17:16:08.000000 36298 constraint_builder_2d.cc:296] Score histogram:
[cartographer_node-1] Count: 52  Min: 0.586879  Max: 0.823599  Mean: 0.688301
[cartographer_node-1] [0.586879, 0.610551)	                 ###	Count: 8 (15.3846%)	Total: 8 (15.3846%)
[cartographer_node-1] [0.610551, 0.634223)	                  ##	Count: 4 (7.69231%)	Total: 12 (23.0769%)
[cartographer_node-1] [0.634223, 0.657894)	                 ###	Count: 8 (15.3846%)	Total: 20 (38.4615%)
[cartographer_node-1] [0.657894, 0.681567)	                 ###	Count: 7 (13.4615%)	Total: 27 (51.9231%)
[cartographer_node-1] [0.681567, 0.705239)	                  ##	Count: 4 (7.69231%)	Total: 31 (59.6154%)
[cartographer_node-1] [0.705239, 0.728911)	                  ##	Count: 6 (11.5385%)	Total: 37 (71.1538%)
[cartographer_node-1] [0.728911, 0.752583)	                   #	Count: 3 (5.76923%)	Total: 40 (76.9231%)
[cartographer_node-1] [0.752583, 0.776255)	                  ##	Count: 4 (7.69231%)	Total: 44 (84.6154%)
[cartographer_node-1] [0.776255, 0.799927)	                  ##	Count: 5 (9.61539%)	Total: 49 (94.2308%)
[cartographer_node-1] [0.799927, 0.823599]	                   #	Count: 3 (5.76923%)	Total: 52 (100%)
[cartographer_node-1] [INFO] [1778746568.657280831] [cartographer logger]: I0514 17:16:08.000000 36300 pose_graph_2d.cc:538] Remaining work items in queue: 1
[cartographer_node-1] [INFO] [1778746568.657326903] [cartographer logger]: I0514 17:16:08.000000 36300 constraint_builder_2d.cc:294] 0 computations resulted in 0 additional constraints.
[cartographer_node-1] [INFO] [1778746568.657678747] [cartographer logger]: I0514 17:16:08.000000 36300 constraint_builder_2d.cc:296] Score histogram:
[cartographer_node-1] Count: 52  Min: 0.586879  Max: 0.823599  Mean: 0.688301
[cartographer_node-1] [0.586879, 0.610551)	                 ###	Count: 8 (15.3846%)	Total: 8 (15.3846%)
[cartographer_node-1] [0.610551, 0.634223)	                  ##	Count: 4 (7.69231%)	Total: 12 (23.0769%)
[cartographer_node-1] [0.634223, 0.657894)	                 ###	Count: 8 (15.3846%)	Total: 20 (38.4615%)
[cartographer_node-1] [0.657894, 0.681567)	                 ###	Count: 7 (13.4615%)	Total: 27 (51.9231%)
[cartographer_node-1] [0.681567, 0.705239)	                  ##	Count: 4 (7.69231%)	Total: 31 (59.6154%)
[cartographer_node-1] [0.705239, 0.728911)	                  ##	Count: 6 (11.5385%)	Total: 37 (71.1538%)
[cartographer_node-1] [0.728911, 0.752583)	                   #	Count: 3 (5.76923%)	Total: 40 (76.9231%)
[cartographer_node-1] [0.752583, 0.776255)	                  ##	Count: 4 (7.69231%)	Total: 44 (84.6154%)
[cartographer_node-1] [0.776255, 0.799927)	                  ##	Count: 5 (9.61539%)	Total: 49 (94.2308%)
[cartographer_node-1] [0.799927, 0.823599]	                   #	Count: 3 (5.76923%)	Total: 52 (100%)
[cartographer_node-1] [INFO] [1778746568.764231383] [cartographer logger]: I0514 17:16:08.000000 36297 pose_graph_2d.cc:538] Remaining work items in queue: 0
[cartographer_node-1] [INFO] [1778746568.764258053] [cartographer logger]: I0514 17:16:08.000000 36297 constraint_builder_2d.cc:294] 0 computations resulted in 0 additional constraints.
[cartographer_node-1] [INFO] [1778746568.764369365] [cartographer logger]: I0514 17:16:08.000000 36297 constraint_builder_2d.cc:296] Score histogram:
[cartographer_node-1] Count: 52  Min: 0.586879  Max: 0.823599  Mean: 0.688301
[cartographer_node-1] [0.586879, 0.610551)	                 ###	Count: 8 (15.3846%)	Total: 8 (15.3846%)
[cartographer_node-1] [0.610551, 0.634223)	                  ##	Count: 4 (7.69231%)	Total: 12 (23.0769%)
[cartographer_node-1] [0.634223, 0.657894)	                 ###	Count: 8 (15.3846%)	Total: 20 (38.4615%)
[cartographer_node-1] [0.657894, 0.681567)	                 ###	Count: 7 (13.4615%)	Total: 27 (51.9231%)
[cartographer_node-1] [0.681567, 0.705239)	                  ##	Count: 4 (7.69231%)	Total: 31 (59.6154%)
[cartographer_node-1] [0.705239, 0.728911)	                  ##	Count: 6 (11.5385%)	Total: 37 (71.1538%)
[cartographer_node-1] [0.728911, 0.752583)	                   #	Count: 3 (5.76923%)	Total: 40 (76.9231%)
[cartographer_node-1] [0.752583, 0.776255)	                  ##	Count: 4 (7.69231%)	Total: 44 (84.6154%)
[cartographer_node-1] [0.776255, 0.799927)	                  ##	Count: 5 (9.61539%)	Total: 49 (94.2308%)
[cartographer_node-1] [0.799927, 0.823599]	                   #	Count: 3 (5.76923%)	Total: 52 (100%)
[cartographer_node-1] [INFO] [1778746568.915313300] [cartographer logger]: I0514 17:16:08.000000 36297 pose_graph_2d.cc:538] Remaining work items in queue: 1
[cartographer_node-1] [INFO] [1778746568.944122521] [cartographer logger]: I0514 17:16:08.000000 36258 pose_graph_2d.cc:148] Inserted submap (1, 9).
[cartographer_node-1] [INFO] [1778746568.970753198] [cartographer logger]: I0514 17:16:08.000000 36297 constraint_builder_2d.cc:279] Node (0, 126) with 201 points on submap (1, 7) matches with score 68.6%.
[cartographer_node-1] [INFO] [1778746568.982710192] [cartographer logger]: I0514 17:16:08.000000 36299 constraint_builder_2d.cc:279] Node (0, 1126) with 212 points on submap (1, 7) matches with score 70.1%.
[cartographer_node-1] [INFO] [1778746568.988562012] [cartographer logger]: I0514 17:16:08.000000 36298 constraint_builder_2d.cc:279] Node (0, 1326) with 215 points on submap (1, 7) matches with score 62.8%.
[cartographer_node-1] [INFO] [1778746568.989744287] [cartographer logger]: I0514 17:16:08.000000 36300 constraint_builder_2d.cc:279] Node (0, 526) with 200 points on submap (1, 7) matches with score 63.5%.
[cartographer_node-1] [INFO] [1778746569.001503574] [cartographer logger]: I0514 17:16:09.000000 36297 constraint_builder_2d.cc:279] Node (0, 726) with 208 points on submap (1, 7) matches with score 78.5%.
[cartographer_node-1] [INFO] [1778746569.048746135] [cartographer logger]: I0514 17:16:09.000000 36299 constraint_builder_2d.cc:294] 8 computations resulted in 5 additional constraints.
[cartographer_node-1] [INFO] [1778746569.048785598] [cartographer logger]: I0514 17:16:09.000000 36299 constraint_builder_2d.cc:296] Score histogram:
[cartographer_node-1] Count: 57  Min: 0.586879  Max: 0.823599  Mean: 0.688189
[cartographer_node-1] [0.586879, 0.610551)	                 ###	Count: 8 (14.0351%)	Total: 8 (14.0351%)
[cartographer_node-1] [0.610551, 0.634223)	                  ##	Count: 5 (8.77193%)	Total: 13 (22.807%)
[cartographer_node-1] [0.634223, 0.657894)	                 ###	Count: 9 (15.7895%)	Total: 22 (38.5965%)
[cartographer_node-1] [0.657894, 0.681567)	                  ##	Count: 7 (12.2807%)	Total: 29 (50.8772%)
[cartographer_node-1] [0.681567, 0.705239)	                  ##	Count: 6 (10.5263%)	Total: 35 (61.4035%)
[cartographer_node-1] [0.705239, 0.728911)	                  ##	Count: 6 (10.5263%)	Total: 41 (71.9298%)
[cartographer_node-1] [0.728911, 0.752583)	                   #	Count: 3 (5.26316%)	Total: 44 (77.193%)
[cartographer_node-1] [0.752583, 0.776255)	                   #	Count: 4 (7.01754%)	Total: 48 (84.2105%)
[cartographer_node-1] [0.776255, 0.799927)	                  ##	Count: 6 (10.5263%)	Total: 54 (94.7368%)
[cartographer_node-1] [0.799927, 0.823599]	                   #	Count: 3 (5.26316%)	Total: 57 (100%)
[cartographer_node-1] [INFO] [1778746569.081738323] [cartographer logger]: I0514 17:16:09.000000 36299 pose_graph_2d.cc:538] Remaining work items in queue: 6
[cartographer_node-1] [INFO] [1778746569.081761621] [cartographer logger]: I0514 17:16:09.000000 36299 constraint_builder_2d.cc:294] 0 computations resulted in 0 additional constraints.
[cartographer_node-1] [INFO] [1778746569.081796397] [cartographer logger]: I0514 17:16:09.000000 36299 constraint_builder_2d.cc:296] Score histogram:
[cartographer_node-1] Count: 57  Min: 0.586879  Max: 0.823599  Mean: 0.688189
[cartographer_node-1] [0.586879, 0.610551)	                 ###	Count: 8 (14.0351%)	Total: 8 (14.0351%)
[cartographer_node-1] [0.610551, 0.634223)	                  ##	Count: 5 (8.77193%)	Total: 13 (22.807%)
[cartographer_node-1] [0.634223, 0.657894)	                 ###	Count: 9 (15.7895%)	Total: 22 (38.5965%)
[cartographer_node-1] [0.657894, 0.681567)	                  ##	Count: 7 (12.2807%)	Total: 29 (50.8772%)
[cartographer_node-1] [0.681567, 0.705239)	                  ##	Count: 6 (10.5263%)	Total: 35 (61.4035%)
[cartographer_node-1] [0.705239, 0.728911)	                  ##	Count: 6 (10.5263%)	Total: 41 (71.9298%)
[cartographer_node-1] [0.728911, 0.752583)	                   #	Count: 3 (5.26316%)	Total: 44 (77.193%)
[cartographer_node-1] [0.752583, 0.776255)	                   #	Count: 4 (7.01754%)	Total: 48 (84.2105%)
[cartographer_node-1] [0.776255, 0.799927)	                  ##	Count: 6 (10.5263%)	Total: 54 (94.7368%)
[cartographer_node-1] [0.799927, 0.823599]	                   #	Count: 3 (5.26316%)	Total: 57 (100%)
[cartographer_node-1] [INFO] [1778746569.126208094] [cartographer logger]: I0514 17:16:09.000000 36297 pose_graph_2d.cc:538] Remaining work items in queue: 1
[cartographer_node-1] [INFO] [1778746569.128661183] [cartographer logger]: I0514 17:16:09.000000 36299 constraint_builder_2d.cc:279] Node (1, 814) with 213 points on submap (0, 4) matches with score 66.4%.
[cartographer_node-1] [INFO] [1778746569.128686553] [cartographer logger]: I0514 17:16:09.000000 36299 constraint_builder_2d.cc:294] 1 computations resulted in 1 additional constraints.
[cartographer_node-1] [INFO] [1778746569.128731374] [cartographer logger]: I0514 17:16:09.000000 36299 constraint_builder_2d.cc:296] Score histogram:
[cartographer_node-1] Count: 58  Min: 0.586879  Max: 0.823599  Mean: 0.687764
[cartographer_node-1] [0.586879, 0.610551)	                 ###	Count: 8 (13.7931%)	Total: 8 (13.7931%)
[cartographer_node-1] [0.610551, 0.634223)	                  ##	Count: 5 (8.62069%)	Total: 13 (22.4138%)
[cartographer_node-1] [0.634223, 0.657894)	                 ###	Count: 9 (15.5172%)	Total: 22 (37.931%)
[cartographer_node-1] [0.657894, 0.681567)	                 ###	Count: 8 (13.7931%)	Total: 30 (51.7241%)
[cartographer_node-1] [0.681567, 0.705239)	                  ##	Count: 6 (10.3448%)	Total: 36 (62.069%)
[cartographer_node-1] [0.705239, 0.728911)	                  ##	Count: 6 (10.3448%)	Total: 42 (72.4138%)
[cartographer_node-1] [0.728911, 0.752583)	                   #	Count: 3 (5.17241%)	Total: 45 (77.5862%)
[cartographer_node-1] [0.752583, 0.776255)	                   #	Count: 4 (6.89655%)	Total: 49 (84.4828%)
[cartographer_node-1] [0.776255, 0.799927)	                  ##	Count: 6 (10.3448%)	Total: 55 (94.8276%)
[cartographer_node-1] [0.799927, 0.823599]	                   #	Count: 3 (5.17241%)	Total: 58 (100%)
[cartographer_node-1] [INFO] [1778746569.192557175] [cartographer logger]: I0514 17:16:09.000000 36297 pose_graph_2d.cc:538] Remaining work items in queue: 1
[cartographer_node-1] [INFO] [1778746569.192581061] [cartographer logger]: I0514 17:16:09.000000 36297 constraint_builder_2d.cc:294] 0 computations resulted in 0 additional constraints.
[cartographer_node-1] [INFO] [1778746569.192614734] [cartographer logger]: I0514 17:16:09.000000 36297 constraint_builder_2d.cc:296] Score histogram:
[cartographer_node-1] Count: 58  Min: 0.586879  Max: 0.823599  Mean: 0.687764
[cartographer_node-1] [0.586879, 0.610551)	                 ###	Count: 8 (13.7931%)	Total: 8 (13.7931%)
[cartographer_node-1] [0.610551, 0.634223)	                  ##	Count: 5 (8.62069%)	Total: 13 (22.4138%)
[cartographer_node-1] [0.634223, 0.657894)	                 ###	Count: 9 (15.5172%)	Total: 22 (37.931%)
[cartographer_node-1] [0.657894, 0.681567)	                 ###	Count: 8 (13.7931%)	Total: 30 (51.7241%)
[cartographer_node-1] [0.681567, 0.705239)	                  ##	Count: 6 (10.3448%)	Total: 36 (62.069%)
[cartographer_node-1] [0.705239, 0.728911)	                  ##	Count: 6 (10.3448%)	Total: 42 (72.4138%)
[cartographer_node-1] [0.728911, 0.752583)	                   #	Count: 3 (5.17241%)	Total: 45 (77.5862%)
[cartographer_node-1] [0.752583, 0.776255)	                   #	Count: 4 (6.89655%)	Total: 49 (84.4828%)
[cartographer_node-1] [0.776255, 0.799927)	                  ##	Count: 6 (10.3448%)	Total: 55 (94.8276%)
[cartographer_node-1] [0.799927, 0.823599]	                   #	Count: 3 (5.17241%)	Total: 58 (100%)
[cartographer_node-1] [INFO] [1778746569.258040823] [cartographer logger]: I0514 17:16:09.000000 36297 pose_graph_2d.cc:538] Remaining work items in queue: 0
[cartographer_node-1] [INFO] [1778746569.258067703] [cartographer logger]: I0514 17:16:09.000000 36297 constraint_builder_2d.cc:294] 0 computations resulted in 0 additional constraints.
[cartographer_node-1] [INFO] [1778746569.258134897] [cartographer logger]: I0514 17:16:09.000000 36297 constraint_builder_2d.cc:296] Score histogram:
[cartographer_node-1] Count: 58  Min: 0.586879  Max: 0.823599  Mean: 0.687764
[cartographer_node-1] [0.586879, 0.610551)	                 ###	Count: 8 (13.7931%)	Total: 8 (13.7931%)
[cartographer_node-1] [0.610551, 0.634223)	                  ##	Count: 5 (8.62069%)	Total: 13 (22.4138%)
[cartographer_node-1] [0.634223, 0.657894)	                 ###	Count: 9 (15.5172%)	Total: 22 (37.931%)
[cartographer_node-1] [0.657894, 0.681567)	                 ###	Count: 8 (13.7931%)	Total: 30 (51.7241%)
[cartographer_node-1] [0.681567, 0.705239)	                  ##	Count: 6 (10.3448%)	Total: 36 (62.069%)
[cartographer_node-1] [0.705239, 0.728911)	                  ##	Count: 6 (10.3448%)	Total: 42 (72.4138%)
[cartographer_node-1] [0.728911, 0.752583)	                   #	Count: 3 (5.17241%)	Total: 45 (77.5862%)
[cartographer_node-1] [0.752583, 0.776255)	                   #	Count: 4 (6.89655%)	Total: 49 (84.4828%)
[cartographer_node-1] [0.776255, 0.799927)	                  ##	Count: 6 (10.3448%)	Total: 55 (94.8276%)
[cartographer_node-1] [0.799927, 0.823599]	                   #	Count: 3 (5.17241%)	Total: 58 (100%)
[cartographer_node-1] [INFO] [1778746569.361228891] [cartographer logger]: I0514 17:16:09.000000 36298 pose_graph_2d.cc:538] Remaining work items in queue: 0
[cartographer_node-1] [INFO] [1778746569.361253000] [cartographer logger]: I0514 17:16:09.000000 36298 constraint_builder_2d.cc:294] 0 computations resulted in 0 additional constraints.
[cartographer_node-1] [INFO] [1778746569.361300451] [cartographer logger]: I0514 17:16:09.000000 36298 constraint_builder_2d.cc:296] Score histogram:
[cartographer_node-1] Count: 58  Min: 0.586879  Max: 0.823599  Mean: 0.687764
[cartographer_node-1] [0.586879, 0.610551)	                 ###	Count: 8 (13.7931%)	Total: 8 (13.7931%)
[cartographer_node-1] [0.610551, 0.634223)	                  ##	Count: 5 (8.62069%)	Total: 13 (22.4138%)
[cartographer_node-1] [0.634223, 0.657894)	                 ###	Count: 9 (15.5172%)	Total: 22 (37.931%)
[cartographer_node-1] [0.657894, 0.681567)	                 ###	Count: 8 (13.7931%)	Total: 30 (51.7241%)
[cartographer_node-1] [0.681567, 0.705239)	                  ##	Count: 6 (10.3448%)	Total: 36 (62.069%)
[cartographer_node-1] [0.705239, 0.728911)	                  ##	Count: 6 (10.3448%)	Total: 42 (72.4138%)
[cartographer_node-1] [0.728911, 0.752583)	                   #	Count: 3 (5.17241%)	Total: 45 (77.5862%)
[cartographer_node-1] [0.752583, 0.776255)	                   #	Count: 4 (6.89655%)	Total: 49 (84.4828%)
[cartographer_node-1] [0.776255, 0.799927)	                  ##	Count: 6 (10.3448%)	Total: 55 (94.8276%)
[cartographer_node-1] [0.799927, 0.823599]	                   #	Count: 3 (5.17241%)	Total: 58 (100%)
[cartographer_node-1] [INFO] [1778746569.410809077] [cartographer logger]: I0514 17:16:09.000000 36297 pose_graph_2d.cc:538] Remaining work items in queue: 1
[cartographer_node-1] [INFO] [1778746569.410830245] [cartographer logger]: I0514 17:16:09.000000 36297 constraint_builder_2d.cc:294] 0 computations resulted in 0 additional constraints.
[cartographer_node-1] [INFO] [1778746569.410931926] [cartographer logger]: I0514 17:16:09.000000 36297 constraint_builder_2d.cc:296] Score histogram:
[cartographer_node-1] Count: 58  Min: 0.586879  Max: 0.823599  Mean: 0.687764
[cartographer_node-1] [0.586879, 0.610551)	                 ###	Count: 8 (13.7931%)	Total: 8 (13.7931%)
[cartographer_node-1] [0.610551, 0.634223)	                  ##	Count: 5 (8.62069%)	Total: 13 (22.4138%)
[cartographer_node-1] [0.634223, 0.657894)	                 ###	Count: 9 (15.5172%)	Total: 22 (37.931%)
[cartographer_node-1] [0.657894, 0.681567)	                 ###	Count: 8 (13.7931%)	Total: 30 (51.7241%)
[cartographer_node-1] [0.681567, 0.705239)	                  ##	Count: 6 (10.3448%)	Total: 36 (62.069%)
[cartographer_node-1] [0.705239, 0.728911)	                  ##	Count: 6 (10.3448%)	Total: 42 (72.4138%)
[cartographer_node-1] [0.728911, 0.752583)	                   #	Count: 3 (5.17241%)	Total: 45 (77.5862%)
[cartographer_node-1] [0.752583, 0.776255)	                   #	Count: 4 (6.89655%)	Total: 49 (84.4828%)
[cartographer_node-1] [0.776255, 0.799927)	                  ##	Count: 6 (10.3448%)	Total: 55 (94.8276%)
[cartographer_node-1] [0.799927, 0.823599]	                   #	Count: 3 (5.17241%)	Total: 58 (100%)
[cartographer_node-1] [INFO] [1778746569.508674581] [cartographer logger]: I0514 17:16:09.000000 36298 pose_graph_2d.cc:538] Remaining work items in queue: 0
[cartographer_node-1] [INFO] [1778746569.508780749] [cartographer logger]: I0514 17:16:09.000000 36298 constraint_builder_2d.cc:294] 1 computations resulted in 0 additional constraints.
[cartographer_node-1] [INFO] [1778746569.509185199] [cartographer logger]: I0514 17:16:09.000000 36298 constraint_builder_2d.cc:296] Score histogram:
[cartographer_node-1] Count: 58  Min: 0.586879  Max: 0.823599  Mean: 0.687764
[cartographer_node-1] [0.586879, 0.610551)	                 ###	Count: 8 (13.7931%)	Total: 8 (13.7931%)
[cartographer_node-1] [0.610551, 0.634223)	                  ##	Count: 5 (8.62069%)	Total: 13 (22.4138%)
[cartographer_node-1] [0.634223, 0.657894)	                 ###	Count: 9 (15.5172%)	Total: 22 (37.931%)
[cartographer_node-1] [0.657894, 0.681567)	                 ###	Count: 8 (13.7931%)	Total: 30 (51.7241%)
[cartographer_node-1] [0.681567, 0.705239)	                  ##	Count: 6 (10.3448%)	Total: 36 (62.069%)
[cartographer_node-1] [0.705239, 0.728911)	                  ##	Count: 6 (10.3448%)	Total: 42 (72.4138%)
[cartographer_node-1] [0.728911, 0.752583)	                   #	Count: 3 (5.17241%)	Total: 45 (77.5862%)
[cartographer_node-1] [0.752583, 0.776255)	                   #	Count: 4 (6.89655%)	Total: 49 (84.4828%)
[cartographer_node-1] [0.776255, 0.799927)	                  ##	Count: 6 (10.3448%)	Total: 55 (94.8276%)
[cartographer_node-1] [0.799927, 0.823599]	                   #	Count: 3 (5.17241%)	Total: 58 (100%)
[cartographer_node-1] [INFO] [1778746569.568616458] [cartographer logger]: I0514 17:16:09.000000 36300 pose_graph_2d.cc:538] Remaining work items in queue: 1
[cartographer_node-1] [INFO] [1778746569.568639869] [cartographer logger]: I0514 17:16:09.000000 36300 constraint_builder_2d.cc:294] 0 computations resulted in 0 additional constraints.
[cartographer_node-1] [INFO] [1778746569.568657397] [cartographer logger]: I0514 17:16:09.000000 36300 constraint_builder_2d.cc:296] Score histogram:
[cartographer_node-1] Count: 58  Min: 0.586879  Max: 0.823599  Mean: 0.687764
[cartographer_node-1] [0.586879, 0.610551)	                 ###	Count: 8 (13.7931%)	Total: 8 (13.7931%)
[cartographer_node-1] [0.610551, 0.634223)	                  ##	Count: 5 (8.62069%)	Total: 13 (22.4138%)
[cartographer_node-1] [0.634223, 0.657894)	                 ###	Count: 9 (15.5172%)	Total: 22 (37.931%)
[cartographer_node-1] [0.657894, 0.681567)	                 ###	Count: 8 (13.7931%)	Total: 30 (51.7241%)
[cartographer_node-1] [0.681567, 0.705239)	                  ##	Count: 6 (10.3448%)	Total: 36 (62.069%)
[cartographer_node-1] [0.705239, 0.728911)	                  ##	Count: 6 (10.3448%)	Total: 42 (72.4138%)
[cartographer_node-1] [0.728911, 0.752583)	                   #	Count: 3 (5.17241%)	Total: 45 (77.5862%)
[cartographer_node-1] [0.752583, 0.776255)	                   #	Count: 4 (6.89655%)	Total: 49 (84.4828%)
[cartographer_node-1] [0.776255, 0.799927)	                  ##	Count: 6 (10.3448%)	Total: 55 (94.8276%)
[cartographer_node-1] [0.799927, 0.823599]	                   #	Count: 3 (5.17241%)	Total: 58 (100%)
[cartographer_node-1] [INFO] [1778746569.644862332] [cartographer logger]: I0514 17:16:09.000000 36300 pose_graph_2d.cc:538] Remaining work items in queue: 1
[cartographer_node-1] [INFO] [1778746569.644887581] [cartographer logger]: I0514 17:16:09.000000 36300 constraint_builder_2d.cc:294] 0 computations resulted in 0 additional constraints.
[cartographer_node-1] [INFO] [1778746569.645321220] [cartographer logger]: I0514 17:16:09.000000 36300 constraint_builder_2d.cc:296] Score histogram:
[cartographer_node-1] Count: 58  Min: 0.586879  Max: 0.823599  Mean: 0.687764
[cartographer_node-1] [0.586879, 0.610551)	                 ###	Count: 8 (13.7931%)	Total: 8 (13.7931%)
[cartographer_node-1] [0.610551, 0.634223)	                  ##	Count: 5 (8.62069%)	Total: 13 (22.4138%)
[cartographer_node-1] [0.634223, 0.657894)	                 ###	Count: 9 (15.5172%)	Total: 22 (37.931%)
[cartographer_node-1] [0.657894, 0.681567)	                 ###	Count: 8 (13.7931%)	Total: 30 (51.7241%)
[cartographer_node-1] [0.681567, 0.705239)	                  ##	Count: 6 (10.3448%)	Total: 36 (62.069%)
[cartographer_node-1] [0.705239, 0.728911)	                  ##	Count: 6 (10.3448%)	Total: 42 (72.4138%)
[cartographer_node-1] [0.728911, 0.752583)	                   #	Count: 3 (5.17241%)	Total: 45 (77.5862%)
[cartographer_node-1] [0.752583, 0.776255)	                   #	Count: 4 (6.89655%)	Total: 49 (84.4828%)
[cartographer_node-1] [0.776255, 0.799927)	                  ##	Count: 6 (10.3448%)	Total: 55 (94.8276%)
[cartographer_node-1] [0.799927, 0.823599]	                   #	Count: 3 (5.17241%)	Total: 58 (100%)
[cartographer_node-1] [INFO] [1778746569.700561348] [cartographer logger]: I0514 17:16:09.000000 36297 pose_graph_2d.cc:538] Remaining work items in queue: 1
[cartographer_node-1] [INFO] [1778746569.700583921] [cartographer logger]: I0514 17:16:09.000000 36297 constraint_builder_2d.cc:294] 0 computations resulted in 0 additional constraints.
[cartographer_node-1] [INFO] [1778746569.700604785] [cartographer logger]: I0514 17:16:09.000000 36297 constraint_builder_2d.cc:296] Score histogram:
[cartographer_node-1] Count: 58  Min: 0.586879  Max: 0.823599  Mean: 0.687764
[cartographer_node-1] [0.586879, 0.610551)	                 ###	Count: 8 (13.7931%)	Total: 8 (13.7931%)
[cartographer_node-1] [0.610551, 0.634223)	                  ##	Count: 5 (8.62069%)	Total: 13 (22.4138%)
[cartographer_node-1] [0.634223, 0.657894)	                 ###	Count: 9 (15.5172%)	Total: 22 (37.931%)
[cartographer_node-1] [0.657894, 0.681567)	                 ###	Count: 8 (13.7931%)	Total: 30 (51.7241%)
[cartographer_node-1] [0.681567, 0.705239)	                  ##	Count: 6 (10.3448%)	Total: 36 (62.069%)
[cartographer_node-1] [0.705239, 0.728911)	                  ##	Count: 6 (10.3448%)	Total: 42 (72.4138%)
[cartographer_node-1] [0.728911, 0.752583)	                   #	Count: 3 (5.17241%)	Total: 45 (77.5862%)
[cartographer_node-1] [0.752583, 0.776255)	                   #	Count: 4 (6.89655%)	Total: 49 (84.4828%)
[cartographer_node-1] [0.776255, 0.799927)	                  ##	Count: 6 (10.3448%)	Total: 55 (94.8276%)
[cartographer_node-1] [0.799927, 0.823599]	                   #	Count: 3 (5.17241%)	Total: 58 (100%)
[cartographer_node-1] [INFO] [1778746569.760058790] [cartographer logger]: I0514 17:16:09.000000 36300 pose_graph_2d.cc:538] Remaining work items in queue: 1
[cartographer_node-1] [INFO] [1778746569.776793881] [cartographer logger]: I0514 17:16:09.000000 36298 constraint_builder_2d.cc:294] 1 computations resulted in 0 additional constraints.
[cartographer_node-1] [INFO] [1778746569.776825510] [cartographer logger]: I0514 17:16:09.000000 36298 constraint_builder_2d.cc:296] Score histogram:
[cartographer_node-1] Count: 58  Min: 0.586879  Max: 0.823599  Mean: 0.687764
[cartographer_node-1] [0.586879, 0.610551)	                 ###	Count: 8 (13.7931%)	Total: 8 (13.7931%)
[cartographer_node-1] [0.610551, 0.634223)	                  ##	Count: 5 (8.62069%)	Total: 13 (22.4138%)
[cartographer_node-1] [0.634223, 0.657894)	                 ###	Count: 9 (15.5172%)	Total: 22 (37.931%)
[cartographer_node-1] [0.657894, 0.681567)	                 ###	Count: 8 (13.7931%)	Total: 30 (51.7241%)
[cartographer_node-1] [0.681567, 0.705239)	                  ##	Count: 6 (10.3448%)	Total: 36 (62.069%)
[cartographer_node-1] [0.705239, 0.728911)	                  ##	Count: 6 (10.3448%)	Total: 42 (72.4138%)
[cartographer_node-1] [0.728911, 0.752583)	                   #	Count: 3 (5.17241%)	Total: 45 (77.5862%)
[cartographer_node-1] [0.752583, 0.776255)	                   #	Count: 4 (6.89655%)	Total: 49 (84.4828%)
[cartographer_node-1] [0.776255, 0.799927)	                  ##	Count: 6 (10.3448%)	Total: 55 (94.8276%)
[cartographer_node-1] [0.799927, 0.823599]	                   #	Count: 3 (5.17241%)	Total: 58 (100%)
[cartographer_node-1] [INFO] [1778746569.868468041] [cartographer logger]: I0514 17:16:09.000000 36300 pose_graph_2d.cc:538] Remaining work items in queue: 1
[cartographer_node-1] [INFO] [1778746569.868549988] [cartographer logger]: I0514 17:16:09.000000 36300 constraint_builder_2d.cc:294] 0 computations resulted in 0 additional constraints.
[cartographer_node-1] [INFO] [1778746569.869405215] [cartographer logger]: I0514 17:16:09.000000 36300 constraint_builder_2d.cc:296] Score histogram:
[cartographer_node-1] Count: 58  Min: 0.586879  Max: 0.823599  Mean: 0.687764
[cartographer_node-1] [0.586879, 0.610551)	                 ###	Count: 8 (13.7931%)	Total: 8 (13.7931%)
[cartographer_node-1] [0.610551, 0.634223)	                  ##	Count: 5 (8.62069%)	Total: 13 (22.4138%)
[cartographer_node-1] [0.634223, 0.657894)	                 ###	Count: 9 (15.5172%)	Total: 22 (37.931%)
[cartographer_node-1] [0.657894, 0.681567)	                 ###	Count: 8 (13.7931%)	Total: 30 (51.7241%)
[cartographer_node-1] [0.681567, 0.705239)	                  ##	Count: 6 (10.3448%)	Total: 36 (62.069%)
[cartographer_node-1] [0.705239, 0.728911)	                  ##	Count: 6 (10.3448%)	Total: 42 (72.4138%)
[cartographer_node-1] [0.728911, 0.752583)	                   #	Count: 3 (5.17241%)	Total: 45 (77.5862%)
[cartographer_node-1] [0.752583, 0.776255)	                   #	Count: 4 (6.89655%)	Total: 49 (84.4828%)
[cartographer_node-1] [0.776255, 0.799927)	                  ##	Count: 6 (10.3448%)	Total: 55 (94.8276%)
[cartographer_node-1] [0.799927, 0.823599]	                   #	Count: 3 (5.17241%)	Total: 58 (100%)
[cartographer_node-1] [INFO] [1778746569.938218351] [cartographer logger]: I0514 17:16:09.000000 36297 pose_graph_2d.cc:538] Remaining work items in queue: 1
[cartographer_node-1] [INFO] [1778746569.938248899] [cartographer logger]: I0514 17:16:09.000000 36297 constraint_builder_2d.cc:294] 0 computations resulted in 0 additional constraints.
[cartographer_node-1] [INFO] [1778746569.938365269] [cartographer logger]: I0514 17:16:09.000000 36297 constraint_builder_2d.cc:296] Score histogram:
[cartographer_node-1] Count: 58  Min: 0.586879  Max: 0.823599  Mean: 0.687764
[cartographer_node-1] [0.586879, 0.610551)	                 ###	Count: 8 (13.7931%)	Total: 8 (13.7931%)
[cartographer_node-1] [0.610551, 0.634223)	                  ##	Count: 5 (8.62069%)	Total: 13 (22.4138%)
[cartographer_node-1] [0.634223, 0.657894)	                 ###	Count: 9 (15.5172%)	Total: 22 (37.931%)
[cartographer_node-1] [0.657894, 0.681567)	                 ###	Count: 8 (13.7931%)	Total: 30 (51.7241%)
[cartographer_node-1] [0.681567, 0.705239)	                  ##	Count: 6 (10.3448%)	Total: 36 (62.069%)
[cartographer_node-1] [0.705239, 0.728911)	                  ##	Count: 6 (10.3448%)	Total: 42 (72.4138%)
[cartographer_node-1] [0.728911, 0.752583)	                   #	Count: 3 (5.17241%)	Total: 45 (77.5862%)
[cartographer_node-1] [0.752583, 0.776255)	                   #	Count: 4 (6.89655%)	Total: 49 (84.4828%)
[cartographer_node-1] [0.776255, 0.799927)	                  ##	Count: 6 (10.3448%)	Total: 55 (94.8276%)
[cartographer_node-1] [0.799927, 0.823599]	                   #	Count: 3 (5.17241%)	Total: 58 (100%)
[cartographer_node-1] [INFO] [1778746570.040397802] [cartographer logger]: I0514 17:16:10.000000 36297 pose_graph_2d.cc:538] Remaining work items in queue: 1
[cartographer_node-1] [INFO] [1778746570.040468737] [cartographer logger]: I0514 17:16:10.000000 36297 constraint_builder_2d.cc:294] 0 computations resulted in 0 additional constraints.
[cartographer_node-1] [INFO] [1778746570.040818331] [cartographer logger]: I0514 17:16:10.000000 36297 constraint_builder_2d.cc:296] Score histogram:
[cartographer_node-1] Count: 58  Min: 0.586879  Max: 0.823599  Mean: 0.687764
[cartographer_node-1] [0.586879, 0.610551)	                 ###	Count: 8 (13.7931%)	Total: 8 (13.7931%)
[cartographer_node-1] [0.610551, 0.634223)	                  ##	Count: 5 (8.62069%)	Total: 13 (22.4138%)
[cartographer_node-1] [0.634223, 0.657894)	                 ###	Count: 9 (15.5172%)	Total: 22 (37.931%)
[cartographer_node-1] [0.657894, 0.681567)	                 ###	Count: 8 (13.7931%)	Total: 30 (51.7241%)
[cartographer_node-1] [0.681567, 0.705239)	                  ##	Count: 6 (10.3448%)	Total: 36 (62.069%)
[cartographer_node-1] [0.705239, 0.728911)	                  ##	Count: 6 (10.3448%)	Total: 42 (72.4138%)
[cartographer_node-1] [0.728911, 0.752583)	                   #	Count: 3 (5.17241%)	Total: 45 (77.5862%)
[cartographer_node-1] [0.752583, 0.776255)	                   #	Count: 4 (6.89655%)	Total: 49 (84.4828%)
[cartographer_node-1] [0.776255, 0.799927)	                  ##	Count: 6 (10.3448%)	Total: 55 (94.8276%)
[cartographer_node-1] [0.799927, 0.823599]	                   #	Count: 3 (5.17241%)	Total: 58 (100%)
[cartographer_node-1] [INFO] [1778746570.077992116] [cartographer logger]: I0514 17:16:10.000000 36298 pose_graph_2d.cc:538] Remaining work items in queue: 1
[cartographer_node-1] [INFO] [1778746570.078041665] [cartographer logger]: I0514 17:16:10.000000 36300 constraint_builder_2d.cc:294] 0 computations resulted in 0 additional constraints.
[cartographer_node-1] [INFO] [1778746570.078489425] [cartographer logger]: I0514 17:16:10.000000 36300 constraint_builder_2d.cc:296] Score histogram:
[cartographer_node-1] Count: 58  Min: 0.586879  Max: 0.823599  Mean: 0.687764
[cartographer_node-1] [0.586879, 0.610551)	                 ###	Count: 8 (13.7931%)	Total: 8 (13.7931%)
[cartographer_node-1] [0.610551, 0.634223)	                  ##	Count: 5 (8.62069%)	Total: 13 (22.4138%)
[cartographer_node-1] [0.634223, 0.657894)	                 ###	Count: 9 (15.5172%)	Total: 22 (37.931%)
[cartographer_node-1] [0.657894, 0.681567)	                 ###	Count: 8 (13.7931%)	Total: 30 (51.7241%)
[cartographer_node-1] [0.681567, 0.705239)	                  ##	Count: 6 (10.3448%)	Total: 36 (62.069%)
[cartographer_node-1] [0.705239, 0.728911)	                  ##	Count: 6 (10.3448%)	Total: 42 (72.4138%)
[cartographer_node-1] [0.728911, 0.752583)	                   #	Count: 3 (5.17241%)	Total: 45 (77.5862%)
[cartographer_node-1] [0.752583, 0.776255)	                   #	Count: 4 (6.89655%)	Total: 49 (84.4828%)
[cartographer_node-1] [0.776255, 0.799927)	                  ##	Count: 6 (10.3448%)	Total: 55 (94.8276%)
[cartographer_node-1] [0.799927, 0.823599]	                   #	Count: 3 (5.17241%)	Total: 58 (100%)
[cartographer_node-1] [INFO] [1778746570.192760581] [cartographer logger]: I0514 17:16:10.000000 36298 pose_graph_2d.cc:538] Remaining work items in queue: 0
[cartographer_node-1] [INFO] [1778746570.209819842] [cartographer logger]: I0514 17:16:10.000000 36297 constraint_builder_2d.cc:294] 1 computations resulted in 0 additional constraints.
[cartographer_node-1] [INFO] [1778746570.209890882] [cartographer logger]: I0514 17:16:10.000000 36297 constraint_builder_2d.cc:296] Score histogram:
[cartographer_node-1] Count: 58  Min: 0.586879  Max: 0.823599  Mean: 0.687764
[cartographer_node-1] [0.586879, 0.610551)	                 ###	Count: 8 (13.7931%)	Total: 8 (13.7931%)
[cartographer_node-1] [0.610551, 0.634223)	                  ##	Count: 5 (8.62069%)	Total: 13 (22.4138%)
[cartographer_node-1] [0.634223, 0.657894)	                 ###	Count: 9 (15.5172%)	Total: 22 (37.931%)
[cartographer_node-1] [0.657894, 0.681567)	                 ###	Count: 8 (13.7931%)	Total: 30 (51.7241%)
[cartographer_node-1] [0.681567, 0.705239)	                  ##	Count: 6 (10.3448%)	Total: 36 (62.069%)
[cartographer_node-1] [0.705239, 0.728911)	                  ##	Count: 6 (10.3448%)	Total: 42 (72.4138%)
[cartographer_node-1] [0.728911, 0.752583)	                   #	Count: 3 (5.17241%)	Total: 45 (77.5862%)
[cartographer_node-1] [0.752583, 0.776255)	                   #	Count: 4 (6.89655%)	Total: 49 (84.4828%)
[cartographer_node-1] [0.776255, 0.799927)	                  ##	Count: 6 (10.3448%)	Total: 55 (94.8276%)
[cartographer_node-1] [0.799927, 0.823599]	                   #	Count: 3 (5.17241%)	Total: 58 (100%)
[cartographer_node-1] [INFO] [1778746570.240922365] [cartographer logger]: I0514 17:16:10.000000 36297 pose_graph_2d.cc:538] Remaining work items in queue: 2
[cartographer_node-1] [INFO] [1778746570.240946075] [cartographer logger]: I0514 17:16:10.000000 36297 constraint_builder_2d.cc:294] 0 computations resulted in 0 additional constraints.
[cartographer_node-1] [INFO] [1778746570.241096896] [cartographer logger]: I0514 17:16:10.000000 36297 constraint_builder_2d.cc:296] Score histogram:
[cartographer_node-1] Count: 58  Min: 0.586879  Max: 0.823599  Mean: 0.687764
[cartographer_node-1] [0.586879, 0.610551)	                 ###	Count: 8 (13.7931%)	Total: 8 (13.7931%)
[cartographer_node-1] [0.610551, 0.634223)	                  ##	Count: 5 (8.62069%)	Total: 13 (22.4138%)
[cartographer_node-1] [0.634223, 0.657894)	                 ###	Count: 9 (15.5172%)	Total: 22 (37.931%)
[cartographer_node-1] [0.657894, 0.681567)	                 ###	Count: 8 (13.7931%)	Total: 30 (51.7241%)
[cartographer_node-1] [0.681567, 0.705239)	                  ##	Count: 6 (10.3448%)	Total: 36 (62.069%)
[cartographer_node-1] [0.705239, 0.728911)	                  ##	Count: 6 (10.3448%)	Total: 42 (72.4138%)
[cartographer_node-1] [0.728911, 0.752583)	                   #	Count: 3 (5.17241%)	Total: 45 (77.5862%)
[cartographer_node-1] [0.752583, 0.776255)	                   #	Count: 4 (6.89655%)	Total: 49 (84.4828%)
[cartographer_node-1] [0.776255, 0.799927)	                  ##	Count: 6 (10.3448%)	Total: 55 (94.8276%)
[cartographer_node-1] [0.799927, 0.823599]	                   #	Count: 3 (5.17241%)	Total: 58 (100%)
[cartographer_node-1] [INFO] [1778746570.341305624] [cartographer logger]: I0514 17:16:10.000000 36298 pose_graph_2d.cc:538] Remaining work items in queue: 1
[cartographer_node-1] [INFO] [1778746570.341330668] [cartographer logger]: I0514 17:16:10.000000 36298 constraint_builder_2d.cc:294] 0 computations resulted in 0 additional constraints.
[cartographer_node-1] [INFO] [1778746570.341458302] [cartographer logger]: I0514 17:16:10.000000 36298 constraint_builder_2d.cc:296] Score histogram:
[cartographer_node-1] Count: 58  Min: 0.586879  Max: 0.823599  Mean: 0.687764
[cartographer_node-1] [0.586879, 0.610551)	                 ###	Count: 8 (13.7931%)	Total: 8 (13.7931%)
[cartographer_node-1] [0.610551, 0.634223)	                  ##	Count: 5 (8.62069%)	Total: 13 (22.4138%)
[cartographer_node-1] [0.634223, 0.657894)	                 ###	Count: 9 (15.5172%)	Total: 22 (37.931%)
[cartographer_node-1] [0.657894, 0.681567)	                 ###	Count: 8 (13.7931%)	Total: 30 (51.7241%)
[cartographer_node-1] [0.681567, 0.705239)	                  ##	Count: 6 (10.3448%)	Total: 36 (62.069%)
[cartographer_node-1] [0.705239, 0.728911)	                  ##	Count: 6 (10.3448%)	Total: 42 (72.4138%)
[cartographer_node-1] [0.728911, 0.752583)	                   #	Count: 3 (5.17241%)	Total: 45 (77.5862%)
[cartographer_node-1] [0.752583, 0.776255)	                   #	Count: 4 (6.89655%)	Total: 49 (84.4828%)
[cartographer_node-1] [0.776255, 0.799927)	                  ##	Count: 6 (10.3448%)	Total: 55 (94.8276%)
[cartographer_node-1] [0.799927, 0.823599]	                   #	Count: 3 (5.17241%)	Total: 58 (100%)
[cartographer_node-1] [INFO] [1778746570.500447864] [cartographer logger]: I0514 17:16:10.000000 36299 pose_graph_2d.cc:538] Remaining work items in queue: 2
[cartographer_node-1] [INFO] [1778746570.500468764] [cartographer logger]: I0514 17:16:10.000000 36299 constraint_builder_2d.cc:294] 0 computations resulted in 0 additional constraints.
[cartographer_node-1] [INFO] [1778746570.500513960] [cartographer logger]: I0514 17:16:10.000000 36299 constraint_builder_2d.cc:296] Score histogram:
[cartographer_node-1] Count: 58  Min: 0.586879  Max: 0.823599  Mean: 0.687764
[cartographer_node-1] [0.586879, 0.610551)	                 ###	Count: 8 (13.7931%)	Total: 8 (13.7931%)
[cartographer_node-1] [0.610551, 0.634223)	                  ##	Count: 5 (8.62069%)	Total: 13 (22.4138%)
[cartographer_node-1] [0.634223, 0.657894)	                 ###	Count: 9 (15.5172%)	Total: 22 (37.931%)
[cartographer_node-1] [0.657894, 0.681567)	                 ###	Count: 8 (13.7931%)	Total: 30 (51.7241%)
[cartographer_node-1] [0.681567, 0.705239)	                  ##	Count: 6 (10.3448%)	Total: 36 (62.069%)
[cartographer_node-1] [0.705239, 0.728911)	                  ##	Count: 6 (10.3448%)	Total: 42 (72.4138%)
[cartographer_node-1] [0.728911, 0.752583)	                   #	Count: 3 (5.17241%)	Total: 45 (77.5862%)
[cartographer_node-1] [0.752583, 0.776255)	                   #	Count: 4 (6.89655%)	Total: 49 (84.4828%)
[cartographer_node-1] [0.776255, 0.799927)	                  ##	Count: 6 (10.3448%)	Total: 55 (94.8276%)
[cartographer_node-1] [0.799927, 0.823599]	                   #	Count: 3 (5.17241%)	Total: 58 (100%)
[cartographer_node-1] [INFO] [1778746570.614095693] [cartographer logger]: I0514 17:16:10.000000 36299 pose_graph_2d.cc:538] Remaining work items in queue: 0
[cartographer_node-1] [INFO] [1778746570.614118172] [cartographer logger]: I0514 17:16:10.000000 36299 constraint_builder_2d.cc:294] 0 computations resulted in 0 additional constraints.
[cartographer_node-1] [INFO] [1778746570.614444585] [cartographer logger]: I0514 17:16:10.000000 36299 constraint_builder_2d.cc:296] Score histogram:
[cartographer_node-1] Count: 58  Min: 0.586879  Max: 0.823599  Mean: 0.687764
[cartographer_node-1] [0.586879, 0.610551)	                 ###	Count: 8 (13.7931%)	Total: 8 (13.7931%)
[cartographer_node-1] [0.610551, 0.634223)	                  ##	Count: 5 (8.62069%)	Total: 13 (22.4138%)
[cartographer_node-1] [0.634223, 0.657894)	                 ###	Count: 9 (15.5172%)	Total: 22 (37.931%)
[cartographer_node-1] [0.657894, 0.681567)	                 ###	Count: 8 (13.7931%)	Total: 30 (51.7241%)
[cartographer_node-1] [0.681567, 0.705239)	                  ##	Count: 6 (10.3448%)	Total: 36 (62.069%)
[cartographer_node-1] [0.705239, 0.728911)	                  ##	Count: 6 (10.3448%)	Total: 42 (72.4138%)
[cartographer_node-1] [0.728911, 0.752583)	                   #	Count: 3 (5.17241%)	Total: 45 (77.5862%)
[cartographer_node-1] [0.752583, 0.776255)	                   #	Count: 4 (6.89655%)	Total: 49 (84.4828%)
[cartographer_node-1] [0.776255, 0.799927)	                  ##	Count: 6 (10.3448%)	Total: 55 (94.8276%)
[cartographer_node-1] [0.799927, 0.823599]	                   #	Count: 3 (5.17241%)	Total: 58 (100%)
[cartographer_node-1] [INFO] [1778746570.680056031] [cartographer logger]: I0514 17:16:10.000000 36298 pose_graph_2d.cc:538] Remaining work items in queue: 1
[cartographer_node-1] [INFO] [1778746570.689325326] [cartographer logger]: I0514 17:16:10.000000 36300 constraint_builder_2d.cc:294] 1 computations resulted in 0 additional constraints.
[cartographer_node-1] [INFO] [1778746570.689364455] [cartographer logger]: I0514 17:16:10.000000 36300 constraint_builder_2d.cc:296] Score histogram:
[cartographer_node-1] Count: 58  Min: 0.586879  Max: 0.823599  Mean: 0.687764
[cartographer_node-1] [0.586879, 0.610551)	                 ###	Count: 8 (13.7931%)	Total: 8 (13.7931%)
[cartographer_node-1] [0.610551, 0.634223)	                  ##	Count: 5 (8.62069%)	Total: 13 (22.4138%)
[cartographer_node-1] [0.634223, 0.657894)	                 ###	Count: 9 (15.5172%)	Total: 22 (37.931%)
[cartographer_node-1] [0.657894, 0.681567)	                 ###	Count: 8 (13.7931%)	Total: 30 (51.7241%)
[cartographer_node-1] [0.681567, 0.705239)	                  ##	Count: 6 (10.3448%)	Total: 36 (62.069%)
[cartographer_node-1] [0.705239, 0.728911)	                  ##	Count: 6 (10.3448%)	Total: 42 (72.4138%)
[cartographer_node-1] [0.728911, 0.752583)	                   #	Count: 3 (5.17241%)	Total: 45 (77.5862%)
[cartographer_node-1] [0.752583, 0.776255)	                   #	Count: 4 (6.89655%)	Total: 49 (84.4828%)
[cartographer_node-1] [0.776255, 0.799927)	                  ##	Count: 6 (10.3448%)	Total: 55 (94.8276%)
[cartographer_node-1] [0.799927, 0.823599]	                   #	Count: 3 (5.17241%)	Total: 58 (100%)
[cartographer_node-1] [INFO] [1778746570.763801507] [cartographer logger]: I0514 17:16:10.000000 36297 pose_graph_2d.cc:538] Remaining work items in queue: 0
[cartographer_node-1] [INFO] [1778746570.763822908] [cartographer logger]: I0514 17:16:10.000000 36297 constraint_builder_2d.cc:294] 0 computations resulted in 0 additional constraints.
[cartographer_node-1] [INFO] [1778746570.763878836] [cartographer logger]: I0514 17:16:10.000000 36297 constraint_builder_2d.cc:296] Score histogram:
[cartographer_node-1] Count: 58  Min: 0.586879  Max: 0.823599  Mean: 0.687764
[cartographer_node-1] [0.586879, 0.610551)	                 ###	Count: 8 (13.7931%)	Total: 8 (13.7931%)
[cartographer_node-1] [0.610551, 0.634223)	                  ##	Count: 5 (8.62069%)	Total: 13 (22.4138%)
[cartographer_node-1] [0.634223, 0.657894)	                 ###	Count: 9 (15.5172%)	Total: 22 (37.931%)
[cartographer_node-1] [0.657894, 0.681567)	                 ###	Count: 8 (13.7931%)	Total: 30 (51.7241%)
[cartographer_node-1] [0.681567, 0.705239)	                  ##	Count: 6 (10.3448%)	Total: 36 (62.069%)
[cartographer_node-1] [0.705239, 0.728911)	                  ##	Count: 6 (10.3448%)	Total: 42 (72.4138%)
[cartographer_node-1] [0.728911, 0.752583)	                   #	Count: 3 (5.17241%)	Total: 45 (77.5862%)
[cartographer_node-1] [0.752583, 0.776255)	                   #	Count: 4 (6.89655%)	Total: 49 (84.4828%)
[cartographer_node-1] [0.776255, 0.799927)	                  ##	Count: 6 (10.3448%)	Total: 55 (94.8276%)
[cartographer_node-1] [0.799927, 0.823599]	                   #	Count: 3 (5.17241%)	Total: 58 (100%)
[cartographer_node-1] [INFO] [1778746570.839567476] [cartographer logger]: I0514 17:16:10.000000 36297 pose_graph_2d.cc:538] Remaining work items in queue: 2
[cartographer_node-1] [INFO] [1778746570.839613972] [cartographer logger]: I0514 17:16:10.000000 36297 constraint_builder_2d.cc:294] 0 computations resulted in 0 additional constraints.
[cartographer_node-1] [INFO] [1778746570.839977232] [cartographer logger]: I0514 17:16:10.000000 36297 constraint_builder_2d.cc:296] Score histogram:
[cartographer_node-1] Count: 58  Min: 0.586879  Max: 0.823599  Mean: 0.687764
[cartographer_node-1] [0.586879, 0.610551)	                 ###	Count: 8 (13.7931%)	Total: 8 (13.7931%)
[cartographer_node-1] [0.610551, 0.634223)	                  ##	Count: 5 (8.62069%)	Total: 13 (22.4138%)
[cartographer_node-1] [0.634223, 0.657894)	                 ###	Count: 9 (15.5172%)	Total: 22 (37.931%)
[cartographer_node-1] [0.657894, 0.681567)	                 ###	Count: 8 (13.7931%)	Total: 30 (51.7241%)
[cartographer_node-1] [0.681567, 0.705239)	                  ##	Count: 6 (10.3448%)	Total: 36 (62.069%)
[cartographer_node-1] [0.705239, 0.728911)	                  ##	Count: 6 (10.3448%)	Total: 42 (72.4138%)
[cartographer_node-1] [0.728911, 0.752583)	                   #	Count: 3 (5.17241%)	Total: 45 (77.5862%)
[cartographer_node-1] [0.752583, 0.776255)	                   #	Count: 4 (6.89655%)	Total: 49 (84.4828%)
[cartographer_node-1] [0.776255, 0.799927)	                  ##	Count: 6 (10.3448%)	Total: 55 (94.8276%)
[cartographer_node-1] [0.799927, 0.823599]	                   #	Count: 3 (5.17241%)	Total: 58 (100%)
[cartographer_node-1] [INFO] [1778746570.914596064] [cartographer logger]: I0514 17:16:10.000000 36297 pose_graph_2d.cc:538] Remaining work items in queue: 1
[cartographer_node-1] [INFO] [1778746570.914657163] [cartographer logger]: I0514 17:16:10.000000 36297 constraint_builder_2d.cc:294] 0 computations resulted in 0 additional constraints.
[cartographer_node-1] [INFO] [1778746570.915090749] [cartographer logger]: I0514 17:16:10.000000 36297 constraint_builder_2d.cc:296] Score histogram:
[cartographer_node-1] Count: 58  Min: 0.586879  Max: 0.823599  Mean: 0.687764
[cartographer_node-1] [0.586879, 0.610551)	                 ###	Count: 8 (13.7931%)	Total: 8 (13.7931%)
[cartographer_node-1] [0.610551, 0.634223)	                  ##	Count: 5 (8.62069%)	Total: 13 (22.4138%)
[cartographer_node-1] [0.634223, 0.657894)	                 ###	Count: 9 (15.5172%)	Total: 22 (37.931%)
[cartographer_node-1] [0.657894, 0.681567)	                 ###	Count: 8 (13.7931%)	Total: 30 (51.7241%)
[cartographer_node-1] [0.681567, 0.705239)	                  ##	Count: 6 (10.3448%)	Total: 36 (62.069%)
[cartographer_node-1] [0.705239, 0.728911)	                  ##	Count: 6 (10.3448%)	Total: 42 (72.4138%)
[cartographer_node-1] [0.728911, 0.752583)	                   #	Count: 3 (5.17241%)	Total: 45 (77.5862%)
[cartographer_node-1] [0.752583, 0.776255)	                   #	Count: 4 (6.89655%)	Total: 49 (84.4828%)
[cartographer_node-1] [0.776255, 0.799927)	                  ##	Count: 6 (10.3448%)	Total: 55 (94.8276%)
[cartographer_node-1] [0.799927, 0.823599]	                   #	Count: 3 (5.17241%)	Total: 58 (100%)
[cartographer_node-1] [INFO] [1778746570.989455005] [cartographer logger]: I0514 17:16:10.000000 36299 pose_graph_2d.cc:538] Remaining work items in queue: 1
[cartographer_node-1] [INFO] [1778746570.989476880] [cartographer logger]: I0514 17:16:10.000000 36299 constraint_builder_2d.cc:294] 0 computations resulted in 0 additional constraints.
[cartographer_node-1] [INFO] [1778746570.989875288] [cartographer logger]: I0514 17:16:10.000000 36299 constraint_builder_2d.cc:296] Score histogram:
[cartographer_node-1] Count: 58  Min: 0.586879  Max: 0.823599  Mean: 0.687764
[cartographer_node-1] [0.586879, 0.610551)	                 ###	Count: 8 (13.7931%)	Total: 8 (13.7931%)
[cartographer_node-1] [0.610551, 0.634223)	                  ##	Count: 5 (8.62069%)	Total: 13 (22.4138%)
[cartographer_node-1] [0.634223, 0.657894)	                 ###	Count: 9 (15.5172%)	Total: 22 (37.931%)
[cartographer_node-1] [0.657894, 0.681567)	                 ###	Count: 8 (13.7931%)	Total: 30 (51.7241%)
[cartographer_node-1] [0.681567, 0.705239)	                  ##	Count: 6 (10.3448%)	Total: 36 (62.069%)
[cartographer_node-1] [0.705239, 0.728911)	                  ##	Count: 6 (10.3448%)	Total: 42 (72.4138%)
[cartographer_node-1] [0.728911, 0.752583)	                   #	Count: 3 (5.17241%)	Total: 45 (77.5862%)
[cartographer_node-1] [0.752583, 0.776255)	                   #	Count: 4 (6.89655%)	Total: 49 (84.4828%)
[cartographer_node-1] [0.776255, 0.799927)	                  ##	Count: 6 (10.3448%)	Total: 55 (94.8276%)
[cartographer_node-1] [0.799927, 0.823599]	                   #	Count: 3 (5.17241%)	Total: 58 (100%)
[cartographer_node-1] [INFO] [1778746571.048606885] [cartographer logger]: I0514 17:16:11.000000 36297 constraint_builder_2d.cc:279] Node (1, 885) with 164 points on submap (0, 10) matches with score 62.4%.
[cartographer_node-1] [INFO] [1778746571.073568890] [cartographer logger]: I0514 17:16:11.000000 36299 pose_graph_2d.cc:538] Remaining work items in queue: 1
[cartographer_node-1] [INFO] [1778746571.073592233] [cartographer logger]: I0514 17:16:11.000000 36299 constraint_builder_2d.cc:294] 1 computations resulted in 1 additional constraints.
[cartographer_node-1] [INFO] [1778746571.073705927] [cartographer logger]: I0514 17:16:11.000000 36299 constraint_builder_2d.cc:296] Score histogram:
[cartographer_node-1] Count: 59  Min: 0.586879  Max: 0.823599  Mean: 0.68668
[cartographer_node-1] [0.586879, 0.610551)	                 ###	Count: 8 (13.5593%)	Total: 8 (13.5593%)
[cartographer_node-1] [0.610551, 0.634223)	                  ##	Count: 6 (10.1695%)	Total: 14 (23.7288%)
[cartographer_node-1] [0.634223, 0.657894)	                 ###	Count: 9 (15.2542%)	Total: 23 (38.9831%)
[cartographer_node-1] [0.657894, 0.681567)	                 ###	Count: 8 (13.5593%)	Total: 31 (52.5424%)
[cartographer_node-1] [0.681567, 0.705239)	                  ##	Count: 6 (10.1695%)	Total: 37 (62.7119%)
[cartographer_node-1] [0.705239, 0.728911)	                  ##	Count: 6 (10.1695%)	Total: 43 (72.8814%)
[cartographer_node-1] [0.728911, 0.752583)	                   #	Count: 3 (5.08475%)	Total: 46 (77.9661%)
[cartographer_node-1] [0.752583, 0.776255)	                   #	Count: 4 (6.77966%)	Total: 50 (84.7458%)
[cartographer_node-1] [0.776255, 0.799927)	                  ##	Count: 6 (10.1695%)	Total: 56 (94.9153%)
[cartographer_node-1] [0.799927, 0.823599]	                   #	Count: 3 (5.08475%)	Total: 59 (100%)
[cartographer_node-1] [INFO] [1778746571.141299040] [cartographer logger]: I0514 17:16:11.000000 36297 pose_graph_2d.cc:538] Remaining work items in queue: 1
[cartographer_node-1] [INFO] [1778746571.141347917] [cartographer logger]: I0514 17:16:11.000000 36297 constraint_builder_2d.cc:294] 0 computations resulted in 0 additional constraints.
[cartographer_node-1] [INFO] [1778746571.141411421] [cartographer logger]: I0514 17:16:11.000000 36297 constraint_builder_2d.cc:296] Score histogram:
[cartographer_node-1] Count: 59  Min: 0.586879  Max: 0.823599  Mean: 0.68668
[cartographer_node-1] [0.586879, 0.610551)	                 ###	Count: 8 (13.5593%)	Total: 8 (13.5593%)
[cartographer_node-1] [0.610551, 0.634223)	                  ##	Count: 6 (10.1695%)	Total: 14 (23.7288%)
[cartographer_node-1] [0.634223, 0.657894)	                 ###	Count: 9 (15.2542%)	Total: 23 (38.9831%)
[cartographer_node-1] [0.657894, 0.681567)	                 ###	Count: 8 (13.5593%)	Total: 31 (52.5424%)
[cartographer_node-1] [0.681567, 0.705239)	                  ##	Count: 6 (10.1695%)	Total: 37 (62.7119%)
[cartographer_node-1] [0.705239, 0.728911)	                  ##	Count: 6 (10.1695%)	Total: 43 (72.8814%)
[cartographer_node-1] [0.728911, 0.752583)	                   #	Count: 3 (5.08475%)	Total: 46 (77.9661%)
[cartographer_node-1] [0.752583, 0.776255)	                   #	Count: 4 (6.77966%)	Total: 50 (84.7458%)
[cartographer_node-1] [0.776255, 0.799927)	                  ##	Count: 6 (10.1695%)	Total: 56 (94.9153%)
[cartographer_node-1] [0.799927, 0.823599]	                   #	Count: 3 (5.08475%)	Total: 59 (100%)
[cartographer_node-1] [INFO] [1778746571.243999127] [cartographer logger]: I0514 17:16:11.000000 36299 pose_graph_2d.cc:538] Remaining work items in queue: 1
[cartographer_node-1] [INFO] [1778746571.244021605] [cartographer logger]: I0514 17:16:11.000000 36299 constraint_builder_2d.cc:294] 0 computations resulted in 0 additional constraints.
[cartographer_node-1] [INFO] [1778746571.244152902] [cartographer logger]: I0514 17:16:11.000000 36299 constraint_builder_2d.cc:296] Score histogram:
[cartographer_node-1] Count: 59  Min: 0.586879  Max: 0.823599  Mean: 0.68668
[cartographer_node-1] [0.586879, 0.610551)	                 ###	Count: 8 (13.5593%)	Total: 8 (13.5593%)
[cartographer_node-1] [0.610551, 0.634223)	                  ##	Count: 6 (10.1695%)	Total: 14 (23.7288%)
[cartographer_node-1] [0.634223, 0.657894)	                 ###	Count: 9 (15.2542%)	Total: 23 (38.9831%)
[cartographer_node-1] [0.657894, 0.681567)	                 ###	Count: 8 (13.5593%)	Total: 31 (52.5424%)
[cartographer_node-1] [0.681567, 0.705239)	                  ##	Count: 6 (10.1695%)	Total: 37 (62.7119%)
[cartographer_node-1] [0.705239, 0.728911)	                  ##	Count: 6 (10.1695%)	Total: 43 (72.8814%)
[cartographer_node-1] [0.728911, 0.752583)	                   #	Count: 3 (5.08475%)	Total: 46 (77.9661%)
[cartographer_node-1] [0.752583, 0.776255)	                   #	Count: 4 (6.77966%)	Total: 50 (84.7458%)
[cartographer_node-1] [0.776255, 0.799927)	                  ##	Count: 6 (10.1695%)	Total: 56 (94.9153%)
[cartographer_node-1] [0.799927, 0.823599]	                   #	Count: 3 (5.08475%)	Total: 59 (100%)
[cartographer_node-1] [INFO] [1778746571.292225100] [cartographer logger]: I0514 17:16:11.000000 36299 pose_graph_2d.cc:538] Remaining work items in queue: 1
[cartographer_node-1] [INFO] [1778746571.292247524] [cartographer logger]: I0514 17:16:11.000000 36299 constraint_builder_2d.cc:294] 0 computations resulted in 0 additional constraints.
[cartographer_node-1] [INFO] [1778746571.292377011] [cartographer logger]: I0514 17:16:11.000000 36299 constraint_builder_2d.cc:296] Score histogram:
[cartographer_node-1] Count: 59  Min: 0.586879  Max: 0.823599  Mean: 0.68668
[cartographer_node-1] [0.586879, 0.610551)	                 ###	Count: 8 (13.5593%)	Total: 8 (13.5593%)
[cartographer_node-1] [0.610551, 0.634223)	                  ##	Count: 6 (10.1695%)	Total: 14 (23.7288%)
[cartographer_node-1] [0.634223, 0.657894)	                 ###	Count: 9 (15.2542%)	Total: 23 (38.9831%)
[cartographer_node-1] [0.657894, 0.681567)	                 ###	Count: 8 (13.5593%)	Total: 31 (52.5424%)
[cartographer_node-1] [0.681567, 0.705239)	                  ##	Count: 6 (10.1695%)	Total: 37 (62.7119%)
[cartographer_node-1] [0.705239, 0.728911)	                  ##	Count: 6 (10.1695%)	Total: 43 (72.8814%)
[cartographer_node-1] [0.728911, 0.752583)	                   #	Count: 3 (5.08475%)	Total: 46 (77.9661%)
[cartographer_node-1] [0.752583, 0.776255)	                   #	Count: 4 (6.77966%)	Total: 50 (84.7458%)
[cartographer_node-1] [0.776255, 0.799927)	                  ##	Count: 6 (10.1695%)	Total: 56 (94.9153%)
[cartographer_node-1] [0.799927, 0.823599]	                   #	Count: 3 (5.08475%)	Total: 59 (100%)
[cartographer_node-1] [INFO] [1778746571.440846242] [cartographer logger]: I0514 17:16:11.000000 36300 pose_graph_2d.cc:538] Remaining work items in queue: 1
[cartographer_node-1] [INFO] [1778746571.457910055] [cartographer logger]: I0514 17:16:11.000000 36258 pose_graph_2d.cc:148] Inserted submap (1, 10).
[cartographer_node-1] [INFO] [1778746571.500799794] [cartographer logger]: I0514 17:16:11.000000 36299 constraint_builder_2d.cc:279] Node (0, 1144) with 196 points on submap (1, 8) matches with score 70.1%.
[cartographer_node-1] [INFO] [1778746571.509612250] [cartographer logger]: I0514 17:16:11.000000 36297 constraint_builder_2d.cc:279] Node (0, 544) with 203 points on submap (1, 8) matches with score 64.8%.
[cartographer_node-1] [INFO] [1778746571.574442220] [cartographer logger]: I0514 17:16:11.000000 36298 constraint_builder_2d.cc:279] Node (0, 1344) with 200 points on submap (1, 8) matches with score 59.6%.
[cartographer_node-1] [INFO] [1778746571.602063227] [cartographer logger]: I0514 17:16:11.000000 36297 constraint_builder_2d.cc:294] 8 computations resulted in 3 additional constraints.
[cartographer_node-1] [INFO] [1778746571.602156700] [cartographer logger]: I0514 17:16:11.000000 36297 constraint_builder_2d.cc:296] Score histogram:
[cartographer_node-1] Count: 62  Min: 0.586879  Max: 0.823599  Mean: 0.68483
[cartographer_node-1] [0.586879, 0.610551)	                 ###	Count: 9 (14.5161%)	Total: 9 (14.5161%)
[cartographer_node-1] [0.610551, 0.634223)	                  ##	Count: 6 (9.67742%)	Total: 15 (24.1935%)
[cartographer_node-1] [0.634223, 0.657894)	                 ###	Count: 10 (16.129%)	Total: 25 (40.3226%)
[cartographer_node-1] [0.657894, 0.681567)	                 ###	Count: 8 (12.9032%)	Total: 33 (53.2258%)
[cartographer_node-1] [0.681567, 0.705239)	                  ##	Count: 7 (11.2903%)	Total: 40 (64.5161%)
[cartographer_node-1] [0.705239, 0.728911)	                  ##	Count: 6 (9.67742%)	Total: 46 (74.1936%)
[cartographer_node-1] [0.728911, 0.752583)	                   #	Count: 3 (4.83871%)	Total: 49 (79.0323%)
[cartographer_node-1] [0.752583, 0.776255)	                   #	Count: 4 (6.45161%)	Total: 53 (85.4839%)
[cartographer_node-1] [0.776255, 0.799927)	                  ##	Count: 6 (9.67742%)	Total: 59 (95.1613%)
[cartographer_node-1] [0.799927, 0.823599]	                   #	Count: 3 (4.83871%)	Total: 62 (100%)
[cartographer_node-1] [INFO] [1778746571.646526155] [cartographer logger]: I0514 17:16:11.000000 36297 pose_graph_2d.cc:538] Remaining work items in queue: 14
[cartographer_node-1] [INFO] [1778746571.667904602] [cartographer logger]: I0514 17:16:11.000000 36299 constraint_builder_2d.cc:294] 1 computations resulted in 0 additional constraints.
[cartographer_node-1] [INFO] [1778746571.667947531] [cartographer logger]: I0514 17:16:11.000000 36299 constraint_builder_2d.cc:296] Score histogram:
[cartographer_node-1] Count: 62  Min: 0.586879  Max: 0.823599  Mean: 0.68483
[cartographer_node-1] [0.586879, 0.610551)	                 ###	Count: 9 (14.5161%)	Total: 9 (14.5161%)
[cartographer_node-1] [0.610551, 0.634223)	                  ##	Count: 6 (9.67742%)	Total: 15 (24.1935%)
[cartographer_node-1] [0.634223, 0.657894)	                 ###	Count: 10 (16.129%)	Total: 25 (40.3226%)
[cartographer_node-1] [0.657894, 0.681567)	                 ###	Count: 8 (12.9032%)	Total: 33 (53.2258%)
[cartographer_node-1] [0.681567, 0.705239)	                  ##	Count: 7 (11.2903%)	Total: 40 (64.5161%)
[cartographer_node-1] [0.705239, 0.728911)	                  ##	Count: 6 (9.67742%)	Total: 46 (74.1936%)
[cartographer_node-1] [0.728911, 0.752583)	                   #	Count: 3 (4.83871%)	Total: 49 (79.0323%)
[cartographer_node-1] [0.752583, 0.776255)	                   #	Count: 4 (6.45161%)	Total: 53 (85.4839%)
[cartographer_node-1] [0.776255, 0.799927)	                  ##	Count: 6 (9.67742%)	Total: 59 (95.1613%)
[cartographer_node-1] [0.799927, 0.823599]	                   #	Count: 3 (4.83871%)	Total: 62 (100%)
[cartographer_node-1] [INFO] [1778746571.684219434] [cartographer logger]: I0514 17:16:11.000000 36299 pose_graph_2d.cc:538] Remaining work items in queue: 9
[cartographer_node-1] [INFO] [1778746571.684250189] [cartographer logger]: I0514 17:16:11.000000 36299 constraint_builder_2d.cc:294] 0 computations resulted in 0 additional constraints.
[cartographer_node-1] [INFO] [1778746571.684350658] [cartographer logger]: I0514 17:16:11.000000 36299 constraint_builder_2d.cc:296] Score histogram:
[cartographer_node-1] Count: 62  Min: 0.586879  Max: 0.823599  Mean: 0.68483
[cartographer_node-1] [0.586879, 0.610551)	                 ###	Count: 9 (14.5161%)	Total: 9 (14.5161%)
[cartographer_node-1] [0.610551, 0.634223)	                  ##	Count: 6 (9.67742%)	Total: 15 (24.1935%)
[cartographer_node-1] [0.634223, 0.657894)	                 ###	Count: 10 (16.129%)	Total: 25 (40.3226%)
[cartographer_node-1] [0.657894, 0.681567)	                 ###	Count: 8 (12.9032%)	Total: 33 (53.2258%)
[cartographer_node-1] [0.681567, 0.705239)	                  ##	Count: 7 (11.2903%)	Total: 40 (64.5161%)
[cartographer_node-1] [0.705239, 0.728911)	                  ##	Count: 6 (9.67742%)	Total: 46 (74.1936%)
[cartographer_node-1] [0.728911, 0.752583)	                   #	Count: 3 (4.83871%)	Total: 49 (79.0323%)
[cartographer_node-1] [0.752583, 0.776255)	                   #	Count: 4 (6.45161%)	Total: 53 (85.4839%)
[cartographer_node-1] [0.776255, 0.799927)	                  ##	Count: 6 (9.67742%)	Total: 59 (95.1613%)
[cartographer_node-1] [0.799927, 0.823599]	                   #	Count: 3 (4.83871%)	Total: 62 (100%)
[cartographer_node-1] [INFO] [1778746571.713465133] [cartographer logger]: I0514 17:16:11.000000 36299 pose_graph_2d.cc:538] Remaining work items in queue: 5
[cartographer_node-1] [INFO] [1778746571.713486907] [cartographer logger]: I0514 17:16:11.000000 36299 constraint_builder_2d.cc:294] 0 computations resulted in 0 additional constraints.
[cartographer_node-1] [INFO] [1778746571.713518852] [cartographer logger]: I0514 17:16:11.000000 36299 constraint_builder_2d.cc:296] Score histogram:
[cartographer_node-1] Count: 62  Min: 0.586879  Max: 0.823599  Mean: 0.68483
[cartographer_node-1] [0.586879, 0.610551)	                 ###	Count: 9 (14.5161%)	Total: 9 (14.5161%)
[cartographer_node-1] [0.610551, 0.634223)	                  ##	Count: 6 (9.67742%)	Total: 15 (24.1935%)
[cartographer_node-1] [0.634223, 0.657894)	                 ###	Count: 10 (16.129%)	Total: 25 (40.3226%)
[cartographer_node-1] [0.657894, 0.681567)	                 ###	Count: 8 (12.9032%)	Total: 33 (53.2258%)
[cartographer_node-1] [0.681567, 0.705239)	                  ##	Count: 7 (11.2903%)	Total: 40 (64.5161%)
[cartographer_node-1] [0.705239, 0.728911)	                  ##	Count: 6 (9.67742%)	Total: 46 (74.1936%)
[cartographer_node-1] [0.728911, 0.752583)	                   #	Count: 3 (4.83871%)	Total: 49 (79.0323%)
[cartographer_node-1] [0.752583, 0.776255)	                   #	Count: 4 (6.45161%)	Total: 53 (85.4839%)
[cartographer_node-1] [0.776255, 0.799927)	                  ##	Count: 6 (9.67742%)	Total: 59 (95.1613%)
[cartographer_node-1] [0.799927, 0.823599]	                   #	Count: 3 (4.83871%)	Total: 62 (100%)
[cartographer_node-1] [INFO] [1778746571.744825474] [cartographer logger]: I0514 17:16:11.000000 36299 pose_graph_2d.cc:538] Remaining work items in queue: 0
[cartographer_node-1] [INFO] [1778746571.744846825] [cartographer logger]: I0514 17:16:11.000000 36299 constraint_builder_2d.cc:294] 0 computations resulted in 0 additional constraints.
[cartographer_node-1] [INFO] [1778746571.745282896] [cartographer logger]: I0514 17:16:11.000000 36299 constraint_builder_2d.cc:296] Score histogram:
[cartographer_node-1] Count: 62  Min: 0.586879  Max: 0.823599  Mean: 0.68483
[cartographer_node-1] [0.586879, 0.610551)	                 ###	Count: 9 (14.5161%)	Total: 9 (14.5161%)
[cartographer_node-1] [0.610551, 0.634223)	                  ##	Count: 6 (9.67742%)	Total: 15 (24.1935%)
[cartographer_node-1] [0.634223, 0.657894)	                 ###	Count: 10 (16.129%)	Total: 25 (40.3226%)
[cartographer_node-1] [0.657894, 0.681567)	                 ###	Count: 8 (12.9032%)	Total: 33 (53.2258%)
[cartographer_node-1] [0.681567, 0.705239)	                  ##	Count: 7 (11.2903%)	Total: 40 (64.5161%)
[cartographer_node-1] [0.705239, 0.728911)	                  ##	Count: 6 (9.67742%)	Total: 46 (74.1936%)
[cartographer_node-1] [0.728911, 0.752583)	                   #	Count: 3 (4.83871%)	Total: 49 (79.0323%)
[cartographer_node-1] [0.752583, 0.776255)	                   #	Count: 4 (6.45161%)	Total: 53 (85.4839%)
[cartographer_node-1] [0.776255, 0.799927)	                  ##	Count: 6 (9.67742%)	Total: 59 (95.1613%)
[cartographer_node-1] [0.799927, 0.823599]	                   #	Count: 3 (4.83871%)	Total: 62 (100%)
[cartographer_node-1] [INFO] [1778746571.801573496] [cartographer logger]: I0514 17:16:11.000000 36299 pose_graph_2d.cc:538] Remaining work items in queue: 2
[cartographer_node-1] [INFO] [1778746571.831941223] [cartographer logger]: I0514 17:16:11.000000 36297 constraint_builder_2d.cc:279] Node (1, 914) with 213 points on submap (0, 4) matches with score 71.9%.
[cartographer_node-1] [INFO] [1778746571.831967973] [cartographer logger]: I0514 17:16:11.000000 36297 constraint_builder_2d.cc:294] 1 computations resulted in 1 additional constraints.
[cartographer_node-1] [INFO] [1778746571.832005535] [cartographer logger]: I0514 17:16:11.000000 36297 constraint_builder_2d.cc:296] Score histogram:
[cartographer_node-1] Count: 63  Min: 0.586879  Max: 0.823599  Mean: 0.685377
[cartographer_node-1] [0.586879, 0.610551)	                 ###	Count: 9 (14.2857%)	Total: 9 (14.2857%)
[cartographer_node-1] [0.610551, 0.634223)	                  ##	Count: 6 (9.52381%)	Total: 15 (23.8095%)
[cartographer_node-1] [0.634223, 0.657894)	                 ###	Count: 10 (15.873%)	Total: 25 (39.6825%)
[cartographer_node-1] [0.657894, 0.681567)	                 ###	Count: 8 (12.6984%)	Total: 33 (52.381%)
[cartographer_node-1] [0.681567, 0.705239)	                  ##	Count: 7 (11.1111%)	Total: 40 (63.4921%)
[cartographer_node-1] [0.705239, 0.728911)	                  ##	Count: 7 (11.1111%)	Total: 47 (74.6032%)
[cartographer_node-1] [0.728911, 0.752583)	                   #	Count: 3 (4.7619%)	Total: 50 (79.3651%)
[cartographer_node-1] [0.752583, 0.776255)	                   #	Count: 4 (6.34921%)	Total: 54 (85.7143%)
[cartographer_node-1] [0.776255, 0.799927)	                  ##	Count: 6 (9.52381%)	Total: 60 (95.2381%)
[cartographer_node-1] [0.799927, 0.823599]	                   #	Count: 3 (4.7619%)	Total: 63 (100%)
[cartographer_node-1] [INFO] [1778746571.888253642] [cartographer logger]: I0514 17:16:11.000000 36300 pose_graph_2d.cc:538] Remaining work items in queue: 1
[cartographer_node-1] [INFO] [1778746571.888293401] [cartographer logger]: I0514 17:16:11.000000 36300 constraint_builder_2d.cc:294] 0 computations resulted in 0 additional constraints.
[cartographer_node-1] [INFO] [1778746571.888325187] [cartographer logger]: I0514 17:16:11.000000 36300 constraint_builder_2d.cc:296] Score histogram:
[cartographer_node-1] Count: 63  Min: 0.586879  Max: 0.823599  Mean: 0.685377
[cartographer_node-1] [0.586879, 0.610551)	                 ###	Count: 9 (14.2857%)	Total: 9 (14.2857%)
[cartographer_node-1] [0.610551, 0.634223)	                  ##	Count: 6 (9.52381%)	Total: 15 (23.8095%)
[cartographer_node-1] [0.634223, 0.657894)	                 ###	Count: 10 (15.873%)	Total: 25 (39.6825%)
[cartographer_node-1] [0.657894, 0.681567)	                 ###	Count: 8 (12.6984%)	Total: 33 (52.381%)
[cartographer_node-1] [0.681567, 0.705239)	                  ##	Count: 7 (11.1111%)	Total: 40 (63.4921%)
[cartographer_node-1] [0.705239, 0.728911)	                  ##	Count: 7 (11.1111%)	Total: 47 (74.6032%)
[cartographer_node-1] [0.728911, 0.752583)	                   #	Count: 3 (4.7619%)	Total: 50 (79.3651%)
[cartographer_node-1] [0.752583, 0.776255)	                   #	Count: 4 (6.34921%)	Total: 54 (85.7143%)
[cartographer_node-1] [0.776255, 0.799927)	                  ##	Count: 6 (9.52381%)	Total: 60 (95.2381%)
[cartographer_node-1] [0.799927, 0.823599]	                   #	Count: 3 (4.7619%)	Total: 63 (100%)
[cartographer_node-1] [INFO] [1778746571.991558822] [cartographer logger]: I0514 17:16:11.000000 36298 pose_graph_2d.cc:538] Remaining work items in queue: 0
[cartographer_node-1] [INFO] [1778746571.991604971] [cartographer logger]: I0514 17:16:11.000000 36298 constraint_builder_2d.cc:294] 0 computations resulted in 0 additional constraints.
[cartographer_node-1] [INFO] [1778746571.991652640] [cartographer logger]: I0514 17:16:11.000000 36298 constraint_builder_2d.cc:296] Score histogram:
[cartographer_node-1] Count: 63  Min: 0.586879  Max: 0.823599  Mean: 0.685377
[cartographer_node-1] [0.586879, 0.610551)	                 ###	Count: 9 (14.2857%)	Total: 9 (14.2857%)
[cartographer_node-1] [0.610551, 0.634223)	                  ##	Count: 6 (9.52381%)	Total: 15 (23.8095%)
[cartographer_node-1] [0.634223, 0.657894)	                 ###	Count: 10 (15.873%)	Total: 25 (39.6825%)
[cartographer_node-1] [0.657894, 0.681567)	                 ###	Count: 8 (12.6984%)	Total: 33 (52.381%)
[cartographer_node-1] [0.681567, 0.705239)	                  ##	Count: 7 (11.1111%)	Total: 40 (63.4921%)
[cartographer_node-1] [0.705239, 0.728911)	                  ##	Count: 7 (11.1111%)	Total: 47 (74.6032%)
[cartographer_node-1] [0.728911, 0.752583)	                   #	Count: 3 (4.7619%)	Total: 50 (79.3651%)
[cartographer_node-1] [0.752583, 0.776255)	                   #	Count: 4 (6.34921%)	Total: 54 (85.7143%)
[cartographer_node-1] [0.776255, 0.799927)	                  ##	Count: 6 (9.52381%)	Total: 60 (95.2381%)
[cartographer_node-1] [0.799927, 0.823599]	                   #	Count: 3 (4.7619%)	Total: 63 (100%)
[cartographer_node-1] [INFO] [1778746572.058174940] [cartographer logger]: I0514 17:16:12.000000 36300 pose_graph_2d.cc:538] Remaining work items in queue: 1
[cartographer_node-1] [INFO] [1778746572.058252776] [cartographer logger]: I0514 17:16:12.000000 36300 constraint_builder_2d.cc:294] 0 computations resulted in 0 additional constraints.
[cartographer_node-1] [INFO] [1778746572.058301353] [cartographer logger]: I0514 17:16:12.000000 36300 constraint_builder_2d.cc:296] Score histogram:
[cartographer_node-1] Count: 63  Min: 0.586879  Max: 0.823599  Mean: 0.685377
[cartographer_node-1] [0.586879, 0.610551)	                 ###	Count: 9 (14.2857%)	Total: 9 (14.2857%)
[cartographer_node-1] [0.610551, 0.634223)	                  ##	Count: 6 (9.52381%)	Total: 15 (23.8095%)
[cartographer_node-1] [0.634223, 0.657894)	                 ###	Count: 10 (15.873%)	Total: 25 (39.6825%)
[cartographer_node-1] [0.657894, 0.681567)	                 ###	Count: 8 (12.6984%)	Total: 33 (52.381%)
[cartographer_node-1] [0.681567, 0.705239)	                  ##	Count: 7 (11.1111%)	Total: 40 (63.4921%)
[cartographer_node-1] [0.705239, 0.728911)	                  ##	Count: 7 (11.1111%)	Total: 47 (74.6032%)
[cartographer_node-1] [0.728911, 0.752583)	                   #	Count: 3 (4.7619%)	Total: 50 (79.3651%)
[cartographer_node-1] [0.752583, 0.776255)	                   #	Count: 4 (6.34921%)	Total: 54 (85.7143%)
[cartographer_node-1] [0.776255, 0.799927)	                  ##	Count: 6 (9.52381%)	Total: 60 (95.2381%)
[cartographer_node-1] [0.799927, 0.823599]	                   #	Count: 3 (4.7619%)	Total: 63 (100%)
[cartographer_node-1] [INFO] [1778746572.124826208] [cartographer logger]: I0514 17:16:12.000000 36298 pose_graph_2d.cc:538] Remaining work items in queue: 1
[cartographer_node-1] [INFO] [1778746572.124877819] [cartographer logger]: I0514 17:16:12.000000 36298 constraint_builder_2d.cc:294] 0 computations resulted in 0 additional constraints.
[cartographer_node-1] [INFO] [1778746572.125198740] [cartographer logger]: I0514 17:16:12.000000 36298 constraint_builder_2d.cc:296] Score histogram:
[cartographer_node-1] Count: 63  Min: 0.586879  Max: 0.823599  Mean: 0.685377
[cartographer_node-1] [0.586879, 0.610551)	                 ###	Count: 9 (14.2857%)	Total: 9 (14.2857%)
[cartographer_node-1] [0.610551, 0.634223)	                  ##	Count: 6 (9.52381%)	Total: 15 (23.8095%)
[cartographer_node-1] [0.634223, 0.657894)	                 ###	Count: 10 (15.873%)	Total: 25 (39.6825%)
[cartographer_node-1] [0.657894, 0.681567)	                 ###	Count: 8 (12.6984%)	Total: 33 (52.381%)
[cartographer_node-1] [0.681567, 0.705239)	                  ##	Count: 7 (11.1111%)	Total: 40 (63.4921%)
[cartographer_node-1] [0.705239, 0.728911)	                  ##	Count: 7 (11.1111%)	Total: 47 (74.6032%)
[cartographer_node-1] [0.728911, 0.752583)	                   #	Count: 3 (4.7619%)	Total: 50 (79.3651%)
[cartographer_node-1] [0.752583, 0.776255)	                   #	Count: 4 (6.34921%)	Total: 54 (85.7143%)
[cartographer_node-1] [0.776255, 0.799927)	                  ##	Count: 6 (9.52381%)	Total: 60 (95.2381%)
[cartographer_node-1] [0.799927, 0.823599]	                   #	Count: 3 (4.7619%)	Total: 63 (100%)
[cartographer_node-1] [INFO] [1778746572.196267665] [cartographer logger]: I0514 17:16:12.000000 36300 constraint_builder_2d.cc:279] Node (1, 928) with 205 points on submap (0, 8) matches with score 70.0%.
[cartographer_node-1] [INFO] [1778746572.208653547] [cartographer logger]: I0514 17:16:12.000000 36299 pose_graph_2d.cc:538] Remaining work items in queue: 2
[cartographer_node-1] [INFO] [1778746572.208720884] [cartographer logger]: I0514 17:16:12.000000 36299 constraint_builder_2d.cc:294] 1 computations resulted in 1 additional constraints.
[cartographer_node-1] [INFO] [1778746572.208739062] [cartographer logger]: I0514 17:16:12.000000 36299 constraint_builder_2d.cc:296] Score histogram:
[cartographer_node-1] Count: 64  Min: 0.586879  Max: 0.823599  Mean: 0.685603
[cartographer_node-1] [0.586879, 0.610551)	                 ###	Count: 9 (14.0625%)	Total: 9 (14.0625%)
[cartographer_node-1] [0.610551, 0.634223)	                  ##	Count: 6 (9.375%)	Total: 15 (23.4375%)
[cartographer_node-1] [0.634223, 0.657894)	                 ###	Count: 10 (15.625%)	Total: 25 (39.0625%)
[cartographer_node-1] [0.657894, 0.681567)	                 ###	Count: 8 (12.5%)	Total: 33 (51.5625%)
[cartographer_node-1] [0.681567, 0.705239)	                 ###	Count: 8 (12.5%)	Total: 41 (64.0625%)
[cartographer_node-1] [0.705239, 0.728911)	                  ##	Count: 7 (10.9375%)	Total: 48 (75%)
[cartographer_node-1] [0.728911, 0.752583)	                   #	Count: 3 (4.6875%)	Total: 51 (79.6875%)
[cartographer_node-1] [0.752583, 0.776255)	                   #	Count: 4 (6.25%)	Total: 55 (85.9375%)
[cartographer_node-1] [0.776255, 0.799927)	                  ##	Count: 6 (9.375%)	Total: 61 (95.3125%)
[cartographer_node-1] [0.799927, 0.823599]	                   #	Count: 3 (4.6875%)	Total: 64 (100%)
[cartographer_node-1] [INFO] [1778746572.272337955] [cartographer logger]: I0514 17:16:12.000000 36300 pose_graph_2d.cc:538] Remaining work items in queue: 1
[cartographer_node-1] [INFO] [1778746572.272381950] [cartographer logger]: I0514 17:16:12.000000 36300 constraint_builder_2d.cc:294] 0 computations resulted in 0 additional constraints.
[cartographer_node-1] [INFO] [1778746572.272434654] [cartographer logger]: I0514 17:16:12.000000 36300 constraint_builder_2d.cc:296] Score histogram:
[cartographer_node-1] Count: 64  Min: 0.586879  Max: 0.823599  Mean: 0.685603
[cartographer_node-1] [0.586879, 0.610551)	                 ###	Count: 9 (14.0625%)	Total: 9 (14.0625%)
[cartographer_node-1] [0.610551, 0.634223)	                  ##	Count: 6 (9.375%)	Total: 15 (23.4375%)
[cartographer_node-1] [0.634223, 0.657894)	                 ###	Count: 10 (15.625%)	Total: 25 (39.0625%)
[cartographer_node-1] [0.657894, 0.681567)	                 ###	Count: 8 (12.5%)	Total: 33 (51.5625%)
[cartographer_node-1] [0.681567, 0.705239)	                 ###	Count: 8 (12.5%)	Total: 41 (64.0625%)
[cartographer_node-1] [0.705239, 0.728911)	                  ##	Count: 7 (10.9375%)	Total: 48 (75%)
[cartographer_node-1] [0.728911, 0.752583)	                   #	Count: 3 (4.6875%)	Total: 51 (79.6875%)
[cartographer_node-1] [0.752583, 0.776255)	                   #	Count: 4 (6.25%)	Total: 55 (85.9375%)
[cartographer_node-1] [0.776255, 0.799927)	                  ##	Count: 6 (9.375%)	Total: 61 (95.3125%)
[cartographer_node-1] [0.799927, 0.823599]	                   #	Count: 3 (4.6875%)	Total: 64 (100%)
[cartographer_node-1] [INFO] [1778746572.339903004] [cartographer logger]: I0514 17:16:12.000000 36297 pose_graph_2d.cc:538] Remaining work items in queue: 1
[cartographer_node-1] [INFO] [1778746572.339986833] [cartographer logger]: I0514 17:16:12.000000 36298 constraint_builder_2d.cc:294] 0 computations resulted in 0 additional constraints.
[cartographer_node-1] [INFO] [1778746572.340129870] [cartographer logger]: I0514 17:16:12.000000 36298 constraint_builder_2d.cc:296] Score histogram:
[cartographer_node-1] Count: 64  Min: 0.586879  Max: 0.823599  Mean: 0.685603
[cartographer_node-1] [0.586879, 0.610551)	                 ###	Count: 9 (14.0625%)	Total: 9 (14.0625%)
[cartographer_node-1] [0.610551, 0.634223)	                  ##	Count: 6 (9.375%)	Total: 15 (23.4375%)
[cartographer_node-1] [0.634223, 0.657894)	                 ###	Count: 10 (15.625%)	Total: 25 (39.0625%)
[cartographer_node-1] [0.657894, 0.681567)	                 ###	Count: 8 (12.5%)	Total: 33 (51.5625%)
[cartographer_node-1] [0.681567, 0.705239)	                 ###	Count: 8 (12.5%)	Total: 41 (64.0625%)
[cartographer_node-1] [0.705239, 0.728911)	                  ##	Count: 7 (10.9375%)	Total: 48 (75%)
[cartographer_node-1] [0.728911, 0.752583)	                   #	Count: 3 (4.6875%)	Total: 51 (79.6875%)
[cartographer_node-1] [0.752583, 0.776255)	                   #	Count: 4 (6.25%)	Total: 55 (85.9375%)
[cartographer_node-1] [0.776255, 0.799927)	                  ##	Count: 6 (9.375%)	Total: 61 (95.3125%)
[cartographer_node-1] [0.799927, 0.823599]	                   #	Count: 3 (4.6875%)	Total: 64 (100%)
[cartographer_node-1] [INFO] [1778746572.443451437] [cartographer logger]: I0514 17:16:12.000000 36298 pose_graph_2d.cc:538] Remaining work items in queue: 1
[cartographer_node-1] [INFO] [1778746572.443475600] [cartographer logger]: I0514 17:16:12.000000 36298 constraint_builder_2d.cc:294] 0 computations resulted in 0 additional constraints.
[cartographer_node-1] [INFO] [1778746572.443570625] [cartographer logger]: I0514 17:16:12.000000 36298 constraint_builder_2d.cc:296] Score histogram:
[cartographer_node-1] Count: 64  Min: 0.586879  Max: 0.823599  Mean: 0.685603
[cartographer_node-1] [0.586879, 0.610551)	                 ###	Count: 9 (14.0625%)	Total: 9 (14.0625%)
[cartographer_node-1] [0.610551, 0.634223)	                  ##	Count: 6 (9.375%)	Total: 15 (23.4375%)
[cartographer_node-1] [0.634223, 0.657894)	                 ###	Count: 10 (15.625%)	Total: 25 (39.0625%)
[cartographer_node-1] [0.657894, 0.681567)	                 ###	Count: 8 (12.5%)	Total: 33 (51.5625%)
[cartographer_node-1] [0.681567, 0.705239)	                 ###	Count: 8 (12.5%)	Total: 41 (64.0625%)
[cartographer_node-1] [0.705239, 0.728911)	                  ##	Count: 7 (10.9375%)	Total: 48 (75%)
[cartographer_node-1] [0.728911, 0.752583)	                   #	Count: 3 (4.6875%)	Total: 51 (79.6875%)
[cartographer_node-1] [0.752583, 0.776255)	                   #	Count: 4 (6.25%)	Total: 55 (85.9375%)
[cartographer_node-1] [0.776255, 0.799927)	                  ##	Count: 6 (9.375%)	Total: 61 (95.3125%)
[cartographer_node-1] [0.799927, 0.823599]	                   #	Count: 3 (4.6875%)	Total: 64 (100%)
[cartographer_node-1] [INFO] [1778746572.513164666] [cartographer logger]: I0514 17:16:12.000000 36300 pose_graph_2d.cc:538] Remaining work items in queue: 0
[cartographer_node-1] [INFO] [1778746572.513223652] [cartographer logger]: I0514 17:16:12.000000 36300 constraint_builder_2d.cc:294] 0 computations resulted in 0 additional constraints.
[cartographer_node-1] [INFO] [1778746572.513353369] [cartographer logger]: I0514 17:16:12.000000 36300 constraint_builder_2d.cc:296] Score histogram:
[cartographer_node-1] Count: 64  Min: 0.586879  Max: 0.823599  Mean: 0.685603
[cartographer_node-1] [0.586879, 0.610551)	                 ###	Count: 9 (14.0625%)	Total: 9 (14.0625%)
[cartographer_node-1] [0.610551, 0.634223)	                  ##	Count: 6 (9.375%)	Total: 15 (23.4375%)
[cartographer_node-1] [0.634223, 0.657894)	                 ###	Count: 10 (15.625%)	Total: 25 (39.0625%)
[cartographer_node-1] [0.657894, 0.681567)	                 ###	Count: 8 (12.5%)	Total: 33 (51.5625%)
[cartographer_node-1] [0.681567, 0.705239)	                 ###	Count: 8 (12.5%)	Total: 41 (64.0625%)
[cartographer_node-1] [0.705239, 0.728911)	                  ##	Count: 7 (10.9375%)	Total: 48 (75%)
[cartographer_node-1] [0.728911, 0.752583)	                   #	Count: 3 (4.6875%)	Total: 51 (79.6875%)
[cartographer_node-1] [0.752583, 0.776255)	                   #	Count: 4 (6.25%)	Total: 55 (85.9375%)
[cartographer_node-1] [0.776255, 0.799927)	                  ##	Count: 6 (9.375%)	Total: 61 (95.3125%)
[cartographer_node-1] [0.799927, 0.823599]	                   #	Count: 3 (4.6875%)	Total: 64 (100%)
[cartographer_node-1] [INFO] [1778746572.574794999] [cartographer logger]: I0514 17:16:12.000000 36298 pose_graph_2d.cc:538] Remaining work items in queue: 1
[cartographer_node-1] [INFO] [1778746572.575012103] [cartographer logger]: I0514 17:16:12.000000 36297 constraint_builder_2d.cc:294] 1 computations resulted in 0 additional constraints.
[cartographer_node-1] [INFO] [1778746572.575041073] [cartographer logger]: I0514 17:16:12.000000 36297 constraint_builder_2d.cc:296] Score histogram:
[cartographer_node-1] Count: 64  Min: 0.586879  Max: 0.823599  Mean: 0.685603
[cartographer_node-1] [0.586879, 0.610551)	                 ###	Count: 9 (14.0625%)	Total: 9 (14.0625%)
[cartographer_node-1] [0.610551, 0.634223)	                  ##	Count: 6 (9.375%)	Total: 15 (23.4375%)
[cartographer_node-1] [0.634223, 0.657894)	                 ###	Count: 10 (15.625%)	Total: 25 (39.0625%)
[cartographer_node-1] [0.657894, 0.681567)	                 ###	Count: 8 (12.5%)	Total: 33 (51.5625%)
[cartographer_node-1] [0.681567, 0.705239)	                 ###	Count: 8 (12.5%)	Total: 41 (64.0625%)
[cartographer_node-1] [0.705239, 0.728911)	                  ##	Count: 7 (10.9375%)	Total: 48 (75%)
[cartographer_node-1] [0.728911, 0.752583)	                   #	Count: 3 (4.6875%)	Total: 51 (79.6875%)
[cartographer_node-1] [0.752583, 0.776255)	                   #	Count: 4 (6.25%)	Total: 55 (85.9375%)
[cartographer_node-1] [0.776255, 0.799927)	                  ##	Count: 6 (9.375%)	Total: 61 (95.3125%)
[cartographer_node-1] [0.799927, 0.823599]	                   #	Count: 3 (4.6875%)	Total: 64 (100%)
[cartographer_node-1] [INFO] [1778746572.641656669] [cartographer logger]: I0514 17:16:12.000000 36299 pose_graph_2d.cc:538] Remaining work items in queue: 1
[cartographer_node-1] [INFO] [1778746572.641696126] [cartographer logger]: I0514 17:16:12.000000 36299 constraint_builder_2d.cc:294] 0 computations resulted in 0 additional constraints.
[cartographer_node-1] [INFO] [1778746572.641783085] [cartographer logger]: I0514 17:16:12.000000 36299 constraint_builder_2d.cc:296] Score histogram:
[cartographer_node-1] Count: 64  Min: 0.586879  Max: 0.823599  Mean: 0.685603
[cartographer_node-1] [0.586879, 0.610551)	                 ###	Count: 9 (14.0625%)	Total: 9 (14.0625%)
[cartographer_node-1] [0.610551, 0.634223)	                  ##	Count: 6 (9.375%)	Total: 15 (23.4375%)
[cartographer_node-1] [0.634223, 0.657894)	                 ###	Count: 10 (15.625%)	Total: 25 (39.0625%)
[cartographer_node-1] [0.657894, 0.681567)	                 ###	Count: 8 (12.5%)	Total: 33 (51.5625%)
[cartographer_node-1] [0.681567, 0.705239)	                 ###	Count: 8 (12.5%)	Total: 41 (64.0625%)
[cartographer_node-1] [0.705239, 0.728911)	                  ##	Count: 7 (10.9375%)	Total: 48 (75%)
[cartographer_node-1] [0.728911, 0.752583)	                   #	Count: 3 (4.6875%)	Total: 51 (79.6875%)
[cartographer_node-1] [0.752583, 0.776255)	                   #	Count: 4 (6.25%)	Total: 55 (85.9375%)
[cartographer_node-1] [0.776255, 0.799927)	                  ##	Count: 6 (9.375%)	Total: 61 (95.3125%)
[cartographer_node-1] [0.799927, 0.823599]	                   #	Count: 3 (4.6875%)	Total: 64 (100%)
[cartographer_node-1] [INFO] [1778746572.735580367] [cartographer logger]: I0514 17:16:12.000000 36300 pose_graph_2d.cc:538] Remaining work items in queue: 1
[cartographer_node-1] [INFO] [1778746572.735602454] [cartographer logger]: I0514 17:16:12.000000 36300 constraint_builder_2d.cc:294] 0 computations resulted in 0 additional constraints.
[cartographer_node-1] [INFO] [1778746572.735968627] [cartographer logger]: I0514 17:16:12.000000 36300 constraint_builder_2d.cc:296] Score histogram:
[cartographer_node-1] Count: 64  Min: 0.586879  Max: 0.823599  Mean: 0.685603
[cartographer_node-1] [0.586879, 0.610551)	                 ###	Count: 9 (14.0625%)	Total: 9 (14.0625%)
[cartographer_node-1] [0.610551, 0.634223)	                  ##	Count: 6 (9.375%)	Total: 15 (23.4375%)
[cartographer_node-1] [0.634223, 0.657894)	                 ###	Count: 10 (15.625%)	Total: 25 (39.0625%)
[cartographer_node-1] [0.657894, 0.681567)	                 ###	Count: 8 (12.5%)	Total: 33 (51.5625%)
[cartographer_node-1] [0.681567, 0.705239)	                 ###	Count: 8 (12.5%)	Total: 41 (64.0625%)
[cartographer_node-1] [0.705239, 0.728911)	                  ##	Count: 7 (10.9375%)	Total: 48 (75%)
[cartographer_node-1] [0.728911, 0.752583)	                   #	Count: 3 (4.6875%)	Total: 51 (79.6875%)
[cartographer_node-1] [0.752583, 0.776255)	                   #	Count: 4 (6.25%)	Total: 55 (85.9375%)
[cartographer_node-1] [0.776255, 0.799927)	                  ##	Count: 6 (9.375%)	Total: 61 (95.3125%)
[cartographer_node-1] [0.799927, 0.823599]	                   #	Count: 3 (4.6875%)	Total: 64 (100%)
[cartographer_node-1] [INFO] [1778746572.813105525] [cartographer logger]: I0514 17:16:12.000000 36299 pose_graph_2d.cc:538] Remaining work items in queue: 1
[cartographer_node-1] [INFO] [1778746572.813147615] [cartographer logger]: I0514 17:16:12.000000 36299 constraint_builder_2d.cc:294] 0 computations resulted in 0 additional constraints.
[cartographer_node-1] [INFO] [1778746572.813566057] [cartographer logger]: I0514 17:16:12.000000 36299 constraint_builder_2d.cc:296] Score histogram:
[cartographer_node-1] Count: 64  Min: 0.586879  Max: 0.823599  Mean: 0.685603
[cartographer_node-1] [0.586879, 0.610551)	                 ###	Count: 9 (14.0625%)	Total: 9 (14.0625%)
[cartographer_node-1] [0.610551, 0.634223)	                  ##	Count: 6 (9.375%)	Total: 15 (23.4375%)
[cartographer_node-1] [0.634223, 0.657894)	                 ###	Count: 10 (15.625%)	Total: 25 (39.0625%)
[cartographer_node-1] [0.657894, 0.681567)	                 ###	Count: 8 (12.5%)	Total: 33 (51.5625%)
[cartographer_node-1] [0.681567, 0.705239)	                 ###	Count: 8 (12.5%)	Total: 41 (64.0625%)
[cartographer_node-1] [0.705239, 0.728911)	                  ##	Count: 7 (10.9375%)	Total: 48 (75%)
[cartographer_node-1] [0.728911, 0.752583)	                   #	Count: 3 (4.6875%)	Total: 51 (79.6875%)
[cartographer_node-1] [0.752583, 0.776255)	                   #	Count: 4 (6.25%)	Total: 55 (85.9375%)
[cartographer_node-1] [0.776255, 0.799927)	                  ##	Count: 6 (9.375%)	Total: 61 (95.3125%)
[cartographer_node-1] [0.799927, 0.823599]	                   #	Count: 3 (4.6875%)	Total: 64 (100%)
[cartographer_node-1] [INFO] [1778746572.864732023] [cartographer logger]: I0514 17:16:12.000000 36300 pose_graph_2d.cc:538] Remaining work items in queue: 1
[cartographer_node-1] [INFO] [1778746572.864782637] [cartographer logger]: I0514 17:16:12.000000 36300 constraint_builder_2d.cc:294] 0 computations resulted in 0 additional constraints.
[cartographer_node-1] [INFO] [1778746572.865159506] [cartographer logger]: I0514 17:16:12.000000 36300 constraint_builder_2d.cc:296] Score histogram:
[cartographer_node-1] Count: 64  Min: 0.586879  Max: 0.823599  Mean: 0.685603
[cartographer_node-1] [0.586879, 0.610551)	                 ###	Count: 9 (14.0625%)	Total: 9 (14.0625%)
[cartographer_node-1] [0.610551, 0.634223)	                  ##	Count: 6 (9.375%)	Total: 15 (23.4375%)
[cartographer_node-1] [0.634223, 0.657894)	                 ###	Count: 10 (15.625%)	Total: 25 (39.0625%)
[cartographer_node-1] [0.657894, 0.681567)	                 ###	Count: 8 (12.5%)	Total: 33 (51.5625%)
[cartographer_node-1] [0.681567, 0.705239)	                 ###	Count: 8 (12.5%)	Total: 41 (64.0625%)
[cartographer_node-1] [0.705239, 0.728911)	                  ##	Count: 7 (10.9375%)	Total: 48 (75%)
[cartographer_node-1] [0.728911, 0.752583)	                   #	Count: 3 (4.6875%)	Total: 51 (79.6875%)
[cartographer_node-1] [0.752583, 0.776255)	                   #	Count: 4 (6.25%)	Total: 55 (85.9375%)
[cartographer_node-1] [0.776255, 0.799927)	                  ##	Count: 6 (9.375%)	Total: 61 (95.3125%)
[cartographer_node-1] [0.799927, 0.823599]	                   #	Count: 3 (4.6875%)	Total: 64 (100%)
[cartographer_node-1] [INFO] [1778746572.913570665] [cartographer logger]: I0514 17:16:12.000000 36299 constraint_builder_2d.cc:279] Node (1, 957) with 208 points on submap (0, 2) matches with score 80.6%.
[cartographer_node-1] [INFO] [1778746572.942599341] [cartographer logger]: I0514 17:16:12.000000 36300 pose_graph_2d.cc:538] Remaining work items in queue: 0
[cartographer_node-1] [INFO] [1778746572.942645436] [cartographer logger]: I0514 17:16:12.000000 36300 constraint_builder_2d.cc:294] 1 computations resulted in 1 additional constraints.
[cartographer_node-1] [INFO] [1778746572.943019026] [cartographer logger]: I0514 17:16:12.000000 36300 constraint_builder_2d.cc:296] Score histogram:
[cartographer_node-1] Count: 65  Min: 0.586879  Max: 0.823599  Mean: 0.687452
[cartographer_node-1] [0.586879, 0.610551)	                 ###	Count: 9 (13.8462%)	Total: 9 (13.8462%)
[cartographer_node-1] [0.610551, 0.634223)	                  ##	Count: 6 (9.23077%)	Total: 15 (23.0769%)
[cartographer_node-1] [0.634223, 0.657894)	                 ###	Count: 10 (15.3846%)	Total: 25 (38.4615%)
[cartographer_node-1] [0.657894, 0.681567)	                  ##	Count: 8 (12.3077%)	Total: 33 (50.7692%)
[cartographer_node-1] [0.681567, 0.705239)	                  ##	Count: 8 (12.3077%)	Total: 41 (63.0769%)
[cartographer_node-1] [0.705239, 0.728911)	                  ##	Count: 7 (10.7692%)	Total: 48 (73.8462%)
[cartographer_node-1] [0.728911, 0.752583)	                   #	Count: 3 (4.61538%)	Total: 51 (78.4615%)
[cartographer_node-1] [0.752583, 0.776255)	                   #	Count: 4 (6.15385%)	Total: 55 (84.6154%)
[cartographer_node-1] [0.776255, 0.799927)	                  ##	Count: 6 (9.23077%)	Total: 61 (93.8462%)
[cartographer_node-1] [0.799927, 0.823599]	                   #	Count: 4 (6.15385%)	Total: 65 (100%)
[cartographer_node-1] [INFO] [1778746573.036985791] [cartographer logger]: I0514 17:16:13.000000 36297 pose_graph_2d.cc:538] Remaining work items in queue: 0
[cartographer_node-1] [INFO] [1778746573.037008983] [cartographer logger]: I0514 17:16:13.000000 36297 constraint_builder_2d.cc:294] 0 computations resulted in 0 additional constraints.
[cartographer_node-1] [INFO] [1778746573.037108841] [cartographer logger]: I0514 17:16:13.000000 36297 constraint_builder_2d.cc:296] Score histogram:
[cartographer_node-1] Count: 65  Min: 0.586879  Max: 0.823599  Mean: 0.687452
[cartographer_node-1] [0.586879, 0.610551)	                 ###	Count: 9 (13.8462%)	Total: 9 (13.8462%)
[cartographer_node-1] [0.610551, 0.634223)	                  ##	Count: 6 (9.23077%)	Total: 15 (23.0769%)
[cartographer_node-1] [0.634223, 0.657894)	                 ###	Count: 10 (15.3846%)	Total: 25 (38.4615%)
[cartographer_node-1] [0.657894, 0.681567)	                  ##	Count: 8 (12.3077%)	Total: 33 (50.7692%)
[cartographer_node-1] [0.681567, 0.705239)	                  ##	Count: 8 (12.3077%)	Total: 41 (63.0769%)
[cartographer_node-1] [0.705239, 0.728911)	                  ##	Count: 7 (10.7692%)	Total: 48 (73.8462%)
[cartographer_node-1] [0.728911, 0.752583)	                   #	Count: 3 (4.61538%)	Total: 51 (78.4615%)
[cartographer_node-1] [0.752583, 0.776255)	                   #	Count: 4 (6.15385%)	Total: 55 (84.6154%)
[cartographer_node-1] [0.776255, 0.799927)	                  ##	Count: 6 (9.23077%)	Total: 61 (93.8462%)
[cartographer_node-1] [0.799927, 0.823599]	                   #	Count: 4 (6.15385%)	Total: 65 (100%)
[cartographer_node-1] [INFO] [1778746573.114115724] [cartographer logger]: I0514 17:16:13.000000 36298 pose_graph_2d.cc:538] Remaining work items in queue: 1
[cartographer_node-1] [INFO] [1778746573.114160717] [cartographer logger]: I0514 17:16:13.000000 36298 constraint_builder_2d.cc:294] 0 computations resulted in 0 additional constraints.
[cartographer_node-1] [INFO] [1778746573.114280695] [cartographer logger]: I0514 17:16:13.000000 36298 constraint_builder_2d.cc:296] Score histogram:
[cartographer_node-1] Count: 65  Min: 0.586879  Max: 0.823599  Mean: 0.687452
[cartographer_node-1] [0.586879, 0.610551)	                 ###	Count: 9 (13.8462%)	Total: 9 (13.8462%)
[cartographer_node-1] [0.610551, 0.634223)	                  ##	Count: 6 (9.23077%)	Total: 15 (23.0769%)
[cartographer_node-1] [0.634223, 0.657894)	                 ###	Count: 10 (15.3846%)	Total: 25 (38.4615%)
[cartographer_node-1] [0.657894, 0.681567)	                  ##	Count: 8 (12.3077%)	Total: 33 (50.7692%)
[cartographer_node-1] [0.681567, 0.705239)	                  ##	Count: 8 (12.3077%)	Total: 41 (63.0769%)
[cartographer_node-1] [0.705239, 0.728911)	                  ##	Count: 7 (10.7692%)	Total: 48 (73.8462%)
[cartographer_node-1] [0.728911, 0.752583)	                   #	Count: 3 (4.61538%)	Total: 51 (78.4615%)
[cartographer_node-1] [0.752583, 0.776255)	                   #	Count: 4 (6.15385%)	Total: 55 (84.6154%)
[cartographer_node-1] [0.776255, 0.799927)	                  ##	Count: 6 (9.23077%)	Total: 61 (93.8462%)
[cartographer_node-1] [0.799927, 0.823599]	                   #	Count: 4 (6.15385%)	Total: 65 (100%)
[cartographer_node-1] [INFO] [1778746573.165499456] [cartographer logger]: I0514 17:16:13.000000 36299 pose_graph_2d.cc:538] Remaining work items in queue: 0
[cartographer_node-1] [INFO] [1778746573.165541818] [cartographer logger]: I0514 17:16:13.000000 36299 constraint_builder_2d.cc:294] 0 computations resulted in 0 additional constraints.
[cartographer_node-1] [INFO] [1778746573.165585787] [cartographer logger]: I0514 17:16:13.000000 36299 constraint_builder_2d.cc:296] Score histogram:
[cartographer_node-1] Count: 65  Min: 0.586879  Max: 0.823599  Mean: 0.687452
[cartographer_node-1] [0.586879, 0.610551)	                 ###	Count: 9 (13.8462%)	Total: 9 (13.8462%)
[cartographer_node-1] [0.610551, 0.634223)	                  ##	Count: 6 (9.23077%)	Total: 15 (23.0769%)
[cartographer_node-1] [0.634223, 0.657894)	                 ###	Count: 10 (15.3846%)	Total: 25 (38.4615%)
[cartographer_node-1] [0.657894, 0.681567)	                  ##	Count: 8 (12.3077%)	Total: 33 (50.7692%)
[cartographer_node-1] [0.681567, 0.705239)	                  ##	Count: 8 (12.3077%)	Total: 41 (63.0769%)
[cartographer_node-1] [0.705239, 0.728911)	                  ##	Count: 7 (10.7692%)	Total: 48 (73.8462%)
[cartographer_node-1] [0.728911, 0.752583)	                   #	Count: 3 (4.61538%)	Total: 51 (78.4615%)
[cartographer_node-1] [0.752583, 0.776255)	                   #	Count: 4 (6.15385%)	Total: 55 (84.6154%)
[cartographer_node-1] [0.776255, 0.799927)	                  ##	Count: 6 (9.23077%)	Total: 61 (93.8462%)
[cartographer_node-1] [0.799927, 0.823599]	                   #	Count: 4 (6.15385%)	Total: 65 (100%)
[cartographer_node-1] [INFO] [1778746573.235708095] [cartographer logger]: I0514 17:16:13.000000 36299 pose_graph_2d.cc:538] Remaining work items in queue: 0
[cartographer_node-1] [INFO] [1778746573.290515612] [cartographer logger]: I0514 17:16:13.000000 36300 constraint_builder_2d.cc:294] 1 computations resulted in 0 additional constraints.
[cartographer_node-1] [INFO] [1778746573.290563579] [cartographer logger]: I0514 17:16:13.000000 36300 constraint_builder_2d.cc:296] Score histogram:
[cartographer_node-1] Count: 65  Min: 0.586879  Max: 0.823599  Mean: 0.687452
[cartographer_node-1] [0.586879, 0.610551)	                 ###	Count: 9 (13.8462%)	Total: 9 (13.8462%)
[cartographer_node-1] [0.610551, 0.634223)	                  ##	Count: 6 (9.23077%)	Total: 15 (23.0769%)
[cartographer_node-1] [0.634223, 0.657894)	                 ###	Count: 10 (15.3846%)	Total: 25 (38.4615%)
[cartographer_node-1] [0.657894, 0.681567)	                  ##	Count: 8 (12.3077%)	Total: 33 (50.7692%)
[cartographer_node-1] [0.681567, 0.705239)	                  ##	Count: 8 (12.3077%)	Total: 41 (63.0769%)
[cartographer_node-1] [0.705239, 0.728911)	                  ##	Count: 7 (10.7692%)	Total: 48 (73.8462%)
[cartographer_node-1] [0.728911, 0.752583)	                   #	Count: 3 (4.61538%)	Total: 51 (78.4615%)
[cartographer_node-1] [0.752583, 0.776255)	                   #	Count: 4 (6.15385%)	Total: 55 (84.6154%)
[cartographer_node-1] [0.776255, 0.799927)	                  ##	Count: 6 (9.23077%)	Total: 61 (93.8462%)
[cartographer_node-1] [0.799927, 0.823599]	                   #	Count: 4 (6.15385%)	Total: 65 (100%)
[cartographer_node-1] [INFO] [1778746573.325972569] [cartographer logger]: I0514 17:16:13.000000 36297 pose_graph_2d.cc:538] Remaining work items in queue: 0
[cartographer_node-1] [INFO] [1778746573.326003098] [cartographer logger]: I0514 17:16:13.000000 36297 constraint_builder_2d.cc:294] 0 computations resulted in 0 additional constraints.
[cartographer_node-1] [INFO] [1778746573.326528000] [cartographer logger]: I0514 17:16:13.000000 36297 constraint_builder_2d.cc:296] Score histogram:
[cartographer_node-1] Count: 65  Min: 0.586879  Max: 0.823599  Mean: 0.687452
[cartographer_node-1] [0.586879, 0.610551)	                 ###	Count: 9 (13.8462%)	Total: 9 (13.8462%)
[cartographer_node-1] [0.610551, 0.634223)	                  ##	Count: 6 (9.23077%)	Total: 15 (23.0769%)
[cartographer_node-1] [0.634223, 0.657894)	                 ###	Count: 10 (15.3846%)	Total: 25 (38.4615%)
[cartographer_node-1] [0.657894, 0.681567)	                  ##	Count: 8 (12.3077%)	Total: 33 (50.7692%)
[cartographer_node-1] [0.681567, 0.705239)	                  ##	Count: 8 (12.3077%)	Total: 41 (63.0769%)
[cartographer_node-1] [0.705239, 0.728911)	                  ##	Count: 7 (10.7692%)	Total: 48 (73.8462%)
[cartographer_node-1] [0.728911, 0.752583)	                   #	Count: 3 (4.61538%)	Total: 51 (78.4615%)
[cartographer_node-1] [0.752583, 0.776255)	                   #	Count: 4 (6.15385%)	Total: 55 (84.6154%)
[cartographer_node-1] [0.776255, 0.799927)	                  ##	Count: 6 (9.23077%)	Total: 61 (93.8462%)
[cartographer_node-1] [0.799927, 0.823599]	                   #	Count: 4 (6.15385%)	Total: 65 (100%)
