[INFO] [launch]: All log files can be found below /home/symoon/.ros/log/2026-05-14-17-52-22-177909-symoon-HP-ZBook-Create-G7-Notebook-PC-99004
[INFO] [launch]: Default logging verbosity is set to INFO
[INFO] [cartographer_node-1]: process started with pid [99008]
[INFO] [cartographer_occupancy_grid_node-2]: process started with pid [99010]
[INFO] [trajectory_to_odom-3]: process started with pid [99012]
[trajectory_to_odom-3] [INFO] [1778748742.240357791] [trajectory_to_odom_node]: TrackedPoseToOdom node initialized.
[cartographer_node-1] [INFO] [1778748742.249055481] [cartographer logger]: I0514 17:52:22.000000 99008 configuration_file_resolver.cc:41] Found '/home/symoon/Desktop/complete/local_SLAM_imu_wheel_ok/src/SLAM/cartographer_ros/configuration_files/Damvi_localization_config_wheel.lua' for 'Damvi_localization_config_wheel.lua'.
[cartographer_node-1] [INFO] [1778748742.249353260] [cartographer logger]: I0514 17:52:22.000000 99008 configuration_file_resolver.cc:41] Found '/home/symoon/Desktop/complete/local_SLAM_imu_wheel_ok/install/cartographer/share/cartographer/configuration_files/map_builder.lua' for 'map_builder.lua'.
[cartographer_node-1] [INFO] [1778748742.249379456] [cartographer logger]: I0514 17:52:22.000000 99008 configuration_file_resolver.cc:41] Found '/home/symoon/Desktop/complete/local_SLAM_imu_wheel_ok/install/cartographer/share/cartographer/configuration_files/map_builder.lua' for 'map_builder.lua'.
[cartographer_node-1] [INFO] [1778748742.249414603] [cartographer logger]: I0514 17:52:22.000000 99008 configuration_file_resolver.cc:41] Found '/home/symoon/Desktop/complete/local_SLAM_imu_wheel_ok/install/cartographer/share/cartographer/configuration_files/pose_graph.lua' for 'pose_graph.lua'.
[cartographer_node-1] [INFO] [1778748742.249428397] [cartographer logger]: I0514 17:52:22.000000 99008 configuration_file_resolver.cc:41] Found '/home/symoon/Desktop/complete/local_SLAM_imu_wheel_ok/install/cartographer/share/cartographer/configuration_files/pose_graph.lua' for 'pose_graph.lua'.
[cartographer_node-1] [INFO] [1778748742.249519236] [cartographer logger]: I0514 17:52:22.000000 99008 configuration_file_resolver.cc:41] Found '/home/symoon/Desktop/complete/local_SLAM_imu_wheel_ok/install/cartographer/share/cartographer/configuration_files/trajectory_builder.lua' for 'trajectory_builder.lua'.
[cartographer_node-1] [INFO] [1778748742.249536653] [cartographer logger]: I0514 17:52:22.000000 99008 configuration_file_resolver.cc:41] Found '/home/symoon/Desktop/complete/local_SLAM_imu_wheel_ok/install/cartographer/share/cartographer/configuration_files/trajectory_builder.lua' for 'trajectory_builder.lua'.
[cartographer_node-1] [INFO] [1778748742.249578197] [cartographer logger]: I0514 17:52:22.000000 99008 configuration_file_resolver.cc:41] Found '/home/symoon/Desktop/complete/local_SLAM_imu_wheel_ok/install/cartographer/share/cartographer/configuration_files/trajectory_builder_2d.lua' for 'trajectory_builder_2d.lua'.
[cartographer_node-1] [INFO] [1778748742.249597348] [cartographer logger]: I0514 17:52:22.000000 99008 configuration_file_resolver.cc:41] Found '/home/symoon/Desktop/complete/local_SLAM_imu_wheel_ok/install/cartographer/share/cartographer/configuration_files/trajectory_builder_2d.lua' for 'trajectory_builder_2d.lua'.
[cartographer_node-1] [INFO] [1778748742.249696572] [cartographer logger]: I0514 17:52:22.000000 99008 configuration_file_resolver.cc:41] Found '/home/symoon/Desktop/complete/local_SLAM_imu_wheel_ok/install/cartographer/share/cartographer/configuration_files/trajectory_builder_3d.lua' for 'trajectory_builder_3d.lua'.
[cartographer_node-1] [INFO] [1778748742.249711517] [cartographer logger]: I0514 17:52:22.000000 99008 configuration_file_resolver.cc:41] Found '/home/symoon/Desktop/complete/local_SLAM_imu_wheel_ok/install/cartographer/share/cartographer/configuration_files/trajectory_builder_3d.lua' for 'trajectory_builder_3d.lua'.
[cartographer_node-1] [INFO] [1778748742.259965999] [cartographer logger]: I0514 17:52:22.000000 99008 map_builder_bridge.cpp:117] Loading saved state '/home/symoon/Desktop/complete/local_SLAM_imu_wheel_ok/src/SLAM/cartographer_ros/pbstream/0312.pbstream'...
[cartographer_node-1] [INFO] [1778748742.306281507] [cartographer logger]: I0514 17:52:22.000000 99008 map_builder_bridge.cpp:140] Added trajectory with ID '1'.
[cartographer_node-1] [INFO] [1778748742.306429387] [cartographer logger]: I0514 17:52:22.000000 99008 pose_extrapolator.cc:218] Loaded pose extrapolator config from /home/symoon/Desktop/complete/local_SLAM_imu_wheel_ok/parameter_trials/wheel_odom_refine_local010_odom3500.yaml imu_weight=0.2 imu_delta_min=0.3 wheelodom_weight=0.01 process_noise=0.001 measurement_noise_scan_default=1.5e-06 measurement_noise_odom_default=0.0002
[cartographer_node-1] [INFO] [1778748742.306452437] [cartographer logger]: I0514 17:52:22.000000 99008 pose_extrapolator.cc:154] fusion is active
[cartographer_node-1] [INFO] [1778748751.302385686] [cartographer logger]: I0514 17:52:31.000000 99008 ordered_multi_queue.cc:172] All sensor data for trajectory 1 is available starting at '639089883260544487'.
[cartographer_node-1] [INFO] [1778748751.355863544] [cartographer logger]: I0514 17:52:31.000000 99008 local_trajectory_builder_2d.cc:461] Extrapolator not yet initialized.
[cartographer_node-1] [INFO] [1778748751.356166031] [cartographer logger]: I0514 17:52:31.000000 99008 pose_extrapolator.cc:218] Loaded pose extrapolator config from /home/symoon/Desktop/complete/local_SLAM_imu_wheel_ok/parameter_trials/wheel_odom_refine_local010_odom3500.yaml imu_weight=0.2 imu_delta_min=0.3 wheelodom_weight=0.01 process_noise=0.001 measurement_noise_scan_default=1.5e-06 measurement_noise_odom_default=0.0002
[cartographer_node-1] [INFO] [1778748751.356273923] [cartographer logger]: I0514 17:52:31.000000 99008 pose_extrapolator.cc:154] fusion is active
[cartographer_node-1] [INFO] [1778748751.356490608] [cartographer logger]: I0514 17:52:31.000000 99008 local_trajectory_builder_2d.cc:198] Extrapolator is still initializing.
[cartographer_node-1] [INFO] [1778748751.408609578] [cartographer logger]: I0514 17:52:31.000000 99008 pose_graph_2d.cc:148] Inserted submap (1, 0).
[cartographer_node-1] [WARN] [1778748751.781367459] [cartographer logger]: W0514 17:52:31.000000 99008 range_data_collator.cc:82] Dropped 52 earlier points.
[cartographer_node-1] [INFO] [1778748753.966845145] [cartographer logger]: I0514 17:52:33.000000 99047 pose_graph_2d.cc:538] Remaining work items in queue: 0
[cartographer_node-1] [INFO] [1778748753.966914609] [cartographer logger]: I0514 17:52:33.000000 99047 constraint_builder_2d.cc:294] 1 computations resulted in 0 additional constraints.
[cartographer_node-1] [INFO] [1778748753.966926747] [cartographer logger]: I0514 17:52:33.000000 99047 constraint_builder_2d.cc:296] Score histogram:
[cartographer_node-1] Count: 0
[cartographer_node-1] [INFO] [1778748754.215504019] [cartographer logger]: I0514 17:52:34.000000 99049 pose_graph_2d.cc:538] Remaining work items in queue: 0
[cartographer_node-1] [INFO] [1778748754.215539075] [cartographer logger]: I0514 17:52:34.000000 99047 constraint_builder_2d.cc:294] 0 computations resulted in 0 additional constraints.
[cartographer_node-1] [INFO] [1778748754.215553811] [cartographer logger]: I0514 17:52:34.000000 99047 constraint_builder_2d.cc:296] Score histogram:
[cartographer_node-1] Count: 0
[cartographer_node-1] [INFO] [1778748754.366917087] [cartographer logger]: I0514 17:52:34.000000 99048 pose_graph_2d.cc:538] Remaining work items in queue: 0
[cartographer_node-1] [INFO] [1778748754.366975849] [cartographer logger]: I0514 17:52:34.000000 99048 constraint_builder_2d.cc:294] 0 computations resulted in 0 additional constraints.
[cartographer_node-1] [INFO] [1778748754.366994138] [cartographer logger]: I0514 17:52:34.000000 99048 constraint_builder_2d.cc:296] Score histogram:
[cartographer_node-1] Count: 0
[cartographer_node-1] [INFO] [1778748754.567153370] [cartographer logger]: I0514 17:52:34.000000 99048 pose_graph_2d.cc:538] Remaining work items in queue: 0
[cartographer_node-1] [INFO] [1778748754.567177050] [cartographer logger]: I0514 17:52:34.000000 99048 constraint_builder_2d.cc:294] 0 computations resulted in 0 additional constraints.
[cartographer_node-1] [INFO] [1778748754.567184515] [cartographer logger]: I0514 17:52:34.000000 99048 constraint_builder_2d.cc:296] Score histogram:
[cartographer_node-1] Count: 0
[cartographer_node-1] [INFO] [1778748754.863846859] [cartographer logger]: I0514 17:52:34.000000 99050 pose_graph_2d.cc:538] Remaining work items in queue: 1
[cartographer_node-1] [INFO] [1778748754.895708472] [cartographer logger]: I0514 17:52:34.000000 99047 constraint_builder_2d.cc:279] Node (1, 14) with 200 points on submap (0, 4) matches with score 70.2%.
[cartographer_node-1] [INFO] [1778748754.895733870] [cartographer logger]: I0514 17:52:34.000000 99047 constraint_builder_2d.cc:294] 1 computations resulted in 1 additional constraints.
[cartographer_node-1] [INFO] [1778748754.895742607] [cartographer logger]: I0514 17:52:34.000000 99047 constraint_builder_2d.cc:296] Score histogram:
[cartographer_node-1] Count: 1  Min: 0.701929  Max: 0.701929  Mean: 0.701929
[cartographer_node-1] [INFO] [1778748755.048629950] [cartographer logger]: I0514 17:52:35.000000 99047 pose_graph_2d.cc:538] Remaining work items in queue: 1
[cartographer_node-1] [INFO] [1778748755.048653320] [cartographer logger]: I0514 17:52:35.000000 99047 constraint_builder_2d.cc:294] 0 computations resulted in 0 additional constraints.
[cartographer_node-1] [INFO] [1778748755.048662432] [cartographer logger]: I0514 17:52:35.000000 99047 constraint_builder_2d.cc:296] Score histogram:
[cartographer_node-1] Count: 1  Min: 0.701929  Max: 0.701929  Mean: 0.701929
[cartographer_node-1] [INFO] [1778748755.132764809] [cartographer logger]: I0514 17:52:35.000000 99048 pose_graph_2d.cc:538] Remaining work items in queue: 0
[cartographer_node-1] [INFO] [1778748755.132799533] [cartographer logger]: I0514 17:52:35.000000 99048 constraint_builder_2d.cc:294] 0 computations resulted in 0 additional constraints.
[cartographer_node-1] [INFO] [1778748755.132817578] [cartographer logger]: I0514 17:52:35.000000 99048 constraint_builder_2d.cc:296] Score histogram:
[cartographer_node-1] Count: 1  Min: 0.701929  Max: 0.701929  Mean: 0.701929
[cartographer_node-1] [INFO] [1778748755.311584077] [cartographer logger]: I0514 17:52:35.000000 99047 pose_graph_2d.cc:538] Remaining work items in queue: 0
[cartographer_node-1] [INFO] [1778748755.311608534] [cartographer logger]: I0514 17:52:35.000000 99047 constraint_builder_2d.cc:294] 0 computations resulted in 0 additional constraints.
[cartographer_node-1] [INFO] [1778748755.311617240] [cartographer logger]: I0514 17:52:35.000000 99047 constraint_builder_2d.cc:296] Score histogram:
[cartographer_node-1] Count: 1  Min: 0.701929  Max: 0.701929  Mean: 0.701929
[cartographer_node-1] [INFO] [1778748755.485104514] [cartographer logger]: I0514 17:52:35.000000 99048 pose_graph_2d.cc:538] Remaining work items in queue: 0
[cartographer_node-1] [INFO] [1778748755.485150994] [cartographer logger]: I0514 17:52:35.000000 99048 constraint_builder_2d.cc:294] 0 computations resulted in 0 additional constraints.
[cartographer_node-1] [INFO] [1778748755.485161635] [cartographer logger]: I0514 17:52:35.000000 99048 constraint_builder_2d.cc:296] Score histogram:
[cartographer_node-1] Count: 1  Min: 0.701929  Max: 0.701929  Mean: 0.701929
[cartographer_node-1] [INFO] [1778748755.616484005] [cartographer logger]: I0514 17:52:35.000000 99050 pose_graph_2d.cc:538] Remaining work items in queue: 0
[cartographer_node-1] [INFO] [1778748755.616598887] [cartographer logger]: I0514 17:52:35.000000 99050 constraint_builder_2d.cc:294] 1 computations resulted in 0 additional constraints.
[cartographer_node-1] [INFO] [1778748755.616650422] [cartographer logger]: I0514 17:52:35.000000 99050 constraint_builder_2d.cc:296] Score histogram:
[cartographer_node-1] Count: 1  Min: 0.701929  Max: 0.701929  Mean: 0.701929
[cartographer_node-1] [INFO] [1778748755.742019490] [cartographer logger]: I0514 17:52:35.000000 99050 pose_graph_2d.cc:538] Remaining work items in queue: 0
[cartographer_node-1] [INFO] [1778748755.742046946] [cartographer logger]: I0514 17:52:35.000000 99050 constraint_builder_2d.cc:294] 0 computations resulted in 0 additional constraints.
[cartographer_node-1] [INFO] [1778748755.742059392] [cartographer logger]: I0514 17:52:35.000000 99050 constraint_builder_2d.cc:296] Score histogram:
[cartographer_node-1] Count: 1  Min: 0.701929  Max: 0.701929  Mean: 0.701929
[cartographer_node-1] [INFO] [1778748755.918216778] [cartographer logger]: I0514 17:52:35.000000 99049 pose_graph_2d.cc:538] Remaining work items in queue: 1
[cartographer_node-1] [INFO] [1778748755.918240140] [cartographer logger]: I0514 17:52:35.000000 99049 constraint_builder_2d.cc:294] 0 computations resulted in 0 additional constraints.
[cartographer_node-1] [INFO] [1778748755.918263238] [cartographer logger]: I0514 17:52:35.000000 99049 constraint_builder_2d.cc:296] Score histogram:
[cartographer_node-1] Count: 1  Min: 0.701929  Max: 0.701929  Mean: 0.701929
[cartographer_node-1] [INFO] [1778748755.983848559] [cartographer logger]: I0514 17:52:35.000000 99047 pose_graph_2d.cc:538] Remaining work items in queue: 0
[cartographer_node-1] [INFO] [1778748755.983893166] [cartographer logger]: I0514 17:52:35.000000 99047 constraint_builder_2d.cc:294] 0 computations resulted in 0 additional constraints.
[cartographer_node-1] [INFO] [1778748755.983902588] [cartographer logger]: I0514 17:52:35.000000 99047 constraint_builder_2d.cc:296] Score histogram:
[cartographer_node-1] Count: 1  Min: 0.701929  Max: 0.701929  Mean: 0.701929
[cartographer_node-1] [INFO] [1778748756.042158005] [cartographer logger]: I0514 17:52:36.000000 99049 pose_graph_2d.cc:538] Remaining work items in queue: 1
[cartographer_node-1] [INFO] [1778748756.042229656] [cartographer logger]: I0514 17:52:36.000000 99049 constraint_builder_2d.cc:294] 0 computations resulted in 0 additional constraints.
[cartographer_node-1] [INFO] [1778748756.042245604] [cartographer logger]: I0514 17:52:36.000000 99049 constraint_builder_2d.cc:296] Score histogram:
[cartographer_node-1] Count: 1  Min: 0.701929  Max: 0.701929  Mean: 0.701929
[cartographer_node-1] [INFO] [1778748756.080609760] [cartographer logger]: I0514 17:52:36.000000 99050 constraint_builder_2d.cc:279] Node (1, 42) with 201 points on submap (0, 12) matches with score 71.1%.
[cartographer_node-1] [INFO] [1778748756.128742937] [cartographer logger]: I0514 17:52:36.000000 99047 pose_graph_2d.cc:538] Remaining work items in queue: 1
[cartographer_node-1] [INFO] [1778748756.128822077] [cartographer logger]: I0514 17:52:36.000000 99047 constraint_builder_2d.cc:294] 1 computations resulted in 1 additional constraints.
[cartographer_node-1] [INFO] [1778748756.129143251] [cartographer logger]: I0514 17:52:36.000000 99047 constraint_builder_2d.cc:296] Score histogram:
[cartographer_node-1] Count: 2  Min: 0.701929  Max: 0.71075  Mean: 0.70634
[cartographer_node-1] [0.701929, 0.702811)	          ##########	Count: 1 (50%)	Total: 1 (50%)
[cartographer_node-1] [0.702811, 0.703694)	                    	Count: 0 (0%)	Total: 1 (50%)
[cartographer_node-1] [0.703694, 0.704576)	                    	Count: 0 (0%)	Total: 1 (50%)
[cartographer_node-1] [0.704576, 0.705458)	                    	Count: 0 (0%)	Total: 1 (50%)
[cartographer_node-1] [0.705458, 0.706340)	                    	Count: 0 (0%)	Total: 1 (50%)
[cartographer_node-1] [0.706340, 0.707222)	                    	Count: 0 (0%)	Total: 1 (50%)
[cartographer_node-1] [0.707222, 0.708104)	                    	Count: 0 (0%)	Total: 1 (50%)
[cartographer_node-1] [0.708104, 0.708986)	                    	Count: 0 (0%)	Total: 1 (50%)
[cartographer_node-1] [0.708986, 0.709868)	                    	Count: 0 (0%)	Total: 1 (50%)
[cartographer_node-1] [0.709868, 0.710750]	          ##########	Count: 1 (50%)	Total: 2 (100%)
[cartographer_node-1] [INFO] [1778748756.211562033] [cartographer logger]: I0514 17:52:36.000000 99049 pose_graph_2d.cc:538] Remaining work items in queue: 2
[cartographer_node-1] [INFO] [1778748756.211583126] [cartographer logger]: I0514 17:52:36.000000 99049 constraint_builder_2d.cc:294] 0 computations resulted in 0 additional constraints.
[cartographer_node-1] [INFO] [1778748756.211701234] [cartographer logger]: I0514 17:52:36.000000 99049 constraint_builder_2d.cc:296] Score histogram:
[cartographer_node-1] Count: 2  Min: 0.701929  Max: 0.71075  Mean: 0.70634
[cartographer_node-1] [0.701929, 0.702811)	          ##########	Count: 1 (50%)	Total: 1 (50%)
[cartographer_node-1] [0.702811, 0.703694)	                    	Count: 0 (0%)	Total: 1 (50%)
[cartographer_node-1] [0.703694, 0.704576)	                    	Count: 0 (0%)	Total: 1 (50%)
[cartographer_node-1] [0.704576, 0.705458)	                    	Count: 0 (0%)	Total: 1 (50%)
[cartographer_node-1] [0.705458, 0.706340)	                    	Count: 0 (0%)	Total: 1 (50%)
[cartographer_node-1] [0.706340, 0.707222)	                    	Count: 0 (0%)	Total: 1 (50%)
[cartographer_node-1] [0.707222, 0.708104)	                    	Count: 0 (0%)	Total: 1 (50%)
[cartographer_node-1] [0.708104, 0.708986)	                    	Count: 0 (0%)	Total: 1 (50%)
[cartographer_node-1] [0.708986, 0.709868)	                    	Count: 0 (0%)	Total: 1 (50%)
[cartographer_node-1] [0.709868, 0.710750]	          ##########	Count: 1 (50%)	Total: 2 (100%)
[cartographer_node-1] [INFO] [1778748756.259343893] [cartographer logger]: I0514 17:52:36.000000 99050 pose_graph_2d.cc:538] Remaining work items in queue: 0
[cartographer_node-1] [INFO] [1778748756.259366260] [cartographer logger]: I0514 17:52:36.000000 99050 constraint_builder_2d.cc:294] 0 computations resulted in 0 additional constraints.
[cartographer_node-1] [INFO] [1778748756.259385542] [cartographer logger]: I0514 17:52:36.000000 99050 constraint_builder_2d.cc:296] Score histogram:
[cartographer_node-1] Count: 2  Min: 0.701929  Max: 0.71075  Mean: 0.70634
[cartographer_node-1] [0.701929, 0.702811)	          ##########	Count: 1 (50%)	Total: 1 (50%)
[cartographer_node-1] [0.702811, 0.703694)	                    	Count: 0 (0%)	Total: 1 (50%)
[cartographer_node-1] [0.703694, 0.704576)	                    	Count: 0 (0%)	Total: 1 (50%)
[cartographer_node-1] [0.704576, 0.705458)	                    	Count: 0 (0%)	Total: 1 (50%)
[cartographer_node-1] [0.705458, 0.706340)	                    	Count: 0 (0%)	Total: 1 (50%)
[cartographer_node-1] [0.706340, 0.707222)	                    	Count: 0 (0%)	Total: 1 (50%)
[cartographer_node-1] [0.707222, 0.708104)	                    	Count: 0 (0%)	Total: 1 (50%)
[cartographer_node-1] [0.708104, 0.708986)	                    	Count: 0 (0%)	Total: 1 (50%)
[cartographer_node-1] [0.708986, 0.709868)	                    	Count: 0 (0%)	Total: 1 (50%)
[cartographer_node-1] [0.709868, 0.710750]	          ##########	Count: 1 (50%)	Total: 2 (100%)
[cartographer_node-1] [INFO] [1778748756.335390917] [cartographer logger]: I0514 17:52:36.000000 99047 pose_graph_2d.cc:538] Remaining work items in queue: 1
[cartographer_node-1] [INFO] [1778748756.335449173] [cartographer logger]: I0514 17:52:36.000000 99050 constraint_builder_2d.cc:294] 0 computations resulted in 0 additional constraints.
[cartographer_node-1] [INFO] [1778748756.335690860] [cartographer logger]: I0514 17:52:36.000000 99050 constraint_builder_2d.cc:296] Score histogram:
[cartographer_node-1] Count: 2  Min: 0.701929  Max: 0.71075  Mean: 0.70634
[cartographer_node-1] [0.701929, 0.702811)	          ##########	Count: 1 (50%)	Total: 1 (50%)
[cartographer_node-1] [0.702811, 0.703694)	                    	Count: 0 (0%)	Total: 1 (50%)
[cartographer_node-1] [0.703694, 0.704576)	                    	Count: 0 (0%)	Total: 1 (50%)
[cartographer_node-1] [0.704576, 0.705458)	                    	Count: 0 (0%)	Total: 1 (50%)
[cartographer_node-1] [0.705458, 0.706340)	                    	Count: 0 (0%)	Total: 1 (50%)
[cartographer_node-1] [0.706340, 0.707222)	                    	Count: 0 (0%)	Total: 1 (50%)
[cartographer_node-1] [0.707222, 0.708104)	                    	Count: 0 (0%)	Total: 1 (50%)
[cartographer_node-1] [0.708104, 0.708986)	                    	Count: 0 (0%)	Total: 1 (50%)
[cartographer_node-1] [0.708986, 0.709868)	                    	Count: 0 (0%)	Total: 1 (50%)
[cartographer_node-1] [0.709868, 0.710750]	          ##########	Count: 1 (50%)	Total: 2 (100%)
[cartographer_node-1] [INFO] [1778748756.419539133] [cartographer logger]: I0514 17:52:36.000000 99047 pose_graph_2d.cc:538] Remaining work items in queue: 0
[cartographer_node-1] [INFO] [1778748756.419579858] [cartographer logger]: I0514 17:52:36.000000 99047 constraint_builder_2d.cc:294] 0 computations resulted in 0 additional constraints.
[cartographer_node-1] [INFO] [1778748756.419732052] [cartographer logger]: I0514 17:52:36.000000 99047 constraint_builder_2d.cc:296] Score histogram:
[cartographer_node-1] Count: 2  Min: 0.701929  Max: 0.71075  Mean: 0.70634
[cartographer_node-1] [0.701929, 0.702811)	          ##########	Count: 1 (50%)	Total: 1 (50%)
[cartographer_node-1] [0.702811, 0.703694)	                    	Count: 0 (0%)	Total: 1 (50%)
[cartographer_node-1] [0.703694, 0.704576)	                    	Count: 0 (0%)	Total: 1 (50%)
[cartographer_node-1] [0.704576, 0.705458)	                    	Count: 0 (0%)	Total: 1 (50%)
[cartographer_node-1] [0.705458, 0.706340)	                    	Count: 0 (0%)	Total: 1 (50%)
[cartographer_node-1] [0.706340, 0.707222)	                    	Count: 0 (0%)	Total: 1 (50%)
[cartographer_node-1] [0.707222, 0.708104)	                    	Count: 0 (0%)	Total: 1 (50%)
[cartographer_node-1] [0.708104, 0.708986)	                    	Count: 0 (0%)	Total: 1 (50%)
[cartographer_node-1] [0.708986, 0.709868)	                    	Count: 0 (0%)	Total: 1 (50%)
[cartographer_node-1] [0.709868, 0.710750]	          ##########	Count: 1 (50%)	Total: 2 (100%)
[cartographer_node-1] [INFO] [1778748756.511073019] [cartographer logger]: I0514 17:52:36.000000 99047 pose_graph_2d.cc:538] Remaining work items in queue: 2
[cartographer_node-1] [INFO] [1778748756.511111498] [cartographer logger]: I0514 17:52:36.000000 99047 constraint_builder_2d.cc:294] 1 computations resulted in 0 additional constraints.
[cartographer_node-1] [INFO] [1778748756.511143660] [cartographer logger]: I0514 17:52:36.000000 99047 constraint_builder_2d.cc:296] Score histogram:
[cartographer_node-1] Count: 2  Min: 0.701929  Max: 0.71075  Mean: 0.70634
[cartographer_node-1] [0.701929, 0.702811)	          ##########	Count: 1 (50%)	Total: 1 (50%)
[cartographer_node-1] [0.702811, 0.703694)	                    	Count: 0 (0%)	Total: 1 (50%)
[cartographer_node-1] [0.703694, 0.704576)	                    	Count: 0 (0%)	Total: 1 (50%)
[cartographer_node-1] [0.704576, 0.705458)	                    	Count: 0 (0%)	Total: 1 (50%)
[cartographer_node-1] [0.705458, 0.706340)	                    	Count: 0 (0%)	Total: 1 (50%)
[cartographer_node-1] [0.706340, 0.707222)	                    	Count: 0 (0%)	Total: 1 (50%)
[cartographer_node-1] [0.707222, 0.708104)	                    	Count: 0 (0%)	Total: 1 (50%)
[cartographer_node-1] [0.708104, 0.708986)	                    	Count: 0 (0%)	Total: 1 (50%)
[cartographer_node-1] [0.708986, 0.709868)	                    	Count: 0 (0%)	Total: 1 (50%)
[cartographer_node-1] [0.709868, 0.710750]	          ##########	Count: 1 (50%)	Total: 2 (100%)
[cartographer_node-1] [INFO] [1778748756.569890469] [cartographer logger]: I0514 17:52:36.000000 99050 pose_graph_2d.cc:538] Remaining work items in queue: 1
[cartographer_node-1] [INFO] [1778748756.569935859] [cartographer logger]: I0514 17:52:36.000000 99050 constraint_builder_2d.cc:294] 0 computations resulted in 0 additional constraints.
[cartographer_node-1] [INFO] [1778748756.569956197] [cartographer logger]: I0514 17:52:36.000000 99050 constraint_builder_2d.cc:296] Score histogram:
[cartographer_node-1] Count: 2  Min: 0.701929  Max: 0.71075  Mean: 0.70634
[cartographer_node-1] [0.701929, 0.702811)	          ##########	Count: 1 (50%)	Total: 1 (50%)
[cartographer_node-1] [0.702811, 0.703694)	                    	Count: 0 (0%)	Total: 1 (50%)
[cartographer_node-1] [0.703694, 0.704576)	                    	Count: 0 (0%)	Total: 1 (50%)
[cartographer_node-1] [0.704576, 0.705458)	                    	Count: 0 (0%)	Total: 1 (50%)
[cartographer_node-1] [0.705458, 0.706340)	                    	Count: 0 (0%)	Total: 1 (50%)
[cartographer_node-1] [0.706340, 0.707222)	                    	Count: 0 (0%)	Total: 1 (50%)
[cartographer_node-1] [0.707222, 0.708104)	                    	Count: 0 (0%)	Total: 1 (50%)
[cartographer_node-1] [0.708104, 0.708986)	                    	Count: 0 (0%)	Total: 1 (50%)
[cartographer_node-1] [0.708986, 0.709868)	                    	Count: 0 (0%)	Total: 1 (50%)
[cartographer_node-1] [0.709868, 0.710750]	          ##########	Count: 1 (50%)	Total: 2 (100%)
[cartographer_node-1] [INFO] [1778748756.634788960] [cartographer logger]: I0514 17:52:36.000000 99048 pose_graph_2d.cc:538] Remaining work items in queue: 1
[cartographer_node-1] [INFO] [1778748756.634826055] [cartographer logger]: I0514 17:52:36.000000 99048 constraint_builder_2d.cc:294] 0 computations resulted in 0 additional constraints.
[cartographer_node-1] [INFO] [1778748756.634995756] [cartographer logger]: I0514 17:52:36.000000 99048 constraint_builder_2d.cc:296] Score histogram:
[cartographer_node-1] Count: 2  Min: 0.701929  Max: 0.71075  Mean: 0.70634
[cartographer_node-1] [0.701929, 0.702811)	          ##########	Count: 1 (50%)	Total: 1 (50%)
[cartographer_node-1] [0.702811, 0.703694)	                    	Count: 0 (0%)	Total: 1 (50%)
[cartographer_node-1] [0.703694, 0.704576)	                    	Count: 0 (0%)	Total: 1 (50%)
[cartographer_node-1] [0.704576, 0.705458)	                    	Count: 0 (0%)	Total: 1 (50%)
[cartographer_node-1] [0.705458, 0.706340)	                    	Count: 0 (0%)	Total: 1 (50%)
[cartographer_node-1] [0.706340, 0.707222)	                    	Count: 0 (0%)	Total: 1 (50%)
[cartographer_node-1] [0.707222, 0.708104)	                    	Count: 0 (0%)	Total: 1 (50%)
[cartographer_node-1] [0.708104, 0.708986)	                    	Count: 0 (0%)	Total: 1 (50%)
[cartographer_node-1] [0.708986, 0.709868)	                    	Count: 0 (0%)	Total: 1 (50%)
[cartographer_node-1] [0.709868, 0.710750]	          ##########	Count: 1 (50%)	Total: 2 (100%)
[cartographer_node-1] [INFO] [1778748756.748768475] [cartographer logger]: I0514 17:52:36.000000 99049 pose_graph_2d.cc:538] Remaining work items in queue: 1
[cartographer_node-1] [INFO] [1778748756.748805390] [cartographer logger]: I0514 17:52:36.000000 99049 constraint_builder_2d.cc:294] 0 computations resulted in 0 additional constraints.
[cartographer_node-1] [INFO] [1778748756.748978869] [cartographer logger]: I0514 17:52:36.000000 99049 constraint_builder_2d.cc:296] Score histogram:
[cartographer_node-1] Count: 2  Min: 0.701929  Max: 0.71075  Mean: 0.70634
[cartographer_node-1] [0.701929, 0.702811)	          ##########	Count: 1 (50%)	Total: 1 (50%)
[cartographer_node-1] [0.702811, 0.703694)	                    	Count: 0 (0%)	Total: 1 (50%)
[cartographer_node-1] [0.703694, 0.704576)	                    	Count: 0 (0%)	Total: 1 (50%)
[cartographer_node-1] [0.704576, 0.705458)	                    	Count: 0 (0%)	Total: 1 (50%)
[cartographer_node-1] [0.705458, 0.706340)	                    	Count: 0 (0%)	Total: 1 (50%)
[cartographer_node-1] [0.706340, 0.707222)	                    	Count: 0 (0%)	Total: 1 (50%)
[cartographer_node-1] [0.707222, 0.708104)	                    	Count: 0 (0%)	Total: 1 (50%)
[cartographer_node-1] [0.708104, 0.708986)	                    	Count: 0 (0%)	Total: 1 (50%)
[cartographer_node-1] [0.708986, 0.709868)	                    	Count: 0 (0%)	Total: 1 (50%)
[cartographer_node-1] [0.709868, 0.710750]	          ##########	Count: 1 (50%)	Total: 2 (100%)
[cartographer_node-1] [INFO] [1778748756.799401067] [cartographer logger]: I0514 17:52:36.000000 99049 pose_graph_2d.cc:538] Remaining work items in queue: 0
[cartographer_node-1] [INFO] [1778748756.855352805] [cartographer logger]: I0514 17:52:36.000000 99049 constraint_builder_2d.cc:294] 1 computations resulted in 0 additional constraints.
[cartographer_node-1] [INFO] [1778748756.855385506] [cartographer logger]: I0514 17:52:36.000000 99049 constraint_builder_2d.cc:296] Score histogram:
[cartographer_node-1] Count: 2  Min: 0.701929  Max: 0.71075  Mean: 0.70634
[cartographer_node-1] [0.701929, 0.702811)	          ##########	Count: 1 (50%)	Total: 1 (50%)
[cartographer_node-1] [0.702811, 0.703694)	                    	Count: 0 (0%)	Total: 1 (50%)
[cartographer_node-1] [0.703694, 0.704576)	                    	Count: 0 (0%)	Total: 1 (50%)
[cartographer_node-1] [0.704576, 0.705458)	                    	Count: 0 (0%)	Total: 1 (50%)
[cartographer_node-1] [0.705458, 0.706340)	                    	Count: 0 (0%)	Total: 1 (50%)
[cartographer_node-1] [0.706340, 0.707222)	                    	Count: 0 (0%)	Total: 1 (50%)
[cartographer_node-1] [0.707222, 0.708104)	                    	Count: 0 (0%)	Total: 1 (50%)
[cartographer_node-1] [0.708104, 0.708986)	                    	Count: 0 (0%)	Total: 1 (50%)
[cartographer_node-1] [0.708986, 0.709868)	                    	Count: 0 (0%)	Total: 1 (50%)
[cartographer_node-1] [0.709868, 0.710750]	          ##########	Count: 1 (50%)	Total: 2 (100%)
[cartographer_node-1] [INFO] [1778748756.892843306] [cartographer logger]: I0514 17:52:36.000000 99049 pose_graph_2d.cc:538] Remaining work items in queue: 1
[cartographer_node-1] [INFO] [1778748756.892865225] [cartographer logger]: I0514 17:52:36.000000 99049 constraint_builder_2d.cc:294] 0 computations resulted in 0 additional constraints.
[cartographer_node-1] [INFO] [1778748756.892981168] [cartographer logger]: I0514 17:52:36.000000 99049 constraint_builder_2d.cc:296] Score histogram:
[cartographer_node-1] Count: 2  Min: 0.701929  Max: 0.71075  Mean: 0.70634
[cartographer_node-1] [0.701929, 0.702811)	          ##########	Count: 1 (50%)	Total: 1 (50%)
[cartographer_node-1] [0.702811, 0.703694)	                    	Count: 0 (0%)	Total: 1 (50%)
[cartographer_node-1] [0.703694, 0.704576)	                    	Count: 0 (0%)	Total: 1 (50%)
[cartographer_node-1] [0.704576, 0.705458)	                    	Count: 0 (0%)	Total: 1 (50%)
[cartographer_node-1] [0.705458, 0.706340)	                    	Count: 0 (0%)	Total: 1 (50%)
[cartographer_node-1] [0.706340, 0.707222)	                    	Count: 0 (0%)	Total: 1 (50%)
[cartographer_node-1] [0.707222, 0.708104)	                    	Count: 0 (0%)	Total: 1 (50%)
[cartographer_node-1] [0.708104, 0.708986)	                    	Count: 0 (0%)	Total: 1 (50%)
[cartographer_node-1] [0.708986, 0.709868)	                    	Count: 0 (0%)	Total: 1 (50%)
[cartographer_node-1] [0.709868, 0.710750]	          ##########	Count: 1 (50%)	Total: 2 (100%)
[cartographer_node-1] [INFO] [1778748756.941726857] [cartographer logger]: I0514 17:52:36.000000 99047 pose_graph_2d.cc:538] Remaining work items in queue: 1
[cartographer_node-1] [INFO] [1778748756.941758175] [cartographer logger]: I0514 17:52:36.000000 99050 constraint_builder_2d.cc:294] 0 computations resulted in 0 additional constraints.
[cartographer_node-1] [INFO] [1778748756.941983362] [cartographer logger]: I0514 17:52:36.000000 99050 constraint_builder_2d.cc:296] Score histogram:
[cartographer_node-1] Count: 2  Min: 0.701929  Max: 0.71075  Mean: 0.70634
[cartographer_node-1] [0.701929, 0.702811)	          ##########	Count: 1 (50%)	Total: 1 (50%)
[cartographer_node-1] [0.702811, 0.703694)	                    	Count: 0 (0%)	Total: 1 (50%)
[cartographer_node-1] [0.703694, 0.704576)	                    	Count: 0 (0%)	Total: 1 (50%)
[cartographer_node-1] [0.704576, 0.705458)	                    	Count: 0 (0%)	Total: 1 (50%)
[cartographer_node-1] [0.705458, 0.706340)	                    	Count: 0 (0%)	Total: 1 (50%)
[cartographer_node-1] [0.706340, 0.707222)	                    	Count: 0 (0%)	Total: 1 (50%)
[cartographer_node-1] [0.707222, 0.708104)	                    	Count: 0 (0%)	Total: 1 (50%)
[cartographer_node-1] [0.708104, 0.708986)	                    	Count: 0 (0%)	Total: 1 (50%)
[cartographer_node-1] [0.708986, 0.709868)	                    	Count: 0 (0%)	Total: 1 (50%)
[cartographer_node-1] [0.709868, 0.710750]	          ##########	Count: 1 (50%)	Total: 2 (100%)
[cartographer_node-1] [INFO] [1778748757.032212049] [cartographer logger]: I0514 17:52:37.000000 99050 pose_graph_2d.cc:538] Remaining work items in queue: 1
[cartographer_node-1] [INFO] [1778748757.032241302] [cartographer logger]: I0514 17:52:37.000000 99050 constraint_builder_2d.cc:294] 0 computations resulted in 0 additional constraints.
[cartographer_node-1] [INFO] [1778748757.032438363] [cartographer logger]: I0514 17:52:37.000000 99050 constraint_builder_2d.cc:296] Score histogram:
[cartographer_node-1] Count: 2  Min: 0.701929  Max: 0.71075  Mean: 0.70634
[cartographer_node-1] [0.701929, 0.702811)	          ##########	Count: 1 (50%)	Total: 1 (50%)
[cartographer_node-1] [0.702811, 0.703694)	                    	Count: 0 (0%)	Total: 1 (50%)
[cartographer_node-1] [0.703694, 0.704576)	                    	Count: 0 (0%)	Total: 1 (50%)
[cartographer_node-1] [0.704576, 0.705458)	                    	Count: 0 (0%)	Total: 1 (50%)
[cartographer_node-1] [0.705458, 0.706340)	                    	Count: 0 (0%)	Total: 1 (50%)
[cartographer_node-1] [0.706340, 0.707222)	                    	Count: 0 (0%)	Total: 1 (50%)
[cartographer_node-1] [0.707222, 0.708104)	                    	Count: 0 (0%)	Total: 1 (50%)
[cartographer_node-1] [0.708104, 0.708986)	                    	Count: 0 (0%)	Total: 1 (50%)
[cartographer_node-1] [0.708986, 0.709868)	                    	Count: 0 (0%)	Total: 1 (50%)
[cartographer_node-1] [0.709868, 0.710750]	          ##########	Count: 1 (50%)	Total: 2 (100%)
[cartographer_node-1] [INFO] [1778748757.116893218] [cartographer logger]: I0514 17:52:37.000000 99049 pose_graph_2d.cc:538] Remaining work items in queue: 1
[cartographer_node-1] [INFO] [1778748757.116915398] [cartographer logger]: I0514 17:52:37.000000 99049 constraint_builder_2d.cc:294] 0 computations resulted in 0 additional constraints.
[cartographer_node-1] [INFO] [1778748757.117127643] [cartographer logger]: I0514 17:52:37.000000 99049 constraint_builder_2d.cc:296] Score histogram:
[cartographer_node-1] Count: 2  Min: 0.701929  Max: 0.71075  Mean: 0.70634
[cartographer_node-1] [0.701929, 0.702811)	          ##########	Count: 1 (50%)	Total: 1 (50%)
[cartographer_node-1] [0.702811, 0.703694)	                    	Count: 0 (0%)	Total: 1 (50%)
[cartographer_node-1] [0.703694, 0.704576)	                    	Count: 0 (0%)	Total: 1 (50%)
[cartographer_node-1] [0.704576, 0.705458)	                    	Count: 0 (0%)	Total: 1 (50%)
[cartographer_node-1] [0.705458, 0.706340)	                    	Count: 0 (0%)	Total: 1 (50%)
[cartographer_node-1] [0.706340, 0.707222)	                    	Count: 0 (0%)	Total: 1 (50%)
[cartographer_node-1] [0.707222, 0.708104)	                    	Count: 0 (0%)	Total: 1 (50%)
[cartographer_node-1] [0.708104, 0.708986)	                    	Count: 0 (0%)	Total: 1 (50%)
[cartographer_node-1] [0.708986, 0.709868)	                    	Count: 0 (0%)	Total: 1 (50%)
[cartographer_node-1] [0.709868, 0.710750]	          ##########	Count: 1 (50%)	Total: 2 (100%)
[cartographer_node-1] [INFO] [1778748757.178307933] [cartographer logger]: I0514 17:52:37.000000 99049 constraint_builder_2d.cc:279] Node (1, 85) with 198 points on submap (0, 10) matches with score 58.6%.
[cartographer_node-1] [INFO] [1778748757.194450468] [cartographer logger]: I0514 17:52:37.000000 99047 pose_graph_2d.cc:538] Remaining work items in queue: 0
[cartographer_node-1] [INFO] [1778748757.194475139] [cartographer logger]: I0514 17:52:37.000000 99047 constraint_builder_2d.cc:294] 1 computations resulted in 1 additional constraints.
[cartographer_node-1] [INFO] [1778748757.194638812] [cartographer logger]: I0514 17:52:37.000000 99047 constraint_builder_2d.cc:296] Score histogram:
[cartographer_node-1] Count: 3  Min: 0.585958  Max: 0.71075  Mean: 0.666212
[cartographer_node-1] [0.585958, 0.598437)	             #######	Count: 1 (33.3333%)	Total: 1 (33.3333%)
[cartographer_node-1] [0.598437, 0.610916)	                    	Count: 0 (0%)	Total: 1 (33.3333%)
[cartographer_node-1] [0.610916, 0.623395)	                    	Count: 0 (0%)	Total: 1 (33.3333%)
[cartographer_node-1] [0.623395, 0.635875)	                    	Count: 0 (0%)	Total: 1 (33.3333%)
[cartographer_node-1] [0.635875, 0.648354)	                    	Count: 0 (0%)	Total: 1 (33.3333%)
[cartographer_node-1] [0.648354, 0.660833)	                    	Count: 0 (0%)	Total: 1 (33.3333%)
[cartographer_node-1] [0.660833, 0.673312)	                    	Count: 0 (0%)	Total: 1 (33.3333%)
[cartographer_node-1] [0.673312, 0.685792)	                    	Count: 0 (0%)	Total: 1 (33.3333%)
[cartographer_node-1] [0.685792, 0.698271)	                    	Count: 0 (0%)	Total: 1 (33.3333%)
[cartographer_node-1] [0.698271, 0.710750]	       #############	Count: 2 (66.6667%)	Total: 3 (100%)
[cartographer_node-1] [INFO] [1778748757.243953705] [cartographer logger]: I0514 17:52:37.000000 99050 pose_graph_2d.cc:538] Remaining work items in queue: 0
[cartographer_node-1] [INFO] [1778748757.243986527] [cartographer logger]: I0514 17:52:37.000000 99050 constraint_builder_2d.cc:294] 0 computations resulted in 0 additional constraints.
[cartographer_node-1] [INFO] [1778748757.244304366] [cartographer logger]: I0514 17:52:37.000000 99050 constraint_builder_2d.cc:296] Score histogram:
[cartographer_node-1] Count: 3  Min: 0.585958  Max: 0.71075  Mean: 0.666212
[cartographer_node-1] [0.585958, 0.598437)	             #######	Count: 1 (33.3333%)	Total: 1 (33.3333%)
[cartographer_node-1] [0.598437, 0.610916)	                    	Count: 0 (0%)	Total: 1 (33.3333%)
[cartographer_node-1] [0.610916, 0.623395)	                    	Count: 0 (0%)	Total: 1 (33.3333%)
[cartographer_node-1] [0.623395, 0.635875)	                    	Count: 0 (0%)	Total: 1 (33.3333%)
[cartographer_node-1] [0.635875, 0.648354)	                    	Count: 0 (0%)	Total: 1 (33.3333%)
[cartographer_node-1] [0.648354, 0.660833)	                    	Count: 0 (0%)	Total: 1 (33.3333%)
[cartographer_node-1] [0.660833, 0.673312)	                    	Count: 0 (0%)	Total: 1 (33.3333%)
[cartographer_node-1] [0.673312, 0.685792)	                    	Count: 0 (0%)	Total: 1 (33.3333%)
[cartographer_node-1] [0.685792, 0.698271)	                    	Count: 0 (0%)	Total: 1 (33.3333%)
[cartographer_node-1] [0.698271, 0.710750]	       #############	Count: 2 (66.6667%)	Total: 3 (100%)
[cartographer_node-1] [INFO] [1778748757.317623364] [cartographer logger]: I0514 17:52:37.000000 99008 collated_trajectory_builder.cc:81] imu rate: 39.94 Hz 2.50e-02 s +/- 7.29e-03 s (pulsed at 99.12% real time)
[cartographer_node-1] [INFO] [1778748757.317647481] [cartographer logger]: I0514 17:52:37.000000 99008 collated_trajectory_builder.cc:81] odom_wheel rate: 40.20 Hz 2.49e-02 s +/- 8.64e-03 s (pulsed at 99.75% real time)
[cartographer_node-1] [INFO] [1778748757.317658479] [cartographer logger]: I0514 17:52:37.000000 99008 collated_trajectory_builder.cc:81] scan rate: 39.90 Hz 2.51e-02 s +/- 4.98e-03 s (pulsed at 99.27% real time)
[cartographer_node-1] [INFO] [1778748757.318919886] [cartographer logger]: I0514 17:52:37.000000 99008 pose_graph_2d.cc:148] Inserted submap (1, 1).
[cartographer_node-1] [INFO] [1778748757.394385551] [cartographer logger]: I0514 17:52:37.000000 99048 pose_graph_2d.cc:538] Remaining work items in queue: 2
[cartographer_node-1] [INFO] [1778748757.394412711] [cartographer logger]: I0514 17:52:37.000000 99048 constraint_builder_2d.cc:294] 0 computations resulted in 0 additional constraints.
[cartographer_node-1] [INFO] [1778748757.394676212] [cartographer logger]: I0514 17:52:37.000000 99048 constraint_builder_2d.cc:296] Score histogram:
[cartographer_node-1] Count: 3  Min: 0.585958  Max: 0.71075  Mean: 0.666212
[cartographer_node-1] [0.585958, 0.598437)	             #######	Count: 1 (33.3333%)	Total: 1 (33.3333%)
[cartographer_node-1] [0.598437, 0.610916)	                    	Count: 0 (0%)	Total: 1 (33.3333%)
[cartographer_node-1] [0.610916, 0.623395)	                    	Count: 0 (0%)	Total: 1 (33.3333%)
[cartographer_node-1] [0.623395, 0.635875)	                    	Count: 0 (0%)	Total: 1 (33.3333%)
[cartographer_node-1] [0.635875, 0.648354)	                    	Count: 0 (0%)	Total: 1 (33.3333%)
[cartographer_node-1] [0.648354, 0.660833)	                    	Count: 0 (0%)	Total: 1 (33.3333%)
[cartographer_node-1] [0.660833, 0.673312)	                    	Count: 0 (0%)	Total: 1 (33.3333%)
[cartographer_node-1] [0.673312, 0.685792)	                    	Count: 0 (0%)	Total: 1 (33.3333%)
[cartographer_node-1] [0.685792, 0.698271)	                    	Count: 0 (0%)	Total: 1 (33.3333%)
[cartographer_node-1] [0.698271, 0.710750]	       #############	Count: 2 (66.6667%)	Total: 3 (100%)
[cartographer_node-1] [INFO] [1778748757.498731009] [cartographer logger]: I0514 17:52:37.000000 99048 pose_graph_2d.cc:538] Remaining work items in queue: 0
[cartographer_node-1] [INFO] [1778748757.498796500] [cartographer logger]: I0514 17:52:37.000000 99048 constraint_builder_2d.cc:294] 0 computations resulted in 0 additional constraints.
[cartographer_node-1] [INFO] [1778748757.498861352] [cartographer logger]: I0514 17:52:37.000000 99048 constraint_builder_2d.cc:296] Score histogram:
[cartographer_node-1] Count: 3  Min: 0.585958  Max: 0.71075  Mean: 0.666212
[cartographer_node-1] [0.585958, 0.598437)	             #######	Count: 1 (33.3333%)	Total: 1 (33.3333%)
[cartographer_node-1] [0.598437, 0.610916)	                    	Count: 0 (0%)	Total: 1 (33.3333%)
[cartographer_node-1] [0.610916, 0.623395)	                    	Count: 0 (0%)	Total: 1 (33.3333%)
[cartographer_node-1] [0.623395, 0.635875)	                    	Count: 0 (0%)	Total: 1 (33.3333%)
[cartographer_node-1] [0.635875, 0.648354)	                    	Count: 0 (0%)	Total: 1 (33.3333%)
[cartographer_node-1] [0.648354, 0.660833)	                    	Count: 0 (0%)	Total: 1 (33.3333%)
[cartographer_node-1] [0.660833, 0.673312)	                    	Count: 0 (0%)	Total: 1 (33.3333%)
[cartographer_node-1] [0.673312, 0.685792)	                    	Count: 0 (0%)	Total: 1 (33.3333%)
[cartographer_node-1] [0.685792, 0.698271)	                    	Count: 0 (0%)	Total: 1 (33.3333%)
[cartographer_node-1] [0.698271, 0.710750]	       #############	Count: 2 (66.6667%)	Total: 3 (100%)
[cartographer_node-1] [INFO] [1778748757.539903626] [cartographer logger]: I0514 17:52:37.000000 99048 pose_graph_2d.cc:538] Remaining work items in queue: 0
[cartographer_node-1] [INFO] [1778748757.539931921] [cartographer logger]: I0514 17:52:37.000000 99048 constraint_builder_2d.cc:294] 0 computations resulted in 0 additional constraints.
[cartographer_node-1] [INFO] [1778748757.540048798] [cartographer logger]: I0514 17:52:37.000000 99048 constraint_builder_2d.cc:296] Score histogram:
[cartographer_node-1] Count: 3  Min: 0.585958  Max: 0.71075  Mean: 0.666212
[cartographer_node-1] [0.585958, 0.598437)	             #######	Count: 1 (33.3333%)	Total: 1 (33.3333%)
[cartographer_node-1] [0.598437, 0.610916)	                    	Count: 0 (0%)	Total: 1 (33.3333%)
[cartographer_node-1] [0.610916, 0.623395)	                    	Count: 0 (0%)	Total: 1 (33.3333%)
[cartographer_node-1] [0.623395, 0.635875)	                    	Count: 0 (0%)	Total: 1 (33.3333%)
[cartographer_node-1] [0.635875, 0.648354)	                    	Count: 0 (0%)	Total: 1 (33.3333%)
[cartographer_node-1] [0.648354, 0.660833)	                    	Count: 0 (0%)	Total: 1 (33.3333%)
[cartographer_node-1] [0.660833, 0.673312)	                    	Count: 0 (0%)	Total: 1 (33.3333%)
[cartographer_node-1] [0.673312, 0.685792)	                    	Count: 0 (0%)	Total: 1 (33.3333%)
[cartographer_node-1] [0.685792, 0.698271)	                    	Count: 0 (0%)	Total: 1 (33.3333%)
[cartographer_node-1] [0.698271, 0.710750]	       #############	Count: 2 (66.6667%)	Total: 3 (100%)
[cartographer_node-1] [INFO] [1778748757.616748757] [cartographer logger]: I0514 17:52:37.000000 99050 pose_graph_2d.cc:538] Remaining work items in queue: 0
[cartographer_node-1] [INFO] [1778748757.626717756] [cartographer logger]: I0514 17:52:37.000000 99047 constraint_builder_2d.cc:294] 1 computations resulted in 0 additional constraints.
[cartographer_node-1] [INFO] [1778748757.626742982] [cartographer logger]: I0514 17:52:37.000000 99047 constraint_builder_2d.cc:296] Score histogram:
[cartographer_node-1] Count: 3  Min: 0.585958  Max: 0.71075  Mean: 0.666212
[cartographer_node-1] [0.585958, 0.598437)	             #######	Count: 1 (33.3333%)	Total: 1 (33.3333%)
[cartographer_node-1] [0.598437, 0.610916)	                    	Count: 0 (0%)	Total: 1 (33.3333%)
[cartographer_node-1] [0.610916, 0.623395)	                    	Count: 0 (0%)	Total: 1 (33.3333%)
[cartographer_node-1] [0.623395, 0.635875)	                    	Count: 0 (0%)	Total: 1 (33.3333%)
[cartographer_node-1] [0.635875, 0.648354)	                    	Count: 0 (0%)	Total: 1 (33.3333%)
[cartographer_node-1] [0.648354, 0.660833)	                    	Count: 0 (0%)	Total: 1 (33.3333%)
[cartographer_node-1] [0.660833, 0.673312)	                    	Count: 0 (0%)	Total: 1 (33.3333%)
[cartographer_node-1] [0.673312, 0.685792)	                    	Count: 0 (0%)	Total: 1 (33.3333%)
[cartographer_node-1] [0.685792, 0.698271)	                    	Count: 0 (0%)	Total: 1 (33.3333%)
[cartographer_node-1] [0.698271, 0.710750]	       #############	Count: 2 (66.6667%)	Total: 3 (100%)
[cartographer_node-1] [INFO] [1778748757.718186660] [cartographer logger]: I0514 17:52:37.000000 99049 pose_graph_2d.cc:538] Remaining work items in queue: 1
[cartographer_node-1] [INFO] [1778748757.718237289] [cartographer logger]: I0514 17:52:37.000000 99049 constraint_builder_2d.cc:294] 0 computations resulted in 0 additional constraints.
[cartographer_node-1] [INFO] [1778748757.718260471] [cartographer logger]: I0514 17:52:37.000000 99049 constraint_builder_2d.cc:296] Score histogram:
[cartographer_node-1] Count: 3  Min: 0.585958  Max: 0.71075  Mean: 0.666212
[cartographer_node-1] [0.585958, 0.598437)	             #######	Count: 1 (33.3333%)	Total: 1 (33.3333%)
[cartographer_node-1] [0.598437, 0.610916)	                    	Count: 0 (0%)	Total: 1 (33.3333%)
[cartographer_node-1] [0.610916, 0.623395)	                    	Count: 0 (0%)	Total: 1 (33.3333%)
[cartographer_node-1] [0.623395, 0.635875)	                    	Count: 0 (0%)	Total: 1 (33.3333%)
[cartographer_node-1] [0.635875, 0.648354)	                    	Count: 0 (0%)	Total: 1 (33.3333%)
[cartographer_node-1] [0.648354, 0.660833)	                    	Count: 0 (0%)	Total: 1 (33.3333%)
[cartographer_node-1] [0.660833, 0.673312)	                    	Count: 0 (0%)	Total: 1 (33.3333%)
[cartographer_node-1] [0.673312, 0.685792)	                    	Count: 0 (0%)	Total: 1 (33.3333%)
[cartographer_node-1] [0.685792, 0.698271)	                    	Count: 0 (0%)	Total: 1 (33.3333%)
[cartographer_node-1] [0.698271, 0.710750]	       #############	Count: 2 (66.6667%)	Total: 3 (100%)
[cartographer_node-1] [INFO] [1778748757.792899899] [cartographer logger]: I0514 17:52:37.000000 99047 pose_graph_2d.cc:538] Remaining work items in queue: 1
[cartographer_node-1] [INFO] [1778748757.792946021] [cartographer logger]: I0514 17:52:37.000000 99047 constraint_builder_2d.cc:294] 0 computations resulted in 0 additional constraints.
[cartographer_node-1] [INFO] [1778748757.792978009] [cartographer logger]: I0514 17:52:37.000000 99047 constraint_builder_2d.cc:296] Score histogram:
[cartographer_node-1] Count: 3  Min: 0.585958  Max: 0.71075  Mean: 0.666212
[cartographer_node-1] [0.585958, 0.598437)	             #######	Count: 1 (33.3333%)	Total: 1 (33.3333%)
[cartographer_node-1] [0.598437, 0.610916)	                    	Count: 0 (0%)	Total: 1 (33.3333%)
[cartographer_node-1] [0.610916, 0.623395)	                    	Count: 0 (0%)	Total: 1 (33.3333%)
[cartographer_node-1] [0.623395, 0.635875)	                    	Count: 0 (0%)	Total: 1 (33.3333%)
[cartographer_node-1] [0.635875, 0.648354)	                    	Count: 0 (0%)	Total: 1 (33.3333%)
[cartographer_node-1] [0.648354, 0.660833)	                    	Count: 0 (0%)	Total: 1 (33.3333%)
[cartographer_node-1] [0.660833, 0.673312)	                    	Count: 0 (0%)	Total: 1 (33.3333%)
[cartographer_node-1] [0.673312, 0.685792)	                    	Count: 0 (0%)	Total: 1 (33.3333%)
[cartographer_node-1] [0.685792, 0.698271)	                    	Count: 0 (0%)	Total: 1 (33.3333%)
[cartographer_node-1] [0.698271, 0.710750]	       #############	Count: 2 (66.6667%)	Total: 3 (100%)
[cartographer_node-1] [INFO] [1778748757.868840942] [cartographer logger]: I0514 17:52:37.000000 99048 pose_graph_2d.cc:538] Remaining work items in queue: 0
[cartographer_node-1] [INFO] [1778748757.868867597] [cartographer logger]: I0514 17:52:37.000000 99048 constraint_builder_2d.cc:294] 0 computations resulted in 0 additional constraints.
[cartographer_node-1] [INFO] [1778748757.869064331] [cartographer logger]: I0514 17:52:37.000000 99048 constraint_builder_2d.cc:296] Score histogram:
[cartographer_node-1] Count: 3  Min: 0.585958  Max: 0.71075  Mean: 0.666212
[cartographer_node-1] [0.585958, 0.598437)	             #######	Count: 1 (33.3333%)	Total: 1 (33.3333%)
[cartographer_node-1] [0.598437, 0.610916)	                    	Count: 0 (0%)	Total: 1 (33.3333%)
[cartographer_node-1] [0.610916, 0.623395)	                    	Count: 0 (0%)	Total: 1 (33.3333%)
[cartographer_node-1] [0.623395, 0.635875)	                    	Count: 0 (0%)	Total: 1 (33.3333%)
[cartographer_node-1] [0.635875, 0.648354)	                    	Count: 0 (0%)	Total: 1 (33.3333%)
[cartographer_node-1] [0.648354, 0.660833)	                    	Count: 0 (0%)	Total: 1 (33.3333%)
[cartographer_node-1] [0.660833, 0.673312)	                    	Count: 0 (0%)	Total: 1 (33.3333%)
[cartographer_node-1] [0.673312, 0.685792)	                    	Count: 0 (0%)	Total: 1 (33.3333%)
[cartographer_node-1] [0.685792, 0.698271)	                    	Count: 0 (0%)	Total: 1 (33.3333%)
[cartographer_node-1] [0.698271, 0.710750]	       #############	Count: 2 (66.6667%)	Total: 3 (100%)
[cartographer_node-1] [INFO] [1778748757.917965589] [cartographer logger]: I0514 17:52:37.000000 99049 pose_graph_2d.cc:538] Remaining work items in queue: 0
[cartographer_node-1] [INFO] [1778748757.917985981] [cartographer logger]: I0514 17:52:37.000000 99049 constraint_builder_2d.cc:294] 0 computations resulted in 0 additional constraints.
[cartographer_node-1] [INFO] [1778748757.918169151] [cartographer logger]: I0514 17:52:37.000000 99049 constraint_builder_2d.cc:296] Score histogram:
[cartographer_node-1] Count: 3  Min: 0.585958  Max: 0.71075  Mean: 0.666212
[cartographer_node-1] [0.585958, 0.598437)	             #######	Count: 1 (33.3333%)	Total: 1 (33.3333%)
[cartographer_node-1] [0.598437, 0.610916)	                    	Count: 0 (0%)	Total: 1 (33.3333%)
[cartographer_node-1] [0.610916, 0.623395)	                    	Count: 0 (0%)	Total: 1 (33.3333%)
[cartographer_node-1] [0.623395, 0.635875)	                    	Count: 0 (0%)	Total: 1 (33.3333%)
[cartographer_node-1] [0.635875, 0.648354)	                    	Count: 0 (0%)	Total: 1 (33.3333%)
[cartographer_node-1] [0.648354, 0.660833)	                    	Count: 0 (0%)	Total: 1 (33.3333%)
[cartographer_node-1] [0.660833, 0.673312)	                    	Count: 0 (0%)	Total: 1 (33.3333%)
[cartographer_node-1] [0.673312, 0.685792)	                    	Count: 0 (0%)	Total: 1 (33.3333%)
[cartographer_node-1] [0.685792, 0.698271)	                    	Count: 0 (0%)	Total: 1 (33.3333%)
[cartographer_node-1] [0.698271, 0.710750]	       #############	Count: 2 (66.6667%)	Total: 3 (100%)
[cartographer_node-1] [INFO] [1778748757.985311906] [cartographer logger]: I0514 17:52:37.000000 99047 constraint_builder_2d.cc:279] Node (1, 114) with 199 points on submap (0, 4) matches with score 59.9%.
[cartographer_node-1] [INFO] [1778748757.992858170] [cartographer logger]: I0514 17:52:37.000000 99047 pose_graph_2d.cc:538] Remaining work items in queue: 2
[cartographer_node-1] [INFO] [1778748757.992897394] [cartographer logger]: I0514 17:52:37.000000 99047 constraint_builder_2d.cc:294] 1 computations resulted in 1 additional constraints.
[cartographer_node-1] [INFO] [1778748757.992915551] [cartographer logger]: I0514 17:52:37.000000 99047 constraint_builder_2d.cc:296] Score histogram:
[cartographer_node-1] Count: 4  Min: 0.585958  Max: 0.71075  Mean: 0.64931
[cartographer_node-1] [0.585958, 0.598437)	               #####	Count: 1 (25%)	Total: 1 (25%)
[cartographer_node-1] [0.598437, 0.610916)	               #####	Count: 1 (25%)	Total: 2 (50%)
[cartographer_node-1] [0.610916, 0.623395)	                    	Count: 0 (0%)	Total: 2 (50%)
[cartographer_node-1] [0.623395, 0.635875)	                    	Count: 0 (0%)	Total: 2 (50%)
[cartographer_node-1] [0.635875, 0.648354)	                    	Count: 0 (0%)	Total: 2 (50%)
[cartographer_node-1] [0.648354, 0.660833)	                    	Count: 0 (0%)	Total: 2 (50%)
[cartographer_node-1] [0.660833, 0.673312)	                    	Count: 0 (0%)	Total: 2 (50%)
[cartographer_node-1] [0.673312, 0.685792)	                    	Count: 0 (0%)	Total: 2 (50%)
[cartographer_node-1] [0.685792, 0.698271)	                    	Count: 0 (0%)	Total: 2 (50%)
[cartographer_node-1] [0.698271, 0.710750]	          ##########	Count: 2 (50%)	Total: 4 (100%)
[cartographer_node-1] [INFO] [1778748758.094094688] [cartographer logger]: I0514 17:52:38.000000 99047 pose_graph_2d.cc:538] Remaining work items in queue: 1
[cartographer_node-1] [INFO] [1778748758.094118703] [cartographer logger]: I0514 17:52:38.000000 99047 constraint_builder_2d.cc:294] 0 computations resulted in 0 additional constraints.
[cartographer_node-1] [INFO] [1778748758.094172685] [cartographer logger]: I0514 17:52:38.000000 99047 constraint_builder_2d.cc:296] Score histogram:
[cartographer_node-1] Count: 4  Min: 0.585958  Max: 0.71075  Mean: 0.64931
[cartographer_node-1] [0.585958, 0.598437)	               #####	Count: 1 (25%)	Total: 1 (25%)
[cartographer_node-1] [0.598437, 0.610916)	               #####	Count: 1 (25%)	Total: 2 (50%)
[cartographer_node-1] [0.610916, 0.623395)	                    	Count: 0 (0%)	Total: 2 (50%)
[cartographer_node-1] [0.623395, 0.635875)	                    	Count: 0 (0%)	Total: 2 (50%)
[cartographer_node-1] [0.635875, 0.648354)	                    	Count: 0 (0%)	Total: 2 (50%)
[cartographer_node-1] [0.648354, 0.660833)	                    	Count: 0 (0%)	Total: 2 (50%)
[cartographer_node-1] [0.660833, 0.673312)	                    	Count: 0 (0%)	Total: 2 (50%)
[cartographer_node-1] [0.673312, 0.685792)	                    	Count: 0 (0%)	Total: 2 (50%)
[cartographer_node-1] [0.685792, 0.698271)	                    	Count: 0 (0%)	Total: 2 (50%)
[cartographer_node-1] [0.698271, 0.710750]	          ##########	Count: 2 (50%)	Total: 4 (100%)
[cartographer_node-1] [INFO] [1778748758.142745214] [cartographer logger]: I0514 17:52:38.000000 99050 pose_graph_2d.cc:538] Remaining work items in queue: 0
[cartographer_node-1] [INFO] [1778748758.142822476] [cartographer logger]: I0514 17:52:38.000000 99050 constraint_builder_2d.cc:294] 0 computations resulted in 0 additional constraints.
[cartographer_node-1] [INFO] [1778748758.143041873] [cartographer logger]: I0514 17:52:38.000000 99050 constraint_builder_2d.cc:296] Score histogram:
[cartographer_node-1] Count: 4  Min: 0.585958  Max: 0.71075  Mean: 0.64931
[cartographer_node-1] [0.585958, 0.598437)	               #####	Count: 1 (25%)	Total: 1 (25%)
[cartographer_node-1] [0.598437, 0.610916)	               #####	Count: 1 (25%)	Total: 2 (50%)
[cartographer_node-1] [0.610916, 0.623395)	                    	Count: 0 (0%)	Total: 2 (50%)
[cartographer_node-1] [0.623395, 0.635875)	                    	Count: 0 (0%)	Total: 2 (50%)
[cartographer_node-1] [0.635875, 0.648354)	                    	Count: 0 (0%)	Total: 2 (50%)
[cartographer_node-1] [0.648354, 0.660833)	                    	Count: 0 (0%)	Total: 2 (50%)
[cartographer_node-1] [0.660833, 0.673312)	                    	Count: 0 (0%)	Total: 2 (50%)
[cartographer_node-1] [0.673312, 0.685792)	                    	Count: 0 (0%)	Total: 2 (50%)
[cartographer_node-1] [0.685792, 0.698271)	                    	Count: 0 (0%)	Total: 2 (50%)
[cartographer_node-1] [0.698271, 0.710750]	          ##########	Count: 2 (50%)	Total: 4 (100%)
[cartographer_node-1] [INFO] [1778748758.216750090] [cartographer logger]: I0514 17:52:38.000000 99050 pose_graph_2d.cc:538] Remaining work items in queue: 0
[cartographer_node-1] [INFO] [1778748758.216810077] [cartographer logger]: I0514 17:52:38.000000 99050 constraint_builder_2d.cc:294] 0 computations resulted in 0 additional constraints.
[cartographer_node-1] [INFO] [1778748758.216956019] [cartographer logger]: I0514 17:52:38.000000 99050 constraint_builder_2d.cc:296] Score histogram:
[cartographer_node-1] Count: 4  Min: 0.585958  Max: 0.71075  Mean: 0.64931
[cartographer_node-1] [0.585958, 0.598437)	               #####	Count: 1 (25%)	Total: 1 (25%)
[cartographer_node-1] [0.598437, 0.610916)	               #####	Count: 1 (25%)	Total: 2 (50%)
[cartographer_node-1] [0.610916, 0.623395)	                    	Count: 0 (0%)	Total: 2 (50%)
[cartographer_node-1] [0.623395, 0.635875)	                    	Count: 0 (0%)	Total: 2 (50%)
[cartographer_node-1] [0.635875, 0.648354)	                    	Count: 0 (0%)	Total: 2 (50%)
[cartographer_node-1] [0.648354, 0.660833)	                    	Count: 0 (0%)	Total: 2 (50%)
[cartographer_node-1] [0.660833, 0.673312)	                    	Count: 0 (0%)	Total: 2 (50%)
[cartographer_node-1] [0.673312, 0.685792)	                    	Count: 0 (0%)	Total: 2 (50%)
[cartographer_node-1] [0.685792, 0.698271)	                    	Count: 0 (0%)	Total: 2 (50%)
[cartographer_node-1] [0.698271, 0.710750]	          ##########	Count: 2 (50%)	Total: 4 (100%)
[cartographer_node-1] [INFO] [1778748758.308380310] [cartographer logger]: I0514 17:52:38.000000 99048 pose_graph_2d.cc:538] Remaining work items in queue: 0
[cartographer_node-1] [INFO] [1778748758.339537311] [cartographer logger]: I0514 17:52:38.000000 99050 constraint_builder_2d.cc:294] 1 computations resulted in 0 additional constraints.
[cartographer_node-1] [INFO] [1778748758.339585619] [cartographer logger]: I0514 17:52:38.000000 99050 constraint_builder_2d.cc:296] Score histogram:
[cartographer_node-1] Count: 4  Min: 0.585958  Max: 0.71075  Mean: 0.64931
[cartographer_node-1] [0.585958, 0.598437)	               #####	Count: 1 (25%)	Total: 1 (25%)
[cartographer_node-1] [0.598437, 0.610916)	               #####	Count: 1 (25%)	Total: 2 (50%)
[cartographer_node-1] [0.610916, 0.623395)	                    	Count: 0 (0%)	Total: 2 (50%)
[cartographer_node-1] [0.623395, 0.635875)	                    	Count: 0 (0%)	Total: 2 (50%)
[cartographer_node-1] [0.635875, 0.648354)	                    	Count: 0 (0%)	Total: 2 (50%)
[cartographer_node-1] [0.648354, 0.660833)	                    	Count: 0 (0%)	Total: 2 (50%)
[cartographer_node-1] [0.660833, 0.673312)	                    	Count: 0 (0%)	Total: 2 (50%)
[cartographer_node-1] [0.673312, 0.685792)	                    	Count: 0 (0%)	Total: 2 (50%)
[cartographer_node-1] [0.685792, 0.698271)	                    	Count: 0 (0%)	Total: 2 (50%)
[cartographer_node-1] [0.698271, 0.710750]	          ##########	Count: 2 (50%)	Total: 4 (100%)
[cartographer_node-1] [INFO] [1778748758.498882485] [cartographer logger]: I0514 17:52:38.000000 99047 pose_graph_2d.cc:538] Remaining work items in queue: 1
[cartographer_node-1] [INFO] [1778748758.498908980] [cartographer logger]: I0514 17:52:38.000000 99047 constraint_builder_2d.cc:294] 0 computations resulted in 0 additional constraints.
[cartographer_node-1] [INFO] [1778748758.499160361] [cartographer logger]: I0514 17:52:38.000000 99047 constraint_builder_2d.cc:296] Score histogram:
[cartographer_node-1] Count: 4  Min: 0.585958  Max: 0.71075  Mean: 0.64931
[cartographer_node-1] [0.585958, 0.598437)	               #####	Count: 1 (25%)	Total: 1 (25%)
[cartographer_node-1] [0.598437, 0.610916)	               #####	Count: 1 (25%)	Total: 2 (50%)
[cartographer_node-1] [0.610916, 0.623395)	                    	Count: 0 (0%)	Total: 2 (50%)
[cartographer_node-1] [0.623395, 0.635875)	                    	Count: 0 (0%)	Total: 2 (50%)
[cartographer_node-1] [0.635875, 0.648354)	                    	Count: 0 (0%)	Total: 2 (50%)
[cartographer_node-1] [0.648354, 0.660833)	                    	Count: 0 (0%)	Total: 2 (50%)
[cartographer_node-1] [0.660833, 0.673312)	                    	Count: 0 (0%)	Total: 2 (50%)
[cartographer_node-1] [0.673312, 0.685792)	                    	Count: 0 (0%)	Total: 2 (50%)
[cartographer_node-1] [0.685792, 0.698271)	                    	Count: 0 (0%)	Total: 2 (50%)
[cartographer_node-1] [0.698271, 0.710750]	          ##########	Count: 2 (50%)	Total: 4 (100%)
[cartographer_node-1] [INFO] [1778748758.600148011] [cartographer logger]: I0514 17:52:38.000000 99049 pose_graph_2d.cc:538] Remaining work items in queue: 1
[cartographer_node-1] [INFO] [1778748758.600178518] [cartographer logger]: I0514 17:52:38.000000 99049 constraint_builder_2d.cc:294] 0 computations resulted in 0 additional constraints.
[cartographer_node-1] [INFO] [1778748758.600388255] [cartographer logger]: I0514 17:52:38.000000 99049 constraint_builder_2d.cc:296] Score histogram:
[cartographer_node-1] Count: 4  Min: 0.585958  Max: 0.71075  Mean: 0.64931
[cartographer_node-1] [0.585958, 0.598437)	               #####	Count: 1 (25%)	Total: 1 (25%)
[cartographer_node-1] [0.598437, 0.610916)	               #####	Count: 1 (25%)	Total: 2 (50%)
[cartographer_node-1] [0.610916, 0.623395)	                    	Count: 0 (0%)	Total: 2 (50%)
[cartographer_node-1] [0.623395, 0.635875)	                    	Count: 0 (0%)	Total: 2 (50%)
[cartographer_node-1] [0.635875, 0.648354)	                    	Count: 0 (0%)	Total: 2 (50%)
[cartographer_node-1] [0.648354, 0.660833)	                    	Count: 0 (0%)	Total: 2 (50%)
[cartographer_node-1] [0.660833, 0.673312)	                    	Count: 0 (0%)	Total: 2 (50%)
[cartographer_node-1] [0.673312, 0.685792)	                    	Count: 0 (0%)	Total: 2 (50%)
[cartographer_node-1] [0.685792, 0.698271)	                    	Count: 0 (0%)	Total: 2 (50%)
[cartographer_node-1] [0.698271, 0.710750]	          ##########	Count: 2 (50%)	Total: 4 (100%)
[cartographer_node-1] [INFO] [1778748758.690639137] [cartographer logger]: I0514 17:52:38.000000 99047 pose_graph_2d.cc:538] Remaining work items in queue: 0
[cartographer_node-1] [INFO] [1778748758.690664301] [cartographer logger]: I0514 17:52:38.000000 99047 constraint_builder_2d.cc:294] 0 computations resulted in 0 additional constraints.
[cartographer_node-1] [INFO] [1778748758.690950992] [cartographer logger]: I0514 17:52:38.000000 99047 constraint_builder_2d.cc:296] Score histogram:
[cartographer_node-1] Count: 4  Min: 0.585958  Max: 0.71075  Mean: 0.64931
[cartographer_node-1] [0.585958, 0.598437)	               #####	Count: 1 (25%)	Total: 1 (25%)
[cartographer_node-1] [0.598437, 0.610916)	               #####	Count: 1 (25%)	Total: 2 (50%)
[cartographer_node-1] [0.610916, 0.623395)	                    	Count: 0 (0%)	Total: 2 (50%)
[cartographer_node-1] [0.623395, 0.635875)	                    	Count: 0 (0%)	Total: 2 (50%)
[cartographer_node-1] [0.635875, 0.648354)	                    	Count: 0 (0%)	Total: 2 (50%)
[cartographer_node-1] [0.648354, 0.660833)	                    	Count: 0 (0%)	Total: 2 (50%)
[cartographer_node-1] [0.660833, 0.673312)	                    	Count: 0 (0%)	Total: 2 (50%)
[cartographer_node-1] [0.673312, 0.685792)	                    	Count: 0 (0%)	Total: 2 (50%)
[cartographer_node-1] [0.685792, 0.698271)	                    	Count: 0 (0%)	Total: 2 (50%)
[cartographer_node-1] [0.698271, 0.710750]	          ##########	Count: 2 (50%)	Total: 4 (100%)
[cartographer_node-1] [INFO] [1778748758.748252381] [cartographer logger]: I0514 17:52:38.000000 99048 pose_graph_2d.cc:538] Remaining work items in queue: 0
[cartographer_node-1] [INFO] [1778748758.748314521] [cartographer logger]: I0514 17:52:38.000000 99048 constraint_builder_2d.cc:294] 0 computations resulted in 0 additional constraints.
[cartographer_node-1] [INFO] [1778748758.748494677] [cartographer logger]: I0514 17:52:38.000000 99048 constraint_builder_2d.cc:296] Score histogram:
[cartographer_node-1] Count: 4  Min: 0.585958  Max: 0.71075  Mean: 0.64931
[cartographer_node-1] [0.585958, 0.598437)	               #####	Count: 1 (25%)	Total: 1 (25%)
[cartographer_node-1] [0.598437, 0.610916)	               #####	Count: 1 (25%)	Total: 2 (50%)
[cartographer_node-1] [0.610916, 0.623395)	                    	Count: 0 (0%)	Total: 2 (50%)
[cartographer_node-1] [0.623395, 0.635875)	                    	Count: 0 (0%)	Total: 2 (50%)
[cartographer_node-1] [0.635875, 0.648354)	                    	Count: 0 (0%)	Total: 2 (50%)
[cartographer_node-1] [0.648354, 0.660833)	                    	Count: 0 (0%)	Total: 2 (50%)
[cartographer_node-1] [0.660833, 0.673312)	                    	Count: 0 (0%)	Total: 2 (50%)
[cartographer_node-1] [0.673312, 0.685792)	                    	Count: 0 (0%)	Total: 2 (50%)
[cartographer_node-1] [0.685792, 0.698271)	                    	Count: 0 (0%)	Total: 2 (50%)
[cartographer_node-1] [0.698271, 0.710750]	          ##########	Count: 2 (50%)	Total: 4 (100%)
[cartographer_node-1] [INFO] [1778748758.806383453] [cartographer logger]: I0514 17:52:38.000000 99050 pose_graph_2d.cc:538] Remaining work items in queue: 1
[cartographer_node-1] [INFO] [1778748758.819506723] [cartographer logger]: I0514 17:52:38.000000 99048 constraint_builder_2d.cc:279] Node (1, 142) with 170 points on submap (0, 12) matches with score 62.4%.
[cartographer_node-1] [INFO] [1778748758.819535223] [cartographer logger]: I0514 17:52:38.000000 99048 constraint_builder_2d.cc:294] 1 computations resulted in 1 additional constraints.
[cartographer_node-1] [INFO] [1778748758.819577518] [cartographer logger]: I0514 17:52:38.000000 99048 constraint_builder_2d.cc:296] Score histogram:
[cartographer_node-1] Count: 5  Min: 0.585958  Max: 0.71075  Mean: 0.644258
[cartographer_node-1] [0.585958, 0.598437)	                ####	Count: 1 (20%)	Total: 1 (20%)
[cartographer_node-1] [0.598437, 0.610916)	                ####	Count: 1 (20%)	Total: 2 (40%)
[cartographer_node-1] [0.610916, 0.623395)	                    	Count: 0 (0%)	Total: 2 (40%)
[cartographer_node-1] [0.623395, 0.635875)	                ####	Count: 1 (20%)	Total: 3 (60%)
[cartographer_node-1] [0.635875, 0.648354)	                    	Count: 0 (0%)	Total: 3 (60%)
[cartographer_node-1] [0.648354, 0.660833)	                    	Count: 0 (0%)	Total: 3 (60%)
[cartographer_node-1] [0.660833, 0.673312)	                    	Count: 0 (0%)	Total: 3 (60%)
[cartographer_node-1] [0.673312, 0.685792)	                    	Count: 0 (0%)	Total: 3 (60%)
[cartographer_node-1] [0.685792, 0.698271)	                    	Count: 0 (0%)	Total: 3 (60%)
[cartographer_node-1] [0.698271, 0.710750]	            ########	Count: 2 (40%)	Total: 5 (100%)
[cartographer_node-1] [INFO] [1778748758.893199070] [cartographer logger]: I0514 17:52:38.000000 99048 pose_graph_2d.cc:538] Remaining work items in queue: 0
[cartographer_node-1] [INFO] [1778748758.893231019] [cartographer logger]: I0514 17:52:38.000000 99048 constraint_builder_2d.cc:294] 0 computations resulted in 0 additional constraints.
[cartographer_node-1] [INFO] [1778748758.893332035] [cartographer logger]: I0514 17:52:38.000000 99048 constraint_builder_2d.cc:296] Score histogram:
[cartographer_node-1] Count: 5  Min: 0.585958  Max: 0.71075  Mean: 0.644258
[cartographer_node-1] [0.585958, 0.598437)	                ####	Count: 1 (20%)	Total: 1 (20%)
[cartographer_node-1] [0.598437, 0.610916)	                ####	Count: 1 (20%)	Total: 2 (40%)
[cartographer_node-1] [0.610916, 0.623395)	                    	Count: 0 (0%)	Total: 2 (40%)
[cartographer_node-1] [0.623395, 0.635875)	                ####	Count: 1 (20%)	Total: 3 (60%)
[cartographer_node-1] [0.635875, 0.648354)	                    	Count: 0 (0%)	Total: 3 (60%)
[cartographer_node-1] [0.648354, 0.660833)	                    	Count: 0 (0%)	Total: 3 (60%)
[cartographer_node-1] [0.660833, 0.673312)	                    	Count: 0 (0%)	Total: 3 (60%)
[cartographer_node-1] [0.673312, 0.685792)	                    	Count: 0 (0%)	Total: 3 (60%)
[cartographer_node-1] [0.685792, 0.698271)	                    	Count: 0 (0%)	Total: 3 (60%)
[cartographer_node-1] [0.698271, 0.710750]	            ########	Count: 2 (40%)	Total: 5 (100%)
[cartographer_node-1] [INFO] [1778748758.997929662] [cartographer logger]: I0514 17:52:38.000000 99048 pose_graph_2d.cc:538] Remaining work items in queue: 0
[cartographer_node-1] [INFO] [1778748758.997956588] [cartographer logger]: I0514 17:52:38.000000 99048 constraint_builder_2d.cc:294] 0 computations resulted in 0 additional constraints.
[cartographer_node-1] [INFO] [1778748758.998182861] [cartographer logger]: I0514 17:52:38.000000 99048 constraint_builder_2d.cc:296] Score histogram:
[cartographer_node-1] Count: 5  Min: 0.585958  Max: 0.71075  Mean: 0.644258
[cartographer_node-1] [0.585958, 0.598437)	                ####	Count: 1 (20%)	Total: 1 (20%)
[cartographer_node-1] [0.598437, 0.610916)	                ####	Count: 1 (20%)	Total: 2 (40%)
[cartographer_node-1] [0.610916, 0.623395)	                    	Count: 0 (0%)	Total: 2 (40%)
[cartographer_node-1] [0.623395, 0.635875)	                ####	Count: 1 (20%)	Total: 3 (60%)
[cartographer_node-1] [0.635875, 0.648354)	                    	Count: 0 (0%)	Total: 3 (60%)
[cartographer_node-1] [0.648354, 0.660833)	                    	Count: 0 (0%)	Total: 3 (60%)
[cartographer_node-1] [0.660833, 0.673312)	                    	Count: 0 (0%)	Total: 3 (60%)
[cartographer_node-1] [0.673312, 0.685792)	                    	Count: 0 (0%)	Total: 3 (60%)
[cartographer_node-1] [0.685792, 0.698271)	                    	Count: 0 (0%)	Total: 3 (60%)
[cartographer_node-1] [0.698271, 0.710750]	            ########	Count: 2 (40%)	Total: 5 (100%)
[cartographer_node-1] [INFO] [1778748759.050440087] [cartographer logger]: I0514 17:52:39.000000 99048 pose_graph_2d.cc:538] Remaining work items in queue: 0
[cartographer_node-1] [INFO] [1778748759.050490112] [cartographer logger]: I0514 17:52:39.000000 99048 constraint_builder_2d.cc:294] 0 computations resulted in 0 additional constraints.
[cartographer_node-1] [INFO] [1778748759.050779762] [cartographer logger]: I0514 17:52:39.000000 99048 constraint_builder_2d.cc:296] Score histogram:
[cartographer_node-1] Count: 5  Min: 0.585958  Max: 0.71075  Mean: 0.644258
[cartographer_node-1] [0.585958, 0.598437)	                ####	Count: 1 (20%)	Total: 1 (20%)
[cartographer_node-1] [0.598437, 0.610916)	                ####	Count: 1 (20%)	Total: 2 (40%)
[cartographer_node-1] [0.610916, 0.623395)	                    	Count: 0 (0%)	Total: 2 (40%)
[cartographer_node-1] [0.623395, 0.635875)	                ####	Count: 1 (20%)	Total: 3 (60%)
[cartographer_node-1] [0.635875, 0.648354)	                    	Count: 0 (0%)	Total: 3 (60%)
[cartographer_node-1] [0.648354, 0.660833)	                    	Count: 0 (0%)	Total: 3 (60%)
[cartographer_node-1] [0.660833, 0.673312)	                    	Count: 0 (0%)	Total: 3 (60%)
[cartographer_node-1] [0.673312, 0.685792)	                    	Count: 0 (0%)	Total: 3 (60%)
[cartographer_node-1] [0.685792, 0.698271)	                    	Count: 0 (0%)	Total: 3 (60%)
[cartographer_node-1] [0.698271, 0.710750]	            ########	Count: 2 (40%)	Total: 5 (100%)
[cartographer_node-1] [INFO] [1778748759.129013910] [cartographer logger]: I0514 17:52:39.000000 99047 pose_graph_2d.cc:538] Remaining work items in queue: 0
[cartographer_node-1] [INFO] [1778748759.129035921] [cartographer logger]: I0514 17:52:39.000000 99047 constraint_builder_2d.cc:294] 0 computations resulted in 0 additional constraints.
[cartographer_node-1] [INFO] [1778748759.129274367] [cartographer logger]: I0514 17:52:39.000000 99047 constraint_builder_2d.cc:296] Score histogram:
[cartographer_node-1] Count: 5  Min: 0.585958  Max: 0.71075  Mean: 0.644258
[cartographer_node-1] [0.585958, 0.598437)	                ####	Count: 1 (20%)	Total: 1 (20%)
[cartographer_node-1] [0.598437, 0.610916)	                ####	Count: 1 (20%)	Total: 2 (40%)
[cartographer_node-1] [0.610916, 0.623395)	                    	Count: 0 (0%)	Total: 2 (40%)
[cartographer_node-1] [0.623395, 0.635875)	                ####	Count: 1 (20%)	Total: 3 (60%)
[cartographer_node-1] [0.635875, 0.648354)	                    	Count: 0 (0%)	Total: 3 (60%)
[cartographer_node-1] [0.648354, 0.660833)	                    	Count: 0 (0%)	Total: 3 (60%)
[cartographer_node-1] [0.660833, 0.673312)	                    	Count: 0 (0%)	Total: 3 (60%)
[cartographer_node-1] [0.673312, 0.685792)	                    	Count: 0 (0%)	Total: 3 (60%)
[cartographer_node-1] [0.685792, 0.698271)	                    	Count: 0 (0%)	Total: 3 (60%)
[cartographer_node-1] [0.698271, 0.710750]	            ########	Count: 2 (40%)	Total: 5 (100%)
[cartographer_node-1] [INFO] [1778748759.196680287] [cartographer logger]: I0514 17:52:39.000000 99049 pose_graph_2d.cc:538] Remaining work items in queue: 1
[cartographer_node-1] [INFO] [1778748759.235285909] [cartographer logger]: I0514 17:52:39.000000 99048 constraint_builder_2d.cc:279] Node (1, 157) with 208 points on submap (0, 2) matches with score 76.7%.
[cartographer_node-1] [INFO] [1778748759.235323626] [cartographer logger]: I0514 17:52:39.000000 99048 constraint_builder_2d.cc:294] 1 computations resulted in 1 additional constraints.
[cartographer_node-1] [INFO] [1778748759.235353469] [cartographer logger]: I0514 17:52:39.000000 99048 constraint_builder_2d.cc:296] Score histogram:
[cartographer_node-1] Count: 6  Min: 0.585958  Max: 0.767285  Mean: 0.664763
[cartographer_node-1] [0.585958, 0.604090)	             #######	Count: 2 (33.3333%)	Total: 2 (33.3333%)
[cartographer_node-1] [0.604090, 0.622223)	                    	Count: 0 (0%)	Total: 2 (33.3333%)
[cartographer_node-1] [0.622223, 0.640356)	                 ###	Count: 1 (16.6667%)	Total: 3 (50%)
[cartographer_node-1] [0.640356, 0.658489)	                    	Count: 0 (0%)	Total: 3 (50%)
[cartographer_node-1] [0.658489, 0.676621)	                    	Count: 0 (0%)	Total: 3 (50%)
[cartographer_node-1] [0.676621, 0.694754)	                    	Count: 0 (0%)	Total: 3 (50%)
[cartographer_node-1] [0.694754, 0.712887)	             #######	Count: 2 (33.3333%)	Total: 5 (83.3333%)
[cartographer_node-1] [0.712887, 0.731020)	                    	Count: 0 (0%)	Total: 5 (83.3333%)
[cartographer_node-1] [0.731020, 0.749152)	                    	Count: 0 (0%)	Total: 5 (83.3333%)
[cartographer_node-1] [0.749152, 0.767285]	                 ###	Count: 1 (16.6667%)	Total: 6 (100%)
[cartographer_node-1] [INFO] [1778748759.288143257] [cartographer logger]: I0514 17:52:39.000000 99048 pose_graph_2d.cc:538] Remaining work items in queue: 1
[cartographer_node-1] [INFO] [1778748759.288167933] [cartographer logger]: I0514 17:52:39.000000 99048 constraint_builder_2d.cc:294] 0 computations resulted in 0 additional constraints.
[cartographer_node-1] [INFO] [1778748759.288428649] [cartographer logger]: I0514 17:52:39.000000 99048 constraint_builder_2d.cc:296] Score histogram:
[cartographer_node-1] Count: 6  Min: 0.585958  Max: 0.767285  Mean: 0.664763
[cartographer_node-1] [0.585958, 0.604090)	             #######	Count: 2 (33.3333%)	Total: 2 (33.3333%)
[cartographer_node-1] [0.604090, 0.622223)	                    	Count: 0 (0%)	Total: 2 (33.3333%)
[cartographer_node-1] [0.622223, 0.640356)	                 ###	Count: 1 (16.6667%)	Total: 3 (50%)
[cartographer_node-1] [0.640356, 0.658489)	                    	Count: 0 (0%)	Total: 3 (50%)
[cartographer_node-1] [0.658489, 0.676621)	                    	Count: 0 (0%)	Total: 3 (50%)
[cartographer_node-1] [0.676621, 0.694754)	                    	Count: 0 (0%)	Total: 3 (50%)
[cartographer_node-1] [0.694754, 0.712887)	             #######	Count: 2 (33.3333%)	Total: 5 (83.3333%)
[cartographer_node-1] [0.712887, 0.731020)	                    	Count: 0 (0%)	Total: 5 (83.3333%)
[cartographer_node-1] [0.731020, 0.749152)	                    	Count: 0 (0%)	Total: 5 (83.3333%)
[cartographer_node-1] [0.749152, 0.767285]	                 ###	Count: 1 (16.6667%)	Total: 6 (100%)
[cartographer_node-1] [INFO] [1778748759.366732398] [cartographer logger]: I0514 17:52:39.000000 99050 pose_graph_2d.cc:538] Remaining work items in queue: 0
[cartographer_node-1] [INFO] [1778748759.366775370] [cartographer logger]: I0514 17:52:39.000000 99050 constraint_builder_2d.cc:294] 0 computations resulted in 0 additional constraints.
[cartographer_node-1] [INFO] [1778748759.367008521] [cartographer logger]: I0514 17:52:39.000000 99050 constraint_builder_2d.cc:296] Score histogram:
[cartographer_node-1] Count: 6  Min: 0.585958  Max: 0.767285  Mean: 0.664763
[cartographer_node-1] [0.585958, 0.604090)	             #######	Count: 2 (33.3333%)	Total: 2 (33.3333%)
[cartographer_node-1] [0.604090, 0.622223)	                    	Count: 0 (0%)	Total: 2 (33.3333%)
[cartographer_node-1] [0.622223, 0.640356)	                 ###	Count: 1 (16.6667%)	Total: 3 (50%)
[cartographer_node-1] [0.640356, 0.658489)	                    	Count: 0 (0%)	Total: 3 (50%)
[cartographer_node-1] [0.658489, 0.676621)	                    	Count: 0 (0%)	Total: 3 (50%)
[cartographer_node-1] [0.676621, 0.694754)	                    	Count: 0 (0%)	Total: 3 (50%)
[cartographer_node-1] [0.694754, 0.712887)	             #######	Count: 2 (33.3333%)	Total: 5 (83.3333%)
[cartographer_node-1] [0.712887, 0.731020)	                    	Count: 0 (0%)	Total: 5 (83.3333%)
[cartographer_node-1] [0.731020, 0.749152)	                    	Count: 0 (0%)	Total: 5 (83.3333%)
[cartographer_node-1] [0.749152, 0.767285]	                 ###	Count: 1 (16.6667%)	Total: 6 (100%)
[cartographer_node-1] [INFO] [1778748759.417744151] [cartographer logger]: I0514 17:52:39.000000 99048 pose_graph_2d.cc:538] Remaining work items in queue: 1
[cartographer_node-1] [INFO] [1778748759.417768692] [cartographer logger]: I0514 17:52:39.000000 99048 constraint_builder_2d.cc:294] 0 computations resulted in 0 additional constraints.
[cartographer_node-1] [INFO] [1778748759.418085861] [cartographer logger]: I0514 17:52:39.000000 99048 constraint_builder_2d.cc:296] Score histogram:
[cartographer_node-1] Count: 6  Min: 0.585958  Max: 0.767285  Mean: 0.664763
[cartographer_node-1] [0.585958, 0.604090)	             #######	Count: 2 (33.3333%)	Total: 2 (33.3333%)
[cartographer_node-1] [0.604090, 0.622223)	                    	Count: 0 (0%)	Total: 2 (33.3333%)
[cartographer_node-1] [0.622223, 0.640356)	                 ###	Count: 1 (16.6667%)	Total: 3 (50%)
[cartographer_node-1] [0.640356, 0.658489)	                    	Count: 0 (0%)	Total: 3 (50%)
[cartographer_node-1] [0.658489, 0.676621)	                    	Count: 0 (0%)	Total: 3 (50%)
[cartographer_node-1] [0.676621, 0.694754)	                    	Count: 0 (0%)	Total: 3 (50%)
[cartographer_node-1] [0.694754, 0.712887)	             #######	Count: 2 (33.3333%)	Total: 5 (83.3333%)
[cartographer_node-1] [0.712887, 0.731020)	                    	Count: 0 (0%)	Total: 5 (83.3333%)
[cartographer_node-1] [0.731020, 0.749152)	                    	Count: 0 (0%)	Total: 5 (83.3333%)
[cartographer_node-1] [0.749152, 0.767285]	                 ###	Count: 1 (16.6667%)	Total: 6 (100%)
[cartographer_node-1] [INFO] [1778748759.495523282] [cartographer logger]: I0514 17:52:39.000000 99048 pose_graph_2d.cc:538] Remaining work items in queue: 1
[cartographer_node-1] [INFO] [1778748759.495560361] [cartographer logger]: I0514 17:52:39.000000 99048 constraint_builder_2d.cc:294] 0 computations resulted in 0 additional constraints.
[cartographer_node-1] [INFO] [1778748759.495596375] [cartographer logger]: I0514 17:52:39.000000 99048 constraint_builder_2d.cc:296] Score histogram:
[cartographer_node-1] Count: 6  Min: 0.585958  Max: 0.767285  Mean: 0.664763
[cartographer_node-1] [0.585958, 0.604090)	             #######	Count: 2 (33.3333%)	Total: 2 (33.3333%)
[cartographer_node-1] [0.604090, 0.622223)	                    	Count: 0 (0%)	Total: 2 (33.3333%)
[cartographer_node-1] [0.622223, 0.640356)	                 ###	Count: 1 (16.6667%)	Total: 3 (50%)
[cartographer_node-1] [0.640356, 0.658489)	                    	Count: 0 (0%)	Total: 3 (50%)
[cartographer_node-1] [0.658489, 0.676621)	                    	Count: 0 (0%)	Total: 3 (50%)
[cartographer_node-1] [0.676621, 0.694754)	                    	Count: 0 (0%)	Total: 3 (50%)
[cartographer_node-1] [0.694754, 0.712887)	             #######	Count: 2 (33.3333%)	Total: 5 (83.3333%)
[cartographer_node-1] [0.712887, 0.731020)	                    	Count: 0 (0%)	Total: 5 (83.3333%)
[cartographer_node-1] [0.731020, 0.749152)	                    	Count: 0 (0%)	Total: 5 (83.3333%)
[cartographer_node-1] [0.749152, 0.767285]	                 ###	Count: 1 (16.6667%)	Total: 6 (100%)
[cartographer_node-1] [INFO] [1778748759.599931520] [cartographer logger]: I0514 17:52:39.000000 99050 pose_graph_2d.cc:538] Remaining work items in queue: 1
[cartographer_node-1] [INFO] [1778748759.599954698] [cartographer logger]: I0514 17:52:39.000000 99050 constraint_builder_2d.cc:294] 1 computations resulted in 0 additional constraints.
[cartographer_node-1] [INFO] [1778748759.599970364] [cartographer logger]: I0514 17:52:39.000000 99050 constraint_builder_2d.cc:296] Score histogram:
[cartographer_node-1] Count: 6  Min: 0.585958  Max: 0.767285  Mean: 0.664763
[cartographer_node-1] [0.585958, 0.604090)	             #######	Count: 2 (33.3333%)	Total: 2 (33.3333%)
[cartographer_node-1] [0.604090, 0.622223)	                    	Count: 0 (0%)	Total: 2 (33.3333%)
[cartographer_node-1] [0.622223, 0.640356)	                 ###	Count: 1 (16.6667%)	Total: 3 (50%)
[cartographer_node-1] [0.640356, 0.658489)	                    	Count: 0 (0%)	Total: 3 (50%)
[cartographer_node-1] [0.658489, 0.676621)	                    	Count: 0 (0%)	Total: 3 (50%)
[cartographer_node-1] [0.676621, 0.694754)	                    	Count: 0 (0%)	Total: 3 (50%)
[cartographer_node-1] [0.694754, 0.712887)	             #######	Count: 2 (33.3333%)	Total: 5 (83.3333%)
[cartographer_node-1] [0.712887, 0.731020)	                    	Count: 0 (0%)	Total: 5 (83.3333%)
[cartographer_node-1] [0.731020, 0.749152)	                    	Count: 0 (0%)	Total: 5 (83.3333%)
[cartographer_node-1] [0.749152, 0.767285]	                 ###	Count: 1 (16.6667%)	Total: 6 (100%)
[cartographer_node-1] [INFO] [1778748759.684134396] [cartographer logger]: I0514 17:52:39.000000 99050 pose_graph_2d.cc:538] Remaining work items in queue: 1
[cartographer_node-1] [INFO] [1778748759.684157108] [cartographer logger]: I0514 17:52:39.000000 99050 constraint_builder_2d.cc:294] 0 computations resulted in 0 additional constraints.
[cartographer_node-1] [INFO] [1778748759.684335135] [cartographer logger]: I0514 17:52:39.000000 99050 constraint_builder_2d.cc:296] Score histogram:
[cartographer_node-1] Count: 6  Min: 0.585958  Max: 0.767285  Mean: 0.664763
[cartographer_node-1] [0.585958, 0.604090)	             #######	Count: 2 (33.3333%)	Total: 2 (33.3333%)
[cartographer_node-1] [0.604090, 0.622223)	                    	Count: 0 (0%)	Total: 2 (33.3333%)
[cartographer_node-1] [0.622223, 0.640356)	                 ###	Count: 1 (16.6667%)	Total: 3 (50%)
[cartographer_node-1] [0.640356, 0.658489)	                    	Count: 0 (0%)	Total: 3 (50%)
[cartographer_node-1] [0.658489, 0.676621)	                    	Count: 0 (0%)	Total: 3 (50%)
[cartographer_node-1] [0.676621, 0.694754)	                    	Count: 0 (0%)	Total: 3 (50%)
[cartographer_node-1] [0.694754, 0.712887)	             #######	Count: 2 (33.3333%)	Total: 5 (83.3333%)
[cartographer_node-1] [0.712887, 0.731020)	                    	Count: 0 (0%)	Total: 5 (83.3333%)
[cartographer_node-1] [0.731020, 0.749152)	                    	Count: 0 (0%)	Total: 5 (83.3333%)
[cartographer_node-1] [0.749152, 0.767285]	                 ###	Count: 1 (16.6667%)	Total: 6 (100%)
[cartographer_node-1] [INFO] [1778748759.725028350] [cartographer logger]: I0514 17:52:39.000000 99049 pose_graph_2d.cc:538] Remaining work items in queue: 1
[cartographer_node-1] [INFO] [1778748759.771137029] [cartographer logger]: I0514 17:52:39.000000 99048 constraint_builder_2d.cc:279] Node (0, 1000) with 203 points on submap (1, 0) matches with score 75.7%.
[cartographer_node-1] [INFO] [1778748759.774571703] [cartographer logger]: I0514 17:52:39.000000 99008 pose_graph_2d.cc:148] Inserted submap (1, 2).
[cartographer_node-1] [INFO] [1778748759.795819502] [cartographer logger]: I0514 17:52:39.000000 99050 constraint_builder_2d.cc:279] Node (0, 800) with 201 points on submap (1, 0) matches with score 60.9%.
[cartographer_node-1] [INFO] [1778748759.828983710] [cartographer logger]: I0514 17:52:39.000000 99047 constraint_builder_2d.cc:279] Node (0, 400) with 204 points on submap (1, 0) matches with score 73.5%.
[cartographer_node-1] [INFO] [1778748759.843518534] [cartographer logger]: I0514 17:52:39.000000 99050 constraint_builder_2d.cc:279] Node (0, 1200) with 200 points on submap (1, 0) matches with score 72.6%.
[cartographer_node-1] [INFO] [1778748759.843544283] [cartographer logger]: I0514 17:52:39.000000 99050 constraint_builder_2d.cc:294] 7 computations resulted in 4 additional constraints.
[cartographer_node-1] [INFO] [1778748759.843563476] [cartographer logger]: I0514 17:52:39.000000 99050 constraint_builder_2d.cc:296] Score histogram:
[cartographer_node-1] Count: 10  Min: 0.585958  Max: 0.767285  Mean: 0.681469
[cartographer_node-1] [0.585958, 0.604090)	                ####	Count: 2 (20%)	Total: 2 (20%)
[cartographer_node-1] [0.604090, 0.622223)	                  ##	Count: 1 (10%)	Total: 3 (30%)
[cartographer_node-1] [0.622223, 0.640356)	                  ##	Count: 1 (10%)	Total: 4 (40%)
[cartographer_node-1] [0.640356, 0.658489)	                    	Count: 0 (0%)	Total: 4 (40%)
[cartographer_node-1] [0.658489, 0.676621)	                    	Count: 0 (0%)	Total: 4 (40%)
[cartographer_node-1] [0.676621, 0.694754)	                    	Count: 0 (0%)	Total: 4 (40%)
[cartographer_node-1] [0.694754, 0.712887)	                ####	Count: 2 (20%)	Total: 6 (60%)
[cartographer_node-1] [0.712887, 0.731020)	                  ##	Count: 1 (10%)	Total: 7 (70%)
[cartographer_node-1] [0.731020, 0.749152)	                  ##	Count: 1 (10%)	Total: 8 (80%)
[cartographer_node-1] [0.749152, 0.767285]	                ####	Count: 2 (20%)	Total: 10 (100%)
[cartographer_node-1] [INFO] [1778748759.860376914] [cartographer logger]: I0514 17:52:39.000000 99050 pose_graph_2d.cc:538] Remaining work items in queue: 5
[cartographer_node-1] [INFO] [1778748759.861816107] [cartographer logger]: I0514 17:52:39.000000 99047 constraint_builder_2d.cc:279] Node (1, 180) with 215 points on submap (1, 0) differs by translation 0.00 rotation 0.000 with score 84.3%.
[cartographer_node-1] [INFO] [1778748759.861834881] [cartographer logger]: I0514 17:52:39.000000 99047 constraint_builder_2d.cc:294] 1 computations resulted in 1 additional constraints.
[cartographer_node-1] [INFO] [1778748759.861852896] [cartographer logger]: I0514 17:52:39.000000 99047 constraint_builder_2d.cc:296] Score histogram:
[cartographer_node-1] Count: 11  Min: 0.585958  Max: 0.842654  Mean: 0.696122
[cartographer_node-1] [0.585958, 0.611627)	               #####	Count: 3 (27.2727%)	Total: 3 (27.2727%)
[cartographer_node-1] [0.611627, 0.637297)	                  ##	Count: 1 (9.09091%)	Total: 4 (36.3636%)
[cartographer_node-1] [0.637297, 0.662966)	                    	Count: 0 (0%)	Total: 4 (36.3636%)
[cartographer_node-1] [0.662966, 0.688636)	                    	Count: 0 (0%)	Total: 4 (36.3636%)
[cartographer_node-1] [0.688636, 0.714306)	                ####	Count: 2 (18.1818%)	Total: 6 (54.5455%)
[cartographer_node-1] [0.714306, 0.739975)	                ####	Count: 2 (18.1818%)	Total: 8 (72.7273%)
[cartographer_node-1] [0.739975, 0.765645)	                  ##	Count: 1 (9.09091%)	Total: 9 (81.8182%)
[cartographer_node-1] [0.765645, 0.791315)	                  ##	Count: 1 (9.09091%)	Total: 10 (90.9091%)
[cartographer_node-1] [0.791315, 0.816984)	                    	Count: 0 (0%)	Total: 10 (90.9091%)
[cartographer_node-1] [0.816984, 0.842654]	                  ##	Count: 1 (9.09091%)	Total: 11 (100%)
[cartographer_node-1] [INFO] [1778748759.891293996] [cartographer logger]: I0514 17:52:39.000000 99049 pose_graph_2d.cc:538] Remaining work items in queue: 1
[cartographer_node-1] [INFO] [1778748759.914356408] [cartographer logger]: I0514 17:52:39.000000 99047 constraint_builder_2d.cc:279] Node (1, 185) with 202 points on submap (0, 10) matches with score 75.0%.
[cartographer_node-1] [INFO] [1778748759.914382034] [cartographer logger]: I0514 17:52:39.000000 99047 constraint_builder_2d.cc:294] 1 computations resulted in 1 additional constraints.
[cartographer_node-1] [INFO] [1778748759.914399778] [cartographer logger]: I0514 17:52:39.000000 99047 constraint_builder_2d.cc:296] Score histogram:
[cartographer_node-1] Count: 12  Min: 0.585958  Max: 0.842654  Mean: 0.700646
[cartographer_node-1] [0.585958, 0.611627)	               #####	Count: 3 (25%)	Total: 3 (25%)
[cartographer_node-1] [0.611627, 0.637297)	                  ##	Count: 1 (8.33333%)	Total: 4 (33.3333%)
[cartographer_node-1] [0.637297, 0.662966)	                    	Count: 0 (0%)	Total: 4 (33.3333%)
[cartographer_node-1] [0.662966, 0.688636)	                    	Count: 0 (0%)	Total: 4 (33.3333%)
[cartographer_node-1] [0.688636, 0.714306)	                 ###	Count: 2 (16.6667%)	Total: 6 (50%)
[cartographer_node-1] [0.714306, 0.739975)	                 ###	Count: 2 (16.6667%)	Total: 8 (66.6667%)
[cartographer_node-1] [0.739975, 0.765645)	                 ###	Count: 2 (16.6667%)	Total: 10 (83.3333%)
[cartographer_node-1] [0.765645, 0.791315)	                  ##	Count: 1 (8.33333%)	Total: 11 (91.6667%)
[cartographer_node-1] [0.791315, 0.816984)	                    	Count: 0 (0%)	Total: 11 (91.6667%)
[cartographer_node-1] [0.816984, 0.842654]	                  ##	Count: 1 (8.33333%)	Total: 12 (100%)
[cartographer_node-1] [INFO] [1778748759.979616178] [cartographer logger]: I0514 17:52:39.000000 99048 pose_graph_2d.cc:538] Remaining work items in queue: 0
[cartographer_node-1] [INFO] [1778748759.979688825] [cartographer logger]: I0514 17:52:39.000000 99048 constraint_builder_2d.cc:294] 0 computations resulted in 0 additional constraints.
[cartographer_node-1] [INFO] [1778748759.979749510] [cartographer logger]: I0514 17:52:39.000000 99048 constraint_builder_2d.cc:296] Score histogram:
[cartographer_node-1] Count: 12  Min: 0.585958  Max: 0.842654  Mean: 0.700646
[cartographer_node-1] [0.585958, 0.611627)	               #####	Count: 3 (25%)	Total: 3 (25%)
[cartographer_node-1] [0.611627, 0.637297)	                  ##	Count: 1 (8.33333%)	Total: 4 (33.3333%)
[cartographer_node-1] [0.637297, 0.662966)	                    	Count: 0 (0%)	Total: 4 (33.3333%)
[cartographer_node-1] [0.662966, 0.688636)	                    	Count: 0 (0%)	Total: 4 (33.3333%)
[cartographer_node-1] [0.688636, 0.714306)	                 ###	Count: 2 (16.6667%)	Total: 6 (50%)
[cartographer_node-1] [0.714306, 0.739975)	                 ###	Count: 2 (16.6667%)	Total: 8 (66.6667%)
[cartographer_node-1] [0.739975, 0.765645)	                 ###	Count: 2 (16.6667%)	Total: 10 (83.3333%)
[cartographer_node-1] [0.765645, 0.791315)	                  ##	Count: 1 (8.33333%)	Total: 11 (91.6667%)
[cartographer_node-1] [0.791315, 0.816984)	                    	Count: 0 (0%)	Total: 11 (91.6667%)
[cartographer_node-1] [0.816984, 0.842654]	                  ##	Count: 1 (8.33333%)	Total: 12 (100%)
[cartographer_node-1] [INFO] [1778748760.019777055] [cartographer logger]: I0514 17:52:40.000000 99048 pose_graph_2d.cc:538] Remaining work items in queue: 1
[cartographer_node-1] [INFO] [1778748760.019823740] [cartographer logger]: I0514 17:52:40.000000 99048 constraint_builder_2d.cc:294] 0 computations resulted in 0 additional constraints.
[cartographer_node-1] [INFO] [1778748760.020116908] [cartographer logger]: I0514 17:52:40.000000 99048 constraint_builder_2d.cc:296] Score histogram:
[cartographer_node-1] Count: 12  Min: 0.585958  Max: 0.842654  Mean: 0.700646
[cartographer_node-1] [0.585958, 0.611627)	               #####	Count: 3 (25%)	Total: 3 (25%)
[cartographer_node-1] [0.611627, 0.637297)	                  ##	Count: 1 (8.33333%)	Total: 4 (33.3333%)
[cartographer_node-1] [0.637297, 0.662966)	                    	Count: 0 (0%)	Total: 4 (33.3333%)
[cartographer_node-1] [0.662966, 0.688636)	                    	Count: 0 (0%)	Total: 4 (33.3333%)
[cartographer_node-1] [0.688636, 0.714306)	                 ###	Count: 2 (16.6667%)	Total: 6 (50%)
[cartographer_node-1] [0.714306, 0.739975)	                 ###	Count: 2 (16.6667%)	Total: 8 (66.6667%)
[cartographer_node-1] [0.739975, 0.765645)	                 ###	Count: 2 (16.6667%)	Total: 10 (83.3333%)
[cartographer_node-1] [0.765645, 0.791315)	                  ##	Count: 1 (8.33333%)	Total: 11 (91.6667%)
[cartographer_node-1] [0.791315, 0.816984)	                    	Count: 0 (0%)	Total: 11 (91.6667%)
[cartographer_node-1] [0.816984, 0.842654]	                  ##	Count: 1 (8.33333%)	Total: 12 (100%)
[cartographer_node-1] [INFO] [1778748760.096807086] [cartographer logger]: I0514 17:52:40.000000 99049 pose_graph_2d.cc:538] Remaining work items in queue: 2
[cartographer_node-1] [INFO] [1778748760.096847847] [cartographer logger]: I0514 17:52:40.000000 99049 constraint_builder_2d.cc:294] 0 computations resulted in 0 additional constraints.
[cartographer_node-1] [INFO] [1778748760.096867770] [cartographer logger]: I0514 17:52:40.000000 99049 constraint_builder_2d.cc:296] Score histogram:
[cartographer_node-1] Count: 12  Min: 0.585958  Max: 0.842654  Mean: 0.700646
[cartographer_node-1] [0.585958, 0.611627)	               #####	Count: 3 (25%)	Total: 3 (25%)
[cartographer_node-1] [0.611627, 0.637297)	                  ##	Count: 1 (8.33333%)	Total: 4 (33.3333%)
[cartographer_node-1] [0.637297, 0.662966)	                    	Count: 0 (0%)	Total: 4 (33.3333%)
[cartographer_node-1] [0.662966, 0.688636)	                    	Count: 0 (0%)	Total: 4 (33.3333%)
[cartographer_node-1] [0.688636, 0.714306)	                 ###	Count: 2 (16.6667%)	Total: 6 (50%)
[cartographer_node-1] [0.714306, 0.739975)	                 ###	Count: 2 (16.6667%)	Total: 8 (66.6667%)
[cartographer_node-1] [0.739975, 0.765645)	                 ###	Count: 2 (16.6667%)	Total: 10 (83.3333%)
[cartographer_node-1] [0.765645, 0.791315)	                  ##	Count: 1 (8.33333%)	Total: 11 (91.6667%)
[cartographer_node-1] [0.791315, 0.816984)	                    	Count: 0 (0%)	Total: 11 (91.6667%)
[cartographer_node-1] [0.816984, 0.842654]	                  ##	Count: 1 (8.33333%)	Total: 12 (100%)
[cartographer_node-1] [INFO] [1778748760.191341078] [cartographer logger]: I0514 17:52:40.000000 99049 pose_graph_2d.cc:538] Remaining work items in queue: 1
[cartographer_node-1] [INFO] [1778748760.191363738] [cartographer logger]: I0514 17:52:40.000000 99049 constraint_builder_2d.cc:294] 0 computations resulted in 0 additional constraints.
[cartographer_node-1] [INFO] [1778748760.191580575] [cartographer logger]: I0514 17:52:40.000000 99049 constraint_builder_2d.cc:296] Score histogram:
[cartographer_node-1] Count: 12  Min: 0.585958  Max: 0.842654  Mean: 0.700646
[cartographer_node-1] [0.585958, 0.611627)	               #####	Count: 3 (25%)	Total: 3 (25%)
[cartographer_node-1] [0.611627, 0.637297)	                  ##	Count: 1 (8.33333%)	Total: 4 (33.3333%)
[cartographer_node-1] [0.637297, 0.662966)	                    	Count: 0 (0%)	Total: 4 (33.3333%)
[cartographer_node-1] [0.662966, 0.688636)	                    	Count: 0 (0%)	Total: 4 (33.3333%)
[cartographer_node-1] [0.688636, 0.714306)	                 ###	Count: 2 (16.6667%)	Total: 6 (50%)
[cartographer_node-1] [0.714306, 0.739975)	                 ###	Count: 2 (16.6667%)	Total: 8 (66.6667%)
[cartographer_node-1] [0.739975, 0.765645)	                 ###	Count: 2 (16.6667%)	Total: 10 (83.3333%)
[cartographer_node-1] [0.765645, 0.791315)	                  ##	Count: 1 (8.33333%)	Total: 11 (91.6667%)
[cartographer_node-1] [0.791315, 0.816984)	                    	Count: 0 (0%)	Total: 11 (91.6667%)
[cartographer_node-1] [0.816984, 0.842654]	                  ##	Count: 1 (8.33333%)	Total: 12 (100%)
[cartographer_node-1] [INFO] [1778748760.286452623] [cartographer logger]: I0514 17:52:40.000000 99047 pose_graph_2d.cc:538] Remaining work items in queue: 1
[cartographer_node-1] [INFO] [1778748760.358034764] [cartographer logger]: I0514 17:52:40.000000 99048 constraint_builder_2d.cc:294] 1 computations resulted in 0 additional constraints.
[cartographer_node-1] [INFO] [1778748760.358066460] [cartographer logger]: I0514 17:52:40.000000 99048 constraint_builder_2d.cc:296] Score histogram:
[cartographer_node-1] Count: 12  Min: 0.585958  Max: 0.842654  Mean: 0.700646
[cartographer_node-1] [0.585958, 0.611627)	               #####	Count: 3 (25%)	Total: 3 (25%)
[cartographer_node-1] [0.611627, 0.637297)	                  ##	Count: 1 (8.33333%)	Total: 4 (33.3333%)
[cartographer_node-1] [0.637297, 0.662966)	                    	Count: 0 (0%)	Total: 4 (33.3333%)
[cartographer_node-1] [0.662966, 0.688636)	                    	Count: 0 (0%)	Total: 4 (33.3333%)
[cartographer_node-1] [0.688636, 0.714306)	                 ###	Count: 2 (16.6667%)	Total: 6 (50%)
[cartographer_node-1] [0.714306, 0.739975)	                 ###	Count: 2 (16.6667%)	Total: 8 (66.6667%)
[cartographer_node-1] [0.739975, 0.765645)	                 ###	Count: 2 (16.6667%)	Total: 10 (83.3333%)
[cartographer_node-1] [0.765645, 0.791315)	                  ##	Count: 1 (8.33333%)	Total: 11 (91.6667%)
[cartographer_node-1] [0.791315, 0.816984)	                    	Count: 0 (0%)	Total: 11 (91.6667%)
[cartographer_node-1] [0.816984, 0.842654]	                  ##	Count: 1 (8.33333%)	Total: 12 (100%)
[cartographer_node-1] [INFO] [1778748760.369025374] [cartographer logger]: I0514 17:52:40.000000 99048 pose_graph_2d.cc:538] Remaining work items in queue: 2
[cartographer_node-1] [INFO] [1778748760.369050145] [cartographer logger]: I0514 17:52:40.000000 99048 constraint_builder_2d.cc:294] 0 computations resulted in 0 additional constraints.
[cartographer_node-1] [INFO] [1778748760.369076275] [cartographer logger]: I0514 17:52:40.000000 99048 constraint_builder_2d.cc:296] Score histogram:
[cartographer_node-1] Count: 12  Min: 0.585958  Max: 0.842654  Mean: 0.700646
[cartographer_node-1] [0.585958, 0.611627)	               #####	Count: 3 (25%)	Total: 3 (25%)
[cartographer_node-1] [0.611627, 0.637297)	                  ##	Count: 1 (8.33333%)	Total: 4 (33.3333%)
[cartographer_node-1] [0.637297, 0.662966)	                    	Count: 0 (0%)	Total: 4 (33.3333%)
[cartographer_node-1] [0.662966, 0.688636)	                    	Count: 0 (0%)	Total: 4 (33.3333%)
[cartographer_node-1] [0.688636, 0.714306)	                 ###	Count: 2 (16.6667%)	Total: 6 (50%)
[cartographer_node-1] [0.714306, 0.739975)	                 ###	Count: 2 (16.6667%)	Total: 8 (66.6667%)
[cartographer_node-1] [0.739975, 0.765645)	                 ###	Count: 2 (16.6667%)	Total: 10 (83.3333%)
[cartographer_node-1] [0.765645, 0.791315)	                  ##	Count: 1 (8.33333%)	Total: 11 (91.6667%)
[cartographer_node-1] [0.791315, 0.816984)	                    	Count: 0 (0%)	Total: 11 (91.6667%)
[cartographer_node-1] [0.816984, 0.842654]	                  ##	Count: 1 (8.33333%)	Total: 12 (100%)
[cartographer_node-1] [INFO] [1778748760.579736750] [cartographer logger]: I0514 17:52:40.000000 99048 pose_graph_2d.cc:538] Remaining work items in queue: 0
[cartographer_node-1] [INFO] [1778748760.579757009] [cartographer logger]: I0514 17:52:40.000000 99048 constraint_builder_2d.cc:294] 0 computations resulted in 0 additional constraints.
[cartographer_node-1] [INFO] [1778748760.579825203] [cartographer logger]: I0514 17:52:40.000000 99048 constraint_builder_2d.cc:296] Score histogram:
[cartographer_node-1] Count: 12  Min: 0.585958  Max: 0.842654  Mean: 0.700646
[cartographer_node-1] [0.585958, 0.611627)	               #####	Count: 3 (25%)	Total: 3 (25%)
[cartographer_node-1] [0.611627, 0.637297)	                  ##	Count: 1 (8.33333%)	Total: 4 (33.3333%)
[cartographer_node-1] [0.637297, 0.662966)	                    	Count: 0 (0%)	Total: 4 (33.3333%)
[cartographer_node-1] [0.662966, 0.688636)	                    	Count: 0 (0%)	Total: 4 (33.3333%)
[cartographer_node-1] [0.688636, 0.714306)	                 ###	Count: 2 (16.6667%)	Total: 6 (50%)
[cartographer_node-1] [0.714306, 0.739975)	                 ###	Count: 2 (16.6667%)	Total: 8 (66.6667%)
[cartographer_node-1] [0.739975, 0.765645)	                 ###	Count: 2 (16.6667%)	Total: 10 (83.3333%)
[cartographer_node-1] [0.765645, 0.791315)	                  ##	Count: 1 (8.33333%)	Total: 11 (91.6667%)
[cartographer_node-1] [0.791315, 0.816984)	                    	Count: 0 (0%)	Total: 11 (91.6667%)
[cartographer_node-1] [0.816984, 0.842654]	                  ##	Count: 1 (8.33333%)	Total: 12 (100%)
[cartographer_node-1] [INFO] [1778748760.720607392] [cartographer logger]: I0514 17:52:40.000000 99049 pose_graph_2d.cc:538] Remaining work items in queue: 1
[cartographer_node-1] [INFO] [1778748760.720634489] [cartographer logger]: I0514 17:52:40.000000 99049 constraint_builder_2d.cc:294] 0 computations resulted in 0 additional constraints.
[cartographer_node-1] [INFO] [1778748760.720725406] [cartographer logger]: I0514 17:52:40.000000 99049 constraint_builder_2d.cc:296] Score histogram:
[cartographer_node-1] Count: 12  Min: 0.585958  Max: 0.842654  Mean: 0.700646
[cartographer_node-1] [0.585958, 0.611627)	               #####	Count: 3 (25%)	Total: 3 (25%)
[cartographer_node-1] [0.611627, 0.637297)	                  ##	Count: 1 (8.33333%)	Total: 4 (33.3333%)
[cartographer_node-1] [0.637297, 0.662966)	                    	Count: 0 (0%)	Total: 4 (33.3333%)
[cartographer_node-1] [0.662966, 0.688636)	                    	Count: 0 (0%)	Total: 4 (33.3333%)
[cartographer_node-1] [0.688636, 0.714306)	                 ###	Count: 2 (16.6667%)	Total: 6 (50%)
[cartographer_node-1] [0.714306, 0.739975)	                 ###	Count: 2 (16.6667%)	Total: 8 (66.6667%)
[cartographer_node-1] [0.739975, 0.765645)	                 ###	Count: 2 (16.6667%)	Total: 10 (83.3333%)
[cartographer_node-1] [0.765645, 0.791315)	                  ##	Count: 1 (8.33333%)	Total: 11 (91.6667%)
[cartographer_node-1] [0.791315, 0.816984)	                    	Count: 0 (0%)	Total: 11 (91.6667%)
[cartographer_node-1] [0.816984, 0.842654]	                  ##	Count: 1 (8.33333%)	Total: 12 (100%)
[cartographer_node-1] [INFO] [1778748760.917733865] [cartographer logger]: I0514 17:52:40.000000 99047 pose_graph_2d.cc:538] Remaining work items in queue: 1
[cartographer_node-1] [INFO] [1778748760.917775859] [cartographer logger]: I0514 17:52:40.000000 99047 constraint_builder_2d.cc:294] 0 computations resulted in 0 additional constraints.
[cartographer_node-1] [INFO] [1778748760.917864434] [cartographer logger]: I0514 17:52:40.000000 99047 constraint_builder_2d.cc:296] Score histogram:
[cartographer_node-1] Count: 12  Min: 0.585958  Max: 0.842654  Mean: 0.700646
[cartographer_node-1] [0.585958, 0.611627)	               #####	Count: 3 (25%)	Total: 3 (25%)
[cartographer_node-1] [0.611627, 0.637297)	                  ##	Count: 1 (8.33333%)	Total: 4 (33.3333%)
[cartographer_node-1] [0.637297, 0.662966)	                    	Count: 0 (0%)	Total: 4 (33.3333%)
[cartographer_node-1] [0.662966, 0.688636)	                    	Count: 0 (0%)	Total: 4 (33.3333%)
[cartographer_node-1] [0.688636, 0.714306)	                 ###	Count: 2 (16.6667%)	Total: 6 (50%)
[cartographer_node-1] [0.714306, 0.739975)	                 ###	Count: 2 (16.6667%)	Total: 8 (66.6667%)
[cartographer_node-1] [0.739975, 0.765645)	                 ###	Count: 2 (16.6667%)	Total: 10 (83.3333%)
[cartographer_node-1] [0.765645, 0.791315)	                  ##	Count: 1 (8.33333%)	Total: 11 (91.6667%)
[cartographer_node-1] [0.791315, 0.816984)	                    	Count: 0 (0%)	Total: 11 (91.6667%)
[cartographer_node-1] [0.816984, 0.842654]	                  ##	Count: 1 (8.33333%)	Total: 12 (100%)
[cartographer_node-1] [INFO] [1778748761.077998295] [cartographer logger]: I0514 17:52:41.000000 99049 pose_graph_2d.cc:538] Remaining work items in queue: 1
[cartographer_node-1] [INFO] [1778748761.078024692] [cartographer logger]: I0514 17:52:41.000000 99049 constraint_builder_2d.cc:294] 1 computations resulted in 0 additional constraints.
[cartographer_node-1] [INFO] [1778748761.078088520] [cartographer logger]: I0514 17:52:41.000000 99049 constraint_builder_2d.cc:296] Score histogram:
[cartographer_node-1] Count: 12  Min: 0.585958  Max: 0.842654  Mean: 0.700646
[cartographer_node-1] [0.585958, 0.611627)	               #####	Count: 3 (25%)	Total: 3 (25%)
[cartographer_node-1] [0.611627, 0.637297)	                  ##	Count: 1 (8.33333%)	Total: 4 (33.3333%)
[cartographer_node-1] [0.637297, 0.662966)	                    	Count: 0 (0%)	Total: 4 (33.3333%)
[cartographer_node-1] [0.662966, 0.688636)	                    	Count: 0 (0%)	Total: 4 (33.3333%)
[cartographer_node-1] [0.688636, 0.714306)	                 ###	Count: 2 (16.6667%)	Total: 6 (50%)
[cartographer_node-1] [0.714306, 0.739975)	                 ###	Count: 2 (16.6667%)	Total: 8 (66.6667%)
[cartographer_node-1] [0.739975, 0.765645)	                 ###	Count: 2 (16.6667%)	Total: 10 (83.3333%)
[cartographer_node-1] [0.765645, 0.791315)	                  ##	Count: 1 (8.33333%)	Total: 11 (91.6667%)
[cartographer_node-1] [0.791315, 0.816984)	                    	Count: 0 (0%)	Total: 11 (91.6667%)
[cartographer_node-1] [0.816984, 0.842654]	                  ##	Count: 1 (8.33333%)	Total: 12 (100%)
[cartographer_node-1] [INFO] [1778748761.198565603] [cartographer logger]: I0514 17:52:41.000000 99048 pose_graph_2d.cc:538] Remaining work items in queue: 0
[cartographer_node-1] [INFO] [1778748761.198588990] [cartographer logger]: I0514 17:52:41.000000 99048 constraint_builder_2d.cc:294] 0 computations resulted in 0 additional constraints.
[cartographer_node-1] [INFO] [1778748761.198647346] [cartographer logger]: I0514 17:52:41.000000 99048 constraint_builder_2d.cc:296] Score histogram:
[cartographer_node-1] Count: 12  Min: 0.585958  Max: 0.842654  Mean: 0.700646
[cartographer_node-1] [0.585958, 0.611627)	               #####	Count: 3 (25%)	Total: 3 (25%)
[cartographer_node-1] [0.611627, 0.637297)	                  ##	Count: 1 (8.33333%)	Total: 4 (33.3333%)
[cartographer_node-1] [0.637297, 0.662966)	                    	Count: 0 (0%)	Total: 4 (33.3333%)
[cartographer_node-1] [0.662966, 0.688636)	                    	Count: 0 (0%)	Total: 4 (33.3333%)
[cartographer_node-1] [0.688636, 0.714306)	                 ###	Count: 2 (16.6667%)	Total: 6 (50%)
[cartographer_node-1] [0.714306, 0.739975)	                 ###	Count: 2 (16.6667%)	Total: 8 (66.6667%)
[cartographer_node-1] [0.739975, 0.765645)	                 ###	Count: 2 (16.6667%)	Total: 10 (83.3333%)
[cartographer_node-1] [0.765645, 0.791315)	                  ##	Count: 1 (8.33333%)	Total: 11 (91.6667%)
[cartographer_node-1] [0.791315, 0.816984)	                    	Count: 0 (0%)	Total: 11 (91.6667%)
[cartographer_node-1] [0.816984, 0.842654]	                  ##	Count: 1 (8.33333%)	Total: 12 (100%)
[cartographer_node-1] [INFO] [1778748761.296383730] [cartographer logger]: I0514 17:52:41.000000 99048 pose_graph_2d.cc:538] Remaining work items in queue: 1
[cartographer_node-1] [INFO] [1778748761.296406822] [cartographer logger]: I0514 17:52:41.000000 99048 constraint_builder_2d.cc:294] 0 computations resulted in 0 additional constraints.
[cartographer_node-1] [INFO] [1778748761.296822223] [cartographer logger]: I0514 17:52:41.000000 99048 constraint_builder_2d.cc:296] Score histogram:
[cartographer_node-1] Count: 12  Min: 0.585958  Max: 0.842654  Mean: 0.700646
[cartographer_node-1] [0.585958, 0.611627)	               #####	Count: 3 (25%)	Total: 3 (25%)
[cartographer_node-1] [0.611627, 0.637297)	                  ##	Count: 1 (8.33333%)	Total: 4 (33.3333%)
[cartographer_node-1] [0.637297, 0.662966)	                    	Count: 0 (0%)	Total: 4 (33.3333%)
[cartographer_node-1] [0.662966, 0.688636)	                    	Count: 0 (0%)	Total: 4 (33.3333%)
[cartographer_node-1] [0.688636, 0.714306)	                 ###	Count: 2 (16.6667%)	Total: 6 (50%)
[cartographer_node-1] [0.714306, 0.739975)	                 ###	Count: 2 (16.6667%)	Total: 8 (66.6667%)
[cartographer_node-1] [0.739975, 0.765645)	                 ###	Count: 2 (16.6667%)	Total: 10 (83.3333%)
[cartographer_node-1] [0.765645, 0.791315)	                  ##	Count: 1 (8.33333%)	Total: 11 (91.6667%)
[cartographer_node-1] [0.791315, 0.816984)	                    	Count: 0 (0%)	Total: 11 (91.6667%)
[cartographer_node-1] [0.816984, 0.842654]	                  ##	Count: 1 (8.33333%)	Total: 12 (100%)
[cartographer_node-1] [INFO] [1778748761.376176973] [cartographer logger]: I0514 17:52:41.000000 99050 pose_graph_2d.cc:538] Remaining work items in queue: 1
[cartographer_node-1] [INFO] [1778748761.376221216] [cartographer logger]: I0514 17:52:41.000000 99050 constraint_builder_2d.cc:294] 0 computations resulted in 0 additional constraints.
[cartographer_node-1] [INFO] [1778748761.376327005] [cartographer logger]: I0514 17:52:41.000000 99050 constraint_builder_2d.cc:296] Score histogram:
[cartographer_node-1] Count: 12  Min: 0.585958  Max: 0.842654  Mean: 0.700646
[cartographer_node-1] [0.585958, 0.611627)	               #####	Count: 3 (25%)	Total: 3 (25%)
[cartographer_node-1] [0.611627, 0.637297)	                  ##	Count: 1 (8.33333%)	Total: 4 (33.3333%)
[cartographer_node-1] [0.637297, 0.662966)	                    	Count: 0 (0%)	Total: 4 (33.3333%)
[cartographer_node-1] [0.662966, 0.688636)	                    	Count: 0 (0%)	Total: 4 (33.3333%)
[cartographer_node-1] [0.688636, 0.714306)	                 ###	Count: 2 (16.6667%)	Total: 6 (50%)
[cartographer_node-1] [0.714306, 0.739975)	                 ###	Count: 2 (16.6667%)	Total: 8 (66.6667%)
[cartographer_node-1] [0.739975, 0.765645)	                 ###	Count: 2 (16.6667%)	Total: 10 (83.3333%)
[cartographer_node-1] [0.765645, 0.791315)	                  ##	Count: 1 (8.33333%)	Total: 11 (91.6667%)
[cartographer_node-1] [0.791315, 0.816984)	                    	Count: 0 (0%)	Total: 11 (91.6667%)
[cartographer_node-1] [0.816984, 0.842654]	                  ##	Count: 1 (8.33333%)	Total: 12 (100%)
[cartographer_node-1] [INFO] [1778748761.471744216] [cartographer logger]: I0514 17:52:41.000000 99049 pose_graph_2d.cc:538] Remaining work items in queue: 1
[cartographer_node-1] [INFO] [1778748761.471767963] [cartographer logger]: I0514 17:52:41.000000 99049 constraint_builder_2d.cc:294] 0 computations resulted in 0 additional constraints.
[cartographer_node-1] [INFO] [1778748761.472137670] [cartographer logger]: I0514 17:52:41.000000 99049 constraint_builder_2d.cc:296] Score histogram:
[cartographer_node-1] Count: 12  Min: 0.585958  Max: 0.842654  Mean: 0.700646
[cartographer_node-1] [0.585958, 0.611627)	               #####	Count: 3 (25%)	Total: 3 (25%)
[cartographer_node-1] [0.611627, 0.637297)	                  ##	Count: 1 (8.33333%)	Total: 4 (33.3333%)
[cartographer_node-1] [0.637297, 0.662966)	                    	Count: 0 (0%)	Total: 4 (33.3333%)
[cartographer_node-1] [0.662966, 0.688636)	                    	Count: 0 (0%)	Total: 4 (33.3333%)
[cartographer_node-1] [0.688636, 0.714306)	                 ###	Count: 2 (16.6667%)	Total: 6 (50%)
[cartographer_node-1] [0.714306, 0.739975)	                 ###	Count: 2 (16.6667%)	Total: 8 (66.6667%)
[cartographer_node-1] [0.739975, 0.765645)	                 ###	Count: 2 (16.6667%)	Total: 10 (83.3333%)
[cartographer_node-1] [0.765645, 0.791315)	                  ##	Count: 1 (8.33333%)	Total: 11 (91.6667%)
[cartographer_node-1] [0.791315, 0.816984)	                    	Count: 0 (0%)	Total: 11 (91.6667%)
[cartographer_node-1] [0.816984, 0.842654]	                  ##	Count: 1 (8.33333%)	Total: 12 (100%)
[cartographer_node-1] [INFO] [1778748761.517524939] [cartographer logger]: I0514 17:52:41.000000 99047 constraint_builder_2d.cc:279] Node (1, 228) with 212 points on submap (0, 8) matches with score 74.3%.
[cartographer_node-1] [INFO] [1778748761.576735260] [cartographer logger]: I0514 17:52:41.000000 99049 pose_graph_2d.cc:538] Remaining work items in queue: 0
[cartographer_node-1] [INFO] [1778748761.576761941] [cartographer logger]: I0514 17:52:41.000000 99049 constraint_builder_2d.cc:294] 1 computations resulted in 1 additional constraints.
[cartographer_node-1] [INFO] [1778748761.577053370] [cartographer logger]: I0514 17:52:41.000000 99049 constraint_builder_2d.cc:296] Score histogram:
[cartographer_node-1] Count: 13  Min: 0.585958  Max: 0.842654  Mean: 0.703867
[cartographer_node-1] [0.585958, 0.611627)	               #####	Count: 3 (23.0769%)	Total: 3 (23.0769%)
[cartographer_node-1] [0.611627, 0.637297)	                  ##	Count: 1 (7.69231%)	Total: 4 (30.7692%)
[cartographer_node-1] [0.637297, 0.662966)	                    	Count: 0 (0%)	Total: 4 (30.7692%)
[cartographer_node-1] [0.662966, 0.688636)	                    	Count: 0 (0%)	Total: 4 (30.7692%)
[cartographer_node-1] [0.688636, 0.714306)	                 ###	Count: 2 (15.3846%)	Total: 6 (46.1538%)
[cartographer_node-1] [0.714306, 0.739975)	                 ###	Count: 2 (15.3846%)	Total: 8 (61.5385%)
[cartographer_node-1] [0.739975, 0.765645)	               #####	Count: 3 (23.0769%)	Total: 11 (84.6154%)
[cartographer_node-1] [0.765645, 0.791315)	                  ##	Count: 1 (7.69231%)	Total: 12 (92.3077%)
[cartographer_node-1] [0.791315, 0.816984)	                    	Count: 0 (0%)	Total: 12 (92.3077%)
[cartographer_node-1] [0.816984, 0.842654]	                  ##	Count: 1 (7.69231%)	Total: 13 (100%)
[cartographer_node-1] [INFO] [1778748761.656164086] [cartographer logger]: I0514 17:52:41.000000 99047 pose_graph_2d.cc:538] Remaining work items in queue: 1
[cartographer_node-1] [INFO] [1778748761.656187060] [cartographer logger]: I0514 17:52:41.000000 99047 constraint_builder_2d.cc:294] 0 computations resulted in 0 additional constraints.
[cartographer_node-1] [INFO] [1778748761.656227060] [cartographer logger]: I0514 17:52:41.000000 99047 constraint_builder_2d.cc:296] Score histogram:
[cartographer_node-1] Count: 13  Min: 0.585958  Max: 0.842654  Mean: 0.703867
[cartographer_node-1] [0.585958, 0.611627)	               #####	Count: 3 (23.0769%)	Total: 3 (23.0769%)
[cartographer_node-1] [0.611627, 0.637297)	                  ##	Count: 1 (7.69231%)	Total: 4 (30.7692%)
[cartographer_node-1] [0.637297, 0.662966)	                    	Count: 0 (0%)	Total: 4 (30.7692%)
[cartographer_node-1] [0.662966, 0.688636)	                    	Count: 0 (0%)	Total: 4 (30.7692%)
[cartographer_node-1] [0.688636, 0.714306)	                 ###	Count: 2 (15.3846%)	Total: 6 (46.1538%)
[cartographer_node-1] [0.714306, 0.739975)	                 ###	Count: 2 (15.3846%)	Total: 8 (61.5385%)
[cartographer_node-1] [0.739975, 0.765645)	               #####	Count: 3 (23.0769%)	Total: 11 (84.6154%)
[cartographer_node-1] [0.765645, 0.791315)	                  ##	Count: 1 (7.69231%)	Total: 12 (92.3077%)
[cartographer_node-1] [0.791315, 0.816984)	                    	Count: 0 (0%)	Total: 12 (92.3077%)
[cartographer_node-1] [0.816984, 0.842654]	                  ##	Count: 1 (7.69231%)	Total: 13 (100%)
[cartographer_node-1] [INFO] [1778748761.703028144] [cartographer logger]: I0514 17:52:41.000000 99050 pose_graph_2d.cc:538] Remaining work items in queue: 1
[cartographer_node-1] [INFO] [1778748761.703116711] [cartographer logger]: I0514 17:52:41.000000 99050 constraint_builder_2d.cc:294] 0 computations resulted in 0 additional constraints.
[cartographer_node-1] [INFO] [1778748761.703341063] [cartographer logger]: I0514 17:52:41.000000 99050 constraint_builder_2d.cc:296] Score histogram:
[cartographer_node-1] Count: 13  Min: 0.585958  Max: 0.842654  Mean: 0.703867
[cartographer_node-1] [0.585958, 0.611627)	               #####	Count: 3 (23.0769%)	Total: 3 (23.0769%)
[cartographer_node-1] [0.611627, 0.637297)	                  ##	Count: 1 (7.69231%)	Total: 4 (30.7692%)
[cartographer_node-1] [0.637297, 0.662966)	                    	Count: 0 (0%)	Total: 4 (30.7692%)
[cartographer_node-1] [0.662966, 0.688636)	                    	Count: 0 (0%)	Total: 4 (30.7692%)
[cartographer_node-1] [0.688636, 0.714306)	                 ###	Count: 2 (15.3846%)	Total: 6 (46.1538%)
[cartographer_node-1] [0.714306, 0.739975)	                 ###	Count: 2 (15.3846%)	Total: 8 (61.5385%)
[cartographer_node-1] [0.739975, 0.765645)	               #####	Count: 3 (23.0769%)	Total: 11 (84.6154%)
[cartographer_node-1] [0.765645, 0.791315)	                  ##	Count: 1 (7.69231%)	Total: 12 (92.3077%)
[cartographer_node-1] [0.791315, 0.816984)	                    	Count: 0 (0%)	Total: 12 (92.3077%)
[cartographer_node-1] [0.816984, 0.842654]	                  ##	Count: 1 (7.69231%)	Total: 13 (100%)
[cartographer_node-1] [INFO] [1778748761.801910202] [cartographer logger]: I0514 17:52:41.000000 99049 pose_graph_2d.cc:538] Remaining work items in queue: 0
[cartographer_node-1] [INFO] [1778748761.801959652] [cartographer logger]: I0514 17:52:41.000000 99049 constraint_builder_2d.cc:294] 0 computations resulted in 0 additional constraints.
[cartographer_node-1] [INFO] [1778748761.802045776] [cartographer logger]: I0514 17:52:41.000000 99049 constraint_builder_2d.cc:296] Score histogram:
[cartographer_node-1] Count: 13  Min: 0.585958  Max: 0.842654  Mean: 0.703867
[cartographer_node-1] [0.585958, 0.611627)	               #####	Count: 3 (23.0769%)	Total: 3 (23.0769%)
[cartographer_node-1] [0.611627, 0.637297)	                  ##	Count: 1 (7.69231%)	Total: 4 (30.7692%)
[cartographer_node-1] [0.637297, 0.662966)	                    	Count: 0 (0%)	Total: 4 (30.7692%)
[cartographer_node-1] [0.662966, 0.688636)	                    	Count: 0 (0%)	Total: 4 (30.7692%)
[cartographer_node-1] [0.688636, 0.714306)	                 ###	Count: 2 (15.3846%)	Total: 6 (46.1538%)
[cartographer_node-1] [0.714306, 0.739975)	                 ###	Count: 2 (15.3846%)	Total: 8 (61.5385%)
[cartographer_node-1] [0.739975, 0.765645)	               #####	Count: 3 (23.0769%)	Total: 11 (84.6154%)
[cartographer_node-1] [0.765645, 0.791315)	                  ##	Count: 1 (7.69231%)	Total: 12 (92.3077%)
[cartographer_node-1] [0.791315, 0.816984)	                    	Count: 0 (0%)	Total: 12 (92.3077%)
[cartographer_node-1] [0.816984, 0.842654]	                  ##	Count: 1 (7.69231%)	Total: 13 (100%)
[cartographer_node-1] [INFO] [1778748761.873707008] [cartographer logger]: I0514 17:52:41.000000 99050 pose_graph_2d.cc:538] Remaining work items in queue: 0
[cartographer_node-1] [INFO] [1778748761.908991682] [cartographer logger]: I0514 17:52:41.000000 99049 constraint_builder_2d.cc:294] 1 computations resulted in 0 additional constraints.
[cartographer_node-1] [INFO] [1778748761.909063745] [cartographer logger]: I0514 17:52:41.000000 99049 constraint_builder_2d.cc:296] Score histogram:
[cartographer_node-1] Count: 13  Min: 0.585958  Max: 0.842654  Mean: 0.703867
[cartographer_node-1] [0.585958, 0.611627)	               #####	Count: 3 (23.0769%)	Total: 3 (23.0769%)
[cartographer_node-1] [0.611627, 0.637297)	                  ##	Count: 1 (7.69231%)	Total: 4 (30.7692%)
[cartographer_node-1] [0.637297, 0.662966)	                    	Count: 0 (0%)	Total: 4 (30.7692%)
[cartographer_node-1] [0.662966, 0.688636)	                    	Count: 0 (0%)	Total: 4 (30.7692%)
[cartographer_node-1] [0.688636, 0.714306)	                 ###	Count: 2 (15.3846%)	Total: 6 (46.1538%)
[cartographer_node-1] [0.714306, 0.739975)	                 ###	Count: 2 (15.3846%)	Total: 8 (61.5385%)
[cartographer_node-1] [0.739975, 0.765645)	               #####	Count: 3 (23.0769%)	Total: 11 (84.6154%)
[cartographer_node-1] [0.765645, 0.791315)	                  ##	Count: 1 (7.69231%)	Total: 12 (92.3077%)
[cartographer_node-1] [0.791315, 0.816984)	                    	Count: 0 (0%)	Total: 12 (92.3077%)
[cartographer_node-1] [0.816984, 0.842654]	                  ##	Count: 1 (7.69231%)	Total: 13 (100%)
[cartographer_node-1] [INFO] [1778748761.921575006] [cartographer logger]: I0514 17:52:41.000000 99050 pose_graph_2d.cc:538] Remaining work items in queue: 1
[cartographer_node-1] [INFO] [1778748761.921625695] [cartographer logger]: I0514 17:52:41.000000 99050 constraint_builder_2d.cc:294] 0 computations resulted in 0 additional constraints.
[cartographer_node-1] [INFO] [1778748761.921707559] [cartographer logger]: I0514 17:52:41.000000 99050 constraint_builder_2d.cc:296] Score histogram:
[cartographer_node-1] Count: 13  Min: 0.585958  Max: 0.842654  Mean: 0.703867
[cartographer_node-1] [0.585958, 0.611627)	               #####	Count: 3 (23.0769%)	Total: 3 (23.0769%)
[cartographer_node-1] [0.611627, 0.637297)	                  ##	Count: 1 (7.69231%)	Total: 4 (30.7692%)
[cartographer_node-1] [0.637297, 0.662966)	                    	Count: 0 (0%)	Total: 4 (30.7692%)
[cartographer_node-1] [0.662966, 0.688636)	                    	Count: 0 (0%)	Total: 4 (30.7692%)
[cartographer_node-1] [0.688636, 0.714306)	                 ###	Count: 2 (15.3846%)	Total: 6 (46.1538%)
[cartographer_node-1] [0.714306, 0.739975)	                 ###	Count: 2 (15.3846%)	Total: 8 (61.5385%)
[cartographer_node-1] [0.739975, 0.765645)	               #####	Count: 3 (23.0769%)	Total: 11 (84.6154%)
[cartographer_node-1] [0.765645, 0.791315)	                  ##	Count: 1 (7.69231%)	Total: 12 (92.3077%)
[cartographer_node-1] [0.791315, 0.816984)	                    	Count: 0 (0%)	Total: 12 (92.3077%)
[cartographer_node-1] [0.816984, 0.842654]	                  ##	Count: 1 (7.69231%)	Total: 13 (100%)
[cartographer_node-1] [INFO] [1778748762.071300954] [cartographer logger]: I0514 17:52:42.000000 99049 pose_graph_2d.cc:538] Remaining work items in queue: 0
[cartographer_node-1] [INFO] [1778748762.071354725] [cartographer logger]: I0514 17:52:42.000000 99049 constraint_builder_2d.cc:294] 0 computations resulted in 0 additional constraints.
[cartographer_node-1] [INFO] [1778748762.071455322] [cartographer logger]: I0514 17:52:42.000000 99049 constraint_builder_2d.cc:296] Score histogram:
[cartographer_node-1] Count: 13  Min: 0.585958  Max: 0.842654  Mean: 0.703867
[cartographer_node-1] [0.585958, 0.611627)	               #####	Count: 3 (23.0769%)	Total: 3 (23.0769%)
[cartographer_node-1] [0.611627, 0.637297)	                  ##	Count: 1 (7.69231%)	Total: 4 (30.7692%)
[cartographer_node-1] [0.637297, 0.662966)	                    	Count: 0 (0%)	Total: 4 (30.7692%)
[cartographer_node-1] [0.662966, 0.688636)	                    	Count: 0 (0%)	Total: 4 (30.7692%)
[cartographer_node-1] [0.688636, 0.714306)	                 ###	Count: 2 (15.3846%)	Total: 6 (46.1538%)
[cartographer_node-1] [0.714306, 0.739975)	                 ###	Count: 2 (15.3846%)	Total: 8 (61.5385%)
[cartographer_node-1] [0.739975, 0.765645)	               #####	Count: 3 (23.0769%)	Total: 11 (84.6154%)
[cartographer_node-1] [0.765645, 0.791315)	                  ##	Count: 1 (7.69231%)	Total: 12 (92.3077%)
[cartographer_node-1] [0.791315, 0.816984)	                    	Count: 0 (0%)	Total: 12 (92.3077%)
[cartographer_node-1] [0.816984, 0.842654]	                  ##	Count: 1 (7.69231%)	Total: 13 (100%)
[cartographer_node-1] [INFO] [1778748762.270179672] [cartographer logger]: I0514 17:52:42.000000 99049 pose_graph_2d.cc:538] Remaining work items in queue: 0
[cartographer_node-1] [INFO] [1778748762.270238437] [cartographer logger]: I0514 17:52:42.000000 99049 constraint_builder_2d.cc:294] 0 computations resulted in 0 additional constraints.
[cartographer_node-1] [INFO] [1778748762.270347692] [cartographer logger]: I0514 17:52:42.000000 99049 constraint_builder_2d.cc:296] Score histogram:
[cartographer_node-1] Count: 13  Min: 0.585958  Max: 0.842654  Mean: 0.703867
[cartographer_node-1] [0.585958, 0.611627)	               #####	Count: 3 (23.0769%)	Total: 3 (23.0769%)
[cartographer_node-1] [0.611627, 0.637297)	                  ##	Count: 1 (7.69231%)	Total: 4 (30.7692%)
[cartographer_node-1] [0.637297, 0.662966)	                    	Count: 0 (0%)	Total: 4 (30.7692%)
[cartographer_node-1] [0.662966, 0.688636)	                    	Count: 0 (0%)	Total: 4 (30.7692%)
[cartographer_node-1] [0.688636, 0.714306)	                 ###	Count: 2 (15.3846%)	Total: 6 (46.1538%)
[cartographer_node-1] [0.714306, 0.739975)	                 ###	Count: 2 (15.3846%)	Total: 8 (61.5385%)
[cartographer_node-1] [0.739975, 0.765645)	               #####	Count: 3 (23.0769%)	Total: 11 (84.6154%)
[cartographer_node-1] [0.765645, 0.791315)	                  ##	Count: 1 (7.69231%)	Total: 12 (92.3077%)
[cartographer_node-1] [0.791315, 0.816984)	                    	Count: 0 (0%)	Total: 12 (92.3077%)
[cartographer_node-1] [0.816984, 0.842654]	                  ##	Count: 1 (7.69231%)	Total: 13 (100%)
[cartographer_node-1] [INFO] [1778748762.376286695] [cartographer logger]: I0514 17:52:42.000000 99047 pose_graph_2d.cc:538] Remaining work items in queue: 1
[cartographer_node-1] [INFO] [1778748762.376310975] [cartographer logger]: I0514 17:52:42.000000 99047 constraint_builder_2d.cc:294] 0 computations resulted in 0 additional constraints.
[cartographer_node-1] [INFO] [1778748762.376526859] [cartographer logger]: I0514 17:52:42.000000 99047 constraint_builder_2d.cc:296] Score histogram:
[cartographer_node-1] Count: 13  Min: 0.585958  Max: 0.842654  Mean: 0.703867
[cartographer_node-1] [0.585958, 0.611627)	               #####	Count: 3 (23.0769%)	Total: 3 (23.0769%)
[cartographer_node-1] [0.611627, 0.637297)	                  ##	Count: 1 (7.69231%)	Total: 4 (30.7692%)
[cartographer_node-1] [0.637297, 0.662966)	                    	Count: 0 (0%)	Total: 4 (30.7692%)
[cartographer_node-1] [0.662966, 0.688636)	                    	Count: 0 (0%)	Total: 4 (30.7692%)
[cartographer_node-1] [0.688636, 0.714306)	                 ###	Count: 2 (15.3846%)	Total: 6 (46.1538%)
[cartographer_node-1] [0.714306, 0.739975)	                 ###	Count: 2 (15.3846%)	Total: 8 (61.5385%)
[cartographer_node-1] [0.739975, 0.765645)	               #####	Count: 3 (23.0769%)	Total: 11 (84.6154%)
[cartographer_node-1] [0.765645, 0.791315)	                  ##	Count: 1 (7.69231%)	Total: 12 (92.3077%)
[cartographer_node-1] [0.791315, 0.816984)	                    	Count: 0 (0%)	Total: 12 (92.3077%)
[cartographer_node-1] [0.816984, 0.842654]	                  ##	Count: 1 (7.69231%)	Total: 13 (100%)
[cartographer_node-1] [INFO] [1778748762.471604463] [cartographer logger]: I0514 17:52:42.000000 99048 pose_graph_2d.cc:538] Remaining work items in queue: 1
[cartographer_node-1] [INFO] [1778748762.499056874] [cartographer logger]: I0514 17:52:42.000000 99050 constraint_builder_2d.cc:279] Node (1, 257) with 201 points on submap (0, 2) matches with score 63.4%.
[cartographer_node-1] [INFO] [1778748762.499084232] [cartographer logger]: I0514 17:52:42.000000 99050 constraint_builder_2d.cc:294] 1 computations resulted in 1 additional constraints.
[cartographer_node-1] [INFO] [1778748762.499102830] [cartographer logger]: I0514 17:52:42.000000 99050 constraint_builder_2d.cc:296] Score histogram:
[cartographer_node-1] Count: 14  Min: 0.585958  Max: 0.842654  Mean: 0.698871
[cartographer_node-1] [0.585958, 0.611627)	                ####	Count: 3 (21.4286%)	Total: 3 (21.4286%)
[cartographer_node-1] [0.611627, 0.637297)	                 ###	Count: 2 (14.2857%)	Total: 5 (35.7143%)
[cartographer_node-1] [0.637297, 0.662966)	                    	Count: 0 (0%)	Total: 5 (35.7143%)
[cartographer_node-1] [0.662966, 0.688636)	                    	Count: 0 (0%)	Total: 5 (35.7143%)
[cartographer_node-1] [0.688636, 0.714306)	                 ###	Count: 2 (14.2857%)	Total: 7 (50%)
[cartographer_node-1] [0.714306, 0.739975)	                 ###	Count: 2 (14.2857%)	Total: 9 (64.2857%)
[cartographer_node-1] [0.739975, 0.765645)	                ####	Count: 3 (21.4286%)	Total: 12 (85.7143%)
[cartographer_node-1] [0.765645, 0.791315)	                   #	Count: 1 (7.14286%)	Total: 13 (92.8571%)
[cartographer_node-1] [0.791315, 0.816984)	                    	Count: 0 (0%)	Total: 13 (92.8571%)
[cartographer_node-1] [0.816984, 0.842654]	                   #	Count: 1 (7.14286%)	Total: 14 (100%)
[cartographer_node-1] [INFO] [1778748762.560366510] [cartographer logger]: I0514 17:52:42.000000 99050 pose_graph_2d.cc:538] Remaining work items in queue: 1
[cartographer_node-1] [INFO] [1778748762.560390627] [cartographer logger]: I0514 17:52:42.000000 99050 constraint_builder_2d.cc:294] 0 computations resulted in 0 additional constraints.
[cartographer_node-1] [INFO] [1778748762.560495578] [cartographer logger]: I0514 17:52:42.000000 99050 constraint_builder_2d.cc:296] Score histogram:
[cartographer_node-1] Count: 14  Min: 0.585958  Max: 0.842654  Mean: 0.698871
[cartographer_node-1] [0.585958, 0.611627)	                ####	Count: 3 (21.4286%)	Total: 3 (21.4286%)
[cartographer_node-1] [0.611627, 0.637297)	                 ###	Count: 2 (14.2857%)	Total: 5 (35.7143%)
[cartographer_node-1] [0.637297, 0.662966)	                    	Count: 0 (0%)	Total: 5 (35.7143%)
[cartographer_node-1] [0.662966, 0.688636)	                    	Count: 0 (0%)	Total: 5 (35.7143%)
[cartographer_node-1] [0.688636, 0.714306)	                 ###	Count: 2 (14.2857%)	Total: 7 (50%)
[cartographer_node-1] [0.714306, 0.739975)	                 ###	Count: 2 (14.2857%)	Total: 9 (64.2857%)
[cartographer_node-1] [0.739975, 0.765645)	                ####	Count: 3 (21.4286%)	Total: 12 (85.7143%)
[cartographer_node-1] [0.765645, 0.791315)	                   #	Count: 1 (7.14286%)	Total: 13 (92.8571%)
[cartographer_node-1] [0.791315, 0.816984)	                    	Count: 0 (0%)	Total: 13 (92.8571%)
[cartographer_node-1] [0.816984, 0.842654]	                   #	Count: 1 (7.14286%)	Total: 14 (100%)
[cartographer_node-1] [INFO] [1778748762.656389505] [cartographer logger]: I0514 17:52:42.000000 99047 pose_graph_2d.cc:538] Remaining work items in queue: 0
[cartographer_node-1] [INFO] [1778748762.656431052] [cartographer logger]: I0514 17:52:42.000000 99047 constraint_builder_2d.cc:294] 0 computations resulted in 0 additional constraints.
[cartographer_node-1] [INFO] [1778748762.656507420] [cartographer logger]: I0514 17:52:42.000000 99047 constraint_builder_2d.cc:296] Score histogram:
[cartographer_node-1] Count: 14  Min: 0.585958  Max: 0.842654  Mean: 0.698871
[cartographer_node-1] [0.585958, 0.611627)	                ####	Count: 3 (21.4286%)	Total: 3 (21.4286%)
[cartographer_node-1] [0.611627, 0.637297)	                 ###	Count: 2 (14.2857%)	Total: 5 (35.7143%)
[cartographer_node-1] [0.637297, 0.662966)	                    	Count: 0 (0%)	Total: 5 (35.7143%)
[cartographer_node-1] [0.662966, 0.688636)	                    	Count: 0 (0%)	Total: 5 (35.7143%)
[cartographer_node-1] [0.688636, 0.714306)	                 ###	Count: 2 (14.2857%)	Total: 7 (50%)
[cartographer_node-1] [0.714306, 0.739975)	                 ###	Count: 2 (14.2857%)	Total: 9 (64.2857%)
[cartographer_node-1] [0.739975, 0.765645)	                ####	Count: 3 (21.4286%)	Total: 12 (85.7143%)
[cartographer_node-1] [0.765645, 0.791315)	                   #	Count: 1 (7.14286%)	Total: 13 (92.8571%)
[cartographer_node-1] [0.791315, 0.816984)	                    	Count: 0 (0%)	Total: 13 (92.8571%)
[cartographer_node-1] [0.816984, 0.842654]	                   #	Count: 1 (7.14286%)	Total: 14 (100%)
[cartographer_node-1] [INFO] [1778748762.706523237] [cartographer logger]: I0514 17:52:42.000000 99050 pose_graph_2d.cc:538] Remaining work items in queue: 1
[cartographer_node-1] [INFO] [1778748762.706544598] [cartographer logger]: I0514 17:52:42.000000 99050 constraint_builder_2d.cc:294] 0 computations resulted in 0 additional constraints.
[cartographer_node-1] [INFO] [1778748762.706638144] [cartographer logger]: I0514 17:52:42.000000 99050 constraint_builder_2d.cc:296] Score histogram:
[cartographer_node-1] Count: 14  Min: 0.585958  Max: 0.842654  Mean: 0.698871
[cartographer_node-1] [0.585958, 0.611627)	                ####	Count: 3 (21.4286%)	Total: 3 (21.4286%)
[cartographer_node-1] [0.611627, 0.637297)	                 ###	Count: 2 (14.2857%)	Total: 5 (35.7143%)
[cartographer_node-1] [0.637297, 0.662966)	                    	Count: 0 (0%)	Total: 5 (35.7143%)
[cartographer_node-1] [0.662966, 0.688636)	                    	Count: 0 (0%)	Total: 5 (35.7143%)
[cartographer_node-1] [0.688636, 0.714306)	                 ###	Count: 2 (14.2857%)	Total: 7 (50%)
[cartographer_node-1] [0.714306, 0.739975)	                 ###	Count: 2 (14.2857%)	Total: 9 (64.2857%)
[cartographer_node-1] [0.739975, 0.765645)	                ####	Count: 3 (21.4286%)	Total: 12 (85.7143%)
[cartographer_node-1] [0.765645, 0.791315)	                   #	Count: 1 (7.14286%)	Total: 13 (92.8571%)
[cartographer_node-1] [0.791315, 0.816984)	                    	Count: 0 (0%)	Total: 13 (92.8571%)
[cartographer_node-1] [0.816984, 0.842654]	                   #	Count: 1 (7.14286%)	Total: 14 (100%)
[cartographer_node-1] [INFO] [1778748762.773563182] [cartographer logger]: I0514 17:52:42.000000 99049 pose_graph_2d.cc:538] Remaining work items in queue: 0
[cartographer_node-1] [INFO] [1778748762.803022219] [cartographer logger]: I0514 17:52:42.000000 99008 pose_graph_2d.cc:148] Inserted submap (1, 3).
[cartographer_node-1] [INFO] [1778748762.810713044] [cartographer logger]: I0514 17:52:42.000000 99047 constraint_builder_2d.cc:279] Node (0, 1018) with 189 points on submap (1, 1) matches with score 68.0%.
[cartographer_node-1] [INFO] [1778748762.838940978] [cartographer logger]: I0514 17:52:42.000000 99048 constraint_builder_2d.cc:279] Node (0, 818) with 218 points on submap (1, 1) matches with score 81.2%.
[cartographer_node-1] [INFO] [1778748762.841316404] [cartographer logger]: I0514 17:52:42.000000 99049 constraint_builder_2d.cc:279] Node (0, 218) with 221 points on submap (1, 1) matches with score 80.3%.
[cartographer_node-1] [INFO] [1778748762.881780324] [cartographer logger]: I0514 17:52:42.000000 99048 constraint_builder_2d.cc:294] 8 computations resulted in 3 additional constraints.
[cartographer_node-1] [INFO] [1778748762.881815979] [cartographer logger]: I0514 17:52:42.000000 99048 constraint_builder_2d.cc:296] Score histogram:
[cartographer_node-1] Count: 17  Min: 0.585958  Max: 0.842654  Mean: 0.710515
[cartographer_node-1] [0.585958, 0.611627)	                ####	Count: 3 (17.6471%)	Total: 3 (17.6471%)
[cartographer_node-1] [0.611627, 0.637297)	                  ##	Count: 2 (11.7647%)	Total: 5 (29.4118%)
[cartographer_node-1] [0.637297, 0.662966)	                    	Count: 0 (0%)	Total: 5 (29.4118%)
[cartographer_node-1] [0.662966, 0.688636)	                   #	Count: 1 (5.88235%)	Total: 6 (35.2941%)
[cartographer_node-1] [0.688636, 0.714306)	                  ##	Count: 2 (11.7647%)	Total: 8 (47.0588%)
[cartographer_node-1] [0.714306, 0.739975)	                  ##	Count: 2 (11.7647%)	Total: 10 (58.8235%)
[cartographer_node-1] [0.739975, 0.765645)	                ####	Count: 3 (17.6471%)	Total: 13 (76.4706%)
[cartographer_node-1] [0.765645, 0.791315)	                   #	Count: 1 (5.88235%)	Total: 14 (82.3529%)
[cartographer_node-1] [0.791315, 0.816984)	                  ##	Count: 2 (11.7647%)	Total: 16 (94.1176%)
[cartographer_node-1] [0.816984, 0.842654]	                   #	Count: 1 (5.88235%)	Total: 17 (100%)
[cartographer_node-1] [INFO] [1778748762.906408754] [cartographer logger]: I0514 17:52:42.000000 99048 pose_graph_2d.cc:538] Remaining work items in queue: 4
[cartographer_node-1] [INFO] [1778748762.935885119] [cartographer logger]: I0514 17:52:42.000000 99050 constraint_builder_2d.cc:279] Node (1, 271) with 202 points on submap (0, 6) matches with score 64.2%.
[cartographer_node-1] [INFO] [1778748762.935938689] [cartographer logger]: I0514 17:52:42.000000 99050 constraint_builder_2d.cc:294] 1 computations resulted in 1 additional constraints.
[cartographer_node-1] [INFO] [1778748762.935982438] [cartographer logger]: I0514 17:52:42.000000 99050 constraint_builder_2d.cc:296] Score histogram:
[cartographer_node-1] Count: 18  Min: 0.585958  Max: 0.842654  Mean: 0.706698
[cartographer_node-1] [0.585958, 0.611627)	                 ###	Count: 3 (16.6667%)	Total: 3 (16.6667%)
[cartographer_node-1] [0.611627, 0.637297)	                  ##	Count: 2 (11.1111%)	Total: 5 (27.7778%)
[cartographer_node-1] [0.637297, 0.662966)	                   #	Count: 1 (5.55556%)	Total: 6 (33.3333%)
[cartographer_node-1] [0.662966, 0.688636)	                   #	Count: 1 (5.55556%)	Total: 7 (38.8889%)
[cartographer_node-1] [0.688636, 0.714306)	                  ##	Count: 2 (11.1111%)	Total: 9 (50%)
[cartographer_node-1] [0.714306, 0.739975)	                  ##	Count: 2 (11.1111%)	Total: 11 (61.1111%)
[cartographer_node-1] [0.739975, 0.765645)	                 ###	Count: 3 (16.6667%)	Total: 14 (77.7778%)
[cartographer_node-1] [0.765645, 0.791315)	                   #	Count: 1 (5.55556%)	Total: 15 (83.3333%)
[cartographer_node-1] [0.791315, 0.816984)	                  ##	Count: 2 (11.1111%)	Total: 17 (94.4444%)
[cartographer_node-1] [0.816984, 0.842654]	                   #	Count: 1 (5.55556%)	Total: 18 (100%)
[cartographer_node-1] [INFO] [1778748762.958377600] [cartographer logger]: I0514 17:52:42.000000 99050 pose_graph_2d.cc:538] Remaining work items in queue: 1
[cartographer_node-1] [INFO] [1778748762.958401754] [cartographer logger]: I0514 17:52:42.000000 99050 constraint_builder_2d.cc:294] 0 computations resulted in 0 additional constraints.
[cartographer_node-1] [INFO] [1778748762.958429703] [cartographer logger]: I0514 17:52:42.000000 99050 constraint_builder_2d.cc:296] Score histogram:
[cartographer_node-1] Count: 18  Min: 0.585958  Max: 0.842654  Mean: 0.706698
[cartographer_node-1] [0.585958, 0.611627)	                 ###	Count: 3 (16.6667%)	Total: 3 (16.6667%)
[cartographer_node-1] [0.611627, 0.637297)	                  ##	Count: 2 (11.1111%)	Total: 5 (27.7778%)
[cartographer_node-1] [0.637297, 0.662966)	                   #	Count: 1 (5.55556%)	Total: 6 (33.3333%)
[cartographer_node-1] [0.662966, 0.688636)	                   #	Count: 1 (5.55556%)	Total: 7 (38.8889%)
[cartographer_node-1] [0.688636, 0.714306)	                  ##	Count: 2 (11.1111%)	Total: 9 (50%)
[cartographer_node-1] [0.714306, 0.739975)	                  ##	Count: 2 (11.1111%)	Total: 11 (61.1111%)
[cartographer_node-1] [0.739975, 0.765645)	                 ###	Count: 3 (16.6667%)	Total: 14 (77.7778%)
[cartographer_node-1] [0.765645, 0.791315)	                   #	Count: 1 (5.55556%)	Total: 15 (83.3333%)
[cartographer_node-1] [0.791315, 0.816984)	                  ##	Count: 2 (11.1111%)	Total: 17 (94.4444%)
[cartographer_node-1] [0.816984, 0.842654]	                   #	Count: 1 (5.55556%)	Total: 18 (100%)
[cartographer_node-1] [INFO] [1778748763.003901989] [cartographer logger]: I0514 17:52:43.000000 99049 pose_graph_2d.cc:538] Remaining work items in queue: 1
[cartographer_node-1] [INFO] [1778748763.003923663] [cartographer logger]: I0514 17:52:43.000000 99049 constraint_builder_2d.cc:294] 0 computations resulted in 0 additional constraints.
[cartographer_node-1] [INFO] [1778748763.003942726] [cartographer logger]: I0514 17:52:43.000000 99049 constraint_builder_2d.cc:296] Score histogram:
[cartographer_node-1] Count: 18  Min: 0.585958  Max: 0.842654  Mean: 0.706698
[cartographer_node-1] [0.585958, 0.611627)	                 ###	Count: 3 (16.6667%)	Total: 3 (16.6667%)
[cartographer_node-1] [0.611627, 0.637297)	                  ##	Count: 2 (11.1111%)	Total: 5 (27.7778%)
[cartographer_node-1] [0.637297, 0.662966)	                   #	Count: 1 (5.55556%)	Total: 6 (33.3333%)
[cartographer_node-1] [0.662966, 0.688636)	                   #	Count: 1 (5.55556%)	Total: 7 (38.8889%)
[cartographer_node-1] [0.688636, 0.714306)	                  ##	Count: 2 (11.1111%)	Total: 9 (50%)
[cartographer_node-1] [0.714306, 0.739975)	                  ##	Count: 2 (11.1111%)	Total: 11 (61.1111%)
[cartographer_node-1] [0.739975, 0.765645)	                 ###	Count: 3 (16.6667%)	Total: 14 (77.7778%)
[cartographer_node-1] [0.765645, 0.791315)	                   #	Count: 1 (5.55556%)	Total: 15 (83.3333%)
[cartographer_node-1] [0.791315, 0.816984)	                  ##	Count: 2 (11.1111%)	Total: 17 (94.4444%)
[cartographer_node-1] [0.816984, 0.842654]	                   #	Count: 1 (5.55556%)	Total: 18 (100%)
[cartographer_node-1] [INFO] [1778748763.083874466] [cartographer logger]: I0514 17:52:43.000000 99050 pose_graph_2d.cc:538] Remaining work items in queue: 1
[cartographer_node-1] [INFO] [1778748763.083971620] [cartographer logger]: I0514 17:52:43.000000 99050 constraint_builder_2d.cc:294] 0 computations resulted in 0 additional constraints.
[cartographer_node-1] [INFO] [1778748763.084868231] [cartographer logger]: I0514 17:52:43.000000 99050 constraint_builder_2d.cc:296] Score histogram:
[cartographer_node-1] Count: 18  Min: 0.585958  Max: 0.842654  Mean: 0.706698
[cartographer_node-1] [0.585958, 0.611627)	                 ###	Count: 3 (16.6667%)	Total: 3 (16.6667%)
[cartographer_node-1] [0.611627, 0.637297)	                  ##	Count: 2 (11.1111%)	Total: 5 (27.7778%)
[cartographer_node-1] [0.637297, 0.662966)	                   #	Count: 1 (5.55556%)	Total: 6 (33.3333%)
[cartographer_node-1] [0.662966, 0.688636)	                   #	Count: 1 (5.55556%)	Total: 7 (38.8889%)
[cartographer_node-1] [0.688636, 0.714306)	                  ##	Count: 2 (11.1111%)	Total: 9 (50%)
[cartographer_node-1] [0.714306, 0.739975)	                  ##	Count: 2 (11.1111%)	Total: 11 (61.1111%)
[cartographer_node-1] [0.739975, 0.765645)	                 ###	Count: 3 (16.6667%)	Total: 14 (77.7778%)
[cartographer_node-1] [0.765645, 0.791315)	                   #	Count: 1 (5.55556%)	Total: 15 (83.3333%)
[cartographer_node-1] [0.791315, 0.816984)	                  ##	Count: 2 (11.1111%)	Total: 17 (94.4444%)
[cartographer_node-1] [0.816984, 0.842654]	                   #	Count: 1 (5.55556%)	Total: 18 (100%)
[cartographer_node-1] [INFO] [1778748763.161223089] [cartographer logger]: I0514 17:52:43.000000 99048 pose_graph_2d.cc:538] Remaining work items in queue: 1
[cartographer_node-1] [INFO] [1778748763.161289495] [cartographer logger]: I0514 17:52:43.000000 99048 constraint_builder_2d.cc:294] 0 computations resulted in 0 additional constraints.
[cartographer_node-1] [INFO] [1778748763.161395564] [cartographer logger]: I0514 17:52:43.000000 99048 constraint_builder_2d.cc:296] Score histogram:
[cartographer_node-1] Count: 18  Min: 0.585958  Max: 0.842654  Mean: 0.706698
[cartographer_node-1] [0.585958, 0.611627)	                 ###	Count: 3 (16.6667%)	Total: 3 (16.6667%)
[cartographer_node-1] [0.611627, 0.637297)	                  ##	Count: 2 (11.1111%)	Total: 5 (27.7778%)
[cartographer_node-1] [0.637297, 0.662966)	                   #	Count: 1 (5.55556%)	Total: 6 (33.3333%)
[cartographer_node-1] [0.662966, 0.688636)	                   #	Count: 1 (5.55556%)	Total: 7 (38.8889%)
[cartographer_node-1] [0.688636, 0.714306)	                  ##	Count: 2 (11.1111%)	Total: 9 (50%)
[cartographer_node-1] [0.714306, 0.739975)	                  ##	Count: 2 (11.1111%)	Total: 11 (61.1111%)
[cartographer_node-1] [0.739975, 0.765645)	                 ###	Count: 3 (16.6667%)	Total: 14 (77.7778%)
[cartographer_node-1] [0.765645, 0.791315)	                   #	Count: 1 (5.55556%)	Total: 15 (83.3333%)
[cartographer_node-1] [0.791315, 0.816984)	                  ##	Count: 2 (11.1111%)	Total: 17 (94.4444%)
[cartographer_node-1] [0.816984, 0.842654]	                   #	Count: 1 (5.55556%)	Total: 18 (100%)
[cartographer_node-1] [INFO] [1778748763.250425066] [cartographer logger]: I0514 17:52:43.000000 99050 pose_graph_2d.cc:538] Remaining work items in queue: 0
[cartographer_node-1] [INFO] [1778748763.250453548] [cartographer logger]: I0514 17:52:43.000000 99050 constraint_builder_2d.cc:294] 1 computations resulted in 0 additional constraints.
[cartographer_node-1] [INFO] [1778748763.250534640] [cartographer logger]: I0514 17:52:43.000000 99050 constraint_builder_2d.cc:296] Score histogram:
[cartographer_node-1] Count: 18  Min: 0.585958  Max: 0.842654  Mean: 0.706698
[cartographer_node-1] [0.585958, 0.611627)	                 ###	Count: 3 (16.6667%)	Total: 3 (16.6667%)
[cartographer_node-1] [0.611627, 0.637297)	                  ##	Count: 2 (11.1111%)	Total: 5 (27.7778%)
[cartographer_node-1] [0.637297, 0.662966)	                   #	Count: 1 (5.55556%)	Total: 6 (33.3333%)
[cartographer_node-1] [0.662966, 0.688636)	                   #	Count: 1 (5.55556%)	Total: 7 (38.8889%)
[cartographer_node-1] [0.688636, 0.714306)	                  ##	Count: 2 (11.1111%)	Total: 9 (50%)
[cartographer_node-1] [0.714306, 0.739975)	                  ##	Count: 2 (11.1111%)	Total: 11 (61.1111%)
[cartographer_node-1] [0.739975, 0.765645)	                 ###	Count: 3 (16.6667%)	Total: 14 (77.7778%)
[cartographer_node-1] [0.765645, 0.791315)	                   #	Count: 1 (5.55556%)	Total: 15 (83.3333%)
[cartographer_node-1] [0.791315, 0.816984)	                  ##	Count: 2 (11.1111%)	Total: 17 (94.4444%)
[cartographer_node-1] [0.816984, 0.842654]	                   #	Count: 1 (5.55556%)	Total: 18 (100%)
[cartographer_node-1] [INFO] [1778748763.310531334] [cartographer logger]: I0514 17:52:43.000000 99048 pose_graph_2d.cc:538] Remaining work items in queue: 1
[cartographer_node-1] [INFO] [1778748763.310552847] [cartographer logger]: I0514 17:52:43.000000 99048 constraint_builder_2d.cc:294] 0 computations resulted in 0 additional constraints.
[cartographer_node-1] [INFO] [1778748763.310928065] [cartographer logger]: I0514 17:52:43.000000 99048 constraint_builder_2d.cc:296] Score histogram:
[cartographer_node-1] Count: 18  Min: 0.585958  Max: 0.842654  Mean: 0.706698
[cartographer_node-1] [0.585958, 0.611627)	                 ###	Count: 3 (16.6667%)	Total: 3 (16.6667%)
[cartographer_node-1] [0.611627, 0.637297)	                  ##	Count: 2 (11.1111%)	Total: 5 (27.7778%)
[cartographer_node-1] [0.637297, 0.662966)	                   #	Count: 1 (5.55556%)	Total: 6 (33.3333%)
[cartographer_node-1] [0.662966, 0.688636)	                   #	Count: 1 (5.55556%)	Total: 7 (38.8889%)
[cartographer_node-1] [0.688636, 0.714306)	                  ##	Count: 2 (11.1111%)	Total: 9 (50%)
[cartographer_node-1] [0.714306, 0.739975)	                  ##	Count: 2 (11.1111%)	Total: 11 (61.1111%)
[cartographer_node-1] [0.739975, 0.765645)	                 ###	Count: 3 (16.6667%)	Total: 14 (77.7778%)
[cartographer_node-1] [0.765645, 0.791315)	                   #	Count: 1 (5.55556%)	Total: 15 (83.3333%)
[cartographer_node-1] [0.791315, 0.816984)	                  ##	Count: 2 (11.1111%)	Total: 17 (94.4444%)
[cartographer_node-1] [0.816984, 0.842654]	                   #	Count: 1 (5.55556%)	Total: 18 (100%)
[cartographer_node-1] [INFO] [1778748763.378236410] [cartographer logger]: I0514 17:52:43.000000 99050 pose_graph_2d.cc:538] Remaining work items in queue: 0
[cartographer_node-1] [INFO] [1778748763.378263042] [cartographer logger]: I0514 17:52:43.000000 99050 constraint_builder_2d.cc:294] 0 computations resulted in 0 additional constraints.
[cartographer_node-1] [INFO] [1778748763.378742733] [cartographer logger]: I0514 17:52:43.000000 99050 constraint_builder_2d.cc:296] Score histogram:
[cartographer_node-1] Count: 18  Min: 0.585958  Max: 0.842654  Mean: 0.706698
[cartographer_node-1] [0.585958, 0.611627)	                 ###	Count: 3 (16.6667%)	Total: 3 (16.6667%)
[cartographer_node-1] [0.611627, 0.637297)	                  ##	Count: 2 (11.1111%)	Total: 5 (27.7778%)
[cartographer_node-1] [0.637297, 0.662966)	                   #	Count: 1 (5.55556%)	Total: 6 (33.3333%)
[cartographer_node-1] [0.662966, 0.688636)	                   #	Count: 1 (5.55556%)	Total: 7 (38.8889%)
[cartographer_node-1] [0.688636, 0.714306)	                  ##	Count: 2 (11.1111%)	Total: 9 (50%)
[cartographer_node-1] [0.714306, 0.739975)	                  ##	Count: 2 (11.1111%)	Total: 11 (61.1111%)
[cartographer_node-1] [0.739975, 0.765645)	                 ###	Count: 3 (16.6667%)	Total: 14 (77.7778%)
[cartographer_node-1] [0.765645, 0.791315)	                   #	Count: 1 (5.55556%)	Total: 15 (83.3333%)
[cartographer_node-1] [0.791315, 0.816984)	                  ##	Count: 2 (11.1111%)	Total: 17 (94.4444%)
[cartographer_node-1] [0.816984, 0.842654]	                   #	Count: 1 (5.55556%)	Total: 18 (100%)
[cartographer_node-1] [INFO] [1778748763.456509518] [cartographer logger]: I0514 17:52:43.000000 99048 pose_graph_2d.cc:538] Remaining work items in queue: 1
[cartographer_node-1] [INFO] [1778748763.456551826] [cartographer logger]: I0514 17:52:43.000000 99048 constraint_builder_2d.cc:294] 0 computations resulted in 0 additional constraints.
[cartographer_node-1] [INFO] [1778748763.456573528] [cartographer logger]: I0514 17:52:43.000000 99048 constraint_builder_2d.cc:296] Score histogram:
[cartographer_node-1] Count: 18  Min: 0.585958  Max: 0.842654  Mean: 0.706698
[cartographer_node-1] [0.585958, 0.611627)	                 ###	Count: 3 (16.6667%)	Total: 3 (16.6667%)
[cartographer_node-1] [0.611627, 0.637297)	                  ##	Count: 2 (11.1111%)	Total: 5 (27.7778%)
[cartographer_node-1] [0.637297, 0.662966)	                   #	Count: 1 (5.55556%)	Total: 6 (33.3333%)
[cartographer_node-1] [0.662966, 0.688636)	                   #	Count: 1 (5.55556%)	Total: 7 (38.8889%)
[cartographer_node-1] [0.688636, 0.714306)	                  ##	Count: 2 (11.1111%)	Total: 9 (50%)
[cartographer_node-1] [0.714306, 0.739975)	                  ##	Count: 2 (11.1111%)	Total: 11 (61.1111%)
[cartographer_node-1] [0.739975, 0.765645)	                 ###	Count: 3 (16.6667%)	Total: 14 (77.7778%)
[cartographer_node-1] [0.765645, 0.791315)	                   #	Count: 1 (5.55556%)	Total: 15 (83.3333%)
[cartographer_node-1] [0.791315, 0.816984)	                  ##	Count: 2 (11.1111%)	Total: 17 (94.4444%)
[cartographer_node-1] [0.816984, 0.842654]	                   #	Count: 1 (5.55556%)	Total: 18 (100%)
[cartographer_node-1] [INFO] [1778748763.566732783] [cartographer logger]: I0514 17:52:43.000000 99048 pose_graph_2d.cc:538] Remaining work items in queue: 1
[cartographer_node-1] [INFO] [1778748763.566824553] [cartographer logger]: I0514 17:52:43.000000 99048 constraint_builder_2d.cc:294] 0 computations resulted in 0 additional constraints.
[cartographer_node-1] [INFO] [1778748763.567034360] [cartographer logger]: I0514 17:52:43.000000 99048 constraint_builder_2d.cc:296] Score histogram:
[cartographer_node-1] Count: 18  Min: 0.585958  Max: 0.842654  Mean: 0.706698
[cartographer_node-1] [0.585958, 0.611627)	                 ###	Count: 3 (16.6667%)	Total: 3 (16.6667%)
[cartographer_node-1] [0.611627, 0.637297)	                  ##	Count: 2 (11.1111%)	Total: 5 (27.7778%)
[cartographer_node-1] [0.637297, 0.662966)	                   #	Count: 1 (5.55556%)	Total: 6 (33.3333%)
[cartographer_node-1] [0.662966, 0.688636)	                   #	Count: 1 (5.55556%)	Total: 7 (38.8889%)
[cartographer_node-1] [0.688636, 0.714306)	                  ##	Count: 2 (11.1111%)	Total: 9 (50%)
[cartographer_node-1] [0.714306, 0.739975)	                  ##	Count: 2 (11.1111%)	Total: 11 (61.1111%)
[cartographer_node-1] [0.739975, 0.765645)	                 ###	Count: 3 (16.6667%)	Total: 14 (77.7778%)
[cartographer_node-1] [0.765645, 0.791315)	                   #	Count: 1 (5.55556%)	Total: 15 (83.3333%)
[cartographer_node-1] [0.791315, 0.816984)	                  ##	Count: 2 (11.1111%)	Total: 17 (94.4444%)
[cartographer_node-1] [0.816984, 0.842654]	                   #	Count: 1 (5.55556%)	Total: 18 (100%)
[cartographer_node-1] [INFO] [1778748763.607145264] [cartographer logger]: I0514 17:52:43.000000 99050 pose_graph_2d.cc:538] Remaining work items in queue: 0
[cartographer_node-1] [INFO] [1778748763.640586869] [cartographer logger]: I0514 17:52:43.000000 99049 constraint_builder_2d.cc:279] Node (1, 300) with 201 points on submap (0, 0) matches with score 68.5%.
[cartographer_node-1] [INFO] [1778748763.640614065] [cartographer logger]: I0514 17:52:43.000000 99049 constraint_builder_2d.cc:294] 1 computations resulted in 1 additional constraints.
[cartographer_node-1] [INFO] [1778748763.640631953] [cartographer logger]: I0514 17:52:43.000000 99049 constraint_builder_2d.cc:296] Score histogram:
[cartographer_node-1] Count: 19  Min: 0.585958  Max: 0.842654  Mean: 0.705577
[cartographer_node-1] [0.585958, 0.611627)	                 ###	Count: 3 (15.7895%)	Total: 3 (15.7895%)
[cartographer_node-1] [0.611627, 0.637297)	                  ##	Count: 2 (10.5263%)	Total: 5 (26.3158%)
[cartographer_node-1] [0.637297, 0.662966)	                   #	Count: 1 (5.26316%)	Total: 6 (31.5789%)
[cartographer_node-1] [0.662966, 0.688636)	                  ##	Count: 2 (10.5263%)	Total: 8 (42.1053%)
[cartographer_node-1] [0.688636, 0.714306)	                  ##	Count: 2 (10.5263%)	Total: 10 (52.6316%)
[cartographer_node-1] [0.714306, 0.739975)	                  ##	Count: 2 (10.5263%)	Total: 12 (63.1579%)
[cartographer_node-1] [0.739975, 0.765645)	                 ###	Count: 3 (15.7895%)	Total: 15 (78.9474%)
[cartographer_node-1] [0.765645, 0.791315)	                   #	Count: 1 (5.26316%)	Total: 16 (84.2105%)
[cartographer_node-1] [0.791315, 0.816984)	                  ##	Count: 2 (10.5263%)	Total: 18 (94.7368%)
[cartographer_node-1] [0.816984, 0.842654]	                   #	Count: 1 (5.26316%)	Total: 19 (100%)
[cartographer_node-1] [INFO] [1778748763.672893134] [cartographer logger]: I0514 17:52:43.000000 99047 pose_graph_2d.cc:538] Remaining work items in queue: 0
[cartographer_node-1] [INFO] [1778748763.672946651] [cartographer logger]: I0514 17:52:43.000000 99047 constraint_builder_2d.cc:294] 0 computations resulted in 0 additional constraints.
[cartographer_node-1] [INFO] [1778748763.673014116] [cartographer logger]: I0514 17:52:43.000000 99047 constraint_builder_2d.cc:296] Score histogram:
[cartographer_node-1] Count: 19  Min: 0.585958  Max: 0.842654  Mean: 0.705577
[cartographer_node-1] [0.585958, 0.611627)	                 ###	Count: 3 (15.7895%)	Total: 3 (15.7895%)
[cartographer_node-1] [0.611627, 0.637297)	                  ##	Count: 2 (10.5263%)	Total: 5 (26.3158%)
[cartographer_node-1] [0.637297, 0.662966)	                   #	Count: 1 (5.26316%)	Total: 6 (31.5789%)
[cartographer_node-1] [0.662966, 0.688636)	                  ##	Count: 2 (10.5263%)	Total: 8 (42.1053%)
[cartographer_node-1] [0.688636, 0.714306)	                  ##	Count: 2 (10.5263%)	Total: 10 (52.6316%)
[cartographer_node-1] [0.714306, 0.739975)	                  ##	Count: 2 (10.5263%)	Total: 12 (63.1579%)
[cartographer_node-1] [0.739975, 0.765645)	                 ###	Count: 3 (15.7895%)	Total: 15 (78.9474%)
[cartographer_node-1] [0.765645, 0.791315)	                   #	Count: 1 (5.26316%)	Total: 16 (84.2105%)
[cartographer_node-1] [0.791315, 0.816984)	                  ##	Count: 2 (10.5263%)	Total: 18 (94.7368%)
[cartographer_node-1] [0.816984, 0.842654]	                   #	Count: 1 (5.26316%)	Total: 19 (100%)
[cartographer_node-1] [INFO] [1778748763.769919436] [cartographer logger]: I0514 17:52:43.000000 99049 pose_graph_2d.cc:538] Remaining work items in queue: 0
[cartographer_node-1] [INFO] [1778748763.769940030] [cartographer logger]: I0514 17:52:43.000000 99049 constraint_builder_2d.cc:294] 0 computations resulted in 0 additional constraints.
[cartographer_node-1] [INFO] [1778748763.770212260] [cartographer logger]: I0514 17:52:43.000000 99049 constraint_builder_2d.cc:296] Score histogram:
[cartographer_node-1] Count: 19  Min: 0.585958  Max: 0.842654  Mean: 0.705577
[cartographer_node-1] [0.585958, 0.611627)	                 ###	Count: 3 (15.7895%)	Total: 3 (15.7895%)
[cartographer_node-1] [0.611627, 0.637297)	                  ##	Count: 2 (10.5263%)	Total: 5 (26.3158%)
[cartographer_node-1] [0.637297, 0.662966)	                   #	Count: 1 (5.26316%)	Total: 6 (31.5789%)
[cartographer_node-1] [0.662966, 0.688636)	                  ##	Count: 2 (10.5263%)	Total: 8 (42.1053%)
[cartographer_node-1] [0.688636, 0.714306)	                  ##	Count: 2 (10.5263%)	Total: 10 (52.6316%)
[cartographer_node-1] [0.714306, 0.739975)	                  ##	Count: 2 (10.5263%)	Total: 12 (63.1579%)
[cartographer_node-1] [0.739975, 0.765645)	                 ###	Count: 3 (15.7895%)	Total: 15 (78.9474%)
[cartographer_node-1] [0.765645, 0.791315)	                   #	Count: 1 (5.26316%)	Total: 16 (84.2105%)
[cartographer_node-1] [0.791315, 0.816984)	                  ##	Count: 2 (10.5263%)	Total: 18 (94.7368%)
[cartographer_node-1] [0.816984, 0.842654]	                   #	Count: 1 (5.26316%)	Total: 19 (100%)
[cartographer_node-1] [INFO] [1778748763.857196998] [cartographer logger]: I0514 17:52:43.000000 99047 pose_graph_2d.cc:538] Remaining work items in queue: 0
[cartographer_node-1] [INFO] [1778748763.857221946] [cartographer logger]: I0514 17:52:43.000000 99047 constraint_builder_2d.cc:294] 0 computations resulted in 0 additional constraints.
[cartographer_node-1] [INFO] [1778748763.857463553] [cartographer logger]: I0514 17:52:43.000000 99047 constraint_builder_2d.cc:296] Score histogram:
[cartographer_node-1] Count: 19  Min: 0.585958  Max: 0.842654  Mean: 0.705577
[cartographer_node-1] [0.585958, 0.611627)	                 ###	Count: 3 (15.7895%)	Total: 3 (15.7895%)
[cartographer_node-1] [0.611627, 0.637297)	                  ##	Count: 2 (10.5263%)	Total: 5 (26.3158%)
[cartographer_node-1] [0.637297, 0.662966)	                   #	Count: 1 (5.26316%)	Total: 6 (31.5789%)
[cartographer_node-1] [0.662966, 0.688636)	                  ##	Count: 2 (10.5263%)	Total: 8 (42.1053%)
[cartographer_node-1] [0.688636, 0.714306)	                  ##	Count: 2 (10.5263%)	Total: 10 (52.6316%)
[cartographer_node-1] [0.714306, 0.739975)	                  ##	Count: 2 (10.5263%)	Total: 12 (63.1579%)
[cartographer_node-1] [0.739975, 0.765645)	                 ###	Count: 3 (15.7895%)	Total: 15 (78.9474%)
[cartographer_node-1] [0.765645, 0.791315)	                   #	Count: 1 (5.26316%)	Total: 16 (84.2105%)
[cartographer_node-1] [0.791315, 0.816984)	                  ##	Count: 2 (10.5263%)	Total: 18 (94.7368%)
[cartographer_node-1] [0.816984, 0.842654]	                   #	Count: 1 (5.26316%)	Total: 19 (100%)
[cartographer_node-1] [INFO] [1778748763.907798959] [cartographer logger]: I0514 17:52:43.000000 99050 pose_graph_2d.cc:538] Remaining work items in queue: 1
[cartographer_node-1] [INFO] [1778748763.937708191] [cartographer logger]: I0514 17:52:43.000000 99049 constraint_builder_2d.cc:294] 1 computations resulted in 0 additional constraints.
[cartographer_node-1] [INFO] [1778748763.937772698] [cartographer logger]: I0514 17:52:43.000000 99049 constraint_builder_2d.cc:296] Score histogram:
[cartographer_node-1] Count: 19  Min: 0.585958  Max: 0.842654  Mean: 0.705577
[cartographer_node-1] [0.585958, 0.611627)	                 ###	Count: 3 (15.7895%)	Total: 3 (15.7895%)
[cartographer_node-1] [0.611627, 0.637297)	                  ##	Count: 2 (10.5263%)	Total: 5 (26.3158%)
[cartographer_node-1] [0.637297, 0.662966)	                   #	Count: 1 (5.26316%)	Total: 6 (31.5789%)
[cartographer_node-1] [0.662966, 0.688636)	                  ##	Count: 2 (10.5263%)	Total: 8 (42.1053%)
[cartographer_node-1] [0.688636, 0.714306)	                  ##	Count: 2 (10.5263%)	Total: 10 (52.6316%)
[cartographer_node-1] [0.714306, 0.739975)	                  ##	Count: 2 (10.5263%)	Total: 12 (63.1579%)
[cartographer_node-1] [0.739975, 0.765645)	                 ###	Count: 3 (15.7895%)	Total: 15 (78.9474%)
[cartographer_node-1] [0.765645, 0.791315)	                   #	Count: 1 (5.26316%)	Total: 16 (84.2105%)
[cartographer_node-1] [0.791315, 0.816984)	                  ##	Count: 2 (10.5263%)	Total: 18 (94.7368%)
[cartographer_node-1] [0.816984, 0.842654]	                   #	Count: 1 (5.26316%)	Total: 19 (100%)
[cartographer_node-1] [INFO] [1778748763.953226534] [cartographer logger]: I0514 17:52:43.000000 99008 motion_filter.cc:42] Motion filter reduced the number of nodes to 63%.
[cartographer_node-1] [INFO] [1778748763.974985588] [cartographer logger]: I0514 17:52:43.000000 99050 pose_graph_2d.cc:538] Remaining work items in queue: 1
[cartographer_node-1] [INFO] [1778748763.975008364] [cartographer logger]: I0514 17:52:43.000000 99050 constraint_builder_2d.cc:294] 0 computations resulted in 0 additional constraints.
[cartographer_node-1] [INFO] [1778748763.975124522] [cartographer logger]: I0514 17:52:43.000000 99050 constraint_builder_2d.cc:296] Score histogram:
[cartographer_node-1] Count: 19  Min: 0.585958  Max: 0.842654  Mean: 0.705577
[cartographer_node-1] [0.585958, 0.611627)	                 ###	Count: 3 (15.7895%)	Total: 3 (15.7895%)
[cartographer_node-1] [0.611627, 0.637297)	                  ##	Count: 2 (10.5263%)	Total: 5 (26.3158%)
[cartographer_node-1] [0.637297, 0.662966)	                   #	Count: 1 (5.26316%)	Total: 6 (31.5789%)
[cartographer_node-1] [0.662966, 0.688636)	                  ##	Count: 2 (10.5263%)	Total: 8 (42.1053%)
[cartographer_node-1] [0.688636, 0.714306)	                  ##	Count: 2 (10.5263%)	Total: 10 (52.6316%)
[cartographer_node-1] [0.714306, 0.739975)	                  ##	Count: 2 (10.5263%)	Total: 12 (63.1579%)
[cartographer_node-1] [0.739975, 0.765645)	                 ###	Count: 3 (15.7895%)	Total: 15 (78.9474%)
[cartographer_node-1] [0.765645, 0.791315)	                   #	Count: 1 (5.26316%)	Total: 16 (84.2105%)
[cartographer_node-1] [0.791315, 0.816984)	                  ##	Count: 2 (10.5263%)	Total: 18 (94.7368%)
[cartographer_node-1] [0.816984, 0.842654]	                   #	Count: 1 (5.26316%)	Total: 19 (100%)
[cartographer_node-1] [INFO] [1778748764.080372625] [cartographer logger]: I0514 17:52:44.000000 99050 pose_graph_2d.cc:538] Remaining work items in queue: 1
[cartographer_node-1] [INFO] [1778748764.080395179] [cartographer logger]: I0514 17:52:44.000000 99050 constraint_builder_2d.cc:294] 0 computations resulted in 0 additional constraints.
[cartographer_node-1] [INFO] [1778748764.080490449] [cartographer logger]: I0514 17:52:44.000000 99050 constraint_builder_2d.cc:296] Score histogram:
[cartographer_node-1] Count: 19  Min: 0.585958  Max: 0.842654  Mean: 0.705577
[cartographer_node-1] [0.585958, 0.611627)	                 ###	Count: 3 (15.7895%)	Total: 3 (15.7895%)
[cartographer_node-1] [0.611627, 0.637297)	                  ##	Count: 2 (10.5263%)	Total: 5 (26.3158%)
[cartographer_node-1] [0.637297, 0.662966)	                   #	Count: 1 (5.26316%)	Total: 6 (31.5789%)
[cartographer_node-1] [0.662966, 0.688636)	                  ##	Count: 2 (10.5263%)	Total: 8 (42.1053%)
[cartographer_node-1] [0.688636, 0.714306)	                  ##	Count: 2 (10.5263%)	Total: 10 (52.6316%)
[cartographer_node-1] [0.714306, 0.739975)	                  ##	Count: 2 (10.5263%)	Total: 12 (63.1579%)
[cartographer_node-1] [0.739975, 0.765645)	                 ###	Count: 3 (15.7895%)	Total: 15 (78.9474%)
[cartographer_node-1] [0.765645, 0.791315)	                   #	Count: 1 (5.26316%)	Total: 16 (84.2105%)
[cartographer_node-1] [0.791315, 0.816984)	                  ##	Count: 2 (10.5263%)	Total: 18 (94.7368%)
[cartographer_node-1] [0.816984, 0.842654]	                   #	Count: 1 (5.26316%)	Total: 19 (100%)
[cartographer_node-1] [INFO] [1778748764.158530314] [cartographer logger]: I0514 17:52:44.000000 99047 pose_graph_2d.cc:538] Remaining work items in queue: 1
[cartographer_node-1] [INFO] [1778748764.158587164] [cartographer logger]: I0514 17:52:44.000000 99047 constraint_builder_2d.cc:294] 0 computations resulted in 0 additional constraints.
[cartographer_node-1] [INFO] [1778748764.158679956] [cartographer logger]: I0514 17:52:44.000000 99047 constraint_builder_2d.cc:296] Score histogram:
[cartographer_node-1] Count: 19  Min: 0.585958  Max: 0.842654  Mean: 0.705577
[cartographer_node-1] [0.585958, 0.611627)	                 ###	Count: 3 (15.7895%)	Total: 3 (15.7895%)
[cartographer_node-1] [0.611627, 0.637297)	                  ##	Count: 2 (10.5263%)	Total: 5 (26.3158%)
[cartographer_node-1] [0.637297, 0.662966)	                   #	Count: 1 (5.26316%)	Total: 6 (31.5789%)
[cartographer_node-1] [0.662966, 0.688636)	                  ##	Count: 2 (10.5263%)	Total: 8 (42.1053%)
[cartographer_node-1] [0.688636, 0.714306)	                  ##	Count: 2 (10.5263%)	Total: 10 (52.6316%)
[cartographer_node-1] [0.714306, 0.739975)	                  ##	Count: 2 (10.5263%)	Total: 12 (63.1579%)
[cartographer_node-1] [0.739975, 0.765645)	                 ###	Count: 3 (15.7895%)	Total: 15 (78.9474%)
[cartographer_node-1] [0.765645, 0.791315)	                   #	Count: 1 (5.26316%)	Total: 16 (84.2105%)
[cartographer_node-1] [0.791315, 0.816984)	                  ##	Count: 2 (10.5263%)	Total: 18 (94.7368%)
[cartographer_node-1] [0.816984, 0.842654]	                   #	Count: 1 (5.26316%)	Total: 19 (100%)
[cartographer_node-1] [INFO] [1778748764.227393215] [cartographer logger]: I0514 17:52:44.000000 99049 pose_graph_2d.cc:538] Remaining work items in queue: 1
[cartographer_node-1] [INFO] [1778748764.227458897] [cartographer logger]: I0514 17:52:44.000000 99049 constraint_builder_2d.cc:294] 0 computations resulted in 0 additional constraints.
[cartographer_node-1] [INFO] [1778748764.227885818] [cartographer logger]: I0514 17:52:44.000000 99049 constraint_builder_2d.cc:296] Score histogram:
[cartographer_node-1] Count: 19  Min: 0.585958  Max: 0.842654  Mean: 0.705577
[cartographer_node-1] [0.585958, 0.611627)	                 ###	Count: 3 (15.7895%)	Total: 3 (15.7895%)
[cartographer_node-1] [0.611627, 0.637297)	                  ##	Count: 2 (10.5263%)	Total: 5 (26.3158%)
[cartographer_node-1] [0.637297, 0.662966)	                   #	Count: 1 (5.26316%)	Total: 6 (31.5789%)
[cartographer_node-1] [0.662966, 0.688636)	                  ##	Count: 2 (10.5263%)	Total: 8 (42.1053%)
[cartographer_node-1] [0.688636, 0.714306)	                  ##	Count: 2 (10.5263%)	Total: 10 (52.6316%)
[cartographer_node-1] [0.714306, 0.739975)	                  ##	Count: 2 (10.5263%)	Total: 12 (63.1579%)
[cartographer_node-1] [0.739975, 0.765645)	                 ###	Count: 3 (15.7895%)	Total: 15 (78.9474%)
[cartographer_node-1] [0.765645, 0.791315)	                   #	Count: 1 (5.26316%)	Total: 16 (84.2105%)
[cartographer_node-1] [0.791315, 0.816984)	                  ##	Count: 2 (10.5263%)	Total: 18 (94.7368%)
[cartographer_node-1] [0.816984, 0.842654]	                   #	Count: 1 (5.26316%)	Total: 19 (100%)
[cartographer_node-1] [INFO] [1778748764.289006116] [cartographer logger]: I0514 17:52:44.000000 99049 pose_graph_2d.cc:538] Remaining work items in queue: 1
[cartographer_node-1] [INFO] [1778748764.289028896] [cartographer logger]: I0514 17:52:44.000000 99049 constraint_builder_2d.cc:294] 1 computations resulted in 0 additional constraints.
[cartographer_node-1] [INFO] [1778748764.289375184] [cartographer logger]: I0514 17:52:44.000000 99049 constraint_builder_2d.cc:296] Score histogram:
[cartographer_node-1] Count: 19  Min: 0.585958  Max: 0.842654  Mean: 0.705577
[cartographer_node-1] [0.585958, 0.611627)	                 ###	Count: 3 (15.7895%)	Total: 3 (15.7895%)
[cartographer_node-1] [0.611627, 0.637297)	                  ##	Count: 2 (10.5263%)	Total: 5 (26.3158%)
[cartographer_node-1] [0.637297, 0.662966)	                   #	Count: 1 (5.26316%)	Total: 6 (31.5789%)
[cartographer_node-1] [0.662966, 0.688636)	                  ##	Count: 2 (10.5263%)	Total: 8 (42.1053%)
[cartographer_node-1] [0.688636, 0.714306)	                  ##	Count: 2 (10.5263%)	Total: 10 (52.6316%)
[cartographer_node-1] [0.714306, 0.739975)	                  ##	Count: 2 (10.5263%)	Total: 12 (63.1579%)
[cartographer_node-1] [0.739975, 0.765645)	                 ###	Count: 3 (15.7895%)	Total: 15 (78.9474%)
[cartographer_node-1] [0.765645, 0.791315)	                   #	Count: 1 (5.26316%)	Total: 16 (84.2105%)
[cartographer_node-1] [0.791315, 0.816984)	                  ##	Count: 2 (10.5263%)	Total: 18 (94.7368%)
[cartographer_node-1] [0.816984, 0.842654]	                   #	Count: 1 (5.26316%)	Total: 19 (100%)
[cartographer_node-1] [INFO] [1778748764.357076147] [cartographer logger]: I0514 17:52:44.000000 99047 pose_graph_2d.cc:538] Remaining work items in queue: 0
[cartographer_node-1] [INFO] [1778748764.357099945] [cartographer logger]: I0514 17:52:44.000000 99047 constraint_builder_2d.cc:294] 0 computations resulted in 0 additional constraints.
[cartographer_node-1] [INFO] [1778748764.357212434] [cartographer logger]: I0514 17:52:44.000000 99047 constraint_builder_2d.cc:296] Score histogram:
[cartographer_node-1] Count: 19  Min: 0.585958  Max: 0.842654  Mean: 0.705577
[cartographer_node-1] [0.585958, 0.611627)	                 ###	Count: 3 (15.7895%)	Total: 3 (15.7895%)
[cartographer_node-1] [0.611627, 0.637297)	                  ##	Count: 2 (10.5263%)	Total: 5 (26.3158%)
[cartographer_node-1] [0.637297, 0.662966)	                   #	Count: 1 (5.26316%)	Total: 6 (31.5789%)
[cartographer_node-1] [0.662966, 0.688636)	                  ##	Count: 2 (10.5263%)	Total: 8 (42.1053%)
[cartographer_node-1] [0.688636, 0.714306)	                  ##	Count: 2 (10.5263%)	Total: 10 (52.6316%)
[cartographer_node-1] [0.714306, 0.739975)	                  ##	Count: 2 (10.5263%)	Total: 12 (63.1579%)
[cartographer_node-1] [0.739975, 0.765645)	                 ###	Count: 3 (15.7895%)	Total: 15 (78.9474%)
[cartographer_node-1] [0.765645, 0.791315)	                   #	Count: 1 (5.26316%)	Total: 16 (84.2105%)
[cartographer_node-1] [0.791315, 0.816984)	                  ##	Count: 2 (10.5263%)	Total: 18 (94.7368%)
[cartographer_node-1] [0.816984, 0.842654]	                   #	Count: 1 (5.26316%)	Total: 19 (100%)
[cartographer_node-1] [INFO] [1778748764.455179644] [cartographer logger]: I0514 17:52:44.000000 99047 pose_graph_2d.cc:538] Remaining work items in queue: 1
[cartographer_node-1] [INFO] [1778748764.455230065] [cartographer logger]: I0514 17:52:44.000000 99047 constraint_builder_2d.cc:294] 0 computations resulted in 0 additional constraints.
[cartographer_node-1] [INFO] [1778748764.455370636] [cartographer logger]: I0514 17:52:44.000000 99047 constraint_builder_2d.cc:296] Score histogram:
[cartographer_node-1] Count: 19  Min: 0.585958  Max: 0.842654  Mean: 0.705577
[cartographer_node-1] [0.585958, 0.611627)	                 ###	Count: 3 (15.7895%)	Total: 3 (15.7895%)
[cartographer_node-1] [0.611627, 0.637297)	                  ##	Count: 2 (10.5263%)	Total: 5 (26.3158%)
[cartographer_node-1] [0.637297, 0.662966)	                   #	Count: 1 (5.26316%)	Total: 6 (31.5789%)
[cartographer_node-1] [0.662966, 0.688636)	                  ##	Count: 2 (10.5263%)	Total: 8 (42.1053%)
[cartographer_node-1] [0.688636, 0.714306)	                  ##	Count: 2 (10.5263%)	Total: 10 (52.6316%)
[cartographer_node-1] [0.714306, 0.739975)	                  ##	Count: 2 (10.5263%)	Total: 12 (63.1579%)
[cartographer_node-1] [0.739975, 0.765645)	                 ###	Count: 3 (15.7895%)	Total: 15 (78.9474%)
[cartographer_node-1] [0.765645, 0.791315)	                   #	Count: 1 (5.26316%)	Total: 16 (84.2105%)
[cartographer_node-1] [0.791315, 0.816984)	                  ##	Count: 2 (10.5263%)	Total: 18 (94.7368%)
[cartographer_node-1] [0.816984, 0.842654]	                   #	Count: 1 (5.26316%)	Total: 19 (100%)
[cartographer_node-1] [INFO] [1778748764.507925178] [cartographer logger]: I0514 17:52:44.000000 99050 pose_graph_2d.cc:538] Remaining work items in queue: 1
[cartographer_node-1] [INFO] [1778748764.507949899] [cartographer logger]: I0514 17:52:44.000000 99050 constraint_builder_2d.cc:294] 0 computations resulted in 0 additional constraints.
[cartographer_node-1] [INFO] [1778748764.507968922] [cartographer logger]: I0514 17:52:44.000000 99050 constraint_builder_2d.cc:296] Score histogram:
[cartographer_node-1] Count: 19  Min: 0.585958  Max: 0.842654  Mean: 0.705577
[cartographer_node-1] [0.585958, 0.611627)	                 ###	Count: 3 (15.7895%)	Total: 3 (15.7895%)
[cartographer_node-1] [0.611627, 0.637297)	                  ##	Count: 2 (10.5263%)	Total: 5 (26.3158%)
[cartographer_node-1] [0.637297, 0.662966)	                   #	Count: 1 (5.26316%)	Total: 6 (31.5789%)
[cartographer_node-1] [0.662966, 0.688636)	                  ##	Count: 2 (10.5263%)	Total: 8 (42.1053%)
[cartographer_node-1] [0.688636, 0.714306)	                  ##	Count: 2 (10.5263%)	Total: 10 (52.6316%)
[cartographer_node-1] [0.714306, 0.739975)	                  ##	Count: 2 (10.5263%)	Total: 12 (63.1579%)
[cartographer_node-1] [0.739975, 0.765645)	                 ###	Count: 3 (15.7895%)	Total: 15 (78.9474%)
[cartographer_node-1] [0.765645, 0.791315)	                   #	Count: 1 (5.26316%)	Total: 16 (84.2105%)
[cartographer_node-1] [0.791315, 0.816984)	                  ##	Count: 2 (10.5263%)	Total: 18 (94.7368%)
[cartographer_node-1] [0.816984, 0.842654]	                   #	Count: 1 (5.26316%)	Total: 19 (100%)
[cartographer_node-1] [INFO] [1778748764.577131133] [cartographer logger]: I0514 17:52:44.000000 99047 pose_graph_2d.cc:538] Remaining work items in queue: 0
[cartographer_node-1] [INFO] [1778748764.577155999] [cartographer logger]: I0514 17:52:44.000000 99047 constraint_builder_2d.cc:294] 0 computations resulted in 0 additional constraints.
[cartographer_node-1] [INFO] [1778748764.577180732] [cartographer logger]: I0514 17:52:44.000000 99047 constraint_builder_2d.cc:296] Score histogram:
[cartographer_node-1] Count: 19  Min: 0.585958  Max: 0.842654  Mean: 0.705577
[cartographer_node-1] [0.585958, 0.611627)	                 ###	Count: 3 (15.7895%)	Total: 3 (15.7895%)
[cartographer_node-1] [0.611627, 0.637297)	                  ##	Count: 2 (10.5263%)	Total: 5 (26.3158%)
[cartographer_node-1] [0.637297, 0.662966)	                   #	Count: 1 (5.26316%)	Total: 6 (31.5789%)
[cartographer_node-1] [0.662966, 0.688636)	                  ##	Count: 2 (10.5263%)	Total: 8 (42.1053%)
[cartographer_node-1] [0.688636, 0.714306)	                  ##	Count: 2 (10.5263%)	Total: 10 (52.6316%)
[cartographer_node-1] [0.714306, 0.739975)	                  ##	Count: 2 (10.5263%)	Total: 12 (63.1579%)
[cartographer_node-1] [0.739975, 0.765645)	                 ###	Count: 3 (15.7895%)	Total: 15 (78.9474%)
[cartographer_node-1] [0.765645, 0.791315)	                   #	Count: 1 (5.26316%)	Total: 16 (84.2105%)
[cartographer_node-1] [0.791315, 0.816984)	                  ##	Count: 2 (10.5263%)	Total: 18 (94.7368%)
[cartographer_node-1] [0.816984, 0.842654]	                   #	Count: 1 (5.26316%)	Total: 19 (100%)
[cartographer_node-1] [INFO] [1778748764.654946655] [cartographer logger]: I0514 17:52:44.000000 99049 pose_graph_2d.cc:538] Remaining work items in queue: 0
[cartographer_node-1] [INFO] [1778748764.654983041] [cartographer logger]: I0514 17:52:44.000000 99049 constraint_builder_2d.cc:294] 1 computations resulted in 0 additional constraints.
[cartographer_node-1] [INFO] [1778748764.655307110] [cartographer logger]: I0514 17:52:44.000000 99049 constraint_builder_2d.cc:296] Score histogram:
[cartographer_node-1] Count: 19  Min: 0.585958  Max: 0.842654  Mean: 0.705577
[cartographer_node-1] [0.585958, 0.611627)	                 ###	Count: 3 (15.7895%)	Total: 3 (15.7895%)
[cartographer_node-1] [0.611627, 0.637297)	                  ##	Count: 2 (10.5263%)	Total: 5 (26.3158%)
[cartographer_node-1] [0.637297, 0.662966)	                   #	Count: 1 (5.26316%)	Total: 6 (31.5789%)
[cartographer_node-1] [0.662966, 0.688636)	                  ##	Count: 2 (10.5263%)	Total: 8 (42.1053%)
[cartographer_node-1] [0.688636, 0.714306)	                  ##	Count: 2 (10.5263%)	Total: 10 (52.6316%)
[cartographer_node-1] [0.714306, 0.739975)	                  ##	Count: 2 (10.5263%)	Total: 12 (63.1579%)
[cartographer_node-1] [0.739975, 0.765645)	                 ###	Count: 3 (15.7895%)	Total: 15 (78.9474%)
[cartographer_node-1] [0.765645, 0.791315)	                   #	Count: 1 (5.26316%)	Total: 16 (84.2105%)
[cartographer_node-1] [0.791315, 0.816984)	                  ##	Count: 2 (10.5263%)	Total: 18 (94.7368%)
[cartographer_node-1] [0.816984, 0.842654]	                   #	Count: 1 (5.26316%)	Total: 19 (100%)
[cartographer_node-1] [INFO] [1778748764.750832439] [cartographer logger]: I0514 17:52:44.000000 99050 pose_graph_2d.cc:538] Remaining work items in queue: 0
[cartographer_node-1] [INFO] [1778748764.750905263] [cartographer logger]: I0514 17:52:44.000000 99050 constraint_builder_2d.cc:294] 0 computations resulted in 0 additional constraints.
[cartographer_node-1] [INFO] [1778748764.750961853] [cartographer logger]: I0514 17:52:44.000000 99050 constraint_builder_2d.cc:296] Score histogram:
[cartographer_node-1] Count: 19  Min: 0.585958  Max: 0.842654  Mean: 0.705577
[cartographer_node-1] [0.585958, 0.611627)	                 ###	Count: 3 (15.7895%)	Total: 3 (15.7895%)
[cartographer_node-1] [0.611627, 0.637297)	                  ##	Count: 2 (10.5263%)	Total: 5 (26.3158%)
[cartographer_node-1] [0.637297, 0.662966)	                   #	Count: 1 (5.26316%)	Total: 6 (31.5789%)
[cartographer_node-1] [0.662966, 0.688636)	                  ##	Count: 2 (10.5263%)	Total: 8 (42.1053%)
[cartographer_node-1] [0.688636, 0.714306)	                  ##	Count: 2 (10.5263%)	Total: 10 (52.6316%)
[cartographer_node-1] [0.714306, 0.739975)	                  ##	Count: 2 (10.5263%)	Total: 12 (63.1579%)
[cartographer_node-1] [0.739975, 0.765645)	                 ###	Count: 3 (15.7895%)	Total: 15 (78.9474%)
[cartographer_node-1] [0.765645, 0.791315)	                   #	Count: 1 (5.26316%)	Total: 16 (84.2105%)
[cartographer_node-1] [0.791315, 0.816984)	                  ##	Count: 2 (10.5263%)	Total: 18 (94.7368%)
[cartographer_node-1] [0.816984, 0.842654]	                   #	Count: 1 (5.26316%)	Total: 19 (100%)
[cartographer_node-1] [INFO] [1778748764.856824252] [cartographer logger]: I0514 17:52:44.000000 99049 pose_graph_2d.cc:538] Remaining work items in queue: 0
[cartographer_node-1] [INFO] [1778748764.856849124] [cartographer logger]: I0514 17:52:44.000000 99049 constraint_builder_2d.cc:294] 0 computations resulted in 0 additional constraints.
[cartographer_node-1] [INFO] [1778748764.857073865] [cartographer logger]: I0514 17:52:44.000000 99049 constraint_builder_2d.cc:296] Score histogram:
[cartographer_node-1] Count: 19  Min: 0.585958  Max: 0.842654  Mean: 0.705577
[cartographer_node-1] [0.585958, 0.611627)	                 ###	Count: 3 (15.7895%)	Total: 3 (15.7895%)
[cartographer_node-1] [0.611627, 0.637297)	                  ##	Count: 2 (10.5263%)	Total: 5 (26.3158%)
[cartographer_node-1] [0.637297, 0.662966)	                   #	Count: 1 (5.26316%)	Total: 6 (31.5789%)
[cartographer_node-1] [0.662966, 0.688636)	                  ##	Count: 2 (10.5263%)	Total: 8 (42.1053%)
[cartographer_node-1] [0.688636, 0.714306)	                  ##	Count: 2 (10.5263%)	Total: 10 (52.6316%)
[cartographer_node-1] [0.714306, 0.739975)	                  ##	Count: 2 (10.5263%)	Total: 12 (63.1579%)
[cartographer_node-1] [0.739975, 0.765645)	                 ###	Count: 3 (15.7895%)	Total: 15 (78.9474%)
[cartographer_node-1] [0.765645, 0.791315)	                   #	Count: 1 (5.26316%)	Total: 16 (84.2105%)
[cartographer_node-1] [0.791315, 0.816984)	                  ##	Count: 2 (10.5263%)	Total: 18 (94.7368%)
[cartographer_node-1] [0.816984, 0.842654]	                   #	Count: 1 (5.26316%)	Total: 19 (100%)
[cartographer_node-1] [INFO] [1778748764.935935593] [cartographer logger]: I0514 17:52:44.000000 99050 pose_graph_2d.cc:538] Remaining work items in queue: 0
[cartographer_node-1] [INFO] [1778748764.935957143] [cartographer logger]: I0514 17:52:44.000000 99050 constraint_builder_2d.cc:294] 0 computations resulted in 0 additional constraints.
[cartographer_node-1] [INFO] [1778748764.936012777] [cartographer logger]: I0514 17:52:44.000000 99050 constraint_builder_2d.cc:296] Score histogram:
[cartographer_node-1] Count: 19  Min: 0.585958  Max: 0.842654  Mean: 0.705577
[cartographer_node-1] [0.585958, 0.611627)	                 ###	Count: 3 (15.7895%)	Total: 3 (15.7895%)
[cartographer_node-1] [0.611627, 0.637297)	                  ##	Count: 2 (10.5263%)	Total: 5 (26.3158%)
[cartographer_node-1] [0.637297, 0.662966)	                   #	Count: 1 (5.26316%)	Total: 6 (31.5789%)
[cartographer_node-1] [0.662966, 0.688636)	                  ##	Count: 2 (10.5263%)	Total: 8 (42.1053%)
[cartographer_node-1] [0.688636, 0.714306)	                  ##	Count: 2 (10.5263%)	Total: 10 (52.6316%)
[cartographer_node-1] [0.714306, 0.739975)	                  ##	Count: 2 (10.5263%)	Total: 12 (63.1579%)
[cartographer_node-1] [0.739975, 0.765645)	                 ###	Count: 3 (15.7895%)	Total: 15 (78.9474%)
[cartographer_node-1] [0.765645, 0.791315)	                   #	Count: 1 (5.26316%)	Total: 16 (84.2105%)
[cartographer_node-1] [0.791315, 0.816984)	                  ##	Count: 2 (10.5263%)	Total: 18 (94.7368%)
[cartographer_node-1] [0.816984, 0.842654]	                   #	Count: 1 (5.26316%)	Total: 19 (100%)
[cartographer_node-1] [INFO] [1778748764.984780217] [cartographer logger]: I0514 17:52:44.000000 99048 pose_graph_2d.cc:538] Remaining work items in queue: 0
[cartographer_node-1] [INFO] [1778748764.984805267] [cartographer logger]: I0514 17:52:44.000000 99048 constraint_builder_2d.cc:294] 0 computations resulted in 0 additional constraints.
[cartographer_node-1] [INFO] [1778748764.984921640] [cartographer logger]: I0514 17:52:44.000000 99048 constraint_builder_2d.cc:296] Score histogram:
[cartographer_node-1] Count: 19  Min: 0.585958  Max: 0.842654  Mean: 0.705577
[cartographer_node-1] [0.585958, 0.611627)	                 ###	Count: 3 (15.7895%)	Total: 3 (15.7895%)
[cartographer_node-1] [0.611627, 0.637297)	                  ##	Count: 2 (10.5263%)	Total: 5 (26.3158%)
[cartographer_node-1] [0.637297, 0.662966)	                   #	Count: 1 (5.26316%)	Total: 6 (31.5789%)
[cartographer_node-1] [0.662966, 0.688636)	                  ##	Count: 2 (10.5263%)	Total: 8 (42.1053%)
[cartographer_node-1] [0.688636, 0.714306)	                  ##	Count: 2 (10.5263%)	Total: 10 (52.6316%)
[cartographer_node-1] [0.714306, 0.739975)	                  ##	Count: 2 (10.5263%)	Total: 12 (63.1579%)
[cartographer_node-1] [0.739975, 0.765645)	                 ###	Count: 3 (15.7895%)	Total: 15 (78.9474%)
[cartographer_node-1] [0.765645, 0.791315)	                   #	Count: 1 (5.26316%)	Total: 16 (84.2105%)
[cartographer_node-1] [0.791315, 0.816984)	                  ##	Count: 2 (10.5263%)	Total: 18 (94.7368%)
[cartographer_node-1] [0.816984, 0.842654]	                   #	Count: 1 (5.26316%)	Total: 19 (100%)
[cartographer_node-1] [INFO] [1778748765.060627880] [cartographer logger]: I0514 17:52:45.000000 99048 pose_graph_2d.cc:538] Remaining work items in queue: 1
[cartographer_node-1] [INFO] [1778748765.079729749] [cartographer logger]: I0514 17:52:45.000000 99008 pose_graph_2d.cc:148] Inserted submap (1, 4).
[cartographer_node-1] [INFO] [1778748765.113227864] [cartographer logger]: I0514 17:52:45.000000 99050 constraint_builder_2d.cc:279] Node (0, 236) with 202 points on submap (1, 2) matches with score 77.0%.
[cartographer_node-1] [INFO] [1778748765.118627509] [cartographer logger]: I0514 17:52:45.000000 99049 constraint_builder_2d.cc:279] Node (0, 36) with 209 points on submap (1, 2) matches with score 66.1%.
[cartographer_node-1] [INFO] [1778748765.164025803] [cartographer logger]: I0514 17:52:45.000000 99048 constraint_builder_2d.cc:279] Node (0, 636) with 206 points on submap (1, 2) matches with score 65.6%.
[cartographer_node-1] [INFO] [1778748765.166597464] [cartographer logger]: I0514 17:52:45.000000 99050 constraint_builder_2d.cc:279] Node (0, 836) with 203 points on submap (1, 2) matches with score 78.0%.
[cartographer_node-1] [INFO] [1778748765.166616053] [cartographer logger]: I0514 17:52:45.000000 99050 constraint_builder_2d.cc:294] 9 computations resulted in 4 additional constraints.
[cartographer_node-1] [INFO] [1778748765.166633957] [cartographer logger]: I0514 17:52:45.000000 99050 constraint_builder_2d.cc:296] Score histogram:
[cartographer_node-1] Count: 23  Min: 0.585958  Max: 0.842654  Mean: 0.707491
[cartographer_node-1] [0.585958, 0.611627)	                 ###	Count: 3 (13.0435%)	Total: 3 (13.0435%)
[cartographer_node-1] [0.611627, 0.637297)	                  ##	Count: 2 (8.69565%)	Total: 5 (21.7391%)
[cartographer_node-1] [0.637297, 0.662966)	                 ###	Count: 3 (13.0435%)	Total: 8 (34.7826%)
[cartographer_node-1] [0.662966, 0.688636)	                  ##	Count: 2 (8.69565%)	Total: 10 (43.4783%)
[cartographer_node-1] [0.688636, 0.714306)	                  ##	Count: 2 (8.69565%)	Total: 12 (52.1739%)
[cartographer_node-1] [0.714306, 0.739975)	                  ##	Count: 2 (8.69565%)	Total: 14 (60.8696%)
[cartographer_node-1] [0.739975, 0.765645)	                 ###	Count: 3 (13.0435%)	Total: 17 (73.913%)
[cartographer_node-1] [0.765645, 0.791315)	                 ###	Count: 3 (13.0435%)	Total: 20 (86.9565%)
[cartographer_node-1] [0.791315, 0.816984)	                  ##	Count: 2 (8.69565%)	Total: 22 (95.6522%)
[cartographer_node-1] [0.816984, 0.842654]	                   #	Count: 1 (4.34783%)	Total: 23 (100%)
[cartographer_node-1] [INFO] [1778748765.195960516] [cartographer logger]: I0514 17:52:45.000000 99050 pose_graph_2d.cc:538] Remaining work items in queue: 6
[cartographer_node-1] [INFO] [1778748765.195984422] [cartographer logger]: I0514 17:52:45.000000 99050 constraint_builder_2d.cc:294] 0 computations resulted in 0 additional constraints.
[cartographer_node-1] [INFO] [1778748765.196044466] [cartographer logger]: I0514 17:52:45.000000 99050 constraint_builder_2d.cc:296] Score histogram:
[cartographer_node-1] Count: 23  Min: 0.585958  Max: 0.842654  Mean: 0.707491
[cartographer_node-1] [0.585958, 0.611627)	                 ###	Count: 3 (13.0435%)	Total: 3 (13.0435%)
[cartographer_node-1] [0.611627, 0.637297)	                  ##	Count: 2 (8.69565%)	Total: 5 (21.7391%)
[cartographer_node-1] [0.637297, 0.662966)	                 ###	Count: 3 (13.0435%)	Total: 8 (34.7826%)
[cartographer_node-1] [0.662966, 0.688636)	                  ##	Count: 2 (8.69565%)	Total: 10 (43.4783%)
[cartographer_node-1] [0.688636, 0.714306)	                  ##	Count: 2 (8.69565%)	Total: 12 (52.1739%)
[cartographer_node-1] [0.714306, 0.739975)	                  ##	Count: 2 (8.69565%)	Total: 14 (60.8696%)
[cartographer_node-1] [0.739975, 0.765645)	                 ###	Count: 3 (13.0435%)	Total: 17 (73.913%)
[cartographer_node-1] [0.765645, 0.791315)	                 ###	Count: 3 (13.0435%)	Total: 20 (86.9565%)
[cartographer_node-1] [0.791315, 0.816984)	                  ##	Count: 2 (8.69565%)	Total: 22 (95.6522%)
[cartographer_node-1] [0.816984, 0.842654]	                   #	Count: 1 (4.34783%)	Total: 23 (100%)
[cartographer_node-1] [INFO] [1778748765.233916919] [cartographer logger]: I0514 17:52:45.000000 99047 pose_graph_2d.cc:538] Remaining work items in queue: 0
[cartographer_node-1] [INFO] [1778748765.233962892] [cartographer logger]: I0514 17:52:45.000000 99047 constraint_builder_2d.cc:294] 0 computations resulted in 0 additional constraints.
[cartographer_node-1] [INFO] [1778748765.233986479] [cartographer logger]: I0514 17:52:45.000000 99047 constraint_builder_2d.cc:296] Score histogram:
[cartographer_node-1] Count: 23  Min: 0.585958  Max: 0.842654  Mean: 0.707491
[cartographer_node-1] [0.585958, 0.611627)	                 ###	Count: 3 (13.0435%)	Total: 3 (13.0435%)
[cartographer_node-1] [0.611627, 0.637297)	                  ##	Count: 2 (8.69565%)	Total: 5 (21.7391%)
[cartographer_node-1] [0.637297, 0.662966)	                 ###	Count: 3 (13.0435%)	Total: 8 (34.7826%)
[cartographer_node-1] [0.662966, 0.688636)	                  ##	Count: 2 (8.69565%)	Total: 10 (43.4783%)
[cartographer_node-1] [0.688636, 0.714306)	                  ##	Count: 2 (8.69565%)	Total: 12 (52.1739%)
[cartographer_node-1] [0.714306, 0.739975)	                  ##	Count: 2 (8.69565%)	Total: 14 (60.8696%)
[cartographer_node-1] [0.739975, 0.765645)	                 ###	Count: 3 (13.0435%)	Total: 17 (73.913%)
[cartographer_node-1] [0.765645, 0.791315)	                 ###	Count: 3 (13.0435%)	Total: 20 (86.9565%)
[cartographer_node-1] [0.791315, 0.816984)	                  ##	Count: 2 (8.69565%)	Total: 22 (95.6522%)
[cartographer_node-1] [0.816984, 0.842654]	                   #	Count: 1 (4.34783%)	Total: 23 (100%)
[cartographer_node-1] [INFO] [1778748765.281513142] [cartographer logger]: I0514 17:52:45.000000 99048 pose_graph_2d.cc:538] Remaining work items in queue: 1
[cartographer_node-1] [INFO] [1778748765.281563082] [cartographer logger]: I0514 17:52:45.000000 99048 constraint_builder_2d.cc:294] 0 computations resulted in 0 additional constraints.
[cartographer_node-1] [INFO] [1778748765.281595639] [cartographer logger]: I0514 17:52:45.000000 99048 constraint_builder_2d.cc:296] Score histogram:
[cartographer_node-1] Count: 23  Min: 0.585958  Max: 0.842654  Mean: 0.707491
[cartographer_node-1] [0.585958, 0.611627)	                 ###	Count: 3 (13.0435%)	Total: 3 (13.0435%)
[cartographer_node-1] [0.611627, 0.637297)	                  ##	Count: 2 (8.69565%)	Total: 5 (21.7391%)
[cartographer_node-1] [0.637297, 0.662966)	                 ###	Count: 3 (13.0435%)	Total: 8 (34.7826%)
[cartographer_node-1] [0.662966, 0.688636)	                  ##	Count: 2 (8.69565%)	Total: 10 (43.4783%)
[cartographer_node-1] [0.688636, 0.714306)	                  ##	Count: 2 (8.69565%)	Total: 12 (52.1739%)
[cartographer_node-1] [0.714306, 0.739975)	                  ##	Count: 2 (8.69565%)	Total: 14 (60.8696%)
[cartographer_node-1] [0.739975, 0.765645)	                 ###	Count: 3 (13.0435%)	Total: 17 (73.913%)
[cartographer_node-1] [0.765645, 0.791315)	                 ###	Count: 3 (13.0435%)	Total: 20 (86.9565%)
[cartographer_node-1] [0.791315, 0.816984)	                  ##	Count: 2 (8.69565%)	Total: 22 (95.6522%)
[cartographer_node-1] [0.816984, 0.842654]	                   #	Count: 1 (4.34783%)	Total: 23 (100%)
[cartographer_node-1] [INFO] [1778748765.357109331] [cartographer logger]: I0514 17:52:45.000000 99049 pose_graph_2d.cc:538] Remaining work items in queue: 0
[cartographer_node-1] [INFO] [1778748765.390262455] [cartographer logger]: I0514 17:52:45.000000 99048 constraint_builder_2d.cc:279] Node (1, 371) with 202 points on submap (0, 6) matches with score 76.8%.
[cartographer_node-1] [INFO] [1778748765.390293643] [cartographer logger]: I0514 17:52:45.000000 99048 constraint_builder_2d.cc:294] 1 computations resulted in 1 additional constraints.
[cartographer_node-1] [INFO] [1778748765.390321144] [cartographer logger]: I0514 17:52:45.000000 99048 constraint_builder_2d.cc:296] Score histogram:
[cartographer_node-1] Count: 24  Min: 0.585958  Max: 0.842654  Mean: 0.710014
[cartographer_node-1] [0.585958, 0.611627)	                 ###	Count: 3 (12.5%)	Total: 3 (12.5%)
[cartographer_node-1] [0.611627, 0.637297)	                  ##	Count: 2 (8.33333%)	Total: 5 (20.8333%)
[cartographer_node-1] [0.637297, 0.662966)	                 ###	Count: 3 (12.5%)	Total: 8 (33.3333%)
[cartographer_node-1] [0.662966, 0.688636)	                  ##	Count: 2 (8.33333%)	Total: 10 (41.6667%)
[cartographer_node-1] [0.688636, 0.714306)	                  ##	Count: 2 (8.33333%)	Total: 12 (50%)
[cartographer_node-1] [0.714306, 0.739975)	                  ##	Count: 2 (8.33333%)	Total: 14 (58.3333%)
[cartographer_node-1] [0.739975, 0.765645)	                 ###	Count: 3 (12.5%)	Total: 17 (70.8333%)
[cartographer_node-1] [0.765645, 0.791315)	                 ###	Count: 4 (16.6667%)	Total: 21 (87.5%)
[cartographer_node-1] [0.791315, 0.816984)	                  ##	Count: 2 (8.33333%)	Total: 23 (95.8333%)
[cartographer_node-1] [0.816984, 0.842654]	                   #	Count: 1 (4.16667%)	Total: 24 (100%)
[cartographer_node-1] [INFO] [1778748765.435588191] [cartographer logger]: I0514 17:52:45.000000 99048 pose_graph_2d.cc:538] Remaining work items in queue: 1
[cartographer_node-1] [INFO] [1778748765.435653552] [cartographer logger]: I0514 17:52:45.000000 99047 constraint_builder_2d.cc:294] 0 computations resulted in 0 additional constraints.
[cartographer_node-1] [INFO] [1778748765.435776043] [cartographer logger]: I0514 17:52:45.000000 99047 constraint_builder_2d.cc:296] Score histogram:
[cartographer_node-1] Count: 24  Min: 0.585958  Max: 0.842654  Mean: 0.710014
[cartographer_node-1] [0.585958, 0.611627)	                 ###	Count: 3 (12.5%)	Total: 3 (12.5%)
[cartographer_node-1] [0.611627, 0.637297)	                  ##	Count: 2 (8.33333%)	Total: 5 (20.8333%)
[cartographer_node-1] [0.637297, 0.662966)	                 ###	Count: 3 (12.5%)	Total: 8 (33.3333%)
[cartographer_node-1] [0.662966, 0.688636)	                  ##	Count: 2 (8.33333%)	Total: 10 (41.6667%)
[cartographer_node-1] [0.688636, 0.714306)	                  ##	Count: 2 (8.33333%)	Total: 12 (50%)
[cartographer_node-1] [0.714306, 0.739975)	                  ##	Count: 2 (8.33333%)	Total: 14 (58.3333%)
[cartographer_node-1] [0.739975, 0.765645)	                 ###	Count: 3 (12.5%)	Total: 17 (70.8333%)
[cartographer_node-1] [0.765645, 0.791315)	                 ###	Count: 4 (16.6667%)	Total: 21 (87.5%)
[cartographer_node-1] [0.791315, 0.816984)	                  ##	Count: 2 (8.33333%)	Total: 23 (95.8333%)
[cartographer_node-1] [0.816984, 0.842654]	                   #	Count: 1 (4.16667%)	Total: 24 (100%)
[cartographer_node-1] [INFO] [1778748765.560768202] [cartographer logger]: I0514 17:52:45.000000 99049 pose_graph_2d.cc:538] Remaining work items in queue: 0
[cartographer_node-1] [INFO] [1778748765.560809951] [cartographer logger]: I0514 17:52:45.000000 99049 constraint_builder_2d.cc:294] 0 computations resulted in 0 additional constraints.
[cartographer_node-1] [INFO] [1778748765.560893325] [cartographer logger]: I0514 17:52:45.000000 99049 constraint_builder_2d.cc:296] Score histogram:
[cartographer_node-1] Count: 24  Min: 0.585958  Max: 0.842654  Mean: 0.710014
[cartographer_node-1] [0.585958, 0.611627)	                 ###	Count: 3 (12.5%)	Total: 3 (12.5%)
[cartographer_node-1] [0.611627, 0.637297)	                  ##	Count: 2 (8.33333%)	Total: 5 (20.8333%)
[cartographer_node-1] [0.637297, 0.662966)	                 ###	Count: 3 (12.5%)	Total: 8 (33.3333%)
[cartographer_node-1] [0.662966, 0.688636)	                  ##	Count: 2 (8.33333%)	Total: 10 (41.6667%)
[cartographer_node-1] [0.688636, 0.714306)	                  ##	Count: 2 (8.33333%)	Total: 12 (50%)
[cartographer_node-1] [0.714306, 0.739975)	                  ##	Count: 2 (8.33333%)	Total: 14 (58.3333%)
[cartographer_node-1] [0.739975, 0.765645)	                 ###	Count: 3 (12.5%)	Total: 17 (70.8333%)
[cartographer_node-1] [0.765645, 0.791315)	                 ###	Count: 4 (16.6667%)	Total: 21 (87.5%)
[cartographer_node-1] [0.791315, 0.816984)	                  ##	Count: 2 (8.33333%)	Total: 23 (95.8333%)
[cartographer_node-1] [0.816984, 0.842654]	                   #	Count: 1 (4.16667%)	Total: 24 (100%)
[cartographer_node-1] [INFO] [1778748765.731505459] [cartographer logger]: I0514 17:52:45.000000 99047 pose_graph_2d.cc:538] Remaining work items in queue: 0
[cartographer_node-1] [INFO] [1778748765.731532363] [cartographer logger]: I0514 17:52:45.000000 99047 constraint_builder_2d.cc:294] 0 computations resulted in 0 additional constraints.
[cartographer_node-1] [INFO] [1778748765.731643560] [cartographer logger]: I0514 17:52:45.000000 99047 constraint_builder_2d.cc:296] Score histogram:
[cartographer_node-1] Count: 24  Min: 0.585958  Max: 0.842654  Mean: 0.710014
[cartographer_node-1] [0.585958, 0.611627)	                 ###	Count: 3 (12.5%)	Total: 3 (12.5%)
[cartographer_node-1] [0.611627, 0.637297)	                  ##	Count: 2 (8.33333%)	Total: 5 (20.8333%)
[cartographer_node-1] [0.637297, 0.662966)	                 ###	Count: 3 (12.5%)	Total: 8 (33.3333%)
[cartographer_node-1] [0.662966, 0.688636)	                  ##	Count: 2 (8.33333%)	Total: 10 (41.6667%)
[cartographer_node-1] [0.688636, 0.714306)	                  ##	Count: 2 (8.33333%)	Total: 12 (50%)
[cartographer_node-1] [0.714306, 0.739975)	                  ##	Count: 2 (8.33333%)	Total: 14 (58.3333%)
[cartographer_node-1] [0.739975, 0.765645)	                 ###	Count: 3 (12.5%)	Total: 17 (70.8333%)
[cartographer_node-1] [0.765645, 0.791315)	                 ###	Count: 4 (16.6667%)	Total: 21 (87.5%)
[cartographer_node-1] [0.791315, 0.816984)	                  ##	Count: 2 (8.33333%)	Total: 23 (95.8333%)
[cartographer_node-1] [0.816984, 0.842654]	                   #	Count: 1 (4.16667%)	Total: 24 (100%)
[cartographer_node-1] [INFO] [1778748765.836387250] [cartographer logger]: I0514 17:52:45.000000 99049 pose_graph_2d.cc:538] Remaining work items in queue: 0
[cartographer_node-1] [INFO] [1778748765.836408312] [cartographer logger]: I0514 17:52:45.000000 99049 constraint_builder_2d.cc:294] 0 computations resulted in 0 additional constraints.
[cartographer_node-1] [INFO] [1778748765.836451193] [cartographer logger]: I0514 17:52:45.000000 99049 constraint_builder_2d.cc:296] Score histogram:
[cartographer_node-1] Count: 24  Min: 0.585958  Max: 0.842654  Mean: 0.710014
[cartographer_node-1] [0.585958, 0.611627)	                 ###	Count: 3 (12.5%)	Total: 3 (12.5%)
[cartographer_node-1] [0.611627, 0.637297)	                  ##	Count: 2 (8.33333%)	Total: 5 (20.8333%)
[cartographer_node-1] [0.637297, 0.662966)	                 ###	Count: 3 (12.5%)	Total: 8 (33.3333%)
[cartographer_node-1] [0.662966, 0.688636)	                  ##	Count: 2 (8.33333%)	Total: 10 (41.6667%)
[cartographer_node-1] [0.688636, 0.714306)	                  ##	Count: 2 (8.33333%)	Total: 12 (50%)
[cartographer_node-1] [0.714306, 0.739975)	                  ##	Count: 2 (8.33333%)	Total: 14 (58.3333%)
[cartographer_node-1] [0.739975, 0.765645)	                 ###	Count: 3 (12.5%)	Total: 17 (70.8333%)
[cartographer_node-1] [0.765645, 0.791315)	                 ###	Count: 4 (16.6667%)	Total: 21 (87.5%)
[cartographer_node-1] [0.791315, 0.816984)	                  ##	Count: 2 (8.33333%)	Total: 23 (95.8333%)
[cartographer_node-1] [0.816984, 0.842654]	                   #	Count: 1 (4.16667%)	Total: 24 (100%)
[cartographer_node-1] [INFO] [1778748765.962407038] [cartographer logger]: I0514 17:52:45.000000 99049 pose_graph_2d.cc:538] Remaining work items in queue: 1
[cartographer_node-1] [INFO] [1778748765.962434148] [cartographer logger]: I0514 17:52:45.000000 99049 constraint_builder_2d.cc:294] 1 computations resulted in 0 additional constraints.
[cartographer_node-1] [INFO] [1778748765.962661547] [cartographer logger]: I0514 17:52:45.000000 99049 constraint_builder_2d.cc:296] Score histogram:
[cartographer_node-1] Count: 24  Min: 0.585958  Max: 0.842654  Mean: 0.710014
[cartographer_node-1] [0.585958, 0.611627)	                 ###	Count: 3 (12.5%)	Total: 3 (12.5%)
[cartographer_node-1] [0.611627, 0.637297)	                  ##	Count: 2 (8.33333%)	Total: 5 (20.8333%)
[cartographer_node-1] [0.637297, 0.662966)	                 ###	Count: 3 (12.5%)	Total: 8 (33.3333%)
[cartographer_node-1] [0.662966, 0.688636)	                  ##	Count: 2 (8.33333%)	Total: 10 (41.6667%)
[cartographer_node-1] [0.688636, 0.714306)	                  ##	Count: 2 (8.33333%)	Total: 12 (50%)
[cartographer_node-1] [0.714306, 0.739975)	                  ##	Count: 2 (8.33333%)	Total: 14 (58.3333%)
[cartographer_node-1] [0.739975, 0.765645)	                 ###	Count: 3 (12.5%)	Total: 17 (70.8333%)
[cartographer_node-1] [0.765645, 0.791315)	                 ###	Count: 4 (16.6667%)	Total: 21 (87.5%)
[cartographer_node-1] [0.791315, 0.816984)	                  ##	Count: 2 (8.33333%)	Total: 23 (95.8333%)
[cartographer_node-1] [0.816984, 0.842654]	                   #	Count: 1 (4.16667%)	Total: 24 (100%)
[cartographer_node-1] [INFO] [1778748766.134729067] [cartographer logger]: I0514 17:52:46.000000 99050 pose_graph_2d.cc:538] Remaining work items in queue: 1
[cartographer_node-1] [INFO] [1778748766.134752806] [cartographer logger]: I0514 17:52:46.000000 99050 constraint_builder_2d.cc:294] 0 computations resulted in 0 additional constraints.
[cartographer_node-1] [INFO] [1778748766.134796239] [cartographer logger]: I0514 17:52:46.000000 99050 constraint_builder_2d.cc:296] Score histogram:
[cartographer_node-1] Count: 24  Min: 0.585958  Max: 0.842654  Mean: 0.710014
[cartographer_node-1] [0.585958, 0.611627)	                 ###	Count: 3 (12.5%)	Total: 3 (12.5%)
[cartographer_node-1] [0.611627, 0.637297)	                  ##	Count: 2 (8.33333%)	Total: 5 (20.8333%)
[cartographer_node-1] [0.637297, 0.662966)	                 ###	Count: 3 (12.5%)	Total: 8 (33.3333%)
[cartographer_node-1] [0.662966, 0.688636)	                  ##	Count: 2 (8.33333%)	Total: 10 (41.6667%)
[cartographer_node-1] [0.688636, 0.714306)	                  ##	Count: 2 (8.33333%)	Total: 12 (50%)
[cartographer_node-1] [0.714306, 0.739975)	                  ##	Count: 2 (8.33333%)	Total: 14 (58.3333%)
[cartographer_node-1] [0.739975, 0.765645)	                 ###	Count: 3 (12.5%)	Total: 17 (70.8333%)
[cartographer_node-1] [0.765645, 0.791315)	                 ###	Count: 4 (16.6667%)	Total: 21 (87.5%)
[cartographer_node-1] [0.791315, 0.816984)	                  ##	Count: 2 (8.33333%)	Total: 23 (95.8333%)
[cartographer_node-1] [0.816984, 0.842654]	                   #	Count: 1 (4.16667%)	Total: 24 (100%)
[cartographer_node-1] [INFO] [1778748766.229805820] [cartographer logger]: I0514 17:52:46.000000 99050 pose_graph_2d.cc:538] Remaining work items in queue: 1
[cartographer_node-1] [INFO] [1778748766.229851125] [cartographer logger]: I0514 17:52:46.000000 99050 constraint_builder_2d.cc:294] 0 computations resulted in 0 additional constraints.
[cartographer_node-1] [INFO] [1778748766.229948511] [cartographer logger]: I0514 17:52:46.000000 99050 constraint_builder_2d.cc:296] Score histogram:
[cartographer_node-1] Count: 24  Min: 0.585958  Max: 0.842654  Mean: 0.710014
[cartographer_node-1] [0.585958, 0.611627)	                 ###	Count: 3 (12.5%)	Total: 3 (12.5%)
[cartographer_node-1] [0.611627, 0.637297)	                  ##	Count: 2 (8.33333%)	Total: 5 (20.8333%)
[cartographer_node-1] [0.637297, 0.662966)	                 ###	Count: 3 (12.5%)	Total: 8 (33.3333%)
[cartographer_node-1] [0.662966, 0.688636)	                  ##	Count: 2 (8.33333%)	Total: 10 (41.6667%)
[cartographer_node-1] [0.688636, 0.714306)	                  ##	Count: 2 (8.33333%)	Total: 12 (50%)
[cartographer_node-1] [0.714306, 0.739975)	                  ##	Count: 2 (8.33333%)	Total: 14 (58.3333%)
[cartographer_node-1] [0.739975, 0.765645)	                 ###	Count: 3 (12.5%)	Total: 17 (70.8333%)
[cartographer_node-1] [0.765645, 0.791315)	                 ###	Count: 4 (16.6667%)	Total: 21 (87.5%)
[cartographer_node-1] [0.791315, 0.816984)	                  ##	Count: 2 (8.33333%)	Total: 23 (95.8333%)
[cartographer_node-1] [0.816984, 0.842654]	                   #	Count: 1 (4.16667%)	Total: 24 (100%)
[cartographer_node-1] [INFO] [1778748766.335919071] [cartographer logger]: I0514 17:52:46.000000 99048 pose_graph_2d.cc:538] Remaining work items in queue: 1
[cartographer_node-1] [INFO] [1778748766.335943103] [cartographer logger]: I0514 17:52:46.000000 99048 constraint_builder_2d.cc:294] 0 computations resulted in 0 additional constraints.
[cartographer_node-1] [INFO] [1778748766.336009427] [cartographer logger]: I0514 17:52:46.000000 99048 constraint_builder_2d.cc:296] Score histogram:
[cartographer_node-1] Count: 24  Min: 0.585958  Max: 0.842654  Mean: 0.710014
[cartographer_node-1] [0.585958, 0.611627)	                 ###	Count: 3 (12.5%)	Total: 3 (12.5%)
[cartographer_node-1] [0.611627, 0.637297)	                  ##	Count: 2 (8.33333%)	Total: 5 (20.8333%)
[cartographer_node-1] [0.637297, 0.662966)	                 ###	Count: 3 (12.5%)	Total: 8 (33.3333%)
[cartographer_node-1] [0.662966, 0.688636)	                  ##	Count: 2 (8.33333%)	Total: 10 (41.6667%)
[cartographer_node-1] [0.688636, 0.714306)	                  ##	Count: 2 (8.33333%)	Total: 12 (50%)
[cartographer_node-1] [0.714306, 0.739975)	                  ##	Count: 2 (8.33333%)	Total: 14 (58.3333%)
[cartographer_node-1] [0.739975, 0.765645)	                 ###	Count: 3 (12.5%)	Total: 17 (70.8333%)
[cartographer_node-1] [0.765645, 0.791315)	                 ###	Count: 4 (16.6667%)	Total: 21 (87.5%)
[cartographer_node-1] [0.791315, 0.816984)	                  ##	Count: 2 (8.33333%)	Total: 23 (95.8333%)
[cartographer_node-1] [0.816984, 0.842654]	                   #	Count: 1 (4.16667%)	Total: 24 (100%)
[cartographer_node-1] [INFO] [1778748766.535493115] [cartographer logger]: I0514 17:52:46.000000 99049 pose_graph_2d.cc:538] Remaining work items in queue: 0
[cartographer_node-1] [INFO] [1778748766.535513914] [cartographer logger]: I0514 17:52:46.000000 99049 constraint_builder_2d.cc:294] 0 computations resulted in 0 additional constraints.
[cartographer_node-1] [INFO] [1778748766.535618211] [cartographer logger]: I0514 17:52:46.000000 99049 constraint_builder_2d.cc:296] Score histogram:
[cartographer_node-1] Count: 24  Min: 0.585958  Max: 0.842654  Mean: 0.710014
[cartographer_node-1] [0.585958, 0.611627)	                 ###	Count: 3 (12.5%)	Total: 3 (12.5%)
[cartographer_node-1] [0.611627, 0.637297)	                  ##	Count: 2 (8.33333%)	Total: 5 (20.8333%)
[cartographer_node-1] [0.637297, 0.662966)	                 ###	Count: 3 (12.5%)	Total: 8 (33.3333%)
[cartographer_node-1] [0.662966, 0.688636)	                  ##	Count: 2 (8.33333%)	Total: 10 (41.6667%)
[cartographer_node-1] [0.688636, 0.714306)	                  ##	Count: 2 (8.33333%)	Total: 12 (50%)
[cartographer_node-1] [0.714306, 0.739975)	                  ##	Count: 2 (8.33333%)	Total: 14 (58.3333%)
[cartographer_node-1] [0.739975, 0.765645)	                 ###	Count: 3 (12.5%)	Total: 17 (70.8333%)
[cartographer_node-1] [0.765645, 0.791315)	                 ###	Count: 4 (16.6667%)	Total: 21 (87.5%)
[cartographer_node-1] [0.791315, 0.816984)	                  ##	Count: 2 (8.33333%)	Total: 23 (95.8333%)
[cartographer_node-1] [0.816984, 0.842654]	                   #	Count: 1 (4.16667%)	Total: 24 (100%)
[cartographer_node-1] [INFO] [1778748766.735662502] [cartographer logger]: I0514 17:52:46.000000 99049 pose_graph_2d.cc:538] Remaining work items in queue: 0
[cartographer_node-1] [INFO] [1778748766.735716958] [cartographer logger]: I0514 17:52:46.000000 99049 constraint_builder_2d.cc:294] 1 computations resulted in 0 additional constraints.
[cartographer_node-1] [INFO] [1778748766.736064542] [cartographer logger]: I0514 17:52:46.000000 99049 constraint_builder_2d.cc:296] Score histogram:
[cartographer_node-1] Count: 24  Min: 0.585958  Max: 0.842654  Mean: 0.710014
[cartographer_node-1] [0.585958, 0.611627)	                 ###	Count: 3 (12.5%)	Total: 3 (12.5%)
[cartographer_node-1] [0.611627, 0.637297)	                  ##	Count: 2 (8.33333%)	Total: 5 (20.8333%)
[cartographer_node-1] [0.637297, 0.662966)	                 ###	Count: 3 (12.5%)	Total: 8 (33.3333%)
[cartographer_node-1] [0.662966, 0.688636)	                  ##	Count: 2 (8.33333%)	Total: 10 (41.6667%)
[cartographer_node-1] [0.688636, 0.714306)	                  ##	Count: 2 (8.33333%)	Total: 12 (50%)
[cartographer_node-1] [0.714306, 0.739975)	                  ##	Count: 2 (8.33333%)	Total: 14 (58.3333%)
[cartographer_node-1] [0.739975, 0.765645)	                 ###	Count: 3 (12.5%)	Total: 17 (70.8333%)
[cartographer_node-1] [0.765645, 0.791315)	                 ###	Count: 4 (16.6667%)	Total: 21 (87.5%)
[cartographer_node-1] [0.791315, 0.816984)	                  ##	Count: 2 (8.33333%)	Total: 23 (95.8333%)
[cartographer_node-1] [0.816984, 0.842654]	                   #	Count: 1 (4.16667%)	Total: 24 (100%)
[cartographer_node-1] [WARN] [1778748766.782447954] [cartographer logger]: W0514 17:52:46.000000 99008 range_data_collator.cc:82] Dropped 23 earlier points.
[cartographer_node-1] [INFO] [1778748766.934599641] [cartographer logger]: I0514 17:52:46.000000 99047 pose_graph_2d.cc:538] Remaining work items in queue: 1
[cartographer_node-1] [INFO] [1778748766.934623621] [cartographer logger]: I0514 17:52:46.000000 99047 constraint_builder_2d.cc:294] 0 computations resulted in 0 additional constraints.
[cartographer_node-1] [INFO] [1778748766.934640962] [cartographer logger]: I0514 17:52:46.000000 99047 constraint_builder_2d.cc:296] Score histogram:
[cartographer_node-1] Count: 24  Min: 0.585958  Max: 0.842654  Mean: 0.710014
[cartographer_node-1] [0.585958, 0.611627)	                 ###	Count: 3 (12.5%)	Total: 3 (12.5%)
[cartographer_node-1] [0.611627, 0.637297)	                  ##	Count: 2 (8.33333%)	Total: 5 (20.8333%)
[cartographer_node-1] [0.637297, 0.662966)	                 ###	Count: 3 (12.5%)	Total: 8 (33.3333%)
[cartographer_node-1] [0.662966, 0.688636)	                  ##	Count: 2 (8.33333%)	Total: 10 (41.6667%)
[cartographer_node-1] [0.688636, 0.714306)	                  ##	Count: 2 (8.33333%)	Total: 12 (50%)
[cartographer_node-1] [0.714306, 0.739975)	                  ##	Count: 2 (8.33333%)	Total: 14 (58.3333%)
[cartographer_node-1] [0.739975, 0.765645)	                 ###	Count: 3 (12.5%)	Total: 17 (70.8333%)
[cartographer_node-1] [0.765645, 0.791315)	                 ###	Count: 4 (16.6667%)	Total: 21 (87.5%)
[cartographer_node-1] [0.791315, 0.816984)	                  ##	Count: 2 (8.33333%)	Total: 23 (95.8333%)
[cartographer_node-1] [0.816984, 0.842654]	                   #	Count: 1 (4.16667%)	Total: 24 (100%)
[cartographer_node-1] [INFO] [1778748767.135998853] [cartographer logger]: I0514 17:52:47.000000 99047 pose_graph_2d.cc:538] Remaining work items in queue: 1
[cartographer_node-1] [INFO] [1778748767.136023833] [cartographer logger]: I0514 17:52:47.000000 99047 constraint_builder_2d.cc:294] 0 computations resulted in 0 additional constraints.
[cartographer_node-1] [INFO] [1778748767.136105970] [cartographer logger]: I0514 17:52:47.000000 99047 constraint_builder_2d.cc:296] Score histogram:
[cartographer_node-1] Count: 24  Min: 0.585958  Max: 0.842654  Mean: 0.710014
[cartographer_node-1] [0.585958, 0.611627)	                 ###	Count: 3 (12.5%)	Total: 3 (12.5%)
[cartographer_node-1] [0.611627, 0.637297)	                  ##	Count: 2 (8.33333%)	Total: 5 (20.8333%)
[cartographer_node-1] [0.637297, 0.662966)	                 ###	Count: 3 (12.5%)	Total: 8 (33.3333%)
[cartographer_node-1] [0.662966, 0.688636)	                  ##	Count: 2 (8.33333%)	Total: 10 (41.6667%)
[cartographer_node-1] [0.688636, 0.714306)	                  ##	Count: 2 (8.33333%)	Total: 12 (50%)
[cartographer_node-1] [0.714306, 0.739975)	                  ##	Count: 2 (8.33333%)	Total: 14 (58.3333%)
[cartographer_node-1] [0.739975, 0.765645)	                 ###	Count: 3 (12.5%)	Total: 17 (70.8333%)
[cartographer_node-1] [0.765645, 0.791315)	                 ###	Count: 4 (16.6667%)	Total: 21 (87.5%)
[cartographer_node-1] [0.791315, 0.816984)	                  ##	Count: 2 (8.33333%)	Total: 23 (95.8333%)
[cartographer_node-1] [0.816984, 0.842654]	                   #	Count: 1 (4.16667%)	Total: 24 (100%)
[cartographer_node-1] [INFO] [1778748767.333634014] [cartographer logger]: I0514 17:52:47.000000 99047 pose_graph_2d.cc:538] Remaining work items in queue: 0
[cartographer_node-1] [INFO] [1778748767.333686129] [cartographer logger]: I0514 17:52:47.000000 99047 constraint_builder_2d.cc:294] 0 computations resulted in 0 additional constraints.
[cartographer_node-1] [INFO] [1778748767.333837764] [cartographer logger]: I0514 17:52:47.000000 99047 constraint_builder_2d.cc:296] Score histogram:
[cartographer_node-1] Count: 24  Min: 0.585958  Max: 0.842654  Mean: 0.710014
[cartographer_node-1] [0.585958, 0.611627)	                 ###	Count: 3 (12.5%)	Total: 3 (12.5%)
[cartographer_node-1] [0.611627, 0.637297)	                  ##	Count: 2 (8.33333%)	Total: 5 (20.8333%)
[cartographer_node-1] [0.637297, 0.662966)	                 ###	Count: 3 (12.5%)	Total: 8 (33.3333%)
[cartographer_node-1] [0.662966, 0.688636)	                  ##	Count: 2 (8.33333%)	Total: 10 (41.6667%)
[cartographer_node-1] [0.688636, 0.714306)	                  ##	Count: 2 (8.33333%)	Total: 12 (50%)
[cartographer_node-1] [0.714306, 0.739975)	                  ##	Count: 2 (8.33333%)	Total: 14 (58.3333%)
[cartographer_node-1] [0.739975, 0.765645)	                 ###	Count: 3 (12.5%)	Total: 17 (70.8333%)
[cartographer_node-1] [0.765645, 0.791315)	                 ###	Count: 4 (16.6667%)	Total: 21 (87.5%)
[cartographer_node-1] [0.791315, 0.816984)	                  ##	Count: 2 (8.33333%)	Total: 23 (95.8333%)
[cartographer_node-1] [0.816984, 0.842654]	                   #	Count: 1 (4.16667%)	Total: 24 (100%)
[cartographer_node-1] [INFO] [1778748767.512644923] [cartographer logger]: I0514 17:52:47.000000 99047 pose_graph_2d.cc:538] Remaining work items in queue: 0
[cartographer_node-1] [INFO] [1778748767.512666896] [cartographer logger]: I0514 17:52:47.000000 99047 constraint_builder_2d.cc:294] 0 computations resulted in 0 additional constraints.
[cartographer_node-1] [INFO] [1778748767.512927775] [cartographer logger]: I0514 17:52:47.000000 99047 constraint_builder_2d.cc:296] Score histogram:
[cartographer_node-1] Count: 24  Min: 0.585958  Max: 0.842654  Mean: 0.710014
[cartographer_node-1] [0.585958, 0.611627)	                 ###	Count: 3 (12.5%)	Total: 3 (12.5%)
[cartographer_node-1] [0.611627, 0.637297)	                  ##	Count: 2 (8.33333%)	Total: 5 (20.8333%)
[cartographer_node-1] [0.637297, 0.662966)	                 ###	Count: 3 (12.5%)	Total: 8 (33.3333%)
[cartographer_node-1] [0.662966, 0.688636)	                  ##	Count: 2 (8.33333%)	Total: 10 (41.6667%)
[cartographer_node-1] [0.688636, 0.714306)	                  ##	Count: 2 (8.33333%)	Total: 12 (50%)
[cartographer_node-1] [0.714306, 0.739975)	                  ##	Count: 2 (8.33333%)	Total: 14 (58.3333%)
[cartographer_node-1] [0.739975, 0.765645)	                 ###	Count: 3 (12.5%)	Total: 17 (70.8333%)
[cartographer_node-1] [0.765645, 0.791315)	                 ###	Count: 4 (16.6667%)	Total: 21 (87.5%)
[cartographer_node-1] [0.791315, 0.816984)	                  ##	Count: 2 (8.33333%)	Total: 23 (95.8333%)
[cartographer_node-1] [0.816984, 0.842654]	                   #	Count: 1 (4.16667%)	Total: 24 (100%)
[cartographer_node-1] [INFO] [1778748767.575569017] [cartographer logger]: I0514 17:52:47.000000 99049 constraint_builder_2d.cc:279] Node (1, 414) with 213 points on submap (0, 4) matches with score 61.9%.
[cartographer_node-1] [INFO] [1778748767.654642009] [cartographer logger]: I0514 17:52:47.000000 99049 pose_graph_2d.cc:538] Remaining work items in queue: 1
[cartographer_node-1] [INFO] [1778748767.654686430] [cartographer logger]: I0514 17:52:47.000000 99049 constraint_builder_2d.cc:294] 1 computations resulted in 1 additional constraints.
[cartographer_node-1] [INFO] [1778748767.654712789] [cartographer logger]: I0514 17:52:47.000000 99049 constraint_builder_2d.cc:296] Score histogram:
[cartographer_node-1] Count: 25  Min: 0.585958  Max: 0.842654  Mean: 0.706393
[cartographer_node-1] [0.585958, 0.611627)	                  ##	Count: 3 (12%)	Total: 3 (12%)
[cartographer_node-1] [0.611627, 0.637297)	                  ##	Count: 3 (12%)	Total: 6 (24%)
[cartographer_node-1] [0.637297, 0.662966)	                  ##	Count: 3 (12%)	Total: 9 (36%)
[cartographer_node-1] [0.662966, 0.688636)	                  ##	Count: 2 (8%)	Total: 11 (44%)
[cartographer_node-1] [0.688636, 0.714306)	                  ##	Count: 2 (8%)	Total: 13 (52%)
[cartographer_node-1] [0.714306, 0.739975)	                  ##	Count: 2 (8%)	Total: 15 (60%)
[cartographer_node-1] [0.739975, 0.765645)	                  ##	Count: 3 (12%)	Total: 18 (72%)
[cartographer_node-1] [0.765645, 0.791315)	                 ###	Count: 4 (16%)	Total: 22 (88%)
[cartographer_node-1] [0.791315, 0.816984)	                  ##	Count: 2 (8%)	Total: 24 (96%)
[cartographer_node-1] [0.816984, 0.842654]	                   #	Count: 1 (4%)	Total: 25 (100%)
[cartographer_node-1] [INFO] [1778748767.938267458] [cartographer logger]: I0514 17:52:47.000000 99049 pose_graph_2d.cc:538] Remaining work items in queue: 1
[cartographer_node-1] [INFO] [1778748767.938292114] [cartographer logger]: I0514 17:52:47.000000 99049 constraint_builder_2d.cc:294] 0 computations resulted in 0 additional constraints.
[cartographer_node-1] [INFO] [1778748767.938381852] [cartographer logger]: I0514 17:52:47.000000 99049 constraint_builder_2d.cc:296] Score histogram:
[cartographer_node-1] Count: 25  Min: 0.585958  Max: 0.842654  Mean: 0.706393
[cartographer_node-1] [0.585958, 0.611627)	                  ##	Count: 3 (12%)	Total: 3 (12%)
[cartographer_node-1] [0.611627, 0.637297)	                  ##	Count: 3 (12%)	Total: 6 (24%)
[cartographer_node-1] [0.637297, 0.662966)	                  ##	Count: 3 (12%)	Total: 9 (36%)
[cartographer_node-1] [0.662966, 0.688636)	                  ##	Count: 2 (8%)	Total: 11 (44%)
[cartographer_node-1] [0.688636, 0.714306)	                  ##	Count: 2 (8%)	Total: 13 (52%)
[cartographer_node-1] [0.714306, 0.739975)	                  ##	Count: 2 (8%)	Total: 15 (60%)
[cartographer_node-1] [0.739975, 0.765645)	                  ##	Count: 3 (12%)	Total: 18 (72%)
[cartographer_node-1] [0.765645, 0.791315)	                 ###	Count: 4 (16%)	Total: 22 (88%)
[cartographer_node-1] [0.791315, 0.816984)	                  ##	Count: 2 (8%)	Total: 24 (96%)
[cartographer_node-1] [0.816984, 0.842654]	                   #	Count: 1 (4%)	Total: 25 (100%)
[cartographer_node-1] [INFO] [1778748768.031067035] [cartographer logger]: I0514 17:52:48.000000 99049 pose_graph_2d.cc:538] Remaining work items in queue: 0
[cartographer_node-1] [INFO] [1778748768.031143041] [cartographer logger]: I0514 17:52:48.000000 99049 constraint_builder_2d.cc:294] 0 computations resulted in 0 additional constraints.
[cartographer_node-1] [INFO] [1778748768.031308053] [cartographer logger]: I0514 17:52:48.000000 99049 constraint_builder_2d.cc:296] Score histogram:
[cartographer_node-1] Count: 25  Min: 0.585958  Max: 0.842654  Mean: 0.706393
[cartographer_node-1] [0.585958, 0.611627)	                  ##	Count: 3 (12%)	Total: 3 (12%)
[cartographer_node-1] [0.611627, 0.637297)	                  ##	Count: 3 (12%)	Total: 6 (24%)
[cartographer_node-1] [0.637297, 0.662966)	                  ##	Count: 3 (12%)	Total: 9 (36%)
[cartographer_node-1] [0.662966, 0.688636)	                  ##	Count: 2 (8%)	Total: 11 (44%)
[cartographer_node-1] [0.688636, 0.714306)	                  ##	Count: 2 (8%)	Total: 13 (52%)
[cartographer_node-1] [0.714306, 0.739975)	                  ##	Count: 2 (8%)	Total: 15 (60%)
[cartographer_node-1] [0.739975, 0.765645)	                  ##	Count: 3 (12%)	Total: 18 (72%)
[cartographer_node-1] [0.765645, 0.791315)	                 ###	Count: 4 (16%)	Total: 22 (88%)
[cartographer_node-1] [0.791315, 0.816984)	                  ##	Count: 2 (8%)	Total: 24 (96%)
[cartographer_node-1] [0.816984, 0.842654]	                   #	Count: 1 (4%)	Total: 25 (100%)
[cartographer_node-1] [INFO] [1778748768.113441817] [cartographer logger]: I0514 17:52:48.000000 99048 pose_graph_2d.cc:538] Remaining work items in queue: 1
[cartographer_node-1] [INFO] [1778748768.113521704] [cartographer logger]: I0514 17:52:48.000000 99048 constraint_builder_2d.cc:294] 0 computations resulted in 0 additional constraints.
[cartographer_node-1] [INFO] [1778748768.113695834] [cartographer logger]: I0514 17:52:48.000000 99048 constraint_builder_2d.cc:296] Score histogram:
[cartographer_node-1] Count: 25  Min: 0.585958  Max: 0.842654  Mean: 0.706393
[cartographer_node-1] [0.585958, 0.611627)	                  ##	Count: 3 (12%)	Total: 3 (12%)
[cartographer_node-1] [0.611627, 0.637297)	                  ##	Count: 3 (12%)	Total: 6 (24%)
[cartographer_node-1] [0.637297, 0.662966)	                  ##	Count: 3 (12%)	Total: 9 (36%)
[cartographer_node-1] [0.662966, 0.688636)	                  ##	Count: 2 (8%)	Total: 11 (44%)
[cartographer_node-1] [0.688636, 0.714306)	                  ##	Count: 2 (8%)	Total: 13 (52%)
[cartographer_node-1] [0.714306, 0.739975)	                  ##	Count: 2 (8%)	Total: 15 (60%)
[cartographer_node-1] [0.739975, 0.765645)	                  ##	Count: 3 (12%)	Total: 18 (72%)
[cartographer_node-1] [0.765645, 0.791315)	                 ###	Count: 4 (16%)	Total: 22 (88%)
[cartographer_node-1] [0.791315, 0.816984)	                  ##	Count: 2 (8%)	Total: 24 (96%)
[cartographer_node-1] [0.816984, 0.842654]	                   #	Count: 1 (4%)	Total: 25 (100%)
[cartographer_node-1] [INFO] [1778748768.166341317] [cartographer logger]: I0514 17:52:48.000000 99047 pose_graph_2d.cc:538] Remaining work items in queue: 1
[cartographer_node-1] [INFO] [1778748768.184732747] [cartographer logger]: I0514 17:52:48.000000 99048 constraint_builder_2d.cc:294] 1 computations resulted in 0 additional constraints.
[cartographer_node-1] [INFO] [1778748768.184765291] [cartographer logger]: I0514 17:52:48.000000 99048 constraint_builder_2d.cc:296] Score histogram:
[cartographer_node-1] Count: 25  Min: 0.585958  Max: 0.842654  Mean: 0.706393
[cartographer_node-1] [0.585958, 0.611627)	                  ##	Count: 3 (12%)	Total: 3 (12%)
[cartographer_node-1] [0.611627, 0.637297)	                  ##	Count: 3 (12%)	Total: 6 (24%)
[cartographer_node-1] [0.637297, 0.662966)	                  ##	Count: 3 (12%)	Total: 9 (36%)
[cartographer_node-1] [0.662966, 0.688636)	                  ##	Count: 2 (8%)	Total: 11 (44%)
[cartographer_node-1] [0.688636, 0.714306)	                  ##	Count: 2 (8%)	Total: 13 (52%)
[cartographer_node-1] [0.714306, 0.739975)	                  ##	Count: 2 (8%)	Total: 15 (60%)
[cartographer_node-1] [0.739975, 0.765645)	                  ##	Count: 3 (12%)	Total: 18 (72%)
[cartographer_node-1] [0.765645, 0.791315)	                 ###	Count: 4 (16%)	Total: 22 (88%)
[cartographer_node-1] [0.791315, 0.816984)	                  ##	Count: 2 (8%)	Total: 24 (96%)
[cartographer_node-1] [0.816984, 0.842654]	                   #	Count: 1 (4%)	Total: 25 (100%)
[cartographer_node-1] [INFO] [1778748768.236797605] [cartographer logger]: I0514 17:52:48.000000 99047 pose_graph_2d.cc:538] Remaining work items in queue: 1
[cartographer_node-1] [INFO] [1778748768.236840488] [cartographer logger]: I0514 17:52:48.000000 99047 constraint_builder_2d.cc:294] 0 computations resulted in 0 additional constraints.
[cartographer_node-1] [INFO] [1778748768.237334783] [cartographer logger]: I0514 17:52:48.000000 99047 constraint_builder_2d.cc:296] Score histogram:
[cartographer_node-1] Count: 25  Min: 0.585958  Max: 0.842654  Mean: 0.706393
[cartographer_node-1] [0.585958, 0.611627)	                  ##	Count: 3 (12%)	Total: 3 (12%)
[cartographer_node-1] [0.611627, 0.637297)	                  ##	Count: 3 (12%)	Total: 6 (24%)
[cartographer_node-1] [0.637297, 0.662966)	                  ##	Count: 3 (12%)	Total: 9 (36%)
[cartographer_node-1] [0.662966, 0.688636)	                  ##	Count: 2 (8%)	Total: 11 (44%)
[cartographer_node-1] [0.688636, 0.714306)	                  ##	Count: 2 (8%)	Total: 13 (52%)
[cartographer_node-1] [0.714306, 0.739975)	                  ##	Count: 2 (8%)	Total: 15 (60%)
[cartographer_node-1] [0.739975, 0.765645)	                  ##	Count: 3 (12%)	Total: 18 (72%)
[cartographer_node-1] [0.765645, 0.791315)	                 ###	Count: 4 (16%)	Total: 22 (88%)
[cartographer_node-1] [0.791315, 0.816984)	                  ##	Count: 2 (8%)	Total: 24 (96%)
[cartographer_node-1] [0.816984, 0.842654]	                   #	Count: 1 (4%)	Total: 25 (100%)
[cartographer_node-1] [INFO] [1778748768.329994181] [cartographer logger]: I0514 17:52:48.000000 99048 pose_graph_2d.cc:538] Remaining work items in queue: 1
[cartographer_node-1] [INFO] [1778748768.330038969] [cartographer logger]: I0514 17:52:48.000000 99048 constraint_builder_2d.cc:294] 0 computations resulted in 0 additional constraints.
[cartographer_node-1] [INFO] [1778748768.330150331] [cartographer logger]: I0514 17:52:48.000000 99048 constraint_builder_2d.cc:296] Score histogram:
[cartographer_node-1] Count: 25  Min: 0.585958  Max: 0.842654  Mean: 0.706393
[cartographer_node-1] [0.585958, 0.611627)	                  ##	Count: 3 (12%)	Total: 3 (12%)
[cartographer_node-1] [0.611627, 0.637297)	                  ##	Count: 3 (12%)	Total: 6 (24%)
[cartographer_node-1] [0.637297, 0.662966)	                  ##	Count: 3 (12%)	Total: 9 (36%)
[cartographer_node-1] [0.662966, 0.688636)	                  ##	Count: 2 (8%)	Total: 11 (44%)
[cartographer_node-1] [0.688636, 0.714306)	                  ##	Count: 2 (8%)	Total: 13 (52%)
[cartographer_node-1] [0.714306, 0.739975)	                  ##	Count: 2 (8%)	Total: 15 (60%)
[cartographer_node-1] [0.739975, 0.765645)	                  ##	Count: 3 (12%)	Total: 18 (72%)
[cartographer_node-1] [0.765645, 0.791315)	                 ###	Count: 4 (16%)	Total: 22 (88%)
[cartographer_node-1] [0.791315, 0.816984)	                  ##	Count: 2 (8%)	Total: 24 (96%)
[cartographer_node-1] [0.816984, 0.842654]	                   #	Count: 1 (4%)	Total: 25 (100%)
[cartographer_node-1] [INFO] [1778748768.388238907] [cartographer logger]: I0514 17:52:48.000000 99050 pose_graph_2d.cc:538] Remaining work items in queue: 1
[cartographer_node-1] [INFO] [1778748768.388260817] [cartographer logger]: I0514 17:52:48.000000 99050 constraint_builder_2d.cc:294] 0 computations resulted in 0 additional constraints.
[cartographer_node-1] [INFO] [1778748768.388606975] [cartographer logger]: I0514 17:52:48.000000 99050 constraint_builder_2d.cc:296] Score histogram:
[cartographer_node-1] Count: 25  Min: 0.585958  Max: 0.842654  Mean: 0.706393
[cartographer_node-1] [0.585958, 0.611627)	                  ##	Count: 3 (12%)	Total: 3 (12%)
[cartographer_node-1] [0.611627, 0.637297)	                  ##	Count: 3 (12%)	Total: 6 (24%)
[cartographer_node-1] [0.637297, 0.662966)	                  ##	Count: 3 (12%)	Total: 9 (36%)
[cartographer_node-1] [0.662966, 0.688636)	                  ##	Count: 2 (8%)	Total: 11 (44%)
[cartographer_node-1] [0.688636, 0.714306)	                  ##	Count: 2 (8%)	Total: 13 (52%)
[cartographer_node-1] [0.714306, 0.739975)	                  ##	Count: 2 (8%)	Total: 15 (60%)
[cartographer_node-1] [0.739975, 0.765645)	                  ##	Count: 3 (12%)	Total: 18 (72%)
[cartographer_node-1] [0.765645, 0.791315)	                 ###	Count: 4 (16%)	Total: 22 (88%)
[cartographer_node-1] [0.791315, 0.816984)	                  ##	Count: 2 (8%)	Total: 24 (96%)
[cartographer_node-1] [0.816984, 0.842654]	                   #	Count: 1 (4%)	Total: 25 (100%)
[cartographer_node-1] [INFO] [1778748768.452954595] [cartographer logger]: I0514 17:52:48.000000 99050 pose_graph_2d.cc:538] Remaining work items in queue: 0
[cartographer_node-1] [INFO] [1778748768.452977961] [cartographer logger]: I0514 17:52:48.000000 99050 constraint_builder_2d.cc:294] 0 computations resulted in 0 additional constraints.
[cartographer_node-1] [INFO] [1778748768.453075610] [cartographer logger]: I0514 17:52:48.000000 99050 constraint_builder_2d.cc:296] Score histogram:
[cartographer_node-1] Count: 25  Min: 0.585958  Max: 0.842654  Mean: 0.706393
[cartographer_node-1] [0.585958, 0.611627)	                  ##	Count: 3 (12%)	Total: 3 (12%)
[cartographer_node-1] [0.611627, 0.637297)	                  ##	Count: 3 (12%)	Total: 6 (24%)
[cartographer_node-1] [0.637297, 0.662966)	                  ##	Count: 3 (12%)	Total: 9 (36%)
[cartographer_node-1] [0.662966, 0.688636)	                  ##	Count: 2 (8%)	Total: 11 (44%)
[cartographer_node-1] [0.688636, 0.714306)	                  ##	Count: 2 (8%)	Total: 13 (52%)
[cartographer_node-1] [0.714306, 0.739975)	                  ##	Count: 2 (8%)	Total: 15 (60%)
[cartographer_node-1] [0.739975, 0.765645)	                  ##	Count: 3 (12%)	Total: 18 (72%)
[cartographer_node-1] [0.765645, 0.791315)	                 ###	Count: 4 (16%)	Total: 22 (88%)
[cartographer_node-1] [0.791315, 0.816984)	                  ##	Count: 2 (8%)	Total: 24 (96%)
[cartographer_node-1] [0.816984, 0.842654]	                   #	Count: 1 (4%)	Total: 25 (100%)
[cartographer_node-1] [INFO] [1778748768.531000262] [cartographer logger]: I0514 17:52:48.000000 99049 pose_graph_2d.cc:538] Remaining work items in queue: 0
[cartographer_node-1] [INFO] [1778748768.551373718] [cartographer logger]: I0514 17:52:48.000000 99048 constraint_builder_2d.cc:279] Node (1, 442) with 200 points on submap (0, 12) matches with score 65.8%.
[cartographer_node-1] [INFO] [1778748768.551403583] [cartographer logger]: I0514 17:52:48.000000 99048 constraint_builder_2d.cc:294] 1 computations resulted in 1 additional constraints.
[cartographer_node-1] [INFO] [1778748768.551448868] [cartographer logger]: I0514 17:52:48.000000 99048 constraint_builder_2d.cc:296] Score histogram:
[cartographer_node-1] Count: 26  Min: 0.585958  Max: 0.842654  Mean: 0.704533
[cartographer_node-1] [0.585958, 0.611627)	                  ##	Count: 3 (11.5385%)	Total: 3 (11.5385%)
[cartographer_node-1] [0.611627, 0.637297)	                  ##	Count: 3 (11.5385%)	Total: 6 (23.0769%)
[cartographer_node-1] [0.637297, 0.662966)	                 ###	Count: 4 (15.3846%)	Total: 10 (38.4615%)
[cartographer_node-1] [0.662966, 0.688636)	                  ##	Count: 2 (7.69231%)	Total: 12 (46.1538%)
[cartographer_node-1] [0.688636, 0.714306)	                  ##	Count: 2 (7.69231%)	Total: 14 (53.8462%)
[cartographer_node-1] [0.714306, 0.739975)	                  ##	Count: 2 (7.69231%)	Total: 16 (61.5385%)
[cartographer_node-1] [0.739975, 0.765645)	                  ##	Count: 3 (11.5385%)	Total: 19 (73.0769%)
[cartographer_node-1] [0.765645, 0.791315)	                 ###	Count: 4 (15.3846%)	Total: 23 (88.4615%)
[cartographer_node-1] [0.791315, 0.816984)	                  ##	Count: 2 (7.69231%)	Total: 25 (96.1538%)
[cartographer_node-1] [0.816984, 0.842654]	                   #	Count: 1 (3.84615%)	Total: 26 (100%)
[cartographer_node-1] [INFO] [1778748768.633654132] [cartographer logger]: I0514 17:52:48.000000 99050 pose_graph_2d.cc:538] Remaining work items in queue: 2
[cartographer_node-1] [INFO] [1778748768.633676631] [cartographer logger]: I0514 17:52:48.000000 99050 constraint_builder_2d.cc:294] 0 computations resulted in 0 additional constraints.
[cartographer_node-1] [INFO] [1778748768.634022790] [cartographer logger]: I0514 17:52:48.000000 99050 constraint_builder_2d.cc:296] Score histogram:
[cartographer_node-1] Count: 26  Min: 0.585958  Max: 0.842654  Mean: 0.704533
[cartographer_node-1] [0.585958, 0.611627)	                  ##	Count: 3 (11.5385%)	Total: 3 (11.5385%)
[cartographer_node-1] [0.611627, 0.637297)	                  ##	Count: 3 (11.5385%)	Total: 6 (23.0769%)
[cartographer_node-1] [0.637297, 0.662966)	                 ###	Count: 4 (15.3846%)	Total: 10 (38.4615%)
[cartographer_node-1] [0.662966, 0.688636)	                  ##	Count: 2 (7.69231%)	Total: 12 (46.1538%)
[cartographer_node-1] [0.688636, 0.714306)	                  ##	Count: 2 (7.69231%)	Total: 14 (53.8462%)
[cartographer_node-1] [0.714306, 0.739975)	                  ##	Count: 2 (7.69231%)	Total: 16 (61.5385%)
[cartographer_node-1] [0.739975, 0.765645)	                  ##	Count: 3 (11.5385%)	Total: 19 (73.0769%)
[cartographer_node-1] [0.765645, 0.791315)	                 ###	Count: 4 (15.3846%)	Total: 23 (88.4615%)
[cartographer_node-1] [0.791315, 0.816984)	                  ##	Count: 2 (7.69231%)	Total: 25 (96.1538%)
[cartographer_node-1] [0.816984, 0.842654]	                   #	Count: 1 (3.84615%)	Total: 26 (100%)
[cartographer_node-1] [INFO] [1778748768.683871018] [cartographer logger]: I0514 17:52:48.000000 99049 pose_graph_2d.cc:538] Remaining work items in queue: 0
[cartographer_node-1] [INFO] [1778748768.711603596] [cartographer logger]: I0514 17:52:48.000000 99008 pose_graph_2d.cc:148] Inserted submap (1, 5).
[cartographer_node-1] [INFO] [1778748768.744851563] [cartographer logger]: I0514 17:52:48.000000 99048 constraint_builder_2d.cc:279] Node (0, 654) with 205 points on submap (1, 3) matches with score 65.5%.
[cartographer_node-1] [INFO] [1778748768.761363343] [cartographer logger]: I0514 17:52:48.000000 99047 constraint_builder_2d.cc:279] Node (0, 54) with 207 points on submap (1, 3) matches with score 65.4%.
[cartographer_node-1] [INFO] [1778748768.811624937] [cartographer logger]: I0514 17:52:48.000000 99048 constraint_builder_2d.cc:279] Node (0, 1254) with 208 points on submap (1, 3) matches with score 67.8%.
[cartographer_node-1] [INFO] [1778748768.834606836] [cartographer logger]: I0514 17:52:48.000000 99047 constraint_builder_2d.cc:294] 8 computations resulted in 3 additional constraints.
[cartographer_node-1] [INFO] [1778748768.834647601] [cartographer logger]: I0514 17:52:48.000000 99047 constraint_builder_2d.cc:296] Score histogram:
[cartographer_node-1] Count: 29  Min: 0.585958  Max: 0.842654  Mean: 0.70017
[cartographer_node-1] [0.585958, 0.611627)	                  ##	Count: 3 (10.3448%)	Total: 3 (10.3448%)
[cartographer_node-1] [0.611627, 0.637297)	                  ##	Count: 3 (10.3448%)	Total: 6 (20.6897%)
[cartographer_node-1] [0.637297, 0.662966)	                ####	Count: 6 (20.6897%)	Total: 12 (41.3793%)
[cartographer_node-1] [0.662966, 0.688636)	                  ##	Count: 3 (10.3448%)	Total: 15 (51.7241%)
[cartographer_node-1] [0.688636, 0.714306)	                   #	Count: 2 (6.89655%)	Total: 17 (58.6207%)
[cartographer_node-1] [0.714306, 0.739975)	                   #	Count: 2 (6.89655%)	Total: 19 (65.5172%)
[cartographer_node-1] [0.739975, 0.765645)	                  ##	Count: 3 (10.3448%)	Total: 22 (75.8621%)
[cartographer_node-1] [0.765645, 0.791315)	                 ###	Count: 4 (13.7931%)	Total: 26 (89.6552%)
[cartographer_node-1] [0.791315, 0.816984)	                   #	Count: 2 (6.89655%)	Total: 28 (96.5517%)
[cartographer_node-1] [0.816984, 0.842654]	                   #	Count: 1 (3.44828%)	Total: 29 (100%)
[cartographer_node-1] [INFO] [1778748768.850514675] [cartographer logger]: I0514 17:52:48.000000 99047 pose_graph_2d.cc:538] Remaining work items in queue: 10
[cartographer_node-1] [INFO] [1778748768.850541016] [cartographer logger]: I0514 17:52:48.000000 99047 constraint_builder_2d.cc:294] 0 computations resulted in 0 additional constraints.
[cartographer_node-1] [INFO] [1778748768.850841194] [cartographer logger]: I0514 17:52:48.000000 99047 constraint_builder_2d.cc:296] Score histogram:
[cartographer_node-1] Count: 29  Min: 0.585958  Max: 0.842654  Mean: 0.70017
[cartographer_node-1] [0.585958, 0.611627)	                  ##	Count: 3 (10.3448%)	Total: 3 (10.3448%)
[cartographer_node-1] [0.611627, 0.637297)	                  ##	Count: 3 (10.3448%)	Total: 6 (20.6897%)
[cartographer_node-1] [0.637297, 0.662966)	                ####	Count: 6 (20.6897%)	Total: 12 (41.3793%)
[cartographer_node-1] [0.662966, 0.688636)	                  ##	Count: 3 (10.3448%)	Total: 15 (51.7241%)
[cartographer_node-1] [0.688636, 0.714306)	                   #	Count: 2 (6.89655%)	Total: 17 (58.6207%)
[cartographer_node-1] [0.714306, 0.739975)	                   #	Count: 2 (6.89655%)	Total: 19 (65.5172%)
[cartographer_node-1] [0.739975, 0.765645)	                  ##	Count: 3 (10.3448%)	Total: 22 (75.8621%)
[cartographer_node-1] [0.765645, 0.791315)	                 ###	Count: 4 (13.7931%)	Total: 26 (89.6552%)
[cartographer_node-1] [0.791315, 0.816984)	                   #	Count: 2 (6.89655%)	Total: 28 (96.5517%)
[cartographer_node-1] [0.816984, 0.842654]	                   #	Count: 1 (3.44828%)	Total: 29 (100%)
[cartographer_node-1] [INFO] [1778748768.867087257] [cartographer logger]: I0514 17:52:48.000000 99047 pose_graph_2d.cc:538] Remaining work items in queue: 1
[cartographer_node-1] [INFO] [1778748768.867110485] [cartographer logger]: I0514 17:52:48.000000 99047 constraint_builder_2d.cc:294] 0 computations resulted in 0 additional constraints.
[cartographer_node-1] [INFO] [1778748768.867153999] [cartographer logger]: I0514 17:52:48.000000 99047 constraint_builder_2d.cc:296] Score histogram:
[cartographer_node-1] Count: 29  Min: 0.585958  Max: 0.842654  Mean: 0.70017
[cartographer_node-1] [0.585958, 0.611627)	                  ##	Count: 3 (10.3448%)	Total: 3 (10.3448%)
[cartographer_node-1] [0.611627, 0.637297)	                  ##	Count: 3 (10.3448%)	Total: 6 (20.6897%)
[cartographer_node-1] [0.637297, 0.662966)	                ####	Count: 6 (20.6897%)	Total: 12 (41.3793%)
[cartographer_node-1] [0.662966, 0.688636)	                  ##	Count: 3 (10.3448%)	Total: 15 (51.7241%)
[cartographer_node-1] [0.688636, 0.714306)	                   #	Count: 2 (6.89655%)	Total: 17 (58.6207%)
[cartographer_node-1] [0.714306, 0.739975)	                   #	Count: 2 (6.89655%)	Total: 19 (65.5172%)
[cartographer_node-1] [0.739975, 0.765645)	                  ##	Count: 3 (10.3448%)	Total: 22 (75.8621%)
[cartographer_node-1] [0.765645, 0.791315)	                 ###	Count: 4 (13.7931%)	Total: 26 (89.6552%)
[cartographer_node-1] [0.791315, 0.816984)	                   #	Count: 2 (6.89655%)	Total: 28 (96.5517%)
[cartographer_node-1] [0.816984, 0.842654]	                   #	Count: 1 (3.44828%)	Total: 29 (100%)
[cartographer_node-1] [INFO] [1778748768.918675261] [cartographer logger]: I0514 17:52:48.000000 99047 pose_graph_2d.cc:538] Remaining work items in queue: 2
[cartographer_node-1] [INFO] [1778748768.947769718] [cartographer logger]: I0514 17:52:48.000000 99048 constraint_builder_2d.cc:294] 1 computations resulted in 0 additional constraints.
[cartographer_node-1] [INFO] [1778748768.947807980] [cartographer logger]: I0514 17:52:48.000000 99048 constraint_builder_2d.cc:296] Score histogram:
[cartographer_node-1] Count: 29  Min: 0.585958  Max: 0.842654  Mean: 0.70017
[cartographer_node-1] [0.585958, 0.611627)	                  ##	Count: 3 (10.3448%)	Total: 3 (10.3448%)
[cartographer_node-1] [0.611627, 0.637297)	                  ##	Count: 3 (10.3448%)	Total: 6 (20.6897%)
[cartographer_node-1] [0.637297, 0.662966)	                ####	Count: 6 (20.6897%)	Total: 12 (41.3793%)
[cartographer_node-1] [0.662966, 0.688636)	                  ##	Count: 3 (10.3448%)	Total: 15 (51.7241%)
[cartographer_node-1] [0.688636, 0.714306)	                   #	Count: 2 (6.89655%)	Total: 17 (58.6207%)
[cartographer_node-1] [0.714306, 0.739975)	                   #	Count: 2 (6.89655%)	Total: 19 (65.5172%)
[cartographer_node-1] [0.739975, 0.765645)	                  ##	Count: 3 (10.3448%)	Total: 22 (75.8621%)
[cartographer_node-1] [0.765645, 0.791315)	                 ###	Count: 4 (13.7931%)	Total: 26 (89.6552%)
[cartographer_node-1] [0.791315, 0.816984)	                   #	Count: 2 (6.89655%)	Total: 28 (96.5517%)
[cartographer_node-1] [0.816984, 0.842654]	                   #	Count: 1 (3.44828%)	Total: 29 (100%)
[cartographer_node-1] [INFO] [1778748769.000469898] [cartographer logger]: I0514 17:52:49.000000 99050 pose_graph_2d.cc:538] Remaining work items in queue: 1
[cartographer_node-1] [INFO] [1778748769.000513822] [cartographer logger]: I0514 17:52:49.000000 99050 constraint_builder_2d.cc:294] 0 computations resulted in 0 additional constraints.
[cartographer_node-1] [INFO] [1778748769.000531773] [cartographer logger]: I0514 17:52:49.000000 99050 constraint_builder_2d.cc:296] Score histogram:
[cartographer_node-1] Count: 29  Min: 0.585958  Max: 0.842654  Mean: 0.70017
[cartographer_node-1] [0.585958, 0.611627)	                  ##	Count: 3 (10.3448%)	Total: 3 (10.3448%)
[cartographer_node-1] [0.611627, 0.637297)	                  ##	Count: 3 (10.3448%)	Total: 6 (20.6897%)
[cartographer_node-1] [0.637297, 0.662966)	                ####	Count: 6 (20.6897%)	Total: 12 (41.3793%)
[cartographer_node-1] [0.662966, 0.688636)	                  ##	Count: 3 (10.3448%)	Total: 15 (51.7241%)
[cartographer_node-1] [0.688636, 0.714306)	                   #	Count: 2 (6.89655%)	Total: 17 (58.6207%)
[cartographer_node-1] [0.714306, 0.739975)	                   #	Count: 2 (6.89655%)	Total: 19 (65.5172%)
[cartographer_node-1] [0.739975, 0.765645)	                  ##	Count: 3 (10.3448%)	Total: 22 (75.8621%)
[cartographer_node-1] [0.765645, 0.791315)	                 ###	Count: 4 (13.7931%)	Total: 26 (89.6552%)
[cartographer_node-1] [0.791315, 0.816984)	                   #	Count: 2 (6.89655%)	Total: 28 (96.5517%)
[cartographer_node-1] [0.816984, 0.842654]	                   #	Count: 1 (3.44828%)	Total: 29 (100%)
[cartographer_node-1] [INFO] [1778748769.068833384] [cartographer logger]: I0514 17:52:49.000000 99049 pose_graph_2d.cc:538] Remaining work items in queue: 0
[cartographer_node-1] [INFO] [1778748769.068879344] [cartographer logger]: I0514 17:52:49.000000 99049 constraint_builder_2d.cc:294] 0 computations resulted in 0 additional constraints.
[cartographer_node-1] [INFO] [1778748769.068926590] [cartographer logger]: I0514 17:52:49.000000 99049 constraint_builder_2d.cc:296] Score histogram:
[cartographer_node-1] Count: 29  Min: 0.585958  Max: 0.842654  Mean: 0.70017
[cartographer_node-1] [0.585958, 0.611627)	                  ##	Count: 3 (10.3448%)	Total: 3 (10.3448%)
[cartographer_node-1] [0.611627, 0.637297)	                  ##	Count: 3 (10.3448%)	Total: 6 (20.6897%)
[cartographer_node-1] [0.637297, 0.662966)	                ####	Count: 6 (20.6897%)	Total: 12 (41.3793%)
[cartographer_node-1] [0.662966, 0.688636)	                  ##	Count: 3 (10.3448%)	Total: 15 (51.7241%)
[cartographer_node-1] [0.688636, 0.714306)	                   #	Count: 2 (6.89655%)	Total: 17 (58.6207%)
[cartographer_node-1] [0.714306, 0.739975)	                   #	Count: 2 (6.89655%)	Total: 19 (65.5172%)
[cartographer_node-1] [0.739975, 0.765645)	                  ##	Count: 3 (10.3448%)	Total: 22 (75.8621%)
[cartographer_node-1] [0.765645, 0.791315)	                 ###	Count: 4 (13.7931%)	Total: 26 (89.6552%)
[cartographer_node-1] [0.791315, 0.816984)	                   #	Count: 2 (6.89655%)	Total: 28 (96.5517%)
[cartographer_node-1] [0.816984, 0.842654]	                   #	Count: 1 (3.44828%)	Total: 29 (100%)
[cartographer_node-1] [INFO] [1778748769.151545576] [cartographer logger]: I0514 17:52:49.000000 99050 pose_graph_2d.cc:538] Remaining work items in queue: 1
[cartographer_node-1] [INFO] [1778748769.151590377] [cartographer logger]: I0514 17:52:49.000000 99050 constraint_builder_2d.cc:294] 0 computations resulted in 0 additional constraints.
[cartographer_node-1] [INFO] [1778748769.151858430] [cartographer logger]: I0514 17:52:49.000000 99050 constraint_builder_2d.cc:296] Score histogram:
[cartographer_node-1] Count: 29  Min: 0.585958  Max: 0.842654  Mean: 0.70017
[cartographer_node-1] [0.585958, 0.611627)	                  ##	Count: 3 (10.3448%)	Total: 3 (10.3448%)
[cartographer_node-1] [0.611627, 0.637297)	                  ##	Count: 3 (10.3448%)	Total: 6 (20.6897%)
[cartographer_node-1] [0.637297, 0.662966)	                ####	Count: 6 (20.6897%)	Total: 12 (41.3793%)
[cartographer_node-1] [0.662966, 0.688636)	                  ##	Count: 3 (10.3448%)	Total: 15 (51.7241%)
[cartographer_node-1] [0.688636, 0.714306)	                   #	Count: 2 (6.89655%)	Total: 17 (58.6207%)
[cartographer_node-1] [0.714306, 0.739975)	                   #	Count: 2 (6.89655%)	Total: 19 (65.5172%)
[cartographer_node-1] [0.739975, 0.765645)	                  ##	Count: 3 (10.3448%)	Total: 22 (75.8621%)
[cartographer_node-1] [0.765645, 0.791315)	                 ###	Count: 4 (13.7931%)	Total: 26 (89.6552%)
[cartographer_node-1] [0.791315, 0.816984)	                   #	Count: 2 (6.89655%)	Total: 28 (96.5517%)
[cartographer_node-1] [0.816984, 0.842654]	                   #	Count: 1 (3.44828%)	Total: 29 (100%)
[cartographer_node-1] [INFO] [1778748769.219790954] [cartographer logger]: I0514 17:52:49.000000 99050 pose_graph_2d.cc:538] Remaining work items in queue: 1
[cartographer_node-1] [INFO] [1778748769.219814570] [cartographer logger]: I0514 17:52:49.000000 99050 constraint_builder_2d.cc:294] 0 computations resulted in 0 additional constraints.
[cartographer_node-1] [INFO] [1778748769.219886746] [cartographer logger]: I0514 17:52:49.000000 99050 constraint_builder_2d.cc:296] Score histogram:
[cartographer_node-1] Count: 29  Min: 0.585958  Max: 0.842654  Mean: 0.70017
[cartographer_node-1] [0.585958, 0.611627)	                  ##	Count: 3 (10.3448%)	Total: 3 (10.3448%)
[cartographer_node-1] [0.611627, 0.637297)	                  ##	Count: 3 (10.3448%)	Total: 6 (20.6897%)
[cartographer_node-1] [0.637297, 0.662966)	                ####	Count: 6 (20.6897%)	Total: 12 (41.3793%)
[cartographer_node-1] [0.662966, 0.688636)	                  ##	Count: 3 (10.3448%)	Total: 15 (51.7241%)
[cartographer_node-1] [0.688636, 0.714306)	                   #	Count: 2 (6.89655%)	Total: 17 (58.6207%)
[cartographer_node-1] [0.714306, 0.739975)	                   #	Count: 2 (6.89655%)	Total: 19 (65.5172%)
[cartographer_node-1] [0.739975, 0.765645)	                  ##	Count: 3 (10.3448%)	Total: 22 (75.8621%)
[cartographer_node-1] [0.765645, 0.791315)	                 ###	Count: 4 (13.7931%)	Total: 26 (89.6552%)
[cartographer_node-1] [0.791315, 0.816984)	                   #	Count: 2 (6.89655%)	Total: 28 (96.5517%)
[cartographer_node-1] [0.816984, 0.842654]	                   #	Count: 1 (3.44828%)	Total: 29 (100%)
[cartographer_node-1] [INFO] [1778748769.312308306] [cartographer logger]: I0514 17:52:49.000000 99048 pose_graph_2d.cc:538] Remaining work items in queue: 1
[cartographer_node-1] [INFO] [1778748769.312333402] [cartographer logger]: I0514 17:52:49.000000 99048 constraint_builder_2d.cc:294] 1 computations resulted in 0 additional constraints.
[cartographer_node-1] [INFO] [1778748769.312351429] [cartographer logger]: I0514 17:52:49.000000 99048 constraint_builder_2d.cc:296] Score histogram:
[cartographer_node-1] Count: 29  Min: 0.585958  Max: 0.842654  Mean: 0.70017
[cartographer_node-1] [0.585958, 0.611627)	                  ##	Count: 3 (10.3448%)	Total: 3 (10.3448%)
[cartographer_node-1] [0.611627, 0.637297)	                  ##	Count: 3 (10.3448%)	Total: 6 (20.6897%)
[cartographer_node-1] [0.637297, 0.662966)	                ####	Count: 6 (20.6897%)	Total: 12 (41.3793%)
[cartographer_node-1] [0.662966, 0.688636)	                  ##	Count: 3 (10.3448%)	Total: 15 (51.7241%)
[cartographer_node-1] [0.688636, 0.714306)	                   #	Count: 2 (6.89655%)	Total: 17 (58.6207%)
[cartographer_node-1] [0.714306, 0.739975)	                   #	Count: 2 (6.89655%)	Total: 19 (65.5172%)
[cartographer_node-1] [0.739975, 0.765645)	                  ##	Count: 3 (10.3448%)	Total: 22 (75.8621%)
[cartographer_node-1] [0.765645, 0.791315)	                 ###	Count: 4 (13.7931%)	Total: 26 (89.6552%)
[cartographer_node-1] [0.791315, 0.816984)	                   #	Count: 2 (6.89655%)	Total: 28 (96.5517%)
[cartographer_node-1] [0.816984, 0.842654]	                   #	Count: 1 (3.44828%)	Total: 29 (100%)
[cartographer_node-1] [INFO] [1778748769.370716126] [cartographer logger]: I0514 17:52:49.000000 99050 pose_graph_2d.cc:538] Remaining work items in queue: 1
[cartographer_node-1] [INFO] [1778748769.370748387] [cartographer logger]: I0514 17:52:49.000000 99050 constraint_builder_2d.cc:294] 0 computations resulted in 0 additional constraints.
[cartographer_node-1] [INFO] [1778748769.371115171] [cartographer logger]: I0514 17:52:49.000000 99050 constraint_builder_2d.cc:296] Score histogram:
[cartographer_node-1] Count: 29  Min: 0.585958  Max: 0.842654  Mean: 0.70017
[cartographer_node-1] [0.585958, 0.611627)	                  ##	Count: 3 (10.3448%)	Total: 3 (10.3448%)
[cartographer_node-1] [0.611627, 0.637297)	                  ##	Count: 3 (10.3448%)	Total: 6 (20.6897%)
[cartographer_node-1] [0.637297, 0.662966)	                ####	Count: 6 (20.6897%)	Total: 12 (41.3793%)
[cartographer_node-1] [0.662966, 0.688636)	                  ##	Count: 3 (10.3448%)	Total: 15 (51.7241%)
[cartographer_node-1] [0.688636, 0.714306)	                   #	Count: 2 (6.89655%)	Total: 17 (58.6207%)
[cartographer_node-1] [0.714306, 0.739975)	                   #	Count: 2 (6.89655%)	Total: 19 (65.5172%)
[cartographer_node-1] [0.739975, 0.765645)	                  ##	Count: 3 (10.3448%)	Total: 22 (75.8621%)
[cartographer_node-1] [0.765645, 0.791315)	                 ###	Count: 4 (13.7931%)	Total: 26 (89.6552%)
[cartographer_node-1] [0.791315, 0.816984)	                   #	Count: 2 (6.89655%)	Total: 28 (96.5517%)
[cartographer_node-1] [0.816984, 0.842654]	                   #	Count: 1 (3.44828%)	Total: 29 (100%)
[cartographer_node-1] [INFO] [1778748769.564033433] [cartographer logger]: I0514 17:52:49.000000 99049 pose_graph_2d.cc:538] Remaining work items in queue: 0
[cartographer_node-1] [INFO] [1778748769.564061974] [cartographer logger]: I0514 17:52:49.000000 99049 constraint_builder_2d.cc:294] 0 computations resulted in 0 additional constraints.
[cartographer_node-1] [INFO] [1778748769.564487587] [cartographer logger]: I0514 17:52:49.000000 99049 constraint_builder_2d.cc:296] Score histogram:
[cartographer_node-1] Count: 29  Min: 0.585958  Max: 0.842654  Mean: 0.70017
[cartographer_node-1] [0.585958, 0.611627)	                  ##	Count: 3 (10.3448%)	Total: 3 (10.3448%)
[cartographer_node-1] [0.611627, 0.637297)	                  ##	Count: 3 (10.3448%)	Total: 6 (20.6897%)
[cartographer_node-1] [0.637297, 0.662966)	                ####	Count: 6 (20.6897%)	Total: 12 (41.3793%)
[cartographer_node-1] [0.662966, 0.688636)	                  ##	Count: 3 (10.3448%)	Total: 15 (51.7241%)
[cartographer_node-1] [0.688636, 0.714306)	                   #	Count: 2 (6.89655%)	Total: 17 (58.6207%)
[cartographer_node-1] [0.714306, 0.739975)	                   #	Count: 2 (6.89655%)	Total: 19 (65.5172%)
[cartographer_node-1] [0.739975, 0.765645)	                  ##	Count: 3 (10.3448%)	Total: 22 (75.8621%)
[cartographer_node-1] [0.765645, 0.791315)	                 ###	Count: 4 (13.7931%)	Total: 26 (89.6552%)
[cartographer_node-1] [0.791315, 0.816984)	                   #	Count: 2 (6.89655%)	Total: 28 (96.5517%)
[cartographer_node-1] [0.816984, 0.842654]	                   #	Count: 1 (3.44828%)	Total: 29 (100%)
[cartographer_node-1] [INFO] [1778748769.622310544] [cartographer logger]: I0514 17:52:49.000000 99050 pose_graph_2d.cc:538] Remaining work items in queue: 1
[cartographer_node-1] [INFO] [1778748769.622362432] [cartographer logger]: I0514 17:52:49.000000 99050 constraint_builder_2d.cc:294] 0 computations resulted in 0 additional constraints.
[cartographer_node-1] [INFO] [1778748769.622788728] [cartographer logger]: I0514 17:52:49.000000 99050 constraint_builder_2d.cc:296] Score histogram:
[cartographer_node-1] Count: 29  Min: 0.585958  Max: 0.842654  Mean: 0.70017
[cartographer_node-1] [0.585958, 0.611627)	                  ##	Count: 3 (10.3448%)	Total: 3 (10.3448%)
[cartographer_node-1] [0.611627, 0.637297)	                  ##	Count: 3 (10.3448%)	Total: 6 (20.6897%)
[cartographer_node-1] [0.637297, 0.662966)	                ####	Count: 6 (20.6897%)	Total: 12 (41.3793%)
[cartographer_node-1] [0.662966, 0.688636)	                  ##	Count: 3 (10.3448%)	Total: 15 (51.7241%)
[cartographer_node-1] [0.688636, 0.714306)	                   #	Count: 2 (6.89655%)	Total: 17 (58.6207%)
[cartographer_node-1] [0.714306, 0.739975)	                   #	Count: 2 (6.89655%)	Total: 19 (65.5172%)
[cartographer_node-1] [0.739975, 0.765645)	                  ##	Count: 3 (10.3448%)	Total: 22 (75.8621%)
[cartographer_node-1] [0.765645, 0.791315)	                 ###	Count: 4 (13.7931%)	Total: 26 (89.6552%)
[cartographer_node-1] [0.791315, 0.816984)	                   #	Count: 2 (6.89655%)	Total: 28 (96.5517%)
[cartographer_node-1] [0.816984, 0.842654]	                   #	Count: 1 (3.44828%)	Total: 29 (100%)
[cartographer_node-1] [INFO] [1778748769.715272647] [cartographer logger]: I0514 17:52:49.000000 99048 pose_graph_2d.cc:538] Remaining work items in queue: 1
[cartographer_node-1] [INFO] [1778748769.738543338] [cartographer logger]: I0514 17:52:49.000000 99049 constraint_builder_2d.cc:279] Node (1, 485) with 192 points on submap (0, 10) matches with score 63.8%.
[cartographer_node-1] [INFO] [1778748769.738592892] [cartographer logger]: I0514 17:52:49.000000 99049 constraint_builder_2d.cc:294] 1 computations resulted in 1 additional constraints.
[cartographer_node-1] [INFO] [1778748769.738633584] [cartographer logger]: I0514 17:52:49.000000 99049 constraint_builder_2d.cc:296] Score histogram:
[cartographer_node-1] Count: 30  Min: 0.585958  Max: 0.842654  Mean: 0.69811
[cartographer_node-1] [0.585958, 0.611627)	                  ##	Count: 3 (10%)	Total: 3 (10%)
[cartographer_node-1] [0.611627, 0.637297)	                  ##	Count: 3 (10%)	Total: 6 (20%)
[cartographer_node-1] [0.637297, 0.662966)	               #####	Count: 7 (23.3333%)	Total: 13 (43.3333%)
[cartographer_node-1] [0.662966, 0.688636)	                  ##	Count: 3 (10%)	Total: 16 (53.3333%)
[cartographer_node-1] [0.688636, 0.714306)	                   #	Count: 2 (6.66667%)	Total: 18 (60%)
[cartographer_node-1] [0.714306, 0.739975)	                   #	Count: 2 (6.66667%)	Total: 20 (66.6667%)
[cartographer_node-1] [0.739975, 0.765645)	                  ##	Count: 3 (10%)	Total: 23 (76.6667%)
[cartographer_node-1] [0.765645, 0.791315)	                 ###	Count: 4 (13.3333%)	Total: 27 (90%)
[cartographer_node-1] [0.791315, 0.816984)	                   #	Count: 2 (6.66667%)	Total: 29 (96.6667%)
[cartographer_node-1] [0.816984, 0.842654]	                   #	Count: 1 (3.33333%)	Total: 30 (100%)
[cartographer_node-1] [INFO] [1778748769.762556416] [cartographer logger]: I0514 17:52:49.000000 99047 pose_graph_2d.cc:538] Remaining work items in queue: 0
[cartographer_node-1] [INFO] [1778748769.762585044] [cartographer logger]: I0514 17:52:49.000000 99047 constraint_builder_2d.cc:294] 0 computations resulted in 0 additional constraints.
[cartographer_node-1] [INFO] [1778748769.762609317] [cartographer logger]: I0514 17:52:49.000000 99047 constraint_builder_2d.cc:296] Score histogram:
[cartographer_node-1] Count: 30  Min: 0.585958  Max: 0.842654  Mean: 0.69811
[cartographer_node-1] [0.585958, 0.611627)	                  ##	Count: 3 (10%)	Total: 3 (10%)
[cartographer_node-1] [0.611627, 0.637297)	                  ##	Count: 3 (10%)	Total: 6 (20%)
[cartographer_node-1] [0.637297, 0.662966)	               #####	Count: 7 (23.3333%)	Total: 13 (43.3333%)
[cartographer_node-1] [0.662966, 0.688636)	                  ##	Count: 3 (10%)	Total: 16 (53.3333%)
[cartographer_node-1] [0.688636, 0.714306)	                   #	Count: 2 (6.66667%)	Total: 18 (60%)
[cartographer_node-1] [0.714306, 0.739975)	                   #	Count: 2 (6.66667%)	Total: 20 (66.6667%)
[cartographer_node-1] [0.739975, 0.765645)	                  ##	Count: 3 (10%)	Total: 23 (76.6667%)
[cartographer_node-1] [0.765645, 0.791315)	                 ###	Count: 4 (13.3333%)	Total: 27 (90%)
[cartographer_node-1] [0.791315, 0.816984)	                   #	Count: 2 (6.66667%)	Total: 29 (96.6667%)
[cartographer_node-1] [0.816984, 0.842654]	                   #	Count: 1 (3.33333%)	Total: 30 (100%)
[cartographer_node-1] [INFO] [1778748769.838943782] [cartographer logger]: I0514 17:52:49.000000 99049 pose_graph_2d.cc:538] Remaining work items in queue: 1
[cartographer_node-1] [INFO] [1778748769.838969288] [cartographer logger]: I0514 17:52:49.000000 99049 constraint_builder_2d.cc:294] 0 computations resulted in 0 additional constraints.
[cartographer_node-1] [INFO] [1778748769.839315657] [cartographer logger]: I0514 17:52:49.000000 99049 constraint_builder_2d.cc:296] Score histogram:
[cartographer_node-1] Count: 30  Min: 0.585958  Max: 0.842654  Mean: 0.69811
[cartographer_node-1] [0.585958, 0.611627)	                  ##	Count: 3 (10%)	Total: 3 (10%)
[cartographer_node-1] [0.611627, 0.637297)	                  ##	Count: 3 (10%)	Total: 6 (20%)
[cartographer_node-1] [0.637297, 0.662966)	               #####	Count: 7 (23.3333%)	Total: 13 (43.3333%)
[cartographer_node-1] [0.662966, 0.688636)	                  ##	Count: 3 (10%)	Total: 16 (53.3333%)
[cartographer_node-1] [0.688636, 0.714306)	                   #	Count: 2 (6.66667%)	Total: 18 (60%)
[cartographer_node-1] [0.714306, 0.739975)	                   #	Count: 2 (6.66667%)	Total: 20 (66.6667%)
[cartographer_node-1] [0.739975, 0.765645)	                  ##	Count: 3 (10%)	Total: 23 (76.6667%)
[cartographer_node-1] [0.765645, 0.791315)	                 ###	Count: 4 (13.3333%)	Total: 27 (90%)
[cartographer_node-1] [0.791315, 0.816984)	                   #	Count: 2 (6.66667%)	Total: 29 (96.6667%)
[cartographer_node-1] [0.816984, 0.842654]	                   #	Count: 1 (3.33333%)	Total: 30 (100%)
[cartographer_node-1] [INFO] [1778748769.914589563] [cartographer logger]: I0514 17:52:49.000000 99049 pose_graph_2d.cc:538] Remaining work items in queue: 2
[cartographer_node-1] [INFO] [1778748769.914614705] [cartographer logger]: I0514 17:52:49.000000 99049 constraint_builder_2d.cc:294] 0 computations resulted in 0 additional constraints.
[cartographer_node-1] [INFO] [1778748769.914712188] [cartographer logger]: I0514 17:52:49.000000 99049 constraint_builder_2d.cc:296] Score histogram:
[cartographer_node-1] Count: 30  Min: 0.585958  Max: 0.842654  Mean: 0.69811
[cartographer_node-1] [0.585958, 0.611627)	                  ##	Count: 3 (10%)	Total: 3 (10%)
[cartographer_node-1] [0.611627, 0.637297)	                  ##	Count: 3 (10%)	Total: 6 (20%)
[cartographer_node-1] [0.637297, 0.662966)	               #####	Count: 7 (23.3333%)	Total: 13 (43.3333%)
[cartographer_node-1] [0.662966, 0.688636)	                  ##	Count: 3 (10%)	Total: 16 (53.3333%)
[cartographer_node-1] [0.688636, 0.714306)	                   #	Count: 2 (6.66667%)	Total: 18 (60%)
[cartographer_node-1] [0.714306, 0.739975)	                   #	Count: 2 (6.66667%)	Total: 20 (66.6667%)
[cartographer_node-1] [0.739975, 0.765645)	                  ##	Count: 3 (10%)	Total: 23 (76.6667%)
[cartographer_node-1] [0.765645, 0.791315)	                 ###	Count: 4 (13.3333%)	Total: 27 (90%)
[cartographer_node-1] [0.791315, 0.816984)	                   #	Count: 2 (6.66667%)	Total: 29 (96.6667%)
[cartographer_node-1] [0.816984, 0.842654]	                   #	Count: 1 (3.33333%)	Total: 30 (100%)
[cartographer_node-1] [INFO] [1778748770.016811815] [cartographer logger]: I0514 17:52:50.000000 99049 pose_graph_2d.cc:538] Remaining work items in queue: 1
[cartographer_node-1] [INFO] [1778748770.016840229] [cartographer logger]: I0514 17:52:50.000000 99049 constraint_builder_2d.cc:294] 0 computations resulted in 0 additional constraints.
[cartographer_node-1] [INFO] [1778748770.017234285] [cartographer logger]: I0514 17:52:50.000000 99049 constraint_builder_2d.cc:296] Score histogram:
[cartographer_node-1] Count: 30  Min: 0.585958  Max: 0.842654  Mean: 0.69811
[cartographer_node-1] [0.585958, 0.611627)	                  ##	Count: 3 (10%)	Total: 3 (10%)
[cartographer_node-1] [0.611627, 0.637297)	                  ##	Count: 3 (10%)	Total: 6 (20%)
[cartographer_node-1] [0.637297, 0.662966)	               #####	Count: 7 (23.3333%)	Total: 13 (43.3333%)
[cartographer_node-1] [0.662966, 0.688636)	                  ##	Count: 3 (10%)	Total: 16 (53.3333%)
[cartographer_node-1] [0.688636, 0.714306)	                   #	Count: 2 (6.66667%)	Total: 18 (60%)
[cartographer_node-1] [0.714306, 0.739975)	                   #	Count: 2 (6.66667%)	Total: 20 (66.6667%)
[cartographer_node-1] [0.739975, 0.765645)	                  ##	Count: 3 (10%)	Total: 23 (76.6667%)
[cartographer_node-1] [0.765645, 0.791315)	                 ###	Count: 4 (13.3333%)	Total: 27 (90%)
[cartographer_node-1] [0.791315, 0.816984)	                   #	Count: 2 (6.66667%)	Total: 29 (96.6667%)
[cartographer_node-1] [0.816984, 0.842654]	                   #	Count: 1 (3.33333%)	Total: 30 (100%)
[cartographer_node-1] [INFO] [1778748770.064757269] [cartographer logger]: I0514 17:52:50.000000 99048 pose_graph_2d.cc:538] Remaining work items in queue: 1
[cartographer_node-1] [INFO] [1778748770.096760284] [cartographer logger]: I0514 17:52:50.000000 99050 constraint_builder_2d.cc:294] 1 computations resulted in 0 additional constraints.
[cartographer_node-1] [INFO] [1778748770.096793277] [cartographer logger]: I0514 17:52:50.000000 99050 constraint_builder_2d.cc:296] Score histogram:
[cartographer_node-1] Count: 30  Min: 0.585958  Max: 0.842654  Mean: 0.69811
[cartographer_node-1] [0.585958, 0.611627)	                  ##	Count: 3 (10%)	Total: 3 (10%)
[cartographer_node-1] [0.611627, 0.637297)	                  ##	Count: 3 (10%)	Total: 6 (20%)
[cartographer_node-1] [0.637297, 0.662966)	               #####	Count: 7 (23.3333%)	Total: 13 (43.3333%)
[cartographer_node-1] [0.662966, 0.688636)	                  ##	Count: 3 (10%)	Total: 16 (53.3333%)
[cartographer_node-1] [0.688636, 0.714306)	                   #	Count: 2 (6.66667%)	Total: 18 (60%)
[cartographer_node-1] [0.714306, 0.739975)	                   #	Count: 2 (6.66667%)	Total: 20 (66.6667%)
[cartographer_node-1] [0.739975, 0.765645)	                  ##	Count: 3 (10%)	Total: 23 (76.6667%)
[cartographer_node-1] [0.765645, 0.791315)	                 ###	Count: 4 (13.3333%)	Total: 27 (90%)
[cartographer_node-1] [0.791315, 0.816984)	                   #	Count: 2 (6.66667%)	Total: 29 (96.6667%)
[cartographer_node-1] [0.816984, 0.842654]	                   #	Count: 1 (3.33333%)	Total: 30 (100%)
[cartographer_node-1] [INFO] [1778748770.130378512] [cartographer logger]: I0514 17:52:50.000000 99049 pose_graph_2d.cc:538] Remaining work items in queue: 0
[cartographer_node-1] [INFO] [1778748770.130401575] [cartographer logger]: I0514 17:52:50.000000 99049 constraint_builder_2d.cc:294] 0 computations resulted in 0 additional constraints.
[cartographer_node-1] [INFO] [1778748770.130670618] [cartographer logger]: I0514 17:52:50.000000 99049 constraint_builder_2d.cc:296] Score histogram:
[cartographer_node-1] Count: 30  Min: 0.585958  Max: 0.842654  Mean: 0.69811
[cartographer_node-1] [0.585958, 0.611627)	                  ##	Count: 3 (10%)	Total: 3 (10%)
[cartographer_node-1] [0.611627, 0.637297)	                  ##	Count: 3 (10%)	Total: 6 (20%)
[cartographer_node-1] [0.637297, 0.662966)	               #####	Count: 7 (23.3333%)	Total: 13 (43.3333%)
[cartographer_node-1] [0.662966, 0.688636)	                  ##	Count: 3 (10%)	Total: 16 (53.3333%)
[cartographer_node-1] [0.688636, 0.714306)	                   #	Count: 2 (6.66667%)	Total: 18 (60%)
[cartographer_node-1] [0.714306, 0.739975)	                   #	Count: 2 (6.66667%)	Total: 20 (66.6667%)
[cartographer_node-1] [0.739975, 0.765645)	                  ##	Count: 3 (10%)	Total: 23 (76.6667%)
[cartographer_node-1] [0.765645, 0.791315)	                 ###	Count: 4 (13.3333%)	Total: 27 (90%)
[cartographer_node-1] [0.791315, 0.816984)	                   #	Count: 2 (6.66667%)	Total: 29 (96.6667%)
[cartographer_node-1] [0.816984, 0.842654]	                   #	Count: 1 (3.33333%)	Total: 30 (100%)
[cartographer_node-1] [INFO] [1778748770.216556740] [cartographer logger]: I0514 17:52:50.000000 99048 pose_graph_2d.cc:538] Remaining work items in queue: 0
[cartographer_node-1] [INFO] [1778748770.216582541] [cartographer logger]: I0514 17:52:50.000000 99048 constraint_builder_2d.cc:294] 0 computations resulted in 0 additional constraints.
[cartographer_node-1] [INFO] [1778748770.217129376] [cartographer logger]: I0514 17:52:50.000000 99048 constraint_builder_2d.cc:296] Score histogram:
[cartographer_node-1] Count: 30  Min: 0.585958  Max: 0.842654  Mean: 0.69811
[cartographer_node-1] [0.585958, 0.611627)	                  ##	Count: 3 (10%)	Total: 3 (10%)
[cartographer_node-1] [0.611627, 0.637297)	                  ##	Count: 3 (10%)	Total: 6 (20%)
[cartographer_node-1] [0.637297, 0.662966)	               #####	Count: 7 (23.3333%)	Total: 13 (43.3333%)
[cartographer_node-1] [0.662966, 0.688636)	                  ##	Count: 3 (10%)	Total: 16 (53.3333%)
[cartographer_node-1] [0.688636, 0.714306)	                   #	Count: 2 (6.66667%)	Total: 18 (60%)
[cartographer_node-1] [0.714306, 0.739975)	                   #	Count: 2 (6.66667%)	Total: 20 (66.6667%)
[cartographer_node-1] [0.739975, 0.765645)	                  ##	Count: 3 (10%)	Total: 23 (76.6667%)
[cartographer_node-1] [0.765645, 0.791315)	                 ###	Count: 4 (13.3333%)	Total: 27 (90%)
[cartographer_node-1] [0.791315, 0.816984)	                   #	Count: 2 (6.66667%)	Total: 29 (96.6667%)
[cartographer_node-1] [0.816984, 0.842654]	                   #	Count: 1 (3.33333%)	Total: 30 (100%)
[cartographer_node-1] [INFO] [1778748770.318400096] [cartographer logger]: I0514 17:52:50.000000 99048 pose_graph_2d.cc:538] Remaining work items in queue: 0
[cartographer_node-1] [INFO] [1778748770.318427483] [cartographer logger]: I0514 17:52:50.000000 99048 constraint_builder_2d.cc:294] 0 computations resulted in 0 additional constraints.
[cartographer_node-1] [INFO] [1778748770.318748304] [cartographer logger]: I0514 17:52:50.000000 99048 constraint_builder_2d.cc:296] Score histogram:
[cartographer_node-1] Count: 30  Min: 0.585958  Max: 0.842654  Mean: 0.69811
[cartographer_node-1] [0.585958, 0.611627)	                  ##	Count: 3 (10%)	Total: 3 (10%)
[cartographer_node-1] [0.611627, 0.637297)	                  ##	Count: 3 (10%)	Total: 6 (20%)
[cartographer_node-1] [0.637297, 0.662966)	               #####	Count: 7 (23.3333%)	Total: 13 (43.3333%)
[cartographer_node-1] [0.662966, 0.688636)	                  ##	Count: 3 (10%)	Total: 16 (53.3333%)
[cartographer_node-1] [0.688636, 0.714306)	                   #	Count: 2 (6.66667%)	Total: 18 (60%)
[cartographer_node-1] [0.714306, 0.739975)	                   #	Count: 2 (6.66667%)	Total: 20 (66.6667%)
[cartographer_node-1] [0.739975, 0.765645)	                  ##	Count: 3 (10%)	Total: 23 (76.6667%)
[cartographer_node-1] [0.765645, 0.791315)	                 ###	Count: 4 (13.3333%)	Total: 27 (90%)
[cartographer_node-1] [0.791315, 0.816984)	                   #	Count: 2 (6.66667%)	Total: 29 (96.6667%)
[cartographer_node-1] [0.816984, 0.842654]	                   #	Count: 1 (3.33333%)	Total: 30 (100%)
[cartographer_node-1] [INFO] [1778748770.467360876] [cartographer logger]: I0514 17:52:50.000000 99049 pose_graph_2d.cc:538] Remaining work items in queue: 0
[cartographer_node-1] [INFO] [1778748770.467382564] [cartographer logger]: I0514 17:52:50.000000 99049 constraint_builder_2d.cc:294] 0 computations resulted in 0 additional constraints.
[cartographer_node-1] [INFO] [1778748770.467440472] [cartographer logger]: I0514 17:52:50.000000 99049 constraint_builder_2d.cc:296] Score histogram:
[cartographer_node-1] Count: 30  Min: 0.585958  Max: 0.842654  Mean: 0.69811
[cartographer_node-1] [0.585958, 0.611627)	                  ##	Count: 3 (10%)	Total: 3 (10%)
[cartographer_node-1] [0.611627, 0.637297)	                  ##	Count: 3 (10%)	Total: 6 (20%)
[cartographer_node-1] [0.637297, 0.662966)	               #####	Count: 7 (23.3333%)	Total: 13 (43.3333%)
[cartographer_node-1] [0.662966, 0.688636)	                  ##	Count: 3 (10%)	Total: 16 (53.3333%)
[cartographer_node-1] [0.688636, 0.714306)	                   #	Count: 2 (6.66667%)	Total: 18 (60%)
[cartographer_node-1] [0.714306, 0.739975)	                   #	Count: 2 (6.66667%)	Total: 20 (66.6667%)
[cartographer_node-1] [0.739975, 0.765645)	                  ##	Count: 3 (10%)	Total: 23 (76.6667%)
[cartographer_node-1] [0.765645, 0.791315)	                 ###	Count: 4 (13.3333%)	Total: 27 (90%)
[cartographer_node-1] [0.791315, 0.816984)	                   #	Count: 2 (6.66667%)	Total: 29 (96.6667%)
[cartographer_node-1] [0.816984, 0.842654]	                   #	Count: 1 (3.33333%)	Total: 30 (100%)
[cartographer_node-1] [INFO] [1778748770.515841243] [cartographer logger]: I0514 17:52:50.000000 99047 pose_graph_2d.cc:538] Remaining work items in queue: 2
[cartographer_node-1] [INFO] [1778748770.535703590] [cartographer logger]: I0514 17:52:50.000000 99048 constraint_builder_2d.cc:279] Node (1, 514) with 170 points on submap (0, 4) matches with score 62.0%.
[cartographer_node-1] [INFO] [1778748770.535759165] [cartographer logger]: I0514 17:52:50.000000 99048 constraint_builder_2d.cc:294] 1 computations resulted in 1 additional constraints.
[cartographer_node-1] [INFO] [1778748770.535792389] [cartographer logger]: I0514 17:52:50.000000 99048 constraint_builder_2d.cc:296] Score histogram:
[cartographer_node-1] Count: 31  Min: 0.585958  Max: 0.842654  Mean: 0.695579
[cartographer_node-1] [0.585958, 0.611627)	                  ##	Count: 3 (9.67742%)	Total: 3 (9.67742%)
[cartographer_node-1] [0.611627, 0.637297)	                 ###	Count: 4 (12.9032%)	Total: 7 (22.5806%)
[cartographer_node-1] [0.637297, 0.662966)	               #####	Count: 7 (22.5806%)	Total: 14 (45.1613%)
[cartographer_node-1] [0.662966, 0.688636)	                  ##	Count: 3 (9.67742%)	Total: 17 (54.8387%)
[cartographer_node-1] [0.688636, 0.714306)	                   #	Count: 2 (6.45161%)	Total: 19 (61.2903%)
[cartographer_node-1] [0.714306, 0.739975)	                   #	Count: 2 (6.45161%)	Total: 21 (67.7419%)
[cartographer_node-1] [0.739975, 0.765645)	                  ##	Count: 3 (9.67742%)	Total: 24 (77.4194%)
[cartographer_node-1] [0.765645, 0.791315)	                 ###	Count: 4 (12.9032%)	Total: 28 (90.3226%)
[cartographer_node-1] [0.791315, 0.816984)	                   #	Count: 2 (6.45161%)	Total: 30 (96.7742%)
[cartographer_node-1] [0.816984, 0.842654]	                   #	Count: 1 (3.22581%)	Total: 31 (100%)
[cartographer_node-1] [INFO] [1778748770.592633305] [cartographer logger]: I0514 17:52:50.000000 99050 pose_graph_2d.cc:538] Remaining work items in queue: 0
[cartographer_node-1] [INFO] [1778748770.592676908] [cartographer logger]: I0514 17:52:50.000000 99050 constraint_builder_2d.cc:294] 0 computations resulted in 0 additional constraints.
[cartographer_node-1] [INFO] [1778748770.593257726] [cartographer logger]: I0514 17:52:50.000000 99050 constraint_builder_2d.cc:296] Score histogram:
[cartographer_node-1] Count: 31  Min: 0.585958  Max: 0.842654  Mean: 0.695579
[cartographer_node-1] [0.585958, 0.611627)	                  ##	Count: 3 (9.67742%)	Total: 3 (9.67742%)
[cartographer_node-1] [0.611627, 0.637297)	                 ###	Count: 4 (12.9032%)	Total: 7 (22.5806%)
[cartographer_node-1] [0.637297, 0.662966)	               #####	Count: 7 (22.5806%)	Total: 14 (45.1613%)
[cartographer_node-1] [0.662966, 0.688636)	                  ##	Count: 3 (9.67742%)	Total: 17 (54.8387%)
[cartographer_node-1] [0.688636, 0.714306)	                   #	Count: 2 (6.45161%)	Total: 19 (61.2903%)
[cartographer_node-1] [0.714306, 0.739975)	                   #	Count: 2 (6.45161%)	Total: 21 (67.7419%)
[cartographer_node-1] [0.739975, 0.765645)	                  ##	Count: 3 (9.67742%)	Total: 24 (77.4194%)
[cartographer_node-1] [0.765645, 0.791315)	                 ###	Count: 4 (12.9032%)	Total: 28 (90.3226%)
[cartographer_node-1] [0.791315, 0.816984)	                   #	Count: 2 (6.45161%)	Total: 30 (96.7742%)
[cartographer_node-1] [0.816984, 0.842654]	                   #	Count: 1 (3.22581%)	Total: 31 (100%)
[cartographer_node-1] [INFO] [1778748770.686074979] [cartographer logger]: I0514 17:52:50.000000 99047 pose_graph_2d.cc:538] Remaining work items in queue: 0
[cartographer_node-1] [INFO] [1778748770.686105951] [cartographer logger]: I0514 17:52:50.000000 99047 constraint_builder_2d.cc:294] 0 computations resulted in 0 additional constraints.
[cartographer_node-1] [INFO] [1778748770.686201601] [cartographer logger]: I0514 17:52:50.000000 99047 constraint_builder_2d.cc:296] Score histogram:
[cartographer_node-1] Count: 31  Min: 0.585958  Max: 0.842654  Mean: 0.695579
[cartographer_node-1] [0.585958, 0.611627)	                  ##	Count: 3 (9.67742%)	Total: 3 (9.67742%)
[cartographer_node-1] [0.611627, 0.637297)	                 ###	Count: 4 (12.9032%)	Total: 7 (22.5806%)
[cartographer_node-1] [0.637297, 0.662966)	               #####	Count: 7 (22.5806%)	Total: 14 (45.1613%)
[cartographer_node-1] [0.662966, 0.688636)	                  ##	Count: 3 (9.67742%)	Total: 17 (54.8387%)
[cartographer_node-1] [0.688636, 0.714306)	                   #	Count: 2 (6.45161%)	Total: 19 (61.2903%)
[cartographer_node-1] [0.714306, 0.739975)	                   #	Count: 2 (6.45161%)	Total: 21 (67.7419%)
[cartographer_node-1] [0.739975, 0.765645)	                  ##	Count: 3 (9.67742%)	Total: 24 (77.4194%)
[cartographer_node-1] [0.765645, 0.791315)	                 ###	Count: 4 (12.9032%)	Total: 28 (90.3226%)
[cartographer_node-1] [0.791315, 0.816984)	                   #	Count: 2 (6.45161%)	Total: 30 (96.7742%)
[cartographer_node-1] [0.816984, 0.842654]	                   #	Count: 1 (3.22581%)	Total: 31 (100%)
[cartographer_node-1] [INFO] [1778748770.745208344] [cartographer logger]: I0514 17:52:50.000000 99050 pose_graph_2d.cc:538] Remaining work items in queue: 0
[cartographer_node-1] [INFO] [1778748770.745272646] [cartographer logger]: I0514 17:52:50.000000 99050 constraint_builder_2d.cc:294] 0 computations resulted in 0 additional constraints.
[cartographer_node-1] [INFO] [1778748770.745766804] [cartographer logger]: I0514 17:52:50.000000 99050 constraint_builder_2d.cc:296] Score histogram:
[cartographer_node-1] Count: 31  Min: 0.585958  Max: 0.842654  Mean: 0.695579
[cartographer_node-1] [0.585958, 0.611627)	                  ##	Count: 3 (9.67742%)	Total: 3 (9.67742%)
[cartographer_node-1] [0.611627, 0.637297)	                 ###	Count: 4 (12.9032%)	Total: 7 (22.5806%)
[cartographer_node-1] [0.637297, 0.662966)	               #####	Count: 7 (22.5806%)	Total: 14 (45.1613%)
[cartographer_node-1] [0.662966, 0.688636)	                  ##	Count: 3 (9.67742%)	Total: 17 (54.8387%)
[cartographer_node-1] [0.688636, 0.714306)	                   #	Count: 2 (6.45161%)	Total: 19 (61.2903%)
[cartographer_node-1] [0.714306, 0.739975)	                   #	Count: 2 (6.45161%)	Total: 21 (67.7419%)
[cartographer_node-1] [0.739975, 0.765645)	                  ##	Count: 3 (9.67742%)	Total: 24 (77.4194%)
[cartographer_node-1] [0.765645, 0.791315)	                 ###	Count: 4 (12.9032%)	Total: 28 (90.3226%)
[cartographer_node-1] [0.791315, 0.816984)	                   #	Count: 2 (6.45161%)	Total: 30 (96.7742%)
[cartographer_node-1] [0.816984, 0.842654]	                   #	Count: 1 (3.22581%)	Total: 31 (100%)
[cartographer_node-1] [INFO] [1778748770.839926256] [cartographer logger]: I0514 17:52:50.000000 99048 pose_graph_2d.cc:538] Remaining work items in queue: 2
[cartographer_node-1] [INFO] [1778748770.839948524] [cartographer logger]: I0514 17:52:50.000000 99048 constraint_builder_2d.cc:294] 0 computations resulted in 0 additional constraints.
[cartographer_node-1] [INFO] [1778748770.840070606] [cartographer logger]: I0514 17:52:50.000000 99048 constraint_builder_2d.cc:296] Score histogram:
[cartographer_node-1] Count: 31  Min: 0.585958  Max: 0.842654  Mean: 0.695579
[cartographer_node-1] [0.585958, 0.611627)	                  ##	Count: 3 (9.67742%)	Total: 3 (9.67742%)
[cartographer_node-1] [0.611627, 0.637297)	                 ###	Count: 4 (12.9032%)	Total: 7 (22.5806%)
[cartographer_node-1] [0.637297, 0.662966)	               #####	Count: 7 (22.5806%)	Total: 14 (45.1613%)
[cartographer_node-1] [0.662966, 0.688636)	                  ##	Count: 3 (9.67742%)	Total: 17 (54.8387%)
[cartographer_node-1] [0.688636, 0.714306)	                   #	Count: 2 (6.45161%)	Total: 19 (61.2903%)
[cartographer_node-1] [0.714306, 0.739975)	                   #	Count: 2 (6.45161%)	Total: 21 (67.7419%)
[cartographer_node-1] [0.739975, 0.765645)	                  ##	Count: 3 (9.67742%)	Total: 24 (77.4194%)
[cartographer_node-1] [0.765645, 0.791315)	                 ###	Count: 4 (12.9032%)	Total: 28 (90.3226%)
[cartographer_node-1] [0.791315, 0.816984)	                   #	Count: 2 (6.45161%)	Total: 30 (96.7742%)
[cartographer_node-1] [0.816984, 0.842654]	                   #	Count: 1 (3.22581%)	Total: 31 (100%)
[cartographer_node-1] [INFO] [1778748770.888954577] [cartographer logger]: I0514 17:52:50.000000 99049 constraint_builder_2d.cc:279] Node (1, 528) with 211 points on submap (0, 8) matches with score 67.4%.
[cartographer_node-1] [INFO] [1778748770.919557672] [cartographer logger]: I0514 17:52:50.000000 99050 pose_graph_2d.cc:538] Remaining work items in queue: 0
[cartographer_node-1] [INFO] [1778748770.919583800] [cartographer logger]: I0514 17:52:50.000000 99050 constraint_builder_2d.cc:294] 1 computations resulted in 1 additional constraints.
[cartographer_node-1] [INFO] [1778748770.919974744] [cartographer logger]: I0514 17:52:50.000000 99050 constraint_builder_2d.cc:296] Score histogram:
[cartographer_node-1] Count: 32  Min: 0.585958  Max: 0.842654  Mean: 0.694902
[cartographer_node-1] [0.585958, 0.611627)	                  ##	Count: 3 (9.375%)	Total: 3 (9.375%)
[cartographer_node-1] [0.611627, 0.637297)	                 ###	Count: 4 (12.5%)	Total: 7 (21.875%)
[cartographer_node-1] [0.637297, 0.662966)	                ####	Count: 7 (21.875%)	Total: 14 (43.75%)
[cartographer_node-1] [0.662966, 0.688636)	                 ###	Count: 4 (12.5%)	Total: 18 (56.25%)
[cartographer_node-1] [0.688636, 0.714306)	                   #	Count: 2 (6.25%)	Total: 20 (62.5%)
[cartographer_node-1] [0.714306, 0.739975)	                   #	Count: 2 (6.25%)	Total: 22 (68.75%)
[cartographer_node-1] [0.739975, 0.765645)	                  ##	Count: 3 (9.375%)	Total: 25 (78.125%)
[cartographer_node-1] [0.765645, 0.791315)	                 ###	Count: 4 (12.5%)	Total: 29 (90.625%)
[cartographer_node-1] [0.791315, 0.816984)	                   #	Count: 2 (6.25%)	Total: 31 (96.875%)
[cartographer_node-1] [0.816984, 0.842654]	                   #	Count: 1 (3.125%)	Total: 32 (100%)
[cartographer_node-1] [INFO] [1778748770.962090093] [cartographer logger]: I0514 17:52:50.000000 99047 pose_graph_2d.cc:538] Remaining work items in queue: 1
[cartographer_node-1] [INFO] [1778748770.962114142] [cartographer logger]: I0514 17:52:50.000000 99047 constraint_builder_2d.cc:294] 0 computations resulted in 0 additional constraints.
[cartographer_node-1] [INFO] [1778748770.962260420] [cartographer logger]: I0514 17:52:50.000000 99047 constraint_builder_2d.cc:296] Score histogram:
[cartographer_node-1] Count: 32  Min: 0.585958  Max: 0.842654  Mean: 0.694902
[cartographer_node-1] [0.585958, 0.611627)	                  ##	Count: 3 (9.375%)	Total: 3 (9.375%)
[cartographer_node-1] [0.611627, 0.637297)	                 ###	Count: 4 (12.5%)	Total: 7 (21.875%)
[cartographer_node-1] [0.637297, 0.662966)	                ####	Count: 7 (21.875%)	Total: 14 (43.75%)
[cartographer_node-1] [0.662966, 0.688636)	                 ###	Count: 4 (12.5%)	Total: 18 (56.25%)
[cartographer_node-1] [0.688636, 0.714306)	                   #	Count: 2 (6.25%)	Total: 20 (62.5%)
[cartographer_node-1] [0.714306, 0.739975)	                   #	Count: 2 (6.25%)	Total: 22 (68.75%)
[cartographer_node-1] [0.739975, 0.765645)	                  ##	Count: 3 (9.375%)	Total: 25 (78.125%)
[cartographer_node-1] [0.765645, 0.791315)	                 ###	Count: 4 (12.5%)	Total: 29 (90.625%)
[cartographer_node-1] [0.791315, 0.816984)	                   #	Count: 2 (6.25%)	Total: 31 (96.875%)
[cartographer_node-1] [0.816984, 0.842654]	                   #	Count: 1 (3.125%)	Total: 32 (100%)
[cartographer_node-1] [INFO] [1778748771.039230010] [cartographer logger]: I0514 17:52:51.000000 99049 pose_graph_2d.cc:538] Remaining work items in queue: 1
[cartographer_node-1] [INFO] [1778748771.039279981] [cartographer logger]: I0514 17:52:51.000000 99049 constraint_builder_2d.cc:294] 0 computations resulted in 0 additional constraints.
[cartographer_node-1] [INFO] [1778748771.039302714] [cartographer logger]: I0514 17:52:51.000000 99049 constraint_builder_2d.cc:296] Score histogram:
[cartographer_node-1] Count: 32  Min: 0.585958  Max: 0.842654  Mean: 0.694902
[cartographer_node-1] [0.585958, 0.611627)	                  ##	Count: 3 (9.375%)	Total: 3 (9.375%)
[cartographer_node-1] [0.611627, 0.637297)	                 ###	Count: 4 (12.5%)	Total: 7 (21.875%)
[cartographer_node-1] [0.637297, 0.662966)	                ####	Count: 7 (21.875%)	Total: 14 (43.75%)
[cartographer_node-1] [0.662966, 0.688636)	                 ###	Count: 4 (12.5%)	Total: 18 (56.25%)
[cartographer_node-1] [0.688636, 0.714306)	                   #	Count: 2 (6.25%)	Total: 20 (62.5%)
[cartographer_node-1] [0.714306, 0.739975)	                   #	Count: 2 (6.25%)	Total: 22 (68.75%)
[cartographer_node-1] [0.739975, 0.765645)	                  ##	Count: 3 (9.375%)	Total: 25 (78.125%)
[cartographer_node-1] [0.765645, 0.791315)	                 ###	Count: 4 (12.5%)	Total: 29 (90.625%)
[cartographer_node-1] [0.791315, 0.816984)	                   #	Count: 2 (6.25%)	Total: 31 (96.875%)
[cartographer_node-1] [0.816984, 0.842654]	                   #	Count: 1 (3.125%)	Total: 32 (100%)
[cartographer_node-1] [INFO] [1778748771.119544362] [cartographer logger]: I0514 17:52:51.000000 99047 pose_graph_2d.cc:538] Remaining work items in queue: 2
[cartographer_node-1] [INFO] [1778748771.138655873] [cartographer logger]: I0514 17:52:51.000000 99008 pose_graph_2d.cc:148] Inserted submap (1, 6).
[cartographer_node-1] [INFO] [1778748771.172107483] [cartographer logger]: I0514 17:52:51.000000 99050 constraint_builder_2d.cc:279] Node (0, 1072) with 185 points on submap (1, 4) matches with score 69.9%.
[cartographer_node-1] [INFO] [1778748771.207134810] [cartographer logger]: I0514 17:52:51.000000 99048 constraint_builder_2d.cc:279] Node (0, 672) with 205 points on submap (1, 4) matches with score 58.8%.
[cartographer_node-1] [INFO] [1778748771.208252851] [cartographer logger]: I0514 17:52:51.000000 99047 constraint_builder_2d.cc:279] Node (0, 1272) with 206 points on submap (1, 4) matches with score 63.7%.
[cartographer_node-1] [INFO] [1778748771.250794794] [cartographer logger]: I0514 17:52:51.000000 99049 constraint_builder_2d.cc:279] Node (0, 472) with 185 points on submap (1, 4) matches with score 71.4%.
[cartographer_node-1] [INFO] [1778748771.309034424] [cartographer logger]: I0514 17:52:51.000000 99048 constraint_builder_2d.cc:279] Node (0, 872) with 210 points on submap (1, 4) matches with score 58.5%.
[cartographer_node-1] [INFO] [1778748771.309066823] [cartographer logger]: I0514 17:52:51.000000 99048 constraint_builder_2d.cc:294] 8 computations resulted in 5 additional constraints.
[cartographer_node-1] [INFO] [1778748771.309107490] [cartographer logger]: I0514 17:52:51.000000 99048 constraint_builder_2d.cc:296] Score histogram:
[cartographer_node-1] Count: 37  Min: 0.58493  Max: 0.842654  Mean: 0.6881
[cartographer_node-1] [0.584930, 0.610702)	                 ###	Count: 5 (13.5135%)	Total: 5 (13.5135%)
[cartographer_node-1] [0.610702, 0.636475)	                  ##	Count: 4 (10.8108%)	Total: 9 (24.3243%)
[cartographer_node-1] [0.636475, 0.662247)	                ####	Count: 8 (21.6216%)	Total: 17 (45.9459%)
[cartographer_node-1] [0.662247, 0.688020)	                  ##	Count: 4 (10.8108%)	Total: 21 (56.7568%)
[cartographer_node-1] [0.688020, 0.713792)	                  ##	Count: 3 (8.10811%)	Total: 24 (64.8649%)
[cartographer_node-1] [0.713792, 0.739564)	                  ##	Count: 3 (8.10811%)	Total: 27 (72.973%)
[cartographer_node-1] [0.739564, 0.765337)	                  ##	Count: 3 (8.10811%)	Total: 30 (81.0811%)
[cartographer_node-1] [0.765337, 0.791109)	                  ##	Count: 4 (10.8108%)	Total: 34 (91.8919%)
[cartographer_node-1] [0.791109, 0.816881)	                   #	Count: 2 (5.40541%)	Total: 36 (97.2973%)
[cartographer_node-1] [0.816881, 0.842654]	                   #	Count: 1 (2.7027%)	Total: 37 (100%)
[cartographer_node-1] [INFO] [1778748771.336344173] [cartographer logger]: I0514 17:52:51.000000 99048 pose_graph_2d.cc:538] Remaining work items in queue: 15
[cartographer_node-1] [INFO] [1778748771.367393685] [cartographer logger]: I0514 17:52:51.000000 99047 constraint_builder_2d.cc:294] 1 computations resulted in 0 additional constraints.
[cartographer_node-1] [INFO] [1778748771.367431224] [cartographer logger]: I0514 17:52:51.000000 99047 constraint_builder_2d.cc:296] Score histogram:
[cartographer_node-1] Count: 37  Min: 0.58493  Max: 0.842654  Mean: 0.6881
[cartographer_node-1] [0.584930, 0.610702)	                 ###	Count: 5 (13.5135%)	Total: 5 (13.5135%)
[cartographer_node-1] [0.610702, 0.636475)	                  ##	Count: 4 (10.8108%)	Total: 9 (24.3243%)
[cartographer_node-1] [0.636475, 0.662247)	                ####	Count: 8 (21.6216%)	Total: 17 (45.9459%)
[cartographer_node-1] [0.662247, 0.688020)	                  ##	Count: 4 (10.8108%)	Total: 21 (56.7568%)
[cartographer_node-1] [0.688020, 0.713792)	                  ##	Count: 3 (8.10811%)	Total: 24 (64.8649%)
[cartographer_node-1] [0.713792, 0.739564)	                  ##	Count: 3 (8.10811%)	Total: 27 (72.973%)
[cartographer_node-1] [0.739564, 0.765337)	                  ##	Count: 3 (8.10811%)	Total: 30 (81.0811%)
[cartographer_node-1] [0.765337, 0.791109)	                  ##	Count: 4 (10.8108%)	Total: 34 (91.8919%)
[cartographer_node-1] [0.791109, 0.816881)	                   #	Count: 2 (5.40541%)	Total: 36 (97.2973%)
[cartographer_node-1] [0.816881, 0.842654]	                   #	Count: 1 (2.7027%)	Total: 37 (100%)
[cartographer_node-1] [INFO] [1778748771.383932909] [cartographer logger]: I0514 17:52:51.000000 99047 pose_graph_2d.cc:538] Remaining work items in queue: 13
[cartographer_node-1] [INFO] [1778748771.383960620] [cartographer logger]: I0514 17:52:51.000000 99047 constraint_builder_2d.cc:294] 0 computations resulted in 0 additional constraints.
[cartographer_node-1] [INFO] [1778748771.384016124] [cartographer logger]: I0514 17:52:51.000000 99047 constraint_builder_2d.cc:296] Score histogram:
[cartographer_node-1] Count: 37  Min: 0.58493  Max: 0.842654  Mean: 0.6881
[cartographer_node-1] [0.584930, 0.610702)	                 ###	Count: 5 (13.5135%)	Total: 5 (13.5135%)
[cartographer_node-1] [0.610702, 0.636475)	                  ##	Count: 4 (10.8108%)	Total: 9 (24.3243%)
[cartographer_node-1] [0.636475, 0.662247)	                ####	Count: 8 (21.6216%)	Total: 17 (45.9459%)
[cartographer_node-1] [0.662247, 0.688020)	                  ##	Count: 4 (10.8108%)	Total: 21 (56.7568%)
[cartographer_node-1] [0.688020, 0.713792)	                  ##	Count: 3 (8.10811%)	Total: 24 (64.8649%)
[cartographer_node-1] [0.713792, 0.739564)	                  ##	Count: 3 (8.10811%)	Total: 27 (72.973%)
[cartographer_node-1] [0.739564, 0.765337)	                  ##	Count: 3 (8.10811%)	Total: 30 (81.0811%)
[cartographer_node-1] [0.765337, 0.791109)	                  ##	Count: 4 (10.8108%)	Total: 34 (91.8919%)
[cartographer_node-1] [0.791109, 0.816881)	                   #	Count: 2 (5.40541%)	Total: 36 (97.2973%)
[cartographer_node-1] [0.816881, 0.842654]	                   #	Count: 1 (2.7027%)	Total: 37 (100%)
[cartographer_node-1] [INFO] [1778748771.410947328] [cartographer logger]: I0514 17:52:51.000000 99047 pose_graph_2d.cc:538] Remaining work items in queue: 5
[cartographer_node-1] [INFO] [1778748771.410980291] [cartographer logger]: I0514 17:52:51.000000 99047 constraint_builder_2d.cc:294] 0 computations resulted in 0 additional constraints.
[cartographer_node-1] [INFO] [1778748771.411092999] [cartographer logger]: I0514 17:52:51.000000 99047 constraint_builder_2d.cc:296] Score histogram:
[cartographer_node-1] Count: 37  Min: 0.58493  Max: 0.842654  Mean: 0.6881
[cartographer_node-1] [0.584930, 0.610702)	                 ###	Count: 5 (13.5135%)	Total: 5 (13.5135%)
[cartographer_node-1] [0.610702, 0.636475)	                  ##	Count: 4 (10.8108%)	Total: 9 (24.3243%)
[cartographer_node-1] [0.636475, 0.662247)	                ####	Count: 8 (21.6216%)	Total: 17 (45.9459%)
[cartographer_node-1] [0.662247, 0.688020)	                  ##	Count: 4 (10.8108%)	Total: 21 (56.7568%)
[cartographer_node-1] [0.688020, 0.713792)	                  ##	Count: 3 (8.10811%)	Total: 24 (64.8649%)
[cartographer_node-1] [0.713792, 0.739564)	                  ##	Count: 3 (8.10811%)	Total: 27 (72.973%)
[cartographer_node-1] [0.739564, 0.765337)	                  ##	Count: 3 (8.10811%)	Total: 30 (81.0811%)
[cartographer_node-1] [0.765337, 0.791109)	                  ##	Count: 4 (10.8108%)	Total: 34 (91.8919%)
[cartographer_node-1] [0.791109, 0.816881)	                   #	Count: 2 (5.40541%)	Total: 36 (97.2973%)
[cartographer_node-1] [0.816881, 0.842654]	                   #	Count: 1 (2.7027%)	Total: 37 (100%)
[cartographer_node-1] [INFO] [1778748771.442851607] [cartographer logger]: I0514 17:52:51.000000 99049 pose_graph_2d.cc:538] Remaining work items in queue: 0
[cartographer_node-1] [INFO] [1778748771.442875965] [cartographer logger]: I0514 17:52:51.000000 99049 constraint_builder_2d.cc:294] 0 computations resulted in 0 additional constraints.
[cartographer_node-1] [INFO] [1778748771.442894977] [cartographer logger]: I0514 17:52:51.000000 99049 constraint_builder_2d.cc:296] Score histogram:
[cartographer_node-1] Count: 37  Min: 0.58493  Max: 0.842654  Mean: 0.6881
[cartographer_node-1] [0.584930, 0.610702)	                 ###	Count: 5 (13.5135%)	Total: 5 (13.5135%)
[cartographer_node-1] [0.610702, 0.636475)	                  ##	Count: 4 (10.8108%)	Total: 9 (24.3243%)
[cartographer_node-1] [0.636475, 0.662247)	                ####	Count: 8 (21.6216%)	Total: 17 (45.9459%)
[cartographer_node-1] [0.662247, 0.688020)	                  ##	Count: 4 (10.8108%)	Total: 21 (56.7568%)
[cartographer_node-1] [0.688020, 0.713792)	                  ##	Count: 3 (8.10811%)	Total: 24 (64.8649%)
[cartographer_node-1] [0.713792, 0.739564)	                  ##	Count: 3 (8.10811%)	Total: 27 (72.973%)
[cartographer_node-1] [0.739564, 0.765337)	                  ##	Count: 3 (8.10811%)	Total: 30 (81.0811%)
[cartographer_node-1] [0.765337, 0.791109)	                  ##	Count: 4 (10.8108%)	Total: 34 (91.8919%)
[cartographer_node-1] [0.791109, 0.816881)	                   #	Count: 2 (5.40541%)	Total: 36 (97.2973%)
[cartographer_node-1] [0.816881, 0.842654]	                   #	Count: 1 (2.7027%)	Total: 37 (100%)
[cartographer_node-1] [INFO] [1778748771.519327238] [cartographer logger]: I0514 17:52:51.000000 99050 pose_graph_2d.cc:538] Remaining work items in queue: 0
[cartographer_node-1] [INFO] [1778748771.519373495] [cartographer logger]: I0514 17:52:51.000000 99050 constraint_builder_2d.cc:294] 0 computations resulted in 0 additional constraints.
[cartographer_node-1] [INFO] [1778748771.519419411] [cartographer logger]: I0514 17:52:51.000000 99050 constraint_builder_2d.cc:296] Score histogram:
[cartographer_node-1] Count: 37  Min: 0.58493  Max: 0.842654  Mean: 0.6881
[cartographer_node-1] [0.584930, 0.610702)	                 ###	Count: 5 (13.5135%)	Total: 5 (13.5135%)
[cartographer_node-1] [0.610702, 0.636475)	                  ##	Count: 4 (10.8108%)	Total: 9 (24.3243%)
[cartographer_node-1] [0.636475, 0.662247)	                ####	Count: 8 (21.6216%)	Total: 17 (45.9459%)
[cartographer_node-1] [0.662247, 0.688020)	                  ##	Count: 4 (10.8108%)	Total: 21 (56.7568%)
[cartographer_node-1] [0.688020, 0.713792)	                  ##	Count: 3 (8.10811%)	Total: 24 (64.8649%)
[cartographer_node-1] [0.713792, 0.739564)	                  ##	Count: 3 (8.10811%)	Total: 27 (72.973%)
[cartographer_node-1] [0.739564, 0.765337)	                  ##	Count: 3 (8.10811%)	Total: 30 (81.0811%)
[cartographer_node-1] [0.765337, 0.791109)	                  ##	Count: 4 (10.8108%)	Total: 34 (91.8919%)
[cartographer_node-1] [0.791109, 0.816881)	                   #	Count: 2 (5.40541%)	Total: 36 (97.2973%)
[cartographer_node-1] [0.816881, 0.842654]	                   #	Count: 1 (2.7027%)	Total: 37 (100%)
[cartographer_node-1] [INFO] [1778748771.593375992] [cartographer logger]: I0514 17:52:51.000000 99050 pose_graph_2d.cc:538] Remaining work items in queue: 0
[cartographer_node-1] [INFO] [1778748771.635867540] [cartographer logger]: I0514 17:52:51.000000 99047 constraint_builder_2d.cc:279] Node (1, 557) with 209 points on submap (0, 2) matches with score 67.0%.
[cartographer_node-1] [INFO] [1778748771.635895195] [cartographer logger]: I0514 17:52:51.000000 99047 constraint_builder_2d.cc:294] 1 computations resulted in 1 additional constraints.
[cartographer_node-1] [INFO] [1778748771.635941756] [cartographer logger]: I0514 17:52:51.000000 99047 constraint_builder_2d.cc:296] Score histogram:
[cartographer_node-1] Count: 38  Min: 0.58493  Max: 0.842654  Mean: 0.687619
[cartographer_node-1] [0.584930, 0.610702)	                 ###	Count: 5 (13.1579%)	Total: 5 (13.1579%)
[cartographer_node-1] [0.610702, 0.636475)	                  ##	Count: 4 (10.5263%)	Total: 9 (23.6842%)
[cartographer_node-1] [0.636475, 0.662247)	                ####	Count: 8 (21.0526%)	Total: 17 (44.7368%)
[cartographer_node-1] [0.662247, 0.688020)	                 ###	Count: 5 (13.1579%)	Total: 22 (57.8947%)
[cartographer_node-1] [0.688020, 0.713792)	                  ##	Count: 3 (7.89474%)	Total: 25 (65.7895%)
[cartographer_node-1] [0.713792, 0.739564)	                  ##	Count: 3 (7.89474%)	Total: 28 (73.6842%)
[cartographer_node-1] [0.739564, 0.765337)	                  ##	Count: 3 (7.89474%)	Total: 31 (81.5789%)
[cartographer_node-1] [0.765337, 0.791109)	                  ##	Count: 4 (10.5263%)	Total: 35 (92.1053%)
[cartographer_node-1] [0.791109, 0.816881)	                   #	Count: 2 (5.26316%)	Total: 37 (97.3684%)
[cartographer_node-1] [0.816881, 0.842654]	                   #	Count: 1 (2.63158%)	Total: 38 (100%)
[cartographer_node-1] [INFO] [1778748771.649505231] [cartographer logger]: I0514 17:52:51.000000 99047 pose_graph_2d.cc:538] Remaining work items in queue: 1
[cartographer_node-1] [INFO] [1778748771.649531550] [cartographer logger]: I0514 17:52:51.000000 99047 constraint_builder_2d.cc:294] 0 computations resulted in 0 additional constraints.
[cartographer_node-1] [INFO] [1778748771.649733044] [cartographer logger]: I0514 17:52:51.000000 99047 constraint_builder_2d.cc:296] Score histogram:
[cartographer_node-1] Count: 38  Min: 0.58493  Max: 0.842654  Mean: 0.687619
[cartographer_node-1] [0.584930, 0.610702)	                 ###	Count: 5 (13.1579%)	Total: 5 (13.1579%)
[cartographer_node-1] [0.610702, 0.636475)	                  ##	Count: 4 (10.5263%)	Total: 9 (23.6842%)
[cartographer_node-1] [0.636475, 0.662247)	                ####	Count: 8 (21.0526%)	Total: 17 (44.7368%)
[cartographer_node-1] [0.662247, 0.688020)	                 ###	Count: 5 (13.1579%)	Total: 22 (57.8947%)
[cartographer_node-1] [0.688020, 0.713792)	                  ##	Count: 3 (7.89474%)	Total: 25 (65.7895%)
[cartographer_node-1] [0.713792, 0.739564)	                  ##	Count: 3 (7.89474%)	Total: 28 (73.6842%)
[cartographer_node-1] [0.739564, 0.765337)	                  ##	Count: 3 (7.89474%)	Total: 31 (81.5789%)
[cartographer_node-1] [0.765337, 0.791109)	                  ##	Count: 4 (10.5263%)	Total: 35 (92.1053%)
[cartographer_node-1] [0.791109, 0.816881)	                   #	Count: 2 (5.26316%)	Total: 37 (97.3684%)
[cartographer_node-1] [0.816881, 0.842654]	                   #	Count: 1 (2.63158%)	Total: 38 (100%)
[cartographer_node-1] [INFO] [1778748771.740582677] [cartographer logger]: I0514 17:52:51.000000 99050 pose_graph_2d.cc:538] Remaining work items in queue: 0
[cartographer_node-1] [INFO] [1778748771.740630164] [cartographer logger]: I0514 17:52:51.000000 99050 constraint_builder_2d.cc:294] 0 computations resulted in 0 additional constraints.
[cartographer_node-1] [INFO] [1778748771.740992944] [cartographer logger]: I0514 17:52:51.000000 99050 constraint_builder_2d.cc:296] Score histogram:
[cartographer_node-1] Count: 38  Min: 0.58493  Max: 0.842654  Mean: 0.687619
[cartographer_node-1] [0.584930, 0.610702)	                 ###	Count: 5 (13.1579%)	Total: 5 (13.1579%)
[cartographer_node-1] [0.610702, 0.636475)	                  ##	Count: 4 (10.5263%)	Total: 9 (23.6842%)
[cartographer_node-1] [0.636475, 0.662247)	                ####	Count: 8 (21.0526%)	Total: 17 (44.7368%)
[cartographer_node-1] [0.662247, 0.688020)	                 ###	Count: 5 (13.1579%)	Total: 22 (57.8947%)
[cartographer_node-1] [0.688020, 0.713792)	                  ##	Count: 3 (7.89474%)	Total: 25 (65.7895%)
[cartographer_node-1] [0.713792, 0.739564)	                  ##	Count: 3 (7.89474%)	Total: 28 (73.6842%)
[cartographer_node-1] [0.739564, 0.765337)	                  ##	Count: 3 (7.89474%)	Total: 31 (81.5789%)
[cartographer_node-1] [0.765337, 0.791109)	                  ##	Count: 4 (10.5263%)	Total: 35 (92.1053%)
[cartographer_node-1] [0.791109, 0.816881)	                   #	Count: 2 (5.26316%)	Total: 37 (97.3684%)
[cartographer_node-1] [0.816881, 0.842654]	                   #	Count: 1 (2.63158%)	Total: 38 (100%)
[cartographer_node-1] [INFO] [1778748771.810683769] [cartographer logger]: I0514 17:52:51.000000 99048 pose_graph_2d.cc:538] Remaining work items in queue: 1
[cartographer_node-1] [INFO] [1778748771.810706957] [cartographer logger]: I0514 17:52:51.000000 99048 constraint_builder_2d.cc:294] 0 computations resulted in 0 additional constraints.
[cartographer_node-1] [INFO] [1778748771.810723782] [cartographer logger]: I0514 17:52:51.000000 99048 constraint_builder_2d.cc:296] Score histogram:
[cartographer_node-1] Count: 38  Min: 0.58493  Max: 0.842654  Mean: 0.687619
[cartographer_node-1] [0.584930, 0.610702)	                 ###	Count: 5 (13.1579%)	Total: 5 (13.1579%)
[cartographer_node-1] [0.610702, 0.636475)	                  ##	Count: 4 (10.5263%)	Total: 9 (23.6842%)
[cartographer_node-1] [0.636475, 0.662247)	                ####	Count: 8 (21.0526%)	Total: 17 (44.7368%)
[cartographer_node-1] [0.662247, 0.688020)	                 ###	Count: 5 (13.1579%)	Total: 22 (57.8947%)
[cartographer_node-1] [0.688020, 0.713792)	                  ##	Count: 3 (7.89474%)	Total: 25 (65.7895%)
[cartographer_node-1] [0.713792, 0.739564)	                  ##	Count: 3 (7.89474%)	Total: 28 (73.6842%)
[cartographer_node-1] [0.739564, 0.765337)	                  ##	Count: 3 (7.89474%)	Total: 31 (81.5789%)
[cartographer_node-1] [0.765337, 0.791109)	                  ##	Count: 4 (10.5263%)	Total: 35 (92.1053%)
[cartographer_node-1] [0.791109, 0.816881)	                   #	Count: 2 (5.26316%)	Total: 37 (97.3684%)
[cartographer_node-1] [0.816881, 0.842654]	                   #	Count: 1 (2.63158%)	Total: 38 (100%)
[cartographer_node-1] [INFO] [1778748771.898374547] [cartographer logger]: I0514 17:52:51.000000 99050 pose_graph_2d.cc:538] Remaining work items in queue: 0
[cartographer_node-1] [INFO] [1778748771.898396346] [cartographer logger]: I0514 17:52:51.000000 99050 constraint_builder_2d.cc:294] 0 computations resulted in 0 additional constraints.
[cartographer_node-1] [INFO] [1778748771.898518829] [cartographer logger]: I0514 17:52:51.000000 99050 constraint_builder_2d.cc:296] Score histogram:
[cartographer_node-1] Count: 38  Min: 0.58493  Max: 0.842654  Mean: 0.687619
[cartographer_node-1] [0.584930, 0.610702)	                 ###	Count: 5 (13.1579%)	Total: 5 (13.1579%)
[cartographer_node-1] [0.610702, 0.636475)	                  ##	Count: 4 (10.5263%)	Total: 9 (23.6842%)
[cartographer_node-1] [0.636475, 0.662247)	                ####	Count: 8 (21.0526%)	Total: 17 (44.7368%)
[cartographer_node-1] [0.662247, 0.688020)	                 ###	Count: 5 (13.1579%)	Total: 22 (57.8947%)
[cartographer_node-1] [0.688020, 0.713792)	                  ##	Count: 3 (7.89474%)	Total: 25 (65.7895%)
[cartographer_node-1] [0.713792, 0.739564)	                  ##	Count: 3 (7.89474%)	Total: 28 (73.6842%)
[cartographer_node-1] [0.739564, 0.765337)	                  ##	Count: 3 (7.89474%)	Total: 31 (81.5789%)
[cartographer_node-1] [0.765337, 0.791109)	                  ##	Count: 4 (10.5263%)	Total: 35 (92.1053%)
[cartographer_node-1] [0.791109, 0.816881)	                   #	Count: 2 (5.26316%)	Total: 37 (97.3684%)
[cartographer_node-1] [0.816881, 0.842654]	                   #	Count: 1 (2.63158%)	Total: 38 (100%)
[cartographer_node-1] [INFO] [1778748771.948600182] [cartographer logger]: I0514 17:52:51.000000 99049 pose_graph_2d.cc:538] Remaining work items in queue: 0
[cartographer_node-1] [INFO] [1778748771.965856532] [cartographer logger]: I0514 17:52:51.000000 99048 constraint_builder_2d.cc:294] 1 computations resulted in 0 additional constraints.
[cartographer_node-1] [INFO] [1778748771.965893684] [cartographer logger]: I0514 17:52:51.000000 99048 constraint_builder_2d.cc:296] Score histogram:
[cartographer_node-1] Count: 38  Min: 0.58493  Max: 0.842654  Mean: 0.687619
[cartographer_node-1] [0.584930, 0.610702)	                 ###	Count: 5 (13.1579%)	Total: 5 (13.1579%)
[cartographer_node-1] [0.610702, 0.636475)	                  ##	Count: 4 (10.5263%)	Total: 9 (23.6842%)
[cartographer_node-1] [0.636475, 0.662247)	                ####	Count: 8 (21.0526%)	Total: 17 (44.7368%)
[cartographer_node-1] [0.662247, 0.688020)	                 ###	Count: 5 (13.1579%)	Total: 22 (57.8947%)
[cartographer_node-1] [0.688020, 0.713792)	                  ##	Count: 3 (7.89474%)	Total: 25 (65.7895%)
[cartographer_node-1] [0.713792, 0.739564)	                  ##	Count: 3 (7.89474%)	Total: 28 (73.6842%)
[cartographer_node-1] [0.739564, 0.765337)	                  ##	Count: 3 (7.89474%)	Total: 31 (81.5789%)
[cartographer_node-1] [0.765337, 0.791109)	                  ##	Count: 4 (10.5263%)	Total: 35 (92.1053%)
[cartographer_node-1] [0.791109, 0.816881)	                   #	Count: 2 (5.26316%)	Total: 37 (97.3684%)
[cartographer_node-1] [0.816881, 0.842654]	                   #	Count: 1 (2.63158%)	Total: 38 (100%)
[cartographer_node-1] [INFO] [1778748772.016940174] [cartographer logger]: I0514 17:52:52.000000 99049 pose_graph_2d.cc:538] Remaining work items in queue: 1
[cartographer_node-1] [INFO] [1778748772.016990701] [cartographer logger]: I0514 17:52:52.000000 99049 constraint_builder_2d.cc:294] 0 computations resulted in 0 additional constraints.
[cartographer_node-1] [INFO] [1778748772.017112236] [cartographer logger]: I0514 17:52:52.000000 99049 constraint_builder_2d.cc:296] Score histogram:
[cartographer_node-1] Count: 38  Min: 0.58493  Max: 0.842654  Mean: 0.687619
[cartographer_node-1] [0.584930, 0.610702)	                 ###	Count: 5 (13.1579%)	Total: 5 (13.1579%)
[cartographer_node-1] [0.610702, 0.636475)	                  ##	Count: 4 (10.5263%)	Total: 9 (23.6842%)
[cartographer_node-1] [0.636475, 0.662247)	                ####	Count: 8 (21.0526%)	Total: 17 (44.7368%)
[cartographer_node-1] [0.662247, 0.688020)	                 ###	Count: 5 (13.1579%)	Total: 22 (57.8947%)
[cartographer_node-1] [0.688020, 0.713792)	                  ##	Count: 3 (7.89474%)	Total: 25 (65.7895%)
[cartographer_node-1] [0.713792, 0.739564)	                  ##	Count: 3 (7.89474%)	Total: 28 (73.6842%)
[cartographer_node-1] [0.739564, 0.765337)	                  ##	Count: 3 (7.89474%)	Total: 31 (81.5789%)
[cartographer_node-1] [0.765337, 0.791109)	                  ##	Count: 4 (10.5263%)	Total: 35 (92.1053%)
[cartographer_node-1] [0.791109, 0.816881)	                   #	Count: 2 (5.26316%)	Total: 37 (97.3684%)
[cartographer_node-1] [0.816881, 0.842654]	                   #	Count: 1 (2.63158%)	Total: 38 (100%)
[cartographer_node-1] [INFO] [1778748772.095769444] [cartographer logger]: I0514 17:52:52.000000 99050 pose_graph_2d.cc:538] Remaining work items in queue: 1
[cartographer_node-1] [INFO] [1778748772.095791891] [cartographer logger]: I0514 17:52:52.000000 99050 constraint_builder_2d.cc:294] 0 computations resulted in 0 additional constraints.
[cartographer_node-1] [INFO] [1778748772.095938283] [cartographer logger]: I0514 17:52:52.000000 99050 constraint_builder_2d.cc:296] Score histogram:
[cartographer_node-1] Count: 38  Min: 0.58493  Max: 0.842654  Mean: 0.687619
[cartographer_node-1] [0.584930, 0.610702)	                 ###	Count: 5 (13.1579%)	Total: 5 (13.1579%)
[cartographer_node-1] [0.610702, 0.636475)	                  ##	Count: 4 (10.5263%)	Total: 9 (23.6842%)
[cartographer_node-1] [0.636475, 0.662247)	                ####	Count: 8 (21.0526%)	Total: 17 (44.7368%)
[cartographer_node-1] [0.662247, 0.688020)	                 ###	Count: 5 (13.1579%)	Total: 22 (57.8947%)
[cartographer_node-1] [0.688020, 0.713792)	                  ##	Count: 3 (7.89474%)	Total: 25 (65.7895%)
[cartographer_node-1] [0.713792, 0.739564)	                  ##	Count: 3 (7.89474%)	Total: 28 (73.6842%)
[cartographer_node-1] [0.739564, 0.765337)	                  ##	Count: 3 (7.89474%)	Total: 31 (81.5789%)
[cartographer_node-1] [0.765337, 0.791109)	                  ##	Count: 4 (10.5263%)	Total: 35 (92.1053%)
[cartographer_node-1] [0.791109, 0.816881)	                   #	Count: 2 (5.26316%)	Total: 37 (97.3684%)
[cartographer_node-1] [0.816881, 0.842654]	                   #	Count: 1 (2.63158%)	Total: 38 (100%)
[cartographer_node-1] [INFO] [1778748772.199804163] [cartographer logger]: I0514 17:52:52.000000 99050 pose_graph_2d.cc:538] Remaining work items in queue: 0
[cartographer_node-1] [INFO] [1778748772.199849785] [cartographer logger]: I0514 17:52:52.000000 99050 constraint_builder_2d.cc:294] 0 computations resulted in 0 additional constraints.
[cartographer_node-1] [INFO] [1778748772.200265008] [cartographer logger]: I0514 17:52:52.000000 99050 constraint_builder_2d.cc:296] Score histogram:
[cartographer_node-1] Count: 38  Min: 0.58493  Max: 0.842654  Mean: 0.687619
[cartographer_node-1] [0.584930, 0.610702)	                 ###	Count: 5 (13.1579%)	Total: 5 (13.1579%)
[cartographer_node-1] [0.610702, 0.636475)	                  ##	Count: 4 (10.5263%)	Total: 9 (23.6842%)
[cartographer_node-1] [0.636475, 0.662247)	                ####	Count: 8 (21.0526%)	Total: 17 (44.7368%)
[cartographer_node-1] [0.662247, 0.688020)	                 ###	Count: 5 (13.1579%)	Total: 22 (57.8947%)
[cartographer_node-1] [0.688020, 0.713792)	                  ##	Count: 3 (7.89474%)	Total: 25 (65.7895%)
[cartographer_node-1] [0.713792, 0.739564)	                  ##	Count: 3 (7.89474%)	Total: 28 (73.6842%)
[cartographer_node-1] [0.739564, 0.765337)	                  ##	Count: 3 (7.89474%)	Total: 31 (81.5789%)
[cartographer_node-1] [0.765337, 0.791109)	                  ##	Count: 4 (10.5263%)	Total: 35 (92.1053%)
[cartographer_node-1] [0.791109, 0.816881)	                   #	Count: 2 (5.26316%)	Total: 37 (97.3684%)
[cartographer_node-1] [0.816881, 0.842654]	                   #	Count: 1 (2.63158%)	Total: 38 (100%)
[cartographer_node-1] [INFO] [1778748772.338798962] [cartographer logger]: I0514 17:52:52.000000 99008 collated_trajectory_builder.cc:81] imu rate: 40.15 Hz 2.49e-02 s +/- 7.73e-03 s (pulsed at 99.86% real time)
[cartographer_node-1] [INFO] [1778748772.338847283] [cartographer logger]: I0514 17:52:52.000000 99008 collated_trajectory_builder.cc:81] odom_wheel rate: 40.19 Hz 2.49e-02 s +/- 8.42e-03 s (pulsed at 99.93% real time)
[cartographer_node-1] [INFO] [1778748772.338863263] [cartographer logger]: I0514 17:52:52.000000 99008 collated_trajectory_builder.cc:81] scan rate: 39.93 Hz 2.50e-02 s +/- 4.97e-03 s (pulsed at 100.06% real time)
[cartographer_node-1] [INFO] [1778748772.341017118] [cartographer logger]: I0514 17:52:52.000000 99050 pose_graph_2d.cc:538] Remaining work items in queue: 1
[cartographer_node-1] [INFO] [1778748772.341034040] [cartographer logger]: I0514 17:52:52.000000 99050 constraint_builder_2d.cc:294] 0 computations resulted in 0 additional constraints.
[cartographer_node-1] [INFO] [1778748772.341345114] [cartographer logger]: I0514 17:52:52.000000 99050 constraint_builder_2d.cc:296] Score histogram:
[cartographer_node-1] Count: 38  Min: 0.58493  Max: 0.842654  Mean: 0.687619
[cartographer_node-1] [0.584930, 0.610702)	                 ###	Count: 5 (13.1579%)	Total: 5 (13.1579%)
[cartographer_node-1] [0.610702, 0.636475)	                  ##	Count: 4 (10.5263%)	Total: 9 (23.6842%)
[cartographer_node-1] [0.636475, 0.662247)	                ####	Count: 8 (21.0526%)	Total: 17 (44.7368%)
[cartographer_node-1] [0.662247, 0.688020)	                 ###	Count: 5 (13.1579%)	Total: 22 (57.8947%)
[cartographer_node-1] [0.688020, 0.713792)	                  ##	Count: 3 (7.89474%)	Total: 25 (65.7895%)
[cartographer_node-1] [0.713792, 0.739564)	                  ##	Count: 3 (7.89474%)	Total: 28 (73.6842%)
[cartographer_node-1] [0.739564, 0.765337)	                  ##	Count: 3 (7.89474%)	Total: 31 (81.5789%)
[cartographer_node-1] [0.765337, 0.791109)	                  ##	Count: 4 (10.5263%)	Total: 35 (92.1053%)
[cartographer_node-1] [0.791109, 0.816881)	                   #	Count: 2 (5.26316%)	Total: 37 (97.3684%)
[cartographer_node-1] [0.816881, 0.842654]	                   #	Count: 1 (2.63158%)	Total: 38 (100%)
[cartographer_node-1] [INFO] [1778748772.423556614] [cartographer logger]: I0514 17:52:52.000000 99050 constraint_builder_2d.cc:279] Node (1, 585) with 209 points on submap (0, 10) matches with score 67.7%.
[cartographer_node-1] [INFO] [1778748772.547659824] [cartographer logger]: I0514 17:52:52.000000 99048 pose_graph_2d.cc:538] Remaining work items in queue: 1
[cartographer_node-1] [INFO] [1778748772.547684784] [cartographer logger]: I0514 17:52:52.000000 99048 constraint_builder_2d.cc:294] 1 computations resulted in 1 additional constraints.
[cartographer_node-1] [INFO] [1778748772.547968508] [cartographer logger]: I0514 17:52:52.000000 99048 constraint_builder_2d.cc:296] Score histogram:
[cartographer_node-1] Count: 39  Min: 0.58493  Max: 0.842654  Mean: 0.687347
[cartographer_node-1] [0.584930, 0.610702)	                 ###	Count: 5 (12.8205%)	Total: 5 (12.8205%)
[cartographer_node-1] [0.610702, 0.636475)	                  ##	Count: 4 (10.2564%)	Total: 9 (23.0769%)
[cartographer_node-1] [0.636475, 0.662247)	                ####	Count: 8 (20.5128%)	Total: 17 (43.5897%)
[cartographer_node-1] [0.662247, 0.688020)	                 ###	Count: 6 (15.3846%)	Total: 23 (58.9744%)
[cartographer_node-1] [0.688020, 0.713792)	                  ##	Count: 3 (7.69231%)	Total: 26 (66.6667%)
[cartographer_node-1] [0.713792, 0.739564)	                  ##	Count: 3 (7.69231%)	Total: 29 (74.359%)
[cartographer_node-1] [0.739564, 0.765337)	                  ##	Count: 3 (7.69231%)	Total: 32 (82.0513%)
[cartographer_node-1] [0.765337, 0.791109)	                  ##	Count: 4 (10.2564%)	Total: 36 (92.3077%)
[cartographer_node-1] [0.791109, 0.816881)	                   #	Count: 2 (5.12821%)	Total: 38 (97.4359%)
[cartographer_node-1] [0.816881, 0.842654]	                   #	Count: 1 (2.5641%)	Total: 39 (100%)
[cartographer_node-1] [INFO] [1778748772.644035959] [cartographer logger]: I0514 17:52:52.000000 99048 pose_graph_2d.cc:538] Remaining work items in queue: 1
[cartographer_node-1] [INFO] [1778748772.644060940] [cartographer logger]: I0514 17:52:52.000000 99048 constraint_builder_2d.cc:294] 0 computations resulted in 0 additional constraints.
[cartographer_node-1] [INFO] [1778748772.644140290] [cartographer logger]: I0514 17:52:52.000000 99048 constraint_builder_2d.cc:296] Score histogram:
[cartographer_node-1] Count: 39  Min: 0.58493  Max: 0.842654  Mean: 0.687347
[cartographer_node-1] [0.584930, 0.610702)	                 ###	Count: 5 (12.8205%)	Total: 5 (12.8205%)
[cartographer_node-1] [0.610702, 0.636475)	                  ##	Count: 4 (10.2564%)	Total: 9 (23.0769%)
[cartographer_node-1] [0.636475, 0.662247)	                ####	Count: 8 (20.5128%)	Total: 17 (43.5897%)
[cartographer_node-1] [0.662247, 0.688020)	                 ###	Count: 6 (15.3846%)	Total: 23 (58.9744%)
[cartographer_node-1] [0.688020, 0.713792)	                  ##	Count: 3 (7.69231%)	Total: 26 (66.6667%)
[cartographer_node-1] [0.713792, 0.739564)	                  ##	Count: 3 (7.69231%)	Total: 29 (74.359%)
[cartographer_node-1] [0.739564, 0.765337)	                  ##	Count: 3 (7.69231%)	Total: 32 (82.0513%)
[cartographer_node-1] [0.765337, 0.791109)	                  ##	Count: 4 (10.2564%)	Total: 36 (92.3077%)
[cartographer_node-1] [0.791109, 0.816881)	                   #	Count: 2 (5.12821%)	Total: 38 (97.4359%)
[cartographer_node-1] [0.816881, 0.842654]	                   #	Count: 1 (2.5641%)	Total: 39 (100%)
[cartographer_node-1] [INFO] [1778748772.794567790] [cartographer logger]: I0514 17:52:52.000000 99050 pose_graph_2d.cc:538] Remaining work items in queue: 0
[cartographer_node-1] [INFO] [1778748772.794612403] [cartographer logger]: I0514 17:52:52.000000 99050 constraint_builder_2d.cc:294] 0 computations resulted in 0 additional constraints.
[cartographer_node-1] [INFO] [1778748772.794669050] [cartographer logger]: I0514 17:52:52.000000 99050 constraint_builder_2d.cc:296] Score histogram:
[cartographer_node-1] Count: 39  Min: 0.58493  Max: 0.842654  Mean: 0.687347
[cartographer_node-1] [0.584930, 0.610702)	                 ###	Count: 5 (12.8205%)	Total: 5 (12.8205%)
[cartographer_node-1] [0.610702, 0.636475)	                  ##	Count: 4 (10.2564%)	Total: 9 (23.0769%)
[cartographer_node-1] [0.636475, 0.662247)	                ####	Count: 8 (20.5128%)	Total: 17 (43.5897%)
[cartographer_node-1] [0.662247, 0.688020)	                 ###	Count: 6 (15.3846%)	Total: 23 (58.9744%)
[cartographer_node-1] [0.688020, 0.713792)	                  ##	Count: 3 (7.69231%)	Total: 26 (66.6667%)
[cartographer_node-1] [0.713792, 0.739564)	                  ##	Count: 3 (7.69231%)	Total: 29 (74.359%)
[cartographer_node-1] [0.739564, 0.765337)	                  ##	Count: 3 (7.69231%)	Total: 32 (82.0513%)
[cartographer_node-1] [0.765337, 0.791109)	                  ##	Count: 4 (10.2564%)	Total: 36 (92.3077%)
[cartographer_node-1] [0.791109, 0.816881)	                   #	Count: 2 (5.12821%)	Total: 38 (97.4359%)
[cartographer_node-1] [0.816881, 0.842654]	                   #	Count: 1 (2.5641%)	Total: 39 (100%)
[cartographer_node-1] [INFO] [1778748772.844273169] [cartographer logger]: I0514 17:52:52.000000 99049 pose_graph_2d.cc:538] Remaining work items in queue: 0
[cartographer_node-1] [INFO] [1778748772.844295525] [cartographer logger]: I0514 17:52:52.000000 99049 constraint_builder_2d.cc:294] 0 computations resulted in 0 additional constraints.
[cartographer_node-1] [INFO] [1778748772.844719863] [cartographer logger]: I0514 17:52:52.000000 99049 constraint_builder_2d.cc:296] Score histogram:
[cartographer_node-1] Count: 39  Min: 0.58493  Max: 0.842654  Mean: 0.687347
[cartographer_node-1] [0.584930, 0.610702)	                 ###	Count: 5 (12.8205%)	Total: 5 (12.8205%)
[cartographer_node-1] [0.610702, 0.636475)	                  ##	Count: 4 (10.2564%)	Total: 9 (23.0769%)
[cartographer_node-1] [0.636475, 0.662247)	                ####	Count: 8 (20.5128%)	Total: 17 (43.5897%)
[cartographer_node-1] [0.662247, 0.688020)	                 ###	Count: 6 (15.3846%)	Total: 23 (58.9744%)
[cartographer_node-1] [0.688020, 0.713792)	                  ##	Count: 3 (7.69231%)	Total: 26 (66.6667%)
[cartographer_node-1] [0.713792, 0.739564)	                  ##	Count: 3 (7.69231%)	Total: 29 (74.359%)
[cartographer_node-1] [0.739564, 0.765337)	                  ##	Count: 3 (7.69231%)	Total: 32 (82.0513%)
[cartographer_node-1] [0.765337, 0.791109)	                  ##	Count: 4 (10.2564%)	Total: 36 (92.3077%)
[cartographer_node-1] [0.791109, 0.816881)	                   #	Count: 2 (5.12821%)	Total: 38 (97.4359%)
[cartographer_node-1] [0.816881, 0.842654]	                   #	Count: 1 (2.5641%)	Total: 39 (100%)
[cartographer_node-1] [INFO] [1778748772.921162476] [cartographer logger]: I0514 17:52:52.000000 99047 pose_graph_2d.cc:538] Remaining work items in queue: 1
[cartographer_node-1] [INFO] [1778748772.921187726] [cartographer logger]: I0514 17:52:52.000000 99047 constraint_builder_2d.cc:294] 0 computations resulted in 0 additional constraints.
[cartographer_node-1] [INFO] [1778748772.921519056] [cartographer logger]: I0514 17:52:52.000000 99047 constraint_builder_2d.cc:296] Score histogram:
[cartographer_node-1] Count: 39  Min: 0.58493  Max: 0.842654  Mean: 0.687347
[cartographer_node-1] [0.584930, 0.610702)	                 ###	Count: 5 (12.8205%)	Total: 5 (12.8205%)
[cartographer_node-1] [0.610702, 0.636475)	                  ##	Count: 4 (10.2564%)	Total: 9 (23.0769%)
[cartographer_node-1] [0.636475, 0.662247)	                ####	Count: 8 (20.5128%)	Total: 17 (43.5897%)
[cartographer_node-1] [0.662247, 0.688020)	                 ###	Count: 6 (15.3846%)	Total: 23 (58.9744%)
[cartographer_node-1] [0.688020, 0.713792)	                  ##	Count: 3 (7.69231%)	Total: 26 (66.6667%)
[cartographer_node-1] [0.713792, 0.739564)	                  ##	Count: 3 (7.69231%)	Total: 29 (74.359%)
[cartographer_node-1] [0.739564, 0.765337)	                  ##	Count: 3 (7.69231%)	Total: 32 (82.0513%)
[cartographer_node-1] [0.765337, 0.791109)	                  ##	Count: 4 (10.2564%)	Total: 36 (92.3077%)
[cartographer_node-1] [0.791109, 0.816881)	                   #	Count: 2 (5.12821%)	Total: 38 (97.4359%)
[cartographer_node-1] [0.816881, 0.842654]	                   #	Count: 1 (2.5641%)	Total: 39 (100%)
[cartographer_node-1] [INFO] [1778748772.997612664] [cartographer logger]: I0514 17:52:52.000000 99048 pose_graph_2d.cc:538] Remaining work items in queue: 1
[cartographer_node-1] [INFO] [1778748772.997637956] [cartographer logger]: I0514 17:52:52.000000 99048 constraint_builder_2d.cc:294] 1 computations resulted in 0 additional constraints.
[cartographer_node-1] [INFO] [1778748772.997793562] [cartographer logger]: I0514 17:52:52.000000 99048 constraint_builder_2d.cc:296] Score histogram:
[cartographer_node-1] Count: 39  Min: 0.58493  Max: 0.842654  Mean: 0.687347
[cartographer_node-1] [0.584930, 0.610702)	                 ###	Count: 5 (12.8205%)	Total: 5 (12.8205%)
[cartographer_node-1] [0.610702, 0.636475)	                  ##	Count: 4 (10.2564%)	Total: 9 (23.0769%)
[cartographer_node-1] [0.636475, 0.662247)	                ####	Count: 8 (20.5128%)	Total: 17 (43.5897%)
[cartographer_node-1] [0.662247, 0.688020)	                 ###	Count: 6 (15.3846%)	Total: 23 (58.9744%)
[cartographer_node-1] [0.688020, 0.713792)	                  ##	Count: 3 (7.69231%)	Total: 26 (66.6667%)
[cartographer_node-1] [0.713792, 0.739564)	                  ##	Count: 3 (7.69231%)	Total: 29 (74.359%)
[cartographer_node-1] [0.739564, 0.765337)	                  ##	Count: 3 (7.69231%)	Total: 32 (82.0513%)
[cartographer_node-1] [0.765337, 0.791109)	                  ##	Count: 4 (10.2564%)	Total: 36 (92.3077%)
[cartographer_node-1] [0.791109, 0.816881)	                   #	Count: 2 (5.12821%)	Total: 38 (97.4359%)
[cartographer_node-1] [0.816881, 0.842654]	                   #	Count: 1 (2.5641%)	Total: 39 (100%)
[cartographer_node-1] [INFO] [1778748773.092103741] [cartographer logger]: I0514 17:52:53.000000 99048 pose_graph_2d.cc:538] Remaining work items in queue: 0
[cartographer_node-1] [INFO] [1778748773.092130992] [cartographer logger]: I0514 17:52:53.000000 99048 constraint_builder_2d.cc:294] 0 computations resulted in 0 additional constraints.
[cartographer_node-1] [INFO] [1778748773.092491649] [cartographer logger]: I0514 17:52:53.000000 99048 constraint_builder_2d.cc:296] Score histogram:
[cartographer_node-1] Count: 39  Min: 0.58493  Max: 0.842654  Mean: 0.687347
[cartographer_node-1] [0.584930, 0.610702)	                 ###	Count: 5 (12.8205%)	Total: 5 (12.8205%)
[cartographer_node-1] [0.610702, 0.636475)	                  ##	Count: 4 (10.2564%)	Total: 9 (23.0769%)
[cartographer_node-1] [0.636475, 0.662247)	                ####	Count: 8 (20.5128%)	Total: 17 (43.5897%)
[cartographer_node-1] [0.662247, 0.688020)	                 ###	Count: 6 (15.3846%)	Total: 23 (58.9744%)
[cartographer_node-1] [0.688020, 0.713792)	                  ##	Count: 3 (7.69231%)	Total: 26 (66.6667%)
[cartographer_node-1] [0.713792, 0.739564)	                  ##	Count: 3 (7.69231%)	Total: 29 (74.359%)
[cartographer_node-1] [0.739564, 0.765337)	                  ##	Count: 3 (7.69231%)	Total: 32 (82.0513%)
[cartographer_node-1] [0.765337, 0.791109)	                  ##	Count: 4 (10.2564%)	Total: 36 (92.3077%)
[cartographer_node-1] [0.791109, 0.816881)	                   #	Count: 2 (5.12821%)	Total: 38 (97.4359%)
[cartographer_node-1] [0.816881, 0.842654]	                   #	Count: 1 (2.5641%)	Total: 39 (100%)
[cartographer_node-1] [INFO] [1778748773.144183181] [cartographer logger]: I0514 17:52:53.000000 99050 pose_graph_2d.cc:538] Remaining work items in queue: 0
[cartographer_node-1] [INFO] [1778748773.144216146] [cartographer logger]: I0514 17:52:53.000000 99050 constraint_builder_2d.cc:294] 0 computations resulted in 0 additional constraints.
[cartographer_node-1] [INFO] [1778748773.144233636] [cartographer logger]: I0514 17:52:53.000000 99050 constraint_builder_2d.cc:296] Score histogram:
[cartographer_node-1] Count: 39  Min: 0.58493  Max: 0.842654  Mean: 0.687347
[cartographer_node-1] [0.584930, 0.610702)	                 ###	Count: 5 (12.8205%)	Total: 5 (12.8205%)
[cartographer_node-1] [0.610702, 0.636475)	                  ##	Count: 4 (10.2564%)	Total: 9 (23.0769%)
[cartographer_node-1] [0.636475, 0.662247)	                ####	Count: 8 (20.5128%)	Total: 17 (43.5897%)
[cartographer_node-1] [0.662247, 0.688020)	                 ###	Count: 6 (15.3846%)	Total: 23 (58.9744%)
[cartographer_node-1] [0.688020, 0.713792)	                  ##	Count: 3 (7.69231%)	Total: 26 (66.6667%)
[cartographer_node-1] [0.713792, 0.739564)	                  ##	Count: 3 (7.69231%)	Total: 29 (74.359%)
[cartographer_node-1] [0.739564, 0.765337)	                  ##	Count: 3 (7.69231%)	Total: 32 (82.0513%)
[cartographer_node-1] [0.765337, 0.791109)	                  ##	Count: 4 (10.2564%)	Total: 36 (92.3077%)
[cartographer_node-1] [0.791109, 0.816881)	                   #	Count: 2 (5.12821%)	Total: 38 (97.4359%)
[cartographer_node-1] [0.816881, 0.842654]	                   #	Count: 1 (2.5641%)	Total: 39 (100%)
[cartographer_node-1] [INFO] [1778748773.220840079] [cartographer logger]: I0514 17:52:53.000000 99050 pose_graph_2d.cc:538] Remaining work items in queue: 0
[cartographer_node-1] [INFO] [1778748773.220869914] [cartographer logger]: I0514 17:52:53.000000 99050 constraint_builder_2d.cc:294] 0 computations resulted in 0 additional constraints.
[cartographer_node-1] [INFO] [1778748773.220987679] [cartographer logger]: I0514 17:52:53.000000 99050 constraint_builder_2d.cc:296] Score histogram:
[cartographer_node-1] Count: 39  Min: 0.58493  Max: 0.842654  Mean: 0.687347
[cartographer_node-1] [0.584930, 0.610702)	                 ###	Count: 5 (12.8205%)	Total: 5 (12.8205%)
[cartographer_node-1] [0.610702, 0.636475)	                  ##	Count: 4 (10.2564%)	Total: 9 (23.0769%)
[cartographer_node-1] [0.636475, 0.662247)	                ####	Count: 8 (20.5128%)	Total: 17 (43.5897%)
[cartographer_node-1] [0.662247, 0.688020)	                 ###	Count: 6 (15.3846%)	Total: 23 (58.9744%)
[cartographer_node-1] [0.688020, 0.713792)	                  ##	Count: 3 (7.69231%)	Total: 26 (66.6667%)
[cartographer_node-1] [0.713792, 0.739564)	                  ##	Count: 3 (7.69231%)	Total: 29 (74.359%)
[cartographer_node-1] [0.739564, 0.765337)	                  ##	Count: 3 (7.69231%)	Total: 32 (82.0513%)
[cartographer_node-1] [0.765337, 0.791109)	                  ##	Count: 4 (10.2564%)	Total: 36 (92.3077%)
[cartographer_node-1] [0.791109, 0.816881)	                   #	Count: 2 (5.12821%)	Total: 38 (97.4359%)
[cartographer_node-1] [0.816881, 0.842654]	                   #	Count: 1 (2.5641%)	Total: 39 (100%)
[cartographer_node-1] [INFO] [1778748773.300168734] [cartographer logger]: I0514 17:52:53.000000 99050 pose_graph_2d.cc:538] Remaining work items in queue: 1
[cartographer_node-1] [INFO] [1778748773.340041319] [cartographer logger]: I0514 17:52:53.000000 99049 constraint_builder_2d.cc:294] 1 computations resulted in 0 additional constraints.
[cartographer_node-1] [INFO] [1778748773.340121568] [cartographer logger]: I0514 17:52:53.000000 99049 constraint_builder_2d.cc:296] Score histogram:
[cartographer_node-1] Count: 39  Min: 0.58493  Max: 0.842654  Mean: 0.687347
[cartographer_node-1] [0.584930, 0.610702)	                 ###	Count: 5 (12.8205%)	Total: 5 (12.8205%)
[cartographer_node-1] [0.610702, 0.636475)	                  ##	Count: 4 (10.2564%)	Total: 9 (23.0769%)
[cartographer_node-1] [0.636475, 0.662247)	                ####	Count: 8 (20.5128%)	Total: 17 (43.5897%)
[cartographer_node-1] [0.662247, 0.688020)	                 ###	Count: 6 (15.3846%)	Total: 23 (58.9744%)
[cartographer_node-1] [0.688020, 0.713792)	                  ##	Count: 3 (7.69231%)	Total: 26 (66.6667%)
[cartographer_node-1] [0.713792, 0.739564)	                  ##	Count: 3 (7.69231%)	Total: 29 (74.359%)
[cartographer_node-1] [0.739564, 0.765337)	                  ##	Count: 3 (7.69231%)	Total: 32 (82.0513%)
[cartographer_node-1] [0.765337, 0.791109)	                  ##	Count: 4 (10.2564%)	Total: 36 (92.3077%)
[cartographer_node-1] [0.791109, 0.816881)	                   #	Count: 2 (5.12821%)	Total: 38 (97.4359%)
[cartographer_node-1] [0.816881, 0.842654]	                   #	Count: 1 (2.5641%)	Total: 39 (100%)
[cartographer_node-1] [INFO] [1778748773.395022341] [cartographer logger]: I0514 17:52:53.000000 99050 pose_graph_2d.cc:538] Remaining work items in queue: 0
[cartographer_node-1] [INFO] [1778748773.395069553] [cartographer logger]: I0514 17:52:53.000000 99050 constraint_builder_2d.cc:294] 0 computations resulted in 0 additional constraints.
[cartographer_node-1] [INFO] [1778748773.395450465] [cartographer logger]: I0514 17:52:53.000000 99050 constraint_builder_2d.cc:296] Score histogram:
[cartographer_node-1] Count: 39  Min: 0.58493  Max: 0.842654  Mean: 0.687347
[cartographer_node-1] [0.584930, 0.610702)	                 ###	Count: 5 (12.8205%)	Total: 5 (12.8205%)
[cartographer_node-1] [0.610702, 0.636475)	                  ##	Count: 4 (10.2564%)	Total: 9 (23.0769%)
[cartographer_node-1] [0.636475, 0.662247)	                ####	Count: 8 (20.5128%)	Total: 17 (43.5897%)
[cartographer_node-1] [0.662247, 0.688020)	                 ###	Count: 6 (15.3846%)	Total: 23 (58.9744%)
[cartographer_node-1] [0.688020, 0.713792)	                  ##	Count: 3 (7.69231%)	Total: 26 (66.6667%)
[cartographer_node-1] [0.713792, 0.739564)	                  ##	Count: 3 (7.69231%)	Total: 29 (74.359%)
[cartographer_node-1] [0.739564, 0.765337)	                  ##	Count: 3 (7.69231%)	Total: 32 (82.0513%)
[cartographer_node-1] [0.765337, 0.791109)	                  ##	Count: 4 (10.2564%)	Total: 36 (92.3077%)
[cartographer_node-1] [0.791109, 0.816881)	                   #	Count: 2 (5.12821%)	Total: 38 (97.4359%)
[cartographer_node-1] [0.816881, 0.842654]	                   #	Count: 1 (2.5641%)	Total: 39 (100%)
[cartographer_node-1] [INFO] [1778748773.448018923] [cartographer logger]: I0514 17:52:53.000000 99047 pose_graph_2d.cc:538] Remaining work items in queue: 0
[cartographer_node-1] [INFO] [1778748773.448045702] [cartographer logger]: I0514 17:52:53.000000 99047 constraint_builder_2d.cc:294] 0 computations resulted in 0 additional constraints.
[cartographer_node-1] [INFO] [1778748773.448423089] [cartographer logger]: I0514 17:52:53.000000 99047 constraint_builder_2d.cc:296] Score histogram:
[cartographer_node-1] Count: 39  Min: 0.58493  Max: 0.842654  Mean: 0.687347
[cartographer_node-1] [0.584930, 0.610702)	                 ###	Count: 5 (12.8205%)	Total: 5 (12.8205%)
[cartographer_node-1] [0.610702, 0.636475)	                  ##	Count: 4 (10.2564%)	Total: 9 (23.0769%)
[cartographer_node-1] [0.636475, 0.662247)	                ####	Count: 8 (20.5128%)	Total: 17 (43.5897%)
[cartographer_node-1] [0.662247, 0.688020)	                 ###	Count: 6 (15.3846%)	Total: 23 (58.9744%)
[cartographer_node-1] [0.688020, 0.713792)	                  ##	Count: 3 (7.69231%)	Total: 26 (66.6667%)
[cartographer_node-1] [0.713792, 0.739564)	                  ##	Count: 3 (7.69231%)	Total: 29 (74.359%)
[cartographer_node-1] [0.739564, 0.765337)	                  ##	Count: 3 (7.69231%)	Total: 32 (82.0513%)
[cartographer_node-1] [0.765337, 0.791109)	                  ##	Count: 4 (10.2564%)	Total: 36 (92.3077%)
[cartographer_node-1] [0.791109, 0.816881)	                   #	Count: 2 (5.12821%)	Total: 38 (97.4359%)
[cartographer_node-1] [0.816881, 0.842654]	                   #	Count: 1 (2.5641%)	Total: 39 (100%)
[cartographer_node-1] [INFO] [1778748773.514864838] [cartographer logger]: I0514 17:52:53.000000 99050 pose_graph_2d.cc:538] Remaining work items in queue: 0
[cartographer_node-1] [INFO] [1778748773.514889921] [cartographer logger]: I0514 17:52:53.000000 99050 constraint_builder_2d.cc:294] 0 computations resulted in 0 additional constraints.
[cartographer_node-1] [INFO] [1778748773.515315995] [cartographer logger]: I0514 17:52:53.000000 99050 constraint_builder_2d.cc:296] Score histogram:
[cartographer_node-1] Count: 39  Min: 0.58493  Max: 0.842654  Mean: 0.687347
[cartographer_node-1] [0.584930, 0.610702)	                 ###	Count: 5 (12.8205%)	Total: 5 (12.8205%)
[cartographer_node-1] [0.610702, 0.636475)	                  ##	Count: 4 (10.2564%)	Total: 9 (23.0769%)
[cartographer_node-1] [0.636475, 0.662247)	                ####	Count: 8 (20.5128%)	Total: 17 (43.5897%)
[cartographer_node-1] [0.662247, 0.688020)	                 ###	Count: 6 (15.3846%)	Total: 23 (58.9744%)
[cartographer_node-1] [0.688020, 0.713792)	                  ##	Count: 3 (7.69231%)	Total: 26 (66.6667%)
[cartographer_node-1] [0.713792, 0.739564)	                  ##	Count: 3 (7.69231%)	Total: 29 (74.359%)
[cartographer_node-1] [0.739564, 0.765337)	                  ##	Count: 3 (7.69231%)	Total: 32 (82.0513%)
[cartographer_node-1] [0.765337, 0.791109)	                  ##	Count: 4 (10.2564%)	Total: 36 (92.3077%)
[cartographer_node-1] [0.791109, 0.816881)	                   #	Count: 2 (5.12821%)	Total: 38 (97.4359%)
[cartographer_node-1] [0.816881, 0.842654]	                   #	Count: 1 (2.5641%)	Total: 39 (100%)
[cartographer_node-1] [INFO] [1778748773.594775299] [cartographer logger]: I0514 17:52:53.000000 99047 pose_graph_2d.cc:538] Remaining work items in queue: 1
[cartographer_node-1] [INFO] [1778748773.594823189] [cartographer logger]: I0514 17:52:53.000000 99047 constraint_builder_2d.cc:294] 0 computations resulted in 0 additional constraints.
[cartographer_node-1] [INFO] [1778748773.595372415] [cartographer logger]: I0514 17:52:53.000000 99047 constraint_builder_2d.cc:296] Score histogram:
[cartographer_node-1] Count: 39  Min: 0.58493  Max: 0.842654  Mean: 0.687347
[cartographer_node-1] [0.584930, 0.610702)	                 ###	Count: 5 (12.8205%)	Total: 5 (12.8205%)
[cartographer_node-1] [0.610702, 0.636475)	                  ##	Count: 4 (10.2564%)	Total: 9 (23.0769%)
[cartographer_node-1] [0.636475, 0.662247)	                ####	Count: 8 (20.5128%)	Total: 17 (43.5897%)
[cartographer_node-1] [0.662247, 0.688020)	                 ###	Count: 6 (15.3846%)	Total: 23 (58.9744%)
[cartographer_node-1] [0.688020, 0.713792)	                  ##	Count: 3 (7.69231%)	Total: 26 (66.6667%)
[cartographer_node-1] [0.713792, 0.739564)	                  ##	Count: 3 (7.69231%)	Total: 29 (74.359%)
[cartographer_node-1] [0.739564, 0.765337)	                  ##	Count: 3 (7.69231%)	Total: 32 (82.0513%)
[cartographer_node-1] [0.765337, 0.791109)	                  ##	Count: 4 (10.2564%)	Total: 36 (92.3077%)
[cartographer_node-1] [0.791109, 0.816881)	                   #	Count: 2 (5.12821%)	Total: 38 (97.4359%)
[cartographer_node-1] [0.816881, 0.842654]	                   #	Count: 1 (2.5641%)	Total: 39 (100%)
[cartographer_node-1] [INFO] [1778748773.682517677] [cartographer logger]: I0514 17:52:53.000000 99048 pose_graph_2d.cc:538] Remaining work items in queue: 1
[cartographer_node-1] [INFO] [1778748773.695167607] [cartographer logger]: I0514 17:52:53.000000 99008 pose_graph_2d.cc:148] Inserted submap (1, 7).
[cartographer_node-1] [INFO] [1778748773.711195436] [cartographer logger]: I0514 17:52:53.000000 99050 constraint_builder_2d.cc:279] Node (1, 628) with 204 points on submap (0, 8) matches with score 72.5%.
[cartographer_node-1] [INFO] [1778748773.713417242] [cartographer logger]: I0514 17:52:53.000000 99049 constraint_builder_2d.cc:279] Node (0, 290) with 203 points on submap (1, 5) matches with score 79.4%.
[cartographer_node-1] [INFO] [1778748773.717467339] [cartographer logger]: I0514 17:52:53.000000 99048 constraint_builder_2d.cc:279] Node (0, 890) with 201 points on submap (1, 5) matches with score 82.4%.
[cartographer_node-1] [INFO] [1778748773.763919985] [cartographer logger]: I0514 17:52:53.000000 99050 constraint_builder_2d.cc:279] Node (0, 1090) with 184 points on submap (1, 5) matches with score 58.5%.
[cartographer_node-1] [INFO] [1778748773.823864304] [cartographer logger]: I0514 17:52:53.000000 99047 constraint_builder_2d.cc:279] Node (0, 490) with 215 points on submap (1, 5) matches with score 60.8%.
[cartographer_node-1] [INFO] [1778748773.823921916] [cartographer logger]: I0514 17:52:53.000000 99047 constraint_builder_2d.cc:294] 9 computations resulted in 5 additional constraints.
[cartographer_node-1] [INFO] [1778748773.823951996] [cartographer logger]: I0514 17:52:53.000000 99047 constraint_builder_2d.cc:296] Score histogram:
[cartographer_node-1] Count: 44  Min: 0.58493  Max: 0.842654  Mean: 0.689598
[cartographer_node-1] [0.584930, 0.610702)	                 ###	Count: 7 (15.9091%)	Total: 7 (15.9091%)
[cartographer_node-1] [0.610702, 0.636475)	                  ##	Count: 4 (9.09091%)	Total: 11 (25%)
[cartographer_node-1] [0.636475, 0.662247)	                ####	Count: 8 (18.1818%)	Total: 19 (43.1818%)
[cartographer_node-1] [0.662247, 0.688020)	                 ###	Count: 6 (13.6364%)	Total: 25 (56.8182%)
[cartographer_node-1] [0.688020, 0.713792)	                   #	Count: 3 (6.81818%)	Total: 28 (63.6364%)
[cartographer_node-1] [0.713792, 0.739564)	                  ##	Count: 4 (9.09091%)	Total: 32 (72.7273%)
[cartographer_node-1] [0.739564, 0.765337)	                   #	Count: 3 (6.81818%)	Total: 35 (79.5455%)
[cartographer_node-1] [0.765337, 0.791109)	                  ##	Count: 4 (9.09091%)	Total: 39 (88.6364%)
[cartographer_node-1] [0.791109, 0.816881)	                   #	Count: 3 (6.81818%)	Total: 42 (95.4545%)
[cartographer_node-1] [0.816881, 0.842654]	                   #	Count: 2 (4.54545%)	Total: 44 (100%)
[cartographer_node-1] [INFO] [1778748773.854532296] [cartographer logger]: I0514 17:52:53.000000 99047 pose_graph_2d.cc:538] Remaining work items in queue: 5
[cartographer_node-1] [INFO] [1778748773.854559941] [cartographer logger]: I0514 17:52:53.000000 99047 constraint_builder_2d.cc:294] 0 computations resulted in 0 additional constraints.
[cartographer_node-1] [INFO] [1778748773.854654262] [cartographer logger]: I0514 17:52:53.000000 99047 constraint_builder_2d.cc:296] Score histogram:
[cartographer_node-1] Count: 44  Min: 0.58493  Max: 0.842654  Mean: 0.689598
[cartographer_node-1] [0.584930, 0.610702)	                 ###	Count: 7 (15.9091%)	Total: 7 (15.9091%)
[cartographer_node-1] [0.610702, 0.636475)	                  ##	Count: 4 (9.09091%)	Total: 11 (25%)
[cartographer_node-1] [0.636475, 0.662247)	                ####	Count: 8 (18.1818%)	Total: 19 (43.1818%)
[cartographer_node-1] [0.662247, 0.688020)	                 ###	Count: 6 (13.6364%)	Total: 25 (56.8182%)
[cartographer_node-1] [0.688020, 0.713792)	                   #	Count: 3 (6.81818%)	Total: 28 (63.6364%)
[cartographer_node-1] [0.713792, 0.739564)	                  ##	Count: 4 (9.09091%)	Total: 32 (72.7273%)
[cartographer_node-1] [0.739564, 0.765337)	                   #	Count: 3 (6.81818%)	Total: 35 (79.5455%)
[cartographer_node-1] [0.765337, 0.791109)	                  ##	Count: 4 (9.09091%)	Total: 39 (88.6364%)
[cartographer_node-1] [0.791109, 0.816881)	                   #	Count: 3 (6.81818%)	Total: 42 (95.4545%)
[cartographer_node-1] [0.816881, 0.842654]	                   #	Count: 2 (4.54545%)	Total: 44 (100%)
[cartographer_node-1] [INFO] [1778748773.913832862] [cartographer logger]: I0514 17:52:53.000000 99047 pose_graph_2d.cc:538] Remaining work items in queue: 1
[cartographer_node-1] [INFO] [1778748773.913858125] [cartographer logger]: I0514 17:52:53.000000 99047 constraint_builder_2d.cc:294] 0 computations resulted in 0 additional constraints.
[cartographer_node-1] [INFO] [1778748773.913937222] [cartographer logger]: I0514 17:52:53.000000 99047 constraint_builder_2d.cc:296] Score histogram:
[cartographer_node-1] Count: 44  Min: 0.58493  Max: 0.842654  Mean: 0.689598
[cartographer_node-1] [0.584930, 0.610702)	                 ###	Count: 7 (15.9091%)	Total: 7 (15.9091%)
[cartographer_node-1] [0.610702, 0.636475)	                  ##	Count: 4 (9.09091%)	Total: 11 (25%)
[cartographer_node-1] [0.636475, 0.662247)	                ####	Count: 8 (18.1818%)	Total: 19 (43.1818%)
[cartographer_node-1] [0.662247, 0.688020)	                 ###	Count: 6 (13.6364%)	Total: 25 (56.8182%)
[cartographer_node-1] [0.688020, 0.713792)	                   #	Count: 3 (6.81818%)	Total: 28 (63.6364%)
[cartographer_node-1] [0.713792, 0.739564)	                  ##	Count: 4 (9.09091%)	Total: 32 (72.7273%)
[cartographer_node-1] [0.739564, 0.765337)	                   #	Count: 3 (6.81818%)	Total: 35 (79.5455%)
[cartographer_node-1] [0.765337, 0.791109)	                  ##	Count: 4 (9.09091%)	Total: 39 (88.6364%)
[cartographer_node-1] [0.791109, 0.816881)	                   #	Count: 3 (6.81818%)	Total: 42 (95.4545%)
[cartographer_node-1] [0.816881, 0.842654]	                   #	Count: 2 (4.54545%)	Total: 44 (100%)
[cartographer_node-1] [INFO] [1778748774.028002757] [cartographer logger]: I0514 17:52:54.000000 99048 pose_graph_2d.cc:538] Remaining work items in queue: 0
[cartographer_node-1] [INFO] [1778748774.028047724] [cartographer logger]: I0514 17:52:54.000000 99048 constraint_builder_2d.cc:294] 0 computations resulted in 0 additional constraints.
[cartographer_node-1] [INFO] [1778748774.028102515] [cartographer logger]: I0514 17:52:54.000000 99048 constraint_builder_2d.cc:296] Score histogram:
[cartographer_node-1] Count: 44  Min: 0.58493  Max: 0.842654  Mean: 0.689598
[cartographer_node-1] [0.584930, 0.610702)	                 ###	Count: 7 (15.9091%)	Total: 7 (15.9091%)
[cartographer_node-1] [0.610702, 0.636475)	                  ##	Count: 4 (9.09091%)	Total: 11 (25%)
[cartographer_node-1] [0.636475, 0.662247)	                ####	Count: 8 (18.1818%)	Total: 19 (43.1818%)
[cartographer_node-1] [0.662247, 0.688020)	                 ###	Count: 6 (13.6364%)	Total: 25 (56.8182%)
[cartographer_node-1] [0.688020, 0.713792)	                   #	Count: 3 (6.81818%)	Total: 28 (63.6364%)
[cartographer_node-1] [0.713792, 0.739564)	                  ##	Count: 4 (9.09091%)	Total: 32 (72.7273%)
[cartographer_node-1] [0.739564, 0.765337)	                   #	Count: 3 (6.81818%)	Total: 35 (79.5455%)
[cartographer_node-1] [0.765337, 0.791109)	                  ##	Count: 4 (9.09091%)	Total: 39 (88.6364%)
[cartographer_node-1] [0.791109, 0.816881)	                   #	Count: 3 (6.81818%)	Total: 42 (95.4545%)
[cartographer_node-1] [0.816881, 0.842654]	                   #	Count: 2 (4.54545%)	Total: 44 (100%)
[cartographer_node-1] [INFO] [1778748774.096398400] [cartographer logger]: I0514 17:52:54.000000 99047 pose_graph_2d.cc:538] Remaining work items in queue: 1
[cartographer_node-1] [INFO] [1778748774.096423193] [cartographer logger]: I0514 17:52:54.000000 99047 constraint_builder_2d.cc:294] 0 computations resulted in 0 additional constraints.
[cartographer_node-1] [INFO] [1778748774.096505314] [cartographer logger]: I0514 17:52:54.000000 99047 constraint_builder_2d.cc:296] Score histogram:
[cartographer_node-1] Count: 44  Min: 0.58493  Max: 0.842654  Mean: 0.689598
[cartographer_node-1] [0.584930, 0.610702)	                 ###	Count: 7 (15.9091%)	Total: 7 (15.9091%)
[cartographer_node-1] [0.610702, 0.636475)	                  ##	Count: 4 (9.09091%)	Total: 11 (25%)
[cartographer_node-1] [0.636475, 0.662247)	                ####	Count: 8 (18.1818%)	Total: 19 (43.1818%)
[cartographer_node-1] [0.662247, 0.688020)	                 ###	Count: 6 (13.6364%)	Total: 25 (56.8182%)
[cartographer_node-1] [0.688020, 0.713792)	                   #	Count: 3 (6.81818%)	Total: 28 (63.6364%)
[cartographer_node-1] [0.713792, 0.739564)	                  ##	Count: 4 (9.09091%)	Total: 32 (72.7273%)
[cartographer_node-1] [0.739564, 0.765337)	                   #	Count: 3 (6.81818%)	Total: 35 (79.5455%)
[cartographer_node-1] [0.765337, 0.791109)	                  ##	Count: 4 (9.09091%)	Total: 39 (88.6364%)
[cartographer_node-1] [0.791109, 0.816881)	                   #	Count: 3 (6.81818%)	Total: 42 (95.4545%)
[cartographer_node-1] [0.816881, 0.842654]	                   #	Count: 2 (4.54545%)	Total: 44 (100%)
[cartographer_node-1] [INFO] [1778748774.147289856] [cartographer logger]: I0514 17:52:54.000000 99048 pose_graph_2d.cc:538] Remaining work items in queue: 0
[cartographer_node-1] [INFO] [1778748774.147311460] [cartographer logger]: I0514 17:52:54.000000 99048 constraint_builder_2d.cc:294] 1 computations resulted in 0 additional constraints.
[cartographer_node-1] [INFO] [1778748774.147412089] [cartographer logger]: I0514 17:52:54.000000 99048 constraint_builder_2d.cc:296] Score histogram:
[cartographer_node-1] Count: 44  Min: 0.58493  Max: 0.842654  Mean: 0.689598
[cartographer_node-1] [0.584930, 0.610702)	                 ###	Count: 7 (15.9091%)	Total: 7 (15.9091%)
[cartographer_node-1] [0.610702, 0.636475)	                  ##	Count: 4 (9.09091%)	Total: 11 (25%)
[cartographer_node-1] [0.636475, 0.662247)	                ####	Count: 8 (18.1818%)	Total: 19 (43.1818%)
[cartographer_node-1] [0.662247, 0.688020)	                 ###	Count: 6 (13.6364%)	Total: 25 (56.8182%)
[cartographer_node-1] [0.688020, 0.713792)	                   #	Count: 3 (6.81818%)	Total: 28 (63.6364%)
[cartographer_node-1] [0.713792, 0.739564)	                  ##	Count: 4 (9.09091%)	Total: 32 (72.7273%)
[cartographer_node-1] [0.739564, 0.765337)	                   #	Count: 3 (6.81818%)	Total: 35 (79.5455%)
[cartographer_node-1] [0.765337, 0.791109)	                  ##	Count: 4 (9.09091%)	Total: 39 (88.6364%)
[cartographer_node-1] [0.791109, 0.816881)	                   #	Count: 3 (6.81818%)	Total: 42 (95.4545%)
[cartographer_node-1] [0.816881, 0.842654]	                   #	Count: 2 (4.54545%)	Total: 44 (100%)
[cartographer_node-1] [INFO] [1778748774.224933906] [cartographer logger]: I0514 17:52:54.000000 99048 pose_graph_2d.cc:538] Remaining work items in queue: 0
[cartographer_node-1] [INFO] [1778748774.224954999] [cartographer logger]: I0514 17:52:54.000000 99048 constraint_builder_2d.cc:294] 0 computations resulted in 0 additional constraints.
[cartographer_node-1] [INFO] [1778748774.225042235] [cartographer logger]: I0514 17:52:54.000000 99048 constraint_builder_2d.cc:296] Score histogram:
[cartographer_node-1] Count: 44  Min: 0.58493  Max: 0.842654  Mean: 0.689598
[cartographer_node-1] [0.584930, 0.610702)	                 ###	Count: 7 (15.9091%)	Total: 7 (15.9091%)
[cartographer_node-1] [0.610702, 0.636475)	                  ##	Count: 4 (9.09091%)	Total: 11 (25%)
[cartographer_node-1] [0.636475, 0.662247)	                ####	Count: 8 (18.1818%)	Total: 19 (43.1818%)
[cartographer_node-1] [0.662247, 0.688020)	                 ###	Count: 6 (13.6364%)	Total: 25 (56.8182%)
[cartographer_node-1] [0.688020, 0.713792)	                   #	Count: 3 (6.81818%)	Total: 28 (63.6364%)
[cartographer_node-1] [0.713792, 0.739564)	                  ##	Count: 4 (9.09091%)	Total: 32 (72.7273%)
[cartographer_node-1] [0.739564, 0.765337)	                   #	Count: 3 (6.81818%)	Total: 35 (79.5455%)
[cartographer_node-1] [0.765337, 0.791109)	                  ##	Count: 4 (9.09091%)	Total: 39 (88.6364%)
[cartographer_node-1] [0.791109, 0.816881)	                   #	Count: 3 (6.81818%)	Total: 42 (95.4545%)
[cartographer_node-1] [0.816881, 0.842654]	                   #	Count: 2 (4.54545%)	Total: 44 (100%)
[cartographer_node-1] [INFO] [1778748774.292904057] [cartographer logger]: I0514 17:52:54.000000 99050 pose_graph_2d.cc:538] Remaining work items in queue: 0
[cartographer_node-1] [INFO] [1778748774.292926969] [cartographer logger]: I0514 17:52:54.000000 99050 constraint_builder_2d.cc:294] 0 computations resulted in 0 additional constraints.
[cartographer_node-1] [INFO] [1778748774.292985514] [cartographer logger]: I0514 17:52:54.000000 99050 constraint_builder_2d.cc:296] Score histogram:
[cartographer_node-1] Count: 44  Min: 0.58493  Max: 0.842654  Mean: 0.689598
[cartographer_node-1] [0.584930, 0.610702)	                 ###	Count: 7 (15.9091%)	Total: 7 (15.9091%)
[cartographer_node-1] [0.610702, 0.636475)	                  ##	Count: 4 (9.09091%)	Total: 11 (25%)
[cartographer_node-1] [0.636475, 0.662247)	                ####	Count: 8 (18.1818%)	Total: 19 (43.1818%)
[cartographer_node-1] [0.662247, 0.688020)	                 ###	Count: 6 (13.6364%)	Total: 25 (56.8182%)
[cartographer_node-1] [0.688020, 0.713792)	                   #	Count: 3 (6.81818%)	Total: 28 (63.6364%)
[cartographer_node-1] [0.713792, 0.739564)	                  ##	Count: 4 (9.09091%)	Total: 32 (72.7273%)
[cartographer_node-1] [0.739564, 0.765337)	                   #	Count: 3 (6.81818%)	Total: 35 (79.5455%)
[cartographer_node-1] [0.765337, 0.791109)	                  ##	Count: 4 (9.09091%)	Total: 39 (88.6364%)
[cartographer_node-1] [0.791109, 0.816881)	                   #	Count: 3 (6.81818%)	Total: 42 (95.4545%)
[cartographer_node-1] [0.816881, 0.842654]	                   #	Count: 2 (4.54545%)	Total: 44 (100%)
[cartographer_node-1] [INFO] [1778748774.379519643] [cartographer logger]: I0514 17:52:54.000000 99048 pose_graph_2d.cc:538] Remaining work items in queue: 1
[cartographer_node-1] [INFO] [1778748774.379543340] [cartographer logger]: I0514 17:52:54.000000 99048 constraint_builder_2d.cc:294] 0 computations resulted in 0 additional constraints.
[cartographer_node-1] [INFO] [1778748774.379866107] [cartographer logger]: I0514 17:52:54.000000 99048 constraint_builder_2d.cc:296] Score histogram:
[cartographer_node-1] Count: 44  Min: 0.58493  Max: 0.842654  Mean: 0.689598
[cartographer_node-1] [0.584930, 0.610702)	                 ###	Count: 7 (15.9091%)	Total: 7 (15.9091%)
[cartographer_node-1] [0.610702, 0.636475)	                  ##	Count: 4 (9.09091%)	Total: 11 (25%)
[cartographer_node-1] [0.636475, 0.662247)	                ####	Count: 8 (18.1818%)	Total: 19 (43.1818%)
[cartographer_node-1] [0.662247, 0.688020)	                 ###	Count: 6 (13.6364%)	Total: 25 (56.8182%)
[cartographer_node-1] [0.688020, 0.713792)	                   #	Count: 3 (6.81818%)	Total: 28 (63.6364%)
[cartographer_node-1] [0.713792, 0.739564)	                  ##	Count: 4 (9.09091%)	Total: 32 (72.7273%)
[cartographer_node-1] [0.739564, 0.765337)	                   #	Count: 3 (6.81818%)	Total: 35 (79.5455%)
[cartographer_node-1] [0.765337, 0.791109)	                  ##	Count: 4 (9.09091%)	Total: 39 (88.6364%)
[cartographer_node-1] [0.791109, 0.816881)	                   #	Count: 3 (6.81818%)	Total: 42 (95.4545%)
[cartographer_node-1] [0.816881, 0.842654]	                   #	Count: 2 (4.54545%)	Total: 44 (100%)
[cartographer_node-1] [INFO] [1778748774.474823609] [cartographer logger]: I0514 17:52:54.000000 99048 pose_graph_2d.cc:538] Remaining work items in queue: 0
[cartographer_node-1] [INFO] [1778748774.474874387] [cartographer logger]: I0514 17:52:54.000000 99048 constraint_builder_2d.cc:294] 0 computations resulted in 0 additional constraints.
[cartographer_node-1] [INFO] [1778748774.475175371] [cartographer logger]: I0514 17:52:54.000000 99048 constraint_builder_2d.cc:296] Score histogram:
[cartographer_node-1] Count: 44  Min: 0.58493  Max: 0.842654  Mean: 0.689598
[cartographer_node-1] [0.584930, 0.610702)	                 ###	Count: 7 (15.9091%)	Total: 7 (15.9091%)
[cartographer_node-1] [0.610702, 0.636475)	                  ##	Count: 4 (9.09091%)	Total: 11 (25%)
[cartographer_node-1] [0.636475, 0.662247)	                ####	Count: 8 (18.1818%)	Total: 19 (43.1818%)
[cartographer_node-1] [0.662247, 0.688020)	                 ###	Count: 6 (13.6364%)	Total: 25 (56.8182%)
[cartographer_node-1] [0.688020, 0.713792)	                   #	Count: 3 (6.81818%)	Total: 28 (63.6364%)
[cartographer_node-1] [0.713792, 0.739564)	                  ##	Count: 4 (9.09091%)	Total: 32 (72.7273%)
[cartographer_node-1] [0.739564, 0.765337)	                   #	Count: 3 (6.81818%)	Total: 35 (79.5455%)
[cartographer_node-1] [0.765337, 0.791109)	                  ##	Count: 4 (9.09091%)	Total: 39 (88.6364%)
[cartographer_node-1] [0.791109, 0.816881)	                   #	Count: 3 (6.81818%)	Total: 42 (95.4545%)
[cartographer_node-1] [0.816881, 0.842654]	                   #	Count: 2 (4.54545%)	Total: 44 (100%)
[cartographer_node-1] [INFO] [1778748774.526497112] [cartographer logger]: I0514 17:52:54.000000 99049 pose_graph_2d.cc:538] Remaining work items in queue: 1
[cartographer_node-1] [INFO] [1778748774.526549895] [cartographer logger]: I0514 17:52:54.000000 99049 constraint_builder_2d.cc:294] 1 computations resulted in 0 additional constraints.
[cartographer_node-1] [INFO] [1778748774.526568950] [cartographer logger]: I0514 17:52:54.000000 99049 constraint_builder_2d.cc:296] Score histogram:
[cartographer_node-1] Count: 44  Min: 0.58493  Max: 0.842654  Mean: 0.689598
[cartographer_node-1] [0.584930, 0.610702)	                 ###	Count: 7 (15.9091%)	Total: 7 (15.9091%)
[cartographer_node-1] [0.610702, 0.636475)	                  ##	Count: 4 (9.09091%)	Total: 11 (25%)
[cartographer_node-1] [0.636475, 0.662247)	                ####	Count: 8 (18.1818%)	Total: 19 (43.1818%)
[cartographer_node-1] [0.662247, 0.688020)	                 ###	Count: 6 (13.6364%)	Total: 25 (56.8182%)
[cartographer_node-1] [0.688020, 0.713792)	                   #	Count: 3 (6.81818%)	Total: 28 (63.6364%)
[cartographer_node-1] [0.713792, 0.739564)	                  ##	Count: 4 (9.09091%)	Total: 32 (72.7273%)
[cartographer_node-1] [0.739564, 0.765337)	                   #	Count: 3 (6.81818%)	Total: 35 (79.5455%)
[cartographer_node-1] [0.765337, 0.791109)	                  ##	Count: 4 (9.09091%)	Total: 39 (88.6364%)
[cartographer_node-1] [0.791109, 0.816881)	                   #	Count: 3 (6.81818%)	Total: 42 (95.4545%)
[cartographer_node-1] [0.816881, 0.842654]	                   #	Count: 2 (4.54545%)	Total: 44 (100%)
[cartographer_node-1] [INFO] [1778748774.622030775] [cartographer logger]: I0514 17:52:54.000000 99049 pose_graph_2d.cc:538] Remaining work items in queue: 1
[cartographer_node-1] [INFO] [1778748774.622053155] [cartographer logger]: I0514 17:52:54.000000 99049 constraint_builder_2d.cc:294] 0 computations resulted in 0 additional constraints.
[cartographer_node-1] [INFO] [1778748774.622410729] [cartographer logger]: I0514 17:52:54.000000 99049 constraint_builder_2d.cc:296] Score histogram:
[cartographer_node-1] Count: 44  Min: 0.58493  Max: 0.842654  Mean: 0.689598
[cartographer_node-1] [0.584930, 0.610702)	                 ###	Count: 7 (15.9091%)	Total: 7 (15.9091%)
[cartographer_node-1] [0.610702, 0.636475)	                  ##	Count: 4 (9.09091%)	Total: 11 (25%)
[cartographer_node-1] [0.636475, 0.662247)	                ####	Count: 8 (18.1818%)	Total: 19 (43.1818%)
[cartographer_node-1] [0.662247, 0.688020)	                 ###	Count: 6 (13.6364%)	Total: 25 (56.8182%)
[cartographer_node-1] [0.688020, 0.713792)	                   #	Count: 3 (6.81818%)	Total: 28 (63.6364%)
[cartographer_node-1] [0.713792, 0.739564)	                  ##	Count: 4 (9.09091%)	Total: 32 (72.7273%)
[cartographer_node-1] [0.739564, 0.765337)	                   #	Count: 3 (6.81818%)	Total: 35 (79.5455%)
[cartographer_node-1] [0.765337, 0.791109)	                  ##	Count: 4 (9.09091%)	Total: 39 (88.6364%)
[cartographer_node-1] [0.791109, 0.816881)	                   #	Count: 3 (6.81818%)	Total: 42 (95.4545%)
[cartographer_node-1] [0.816881, 0.842654]	                   #	Count: 2 (4.54545%)	Total: 44 (100%)
[cartographer_node-1] [INFO] [1778748774.674993070] [cartographer logger]: I0514 17:52:54.000000 99047 pose_graph_2d.cc:538] Remaining work items in queue: 0
[cartographer_node-1] [INFO] [1778748774.675021111] [cartographer logger]: I0514 17:52:54.000000 99047 constraint_builder_2d.cc:294] 0 computations resulted in 0 additional constraints.
[cartographer_node-1] [INFO] [1778748774.675107508] [cartographer logger]: I0514 17:52:54.000000 99047 constraint_builder_2d.cc:296] Score histogram:
[cartographer_node-1] Count: 44  Min: 0.58493  Max: 0.842654  Mean: 0.689598
[cartographer_node-1] [0.584930, 0.610702)	                 ###	Count: 7 (15.9091%)	Total: 7 (15.9091%)
[cartographer_node-1] [0.610702, 0.636475)	                  ##	Count: 4 (9.09091%)	Total: 11 (25%)
[cartographer_node-1] [0.636475, 0.662247)	                ####	Count: 8 (18.1818%)	Total: 19 (43.1818%)
[cartographer_node-1] [0.662247, 0.688020)	                 ###	Count: 6 (13.6364%)	Total: 25 (56.8182%)
[cartographer_node-1] [0.688020, 0.713792)	                   #	Count: 3 (6.81818%)	Total: 28 (63.6364%)
[cartographer_node-1] [0.713792, 0.739564)	                  ##	Count: 4 (9.09091%)	Total: 32 (72.7273%)
[cartographer_node-1] [0.739564, 0.765337)	                   #	Count: 3 (6.81818%)	Total: 35 (79.5455%)
[cartographer_node-1] [0.765337, 0.791109)	                  ##	Count: 4 (9.09091%)	Total: 39 (88.6364%)
[cartographer_node-1] [0.791109, 0.816881)	                   #	Count: 3 (6.81818%)	Total: 42 (95.4545%)
[cartographer_node-1] [0.816881, 0.842654]	                   #	Count: 2 (4.54545%)	Total: 44 (100%)
[cartographer_node-1] [INFO] [1778748774.779822050] [cartographer logger]: I0514 17:52:54.000000 99047 pose_graph_2d.cc:538] Remaining work items in queue: 0
[cartographer_node-1] [INFO] [1778748774.779846605] [cartographer logger]: I0514 17:52:54.000000 99047 constraint_builder_2d.cc:294] 0 computations resulted in 0 additional constraints.
[cartographer_node-1] [INFO] [1778748774.779932762] [cartographer logger]: I0514 17:52:54.000000 99047 constraint_builder_2d.cc:296] Score histogram:
[cartographer_node-1] Count: 44  Min: 0.58493  Max: 0.842654  Mean: 0.689598
[cartographer_node-1] [0.584930, 0.610702)	                 ###	Count: 7 (15.9091%)	Total: 7 (15.9091%)
[cartographer_node-1] [0.610702, 0.636475)	                  ##	Count: 4 (9.09091%)	Total: 11 (25%)
[cartographer_node-1] [0.636475, 0.662247)	                ####	Count: 8 (18.1818%)	Total: 19 (43.1818%)
[cartographer_node-1] [0.662247, 0.688020)	                 ###	Count: 6 (13.6364%)	Total: 25 (56.8182%)
[cartographer_node-1] [0.688020, 0.713792)	                   #	Count: 3 (6.81818%)	Total: 28 (63.6364%)
[cartographer_node-1] [0.713792, 0.739564)	                  ##	Count: 4 (9.09091%)	Total: 32 (72.7273%)
[cartographer_node-1] [0.739564, 0.765337)	                   #	Count: 3 (6.81818%)	Total: 35 (79.5455%)
[cartographer_node-1] [0.765337, 0.791109)	                  ##	Count: 4 (9.09091%)	Total: 39 (88.6364%)
[cartographer_node-1] [0.791109, 0.816881)	                   #	Count: 3 (6.81818%)	Total: 42 (95.4545%)
[cartographer_node-1] [0.816881, 0.842654]	                   #	Count: 2 (4.54545%)	Total: 44 (100%)
[cartographer_node-1] [INFO] [1778748774.824135090] [cartographer logger]: I0514 17:52:54.000000 99050 pose_graph_2d.cc:538] Remaining work items in queue: 1
[cartographer_node-1] [INFO] [1778748774.857345215] [cartographer logger]: I0514 17:52:54.000000 99048 constraint_builder_2d.cc:294] 1 computations resulted in 0 additional constraints.
[cartographer_node-1] [INFO] [1778748774.857380008] [cartographer logger]: I0514 17:52:54.000000 99048 constraint_builder_2d.cc:296] Score histogram:
[cartographer_node-1] Count: 44  Min: 0.58493  Max: 0.842654  Mean: 0.689598
[cartographer_node-1] [0.584930, 0.610702)	                 ###	Count: 7 (15.9091%)	Total: 7 (15.9091%)
[cartographer_node-1] [0.610702, 0.636475)	                  ##	Count: 4 (9.09091%)	Total: 11 (25%)
[cartographer_node-1] [0.636475, 0.662247)	                ####	Count: 8 (18.1818%)	Total: 19 (43.1818%)
[cartographer_node-1] [0.662247, 0.688020)	                 ###	Count: 6 (13.6364%)	Total: 25 (56.8182%)
[cartographer_node-1] [0.688020, 0.713792)	                   #	Count: 3 (6.81818%)	Total: 28 (63.6364%)
[cartographer_node-1] [0.713792, 0.739564)	                  ##	Count: 4 (9.09091%)	Total: 32 (72.7273%)
[cartographer_node-1] [0.739564, 0.765337)	                   #	Count: 3 (6.81818%)	Total: 35 (79.5455%)
[cartographer_node-1] [0.765337, 0.791109)	                  ##	Count: 4 (9.09091%)	Total: 39 (88.6364%)
[cartographer_node-1] [0.791109, 0.816881)	                   #	Count: 3 (6.81818%)	Total: 42 (95.4545%)
[cartographer_node-1] [0.816881, 0.842654]	                   #	Count: 2 (4.54545%)	Total: 44 (100%)
[cartographer_node-1] [INFO] [1778748774.973634809] [cartographer logger]: I0514 17:52:54.000000 99050 pose_graph_2d.cc:538] Remaining work items in queue: 0
[cartographer_node-1] [INFO] [1778748774.973682930] [cartographer logger]: I0514 17:52:54.000000 99050 constraint_builder_2d.cc:294] 0 computations resulted in 0 additional constraints.
[cartographer_node-1] [INFO] [1778748774.973989644] [cartographer logger]: I0514 17:52:54.000000 99050 constraint_builder_2d.cc:296] Score histogram:
[cartographer_node-1] Count: 44  Min: 0.58493  Max: 0.842654  Mean: 0.689598
[cartographer_node-1] [0.584930, 0.610702)	                 ###	Count: 7 (15.9091%)	Total: 7 (15.9091%)
[cartographer_node-1] [0.610702, 0.636475)	                  ##	Count: 4 (9.09091%)	Total: 11 (25%)
[cartographer_node-1] [0.636475, 0.662247)	                ####	Count: 8 (18.1818%)	Total: 19 (43.1818%)
[cartographer_node-1] [0.662247, 0.688020)	                 ###	Count: 6 (13.6364%)	Total: 25 (56.8182%)
[cartographer_node-1] [0.688020, 0.713792)	                   #	Count: 3 (6.81818%)	Total: 28 (63.6364%)
[cartographer_node-1] [0.713792, 0.739564)	                  ##	Count: 4 (9.09091%)	Total: 32 (72.7273%)
[cartographer_node-1] [0.739564, 0.765337)	                   #	Count: 3 (6.81818%)	Total: 35 (79.5455%)
[cartographer_node-1] [0.765337, 0.791109)	                  ##	Count: 4 (9.09091%)	Total: 39 (88.6364%)
[cartographer_node-1] [0.791109, 0.816881)	                   #	Count: 3 (6.81818%)	Total: 42 (95.4545%)
[cartographer_node-1] [0.816881, 0.842654]	                   #	Count: 2 (4.54545%)	Total: 44 (100%)
[cartographer_node-1] [INFO] [1778748775.071533377] [cartographer logger]: I0514 17:52:55.000000 99050 pose_graph_2d.cc:538] Remaining work items in queue: 2
[cartographer_node-1] [INFO] [1778748775.071555667] [cartographer logger]: I0514 17:52:55.000000 99050 constraint_builder_2d.cc:294] 0 computations resulted in 0 additional constraints.
[cartographer_node-1] [INFO] [1778748775.079087293] [cartographer logger]: I0514 17:52:55.000000 99050 constraint_builder_2d.cc:296] Score histogram:
[cartographer_node-1] Count: 44  Min: 0.58493  Max: 0.842654  Mean: 0.689598
[cartographer_node-1] [0.584930, 0.610702)	                 ###	Count: 7 (15.9091%)	Total: 7 (15.9091%)
[cartographer_node-1] [0.610702, 0.636475)	                  ##	Count: 4 (9.09091%)	Total: 11 (25%)
[cartographer_node-1] [0.636475, 0.662247)	                ####	Count: 8 (18.1818%)	Total: 19 (43.1818%)
[cartographer_node-1] [0.662247, 0.688020)	                 ###	Count: 6 (13.6364%)	Total: 25 (56.8182%)
[cartographer_node-1] [0.688020, 0.713792)	                   #	Count: 3 (6.81818%)	Total: 28 (63.6364%)
[cartographer_node-1] [0.713792, 0.739564)	                  ##	Count: 4 (9.09091%)	Total: 32 (72.7273%)
[cartographer_node-1] [0.739564, 0.765337)	                   #	Count: 3 (6.81818%)	Total: 35 (79.5455%)
[cartographer_node-1] [0.765337, 0.791109)	                  ##	Count: 4 (9.09091%)	Total: 39 (88.6364%)
[cartographer_node-1] [0.791109, 0.816881)	                   #	Count: 3 (6.81818%)	Total: 42 (95.4545%)
[cartographer_node-1] [0.816881, 0.842654]	                   #	Count: 2 (4.54545%)	Total: 44 (100%)
[cartographer_node-1] [INFO] [1778748775.124357815] [cartographer logger]: I0514 17:52:55.000000 99049 pose_graph_2d.cc:538] Remaining work items in queue: 1
[cartographer_node-1] [INFO] [1778748775.124388080] [cartographer logger]: I0514 17:52:55.000000 99049 constraint_builder_2d.cc:294] 0 computations resulted in 0 additional constraints.
[cartographer_node-1] [INFO] [1778748775.124738102] [cartographer logger]: I0514 17:52:55.000000 99049 constraint_builder_2d.cc:296] Score histogram:
[cartographer_node-1] Count: 44  Min: 0.58493  Max: 0.842654  Mean: 0.689598
[cartographer_node-1] [0.584930, 0.610702)	                 ###	Count: 7 (15.9091%)	Total: 7 (15.9091%)
[cartographer_node-1] [0.610702, 0.636475)	                  ##	Count: 4 (9.09091%)	Total: 11 (25%)
[cartographer_node-1] [0.636475, 0.662247)	                ####	Count: 8 (18.1818%)	Total: 19 (43.1818%)
[cartographer_node-1] [0.662247, 0.688020)	                 ###	Count: 6 (13.6364%)	Total: 25 (56.8182%)
[cartographer_node-1] [0.688020, 0.713792)	                   #	Count: 3 (6.81818%)	Total: 28 (63.6364%)
[cartographer_node-1] [0.713792, 0.739564)	                  ##	Count: 4 (9.09091%)	Total: 32 (72.7273%)
[cartographer_node-1] [0.739564, 0.765337)	                   #	Count: 3 (6.81818%)	Total: 35 (79.5455%)
[cartographer_node-1] [0.765337, 0.791109)	                  ##	Count: 4 (9.09091%)	Total: 39 (88.6364%)
[cartographer_node-1] [0.791109, 0.816881)	                   #	Count: 3 (6.81818%)	Total: 42 (95.4545%)
[cartographer_node-1] [0.816881, 0.842654]	                   #	Count: 2 (4.54545%)	Total: 44 (100%)
[cartographer_node-1] [INFO] [1778748775.202093839] [cartographer logger]: I0514 17:52:55.000000 99050 pose_graph_2d.cc:538] Remaining work items in queue: 0
[cartographer_node-1] [INFO] [1778748775.202117215] [cartographer logger]: I0514 17:52:55.000000 99050 constraint_builder_2d.cc:294] 0 computations resulted in 0 additional constraints.
[cartographer_node-1] [INFO] [1778748775.202501895] [cartographer logger]: I0514 17:52:55.000000 99050 constraint_builder_2d.cc:296] Score histogram:
[cartographer_node-1] Count: 44  Min: 0.58493  Max: 0.842654  Mean: 0.689598
[cartographer_node-1] [0.584930, 0.610702)	                 ###	Count: 7 (15.9091%)	Total: 7 (15.9091%)
[cartographer_node-1] [0.610702, 0.636475)	                  ##	Count: 4 (9.09091%)	Total: 11 (25%)
[cartographer_node-1] [0.636475, 0.662247)	                ####	Count: 8 (18.1818%)	Total: 19 (43.1818%)
[cartographer_node-1] [0.662247, 0.688020)	                 ###	Count: 6 (13.6364%)	Total: 25 (56.8182%)
[cartographer_node-1] [0.688020, 0.713792)	                   #	Count: 3 (6.81818%)	Total: 28 (63.6364%)
[cartographer_node-1] [0.713792, 0.739564)	                  ##	Count: 4 (9.09091%)	Total: 32 (72.7273%)
[cartographer_node-1] [0.739564, 0.765337)	                   #	Count: 3 (6.81818%)	Total: 35 (79.5455%)
[cartographer_node-1] [0.765337, 0.791109)	                  ##	Count: 4 (9.09091%)	Total: 39 (88.6364%)
[cartographer_node-1] [0.791109, 0.816881)	                   #	Count: 3 (6.81818%)	Total: 42 (95.4545%)
[cartographer_node-1] [0.816881, 0.842654]	                   #	Count: 2 (4.54545%)	Total: 44 (100%)
[cartographer_node-1] [INFO] [1778748775.278590433] [cartographer logger]: I0514 17:52:55.000000 99050 pose_graph_2d.cc:538] Remaining work items in queue: 0
[cartographer_node-1] [INFO] [1778748775.317644465] [cartographer logger]: I0514 17:52:55.000000 99049 constraint_builder_2d.cc:294] 1 computations resulted in 0 additional constraints.
[cartographer_node-1] [INFO] [1778748775.317711236] [cartographer logger]: I0514 17:52:55.000000 99049 constraint_builder_2d.cc:296] Score histogram:
[cartographer_node-1] Count: 44  Min: 0.58493  Max: 0.842654  Mean: 0.689598
[cartographer_node-1] [0.584930, 0.610702)	                 ###	Count: 7 (15.9091%)	Total: 7 (15.9091%)
[cartographer_node-1] [0.610702, 0.636475)	                  ##	Count: 4 (9.09091%)	Total: 11 (25%)
[cartographer_node-1] [0.636475, 0.662247)	                ####	Count: 8 (18.1818%)	Total: 19 (43.1818%)
[cartographer_node-1] [0.662247, 0.688020)	                 ###	Count: 6 (13.6364%)	Total: 25 (56.8182%)
[cartographer_node-1] [0.688020, 0.713792)	                   #	Count: 3 (6.81818%)	Total: 28 (63.6364%)
[cartographer_node-1] [0.713792, 0.739564)	                  ##	Count: 4 (9.09091%)	Total: 32 (72.7273%)
[cartographer_node-1] [0.739564, 0.765337)	                   #	Count: 3 (6.81818%)	Total: 35 (79.5455%)
[cartographer_node-1] [0.765337, 0.791109)	                  ##	Count: 4 (9.09091%)	Total: 39 (88.6364%)
[cartographer_node-1] [0.791109, 0.816881)	                   #	Count: 3 (6.81818%)	Total: 42 (95.4545%)
[cartographer_node-1] [0.816881, 0.842654]	                   #	Count: 2 (4.54545%)	Total: 44 (100%)
[cartographer_node-1] [INFO] [1778748775.387100125] [cartographer logger]: I0514 17:52:55.000000 99049 pose_graph_2d.cc:538] Remaining work items in queue: 1
[cartographer_node-1] [INFO] [1778748775.387180761] [cartographer logger]: I0514 17:52:55.000000 99049 constraint_builder_2d.cc:294] 0 computations resulted in 0 additional constraints.
[cartographer_node-1] [INFO] [1778748775.387424183] [cartographer logger]: I0514 17:52:55.000000 99049 constraint_builder_2d.cc:296] Score histogram:
[cartographer_node-1] Count: 44  Min: 0.58493  Max: 0.842654  Mean: 0.689598
[cartographer_node-1] [0.584930, 0.610702)	                 ###	Count: 7 (15.9091%)	Total: 7 (15.9091%)
[cartographer_node-1] [0.610702, 0.636475)	                  ##	Count: 4 (9.09091%)	Total: 11 (25%)
[cartographer_node-1] [0.636475, 0.662247)	                ####	Count: 8 (18.1818%)	Total: 19 (43.1818%)
[cartographer_node-1] [0.662247, 0.688020)	                 ###	Count: 6 (13.6364%)	Total: 25 (56.8182%)
[cartographer_node-1] [0.688020, 0.713792)	                   #	Count: 3 (6.81818%)	Total: 28 (63.6364%)
[cartographer_node-1] [0.713792, 0.739564)	                  ##	Count: 4 (9.09091%)	Total: 32 (72.7273%)
[cartographer_node-1] [0.739564, 0.765337)	                   #	Count: 3 (6.81818%)	Total: 35 (79.5455%)
[cartographer_node-1] [0.765337, 0.791109)	                  ##	Count: 4 (9.09091%)	Total: 39 (88.6364%)
[cartographer_node-1] [0.791109, 0.816881)	                   #	Count: 3 (6.81818%)	Total: 42 (95.4545%)
[cartographer_node-1] [0.816881, 0.842654]	                   #	Count: 2 (4.54545%)	Total: 44 (100%)
[cartographer_node-1] [INFO] [1778748775.423163270] [cartographer logger]: I0514 17:52:55.000000 99049 pose_graph_2d.cc:538] Remaining work items in queue: 0
[cartographer_node-1] [INFO] [1778748775.423186531] [cartographer logger]: I0514 17:52:55.000000 99049 constraint_builder_2d.cc:294] 0 computations resulted in 0 additional constraints.
[cartographer_node-1] [INFO] [1778748775.423273231] [cartographer logger]: I0514 17:52:55.000000 99049 constraint_builder_2d.cc:296] Score histogram:
[cartographer_node-1] Count: 44  Min: 0.58493  Max: 0.842654  Mean: 0.689598
[cartographer_node-1] [0.584930, 0.610702)	                 ###	Count: 7 (15.9091%)	Total: 7 (15.9091%)
[cartographer_node-1] [0.610702, 0.636475)	                  ##	Count: 4 (9.09091%)	Total: 11 (25%)
[cartographer_node-1] [0.636475, 0.662247)	                ####	Count: 8 (18.1818%)	Total: 19 (43.1818%)
[cartographer_node-1] [0.662247, 0.688020)	                 ###	Count: 6 (13.6364%)	Total: 25 (56.8182%)
[cartographer_node-1] [0.688020, 0.713792)	                   #	Count: 3 (6.81818%)	Total: 28 (63.6364%)
[cartographer_node-1] [0.713792, 0.739564)	                  ##	Count: 4 (9.09091%)	Total: 32 (72.7273%)
[cartographer_node-1] [0.739564, 0.765337)	                   #	Count: 3 (6.81818%)	Total: 35 (79.5455%)
[cartographer_node-1] [0.765337, 0.791109)	                  ##	Count: 4 (9.09091%)	Total: 39 (88.6364%)
[cartographer_node-1] [0.791109, 0.816881)	                   #	Count: 3 (6.81818%)	Total: 42 (95.4545%)
[cartographer_node-1] [0.816881, 0.842654]	                   #	Count: 2 (4.54545%)	Total: 44 (100%)
[cartographer_node-1] [INFO] [1778748775.500653372] [cartographer logger]: I0514 17:52:55.000000 99049 pose_graph_2d.cc:538] Remaining work items in queue: 1
[cartographer_node-1] [INFO] [1778748775.500701456] [cartographer logger]: I0514 17:52:55.000000 99047 constraint_builder_2d.cc:294] 0 computations resulted in 0 additional constraints.
[cartographer_node-1] [INFO] [1778748775.500802221] [cartographer logger]: I0514 17:52:55.000000 99047 constraint_builder_2d.cc:296] Score histogram:
[cartographer_node-1] Count: 44  Min: 0.58493  Max: 0.842654  Mean: 0.689598
[cartographer_node-1] [0.584930, 0.610702)	                 ###	Count: 7 (15.9091%)	Total: 7 (15.9091%)
[cartographer_node-1] [0.610702, 0.636475)	                  ##	Count: 4 (9.09091%)	Total: 11 (25%)
[cartographer_node-1] [0.636475, 0.662247)	                ####	Count: 8 (18.1818%)	Total: 19 (43.1818%)
[cartographer_node-1] [0.662247, 0.688020)	                 ###	Count: 6 (13.6364%)	Total: 25 (56.8182%)
[cartographer_node-1] [0.688020, 0.713792)	                   #	Count: 3 (6.81818%)	Total: 28 (63.6364%)
[cartographer_node-1] [0.713792, 0.739564)	                  ##	Count: 4 (9.09091%)	Total: 32 (72.7273%)
[cartographer_node-1] [0.739564, 0.765337)	                   #	Count: 3 (6.81818%)	Total: 35 (79.5455%)
[cartographer_node-1] [0.765337, 0.791109)	                  ##	Count: 4 (9.09091%)	Total: 39 (88.6364%)
[cartographer_node-1] [0.791109, 0.816881)	                   #	Count: 3 (6.81818%)	Total: 42 (95.4545%)
[cartographer_node-1] [0.816881, 0.842654]	                   #	Count: 2 (4.54545%)	Total: 44 (100%)
[cartographer_node-1] [INFO] [1778748775.579236862] [cartographer logger]: I0514 17:52:55.000000 99047 pose_graph_2d.cc:538] Remaining work items in queue: 0
[cartographer_node-1] [INFO] [1778748775.579277245] [cartographer logger]: I0514 17:52:55.000000 99047 constraint_builder_2d.cc:294] 0 computations resulted in 0 additional constraints.
[cartographer_node-1] [INFO] [1778748775.579762372] [cartographer logger]: I0514 17:52:55.000000 99047 constraint_builder_2d.cc:296] Score histogram:
[cartographer_node-1] Count: 44  Min: 0.58493  Max: 0.842654  Mean: 0.689598
[cartographer_node-1] [0.584930, 0.610702)	                 ###	Count: 7 (15.9091%)	Total: 7 (15.9091%)
[cartographer_node-1] [0.610702, 0.636475)	                  ##	Count: 4 (9.09091%)	Total: 11 (25%)
[cartographer_node-1] [0.636475, 0.662247)	                ####	Count: 8 (18.1818%)	Total: 19 (43.1818%)
[cartographer_node-1] [0.662247, 0.688020)	                 ###	Count: 6 (13.6364%)	Total: 25 (56.8182%)
[cartographer_node-1] [0.688020, 0.713792)	                   #	Count: 3 (6.81818%)	Total: 28 (63.6364%)
[cartographer_node-1] [0.713792, 0.739564)	                  ##	Count: 4 (9.09091%)	Total: 32 (72.7273%)
[cartographer_node-1] [0.739564, 0.765337)	                   #	Count: 3 (6.81818%)	Total: 35 (79.5455%)
[cartographer_node-1] [0.765337, 0.791109)	                  ##	Count: 4 (9.09091%)	Total: 39 (88.6364%)
[cartographer_node-1] [0.791109, 0.816881)	                   #	Count: 3 (6.81818%)	Total: 42 (95.4545%)
[cartographer_node-1] [0.816881, 0.842654]	                   #	Count: 2 (4.54545%)	Total: 44 (100%)
[cartographer_node-1] [INFO] [1778748775.653060510] [cartographer logger]: I0514 17:52:55.000000 99050 constraint_builder_2d.cc:279] Node (1, 700) with 204 points on submap (0, 0) matches with score 68.5%.
[cartographer_node-1] [INFO] [1778748775.675097759] [cartographer logger]: I0514 17:52:55.000000 99047 pose_graph_2d.cc:538] Remaining work items in queue: 0
[cartographer_node-1] [INFO] [1778748775.675122789] [cartographer logger]: I0514 17:52:55.000000 99047 constraint_builder_2d.cc:294] 1 computations resulted in 1 additional constraints.
[cartographer_node-1] [INFO] [1778748775.675218991] [cartographer logger]: I0514 17:52:55.000000 99047 constraint_builder_2d.cc:296] Score histogram:
[cartographer_node-1] Count: 45  Min: 0.58493  Max: 0.842654  Mean: 0.689487
[cartographer_node-1] [0.584930, 0.610702)	                 ###	Count: 7 (15.5556%)	Total: 7 (15.5556%)
[cartographer_node-1] [0.610702, 0.636475)	                  ##	Count: 4 (8.88889%)	Total: 11 (24.4444%)
[cartographer_node-1] [0.636475, 0.662247)	                ####	Count: 8 (17.7778%)	Total: 19 (42.2222%)
[cartographer_node-1] [0.662247, 0.688020)	                 ###	Count: 7 (15.5556%)	Total: 26 (57.7778%)
[cartographer_node-1] [0.688020, 0.713792)	                   #	Count: 3 (6.66667%)	Total: 29 (64.4444%)
[cartographer_node-1] [0.713792, 0.739564)	                  ##	Count: 4 (8.88889%)	Total: 33 (73.3333%)
[cartographer_node-1] [0.739564, 0.765337)	                   #	Count: 3 (6.66667%)	Total: 36 (80%)
[cartographer_node-1] [0.765337, 0.791109)	                  ##	Count: 4 (8.88889%)	Total: 40 (88.8889%)
[cartographer_node-1] [0.791109, 0.816881)	                   #	Count: 3 (6.66667%)	Total: 43 (95.5556%)
[cartographer_node-1] [0.816881, 0.842654]	                   #	Count: 2 (4.44444%)	Total: 45 (100%)
[cartographer_node-1] [INFO] [1778748775.727773019] [cartographer logger]: I0514 17:52:55.000000 99047 pose_graph_2d.cc:538] Remaining work items in queue: 1
[cartographer_node-1] [INFO] [1778748775.727879068] [cartographer logger]: I0514 17:52:55.000000 99047 constraint_builder_2d.cc:294] 0 computations resulted in 0 additional constraints.
[cartographer_node-1] [INFO] [1778748775.728005213] [cartographer logger]: I0514 17:52:55.000000 99047 constraint_builder_2d.cc:296] Score histogram:
[cartographer_node-1] Count: 45  Min: 0.58493  Max: 0.842654  Mean: 0.689487
[cartographer_node-1] [0.584930, 0.610702)	                 ###	Count: 7 (15.5556%)	Total: 7 (15.5556%)
[cartographer_node-1] [0.610702, 0.636475)	                  ##	Count: 4 (8.88889%)	Total: 11 (24.4444%)
[cartographer_node-1] [0.636475, 0.662247)	                ####	Count: 8 (17.7778%)	Total: 19 (42.2222%)
[cartographer_node-1] [0.662247, 0.688020)	                 ###	Count: 7 (15.5556%)	Total: 26 (57.7778%)
[cartographer_node-1] [0.688020, 0.713792)	                   #	Count: 3 (6.66667%)	Total: 29 (64.4444%)
[cartographer_node-1] [0.713792, 0.739564)	                  ##	Count: 4 (8.88889%)	Total: 33 (73.3333%)
[cartographer_node-1] [0.739564, 0.765337)	                   #	Count: 3 (6.66667%)	Total: 36 (80%)
[cartographer_node-1] [0.765337, 0.791109)	                  ##	Count: 4 (8.88889%)	Total: 40 (88.8889%)
[cartographer_node-1] [0.791109, 0.816881)	                   #	Count: 3 (6.66667%)	Total: 43 (95.5556%)
[cartographer_node-1] [0.816881, 0.842654]	                   #	Count: 2 (4.44444%)	Total: 45 (100%)
[cartographer_node-1] [INFO] [1778748775.815031837] [cartographer logger]: I0514 17:52:55.000000 99050 pose_graph_2d.cc:538] Remaining work items in queue: 1
[cartographer_node-1] [INFO] [1778748775.815114515] [cartographer logger]: I0514 17:52:55.000000 99050 constraint_builder_2d.cc:294] 0 computations resulted in 0 additional constraints.
[cartographer_node-1] [INFO] [1778748775.815297189] [cartographer logger]: I0514 17:52:55.000000 99050 constraint_builder_2d.cc:296] Score histogram:
[cartographer_node-1] Count: 45  Min: 0.58493  Max: 0.842654  Mean: 0.689487
[cartographer_node-1] [0.584930, 0.610702)	                 ###	Count: 7 (15.5556%)	Total: 7 (15.5556%)
[cartographer_node-1] [0.610702, 0.636475)	                  ##	Count: 4 (8.88889%)	Total: 11 (24.4444%)
[cartographer_node-1] [0.636475, 0.662247)	                ####	Count: 8 (17.7778%)	Total: 19 (42.2222%)
[cartographer_node-1] [0.662247, 0.688020)	                 ###	Count: 7 (15.5556%)	Total: 26 (57.7778%)
[cartographer_node-1] [0.688020, 0.713792)	                   #	Count: 3 (6.66667%)	Total: 29 (64.4444%)
[cartographer_node-1] [0.713792, 0.739564)	                  ##	Count: 4 (8.88889%)	Total: 33 (73.3333%)
[cartographer_node-1] [0.739564, 0.765337)	                   #	Count: 3 (6.66667%)	Total: 36 (80%)
[cartographer_node-1] [0.765337, 0.791109)	                  ##	Count: 4 (8.88889%)	Total: 40 (88.8889%)
[cartographer_node-1] [0.791109, 0.816881)	                   #	Count: 3 (6.66667%)	Total: 43 (95.5556%)
[cartographer_node-1] [0.816881, 0.842654]	                   #	Count: 2 (4.44444%)	Total: 45 (100%)
[cartographer_node-1] [INFO] [1778748775.880746193] [cartographer logger]: I0514 17:52:55.000000 99049 pose_graph_2d.cc:538] Remaining work items in queue: 1
[cartographer_node-1] [INFO] [1778748775.880771315] [cartographer logger]: I0514 17:52:55.000000 99049 constraint_builder_2d.cc:294] 0 computations resulted in 0 additional constraints.
[cartographer_node-1] [INFO] [1778748775.881209997] [cartographer logger]: I0514 17:52:55.000000 99049 constraint_builder_2d.cc:296] Score histogram:
[cartographer_node-1] Count: 45  Min: 0.58493  Max: 0.842654  Mean: 0.689487
[cartographer_node-1] [0.584930, 0.610702)	                 ###	Count: 7 (15.5556%)	Total: 7 (15.5556%)
[cartographer_node-1] [0.610702, 0.636475)	                  ##	Count: 4 (8.88889%)	Total: 11 (24.4444%)
[cartographer_node-1] [0.636475, 0.662247)	                ####	Count: 8 (17.7778%)	Total: 19 (42.2222%)
[cartographer_node-1] [0.662247, 0.688020)	                 ###	Count: 7 (15.5556%)	Total: 26 (57.7778%)
[cartographer_node-1] [0.688020, 0.713792)	                   #	Count: 3 (6.66667%)	Total: 29 (64.4444%)
[cartographer_node-1] [0.713792, 0.739564)	                  ##	Count: 4 (8.88889%)	Total: 33 (73.3333%)
[cartographer_node-1] [0.739564, 0.765337)	                   #	Count: 3 (6.66667%)	Total: 36 (80%)
[cartographer_node-1] [0.765337, 0.791109)	                  ##	Count: 4 (8.88889%)	Total: 40 (88.8889%)
[cartographer_node-1] [0.791109, 0.816881)	                   #	Count: 3 (6.66667%)	Total: 43 (95.5556%)
[cartographer_node-1] [0.816881, 0.842654]	                   #	Count: 2 (4.44444%)	Total: 45 (100%)
[cartographer_node-1] [INFO] [1778748775.958476490] [cartographer logger]: I0514 17:52:55.000000 99048 pose_graph_2d.cc:538] Remaining work items in queue: 1
[cartographer_node-1] [INFO] [1778748775.958499211] [cartographer logger]: I0514 17:52:55.000000 99048 constraint_builder_2d.cc:294] 0 computations resulted in 0 additional constraints.
[cartographer_node-1] [INFO] [1778748775.958598748] [cartographer logger]: I0514 17:52:55.000000 99048 constraint_builder_2d.cc:296] Score histogram:
[cartographer_node-1] Count: 45  Min: 0.58493  Max: 0.842654  Mean: 0.689487
[cartographer_node-1] [0.584930, 0.610702)	                 ###	Count: 7 (15.5556%)	Total: 7 (15.5556%)
[cartographer_node-1] [0.610702, 0.636475)	                  ##	Count: 4 (8.88889%)	Total: 11 (24.4444%)
[cartographer_node-1] [0.636475, 0.662247)	                ####	Count: 8 (17.7778%)	Total: 19 (42.2222%)
[cartographer_node-1] [0.662247, 0.688020)	                 ###	Count: 7 (15.5556%)	Total: 26 (57.7778%)
[cartographer_node-1] [0.688020, 0.713792)	                   #	Count: 3 (6.66667%)	Total: 29 (64.4444%)
[cartographer_node-1] [0.713792, 0.739564)	                  ##	Count: 4 (8.88889%)	Total: 33 (73.3333%)
[cartographer_node-1] [0.739564, 0.765337)	                   #	Count: 3 (6.66667%)	Total: 36 (80%)
[cartographer_node-1] [0.765337, 0.791109)	                  ##	Count: 4 (8.88889%)	Total: 40 (88.8889%)
[cartographer_node-1] [0.791109, 0.816881)	                   #	Count: 3 (6.66667%)	Total: 43 (95.5556%)
[cartographer_node-1] [0.816881, 0.842654]	                   #	Count: 2 (4.44444%)	Total: 45 (100%)
[cartographer_node-1] [INFO] [1778748776.045920185] [cartographer logger]: I0514 17:52:56.000000 99047 pose_graph_2d.cc:538] Remaining work items in queue: 1
[cartographer_node-1] [INFO] [1778748776.045971810] [cartographer logger]: I0514 17:52:56.000000 99047 constraint_builder_2d.cc:294] 1 computations resulted in 0 additional constraints.
[cartographer_node-1] [INFO] [1778748776.046012921] [cartographer logger]: I0514 17:52:56.000000 99047 constraint_builder_2d.cc:296] Score histogram:
[cartographer_node-1] Count: 45  Min: 0.58493  Max: 0.842654  Mean: 0.689487
[cartographer_node-1] [0.584930, 0.610702)	                 ###	Count: 7 (15.5556%)	Total: 7 (15.5556%)
[cartographer_node-1] [0.610702, 0.636475)	                  ##	Count: 4 (8.88889%)	Total: 11 (24.4444%)
[cartographer_node-1] [0.636475, 0.662247)	                ####	Count: 8 (17.7778%)	Total: 19 (42.2222%)
[cartographer_node-1] [0.662247, 0.688020)	                 ###	Count: 7 (15.5556%)	Total: 26 (57.7778%)
[cartographer_node-1] [0.688020, 0.713792)	                   #	Count: 3 (6.66667%)	Total: 29 (64.4444%)
[cartographer_node-1] [0.713792, 0.739564)	                  ##	Count: 4 (8.88889%)	Total: 33 (73.3333%)
[cartographer_node-1] [0.739564, 0.765337)	                   #	Count: 3 (6.66667%)	Total: 36 (80%)
[cartographer_node-1] [0.765337, 0.791109)	                  ##	Count: 4 (8.88889%)	Total: 40 (88.8889%)
[cartographer_node-1] [0.791109, 0.816881)	                   #	Count: 3 (6.66667%)	Total: 43 (95.5556%)
[cartographer_node-1] [0.816881, 0.842654]	                   #	Count: 2 (4.44444%)	Total: 45 (100%)
[cartographer_node-1] [INFO] [1778748776.098406631] [cartographer logger]: I0514 17:52:56.000000 99049 pose_graph_2d.cc:538] Remaining work items in queue: 0
[cartographer_node-1] [INFO] [1778748776.107083948] [cartographer logger]: I0514 17:52:56.000000 99050 constraint_builder_2d.cc:279] Node (1, 360) with 205 points on submap (1, 6) differs by translation 0.21 rotation 0.010 with score 73.1%.
[cartographer_node-1] [INFO] [1778748776.128460046] [cartographer logger]: I0514 17:52:56.000000 99008 pose_graph_2d.cc:148] Inserted submap (1, 8).
[cartographer_node-1] [INFO] [1778748776.147030513] [cartographer logger]: I0514 17:52:56.000000 99049 constraint_builder_2d.cc:279] Node (0, 708) with 200 points on submap (1, 6) matches with score 80.2%.
[cartographer_node-1] [INFO] [1778748776.154970598] [cartographer logger]: I0514 17:52:56.000000 99047 constraint_builder_2d.cc:279] Node (0, 308) with 199 points on submap (1, 6) matches with score 60.3%.
[cartographer_node-1] [INFO] [1778748776.171811041] [cartographer logger]: I0514 17:52:56.000000 99049 constraint_builder_2d.cc:279] Node (0, 908) with 212 points on submap (1, 6) matches with score 76.3%.
[cartographer_node-1] [INFO] [1778748776.176624625] [cartographer logger]: I0514 17:52:56.000000 99048 constraint_builder_2d.cc:279] Node (0, 108) with 205 points on submap (1, 6) matches with score 80.1%.
[cartographer_node-1] [INFO] [1778748776.195720189] [cartographer logger]: I0514 17:52:56.000000 99047 constraint_builder_2d.cc:279] Node (0, 1108) with 193 points on submap (1, 6) matches with score 58.4%.
[cartographer_node-1] [INFO] [1778748776.230388561] [cartographer logger]: I0514 17:52:56.000000 99049 constraint_builder_2d.cc:294] 8 computations resulted in 6 additional constraints.
[cartographer_node-1] [INFO] [1778748776.230420554] [cartographer logger]: I0514 17:52:56.000000 99049 constraint_builder_2d.cc:296] Score histogram:
[cartographer_node-1] Count: 51  Min: 0.583609  Max: 0.842654  Mean: 0.692373
[cartographer_node-1] [0.583609, 0.609513)	                ####	Count: 9 (17.6471%)	Total: 9 (17.6471%)
[cartographer_node-1] [0.609513, 0.635418)	                  ##	Count: 4 (7.84314%)	Total: 13 (25.4902%)
[cartographer_node-1] [0.635418, 0.661322)	                 ###	Count: 8 (15.6863%)	Total: 21 (41.1765%)
[cartographer_node-1] [0.661322, 0.687227)	                 ###	Count: 7 (13.7255%)	Total: 28 (54.902%)
[cartographer_node-1] [0.687227, 0.713131)	                   #	Count: 3 (5.88235%)	Total: 31 (60.7843%)
[cartographer_node-1] [0.713131, 0.739036)	                  ##	Count: 5 (9.80392%)	Total: 36 (70.5882%)
[cartographer_node-1] [0.739036, 0.764940)	                  ##	Count: 4 (7.84314%)	Total: 40 (78.4314%)
[cartographer_node-1] [0.764940, 0.790845)	                  ##	Count: 4 (7.84314%)	Total: 44 (86.2745%)
[cartographer_node-1] [0.790845, 0.816749)	                  ##	Count: 5 (9.80392%)	Total: 49 (96.0784%)
[cartographer_node-1] [0.816749, 0.842654]	                   #	Count: 2 (3.92157%)	Total: 51 (100%)
[cartographer_node-1] [INFO] [1778748776.259483029] [cartographer logger]: I0514 17:52:56.000000 99049 pose_graph_2d.cc:538] Remaining work items in queue: 8
[cartographer_node-1] [INFO] [1778748776.259511746] [cartographer logger]: I0514 17:52:56.000000 99049 constraint_builder_2d.cc:294] 0 computations resulted in 0 additional constraints.
[cartographer_node-1] [INFO] [1778748776.259549072] [cartographer logger]: I0514 17:52:56.000000 99049 constraint_builder_2d.cc:296] Score histogram:
[cartographer_node-1] Count: 51  Min: 0.583609  Max: 0.842654  Mean: 0.692373
[cartographer_node-1] [0.583609, 0.609513)	                ####	Count: 9 (17.6471%)	Total: 9 (17.6471%)
[cartographer_node-1] [0.609513, 0.635418)	                  ##	Count: 4 (7.84314%)	Total: 13 (25.4902%)
[cartographer_node-1] [0.635418, 0.661322)	                 ###	Count: 8 (15.6863%)	Total: 21 (41.1765%)
[cartographer_node-1] [0.661322, 0.687227)	                 ###	Count: 7 (13.7255%)	Total: 28 (54.902%)
[cartographer_node-1] [0.687227, 0.713131)	                   #	Count: 3 (5.88235%)	Total: 31 (60.7843%)
[cartographer_node-1] [0.713131, 0.739036)	                  ##	Count: 5 (9.80392%)	Total: 36 (70.5882%)
[cartographer_node-1] [0.739036, 0.764940)	                  ##	Count: 4 (7.84314%)	Total: 40 (78.4314%)
[cartographer_node-1] [0.764940, 0.790845)	                  ##	Count: 4 (7.84314%)	Total: 44 (86.2745%)
[cartographer_node-1] [0.790845, 0.816749)	                  ##	Count: 5 (9.80392%)	Total: 49 (96.0784%)
[cartographer_node-1] [0.816749, 0.842654]	                   #	Count: 2 (3.92157%)	Total: 51 (100%)
[cartographer_node-1] [INFO] [1778748776.276672240] [cartographer logger]: I0514 17:52:56.000000 99049 pose_graph_2d.cc:538] Remaining work items in queue: 1
[cartographer_node-1] [INFO] [1778748776.276697622] [cartographer logger]: I0514 17:52:56.000000 99049 constraint_builder_2d.cc:294] 0 computations resulted in 0 additional constraints.
[cartographer_node-1] [INFO] [1778748776.276734947] [cartographer logger]: I0514 17:52:56.000000 99049 constraint_builder_2d.cc:296] Score histogram:
[cartographer_node-1] Count: 51  Min: 0.583609  Max: 0.842654  Mean: 0.692373
[cartographer_node-1] [0.583609, 0.609513)	                ####	Count: 9 (17.6471%)	Total: 9 (17.6471%)
[cartographer_node-1] [0.609513, 0.635418)	                  ##	Count: 4 (7.84314%)	Total: 13 (25.4902%)
[cartographer_node-1] [0.635418, 0.661322)	                 ###	Count: 8 (15.6863%)	Total: 21 (41.1765%)
[cartographer_node-1] [0.661322, 0.687227)	                 ###	Count: 7 (13.7255%)	Total: 28 (54.902%)
[cartographer_node-1] [0.687227, 0.713131)	                   #	Count: 3 (5.88235%)	Total: 31 (60.7843%)
[cartographer_node-1] [0.713131, 0.739036)	                  ##	Count: 5 (9.80392%)	Total: 36 (70.5882%)
[cartographer_node-1] [0.739036, 0.764940)	                  ##	Count: 4 (7.84314%)	Total: 40 (78.4314%)
[cartographer_node-1] [0.764940, 0.790845)	                  ##	Count: 4 (7.84314%)	Total: 44 (86.2745%)
[cartographer_node-1] [0.790845, 0.816749)	                  ##	Count: 5 (9.80392%)	Total: 49 (96.0784%)
[cartographer_node-1] [0.816749, 0.842654]	                   #	Count: 2 (3.92157%)	Total: 51 (100%)
[cartographer_node-1] [INFO] [1778748776.327184882] [cartographer logger]: I0514 17:52:56.000000 99048 pose_graph_2d.cc:538] Remaining work items in queue: 0
[cartographer_node-1] [INFO] [1778748776.352960673] [cartographer logger]: I0514 17:52:56.000000 99047 constraint_builder_2d.cc:294] 1 computations resulted in 0 additional constraints.
[cartographer_node-1] [INFO] [1778748776.353048371] [cartographer logger]: I0514 17:52:56.000000 99047 constraint_builder_2d.cc:296] Score histogram:
[cartographer_node-1] Count: 51  Min: 0.583609  Max: 0.842654  Mean: 0.692373
[cartographer_node-1] [0.583609, 0.609513)	                ####	Count: 9 (17.6471%)	Total: 9 (17.6471%)
[cartographer_node-1] [0.609513, 0.635418)	                  ##	Count: 4 (7.84314%)	Total: 13 (25.4902%)
[cartographer_node-1] [0.635418, 0.661322)	                 ###	Count: 8 (15.6863%)	Total: 21 (41.1765%)
[cartographer_node-1] [0.661322, 0.687227)	                 ###	Count: 7 (13.7255%)	Total: 28 (54.902%)
[cartographer_node-1] [0.687227, 0.713131)	                   #	Count: 3 (5.88235%)	Total: 31 (60.7843%)
[cartographer_node-1] [0.713131, 0.739036)	                  ##	Count: 5 (9.80392%)	Total: 36 (70.5882%)
[cartographer_node-1] [0.739036, 0.764940)	                  ##	Count: 4 (7.84314%)	Total: 40 (78.4314%)
[cartographer_node-1] [0.764940, 0.790845)	                  ##	Count: 4 (7.84314%)	Total: 44 (86.2745%)
[cartographer_node-1] [0.790845, 0.816749)	                  ##	Count: 5 (9.80392%)	Total: 49 (96.0784%)
[cartographer_node-1] [0.816749, 0.842654]	                   #	Count: 2 (3.92157%)	Total: 51 (100%)
[cartographer_node-1] [INFO] [1778748776.392305284] [cartographer logger]: I0514 17:52:56.000000 99048 pose_graph_2d.cc:538] Remaining work items in queue: 1
[cartographer_node-1] [INFO] [1778748776.392328060] [cartographer logger]: I0514 17:52:56.000000 99048 constraint_builder_2d.cc:294] 0 computations resulted in 0 additional constraints.
[cartographer_node-1] [INFO] [1778748776.392359954] [cartographer logger]: I0514 17:52:56.000000 99048 constraint_builder_2d.cc:296] Score histogram:
[cartographer_node-1] Count: 51  Min: 0.583609  Max: 0.842654  Mean: 0.692373
[cartographer_node-1] [0.583609, 0.609513)	                ####	Count: 9 (17.6471%)	Total: 9 (17.6471%)
[cartographer_node-1] [0.609513, 0.635418)	                  ##	Count: 4 (7.84314%)	Total: 13 (25.4902%)
[cartographer_node-1] [0.635418, 0.661322)	                 ###	Count: 8 (15.6863%)	Total: 21 (41.1765%)
[cartographer_node-1] [0.661322, 0.687227)	                 ###	Count: 7 (13.7255%)	Total: 28 (54.902%)
[cartographer_node-1] [0.687227, 0.713131)	                   #	Count: 3 (5.88235%)	Total: 31 (60.7843%)
[cartographer_node-1] [0.713131, 0.739036)	                  ##	Count: 5 (9.80392%)	Total: 36 (70.5882%)
[cartographer_node-1] [0.739036, 0.764940)	                  ##	Count: 4 (7.84314%)	Total: 40 (78.4314%)
[cartographer_node-1] [0.764940, 0.790845)	                  ##	Count: 4 (7.84314%)	Total: 44 (86.2745%)
[cartographer_node-1] [0.790845, 0.816749)	                  ##	Count: 5 (9.80392%)	Total: 49 (96.0784%)
[cartographer_node-1] [0.816749, 0.842654]	                   #	Count: 2 (3.92157%)	Total: 51 (100%)
[cartographer_node-1] [INFO] [1778748776.469542165] [cartographer logger]: I0514 17:52:56.000000 99008 motion_filter.cc:42] Motion filter reduced the number of nodes to 73.3%.
[cartographer_node-1] [INFO] [1778748776.493496332] [cartographer logger]: I0514 17:52:56.000000 99049 pose_graph_2d.cc:538] Remaining work items in queue: 0
[cartographer_node-1] [INFO] [1778748776.493524235] [cartographer logger]: I0514 17:52:56.000000 99049 constraint_builder_2d.cc:294] 0 computations resulted in 0 additional constraints.
[cartographer_node-1] [INFO] [1778748776.493613147] [cartographer logger]: I0514 17:52:56.000000 99049 constraint_builder_2d.cc:296] Score histogram:
[cartographer_node-1] Count: 51  Min: 0.583609  Max: 0.842654  Mean: 0.692373
[cartographer_node-1] [0.583609, 0.609513)	                ####	Count: 9 (17.6471%)	Total: 9 (17.6471%)
[cartographer_node-1] [0.609513, 0.635418)	                  ##	Count: 4 (7.84314%)	Total: 13 (25.4902%)
[cartographer_node-1] [0.635418, 0.661322)	                 ###	Count: 8 (15.6863%)	Total: 21 (41.1765%)
[cartographer_node-1] [0.661322, 0.687227)	                 ###	Count: 7 (13.7255%)	Total: 28 (54.902%)
[cartographer_node-1] [0.687227, 0.713131)	                   #	Count: 3 (5.88235%)	Total: 31 (60.7843%)
[cartographer_node-1] [0.713131, 0.739036)	                  ##	Count: 5 (9.80392%)	Total: 36 (70.5882%)
[cartographer_node-1] [0.739036, 0.764940)	                  ##	Count: 4 (7.84314%)	Total: 40 (78.4314%)
[cartographer_node-1] [0.764940, 0.790845)	                  ##	Count: 4 (7.84314%)	Total: 44 (86.2745%)
[cartographer_node-1] [0.790845, 0.816749)	                  ##	Count: 5 (9.80392%)	Total: 49 (96.0784%)
[cartographer_node-1] [0.816749, 0.842654]	                   #	Count: 2 (3.92157%)	Total: 51 (100%)
[cartographer_node-1] [INFO] [1778748776.576830706] [cartographer logger]: I0514 17:52:56.000000 99048 pose_graph_2d.cc:538] Remaining work items in queue: 1
[cartographer_node-1] [INFO] [1778748776.576852579] [cartographer logger]: I0514 17:52:56.000000 99048 constraint_builder_2d.cc:294] 0 computations resulted in 0 additional constraints.
[cartographer_node-1] [INFO] [1778748776.577316956] [cartographer logger]: I0514 17:52:56.000000 99048 constraint_builder_2d.cc:296] Score histogram:
[cartographer_node-1] Count: 51  Min: 0.583609  Max: 0.842654  Mean: 0.692373
[cartographer_node-1] [0.583609, 0.609513)	                ####	Count: 9 (17.6471%)	Total: 9 (17.6471%)
[cartographer_node-1] [0.609513, 0.635418)	                  ##	Count: 4 (7.84314%)	Total: 13 (25.4902%)
[cartographer_node-1] [0.635418, 0.661322)	                 ###	Count: 8 (15.6863%)	Total: 21 (41.1765%)
[cartographer_node-1] [0.661322, 0.687227)	                 ###	Count: 7 (13.7255%)	Total: 28 (54.902%)
[cartographer_node-1] [0.687227, 0.713131)	                   #	Count: 3 (5.88235%)	Total: 31 (60.7843%)
[cartographer_node-1] [0.713131, 0.739036)	                  ##	Count: 5 (9.80392%)	Total: 36 (70.5882%)
[cartographer_node-1] [0.739036, 0.764940)	                  ##	Count: 4 (7.84314%)	Total: 40 (78.4314%)
[cartographer_node-1] [0.764940, 0.790845)	                  ##	Count: 4 (7.84314%)	Total: 44 (86.2745%)
[cartographer_node-1] [0.790845, 0.816749)	                  ##	Count: 5 (9.80392%)	Total: 49 (96.0784%)
[cartographer_node-1] [0.816749, 0.842654]	                   #	Count: 2 (3.92157%)	Total: 51 (100%)
[cartographer_node-1] [INFO] [1778748776.680592095] [cartographer logger]: I0514 17:52:56.000000 99050 pose_graph_2d.cc:538] Remaining work items in queue: 0
[cartographer_node-1] [INFO] [1778748776.680615218] [cartographer logger]: I0514 17:52:56.000000 99050 constraint_builder_2d.cc:294] 0 computations resulted in 0 additional constraints.
[cartographer_node-1] [INFO] [1778748776.680657147] [cartographer logger]: I0514 17:52:56.000000 99050 constraint_builder_2d.cc:296] Score histogram:
[cartographer_node-1] Count: 51  Min: 0.583609  Max: 0.842654  Mean: 0.692373
[cartographer_node-1] [0.583609, 0.609513)	                ####	Count: 9 (17.6471%)	Total: 9 (17.6471%)
[cartographer_node-1] [0.609513, 0.635418)	                  ##	Count: 4 (7.84314%)	Total: 13 (25.4902%)
[cartographer_node-1] [0.635418, 0.661322)	                 ###	Count: 8 (15.6863%)	Total: 21 (41.1765%)
[cartographer_node-1] [0.661322, 0.687227)	                 ###	Count: 7 (13.7255%)	Total: 28 (54.902%)
[cartographer_node-1] [0.687227, 0.713131)	                   #	Count: 3 (5.88235%)	Total: 31 (60.7843%)
[cartographer_node-1] [0.713131, 0.739036)	                  ##	Count: 5 (9.80392%)	Total: 36 (70.5882%)
[cartographer_node-1] [0.739036, 0.764940)	                  ##	Count: 4 (7.84314%)	Total: 40 (78.4314%)
[cartographer_node-1] [0.764940, 0.790845)	                  ##	Count: 4 (7.84314%)	Total: 44 (86.2745%)
[cartographer_node-1] [0.790845, 0.816749)	                  ##	Count: 5 (9.80392%)	Total: 49 (96.0784%)
[cartographer_node-1] [0.816749, 0.842654]	                   #	Count: 2 (3.92157%)	Total: 51 (100%)
[cartographer_node-1] [INFO] [1778748776.756623706] [cartographer logger]: I0514 17:52:56.000000 99050 pose_graph_2d.cc:538] Remaining work items in queue: 2
[cartographer_node-1] [INFO] [1778748776.797005134] [cartographer logger]: I0514 17:52:56.000000 99048 constraint_builder_2d.cc:294] 1 computations resulted in 0 additional constraints.
[cartographer_node-1] [INFO] [1778748776.797042777] [cartographer logger]: I0514 17:52:56.000000 99048 constraint_builder_2d.cc:296] Score histogram:
[cartographer_node-1] Count: 51  Min: 0.583609  Max: 0.842654  Mean: 0.692373
[cartographer_node-1] [0.583609, 0.609513)	                ####	Count: 9 (17.6471%)	Total: 9 (17.6471%)
[cartographer_node-1] [0.609513, 0.635418)	                  ##	Count: 4 (7.84314%)	Total: 13 (25.4902%)
[cartographer_node-1] [0.635418, 0.661322)	                 ###	Count: 8 (15.6863%)	Total: 21 (41.1765%)
[cartographer_node-1] [0.661322, 0.687227)	                 ###	Count: 7 (13.7255%)	Total: 28 (54.902%)
[cartographer_node-1] [0.687227, 0.713131)	                   #	Count: 3 (5.88235%)	Total: 31 (60.7843%)
[cartographer_node-1] [0.713131, 0.739036)	                  ##	Count: 5 (9.80392%)	Total: 36 (70.5882%)
[cartographer_node-1] [0.739036, 0.764940)	                  ##	Count: 4 (7.84314%)	Total: 40 (78.4314%)
[cartographer_node-1] [0.764940, 0.790845)	                  ##	Count: 4 (7.84314%)	Total: 44 (86.2745%)
[cartographer_node-1] [0.790845, 0.816749)	                  ##	Count: 5 (9.80392%)	Total: 49 (96.0784%)
[cartographer_node-1] [0.816749, 0.842654]	                   #	Count: 2 (3.92157%)	Total: 51 (100%)
[cartographer_node-1] [INFO] [1778748776.854651113] [cartographer logger]: I0514 17:52:56.000000 99050 pose_graph_2d.cc:538] Remaining work items in queue: 1
[cartographer_node-1] [INFO] [1778748776.854673070] [cartographer logger]: I0514 17:52:56.000000 99050 constraint_builder_2d.cc:294] 0 computations resulted in 0 additional constraints.
[cartographer_node-1] [INFO] [1778748776.854690968] [cartographer logger]: I0514 17:52:56.000000 99050 constraint_builder_2d.cc:296] Score histogram:
[cartographer_node-1] Count: 51  Min: 0.583609  Max: 0.842654  Mean: 0.692373
[cartographer_node-1] [0.583609, 0.609513)	                ####	Count: 9 (17.6471%)	Total: 9 (17.6471%)
[cartographer_node-1] [0.609513, 0.635418)	                  ##	Count: 4 (7.84314%)	Total: 13 (25.4902%)
[cartographer_node-1] [0.635418, 0.661322)	                 ###	Count: 8 (15.6863%)	Total: 21 (41.1765%)
[cartographer_node-1] [0.661322, 0.687227)	                 ###	Count: 7 (13.7255%)	Total: 28 (54.902%)
[cartographer_node-1] [0.687227, 0.713131)	                   #	Count: 3 (5.88235%)	Total: 31 (60.7843%)
[cartographer_node-1] [0.713131, 0.739036)	                  ##	Count: 5 (9.80392%)	Total: 36 (70.5882%)
[cartographer_node-1] [0.739036, 0.764940)	                  ##	Count: 4 (7.84314%)	Total: 40 (78.4314%)
[cartographer_node-1] [0.764940, 0.790845)	                  ##	Count: 4 (7.84314%)	Total: 44 (86.2745%)
[cartographer_node-1] [0.790845, 0.816749)	                  ##	Count: 5 (9.80392%)	Total: 49 (96.0784%)
[cartographer_node-1] [0.816749, 0.842654]	                   #	Count: 2 (3.92157%)	Total: 51 (100%)
[cartographer_node-1] [INFO] [1778748776.893867613] [cartographer logger]: I0514 17:52:56.000000 99049 pose_graph_2d.cc:538] Remaining work items in queue: 0
[cartographer_node-1] [INFO] [1778748776.893894270] [cartographer logger]: I0514 17:52:56.000000 99049 constraint_builder_2d.cc:294] 0 computations resulted in 0 additional constraints.
[cartographer_node-1] [INFO] [1778748776.893944942] [cartographer logger]: I0514 17:52:56.000000 99049 constraint_builder_2d.cc:296] Score histogram:
[cartographer_node-1] Count: 51  Min: 0.583609  Max: 0.842654  Mean: 0.692373
[cartographer_node-1] [0.583609, 0.609513)	                ####	Count: 9 (17.6471%)	Total: 9 (17.6471%)
[cartographer_node-1] [0.609513, 0.635418)	                  ##	Count: 4 (7.84314%)	Total: 13 (25.4902%)
[cartographer_node-1] [0.635418, 0.661322)	                 ###	Count: 8 (15.6863%)	Total: 21 (41.1765%)
[cartographer_node-1] [0.661322, 0.687227)	                 ###	Count: 7 (13.7255%)	Total: 28 (54.902%)
[cartographer_node-1] [0.687227, 0.713131)	                   #	Count: 3 (5.88235%)	Total: 31 (60.7843%)
[cartographer_node-1] [0.713131, 0.739036)	                  ##	Count: 5 (9.80392%)	Total: 36 (70.5882%)
[cartographer_node-1] [0.739036, 0.764940)	                  ##	Count: 4 (7.84314%)	Total: 40 (78.4314%)
[cartographer_node-1] [0.764940, 0.790845)	                  ##	Count: 4 (7.84314%)	Total: 44 (86.2745%)
[cartographer_node-1] [0.790845, 0.816749)	                  ##	Count: 5 (9.80392%)	Total: 49 (96.0784%)
[cartographer_node-1] [0.816749, 0.842654]	                   #	Count: 2 (3.92157%)	Total: 51 (100%)
[cartographer_node-1] [INFO] [1778748776.980550523] [cartographer logger]: I0514 17:52:56.000000 99048 pose_graph_2d.cc:538] Remaining work items in queue: 1
[cartographer_node-1] [INFO] [1778748776.980573603] [cartographer logger]: I0514 17:52:56.000000 99048 constraint_builder_2d.cc:294] 0 computations resulted in 0 additional constraints.
[cartographer_node-1] [INFO] [1778748776.980953370] [cartographer logger]: I0514 17:52:56.000000 99048 constraint_builder_2d.cc:296] Score histogram:
[cartographer_node-1] Count: 51  Min: 0.583609  Max: 0.842654  Mean: 0.692373
[cartographer_node-1] [0.583609, 0.609513)	                ####	Count: 9 (17.6471%)	Total: 9 (17.6471%)
[cartographer_node-1] [0.609513, 0.635418)	                  ##	Count: 4 (7.84314%)	Total: 13 (25.4902%)
[cartographer_node-1] [0.635418, 0.661322)	                 ###	Count: 8 (15.6863%)	Total: 21 (41.1765%)
[cartographer_node-1] [0.661322, 0.687227)	                 ###	Count: 7 (13.7255%)	Total: 28 (54.902%)
[cartographer_node-1] [0.687227, 0.713131)	                   #	Count: 3 (5.88235%)	Total: 31 (60.7843%)
[cartographer_node-1] [0.713131, 0.739036)	                  ##	Count: 5 (9.80392%)	Total: 36 (70.5882%)
[cartographer_node-1] [0.739036, 0.764940)	                  ##	Count: 4 (7.84314%)	Total: 40 (78.4314%)
[cartographer_node-1] [0.764940, 0.790845)	                  ##	Count: 4 (7.84314%)	Total: 44 (86.2745%)
[cartographer_node-1] [0.790845, 0.816749)	                  ##	Count: 5 (9.80392%)	Total: 49 (96.0784%)
[cartographer_node-1] [0.816749, 0.842654]	                   #	Count: 2 (3.92157%)	Total: 51 (100%)
[cartographer_node-1] [INFO] [1778748777.056538898] [cartographer logger]: I0514 17:52:57.000000 99049 pose_graph_2d.cc:538] Remaining work items in queue: 2
[cartographer_node-1] [INFO] [1778748777.056588607] [cartographer logger]: I0514 17:52:57.000000 99049 constraint_builder_2d.cc:294] 0 computations resulted in 0 additional constraints.
[cartographer_node-1] [INFO] [1778748777.056953556] [cartographer logger]: I0514 17:52:57.000000 99049 constraint_builder_2d.cc:296] Score histogram:
[cartographer_node-1] Count: 51  Min: 0.583609  Max: 0.842654  Mean: 0.692373
[cartographer_node-1] [0.583609, 0.609513)	                ####	Count: 9 (17.6471%)	Total: 9 (17.6471%)
[cartographer_node-1] [0.609513, 0.635418)	                  ##	Count: 4 (7.84314%)	Total: 13 (25.4902%)
[cartographer_node-1] [0.635418, 0.661322)	                 ###	Count: 8 (15.6863%)	Total: 21 (41.1765%)
[cartographer_node-1] [0.661322, 0.687227)	                 ###	Count: 7 (13.7255%)	Total: 28 (54.902%)
[cartographer_node-1] [0.687227, 0.713131)	                   #	Count: 3 (5.88235%)	Total: 31 (60.7843%)
[cartographer_node-1] [0.713131, 0.739036)	                  ##	Count: 5 (9.80392%)	Total: 36 (70.5882%)
[cartographer_node-1] [0.739036, 0.764940)	                  ##	Count: 4 (7.84314%)	Total: 40 (78.4314%)
[cartographer_node-1] [0.764940, 0.790845)	                  ##	Count: 4 (7.84314%)	Total: 44 (86.2745%)
[cartographer_node-1] [0.790845, 0.816749)	                  ##	Count: 5 (9.80392%)	Total: 49 (96.0784%)
[cartographer_node-1] [0.816749, 0.842654]	                   #	Count: 2 (3.92157%)	Total: 51 (100%)
[cartographer_node-1] [INFO] [1778748777.150381271] [cartographer logger]: I0514 17:52:57.000000 99049 pose_graph_2d.cc:538] Remaining work items in queue: 1
[cartographer_node-1] [INFO] [1778748777.150404244] [cartographer logger]: I0514 17:52:57.000000 99049 constraint_builder_2d.cc:294] 1 computations resulted in 0 additional constraints.
[cartographer_node-1] [INFO] [1778748777.150800722] [cartographer logger]: I0514 17:52:57.000000 99049 constraint_builder_2d.cc:296] Score histogram:
[cartographer_node-1] Count: 51  Min: 0.583609  Max: 0.842654  Mean: 0.692373
[cartographer_node-1] [0.583609, 0.609513)	                ####	Count: 9 (17.6471%)	Total: 9 (17.6471%)
[cartographer_node-1] [0.609513, 0.635418)	                  ##	Count: 4 (7.84314%)	Total: 13 (25.4902%)
[cartographer_node-1] [0.635418, 0.661322)	                 ###	Count: 8 (15.6863%)	Total: 21 (41.1765%)
[cartographer_node-1] [0.661322, 0.687227)	                 ###	Count: 7 (13.7255%)	Total: 28 (54.902%)
[cartographer_node-1] [0.687227, 0.713131)	                   #	Count: 3 (5.88235%)	Total: 31 (60.7843%)
[cartographer_node-1] [0.713131, 0.739036)	                  ##	Count: 5 (9.80392%)	Total: 36 (70.5882%)
[cartographer_node-1] [0.739036, 0.764940)	                  ##	Count: 4 (7.84314%)	Total: 40 (78.4314%)
[cartographer_node-1] [0.764940, 0.790845)	                  ##	Count: 4 (7.84314%)	Total: 44 (86.2745%)
[cartographer_node-1] [0.790845, 0.816749)	                  ##	Count: 5 (9.80392%)	Total: 49 (96.0784%)
[cartographer_node-1] [0.816749, 0.842654]	                   #	Count: 2 (3.92157%)	Total: 51 (100%)
[cartographer_node-1] [INFO] [1778748777.211423409] [cartographer logger]: I0514 17:52:57.000000 99048 pose_graph_2d.cc:538] Remaining work items in queue: 1
[cartographer_node-1] [INFO] [1778748777.211445654] [cartographer logger]: I0514 17:52:57.000000 99048 constraint_builder_2d.cc:294] 0 computations resulted in 0 additional constraints.
[cartographer_node-1] [INFO] [1778748777.211788734] [cartographer logger]: I0514 17:52:57.000000 99048 constraint_builder_2d.cc:296] Score histogram:
[cartographer_node-1] Count: 51  Min: 0.583609  Max: 0.842654  Mean: 0.692373
[cartographer_node-1] [0.583609, 0.609513)	                ####	Count: 9 (17.6471%)	Total: 9 (17.6471%)
[cartographer_node-1] [0.609513, 0.635418)	                  ##	Count: 4 (7.84314%)	Total: 13 (25.4902%)
[cartographer_node-1] [0.635418, 0.661322)	                 ###	Count: 8 (15.6863%)	Total: 21 (41.1765%)
[cartographer_node-1] [0.661322, 0.687227)	                 ###	Count: 7 (13.7255%)	Total: 28 (54.902%)
[cartographer_node-1] [0.687227, 0.713131)	                   #	Count: 3 (5.88235%)	Total: 31 (60.7843%)
[cartographer_node-1] [0.713131, 0.739036)	                  ##	Count: 5 (9.80392%)	Total: 36 (70.5882%)
[cartographer_node-1] [0.739036, 0.764940)	                  ##	Count: 4 (7.84314%)	Total: 40 (78.4314%)
[cartographer_node-1] [0.764940, 0.790845)	                  ##	Count: 4 (7.84314%)	Total: 44 (86.2745%)
[cartographer_node-1] [0.790845, 0.816749)	                  ##	Count: 5 (9.80392%)	Total: 49 (96.0784%)
[cartographer_node-1] [0.816749, 0.842654]	                   #	Count: 2 (3.92157%)	Total: 51 (100%)
[cartographer_node-1] [INFO] [1778748777.352463114] [cartographer logger]: I0514 17:52:57.000000 99047 pose_graph_2d.cc:538] Remaining work items in queue: 0
[cartographer_node-1] [INFO] [1778748777.352508997] [cartographer logger]: I0514 17:52:57.000000 99047 constraint_builder_2d.cc:294] 0 computations resulted in 0 additional constraints.
[cartographer_node-1] [INFO] [1778748777.352549808] [cartographer logger]: I0514 17:52:57.000000 99047 constraint_builder_2d.cc:296] Score histogram:
[cartographer_node-1] Count: 51  Min: 0.583609  Max: 0.842654  Mean: 0.692373
[cartographer_node-1] [0.583609, 0.609513)	                ####	Count: 9 (17.6471%)	Total: 9 (17.6471%)
[cartographer_node-1] [0.609513, 0.635418)	                  ##	Count: 4 (7.84314%)	Total: 13 (25.4902%)
[cartographer_node-1] [0.635418, 0.661322)	                 ###	Count: 8 (15.6863%)	Total: 21 (41.1765%)
[cartographer_node-1] [0.661322, 0.687227)	                 ###	Count: 7 (13.7255%)	Total: 28 (54.902%)
[cartographer_node-1] [0.687227, 0.713131)	                   #	Count: 3 (5.88235%)	Total: 31 (60.7843%)
[cartographer_node-1] [0.713131, 0.739036)	                  ##	Count: 5 (9.80392%)	Total: 36 (70.5882%)
[cartographer_node-1] [0.739036, 0.764940)	                  ##	Count: 4 (7.84314%)	Total: 40 (78.4314%)
[cartographer_node-1] [0.764940, 0.790845)	                  ##	Count: 4 (7.84314%)	Total: 44 (86.2745%)
[cartographer_node-1] [0.790845, 0.816749)	                  ##	Count: 5 (9.80392%)	Total: 49 (96.0784%)
[cartographer_node-1] [0.816749, 0.842654]	                   #	Count: 2 (3.92157%)	Total: 51 (100%)
[cartographer_node-1] [INFO] [1778748777.476275550] [cartographer logger]: I0514 17:52:57.000000 99047 pose_graph_2d.cc:538] Remaining work items in queue: 0
[cartographer_node-1] [INFO] [1778748777.476304947] [cartographer logger]: I0514 17:52:57.000000 99047 constraint_builder_2d.cc:294] 0 computations resulted in 0 additional constraints.
[cartographer_node-1] [INFO] [1778748777.476753258] [cartographer logger]: I0514 17:52:57.000000 99047 constraint_builder_2d.cc:296] Score histogram:
[cartographer_node-1] Count: 51  Min: 0.583609  Max: 0.842654  Mean: 0.692373
[cartographer_node-1] [0.583609, 0.609513)	                ####	Count: 9 (17.6471%)	Total: 9 (17.6471%)
[cartographer_node-1] [0.609513, 0.635418)	                  ##	Count: 4 (7.84314%)	Total: 13 (25.4902%)
[cartographer_node-1] [0.635418, 0.661322)	                 ###	Count: 8 (15.6863%)	Total: 21 (41.1765%)
[cartographer_node-1] [0.661322, 0.687227)	                 ###	Count: 7 (13.7255%)	Total: 28 (54.902%)
[cartographer_node-1] [0.687227, 0.713131)	                   #	Count: 3 (5.88235%)	Total: 31 (60.7843%)
[cartographer_node-1] [0.713131, 0.739036)	                  ##	Count: 5 (9.80392%)	Total: 36 (70.5882%)
[cartographer_node-1] [0.739036, 0.764940)	                  ##	Count: 4 (7.84314%)	Total: 40 (78.4314%)
[cartographer_node-1] [0.764940, 0.790845)	                  ##	Count: 4 (7.84314%)	Total: 44 (86.2745%)
[cartographer_node-1] [0.790845, 0.816749)	                  ##	Count: 5 (9.80392%)	Total: 49 (96.0784%)
[cartographer_node-1] [0.816749, 0.842654]	                   #	Count: 2 (3.92157%)	Total: 51 (100%)
[cartographer_node-1] [INFO] [1778748777.659103941] [cartographer logger]: I0514 17:52:57.000000 99049 pose_graph_2d.cc:538] Remaining work items in queue: 1
[cartographer_node-1] [INFO] [1778748777.659127836] [cartographer logger]: I0514 17:52:57.000000 99049 constraint_builder_2d.cc:294] 0 computations resulted in 0 additional constraints.
[cartographer_node-1] [INFO] [1778748777.659524902] [cartographer logger]: I0514 17:52:57.000000 99049 constraint_builder_2d.cc:296] Score histogram:
[cartographer_node-1] Count: 51  Min: 0.583609  Max: 0.842654  Mean: 0.692373
[cartographer_node-1] [0.583609, 0.609513)	                ####	Count: 9 (17.6471%)	Total: 9 (17.6471%)
[cartographer_node-1] [0.609513, 0.635418)	                  ##	Count: 4 (7.84314%)	Total: 13 (25.4902%)
[cartographer_node-1] [0.635418, 0.661322)	                 ###	Count: 8 (15.6863%)	Total: 21 (41.1765%)
[cartographer_node-1] [0.661322, 0.687227)	                 ###	Count: 7 (13.7255%)	Total: 28 (54.902%)
[cartographer_node-1] [0.687227, 0.713131)	                   #	Count: 3 (5.88235%)	Total: 31 (60.7843%)
[cartographer_node-1] [0.713131, 0.739036)	                  ##	Count: 5 (9.80392%)	Total: 36 (70.5882%)
[cartographer_node-1] [0.739036, 0.764940)	                  ##	Count: 4 (7.84314%)	Total: 40 (78.4314%)
[cartographer_node-1] [0.764940, 0.790845)	                  ##	Count: 4 (7.84314%)	Total: 44 (86.2745%)
[cartographer_node-1] [0.790845, 0.816749)	                  ##	Count: 5 (9.80392%)	Total: 49 (96.0784%)
[cartographer_node-1] [0.816749, 0.842654]	                   #	Count: 2 (3.92157%)	Total: 51 (100%)
[cartographer_node-1] [INFO] [1778748777.742900772] [cartographer logger]: I0514 17:52:57.000000 99048 constraint_builder_2d.cc:279] Node (1, 771) with 203 points on submap (0, 6) matches with score 72.6%.
[cartographer_node-1] [INFO] [1778748777.773896709] [cartographer logger]: I0514 17:52:57.000000 99047 pose_graph_2d.cc:538] Remaining work items in queue: 2
[cartographer_node-1] [INFO] [1778748777.773919647] [cartographer logger]: I0514 17:52:57.000000 99047 constraint_builder_2d.cc:294] 1 computations resulted in 1 additional constraints.
[cartographer_node-1] [INFO] [1778748777.774369039] [cartographer logger]: I0514 17:52:57.000000 99047 constraint_builder_2d.cc:296] Score histogram:
[cartographer_node-1] Count: 52  Min: 0.583609  Max: 0.842654  Mean: 0.69302
[cartographer_node-1] [0.583609, 0.609513)	                 ###	Count: 9 (17.3077%)	Total: 9 (17.3077%)
[cartographer_node-1] [0.609513, 0.635418)	                  ##	Count: 4 (7.69231%)	Total: 13 (25%)
[cartographer_node-1] [0.635418, 0.661322)	                 ###	Count: 8 (15.3846%)	Total: 21 (40.3846%)
[cartographer_node-1] [0.661322, 0.687227)	                 ###	Count: 7 (13.4615%)	Total: 28 (53.8462%)
[cartographer_node-1] [0.687227, 0.713131)	                   #	Count: 3 (5.76923%)	Total: 31 (59.6154%)
[cartographer_node-1] [0.713131, 0.739036)	                  ##	Count: 6 (11.5385%)	Total: 37 (71.1538%)
[cartographer_node-1] [0.739036, 0.764940)	                  ##	Count: 4 (7.69231%)	Total: 41 (78.8462%)
[cartographer_node-1] [0.764940, 0.790845)	                  ##	Count: 4 (7.69231%)	Total: 45 (86.5385%)
[cartographer_node-1] [0.790845, 0.816749)	                  ##	Count: 5 (9.61539%)	Total: 50 (96.1538%)
[cartographer_node-1] [0.816749, 0.842654]	                   #	Count: 2 (3.84615%)	Total: 52 (100%)
[cartographer_node-1] [INFO] [1778748777.870389306] [cartographer logger]: I0514 17:52:57.000000 99050 pose_graph_2d.cc:538] Remaining work items in queue: 0
[cartographer_node-1] [INFO] [1778748777.870422507] [cartographer logger]: I0514 17:52:57.000000 99050 constraint_builder_2d.cc:294] 0 computations resulted in 0 additional constraints.
[cartographer_node-1] [INFO] [1778748777.870803493] [cartographer logger]: I0514 17:52:57.000000 99050 constraint_builder_2d.cc:296] Score histogram:
[cartographer_node-1] Count: 52  Min: 0.583609  Max: 0.842654  Mean: 0.69302
[cartographer_node-1] [0.583609, 0.609513)	                 ###	Count: 9 (17.3077%)	Total: 9 (17.3077%)
[cartographer_node-1] [0.609513, 0.635418)	                  ##	Count: 4 (7.69231%)	Total: 13 (25%)
[cartographer_node-1] [0.635418, 0.661322)	                 ###	Count: 8 (15.3846%)	Total: 21 (40.3846%)
[cartographer_node-1] [0.661322, 0.687227)	                 ###	Count: 7 (13.4615%)	Total: 28 (53.8462%)
[cartographer_node-1] [0.687227, 0.713131)	                   #	Count: 3 (5.76923%)	Total: 31 (59.6154%)
[cartographer_node-1] [0.713131, 0.739036)	                  ##	Count: 6 (11.5385%)	Total: 37 (71.1538%)
[cartographer_node-1] [0.739036, 0.764940)	                  ##	Count: 4 (7.69231%)	Total: 41 (78.8462%)
[cartographer_node-1] [0.764940, 0.790845)	                  ##	Count: 4 (7.69231%)	Total: 45 (86.5385%)
[cartographer_node-1] [0.790845, 0.816749)	                  ##	Count: 5 (9.61539%)	Total: 50 (96.1538%)
[cartographer_node-1] [0.816749, 0.842654]	                   #	Count: 2 (3.84615%)	Total: 52 (100%)
[cartographer_node-1] [INFO] [1778748778.056455702] [cartographer logger]: I0514 17:52:58.000000 99050 pose_graph_2d.cc:538] Remaining work items in queue: 0
[cartographer_node-1] [INFO] [1778748778.056482220] [cartographer logger]: I0514 17:52:58.000000 99050 constraint_builder_2d.cc:294] 0 computations resulted in 0 additional constraints.
[cartographer_node-1] [INFO] [1778748778.056793904] [cartographer logger]: I0514 17:52:58.000000 99050 constraint_builder_2d.cc:296] Score histogram:
[cartographer_node-1] Count: 52  Min: 0.583609  Max: 0.842654  Mean: 0.69302
[cartographer_node-1] [0.583609, 0.609513)	                 ###	Count: 9 (17.3077%)	Total: 9 (17.3077%)
[cartographer_node-1] [0.609513, 0.635418)	                  ##	Count: 4 (7.69231%)	Total: 13 (25%)
[cartographer_node-1] [0.635418, 0.661322)	                 ###	Count: 8 (15.3846%)	Total: 21 (40.3846%)
[cartographer_node-1] [0.661322, 0.687227)	                 ###	Count: 7 (13.4615%)	Total: 28 (53.8462%)
[cartographer_node-1] [0.687227, 0.713131)	                   #	Count: 3 (5.76923%)	Total: 31 (59.6154%)
[cartographer_node-1] [0.713131, 0.739036)	                  ##	Count: 6 (11.5385%)	Total: 37 (71.1538%)
[cartographer_node-1] [0.739036, 0.764940)	                  ##	Count: 4 (7.69231%)	Total: 41 (78.8462%)
[cartographer_node-1] [0.764940, 0.790845)	                  ##	Count: 4 (7.69231%)	Total: 45 (86.5385%)
[cartographer_node-1] [0.790845, 0.816749)	                  ##	Count: 5 (9.61539%)	Total: 50 (96.1538%)
[cartographer_node-1] [0.816749, 0.842654]	                   #	Count: 2 (3.84615%)	Total: 52 (100%)
[cartographer_node-1] [INFO] [1778748778.227287331] [cartographer logger]: I0514 17:52:58.000000 99048 pose_graph_2d.cc:538] Remaining work items in queue: 2
[cartographer_node-1] [INFO] [1778748778.227310124] [cartographer logger]: I0514 17:52:58.000000 99048 constraint_builder_2d.cc:294] 0 computations resulted in 0 additional constraints.
[cartographer_node-1] [INFO] [1778748778.227347818] [cartographer logger]: I0514 17:52:58.000000 99048 constraint_builder_2d.cc:296] Score histogram:
[cartographer_node-1] Count: 52  Min: 0.583609  Max: 0.842654  Mean: 0.69302
[cartographer_node-1] [0.583609, 0.609513)	                 ###	Count: 9 (17.3077%)	Total: 9 (17.3077%)
[cartographer_node-1] [0.609513, 0.635418)	                  ##	Count: 4 (7.69231%)	Total: 13 (25%)
[cartographer_node-1] [0.635418, 0.661322)	                 ###	Count: 8 (15.3846%)	Total: 21 (40.3846%)
[cartographer_node-1] [0.661322, 0.687227)	                 ###	Count: 7 (13.4615%)	Total: 28 (53.8462%)
[cartographer_node-1] [0.687227, 0.713131)	                   #	Count: 3 (5.76923%)	Total: 31 (59.6154%)
[cartographer_node-1] [0.713131, 0.739036)	                  ##	Count: 6 (11.5385%)	Total: 37 (71.1538%)
[cartographer_node-1] [0.739036, 0.764940)	                  ##	Count: 4 (7.69231%)	Total: 41 (78.8462%)
[cartographer_node-1] [0.764940, 0.790845)	                  ##	Count: 4 (7.69231%)	Total: 45 (86.5385%)
[cartographer_node-1] [0.790845, 0.816749)	                  ##	Count: 5 (9.61539%)	Total: 50 (96.1538%)
[cartographer_node-1] [0.816749, 0.842654]	                   #	Count: 2 (3.84615%)	Total: 52 (100%)
[cartographer_node-1] [INFO] [1778748778.380829715] [cartographer logger]: I0514 17:52:58.000000 99048 pose_graph_2d.cc:538] Remaining work items in queue: 1
[cartographer_node-1] [INFO] [1778748778.400641295] [cartographer logger]: I0514 17:52:58.000000 99047 constraint_builder_2d.cc:294] 1 computations resulted in 0 additional constraints.
[cartographer_node-1] [INFO] [1778748778.400676931] [cartographer logger]: I0514 17:52:58.000000 99047 constraint_builder_2d.cc:296] Score histogram:
[cartographer_node-1] Count: 52  Min: 0.583609  Max: 0.842654  Mean: 0.69302
[cartographer_node-1] [0.583609, 0.609513)	                 ###	Count: 9 (17.3077%)	Total: 9 (17.3077%)
[cartographer_node-1] [0.609513, 0.635418)	                  ##	Count: 4 (7.69231%)	Total: 13 (25%)
[cartographer_node-1] [0.635418, 0.661322)	                 ###	Count: 8 (15.3846%)	Total: 21 (40.3846%)
[cartographer_node-1] [0.661322, 0.687227)	                 ###	Count: 7 (13.4615%)	Total: 28 (53.8462%)
[cartographer_node-1] [0.687227, 0.713131)	                   #	Count: 3 (5.76923%)	Total: 31 (59.6154%)
[cartographer_node-1] [0.713131, 0.739036)	                  ##	Count: 6 (11.5385%)	Total: 37 (71.1538%)
[cartographer_node-1] [0.739036, 0.764940)	                  ##	Count: 4 (7.69231%)	Total: 41 (78.8462%)
[cartographer_node-1] [0.764940, 0.790845)	                  ##	Count: 4 (7.69231%)	Total: 45 (86.5385%)
[cartographer_node-1] [0.790845, 0.816749)	                  ##	Count: 5 (9.61539%)	Total: 50 (96.1538%)
[cartographer_node-1] [0.816749, 0.842654]	                   #	Count: 2 (3.84615%)	Total: 52 (100%)
[cartographer_node-1] [INFO] [1778748778.580357275] [cartographer logger]: I0514 17:52:58.000000 99047 pose_graph_2d.cc:538] Remaining work items in queue: 0
[cartographer_node-1] [INFO] [1778748778.580403891] [cartographer logger]: I0514 17:52:58.000000 99047 constraint_builder_2d.cc:294] 0 computations resulted in 0 additional constraints.
[cartographer_node-1] [INFO] [1778748778.580758869] [cartographer logger]: I0514 17:52:58.000000 99047 constraint_builder_2d.cc:296] Score histogram:
[cartographer_node-1] Count: 52  Min: 0.583609  Max: 0.842654  Mean: 0.69302
[cartographer_node-1] [0.583609, 0.609513)	                 ###	Count: 9 (17.3077%)	Total: 9 (17.3077%)
[cartographer_node-1] [0.609513, 0.635418)	                  ##	Count: 4 (7.69231%)	Total: 13 (25%)
[cartographer_node-1] [0.635418, 0.661322)	                 ###	Count: 8 (15.3846%)	Total: 21 (40.3846%)
[cartographer_node-1] [0.661322, 0.687227)	                 ###	Count: 7 (13.4615%)	Total: 28 (53.8462%)
[cartographer_node-1] [0.687227, 0.713131)	                   #	Count: 3 (5.76923%)	Total: 31 (59.6154%)
[cartographer_node-1] [0.713131, 0.739036)	                  ##	Count: 6 (11.5385%)	Total: 37 (71.1538%)
[cartographer_node-1] [0.739036, 0.764940)	                  ##	Count: 4 (7.69231%)	Total: 41 (78.8462%)
[cartographer_node-1] [0.764940, 0.790845)	                  ##	Count: 4 (7.69231%)	Total: 45 (86.5385%)
[cartographer_node-1] [0.790845, 0.816749)	                  ##	Count: 5 (9.61539%)	Total: 50 (96.1538%)
[cartographer_node-1] [0.816749, 0.842654]	                   #	Count: 2 (3.84615%)	Total: 52 (100%)
[cartographer_node-1] [INFO] [1778748778.750962949] [cartographer logger]: I0514 17:52:58.000000 99049 pose_graph_2d.cc:538] Remaining work items in queue: 0
[cartographer_node-1] [INFO] [1778748778.750990801] [cartographer logger]: I0514 17:52:58.000000 99049 constraint_builder_2d.cc:294] 0 computations resulted in 0 additional constraints.
[cartographer_node-1] [INFO] [1778748778.751398215] [cartographer logger]: I0514 17:52:58.000000 99049 constraint_builder_2d.cc:296] Score histogram:
[cartographer_node-1] Count: 52  Min: 0.583609  Max: 0.842654  Mean: 0.69302
[cartographer_node-1] [0.583609, 0.609513)	                 ###	Count: 9 (17.3077%)	Total: 9 (17.3077%)
[cartographer_node-1] [0.609513, 0.635418)	                  ##	Count: 4 (7.69231%)	Total: 13 (25%)
[cartographer_node-1] [0.635418, 0.661322)	                 ###	Count: 8 (15.3846%)	Total: 21 (40.3846%)
[cartographer_node-1] [0.661322, 0.687227)	                 ###	Count: 7 (13.4615%)	Total: 28 (53.8462%)
[cartographer_node-1] [0.687227, 0.713131)	                   #	Count: 3 (5.76923%)	Total: 31 (59.6154%)
[cartographer_node-1] [0.713131, 0.739036)	                  ##	Count: 6 (11.5385%)	Total: 37 (71.1538%)
[cartographer_node-1] [0.739036, 0.764940)	                  ##	Count: 4 (7.69231%)	Total: 41 (78.8462%)
[cartographer_node-1] [0.764940, 0.790845)	                  ##	Count: 4 (7.69231%)	Total: 45 (86.5385%)
[cartographer_node-1] [0.790845, 0.816749)	                  ##	Count: 5 (9.61539%)	Total: 50 (96.1538%)
[cartographer_node-1] [0.816749, 0.842654]	                   #	Count: 2 (3.84615%)	Total: 52 (100%)
[cartographer_node-1] [INFO] [1778748778.830087814] [cartographer logger]: I0514 17:52:58.000000 99049 pose_graph_2d.cc:538] Remaining work items in queue: 0
[cartographer_node-1] [INFO] [1778748778.830108462] [cartographer logger]: I0514 17:52:58.000000 99049 constraint_builder_2d.cc:294] 0 computations resulted in 0 additional constraints.
[cartographer_node-1] [INFO] [1778748778.830184112] [cartographer logger]: I0514 17:52:58.000000 99049 constraint_builder_2d.cc:296] Score histogram:
[cartographer_node-1] Count: 52  Min: 0.583609  Max: 0.842654  Mean: 0.69302
[cartographer_node-1] [0.583609, 0.609513)	                 ###	Count: 9 (17.3077%)	Total: 9 (17.3077%)
[cartographer_node-1] [0.609513, 0.635418)	                  ##	Count: 4 (7.69231%)	Total: 13 (25%)
[cartographer_node-1] [0.635418, 0.661322)	                 ###	Count: 8 (15.3846%)	Total: 21 (40.3846%)
[cartographer_node-1] [0.661322, 0.687227)	                 ###	Count: 7 (13.4615%)	Total: 28 (53.8462%)
[cartographer_node-1] [0.687227, 0.713131)	                   #	Count: 3 (5.76923%)	Total: 31 (59.6154%)
[cartographer_node-1] [0.713131, 0.739036)	                  ##	Count: 6 (11.5385%)	Total: 37 (71.1538%)
[cartographer_node-1] [0.739036, 0.764940)	                  ##	Count: 4 (7.69231%)	Total: 41 (78.8462%)
[cartographer_node-1] [0.764940, 0.790845)	                  ##	Count: 4 (7.69231%)	Total: 45 (86.5385%)
[cartographer_node-1] [0.790845, 0.816749)	                  ##	Count: 5 (9.61539%)	Total: 50 (96.1538%)
[cartographer_node-1] [0.816749, 0.842654]	                   #	Count: 2 (3.84615%)	Total: 52 (100%)
[cartographer_node-1] [INFO] [1778748778.924762716] [cartographer logger]: I0514 17:52:58.000000 99050 pose_graph_2d.cc:538] Remaining work items in queue: 0
[cartographer_node-1] [INFO] [1778748778.924805808] [cartographer logger]: I0514 17:52:58.000000 99050 constraint_builder_2d.cc:294] 0 computations resulted in 0 additional constraints.
[cartographer_node-1] [INFO] [1778748778.924906119] [cartographer logger]: I0514 17:52:58.000000 99050 constraint_builder_2d.cc:296] Score histogram:
[cartographer_node-1] Count: 52  Min: 0.583609  Max: 0.842654  Mean: 0.69302
[cartographer_node-1] [0.583609, 0.609513)	                 ###	Count: 9 (17.3077%)	Total: 9 (17.3077%)
[cartographer_node-1] [0.609513, 0.635418)	                  ##	Count: 4 (7.69231%)	Total: 13 (25%)
[cartographer_node-1] [0.635418, 0.661322)	                 ###	Count: 8 (15.3846%)	Total: 21 (40.3846%)
[cartographer_node-1] [0.661322, 0.687227)	                 ###	Count: 7 (13.4615%)	Total: 28 (53.8462%)
[cartographer_node-1] [0.687227, 0.713131)	                   #	Count: 3 (5.76923%)	Total: 31 (59.6154%)
[cartographer_node-1] [0.713131, 0.739036)	                  ##	Count: 6 (11.5385%)	Total: 37 (71.1538%)
[cartographer_node-1] [0.739036, 0.764940)	                  ##	Count: 4 (7.69231%)	Total: 41 (78.8462%)
[cartographer_node-1] [0.764940, 0.790845)	                  ##	Count: 4 (7.69231%)	Total: 45 (86.5385%)
[cartographer_node-1] [0.790845, 0.816749)	                  ##	Count: 5 (9.61539%)	Total: 50 (96.1538%)
[cartographer_node-1] [0.816749, 0.842654]	                   #	Count: 2 (3.84615%)	Total: 52 (100%)
[cartographer_node-1] [INFO] [1778748779.059355713] [cartographer logger]: I0514 17:52:59.000000 99048 pose_graph_2d.cc:538] Remaining work items in queue: 1
[cartographer_node-1] [INFO] [1778748779.084972720] [cartographer logger]: I0514 17:52:59.000000 99050 constraint_builder_2d.cc:294] 1 computations resulted in 0 additional constraints.
[cartographer_node-1] [INFO] [1778748779.085048645] [cartographer logger]: I0514 17:52:59.000000 99050 constraint_builder_2d.cc:296] Score histogram:
[cartographer_node-1] Count: 52  Min: 0.583609  Max: 0.842654  Mean: 0.69302
[cartographer_node-1] [0.583609, 0.609513)	                 ###	Count: 9 (17.3077%)	Total: 9 (17.3077%)
[cartographer_node-1] [0.609513, 0.635418)	                  ##	Count: 4 (7.69231%)	Total: 13 (25%)
[cartographer_node-1] [0.635418, 0.661322)	                 ###	Count: 8 (15.3846%)	Total: 21 (40.3846%)
[cartographer_node-1] [0.661322, 0.687227)	                 ###	Count: 7 (13.4615%)	Total: 28 (53.8462%)
[cartographer_node-1] [0.687227, 0.713131)	                   #	Count: 3 (5.76923%)	Total: 31 (59.6154%)
[cartographer_node-1] [0.713131, 0.739036)	                  ##	Count: 6 (11.5385%)	Total: 37 (71.1538%)
[cartographer_node-1] [0.739036, 0.764940)	                  ##	Count: 4 (7.69231%)	Total: 41 (78.8462%)
[cartographer_node-1] [0.764940, 0.790845)	                  ##	Count: 4 (7.69231%)	Total: 45 (86.5385%)
[cartographer_node-1] [0.790845, 0.816749)	                  ##	Count: 5 (9.61539%)	Total: 50 (96.1538%)
[cartographer_node-1] [0.816749, 0.842654]	                   #	Count: 2 (3.84615%)	Total: 52 (100%)
[cartographer_node-1] [INFO] [1778748779.211076794] [cartographer logger]: I0514 17:52:59.000000 99048 pose_graph_2d.cc:538] Remaining work items in queue: 1
[cartographer_node-1] [INFO] [1778748779.211120923] [cartographer logger]: I0514 17:52:59.000000 99048 constraint_builder_2d.cc:294] 0 computations resulted in 0 additional constraints.
[cartographer_node-1] [INFO] [1778748779.211276354] [cartographer logger]: I0514 17:52:59.000000 99048 constraint_builder_2d.cc:296] Score histogram:
[cartographer_node-1] Count: 52  Min: 0.583609  Max: 0.842654  Mean: 0.69302
[cartographer_node-1] [0.583609, 0.609513)	                 ###	Count: 9 (17.3077%)	Total: 9 (17.3077%)
[cartographer_node-1] [0.609513, 0.635418)	                  ##	Count: 4 (7.69231%)	Total: 13 (25%)
[cartographer_node-1] [0.635418, 0.661322)	                 ###	Count: 8 (15.3846%)	Total: 21 (40.3846%)
[cartographer_node-1] [0.661322, 0.687227)	                 ###	Count: 7 (13.4615%)	Total: 28 (53.8462%)
[cartographer_node-1] [0.687227, 0.713131)	                   #	Count: 3 (5.76923%)	Total: 31 (59.6154%)
[cartographer_node-1] [0.713131, 0.739036)	                  ##	Count: 6 (11.5385%)	Total: 37 (71.1538%)
[cartographer_node-1] [0.739036, 0.764940)	                  ##	Count: 4 (7.69231%)	Total: 41 (78.8462%)
[cartographer_node-1] [0.764940, 0.790845)	                  ##	Count: 4 (7.69231%)	Total: 45 (86.5385%)
[cartographer_node-1] [0.790845, 0.816749)	                  ##	Count: 5 (9.61539%)	Total: 50 (96.1538%)
[cartographer_node-1] [0.816749, 0.842654]	                   #	Count: 2 (3.84615%)	Total: 52 (100%)
[cartographer_node-1] [INFO] [1778748779.351091377] [cartographer logger]: I0514 17:52:59.000000 99050 pose_graph_2d.cc:538] Remaining work items in queue: 1
[cartographer_node-1] [INFO] [1778748779.351143702] [cartographer logger]: I0514 17:52:59.000000 99050 constraint_builder_2d.cc:294] 0 computations resulted in 0 additional constraints.
[cartographer_node-1] [INFO] [1778748779.351364401] [cartographer logger]: I0514 17:52:59.000000 99050 constraint_builder_2d.cc:296] Score histogram:
[cartographer_node-1] Count: 52  Min: 0.583609  Max: 0.842654  Mean: 0.69302
[cartographer_node-1] [0.583609, 0.609513)	                 ###	Count: 9 (17.3077%)	Total: 9 (17.3077%)
[cartographer_node-1] [0.609513, 0.635418)	                  ##	Count: 4 (7.69231%)	Total: 13 (25%)
[cartographer_node-1] [0.635418, 0.661322)	                 ###	Count: 8 (15.3846%)	Total: 21 (40.3846%)
[cartographer_node-1] [0.661322, 0.687227)	                 ###	Count: 7 (13.4615%)	Total: 28 (53.8462%)
[cartographer_node-1] [0.687227, 0.713131)	                   #	Count: 3 (5.76923%)	Total: 31 (59.6154%)
[cartographer_node-1] [0.713131, 0.739036)	                  ##	Count: 6 (11.5385%)	Total: 37 (71.1538%)
[cartographer_node-1] [0.739036, 0.764940)	                  ##	Count: 4 (7.69231%)	Total: 41 (78.8462%)
[cartographer_node-1] [0.764940, 0.790845)	                  ##	Count: 4 (7.69231%)	Total: 45 (86.5385%)
[cartographer_node-1] [0.790845, 0.816749)	                  ##	Count: 5 (9.61539%)	Total: 50 (96.1538%)
[cartographer_node-1] [0.816749, 0.842654]	                   #	Count: 2 (3.84615%)	Total: 52 (100%)
[cartographer_node-1] [INFO] [1778748779.457223704] [cartographer logger]: I0514 17:52:59.000000 99047 pose_graph_2d.cc:538] Remaining work items in queue: 1
[cartographer_node-1] [INFO] [1778748779.458126417] [cartographer logger]: I0514 17:52:59.000000 99008 pose_graph_2d.cc:148] Inserted submap (1, 9).
[cartographer_node-1] [INFO] [1778748779.505076723] [cartographer logger]: I0514 17:52:59.000000 99047 constraint_builder_2d.cc:279] Node (0, 726) with 208 points on submap (1, 7) matches with score 80.5%.
[cartographer_node-1] [INFO] [1778748779.517561502] [cartographer logger]: I0514 17:52:59.000000 99050 constraint_builder_2d.cc:279] Node (0, 1326) with 215 points on submap (1, 7) matches with score 66.6%.
[cartographer_node-1] [INFO] [1778748779.518349679] [cartographer logger]: I0514 17:52:59.000000 99048 constraint_builder_2d.cc:279] Node (0, 526) with 200 points on submap (1, 7) matches with score 71.3%.
[cartographer_node-1] [INFO] [1778748779.520567374] [cartographer logger]: I0514 17:52:59.000000 99049 constraint_builder_2d.cc:279] Node (0, 126) with 201 points on submap (1, 7) matches with score 79.6%.
[cartographer_node-1] [INFO] [1778748779.578317891] [cartographer logger]: I0514 17:52:59.000000 99050 constraint_builder_2d.cc:279] Node (0, 1126) with 212 points on submap (1, 7) matches with score 75.8%.
[cartographer_node-1] [INFO] [1778748779.586184733] [cartographer logger]: I0514 17:52:59.000000 99048 constraint_builder_2d.cc:294] 8 computations resulted in 5 additional constraints.
[cartographer_node-1] [INFO] [1778748779.586250886] [cartographer logger]: I0514 17:52:59.000000 99048 constraint_builder_2d.cc:296] Score histogram:
[cartographer_node-1] Count: 57  Min: 0.583609  Max: 0.842654  Mean: 0.697814
[cartographer_node-1] [0.583609, 0.609513)	                 ###	Count: 9 (15.7895%)	Total: 9 (15.7895%)
[cartographer_node-1] [0.609513, 0.635418)	                   #	Count: 4 (7.01754%)	Total: 13 (22.807%)
[cartographer_node-1] [0.635418, 0.661322)	                 ###	Count: 8 (14.0351%)	Total: 21 (36.8421%)
[cartographer_node-1] [0.661322, 0.687227)	                 ###	Count: 8 (14.0351%)	Total: 29 (50.8772%)
[cartographer_node-1] [0.687227, 0.713131)	                   #	Count: 4 (7.01754%)	Total: 33 (57.8947%)
[cartographer_node-1] [0.713131, 0.739036)	                  ##	Count: 6 (10.5263%)	Total: 39 (68.4211%)
[cartographer_node-1] [0.739036, 0.764940)	                  ##	Count: 5 (8.77193%)	Total: 44 (77.193%)
[cartographer_node-1] [0.764940, 0.790845)	                   #	Count: 4 (7.01754%)	Total: 48 (84.2105%)
[cartographer_node-1] [0.790845, 0.816749)	                  ##	Count: 7 (12.2807%)	Total: 55 (96.4912%)
[cartographer_node-1] [0.816749, 0.842654]	                   #	Count: 2 (3.50877%)	Total: 57 (100%)
[cartographer_node-1] [INFO] [1778748779.616652522] [cartographer logger]: I0514 17:52:59.000000 99048 pose_graph_2d.cc:538] Remaining work items in queue: 12
[cartographer_node-1] [INFO] [1778748779.616676954] [cartographer logger]: I0514 17:52:59.000000 99048 constraint_builder_2d.cc:294] 0 computations resulted in 0 additional constraints.
[cartographer_node-1] [INFO] [1778748779.616724970] [cartographer logger]: I0514 17:52:59.000000 99048 constraint_builder_2d.cc:296] Score histogram:
[cartographer_node-1] Count: 57  Min: 0.583609  Max: 0.842654  Mean: 0.697814
[cartographer_node-1] [0.583609, 0.609513)	                 ###	Count: 9 (15.7895%)	Total: 9 (15.7895%)
[cartographer_node-1] [0.609513, 0.635418)	                   #	Count: 4 (7.01754%)	Total: 13 (22.807%)
[cartographer_node-1] [0.635418, 0.661322)	                 ###	Count: 8 (14.0351%)	Total: 21 (36.8421%)
[cartographer_node-1] [0.661322, 0.687227)	                 ###	Count: 8 (14.0351%)	Total: 29 (50.8772%)
[cartographer_node-1] [0.687227, 0.713131)	                   #	Count: 4 (7.01754%)	Total: 33 (57.8947%)
[cartographer_node-1] [0.713131, 0.739036)	                  ##	Count: 6 (10.5263%)	Total: 39 (68.4211%)
[cartographer_node-1] [0.739036, 0.764940)	                  ##	Count: 5 (8.77193%)	Total: 44 (77.193%)
[cartographer_node-1] [0.764940, 0.790845)	                   #	Count: 4 (7.01754%)	Total: 48 (84.2105%)
[cartographer_node-1] [0.790845, 0.816749)	                  ##	Count: 7 (12.2807%)	Total: 55 (96.4912%)
[cartographer_node-1] [0.816749, 0.842654]	                   #	Count: 2 (3.50877%)	Total: 57 (100%)
[cartographer_node-1] [INFO] [1778748779.635002145] [cartographer logger]: I0514 17:52:59.000000 99048 pose_graph_2d.cc:538] Remaining work items in queue: 4
[cartographer_node-1] [INFO] [1778748779.682552941] [cartographer logger]: I0514 17:52:59.000000 99049 constraint_builder_2d.cc:279] Node (1, 814) with 206 points on submap (0, 4) matches with score 60.9%.
[cartographer_node-1] [INFO] [1778748779.682582377] [cartographer logger]: I0514 17:52:59.000000 99049 constraint_builder_2d.cc:294] 1 computations resulted in 1 additional constraints.
[cartographer_node-1] [INFO] [1778748779.682607058] [cartographer logger]: I0514 17:52:59.000000 99049 constraint_builder_2d.cc:296] Score histogram:
[cartographer_node-1] Count: 58  Min: 0.583609  Max: 0.842654  Mean: 0.69628
[cartographer_node-1] [0.583609, 0.609513)	                 ###	Count: 10 (17.2414%)	Total: 10 (17.2414%)
[cartographer_node-1] [0.609513, 0.635418)	                   #	Count: 4 (6.89655%)	Total: 14 (24.1379%)
[cartographer_node-1] [0.635418, 0.661322)	                 ###	Count: 8 (13.7931%)	Total: 22 (37.931%)
[cartographer_node-1] [0.661322, 0.687227)	                 ###	Count: 8 (13.7931%)	Total: 30 (51.7241%)
[cartographer_node-1] [0.687227, 0.713131)	                   #	Count: 4 (6.89655%)	Total: 34 (58.6207%)
[cartographer_node-1] [0.713131, 0.739036)	                  ##	Count: 6 (10.3448%)	Total: 40 (68.9655%)
[cartographer_node-1] [0.739036, 0.764940)	                  ##	Count: 5 (8.62069%)	Total: 45 (77.5862%)
[cartographer_node-1] [0.764940, 0.790845)	                   #	Count: 4 (6.89655%)	Total: 49 (84.4828%)
[cartographer_node-1] [0.790845, 0.816749)	                  ##	Count: 7 (12.069%)	Total: 56 (96.5517%)
[cartographer_node-1] [0.816749, 0.842654]	                   #	Count: 2 (3.44828%)	Total: 58 (100%)
[cartographer_node-1] [INFO] [1778748779.708248811] [cartographer logger]: I0514 17:52:59.000000 99049 pose_graph_2d.cc:538] Remaining work items in queue: 7
[cartographer_node-1] [INFO] [1778748779.708277390] [cartographer logger]: I0514 17:52:59.000000 99049 constraint_builder_2d.cc:294] 0 computations resulted in 0 additional constraints.
[cartographer_node-1] [INFO] [1778748779.708551292] [cartographer logger]: I0514 17:52:59.000000 99049 constraint_builder_2d.cc:296] Score histogram:
[cartographer_node-1] Count: 58  Min: 0.583609  Max: 0.842654  Mean: 0.69628
[cartographer_node-1] [0.583609, 0.609513)	                 ###	Count: 10 (17.2414%)	Total: 10 (17.2414%)
[cartographer_node-1] [0.609513, 0.635418)	                   #	Count: 4 (6.89655%)	Total: 14 (24.1379%)
[cartographer_node-1] [0.635418, 0.661322)	                 ###	Count: 8 (13.7931%)	Total: 22 (37.931%)
[cartographer_node-1] [0.661322, 0.687227)	                 ###	Count: 8 (13.7931%)	Total: 30 (51.7241%)
[cartographer_node-1] [0.687227, 0.713131)	                   #	Count: 4 (6.89655%)	Total: 34 (58.6207%)
[cartographer_node-1] [0.713131, 0.739036)	                  ##	Count: 6 (10.3448%)	Total: 40 (68.9655%)
[cartographer_node-1] [0.739036, 0.764940)	                  ##	Count: 5 (8.62069%)	Total: 45 (77.5862%)
[cartographer_node-1] [0.764940, 0.790845)	                   #	Count: 4 (6.89655%)	Total: 49 (84.4828%)
[cartographer_node-1] [0.790845, 0.816749)	                  ##	Count: 7 (12.069%)	Total: 56 (96.5517%)
[cartographer_node-1] [0.816749, 0.842654]	                   #	Count: 2 (3.44828%)	Total: 58 (100%)
[cartographer_node-1] [INFO] [1778748779.736979463] [cartographer logger]: I0514 17:52:59.000000 99050 pose_graph_2d.cc:538] Remaining work items in queue: 1
[cartographer_node-1] [INFO] [1778748779.737010131] [cartographer logger]: I0514 17:52:59.000000 99050 constraint_builder_2d.cc:294] 0 computations resulted in 0 additional constraints.
[cartographer_node-1] [INFO] [1778748779.737121235] [cartographer logger]: I0514 17:52:59.000000 99050 constraint_builder_2d.cc:296] Score histogram:
[cartographer_node-1] Count: 58  Min: 0.583609  Max: 0.842654  Mean: 0.69628
[cartographer_node-1] [0.583609, 0.609513)	                 ###	Count: 10 (17.2414%)	Total: 10 (17.2414%)
[cartographer_node-1] [0.609513, 0.635418)	                   #	Count: 4 (6.89655%)	Total: 14 (24.1379%)
[cartographer_node-1] [0.635418, 0.661322)	                 ###	Count: 8 (13.7931%)	Total: 22 (37.931%)
[cartographer_node-1] [0.661322, 0.687227)	                 ###	Count: 8 (13.7931%)	Total: 30 (51.7241%)
[cartographer_node-1] [0.687227, 0.713131)	                   #	Count: 4 (6.89655%)	Total: 34 (58.6207%)
[cartographer_node-1] [0.713131, 0.739036)	                  ##	Count: 6 (10.3448%)	Total: 40 (68.9655%)
[cartographer_node-1] [0.739036, 0.764940)	                  ##	Count: 5 (8.62069%)	Total: 45 (77.5862%)
[cartographer_node-1] [0.764940, 0.790845)	                   #	Count: 4 (6.89655%)	Total: 49 (84.4828%)
[cartographer_node-1] [0.790845, 0.816749)	                  ##	Count: 7 (12.069%)	Total: 56 (96.5517%)
[cartographer_node-1] [0.816749, 0.842654]	                   #	Count: 2 (3.44828%)	Total: 58 (100%)
[cartographer_node-1] [INFO] [1778748779.834884548] [cartographer logger]: I0514 17:52:59.000000 99048 pose_graph_2d.cc:538] Remaining work items in queue: 0
[cartographer_node-1] [INFO] [1778748779.834928780] [cartographer logger]: I0514 17:52:59.000000 99048 constraint_builder_2d.cc:294] 0 computations resulted in 0 additional constraints.
[cartographer_node-1] [INFO] [1778748779.835011482] [cartographer logger]: I0514 17:52:59.000000 99048 constraint_builder_2d.cc:296] Score histogram:
[cartographer_node-1] Count: 58  Min: 0.583609  Max: 0.842654  Mean: 0.69628
[cartographer_node-1] [0.583609, 0.609513)	                 ###	Count: 10 (17.2414%)	Total: 10 (17.2414%)
[cartographer_node-1] [0.609513, 0.635418)	                   #	Count: 4 (6.89655%)	Total: 14 (24.1379%)
[cartographer_node-1] [0.635418, 0.661322)	                 ###	Count: 8 (13.7931%)	Total: 22 (37.931%)
[cartographer_node-1] [0.661322, 0.687227)	                 ###	Count: 8 (13.7931%)	Total: 30 (51.7241%)
[cartographer_node-1] [0.687227, 0.713131)	                   #	Count: 4 (6.89655%)	Total: 34 (58.6207%)
[cartographer_node-1] [0.713131, 0.739036)	                  ##	Count: 6 (10.3448%)	Total: 40 (68.9655%)
[cartographer_node-1] [0.739036, 0.764940)	                  ##	Count: 5 (8.62069%)	Total: 45 (77.5862%)
[cartographer_node-1] [0.764940, 0.790845)	                   #	Count: 4 (6.89655%)	Total: 49 (84.4828%)
[cartographer_node-1] [0.790845, 0.816749)	                  ##	Count: 7 (12.069%)	Total: 56 (96.5517%)
[cartographer_node-1] [0.816749, 0.842654]	                   #	Count: 2 (3.44828%)	Total: 58 (100%)
[cartographer_node-1] [INFO] [1778748779.884755470] [cartographer logger]: I0514 17:52:59.000000 99049 pose_graph_2d.cc:538] Remaining work items in queue: 0
[cartographer_node-1] [INFO] [1778748779.884780841] [cartographer logger]: I0514 17:52:59.000000 99049 constraint_builder_2d.cc:294] 0 computations resulted in 0 additional constraints.
[cartographer_node-1] [INFO] [1778748779.885071324] [cartographer logger]: I0514 17:52:59.000000 99049 constraint_builder_2d.cc:296] Score histogram:
[cartographer_node-1] Count: 58  Min: 0.583609  Max: 0.842654  Mean: 0.69628
[cartographer_node-1] [0.583609, 0.609513)	                 ###	Count: 10 (17.2414%)	Total: 10 (17.2414%)
[cartographer_node-1] [0.609513, 0.635418)	                   #	Count: 4 (6.89655%)	Total: 14 (24.1379%)
[cartographer_node-1] [0.635418, 0.661322)	                 ###	Count: 8 (13.7931%)	Total: 22 (37.931%)
[cartographer_node-1] [0.661322, 0.687227)	                 ###	Count: 8 (13.7931%)	Total: 30 (51.7241%)
[cartographer_node-1] [0.687227, 0.713131)	                   #	Count: 4 (6.89655%)	Total: 34 (58.6207%)
[cartographer_node-1] [0.713131, 0.739036)	                  ##	Count: 6 (10.3448%)	Total: 40 (68.9655%)
[cartographer_node-1] [0.739036, 0.764940)	                  ##	Count: 5 (8.62069%)	Total: 45 (77.5862%)
[cartographer_node-1] [0.764940, 0.790845)	                   #	Count: 4 (6.89655%)	Total: 49 (84.4828%)
[cartographer_node-1] [0.790845, 0.816749)	                  ##	Count: 7 (12.069%)	Total: 56 (96.5517%)
[cartographer_node-1] [0.816749, 0.842654]	                   #	Count: 2 (3.44828%)	Total: 58 (100%)
[cartographer_node-1] [INFO] [1778748779.961172420] [cartographer logger]: I0514 17:52:59.000000 99049 pose_graph_2d.cc:538] Remaining work items in queue: 1
[cartographer_node-1] [INFO] [1778748779.961219640] [cartographer logger]: I0514 17:52:59.000000 99049 constraint_builder_2d.cc:294] 1 computations resulted in 0 additional constraints.
[cartographer_node-1] [INFO] [1778748779.961538075] [cartographer logger]: I0514 17:52:59.000000 99049 constraint_builder_2d.cc:296] Score histogram:
[cartographer_node-1] Count: 58  Min: 0.583609  Max: 0.842654  Mean: 0.69628
[cartographer_node-1] [0.583609, 0.609513)	                 ###	Count: 10 (17.2414%)	Total: 10 (17.2414%)
[cartographer_node-1] [0.609513, 0.635418)	                   #	Count: 4 (6.89655%)	Total: 14 (24.1379%)
[cartographer_node-1] [0.635418, 0.661322)	                 ###	Count: 8 (13.7931%)	Total: 22 (37.931%)
[cartographer_node-1] [0.661322, 0.687227)	                 ###	Count: 8 (13.7931%)	Total: 30 (51.7241%)
[cartographer_node-1] [0.687227, 0.713131)	                   #	Count: 4 (6.89655%)	Total: 34 (58.6207%)
[cartographer_node-1] [0.713131, 0.739036)	                  ##	Count: 6 (10.3448%)	Total: 40 (68.9655%)
[cartographer_node-1] [0.739036, 0.764940)	                  ##	Count: 5 (8.62069%)	Total: 45 (77.5862%)
[cartographer_node-1] [0.764940, 0.790845)	                   #	Count: 4 (6.89655%)	Total: 49 (84.4828%)
[cartographer_node-1] [0.790845, 0.816749)	                  ##	Count: 7 (12.069%)	Total: 56 (96.5517%)
[cartographer_node-1] [0.816749, 0.842654]	                   #	Count: 2 (3.44828%)	Total: 58 (100%)
[cartographer_node-1] [INFO] [1778748780.048241830] [cartographer logger]: I0514 17:53:00.000000 99049 pose_graph_2d.cc:538] Remaining work items in queue: 2
[cartographer_node-1] [INFO] [1778748780.048324172] [cartographer logger]: I0514 17:53:00.000000 99049 constraint_builder_2d.cc:294] 0 computations resulted in 0 additional constraints.
[cartographer_node-1] [INFO] [1778748780.048391497] [cartographer logger]: I0514 17:53:00.000000 99049 constraint_builder_2d.cc:296] Score histogram:
[cartographer_node-1] Count: 58  Min: 0.583609  Max: 0.842654  Mean: 0.69628
[cartographer_node-1] [0.583609, 0.609513)	                 ###	Count: 10 (17.2414%)	Total: 10 (17.2414%)
[cartographer_node-1] [0.609513, 0.635418)	                   #	Count: 4 (6.89655%)	Total: 14 (24.1379%)
[cartographer_node-1] [0.635418, 0.661322)	                 ###	Count: 8 (13.7931%)	Total: 22 (37.931%)
[cartographer_node-1] [0.661322, 0.687227)	                 ###	Count: 8 (13.7931%)	Total: 30 (51.7241%)
[cartographer_node-1] [0.687227, 0.713131)	                   #	Count: 4 (6.89655%)	Total: 34 (58.6207%)
[cartographer_node-1] [0.713131, 0.739036)	                  ##	Count: 6 (10.3448%)	Total: 40 (68.9655%)
[cartographer_node-1] [0.739036, 0.764940)	                  ##	Count: 5 (8.62069%)	Total: 45 (77.5862%)
[cartographer_node-1] [0.764940, 0.790845)	                   #	Count: 4 (6.89655%)	Total: 49 (84.4828%)
[cartographer_node-1] [0.790845, 0.816749)	                  ##	Count: 7 (12.069%)	Total: 56 (96.5517%)
[cartographer_node-1] [0.816749, 0.842654]	                   #	Count: 2 (3.44828%)	Total: 58 (100%)
[cartographer_node-1] [INFO] [1778748780.120218412] [cartographer logger]: I0514 17:53:00.000000 99049 pose_graph_2d.cc:538] Remaining work items in queue: 0
[cartographer_node-1] [INFO] [1778748780.120244256] [cartographer logger]: I0514 17:53:00.000000 99049 constraint_builder_2d.cc:294] 0 computations resulted in 0 additional constraints.
[cartographer_node-1] [INFO] [1778748780.120323391] [cartographer logger]: I0514 17:53:00.000000 99049 constraint_builder_2d.cc:296] Score histogram:
[cartographer_node-1] Count: 58  Min: 0.583609  Max: 0.842654  Mean: 0.69628
[cartographer_node-1] [0.583609, 0.609513)	                 ###	Count: 10 (17.2414%)	Total: 10 (17.2414%)
[cartographer_node-1] [0.609513, 0.635418)	                   #	Count: 4 (6.89655%)	Total: 14 (24.1379%)
[cartographer_node-1] [0.635418, 0.661322)	                 ###	Count: 8 (13.7931%)	Total: 22 (37.931%)
[cartographer_node-1] [0.661322, 0.687227)	                 ###	Count: 8 (13.7931%)	Total: 30 (51.7241%)
[cartographer_node-1] [0.687227, 0.713131)	                   #	Count: 4 (6.89655%)	Total: 34 (58.6207%)
[cartographer_node-1] [0.713131, 0.739036)	                  ##	Count: 6 (10.3448%)	Total: 40 (68.9655%)
[cartographer_node-1] [0.739036, 0.764940)	                  ##	Count: 5 (8.62069%)	Total: 45 (77.5862%)
[cartographer_node-1] [0.764940, 0.790845)	                   #	Count: 4 (6.89655%)	Total: 49 (84.4828%)
[cartographer_node-1] [0.790845, 0.816749)	                  ##	Count: 7 (12.069%)	Total: 56 (96.5517%)
[cartographer_node-1] [0.816749, 0.842654]	                   #	Count: 2 (3.44828%)	Total: 58 (100%)
[cartographer_node-1] [INFO] [1778748780.181805331] [cartographer logger]: I0514 17:53:00.000000 99047 pose_graph_2d.cc:538] Remaining work items in queue: 1
[cartographer_node-1] [INFO] [1778748780.181828846] [cartographer logger]: I0514 17:53:00.000000 99047 constraint_builder_2d.cc:294] 0 computations resulted in 0 additional constraints.
[cartographer_node-1] [INFO] [1778748780.181849129] [cartographer logger]: I0514 17:53:00.000000 99047 constraint_builder_2d.cc:296] Score histogram:
[cartographer_node-1] Count: 58  Min: 0.583609  Max: 0.842654  Mean: 0.69628
[cartographer_node-1] [0.583609, 0.609513)	                 ###	Count: 10 (17.2414%)	Total: 10 (17.2414%)
[cartographer_node-1] [0.609513, 0.635418)	                   #	Count: 4 (6.89655%)	Total: 14 (24.1379%)
[cartographer_node-1] [0.635418, 0.661322)	                 ###	Count: 8 (13.7931%)	Total: 22 (37.931%)
[cartographer_node-1] [0.661322, 0.687227)	                 ###	Count: 8 (13.7931%)	Total: 30 (51.7241%)
[cartographer_node-1] [0.687227, 0.713131)	                   #	Count: 4 (6.89655%)	Total: 34 (58.6207%)
[cartographer_node-1] [0.713131, 0.739036)	                  ##	Count: 6 (10.3448%)	Total: 40 (68.9655%)
[cartographer_node-1] [0.739036, 0.764940)	                  ##	Count: 5 (8.62069%)	Total: 45 (77.5862%)
[cartographer_node-1] [0.764940, 0.790845)	                   #	Count: 4 (6.89655%)	Total: 49 (84.4828%)
[cartographer_node-1] [0.790845, 0.816749)	                  ##	Count: 7 (12.069%)	Total: 56 (96.5517%)
[cartographer_node-1] [0.816749, 0.842654]	                   #	Count: 2 (3.44828%)	Total: 58 (100%)
[cartographer_node-1] [INFO] [1778748780.281066951] [cartographer logger]: I0514 17:53:00.000000 99048 pose_graph_2d.cc:538] Remaining work items in queue: 1
[cartographer_node-1] [INFO] [1778748780.294767235] [cartographer logger]: I0514 17:53:00.000000 99049 constraint_builder_2d.cc:279] Node (1, 842) with 169 points on submap (0, 12) matches with score 62.7%.
[cartographer_node-1] [INFO] [1778748780.294793102] [cartographer logger]: I0514 17:53:00.000000 99049 constraint_builder_2d.cc:294] 1 computations resulted in 1 additional constraints.
[cartographer_node-1] [INFO] [1778748780.294837154] [cartographer logger]: I0514 17:53:00.000000 99049 constraint_builder_2d.cc:296] Score histogram:
[cartographer_node-1] Count: 59  Min: 0.583609  Max: 0.842654  Mean: 0.695114
[cartographer_node-1] [0.583609, 0.609513)	                 ###	Count: 10 (16.9492%)	Total: 10 (16.9492%)
[cartographer_node-1] [0.609513, 0.635418)	                  ##	Count: 5 (8.47458%)	Total: 15 (25.4237%)
[cartographer_node-1] [0.635418, 0.661322)	                 ###	Count: 8 (13.5593%)	Total: 23 (38.9831%)
[cartographer_node-1] [0.661322, 0.687227)	                 ###	Count: 8 (13.5593%)	Total: 31 (52.5424%)
[cartographer_node-1] [0.687227, 0.713131)	                   #	Count: 4 (6.77966%)	Total: 35 (59.322%)
[cartographer_node-1] [0.713131, 0.739036)	                  ##	Count: 6 (10.1695%)	Total: 41 (69.4915%)
[cartographer_node-1] [0.739036, 0.764940)	                  ##	Count: 5 (8.47458%)	Total: 46 (77.9661%)
[cartographer_node-1] [0.764940, 0.790845)	                   #	Count: 4 (6.77966%)	Total: 50 (84.7458%)
[cartographer_node-1] [0.790845, 0.816749)	                  ##	Count: 7 (11.8644%)	Total: 57 (96.6102%)
[cartographer_node-1] [0.816749, 0.842654]	                   #	Count: 2 (3.38983%)	Total: 59 (100%)
[cartographer_node-1] [INFO] [1778748780.340133269] [cartographer logger]: I0514 17:53:00.000000 99047 pose_graph_2d.cc:538] Remaining work items in queue: 0
[cartographer_node-1] [INFO] [1778748780.340212686] [cartographer logger]: I0514 17:53:00.000000 99047 constraint_builder_2d.cc:294] 0 computations resulted in 0 additional constraints.
[cartographer_node-1] [INFO] [1778748780.340657370] [cartographer logger]: I0514 17:53:00.000000 99047 constraint_builder_2d.cc:296] Score histogram:
[cartographer_node-1] Count: 59  Min: 0.583609  Max: 0.842654  Mean: 0.695114
[cartographer_node-1] [0.583609, 0.609513)	                 ###	Count: 10 (16.9492%)	Total: 10 (16.9492%)
[cartographer_node-1] [0.609513, 0.635418)	                  ##	Count: 5 (8.47458%)	Total: 15 (25.4237%)
[cartographer_node-1] [0.635418, 0.661322)	                 ###	Count: 8 (13.5593%)	Total: 23 (38.9831%)
[cartographer_node-1] [0.661322, 0.687227)	                 ###	Count: 8 (13.5593%)	Total: 31 (52.5424%)
[cartographer_node-1] [0.687227, 0.713131)	                   #	Count: 4 (6.77966%)	Total: 35 (59.322%)
[cartographer_node-1] [0.713131, 0.739036)	                  ##	Count: 6 (10.1695%)	Total: 41 (69.4915%)
[cartographer_node-1] [0.739036, 0.764940)	                  ##	Count: 5 (8.47458%)	Total: 46 (77.9661%)
[cartographer_node-1] [0.764940, 0.790845)	                   #	Count: 4 (6.77966%)	Total: 50 (84.7458%)
[cartographer_node-1] [0.790845, 0.816749)	                  ##	Count: 7 (11.8644%)	Total: 57 (96.6102%)
[cartographer_node-1] [0.816749, 0.842654]	                   #	Count: 2 (3.38983%)	Total: 59 (100%)
[cartographer_node-1] [INFO] [1778748780.433592634] [cartographer logger]: I0514 17:53:00.000000 99050 pose_graph_2d.cc:538] Remaining work items in queue: 1
[cartographer_node-1] [INFO] [1778748780.433647113] [cartographer logger]: I0514 17:53:00.000000 99050 constraint_builder_2d.cc:294] 0 computations resulted in 0 additional constraints.
[cartographer_node-1] [INFO] [1778748780.433680311] [cartographer logger]: I0514 17:53:00.000000 99050 constraint_builder_2d.cc:296] Score histogram:
[cartographer_node-1] Count: 59  Min: 0.583609  Max: 0.842654  Mean: 0.695114
[cartographer_node-1] [0.583609, 0.609513)	                 ###	Count: 10 (16.9492%)	Total: 10 (16.9492%)
[cartographer_node-1] [0.609513, 0.635418)	                  ##	Count: 5 (8.47458%)	Total: 15 (25.4237%)
[cartographer_node-1] [0.635418, 0.661322)	                 ###	Count: 8 (13.5593%)	Total: 23 (38.9831%)
[cartographer_node-1] [0.661322, 0.687227)	                 ###	Count: 8 (13.5593%)	Total: 31 (52.5424%)
[cartographer_node-1] [0.687227, 0.713131)	                   #	Count: 4 (6.77966%)	Total: 35 (59.322%)
[cartographer_node-1] [0.713131, 0.739036)	                  ##	Count: 6 (10.1695%)	Total: 41 (69.4915%)
[cartographer_node-1] [0.739036, 0.764940)	                  ##	Count: 5 (8.47458%)	Total: 46 (77.9661%)
[cartographer_node-1] [0.764940, 0.790845)	                   #	Count: 4 (6.77966%)	Total: 50 (84.7458%)
[cartographer_node-1] [0.790845, 0.816749)	                  ##	Count: 7 (11.8644%)	Total: 57 (96.6102%)
[cartographer_node-1] [0.816749, 0.842654]	                   #	Count: 2 (3.38983%)	Total: 59 (100%)
[cartographer_node-1] [INFO] [1778748780.482263550] [cartographer logger]: I0514 17:53:00.000000 99049 pose_graph_2d.cc:538] Remaining work items in queue: 0
[cartographer_node-1] [INFO] [1778748780.482290636] [cartographer logger]: I0514 17:53:00.000000 99049 constraint_builder_2d.cc:294] 0 computations resulted in 0 additional constraints.
[cartographer_node-1] [INFO] [1778748780.482482708] [cartographer logger]: I0514 17:53:00.000000 99049 constraint_builder_2d.cc:296] Score histogram:
[cartographer_node-1] Count: 59  Min: 0.583609  Max: 0.842654  Mean: 0.695114
[cartographer_node-1] [0.583609, 0.609513)	                 ###	Count: 10 (16.9492%)	Total: 10 (16.9492%)
[cartographer_node-1] [0.609513, 0.635418)	                  ##	Count: 5 (8.47458%)	Total: 15 (25.4237%)
[cartographer_node-1] [0.635418, 0.661322)	                 ###	Count: 8 (13.5593%)	Total: 23 (38.9831%)
[cartographer_node-1] [0.661322, 0.687227)	                 ###	Count: 8 (13.5593%)	Total: 31 (52.5424%)
[cartographer_node-1] [0.687227, 0.713131)	                   #	Count: 4 (6.77966%)	Total: 35 (59.322%)
[cartographer_node-1] [0.713131, 0.739036)	                  ##	Count: 6 (10.1695%)	Total: 41 (69.4915%)
[cartographer_node-1] [0.739036, 0.764940)	                  ##	Count: 5 (8.47458%)	Total: 46 (77.9661%)
[cartographer_node-1] [0.764940, 0.790845)	                   #	Count: 4 (6.77966%)	Total: 50 (84.7458%)
[cartographer_node-1] [0.790845, 0.816749)	                  ##	Count: 7 (11.8644%)	Total: 57 (96.6102%)
[cartographer_node-1] [0.816749, 0.842654]	                   #	Count: 2 (3.38983%)	Total: 59 (100%)
[cartographer_node-1] [INFO] [1778748780.556093472] [cartographer logger]: I0514 17:53:00.000000 99048 pose_graph_2d.cc:538] Remaining work items in queue: 1
[cartographer_node-1] [INFO] [1778748780.556135379] [cartographer logger]: I0514 17:53:00.000000 99048 constraint_builder_2d.cc:294] 0 computations resulted in 0 additional constraints.
[cartographer_node-1] [INFO] [1778748780.556155372] [cartographer logger]: I0514 17:53:00.000000 99048 constraint_builder_2d.cc:296] Score histogram:
[cartographer_node-1] Count: 59  Min: 0.583609  Max: 0.842654  Mean: 0.695114
[cartographer_node-1] [0.583609, 0.609513)	                 ###	Count: 10 (16.9492%)	Total: 10 (16.9492%)
[cartographer_node-1] [0.609513, 0.635418)	                  ##	Count: 5 (8.47458%)	Total: 15 (25.4237%)
[cartographer_node-1] [0.635418, 0.661322)	                 ###	Count: 8 (13.5593%)	Total: 23 (38.9831%)
[cartographer_node-1] [0.661322, 0.687227)	                 ###	Count: 8 (13.5593%)	Total: 31 (52.5424%)
[cartographer_node-1] [0.687227, 0.713131)	                   #	Count: 4 (6.77966%)	Total: 35 (59.322%)
[cartographer_node-1] [0.713131, 0.739036)	                  ##	Count: 6 (10.1695%)	Total: 41 (69.4915%)
[cartographer_node-1] [0.739036, 0.764940)	                  ##	Count: 5 (8.47458%)	Total: 46 (77.9661%)
[cartographer_node-1] [0.764940, 0.790845)	                   #	Count: 4 (6.77966%)	Total: 50 (84.7458%)
[cartographer_node-1] [0.790845, 0.816749)	                  ##	Count: 7 (11.8644%)	Total: 57 (96.6102%)
[cartographer_node-1] [0.816749, 0.842654]	                   #	Count: 2 (3.38983%)	Total: 59 (100%)
[cartographer_node-1] [INFO] [1778748780.680723944] [cartographer logger]: I0514 17:53:00.000000 99049 pose_graph_2d.cc:538] Remaining work items in queue: 1
[cartographer_node-1] [INFO] [1778748780.713573643] [cartographer logger]: I0514 17:53:00.000000 99050 constraint_builder_2d.cc:294] 1 computations resulted in 0 additional constraints.
[cartographer_node-1] [INFO] [1778748780.713608927] [cartographer logger]: I0514 17:53:00.000000 99050 constraint_builder_2d.cc:296] Score histogram:
[cartographer_node-1] Count: 59  Min: 0.583609  Max: 0.842654  Mean: 0.695114
[cartographer_node-1] [0.583609, 0.609513)	                 ###	Count: 10 (16.9492%)	Total: 10 (16.9492%)
[cartographer_node-1] [0.609513, 0.635418)	                  ##	Count: 5 (8.47458%)	Total: 15 (25.4237%)
[cartographer_node-1] [0.635418, 0.661322)	                 ###	Count: 8 (13.5593%)	Total: 23 (38.9831%)
[cartographer_node-1] [0.661322, 0.687227)	                 ###	Count: 8 (13.5593%)	Total: 31 (52.5424%)
[cartographer_node-1] [0.687227, 0.713131)	                   #	Count: 4 (6.77966%)	Total: 35 (59.322%)
[cartographer_node-1] [0.713131, 0.739036)	                  ##	Count: 6 (10.1695%)	Total: 41 (69.4915%)
[cartographer_node-1] [0.739036, 0.764940)	                  ##	Count: 5 (8.47458%)	Total: 46 (77.9661%)
[cartographer_node-1] [0.764940, 0.790845)	                   #	Count: 4 (6.77966%)	Total: 50 (84.7458%)
[cartographer_node-1] [0.790845, 0.816749)	                  ##	Count: 7 (11.8644%)	Total: 57 (96.6102%)
[cartographer_node-1] [0.816749, 0.842654]	                   #	Count: 2 (3.38983%)	Total: 59 (100%)
[cartographer_node-1] [INFO] [1778748780.793911007] [cartographer logger]: I0514 17:53:00.000000 99048 pose_graph_2d.cc:538] Remaining work items in queue: 2
[cartographer_node-1] [INFO] [1778748780.793932760] [cartographer logger]: I0514 17:53:00.000000 99048 constraint_builder_2d.cc:294] 0 computations resulted in 0 additional constraints.
[cartographer_node-1] [INFO] [1778748780.794070533] [cartographer logger]: I0514 17:53:00.000000 99048 constraint_builder_2d.cc:296] Score histogram:
[cartographer_node-1] Count: 59  Min: 0.583609  Max: 0.842654  Mean: 0.695114
[cartographer_node-1] [0.583609, 0.609513)	                 ###	Count: 10 (16.9492%)	Total: 10 (16.9492%)
[cartographer_node-1] [0.609513, 0.635418)	                  ##	Count: 5 (8.47458%)	Total: 15 (25.4237%)
[cartographer_node-1] [0.635418, 0.661322)	                 ###	Count: 8 (13.5593%)	Total: 23 (38.9831%)
[cartographer_node-1] [0.661322, 0.687227)	                 ###	Count: 8 (13.5593%)	Total: 31 (52.5424%)
[cartographer_node-1] [0.687227, 0.713131)	                   #	Count: 4 (6.77966%)	Total: 35 (59.322%)
[cartographer_node-1] [0.713131, 0.739036)	                  ##	Count: 6 (10.1695%)	Total: 41 (69.4915%)
[cartographer_node-1] [0.739036, 0.764940)	                  ##	Count: 5 (8.47458%)	Total: 46 (77.9661%)
[cartographer_node-1] [0.764940, 0.790845)	                   #	Count: 4 (6.77966%)	Total: 50 (84.7458%)
[cartographer_node-1] [0.790845, 0.816749)	                  ##	Count: 7 (11.8644%)	Total: 57 (96.6102%)
[cartographer_node-1] [0.816749, 0.842654]	                   #	Count: 2 (3.38983%)	Total: 59 (100%)
[cartographer_node-1] [INFO] [1778748780.906769897] [cartographer logger]: I0514 17:53:00.000000 99048 pose_graph_2d.cc:538] Remaining work items in queue: 0
[cartographer_node-1] [INFO] [1778748780.906790756] [cartographer logger]: I0514 17:53:00.000000 99048 constraint_builder_2d.cc:294] 0 computations resulted in 0 additional constraints.
[cartographer_node-1] [INFO] [1778748780.906900086] [cartographer logger]: I0514 17:53:00.000000 99048 constraint_builder_2d.cc:296] Score histogram:
[cartographer_node-1] Count: 59  Min: 0.583609  Max: 0.842654  Mean: 0.695114
[cartographer_node-1] [0.583609, 0.609513)	                 ###	Count: 10 (16.9492%)	Total: 10 (16.9492%)
[cartographer_node-1] [0.609513, 0.635418)	                  ##	Count: 5 (8.47458%)	Total: 15 (25.4237%)
[cartographer_node-1] [0.635418, 0.661322)	                 ###	Count: 8 (13.5593%)	Total: 23 (38.9831%)
[cartographer_node-1] [0.661322, 0.687227)	                 ###	Count: 8 (13.5593%)	Total: 31 (52.5424%)
[cartographer_node-1] [0.687227, 0.713131)	                   #	Count: 4 (6.77966%)	Total: 35 (59.322%)
[cartographer_node-1] [0.713131, 0.739036)	                  ##	Count: 6 (10.1695%)	Total: 41 (69.4915%)
[cartographer_node-1] [0.739036, 0.764940)	                  ##	Count: 5 (8.47458%)	Total: 46 (77.9661%)
[cartographer_node-1] [0.764940, 0.790845)	                   #	Count: 4 (6.77966%)	Total: 50 (84.7458%)
[cartographer_node-1] [0.790845, 0.816749)	                  ##	Count: 7 (11.8644%)	Total: 57 (96.6102%)
[cartographer_node-1] [0.816749, 0.842654]	                   #	Count: 2 (3.38983%)	Total: 59 (100%)
[cartographer_node-1] [INFO] [1778748780.969386453] [cartographer logger]: I0514 17:53:00.000000 99048 pose_graph_2d.cc:538] Remaining work items in queue: 0
[cartographer_node-1] [INFO] [1778748780.969414567] [cartographer logger]: I0514 17:53:00.000000 99048 constraint_builder_2d.cc:294] 0 computations resulted in 0 additional constraints.
[cartographer_node-1] [INFO] [1778748780.969719422] [cartographer logger]: I0514 17:53:00.000000 99048 constraint_builder_2d.cc:296] Score histogram:
[cartographer_node-1] Count: 59  Min: 0.583609  Max: 0.842654  Mean: 0.695114
[cartographer_node-1] [0.583609, 0.609513)	                 ###	Count: 10 (16.9492%)	Total: 10 (16.9492%)
[cartographer_node-1] [0.609513, 0.635418)	                  ##	Count: 5 (8.47458%)	Total: 15 (25.4237%)
[cartographer_node-1] [0.635418, 0.661322)	                 ###	Count: 8 (13.5593%)	Total: 23 (38.9831%)
[cartographer_node-1] [0.661322, 0.687227)	                 ###	Count: 8 (13.5593%)	Total: 31 (52.5424%)
[cartographer_node-1] [0.687227, 0.713131)	                   #	Count: 4 (6.77966%)	Total: 35 (59.322%)
[cartographer_node-1] [0.713131, 0.739036)	                  ##	Count: 6 (10.1695%)	Total: 41 (69.4915%)
[cartographer_node-1] [0.739036, 0.764940)	                  ##	Count: 5 (8.47458%)	Total: 46 (77.9661%)
[cartographer_node-1] [0.764940, 0.790845)	                   #	Count: 4 (6.77966%)	Total: 50 (84.7458%)
[cartographer_node-1] [0.790845, 0.816749)	                  ##	Count: 7 (11.8644%)	Total: 57 (96.6102%)
[cartographer_node-1] [0.816749, 0.842654]	                   #	Count: 2 (3.38983%)	Total: 59 (100%)
[cartographer_node-1] [INFO] [1778748781.053898440] [cartographer logger]: I0514 17:53:01.000000 99050 pose_graph_2d.cc:538] Remaining work items in queue: 0
[cartographer_node-1] [INFO] [1778748781.053921794] [cartographer logger]: I0514 17:53:01.000000 99050 constraint_builder_2d.cc:294] 0 computations resulted in 0 additional constraints.
[cartographer_node-1] [INFO] [1778748781.054037242] [cartographer logger]: I0514 17:53:01.000000 99050 constraint_builder_2d.cc:296] Score histogram:
[cartographer_node-1] Count: 59  Min: 0.583609  Max: 0.842654  Mean: 0.695114
[cartographer_node-1] [0.583609, 0.609513)	                 ###	Count: 10 (16.9492%)	Total: 10 (16.9492%)
[cartographer_node-1] [0.609513, 0.635418)	                  ##	Count: 5 (8.47458%)	Total: 15 (25.4237%)
[cartographer_node-1] [0.635418, 0.661322)	                 ###	Count: 8 (13.5593%)	Total: 23 (38.9831%)
[cartographer_node-1] [0.661322, 0.687227)	                 ###	Count: 8 (13.5593%)	Total: 31 (52.5424%)
[cartographer_node-1] [0.687227, 0.713131)	                   #	Count: 4 (6.77966%)	Total: 35 (59.322%)
[cartographer_node-1] [0.713131, 0.739036)	                  ##	Count: 6 (10.1695%)	Total: 41 (69.4915%)
[cartographer_node-1] [0.739036, 0.764940)	                  ##	Count: 5 (8.47458%)	Total: 46 (77.9661%)
[cartographer_node-1] [0.764940, 0.790845)	                   #	Count: 4 (6.77966%)	Total: 50 (84.7458%)
[cartographer_node-1] [0.790845, 0.816749)	                  ##	Count: 7 (11.8644%)	Total: 57 (96.6102%)
[cartographer_node-1] [0.816749, 0.842654]	                   #	Count: 2 (3.38983%)	Total: 59 (100%)
[cartographer_node-1] [INFO] [1778748781.149700342] [cartographer logger]: I0514 17:53:01.000000 99050 pose_graph_2d.cc:538] Remaining work items in queue: 1
[cartographer_node-1] [INFO] [1778748781.156196234] [cartographer logger]: I0514 17:53:01.000000 99048 constraint_builder_2d.cc:294] 1 computations resulted in 0 additional constraints.
[cartographer_node-1] [INFO] [1778748781.156230307] [cartographer logger]: I0514 17:53:01.000000 99048 constraint_builder_2d.cc:296] Score histogram:
[cartographer_node-1] Count: 59  Min: 0.583609  Max: 0.842654  Mean: 0.695114
[cartographer_node-1] [0.583609, 0.609513)	                 ###	Count: 10 (16.9492%)	Total: 10 (16.9492%)
[cartographer_node-1] [0.609513, 0.635418)	                  ##	Count: 5 (8.47458%)	Total: 15 (25.4237%)
[cartographer_node-1] [0.635418, 0.661322)	                 ###	Count: 8 (13.5593%)	Total: 23 (38.9831%)
[cartographer_node-1] [0.661322, 0.687227)	                 ###	Count: 8 (13.5593%)	Total: 31 (52.5424%)
[cartographer_node-1] [0.687227, 0.713131)	                   #	Count: 4 (6.77966%)	Total: 35 (59.322%)
[cartographer_node-1] [0.713131, 0.739036)	                  ##	Count: 6 (10.1695%)	Total: 41 (69.4915%)
[cartographer_node-1] [0.739036, 0.764940)	                  ##	Count: 5 (8.47458%)	Total: 46 (77.9661%)
[cartographer_node-1] [0.764940, 0.790845)	                   #	Count: 4 (6.77966%)	Total: 50 (84.7458%)
[cartographer_node-1] [0.790845, 0.816749)	                  ##	Count: 7 (11.8644%)	Total: 57 (96.6102%)
[cartographer_node-1] [0.816749, 0.842654]	                   #	Count: 2 (3.38983%)	Total: 59 (100%)
[cartographer_node-1] [INFO] [1778748781.211912108] [cartographer logger]: I0514 17:53:01.000000 99049 pose_graph_2d.cc:538] Remaining work items in queue: 1
[cartographer_node-1] [INFO] [1778748781.211934876] [cartographer logger]: I0514 17:53:01.000000 99049 constraint_builder_2d.cc:294] 0 computations resulted in 0 additional constraints.
[cartographer_node-1] [INFO] [1778748781.212078739] [cartographer logger]: I0514 17:53:01.000000 99049 constraint_builder_2d.cc:296] Score histogram:
[cartographer_node-1] Count: 59  Min: 0.583609  Max: 0.842654  Mean: 0.695114
[cartographer_node-1] [0.583609, 0.609513)	                 ###	Count: 10 (16.9492%)	Total: 10 (16.9492%)
[cartographer_node-1] [0.609513, 0.635418)	                  ##	Count: 5 (8.47458%)	Total: 15 (25.4237%)
[cartographer_node-1] [0.635418, 0.661322)	                 ###	Count: 8 (13.5593%)	Total: 23 (38.9831%)
[cartographer_node-1] [0.661322, 0.687227)	                 ###	Count: 8 (13.5593%)	Total: 31 (52.5424%)
[cartographer_node-1] [0.687227, 0.713131)	                   #	Count: 4 (6.77966%)	Total: 35 (59.322%)
[cartographer_node-1] [0.713131, 0.739036)	                  ##	Count: 6 (10.1695%)	Total: 41 (69.4915%)
[cartographer_node-1] [0.739036, 0.764940)	                  ##	Count: 5 (8.47458%)	Total: 46 (77.9661%)
[cartographer_node-1] [0.764940, 0.790845)	                   #	Count: 4 (6.77966%)	Total: 50 (84.7458%)
[cartographer_node-1] [0.790845, 0.816749)	                  ##	Count: 7 (11.8644%)	Total: 57 (96.6102%)
[cartographer_node-1] [0.816749, 0.842654]	                   #	Count: 2 (3.38983%)	Total: 59 (100%)
[cartographer_node-1] [INFO] [1778748781.281002644] [cartographer logger]: I0514 17:53:01.000000 99047 pose_graph_2d.cc:538] Remaining work items in queue: 0
[cartographer_node-1] [INFO] [1778748781.281031946] [cartographer logger]: I0514 17:53:01.000000 99047 constraint_builder_2d.cc:294] 0 computations resulted in 0 additional constraints.
[cartographer_node-1] [INFO] [1778748781.281127922] [cartographer logger]: I0514 17:53:01.000000 99047 constraint_builder_2d.cc:296] Score histogram:
[cartographer_node-1] Count: 59  Min: 0.583609  Max: 0.842654  Mean: 0.695114
[cartographer_node-1] [0.583609, 0.609513)	                 ###	Count: 10 (16.9492%)	Total: 10 (16.9492%)
[cartographer_node-1] [0.609513, 0.635418)	                  ##	Count: 5 (8.47458%)	Total: 15 (25.4237%)
[cartographer_node-1] [0.635418, 0.661322)	                 ###	Count: 8 (13.5593%)	Total: 23 (38.9831%)
[cartographer_node-1] [0.661322, 0.687227)	                 ###	Count: 8 (13.5593%)	Total: 31 (52.5424%)
[cartographer_node-1] [0.687227, 0.713131)	                   #	Count: 4 (6.77966%)	Total: 35 (59.322%)
[cartographer_node-1] [0.713131, 0.739036)	                  ##	Count: 6 (10.1695%)	Total: 41 (69.4915%)
[cartographer_node-1] [0.739036, 0.764940)	                  ##	Count: 5 (8.47458%)	Total: 46 (77.9661%)
[cartographer_node-1] [0.764940, 0.790845)	                   #	Count: 4 (6.77966%)	Total: 50 (84.7458%)
[cartographer_node-1] [0.790845, 0.816749)	                  ##	Count: 7 (11.8644%)	Total: 57 (96.6102%)
[cartographer_node-1] [0.816749, 0.842654]	                   #	Count: 2 (3.38983%)	Total: 59 (100%)
[cartographer_node-1] [INFO] [1778748781.358734655] [cartographer logger]: I0514 17:53:01.000000 99049 pose_graph_2d.cc:538] Remaining work items in queue: 0
[cartographer_node-1] [INFO] [1778748781.358755907] [cartographer logger]: I0514 17:53:01.000000 99049 constraint_builder_2d.cc:294] 0 computations resulted in 0 additional constraints.
[cartographer_node-1] [INFO] [1778748781.359078498] [cartographer logger]: I0514 17:53:01.000000 99049 constraint_builder_2d.cc:296] Score histogram:
[cartographer_node-1] Count: 59  Min: 0.583609  Max: 0.842654  Mean: 0.695114
[cartographer_node-1] [0.583609, 0.609513)	                 ###	Count: 10 (16.9492%)	Total: 10 (16.9492%)
[cartographer_node-1] [0.609513, 0.635418)	                  ##	Count: 5 (8.47458%)	Total: 15 (25.4237%)
[cartographer_node-1] [0.635418, 0.661322)	                 ###	Count: 8 (13.5593%)	Total: 23 (38.9831%)
[cartographer_node-1] [0.661322, 0.687227)	                 ###	Count: 8 (13.5593%)	Total: 31 (52.5424%)
[cartographer_node-1] [0.687227, 0.713131)	                   #	Count: 4 (6.77966%)	Total: 35 (59.322%)
[cartographer_node-1] [0.713131, 0.739036)	                  ##	Count: 6 (10.1695%)	Total: 41 (69.4915%)
[cartographer_node-1] [0.739036, 0.764940)	                  ##	Count: 5 (8.47458%)	Total: 46 (77.9661%)
[cartographer_node-1] [0.764940, 0.790845)	                   #	Count: 4 (6.77966%)	Total: 50 (84.7458%)
[cartographer_node-1] [0.790845, 0.816749)	                  ##	Count: 7 (11.8644%)	Total: 57 (96.6102%)
[cartographer_node-1] [0.816749, 0.842654]	                   #	Count: 2 (3.38983%)	Total: 59 (100%)
[cartographer_node-1] [INFO] [1778748781.434992559] [cartographer logger]: I0514 17:53:01.000000 99047 pose_graph_2d.cc:538] Remaining work items in queue: 0
[cartographer_node-1] [INFO] [1778748781.435015804] [cartographer logger]: I0514 17:53:01.000000 99047 constraint_builder_2d.cc:294] 0 computations resulted in 0 additional constraints.
[cartographer_node-1] [INFO] [1778748781.435394356] [cartographer logger]: I0514 17:53:01.000000 99047 constraint_builder_2d.cc:296] Score histogram:
[cartographer_node-1] Count: 59  Min: 0.583609  Max: 0.842654  Mean: 0.695114
[cartographer_node-1] [0.583609, 0.609513)	                 ###	Count: 10 (16.9492%)	Total: 10 (16.9492%)
[cartographer_node-1] [0.609513, 0.635418)	                  ##	Count: 5 (8.47458%)	Total: 15 (25.4237%)
[cartographer_node-1] [0.635418, 0.661322)	                 ###	Count: 8 (13.5593%)	Total: 23 (38.9831%)
[cartographer_node-1] [0.661322, 0.687227)	                 ###	Count: 8 (13.5593%)	Total: 31 (52.5424%)
[cartographer_node-1] [0.687227, 0.713131)	                   #	Count: 4 (6.77966%)	Total: 35 (59.322%)
[cartographer_node-1] [0.713131, 0.739036)	                  ##	Count: 6 (10.1695%)	Total: 41 (69.4915%)
[cartographer_node-1] [0.739036, 0.764940)	                  ##	Count: 5 (8.47458%)	Total: 46 (77.9661%)
[cartographer_node-1] [0.764940, 0.790845)	                   #	Count: 4 (6.77966%)	Total: 50 (84.7458%)
[cartographer_node-1] [0.790845, 0.816749)	                  ##	Count: 7 (11.8644%)	Total: 57 (96.6102%)
[cartographer_node-1] [0.816749, 0.842654]	                   #	Count: 2 (3.38983%)	Total: 59 (100%)
[cartographer_node-1] [INFO] [1778748781.502426822] [cartographer logger]: I0514 17:53:01.000000 99050 constraint_builder_2d.cc:279] Node (1, 885) with 160 points on submap (0, 10) matches with score 63.2%.
[cartographer_node-1] [INFO] [1778748781.536832124] [cartographer logger]: I0514 17:53:01.000000 99048 pose_graph_2d.cc:538] Remaining work items in queue: 0
[cartographer_node-1] [INFO] [1778748781.536854443] [cartographer logger]: I0514 17:53:01.000000 99048 constraint_builder_2d.cc:294] 1 computations resulted in 1 additional constraints.
[cartographer_node-1] [INFO] [1778748781.537137155] [cartographer logger]: I0514 17:53:01.000000 99048 constraint_builder_2d.cc:296] Score histogram:
[cartographer_node-1] Count: 60  Min: 0.583609  Max: 0.842654  Mean: 0.694063
[cartographer_node-1] [0.583609, 0.609513)	                 ###	Count: 10 (16.6667%)	Total: 10 (16.6667%)
[cartographer_node-1] [0.609513, 0.635418)	                  ##	Count: 6 (10%)	Total: 16 (26.6667%)
[cartographer_node-1] [0.635418, 0.661322)	                 ###	Count: 8 (13.3333%)	Total: 24 (40%)
[cartographer_node-1] [0.661322, 0.687227)	                 ###	Count: 8 (13.3333%)	Total: 32 (53.3333%)
[cartographer_node-1] [0.687227, 0.713131)	                   #	Count: 4 (6.66667%)	Total: 36 (60%)
[cartographer_node-1] [0.713131, 0.739036)	                  ##	Count: 6 (10%)	Total: 42 (70%)
[cartographer_node-1] [0.739036, 0.764940)	                  ##	Count: 5 (8.33333%)	Total: 47 (78.3333%)
[cartographer_node-1] [0.764940, 0.790845)	                   #	Count: 4 (6.66667%)	Total: 51 (85%)
[cartographer_node-1] [0.790845, 0.816749)	                  ##	Count: 7 (11.6667%)	Total: 58 (96.6667%)
[cartographer_node-1] [0.816749, 0.842654]	                   #	Count: 2 (3.33333%)	Total: 60 (100%)
[cartographer_node-1] [INFO] [1778748781.588160593] [cartographer logger]: I0514 17:53:01.000000 99049 pose_graph_2d.cc:538] Remaining work items in queue: 0
[cartographer_node-1] [INFO] [1778748781.588286481] [cartographer logger]: I0514 17:53:01.000000 99049 constraint_builder_2d.cc:294] 0 computations resulted in 0 additional constraints.
[cartographer_node-1] [INFO] [1778748781.588552115] [cartographer logger]: I0514 17:53:01.000000 99049 constraint_builder_2d.cc:296] Score histogram:
[cartographer_node-1] Count: 60  Min: 0.583609  Max: 0.842654  Mean: 0.694063
[cartographer_node-1] [0.583609, 0.609513)	                 ###	Count: 10 (16.6667%)	Total: 10 (16.6667%)
[cartographer_node-1] [0.609513, 0.635418)	                  ##	Count: 6 (10%)	Total: 16 (26.6667%)
[cartographer_node-1] [0.635418, 0.661322)	                 ###	Count: 8 (13.3333%)	Total: 24 (40%)
[cartographer_node-1] [0.661322, 0.687227)	                 ###	Count: 8 (13.3333%)	Total: 32 (53.3333%)
[cartographer_node-1] [0.687227, 0.713131)	                   #	Count: 4 (6.66667%)	Total: 36 (60%)
[cartographer_node-1] [0.713131, 0.739036)	                  ##	Count: 6 (10%)	Total: 42 (70%)
[cartographer_node-1] [0.739036, 0.764940)	                  ##	Count: 5 (8.33333%)	Total: 47 (78.3333%)
[cartographer_node-1] [0.764940, 0.790845)	                   #	Count: 4 (6.66667%)	Total: 51 (85%)
[cartographer_node-1] [0.790845, 0.816749)	                  ##	Count: 7 (11.6667%)	Total: 58 (96.6667%)
[cartographer_node-1] [0.816749, 0.842654]	                   #	Count: 2 (3.33333%)	Total: 60 (100%)
[cartographer_node-1] [INFO] [1778748781.691994943] [cartographer logger]: I0514 17:53:01.000000 99048 pose_graph_2d.cc:538] Remaining work items in queue: 0
[cartographer_node-1] [INFO] [1778748781.692044072] [cartographer logger]: I0514 17:53:01.000000 99048 constraint_builder_2d.cc:294] 0 computations resulted in 0 additional constraints.
[cartographer_node-1] [INFO] [1778748781.692431695] [cartographer logger]: I0514 17:53:01.000000 99048 constraint_builder_2d.cc:296] Score histogram:
[cartographer_node-1] Count: 60  Min: 0.583609  Max: 0.842654  Mean: 0.694063
[cartographer_node-1] [0.583609, 0.609513)	                 ###	Count: 10 (16.6667%)	Total: 10 (16.6667%)
[cartographer_node-1] [0.609513, 0.635418)	                  ##	Count: 6 (10%)	Total: 16 (26.6667%)
[cartographer_node-1] [0.635418, 0.661322)	                 ###	Count: 8 (13.3333%)	Total: 24 (40%)
[cartographer_node-1] [0.661322, 0.687227)	                 ###	Count: 8 (13.3333%)	Total: 32 (53.3333%)
[cartographer_node-1] [0.687227, 0.713131)	                   #	Count: 4 (6.66667%)	Total: 36 (60%)
[cartographer_node-1] [0.713131, 0.739036)	                  ##	Count: 6 (10%)	Total: 42 (70%)
[cartographer_node-1] [0.739036, 0.764940)	                  ##	Count: 5 (8.33333%)	Total: 47 (78.3333%)
[cartographer_node-1] [0.764940, 0.790845)	                   #	Count: 4 (6.66667%)	Total: 51 (85%)
[cartographer_node-1] [0.790845, 0.816749)	                  ##	Count: 7 (11.6667%)	Total: 58 (96.6667%)
[cartographer_node-1] [0.816749, 0.842654]	                   #	Count: 2 (3.33333%)	Total: 60 (100%)
[cartographer_node-1] [INFO] [1778748781.781983387] [cartographer logger]: I0514 17:53:01.000000 99047 pose_graph_2d.cc:538] Remaining work items in queue: 0
[cartographer_node-1] [INFO] [1778748781.782040572] [cartographer logger]: I0514 17:53:01.000000 99047 constraint_builder_2d.cc:294] 0 computations resulted in 0 additional constraints.
[cartographer_node-1] [INFO] [1778748781.782560087] [cartographer logger]: I0514 17:53:01.000000 99047 constraint_builder_2d.cc:296] Score histogram:
[cartographer_node-1] Count: 60  Min: 0.583609  Max: 0.842654  Mean: 0.694063
[cartographer_node-1] [0.583609, 0.609513)	                 ###	Count: 10 (16.6667%)	Total: 10 (16.6667%)
[cartographer_node-1] [0.609513, 0.635418)	                  ##	Count: 6 (10%)	Total: 16 (26.6667%)
[cartographer_node-1] [0.635418, 0.661322)	                 ###	Count: 8 (13.3333%)	Total: 24 (40%)
[cartographer_node-1] [0.661322, 0.687227)	                 ###	Count: 8 (13.3333%)	Total: 32 (53.3333%)
[cartographer_node-1] [0.687227, 0.713131)	                   #	Count: 4 (6.66667%)	Total: 36 (60%)
[cartographer_node-1] [0.713131, 0.739036)	                  ##	Count: 6 (10%)	Total: 42 (70%)
[cartographer_node-1] [0.739036, 0.764940)	                  ##	Count: 5 (8.33333%)	Total: 47 (78.3333%)
[cartographer_node-1] [0.764940, 0.790845)	                   #	Count: 4 (6.66667%)	Total: 51 (85%)
[cartographer_node-1] [0.790845, 0.816749)	                  ##	Count: 7 (11.6667%)	Total: 58 (96.6667%)
[cartographer_node-1] [0.816749, 0.842654]	                   #	Count: 2 (3.33333%)	Total: 60 (100%)
[cartographer_node-1] [INFO] [1778748781.859859936] [cartographer logger]: I0514 17:53:01.000000 99047 pose_graph_2d.cc:538] Remaining work items in queue: 0
[cartographer_node-1] [INFO] [1778748781.905269531] [cartographer logger]: I0514 17:53:01.000000 99008 pose_graph_2d.cc:148] Inserted submap (1, 10).
[cartographer_node-1] [INFO] [1778748781.933136891] [cartographer logger]: I0514 17:53:01.000000 99047 constraint_builder_2d.cc:279] Node (0, 1344) with 200 points on submap (1, 8) matches with score 64.6%.
[cartographer_node-1] [INFO] [1778748781.935505102] [cartographer logger]: I0514 17:53:01.000000 99050 constraint_builder_2d.cc:279] Node (0, 1144) with 196 points on submap (1, 8) matches with score 77.9%.
[cartographer_node-1] [INFO] [1778748781.942988654] [cartographer logger]: I0514 17:53:01.000000 99049 constraint_builder_2d.cc:279] Node (0, 944) with 203 points on submap (1, 8) matches with score 58.7%.
[cartographer_node-1] [INFO] [1778748781.985156149] [cartographer logger]: I0514 17:53:01.000000 99047 constraint_builder_2d.cc:279] Node (0, 544) with 203 points on submap (1, 8) matches with score 77.4%.
[cartographer_node-1] [INFO] [1778748782.033613600] [cartographer logger]: I0514 17:53:02.000000 99050 constraint_builder_2d.cc:294] 8 computations resulted in 4 additional constraints.
[cartographer_node-1] [INFO] [1778748782.033653311] [cartographer logger]: I0514 17:53:02.000000 99050 constraint_builder_2d.cc:296] Score histogram:
[cartographer_node-1] Count: 64  Min: 0.583609  Max: 0.842654  Mean: 0.694235
[cartographer_node-1] [0.583609, 0.609513)	                 ###	Count: 11 (17.1875%)	Total: 11 (17.1875%)
[cartographer_node-1] [0.609513, 0.635418)	                  ##	Count: 6 (9.375%)	Total: 17 (26.5625%)
[cartographer_node-1] [0.635418, 0.661322)	                 ###	Count: 9 (14.0625%)	Total: 26 (40.625%)
[cartographer_node-1] [0.661322, 0.687227)	                 ###	Count: 8 (12.5%)	Total: 34 (53.125%)
[cartographer_node-1] [0.687227, 0.713131)	                   #	Count: 4 (6.25%)	Total: 38 (59.375%)
[cartographer_node-1] [0.713131, 0.739036)	                  ##	Count: 6 (9.375%)	Total: 44 (68.75%)
[cartographer_node-1] [0.739036, 0.764940)	                  ##	Count: 5 (7.8125%)	Total: 49 (76.5625%)
[cartographer_node-1] [0.764940, 0.790845)	                  ##	Count: 6 (9.375%)	Total: 55 (85.9375%)
[cartographer_node-1] [0.790845, 0.816749)	                  ##	Count: 7 (10.9375%)	Total: 62 (96.875%)
[cartographer_node-1] [0.816749, 0.842654]	                   #	Count: 2 (3.125%)	Total: 64 (100%)
[cartographer_node-1] [INFO] [1778748782.059794252] [cartographer logger]: I0514 17:53:02.000000 99050 pose_graph_2d.cc:538] Remaining work items in queue: 10
[cartographer_node-1] [INFO] [1778748782.080607353] [cartographer logger]: I0514 17:53:02.000000 99047 constraint_builder_2d.cc:279] Node (1, 900) with 193 points on submap (0, 0) matches with score 67.1%.
[cartographer_node-1] [INFO] [1778748782.080633875] [cartographer logger]: I0514 17:53:02.000000 99047 constraint_builder_2d.cc:294] 1 computations resulted in 1 additional constraints.
[cartographer_node-1] [INFO] [1778748782.080653806] [cartographer logger]: I0514 17:53:02.000000 99047 constraint_builder_2d.cc:296] Score histogram:
[cartographer_node-1] Count: 65  Min: 0.583609  Max: 0.842654  Mean: 0.69388
[cartographer_node-1] [0.583609, 0.609513)	                 ###	Count: 11 (16.9231%)	Total: 11 (16.9231%)
[cartographer_node-1] [0.609513, 0.635418)	                  ##	Count: 6 (9.23077%)	Total: 17 (26.1538%)
[cartographer_node-1] [0.635418, 0.661322)	                 ###	Count: 9 (13.8462%)	Total: 26 (40%)
[cartographer_node-1] [0.661322, 0.687227)	                 ###	Count: 9 (13.8462%)	Total: 35 (53.8462%)
[cartographer_node-1] [0.687227, 0.713131)	                   #	Count: 4 (6.15385%)	Total: 39 (60%)
[cartographer_node-1] [0.713131, 0.739036)	                  ##	Count: 6 (9.23077%)	Total: 45 (69.2308%)
[cartographer_node-1] [0.739036, 0.764940)	                  ##	Count: 5 (7.69231%)	Total: 50 (76.9231%)
[cartographer_node-1] [0.764940, 0.790845)	                  ##	Count: 6 (9.23077%)	Total: 56 (86.1538%)
[cartographer_node-1] [0.790845, 0.816749)	                  ##	Count: 7 (10.7692%)	Total: 63 (96.9231%)
[cartographer_node-1] [0.816749, 0.842654]	                   #	Count: 2 (3.07692%)	Total: 65 (100%)
[cartographer_node-1] [INFO] [1778748782.096986590] [cartographer logger]: I0514 17:53:02.000000 99047 pose_graph_2d.cc:538] Remaining work items in queue: 8
[cartographer_node-1] [INFO] [1778748782.097046655] [cartographer logger]: I0514 17:53:02.000000 99047 constraint_builder_2d.cc:294] 0 computations resulted in 0 additional constraints.
[cartographer_node-1] [INFO] [1778748782.097095086] [cartographer logger]: I0514 17:53:02.000000 99047 constraint_builder_2d.cc:296] Score histogram:
[cartographer_node-1] Count: 65  Min: 0.583609  Max: 0.842654  Mean: 0.69388
[cartographer_node-1] [0.583609, 0.609513)	                 ###	Count: 11 (16.9231%)	Total: 11 (16.9231%)
[cartographer_node-1] [0.609513, 0.635418)	                  ##	Count: 6 (9.23077%)	Total: 17 (26.1538%)
[cartographer_node-1] [0.635418, 0.661322)	                 ###	Count: 9 (13.8462%)	Total: 26 (40%)
[cartographer_node-1] [0.661322, 0.687227)	                 ###	Count: 9 (13.8462%)	Total: 35 (53.8462%)
[cartographer_node-1] [0.687227, 0.713131)	                   #	Count: 4 (6.15385%)	Total: 39 (60%)
[cartographer_node-1] [0.713131, 0.739036)	                  ##	Count: 6 (9.23077%)	Total: 45 (69.2308%)
[cartographer_node-1] [0.739036, 0.764940)	                  ##	Count: 5 (7.69231%)	Total: 50 (76.9231%)
[cartographer_node-1] [0.764940, 0.790845)	                  ##	Count: 6 (9.23077%)	Total: 56 (86.1538%)
[cartographer_node-1] [0.790845, 0.816749)	                  ##	Count: 7 (10.7692%)	Total: 63 (96.9231%)
[cartographer_node-1] [0.816749, 0.842654]	                   #	Count: 2 (3.07692%)	Total: 65 (100%)
[cartographer_node-1] [INFO] [1778748782.127482337] [cartographer logger]: I0514 17:53:02.000000 99048 pose_graph_2d.cc:538] Remaining work items in queue: 2
[cartographer_node-1] [INFO] [1778748782.127505941] [cartographer logger]: I0514 17:53:02.000000 99048 constraint_builder_2d.cc:294] 0 computations resulted in 0 additional constraints.
[cartographer_node-1] [INFO] [1778748782.127598089] [cartographer logger]: I0514 17:53:02.000000 99048 constraint_builder_2d.cc:296] Score histogram:
[cartographer_node-1] Count: 65  Min: 0.583609  Max: 0.842654  Mean: 0.69388
[cartographer_node-1] [0.583609, 0.609513)	                 ###	Count: 11 (16.9231%)	Total: 11 (16.9231%)
[cartographer_node-1] [0.609513, 0.635418)	                  ##	Count: 6 (9.23077%)	Total: 17 (26.1538%)
[cartographer_node-1] [0.635418, 0.661322)	                 ###	Count: 9 (13.8462%)	Total: 26 (40%)
[cartographer_node-1] [0.661322, 0.687227)	                 ###	Count: 9 (13.8462%)	Total: 35 (53.8462%)
[cartographer_node-1] [0.687227, 0.713131)	                   #	Count: 4 (6.15385%)	Total: 39 (60%)
[cartographer_node-1] [0.713131, 0.739036)	                  ##	Count: 6 (9.23077%)	Total: 45 (69.2308%)
[cartographer_node-1] [0.739036, 0.764940)	                  ##	Count: 5 (7.69231%)	Total: 50 (76.9231%)
[cartographer_node-1] [0.764940, 0.790845)	                  ##	Count: 6 (9.23077%)	Total: 56 (86.1538%)
[cartographer_node-1] [0.790845, 0.816749)	                  ##	Count: 7 (10.7692%)	Total: 63 (96.9231%)
[cartographer_node-1] [0.816749, 0.842654]	                   #	Count: 2 (3.07692%)	Total: 65 (100%)
[cartographer_node-1] [INFO] [1778748782.187954965] [cartographer logger]: I0514 17:53:02.000000 99047 pose_graph_2d.cc:538] Remaining work items in queue: 1
[cartographer_node-1] [INFO] [1778748782.188005062] [cartographer logger]: I0514 17:53:02.000000 99047 constraint_builder_2d.cc:294] 0 computations resulted in 0 additional constraints.
[cartographer_node-1] [INFO] [1778748782.188129157] [cartographer logger]: I0514 17:53:02.000000 99047 constraint_builder_2d.cc:296] Score histogram:
[cartographer_node-1] Count: 65  Min: 0.583609  Max: 0.842654  Mean: 0.69388
[cartographer_node-1] [0.583609, 0.609513)	                 ###	Count: 11 (16.9231%)	Total: 11 (16.9231%)
[cartographer_node-1] [0.609513, 0.635418)	                  ##	Count: 6 (9.23077%)	Total: 17 (26.1538%)
[cartographer_node-1] [0.635418, 0.661322)	                 ###	Count: 9 (13.8462%)	Total: 26 (40%)
[cartographer_node-1] [0.661322, 0.687227)	                 ###	Count: 9 (13.8462%)	Total: 35 (53.8462%)
[cartographer_node-1] [0.687227, 0.713131)	                   #	Count: 4 (6.15385%)	Total: 39 (60%)
[cartographer_node-1] [0.713131, 0.739036)	                  ##	Count: 6 (9.23077%)	Total: 45 (69.2308%)
[cartographer_node-1] [0.739036, 0.764940)	                  ##	Count: 5 (7.69231%)	Total: 50 (76.9231%)
[cartographer_node-1] [0.764940, 0.790845)	                  ##	Count: 6 (9.23077%)	Total: 56 (86.1538%)
[cartographer_node-1] [0.790845, 0.816749)	                  ##	Count: 7 (10.7692%)	Total: 63 (96.9231%)
[cartographer_node-1] [0.816749, 0.842654]	                   #	Count: 2 (3.07692%)	Total: 65 (100%)
[cartographer_node-1] [INFO] [1778748782.244527854] [cartographer logger]: I0514 17:53:02.000000 99049 pose_graph_2d.cc:538] Remaining work items in queue: 2
[cartographer_node-1] [INFO] [1778748782.274498784] [cartographer logger]: I0514 17:53:02.000000 99047 constraint_builder_2d.cc:279] Node (1, 914) with 201 points on submap (0, 4) matches with score 69.3%.
[cartographer_node-1] [INFO] [1778748782.274525343] [cartographer logger]: I0514 17:53:02.000000 99047 constraint_builder_2d.cc:294] 1 computations resulted in 1 additional constraints.
[cartographer_node-1] [INFO] [1778748782.274569949] [cartographer logger]: I0514 17:53:02.000000 99047 constraint_builder_2d.cc:296] Score histogram:
[cartographer_node-1] Count: 66  Min: 0.583609  Max: 0.842654  Mean: 0.69386
[cartographer_node-1] [0.583609, 0.609513)	                 ###	Count: 11 (16.6667%)	Total: 11 (16.6667%)
[cartographer_node-1] [0.609513, 0.635418)	                  ##	Count: 6 (9.09091%)	Total: 17 (25.7576%)
[cartographer_node-1] [0.635418, 0.661322)	                 ###	Count: 9 (13.6364%)	Total: 26 (39.3939%)
[cartographer_node-1] [0.661322, 0.687227)	                 ###	Count: 9 (13.6364%)	Total: 35 (53.0303%)
[cartographer_node-1] [0.687227, 0.713131)	                  ##	Count: 5 (7.57576%)	Total: 40 (60.6061%)
[cartographer_node-1] [0.713131, 0.739036)	                  ##	Count: 6 (9.09091%)	Total: 46 (69.697%)
[cartographer_node-1] [0.739036, 0.764940)	                  ##	Count: 5 (7.57576%)	Total: 51 (77.2727%)
[cartographer_node-1] [0.764940, 0.790845)	                  ##	Count: 6 (9.09091%)	Total: 57 (86.3636%)
[cartographer_node-1] [0.790845, 0.816749)	                  ##	Count: 7 (10.6061%)	Total: 64 (96.9697%)
[cartographer_node-1] [0.816749, 0.842654]	                   #	Count: 2 (3.0303%)	Total: 66 (100%)
[cartographer_node-1] [INFO] [1778748782.303556981] [cartographer logger]: I0514 17:53:02.000000 99048 pose_graph_2d.cc:538] Remaining work items in queue: 0
[cartographer_node-1] [INFO] [1778748782.303580966] [cartographer logger]: I0514 17:53:02.000000 99048 constraint_builder_2d.cc:294] 0 computations resulted in 0 additional constraints.
[cartographer_node-1] [INFO] [1778748782.303872263] [cartographer logger]: I0514 17:53:02.000000 99048 constraint_builder_2d.cc:296] Score histogram:
[cartographer_node-1] Count: 66  Min: 0.583609  Max: 0.842654  Mean: 0.69386
[cartographer_node-1] [0.583609, 0.609513)	                 ###	Count: 11 (16.6667%)	Total: 11 (16.6667%)
[cartographer_node-1] [0.609513, 0.635418)	                  ##	Count: 6 (9.09091%)	Total: 17 (25.7576%)
[cartographer_node-1] [0.635418, 0.661322)	                 ###	Count: 9 (13.6364%)	Total: 26 (39.3939%)
[cartographer_node-1] [0.661322, 0.687227)	                 ###	Count: 9 (13.6364%)	Total: 35 (53.0303%)
[cartographer_node-1] [0.687227, 0.713131)	                  ##	Count: 5 (7.57576%)	Total: 40 (60.6061%)
[cartographer_node-1] [0.713131, 0.739036)	                  ##	Count: 6 (9.09091%)	Total: 46 (69.697%)
[cartographer_node-1] [0.739036, 0.764940)	                  ##	Count: 5 (7.57576%)	Total: 51 (77.2727%)
[cartographer_node-1] [0.764940, 0.790845)	                  ##	Count: 6 (9.09091%)	Total: 57 (86.3636%)
[cartographer_node-1] [0.790845, 0.816749)	                  ##	Count: 7 (10.6061%)	Total: 64 (96.9697%)
[cartographer_node-1] [0.816749, 0.842654]	                   #	Count: 2 (3.0303%)	Total: 66 (100%)
[cartographer_node-1] [INFO] [1778748782.412645780] [cartographer logger]: I0514 17:53:02.000000 99048 pose_graph_2d.cc:538] Remaining work items in queue: 0
[cartographer_node-1] [INFO] [1778748782.412671920] [cartographer logger]: I0514 17:53:02.000000 99048 constraint_builder_2d.cc:294] 0 computations resulted in 0 additional constraints.
[cartographer_node-1] [INFO] [1778748782.412928016] [cartographer logger]: I0514 17:53:02.000000 99048 constraint_builder_2d.cc:296] Score histogram:
[cartographer_node-1] Count: 66  Min: 0.583609  Max: 0.842654  Mean: 0.69386
[cartographer_node-1] [0.583609, 0.609513)	                 ###	Count: 11 (16.6667%)	Total: 11 (16.6667%)
[cartographer_node-1] [0.609513, 0.635418)	                  ##	Count: 6 (9.09091%)	Total: 17 (25.7576%)
[cartographer_node-1] [0.635418, 0.661322)	                 ###	Count: 9 (13.6364%)	Total: 26 (39.3939%)
[cartographer_node-1] [0.661322, 0.687227)	                 ###	Count: 9 (13.6364%)	Total: 35 (53.0303%)
[cartographer_node-1] [0.687227, 0.713131)	                  ##	Count: 5 (7.57576%)	Total: 40 (60.6061%)
[cartographer_node-1] [0.713131, 0.739036)	                  ##	Count: 6 (9.09091%)	Total: 46 (69.697%)
[cartographer_node-1] [0.739036, 0.764940)	                  ##	Count: 5 (7.57576%)	Total: 51 (77.2727%)
[cartographer_node-1] [0.764940, 0.790845)	                  ##	Count: 6 (9.09091%)	Total: 57 (86.3636%)
[cartographer_node-1] [0.790845, 0.816749)	                  ##	Count: 7 (10.6061%)	Total: 64 (96.9697%)
[cartographer_node-1] [0.816749, 0.842654]	                   #	Count: 2 (3.0303%)	Total: 66 (100%)
[cartographer_node-1] [INFO] [1778748782.507907664] [cartographer logger]: I0514 17:53:02.000000 99048 pose_graph_2d.cc:538] Remaining work items in queue: 2
[cartographer_node-1] [INFO] [1778748782.507930976] [cartographer logger]: I0514 17:53:02.000000 99048 constraint_builder_2d.cc:294] 0 computations resulted in 0 additional constraints.
[cartographer_node-1] [INFO] [1778748782.507948806] [cartographer logger]: I0514 17:53:02.000000 99048 constraint_builder_2d.cc:296] Score histogram:
[cartographer_node-1] Count: 66  Min: 0.583609  Max: 0.842654  Mean: 0.69386
[cartographer_node-1] [0.583609, 0.609513)	                 ###	Count: 11 (16.6667%)	Total: 11 (16.6667%)
[cartographer_node-1] [0.609513, 0.635418)	                  ##	Count: 6 (9.09091%)	Total: 17 (25.7576%)
[cartographer_node-1] [0.635418, 0.661322)	                 ###	Count: 9 (13.6364%)	Total: 26 (39.3939%)
[cartographer_node-1] [0.661322, 0.687227)	                 ###	Count: 9 (13.6364%)	Total: 35 (53.0303%)
[cartographer_node-1] [0.687227, 0.713131)	                  ##	Count: 5 (7.57576%)	Total: 40 (60.6061%)
[cartographer_node-1] [0.713131, 0.739036)	                  ##	Count: 6 (9.09091%)	Total: 46 (69.697%)
[cartographer_node-1] [0.739036, 0.764940)	                  ##	Count: 5 (7.57576%)	Total: 51 (77.2727%)
[cartographer_node-1] [0.764940, 0.790845)	                  ##	Count: 6 (9.09091%)	Total: 57 (86.3636%)
[cartographer_node-1] [0.790845, 0.816749)	                  ##	Count: 7 (10.6061%)	Total: 64 (96.9697%)
[cartographer_node-1] [0.816749, 0.842654]	                   #	Count: 2 (3.0303%)	Total: 66 (100%)
[cartographer_node-1] [INFO] [1778748782.568130151] [cartographer logger]: I0514 17:53:02.000000 99049 pose_graph_2d.cc:538] Remaining work items in queue: 0
[cartographer_node-1] [INFO] [1778748782.568221856] [cartographer logger]: I0514 17:53:02.000000 99049 constraint_builder_2d.cc:294] 0 computations resulted in 0 additional constraints.
[cartographer_node-1] [INFO] [1778748782.568279338] [cartographer logger]: I0514 17:53:02.000000 99049 constraint_builder_2d.cc:296] Score histogram:
[cartographer_node-1] Count: 66  Min: 0.583609  Max: 0.842654  Mean: 0.69386
[cartographer_node-1] [0.583609, 0.609513)	                 ###	Count: 11 (16.6667%)	Total: 11 (16.6667%)
[cartographer_node-1] [0.609513, 0.635418)	                  ##	Count: 6 (9.09091%)	Total: 17 (25.7576%)
[cartographer_node-1] [0.635418, 0.661322)	                 ###	Count: 9 (13.6364%)	Total: 26 (39.3939%)
[cartographer_node-1] [0.661322, 0.687227)	                 ###	Count: 9 (13.6364%)	Total: 35 (53.0303%)
[cartographer_node-1] [0.687227, 0.713131)	                  ##	Count: 5 (7.57576%)	Total: 40 (60.6061%)
[cartographer_node-1] [0.713131, 0.739036)	                  ##	Count: 6 (9.09091%)	Total: 46 (69.697%)
[cartographer_node-1] [0.739036, 0.764940)	                  ##	Count: 5 (7.57576%)	Total: 51 (77.2727%)
[cartographer_node-1] [0.764940, 0.790845)	                  ##	Count: 6 (9.09091%)	Total: 57 (86.3636%)
[cartographer_node-1] [0.790845, 0.816749)	                  ##	Count: 7 (10.6061%)	Total: 64 (96.9697%)
[cartographer_node-1] [0.816749, 0.842654]	                   #	Count: 2 (3.0303%)	Total: 66 (100%)
[cartographer_node-1] [INFO] [1778748782.633907405] [cartographer logger]: I0514 17:53:02.000000 99050 constraint_builder_2d.cc:279] Node (1, 928) with 217 points on submap (0, 8) matches with score 76.3%.
[cartographer_node-1] [INFO] [1778748782.636296761] [cartographer logger]: I0514 17:53:02.000000 99048 pose_graph_2d.cc:538] Remaining work items in queue: 0
[cartographer_node-1] [INFO] [1778748782.636324548] [cartographer logger]: I0514 17:53:02.000000 99049 constraint_builder_2d.cc:294] 1 computations resulted in 1 additional constraints.
[cartographer_node-1] [INFO] [1778748782.636619380] [cartographer logger]: I0514 17:53:02.000000 99049 constraint_builder_2d.cc:296] Score histogram:
[cartographer_node-1] Count: 67  Min: 0.583609  Max: 0.842654  Mean: 0.694888
[cartographer_node-1] [0.583609, 0.609513)	                 ###	Count: 11 (16.4179%)	Total: 11 (16.4179%)
[cartographer_node-1] [0.609513, 0.635418)	                  ##	Count: 6 (8.95522%)	Total: 17 (25.3731%)
[cartographer_node-1] [0.635418, 0.661322)	                 ###	Count: 9 (13.4328%)	Total: 26 (38.806%)
[cartographer_node-1] [0.661322, 0.687227)	                 ###	Count: 9 (13.4328%)	Total: 35 (52.2388%)
[cartographer_node-1] [0.687227, 0.713131)	                   #	Count: 5 (7.46269%)	Total: 40 (59.7015%)
[cartographer_node-1] [0.713131, 0.739036)	                  ##	Count: 6 (8.95522%)	Total: 46 (68.6567%)
[cartographer_node-1] [0.739036, 0.764940)	                  ##	Count: 6 (8.95522%)	Total: 52 (77.6119%)
[cartographer_node-1] [0.764940, 0.790845)	                  ##	Count: 6 (8.95522%)	Total: 58 (86.5672%)
[cartographer_node-1] [0.790845, 0.816749)	                  ##	Count: 7 (10.4478%)	Total: 65 (97.0149%)
[cartographer_node-1] [0.816749, 0.842654]	                   #	Count: 2 (2.98507%)	Total: 67 (100%)
[cartographer_node-1] [INFO] [1778748782.714546535] [cartographer logger]: I0514 17:53:02.000000 99049 pose_graph_2d.cc:538] Remaining work items in queue: 1
[cartographer_node-1] [INFO] [1778748782.714583276] [cartographer logger]: I0514 17:53:02.000000 99049 constraint_builder_2d.cc:294] 0 computations resulted in 0 additional constraints.
[cartographer_node-1] [INFO] [1778748782.714744909] [cartographer logger]: I0514 17:53:02.000000 99049 constraint_builder_2d.cc:296] Score histogram:
[cartographer_node-1] Count: 67  Min: 0.583609  Max: 0.842654  Mean: 0.694888
[cartographer_node-1] [0.583609, 0.609513)	                 ###	Count: 11 (16.4179%)	Total: 11 (16.4179%)
[cartographer_node-1] [0.609513, 0.635418)	                  ##	Count: 6 (8.95522%)	Total: 17 (25.3731%)
[cartographer_node-1] [0.635418, 0.661322)	                 ###	Count: 9 (13.4328%)	Total: 26 (38.806%)
[cartographer_node-1] [0.661322, 0.687227)	                 ###	Count: 9 (13.4328%)	Total: 35 (52.2388%)
[cartographer_node-1] [0.687227, 0.713131)	                   #	Count: 5 (7.46269%)	Total: 40 (59.7015%)
[cartographer_node-1] [0.713131, 0.739036)	                  ##	Count: 6 (8.95522%)	Total: 46 (68.6567%)
[cartographer_node-1] [0.739036, 0.764940)	                  ##	Count: 6 (8.95522%)	Total: 52 (77.6119%)
[cartographer_node-1] [0.764940, 0.790845)	                  ##	Count: 6 (8.95522%)	Total: 58 (86.5672%)
[cartographer_node-1] [0.790845, 0.816749)	                  ##	Count: 7 (10.4478%)	Total: 65 (97.0149%)
[cartographer_node-1] [0.816749, 0.842654]	                   #	Count: 2 (2.98507%)	Total: 67 (100%)
[cartographer_node-1] [INFO] [1778748782.745952789] [cartographer logger]: I0514 17:53:02.000000 99047 pose_graph_2d.cc:538] Remaining work items in queue: 0
[cartographer_node-1] [INFO] [1778748782.745975345] [cartographer logger]: I0514 17:53:02.000000 99047 constraint_builder_2d.cc:294] 0 computations resulted in 0 additional constraints.
[cartographer_node-1] [INFO] [1778748782.746019357] [cartographer logger]: I0514 17:53:02.000000 99047 constraint_builder_2d.cc:296] Score histogram:
[cartographer_node-1] Count: 67  Min: 0.583609  Max: 0.842654  Mean: 0.694888
[cartographer_node-1] [0.583609, 0.609513)	                 ###	Count: 11 (16.4179%)	Total: 11 (16.4179%)
[cartographer_node-1] [0.609513, 0.635418)	                  ##	Count: 6 (8.95522%)	Total: 17 (25.3731%)
[cartographer_node-1] [0.635418, 0.661322)	                 ###	Count: 9 (13.4328%)	Total: 26 (38.806%)
[cartographer_node-1] [0.661322, 0.687227)	                 ###	Count: 9 (13.4328%)	Total: 35 (52.2388%)
[cartographer_node-1] [0.687227, 0.713131)	                   #	Count: 5 (7.46269%)	Total: 40 (59.7015%)
[cartographer_node-1] [0.713131, 0.739036)	                  ##	Count: 6 (8.95522%)	Total: 46 (68.6567%)
[cartographer_node-1] [0.739036, 0.764940)	                  ##	Count: 6 (8.95522%)	Total: 52 (77.6119%)
[cartographer_node-1] [0.764940, 0.790845)	                  ##	Count: 6 (8.95522%)	Total: 58 (86.5672%)
[cartographer_node-1] [0.790845, 0.816749)	                  ##	Count: 7 (10.4478%)	Total: 65 (97.0149%)
[cartographer_node-1] [0.816749, 0.842654]	                   #	Count: 2 (2.98507%)	Total: 67 (100%)
[cartographer_node-1] [INFO] [1778748782.832040078] [cartographer logger]: I0514 17:53:02.000000 99047 pose_graph_2d.cc:538] Remaining work items in queue: 1
[cartographer_node-1] [INFO] [1778748782.832091835] [cartographer logger]: I0514 17:53:02.000000 99047 constraint_builder_2d.cc:294] 0 computations resulted in 0 additional constraints.
[cartographer_node-1] [INFO] [1778748782.832193480] [cartographer logger]: I0514 17:53:02.000000 99047 constraint_builder_2d.cc:296] Score histogram:
[cartographer_node-1] Count: 67  Min: 0.583609  Max: 0.842654  Mean: 0.694888
[cartographer_node-1] [0.583609, 0.609513)	                 ###	Count: 11 (16.4179%)	Total: 11 (16.4179%)
[cartographer_node-1] [0.609513, 0.635418)	                  ##	Count: 6 (8.95522%)	Total: 17 (25.3731%)
[cartographer_node-1] [0.635418, 0.661322)	                 ###	Count: 9 (13.4328%)	Total: 26 (38.806%)
[cartographer_node-1] [0.661322, 0.687227)	                 ###	Count: 9 (13.4328%)	Total: 35 (52.2388%)
[cartographer_node-1] [0.687227, 0.713131)	                   #	Count: 5 (7.46269%)	Total: 40 (59.7015%)
[cartographer_node-1] [0.713131, 0.739036)	                  ##	Count: 6 (8.95522%)	Total: 46 (68.6567%)
[cartographer_node-1] [0.739036, 0.764940)	                  ##	Count: 6 (8.95522%)	Total: 52 (77.6119%)
[cartographer_node-1] [0.764940, 0.790845)	                  ##	Count: 6 (8.95522%)	Total: 58 (86.5672%)
[cartographer_node-1] [0.790845, 0.816749)	                  ##	Count: 7 (10.4478%)	Total: 65 (97.0149%)
[cartographer_node-1] [0.816749, 0.842654]	                   #	Count: 2 (2.98507%)	Total: 67 (100%)
[cartographer_node-1] [INFO] [1778748782.954542201] [cartographer logger]: I0514 17:53:02.000000 99048 pose_graph_2d.cc:538] Remaining work items in queue: 1
[cartographer_node-1] [INFO] [1778748782.954595311] [cartographer logger]: I0514 17:53:02.000000 99048 constraint_builder_2d.cc:294] 0 computations resulted in 0 additional constraints.
[cartographer_node-1] [INFO] [1778748782.955077432] [cartographer logger]: I0514 17:53:02.000000 99048 constraint_builder_2d.cc:296] Score histogram:
[cartographer_node-1] Count: 67  Min: 0.583609  Max: 0.842654  Mean: 0.694888
[cartographer_node-1] [0.583609, 0.609513)	                 ###	Count: 11 (16.4179%)	Total: 11 (16.4179%)
[cartographer_node-1] [0.609513, 0.635418)	                  ##	Count: 6 (8.95522%)	Total: 17 (25.3731%)
[cartographer_node-1] [0.635418, 0.661322)	                 ###	Count: 9 (13.4328%)	Total: 26 (38.806%)
[cartographer_node-1] [0.661322, 0.687227)	                 ###	Count: 9 (13.4328%)	Total: 35 (52.2388%)
[cartographer_node-1] [0.687227, 0.713131)	                   #	Count: 5 (7.46269%)	Total: 40 (59.7015%)
[cartographer_node-1] [0.713131, 0.739036)	                  ##	Count: 6 (8.95522%)	Total: 46 (68.6567%)
[cartographer_node-1] [0.739036, 0.764940)	                  ##	Count: 6 (8.95522%)	Total: 52 (77.6119%)
[cartographer_node-1] [0.764940, 0.790845)	                  ##	Count: 6 (8.95522%)	Total: 58 (86.5672%)
[cartographer_node-1] [0.790845, 0.816749)	                  ##	Count: 7 (10.4478%)	Total: 65 (97.0149%)
[cartographer_node-1] [0.816749, 0.842654]	                   #	Count: 2 (2.98507%)	Total: 67 (100%)
[cartographer_node-1] [INFO] [1778748783.048130574] [cartographer logger]: I0514 17:53:03.000000 99049 pose_graph_2d.cc:538] Remaining work items in queue: 1
[cartographer_node-1] [INFO] [1778748783.048249278] [cartographer logger]: I0514 17:53:03.000000 99049 constraint_builder_2d.cc:294] 1 computations resulted in 0 additional constraints.
[cartographer_node-1] [INFO] [1778748783.048998058] [cartographer logger]: I0514 17:53:03.000000 99049 constraint_builder_2d.cc:296] Score histogram:
[cartographer_node-1] Count: 67  Min: 0.583609  Max: 0.842654  Mean: 0.694888
[cartographer_node-1] [0.583609, 0.609513)	                 ###	Count: 11 (16.4179%)	Total: 11 (16.4179%)
[cartographer_node-1] [0.609513, 0.635418)	                  ##	Count: 6 (8.95522%)	Total: 17 (25.3731%)
[cartographer_node-1] [0.635418, 0.661322)	                 ###	Count: 9 (13.4328%)	Total: 26 (38.806%)
[cartographer_node-1] [0.661322, 0.687227)	                 ###	Count: 9 (13.4328%)	Total: 35 (52.2388%)
[cartographer_node-1] [0.687227, 0.713131)	                   #	Count: 5 (7.46269%)	Total: 40 (59.7015%)
[cartographer_node-1] [0.713131, 0.739036)	                  ##	Count: 6 (8.95522%)	Total: 46 (68.6567%)
[cartographer_node-1] [0.739036, 0.764940)	                  ##	Count: 6 (8.95522%)	Total: 52 (77.6119%)
[cartographer_node-1] [0.764940, 0.790845)	                  ##	Count: 6 (8.95522%)	Total: 58 (86.5672%)
[cartographer_node-1] [0.790845, 0.816749)	                  ##	Count: 7 (10.4478%)	Total: 65 (97.0149%)
[cartographer_node-1] [0.816749, 0.842654]	                   #	Count: 2 (2.98507%)	Total: 67 (100%)
[cartographer_node-1] [INFO] [1778748783.091672051] [cartographer logger]: I0514 17:53:03.000000 99048 pose_graph_2d.cc:538] Remaining work items in queue: 0
[cartographer_node-1] [INFO] [1778748783.091763991] [cartographer logger]: I0514 17:53:03.000000 99048 constraint_builder_2d.cc:294] 0 computations resulted in 0 additional constraints.
[cartographer_node-1] [INFO] [1778748783.099025011] [cartographer logger]: I0514 17:53:03.000000 99048 constraint_builder_2d.cc:296] Score histogram:
[cartographer_node-1] Count: 67  Min: 0.583609  Max: 0.842654  Mean: 0.694888
[cartographer_node-1] [0.583609, 0.609513)	                 ###	Count: 11 (16.4179%)	Total: 11 (16.4179%)
[cartographer_node-1] [0.609513, 0.635418)	                  ##	Count: 6 (8.95522%)	Total: 17 (25.3731%)
[cartographer_node-1] [0.635418, 0.661322)	                 ###	Count: 9 (13.4328%)	Total: 26 (38.806%)
[cartographer_node-1] [0.661322, 0.687227)	                 ###	Count: 9 (13.4328%)	Total: 35 (52.2388%)
[cartographer_node-1] [0.687227, 0.713131)	                   #	Count: 5 (7.46269%)	Total: 40 (59.7015%)
[cartographer_node-1] [0.713131, 0.739036)	                  ##	Count: 6 (8.95522%)	Total: 46 (68.6567%)
[cartographer_node-1] [0.739036, 0.764940)	                  ##	Count: 6 (8.95522%)	Total: 52 (77.6119%)
[cartographer_node-1] [0.764940, 0.790845)	                  ##	Count: 6 (8.95522%)	Total: 58 (86.5672%)
[cartographer_node-1] [0.790845, 0.816749)	                  ##	Count: 7 (10.4478%)	Total: 65 (97.0149%)
[cartographer_node-1] [0.816749, 0.842654]	                   #	Count: 2 (2.98507%)	Total: 67 (100%)
[cartographer_node-1] [INFO] [1778748783.152051793] [cartographer logger]: I0514 17:53:03.000000 99047 pose_graph_2d.cc:538] Remaining work items in queue: 0
[cartographer_node-1] [INFO] [1778748783.152100011] [cartographer logger]: I0514 17:53:03.000000 99047 constraint_builder_2d.cc:294] 0 computations resulted in 0 additional constraints.
[cartographer_node-1] [INFO] [1778748783.152384938] [cartographer logger]: I0514 17:53:03.000000 99047 constraint_builder_2d.cc:296] Score histogram:
[cartographer_node-1] Count: 67  Min: 0.583609  Max: 0.842654  Mean: 0.694888
[cartographer_node-1] [0.583609, 0.609513)	                 ###	Count: 11 (16.4179%)	Total: 11 (16.4179%)
[cartographer_node-1] [0.609513, 0.635418)	                  ##	Count: 6 (8.95522%)	Total: 17 (25.3731%)
[cartographer_node-1] [0.635418, 0.661322)	                 ###	Count: 9 (13.4328%)	Total: 26 (38.806%)
[cartographer_node-1] [0.661322, 0.687227)	                 ###	Count: 9 (13.4328%)	Total: 35 (52.2388%)
[cartographer_node-1] [0.687227, 0.713131)	                   #	Count: 5 (7.46269%)	Total: 40 (59.7015%)
[cartographer_node-1] [0.713131, 0.739036)	                  ##	Count: 6 (8.95522%)	Total: 46 (68.6567%)
[cartographer_node-1] [0.739036, 0.764940)	                  ##	Count: 6 (8.95522%)	Total: 52 (77.6119%)
[cartographer_node-1] [0.764940, 0.790845)	                  ##	Count: 6 (8.95522%)	Total: 58 (86.5672%)
[cartographer_node-1] [0.790845, 0.816749)	                  ##	Count: 7 (10.4478%)	Total: 65 (97.0149%)
[cartographer_node-1] [0.816749, 0.842654]	                   #	Count: 2 (2.98507%)	Total: 67 (100%)
[cartographer_node-1] [INFO] [1778748783.238646957] [cartographer logger]: I0514 17:53:03.000000 99050 pose_graph_2d.cc:538] Remaining work items in queue: 1
[cartographer_node-1] [INFO] [1778748783.238668900] [cartographer logger]: I0514 17:53:03.000000 99050 constraint_builder_2d.cc:294] 0 computations resulted in 0 additional constraints.
[cartographer_node-1] [INFO] [1778748783.238694020] [cartographer logger]: I0514 17:53:03.000000 99050 constraint_builder_2d.cc:296] Score histogram:
[cartographer_node-1] Count: 67  Min: 0.583609  Max: 0.842654  Mean: 0.694888
[cartographer_node-1] [0.583609, 0.609513)	                 ###	Count: 11 (16.4179%)	Total: 11 (16.4179%)
[cartographer_node-1] [0.609513, 0.635418)	                  ##	Count: 6 (8.95522%)	Total: 17 (25.3731%)
[cartographer_node-1] [0.635418, 0.661322)	                 ###	Count: 9 (13.4328%)	Total: 26 (38.806%)
[cartographer_node-1] [0.661322, 0.687227)	                 ###	Count: 9 (13.4328%)	Total: 35 (52.2388%)
[cartographer_node-1] [0.687227, 0.713131)	                   #	Count: 5 (7.46269%)	Total: 40 (59.7015%)
[cartographer_node-1] [0.713131, 0.739036)	                  ##	Count: 6 (8.95522%)	Total: 46 (68.6567%)
[cartographer_node-1] [0.739036, 0.764940)	                  ##	Count: 6 (8.95522%)	Total: 52 (77.6119%)
[cartographer_node-1] [0.764940, 0.790845)	                  ##	Count: 6 (8.95522%)	Total: 58 (86.5672%)
[cartographer_node-1] [0.790845, 0.816749)	                  ##	Count: 7 (10.4478%)	Total: 65 (97.0149%)
[cartographer_node-1] [0.816749, 0.842654]	                   #	Count: 2 (2.98507%)	Total: 67 (100%)
[cartographer_node-1] [INFO] [1778748783.316428164] [cartographer logger]: I0514 17:53:03.000000 99047 pose_graph_2d.cc:538] Remaining work items in queue: 2
[cartographer_node-1] [INFO] [1778748783.316451150] [cartographer logger]: I0514 17:53:03.000000 99047 constraint_builder_2d.cc:294] 0 computations resulted in 0 additional constraints.
[cartographer_node-1] [INFO] [1778748783.316842546] [cartographer logger]: I0514 17:53:03.000000 99047 constraint_builder_2d.cc:296] Score histogram:
[cartographer_node-1] Count: 67  Min: 0.583609  Max: 0.842654  Mean: 0.694888
[cartographer_node-1] [0.583609, 0.609513)	                 ###	Count: 11 (16.4179%)	Total: 11 (16.4179%)
[cartographer_node-1] [0.609513, 0.635418)	                  ##	Count: 6 (8.95522%)	Total: 17 (25.3731%)
[cartographer_node-1] [0.635418, 0.661322)	                 ###	Count: 9 (13.4328%)	Total: 26 (38.806%)
[cartographer_node-1] [0.661322, 0.687227)	                 ###	Count: 9 (13.4328%)	Total: 35 (52.2388%)
[cartographer_node-1] [0.687227, 0.713131)	                   #	Count: 5 (7.46269%)	Total: 40 (59.7015%)
[cartographer_node-1] [0.713131, 0.739036)	                  ##	Count: 6 (8.95522%)	Total: 46 (68.6567%)
[cartographer_node-1] [0.739036, 0.764940)	                  ##	Count: 6 (8.95522%)	Total: 52 (77.6119%)
[cartographer_node-1] [0.764940, 0.790845)	                  ##	Count: 6 (8.95522%)	Total: 58 (86.5672%)
[cartographer_node-1] [0.790845, 0.816749)	                  ##	Count: 7 (10.4478%)	Total: 65 (97.0149%)
[cartographer_node-1] [0.816749, 0.842654]	                   #	Count: 2 (2.98507%)	Total: 67 (100%)
[cartographer_node-1] [INFO] [1778748783.369300999] [cartographer logger]: I0514 17:53:03.000000 99049 constraint_builder_2d.cc:279] Node (1, 957) with 209 points on submap (0, 2) matches with score 79.3%.
[cartographer_node-1] [INFO] [1778748783.411364762] [cartographer logger]: I0514 17:53:03.000000 99050 pose_graph_2d.cc:538] Remaining work items in queue: 1
[cartographer_node-1] [INFO] [1778748783.411408912] [cartographer logger]: I0514 17:53:03.000000 99050 constraint_builder_2d.cc:294] 1 computations resulted in 1 additional constraints.
[cartographer_node-1] [INFO] [1778748783.411709925] [cartographer logger]: I0514 17:53:03.000000 99050 constraint_builder_2d.cc:296] Score histogram:
[cartographer_node-1] Count: 68  Min: 0.583609  Max: 0.842654  Mean: 0.696325
[cartographer_node-1] [0.583609, 0.609513)	                 ###	Count: 11 (16.1765%)	Total: 11 (16.1765%)
[cartographer_node-1] [0.609513, 0.635418)	                  ##	Count: 6 (8.82353%)	Total: 17 (25%)
[cartographer_node-1] [0.635418, 0.661322)	                 ###	Count: 9 (13.2353%)	Total: 26 (38.2353%)
[cartographer_node-1] [0.661322, 0.687227)	                 ###	Count: 9 (13.2353%)	Total: 35 (51.4706%)
[cartographer_node-1] [0.687227, 0.713131)	                   #	Count: 5 (7.35294%)	Total: 40 (58.8235%)
[cartographer_node-1] [0.713131, 0.739036)	                  ##	Count: 6 (8.82353%)	Total: 46 (67.6471%)
[cartographer_node-1] [0.739036, 0.764940)	                  ##	Count: 6 (8.82353%)	Total: 52 (76.4706%)
[cartographer_node-1] [0.764940, 0.790845)	                  ##	Count: 6 (8.82353%)	Total: 58 (85.2941%)
[cartographer_node-1] [0.790845, 0.816749)	                  ##	Count: 8 (11.7647%)	Total: 66 (97.0588%)
[cartographer_node-1] [0.816749, 0.842654]	                   #	Count: 2 (2.94118%)	Total: 68 (100%)
[cartographer_node-1] [INFO] [1778748783.468167687] [cartographer logger]: I0514 17:53:03.000000 99047 pose_graph_2d.cc:538] Remaining work items in queue: 0
[cartographer_node-1] [INFO] [1778748783.468215926] [cartographer logger]: I0514 17:53:03.000000 99047 constraint_builder_2d.cc:294] 0 computations resulted in 0 additional constraints.
[cartographer_node-1] [INFO] [1778748783.468286370] [cartographer logger]: I0514 17:53:03.000000 99047 constraint_builder_2d.cc:296] Score histogram:
[cartographer_node-1] Count: 68  Min: 0.583609  Max: 0.842654  Mean: 0.696325
[cartographer_node-1] [0.583609, 0.609513)	                 ###	Count: 11 (16.1765%)	Total: 11 (16.1765%)
[cartographer_node-1] [0.609513, 0.635418)	                  ##	Count: 6 (8.82353%)	Total: 17 (25%)
[cartographer_node-1] [0.635418, 0.661322)	                 ###	Count: 9 (13.2353%)	Total: 26 (38.2353%)
[cartographer_node-1] [0.661322, 0.687227)	                 ###	Count: 9 (13.2353%)	Total: 35 (51.4706%)
[cartographer_node-1] [0.687227, 0.713131)	                   #	Count: 5 (7.35294%)	Total: 40 (58.8235%)
[cartographer_node-1] [0.713131, 0.739036)	                  ##	Count: 6 (8.82353%)	Total: 46 (67.6471%)
[cartographer_node-1] [0.739036, 0.764940)	                  ##	Count: 6 (8.82353%)	Total: 52 (76.4706%)
[cartographer_node-1] [0.764940, 0.790845)	                  ##	Count: 6 (8.82353%)	Total: 58 (85.2941%)
[cartographer_node-1] [0.790845, 0.816749)	                  ##	Count: 8 (11.7647%)	Total: 66 (97.0588%)
[cartographer_node-1] [0.816749, 0.842654]	                   #	Count: 2 (2.94118%)	Total: 68 (100%)
