elapsed_wall,clock,odom_stamp,odom_latency_sec,tracked_pose_stamp,tracked_pose_latency_sec,scan_stamp,scan_age_sec,imu_stamp,imu_age_sec,odom_wheel_stamp,odom_wheel_age_sec,tracked_to_odom_stamp_delta_sec,frame_id,child_frame_id,x,y,z,yaw
2.5067473709996193,1779099286.575578,1779099286.575578,0.0,1779099286.575578,0.0,1779099286.5741875,0.0013904571533203125,1779099286.5826077,-0.00702977180480957,1779099286.5718584,0.0037195682525634766,0.0,map,base_link,-0.0001821578738266352,-0.0011534559816661607,0.0,-0.0005941337174873882
2.5608071899996503,1779099286.6256254,1779099286.6256254,0.0,1779099286.6256254,0.0,1779099286.6241357,0.0014896392822265625,1779099286.6326268,-0.007001399993896484,1779099286.6317568,-0.006131410598754883,0.0,map,base_link,-0.01247589147079555,-0.001207180494182992,0.0,-0.002398608536054577
2.6036639899994043,1779099286.6755896,1779099286.6755896,0.0,1779099286.6755896,0.0,1779099286.674077,0.0015125274658203125,1779099286.6726413,0.002948284149169922,1779099286.6717393,0.003850221633911133,0.0,map,base_link,-0.012335988939763343,0.002791339170005144,0.0,-0.0036202877127405934
2.656963294999514,1779099286.7255638,1779099286.725564,-2.384185791015625e-07,1779099286.725564,-2.384185791015625e-07,1779099286.7241387,0.001425027847290039,1779099286.7326624,-0.007098674774169922,1779099286.731795,-0.0062313079833984375,0.0,map,base_link,-0.013361150516649024,0.0008299701486380606,0.0,-0.003821197260382552
2.7093260450001253,1779099286.77562,1779099286.77562,0.0,1779099286.77562,0.0,1779099286.7741222,0.0014977455139160156,1779099286.782659,-0.007039070129394531,1779099286.7718096,0.003810405731201172,0.0,map,base_link,-0.01025740781897029,-0.0006035750697053445,0.0,-0.004928524344195076
2.7529095629997755,1779099286.8255725,1779099286.8255725,0.0,1779099286.8255725,0.0,1779099286.8241591,0.0014133453369140625,1779099286.8226526,0.002919912338256836,1779099286.8118932,0.013679265975952148,0.0,map,base_link,-0.008209341741753763,-0.003840883499186652,0.0,-0.0034066712926188957
2.8054394709997723,1779099286.8755646,1779099286.8755646,0.0,1779099286.8755646,0.0,1779099286.8741639,0.0014007091522216797,1779099286.8726306,0.002933979034423828,1779099286.866645,0.008919477462768555,0.0,map,base_link,-0.01609996409083713,-0.0038221093581488853,0.0,-0.002468097723168084
2.858756347000053,1779099286.9255464,1779099286.9255464,0.0,1779099286.9255464,0.0,1779099286.924205,0.0013413429260253906,1779099286.932652,-0.007105588912963867,1779099286.9318454,-0.006299018859863281,0.0,map,base_link,-0.011058427333400735,0.0026865105435213777,0.0,-0.003787719709496895
2.9121896429996923,1779099286.9755332,1779099286.9755332,0.0,1779099286.9755332,0.0,1779099286.9741423,0.0013909339904785156,1779099286.982669,-0.007135868072509766,1779099286.9716413,0.0038919448852539062,0.0,map,base_link,-0.011874574968435976,-0.0009026388889183802,0.0,-0.0036352950478153044
2.9573244969997177,1779099287.025544,1779099287.025544,0.0,1779099287.025544,0.0,1779099287.0241745,0.001369476318359375,1779099287.0326853,-0.0071413516998291016,1779099287.0316525,-0.006108522415161133,0.0,map,base_link,-0.011907935393057408,-0.0016438480974407283,0.0,-0.003107479686016994
3.009835148000093,1779099287.0755477,1779099287.0755477,0.0,1779099287.0755477,0.0,1779099287.0741706,0.001377105712890625,1779099287.0827007,-0.007153034210205078,1779099287.071616,0.003931760787963867,0.0,map,base_link,-0.010154285076219155,-0.004609950848679781,0.0,-0.003343046847032181
3.0531187830001727,1779099287.1255476,1779099287.1255476,0.0,1779099287.1255476,0.0,1779099287.124156,0.0013916492462158203,1779099287.122703,0.002844572067260742,1779099287.1117399,0.01380777359008789,0.0,map,base_link,-0.01190916348280667,0.002165196846737995,0.0,-0.00297771014012534
3.107179613999506,1779099287.1755393,1779099287.1755393,0.0,1779099287.1755393,0.0,1779099287.174193,0.0013463497161865234,1779099287.1827202,-0.007180929183959961,1779099287.17162,0.003919363021850586,0.0,map,base_link,-0.019918266379783583,0.00016282565433474016,0.0,-0.0015734644906331267
3.1599216240001624,1779099287.2255359,1779099287.2255359,0.0,1779099287.2255359,0.0,1779099287.2241032,0.001432657241821289,1779099287.2327244,-0.007188558578491211,1779099287.2317011,-0.006165266036987305,0.0,map,base_link,-0.008865502759735461,-0.0016296317110861787,0.0,-0.003292012234125322
3.213131301999965,1779099287.2755413,1779099287.2755413,0.0,1779099287.2755413,0.0,1779099287.2741418,0.0013995170593261719,1779099287.2827377,-0.0071964263916015625,1779099287.2717986,0.003742694854736328,0.0,map,base_link,-0.009928139654743746,-0.0005065837325783415,0.0,-0.0038947427534555077
3.2573339319997103,1779099287.3255384,1779099287.3255384,0.0,1779099287.3255384,0.0,1779099287.3240175,0.0015208721160888672,1779099287.3327508,-0.007212400436401367,1779099287.3316724,-0.006134033203125,0.0,map,base_link,-0.00987024129408224,-0.001420897164541979,0.0,-0.0034198393980768233
3.4803117510000448,1779099287.550493,1779099287.550493,0.0,1779099287.550493,0.0,1779099287.5542126,-0.0037195682525634766,1779099287.5527916,-0.002298593521118164,1779099287.5519161,-0.0014231204986572266,0.0,map,base_link,-0.009573652091285485,0.003796589771062118,0.0,-0.003599308492725032
3.5602045609994093,1779099287.6255004,1779099287.6255002,2.384185791015625e-07,1779099287.6255002,2.384185791015625e-07,1779099287.6241016,0.0013988018035888672,1779099287.6327987,-0.00729823112487793,1779099287.6319213,-0.00642085075378418,0.0,map,base_link,-0.014204979012496963,-0.004416361106625433,0.0,-0.0023341734218744257
3.6035816599996906,1779099287.6754963,1779099287.6754963,0.0,1779099287.6754963,0.0,1779099287.6742263,0.0012700557708740234,1779099287.6728063,0.0026900768280029297,1779099287.6717575,0.003738880157470703,0.0,map,base_link,-0.007919987737093067,0.0019290703019471196,0.0,-0.004639394401334687
3.6572233339993545,1779099287.7254899,1779099287.7254899,0.0,1779099287.7254899,0.0,1779099287.724105,0.0013849735260009766,1779099287.732818,-0.007328033447265625,1779099287.7318685,-0.006378650665283203,0.0,map,base_link,-0.011987941845698964,-0.0021956223864940455,0.0,-0.0033109522628130958
3.7105769689997032,1779099287.7754881,1779099287.775488,2.384185791015625e-07,1779099287.775488,2.384185791015625e-07,1779099287.774137,0.0013511180877685547,1779099287.7828267,-0.007338523864746094,1779099287.7717144,0.0037736892700195312,0.0,map,base_link,-0.012669845793065907,0.0021532100105416006,0.0,-0.0030785114319373088
3.753684919999614,1779099287.8255157,1779099287.8255157,0.0,1779099287.8255157,0.0,1779099287.8241174,0.001398324966430664,1779099287.8228235,0.0026922225952148438,1779099287.8118546,0.01366114616394043,0.0,map,base_link,-0.011687723193975392,-0.004691511525030644,0.0,-0.0027390469509688733
3.8070040040001913,1779099287.875486,1779099287.875486,0.0,1779099287.875486,0.0,1779099287.8741405,0.0013453960418701172,1779099287.8828335,-0.007347583770751953,1779099287.8717906,0.003695249557495117,0.0,map,base_link,-0.009047014661356866,-0.0008686797522114032,0.0,-0.003582882284784276
3.860427644000083,1779099287.9254968,1779099287.9254968,0.0,1779099287.9254968,0.0,1779099287.9241345,0.0013623237609863281,1779099287.9328418,-0.007344961166381836,1779099287.931785,-0.006288290023803711,0.0,map,base_link,-0.011996268041036767,0.0024619428393454447,0.0,-0.002933963736451046
3.9126673390001088,1779099287.975486,1779099287.975486,0.0,1779099287.975486,0.0,1779099287.9741008,0.0013852119445800781,1779099287.9828496,-0.007363557815551758,1779099287.9717188,0.003767251968383789,0.0,map,base_link,-0.01312000537821749,-0.0015989793055582846,0.0,-0.00308879426758651
3.957285493999734,1779099288.0255282,1779099288.0255282,0.0,1779099288.0255282,0.0,1779099288.034193,-0.008664846420288086,1779099288.0328374,-0.0073091983795166016,1779099288.0318575,-0.00632929801940918,0.0,map,base_link,-0.013678674791513122,-0.0002564055686666908,0.0,-0.0036593022105841245
3.9878444070000114,1779099288.050528,1779099288.050528,0.0,1779099288.050528,0.0,1779099288.0542178,-0.0036897659301757812,1779099288.0628424,-0.012314319610595703,1779099288.0518022,-0.00127410888671875,0.0,map,base_link,-0.013678660163076051,-0.0002524079836251677,0.0,-0.0036960478747603666
4.053022465999675,1779099288.1255133,1779099288.1255133,0.0,1779099288.1255133,0.0,1779099288.1241238,0.0013895034790039062,1779099288.1228514,0.0026619434356689453,1779099288.1117432,0.013770103454589844,0.0,map,base_link,-0.015346664620867898,-0.0009476008432258048,0.0,-0.002819083178759214
4.106426131999797,1779099288.1755085,1779099288.1755085,0.0,1779099288.1755085,0.0,1779099288.1741724,0.0013360977172851562,1779099288.18285,-0.0073413848876953125,1779099288.1717508,0.0037577152252197266,0.0,map,base_link,-0.011220553438293103,-0.00799751346387609,0.0,-0.001757718180854174
4.1598613340001975,1779099288.2254932,1779099288.2254932,0.0,1779099288.2254932,0.0,1779099288.2241094,0.0013837814331054688,1779099288.2328572,-0.007364034652709961,1779099288.2315145,-0.006021261215209961,0.0,map,base_link,-0.011701980327652324,0.006243425563533543,0.0,-0.003927997779350421
4.212226982000175,1779099288.2754922,1779099288.2754922,0.0,1779099288.2754922,0.0,1779099288.2741227,0.001369476318359375,1779099288.2828643,-0.007372140884399414,1779099288.271476,0.00401616096496582,0.0,map,base_link,-0.012064921585864788,0.004699817036394442,0.0,-0.004920351618126527
4.257013613999334,1779099288.3254907,1779099288.3254907,0.0,1779099288.3254907,0.0,1779099288.3341846,-0.008693933486938477,1779099288.3328514,-0.007360696792602539,1779099288.3316278,-0.00613713264465332,0.0,map,base_link,-0.012449415092195177,-0.00117361662247826,0.0,-0.003084493265769709
4.289033494999785,1779099288.3504875,1779099288.3504875,0.0,1779099288.3504875,0.0,1779099288.354158,-0.0036704540252685547,1779099288.3628557,-0.012368202209472656,1779099288.3515842,-0.0010967254638671875,0.0,map,base_link,-0.008738570501864657,-0.003558083385023415,0.0,-0.004019302840998663
4.341306800999519,1779099288.4005032,1779099288.4005034,-2.384185791015625e-07,1779099288.4005034,-2.384185791015625e-07,1779099288.404121,-0.0036177635192871094,1779099288.4128628,-0.012359619140625,1779099288.411562,-0.011058807373046875,0.0,map,base_link,-0.012945524761852928,0.0012790813382583227,0.0,-0.003079493785731229
4.407191065000006,1779099288.475488,1779099288.475488,0.0,1779099288.475488,0.0,1779099288.474173,0.0013148784637451172,1779099288.4828722,-0.007384300231933594,1779099288.4716332,0.0038547515869140625,0.0,map,base_link,-0.010970576233496858,-0.001109007787513321,0.0,-0.0028324862163032834
4.460766120999324,1779099288.525486,1779099288.525486,0.0,1779099288.525486,0.0,1779099288.534176,-0.008690118789672852,1779099288.5328782,-0.007392168045043945,1779099288.531494,-0.0060079097747802734,0.0,map,base_link,-0.009929494184891603,-0.0013081686892163873,0.0,-0.003539404264287422
4.5028439869993235,1779099288.575487,1779099288.575487,0.0,1779099288.575487,0.0,1779099288.5741885,0.0012984275817871094,1779099288.572883,0.0026040077209472656,1779099288.5715165,0.00397038459777832,0.0,map,base_link,-0.00877641302708071,0.001459293326197901,0.0,-0.003241932723615663
4.55617840099967,1779099288.625488,1779099288.625488,0.0,1779099288.625488,0.0,1779099288.624176,0.0013120174407958984,1779099288.63289,-0.007401943206787109,1779099288.631585,-0.006096839904785156,0.0,map,base_link,-0.007819247313548765,0.008249025241726313,0.0,-0.005617877427060637
4.60966514699976,1779099288.6754858,1779099288.6754858,0.0,1779099288.6754858,0.0,1779099288.6841223,-0.008636474609375,1779099288.6828952,-0.007409334182739258,1779099288.6716392,0.0038466453552246094,0.0,map,base_link,-0.009149177313361408,-0.005928622075275967,0.0,-0.003869623110299808
4.6413809999994555,1779099288.7004886,1779099288.7004886,0.0,1779099288.7004886,0.0,1779099288.7042022,-0.0037136077880859375,1779099288.712898,-0.012409448623657227,1779099288.711525,-0.011036396026611328,0.0,map,base_link,-0.011022738167353975,-0.006985364839796001,0.0,-0.0030054302223880536
4.6858674329996575,1779099288.7504854,1779099288.7504854,0.0,1779099288.7504854,0.0,1779099288.7541418,-0.0036563873291015625,1779099288.762903,-0.01241755485534668,1779099288.7515857,-0.001100301742553711,0.0,map,base_link,-0.015000388025326824,0.001221600737497203,0.0,-0.0026375529353209553
4.760765530999379,1779099288.825486,1779099288.8254862,-2.384185791015625e-07,1779099288.8254862,-2.384185791015625e-07,1779099288.8342035,-0.008717536926269531,1779099288.8329096,-0.0074236392974853516,1779099288.8315501,-0.006064176559448242,0.0,map,base_link,-0.01040485053772157,-0.002325293580116631,0.0,-0.003228250435382571
4.791419364999456,1779099288.850486,1779099288.850486,0.0,1779099288.850486,0.0,1779099288.8541975,-0.0037114620208740234,1779099288.8629124,-0.012426376342773438,1779099288.8516712,-0.0011851787567138672,0.0,map,base_link,-0.010405667525287283,-0.0025783671083188216,0.0,-0.0032730759958562315
4.836818906999724,1779099288.9004843,1779099288.9004843,0.0,1779099288.9004843,0.0,1779099288.9042482,-0.003763914108276367,1779099288.9129071,-0.012422800064086914,1779099288.9115427,-0.011058330535888672,0.0,map,base_link,-0.013775632878830107,-0.0013300378077194868,0.0,-0.0029436657179594435
4.9107873799994195,1779099288.9755075,1779099288.9755075,0.0,1779099288.9755075,0.0,1779099288.974143,0.0013644695281982422,1779099288.982914,-0.007406473159790039,1779099288.9715738,0.00393366813659668,0.0,map,base_link,-0.012266070901719946,-0.00034116075206245525,0.0,-0.004270675384197151
4.955342840999947,1779099289.025488,1779099289.025488,0.0,1779099289.025488,0.0,1779099289.0342085,-0.008720636367797852,1779099289.0229075,0.002580404281616211,1779099289.0316126,-0.006124734878540039,0.0,map,base_link,-0.015807514388427202,0.00467767640827365,0.0,-0.003626796836027798
4.987364509000145,1779099289.0505161,1779099289.050516,2.384185791015625e-07,1779099289.050516,2.384185791015625e-07,1779099289.0542326,-0.0037164688110351562,1779099289.0629113,-0.012395143508911133,1779099289.0515914,-0.0010752677917480469,0.0,map,base_link,-0.012673840652347446,-0.003015411656329191,0.0,-0.003101461003274296
5.040837916999408,1779099289.100488,1779099289.100488,0.0,1779099289.100488,0.0,1779099289.1041486,-0.0036606788635253906,1779099289.112916,-0.012428045272827148,1779099289.1117473,-0.011259317398071289,0.0,map,base_link,-0.01187039058158058,-0.004031820222024636,0.0,-0.0026866813369088435
5.106754835999709,1779099289.1754909,1779099289.1754909,0.0,1779099289.1754909,0.0,1779099289.1842096,-0.008718729019165039,1779099289.182921,-0.007430076599121094,1779099289.1718483,0.003642559051513672,0.0,map,base_link,-0.012810543031752592,0.0011859669647192514,0.0,-0.003399108998041144
5.137434334999853,1779099289.2006438,1779099289.2006438,0.0,1779099289.2006438,0.0,1779099289.204065,-0.003421306610107422,1779099289.212923,-0.012279272079467773,1779099289.2117758,-0.011132001876831055,0.0,map,base_link,-0.012809101608143475,0.0016100245805735801,0.0,-0.003430251965423235
5.191094972999963,1779099289.2505903,1779099289.2505903,0.0,1779099289.2505903,0.0,1779099289.2542312,-0.003640890121459961,1779099289.2629268,-0.012336492538452148,1779099289.2517514,-0.0011610984802246094,0.0,map,base_link,-0.013965448692657284,-0.0011251242245769646,0.0,-0.0029627226144229336
5.256023019999702,1779099289.3255293,1779099289.325529,2.384185791015625e-07,1779099289.325529,2.384185791015625e-07,1779099289.3341293,-0.008599996566772461,1779099289.3329318,-0.0074024200439453125,1779099289.331831,-0.0063016414642333984,0.0,map,base_link,-0.011088440961035189,-0.0029354490886762665,0.0,-0.0029277684736497786
5.2887044939998304,1779099289.3505213,1779099289.350521,2.384185791015625e-07,1779099289.350521,2.384185791015625e-07,1779099289.3541446,-0.0036232471466064453,1779099289.3629339,-0.012412548065185547,1779099289.3517942,-0.0012729167938232422,0.0,map,base_link,-0.014904037775445009,0.0061324962089259845,0.0,-0.0032437792554933635
5.341187463000097,1779099289.4005172,1779099289.4005172,0.0,1779099289.4005172,0.0,1779099289.4040794,-0.0035622119903564453,1779099289.4129374,-0.012420177459716797,1779099289.4119844,-0.011467218399047852,0.0,map,base_link,-0.013080553712467406,-0.0066603230239649916,0.0,-0.00248225172761927
5.4055684679997285,1779099289.4755769,1779099289.475577,-2.384185791015625e-07,1779099289.475577,-2.384185791015625e-07,1779099289.484143,-0.008566141128540039,1779099289.4729414,0.002635478973388672,1779099289.4720778,0.0034990310668945312,0.0,map,base_link,-0.011434804550660548,-0.0015526738203859613,0.0,-0.003954549849110292
5.437095495999529,1779099289.5005853,1779099289.5005853,0.0,1779099289.5005853,0.0,1779099289.5040834,-0.003498077392578125,1779099289.5129433,-0.012357950210571289,1779099289.511918,-0.01133275032043457,0.0,map,base_link,-0.01086760183187519,0.004243042758798225,0.0,-0.003930404969305014
5.48920384899975,1779099289.5505774,1779099289.5505774,0.0,1779099289.5505774,0.0,1779099289.5541646,-0.0035872459411621094,1779099289.5629456,-0.012368202209472656,1779099289.552008,-0.001430511474609375,0.0,map,base_link,-0.012924746938278777,-0.0011045014694642031,0.0,-0.0027890375423661137
5.542257819000042,1779099289.600577,1779099289.600577,0.0,1779099289.600577,0.0,1779099289.6043134,-0.003736257553100586,1779099289.612948,-0.012370824813842773,1779099289.606889,-0.006311893463134766,0.0,map,base_link,-0.01289122398799401,0.002562089638112569,0.0,-0.0034444523492831317
5.586730953999904,1779099289.6505604,1779099289.6505604,0.0,1779099289.6505604,0.0,1779099289.6542506,-0.0036902427673339844,1779099289.6629503,-0.012389898300170898,1779099289.6519632,-0.0014028549194335938,0.0,map,base_link,-0.012578077185956249,0.001448888029064999,0.0,-0.004625768877091028
5.640216009000142,1779099289.7005568,1779099289.7005568,0.0,1779099289.7005568,0.0,1779099289.7042413,-0.003684520721435547,1779099289.7129526,-0.012395858764648438,1779099289.7118607,-0.011303901672363281,0.0,map,base_link,-0.011219507816179601,-0.001669671391694137,0.0,-0.0031249899369275858
5.704125248999844,1779099289.775531,1779099289.775531,0.0,1779099289.775531,0.0,1779099289.7542531,0.021277904510498047,1779099289.7729557,0.002575397491455078,1779099289.7718291,0.003701925277709961,0.0,map,base_link,-0.013313671453391324,0.0033609736265249697,0.0,-0.0029588022812189643
5.737093445000028,1779099289.8005679,1779099289.8005679,0.0,1779099289.8005679,0.0,1779099289.8042996,-0.0037317276000976562,1779099289.8129575,-0.012389659881591797,1779099289.8119526,-0.011384725570678711,0.0,map,base_link,-0.010156721955143177,-0.0017553388261779706,0.0,-0.004209652906914707
5.810920086999431,1779099289.8755684,1779099289.8755684,0.0,1779099289.8755684,0.0,1779099289.8842015,-0.008633136749267578,1779099289.8829608,-0.007392406463623047,1779099289.8719563,0.003612041473388672,0.0,map,base_link,-0.011710256487248315,0.00027205085602711424,0.0,-0.0026048189061958727
5.842668479000167,1779099289.9005632,1779099289.9005632,0.0,1779099289.9005632,0.0,1779099289.904196,-0.003632783889770508,1779099289.9129622,-0.012398958206176758,1779099289.9119954,-0.011432170867919922,0.0,map,base_link,-0.011978203058050033,-0.0024203585075324927,0.0,-0.003663297933944549
5.886120940999717,1779099289.9505703,1779099289.9505703,0.0,1779099289.9505703,0.0,1779099289.9542646,-0.003694295883178711,1779099289.962964,-0.012393712997436523,1779099289.9518535,-0.0012831687927246094,0.0,map,base_link,-0.012577082886302252,0.0027792950756789295,0.0,-0.0029010766648024976
5.939609105999807,1779099290.0005684,1779099290.0005684,0.0,1779099290.0005684,0.0,1779099290.0041542,-0.0035858154296875,1779099290.0129654,-0.012397050857543945,1779099290.0119948,-0.011426448822021484,0.0,map,base_link,-0.016777022554792007,0.000739698478158093,0.0,-0.0022524030308834295
5.991721390999373,1779099290.050569,1779099290.050569,0.0,1779099290.050569,0.0,1779099290.0541747,-0.0036056041717529297,1779099290.0629666,-0.012397527694702148,1779099290.0519094,-0.0013403892517089844,0.0,map,base_link,-0.014638850211825087,-0.010966677826468643,0.0,-0.0024712722940628744
6.03741196899955,1779099290.1005616,1779099290.1005616,0.0,1779099290.1005616,0.0,1779099290.104178,-0.0036163330078125,1779099290.1129677,-0.012406110763549805,1779099290.1117418,-0.01118016242980957,0.0,map,base_link,-0.012011594975175583,0.003312054071451247,0.0,-0.0044727131744703
6.089554626999416,1779099290.1505656,1779099290.1505656,0.0,1779099290.1505656,0.0,1779099290.1541717,-0.003606081008911133,1779099290.1629689,-0.012403249740600586,1779099290.1667457,-0.016180038452148438,0.0,map,base_link,-0.012037238065151968,-0.003826020588624226,0.0,-0.0035188472677082526
6.154859692000173,1779099290.2255278,1779099290.2255278,0.0,1779099290.2255278,0.0,1779099290.234266,-0.008738279342651367,1779099290.2229705,0.0025572776794433594,1779099290.2319846,-0.006456851959228516,0.0,map,base_link,-0.012336218924342552,0.0009639075761101957,0.0,-0.004055860414692007
6.187820043999636,1779099290.250525,1779099290.250525,0.0,1779099290.250525,0.0,1779099290.2542412,-0.0037162303924560547,1779099290.2629714,-0.012446403503417969,1779099290.2518642,-0.0013391971588134766,0.0,map,base_link,-0.013986665316244679,-0.0020462328476321093,0.0,-0.0025295357597416197
6.241342063000047,1779099290.3005264,1779099290.3005264,0.0,1779099290.3005264,0.0,1779099290.304167,-0.0036406517028808594,1779099290.3129725,-0.012446165084838867,1779099290.3119183,-0.011391878128051758,0.0,map,base_link,-0.011705552809900136,-0.001238997228668569,0.0,-0.0030516014786728034
6.305157271999633,1779099290.3755317,1779099290.375532,-2.384185791015625e-07,1779099290.375532,-2.384185791015625e-07,1779099290.3842578,-0.008726119995117188,1779099290.372974,0.0025577545166015625,1779099290.366867,0.008664608001708984,0.0,map,base_link,-0.00879665309523087,-0.002969929577177642,0.0,-0.0030881644064209178
6.337036205999539,1779099290.400528,1779099290.400528,0.0,1779099290.400528,0.0,1779099290.4043016,-0.0037736892700195312,1779099290.4129748,-0.012446880340576172,1779099290.406887,-0.006359100341796875,0.0,map,base_link,-0.011609637553102917,0.003730509531268523,0.0,-0.004510422927961769
6.389291051999862,1779099290.4505496,1779099290.4505496,0.0,1779099290.4505496,0.0,1779099290.4542894,-0.0037398338317871094,1779099290.462976,-0.012426376342773438,1779099290.4521105,-0.0015609264373779297,0.0,map,base_link,-0.010957922026952218,0.007404188620937594,0.0,-0.003963990462647761
6.442667282999537,1779099290.5005252,1779099290.5005252,0.0,1779099290.5005252,0.0,1779099290.5042284,-0.0037031173706054688,1779099290.5129774,-0.012452125549316406,1779099290.5119746,-0.011449337005615234,0.0,map,base_link,-0.010212762247585376,-0.0029542121879141702,0.0,-0.005248703630834099
6.485984343999917,1779099290.5505264,1779099290.5505264,0.0,1779099290.5505264,0.0,1779099290.5542498,-0.0037233829498291016,1779099290.5629785,-0.012452125549316406,1779099290.5520277,-0.001501321792602539,0.0,map,base_link,-0.01026877710942194,0.0033896398738628257,0.0,-0.004056529391255611
6.539391569000145,1779099290.6005263,1779099290.6005263,0.0,1779099290.6005263,0.0,1779099290.604095,-0.0035686492919921875,1779099290.6129797,-0.012453317642211914,1779099290.6067717,-0.00624537467956543,0.0,map,base_link,-0.013524137284976466,-0.007318265617739894,0.0,-0.0025657846482153805
6.592747560000134,1779099290.6505237,1779099290.6505237,0.0,1779099290.6505237,0.0,1779099290.6542602,-0.0037364959716796875,1779099290.6629808,-0.012457132339477539,1779099290.651916,-0.001392364501953125,0.0,map,base_link,-0.008021202192441266,0.005699070218840458,0.0,-0.0044567897407933295
6.637459581999792,1779099290.7005398,1779099290.7005398,0.0,1779099290.7005398,0.0,1779099290.704313,-0.003773212432861328,1779099290.712982,-0.01244211196899414,1779099290.7120311,-0.01149129867553711,0.0,map,base_link,-0.010214160171059097,-0.002794067439933232,0.0,-0.004019062154432256
6.68946224299998,1779099290.750581,1779099290.750581,0.0,1779099290.750581,0.0,1779099290.754288,-0.0037069320678710938,1779099290.7629833,-0.01240229606628418,1779099290.75201,-0.0014290809631347656,0.0,map,base_link,-0.01368296164665195,-0.0006539020684370193,0.0,-0.0025718714017181157
6.742579900999772,1779099290.8005855,1779099290.8005855,0.0,1779099290.8005855,0.0,1779099290.8042164,-0.0036308765411376953,1779099290.8129845,-0.012398958206176758,1779099290.8118825,-0.011296987533569336,0.0,map,base_link,-0.010396183381974,0.007235454654142366,0.0,-0.003934535671429567
6.806965551999383,1779099290.8755848,1779099290.8755848,0.0,1779099290.8755848,0.0,1779099290.8841937,-0.008608818054199219,1779099290.882986,-0.007401227951049805,1779099290.871848,0.003736734390258789,0.0,map,base_link,-0.012038855700199793,-0.0033182807593699886,0.0,-0.00293312505204248
6.8386204499993255,1779099290.9006348,1779099290.9006348,0.0,1779099290.9006348,0.0,1779099290.904228,-0.0035932064056396484,1779099290.9129868,-0.01235198974609375,1779099290.912014,-0.011379241943359375,0.0,map,base_link,-0.011813133883314432,-0.001740195777244935,0.0,-0.002678399900859851
6.892034505999618,1779099290.9505448,1779099290.9505448,0.0,1779099290.9505448,0.0,1779099290.954204,-0.0036592483520507812,1779099290.9629874,-0.012442588806152344,1779099290.9519186,-0.0013737678527832031,0.0,map,base_link,-0.017423887394176954,0.004429088778703814,0.0,-0.0036917631926232557
6.937165860999812,1779099291.0005577,1779099291.0005577,0.0,1779099291.0005577,0.0,1779099291.0041103,-0.003552675247192383,1779099291.0129876,-0.012429952621459961,1779099291.0117965,-0.011238813400268555,0.0,map,base_link,-0.01533966955593617,-0.0030075024122094853,0.0,-0.002500629939572297
6.9892014779998135,1779099291.0505474,1779099291.0505474,0.0,1779099291.0505474,0.0,1779099291.0542033,-0.0036559104919433594,1779099291.0629876,-0.012440204620361328,1779099291.0519514,-0.0014040470123291016,0.0,map,base_link,-0.01272879726140602,-0.0038353829727239648,0.0,-0.002549098405916637
7.042321122999965,1779099291.100546,1779099291.100546,0.0,1779099291.100546,0.0,1779099291.1041272,-0.0035812854766845703,1779099291.1129875,-0.012441635131835938,1779099291.111904,-0.011358022689819336,0.0,map,base_link,-0.01187509966810457,0.0028875016700814216,0.0,-0.0037406639548689118
7.086939779000204,1779099291.150583,1779099291.1505828,2.384185791015625e-07,1779099291.1505828,2.384185791015625e-07,1779099291.1541991,-0.0036160945892333984,1779099291.1629875,-0.012404441833496094,1779099291.1468365,0.003746509552001953,0.0,map,base_link,-0.014366740960098351,0.0011208300441009243,0.0,-0.003919934120904809
7.140379865999421,1779099291.2005477,1779099291.2005477,0.0,1779099291.2005477,0.0,1779099291.2042675,-0.003719806671142578,1779099291.2129874,-0.012439727783203125,1779099291.2120986,-0.0115509033203125,0.0,map,base_link,-0.0079594537802934,-0.0011186517561903191,0.0,-0.0032835447372737006
7.192358086999775,1779099291.2505493,1779099291.2505493,0.0,1779099291.2505493,0.0,1779099291.2542253,-0.0036759376525878906,1779099291.2629876,-0.012438297271728516,1779099291.2519214,-0.0013720989227294922,0.0,map,base_link,-0.014976555951170962,0.0009525634043451561,0.0,-0.0031723050184008584
7.236621162999654,1779099291.3005135,1779099291.3005135,0.0,1779099291.3005135,0.0,1779099291.3042724,-0.0037589073181152344,1779099291.3129876,-0.01247406005859375,1779099291.3118222,-0.011308670043945312,0.0,map,base_link,-0.009766674260343923,0.00048637808275023547,0.0,-0.0038838742161214947
7.288449373999356,1779099291.3505235,1779099291.3505235,0.0,1779099291.3505235,0.0,1779099291.3542178,-0.003694295883178711,1779099291.3629875,-0.012464046478271484,1779099291.3518958,-0.0013723373413085938,0.0,map,base_link,-0.008370445412471108,-0.0038679052697488227,0.0,-0.0032098771413166774
7.341658755000026,1779099291.4005158,1779099291.4005158,0.0,1779099291.4005158,0.0,1779099291.4042857,-0.0037698745727539062,1779099291.4129875,-0.012471675872802734,1779099291.411783,-0.01126718521118164,0.0,map,base_link,-0.006471805217407083,0.00939061320028694,0.0,-0.002913615304047503
7.387160767999376,1779099291.450548,1779099291.4505477,2.384185791015625e-07,1779099291.4505477,2.384185791015625e-07,1779099291.4542804,-0.003732442855834961,1779099291.4629874,-0.012439489364624023,1779099291.4518254,-0.0012774467468261719,0.0,map,base_link,0.02089926382374994,-8.869095258221427e-05,0.0,0.002323905120450206
7.439128047999475,1779099291.5005138,1779099291.5005138,0.0,1779099291.5005138,0.0,1779099291.5042205,-0.003706693649291992,1779099291.5129876,-0.012473821640014648,1779099291.5119278,-0.011414051055908203,0.0,map,base_link,0.041146914902097535,0.0034829162359627137,0.0,0.004366873514949005
7.492862023999805,1779099291.5505137,1779099291.5505137,0.0,1779099291.5505137,0.0,1779099291.5541914,-0.0036776065826416016,1779099291.5629876,-0.012473821640014648,1779099291.5517397,-0.0012259483337402344,0.0,map,base_link,0.07773647518924313,0.0008530222416416268,0.0,0.005630958969816259
7.536440207999476,1779099291.6005793,1779099291.6005795,-2.384185791015625e-07,1779099291.6005795,-2.384185791015625e-07,1779099291.6042135,-0.003634214401245117,1779099291.6129875,-0.012408256530761719,1779099291.6119413,-0.011362075805664062,0.0,map,base_link,0.12175628698376413,-0.005141685455721589,0.0,0.00645437281478335
7.5893343560001085,1779099291.6505735,1779099291.6505735,0.0,1779099291.6505735,0.0,1779099291.6543224,-0.0037488937377929688,1779099291.6629875,-0.012413978576660156,1779099291.651717,-0.0011434555053710938,0.0,map,base_link,0.1429578118727891,0.005317214868898483,0.0,0.008654179125496807
7.6358563550002145,1779099291.7005403,1779099291.7005403,0.0,1779099291.7005403,0.0,1779099291.7142818,-0.013741493225097656,1779099291.7129874,-0.012447118759155273,1779099291.7120168,-0.011476516723632812,0.0,map,base_link,0.1757863558081118,-0.001672590988242753,0.0,0.014827846275704949
7.688098597000135,1779099291.7505167,1779099291.7505167,0.0,1779099291.7505167,0.0,1779099291.7543285,-0.0038118362426757812,1779099291.7629876,-0.01247096061706543,1779099291.7520425,-0.00152587890625,0.0,map,base_link,0.21647634631806725,0.006599871340207542,0.0,0.014390973499216782
7.741727316999459,1779099291.8005464,1779099291.8005464,0.0,1779099291.8005464,0.0,1779099291.8041909,-0.0036444664001464844,1779099291.8129876,-0.012441158294677734,1779099291.8120944,-0.011548042297363281,0.0,map,base_link,8.278655498465397,2.8268619586206705,0.0,-2.892614151831955
7.787566148000224,1779099291.850552,1779099291.850552,0.0,1779099291.850552,0.0,1779099291.8642704,-0.013718366622924805,1779099291.8629875,-0.012435436248779297,1779099291.8518097,-0.0012576580047607422,0.0,map,base_link,8.228114202109976,2.819030235696246,0.0,-2.89550622850717
7.8384945059997335,1779099291.9005396,1779099291.9005396,0.0,1779099291.9005396,0.0,1779099291.904225,-0.003685474395751953,1779099291.9129875,-0.012447834014892578,1779099291.9119508,-0.011411190032958984,0.0,map,base_link,8.186194829071482,2.810138185305241,0.0,-2.8960991417453963
7.891589032999946,1779099291.9505188,1779099291.9505188,0.0,1779099291.9505188,0.0,1779099291.9542935,-0.0037746429443359375,1779099291.9629874,-0.012468576431274414,1779099291.9519157,-0.0013968944549560547,0.0,map,base_link,8.149205558601576,2.805436259344985,0.0,-2.8974530341649976
7.936008120000224,1779099292.0005188,1779099292.0005188,0.0,1779099292.0005188,0.0,1779099292.0042336,-0.0037147998809814453,1779099292.0129876,-0.012468814849853516,1779099292.0117514,-0.011232614517211914,0.0,map,base_link,8.09621357997245,2.789293159682455,0.0,-2.9035311095933998
7.987953521999771,1779099292.050519,1779099292.050519,0.0,1779099292.050519,0.0,1779099292.0543096,-0.003790616989135742,1779099292.0629876,-0.012468576431274414,1779099292.0518842,-0.0013651847839355469,0.0,map,base_link,8.057726202635191,2.7821799444307542,0.0,-2.9054300017680856
8.041294414999356,1779099292.1005735,1779099292.1005735,0.0,1779099292.1005735,0.0,1779099292.11431,-0.013736486434936523,1779099292.1129875,-0.012413978576660156,1779099292.1119726,-0.011399030685424805,0.0,map,base_link,8.024931894545787,2.7772437431516366,0.0,-2.9118721026360643
8.106169709999449,1779099292.1755233,1779099292.1755233,0.0,1779099292.1755233,0.0,1779099292.1842208,-0.008697509765625,1779099292.1829875,-0.007464170455932617,1779099292.1720228,0.0035004615783691406,0.0,map,base_link,7.935696719417489,2.7663711047291337,0.0,-2.9210426246815735
8.136937438999666,1779099292.2005246,1779099292.2005248,-2.384185791015625e-07,1779099292.2005248,-2.384185791015625e-07,1779099292.2042744,-0.003749847412109375,1779099292.2129874,-0.012462854385375977,1779099292.206943,-0.006418466567993164,0.0,map,base_link,7.912651353277775,2.762991215149005,0.0,-2.9222035262727553
8.190942408999945,1779099292.2505236,1779099292.2505236,0.0,1779099292.2505236,0.0,1779099292.2642913,-0.013767719268798828,1779099292.2629876,-0.012464046478271484,1779099292.2518976,-0.0013740062713623047,0.0,map,base_link,7.888618260283692,2.7529800849364694,0.0,-2.9272870119379713
8.256590510000024,1779099292.3255236,1779099292.3255236,0.0,1779099292.3255236,0.0,1779099292.3343108,-0.008787155151367188,1779099292.3329875,-0.007463932037353516,1779099292.3317835,-0.006259918212890625,0.0,map,base_link,7.78482959171322,2.7459453305419013,0.0,-2.9373598225251274
8.287293622000107,1779099292.3505783,1779099292.3505783,0.0,1779099292.3505783,0.0,1779099292.3543327,-0.0037543773651123047,1779099292.3629875,-0.012409210205078125,1779099292.3518481,-0.0012698173522949219,0.0,map,base_link,7.760049554822134,2.742940592970356,0.0,-2.938417251078828
8.341316555999583,1779099292.4005842,1779099292.400584,2.384185791015625e-07,1779099292.400584,2.384185791015625e-07,1779099292.404236,-0.003651857376098633,1779099292.4129875,-0.012403249740600586,1779099292.4120407,-0.011456489562988281,0.0,map,base_link,7.766132840170268,2.739387931389986,0.0,-2.9457460959142416
8.416708838999511,1779099292.4755292,1779099292.4755292,0.0,1779099292.4755292,0.0,1779099292.4842255,-0.008696317672729492,1779099292.4929876,-0.017458438873291016,1779099292.4917846,-0.01625537872314453,0.0,map,base_link,7.633715795489784,2.7200054338396726,0.0,-2.9610782852690742
8.439841548000004,1779099292.5005229,1779099292.5005229,0.0,1779099292.5005229,0.0,1779099292.504235,-0.003712177276611328,1779099292.5129876,-0.012464761734008789,1779099292.511933,-0.011410236358642578,0.0,map,base_link,7.608941881861391,2.7180166135042816,0.0,-2.971394087814691
8.50417169299999,1779099292.5755203,1779099292.5755205,-2.384185791015625e-07,1779099292.5755205,-2.384185791015625e-07,1779099292.5542307,0.021289587020874023,1779099292.5729876,0.0025327205657958984,1779099292.5718255,0.003694772720336914,0.0,map,base_link,7.571684605176716,2.7313701383551217,0.0,-2.9816439072696275
8.537432412999806,1779099292.6005206,1779099292.6005206,0.0,1779099292.6005206,0.0,1779099292.614239,-0.013718366622924805,1779099292.6129875,-0.012466907501220703,1779099292.6118155,-0.011294841766357422,0.0,map,base_link,7.553448607636734,2.7262086004255397,0.0,-2.992486208209134
8.589750682000158,1779099292.6505127,1779099292.6505127,0.0,1779099292.6505127,0.0,1779099292.654231,-0.0037183761596679688,1779099292.6629875,-0.012474775314331055,1779099292.6518395,-0.0013267993927001953,0.0,map,base_link,7.424696841255823,2.7096767837862035,0.0,-3.0009627237587755
8.654943476999506,1779099292.7255301,1779099292.7255301,0.0,1779099292.7255301,0.0,1779099292.7295406,-0.004010438919067383,1779099292.7229877,0.0025424957275390625,1779099292.7268085,-0.0012784004211425781,0.0,map,base_link,7.419619933761999,2.7191063315731565,0.0,-3.0224471064305227
8.693614271000115,1779099292.7505376,1779099292.7505376,0.0,1779099292.7505376,0.0,1779099292.7642484,-0.013710737228393555,1779099292.7629876,-0.012449979782104492,1779099292.751798,-0.0012602806091308594,0.0,map,base_link,7.391755441359678,2.7244833969873175,0.0,-3.068342942412406
8.765049959999487,1779099292.825569,1779099292.825569,0.0,1779099292.825569,0.0,1779099292.8342617,-0.008692741394042969,1779099292.8329875,-0.007418632507324219,1779099292.8320122,-0.0064432621002197266,0.0,map,base_link,7.320480028627276,2.724587409889654,0.0,-3.0720896899657544
8.786691581999548,1779099292.8505633,1779099292.8505633,0.0,1779099292.8505633,0.0,1779099292.8542173,-0.003654003143310547,1779099292.8629875,-0.012424230575561523,1779099292.8520272,-0.0014638900756835938,0.0,map,base_link,7.327177935141725,2.729764936049373,0.0,-3.0766057283803616
8.84023839099973,1779099292.9005585,1779099292.9005585,0.0,1779099292.9005585,0.0,1779099292.9142194,-0.013660907745361328,1779099292.9129875,-0.012428998947143555,1779099292.9119422,-0.011383771896362305,0.0,map,base_link,7.246920121515507,2.7304303088501745,0.0,-3.094356658608635
8.915449523999996,1779099292.975537,1779099292.975537,0.0,1779099292.975537,0.0,1779099292.9842348,-0.008697748184204102,1779099292.9829876,-0.007450580596923828,1779099292.9919758,-0.016438722610473633,0.0,map,base_link,7.177677722921115,2.7365844730552955,0.0,-3.118564321550845
8.937640385999657,1779099293.0005333,1779099293.0005333,0.0,1779099293.0005333,0.0,1779099293.0042305,-0.0036971569061279297,1779099293.0129876,-0.01245427131652832,1779099293.0119002,-0.011366844177246094,0.0,map,base_link,7.176187464117879,2.7448775804988093,0.0,-3.1255961726705834
8.991613829999551,1779099293.0505676,1779099293.0505674,2.384185791015625e-07,1779099293.0505674,2.384185791015625e-07,1779099293.0642457,-0.01367807388305664,1779099293.0629876,-0.012419939041137695,1779099293.0520704,-0.0015027523040771484,0.0,map,base_link,7.110366555805001,2.747051528798174,0.0,3.1405915086413456
9.06601916999989,1779099293.1255288,1779099293.1255288,0.0,1779099293.1255288,0.0,1779099293.134229,-0.008700132369995117,1779099293.1429875,-0.017458677291870117,1779099293.1319568,-0.0064280033111572266,0.0,map,base_link,7.0282455417562,2.7589185766593567,0.0,3.123968220069584
9.087966606000009,1779099293.1505814,1779099293.1505816,-2.384185791015625e-07,1779099293.1505816,-2.384185791015625e-07,1779099293.1642296,-0.013648271560668945,1779099293.1629875,-0.012406110763549805,1779099293.1468713,0.003710031509399414,0.0,map,base_link,7.035681241366113,2.7648092330293164,0.0,3.1151284954632987
9.14181128600012,1779099293.2005541,1779099293.2005541,0.0,1779099293.2005541,0.0,1779099293.2142587,-0.013704538345336914,1779099293.2129874,-0.012433290481567383,1779099293.2117345,-0.011180400848388672,0.0,map,base_link,6.995198235942215,2.76308053299525,0.0,3.097077284540122
9.205824052000025,1779099293.2755344,1779099293.2755344,0.0,1779099293.2755344,0.0,1779099293.2842522,-0.008717775344848633,1779099293.2729876,0.0025467872619628906,1779099293.2719185,0.003615856170654297,0.0,map,base_link,6.907683408421287,2.7701653565989948,0.0,3.0794782015906854
9.237547052999616,1779099293.3005455,1779099293.3005455,0.0,1779099293.3005455,0.0,1779099293.3142536,-0.013708114624023438,1779099293.3129876,-0.01244211196899414,1779099293.311835,-0.011289596557617188,0.0,map,base_link,6.900834435579528,2.7842046272292658,0.0,3.0714256377776143
9.291439924999395,1779099293.35054,1779099293.3505397,2.384185791015625e-07,1779099293.3505397,2.384185791015625e-07,1779099293.3642426,-0.013702630996704102,1779099293.3629875,-0.012447595596313477,1779099293.3520644,-0.0015244483947753906,0.0,map,base_link,6.852104863890464,2.795272595292967,0.0,3.0550323547926923
9.35659387799933,1779099293.4255521,1779099293.4255521,0.0,1779099293.4255521,0.0,1779099293.4342337,-0.008681535720825195,1779099293.4329875,-0.007435321807861328,1779099293.4318411,-0.006289005279541016,0.0,map,base_link,6.767221997980982,2.8151994132116887,0.0,3.0301415448142563
9.388228314000116,1779099293.450531,1779099293.450531,0.0,1779099293.450531,0.0,1779099293.4642534,-0.013722419738769531,1779099293.4629874,-0.012456417083740234,1779099293.4520657,-0.0015347003936767578,0.0,map,base_link,6.804186576419382,2.809163181278234,0.0,3.023474281409697
9.443319476999932,1779099293.500572,1779099293.500572,0.0,1779099293.500572,0.0,1779099293.5142744,-0.013702392578125,1779099293.5129876,-0.012415647506713867,1779099293.5118866,-0.011314630508422852,0.0,map,base_link,6.7165670113789355,2.8321083906906703,0.0,2.9980390171360667
9.517186375000165,1779099293.5755372,1779099293.5755372,0.0,1779099293.5755372,0.0,1779099293.584223,-0.008685827255249023,1779099293.5929875,-0.017450332641601562,1779099293.5920792,-0.01654195785522461,0.0,map,base_link,6.627320204683656,2.857099945432691,0.0,2.979414874093453
9.540545703000134,1779099293.600539,1779099293.600539,0.0,1779099293.600539,0.0,1779099293.6143472,-0.013808250427246094,1779099293.6129875,-0.012448549270629883,1779099293.6118875,-0.011348485946655273,0.0,map,base_link,6.66399481038403,2.8590201022647355,0.0,2.9655279829471626
9.58553621899955,1779099293.6505473,1779099293.6505473,0.0,1779099293.6505473,0.0,1779099293.6643348,-0.013787508010864258,1779099293.6529875,-0.002440214157104492,1779099293.651892,-0.0013446807861328125,0.0,map,base_link,6.583786105414196,2.8752545149934985,0.0,2.9402913878077794
9.638592633999906,1779099293.7005465,1779099293.7005465,0.0,1779099293.7005465,0.0,1779099293.7142687,-0.01372218132019043,1779099293.7129874,-0.012440919876098633,1779099293.7116773,-0.011130809783935547,0.0,map,base_link,6.5473993629342875,2.89386666572409,0.0,2.931419611898368
9.692028876000222,1779099293.7505362,1779099293.7505362,0.0,1779099293.7505362,0.0,1779099293.764246,-0.013709783554077148,1779099293.7629876,-0.012451410293579102,1779099293.7518318,-0.0012955665588378906,0.0,map,base_link,6.518676800926288,2.9109135220430646,0.0,2.915982601411461
9.735937737999848,1779099293.8005679,1779099293.8005679,0.0,1779099293.8005679,0.0,1779099293.8142626,-0.01369476318359375,1779099293.8129876,-0.012419700622558594,1779099293.8119152,-0.011347293853759766,0.0,map,base_link,6.441869829052051,2.920701524632718,0.0,2.9009099925104405
9.788403696999922,1779099293.8505611,1779099293.8505611,0.0,1779099293.8505611,0.0,1779099293.8642418,-0.013680696487426758,1779099293.8629875,-0.012426376342773438,1779099293.852082,-0.0015208721160888672,0.0,map,base_link,6.417697913056166,2.9350759482061406,0.0,2.89523389921111
9.867587878999984,1779099293.9255645,1779099293.9255645,0.0,1779099293.9255645,0.0,1779099293.9343102,-0.008745670318603516,1779099293.9429874,-0.017422914505004883,1779099293.9318438,-0.0062792301177978516,0.0,map,base_link,6.341711215488384,2.958544228688332,0.0,2.8675104452607325
9.889358051999807,1779099293.9505532,1779099293.9505534,-2.384185791015625e-07,1779099293.9505534,-2.384185791015625e-07,1779099293.9643204,-0.013767242431640625,1779099293.9629874,-0.012434244155883789,1779099293.9520211,-0.0014679431915283203,0.0,map,base_link,6.336218671714491,2.9658539028197266,0.0,2.863100306222988
9.94221585699961,1779099294.0004947,1779099294.0004947,0.0,1779099294.0004947,0.0,1779099294.0143971,-0.013902425765991211,1779099294.0129876,-0.012492895126342773,1779099294.0119083,-0.01141357421875,0.0,map,base_link,6.300753929074492,2.9954397201856136,0.0,2.8591793783147086
9.986186114999327,1779099294.0505335,1779099294.0505335,0.0,1779099294.0505335,0.0,1779099294.0643897,-0.013856172561645508,1779099294.0629876,-0.012454032897949219,1779099294.0520144,-0.0014808177947998047,0.0,map,base_link,6.251749579935323,3.0031713112897602,0.0,2.8539973618965444
10.04060667199974,1779099294.1005027,1779099294.1005027,0.0,1779099294.1005027,0.0,1779099294.1143265,-0.013823747634887695,1779099294.1129875,-0.01248478889465332,1779099294.1119137,-0.011410951614379883,0.0,map,base_link,6.199336607497607,3.0040160061391887,0.0,2.84376590498442
10.085892019999847,1779099294.1505542,1779099294.1505544,-2.384185791015625e-07,1779099294.1505544,-2.384185791015625e-07,1779099294.1643655,-0.013811349868774414,1779099294.1629875,-0.012433290481567383,1779099294.1520426,-0.0014884471893310547,0.0,map,base_link,6.165204555242017,3.031732610375272,0.0,2.8345241356686697
10.138126181000189,1779099294.2005324,1779099294.2005324,0.0,1779099294.2005324,0.0,1779099294.2143395,-0.013807058334350586,1779099294.2129874,-0.012454986572265625,1779099294.212001,-0.011468648910522461,0.0,map,base_link,6.113725270857974,3.0532064722384473,0.0,2.8318978862966686
10.191684585000075,1779099294.2506478,1779099294.2506478,0.0,1779099294.2506478,0.0,1779099294.2643704,-0.013722658157348633,1779099294.2629876,-0.01233983039855957,1779099294.2519696,-0.0013217926025390625,0.0,map,base_link,6.069559196867949,3.059113356779038,0.0,2.8229735678068644
10.266223249999712,1779099294.3255844,1779099294.3255844,0.0,1779099294.3255844,0.0,1779099294.334383,-0.008798599243164062,1779099294.3429875,-0.017403125762939453,1779099294.3318188,-0.006234407424926758,0.0,map,base_link,6.017716316856088,3.0941031372788457,0.0,2.81842517556589
10.288122745999317,1779099294.350553,1779099294.350553,0.0,1779099294.350553,0.0,1779099294.3617573,-0.011204242706298828,1779099294.3629875,-0.01243448257446289,1779099294.3519187,-0.00136566162109375,0.0,map,base_link,6.005792745968415,3.1017283968092926,0.0,2.815491168676928
10.342965678999462,1779099294.4005806,1779099294.4005806,0.0,1779099294.4005806,0.0,1779099294.4143748,-0.013794183731079102,1779099294.4129875,-0.01240682601928711,1779099294.4121149,-0.01153421401977539,0.0,map,base_link,5.940197579419868,3.112463735482326,0.0,2.8060675012467686
10.417390954999973,1779099294.4755313,1779099294.4755313,0.0,1779099294.4755313,0.0,1779099294.484314,-0.008782625198364258,1779099294.4929876,-0.0174562931060791,1779099294.4919431,-0.016411781311035156,0.0,map,base_link,5.88633055087473,3.14543001387298,0.0,2.8018399006276864
10.440051872999902,1779099294.5005584,1779099294.5005586,-2.384185791015625e-07,1779099294.5005586,-2.384185791015625e-07,1779099294.514359,-0.013800621032714844,1779099294.5129876,-0.012429237365722656,1779099294.5119443,-0.011385917663574219,0.0,map,base_link,5.864502077375938,3.148702376209532,0.0,2.797368381900256
10.49218976999964,1779099294.5505435,1779099294.5505435,0.0,1779099294.5505435,0.0,1779099294.5644064,-0.013862848281860352,1779099294.5629876,-0.012444019317626953,1779099294.552113,-0.001569509506225586,0.0,map,base_link,5.830041704132418,3.163234859263755,0.0,2.794621183828217
10.535845648999384,1779099294.600537,1779099294.600537,0.0,1779099294.600537,0.0,1779099294.6144009,-0.013863801956176758,1779099294.6029875,-0.0024504661560058594,1779099294.612101,-0.011564016342163086,0.0,map,base_link,5.785642457456245,3.1844454849211674,0.0,2.788459452647964
10.59980663999977,1779099294.6755316,1779099294.6755316,0.0,1779099294.6755316,0.0,1779099294.6643841,0.011147499084472656,1779099294.6729875,0.0025441646575927734,1779099294.6720412,0.003490447998046875,0.0,map,base_link,5.719745077864449,3.206434783204863,0.0,2.7847301151958663
10.63587895099954,1779099294.7005508,1779099294.7005508,0.0,1779099294.7005508,0.0,1779099294.7143767,-0.01382589340209961,1779099294.7029874,-0.0024366378784179688,1779099294.7121005,-0.011549711227416992,0.0,map,base_link,5.699548111914833,3.2165138861089178,0.0,2.7734633714887016
10.689131381999687,1779099294.7505434,1779099294.7505434,0.0,1779099294.7505434,0.0,1779099294.7643983,-0.01385498046875,1779099294.7629876,-0.012444257736206055,1779099294.7518878,-0.001344442367553711,0.0,map,base_link,5.6549248335350395,3.2314060953045285,0.0,2.7698992636153097
10.751877975999378,1779099294.825533,1779099294.825533,0.0,1779099294.825533,0.0,1779099294.8142836,0.011249303817749023,1779099294.8229876,0.0025453567504882812,1779099294.81201,0.013522863388061523,0.0,map,base_link,5.58928877816605,3.275311511955005,0.0,2.7700150140372335
10.786520507000205,1779099294.8505692,1779099294.850569,2.384185791015625e-07,1779099294.850569,2.384185791015625e-07,1779099294.8642883,-0.01371908187866211,1779099294.8629875,-0.012418270111083984,1779099294.8520725,-0.0015032291412353516,0.0,map,base_link,5.578386475781199,3.266496298328817,0.0,2.7630430912442057
10.838717470999654,1779099294.900529,1779099294.900529,0.0,1779099294.900529,0.0,1779099294.914197,-0.013668060302734375,1779099294.9129875,-0.012458562850952148,1779099294.911865,-0.011336088180541992,0.0,map,base_link,5.537242258284463,3.280021088191692,0.0,2.759015353548914
10.901998854999874,1779099294.975548,1779099294.975548,0.0,1779099294.975548,0.0,1779099294.964281,0.011266946792602539,1779099294.9729877,0.0025603771209716797,1779099294.9717536,0.003794431686401367,0.0,map,base_link,5.473374981573849,3.3023127339861307,0.0,2.7574088355815305
10.947045987999445,1779099295.0005705,1779099295.0005705,0.0,1779099295.0005705,0.0,1779099295.0142834,-0.013712882995605469,1779099295.0229876,-0.022417068481445312,1779099295.0117733,-0.011202812194824219,0.0,map,base_link,5.4671203785767055,3.3103045091407646,0.0,2.7510334973706185
10.989000695999493,1779099295.0505478,1779099295.0505476,2.384185791015625e-07,1779099295.0505476,2.384185791015625e-07,1779099295.0642948,-0.013746976852416992,1779099295.0629876,-0.012439727783203125,1779099295.0520298,-0.0014820098876953125,0.0,map,base_link,5.428237377665035,3.3225299512646957,0.0,2.752347716652536
11.052656281999589,1779099295.1255703,1779099295.1255703,0.0,1779099295.1255703,0.0,1779099295.1142845,0.011285781860351562,1779099295.1229875,0.0025827884674072266,1779099295.112083,0.01348733901977539,0.0,map,base_link,5.375428833005273,3.3482454953669816,0.0,2.752006636761388
11.09564068399959,1779099295.150536,1779099295.150536,0.0,1779099295.150536,0.0,1779099295.1642804,-0.013744354248046875,1779099295.1629875,-0.012451410293579102,1779099295.1721268,-0.021590709686279297,0.0,map,base_link,5.361747903031249,3.3525763324768385,0.0,2.7524763939243853
11.149311725000189,1779099295.2255359,1779099295.2255359,0.0,1779099295.2255359,0.0,1779099295.2142968,0.011239051818847656,1779099295.2229877,0.0025482177734375,1779099295.2118886,0.013647317886352539,0.0,map,base_link,5.321046812561518,3.363115774404678,0.0,2.7630974019146097
11.202483195999775,1779099295.275486,1779099295.275486,0.0,1779099295.275486,0.0,1779099295.2642767,0.011209249496459961,1779099295.2729876,0.0024983882904052734,1779099295.2720156,0.0034704208374023438,0.0,map,base_link,5.283073584633835,3.3784536276625916,0.0,2.770386495871029
11.246123947999877,1779099295.30055,1779099295.30055,0.0,1779099295.30055,0.0,1779099295.314301,-0.013751029968261719,1779099295.3229876,-0.022437572479248047,1779099295.3121066,-0.011556625366210938,0.0,map,base_link,5.270271673852514,3.3736581510181045,0.0,2.782159699266854
11.299679660000038,1779099295.3755534,1779099295.3755534,0.0,1779099295.3755534,0.0,1779099295.3642814,0.011271953582763672,1779099295.3729875,0.0025658607482910156,1779099295.3719923,0.0035610198974609375,0.0,map,base_link,5.228027358689345,3.3954900616525263,0.0,2.789819605182203
11.366754407999906,1779099295.4254832,1779099295.4254832,0.0,1779099295.4254832,0.0,1779099295.4442954,-0.018812179565429688,1779099295.4429874,-0.017504215240478516,1779099295.4319346,-0.00645136833190918,0.0,map,base_link,5.1974823178740515,3.397715659659361,0.0,2.8082117954254273
11.397273771999608,1779099295.4505413,1779099295.4505413,0.0,1779099295.4505413,0.0,1779099295.4642568,-0.013715505599975586,1779099295.4729877,-0.022446393966674805,1779099295.471909,-0.021367788314819336,0.0,map,base_link,5.18259291034653,3.4016882055499704,0.0,2.8088403968870765
11.451698324000063,1779099295.5255456,1779099295.5255456,0.0,1779099295.5255456,0.0,1779099295.5142815,0.01126408576965332,1779099295.5229876,0.002557992935180664,1779099295.511774,0.013771533966064453,0.0,map,base_link,5.133794069206944,3.423378744830796,0.0,2.819443813103289
11.496390696999697,1779099295.5505397,1779099295.5505397,0.0,1779099295.5505397,0.0,1779099295.5643015,-0.013761758804321289,1779099295.5729876,-0.022447824478149414,1779099295.5717916,-0.021251916885375977,0.0,map,base_link,5.136693938512834,3.4105847287368523,0.0,2.8371789619113224
11.549133480999444,1779099295.6255734,1779099295.6255734,0.0,1779099295.6255734,0.0,1779099295.6143248,0.011248588562011719,1779099295.6229875,0.002585887908935547,1779099295.6117268,0.013846635818481445,0.0,map,base_link,5.097503581771585,3.4247137607243903,0.0,2.841956365172242
11.592756354999437,1779099295.6504695,1779099295.6504695,0.0,1779099295.6504695,0.0,1779099295.6642985,-0.01382899284362793,1779099295.6629875,-0.012517929077148438,1779099295.6518,-0.0013303756713867188,0.0,map,base_link,5.0766748270611615,3.4282627008974047,0.0,2.8533361798478682
11.64643128699936,1779099295.7004645,1779099295.7004645,0.0,1779099295.7004645,0.0,1779099295.7143128,-0.013848304748535156,1779099295.7229877,-0.022523164749145508,1779099295.7117007,-0.011236190795898438,0.0,map,base_link,5.059041139028756,3.4302760353507433,0.0,2.8625203841504945
11.699854366999716,1779099295.775531,1779099295.775531,0.0,1779099295.775531,0.0,1779099295.7643037,0.01122736930847168,1779099295.7729876,0.0025434494018554688,1779099295.7717466,0.0037844181060791016,0.0,map,base_link,5.043391898979049,3.429441619071033,0.0,2.871862530449758
11.74355369299974,1779099295.800465,1779099295.800465,0.0,1779099295.800465,0.0,1779099295.8142982,-0.013833045959472656,1779099295.8129876,-0.012522459030151367,1779099295.8068473,-0.0063822269439697266,0.0,map,base_link,5.035600486669554,3.433210039798014,0.0,2.879070464840169
11.796777521999502,1779099295.8504677,1779099295.8504677,0.0,1779099295.8504677,0.0,1779099295.8642998,-0.01383209228515625,1779099295.8729875,-0.022519826889038086,1779099295.8716998,-0.021232128143310547,0.0,map,base_link,5.0315323944700125,3.433173326637092,0.0,2.883886865294218
11.849441888999536,1779099295.9255426,1779099295.9255426,0.0,1779099295.9255426,0.0,1779099295.9142952,0.011247396469116211,1779099295.9229875,0.0025551319122314453,1779099295.9116766,0.013865947723388672,0.0,map,base_link,5.028216319901597,3.437919205335376,0.0,2.886358702625517
11.892795007999666,1779099295.9504654,1779099295.9504654,0.0,1779099295.9504654,0.0,1779099295.9643257,-0.013860225677490234,1779099295.9629874,-0.012521982192993164,1779099295.9517224,-0.0012569427490234375,0.0,map,base_link,5.016790088692364,3.4419044963350873,0.0,2.8894869941797037
11.945335968000109,1779099296.0005426,1779099296.0005424,2.384185791015625e-07,1779099296.0005424,2.384185791015625e-07,1779099296.0143578,-0.013815164566040039,1779099296.0129876,-0.01244497299194336,1779099296.0115871,-0.011044502258300781,0.0,map,base_link,5.012173633476162,3.4350050465052435,0.0,2.891616110895285
11.9988967219997,1779099296.0754807,1779099296.0754807,0.0,1779099296.0754807,0.0,1779099296.0642564,0.01122426986694336,1779099296.0729876,0.002493143081665039,1779099296.0717292,0.003751516342163086,0.0,map,base_link,5.00646430263145,3.437556312062139,0.0,2.8928183559085343
12.05296614100007,1779099296.125561,1779099296.125561,0.0,1779099296.125561,0.0,1779099296.1143098,0.011251211166381836,1779099296.1229875,0.0025734901428222656,1779099296.111586,0.013974905014038086,0.0,map,base_link,5.000699642173714,3.430025678983037,0.0,2.893504564543077
12.097213758999715,1779099296.1505418,1779099296.1505418,0.0,1779099296.1505418,0.0,1779099296.164277,-0.013735294342041016,1779099296.1729875,-0.0224456787109375,1779099296.17178,-0.021238327026367188,0.0,map,base_link,5.004474994942178,3.4440450755791514,0.0,2.8940666875186545
12.151246501999594,1779099296.2255466,1779099296.2255466,0.0,1779099296.2255466,0.0,1779099296.214325,0.011221647262573242,1779099296.2229877,0.0025589466094970703,1779099296.2116761,0.013870477676391602,0.0,map,base_link,5.0039701367495315,3.4419130174219394,0.0,2.893951593469404
12.194597388999682,1779099296.2505474,1779099296.2505474,0.0,1779099296.2505474,0.0,1779099296.2642305,-0.013683080673217773,1779099296.2629876,-0.012440204620361328,1779099296.2717679,-0.02122044563293457,0.0,map,base_link,5.00621644855469,3.4460542142176998,0.0,2.892783370044783
12.248716697999953,1779099296.3255558,1779099296.3255558,0.0,1779099296.3255558,0.0,1779099296.3142986,0.011257171630859375,1779099296.3229876,0.0025682449340820312,1779099296.3115683,0.013987541198730469,0.0,map,base_link,5.007107259405208,3.4424551814898976,0.0,2.8931182076553124
12.302737766999599,1779099296.375467,1779099296.375467,0.0,1779099296.375467,0.0,1779099296.3642669,0.011200189590454102,1779099296.3729875,0.00247955322265625,1779099296.3718266,0.003640413284301758,0.0,map,base_link,5.006173250788328,3.4413323398018782,0.0,2.892486405074342
12.346510913999737,1779099296.4005895,1779099296.4005895,0.0,1779099296.4005895,0.0,1779099296.4143503,-0.013760805130004883,1779099296.4229875,-0.022397994995117188,1779099296.411738,-0.011148452758789062,0.0,map,base_link,5.006583632048606,3.440621446774201,0.0,2.8922838095060106
12.400375776999681,1779099296.4755485,1779099296.4755485,0.0,1779099296.4755485,0.0,1779099296.4743245,0.0012240409851074219,1779099296.4729877,0.002560853958129883,1779099296.4715967,0.0039517879486083984,0.0,map,base_link,5.005815296555311,3.4392971378964714,0.0,2.8922988863688963
12.444684264999523,1779099296.5005555,1779099296.5005555,0.0,1779099296.5005555,0.0,1779099296.5142503,-0.01369476318359375,1779099296.5129876,-0.012432098388671875,1779099296.5117686,-0.011213064193725586,0.0,map,base_link,5.00780964389436,3.444738384043516,0.0,2.892877476429386
12.498800202999519,1779099296.5755627,1779099296.5755627,0.0,1779099296.5755627,0.0,1779099296.564325,0.011237621307373047,1779099296.5729876,0.0025751590728759766,1779099296.5718756,0.003687143325805664,0.0,map,base_link,5.007496620091583,3.443052627778564,0.0,2.892858104552866
12.552527783000187,1779099296.6255198,1779099296.6255198,0.0,1779099296.6255198,0.0,1779099296.6143644,0.011155366897583008,1779099296.6229875,0.0025322437286376953,1779099296.6119702,0.013549566268920898,0.0,map,base_link,5.006124844276004,3.438150352825871,0.0,2.8928241140027198
12.597327821999897,1779099296.6504712,1779099296.6504712,0.0,1779099296.6504712,0.0,1779099296.6643503,-0.013879060745239258,1779099296.6729875,-0.022516250610351562,1779099296.6718364,-0.02136516571044922,0.0,map,base_link,5.008235035452627,3.443924696408408,0.0,2.8933700081564373
12.649399645999438,1779099296.7255428,1779099296.7255428,0.0,1779099296.7255428,0.0,1779099296.7143445,0.011198282241821289,1779099296.7229877,0.0025551319122314453,1779099296.7118936,0.013649225234985352,0.0,map,base_link,5.006577592490553,3.4395924422127075,0.0,2.8922794930324116
12.693181244999323,1779099296.750466,1779099296.750466,0.0,1779099296.750466,0.0,1779099296.764338,-0.013871908187866211,1779099296.7629876,-0.012521505355834961,1779099296.7519667,-0.0015006065368652344,0.0,map,base_link,5.005525545341799,3.439815485676202,0.0,2.8931954583743766
12.746501687000091,1779099296.8004718,1779099296.8004718,0.0,1779099296.8004718,0.0,1779099296.814325,-0.013853311538696289,1779099296.8229876,-0.02251577377319336,1779099296.8118892,-0.011417388916015625,0.0,map,base_link,5.005921096392774,3.4423185359576514,0.0,2.8931692126003856
12.800136263999775,1779099296.8755422,1779099296.8755422,0.0,1779099296.8755422,0.0,1779099296.8743281,0.0012140274047851562,1779099296.8729875,0.002554655075073242,1779099296.8718243,0.0037178993225097656,0.0,map,base_link,5.004572211095185,3.440647185189025,0.0,2.8935948638985693
12.844149832999392,1779099296.9004724,1779099296.9004724,0.0,1779099296.9004724,0.0,1779099296.9143314,-0.013859033584594727,1779099296.9129875,-0.012515068054199219,1779099296.911827,-0.011354684829711914,0.0,map,base_link,5.001210463945847,3.4407725460298835,0.0,2.893749752912605
12.897996984000201,1779099296.9755461,1779099296.9504678,0.025078296661376953,1779099296.9504678,0.025078296661376953,1779099296.9643178,0.011228322982788086,1779099296.9729877,0.002558469772338867,1779099296.9720798,0.003466367721557617,0.0,map,base_link,4.996843313017774,3.445429625840549,0.0,2.8955763177407965
12.951983860999462,1779099297.0255892,1779099297.0255892,0.0,1779099297.0255892,0.0,1779099297.0242496,0.0013396739959716797,1779099297.0229876,0.00260162353515625,1779099297.0121078,0.013481378555297852,0.0,map,base_link,4.961801202094815,3.44969004020568,0.0,2.896742713357092
12.995672130999992,1779099297.0504746,1779099297.0504746,0.0,1779099297.0504746,0.0,1779099297.0643384,-0.013863801956176758,1779099297.0629876,-0.012512922286987305,1779099297.0720222,-0.021547555923461914,0.0,map,base_link,4.947179974622711,3.462556551717203,0.0,2.8984032950379475
13.049427277000177,1779099297.1255438,1779099297.1255438,0.0,1779099297.1255438,0.0,1779099297.1243458,0.0011980533599853516,1779099297.1229875,0.002556324005126953,1779099297.111692,0.01385188102722168,0.0,map,base_link,4.909531717150495,3.468566606170152,0.0,2.899713591147222
13.09455822000018,1779099297.1504653,1779099297.1504653,0.0,1779099297.1504653,0.0,1779099297.17425,-0.023784637451171875,1779099297.1629875,-0.012522220611572266,1779099297.1720085,-0.021543264389038086,0.0,map,base_link,4.891059081543489,3.4697839696983834,0.0,2.9023323151097467
13.148126965999836,1779099297.22555,1779099297.22555,0.0,1779099297.22555,0.0,1779099297.2142537,0.011296272277832031,1779099297.2229877,0.002562284469604492,1779099297.2116618,0.013888120651245117,0.0,map,base_link,4.857272052291904,3.477403293731278,0.0,2.903367704808604
13.201264161999461,1779099297.2755482,1779099297.2755482,0.0,1779099297.2755482,0.0,1779099297.274341,0.001207113265991211,1779099297.2729876,0.0025606155395507812,1779099297.2668376,0.008710622787475586,0.0,map,base_link,4.835854941578292,3.4828171183309324,0.0,2.9042519783187846
13.24554523400002,1779099297.3005383,1779099297.3005383,0.0,1779099297.3005383,0.0,1779099297.3244367,-0.02389836311340332,1779099297.3129876,-0.012449264526367188,1779099297.3121405,-0.011602163314819336,0.0,map,base_link,4.816523677982623,3.491264070868545,0.0,2.906382461723483
13.30045804600013,1779099297.3755405,1779099297.3755405,0.0,1779099297.3755405,0.0,1779099297.3744411,0.0010993480682373047,1779099297.3729875,0.0025529861450195312,1779099297.371901,0.0036394596099853516,0.0,map,base_link,4.776908628327469,3.4912941552163534,0.0,2.913555107600135
13.343075388000216,1779099297.4005563,1779099297.4005563,0.0,1779099297.4005563,0.0,1779099297.394425,0.006131410598754883,1779099297.4129875,-0.012431144714355469,1779099297.4118555,-0.01129913330078125,0.0,map,base_link,4.7613654010996935,3.496604313993486,0.0,2.914963188485509
13.398414616999617,1779099297.475528,1779099297.475528,0.0,1779099297.475528,0.0,1779099297.4744492,0.0010788440704345703,1779099297.4729877,0.0025403499603271484,1779099297.4721768,0.0033512115478515625,0.0,map,base_link,4.722962407641239,3.510486375912223,0.0,2.917246823384048
13.450951346999318,1779099297.5255356,1779099297.5255356,0.0,1779099297.5255356,0.0,1779099297.524346,0.0011894702911376953,1779099297.5229876,0.0025479793548583984,1779099297.5119462,0.01358938217163086,0.0,map,base_link,4.701766837626755,3.5159110494192967,0.0,2.91749570149869
13.494820496999637,1779099297.550639,1779099297.550639,0.0,1779099297.550639,0.0,1779099297.5743494,-0.02371048927307129,1779099297.5629876,-0.012348651885986328,1779099297.571908,-0.02126908302307129,0.0,map,base_link,4.680677418605102,3.510574665782811,0.0,2.918472186278767
13.549111344999801,1779099297.6254725,1779099297.6254725,0.0,1779099297.6254725,0.0,1779099297.6243665,0.0011060237884521484,1779099297.6229875,0.002485036849975586,1779099297.61166,0.013812541961669922,0.0,map,base_link,4.655327136819398,3.529385723294092,0.0,2.9219612709071594
13.594328121000217,1779099297.6504638,1779099297.6504638,0.0,1779099297.6504638,0.0,1779099297.644282,0.0061817169189453125,1779099297.6629875,-0.012523651123046875,1779099297.6518188,-0.0013549327850341797,0.0,map,base_link,4.630323414793601,3.5339946745813555,0.0,2.916434586232465
13.648910588000035,1779099297.725551,1779099297.725551,0.0,1779099297.725551,0.0,1779099297.7143745,0.011176347732543945,1779099297.7229877,0.0025632381439208984,1779099297.7117484,0.013802528381347656,0.0,map,base_link,4.6017531853970945,3.551906834205416,0.0,2.9091182482096056
13.693229643999985,1779099297.7506359,1779099297.7506359,0.0,1779099297.7506359,0.0,1779099297.7444134,0.00622248649597168,1779099297.7629876,-0.012351751327514648,1779099297.751809,-0.0011730194091796875,0.0,map,base_link,4.581954327746209,3.553088405647991,0.0,2.9003433213544514
13.750112349999654,1779099297.8256035,1779099297.8256035,0.0,1779099297.8256035,0.0,1779099297.8244584,0.0011451244354248047,1779099297.8229876,0.0026159286499023438,1779099297.8119254,0.01367807388305664,0.0,map,base_link,4.54453305114709,3.572781221696577,0.0,2.886290015744074
13.793035865999627,1779099297.8505428,1779099297.8505428,0.0,1779099297.8505428,0.0,1779099297.8443754,0.006167411804199219,1779099297.8629875,-0.012444734573364258,1779099297.8517847,-0.001241922378540039,0.0,map,base_link,4.541700902516155,3.5614384521528786,0.0,2.8797626073830394
13.850615452000056,1779099297.925608,1779099297.925608,0.0,1779099297.925608,0.0,1779099297.9244525,0.0011553764343261719,1779099297.9229875,0.0026204586029052734,1779099297.911741,0.013866901397705078,0.0,map,base_link,4.524312388998904,3.581581142084768,0.0,2.863519238505416
13.893229489999612,1779099297.9504778,1779099297.9504778,0.0,1779099297.9504778,0.0,1779099297.9443848,0.006093025207519531,1779099297.9629874,-0.012509584426879883,1779099297.9517503,-0.001272439956665039,0.0,map,base_link,4.509680801890411,3.5877711506514016,0.0,2.8595786798409386
13.949746943999344,1779099298.025564,1779099298.025564,0.0,1779099298.025564,0.0,1779099298.024457,0.0011069774627685547,1779099298.0229876,0.0025763511657714844,1779099298.0117612,0.013802766799926758,0.0,map,base_link,4.510871797170495,3.593692678014359,0.0,2.846548409562228
13.99294911600009,1779099298.0504854,1779099298.0504854,0.0,1779099298.0504854,0.0,1779099298.044371,0.006114482879638672,1779099298.0629876,-0.012502193450927734,1779099298.0517206,-0.0012352466583251953,0.0,map,base_link,4.516525387541529,3.596542248266277,0.0,2.8432937727399525
14.050288573000216,1779099298.1254973,1779099298.1254973,0.0,1779099298.1254973,0.0,1779099298.1243854,0.0011119842529296875,1779099298.1229875,0.0025098323822021484,1779099298.1118383,0.013659000396728516,0.0,map,base_link,4.510581889689915,3.5901910982684537,0.0,2.8358451952788397
14.093233795999367,1779099298.1504793,1779099298.1504793,0.0,1779099298.1504793,0.0,1779099298.1443434,0.0061359405517578125,1779099298.1629875,-0.012508153915405273,1779099298.1517715,-0.0012922286987304688,0.0,map,base_link,4.506630607788838,3.5910896767832488,0.0,2.8312279598352883
14.147208196000065,1779099298.2004652,1779099298.2004652,0.0,1779099298.2004652,0.0,1779099298.2242935,-0.02382826805114746,1779099298.2229877,-0.022522449493408203,1779099298.2118394,-0.011374235153198242,0.0,map,base_link,3.048748003141214,2.834149568812865,0.0,2.9625881906627436
14.201354287999493,1779099298.2754905,1779099298.2754905,0.0,1779099298.2754905,0.0,1779099298.274274,0.0012164115905761719,1779099298.2729876,0.002502918243408203,1779099298.271784,0.0037064552307128906,0.0,map,base_link,3.046668327407332,2.835610006841745,0.0,2.9594440435868155
14.245687669999825,1779099298.3004835,1779099298.3004835,0.0,1779099298.3004835,0.0,1779099298.3244665,-0.023983001708984375,1779099298.3129876,-0.012504100799560547,1779099298.3119872,-0.01150369644165039,0.0,map,base_link,3.0315307157538696,2.835293221295322,0.0,2.9544713704159262
14.298067933999846,1779099298.3754723,1779099298.3754723,0.0,1779099298.3754723,0.0,1779099298.3743556,0.0011167526245117188,1779099298.3729875,0.0024847984313964844,1779099298.3718052,0.003667116165161133,0.0,map,base_link,3.0212927741899316,2.845276404290521,0.0,2.951253713455968
14.35243791999983,1779099298.4254735,1779099298.4254735,0.0,1779099298.4254735,0.0,1779099298.424491,0.000982522964477539,1779099298.4229875,0.002485990524291992,1779099298.4118023,0.013671159744262695,0.0,map,base_link,2.994287059417384,2.8576120176185777,0.0,2.942279320592241
14.397679367999444,1779099298.4504755,1779099298.4504755,0.0,1779099298.4504755,0.0,1779099298.474521,-0.024045467376708984,1779099298.4729877,-0.022512197494506836,1779099298.4717512,-0.021275758743286133,0.0,map,base_link,2.991175573609075,2.860056219704556,0.0,2.931161736264558
14.450802251999448,1779099298.5254664,1779099298.5254664,0.0,1779099298.5254664,0.0,1779099298.5244064,0.0010600090026855469,1779099298.5229876,0.0024788379669189453,1779099298.5118878,0.013578653335571289,0.0,map,base_link,2.976576665994086,2.8714830560960314,0.0,2.9252436905259627
14.49498994499936,1779099298.5505528,1779099298.5505528,0.0,1779099298.5505528,0.0,1779099298.5742848,-0.02373194694519043,1779099298.5629876,-0.012434720993041992,1779099298.5717719,-0.02121901512145996,0.0,map,base_link,2.945194049623515,2.879449495587194,0.0,2.909514476395409
14.549942488999477,1779099298.6255286,1779099298.6255286,0.0,1779099298.6255286,0.0,1779099298.6243849,0.0011436939239501953,1779099298.6229875,0.002541065216064453,1779099298.61192,0.013608455657958984,0.0,map,base_link,2.9316640690211875,2.8861646094912237,0.0,2.8936535271273964
14.596448567999687,1779099298.6505392,1779099298.6505392,0.0,1779099298.6505392,0.0,1779099298.6744144,-0.02387523651123047,1779099298.6729875,-0.022448301315307617,1779099298.6718361,-0.021296977996826172,0.0,map,base_link,2.9145337110808374,2.9062276477821403,0.0,2.8677735450217092
14.64961862400014,1779099298.725539,1779099298.725539,0.0,1779099298.725539,0.0,1779099298.7243009,0.001238107681274414,1779099298.7229877,0.0025513172149658203,1779099298.711717,0.013822078704833984,0.0,map,base_link,2.8847082425854094,2.918388331599301,0.0,2.857461671178394
14.696142943999803,1779099298.7505484,1779099298.7505484,0.0,1779099298.7505484,0.0,1779099298.7744064,-0.023858070373535156,1779099298.7729876,-0.022439241409301758,1779099298.771861,-0.021312713623046875,0.0,map,base_link,2.875571285747612,2.929654969126382,0.0,2.827824223811189
14.749531102000219,1779099298.8254764,1779099298.8254764,0.0,1779099298.8254764,0.0,1779099298.8242946,0.0011818408966064453,1779099298.8229876,0.002488851547241211,1779099298.826838,-0.0013616085052490234,0.0,map,base_link,2.8628235912617823,2.9447642269659573,0.0,2.817917403468275
14.79682461199991,1779099298.8504815,1779099298.8504815,0.0,1779099298.8504815,0.0,1779099298.8744018,-0.023920297622680664,1779099298.8729875,-0.022505998611450195,1779099298.8717482,-0.021266698837280273,0.0,map,base_link,2.84267265447894,2.955583530480871,0.0,2.782125993535328
14.850583865999397,1779099298.925461,1779099298.9254608,2.384185791015625e-07,1779099298.9254608,2.384185791015625e-07,1779099298.9243808,0.0010802745819091797,1779099298.9229875,0.002473592758178711,1779099298.9116323,0.013828754425048828,0.0,map,base_link,2.804320931437748,2.9742324188773295,0.0,2.7687974933573543
14.896080151000206,1779099298.9504795,1779099298.9504795,0.0,1779099298.9504795,0.0,1779099298.9744194,-0.023939847946166992,1779099298.9729877,-0.02250814437866211,1779099298.9719026,-0.0214231014251709,0.0,map,base_link,2.8096481551898185,2.977125247324768,0.0,2.743032506266327
14.952457921000132,1779099299.025463,1779099299.025463,0.0,1779099299.025463,0.0,1779099299.0244017,0.0010614395141601562,1779099299.0229876,0.0024755001068115234,1779099299.0118732,0.013589859008789062,0.0,map,base_link,2.7675537448676355,3.039445842448519,0.0,2.7143717808935857
15.00014823299989,1779099299.0754762,1779099299.0754762,0.0,1779099299.0754762,0.0,1779099299.074407,0.0010690689086914062,1779099299.0729876,0.0024886131286621094,1779099299.07191,0.003566265106201172,0.0,map,base_link,2.750128777288145,3.0369293493251277,0.0,2.670267457287498
15.043605326000034,1779099299.100486,1779099299.100486,0.0,1779099299.100486,0.0,1779099299.0944116,0.006074428558349609,1779099299.1129875,-0.01250147819519043,1779099299.1117728,-0.011286735534667969,0.0,map,base_link,2.7475867795507893,3.0560471879908992,0.0,2.654534288142822
15.100739196000177,1779099299.175484,1779099299.1754837,2.384185791015625e-07,1779099299.1754837,2.384185791015625e-07,1779099299.174424,0.0010600090026855469,1779099299.1729875,0.002496480941772461,1779099299.171656,0.0038280487060546875,0.0,map,base_link,2.7125284662707827,3.0808738935369635,0.0,2.6079722848879565
15.145969209999748,1779099299.2004821,1779099299.2004821,0.0,1779099299.2004821,0.0,1779099299.224399,-0.023916959762573242,1779099299.2229877,-0.022505521774291992,1779099299.2067337,-0.00625157356262207,0.0,map,base_link,2.707865091330751,3.0915084083031648,0.0,2.576390454462349
15.201335882999956,1779099299.275542,1779099299.275542,0.0,1779099299.275542,0.0,1779099299.2744057,0.0011363029479980469,1779099299.2729876,0.0025544166564941406,1779099299.2718558,0.003686189651489258,0.0,map,base_link,2.678634092563655,3.1345694559812864,0.0,2.542852567324916
15.24476270499963,1779099299.300555,1779099299.300555,0.0,1779099299.300555,0.0,1779099299.3243897,-0.023834705352783203,1779099299.3129876,-0.012432575225830078,1779099299.3118348,-0.011279821395874023,0.0,map,base_link,2.6732686097459855,3.127426258664485,0.0,2.5258628032066786
15.302403003000109,1779099299.3754754,1779099299.3754754,0.0,1779099299.3754754,0.0,1779099299.374423,0.0010523796081542969,1779099299.3729875,0.0024878978729248047,1779099299.37184,0.003635406494140625,0.0,map,base_link,2.6308892860553934,3.2028699410899746,0.0,2.473295826739638
15.346211469000082,1779099299.4004645,1779099299.4004645,0.0,1779099299.4004645,0.0,1779099299.4243877,-0.023923158645629883,1779099299.4129875,-0.01252293586730957,1779099299.411948,-0.011483430862426758,0.0,map,base_link,2.6301558884695098,3.2141113230465908,0.0,2.452747208043501
15.394043733999752,1779099299.4504678,1779099299.4504678,0.0,1779099299.4504678,0.0,1779099299.444389,0.0060787200927734375,1779099299.4629874,-0.012519598007202148,1779099299.4518363,-0.0013685226440429688,0.0,map,base_link,2.6035430371092483,3.243475592998565,0.0,2.3890594331157278
15.452519192999716,1779099299.525477,1779099299.525477,0.0,1779099299.525477,0.0,1779099299.5243902,0.0010867118835449219,1779099299.5229876,0.002489328384399414,1779099299.5118818,0.013595104217529297,0.0,map,base_link,2.569006424178803,3.3108313078673484,0.0,2.3183952143786666
15.495359378999638,1779099299.5504673,1779099299.5504673,0.0,1779099299.5504673,0.0,1779099299.5744157,-0.02394843101501465,1779099299.5629876,-0.012520313262939453,1779099299.5718656,-0.021398305892944336,0.0,map,base_link,2.5331012795766847,3.3635655794745163,0.0,2.2932307177258866
15.55094192999968,1779099299.6255226,1779099299.6255226,0.0,1779099299.6255226,0.0,1779099299.624397,0.0011255741119384766,1779099299.6229875,0.002535104751586914,1779099299.611952,0.013570547103881836,0.0,map,base_link,2.508550565358428,3.4408959630754414,0.0,2.2406964848851514
15.596192721999614,1779099299.6505318,1779099299.650532,-2.384185791015625e-07,1779099299.650532,-2.384185791015625e-07,1779099299.6744063,-0.023874521255493164,1779099299.6729875,-0.022455692291259766,1779099299.6717896,-0.021257877349853516,0.0,map,base_link,2.5051984181694618,3.4639854260940357,0.0,2.186365644635923
15.649434236999696,1779099299.7254775,1779099299.7254775,0.0,1779099299.7254775,0.0,1779099299.7244031,0.0010743141174316406,1779099299.7229877,0.002489805221557617,1779099299.711789,0.01368856430053711,0.0,map,base_link,2.4946472147610654,3.505099217084345,0.0,2.159656811863255
15.696024935999958,1779099299.750473,1779099299.750473,0.0,1779099299.750473,0.0,1779099299.7743773,-0.02390432357788086,1779099299.7729876,-0.02251458168029785,1779099299.7719564,-0.021483421325683594,0.0,map,base_link,2.445673893595959,3.646589167100415,0.0,2.0807928048226674
15.748886032999508,1779099299.8254654,1779099299.8254654,0.0,1779099299.8254654,0.0,1779099299.8244019,0.0010635852813720703,1779099299.8229876,0.002477884292602539,1779099299.8116672,0.013798236846923828,0.0,map,base_link,2.4078970364243775,3.7505488434308463,0.0,2.054195186664374
15.795598704999975,1779099299.8504672,1779099299.8504672,0.0,1779099299.8504672,0.0,1779099299.874413,-0.02394580841064453,1779099299.8629875,-0.012520313262939453,1779099299.871672,-0.021204710006713867,0.0,map,base_link,2.4432726077660654,3.732146142477813,0.0,1.9731932081763273
15.848467185000118,1779099299.925476,1779099299.925476,0.0,1779099299.925476,0.0,1779099299.9244037,0.0010724067687988281,1779099299.9229875,0.0024886131286621094,1779099299.9117465,0.013729572296142578,0.0,map,base_link,2.412706291477206,3.823361802035566,0.0,1.9461933343352948
15.894806544999483,1779099299.9504714,1779099299.9504714,0.0,1779099299.9504714,0.0,1779099299.9744017,-0.02393031120300293,1779099299.9629874,-0.012516021728515625,1779099299.9717808,-0.021309375762939453,0.0,map,base_link,2.4097219640814593,3.9313193157682997,0.0,1.8740046328552054
15.95009028200002,1779099300.0255682,1779099300.0004642,0.025104045867919922,1779099300.0004642,0.025104045867919922,1779099300.024456,0.001112222671508789,1779099300.0229876,0.0025806427001953125,1779099300.0118566,0.013711690902709961,0.0,map,base_link,2.4171429879742243,3.922070030388955,0.0,1.852664297102738
15.996973362000062,1779099300.050666,1779099300.050666,0.0,1779099300.050666,0.0,1779099300.0744102,-0.02374410629272461,1779099300.0729876,-0.022321462631225586,1779099300.0719182,-0.021252155303955078,0.0,map,base_link,2.3915686459601817,4.030332738471537,0.0,1.7936419293907517
16.048007435999352,1779099300.125533,1779099300.1005616,0.024971485137939453,1779099300.1005616,0.024971485137939453,1779099300.124406,0.001127004623413086,1779099300.1229875,0.002545595169067383,1779099300.1116414,0.01389169692993164,0.0,map,base_link,2.3855850838612973,4.100176341846421,0.0,1.782382879712105
16.10359037699982,1779099300.1755352,1779099300.1755352,0.0,1779099300.1755352,0.0,1779099300.1744072,0.0011279582977294922,1779099300.1729875,0.002547740936279297,1779099300.1718585,0.0036766529083251953,0.0,map,base_link,2.3806461950033135,4.177062552572041,0.0,1.7569376575735556
16.146800329999678,1779099300.2005062,1779099300.2005062,0.0,1779099300.2005062,0.0,1779099300.224321,-0.023814678192138672,1779099300.2229877,-0.022481441497802734,1779099300.2119615,-0.011455297470092773,0.0,map,base_link,2.379046006301982,4.191671932696944,0.0,1.749475400873138
16.20073680399946,1779099300.2755034,1779099300.2755034,0.0,1779099300.2755034,0.0,1779099300.2744172,0.0010862350463867188,1779099300.2729876,0.0025157928466796875,1779099300.271876,0.003627300262451172,0.0,map,base_link,2.372310197060627,4.290233496015961,0.0,1.7360338624926686
16.257347708999987,1779099300.325519,1779099300.325519,0.0,1779099300.325519,0.0,1779099300.3244283,0.0010907649993896484,1779099300.3329875,-0.007468461990356445,1779099300.331737,-0.00621795654296875,0.0,map,base_link,2.3702008187982067,4.328848795114306,0.0,1.7201887149078017
16.309440223999445,1779099300.3755093,1779099300.3755093,0.0,1779099300.3755093,0.0,1779099300.3743901,0.0011191368103027344,1779099300.3829875,-0.007478237152099609,1779099300.3719122,0.0035970211029052734,0.0,map,base_link,2.370435816588789,4.363412130497046,0.0,1.716870177659291
16.344717031000073,1779099300.4005458,1779099300.4005458,0.0,1779099300.4005458,0.0,1779099300.3944097,0.006136178970336914,1779099300.4129875,-0.012441635131835938,1779099300.4118505,-0.011304616928100586,0.0,map,base_link,2.359997188331688,4.394851218561593,0.0,1.7108801063725345
16.39835820099961,1779099300.4755414,1779099300.450543,0.02499842643737793,1779099300.450543,0.02499842643737793,1779099300.4744108,0.0011305809020996094,1779099300.4729877,0.002553701400756836,1779099300.4716513,0.0038900375366210938,0.0,map,base_link,2.3559202092594225,4.44136187738459,0.0,1.7058001094339783
16.461957890999656,1779099300.5255144,1779099300.5255144,0.0,1779099300.5255144,0.0,1779099300.5244148,0.0010995864868164062,1779099300.5329876,-0.0074732303619384766,1779099300.5318892,-0.006374835968017578,0.0,map,base_link,2.353475866459627,4.5010608588623136,0.0,1.7043746067779497
16.505427825999504,1779099300.575498,1779099300.575498,0.0,1779099300.575498,0.0,1779099300.5744114,0.0010867118835449219,1779099300.5729876,0.002510547637939453,1779099300.571847,0.003651142120361328,0.0,map,base_link,2.345576582443133,4.549666327744173,0.0,1.7043299592930297
16.549362553999345,1779099300.6255095,1779099300.6255095,0.0,1779099300.6255095,0.0,1779099300.6244173,0.0010921955108642578,1779099300.6229875,0.002521991729736328,1779099300.6116264,0.013883113861083984,0.0,map,base_link,2.3416360601706163,4.5861365232269815,0.0,1.707202840304234
16.61149500600004,1779099300.6755116,1779099300.6755116,0.0,1779099300.6755116,0.0,1779099300.6744113,0.001100301742553711,1779099300.6829875,-0.007475852966308594,1779099300.6717901,0.003721475601196289,0.0,map,base_link,2.33359693815974,4.6309577684876695,0.0,1.7071252637638925
16.658195492999766,1779099300.725541,1779099300.725541,0.0,1779099300.725541,0.0,1779099300.7244394,0.0011017322540283203,1779099300.7329876,-0.0074465274810791016,1779099300.731875,-0.006333827972412109,0.0,map,base_link,2.327974763723475,4.668865260275508,0.0,1.7079758576276676
16.710717930999635,1779099300.775516,1779099300.775516,0.0,1779099300.775516,0.0,1779099300.7744489,0.0010671615600585938,1779099300.7829876,-0.007471561431884766,1779099300.771834,0.0036821365356445312,0.0,map,base_link,2.325739025390649,4.6964519956277355,0.0,1.7092514378571182
16.744465495999975,1779099300.8005133,1779099300.8005133,0.0,1779099300.8005133,0.0,1779099300.7944229,0.006090402603149414,1779099300.8129876,-0.012474298477172852,1779099300.8116817,-0.011168479919433594,0.0,map,base_link,2.322220362930926,4.714737399179514,0.0,1.7107006425488875
16.808823991999816,1779099300.8755226,1779099300.8755226,0.0,1779099300.8755226,0.0,1779099300.8744292,0.0010933876037597656,1779099300.8829875,-0.007464885711669922,1779099300.871691,0.003831624984741211,0.0,map,base_link,2.3078857322850244,4.773300559335645,0.0,1.7129572690083161
16.852982448000148,1779099300.925582,1779099300.925582,0.0,1779099300.925582,0.0,1779099300.9244175,0.0011644363403320312,1779099300.9229875,0.002594470977783203,1779099300.9116848,0.013897180557250977,0.0,map,base_link,2.3114601797244543,4.812152381660368,0.0,1.7144483587508033
16.895653176999986,1779099300.9505188,1779099300.9505188,0.0,1779099300.9505188,0.0,1779099300.9744475,-0.02392864227294922,1779099300.9629874,-0.012468576431274414,1779099300.9718192,-0.021300315856933594,0.0,map,base_link,2.3073258170982953,4.829728211271127,0.0,1.7158106654480383
16.960360048999974,1779099301.0255132,1779099301.0255132,0.0,1779099301.0255132,0.0,1779099301.0244088,0.0011043548583984375,1779099301.0329876,-0.007474422454833984,1779099301.0317557,-0.006242513656616211,0.0,map,base_link,2.299757877901717,4.884748459212682,0.0,1.7162373290773698
17.005670073000147,1779099301.0755546,1779099301.0755546,0.0,1779099301.0755546,0.0,1779099301.074415,0.0011396408081054688,1779099301.0729876,0.0025670528411865234,1779099301.0718114,0.0037431716918945312,0.0,map,base_link,2.2903802529159503,4.924018620689731,0.0,1.719298588665838
17.059695043999454,1779099301.125568,1779099301.125568,0.0,1779099301.125568,0.0,1779099301.124455,0.0011129379272460938,1779099301.1329875,-0.007419586181640625,1779099301.1318498,-0.006281852722167969,0.0,map,base_link,2.288816835946296,4.951562302709292,0.0,1.7201130489406111
17.112369036999553,1779099301.1755743,1779099301.1755743,0.0,1779099301.1755743,0.0,1779099301.1744218,0.0011525154113769531,1779099301.1829875,-0.007413148880004883,1779099301.171705,0.003869295120239258,0.0,map,base_link,2.2764132876689116,4.991660559481199,0.0,1.72089940980555
17.15757780199965,1779099301.2255747,1779099301.2255747,0.0,1779099301.2255747,0.0,1779099301.2244542,0.0011205673217773438,1779099301.2329876,-0.007412910461425781,1779099301.2319314,-0.006356716156005859,0.0,map,base_link,2.274970866369096,5.024446913662139,0.0,1.720976010381114
17.21021035800004,1779099301.275563,1779099301.275563,0.0,1779099301.275563,0.0,1779099301.27455,0.001013040542602539,1779099301.2829876,-0.007424592971801758,1779099301.2718415,0.003721475601196289,0.0,map,base_link,2.265135431930643,5.060539905498127,0.0,1.7216121125462804
17.254422182999406,1779099301.3255584,1779099301.3255584,0.0,1779099301.3255584,0.0,1779099301.3245254,0.0010330677032470703,1779099301.3229876,0.0025708675384521484,1779099301.3118143,0.013744115829467773,0.0,map,base_link,2.2699133484533007,5.090941989844056,0.0,1.723942857191161
17.30875547799951,1779099301.3755636,1779099301.3755636,0.0,1779099301.3755636,0.0,1779099301.3744457,0.0011179447174072266,1779099301.3829875,-0.007423877716064453,1779099301.3718903,0.0036733150482177734,0.0,map,base_link,2.25987907501949,5.12430538616324,0.0,1.7248910828230177
17.362715668999954,1779099301.425563,1779099301.425563,0.0,1779099301.425563,0.0,1779099301.4244769,0.0010862350463867188,1779099301.4329875,-0.007424354553222656,1779099301.4317718,-0.006208658218383789,0.0,map,base_link,2.2533888036687975,5.161141481118754,0.0,1.7264165627013357
17.406179486999463,1779099301.475573,1779099301.475573,0.0,1779099301.475573,0.0,1779099301.4744487,0.0011243820190429688,1779099301.4829876,-0.007414579391479492,1779099301.4716487,0.003924369812011719,0.0,map,base_link,2.2473831293166953,5.188520124569816,0.0,1.7279236702804999
17.46072495199951,1779099301.5255625,1779099301.5255625,0.0,1779099301.5255625,0.0,1779099301.524415,0.0011475086212158203,1779099301.5329876,-0.007425069808959961,1779099301.5316103,-0.006047725677490234,0.0,map,base_link,2.247682604106239,5.215139371423438,0.0,1.7301375179876135
17.50821679299952,1779099301.575617,1779099301.575617,0.0,1779099301.575617,0.0,1779099301.5744338,0.0011832714080810547,1779099301.5829875,-0.007370471954345703,1779099301.571645,0.003972053527832031,0.0,map,base_link,2.2419675324756874,5.246215551571131,0.0,1.743281157364263
17.56094396699973,1779099301.625564,1779099301.625564,0.0,1779099301.625564,0.0,1779099301.624452,0.0011119842529296875,1779099301.6329875,-0.00742340087890625,1779099301.6315854,-0.006021261215209961,0.0,map,base_link,2.2360890513377214,5.271827785937349,0.0,1.745663191357302
17.605133680999643,1779099301.6755426,1779099301.6755426,0.0,1779099301.6755426,0.0,1779099301.674513,0.0010294914245605469,1779099301.6729875,0.0025551319122314453,1779099301.6715982,0.00394439697265625,0.0,map,base_link,2.224647609082398,5.30928013900818,0.0,1.7529061523473541
17.65912382099941,1779099301.7255027,1779099301.7255027,0.0,1779099301.7255027,0.0,1779099301.724453,0.0010497570037841797,1779099301.7329876,-0.007484912872314453,1779099301.731886,-0.006383180618286133,0.0,map,base_link,2.220617474056686,5.344112214635999,0.0,1.7559891438787953
17.70299171499937,1779099301.7756152,1779099301.7756152,0.0,1779099301.7756152,0.0,1779099301.7743611,0.0012540817260742188,1779099301.7729876,0.0026276111602783203,1779099301.771915,0.00370025634765625,0.0,map,base_link,2.214339052174515,5.370260315943721,0.0,1.7609260742337778
17.75640694899994,1779099301.8255575,1779099301.8255575,0.0,1779099301.8255575,0.0,1779099301.8244445,0.0011129379272460938,1779099301.8329875,-0.007430076599121094,1779099301.831849,-0.006291627883911133,0.0,map,base_link,2.204194321256682,5.4046860520094295,0.0,1.7650345988765714
17.80978737999976,1779099301.8755324,1779099301.8755324,0.0,1779099301.8755324,0.0,1779099301.874449,0.0010833740234375,1779099301.8829875,-0.007455110549926758,1779099301.8717313,0.003801107406616211,0.0,map,base_link,2.1972965539494638,5.434569989355593,0.0,1.7693476449924117
17.853677919999427,1779099301.9255512,1779099301.9255512,0.0,1779099301.9255512,0.0,1779099301.9244437,0.0011074542999267578,1779099301.9229875,0.0025637149810791016,1779099301.9117734,0.013777732849121094,0.0,map,base_link,2.1856260162186736,5.47302073811565,0.0,1.7716896498311248
17.906331223999587,1779099301.9755542,1779099301.9755542,0.0,1779099301.9755542,0.0,1779099301.9744427,0.0011115074157714844,1779099301.9829876,-0.007433414459228516,1779099301.971749,0.0038051605224609375,0.0,map,base_link,2.1793085016687233,5.513494230663683,0.0,1.7761800695160033
17.960229509999408,1779099302.0255623,1779099302.0255623,0.0,1779099302.0255623,0.0,1779099302.0244403,0.0011219978332519531,1779099302.0329876,-0.0074253082275390625,1779099302.0317101,-0.006147861480712891,0.0,map,base_link,2.168803993739023,5.549084186833877,0.0,1.7869539568779085
18.007581091999782,1779099302.0755177,1779099302.0755174,2.384185791015625e-07,1779099302.0755174,2.384185791015625e-07,1779099302.0744429,0.0010747909545898438,1779099302.0829875,-0.007469892501831055,1779099302.0716982,0.0038194656372070312,0.0,map,base_link,2.149036738141957,5.599860370380294,0.0,1.801050661772349
18.060899465000148,1779099302.125544,1779099302.1255443,-2.384185791015625e-07,1779099302.1255443,-2.384185791015625e-07,1779099302.124435,0.0011091232299804688,1779099302.1329875,-0.007443428039550781,1779099302.1268246,-0.0012805461883544922,0.0,map,base_link,2.139246259988136,5.632964241651599,0.0,1.8062998138043265
18.104528185999698,1779099302.1755562,1779099302.1755562,0.0,1779099302.1755562,0.0,1779099302.174467,0.0010890960693359375,1779099302.1729875,0.0025687217712402344,1779099302.1719868,0.003569364547729492,0.0,map,base_link,2.1212850477063725,5.697595683382657,0.0,1.8175005818578813
18.1579748690001,1779099302.2255414,1779099302.2255414,0.0,1779099302.2255414,0.0,1779099302.2244372,0.001104116439819336,1779099302.2329876,-0.0074462890625,1779099302.2318418,-0.006300449371337891,0.0,map,base_link,2.1050153115459933,5.74601714503983,0.0,1.8277857207327979
18.209847504999743,1779099302.275488,1779099302.275488,0.0,1779099302.275488,0.0,1779099302.2744555,0.0010323524475097656,1779099302.2829876,-0.00749969482421875,1779099302.2719882,0.003499746322631836,0.0,map,base_link,2.1097352942507808,5.7724280098273075,0.0,1.834655781429903
18.25347192299978,1779099302.32552,1779099302.3255198,2.384185791015625e-07,1779099302.3255198,2.384185791015625e-07,1779099302.3244264,0.0010936260223388672,1779099302.3229876,0.002532482147216797,1779099302.3118203,0.013699769973754883,0.0,map,base_link,2.0825393927661793,5.799397757328482,0.0,1.8411685959043753
18.306265078999786,1779099302.3755164,1779099302.3755164,0.0,1779099302.3755164,0.0,1779099302.3744483,0.001068115234375,1779099302.3829875,-0.0074710845947265625,1779099302.3718238,0.003692626953125,0.0,map,base_link,2.0559246707583876,5.91094504274064,0.0,1.848744197789328
18.35973789899981,1779099302.4255779,1779099302.425578,-2.384185791015625e-07,1779099302.425578,-2.384185791015625e-07,1779099302.424517,0.0010609626770019531,1779099302.4329875,-0.007409572601318359,1779099302.4317966,-0.006218671798706055,0.0,map,base_link,2.048574391102842,5.934683343450742,0.0,1.8568094934286292
18.402937691999796,1779099302.4755125,1779099302.4755125,0.0,1779099302.4755125,0.0,1779099302.4745266,0.000985860824584961,1779099302.4729877,0.002524852752685547,1779099302.4717183,0.0037941932678222656,0.0,map,base_link,2.033894399280671,5.947607330625287,0.0,1.8660928804977817
18.45747100399967,1779099302.5255194,1779099302.5255194,0.0,1779099302.5255194,0.0,1779099302.5345063,-0.008986949920654297,1779099302.5329876,-0.007468223571777344,1779099302.5317671,-0.006247758865356445,0.0,map,base_link,2.0058815246156527,6.010451254118997,0.0,1.885007616165635
18.489602339000157,1779099302.5505238,1779099302.5505238,0.0,1779099302.5505238,0.0,1779099302.5545092,-0.003985404968261719,1779099302.5629876,-0.012463808059692383,1779099302.5517836,-0.0012598037719726562,0.0,map,base_link,2.00846141023987,6.0351496202656945,0.0,1.8944226075407153
18.55354110299959,1779099302.6255596,1779099302.6255596,0.0,1779099302.6255596,0.0,1779099302.6244879,0.0010716915130615234,1779099302.6229875,0.0025720596313476562,1779099302.6117218,0.013837814331054688,0.0,map,base_link,1.9718168914591923,6.105377191505874,0.0,1.9060983526112059
18.60697720400003,1779099302.675532,1779099302.675532,0.0,1779099302.675532,0.0,1779099302.6845436,-0.009011507034301758,1779099302.6829875,-0.007455348968505859,1779099302.6716912,0.003840923309326172,0.0,map,base_link,1.9375045930115862,6.154674127547358,0.0,1.9311486985670874
18.638617489999888,1779099302.7005289,1779099302.7005289,0.0,1779099302.7005289,0.0,1779099302.70457,-0.004041194915771484,1779099302.7129874,-0.012458562850952148,1779099302.7118158,-0.01128697395324707,0.0,map,base_link,1.931287098785475,6.17794262856732,0.0,1.9359814899994778
18.703680971999347,1779099302.775628,1779099302.775628,0.0,1779099302.775628,0.0,1779099302.7545016,0.021126508712768555,1779099302.7729876,0.0026404857635498047,1779099302.7718446,0.0037834644317626953,0.0,map,base_link,1.899506876375833,6.259048001827949,0.0,1.958145615780769
18.73697357799938,1779099302.8005257,1779099302.8005257,0.0,1779099302.8005257,0.0,1779099302.804528,-0.00400233268737793,1779099302.8129876,-0.01246190071105957,1779099302.8118465,-0.011320829391479492,0.0,map,base_link,1.8884446470606306,6.261949117721807,0.0,1.9765109229395166
18.81076593799935,1779099302.8755224,1779099302.8755224,0.0,1779099302.8755224,0.0,1779099302.884453,-0.008930683135986328,1779099302.8829875,-0.0074651241302490234,1779099302.87174,0.0037822723388671875,0.0,map,base_link,1.8144139497908265,6.392354468200105,0.0,2.0064646409897398
18.842624978999993,1779099302.900507,1779099302.900507,0.0,1779099302.900507,0.0,1779099302.9044924,-0.003985404968261719,1779099302.9129875,-0.012480497360229492,1779099302.9117706,-0.011263608932495117,0.0,map,base_link,1.7911987960158324,6.426575841608753,0.0,2.0152677389955835
18.887486503999753,1779099302.9505146,1779099302.9505146,0.0,1779099302.9505146,0.0,1779099302.9544606,-0.003946065902709961,1779099302.9629874,-0.012472867965698242,1779099302.9515963,-0.001081705093383789,0.0,map,base_link,1.7857062698258055,6.428919764953681,0.0,2.0435760313033504
18.961585400999866,1779099303.0255249,1779099303.0255249,0.0,1779099303.0255249,0.0,1779099303.0244968,0.0010280609130859375,1779099303.0329876,-0.007462739944458008,1779099303.0318153,-0.006290435791015625,0.0,map,base_link,1.741923274583046,6.494467871070402,0.0,2.0737388290169343
19.006977019999795,1779099303.0755904,1779099303.0755904,0.0,1779099303.0755904,0.0,1779099303.0844798,-0.008889436721801758,1779099303.0829875,-0.007397174835205078,1779099303.0717247,0.0038657188415527344,0.0,map,base_link,1.7050927438552312,6.54926555596556,0.0,2.1161080414780775
19.039203522000207,1779099303.1005359,1779099303.100536,-2.384185791015625e-07,1779099303.100536,-2.384185791015625e-07,1779099303.10451,-0.003974199295043945,1779099303.1129875,-0.012451648712158203,1779099303.1117642,-0.011228322982788086,0.0,map,base_link,1.674494705331024,6.5719451301760365,0.0,2.1367149724589356
19.103826230999402,1779099303.175631,1779099303.175631,0.0,1779099303.175631,0.0,1779099303.1543875,0.021243572235107422,1779099303.1729875,0.002643585205078125,1779099303.1718674,0.0037636756896972656,0.0,map,base_link,1.5949109817242295,6.659432305425645,0.0,2.1959744177924545
19.14111557599972,1779099303.2005842,1779099303.2005842,0.0,1779099303.2005842,0.0,1779099303.20448,-0.0038957595825195312,1779099303.2129874,-0.012403249740600586,1779099303.2119145,-0.011330366134643555,0.0,map,base_link,1.5994467623625308,6.657312985225236,0.0,2.206688352258678
19.190978654999526,1779099303.2505689,1779099303.250569,-2.384185791015625e-07,1779099303.250569,-2.384185791015625e-07,1779099303.2544556,-0.003886699676513672,1779099303.2629876,-0.012418746948242188,1779099303.251871,-0.0013022422790527344,0.0,map,base_link,1.5648061297080247,6.707688342091727,0.0,2.229423150915997
19.242419055000028,1779099303.3005588,1779099303.3005588,0.0,1779099303.3005588,0.0,1779099303.3045375,-0.003978729248046875,1779099303.3129876,-0.012428760528564453,1779099303.312116,-0.01155710220336914,0.0,map,base_link,1.540133104996304,6.713930973730785,0.0,2.252331280297592
19.308337767999546,1779099303.3755238,1779099303.3755238,0.0,1779099303.3755238,0.0,1779099303.3844786,-0.008954763412475586,1779099303.3829875,-0.007463693618774414,1779099303.3719907,0.0035331249237060547,0.0,map,base_link,1.4446535268172482,6.799724355408941,0.0,2.3059641737431114
19.340452876999734,1779099303.400501,1779099303.400501,0.0,1779099303.400501,0.0,1779099303.404489,-0.003988027572631836,1779099303.4129875,-0.012486457824707031,1779099303.4120247,-0.011523723602294922,0.0,map,base_link,1.4368154949904586,6.802757846565401,0.0,2.320010682087942
19.40540757799954,1779099303.4755669,1779099303.475567,-2.384185791015625e-07,1779099303.475567,-2.384185791015625e-07,1779099303.4845004,-0.008933544158935547,1779099303.4729877,0.002579212188720703,1779099303.4717965,0.0037703514099121094,0.0,map,base_link,1.399424998479116,6.851345385310874,0.0,2.346408875807307
19.436992598999495,1779099303.5005267,1779099303.5005267,0.0,1779099303.5005267,0.0,1779099303.5045204,-0.0039937496185302734,1779099303.5129876,-0.012460947036743164,1779099303.511994,-0.011467218399047852,0.0,map,base_link,1.376353152775069,6.858206962434321,0.0,2.3617521722594907
19.49019803200008,1779099303.5505183,1779099303.5505183,0.0,1779099303.5505183,0.0,1779099303.5544891,-0.0039708614349365234,1779099303.5629876,-0.012469291687011719,1779099303.551941,-0.0014226436614990234,0.0,map,base_link,1.3344213526854505,6.90360088444412,0.0,2.373413640945806
19.5555052589998,1779099303.6255553,1779099303.6255553,0.0,1779099303.6255553,0.0,1779099303.6345224,-0.008967161178588867,1779099303.6229875,0.002567768096923828,1779099303.6319394,-0.006384134292602539,0.0,map,base_link,1.2443044755859427,6.932878794714441,0.0,2.4270759676859126
19.587338938999892,1779099303.6505027,1779099303.6505027,0.0,1779099303.6505027,0.0,1779099303.6544857,-0.003983020782470703,1779099303.6629875,-0.01248478889465332,1779099303.6517918,-0.0012891292572021484,0.0,map,base_link,1.2065952559004094,6.9688452119927184,0.0,2.4417952630437547
19.640950932000123,1779099303.7005608,1779099303.7005608,0.0,1779099303.7005608,0.0,1779099303.7045407,-0.003979921340942383,1779099303.7129874,-0.012426614761352539,1779099303.7118547,-0.011293888092041016,0.0,map,base_link,1.195591673773281,6.981530975508315,0.0,2.472493070278318
19.68805487499958,1779099303.7505434,1779099303.7505434,0.0,1779099303.7505434,0.0,1779099303.754536,-0.003992557525634766,1779099303.7629876,-0.012444257736206055,1779099303.7519853,-0.00144195556640625,0.0,map,base_link,1.119629767269604,6.994154267861077,0.0,2.5395112788050773
19.74265840999942,1779099303.8005881,1779099303.8005881,0.0,1779099303.8005881,0.0,1779099303.8045073,-0.003919124603271484,1779099303.8129876,-0.012399435043334961,1779099303.8117535,-0.011165380477905273,0.0,map,base_link,1.0596660737681054,7.007478424603892,0.0,2.5759906276107376
19.78710782899998,1779099303.850615,1779099303.850615,0.0,1779099303.850615,0.0,1779099303.8544984,-0.00388336181640625,1779099303.8629875,-0.012372493743896484,1779099303.8519726,-0.0013575553894042969,0.0,map,base_link,1.0542767623146183,7.0218113630322065,0.0,2.602297667159491
19.841817673999685,1779099303.9005463,1779099303.9005463,0.0,1779099303.9005463,0.0,1779099303.9045053,-0.003958940505981445,1779099303.9129875,-0.012441158294677734,1779099303.911874,-0.011327743530273438,0.0,map,base_link,1.0082651303577732,7.047140497083727,0.0,2.6317455493594966
19.88579692499934,1779099303.9505477,1779099303.9505477,0.0,1779099303.9505477,0.0,1779099303.954564,-0.004016399383544922,1779099303.9529874,-0.002439737319946289,1779099303.9517968,-0.001249074935913086,0.0,map,base_link,0.9454991271079409,7.055096860644531,0.0,2.661970882834348
19.939731591000054,1779099304.0005474,1779099304.0005474,0.0,1779099304.0005474,0.0,1779099304.004482,-0.003934621810913086,1779099304.0129876,-0.012440204620361328,1779099304.01193,-0.011382579803466797,0.0,map,base_link,0.9060715239443438,7.075941132083498,0.0,2.6915510448804656
