stamp,rt_correlative_score,ceres_final_cost,translation_residual,rotation_residual,num_filtered_points,was_outlier,medium_outlier_streak,inserted_to_submap,num_insertion_submaps,pose_prediction_x,pose_prediction_y,pose_prediction_yaw,pose_estimate_x,pose_estimate_y,pose_estimate_yaw
639089883260844699,nan,nan,0,0,0,0,0,1,1,0,0,-8.0750632417735417e-15,0,0,-8.0750632417735417e-15
639089883261044458,nan,347.79790829731689,0.0096151274571076566,0.00085787514109501764,0,0,0,0,0,0,0,-8.0522069047239655e-15,-0.0087108253776228151,0.0040708963702098715,-0.00085787514110306979
639089883261344470,nan,343.85482979671752,0.011517801976098752,0.00043931790381196878,0,0,0,0,0,-0.021663121486556108,0.010123991562680521,-0.00085787514109578048,-0.011057187187618998,0.0056324528500282887,-0.0012971930449077493
639089883261544459,nan,347.12503047437156,0.0043594982519844722,0.00046858984176081464,0,0,0,0,0,-0.012605606251848245,0.0066629605121119482,-0.0012971930449077575,-0.0082485598046870001,0.0065167713663615359,-0.0017657828866685721
639089883261844766,nan,348.15294465434329,0.007763844040869561,0.00093888195907429885,0,0,0,0,0,-0.0040732702390655906,0.0078313942659209435,-0.0017657828866702412,-0.0098133348893131283,0.0026036861541453436,-0.00082690092759594232
639089883262044672,nan,333.12966477008689,0.0045992188291638101,0.00013717760322445004,0,0,0,0,0,-0.010846505632662347,2.0001637938845806e-05,-0.00082690092759591521,-0.0079828436903793456,0.0036189256603175999,-0.00096407853082036525
639089883262344516,nan,335.20669999283297,0.0037153061614993189,0.0013794862559050468,0,0,0,0,0,-0.0052692837274219504,0.0051239387837712074,-0.00096407853082830194,-0.0089488868625890814,0.0056377681731048894,-0.0023435647867333488
639089883262544356,nan,330.83911457652903,0.0039612827810984724,0.00097278660740581467,0,0,0,0,0,-0.0095855638660511545,0.0069682993941507683,-0.0023435647867333614,-0.0075591156151239127,0.0035645854287680765,-0.0013707781793275467
639089883262844315,nan,345.16459671424218,0.0040233932602188657,0.00055175953796089976,0,0,0,0,0,-0.0054917081427458695,0.00048054299727823876,-0.0013707781793273815,-0.0086623017025007493,0.0029574422292243971,-0.00081901864136648176
639089883263044754,nan,342.16019700191265,0.007831099435216397,0.0012220917453296398,0,0,0,0,0,-0.0093903087607511634,0.0025567804191325575,-0.00081901864136374296,-0.017179092355655533,0.0017437807413988374,-0.0020411103866933827
639089883263344777,nan,328.80386747144183,0.01006488928398561,0.00029615522360930901,0,0,0,0,0,-0.029799889886207201,-5.4710795175521914e-05,-0.0020411103867003038,-0.019856942639465639,0.00150727395103769,-0.0017449551630909948
639089883263544461,nan,341.43807681422237,0.014831855520472318,0.00064292894000651107,0,0,0,0,0,-0.021621441729258849,0.0013514340152335153,-0.0017449551630910041,-0.0074291375853600674,0.0056598491840906965,-0.0023878841030975152
639089883263844623,nan,333.52605176208459,0.01121412454534162,0.00019148850649910445,0,0,0,0,0,0.011068895839242528,0.011840705346926585,-0.0023878841030973231,0.00029971618780326437,0.0087131889275516364,-0.0021963955965982186
639089883264044522,nan,350.24180041113874,0.020025648407975823,0.00084733662707528684,0,0,0,0,0,0.0053976618136192334,0.010727169324406248,-0.0021963955965980143,-0.013930511772329632,0.0054880568049719483,-0.0030437322236733012
639089883264344482,nan,341.71829523043209,0.016955908768451836,0.0021588791109762736,0,0,0,0,0,-0.035070356047154645,0.00069693251461773031,-0.0030437322236683958,-0.018115990340611218,0.00046818450294106706,-0.00088485311269212213
639089883264523007,nan,336.79390678028483,0.0056840332638480422,0.0016378064249934652,0,0,0,0,0,-0.020582337558745278,-0.0024898399823175448,-0.00088485311269211129,-0.025859230250962616,-0.00037734438247495909,-0.0025226595376855766
639089883264844655,nan,345.59308346267943,0.022878341396449692,0.00017736696312409912,0,0,0,0,0,-0.039675984109514957,-0.0018860751754433999,-0.0025226595376799418,-0.017795234466023994,0.0047960876549112859,-0.0023452925745558427
639089883265044678,nan,340.0562942919795,0.0067726939079401031,0.00031652008308612027,0,0,0,0,0,-0.012835887111876566,0.0079777419080537676,-0.0023452925745558119,-0.0060865095161882514,0.0074162396004275096,-0.0020287724914696916
639089883265344538,nan,348.7687643466914,0.016897666630384795,0.00037583827856616132,0,0,0,0,0,0.011285284032709713,0.011303660208500614,-0.00202877249147752,-0.0046727904918406884,0.0057474929125568364,-0.0024046107700436813
639089883265545081,nan,338.34446826209677,0.0047516090686177126,1.8658902809263068e-05,0,0,0,0,0,-0.0037371502085902907,0.0046430679194553624,-0.0024046107700436544,-0.0084267409678075618,0.0038778703946069932,-0.0023859518672343914
639089883265844394,nan,329.81250790605486,0.0050532283865889595,0.0011712578992278933,0,0,0,0,0,-0.013978736193349724,0.0011127472637404035,-0.0023859518672284599,-0.0095514765014425851,0.0035488278755927212,-0.0012146939680005666
639089883266044869,nan,332.61833286924997,0.0045730610489261806,0.0015678186752951114,0,0,0,0,0,-0.010302757893106146,0.0033290397438862475,-0.0012146939680005332,-0.0070057628881226436,0.0064980634570066869,-0.0027825126432956446
639089883266344541,nan,337.9386554862171,0.0093209918629521861,0.0025916027139480284,0,0,0,0,0,-0.0032421756319830565,0.010858218264478362,-0.0027825126432928556,-0.0093171213601780378,0.0037888531084897146,-0.00019090992934482713
639089883266544588,nan,328.6511386921191,0.0028949349773381718,0.0021182771147148765,0,0,0,0,0,-0.01084858808067009,0.001993776517069939,-0.00019090992933282604,-0.013538016664539992,0.0030650479183868466,-0.0023091870440477024
639089883266844463,nan,333.21795392734714,0.0053034234711805597,3.3025964463848523e-05,0,0,0,0,0,-0.019810549958876308,0.0019894248985877416,-0.0023091870440477137,-0.014936529363663999,0.0040799329115154843,-0.0022761610795838652
639089883267144709,nan,338.33946245666249,0.0077559759570176865,0.00021675052772725462,0,0,0,0,0,-0.016322532544778171,0.0050857398876140263,-0.0022761610795750415,-0.0086177068175127373,0.0059750224964089443,-0.0024929116073022961
639089883267344658,nan,333.84823421364911,0.0028978522896066722,0.00016077349346167681,0,0,0,0,0,-0.0044527048927098236,0.0072241558137487076,-0.0024929116073078021,-0.0047156446977000624,0.0043382572446145932,-0.0023321381138461253
639089883267544427,nan,329.15368959337746,0.013546270069048835,0.00094561782903327144,0,0,0,0,0,-0.00085676505757196391,0.0027196053851917153,-0.002332138113849678,-0.014218652452997992,0.00049218579841347739,-0.0013865202848164066
639089883267844633,nan,331.06545561177046,0.011478269112864778,8.8572602944967478e-05,0,0,0,0,0,-0.028362789439023067,-0.005232250379467205,-0.0013865202848124009,-0.017434785759602927,-0.0017209262118738108,-0.0012979476818674334
639089883268044781,nan,327.55282677563355,0.012266185373015598,0.00050242542264405444,0,0,0,0,0,-0.019562868786047412,-0.0031853201457448304,-0.0012979476818673833,-0.0084204393289187534,0.0019435753881974797,-0.0018003731045114378
639089883268344654,nan,342.29958206582938,0.0066504964316384885,0.00028763102992014383,0,0,0,0,0,0.0049440717233425191,0.0073765008378426193,-0.0018003731045205882,-0.0017060437698413684,0.0074476816958866966,-0.0015127420746004444
639089883268544229,nan,329.63654518087316,0.014785527786939817,0.0006693498838358672,0,0,0,0,0,0.0027145898901103065,0.011071483331884839,-0.0015127420746004385,-0.010864627158622197,0.0052219793972095299,-0.0021820919584363057
639089883268844518,nan,329.48958629689577,0.0084172988050661823,0.00049199623472682844,0,0,0,0,0,-0.024507937336341747,0.0019064069407405564,-0.0021820919584419861,-0.016111310497666301,0.0013168504075702831,-0.0016900957237151576
639089883269044822,nan,330.87037022150514,0.0078775953860697294,0.001024045372161041,0,0,0,0,0,-0.019581202374723182,-0.0012658050500539844,-0.0016900957237151056,-0.012567366569073203,0.0023206439399651711,-0.0027141410958761466
639089883269344586,nan,328.27062126959453,0.0032467265621376321,2.0027568762366783e-05,0,0,0,0,0,-0.0073232125376551062,0.0038060082701253913,-0.0027141410958747389,-0.0092811313793555623,0.006395947879190512,-0.0027341686646371057
639089883269544633,nan,336.17446869112769,0.0037416846954838306,0.00038442128811794945,0,0,0,0,0,-0.0071137777625179116,0.0090837119077753561,-0.0027341686646310823,-0.0058659273003355298,0.0055562377995147239,-0.0023497473765131329
639089883269844607,nan,335.99340321451689,0.0065422705817062311,3.7513063178464933e-05,0,0,0,0,0,-0.00080164035539395054,0.0043110610265769903,-0.0023497473765109302,-0.0073167847941509904,0.0037159162489035238,-0.0023872604396893951
639089883270044465,nan,336.47519861395745,0.0041389160006452628,5.8988412025766206e-05,0,0,0,0,0,-0.0082777199196183478,0.0024970304329808004,-0.0023872604396799448,-0.0053449422992349685,0.0054175511211074544,-0.0023282720276541786
639089883270344520,nan,326.1381647004718,0.0052204672732873653,0.00048822585245860643,0,0,0,0,0,-0.0024190271006567609,0.0079425191892209309,-0.0023282720276518788,-0.0067454163113463642,0.0050209382902737503,-0.0028164978801104852
639089883270544511,nan,339.1788346470214,0.014937930229317825,0.00026999631561982563,0,0,0,0,0,-0.0076761460632858462,0.0047573565611837947,-0.0028164978801104258,-0.022028566378830806,0.0006161259926329882,-0.0025465015644906002
639089883270844495,nan,338.06074667991129,0.022829894992434319,0.00056628831722000663,0,0,0,0,0,-0.044729357587348785,-0.0059265516516959849,-0.0025465015644905937,-0.023109281731300779,0.0014066894696846319,-0.0031127898817106003
639089883271144244,nan,342.74981521798105,0.014328715142403593,0.00056633866157867509,0,0,0,0,0,-0.024179479492665544,0.0021895591322870422,-0.003112789881708117,-0.011182184899382285,0.0082213425242496363,-0.0036791285432867921
639089883271344488,nan,340.52365422709454,0.0058852424641891417,0.00070878017222761412,0,0,0,0,0,-0.0032985753126547161,0.012725713110679205,-0.0036791285432719607,-3.7564593961347257e-05,0.0078265409403159257,-0.0029703483710443465
639089883271544506,nan,336.04410425343519,0.023431928709315399,0.00097924259056666454,0,0,0,0,0,0.010975578885454843,0.007436396963167796,-0.0029703483710442403,-0.012202946502707927,0.0039996479370192524,-0.0039495909616109048
639089883271844576,nan,326.22862245267214,0.016028945932166999,0.0017200645039749953,0,0,0,0,0,-0.030278454725384412,-0.0016864075002258876,-0.0039495909616064345,-0.014945064925984127,0.0029841668708745581,-0.0022295264576314392
639089883272044423,nan,333.08086224575976,0.0044334759663613704,0.0014262171990538581,0,0,0,0,0,-0.01676034256315307,0.0023119201674887419,-0.0022295264576314283,-0.013280828813522253,0.0050594086952962698,-0.0036557436566852864
639089883272344654,nan,318.82585202077729,0.0042863642154364265,0.001286327839356163,0,0,0,0,0,-0.010809827631284635,0.0081406571811192055,-0.0036557436566852612,-0.0080330496089099507,0.0048753207510050175,-0.0023694158173290982
639089883272644597,nan,348.02602792229698,0.0077148626744104444,0.0016652923256033475,0,0,0,0,0,-0.0028473768017414445,0.0046934114500192447,-0.0023694158173318252,-0.0092684431269468136,0.00041684584987640352,-0.00070412349172847767
639089883272844520,nan,323.39384746553992,0.0076138928891430315,0.0033169266041920683,0,0,0,0,0,-0.010084360712220925,-0.0025277608865380478,-0.00070412349171780262,-0.010788994289755204,0.0050534564595584265,-0.0040210500959098712
639089883273044427,nan,346.05748039648392,0.0055388826072128704,0.0020823637656999013,0,0,0,0,0,-0.012294246397217858,0.0096434157206576523,-0.0040210500959035654,-0.0095717981656890366,0.0048197764137514199,-0.0019386863302036641
639089883273344641,nan,355.29669560154491,0.0055928309601566894,0.0025206623841053585,0,0,0,0,0,-0.0077699005439966617,0.0044738440611491199,-0.0019386863302034375,-0.0095483697206359529,0.0097763722823499422,-0.0044593487143087963
639089883273544445,nan,338.11533104085851,0.010828032046426971,0.0026681109406066772,0,0,0,0,0,-0.0095329393897332654,0.013040861847495295,-0.0044593487143077277,-0.007565822188516238,0.0023930109885132093,-0.0017912377737010505
639089883273844447,nan,323.75620725755437,0.0088067162947003952,0.00045805187738065935,0,0,0,0,0,-0.0046186923649578025,-0.0085826271309461574,-0.0017912377737010607,-0.0045365957501496785,0.00022370650122895418,-0.00224928965108172
639089883274145371,nan,333.26162508537311,0.005372347430494826,0.00056313637531274279,0,0,0,0,0,-0.0015313113594761876,-0.0019284524894897309,-0.0022492896510854041,-0.0037243258288836376,0.0029759133666545589,-0.0028124260263981469
639089883274344613,nan,323.73377749320053,0.0050406488322193282,0.00057835524757674991,0,0,0,0,0,-0.0031925066784344769,0.0047778714088157655,-0.002812426026398176,-0.0081519048404498171,0.0056792650633047123,-0.0033907812739749259
639089883274644641,nan,337.00188932885123,0.0055952739354937359,0.0005253478192696415,0,0,0,0,0,-0.014753576258860115,0.0097100547077278755,-0.0033907812739748461,-0.018867377208163852,0.0059174655970116573,-0.0039161290932444876
639089883274844510,nan,335.06777503861019,0.0065433960160113996,0.00053973331187539891,0,0,0,0,0,-0.025935382156145655,0.0060745844335013417,-0.0039161290932481297,-0.019795280613405429,0.0038129070764954961,-0.0033763957813727308
639089883275044339,nan,337.12168865119162,0.011444540475431121,0.00054177240957580105,0,0,0,0,0,-0.020715817906805527,0.0017250554818850818,-0.0033763957813715923,-0.0092829681343372366,0.0012078971174037916,-0.0028346233717957913
639089883275344664,nan,346.57889498109506,0.014130556969916223,0.0001428489924800466,0,0,0,0,0,0.0063499996344209466,-0.0026660399263116813,-0.0028346233717957835,-0.0063254381100070409,0.0035794318947101915,-0.0029774723642758301
639089883275644691,nan,328.69586051393156,0.0013956599338311956,0.00014033951789986813,0,0,0,0,0,-0.0034048786432103319,0.0059213213388481043,-0.0029774723642789253,-0.0047816380994404649,0.0056924107655173702,-0.0031178118821787934
639089883275844316,nan,333.89131682070229,0.0098539980133521173,8.1865166110754034e-05,0,0,0,0,0,-0.0037678693480414386,0.007079942788401977,-0.0031178118821788346,-0.013103821016154593,0.0039269627222102031,-0.0031996770482895886
639089883276144354,nan,331.57475489062631,0.014973534445636661,0.00069992307902608415,0,0,0,0,0,-0.025494007759146772,0.0012985380455915103,-0.0031996770482830336,-0.010619995768551934,0.0030220522167861003,-0.0024997539692569494
639089883276344289,nan,346.05354390623523,0.004033768370893415,0.0013667104916175875,0,0,0,0,0,-0.008986684037174987,0.0024270019225747954,-0.0024997539692437278,-0.0066715975347297982,0.0057302823763383292,-0.0038664644608613153
639089883276544477,nan,322.06969248124244,0.0064013871185278331,0.00017068192909602299,0,0,0,0,0,-0.0027647368039627404,0.0084100217120515047,-0.0038664644608553634,-0.0091660618053418762,0.0084382222080131349,-0.0036957825317593404
639089883276844397,nan,344.63902241789606,0.0069747916115235785,0.00014905427735506602,0,0,0,0,0,-0.012869472981308342,0.01245857028620327,-0.0036957825317591761,-0.013355115484395746,0.0055007064341740658,-0.0035467282544041101
639089883277044563,nan,331.5694814569909,0.0043544658077571104,0.00069807263778064307,0,0,0,0,0,-0.016129760698506353,0.0035550249729859491,-0.0035467282544034608,-0.012155159269034804,0.0017762849841825,-0.0028486556166228178
639089883277344185,nan,331.71181909982806,0.005596729658925036,0.00027243680674979417,0,0,0,0,0,-0.010377262027309226,-0.0037419485465066266,-0.0028486556166227865,-0.010989276107910529,0.0018212179654932522,-0.0031210924233725807
639089883277644680,nan,336.25276291022232,0.00082534361005923715,0.00010397154725179901,0,0,0,0,0,-0.0098389095443571807,0.0018655529392060659,-0.0031210924233777753,-0.010411167383625753,0.0024602907302209622,-0.0032250639706295743
639089883277844660,nan,340.36835280415784,0.0040757640731954228,0.0016352290242073731,0,0,0,0,0,-0.010034625249824732,0.0028765408443883313,-0.00322506397062958,-0.006024064476980299,0.0021504175300181036,-0.0015898349464222069
639089883278144675,nan,351.51626375603848,0.0053153804826354609,0.0016056416864149256,0,0,0,0,0,0.00048866816088783543,0.0016904052286187419,-0.0015898349464266951,-0.0046419543507493334,0.0030796432637530732,-0.0031954766328416207
639089883278344860,nan,343.42118710531724,0.0059655517240514745,0.0003952060995150268,0,0,0,0,0,-0.0037298209143015238,0.0036928924149323443,-0.0031954766328416294,-0.0092798533567396875,0.0058803446453175885,-0.0035906827323566562
639089883278544540,nan,335.30739097052339,0.0046602042512400308,0.00072913894109957441,0,0,0,0,0,-0.01386296544453627,0.0086479616933770459,-0.003590682732356651,-0.0092352730009639169,0.0080984470793957607,-0.0043198216734562254
639089883278844377,nan,334.90293269309228,0.0067197239932092782,0.00085269939008206621,0,0,0,0,0,-0.0091690639671044554,0.011392687706372846,-0.0043198216734561794,-0.013236941251079683,0.0060441304291782971,-0.0034671222833741132
639089883279144364,nan,330.31982632215664,0.010271152940202904,3.5032522850485942e-05,0,0,0,0,0,-0.017207585300787809,0.0040057405193784715,-0.0034671222833842861,-0.007216084266651674,0.0063861795137438613,-0.003502154806234772
639089883279344509,nan,333.47082073460615,0.0035552981410330053,0.0010895522449856257,0,0,0,0,0,-0.0032421884108735175,0.0066119393089263973,-0.0035021548062491616,-0.0051376519748507444,0.0036040558754689947,-0.0024126025612635359
639089883279644619,nan,345.66211966333151,0.012402998901192997,0.00078060445800206364,0,0,0,0,0,-0.0020521875472879862,-0.00052604908529475065,-0.0024126025612635164,-0.014367514098514288,0.00094606289402446927,-0.00319320701926558
639089883279844481,nan,329.0324826184393,0.0092809215138251085,0.00050626314609946484,0,0,0,0,0,-0.020477696902507562,-0.00081353251387646715,-0.0031932070192644334,-0.011756628599442917,0.0023611283812527899,-0.0026869438731649685
639089883280144368,nan,342.93561018757907,0.0065322474104829329,0.0010707438206615126,0,0,0,0,0,-0.0079222303144715501,0.0044393216529532587,-0.0026869438731649794,-0.014260097339799369,0.0060209972837395745,-0.0037576876938264919
639089883280344451,nan,341.57856711130938,0.0069830800712981844,0.00088141614262557443,0,0,0,0,0,-0.015983535159380009,0.0085405240425816785,-0.0037576876938330275,-0.0093691644047105317,0.0063014378892738195,-0.0028762715512074531
639089883280544460,nan,341.25587413381947,0.0083136368410236319,0.0014870026986987237,0,0,0,0,0,-0.0045024718251526824,0.006580488580026223,-0.0028762715511999062,0.001357264372495355,0.0006830273280637565,-0.0013892688525011824
639089883280844515,nan,327.40233349625765,0.016532442975717803,0.0015756631846119416,0,0,0,0,0,0.017236923389445848,-0.0076346006338952324,-0.001389268852500785,0.0020559382945954134,-0.0010878944166215546,-0.0029649320371127265
639089883281151628,nan,344.92952953718429,0.0091680119603931003,0.0002203968346105303,0,0,0,0,0,0.0027212294475783046,-0.0027742011930686006,-0.0029649320371127243,0.0040152438625490816,0.0063020298528974937,-0.0031853288717232546
639089883281344649,nan,350.71489636980584,0.0076476518318397621,0.0010911704846614904,0,0,0,0,0,0.0052547931583595614,0.010977245181327429,-0.0031853288717234736,0.0012863246032915115,0.0044398270465835464,-0.0020941583870619832
639089883281644546,nan,332.16355309602022,0.0022088726360344913,0.00093922622586552857,0,0,0,0,0,-0.0028879431129365434,0.0015913246480258074,-0.0020941583870353509,-0.0039134078834515591,0.0035477347089932286,-0.0030333846129008794
639089883281844691,nan,352.03073954371132,0.0059215265421310439,0.0011815659459088923,0,0,0,0,0,-0.0073535476793002378,0.0029575269704335107,-0.0030333846129109959,-0.013166523968779386,0.0040861470336592482,-0.0042149505588198882
639089883282044447,nan,327.92640477799125,0.020097659222671531,0.0013665445309345744,0,0,0,0,0,-0.022321176309913697,0.0046188300350445827,-0.0042149505588198856,-0.0022235474810364344,0.0046537826789448235,-0.0028484060278853112
639089883282344902,nan,335.23268091175947,0.016159216038319733,0.00065729600958583118,0,0,0,0,0,0.014060577462289314,0.0054984751426880359,-0.0028484060278846728,-0.00094151566382072503,-0.00050631168188881046,-0.0021911100182988416
639089883282644727,nan,329.51299798096306,0.010629275044881115,0.0019043634466054016,0,0,0,0,0,0.00033058599612972828,-0.0056264378080666758,-0.0021911100182988399,-0.0056511807396673053,0.0031599126685672102,-0.0040954734649042415
639089883282844545,nan,342.75139606631961,0.0075834521805927787,0.00081056853457344563,0,0,0,0,0,-0.0087320027838606491,0.0055581691509165448,-0.0040954734649594413,-0.001213998523300807,0.0065523315690059775,-0.0032849049303859956
639089883283144484,nan,340.76946452055648,0.01036939668598183,7.5410548767505109e-05,0,0,0,0,0,0.0053481587367579459,0.011569386364403645,-0.0032849049303843368,-0.0029117443412450608,0.0053005436663255204,-0.0032094943816168317
639089883283344498,nan,341.52561244757362,0.00528282040545381,1.8585676158507005e-05,0,0,0,0,0,-0.0040662550110550141,0.0044492958088968027,-0.003209494381616336,-0.009299733011076677,0.0037289490454776768,-0.003228080057774843
639089883283644590,nan,338.17915303091155,0.013785654867633654,0.0010963589599178761,0,0,0,0,0,-0.018827381375411692,0.0013849247065751843,-0.0032280800577748629,-0.0065959908949556768,0.0077439629234851469,-0.004324439017692739
639089883283844392,nan,334.70610829506671,0.0056782883708925815,0.0011120249272608411,0,0,0,0,0,-0.0048589122936418755,0.010323496914497104,-0.0043244390176927433,4.8070099921485371e-06,0.0073931055825293595,-0.0032124140904319022
639089883284144257,nan,336.07917242753211,0.012445129424249758,8.9833024148629811e-05,0,0,0,0,0,0.0098088385647474973,0.0068719842739418512,-0.0032124140904397384,-0.0014528141691435886,0.0015751527599544028,-0.0031225810662911086
639089883284344348,nan,345.16224948278108,0.0042513623805660898,0.001054582587860016,0,0,0,0,0,-0.0024293165317106676,-0.0023224612140115989,-0.0031225810662895699,0.00025503331223948779,0.00097425654857854268,-0.0020679984784295539
639089883284644591,nan,342.91309820617175,0.0028453979169703815,0.00096250372646539345,0,0,0,0,0,0.0029023469349637935,4.2814634965458644e-05,-0.0020679984784295583,0.0035316442716607781,0.0028177514212590613,-0.0030305022048949517
639089883284844309,nan,336.36317496057558,0.0050553765013321627,0.00021605423650052644,0,0,0,0,0,0.00547358637540123,0.0039103316377154668,-0.0030305022048841301,0.010385265110893381,0.0051070954279162084,-0.0028144479683836036
639089883285144609,nan,347.84184797505947,0.006435311471536905,3.3772155514788602e-05,0,0,0,0,0,0.02053862917839587,0.0084986666456125081,-0.0028144479683837481,0.024142473738600425,0.003167106074674715,-0.0027806758128689595
639089883285344351,nan,358.8081741635732,0.013232233787117574,0.0012422053222228731,0,0,0,1,1,0.033285509673564993,0.0018777898441704756,-0.002780675812947722,0.046109670662673588,0.0051386035343958351,-0.0040228811351705951
639089883285544503,nan,268.38785581459865,0.00016113509275309944,0.0005648442907364307,0,0,0,0,0,0.067912615782938543,0.0070953598318702774,-0.0040228811351711033,0.068002775073396901,0.0069618090158465804,-0.0034580368444346726
639089883285844522,nan,266.2299508077142,0.018709101605560597,0.00075131715858057493,0,0,0,0,0,0.10060911281222812,0.0096771869988042433,-0.0034580368444352195,0.081925000118039548,0.0087105351907308271,-0.0042093540030157944
639089883286144442,nan,271.64600601166535,0.0057456511969313324,0.00026883910097122952,0,0,0,0,0,0.095862285476752379,0.01046115304351369,-0.0042093540030169367,0.091992717033540616,0.0062139248014600381,-0.0039405149020457072
639089883286344365,nan,261.68639639733726,0.0066786321572623181,0.00028609995614158664,0,0,0,1,1,0.098828264968354423,0.0045188334382792843,-0.0039405149020471661,0.10536701972526266,0.0031591225421590046,-0.0042266148581887528
639089883286644646,nan,243.79408777324193,0.0058363161295674152,0.0002883247953265446,0,0,0,0,0,0.125433565011079,-0.0014242437303434953,-0.004226614858192747,0.11962954920146159,-0.00081106639387391855,-0.0045149396535192916
639089883286844584,nan,250.48784221057969,0.019551569711209159,3.3993064854133739e-05,0,0,0,0,0,0.12917380142478974,-0.0034678521094091194,-0.0045149396535209465,0.14707947371140034,0.0043839488392125557,-0.0045489327183750802
639089883287144681,nan,245.79335936738738,0.0052877700636734335,0.0013636807958235372,0,0,0,0,0,0.18804046871875363,0.012135991761900148,-0.0045489327183829116,0.18598242898272846,0.0072651617821921305,-0.0059126135142064488
639089883287344437,nan,229.20240189564106,0.0018627310356211816,0.00031698735339755115,0,0,0,0,0,0.21176569623813279,0.0091747103707365794,-0.0059126135142138336,0.21309027026074556,0.01048439375601937,-0.0055956261608162824
639089883287588607,nan,228.75796086867663,0.0015699311080609923,0.00041697142901847561,0,0,0,1,1,0.24610863227507712,0.014405538403053182,-0.0055956261608256447,0.24745724816725004,0.013601847629536238,-0.0051786547318071691
639089883287844465,nan,202.34625361434118,0.017147105799068998,0.00054575736026636276,0,0,0,0,0,0.28333957522655995,0.016856759940597297,-0.0051786547318175089,0.26723473635634842,0.010969706157167955,-0.0057244120920838717
639089883288146080,nan,193.08989533961648,0.0091894737257325124,0.0036163128801532567,0,0,0,0,0,0.29065289157158164,0.0078530364891587698,-0.0057244120920997383,0.29614090394454207,0.01522379951276504,-0.009340724972252995
639089883288344560,nan,195.88772337430927,0.0056512354205319072,0.0026744154954943655,0,0,0,1,1,0.31514469712296811,0.018020569788341219,-0.0093407249722790454,0.32071131181754114,0.017046268695024579,-0.0066663094767846799
639089883288644403,nan,171.29485931182916,0.0041441562737225832,0.0038658807321635272,0,0,0,0,0,0.3577786356387721,0.01979567585514197,-0.0066663094768387538,0.36056426666981073,0.022863947515205485,-0.010532190209002281
639089883288844455,nan,172.09748242573926,0.0023062371328115261,0.0018792427859074794,0,0,0,1,1,0.38701544483847256,0.02672525364849191,-0.010532190209055823,0.38904519675378718,0.025630339553671985,-0.0086529474231483439
639089883289144390,nan,151.72493274545204,0.0083272489612007464,0.0017405111177801417,0,0,0,0,0,0.4315952119111614,0.029763281238543906,-0.0086529474232001271,0.42326885523382313,0.029885181786381984,-0.010393458540980269
639089883289344624,nan,153.7127125800717,0.0025531622607577568,0.002215134351632498,0,0,0,1,1,0.44623577849489537,0.032740535053293066,-0.010393458541038493,0.44454746413980162,0.034655798003423416,-0.0081783241894059951
639089883289644281,nan,142.87818699205783,0.004942690502849071,0.0037651559958643104,0,0,0,0,0,0.47646426033944672,0.041811471864380244,-0.0081783241894867915,0.47640525852947779,0.036869133531832098,-0.011943480185351102
639089883289847153,nan,129.65552855208085,0.025654701101303808,0.0023755981191197224,0,0,0,1,1,0.49807395222411793,0.038374576407817704,-0.011943480185403412,0.52269932557612453,0.045568648680982753,-0.0095678820662836901
639089883290144628,nan,113.43656346125276,0.017025577107926824,0.0024418945854293526,0,0,0,0,0,0.59012732132564694,0.058239621613837771,-0.0095678820663428702,0.57337828655644696,0.055183462233489265,-0.012009776651772223
639089883290344200,nan,121.53240379812937,0.0067150145608876185,0.0025581684471191815,0,0,0,1,1,0.60719879992790615,0.061599890747935197,-0.012009776651844604,0.61378085087798695,0.062929562077051235,-0.0094516082047254226
639089883290644411,nan,119.76106842810297,0.045025759749694437,0.0019492642177591831,0,0,0,0,0,0.67415239914709368,0.074504174937789991,-0.0094516082047609012,0.63050028781350664,0.063467317724011887,-0.011400872422520084
639089883290843990,nan,106.25089816084821,0.031908534992337652,0.0027863077590391232,0,0,0,1,1,0.64168650673331218,0.06382710570105099,-0.011400872422548742,0.6730531611291829,0.069682666935231743,-0.0086145646635096187
639089883291144286,nan,90.260364406326147,0.0096737402720470534,0.0019738059465882821,0,0,0,0,0,0.73671497610836711,0.07898122613193656,-0.0086145646635114714,0.74560562683562337,0.082794044052708918,-0.010588370610099753
639089883291344154,nan,97.721234004141536,0.0044042199948238665,0.0024004317586380913,0,0,0,0,0,0.79350168460382564,0.091449618604513921,-0.010588370610105759,0.7896502116049654,0.089313428186536897,-0.0081879388514676677
639089883291644273,nan,97.315490246019337,0.0021559833828509564,0.0020816624344983242,0,0,0,0,0,0.85537453449637479,0.099041800246547629,-0.0081879388514759337,0.85399946497268331,0.10070235682557296,-0.010269601285974258
639089883291844296,nan,88.790208839365334,0.010614361232368971,0.00019957618092529723,0,0,0,1,1,0.89657692738997263,0.10823797931882499,-0.010269601285977861,0.88639642855482692,0.10523429693900949,-0.010070025105052564
639089883292144588,nan,85.133049062696713,0.003903161574502535,0.0016143586406013443,0,0,0,0,0,0.93479268972460416,0.11200434366822062,-0.010070025105052742,0.93089266948270144,0.1118477793382405,-0.011684383745654087
639089883292344749,nan,83.66065026683485,0.030847921384513664,0.0043492890476356681,0,0,0,1,1,0.96048188605473594,0.11624562866046485,-0.011684383745650678,0.99076631373297452,0.1221148444468091,-0.0073350946980150098
639089883292644301,nan,83.391447116894952,0.035497984955619989,0.00031851008554722397,0,0,0,0,0,1.0798361480741385,0.13738843936225439,-0.007335094698026021,1.0457035761143703,0.12763782567281595,-0.007653604783573245
639089883292844292,nan,86.636025601621583,0.023245434611322297,0.00027608584719104618,0,0,0,0,0,1.0823639235272799,0.13132338264678259,-0.0076536047835938396,1.105345606336656,0.13481515662550586,-0.0079296906307848858
639089883293144880,nan,87.622066596508176,0.009705407443112329,0.0089645687853660908,0,0,0,1,1,1.1943282686058392,0.14552334368381162,-0.0079296906308299192,1.1846576977864414,0.14470176370363219,-0.01689425941619601
639089883293344642,nan,96.285610753377597,0.016043379183713662,0.0013568785944508433,0,0,0,0,0,1.2370106647809749,0.15122779529084321,-0.016894259416183402,1.2486179752734905,0.1623030090026753,-0.015537380821732559
639089883293644313,nan,83.128087562490705,0.043948598610425355,0.0031394993194748845,0,0,0,0,0,1.3439776672261432,0.18854506728704851,-0.015537380821742129,1.3037454536222879,0.17085754885302162,-0.012397881502267245
639089883293844360,nan,90.439208014662952,0.017435182606316931,0.0015754636337378287,0,0,0,0,0,1.3405100525446378,0.17656258445384015,-0.012397881502275212,1.3579436681936499,0.17679633200599745,-0.013973345136013041
639089883294098237,nan,96.531385732501818,0.012794261957635973,0.00057257026466638224,0,0,0,1,1,1.4263790773668557,0.18429515938027766,-0.013973345135999035,1.4385890924607108,0.18811728842682246,-0.014545915400665417
639089883294344308,nan,93.35708209035576,0.0069284058230574801,0.0064585251303581892,0,0,0,0,0,1.5161642346598276,0.19900724048742824,-0.014545915400621971,1.5113588479842062,0.2039983391787723,-0.0080873902702637817
639089883294644220,nan,94.69621641484072,0.020747632032213886,0.0022384231150234602,0,0,0,0,0,1.5995538756126226,0.22324575453368956,-0.0080873902702667741,1.5798475532916638,0.21675536968172368,-0.0058489671552433139
639089883294844342,nan,99.091568726016845,0.0044872612651422131,0.0028369616508177944,0,0,0,1,1,1.6256626089627249,0.22528909885745246,-0.0058489671552610237,1.6300417873503883,0.22431016560606751,-0.0030120055044432293
639089883295144788,nan,80.561963946175993,0.01291575963077695,0.006888850701867847,0,0,0,1,1,1.7053894274411439,0.23565083161962977,-0.0030120055045476327,1.692583698649784,0.2373331386552639,-0.0099008562064154797
639089883295344309,nan,76.720132602591391,0.041500303297327741,0.0019647122152310695,0,0,0,0,0,1.734167902414721,0.2459921315394212,-0.0099008562064700004,1.7722706403746595,0.26243769427611247,-0.01186556842170107
639089883295644270,nan,70.137549054112412,0.023260209835329799,0.0023017428908838847,0,0,0,0,0,1.8912936824253177,0.29993468581130883,-0.011865568421742974,1.8697008613698483,0.29128671261234201,-0.014167311312626859
639089883295844229,nan,78.233890872740048,0.0087873141685839481,0.0025769447404237495,0,0,0,1,1,1.9342550979827253,0.31040117562703801,-0.014167311312694556,1.9389993717051304,0.30300463879252598,-0.011590366572270807
639089883296144921,nan,76.538411931210206,0.024309522265337457,0.0075916160406269296,0,0,0,0,0,2.0429698410855321,0.3205853671404244,-0.01159036657239085,2.0188460753030206,0.31758590098134476,-0.019181982613017779
639089883296344391,nan,74.893419412643382,0.01481736488443529,0.0030383649460603984,0,0,0,1,1,2.0718332906684234,0.327262198750496,-0.019181982613046076,2.0822820252826695,0.33776830397934038,-0.016143617666985677
639089883296644158,nan,64.782468060080518,0.019562105944828906,0.00023229335323041514,0,0,0,0,0,2.1773306893006508,0.36800841928063882,-0.01614361766705141,2.158331180691607,0.36335066643064962,-0.016375911020281825
639089883296844204,nan,68.289159671700347,0.018911294849999667,0.0041358650108096855,0,0,0,1,1,2.209164976271083,0.38045077196498517,-0.016375911020306222,2.228061657191561,0.37970745299357006,-0.012240046009496536
639089883297144762,nan,60.599329599495874,0.0094610609616644567,0.0017021013382729003,0,0,0,0,0,2.3322943596881553,0.40415748048785088,-0.012240046009532584,2.3228337378525734,0.40406632674716303,-0.010537944671259684
639089883297344345,nan,61.731740058090196,0.027310478773462443,0.0052677860948703139,0,0,0,1,1,2.3853379550749927,0.42013152575692164,-0.010537944671302401,2.4099546101010039,0.43195872095130738,-0.0052701585764320874
639089883297644239,nan,52.728056671206346,0.031553451855923773,0.0012670230264654305,0,0,0,1,1,2.5403244083484271,0.47369757997768047,-0.0052701585765476356,2.5096981630918092,0.46610459469482984,-0.0040031355500822052
639089883297944658,nan,44.028308452951457,0.021625537610652053,0.005570358804428922,0,0,0,0,0,2.6094559098192747,0.50025532747460488,-0.0040031355502314105,2.5885148294600877,0.49485763997533255,-0.0095734943546603325
639089883298144383,nan,55.981254055779637,0.026757083864493842,0.0013425006422932463,0,0,0,1,1,2.6408058213209911,0.51393387506644361,-0.0095734943547423762,2.6661224699683537,0.52259463936282935,-0.0082309937124491299
639089883298344635,nan,45.259469347222328,0.020434203937336876,0.0056677099077966538,0,0,0,0,0,2.7434533309751545,0.55023271765425452,-0.0082309937124848929,2.7621084668134275,0.55857193808594108,-0.0025632838046882392
639089883298644627,nan,51.756935092470982,0.050413202701363291,0.0048983204907480961,0,0,0,1,1,2.9051834157188972,0.61219903313892332,-0.002563283804717867,2.8573568677056778,0.59625813254491788,-0.0074616042954659635
639089883298844167,nan,48.847284681258714,0.014275517022003185,0.0019277476731763233,0,0,0,0,0,2.9207378636743053,0.62133559858846243,-0.0074616042954947096,2.9348645649002987,0.62339149224257506,-0.0055338566223183863
639089883299144535,nan,49.543038829180041,0.020861589804352765,0.0068600681497387678,0,0,0,1,1,3.0509967114227234,0.66404623258586915,-0.0055338566223960958,3.0327043060880912,0.65401658472372604,-0.012393924772134864
639089883299344695,nan,50.700776243350845,0.021758606447796452,0.00036954785638487926,0,0,0,0,0,3.0976274017681029,0.67433834544411364,-0.01239392477215831,3.1164659512815245,0.68522622892899965,-0.012763472628543189
639089883299644394,nan,47.894318816693307,0.027830947615911136,0.0039020710396961925,0,0,0,0,0,3.2414782872253927,0.73180590769567389,-0.012763472628546319,3.2153683215057356,0.72217100575959159,-0.016665543668242511
639089883299844302,nan,54.568603359932645,0.011284460838757934,0.003514523849722128,0,0,0,1,1,3.2810812439824026,0.7467179326965574,-0.016665543668206738,3.290935182903183,0.75221692752897829,-0.01315101981848461
639089883300144397,nan,45.350495510182689,0.020558991934277751,0.002534818866030155,0,0,0,1,1,3.4034377623036085,0.7969487535835349,-0.013151019818537304,3.3842093829060387,0.78967265743952952,-0.015685838684567459
639089883300344370,nan,41.932333616118804,0.018165546214077587,0.0029634928920141274,0,0,0,0,0,3.4458652442444722,0.81443154349402325,-0.015685838684538104,3.461196339846988,0.82417549427808956,-0.012722345792523976
639089883300644274,nan,53.816959949356928,0.0235239149754661,0.0035655166921947212,0,0,0,0,0,3.5760832694667783,0.87566376118796574,-0.012722345792525699,3.5568555790989405,0.862111252236059,-0.0091568291003309779
639089883300844110,nan,56.167781630419761,0.013931694701470605,0.0037873745715297918,0,0,0,1,1,3.6203069482079648,0.88727427673264581,-0.0091568291003115941,3.6336821208527641,0.89117259354593814,-0.012944203671841386
639089883301144554,nan,49.424230636234689,0.030175562574445248,0.0025275504331330814,0,0,0,1,1,3.74844963406726,0.9345859477940035,-0.012944203671789174,3.7199366347318872,0.92470802060327706,-0.010416653238656093
639089883301444401,nan,45.220355172504398,0.017731446706397789,0.0070206203455749272,0,0,0,0,0,3.8057161624231046,0.95805877483665136,-0.010416653238541631,3.7888224347398674,0.95267303744364307,-0.0033960328929667034
639089883301644137,nan,48.086116218581672,0.02449068547481149,0.0014157886616325229,0,0,0,1,1,3.8345406263678847,0.97123288575259026,-0.0033960328928413041,3.8584170426550797,0.97668361233780021,-0.0048118215544738271
639089883301844351,nan,39.179759841492725,0.019202870961941166,0.0030666643019145344,0,0,0,0,0,3.9274936964321676,1.0005154898156241,-0.0048118215543116157,3.9462528353695769,1.0046197509559436,-0.0017451572523970815
639089883302145754,nan,44.635347961942188,0.04799951399895603,0.0049613471566099573,0,0,0,1,1,4.07738251361212,1.0463254924893901,-0.001745157252211331,4.0312881676542824,1.0329365188597515,0.0032161899043986258
639089883302344943,nan,44.503673121013314,0.00089687301257556479,0.0006440972272099485,0,0,0,0,0,4.0871197338579899,1.0515284318848368,0.0032161899046275317,4.0874668424172667,1.0523554124461338,0.0038602871318374802
639089883302644367,nan,46.302856372175903,0.011877761715271558,0.0038313529022859201,0,0,0,1,1,4.1714079573995884,1.0813707565467394,0.0038602871319991022,4.1604678630249996,1.076745223232638,0.0076916400342850223
639089883302944411,nan,59.325681852147085,0.0071287158712104379,0.00027839387820192529,0,0,0,0,0,4.2333843560162983,1.1011067931458791,0.0076916400343816508,4.2273347079342312,1.0973358054694753,0.007970033912583576
639089883303144417,nan,59.048333328500632,0.019975521828729813,0.00081246772637922661,0,0,0,1,1,4.2717208394779833,1.1110038092906116,0.0079700339127877374,4.291691404331047,1.1114487944360245,0.0071575661864085108
639089883303344160,nan,47.438229189390874,0.019858607455368476,0.00032753454525967073,0,0,0,0,0,4.3555553237024327,1.1254537207282564,0.0071575661866201895,4.3744959202465603,1.1314218102566564,0.0068300316413605188
639089883303644267,nan,50.42921239319859,0.04737221735326156,0.0060543829919234597,0,0,0,1,1,4.4980530686235891,1.161224639872912,0.0068300316414674446,4.4521519633900786,1.1495107372223499,0.012884414633390904
639089883303844348,nan,48.210397225540149,0.0057690026478970655,0.0035205164246642079,0,0,0,0,0,4.5037018905657575,1.1615185968816983,0.01288441463347152,4.4990895069245109,1.1580534405075351,0.0093638982088073124
639089883304144429,nan,54.273427341460817,0.011278486849969391,0.0011764174353076032,0,0,0,1,1,4.5691733086085717,1.1708087974734467,0.0093638982089603237,4.5580741199681842,1.1688057305374644,0.010540315644267927
639089883304344223,nan,46.02423241712345,0.023135782063049046,0.0022363109783925909,0,0,0,0,0,4.5971289802656958,1.1759250310351432,0.010540315644437867,4.6197411940601656,1.1808191294181034,0.0083040046660452765
639089883304644471,nan,48.654722677202649,0.014210154667717908,0.0079222594500366911,0,0,0,1,1,4.7118253099800116,1.1987580900612833,0.0083040046662882141,4.6980704055480293,1.1951900233932542,0.016226264116324905
639089883304944261,nan,46.813555361540139,0.015267139708441535,0.0030678741574304419,0,0,0,0,0,4.775887104685606,1.2094668878166321,0.016226264116479663,4.7608244657378371,1.2069764134027443,0.019294138273910105
639089883305144296,nan,49.735817342850467,0.013741085775096546,0.0037959043108628399,0,0,0,1,1,4.8025254397839117,1.2148086387981376,0.01929413827409197,4.8161022973332024,1.212690531774206,0.01549823396322913
639089883305345727,nan,47.238130494702673,0.013756956456344675,0.00077505161187617008,0,0,0,0,0,4.8714130443614989,1.2184080526430991,0.015498233963449737,4.8850515461199553,1.2166066307806955,0.014723182351573567
639089883305644395,nan,56.69029244838724,0.029470722109223118,0.0075274748424637942,0,0,0,1,1,4.986659963949462,1.2223776671750695,0.014723182351781343,4.9572011496153419,1.2232153542687334,0.022250657194245137
639089883305843945,nan,47.199181094097916,0.0018236052692611597,0.0052685245413456837,0,0,0,1,1,5.0051824804558258,1.2276103243413423,0.022250657194430978,5.0069058698751245,1.2282065332707675,0.016982132653085295
639089883306144437,nan,46.872044349926291,0.013684431455611509,0.0039540775651846632,0,0,0,1,1,5.081355178014217,1.2356824796508634,0.016982132653283483,5.0676971342822661,1.2348330647466814,0.020936210218468147
639089883306444493,nan,47.124272640554061,0.0090133058556115218,0.003403749679497959,0,0,0,0,0,5.1281921857921127,1.2414273076346438,0.020936210218595316,5.1233581304829894,1.2338199696169705,0.024339959898093275
639089883306644171,nan,53.036412093134189,0.023207518537886194,0.0039579099238980266,0,0,0,1,1,5.1602714222857795,1.2331481046001795,0.024339959898193996,5.1834580121312994,1.2341334816965057,0.02038204997429597
639089883306944561,nan,46.503930037835808,0.017994727041845408,0.0024611261248643698,0,0,0,1,1,5.2732266195826796,1.2346017612010105,0.020382049974601926,5.2552393311368188,1.2340844067036612,0.022843176099466296
639089883307144194,nan,49.327828336174498,0.0074857700996489897,0.003134410799418088,0,0,0,1,1,5.3025127863854538,1.2340520870902825,0.022843176099755971,5.3099938361246322,1.2337862886991331,0.019708765300337883
639089883307344324,nan,45.587629331601455,0.0060318842018971608,0.0030386993042932665,0,0,0,1,1,5.3642863943678751,1.2334906858235744,0.019708765300693067,5.3699880414664021,1.231522222618697,0.016670065996399801
639089883307644498,nan,47.562488268813546,0.029703484551701589,0.0060997338947072696,0,0,0,1,1,5.4589846105001287,1.2281636630365409,0.016670065996868925,5.4293661711698293,1.2259175450185933,0.022769799891576195
639089883307944640,nan,41.136790614653648,0.011219843505234974,0.0049725755391027034,0,0,0,1,1,5.4884036451024709,1.2203450217786453,0.022769799892212988,5.4773350468521596,1.218508987722543,0.027742375431315691
639089883308144666,nan,37.756728729174064,0.014370176773156671,0.0072133576311142651,0,0,0,1,1,5.5091590220794577,1.213593931021592,0.027742375431961869,5.5231756330331887,1.210425872015904,0.020529017800847604
639089883308444721,nan,37.495732249001946,0.0083622131615461778,0.0065954735685299394,0,0,0,1,1,5.5913493115588295,1.1984047401417655,0.020529017801905247,5.5839138955088927,1.202231121869126,0.027124491370435187
639089883308644260,nan,31.535482392733599,0.0089777381272484452,0.0052106245610872709,0,0,0,1,1,5.6239380009956399,1.1968311066078501,0.027124491371604196,5.6277347893041743,1.188695740579107,0.021913866810516925
639089883308844078,nan,47.06903352793222,0.0075789609294514082,0.0052948775146373743,0,0,0,1,1,5.6712098622519393,1.1752671763031599,0.021913866811717704,5.6771102143535757,1.1705104448784454,0.01661898929708033
639089883309144560,nan,38.200945313422316,0.027174723325297658,0.0074995319800108436,0,0,0,1,1,5.750763617069385,1.1433834093864612,0.016618989298415959,5.7256863010082029,1.1538521154657269,0.024118521278426803
639089883309344586,nan,38.230043447431221,0.0025005403270250189,0.0087027778892229263,0,0,0,1,1,5.7575789190346516,1.1429150932906815,0.024118521279724855,5.7573175272098993,1.1404282526763616,0.015415743390501929
639089883309644361,nan,49.966568368585783,0.0042892488976384938,0.0074675472887184256,0,0,0,1,1,5.8040132565561926,1.1206112193562823,0.015415743391841555,5.8030134987250479,1.1247823271689572,0.02288329068055998
639089883309944419,nan,44.870971753915519,0.0076993218300039851,0.0068089972385183793,0,0,0,1,1,5.8482852129865766,1.109281663862268,0.022883290682175175,5.8413442531195336,1.1059496025233855,0.029692287920693554
639089883310144029,nan,43.193006869931516,0.013717785850039327,0.0072860839093824258,0,0,0,1,1,5.866566185120484,1.093557524467349,0.029692287922313057,5.8781925527992733,1.0862770558543309,0.022406204012930631
639089883310444189,nan,57.069713639350361,0.012550480200516452,0.0088212521652291757,0,0,0,1,1,5.9330713346370816,1.056978406900964,0.022406204014777414,5.9206898079624946,1.0590308080484119,0.03122745618000659
639089883310644408,nan,66.538194755582751,0.00548489824836199,0.0094771397076457084,0,0,0,1,1,5.9487828940452712,1.0410194992684796,0.031227456181881504,5.9473052074921027,1.035737402029175,0.021750316474235795
639089883310844060,nan,86.81828529431688,0.012528238526837085,0.0079062828349305489,0,0,0,1,1,5.9735934323082294,1.0127303345047582,0.021750316476158882,5.9854454357574474,1.0086699435352764,0.013844033641228333
639089883311144502,nan,69.505715435598887,0.024069371446980573,0.0065609716012262481,0,0,0,1,1,6.0422786254213037,0.96833641454850661,0.01384403364359996,6.0219179492756725,0.98117298374535389,0.020405005244826208
639089883311444548,nan,68.475522036133626,0.011869493226728769,0.010708432048599378,0,0,0,1,1,6.0579803293249697,0.95398522730929369,0.020405005247261351,6.0475601991537857,0.9596690426366018,0.031113437295860729
639089883311644311,nan,68.280311962850206,0.015043177392473361,0.008710525807676877,0,0,0,1,1,6.0645221756571015,0.94544449738222203,0.031113437298329358,6.0695509183272387,0.93126673545662308,0.022402911490652481
639089883311944544,nan,72.878658768664451,0.0045114062313541259,0.0083302265557531965,0,0,0,1,1,6.102334223642579,0.88892516851663084,0.022402911492852975,6.1009105462134565,0.89320604795456271,0.030733138048606171
639089883312144379,nan,78.901282207277362,0.009224705270118044,0.010550660313285411,0,0,0,1,1,6.1216229490085974,0.86806773020848027,0.030733138050712455,6.1297976942028258,0.86379353691266614,0.020182477737427044
639089883312344687,nan,105.76120763102996,0.0024295642088314404,0.0086207623336454244,0,0,0,1,1,6.1585079895539803,0.83456109488195029,0.020182477739453211,6.1592440952783702,0.83224572652953743,0.011561715405807787
639089883312643910,nan,113.48797261822671,0.026554247549641891,0.0098939177112198663,0,0,0,1,1,6.2028468166250992,0.78553134599434071,0.011561715408132268,6.1816243644121212,0.80149178411475352,0.021455633119352134
639089883312946130,nan,100.5579986358627,0.0094484027483496425,0.0092707769843675611,0,0,0,1,1,6.204043422288227,0.77068453998399888,0.021455633121655018,6.1947734386269113,0.77251202935851271,0.030726410106022579
639089883313144300,nan,92.896117421390358,0.02056731599826488,0.0098351712437007785,0,0,0,1,1,6.2033316544744093,0.75365024545189452,0.030726410108392745,6.2165159694870935,0.73786454543514546,0.020891238864691967
639089883313444208,nan,88.01669985343878,0.014290464099506373,0.0091586277291254084,0,0,0,1,1,6.2491398697927973,0.68587721844786143,0.020891238866708222,6.2379262436232761,0.69473565805704252,0.03004986659583363
639089883313644086,nan,70.050085353880348,0.0052830514936624828,0.0096229640602721982,0,0,0,1,1,6.2520657368676193,0.66625304228856108,0.030049866597679636,6.2523588239582004,0.66097812683501833,0.020426902537407438
639089883313844204,nan,65.013955069765885,0.0075570486389242523,0.0073313432068856047,0,0,0,1,1,6.2666740732976409,0.62749503058244782,0.020426902539245863,6.2681948534766319,0.62009258424503644,0.013095559332360259
639089883314144473,nan,64.336940569382179,0.020413396520088684,0.0080885022530710338,0,0,0,1,1,6.2917733834976195,0.55921741397206903,0.013095559334076381,6.28370894568525,0.57797032308657159,0.021184061587147415
639089883314444107,nan,59.609935954580926,0.010441009345720249,0.0083658193729381006,0,0,0,1,1,6.2991158936861105,0.53613896881715373,0.021184061588926249,6.2914270878409946,0.54320274548643832,0.029549880961864349
639089883314644157,nan,55.144504343003632,0.01490113832640449,0.012996772055541974,0,0,0,1,1,6.2965504439167876,0.52012378731958564,0.029549880963694895,6.3034511434932288,0.50691680928604799,0.016553108908152921
639089883314945903,nan,42.500843278422941,0.0036785982302272495,0.0082007542196921961,0,0,0,1,1,6.3214081779970801,0.45272645727832939,0.01655310891016188,6.3195650188792563,0.45590998510227154,0.024753863129854076
639089883315144226,nan,44.129035558765516,0.005416415402703368,0.0092330937975725422,0,0,0,1,1,6.330036569380292,0.42276336316668239,0.024753863131792689,6.3264143997760405,0.41873627449461687,0.015520769334220147
639089883315444182,nan,55.156309622623631,0.010654633334671764,0.0060044886441899276,0,0,0,1,1,6.3366706404058473,0.36307248139560672,0.01552076933582895,6.3357543030900345,0.3736876374198933,0.021525257980018878
639089883315644026,nan,46.781801475953827,0.0077946691388814772,0.0098374781353487602,0,0,0,1,1,6.3419146547883036,0.34397475511497816,0.02152525798166674,6.3427494760167722,0.33622492024569678,0.01168777984631798
639089883315944655,nan,44.543583168783748,0.01258601678436271,0.0091700448239863657,0,0,0,1,1,6.3531752752434514,0.28038945029596396,0.011687779848255352,6.3438721350861265,0.28886644278796419,0.020857824672241718
639089883316144873,nan,49.450235499977026,0.009545747703107732,0.011139390110168476,0,0,0,1,1,6.3446060583819905,0.25790647389655041,0.020857824674122422,6.346622513358307,0.24857613582443988,0.0097184345639539458
639089883316444467,nan,42.771463056501688,0.0097045800143205144,0.01188982596072681,0,0,0,1,1,6.3506961460246654,0.18890146770902455,0.0097184345659185149,6.3479226029895379,0.19820127051804395,0.021608260526645325
639089883316644283,nan,42.096426645584629,0.0069443330928702788,0.013446771617337825,0,0,0,1,1,6.3487779489205893,0.16505898937678773,0.021608260528416728,6.3481954146247492,0.15813913273817856,0.008161488911078903
639089883316944796,nan,35.765846172883364,0.010957040326734753,0.0075768389094683294,0,0,0,1,1,6.3486001282894886,0.098707303206320957,0.0081614889131869199,6.3478729859987837,0.10964018923018309,0.015738327822655249
639089883317144499,nan,30.448185680526215,0.013514947410617624,0.0065593981816985548,0,0,0,1,1,6.3476594810963443,0.077525291953066261,0.015738327825245209,6.3447401778745505,0.064329403494497645,0.0091789296435466541
639089883317385015,nan,30.613977011625011,0.0040993386601550861,0.0020464080270351801,0,0,0,1,1,6.3409796684010908,0.0099399764207708588,0.0091789296459534268,6.3404428489361164,0.0058759387348399465,0.0071325216189182467
639089883317589458,nan,23.022139869695874,0.0061290065732398993,0.0049417900476455851,0,0,0,1,1,6.3368115991906961,-0.043517331379773205,0.0071325216211390189,6.3367738356805914,-0.049646221613096238,0.0021907315734934342
639089883317857968,nan,25.399963234326759,0.015659918427226343,0.0010768273487093446,0,0,0,1,1,6.3319857068650585,-0.12210364745156876,0.0021907315752518887,6.3317791622472797,-0.10644509118132948,0.0032675589239612333
639089883318144625,nan,23.600383835924713,0.0082560456893973934,0.00058197519731106482,0,0,0,1,1,6.3264989832152061,-0.16649069859570745,0.0032675589256629983,6.3268101646785562,-0.1582405194144845,0.0026855837283519335
639089883318444333,nan,31.603386187342466,0.0039474553274442869,0.005602309091025999,0,0,0,1,1,6.3216570633558105,-0.21195499321910835,0.0026855837293148534,6.3199814568161905,-0.21552917092685472,0.0082878928203408524
639089883318644076,nan,47.491116341335875,0.024298097331723934,0.0069312507349166821,0,0,0,1,1,6.31544527516711,-0.25358494003116333,0.0082878928213735471,6.3087223461607547,-0.27693445307785097,0.0013566420864568652
639089883318945075,nan,53.386170303231793,0.019115033182011753,0.0083482407205977827,0,0,0,1,1,6.2918144507139377,-0.36914725054157138,0.0013566420870830881,6.2942693791894495,-0.35019051507025323,0.0097048828076808698
639089883319144503,nan,63.072096823051197,0.0081046659028102593,0.01401628669149135,0,0,0,1,1,6.2847643823080821,-0.39836738021922097,0.0097048828080848904,6.2791386376595897,-0.40420147025504782,-0.0043114038834064583
639089883319443990,nan,87.139044774610554,0.01948681538097875,0.0040977899319744092,0,0,0,0,0,6.2565952753411782,-0.4846726440895523,-0.0043114038833706571,6.267891981252534,-0.46879434414136234,-0.0084091938153450663
639089883319643941,nan,130.15975601291768,0.022496818712253657,9.7150509015644579e-05,0,0,0,1,2,6.2604391724180894,-0.51159802940732846,-0.0084091938153281268,6.2568652070459851,-0.53380914427558768,-0.0085063443243437713
639089883319944545,nan,117.9108115949428,0.026845995059291663,0.011287197323808335,0,0,0,0,0,6.2403514337832489,-0.63117575830320216,-0.0085063443245836281,6.2445113270361228,-0.60465401743183012,-0.019793541648391963
639089883320144536,nan,164.87387792176619,0.012432858111158974,0.0046487319606867868,0,0,0,0,0,6.2363005078372007,-0.65173998914209985,-0.019793541648701542,6.2323700317261421,-0.66353521352964795,-0.024442273609388328
639089883320443967,nan,209.36175797999482,0.01623144753846861,0.0015000458401775649,0,0,0,1,2,6.2142336519033927,-0.75149055186739022,-0.024442273609656784,6.2192093588848243,-0.73604056063020851,-0.025942319449834349
639089883320644097,nan,138.95846585507229,0.010224716671267038,0.001944870811921226,0,0,0,1,2,6.2104064330334099,-0.78453801984471827,-0.025942319450330004,6.2110472832338939,-0.79474263360655295,-0.02788719026225123
639089883320945099,nan,143.4652475270841,0.021609735299186323,0.01176593352961107,0,0,0,1,2,6.1987639592907895,-0.88308493884088635,-0.027887190263291881,6.2012696402929377,-0.86162096384983744,-0.03965312379290295
639089883321144495,nan,156.20036524721493,0.016481483437639988,0.0021671638226630971,0,0,0,1,2,6.1947503115983782,-0.90621267373657821,-0.039653123794165315,6.196278098663047,-0.92262319362444989,-0.037485959971502218
639089883321444088,nan,166.33090348205104,0.019797787441730302,0.008873979970206565,0,0,0,1,2,6.1888003908556133,-1.0140091588590985,-0.037485959973166075,6.1939533289390081,-0.99489373009862769,-0.04635993994337264
639089883321643959,nan,145.38032755636817,0.011815499397227871,0.00514513420614994,0,0,0,1,2,6.192396733501587,-1.0432838937232007,-0.046359939945206277,6.1970229536885295,-1.0541560652076751,-0.041214805739056337
639089883321944881,nan,128.34422502490924,0.028699536977266366,0.010456164577021879,0,0,0,1,2,6.2016413106415236,-1.1433183048085191,-0.04121480574134876,6.1971245065413427,-1.114976429368985,-0.051670970318370639
639089883322144374,nan,124.11303992226203,0.016242086232978254,0.0061394249711215695,0,0,0,1,2,6.1971918870599474,-1.1553308612275077,-0.051670970321039358,6.2024544783767475,-1.1706967487004734,-0.045531545349917789
639089883322444005,nan,103.72936793494466,0.024581653738076536,0.0058370804548080676,0,0,0,1,2,6.2104161332448875,-1.2539290743786415,-0.045531545352568419,6.2100388313994257,-1.2293503163991157,-0.051368625807376486
639089883322644073,nan,105.84268443485186,0.0093712543710296765,0.0071399457286607723,0,0,0,1,2,6.2150989220314043,-1.268482509686611,-0.05136862581004973,6.221067503589178,-1.2757072202465398,-0.044228680081388957
639089883322944590,nan,97.627074299240917,0.021169192513871445,0.0064722977581668437,0,0,0,1,2,6.2376208901211916,-1.3452861989858675,-0.044228680083622879,6.2262387826425858,-1.3274373239223007,-0.050700977841789723
639089883323144830,nan,92.841268315719333,0.0097876700903667836,0.006728198201763326,0,0,0,1,2,6.2296975310205447,-1.3620363873904144,-0.050700977843975301,6.2312000982551536,-1.3717080355179747,-0.043972779642211975
639089883323444386,nan,87.477573062399799,0.02248198762244286,0.0068995199681023203,0,0,0,1,2,6.2385972419110862,-1.4377140788734926,-0.043972779644424712,6.2404351777778633,-1.415307344189356,-0.050872299612527032
639089883323644046,nan,76.843940557367745,0.0085628186734532236,0.011605341487355786,0,0,0,1,2,6.2466313066170187,-1.4445596027282992,-0.050872299614536765,6.2533057015580233,-1.4499237723570424,-0.039266958127180979
639089883323944530,nan,76.433318098812208,0.015518165019026158,0.007143134514528339,0,0,0,1,2,6.2726643159364119,-1.5019905021577693,-0.039266958128814471,6.2678161279578823,-1.4872491142013193,-0.04641009264334281
639089883324144582,nan,78.680321955963635,0.0091031934258808088,0.010288724016745396,0,0,0,1,2,6.2775626621953382,-1.5123202397620075,-0.04641009264497057,6.2807814694826538,-1.5208353680755518,-0.036121368628225174
639089883324444050,nan,71.122547401331673,0.013289284555246752,0.0071144334389901601,0,0,0,1,2,6.3001894355741141,-1.5711110106480892,-0.036121368629971388,6.2985931469167769,-1.5579179463144033,-0.043235802068961549
639089883324643963,nan,60.918065981076388,0.0035463705447314376,0.0059412528920331775,0,0,0,1,2,6.3105050653688028,-1.5827176682724169,-0.04323580207069793,6.3140502648507573,-1.5826265382900353,-0.037294549178664753
639089883324944480,nan,53.863442498323757,0.014191968614346897,0.0039652151555271617,0,0,0,1,2,6.3373059155355937,-1.6198012811077918,-0.037294549179730581,6.3305159745846913,-1.6073389909878393,-0.041259764335257743
639089883325144073,nan,54.583090670222219,0.0039198952332168916,0.0084682714329195052,0,0,0,1,2,6.3416305964608739,-1.6240202984934049,-0.041259764336245258,6.3440263805605381,-1.6271228453805917,-0.032791492903325753
639089883325444086,nan,50.646919435825069,0.0090651207124454441,0.0048919103455982993,0,0,0,1,2,6.3644197692903495,-1.6569857402430157,-0.032791492904289232,6.3615666401950914,-1.6483813188274294,-0.037683403249887532
639089883325644007,nan,47.610231427380072,0.0062432535491953991,0.0083229637680073722,0,0,0,1,2,6.3733934904006961,-1.6627152446810858,-0.037683403250836467,6.3791004181730324,-1.6652468825463576,-0.029360439482829095
639089883325944660,nan,52.302770590503798,0.012348724980504738,0.0067025411280991522,0,0,0,1,2,6.4055074304495578,-1.6906475206026037,-0.029360439483570731,6.3995175903156261,-1.6798487788326528,-0.036062980611669883
639089883326144281,nan,35.820559994014673,0.0051640689887487729,0.0051738497010351929,0,0,0,1,2,6.4131761178034781,-1.6896170464658116,-0.036062980612431107,6.4178088973912573,-1.6918984850057712,-0.030889130911395914
639089883326444164,nan,36.570361747770477,0.010703498861913695,0.00482434020418257,0,0,0,1,2,6.445280488125797,-1.7099958574401544,-0.030889130912277955,6.4375865627101794,-1.7025548629107987,-0.035713471116460525
639089883326644096,nan,31.607888438862759,0.0081268940707386987,0.0042413783104056843,0,0,0,1,2,6.4508358005484592,-1.7096936673693421,-0.035713471117354539,6.458232984536429,-1.7130593881368941,-0.031472092806948855
639089883326944839,nan,24.710054944343042,0.011397194819494607,0.0066349086892997858,0,0,0,1,2,6.4891835478899615,-1.7288064738181375,-0.031472092807971253,6.4783175446945389,-1.7253675751120718,-0.038107001497271038
639089883327144565,nan,30.61702035852915,0.0086720848795450757,0.0049837056858868661,0,0,0,1,2,6.4917404189050911,-1.733593358710378,-0.038107001498324918,6.4995824243660678,-1.7372957912226659,-0.033123295812438051
639089883327444144,nan,28.91744392162526,0.0091806800176821059,0.0073663448325197098,0,0,0,1,2,6.5314803709724973,-1.7551884671504352,-0.033123295813628634,6.5230983367478297,-1.7514432851997728,-0.040489640646148344
639089883327644028,nan,29.413658983173374,0.0068847513073075012,0.0054297904088499299,0,0,0,1,2,6.5389310384351713,-1.7609684547159135,-0.040489640647409342,6.5455738697215669,-1.7627774856896552,-0.035059850238559412
639089883327944337,nan,26.955560769972816,0.0082568555626684349,0.0046618529000503756,0,0,0,1,2,6.5796414614485563,-1.7799574526916548,-0.035059850239841893,6.5718614850294035,-1.7771920176987117,-0.039721703139892268
639089883328144423,nan,27.70486699850257,0.010310972371134534,0.0075211864390018826,0,0,0,1,2,6.5894820796317441,-1.7868540818281395,-0.039721703141200777,6.5988286716527034,-1.7912080878952048,-0.032200516702198895
639089883328444306,nan,34.760213748686162,0.012804259116851032,0.0080408589166938854,0,0,0,1,2,6.6393691386494735,-1.8122788076244327,-0.032200516703456403,6.629554016084434,-1.8040561304104887,-0.040241375620150288
639089883328744595,nan,30.511787315585639,0.0021835300977605001,0.0073812508243047206,0,0,0,1,2,6.6604608402966212,-1.8169800601120059,-0.040241375621958009,6.6586173764376246,-1.8158098273623362,-0.047622626446262729
639089883328944534,nan,38.314151414951517,0.01255419954692533,0.0059398111147906107,0,0,0,1,2,6.6780653128888989,-1.8236748900601525,-0.047622626448155306,6.6898700327881215,-1.8279476543135273,-0.041682815333364695
639089883329144652,nan,28.986920671932982,0.005670973705249281,0.0098010292137592908,0,0,0,1,2,6.721098151935835,-1.8400759515684932,-0.041682815335151141,6.7267486044591518,-1.840557956804328,-0.03188178612139185
639089883329444496,nan,35.512060759269289,0.021887075200373283,0.0038787773656848087,0,0,0,1,2,6.7817432424839419,-1.8593628884879883,-0.031881786122771906,6.7603014490130366,-1.8549704457077303,-0.035760563488456715
639089883329644192,nan,32.138665267207507,0.011484795883179869,0.0053189511601418743,0,0,0,1,2,6.7825035774903615,-1.8645072803506906,-0.03576056348944167,6.7938801397242896,-1.8629342678854299,-0.030441612329299796
639089883329944621,nan,29.88746098313867,0.0053858623749072042,0.0010265887885557989,0,0,0,1,2,6.8439003075267397,-1.8747974976076036,-0.030441612329754043,6.8385146434315507,-1.8748437120559152,-0.031468201118309842
639089883330244065,nan,25.020858257990199,0.0079317212915571249,0.00031240029573383066,0,0,0,0,0,6.8825731178455269,-1.8865994592400077,-0.03146820111839134,6.8748957173459821,-1.8885918759174449,-0.03178060141412517
639089883330444351,nan,33.549734894924896,0.013978093662929802,0.0045590930394912403,0,0,0,1,2,6.899117948989125,-1.8977452948216011,-0.031780601414132345,6.9120503079083386,-1.9030501223620848,-0.027221508374641105
639089883330644317,nan,36.186118551412498,0.0050621739426716626,0.0047471291549907348,0,0,0,0,0,6.9488816322644134,-1.9173825737863275,-0.027221508374644817,6.9517204431044384,-1.9215738454358893,-0.022474379219654082
639089883330944190,nan,56.144764244802026,0.024204381434942076,0.00028686469187694935,0,0,0,0,0,7.0106304049838561,-1.9490814860009762,-0.022474379219651994,6.9894329015428314,-1.9373973973109708,-0.022187514527775044
639089883331144277,nan,62.416264336840086,0.010350996269088246,0.000221985589463361,0,0,0,0,0,7.0143608418433221,-1.9478567673127467,-0.022187514527778195,7.0245269091255462,-1.9498046378874951,-0.022409500117241556
639089883331444294,nan,88.740594637658162,0.013652805764070505,0.0011489423717111862,0,0,0,0,0,7.0767124813199489,-1.9682544814202823,-0.022409500117172541,7.0633805581884213,-1.9653118752885557,-0.021260557745461355
639089883331747522,nan,100.37643761578548,0.011286174759129337,0.0061235604667325139,0,0,0,0,0,7.102161056282231,-1.9807899167332317,-0.021260557745298846,7.0908767643562873,-1.9805837701259599,-0.015136997278566332
639089883331944042,nan,118.28190770470042,0.012307362650354764,0.0018680762838734679,0,0,0,1,2,7.1082747028199957,-1.990246902740811,-0.015136997278384955,7.1174874822038028,-1.9984075320935415,-0.013268920994511487
639089883332144751,nan,70.493085134681422,0.0070478497864708929,0.0054885416374946244,0,0,0,1,2,7.1441335634104624,-2.0162549803103769,-0.013268920994195499,7.1511303094302781,-2.0154077898082754,-0.018757462631690123
639089883332444186,nan,66.174182044194822,0.024043923240883992,0.0070272574335812962,0,0,0,1,2,7.2008335271130495,-2.0405236192292251,-0.018757462631054263,7.1780785147199513,-2.0327570462524567,-0.011730205197472967
639089883332643765,nan,67.82448803320041,0.0044043460557556023,0.0036774675259358298,0,0,0,1,2,7.195662305150849,-2.0440774917577196,-0.011730205196719863,7.1962653089936675,-2.0484403635807733,-0.015407672722655693
639089883332945157,nan,61.067267907311134,0.0043994588174698333,0.0064608567844571928,0,0,0,1,2,7.2232931968309551,-2.0717477664845902,-0.015407672721482153,7.2189578052352168,-2.0709996905538084,-0.0089468159370249597
639089883333244253,nan,65.691318166549522,0.0048020000828903333,0.0068252249465340226,0,0,0,1,2,7.2412180604923133,-2.0931293131172612,-0.0089468159356759589,7.2367391958888527,-2.0913975577477166,-0.0021215909891419368
639089883333443806,nan,64.864676936782232,0.0070346202591568393,0.0068008983040579556,0,0,0,1,2,7.2484932615216282,-2.1048811977191946,-0.0021215909876131952,7.2519622871402802,-2.1110009806767573,-0.0089224892916711512
639089883333644283,nan,58.716727816388399,0.0059152654060257099,0.0056370103654206812,0,0,0,1,2,7.2671105089396226,-2.1305079910237903,-0.0089224892900490911,7.2688403420933749,-2.1361646722136669,-0.014559499655469772
639089883333944833,nan,72.37839583508574,0.016935783049157084,0.0097159156745786866,0,0,0,1,2,7.2939430695979768,-2.1735906252287727,-0.014559499654030778,7.2849045028205772,-2.1592684376130973,-0.00484358397945209
639089883334144504,nan,59.906015387688228,0.0012440700018699399,0.011497368888467292,0,0,0,1,2,7.2954636133578461,-2.1744547406402206,-0.0048435839780948068,7.2963963178723468,-2.1752780100118012,-0.016340952866562099
639089883334444230,nan,66.030920734678446,0.0071865267361180922,0.0073042872669176334,0,0,0,1,2,7.3134676888108343,-2.1990606194389128,-0.016340952865360171,7.3063770741220635,-2.1978904272049924,-0.0090366655984425379
639089883334744807,nan,66.914357922753524,0.0045426233140398236,0.0058964603519479119,0,0,0,1,2,7.3163443501471779,-2.2204723035799385,-0.0090366655972737818,7.3199518251601319,-2.217711587983545,-0.0031402052453258699
639089883334944411,nan,72.464029195895677,0.012094849469266988,0.0091780959727786673,0,0,0,1,2,7.3288818449235338,-2.2307507484800926,-0.0031402052441523607,7.3336891849091934,-2.2418491657522313,-0.012318301216931027
639089883335244156,nan,68.799127070642072,0.011837025668898384,0.01045393167719307,0,0,0,1,2,7.3541710992441001,-2.2778374349059267,-0.012318301215703193,7.3458588363623356,-2.2694100116656593,-0.0018643695385101224
639089883335446599,nan,88.526923787930443,0.0041085252517104615,0.0089447911437069653,0,0,0,1,2,7.3540340569422042,-2.2879245924305729,-0.001864369537230818,7.3531020709157557,-2.2919260149014509,-0.010809160680937784
639089883335644269,nan,92.940387864419804,0.0085088943921588986,0.0090187911073035098,0,0,0,1,2,7.3601334977506454,-2.3137836018950764,-0.010809160679645094,7.3634292686486482,-2.3216282929638687,-0.019827951786948603
639089883335944816,nan,101.44119128805536,0.014110427358547152,0.009165143965922223,0,0,0,1,2,7.3789791851861857,-2.3663517461978731,-0.019827951785202403,7.3755680063942597,-2.3526598500731448,-0.01066280781928018
639089883336244236,nan,132.15273181111067,0.0074450957030780486,0.0083026200864577925,0,0,0,1,2,7.3875701234572428,-2.3833421490796325,-0.010662807817441304,7.3853548513573406,-2.3762342647564751,-0.0023601877309835117
639089883336444214,nan,136.16126814800148,0.01387863767386887,0.010218874212485522,0,0,0,1,2,7.3918447178069124,-2.3918669639050547,-0.0023601877292305051,7.3901104224875223,-2.4056368151543484,-0.012579061941716027
639089883336746166,nan,152.74391336946786,0.0055971041489487087,0.0055045902889305194,0,0,0,1,2,7.397227358262235,-2.4496391141561156,-0.012579061940120984,7.3989258547525605,-2.4443059458176388,-0.0070744716511904641
639089883336947756,nan,124.87316062377111,0.0041835510326432212,0.0077940062002409879,0,0,0,1,2,7.4047423549878992,-2.4698201804962263,-0.0070744716492787303,7.4064636693298906,-2.4736332076635548,-0.014868477849519718
639089883337146471,nan,122.83928683449317,0.0080123916596144644,0.0071432680412487227,0,0,0,1,2,7.4138060026826258,-2.5021999136479733,-0.014868477847504844,7.4190648967066339,-2.5082449491111705,-0.022011745888753566
639089883337444279,nan,120.16649046555602,0.014945185540088371,0.0067821486305380974,0,0,0,1,2,7.43776533871252,-2.5596093792823464,-0.022011745886961115,7.4284331933200241,-2.5479359207887815,-0.015229597256423017
639089883337644559,nan,121.39629462159225,0.0072228396615655827,0.0076624993012229942,0,0,0,1,2,7.4346778313805508,-2.5743927851074302,-0.01522959725462705,7.4291448447488069,-2.5790355721701359,-0.022892096555850044
639089883337944548,nan,93.914525014609097,0.0033580944867737288,0.0073872788596625934,0,0,0,1,2,7.4301985783156264,-2.6250844456094442,-0.022892096554159778,7.433309492536158,-2.6238199254258987,-0.015504817694497184
639089883338244211,nan,110.84405518474833,0.0058358170607031076,0.0035394168078771784,0,0,0,1,2,7.4374390971256812,-2.6682274432250077,-0.015504817692776448,7.4405782350844829,-2.673147054352079,-0.011965400884899269
639089883338443776,nan,200.17652304034439,0.0045028431453339041,0.004303060456903254,0,0,0,1,2,7.4453810466229298,-2.7057398862470166,-0.011965400883310934,7.44141582585066,-2.7078735733418458,-0.016268461340214188
639089883338744266,nan,215.79428541215103,0.01040957638013381,0.0069079350509663098,0,0,0,1,2,7.4426656469529657,-2.7596911649338765,-0.01626846133795571,7.4434164694112566,-2.7493087015436224,-0.0093605262869894002
639089883338944388,nan,163.64998185453911,0.0036990136868211673,0.0038949537821362148,0,0,0,1,2,7.4447311347810201,-2.7765366042102806,-0.0093605262847960714,7.4433065012040229,-2.7799502710696244,-0.013255480066932286
639089883339144197,nan,152.56708034536416,0.017086793811288706,0.010483798285337256,0,0,0,1,2,7.4431984295670777,-2.8100633797629269,-0.013255480064817273,7.4413546668788495,-2.8270504060447395,-0.023739278350154529
639089883339444009,nan,140.61358035713167,0.021687817162098822,0.0093720024125202826,0,0,0,1,2,7.4384692512710844,-2.8966789922583547,-0.023739278348061763,7.4305740924792314,-2.8764792922381055,-0.01436727593554148
639089883339746029,nan,130.75635893977827,0.016010274599463869,0.0089690942189260409,0,0,0,1,2,7.4198565632262863,-2.9256191167113395,-0.014367275933294859,7.4226034075937122,-2.9098462368610591,-0.0053981817143688177
639089883339944305,nan,117.48007857095246,0.011693889762085895,0.010337253620810699,0,0,0,1,2,7.4174954249767033,-2.93122931442148,-0.0053981817121602485,7.4203216606663256,-2.9425765365306362,-0.015735435332970948
639089883340244173,nan,132.48154397542899,0.0023110527948714504,0.0098313938206017124,0,0,0,1,2,7.4169015627356751,-2.9916358028436241,-0.015735435330458656,7.419028608463921,-2.9907321206590955,-0.0059040415098569445
639089883340444275,nan,101.85487408993373,0.011748032308116545,0.0090472515705432507,0,0,0,1,2,7.4181801341194546,-3.0223308276562473,-0.0059040415072968725,7.4083659417761796,-3.0287882181324188,-0.014951293077840122
639089883340744687,nan,106.20130889982929,0.01620286636456128,0.0089124865420169251,0,0,0,1,2,7.3925741825920142,-3.0851505470307576,-0.014951293075135659,7.3886615796446575,-3.0694271753629452,-0.006038806533118733
639089883340944036,nan,93.429596092283404,0.008867237634186783,0.0091415928082930475,0,0,0,1,2,7.3757640876124118,-3.0960274085286263,-0.0060388065304714548,7.3673817632472289,-3.0989195602359199,-0.015180399338764503
639089883341144052,nan,85.77673138987555,0.010934468504138522,0.0093248194525840915,0,0,0,1,2,7.3463816977821468,-3.1280242292559355,-0.015180399336146644,7.3452810223179474,-3.1389031591201504,-0.024505218788730736
639089883341444131,nan,84.849344666430937,0.026032982441290525,0.0075067411002510409,0,0,0,1,2,7.3125539457890429,-3.1981114139371432,-0.024505218786215525,7.3296793931883668,-3.1785043941186819,-0.016998477685964485
639089883341745875,nan,82.357053933249503,0.016372357682592664,0.0098415541839070187,0,0,0,1,2,7.3142857538838699,-3.2175776936130407,-0.016998477683214362,7.3228631015661891,-3.2036319701530203,-0.0071569234993073428
639089883341944340,nan,110.50596548174499,0.0099888647711324115,0.0066177103086763186,0,0,0,1,2,7.318458377332778,-3.2198695446613077,-0.0071569234965707896,7.3090679888286818,-3.2232751317117452,-0.013774633805247108
639089883342244194,nan,70.098933161045139,0.011996125133837887,0.0061218698267312419,0,0,0,1,2,7.2885278576142163,-3.2525226720226095,-0.01377463380258356,7.2783084172816706,-3.2588051920198904,-0.0076527639758523181
639089883342444104,nan,76.991854336624698,0.010008910825237156,0.0085252163361704079,0,0,0,1,2,7.2580764609889785,-3.2821749137382987,-0.0076527639730545102,7.2514952416799181,-3.2897158585274879,-0.016177980309224918
639089883342744513,nan,72.629485615591008,0.02200795099428049,0.0087923230713940724,0,0,0,1,2,7.2115701475272722,-3.3357421587675913,-0.016177980306842202,7.2248789655943852,-3.3182143160987647,-0.0073856572354481301
639089883342944698,nan,60.220528179399878,0.0026331248394212466,0.0090560181807985592,0,0,0,1,2,7.2074673679679604,-3.3368571823889335,-0.0073856572330840836,7.2048354443935914,-3.3369367104887329,-0.016441675413882643
639089883343244531,nan,53.751303438865023,0.0065867013196008522,0.0091153632971138175,0,0,0,1,2,7.1752678377409413,-3.3645554301424649,-0.016441675411664327,7.178196661528168,-3.3586557161242259,-0.0073263121145505103
639089883343444121,nan,66.003622666750431,0.0075988051534998866,0.0073921951769133215,0,0,0,1,2,7.1607821240854168,-3.3728540538924858,-0.0073263121123361367,7.1541275660703212,-3.376522663627056,-0.014718507289249458
639089883343744455,nan,58.060762785362186,0.010992990618349473,0.0082853748688807242,0,0,0,1,2,7.1182890705455035,-3.4031262607270696,-0.014718507286975617,7.1283659564374346,-3.3987328322872155,-0.0064331324180948932
639089883343944681,nan,60.797534256713078,0.0073994257421292602,0.0089039268843297686,0,0,0,1,2,7.111533594868253,-3.4132447201206166,-0.0064331324158544353,7.1042005076256149,-3.4142333215595921,-0.015337059300184204
639089883344244310,nan,45.866893111732878,0.0028816058042911213,0.0067365357858255297,0,0,0,1,2,7.0685319886924107,-3.4371122467304449,-0.015337059297831758,7.0669594384977525,-3.4346975546389755,-0.0086005235120062279
639089883344443678,nan,39.297985693801529,0.0049351689939641603,0.0090701712049533496,0,0,0,1,2,7.0424965450642167,-3.4481400890436995,-0.0086005235096674928,7.037753627685885,-3.4495041373351114,-0.017670694714620842
639089883344746476,nan,39.203311734536001,0.018300149106725616,0.0090500920172711993,0,0,0,1,2,6.9937762646769075,-3.4717995108943289,-0.017670694712860077,7.009633794056648,-3.4626652775220608,-0.0086206026955888779
639089883344944421,nan,46.264334286686847,0.0018496573331509079,0.011483734701064395,0,0,0,1,2,6.9915671244194888,-3.4711211586962203,-0.008620602693929549,6.9926052950237203,-3.4726519865920298,-0.020104337394993944
639089883345244205,nan,39.71128599474946,0.006207813962846271,0.0087267878043076116,0,0,0,1,2,6.967206213209888,-3.4875477939223529,-0.020104337393026653,6.9610852071139639,-3.4865132705678703,-0.011377549588719041
639089883345444090,nan,40.189113020857654,0.0093929320243493469,0.0088142682644717207,0,0,0,1,2,6.9403681518380118,-3.495623809445342,-0.011377549586813534,6.9310977197766457,-3.4971358482707835,-0.020191817851285255
639089883345748283,nan,46.518537938369064,0.011067445102013452,0.0079241218159913328,0,0,0,1,2,6.8859531479790457,-3.5131275756332814,-0.020191817849477468,6.8946409354386828,-3.5062711414184542,-0.012267696033486136
639089883345947026,nan,51.118174820499512,0.0045735519034247945,0.0085821903206121097,0,0,0,1,2,6.8710336464931778,-3.5121866248834723,-0.012267696031684532,6.8665490571701326,-3.5130843083560559,-0.020849886352296641
639089883346244163,nan,50.991572618771421,0.012051746350550882,0.0068226189881091248,0,0,0,1,2,6.8249154326373915,-3.5231817760813291,-0.020849886350421138,6.8367455290538635,-3.5208810351408939,-0.014027267362312013
639089883346444290,nan,48.064597175015948,0.018853719027295119,0.0087618037289169844,0,0,0,1,2,6.8169592209266261,-3.5260572155564089,-0.014027267360433384,6.798282181108843,-3.5286322698869297,-0.022789071089350368
639089883346744080,nan,50.217892480389061,0.017864566286876996,0.0068187669768029688,0,0,0,1,2,6.7413891673991442,-3.5400974992087155,-0.022789071087610135,6.7589029284316995,-3.5365745880385653,-0.015970304110807167
639089883346944763,nan,44.197007606793079,0.01306871307683629,0.0068944928230858966,0,0,0,1,2,6.7331035195435902,-3.5417780162293808,-0.015970304108954492,6.7203228504008781,-3.5445067078112928,-0.022864796932040389
639089883347243377,nan,43.715965789205917,0.01388995578566664,0.0087712405427489582,0,0,0,1,2,6.6634502251952288,-3.556199801707066,-0.022864796929909524,6.6765599499490955,-3.5516100317122157,-0.014093556387160566
639089883347444225,nan,45.35350733015715,0.0087028567060902073,0.0093100234143464015,0,0,0,1,2,6.6474456773961723,-3.5563356807425173,-0.014093556385089905,6.6523892636125996,-3.5491732321271701,-0.023403579799436306
639089883347683438,nan,62.140146820159316,0.0095834988714730059,6.8999932687583559e-05,0,0,0,1,2,6.6241453129682135,-3.5463257810348785,-0.023403579797365785,6.6149603545273523,-3.5435908241688243,-0.023334579864678202
639089883347944682,nan,48.925286519726924,0.0084300689408095784,0.0021023149022249346,0,0,0,1,2,6.5743706221719167,-3.5375369890326724,-0.023334579862411556,6.5707736730899269,-3.5451611624074308,-0.021232264960186622
639089883348243827,nan,56.149408567046102,0.002020139998358142,0.0076057630000830514,0,0,0,1,2,6.5208030050947885,-3.5469370561430265,-0.021232264957913694,6.5187836857812913,-3.5468794790373015,-0.013626501957830642
639089883348443860,nan,64.810400539423384,0.010136550696984634,0.0082896417187418841,0,0,0,1,2,6.4844463404045092,-3.5480143597064635,-0.013626501955213728,6.4806002522253303,-3.5573929132063653,-0.021916143673955613
639089883348744459,nan,58.192494843851051,0.014313080633404985,0.0069367440834009163,0,0,0,1,2,6.4236878085459415,-3.5730631967377531,-0.021916143671664664,6.4258478390807365,-3.5589140432186515,-0.014979399588263748
639089883348944029,nan,64.969266502895493,0.018711032172754181,0.0070127927486369982,0,0,0,1,2,6.3899924106522841,-3.5599101777295061,-0.014979399586197454,6.3877493976430175,-3.5413340743272825,-0.021992192334834453
639089883349244067,nan,47.15736716450057,0.018867393200675011,0.004748623147389136,0,0,0,1,2,6.3308817422974153,-3.5150933260401098,-0.021992192333580126,6.3315815750386948,-3.5339477356124913,-0.01724356918619099
639089883349443677,nan,51.263871729166716,0.012877157847075776,0.013910894280676763,0,0,0,1,2,6.2943295852775503,-3.5290489198596697,-0.01724356918529223,6.2829040649908254,-3.5349885057371653,-0.031154463465968993
639089883349744325,nan,50.081236528027901,0.014663327292926649,0.0027574061591460718,0,0,0,1,2,6.2100069660954302,-3.5365471130412596,-0.031154463465825035,6.2243129379567881,-3.5333296083557113,-0.033911869624971107
639089883349943981,nan,46.107831906324961,0.0068407099262961122,0.0063296137815324824,0,0,0,0,0,6.185582512206298,-3.5322330293152917,-0.033911869624907644,6.1826525416367915,-3.526051558231678,-0.040241483406440126
639089883350243862,nan,44.232485513918924,0.013361141380154018,0.00094302140901179193,0,0,0,1,2,6.1203181172276349,-3.515161765877858,-0.040241483406435914,6.1331236409137446,-3.5189747256343917,-0.039298461997424122
639089883350443870,nan,44.01350948605667,0.014113864353784596,0.0045704443818383039,0,0,0,0,0,6.1001673536401011,-3.5142658359829175,-0.039298461997420209,6.0869658519300884,-3.5192579817738139,-0.043868906379258513
639089883350744117,nan,47.604748524415776,0.0084497555403524657,0.00031411958099067383,0,0,0,0,0,6.0181058040413538,-3.5196805546863139,-0.043868906379248014,6.0255043666010089,-3.5155989323688295,-0.044183025960238688
639089883350946229,nan,48.301531960844862,0.010611570656631465,0.0014546105741387663,0,0,0,1,2,5.9845478514673944,-3.5131606263056505,-0.044183025960231014,5.9747401569404905,-3.5091091377066759,-0.042728415386092247
639089883351244157,nan,50.594214591447063,0.018643251888306882,3.1715640187182648e-05,0,0,0,0,0,5.9004481972118334,-3.4996115100096774,-0.042728415386087681,5.9189884836867668,-3.501568195574162,-0.042696699745900499
639089883351444068,nan,45.082196940885474,0.011787162430906094,0.00012569856510083466,0,0,0,0,0,5.8819132737743942,-3.496553422094133,-0.042696699745894601,5.8710795686848849,-3.4919092825391558,-0.042822398310995435
639089883351744304,nan,54.914217274458295,0.011346798291600855,0.0022181542753149583,0,0,0,1,2,5.7996154921424079,-3.4775014150175538,-0.042822398310984319,5.8049940760950953,-3.4874924443005741,-0.040604244035669361
639089883351944885,nan,47.301974232420513,0.0079344764711555167,0.0011349878978096986,0,0,0,0,0,5.7610948805544959,-3.4845584320399672,-0.040604244035654213,5.7550894121840903,-3.4793728494764187,-0.039469256137844515
639089883352244176,nan,52.855759753236164,0.014784949115004446,0.005238106484801372,0,0,0,0,0,5.6808165002001259,-3.4672884889285669,-0.039469256137803485,5.695253393098711,-3.464099312895788,-0.034231149653002113
639089883352443875,nan,40.219417650190401,0.027143789702407859,0.0024622569487026125,0,0,0,0,0,5.6553873380557365,-3.4539232407016223,-0.034231149652954991,5.6290967502133959,-3.4606753004105348,-0.036693406601657604
639089883352744274,nan,47.053177415647319,0.016687147892475395,0.0016202753079801457,0,0,0,1,2,5.5299547156595894,-3.4555440913690769,-0.03669340660163134,5.5459235178376174,-3.4603874643450467,-0.038313681909611486
639089883352944301,nan,62.648994477275018,0.013050759282395429,0.004622735903310693,0,0,0,0,0,5.4907135095177031,-3.4601964000913625,-0.038313681909561213,5.4862683077004668,-3.4479260089545214,-0.03369094600625052
639089883353244584,nan,39.039402336857925,0.011313602777783057,0.0019703216919810043,0,0,0,0,0,5.3970309586490686,-3.4292851016169035,-0.033690946006243519,5.4035777609850895,-3.4385120722458007,-0.035661267698224523
639089883353444179,nan,36.931704012017228,0.018657979529481561,0.0011335368476214705,0,0,0,1,2,5.3486837277873347,-3.4322626401796565,-0.035661267698215662,5.3300310664987292,-3.4327080916081076,-0.034527730850594192
639089883353745351,nan,40.401462184951228,0.023224732246665769,0.0043846338101909549,0,0,0,0,0,5.2195643748676712,-3.4239905476883661,-0.034527730850601963,5.2427844630276557,-3.424454976124045,-0.038912364660792918
639089883353944207,nan,34.77453977535027,0.016420137961708152,0.0013087554131062593,0,0,0,1,2,5.1852486795837116,-3.4190123635026115,-0.038912364660801932,5.1693752301602682,-3.4148106336108985,-0.040221120073908191
639089883354243852,nan,39.008699112044141,0.015078809234825137,0.0023485922757933916,0,0,0,0,0,5.0593323533331791,-3.4003534440477048,-0.040221120073916421,5.0743278253568693,-3.4019365759837643,-0.042569712349709812
639089883354443720,nan,32.66474742025499,0.011415299961792153,0.00039830371278221088,0,0,0,0,0,5.0112513910542562,-3.3933929481823983,-0.042569712349712491,4.9999873581503573,-3.3915407505802038,-0.04217140863693028
639089883354744111,nan,39.595103068633236,0.01037098471679386,0.0048890434257715457,0,0,0,1,2,4.8885857871321496,-3.3759622732648742,-0.042171408636932285,4.8945686495999396,-3.3844335589221686,-0.047060452062703831
639089883354944111,nan,40.693261431037513,0.012904452635861532,0.0050796333743158423,0,0,0,0,0,4.8246528222558833,-3.3797199251497849,-0.047060452062706919,4.8150650962859656,-3.3710827723459404,-0.041980818688391076
639089883355244051,nan,37.554507263013768,0.018321771549556429,0.0038888718568138997,0,0,0,0,0,4.6963966978089546,-3.3511551540777029,-0.041980818688390258,4.7116484924299344,-3.3613074973320254,-0.045869690545204157
639089883355443829,nan,33.787096331449632,0.023554077900156133,0.00098761338579603924,0,0,0,1,2,4.6430165658888489,-3.3548201835771869,-0.045869690545201749,4.6195657701319677,-3.3526168306559181,-0.04488207715940571
639089883355743359,nan,33.725743238893649,0.024254479506078459,0.0067153422390950554,0,0,0,0,0,4.4824027463790843,-3.339671534405162,-0.044882077159405218,4.5064403390608261,-3.3364351916888455,-0.038166734920310162
639089883355944411,nan,36.724556112958027,0.015523053554781587,0.0034789464116866189,0,0,0,1,2,4.4307683856118949,-3.3256109568634002,-0.038166734920311841,4.4152971833882901,-3.3243432449793571,-0.04164568133199846
639089883356244110,nan,42.984886826901025,0.034752897841165267,0.003033742851101015,0,0,0,0,0,4.2800933437711262,-3.3064057749465787,-0.041645681332008605,4.3148450255619988,-3.3066965000132682,-0.03861193848090759
639089883356443891,nan,26.8705885855011,0.026147777603432943,0.0025548877966334732,0,0,0,0,0,4.2481499469630908,-3.2949799668098358,-0.038611938480899867,4.2223392094995598,-3.2991647135390019,-0.04116682627753334
639089883356702487,nan,30.37910604657403,0.0066147431670290305,0.0029962557523020641,0,0,0,1,2,4.1032283012897723,-3.2894667511234656,-0.04116682627751992,4.0966248808707642,-3.2890798843045435,-0.038170570525217856
639089883356944463,nan,37.12157893862117,0.00099103638260650685,0.0026747539777558227,0,0,0,0,0,3.9796097086342384,-3.2796929031806128,-0.038170570525216663,3.9803838585959062,-3.2803116478359429,-0.03549581654746084
639089883357243972,nan,27.736622871001011,0.041188452153914687,0.0015926654146382335,0,0,0,1,2,3.8371975304449091,-3.2695108861106208,-0.035495816547490552,3.878282906484261,-3.2665987620507004,-0.033903151132852319
639089883357443984,nan,28.523880391982345,0.028393722270834417,0.0008839670262299551,0,0,0,0,0,3.8101783311833186,-3.2574518320442785,-0.033903151132926197,3.7817850643331909,-3.2572910154695109,-0.033019184106696242
639089883357744631,nan,40.339761886683405,0.014957697542880399,0.010692487356655692,0,0,0,1,2,3.6371245812183601,-3.2433377177881249,-0.033019184106887776,3.6517626962512528,-3.2464131533781009,-0.043711671463543468
639089883357945224,nan,31.900842291917286,0.0083002014506170819,0.00045158901187596773,0,0,0,0,0,3.5651894580453569,-3.2391703092436437,-0.043711671463661242,3.5571669240819603,-3.241299227496413,-0.043260082451785274
639089883358243713,nan,22.920139600010383,0.02434747475615158,0.0040134003209995467,0,0,0,1,2,3.4169922525051111,-3.2337212685190173,-0.043260082451892078,3.4410165328827431,-3.2376751880096446,-0.039246682130892531
639089883358443808,nan,30.85962835021126,0.021577555122469196,0.003159063349628996,0,0,0,0,0,3.3630566626545511,-3.2352427412036264,-0.039246682131086751,3.342176365685368,-3.2298017777281083,-0.036087618781457755
639089883358744109,nan,38.407242698675958,0.033322918599217842,0.00820589124783766,0,0,0,1,2,3.1941653508778791,-3.2180115159467944,-0.036087618781772558,3.2274781352037136,-3.2171897468608992,-0.044293510029610218
639089883358944533,nan,34.09920353441661,0.028530582209789018,0.00080999560675243387,0,0,0,0,0,3.1510908261423838,-3.2087903226003949,-0.044293510029842643,3.1245915419448349,-3.2193630260506514,-0.045103505636595077
639089883359244051,nan,34.562233473365914,0.034545736117483426,0.0015212187531956495,0,0,0,1,2,2.9716954729317515,-3.2225926581577711,-0.045103505636634893,3.0062358593287772,-3.2219847178293182,-0.046624724389830542
639089883359443884,nan,30.13089265596852,0.019779826176444245,0.0070956758106727261,0,0,0,0,0,2.9276163726799087,-3.2237262147919861,-0.046624724389851553,2.9080980432987582,-3.22052054142446,-0.039529048579178827
639089883359744483,nan,41.640723336953755,0.034424070239815405,0.0020994820129601952,0,0,0,1,2,2.761232933544175,-3.2183293735638077,-0.039529048579232721,2.7954659258062069,-3.2219513692379365,-0.037429566566272526
639089883360043969,nan,32.518575494577846,0.0065611059176013155,0.002020680400896209,0,0,0,0,0,2.6834140543805751,-3.2233748258660913,-0.037429566566404081,2.6872255017235083,-3.2287153295889652,-0.035408886165507872
639089883360243802,nan,31.419642506370604,0.036317452627376783,0.00077223119135082924,0,0,0,1,2,2.615106225330055,-3.2332220739980366,-0.035408886165848176,2.5787902526778432,-3.2335499393142326,-0.034636654974497347
639089883360444047,nan,48.017552090218594,0.0062403193034967185,0.00229611478403665,0,0,0,1,2,2.4706173031058256,-3.2383728543590582,-0.034636654974925539,2.4644207261328051,-3.2391104306785161,-0.036932769758962189
639089883360744442,nan,129.70784271212386,0.067991229020046853,0.0084246522624126519,0,0,0,1,2,2.2937227284391577,-3.2474095359624942,-0.036932769759941919,2.3617087854068219,-3.2465709170705215,-0.045357422022354571
639089883360944413,nan,79.261179261875014,0.018630601052476568,0.0052462534297287033,0,0,0,1,2,2.2930060035405679,-3.2515611466931271,-0.045357422023192852,2.277222047541128,-3.2614589256654161,-0.040111168593464148
639089883361243892,nan,168.61571945828695,0.027870678554023393,0.01427802915703813,0,0,0,1,2,2.1505897967815315,-3.2837736946495935,-0.040111168595762275,2.1772652189713293,-3.2756992550989037,-0.054389197752800406
639089883361544491,nan,130.64456457216423,0.017824947457889481,0.010963146929004929,0,0,0,1,2,2.0770936182322872,-3.28997018200619,-0.054389197754526476,2.0948864998747108,-3.2889014843243229,-0.065352344683531405
639089883361744593,nan,126.6503771232674,0.042195756645122984,0.010653870381840708,0,0,0,1,2,2.0396826935478574,-3.2977485908736246,-0.065352344685044819,2.0007574144945068,-3.3140367623324849,-0.054698474303204112
639089883362043727,nan,121.71098758622814,0.044612482487993911,0.0067469385976742374,0,0,0,1,2,1.8599764996663193,-3.3516294725788129,-0.054698474304977519,1.900980024160583,-3.3340515155647035,-0.061445412902651757
639089883362243837,nan,116.194146933564,0.016652011172028143,0.0065186806510216661,0,0,0,1,2,1.8343810327228161,-3.3474108785895385,-0.061445412903746159,1.8184468661325723,-3.3522473867460199,-0.054926732252724493
639089883362443983,nan,111.80177442460732,0.014744323725801643,0.0088665690857607157,0,0,0,1,2,1.7362029522790778,-3.3703794890147538,-0.054926732253604872,1.7253973290554343,-3.3804111184377286,-0.046060163167844156
639089883362744237,nan,98.753595148098512,0.049970214392411443,0.0022525709189645735,0,0,0,1,2,1.5862700276656088,-3.4225214191486955,-0.046060163168853578,1.6337906959310655,-3.4070679918903823,-0.048312734087818152
639089883363043647,nan,99.009248401974546,0.016169820899096157,0.0037006143482677251,0,0,0,1,2,1.5422841201275317,-3.433695749380048,-0.048312734088455489,1.5580697650802089,-3.4301919626660964,-0.052013348436723214
639089883363243679,nan,95.511840537375505,0.032451728683908651,0.0069021819514747187,0,0,0,1,2,1.5071181519831498,-3.4457517768283461,-0.052013348437200457,1.4773034059511327,-3.4585656604558941,-0.045111166485725739
639089883363544562,nan,82.188785927766929,0.030055631071178032,0.0066473198384648033,0,0,0,1,2,1.3562823790682232,-3.501081060184374,-0.045111166486348463,1.3856423850221333,-3.4946521404093942,-0.051758486324813266
639089883363744431,nan,83.325167327826207,0.017109596856253965,0.0083666246918629381,0,0,0,1,2,1.3245613525272348,-3.5186994337116761,-0.051758486325251214,1.3125586141327865,-3.5308925701259861,-0.043391861633388276
639089883364043636,nan,90.524443759250886,0.033360606615454196,0.0014095504786348911,0,0,0,1,2,1.2030805678267384,-3.5851800185483071,-0.04339186163384387,1.2297115200011599,-3.5650871725568911,-0.044801412112478761
639089883364243651,nan,90.512400684614391,0.012135036917925827,0.00090241321132429608,0,0,0,1,2,1.1744137569880595,-3.5879109666968176,-0.044801412113298349,1.1681143889121406,-3.5982829039721542,-0.043898998901974053
639089883364444194,nan,81.62221219157739,0.012004405839643295,0.0092419271556975768,0,0,0,1,2,1.1063930849340826,-3.631545554248746,-0.043898998902759639,1.0967166840841049,-3.6386499913238008,-0.034657071747062063
639089883364744326,nan,80.150682448406741,0.030194885274429654,0.0063599290752474544,0,0,0,1,2,0.98993704135672778,-3.6990214440999845,-0.034657071748042723,1.0170161925604986,-3.6856629012595663,-0.041017000823290177
639089883364943728,nan,83.005352174276666,0.0094328221302926989,0.004963919179569197,0,0,0,1,2,0.96392362456600633,-3.7169806016860973,-0.041017000824261386,0.9710515900046286,-3.7231588087114038,-0.036053081644692189
639089883365243705,nan,78.853491787840483,0.017801383068880777,0.0085495739266364737,0,0,0,1,2,0.90212307014949789,-3.779387673045401,-0.036053081645694006,0.91093767781042267,-3.7639218419668912,-0.04460265557233048
639089883365544267,nan,80.59229624404675,0.0035194324861349338,0.0031616002252047859,0,0,0,1,2,0.85092857132582322,-3.8046138068378714,-0.04460265557268657,0.84940824800185755,-3.801439689320345,-0.041441055347481784
639089883365747175,nan,73.959726789137818,0.028502622130619496,0.012772955948466315,0,0,0,1,2,0.80790149456671045,-3.8267486194430895,-0.041441055347644869,0.78401202551431404,-3.8422950896764085,-0.028668099399178554
639089883365944201,nan,88.550874976763495,0.01244087729605841,0.0069981304232546344,0,0,0,1,2,0.72078676322499591,-3.8817942121821347,-0.028668099399323445,0.72292438668275283,-3.8940500676744465,-0.02166996897606881
639089883366243770,nan,91.964443998908919,0.046721549470215111,0.0058704436311958277,0,0,0,0,0,0.6308381942161142,-3.9720677968941858,-0.021669968976225584,0.66723783214022936,-3.9427766797442532,-0.027540412607421412
639089883366443683,nan,117.14072798260138,0.012123100770548794,0.002619037777614408,0,0,0,1,2,0.63009208951115581,-3.9752797894446315,-0.027540412607475018,0.62016843913566233,-3.9822433184004016,-0.02492137482986061
639089883366745012,nan,89.452504251484839,0.012880540474079535,0.0038932737000177825,0,0,0,1,2,0.54897206701957202,-4.041939892173124,-0.024921374829914095,0.55595085716218939,-4.0311137750922077,-0.021028101129896313
639089883367043812,nan,111.8510741590089,0.016463206369622934,0.014497745236297967,0,0,0,0,0,0.49230899278445905,-4.0795461028329569,-0.021028101130012529,0.5087427873746031,-4.0785624568917029,-0.035525846366310496
639089883367243745,nan,148.40938656810425,0.030803766071979967,0.0019238454307128061,0,0,0,1,2,0.47714181524065424,-4.1103244941468828,-0.035525846366381758,0.45697477408600928,-4.133608876365102,-0.033602000935668952
639089883367544485,nan,88.139324765264178,0.016691080831060943,0.0037565918189890052,0,0,0,0,0,0.37952437403058875,-4.2159641173527369,-0.033602000935699081,0.37633843938861589,-4.1995799176540611,-0.029845409116710075
639089883367744480,nan,100.41474125589313,0.010392323683689503,0.0053313436257284505,0,0,0,0,0,0.32294542314907121,-4.2432623703858185,-0.029845409116731336,0.31387138245567897,-4.2483281553241312,-0.035176752742459787
639089883367944284,nan,120.59772980763309,0.020109706018893173,0.00051323858213006557,0,0,0,1,2,0.25177234259089865,-4.2967891986811351,-0.03517675274246404,0.24240757031812521,-4.3145853026492906,-0.034663514160333975
639089883368243554,nan,94.507132366486331,0.05277298700319151,0.0014699756133581127,0,0,0,0,0,0.13594672783604578,-4.4132896890192557,-0.034663514160337874,0.17650037095257357,-4.3795200253073334,-0.036133489773695987
639089883368544270,nan,102.06621363333362,0.024022015521784113,0.00010143832915772422,0,0,0,1,2,0.110663537189643,-4.4443854206242834,-0.036133489773673727,0.1270711467619827,-4.4268398349158922,-0.036032051444516003
639089883368745210,nan,88.554910570403692,0.039662998620431086,0.0043960131372555653,0,0,0,0,0,0.094315947682764828,-4.4581971910043192,-0.03603205144448015,0.067988417859506503,-4.4878622315903316,-0.031636038307224584
639089883369043835,nan,94.53639950427393,0.019540835760867271,0.0029598939548678392,0,0,0,1,2,-0.019333730422319811,-4.5780511390748417,-0.031636038307168823,-0.0076284078328125266,-4.5624041046814252,-0.028676144352300984
639089883369243877,nan,79.073603766258415,0.014893686462286674,0.0011681594143463439,0,0,0,0,0,-0.058062120378590078,-4.6121208623696806,-0.028676144352290052,-0.071634913201408384,-4.6182528434056715,-0.029844303766636396
639089883369443741,nan,91.831624699213776,0.016226510450466889,0.0028790520722167083,0,0,0,0,0,-0.13519540927773527,-4.6737124176803189,-0.029844303766600255,-0.14586460642058127,-4.6859381231293389,-0.032723355838816963
639089883369744699,nan,104.5989675228663,0.052154253719119269,0.0021428900988185902,0,0,0,1,2,-0.25679172031903486,-4.7870854188750886,-0.032723355838714767,-0.22326348206663188,-4.7471364086159049,-0.030580465739896177
639089883370043921,nan,88.549703810310803,0.021605426771203837,0.00023545569269215957,0,0,0,0,0,-0.29979257884183802,-4.8076469712485688,-0.030580465739845408,-0.27959923707180862,-4.7999643015221887,-0.030345010047153249
639089883370243776,nan,101.03304368964298,0.034028893262286988,0.0044125971166585135,0,0,0,1,2,-0.3170431953854228,-4.8350767344628176,-0.030345010047032599,-0.34211925774442548,-4.8580801401503138,-0.034757607163691112
639089883370543867,nan,98.869362829508987,0.018637257627828172,0.0038780643282992355,0,0,0,1,2,-0.43516915156537561,-4.9445751949421144,-0.034757607163564054,-0.42744256228348548,-4.9276150301447128,-0.030879542835264819
639089883370744321,nan,85.671606112713448,0.01385360712550829,0.0026591098985783504,0,0,0,0,0,-0.48401886308150138,-4.9737223260767296,-0.030879542835117624,-0.49617921524663794,-4.9803592128173477,-0.033538652733695974
639089883370944224,nan,114.77180922802381,0.021820227247973459,0.0075248053716640423,0,0,0,1,2,-0.56419698939815666,-5.0325517731207556,-0.033538652733531703,-0.58167029201220677,-5.0456210505648622,-0.041063458105195745
639089883371243650,nan,80.555655855851072,0.061341074598848536,0.0022593533209602848,0,0,0,1,2,-0.70855650693802441,-5.1424829440416797,-0.041063458104393713,-0.66196875665092636,-5.1025791979001394,-0.038804104783433428
639089883371544493,nan,77.473088109802077,0.023538288149235052,0.010865555037977703,0,0,0,1,2,-0.74168269248942165,-5.159122721149207,-0.038804104782587556,-0.72141727196964878,-5.1471492613253638,-0.027938549744609853
639089883371743734,nan,76.652372603806143,0.037129981986464625,0.0030027867818663775,0,0,0,1,2,-0.76058155350965373,-5.1765117189558509,-0.027938549744091302,-0.79345650179862925,-5.1937707263813193,-0.03094133652595768
639089883372044012,nan,80.917059580046839,0.015453579199768048,0.0015964963868251615,0,0,0,1,2,-0.90110464895233078,-5.2634371337371304,-0.030941336525018199,-0.89114351697984751,-5.2516223565530158,-0.029344840138193037
639089883372243789,nan,69.646658948238297,0.014276664076214793,0.0030715376966311513,0,0,0,1,2,-0.95561504550699972,-5.2898033063756476,-0.029344840137366924,-0.96458616294532062,-5.3009092592412479,-0.032416377833998075
639089883372544297,nan,62.406478026906754,0.024848594871665675,0.0054780902565827079,0,0,0,1,2,-1.0743258169155725,-5.3745548581323179,-0.032416377833503221,-1.0560935142317844,-5.3576718546689852,-0.026938287576920513
639089883372743688,nan,75.470831881479896,0.015850953276722271,0.0090041105889834341,0,0,0,1,2,-1.1162495086140354,-5.394987002836519,-0.026938287576504086,-1.1320185901215796,-5.3965959739951357,-0.03594239816548752
639089883373043758,nan,70.523962315452195,0.014029880005985641,0.011159578766825853,0,0,0,1,2,-1.2455645489884846,-5.4548069984839715,-0.035942398164604247,-1.2333767088011944,-5.4478576039382984,-0.024782819397778395
639089883373243622,nan,68.386404510409989,0.0072263163619652971,0.010827702793126739,0,0,0,1,2,-1.3003708957463602,-5.4817397562933703,-0.024782819397102418,-1.3075631605561613,-5.4810390601617236,-0.035610522190229157
639089883373543967,nan,70.102333267742793,0.026181494777245875,0.0042878559010163658,0,0,0,1,2,-1.4180081793645847,-5.5304379257226675,-0.035610522189708206,-1.3927868875214833,-5.523412464418521,-0.03132266628869184
639089883373750985,nan,61.259976352138963,0.024993341006234963,0.0038461738864215625,0,0,0,1,2,-1.450931661632348,-5.5523221601869581,-0.031322666288243914,-1.4742311884783825,-5.5613664480751703,-0.035168840174665476
639089883374045305,nan,51.331021083079229,0.01209067657337976,9.7938280853165915e-06,0,0,0,1,2,-1.5890538954785725,-5.614875153947712,-0.035168840174251578,-1.5837903434163434,-5.603990325989022,-0.035159046346166262
639089883374243779,nan,56.530080630857633,0.0085029583747941138,0.002121001660343666,0,0,0,1,2,-1.657232623175106,-5.6325629703100288,-0.035159046345661783,-1.6637442564294211,-5.6380309620332101,-0.037280048006005449
639089883374544408,nan,59.948531166205505,0.027322188846509735,0.0017405926529284466,0,0,0,1,2,-1.7840232907823799,-5.6892401483989321,-0.037280048005363574,-1.7593763272400595,-5.6774490843456809,-0.03902064065829202
639089883374744308,nan,52.355910621384012,0.02777293059083917,0.0028250486460092983,0,0,0,1,2,-1.8221118613135343,-5.7033077417446512,-0.039020640657509834,-1.8488527152481047,-5.7108085686626344,-0.041845689303519132
639089883375044056,nan,52.274027722362675,0.02085791950162387,0.0071633681784683545,0,0,0,1,2,-1.9819224663646435,-5.7604209678023262,-0.041845689303013751,-1.9667509136199604,-5.7461074499520031,-0.034682321124545397
639089883375243676,nan,63.737518796422556,0.015338079674471275,0.0030725205857047924,0,0,0,1,2,-2.04458105421809,-5.7694099001306149,-0.034682321124114748,-2.0599183367117733,-5.7695662772689236,-0.037754841709819541
639089883375544422,nan,52.833416377931741,0.039597945967655035,0.0097455626026682791,0,0,0,1,2,-2.1988406749260938,-5.8045458337971851,-0.03775484170925264,-2.1598220608978989,-5.7977971239815185,-0.028009279106584361
639089883375743660,nan,52.577951690479992,0.010589803056050605,0.0033471945779207334,0,0,0,1,2,-2.2249828915442253,-5.8162103056384371,-0.028009279105894781,-2.2347325758065195,-5.820344018926936,-0.031356473683815514
639089883376043898,nan,50.250343431931981,0.011281873817939582,0.0067315742161539356,0,0,0,1,2,-2.3464842220376068,-5.853979518971534,-0.031356473682852104,-2.3406220924176,-5.844340218521701,-0.024624899466698168
639089883376243609,nan,47.746926600837966,0.024118052016358978,3.942019920834261e-05,0,0,0,1,2,-2.4105474421998498,-5.8601863825595588,-0.024624899465876995,-2.4345951684503317,-5.8620268431664941,-0.024664319665085338
639089883376544189,nan,52.236912649047959,0.038216807463727395,0.0059023379089881978,0,0,0,1,2,-2.5749368886962394,-5.8884404866565649,-0.024664319664654082,-2.5381739997591546,-5.8779994919855971,-0.018761981755665885
639089883376743644,nan,57.618766629565933,0.015412755830369603,0.0069180525921492715,0,0,0,1,2,-2.6063468474305749,-5.8885122670487489,-0.018761981754777536,-2.6217572563998379,-5.8882433103856053,-0.025680034346926808
639089883377043814,nan,44.063447549107913,0.028254809607325564,0.0048894408780304315,0,0,0,1,2,-2.7465770965849789,-5.9035410126643209,-0.025680034346300711,-2.7187193910256817,-5.8988205776295262,-0.02079059346827028
639089883377243740,nan,46.476272599574187,0.021639430778541031,0.0060945383725868052,0,0,0,1,2,-2.7827880029294363,-5.9058096031152791,-0.020790593467737754,-2.8044265406794064,-5.9060061952371594,-0.02688513184032456
639089883377544038,nan,42.872334926033851,0.026585192967610097,0.0033931314893838431,0,0,0,1,2,-2.9321172976888632,-5.9167116842845289,-0.02688513183923124,-2.9058510272779841,-5.9126061363518359,-0.023492000349847397
639089883377744047,nan,44.848127816327484,0.013652647463227304,0.0050966267394306729,0,0,0,1,2,-2.9727247407084949,-5.9169577735704495,-0.023492000348718144,-2.9858932108154144,-5.9133541395992566,-0.028588627088148817
639089883378044040,nan,49.556776735227928,0.023029631756936519,0.0089033644662119826,0,0,0,1,2,-3.1047200773303052,-5.9144645900905584,-0.028588627087060718,-3.0817749451432177,-5.9124935883713352,-0.019685262620848736
639089883378244247,nan,43.837663800904892,0.013221113046048161,0.006921548094527618,0,0,0,1,2,-3.1450974110280456,-5.9119252608775303,-0.019685262619610937,-3.1583174046262372,-5.9117532159992043,-0.026606810714138555
639089883378546924,nan,44.66575735913441,0.026477521390730421,0.0087760368480623678,0,0,0,1,2,-3.2731611237804796,-5.9106423669704578,-0.02660681071205585,-3.2470787838383957,-5.9060848805862589,-0.017830773863993482
639089883378744363,nan,46.418975857206433,0.02278112432685105,0.0093975186846778844,0,0,0,1,2,-3.3043603050975925,-5.9024268608670658,-0.017830773861901864,-3.3269828468241025,-5.899743536170396,-0.027228292546579748
639089883379044198,nan,41.372699862013249,0.030493292161360971,0.0091838348656989137,0,0,0,1,2,-3.4470751042733028,-5.8902127771863366,-0.027228292544721828,-3.4165902751769202,-5.8909311516029623,-0.018044457679022914
639089883379243984,nan,34.025741496005082,0.014540076251908932,0.013655421687271446,0,0,0,1,2,-3.4755048318201966,-5.8851372376462283,-0.018044457677284288,-3.4896028054421322,-5.8815790137681487,-0.031699879364555733
639089883379544384,nan,42.733584507997556,0.026353049344186568,0.007492138244081667,0,0,0,1,2,-3.5982566695468106,-5.8676615956249751,-0.031699879362233611,-3.5723774800128698,-5.8726366090725453,-0.024207741118151944
639089883379745505,nan,35.002845319482311,0.011585672649526296,0.0081668062234598673,0,0,0,1,2,-3.627113556919709,-5.8667233010023052,-0.02420774111596205,-3.6336944282119252,-5.8571881059976256,-0.032374547339421918
639089883380043925,nan,45.656812966273961,0.013918876918221168,0.0084382059787993721,0,0,0,1,2,-3.7235600493730336,-5.8345469053897592,-0.032374547337514735,-3.70972987621745,-5.8329780060458996,-0.023936341358715363
639089883380243701,nan,44.91811268609532,0.018631405986697117,0.0091105709230326765,0,0,0,1,2,-3.7600928491447076,-5.8169421617072645,-0.023936341357409012,-3.7787172209913775,-5.8174540819726417,-0.033046912280441688
639089883380544257,nan,61.077896729756546,0.023890701313801995,0.0032607634161410798,0,0,0,1,2,-3.8814113901842151,-5.794345256860729,-0.033046912278583071,-3.8634284429992145,-5.8100735504683261,-0.029786148862441991
639089883380744258,nan,38.122008232211186,0.029495266692829251,0.010472210375786072,0,0,0,1,2,-3.9191901770618789,-5.8052152657543283,-0.029786148860370482,-3.9340571652736482,-5.7797408978761604,-0.040258359236156553
639089883381043402,nan,48.591372229578894,0.047744489814298775,0.013306457371737683,0,0,0,1,2,-4.0387321743401303,-5.7347865141233525,-0.040258359235636365,-3.9909901822798233,-5.7352748805239759,-0.026951901863898682
639089883381244461,nan,43.79466140012785,0.014375011737322361,0.012413600432563579,0,0,0,1,2,-4.0287169722289127,-5.7058093755370107,-0.026951901863462857,-4.0423601317025382,-5.7103376381205386,-0.039365502296026436
639089883381544356,nan,72.273724019092214,0.025930502305102826,0.00035964706631927412,0,0,0,1,2,-4.1183065056048367,-5.6734699137613189,-0.039365502294503023,-4.1119583436083396,-5.6986113494613972,-0.039725149360822297
639089883381744305,nan,30.651287989510621,0.032894294904259713,0.0072507389799808253,0,0,0,1,2,-4.1576984990612331,-5.6909047970735198,-0.03972514935899675,-4.1745811815691827,-5.6626734374076415,-0.046975888338977576
639089883382043904,nan,55.871238858156524,0.033669307676593083,0.0091653425675903774,0,0,0,1,2,-4.267276557621293,-5.6094775366655902,-0.046975888338433622,-4.2336191729366224,-5.6085815815276563,-0.037810545770843244
639089883382243496,nan,44.5153272415236,0.013128058927332034,0.005827592219784454,0,0,0,1,2,-4.2724542311998466,-5.5730000800908766,-0.03781054577041168,-4.284844317966586,-5.5773396285826173,-0.043638137990196134
639089883382543976,nan,46.407097840960382,0.027275136248690355,0.00010343370209308506,0,0,0,1,2,-4.3614761254346774,-5.5306022826637138,-0.043638137989161753,-4.3511546150961031,-5.5558490543724952,-0.043534704287068668
639089883382744788,nan,32.275474395823188,0.034139436979480013,0.001925395264139429,0,0,0,1,2,-4.395010518096357,-5.5416357484640928,-0.043534704286197004,-4.4056568860237215,-5.5091987941182996,-0.045460099550336433
639089883383043400,nan,51.661252223903048,0.031312406578569624,0.0048641522255420816,0,0,0,1,2,-4.4856579661462588,-5.4407232765882227,-0.045460099549838554,-4.456827623879553,-5.4529412211995822,-0.040595947324296472
639089883383243445,nan,52.979270213994141,0.013804380171956425,0.0014423407801335136,0,0,0,1,2,-4.4905180277116008,-5.4159016859170848,-0.040595947323623996,-4.5041458962244869,-5.4137012060313801,-0.04203828810375751
639089883383544269,nan,38.583034412611653,0.018626873071642378,0.0044356168995023162,0,0,0,1,2,-4.5747131086054793,-5.3551813500226393,-0.042038288103031271,-4.5644870608331951,-5.3707501761629119,-0.037602671203528955
639089883383744353,nan,48.20435419957051,0.014913273274831697,0.002905872669754235,0,0,0,1,2,-4.6042133850861031,-5.342472854195135,-0.037602671202842705,-4.6041675127688571,-5.3275596514706924,-0.04050854387259694
639089883384043718,nan,42.859496708158723,0.0098885880029758455,0.0025926530598154099,0,0,0,1,2,-4.6627497971221397,-5.2637952668565866,-0.040508543871650565,-4.6540184010168,-5.2684371301402537,-0.037915890811835155
639089883384243612,nan,42.44032543011938,0.01487963711195201,0.0032617434230993933,0,0,0,1,2,-4.6867684110391599,-5.2295960335385505,-0.037915890810616082,-4.6954647482342224,-5.2175222056462394,-0.041177634233715475
639089883384527383,nan,39.523840776593062,0.016601406965045449,0.0068689345291476009,0,0,0,1,2,-4.7537697257369986,-5.1458972320000411,-0.041177634232143857,-4.743906907824238,-5.1592513151223969,-0.034308699702996256
639089883384744120,nan,54.846972749480017,0.0035216933887365597,0.0071012347586498561,0,0,0,1,2,-4.780494819669765,-5.1152398543681548,-0.034308699701529784,-4.7773670409273636,-5.1136214216501052,-0.04140993446017964
639089883385043980,nan,50.346311848094366,0.014613176209226123,0.009031670256698425,0,0,0,1,2,-4.8229708684459149,-5.051431059609798,-0.041409934459113083,-4.8127415808227569,-5.0618668918068295,-0.032378264202414658
639089883385245668,nan,48.639970715035638,0.018818802784825412,0.007966774810546029,0,0,0,1,2,-4.8362612118812631,-5.027456622411953,-0.032378264200592886,-4.8455223616458722,-5.0110743623941278,-0.040345039011138915
639089883385546496,nan,46.43998189432191,0.014320965241370612,0.011320109166339291,0,0,0,1,2,-4.893945352021964,-4.9360448450619998,-0.04034503900894227,-4.885088155086688,-4.9472982937731409,-0.029024929842602978
639089883385742428,nan,44.97495820901721,0.011212255472142873,0.012153698519631086,0,0,0,1,2,-4.9104884322964804,-4.9063556086543159,-0.029024929840479441,-4.9057021869821904,-4.896216253222927,-0.041178628360110527
639089883386043914,nan,43.702526733158813,0.015953731363403886,0.007552888089357182,0,0,0,1,2,-4.9369884578001137,-4.8186881615479145,-0.041178628357976477,-4.9309373109271757,-4.8334497727722283,-0.033625740268619295
639089883386243657,nan,54.12661485722537,0.0085965960203821419,0.0050968177092768074,0,0,0,1,2,-4.947412538008467,-4.7924714910418462,-0.033625740266219208,-4.9530585330583001,-4.7859888833076925,-0.038722557975496015
639089883386544334,nan,48.288959078454553,0.014551380007235918,0.0093745369306439848,0,0,0,1,2,-4.9860679742153904,-4.7151674147307601,-0.038722557973359502,-4.9783752076102168,-4.727519094862358,-0.029348021042715517
639089883386743930,nan,52.950502823764978,0.019708901526392281,0.011691189376834464,0,0,0,1,2,-4.9948912332284641,-4.6893747279204714,-0.029348021040795112,-4.9909041357697363,-4.6700733328094532,-0.041039210417629576
639089883387044548,nan,61.268690073440716,0.015507911925260758,0.0042855843119310871,0,0,0,1,2,-5.0095205218872492,-4.5847162716486318,-0.041039210415912825,-5.0078473715133187,-4.6001336611847323,-0.036753626103981737
639089883387243642,nan,53.198887098357964,0.0029816335463631279,0.0049939998625894294,0,0,0,1,2,-5.0189691183830663,-4.5542244065573794,-0.036753626102122315,-5.0213507565916009,-4.5524305453452323,-0.041747625964711745
639089883387544684,nan,52.511279382579978,0.010754040576306188,0.0056208238127391993,0,0,0,1,2,-5.0415761653585376,-4.4809806820911549,-0.041747625962865971,-5.0385038669925128,-4.4912865237097206,-0.036126802150126772
639089883387744004,nan,47.471359443075002,0.016179297463928335,0.009476922677852169,0,0,0,1,2,-5.0497524927007724,-4.4511896434588358,-0.036126802148306145,-5.0449015268034811,-4.4357546897404214,-0.045603724826158314
639089883388043920,nan,57.724138230477905,0.01626627775569792,0.0086800639552634951,0,0,0,1,2,-5.0542780425769482,-4.3543663176594292,-0.045603724824277783,-5.0540375497654484,-4.3706308175052015,-0.036923660869014288
639089883388244221,nan,48.204481258150075,0.0040797130666326399,0.0070204626692265126,0,0,0,1,2,-5.0600092520358215,-4.328063019974314,-0.036923660866847348,-5.058177654406748,-4.3244175695451865,-0.043944123536073861
639089883388546360,nan,44.704655663448705,0.012184187877559614,0.011730073212013511,0,0,0,1,2,-5.0643499712295164,-4.2555200820341392,-0.04394412353421507,-5.0613049145859961,-4.2673176268750552,-0.032214050322201558
639089883388843636,nan,45.363071744829931,0.0030767674296107179,0.005428555586480064,0,0,0,1,2,-5.0643319766214105,-4.212047179654812,-0.032214050320234437,-5.0613654342707246,-4.2112310152733912,-0.026785494733754373
639089883389043578,nan,45.157103848937389,0.021866543127354057,0.007479058653076829,0,0,0,1,2,-5.0614054581763366,-4.1741388648610425,-0.026785494731527883,-5.0597199435404248,-4.1523373798484897,-0.034264553384604712
639089883389243546,nan,49.337410278391921,0.0058165744283971048,0.0063860494979484858,0,0,0,1,2,-5.0581030488416321,-4.0944672228444432,-0.034264553382283403,-5.0583777642323646,-4.08865713940828,-0.040650602880231888
639089883389544290,nan,45.178937045918211,0.036214418536746375,0.011513260307481302,0,0,0,1,2,-5.0563755827807038,-3.9936628301673074,-0.040650602878376879,-5.053928733413918,-4.0297944927104412,-0.029137342570895577
639089883389745124,nan,44.421108371530167,0.012223608428735891,0.013423241256661972,0,0,0,1,2,-5.0509796827941456,-3.9907772478745578,-0.02913734256916449,-5.0436034850487976,-3.9810300272532428,-0.042560583825826462
639089883390043914,nan,45.873280777024817,0.0087657632257855753,0.011024569082940826,0,0,0,1,2,-5.0284768344381909,-3.9095893214126121,-0.042560583823748804,-5.0285021682652866,-3.9183550480298264,-0.031536014740807979
639089883390344514,nan,61.000918238499835,0.0053661304462108133,0.0038590322488506953,0,0,0,1,2,-5.0134902248457145,-3.8560509949851198,-0.031536014738371435,-5.0176903905837449,-3.8593907500268596,-0.027676982489520739
639089883390545976,nan,50.105236060833342,0.017938893700325712,0.0016234800732571816,0,0,0,1,2,-5.0105090505574461,-3.8202258054780818,-0.027676982486128657,-5.004297038668005,-3.8033968181206372,-0.029300462559385839
639089883390744100,nan,108.20252888172872,0.018035428048655884,0.010176219799897544,0,0,0,1,2,-4.9912870454983702,-3.7490056040150135,-0.029300462555894691,-4.9825769543772989,-3.7332128532235624,-0.039476682355792235
639089883391043402,nan,61.056417690697707,0.031358120843512312,0.011914769706793598,0,0,0,1,2,-4.9500665249835842,-3.6281621174704957,-0.039476682352614631,-4.9654703876674651,-3.6554760838110414,-0.027561912645821033
639089883391243454,nan,41.923092784791471,0.0049942588827213462,0.0075791610784580257,0,0,0,1,2,-4.9541492050795943,-3.6040296319754175,-0.027561912642323598,-4.9493986963176937,-3.6024884349436443,-0.035141073720781624
639089883391546070,nan,44.680818034965604,0.012979572817800452,0.0032238447428847017,0,0,0,1,2,-4.9253468255078054,-3.5231904906674503,-0.035141073718920897,-4.9268172210993821,-3.5360865073911079,-0.031917228976036195
639089883391744825,nan,90.506445257019749,0.016331000721654516,0.0049107883993388043,0,0,0,1,2,-4.9122048704122605,-3.4931181786031082,-0.03191722897438911,-4.9012612708121175,-3.4809963300492601,-0.036828017373727914
639089883392043656,nan,41.010073213837707,0.014773556500989146,0.0079679617520369284,0,0,0,1,2,-4.8630836339326713,-3.3986979704680302,-0.036828017371333517,-4.8723159526583135,-3.4102314982299977,-0.028860055619296589
639089883392344053,nan,44.949228950374497,0.0052845384563869847,8.2700511669388937e-05,0,0,0,1,2,-4.843539028752855,-3.339878352701422,-0.028860055617697177,-4.8457652971715977,-3.3446710633775156,-0.028777355106027788
639089883392544142,nan,63.056927613999576,0.024706254574615966,0.014204717408227072,0,0,0,1,2,-4.828211993513599,-3.3013274170599387,-0.028777355105298479,-4.8201510725390824,-3.2779731761570892,-0.042982072513525552
639089883392744144,nan,59.23911788775267,0.021172252989039426,0.0030740942926810039,0,0,0,1,2,-4.7948538000880898,-3.2121006131914758,-0.042982072512613198,-4.7791583303766547,-3.1978908796552932,-0.046056166805294202
639089883393043629,nan,167.8859309998349,0.043486360522018465,0.000199775172560826,0,0,0,1,2,-4.7183477464163843,-3.0790929910959557,-0.046056166804357632,-4.7370245713760069,-3.1183643516641686,-0.045856391631796806
639089883393243570,nan,45.215788899977603,0.018823708938715451,0.0030654844627473546,0,0,0,1,2,-4.70929699051492,-3.0660291627853065,-0.045856391631118966,-4.7054049040606758,-3.084446102847167,-0.048921876093866321
639089883393544085,nan,56.391738853750866,0.0031858210553574167,0.010009043447083525,0,0,0,1,2,-4.658505458857114,-3.0341373176240398,-0.048921876093389723,-4.6614633619060966,-3.0329539895420701,-0.038912832646306197
639089883393843834,nan,56.660299362023302,0.0188921254433865,0.0020179007667870466,0,0,0,1,2,-4.6181141157802674,-2.9821559477858344,-0.038912832645809844,-4.6209216023873845,-2.9634735918658892,-0.036894931879022798
639089883394043417,nan,39.142364427572758,0.025213386655579349,0.0060034037132583942,0,0,0,1,2,-4.5942715683531814,-2.9178008094123911,-0.036894931878632548,-4.5811645021920153,-2.8962620145693512,-0.042898335591890942
639089883394243529,nan,39.361997311052143,0.014557965347991926,0.0018194224637898687,0,0,0,1,2,-4.5418528876473738,-2.8298035554102339,-0.042898335591625765,-4.5283262550050347,-2.824421681718615,-0.044717758055415634
639089883394544210,nan,46.853864927318071,0.048148881841981343,0.0041158294854854519,0,0,0,1,2,-4.4497648657143616,-2.7176074580013512,-0.044717758055222073,-4.4717479133181781,-2.7604450634512525,-0.040601928569736621
639089883394744237,nan,51.913519249704621,0.010266464083271422,0.0032769525921819351,0,0,0,0,0,-4.4346024111243798,-2.7184423545815766,-0.040601928569604512,-4.4246895604077903,-2.7157710860732247,-0.043878881161786447
639089883395043889,nan,49.109980194664622,0.020612925640613858,0.0033248963967671893,0,0,0,1,2,-4.3551885273894566,-2.6497915652276234,-0.043878881161473884,-4.375261090053356,-2.6544803744121936,-0.040553984764706695
639089883395344390,nan,47.748305891287302,0.005827776798232492,0.008208933101026536,0,0,0,1,2,-4.3265565946782152,-2.5940873830606828,-0.040553984764242441,-4.3271864249796508,-2.599881025800912,-0.032345051663215905
639089883395545671,nan,54.377558465122803,0.039219286084854178,0.0053012730576553549,0,0,0,1,2,-4.2952867370413292,-2.5636519188551805,-0.03234505166300506,-4.2655009103268835,-2.5381380612883082,-0.037646324720660415
639089883395843792,nan,53.601878399208715,0.023009339865290752,0.0043059456454619394,0,0,0,1,2,-4.1749103809979902,-2.4474631618566165,-0.037646324720223653,-4.1893150897342011,-2.4654056836208889,-0.033340379074761714
639089883396043796,nan,49.208073358704418,0.010949743136471585,0.0060447408241375705,0,0,0,1,2,-4.1386198312782358,-2.4170084010913775,-0.033340379074440006,-4.1290603904335548,-2.4116685541374143,-0.039385119898577577
639089883396243236,nan,56.154044292523707,0.0053900717944523743,0.0048877868134571609,0,0,0,1,2,-4.0695705754980311,-2.3586135737750129,-0.039385119898349301,-4.0749333141798649,-2.3591557063969004,-0.044272906711806462
639089883396544763,nan,64.174657451436474,0.022382321572074274,0.0047323354136052653,0,0,0,1,2,-3.9939177040286791,-2.280556219874958,-0.044272906711406511,-4.0079216345490982,-2.2980164102787026,-0.039540571297801246
639089883396844309,nan,53.327780831042404,0.013453228482623857,0.0042631378010638543,0,0,0,1,2,-3.9419431600867969,-2.237819777246906,-0.039540571297226983,-3.9484871130596804,-2.2495741822124655,-0.035277433496163128
639089883397043450,nan,51.801701934166559,0.028117790166510309,0.0049407529597968042,0,0,0,1,2,-3.9094688114727525,-2.2177722358542753,-0.035277433495745115,-3.8868974197278292,-2.2010049343854905,-0.04021818645554192
639089883397345036,nan,54.043273663624845,0.012407230553364665,0.0055538812128322554,0,0,0,1,2,-3.7945552389879134,-2.1281844668914451,-0.040218186454643243,-3.7935151987534668,-2.1405480297401986,-0.034664305241810987
639089883397544592,nan,50.799288550106048,0.026728587507400432,0.008840734750630283,0,0,0,1,2,-3.7321883312828397,-2.1008441916843008,-0.034664305241460948,-3.7102292263255925,-2.0856055861176039,-0.043505039992091231
639089883397743968,nan,98.226463906949007,0.0095834873559531419,0.0026952106298320025,0,0,0,1,2,-3.6279777282728496,-2.0313455689394373,-0.043505039991804655,-3.6371976246768094,-2.0339602850238263,-0.046200250621636657
639089883398043717,nan,109.78805389667941,0.054401732770736413,0.0076093867788052036,0,0,0,1,2,-3.5285506002234448,-1.9571290480776415,-0.046200250620944794,-3.5716281067081193,-1.990353691996297,-0.03859086384213959
639089883398344120,nan,158.82731675581479,0.010668210120584982,0.0024026771844377903,0,0,0,1,2,-3.5066201809259874,-1.9471205822989086,-0.038590863841179941,-3.4982565514172017,-1.9404978631732985,-0.036188186656742151
639089883398544374,nan,131.74834358764653,0.020008144822620616,0.0018624539989962538,0,0,0,1,2,-3.4496466054064818,-1.9074674995971617,-0.036188186655962122,-3.4325932602746034,-1.8970028314678802,-0.038050640654958376
639089883398843662,nan,142.63470952999782,0.016404242684698773,0.0044338465042071257,0,0,0,1,2,-3.3352881721753178,-1.832548433609785,-0.038050640654507063,-3.3386991667170309,-1.848594127558471,-0.033616794150299938
639089883399043536,nan,132.05668756712882,0.035489312043799286,0.0056158990174792756,0,0,0,1,2,-3.2767267105566171,-1.8166431691207197,-0.03361679414988733,-3.2446221924761627,-1.8015173240810556,-0.039232693167366606
639089883399343744,nan,155.92163048217492,0.021936251883456648,0.0048842071837983253,0,0,0,1,2,-3.1045042759423631,-1.7314012975660249,-0.039232693166965829,-3.1218925149506345,-1.7447747148886723,-0.034348485983167504
639089883399543922,nan,116.13016370385624,0.02050746852841023,0.0068103990676460849,0,0,0,1,2,-3.0407073418463306,-1.7072397140432956,-0.034348485982795177,-3.0220431050843519,-1.698742506764634,-0.041158885050441261
639089883399843339,nan,140.9426469188115,0.043428854654987512,0.0053188166219336058,0,0,0,1,2,-2.8737943718162784,-1.6303974203684306,-0.041158885050035614,-2.9119925223810927,-1.6510605931662321,-0.035840068428102008
639089883400043583,nan,161.18832622849857,0.027844918256054625,0.0061365622516241294,0,0,0,1,2,-2.8388551172562435,-1.6193721518485007,-0.035840068427745023,-2.8652463123362755,-1.6282515828513331,-0.041976630679369152
639089883400344113,nan,114.70991824051031,0.047273462020028148,0.0039996893495474195,0,0,0,1,2,-2.7952962917002906,-1.5941206716890393,-0.041976630679079648,-2.7494833219824888,-1.5824608253352137,-0.037976941329532228
639089883400543586,nan,126.95589258097148,0.018820880322737731,0.0077152900945862482,0,0,0,1,2,-2.6732727351899874,-1.5523152624976306,-0.037976941329270222,-2.6583655040548728,-1.5408261373783239,-0.045692231423856471
639089883400843757,nan,122.49970291356955,0.013425855800157519,0.0056203854150215296,0,0,0,1,2,-2.5224195787988473,-1.4787080324260999,-0.045692231423624025,-2.5258809333224899,-1.4916800264450734,-0.040071846008602495
639089883401043400,nan,166.79670326051749,0.037535020969622274,0.00038983775436075147,0,0,0,0,0,-2.4387148156006959,-1.4593451238409849,-0.040071846008318063,-2.4017350989411184,-1.4529125228921194,-0.039682008253957311
639089883401344045,nan,187.98321205678897,0.055277564649600923,0.0029353554208713314,0,0,0,1,2,-2.2165350243908177,-1.3950793738065026,-0.039682008253817756,-2.2705412330208996,-1.406866594980082,-0.036746652832946425
639089883401544596,nan,149.91414764801391,0.012737059295725574,0.0060721345837424293,0,0,0,0,0,-2.183635316198353,-1.3763646842918646,-0.03674665283274714,-2.1955320797281455,-1.3809143762615512,-0.030674518249004711
639089883401845164,nan,170.0760622749531,0.021660966165589532,0.0013177416955419685,0,0,0,1,2,-2.0835235687877733,-1.3421608475699762,-0.030674518248988376,-2.1051096575751673,-1.3439603547496113,-0.031992259944530345
639089883402043589,nan,214.96360616187039,0.040057606732442547,0.0067412494118673158,0,0,0,0,0,-2.0455196975615126,-1.3196070072965349,-0.031992259944542127,-2.0062488274648569,-1.3117069681205171,-0.038733509356409443
639089883402344650,nan,136.94832961634307,0.027374199024144934,0.0022788317830080909,0,0,0,1,2,-1.8571136981235823,-1.2630515706161982,-0.038733509356519057,-1.8803531325140337,-1.2775179268065249,-0.041012341139527148
639089883402544744,nan,119.85807232831594,0.011160184513333001,0.00037551036472743826,0,0,0,0,0,-1.7970860367309525,-1.2549053809292736,-0.041012341139652138,-1.7889880645213307,-1.2472260212903563,-0.041387851504379576
639089883402843801,nan,120.17813042651979,0.021573144926004859,0.0034928245298738309,0,0,0,1,2,-1.6531152439420098,-1.2021776594423377,-0.041387851504679066,-1.6742862837701455,-1.2063234590749659,-0.044880676034552897
639089883403043698,nan,125.44621894773721,0.0089877523442720864,0.0010287729435500964,0,0,0,1,2,-1.5977330852177516,-1.1790246504072193,-0.044880676034757441,-1.5905148925371702,-1.1736695232725969,-0.043851903091207345
639089883403343738,nan,158.1076669673117,0.03233681085107501,0.0060225466042455045,0,0,0,1,2,-1.4652602768529905,-1.1248455020965988,-0.043851903091478059,-1.4941541570707322,-1.1393649036676348,-0.049874449695723563
639089883403544107,nan,111.77250529308985,0.024152546843406539,0.0014802760159219885,0,0,0,1,2,-1.42993766417574,-1.1165037003936651,-0.049874449695949931,-1.4070020310534848,-1.1089338752765137,-0.048394173680027942
639089883403843207,nan,104.93995572233685,0.016106914130369444,0.00215615440577651,0,0,0,1,2,-1.2774533976931379,-1.0636991997731362,-0.048394173680230933,-1.2921056165217639,-1.0703883825484199,-0.050550328086007443
639089883404043472,nan,109.00711688771726,0.016429142052550638,0.0036516153907339352,0,0,0,1,2,-1.2154067637800812,-1.0446574223382434,-0.050550328086225768,-1.2314936889265624,-1.0413216243955621,-0.046898712695491833
639089883404343729,nan,82.66294039136173,0.02734598859798347,0.0075199600630677585,0,0,0,0,0,-1.1409683169783063,-0.99790972186227633,-0.046898712695637293,-1.1137442784602747,-0.99533002824291461,-0.054418672758705051
639089883404543802,nan,115.90309212995312,0.0061562729622031869,0.0061516130675757577,0,0,0,1,2,-1.0356821351099184,-0.96483983251656269,-0.054418672758840901,-1.0406983548482001,-0.96127090602216314,-0.048267059691265143
639089883404843601,nan,90.496655828287601,0.02401959811174173,0.0047397400220285449,0,0,0,1,2,-0.93164200166786815,-0.91042120109346303,-0.04826705969141841,-0.95319235501641031,-0.92102890414372629,-0.053006799713446955
639089883405043491,nan,104.11878746444042,0.021037760698935246,0.0023564270148262387,0,0,0,1,2,-0.89492872225021092,-0.8942347960399506,-0.053006799713659347,-0.87597515166419804,-0.8851051992653558,-0.050650372698833108
639089883405343805,nan,100.1427445549995,0.033873346624666567,0.0018124872475839965,0,0,0,0,0,-0.76040228895626605,-0.83133731812453704,-0.050650372698908208,-0.79090229534990841,-0.84607343774751054,-0.052462859946492205
639089883405544083,nan,115.64609913450023,0.011229891497410939,0.0023875614332275197,0,0,0,0,0,-0.734376953930725,-0.82013938849168744,-0.052462859946553517,-0.72428705189149212,-0.81520944529908301,-0.054850421379781036
639089883405843650,nan,117.29536839213681,0.0092061858433629389,0.0015746807615550917,0,0,0,1,2,-0.62527466779181196,-0.76933529823451585,-0.05485042137979719,-0.6160685050116449,-0.76935590521398656,-0.056425102141352282
639089883406043519,nan,133.09567982676327,0.0086537098423597435,0.00011671595095931464,0,0,0,0,0,-0.54431423316039507,-0.73895273056905975,-0.056425102141354093,-0.54177329336969826,-0.73068046854372426,-0.056541818092313408
639089883406343744,nan,110.09463062724097,0.033545382817560039,0.0043382057066716356,0,0,0,0,0,-0.43083983656155828,-0.67293246852357003,-0.056541818092268319,-0.45728657059855654,-0.69356891606555093,-0.052203612385596683
639089883406543570,nan,119.07693145973951,0.0091400192260461966,0.00068040647336618104,0,0,0,1,2,-0.40142330030208673,-0.66903047239996283,-0.052203612385584242,-0.39334309040593579,-0.6647584518608457,-0.052884018858950423
639089883406843567,nan,113.38075549205085,0.0033579121307888682,0.0051041975923111077,0,0,0,0,0,-0.29795423662785581,-0.62177991598787352,-0.052884018858893288,-0.29472629680368534,-0.62270510697876857,-0.04777982126658218
639089883407043887,nan,88.874662765519062,0.019783281155955953,0.0020984622677085382,0,0,0,1,2,-0.22930177071115537,-0.59480600319516275,-0.047779821266549276,-0.21215162798036991,-0.58494442027915539,-0.049878283534257814
639089883407277191,nan,93.498610864604487,0.0088289843646794427,0.00025557855611938601,0,0,0,0,0,-0.11685408039414859,-0.54136567041647687,-0.049878283534170738,-0.10827748467757473,-0.53926972890340907,-0.050133862090290124
639089883407544868,nan,110.04118014066705,0.046070796619164682,0.0017177346806600408,0,0,0,1,2,0.0097215024042222598,-0.48738417638529052,-0.050133862090024552,-0.03145313359441923,-0.50805221091941621,-0.051851596770684592
639089883407844848,nan,114.43406452816615,0.018718049019315761,0.0043238834484418884,0,0,0,1,2,0.053939224464439189,-0.47335308966666984,-0.051851596770378851,0.035892029977558984,-0.47831938911819594,-0.047527713321936962
639089883408043732,nan,109.46577008315009,0.037521430992787014,0.0013973525233257622,0,0,0,1,2,0.080209577014651215,-0.4587532367943884,-0.047527713321694032,0.11633442951864914,-0.44861159909079867,-0.048925065845019794
639089883408344156,nan,103.10804755544532,0.0099265373958069419,0.0014252579454129347,0,0,0,1,2,0.23696069155334787,-0.40406370289724775,-0.048925065844677561,0.22859168024935111,-0.40940184812419017,-0.047499807899264626
639089883408544069,nan,116.22169633380628,0.014765647882243278,0.0045413458354549088,0,0,0,1,2,0.30269479962955897,-0.38351875515839967,-0.047499807898797701,0.31558459755444046,-0.37631615376458949,-0.05204115373425261
639089883408843487,nan,111.08755841646727,0.059354521707799181,0.004669090283681808,0,0,0,1,2,0.4448554960579767,-0.32715103124686534,-0.052041153733994198,0.3893435684070542,-0.34816019914186658,-0.047372063450312391
639089883409044889,nan,128.2926033474572,0.021433914036822582,0.0017365807896869145,0,0,0,1,2,0.4385332556214796,-0.32938305806864326,-0.047372063450001958,0.45995686335399649,-0.32871845092066598,-0.049108644239688873
639089883409344261,nan,159.1187343404294,0.0047066190402542344,0.0038221132534061592,0,0,0,1,2,0.56404965849216548,-0.30005889160909577,-0.04910864423949677,0.56852919778258504,-0.29861459574755245,-0.04528653098609061
639089883409543312,nan,145.12090724981098,0.0069640379422852804,0.002763851566135192,0,0,0,0,0,0.64007329472476138,-0.27877756134856324,-0.045286530985970755,0.64508416801143942,-0.27394134657185559,-0.048050382552105947
639089883409843654,nan,153.78285477395576,0.02843662409069115,0.0050710142394005953,0,0,0,1,2,0.75990443313488698,-0.23693540164964577,-0.048050382551953263,0.7354381614435469,-0.25142826676323898,-0.042979368312552668
639089883410043260,nan,176.5563980102495,0.009184141624748841,0.0043028580789428519,0,0,0,0,0,0.79531026905299762,-0.2365102151562066,-0.042979368312523754,0.80442722842083192,-0.23540138276639166,-0.047282226391466606
639089883410345148,nan,185.06355828060055,0.020616856373843716,0.00095890545197691718,0,0,0,1,2,0.90813954511072426,-0.21130792359291889,-0.047282226391440731,0.88788919172102831,-0.21517805980914312,-0.046323320939463813
639089883410544082,nan,207.98818881786312,0.019946431186335153,0.00095176231086443325,0,0,0,0,0,0.9427191109448203,-0.20189244897113415,-0.046323320939395118,0.96070616798832342,-0.19327120219442206,-0.047275083250259552
639089883410843495,nan,176.23755759870664,0.024525591070299391,0.00035185627076532444,0,0,0,0,0,1.0697703184222569,-0.16045944679199672,-0.047275083250257852,1.0492252210326674,-0.17385360934886568,-0.047626939521023176
639089883411043015,nan,194.46941553683743,0.009737035992776916,0.0026387201994081955,0,0,0,1,2,1.1079965032514223,-0.16096150544708324,-0.04762693952102455,1.11761319111441,-0.15943533885378575,-0.050265659720432745
639089883411344297,nan,155.44359061549974,0.031711636155381993,0.002361165479294984,0,0,0,0,0,1.2203940094472328,-0.13776600667947206,-0.050265659720435903,1.1892296649342924,-0.14363213817561959,-0.052626825199730887
639089883411543821,nan,166.92015941327247,0.018794666155397176,0.0017188686912208567,0,0,0,0,0,1.2364400574547445,-0.13321448889324775,-0.052626825199732059,1.2526823421073954,-0.12375786871714392,-0.054345693890952916
639089883411844088,nan,171.19614217139241,0.009972298411025815,0.0023731281810349253,0,0,0,1,2,1.3476382542402914,-0.094016343718030512,-0.054345693890949238,1.3424238758558409,-0.10251675509997689,-0.051972565709914313
639089883412043432,nan,166.06249783726952,0.016276477550777081,0.00033232976120100427,0,0,0,0,0,1.4017421737094355,-0.088476581596624165,-0.051972565709918997,1.4176959617356484,-0.085251621275066969,-0.051640235948717993
639089883412344039,nan,208.96556207838489,0.033603945102551554,0.00025064628113846688,0,0,0,1,2,1.530588604165235,-0.059357472645961626,-0.051640235948761722,1.4978049432646827,-0.066736951246303078,-0.051890882229900188
639089883412544077,nan,217.44789058102728,0.016130772375319236,0.00051697645191548652,0,0,0,0,0,1.5509437177354468,-0.054455595819227522,-0.051890882229906975,1.5664912051473641,-0.050157055066758507,-0.051373905777991488
639089883412843532,nan,221.54269811525344,0.020843112724447759,0.0019955001183730933,0,0,0,0,0,1.6688807656997053,-0.02544165729585365,-0.051373905777994264,1.6485638304166075,-0.030095418005908411,-0.04937840565962117
639089883413043565,nan,207.82410396867468,0.0022621194437402081,0.0014412214129273584,0,0,0,1,2,1.7033357348462992,-0.016707104129078852,-0.049378405659630649,1.7012822679304733,-0.017656028785390472,-0.050819627072558007
639089883413343920,nan,151.93733095184234,0.0082735949943419703,0.0023980038754463431,0,0,0,0,0,1.7800864887103718,0.00093853548338089163,-0.050819627072569831,1.7722042485560592,-0.0015759553756485333,-0.053217630948016174
639089883413543943,nan,155.61942894530713,0.030132561014102294,0.00066287446636083269,0,0,0,0,0,1.8191787168228271,0.0090745212671416615,-0.053217630948016549,1.8468603758811959,0.020978175539877582,-0.052554756481655716
639089883413843345,nan,156.97134387285931,0.025971484479134804,0.001830670834049343,0,0,0,1,2,1.957921098847391,0.054530385855361629,-0.052554756481652913,1.9332772101055438,0.046333023247217657,-0.05072408564760357
639089883414043298,nan,162.14211914649465,0.006137433124716752,0.0013059923080462887,0,0,0,0,0,1.9908818876781353,0.063234334666376055,-0.050724085647602488,1.9968155986585827,0.061666163961099127,-0.049418093339556199
639089883414344131,nan,201.19952872916605,0.024557461958314278,0.00080171800420775902,0,0,0,0,0,2.0918432335904829,0.084598317755051361,-0.049418093339563283,2.0687951076292319,0.07612171303922538,-0.050219811343771042
639089883414527697,nan,215.36967668346961,0.016325110710743256,1.1813997294711498e-05,0,0,0,1,2,2.1125141823215179,0.084901756678065821,-0.050219811343775018,2.1250551005015441,0.0953532929727888,-0.05023162534106973
639089883414843397,nan,161.98052180289199,0.020047141047991195,0.0011326697115244186,0,0,0,0,0,2.2213631678650194,0.1282746674911138,-0.050231625341075607,2.2060324528016264,0.11535735198660171,-0.051364295052600026
639089883415043451,nan,145.6650257358917,0.006365017870308548,0.0012132023801482775,0,0,0,1,2,2.2571232614088488,0.12797845555954793,-0.0513642950526196,2.2626175049395783,0.12476493093471859,-0.050151092672471323
639089883415343985,nan,121.58052615539849,0.018689673037266537,0.0038645288956596704,0,0,0,0,0,2.3472900271811294,0.1388422076646505,-0.050151092672480822,2.3291335518418217,0.14327462026875643,-0.054015621568140493
639089883415544336,nan,94.924640998684637,0.01219813869797921,0.0012764538342145554,0,0,0,0,0,2.373358476612264,0.1555812689113785,-0.054015621568146294,2.3847124498805172,0.16004017894847591,-0.052739167733931738
639089883415843209,nan,101.70973500813618,0.01532185671005913,0.0012977186238471716,0,0,0,0,0,2.4672479041312814,0.18493727209406297,-0.052739167733923807,2.4536348718429117,0.17790558346618773,-0.054036886357770979
639089883416043444,nan,97.127248448497696,0.020898845327418761,0.0015901798644350762,0,0,0,1,2,2.4997066277636764,0.1898478590411064,-0.054036886357774233,2.5201585897089913,0.19414657845585795,-0.055627066222209309
639089883416344639,nan,71.467378379051766,0.024135095639887947,0.00090159923866994784,0,0,0,0,0,2.6196175429710706,0.21842832958797437,-0.055627066222215062,2.5963722522626611,0.21193531014952605,-0.056528665460885009
639089883416543715,nan,79.190390569733509,0.0083764576116385856,0.0017365073735877284,0,0,0,0,0,2.6465119274141657,0.22363821483344276,-0.056528665460894363,2.6535508408752588,0.22817900104365135,-0.054792158087306635
639089883416843252,nan,71.425175817782915,0.020916055724311284,0.002679795136115215,0,0,0,1,2,2.7394467886830283,0.25258091894863305,-0.05479215808731306,2.7198106871546925,0.24537641314799785,-0.057471953223428275
639089883417043311,nan,69.883887942812819,0.018312044227756716,0.0036284476108176394,0,0,0,0,0,2.7641235991557629,0.25687760809511906,-0.057471953223477937,2.7818586125766669,0.26143833860235943,-0.061100400834295576
639089883417343725,nan,79.866922196169241,0.0083966848578276975,0.0011581875006565004,0,0,0,1,2,2.8744897876758562,0.28541714239111871,-0.061100400834295,2.8665515414103093,0.28815366624981326,-0.062258588334951501
639089883417643338,nan,57.61704326184929,0.011183960908321572,0.0028167393319889628,0,0,0,1,2,2.9506401358091203,0.31467836414036177,-0.062258588334951584,2.9417252076529015,0.30792521394446642,-0.059441849002962621
639089883417843352,nan,44.980568465827517,0.019286747326867325,0.00046968974458842794,0,0,0,0,0,2.9917431126844094,0.32108050414576811,-0.059441849002963933,3.0108672921400266,0.32357938041316792,-0.058972159258375505
639089883418043361,nan,46.510612570291883,0.012757249930611714,0.00017043195703494302,0,0,0,0,0,3.0797216716440023,0.33916840881532856,-0.058972159258377642,3.0902354012726567,0.34639398250104014,-0.058801727301342699
639089883418343920,nan,44.706802087270788,0.033959886819470972,0.00032974400676583082,0,0,0,1,2,3.2090191172961746,0.3805387195397763,-0.058801727301346272,3.176550972566091,0.37058414819904945,-0.058471983294580442
639089883418543866,nan,39.080082885510862,0.008757269852692354,0.00085989594810793879,0,0,0,0,0,3.2337310146772085,0.38660900527361869,-0.058471983294573412,3.2422970466711538,0.38842913470626328,-0.057612087346465474
639089883418843328,nan,38.128680322284822,0.018118441751357985,0.00053404452298769223,0,0,0,0,0,3.3404341810739533,0.41506579496488294,-0.05761208734647124,3.322705581940927,0.41132751938945883,-0.057078042823483548
639089883419145240,nan,43.290773452219788,0.0054871265266369044,0.002489510125399462,0,0,0,1,2,3.4038022448013998,0.43442186598428595,-0.057078042823512767,3.3987949875397576,0.43217777769835469,-0.059567552948912229
639089883419343527,nan,35.334079758379616,0.028508472402990759,0.0043694664451436188,0,0,0,0,0,3.4488013605590018,0.44588068135933773,-0.059567552948968372,3.4761965176089786,0.45376981115667209,-0.063937019394111991
639089883419543726,nan,42.773787077326915,0.014621095697975494,0.0021882503467707676,0,0,0,1,2,3.5540237433254491,0.47548059723719543,-0.063937019394185196,3.5665799166637244,0.48297185550991184,-0.066125269740955964
639089883419843360,nan,35.219094385479174,0.04840503334469029,0.0036455063828584947,0,0,0,0,0,3.7013248881473246,0.52650671561466145,-0.066125269740949649,3.6551441037607786,0.51200215059036913,-0.062479763358091155
639089883420043398,nan,35.902349358304342,0.0062363200761450565,0.0015942445265145766,0,0,0,0,0,3.7141265288381198,0.53133589327667363,-0.062479763358110584,3.7185411319746575,0.52693101334198744,-0.060885518831596007
639089883420343618,nan,46.079932769370402,0.0085104435236288776,0.00037450185238615402,0,0,0,1,2,3.8134283579695021,0.5492752527120075,-0.060885518831636093,3.8060821033124399,0.55357178520722605,-0.061260020684022247
639089883420643264,nan,44.538160636267627,0.0026686085533719171,0.001310498476450761,0,0,0,0,0,3.8931557016316058,0.58007032449525364,-0.061260020684048372,3.891293413185974,0.58198169922470777,-0.059949522207597611
639089883420842995,nan,51.660457436638815,0.031326051820672968,0.0035811481187996846,0,0,0,1,2,3.948079656150858,0.60091454138383593,-0.059949522207718237,3.9781543582510976,0.60968003145874494,-0.063530670326517921
639089883421042960,nan,70.031726657131856,0.012114327475090024,0.0041127492756356243,0,0,0,1,2,4.0648087163342899,0.6373124869646799,-0.063530670326688535,4.0756076390805678,0.64280249586209004,-0.067643419602324159
639089883421345181,nan,61.264625109720932,0.054911357328464409,0.0032743513106539279,0,0,0,0,0,4.2222940846460171,0.69265835017854693,-0.067643419602433724,4.1716481269131238,0.67143939334810188,-0.070917770913087652
639089883421544084,nan,46.790491557737383,0.0069914025860147652,0.00038616604146443634,0,0,0,1,2,4.2347180257319339,0.6902452768633579,-0.070917770913170752,4.2292713347112629,0.6858619827772765,-0.071303936954635189
639089883421843378,nan,55.907217821285769,0.011946503896809391,0.0012659003423107079,0,0,0,1,2,4.3157757976596258,0.70751330002545954,-0.071303936954662875,4.306769840188216,0.71536261116591249,-0.072569837296973583
639089883422043147,nan,57.527694645105889,0.032262990870312223,0.0047333654476994225,0,0,0,0,0,4.3585921452618708,0.73508932144002292,-0.072569837296987932,4.3888830068375899,0.74619626903594105,-0.06783647184928851
639089883422343738,nan,60.919407861328473,0.028865706743436276,0.0037518813466723838,0,0,0,1,2,4.5118019756445626,0.79235258701250288,-0.067836471849370167,4.4860077797276032,0.77939540819936703,-0.071588353196042551
639089883422643626,nan,57.472880991708742,0.02889912288196414,0.0023307493642680116,0,0,0,0,0,4.5824267085284687,0.81235327610473984,-0.071588353196050697,4.5555074294215876,0.80184082083907049,-0.073919102560318709
639089883422843530,nan,85.178163148892565,0.026069320208985915,0.0045303921329006847,0,0,0,0,0,4.6017476149728651,0.81677442194072769,-0.073919102560321456,4.624822732574545,0.82890489612054785,-0.069388710427420772
639089883423043362,nan,70.065459298138606,0.019398467803114838,0.0048621981460880842,0,0,0,1,2,4.6938400715009303,0.8558526316344367,-0.069388710427426809,4.7131046005137449,0.85812825792689051,-0.064526512281338724
639089883423344185,nan,95.614445532900234,0.047993260513464538,0.0028038307780698379,0,0,0,1,2,4.8452577115689799,0.90187402666006522,-0.064526512281404602,4.7987760125523957,0.88992393413971405,-0.06733034305947444
639089883423543262,nan,109.58636916935909,0.0052549307737581111,0.00014944857069286444,0,0,0,0,0,4.8552582874862873,0.91088649426130375,-0.067330343059518447,4.8502295103925785,0.91241151831973044,-0.067479791630211311
639089883423843424,nan,131.89606334098181,0.009349228322636122,0.00036612023627603796,0,0,0,1,2,4.9276679364357712,0.94625573100713889,-0.067479791630225591,4.9199158765542315,0.94102948590938429,-0.067113671393949553
639089883424043293,nan,118.41111818838034,0.010022508314483928,0.0027644810863556302,0,0,0,0,0,4.9662009373883249,0.96003728390192944,-0.067113671393964153,4.9762216904352039,0.95984971714750633,-0.064349190307608523
639089883424343825,nan,119.19447467145025,0.021955552093875313,0.00045574463035454038,0,0,0,0,0,5.0606876991036938,0.98808249996923558,-0.064349190307617585,5.0398632870296716,0.98112619854403904,-0.063893445677263044
639089883424643599,nan,107.38906860832637,0.0035154376693439567,0.0046821265741479323,0,0,0,0,0,5.103225730529144,1.0023093542550094,-0.063893445677285124,5.1003945841668807,1.0043933197735548,-0.068575572251433056
639089883424843460,nan,122.78977795493519,0.015484459155909154,0.0012381521618888836,0,0,0,1,2,5.1405899018530778,1.0198436632106651,-0.068575572251440606,5.1544085727881779,1.0268302796262443,-0.067337420089551722
639089883425043354,nan,109.60267648278023,0.012055777821662223,0.0011414456860143751,0,0,0,0,0,5.2080595327311414,1.0491164403972688,-0.067337420089548114,5.2199367623518214,1.0511836112714168,-0.066195974403533739
639089883425343770,nan,113.94714843460557,0.041918808704977918,0.0042376671107116348,0,0,0,0,0,5.317729925863568,1.0875281121570859,-0.066195974403520846,5.2790477210298477,1.0713765316633188,-0.061958307292809212
639089883425545490,nan,130.17334584892274,0.012660895058383522,0.00061229262435567866,0,0,0,0,0,5.3184972841471279,1.0848529141368561,-0.06195830729279081,5.3059863877526574,1.0829097890543598,-0.062570599917146488
639089883425843563,nan,150.35870610558189,0.0043736951303292946,0.0011712827134175152,0,0,0,1,2,5.3454972124470235,1.0998255672412058,-0.062570599917101788,5.3460348796918691,1.0954850461864376,-0.061399317203684273
639089883426143722,nan,100.60478286937111,0.0042216309534879714,0.0063030827545796919,0,0,0,1,2,5.3861157145111527,1.1080704590076214,-0.061399317203543344,5.390328143219083,1.1083490488280596,-0.055096234448963652
639089883426344299,nan,90.36642335092354,0.020959407463659679,0.0020599755477435991,0,0,0,0,0,5.4195904708496441,1.1168476472595856,-0.055096234448803773,5.4398789109190426,1.1221084419503273,-0.057156209996547372
639089883426643133,nan,103.96020081149796,0.025806615904939378,0.007301712986152363,0,0,0,1,2,5.5130119390939782,1.1424162218615079,-0.057156209996019398,5.4890374517666416,1.1328660709801635,-0.049854497009867035
639089883426843463,nan,88.562097808522381,0.0030354920013988301,0.0028466983854361014,0,0,0,1,2,5.5217273386501651,1.1400197755054968,-0.049854497009269728,5.518769648870169,1.1407026245780325,-0.05270119539470583
639089883427043246,nan,82.771758493733856,0.0068499386535070504,0.0022664337440609292,0,0,0,1,2,5.5480880215420454,1.1484301059358837,-0.052701195394092799,5.5470582189143771,1.1416580186575878,-0.054967629138153729
639089883427343611,nan,82.355332210549889,0.0033754199747698817,0.0059763326832110442,0,0,0,1,2,5.5891218233690028,1.1430786390211445,-0.054967629137291543,5.58587035673313,1.1439849638646096,-0.048991296454080499
639089883427643134,nan,66.2758337137155,0.0045043293075645637,0.0075718983728212813,0,0,0,1,2,5.6242964947046881,1.1462887668139559,-0.048991296452999593,5.6199129211032606,1.1452527817793858,-0.041419398080178312
639089883427845360,nan,66.466445584200557,0.010037614898025991,0.0047982946611612246,0,0,0,1,2,5.6428516599413472,1.1461070694800743,-0.041419398079038633,5.6520747450149891,1.1421462091486012,-0.046217692740199857
639089883428144401,nan,70.305991138925819,0.010509806484408527,0.0076780248935905127,0,0,0,1,2,5.6994399972420817,1.1375711080404443,-0.046217692738874973,5.6889645252856216,1.1384199423170451,-0.03853966784528446
639089883428343521,nan,55.809377325005812,0.0037146117112318959,0.0056540673897178748,0,0,0,1,2,5.7134928080274392,1.1359423204460191,-0.038539667843754809,5.7171762611686825,1.1364224382664403,-0.044193735233472684
639089883428543909,nan,54.475023701272029,0.0054492811483643627,0.0054440386332199817,0,0,0,1,2,5.7455543973653125,1.1344131524062455,-0.044193735231897437,5.7496974945011656,1.13087346157839,-0.049637773865117418
639089883428843766,nan,45.942024711365747,0.010582704400128894,0.0064512901967471101,0,0,0,1,2,5.7981214440381228,1.1226110637665729,-0.049637773863648427,5.7876139875359787,1.1238708217893918,-0.043186483666901317
639089883429143827,nan,50.004935974221397,0.0058706981563644619,0.0082257998370610999,0,0,0,1,2,5.8254261000661893,1.1168874596027303,-0.043186483665480987,5.8195554251398827,1.1169039748313194,-0.034960683828419888
639089883429344294,nan,39.926689257598596,0.012363560426670875,0.0056722884884041758,0,0,0,1,2,5.8408633864302297,1.1122564286832954,-0.034960683826979644,5.8524746332384741,1.1080094798983466,-0.04063297231538382
639089883429643698,nan,47.204511036735035,0.0071084868097829879,0.0092252039861343213,0,0,0,1,2,5.9014475800277353,1.0947773989271015,-0.0406329723137226,5.8943632766838379,1.0953632580027353,-0.031407768327588279
639089883429843547,nan,48.874776901310945,0.0068120194111225916,0.0089640668079356348,0,0,0,1,2,5.9222425907139469,1.0869464661822494,-0.031407768325882594,5.9289072073256399,1.0855370358446108,-0.040371835133818229
639089883430144010,nan,29.204035037343903,0.011545145059446565,0.0075034111322867386,0,0,0,1,2,5.9805287543012673,1.070852986308142,-0.040371835132061142,5.9693177942733682,1.0680953152442709,-0.032868423999774403
639089883430345784,nan,42.317618944182648,0.0049624143993866349,0.0093573439890001012,0,0,0,1,2,5.9963649412952726,1.0564214243898129,-0.032868423997936866,5.9993569475238342,1.0524624528820234,-0.042225767986936967
639089883430544365,nan,46.088316404734535,0.010985163353265099,0.0074524215607361943,0,0,0,1,2,6.0288945164900678,1.0370906231132411,-0.042225767985110234,6.0397836134236051,1.0356410087266037,-0.049678189545846428
639089883430843631,nan,46.884445393032657,0.019591793179384417,0.008172844647636443,0,0,0,1,2,6.1004757862879773,1.0103871330040723,-0.049678189543946365,6.0820499911810586,1.017045093251898,-0.041505344896309922
639089883431144036,nan,52.853310362774735,0.012409351894995223,0.0072829334362171164,0,0,0,1,2,6.1243005715535874,0.99845612814413576,-0.04150534489459775,6.1118917622792353,0.99834008140108343,-0.034222411458380633
639089883431343870,nan,46.568487982934663,0.015571330700552324,0.011506736145360928,0,0,0,1,2,6.1316889944205348,0.98593105042909257,-0.034222411456503371,6.1460853968408236,0.97999725424628781,-0.045729147601864299
639089883431643793,nan,81.261044464085884,0.0061880524256393158,0.0097231376328815802,0,0,0,1,2,6.1970675613836947,0.95264839109742128,-0.045729147600079643,6.1921005344332425,0.95633900569338515,-0.036006009967198063
639089883431843347,nan,89.083323893365943,0.0087342933257048873,0.0091244660028184862,0,0,0,1,2,6.2224783111177473,0.94072055861511339,-0.036006009965243717,6.2193346656785096,0.93257160940360073,-0.045130475968062203
639089883432043452,nan,96.371396563710263,0.010619194500022038,0.0075412974147861522,0,0,0,1,2,6.2463496178934568,0.90899549202134233,-0.045130475965890066,6.2562115486753456,0.90505726741086967,-0.052671773380676218
639089883432344780,nan,96.220508856033817,0.020708655664401207,0.012575996202864731,0,0,0,1,2,6.3111407679968083,0.86407383272269012,-0.052671773378207776,6.293117020237772,0.87427152541002717,-0.040095777175343045
639089883432643154,nan,94.726192088149517,0.012769659314498538,0.0089794614137944546,0,0,0,1,2,6.3293482581225069,0.84404821448433254,-0.040095777172897307,6.3184987437272291,0.85078262139177574,-0.031116315759102852
639089883432843347,nan,96.447163304907079,0.016081841418474373,0.0075684747385521695,0,0,0,1,2,6.3353488429504985,0.83518910334254692,-0.031116315756581504,6.3443623854796387,0.82187063216585632,-0.038684790495133674
639089883433144871,nan,77.42480737747664,0.0086005328461969781,0.0087864069104585524,0,0,0,1,2,6.3830638327011133,0.77860774460322146,-0.038684790492654185,6.3775170046013221,0.78518055703549727,-0.029898383582195633
639089883433343702,nan,63.927907044486666,0.0063295186394572139,0.01270629560195493,0,0,0,1,2,6.3992163878860442,0.76116725137582719,-0.029898383579727746,6.4028651470056568,0.75599527273179934,-0.042604679181682675
639089883433544021,nan,66.345384592236599,0.0083294612085710613,0.0061076581637170696,0,0,0,1,2,6.4280784089482639,0.72696528677540206,-0.042604679179100859,6.4240469561055944,0.71967643830651329,-0.048712337342817928
639089883433843587,nan,80.596769201469499,0.027222318985574728,0.0014059023665209391,0,0,0,1,2,6.4553181044853121,0.66605818242794079,-0.048712337339823303,6.4500959484370712,0.6927749138365582,-0.050118239706344242
639089883434145917,nan,66.047167889022745,0.010307161514378757,0.0082641729359028693,0,0,0,1,2,6.4762462471458244,0.66576876743142088,-0.050118239703880789,6.4667611620260201,0.66980246781116626,-0.04185406676797792
639089883434343650,nan,56.011438211984768,0.017472186040061458,0.0111247990108026,0,0,0,1,2,6.4776202967305814,0.65483350959460851,-0.04185406676547402,6.4779059253808358,0.63736365838480502,-0.052978865776276619
639089883434643391,nan,49.604376238147786,0.0090380052968634644,0.01122885230626669,0,0,0,1,2,6.4946980821216878,0.58848710936963899,-0.052978865773986972,6.4909483928262084,0.59671057396392646,-0.041750013467720282
639089883434843795,nan,46.468358265878592,0.0053317724781805163,0.0089747106684386693,0,0,0,1,2,6.4996152171142851,0.56969627311020998,-0.041750013465585184,6.5001811750400114,0.56439462342493363,-0.050724724134023853
639089883435143735,nan,39.099188354981955,0.010681252536537312,0.0094621304373121093,0,0,0,1,2,6.5139290142393653,0.51627538035211851,-0.05072472413174952,6.5100329178379281,0.52622071034061024,-0.041262593694437411
639089883435345271,nan,44.877268813647802,0.0044566561817685982,0.0068997605600317757,0,0,0,1,2,6.5166350825468777,0.50063838780767633,-0.041262593692113415,6.5176495198406252,0.49629872177219037,-0.048162354252145191
639089883435643425,nan,41.692422598989658,0.015863348218720544,0.008982413293602505,0,0,0,1,2,6.5288614860325112,0.45225226587173528,-0.048162354249626026,6.5189706694139398,0.46465458675639942,-0.039179940956023521
639089883435843473,nan,41.365012276005835,0.010341477439950481,0.0086999575181142819,0,0,0,1,2,6.5198509154433175,0.44357096022132941,-0.039179940953441454,6.5212055679575442,0.4333185911191802,-0.047879898471555736
639089883436143439,nan,36.226797959930551,0.0097409865819250881,0.0085803233207827345,0,0,0,1,2,6.5245328112802694,0.38666659318251739,-0.047879898469240754,6.5246930717416394,0.3964062613582699,-0.03929957514845802
639089883436343652,nan,36.572255344891531,0.0021834549278361591,0.0094629758722451288,0,0,0,1,2,6.5270055668487039,0.37193042211997185,-0.03929957514618368,6.5260184726569728,0.36998282861039583,-0.048762551018428808
639089883436643487,nan,30.110385058310492,0.0066355868836124841,0.0080110773401804447,0,0,0,1,2,6.527993086409638,0.33061657113089077,-0.04876255101654095,6.5260929833515897,0.33697429255123984,-0.040751473676360506
639089883436843468,nan,28.545476188190626,0.0072213587180879162,0.0087127200467977672,0,0,0,1,2,6.5261424950762255,0.31504040029053892,-0.040751473674414333,6.5235658520360627,0.30829436942944105,-0.049464193721212101
639089883437143803,nan,29.266509623333413,0.011149475175449751,0.0057193139645079077,0,0,0,1,2,6.5197930845789829,0.2654779633484966,-0.049464193719302454,6.5202949257005338,0.27661613879049296,-0.043744879754794547
639089883437344079,nan,25.159061375651895,0.0089162498683045578,0.0052896747461936983,0,0,0,1,2,6.5181262649424463,0.25561311743653387,-0.043744879752967869,6.5145101589578926,0.2474630690181184,-0.049034554499161567
639089883437542941,nan,24.813319253991555,0.0043752235282067944,0.0094601722168564176,0,0,0,1,2,6.5088097399755025,0.21873508054100468,-0.049034554497442082,6.5069887911748676,0.21475679870241648,-0.058494726714298499
639089883437843079,nan,24.410809656673269,0.017241732059639917,0.0069047575110484719,0,0,0,1,2,6.4957173268295456,0.16574343167043984,-0.058494726712299015,6.5027277935500649,0.18149559599084059,-0.051589969201250543
639089883438145704,nan,24.04257390095022,0.013148384385178834,0.0047066104130523423,0,0,0,1,2,6.4984473379796617,0.14808250521689828,-0.051589969199385306,6.4968650121494074,0.16113533084613751,-0.046883358786332964
639089883438343958,nan,18.974808375480517,0.016835926837407398,0.0069164058609800239,0,0,0,1,2,6.4930204709483457,0.14778400954247012,-0.046883358784512351,6.4877257002944901,0.13180233765879021,-0.053799764645492375
639089883438643456,nan,19.092505494661719,0.0086574217228589396,0.0062052308221353519,0,0,0,1,2,6.4739835739210401,0.08769642403081776,-0.053799764643822016,6.4748324602586145,0.096312127302942988,-0.047594533821686665
639089883438843263,nan,18.040628559481267,0.0034565982773239515,0.0070350212249824101,0,0,0,1,2,6.4662639837424987,0.072726354204796451,-0.047594533820109454,6.4632813414402488,0.070979380665320682,-0.054629555045091864
639089883439043244,nan,17.949204216541698,0.0078055060049571461,0.011167508728941393,0,0,0,1,2,6.4517382523863542,0.045664244095789189,-0.05462955504361524,6.4513226197214433,0.037869811885468729,-0.065797063772556633
639089883439345884,nan,17.158404727556942,0.014092266886655833,0.0074685638111086361,0,0,0,1,2,6.4332858744131585,-0.012067704296567519,-0.065797063771029202,6.4365013229894883,0.0016528232609907168,-0.058328499959920566
639089883439643231,nan,21.52044011993522,0.0050488754547964891,0.0043852203116368088,0,0,0,1,2,6.4218304527025554,-0.034196586672720401,-0.058328499959134431,6.4230100431852692,-0.029287441161418327,-0.053943279647497622
639089883439843425,nan,20.42807916333674,0.019198547100602974,0.0084824518426919321,0,0,0,1,2,6.4138791778528219,-0.050227736810982096,-0.0539432796471499,6.4070016533737455,-0.068152129905694553,-0.062425731489841832
639089883440145227,nan,31.20432504934713,0.016912115571549074,0.0035674134689843984,0,0,0,1,2,6.3828907003185194,-0.12668797872321047,-0.062425731489744646,6.392852023993834,-0.11302080331125909,-0.065993144958729044
639089883440343628,nan,46.010463622766153,0.0035698394377496443,0.013549203487429787,0,0,0,1,2,6.3834647958896147,-0.14278783541386098,-0.06599314495868229,6.3823446764397564,-0.1461773908462683,-0.079542348446112077
639089883440643092,nan,33.236768727144891,0.0079826883257692396,0.0080482019959486062,0,0,0,0,0,6.3664862380933522,-0.19621967758846795,-0.079542348446100045,6.3675921860030309,-0.18831397128684949,-0.087590550442048651
639089883440843188,nan,22.480747771002687,0.019758022248964873,0.0050674338373752764,0,0,0,1,2,6.3577169031402354,-0.21652010044900039,-0.087590550442030318,6.3546863908796416,-0.23604432741523343,-0.082523116604655042
639089883441143552,nan,22.062434057209472,0.016039655681458192,0.0031155968696435082,0,0,0,0,0,6.3354116071653097,-0.30732953550871556,-0.082523116604660718,6.3383078414974934,-0.29155352900919818,-0.07940751973501721
639089883441343565,nan,41.898756006771002,0.005537047554935488,0.0027033542822270384,0,0,0,0,0,6.3273341977306483,-0.32874474722160518,-0.079407519735018237,6.3235172477353023,-0.33275595506446815,-0.082110874017245275
639089883441643153,nan,91.68721831239273,0.023049581133389233,0.017095179170880964,0,0,0,0,0,6.3013353546203996,-0.39454845815984713,-0.082110874017373506,6.3089428348254861,-0.37279048409620991,-0.09920605318825447
639089883441843121,nan,131.69580428366729,0.012684537516043797,0.0022351659965481468,0,0,0,1,2,6.2991441298572504,-0.39970659666634833,-0.099206053188438822,6.2998442306122184,-0.41237179903065407,-0.10144121918498697
639089883442143830,nan,106.95861443214488,0.012274057938104327,0.0028517371419186366,0,0,0,1,2,6.2862118776131553,-0.47167611040696583,-0.10144121918541095,6.2931910255714483,-0.46157937865633503,-0.10429295632732959
639089883442343756,nan,109.71979077831163,0.0022276596121293445,0.0059934797288508507,0,0,0,0,0,6.2887355654812014,-0.49453227967417179,-0.10429295632775128,6.2871850951468611,-0.49613181369689308,-0.11028643605660213
639089883442643378,nan,189.06474571721353,0.0058762415205838242,0.00058164271021951541,0,0,0,1,2,6.2781269886789071,-0.54824357876882091,-0.11028643605709455,6.2795149371253514,-0.54253360385484395,-0.11086807876731407
639089883442842998,nan,181.4388715401783,0.0074949393909327132,0.0018510429488317465,0,0,0,1,2,6.2743753412135881,-0.57362637278157291,-0.11086807876821211,6.2750335319320909,-0.58109235573439511,-0.10901703581938037
639089883443144992,nan,145.67154443854344,0.02218466993209936,0.012965047490070977,0,0,0,1,2,6.2682397691065823,-0.63954701533787317,-0.10901703582111405,6.2743904112051663,-0.61823201635191682,-0.12198208331118503
639089883443343926,nan,118.89634771205546,0.0080721935925914048,0.0051335698872301549,0,0,0,1,2,6.2739620544850556,-0.64296924303751279,-0.12198208331321685,6.278012410014739,-0.64995171605782853,-0.11684851342598669
639089883443643447,nan,112.79721367378721,0.011766535654390377,0.0099314736845440149,0,0,0,1,2,6.2834646259647693,-0.6976995651762955,-0.11684851342809098,6.2822531024609534,-0.68599556705147757,-0.126779987112635
639089883443843260,nan,114.17461055865428,0.0112922248272628,0.0085660108001310575,0,0,0,1,2,6.2851293385014975,-0.71044219330009095,-0.12677998711468727,6.2859158081132094,-0.72170699720869513,-0.11821397631455621
639089883444101908,nan,117.36276899976747,0.0062299830214402529,0.00079693620267719256,0,0,0,1,2,6.2906692308591641,-0.76805293393318708,-0.11821397631611814,6.2945005168124615,-0.76314030364061469,-0.11901091251879534
639089883444345391,nan,95.39995547330804,0.0057331299434670944,0.0034516987974058527,0,0,0,1,2,6.3026481241294015,-0.80246398048001066,-0.11901091252034786,6.3041029930001153,-0.79691851967700189,-0.11555921372294201
639089883444643259,nan,123.60659735708045,0.012453781873728262,0.0071108766771956627,0,0,0,1,2,6.3159812657118488,-0.83870220692133091,-0.11555921372481895,6.3131988428390295,-0.82656322813746219,-0.12267009040201461
639089883444843057,nan,104.79245840904036,0.0031316879974765217,0.0094805589552622166,0,0,0,1,2,6.3193798939704262,-0.84670818017762672,-0.1226700904041205,6.3222042814285029,-0.8480610679040097,-0.11318953144885828
639089883445143454,nan,105.80789442089018,0.0057504896609190956,0.010699314018771111,0,0,0,1,2,6.3359489609529183,-0.88087245350424204,-0.1131895314514199,6.3350929902742159,-0.87518602707479276,-0.12388884547019101
639089883445343802,nan,105.37280397876748,0.011869053619751267,0.0080604428384031812,0,0,0,1,2,6.3437837293542438,-0.89347614019097854,-0.12388884547258537,6.3503024928629435,-0.90339481732788429,-0.11582840263418219
639089883445643153,nan,91.134396609521048,0.013397965028229283,0.0085821432389593111,0,0,0,1,2,6.3731144387340102,-0.94570372207922793,-0.11582840263605132,6.365530146985888,-0.93465908602469805,-0.12441054587501063
639089883445842902,nan,60.304063586671624,0.013182194320899409,0.010035515207691664,0,0,0,1,2,6.3758677223346503,-0.95588341452387793,-0.12441054587684418,6.3825215115746952,-0.96726310414455807,-0.11437503066915251
639089883446143627,nan,47.216585388704452,0.014417022592088628,0.0095304652542161222,0,0,0,1,2,6.4081613599816265,-1.0164623357707645,-0.11437503067201839,6.4032490962501329,-1.0029079930920122,-0.12390549592623451
639089883446344188,nan,57.628133368193303,0.0061169957984631472,0.0095507575822425389,0,0,0,1,2,6.4172506894362318,-1.0269863042903904,-0.12390549592929394,6.4221508333104271,-1.0306477558619125,-0.1143547383470514
639089883446643313,nan,59.282518153330635,0.012243593419272711,0.015299392363901598,0,0,0,1,2,6.4505392351061817,-1.0723099337198976,-0.11435473835061896,6.4472193105045141,-1.0605250416772991,-0.12965413071452056
639089883446843261,nan,53.610612839656845,0.0069184505706093155,0.010662303573368545,0,0,0,1,2,6.4641656467234201,-1.0807221412783596,-0.12965413071765106,6.4639225737099268,-1.0876363204637782,-0.11899182714428251
639089883447143276,nan,54.469590675690313,0.0075201057469069183,0.0072559621403908287,0,0,0,1,2,6.4889585096760038,-1.1282724663060355,-0.11899182714817656,6.4943671500178528,-1.1334972725318382,-0.12624778928856739
639089883447343604,nan,52.782462612668887,0.016794831680390251,0.014758642291645085,0,0,0,1,2,6.5148269434465567,-1.1643173961645628,-0.12624778929248409,6.525928240841858,-1.176920077121951,-0.11148914700083901
639089883447643238,nan,66.035045184084055,0.027555886610520067,0.0082796219237439989,0,0,0,1,2,6.5732536264719315,-1.242031925879834,-0.11148914700460461,6.5562887264316423,-1.2203174363966609,-0.1197687689283486
639089883447843091,nan,88.951107356884791,0.0088390190358755786,0.011924080568146339,0,0,0,1,2,6.5767917037190928,-1.2496244469486961,-0.11976876893223234,6.5822348130238693,-1.256588699860016,-0.10784468836408601
639089883448145256,nan,73.427869149336999,0.022432932370191411,0.020106708221050568,0,0,1,1,2,6.6217259335142113,-1.3117952078116786,-0.10784468836841535,6.6278393681039116,-1.2902113626435201,-0.12795139658946592
639089883448443311,nan,78.486451155304323,0.0090852350434665625,0.011085216967710948,0,0,0,1,2,6.6733237899978164,-1.3237454553795911,-0.12795139659313309,6.6714840711932544,-1.3148484373108686,-0.13903661356084404
639089883448643169,nan,63.42907787417554,0.017539922531296579,0.011830396851168046,0,0,0,1,2,6.7008733170266064,-1.3314384240162691,-0.1390366135620543,6.7060070170864936,-1.3482102458045842,-0.12720621671088625
639089883448842962,nan,51.929228945756599,0.013739337931888709,0.0088750342199778037,0,0,0,1,2,6.7406749243707864,-1.3817121400888419,-0.12720621671175303,6.7455598336125879,-1.394553754804523,-0.11833118249177522
639089883449143888,nan,50.221995638480465,0.029675560386347943,0.006837419933399827,0,0,0,1,2,6.8048469440470969,-1.4640196734753053,-0.11833118249215983,6.7879789567021964,-1.4396043117705084,-0.11149376255876001
639089883449347457,nan,45.52561598034783,0.010385924352890725,0.0044121550470670734,0,0,0,1,2,6.8166015205754631,-1.4700024518160071,-0.11149376255907992,6.8258683330805088,-1.4653127172115441,-0.10708160751201284
639089883449643016,nan,40.265050707091916,0.013809088881509437,0.0038565949395452659,0,0,0,0,0,6.8807211694562032,-1.5025310378050794,-0.10708160751201222,6.8688765401603131,-1.4954320454413441,-0.10322501257246695
639089883449843322,nan,56.57279901157797,0.012709581983533908,0.0010885018567290267,0,0,0,0,0,6.8980263923713476,-1.5158461483813988,-0.10322501257246615,6.9041568560849322,-1.5269794717330576,-0.10213651071573712
639089883450143932,nan,62.267996332969673,0.014601099560201053,0.0074512316461671779,0,0,0,0,0,6.9567840214684704,-1.5740383366373947,-0.10213651071567766,6.9463471436500228,-1.5638273773401641,-0.094685279069510478
639089883450343093,nan,73.565673194350055,0.0089150954427736559,0.00058067818688047057,0,0,0,1,2,6.9741475618750863,-1.5881075433621383,-0.094685279069284506,6.9830569871958241,-1.5884254540539369,-0.094104600882404035
639089883450643317,nan,61.468717904645885,0.01287467958341673,0.0088913484888367977,0,0,0,0,0,7.0379407279978361,-1.6252012704613896,-0.09410460088207083,7.0256367417238597,-1.6214105850160583,-0.085213252393234032
639089883450843420,nan,69.631912844660476,0.011825597851614526,0.00014800892967646584,0,0,0,1,2,7.0537236496543301,-1.6431685858940959,-0.085213252392786279,7.0582712521224948,-1.6540848158449375,-0.085065243463109813
639089883451144482,nan,59.250368878328892,0.016392732569825649,0.0047374078075336223,0,0,0,1,2,7.1070615105133541,-1.7029344583059527,-0.085065243462711257,7.0932509840185194,-1.6941032047685838,-0.080327835655177635
639089883451343866,nan,65.668266989941699,0.0051899383866290602,0.0048096473893175784,0,0,0,1,2,7.116355314788958,-1.720535599886428,-0.080327835654811053,7.1198701335724364,-1.7243541741460586,-0.085137483044128631
639089883451643353,nan,56.823351774862999,0.010957520452464802,0.0044376187009883966,0,0,0,1,2,7.1595595675392181,-1.7694586899423479,-0.085137483043523893,7.1521602424318438,-1.7613767816020136,-0.080699864342535496
639089883451843262,nan,50.481784024686313,0.010133104056124305,0.0075152043360403598,0,0,0,1,2,7.1734577499131742,-1.7857956915135491,-0.08069986434182444,7.1805822634360128,-1.7930013215953069,-0.0882150686778648
639089883452143786,nan,58.284341123155663,0.016775905477163143,0.010083147376184765,0,0,0,1,2,7.2229143178057855,-1.8401032411322318,-0.088215068676674765,7.2077429325838853,-1.832943626964735,-0.078131921300490001
639089883452343535,nan,60.473482889262165,0.0098406180981372264,0.0073230001445850207,0,0,0,1,2,7.2255555198039545,-1.8591387031718063,-0.078131921299190277,7.2305200627540938,-1.8676352364560116,-0.085454921443775297
639089883452643211,nan,63.525614807566207,0.018098956965345445,0.010614627500502419,0,0,0,1,2,7.2642740360644256,-1.9190455612910773,-0.085454921442345275,7.2501911689727674,-1.9076769598945942,-0.074840293941842856
639089883452843126,nan,62.156653042063198,0.0096604075279354308,0.010407161060110956,0,0,0,1,2,7.2632191698231532,-1.934196241586722,-0.074840293940200392,7.2675509276594292,-1.9428310170704073,-0.085247455000311348
639089883453143586,nan,66.134493293644297,0.013238152473939746,0.0099163221397363666,0,0,0,1,2,7.2934290511852442,-1.9952350308847369,-0.085247454998639297,7.2884776662914401,-1.982957715683249,-0.07533113285890293
639089883453443182,nan,66.288446847445371,0.0083839392989694308,0.0065133444245213529,0,0,0,1,2,7.3091690758988372,-2.0226331745204349,-0.075331132856937696,7.3026045530247385,-2.017418054425534,-0.068817788432416344
639089883453643391,nan,79.232637525897701,0.010653938917457832,0.0055677958631920876,0,0,0,1,2,7.3119374352853228,-2.0401841663236007,-0.068817788430304436,7.3151392881899158,-2.0503455910482282,-0.074385584293496523
639089883453843309,nan,80.448841902327189,0.012106635836908455,0.0073056974525158996,0,0,0,1,2,7.3275668071536755,-2.0829914810822872,-0.07438558429153197,7.3301785045588481,-2.0948130574556534,-0.081691281744047869
639089883454143436,nan,104.658443821248,0.026945241325998712,0.0089900177824384919,0,0,0,1,2,7.3525594727731551,-2.1609883772210674,-0.081691281742366784,7.3373965605739286,-2.1387143537013964,-0.072701263959928292
639089883454342970,nan,112.5855613325384,0.0024709215679689063,0.010402413588040879,0,0,0,1,2,7.342154278415876,-2.1676515051998875,-0.072701263958160539,7.3443637728441873,-2.1687576642148194,-0.083103677546201418
639089883454643144,nan,116.44187614341671,0.0058574797555160053,0.0054832838663685934,0,0,0,1,2,7.3547832192710807,-2.2136873509013304,-0.083103677544428267,7.3507229025747689,-2.2094655151143852,-0.077620393678059674
639089883454943805,nan,145.81956009808488,0.0023918015744678715,0.0035034937639469993,0,0,0,1,2,7.3570065668436797,-2.2496902752622394,-0.077620393676290048,7.3588114878809057,-2.2512596620281471,-0.074116899912343048
639089883455143937,nan,156.14556138324741,0.014837614330726839,0.0085172304990584202,0,0,0,1,2,7.3641503973696336,-2.2788460889601714,-0.07411689990997869,7.3640069333871541,-2.2936830097024656,-0.08263413040903711
639089883455343560,nan,142.84683892221102,0.0046156196118007824,0.0074749307566868428,0,0,0,1,2,7.3691269491561693,-2.3354904367663631,-0.082634130406702075,7.3646497758438096,-2.3343684458876415,-0.090109061163388918
639089883455643283,nan,135.11446974717117,0.024994616587474129,0.0068623979415778774,0,0,0,1,2,7.3656058031446507,-2.3948753202188904,-0.090109061161041865,7.3664518364344387,-2.3698950262649072,-0.083246663219463987
639089883455844856,nan,162.86688258492487,0.0049067152471579068,0.010324891734634981,0,0,0,1,2,7.3676523179194167,-2.3935618231469067,-0.083246663217293196,7.3645215960187249,-2.3973399754595088,-0.093571554951928176
639089883456143335,nan,145.3580842746432,0.0073804751198256642,0.0067413842573162269,0,0,0,1,2,7.3616924165361475,-2.4375664086694004,-0.093571554949807817,7.3605852573297863,-2.4302694496119481,-0.08683017069249159
639089883456343920,nan,131.35418058463154,0.01232245553242369,0.009494064269141872,0,0,0,1,2,7.3579672022139899,-2.4521708115317273,-0.086830170690282524,7.357711470858896,-2.4644906131463062,-0.096324234959424396
639089883456643420,nan,115.66096366235827,0.011683400135961759,0.0081002040818609761,0,0,0,1,2,7.3534615375175463,-2.5150989883187989,-0.096324234957414226,7.3503672733275867,-2.5038327836402159,-0.08822403087555325
639089883456943680,nan,118.10382974021239,0.020254258872974568,0.012550339718822259,0,0,0,1,2,7.3430734628491372,-2.5429050354648854,-0.088224030873474399,7.3377636890953397,-2.5233591585294048,-0.07567369115465214
639089883457143472,nan,108.85045516553801,0.014203022094702063,0.010335141610038567,0,0,0,1,2,7.3294711892389302,-2.5362064929051695,-0.075673691152360542,7.3273067608430669,-2.5502436253168046,-0.086008832762399109
639089883457344141,nan,97.929011636942775,0.010925138866269815,0.0072292631887990316,0,0,0,1,2,7.3169091279361371,-2.5769756454483548,-0.086008832759995074,7.3133684621770909,-2.5873111350463369,-0.093238095948794106
639089883457643367,nan,102.00082027685889,0.025331817538537346,0.0085708176554141757,0,0,0,1,2,7.2927540032663751,-2.642133224495983,-0.093238095946673594,7.3032211384851555,-2.6190650633183443,-0.084667278291259418
639089883457843337,nan,90.218302402354823,0.0045050129631618403,0.0078726858182152637,0,0,0,1,2,7.2965035953577493,-2.6400862102835578,-0.084667278289215012,7.2924170738068241,-2.6381900342864308,-0.092539964107430275
639089883458143692,nan,82.199956561311808,0.0027747420928697633,0.0079212221861099524,0,0,0,1,2,7.2763206166207617,-2.6666834102090968,-0.09253996410548139,7.2748698063156381,-2.669048646590622,-0.084618741919371437
639089883458443385,nan,92.902796619410196,0.0025794571088744154,0.0091110028563983619,0,0,0,1,2,7.2574409690665478,-2.6996989875541173,-0.084618741917769344,7.2592956833658295,-2.6979063264471139,-0.075507739061370982
639089883458643441,nan,126.21084075969807,0.016082719187053646,0.0099976495775280783,0,0,0,1,2,7.2489883506482444,-2.7170050396585737,-0.075507739059768056,7.2420582847182082,-2.7315180697575907,-0.085505388637296134
639089883458843281,nan,108.57034898450458,0.008935848260317656,0.0078736165817265003,0,0,0,1,2,7.2249972294560383,-2.7647859555796233,-0.085505388635554819,7.2177912753003977,-2.7700702349853916,-0.093379005217281319
639089883459144147,nan,113.98031556007538,0.02395339666434778,0.0073295142128667057,0,0,0,1,2,7.181535731876048,-2.8276681728463871,-0.093379005215419156,7.1907425443043298,-2.8055548326041255,-0.08604949100255245
639089883459343563,nan,96.935621811637589,0.003129375859341236,0.0082378744233589374,0,0,0,1,2,7.1729435704395552,-2.8289048901617133,-0.086049491000691078,7.1698220543265156,-2.8286832363210923,-0.094287365424050015
639089883459643374,nan,92.748247984864307,0.010705378029122567,0.0073118579170877579,0,0,0,1,2,7.1386475367190432,-2.8631478606999643,-0.094287365422042482,7.1491661443364292,-2.8611568778929342,-0.086975507504954724
639089883459843506,nan,86.580782708733466,0.0094123593885999529,0.0070669411294104062,0,0,0,1,2,7.1355716783011882,-2.8825290574580502,-0.086975507502753804,7.1302389324383295,-2.8902849797644126,-0.094042448632164211
639089883460143809,nan,83.162790677251408,0.0067409741840524558,0.012524878360563069,0,0,0,1,2,7.1021285477820451,-2.9335455588884254,-0.09404244862960659,7.1031741860906426,-2.9268861765238472,-0.081517570269043521
639089883460443296,nan,93.975846858724537,0.0068842553230459413,0.0067112744280740377,0,0,0,1,2,7.0764304083002134,-2.9630533092367597,-0.081517570266995229,7.0766211304077915,-2.9561716963131373,-0.074806295838921191
639089883460642864,nan,79.792686484877208,0.013007775135040681,0.0074588665017015221,0,0,0,1,2,7.0592135275967953,-2.9753706428560305,-0.074806295836788619,7.049263717315065,-2.9837493951092813,-0.082265162338490141
639089883460943475,nan,76.183732182758817,0.0074847873109661093,0.0096574648799265111,0,0,0,1,2,7.0084426864237237,-3.0248991226311719,-0.082265162336622816,7.0124537078864,-3.0185798071685328,-0.072607697456696305
639089883461143748,nan,72.991573406278405,0.0080893955284720587,0.0071595474228772493,0,0,0,1,2,6.988146287842711,-3.0415800038367715,-0.072607697454791426,6.9813723177691296,-3.0460017285521159,-0.079767244877668675
639089883461343893,nan,70.799128928581737,0.0097751010518816045,0.0084939922617445068,0,0,0,1,2,6.9505853022549804,-3.073163934485597,-0.079767244875685303,6.9413597173455654,-3.0763952165304937,-0.08826123713742981
639089883461643410,nan,70.582496029945546,0.024727394836074435,0.0076028196345445248,0,0,0,1,2,6.8825729162295177,-3.1210495482683438,-0.08826123713503542,6.9029075207846935,-3.1069801519428526,-0.080658417500490895
639089883461943769,nan,61.506469384444863,0.0078010995835992945,0.0055719216524126175,0,0,0,1,2,6.8645647137558532,-3.137478078755672,-0.080658417498407339,6.8651067179926111,-3.1296958306151557,-0.075086495845994722
639089883462143498,nan,59.676031803505971,0.0056112225591693505,0.010672583055016102,0,0,0,1,2,6.8400832177284165,-3.1447332305980153,-0.075086495844101181,6.8372507780646483,-3.1495771034451949,-0.085759078899117283
639089883462444889,nan,50.069709021620817,0.00058790437930273342,0.0093947376979260228,0,0,0,1,2,6.795546927642711,-3.1793418728425249,-0.085759078897455696,6.7952919438172934,-3.1788121419599262,-0.076364341199529673
639089883462643338,nan,55.578041665671968,0.015752784408687017,0.0066788189204545073,0,0,0,1,2,6.7679487563960032,-3.1978636516530807,-0.076364341198074365,6.7525260174918698,-3.2010713519697407,-0.083043160118528872
639089883462843206,nan,58.0620191103434,0.0048215760269120769,0.0084518421534222343,0,0,0,1,2,6.710019023772861,-3.2231957903106165,-0.083043160117019496,6.7089555514845793,-3.2278986215935088,-0.09149500227044173
639089883463143187,nan,48.694968632374234,0.010567330022321941,0.0041133826729475576,0,0,0,1,2,6.6444809177636506,-3.2675970352491173,-0.091495002268588588,6.6466220607570685,-3.2572488967458693,-0.08738161959564103
639089883463442899,nan,54.02164629120621,0.031067809607116123,0.004408294040280536,0,0,0,1,2,6.5849877775351828,-3.2862699438630405,-0.087381619594145324,6.612064284662921,-3.2710360489065442,-0.082973325553864788
639089883463643636,nan,54.027382744445063,0.010250971790374798,0.0063054473824619151,0,0,0,1,2,6.58916390411202,-3.2801723726772773,-0.082973325552488486,6.5804282347546987,-3.2855361869476094,-0.089278772934950401
639089883463943500,nan,58.002822312693532,0.0078473188497124782,0.0086129833392136063,0,0,0,1,2,6.5339928750843388,-3.3068194738042194,-0.089278772932766523,6.5270067704713322,-3.3032452948124535,-0.080665789593552917
639089883464146730,nan,48.386237056419567,0.012012168736246194,0.0010102364832774435,0,0,0,1,2,6.491382910993039,-3.3150545325135545,-0.080665789590894238,6.4803402244018997,-3.319782245554542,-0.079655553107616794
639089883464443263,nan,46.912684455440221,0.0097949783888062261,0.007779126551488949,0,0,0,1,2,6.4128058612942578,-3.3437140024591079,-0.079655553106008692,6.4224866756571117,-3.3452051211361895,-0.071876426554519743
639089883464643115,nan,54.485963560615701,0.017582804932350708,0.0090734848157007081,0,0,0,1,2,6.3839209295322075,-3.3621522607104954,-0.071876426553053735,6.3666478003067857,-3.3588668328767155,-0.080949911368754443
639089883464943919,nan,46.985681142996484,0.017249183203359199,0.0070774318761491345,0,0,0,1,2,6.283220031090103,-3.3792785286181268,-0.080949911367470762,6.2999283359478984,-3.374992869980062,-0.073872479491321627
639089883465143440,nan,53.628837741265542,0.0059696491993477905,0.0081074036142654987,0,0,0,1,2,6.2560734814977312,-3.385592550550355,-0.073872479490019585,6.2602114110630254,-3.3812897316515471,-0.081979883104285084
639089883465443242,nan,48.057413292235232,0.0080810838232997523,0.0068622073704152631,0,0,0,1,2,6.2014020750499332,-3.3906135716754098,-0.081979883102718282,6.1934394586189914,-3.391992214244349,-0.075117675732303019
639089883465643006,nan,49.643170320522565,0.017088292527129213,0.010329462147200166,0,0,0,1,2,6.1494077208813369,-3.3990498018903454,-0.075117675730867944,6.1342759479023528,-3.4069895240520602,-0.085447137878068111
639089883465943799,nan,44.036861030904404,0.023186012640878988,0.0078034912254377614,0,0,0,1,2,6.0459779558197102,-3.4293721096461538,-0.085447137876805843,6.0663825715345894,-3.4183610770101516,-0.077643646651368081
639089883466143107,nan,46.798575648244871,0.015445025873519678,0.0061923765112018164,0,0,0,1,2,6.0217553223986302,-3.4258357550137108,-0.077643646650064693,6.0083463553935488,-3.4181710026960994,-0.08383602316126651
639089883466443039,nan,43.552316544951438,0.016403430729707073,0.0053204557507431499,0,0,0,1,2,5.9217786312580687,-3.4178874848881136,-0.083836023159521461,5.9379771732068276,-3.4204720116220817,-0.078515567408778311
639089883466642859,nan,44.968550564043653,0.0079228340715628565,0.0075997526247821579,0,0,0,1,2,5.8914850406123938,-3.4219922625154897,-0.078515567407474979,5.8862089573328964,-3.4160817426607455,-0.086115320032257137
639089883466943458,nan,45.053637350345923,0.011630228788464323,0.0053520089488851424,0,0,0,1,2,5.8090218875007507,-3.4095357956703025,-0.086115320031109124,5.8164785172740618,-3.4184610908528605,-0.080763311082223982
639089883467143241,nan,36.430350588840788,0.021933493310481042,0.007491871084642443,0,0,0,1,2,5.7705482718681864,-3.4200283267153857,-0.080763311080946851,5.7492070803314155,-3.4149655535038175,-0.088255182165589294
639089883467389738,nan,38.526817335512114,0.0041274140640781666,0.003385682644723137,0,0,0,1,2,5.6669452801218831,-3.4106910915909987,-0.088255182164214172,5.6634928727489591,-3.4129530443287299,-0.091640864808937308
639089883467642748,nan,49.498990757896266,0.014708537465142085,0.0017323607150751125,0,0,0,1,2,5.5762985389982873,-3.4109057828345364,-0.091640864808087918,5.5909334788702525,-3.4123753437578914,-0.093373225523163031
639089883467864096,nan,34.556718800878699,0.011999676390800993,0.0015431364021425004,0,0,0,1,2,5.5280285114887784,-3.4118745094258736,-0.093373225522398309,5.5338748068011672,-3.401395336528918,-0.09491636192454081
639089883468143372,nan,36.711241816783613,0.00547732800740684,0.0010183466116951423,0,0,0,1,2,5.462481458947658,-3.3876568556441367,-0.094916361923942538,5.4647580572643122,-3.3926386447008241,-0.095934708535637681
639089883468443109,nan,37.01739602128221,0.013393344726945918,0.0010488549334379677,0,0,0,1,2,5.3917774707080168,-3.3833924271024944,-0.095934708535516403,5.3785269372105029,-3.3814417746459888,-0.09698356346895437
639089883468642952,nan,38.069725077388405,0.018623366242255201,0.0072024807271870855,0,0,0,1,2,5.3217909308238545,-3.3740747627070835,-0.096983563468775749,5.3034489163912282,-3.3708498167003262,-0.10418604419596283
639089883468943796,nan,49.973346239018802,0.028448140787945716,0.0021772700191785149,0,0,0,0,0,5.1912418197647661,-3.3550197130867363,-0.1041860441958429,5.2196490550943997,-3.3565447361087251,-0.10200877417666439
639089883469143495,nan,41.985974574845116,0.010291635893900003,0.00057164483948592137,0,0,0,1,2,5.1643578220368553,-3.3471062294971738,-0.10200877417659068,5.156735092183049,-3.3401916247399588,-0.1025804190160766
639089883469443394,nan,37.255539931712917,0.017271830271577825,0.0010246589233235126,0,0,0,0,0,5.0630224943222704,-3.3158330804906782,-0.10258041901607304,5.079016801553764,-3.3223521492213162,-0.10155576009274953
639089883469642992,nan,38.650619659871673,0.018544798357646938,0.0051419251421933182,0,0,0,1,2,5.0277075080269542,-3.3105746013836201,-0.10155576009273533,5.0091708314403407,-3.3111233884544218,-0.10669768523492865
639089883469943683,nan,33.922808311238803,0.016092679344527828,0.001437878307232382,0,0,0,0,0,4.9047147224051093,-3.2943305418937321,-0.10669768523492611,4.9207037992130243,-3.2961536577201098,-0.10813556354215849
639089883470143056,nan,33.465531719706149,0.011722033453852644,0.0053243360501904341,0,0,0,1,2,4.862451894775444,-3.2862967053364152,-0.10813556354215213,4.8532802533168278,-3.2789969066235853,-0.11345989959234257
639089883470443083,nan,38.061071850002946,0.023976561951722288,0.0012369157013930598,0,0,0,0,0,4.7525231406877273,-3.2533580192051845,-0.11345989959230757,4.7741167538584621,-3.2637787386264838,-0.11222298389091451
639089883470643371,nan,43.167095793717671,0.01514145824434154,0.00418123257358477,0,0,0,1,2,4.7218060074793478,-3.2537226681912728,-0.11222298389089545,4.7084504367024618,-3.2465887711504733,-0.11640421646448022
639089883470943315,nan,45.320015015626716,0.012466935878695337,3.9996356897789576e-05,0,0,0,0,0,4.6109370029182921,-3.22106194358008,-0.11640421646445803,4.6223628201614106,-3.226049447016706,-0.11636422010756024
639089883471142927,nan,35.44469833127178,0.020442828978107515,0.00045448448619617166,0,0,0,1,2,4.5655810054866279,-3.2125020851153256,-0.11636422010753712,4.5456928610232472,-3.2077722895138381,-0.11681870459373329
639089883471443292,nan,44.996886021464888,0.022293240852182157,0.0032557966328955051,0,0,0,0,0,4.4312297686062223,-3.1804857226252174,-0.11681870459363755,4.4507903905440633,-3.1911801444000614,-0.12007450122653306
639089883471642950,nan,31.779702111894199,0.0070590106197897405,0.0051953613173672808,0,0,0,1,2,4.3881755783229037,-3.1802329683634456,-0.1200745012264342,4.3881854773018585,-3.1731739646844184,-0.11487913990906692
639089883471944867,nan,25.081049200741759,0.013427706345525677,0.0036008615717696701,0,0,0,1,2,4.2941997066380431,-3.1461421457800673,-0.11487913990908397,4.3070505293763066,-3.1500356856413503,-0.11848000148085364
639089883472143143,nan,27.515114246854839,0.021083294316071383,0.0035290666907105278,0,0,0,0,0,4.2541302545520567,-3.1349437416982431,-0.1184800014808538,4.2332141120118907,-3.132294160512934,-0.12200906817156433
639089883472443315,nan,23.186339806412683,0.018611282907027151,0.001639778955979998,0,0,0,0,0,4.12216048208444,-3.1056100277192802,-0.1220090681715631,4.1405657554287503,-3.1083715064113258,-0.12364884712754309
639089883472642913,nan,29.056504679265053,0.016786637893219773,0.00021010891194463144,0,0,0,1,2,4.0793714173514193,-3.0925705679296249,-0.12364884712753291,4.0627466496740636,-3.0902449902740665,-0.12343873821558828
639089883472943468,nan,31.644885309812835,0.018612708062959189,0.0060465818723984821,0,0,0,0,0,3.9463526209963269,-3.0631331619043278,-0.12343873821564097,3.9640937934425864,-3.0687619896392144,-0.12948532008803945
639089883473144436,nan,37.037125646585572,0.021643009993767719,0.0061591332310786673,0,0,0,1,2,3.8985221036777906,-3.0544828627425726,-0.12948532008819943,3.8780286623461215,-3.0475230679197516,-0.1356444533192781
639089883473443710,nan,37.269609356522487,0.031698076306128718,0.0048423999975826526,0,0,0,0,0,3.7507003789624638,-3.0161013363891507,-0.13564445331938391,3.7822846696754655,-3.0187847338002234,-0.14048685331696656
639089883473643179,nan,38.693366739559579,0.012378963881997614,0.0033449494050899753,0,0,0,1,2,3.7188154296491374,-2.9997339278403818,-0.14048685331713945,3.7066181748369718,-2.9976207023817749,-0.14383180272222942
639089883473943400,nan,42.16858788854924,0.020633566424648361,0.0090202771471833421,0,0,0,0,0,3.5933568601421535,-2.9659413437989262,-0.14383180272248036,3.6089149986748814,-2.9794945127566579,-0.1528520798696637
639089883474142990,nan,47.277379153277259,0.016697725161866128,0.0036669684867436936,0,0,0,1,2,3.5440502999911203,-2.9674606170891584,-0.15285207987002344,3.5276038783945625,-2.9645745744267065,-0.15651904835676714
639089883474443223,nan,52.234886772007961,0.027575911470533246,0.0071616217858323783,0,0,0,1,2,3.4058614629950852,-2.9422358177641792,-0.1565190483571374,3.4333768613854869,-2.9440616723170296,-0.16368067014296978
639089883474642949,nan,70.087562135452742,0.024200279243926096,0.0019200773058533904,0,0,0,1,2,3.3708282587675655,-2.9304450536090969,-0.16368067014343171,3.3466936173214568,-2.9286638748556393,-0.1656007474492851
639089883474943625,nan,77.757257407717816,0.03658245047532202,0.0016923352818840054,0,0,0,1,2,3.2169174429838008,-2.905611354505925,-0.16560074744953857,3.2520681427552733,-2.9157456521310783,-0.16729308273142257
639089883475143166,nan,48.193056896481245,0.016186846567632144,0.0053689183593519096,0,0,0,1,2,3.1896456794005639,-2.9072237684805198,-0.16729308273171153,3.1735904216792181,-2.9051639866218677,-0.16192416437235962
639089883475443096,nan,56.745130909554973,0.02939866223680003,0.001645681252943898,0,0,0,1,2,3.0563586886083658,-2.8893568636650402,-0.16192416437270757,3.085306764684443,-2.8944842638646637,-0.16027848311976367
639089883475642956,nan,63.394424590249677,0.025817901255536381,0.0064706725679959665,0,0,0,1,2,3.0267641127632161,-2.8874023269210323,-0.16027848312017182,3.0009473472244514,-2.8876444887617101,-0.15380781055217585
639089883475943721,nan,92.266400647786995,0.032099410362374681,0.0055483121385275502,0,0,0,1,2,2.8746425965229401,-2.8774038290316608,-0.15380781055254994,2.9067344974119558,-2.8780981221554351,-0.15935612269107749
639089883476143312,nan,63.518935619700549,0.021451376179192631,0.010334663605378575,0,0,0,1,2,2.8444347378735859,-2.871785433968848,-0.15935612269130367,2.8236873006695036,-2.8772356990489971,-0.1490214590859251
639089883476443168,nan,49.97541881932888,0.034078085447531832,0.00046983662505417634,0,0,0,1,2,2.6995935878835793,-2.8759470187627478,-0.14902145908635644,2.7336680009961154,-2.8764472974905662,-0.14949129571141062
639089883476642932,nan,28.409744313562722,0.030946172374364731,0.0070754940551227274,0,0,0,1,2,2.67391606703183,-2.8759239817346378,-0.14949129571189512,2.6430627450075184,-2.8783194158681549,-0.1424158016567724
639089883476943094,nan,53.667981766215256,0.033465653147440939,0.0083250901578779124,0,0,0,1,2,2.507537462929605,-2.8811196879764074,-0.14241580165725334,2.5409528265566146,-2.8829536493335652,-0.15074089181513126
639089883477143754,nan,38.220057487950001,0.0099872774923910942,0.0077088141924557263,0,0,0,1,2,2.4726826509142117,-2.8860520744175457,-0.1507408918155311,2.4632871565044607,-2.8894388717994923,-0.14303207762307538
639089883477443263,nan,63.334802203545252,0.015627669227373714,0.0094679922137898276,0,0,0,1,2,2.3476871472646388,-2.899091679487626,-0.14303207762370995,2.3631374138281394,-2.8967436359196785,-0.15250006983749978
639089883477642941,nan,99.814710468765938,0.017911271802063911,0.0014322113508118128,0,0,0,1,2,2.2964125030501741,-2.9016104455703911,-0.15250006983801059,2.2798845248676187,-2.9085125897853712,-0.15106785848719878
639089883477943546,nan,75.698691654630494,0.041580784029653206,0.0042205613772132999,0,0,0,1,2,2.1546748804053286,-2.9262127146412817,-0.15106785848757084,2.1960420438105137,-2.922003273784187,-0.15528841986478414
639089883478143022,nan,144.69782702801419,0.01882572426309248,0.0047693137715164313,0,0,0,1,2,2.1402112777088358,-2.9309867295859844,-0.15528841986535702,2.1213875188158555,-2.9312587501163403,-0.15051910609384059
639089883478442647,nan,136.17618608082736,0.019664208018394361,0.0064007401637142247,0,0,0,1,2,2.0096978330606032,-2.9451057505912255,-0.15051910609453978,2.0292391634296165,-2.9429108737382417,-0.156919846258254
639089883478743081,nan,97.793696032178786,0.010308201456011053,0.0075213471964611089,0,0,0,1,2,1.9370785634705305,-2.954564545681607,-0.15691984625912439,1.9411572426037229,-2.9640315089637883,-0.1644411934555855
639089883478943020,nan,103.5637095238461,0.028254661753325222,9.3016275204221843e-05,0,0,0,1,2,1.8825950036310553,-2.9780737968219047,-0.16444119345648084,1.8549075410008258,-2.9837067644140771,-0.16434817718127662
639089883479143115,nan,109.8890404219018,0.010883095926553208,0.0017560574271374696,0,0,0,1,2,1.7690879382586888,-3.0032839058442931,-0.16434817718199971,1.7587258639703196,-3.0066109455778816,-0.16259211975486224
639089883479443598,nan,125.64372109800215,0.058253664803498972,0.0046857568773516767,0,0,0,1,2,1.6149840042011503,-3.0408408498446891,-0.16259211975568186,1.6722363767020296,-3.030086534150096,-0.16727787663303353
639089883479643168,nan,122.13212304441622,0.014837709520492995,0.0004639353490481779,0,0,0,1,2,1.6147870273466591,-3.0456798430227057,-0.16727787663409305,1.6007377389075073,-3.0504521714028616,-0.16774181198314123
639089883479943706,nan,138.09669097298814,0.017655842312166867,0.01223914236881013,0,0,0,1,2,1.4936923335595891,-3.0809429326556304,-0.16774181198394159,1.5108451631303226,-3.0767585324035664,-0.17998095435275172
639089883480243306,nan,142.85080596356011,0.0079914587450670097,0.0032664895932110471,0,0,0,1,2,1.4215644868952242,-3.102885825777038,-0.17998095435319,1.4226862393706392,-3.1107981632482287,-0.18324744394640105
639089883480443085,nan,151.29886735061305,0.023730262256490723,0.0038289337949806435,0,0,0,1,2,1.3639791618034753,-3.1334659450578464,-0.18324744394725226,1.3419785228588164,-3.1423596075648557,-0.17941851015227162
639089883480643021,nan,199.9341785408082,0.012773840870881573,0.00097186811391519745,0,0,0,1,2,1.2616788796760543,-3.1737614713084112,-0.1794185101532334,1.2490144779935859,-3.1720929568135099,-0.1803903782671486
639089883480943568,nan,224.06900538404284,0.039724395712599767,0.00059566328569618521,0,0,0,1,2,1.1101611661719863,-3.2165033955020275,-0.18039037826784113,1.147335736255056,-3.2025005760048635,-0.18098604155353731
639089883481142811,nan,203.04551405067321,0.025439696980394749,0.0029322303863670574,0,0,0,1,2,1.0802814678746027,-3.222553545024788,-0.18098604155441747,1.0549796556611062,-3.2251986312553798,-0.17805381116805041
639089883481443124,nan,195.11084265455725,0.043454626546080725,0.010040254020117156,0,0,0,1,2,0.91651574229342381,-3.2592284594552159,-0.17805381116860838,0.95990749153409805,-3.261565266270892,-0.18809406518872554
639089883481743468,nan,153.28746270007923,0.03072004795827131,0.00028588673704396661,0,0,0,1,2,0.8652249425624059,-3.2977828672102372,-0.18809406518929947,0.89459019278247576,-3.3068052519322038,-0.18837995192634344
639089883481943107,nan,115.25308945202271,0.027864147985678267,0.0033459677125018406,0,0,0,1,2,0.85110171310337057,-3.3369261882648029,-0.18837995192701393,0.8268907703144901,-3.350718975954075,-0.18503398421451209
639089883482242756,nan,115.90574591778551,0.02885208398008339,0.0027097298685659077,0,0,0,1,2,0.7257486440017501,-3.4163255536761117,-0.18503398421541079,0.74545824588446863,-3.3952548549781918,-0.18774371408397669
639089883482442781,nan,103.91198762119652,0.024881078193879285,0.0052380069865191614,0,0,0,1,2,0.69129585998473897,-3.4248765507683152,-0.18774371408479518,0.67160514138014449,-3.4400865360715498,-0.18250570709827602
639089883482642973,nan,97.123934846473503,0.014498766765718461,0.0036090920878781574,0,0,0,1,2,0.59808638011753523,-3.4847152579299658,-0.18250570709886957,0.58889216428314906,-3.4959259953239745,-0.17889661501099141
639089883482947048,nan,98.99091141540417,0.061718780539386724,0.0059352995930168628,0,0,0,1,2,0.46389009962958483,-3.5803147809858222,-0.17889661501170415,0.51499109702507273,-3.5457041476998605,-0.18483191460472101
639089883483245086,nan,108.99230195701779,0.025207185598948256,0.0035494540850356804,0,0,0,1,2,0.44276694139000655,-3.5943527688607291,-0.18483191460520149,0.46040459793632205,-3.5763440132853419,-0.18838136869023717
639089883483442736,nan,122.40104497078015,0.034948216823206771,0.0031146712483494099,0,0,0,1,2,0.42418227046508533,-3.5966759133602579,-0.18838136869067229,0.3975701898039215,-3.6193292800417378,-0.18526669744232288
639089883483743518,nan,104.25971233319066,0.018811033872092688,0.00040334626400245766,0,0,0,1,2,0.30256619904513732,-3.6843218853207347,-0.18526669744245455,0.31869168598158054,-3.674635623585699,-0.18567004370645701
639089883483944435,nan,124.09574051475941,0.017573136403278417,0.0016517510484436171,0,0,0,0,0,0.26646078849774468,-3.7112577680213579,-0.18567004370656698,0.25599026369208105,-3.725370997040339,-0.18401829265812336
639089883484242774,nan,154.43274794893711,0.015327099057436259,0.0041275181996758004,0,0,0,1,2,0.1633434158411598,-3.8003369587917186,-0.18401829265819289,0.17373108278292532,-3.7890668061297794,-0.18814581085786869
639089883484442818,nan,129.0632708511817,0.010544698667438554,0.0032649365797905172,0,0,0,0,0,0.11886479934954228,-3.831551453756886,-0.18814581085784446,0.11067748267753538,-3.8381966411657826,-0.18488087427805394
639089883484643120,nan,111.09191139095478,0.010079562307509173,0.006079649326666936,0,0,0,1,2,0.048144095398612474,-3.8869211389917737,-0.18488087427801761,0.056329699742408958,-3.8928027593329535,-0.17880122495135067
639089883484943258,nan,105.84972751662025,0.034191783551574872,0.0017621907483639787,0,0,0,0,0,-0.024579288865112771,-3.9740963384650114,-0.17880122495132519,0.0012456621129415658,-3.9516876354811519,-0.17703903420296122
639089883485242808,nan,112.61957610981315,0.011952239755001355,0.0041400294780710167,0,0,0,1,2,-0.053475967949326318,-4.0101850976773585,-0.17703903420293196,-0.056359599315666774,-3.9985859293751012,-0.17289900472486094
639089883485442739,nan,121.15756779631721,0.057826906720089673,0.010758943645474278,0,0,0,0,0,-0.094375357828505105,-4.0295357796339362,-0.17289900472491104,-0.14486712816586783,-4.0577232284190421,-0.18365794837038532
639089883485743458,nan,167.08437632394063,0.0092268130109166412,0.00052914593375691377,0,0,0,1,2,-0.27688801332355956,-4.1459344649888727,-0.18365794836995958,-0.26977519420573609,-4.1400572307298402,-0.18418709430371649
639089883485943212,nan,179.62145409909863,0.032454584320148992,0.010082694704331402,0,0,0,1,2,-0.35198189053845041,-4.1942443344166467,-0.1841870943032122,-0.34657934262941353,-4.2262460924852938,-0.1942697890075436
639089883486242768,nan,172.27935149871743,0.074020273980513265,0.012958008417387562,0,0,1,1,2,-0.46053169950353712,-4.3541223092640244,-0.19426978900704703,-0.42153222625352044,-4.291209337260061,-0.18131178058965947
639089883486442883,nan,172.18891918745251,0.015530674832933897,0.0044123416256219294,0,0,0,1,2,-0.47108577497434834,-4.3341584428762472,-0.18131178058900235,-0.48612547008956225,-4.3380326436464367,-0.18572412221462428
639089883486642932,nan,201.82305653119249,0.017910238538267571,0.0015894580067158381,0,0,0,1,2,-0.54995527188548787,-4.3843025348700229,-0.18572412221395285,-0.5634020731489866,-4.3961330116261648,-0.18731358022066869
639089883486943244,nan,165.84352351199087,0.041170698574903394,0.0031966501490863219,0,0,0,1,2,-0.67812038516929629,-4.4823839061856452,-0.18731358022042593,-0.64816258919772629,-4.4541428566004875,-0.18411693007133961
639089883487242923,nan,162.24473416411223,0.021542243565087965,0.0019665288177178331,0,0,0,1,2,-0.73209305312538797,-4.5115846163730087,-0.1841169300707291,-0.71326036072153909,-4.501125268657229,-0.18608345888844693
639089883487443105,nan,173.0504804023366,0.039831153312621513,0.0019072763634088163,0,0,0,1,2,-0.75635420780301554,-4.5322269920081046,-0.18608345888775368,-0.78956898027429978,-4.5542110695164828,-0.1879907352511625
639089883487743806,nan,176.46016397904285,0.022000794587488211,0.00094181095326226205,0,0,0,1,2,-0.90336615973341794,-4.6333766269923942,-0.18799073525052537,-0.92171432928781238,-4.6212366254897566,-0.18893254620378763
639089883487943229,nan,176.88761978476774,0.010986180907756542,0.013708019192560761,0,0,0,1,2,-1.0083746086145178,-4.6651916601998895,-0.18893254620316374,-1.0187586109219895,-4.6687789526351917,-0.2026405653957245
639089883488143239,nan,187.73479382873342,0.0099434529617167828,0.0076605564924381031,0,0,0,1,2,-1.1145973696445655,-4.7157306899624576,-0.20264056539492817,-1.1046543157375885,-4.7158197730968059,-0.21030112188736627
639089883488442721,nan,188.70951436365124,0.059674072870372755,0.0061977894508863096,0,0,0,1,2,-1.2316329801125045,-4.7853596944018264,-0.21030112188600367,-1.1767131550220269,-4.7620185764986518,-0.20410333243511736
639089883488742990,nan,155.08974747464086,0.0049047103168340152,0.0037620602930909242,0,0,0,1,2,-1.2483286086251861,-4.8079331137629353,-0.20410333243432746,-1.2436993661823248,-4.8095536993661261,-0.20034127214123654
639089883488943244,nan,178.50277318931413,0.037863755303222217,0.0099805205426821142,0,0,0,1,2,-1.2879906717408551,-4.8409839387425162,-0.20034127214048039,-1.3239896785866943,-4.8527200143973301,-0.21032179268316251
639089883489242847,nan,181.17999824683164,0.0043395137459691785,0.0067423370316493647,0,0,0,1,2,-1.4431540281428976,-4.9167860978312223,-0.21032179268203929,-1.4412007803716291,-4.9129110232905857,-0.20357945565038993
639089883489442886,nan,172.07697317645523,0.015406987432011561,0.012938765337888875,0,0,0,1,2,-1.5188415473591184,-4.9527816159653133,-0.20357945564994606,-1.5336700701154862,-4.956963741572471,-0.21651822098783494
639089883489743828,nan,177.0555822680478,0.0242717627142463,0.0040749492784262209,0,0,0,1,2,-1.6716959194599024,-5.0227197766153537,-0.21651822098692572,-1.652280405609478,-5.0081541909017391,-0.2124432717084995
639089883489943383,nan,184.27560134266631,0.0061774300485318021,0.0046185281569331715,0,0,0,1,2,-1.7305042781962288,-5.0419144460204341,-0.21244327170748126,-1.7259612125117365,-5.0377286132250525,-0.21706179986441443
639089883490242962,nan,150.43739407818035,0.018438591788837159,0.0071501269708205972,0,0,0,1,2,-1.8352649250895396,-5.0816015605119924,-0.21706179986311727,-1.8178507334611129,-5.0755412307285726,-0.20991167289229667
639089883490442822,nan,111.26451575396591,0.047061235639877928,0.0042941692804362996,0,0,0,1,2,-1.8781551831770267,-5.1003565640474209,-0.20991167289094562,-1.9251799867418924,-5.1022079823248259,-0.21420584217138192
639089883490743291,nan,110.19395592105704,0.039240407699887327,0.0051185367398380033,0,0,0,1,2,-2.0842760132190405,-5.1417365739094354,-0.21420584217077762,-2.0468319511836075,-5.1299998020048605,-0.20908730543093962
639089883490943264,nan,99.275485677070606,0.004841491142997598,0.0013260349152629525,0,0,0,1,2,-2.1264201818834572,-5.1481820135820762,-0.20908730543015827,-2.1291714062638913,-5.1521658309594454,-0.21041334034542122
639089883491242878,nan,92.314234133171439,0.036660484223981077,0.0099161313532022122,0,0,0,1,2,-2.2505823909227454,-5.1848500331894556,-0.21041334034464265,-2.2148642705934227,-5.1765912812451971,-0.20049720899144044
639089883491443053,nan,92.6138989301202,0.019309551848072357,0.0048780523671486387,0,0,0,1,2,-2.2712076207146805,-5.1926510979882492,-0.20049720899112289,-2.2902172744469569,-5.1960410622288196,-0.20537526135827153
639089883491743261,nan,115.95196214223945,0.0095104490104911659,0.0039271254655708909,0,0,0,1,2,-2.4012958925557615,-5.2247121792871258,-0.20537526135761683,-2.3919537470029404,-5.2264934588415635,-0.20144813589204594
639089883491943381,nan,121.62072244368966,0.01024121444623796,0.0035917971038618157,0,0,0,1,2,-2.4588742393249947,-5.246524518721194,-0.20144813589135999,-2.4678159655926515,-5.2415317234431829,-0.2050399329952218
639089883492242955,nan,140.33010835628943,0.029954749718654361,0.0030648974602758838,0,0,0,1,2,-2.5797474177817961,-5.2637200383455918,-0.20503993299453879,-2.5506781786504766,-5.2564904901554632,-0.20197503553426291
639089883492442863,nan,112.95333525575919,0.024335115913549161,0.00069754377378428156,0,0,0,1,2,-2.6050055513249859,-5.2662979821827633,-0.20197503553344254,-2.6292923129790053,-5.2647646606617755,-0.20127749175965826
639089883492743247,nan,150.81794906898037,0.030722956369367435,0.0090798123684313892,0,0,0,1,2,-2.7454081652788269,-5.276985902663875,-0.20127749175902071,-2.7155176305282982,-5.2698826653454764,-0.19219767939058932
639089883492943062,nan,177.04815837113736,0.010951683765489197,0.0057595124761868066,0,0,0,1,2,-2.7717216734592203,-5.2732187221225235,-0.19219767939019183,-2.7826155137017397,-5.2720946126662227,-0.19795719186637864
639089883493242715,nan,215.00484318432515,0.016686710127764216,0.0070053298101497852,0,0,0,1,2,-2.8819573453829759,-5.2753695132745975,-0.19795719186542468,-2.8667911608895538,-5.2823289056905711,-0.1909518620552749
639089883493442924,nan,161.14447996014283,0.011297870063281871,0.0033980730322116792,0,0,0,1,2,-2.9223549954059416,-5.289084500485445,-0.190951862054698,-2.9334492359037552,-5.2869491560768136,-0.19434993508690968
639089883493743469,nan,190.57865724854918,0.029610340531288189,0.0044058217424671475,0,0,0,1,2,-3.0323770851546845,-5.2938061112711301,-0.19434993508638632,-3.0038698205003955,-5.2857993561038246,-0.18994411334391917
639089883493943139,nan,157.83883057236159,0.030622380212978775,0.0089120698060667358,0,0,0,1,2,-3.049449012596535,-5.2850551567459068,-0.18994411334341527,-3.07942042746103,-5.2787746742064385,-0.198856183149482
639089883494243020,nan,217.76290388222063,0.031989872806994543,0.0045995041604788289,0,0,0,1,2,-3.191056871238668,-5.2683947376679807,-0.19885618314862227,-3.160214752551477,-5.2768868326446583,-0.19425667898814344
639089883494443173,nan,205.41600524728153,0.011659558370489457,0.0077163685612549604,0,0,0,1,2,-3.2132872043541183,-5.2756467408413483,-0.19425667898739651,-3.2244710709476085,-5.2789431676058713,-0.20197304754865147
639089883494743320,nan,222.33247333926832,0.033854461185115321,0.0082176042169309071,0,0,0,1,2,-3.3192133352413413,-5.2819751158287787,-0.20197304754754605,-3.2893758600341112,-5.2659798160381399,-0.19375544333061515
639089883494943495,nan,186.47877392648732,0.028299944164385044,0.00063123504961959398,0,0,0,1,2,-3.331725252837606,-5.2575214252888847,-0.19375544332960559,-3.3583088679950599,-5.2478158472603642,-0.19438667837922519
639089883495243059,nan,296.96899379712579,0.034448992383419072,0.010095082249522602,0,0,0,0,0,-3.4605466798067135,-5.2208760041200932,-0.19438667837898824,-3.4266469149019798,-5.2270029132622833,-0.18429159612946563
639089883495442690,nan,352.00696078310608,0.021490154744287244,0.012821153618574166,0,0,0,1,2,-3.4715207841771587,-5.2133361943299308,-0.18429159612930643,-3.4927179627282214,-5.209799759344274,-0.19711274974788059
639089883495743074,nan,165.29003284438014,0.0030840785989234092,0.001300038930683256,0,0,0,1,2,-3.5908640634565634,-5.184245109723423,-0.19711274974764934,-3.5936685420139085,-5.1829619726201761,-0.19581271081696608
639089883495943242,nan,190.97441269429925,0.0097578668819128089,0.0006481292169283337,0,0,0,1,2,-3.6598924558636599,-5.1653562957779959,-0.19581271081673227,-3.6546518682504705,-5.1571251228631789,-0.1964608400336606
639089883496242949,nan,201.52196593570045,0.02810818972095749,0.0035270178636383487,0,0,0,1,2,-3.7447689624740912,-5.1189451486361106,-0.19646084003333539,-3.7211235584976339,-5.1341426879165164,-0.19293382216969704
639089883496443078,nan,149.08126345876812,0.037877661362839418,0.0062301668718480196,0,0,0,1,2,-3.764733607660788,-5.119064613112247,-0.19293382216940777,-3.801986226144872,-5.1122119022328052,-0.19916398904125579
639089883496742990,nan,137.42121081978254,0.03666079686140096,0.0063532735567221055,0,0,0,1,2,-3.9215293549814891,-5.0797905783418704,-0.19916398904110422,-3.8852105337077059,-5.0747948553915965,-0.19281071548438211
639089883496943254,nan,149.65579182917921,0.01996317192091911,0.020019957219243156,0,0,1,1,2,-3.9399878919124807,-5.0501673512668157,-0.19281071548431317,-3.9591392269069394,-5.0558024733661311,-0.21283067270355632
639089883497243190,nan,98.704332938625043,0.044016684068207329,0.014083482264655833,0,0,0,0,0,-4.0688843176210963,-5.0276088100120999,-0.21283067270289244,-4.0276571347878596,-5.0121884380323047,-0.1987471904382366
639089883497442923,nan,117.1887665028636,0.020592418031250347,0.014691407834440756,0,0,0,1,2,-4.0728358363951713,-4.9834306205627144,-0.19874719043777905,-4.0931394535051151,-4.9799939342769788,-0.21343859827221981
639089883497687939,nan,76.873758112195404,0.0059243167912917966,0.00091319371826506512,0,0,0,1,2,-4.1721781128764093,-4.9411344304324007,-0.2134385982717503,-4.1718566341490506,-4.9470500183889303,-0.21252540455348523
639089883497943883,nan,77.010359725751002,0.0076659011919593253,0.00036717733139132736,0,0,0,1,2,-4.2525636259150899,-4.9132733469359158,-0.21252540455288915,-4.2466863250548172,-4.9083516220672623,-0.21215822722149782
639089883498243256,nan,62.126660792091819,0.023420696842539071,0.0084984909800917829,0,0,0,1,2,-4.3331813347014512,-4.8636204716023066,-0.21215822722078928,-4.3097655037899534,-4.8640978638040275,-0.2036597362406975
639089883498442911,nan,65.941116020718241,0.022633531121577771,0.0052859765449350393,0,0,0,1,2,-4.3509330904843875,-4.8352163776086234,-0.20365973623980232,-4.3690167291744286,-4.821605398850302,-0.20894571278473736
639089883498746841,nan,73.675219685629401,0.020251064958695542,0.0091515416333248223,0,0,0,1,2,-4.4579453667147142,-4.7578295530421704,-0.2089457127833606,-4.4426207538602469,-4.7710682037597474,-0.19979417115003578
639089883498944714,nan,70.461174369732376,0.014125406586901167,0.0027077075090604086,0,0,0,1,2,-4.4898158338066247,-4.7386636311464247,-0.19979417114867618,-4.4940666843587396,-4.7251930193997795,-0.20250187865773658
639089883499242791,nan,73.717642331456801,0.025091391985325638,0.0083195921504041759,0,0,0,1,2,-4.5708386089413455,-4.6567342285922191,-0.20250187865559141,-4.5522830369897171,-4.6736241279794033,-0.19418228650518723
639089883499443089,nan,86.302624568271753,0.018009192302840617,0.010351266219605054,0,0,0,1,2,-4.5910436765284084,-4.6392893900334284,-0.19418228650315675,-4.6016710977721091,-4.6247501697960969,-0.2045335527227618
639089883499743388,nan,80.172442739926396,0.028076984673203145,0.012095453229761161,0,0,0,1,2,-4.6750439549978102,-4.5521410837329901,-0.2045335527205091,-4.6537854606754241,-4.5704821166233254,-0.19243809949074794
639089883499943166,nan,75.47316327270967,0.011902363566238321,0.0095234469888863804,0,0,0,1,2,-4.6879254777118886,-4.5349312213108099,-0.19243809948855031,-4.69635672783581,-4.5265300142659388,-0.20196154647743669
639089883500243094,nan,70.617989046564418,0.013456564608574072,0.0097909037617053829,0,0,0,1,2,-4.7595475525454862,-4.4612895415023797,-0.2019615464752666,-4.7489151818932385,-4.4695376822248667,-0.19217064271356121
639089883500446644,nan,67.421411098131415,0.016076354184279277,0.012052239467136711,0,0,0,1,2,-4.7840443682981322,-4.4314449663749524,-0.19217064271159284,-4.7886797199724356,-4.4160513742433567,-0.20422288217872955
639089883500743404,nan,69.507446703864133,0.022397946545224694,0.0070123448858160076,0,0,0,1,2,-4.8460405157454902,-4.3388967702423828,-0.20422288217713072,-4.8305086048854831,-4.3550345443912404,-0.19721053729131471
639089883500943115,nan,60.584194945461078,0.0071541797871410469,0.010013471803788559,0,0,0,1,2,-4.8582519650015827,-4.3145646182325823,-0.19721053728962118,-4.862263630184378,-4.3086410356267697,-0.20722400909340974
639089883501242952,nan,57.185754832174844,0.0097540291099341026,0.010302587904052363,0,0,0,1,2,-4.9093916854943123,-4.2397878123496975,-0.20722400909136487,-4.9029337329475906,-4.2470978009120506,-0.19692142118731251
639089883501442791,nan,54.938568804041054,0.0089931814208919856,0.0075153644446751822,0,0,0,1,2,-4.9295683583526024,-4.2067934768147444,-0.19692142118551703,-4.9308137646636814,-4.1978869468962294,-0.20443678563019221
639089883501742842,nan,46.967091820814005,0.012403698237235222,0.0044547379432832712,0,0,0,1,2,-4.9719520905055843,-4.1252739682570132,-0.20443678562900819,-4.9607613289723043,-4.1306236024749436,-0.19998204768572492
639089883501943185,nan,45.962044440312475,0.0034117477416419247,0.0073516440510287551,0,0,0,1,2,-4.9805308700899147,-4.086220477080813,-0.19998204768401823,-4.9829164445027132,-4.0837814081245103,-0.20733369173504698
639089883502243185,nan,38.015634388287886,0.016949970920714846,0.0085146031312816617,0,0,0,1,2,-5.0157584623005116,-4.0143440730569804,-0.20733369173317523,-5.006578039114947,-4.0285926289258054,-0.19881908860189357
639089883502443020,nan,37.196022708045881,0.020088376682911083,0.006223837610635774,0,0,0,1,2,-5.022054252779542,-3.9924955968886775,-0.19881908860003747,-5.0264964372797989,-3.9729045306946134,-0.20504292621067324
639089883502743261,nan,40.438797749430762,0.01976915816566165,0.0071154019772637633,0,0,0,1,2,-5.0560280467619272,-3.8903397001216424,-0.20504292620954803,-5.046811766917747,-3.9078291197921948,-0.19792752423228427
639089883502943300,nan,41.14469267434572,0.0080602801914135738,0.0072880842842923677,0,0,0,1,2,-5.0601747427618351,-3.8650239495374743,-0.19792752423114965,-5.0603484035323705,-3.8569655403457745,-0.20521560851544202
639089883503243053,nan,45.19069587113961,0.01880768762800418,0.006614970151281957,0,0,0,1,2,-5.0804033830095321,-3.7816094477672841,-0.20521560851357387,-5.0756250903527729,-3.7998000231622227,-0.19860063836229191
639089883503442727,nan,53.028045661753517,0.018780789586267378,0.0021764360131618365,0,0,0,1,2,-5.0856942878245039,-3.7621209839921526,-0.19860063836105499,-5.0836877872073885,-3.7434476872088536,-0.20077707437421682
639089883503743080,nan,52.320721642907529,0.027445793228683395,0.006868929055797196,0,0,0,1,2,-5.0956730283601797,-3.6596796443191337,-0.20077707437322642,-5.0895518121234549,-3.6864341257705635,-0.19390814531742923
639089883503943417,nan,57.441442914240092,0.0180082461885838,0.011042243014492109,0,0,0,1,2,-5.0934015657495681,-3.6490045158991382,-0.19390814531626094,-5.0982617894044981,-3.6316645286784768,-0.20495038833075305
639089883504244515,nan,89.785497524830973,0.016800611679040903,0.0068521880493905563,0,0,0,1,2,-5.1112110188588584,-3.5502379006880802,-0.20495038832887011,-5.1028495251092139,-3.5648099964558337,-0.19809820027947955
639089883504445925,nan,53.815988691727384,0.013340250857608992,0.0065058037189893725,0,0,0,1,2,-5.105890096492856,-3.5205014332284503,-0.19809820027770417,-5.1042236278769151,-3.507265679555311,-0.20460400399669354
639089883504743064,nan,75.394698145773248,0.026390232186166922,0.0073418788495257514,0,0,0,1,2,-5.1062318765705923,-3.4231647651547394,-0.20460400399576567,-5.0967393593433785,-3.447788665567364,-0.19726212514623992
639089883504942944,nan,75.981068311670427,0.010495172451702981,0.010450105117270403,0,0,0,1,2,-5.0917806090583966,-3.408381787160871,-0.19726212514525279,-5.0930435819437685,-3.3979628839421152,-0.2077122302625232
639089883505242928,nan,97.14921390714558,0.0070804936196416212,0.0038571729466044813,0,0,0,1,2,-5.08756567503145,-3.3241107646003463,-0.2077122302607036,-5.0946158361511218,-3.3234560752965896,-0.20385505731409911
639089883505543288,nan,97.430726456562553,0.016493262163051664,0.012353668171220661,0,0,0,1,2,-5.0961798305958981,-3.2493406846208295,-0.20385505731207457,-5.088942327365821,-3.2641611516773623,-0.19150138914085391
639089883505746989,nan,68.74983681678475,0.017034634630706268,0.0068866020676518758,0,0,0,1,2,-5.0851128320306476,-3.2241383647227355,-0.19150138913950573,-5.0748407212485542,-3.2105493059958752,-0.19838799120715761
639089883505946215,nan,105.77097501569847,0.021186764309490739,0.012461145423625364,0,0,0,1,2,-5.0611704993868933,-3.1585775079762386,-0.19838799120584658,-5.0602370057390011,-3.1374113186282417,-0.21084913662947194
639089883506242710,nan,101.86278155958719,0.031416427963667434,0.0070064473319308151,0,0,0,1,2,-5.0387058814073971,-3.0295796439872471,-0.21084913662700314,-5.0515916437267254,-3.0582318528976624,-0.20384268929507232
639089883506442863,nan,83.574643479869707,0.010874427930076805,0.0026948506760564872,0,0,0,1,2,-5.0458289226434374,-3.0054533601195472,-0.20384268929241947,-5.0361157878266649,-3.0103429608023879,-0.20653753996847596
639089883506706211,nan,69.075088969387167,0.0057763546912516948,0.0050662644301474324,0,0,0,1,2,-5.0159646298700737,-2.9479866920951912,-0.20653753996666149,-5.0102722189553228,-2.9470055032770883,-0.20147127553651406
639089883507042851,nan,79.740507678752962,0.019220395345014692,0.0091893190032622807,0,0,0,1,2,-4.9774684088801804,-2.8666098761233529,-0.20147127553534405,-4.9907015725854542,-2.88054927982538,-0.19228195653208177
639089883507242706,nan,68.813520595220666,0.020931720668778058,0.0057356999431079358,0,0,0,1,2,-4.9791654768325371,-2.8413760536259374,-0.19228195652974825,-4.9761858053964971,-2.8206574994223015,-0.19801765647285618
639089883507543116,nan,54.152956064972976,0.014248219716490153,0.011026533760080059,0,0,0,1,2,-4.9545130754510769,-2.7312362262832708,-0.19801765647107233,-4.949027679962736,-2.7443862149306373,-0.18699112271099227
639089883507743229,nan,58.996956126921937,0.011357424651421928,0.0081615985952904757,0,0,0,1,2,-4.9310409606264276,-2.6938720441010893,-0.18699112270947069,-4.9243497825929277,-2.6846949404601395,-0.19515272130476116
639089883507942810,nan,50.709711141780971,0.015308696710719038,0.0057321169851346221,0,0,0,1,2,-4.8999718447456466,-2.6257292126568035,-0.19515272130309524,-4.8906697647821584,-2.6135707792324823,-0.20088483828822987
639089883508242736,nan,45.671429055054574,0.042285707075549052,0.0057555808201376346,0,0,0,1,2,-4.8404162366606505,-2.5074473188336617,-0.20088483828711132,-4.8632777008266945,-2.5430202647204423,-0.19512925746697368
639089883508442937,nan,43.078681044966089,0.01378015963690276,0.0087040203042107467,0,0,0,1,2,-4.8451889063828641,-2.496431086300384,-0.19512925746587409,-4.8385002710819842,-2.4843830591826213,-0.20383327777008484
639089883508743188,nan,39.982820310820614,0.01456518054671347,0.007772434422884722,0,0,0,1,2,-4.8016793107376943,-2.3972441492127912,-0.20383327776881072,-4.8023270767359918,-2.4117949183872991,-0.19606084334592599
639089883509042786,nan,34.440865854042706,0.0057332567116263923,0.0035857749514753567,0,0,0,1,2,-4.7664978225137826,-2.3398969564545777,-0.1960608433452255,-4.7622212491687996,-2.3437154840433729,-0.19247506839375014
639089883509242596,nan,26.069400391701194,0.023008031090761841,0.007982291383015705,0,0,0,1,2,-4.7357249858343167,-2.2987382144179755,-0.19247506839307696,-4.7247781035735983,-2.2785012367917727,-0.20045735977609266
639089883509542726,nan,30.564017877939424,0.016879200419859738,0.0028068611766882967,0,0,0,1,2,-4.6688566208472473,-2.1811035063601794,-0.20045735977543397,-4.6798419514011611,-2.1939187285367567,-0.19765049859874567
639089883509743030,nan,32.395098711916141,0.010365112494093678,0.010999970954582383,0,0,0,1,2,-4.6500629934359754,-2.137866333390626,-0.19765049859831918,-4.64103557647306,-2.1327730731387948,-0.20865046955290156
639089883509943538,nan,27.922372920525639,0.017053481352720595,0.0063096572720223731,0,0,0,1,2,-4.6026322687793959,-2.07226251468727,-0.2086504695524283,-4.5879411019447005,-2.0636027893288804,-0.21496012682445068
639089883510243007,nan,31.669976317301536,0.042588195273512201,0.0097407776888022712,0,0,0,1,2,-4.509232233742372,-1.961062651201998,-0.21496012682344157,-4.5338768016543387,-1.9957959155042093,-0.2052193491346393
639089883510544154,nan,36.199630197935598,0.01555383100674544,0.0049556356989450268,0,0,0,1,2,-4.4796617166773167,-1.9277999291197134,-0.20521934913389975,-4.4877623509238775,-1.9410777822515206,-0.20026371343495472
639089883510743145,nan,63.358319277279392,0.034924249768600202,0.0091540749947410516,0,0,0,1,2,-4.4573181873771599,-1.9049535788547842,-0.20026371343420232,-4.4341194238435513,-1.8788476294866558,-0.20941778842894337
639089883511042937,nan,72.565011530931741,0.0057420437276567747,0.0029542464581810424,0,0,0,1,2,-4.3540124221438381,-1.7859170005177396,-0.20941778842853409,-4.3576101538492473,-1.7903921980269246,-0.21237203488671513
639089883511242950,nan,44.651621238167543,0.0041678812087353467,0.0013098102316467797,0,0,0,1,2,-4.3069697827560462,-1.7318448367115766,-0.21237203488620127,-4.3029429360741096,-1.7329198899987699,-0.21368184511784805
639089883511442841,nan,61.796807611142839,0.011240842581539207,0.0032832332521698371,0,0,0,1,2,-4.2486896403670391,-1.6758827432530763,-0.21368184511713567,-4.2399594952846034,-1.6688017045734356,-0.21696507836930551
639089883511742946,nan,41.481200358398645,0.039659090092467951,0.0025172285643054737,0,0,0,1,2,-4.1460974080460469,-1.5732485458617034,-0.21696507836881687,-4.1750167234839299,-1.6003873855857356,-0.2144478498045114
639089883512042703,nan,65.673970369970917,0.022858911040636747,0.0012215771345573112,0,0,0,1,2,-4.1103934751501097,-1.5323096703459078,-0.21444784980439358,-4.1240344947890666,-1.5506523091193596,-0.21566942693895089
639089883512242799,nan,87.926670258971484,0.044973687243734572,0.0085504807610765898,0,0,0,1,2,-4.0900612845096642,-1.5175101681359351,-0.21566942693882352,-4.0533164950795557,-1.4915784695021348,-0.22421990769990011
639089883512543146,nan,92.84114591921572,0.027049632659463713,0.00054637694353956712,0,0,0,1,2,-3.9478413472313205,-1.4034704631503696,-0.22421990769975714,-3.9705162419118962,-1.4182194216978985,-0.2247662846432967
639089883512743295,nan,99.515826386166921,0.024265896033710009,0.0087840833038679011,0,0,0,1,2,-3.9158382419311155,-1.3697760189185841,-0.22476628464315113,-3.8937808764897581,-1.3596613592552422,-0.23355036794701903
639089883513042816,nan,73.926659367362248,0.02709728176045631,0.00021356922884868679,0,0,0,1,2,-3.7801475754854494,-1.2729458546222798,-0.23355036794661921,-3.8014150483739821,-1.2897374381015436,-0.23333679871777052
639089883513242674,nan,77.203180218645656,0.008606419992304562,0.0020771904454010559,0,0,0,0,0,-3.7401857655244992,-1.2433848893981612,-0.23333679871748808,-3.748750687433871,-1.2442290326148628,-0.23125960827208702
639089883513542819,nan,102.02880783949122,0.01371548651245715,0.0026089564620210837,0,0,0,1,2,-3.6701375108518937,-1.1762976981673225,-0.23125960827176259,-3.6590537586345313,-1.1843763742381592,-0.22865065180974151
639089883513743117,nan,84.513423505175339,0.021541756346605833,0.0044192301803523126,0,0,0,1,2,-3.5995408566919158,-1.1446648095652354,-0.22865065180937597,-3.5803575380576467,-1.1348644242323704,-0.23306988198972828
639089883514042800,nan,80.481311094023312,0.027234005234244789,0.0084741966002844782,0,0,0,1,2,-3.4634872827399694,-1.0613351721789082,-0.23306988198911219,-3.4853692113793953,-1.0775485074347384,-0.22459568538882771
639089883514242712,nan,71.46471408060826,0.01541309889380907,0.0032519568574108648,0,0,0,1,2,-3.4224277901394626,-1.0395696800454284,-0.22459568538792068,-3.4084463670676031,-1.033082506053927,-0.22784764224533155
639089883514542918,nan,70.133045997393893,0.030779119987728937,0.0053535544698311843,0,0,0,1,2,-3.2936870008686716,-0.96674473368582381,-0.22784764224496848,-3.3201859636115718,-0.98240229418449032,-0.22249408777513729
639089883514743341,nan,56.569042447194605,0.024136632390473173,0.0034578682739722089,0,0,0,1,2,-3.2617240600327428,-0.94883274834458675,-0.22249408777477048,-3.2389710309097723,-0.94077814165759732,-0.22595195604874269
639089883515042778,nan,56.881570811898641,0.010620392994616366,0.0010037171338906914,0,0,0,1,2,-3.1185274198264539,-0.87904856715890722,-0.22595195604849633,-3.1251449446778339,-0.88735525796821657,-0.22494823891460564
639089883515242707,nan,57.915381269576571,0.0034141334215201983,0.004037409597868663,0,0,0,1,2,-3.049720882175162,-0.85195589520483084,-0.22494823891435886,-3.0484684979564567,-0.84877975906343528,-0.22898564851222752
639089883515543066,nan,69.805561099688717,0.033938109395422994,0.0031845028827598987,0,0,0,1,2,-2.9340903648587076,-0.79123674896444163,-0.2289856485116786,-2.9616786300942648,-0.81100244881616057,-0.2258011456289187
639089883515744214,nan,67.413688347619882,0.02351132912304333,0.0081205245138054327,0,0,0,1,2,-2.903873742879084,-0.78584152609642566,-0.22580114562872564,-2.8824134684290668,-0.7762374010627745,-0.23392167014253107
639089883516042845,nan,60.654648069022777,0.0020670250686369578,0.001225981913048485,0,0,0,1,2,-2.7656497206358845,-0.72502578195272893,-0.23392167014219853,-2.7677165209593642,-0.72505626239298482,-0.23269568822915004
639089883516242472,nan,55.532637440543148,0.024399252683310182,0.0076428567844048501,0,0,0,1,2,-2.6915330523901617,-0.69106096648316218,-0.23269568822890849,-2.6675610033630135,-0.68651515556056308,-0.24033854501331334
639089883516542850,nan,53.368754797314253,0.060857044827686793,0.0031370883243432568,0,0,0,1,2,-2.5179507925191413,-0.62894325879703494,-0.2403385450130324,-2.5739674327412323,-0.65272804223914138,-0.23720145668868914
639089883516742246,nan,66.731960991704881,0.0043851037906070664,0.0049624736832849514,0,0,0,1,2,-2.5121765447363442,-0.63042164104744913,-0.23720145668834022,-2.5080854180943382,-0.62884309169647379,-0.24216393037162517
639089883517042815,nan,87.228204190037346,0.0029924330822247592,0.0028118035591398194,0,0,0,1,2,-2.4093037487267264,-0.5930306579083886,-0.2421639303712689,-2.4081281896363507,-0.59578251484083045,-0.23935212681212908
639089883517242552,nan,81.118206555159546,0.025833538284181216,0.00054138856220037335,0,0,0,1,2,-2.3420524232114235,-0.57392813784492369,-0.23935212681163157,-2.3168000948889333,-0.5684791365994275,-0.23881073824943119
639089883517543213,nan,84.668909972987024,0.028113933088035187,0.0053418075216811745,0,0,0,1,2,-2.1801363095013881,-0.52762223451844348,-0.23881073824907781,-2.2056271958694973,-0.53948005665603127,-0.23346893072739663
639089883517742650,nan,91.990204043728824,0.0058395249923698473,0.0025502241019823568,0,0,0,1,2,-2.1320816860218526,-0.52029595568933051,-0.23346893072697117,-2.1262519156978326,-0.51995856851457734,-0.23601915482895353
639089883518042888,nan,67.165445458747541,0.0012755683527787534,0.0018644560755579076,0,0,0,1,2,-2.0071194242363428,-0.49065922602031875,-0.23601915482870148,-2.008366183843814,-0.49092879067636419,-0.23788361090425938
639089883518243174,nan,74.964461299443045,0.030229817015477788,0.0072651391087696637,0,0,0,1,2,-1.9301670762820113,-0.47167198424217416,-0.23788361090406085,-1.9007830952838998,-0.46457103377819481,-0.24514875001283051
639089883518542916,nan,70.49447018486353,0.039645898470570956,0.0023924639403808401,0,0,0,1,2,-1.7407397782891867,-0.42536056957801488,-0.24514875001255224,-1.7791478223048327,-0.43519008739075721,-0.2427562860721714
639089883518742454,nan,86.660443597197286,0.0094424862372413775,0.0094958254866386593,0,0,0,1,2,-1.6984745719785015,-0.41570349945712232,-0.24275628607201058,-1.6892914607313847,-0.41790145627279679,-0.25225211155864924
639089883519042805,nan,75.05473156100004,0.021741429885366946,0.0044370487022508953,0,0,0,1,2,-1.5546440829154613,-0.39199490046197238,-0.25225211155847177,-1.575639729481237,-0.39764048269459984,-0.24781506285622087
639089883519242618,nan,90.041990993204479,0.015413452066599132,0.0072035527044824743,0,0,0,1,2,-1.5002315342881889,-0.38419727832296491,-0.2478150628561141,-1.4848823216227418,-0.38279151334963979,-0.25501861556059657
639089883519542493,nan,68.518985107178835,0.0119496569719499,0.0014052974202944934,0,0,0,0,0,-1.3492768157827693,-0.36060487264737262,-0.25501861556052813,-1.3612263908714193,-0.36064911005219774,-0.25361331814023363
639089883519742627,nan,91.450378130115226,0.015553436306879109,0.0041140129031201345,0,0,0,1,2,-1.2790156058004509,-0.34592806636767365,-0.25361331814020532,-1.2634740322946068,-0.34532071645651236,-0.25772733104332546
639089883520042839,nan,67.107329669164429,0.0089541521603731626,0.00042788073096389212,0,0,0,0,0,-1.117554302532471,-0.32243927314675858,-0.25772733104329232,-1.1258955240555355,-0.32569517001464016,-0.25729945031232843
639089883520242704,nan,82.205919351742537,0.005437186322149761,0.00081800659428360456,0,0,0,1,2,-1.0347256764120352,-0.31268980964311527,-0.2572994503123176,-1.0293721340047708,-0.31363985111347031,-0.25811745690660121
639089883520542783,nan,72.199264484182052,0.010197327646287795,0.0017424315769045129,0,0,0,0,0,-0.88514997799702044,-0.29562717996326215,-0.25811745690658916,-0.89403397038257093,-0.30063319338905581,-0.25637502532968465
639089883520742809,nan,90.565386539446706,0.0046395426548248636,0.001534668923367899,0,0,0,1,2,-0.80421368754040556,-0.29200102605080686,-0.25637502532968132,-0.79960352300844206,-0.2925223119936109,-0.25484035640631342
639089883521044692,nan,109.88376867035068,0.0095661776354072463,0.0021662696350610577,0,0,0,0,0,-0.65774817794607299,-0.28033798044478031,-0.25484035640631936,-0.66722741389258911,-0.2816247750758083,-0.2526740867712583
639089883521242820,nan,139.85265600613209,0.023294579419080138,0.00059585199242562226,0,0,0,1,2,-0.58070787058548401,-0.27450226691630775,-0.25267408677125985,-0.55745036236486234,-0.27318859204041668,-0.25207823477883423
639089883521542876,nan,122.84244859715416,0.0056559307537537686,0.00040383423364304116,0,0,0,0,0,-0.39201988352257033,-0.26047553608086976,-0.25207823477883501,-0.38734166208930704,-0.2572968890553865,-0.25248206901247805
639089883521742814,nan,155.96257493766615,0.0022194799953343873,0.0003529677505567097,0,0,0,1,2,-0.27445616897565861,-0.24675102793849593,-0.25248206901247833,-0.27546592629452832,-0.24872751006760274,-0.25212910126192162
639089883522042785,nan,107.63663707901576,0.025303630045564459,0.00037941722759993191,0,0,0,0,0,-0.10831052734299901,-0.23592385829008569,-0.25212910126192362,-0.13361210138451676,-0.23624641759376061,-0.25250851848952355
639089883522242787,nan,128.38388901978522,0.03192051756341921,1.3270683957289364e-06,0,0,0,1,2,-0.039277925220919288,-0.22794636944991617,-0.25250851848952782,-0.069975116764158879,-0.23669861903926256,-0.25250984555792355
639089883522549709,nan,101.4984495778515,0.03632514045446146,0.0061490117060975236,0,0,0,0,0,0.02785614490488332,-0.23739380342309127,-0.25250984555795558,-0.0082376690955279601,-0.24148677544108343,-0.24636083385185806
639089883522759035,nan,142.88245925205788,0.029510505403771363,0.0033795795711301369,0,0,0,0,0,0.03441915783199713,-0.24479510072253449,-0.24636083385190397,0.0061981327827992181,-0.25342317549959587,-0.2497404134230341
639089883523042739,nan,150.09736073951771,0.014447938560272698,0.00099496762409104211,0,0,0,1,2,0.026217363655697018,-0.26997629465270534,-0.24974041342317868,0.03623029211528131,-0.25956072014600329,-0.24874544579908764
639089883523242644,nan,183.21621887676051,0.036857109809824637,0.0036183061004550487,0,0,0,0,0,0.058146491005112634,-0.26403964048192463,-0.24874544579928126,0.094698742988834739,-0.25930895147798927,-0.25236375189973631
639089883523542567,nan,235.89434038947172,0.024416832622850441,0.0050685406154354906,0,0,0,1,2,0.18278667136851989,-0.25892963955737364,-0.25236375189993576,0.15842066952694916,-0.2573549428917058,-0.25743229251537125
639089883523745137,nan,176.96509385158276,0.0018223940139567446,3.7161638547222875e-05,0,0,0,0,0,0.20201213299990878,-0.25601822728151663,-0.25743229251561683,0.20332381861802259,-0.25475307876006204,-0.25746945415416406
639089883524042596,nan,193.8985914007275,0.043598995642657026,0.0094136421978952001,0,0,0,1,2,0.27024143606583051,-0.25087561020525362,-0.25746945415440387,0.31297526320788993,-0.24223313146122355,-0.26688309635229907
639089883524342794,nan,147.94454288519418,0.017904768537243713,0.0046911676005741976,0,0,0,1,2,0.42381354850940006,-0.22957767128138781,-0.26688309635274976,0.40591500859083968,-0.23004990549867066,-0.27157426395332396
639089883524542650,nan,134.48937656853025,0.016040485332826399,0.0012772116749670825,0,0,0,0,0,0.46792725284162828,-0.22192088404461596,-0.27157426395353218,0.45193616070033382,-0.22317871624377822,-0.2702970522785651
639089883524742535,nan,174.73264839440739,0.10199772627766483,0.0062229153348311583,0,1,1,1,2,0.49840100491892325,-0.21624128152755437,-0.2702970522786301,0.59875216088424577,-0.19798801710069214,-0.26407413694379894
639089883525042638,nan,190.60493791201398,0.024254658232899035,0.00057804624150714634,0,0,0,0,0,0.81814977149411905,-0.16034376038029355,-0.26407413694383669,0.79422681284615915,-0.16434132157716563,-0.26349609070232954
639089883525242607,nan,223.06099604452689,0.014125279485600278,0.0053522235998178513,0,0,0,1,2,0.92409079584882625,-0.14198807090395549,-0.26349609070235275,0.91018951042960583,-0.14449362158987061,-0.2581438671025349
639089883525542573,nan,137.28370024396759,0.066634708387987962,0.0015035480263116963,0,0,0,1,2,1.0837294753599078,-0.11479123253270189,-0.25814386710257747,1.0177751057217601,-0.12428888948517029,-0.25664031907626578
639089883525842592,nan,121.42415369425464,0.0052344349482545171,0.0010962074571626568,0,0,0,0,0,1.1254062341690256,-0.10407560618736271,-0.25664031907629603,1.1305968552704297,-0.10339976463110369,-0.25773652653345869
639089883526042444,nan,124.28717089719977,0.050924072434234531,0.0041217703890470414,0,0,0,1,2,1.2056444810299383,-0.089504578368145016,-0.25773652653348023,1.2556517693013907,-0.079885208689053563,-0.25361475614443318
639089883526242767,nan,107.54376401304287,0.03014194692239797,0.0053151282528893229,0,0,0,0,0,1.3805056063365948,-0.056408462027046691,-0.25361475614444995,1.4095996322857804,-0.048529717308452937,-0.24829962789156063
639089883526542933,nan,114.48506495574523,0.093717194846459684,0.00022263743426179095,0,1,1,1,2,1.6388806877154145,-0.0018306594723081909,-0.24829962789157392,1.54712741445754,-0.020915979913817582,-0.24807699045731213
639089883526742469,nan,105.03304198824205,0.0035478174821153147,0.0025412154990368252,0,0,0,0,0,1.6382216021208009,-0.0026254866288364063,-0.24807699045731488,1.6389514520185151,0.00084644770424215066,-0.24553577495827805
639089883527042605,nan,105.06247900815029,0.026979943406675307,0.0029989724905049864,0,0,0,1,2,1.7764256732755366,0.033428033843583858,-0.24553577495826265,1.7509230224088161,0.02462279988885183,-0.24253680246775766
639089883527242743,nan,98.434270588064834,0.042875244330786537,0.0029274193723678454,0,0,0,0,0,1.8251752597600526,0.040389724828855597,-0.24253680246777778,1.8661723803501931,0.052940528776895021,-0.23960938309540994
639089883527542855,nan,101.09637334325549,0.032466428006387257,0.0032259901708119321,0,0,0,1,2,2.0377477051010127,0.095098017694473888,-0.23960938309540622,2.0069052689325559,0.084958339263251359,-0.23638339292459429
639089883527742609,nan,86.046168912032556,0.011932658022649038,0.0047932459534747729,0,0,0,0,0,2.0999471600113413,0.10612608239608222,-0.23638339292458452,2.1118098087554946,0.10741677688291013,-0.23159014697110974
639089883528042956,nan,85.760319483260375,0.034670352950812423,0.0042206778086564534,0,0,0,1,2,2.2684378606479898,0.14094841754263218,-0.23159014697104885,2.2343710299302972,0.13450757764507332,-0.2273694691623924
639089883528242885,nan,89.529495653871592,0.0074565015073945681,0.0017788260820860158,0,0,0,0,0,2.315375706934081,0.1524127644935547,-0.22736946916231518,2.3208419021787443,0.15748426567929821,-0.22559064308022916
639089883528542996,nan,95.570195341191493,0.028739559589244856,0.0035886326776226329,0,0,0,0,0,2.4499078357452913,0.19177913994498252,-0.225590643080229,2.4217066865362078,0.18624222124675627,-0.22917927575785163
639089883528842636,nan,91.129749997985058,0.0091161193938072201,0.0030565935257497179,0,0,0,1,2,2.522086455236928,0.21486189209180104,-0.22917927575784558,2.5292660904024991,0.20924437736628021,-0.22612268223209586
639089883529042627,nan,77.029611477736083,0.032087838504961066,0.0003625266514504788,0,0,0,0,0,2.6006338702357867,0.22450676033439157,-0.22612268223208043,2.6321951173758471,0.23029615226139852,-0.22648520888353091
639089883529242843,nan,82.5098439269332,0.0087938155343669742,0.0031880449327041649,0,0,0,1,2,2.7344926884048721,0.25121877730649916,-0.22648520888355736,2.7427788058798539,0.25416350969557561,-0.22967325381626152
639089883529542546,nan,66.932613233540195,0.06288374669098773,0.0031767668009456129,0,0,0,0,0,2.9074148128503325,0.28969701810045856,-0.22967325381623552,2.8454220710758236,0.27914876871132477,-0.2264964870152899
639089883529742454,nan,76.089990333250839,0.0047796953053658399,0.0034617244655403556,0,0,0,0,0,2.9136546656981754,0.29575783747683221,-0.22649648701529057,2.909713883603652,0.2930530780243818,-0.22995821148083093
639089883530042416,nan,79.626709671972421,0.015700236125903631,0.0040546541040386852,0,0,0,1,2,3.005834090917145,0.31384087418650558,-0.22995821148082785,2.9905252642549813,0.31035701990755604,-0.23401286558486653
639089883530242732,nan,72.396379917194338,0.033665979947365608,0.00056436262192932629,0,0,0,0,0,3.0443532560665019,0.32188307520431342,-0.23401286558486287,3.0767938283948899,0.33088349035157455,-0.23457722820679219
639089883530542730,nan,65.3952217258893,0.020970618633899211,0.0027498517092172381,0,0,0,1,2,3.2052215251744074,0.36144117203343096,-0.23457722820677318,3.1854515126845842,0.35444735676273115,-0.23732707991599042
639089883530842876,nan,63.119009495103533,0.034527278863097123,0.0041507113811951879,0,0,0,0,0,3.2935367640814208,0.37788708347493477,-0.23732707991595126,3.2596409448986736,0.37131392383739514,-0.23317636853475607
639089883531046461,nan,64.407913179465524,0.020305928855784906,0.0029895361142828203,0,0,0,1,2,3.3097394903754078,0.38270355781097831,-0.23317636853474663,3.3297916593379928,0.385903755709881,-0.23616590464902945
639089883531342300,nan,53.098995288033471,0.014096814471016631,0.0011330805188074222,0,0,0,0,0,3.4310350044179141,0.40696018250082749,-0.23616590464900836,3.4170062437884554,0.40557668930185109,-0.23729898516781578
639089883531542921,nan,50.195437546021921,0.01269643860972808,0.0006692479992196354,0,0,0,0,0,3.4758479436659133,0.4188495709124419,-0.23729898516778461,3.4885297196610101,0.41945957991301547,-0.23662973716856497
639089883531742399,nan,52.886001502450625,0.015927844110894405,0.0020709471222464526,0,0,0,1,2,3.5592142101579629,0.43317962130507032,-0.23662973716855981,3.5749957266447949,0.43533367687464203,-0.23870068429080626
639089883532042769,nan,47.299345356685272,0.041684728520282842,0.0020171242480152285,0,0,0,0,0,3.7042360983255533,0.45906062186704527,-0.23870068429080066,3.6634659108664263,0.45037682048992256,-0.23668356004278543
639089883532243487,nan,51.45887812819393,0.0011671318025626108,0.0011481921640756343,0,0,0,0,0,3.7221286752194951,0.46035162043859051,-0.23668356004276694,3.720961943621413,0.46038218222174859,-0.23783175220684258
639089883532542718,nan,62.590840910364726,0.011196896013248721,0.0052315130176402991,0,0,0,1,2,3.8062251069847628,0.47521953274792211,-0.23783175220673772,3.795105093554354,0.47652941123046655,-0.23260023918909742
639089883532842656,nan,48.306148135849952,0.0082494171781873071,0.0025453731890966447,0,0,0,0,0,3.869121644540134,0.49264906895048255,-0.23260023918907521,3.8614457836340823,0.48962681099810329,-0.23005486599997857
639089883533042682,nan,49.246615242657626,0.020538577605020984,0.0015250238834803309,0,0,0,1,2,3.9054444298521864,0.49831330277352454,-0.23005486599992916,3.9259626426733623,0.49922769473674672,-0.2315798898834095
639089883533242492,nan,46.738219936616467,0.017342392575218846,0.0014772262900489552,0,0,0,0,0,3.9899723424860074,0.50875310708939259,-0.23157988988334416,4.0069651458898807,0.51221767238828897,-0.23305711617339311
639089883533542649,nan,49.471579934702682,0.049604677732582494,0.0020817905874671305,0,0,0,1,2,4.1277370782925527,0.53158528006148442,-0.23305711617335584,4.0788630790712155,0.52310257689173367,-0.23097532558588871
639089883533742800,nan,43.027073868126088,0.0011822474517053821,0.0030275715284119875,0,0,0,0,0,4.1263595642765596,0.53029325237896263,-0.23097532558585104,4.1254880543936112,0.52949439096357998,-0.23400289711426303
639089883534042557,nan,55.781120713246509,0.011641133076385946,0.0077592997332404934,0,0,0,1,2,4.1947722410517327,0.53899255447306482,-0.23400289711415762,4.1839926194288202,0.53459758724122308,-0.22624359738091712
639089883534342979,nan,48.28340964522117,0.0045010226484422473,0.0034759034798852451,0,0,0,0,0,4.2422759580262612,0.53968148653010894,-0.22624359738079261,4.2382530576853199,0.53766270528177018,-0.22276769390090737
639089883534531260,nan,50.730093517685795,0.018844368292159033,0.0050752153385203169,0,0,0,1,2,4.2720762823036447,0.5395733455069196,-0.22276769390075696,4.2908151683572591,0.54156441702752967,-0.22784290923927727
639089883534743944,nan,57.904430387808077,0.0072689526889211384,0.0029161238272125134,0,0,0,1,2,4.3498014551271531,0.54594299857584827,-0.22784290923913236,4.3562594221742863,0.54260648320619753,-0.23075903306634488
639089883535042538,nan,51.807678967382294,0.042126524120162899,0.00014229782044319905,0,0,0,1,2,4.4473941296716912,0.54405761742878878,-0.23075903306608395,4.4053618638834946,0.54124111833291433,-0.23061673524564075
639089883535242502,nan,44.781847005252857,0.0019142919924500781,0.001451678063001921,0,0,0,1,2,4.4380705555134101,0.54033160554601434,-0.23061673524533946,4.4398472403430436,0.53961893111227277,-0.23206841330834138
639089883535542515,nan,42.085950959514904,0.00051523261923133398,0.0053299708230630516,0,0,0,0,0,4.491328593183435,0.53719725557171483,-0.23206841330818734,4.4917496314347263,0.53690028513064436,-0.22673844248512429
639089883535749614,nan,52.423260400464386,0.01506174610119111,0.0041477126772911654,0,0,0,1,2,4.5273925674566335,0.53503330900967472,-0.22673844248497244,4.5424346200912806,0.53426334267713005,-0.2308861551622636
639089883536042431,nan,45.709264530898935,0.015222804676173976,0.00016128751997535051,0,0,0,1,2,4.6137789378001752,0.53055157583708223,-0.23088615516213984,4.5985614926164562,0.53095548707665174,-0.23104744268211519
639089883536342725,nan,43.324126787695207,0.015748450926317131,0.00069883079127738834,0,0,0,1,2,4.6558244452141269,0.5275806762253048,-0.2310474426819456,4.6401871003094861,0.52571328475270862,-0.23034861189066821
639089883536542762,nan,38.323343644989201,0.014507124236936893,0.0013060883845116555,0,0,0,0,0,4.6678455552016,0.52223006313630937,-0.23034861189052275,4.6822631727772057,0.52062103949772964,-0.2316547002750344
639089883536742169,nan,50.515862566215844,0.011535315672368856,0.0037917048324007385,0,0,0,1,2,4.7240412470769648,0.51556485939017993,-0.23165470027491916,4.7353505195285406,0.51329244563445053,-0.2354464051073199
639089883537042389,nan,38.317603403200927,0.028308272653018118,0.0043023974671104193,0,0,0,0,0,4.8148852826221402,0.50231284291564526,-0.23544640510721473,4.7867690721328753,0.50560480408202646,-0.23114400764010432
639089883537342706,nan,51.878030101147488,0.0093515401037434741,0.0013434773173985337,0,0,0,1,2,4.8380801521501064,0.49793323086845115,-0.231144007639937,4.8290961749654491,0.50052927714259154,-0.22980053032253847
639089883537542654,nan,37.196591301572539,0.01942309368720746,0.0024581009836136258,0,0,0,0,0,4.857145766314539,0.49716579495257296,-0.22980053032234829,4.8764760474905797,0.49526927233545415,-0.23225863130596192
639089883537842823,nan,44.883672093571228,0.012491763468559075,0.005029609590094658,0,0,0,1,2,4.9472512835796563,0.48741196791030256,-0.23225863130584926,4.9348052919067387,0.48634358322672983,-0.2272290217157546
639089883538042382,nan,42.350031673457856,0.0086862368939909108,0.0052104634451012599,0,0,0,0,0,4.9735010365950156,0.48042226210599109,-0.22722902171566683,4.9806061105720918,0.47542539957448154,-0.23243948516076809
639089883538242332,nan,56.354542373466906,0.0061988061460317911,0.0012474586443969593,0,0,0,1,2,5.0262628072603048,0.46454157229970849,-0.23243948516066978,5.0324225826872278,0.46384704776741459,-0.23368694380506674
639089883538542843,nan,42.349841218652564,0.023712800261450243,0.0042839697785848341,0,0,0,0,0,5.1099944362255778,0.44651367531014668,-0.23368694380495414,5.0870356599472188,0.45244591671114315,-0.22940297402636931
639089883538842587,nan,45.805709553637705,0.013057939682137329,0.0004944597835798703,0,0,0,1,2,5.1412591130621372,0.44112612434083365,-0.2294029740262388,5.1284452706035824,0.44363913651543069,-0.22890851424265893
639089883539042594,nan,43.321378186165404,0.022089565736089643,0.0013499245894101064,0,0,0,0,0,5.1559493962451599,0.43778970240674719,-0.22890851424251157,5.1771780691883782,0.43168295536115103,-0.23025843883192168
639089883539342777,nan,62.906082297046936,0.010471917854164924,0.0035188076398113277,0,0,0,1,2,5.249887237646365,0.41384437405849733,-0.2302584388317821,5.2395839293290694,0.4157159779864491,-0.22673963119197077
639089883539542774,nan,48.397330725058438,0.01206853137369099,0.0020846169348858468,0,0,0,0,0,5.2809519736091319,0.40513167347456031,-0.22673963119181953,5.2930154571061347,0.40478265279422104,-0.22882424812670538
639089883539842562,nan,62.549412183185432,0.019471791581268084,0.0024408454457313655,0,0,0,1,2,5.3726563956504219,0.38848627655448553,-0.22882424812655494,5.3532113786913786,0.38950705216492321,-0.22638340268082358
639089883540042228,nan,49.367170201499654,0.011992477843526545,0.0041039916469671478,0,0,0,1,2,5.3930951168930319,0.37938596687662568,-0.22638340268065446,5.4028755986569745,0.37244610367245079,-0.23048739432762161
639089883540242317,nan,50.164418961734128,0.0073249979925907507,0.0021219592742434956,0,0,0,1,2,5.4523167241818458,0.35546179391033195,-0.23048739432744408,5.4584893490648563,0.35151790019407919,-0.23260935360168758
639089883540542589,nan,55.034312760369687,0.025055999059159433,0.0020786394510146078,0,0,0,0,0,5.5414952955998693,0.3202816442994687,-0.23260935360158719,5.5190975559857955,0.33151304443626151,-0.23053071415057258
639089883540842536,nan,72.173124173659431,0.012703137750520073,0.00058193957534699581,0,0,0,1,2,5.5793620681607967,0.31162163146394284,-0.2305307141503837,5.5667778995127879,0.31335610779619993,-0.22994877457503671
639089883541042345,nan,53.564405439064828,0.021016941032922568,0.0031400198270236102,0,0,0,1,2,5.5982511358491065,0.30137092657172515,-0.22994877457479646,5.6177488920411056,0.29352558949428198,-0.23308879440182007
639089883541342730,nan,71.118941835339896,0.014088040580776416,0.0057371563692902861,0,0,0,1,2,5.6937244826459423,0.26396690787451155,-0.23308879440156027,5.6805111269647401,0.26885363674438401,-0.22735163803226999
639089883541542725,nan,82.084250585215557,0.0060183774132209558,0.0051679579554625155,0,0,0,1,2,5.7218873472860867,0.25258856661136991,-0.22735163803181341,5.7245647529385533,0.24719854196763141,-0.23251959598727592
639089883541742590,nan,85.262336765173899,0.010192814463864002,0.0015667657376350341,0,0,0,1,2,5.7681468107847786,0.22577525223009803,-0.23251959598670641,5.7780337582939119,0.22329699969123123,-0.23408636172434144
639089883542042581,nan,84.222539717926125,0.026873632173772234,0.00561243122964733,0,0,0,1,2,5.8574142147257984,0.18781260414811235,-0.23408636172363073,5.8334125475436354,0.19990028708107702,-0.2284739304939834
639089883542343035,nan,97.488053261796324,0.013832875156653714,0.0052917077874497509,0,0,0,1,2,5.8881742740088221,0.17676427429531091,-0.22847393049327258,5.8744638917251351,0.17860107932980099,-0.22318222270582283
639089883542542616,nan,111.51500240025274,0.01474211091295813,0.0039805729759106179,0,0,0,1,2,5.901496445279852,0.1645754247333579,-0.22318222270478411,5.9144450110941138,0.15752812187881216,-0.22716279568069472
639089883542842721,nan,119.81069578551646,0.011455411868255638,0.0077947188338302331,0,0,0,1,2,5.9739280097586889,0.1261762558055376,-0.22716279567966094,5.9625551557317973,0.12480342939466552,-0.21936807684583071
639089883543042579,nan,127.90141006985783,0.0092489766108466327,0.0036562639493361027,0,0,0,1,2,5.9940960934958714,0.10334917069799851,-0.21936807684473583,5.9963005523895214,0.094366747342678678,-0.22302434079407193
639089883543342487,nan,135.59717264465385,0.019393802705647032,0.012719805757335612,0,0,0,1,2,6.0463516712522676,0.049223108741443998,-0.22302434079274083,6.0298748662410038,0.05945220840888072,-0.21030453503540522
639089883543542484,nan,137.21235706016336,0.0064901516688806206,0.0052955410932531977,0,0,0,1,2,6.0520091706335766,0.036434343147193786,-0.21030453503417851,6.0584286887116932,0.03547943146027803,-0.21560007612743171
639089883543742720,nan,92.711474094390653,0.0015178654204382534,0.011121998348404299,0,0,0,1,2,6.0866194759885719,0.011811445988706249,-0.21560007612627929,6.0880442037712905,0.011287932684470472,-0.22672207447468359
639089883544042723,nan,66.691555163223626,0.016034719506489544,0.0024452232308496136,0,0,0,1,2,6.1317225790847676,-0.024390844496979591,-0.22672207447362266,6.1171136963474542,-0.017780793451849745,-0.22427685124277305
639089883544342430,nan,60.399232435067745,0.01116719789898067,0.0073887188307998619,0,0,0,1,2,6.1457631204711261,-0.046429462211110481,-0.22427685124159147,6.1348447713619709,-0.044085115469348547,-0.21688813241079161
639089883544542535,nan,57.054740407054076,0.013866279838753917,0.0091968388871614959,0,0,0,1,2,6.1464853520544542,-0.061354095649911788,-0.21688813240963115,6.1544835715131017,-0.072681151845497075,-0.22608497129679264
639089883544845264,nan,61.314350253415448,0.012901107051517981,0.0058726126888252184,0,0,0,1,2,6.1839423571846517,-0.11557605887536013,-0.22608497129561367,6.1761387449904657,-0.10530268553076302,-0.22021235860678845
639089883545043099,nan,46.761457942338033,0.0016207941739769236,0.0074729173991524844,0,0,0,1,2,6.1901780564128304,-0.12645162118631617,-0.22021235860557134,6.1892199197499007,-0.12775888852299508,-0.22768527600472382
639089883545342351,nan,46.85624408599481,0.0074381855996761281,0.0088757767970298329,0,0,0,1,2,6.2088596482433474,-0.16147403550878497,-0.22768527600321445,6.2026468726499795,-0.1573840447457536,-0.21880949920618462
639089883545542252,nan,45.787402642693138,0.005981568037105269,0.0080466378975753428,0,0,0,1,2,6.2114819159910493,-0.17687763656527258,-0.21880949920468709,6.2150087225430717,-0.18170886743608916,-0.22685613710226243
639089883545842625,nan,42.210777070077008,0.010256624140120157,0.0084709632958617775,0,0,0,1,2,6.2333291016108445,-0.21775848592339497,-0.22685613710094812,6.2267128395693936,-0.20992117673270005,-0.21838517380508635
639089883546042684,nan,39.624557757223336,0.0062162977623109643,0.0083463335294839125,0,0,0,1,2,6.2344171330977511,-0.22849207032895258,-0.21838517380396003,6.2351574386836663,-0.23466412877886822,-0.22673150733344394
639089883546342746,nan,39.890332126344113,0.0078775857577792468,0.0065865272544356201,0,0,0,1,2,6.2476470259134782,-0.27125902851559519,-0.22673150733228339,6.2451476392490575,-0.26378845801041406,-0.22014498007784777
639089883546542705,nan,38.473311852125185,0.0028491564664396259,0.0075546539690431458,0,0,0,1,2,6.2517422399459672,-0.28301362977650812,-0.22014498007669209,6.2495254912965352,-0.28480352306815881,-0.22769963404573523
639089883546842665,nan,39.559018997188033,0.0045146629193934191,0.0067560493759629969,0,0,0,1,2,6.2560225473656788,-0.31599143314280925,-0.22769963404462637,6.2545183989208741,-0.31173470685001831,-0.22094358466866337
639089883547042759,nan,37.423315916560213,0.0033812002098263134,0.0075949421168850506,0,0,0,1,2,6.2578020085265358,-0.32944612881321922,-0.22094358466758851,6.257746518213037,-0.332826873654824,-0.22853852678447356
639089883547343978,nan,40.710331234431273,0.004351664185197621,0.0064878431699948724,0,0,0,1,2,6.262552123448379,-0.36422615541865333,-0.22853852678339664,6.2643719494256187,-0.36027328119939273,-0.22205068361340177
639089883547542682,nan,38.081637671272908,0.0046260816331088663,0.0067228112272382512,0,0,0,1,2,6.2686936380499843,-0.37817624078937445,-0.2220506836123583,6.267017672066264,-0.38248805819014642,-0.22877349483959655
639089883547842504,nan,35.879640812230917,0.0095716731649694558,0.0043575901629494818,0,0,0,1,2,6.2709833287571541,-0.41578564488975944,-0.22877349483865536,6.2686048540989123,-0.40651419486955775,-0.22441590467570588
639089883548042655,nan,31.211370678771484,0.0033897370049031615,0.0066172438283009227,0,0,0,1,2,6.2696582607002318,-0.42246024923615072,-0.22441590467475223,6.2697728149424305,-0.42584805004021287,-0.23103314850305315
639089883548342553,nan,31.143885860775761,0.0044477314520035109,0.0073159731124754213,0,0,0,1,2,6.2715052122255788,-0.45452531123120637,-0.23103314850197221,6.2698284669227684,-0.45040574326130411,-0.22371717538949679
639089883548542575,nan,28.513341143220355,0.0085982824144208211,0.0063023214281247297,0,0,0,1,2,6.2698652370608094,-0.46663139712338131,-0.22371717538832772,6.2699630878438066,-0.47522912273556533,-0.23001949681645245
639089883548742507,nan,28.05658461464218,0.002402834871010361,0.0066301454054716047,0,0,0,1,2,6.2700964517503897,-0.49982071545190415,-0.23001949681528208,6.2702051668536107,-0.50222108968182644,-0.23664964222075369
639089883549045349,nan,30.818762607045265,0.013194148029281183,0.0054615076497908366,0,0,0,1,2,6.2705683605554823,-0.54271742351904306,-0.23664964221966894,6.2691437161952432,-0.52960041430712956,-0.23118813456987811
639089883549342517,nan,27.015676610815394,0.0047108697609656138,0.0065565368274317082,0,0,0,1,2,6.2681099775910916,-0.55626492725236631,-0.23118813456874326,6.2670103064152718,-0.55168420490650738,-0.22463159774131156
639089883549542161,nan,24.926994996596331,0.012240393452501084,0.0071142174504955358,0,0,0,1,2,6.2655855976551926,-0.56643194358196769,-0.224631597740166,6.2655956401761186,-0.57867233291482001,-0.23174581519066154
639089883549842481,nan,31.592141593815587,0.0047742993508766169,0.0060452966801326502,0,0,0,1,2,6.2634861176253755,-0.61891650009727983,-0.23174581518912171,6.2641667607325644,-0.61419096740218426,-0.22570051850898906
639089883550042526,nan,28.398932383507116,0.0065771618340799507,0.0084750780028852446,0,0,0,1,2,6.2632240849132002,-0.63762370556573356,-0.22570051850749026,6.2585222709797641,-0.64222283630175581,-0.23417559651037551
639089883550342452,nan,26.591929807565084,0.0076902490196069928,0.0084420211481913421,0,0,0,1,2,6.2501221028415559,-0.68394005473904429,-0.23417559650896333,6.248831270435609,-0.67635891487202404,-0.22573357536077199
639089883550542282,nan,18.478459413602867,0.0064884855351846895,0.0088344051085970376,0,0,0,1,2,6.2424203632436592,-0.69894102397561897,-0.22573357535942778,6.2431478011151551,-0.70538860326426789,-0.23456798046802482
639089883550844195,nan,21.291185827420083,0.0065399743960100299,0.007398690106698802,0,0,0,1,2,6.2346236597369176,-0.74892770835473155,-0.23456798046661964,6.2365451053932759,-0.74267636356419819,-0.22716929035992084
639089883551042608,nan,20.807922467696084,0.0097361527945153299,0.0073282154394057331,0,0,0,1,2,6.2322427512959528,-0.76697328031818279,-0.22716929035837849,6.2290825573268176,-0.77618228923964605,-0.23449750579778422
639089883551342567,nan,18.751517316489945,0.0095843392040565918,0.0066507759665350719,0,0,0,1,2,6.217891129729054,-0.82643042673282063,-0.23449750579655984,6.2173809360425834,-0.81685967648110569,-0.22784672983002477
639089883551542732,nan,21.303064690160625,0.0084820859347653783,0.010010914208240934,0,0,0,1,2,6.2095784041302409,-0.84398297882979856,-0.22784672982905507,6.2048867458928081,-0.8510493870254715,-0.23785764403729601
639089883551843226,nan,20.719402714602879,0.011471804539663424,0.0027196567217931678,0,0,0,1,2,6.1862161533601983,-0.90214050591589423,-0.23785764403664519,6.1935643630087993,-0.89333107265623168,-0.23513798731485203
639089883552042590,nan,26.69352789906063,0.010090634686472307,0.0059862441995823801,0,0,0,1,2,6.1860822040155172,-0.92127203681847813,-0.23513798731424584,6.1823576765773698,-0.93065013917121053,-0.24112423151382822
639089883552342474,nan,23.530038847879741,0.0095331421477369543,0.0055977904097218867,0,0,0,1,2,6.1655993775816409,-0.98645647217840016,-0.24112423151353499,6.1669468535821617,-0.97701904097934078,-0.2355264411038131
639089883552542927,nan,30.230735478986642,0.0081565220405633056,0.0080561228527381012,0,0,0,1,2,6.1566755974423755,-1.0079237413668529,-0.23552644110355653,6.1541988362611315,-1.0156951315802754,-0.24358256395629463
639089883552842531,nan,25.897139224963649,0.008475009918241537,0.0013585990632865863,0,0,0,1,2,6.1352363757256771,-1.0732251633661605,-0.24358256395622199,6.1363051815231158,-1.0648178185247938,-0.24494116301950858
639089883553042524,nan,25.647977422043404,0.0067252242484261643,0.0076802212536845049,0,0,0,0,0,6.1244143990531148,-1.097461076336081,-0.24494116301945262,6.1229510375756862,-1.1040251615258083,-0.25262138427313713
639089883553342513,nan,43.953927383403546,0.011627186182796997,0.00058441815395660068,0,0,0,1,2,6.1030545778097434,-1.1624405362304793,-0.25262138427310776,6.1065552043971607,-1.1513528370992396,-0.25203696611915116
639089883553542708,nan,71.904084567080019,0.013024331152701652,0.0039035165112911163,0,0,0,0,0,6.095629688207115,-1.1828900746451794,-0.25203696611914128,6.0928893138297848,-1.1956228492935939,-0.2559404826304324
639089883553842626,nan,105.37928744427245,0.0067697676998268634,0.0013440311177332354,0,0,0,0,0,6.0724209784173908,-1.2619290628431159,-0.25594048263043101,6.072169097752905,-1.2551639825893068,-0.25728451374816425
639089883554042712,nan,146.17281985335737,0.011615982698395519,0.0055471725672699979,0,0,0,0,0,6.05832727051079,-1.294939536947479,-0.25728451374817635,6.0582602173404281,-1.3065553261123084,-0.26283168631544634
639089883554342765,nan,222.76249628548717,0.017033444019615339,0.0039125764123755791,0,0,0,1,2,6.0374874471686102,-1.3833077703181407,-0.26283168631550252,6.042234565101956,-1.3669491919417573,-0.2667442627278781
639089883554542493,nan,154.96749602550702,0.0043706462091976615,0.0014814193673007847,0,0,0,0,0,6.0316380321953211,-1.4068830166059598,-0.26674426272793961,6.0279228933692393,-1.4091852528642341,-0.26822568209524039
639089883554842843,nan,248.70755794249706,0.014770139147264428,0.0020871146277317565,0,0,0,1,2,6.0065103651279905,-1.472377091259619,-0.26822568209537845,6.0167578215759221,-1.4617400499991322,-0.2703127967231102
639089883555042730,nan,187.26676907196637,0.016183065078571104,0.0045327965871418963,0,0,0,0,0,6.0093232726068848,-1.4967350074960541,-0.27031279672339736,6.009899990566506,-1.5129077930239809,-0.27484559331053926
639089883555342680,nan,246.2749790321416,0.017213104676178318,0.0046512040740254168,0,0,0,1,2,5.9996448487076854,-1.5894235984725313,-0.27484559331124825,6.0002853166276893,-1.5722224132390505,-0.27949679738527367
639089883555542187,nan,179.3162440937439,0.0082496095467116028,0.00082754056780437457,0,0,0,1,2,5.993907300632606,-1.611569519431252,-0.27949679738598493,5.9909959113259479,-1.619288319207012,-0.2803243379537893
639089883555842631,nan,197.06040178466927,0.016334656440111128,0.0051407174609932049,0,0,0,1,2,5.9770696084050332,-1.6898476330130563,-0.2803243379548182,5.986846736847756,-1.6767621922321363,-0.28546505541581141
639089883556042540,nan,171.20778665464312,0.015800739579313442,0.0042901013421665635,0,0,0,1,2,5.9840855627812317,-1.7150096480896282,-0.2854650554167899,5.9901303833151305,-1.7296083985829491,-0.28117495407462334
639089883556342259,nan,126.06435386538962,0.031679410222139645,0.0035111250678160899,0,0,0,1,2,5.9950473547853429,-1.808740939652052,-0.28117495407583881,5.9881217589331115,-1.7778278169674353,-0.2846860791436549
639089883556542226,nan,99.766322975303623,0.011912360255625748,0.0052010165744811876,0,0,0,1,2,5.9867731792406991,-1.8102020771802454,-0.28468607914507887,5.9922876289874667,-1.8207612045518697,-0.27948506257059769
639089883556842604,nan,105.02207167046053,0.013332563724464735,0.0081383832724606364,0,0,0,1,2,5.9985504555064759,-1.8853057906302582,-0.2794850625727423,5.9987173672840246,-1.8719742717398455,-0.28762344584520294
639089883557042289,nan,101.23838317683997,0.0066162373241214429,0.0072545140602270353,0,0,0,1,2,6.0029823423108262,-1.9059449315907355,-0.287623445847139,6.0016487789533155,-1.9124253794996846,-0.28036893178691197
639089883557280301,nan,85.385765360299203,0.0094815593021223155,0.0023110285882146364,0,0,0,1,2,6.0051400891562245,-1.9606026337285527,-0.28036893178884287,6.013236210664104,-1.9655374876604654,-0.27805790320062823
639089883557541901,nan,81.418891337708303,0.013272897445424406,0.0035036575034009254,0,0,0,1,2,6.0260472303512929,-2.0242580290417234,-0.27805790320246504,6.0262426211217566,-2.0109865698512812,-0.27455424569906411
639089883557842433,nan,74.087888041183533,0.013031591878590728,0.0081677967677131202,0,0,0,1,2,6.0413383883016616,-2.0637366168782267,-0.27455424570124437,6.0384696225003145,-2.0510247102679982,-0.28272204246895749
639089883558042305,nan,65.564918643974408,0.01472694775490912,0.0059555131926503635,0,0,0,1,2,6.04663276086122,-2.0777554572284238,-0.28272204247222787,6.0543640852075038,-2.0902897946272807,-0.27676652927957751
639089883558342743,nan,66.000809447118641,0.011552375841678205,0.0049110894375971603,0,0,0,1,2,6.0782275839504791,-2.1492412866350437,-0.27676652928173795,6.0712800339305835,-2.140011501355394,-0.28167761871933511
639089883558542528,nan,58.808490083985149,0.011817812778212807,0.0095693951446705894,0,0,0,1,2,6.0825335486387191,-2.173089395308514,-0.28167761872121422,6.0891998003001024,-2.1828475604868656,-0.27210822357654363
639089883558842689,nan,49.606067442810591,0.019089507980715046,0.0060961922106756439,0,0,0,1,2,6.116000190364292,-2.2469121844257631,-0.27210822357822795,6.1096708768417516,-2.2289024896676843,-0.27820441578890359
639089883559042257,nan,46.234011224798529,0.010399130117031233,0.0053340643677794453,0,0,0,1,2,6.1233612508839013,-2.2597024920851108,-0.27820441579067917,6.1316349078387127,-2.2660023736542394,-0.27287035142289973
639089883559342245,nan,41.235282875151505,0.0083160838816747941,0.0061307703540362524,0,0,0,1,2,6.1648338724337552,-2.3220794086538827,-0.27287035142517818,6.1572767121344212,-2.318608590402055,-0.27900112177921443
639089883559542949,nan,38.193832816862681,0.012438970132455427,0.0086925895871943215,0,0,0,1,2,6.1744448985944818,-2.3538305009848459,-0.27900112178167114,6.1807648731250433,-2.3645443191599491,-0.27030853219447681
639089883559842599,nan,35.86782942849824,0.024538971973728389,0.0044944278599433618,0,0,0,1,2,6.2158001071558893,-2.4330626253846397,-0.27030853219585793,6.2099711173340646,-2.4092260144010185,-0.27480296005580129
639089883560042558,nan,31.180779820415747,0.010649861237208206,0.0096724232198097115,0,0,0,1,2,6.2295379143670004,-2.4391606289174388,-0.2748029600572327,6.2370342159194179,-2.4467253501553308,-0.26513053683742299
639089883560342762,nan,34.406060208052757,0.01156426792298757,0.00775340217542414,0,0,0,1,2,6.2778224311247586,-2.5032425657276827,-0.26513053683907012,6.2703246907772288,-2.4944382382533288,-0.27288393901449426
639089883560542590,nan,27.456701041714513,0.012164668736202262,0.0067198242362042637,0,0,0,1,2,6.2926306910501957,-2.5264078541715067,-0.2728839390160897,6.3036174498164046,-2.5316299511903937,-0.26616411477988544
639089883560842128,nan,27.013877840133173,0.015967767714246892,0.0041774216531430541,0,0,0,1,2,6.3535554517832571,-2.5874162508964735,-0.26616411478137653,6.342545737604973,-2.5758509666592126,-0.27034153643451958
639089883561142676,nan,31.774744613667835,0.0090326198508433823,0.011049329321760171,0,0,0,1,2,6.3817297354825202,-2.6203624588081693,-0.27034153643600034,6.376788244822575,-2.6128013814095756,-0.28139086575776051
639089883561342492,nan,27.72843273829065,0.016755279745590965,0.0063636328727678659,0,0,0,1,2,6.3996614891461236,-2.6374834486154208,-0.28139086575960504,6.4116156056018747,-2.64922391279344,-0.27502723288683717
639089883561542595,nan,42.639721882776968,0.0092821480545575985,0.010520478982313064,0,0,0,1,2,6.4465339998610274,-2.6857416471930575,-0.27502723288894571,6.4544886714913297,-2.6905251053313495,-0.26450675390663264
639089883561842675,nan,52.714234146190719,0.037512022737745704,0.0057079670345554501,0,0,0,1,2,6.5182466153339202,-2.7519454647069481,-0.26450675390828149,6.4955819752881272,-2.7220545640602332,-0.27021472094283694
639089883562042369,nan,46.719294944316268,0.008086079562811611,0.0098269348460499062,0,0,0,1,2,6.5228010235300546,-2.7429387904156282,-0.27021472094401111,6.5308732878284248,-2.7424663162963601,-0.2603877860979612
639089883562342937,nan,62.926554981812359,0.0159225136149721,0.00088271522115779266,0,0,0,1,2,6.5835516234879154,-2.7729343566806692,-0.26038778609823077,6.5681227953556274,-2.7690001855756856,-0.25950507087707297
639089883562542480,nan,61.316405425457994,0.0055412989713226933,0.0039805280053298309,0,0,0,1,2,6.5926365085121441,-2.7864619912108579,-0.25950507087727426,6.5956279275248528,-2.7911264747385367,-0.25552454287194443
639089883562842153,nan,61.139727509160629,0.015224925745513228,0.0029614631824133042,0,0,0,0,0,6.63658047935873,-2.8240704358239825,-0.25552454287194415,6.6228371414377811,-2.8175191743617143,-0.25256307968953084
639089883563042277,nan,86.377709595370206,0.0092491622803132396,0.00023314826445686165,0,0,0,0,0,6.6406930721369086,-2.8348392710371431,-0.25256307968951647,6.6470858243183661,-2.841523560261439,-0.25279622795397333
639089883563342338,nan,101.54377217264066,0.014703346610041449,0.008480382263674785,0,0,0,0,0,6.6829369082225822,-2.8770134570611225,-0.2527962279538169,6.6735767046402001,-2.865674365808673,-0.24431584569014211
639089883563542308,nan,138.47327041890935,0.0045045854521523522,0.0020653830391323402,0,0,0,1,2,6.6909512174714179,-2.8815140991722643,-0.24431584568996106,6.6925705392494201,-2.885717560493013,-0.2463812287290934
639089883563847839,nan,90.284743090832421,0.011091717624734557,0.0030737206634543768,0,0,0,1,2,6.7213140805396314,-2.9160491078529867,-0.24638122872844354,6.7114796173079787,-2.9109198259527478,-0.24330750806498916
639089883564042913,nan,77.546933406335484,0.0067931880020993176,0.0048293644519604995,0,0,0,1,2,6.723293793883796,-2.9266659143305027,-0.24330750806427542,6.7273708058143074,-2.9320996402115473,-0.24813687251623592
639089883564342483,nan,79.286161767567094,0.011952694870285793,0.0051124558418804145,0,0,0,1,2,6.751459501069907,-2.9642051111803958,-0.24813687251507568,6.7420308575144512,-2.9568588471389718,-0.24302441667319527
639089883564530229,nan,74.452760318846657,0.005020139888410863,0.0076174663740956605,0,0,0,1,2,6.7510278560582231,-2.972053783229736,-0.24302441667199293,6.7501843512100743,-2.9770025511643197,-0.25064188304608859
639089883564842187,nan,96.469813829170619,0.0096500914808355879,0.0097807080128735624,0,0,0,1,2,6.7635644074962133,-3.0100587972021575,-0.25064188304505353,6.7599793736764715,-3.0010993441998921,-0.24086117503217996
639089883565042218,nan,80.440900142415103,0.0047412817807652883,0.011169283071605751,0,0,0,1,2,6.7661765668847105,-3.0163450960756739,-0.24086117503115273,6.7664417054816584,-3.0210789586052607,-0.25203045810275848
639089883565342309,nan,90.381974995560896,0.0078122303693017722,0.00638535293631326,0,0,0,1,2,6.776080046540681,-3.0508778522046494,-0.25203045810209956,6.7723804681071984,-3.0439971500051968,-0.2456451051657863
639089883565542838,nan,94.997792300095682,0.00071559800990627731,0.0076618095550167464,0,0,0,1,2,6.7763230301423336,-3.0592118331007585,-0.24564510516514407,6.7757752015636656,-3.0596722289740854,-0.25330691472016081
639089883565842380,nan,106.05689426087876,0.0031215043081277154,0.0049450817646537748,0,0,0,1,2,6.7808335867772058,-3.0830291695687144,-0.25330691471943168,6.7830397920526293,-3.0808209015984822,-0.2483618329547779
639089883566042542,nan,108.67961167320836,0.0048874725838629869,0.0060050076746482328,0,0,0,1,2,6.7878698346555542,-3.0948821194918157,-0.24836183295408465,6.7859889639375996,-3.0993931851752605,-0.25436684062873288
639089883566342420,nan,115.52625750761905,0.0059067354366485504,0.004007044738497445,0,0,0,1,2,6.7903457437366965,-3.1268298192767729,-0.25436684062806975,6.7891925156291872,-3.1210367554543548,-0.2503597958895723
639089883566542764,nan,121.7764536947267,0.0035082589382548915,0.0077976678758712725,0,0,0,1,2,6.7913171888675645,-3.1353912965955777,-0.25035979588878926,6.7922242584288455,-3.1387802648144967,-0.25815746376466053
639089883566842315,nan,136.1497080964522,0.0042606463783638748,0.0073752856486610785,0,0,0,1,2,6.7967292106232415,-3.1651458461683224,-0.25815746376383153,6.7942565792593754,-3.1616760908887831,-0.25078217811517045
639089883567042329,nan,133.33073077764698,0.0068347252981839808,0.0064364204113385171,0,0,0,1,2,6.7956060748084433,-3.176879308272242,-0.25078217811427822,6.7973631319131815,-3.1834843230513568,-0.25721859852561674
639089883567342188,nan,114.84392481788431,0.0045987813643296096,0.0078885272058579203,0,0,0,1,2,6.8019771470734653,-3.2158750548465607,-0.25721859852444745,6.800213284949999,-3.2116279875706271,-0.24933007131858953
639089883567542085,nan,119.21625868006288,0.0059548942895003218,0.0045634568324459945,0,0,0,1,2,6.8020941923930023,-3.2302008948439855,-0.24933007131738408,6.8080486596349656,-3.2302722100843542,-0.25389352814983007
639089883567842093,nan,124.5375313392604,0.010044364018064111,0.0071026930875408012,0,0,0,1,2,6.819703062336087,-3.2580037846370287,-0.25389352814847216,6.8096595842580809,-3.2581371886249451,-0.24679083506093136
639089883568142341,nan,113.17346059864148,0.0038164838428768155,0.0072493455619214997,0,0,0,1,2,6.8112632476909516,-3.2858765666827767,-0.24679083505958424,6.8078630432883722,-3.2841433157074071,-0.23954148949766274
639089883568342093,nan,103.29679289012182,0.012942596527364954,0.0069886110050627892,0,0,0,1,2,6.8066795494959216,-3.3012751765926995,-0.23954148949633669,6.8073252151332619,-3.3142016579683453,-0.24653010050139948
639089883568542191,nan,101.81987235186705,0.007017781078322064,0.0084594249317558878,0,0,0,1,2,6.8067905029676847,-3.3440858526340649,-0.24653010050006463,6.8090900672343109,-3.3507161810910051,-0.25498952543182052
639089883568843454,nan,97.233488844779657,0.022758764987791655,0.0069839178974502869,0,0,0,1,2,6.8117258854546305,-3.4052508615301056,-0.25498952543028819,6.8052544747973673,-3.3834315529279846,-0.2480056075328379
639089883569051475,nan,151.29459500085446,0.0089780176875422172,0.0090463844994315146,0,0,0,1,2,6.8026311037890963,-3.4058073812812015,-0.24800560753123169,6.7967200180591698,-3.4125648857829596,-0.2570519920306632
639089883569344354,nan,165.48790203922493,0.01125480440014438,0.010532628592261145,0,0,0,1,2,6.7848355925982355,-3.45313371557079,-0.25705199202892676,6.7886762910335152,-3.4425545068284147,-0.24651936343666561
639089883569642148,nan,136.29034940137208,0.0050787962437199357,0.0090020475712338233,0,0,0,1,2,6.7805131418846019,-3.4729893722499598,-0.24651936343447617,6.7850048501447606,-3.4753597579128521,-0.23751731586324235
639089883569842200,nan,135.80118487998058,0.01472469391572178,0.0088858744752076668,0,0,0,1,2,6.782545942802872,-3.497330715688884,-0.23751731586120503,6.77850889436926,-3.5114911835786242,-0.2464031903364127
639089883570042070,nan,141.15161990450986,0.0068469463285788139,0.0081727786743287234,0,0,0,1,2,6.7720797973686215,-3.5472507312733148,-0.24640319033431771,6.7713263863454394,-3.5540561001726902,-0.25457596900864643
639089883570342407,nan,146.40387100001729,0.023277018060169869,0.0077957435563101307,0,0,0,1,2,6.7606877857796217,-3.6171024823361111,-0.25457596900645246,6.7611696348527781,-3.5938304521014244,-0.24678022545014233
639089883570542858,nan,127.90655800044111,0.0075478011743900656,0.0073769432549542491,0,0,0,1,2,6.7544399513942661,-3.6201842324849678,-0.24678022544818606,6.7470309113032245,-3.6187435980769855,-0.25415716870314031
639089883570842115,nan,101.13234764708143,0.0056039912951918684,0.0053873278572320882,0,0,0,1,2,6.7261075743643346,-3.6556115759837238,-0.25415716870123489,6.731626907783995,-3.6546411755307115,-0.2487698408440028
639089883571042351,nan,123.64385161445749,0.019058412424014664,0.010467389082726541,0,0,0,1,2,6.7214435156433741,-3.6783726105211838,-0.24876984084211828,6.7147679234479991,-3.696223648389187,-0.25923722992484483
639089883571342478,nan,122.56444392896388,0.015822594711956999,0.010644360410512921,0,0,0,1,2,6.6897358153181461,-3.7579650283059824,-0.25923722992250187,6.6982805516811945,-3.7446480472702954,-0.24859286951198895
639089883571645883,nan,113.4435873619643,0.013298359751368286,0.0072743244613821534,0,0,0,1,2,6.681767458561227,-3.7931479913069897,-0.24859286950999354,6.680984478833496,-3.7798727016746398,-0.24131854504861139
639089883571842176,nan,108.35152479229728,0.015211160022489569,0.0088006979571740029,0,0,0,1,2,6.6700112209152813,-3.8022205040493433,-0.24131854504658592,6.659532966717018,-3.8132470891139207,-0.25011924300375993
639089883572042551,nan,87.23667137781635,0.0079549809924635336,0.0044436752563515314,0,0,0,1,2,6.6378527644136645,-3.8469772740773527,-0.25011924300182359,6.635011947426249,-3.8544077169601469,-0.25456291825817512
639089883572342312,nan,92.520840108105958,0.025485441818656786,0.0047379042703881991,0,0,0,1,2,6.5986987228058256,-3.9153625698875021,-0.25456291825612082,6.6180835124891653,-3.8988175502856754,-0.24982501398573262
639089883572542232,nan,83.92476748458283,0.013008470887432835,0.0071489967267850951,0,0,0,1,2,6.606973364609277,-3.9279637659518944,-0.24982501398362733,6.5939649452899314,-3.9279271375303644,-0.25697401071041243
639089883572842360,nan,75.306473415364948,0.0057449448052226872,0.0074775538445573109,0,0,0,1,2,6.5581474834779865,-3.9711565516529101,-0.25697401070870868,6.559927590347491,-3.9656943533456168,-0.24949645686415137
639089883573142546,nan,73.588817684808575,0.010258746439782989,0.0064121443131570366,0,0,0,1,2,6.5263871484075269,-4.0029102037378603,-0.24949645686244909,6.5366456755831743,-4.0029772761037252,-0.24308431254929205
639089883573342083,nan,75.141575128384432,0.019250060634227843,0.0062952914324911902,0,0,0,1,2,6.5214213856048984,-4.0273569730939851,-0.24308431254713353,6.5058136407048295,-4.0386247649608871,-0.24937960397962472
639089883573542103,nan,73.741858019860658,0.0078001499954654446,0.0067854465467658831,0,0,0,1,2,6.4751504805739417,-4.0740770036277194,-0.24937960397771736,6.4708234399223494,-4.0805669234385666,-0.25616505052448324
639089883573842164,nan,64.498453994356709,0.031314440139919873,0.010096226450870133,0,0,0,1,2,6.4188922234588786,-4.1428159892381595,-0.2561650505224411,6.4370044916800193,-4.1172711286755712,-0.24606882407157096
639089883574042149,nan,69.011933427709977,0.0058393298784208585,0.01146393535299442,0,0,0,1,2,6.4147143774801236,-4.1414629196350896,-0.24606882406964478,6.4091068224746826,-4.1430917536628442,-0.2575327594226392
639089883574342426,nan,58.737733693277463,0.0079981061443096871,0.0078008476009472916,0,0,0,1,2,6.3676596163624914,-4.1814531220594695,-0.25753275942095077,6.3621630959951965,-4.1756429614982151,-0.24973191182000348
639089883574642491,nan,58.80708664782766,0.012114001312794095,0.0077835458919435219,0,0,0,1,2,6.3156425469424589,-4.2079007342485948,-0.24973191181789689,6.3272036961589437,-4.2042828817639641,-0.24194836592595337
639089883574842240,nan,62.304266635764471,0.016367994098355494,0.0073524457573123925,0,0,0,1,2,6.3041238210235617,-4.2231906944471591,-0.24194836592413099,6.2909153689677382,-4.2328575463180016,-0.24930081168144338
639089883575042041,nan,49.727401921951852,0.013540094179145255,0.0087203919299806698,0,0,0,1,2,6.2552449733543183,-4.2609456305053133,-0.24930081167960985,6.242433300342527,-4.2653268614988882,-0.25802120360959052
639089883575342662,nan,50.831671281830054,0.02954966445979966,0.0066138152093182523,0,0,0,1,2,6.1702227915617227,-4.3136875407244624,-0.25802120360755204,6.1934331745296811,-4.2953992714742721,-0.25140738839823379
639089883575542083,nan,56.34399978445758,0.011628482651693814,0.0072168907251790593,0,0,0,1,2,6.1612466731720943,-4.3151528057446855,-0.25140738839614984,6.1717469605224977,-4.3101562494966581,-0.2586242791213289
639089883575842054,nan,56.660292951210103,0.0035660691349633923,0.0083294401075805213,0,0,0,1,2,6.139509747887967,-4.3320929433886013,-0.25862427911981917,6.1411460316543955,-4.3352614484795016,-0.25029483901223865
639089883576142478,nan,43.304024310494704,0.015696378404895715,0.0079591584990792996,0,0,0,1,2,6.1109174150211985,-4.360061200108726,-0.25029483901065747,6.0952304506611732,-4.3606047478959296,-0.24233568051157817
639089883576345098,nan,47.762276350336798,0.02505253457738273,0.0073615118056801765,0,0,0,1,2,6.0646198694001008,-4.3775003878819456,-0.24233568051010501,6.0403276105812775,-4.3836253899415585,-0.24969719231578519
639089883576642411,nan,50.515970067783122,0.015980670247612527,0.0063960258726399044,0,0,0,1,2,5.9603487573440646,-4.4171603500440684,-0.24969719231405713,5.9732595181020853,-4.4077425966913797,-0.24330116644141722
639089883576842104,nan,50.505781086182623,0.013114229919410532,0.0088601856434643578,0,0,0,1,2,5.9287938384739638,-4.4237321373093037,-0.24330116643981525,5.9409583134042396,-4.4188322826124935,-0.25216135208327961
639089883577044350,nan,56.920631447157547,0.0059163943557733823,0.0064989885874548459,0,0,0,1,2,5.9085926276513758,-4.429944106241928,-0.25216135208190366,5.9033323694511743,-4.4326521324309152,-0.2586603406693585
639089883577342417,nan,51.166144302217234,0.007318429519200002,0.0043755761556964479,0,0,0,1,2,5.8486564524098856,-4.4527343651354991,-0.2586603406679388,5.8534600257553731,-4.4472130343410239,-0.25428476451224236
639089883577642515,nan,44.682524451450782,0.0034239461306241142,0.0070268695754198696,0,0,0,1,2,5.8040015865079297,-4.4616530912772241,-0.2542847645105823,5.8006406954559342,-4.4623071695921315,-0.24725789493516243
639089883577844897,nan,47.799320268461059,0.013493871421492783,0.0070378548723339651,0,0,0,1,2,5.7655439235986989,-4.4723367443384818,-0.24725789493337683,5.7532357717230767,-4.4778679253467653,-0.25429574980571079
639089883578143933,nan,43.146133795335537,0.014714745350654469,0.008380723411861829,0,0,0,1,2,5.6839011188630391,-4.5006271561086857,-0.25429574980400454,5.6914203378924428,-4.4879786354077318,-0.24591502639214272
639089883578342385,nan,43.64648757824159,0.009937005407443706,0.0079432394388138094,0,0,0,1,2,5.6510366297205712,-4.4945839108091983,-0.24591502639041385,5.6411030061179073,-4.4943246839044146,-0.25385826582922766
639089883578542478,nan,47.274353433740956,0.0045806411028185947,0.0056063005586349801,0,0,0,1,2,5.5908694881503127,-4.500660161759436,-0.25385826582694565,5.5891440567635149,-4.496416913069778,-0.25946456638558063
639089883578842080,nan,50.757541485767554,0.020114502377720857,0.0076029882210602029,0,0,0,1,2,5.5123218554691666,-4.4995103099165688,-0.25946456638403304,5.5323146929021778,-4.5017193045477359,-0.25186157816297283
639089883579042562,nan,48.265683320870487,0.00289990336562037,0.0084492653148507402,0,0,0,1,2,5.4945179235205277,-4.5052458840173317,-0.25186157816116395,5.4920622251840259,-4.5037034880856597,-0.26031084347601469
639089883579342492,nan,51.478436516932717,0.010824094921073181,0.0080382225772900884,0,0,0,1,2,5.4322995744241265,-4.5066493961142253,-0.26031084347386357,5.4422816892180208,-4.502463895534615,-0.25227262089657349
639089883579642266,nan,45.545809781762152,0.0019249071855207912,0.0079344382342982633,0,0,0,1,2,5.3931099614001177,-4.5012394630060726,-0.25227262089508562,5.3933407392697967,-4.4993284399167992,-0.24433818266078736
639089883579842696,nan,39.970156888476588,0.019354287182379561,0.0070403218338849771,0,0,0,1,2,5.3610509010228968,-4.4972597560265868,-0.24433818265878288,5.341708605931422,-4.496578541719388,-0.25137850449266785
639089883580142478,nan,42.852944753459489,0.010291896226167045,0.0095475534788665994,0,0,0,1,2,5.2656366377452457,-4.4925269917511201,-0.25137850449067689,5.2758000437526507,-4.4941481969382684,-0.24183095101181029
639089883580342282,nan,41.80854083215398,0.012638146053781323,0.0075952174143525397,0,0,0,1,2,5.2323473984811102,-4.4925459026965111,-0.24183095100997304,5.2217533076825617,-4.48565475070074,-0.24942616842432558
639089883580642043,nan,41.663006858612547,0.019914203711874124,0.0086749152189500578,0,0,0,1,2,5.141463710201168,-4.4730372379843999,-0.24942616842252202,5.1613778461854176,-4.4729853007257567,-0.24075125320357196
639089883580841891,nan,42.025491385312463,0.0051076886711078255,0.0096726828850226543,0,0,0,1,2,5.1215466486314458,-4.4646269486346908,-0.24075125320197294,5.1215748706728847,-4.4595193379332629,-0.25042393608699559
639089883581142348,nan,44.459116392313113,0.0058381551699778827,0.0066311022828157429,0,0,0,1,2,5.0621394661446253,-4.4394114204816555,-0.25042393608523061,5.0645281356532221,-4.4447385504563641,-0.24379283380241487
639089883581342114,nan,35.984609896769371,0.0091743459529216621,0.0072932968809937548,0,0,0,1,2,5.0268976592524117,-4.4349885082472333,-0.2437928338008741,5.0190062149075469,-4.4303094346406535,-0.25108613068186786
639089883581642238,nan,39.172659042194446,0.0052802040295765705,0.0039445187682803362,0,0,0,1,2,4.9512695420515778,-4.4088388929411906,-0.25108613068072316,4.9521277720360413,-4.4140488829495999,-0.24714161191244283
639089883581842227,nan,42.579818490800754,0.0083049028488897201,0.0081596196027270695,0,0,0,1,2,4.9079431555452553,-4.4033060155987824,-0.24714161191148912,4.901413033844217,-4.3981748440075057,-0.25530123151421619
639089883582141979,nan,33.589457005138037,0.012697640333527912,0.0021006416203904199,0,0,0,1,2,4.8259751485378413,-4.3745623011499806,-0.25530123151376716,4.8384356668011268,-4.3770047496448239,-0.25320058989337674
639089883582342191,nan,35.876935016211675,0.010600786041057977,0.0048844061429756391,0,0,0,1,2,4.7967223700755381,-4.3629826577517949,-0.25320058989294569,4.7868273577194733,-4.3591793177510043,-0.25808499603592133
639089883582642369,nan,38.411729980925791,0.012897745019442261,0.0038350531374193864,0,0,0,1,2,4.7101057145497229,-4.3326797782497097,-0.25808499603569879,4.723000206628134,-4.332969434298052,-0.2542499428982794
639089883582842597,nan,35.761668892208277,0.014343521364481129,0.0034871462925626373,0,0,0,0,0,4.6807363338054628,-4.3156142623686735,-0.25424994289805569,4.6682533659964092,-4.3085494113574025,-0.25773708919061833
639089883583142661,nan,42.024005799966254,0.017138344128695623,0.0031763051673406872,0,0,0,1,2,4.5866519494375861,-4.2721508093310199,-0.25773708919051974,4.5968956927939697,-4.2858908443208641,-0.25456078402317905
639089883583342168,nan,32.578455796239183,0.010477561193686331,0.0022667056869375979,0,0,0,0,0,4.5496775446384374,-4.2708974241698447,-0.25456078402316323,4.5405456849092802,-4.2657604575109653,-0.25682748971010083
639089883583642042,nan,30.701321163998117,0.011628895823172386,0.0012997974889837338,0,0,0,0,0,4.4562532836539779,-4.235647974725218,-0.25682748971008951,4.4678648504447036,-4.2362825885689936,-0.25552769222110577
639089883583842172,nan,33.738746932641568,0.011230540468585839,0.0051477620987272488,0,0,0,1,2,4.419632480630602,-4.2167205198803934,-0.25552769222110255,4.4127376743253173,-4.2078556067263264,-0.2606754543198298
639089883584142386,nan,37.482108414828886,0.018391084037823375,0.0021865827546961314,0,0,0,0,0,4.3305178019615322,-4.1654579549088266,-0.26067545431982048,4.3439515629703003,-4.1780184500123481,-0.25848887156512435
639089883584342331,nan,29.158702369187843,0.01892448176917752,0.00091110783345593749,0,0,0,0,0,4.2981279392500857,-4.158141666527877,-0.25848887156511996,4.2796102952185446,-4.1542387356095718,-0.2593999793985759
639089883584642231,nan,32.25215872169813,0.014459796742224463,0.0048346086625827289,0,0,0,1,2,4.1833385919504646,-4.1186579382647555,-0.25939997939858961,4.1975427656414865,-4.1213648131384293,-0.26423458806117234
639089883584842252,nan,37.327226666610805,0.01299110285297574,0.007198568337685507,0,0,0,0,0,4.1428638750123277,-4.0994620018729426,-0.26423458806118882,4.1313726480911974,-4.0934022611867675,-0.27143315639887433
639089883585142392,nan,35.43000013342396,0.023451318449695883,0.0027456954542474654,0,0,0,0,0,4.0325864258186748,-4.051656606582112,-0.2714331563988765,4.0534525796618546,-4.0623602489912081,-0.27417885185312396
639089883585342272,nan,30.134560634144904,0.01502822351801981,0.0029071390589860413,0,0,0,1,2,4.0015684421097202,-4.0416905028896641,-0.27417885185313418,3.9882937124734044,-4.0346457136671052,-0.27127171279414813
639089883585642105,nan,37.506988044009809,0.015444068917620072,0.0079937576446940661,0,0,0,0,0,3.8907965458188634,-3.9931764741631044,-0.27127171279424189,3.9037646055236581,-4.0015638868884373,-0.27926547043893596
639089883585842130,nan,28.671759133090166,0.012071291152222219,0.00039868559074240917,0,0,0,1,2,3.8475166480796181,-3.9795503432469093,-0.27926547043902483,3.8363808070962508,-3.9748910390418937,-0.27966415602976724
639089883586142420,nan,34.313896070859847,0.023585113559857544,0.00072505890392615679,0,0,0,0,0,3.7355483265299991,-3.9349780410379211,-0.27966415602985151,3.7565240281389727,-3.9457612466671708,-0.27893909712592535
639089883586342271,nan,32.256471912845939,0.024706214817736934,0.00059208953096701045,0,0,0,1,2,3.7034531127526131,-3.9264022796949591,-0.27893909712601872,3.6792864680705799,-3.9212670742041809,-0.27953118665698573
639089883586642092,nan,32.869425731721613,0.02172221834272493,0.00052877475614859781,0,0,0,1,2,3.5638114889738315,-3.8846467556616044,-0.27953118665722443,3.584642239040337,-3.8908058644766683,-0.28005996141337303
639089883586842548,nan,28.32991628367073,0.015810252034953204,0.00016580381293063162,0,0,0,1,2,3.5214655184562771,-3.8704724605773926,-0.28005996141379119,3.5067804315167059,-3.8646147911614919,-0.27989415760086056
639089883587142375,nan,35.679182314807491,0.031766920431373864,0.013794601416192598,0,0,0,0,0,3.3906681572939537,-3.8255570658956484,-0.27989415760129471,3.4207389734262992,-3.8357983183008919,-0.29368875901748731
639089883587342181,nan,29.512145668569673,0.019177470385528441,0.0026070256094736233,0,0,0,1,2,3.3634511172358699,-3.816611823908632,-0.29368875901774166,3.3443758395365291,-3.8146346665853894,-0.29108173340826804
639089883587596601,nan,38.691472649926624,0.004444439708751525,0.0032736859754534109,0,0,0,1,2,3.2471180424934869,-3.7876801659200923,-0.29108173340860588,3.2437415152773643,-3.7905701673532253,-0.28780804743315247
639089883587842370,nan,33.132579798071426,0.01352550528981606,0.0059520081277530945,0,0,0,1,2,3.1465044066510424,-3.7673180379917777,-0.28780804743367661,3.1598914523924777,-3.7692484005643427,-0.2937600555614297
639089883588142089,nan,29.488126642901612,0.021166976718362977,0.0076726517478419853,0,0,0,0,0,3.0577996885256229,-3.7432880529469159,-0.29376005556178286,3.0784715144653543,-3.7478395928745853,-0.30143270730962485
639089883588342262,nan,26.255014461624718,0.025758518547821976,0.0012421455989406471,0,0,0,1,2,3.0239690634820571,-3.7335085515912301,-0.30143270730997274,2.9983754702597381,-3.7305983516412344,-0.30019056171103209
639089883588642309,nan,32.4855268632719,0.022902031116299914,0.001360968782912142,0,0,0,1,2,2.8786061876369864,-3.7048171646360033,-0.30019056171132352,2.9003998778219642,-3.7118554952174105,-0.29882959292841138
639089883588842458,nan,32.683101737532617,0.020242584415514169,0.0013767195079150696,0,0,0,1,2,2.8352173111333792,-3.6993859866553018,-0.29882959292880285,2.8154756899264641,-3.6949104290429031,-0.29745287342088778
639089883589142419,nan,32.579515814869737,0.028610981974038278,0.001185412603691538,0,0,0,1,2,2.6890973579473734,-3.6696939477143484,-0.29745287342107141,2.7163775758880599,-3.6783182157196568,-0.29863828602476294
639089883589342310,nan,27.205913646651307,0.019915773966279155,0.0032603061802522482,0,0,0,1,2,2.6504878299816408,-3.667286151885726,-0.29863828602505027,2.6307334056638583,-3.6647561770738108,-0.29537797984479802
639089883589642386,nan,30.639638919267636,0.039006067239756831,0.00024013808959588712,0,0,0,1,2,2.5020754112657992,-3.6443827565881461,-0.29537797984514036,2.5402536735014958,-3.6523761022065226,-0.29561811793473625
639089883589842048,nan,28.800963447490119,0.030367071549444485,0.0026204287201081478,0,0,0,1,2,2.4797525831256944,-3.6440979164680756,-0.29561811793541409,2.4494255681224835,-3.6456571455994422,-0.29299768921530595
639089883590142015,nan,32.273334215432477,0.032258789946019675,0.010802357645800009,0,0,0,0,0,2.3135527284706479,-3.6356060308052718,-0.29299768921563463,2.3457452148098921,-3.63767323957049,-0.30380004686143464
639089883590343043,nan,22.365994252618162,0.011219651098085995,0.0050971324943530627,0,0,0,1,2,2.2761280578369281,-3.6323123701143532,-0.30380004686178741,2.2659837215634662,-3.6371053871530989,-0.29870291436743435
639089883590642636,nan,27.289336998218971,0.02145146198504078,0.010176807190221349,0,0,0,1,2,2.1475505334325327,-3.6362622162263496,-0.29870291436801555,2.1685330702987939,-3.6318014575519046,-0.3088797215582369
639089883590841943,nan,56.50201956258762,0.018785937685292419,0.003439056725747125,0,0,0,1,2,2.1041172489204869,-3.6282955088757309,-0.30887972155861315,2.0856875696585098,-3.6319367143102457,-0.30544066483286603
639089883591142516,nan,46.692423961995566,0.036355756709699073,0.00047024955947128078,0,0,0,1,2,1.9616041135921956,-3.6321392977444886,-0.30544066483314414,1.9978798592948088,-3.6345499656299851,-0.30497041527367286
639089883591341968,nan,65.417638528437593,0.025820406070353352,0.0080789131486351251,0,0,0,1,2,1.9400634234456162,-3.6362706445619346,-0.30497041527383539,1.914243037664024,-3.6362382759398968,-0.29689150212520027
639089883591642300,nan,73.728110757172146,0.033173133067322898,0.0012186879128776029,0,0,0,0,0,1.7891262217883921,-3.6387639100573512,-0.29689150212526855,1.8222266444984825,-3.6365687394681614,-0.29567281421239094
639089883591844263,nan,72.22322147180229,0.0091263568990205823,0.0034276116101714105,0,0,0,1,2,1.7605924366979013,-3.6367900897848915,-0.29567281421241942,1.7515347136496098,-3.6379072484257069,-0.29224520260224801
639089883592142375,nan,96.404432557648164,0.023580882412924071,0.00060335297616148642,0,0,0,0,0,1.6478007664541618,-3.6398713879796185,-0.29224520260228448,1.6713410501826695,-3.641254521145119,-0.29284855557844597
639089883592341964,nan,122.17308787377722,0.022821768428725082,0.003523405567911031,0,0,0,1,2,1.6178601899591918,-3.6434868050525693,-0.29284855557847922,1.5950785877131408,-3.6448402130904789,-0.28932515001056819
639089883592642440,nan,96.55495698534898,0.028795806908645659,0.0050228815674973615,0,0,0,0,0,1.4809767854335647,-3.6502050269207218,-0.28932515001059106,1.5096852643727563,-3.6479641046735214,-0.29434803157808842
639089883592843982,nan,119.9922606207831,0.0030744709536402472,0.0040129036738983936,0,0,0,0,0,1.4527461370723873,-3.6500470738514559,-0.29434803157811973,1.4542550451393548,-3.652725798938175,-0.29033512790422134
639089883593142618,nan,142.98392865002162,0.0075906737384399316,0.0025055033574490349,0,0,0,1,2,1.3725892886910358,-3.6597412387014772,-0.29033512790426297,1.3799535580275173,-3.6579011667074508,-0.28782962454681393
639089883593342348,nan,114.61156259614071,0.020175209537371872,0.00064033697392557043,0,0,0,0,0,1.3305172555192195,-3.661344584283313,-0.28782962454680011,1.3103860253290418,-3.6626759936519666,-0.28846996152072568
639089883593642396,nan,145.20550698295855,0.028739337371047387,0.0038059805696691873,0,0,0,0,0,1.2065427178475381,-3.6698033676343011,-0.28846996152073123,1.2351814389915512,-3.6674006267489085,-0.28466398095106205
639089883593842279,nan,167.13309203504494,0.010258876028196137,0.00032519665751146176,0,0,0,1,2,1.1853665298589615,-3.6705301854616286,-0.2846639809510636,1.1753432171912357,-3.6727159897819885,-0.28498917760857506
639089883594105884,nan,152.67738257564386,0.018219893487910366,0.00071421848333902416,0,0,0,1,2,1.0968105946322266,-3.6796919557495933,-0.28498917760860448,1.1148613794889273,-3.6772153280488871,-0.28570339609194351
639089883594342381,nan,166.38209713217785,0.0062841817862147147,0.0028694791351845383,0,0,0,1,2,1.0607439823470339,-3.6812412056530688,-0.28570339609200324,1.05558814726967,-3.6848340186703599,-0.28857287522718778
639089883594642419,nan,164.26864041194415,0.014864799217355592,0.0018393701509432092,0,0,0,0,0,0.98058174138801502,-3.6944749742863299,-0.28857287522720121,0.99416872573950543,-3.6884453713139402,-0.29041224537814442
639089883594943675,nan,206.7335828041079,0.0056212979627560059,0.0030675572209806767,0,0,0,0,0,0.93273834232879282,-3.6920573684965818,-0.29041224537816274,0.92713185333771553,-3.6924651331088447,-0.29347980259914341
639089883595143008,nan,236.78934930530897,0.015300067517373599,0.0014067528587854983,0,0,0,0,0,0.88294319596821935,-3.6951148372238785,-0.29347980259916284,0.86820552513739713,-3.6992249618592785,-0.29207304974037734
639089883595342257,nan,250.30977181535312,0.012434396123008217,0.00014804190009315432,0,0,0,1,2,0.80943963533717522,-3.7059663856599596,-0.2920730497404021,0.79748618923693715,-3.7093911970814228,-0.29192500784030895
639089883595643860,nan,187.37662812814082,0.041029188687911063,0.0019391213978146582,0,0,0,0,0,0.69102874655978586,-3.7246949522655384,-0.29192500784031333,0.73069557502091376,-3.7142098655122653,-0.29386412923812799
639089883595842178,nan,223.92112870236917,0.0059776010932931301,0.00028269130162361655,0,0,0,0,0,0.68693812067880677,-3.7173667860815294,-0.2938641292381356,0.68127452304282887,-3.7192786900143369,-0.29358143793651198
639089883596142362,nan,279.8637223237202,0.021871168561990464,0.0005110695968943979,0,0,0,1,2,0.60669827434023826,-3.7269275340102901,-0.29358143793652203,0.62835178575067596,-3.723849635723302,-0.29307036833962763
639089883596443607,nan,234.10609673420498,0.0084071982601633052,0.002242778388513722,0,0,0,1,2,0.57512382130606443,-3.7284469439526915,-0.29307036833963546,0.57172631275279584,-3.720756825734084,-0.29082758995112173
639089883596642165,nan,208.99002493997156,0.029094140501912547,0.00068125560107412664,0,0,0,0,0,0.534451095906323,-3.7187209016718277,-0.29082758995112501,0.50560742883536081,-3.7225303480153951,-0.29014633435005088
639089883596842470,nan,227.27340414800994,0.003388505458111615,0.00046115854022188429,0,0,0,0,0,0.43910012149192135,-3.7243142890690719,-0.29014633435005349,0.44122678515722707,-3.7269523320737101,-0.28968517580983161
639089883597142018,nan,188.14557145745474,0.028935647670781828,0.00093026384160166398,0,0,0,1,2,0.34528171337643981,-3.7335423186542984,-0.28968517580986686,0.37420391750935317,-3.7344242564195129,-0.29061543965146852
639089883597342557,nan,165.30487718092803,0.0063479485819419703,0.00087904001052024894,0,0,0,1,2,0.32933273785117878,-3.7394266395087339,-0.29061543965151487,0.32714851392938005,-3.7334663025167156,-0.29149447966203512
639089883597642386,nan,143.07323994191458,0.0077569755159057696,0.0011408295721392903,0,0,0,0,0,0.25680386604329541,-3.7320342261799597,-0.29149447966204489,0.26136409055379933,-3.7383091780975573,-0.29263530923418418
639089883597842420,nan,183.91024986395848,0.015876715144368607,0.0012502771289136239,0,0,0,0,0,0.2174579021398178,-3.741541435778132,-0.29263530923418474,0.20197805253265022,-3.745069089377183,-0.29388558636309836
639089883598142397,nan,215.48310553087276,0.015840640870134173,0.00061447981107665139,0,0,0,0,0,0.11314659625234121,-3.7551807719090431,-0.29388558636311929,0.12888481244480524,-3.7533823130532924,-0.29327110655204264
639089883598342150,nan,193.32717839906303,0.030039530795601056,0.0029089385426437353,0,0,0,1,2,0.080131426866289102,-3.7589272553597866,-0.29327110655210342,0.05049132798625347,-3.7638096675506585,-0.29618004509474716
639089883598642530,nan,179.80189729958286,0.046715279273938891,0.00017848816613447172,0,0,0,0,0,-0.067194750440370002,-3.7794634488264234,-0.29618004509484208,-0.021726419074781306,-3.7687420608346041,-0.29635853326097655
639089883598842129,nan,142.35690548537934,0.029029643390139862,0.0044785943349253676,0,0,0,1,2,-0.070026399850769264,-3.7720408967923755,-0.29635853326108808,-0.097882654822252571,-3.7802109184767043,-0.29187993892616271
639089883599142022,nan,123.11936729133733,0.038340701317197919,0.0089318779508653079,0,0,0,1,2,-0.21240337783685595,-3.7974573311497268,-0.29187993892672709,-0.17416990983650463,-3.7945917941737495,-0.3008118168775924
639089883599342071,nan,140.91386109777724,0.0041238362056606175,0.00047484695369004459,0,0,0,0,0,-0.22515011392175732,-3.8042020492264847,-0.30081181687777003,-0.22249742533674727,-3.8073594640427664,-0.30128666383146008
639089883599642439,nan,126.56020475647668,0.018885982209945893,0.0020920717236235786,0,0,0,1,2,-0.29550894268432992,-3.8266484123878404,-0.30128666383168096,-0.31424692922763076,-3.8242887123354037,-0.30337873555530454
639089883599942150,nan,94.655154716341187,0.0071819526723201233,0.0059433053035417016,0,0,0,1,2,-0.40608294933645767,-3.8412339242515245,-0.30337873555574868,-0.39961789536180825,-3.8381060621554091,-0.30932204085929038
639089883600143378,nan,83.976472855948927,0.026030954062600194,0.0065601234849894663,0,0,0,1,2,-0.45686028405529627,-3.8473707822930203,-0.30932204085974058,-0.48124835603009519,-3.8564720192837392,-0.30276191737475111
639089883600342398,nan,88.220176900007786,0.02304936373324833,0.0073437172816870344,0,0,0,1,2,-0.56198550619650589,-3.8746369913600995,-0.30276191737530295,-0.5833514505899946,-3.8832839323615134,-0.29541820009361591
639089883600642891,nan,88.951620428040442,0.066252880292779551,0.0050687478326524871,0,0,0,1,2,-0.73625051338293823,-3.9234346878204729,-0.29541820009425268,-0.67237892181454928,-3.9058317352951071,-0.30048694792690517
639089883600842345,nan,94.456580389695446,0.0059667644931114157,0.0085138267654005229,0,0,0,1,2,-0.73077955324042054,-3.9206227420537578,-0.30048694792699088,-0.73468864078695351,-3.9251306587643677,-0.29197312116159035
639089883601141926,nan,104.43701051288542,0.011034982602357874,0.009025437863299457,0,0,0,1,2,-0.82718527952326915,-3.9537792481269132,-0.29197312116103619,-0.81652219323418063,-3.9509385735898017,-0.28294768329773673
639089883601442259,nan,187.69288184681713,0.02256163966871054,0.0042717086037866725,0,0,0,0,0,-0.89845181953749809,-3.9767767873063482,-0.28294768329781511,-0.87788034391784397,-3.9675116928453775,-0.28721939190160178
639089883601642404,nan,199.1650457700994,0.019207094728346918,0.012175713861231008,0,0,0,1,2,-0.91905991290647615,-3.9786344841964461,-0.2872193919017037,-0.9038892447406297,-3.9904142683755159,-0.29939510576293471
639089883601942199,nan,100.1501230571906,0.060810569532091421,0.0026783024570822822,0,0,0,1,2,-0.9426311467645252,-4.0245291024982315,-0.29939510576307621,-1.003168403559646,-4.0187701176450714,-0.30207340822015849
639089883602141995,nan,81.959302557837859,0.011454013115324105,0.00064401312925715937,0,0,0,0,0,-1.06892934013103,-4.0375525814312754,-0.30207340822043005,-1.078618089163808,-4.0436618005815319,-0.30271742134968721
639089883602342042,nan,104.13591417777982,0.0059783742864451817,0.0024562184524130615,0,0,0,1,2,-1.1538199504649682,-4.0684717235487513,-0.30271742135000035,-1.147976348267471,-4.0697339725203232,-0.30026120289758729
639089883602642218,nan,88.596668757818065,0.020515944740001756,0.001702406330251649,0,0,0,1,2,-1.2516755138558782,-4.1087150904155871,-0.30026120289798414,-1.2314182197685839,-4.1054676260453933,-0.30196360922823579
639089883602842241,nan,92.165202590247034,0.0070440659809173946,0.0029851185281300485,0,0,0,1,2,-1.2868038104827977,-4.1291862875909535,-0.30196360922865162,-1.2851076998666335,-4.1360231051489444,-0.29897849070052157
639089883603142347,nan,109.87257913058343,0.03157167538745919,0.0087264078477174434,0,0,0,1,2,-1.3650232845944978,-4.1815042492155463,-0.29897849070125604,-1.3396228769223344,-4.1627535165136225,-0.30770489854897348
639089883603442404,nan,75.361180964578836,0.031564438819534316,0.0027379150509672656,0,0,0,0,0,-1.3936829405987456,-4.1892607722636068,-0.30770489854904898,-1.4252263238101179,-4.18810804785047,-0.30496698349808171
639089883603641950,nan,91.600365270324474,0.023873389713864105,0.0053812919453880559,0,0,0,1,2,-1.4815422756143477,-4.2047880369945583,-0.30496698349811546,-1.5023981805181441,-4.2164056945499278,-0.29958569155272741
639089883603942246,nan,89.687505589676093,0.053570524296206339,0.0019080761969993421,0,0,0,0,0,-1.6175485454369825,-4.2586294336536161,-0.29958569155277442,-1.5650244159990712,-4.2480929778851912,-0.30149376774977377
639089883604141963,nan,75.254462894863352,0.0039138223457419411,0.0022386431186398603,0,0,0,0,0,-1.6062818817468885,-4.2689682068815786,-0.30149376774983411,-1.6045715607026574,-4.2724885488081092,-0.30373241086847397
639089883604342070,nan,102.57406315117993,0.016323935075264206,0.0024930631671402081,0,0,0,1,2,-1.6438078805122556,-4.2966923802058927,-0.30373241086848485,-1.6600016352724554,-4.2987498454201667,-0.30123934770134464
639089883604642395,nan,77.029422522962804,0.019005611507603964,0.00061706653877158235,0,0,0,0,0,-1.7423599489380632,-4.3377690262606672,-0.30123934770135991,-1.7284393475200812,-4.3248295469458089,-0.30062228116258832
639089883604942166,nan,78.137108722784731,0.022970585949495314,0.00062461608317027073,0,0,0,0,0,-1.7960478421717527,-4.3505932567953405,-0.30062228116259915,-1.773952995068848,-4.3443110955141879,-0.30124689724576942
639089883605142160,nan,101.93884287013026,0.015517981885431364,0.00075035038894349926,0,0,0,1,2,-1.8040348425907018,-4.3571872547562185,-0.3012468972457783,-1.8148235104532868,-4.3683412857561486,-0.3004965468568348
639089883605442001,nan,100.05121917867203,0.010928606375754945,0.0021787017180200929,0,0,0,0,0,-1.8755479050607504,-4.4040447443746524,-0.30049654685683669,-1.8689432208867061,-4.3953377021514104,-0.30267524857485678
639089883605642062,nan,115.79601710677704,0.0051150684675404469,0.0016688853384532742,0,0,0,0,0,-1.9047639360943367,-4.4132060709134899,-0.30267524857486267,-1.9096054779245553,-4.4115557987741534,-0.30100636323640939
639089883605842124,nan,120.1385981330495,0.0064371440069322175,0.0011150262660798438,0,0,0,0,0,-1.9499247356956362,-4.4276370905155344,-0.301006363236413,-1.9551300113301477,-4.4314241643905392,-0.29989133697033316
639089883606142156,nan,126.82176023282038,0.020458187121496611,0.00015075114167589776,0,0,0,1,2,-2.0228237690734767,-4.4609678901176935,-0.29989133697033649,-2.0043313454494092,-4.4522175936195056,-0.30004208811201238
639089883606442442,nan,85.71054796087067,0.023365695690703965,0.00041124895770416892,0,0,0,0,0,-2.0531724181029514,-4.4728587694304407,-0.30004208811201216,-2.0301927888237969,-4.4686288316882026,-0.30045333706971633
639089883606642019,nan,87.894518484694032,0.0079480167341712243,0.00040044137658129531,0,0,0,0,0,-2.0471774122602668,-4.4794069887573142,-0.30045333706972077,-2.0531218456578015,-4.484682847131924,-0.30085377844630207
639089883606942362,nan,104.84821486281464,0.0071199933737202403,0.00098184065657297426,0,0,0,0,0,-2.0872997218748122,-4.5086128393943081,-0.30085377844630601,-2.0868692903203327,-4.5015058685685112,-0.29987193778973303
639089883607142473,nan,115.43767939093154,0.00056629960330971472,0.00017658002197046274,0,0,0,0,0,-2.109118477922209,-4.5125970360247711,-0.29987193778973692,-2.1096844037994114,-4.5126176064458035,-0.29969535776776646
639089883607441955,nan,92.252312838697534,0.011386283305241336,5.8832778208062209e-05,0,0,0,0,0,-2.143516019263576,-4.5290947562679102,-0.29969535776776868,-2.1548758469023612,-4.5283190220838563,-0.29963652498956062
639089883607642024,nan,101.43865249480817,0.0039142181858135804,0.0011087737459577474,0,0,0,1,2,-2.184867903059283,-4.538739528870658,-0.29963652498955862,-2.1882646633365246,-4.5406845542239909,-0.29852775124360087
639089883607841858,nan,78.84915214720769,0.00095788032471754174,0.0017938253141706051,0,0,0,0,0,-2.2213382748437782,-4.552933350370739,-0.29852775124359054,-2.2208350557078704,-4.5537483995825889,-0.30032157655776115
639089883608142195,nan,74.060735308838446,0.02334025523558721,0.00194156045125643,0,0,0,0,0,-2.2694451169050862,-4.573245687644464,-0.30032157655775388,-2.2477158718038281,-4.5647246887715731,-0.29838001610649745
639089883608442076,nan,83.813114134197903,0.0082713136258109974,0.00052864619688380854,0,0,0,0,0,-2.2744476043848727,-4.5756401024362745,-0.29838001610649129,-2.2661835637341619,-4.5752933154412396,-0.29785136990960748
639089883608642304,nan,94.814796770064888,0.015537433529642871,0.0010377389413424587,0,0,0,0,0,-2.2783795872442396,-4.582272813465071,-0.29785136990960104,-2.2921943228456496,-4.5893837150219206,-0.2988891088509435
639089883608942469,nan,94.48589172272419,0.0055839850464309846,0.002619940745998306,0,0,0,1,2,-2.3308457251765113,-4.6103217315119878,-0.29888910885093073,-2.3303068693471616,-4.6047638071337742,-0.29626916810493242
639089883609142061,nan,71.472114889455696,0.0065209506562227786,0.00076467785926936926,0,0,0,0,0,-2.3554166391481308,-4.6148967058219013,-0.29626916810492038,-2.3618155298420604,-4.6161524905757636,-0.29703384596418975
639089883609342165,nan,80.860026890230529,0.0041065271584846122,0.00071312726832845064,0,0,0,0,0,-2.3931015595942853,-4.6274607049970795,-0.29703384596418059,-2.3970383056090281,-4.628629292229073,-0.29774697323250904
639089883609642039,nan,79.702597914598172,0.022899074071567931,0.0020941862513417231,0,0,0,1,2,-2.4492669276770291,-4.6471299965029038,-0.29774697323247951,-2.4268020889435915,-4.6426916844345838,-0.29565278698113778
639089883609942209,nan,69.971878039833626,0.0084310466618168368,0.0020585085189779861,0,0,0,0,0,-2.4563944174301575,-4.6566730699585523,-0.29565278698111308,-2.4500178085045654,-4.6511575095678221,-0.29359427846213509
639089883610142028,nan,66.669052531397469,0.016375244841216958,0.0033071432623890118,0,0,0,1,2,-2.4653972520684997,-4.6567657647639109,-0.29359427846211428,-2.4807662158255348,-4.6624176314152699,-0.29690142172450329
639089883610441923,nan,55.380166147450119,0.0073230195361908244,0.0045452912248672983,0,0,0,0,0,-2.5265439612298102,-4.6791815237942433,-0.29690142172444689,-2.5196734465645232,-4.6766472303302757,-0.29235613049957959
639089883610642185,nan,71.579325816485365,0.0020877849251566532,0.00027212447483826452,0,0,0,1,2,-2.5454478888902128,-4.686073755158346,-0.29235613049952075,-2.5474765022651495,-4.6855802233268102,-0.29262825497435901
639089883610942257,nan,51.21775080482449,0.0083365956340763665,0.0019813944975493047,0,0,0,0,0,-2.5888963161965277,-4.6988882176620672,-0.29262825497430972,-2.5821630643488689,-4.693972717044419,-0.29064686047676042
639089883611142147,nan,57.018500646633761,0.0087954422328860738,0.0048030453959067021,0,0,0,1,2,-2.6050966449929507,-4.6995215497887299,-0.29064686047672261,-2.6128376032970091,-4.7036973573282204,-0.29544990587262931
639089883611442231,nan,51.137476730072216,0.0073288655227841115,0.0038596065968550253,0,0,0,0,0,-2.6585635732050674,-4.7181936993836162,-0.29544990587256548,-2.652794388916508,-4.7136738783146255,-0.29159029927571045
639089883611642165,nan,56.328129424056961,0.0067799930304135222,0.0041926717489157994,0,0,0,1,2,-2.6793127844449769,-4.7202950648143336,-0.29159029927564162,-2.6859633946917514,-4.7216132790753527,-0.29578297102455742
639089883611941724,nan,49.935409604094268,0.0078574272293195808,0.0015221129802519551,0,0,0,0,0,-2.7353791460756129,-4.7334415339464035,-0.29578297102450291,-2.7281255239239033,-4.7304209167339319,-0.29426085804425095
639089883612142261,nan,57.036147332256952,0.010453238622863572,0.0023339928703200452,0,0,0,1,2,-2.7561665418211856,-4.7362786646635282,-0.29426085804419877,-2.7661219319877333,-4.7394662035791075,-0.29659485091451881
639089883612441964,nan,41.101937718232954,0.01804698475555554,0.0027569949026469698,0,0,0,0,0,-2.8225032142634467,-4.7528881267784246,-0.29659485091443555,-2.804575680627869,-4.7508151587341745,-0.29383785601178858
639089883612641999,nan,49.746002408415926,0.0084442376470187722,0.0019820769898636903,0,0,0,1,2,-2.8300845342738983,-4.7583436532587315,-0.2938378560116906,-2.8385282547574353,-4.7584371082491081,-0.29581993300155429
639089883612942144,nan,48.91283095445565,0.010537341828017402,0.0052853749932201821,0,0,0,0,0,-2.8891232671368776,-4.7697950874288884,-0.29581993300146248,-2.8794859437245344,-4.7655339173728608,-0.29053455800824229
639089883613142286,nan,45.6372696654511,0.015657381492118479,0.0036665448474209605,0,0,0,1,2,-2.9066194672463008,-4.7702353896029841,-0.29053455800813227,-2.9219215984294711,-4.7735517696238476,-0.29420110285555323
639089883613442598,nan,44.291720050244983,0.020029348431553858,0.0064607977386652027,0,0,0,0,0,-2.9852281447948696,-4.7855129974829991,-0.29420110285543938,-2.9662360309354332,-4.7791510473305072,-0.28774030511677418
639089883613642203,nan,41.087285111989289,0.007625896004721436,0.0048903408793793401,0,0,0,1,2,-2.9955447102396535,-4.7828542976117259,-0.28774030511667376,-3.0028188657089085,-4.7851436101906311,-0.2926306459960531
639089883613942084,nan,46.458538080009198,0.0021413324317902708,0.0017024667753738343,0,0,0,0,0,-3.0574285412681164,-4.7940891147034961,-0.29263064599592481,-3.055314982824346,-4.7944328810314047,-0.29092817922055098
639089883614142119,nan,49.00615201992229,0.011332192102915683,0.002456755620084905,0,0,0,1,2,-3.0901161295699691,-4.8005909989161752,-0.29092817922039937,-3.1012799028108176,-4.8025374687680609,-0.29338493484048428
639089883614441958,nan,36.186611303084327,0.017664072681720749,0.0043544617854657242,0,0,0,0,0,-3.1697104776015146,-4.8146032266857128,-0.29338493484031275,-3.1530944901548783,-4.8086091942468334,-0.28903047305484703
639089883614641866,nan,53.28729969248451,0.0052398923873987575,0.0042656050000651757,0,0,0,1,2,-3.1874620974244916,-4.81263645157724,-0.289030473054675,-3.1924617280903909,-4.8110679601248822,-0.29329607805474017
639089883614942817,nan,38.419317793073112,0.009745845399505404,0.0033992926875432983,0,0,0,1,2,-3.2510651816019309,-4.8147281653967386,-0.29329607805458568,-3.2415840400693008,-4.8124721827307377,-0.28989678536704239
639089883615142212,nan,43.140940283122319,0.0086679618907315025,0.0020479637930512218,0,0,0,0,0,-3.2738899379928168,-4.8133956871493844,-0.28989678536691421,-3.2813854159244316,-4.8177490047251936,-0.29194474915996543
639089883615441989,nan,49.709273176577454,0.0031804677859221695,0.0032010132833905081,0,0,0,1,2,-3.3407529323146941,-4.8256198837969277,-0.29194474915979174,-3.3391060239565107,-4.8228990258077937,-0.28874373587640123
639089883615642105,nan,40.261104948651315,0.010498287350733642,0.0019517167512701494,0,0,0,0,0,-3.3773445495104335,-4.8263107918907293,-0.28874373587622854,-3.3878424298929857,-4.8262183539537107,-0.29069545262749868
639089883615942072,nan,45.418066436151207,0.017248695783464586,0.0049896754862266413,0,0,0,1,2,-3.460322113091554,-4.8311547838735072,-0.2906954526272203,-3.4439686847360917,-4.8256699969812686,-0.28570577714099366
639089883616142275,nan,39.840770284595351,0.007909862731083659,0.0023875513603592857,0,0,0,0,0,-3.4811856015806497,-4.8253063854076554,-0.2857057771408143,-3.4888998941843585,-4.8235583527852626,-0.28809332850117358
639089883616442198,nan,45.638308123850898,0.015805134528747763,0.0031093134710666326,0,0,0,1,2,-3.5558217962358327,-4.8204132060645764,-0.28809332850095931,-3.5404993926156729,-4.824289573535899,-0.28498401502989268
639089883616641914,nan,37.184086937657426,0.012517827961489649,0.0047121700389756715,0,0,0,1,2,-3.574462988806844,-4.8247708744604472,-0.28498401502961501,-3.5869497827444032,-4.8238899692246893,-0.28969618506859068
639089883616942507,nan,43.777538212164806,0.013827020033501697,0.0058214900336386877,0,0,0,1,2,-3.6560875303535108,-4.8232951896774052,-0.28969618506816497,-3.642277749217798,-4.8239854273108111,-0.28387469503452628
639089883617142194,nan,38.092528241705864,0.011997089401599223,0.0035332654127981367,0,0,0,1,2,-3.6786355413064298,-4.8240481558994368,-0.2838746950339181,-3.6888632661958627,-4.8177772869248816,-0.28740796044671624
639089883617394029,nan,37.303363257391737,0.0040968072077143675,0.0034027946688237054,0,0,0,1,2,-3.7471257639667885,-4.8100130333787181,-0.2874079604461508,-3.7446950041003562,-4.8067152711421519,-0.2840051657773271
639089883617641876,nan,33.035906104846106,0.0095504791044791482,0.00079361205351585751,0,0,0,1,2,-3.7992291350467275,-4.7959103519354782,-0.28400516577693519,-3.7902684821987558,-4.7992146448497381,-0.28479877783045104
639089883617871204,nan,41.437942845755543,0.0038561056568210358,0.0017591250083744403,0,0,0,1,2,-3.8318752476261801,-4.7923668725986621,-0.28479877782995527,-3.8356629597193623,-4.7916438318420456,-0.28655790283832971
639089883618142767,nan,32.419845555951788,0.0033566376447075334,0.0032588256417704908,0,0,0,1,2,-3.8887422899838633,-4.7827913522904595,-0.28655790283758242,-3.8882438117636196,-4.77947193430807,-0.28329907719581193
639089883618442222,nan,33.349508132203667,0.005090725098619785,0.0067668827085678451,0,0,0,1,2,-3.9456380140788312,-4.7661857983390865,-0.28329907719477715,-3.9423779699490185,-4.7700957336712104,-0.2765321944862093
639089883618642122,nan,26.229364308590096,0.013774135995883063,0.0039737808452462442,0,0,0,1,2,-3.9781050099535591,-4.7639077018171561,-0.27653219448515132,-3.9900475290300426,-4.7570445348702641,-0.28050597533039756
639089883618941975,nan,30.46717231000693,0.016791427435722258,0.006281410880263405,0,0,0,1,2,-4.0609152309020828,-4.7376420381086284,-0.28050597532963406,-4.0441997556226319,-4.7392373191218642,-0.27422456444937066
639089883619142075,nan,31.117148975399395,0.01024059733644068,0.0063811940200674822,0,0,0,1,2,-4.0798907587769833,-4.7275008230729032,-0.27422456444858312,-4.0893634959763858,-4.7236101825397556,-0.2806057584686506
639089883619442191,nan,29.668761324389745,0.015882603987881841,0.0066945677890363209,0,0,0,1,2,-4.1564441031273605,-4.700399575939235,-0.28060575846763858,-4.1415317993583143,-4.705865864052349,-0.27391119067860226
639089883619641902,nan,36.800684202184499,0.012656796713214524,0.0049464924424391654,0,0,0,1,2,-4.1758691027762058,-4.6941865107219352,-0.27391119067743652,-4.1875385397410678,-4.6892856185620575,-0.27885768311987569
639089883619941839,nan,50.398569026775377,0.012080766171267961,0.0084686253800471678,0,0,0,1,2,-4.2561031984038804,-4.6645757855434669,-0.27885768311890652,-4.2440394798165126,-4.6652173501385388,-0.27038905773885935
639089883620141964,nan,46.695667225862387,0.0077103677077550274,0.0084709766806241871,0,0,0,1,2,-4.2813981175623548,-4.649303318973689,-0.27038905773805627,-4.2865954458770457,-4.6436079218340591,-0.27886003441868046
639089883620442839,nan,50.639997696825574,0.013814986898693708,0.0065395652007340099,0,0,0,1,2,-4.350058271273209,-4.6113822317052682,-0.27886003441777557,-4.3375234015467461,-4.6171900629658751,-0.27232046921704156
639089883620641892,nan,65.344875721624817,0.010115693604047822,0.0064246240546368405,0,0,0,1,2,-4.370854893594136,-4.5999000178188671,-0.27232046921610503,-4.3799005669790638,-4.5953719884346667,-0.27874509327074187
639089883620941772,nan,56.696572838499293,0.012891292985336172,0.0058240692870148436,0,0,0,1,2,-4.4431589502618536,-4.5628031248236258,-0.27874509326956015,-4.4307195940642119,-4.5661865923086138,-0.27292102398254531
639089883621142225,nan,56.529638442410423,0.0089352728257689803,0.0046472607675744348,0,0,0,1,2,-4.4643779938400181,-4.5468565541955259,-0.27292102398135082,-4.47117532542278,-4.5410569521553068,-0.27756828474892525
639089883621442037,nan,59.267010812516887,0.010472663823654063,0.0077852238198050649,0,0,0,1,2,-4.5311152200491964,-4.5038244530209175,-0.27756828474776463,-4.5209862116414214,-4.5064852567037352,-0.26978306092795956
639089883621642253,nan,62.664579411901201,0.015844843790162055,0.0049267130328756181,0,0,0,1,2,-4.5538791468240909,-4.4836556179646845,-0.26978306092677484,-4.5630410523318838,-4.4707281834859911,-0.27470977395965046
639089883621942821,nan,78.412057440725263,0.021561847950125879,0.0098149554046006449,0,0,0,1,2,-4.6257231395586187,-4.4174328209163329,-0.27470977395829327,-4.6109522377685224,-4.4331405816520864,-0.26489481855369262
639089883622141999,nan,65.356533539501754,0.010379052396674795,0.007487328456533382,0,0,0,1,2,-4.6424940483086097,-4.4083951906771714,-0.26489481855284219,-4.6459880169491043,-4.3986219152900681,-0.27238214700937557
639089883622442141,nan,81.770162640908509,0.017657175824499251,0.0082199129372957924,0,0,0,1,2,-4.6984234758198991,-4.3469603809205548,-0.27238214700823332,-4.6871191839711761,-4.3605246296611293,-0.26416223407093753
639089883622642730,nan,81.517129529642148,0.012324507422141284,0.0072808912874423037,0,0,0,1,2,-4.714437619287585,-4.3352212330269797,-0.2641622340697507,-4.7261861720279699,-4.3314976605884725,-0.271443125357193
639089883622941874,nan,72.136988806897065,0.011633909196553962,0.0048226088590305194,0,0,0,1,2,-4.7839623937704507,-4.2885696365694237,-0.27144312535590998,-4.7724108480085095,-4.2899515315377332,-0.26662051649687946
639089883623141948,nan,61.597687992739985,0.01588613782711085,0.0041579620458260247,0,0,0,1,2,-4.8031148688045944,-4.2623551626436003,-0.26662051649548724,-4.8040007479985496,-4.2464937442607544,-0.27077847854131326
639089883623442205,nan,89.046508578854116,0.020029672390143981,0.0043493436585096412,0,0,0,1,2,-4.8510665911054485,-4.1817459166830737,-0.27077847854036646,-4.8401983455558568,-4.1985705716492321,-0.26642913488185682
639089883623642152,nan,67.721095237180947,0.014205411257337285,0.0076575562086415028,0,0,0,1,2,-4.8640676087210322,-4.1669692805148255,-0.26642913488076253,-4.8777468222764746,-4.1631387680824368,-0.27408669108940403
639089883623942273,nan,70.935546103726466,0.022174067011363166,0.0081576795380827738,0,0,0,1,2,-4.9336632108626324,-4.1103744838934739,-0.27408669108839057,-4.9134396455336509,-4.1194682539152438,-0.26592901155030779
639089883624141330,nan,54.742696719288972,0.013872190688843281,0.0073552737230512255,0,0,0,1,2,-4.9369695479063953,-4.0906791909846447,-0.26592901154932697,-4.9420785195038892,-4.0777820562748097,-0.27328428527237819
639089883624442232,nan,59.510140178051763,0.014679352635083933,0.0055545096789706427,0,0,0,1,2,-4.9851258828516922,-4.0151231368535738,-0.2732842852716133,-4.9746302793806043,-4.0253859679231585,-0.26772977559264266
639089883624642526,nan,51.347151331878628,0.013794762742129537,0.008074618957315649,0,0,0,1,2,-4.9962011473609795,-3.9906649848241766,-0.26772977559198785,-5.0059371410380162,-3.9808922724968672,-0.2758043945493035
639089883624941831,nan,70.623330181314316,0.019356502274719627,0.0081066275033053747,0,0,0,1,2,-5.0523559102894948,-3.9149213488144028,-0.27580439454834083,-5.0376505969808099,-3.9275081649648294,-0.26769776704503545
639089883625141856,nan,76.027338058830651,0.01419291388098509,0.0062439764572334577,0,0,0,1,2,-5.0587396585412447,-3.8920083843000284,-0.26769776704419129,-5.0639325999689468,-3.8787995931455921,-0.27394174350142475
639089883625442441,nan,69.939741412192447,0.014663333794398116,0.0068345320033741941,0,0,0,1,2,-5.1031846774083824,-3.8060535153875157,-0.27394174350077011,-5.096287014080378,-3.818993206209921,-0.26710721149739591
639089883625642200,nan,57.760896314254531,0.0052950282675826551,0.0069790888292909914,0,0,0,1,2,-5.1175977754767139,-3.7796007561543115,-0.2671072114967874,-5.1181503520443972,-3.7743346396068596,-0.27408630032607839
639089883625942021,nan,51.143736635024815,0.01922555819559315,0.0036726186924394,0,0,0,1,2,-5.1507016572456825,-3.7078445805984623,-0.27408630032528619,-5.1416807202861872,-3.7248223538418812,-0.27041368163284679
639089883626142475,nan,54.524305166829244,0.023335630514036122,0.0047486197092411753,0,0,0,1,2,-5.1572974051363829,-3.6919619346993007,-0.27041368163183799,-5.1673218229663211,-3.6708891394727905,-0.27516230134107916
639089883626442413,nan,54.292033153565811,0.014641273574281763,0.0089918749477900795,0,0,0,1,2,-5.2053927616841058,-3.5908111442042947,-0.27516230134021524,-5.1943065131396366,-3.6003747201613945,-0.26617042639242516
639089883626642047,nan,60.207855911328586,0.004154528648106815,0.0057765322454456647,0,0,0,1,2,-5.2122121069263958,-3.5535851316877185,-0.26617042639159472,-5.2087495514611248,-3.5512893054883161,-0.27194695863704038
639089883626942219,nan,57.543035142413942,0.010197983184806131,0.0005114581672215901,0,0,0,1,2,-5.2303416368313398,-3.4779074837094006,-0.27194695863641577,-5.2285593905101422,-3.4879485224548774,-0.27143550046919418
639089883627141861,nan,65.945568706146446,0.0061900476847964285,0.0071290476891341936,0,0,0,1,2,-5.2416394047524824,-3.4461259542781089,-0.27143550046848597,-5.2452457255632181,-3.4410949364337649,-0.27856454815762016
639089883627442185,nan,76.468323493248974,0.0071474374971568083,0.0056575971224616661,0,0,0,1,2,-5.2701553730821669,-3.3711510986124389,-0.27856454815654691,-5.2661290750167487,-3.3770565864554687,-0.27290695103408524
639089883627642626,nan,75.277126592351735,0.01731977052504792,0.007287542132183189,0,0,0,1,2,-5.2799909849302811,-3.3345493325120477,-0.27290695103302587,-5.2793588458650138,-3.3172411017751271,-0.28019449316520906
639089883627941965,nan,72.808469141304428,0.020482310785260947,0.0049927161841762935,0,0,0,1,2,-5.2989742712210557,-3.2285542916754224,-0.28019449316435718,-5.2911647200154626,-3.2474893376239073,-0.27520177698018089
639089883628141959,nan,77.342732809565405,0.0021720344182995974,0.0092118817576141709,0,0,0,1,2,-5.2989724736786012,-3.2013593700228764,-0.27520177697935971,-5.2986481422831861,-3.2035070531140764,-0.28441365873697388
639089883628442353,nan,76.665123642839447,0.0065373365621228295,0.0044761785500428974,0,0,0,1,2,-5.3097891273666971,-3.1380281908860028,-0.2844136587357739,-5.3067434146565438,-3.1438126877019479,-0.279937480185731
639089883628642305,nan,77.35153780849727,0.019110785491857595,0.0070523205051660209,0,0,0,1,2,-5.3121048998805476,-3.1042772102834584,-0.27993748018463649,-5.3118452054593304,-3.0851681893529297,-0.28698980068980251
639089883628942478,nan,72.635006262652297,0.021616888386706959,0.0063119498091599446,0,0,0,1,2,-5.3194479784762452,-2.9977751881748156,-0.28698980068891761,-5.3154386855663454,-3.0190170203435804,-0.28067785087975766
639089883629142109,nan,71.852128999403334,0.010978025649311126,0.0091504667315540633,0,0,0,1,2,-5.3178005899174954,-2.9755375160012965,-0.28067785087887542,-5.3199490678303727,-2.9647717791563419,-0.28982831761042949
639089883629442134,nan,73.224920218322126,0.015419480271202261,0.0078045602001631242,0,0,0,1,2,-5.326667670994186,-2.8839688166293986,-0.28982831760935829,-5.3214622995767904,-2.8984831020145272,-0.28202375740919516
639089883629642554,nan,77.042288288431777,0.013801273837552306,0.008408133142198404,0,0,0,1,2,-5.3224640055727761,-2.8546023378711092,-0.28202375740815722,-5.3212839985939757,-2.8408516017792089,-0.29043189055035562
639089883629942029,nan,88.726702912029253,0.017107606230694489,0.0074204615639946181,0,0,0,1,2,-5.3210197989673036,-2.7554554328610088,-0.29043189054911805,-5.3149248508613587,-2.7714404820798988,-0.28301142898512344
639089883630141832,nan,94.63386907894234,0.0082144379537656114,0.0068561833547467477,0,0,0,1,2,-5.3107280920845135,-2.7256321854248893,-0.28301142898386999,-5.3092308658644605,-2.7175553478914081,-0.28986761233861674
639089883630441845,nan,87.935434225220035,0.0092492263346126789,0.0098170698728203276,0,0,0,1,2,-5.3007824424458079,-2.6376035338554993,-0.28986761233732977,-5.3050665796075203,-2.6458007502469658,-0.28005054246450944
639089883630642128,nan,98.587718937210923,0.011820391253102075,0.0082831447611638742,0,0,0,1,2,-5.3023095608356501,-2.5982947046805767,-0.28005054246337435,-5.296619967950682,-2.587933711379752,-0.28833368722453823
639089883630942417,nan,101.39411913678728,0.02418505787876556,0.0075447412943039915,0,0,0,1,2,-5.2840426041972046,-2.501767231051474,-0.2883336872233726,-5.2830856295486148,-2.5259333483258977,-0.28078894592906861
639089883631142045,nan,120.35589980455759,0.012308757257330504,0.010289018246710357,0,0,0,1,2,-5.2741829732367318,-2.4851505699526197,-0.28078894592789788,-5.2676116706546416,-2.4747427129400306,-0.29107796417460824
639089883631442076,nan,108.84835436208469,0.017504800778107957,0.008170170045334546,0,0,0,1,2,-5.2445764826668979,-2.3985381735971751,-0.29107796417322329,-5.2511092604834246,-2.414778274098131,-0.28290779412788875
639089883631642260,nan,114.28383061651071,0.011385583458175282,0.0071780768148129726,0,0,0,1,2,-5.2402043874154725,-2.3751534806662944,-0.28290779412644351,-5.2357886475376043,-2.3646590653889157,-0.29008587094125649
639089883631942151,nan,98.139897028572804,0.011900587422125375,0.0067423493881112462,0,0,0,1,2,-5.2130510010227233,-2.2902760850691499,-0.29008587093993154,-5.2132912722307401,-2.3021742467228781,-0.2833435215518203
639089883632141927,nan,108.50675174903877,0.0061981099173863225,0.0082854144287293208,0,0,0,1,2,-5.1984251856277242,-2.2608847757071358,-0.28334352155064929,-5.1968979041725847,-2.2548777816248355,-0.29162893597937861
639089883632442287,nan,99.661730791792394,0.01760148649786809,0.0074861169390333382,0,0,0,1,2,-5.1724893579749631,-2.1844567461649835,-0.29162893597813067,-5.1634956174610194,-2.1995870124713801,-0.28414281903909733
639089883632642184,nan,100.52197560601432,0.010929236725437691,0.0077195954650349785,0,0,0,1,2,-5.1414311353435966,-2.1630636990294132,-0.28414281903749294,-5.1403454564860853,-2.1521885200966779,-0.29186241450252792
639089883632942097,nan,81.950728901692415,0.015006410483950799,0.011756015477208004,0,0,0,1,2,-5.1059272555164403,-2.0817194275501061,-0.29186241450103956,-5.1098335370071624,-2.0962085034532847,-0.28010639902383155
639089883633142411,nan,91.500468319163289,0.014991024987803192,0.0076068243501602462,0,0,0,1,2,-5.0896786385190058,-2.0592304446460608,-0.28010639902249168,-5.0804035603530489,-2.047453188802685,-0.28771322337265193
639089883633443746,nan,101.78683731389053,0.02134348646353482,0.0075621903946183067,0,0,0,1,2,-5.0365808541258943,-1.9748540883665284,-0.28771322337131866,-5.0433933504876647,-1.995081157055292,-0.28015103297670035
639089883633642247,nan,100.02212573806469,0.014791140976248202,0.0076824949319230784,0,0,0,1,2,-5.0191997241439621,-1.9608454860994766,-0.28015103297520327,-5.0100654210225883,-1.9492118126527054,-0.28783352790712635
639089883633942231,nan,79.349844110232112,0.018770775422840832,0.0064849213166488506,0,0,0,1,2,-4.9601663147010138,-1.8805355003230109,-0.28783352790576472,-4.9702673992925792,-1.8963566918093928,-0.28134860658911587
639089883634141778,nan,96.146517015492279,0.005216244179852828,0.007424679191576522,0,0,0,1,2,-4.944104846300684,-1.8616106205263199,-0.28134860658777905,-4.9422269612115581,-1.8567441278533687,-0.28877328577935557
639089883634442345,nan,100.49769509562179,0.014370178475943863,0.013438360523341131,0,0,0,1,2,-4.900553881218614,-1.7978728098769805,-0.28877328577720757,-4.904924732174095,-1.8115621375213702,-0.27533492525386644
639089883634642166,nan,101.64380458300612,0.019623185251416059,0.0052934973726251333,0,0,0,1,2,-4.8804666289769552,-1.781937479405568,-0.27533492525221637,-4.8666221299046315,-1.7680306737030416,-0.2806284226248415
639089883634942108,nan,123.35493086132169,0.024006818720740713,0.0091944332794633987,0,0,0,1,2,-4.8095094478609823,-1.7031212810079936,-0.28062842262341314,-4.8197439996853229,-1.7248372036005384,-0.27143398934394974
639089883635142270,nan,119.14756262730552,0.0014078772300451993,0.0071931739706196929,0,0,0,1,2,-4.7886869594401977,-1.6962212726104515,-0.27143398934255181,-4.7878074195725233,-1.6973206032777446,-0.2786271633131715
639089883635442054,nan,115.12385828837918,0.013097793007344262,0.010830120244510577,0,0,0,1,2,-4.7403293323917488,-1.6564134195896409,-0.27862716331150622,-4.7356781155786818,-1.6441693041123564,-0.26779704306699564
639089883635742612,nan,105.76145727413635,0.019474154548548513,0.0083760925850475121,0,0,0,1,2,-4.6837809285185728,-1.5912546725339294,-0.26779704306562807,-4.6934615635254389,-1.6081522463610973,-0.25942095048058056
639089883635942674,nan,119.29215220513169,0.012814307822995327,0.0052790485825814915,0,0,0,1,2,-4.6654693959098399,-1.5842707243381138,-0.25942095047956504,-4.6546811258077962,-1.577355544428102,-0.26469999906214653
639089883636141786,nan,111.23932121835934,0.026071339164132228,0.0094377613276921402,0,0,0,1,2,-4.6163031449436289,-1.5468784454827675,-0.2646999990611868,-4.5934089394964133,-1.5344056718236372,-0.27413776038887894
639089883636442095,nan,158.64523376574382,0.028584568703591069,0.0007608954407080093,0,0,0,1,2,-4.5017089778398134,-1.4701268871403235,-0.27413776038813537,-4.5238409924861624,-1.4882169809948094,-0.27337686494742736
639089883636642428,nan,154.11246970016299,0.012980662340495852,0.01154097719026026,0,0,0,1,2,-4.4777839424933106,-1.4576380299975309,-0.2733768649464241,-4.4648339770536589,-1.4567458473313717,-0.28491784213668436
639089883636942231,nan,149.47306954455209,0.03889958259349173,0.0038734164399451543,0,0,0,1,2,-4.377191115990489,-1.4100019106155726,-0.28491784213547849,-4.4132087845386367,-1.4246956194157243,-0.28104442569553334
639089883637242250,nan,161.48140746380565,0.025358049318025863,0.0071174449076455981,0,0,0,1,2,-4.3617660929143574,-1.3927586926784001,-0.28104442569461147,-4.3851482116576816,-1.40257231526583,-0.27392698078696587
639089883637441780,nan,170.34564743856188,0.04422789197141825,0.011917120578260998,0,0,0,1,2,-4.3665778690558321,-1.3879312265292811,-0.27392698078621741,-4.3253695732351662,-1.3718693840511613,-0.28584410136447841
639089883637641971,nan,147.74159040775623,0.045233633485506179,0.0071519923669344232,0,0,0,1,2,-4.2660123250800179,-1.3413828832660728,-0.28584410136371152,-4.2224577355966186,-1.3291730784669096,-0.29299609373064595
639089883637941825,nan,147.80698613302405,0.074452533484486688,0.0032301546508488599,0,0,1,1,2,-4.0695764163924961,-1.2657453166793018,-0.29299609373019242,-4.1388195689656175,-1.2931052429217835,-0.28976593907934356
639089883638141810,nan,148.5700083253316,0.045893080877092998,0.0082703418775797455,0,0,0,1,2,-4.0834096248768752,-1.2692104490560292,-0.28976593907896558,-4.1272094104719121,-1.2829127720058138,-0.29803628095654533
639089883638441827,nan,162.09279962846207,0.040508065079772129,0.0030292941692745545,0,0,0,1,2,-4.1097050273376352,-1.2675458055604512,-0.29803628095619322,-4.0705843901212937,-1.2570349026356569,-0.29500698678691867
639089883638742157,nan,130.56744474292546,0.014410524914993346,0.0011211510520206525,0,0,0,0,0,-4.0142127817546918,-1.231272843594196,-0.29500698678682108,-3.9998060833786511,-1.2309407739818699,-0.29612813783884173
639089883638942088,nan,128.52561642542466,0.033385161843998909,0.0041804175478235561,0,0,0,1,2,-3.9529837860277945,-1.213678605569426,-0.29612813783880143,-3.9222169363740065,-1.2007182817412494,-0.30030855538662499
639089883639242119,nan,129.54109942652249,0.01244716380900655,0.0012200056906441215,0,0,0,0,0,-3.8065657465394205,-1.1556698784228694,-0.30030855538661672,-3.8165622638082408,-1.1630861800201899,-0.30152856107726084
639089883639442290,nan,138.33104527008291,0.044038463088156912,5.4312809668721762e-05,0,0,0,0,0,-3.7464456565742155,-1.1381120332864147,-0.30152856107719905,-3.7891757628050984,-1.1487668093358876,-0.30158287388686777
639089883639743629,nan,134.13504336898902,0.0096071306157950748,0.0008165993191502352,0,0,0,1,2,-3.7479702086447491,-1.1272219758353819,-0.30158287388685806,-3.7568582329198645,-1.1308688900315078,-0.3023994732060083
639089883639941890,nan,121.79844719046983,0.05738000734532183,0.0015407391474694943,0,0,0,0,0,-3.7355884442256224,-1.1190893708967644,-0.30239947320599048,-3.6800289898299758,-1.1047501843714675,-0.30394021235345997
639089883640142240,nan,137.98557342544933,0.019127827966165648,0.00091454354883641065,0,0,0,0,0,-3.6029036332137712,-1.0785308125884152,-0.3039402123534341,-3.5844535818348744,-1.0734840902046003,-0.30485475590227051
639089883640442133,nan,151.96148518948718,0.059561338991303732,0.0031088983491160405,0,0,0,1,2,-3.4424484486946061,-1.0270291918360817,-0.30485475590222472,-3.4995414989873974,-1.043997889803274,-0.30174585755310868
639089883640744216,nan,141.99893323771383,0.035478014541687003,0.00010583905392608228,0,0,0,0,0,-3.4142343170479847,-1.0143744890105248,-0.30174585755308836,-3.4484025050539286,-1.0239256378529744,-0.30164001849916228
639089883640941662,nan,184.32652680193169,0.048822435345177176,0.0022868572125612219,0,0,0,0,0,-3.4148841360291273,-1.0107695490002249,-0.30164001849913413,-3.3698822469496257,-0.99183650454587902,-0.30392687571169535
639089883641241983,nan,152.83823434948027,0.055193160773636986,0.0031905460461715274,0,0,0,1,2,-3.2509693434431202,-0.94323997538667448,-0.30392687571168076,-3.3025998509054979,-0.96274832476231098,-0.30073632966550923
639089883641442096,nan,241.86774528495803,0.033250341695870343,0.0067584277446501861,0,0,0,0,0,-3.2577924458160332,-0.94337675163904278,-0.30073632966549357,-3.2248661702012753,-0.93874581252984124,-0.30749475741014376
639089883641742064,nan,197.30384700960965,0.020033610399221278,0.0059941427731787233,0,0,0,1,2,-3.1091202248848702,-0.90300591904805905,-0.30749475741010812,-3.0892434968065716,-0.90050367474960114,-0.3015006146369294
639089883641943307,nan,137.62425335662701,0.070079419017422984,0.00044388251687960123,0,0,1,0,0,-2.9988079667740446,-0.87500315987870048,-0.30150061463691469,-3.0686956957674218,-0.88018295774809674,-0.30105673212003509
639089883642142076,nan,143.26197264683074,0.013352506282595881,0.0038053447917997252,0,0,0,0,0,-3.0483477261555549,-0.86005986373671606,-0.30105673212004058,-3.0357714867323997,-0.8555734814527105,-0.30486207691184031
639089883642442039,nan,139.60770371368085,0.085606825841822859,0.0023580978598104485,0,1,1,1,2,-2.9861505736256229,-0.81848391360439299,-0.3048620769118473,-2.9005682783296183,-0.81643467897174082,-0.30722017477165775
639089883642741971,nan,134.68607321898673,0.024056155408556823,0.0043233244312569918,0,0,0,0,0,-2.765973581851795,-0.77747202932264248,-0.30722017477165775,-2.7889786217264647,-0.78450528983292456,-0.31154349920291474
639089883642942344,nan,129.25796957446494,0.024351804770267618,0.001525665424691125,0,0,0,1,2,-2.7147244653363405,-0.76325878790142032,-0.31154349920293756,-2.693547276512759,-0.75123643084884506,-0.31306916462762868
639089883643243537,nan,127.17129425171127,0.018489855050339548,0.0062102253205639779,0,0,0,1,2,-2.5507091639636217,-0.70144083157999138,-0.31306916462765111,-2.5636534426628792,-0.7146438762568269,-0.31927938994821509
639089883643441841,nan,124.23847573679384,0.015587738608496238,0.0039451284025842637,0,0,0,0,0,-2.4786206868740841,-0.69068919214220359,-0.31927938994821686,-2.4939652490126787,-0.68794656425974965,-0.32322451835080113
639089883643642709,nan,127.01141271937769,0.020586259291783274,0.0023182859812700962,0,0,0,0,0,-2.4235794316139971,-0.66098199495703391,-0.32322451835079113,-2.4043347549398524,-0.65367196818990358,-0.32090623236952104
639089883643942158,nan,112.93540770143458,0.030302078522358604,0.0047439431753765193,0,0,0,1,2,-2.2712949766165109,-0.6027977126095494,-0.32090623236947818,-2.2955253433388516,-0.62099401144409461,-0.31616228919410166
639089883644241676,nan,120.03221458052381,0.012600062480535872,0.002226010055694061,0,0,0,0,0,-2.1870801970203533,-0.58842545189996576,-0.31616228919404266,-2.1996472051214231,-0.58751337629945144,-0.3139362791383486
639089883644442118,nan,104.13122498536946,0.032252869783649746,0.00010867613430676215,0,0,0,1,2,-2.1356300535221848,-0.56515859411925473,-0.31393627913834599,-2.1049641546932434,-0.55516608400946776,-0.31382760300403922
639089883644742095,nan,118.93690209298481,0.0061458530773179981,0.00067480243410034113,0,0,0,0,0,-1.964009412985368,-0.50701064109688088,-0.31382760300405671,-1.9675214304313395,-0.51205417591951974,-0.31450240543815705
639089883644942256,nan,127.99730235528749,0.024739718537440135,0.0034505023870657903,0,0,0,1,2,-1.8763221635011236,-0.48344753679125335,-0.31450240543817959,-1.851841213880699,-0.47987867436829656,-0.31795290782524538
639089883645241565,nan,138.40510446530644,0.058655396950084954,0.0014292366064948547,0,0,0,0,0,-1.6800832176555993,-0.4321055992586349,-0.3179529078252456,-1.7371830400747093,-0.44552446176922594,-0.31938214443174046
639089883645442010,nan,196.40571590634471,0.017565351163023081,0.0032230257336268719,0,0,0,1,2,-1.6606640502609169,-0.42259762143443058,-0.31938214443172763,-1.6467478905457806,-0.41187931651886045,-0.3226051701653545
639089883645742392,nan,139.16117118176592,0.026830969766585135,0.0019942556241407394,0,0,0,0,0,-1.5119597169424659,-0.36173324275730445,-0.32260517016535462,-1.5352336201837453,-0.37508338757041298,-0.32459942578949535
639089883645941554,nan,183.07133501697521,0.029658833010188328,0.0016193939930627121,0,0,0,1,2,-1.4617084878937348,-0.35082258637532682,-0.3245994257894908,-1.432856487730618,-0.3439517449338621,-0.32621881978255352
639089883646242130,nan,155.4468311793089,0.00036673831686247584,0.0020658723806789014,0,0,0,0,0,-1.2793690251332073,-0.29727807162150122,-0.32621881978253697,-1.2795913199912046,-0.29756975979260708,-0.32415294740185807
639089883646441979,nan,167.11620842492079,0.011459837730454234,0.0022700962815160319,0,0,0,1,2,-1.1783419046061223,-0.2669290803139131,-0.32415294740185002,-1.1670246329637859,-0.26512706938666813,-0.32188285112033399
639089883646742456,nan,127.12207862563372,0.085876203807287402,0.0060738001094184368,0,1,1,0,0,-0.99903339130346236,-0.21671054414267982,-0.32188285112030285,-1.0828746053065803,-0.23529476365370963,-0.31580905101088441
639089883646942079,nan,128.89692233549431,0.050687416722206016,0.0037436831101788082,0,0,0,1,2,-1.0274242096848794,-0.21563685977352667,-0.31580905101085438,-0.97884094249331288,-0.20118416580446224,-0.31206536790067557
639089883647242165,nan,118.30629044544641,0.041082997628374689,0.0040262831194124993,0,0,0,0,0,-0.82361369682982277,-0.15028819608764493,-0.31206536790059314,-0.86349871672067846,-0.16013694638598666,-0.30803908478118064
639089883647442012,nan,115.13692919978256,0.042164470472910887,0.0061046144848006523,0,0,0,1,2,-0.78728495771292084,-0.13301450386554359,-0.30803908478106568,-0.74532269461511902,-0.12889005893660668,-0.30193447029626502
639089883647691808,nan,175.5643609250676,0.0012743107914252217,0.0011651850885418535,0,0,0,0,0,-0.59889514372933317,-0.090173193023404929,-0.30193447029618892,-0.5986897705198857,-0.091430845534229768,-0.30309965538473077
639089883647941773,nan,177.32363852212004,0.015978341666262202,0.00094272290842101203,0,0,0,1,2,-0.45307033448210932,-0.054230540324943129,-0.30309965538449007,-0.46896014224582777,-0.052550834506687003,-0.30404237829291109
639089883648241979,nan,141.9962731725235,0.063892623242597701,0.0026752915965608248,0,0,0,1,2,-0.31429950301178727,-0.0061989915318253347,-0.30404237829267555,-0.37421417398527379,-0.028391321444644069,-0.30136708669611473
639089883648441966,nan,124.09643252726474,0.045849963127735927,6.2534705700667548e-05,0,0,0,0,0,-0.31145011019319957,-0.012386954748622638,-0.30136708669588386,-0.2657968823874684,-0.0081440890033087163,-0.30142962140158452
639089883648741978,nan,126.82162498305496,0.02917847219597363,0.0020783715981949058,0,0,0,1,2,-0.10435015645149073,0.022006538620232406,-0.30142962140141161,-0.13352266810071284,0.021416789718404737,-0.2993512498032167
639089883648944792,nan,100.71273758546614,0.037710712710654549,0.0036711832160768454,0,0,0,0,0,-0.044966896529086364,0.041207392426968512,-0.29935124980310279,-0.0081779967983702014,0.049494412986182491,-0.30302243301917964
639089883649242477,nan,106.53645751523888,0.057212522321889246,0.00048519995044493669,0,0,0,1,2,0.17415754384319804,0.090338180537431007,-0.3030224330190236,0.11832112577000625,0.077865525359466017,-0.30350763296946853
639089883649442021,nan,83.003811752060884,0.036192580959214404,0.0027757707374808649,0,0,0,1,2,0.20240046617191446,0.09672276615593639,-0.30350763296926891,0.23828741956275537,0.10141632480720528,-0.30628340370674978
639089883649742057,nan,76.135988494967023,0.030922639111792622,0.0022110669786108983,0,0,0,1,2,0.41731986037778479,0.1365625060800725,-0.30628340370657814,0.38909465729241965,0.12393129392810304,-0.30407233672796724
639089883649942347,nan,77.072871979618,0.016671599039625354,0.0026953299390777286,0,0,0,0,0,0.48906360333165971,0.13885629200516447,-0.30407233672783412,0.50561414905700208,0.14086169738348289,-0.30676766666691185
639089883650242709,nan,93.578106095262882,0.05536147788018847,0.00020996583808102764,0,0,0,1,2,0.67911580464175103,0.16607166856290606,-0.30676766666682848,0.62444723549351266,0.15734007189546445,-0.3069776325049095
639089883650441977,nan,74.219922570875795,0.045642882585628201,0.0033370515871137818,0,0,0,0,0,0.7024380466190987,0.16815492012300126,-0.30697763250484938,0.74796840228811223,0.17135795671014312,-0.31031468409196317
639089883650741916,nan,82.426580149497966,0.036892161919363065,0.0024336835917449506,0,0,0,1,2,0.93221945445780097,0.19226781445616764,-0.31031468409193225,0.89545368971752792,0.18921655993590916,-0.3127483676836772
639089883650942314,nan,63.150762325089147,0.019067163758154093,0.0042542202721221889,0,0,0,0,0,0.9931124615783834,0.20104180222669224,-0.3127483676836641,1.0120979298005903,0.20280496136977491,-0.31700258795578629
639089883651242244,nan,75.887979637113048,0.033705578668567306,0.0056684308835722175,0,0,0,1,2,1.1854365942864513,0.22299794608438037,-0.31700258795578296,1.1520626554677511,0.2182813539768694,-0.32267101883935517
639089883651442031,nan,66.586159528742513,0.021426598432420365,0.0031684373744956251,0,0,0,0,0,1.2446868797563593,0.22852314063550899,-0.32267101883935567,1.2660401271952009,0.22675171629340354,-0.3258394562138513
639089883651742148,nan,74.778839374962004,0.044045922023241472,0.0022501236917576439,0,0,0,1,2,1.4361191744571771,0.23939132946366934,-0.32583945621385235,1.3924960190676061,0.23330334451503368,-0.32808957990561
639089883651942246,nan,60.52311035741107,0.036059818954360327,0.00071511522568995511,0,0,0,0,0,1.4763081720041413,0.23764561800157583,-0.32808957990561466,1.5123647565900371,0.23716265731851013,-0.32880469513130461
639089883652241883,nan,76.560497193760057,0.05410656297110835,0.0021293439666699165,0,0,0,1,2,1.690704048305482,0.24290449731871488,-0.32880469513130539,1.6368087662322048,0.2476813924178769,-0.33093403909797531
639089883652441933,nan,55.162947212732377,0.03645532155563843,0.001349882468039465,0,0,0,0,0,1.7194452602108237,0.25466631191863021,-0.33093403909798025,1.7555256108004471,0.25988155602172403,-0.33228392156601971
639089883652742365,nan,59.608330979200076,0.032685970896805715,0.0028228407952377577,0,0,0,1,2,1.9326946088877719,0.27808866698441936,-0.33228392156602338,1.9009640525048068,0.27024363766042669,-0.33510676236126113
639089883652941740,nan,58.259934437220643,0.023756289145878906,0.0015617948770658696,0,0,0,0,0,1.9969029449586781,0.27707901504953913,-0.33510676236126902,2.020656670261503,0.2774280253940043,-0.33666855723833489
639089883653241526,nan,67.06241954759669,0.041505143789953694,0.00012133450447843197,0,0,0,1,2,2.1993337115720357,0.28815287349176022,-0.3366685572383385,2.1591827020106269,0.27763748513828562,-0.33678989174281693
639089883653442169,nan,55.762254764770468,0.013910681468766718,0.0016073842478697697,0,0,0,0,0,2.2513927445718469,0.27777691230364343,-0.33678989174281848,2.2652962921463651,0.27822236013291152,-0.33518250749494871
639089883653742343,nan,57.696462267599145,0.026072911804001075,0.0012342942374587995,0,0,0,1,2,2.4230956705642996,0.27909211593408739,-0.33518250749494521,2.3983155672579959,0.28720033460825573,-0.33394821325748641
639089883653941639,nan,54.536272503037956,0.028262542003985962,0.00033113755486952057,0,0,0,0,0,2.4861774190044947,0.29313046361906681,-0.3339482132574807,2.5140183493749655,0.29799398874326122,-0.33361707570261118
639089883654241814,nan,59.580229373719007,0.033291096811550333,0.0020093521947224247,0,0,0,1,2,2.6873199440890159,0.31416090746520964,-0.33361707570259952,2.6545444566557976,0.30832442304126312,-0.33160772350787709
639089883654444439,nan,48.069658898838696,0.018649121605510015,0.0026631529022903,0,0,0,0,0,2.7489448943278698,0.31526404115169082,-0.33160772350786655,2.7670334842954518,0.31072612867547533,-0.32894457060557625
639089883654742099,nan,56.652565604102172,0.029457868729398002,0.0051870420086083668,0,0,0,1,2,2.9314015526862947,0.31423548175836841,-0.32894457060556259,2.9019460374319559,0.31460784069791647,-0.32375752859695422
639089883654941890,nan,56.379745669462778,0.022556016842594909,0.00046590512881522494,0,0,0,0,0,2.9921205408085072,0.31720234688534482,-0.32375752859694762,3.0143624419432231,0.32095357731241114,-0.32422343372576284
639089883655242054,nan,66.068628795531225,0.035373806579562454,0.0030262890710636148,0,0,0,1,2,3.1823923053915864,0.33043860987014562,-0.32422343372575202,3.1471240637066229,0.32770780039687536,-0.3211971446546884
639089883655442221,nan,57.469054471822645,0.027845960726056006,0.00029490744746546449,0,0,0,0,0,3.2352990784014604,0.33219368804885213,-0.32119714465468541,3.2631426905674474,0.33183203862309552,-0.32090223720721994
639089883655741972,nan,65.214050617723203,0.037279440330219835,0.0014493243391447419,0,0,0,1,2,3.4358229939829608,0.33797049007292934,-0.32090223720721689,3.398615064623296,0.33566253337909446,-0.31945291286807215
639089883655941731,nan,56.369956842217441,0.018560445922794981,0.00032958473844668656,0,0,0,0,0,3.4883786420097573,0.33820060739495839,-0.31945291286807348,3.5069383225766244,0.33836916038025833,-0.31978249760652017
639089883656241973,nan,69.845360928608656,0.021138662586524585,0.0010857750348495787,0,0,0,1,2,3.6686160922368547,0.3424089337873587,-0.319782497606517,3.6476122069123171,0.34479217889028241,-0.31869672257166742
639089883656441831,nan,66.741474413165662,0.021421537847293962,0.001084781863059936,0,0,0,0,0,3.7407489401327179,0.34904470212345245,-0.31869672257166759,3.7621670608861879,0.34942730783802445,-0.31761194070860765
639089883656710735,nan,55.632742899817003,0.012083121007850734,0.003150841404814253,0,0,0,1,2,3.9151996233624211,0.35561932533596935,-0.31761194070861337,3.9031341486185394,0.35627211358273492,-0.32076278211342762
639089883656942358,nan,59.994856204267698,0.0083789875777678866,0.0038704180186109327,0,0,0,0,0,4.0235844917125556,0.36212070713478184,-0.32076278211343023,4.0155919228822503,0.35960549813328302,-0.32463320013204117
639089883657241542,nan,61.238570729779838,0.0220484699330349,0.0013484190089239068,0,0,0,1,2,4.1594938838283779,0.36387092643783542,-0.32463320013204261,4.1376288405602972,0.36670904364346718,-0.32598161914096652
639089883657442065,nan,53.36387495745192,0.035143656543252813,0.0043103325881914123,0,0,0,0,0,4.2188158683434827,0.37143479186513167,-0.32598161914096979,4.2538830795167906,0.37375153435335629,-0.3302919517291612
639089883657742164,nan,67.173335691889548,0.039829838296193396,0.0013999740190344112,0,0,0,1,2,4.4264636790340086,0.38420618340285845,-0.33029195172916093,4.3869760161722668,0.37899652886360791,-0.33169192574819534
639089883657942031,nan,77.75165432244026,0.010375514944961681,0.0025733431789037864,0,0,0,0,0,4.4749037001651901,0.38246162799982902,-0.33169192574819611,4.4852303645138258,0.38145598700835182,-0.32911858256929233
639089883658241828,nan,85.127220189565506,0.030149885288250317,0.0031650772689443274,0,0,0,1,2,4.6314590536261209,0.38511631702430432,-0.32911858256930271,4.6013163874737062,0.38445657456036286,-0.32595350530035838
639089883658441782,nan,78.161606545219612,0.020396898552509566,0.00062930887455703299,0,0,0,0,0,4.6780081704881207,0.38643890114531371,-0.32595350530036554,4.6983544396549153,0.38787514679063695,-0.32658281417492258
639089883658741964,nan,87.208797756109817,0.021624377614522749,4.9304860234300474e-05,0,0,0,1,2,4.8425976491810427,0.39295671860094905,-0.32658281417492802,4.8210597522511947,0.39102469814176316,-0.32663211903516232
639089883658942012,nan,74.486263988156466,0.014547337647805461,0.0008284396808782013,0,0,0,0,0,4.9019993251380019,0.39310222303250658,-0.32663211903516792,4.9161175969694524,0.39660927779862137,-0.32746055871604612
639089883659242021,nan,96.637083796159189,0.032372955974666169,0.00073641044966599178,0,0,0,1,2,5.0572697773321149,0.40490186635152703,-0.32746055871615426,5.0249400703633622,0.40657468608247743,-0.32672414826648827
639089883659442077,nan,98.666830114562444,0.012606185333484723,0.0028865833384092987,0,0,0,0,0,5.0968066569819239,0.41315586233481899,-0.32672414826664109,5.1091165636700628,0.41043885920793854,-0.32961073160505039
639089883659742018,nan,126.88973544215456,0.024722703680519716,0.0013918754971803948,0,0,0,1,2,5.2342023240775921,0.41618099712265927,-0.32961073160505983,5.2103941613098961,0.40951890564162458,-0.32821885610787943
639089883659941713,nan,105.18999493714691,0.019433556259622873,0.0026361974761598406,0,0,0,0,0,5.277201730452016,0.40891206007141639,-0.32821885610792112,5.2959224392955155,0.41412724648158872,-0.33085505358408096
639089883660241909,nan,115.48820596033444,0.030741640088676095,0.0031143767317132198,0,0,0,1,2,5.4232429586351172,0.42098739101924426,-0.33085505358399869,5.3927725405390055,0.42506195312944017,-0.32774067685228547
639089883660442011,nan,96.386305324581727,0.0080192909233242436,0.0014925220777539661,0,0,0,0,0,5.4567250338301845,0.43228240767268972,-0.32774067685227803,5.464743660898125,0.4321792240586716,-0.32624815477452407
639089883660741934,nan,125.19856131539646,0.022632300373196707,0.0028611556049953357,0,0,0,0,0,5.5715301772880848,0.44273941215833967,-0.32624815477447577,5.5492803949893235,0.43859595854567202,-0.32338699916948044
639089883661041968,nan,125.76601696205408,0.0093309806328944964,0.0046473503977921271,0,0,0,1,2,5.6325910819306904,0.44491963030540255,-0.32338699916946756,5.6259525142877642,0.43836244956809278,-0.32803434956725969
639089883661241773,nan,87.889314487378371,0.027302906000627729,0.0009442173605006543,0,0,0,0,0,5.6765354436195237,0.4382083965926527,-0.32803434956708238,5.7037732786204582,0.43632451216387869,-0.32897856692758304
639089883661441692,nan,125.58200584679351,0.011165613513877575,0.0002581222772967684,0,0,0,1,2,5.7805594193239305,0.43431366904756263,-0.32897856692734717,5.7914682684999352,0.4366944115360451,-0.32923668920464394
639089883661741837,nan,126.592117544457,0.058197226175028094,0.0069273229062329911,0,0,0,1,2,5.9216289854710826,0.43724343226749768,-0.32923668920411187,5.8634353063745621,0.43788596450681844,-0.32230936629787887
639089883661941766,nan,100.98331503271045,0.0039375164340751589,0.00066643730428617154,0,0,0,1,2,5.9106320562286756,0.43866739763454404,-0.32230936629733381,5.9073505061550753,0.43649128532515702,-0.32297580360161998
639089883662241951,nan,96.078536046829825,0.0025952629371191692,0.0029178261928884952,0,0,0,1,2,5.9722484846716357,0.43443022537276393,-0.32297580360054401,5.972832077952452,0.43190142949421412,-0.32005797740765551
639089883662444520,nan,99.705629090932291,0.017628941910586941,0.0033136063210437161,0,0,0,1,2,6.016099872522517,0.42886862295417,-0.32005797740623643,6.033554722270674,0.42639722392606644,-0.31674437108519271
639089883662742086,nan,80.972576909775412,0.017137691063336118,0.011001911021729205,0,0,0,1,2,6.1215316017278045,0.41842255755220958,-0.31674437108375592,6.1047832708631695,0.42205489402217833,-0.30574246006202671
639089883662941751,nan,91.106792186481073,0.0081055477049105755,0.0083497663151689827,0,0,0,1,2,6.1518661049201748,0.41918456741402005,-0.3057424600606975,6.1563852008840412,0.41245569861860221,-0.31409222637586648
639089883663242284,nan,88.468150948313081,0.018879548179555266,0.0066596353296640154,0,0,0,1,2,6.2332109233583486,0.39816427343831334,-0.31409222637419443,6.2152318874682893,0.40392548927597355,-0.30743259104453041
639089883663442097,nan,90.942741408164366,0.0063836469933789587,0.0088584776128020626,0,0,0,1,2,6.2539233549659201,0.39831690981830442,-0.30743259104286164,6.2593111365329159,0.39489305837257604,-0.3162910686556637
639089883663742028,nan,91.707452496735641,0.013885335786739816,0.0071424543996677636,0,0,0,1,2,6.324701015221148,0.38149379287767038,-0.31629106865412793,6.3108970961741875,0.38299524845659283,-0.30914861425446016
639089883663943039,nan,75.926172974278742,0.0014379480512446852,0.0086996641210185244,0,0,0,1,2,6.3445913735992034,0.37522398451487277,-0.30914861425292112,6.3457173023362312,0.37432956902014258,-0.31784827837393964
639089883664242370,nan,81.70408768845563,0.0056555527118771149,0.004210277853074984,0,0,0,1,2,6.3964163879045559,0.36171212439009964,-0.31784827837194507,6.391069408351699,0.36355470034189941,-0.31363800051887009
639089883664442054,nan,60.844611037586048,0.0064004200836766658,0.0047084174128343426,0,0,0,1,2,6.420448560259822,0.35657472671994189,-0.31363800051668955,6.422632257160358,0.35055834532460789,-0.31834641792952389
639089883664742209,nan,64.958549881350621,0.016056411260062402,0.0059229259013245938,0,0,0,1,2,6.4688769857074648,0.33151656257806456,-0.31834641792810081,6.4528218260309043,0.33131608736163592,-0.31242349202677622
639089883665041988,nan,55.850163765441081,0.0022060548675296929,0.004474327779540932,0,0,0,1,2,6.4822396383763836,0.31256573235374169,-0.31242349202537062,6.4800338111307036,0.31253404259565853,-0.30794916424582969
639089883665241886,nan,51.971426096607317,0.0098818442424016689,0.0078763529841550106,0,0,0,1,2,6.4976729389515935,0.30035930094598767,-0.30794916424451341,6.5048659451267499,0.29358349783526722,-0.31582551722866842
639089883665441637,nan,43.318487631801482,0.0059366084393847884,0.0074253167184244462,0,0,0,1,2,6.5289615328197197,0.27519504547042956,-0.31582551722738544,6.5320642868071346,0.27013379686399303,-0.32325083394580989
639089883665742218,nan,42.366370857630116,0.019527545603089166,0.0072187176889323412,0,0,0,1,2,6.5722958495856405,0.23544719251695664,-0.3232508339444139,6.5558319194990275,0.24594786122822679,-0.31603211625548155
639089883665942005,nan,53.090409444555242,0.0026398444992230289,0.0078485329815883298,0,0,0,1,2,6.5711821358223164,0.23032748587141663,-0.31603211625404726,6.5717096701469044,0.22774088839278578,-0.32388064923563559
639089883666241946,nan,53.326976804742223,0.0011581823461121864,0.0065724993893180317,0,0,0,1,2,6.5948837744787516,0.20116720693041612,-0.32388064923381621,6.5944968400742789,0.2000755714081463,-0.31730814984449818
639089883666541937,nan,54.87686458132923,0.012263443239740438,0.0093311173692364191,0,0,0,1,2,6.6170748309162528,0.1726642133715727,-0.31730814984258354,6.6079803270256212,0.18089112282030387,-0.30797703247334712
639089883666742338,nan,46.933788255182833,0.012353343657575146,0.010256536609293765,0,0,0,1,2,6.6168290415954418,0.16830107765277316,-0.30797703247137642,6.6202313414044474,0.15642549532887035,-0.31823356908067019
639089883666942120,nan,45.088348383906627,0.0066837053920347257,0.0074668575938175996,0,0,0,1,2,6.6322434350010235,0.13243699949998577,-0.31823356907867928,6.6364135696710926,0.12721379219019979,-0.32570042667249688
639089883667242032,nan,51.880142563130612,0.016485405842285514,0.010950268613859226,0,0,0,1,2,6.660297451453042,0.084099280831373288,-0.32570042667049792,6.6528824521116654,0.098822948531788371,-0.3147501580566387
639089883667441878,nan,43.482887987765615,0.0066558911733604941,0.0089113120180409067,0,0,0,1,2,6.6636294998354177,0.080296023416162737,-0.31475015805472517,6.6598577632666238,0.074811965560227886,-0.32366147007276608
639089883667742015,nan,43.929675141448172,0.0051576553224379216,0.0078385550825464945,0,0,0,1,2,6.6702264490826346,0.039120032536031669,-0.32366147007095974,6.6742179212401398,0.042386461540454272,-0.31582291498841325
639089883668042063,nan,43.641491850071858,0.0039660241799071268,0.0063265467585908453,0,0,0,1,2,6.6883464543796611,0.010483970707556342,-0.31582291498649701,6.6915423651592798,0.01283248131735251,-0.30949636822790616
639089883668241436,nan,46.154110310424862,0.014021870792188815,0.0067864875897845067,0,0,0,1,2,6.7028633350039559,-0.0064800992455506367,-0.30949636822602095,6.705775871291018,-0.020196147980131023,-0.31628285581580545
639089883668441967,nan,43.232054785676667,0.0089565031548427231,0.0065500335645392593,0,0,0,1,2,6.7198822156110349,-0.052929700274009339,-0.31628285581390619,6.7162627820153054,-0.061122297493988585,-0.32283288937844545
639089883668742208,nan,40.808328669080126,0.022196695518222846,0.0079339068897156806,0,0,0,1,2,6.731818286862401,-0.12182910943064026,-0.32283288937608906,6.7281038000145337,-0.099945419627827881,-0.31489898248637338
639089883668941848,nan,36.346125748345564,0.0029980676874538426,0.0062414059375798248,0,0,0,1,2,6.7358251211814686,-0.12526129996160082,-0.31489898248395731,6.7328529935753867,-0.12565483185576026,-0.32114038842153714
639089883669241902,nan,36.455000767350406,0.0059757217450127527,0.0087980761103783611,0,0,0,1,2,6.7399158033059248,-0.16388883611841937,-0.32114038841905634,6.7445073479133848,-0.16006431412325148,-0.31234231230867798
639089883669442216,nan,39.414242335871315,0.014766477917709294,0.0071093708182876081,0,0,0,1,2,6.7520671280942972,-0.1823845658109064,-0.3123423123062008,6.7527904259177038,-0.19713331865149775,-0.31945168312448841
639089883669741948,nan,45.857391884456135,0.0059580841944406127,0.011912721283019734,0,0,0,1,2,6.7649950800493803,-0.2517524323477443,-0.3194516831221878,6.7595256730712805,-0.24938930844579674,-0.30753896183916807
639089883670041874,nan,41.284462070461075,0.0090003863211583941,0.0084575489849725294,0,0,0,1,2,6.7661762219103991,-0.30098815913962973,-0.30753896183699603,6.7632757090501281,-0.29246794910245943,-0.2990814128520235
639089883670243148,nan,40.039290269835696,0.016220721670109187,0.0088443757792417421,0,0,0,1,2,6.7657491788424444,-0.32088200085005114,-0.29908141284975481,6.7678095285232676,-0.33697133802384055,-0.30792578862899656
639089883670441903,nan,42.374063411953927,0.0077820917986445859,0.0069187472590092058,0,0,0,1,2,6.7722303178503038,-0.38036523756619878,-0.30792578862699532,6.7725531070955434,-0.38814063208131433,-0.31484453588600453
639089883670741771,nan,48.396883439796909,0.028945349522717084,0.00855967648078515,0,0,0,1,2,6.7796132664829019,-0.46429903575903497,-0.31484453588414307,6.774968767395781,-0.4357287384693323,-0.30628485940335792
639089883670942119,nan,44.896968923430066,0.0073066748844115527,0.01113120553465119,0,0,0,1,2,6.7765505502667001,-0.46688959810536335,-0.30628485940153816,6.7747265166239989,-0.47396493549214463,-0.31741606493618935
639089883671242568,nan,44.690511086163333,0.0073408949859132076,0.011085902853684215,0,0,0,1,2,6.7743696777707285,-0.53028740083945658,-0.31741606493409419,6.7721089248429847,-0.52330329492717953,-0.30633016208040997
639089883671542189,nan,42.833069116596626,0.0029099040063092709,0.0055826536066156396,0,0,0,1,2,6.7695365911006711,-0.57178859644961744,-0.30633016207860098,6.7704555955592447,-0.56902762340899271,-0.30074750847198534
639089883671741835,nan,46.326936579257136,0.018873350614245939,0.0081597939768691119,0,0,0,1,2,6.7693748757486381,-0.59891591493262608,-0.30074750847003501,6.7682280646491098,-0.61775439119028175,-0.30890730244690412
639089883672041928,nan,43.881908308822169,0.015911157900065972,0.010253631349603665,0,0,0,1,2,6.7649300120680866,-0.68989859422459854,-0.30890730244492176,6.7587210213900439,-0.67524890547429361,-0.2986536710953181
639089883672241925,nan,35.608710929940521,0.0057251671717609386,0.0088807913474523437,0,0,0,1,2,6.7524832431639421,-0.71297230901293807,-0.29865367109316671,6.7475719262638654,-0.71591450299900183,-0.30753446244061905
639089883672442487,nan,46.600717477433015,0.01021008602954495,0.0054440556554162245,0,0,0,1,2,6.7365539162880976,-0.75610197598465489,-0.3075344624383361,6.7332333111763392,-0.76575699739439151,-0.31297851809375232
639089883672742453,nan,44.947220631019448,0.022428084180518438,0.0091317122777043735,0,0,0,1,2,6.7121597285988237,-0.83901092848180581,-0.31297851809179911,6.7170517408463466,-0.81712286835354164,-0.30384680581409473
639089883673043510,nan,35.66285789342227,0.016871950485154316,0.0063249672089275011,0,0,0,1,2,6.700950044085233,-0.86823519312722164,-0.30384680581181267,6.7080236161974858,-0.85291764466977393,-0.29752183860288517
639089883673241349,nan,32.053975477360943,0.019557782128063767,0.010971351580472855,0,0,0,1,2,6.702140019057957,-0.87624497473392204,-0.29752183860065579,6.6913952607644225,-0.89258685378690528,-0.30849319018112864
