[INFO] [launch]: All log files can be found below /home/symoon/.ros/log/2026-05-15-14-16-40-585186-symoon-HP-ZBook-Create-G7-Notebook-PC-52132
[INFO] [launch]: Default logging verbosity is set to INFO
[INFO] [cartographer_node-1]: process started with pid [52136]
[cartographer_node-1] [INFO] [1778822200.680369196] [cartographer logger]: I0515 14:16:40.000000 52136 configuration_file_resolver.cc:41] Found '/home/symoon/Desktop/F1/Local_SLAM_Complete/local_SLAM_imu_wheel_ver4/src/SLAM/cartographer_ros/configuration_files/Damvi_localization_config_wheel.lua' for 'Damvi_localization_config_wheel.lua'.
[cartographer_node-1] [INFO] [1778822200.680995734] [cartographer logger]: I0515 14:16:40.000000 52136 configuration_file_resolver.cc:41] Found '/home/symoon/Desktop/F1/Local_SLAM_Complete/local_SLAM_imu_wheel_ver3/install/cartographer/share/cartographer/configuration_files/map_builder.lua' for 'map_builder.lua'.
[cartographer_node-1] [INFO] [1778822200.681056542] [cartographer logger]: I0515 14:16:40.000000 52136 configuration_file_resolver.cc:41] Found '/home/symoon/Desktop/F1/Local_SLAM_Complete/local_SLAM_imu_wheel_ver3/install/cartographer/share/cartographer/configuration_files/map_builder.lua' for 'map_builder.lua'.
[cartographer_node-1] [INFO] [1778822200.681124445] [cartographer logger]: I0515 14:16:40.000000 52136 configuration_file_resolver.cc:41] Found '/home/symoon/Desktop/F1/Local_SLAM_Complete/local_SLAM_imu_wheel_ver3/install/cartographer/share/cartographer/configuration_files/pose_graph.lua' for 'pose_graph.lua'.
[cartographer_node-1] [INFO] [1778822200.681147508] [cartographer logger]: I0515 14:16:40.000000 52136 configuration_file_resolver.cc:41] Found '/home/symoon/Desktop/F1/Local_SLAM_Complete/local_SLAM_imu_wheel_ver3/install/cartographer/share/cartographer/configuration_files/pose_graph.lua' for 'pose_graph.lua'.
[cartographer_node-1] [INFO] [1778822200.681281899] [cartographer logger]: I0515 14:16:40.000000 52136 configuration_file_resolver.cc:41] Found '/home/symoon/Desktop/F1/Local_SLAM_Complete/local_SLAM_imu_wheel_ver3/install/cartographer/share/cartographer/configuration_files/trajectory_builder.lua' for 'trajectory_builder.lua'.
[cartographer_node-1] [INFO] [1778822200.681306620] [cartographer logger]: I0515 14:16:40.000000 52136 configuration_file_resolver.cc:41] Found '/home/symoon/Desktop/F1/Local_SLAM_Complete/local_SLAM_imu_wheel_ver3/install/cartographer/share/cartographer/configuration_files/trajectory_builder.lua' for 'trajectory_builder.lua'.
[cartographer_node-1] [INFO] [1778822200.681353115] [cartographer logger]: I0515 14:16:40.000000 52136 configuration_file_resolver.cc:41] Found '/home/symoon/Desktop/F1/Local_SLAM_Complete/local_SLAM_imu_wheel_ver3/install/cartographer/share/cartographer/configuration_files/trajectory_builder_2d.lua' for 'trajectory_builder_2d.lua'.
[cartographer_node-1] [INFO] [1778822200.681375140] [cartographer logger]: I0515 14:16:40.000000 52136 configuration_file_resolver.cc:41] Found '/home/symoon/Desktop/F1/Local_SLAM_Complete/local_SLAM_imu_wheel_ver3/install/cartographer/share/cartographer/configuration_files/trajectory_builder_2d.lua' for 'trajectory_builder_2d.lua'.
[cartographer_node-1] [INFO] [1778822200.681524665] [cartographer logger]: I0515 14:16:40.000000 52136 configuration_file_resolver.cc:41] Found '/home/symoon/Desktop/F1/Local_SLAM_Complete/local_SLAM_imu_wheel_ver3/install/cartographer/share/cartographer/configuration_files/trajectory_builder_3d.lua' for 'trajectory_builder_3d.lua'.
[cartographer_node-1] [INFO] [1778822200.681549310] [cartographer logger]: I0515 14:16:40.000000 52136 configuration_file_resolver.cc:41] Found '/home/symoon/Desktop/F1/Local_SLAM_Complete/local_SLAM_imu_wheel_ver3/install/cartographer/share/cartographer/configuration_files/trajectory_builder_3d.lua' for 'trajectory_builder_3d.lua'.
[cartographer_node-1] [INFO] [1778822200.693440073] [cartographer logger]: I0515 14:16:40.000000 52136 map_builder_bridge.cpp:117] Loading saved state '/home/symoon/Desktop/F1/Local_SLAM_Complete/local_SLAM_imu_wheel_ver4/src/SLAM/cartographer_ros/pbstream/0312.pbstream'...
[cartographer_node-1] [INFO] [1778822200.770184875] [cartographer logger]: I0515 14:16:40.000000 52136 map_builder_bridge.cpp:140] Added trajectory with ID '1'.
[cartographer_node-1] [INFO] [1778822200.770320313] [cartographer logger]: I0515 14:16:40.000000 52136 pose_extrapolator.cc:218] Loaded pose extrapolator config from /home/symoon/Desktop/F1/Local_SLAM_Complete/local_SLAM_imu_wheel_ver4/parameter_trials/focus_active_current.yaml imu_weight=0.2 imu_delta_min=0.3 wheelodom_weight=0.01 process_noise=0.001 measurement_noise_scan_default=1.5e-06 measurement_noise_odom_default=0.0002
[cartographer_node-1] [INFO] [1778822200.770356563] [cartographer logger]: I0515 14:16:40.000000 52136 pose_extrapolator.cc:154] fusion is active
[cartographer_node-1] [WARN] [1778822206.186678248] [cartographer logger]: W0515 14:16:46.000000 52136 tf_bridge.cpp:53] Lookup would require extrapolation into the past.  Requested time 1773391593.239336 but the earliest data is at time 1773391593.243982, when looking up transform from frame [base_link] to frame [imu]
[cartographer_node-1] [WARN] [1778822206.186881946] [cartographer logger]: W0515 14:16:46.000000 52136 tf_bridge.cpp:53] Lookup would require extrapolation into the past.  Requested time 1773391593.239336 but the earliest data is at time 1773391593.243982, when looking up transform from frame [base_link] to frame [imu]
[cartographer_node-1] [INFO] [1778822206.198706079] [cartographer logger]: I0515 14:16:46.000000 52136 ordered_multi_queue.cc:172] All sensor data for trajectory 1 is available starting at '639089883932740026'.
[cartographer_node-1] [INFO] [1778822206.198863836] [cartographer logger]: I0515 14:16:46.000000 52136 pose_extrapolator.cc:218] Loaded pose extrapolator config from /home/symoon/Desktop/F1/Local_SLAM_Complete/local_SLAM_imu_wheel_ver4/parameter_trials/focus_active_current.yaml imu_weight=0.2 imu_delta_min=0.3 wheelodom_weight=0.01 process_noise=0.001 measurement_noise_scan_default=1.5e-06 measurement_noise_odom_default=0.0002
[cartographer_node-1] [INFO] [1778822206.198893861] [cartographer logger]: I0515 14:16:46.000000 52136 pose_extrapolator.cc:154] fusion is active
[cartographer_node-1] [INFO] [1778822206.211763319] [cartographer logger]: I0515 14:16:46.000000 52136 pose_graph_2d.cc:148] Inserted submap (1, 0).
[cartographer_node-1] [INFO] [1778822206.224338901] [cartographer logger]: I0515 14:16:46.000000 52151 pose_graph_2d.cc:538] Remaining work items in queue: 0
[cartographer_node-1] [INFO] [1778822206.273865708] [cartographer logger]: I0515 14:16:46.000000 52153 constraint_builder_2d.cc:294] 1 computations resulted in 0 additional constraints.
[cartographer_node-1] [INFO] [1778822206.273901588] [cartographer logger]: I0515 14:16:46.000000 52153 constraint_builder_2d.cc:296] Score histogram:
[cartographer_node-1] Count: 0
[cartographer_node-1] [INFO] [1778822206.283884955] [cartographer logger]: I0515 14:16:46.000000 52153 pose_graph_2d.cc:538] Remaining work items in queue: 3
[cartographer_node-1] [INFO] [1778822206.283917778] [cartographer logger]: I0515 14:16:46.000000 52153 constraint_builder_2d.cc:294] 0 computations resulted in 0 additional constraints.
[cartographer_node-1] [INFO] [1778822206.283930692] [cartographer logger]: I0515 14:16:46.000000 52153 constraint_builder_2d.cc:296] Score histogram:
[cartographer_node-1] Count: 0
[cartographer_node-1] [INFO] [1778822206.308527219] [cartographer logger]: I0515 14:16:46.000000 52150 pose_graph_2d.cc:538] Remaining work items in queue: 1
[cartographer_node-1] [INFO] [1778822206.308582183] [cartographer logger]: I0515 14:16:46.000000 52150 constraint_builder_2d.cc:294] 0 computations resulted in 0 additional constraints.
[cartographer_node-1] [INFO] [1778822206.308601099] [cartographer logger]: I0515 14:16:46.000000 52150 constraint_builder_2d.cc:296] Score histogram:
[cartographer_node-1] Count: 0
[cartographer_node-1] [INFO] [1778822206.324129896] [cartographer logger]: I0515 14:16:46.000000 52152 pose_graph_2d.cc:538] Remaining work items in queue: 0
[cartographer_node-1] [INFO] [1778822206.324186815] [cartographer logger]: I0515 14:16:46.000000 52152 constraint_builder_2d.cc:294] 0 computations resulted in 0 additional constraints.
[cartographer_node-1] [INFO] [1778822206.324208833] [cartographer logger]: I0515 14:16:46.000000 52152 constraint_builder_2d.cc:296] Score histogram:
[cartographer_node-1] Count: 0
[cartographer_node-1] [INFO] [1778822206.371878553] [cartographer logger]: I0515 14:16:46.000000 52152 pose_graph_2d.cc:538] Remaining work items in queue: 0
[cartographer_node-1] [INFO] [1778822206.371923411] [cartographer logger]: I0515 14:16:46.000000 52152 constraint_builder_2d.cc:294] 0 computations resulted in 0 additional constraints.
[cartographer_node-1] [INFO] [1778822206.371944635] [cartographer logger]: I0515 14:16:46.000000 52152 constraint_builder_2d.cc:296] Score histogram:
[cartographer_node-1] Count: 0
[cartographer_node-1] [INFO] [1778822206.458197172] [cartographer logger]: I0515 14:16:46.000000 52153 pose_graph_2d.cc:538] Remaining work items in queue: 0
[cartographer_node-1] [INFO] [1778822206.458243935] [cartographer logger]: I0515 14:16:46.000000 52153 constraint_builder_2d.cc:294] 0 computations resulted in 0 additional constraints.
[cartographer_node-1] [INFO] [1778822206.458303328] [cartographer logger]: I0515 14:16:46.000000 52153 constraint_builder_2d.cc:296] Score histogram:
[cartographer_node-1] Count: 0
[cartographer_node-1] [INFO] [1778822206.512925830] [cartographer logger]: I0515 14:16:46.000000 52151 pose_graph_2d.cc:538] Remaining work items in queue: 0
[cartographer_node-1] [INFO] [1778822206.512963866] [cartographer logger]: I0515 14:16:46.000000 52151 constraint_builder_2d.cc:294] 0 computations resulted in 0 additional constraints.
[cartographer_node-1] [INFO] [1778822206.512977795] [cartographer logger]: I0515 14:16:46.000000 52151 constraint_builder_2d.cc:296] Score histogram:
[cartographer_node-1] Count: 0
[cartographer_node-1] [INFO] [1778822206.568317317] [cartographer logger]: I0515 14:16:46.000000 52150 pose_graph_2d.cc:538] Remaining work items in queue: 0
[cartographer_node-1] [INFO] [1778822206.595455344] [cartographer logger]: I0515 14:16:46.000000 52152 constraint_builder_2d.cc:294] 1 computations resulted in 0 additional constraints.
[cartographer_node-1] [INFO] [1778822206.595485120] [cartographer logger]: I0515 14:16:46.000000 52152 constraint_builder_2d.cc:296] Score histogram:
[cartographer_node-1] Count: 0
[cartographer_node-1] [INFO] [1778822206.605204190] [cartographer logger]: I0515 14:16:46.000000 52152 pose_graph_2d.cc:538] Remaining work items in queue: 3
[cartographer_node-1] [INFO] [1778822206.605237597] [cartographer logger]: I0515 14:16:46.000000 52152 constraint_builder_2d.cc:294] 0 computations resulted in 0 additional constraints.
[cartographer_node-1] [INFO] [1778822206.605251092] [cartographer logger]: I0515 14:16:46.000000 52152 constraint_builder_2d.cc:296] Score histogram:
[cartographer_node-1] Count: 0
[cartographer_node-1] [INFO] [1778822206.651234293] [cartographer logger]: I0515 14:16:46.000000 52151 pose_graph_2d.cc:538] Remaining work items in queue: 0
[cartographer_node-1] [INFO] [1778822206.651270505] [cartographer logger]: I0515 14:16:46.000000 52151 constraint_builder_2d.cc:294] 0 computations resulted in 0 additional constraints.
[cartographer_node-1] [INFO] [1778822206.651289265] [cartographer logger]: I0515 14:16:46.000000 52151 constraint_builder_2d.cc:296] Score histogram:
[cartographer_node-1] Count: 0
[cartographer_node-1] [INFO] [1778822206.707464083] [cartographer logger]: I0515 14:16:46.000000 52150 pose_graph_2d.cc:538] Remaining work items in queue: 0
[cartographer_node-1] [INFO] [1778822206.707506551] [cartographer logger]: I0515 14:16:46.000000 52150 constraint_builder_2d.cc:294] 0 computations resulted in 0 additional constraints.
[cartographer_node-1] [INFO] [1778822206.707521103] [cartographer logger]: I0515 14:16:46.000000 52150 constraint_builder_2d.cc:296] Score histogram:
[cartographer_node-1] Count: 0
[cartographer_node-1] [INFO] [1778822206.723076713] [cartographer logger]: I0515 14:16:46.000000 52151 pose_graph_2d.cc:538] Remaining work items in queue: 0
[cartographer_node-1] [INFO] [1778822206.723124015] [cartographer logger]: I0515 14:16:46.000000 52151 constraint_builder_2d.cc:294] 0 computations resulted in 0 additional constraints.
[cartographer_node-1] [INFO] [1778822206.723143906] [cartographer logger]: I0515 14:16:46.000000 52151 constraint_builder_2d.cc:296] Score histogram:
[cartographer_node-1] Count: 0
[cartographer_node-1] [INFO] [1778822206.769454103] [cartographer logger]: I0515 14:16:46.000000 52151 pose_graph_2d.cc:538] Remaining work items in queue: 0
[cartographer_node-1] [INFO] [1778822206.769494542] [cartographer logger]: I0515 14:16:46.000000 52151 constraint_builder_2d.cc:294] 0 computations resulted in 0 additional constraints.
[cartographer_node-1] [INFO] [1778822206.769512848] [cartographer logger]: I0515 14:16:46.000000 52151 constraint_builder_2d.cc:296] Score histogram:
[cartographer_node-1] Count: 0
[cartographer_node-1] [INFO] [1778822206.925269379] [cartographer logger]: I0515 14:16:46.000000 52152 pose_graph_2d.cc:538] Remaining work items in queue: 0
[cartographer_node-1] [INFO] [1778822206.925305154] [cartographer logger]: I0515 14:16:46.000000 52152 constraint_builder_2d.cc:294] 0 computations resulted in 0 additional constraints.
[cartographer_node-1] [INFO] [1778822206.925352430] [cartographer logger]: I0515 14:16:46.000000 52152 constraint_builder_2d.cc:296] Score histogram:
[cartographer_node-1] Count: 0
[cartographer_node-1] [INFO] [1778822206.989089222] [cartographer logger]: I0515 14:16:46.000000 52150 constraint_builder_2d.cc:279] Node (1, 28) with 163 points on submap (0, 8) matches with score 58.4%.
[cartographer_node-1] [INFO] [1778822207.030195078] [cartographer logger]: I0515 14:16:47.000000 52151 pose_graph_2d.cc:538] Remaining work items in queue: 0
[cartographer_node-1] [INFO] [1778822207.030243181] [cartographer logger]: I0515 14:16:47.000000 52151 constraint_builder_2d.cc:294] 1 computations resulted in 1 additional constraints.
[cartographer_node-1] [INFO] [1778822207.030294756] [cartographer logger]: I0515 14:16:47.000000 52151 constraint_builder_2d.cc:296] Score histogram:
[cartographer_node-1] Count: 1  Min: 0.584465  Max: 0.584465  Mean: 0.584465
[cartographer_node-1] [INFO] [1778822207.100335712] [cartographer logger]: I0515 14:16:47.000000 52153 pose_graph_2d.cc:538] Remaining work items in queue: 0
[cartographer_node-1] [INFO] [1778822207.100414650] [cartographer logger]: I0515 14:16:47.000000 52153 constraint_builder_2d.cc:294] 0 computations resulted in 0 additional constraints.
[cartographer_node-1] [INFO] [1778822207.100448234] [cartographer logger]: I0515 14:16:47.000000 52153 constraint_builder_2d.cc:296] Score histogram:
[cartographer_node-1] Count: 1  Min: 0.584465  Max: 0.584465  Mean: 0.584465
[cartographer_node-1] [INFO] [1778822207.148250468] [cartographer logger]: I0515 14:16:47.000000 52152 pose_graph_2d.cc:538] Remaining work items in queue: 2
[cartographer_node-1] [INFO] [1778822207.148326535] [cartographer logger]: I0515 14:16:47.000000 52152 constraint_builder_2d.cc:294] 0 computations resulted in 0 additional constraints.
[cartographer_node-1] [INFO] [1778822207.148347943] [cartographer logger]: I0515 14:16:47.000000 52152 constraint_builder_2d.cc:296] Score histogram:
[cartographer_node-1] Count: 1  Min: 0.584465  Max: 0.584465  Mean: 0.584465
[cartographer_node-1] [INFO] [1778822207.183926357] [cartographer logger]: I0515 14:16:47.000000 52150 pose_graph_2d.cc:538] Remaining work items in queue: 0
[cartographer_node-1] [INFO] [1778822207.183969237] [cartographer logger]: I0515 14:16:47.000000 52150 constraint_builder_2d.cc:294] 0 computations resulted in 0 additional constraints.
[cartographer_node-1] [INFO] [1778822207.183991107] [cartographer logger]: I0515 14:16:47.000000 52150 constraint_builder_2d.cc:296] Score histogram:
[cartographer_node-1] Count: 1  Min: 0.584465  Max: 0.584465  Mean: 0.584465
[cartographer_node-1] [INFO] [1778822207.220547350] [cartographer logger]: I0515 14:16:47.000000 52153 pose_graph_2d.cc:538] Remaining work items in queue: 0
[cartographer_node-1] [INFO] [1778822207.220582256] [cartographer logger]: I0515 14:16:47.000000 52153 constraint_builder_2d.cc:294] 0 computations resulted in 0 additional constraints.
[cartographer_node-1] [INFO] [1778822207.220598967] [cartographer logger]: I0515 14:16:47.000000 52153 constraint_builder_2d.cc:296] Score histogram:
[cartographer_node-1] Count: 1  Min: 0.584465  Max: 0.584465  Mean: 0.584465
[cartographer_node-1] [INFO] [1778822207.299147002] [cartographer logger]: I0515 14:16:47.000000 52151 pose_graph_2d.cc:538] Remaining work items in queue: 0
[cartographer_node-1] [INFO] [1778822207.299188405] [cartographer logger]: I0515 14:16:47.000000 52151 constraint_builder_2d.cc:294] 0 computations resulted in 0 additional constraints.
[cartographer_node-1] [INFO] [1778822207.299208023] [cartographer logger]: I0515 14:16:47.000000 52151 constraint_builder_2d.cc:296] Score histogram:
[cartographer_node-1] Count: 1  Min: 0.584465  Max: 0.584465  Mean: 0.584465
[cartographer_node-1] [INFO] [1778822207.355881775] [cartographer logger]: I0515 14:16:47.000000 52152 pose_graph_2d.cc:538] Remaining work items in queue: 0
[cartographer_node-1] [INFO] [1778822207.355926184] [cartographer logger]: I0515 14:16:47.000000 52152 constraint_builder_2d.cc:294] 0 computations resulted in 0 additional constraints.
[cartographer_node-1] [INFO] [1778822207.355947049] [cartographer logger]: I0515 14:16:47.000000 52152 constraint_builder_2d.cc:296] Score histogram:
[cartographer_node-1] Count: 1  Min: 0.584465  Max: 0.584465  Mean: 0.584465
[cartographer_node-1] [INFO] [1778822207.402088895] [cartographer logger]: I0515 14:16:47.000000 52153 pose_graph_2d.cc:538] Remaining work items in queue: 1
[cartographer_node-1] [INFO] [1778822207.449108100] [cartographer logger]: I0515 14:16:47.000000 52151 constraint_builder_2d.cc:294] 1 computations resulted in 0 additional constraints.
[cartographer_node-1] [INFO] [1778822207.449146271] [cartographer logger]: I0515 14:16:47.000000 52151 constraint_builder_2d.cc:296] Score histogram:
[cartographer_node-1] Count: 1  Min: 0.584465  Max: 0.584465  Mean: 0.584465
[cartographer_node-1] [INFO] [1778822207.460940450] [cartographer logger]: I0515 14:16:47.000000 52151 pose_graph_2d.cc:538] Remaining work items in queue: 5
[cartographer_node-1] [INFO] [1778822207.460999867] [cartographer logger]: I0515 14:16:47.000000 52151 constraint_builder_2d.cc:294] 0 computations resulted in 0 additional constraints.
[cartographer_node-1] [INFO] [1778822207.461019307] [cartographer logger]: I0515 14:16:47.000000 52151 constraint_builder_2d.cc:296] Score histogram:
[cartographer_node-1] Count: 1  Min: 0.584465  Max: 0.584465  Mean: 0.584465
[cartographer_node-1] [INFO] [1778822207.517806532] [cartographer logger]: I0515 14:16:47.000000 52150 pose_graph_2d.cc:538] Remaining work items in queue: 0
[cartographer_node-1] [INFO] [1778822207.517868273] [cartographer logger]: I0515 14:16:47.000000 52150 constraint_builder_2d.cc:294] 0 computations resulted in 0 additional constraints.
[cartographer_node-1] [INFO] [1778822207.517892813] [cartographer logger]: I0515 14:16:47.000000 52150 constraint_builder_2d.cc:296] Score histogram:
[cartographer_node-1] Count: 1  Min: 0.584465  Max: 0.584465  Mean: 0.584465
[cartographer_node-1] [INFO] [1778822207.557695644] [cartographer logger]: I0515 14:16:47.000000 52150 pose_graph_2d.cc:538] Remaining work items in queue: 0
[cartographer_node-1] [INFO] [1778822207.557755685] [cartographer logger]: I0515 14:16:47.000000 52150 constraint_builder_2d.cc:294] 0 computations resulted in 0 additional constraints.
[cartographer_node-1] [INFO] [1778822207.557782751] [cartographer logger]: I0515 14:16:47.000000 52150 constraint_builder_2d.cc:296] Score histogram:
[cartographer_node-1] Count: 1  Min: 0.584465  Max: 0.584465  Mean: 0.584465
[cartographer_node-1] [INFO] [1778822207.605070156] [cartographer logger]: I0515 14:16:47.000000 52150 pose_graph_2d.cc:538] Remaining work items in queue: 2
[cartographer_node-1] [INFO] [1778822207.605104726] [cartographer logger]: I0515 14:16:47.000000 52150 constraint_builder_2d.cc:294] 0 computations resulted in 0 additional constraints.
[cartographer_node-1] [INFO] [1778822207.605120329] [cartographer logger]: I0515 14:16:47.000000 52150 constraint_builder_2d.cc:296] Score histogram:
[cartographer_node-1] Count: 1  Min: 0.584465  Max: 0.584465  Mean: 0.584465
[cartographer_node-1] [INFO] [1778822207.655503395] [cartographer logger]: I0515 14:16:47.000000 52151 pose_graph_2d.cc:538] Remaining work items in queue: 1
[cartographer_node-1] [INFO] [1778822207.655555588] [cartographer logger]: I0515 14:16:47.000000 52151 constraint_builder_2d.cc:294] 0 computations resulted in 0 additional constraints.
[cartographer_node-1] [INFO] [1778822207.655578432] [cartographer logger]: I0515 14:16:47.000000 52151 constraint_builder_2d.cc:296] Score histogram:
[cartographer_node-1] Count: 1  Min: 0.584465  Max: 0.584465  Mean: 0.584465
[cartographer_node-1] [INFO] [1778822207.704224782] [cartographer logger]: I0515 14:16:47.000000 52150 pose_graph_2d.cc:538] Remaining work items in queue: 0
[cartographer_node-1] [INFO] [1778822207.704268601] [cartographer logger]: I0515 14:16:47.000000 52150 constraint_builder_2d.cc:294] 0 computations resulted in 0 additional constraints.
[cartographer_node-1] [INFO] [1778822207.704290091] [cartographer logger]: I0515 14:16:47.000000 52150 constraint_builder_2d.cc:296] Score histogram:
[cartographer_node-1] Count: 1  Min: 0.584465  Max: 0.584465  Mean: 0.584465
[cartographer_node-1] [INFO] [1778822207.752010341] [cartographer logger]: I0515 14:16:47.000000 52150 pose_graph_2d.cc:538] Remaining work items in queue: 1
[cartographer_node-1] [INFO] [1778822207.823970722] [cartographer logger]: I0515 14:16:47.000000 52151 constraint_builder_2d.cc:279] Node (1, 57) with 213 points on submap (0, 2) matches with score 77.2%.
[cartographer_node-1] [INFO] [1778822207.824007811] [cartographer logger]: I0515 14:16:47.000000 52151 constraint_builder_2d.cc:294] 1 computations resulted in 1 additional constraints.
[cartographer_node-1] [INFO] [1778822207.824035528] [cartographer logger]: I0515 14:16:47.000000 52151 constraint_builder_2d.cc:296] Score histogram:
[cartographer_node-1] Count: 2  Min: 0.584465  Max: 0.772212  Mean: 0.678339
[cartographer_node-1] [0.584465, 0.603240)	          ##########	Count: 1 (50%)	Total: 1 (50%)
[cartographer_node-1] [0.603240, 0.622015)	                    	Count: 0 (0%)	Total: 1 (50%)
[cartographer_node-1] [0.622015, 0.640789)	                    	Count: 0 (0%)	Total: 1 (50%)
[cartographer_node-1] [0.640789, 0.659564)	                    	Count: 0 (0%)	Total: 1 (50%)
[cartographer_node-1] [0.659564, 0.678339)	                    	Count: 0 (0%)	Total: 1 (50%)
[cartographer_node-1] [0.678339, 0.697113)	                    	Count: 0 (0%)	Total: 1 (50%)
[cartographer_node-1] [0.697113, 0.715888)	                    	Count: 0 (0%)	Total: 1 (50%)
[cartographer_node-1] [0.715888, 0.734663)	                    	Count: 0 (0%)	Total: 1 (50%)
[cartographer_node-1] [0.734663, 0.753437)	                    	Count: 0 (0%)	Total: 1 (50%)
[cartographer_node-1] [0.753437, 0.772212]	          ##########	Count: 1 (50%)	Total: 2 (100%)
[cartographer_node-1] [INFO] [1778822207.837112863] [cartographer logger]: I0515 14:16:47.000000 52151 pose_graph_2d.cc:538] Remaining work items in queue: 8
[cartographer_node-1] [INFO] [1778822207.837157068] [cartographer logger]: I0515 14:16:47.000000 52151 constraint_builder_2d.cc:294] 0 computations resulted in 0 additional constraints.
[cartographer_node-1] [INFO] [1778822207.837339114] [cartographer logger]: I0515 14:16:47.000000 52151 constraint_builder_2d.cc:296] Score histogram:
[cartographer_node-1] Count: 2  Min: 0.584465  Max: 0.772212  Mean: 0.678339
[cartographer_node-1] [0.584465, 0.603240)	          ##########	Count: 1 (50%)	Total: 1 (50%)
[cartographer_node-1] [0.603240, 0.622015)	                    	Count: 0 (0%)	Total: 1 (50%)
[cartographer_node-1] [0.622015, 0.640789)	                    	Count: 0 (0%)	Total: 1 (50%)
[cartographer_node-1] [0.640789, 0.659564)	                    	Count: 0 (0%)	Total: 1 (50%)
[cartographer_node-1] [0.659564, 0.678339)	                    	Count: 0 (0%)	Total: 1 (50%)
[cartographer_node-1] [0.678339, 0.697113)	                    	Count: 0 (0%)	Total: 1 (50%)
[cartographer_node-1] [0.697113, 0.715888)	                    	Count: 0 (0%)	Total: 1 (50%)
[cartographer_node-1] [0.715888, 0.734663)	                    	Count: 0 (0%)	Total: 1 (50%)
[cartographer_node-1] [0.734663, 0.753437)	                    	Count: 0 (0%)	Total: 1 (50%)
[cartographer_node-1] [0.753437, 0.772212]	          ##########	Count: 1 (50%)	Total: 2 (100%)
[cartographer_node-1] [INFO] [1778822207.850731671] [cartographer logger]: I0515 14:16:47.000000 52153 pose_graph_2d.cc:538] Remaining work items in queue: 0
[cartographer_node-1] [INFO] [1778822207.850762881] [cartographer logger]: I0515 14:16:47.000000 52153 constraint_builder_2d.cc:294] 0 computations resulted in 0 additional constraints.
[cartographer_node-1] [INFO] [1778822207.850926604] [cartographer logger]: I0515 14:16:47.000000 52153 constraint_builder_2d.cc:296] Score histogram:
[cartographer_node-1] Count: 2  Min: 0.584465  Max: 0.772212  Mean: 0.678339
[cartographer_node-1] [0.584465, 0.603240)	          ##########	Count: 1 (50%)	Total: 1 (50%)
[cartographer_node-1] [0.603240, 0.622015)	                    	Count: 0 (0%)	Total: 1 (50%)
[cartographer_node-1] [0.622015, 0.640789)	                    	Count: 0 (0%)	Total: 1 (50%)
[cartographer_node-1] [0.640789, 0.659564)	                    	Count: 0 (0%)	Total: 1 (50%)
[cartographer_node-1] [0.659564, 0.678339)	                    	Count: 0 (0%)	Total: 1 (50%)
[cartographer_node-1] [0.678339, 0.697113)	                    	Count: 0 (0%)	Total: 1 (50%)
[cartographer_node-1] [0.697113, 0.715888)	                    	Count: 0 (0%)	Total: 1 (50%)
[cartographer_node-1] [0.715888, 0.734663)	                    	Count: 0 (0%)	Total: 1 (50%)
[cartographer_node-1] [0.734663, 0.753437)	                    	Count: 0 (0%)	Total: 1 (50%)
[cartographer_node-1] [0.753437, 0.772212]	          ##########	Count: 1 (50%)	Total: 2 (100%)
[cartographer_node-1] [INFO] [1778822207.909698986] [cartographer logger]: I0515 14:16:47.000000 52150 pose_graph_2d.cc:538] Remaining work items in queue: 0
[cartographer_node-1] [INFO] [1778822207.909737887] [cartographer logger]: I0515 14:16:47.000000 52150 constraint_builder_2d.cc:294] 0 computations resulted in 0 additional constraints.
[cartographer_node-1] [INFO] [1778822207.909949507] [cartographer logger]: I0515 14:16:47.000000 52150 constraint_builder_2d.cc:296] Score histogram:
[cartographer_node-1] Count: 2  Min: 0.584465  Max: 0.772212  Mean: 0.678339
[cartographer_node-1] [0.584465, 0.603240)	          ##########	Count: 1 (50%)	Total: 1 (50%)
[cartographer_node-1] [0.603240, 0.622015)	                    	Count: 0 (0%)	Total: 1 (50%)
[cartographer_node-1] [0.622015, 0.640789)	                    	Count: 0 (0%)	Total: 1 (50%)
[cartographer_node-1] [0.640789, 0.659564)	                    	Count: 0 (0%)	Total: 1 (50%)
[cartographer_node-1] [0.659564, 0.678339)	                    	Count: 0 (0%)	Total: 1 (50%)
[cartographer_node-1] [0.678339, 0.697113)	                    	Count: 0 (0%)	Total: 1 (50%)
[cartographer_node-1] [0.697113, 0.715888)	                    	Count: 0 (0%)	Total: 1 (50%)
[cartographer_node-1] [0.715888, 0.734663)	                    	Count: 0 (0%)	Total: 1 (50%)
[cartographer_node-1] [0.734663, 0.753437)	                    	Count: 0 (0%)	Total: 1 (50%)
[cartographer_node-1] [0.753437, 0.772212]	          ##########	Count: 1 (50%)	Total: 2 (100%)
[cartographer_node-1] [INFO] [1778822207.959191419] [cartographer logger]: I0515 14:16:47.000000 52153 pose_graph_2d.cc:538] Remaining work items in queue: 0
[cartographer_node-1] [INFO] [1778822207.959227023] [cartographer logger]: I0515 14:16:47.000000 52153 constraint_builder_2d.cc:294] 0 computations resulted in 0 additional constraints.
[cartographer_node-1] [INFO] [1778822207.959383418] [cartographer logger]: I0515 14:16:47.000000 52153 constraint_builder_2d.cc:296] Score histogram:
[cartographer_node-1] Count: 2  Min: 0.584465  Max: 0.772212  Mean: 0.678339
[cartographer_node-1] [0.584465, 0.603240)	          ##########	Count: 1 (50%)	Total: 1 (50%)
[cartographer_node-1] [0.603240, 0.622015)	                    	Count: 0 (0%)	Total: 1 (50%)
[cartographer_node-1] [0.622015, 0.640789)	                    	Count: 0 (0%)	Total: 1 (50%)
[cartographer_node-1] [0.640789, 0.659564)	                    	Count: 0 (0%)	Total: 1 (50%)
[cartographer_node-1] [0.659564, 0.678339)	                    	Count: 0 (0%)	Total: 1 (50%)
[cartographer_node-1] [0.678339, 0.697113)	                    	Count: 0 (0%)	Total: 1 (50%)
[cartographer_node-1] [0.697113, 0.715888)	                    	Count: 0 (0%)	Total: 1 (50%)
[cartographer_node-1] [0.715888, 0.734663)	                    	Count: 0 (0%)	Total: 1 (50%)
[cartographer_node-1] [0.734663, 0.753437)	                    	Count: 0 (0%)	Total: 1 (50%)
[cartographer_node-1] [0.753437, 0.772212]	          ##########	Count: 1 (50%)	Total: 2 (100%)
[cartographer_node-1] [INFO] [1778822208.015687675] [cartographer logger]: I0515 14:16:48.000000 52150 pose_graph_2d.cc:538] Remaining work items in queue: 0
[cartographer_node-1] [INFO] [1778822208.015721907] [cartographer logger]: I0515 14:16:48.000000 52150 constraint_builder_2d.cc:294] 0 computations resulted in 0 additional constraints.
[cartographer_node-1] [INFO] [1778822208.015890267] [cartographer logger]: I0515 14:16:48.000000 52150 constraint_builder_2d.cc:296] Score histogram:
[cartographer_node-1] Count: 2  Min: 0.584465  Max: 0.772212  Mean: 0.678339
[cartographer_node-1] [0.584465, 0.603240)	          ##########	Count: 1 (50%)	Total: 1 (50%)
[cartographer_node-1] [0.603240, 0.622015)	                    	Count: 0 (0%)	Total: 1 (50%)
[cartographer_node-1] [0.622015, 0.640789)	                    	Count: 0 (0%)	Total: 1 (50%)
[cartographer_node-1] [0.640789, 0.659564)	                    	Count: 0 (0%)	Total: 1 (50%)
[cartographer_node-1] [0.659564, 0.678339)	                    	Count: 0 (0%)	Total: 1 (50%)
[cartographer_node-1] [0.678339, 0.697113)	                    	Count: 0 (0%)	Total: 1 (50%)
[cartographer_node-1] [0.697113, 0.715888)	                    	Count: 0 (0%)	Total: 1 (50%)
[cartographer_node-1] [0.715888, 0.734663)	                    	Count: 0 (0%)	Total: 1 (50%)
[cartographer_node-1] [0.734663, 0.753437)	                    	Count: 0 (0%)	Total: 1 (50%)
[cartographer_node-1] [0.753437, 0.772212]	          ##########	Count: 1 (50%)	Total: 2 (100%)
[cartographer_node-1] [INFO] [1778822208.088471689] [cartographer logger]: I0515 14:16:48.000000 52151 pose_graph_2d.cc:538] Remaining work items in queue: 0
[cartographer_node-1] [INFO] [1778822208.088513340] [cartographer logger]: I0515 14:16:48.000000 52151 constraint_builder_2d.cc:294] 0 computations resulted in 0 additional constraints.
[cartographer_node-1] [INFO] [1778822208.088545154] [cartographer logger]: I0515 14:16:48.000000 52151 constraint_builder_2d.cc:296] Score histogram:
[cartographer_node-1] Count: 2  Min: 0.584465  Max: 0.772212  Mean: 0.678339
[cartographer_node-1] [0.584465, 0.603240)	          ##########	Count: 1 (50%)	Total: 1 (50%)
[cartographer_node-1] [0.603240, 0.622015)	                    	Count: 0 (0%)	Total: 1 (50%)
[cartographer_node-1] [0.622015, 0.640789)	                    	Count: 0 (0%)	Total: 1 (50%)
[cartographer_node-1] [0.640789, 0.659564)	                    	Count: 0 (0%)	Total: 1 (50%)
[cartographer_node-1] [0.659564, 0.678339)	                    	Count: 0 (0%)	Total: 1 (50%)
[cartographer_node-1] [0.678339, 0.697113)	                    	Count: 0 (0%)	Total: 1 (50%)
[cartographer_node-1] [0.697113, 0.715888)	                    	Count: 0 (0%)	Total: 1 (50%)
[cartographer_node-1] [0.715888, 0.734663)	                    	Count: 0 (0%)	Total: 1 (50%)
[cartographer_node-1] [0.734663, 0.753437)	                    	Count: 0 (0%)	Total: 1 (50%)
[cartographer_node-1] [0.753437, 0.772212]	          ##########	Count: 1 (50%)	Total: 2 (100%)
[cartographer_node-1] [INFO] [1778822208.147478053] [cartographer logger]: I0515 14:16:48.000000 52151 pose_graph_2d.cc:538] Remaining work items in queue: 0
[cartographer_node-1] [INFO] [1778822208.253033185] [cartographer logger]: I0515 14:16:48.000000 52152 constraint_builder_2d.cc:294] 1 computations resulted in 0 additional constraints.
[cartographer_node-1] [INFO] [1778822208.253079551] [cartographer logger]: I0515 14:16:48.000000 52152 constraint_builder_2d.cc:296] Score histogram:
[cartographer_node-1] Count: 2  Min: 0.584465  Max: 0.772212  Mean: 0.678339
[cartographer_node-1] [0.584465, 0.603240)	          ##########	Count: 1 (50%)	Total: 1 (50%)
[cartographer_node-1] [0.603240, 0.622015)	                    	Count: 0 (0%)	Total: 1 (50%)
[cartographer_node-1] [0.622015, 0.640789)	                    	Count: 0 (0%)	Total: 1 (50%)
[cartographer_node-1] [0.640789, 0.659564)	                    	Count: 0 (0%)	Total: 1 (50%)
[cartographer_node-1] [0.659564, 0.678339)	                    	Count: 0 (0%)	Total: 1 (50%)
[cartographer_node-1] [0.678339, 0.697113)	                    	Count: 0 (0%)	Total: 1 (50%)
[cartographer_node-1] [0.697113, 0.715888)	                    	Count: 0 (0%)	Total: 1 (50%)
[cartographer_node-1] [0.715888, 0.734663)	                    	Count: 0 (0%)	Total: 1 (50%)
[cartographer_node-1] [0.734663, 0.753437)	                    	Count: 0 (0%)	Total: 1 (50%)
[cartographer_node-1] [0.753437, 0.772212]	          ##########	Count: 1 (50%)	Total: 2 (100%)
[cartographer_node-1] [INFO] [1778822208.266306413] [cartographer logger]: I0515 14:16:48.000000 52152 pose_graph_2d.cc:538] Remaining work items in queue: 10
[cartographer_node-1] [INFO] [1778822208.266382639] [cartographer logger]: I0515 14:16:48.000000 52152 constraint_builder_2d.cc:294] 0 computations resulted in 0 additional constraints.
[cartographer_node-1] [INFO] [1778822208.266516509] [cartographer logger]: I0515 14:16:48.000000 52152 constraint_builder_2d.cc:296] Score histogram:
[cartographer_node-1] Count: 2  Min: 0.584465  Max: 0.772212  Mean: 0.678339
[cartographer_node-1] [0.584465, 0.603240)	          ##########	Count: 1 (50%)	Total: 1 (50%)
[cartographer_node-1] [0.603240, 0.622015)	                    	Count: 0 (0%)	Total: 1 (50%)
[cartographer_node-1] [0.622015, 0.640789)	                    	Count: 0 (0%)	Total: 1 (50%)
[cartographer_node-1] [0.640789, 0.659564)	                    	Count: 0 (0%)	Total: 1 (50%)
[cartographer_node-1] [0.659564, 0.678339)	                    	Count: 0 (0%)	Total: 1 (50%)
[cartographer_node-1] [0.678339, 0.697113)	                    	Count: 0 (0%)	Total: 1 (50%)
[cartographer_node-1] [0.697113, 0.715888)	                    	Count: 0 (0%)	Total: 1 (50%)
[cartographer_node-1] [0.715888, 0.734663)	                    	Count: 0 (0%)	Total: 1 (50%)
[cartographer_node-1] [0.734663, 0.753437)	                    	Count: 0 (0%)	Total: 1 (50%)
[cartographer_node-1] [0.753437, 0.772212]	          ##########	Count: 1 (50%)	Total: 2 (100%)
[cartographer_node-1] [INFO] [1778822208.280252049] [cartographer logger]: I0515 14:16:48.000000 52152 pose_graph_2d.cc:538] Remaining work items in queue: 4
[cartographer_node-1] [INFO] [1778822208.280287409] [cartographer logger]: I0515 14:16:48.000000 52152 constraint_builder_2d.cc:294] 0 computations resulted in 0 additional constraints.
[cartographer_node-1] [INFO] [1778822208.280442216] [cartographer logger]: I0515 14:16:48.000000 52152 constraint_builder_2d.cc:296] Score histogram:
[cartographer_node-1] Count: 2  Min: 0.584465  Max: 0.772212  Mean: 0.678339
[cartographer_node-1] [0.584465, 0.603240)	          ##########	Count: 1 (50%)	Total: 1 (50%)
[cartographer_node-1] [0.603240, 0.622015)	                    	Count: 0 (0%)	Total: 1 (50%)
[cartographer_node-1] [0.622015, 0.640789)	                    	Count: 0 (0%)	Total: 1 (50%)
[cartographer_node-1] [0.640789, 0.659564)	                    	Count: 0 (0%)	Total: 1 (50%)
[cartographer_node-1] [0.659564, 0.678339)	                    	Count: 0 (0%)	Total: 1 (50%)
[cartographer_node-1] [0.678339, 0.697113)	                    	Count: 0 (0%)	Total: 1 (50%)
[cartographer_node-1] [0.697113, 0.715888)	                    	Count: 0 (0%)	Total: 1 (50%)
[cartographer_node-1] [0.715888, 0.734663)	                    	Count: 0 (0%)	Total: 1 (50%)
[cartographer_node-1] [0.734663, 0.753437)	                    	Count: 0 (0%)	Total: 1 (50%)
[cartographer_node-1] [0.753437, 0.772212]	          ##########	Count: 1 (50%)	Total: 2 (100%)
[cartographer_node-1] [INFO] [1778822208.305275571] [cartographer logger]: I0515 14:16:48.000000 52150 pose_graph_2d.cc:538] Remaining work items in queue: 0
[cartographer_node-1] [INFO] [1778822208.305342977] [cartographer logger]: I0515 14:16:48.000000 52150 constraint_builder_2d.cc:294] 0 computations resulted in 0 additional constraints.
[cartographer_node-1] [INFO] [1778822208.305648974] [cartographer logger]: I0515 14:16:48.000000 52150 constraint_builder_2d.cc:296] Score histogram:
[cartographer_node-1] Count: 2  Min: 0.584465  Max: 0.772212  Mean: 0.678339
[cartographer_node-1] [0.584465, 0.603240)	          ##########	Count: 1 (50%)	Total: 1 (50%)
[cartographer_node-1] [0.603240, 0.622015)	                    	Count: 0 (0%)	Total: 1 (50%)
[cartographer_node-1] [0.622015, 0.640789)	                    	Count: 0 (0%)	Total: 1 (50%)
[cartographer_node-1] [0.640789, 0.659564)	                    	Count: 0 (0%)	Total: 1 (50%)
[cartographer_node-1] [0.659564, 0.678339)	                    	Count: 0 (0%)	Total: 1 (50%)
[cartographer_node-1] [0.678339, 0.697113)	                    	Count: 0 (0%)	Total: 1 (50%)
[cartographer_node-1] [0.697113, 0.715888)	                    	Count: 0 (0%)	Total: 1 (50%)
[cartographer_node-1] [0.715888, 0.734663)	                    	Count: 0 (0%)	Total: 1 (50%)
[cartographer_node-1] [0.734663, 0.753437)	                    	Count: 0 (0%)	Total: 1 (50%)
[cartographer_node-1] [0.753437, 0.772212]	          ##########	Count: 1 (50%)	Total: 2 (100%)
[cartographer_node-1] [INFO] [1778822208.363342059] [cartographer logger]: I0515 14:16:48.000000 52151 pose_graph_2d.cc:538] Remaining work items in queue: 0
[cartographer_node-1] [INFO] [1778822208.363423206] [cartographer logger]: I0515 14:16:48.000000 52151 constraint_builder_2d.cc:294] 0 computations resulted in 0 additional constraints.
[cartographer_node-1] [INFO] [1778822208.363666651] [cartographer logger]: I0515 14:16:48.000000 52151 constraint_builder_2d.cc:296] Score histogram:
[cartographer_node-1] Count: 2  Min: 0.584465  Max: 0.772212  Mean: 0.678339
[cartographer_node-1] [0.584465, 0.603240)	          ##########	Count: 1 (50%)	Total: 1 (50%)
[cartographer_node-1] [0.603240, 0.622015)	                    	Count: 0 (0%)	Total: 1 (50%)
[cartographer_node-1] [0.622015, 0.640789)	                    	Count: 0 (0%)	Total: 1 (50%)
[cartographer_node-1] [0.640789, 0.659564)	                    	Count: 0 (0%)	Total: 1 (50%)
[cartographer_node-1] [0.659564, 0.678339)	                    	Count: 0 (0%)	Total: 1 (50%)
[cartographer_node-1] [0.678339, 0.697113)	                    	Count: 0 (0%)	Total: 1 (50%)
[cartographer_node-1] [0.697113, 0.715888)	                    	Count: 0 (0%)	Total: 1 (50%)
[cartographer_node-1] [0.715888, 0.734663)	                    	Count: 0 (0%)	Total: 1 (50%)
[cartographer_node-1] [0.734663, 0.753437)	                    	Count: 0 (0%)	Total: 1 (50%)
[cartographer_node-1] [0.753437, 0.772212]	          ##########	Count: 1 (50%)	Total: 2 (100%)
[cartographer_node-1] [INFO] [1778822208.401307203] [cartographer logger]: I0515 14:16:48.000000 52152 pose_graph_2d.cc:538] Remaining work items in queue: 1
[cartographer_node-1] [INFO] [1778822208.401340466] [cartographer logger]: I0515 14:16:48.000000 52152 constraint_builder_2d.cc:294] 0 computations resulted in 0 additional constraints.
[cartographer_node-1] [INFO] [1778822208.402097590] [cartographer logger]: I0515 14:16:48.000000 52152 constraint_builder_2d.cc:296] Score histogram:
[cartographer_node-1] Count: 2  Min: 0.584465  Max: 0.772212  Mean: 0.678339
[cartographer_node-1] [0.584465, 0.603240)	          ##########	Count: 1 (50%)	Total: 1 (50%)
[cartographer_node-1] [0.603240, 0.622015)	                    	Count: 0 (0%)	Total: 1 (50%)
[cartographer_node-1] [0.622015, 0.640789)	                    	Count: 0 (0%)	Total: 1 (50%)
[cartographer_node-1] [0.640789, 0.659564)	                    	Count: 0 (0%)	Total: 1 (50%)
[cartographer_node-1] [0.659564, 0.678339)	                    	Count: 0 (0%)	Total: 1 (50%)
[cartographer_node-1] [0.678339, 0.697113)	                    	Count: 0 (0%)	Total: 1 (50%)
[cartographer_node-1] [0.697113, 0.715888)	                    	Count: 0 (0%)	Total: 1 (50%)
[cartographer_node-1] [0.715888, 0.734663)	                    	Count: 0 (0%)	Total: 1 (50%)
[cartographer_node-1] [0.734663, 0.753437)	                    	Count: 0 (0%)	Total: 1 (50%)
[cartographer_node-1] [0.753437, 0.772212]	          ##########	Count: 1 (50%)	Total: 2 (100%)
[cartographer_node-1] [INFO] [1778822208.429573910] [cartographer logger]: I0515 14:16:48.000000 52150 pose_graph_2d.cc:538] Remaining work items in queue: 0
[cartographer_node-1] [INFO] [1778822208.429609534] [cartographer logger]: I0515 14:16:48.000000 52150 constraint_builder_2d.cc:294] 0 computations resulted in 0 additional constraints.
[cartographer_node-1] [INFO] [1778822208.429834428] [cartographer logger]: I0515 14:16:48.000000 52150 constraint_builder_2d.cc:296] Score histogram:
[cartographer_node-1] Count: 2  Min: 0.584465  Max: 0.772212  Mean: 0.678339
[cartographer_node-1] [0.584465, 0.603240)	          ##########	Count: 1 (50%)	Total: 1 (50%)
[cartographer_node-1] [0.603240, 0.622015)	                    	Count: 0 (0%)	Total: 1 (50%)
[cartographer_node-1] [0.622015, 0.640789)	                    	Count: 0 (0%)	Total: 1 (50%)
[cartographer_node-1] [0.640789, 0.659564)	                    	Count: 0 (0%)	Total: 1 (50%)
[cartographer_node-1] [0.659564, 0.678339)	                    	Count: 0 (0%)	Total: 1 (50%)
[cartographer_node-1] [0.678339, 0.697113)	                    	Count: 0 (0%)	Total: 1 (50%)
[cartographer_node-1] [0.697113, 0.715888)	                    	Count: 0 (0%)	Total: 1 (50%)
[cartographer_node-1] [0.715888, 0.734663)	                    	Count: 0 (0%)	Total: 1 (50%)
[cartographer_node-1] [0.734663, 0.753437)	                    	Count: 0 (0%)	Total: 1 (50%)
[cartographer_node-1] [0.753437, 0.772212]	          ##########	Count: 1 (50%)	Total: 2 (100%)
[cartographer_node-1] [INFO] [1778822208.491612429] [cartographer logger]: I0515 14:16:48.000000 52150 pose_graph_2d.cc:538] Remaining work items in queue: 0
[cartographer_node-1] [INFO] [1778822208.547507011] [cartographer logger]: I0515 14:16:48.000000 52151 constraint_builder_2d.cc:279] Node (1, 85) with 211 points on submap (0, 10) matches with score 68.4%.
[cartographer_node-1] [INFO] [1778822208.547545978] [cartographer logger]: I0515 14:16:48.000000 52151 constraint_builder_2d.cc:294] 1 computations resulted in 1 additional constraints.
[cartographer_node-1] [INFO] [1778822208.547630088] [cartographer logger]: I0515 14:16:48.000000 52151 constraint_builder_2d.cc:296] Score histogram:
[cartographer_node-1] Count: 3  Min: 0.584465  Max: 0.772212  Mean: 0.680223
[cartographer_node-1] [0.584465, 0.603240)	             #######	Count: 1 (33.3333%)	Total: 1 (33.3333%)
[cartographer_node-1] [0.603240, 0.622015)	                    	Count: 0 (0%)	Total: 1 (33.3333%)
[cartographer_node-1] [0.622015, 0.640789)	                    	Count: 0 (0%)	Total: 1 (33.3333%)
[cartographer_node-1] [0.640789, 0.659564)	                    	Count: 0 (0%)	Total: 1 (33.3333%)
[cartographer_node-1] [0.659564, 0.678339)	                    	Count: 0 (0%)	Total: 1 (33.3333%)
[cartographer_node-1] [0.678339, 0.697113)	             #######	Count: 1 (33.3333%)	Total: 2 (66.6667%)
[cartographer_node-1] [0.697113, 0.715888)	                    	Count: 0 (0%)	Total: 2 (66.6667%)
[cartographer_node-1] [0.715888, 0.734663)	                    	Count: 0 (0%)	Total: 2 (66.6667%)
[cartographer_node-1] [0.734663, 0.753437)	                    	Count: 0 (0%)	Total: 2 (66.6667%)
[cartographer_node-1] [0.753437, 0.772212]	             #######	Count: 1 (33.3333%)	Total: 3 (100%)
[cartographer_node-1] [INFO] [1778822208.599492713] [cartographer logger]: I0515 14:16:48.000000 52151 pose_graph_2d.cc:538] Remaining work items in queue: 6
[cartographer_node-1] [INFO] [1778822208.599558421] [cartographer logger]: I0515 14:16:48.000000 52151 constraint_builder_2d.cc:294] 0 computations resulted in 0 additional constraints.
[cartographer_node-1] [INFO] [1778822208.599781267] [cartographer logger]: I0515 14:16:48.000000 52151 constraint_builder_2d.cc:296] Score histogram:
[cartographer_node-1] Count: 3  Min: 0.584465  Max: 0.772212  Mean: 0.680223
[cartographer_node-1] [0.584465, 0.603240)	             #######	Count: 1 (33.3333%)	Total: 1 (33.3333%)
[cartographer_node-1] [0.603240, 0.622015)	                    	Count: 0 (0%)	Total: 1 (33.3333%)
[cartographer_node-1] [0.622015, 0.640789)	                    	Count: 0 (0%)	Total: 1 (33.3333%)
[cartographer_node-1] [0.640789, 0.659564)	                    	Count: 0 (0%)	Total: 1 (33.3333%)
[cartographer_node-1] [0.659564, 0.678339)	                    	Count: 0 (0%)	Total: 1 (33.3333%)
[cartographer_node-1] [0.678339, 0.697113)	             #######	Count: 1 (33.3333%)	Total: 2 (66.6667%)
[cartographer_node-1] [0.697113, 0.715888)	                    	Count: 0 (0%)	Total: 2 (66.6667%)
[cartographer_node-1] [0.715888, 0.734663)	                    	Count: 0 (0%)	Total: 2 (66.6667%)
[cartographer_node-1] [0.734663, 0.753437)	                    	Count: 0 (0%)	Total: 2 (66.6667%)
[cartographer_node-1] [0.753437, 0.772212]	             #######	Count: 1 (33.3333%)	Total: 3 (100%)
[cartographer_node-1] [INFO] [1778822208.633993852] [cartographer logger]: I0515 14:16:48.000000 52136 pose_graph_2d.cc:148] Inserted submap (1, 1).
[cartographer_node-1] [INFO] [1778822208.648560194] [cartographer logger]: I0515 14:16:48.000000 52151 pose_graph_2d.cc:538] Remaining work items in queue: 4
[cartographer_node-1] [INFO] [1778822208.648595477] [cartographer logger]: I0515 14:16:48.000000 52151 constraint_builder_2d.cc:294] 0 computations resulted in 0 additional constraints.
[cartographer_node-1] [INFO] [1778822208.648799262] [cartographer logger]: I0515 14:16:48.000000 52151 constraint_builder_2d.cc:296] Score histogram:
[cartographer_node-1] Count: 3  Min: 0.584465  Max: 0.772212  Mean: 0.680223
[cartographer_node-1] [0.584465, 0.603240)	             #######	Count: 1 (33.3333%)	Total: 1 (33.3333%)
[cartographer_node-1] [0.603240, 0.622015)	                    	Count: 0 (0%)	Total: 1 (33.3333%)
[cartographer_node-1] [0.622015, 0.640789)	                    	Count: 0 (0%)	Total: 1 (33.3333%)
[cartographer_node-1] [0.640789, 0.659564)	                    	Count: 0 (0%)	Total: 1 (33.3333%)
[cartographer_node-1] [0.659564, 0.678339)	                    	Count: 0 (0%)	Total: 1 (33.3333%)
[cartographer_node-1] [0.678339, 0.697113)	             #######	Count: 1 (33.3333%)	Total: 2 (66.6667%)
[cartographer_node-1] [0.697113, 0.715888)	                    	Count: 0 (0%)	Total: 2 (66.6667%)
[cartographer_node-1] [0.715888, 0.734663)	                    	Count: 0 (0%)	Total: 2 (66.6667%)
[cartographer_node-1] [0.734663, 0.753437)	                    	Count: 0 (0%)	Total: 2 (66.6667%)
[cartographer_node-1] [0.753437, 0.772212]	             #######	Count: 1 (33.3333%)	Total: 3 (100%)
[cartographer_node-1] [INFO] [1778822208.663564590] [cartographer logger]: I0515 14:16:48.000000 52153 pose_graph_2d.cc:538] Remaining work items in queue: 0
[cartographer_node-1] [INFO] [1778822208.663605805] [cartographer logger]: I0515 14:16:48.000000 52153 constraint_builder_2d.cc:294] 0 computations resulted in 0 additional constraints.
[cartographer_node-1] [INFO] [1778822208.663863697] [cartographer logger]: I0515 14:16:48.000000 52153 constraint_builder_2d.cc:296] Score histogram:
[cartographer_node-1] Count: 3  Min: 0.584465  Max: 0.772212  Mean: 0.680223
[cartographer_node-1] [0.584465, 0.603240)	             #######	Count: 1 (33.3333%)	Total: 1 (33.3333%)
[cartographer_node-1] [0.603240, 0.622015)	                    	Count: 0 (0%)	Total: 1 (33.3333%)
[cartographer_node-1] [0.622015, 0.640789)	                    	Count: 0 (0%)	Total: 1 (33.3333%)
[cartographer_node-1] [0.640789, 0.659564)	                    	Count: 0 (0%)	Total: 1 (33.3333%)
[cartographer_node-1] [0.659564, 0.678339)	                    	Count: 0 (0%)	Total: 1 (33.3333%)
[cartographer_node-1] [0.678339, 0.697113)	             #######	Count: 1 (33.3333%)	Total: 2 (66.6667%)
[cartographer_node-1] [0.697113, 0.715888)	                    	Count: 0 (0%)	Total: 2 (66.6667%)
[cartographer_node-1] [0.715888, 0.734663)	                    	Count: 0 (0%)	Total: 2 (66.6667%)
[cartographer_node-1] [0.734663, 0.753437)	                    	Count: 0 (0%)	Total: 2 (66.6667%)
[cartographer_node-1] [0.753437, 0.772212]	             #######	Count: 1 (33.3333%)	Total: 3 (100%)
[cartographer_node-1] [INFO] [1778822208.708056458] [cartographer logger]: I0515 14:16:48.000000 52151 pose_graph_2d.cc:538] Remaining work items in queue: 0
[cartographer_node-1] [INFO] [1778822208.708116950] [cartographer logger]: I0515 14:16:48.000000 52151 constraint_builder_2d.cc:294] 0 computations resulted in 0 additional constraints.
[cartographer_node-1] [INFO] [1778822208.708390613] [cartographer logger]: I0515 14:16:48.000000 52151 constraint_builder_2d.cc:296] Score histogram:
[cartographer_node-1] Count: 3  Min: 0.584465  Max: 0.772212  Mean: 0.680223
[cartographer_node-1] [0.584465, 0.603240)	             #######	Count: 1 (33.3333%)	Total: 1 (33.3333%)
[cartographer_node-1] [0.603240, 0.622015)	                    	Count: 0 (0%)	Total: 1 (33.3333%)
[cartographer_node-1] [0.622015, 0.640789)	                    	Count: 0 (0%)	Total: 1 (33.3333%)
[cartographer_node-1] [0.640789, 0.659564)	                    	Count: 0 (0%)	Total: 1 (33.3333%)
[cartographer_node-1] [0.659564, 0.678339)	                    	Count: 0 (0%)	Total: 1 (33.3333%)
[cartographer_node-1] [0.678339, 0.697113)	             #######	Count: 1 (33.3333%)	Total: 2 (66.6667%)
[cartographer_node-1] [0.697113, 0.715888)	                    	Count: 0 (0%)	Total: 2 (66.6667%)
[cartographer_node-1] [0.715888, 0.734663)	                    	Count: 0 (0%)	Total: 2 (66.6667%)
[cartographer_node-1] [0.734663, 0.753437)	                    	Count: 0 (0%)	Total: 2 (66.6667%)
[cartographer_node-1] [0.753437, 0.772212]	             #######	Count: 1 (33.3333%)	Total: 3 (100%)
[cartographer_node-1] [INFO] [1778822208.759844984] [cartographer logger]: I0515 14:16:48.000000 52152 pose_graph_2d.cc:538] Remaining work items in queue: 0
[cartographer_node-1] [INFO] [1778822208.759880558] [cartographer logger]: I0515 14:16:48.000000 52152 constraint_builder_2d.cc:294] 0 computations resulted in 0 additional constraints.
[cartographer_node-1] [INFO] [1778822208.759930646] [cartographer logger]: I0515 14:16:48.000000 52152 constraint_builder_2d.cc:296] Score histogram:
[cartographer_node-1] Count: 3  Min: 0.584465  Max: 0.772212  Mean: 0.680223
[cartographer_node-1] [0.584465, 0.603240)	             #######	Count: 1 (33.3333%)	Total: 1 (33.3333%)
[cartographer_node-1] [0.603240, 0.622015)	                    	Count: 0 (0%)	Total: 1 (33.3333%)
[cartographer_node-1] [0.622015, 0.640789)	                    	Count: 0 (0%)	Total: 1 (33.3333%)
[cartographer_node-1] [0.640789, 0.659564)	                    	Count: 0 (0%)	Total: 1 (33.3333%)
[cartographer_node-1] [0.659564, 0.678339)	                    	Count: 0 (0%)	Total: 1 (33.3333%)
[cartographer_node-1] [0.678339, 0.697113)	             #######	Count: 1 (33.3333%)	Total: 2 (66.6667%)
[cartographer_node-1] [0.697113, 0.715888)	                    	Count: 0 (0%)	Total: 2 (66.6667%)
[cartographer_node-1] [0.715888, 0.734663)	                    	Count: 0 (0%)	Total: 2 (66.6667%)
[cartographer_node-1] [0.734663, 0.753437)	                    	Count: 0 (0%)	Total: 2 (66.6667%)
[cartographer_node-1] [0.753437, 0.772212]	             #######	Count: 1 (33.3333%)	Total: 3 (100%)
[cartographer_node-1] [INFO] [1778822208.798757079] [cartographer logger]: I0515 14:16:48.000000 52150 pose_graph_2d.cc:538] Remaining work items in queue: 0
[cartographer_node-1] [INFO] [1778822208.798787677] [cartographer logger]: I0515 14:16:48.000000 52150 constraint_builder_2d.cc:294] 0 computations resulted in 0 additional constraints.
[cartographer_node-1] [INFO] [1778822208.798985841] [cartographer logger]: I0515 14:16:48.000000 52150 constraint_builder_2d.cc:296] Score histogram:
[cartographer_node-1] Count: 3  Min: 0.584465  Max: 0.772212  Mean: 0.680223
[cartographer_node-1] [0.584465, 0.603240)	             #######	Count: 1 (33.3333%)	Total: 1 (33.3333%)
[cartographer_node-1] [0.603240, 0.622015)	                    	Count: 0 (0%)	Total: 1 (33.3333%)
[cartographer_node-1] [0.622015, 0.640789)	                    	Count: 0 (0%)	Total: 1 (33.3333%)
[cartographer_node-1] [0.640789, 0.659564)	                    	Count: 0 (0%)	Total: 1 (33.3333%)
[cartographer_node-1] [0.659564, 0.678339)	                    	Count: 0 (0%)	Total: 1 (33.3333%)
[cartographer_node-1] [0.678339, 0.697113)	             #######	Count: 1 (33.3333%)	Total: 2 (66.6667%)
[cartographer_node-1] [0.697113, 0.715888)	                    	Count: 0 (0%)	Total: 2 (66.6667%)
[cartographer_node-1] [0.715888, 0.734663)	                    	Count: 0 (0%)	Total: 2 (66.6667%)
[cartographer_node-1] [0.734663, 0.753437)	                    	Count: 0 (0%)	Total: 2 (66.6667%)
[cartographer_node-1] [0.753437, 0.772212]	             #######	Count: 1 (33.3333%)	Total: 3 (100%)
[cartographer_node-1] [INFO] [1778822208.830724306] [cartographer logger]: I0515 14:16:48.000000 52150 pose_graph_2d.cc:538] Remaining work items in queue: 1
[cartographer_node-1] [INFO] [1778822208.830766204] [cartographer logger]: I0515 14:16:48.000000 52150 constraint_builder_2d.cc:294] 0 computations resulted in 0 additional constraints.
[cartographer_node-1] [INFO] [1778822208.830994082] [cartographer logger]: I0515 14:16:48.000000 52150 constraint_builder_2d.cc:296] Score histogram:
[cartographer_node-1] Count: 3  Min: 0.584465  Max: 0.772212  Mean: 0.680223
[cartographer_node-1] [0.584465, 0.603240)	             #######	Count: 1 (33.3333%)	Total: 1 (33.3333%)
[cartographer_node-1] [0.603240, 0.622015)	                    	Count: 0 (0%)	Total: 1 (33.3333%)
[cartographer_node-1] [0.622015, 0.640789)	                    	Count: 0 (0%)	Total: 1 (33.3333%)
[cartographer_node-1] [0.640789, 0.659564)	                    	Count: 0 (0%)	Total: 1 (33.3333%)
[cartographer_node-1] [0.659564, 0.678339)	                    	Count: 0 (0%)	Total: 1 (33.3333%)
[cartographer_node-1] [0.678339, 0.697113)	             #######	Count: 1 (33.3333%)	Total: 2 (66.6667%)
[cartographer_node-1] [0.697113, 0.715888)	                    	Count: 0 (0%)	Total: 2 (66.6667%)
[cartographer_node-1] [0.715888, 0.734663)	                    	Count: 0 (0%)	Total: 2 (66.6667%)
[cartographer_node-1] [0.734663, 0.753437)	                    	Count: 0 (0%)	Total: 2 (66.6667%)
[cartographer_node-1] [0.753437, 0.772212]	             #######	Count: 1 (33.3333%)	Total: 3 (100%)
[cartographer_node-1] [INFO] [1778822208.911471349] [cartographer logger]: I0515 14:16:48.000000 52150 pose_graph_2d.cc:538] Remaining work items in queue: 0
[cartographer_node-1] [INFO] [1778822208.972850419] [cartographer logger]: I0515 14:16:48.000000 52152 constraint_builder_2d.cc:294] 1 computations resulted in 0 additional constraints.
[cartographer_node-1] [INFO] [1778822208.972949675] [cartographer logger]: I0515 14:16:48.000000 52152 constraint_builder_2d.cc:296] Score histogram:
[cartographer_node-1] Count: 3  Min: 0.584465  Max: 0.772212  Mean: 0.680223
[cartographer_node-1] [0.584465, 0.603240)	             #######	Count: 1 (33.3333%)	Total: 1 (33.3333%)
[cartographer_node-1] [0.603240, 0.622015)	                    	Count: 0 (0%)	Total: 1 (33.3333%)
[cartographer_node-1] [0.622015, 0.640789)	                    	Count: 0 (0%)	Total: 1 (33.3333%)
[cartographer_node-1] [0.640789, 0.659564)	                    	Count: 0 (0%)	Total: 1 (33.3333%)
[cartographer_node-1] [0.659564, 0.678339)	                    	Count: 0 (0%)	Total: 1 (33.3333%)
[cartographer_node-1] [0.678339, 0.697113)	             #######	Count: 1 (33.3333%)	Total: 2 (66.6667%)
[cartographer_node-1] [0.697113, 0.715888)	                    	Count: 0 (0%)	Total: 2 (66.6667%)
[cartographer_node-1] [0.715888, 0.734663)	                    	Count: 0 (0%)	Total: 2 (66.6667%)
[cartographer_node-1] [0.734663, 0.753437)	                    	Count: 0 (0%)	Total: 2 (66.6667%)
[cartographer_node-1] [0.753437, 0.772212]	             #######	Count: 1 (33.3333%)	Total: 3 (100%)
[cartographer_node-1] [INFO] [1778822208.987362859] [cartographer logger]: I0515 14:16:48.000000 52152 pose_graph_2d.cc:538] Remaining work items in queue: 3
[cartographer_node-1] [INFO] [1778822208.987401053] [cartographer logger]: I0515 14:16:48.000000 52152 constraint_builder_2d.cc:294] 0 computations resulted in 0 additional constraints.
[cartographer_node-1] [INFO] [1778822208.987604163] [cartographer logger]: I0515 14:16:48.000000 52152 constraint_builder_2d.cc:296] Score histogram:
[cartographer_node-1] Count: 3  Min: 0.584465  Max: 0.772212  Mean: 0.680223
[cartographer_node-1] [0.584465, 0.603240)	             #######	Count: 1 (33.3333%)	Total: 1 (33.3333%)
[cartographer_node-1] [0.603240, 0.622015)	                    	Count: 0 (0%)	Total: 1 (33.3333%)
[cartographer_node-1] [0.622015, 0.640789)	                    	Count: 0 (0%)	Total: 1 (33.3333%)
[cartographer_node-1] [0.640789, 0.659564)	                    	Count: 0 (0%)	Total: 1 (33.3333%)
[cartographer_node-1] [0.659564, 0.678339)	                    	Count: 0 (0%)	Total: 1 (33.3333%)
[cartographer_node-1] [0.678339, 0.697113)	             #######	Count: 1 (33.3333%)	Total: 2 (66.6667%)
[cartographer_node-1] [0.697113, 0.715888)	                    	Count: 0 (0%)	Total: 2 (66.6667%)
[cartographer_node-1] [0.715888, 0.734663)	                    	Count: 0 (0%)	Total: 2 (66.6667%)
[cartographer_node-1] [0.734663, 0.753437)	                    	Count: 0 (0%)	Total: 2 (66.6667%)
[cartographer_node-1] [0.753437, 0.772212]	             #######	Count: 1 (33.3333%)	Total: 3 (100%)
[cartographer_node-1] [INFO] [1778822209.006990659] [cartographer logger]: I0515 14:16:49.000000 52151 pose_graph_2d.cc:538] Remaining work items in queue: 0
[cartographer_node-1] [INFO] [1778822209.007040878] [cartographer logger]: I0515 14:16:49.000000 52151 constraint_builder_2d.cc:294] 0 computations resulted in 0 additional constraints.
[cartographer_node-1] [INFO] [1778822209.007317565] [cartographer logger]: I0515 14:16:49.000000 52151 constraint_builder_2d.cc:296] Score histogram:
[cartographer_node-1] Count: 3  Min: 0.584465  Max: 0.772212  Mean: 0.680223
[cartographer_node-1] [0.584465, 0.603240)	             #######	Count: 1 (33.3333%)	Total: 1 (33.3333%)
[cartographer_node-1] [0.603240, 0.622015)	                    	Count: 0 (0%)	Total: 1 (33.3333%)
[cartographer_node-1] [0.622015, 0.640789)	                    	Count: 0 (0%)	Total: 1 (33.3333%)
[cartographer_node-1] [0.640789, 0.659564)	                    	Count: 0 (0%)	Total: 1 (33.3333%)
[cartographer_node-1] [0.659564, 0.678339)	                    	Count: 0 (0%)	Total: 1 (33.3333%)
[cartographer_node-1] [0.678339, 0.697113)	             #######	Count: 1 (33.3333%)	Total: 2 (66.6667%)
[cartographer_node-1] [0.697113, 0.715888)	                    	Count: 0 (0%)	Total: 2 (66.6667%)
[cartographer_node-1] [0.715888, 0.734663)	                    	Count: 0 (0%)	Total: 2 (66.6667%)
[cartographer_node-1] [0.734663, 0.753437)	                    	Count: 0 (0%)	Total: 2 (66.6667%)
[cartographer_node-1] [0.753437, 0.772212]	             #######	Count: 1 (33.3333%)	Total: 3 (100%)
[cartographer_node-1] [INFO] [1778822209.106747758] [cartographer logger]: I0515 14:16:49.000000 52152 pose_graph_2d.cc:538] Remaining work items in queue: 0
[cartographer_node-1] [INFO] [1778822209.106784110] [cartographer logger]: I0515 14:16:49.000000 52152 constraint_builder_2d.cc:294] 0 computations resulted in 0 additional constraints.
[cartographer_node-1] [INFO] [1778822209.106837106] [cartographer logger]: I0515 14:16:49.000000 52152 constraint_builder_2d.cc:296] Score histogram:
[cartographer_node-1] Count: 3  Min: 0.584465  Max: 0.772212  Mean: 0.680223
[cartographer_node-1] [0.584465, 0.603240)	             #######	Count: 1 (33.3333%)	Total: 1 (33.3333%)
[cartographer_node-1] [0.603240, 0.622015)	                    	Count: 0 (0%)	Total: 1 (33.3333%)
[cartographer_node-1] [0.622015, 0.640789)	                    	Count: 0 (0%)	Total: 1 (33.3333%)
[cartographer_node-1] [0.640789, 0.659564)	                    	Count: 0 (0%)	Total: 1 (33.3333%)
[cartographer_node-1] [0.659564, 0.678339)	                    	Count: 0 (0%)	Total: 1 (33.3333%)
[cartographer_node-1] [0.678339, 0.697113)	             #######	Count: 1 (33.3333%)	Total: 2 (66.6667%)
[cartographer_node-1] [0.697113, 0.715888)	                    	Count: 0 (0%)	Total: 2 (66.6667%)
[cartographer_node-1] [0.715888, 0.734663)	                    	Count: 0 (0%)	Total: 2 (66.6667%)
[cartographer_node-1] [0.734663, 0.753437)	                    	Count: 0 (0%)	Total: 2 (66.6667%)
[cartographer_node-1] [0.753437, 0.772212]	             #######	Count: 1 (33.3333%)	Total: 3 (100%)
[cartographer_node-1] [INFO] [1778822209.206746694] [cartographer logger]: I0515 14:16:49.000000 52152 pose_graph_2d.cc:538] Remaining work items in queue: 0
[cartographer_node-1] [INFO] [1778822209.206793883] [cartographer logger]: I0515 14:16:49.000000 52152 constraint_builder_2d.cc:294] 0 computations resulted in 0 additional constraints.
[cartographer_node-1] [INFO] [1778822209.207005451] [cartographer logger]: I0515 14:16:49.000000 52152 constraint_builder_2d.cc:296] Score histogram:
[cartographer_node-1] Count: 3  Min: 0.584465  Max: 0.772212  Mean: 0.680223
[cartographer_node-1] [0.584465, 0.603240)	             #######	Count: 1 (33.3333%)	Total: 1 (33.3333%)
[cartographer_node-1] [0.603240, 0.622015)	                    	Count: 0 (0%)	Total: 1 (33.3333%)
[cartographer_node-1] [0.622015, 0.640789)	                    	Count: 0 (0%)	Total: 1 (33.3333%)
[cartographer_node-1] [0.640789, 0.659564)	                    	Count: 0 (0%)	Total: 1 (33.3333%)
[cartographer_node-1] [0.659564, 0.678339)	                    	Count: 0 (0%)	Total: 1 (33.3333%)
[cartographer_node-1] [0.678339, 0.697113)	             #######	Count: 1 (33.3333%)	Total: 2 (66.6667%)
[cartographer_node-1] [0.697113, 0.715888)	                    	Count: 0 (0%)	Total: 2 (66.6667%)
[cartographer_node-1] [0.715888, 0.734663)	                    	Count: 0 (0%)	Total: 2 (66.6667%)
[cartographer_node-1] [0.734663, 0.753437)	                    	Count: 0 (0%)	Total: 2 (66.6667%)
[cartographer_node-1] [0.753437, 0.772212]	             #######	Count: 1 (33.3333%)	Total: 3 (100%)
[cartographer_node-1] [INFO] [1778822209.332352992] [cartographer logger]: I0515 14:16:49.000000 52153 pose_graph_2d.cc:538] Remaining work items in queue: 0
[cartographer_node-1] [INFO] [1778822209.332392685] [cartographer logger]: I0515 14:16:49.000000 52153 constraint_builder_2d.cc:294] 0 computations resulted in 0 additional constraints.
[cartographer_node-1] [INFO] [1778822209.332663273] [cartographer logger]: I0515 14:16:49.000000 52153 constraint_builder_2d.cc:296] Score histogram:
[cartographer_node-1] Count: 3  Min: 0.584465  Max: 0.772212  Mean: 0.680223
[cartographer_node-1] [0.584465, 0.603240)	             #######	Count: 1 (33.3333%)	Total: 1 (33.3333%)
[cartographer_node-1] [0.603240, 0.622015)	                    	Count: 0 (0%)	Total: 1 (33.3333%)
[cartographer_node-1] [0.622015, 0.640789)	                    	Count: 0 (0%)	Total: 1 (33.3333%)
[cartographer_node-1] [0.640789, 0.659564)	                    	Count: 0 (0%)	Total: 1 (33.3333%)
[cartographer_node-1] [0.659564, 0.678339)	                    	Count: 0 (0%)	Total: 1 (33.3333%)
[cartographer_node-1] [0.678339, 0.697113)	             #######	Count: 1 (33.3333%)	Total: 2 (66.6667%)
[cartographer_node-1] [0.697113, 0.715888)	                    	Count: 0 (0%)	Total: 2 (66.6667%)
[cartographer_node-1] [0.715888, 0.734663)	                    	Count: 0 (0%)	Total: 2 (66.6667%)
[cartographer_node-1] [0.734663, 0.753437)	                    	Count: 0 (0%)	Total: 2 (66.6667%)
[cartographer_node-1] [0.753437, 0.772212]	             #######	Count: 1 (33.3333%)	Total: 3 (100%)
[cartographer_node-1] [INFO] [1778822209.439529608] [cartographer logger]: I0515 14:16:49.000000 52150 pose_graph_2d.cc:538] Remaining work items in queue: 0
[cartographer_node-1] [INFO] [1778822209.439569721] [cartographer logger]: I0515 14:16:49.000000 52150 constraint_builder_2d.cc:294] 0 computations resulted in 0 additional constraints.
[cartographer_node-1] [INFO] [1778822209.439792336] [cartographer logger]: I0515 14:16:49.000000 52150 constraint_builder_2d.cc:296] Score histogram:
[cartographer_node-1] Count: 3  Min: 0.584465  Max: 0.772212  Mean: 0.680223
[cartographer_node-1] [0.584465, 0.603240)	             #######	Count: 1 (33.3333%)	Total: 1 (33.3333%)
[cartographer_node-1] [0.603240, 0.622015)	                    	Count: 0 (0%)	Total: 1 (33.3333%)
[cartographer_node-1] [0.622015, 0.640789)	                    	Count: 0 (0%)	Total: 1 (33.3333%)
[cartographer_node-1] [0.640789, 0.659564)	                    	Count: 0 (0%)	Total: 1 (33.3333%)
[cartographer_node-1] [0.659564, 0.678339)	                    	Count: 0 (0%)	Total: 1 (33.3333%)
[cartographer_node-1] [0.678339, 0.697113)	             #######	Count: 1 (33.3333%)	Total: 2 (66.6667%)
[cartographer_node-1] [0.697113, 0.715888)	                    	Count: 0 (0%)	Total: 2 (66.6667%)
[cartographer_node-1] [0.715888, 0.734663)	                    	Count: 0 (0%)	Total: 2 (66.6667%)
[cartographer_node-1] [0.734663, 0.753437)	                    	Count: 0 (0%)	Total: 2 (66.6667%)
[cartographer_node-1] [0.753437, 0.772212]	             #######	Count: 1 (33.3333%)	Total: 3 (100%)
[cartographer_node-1] [INFO] [1778822209.554151485] [cartographer logger]: I0515 14:16:49.000000 52150 pose_graph_2d.cc:538] Remaining work items in queue: 0
[cartographer_node-1] [INFO] [1778822209.568092568] [cartographer logger]: I0515 14:16:49.000000 52153 constraint_builder_2d.cc:294] 1 computations resulted in 0 additional constraints.
[cartographer_node-1] [INFO] [1778822209.568196365] [cartographer logger]: I0515 14:16:49.000000 52153 constraint_builder_2d.cc:296] Score histogram:
[cartographer_node-1] Count: 3  Min: 0.584465  Max: 0.772212  Mean: 0.680223
[cartographer_node-1] [0.584465, 0.603240)	             #######	Count: 1 (33.3333%)	Total: 1 (33.3333%)
[cartographer_node-1] [0.603240, 0.622015)	                    	Count: 0 (0%)	Total: 1 (33.3333%)
[cartographer_node-1] [0.622015, 0.640789)	                    	Count: 0 (0%)	Total: 1 (33.3333%)
[cartographer_node-1] [0.640789, 0.659564)	                    	Count: 0 (0%)	Total: 1 (33.3333%)
[cartographer_node-1] [0.659564, 0.678339)	                    	Count: 0 (0%)	Total: 1 (33.3333%)
[cartographer_node-1] [0.678339, 0.697113)	             #######	Count: 1 (33.3333%)	Total: 2 (66.6667%)
[cartographer_node-1] [0.697113, 0.715888)	                    	Count: 0 (0%)	Total: 2 (66.6667%)
[cartographer_node-1] [0.715888, 0.734663)	                    	Count: 0 (0%)	Total: 2 (66.6667%)
[cartographer_node-1] [0.734663, 0.753437)	                    	Count: 0 (0%)	Total: 2 (66.6667%)
[cartographer_node-1] [0.753437, 0.772212]	             #######	Count: 1 (33.3333%)	Total: 3 (100%)
[cartographer_node-1] [INFO] [1778822209.601742586] [cartographer logger]: I0515 14:16:49.000000 52151 pose_graph_2d.cc:538] Remaining work items in queue: 0
[cartographer_node-1] [INFO] [1778822209.601804412] [cartographer logger]: I0515 14:16:49.000000 52151 constraint_builder_2d.cc:294] 0 computations resulted in 0 additional constraints.
[cartographer_node-1] [INFO] [1778822209.602134843] [cartographer logger]: I0515 14:16:49.000000 52151 constraint_builder_2d.cc:296] Score histogram:
[cartographer_node-1] Count: 3  Min: 0.584465  Max: 0.772212  Mean: 0.680223
[cartographer_node-1] [0.584465, 0.603240)	             #######	Count: 1 (33.3333%)	Total: 1 (33.3333%)
[cartographer_node-1] [0.603240, 0.622015)	                    	Count: 0 (0%)	Total: 1 (33.3333%)
[cartographer_node-1] [0.622015, 0.640789)	                    	Count: 0 (0%)	Total: 1 (33.3333%)
[cartographer_node-1] [0.640789, 0.659564)	                    	Count: 0 (0%)	Total: 1 (33.3333%)
[cartographer_node-1] [0.659564, 0.678339)	                    	Count: 0 (0%)	Total: 1 (33.3333%)
[cartographer_node-1] [0.678339, 0.697113)	             #######	Count: 1 (33.3333%)	Total: 2 (66.6667%)
[cartographer_node-1] [0.697113, 0.715888)	                    	Count: 0 (0%)	Total: 2 (66.6667%)
[cartographer_node-1] [0.715888, 0.734663)	                    	Count: 0 (0%)	Total: 2 (66.6667%)
[cartographer_node-1] [0.734663, 0.753437)	                    	Count: 0 (0%)	Total: 2 (66.6667%)
[cartographer_node-1] [0.753437, 0.772212]	             #######	Count: 1 (33.3333%)	Total: 3 (100%)
[cartographer_node-1] [INFO] [1778822209.684042813] [cartographer logger]: I0515 14:16:49.000000 52153 pose_graph_2d.cc:538] Remaining work items in queue: 0
[cartographer_node-1] [INFO] [1778822209.684082181] [cartographer logger]: I0515 14:16:49.000000 52153 constraint_builder_2d.cc:294] 0 computations resulted in 0 additional constraints.
[cartographer_node-1] [INFO] [1778822209.684575161] [cartographer logger]: I0515 14:16:49.000000 52153 constraint_builder_2d.cc:296] Score histogram:
[cartographer_node-1] Count: 3  Min: 0.584465  Max: 0.772212  Mean: 0.680223
[cartographer_node-1] [0.584465, 0.603240)	             #######	Count: 1 (33.3333%)	Total: 1 (33.3333%)
[cartographer_node-1] [0.603240, 0.622015)	                    	Count: 0 (0%)	Total: 1 (33.3333%)
[cartographer_node-1] [0.622015, 0.640789)	                    	Count: 0 (0%)	Total: 1 (33.3333%)
[cartographer_node-1] [0.640789, 0.659564)	                    	Count: 0 (0%)	Total: 1 (33.3333%)
[cartographer_node-1] [0.659564, 0.678339)	                    	Count: 0 (0%)	Total: 1 (33.3333%)
[cartographer_node-1] [0.678339, 0.697113)	             #######	Count: 1 (33.3333%)	Total: 2 (66.6667%)
[cartographer_node-1] [0.697113, 0.715888)	                    	Count: 0 (0%)	Total: 2 (66.6667%)
[cartographer_node-1] [0.715888, 0.734663)	                    	Count: 0 (0%)	Total: 2 (66.6667%)
[cartographer_node-1] [0.734663, 0.753437)	                    	Count: 0 (0%)	Total: 2 (66.6667%)
[cartographer_node-1] [0.753437, 0.772212]	             #######	Count: 1 (33.3333%)	Total: 3 (100%)
[cartographer_node-1] [INFO] [1778822209.732189063] [cartographer logger]: I0515 14:16:49.000000 52152 pose_graph_2d.cc:538] Remaining work items in queue: 0
[cartographer_node-1] [INFO] [1778822209.732236621] [cartographer logger]: I0515 14:16:49.000000 52152 constraint_builder_2d.cc:294] 0 computations resulted in 0 additional constraints.
[cartographer_node-1] [INFO] [1778822209.732570095] [cartographer logger]: I0515 14:16:49.000000 52152 constraint_builder_2d.cc:296] Score histogram:
[cartographer_node-1] Count: 3  Min: 0.584465  Max: 0.772212  Mean: 0.680223
[cartographer_node-1] [0.584465, 0.603240)	             #######	Count: 1 (33.3333%)	Total: 1 (33.3333%)
[cartographer_node-1] [0.603240, 0.622015)	                    	Count: 0 (0%)	Total: 1 (33.3333%)
[cartographer_node-1] [0.622015, 0.640789)	                    	Count: 0 (0%)	Total: 1 (33.3333%)
[cartographer_node-1] [0.640789, 0.659564)	                    	Count: 0 (0%)	Total: 1 (33.3333%)
[cartographer_node-1] [0.659564, 0.678339)	                    	Count: 0 (0%)	Total: 1 (33.3333%)
[cartographer_node-1] [0.678339, 0.697113)	             #######	Count: 1 (33.3333%)	Total: 2 (66.6667%)
[cartographer_node-1] [0.697113, 0.715888)	                    	Count: 0 (0%)	Total: 2 (66.6667%)
[cartographer_node-1] [0.715888, 0.734663)	                    	Count: 0 (0%)	Total: 2 (66.6667%)
[cartographer_node-1] [0.734663, 0.753437)	                    	Count: 0 (0%)	Total: 2 (66.6667%)
[cartographer_node-1] [0.753437, 0.772212]	             #######	Count: 1 (33.3333%)	Total: 3 (100%)
[cartographer_node-1] [INFO] [1778822209.825939331] [cartographer logger]: I0515 14:16:49.000000 52151 pose_graph_2d.cc:538] Remaining work items in queue: 0
[cartographer_node-1] [INFO] [1778822209.826003674] [cartographer logger]: I0515 14:16:49.000000 52151 constraint_builder_2d.cc:294] 0 computations resulted in 0 additional constraints.
[cartographer_node-1] [INFO] [1778822209.826328633] [cartographer logger]: I0515 14:16:49.000000 52151 constraint_builder_2d.cc:296] Score histogram:
[cartographer_node-1] Count: 3  Min: 0.584465  Max: 0.772212  Mean: 0.680223
[cartographer_node-1] [0.584465, 0.603240)	             #######	Count: 1 (33.3333%)	Total: 1 (33.3333%)
[cartographer_node-1] [0.603240, 0.622015)	                    	Count: 0 (0%)	Total: 1 (33.3333%)
[cartographer_node-1] [0.622015, 0.640789)	                    	Count: 0 (0%)	Total: 1 (33.3333%)
[cartographer_node-1] [0.640789, 0.659564)	                    	Count: 0 (0%)	Total: 1 (33.3333%)
[cartographer_node-1] [0.659564, 0.678339)	                    	Count: 0 (0%)	Total: 1 (33.3333%)
[cartographer_node-1] [0.678339, 0.697113)	             #######	Count: 1 (33.3333%)	Total: 2 (66.6667%)
[cartographer_node-1] [0.697113, 0.715888)	                    	Count: 0 (0%)	Total: 2 (66.6667%)
[cartographer_node-1] [0.715888, 0.734663)	                    	Count: 0 (0%)	Total: 2 (66.6667%)
[cartographer_node-1] [0.734663, 0.753437)	                    	Count: 0 (0%)	Total: 2 (66.6667%)
[cartographer_node-1] [0.753437, 0.772212]	             #######	Count: 1 (33.3333%)	Total: 3 (100%)
[cartographer_node-1] [INFO] [1778822209.866824370] [cartographer logger]: I0515 14:16:49.000000 52151 pose_graph_2d.cc:538] Remaining work items in queue: 0
[cartographer_node-1] [INFO] [1778822209.866863789] [cartographer logger]: I0515 14:16:49.000000 52151 constraint_builder_2d.cc:294] 0 computations resulted in 0 additional constraints.
[cartographer_node-1] [INFO] [1778822209.867180374] [cartographer logger]: I0515 14:16:49.000000 52151 constraint_builder_2d.cc:296] Score histogram:
[cartographer_node-1] Count: 3  Min: 0.584465  Max: 0.772212  Mean: 0.680223
[cartographer_node-1] [0.584465, 0.603240)	             #######	Count: 1 (33.3333%)	Total: 1 (33.3333%)
[cartographer_node-1] [0.603240, 0.622015)	                    	Count: 0 (0%)	Total: 1 (33.3333%)
[cartographer_node-1] [0.622015, 0.640789)	                    	Count: 0 (0%)	Total: 1 (33.3333%)
[cartographer_node-1] [0.640789, 0.659564)	                    	Count: 0 (0%)	Total: 1 (33.3333%)
[cartographer_node-1] [0.659564, 0.678339)	                    	Count: 0 (0%)	Total: 1 (33.3333%)
[cartographer_node-1] [0.678339, 0.697113)	             #######	Count: 1 (33.3333%)	Total: 2 (66.6667%)
[cartographer_node-1] [0.697113, 0.715888)	                    	Count: 0 (0%)	Total: 2 (66.6667%)
[cartographer_node-1] [0.715888, 0.734663)	                    	Count: 0 (0%)	Total: 2 (66.6667%)
[cartographer_node-1] [0.734663, 0.753437)	                    	Count: 0 (0%)	Total: 2 (66.6667%)
[cartographer_node-1] [0.753437, 0.772212]	             #######	Count: 1 (33.3333%)	Total: 3 (100%)
[cartographer_node-1] [INFO] [1778822209.934883276] [cartographer logger]: I0515 14:16:49.000000 52153 pose_graph_2d.cc:538] Remaining work items in queue: 0
[cartographer_node-1] [INFO] [1778822209.934931468] [cartographer logger]: I0515 14:16:49.000000 52153 constraint_builder_2d.cc:294] 0 computations resulted in 0 additional constraints.
[cartographer_node-1] [INFO] [1778822209.935220055] [cartographer logger]: I0515 14:16:49.000000 52153 constraint_builder_2d.cc:296] Score histogram:
[cartographer_node-1] Count: 3  Min: 0.584465  Max: 0.772212  Mean: 0.680223
[cartographer_node-1] [0.584465, 0.603240)	             #######	Count: 1 (33.3333%)	Total: 1 (33.3333%)
[cartographer_node-1] [0.603240, 0.622015)	                    	Count: 0 (0%)	Total: 1 (33.3333%)
[cartographer_node-1] [0.622015, 0.640789)	                    	Count: 0 (0%)	Total: 1 (33.3333%)
[cartographer_node-1] [0.640789, 0.659564)	                    	Count: 0 (0%)	Total: 1 (33.3333%)
[cartographer_node-1] [0.659564, 0.678339)	                    	Count: 0 (0%)	Total: 1 (33.3333%)
[cartographer_node-1] [0.678339, 0.697113)	             #######	Count: 1 (33.3333%)	Total: 2 (66.6667%)
[cartographer_node-1] [0.697113, 0.715888)	                    	Count: 0 (0%)	Total: 2 (66.6667%)
[cartographer_node-1] [0.715888, 0.734663)	                    	Count: 0 (0%)	Total: 2 (66.6667%)
[cartographer_node-1] [0.734663, 0.753437)	                    	Count: 0 (0%)	Total: 2 (66.6667%)
[cartographer_node-1] [0.753437, 0.772212]	             #######	Count: 1 (33.3333%)	Total: 3 (100%)
[cartographer_node-1] [INFO] [1778822209.988716437] [cartographer logger]: I0515 14:16:49.000000 52150 pose_graph_2d.cc:538] Remaining work items in queue: 0
[cartographer_node-1] [INFO] [1778822210.043082630] [cartographer logger]: I0515 14:16:50.000000 52152 constraint_builder_2d.cc:279] Node (1, 128) with 210 points on submap (0, 8) matches with score 72.5%.
[cartographer_node-1] [INFO] [1778822210.043145024] [cartographer logger]: I0515 14:16:50.000000 52152 constraint_builder_2d.cc:294] 1 computations resulted in 1 additional constraints.
[cartographer_node-1] [INFO] [1778822210.043175145] [cartographer logger]: I0515 14:16:50.000000 52152 constraint_builder_2d.cc:296] Score histogram:
[cartographer_node-1] Count: 4  Min: 0.584465  Max: 0.772212  Mean: 0.691402
[cartographer_node-1] [0.584465, 0.603240)	               #####	Count: 1 (25%)	Total: 1 (25%)
[cartographer_node-1] [0.603240, 0.622015)	                    	Count: 0 (0%)	Total: 1 (25%)
[cartographer_node-1] [0.622015, 0.640789)	                    	Count: 0 (0%)	Total: 1 (25%)
[cartographer_node-1] [0.640789, 0.659564)	                    	Count: 0 (0%)	Total: 1 (25%)
[cartographer_node-1] [0.659564, 0.678339)	                    	Count: 0 (0%)	Total: 1 (25%)
[cartographer_node-1] [0.678339, 0.697113)	               #####	Count: 1 (25%)	Total: 2 (50%)
[cartographer_node-1] [0.697113, 0.715888)	                    	Count: 0 (0%)	Total: 2 (50%)
[cartographer_node-1] [0.715888, 0.734663)	               #####	Count: 1 (25%)	Total: 3 (75%)
[cartographer_node-1] [0.734663, 0.753437)	                    	Count: 0 (0%)	Total: 3 (75%)
[cartographer_node-1] [0.753437, 0.772212]	               #####	Count: 1 (25%)	Total: 4 (100%)
[cartographer_node-1] [INFO] [1778822210.066736205] [cartographer logger]: I0515 14:16:50.000000 52150 pose_graph_2d.cc:538] Remaining work items in queue: 0
[cartographer_node-1] [INFO] [1778822210.067417940] [cartographer logger]: I0515 14:16:50.000000 52150 constraint_builder_2d.cc:294] 0 computations resulted in 0 additional constraints.
[cartographer_node-1] [INFO] [1778822210.067657323] [cartographer logger]: I0515 14:16:50.000000 52150 constraint_builder_2d.cc:296] Score histogram:
[cartographer_node-1] Count: 4  Min: 0.584465  Max: 0.772212  Mean: 0.691402
[cartographer_node-1] [0.584465, 0.603240)	               #####	Count: 1 (25%)	Total: 1 (25%)
[cartographer_node-1] [0.603240, 0.622015)	                    	Count: 0 (0%)	Total: 1 (25%)
[cartographer_node-1] [0.622015, 0.640789)	                    	Count: 0 (0%)	Total: 1 (25%)
[cartographer_node-1] [0.640789, 0.659564)	                    	Count: 0 (0%)	Total: 1 (25%)
[cartographer_node-1] [0.659564, 0.678339)	                    	Count: 0 (0%)	Total: 1 (25%)
[cartographer_node-1] [0.678339, 0.697113)	               #####	Count: 1 (25%)	Total: 2 (50%)
[cartographer_node-1] [0.697113, 0.715888)	                    	Count: 0 (0%)	Total: 2 (50%)
[cartographer_node-1] [0.715888, 0.734663)	               #####	Count: 1 (25%)	Total: 3 (75%)
[cartographer_node-1] [0.734663, 0.753437)	                    	Count: 0 (0%)	Total: 3 (75%)
[cartographer_node-1] [0.753437, 0.772212]	               #####	Count: 1 (25%)	Total: 4 (100%)
[cartographer_node-1] [INFO] [1778822210.117236326] [cartographer logger]: I0515 14:16:50.000000 52151 pose_graph_2d.cc:538] Remaining work items in queue: 0
[cartographer_node-1] [INFO] [1778822210.117285510] [cartographer logger]: I0515 14:16:50.000000 52151 constraint_builder_2d.cc:294] 0 computations resulted in 0 additional constraints.
[cartographer_node-1] [INFO] [1778822210.117607775] [cartographer logger]: I0515 14:16:50.000000 52151 constraint_builder_2d.cc:296] Score histogram:
[cartographer_node-1] Count: 4  Min: 0.584465  Max: 0.772212  Mean: 0.691402
[cartographer_node-1] [0.584465, 0.603240)	               #####	Count: 1 (25%)	Total: 1 (25%)
[cartographer_node-1] [0.603240, 0.622015)	                    	Count: 0 (0%)	Total: 1 (25%)
[cartographer_node-1] [0.622015, 0.640789)	                    	Count: 0 (0%)	Total: 1 (25%)
[cartographer_node-1] [0.640789, 0.659564)	                    	Count: 0 (0%)	Total: 1 (25%)
[cartographer_node-1] [0.659564, 0.678339)	                    	Count: 0 (0%)	Total: 1 (25%)
[cartographer_node-1] [0.678339, 0.697113)	               #####	Count: 1 (25%)	Total: 2 (50%)
[cartographer_node-1] [0.697113, 0.715888)	                    	Count: 0 (0%)	Total: 2 (50%)
[cartographer_node-1] [0.715888, 0.734663)	               #####	Count: 1 (25%)	Total: 3 (75%)
[cartographer_node-1] [0.734663, 0.753437)	                    	Count: 0 (0%)	Total: 3 (75%)
[cartographer_node-1] [0.753437, 0.772212]	               #####	Count: 1 (25%)	Total: 4 (100%)
[cartographer_node-1] [INFO] [1778822210.135565756] [cartographer logger]: I0515 14:16:50.000000 52153 pose_graph_2d.cc:538] Remaining work items in queue: 0
[cartographer_node-1] [INFO] [1778822210.135608666] [cartographer logger]: I0515 14:16:50.000000 52153 constraint_builder_2d.cc:294] 0 computations resulted in 0 additional constraints.
[cartographer_node-1] [INFO] [1778822210.135871604] [cartographer logger]: I0515 14:16:50.000000 52153 constraint_builder_2d.cc:296] Score histogram:
[cartographer_node-1] Count: 4  Min: 0.584465  Max: 0.772212  Mean: 0.691402
[cartographer_node-1] [0.584465, 0.603240)	               #####	Count: 1 (25%)	Total: 1 (25%)
[cartographer_node-1] [0.603240, 0.622015)	                    	Count: 0 (0%)	Total: 1 (25%)
[cartographer_node-1] [0.622015, 0.640789)	                    	Count: 0 (0%)	Total: 1 (25%)
[cartographer_node-1] [0.640789, 0.659564)	                    	Count: 0 (0%)	Total: 1 (25%)
[cartographer_node-1] [0.659564, 0.678339)	                    	Count: 0 (0%)	Total: 1 (25%)
[cartographer_node-1] [0.678339, 0.697113)	               #####	Count: 1 (25%)	Total: 2 (50%)
[cartographer_node-1] [0.697113, 0.715888)	                    	Count: 0 (0%)	Total: 2 (50%)
[cartographer_node-1] [0.715888, 0.734663)	               #####	Count: 1 (25%)	Total: 3 (75%)
[cartographer_node-1] [0.734663, 0.753437)	                    	Count: 0 (0%)	Total: 3 (75%)
[cartographer_node-1] [0.753437, 0.772212]	               #####	Count: 1 (25%)	Total: 4 (100%)
[cartographer_node-1] [INFO] [1778822210.183516072] [cartographer logger]: I0515 14:16:50.000000 52152 pose_graph_2d.cc:538] Remaining work items in queue: 0
[cartographer_node-1] [INFO] [1778822210.183563392] [cartographer logger]: I0515 14:16:50.000000 52152 constraint_builder_2d.cc:294] 0 computations resulted in 0 additional constraints.
[cartographer_node-1] [INFO] [1778822210.183891546] [cartographer logger]: I0515 14:16:50.000000 52152 constraint_builder_2d.cc:296] Score histogram:
[cartographer_node-1] Count: 4  Min: 0.584465  Max: 0.772212  Mean: 0.691402
[cartographer_node-1] [0.584465, 0.603240)	               #####	Count: 1 (25%)	Total: 1 (25%)
[cartographer_node-1] [0.603240, 0.622015)	                    	Count: 0 (0%)	Total: 1 (25%)
[cartographer_node-1] [0.622015, 0.640789)	                    	Count: 0 (0%)	Total: 1 (25%)
[cartographer_node-1] [0.640789, 0.659564)	                    	Count: 0 (0%)	Total: 1 (25%)
[cartographer_node-1] [0.659564, 0.678339)	                    	Count: 0 (0%)	Total: 1 (25%)
[cartographer_node-1] [0.678339, 0.697113)	               #####	Count: 1 (25%)	Total: 2 (50%)
[cartographer_node-1] [0.697113, 0.715888)	                    	Count: 0 (0%)	Total: 2 (50%)
[cartographer_node-1] [0.715888, 0.734663)	               #####	Count: 1 (25%)	Total: 3 (75%)
[cartographer_node-1] [0.734663, 0.753437)	                    	Count: 0 (0%)	Total: 3 (75%)
[cartographer_node-1] [0.753437, 0.772212]	               #####	Count: 1 (25%)	Total: 4 (100%)
[cartographer_node-1] [INFO] [1778822210.264387182] [cartographer logger]: I0515 14:16:50.000000 52151 pose_graph_2d.cc:538] Remaining work items in queue: 0
[cartographer_node-1] [INFO] [1778822210.264482676] [cartographer logger]: I0515 14:16:50.000000 52151 constraint_builder_2d.cc:294] 0 computations resulted in 0 additional constraints.
[cartographer_node-1] [INFO] [1778822210.264857064] [cartographer logger]: I0515 14:16:50.000000 52151 constraint_builder_2d.cc:296] Score histogram:
[cartographer_node-1] Count: 4  Min: 0.584465  Max: 0.772212  Mean: 0.691402
[cartographer_node-1] [0.584465, 0.603240)	               #####	Count: 1 (25%)	Total: 1 (25%)
[cartographer_node-1] [0.603240, 0.622015)	                    	Count: 0 (0%)	Total: 1 (25%)
[cartographer_node-1] [0.622015, 0.640789)	                    	Count: 0 (0%)	Total: 1 (25%)
[cartographer_node-1] [0.640789, 0.659564)	                    	Count: 0 (0%)	Total: 1 (25%)
[cartographer_node-1] [0.659564, 0.678339)	                    	Count: 0 (0%)	Total: 1 (25%)
[cartographer_node-1] [0.678339, 0.697113)	               #####	Count: 1 (25%)	Total: 2 (50%)
[cartographer_node-1] [0.697113, 0.715888)	                    	Count: 0 (0%)	Total: 2 (50%)
[cartographer_node-1] [0.715888, 0.734663)	               #####	Count: 1 (25%)	Total: 3 (75%)
[cartographer_node-1] [0.734663, 0.753437)	                    	Count: 0 (0%)	Total: 3 (75%)
[cartographer_node-1] [0.753437, 0.772212]	               #####	Count: 1 (25%)	Total: 4 (100%)
[cartographer_node-1] [INFO] [1778822210.329672578] [cartographer logger]: I0515 14:16:50.000000 52151 pose_graph_2d.cc:538] Remaining work items in queue: 0
[cartographer_node-1] [INFO] [1778822210.329719696] [cartographer logger]: I0515 14:16:50.000000 52151 constraint_builder_2d.cc:294] 0 computations resulted in 0 additional constraints.
[cartographer_node-1] [INFO] [1778822210.330082796] [cartographer logger]: I0515 14:16:50.000000 52151 constraint_builder_2d.cc:296] Score histogram:
[cartographer_node-1] Count: 4  Min: 0.584465  Max: 0.772212  Mean: 0.691402
[cartographer_node-1] [0.584465, 0.603240)	               #####	Count: 1 (25%)	Total: 1 (25%)
[cartographer_node-1] [0.603240, 0.622015)	                    	Count: 0 (0%)	Total: 1 (25%)
[cartographer_node-1] [0.622015, 0.640789)	                    	Count: 0 (0%)	Total: 1 (25%)
[cartographer_node-1] [0.640789, 0.659564)	                    	Count: 0 (0%)	Total: 1 (25%)
[cartographer_node-1] [0.659564, 0.678339)	                    	Count: 0 (0%)	Total: 1 (25%)
[cartographer_node-1] [0.678339, 0.697113)	               #####	Count: 1 (25%)	Total: 2 (50%)
[cartographer_node-1] [0.697113, 0.715888)	                    	Count: 0 (0%)	Total: 2 (50%)
[cartographer_node-1] [0.715888, 0.734663)	               #####	Count: 1 (25%)	Total: 3 (75%)
[cartographer_node-1] [0.734663, 0.753437)	                    	Count: 0 (0%)	Total: 3 (75%)
[cartographer_node-1] [0.753437, 0.772212]	               #####	Count: 1 (25%)	Total: 4 (100%)
[cartographer_node-1] [INFO] [1778822210.413911191] [cartographer logger]: I0515 14:16:50.000000 52150 pose_graph_2d.cc:538] Remaining work items in queue: 0
[cartographer_node-1] [INFO] [1778822210.425144472] [cartographer logger]: I0515 14:16:50.000000 52151 constraint_builder_2d.cc:294] 1 computations resulted in 0 additional constraints.
[cartographer_node-1] [INFO] [1778822210.425216041] [cartographer logger]: I0515 14:16:50.000000 52151 constraint_builder_2d.cc:296] Score histogram:
[cartographer_node-1] Count: 4  Min: 0.584465  Max: 0.772212  Mean: 0.691402
[cartographer_node-1] [0.584465, 0.603240)	               #####	Count: 1 (25%)	Total: 1 (25%)
[cartographer_node-1] [0.603240, 0.622015)	                    	Count: 0 (0%)	Total: 1 (25%)
[cartographer_node-1] [0.622015, 0.640789)	                    	Count: 0 (0%)	Total: 1 (25%)
[cartographer_node-1] [0.640789, 0.659564)	                    	Count: 0 (0%)	Total: 1 (25%)
[cartographer_node-1] [0.659564, 0.678339)	                    	Count: 0 (0%)	Total: 1 (25%)
[cartographer_node-1] [0.678339, 0.697113)	               #####	Count: 1 (25%)	Total: 2 (50%)
[cartographer_node-1] [0.697113, 0.715888)	                    	Count: 0 (0%)	Total: 2 (50%)
[cartographer_node-1] [0.715888, 0.734663)	               #####	Count: 1 (25%)	Total: 3 (75%)
[cartographer_node-1] [0.734663, 0.753437)	                    	Count: 0 (0%)	Total: 3 (75%)
[cartographer_node-1] [0.753437, 0.772212]	               #####	Count: 1 (25%)	Total: 4 (100%)
[cartographer_node-1] [INFO] [1778822210.450887506] [cartographer logger]: I0515 14:16:50.000000 52150 pose_graph_2d.cc:538] Remaining work items in queue: 2
[cartographer_node-1] [INFO] [1778822210.450935065] [cartographer logger]: I0515 14:16:50.000000 52150 constraint_builder_2d.cc:294] 0 computations resulted in 0 additional constraints.
[cartographer_node-1] [INFO] [1778822210.451216731] [cartographer logger]: I0515 14:16:50.000000 52150 constraint_builder_2d.cc:296] Score histogram:
[cartographer_node-1] Count: 4  Min: 0.584465  Max: 0.772212  Mean: 0.691402
[cartographer_node-1] [0.584465, 0.603240)	               #####	Count: 1 (25%)	Total: 1 (25%)
[cartographer_node-1] [0.603240, 0.622015)	                    	Count: 0 (0%)	Total: 1 (25%)
[cartographer_node-1] [0.622015, 0.640789)	                    	Count: 0 (0%)	Total: 1 (25%)
[cartographer_node-1] [0.640789, 0.659564)	                    	Count: 0 (0%)	Total: 1 (25%)
[cartographer_node-1] [0.659564, 0.678339)	                    	Count: 0 (0%)	Total: 1 (25%)
[cartographer_node-1] [0.678339, 0.697113)	               #####	Count: 1 (25%)	Total: 2 (50%)
[cartographer_node-1] [0.697113, 0.715888)	                    	Count: 0 (0%)	Total: 2 (50%)
[cartographer_node-1] [0.715888, 0.734663)	               #####	Count: 1 (25%)	Total: 3 (75%)
[cartographer_node-1] [0.734663, 0.753437)	                    	Count: 0 (0%)	Total: 3 (75%)
[cartographer_node-1] [0.753437, 0.772212]	               #####	Count: 1 (25%)	Total: 4 (100%)
[cartographer_node-1] [INFO] [1778822210.479039089] [cartographer logger]: I0515 14:16:50.000000 52152 pose_graph_2d.cc:538] Remaining work items in queue: 0
[cartographer_node-1] [INFO] [1778822210.479127861] [cartographer logger]: I0515 14:16:50.000000 52152 constraint_builder_2d.cc:294] 0 computations resulted in 0 additional constraints.
[cartographer_node-1] [INFO] [1778822210.479494824] [cartographer logger]: I0515 14:16:50.000000 52152 constraint_builder_2d.cc:296] Score histogram:
[cartographer_node-1] Count: 4  Min: 0.584465  Max: 0.772212  Mean: 0.691402
[cartographer_node-1] [0.584465, 0.603240)	               #####	Count: 1 (25%)	Total: 1 (25%)
[cartographer_node-1] [0.603240, 0.622015)	                    	Count: 0 (0%)	Total: 1 (25%)
[cartographer_node-1] [0.622015, 0.640789)	                    	Count: 0 (0%)	Total: 1 (25%)
[cartographer_node-1] [0.640789, 0.659564)	                    	Count: 0 (0%)	Total: 1 (25%)
[cartographer_node-1] [0.659564, 0.678339)	                    	Count: 0 (0%)	Total: 1 (25%)
[cartographer_node-1] [0.678339, 0.697113)	               #####	Count: 1 (25%)	Total: 2 (50%)
[cartographer_node-1] [0.697113, 0.715888)	                    	Count: 0 (0%)	Total: 2 (50%)
[cartographer_node-1] [0.715888, 0.734663)	               #####	Count: 1 (25%)	Total: 3 (75%)
[cartographer_node-1] [0.734663, 0.753437)	                    	Count: 0 (0%)	Total: 3 (75%)
[cartographer_node-1] [0.753437, 0.772212]	               #####	Count: 1 (25%)	Total: 4 (100%)
[cartographer_node-1] [INFO] [1778822210.511093915] [cartographer logger]: I0515 14:16:50.000000 52151 pose_graph_2d.cc:538] Remaining work items in queue: 1
[cartographer_node-1] [INFO] [1778822210.511132653] [cartographer logger]: I0515 14:16:50.000000 52151 constraint_builder_2d.cc:294] 0 computations resulted in 0 additional constraints.
[cartographer_node-1] [INFO] [1778822210.511422288] [cartographer logger]: I0515 14:16:50.000000 52151 constraint_builder_2d.cc:296] Score histogram:
[cartographer_node-1] Count: 4  Min: 0.584465  Max: 0.772212  Mean: 0.691402
[cartographer_node-1] [0.584465, 0.603240)	               #####	Count: 1 (25%)	Total: 1 (25%)
[cartographer_node-1] [0.603240, 0.622015)	                    	Count: 0 (0%)	Total: 1 (25%)
[cartographer_node-1] [0.622015, 0.640789)	                    	Count: 0 (0%)	Total: 1 (25%)
[cartographer_node-1] [0.640789, 0.659564)	                    	Count: 0 (0%)	Total: 1 (25%)
[cartographer_node-1] [0.659564, 0.678339)	                    	Count: 0 (0%)	Total: 1 (25%)
[cartographer_node-1] [0.678339, 0.697113)	               #####	Count: 1 (25%)	Total: 2 (50%)
[cartographer_node-1] [0.697113, 0.715888)	                    	Count: 0 (0%)	Total: 2 (50%)
[cartographer_node-1] [0.715888, 0.734663)	               #####	Count: 1 (25%)	Total: 3 (75%)
[cartographer_node-1] [0.734663, 0.753437)	                    	Count: 0 (0%)	Total: 3 (75%)
[cartographer_node-1] [0.753437, 0.772212]	               #####	Count: 1 (25%)	Total: 4 (100%)
[cartographer_node-1] [INFO] [1778822210.581498599] [cartographer logger]: I0515 14:16:50.000000 52151 pose_graph_2d.cc:538] Remaining work items in queue: 0
[cartographer_node-1] [INFO] [1778822210.581546550] [cartographer logger]: I0515 14:16:50.000000 52151 constraint_builder_2d.cc:294] 0 computations resulted in 0 additional constraints.
[cartographer_node-1] [INFO] [1778822210.581872439] [cartographer logger]: I0515 14:16:50.000000 52151 constraint_builder_2d.cc:296] Score histogram:
[cartographer_node-1] Count: 4  Min: 0.584465  Max: 0.772212  Mean: 0.691402
[cartographer_node-1] [0.584465, 0.603240)	               #####	Count: 1 (25%)	Total: 1 (25%)
[cartographer_node-1] [0.603240, 0.622015)	                    	Count: 0 (0%)	Total: 1 (25%)
[cartographer_node-1] [0.622015, 0.640789)	                    	Count: 0 (0%)	Total: 1 (25%)
[cartographer_node-1] [0.640789, 0.659564)	                    	Count: 0 (0%)	Total: 1 (25%)
[cartographer_node-1] [0.659564, 0.678339)	                    	Count: 0 (0%)	Total: 1 (25%)
[cartographer_node-1] [0.678339, 0.697113)	               #####	Count: 1 (25%)	Total: 2 (50%)
[cartographer_node-1] [0.697113, 0.715888)	                    	Count: 0 (0%)	Total: 2 (50%)
[cartographer_node-1] [0.715888, 0.734663)	               #####	Count: 1 (25%)	Total: 3 (75%)
[cartographer_node-1] [0.734663, 0.753437)	                    	Count: 0 (0%)	Total: 3 (75%)
[cartographer_node-1] [0.753437, 0.772212]	               #####	Count: 1 (25%)	Total: 4 (100%)
[cartographer_node-1] [INFO] [1778822210.668944928] [cartographer logger]: I0515 14:16:50.000000 52153 pose_graph_2d.cc:538] Remaining work items in queue: 1
[cartographer_node-1] [INFO] [1778822210.668988933] [cartographer logger]: I0515 14:16:50.000000 52153 constraint_builder_2d.cc:294] 0 computations resulted in 0 additional constraints.
[cartographer_node-1] [INFO] [1778822210.669244943] [cartographer logger]: I0515 14:16:50.000000 52153 constraint_builder_2d.cc:296] Score histogram:
[cartographer_node-1] Count: 4  Min: 0.584465  Max: 0.772212  Mean: 0.691402
[cartographer_node-1] [0.584465, 0.603240)	               #####	Count: 1 (25%)	Total: 1 (25%)
[cartographer_node-1] [0.603240, 0.622015)	                    	Count: 0 (0%)	Total: 1 (25%)
[cartographer_node-1] [0.622015, 0.640789)	                    	Count: 0 (0%)	Total: 1 (25%)
[cartographer_node-1] [0.640789, 0.659564)	                    	Count: 0 (0%)	Total: 1 (25%)
[cartographer_node-1] [0.659564, 0.678339)	                    	Count: 0 (0%)	Total: 1 (25%)
[cartographer_node-1] [0.678339, 0.697113)	               #####	Count: 1 (25%)	Total: 2 (50%)
[cartographer_node-1] [0.697113, 0.715888)	                    	Count: 0 (0%)	Total: 2 (50%)
[cartographer_node-1] [0.715888, 0.734663)	               #####	Count: 1 (25%)	Total: 3 (75%)
[cartographer_node-1] [0.734663, 0.753437)	                    	Count: 0 (0%)	Total: 3 (75%)
[cartographer_node-1] [0.753437, 0.772212]	               #####	Count: 1 (25%)	Total: 4 (100%)
[cartographer_node-1] [INFO] [1778822210.717107446] [cartographer logger]: I0515 14:16:50.000000 52152 pose_graph_2d.cc:538] Remaining work items in queue: 0
[cartographer_node-1] [INFO] [1778822210.717162136] [cartographer logger]: I0515 14:16:50.000000 52152 constraint_builder_2d.cc:294] 0 computations resulted in 0 additional constraints.
[cartographer_node-1] [INFO] [1778822210.717459235] [cartographer logger]: I0515 14:16:50.000000 52152 constraint_builder_2d.cc:296] Score histogram:
[cartographer_node-1] Count: 4  Min: 0.584465  Max: 0.772212  Mean: 0.691402
[cartographer_node-1] [0.584465, 0.603240)	               #####	Count: 1 (25%)	Total: 1 (25%)
[cartographer_node-1] [0.603240, 0.622015)	                    	Count: 0 (0%)	Total: 1 (25%)
[cartographer_node-1] [0.622015, 0.640789)	                    	Count: 0 (0%)	Total: 1 (25%)
[cartographer_node-1] [0.640789, 0.659564)	                    	Count: 0 (0%)	Total: 1 (25%)
[cartographer_node-1] [0.659564, 0.678339)	                    	Count: 0 (0%)	Total: 1 (25%)
[cartographer_node-1] [0.678339, 0.697113)	               #####	Count: 1 (25%)	Total: 2 (50%)
[cartographer_node-1] [0.697113, 0.715888)	                    	Count: 0 (0%)	Total: 2 (50%)
[cartographer_node-1] [0.715888, 0.734663)	               #####	Count: 1 (25%)	Total: 3 (75%)
[cartographer_node-1] [0.734663, 0.753437)	                    	Count: 0 (0%)	Total: 3 (75%)
[cartographer_node-1] [0.753437, 0.772212]	               #####	Count: 1 (25%)	Total: 4 (100%)
[cartographer_node-1] [INFO] [1778822210.753394667] [cartographer logger]: I0515 14:16:50.000000 52151 pose_graph_2d.cc:538] Remaining work items in queue: 2
[cartographer_node-1] [INFO] [1778822210.806781841] [cartographer logger]: I0515 14:16:50.000000 52150 constraint_builder_2d.cc:279] Node (1, 157) with 200 points on submap (0, 2) matches with score 71.7%.
[cartographer_node-1] [INFO] [1778822210.806822253] [cartographer logger]: I0515 14:16:50.000000 52150 constraint_builder_2d.cc:294] 1 computations resulted in 1 additional constraints.
[cartographer_node-1] [INFO] [1778822210.806850379] [cartographer logger]: I0515 14:16:50.000000 52150 constraint_builder_2d.cc:296] Score histogram:
[cartographer_node-1] Count: 5  Min: 0.584465  Max: 0.772212  Mean: 0.696545
[cartographer_node-1] [0.584465, 0.603240)	                ####	Count: 1 (20%)	Total: 1 (20%)
[cartographer_node-1] [0.603240, 0.622015)	                    	Count: 0 (0%)	Total: 1 (20%)
[cartographer_node-1] [0.622015, 0.640789)	                    	Count: 0 (0%)	Total: 1 (20%)
[cartographer_node-1] [0.640789, 0.659564)	                    	Count: 0 (0%)	Total: 1 (20%)
[cartographer_node-1] [0.659564, 0.678339)	                    	Count: 0 (0%)	Total: 1 (20%)
[cartographer_node-1] [0.678339, 0.697113)	                ####	Count: 1 (20%)	Total: 2 (40%)
[cartographer_node-1] [0.697113, 0.715888)	                    	Count: 0 (0%)	Total: 2 (40%)
[cartographer_node-1] [0.715888, 0.734663)	            ########	Count: 2 (40%)	Total: 4 (80%)
[cartographer_node-1] [0.734663, 0.753437)	                    	Count: 0 (0%)	Total: 4 (80%)
[cartographer_node-1] [0.753437, 0.772212]	                ####	Count: 1 (20%)	Total: 5 (100%)
[cartographer_node-1] [INFO] [1778822210.828434018] [cartographer logger]: I0515 14:16:50.000000 52150 pose_graph_2d.cc:538] Remaining work items in queue: 1
[cartographer_node-1] [INFO] [1778822210.829162088] [cartographer logger]: I0515 14:16:50.000000 52150 constraint_builder_2d.cc:294] 0 computations resulted in 0 additional constraints.
[cartographer_node-1] [INFO] [1778822210.829458057] [cartographer logger]: I0515 14:16:50.000000 52150 constraint_builder_2d.cc:296] Score histogram:
[cartographer_node-1] Count: 5  Min: 0.584465  Max: 0.772212  Mean: 0.696545
[cartographer_node-1] [0.584465, 0.603240)	                ####	Count: 1 (20%)	Total: 1 (20%)
[cartographer_node-1] [0.603240, 0.622015)	                    	Count: 0 (0%)	Total: 1 (20%)
[cartographer_node-1] [0.622015, 0.640789)	                    	Count: 0 (0%)	Total: 1 (20%)
[cartographer_node-1] [0.640789, 0.659564)	                    	Count: 0 (0%)	Total: 1 (20%)
[cartographer_node-1] [0.659564, 0.678339)	                    	Count: 0 (0%)	Total: 1 (20%)
[cartographer_node-1] [0.678339, 0.697113)	                ####	Count: 1 (20%)	Total: 2 (40%)
[cartographer_node-1] [0.697113, 0.715888)	                    	Count: 0 (0%)	Total: 2 (40%)
[cartographer_node-1] [0.715888, 0.734663)	            ########	Count: 2 (40%)	Total: 4 (80%)
[cartographer_node-1] [0.734663, 0.753437)	                    	Count: 0 (0%)	Total: 4 (80%)
[cartographer_node-1] [0.753437, 0.772212]	                ####	Count: 1 (20%)	Total: 5 (100%)
[cartographer_node-1] [INFO] [1778822210.849590247] [cartographer logger]: I0515 14:16:50.000000 52152 pose_graph_2d.cc:538] Remaining work items in queue: 0
[cartographer_node-1] [INFO] [1778822210.849631057] [cartographer logger]: I0515 14:16:50.000000 52152 constraint_builder_2d.cc:294] 0 computations resulted in 0 additional constraints.
[cartographer_node-1] [INFO] [1778822210.849740025] [cartographer logger]: I0515 14:16:50.000000 52152 constraint_builder_2d.cc:296] Score histogram:
[cartographer_node-1] Count: 5  Min: 0.584465  Max: 0.772212  Mean: 0.696545
[cartographer_node-1] [0.584465, 0.603240)	                ####	Count: 1 (20%)	Total: 1 (20%)
[cartographer_node-1] [0.603240, 0.622015)	                    	Count: 0 (0%)	Total: 1 (20%)
[cartographer_node-1] [0.622015, 0.640789)	                    	Count: 0 (0%)	Total: 1 (20%)
[cartographer_node-1] [0.640789, 0.659564)	                    	Count: 0 (0%)	Total: 1 (20%)
[cartographer_node-1] [0.659564, 0.678339)	                    	Count: 0 (0%)	Total: 1 (20%)
[cartographer_node-1] [0.678339, 0.697113)	                ####	Count: 1 (20%)	Total: 2 (40%)
[cartographer_node-1] [0.697113, 0.715888)	                    	Count: 0 (0%)	Total: 2 (40%)
[cartographer_node-1] [0.715888, 0.734663)	            ########	Count: 2 (40%)	Total: 4 (80%)
[cartographer_node-1] [0.734663, 0.753437)	                    	Count: 0 (0%)	Total: 4 (80%)
[cartographer_node-1] [0.753437, 0.772212]	                ####	Count: 1 (20%)	Total: 5 (100%)
[cartographer_node-1] [INFO] [1778822210.918894017] [cartographer logger]: I0515 14:16:50.000000 52152 pose_graph_2d.cc:538] Remaining work items in queue: 0
[cartographer_node-1] [INFO] [1778822210.918938040] [cartographer logger]: I0515 14:16:50.000000 52152 constraint_builder_2d.cc:294] 0 computations resulted in 0 additional constraints.
[cartographer_node-1] [INFO] [1778822210.919246446] [cartographer logger]: I0515 14:16:50.000000 52152 constraint_builder_2d.cc:296] Score histogram:
[cartographer_node-1] Count: 5  Min: 0.584465  Max: 0.772212  Mean: 0.696545
[cartographer_node-1] [0.584465, 0.603240)	                ####	Count: 1 (20%)	Total: 1 (20%)
[cartographer_node-1] [0.603240, 0.622015)	                    	Count: 0 (0%)	Total: 1 (20%)
[cartographer_node-1] [0.622015, 0.640789)	                    	Count: 0 (0%)	Total: 1 (20%)
[cartographer_node-1] [0.640789, 0.659564)	                    	Count: 0 (0%)	Total: 1 (20%)
[cartographer_node-1] [0.659564, 0.678339)	                    	Count: 0 (0%)	Total: 1 (20%)
[cartographer_node-1] [0.678339, 0.697113)	                ####	Count: 1 (20%)	Total: 2 (40%)
[cartographer_node-1] [0.697113, 0.715888)	                    	Count: 0 (0%)	Total: 2 (40%)
[cartographer_node-1] [0.715888, 0.734663)	            ########	Count: 2 (40%)	Total: 4 (80%)
[cartographer_node-1] [0.734663, 0.753437)	                    	Count: 0 (0%)	Total: 4 (80%)
[cartographer_node-1] [0.753437, 0.772212]	                ####	Count: 1 (20%)	Total: 5 (100%)
[cartographer_node-1] [INFO] [1778822210.958680199] [cartographer logger]: I0515 14:16:50.000000 52151 pose_graph_2d.cc:538] Remaining work items in queue: 0
[cartographer_node-1] [INFO] [1778822210.958775280] [cartographer logger]: I0515 14:16:50.000000 52151 constraint_builder_2d.cc:294] 0 computations resulted in 0 additional constraints.
[cartographer_node-1] [INFO] [1778822210.959153022] [cartographer logger]: I0515 14:16:50.000000 52151 constraint_builder_2d.cc:296] Score histogram:
[cartographer_node-1] Count: 5  Min: 0.584465  Max: 0.772212  Mean: 0.696545
[cartographer_node-1] [0.584465, 0.603240)	                ####	Count: 1 (20%)	Total: 1 (20%)
[cartographer_node-1] [0.603240, 0.622015)	                    	Count: 0 (0%)	Total: 1 (20%)
[cartographer_node-1] [0.622015, 0.640789)	                    	Count: 0 (0%)	Total: 1 (20%)
[cartographer_node-1] [0.640789, 0.659564)	                    	Count: 0 (0%)	Total: 1 (20%)
[cartographer_node-1] [0.659564, 0.678339)	                    	Count: 0 (0%)	Total: 1 (20%)
[cartographer_node-1] [0.678339, 0.697113)	                ####	Count: 1 (20%)	Total: 2 (40%)
[cartographer_node-1] [0.697113, 0.715888)	                    	Count: 0 (0%)	Total: 2 (40%)
[cartographer_node-1] [0.715888, 0.734663)	            ########	Count: 2 (40%)	Total: 4 (80%)
[cartographer_node-1] [0.734663, 0.753437)	                    	Count: 0 (0%)	Total: 4 (80%)
[cartographer_node-1] [0.753437, 0.772212]	                ####	Count: 1 (20%)	Total: 5 (100%)
[cartographer_node-1] [INFO] [1778822211.035524414] [cartographer logger]: I0515 14:16:51.000000 52153 pose_graph_2d.cc:538] Remaining work items in queue: 0
[cartographer_node-1] [INFO] [1778822211.035572617] [cartographer logger]: I0515 14:16:51.000000 52153 constraint_builder_2d.cc:294] 0 computations resulted in 0 additional constraints.
[cartographer_node-1] [INFO] [1778822211.035905090] [cartographer logger]: I0515 14:16:51.000000 52153 constraint_builder_2d.cc:296] Score histogram:
[cartographer_node-1] Count: 5  Min: 0.584465  Max: 0.772212  Mean: 0.696545
[cartographer_node-1] [0.584465, 0.603240)	                ####	Count: 1 (20%)	Total: 1 (20%)
[cartographer_node-1] [0.603240, 0.622015)	                    	Count: 0 (0%)	Total: 1 (20%)
[cartographer_node-1] [0.622015, 0.640789)	                    	Count: 0 (0%)	Total: 1 (20%)
[cartographer_node-1] [0.640789, 0.659564)	                    	Count: 0 (0%)	Total: 1 (20%)
[cartographer_node-1] [0.659564, 0.678339)	                    	Count: 0 (0%)	Total: 1 (20%)
[cartographer_node-1] [0.678339, 0.697113)	                ####	Count: 1 (20%)	Total: 2 (40%)
[cartographer_node-1] [0.697113, 0.715888)	                    	Count: 0 (0%)	Total: 2 (40%)
[cartographer_node-1] [0.715888, 0.734663)	            ########	Count: 2 (40%)	Total: 4 (80%)
[cartographer_node-1] [0.734663, 0.753437)	                    	Count: 0 (0%)	Total: 4 (80%)
[cartographer_node-1] [0.753437, 0.772212]	                ####	Count: 1 (20%)	Total: 5 (100%)
[cartographer_node-1] [INFO] [1778822211.131896594] [cartographer logger]: I0515 14:16:51.000000 52153 pose_graph_2d.cc:538] Remaining work items in queue: 0
[cartographer_node-1] [INFO] [1778822211.131945138] [cartographer logger]: I0515 14:16:51.000000 52153 constraint_builder_2d.cc:294] 0 computations resulted in 0 additional constraints.
[cartographer_node-1] [INFO] [1778822211.132551262] [cartographer logger]: I0515 14:16:51.000000 52153 constraint_builder_2d.cc:296] Score histogram:
[cartographer_node-1] Count: 5  Min: 0.584465  Max: 0.772212  Mean: 0.696545
[cartographer_node-1] [0.584465, 0.603240)	                ####	Count: 1 (20%)	Total: 1 (20%)
[cartographer_node-1] [0.603240, 0.622015)	                    	Count: 0 (0%)	Total: 1 (20%)
[cartographer_node-1] [0.622015, 0.640789)	                    	Count: 0 (0%)	Total: 1 (20%)
[cartographer_node-1] [0.640789, 0.659564)	                    	Count: 0 (0%)	Total: 1 (20%)
[cartographer_node-1] [0.659564, 0.678339)	                    	Count: 0 (0%)	Total: 1 (20%)
[cartographer_node-1] [0.678339, 0.697113)	                ####	Count: 1 (20%)	Total: 2 (40%)
[cartographer_node-1] [0.697113, 0.715888)	                    	Count: 0 (0%)	Total: 2 (40%)
[cartographer_node-1] [0.715888, 0.734663)	            ########	Count: 2 (40%)	Total: 4 (80%)
[cartographer_node-1] [0.734663, 0.753437)	                    	Count: 0 (0%)	Total: 4 (80%)
[cartographer_node-1] [0.753437, 0.772212]	                ####	Count: 1 (20%)	Total: 5 (100%)
[cartographer_node-1] [INFO] [1778822211.216814311] [cartographer logger]: I0515 14:16:51.000000 52152 pose_graph_2d.cc:538] Remaining work items in queue: 0
[cartographer_node-1] [INFO] [1778822211.280225347] [cartographer logger]: I0515 14:16:51.000000 52153 constraint_builder_2d.cc:279] Node (1, 171) with 217 points on submap (0, 6) matches with score 72.1%.
[cartographer_node-1] [INFO] [1778822211.281006337] [cartographer logger]: I0515 14:16:51.000000 52153 constraint_builder_2d.cc:294] 1 computations resulted in 1 additional constraints.
[cartographer_node-1] [INFO] [1778822211.281063074] [cartographer logger]: I0515 14:16:51.000000 52153 constraint_builder_2d.cc:296] Score histogram:
[cartographer_node-1] Count: 6  Min: 0.584465  Max: 0.772212  Mean: 0.700638
[cartographer_node-1] [0.584465, 0.603240)	                 ###	Count: 1 (16.6667%)	Total: 1 (16.6667%)
[cartographer_node-1] [0.603240, 0.622015)	                    	Count: 0 (0%)	Total: 1 (16.6667%)
[cartographer_node-1] [0.622015, 0.640789)	                    	Count: 0 (0%)	Total: 1 (16.6667%)
[cartographer_node-1] [0.640789, 0.659564)	                    	Count: 0 (0%)	Total: 1 (16.6667%)
[cartographer_node-1] [0.659564, 0.678339)	                    	Count: 0 (0%)	Total: 1 (16.6667%)
[cartographer_node-1] [0.678339, 0.697113)	                 ###	Count: 1 (16.6667%)	Total: 2 (33.3333%)
[cartographer_node-1] [0.697113, 0.715888)	                    	Count: 0 (0%)	Total: 2 (33.3333%)
[cartographer_node-1] [0.715888, 0.734663)	          ##########	Count: 3 (50%)	Total: 5 (83.3333%)
[cartographer_node-1] [0.734663, 0.753437)	                    	Count: 0 (0%)	Total: 5 (83.3333%)
[cartographer_node-1] [0.753437, 0.772212]	                 ###	Count: 1 (16.6667%)	Total: 6 (100%)
[cartographer_node-1] [INFO] [1778822211.322405165] [cartographer logger]: I0515 14:16:51.000000 52153 pose_graph_2d.cc:538] Remaining work items in queue: 4
[cartographer_node-1] [INFO] [1778822211.322454665] [cartographer logger]: I0515 14:16:51.000000 52153 constraint_builder_2d.cc:294] 0 computations resulted in 0 additional constraints.
[cartographer_node-1] [INFO] [1778822211.322542186] [cartographer logger]: I0515 14:16:51.000000 52153 constraint_builder_2d.cc:296] Score histogram:
[cartographer_node-1] Count: 6  Min: 0.584465  Max: 0.772212  Mean: 0.700638
[cartographer_node-1] [0.584465, 0.603240)	                 ###	Count: 1 (16.6667%)	Total: 1 (16.6667%)
[cartographer_node-1] [0.603240, 0.622015)	                    	Count: 0 (0%)	Total: 1 (16.6667%)
[cartographer_node-1] [0.622015, 0.640789)	                    	Count: 0 (0%)	Total: 1 (16.6667%)
[cartographer_node-1] [0.640789, 0.659564)	                    	Count: 0 (0%)	Total: 1 (16.6667%)
[cartographer_node-1] [0.659564, 0.678339)	                    	Count: 0 (0%)	Total: 1 (16.6667%)
[cartographer_node-1] [0.678339, 0.697113)	                 ###	Count: 1 (16.6667%)	Total: 2 (33.3333%)
[cartographer_node-1] [0.697113, 0.715888)	                    	Count: 0 (0%)	Total: 2 (33.3333%)
[cartographer_node-1] [0.715888, 0.734663)	          ##########	Count: 3 (50%)	Total: 5 (83.3333%)
[cartographer_node-1] [0.734663, 0.753437)	                    	Count: 0 (0%)	Total: 5 (83.3333%)
[cartographer_node-1] [0.753437, 0.772212]	                 ###	Count: 1 (16.6667%)	Total: 6 (100%)
[cartographer_node-1] [INFO] [1778822211.345824156] [cartographer logger]: I0515 14:16:51.000000 52152 pose_graph_2d.cc:538] Remaining work items in queue: 0
[cartographer_node-1] [INFO] [1778822211.345873815] [cartographer logger]: I0515 14:16:51.000000 52152 constraint_builder_2d.cc:294] 0 computations resulted in 0 additional constraints.
[cartographer_node-1] [INFO] [1778822211.345910527] [cartographer logger]: I0515 14:16:51.000000 52152 constraint_builder_2d.cc:296] Score histogram:
[cartographer_node-1] Count: 6  Min: 0.584465  Max: 0.772212  Mean: 0.700638
[cartographer_node-1] [0.584465, 0.603240)	                 ###	Count: 1 (16.6667%)	Total: 1 (16.6667%)
[cartographer_node-1] [0.603240, 0.622015)	                    	Count: 0 (0%)	Total: 1 (16.6667%)
[cartographer_node-1] [0.622015, 0.640789)	                    	Count: 0 (0%)	Total: 1 (16.6667%)
[cartographer_node-1] [0.640789, 0.659564)	                    	Count: 0 (0%)	Total: 1 (16.6667%)
[cartographer_node-1] [0.659564, 0.678339)	                    	Count: 0 (0%)	Total: 1 (16.6667%)
[cartographer_node-1] [0.678339, 0.697113)	                 ###	Count: 1 (16.6667%)	Total: 2 (33.3333%)
[cartographer_node-1] [0.697113, 0.715888)	                    	Count: 0 (0%)	Total: 2 (33.3333%)
[cartographer_node-1] [0.715888, 0.734663)	          ##########	Count: 3 (50%)	Total: 5 (83.3333%)
[cartographer_node-1] [0.734663, 0.753437)	                    	Count: 0 (0%)	Total: 5 (83.3333%)
[cartographer_node-1] [0.753437, 0.772212]	                 ###	Count: 1 (16.6667%)	Total: 6 (100%)
[cartographer_node-1] [INFO] [1778822211.414702005] [cartographer logger]: I0515 14:16:51.000000 52150 pose_graph_2d.cc:538] Remaining work items in queue: 0
[cartographer_node-1] [INFO] [1778822211.415394999] [cartographer logger]: I0515 14:16:51.000000 52150 constraint_builder_2d.cc:294] 0 computations resulted in 0 additional constraints.
[cartographer_node-1] [INFO] [1778822211.416143771] [cartographer logger]: I0515 14:16:51.000000 52150 constraint_builder_2d.cc:296] Score histogram:
[cartographer_node-1] Count: 6  Min: 0.584465  Max: 0.772212  Mean: 0.700638
[cartographer_node-1] [0.584465, 0.603240)	                 ###	Count: 1 (16.6667%)	Total: 1 (16.6667%)
[cartographer_node-1] [0.603240, 0.622015)	                    	Count: 0 (0%)	Total: 1 (16.6667%)
[cartographer_node-1] [0.622015, 0.640789)	                    	Count: 0 (0%)	Total: 1 (16.6667%)
[cartographer_node-1] [0.640789, 0.659564)	                    	Count: 0 (0%)	Total: 1 (16.6667%)
[cartographer_node-1] [0.659564, 0.678339)	                    	Count: 0 (0%)	Total: 1 (16.6667%)
[cartographer_node-1] [0.678339, 0.697113)	                 ###	Count: 1 (16.6667%)	Total: 2 (33.3333%)
[cartographer_node-1] [0.697113, 0.715888)	                    	Count: 0 (0%)	Total: 2 (33.3333%)
[cartographer_node-1] [0.715888, 0.734663)	          ##########	Count: 3 (50%)	Total: 5 (83.3333%)
[cartographer_node-1] [0.734663, 0.753437)	                    	Count: 0 (0%)	Total: 5 (83.3333%)
[cartographer_node-1] [0.753437, 0.772212]	                 ###	Count: 1 (16.6667%)	Total: 6 (100%)
[cartographer_node-1] [INFO] [1778822211.450359798] [cartographer logger]: I0515 14:16:51.000000 52150 pose_graph_2d.cc:538] Remaining work items in queue: 2
[cartographer_node-1] [INFO] [1778822211.463587204] [cartographer logger]: I0515 14:16:51.000000 52136 pose_graph_2d.cc:148] Inserted submap (1, 2).
[cartographer_node-1] [INFO] [1778822211.528349187] [cartographer logger]: I0515 14:16:51.000000 52152 constraint_builder_2d.cc:279] Node (0, 800) with 201 points on submap (1, 0) matches with score 76.2%.
[cartographer_node-1] [INFO] [1778822211.530917509] [cartographer logger]: I0515 14:16:51.000000 52153 constraint_builder_2d.cc:279] Node (0, 1000) with 203 points on submap (1, 0) matches with score 74.4%.
[cartographer_node-1] [INFO] [1778822211.551939853] [cartographer logger]: I0515 14:16:51.000000 52150 constraint_builder_2d.cc:279] Node (0, 200) with 218 points on submap (1, 0) matches with score 71.3%.
[cartographer_node-1] [INFO] [1778822211.593093327] [cartographer logger]: I0515 14:16:51.000000 52153 constraint_builder_2d.cc:279] Node (0, 400) with 204 points on submap (1, 0) matches with score 76.3%.
[cartographer_node-1] [WARN] [1778822211.616503107] [cartographer logger]: W0515 14:16:51.000000 52136 range_data_collator.cc:82] Dropped 62 earlier points.
[cartographer_node-1] [INFO] [1778822211.663905850] [cartographer logger]: I0515 14:16:51.000000 52150 constraint_builder_2d.cc:294] 7 computations resulted in 4 additional constraints.
[cartographer_node-1] [INFO] [1778822211.663975379] [cartographer logger]: I0515 14:16:51.000000 52150 constraint_builder_2d.cc:296] Score histogram:
[cartographer_node-1] Count: 10  Min: 0.584465  Max: 0.772212  Mean: 0.718622
[cartographer_node-1] [0.584465, 0.603240)	                  ##	Count: 1 (10%)	Total: 1 (10%)
[cartographer_node-1] [0.603240, 0.622015)	                    	Count: 0 (0%)	Total: 1 (10%)
[cartographer_node-1] [0.622015, 0.640789)	                    	Count: 0 (0%)	Total: 1 (10%)
[cartographer_node-1] [0.640789, 0.659564)	                    	Count: 0 (0%)	Total: 1 (10%)
[cartographer_node-1] [0.659564, 0.678339)	                    	Count: 0 (0%)	Total: 1 (10%)
[cartographer_node-1] [0.678339, 0.697113)	                  ##	Count: 1 (10%)	Total: 2 (20%)
[cartographer_node-1] [0.697113, 0.715888)	                  ##	Count: 1 (10%)	Total: 3 (30%)
[cartographer_node-1] [0.715888, 0.734663)	              ######	Count: 3 (30%)	Total: 6 (60%)
[cartographer_node-1] [0.734663, 0.753437)	                  ##	Count: 1 (10%)	Total: 7 (70%)
[cartographer_node-1] [0.753437, 0.772212]	              ######	Count: 3 (30%)	Total: 10 (100%)
[cartographer_node-1] [INFO] [1778822211.710287297] [cartographer logger]: I0515 14:16:51.000000 52150 pose_graph_2d.cc:538] Remaining work items in queue: 24
[cartographer_node-1] [INFO] [1778822211.712355392] [cartographer logger]: I0515 14:16:51.000000 52153 constraint_builder_2d.cc:279] Node (1, 180) with 217 points on submap (1, 0) differs by translation 0.00 rotation 0.000 with score 80.3%.
[cartographer_node-1] [INFO] [1778822211.712412035] [cartographer logger]: I0515 14:16:51.000000 52153 constraint_builder_2d.cc:294] 1 computations resulted in 1 additional constraints.
[cartographer_node-1] [INFO] [1778822211.712450134] [cartographer logger]: I0515 14:16:51.000000 52153 constraint_builder_2d.cc:296] Score histogram:
[cartographer_node-1] Count: 11  Min: 0.584465  Max: 0.803468  Mean: 0.726335
[cartographer_node-1] [0.584465, 0.606366)	                  ##	Count: 1 (9.09091%)	Total: 1 (9.09091%)
[cartographer_node-1] [0.606366, 0.628266)	                    	Count: 0 (0%)	Total: 1 (9.09091%)
[cartographer_node-1] [0.628266, 0.650166)	                    	Count: 0 (0%)	Total: 1 (9.09091%)
[cartographer_node-1] [0.650166, 0.672066)	                    	Count: 0 (0%)	Total: 1 (9.09091%)
[cartographer_node-1] [0.672066, 0.693967)	                  ##	Count: 1 (9.09091%)	Total: 2 (18.1818%)
[cartographer_node-1] [0.693967, 0.715867)	                  ##	Count: 1 (9.09091%)	Total: 3 (27.2727%)
[cartographer_node-1] [0.715867, 0.737767)	               #####	Count: 3 (27.2727%)	Total: 6 (54.5455%)
[cartographer_node-1] [0.737767, 0.759667)	                  ##	Count: 1 (9.09091%)	Total: 7 (63.6364%)
[cartographer_node-1] [0.759667, 0.781568)	               #####	Count: 3 (27.2727%)	Total: 10 (90.9091%)
[cartographer_node-1] [0.781568, 0.803468]	                  ##	Count: 1 (9.09091%)	Total: 11 (100%)
[cartographer_node-1] [INFO] [1778822211.732190631] [cartographer logger]: I0515 14:16:51.000000 52153 pose_graph_2d.cc:538] Remaining work items in queue: 19
[cartographer_node-1] [INFO] [1778822211.732243128] [cartographer logger]: I0515 14:16:51.000000 52153 constraint_builder_2d.cc:294] 0 computations resulted in 0 additional constraints.
[cartographer_node-1] [INFO] [1778822211.732657678] [cartographer logger]: I0515 14:16:51.000000 52153 constraint_builder_2d.cc:296] Score histogram:
[cartographer_node-1] Count: 11  Min: 0.584465  Max: 0.803468  Mean: 0.726335
[cartographer_node-1] [0.584465, 0.606366)	                  ##	Count: 1 (9.09091%)	Total: 1 (9.09091%)
[cartographer_node-1] [0.606366, 0.628266)	                    	Count: 0 (0%)	Total: 1 (9.09091%)
[cartographer_node-1] [0.628266, 0.650166)	                    	Count: 0 (0%)	Total: 1 (9.09091%)
[cartographer_node-1] [0.650166, 0.672066)	                    	Count: 0 (0%)	Total: 1 (9.09091%)
[cartographer_node-1] [0.672066, 0.693967)	                  ##	Count: 1 (9.09091%)	Total: 2 (18.1818%)
[cartographer_node-1] [0.693967, 0.715867)	                  ##	Count: 1 (9.09091%)	Total: 3 (27.2727%)
[cartographer_node-1] [0.715867, 0.737767)	               #####	Count: 3 (27.2727%)	Total: 6 (54.5455%)
[cartographer_node-1] [0.737767, 0.759667)	                  ##	Count: 1 (9.09091%)	Total: 7 (63.6364%)
[cartographer_node-1] [0.759667, 0.781568)	               #####	Count: 3 (27.2727%)	Total: 10 (90.9091%)
[cartographer_node-1] [0.781568, 0.803468]	                  ##	Count: 1 (9.09091%)	Total: 11 (100%)
[cartographer_node-1] [INFO] [1778822211.756256429] [cartographer logger]: I0515 14:16:51.000000 52153 pose_graph_2d.cc:538] Remaining work items in queue: 17
[cartographer_node-1] [INFO] [1778822211.801361028] [cartographer logger]: I0515 14:16:51.000000 52150 constraint_builder_2d.cc:294] 1 computations resulted in 0 additional constraints.
[cartographer_node-1] [INFO] [1778822211.801427152] [cartographer logger]: I0515 14:16:51.000000 52150 constraint_builder_2d.cc:296] Score histogram:
[cartographer_node-1] Count: 11  Min: 0.584465  Max: 0.803468  Mean: 0.726335
[cartographer_node-1] [0.584465, 0.606366)	                  ##	Count: 1 (9.09091%)	Total: 1 (9.09091%)
[cartographer_node-1] [0.606366, 0.628266)	                    	Count: 0 (0%)	Total: 1 (9.09091%)
[cartographer_node-1] [0.628266, 0.650166)	                    	Count: 0 (0%)	Total: 1 (9.09091%)
[cartographer_node-1] [0.650166, 0.672066)	                    	Count: 0 (0%)	Total: 1 (9.09091%)
[cartographer_node-1] [0.672066, 0.693967)	                  ##	Count: 1 (9.09091%)	Total: 2 (18.1818%)
[cartographer_node-1] [0.693967, 0.715867)	                  ##	Count: 1 (9.09091%)	Total: 3 (27.2727%)
[cartographer_node-1] [0.715867, 0.737767)	               #####	Count: 3 (27.2727%)	Total: 6 (54.5455%)
[cartographer_node-1] [0.737767, 0.759667)	                  ##	Count: 1 (9.09091%)	Total: 7 (63.6364%)
[cartographer_node-1] [0.759667, 0.781568)	               #####	Count: 3 (27.2727%)	Total: 10 (90.9091%)
[cartographer_node-1] [0.781568, 0.803468]	                  ##	Count: 1 (9.09091%)	Total: 11 (100%)
[cartographer_node-1] [INFO] [1778822211.832074842] [cartographer logger]: I0515 14:16:51.000000 52150 pose_graph_2d.cc:538] Remaining work items in queue: 19
[cartographer_node-1] [INFO] [1778822211.832125595] [cartographer logger]: I0515 14:16:51.000000 52150 constraint_builder_2d.cc:294] 0 computations resulted in 0 additional constraints.
[cartographer_node-1] [INFO] [1778822211.832190971] [cartographer logger]: I0515 14:16:51.000000 52150 constraint_builder_2d.cc:296] Score histogram:
[cartographer_node-1] Count: 11  Min: 0.584465  Max: 0.803468  Mean: 0.726335
[cartographer_node-1] [0.584465, 0.606366)	                  ##	Count: 1 (9.09091%)	Total: 1 (9.09091%)
[cartographer_node-1] [0.606366, 0.628266)	                    	Count: 0 (0%)	Total: 1 (9.09091%)
[cartographer_node-1] [0.628266, 0.650166)	                    	Count: 0 (0%)	Total: 1 (9.09091%)
[cartographer_node-1] [0.650166, 0.672066)	                    	Count: 0 (0%)	Total: 1 (9.09091%)
[cartographer_node-1] [0.672066, 0.693967)	                  ##	Count: 1 (9.09091%)	Total: 2 (18.1818%)
[cartographer_node-1] [0.693967, 0.715867)	                  ##	Count: 1 (9.09091%)	Total: 3 (27.2727%)
[cartographer_node-1] [0.715867, 0.737767)	               #####	Count: 3 (27.2727%)	Total: 6 (54.5455%)
[cartographer_node-1] [0.737767, 0.759667)	                  ##	Count: 1 (9.09091%)	Total: 7 (63.6364%)
[cartographer_node-1] [0.759667, 0.781568)	               #####	Count: 3 (27.2727%)	Total: 10 (90.9091%)
[cartographer_node-1] [0.781568, 0.803468]	                  ##	Count: 1 (9.09091%)	Total: 11 (100%)
[cartographer_node-1] [INFO] [1778822211.855176200] [cartographer logger]: I0515 14:16:51.000000 52150 pose_graph_2d.cc:538] Remaining work items in queue: 17
[cartographer_node-1] [INFO] [1778822211.855226730] [cartographer logger]: I0515 14:16:51.000000 52150 constraint_builder_2d.cc:294] 0 computations resulted in 0 additional constraints.
[cartographer_node-1] [INFO] [1778822211.855358123] [cartographer logger]: I0515 14:16:51.000000 52150 constraint_builder_2d.cc:296] Score histogram:
[cartographer_node-1] Count: 11  Min: 0.584465  Max: 0.803468  Mean: 0.726335
[cartographer_node-1] [0.584465, 0.606366)	                  ##	Count: 1 (9.09091%)	Total: 1 (9.09091%)
[cartographer_node-1] [0.606366, 0.628266)	                    	Count: 0 (0%)	Total: 1 (9.09091%)
[cartographer_node-1] [0.628266, 0.650166)	                    	Count: 0 (0%)	Total: 1 (9.09091%)
[cartographer_node-1] [0.650166, 0.672066)	                    	Count: 0 (0%)	Total: 1 (9.09091%)
[cartographer_node-1] [0.672066, 0.693967)	                  ##	Count: 1 (9.09091%)	Total: 2 (18.1818%)
[cartographer_node-1] [0.693967, 0.715867)	                  ##	Count: 1 (9.09091%)	Total: 3 (27.2727%)
[cartographer_node-1] [0.715867, 0.737767)	               #####	Count: 3 (27.2727%)	Total: 6 (54.5455%)
[cartographer_node-1] [0.737767, 0.759667)	                  ##	Count: 1 (9.09091%)	Total: 7 (63.6364%)
[cartographer_node-1] [0.759667, 0.781568)	               #####	Count: 3 (27.2727%)	Total: 10 (90.9091%)
[cartographer_node-1] [0.781568, 0.803468]	                  ##	Count: 1 (9.09091%)	Total: 11 (100%)
[cartographer_node-1] [INFO] [1778822211.879662619] [cartographer logger]: I0515 14:16:51.000000 52150 pose_graph_2d.cc:538] Remaining work items in queue: 14
[cartographer_node-1] [INFO] [1778822211.879729997] [cartographer logger]: I0515 14:16:51.000000 52150 constraint_builder_2d.cc:294] 0 computations resulted in 0 additional constraints.
[cartographer_node-1] [INFO] [1778822211.879809251] [cartographer logger]: I0515 14:16:51.000000 52150 constraint_builder_2d.cc:296] Score histogram:
[cartographer_node-1] Count: 11  Min: 0.584465  Max: 0.803468  Mean: 0.726335
[cartographer_node-1] [0.584465, 0.606366)	                  ##	Count: 1 (9.09091%)	Total: 1 (9.09091%)
[cartographer_node-1] [0.606366, 0.628266)	                    	Count: 0 (0%)	Total: 1 (9.09091%)
[cartographer_node-1] [0.628266, 0.650166)	                    	Count: 0 (0%)	Total: 1 (9.09091%)
[cartographer_node-1] [0.650166, 0.672066)	                    	Count: 0 (0%)	Total: 1 (9.09091%)
[cartographer_node-1] [0.672066, 0.693967)	                  ##	Count: 1 (9.09091%)	Total: 2 (18.1818%)
[cartographer_node-1] [0.693967, 0.715867)	                  ##	Count: 1 (9.09091%)	Total: 3 (27.2727%)
[cartographer_node-1] [0.715867, 0.737767)	               #####	Count: 3 (27.2727%)	Total: 6 (54.5455%)
[cartographer_node-1] [0.737767, 0.759667)	                  ##	Count: 1 (9.09091%)	Total: 7 (63.6364%)
[cartographer_node-1] [0.759667, 0.781568)	               #####	Count: 3 (27.2727%)	Total: 10 (90.9091%)
[cartographer_node-1] [0.781568, 0.803468]	                  ##	Count: 1 (9.09091%)	Total: 11 (100%)
[cartographer_node-1] [INFO] [1778822211.904557529] [cartographer logger]: I0515 14:16:51.000000 52150 pose_graph_2d.cc:538] Remaining work items in queue: 10
[cartographer_node-1] [INFO] [1778822211.904724999] [cartographer logger]: I0515 14:16:51.000000 52150 constraint_builder_2d.cc:294] 0 computations resulted in 0 additional constraints.
[cartographer_node-1] [INFO] [1778822211.905086824] [cartographer logger]: I0515 14:16:51.000000 52150 constraint_builder_2d.cc:296] Score histogram:
[cartographer_node-1] Count: 11  Min: 0.584465  Max: 0.803468  Mean: 0.726335
[cartographer_node-1] [0.584465, 0.606366)	                  ##	Count: 1 (9.09091%)	Total: 1 (9.09091%)
[cartographer_node-1] [0.606366, 0.628266)	                    	Count: 0 (0%)	Total: 1 (9.09091%)
[cartographer_node-1] [0.628266, 0.650166)	                    	Count: 0 (0%)	Total: 1 (9.09091%)
[cartographer_node-1] [0.650166, 0.672066)	                    	Count: 0 (0%)	Total: 1 (9.09091%)
[cartographer_node-1] [0.672066, 0.693967)	                  ##	Count: 1 (9.09091%)	Total: 2 (18.1818%)
[cartographer_node-1] [0.693967, 0.715867)	                  ##	Count: 1 (9.09091%)	Total: 3 (27.2727%)
[cartographer_node-1] [0.715867, 0.737767)	               #####	Count: 3 (27.2727%)	Total: 6 (54.5455%)
[cartographer_node-1] [0.737767, 0.759667)	                  ##	Count: 1 (9.09091%)	Total: 7 (63.6364%)
[cartographer_node-1] [0.759667, 0.781568)	               #####	Count: 3 (27.2727%)	Total: 10 (90.9091%)
[cartographer_node-1] [0.781568, 0.803468]	                  ##	Count: 1 (9.09091%)	Total: 11 (100%)
[cartographer_node-1] [INFO] [1778822211.930009843] [cartographer logger]: I0515 14:16:51.000000 52150 pose_graph_2d.cc:538] Remaining work items in queue: 9
[cartographer_node-1] [INFO] [1778822211.930062554] [cartographer logger]: I0515 14:16:51.000000 52150 constraint_builder_2d.cc:294] 0 computations resulted in 0 additional constraints.
[cartographer_node-1] [INFO] [1778822211.930141126] [cartographer logger]: I0515 14:16:51.000000 52150 constraint_builder_2d.cc:296] Score histogram:
[cartographer_node-1] Count: 11  Min: 0.584465  Max: 0.803468  Mean: 0.726335
[cartographer_node-1] [0.584465, 0.606366)	                  ##	Count: 1 (9.09091%)	Total: 1 (9.09091%)
[cartographer_node-1] [0.606366, 0.628266)	                    	Count: 0 (0%)	Total: 1 (9.09091%)
[cartographer_node-1] [0.628266, 0.650166)	                    	Count: 0 (0%)	Total: 1 (9.09091%)
[cartographer_node-1] [0.650166, 0.672066)	                    	Count: 0 (0%)	Total: 1 (9.09091%)
[cartographer_node-1] [0.672066, 0.693967)	                  ##	Count: 1 (9.09091%)	Total: 2 (18.1818%)
[cartographer_node-1] [0.693967, 0.715867)	                  ##	Count: 1 (9.09091%)	Total: 3 (27.2727%)
[cartographer_node-1] [0.715867, 0.737767)	               #####	Count: 3 (27.2727%)	Total: 6 (54.5455%)
[cartographer_node-1] [0.737767, 0.759667)	                  ##	Count: 1 (9.09091%)	Total: 7 (63.6364%)
[cartographer_node-1] [0.759667, 0.781568)	               #####	Count: 3 (27.2727%)	Total: 10 (90.9091%)
[cartographer_node-1] [0.781568, 0.803468]	                  ##	Count: 1 (9.09091%)	Total: 11 (100%)
[cartographer_node-1] [INFO] [1778822211.952948101] [cartographer logger]: I0515 14:16:51.000000 52150 pose_graph_2d.cc:538] Remaining work items in queue: 5
[cartographer_node-1] [INFO] [1778822211.952991047] [cartographer logger]: I0515 14:16:51.000000 52150 constraint_builder_2d.cc:294] 0 computations resulted in 0 additional constraints.
[cartographer_node-1] [INFO] [1778822211.953084078] [cartographer logger]: I0515 14:16:51.000000 52150 constraint_builder_2d.cc:296] Score histogram:
[cartographer_node-1] Count: 11  Min: 0.584465  Max: 0.803468  Mean: 0.726335
[cartographer_node-1] [0.584465, 0.606366)	                  ##	Count: 1 (9.09091%)	Total: 1 (9.09091%)
[cartographer_node-1] [0.606366, 0.628266)	                    	Count: 0 (0%)	Total: 1 (9.09091%)
[cartographer_node-1] [0.628266, 0.650166)	                    	Count: 0 (0%)	Total: 1 (9.09091%)
[cartographer_node-1] [0.650166, 0.672066)	                    	Count: 0 (0%)	Total: 1 (9.09091%)
[cartographer_node-1] [0.672066, 0.693967)	                  ##	Count: 1 (9.09091%)	Total: 2 (18.1818%)
[cartographer_node-1] [0.693967, 0.715867)	                  ##	Count: 1 (9.09091%)	Total: 3 (27.2727%)
[cartographer_node-1] [0.715867, 0.737767)	               #####	Count: 3 (27.2727%)	Total: 6 (54.5455%)
[cartographer_node-1] [0.737767, 0.759667)	                  ##	Count: 1 (9.09091%)	Total: 7 (63.6364%)
[cartographer_node-1] [0.759667, 0.781568)	               #####	Count: 3 (27.2727%)	Total: 10 (90.9091%)
[cartographer_node-1] [0.781568, 0.803468]	                  ##	Count: 1 (9.09091%)	Total: 11 (100%)
[cartographer_node-1] [INFO] [1778822211.971199858] [cartographer logger]: I0515 14:16:51.000000 52150 pose_graph_2d.cc:538] Remaining work items in queue: 0
[cartographer_node-1] [INFO] [1778822211.971246416] [cartographer logger]: I0515 14:16:51.000000 52150 constraint_builder_2d.cc:294] 0 computations resulted in 0 additional constraints.
[cartographer_node-1] [INFO] [1778822211.971503803] [cartographer logger]: I0515 14:16:51.000000 52150 constraint_builder_2d.cc:296] Score histogram:
[cartographer_node-1] Count: 11  Min: 0.584465  Max: 0.803468  Mean: 0.726335
[cartographer_node-1] [0.584465, 0.606366)	                  ##	Count: 1 (9.09091%)	Total: 1 (9.09091%)
[cartographer_node-1] [0.606366, 0.628266)	                    	Count: 0 (0%)	Total: 1 (9.09091%)
[cartographer_node-1] [0.628266, 0.650166)	                    	Count: 0 (0%)	Total: 1 (9.09091%)
[cartographer_node-1] [0.650166, 0.672066)	                    	Count: 0 (0%)	Total: 1 (9.09091%)
[cartographer_node-1] [0.672066, 0.693967)	                  ##	Count: 1 (9.09091%)	Total: 2 (18.1818%)
[cartographer_node-1] [0.693967, 0.715867)	                  ##	Count: 1 (9.09091%)	Total: 3 (27.2727%)
[cartographer_node-1] [0.715867, 0.737767)	               #####	Count: 3 (27.2727%)	Total: 6 (54.5455%)
[cartographer_node-1] [0.737767, 0.759667)	                  ##	Count: 1 (9.09091%)	Total: 7 (63.6364%)
[cartographer_node-1] [0.759667, 0.781568)	               #####	Count: 3 (27.2727%)	Total: 10 (90.9091%)
[cartographer_node-1] [0.781568, 0.803468]	                  ##	Count: 1 (9.09091%)	Total: 11 (100%)
[cartographer_node-1] [INFO] [1778822212.010712240] [cartographer logger]: I0515 14:16:52.000000 52150 pose_graph_2d.cc:538] Remaining work items in queue: 0
[cartographer_node-1] [INFO] [1778822212.036506314] [cartographer logger]: I0515 14:16:52.000000 52153 constraint_builder_2d.cc:279] Node (1, 200) with 216 points on submap (0, 0) matches with score 73.3%.
[cartographer_node-1] [INFO] [1778822212.036551259] [cartographer logger]: I0515 14:16:52.000000 52153 constraint_builder_2d.cc:294] 1 computations resulted in 1 additional constraints.
[cartographer_node-1] [INFO] [1778822212.036586999] [cartographer logger]: I0515 14:16:52.000000 52153 constraint_builder_2d.cc:296] Score histogram:
[cartographer_node-1] Count: 12  Min: 0.584465  Max: 0.803468  Mean: 0.72689
[cartographer_node-1] [0.584465, 0.606366)	                  ##	Count: 1 (8.33333%)	Total: 1 (8.33333%)
[cartographer_node-1] [0.606366, 0.628266)	                    	Count: 0 (0%)	Total: 1 (8.33333%)
[cartographer_node-1] [0.628266, 0.650166)	                    	Count: 0 (0%)	Total: 1 (8.33333%)
[cartographer_node-1] [0.650166, 0.672066)	                    	Count: 0 (0%)	Total: 1 (8.33333%)
[cartographer_node-1] [0.672066, 0.693967)	                  ##	Count: 1 (8.33333%)	Total: 2 (16.6667%)
[cartographer_node-1] [0.693967, 0.715867)	                  ##	Count: 1 (8.33333%)	Total: 3 (25%)
[cartographer_node-1] [0.715867, 0.737767)	             #######	Count: 4 (33.3333%)	Total: 7 (58.3333%)
[cartographer_node-1] [0.737767, 0.759667)	                  ##	Count: 1 (8.33333%)	Total: 8 (66.6667%)
[cartographer_node-1] [0.759667, 0.781568)	               #####	Count: 3 (25%)	Total: 11 (91.6667%)
[cartographer_node-1] [0.781568, 0.803468]	                  ##	Count: 1 (8.33333%)	Total: 12 (100%)
[cartographer_node-1] [INFO] [1778822212.076534107] [cartographer logger]: I0515 14:16:52.000000 52153 pose_graph_2d.cc:538] Remaining work items in queue: 2
[cartographer_node-1] [INFO] [1778822212.076587439] [cartographer logger]: I0515 14:16:52.000000 52153 constraint_builder_2d.cc:294] 0 computations resulted in 0 additional constraints.
[cartographer_node-1] [INFO] [1778822212.076963406] [cartographer logger]: I0515 14:16:52.000000 52153 constraint_builder_2d.cc:296] Score histogram:
[cartographer_node-1] Count: 12  Min: 0.584465  Max: 0.803468  Mean: 0.72689
[cartographer_node-1] [0.584465, 0.606366)	                  ##	Count: 1 (8.33333%)	Total: 1 (8.33333%)
[cartographer_node-1] [0.606366, 0.628266)	                    	Count: 0 (0%)	Total: 1 (8.33333%)
[cartographer_node-1] [0.628266, 0.650166)	                    	Count: 0 (0%)	Total: 1 (8.33333%)
[cartographer_node-1] [0.650166, 0.672066)	                    	Count: 0 (0%)	Total: 1 (8.33333%)
[cartographer_node-1] [0.672066, 0.693967)	                  ##	Count: 1 (8.33333%)	Total: 2 (16.6667%)
[cartographer_node-1] [0.693967, 0.715867)	                  ##	Count: 1 (8.33333%)	Total: 3 (25%)
[cartographer_node-1] [0.715867, 0.737767)	             #######	Count: 4 (33.3333%)	Total: 7 (58.3333%)
[cartographer_node-1] [0.737767, 0.759667)	                  ##	Count: 1 (8.33333%)	Total: 8 (66.6667%)
[cartographer_node-1] [0.759667, 0.781568)	               #####	Count: 3 (25%)	Total: 11 (91.6667%)
[cartographer_node-1] [0.781568, 0.803468]	                  ##	Count: 1 (8.33333%)	Total: 12 (100%)
[cartographer_node-1] [INFO] [1778822212.095214844] [cartographer logger]: I0515 14:16:52.000000 52153 pose_graph_2d.cc:538] Remaining work items in queue: 1
[cartographer_node-1] [INFO] [1778822212.095293860] [cartographer logger]: I0515 14:16:52.000000 52153 constraint_builder_2d.cc:294] 0 computations resulted in 0 additional constraints.
[cartographer_node-1] [INFO] [1778822212.095373083] [cartographer logger]: I0515 14:16:52.000000 52153 constraint_builder_2d.cc:296] Score histogram:
[cartographer_node-1] Count: 12  Min: 0.584465  Max: 0.803468  Mean: 0.72689
[cartographer_node-1] [0.584465, 0.606366)	                  ##	Count: 1 (8.33333%)	Total: 1 (8.33333%)
[cartographer_node-1] [0.606366, 0.628266)	                    	Count: 0 (0%)	Total: 1 (8.33333%)
[cartographer_node-1] [0.628266, 0.650166)	                    	Count: 0 (0%)	Total: 1 (8.33333%)
[cartographer_node-1] [0.650166, 0.672066)	                    	Count: 0 (0%)	Total: 1 (8.33333%)
[cartographer_node-1] [0.672066, 0.693967)	                  ##	Count: 1 (8.33333%)	Total: 2 (16.6667%)
[cartographer_node-1] [0.693967, 0.715867)	                  ##	Count: 1 (8.33333%)	Total: 3 (25%)
[cartographer_node-1] [0.715867, 0.737767)	             #######	Count: 4 (33.3333%)	Total: 7 (58.3333%)
[cartographer_node-1] [0.737767, 0.759667)	                  ##	Count: 1 (8.33333%)	Total: 8 (66.6667%)
[cartographer_node-1] [0.759667, 0.781568)	               #####	Count: 3 (25%)	Total: 11 (91.6667%)
[cartographer_node-1] [0.781568, 0.803468]	                  ##	Count: 1 (8.33333%)	Total: 12 (100%)
[cartographer_node-1] [INFO] [1778822212.133283230] [cartographer logger]: I0515 14:16:52.000000 52152 pose_graph_2d.cc:538] Remaining work items in queue: 0
[cartographer_node-1] [INFO] [1778822212.133355760] [cartographer logger]: I0515 14:16:52.000000 52152 constraint_builder_2d.cc:294] 0 computations resulted in 0 additional constraints.
[cartographer_node-1] [INFO] [1778822212.133390381] [cartographer logger]: I0515 14:16:52.000000 52152 constraint_builder_2d.cc:296] Score histogram:
[cartographer_node-1] Count: 12  Min: 0.584465  Max: 0.803468  Mean: 0.72689
[cartographer_node-1] [0.584465, 0.606366)	                  ##	Count: 1 (8.33333%)	Total: 1 (8.33333%)
[cartographer_node-1] [0.606366, 0.628266)	                    	Count: 0 (0%)	Total: 1 (8.33333%)
[cartographer_node-1] [0.628266, 0.650166)	                    	Count: 0 (0%)	Total: 1 (8.33333%)
[cartographer_node-1] [0.650166, 0.672066)	                    	Count: 0 (0%)	Total: 1 (8.33333%)
[cartographer_node-1] [0.672066, 0.693967)	                  ##	Count: 1 (8.33333%)	Total: 2 (16.6667%)
[cartographer_node-1] [0.693967, 0.715867)	                  ##	Count: 1 (8.33333%)	Total: 3 (25%)
[cartographer_node-1] [0.715867, 0.737767)	             #######	Count: 4 (33.3333%)	Total: 7 (58.3333%)
[cartographer_node-1] [0.737767, 0.759667)	                  ##	Count: 1 (8.33333%)	Total: 8 (66.6667%)
[cartographer_node-1] [0.759667, 0.781568)	               #####	Count: 3 (25%)	Total: 11 (91.6667%)
[cartographer_node-1] [0.781568, 0.803468]	                  ##	Count: 1 (8.33333%)	Total: 12 (100%)
[cartographer_node-1] [INFO] [1778822212.183717036] [cartographer logger]: I0515 14:16:52.000000 52151 pose_graph_2d.cc:538] Remaining work items in queue: 0
[cartographer_node-1] [INFO] [1778822212.183762875] [cartographer logger]: I0515 14:16:52.000000 52151 constraint_builder_2d.cc:294] 0 computations resulted in 0 additional constraints.
[cartographer_node-1] [INFO] [1778822212.183805273] [cartographer logger]: I0515 14:16:52.000000 52151 constraint_builder_2d.cc:296] Score histogram:
[cartographer_node-1] Count: 12  Min: 0.584465  Max: 0.803468  Mean: 0.72689
[cartographer_node-1] [0.584465, 0.606366)	                  ##	Count: 1 (8.33333%)	Total: 1 (8.33333%)
[cartographer_node-1] [0.606366, 0.628266)	                    	Count: 0 (0%)	Total: 1 (8.33333%)
[cartographer_node-1] [0.628266, 0.650166)	                    	Count: 0 (0%)	Total: 1 (8.33333%)
[cartographer_node-1] [0.650166, 0.672066)	                    	Count: 0 (0%)	Total: 1 (8.33333%)
[cartographer_node-1] [0.672066, 0.693967)	                  ##	Count: 1 (8.33333%)	Total: 2 (16.6667%)
[cartographer_node-1] [0.693967, 0.715867)	                  ##	Count: 1 (8.33333%)	Total: 3 (25%)
[cartographer_node-1] [0.715867, 0.737767)	             #######	Count: 4 (33.3333%)	Total: 7 (58.3333%)
[cartographer_node-1] [0.737767, 0.759667)	                  ##	Count: 1 (8.33333%)	Total: 8 (66.6667%)
[cartographer_node-1] [0.759667, 0.781568)	               #####	Count: 3 (25%)	Total: 11 (91.6667%)
[cartographer_node-1] [0.781568, 0.803468]	                  ##	Count: 1 (8.33333%)	Total: 12 (100%)
[cartographer_node-1] [INFO] [1778822212.234169198] [cartographer logger]: I0515 14:16:52.000000 52150 pose_graph_2d.cc:538] Remaining work items in queue: 0
[cartographer_node-1] [INFO] [1778822212.234246658] [cartographer logger]: I0515 14:16:52.000000 52150 constraint_builder_2d.cc:294] 0 computations resulted in 0 additional constraints.
[cartographer_node-1] [INFO] [1778822212.234609866] [cartographer logger]: I0515 14:16:52.000000 52150 constraint_builder_2d.cc:296] Score histogram:
[cartographer_node-1] Count: 12  Min: 0.584465  Max: 0.803468  Mean: 0.72689
[cartographer_node-1] [0.584465, 0.606366)	                  ##	Count: 1 (8.33333%)	Total: 1 (8.33333%)
[cartographer_node-1] [0.606366, 0.628266)	                    	Count: 0 (0%)	Total: 1 (8.33333%)
[cartographer_node-1] [0.628266, 0.650166)	                    	Count: 0 (0%)	Total: 1 (8.33333%)
[cartographer_node-1] [0.650166, 0.672066)	                    	Count: 0 (0%)	Total: 1 (8.33333%)
[cartographer_node-1] [0.672066, 0.693967)	                  ##	Count: 1 (8.33333%)	Total: 2 (16.6667%)
[cartographer_node-1] [0.693967, 0.715867)	                  ##	Count: 1 (8.33333%)	Total: 3 (25%)
[cartographer_node-1] [0.715867, 0.737767)	             #######	Count: 4 (33.3333%)	Total: 7 (58.3333%)
[cartographer_node-1] [0.737767, 0.759667)	                  ##	Count: 1 (8.33333%)	Total: 8 (66.6667%)
[cartographer_node-1] [0.759667, 0.781568)	               #####	Count: 3 (25%)	Total: 11 (91.6667%)
[cartographer_node-1] [0.781568, 0.803468]	                  ##	Count: 1 (8.33333%)	Total: 12 (100%)
[cartographer_node-1] [INFO] [1778822212.280220350] [cartographer logger]: I0515 14:16:52.000000 52150 pose_graph_2d.cc:538] Remaining work items in queue: 2
[cartographer_node-1] [INFO] [1778822212.280270658] [cartographer logger]: I0515 14:16:52.000000 52150 constraint_builder_2d.cc:294] 0 computations resulted in 0 additional constraints.
[cartographer_node-1] [INFO] [1778822212.280364714] [cartographer logger]: I0515 14:16:52.000000 52150 constraint_builder_2d.cc:296] Score histogram:
[cartographer_node-1] Count: 12  Min: 0.584465  Max: 0.803468  Mean: 0.72689
[cartographer_node-1] [0.584465, 0.606366)	                  ##	Count: 1 (8.33333%)	Total: 1 (8.33333%)
[cartographer_node-1] [0.606366, 0.628266)	                    	Count: 0 (0%)	Total: 1 (8.33333%)
[cartographer_node-1] [0.628266, 0.650166)	                    	Count: 0 (0%)	Total: 1 (8.33333%)
[cartographer_node-1] [0.650166, 0.672066)	                    	Count: 0 (0%)	Total: 1 (8.33333%)
[cartographer_node-1] [0.672066, 0.693967)	                  ##	Count: 1 (8.33333%)	Total: 2 (16.6667%)
[cartographer_node-1] [0.693967, 0.715867)	                  ##	Count: 1 (8.33333%)	Total: 3 (25%)
[cartographer_node-1] [0.715867, 0.737767)	             #######	Count: 4 (33.3333%)	Total: 7 (58.3333%)
[cartographer_node-1] [0.737767, 0.759667)	                  ##	Count: 1 (8.33333%)	Total: 8 (66.6667%)
[cartographer_node-1] [0.759667, 0.781568)	               #####	Count: 3 (25%)	Total: 11 (91.6667%)
[cartographer_node-1] [0.781568, 0.803468]	                  ##	Count: 1 (8.33333%)	Total: 12 (100%)
[cartographer_node-1] [INFO] [1778822212.317452903] [cartographer logger]: I0515 14:16:52.000000 52152 pose_graph_2d.cc:538] Remaining work items in queue: 0
[cartographer_node-1] [INFO] [1778822212.437720050] [cartographer logger]: I0515 14:16:52.000000 52151 constraint_builder_2d.cc:294] 1 computations resulted in 0 additional constraints.
[cartographer_node-1] [INFO] [1778822212.437777767] [cartographer logger]: I0515 14:16:52.000000 52151 constraint_builder_2d.cc:296] Score histogram:
[cartographer_node-1] Count: 12  Min: 0.584465  Max: 0.803468  Mean: 0.72689
[cartographer_node-1] [0.584465, 0.606366)	                  ##	Count: 1 (8.33333%)	Total: 1 (8.33333%)
[cartographer_node-1] [0.606366, 0.628266)	                    	Count: 0 (0%)	Total: 1 (8.33333%)
[cartographer_node-1] [0.628266, 0.650166)	                    	Count: 0 (0%)	Total: 1 (8.33333%)
[cartographer_node-1] [0.650166, 0.672066)	                    	Count: 0 (0%)	Total: 1 (8.33333%)
[cartographer_node-1] [0.672066, 0.693967)	                  ##	Count: 1 (8.33333%)	Total: 2 (16.6667%)
[cartographer_node-1] [0.693967, 0.715867)	                  ##	Count: 1 (8.33333%)	Total: 3 (25%)
[cartographer_node-1] [0.715867, 0.737767)	             #######	Count: 4 (33.3333%)	Total: 7 (58.3333%)
[cartographer_node-1] [0.737767, 0.759667)	                  ##	Count: 1 (8.33333%)	Total: 8 (66.6667%)
[cartographer_node-1] [0.759667, 0.781568)	               #####	Count: 3 (25%)	Total: 11 (91.6667%)
[cartographer_node-1] [0.781568, 0.803468]	                  ##	Count: 1 (8.33333%)	Total: 12 (100%)
[cartographer_node-1] [INFO] [1778822212.459279700] [cartographer logger]: I0515 14:16:52.000000 52151 pose_graph_2d.cc:538] Remaining work items in queue: 8
[cartographer_node-1] [INFO] [1778822212.459330532] [cartographer logger]: I0515 14:16:52.000000 52151 constraint_builder_2d.cc:294] 0 computations resulted in 0 additional constraints.
[cartographer_node-1] [INFO] [1778822212.459708159] [cartographer logger]: I0515 14:16:52.000000 52151 constraint_builder_2d.cc:296] Score histogram:
[cartographer_node-1] Count: 12  Min: 0.584465  Max: 0.803468  Mean: 0.72689
[cartographer_node-1] [0.584465, 0.606366)	                  ##	Count: 1 (8.33333%)	Total: 1 (8.33333%)
[cartographer_node-1] [0.606366, 0.628266)	                    	Count: 0 (0%)	Total: 1 (8.33333%)
[cartographer_node-1] [0.628266, 0.650166)	                    	Count: 0 (0%)	Total: 1 (8.33333%)
[cartographer_node-1] [0.650166, 0.672066)	                    	Count: 0 (0%)	Total: 1 (8.33333%)
[cartographer_node-1] [0.672066, 0.693967)	                  ##	Count: 1 (8.33333%)	Total: 2 (16.6667%)
[cartographer_node-1] [0.693967, 0.715867)	                  ##	Count: 1 (8.33333%)	Total: 3 (25%)
[cartographer_node-1] [0.715867, 0.737767)	             #######	Count: 4 (33.3333%)	Total: 7 (58.3333%)
[cartographer_node-1] [0.737767, 0.759667)	                  ##	Count: 1 (8.33333%)	Total: 8 (66.6667%)
[cartographer_node-1] [0.759667, 0.781568)	               #####	Count: 3 (25%)	Total: 11 (91.6667%)
[cartographer_node-1] [0.781568, 0.803468]	                  ##	Count: 1 (8.33333%)	Total: 12 (100%)
[cartographer_node-1] [INFO] [1778822212.481442562] [cartographer logger]: I0515 14:16:52.000000 52151 pose_graph_2d.cc:538] Remaining work items in queue: 6
[cartographer_node-1] [INFO] [1778822212.481482314] [cartographer logger]: I0515 14:16:52.000000 52151 constraint_builder_2d.cc:294] 0 computations resulted in 0 additional constraints.
[cartographer_node-1] [INFO] [1778822212.481634171] [cartographer logger]: I0515 14:16:52.000000 52151 constraint_builder_2d.cc:296] Score histogram:
[cartographer_node-1] Count: 12  Min: 0.584465  Max: 0.803468  Mean: 0.72689
[cartographer_node-1] [0.584465, 0.606366)	                  ##	Count: 1 (8.33333%)	Total: 1 (8.33333%)
[cartographer_node-1] [0.606366, 0.628266)	                    	Count: 0 (0%)	Total: 1 (8.33333%)
[cartographer_node-1] [0.628266, 0.650166)	                    	Count: 0 (0%)	Total: 1 (8.33333%)
[cartographer_node-1] [0.650166, 0.672066)	                    	Count: 0 (0%)	Total: 1 (8.33333%)
[cartographer_node-1] [0.672066, 0.693967)	                  ##	Count: 1 (8.33333%)	Total: 2 (16.6667%)
[cartographer_node-1] [0.693967, 0.715867)	                  ##	Count: 1 (8.33333%)	Total: 3 (25%)
[cartographer_node-1] [0.715867, 0.737767)	             #######	Count: 4 (33.3333%)	Total: 7 (58.3333%)
[cartographer_node-1] [0.737767, 0.759667)	                  ##	Count: 1 (8.33333%)	Total: 8 (66.6667%)
[cartographer_node-1] [0.759667, 0.781568)	               #####	Count: 3 (25%)	Total: 11 (91.6667%)
[cartographer_node-1] [0.781568, 0.803468]	                  ##	Count: 1 (8.33333%)	Total: 12 (100%)
[cartographer_node-1] [INFO] [1778822212.505790654] [cartographer logger]: I0515 14:16:52.000000 52151 pose_graph_2d.cc:538] Remaining work items in queue: 4
[cartographer_node-1] [INFO] [1778822212.505841820] [cartographer logger]: I0515 14:16:52.000000 52151 constraint_builder_2d.cc:294] 0 computations resulted in 0 additional constraints.
[cartographer_node-1] [INFO] [1778822212.505945519] [cartographer logger]: I0515 14:16:52.000000 52151 constraint_builder_2d.cc:296] Score histogram:
[cartographer_node-1] Count: 12  Min: 0.584465  Max: 0.803468  Mean: 0.72689
[cartographer_node-1] [0.584465, 0.606366)	                  ##	Count: 1 (8.33333%)	Total: 1 (8.33333%)
[cartographer_node-1] [0.606366, 0.628266)	                    	Count: 0 (0%)	Total: 1 (8.33333%)
[cartographer_node-1] [0.628266, 0.650166)	                    	Count: 0 (0%)	Total: 1 (8.33333%)
[cartographer_node-1] [0.650166, 0.672066)	                    	Count: 0 (0%)	Total: 1 (8.33333%)
[cartographer_node-1] [0.672066, 0.693967)	                  ##	Count: 1 (8.33333%)	Total: 2 (16.6667%)
[cartographer_node-1] [0.693967, 0.715867)	                  ##	Count: 1 (8.33333%)	Total: 3 (25%)
[cartographer_node-1] [0.715867, 0.737767)	             #######	Count: 4 (33.3333%)	Total: 7 (58.3333%)
[cartographer_node-1] [0.737767, 0.759667)	                  ##	Count: 1 (8.33333%)	Total: 8 (66.6667%)
[cartographer_node-1] [0.759667, 0.781568)	               #####	Count: 3 (25%)	Total: 11 (91.6667%)
[cartographer_node-1] [0.781568, 0.803468]	                  ##	Count: 1 (8.33333%)	Total: 12 (100%)
[cartographer_node-1] [INFO] [1778822212.534164462] [cartographer logger]: I0515 14:16:52.000000 52153 pose_graph_2d.cc:538] Remaining work items in queue: 0
[cartographer_node-1] [INFO] [1778822212.534205509] [cartographer logger]: I0515 14:16:52.000000 52153 constraint_builder_2d.cc:294] 0 computations resulted in 0 additional constraints.
[cartographer_node-1] [INFO] [1778822212.534504314] [cartographer logger]: I0515 14:16:52.000000 52153 constraint_builder_2d.cc:296] Score histogram:
[cartographer_node-1] Count: 12  Min: 0.584465  Max: 0.803468  Mean: 0.72689
[cartographer_node-1] [0.584465, 0.606366)	                  ##	Count: 1 (8.33333%)	Total: 1 (8.33333%)
[cartographer_node-1] [0.606366, 0.628266)	                    	Count: 0 (0%)	Total: 1 (8.33333%)
[cartographer_node-1] [0.628266, 0.650166)	                    	Count: 0 (0%)	Total: 1 (8.33333%)
[cartographer_node-1] [0.650166, 0.672066)	                    	Count: 0 (0%)	Total: 1 (8.33333%)
[cartographer_node-1] [0.672066, 0.693967)	                  ##	Count: 1 (8.33333%)	Total: 2 (16.6667%)
[cartographer_node-1] [0.693967, 0.715867)	                  ##	Count: 1 (8.33333%)	Total: 3 (25%)
[cartographer_node-1] [0.715867, 0.737767)	             #######	Count: 4 (33.3333%)	Total: 7 (58.3333%)
[cartographer_node-1] [0.737767, 0.759667)	                  ##	Count: 1 (8.33333%)	Total: 8 (66.6667%)
[cartographer_node-1] [0.759667, 0.781568)	               #####	Count: 3 (25%)	Total: 11 (91.6667%)
[cartographer_node-1] [0.781568, 0.803468]	                  ##	Count: 1 (8.33333%)	Total: 12 (100%)
[cartographer_node-1] [INFO] [1778822212.586033021] [cartographer logger]: I0515 14:16:52.000000 52152 pose_graph_2d.cc:538] Remaining work items in queue: 0
[cartographer_node-1] [INFO] [1778822212.586071721] [cartographer logger]: I0515 14:16:52.000000 52152 constraint_builder_2d.cc:294] 0 computations resulted in 0 additional constraints.
[cartographer_node-1] [INFO] [1778822212.586159817] [cartographer logger]: I0515 14:16:52.000000 52152 constraint_builder_2d.cc:296] Score histogram:
[cartographer_node-1] Count: 12  Min: 0.584465  Max: 0.803468  Mean: 0.72689
[cartographer_node-1] [0.584465, 0.606366)	                  ##	Count: 1 (8.33333%)	Total: 1 (8.33333%)
[cartographer_node-1] [0.606366, 0.628266)	                    	Count: 0 (0%)	Total: 1 (8.33333%)
[cartographer_node-1] [0.628266, 0.650166)	                    	Count: 0 (0%)	Total: 1 (8.33333%)
[cartographer_node-1] [0.650166, 0.672066)	                    	Count: 0 (0%)	Total: 1 (8.33333%)
[cartographer_node-1] [0.672066, 0.693967)	                  ##	Count: 1 (8.33333%)	Total: 2 (16.6667%)
[cartographer_node-1] [0.693967, 0.715867)	                  ##	Count: 1 (8.33333%)	Total: 3 (25%)
[cartographer_node-1] [0.715867, 0.737767)	             #######	Count: 4 (33.3333%)	Total: 7 (58.3333%)
[cartographer_node-1] [0.737767, 0.759667)	                  ##	Count: 1 (8.33333%)	Total: 8 (66.6667%)
[cartographer_node-1] [0.759667, 0.781568)	               #####	Count: 3 (25%)	Total: 11 (91.6667%)
[cartographer_node-1] [0.781568, 0.803468]	                  ##	Count: 1 (8.33333%)	Total: 12 (100%)
[cartographer_node-1] [INFO] [1778822212.636684926] [cartographer logger]: I0515 14:16:52.000000 52152 pose_graph_2d.cc:538] Remaining work items in queue: 0
[cartographer_node-1] [INFO] [1778822212.636737861] [cartographer logger]: I0515 14:16:52.000000 52152 constraint_builder_2d.cc:294] 0 computations resulted in 0 additional constraints.
[cartographer_node-1] [INFO] [1778822212.637170100] [cartographer logger]: I0515 14:16:52.000000 52152 constraint_builder_2d.cc:296] Score histogram:
[cartographer_node-1] Count: 12  Min: 0.584465  Max: 0.803468  Mean: 0.72689
[cartographer_node-1] [0.584465, 0.606366)	                  ##	Count: 1 (8.33333%)	Total: 1 (8.33333%)
[cartographer_node-1] [0.606366, 0.628266)	                    	Count: 0 (0%)	Total: 1 (8.33333%)
[cartographer_node-1] [0.628266, 0.650166)	                    	Count: 0 (0%)	Total: 1 (8.33333%)
[cartographer_node-1] [0.650166, 0.672066)	                    	Count: 0 (0%)	Total: 1 (8.33333%)
[cartographer_node-1] [0.672066, 0.693967)	                  ##	Count: 1 (8.33333%)	Total: 2 (16.6667%)
[cartographer_node-1] [0.693967, 0.715867)	                  ##	Count: 1 (8.33333%)	Total: 3 (25%)
[cartographer_node-1] [0.715867, 0.737767)	             #######	Count: 4 (33.3333%)	Total: 7 (58.3333%)
[cartographer_node-1] [0.737767, 0.759667)	                  ##	Count: 1 (8.33333%)	Total: 8 (66.6667%)
[cartographer_node-1] [0.759667, 0.781568)	               #####	Count: 3 (25%)	Total: 11 (91.6667%)
[cartographer_node-1] [0.781568, 0.803468]	                  ##	Count: 1 (8.33333%)	Total: 12 (100%)
[cartographer_node-1] [INFO] [1778822212.690061277] [cartographer logger]: I0515 14:16:52.000000 52152 pose_graph_2d.cc:538] Remaining work items in queue: 0
[cartographer_node-1] [INFO] [1778822212.721939180] [cartographer logger]: I0515 14:16:52.000000 52150 constraint_builder_2d.cc:279] Node (1, 228) with 208 points on submap (0, 8) matches with score 58.2%.
[cartographer_node-1] [INFO] [1778822212.721984456] [cartographer logger]: I0515 14:16:52.000000 52150 constraint_builder_2d.cc:294] 1 computations resulted in 1 additional constraints.
[cartographer_node-1] [INFO] [1778822212.722028448] [cartographer logger]: I0515 14:16:52.000000 52150 constraint_builder_2d.cc:296] Score histogram:
[cartographer_node-1] Count: 13  Min: 0.582097  Max: 0.803468  Mean: 0.715752
[cartographer_node-1] [0.582097, 0.604234)	                 ###	Count: 2 (15.3846%)	Total: 2 (15.3846%)
[cartographer_node-1] [0.604234, 0.626371)	                    	Count: 0 (0%)	Total: 2 (15.3846%)
[cartographer_node-1] [0.626371, 0.648508)	                    	Count: 0 (0%)	Total: 2 (15.3846%)
[cartographer_node-1] [0.648508, 0.670645)	                    	Count: 0 (0%)	Total: 2 (15.3846%)
[cartographer_node-1] [0.670645, 0.692782)	                  ##	Count: 1 (7.69231%)	Total: 3 (23.0769%)
[cartographer_node-1] [0.692782, 0.714919)	                  ##	Count: 1 (7.69231%)	Total: 4 (30.7692%)
[cartographer_node-1] [0.714919, 0.737056)	              ######	Count: 4 (30.7692%)	Total: 8 (61.5385%)
[cartographer_node-1] [0.737056, 0.759194)	                  ##	Count: 1 (7.69231%)	Total: 9 (69.2308%)
[cartographer_node-1] [0.759194, 0.781331)	               #####	Count: 3 (23.0769%)	Total: 12 (92.3077%)
[cartographer_node-1] [0.781331, 0.803468]	                  ##	Count: 1 (7.69231%)	Total: 13 (100%)
[cartographer_node-1] [INFO] [1778822212.758705088] [cartographer logger]: I0515 14:16:52.000000 52150 pose_graph_2d.cc:538] Remaining work items in queue: 1
[cartographer_node-1] [INFO] [1778822212.758747670] [cartographer logger]: I0515 14:16:52.000000 52150 constraint_builder_2d.cc:294] 0 computations resulted in 0 additional constraints.
[cartographer_node-1] [INFO] [1778822212.758811421] [cartographer logger]: I0515 14:16:52.000000 52150 constraint_builder_2d.cc:296] Score histogram:
[cartographer_node-1] Count: 13  Min: 0.582097  Max: 0.803468  Mean: 0.715752
[cartographer_node-1] [0.582097, 0.604234)	                 ###	Count: 2 (15.3846%)	Total: 2 (15.3846%)
[cartographer_node-1] [0.604234, 0.626371)	                    	Count: 0 (0%)	Total: 2 (15.3846%)
[cartographer_node-1] [0.626371, 0.648508)	                    	Count: 0 (0%)	Total: 2 (15.3846%)
[cartographer_node-1] [0.648508, 0.670645)	                    	Count: 0 (0%)	Total: 2 (15.3846%)
[cartographer_node-1] [0.670645, 0.692782)	                  ##	Count: 1 (7.69231%)	Total: 3 (23.0769%)
[cartographer_node-1] [0.692782, 0.714919)	                  ##	Count: 1 (7.69231%)	Total: 4 (30.7692%)
[cartographer_node-1] [0.714919, 0.737056)	              ######	Count: 4 (30.7692%)	Total: 8 (61.5385%)
[cartographer_node-1] [0.737056, 0.759194)	                  ##	Count: 1 (7.69231%)	Total: 9 (69.2308%)
[cartographer_node-1] [0.759194, 0.781331)	               #####	Count: 3 (23.0769%)	Total: 12 (92.3077%)
[cartographer_node-1] [0.781331, 0.803468]	                  ##	Count: 1 (7.69231%)	Total: 13 (100%)
[cartographer_node-1] [INFO] [1778822212.779362584] [cartographer logger]: I0515 14:16:52.000000 52150 pose_graph_2d.cc:538] Remaining work items in queue: 1
[cartographer_node-1] [INFO] [1778822212.779394514] [cartographer logger]: I0515 14:16:52.000000 52150 constraint_builder_2d.cc:294] 0 computations resulted in 0 additional constraints.
[cartographer_node-1] [INFO] [1778822212.779498974] [cartographer logger]: I0515 14:16:52.000000 52150 constraint_builder_2d.cc:296] Score histogram:
[cartographer_node-1] Count: 13  Min: 0.582097  Max: 0.803468  Mean: 0.715752
[cartographer_node-1] [0.582097, 0.604234)	                 ###	Count: 2 (15.3846%)	Total: 2 (15.3846%)
[cartographer_node-1] [0.604234, 0.626371)	                    	Count: 0 (0%)	Total: 2 (15.3846%)
[cartographer_node-1] [0.626371, 0.648508)	                    	Count: 0 (0%)	Total: 2 (15.3846%)
[cartographer_node-1] [0.648508, 0.670645)	                    	Count: 0 (0%)	Total: 2 (15.3846%)
[cartographer_node-1] [0.670645, 0.692782)	                  ##	Count: 1 (7.69231%)	Total: 3 (23.0769%)
[cartographer_node-1] [0.692782, 0.714919)	                  ##	Count: 1 (7.69231%)	Total: 4 (30.7692%)
[cartographer_node-1] [0.714919, 0.737056)	              ######	Count: 4 (30.7692%)	Total: 8 (61.5385%)
[cartographer_node-1] [0.737056, 0.759194)	                  ##	Count: 1 (7.69231%)	Total: 9 (69.2308%)
[cartographer_node-1] [0.759194, 0.781331)	               #####	Count: 3 (23.0769%)	Total: 12 (92.3077%)
[cartographer_node-1] [0.781331, 0.803468]	                  ##	Count: 1 (7.69231%)	Total: 13 (100%)
[cartographer_node-1] [INFO] [1778822212.797696771] [cartographer logger]: I0515 14:16:52.000000 52150 pose_graph_2d.cc:538] Remaining work items in queue: 1
[cartographer_node-1] [INFO] [1778822212.797750378] [cartographer logger]: I0515 14:16:52.000000 52150 constraint_builder_2d.cc:294] 0 computations resulted in 0 additional constraints.
[cartographer_node-1] [INFO] [1778822212.797808114] [cartographer logger]: I0515 14:16:52.000000 52150 constraint_builder_2d.cc:296] Score histogram:
[cartographer_node-1] Count: 13  Min: 0.582097  Max: 0.803468  Mean: 0.715752
[cartographer_node-1] [0.582097, 0.604234)	                 ###	Count: 2 (15.3846%)	Total: 2 (15.3846%)
[cartographer_node-1] [0.604234, 0.626371)	                    	Count: 0 (0%)	Total: 2 (15.3846%)
[cartographer_node-1] [0.626371, 0.648508)	                    	Count: 0 (0%)	Total: 2 (15.3846%)
[cartographer_node-1] [0.648508, 0.670645)	                    	Count: 0 (0%)	Total: 2 (15.3846%)
[cartographer_node-1] [0.670645, 0.692782)	                  ##	Count: 1 (7.69231%)	Total: 3 (23.0769%)
[cartographer_node-1] [0.692782, 0.714919)	                  ##	Count: 1 (7.69231%)	Total: 4 (30.7692%)
[cartographer_node-1] [0.714919, 0.737056)	              ######	Count: 4 (30.7692%)	Total: 8 (61.5385%)
[cartographer_node-1] [0.737056, 0.759194)	                  ##	Count: 1 (7.69231%)	Total: 9 (69.2308%)
[cartographer_node-1] [0.759194, 0.781331)	               #####	Count: 3 (23.0769%)	Total: 12 (92.3077%)
[cartographer_node-1] [0.781331, 0.803468]	                  ##	Count: 1 (7.69231%)	Total: 13 (100%)
[cartographer_node-1] [INFO] [1778822212.867756209] [cartographer logger]: I0515 14:16:52.000000 52153 pose_graph_2d.cc:538] Remaining work items in queue: 0
[cartographer_node-1] [INFO] [1778822212.867811099] [cartographer logger]: I0515 14:16:52.000000 52153 constraint_builder_2d.cc:294] 0 computations resulted in 0 additional constraints.
[cartographer_node-1] [INFO] [1778822212.867891934] [cartographer logger]: I0515 14:16:52.000000 52153 constraint_builder_2d.cc:296] Score histogram:
[cartographer_node-1] Count: 13  Min: 0.582097  Max: 0.803468  Mean: 0.715752
[cartographer_node-1] [0.582097, 0.604234)	                 ###	Count: 2 (15.3846%)	Total: 2 (15.3846%)
[cartographer_node-1] [0.604234, 0.626371)	                    	Count: 0 (0%)	Total: 2 (15.3846%)
[cartographer_node-1] [0.626371, 0.648508)	                    	Count: 0 (0%)	Total: 2 (15.3846%)
[cartographer_node-1] [0.648508, 0.670645)	                    	Count: 0 (0%)	Total: 2 (15.3846%)
[cartographer_node-1] [0.670645, 0.692782)	                  ##	Count: 1 (7.69231%)	Total: 3 (23.0769%)
[cartographer_node-1] [0.692782, 0.714919)	                  ##	Count: 1 (7.69231%)	Total: 4 (30.7692%)
[cartographer_node-1] [0.714919, 0.737056)	              ######	Count: 4 (30.7692%)	Total: 8 (61.5385%)
[cartographer_node-1] [0.737056, 0.759194)	                  ##	Count: 1 (7.69231%)	Total: 9 (69.2308%)
[cartographer_node-1] [0.759194, 0.781331)	               #####	Count: 3 (23.0769%)	Total: 12 (92.3077%)
[cartographer_node-1] [0.781331, 0.803468]	                  ##	Count: 1 (7.69231%)	Total: 13 (100%)
[cartographer_node-1] [INFO] [1778822212.918481629] [cartographer logger]: I0515 14:16:52.000000 52150 pose_graph_2d.cc:538] Remaining work items in queue: 0
[cartographer_node-1] [INFO] [1778822212.918521379] [cartographer logger]: I0515 14:16:52.000000 52150 constraint_builder_2d.cc:294] 0 computations resulted in 0 additional constraints.
[cartographer_node-1] [INFO] [1778822212.918604916] [cartographer logger]: I0515 14:16:52.000000 52150 constraint_builder_2d.cc:296] Score histogram:
[cartographer_node-1] Count: 13  Min: 0.582097  Max: 0.803468  Mean: 0.715752
[cartographer_node-1] [0.582097, 0.604234)	                 ###	Count: 2 (15.3846%)	Total: 2 (15.3846%)
[cartographer_node-1] [0.604234, 0.626371)	                    	Count: 0 (0%)	Total: 2 (15.3846%)
[cartographer_node-1] [0.626371, 0.648508)	                    	Count: 0 (0%)	Total: 2 (15.3846%)
[cartographer_node-1] [0.648508, 0.670645)	                    	Count: 0 (0%)	Total: 2 (15.3846%)
[cartographer_node-1] [0.670645, 0.692782)	                  ##	Count: 1 (7.69231%)	Total: 3 (23.0769%)
[cartographer_node-1] [0.692782, 0.714919)	                  ##	Count: 1 (7.69231%)	Total: 4 (30.7692%)
[cartographer_node-1] [0.714919, 0.737056)	              ######	Count: 4 (30.7692%)	Total: 8 (61.5385%)
[cartographer_node-1] [0.737056, 0.759194)	                  ##	Count: 1 (7.69231%)	Total: 9 (69.2308%)
[cartographer_node-1] [0.759194, 0.781331)	               #####	Count: 3 (23.0769%)	Total: 12 (92.3077%)
[cartographer_node-1] [0.781331, 0.803468]	                  ##	Count: 1 (7.69231%)	Total: 13 (100%)
[cartographer_node-1] [INFO] [1778822212.966655542] [cartographer logger]: I0515 14:16:52.000000 52152 pose_graph_2d.cc:538] Remaining work items in queue: 0
[cartographer_node-1] [INFO] [1778822212.966743505] [cartographer logger]: I0515 14:16:52.000000 52152 constraint_builder_2d.cc:294] 0 computations resulted in 0 additional constraints.
[cartographer_node-1] [INFO] [1778822212.967194672] [cartographer logger]: I0515 14:16:52.000000 52152 constraint_builder_2d.cc:296] Score histogram:
[cartographer_node-1] Count: 13  Min: 0.582097  Max: 0.803468  Mean: 0.715752
[cartographer_node-1] [0.582097, 0.604234)	                 ###	Count: 2 (15.3846%)	Total: 2 (15.3846%)
[cartographer_node-1] [0.604234, 0.626371)	                    	Count: 0 (0%)	Total: 2 (15.3846%)
[cartographer_node-1] [0.626371, 0.648508)	                    	Count: 0 (0%)	Total: 2 (15.3846%)
[cartographer_node-1] [0.648508, 0.670645)	                    	Count: 0 (0%)	Total: 2 (15.3846%)
[cartographer_node-1] [0.670645, 0.692782)	                  ##	Count: 1 (7.69231%)	Total: 3 (23.0769%)
[cartographer_node-1] [0.692782, 0.714919)	                  ##	Count: 1 (7.69231%)	Total: 4 (30.7692%)
[cartographer_node-1] [0.714919, 0.737056)	              ######	Count: 4 (30.7692%)	Total: 8 (61.5385%)
[cartographer_node-1] [0.737056, 0.759194)	                  ##	Count: 1 (7.69231%)	Total: 9 (69.2308%)
[cartographer_node-1] [0.759194, 0.781331)	               #####	Count: 3 (23.0769%)	Total: 12 (92.3077%)
[cartographer_node-1] [0.781331, 0.803468]	                  ##	Count: 1 (7.69231%)	Total: 13 (100%)
[cartographer_node-1] [INFO] [1778822213.016768736] [cartographer logger]: I0515 14:16:53.000000 52150 pose_graph_2d.cc:538] Remaining work items in queue: 0
[cartographer_node-1] [INFO] [1778822213.034285055] [cartographer logger]: I0515 14:16:53.000000 52153 constraint_builder_2d.cc:294] 1 computations resulted in 0 additional constraints.
[cartographer_node-1] [INFO] [1778822213.034328100] [cartographer logger]: I0515 14:16:53.000000 52153 constraint_builder_2d.cc:296] Score histogram:
[cartographer_node-1] Count: 13  Min: 0.582097  Max: 0.803468  Mean: 0.715752
[cartographer_node-1] [0.582097, 0.604234)	                 ###	Count: 2 (15.3846%)	Total: 2 (15.3846%)
[cartographer_node-1] [0.604234, 0.626371)	                    	Count: 0 (0%)	Total: 2 (15.3846%)
[cartographer_node-1] [0.626371, 0.648508)	                    	Count: 0 (0%)	Total: 2 (15.3846%)
[cartographer_node-1] [0.648508, 0.670645)	                    	Count: 0 (0%)	Total: 2 (15.3846%)
[cartographer_node-1] [0.670645, 0.692782)	                  ##	Count: 1 (7.69231%)	Total: 3 (23.0769%)
[cartographer_node-1] [0.692782, 0.714919)	                  ##	Count: 1 (7.69231%)	Total: 4 (30.7692%)
[cartographer_node-1] [0.714919, 0.737056)	              ######	Count: 4 (30.7692%)	Total: 8 (61.5385%)
[cartographer_node-1] [0.737056, 0.759194)	                  ##	Count: 1 (7.69231%)	Total: 9 (69.2308%)
[cartographer_node-1] [0.759194, 0.781331)	               #####	Count: 3 (23.0769%)	Total: 12 (92.3077%)
[cartographer_node-1] [0.781331, 0.803468]	                  ##	Count: 1 (7.69231%)	Total: 13 (100%)
[cartographer_node-1] [INFO] [1778822213.069196825] [cartographer logger]: I0515 14:16:53.000000 52151 pose_graph_2d.cc:538] Remaining work items in queue: 0
[cartographer_node-1] [INFO] [1778822213.069233537] [cartographer logger]: I0515 14:16:53.000000 52151 constraint_builder_2d.cc:294] 0 computations resulted in 0 additional constraints.
[cartographer_node-1] [INFO] [1778822213.069522964] [cartographer logger]: I0515 14:16:53.000000 52151 constraint_builder_2d.cc:296] Score histogram:
[cartographer_node-1] Count: 13  Min: 0.582097  Max: 0.803468  Mean: 0.715752
[cartographer_node-1] [0.582097, 0.604234)	                 ###	Count: 2 (15.3846%)	Total: 2 (15.3846%)
[cartographer_node-1] [0.604234, 0.626371)	                    	Count: 0 (0%)	Total: 2 (15.3846%)
[cartographer_node-1] [0.626371, 0.648508)	                    	Count: 0 (0%)	Total: 2 (15.3846%)
[cartographer_node-1] [0.648508, 0.670645)	                    	Count: 0 (0%)	Total: 2 (15.3846%)
[cartographer_node-1] [0.670645, 0.692782)	                  ##	Count: 1 (7.69231%)	Total: 3 (23.0769%)
[cartographer_node-1] [0.692782, 0.714919)	                  ##	Count: 1 (7.69231%)	Total: 4 (30.7692%)
[cartographer_node-1] [0.714919, 0.737056)	              ######	Count: 4 (30.7692%)	Total: 8 (61.5385%)
[cartographer_node-1] [0.737056, 0.759194)	                  ##	Count: 1 (7.69231%)	Total: 9 (69.2308%)
[cartographer_node-1] [0.759194, 0.781331)	               #####	Count: 3 (23.0769%)	Total: 12 (92.3077%)
[cartographer_node-1] [0.781331, 0.803468]	                  ##	Count: 1 (7.69231%)	Total: 13 (100%)
[cartographer_node-1] [INFO] [1778822213.115995931] [cartographer logger]: I0515 14:16:53.000000 52151 pose_graph_2d.cc:538] Remaining work items in queue: 0
[cartographer_node-1] [INFO] [1778822213.116040660] [cartographer logger]: I0515 14:16:53.000000 52151 constraint_builder_2d.cc:294] 0 computations resulted in 0 additional constraints.
[cartographer_node-1] [INFO] [1778822213.116141504] [cartographer logger]: I0515 14:16:53.000000 52151 constraint_builder_2d.cc:296] Score histogram:
[cartographer_node-1] Count: 13  Min: 0.582097  Max: 0.803468  Mean: 0.715752
[cartographer_node-1] [0.582097, 0.604234)	                 ###	Count: 2 (15.3846%)	Total: 2 (15.3846%)
[cartographer_node-1] [0.604234, 0.626371)	                    	Count: 0 (0%)	Total: 2 (15.3846%)
[cartographer_node-1] [0.626371, 0.648508)	                    	Count: 0 (0%)	Total: 2 (15.3846%)
[cartographer_node-1] [0.648508, 0.670645)	                    	Count: 0 (0%)	Total: 2 (15.3846%)
[cartographer_node-1] [0.670645, 0.692782)	                  ##	Count: 1 (7.69231%)	Total: 3 (23.0769%)
[cartographer_node-1] [0.692782, 0.714919)	                  ##	Count: 1 (7.69231%)	Total: 4 (30.7692%)
[cartographer_node-1] [0.714919, 0.737056)	              ######	Count: 4 (30.7692%)	Total: 8 (61.5385%)
[cartographer_node-1] [0.737056, 0.759194)	                  ##	Count: 1 (7.69231%)	Total: 9 (69.2308%)
[cartographer_node-1] [0.759194, 0.781331)	               #####	Count: 3 (23.0769%)	Total: 12 (92.3077%)
[cartographer_node-1] [0.781331, 0.803468]	                  ##	Count: 1 (7.69231%)	Total: 13 (100%)
[cartographer_node-1] [INFO] [1778822213.169927685] [cartographer logger]: I0515 14:16:53.000000 52151 pose_graph_2d.cc:538] Remaining work items in queue: 0
[cartographer_node-1] [INFO] [1778822213.169964207] [cartographer logger]: I0515 14:16:53.000000 52151 constraint_builder_2d.cc:294] 0 computations resulted in 0 additional constraints.
[cartographer_node-1] [INFO] [1778822213.170271651] [cartographer logger]: I0515 14:16:53.000000 52151 constraint_builder_2d.cc:296] Score histogram:
[cartographer_node-1] Count: 13  Min: 0.582097  Max: 0.803468  Mean: 0.715752
[cartographer_node-1] [0.582097, 0.604234)	                 ###	Count: 2 (15.3846%)	Total: 2 (15.3846%)
[cartographer_node-1] [0.604234, 0.626371)	                    	Count: 0 (0%)	Total: 2 (15.3846%)
[cartographer_node-1] [0.626371, 0.648508)	                    	Count: 0 (0%)	Total: 2 (15.3846%)
[cartographer_node-1] [0.648508, 0.670645)	                    	Count: 0 (0%)	Total: 2 (15.3846%)
[cartographer_node-1] [0.670645, 0.692782)	                  ##	Count: 1 (7.69231%)	Total: 3 (23.0769%)
[cartographer_node-1] [0.692782, 0.714919)	                  ##	Count: 1 (7.69231%)	Total: 4 (30.7692%)
[cartographer_node-1] [0.714919, 0.737056)	              ######	Count: 4 (30.7692%)	Total: 8 (61.5385%)
[cartographer_node-1] [0.737056, 0.759194)	                  ##	Count: 1 (7.69231%)	Total: 9 (69.2308%)
[cartographer_node-1] [0.759194, 0.781331)	               #####	Count: 3 (23.0769%)	Total: 12 (92.3077%)
[cartographer_node-1] [0.781331, 0.803468]	                  ##	Count: 1 (7.69231%)	Total: 13 (100%)
[cartographer_node-1] [INFO] [1778822213.246556180] [cartographer logger]: I0515 14:16:53.000000 52150 pose_graph_2d.cc:538] Remaining work items in queue: 0
[cartographer_node-1] [INFO] [1778822213.246605319] [cartographer logger]: I0515 14:16:53.000000 52150 constraint_builder_2d.cc:294] 0 computations resulted in 0 additional constraints.
[cartographer_node-1] [INFO] [1778822213.246709010] [cartographer logger]: I0515 14:16:53.000000 52150 constraint_builder_2d.cc:296] Score histogram:
[cartographer_node-1] Count: 13  Min: 0.582097  Max: 0.803468  Mean: 0.715752
[cartographer_node-1] [0.582097, 0.604234)	                 ###	Count: 2 (15.3846%)	Total: 2 (15.3846%)
[cartographer_node-1] [0.604234, 0.626371)	                    	Count: 0 (0%)	Total: 2 (15.3846%)
[cartographer_node-1] [0.626371, 0.648508)	                    	Count: 0 (0%)	Total: 2 (15.3846%)
[cartographer_node-1] [0.648508, 0.670645)	                    	Count: 0 (0%)	Total: 2 (15.3846%)
[cartographer_node-1] [0.670645, 0.692782)	                  ##	Count: 1 (7.69231%)	Total: 3 (23.0769%)
[cartographer_node-1] [0.692782, 0.714919)	                  ##	Count: 1 (7.69231%)	Total: 4 (30.7692%)
[cartographer_node-1] [0.714919, 0.737056)	              ######	Count: 4 (30.7692%)	Total: 8 (61.5385%)
[cartographer_node-1] [0.737056, 0.759194)	                  ##	Count: 1 (7.69231%)	Total: 9 (69.2308%)
[cartographer_node-1] [0.759194, 0.781331)	               #####	Count: 3 (23.0769%)	Total: 12 (92.3077%)
[cartographer_node-1] [0.781331, 0.803468]	                  ##	Count: 1 (7.69231%)	Total: 13 (100%)
[cartographer_node-1] [INFO] [1778822213.286836783] [cartographer logger]: I0515 14:16:53.000000 52151 pose_graph_2d.cc:538] Remaining work items in queue: 0
[cartographer_node-1] [INFO] [1778822213.286904465] [cartographer logger]: I0515 14:16:53.000000 52151 constraint_builder_2d.cc:294] 0 computations resulted in 0 additional constraints.
[cartographer_node-1] [INFO] [1778822213.287203898] [cartographer logger]: I0515 14:16:53.000000 52151 constraint_builder_2d.cc:296] Score histogram:
[cartographer_node-1] Count: 13  Min: 0.582097  Max: 0.803468  Mean: 0.715752
[cartographer_node-1] [0.582097, 0.604234)	                 ###	Count: 2 (15.3846%)	Total: 2 (15.3846%)
[cartographer_node-1] [0.604234, 0.626371)	                    	Count: 0 (0%)	Total: 2 (15.3846%)
[cartographer_node-1] [0.626371, 0.648508)	                    	Count: 0 (0%)	Total: 2 (15.3846%)
[cartographer_node-1] [0.648508, 0.670645)	                    	Count: 0 (0%)	Total: 2 (15.3846%)
[cartographer_node-1] [0.670645, 0.692782)	                  ##	Count: 1 (7.69231%)	Total: 3 (23.0769%)
[cartographer_node-1] [0.692782, 0.714919)	                  ##	Count: 1 (7.69231%)	Total: 4 (30.7692%)
[cartographer_node-1] [0.714919, 0.737056)	              ######	Count: 4 (30.7692%)	Total: 8 (61.5385%)
[cartographer_node-1] [0.737056, 0.759194)	                  ##	Count: 1 (7.69231%)	Total: 9 (69.2308%)
[cartographer_node-1] [0.759194, 0.781331)	               #####	Count: 3 (23.0769%)	Total: 12 (92.3077%)
[cartographer_node-1] [0.781331, 0.803468]	                  ##	Count: 1 (7.69231%)	Total: 13 (100%)
[cartographer_node-1] [INFO] [1778822213.363978995] [cartographer logger]: I0515 14:16:53.000000 52151 pose_graph_2d.cc:538] Remaining work items in queue: 0
[cartographer_node-1] [INFO] [1778822213.364017754] [cartographer logger]: I0515 14:16:53.000000 52151 constraint_builder_2d.cc:294] 0 computations resulted in 0 additional constraints.
[cartographer_node-1] [INFO] [1778822213.364149164] [cartographer logger]: I0515 14:16:53.000000 52151 constraint_builder_2d.cc:296] Score histogram:
[cartographer_node-1] Count: 13  Min: 0.582097  Max: 0.803468  Mean: 0.715752
[cartographer_node-1] [0.582097, 0.604234)	                 ###	Count: 2 (15.3846%)	Total: 2 (15.3846%)
[cartographer_node-1] [0.604234, 0.626371)	                    	Count: 0 (0%)	Total: 2 (15.3846%)
[cartographer_node-1] [0.626371, 0.648508)	                    	Count: 0 (0%)	Total: 2 (15.3846%)
[cartographer_node-1] [0.648508, 0.670645)	                    	Count: 0 (0%)	Total: 2 (15.3846%)
[cartographer_node-1] [0.670645, 0.692782)	                  ##	Count: 1 (7.69231%)	Total: 3 (23.0769%)
[cartographer_node-1] [0.692782, 0.714919)	                  ##	Count: 1 (7.69231%)	Total: 4 (30.7692%)
[cartographer_node-1] [0.714919, 0.737056)	              ######	Count: 4 (30.7692%)	Total: 8 (61.5385%)
[cartographer_node-1] [0.737056, 0.759194)	                  ##	Count: 1 (7.69231%)	Total: 9 (69.2308%)
[cartographer_node-1] [0.759194, 0.781331)	               #####	Count: 3 (23.0769%)	Total: 12 (92.3077%)
[cartographer_node-1] [0.781331, 0.803468]	                  ##	Count: 1 (7.69231%)	Total: 13 (100%)
[cartographer_node-1] [INFO] [1778822213.417599277] [cartographer logger]: I0515 14:16:53.000000 52153 pose_graph_2d.cc:538] Remaining work items in queue: 0
[cartographer_node-1] [INFO] [1778822213.465165648] [cartographer logger]: I0515 14:16:53.000000 52151 constraint_builder_2d.cc:294] 1 computations resulted in 0 additional constraints.
[cartographer_node-1] [INFO] [1778822213.465209661] [cartographer logger]: I0515 14:16:53.000000 52151 constraint_builder_2d.cc:296] Score histogram:
[cartographer_node-1] Count: 13  Min: 0.582097  Max: 0.803468  Mean: 0.715752
[cartographer_node-1] [0.582097, 0.604234)	                 ###	Count: 2 (15.3846%)	Total: 2 (15.3846%)
[cartographer_node-1] [0.604234, 0.626371)	                    	Count: 0 (0%)	Total: 2 (15.3846%)
[cartographer_node-1] [0.626371, 0.648508)	                    	Count: 0 (0%)	Total: 2 (15.3846%)
[cartographer_node-1] [0.648508, 0.670645)	                    	Count: 0 (0%)	Total: 2 (15.3846%)
[cartographer_node-1] [0.670645, 0.692782)	                  ##	Count: 1 (7.69231%)	Total: 3 (23.0769%)
[cartographer_node-1] [0.692782, 0.714919)	                  ##	Count: 1 (7.69231%)	Total: 4 (30.7692%)
[cartographer_node-1] [0.714919, 0.737056)	              ######	Count: 4 (30.7692%)	Total: 8 (61.5385%)
[cartographer_node-1] [0.737056, 0.759194)	                  ##	Count: 1 (7.69231%)	Total: 9 (69.2308%)
[cartographer_node-1] [0.759194, 0.781331)	               #####	Count: 3 (23.0769%)	Total: 12 (92.3077%)
[cartographer_node-1] [0.781331, 0.803468]	                  ##	Count: 1 (7.69231%)	Total: 13 (100%)
[cartographer_node-1] [INFO] [1778822213.489008287] [cartographer logger]: I0515 14:16:53.000000 52151 pose_graph_2d.cc:538] Remaining work items in queue: 5
[cartographer_node-1] [INFO] [1778822213.489044542] [cartographer logger]: I0515 14:16:53.000000 52151 constraint_builder_2d.cc:294] 0 computations resulted in 0 additional constraints.
[cartographer_node-1] [INFO] [1778822213.489461773] [cartographer logger]: I0515 14:16:53.000000 52151 constraint_builder_2d.cc:296] Score histogram:
[cartographer_node-1] Count: 13  Min: 0.582097  Max: 0.803468  Mean: 0.715752
[cartographer_node-1] [0.582097, 0.604234)	                 ###	Count: 2 (15.3846%)	Total: 2 (15.3846%)
[cartographer_node-1] [0.604234, 0.626371)	                    	Count: 0 (0%)	Total: 2 (15.3846%)
[cartographer_node-1] [0.626371, 0.648508)	                    	Count: 0 (0%)	Total: 2 (15.3846%)
[cartographer_node-1] [0.648508, 0.670645)	                    	Count: 0 (0%)	Total: 2 (15.3846%)
[cartographer_node-1] [0.670645, 0.692782)	                  ##	Count: 1 (7.69231%)	Total: 3 (23.0769%)
[cartographer_node-1] [0.692782, 0.714919)	                  ##	Count: 1 (7.69231%)	Total: 4 (30.7692%)
[cartographer_node-1] [0.714919, 0.737056)	              ######	Count: 4 (30.7692%)	Total: 8 (61.5385%)
[cartographer_node-1] [0.737056, 0.759194)	                  ##	Count: 1 (7.69231%)	Total: 9 (69.2308%)
[cartographer_node-1] [0.759194, 0.781331)	               #####	Count: 3 (23.0769%)	Total: 12 (92.3077%)
[cartographer_node-1] [0.781331, 0.803468]	                  ##	Count: 1 (7.69231%)	Total: 13 (100%)
[cartographer_node-1] [INFO] [1778822213.512786357] [cartographer logger]: I0515 14:16:53.000000 52151 pose_graph_2d.cc:538] Remaining work items in queue: 2
[cartographer_node-1] [INFO] [1778822213.512861027] [cartographer logger]: I0515 14:16:53.000000 52151 constraint_builder_2d.cc:294] 0 computations resulted in 0 additional constraints.
[cartographer_node-1] [INFO] [1778822213.513228416] [cartographer logger]: I0515 14:16:53.000000 52151 constraint_builder_2d.cc:296] Score histogram:
[cartographer_node-1] Count: 13  Min: 0.582097  Max: 0.803468  Mean: 0.715752
[cartographer_node-1] [0.582097, 0.604234)	                 ###	Count: 2 (15.3846%)	Total: 2 (15.3846%)
[cartographer_node-1] [0.604234, 0.626371)	                    	Count: 0 (0%)	Total: 2 (15.3846%)
[cartographer_node-1] [0.626371, 0.648508)	                    	Count: 0 (0%)	Total: 2 (15.3846%)
[cartographer_node-1] [0.648508, 0.670645)	                    	Count: 0 (0%)	Total: 2 (15.3846%)
[cartographer_node-1] [0.670645, 0.692782)	                  ##	Count: 1 (7.69231%)	Total: 3 (23.0769%)
[cartographer_node-1] [0.692782, 0.714919)	                  ##	Count: 1 (7.69231%)	Total: 4 (30.7692%)
[cartographer_node-1] [0.714919, 0.737056)	              ######	Count: 4 (30.7692%)	Total: 8 (61.5385%)
[cartographer_node-1] [0.737056, 0.759194)	                  ##	Count: 1 (7.69231%)	Total: 9 (69.2308%)
[cartographer_node-1] [0.759194, 0.781331)	               #####	Count: 3 (23.0769%)	Total: 12 (92.3077%)
[cartographer_node-1] [0.781331, 0.803468]	                  ##	Count: 1 (7.69231%)	Total: 13 (100%)
[cartographer_node-1] [INFO] [1778822213.568268499] [cartographer logger]: I0515 14:16:53.000000 52150 pose_graph_2d.cc:538] Remaining work items in queue: 0
[cartographer_node-1] [INFO] [1778822213.568314980] [cartographer logger]: I0515 14:16:53.000000 52150 constraint_builder_2d.cc:294] 0 computations resulted in 0 additional constraints.
[cartographer_node-1] [INFO] [1778822213.568752358] [cartographer logger]: I0515 14:16:53.000000 52150 constraint_builder_2d.cc:296] Score histogram:
[cartographer_node-1] Count: 13  Min: 0.582097  Max: 0.803468  Mean: 0.715752
[cartographer_node-1] [0.582097, 0.604234)	                 ###	Count: 2 (15.3846%)	Total: 2 (15.3846%)
[cartographer_node-1] [0.604234, 0.626371)	                    	Count: 0 (0%)	Total: 2 (15.3846%)
[cartographer_node-1] [0.626371, 0.648508)	                    	Count: 0 (0%)	Total: 2 (15.3846%)
[cartographer_node-1] [0.648508, 0.670645)	                    	Count: 0 (0%)	Total: 2 (15.3846%)
[cartographer_node-1] [0.670645, 0.692782)	                  ##	Count: 1 (7.69231%)	Total: 3 (23.0769%)
[cartographer_node-1] [0.692782, 0.714919)	                  ##	Count: 1 (7.69231%)	Total: 4 (30.7692%)
[cartographer_node-1] [0.714919, 0.737056)	              ######	Count: 4 (30.7692%)	Total: 8 (61.5385%)
[cartographer_node-1] [0.737056, 0.759194)	                  ##	Count: 1 (7.69231%)	Total: 9 (69.2308%)
[cartographer_node-1] [0.759194, 0.781331)	               #####	Count: 3 (23.0769%)	Total: 12 (92.3077%)
[cartographer_node-1] [0.781331, 0.803468]	                  ##	Count: 1 (7.69231%)	Total: 13 (100%)
[cartographer_node-1] [INFO] [1778822213.599184616] [cartographer logger]: I0515 14:16:53.000000 52151 pose_graph_2d.cc:538] Remaining work items in queue: 0
[cartographer_node-1] [INFO] [1778822213.599231276] [cartographer logger]: I0515 14:16:53.000000 52151 constraint_builder_2d.cc:294] 0 computations resulted in 0 additional constraints.
[cartographer_node-1] [INFO] [1778822213.599563738] [cartographer logger]: I0515 14:16:53.000000 52151 constraint_builder_2d.cc:296] Score histogram:
[cartographer_node-1] Count: 13  Min: 0.582097  Max: 0.803468  Mean: 0.715752
[cartographer_node-1] [0.582097, 0.604234)	                 ###	Count: 2 (15.3846%)	Total: 2 (15.3846%)
[cartographer_node-1] [0.604234, 0.626371)	                    	Count: 0 (0%)	Total: 2 (15.3846%)
[cartographer_node-1] [0.626371, 0.648508)	                    	Count: 0 (0%)	Total: 2 (15.3846%)
[cartographer_node-1] [0.648508, 0.670645)	                    	Count: 0 (0%)	Total: 2 (15.3846%)
[cartographer_node-1] [0.670645, 0.692782)	                  ##	Count: 1 (7.69231%)	Total: 3 (23.0769%)
[cartographer_node-1] [0.692782, 0.714919)	                  ##	Count: 1 (7.69231%)	Total: 4 (30.7692%)
[cartographer_node-1] [0.714919, 0.737056)	              ######	Count: 4 (30.7692%)	Total: 8 (61.5385%)
[cartographer_node-1] [0.737056, 0.759194)	                  ##	Count: 1 (7.69231%)	Total: 9 (69.2308%)
[cartographer_node-1] [0.759194, 0.781331)	               #####	Count: 3 (23.0769%)	Total: 12 (92.3077%)
[cartographer_node-1] [0.781331, 0.803468]	                  ##	Count: 1 (7.69231%)	Total: 13 (100%)
[cartographer_node-1] [INFO] [1778822213.670033593] [cartographer logger]: I0515 14:16:53.000000 52152 pose_graph_2d.cc:538] Remaining work items in queue: 0
[cartographer_node-1] [INFO] [1778822213.670136570] [cartographer logger]: I0515 14:16:53.000000 52152 constraint_builder_2d.cc:294] 0 computations resulted in 0 additional constraints.
[cartographer_node-1] [INFO] [1778822213.670830317] [cartographer logger]: I0515 14:16:53.000000 52152 constraint_builder_2d.cc:296] Score histogram:
[cartographer_node-1] Count: 13  Min: 0.582097  Max: 0.803468  Mean: 0.715752
[cartographer_node-1] [0.582097, 0.604234)	                 ###	Count: 2 (15.3846%)	Total: 2 (15.3846%)
[cartographer_node-1] [0.604234, 0.626371)	                    	Count: 0 (0%)	Total: 2 (15.3846%)
[cartographer_node-1] [0.626371, 0.648508)	                    	Count: 0 (0%)	Total: 2 (15.3846%)
[cartographer_node-1] [0.648508, 0.670645)	                    	Count: 0 (0%)	Total: 2 (15.3846%)
[cartographer_node-1] [0.670645, 0.692782)	                  ##	Count: 1 (7.69231%)	Total: 3 (23.0769%)
[cartographer_node-1] [0.692782, 0.714919)	                  ##	Count: 1 (7.69231%)	Total: 4 (30.7692%)
[cartographer_node-1] [0.714919, 0.737056)	              ######	Count: 4 (30.7692%)	Total: 8 (61.5385%)
[cartographer_node-1] [0.737056, 0.759194)	                  ##	Count: 1 (7.69231%)	Total: 9 (69.2308%)
[cartographer_node-1] [0.759194, 0.781331)	               #####	Count: 3 (23.0769%)	Total: 12 (92.3077%)
[cartographer_node-1] [0.781331, 0.803468]	                  ##	Count: 1 (7.69231%)	Total: 13 (100%)
[cartographer_node-1] [INFO] [1778822213.718597204] [cartographer logger]: I0515 14:16:53.000000 52151 pose_graph_2d.cc:538] Remaining work items in queue: 0
[cartographer_node-1] [INFO] [1778822213.721823387] [cartographer logger]: I0515 14:16:53.000000 52136 pose_graph_2d.cc:148] Inserted submap (1, 3).
[cartographer_node-1] [INFO] [1778822213.799881944] [cartographer logger]: I0515 14:16:53.000000 52153 constraint_builder_2d.cc:279] Node (0, 18) with 204 points on submap (1, 1) matches with score 64.1%.
[cartographer_node-1] [INFO] [1778822213.800344676] [cartographer logger]: I0515 14:16:53.000000 52150 constraint_builder_2d.cc:279] Node (0, 818) with 218 points on submap (1, 1) matches with score 68.6%.
[cartographer_node-1] [INFO] [1778822213.831563393] [cartographer logger]: I0515 14:16:53.000000 52151 constraint_builder_2d.cc:279] Node (0, 218) with 221 points on submap (1, 1) matches with score 74.4%.
[cartographer_node-1] [INFO] [1778822213.895223991] [cartographer logger]: I0515 14:16:53.000000 52152 constraint_builder_2d.cc:294] 8 computations resulted in 3 additional constraints.
[cartographer_node-1] [INFO] [1778822213.895348554] [cartographer logger]: I0515 14:16:53.000000 52152 constraint_builder_2d.cc:296] Score histogram:
[cartographer_node-1] Count: 16  Min: 0.582097  Max: 0.803468  Mean: 0.710948
[cartographer_node-1] [0.582097, 0.604234)	                 ###	Count: 2 (12.5%)	Total: 2 (12.5%)
[cartographer_node-1] [0.604234, 0.626371)	                    	Count: 0 (0%)	Total: 2 (12.5%)
[cartographer_node-1] [0.626371, 0.648508)	                   #	Count: 1 (6.25%)	Total: 3 (18.75%)
[cartographer_node-1] [0.648508, 0.670645)	                    	Count: 0 (0%)	Total: 3 (18.75%)
[cartographer_node-1] [0.670645, 0.692782)	                 ###	Count: 2 (12.5%)	Total: 5 (31.25%)
[cartographer_node-1] [0.692782, 0.714919)	                   #	Count: 1 (6.25%)	Total: 6 (37.5%)
[cartographer_node-1] [0.714919, 0.737056)	               #####	Count: 4 (25%)	Total: 10 (62.5%)
[cartographer_node-1] [0.737056, 0.759194)	                 ###	Count: 2 (12.5%)	Total: 12 (75%)
[cartographer_node-1] [0.759194, 0.781331)	                ####	Count: 3 (18.75%)	Total: 15 (93.75%)
[cartographer_node-1] [0.781331, 0.803468]	                   #	Count: 1 (6.25%)	Total: 16 (100%)
[cartographer_node-1] [INFO] [1778822213.937143971] [cartographer logger]: I0515 14:16:53.000000 52152 pose_graph_2d.cc:538] Remaining work items in queue: 26
[cartographer_node-1] [INFO] [1778822214.012691560] [cartographer logger]: I0515 14:16:54.000000 52150 constraint_builder_2d.cc:294] 1 computations resulted in 0 additional constraints.
[cartographer_node-1] [INFO] [1778822214.012786218] [cartographer logger]: I0515 14:16:54.000000 52150 constraint_builder_2d.cc:296] Score histogram:
[cartographer_node-1] Count: 16  Min: 0.582097  Max: 0.803468  Mean: 0.710948
[cartographer_node-1] [0.582097, 0.604234)	                 ###	Count: 2 (12.5%)	Total: 2 (12.5%)
[cartographer_node-1] [0.604234, 0.626371)	                    	Count: 0 (0%)	Total: 2 (12.5%)
[cartographer_node-1] [0.626371, 0.648508)	                   #	Count: 1 (6.25%)	Total: 3 (18.75%)
[cartographer_node-1] [0.648508, 0.670645)	                    	Count: 0 (0%)	Total: 3 (18.75%)
[cartographer_node-1] [0.670645, 0.692782)	                 ###	Count: 2 (12.5%)	Total: 5 (31.25%)
[cartographer_node-1] [0.692782, 0.714919)	                   #	Count: 1 (6.25%)	Total: 6 (37.5%)
[cartographer_node-1] [0.714919, 0.737056)	               #####	Count: 4 (25%)	Total: 10 (62.5%)
[cartographer_node-1] [0.737056, 0.759194)	                 ###	Count: 2 (12.5%)	Total: 12 (75%)
[cartographer_node-1] [0.759194, 0.781331)	                ####	Count: 3 (18.75%)	Total: 15 (93.75%)
[cartographer_node-1] [0.781331, 0.803468]	                   #	Count: 1 (6.25%)	Total: 16 (100%)
[cartographer_node-1] [INFO] [1778822214.037827946] [cartographer logger]: I0515 14:16:54.000000 52150 pose_graph_2d.cc:538] Remaining work items in queue: 39
[cartographer_node-1] [INFO] [1778822214.037879430] [cartographer logger]: I0515 14:16:54.000000 52150 constraint_builder_2d.cc:294] 0 computations resulted in 0 additional constraints.
[cartographer_node-1] [INFO] [1778822214.037974832] [cartographer logger]: I0515 14:16:54.000000 52150 constraint_builder_2d.cc:296] Score histogram:
[cartographer_node-1] Count: 16  Min: 0.582097  Max: 0.803468  Mean: 0.710948
[cartographer_node-1] [0.582097, 0.604234)	                 ###	Count: 2 (12.5%)	Total: 2 (12.5%)
[cartographer_node-1] [0.604234, 0.626371)	                    	Count: 0 (0%)	Total: 2 (12.5%)
[cartographer_node-1] [0.626371, 0.648508)	                   #	Count: 1 (6.25%)	Total: 3 (18.75%)
[cartographer_node-1] [0.648508, 0.670645)	                    	Count: 0 (0%)	Total: 3 (18.75%)
[cartographer_node-1] [0.670645, 0.692782)	                 ###	Count: 2 (12.5%)	Total: 5 (31.25%)
[cartographer_node-1] [0.692782, 0.714919)	                   #	Count: 1 (6.25%)	Total: 6 (37.5%)
[cartographer_node-1] [0.714919, 0.737056)	               #####	Count: 4 (25%)	Total: 10 (62.5%)
[cartographer_node-1] [0.737056, 0.759194)	                 ###	Count: 2 (12.5%)	Total: 12 (75%)
[cartographer_node-1] [0.759194, 0.781331)	                ####	Count: 3 (18.75%)	Total: 15 (93.75%)
[cartographer_node-1] [0.781331, 0.803468]	                   #	Count: 1 (6.25%)	Total: 16 (100%)
[cartographer_node-1] [INFO] [1778822214.065295477] [cartographer logger]: I0515 14:16:54.000000 52150 pose_graph_2d.cc:538] Remaining work items in queue: 37
[cartographer_node-1] [INFO] [1778822214.065327394] [cartographer logger]: I0515 14:16:54.000000 52150 constraint_builder_2d.cc:294] 0 computations resulted in 0 additional constraints.
[cartographer_node-1] [INFO] [1778822214.065719658] [cartographer logger]: I0515 14:16:54.000000 52150 constraint_builder_2d.cc:296] Score histogram:
[cartographer_node-1] Count: 16  Min: 0.582097  Max: 0.803468  Mean: 0.710948
[cartographer_node-1] [0.582097, 0.604234)	                 ###	Count: 2 (12.5%)	Total: 2 (12.5%)
[cartographer_node-1] [0.604234, 0.626371)	                    	Count: 0 (0%)	Total: 2 (12.5%)
[cartographer_node-1] [0.626371, 0.648508)	                   #	Count: 1 (6.25%)	Total: 3 (18.75%)
[cartographer_node-1] [0.648508, 0.670645)	                    	Count: 0 (0%)	Total: 3 (18.75%)
[cartographer_node-1] [0.670645, 0.692782)	                 ###	Count: 2 (12.5%)	Total: 5 (31.25%)
[cartographer_node-1] [0.692782, 0.714919)	                   #	Count: 1 (6.25%)	Total: 6 (37.5%)
[cartographer_node-1] [0.714919, 0.737056)	               #####	Count: 4 (25%)	Total: 10 (62.5%)
[cartographer_node-1] [0.737056, 0.759194)	                 ###	Count: 2 (12.5%)	Total: 12 (75%)
[cartographer_node-1] [0.759194, 0.781331)	                ####	Count: 3 (18.75%)	Total: 15 (93.75%)
[cartographer_node-1] [0.781331, 0.803468]	                   #	Count: 1 (6.25%)	Total: 16 (100%)
[cartographer_node-1] [INFO] [1778822214.088800729] [cartographer logger]: I0515 14:16:54.000000 52150 pose_graph_2d.cc:538] Remaining work items in queue: 32
[cartographer_node-1] [INFO] [1778822214.088979456] [cartographer logger]: I0515 14:16:54.000000 52150 constraint_builder_2d.cc:294] 0 computations resulted in 0 additional constraints.
[cartographer_node-1] [INFO] [1778822214.089366661] [cartographer logger]: I0515 14:16:54.000000 52150 constraint_builder_2d.cc:296] Score histogram:
[cartographer_node-1] Count: 16  Min: 0.582097  Max: 0.803468  Mean: 0.710948
[cartographer_node-1] [0.582097, 0.604234)	                 ###	Count: 2 (12.5%)	Total: 2 (12.5%)
[cartographer_node-1] [0.604234, 0.626371)	                    	Count: 0 (0%)	Total: 2 (12.5%)
[cartographer_node-1] [0.626371, 0.648508)	                   #	Count: 1 (6.25%)	Total: 3 (18.75%)
[cartographer_node-1] [0.648508, 0.670645)	                    	Count: 0 (0%)	Total: 3 (18.75%)
[cartographer_node-1] [0.670645, 0.692782)	                 ###	Count: 2 (12.5%)	Total: 5 (31.25%)
[cartographer_node-1] [0.692782, 0.714919)	                   #	Count: 1 (6.25%)	Total: 6 (37.5%)
[cartographer_node-1] [0.714919, 0.737056)	               #####	Count: 4 (25%)	Total: 10 (62.5%)
[cartographer_node-1] [0.737056, 0.759194)	                 ###	Count: 2 (12.5%)	Total: 12 (75%)
[cartographer_node-1] [0.759194, 0.781331)	                ####	Count: 3 (18.75%)	Total: 15 (93.75%)
[cartographer_node-1] [0.781331, 0.803468]	                   #	Count: 1 (6.25%)	Total: 16 (100%)
[cartographer_node-1] [INFO] [1778822214.112501940] [cartographer logger]: I0515 14:16:54.000000 52150 pose_graph_2d.cc:538] Remaining work items in queue: 25
[cartographer_node-1] [INFO] [1778822214.112538833] [cartographer logger]: I0515 14:16:54.000000 52150 constraint_builder_2d.cc:294] 0 computations resulted in 0 additional constraints.
[cartographer_node-1] [INFO] [1778822214.112883186] [cartographer logger]: I0515 14:16:54.000000 52150 constraint_builder_2d.cc:296] Score histogram:
[cartographer_node-1] Count: 16  Min: 0.582097  Max: 0.803468  Mean: 0.710948
[cartographer_node-1] [0.582097, 0.604234)	                 ###	Count: 2 (12.5%)	Total: 2 (12.5%)
[cartographer_node-1] [0.604234, 0.626371)	                    	Count: 0 (0%)	Total: 2 (12.5%)
[cartographer_node-1] [0.626371, 0.648508)	                   #	Count: 1 (6.25%)	Total: 3 (18.75%)
[cartographer_node-1] [0.648508, 0.670645)	                    	Count: 0 (0%)	Total: 3 (18.75%)
[cartographer_node-1] [0.670645, 0.692782)	                 ###	Count: 2 (12.5%)	Total: 5 (31.25%)
[cartographer_node-1] [0.692782, 0.714919)	                   #	Count: 1 (6.25%)	Total: 6 (37.5%)
[cartographer_node-1] [0.714919, 0.737056)	               #####	Count: 4 (25%)	Total: 10 (62.5%)
[cartographer_node-1] [0.737056, 0.759194)	                 ###	Count: 2 (12.5%)	Total: 12 (75%)
[cartographer_node-1] [0.759194, 0.781331)	                ####	Count: 3 (18.75%)	Total: 15 (93.75%)
[cartographer_node-1] [0.781331, 0.803468]	                   #	Count: 1 (6.25%)	Total: 16 (100%)
[cartographer_node-1] [INFO] [1778822214.133966464] [cartographer logger]: I0515 14:16:54.000000 52150 pose_graph_2d.cc:538] Remaining work items in queue: 21
[cartographer_node-1] [INFO] [1778822214.134002087] [cartographer logger]: I0515 14:16:54.000000 52150 constraint_builder_2d.cc:294] 0 computations resulted in 0 additional constraints.
[cartographer_node-1] [INFO] [1778822214.134382724] [cartographer logger]: I0515 14:16:54.000000 52150 constraint_builder_2d.cc:296] Score histogram:
[cartographer_node-1] Count: 16  Min: 0.582097  Max: 0.803468  Mean: 0.710948
[cartographer_node-1] [0.582097, 0.604234)	                 ###	Count: 2 (12.5%)	Total: 2 (12.5%)
[cartographer_node-1] [0.604234, 0.626371)	                    	Count: 0 (0%)	Total: 2 (12.5%)
[cartographer_node-1] [0.626371, 0.648508)	                   #	Count: 1 (6.25%)	Total: 3 (18.75%)
[cartographer_node-1] [0.648508, 0.670645)	                    	Count: 0 (0%)	Total: 3 (18.75%)
[cartographer_node-1] [0.670645, 0.692782)	                 ###	Count: 2 (12.5%)	Total: 5 (31.25%)
[cartographer_node-1] [0.692782, 0.714919)	                   #	Count: 1 (6.25%)	Total: 6 (37.5%)
[cartographer_node-1] [0.714919, 0.737056)	               #####	Count: 4 (25%)	Total: 10 (62.5%)
[cartographer_node-1] [0.737056, 0.759194)	                 ###	Count: 2 (12.5%)	Total: 12 (75%)
[cartographer_node-1] [0.759194, 0.781331)	                ####	Count: 3 (18.75%)	Total: 15 (93.75%)
[cartographer_node-1] [0.781331, 0.803468]	                   #	Count: 1 (6.25%)	Total: 16 (100%)
[cartographer_node-1] [INFO] [1778822214.159265817] [cartographer logger]: I0515 14:16:54.000000 52150 pose_graph_2d.cc:538] Remaining work items in queue: 15
[cartographer_node-1] [INFO] [1778822214.159310585] [cartographer logger]: I0515 14:16:54.000000 52150 constraint_builder_2d.cc:294] 0 computations resulted in 0 additional constraints.
[cartographer_node-1] [INFO] [1778822214.159898900] [cartographer logger]: I0515 14:16:54.000000 52150 constraint_builder_2d.cc:296] Score histogram:
[cartographer_node-1] Count: 16  Min: 0.582097  Max: 0.803468  Mean: 0.710948
[cartographer_node-1] [0.582097, 0.604234)	                 ###	Count: 2 (12.5%)	Total: 2 (12.5%)
[cartographer_node-1] [0.604234, 0.626371)	                    	Count: 0 (0%)	Total: 2 (12.5%)
[cartographer_node-1] [0.626371, 0.648508)	                   #	Count: 1 (6.25%)	Total: 3 (18.75%)
[cartographer_node-1] [0.648508, 0.670645)	                    	Count: 0 (0%)	Total: 3 (18.75%)
[cartographer_node-1] [0.670645, 0.692782)	                 ###	Count: 2 (12.5%)	Total: 5 (31.25%)
[cartographer_node-1] [0.692782, 0.714919)	                   #	Count: 1 (6.25%)	Total: 6 (37.5%)
[cartographer_node-1] [0.714919, 0.737056)	               #####	Count: 4 (25%)	Total: 10 (62.5%)
[cartographer_node-1] [0.737056, 0.759194)	                 ###	Count: 2 (12.5%)	Total: 12 (75%)
[cartographer_node-1] [0.759194, 0.781331)	                ####	Count: 3 (18.75%)	Total: 15 (93.75%)
[cartographer_node-1] [0.781331, 0.803468]	                   #	Count: 1 (6.25%)	Total: 16 (100%)
[cartographer_node-1] [INFO] [1778822214.185731217] [cartographer logger]: I0515 14:16:54.000000 52150 pose_graph_2d.cc:538] Remaining work items in queue: 11
[cartographer_node-1] [INFO] [1778822214.251372695] [cartographer logger]: I0515 14:16:54.000000 52152 constraint_builder_2d.cc:294] 1 computations resulted in 0 additional constraints.
[cartographer_node-1] [INFO] [1778822214.251431453] [cartographer logger]: I0515 14:16:54.000000 52152 constraint_builder_2d.cc:296] Score histogram:
[cartographer_node-1] Count: 16  Min: 0.582097  Max: 0.803468  Mean: 0.710948
[cartographer_node-1] [0.582097, 0.604234)	                 ###	Count: 2 (12.5%)	Total: 2 (12.5%)
[cartographer_node-1] [0.604234, 0.626371)	                    	Count: 0 (0%)	Total: 2 (12.5%)
[cartographer_node-1] [0.626371, 0.648508)	                   #	Count: 1 (6.25%)	Total: 3 (18.75%)
[cartographer_node-1] [0.648508, 0.670645)	                    	Count: 0 (0%)	Total: 3 (18.75%)
[cartographer_node-1] [0.670645, 0.692782)	                 ###	Count: 2 (12.5%)	Total: 5 (31.25%)
[cartographer_node-1] [0.692782, 0.714919)	                   #	Count: 1 (6.25%)	Total: 6 (37.5%)
[cartographer_node-1] [0.714919, 0.737056)	               #####	Count: 4 (25%)	Total: 10 (62.5%)
[cartographer_node-1] [0.737056, 0.759194)	                 ###	Count: 2 (12.5%)	Total: 12 (75%)
[cartographer_node-1] [0.759194, 0.781331)	                ####	Count: 3 (18.75%)	Total: 15 (93.75%)
[cartographer_node-1] [0.781331, 0.803468]	                   #	Count: 1 (6.25%)	Total: 16 (100%)
[cartographer_node-1] [INFO] [1778822214.279499833] [cartographer logger]: I0515 14:16:54.000000 52152 pose_graph_2d.cc:538] Remaining work items in queue: 27
[cartographer_node-1] [INFO] [1778822214.279544439] [cartographer logger]: I0515 14:16:54.000000 52152 constraint_builder_2d.cc:294] 0 computations resulted in 0 additional constraints.
[cartographer_node-1] [INFO] [1778822214.279971082] [cartographer logger]: I0515 14:16:54.000000 52152 constraint_builder_2d.cc:296] Score histogram:
[cartographer_node-1] Count: 16  Min: 0.582097  Max: 0.803468  Mean: 0.710948
[cartographer_node-1] [0.582097, 0.604234)	                 ###	Count: 2 (12.5%)	Total: 2 (12.5%)
[cartographer_node-1] [0.604234, 0.626371)	                    	Count: 0 (0%)	Total: 2 (12.5%)
[cartographer_node-1] [0.626371, 0.648508)	                   #	Count: 1 (6.25%)	Total: 3 (18.75%)
[cartographer_node-1] [0.648508, 0.670645)	                    	Count: 0 (0%)	Total: 3 (18.75%)
[cartographer_node-1] [0.670645, 0.692782)	                 ###	Count: 2 (12.5%)	Total: 5 (31.25%)
[cartographer_node-1] [0.692782, 0.714919)	                   #	Count: 1 (6.25%)	Total: 6 (37.5%)
[cartographer_node-1] [0.714919, 0.737056)	               #####	Count: 4 (25%)	Total: 10 (62.5%)
[cartographer_node-1] [0.737056, 0.759194)	                 ###	Count: 2 (12.5%)	Total: 12 (75%)
[cartographer_node-1] [0.759194, 0.781331)	                ####	Count: 3 (18.75%)	Total: 15 (93.75%)
[cartographer_node-1] [0.781331, 0.803468]	                   #	Count: 1 (6.25%)	Total: 16 (100%)
[cartographer_node-1] [INFO] [1778822214.304667308] [cartographer logger]: I0515 14:16:54.000000 52152 pose_graph_2d.cc:538] Remaining work items in queue: 22
[cartographer_node-1] [INFO] [1778822214.304719061] [cartographer logger]: I0515 14:16:54.000000 52152 constraint_builder_2d.cc:294] 0 computations resulted in 0 additional constraints.
[cartographer_node-1] [INFO] [1778822214.304869875] [cartographer logger]: I0515 14:16:54.000000 52152 constraint_builder_2d.cc:296] Score histogram:
[cartographer_node-1] Count: 16  Min: 0.582097  Max: 0.803468  Mean: 0.710948
[cartographer_node-1] [0.582097, 0.604234)	                 ###	Count: 2 (12.5%)	Total: 2 (12.5%)
[cartographer_node-1] [0.604234, 0.626371)	                    	Count: 0 (0%)	Total: 2 (12.5%)
[cartographer_node-1] [0.626371, 0.648508)	                   #	Count: 1 (6.25%)	Total: 3 (18.75%)
[cartographer_node-1] [0.648508, 0.670645)	                    	Count: 0 (0%)	Total: 3 (18.75%)
[cartographer_node-1] [0.670645, 0.692782)	                 ###	Count: 2 (12.5%)	Total: 5 (31.25%)
[cartographer_node-1] [0.692782, 0.714919)	                   #	Count: 1 (6.25%)	Total: 6 (37.5%)
[cartographer_node-1] [0.714919, 0.737056)	               #####	Count: 4 (25%)	Total: 10 (62.5%)
[cartographer_node-1] [0.737056, 0.759194)	                 ###	Count: 2 (12.5%)	Total: 12 (75%)
[cartographer_node-1] [0.759194, 0.781331)	                ####	Count: 3 (18.75%)	Total: 15 (93.75%)
[cartographer_node-1] [0.781331, 0.803468]	                   #	Count: 1 (6.25%)	Total: 16 (100%)
[cartographer_node-1] [INFO] [1778822214.338031256] [cartographer logger]: I0515 14:16:54.000000 52152 pose_graph_2d.cc:538] Remaining work items in queue: 19
[cartographer_node-1] [INFO] [1778822214.338117753] [cartographer logger]: I0515 14:16:54.000000 52152 constraint_builder_2d.cc:294] 0 computations resulted in 0 additional constraints.
[cartographer_node-1] [INFO] [1778822214.338889040] [cartographer logger]: I0515 14:16:54.000000 52152 constraint_builder_2d.cc:296] Score histogram:
[cartographer_node-1] Count: 16  Min: 0.582097  Max: 0.803468  Mean: 0.710948
[cartographer_node-1] [0.582097, 0.604234)	                 ###	Count: 2 (12.5%)	Total: 2 (12.5%)
[cartographer_node-1] [0.604234, 0.626371)	                    	Count: 0 (0%)	Total: 2 (12.5%)
[cartographer_node-1] [0.626371, 0.648508)	                   #	Count: 1 (6.25%)	Total: 3 (18.75%)
[cartographer_node-1] [0.648508, 0.670645)	                    	Count: 0 (0%)	Total: 3 (18.75%)
[cartographer_node-1] [0.670645, 0.692782)	                 ###	Count: 2 (12.5%)	Total: 5 (31.25%)
[cartographer_node-1] [0.692782, 0.714919)	                   #	Count: 1 (6.25%)	Total: 6 (37.5%)
[cartographer_node-1] [0.714919, 0.737056)	               #####	Count: 4 (25%)	Total: 10 (62.5%)
[cartographer_node-1] [0.737056, 0.759194)	                 ###	Count: 2 (12.5%)	Total: 12 (75%)
[cartographer_node-1] [0.759194, 0.781331)	                ####	Count: 3 (18.75%)	Total: 15 (93.75%)
[cartographer_node-1] [0.781331, 0.803468]	                   #	Count: 1 (6.25%)	Total: 16 (100%)
[cartographer_node-1] [INFO] [1778822214.369681828] [cartographer logger]: I0515 14:16:54.000000 52152 pose_graph_2d.cc:538] Remaining work items in queue: 11
[cartographer_node-1] [INFO] [1778822214.369729749] [cartographer logger]: I0515 14:16:54.000000 52152 constraint_builder_2d.cc:294] 0 computations resulted in 0 additional constraints.
[cartographer_node-1] [INFO] [1778822214.369772237] [cartographer logger]: I0515 14:16:54.000000 52152 constraint_builder_2d.cc:296] Score histogram:
[cartographer_node-1] Count: 16  Min: 0.582097  Max: 0.803468  Mean: 0.710948
[cartographer_node-1] [0.582097, 0.604234)	                 ###	Count: 2 (12.5%)	Total: 2 (12.5%)
[cartographer_node-1] [0.604234, 0.626371)	                    	Count: 0 (0%)	Total: 2 (12.5%)
[cartographer_node-1] [0.626371, 0.648508)	                   #	Count: 1 (6.25%)	Total: 3 (18.75%)
[cartographer_node-1] [0.648508, 0.670645)	                    	Count: 0 (0%)	Total: 3 (18.75%)
[cartographer_node-1] [0.670645, 0.692782)	                 ###	Count: 2 (12.5%)	Total: 5 (31.25%)
[cartographer_node-1] [0.692782, 0.714919)	                   #	Count: 1 (6.25%)	Total: 6 (37.5%)
[cartographer_node-1] [0.714919, 0.737056)	               #####	Count: 4 (25%)	Total: 10 (62.5%)
[cartographer_node-1] [0.737056, 0.759194)	                 ###	Count: 2 (12.5%)	Total: 12 (75%)
[cartographer_node-1] [0.759194, 0.781331)	                ####	Count: 3 (18.75%)	Total: 15 (93.75%)
[cartographer_node-1] [0.781331, 0.803468]	                   #	Count: 1 (6.25%)	Total: 16 (100%)
[cartographer_node-1] [INFO] [1778822214.398375173] [cartographer logger]: I0515 14:16:54.000000 52152 pose_graph_2d.cc:538] Remaining work items in queue: 6
[cartographer_node-1] [INFO] [1778822214.398410446] [cartographer logger]: I0515 14:16:54.000000 52152 constraint_builder_2d.cc:294] 0 computations resulted in 0 additional constraints.
[cartographer_node-1] [INFO] [1778822214.398758456] [cartographer logger]: I0515 14:16:54.000000 52152 constraint_builder_2d.cc:296] Score histogram:
[cartographer_node-1] Count: 16  Min: 0.582097  Max: 0.803468  Mean: 0.710948
[cartographer_node-1] [0.582097, 0.604234)	                 ###	Count: 2 (12.5%)	Total: 2 (12.5%)
[cartographer_node-1] [0.604234, 0.626371)	                    	Count: 0 (0%)	Total: 2 (12.5%)
[cartographer_node-1] [0.626371, 0.648508)	                   #	Count: 1 (6.25%)	Total: 3 (18.75%)
[cartographer_node-1] [0.648508, 0.670645)	                    	Count: 0 (0%)	Total: 3 (18.75%)
[cartographer_node-1] [0.670645, 0.692782)	                 ###	Count: 2 (12.5%)	Total: 5 (31.25%)
[cartographer_node-1] [0.692782, 0.714919)	                   #	Count: 1 (6.25%)	Total: 6 (37.5%)
[cartographer_node-1] [0.714919, 0.737056)	               #####	Count: 4 (25%)	Total: 10 (62.5%)
[cartographer_node-1] [0.737056, 0.759194)	                 ###	Count: 2 (12.5%)	Total: 12 (75%)
[cartographer_node-1] [0.759194, 0.781331)	                ####	Count: 3 (18.75%)	Total: 15 (93.75%)
[cartographer_node-1] [0.781331, 0.803468]	                   #	Count: 1 (6.25%)	Total: 16 (100%)
[cartographer_node-1] [INFO] [1778822214.446470304] [cartographer logger]: I0515 14:16:54.000000 52153 pose_graph_2d.cc:538] Remaining work items in queue: 0
[cartographer_node-1] [INFO] [1778822214.446519967] [cartographer logger]: I0515 14:16:54.000000 52153 constraint_builder_2d.cc:294] 0 computations resulted in 0 additional constraints.
[cartographer_node-1] [INFO] [1778822214.446560398] [cartographer logger]: I0515 14:16:54.000000 52153 constraint_builder_2d.cc:296] Score histogram:
[cartographer_node-1] Count: 16  Min: 0.582097  Max: 0.803468  Mean: 0.710948
[cartographer_node-1] [0.582097, 0.604234)	                 ###	Count: 2 (12.5%)	Total: 2 (12.5%)
[cartographer_node-1] [0.604234, 0.626371)	                    	Count: 0 (0%)	Total: 2 (12.5%)
[cartographer_node-1] [0.626371, 0.648508)	                   #	Count: 1 (6.25%)	Total: 3 (18.75%)
[cartographer_node-1] [0.648508, 0.670645)	                    	Count: 0 (0%)	Total: 3 (18.75%)
[cartographer_node-1] [0.670645, 0.692782)	                 ###	Count: 2 (12.5%)	Total: 5 (31.25%)
[cartographer_node-1] [0.692782, 0.714919)	                   #	Count: 1 (6.25%)	Total: 6 (37.5%)
[cartographer_node-1] [0.714919, 0.737056)	               #####	Count: 4 (25%)	Total: 10 (62.5%)
[cartographer_node-1] [0.737056, 0.759194)	                 ###	Count: 2 (12.5%)	Total: 12 (75%)
[cartographer_node-1] [0.759194, 0.781331)	                ####	Count: 3 (18.75%)	Total: 15 (93.75%)
[cartographer_node-1] [0.781331, 0.803468]	                   #	Count: 1 (6.25%)	Total: 16 (100%)
[cartographer_node-1] [INFO] [1778822214.514085796] [cartographer logger]: I0515 14:16:54.000000 52151 pose_graph_2d.cc:538] Remaining work items in queue: 0
[cartographer_node-1] [INFO] [1778822214.514140843] [cartographer logger]: I0515 14:16:54.000000 52151 constraint_builder_2d.cc:294] 0 computations resulted in 0 additional constraints.
[cartographer_node-1] [INFO] [1778822214.514220959] [cartographer logger]: I0515 14:16:54.000000 52151 constraint_builder_2d.cc:296] Score histogram:
[cartographer_node-1] Count: 16  Min: 0.582097  Max: 0.803468  Mean: 0.710948
[cartographer_node-1] [0.582097, 0.604234)	                 ###	Count: 2 (12.5%)	Total: 2 (12.5%)
[cartographer_node-1] [0.604234, 0.626371)	                    	Count: 0 (0%)	Total: 2 (12.5%)
[cartographer_node-1] [0.626371, 0.648508)	                   #	Count: 1 (6.25%)	Total: 3 (18.75%)
[cartographer_node-1] [0.648508, 0.670645)	                    	Count: 0 (0%)	Total: 3 (18.75%)
[cartographer_node-1] [0.670645, 0.692782)	                 ###	Count: 2 (12.5%)	Total: 5 (31.25%)
[cartographer_node-1] [0.692782, 0.714919)	                   #	Count: 1 (6.25%)	Total: 6 (37.5%)
[cartographer_node-1] [0.714919, 0.737056)	               #####	Count: 4 (25%)	Total: 10 (62.5%)
[cartographer_node-1] [0.737056, 0.759194)	                 ###	Count: 2 (12.5%)	Total: 12 (75%)
[cartographer_node-1] [0.759194, 0.781331)	                ####	Count: 3 (18.75%)	Total: 15 (93.75%)
[cartographer_node-1] [0.781331, 0.803468]	                   #	Count: 1 (6.25%)	Total: 16 (100%)
[cartographer_node-1] [INFO] [1778822214.641857310] [cartographer logger]: I0515 14:16:54.000000 52153 pose_graph_2d.cc:538] Remaining work items in queue: 0
[cartographer_node-1] [INFO] [1778822214.663917993] [cartographer logger]: I0515 14:16:54.000000 52151 constraint_builder_2d.cc:294] 1 computations resulted in 0 additional constraints.
[cartographer_node-1] [INFO] [1778822214.663997454] [cartographer logger]: I0515 14:16:54.000000 52151 constraint_builder_2d.cc:296] Score histogram:
[cartographer_node-1] Count: 16  Min: 0.582097  Max: 0.803468  Mean: 0.710948
[cartographer_node-1] [0.582097, 0.604234)	                 ###	Count: 2 (12.5%)	Total: 2 (12.5%)
[cartographer_node-1] [0.604234, 0.626371)	                    	Count: 0 (0%)	Total: 2 (12.5%)
[cartographer_node-1] [0.626371, 0.648508)	                   #	Count: 1 (6.25%)	Total: 3 (18.75%)
[cartographer_node-1] [0.648508, 0.670645)	                    	Count: 0 (0%)	Total: 3 (18.75%)
[cartographer_node-1] [0.670645, 0.692782)	                 ###	Count: 2 (12.5%)	Total: 5 (31.25%)
[cartographer_node-1] [0.692782, 0.714919)	                   #	Count: 1 (6.25%)	Total: 6 (37.5%)
[cartographer_node-1] [0.714919, 0.737056)	               #####	Count: 4 (25%)	Total: 10 (62.5%)
[cartographer_node-1] [0.737056, 0.759194)	                 ###	Count: 2 (12.5%)	Total: 12 (75%)
[cartographer_node-1] [0.759194, 0.781331)	                ####	Count: 3 (18.75%)	Total: 15 (93.75%)
[cartographer_node-1] [0.781331, 0.803468]	                   #	Count: 1 (6.25%)	Total: 16 (100%)
[cartographer_node-1] [INFO] [1778822214.760241249] [cartographer logger]: I0515 14:16:54.000000 52150 pose_graph_2d.cc:538] Remaining work items in queue: 0
[cartographer_node-1] [INFO] [1778822214.760280400] [cartographer logger]: I0515 14:16:54.000000 52150 constraint_builder_2d.cc:294] 0 computations resulted in 0 additional constraints.
[cartographer_node-1] [INFO] [1778822214.760405789] [cartographer logger]: I0515 14:16:54.000000 52150 constraint_builder_2d.cc:296] Score histogram:
[cartographer_node-1] Count: 16  Min: 0.582097  Max: 0.803468  Mean: 0.710948
[cartographer_node-1] [0.582097, 0.604234)	                 ###	Count: 2 (12.5%)	Total: 2 (12.5%)
[cartographer_node-1] [0.604234, 0.626371)	                    	Count: 0 (0%)	Total: 2 (12.5%)
[cartographer_node-1] [0.626371, 0.648508)	                   #	Count: 1 (6.25%)	Total: 3 (18.75%)
[cartographer_node-1] [0.648508, 0.670645)	                    	Count: 0 (0%)	Total: 3 (18.75%)
[cartographer_node-1] [0.670645, 0.692782)	                 ###	Count: 2 (12.5%)	Total: 5 (31.25%)
[cartographer_node-1] [0.692782, 0.714919)	                   #	Count: 1 (6.25%)	Total: 6 (37.5%)
[cartographer_node-1] [0.714919, 0.737056)	               #####	Count: 4 (25%)	Total: 10 (62.5%)
[cartographer_node-1] [0.737056, 0.759194)	                 ###	Count: 2 (12.5%)	Total: 12 (75%)
[cartographer_node-1] [0.759194, 0.781331)	                ####	Count: 3 (18.75%)	Total: 15 (93.75%)
[cartographer_node-1] [0.781331, 0.803468]	                   #	Count: 1 (6.25%)	Total: 16 (100%)
[cartographer_node-1] [INFO] [1778822214.813484736] [cartographer logger]: I0515 14:16:54.000000 52151 pose_graph_2d.cc:538] Remaining work items in queue: 0
[cartographer_node-1] [INFO] [1778822214.813529406] [cartographer logger]: I0515 14:16:54.000000 52151 constraint_builder_2d.cc:294] 0 computations resulted in 0 additional constraints.
[cartographer_node-1] [INFO] [1778822214.813675685] [cartographer logger]: I0515 14:16:54.000000 52151 constraint_builder_2d.cc:296] Score histogram:
[cartographer_node-1] Count: 16  Min: 0.582097  Max: 0.803468  Mean: 0.710948
[cartographer_node-1] [0.582097, 0.604234)	                 ###	Count: 2 (12.5%)	Total: 2 (12.5%)
[cartographer_node-1] [0.604234, 0.626371)	                    	Count: 0 (0%)	Total: 2 (12.5%)
[cartographer_node-1] [0.626371, 0.648508)	                   #	Count: 1 (6.25%)	Total: 3 (18.75%)
[cartographer_node-1] [0.648508, 0.670645)	                    	Count: 0 (0%)	Total: 3 (18.75%)
[cartographer_node-1] [0.670645, 0.692782)	                 ###	Count: 2 (12.5%)	Total: 5 (31.25%)
[cartographer_node-1] [0.692782, 0.714919)	                   #	Count: 1 (6.25%)	Total: 6 (37.5%)
[cartographer_node-1] [0.714919, 0.737056)	               #####	Count: 4 (25%)	Total: 10 (62.5%)
[cartographer_node-1] [0.737056, 0.759194)	                 ###	Count: 2 (12.5%)	Total: 12 (75%)
[cartographer_node-1] [0.759194, 0.781331)	                ####	Count: 3 (18.75%)	Total: 15 (93.75%)
[cartographer_node-1] [0.781331, 0.803468]	                   #	Count: 1 (6.25%)	Total: 16 (100%)
[cartographer_node-1] [INFO] [1778822214.920214305] [cartographer logger]: I0515 14:16:54.000000 52151 pose_graph_2d.cc:538] Remaining work items in queue: 0
[cartographer_node-1] [INFO] [1778822214.920254900] [cartographer logger]: I0515 14:16:54.000000 52151 constraint_builder_2d.cc:294] 0 computations resulted in 0 additional constraints.
[cartographer_node-1] [INFO] [1778822214.920407480] [cartographer logger]: I0515 14:16:54.000000 52151 constraint_builder_2d.cc:296] Score histogram:
[cartographer_node-1] Count: 16  Min: 0.582097  Max: 0.803468  Mean: 0.710948
[cartographer_node-1] [0.582097, 0.604234)	                 ###	Count: 2 (12.5%)	Total: 2 (12.5%)
[cartographer_node-1] [0.604234, 0.626371)	                    	Count: 0 (0%)	Total: 2 (12.5%)
[cartographer_node-1] [0.626371, 0.648508)	                   #	Count: 1 (6.25%)	Total: 3 (18.75%)
[cartographer_node-1] [0.648508, 0.670645)	                    	Count: 0 (0%)	Total: 3 (18.75%)
[cartographer_node-1] [0.670645, 0.692782)	                 ###	Count: 2 (12.5%)	Total: 5 (31.25%)
[cartographer_node-1] [0.692782, 0.714919)	                   #	Count: 1 (6.25%)	Total: 6 (37.5%)
[cartographer_node-1] [0.714919, 0.737056)	               #####	Count: 4 (25%)	Total: 10 (62.5%)
[cartographer_node-1] [0.737056, 0.759194)	                 ###	Count: 2 (12.5%)	Total: 12 (75%)
[cartographer_node-1] [0.759194, 0.781331)	                ####	Count: 3 (18.75%)	Total: 15 (93.75%)
[cartographer_node-1] [0.781331, 0.803468]	                   #	Count: 1 (6.25%)	Total: 16 (100%)
[cartographer_node-1] [INFO] [1778822215.009838790] [cartographer logger]: I0515 14:16:55.000000 52150 pose_graph_2d.cc:538] Remaining work items in queue: 0
[cartographer_node-1] [INFO] [1778822215.009882539] [cartographer logger]: I0515 14:16:55.000000 52150 constraint_builder_2d.cc:294] 0 computations resulted in 0 additional constraints.
[cartographer_node-1] [INFO] [1778822215.010327103] [cartographer logger]: I0515 14:16:55.000000 52150 constraint_builder_2d.cc:296] Score histogram:
[cartographer_node-1] Count: 16  Min: 0.582097  Max: 0.803468  Mean: 0.710948
[cartographer_node-1] [0.582097, 0.604234)	                 ###	Count: 2 (12.5%)	Total: 2 (12.5%)
[cartographer_node-1] [0.604234, 0.626371)	                    	Count: 0 (0%)	Total: 2 (12.5%)
[cartographer_node-1] [0.626371, 0.648508)	                   #	Count: 1 (6.25%)	Total: 3 (18.75%)
[cartographer_node-1] [0.648508, 0.670645)	                    	Count: 0 (0%)	Total: 3 (18.75%)
[cartographer_node-1] [0.670645, 0.692782)	                 ###	Count: 2 (12.5%)	Total: 5 (31.25%)
[cartographer_node-1] [0.692782, 0.714919)	                   #	Count: 1 (6.25%)	Total: 6 (37.5%)
[cartographer_node-1] [0.714919, 0.737056)	               #####	Count: 4 (25%)	Total: 10 (62.5%)
[cartographer_node-1] [0.737056, 0.759194)	                 ###	Count: 2 (12.5%)	Total: 12 (75%)
[cartographer_node-1] [0.759194, 0.781331)	                ####	Count: 3 (18.75%)	Total: 15 (93.75%)
[cartographer_node-1] [0.781331, 0.803468]	                   #	Count: 1 (6.25%)	Total: 16 (100%)
[cartographer_node-1] [INFO] [1778822215.127684550] [cartographer logger]: I0515 14:16:55.000000 52153 pose_graph_2d.cc:538] Remaining work items in queue: 0
[cartographer_node-1] [INFO] [1778822215.127722242] [cartographer logger]: I0515 14:16:55.000000 52153 constraint_builder_2d.cc:294] 0 computations resulted in 0 additional constraints.
[cartographer_node-1] [INFO] [1778822215.128089102] [cartographer logger]: I0515 14:16:55.000000 52153 constraint_builder_2d.cc:296] Score histogram:
[cartographer_node-1] Count: 16  Min: 0.582097  Max: 0.803468  Mean: 0.710948
[cartographer_node-1] [0.582097, 0.604234)	                 ###	Count: 2 (12.5%)	Total: 2 (12.5%)
[cartographer_node-1] [0.604234, 0.626371)	                    	Count: 0 (0%)	Total: 2 (12.5%)
[cartographer_node-1] [0.626371, 0.648508)	                   #	Count: 1 (6.25%)	Total: 3 (18.75%)
[cartographer_node-1] [0.648508, 0.670645)	                    	Count: 0 (0%)	Total: 3 (18.75%)
[cartographer_node-1] [0.670645, 0.692782)	                 ###	Count: 2 (12.5%)	Total: 5 (31.25%)
[cartographer_node-1] [0.692782, 0.714919)	                   #	Count: 1 (6.25%)	Total: 6 (37.5%)
[cartographer_node-1] [0.714919, 0.737056)	               #####	Count: 4 (25%)	Total: 10 (62.5%)
[cartographer_node-1] [0.737056, 0.759194)	                 ###	Count: 2 (12.5%)	Total: 12 (75%)
[cartographer_node-1] [0.759194, 0.781331)	                ####	Count: 3 (18.75%)	Total: 15 (93.75%)
[cartographer_node-1] [0.781331, 0.803468]	                   #	Count: 1 (6.25%)	Total: 16 (100%)
[cartographer_node-1] [INFO] [1778822215.216201803] [cartographer logger]: I0515 14:16:55.000000 52152 pose_graph_2d.cc:538] Remaining work items in queue: 0
[cartographer_node-1] [INFO] [1778822215.216247322] [cartographer logger]: I0515 14:16:55.000000 52152 constraint_builder_2d.cc:294] 0 computations resulted in 0 additional constraints.
[cartographer_node-1] [INFO] [1778822215.216793319] [cartographer logger]: I0515 14:16:55.000000 52152 constraint_builder_2d.cc:296] Score histogram:
[cartographer_node-1] Count: 16  Min: 0.582097  Max: 0.803468  Mean: 0.710948
[cartographer_node-1] [0.582097, 0.604234)	                 ###	Count: 2 (12.5%)	Total: 2 (12.5%)
[cartographer_node-1] [0.604234, 0.626371)	                    	Count: 0 (0%)	Total: 2 (12.5%)
[cartographer_node-1] [0.626371, 0.648508)	                   #	Count: 1 (6.25%)	Total: 3 (18.75%)
[cartographer_node-1] [0.648508, 0.670645)	                    	Count: 0 (0%)	Total: 3 (18.75%)
[cartographer_node-1] [0.670645, 0.692782)	                 ###	Count: 2 (12.5%)	Total: 5 (31.25%)
[cartographer_node-1] [0.692782, 0.714919)	                   #	Count: 1 (6.25%)	Total: 6 (37.5%)
[cartographer_node-1] [0.714919, 0.737056)	               #####	Count: 4 (25%)	Total: 10 (62.5%)
[cartographer_node-1] [0.737056, 0.759194)	                 ###	Count: 2 (12.5%)	Total: 12 (75%)
[cartographer_node-1] [0.759194, 0.781331)	                ####	Count: 3 (18.75%)	Total: 15 (93.75%)
[cartographer_node-1] [0.781331, 0.803468]	                   #	Count: 1 (6.25%)	Total: 16 (100%)
[cartographer_node-1] [INFO] [1778822215.314829405] [cartographer logger]: I0515 14:16:55.000000 52151 pose_graph_2d.cc:538] Remaining work items in queue: 0
[cartographer_node-1] [INFO] [1778822215.341121687] [cartographer logger]: I0515 14:16:55.000000 52150 constraint_builder_2d.cc:294] 1 computations resulted in 0 additional constraints.
[cartographer_node-1] [INFO] [1778822215.341207609] [cartographer logger]: I0515 14:16:55.000000 52150 constraint_builder_2d.cc:296] Score histogram:
[cartographer_node-1] Count: 16  Min: 0.582097  Max: 0.803468  Mean: 0.710948
[cartographer_node-1] [0.582097, 0.604234)	                 ###	Count: 2 (12.5%)	Total: 2 (12.5%)
[cartographer_node-1] [0.604234, 0.626371)	                    	Count: 0 (0%)	Total: 2 (12.5%)
[cartographer_node-1] [0.626371, 0.648508)	                   #	Count: 1 (6.25%)	Total: 3 (18.75%)
[cartographer_node-1] [0.648508, 0.670645)	                    	Count: 0 (0%)	Total: 3 (18.75%)
[cartographer_node-1] [0.670645, 0.692782)	                 ###	Count: 2 (12.5%)	Total: 5 (31.25%)
[cartographer_node-1] [0.692782, 0.714919)	                   #	Count: 1 (6.25%)	Total: 6 (37.5%)
[cartographer_node-1] [0.714919, 0.737056)	               #####	Count: 4 (25%)	Total: 10 (62.5%)
[cartographer_node-1] [0.737056, 0.759194)	                 ###	Count: 2 (12.5%)	Total: 12 (75%)
[cartographer_node-1] [0.759194, 0.781331)	                ####	Count: 3 (18.75%)	Total: 15 (93.75%)
[cartographer_node-1] [0.781331, 0.803468]	                   #	Count: 1 (6.25%)	Total: 16 (100%)
[cartographer_node-1] [INFO] [1778822215.395351881] [cartographer logger]: I0515 14:16:55.000000 52150 pose_graph_2d.cc:538] Remaining work items in queue: 0
[cartographer_node-1] [INFO] [1778822215.395390534] [cartographer logger]: I0515 14:16:55.000000 52150 constraint_builder_2d.cc:294] 0 computations resulted in 0 additional constraints.
[cartographer_node-1] [INFO] [1778822215.395510606] [cartographer logger]: I0515 14:16:55.000000 52150 constraint_builder_2d.cc:296] Score histogram:
[cartographer_node-1] Count: 16  Min: 0.582097  Max: 0.803468  Mean: 0.710948
[cartographer_node-1] [0.582097, 0.604234)	                 ###	Count: 2 (12.5%)	Total: 2 (12.5%)
[cartographer_node-1] [0.604234, 0.626371)	                    	Count: 0 (0%)	Total: 2 (12.5%)
[cartographer_node-1] [0.626371, 0.648508)	                   #	Count: 1 (6.25%)	Total: 3 (18.75%)
[cartographer_node-1] [0.648508, 0.670645)	                    	Count: 0 (0%)	Total: 3 (18.75%)
[cartographer_node-1] [0.670645, 0.692782)	                 ###	Count: 2 (12.5%)	Total: 5 (31.25%)
[cartographer_node-1] [0.692782, 0.714919)	                   #	Count: 1 (6.25%)	Total: 6 (37.5%)
[cartographer_node-1] [0.714919, 0.737056)	               #####	Count: 4 (25%)	Total: 10 (62.5%)
[cartographer_node-1] [0.737056, 0.759194)	                 ###	Count: 2 (12.5%)	Total: 12 (75%)
[cartographer_node-1] [0.759194, 0.781331)	                ####	Count: 3 (18.75%)	Total: 15 (93.75%)
[cartographer_node-1] [0.781331, 0.803468]	                   #	Count: 1 (6.25%)	Total: 16 (100%)
[cartographer_node-1] [INFO] [1778822215.511996929] [cartographer logger]: I0515 14:16:55.000000 52151 pose_graph_2d.cc:538] Remaining work items in queue: 0
[cartographer_node-1] [INFO] [1778822215.512030614] [cartographer logger]: I0515 14:16:55.000000 52151 constraint_builder_2d.cc:294] 0 computations resulted in 0 additional constraints.
[cartographer_node-1] [INFO] [1778822215.512127634] [cartographer logger]: I0515 14:16:55.000000 52151 constraint_builder_2d.cc:296] Score histogram:
[cartographer_node-1] Count: 16  Min: 0.582097  Max: 0.803468  Mean: 0.710948
[cartographer_node-1] [0.582097, 0.604234)	                 ###	Count: 2 (12.5%)	Total: 2 (12.5%)
[cartographer_node-1] [0.604234, 0.626371)	                    	Count: 0 (0%)	Total: 2 (12.5%)
[cartographer_node-1] [0.626371, 0.648508)	                   #	Count: 1 (6.25%)	Total: 3 (18.75%)
[cartographer_node-1] [0.648508, 0.670645)	                    	Count: 0 (0%)	Total: 3 (18.75%)
[cartographer_node-1] [0.670645, 0.692782)	                 ###	Count: 2 (12.5%)	Total: 5 (31.25%)
[cartographer_node-1] [0.692782, 0.714919)	                   #	Count: 1 (6.25%)	Total: 6 (37.5%)
[cartographer_node-1] [0.714919, 0.737056)	               #####	Count: 4 (25%)	Total: 10 (62.5%)
[cartographer_node-1] [0.737056, 0.759194)	                 ###	Count: 2 (12.5%)	Total: 12 (75%)
[cartographer_node-1] [0.759194, 0.781331)	                ####	Count: 3 (18.75%)	Total: 15 (93.75%)
[cartographer_node-1] [0.781331, 0.803468]	                   #	Count: 1 (6.25%)	Total: 16 (100%)
[cartographer_node-1] [INFO] [1778822215.618153998] [cartographer logger]: I0515 14:16:55.000000 52150 pose_graph_2d.cc:538] Remaining work items in queue: 0
[cartographer_node-1] [INFO] [1778822215.618195617] [cartographer logger]: I0515 14:16:55.000000 52150 constraint_builder_2d.cc:294] 0 computations resulted in 0 additional constraints.
[cartographer_node-1] [INFO] [1778822215.618361863] [cartographer logger]: I0515 14:16:55.000000 52150 constraint_builder_2d.cc:296] Score histogram:
[cartographer_node-1] Count: 16  Min: 0.582097  Max: 0.803468  Mean: 0.710948
[cartographer_node-1] [0.582097, 0.604234)	                 ###	Count: 2 (12.5%)	Total: 2 (12.5%)
[cartographer_node-1] [0.604234, 0.626371)	                    	Count: 0 (0%)	Total: 2 (12.5%)
[cartographer_node-1] [0.626371, 0.648508)	                   #	Count: 1 (6.25%)	Total: 3 (18.75%)
[cartographer_node-1] [0.648508, 0.670645)	                    	Count: 0 (0%)	Total: 3 (18.75%)
[cartographer_node-1] [0.670645, 0.692782)	                 ###	Count: 2 (12.5%)	Total: 5 (31.25%)
[cartographer_node-1] [0.692782, 0.714919)	                   #	Count: 1 (6.25%)	Total: 6 (37.5%)
[cartographer_node-1] [0.714919, 0.737056)	               #####	Count: 4 (25%)	Total: 10 (62.5%)
[cartographer_node-1] [0.737056, 0.759194)	                 ###	Count: 2 (12.5%)	Total: 12 (75%)
[cartographer_node-1] [0.759194, 0.781331)	                ####	Count: 3 (18.75%)	Total: 15 (93.75%)
[cartographer_node-1] [0.781331, 0.803468]	                   #	Count: 1 (6.25%)	Total: 16 (100%)
[cartographer_node-1] [INFO] [1778822215.712612834] [cartographer logger]: I0515 14:16:55.000000 52151 pose_graph_2d.cc:538] Remaining work items in queue: 0
[cartographer_node-1] [INFO] [1778822215.712654487] [cartographer logger]: I0515 14:16:55.000000 52151 constraint_builder_2d.cc:294] 0 computations resulted in 0 additional constraints.
[cartographer_node-1] [INFO] [1778822215.712754640] [cartographer logger]: I0515 14:16:55.000000 52151 constraint_builder_2d.cc:296] Score histogram:
[cartographer_node-1] Count: 16  Min: 0.582097  Max: 0.803468  Mean: 0.710948
[cartographer_node-1] [0.582097, 0.604234)	                 ###	Count: 2 (12.5%)	Total: 2 (12.5%)
[cartographer_node-1] [0.604234, 0.626371)	                    	Count: 0 (0%)	Total: 2 (12.5%)
[cartographer_node-1] [0.626371, 0.648508)	                   #	Count: 1 (6.25%)	Total: 3 (18.75%)
[cartographer_node-1] [0.648508, 0.670645)	                    	Count: 0 (0%)	Total: 3 (18.75%)
[cartographer_node-1] [0.670645, 0.692782)	                 ###	Count: 2 (12.5%)	Total: 5 (31.25%)
[cartographer_node-1] [0.692782, 0.714919)	                   #	Count: 1 (6.25%)	Total: 6 (37.5%)
[cartographer_node-1] [0.714919, 0.737056)	               #####	Count: 4 (25%)	Total: 10 (62.5%)
[cartographer_node-1] [0.737056, 0.759194)	                 ###	Count: 2 (12.5%)	Total: 12 (75%)
[cartographer_node-1] [0.759194, 0.781331)	                ####	Count: 3 (18.75%)	Total: 15 (93.75%)
[cartographer_node-1] [0.781331, 0.803468]	                   #	Count: 1 (6.25%)	Total: 16 (100%)
[cartographer_node-1] [INFO] [1778822215.789792845] [cartographer logger]: I0515 14:16:55.000000 52136 collated_trajectory_builder.cc:81] imu rate: 52.02 Hz 1.92e-02 s +/- 9.25e-03 s (pulsed at 100.41% real time)
[cartographer_node-1] [INFO] [1778822215.789867227] [cartographer logger]: I0515 14:16:55.000000 52136 collated_trajectory_builder.cc:81] odom_wheel rate: 47.40 Hz 2.11e-02 s +/- 4.80e-03 s (pulsed at 100.43% real time)
[cartographer_node-1] [INFO] [1778822215.789901826] [cartographer logger]: I0515 14:16:55.000000 52136 collated_trajectory_builder.cc:81] scan rate: 39.98 Hz 2.50e-02 s +/- 4.99e-03 s (pulsed at 100.24% real time)
[cartographer_node-1] [INFO] [1778822215.816067383] [cartographer logger]: I0515 14:16:55.000000 52150 pose_graph_2d.cc:538] Remaining work items in queue: 0
[cartographer_node-1] [INFO] [1778822215.816104660] [cartographer logger]: I0515 14:16:55.000000 52150 constraint_builder_2d.cc:294] 0 computations resulted in 0 additional constraints.
[cartographer_node-1] [INFO] [1778822215.816611074] [cartographer logger]: I0515 14:16:55.000000 52150 constraint_builder_2d.cc:296] Score histogram:
[cartographer_node-1] Count: 16  Min: 0.582097  Max: 0.803468  Mean: 0.710948
[cartographer_node-1] [0.582097, 0.604234)	                 ###	Count: 2 (12.5%)	Total: 2 (12.5%)
[cartographer_node-1] [0.604234, 0.626371)	                    	Count: 0 (0%)	Total: 2 (12.5%)
[cartographer_node-1] [0.626371, 0.648508)	                   #	Count: 1 (6.25%)	Total: 3 (18.75%)
[cartographer_node-1] [0.648508, 0.670645)	                    	Count: 0 (0%)	Total: 3 (18.75%)
[cartographer_node-1] [0.670645, 0.692782)	                 ###	Count: 2 (12.5%)	Total: 5 (31.25%)
[cartographer_node-1] [0.692782, 0.714919)	                   #	Count: 1 (6.25%)	Total: 6 (37.5%)
[cartographer_node-1] [0.714919, 0.737056)	               #####	Count: 4 (25%)	Total: 10 (62.5%)
[cartographer_node-1] [0.737056, 0.759194)	                 ###	Count: 2 (12.5%)	Total: 12 (75%)
[cartographer_node-1] [0.759194, 0.781331)	                ####	Count: 3 (18.75%)	Total: 15 (93.75%)
[cartographer_node-1] [0.781331, 0.803468]	                   #	Count: 1 (6.25%)	Total: 16 (100%)
[cartographer_node-1] [INFO] [1778822215.866028745] [cartographer logger]: I0515 14:16:55.000000 52151 pose_graph_2d.cc:538] Remaining work items in queue: 0
[cartographer_node-1] [INFO] [1778822215.866075401] [cartographer logger]: I0515 14:16:55.000000 52151 constraint_builder_2d.cc:294] 0 computations resulted in 0 additional constraints.
[cartographer_node-1] [INFO] [1778822215.866199348] [cartographer logger]: I0515 14:16:55.000000 52151 constraint_builder_2d.cc:296] Score histogram:
[cartographer_node-1] Count: 16  Min: 0.582097  Max: 0.803468  Mean: 0.710948
[cartographer_node-1] [0.582097, 0.604234)	                 ###	Count: 2 (12.5%)	Total: 2 (12.5%)
[cartographer_node-1] [0.604234, 0.626371)	                    	Count: 0 (0%)	Total: 2 (12.5%)
[cartographer_node-1] [0.626371, 0.648508)	                   #	Count: 1 (6.25%)	Total: 3 (18.75%)
[cartographer_node-1] [0.648508, 0.670645)	                    	Count: 0 (0%)	Total: 3 (18.75%)
[cartographer_node-1] [0.670645, 0.692782)	                 ###	Count: 2 (12.5%)	Total: 5 (31.25%)
[cartographer_node-1] [0.692782, 0.714919)	                   #	Count: 1 (6.25%)	Total: 6 (37.5%)
[cartographer_node-1] [0.714919, 0.737056)	               #####	Count: 4 (25%)	Total: 10 (62.5%)
[cartographer_node-1] [0.737056, 0.759194)	                 ###	Count: 2 (12.5%)	Total: 12 (75%)
[cartographer_node-1] [0.759194, 0.781331)	                ####	Count: 3 (18.75%)	Total: 15 (93.75%)
[cartographer_node-1] [0.781331, 0.803468]	                   #	Count: 1 (6.25%)	Total: 16 (100%)
[cartographer_node-1] [INFO] [1778822215.895241735] [cartographer logger]: I0515 14:16:55.000000 52151 pose_graph_2d.cc:538] Remaining work items in queue: 2
[cartographer_node-1] [INFO] [1778822215.954659211] [cartographer logger]: I0515 14:16:55.000000 52153 constraint_builder_2d.cc:294] 1 computations resulted in 0 additional constraints.
[cartographer_node-1] [INFO] [1778822215.954785659] [cartographer logger]: I0515 14:16:55.000000 52153 constraint_builder_2d.cc:296] Score histogram:
[cartographer_node-1] Count: 16  Min: 0.582097  Max: 0.803468  Mean: 0.710948
[cartographer_node-1] [0.582097, 0.604234)	                 ###	Count: 2 (12.5%)	Total: 2 (12.5%)
[cartographer_node-1] [0.604234, 0.626371)	                    	Count: 0 (0%)	Total: 2 (12.5%)
[cartographer_node-1] [0.626371, 0.648508)	                   #	Count: 1 (6.25%)	Total: 3 (18.75%)
[cartographer_node-1] [0.648508, 0.670645)	                    	Count: 0 (0%)	Total: 3 (18.75%)
[cartographer_node-1] [0.670645, 0.692782)	                 ###	Count: 2 (12.5%)	Total: 5 (31.25%)
[cartographer_node-1] [0.692782, 0.714919)	                   #	Count: 1 (6.25%)	Total: 6 (37.5%)
[cartographer_node-1] [0.714919, 0.737056)	               #####	Count: 4 (25%)	Total: 10 (62.5%)
[cartographer_node-1] [0.737056, 0.759194)	                 ###	Count: 2 (12.5%)	Total: 12 (75%)
[cartographer_node-1] [0.759194, 0.781331)	                ####	Count: 3 (18.75%)	Total: 15 (93.75%)
[cartographer_node-1] [0.781331, 0.803468]	                   #	Count: 1 (6.25%)	Total: 16 (100%)
[cartographer_node-1] [INFO] [1778822215.979612558] [cartographer logger]: I0515 14:16:55.000000 52153 pose_graph_2d.cc:538] Remaining work items in queue: 3
[cartographer_node-1] [INFO] [1778822215.979659557] [cartographer logger]: I0515 14:16:55.000000 52153 constraint_builder_2d.cc:294] 0 computations resulted in 0 additional constraints.
[cartographer_node-1] [INFO] [1778822215.979943850] [cartographer logger]: I0515 14:16:55.000000 52153 constraint_builder_2d.cc:296] Score histogram:
[cartographer_node-1] Count: 16  Min: 0.582097  Max: 0.803468  Mean: 0.710948
[cartographer_node-1] [0.582097, 0.604234)	                 ###	Count: 2 (12.5%)	Total: 2 (12.5%)
[cartographer_node-1] [0.604234, 0.626371)	                    	Count: 0 (0%)	Total: 2 (12.5%)
[cartographer_node-1] [0.626371, 0.648508)	                   #	Count: 1 (6.25%)	Total: 3 (18.75%)
[cartographer_node-1] [0.648508, 0.670645)	                    	Count: 0 (0%)	Total: 3 (18.75%)
[cartographer_node-1] [0.670645, 0.692782)	                 ###	Count: 2 (12.5%)	Total: 5 (31.25%)
[cartographer_node-1] [0.692782, 0.714919)	                   #	Count: 1 (6.25%)	Total: 6 (37.5%)
[cartographer_node-1] [0.714919, 0.737056)	               #####	Count: 4 (25%)	Total: 10 (62.5%)
[cartographer_node-1] [0.737056, 0.759194)	                 ###	Count: 2 (12.5%)	Total: 12 (75%)
[cartographer_node-1] [0.759194, 0.781331)	                ####	Count: 3 (18.75%)	Total: 15 (93.75%)
[cartographer_node-1] [0.781331, 0.803468]	                   #	Count: 1 (6.25%)	Total: 16 (100%)
[cartographer_node-1] [INFO] [1778822216.021277944] [cartographer logger]: I0515 14:16:56.000000 52152 pose_graph_2d.cc:538] Remaining work items in queue: 1
[cartographer_node-1] [INFO] [1778822216.021322673] [cartographer logger]: I0515 14:16:56.000000 52152 constraint_builder_2d.cc:294] 0 computations resulted in 0 additional constraints.
[cartographer_node-1] [INFO] [1778822216.021843322] [cartographer logger]: I0515 14:16:56.000000 52152 constraint_builder_2d.cc:296] Score histogram:
[cartographer_node-1] Count: 16  Min: 0.582097  Max: 0.803468  Mean: 0.710948
[cartographer_node-1] [0.582097, 0.604234)	                 ###	Count: 2 (12.5%)	Total: 2 (12.5%)
[cartographer_node-1] [0.604234, 0.626371)	                    	Count: 0 (0%)	Total: 2 (12.5%)
[cartographer_node-1] [0.626371, 0.648508)	                   #	Count: 1 (6.25%)	Total: 3 (18.75%)
[cartographer_node-1] [0.648508, 0.670645)	                    	Count: 0 (0%)	Total: 3 (18.75%)
[cartographer_node-1] [0.670645, 0.692782)	                 ###	Count: 2 (12.5%)	Total: 5 (31.25%)
[cartographer_node-1] [0.692782, 0.714919)	                   #	Count: 1 (6.25%)	Total: 6 (37.5%)
[cartographer_node-1] [0.714919, 0.737056)	               #####	Count: 4 (25%)	Total: 10 (62.5%)
[cartographer_node-1] [0.737056, 0.759194)	                 ###	Count: 2 (12.5%)	Total: 12 (75%)
[cartographer_node-1] [0.759194, 0.781331)	                ####	Count: 3 (18.75%)	Total: 15 (93.75%)
[cartographer_node-1] [0.781331, 0.803468]	                   #	Count: 1 (6.25%)	Total: 16 (100%)
[cartographer_node-1] [INFO] [1778822216.070744298] [cartographer logger]: I0515 14:16:56.000000 52152 pose_graph_2d.cc:538] Remaining work items in queue: 0
[cartographer_node-1] [INFO] [1778822216.070777482] [cartographer logger]: I0515 14:16:56.000000 52152 constraint_builder_2d.cc:294] 0 computations resulted in 0 additional constraints.
[cartographer_node-1] [INFO] [1778822216.071194390] [cartographer logger]: I0515 14:16:56.000000 52152 constraint_builder_2d.cc:296] Score histogram:
[cartographer_node-1] Count: 16  Min: 0.582097  Max: 0.803468  Mean: 0.710948
[cartographer_node-1] [0.582097, 0.604234)	                 ###	Count: 2 (12.5%)	Total: 2 (12.5%)
[cartographer_node-1] [0.604234, 0.626371)	                    	Count: 0 (0%)	Total: 2 (12.5%)
[cartographer_node-1] [0.626371, 0.648508)	                   #	Count: 1 (6.25%)	Total: 3 (18.75%)
[cartographer_node-1] [0.648508, 0.670645)	                    	Count: 0 (0%)	Total: 3 (18.75%)
[cartographer_node-1] [0.670645, 0.692782)	                 ###	Count: 2 (12.5%)	Total: 5 (31.25%)
[cartographer_node-1] [0.692782, 0.714919)	                   #	Count: 1 (6.25%)	Total: 6 (37.5%)
[cartographer_node-1] [0.714919, 0.737056)	               #####	Count: 4 (25%)	Total: 10 (62.5%)
[cartographer_node-1] [0.737056, 0.759194)	                 ###	Count: 2 (12.5%)	Total: 12 (75%)
[cartographer_node-1] [0.759194, 0.781331)	                ####	Count: 3 (18.75%)	Total: 15 (93.75%)
[cartographer_node-1] [0.781331, 0.803468]	                   #	Count: 1 (6.25%)	Total: 16 (100%)
[cartographer_node-1] [INFO] [1778822216.141018245] [cartographer logger]: I0515 14:16:56.000000 52152 pose_graph_2d.cc:538] Remaining work items in queue: 2
[cartographer_node-1] [INFO] [1778822216.141094955] [cartographer logger]: I0515 14:16:56.000000 52152 constraint_builder_2d.cc:294] 0 computations resulted in 0 additional constraints.
[cartographer_node-1] [INFO] [1778822216.141629568] [cartographer logger]: I0515 14:16:56.000000 52152 constraint_builder_2d.cc:296] Score histogram:
[cartographer_node-1] Count: 16  Min: 0.582097  Max: 0.803468  Mean: 0.710948
[cartographer_node-1] [0.582097, 0.604234)	                 ###	Count: 2 (12.5%)	Total: 2 (12.5%)
[cartographer_node-1] [0.604234, 0.626371)	                    	Count: 0 (0%)	Total: 2 (12.5%)
[cartographer_node-1] [0.626371, 0.648508)	                   #	Count: 1 (6.25%)	Total: 3 (18.75%)
[cartographer_node-1] [0.648508, 0.670645)	                    	Count: 0 (0%)	Total: 3 (18.75%)
[cartographer_node-1] [0.670645, 0.692782)	                 ###	Count: 2 (12.5%)	Total: 5 (31.25%)
[cartographer_node-1] [0.692782, 0.714919)	                   #	Count: 1 (6.25%)	Total: 6 (37.5%)
[cartographer_node-1] [0.714919, 0.737056)	               #####	Count: 4 (25%)	Total: 10 (62.5%)
[cartographer_node-1] [0.737056, 0.759194)	                 ###	Count: 2 (12.5%)	Total: 12 (75%)
[cartographer_node-1] [0.759194, 0.781331)	                ####	Count: 3 (18.75%)	Total: 15 (93.75%)
[cartographer_node-1] [0.781331, 0.803468]	                   #	Count: 1 (6.25%)	Total: 16 (100%)
[cartographer_node-1] [INFO] [1778822216.194375360] [cartographer logger]: I0515 14:16:56.000000 52152 pose_graph_2d.cc:538] Remaining work items in queue: 2
[cartographer_node-1] [INFO] [1778822216.194442903] [cartographer logger]: I0515 14:16:56.000000 52152 constraint_builder_2d.cc:294] 0 computations resulted in 0 additional constraints.
[cartographer_node-1] [INFO] [1778822216.194578495] [cartographer logger]: I0515 14:16:56.000000 52152 constraint_builder_2d.cc:296] Score histogram:
[cartographer_node-1] Count: 16  Min: 0.582097  Max: 0.803468  Mean: 0.710948
[cartographer_node-1] [0.582097, 0.604234)	                 ###	Count: 2 (12.5%)	Total: 2 (12.5%)
[cartographer_node-1] [0.604234, 0.626371)	                    	Count: 0 (0%)	Total: 2 (12.5%)
[cartographer_node-1] [0.626371, 0.648508)	                   #	Count: 1 (6.25%)	Total: 3 (18.75%)
[cartographer_node-1] [0.648508, 0.670645)	                    	Count: 0 (0%)	Total: 3 (18.75%)
[cartographer_node-1] [0.670645, 0.692782)	                 ###	Count: 2 (12.5%)	Total: 5 (31.25%)
[cartographer_node-1] [0.692782, 0.714919)	                   #	Count: 1 (6.25%)	Total: 6 (37.5%)
[cartographer_node-1] [0.714919, 0.737056)	               #####	Count: 4 (25%)	Total: 10 (62.5%)
[cartographer_node-1] [0.737056, 0.759194)	                 ###	Count: 2 (12.5%)	Total: 12 (75%)
[cartographer_node-1] [0.759194, 0.781331)	                ####	Count: 3 (18.75%)	Total: 15 (93.75%)
[cartographer_node-1] [0.781331, 0.803468]	                   #	Count: 1 (6.25%)	Total: 16 (100%)
[cartographer_node-1] [INFO] [1778822216.244481091] [cartographer logger]: I0515 14:16:56.000000 52153 pose_graph_2d.cc:538] Remaining work items in queue: 0
[cartographer_node-1] [INFO] [1778822216.244523766] [cartographer logger]: I0515 14:16:56.000000 52153 constraint_builder_2d.cc:294] 0 computations resulted in 0 additional constraints.
[cartographer_node-1] [INFO] [1778822216.244626234] [cartographer logger]: I0515 14:16:56.000000 52153 constraint_builder_2d.cc:296] Score histogram:
[cartographer_node-1] Count: 16  Min: 0.582097  Max: 0.803468  Mean: 0.710948
[cartographer_node-1] [0.582097, 0.604234)	                 ###	Count: 2 (12.5%)	Total: 2 (12.5%)
[cartographer_node-1] [0.604234, 0.626371)	                    	Count: 0 (0%)	Total: 2 (12.5%)
[cartographer_node-1] [0.626371, 0.648508)	                   #	Count: 1 (6.25%)	Total: 3 (18.75%)
[cartographer_node-1] [0.648508, 0.670645)	                    	Count: 0 (0%)	Total: 3 (18.75%)
[cartographer_node-1] [0.670645, 0.692782)	                 ###	Count: 2 (12.5%)	Total: 5 (31.25%)
[cartographer_node-1] [0.692782, 0.714919)	                   #	Count: 1 (6.25%)	Total: 6 (37.5%)
[cartographer_node-1] [0.714919, 0.737056)	               #####	Count: 4 (25%)	Total: 10 (62.5%)
[cartographer_node-1] [0.737056, 0.759194)	                 ###	Count: 2 (12.5%)	Total: 12 (75%)
[cartographer_node-1] [0.759194, 0.781331)	                ####	Count: 3 (18.75%)	Total: 15 (93.75%)
[cartographer_node-1] [0.781331, 0.803468]	                   #	Count: 1 (6.25%)	Total: 16 (100%)
[cartographer_node-1] [INFO] [1778822216.295448880] [cartographer logger]: I0515 14:16:56.000000 52152 pose_graph_2d.cc:538] Remaining work items in queue: 0
[cartographer_node-1] [INFO] [1778822216.334082559] [cartographer logger]: I0515 14:16:56.000000 52150 constraint_builder_2d.cc:279] Node (1, 342) with 215 points on submap (0, 12) matches with score 67.4%.
[cartographer_node-1] [INFO] [1778822216.334123738] [cartographer logger]: I0515 14:16:56.000000 52150 constraint_builder_2d.cc:294] 1 computations resulted in 1 additional constraints.
[cartographer_node-1] [INFO] [1778822216.334179148] [cartographer logger]: I0515 14:16:56.000000 52150 constraint_builder_2d.cc:296] Score histogram:
[cartographer_node-1] Count: 17  Min: 0.582097  Max: 0.803468  Mean: 0.708764
[cartographer_node-1] [0.582097, 0.604234)	                  ##	Count: 2 (11.7647%)	Total: 2 (11.7647%)
[cartographer_node-1] [0.604234, 0.626371)	                    	Count: 0 (0%)	Total: 2 (11.7647%)
[cartographer_node-1] [0.626371, 0.648508)	                   #	Count: 1 (5.88235%)	Total: 3 (17.6471%)
[cartographer_node-1] [0.648508, 0.670645)	                    	Count: 0 (0%)	Total: 3 (17.6471%)
[cartographer_node-1] [0.670645, 0.692782)	                ####	Count: 3 (17.6471%)	Total: 6 (35.2941%)
[cartographer_node-1] [0.692782, 0.714919)	                   #	Count: 1 (5.88235%)	Total: 7 (41.1765%)
[cartographer_node-1] [0.714919, 0.737056)	               #####	Count: 4 (23.5294%)	Total: 11 (64.7059%)
[cartographer_node-1] [0.737056, 0.759194)	                  ##	Count: 2 (11.7647%)	Total: 13 (76.4706%)
[cartographer_node-1] [0.759194, 0.781331)	                ####	Count: 3 (17.6471%)	Total: 16 (94.1176%)
[cartographer_node-1] [0.781331, 0.803468]	                   #	Count: 1 (5.88235%)	Total: 17 (100%)
[cartographer_node-1] [INFO] [1778822216.378979206] [cartographer logger]: I0515 14:16:56.000000 52150 pose_graph_2d.cc:538] Remaining work items in queue: 7
[cartographer_node-1] [INFO] [1778822216.379012976] [cartographer logger]: I0515 14:16:56.000000 52150 constraint_builder_2d.cc:294] 0 computations resulted in 0 additional constraints.
[cartographer_node-1] [INFO] [1778822216.379095393] [cartographer logger]: I0515 14:16:56.000000 52150 constraint_builder_2d.cc:296] Score histogram:
[cartographer_node-1] Count: 17  Min: 0.582097  Max: 0.803468  Mean: 0.708764
[cartographer_node-1] [0.582097, 0.604234)	                  ##	Count: 2 (11.7647%)	Total: 2 (11.7647%)
[cartographer_node-1] [0.604234, 0.626371)	                    	Count: 0 (0%)	Total: 2 (11.7647%)
[cartographer_node-1] [0.626371, 0.648508)	                   #	Count: 1 (5.88235%)	Total: 3 (17.6471%)
[cartographer_node-1] [0.648508, 0.670645)	                    	Count: 0 (0%)	Total: 3 (17.6471%)
[cartographer_node-1] [0.670645, 0.692782)	                ####	Count: 3 (17.6471%)	Total: 6 (35.2941%)
[cartographer_node-1] [0.692782, 0.714919)	                   #	Count: 1 (5.88235%)	Total: 7 (41.1765%)
[cartographer_node-1] [0.714919, 0.737056)	               #####	Count: 4 (23.5294%)	Total: 11 (64.7059%)
[cartographer_node-1] [0.737056, 0.759194)	                  ##	Count: 2 (11.7647%)	Total: 13 (76.4706%)
[cartographer_node-1] [0.759194, 0.781331)	                ####	Count: 3 (17.6471%)	Total: 16 (94.1176%)
[cartographer_node-1] [0.781331, 0.803468]	                   #	Count: 1 (5.88235%)	Total: 17 (100%)
[cartographer_node-1] [INFO] [1778822216.404066748] [cartographer logger]: I0515 14:16:56.000000 52150 pose_graph_2d.cc:538] Remaining work items in queue: 4
[cartographer_node-1] [INFO] [1778822216.404101870] [cartographer logger]: I0515 14:16:56.000000 52150 constraint_builder_2d.cc:294] 0 computations resulted in 0 additional constraints.
[cartographer_node-1] [INFO] [1778822216.404494936] [cartographer logger]: I0515 14:16:56.000000 52150 constraint_builder_2d.cc:296] Score histogram:
[cartographer_node-1] Count: 17  Min: 0.582097  Max: 0.803468  Mean: 0.708764
[cartographer_node-1] [0.582097, 0.604234)	                  ##	Count: 2 (11.7647%)	Total: 2 (11.7647%)
[cartographer_node-1] [0.604234, 0.626371)	                    	Count: 0 (0%)	Total: 2 (11.7647%)
[cartographer_node-1] [0.626371, 0.648508)	                   #	Count: 1 (5.88235%)	Total: 3 (17.6471%)
[cartographer_node-1] [0.648508, 0.670645)	                    	Count: 0 (0%)	Total: 3 (17.6471%)
[cartographer_node-1] [0.670645, 0.692782)	                ####	Count: 3 (17.6471%)	Total: 6 (35.2941%)
[cartographer_node-1] [0.692782, 0.714919)	                   #	Count: 1 (5.88235%)	Total: 7 (41.1765%)
[cartographer_node-1] [0.714919, 0.737056)	               #####	Count: 4 (23.5294%)	Total: 11 (64.7059%)
[cartographer_node-1] [0.737056, 0.759194)	                  ##	Count: 2 (11.7647%)	Total: 13 (76.4706%)
[cartographer_node-1] [0.759194, 0.781331)	                ####	Count: 3 (17.6471%)	Total: 16 (94.1176%)
[cartographer_node-1] [0.781331, 0.803468]	                   #	Count: 1 (5.88235%)	Total: 17 (100%)
[cartographer_node-1] [INFO] [1778822216.446086252] [cartographer logger]: I0515 14:16:56.000000 52152 pose_graph_2d.cc:538] Remaining work items in queue: 0
[cartographer_node-1] [INFO] [1778822216.446128517] [cartographer logger]: I0515 14:16:56.000000 52152 constraint_builder_2d.cc:294] 0 computations resulted in 0 additional constraints.
[cartographer_node-1] [INFO] [1778822216.446679303] [cartographer logger]: I0515 14:16:56.000000 52152 constraint_builder_2d.cc:296] Score histogram:
[cartographer_node-1] Count: 17  Min: 0.582097  Max: 0.803468  Mean: 0.708764
[cartographer_node-1] [0.582097, 0.604234)	                  ##	Count: 2 (11.7647%)	Total: 2 (11.7647%)
[cartographer_node-1] [0.604234, 0.626371)	                    	Count: 0 (0%)	Total: 2 (11.7647%)
[cartographer_node-1] [0.626371, 0.648508)	                   #	Count: 1 (5.88235%)	Total: 3 (17.6471%)
[cartographer_node-1] [0.648508, 0.670645)	                    	Count: 0 (0%)	Total: 3 (17.6471%)
[cartographer_node-1] [0.670645, 0.692782)	                ####	Count: 3 (17.6471%)	Total: 6 (35.2941%)
[cartographer_node-1] [0.692782, 0.714919)	                   #	Count: 1 (5.88235%)	Total: 7 (41.1765%)
[cartographer_node-1] [0.714919, 0.737056)	               #####	Count: 4 (23.5294%)	Total: 11 (64.7059%)
[cartographer_node-1] [0.737056, 0.759194)	                  ##	Count: 2 (11.7647%)	Total: 13 (76.4706%)
[cartographer_node-1] [0.759194, 0.781331)	                ####	Count: 3 (17.6471%)	Total: 16 (94.1176%)
[cartographer_node-1] [0.781331, 0.803468]	                   #	Count: 1 (5.88235%)	Total: 17 (100%)
[cartographer_node-1] [INFO] [1778822216.488555686] [cartographer logger]: I0515 14:16:56.000000 52152 pose_graph_2d.cc:538] Remaining work items in queue: 0
[cartographer_node-1] [INFO] [1778822216.488609337] [cartographer logger]: I0515 14:16:56.000000 52152 constraint_builder_2d.cc:294] 0 computations resulted in 0 additional constraints.
[cartographer_node-1] [INFO] [1778822216.488787791] [cartographer logger]: I0515 14:16:56.000000 52152 constraint_builder_2d.cc:296] Score histogram:
[cartographer_node-1] Count: 17  Min: 0.582097  Max: 0.803468  Mean: 0.708764
[cartographer_node-1] [0.582097, 0.604234)	                  ##	Count: 2 (11.7647%)	Total: 2 (11.7647%)
[cartographer_node-1] [0.604234, 0.626371)	                    	Count: 0 (0%)	Total: 2 (11.7647%)
[cartographer_node-1] [0.626371, 0.648508)	                   #	Count: 1 (5.88235%)	Total: 3 (17.6471%)
[cartographer_node-1] [0.648508, 0.670645)	                    	Count: 0 (0%)	Total: 3 (17.6471%)
[cartographer_node-1] [0.670645, 0.692782)	                ####	Count: 3 (17.6471%)	Total: 6 (35.2941%)
[cartographer_node-1] [0.692782, 0.714919)	                   #	Count: 1 (5.88235%)	Total: 7 (41.1765%)
[cartographer_node-1] [0.714919, 0.737056)	               #####	Count: 4 (23.5294%)	Total: 11 (64.7059%)
[cartographer_node-1] [0.737056, 0.759194)	                  ##	Count: 2 (11.7647%)	Total: 13 (76.4706%)
[cartographer_node-1] [0.759194, 0.781331)	                ####	Count: 3 (17.6471%)	Total: 16 (94.1176%)
[cartographer_node-1] [0.781331, 0.803468]	                   #	Count: 1 (5.88235%)	Total: 17 (100%)
[cartographer_node-1] [INFO] [1778822216.516873637] [cartographer logger]: I0515 14:16:56.000000 52152 pose_graph_2d.cc:538] Remaining work items in queue: 2
[cartographer_node-1] [INFO] [1778822216.516920985] [cartographer logger]: I0515 14:16:56.000000 52152 constraint_builder_2d.cc:294] 0 computations resulted in 0 additional constraints.
[cartographer_node-1] [INFO] [1778822216.517039001] [cartographer logger]: I0515 14:16:56.000000 52152 constraint_builder_2d.cc:296] Score histogram:
[cartographer_node-1] Count: 17  Min: 0.582097  Max: 0.803468  Mean: 0.708764
[cartographer_node-1] [0.582097, 0.604234)	                  ##	Count: 2 (11.7647%)	Total: 2 (11.7647%)
[cartographer_node-1] [0.604234, 0.626371)	                    	Count: 0 (0%)	Total: 2 (11.7647%)
[cartographer_node-1] [0.626371, 0.648508)	                   #	Count: 1 (5.88235%)	Total: 3 (17.6471%)
[cartographer_node-1] [0.648508, 0.670645)	                    	Count: 0 (0%)	Total: 3 (17.6471%)
[cartographer_node-1] [0.670645, 0.692782)	                ####	Count: 3 (17.6471%)	Total: 6 (35.2941%)
[cartographer_node-1] [0.692782, 0.714919)	                   #	Count: 1 (5.88235%)	Total: 7 (41.1765%)
[cartographer_node-1] [0.714919, 0.737056)	               #####	Count: 4 (23.5294%)	Total: 11 (64.7059%)
[cartographer_node-1] [0.737056, 0.759194)	                  ##	Count: 2 (11.7647%)	Total: 13 (76.4706%)
[cartographer_node-1] [0.759194, 0.781331)	                ####	Count: 3 (17.6471%)	Total: 16 (94.1176%)
[cartographer_node-1] [0.781331, 0.803468]	                   #	Count: 1 (5.88235%)	Total: 17 (100%)
[cartographer_node-1] [INFO] [1778822216.545972521] [cartographer logger]: I0515 14:16:56.000000 52151 pose_graph_2d.cc:538] Remaining work items in queue: 0
[cartographer_node-1] [INFO] [1778822216.546028247] [cartographer logger]: I0515 14:16:56.000000 52151 constraint_builder_2d.cc:294] 0 computations resulted in 0 additional constraints.
[cartographer_node-1] [INFO] [1778822216.546100317] [cartographer logger]: I0515 14:16:56.000000 52151 constraint_builder_2d.cc:296] Score histogram:
[cartographer_node-1] Count: 17  Min: 0.582097  Max: 0.803468  Mean: 0.708764
[cartographer_node-1] [0.582097, 0.604234)	                  ##	Count: 2 (11.7647%)	Total: 2 (11.7647%)
[cartographer_node-1] [0.604234, 0.626371)	                    	Count: 0 (0%)	Total: 2 (11.7647%)
[cartographer_node-1] [0.626371, 0.648508)	                   #	Count: 1 (5.88235%)	Total: 3 (17.6471%)
[cartographer_node-1] [0.648508, 0.670645)	                    	Count: 0 (0%)	Total: 3 (17.6471%)
[cartographer_node-1] [0.670645, 0.692782)	                ####	Count: 3 (17.6471%)	Total: 6 (35.2941%)
[cartographer_node-1] [0.692782, 0.714919)	                   #	Count: 1 (5.88235%)	Total: 7 (41.1765%)
[cartographer_node-1] [0.714919, 0.737056)	               #####	Count: 4 (23.5294%)	Total: 11 (64.7059%)
[cartographer_node-1] [0.737056, 0.759194)	                  ##	Count: 2 (11.7647%)	Total: 13 (76.4706%)
[cartographer_node-1] [0.759194, 0.781331)	                ####	Count: 3 (17.6471%)	Total: 16 (94.1176%)
[cartographer_node-1] [0.781331, 0.803468]	                   #	Count: 1 (5.88235%)	Total: 17 (100%)
[cartographer_node-1] [INFO] [1778822216.592221950] [cartographer logger]: I0515 14:16:56.000000 52152 pose_graph_2d.cc:538] Remaining work items in queue: 0
[cartographer_node-1] [INFO] [1778822216.668739509] [cartographer logger]: I0515 14:16:56.000000 52151 constraint_builder_2d.cc:294] 1 computations resulted in 0 additional constraints.
[cartographer_node-1] [INFO] [1778822216.668799785] [cartographer logger]: I0515 14:16:56.000000 52151 constraint_builder_2d.cc:296] Score histogram:
[cartographer_node-1] Count: 17  Min: 0.582097  Max: 0.803468  Mean: 0.708764
[cartographer_node-1] [0.582097, 0.604234)	                  ##	Count: 2 (11.7647%)	Total: 2 (11.7647%)
[cartographer_node-1] [0.604234, 0.626371)	                    	Count: 0 (0%)	Total: 2 (11.7647%)
[cartographer_node-1] [0.626371, 0.648508)	                   #	Count: 1 (5.88235%)	Total: 3 (17.6471%)
[cartographer_node-1] [0.648508, 0.670645)	                    	Count: 0 (0%)	Total: 3 (17.6471%)
[cartographer_node-1] [0.670645, 0.692782)	                ####	Count: 3 (17.6471%)	Total: 6 (35.2941%)
[cartographer_node-1] [0.692782, 0.714919)	                   #	Count: 1 (5.88235%)	Total: 7 (41.1765%)
[cartographer_node-1] [0.714919, 0.737056)	               #####	Count: 4 (23.5294%)	Total: 11 (64.7059%)
[cartographer_node-1] [0.737056, 0.759194)	                  ##	Count: 2 (11.7647%)	Total: 13 (76.4706%)
[cartographer_node-1] [0.759194, 0.781331)	                ####	Count: 3 (17.6471%)	Total: 16 (94.1176%)
[cartographer_node-1] [0.781331, 0.803468]	                   #	Count: 1 (5.88235%)	Total: 17 (100%)
[cartographer_node-1] [INFO] [1778822216.697003625] [cartographer logger]: I0515 14:16:56.000000 52151 pose_graph_2d.cc:538] Remaining work items in queue: 4
[cartographer_node-1] [INFO] [1778822216.697209411] [cartographer logger]: I0515 14:16:56.000000 52136 pose_graph_2d.cc:148] Inserted submap (1, 4).
[cartographer_node-1] [INFO] [1778822216.803877857] [cartographer logger]: I0515 14:16:56.000000 52152 constraint_builder_2d.cc:279] Node (0, 36) with 209 points on submap (1, 2) matches with score 74.7%.
[cartographer_node-1] [INFO] [1778822216.869795351] [cartographer logger]: I0515 14:16:56.000000 52152 constraint_builder_2d.cc:279] Node (0, 636) with 206 points on submap (1, 2) matches with score 70.6%.
[cartographer_node-1] [INFO] [1778822216.914961576] [cartographer logger]: I0515 14:16:56.000000 52153 constraint_builder_2d.cc:279] Node (0, 1236) with 203 points on submap (1, 2) matches with score 59.1%.
[cartographer_node-1] [INFO] [1778822216.978615321] [cartographer logger]: I0515 14:16:56.000000 52150 constraint_builder_2d.cc:294] 8 computations resulted in 3 additional constraints.
[cartographer_node-1] [INFO] [1778822216.978710349] [cartographer logger]: I0515 14:16:56.000000 52150 constraint_builder_2d.cc:296] Score histogram:
[cartographer_node-1] Count: 20  Min: 0.582097  Max: 0.803468  Mean: 0.704666
[cartographer_node-1] [0.582097, 0.604234)	                 ###	Count: 3 (15%)	Total: 3 (15%)
[cartographer_node-1] [0.604234, 0.626371)	                    	Count: 0 (0%)	Total: 3 (15%)
[cartographer_node-1] [0.626371, 0.648508)	                   #	Count: 1 (5%)	Total: 4 (20%)
[cartographer_node-1] [0.648508, 0.670645)	                    	Count: 0 (0%)	Total: 4 (20%)
[cartographer_node-1] [0.670645, 0.692782)	                 ###	Count: 3 (15%)	Total: 7 (35%)
[cartographer_node-1] [0.692782, 0.714919)	                  ##	Count: 2 (10%)	Total: 9 (45%)
[cartographer_node-1] [0.714919, 0.737056)	                ####	Count: 4 (20%)	Total: 13 (65%)
[cartographer_node-1] [0.737056, 0.759194)	                 ###	Count: 3 (15%)	Total: 16 (80%)
[cartographer_node-1] [0.759194, 0.781331)	                 ###	Count: 3 (15%)	Total: 19 (95%)
[cartographer_node-1] [0.781331, 0.803468]	                   #	Count: 1 (5%)	Total: 20 (100%)
[cartographer_node-1] [INFO] [1778822217.024542109] [cartographer logger]: I0515 14:16:57.000000 52150 pose_graph_2d.cc:538] Remaining work items in queue: 46
[cartographer_node-1] [INFO] [1778822217.024590399] [cartographer logger]: I0515 14:16:57.000000 52150 constraint_builder_2d.cc:294] 0 computations resulted in 0 additional constraints.
[cartographer_node-1] [INFO] [1778822217.024716351] [cartographer logger]: I0515 14:16:57.000000 52150 constraint_builder_2d.cc:296] Score histogram:
[cartographer_node-1] Count: 20  Min: 0.582097  Max: 0.803468  Mean: 0.704666
[cartographer_node-1] [0.582097, 0.604234)	                 ###	Count: 3 (15%)	Total: 3 (15%)
[cartographer_node-1] [0.604234, 0.626371)	                    	Count: 0 (0%)	Total: 3 (15%)
[cartographer_node-1] [0.626371, 0.648508)	                   #	Count: 1 (5%)	Total: 4 (20%)
[cartographer_node-1] [0.648508, 0.670645)	                    	Count: 0 (0%)	Total: 4 (20%)
[cartographer_node-1] [0.670645, 0.692782)	                 ###	Count: 3 (15%)	Total: 7 (35%)
[cartographer_node-1] [0.692782, 0.714919)	                  ##	Count: 2 (10%)	Total: 9 (45%)
[cartographer_node-1] [0.714919, 0.737056)	                ####	Count: 4 (20%)	Total: 13 (65%)
[cartographer_node-1] [0.737056, 0.759194)	                 ###	Count: 3 (15%)	Total: 16 (80%)
[cartographer_node-1] [0.759194, 0.781331)	                 ###	Count: 3 (15%)	Total: 19 (95%)
[cartographer_node-1] [0.781331, 0.803468]	                   #	Count: 1 (5%)	Total: 20 (100%)
[cartographer_node-1] [INFO] [1778822217.056255799] [cartographer logger]: I0515 14:16:57.000000 52150 pose_graph_2d.cc:538] Remaining work items in queue: 50
[cartographer_node-1] [INFO] [1778822217.056305362] [cartographer logger]: I0515 14:16:57.000000 52150 constraint_builder_2d.cc:294] 0 computations resulted in 0 additional constraints.
[cartographer_node-1] [INFO] [1778822217.056362084] [cartographer logger]: I0515 14:16:57.000000 52150 constraint_builder_2d.cc:296] Score histogram:
[cartographer_node-1] Count: 20  Min: 0.582097  Max: 0.803468  Mean: 0.704666
[cartographer_node-1] [0.582097, 0.604234)	                 ###	Count: 3 (15%)	Total: 3 (15%)
[cartographer_node-1] [0.604234, 0.626371)	                    	Count: 0 (0%)	Total: 3 (15%)
[cartographer_node-1] [0.626371, 0.648508)	                   #	Count: 1 (5%)	Total: 4 (20%)
[cartographer_node-1] [0.648508, 0.670645)	                    	Count: 0 (0%)	Total: 4 (20%)
[cartographer_node-1] [0.670645, 0.692782)	                 ###	Count: 3 (15%)	Total: 7 (35%)
[cartographer_node-1] [0.692782, 0.714919)	                  ##	Count: 2 (10%)	Total: 9 (45%)
[cartographer_node-1] [0.714919, 0.737056)	                ####	Count: 4 (20%)	Total: 13 (65%)
[cartographer_node-1] [0.737056, 0.759194)	                 ###	Count: 3 (15%)	Total: 16 (80%)
[cartographer_node-1] [0.759194, 0.781331)	                 ###	Count: 3 (15%)	Total: 19 (95%)
[cartographer_node-1] [0.781331, 0.803468]	                   #	Count: 1 (5%)	Total: 20 (100%)
[cartographer_node-1] [INFO] [1778822217.105824567] [cartographer logger]: I0515 14:16:57.000000 52150 pose_graph_2d.cc:538] Remaining work items in queue: 46
[cartographer_node-1] [INFO] [1778822217.105913427] [cartographer logger]: I0515 14:16:57.000000 52150 constraint_builder_2d.cc:294] 0 computations resulted in 0 additional constraints.
[cartographer_node-1] [INFO] [1778822217.106091055] [cartographer logger]: I0515 14:16:57.000000 52150 constraint_builder_2d.cc:296] Score histogram:
[cartographer_node-1] Count: 20  Min: 0.582097  Max: 0.803468  Mean: 0.704666
[cartographer_node-1] [0.582097, 0.604234)	                 ###	Count: 3 (15%)	Total: 3 (15%)
[cartographer_node-1] [0.604234, 0.626371)	                    	Count: 0 (0%)	Total: 3 (15%)
[cartographer_node-1] [0.626371, 0.648508)	                   #	Count: 1 (5%)	Total: 4 (20%)
[cartographer_node-1] [0.648508, 0.670645)	                    	Count: 0 (0%)	Total: 4 (20%)
[cartographer_node-1] [0.670645, 0.692782)	                 ###	Count: 3 (15%)	Total: 7 (35%)
[cartographer_node-1] [0.692782, 0.714919)	                  ##	Count: 2 (10%)	Total: 9 (45%)
[cartographer_node-1] [0.714919, 0.737056)	                ####	Count: 4 (20%)	Total: 13 (65%)
[cartographer_node-1] [0.737056, 0.759194)	                 ###	Count: 3 (15%)	Total: 16 (80%)
[cartographer_node-1] [0.759194, 0.781331)	                 ###	Count: 3 (15%)	Total: 19 (95%)
[cartographer_node-1] [0.781331, 0.803468]	                   #	Count: 1 (5%)	Total: 20 (100%)
[cartographer_node-1] [INFO] [1778822217.131549705] [cartographer logger]: I0515 14:16:57.000000 52150 pose_graph_2d.cc:538] Remaining work items in queue: 43
[cartographer_node-1] [INFO] [1778822217.131596702] [cartographer logger]: I0515 14:16:57.000000 52150 constraint_builder_2d.cc:294] 0 computations resulted in 0 additional constraints.
[cartographer_node-1] [INFO] [1778822217.132074962] [cartographer logger]: I0515 14:16:57.000000 52150 constraint_builder_2d.cc:296] Score histogram:
[cartographer_node-1] Count: 20  Min: 0.582097  Max: 0.803468  Mean: 0.704666
[cartographer_node-1] [0.582097, 0.604234)	                 ###	Count: 3 (15%)	Total: 3 (15%)
[cartographer_node-1] [0.604234, 0.626371)	                    	Count: 0 (0%)	Total: 3 (15%)
[cartographer_node-1] [0.626371, 0.648508)	                   #	Count: 1 (5%)	Total: 4 (20%)
[cartographer_node-1] [0.648508, 0.670645)	                    	Count: 0 (0%)	Total: 4 (20%)
[cartographer_node-1] [0.670645, 0.692782)	                 ###	Count: 3 (15%)	Total: 7 (35%)
[cartographer_node-1] [0.692782, 0.714919)	                  ##	Count: 2 (10%)	Total: 9 (45%)
[cartographer_node-1] [0.714919, 0.737056)	                ####	Count: 4 (20%)	Total: 13 (65%)
[cartographer_node-1] [0.737056, 0.759194)	                 ###	Count: 3 (15%)	Total: 16 (80%)
[cartographer_node-1] [0.759194, 0.781331)	                 ###	Count: 3 (15%)	Total: 19 (95%)
[cartographer_node-1] [0.781331, 0.803468]	                   #	Count: 1 (5%)	Total: 20 (100%)
[cartographer_node-1] [INFO] [1778822217.159523768] [cartographer logger]: I0515 14:16:57.000000 52150 pose_graph_2d.cc:538] Remaining work items in queue: 39
[cartographer_node-1] [INFO] [1778822217.159566077] [cartographer logger]: I0515 14:16:57.000000 52150 constraint_builder_2d.cc:294] 0 computations resulted in 0 additional constraints.
[cartographer_node-1] [INFO] [1778822217.159668472] [cartographer logger]: I0515 14:16:57.000000 52150 constraint_builder_2d.cc:296] Score histogram:
[cartographer_node-1] Count: 20  Min: 0.582097  Max: 0.803468  Mean: 0.704666
[cartographer_node-1] [0.582097, 0.604234)	                 ###	Count: 3 (15%)	Total: 3 (15%)
[cartographer_node-1] [0.604234, 0.626371)	                    	Count: 0 (0%)	Total: 3 (15%)
[cartographer_node-1] [0.626371, 0.648508)	                   #	Count: 1 (5%)	Total: 4 (20%)
[cartographer_node-1] [0.648508, 0.670645)	                    	Count: 0 (0%)	Total: 4 (20%)
[cartographer_node-1] [0.670645, 0.692782)	                 ###	Count: 3 (15%)	Total: 7 (35%)
[cartographer_node-1] [0.692782, 0.714919)	                  ##	Count: 2 (10%)	Total: 9 (45%)
[cartographer_node-1] [0.714919, 0.737056)	                ####	Count: 4 (20%)	Total: 13 (65%)
[cartographer_node-1] [0.737056, 0.759194)	                 ###	Count: 3 (15%)	Total: 16 (80%)
[cartographer_node-1] [0.759194, 0.781331)	                 ###	Count: 3 (15%)	Total: 19 (95%)
[cartographer_node-1] [0.781331, 0.803468]	                   #	Count: 1 (5%)	Total: 20 (100%)
[cartographer_node-1] [INFO] [1778822217.185745401] [cartographer logger]: I0515 14:16:57.000000 52150 pose_graph_2d.cc:538] Remaining work items in queue: 33
[cartographer_node-1] [INFO] [1778822217.260200605] [cartographer logger]: I0515 14:16:57.000000 52151 constraint_builder_2d.cc:294] 1 computations resulted in 0 additional constraints.
[cartographer_node-1] [INFO] [1778822217.260260603] [cartographer logger]: I0515 14:16:57.000000 52151 constraint_builder_2d.cc:296] Score histogram:
[cartographer_node-1] Count: 20  Min: 0.582097  Max: 0.803468  Mean: 0.704666
[cartographer_node-1] [0.582097, 0.604234)	                 ###	Count: 3 (15%)	Total: 3 (15%)
[cartographer_node-1] [0.604234, 0.626371)	                    	Count: 0 (0%)	Total: 3 (15%)
[cartographer_node-1] [0.626371, 0.648508)	                   #	Count: 1 (5%)	Total: 4 (20%)
[cartographer_node-1] [0.648508, 0.670645)	                    	Count: 0 (0%)	Total: 4 (20%)
[cartographer_node-1] [0.670645, 0.692782)	                 ###	Count: 3 (15%)	Total: 7 (35%)
[cartographer_node-1] [0.692782, 0.714919)	                  ##	Count: 2 (10%)	Total: 9 (45%)
[cartographer_node-1] [0.714919, 0.737056)	                ####	Count: 4 (20%)	Total: 13 (65%)
[cartographer_node-1] [0.737056, 0.759194)	                 ###	Count: 3 (15%)	Total: 16 (80%)
[cartographer_node-1] [0.759194, 0.781331)	                 ###	Count: 3 (15%)	Total: 19 (95%)
[cartographer_node-1] [0.781331, 0.803468]	                   #	Count: 1 (5%)	Total: 20 (100%)
[cartographer_node-1] [INFO] [1778822217.280593320] [cartographer logger]: I0515 14:16:57.000000 52151 pose_graph_2d.cc:538] Remaining work items in queue: 40
[cartographer_node-1] [INFO] [1778822217.280634416] [cartographer logger]: I0515 14:16:57.000000 52151 constraint_builder_2d.cc:294] 0 computations resulted in 0 additional constraints.
[cartographer_node-1] [INFO] [1778822217.280792077] [cartographer logger]: I0515 14:16:57.000000 52151 constraint_builder_2d.cc:296] Score histogram:
[cartographer_node-1] Count: 20  Min: 0.582097  Max: 0.803468  Mean: 0.704666
[cartographer_node-1] [0.582097, 0.604234)	                 ###	Count: 3 (15%)	Total: 3 (15%)
[cartographer_node-1] [0.604234, 0.626371)	                    	Count: 0 (0%)	Total: 3 (15%)
[cartographer_node-1] [0.626371, 0.648508)	                   #	Count: 1 (5%)	Total: 4 (20%)
[cartographer_node-1] [0.648508, 0.670645)	                    	Count: 0 (0%)	Total: 4 (20%)
[cartographer_node-1] [0.670645, 0.692782)	                 ###	Count: 3 (15%)	Total: 7 (35%)
[cartographer_node-1] [0.692782, 0.714919)	                  ##	Count: 2 (10%)	Total: 9 (45%)
[cartographer_node-1] [0.714919, 0.737056)	                ####	Count: 4 (20%)	Total: 13 (65%)
[cartographer_node-1] [0.737056, 0.759194)	                 ###	Count: 3 (15%)	Total: 16 (80%)
[cartographer_node-1] [0.759194, 0.781331)	                 ###	Count: 3 (15%)	Total: 19 (95%)
[cartographer_node-1] [0.781331, 0.803468]	                   #	Count: 1 (5%)	Total: 20 (100%)
[cartographer_node-1] [INFO] [1778822217.302564727] [cartographer logger]: I0515 14:16:57.000000 52151 pose_graph_2d.cc:538] Remaining work items in queue: 33
[cartographer_node-1] [INFO] [1778822217.302626273] [cartographer logger]: I0515 14:16:57.000000 52151 constraint_builder_2d.cc:294] 0 computations resulted in 0 additional constraints.
[cartographer_node-1] [INFO] [1778822217.302786624] [cartographer logger]: I0515 14:16:57.000000 52151 constraint_builder_2d.cc:296] Score histogram:
[cartographer_node-1] Count: 20  Min: 0.582097  Max: 0.803468  Mean: 0.704666
[cartographer_node-1] [0.582097, 0.604234)	                 ###	Count: 3 (15%)	Total: 3 (15%)
[cartographer_node-1] [0.604234, 0.626371)	                    	Count: 0 (0%)	Total: 3 (15%)
[cartographer_node-1] [0.626371, 0.648508)	                   #	Count: 1 (5%)	Total: 4 (20%)
[cartographer_node-1] [0.648508, 0.670645)	                    	Count: 0 (0%)	Total: 4 (20%)
[cartographer_node-1] [0.670645, 0.692782)	                 ###	Count: 3 (15%)	Total: 7 (35%)
[cartographer_node-1] [0.692782, 0.714919)	                  ##	Count: 2 (10%)	Total: 9 (45%)
[cartographer_node-1] [0.714919, 0.737056)	                ####	Count: 4 (20%)	Total: 13 (65%)
[cartographer_node-1] [0.737056, 0.759194)	                 ###	Count: 3 (15%)	Total: 16 (80%)
[cartographer_node-1] [0.759194, 0.781331)	                 ###	Count: 3 (15%)	Total: 19 (95%)
[cartographer_node-1] [0.781331, 0.803468]	                   #	Count: 1 (5%)	Total: 20 (100%)
[cartographer_node-1] [INFO] [1778822217.326758011] [cartographer logger]: I0515 14:16:57.000000 52151 pose_graph_2d.cc:538] Remaining work items in queue: 26
[cartographer_node-1] [INFO] [1778822217.326801404] [cartographer logger]: I0515 14:16:57.000000 52151 constraint_builder_2d.cc:294] 0 computations resulted in 0 additional constraints.
[cartographer_node-1] [INFO] [1778822217.327153613] [cartographer logger]: I0515 14:16:57.000000 52151 constraint_builder_2d.cc:296] Score histogram:
[cartographer_node-1] Count: 20  Min: 0.582097  Max: 0.803468  Mean: 0.704666
[cartographer_node-1] [0.582097, 0.604234)	                 ###	Count: 3 (15%)	Total: 3 (15%)
[cartographer_node-1] [0.604234, 0.626371)	                    	Count: 0 (0%)	Total: 3 (15%)
[cartographer_node-1] [0.626371, 0.648508)	                   #	Count: 1 (5%)	Total: 4 (20%)
[cartographer_node-1] [0.648508, 0.670645)	                    	Count: 0 (0%)	Total: 4 (20%)
[cartographer_node-1] [0.670645, 0.692782)	                 ###	Count: 3 (15%)	Total: 7 (35%)
[cartographer_node-1] [0.692782, 0.714919)	                  ##	Count: 2 (10%)	Total: 9 (45%)
[cartographer_node-1] [0.714919, 0.737056)	                ####	Count: 4 (20%)	Total: 13 (65%)
[cartographer_node-1] [0.737056, 0.759194)	                 ###	Count: 3 (15%)	Total: 16 (80%)
[cartographer_node-1] [0.759194, 0.781331)	                 ###	Count: 3 (15%)	Total: 19 (95%)
[cartographer_node-1] [0.781331, 0.803468]	                   #	Count: 1 (5%)	Total: 20 (100%)
[cartographer_node-1] [INFO] [1778822217.351059146] [cartographer logger]: I0515 14:16:57.000000 52151 pose_graph_2d.cc:538] Remaining work items in queue: 22
[cartographer_node-1] [INFO] [1778822217.351103773] [cartographer logger]: I0515 14:16:57.000000 52151 constraint_builder_2d.cc:294] 0 computations resulted in 0 additional constraints.
[cartographer_node-1] [INFO] [1778822217.351558655] [cartographer logger]: I0515 14:16:57.000000 52151 constraint_builder_2d.cc:296] Score histogram:
[cartographer_node-1] Count: 20  Min: 0.582097  Max: 0.803468  Mean: 0.704666
[cartographer_node-1] [0.582097, 0.604234)	                 ###	Count: 3 (15%)	Total: 3 (15%)
[cartographer_node-1] [0.604234, 0.626371)	                    	Count: 0 (0%)	Total: 3 (15%)
[cartographer_node-1] [0.626371, 0.648508)	                   #	Count: 1 (5%)	Total: 4 (20%)
[cartographer_node-1] [0.648508, 0.670645)	                    	Count: 0 (0%)	Total: 4 (20%)
[cartographer_node-1] [0.670645, 0.692782)	                 ###	Count: 3 (15%)	Total: 7 (35%)
[cartographer_node-1] [0.692782, 0.714919)	                  ##	Count: 2 (10%)	Total: 9 (45%)
[cartographer_node-1] [0.714919, 0.737056)	                ####	Count: 4 (20%)	Total: 13 (65%)
[cartographer_node-1] [0.737056, 0.759194)	                 ###	Count: 3 (15%)	Total: 16 (80%)
[cartographer_node-1] [0.759194, 0.781331)	                 ###	Count: 3 (15%)	Total: 19 (95%)
[cartographer_node-1] [0.781331, 0.803468]	                   #	Count: 1 (5%)	Total: 20 (100%)
[cartographer_node-1] [INFO] [1778822217.375719394] [cartographer logger]: I0515 14:16:57.000000 52151 pose_graph_2d.cc:538] Remaining work items in queue: 17
[cartographer_node-1] [INFO] [1778822217.375781854] [cartographer logger]: I0515 14:16:57.000000 52151 constraint_builder_2d.cc:294] 0 computations resulted in 0 additional constraints.
[cartographer_node-1] [INFO] [1778822217.376169966] [cartographer logger]: I0515 14:16:57.000000 52151 constraint_builder_2d.cc:296] Score histogram:
[cartographer_node-1] Count: 20  Min: 0.582097  Max: 0.803468  Mean: 0.704666
[cartographer_node-1] [0.582097, 0.604234)	                 ###	Count: 3 (15%)	Total: 3 (15%)
[cartographer_node-1] [0.604234, 0.626371)	                    	Count: 0 (0%)	Total: 3 (15%)
[cartographer_node-1] [0.626371, 0.648508)	                   #	Count: 1 (5%)	Total: 4 (20%)
[cartographer_node-1] [0.648508, 0.670645)	                    	Count: 0 (0%)	Total: 4 (20%)
[cartographer_node-1] [0.670645, 0.692782)	                 ###	Count: 3 (15%)	Total: 7 (35%)
[cartographer_node-1] [0.692782, 0.714919)	                  ##	Count: 2 (10%)	Total: 9 (45%)
[cartographer_node-1] [0.714919, 0.737056)	                ####	Count: 4 (20%)	Total: 13 (65%)
[cartographer_node-1] [0.737056, 0.759194)	                 ###	Count: 3 (15%)	Total: 16 (80%)
[cartographer_node-1] [0.759194, 0.781331)	                 ###	Count: 3 (15%)	Total: 19 (95%)
[cartographer_node-1] [0.781331, 0.803468]	                   #	Count: 1 (5%)	Total: 20 (100%)
[cartographer_node-1] [INFO] [1778822217.402729682] [cartographer logger]: I0515 14:16:57.000000 52151 pose_graph_2d.cc:538] Remaining work items in queue: 17
[cartographer_node-1] [INFO] [1778822217.402779694] [cartographer logger]: I0515 14:16:57.000000 52151 constraint_builder_2d.cc:294] 0 computations resulted in 0 additional constraints.
[cartographer_node-1] [INFO] [1778822217.403223148] [cartographer logger]: I0515 14:16:57.000000 52151 constraint_builder_2d.cc:296] Score histogram:
[cartographer_node-1] Count: 20  Min: 0.582097  Max: 0.803468  Mean: 0.704666
[cartographer_node-1] [0.582097, 0.604234)	                 ###	Count: 3 (15%)	Total: 3 (15%)
[cartographer_node-1] [0.604234, 0.626371)	                    	Count: 0 (0%)	Total: 3 (15%)
[cartographer_node-1] [0.626371, 0.648508)	                   #	Count: 1 (5%)	Total: 4 (20%)
[cartographer_node-1] [0.648508, 0.670645)	                    	Count: 0 (0%)	Total: 4 (20%)
[cartographer_node-1] [0.670645, 0.692782)	                 ###	Count: 3 (15%)	Total: 7 (35%)
[cartographer_node-1] [0.692782, 0.714919)	                  ##	Count: 2 (10%)	Total: 9 (45%)
[cartographer_node-1] [0.714919, 0.737056)	                ####	Count: 4 (20%)	Total: 13 (65%)
[cartographer_node-1] [0.737056, 0.759194)	                 ###	Count: 3 (15%)	Total: 16 (80%)
[cartographer_node-1] [0.759194, 0.781331)	                 ###	Count: 3 (15%)	Total: 19 (95%)
[cartographer_node-1] [0.781331, 0.803468]	                   #	Count: 1 (5%)	Total: 20 (100%)
[cartographer_node-1] [INFO] [1778822217.431340845] [cartographer logger]: I0515 14:16:57.000000 52151 pose_graph_2d.cc:538] Remaining work items in queue: 4
[cartographer_node-1] [INFO] [1778822217.470906127] [cartographer logger]: I0515 14:16:57.000000 52153 constraint_builder_2d.cc:279] Node (1, 385) with 171 points on submap (0, 10) matches with score 67.4%.
[cartographer_node-1] [INFO] [1778822217.470938883] [cartographer logger]: I0515 14:16:57.000000 52153 constraint_builder_2d.cc:294] 1 computations resulted in 1 additional constraints.
[cartographer_node-1] [INFO] [1778822217.470965681] [cartographer logger]: I0515 14:16:57.000000 52153 constraint_builder_2d.cc:296] Score histogram:
[cartographer_node-1] Count: 21  Min: 0.582097  Max: 0.803468  Mean: 0.703218
[cartographer_node-1] [0.582097, 0.604234)	                 ###	Count: 3 (14.2857%)	Total: 3 (14.2857%)
[cartographer_node-1] [0.604234, 0.626371)	                    	Count: 0 (0%)	Total: 3 (14.2857%)
[cartographer_node-1] [0.626371, 0.648508)	                   #	Count: 1 (4.7619%)	Total: 4 (19.0476%)
[cartographer_node-1] [0.648508, 0.670645)	                    	Count: 0 (0%)	Total: 4 (19.0476%)
[cartographer_node-1] [0.670645, 0.692782)	                ####	Count: 4 (19.0476%)	Total: 8 (38.0952%)
[cartographer_node-1] [0.692782, 0.714919)	                  ##	Count: 2 (9.52381%)	Total: 10 (47.619%)
[cartographer_node-1] [0.714919, 0.737056)	                ####	Count: 4 (19.0476%)	Total: 14 (66.6667%)
[cartographer_node-1] [0.737056, 0.759194)	                 ###	Count: 3 (14.2857%)	Total: 17 (80.9524%)
[cartographer_node-1] [0.759194, 0.781331)	                 ###	Count: 3 (14.2857%)	Total: 20 (95.2381%)
[cartographer_node-1] [0.781331, 0.803468]	                   #	Count: 1 (4.7619%)	Total: 21 (100%)
[cartographer_node-1] [INFO] [1778822217.520910290] [cartographer logger]: I0515 14:16:57.000000 52153 pose_graph_2d.cc:538] Remaining work items in queue: 11
[cartographer_node-1] [INFO] [1778822217.520962201] [cartographer logger]: I0515 14:16:57.000000 52153 constraint_builder_2d.cc:294] 0 computations resulted in 0 additional constraints.
[cartographer_node-1] [INFO] [1778822217.521097790] [cartographer logger]: I0515 14:16:57.000000 52153 constraint_builder_2d.cc:296] Score histogram:
[cartographer_node-1] Count: 21  Min: 0.582097  Max: 0.803468  Mean: 0.703218
[cartographer_node-1] [0.582097, 0.604234)	                 ###	Count: 3 (14.2857%)	Total: 3 (14.2857%)
[cartographer_node-1] [0.604234, 0.626371)	                    	Count: 0 (0%)	Total: 3 (14.2857%)
[cartographer_node-1] [0.626371, 0.648508)	                   #	Count: 1 (4.7619%)	Total: 4 (19.0476%)
[cartographer_node-1] [0.648508, 0.670645)	                    	Count: 0 (0%)	Total: 4 (19.0476%)
[cartographer_node-1] [0.670645, 0.692782)	                ####	Count: 4 (19.0476%)	Total: 8 (38.0952%)
[cartographer_node-1] [0.692782, 0.714919)	                  ##	Count: 2 (9.52381%)	Total: 10 (47.619%)
[cartographer_node-1] [0.714919, 0.737056)	                ####	Count: 4 (19.0476%)	Total: 14 (66.6667%)
[cartographer_node-1] [0.737056, 0.759194)	                 ###	Count: 3 (14.2857%)	Total: 17 (80.9524%)
[cartographer_node-1] [0.759194, 0.781331)	                 ###	Count: 3 (14.2857%)	Total: 20 (95.2381%)
[cartographer_node-1] [0.781331, 0.803468]	                   #	Count: 1 (4.7619%)	Total: 21 (100%)
[cartographer_node-1] [INFO] [1778822217.546176240] [cartographer logger]: I0515 14:16:57.000000 52153 pose_graph_2d.cc:538] Remaining work items in queue: 8
[cartographer_node-1] [INFO] [1778822217.546235791] [cartographer logger]: I0515 14:16:57.000000 52153 constraint_builder_2d.cc:294] 0 computations resulted in 0 additional constraints.
[cartographer_node-1] [INFO] [1778822217.546635842] [cartographer logger]: I0515 14:16:57.000000 52153 constraint_builder_2d.cc:296] Score histogram:
[cartographer_node-1] Count: 21  Min: 0.582097  Max: 0.803468  Mean: 0.703218
[cartographer_node-1] [0.582097, 0.604234)	                 ###	Count: 3 (14.2857%)	Total: 3 (14.2857%)
[cartographer_node-1] [0.604234, 0.626371)	                    	Count: 0 (0%)	Total: 3 (14.2857%)
[cartographer_node-1] [0.626371, 0.648508)	                   #	Count: 1 (4.7619%)	Total: 4 (19.0476%)
[cartographer_node-1] [0.648508, 0.670645)	                    	Count: 0 (0%)	Total: 4 (19.0476%)
[cartographer_node-1] [0.670645, 0.692782)	                ####	Count: 4 (19.0476%)	Total: 8 (38.0952%)
[cartographer_node-1] [0.692782, 0.714919)	                  ##	Count: 2 (9.52381%)	Total: 10 (47.619%)
[cartographer_node-1] [0.714919, 0.737056)	                ####	Count: 4 (19.0476%)	Total: 14 (66.6667%)
[cartographer_node-1] [0.737056, 0.759194)	                 ###	Count: 3 (14.2857%)	Total: 17 (80.9524%)
[cartographer_node-1] [0.759194, 0.781331)	                 ###	Count: 3 (14.2857%)	Total: 20 (95.2381%)
[cartographer_node-1] [0.781331, 0.803468]	                   #	Count: 1 (4.7619%)	Total: 21 (100%)
[cartographer_node-1] [INFO] [1778822217.571830735] [cartographer logger]: I0515 14:16:57.000000 52153 pose_graph_2d.cc:538] Remaining work items in queue: 3
[cartographer_node-1] [INFO] [1778822217.571884995] [cartographer logger]: I0515 14:16:57.000000 52153 constraint_builder_2d.cc:294] 0 computations resulted in 0 additional constraints.
[cartographer_node-1] [INFO] [1778822217.572270471] [cartographer logger]: I0515 14:16:57.000000 52153 constraint_builder_2d.cc:296] Score histogram:
[cartographer_node-1] Count: 21  Min: 0.582097  Max: 0.803468  Mean: 0.703218
[cartographer_node-1] [0.582097, 0.604234)	                 ###	Count: 3 (14.2857%)	Total: 3 (14.2857%)
[cartographer_node-1] [0.604234, 0.626371)	                    	Count: 0 (0%)	Total: 3 (14.2857%)
[cartographer_node-1] [0.626371, 0.648508)	                   #	Count: 1 (4.7619%)	Total: 4 (19.0476%)
[cartographer_node-1] [0.648508, 0.670645)	                    	Count: 0 (0%)	Total: 4 (19.0476%)
[cartographer_node-1] [0.670645, 0.692782)	                ####	Count: 4 (19.0476%)	Total: 8 (38.0952%)
[cartographer_node-1] [0.692782, 0.714919)	                  ##	Count: 2 (9.52381%)	Total: 10 (47.619%)
[cartographer_node-1] [0.714919, 0.737056)	                ####	Count: 4 (19.0476%)	Total: 14 (66.6667%)
[cartographer_node-1] [0.737056, 0.759194)	                 ###	Count: 3 (14.2857%)	Total: 17 (80.9524%)
[cartographer_node-1] [0.759194, 0.781331)	                 ###	Count: 3 (14.2857%)	Total: 20 (95.2381%)
[cartographer_node-1] [0.781331, 0.803468]	                   #	Count: 1 (4.7619%)	Total: 21 (100%)
[cartographer_node-1] [INFO] [1778822217.628579590] [cartographer logger]: I0515 14:16:57.000000 52152 pose_graph_2d.cc:538] Remaining work items in queue: 0
[cartographer_node-1] [INFO] [1778822217.628619521] [cartographer logger]: I0515 14:16:57.000000 52152 constraint_builder_2d.cc:294] 0 computations resulted in 0 additional constraints.
[cartographer_node-1] [INFO] [1778822217.628669621] [cartographer logger]: I0515 14:16:57.000000 52152 constraint_builder_2d.cc:296] Score histogram:
[cartographer_node-1] Count: 21  Min: 0.582097  Max: 0.803468  Mean: 0.703218
[cartographer_node-1] [0.582097, 0.604234)	                 ###	Count: 3 (14.2857%)	Total: 3 (14.2857%)
[cartographer_node-1] [0.604234, 0.626371)	                    	Count: 0 (0%)	Total: 3 (14.2857%)
[cartographer_node-1] [0.626371, 0.648508)	                   #	Count: 1 (4.7619%)	Total: 4 (19.0476%)
[cartographer_node-1] [0.648508, 0.670645)	                    	Count: 0 (0%)	Total: 4 (19.0476%)
[cartographer_node-1] [0.670645, 0.692782)	                ####	Count: 4 (19.0476%)	Total: 8 (38.0952%)
[cartographer_node-1] [0.692782, 0.714919)	                  ##	Count: 2 (9.52381%)	Total: 10 (47.619%)
[cartographer_node-1] [0.714919, 0.737056)	                ####	Count: 4 (19.0476%)	Total: 14 (66.6667%)
[cartographer_node-1] [0.737056, 0.759194)	                 ###	Count: 3 (14.2857%)	Total: 17 (80.9524%)
[cartographer_node-1] [0.759194, 0.781331)	                 ###	Count: 3 (14.2857%)	Total: 20 (95.2381%)
[cartographer_node-1] [0.781331, 0.803468]	                   #	Count: 1 (4.7619%)	Total: 21 (100%)
[cartographer_node-1] [INFO] [1778822217.673363938] [cartographer logger]: I0515 14:16:57.000000 52151 pose_graph_2d.cc:538] Remaining work items in queue: 0
[cartographer_node-1] [INFO] [1778822217.673395911] [cartographer logger]: I0515 14:16:57.000000 52151 constraint_builder_2d.cc:294] 0 computations resulted in 0 additional constraints.
[cartographer_node-1] [INFO] [1778822217.673477938] [cartographer logger]: I0515 14:16:57.000000 52151 constraint_builder_2d.cc:296] Score histogram:
[cartographer_node-1] Count: 21  Min: 0.582097  Max: 0.803468  Mean: 0.703218
[cartographer_node-1] [0.582097, 0.604234)	                 ###	Count: 3 (14.2857%)	Total: 3 (14.2857%)
[cartographer_node-1] [0.604234, 0.626371)	                    	Count: 0 (0%)	Total: 3 (14.2857%)
[cartographer_node-1] [0.626371, 0.648508)	                   #	Count: 1 (4.7619%)	Total: 4 (19.0476%)
[cartographer_node-1] [0.648508, 0.670645)	                    	Count: 0 (0%)	Total: 4 (19.0476%)
[cartographer_node-1] [0.670645, 0.692782)	                ####	Count: 4 (19.0476%)	Total: 8 (38.0952%)
[cartographer_node-1] [0.692782, 0.714919)	                  ##	Count: 2 (9.52381%)	Total: 10 (47.619%)
[cartographer_node-1] [0.714919, 0.737056)	                ####	Count: 4 (19.0476%)	Total: 14 (66.6667%)
[cartographer_node-1] [0.737056, 0.759194)	                 ###	Count: 3 (14.2857%)	Total: 17 (80.9524%)
[cartographer_node-1] [0.759194, 0.781331)	                 ###	Count: 3 (14.2857%)	Total: 20 (95.2381%)
[cartographer_node-1] [0.781331, 0.803468]	                   #	Count: 1 (4.7619%)	Total: 21 (100%)
[cartographer_node-1] [INFO] [1778822217.727405474] [cartographer logger]: I0515 14:16:57.000000 52152 pose_graph_2d.cc:538] Remaining work items in queue: 0
[cartographer_node-1] [INFO] [1778822217.727457400] [cartographer logger]: I0515 14:16:57.000000 52152 constraint_builder_2d.cc:294] 0 computations resulted in 0 additional constraints.
[cartographer_node-1] [INFO] [1778822217.727939611] [cartographer logger]: I0515 14:16:57.000000 52152 constraint_builder_2d.cc:296] Score histogram:
[cartographer_node-1] Count: 21  Min: 0.582097  Max: 0.803468  Mean: 0.703218
[cartographer_node-1] [0.582097, 0.604234)	                 ###	Count: 3 (14.2857%)	Total: 3 (14.2857%)
[cartographer_node-1] [0.604234, 0.626371)	                    	Count: 0 (0%)	Total: 3 (14.2857%)
[cartographer_node-1] [0.626371, 0.648508)	                   #	Count: 1 (4.7619%)	Total: 4 (19.0476%)
[cartographer_node-1] [0.648508, 0.670645)	                    	Count: 0 (0%)	Total: 4 (19.0476%)
[cartographer_node-1] [0.670645, 0.692782)	                ####	Count: 4 (19.0476%)	Total: 8 (38.0952%)
[cartographer_node-1] [0.692782, 0.714919)	                  ##	Count: 2 (9.52381%)	Total: 10 (47.619%)
[cartographer_node-1] [0.714919, 0.737056)	                ####	Count: 4 (19.0476%)	Total: 14 (66.6667%)
[cartographer_node-1] [0.737056, 0.759194)	                 ###	Count: 3 (14.2857%)	Total: 17 (80.9524%)
[cartographer_node-1] [0.759194, 0.781331)	                 ###	Count: 3 (14.2857%)	Total: 20 (95.2381%)
[cartographer_node-1] [0.781331, 0.803468]	                   #	Count: 1 (4.7619%)	Total: 21 (100%)
[cartographer_node-1] [INFO] [1778822217.753675321] [cartographer logger]: I0515 14:16:57.000000 52152 pose_graph_2d.cc:538] Remaining work items in queue: 0
[cartographer_node-1] [INFO] [1778822217.753714610] [cartographer logger]: I0515 14:16:57.000000 52152 constraint_builder_2d.cc:294] 0 computations resulted in 0 additional constraints.
[cartographer_node-1] [INFO] [1778822217.754071765] [cartographer logger]: I0515 14:16:57.000000 52152 constraint_builder_2d.cc:296] Score histogram:
[cartographer_node-1] Count: 21  Min: 0.582097  Max: 0.803468  Mean: 0.703218
[cartographer_node-1] [0.582097, 0.604234)	                 ###	Count: 3 (14.2857%)	Total: 3 (14.2857%)
[cartographer_node-1] [0.604234, 0.626371)	                    	Count: 0 (0%)	Total: 3 (14.2857%)
[cartographer_node-1] [0.626371, 0.648508)	                   #	Count: 1 (4.7619%)	Total: 4 (19.0476%)
[cartographer_node-1] [0.648508, 0.670645)	                    	Count: 0 (0%)	Total: 4 (19.0476%)
[cartographer_node-1] [0.670645, 0.692782)	                ####	Count: 4 (19.0476%)	Total: 8 (38.0952%)
[cartographer_node-1] [0.692782, 0.714919)	                  ##	Count: 2 (9.52381%)	Total: 10 (47.619%)
[cartographer_node-1] [0.714919, 0.737056)	                ####	Count: 4 (19.0476%)	Total: 14 (66.6667%)
[cartographer_node-1] [0.737056, 0.759194)	                 ###	Count: 3 (14.2857%)	Total: 17 (80.9524%)
[cartographer_node-1] [0.759194, 0.781331)	                 ###	Count: 3 (14.2857%)	Total: 20 (95.2381%)
[cartographer_node-1] [0.781331, 0.803468]	                   #	Count: 1 (4.7619%)	Total: 21 (100%)
[cartographer_node-1] [INFO] [1778822217.780739518] [cartographer logger]: I0515 14:16:57.000000 52152 pose_graph_2d.cc:538] Remaining work items in queue: 1
[cartographer_node-1] [INFO] [1778822217.832569547] [cartographer logger]: I0515 14:16:57.000000 52153 constraint_builder_2d.cc:294] 1 computations resulted in 0 additional constraints.
[cartographer_node-1] [INFO] [1778822217.832641732] [cartographer logger]: I0515 14:16:57.000000 52153 constraint_builder_2d.cc:296] Score histogram:
[cartographer_node-1] Count: 21  Min: 0.582097  Max: 0.803468  Mean: 0.703218
[cartographer_node-1] [0.582097, 0.604234)	                 ###	Count: 3 (14.2857%)	Total: 3 (14.2857%)
[cartographer_node-1] [0.604234, 0.626371)	                    	Count: 0 (0%)	Total: 3 (14.2857%)
[cartographer_node-1] [0.626371, 0.648508)	                   #	Count: 1 (4.7619%)	Total: 4 (19.0476%)
[cartographer_node-1] [0.648508, 0.670645)	                    	Count: 0 (0%)	Total: 4 (19.0476%)
[cartographer_node-1] [0.670645, 0.692782)	                ####	Count: 4 (19.0476%)	Total: 8 (38.0952%)
[cartographer_node-1] [0.692782, 0.714919)	                  ##	Count: 2 (9.52381%)	Total: 10 (47.619%)
[cartographer_node-1] [0.714919, 0.737056)	                ####	Count: 4 (19.0476%)	Total: 14 (66.6667%)
[cartographer_node-1] [0.737056, 0.759194)	                 ###	Count: 3 (14.2857%)	Total: 17 (80.9524%)
[cartographer_node-1] [0.759194, 0.781331)	                 ###	Count: 3 (14.2857%)	Total: 20 (95.2381%)
[cartographer_node-1] [0.781331, 0.803468]	                   #	Count: 1 (4.7619%)	Total: 21 (100%)
[cartographer_node-1] [INFO] [1778822217.856648164] [cartographer logger]: I0515 14:16:57.000000 52153 pose_graph_2d.cc:538] Remaining work items in queue: 6
[cartographer_node-1] [INFO] [1778822217.856720314] [cartographer logger]: I0515 14:16:57.000000 52153 constraint_builder_2d.cc:294] 0 computations resulted in 0 additional constraints.
[cartographer_node-1] [INFO] [1778822217.856832126] [cartographer logger]: I0515 14:16:57.000000 52153 constraint_builder_2d.cc:296] Score histogram:
[cartographer_node-1] Count: 21  Min: 0.582097  Max: 0.803468  Mean: 0.703218
[cartographer_node-1] [0.582097, 0.604234)	                 ###	Count: 3 (14.2857%)	Total: 3 (14.2857%)
[cartographer_node-1] [0.604234, 0.626371)	                    	Count: 0 (0%)	Total: 3 (14.2857%)
[cartographer_node-1] [0.626371, 0.648508)	                   #	Count: 1 (4.7619%)	Total: 4 (19.0476%)
[cartographer_node-1] [0.648508, 0.670645)	                    	Count: 0 (0%)	Total: 4 (19.0476%)
[cartographer_node-1] [0.670645, 0.692782)	                ####	Count: 4 (19.0476%)	Total: 8 (38.0952%)
[cartographer_node-1] [0.692782, 0.714919)	                  ##	Count: 2 (9.52381%)	Total: 10 (47.619%)
[cartographer_node-1] [0.714919, 0.737056)	                ####	Count: 4 (19.0476%)	Total: 14 (66.6667%)
[cartographer_node-1] [0.737056, 0.759194)	                 ###	Count: 3 (14.2857%)	Total: 17 (80.9524%)
[cartographer_node-1] [0.759194, 0.781331)	                 ###	Count: 3 (14.2857%)	Total: 20 (95.2381%)
[cartographer_node-1] [0.781331, 0.803468]	                   #	Count: 1 (4.7619%)	Total: 21 (100%)
[cartographer_node-1] [INFO] [1778822217.895968541] [cartographer logger]: I0515 14:16:57.000000 52151 pose_graph_2d.cc:538] Remaining work items in queue: 0
[cartographer_node-1] [INFO] [1778822217.896058117] [cartographer logger]: I0515 14:16:57.000000 52151 constraint_builder_2d.cc:294] 0 computations resulted in 0 additional constraints.
[cartographer_node-1] [INFO] [1778822217.896224518] [cartographer logger]: I0515 14:16:57.000000 52151 constraint_builder_2d.cc:296] Score histogram:
[cartographer_node-1] Count: 21  Min: 0.582097  Max: 0.803468  Mean: 0.703218
[cartographer_node-1] [0.582097, 0.604234)	                 ###	Count: 3 (14.2857%)	Total: 3 (14.2857%)
[cartographer_node-1] [0.604234, 0.626371)	                    	Count: 0 (0%)	Total: 3 (14.2857%)
[cartographer_node-1] [0.626371, 0.648508)	                   #	Count: 1 (4.7619%)	Total: 4 (19.0476%)
[cartographer_node-1] [0.648508, 0.670645)	                    	Count: 0 (0%)	Total: 4 (19.0476%)
[cartographer_node-1] [0.670645, 0.692782)	                ####	Count: 4 (19.0476%)	Total: 8 (38.0952%)
[cartographer_node-1] [0.692782, 0.714919)	                  ##	Count: 2 (9.52381%)	Total: 10 (47.619%)
[cartographer_node-1] [0.714919, 0.737056)	                ####	Count: 4 (19.0476%)	Total: 14 (66.6667%)
[cartographer_node-1] [0.737056, 0.759194)	                 ###	Count: 3 (14.2857%)	Total: 17 (80.9524%)
[cartographer_node-1] [0.759194, 0.781331)	                 ###	Count: 3 (14.2857%)	Total: 20 (95.2381%)
[cartographer_node-1] [0.781331, 0.803468]	                   #	Count: 1 (4.7619%)	Total: 21 (100%)
[cartographer_node-1] [INFO] [1778822217.944163261] [cartographer logger]: I0515 14:16:57.000000 52151 pose_graph_2d.cc:538] Remaining work items in queue: 0
[cartographer_node-1] [INFO] [1778822217.944200355] [cartographer logger]: I0515 14:16:57.000000 52151 constraint_builder_2d.cc:294] 0 computations resulted in 0 additional constraints.
[cartographer_node-1] [INFO] [1778822217.944304174] [cartographer logger]: I0515 14:16:57.000000 52151 constraint_builder_2d.cc:296] Score histogram:
[cartographer_node-1] Count: 21  Min: 0.582097  Max: 0.803468  Mean: 0.703218
[cartographer_node-1] [0.582097, 0.604234)	                 ###	Count: 3 (14.2857%)	Total: 3 (14.2857%)
[cartographer_node-1] [0.604234, 0.626371)	                    	Count: 0 (0%)	Total: 3 (14.2857%)
[cartographer_node-1] [0.626371, 0.648508)	                   #	Count: 1 (4.7619%)	Total: 4 (19.0476%)
[cartographer_node-1] [0.648508, 0.670645)	                    	Count: 0 (0%)	Total: 4 (19.0476%)
[cartographer_node-1] [0.670645, 0.692782)	                ####	Count: 4 (19.0476%)	Total: 8 (38.0952%)
[cartographer_node-1] [0.692782, 0.714919)	                  ##	Count: 2 (9.52381%)	Total: 10 (47.619%)
[cartographer_node-1] [0.714919, 0.737056)	                ####	Count: 4 (19.0476%)	Total: 14 (66.6667%)
[cartographer_node-1] [0.737056, 0.759194)	                 ###	Count: 3 (14.2857%)	Total: 17 (80.9524%)
[cartographer_node-1] [0.759194, 0.781331)	                 ###	Count: 3 (14.2857%)	Total: 20 (95.2381%)
[cartographer_node-1] [0.781331, 0.803468]	                   #	Count: 1 (4.7619%)	Total: 21 (100%)
[cartographer_node-1] [INFO] [1778822217.991604764] [cartographer logger]: I0515 14:16:57.000000 52150 pose_graph_2d.cc:538] Remaining work items in queue: 1
[cartographer_node-1] [INFO] [1778822217.991655940] [cartographer logger]: I0515 14:16:57.000000 52150 constraint_builder_2d.cc:294] 0 computations resulted in 0 additional constraints.
[cartographer_node-1] [INFO] [1778822217.991733629] [cartographer logger]: I0515 14:16:57.000000 52150 constraint_builder_2d.cc:296] Score histogram:
[cartographer_node-1] Count: 21  Min: 0.582097  Max: 0.803468  Mean: 0.703218
[cartographer_node-1] [0.582097, 0.604234)	                 ###	Count: 3 (14.2857%)	Total: 3 (14.2857%)
[cartographer_node-1] [0.604234, 0.626371)	                    	Count: 0 (0%)	Total: 3 (14.2857%)
[cartographer_node-1] [0.626371, 0.648508)	                   #	Count: 1 (4.7619%)	Total: 4 (19.0476%)
[cartographer_node-1] [0.648508, 0.670645)	                    	Count: 0 (0%)	Total: 4 (19.0476%)
[cartographer_node-1] [0.670645, 0.692782)	                ####	Count: 4 (19.0476%)	Total: 8 (38.0952%)
[cartographer_node-1] [0.692782, 0.714919)	                  ##	Count: 2 (9.52381%)	Total: 10 (47.619%)
[cartographer_node-1] [0.714919, 0.737056)	                ####	Count: 4 (19.0476%)	Total: 14 (66.6667%)
[cartographer_node-1] [0.737056, 0.759194)	                 ###	Count: 3 (14.2857%)	Total: 17 (80.9524%)
[cartographer_node-1] [0.759194, 0.781331)	                 ###	Count: 3 (14.2857%)	Total: 20 (95.2381%)
[cartographer_node-1] [0.781331, 0.803468]	                   #	Count: 1 (4.7619%)	Total: 21 (100%)
[cartographer_node-1] [INFO] [1778822218.045098571] [cartographer logger]: I0515 14:16:58.000000 52152 pose_graph_2d.cc:538] Remaining work items in queue: 0
[cartographer_node-1] [INFO] [1778822218.045135764] [cartographer logger]: I0515 14:16:58.000000 52152 constraint_builder_2d.cc:294] 0 computations resulted in 0 additional constraints.
[cartographer_node-1] [INFO] [1778822218.045609733] [cartographer logger]: I0515 14:16:58.000000 52152 constraint_builder_2d.cc:296] Score histogram:
[cartographer_node-1] Count: 21  Min: 0.582097  Max: 0.803468  Mean: 0.703218
[cartographer_node-1] [0.582097, 0.604234)	                 ###	Count: 3 (14.2857%)	Total: 3 (14.2857%)
[cartographer_node-1] [0.604234, 0.626371)	                    	Count: 0 (0%)	Total: 3 (14.2857%)
[cartographer_node-1] [0.626371, 0.648508)	                   #	Count: 1 (4.7619%)	Total: 4 (19.0476%)
[cartographer_node-1] [0.648508, 0.670645)	                    	Count: 0 (0%)	Total: 4 (19.0476%)
[cartographer_node-1] [0.670645, 0.692782)	                ####	Count: 4 (19.0476%)	Total: 8 (38.0952%)
[cartographer_node-1] [0.692782, 0.714919)	                  ##	Count: 2 (9.52381%)	Total: 10 (47.619%)
[cartographer_node-1] [0.714919, 0.737056)	                ####	Count: 4 (19.0476%)	Total: 14 (66.6667%)
[cartographer_node-1] [0.737056, 0.759194)	                 ###	Count: 3 (14.2857%)	Total: 17 (80.9524%)
[cartographer_node-1] [0.759194, 0.781331)	                 ###	Count: 3 (14.2857%)	Total: 20 (95.2381%)
[cartographer_node-1] [0.781331, 0.803468]	                   #	Count: 1 (4.7619%)	Total: 21 (100%)
[cartographer_node-1] [INFO] [1778822218.138326791] [cartographer logger]: I0515 14:16:58.000000 52151 pose_graph_2d.cc:538] Remaining work items in queue: 0
[cartographer_node-1] [INFO] [1778822218.138382921] [cartographer logger]: I0515 14:16:58.000000 52151 constraint_builder_2d.cc:294] 0 computations resulted in 0 additional constraints.
[cartographer_node-1] [INFO] [1778822218.138917012] [cartographer logger]: I0515 14:16:58.000000 52151 constraint_builder_2d.cc:296] Score histogram:
[cartographer_node-1] Count: 21  Min: 0.582097  Max: 0.803468  Mean: 0.703218
[cartographer_node-1] [0.582097, 0.604234)	                 ###	Count: 3 (14.2857%)	Total: 3 (14.2857%)
[cartographer_node-1] [0.604234, 0.626371)	                    	Count: 0 (0%)	Total: 3 (14.2857%)
[cartographer_node-1] [0.626371, 0.648508)	                   #	Count: 1 (4.7619%)	Total: 4 (19.0476%)
[cartographer_node-1] [0.648508, 0.670645)	                    	Count: 0 (0%)	Total: 4 (19.0476%)
[cartographer_node-1] [0.670645, 0.692782)	                ####	Count: 4 (19.0476%)	Total: 8 (38.0952%)
[cartographer_node-1] [0.692782, 0.714919)	                  ##	Count: 2 (9.52381%)	Total: 10 (47.619%)
[cartographer_node-1] [0.714919, 0.737056)	                ####	Count: 4 (19.0476%)	Total: 14 (66.6667%)
[cartographer_node-1] [0.737056, 0.759194)	                 ###	Count: 3 (14.2857%)	Total: 17 (80.9524%)
[cartographer_node-1] [0.759194, 0.781331)	                 ###	Count: 3 (14.2857%)	Total: 20 (95.2381%)
[cartographer_node-1] [0.781331, 0.803468]	                   #	Count: 1 (4.7619%)	Total: 21 (100%)
[cartographer_node-1] [INFO] [1778822218.190869649] [cartographer logger]: I0515 14:16:58.000000 52153 pose_graph_2d.cc:538] Remaining work items in queue: 2
[cartographer_node-1] [INFO] [1778822218.227516041] [cartographer logger]: I0515 14:16:58.000000 52150 constraint_builder_2d.cc:294] 1 computations resulted in 0 additional constraints.
[cartographer_node-1] [INFO] [1778822218.227568873] [cartographer logger]: I0515 14:16:58.000000 52150 constraint_builder_2d.cc:296] Score histogram:
[cartographer_node-1] Count: 21  Min: 0.582097  Max: 0.803468  Mean: 0.703218
[cartographer_node-1] [0.582097, 0.604234)	                 ###	Count: 3 (14.2857%)	Total: 3 (14.2857%)
[cartographer_node-1] [0.604234, 0.626371)	                    	Count: 0 (0%)	Total: 3 (14.2857%)
[cartographer_node-1] [0.626371, 0.648508)	                   #	Count: 1 (4.7619%)	Total: 4 (19.0476%)
[cartographer_node-1] [0.648508, 0.670645)	                    	Count: 0 (0%)	Total: 4 (19.0476%)
[cartographer_node-1] [0.670645, 0.692782)	                ####	Count: 4 (19.0476%)	Total: 8 (38.0952%)
[cartographer_node-1] [0.692782, 0.714919)	                  ##	Count: 2 (9.52381%)	Total: 10 (47.619%)
[cartographer_node-1] [0.714919, 0.737056)	                ####	Count: 4 (19.0476%)	Total: 14 (66.6667%)
[cartographer_node-1] [0.737056, 0.759194)	                 ###	Count: 3 (14.2857%)	Total: 17 (80.9524%)
[cartographer_node-1] [0.759194, 0.781331)	                 ###	Count: 3 (14.2857%)	Total: 20 (95.2381%)
[cartographer_node-1] [0.781331, 0.803468]	                   #	Count: 1 (4.7619%)	Total: 21 (100%)
[cartographer_node-1] [INFO] [1778822218.259961631] [cartographer logger]: I0515 14:16:58.000000 52150 pose_graph_2d.cc:538] Remaining work items in queue: 6
[cartographer_node-1] [INFO] [1778822218.260024882] [cartographer logger]: I0515 14:16:58.000000 52150 constraint_builder_2d.cc:294] 0 computations resulted in 0 additional constraints.
[cartographer_node-1] [INFO] [1778822218.260607349] [cartographer logger]: I0515 14:16:58.000000 52150 constraint_builder_2d.cc:296] Score histogram:
[cartographer_node-1] Count: 21  Min: 0.582097  Max: 0.803468  Mean: 0.703218
[cartographer_node-1] [0.582097, 0.604234)	                 ###	Count: 3 (14.2857%)	Total: 3 (14.2857%)
[cartographer_node-1] [0.604234, 0.626371)	                    	Count: 0 (0%)	Total: 3 (14.2857%)
[cartographer_node-1] [0.626371, 0.648508)	                   #	Count: 1 (4.7619%)	Total: 4 (19.0476%)
[cartographer_node-1] [0.648508, 0.670645)	                    	Count: 0 (0%)	Total: 4 (19.0476%)
[cartographer_node-1] [0.670645, 0.692782)	                ####	Count: 4 (19.0476%)	Total: 8 (38.0952%)
[cartographer_node-1] [0.692782, 0.714919)	                  ##	Count: 2 (9.52381%)	Total: 10 (47.619%)
[cartographer_node-1] [0.714919, 0.737056)	                ####	Count: 4 (19.0476%)	Total: 14 (66.6667%)
[cartographer_node-1] [0.737056, 0.759194)	                 ###	Count: 3 (14.2857%)	Total: 17 (80.9524%)
[cartographer_node-1] [0.759194, 0.781331)	                 ###	Count: 3 (14.2857%)	Total: 20 (95.2381%)
[cartographer_node-1] [0.781331, 0.803468]	                   #	Count: 1 (4.7619%)	Total: 21 (100%)
[cartographer_node-1] [INFO] [1778822218.288054656] [cartographer logger]: I0515 14:16:58.000000 52150 pose_graph_2d.cc:538] Remaining work items in queue: 1
[cartographer_node-1] [INFO] [1778822218.288096420] [cartographer logger]: I0515 14:16:58.000000 52150 constraint_builder_2d.cc:294] 0 computations resulted in 0 additional constraints.
[cartographer_node-1] [INFO] [1778822218.288169131] [cartographer logger]: I0515 14:16:58.000000 52150 constraint_builder_2d.cc:296] Score histogram:
[cartographer_node-1] Count: 21  Min: 0.582097  Max: 0.803468  Mean: 0.703218
[cartographer_node-1] [0.582097, 0.604234)	                 ###	Count: 3 (14.2857%)	Total: 3 (14.2857%)
[cartographer_node-1] [0.604234, 0.626371)	                    	Count: 0 (0%)	Total: 3 (14.2857%)
[cartographer_node-1] [0.626371, 0.648508)	                   #	Count: 1 (4.7619%)	Total: 4 (19.0476%)
[cartographer_node-1] [0.648508, 0.670645)	                    	Count: 0 (0%)	Total: 4 (19.0476%)
[cartographer_node-1] [0.670645, 0.692782)	                ####	Count: 4 (19.0476%)	Total: 8 (38.0952%)
[cartographer_node-1] [0.692782, 0.714919)	                  ##	Count: 2 (9.52381%)	Total: 10 (47.619%)
[cartographer_node-1] [0.714919, 0.737056)	                ####	Count: 4 (19.0476%)	Total: 14 (66.6667%)
[cartographer_node-1] [0.737056, 0.759194)	                 ###	Count: 3 (14.2857%)	Total: 17 (80.9524%)
[cartographer_node-1] [0.759194, 0.781331)	                 ###	Count: 3 (14.2857%)	Total: 20 (95.2381%)
[cartographer_node-1] [0.781331, 0.803468]	                   #	Count: 1 (4.7619%)	Total: 21 (100%)
[cartographer_node-1] [INFO] [1778822218.332224602] [cartographer logger]: I0515 14:16:58.000000 52150 pose_graph_2d.cc:538] Remaining work items in queue: 0
[cartographer_node-1] [INFO] [1778822218.332275587] [cartographer logger]: I0515 14:16:58.000000 52150 constraint_builder_2d.cc:294] 0 computations resulted in 0 additional constraints.
[cartographer_node-1] [INFO] [1778822218.332399884] [cartographer logger]: I0515 14:16:58.000000 52150 constraint_builder_2d.cc:296] Score histogram:
[cartographer_node-1] Count: 21  Min: 0.582097  Max: 0.803468  Mean: 0.703218
[cartographer_node-1] [0.582097, 0.604234)	                 ###	Count: 3 (14.2857%)	Total: 3 (14.2857%)
[cartographer_node-1] [0.604234, 0.626371)	                    	Count: 0 (0%)	Total: 3 (14.2857%)
[cartographer_node-1] [0.626371, 0.648508)	                   #	Count: 1 (4.7619%)	Total: 4 (19.0476%)
[cartographer_node-1] [0.648508, 0.670645)	                    	Count: 0 (0%)	Total: 4 (19.0476%)
[cartographer_node-1] [0.670645, 0.692782)	                ####	Count: 4 (19.0476%)	Total: 8 (38.0952%)
[cartographer_node-1] [0.692782, 0.714919)	                  ##	Count: 2 (9.52381%)	Total: 10 (47.619%)
[cartographer_node-1] [0.714919, 0.737056)	                ####	Count: 4 (19.0476%)	Total: 14 (66.6667%)
[cartographer_node-1] [0.737056, 0.759194)	                 ###	Count: 3 (14.2857%)	Total: 17 (80.9524%)
[cartographer_node-1] [0.759194, 0.781331)	                 ###	Count: 3 (14.2857%)	Total: 20 (95.2381%)
[cartographer_node-1] [0.781331, 0.803468]	                   #	Count: 1 (4.7619%)	Total: 21 (100%)
[cartographer_node-1] [INFO] [1778822218.388871699] [cartographer logger]: I0515 14:16:58.000000 52151 pose_graph_2d.cc:538] Remaining work items in queue: 0
[cartographer_node-1] [INFO] [1778822218.388921810] [cartographer logger]: I0515 14:16:58.000000 52151 constraint_builder_2d.cc:294] 0 computations resulted in 0 additional constraints.
[cartographer_node-1] [INFO] [1778822218.389377629] [cartographer logger]: I0515 14:16:58.000000 52151 constraint_builder_2d.cc:296] Score histogram:
[cartographer_node-1] Count: 21  Min: 0.582097  Max: 0.803468  Mean: 0.703218
[cartographer_node-1] [0.582097, 0.604234)	                 ###	Count: 3 (14.2857%)	Total: 3 (14.2857%)
[cartographer_node-1] [0.604234, 0.626371)	                    	Count: 0 (0%)	Total: 3 (14.2857%)
[cartographer_node-1] [0.626371, 0.648508)	                   #	Count: 1 (4.7619%)	Total: 4 (19.0476%)
[cartographer_node-1] [0.648508, 0.670645)	                    	Count: 0 (0%)	Total: 4 (19.0476%)
[cartographer_node-1] [0.670645, 0.692782)	                ####	Count: 4 (19.0476%)	Total: 8 (38.0952%)
[cartographer_node-1] [0.692782, 0.714919)	                  ##	Count: 2 (9.52381%)	Total: 10 (47.619%)
[cartographer_node-1] [0.714919, 0.737056)	                ####	Count: 4 (19.0476%)	Total: 14 (66.6667%)
[cartographer_node-1] [0.737056, 0.759194)	                 ###	Count: 3 (14.2857%)	Total: 17 (80.9524%)
[cartographer_node-1] [0.759194, 0.781331)	                 ###	Count: 3 (14.2857%)	Total: 20 (95.2381%)
[cartographer_node-1] [0.781331, 0.803468]	                   #	Count: 1 (4.7619%)	Total: 21 (100%)
[cartographer_node-1] [INFO] [1778822218.429897153] [cartographer logger]: I0515 14:16:58.000000 52153 pose_graph_2d.cc:538] Remaining work items in queue: 1
[cartographer_node-1] [INFO] [1778822218.429942740] [cartographer logger]: I0515 14:16:58.000000 52153 constraint_builder_2d.cc:294] 0 computations resulted in 0 additional constraints.
[cartographer_node-1] [INFO] [1778822218.430036829] [cartographer logger]: I0515 14:16:58.000000 52153 constraint_builder_2d.cc:296] Score histogram:
[cartographer_node-1] Count: 21  Min: 0.582097  Max: 0.803468  Mean: 0.703218
[cartographer_node-1] [0.582097, 0.604234)	                 ###	Count: 3 (14.2857%)	Total: 3 (14.2857%)
[cartographer_node-1] [0.604234, 0.626371)	                    	Count: 0 (0%)	Total: 3 (14.2857%)
[cartographer_node-1] [0.626371, 0.648508)	                   #	Count: 1 (4.7619%)	Total: 4 (19.0476%)
[cartographer_node-1] [0.648508, 0.670645)	                    	Count: 0 (0%)	Total: 4 (19.0476%)
[cartographer_node-1] [0.670645, 0.692782)	                ####	Count: 4 (19.0476%)	Total: 8 (38.0952%)
[cartographer_node-1] [0.692782, 0.714919)	                  ##	Count: 2 (9.52381%)	Total: 10 (47.619%)
[cartographer_node-1] [0.714919, 0.737056)	                ####	Count: 4 (19.0476%)	Total: 14 (66.6667%)
[cartographer_node-1] [0.737056, 0.759194)	                 ###	Count: 3 (14.2857%)	Total: 17 (80.9524%)
[cartographer_node-1] [0.759194, 0.781331)	                 ###	Count: 3 (14.2857%)	Total: 20 (95.2381%)
[cartographer_node-1] [0.781331, 0.803468]	                   #	Count: 1 (4.7619%)	Total: 21 (100%)
[cartographer_node-1] [INFO] [1778822218.494668965] [cartographer logger]: I0515 14:16:58.000000 52153 pose_graph_2d.cc:538] Remaining work items in queue: 2
[cartographer_node-1] [INFO] [1778822218.494744819] [cartographer logger]: I0515 14:16:58.000000 52153 constraint_builder_2d.cc:294] 0 computations resulted in 0 additional constraints.
[cartographer_node-1] [INFO] [1778822218.495195572] [cartographer logger]: I0515 14:16:58.000000 52153 constraint_builder_2d.cc:296] Score histogram:
[cartographer_node-1] Count: 21  Min: 0.582097  Max: 0.803468  Mean: 0.703218
[cartographer_node-1] [0.582097, 0.604234)	                 ###	Count: 3 (14.2857%)	Total: 3 (14.2857%)
[cartographer_node-1] [0.604234, 0.626371)	                    	Count: 0 (0%)	Total: 3 (14.2857%)
[cartographer_node-1] [0.626371, 0.648508)	                   #	Count: 1 (4.7619%)	Total: 4 (19.0476%)
[cartographer_node-1] [0.648508, 0.670645)	                    	Count: 0 (0%)	Total: 4 (19.0476%)
[cartographer_node-1] [0.670645, 0.692782)	                ####	Count: 4 (19.0476%)	Total: 8 (38.0952%)
[cartographer_node-1] [0.692782, 0.714919)	                  ##	Count: 2 (9.52381%)	Total: 10 (47.619%)
[cartographer_node-1] [0.714919, 0.737056)	                ####	Count: 4 (19.0476%)	Total: 14 (66.6667%)
[cartographer_node-1] [0.737056, 0.759194)	                 ###	Count: 3 (14.2857%)	Total: 17 (80.9524%)
[cartographer_node-1] [0.759194, 0.781331)	                 ###	Count: 3 (14.2857%)	Total: 20 (95.2381%)
[cartographer_node-1] [0.781331, 0.803468]	                   #	Count: 1 (4.7619%)	Total: 21 (100%)
[cartographer_node-1] [INFO] [1778822218.541122306] [cartographer logger]: I0515 14:16:58.000000 52153 pose_graph_2d.cc:538] Remaining work items in queue: 0
[cartographer_node-1] [INFO] [1778822218.565922738] [cartographer logger]: I0515 14:16:58.000000 52151 constraint_builder_2d.cc:279] Node (1, 428) with 169 points on submap (0, 8) matches with score 59.6%.
[cartographer_node-1] [INFO] [1778822218.565981427] [cartographer logger]: I0515 14:16:58.000000 52151 constraint_builder_2d.cc:294] 1 computations resulted in 1 additional constraints.
[cartographer_node-1] [INFO] [1778822218.566019229] [cartographer logger]: I0515 14:16:58.000000 52151 constraint_builder_2d.cc:296] Score histogram:
[cartographer_node-1] Count: 22  Min: 0.582097  Max: 0.803468  Mean: 0.698322
[cartographer_node-1] [0.582097, 0.604234)	                ####	Count: 4 (18.1818%)	Total: 4 (18.1818%)
[cartographer_node-1] [0.604234, 0.626371)	                    	Count: 0 (0%)	Total: 4 (18.1818%)
[cartographer_node-1] [0.626371, 0.648508)	                   #	Count: 1 (4.54545%)	Total: 5 (22.7273%)
[cartographer_node-1] [0.648508, 0.670645)	                    	Count: 0 (0%)	Total: 5 (22.7273%)
[cartographer_node-1] [0.670645, 0.692782)	                ####	Count: 4 (18.1818%)	Total: 9 (40.9091%)
[cartographer_node-1] [0.692782, 0.714919)	                  ##	Count: 2 (9.09091%)	Total: 11 (50%)
[cartographer_node-1] [0.714919, 0.737056)	                ####	Count: 4 (18.1818%)	Total: 15 (68.1818%)
[cartographer_node-1] [0.737056, 0.759194)	                 ###	Count: 3 (13.6364%)	Total: 18 (81.8182%)
[cartographer_node-1] [0.759194, 0.781331)	                 ###	Count: 3 (13.6364%)	Total: 21 (95.4545%)
[cartographer_node-1] [0.781331, 0.803468]	                   #	Count: 1 (4.54545%)	Total: 22 (100%)
[cartographer_node-1] [INFO] [1778822218.603509002] [cartographer logger]: I0515 14:16:58.000000 52151 pose_graph_2d.cc:538] Remaining work items in queue: 1
[cartographer_node-1] [INFO] [1778822218.603559946] [cartographer logger]: I0515 14:16:58.000000 52151 constraint_builder_2d.cc:294] 0 computations resulted in 0 additional constraints.
[cartographer_node-1] [INFO] [1778822218.603668460] [cartographer logger]: I0515 14:16:58.000000 52151 constraint_builder_2d.cc:296] Score histogram:
[cartographer_node-1] Count: 22  Min: 0.582097  Max: 0.803468  Mean: 0.698322
[cartographer_node-1] [0.582097, 0.604234)	                ####	Count: 4 (18.1818%)	Total: 4 (18.1818%)
[cartographer_node-1] [0.604234, 0.626371)	                    	Count: 0 (0%)	Total: 4 (18.1818%)
[cartographer_node-1] [0.626371, 0.648508)	                   #	Count: 1 (4.54545%)	Total: 5 (22.7273%)
[cartographer_node-1] [0.648508, 0.670645)	                    	Count: 0 (0%)	Total: 5 (22.7273%)
[cartographer_node-1] [0.670645, 0.692782)	                ####	Count: 4 (18.1818%)	Total: 9 (40.9091%)
[cartographer_node-1] [0.692782, 0.714919)	                  ##	Count: 2 (9.09091%)	Total: 11 (50%)
[cartographer_node-1] [0.714919, 0.737056)	                ####	Count: 4 (18.1818%)	Total: 15 (68.1818%)
[cartographer_node-1] [0.737056, 0.759194)	                 ###	Count: 3 (13.6364%)	Total: 18 (81.8182%)
[cartographer_node-1] [0.759194, 0.781331)	                 ###	Count: 3 (13.6364%)	Total: 21 (95.4545%)
[cartographer_node-1] [0.781331, 0.803468]	                   #	Count: 1 (4.54545%)	Total: 22 (100%)
[cartographer_node-1] [INFO] [1778822218.658149575] [cartographer logger]: I0515 14:16:58.000000 52150 pose_graph_2d.cc:538] Remaining work items in queue: 0
[cartographer_node-1] [INFO] [1778822218.658187598] [cartographer logger]: I0515 14:16:58.000000 52150 constraint_builder_2d.cc:294] 0 computations resulted in 0 additional constraints.
[cartographer_node-1] [INFO] [1778822218.658298582] [cartographer logger]: I0515 14:16:58.000000 52150 constraint_builder_2d.cc:296] Score histogram:
[cartographer_node-1] Count: 22  Min: 0.582097  Max: 0.803468  Mean: 0.698322
[cartographer_node-1] [0.582097, 0.604234)	                ####	Count: 4 (18.1818%)	Total: 4 (18.1818%)
[cartographer_node-1] [0.604234, 0.626371)	                    	Count: 0 (0%)	Total: 4 (18.1818%)
[cartographer_node-1] [0.626371, 0.648508)	                   #	Count: 1 (4.54545%)	Total: 5 (22.7273%)
[cartographer_node-1] [0.648508, 0.670645)	                    	Count: 0 (0%)	Total: 5 (22.7273%)
[cartographer_node-1] [0.670645, 0.692782)	                ####	Count: 4 (18.1818%)	Total: 9 (40.9091%)
[cartographer_node-1] [0.692782, 0.714919)	                  ##	Count: 2 (9.09091%)	Total: 11 (50%)
[cartographer_node-1] [0.714919, 0.737056)	                ####	Count: 4 (18.1818%)	Total: 15 (68.1818%)
[cartographer_node-1] [0.737056, 0.759194)	                 ###	Count: 3 (13.6364%)	Total: 18 (81.8182%)
[cartographer_node-1] [0.759194, 0.781331)	                 ###	Count: 3 (13.6364%)	Total: 21 (95.4545%)
[cartographer_node-1] [0.781331, 0.803468]	                   #	Count: 1 (4.54545%)	Total: 22 (100%)
[cartographer_node-1] [INFO] [1778822218.727394673] [cartographer logger]: I0515 14:16:58.000000 52150 pose_graph_2d.cc:538] Remaining work items in queue: 1
[cartographer_node-1] [INFO] [1778822218.727454162] [cartographer logger]: I0515 14:16:58.000000 52150 constraint_builder_2d.cc:294] 0 computations resulted in 0 additional constraints.
[cartographer_node-1] [INFO] [1778822218.727975215] [cartographer logger]: I0515 14:16:58.000000 52150 constraint_builder_2d.cc:296] Score histogram:
[cartographer_node-1] Count: 22  Min: 0.582097  Max: 0.803468  Mean: 0.698322
[cartographer_node-1] [0.582097, 0.604234)	                ####	Count: 4 (18.1818%)	Total: 4 (18.1818%)
[cartographer_node-1] [0.604234, 0.626371)	                    	Count: 0 (0%)	Total: 4 (18.1818%)
[cartographer_node-1] [0.626371, 0.648508)	                   #	Count: 1 (4.54545%)	Total: 5 (22.7273%)
[cartographer_node-1] [0.648508, 0.670645)	                    	Count: 0 (0%)	Total: 5 (22.7273%)
[cartographer_node-1] [0.670645, 0.692782)	                ####	Count: 4 (18.1818%)	Total: 9 (40.9091%)
[cartographer_node-1] [0.692782, 0.714919)	                  ##	Count: 2 (9.09091%)	Total: 11 (50%)
[cartographer_node-1] [0.714919, 0.737056)	                ####	Count: 4 (18.1818%)	Total: 15 (68.1818%)
[cartographer_node-1] [0.737056, 0.759194)	                 ###	Count: 3 (13.6364%)	Total: 18 (81.8182%)
[cartographer_node-1] [0.759194, 0.781331)	                 ###	Count: 3 (13.6364%)	Total: 21 (95.4545%)
[cartographer_node-1] [0.781331, 0.803468]	                   #	Count: 1 (4.54545%)	Total: 22 (100%)
[cartographer_node-1] [INFO] [1778822218.743612028] [cartographer logger]: I0515 14:16:58.000000 52136 motion_filter.cc:42] Motion filter reduced the number of nodes to 87.2%.
[cartographer_node-1] [INFO] [1778822218.768169592] [cartographer logger]: I0515 14:16:58.000000 52153 pose_graph_2d.cc:538] Remaining work items in queue: 0
[cartographer_node-1] [INFO] [1778822218.768210855] [cartographer logger]: I0515 14:16:58.000000 52153 constraint_builder_2d.cc:294] 0 computations resulted in 0 additional constraints.
[cartographer_node-1] [INFO] [1778822218.768605750] [cartographer logger]: I0515 14:16:58.000000 52153 constraint_builder_2d.cc:296] Score histogram:
[cartographer_node-1] Count: 22  Min: 0.582097  Max: 0.803468  Mean: 0.698322
[cartographer_node-1] [0.582097, 0.604234)	                ####	Count: 4 (18.1818%)	Total: 4 (18.1818%)
[cartographer_node-1] [0.604234, 0.626371)	                    	Count: 0 (0%)	Total: 4 (18.1818%)
[cartographer_node-1] [0.626371, 0.648508)	                   #	Count: 1 (4.54545%)	Total: 5 (22.7273%)
[cartographer_node-1] [0.648508, 0.670645)	                    	Count: 0 (0%)	Total: 5 (22.7273%)
[cartographer_node-1] [0.670645, 0.692782)	                ####	Count: 4 (18.1818%)	Total: 9 (40.9091%)
[cartographer_node-1] [0.692782, 0.714919)	                  ##	Count: 2 (9.09091%)	Total: 11 (50%)
[cartographer_node-1] [0.714919, 0.737056)	                ####	Count: 4 (18.1818%)	Total: 15 (68.1818%)
[cartographer_node-1] [0.737056, 0.759194)	                 ###	Count: 3 (13.6364%)	Total: 18 (81.8182%)
[cartographer_node-1] [0.759194, 0.781331)	                 ###	Count: 3 (13.6364%)	Total: 21 (95.4545%)
[cartographer_node-1] [0.781331, 0.803468]	                   #	Count: 1 (4.54545%)	Total: 22 (100%)
[cartographer_node-1] [INFO] [1778822218.797022460] [cartographer logger]: I0515 14:16:58.000000 52153 pose_graph_2d.cc:538] Remaining work items in queue: 3
[cartographer_node-1] [INFO] [1778822218.797144061] [cartographer logger]: I0515 14:16:58.000000 52153 constraint_builder_2d.cc:294] 0 computations resulted in 0 additional constraints.
[cartographer_node-1] [INFO] [1778822218.797661416] [cartographer logger]: I0515 14:16:58.000000 52153 constraint_builder_2d.cc:296] Score histogram:
[cartographer_node-1] Count: 22  Min: 0.582097  Max: 0.803468  Mean: 0.698322
[cartographer_node-1] [0.582097, 0.604234)	                ####	Count: 4 (18.1818%)	Total: 4 (18.1818%)
[cartographer_node-1] [0.604234, 0.626371)	                    	Count: 0 (0%)	Total: 4 (18.1818%)
[cartographer_node-1] [0.626371, 0.648508)	                   #	Count: 1 (4.54545%)	Total: 5 (22.7273%)
[cartographer_node-1] [0.648508, 0.670645)	                    	Count: 0 (0%)	Total: 5 (22.7273%)
[cartographer_node-1] [0.670645, 0.692782)	                ####	Count: 4 (18.1818%)	Total: 9 (40.9091%)
[cartographer_node-1] [0.692782, 0.714919)	                  ##	Count: 2 (9.09091%)	Total: 11 (50%)
[cartographer_node-1] [0.714919, 0.737056)	                ####	Count: 4 (18.1818%)	Total: 15 (68.1818%)
[cartographer_node-1] [0.737056, 0.759194)	                 ###	Count: 3 (13.6364%)	Total: 18 (81.8182%)
[cartographer_node-1] [0.759194, 0.781331)	                 ###	Count: 3 (13.6364%)	Total: 21 (95.4545%)
[cartographer_node-1] [0.781331, 0.803468]	                   #	Count: 1 (4.54545%)	Total: 22 (100%)
[cartographer_node-1] [INFO] [1778822218.829990195] [cartographer logger]: I0515 14:16:58.000000 52153 pose_graph_2d.cc:538] Remaining work items in queue: 0
[cartographer_node-1] [INFO] [1778822218.830036165] [cartographer logger]: I0515 14:16:58.000000 52153 constraint_builder_2d.cc:294] 0 computations resulted in 0 additional constraints.
[cartographer_node-1] [INFO] [1778822218.830157013] [cartographer logger]: I0515 14:16:58.000000 52153 constraint_builder_2d.cc:296] Score histogram:
[cartographer_node-1] Count: 22  Min: 0.582097  Max: 0.803468  Mean: 0.698322
[cartographer_node-1] [0.582097, 0.604234)	                ####	Count: 4 (18.1818%)	Total: 4 (18.1818%)
[cartographer_node-1] [0.604234, 0.626371)	                    	Count: 0 (0%)	Total: 4 (18.1818%)
[cartographer_node-1] [0.626371, 0.648508)	                   #	Count: 1 (4.54545%)	Total: 5 (22.7273%)
[cartographer_node-1] [0.648508, 0.670645)	                    	Count: 0 (0%)	Total: 5 (22.7273%)
[cartographer_node-1] [0.670645, 0.692782)	                ####	Count: 4 (18.1818%)	Total: 9 (40.9091%)
[cartographer_node-1] [0.692782, 0.714919)	                  ##	Count: 2 (9.09091%)	Total: 11 (50%)
[cartographer_node-1] [0.714919, 0.737056)	                ####	Count: 4 (18.1818%)	Total: 15 (68.1818%)
[cartographer_node-1] [0.737056, 0.759194)	                 ###	Count: 3 (13.6364%)	Total: 18 (81.8182%)
[cartographer_node-1] [0.759194, 0.781331)	                 ###	Count: 3 (13.6364%)	Total: 21 (95.4545%)
[cartographer_node-1] [0.781331, 0.803468]	                   #	Count: 1 (4.54545%)	Total: 22 (100%)
[cartographer_node-1] [INFO] [1778822218.893002631] [cartographer logger]: I0515 14:16:58.000000 52151 pose_graph_2d.cc:538] Remaining work items in queue: 0
[cartographer_node-1] [INFO] [1778822218.915374122] [cartographer logger]: I0515 14:16:58.000000 52150 constraint_builder_2d.cc:279] Node (1, 442) with 213 points on submap (0, 12) matches with score 59.7%.
[cartographer_node-1] [INFO] [1778822218.915429265] [cartographer logger]: I0515 14:16:58.000000 52150 constraint_builder_2d.cc:294] 1 computations resulted in 1 additional constraints.
[cartographer_node-1] [INFO] [1778822218.915460466] [cartographer logger]: I0515 14:16:58.000000 52150 constraint_builder_2d.cc:296] Score histogram:
[cartographer_node-1] Count: 23  Min: 0.582097  Max: 0.803468  Mean: 0.693914
[cartographer_node-1] [0.582097, 0.604234)	                ####	Count: 5 (21.7391%)	Total: 5 (21.7391%)
[cartographer_node-1] [0.604234, 0.626371)	                    	Count: 0 (0%)	Total: 5 (21.7391%)
[cartographer_node-1] [0.626371, 0.648508)	                   #	Count: 1 (4.34783%)	Total: 6 (26.087%)
[cartographer_node-1] [0.648508, 0.670645)	                    	Count: 0 (0%)	Total: 6 (26.087%)
[cartographer_node-1] [0.670645, 0.692782)	                 ###	Count: 4 (17.3913%)	Total: 10 (43.4783%)
[cartographer_node-1] [0.692782, 0.714919)	                  ##	Count: 2 (8.69565%)	Total: 12 (52.1739%)
[cartographer_node-1] [0.714919, 0.737056)	                 ###	Count: 4 (17.3913%)	Total: 16 (69.5652%)
[cartographer_node-1] [0.737056, 0.759194)	                 ###	Count: 3 (13.0435%)	Total: 19 (82.6087%)
[cartographer_node-1] [0.759194, 0.781331)	                 ###	Count: 3 (13.0435%)	Total: 22 (95.6522%)
[cartographer_node-1] [0.781331, 0.803468]	                   #	Count: 1 (4.34783%)	Total: 23 (100%)
[cartographer_node-1] [INFO] [1778822218.954195102] [cartographer logger]: I0515 14:16:58.000000 52150 pose_graph_2d.cc:538] Remaining work items in queue: 4
[cartographer_node-1] [INFO] [1778822218.954243916] [cartographer logger]: I0515 14:16:58.000000 52150 constraint_builder_2d.cc:294] 0 computations resulted in 0 additional constraints.
[cartographer_node-1] [INFO] [1778822218.954387598] [cartographer logger]: I0515 14:16:58.000000 52150 constraint_builder_2d.cc:296] Score histogram:
[cartographer_node-1] Count: 23  Min: 0.582097  Max: 0.803468  Mean: 0.693914
[cartographer_node-1] [0.582097, 0.604234)	                ####	Count: 5 (21.7391%)	Total: 5 (21.7391%)
[cartographer_node-1] [0.604234, 0.626371)	                    	Count: 0 (0%)	Total: 5 (21.7391%)
[cartographer_node-1] [0.626371, 0.648508)	                   #	Count: 1 (4.34783%)	Total: 6 (26.087%)
[cartographer_node-1] [0.648508, 0.670645)	                    	Count: 0 (0%)	Total: 6 (26.087%)
[cartographer_node-1] [0.670645, 0.692782)	                 ###	Count: 4 (17.3913%)	Total: 10 (43.4783%)
[cartographer_node-1] [0.692782, 0.714919)	                  ##	Count: 2 (8.69565%)	Total: 12 (52.1739%)
[cartographer_node-1] [0.714919, 0.737056)	                 ###	Count: 4 (17.3913%)	Total: 16 (69.5652%)
[cartographer_node-1] [0.737056, 0.759194)	                 ###	Count: 3 (13.0435%)	Total: 19 (82.6087%)
[cartographer_node-1] [0.759194, 0.781331)	                 ###	Count: 3 (13.0435%)	Total: 22 (95.6522%)
[cartographer_node-1] [0.781331, 0.803468]	                   #	Count: 1 (4.34783%)	Total: 23 (100%)
[cartographer_node-1] [INFO] [1778822219.004467237] [cartographer logger]: I0515 14:16:59.000000 52151 pose_graph_2d.cc:538] Remaining work items in queue: 0
[cartographer_node-1] [INFO] [1778822219.004512277] [cartographer logger]: I0515 14:16:59.000000 52151 constraint_builder_2d.cc:294] 0 computations resulted in 0 additional constraints.
[cartographer_node-1] [INFO] [1778822219.004986505] [cartographer logger]: I0515 14:16:59.000000 52151 constraint_builder_2d.cc:296] Score histogram:
[cartographer_node-1] Count: 23  Min: 0.582097  Max: 0.803468  Mean: 0.693914
[cartographer_node-1] [0.582097, 0.604234)	                ####	Count: 5 (21.7391%)	Total: 5 (21.7391%)
[cartographer_node-1] [0.604234, 0.626371)	                    	Count: 0 (0%)	Total: 5 (21.7391%)
[cartographer_node-1] [0.626371, 0.648508)	                   #	Count: 1 (4.34783%)	Total: 6 (26.087%)
[cartographer_node-1] [0.648508, 0.670645)	                    	Count: 0 (0%)	Total: 6 (26.087%)
[cartographer_node-1] [0.670645, 0.692782)	                 ###	Count: 4 (17.3913%)	Total: 10 (43.4783%)
[cartographer_node-1] [0.692782, 0.714919)	                  ##	Count: 2 (8.69565%)	Total: 12 (52.1739%)
[cartographer_node-1] [0.714919, 0.737056)	                 ###	Count: 4 (17.3913%)	Total: 16 (69.5652%)
[cartographer_node-1] [0.737056, 0.759194)	                 ###	Count: 3 (13.0435%)	Total: 19 (82.6087%)
[cartographer_node-1] [0.759194, 0.781331)	                 ###	Count: 3 (13.0435%)	Total: 22 (95.6522%)
[cartographer_node-1] [0.781331, 0.803468]	                   #	Count: 1 (4.34783%)	Total: 23 (100%)
[cartographer_node-1] [INFO] [1778822219.060175189] [cartographer logger]: I0515 14:16:59.000000 52150 pose_graph_2d.cc:538] Remaining work items in queue: 0
[cartographer_node-1] [INFO] [1778822219.104509457] [cartographer logger]: I0515 14:16:59.000000 52136 pose_graph_2d.cc:148] Inserted submap (1, 5).
[cartographer_node-1] [INFO] [1778822219.217909262] [cartographer logger]: I0515 14:16:59.000000 52152 constraint_builder_2d.cc:279] Node (0, 254) with 212 points on submap (1, 3) matches with score 59.4%.
[cartographer_node-1] [INFO] [1778822219.265252449] [cartographer logger]: I0515 14:16:59.000000 52153 constraint_builder_2d.cc:279] Node (0, 654) with 205 points on submap (1, 3) matches with score 61.1%.
[cartographer_node-1] [INFO] [1778822219.274889466] [cartographer logger]: I0515 14:16:59.000000 52151 constraint_builder_2d.cc:279] Node (0, 54) with 207 points on submap (1, 3) matches with score 58.1%.
[cartographer_node-1] [INFO] [1778822219.303973987] [cartographer logger]: I0515 14:16:59.000000 52152 constraint_builder_2d.cc:279] Node (0, 1054) with 178 points on submap (1, 3) matches with score 68.9%.
[cartographer_node-1] [INFO] [1778822219.319307456] [cartographer logger]: I0515 14:16:59.000000 52153 constraint_builder_2d.cc:279] Node (0, 454) with 189 points on submap (1, 3) matches with score 70.3%.
[cartographer_node-1] [INFO] [1778822219.407310865] [cartographer logger]: I0515 14:16:59.000000 52151 constraint_builder_2d.cc:279] Node (0, 1254) with 208 points on submap (1, 3) matches with score 65.8%.
[cartographer_node-1] [INFO] [1778822219.407361800] [cartographer logger]: I0515 14:16:59.000000 52151 constraint_builder_2d.cc:294] 8 computations resulted in 6 additional constraints.
[cartographer_node-1] [INFO] [1778822219.407400329] [cartographer logger]: I0515 14:16:59.000000 52151 constraint_builder_2d.cc:296] Score histogram:
[cartographer_node-1] Count: 29  Min: 0.580591  Max: 0.803468  Mean: 0.682615
[cartographer_node-1] [0.580591, 0.602879)	               #####	Count: 7 (24.1379%)	Total: 7 (24.1379%)
[cartographer_node-1] [0.602879, 0.625166)	                   #	Count: 1 (3.44828%)	Total: 8 (27.5862%)
[cartographer_node-1] [0.625166, 0.647454)	                   #	Count: 1 (3.44828%)	Total: 9 (31.0345%)
[cartographer_node-1] [0.647454, 0.669742)	                   #	Count: 1 (3.44828%)	Total: 10 (34.4828%)
[cartographer_node-1] [0.669742, 0.692029)	                 ###	Count: 5 (17.2414%)	Total: 15 (51.7241%)
[cartographer_node-1] [0.692029, 0.714317)	                  ##	Count: 3 (10.3448%)	Total: 18 (62.069%)
[cartographer_node-1] [0.714317, 0.736605)	                 ###	Count: 4 (13.7931%)	Total: 22 (75.8621%)
[cartographer_node-1] [0.736605, 0.758893)	                  ##	Count: 3 (10.3448%)	Total: 25 (86.2069%)
[cartographer_node-1] [0.758893, 0.781180)	                  ##	Count: 3 (10.3448%)	Total: 28 (96.5517%)
[cartographer_node-1] [0.781180, 0.803468]	                   #	Count: 1 (3.44828%)	Total: 29 (100%)
[cartographer_node-1] [INFO] [1778822219.454298488] [cartographer logger]: I0515 14:16:59.000000 52151 pose_graph_2d.cc:538] Remaining work items in queue: 48
[cartographer_node-1] [INFO] [1778822219.454346776] [cartographer logger]: I0515 14:16:59.000000 52151 constraint_builder_2d.cc:294] 0 computations resulted in 0 additional constraints.
[cartographer_node-1] [INFO] [1778822219.454502886] [cartographer logger]: I0515 14:16:59.000000 52151 constraint_builder_2d.cc:296] Score histogram:
[cartographer_node-1] Count: 29  Min: 0.580591  Max: 0.803468  Mean: 0.682615
[cartographer_node-1] [0.580591, 0.602879)	               #####	Count: 7 (24.1379%)	Total: 7 (24.1379%)
[cartographer_node-1] [0.602879, 0.625166)	                   #	Count: 1 (3.44828%)	Total: 8 (27.5862%)
[cartographer_node-1] [0.625166, 0.647454)	                   #	Count: 1 (3.44828%)	Total: 9 (31.0345%)
[cartographer_node-1] [0.647454, 0.669742)	                   #	Count: 1 (3.44828%)	Total: 10 (34.4828%)
[cartographer_node-1] [0.669742, 0.692029)	                 ###	Count: 5 (17.2414%)	Total: 15 (51.7241%)
[cartographer_node-1] [0.692029, 0.714317)	                  ##	Count: 3 (10.3448%)	Total: 18 (62.069%)
[cartographer_node-1] [0.714317, 0.736605)	                 ###	Count: 4 (13.7931%)	Total: 22 (75.8621%)
[cartographer_node-1] [0.736605, 0.758893)	                  ##	Count: 3 (10.3448%)	Total: 25 (86.2069%)
[cartographer_node-1] [0.758893, 0.781180)	                  ##	Count: 3 (10.3448%)	Total: 28 (96.5517%)
[cartographer_node-1] [0.781180, 0.803468]	                   #	Count: 1 (3.44828%)	Total: 29 (100%)
[cartographer_node-1] [INFO] [1778822219.480383788] [cartographer logger]: I0515 14:16:59.000000 52151 pose_graph_2d.cc:538] Remaining work items in queue: 44
[cartographer_node-1] [INFO] [1778822219.480420489] [cartographer logger]: I0515 14:16:59.000000 52151 constraint_builder_2d.cc:294] 0 computations resulted in 0 additional constraints.
[cartographer_node-1] [INFO] [1778822219.480505721] [cartographer logger]: I0515 14:16:59.000000 52151 constraint_builder_2d.cc:296] Score histogram:
[cartographer_node-1] Count: 29  Min: 0.580591  Max: 0.803468  Mean: 0.682615
[cartographer_node-1] [0.580591, 0.602879)	               #####	Count: 7 (24.1379%)	Total: 7 (24.1379%)
[cartographer_node-1] [0.602879, 0.625166)	                   #	Count: 1 (3.44828%)	Total: 8 (27.5862%)
[cartographer_node-1] [0.625166, 0.647454)	                   #	Count: 1 (3.44828%)	Total: 9 (31.0345%)
[cartographer_node-1] [0.647454, 0.669742)	                   #	Count: 1 (3.44828%)	Total: 10 (34.4828%)
[cartographer_node-1] [0.669742, 0.692029)	                 ###	Count: 5 (17.2414%)	Total: 15 (51.7241%)
[cartographer_node-1] [0.692029, 0.714317)	                  ##	Count: 3 (10.3448%)	Total: 18 (62.069%)
[cartographer_node-1] [0.714317, 0.736605)	                 ###	Count: 4 (13.7931%)	Total: 22 (75.8621%)
[cartographer_node-1] [0.736605, 0.758893)	                  ##	Count: 3 (10.3448%)	Total: 25 (86.2069%)
[cartographer_node-1] [0.758893, 0.781180)	                  ##	Count: 3 (10.3448%)	Total: 28 (96.5517%)
[cartographer_node-1] [0.781180, 0.803468]	                   #	Count: 1 (3.44828%)	Total: 29 (100%)
[cartographer_node-1] [INFO] [1778822219.534483909] [cartographer logger]: I0515 14:16:59.000000 52151 pose_graph_2d.cc:538] Remaining work items in queue: 40
[cartographer_node-1] [INFO] [1778822219.534554843] [cartographer logger]: I0515 14:16:59.000000 52151 constraint_builder_2d.cc:294] 0 computations resulted in 0 additional constraints.
[cartographer_node-1] [INFO] [1778822219.534659728] [cartographer logger]: I0515 14:16:59.000000 52151 constraint_builder_2d.cc:296] Score histogram:
[cartographer_node-1] Count: 29  Min: 0.580591  Max: 0.803468  Mean: 0.682615
[cartographer_node-1] [0.580591, 0.602879)	               #####	Count: 7 (24.1379%)	Total: 7 (24.1379%)
[cartographer_node-1] [0.602879, 0.625166)	                   #	Count: 1 (3.44828%)	Total: 8 (27.5862%)
[cartographer_node-1] [0.625166, 0.647454)	                   #	Count: 1 (3.44828%)	Total: 9 (31.0345%)
[cartographer_node-1] [0.647454, 0.669742)	                   #	Count: 1 (3.44828%)	Total: 10 (34.4828%)
[cartographer_node-1] [0.669742, 0.692029)	                 ###	Count: 5 (17.2414%)	Total: 15 (51.7241%)
[cartographer_node-1] [0.692029, 0.714317)	                  ##	Count: 3 (10.3448%)	Total: 18 (62.069%)
[cartographer_node-1] [0.714317, 0.736605)	                 ###	Count: 4 (13.7931%)	Total: 22 (75.8621%)
[cartographer_node-1] [0.736605, 0.758893)	                  ##	Count: 3 (10.3448%)	Total: 25 (86.2069%)
[cartographer_node-1] [0.758893, 0.781180)	                  ##	Count: 3 (10.3448%)	Total: 28 (96.5517%)
[cartographer_node-1] [0.781180, 0.803468]	                   #	Count: 1 (3.44828%)	Total: 29 (100%)
[cartographer_node-1] [INFO] [1778822219.561907018] [cartographer logger]: I0515 14:16:59.000000 52151 pose_graph_2d.cc:538] Remaining work items in queue: 39
[cartographer_node-1] [INFO] [1778822219.615142727] [cartographer logger]: I0515 14:16:59.000000 52150 constraint_builder_2d.cc:279] Node (1, 457) with 201 points on submap (0, 2) matches with score 80.2%.
[cartographer_node-1] [INFO] [1778822219.615180619] [cartographer logger]: I0515 14:16:59.000000 52150 constraint_builder_2d.cc:294] 1 computations resulted in 1 additional constraints.
[cartographer_node-1] [INFO] [1778822219.615244577] [cartographer logger]: I0515 14:16:59.000000 52150 constraint_builder_2d.cc:296] Score histogram:
[cartographer_node-1] Count: 30  Min: 0.580591  Max: 0.803468  Mean: 0.686596
[cartographer_node-1] [0.580591, 0.602879)	               #####	Count: 7 (23.3333%)	Total: 7 (23.3333%)
[cartographer_node-1] [0.602879, 0.625166)	                   #	Count: 1 (3.33333%)	Total: 8 (26.6667%)
[cartographer_node-1] [0.625166, 0.647454)	                   #	Count: 1 (3.33333%)	Total: 9 (30%)
[cartographer_node-1] [0.647454, 0.669742)	                   #	Count: 1 (3.33333%)	Total: 10 (33.3333%)
[cartographer_node-1] [0.669742, 0.692029)	                 ###	Count: 5 (16.6667%)	Total: 15 (50%)
[cartographer_node-1] [0.692029, 0.714317)	                  ##	Count: 3 (10%)	Total: 18 (60%)
[cartographer_node-1] [0.714317, 0.736605)	                 ###	Count: 4 (13.3333%)	Total: 22 (73.3333%)
[cartographer_node-1] [0.736605, 0.758893)	                  ##	Count: 3 (10%)	Total: 25 (83.3333%)
[cartographer_node-1] [0.758893, 0.781180)	                  ##	Count: 3 (10%)	Total: 28 (93.3333%)
[cartographer_node-1] [0.781180, 0.803468]	                   #	Count: 2 (6.66667%)	Total: 30 (100%)
[cartographer_node-1] [INFO] [1778822219.654037258] [cartographer logger]: I0515 14:16:59.000000 52150 pose_graph_2d.cc:538] Remaining work items in queue: 43
[cartographer_node-1] [INFO] [1778822219.654092937] [cartographer logger]: I0515 14:16:59.000000 52150 constraint_builder_2d.cc:294] 0 computations resulted in 0 additional constraints.
[cartographer_node-1] [INFO] [1778822219.654603047] [cartographer logger]: I0515 14:16:59.000000 52150 constraint_builder_2d.cc:296] Score histogram:
[cartographer_node-1] Count: 30  Min: 0.580591  Max: 0.803468  Mean: 0.686596
[cartographer_node-1] [0.580591, 0.602879)	               #####	Count: 7 (23.3333%)	Total: 7 (23.3333%)
[cartographer_node-1] [0.602879, 0.625166)	                   #	Count: 1 (3.33333%)	Total: 8 (26.6667%)
[cartographer_node-1] [0.625166, 0.647454)	                   #	Count: 1 (3.33333%)	Total: 9 (30%)
[cartographer_node-1] [0.647454, 0.669742)	                   #	Count: 1 (3.33333%)	Total: 10 (33.3333%)
[cartographer_node-1] [0.669742, 0.692029)	                 ###	Count: 5 (16.6667%)	Total: 15 (50%)
[cartographer_node-1] [0.692029, 0.714317)	                  ##	Count: 3 (10%)	Total: 18 (60%)
[cartographer_node-1] [0.714317, 0.736605)	                 ###	Count: 4 (13.3333%)	Total: 22 (73.3333%)
[cartographer_node-1] [0.736605, 0.758893)	                  ##	Count: 3 (10%)	Total: 25 (83.3333%)
[cartographer_node-1] [0.758893, 0.781180)	                  ##	Count: 3 (10%)	Total: 28 (93.3333%)
[cartographer_node-1] [0.781180, 0.803468]	                   #	Count: 2 (6.66667%)	Total: 30 (100%)
[cartographer_node-1] [INFO] [1778822219.680581993] [cartographer logger]: I0515 14:16:59.000000 52150 pose_graph_2d.cc:538] Remaining work items in queue: 43
[cartographer_node-1] [INFO] [1778822219.680633096] [cartographer logger]: I0515 14:16:59.000000 52150 constraint_builder_2d.cc:294] 0 computations resulted in 0 additional constraints.
[cartographer_node-1] [INFO] [1778822219.681007272] [cartographer logger]: I0515 14:16:59.000000 52150 constraint_builder_2d.cc:296] Score histogram:
[cartographer_node-1] Count: 30  Min: 0.580591  Max: 0.803468  Mean: 0.686596
[cartographer_node-1] [0.580591, 0.602879)	               #####	Count: 7 (23.3333%)	Total: 7 (23.3333%)
[cartographer_node-1] [0.602879, 0.625166)	                   #	Count: 1 (3.33333%)	Total: 8 (26.6667%)
[cartographer_node-1] [0.625166, 0.647454)	                   #	Count: 1 (3.33333%)	Total: 9 (30%)
[cartographer_node-1] [0.647454, 0.669742)	                   #	Count: 1 (3.33333%)	Total: 10 (33.3333%)
[cartographer_node-1] [0.669742, 0.692029)	                 ###	Count: 5 (16.6667%)	Total: 15 (50%)
[cartographer_node-1] [0.692029, 0.714317)	                  ##	Count: 3 (10%)	Total: 18 (60%)
[cartographer_node-1] [0.714317, 0.736605)	                 ###	Count: 4 (13.3333%)	Total: 22 (73.3333%)
[cartographer_node-1] [0.736605, 0.758893)	                  ##	Count: 3 (10%)	Total: 25 (83.3333%)
[cartographer_node-1] [0.758893, 0.781180)	                  ##	Count: 3 (10%)	Total: 28 (93.3333%)
[cartographer_node-1] [0.781180, 0.803468]	                   #	Count: 2 (6.66667%)	Total: 30 (100%)
[cartographer_node-1] [INFO] [1778822219.704436893] [cartographer logger]: I0515 14:16:59.000000 52150 pose_graph_2d.cc:538] Remaining work items in queue: 39
[cartographer_node-1] [INFO] [1778822219.704493216] [cartographer logger]: I0515 14:16:59.000000 52150 constraint_builder_2d.cc:294] 0 computations resulted in 0 additional constraints.
[cartographer_node-1] [INFO] [1778822219.704937151] [cartographer logger]: I0515 14:16:59.000000 52150 constraint_builder_2d.cc:296] Score histogram:
[cartographer_node-1] Count: 30  Min: 0.580591  Max: 0.803468  Mean: 0.686596
[cartographer_node-1] [0.580591, 0.602879)	               #####	Count: 7 (23.3333%)	Total: 7 (23.3333%)
[cartographer_node-1] [0.602879, 0.625166)	                   #	Count: 1 (3.33333%)	Total: 8 (26.6667%)
[cartographer_node-1] [0.625166, 0.647454)	                   #	Count: 1 (3.33333%)	Total: 9 (30%)
[cartographer_node-1] [0.647454, 0.669742)	                   #	Count: 1 (3.33333%)	Total: 10 (33.3333%)
[cartographer_node-1] [0.669742, 0.692029)	                 ###	Count: 5 (16.6667%)	Total: 15 (50%)
[cartographer_node-1] [0.692029, 0.714317)	                  ##	Count: 3 (10%)	Total: 18 (60%)
[cartographer_node-1] [0.714317, 0.736605)	                 ###	Count: 4 (13.3333%)	Total: 22 (73.3333%)
[cartographer_node-1] [0.736605, 0.758893)	                  ##	Count: 3 (10%)	Total: 25 (83.3333%)
[cartographer_node-1] [0.758893, 0.781180)	                  ##	Count: 3 (10%)	Total: 28 (93.3333%)
[cartographer_node-1] [0.781180, 0.803468]	                   #	Count: 2 (6.66667%)	Total: 30 (100%)
[cartographer_node-1] [INFO] [1778822219.727484829] [cartographer logger]: I0515 14:16:59.000000 52150 pose_graph_2d.cc:538] Remaining work items in queue: 36
[cartographer_node-1] [INFO] [1778822219.727539154] [cartographer logger]: I0515 14:16:59.000000 52150 constraint_builder_2d.cc:294] 0 computations resulted in 0 additional constraints.
[cartographer_node-1] [INFO] [1778822219.727977999] [cartographer logger]: I0515 14:16:59.000000 52150 constraint_builder_2d.cc:296] Score histogram:
[cartographer_node-1] Count: 30  Min: 0.580591  Max: 0.803468  Mean: 0.686596
[cartographer_node-1] [0.580591, 0.602879)	               #####	Count: 7 (23.3333%)	Total: 7 (23.3333%)
[cartographer_node-1] [0.602879, 0.625166)	                   #	Count: 1 (3.33333%)	Total: 8 (26.6667%)
[cartographer_node-1] [0.625166, 0.647454)	                   #	Count: 1 (3.33333%)	Total: 9 (30%)
[cartographer_node-1] [0.647454, 0.669742)	                   #	Count: 1 (3.33333%)	Total: 10 (33.3333%)
[cartographer_node-1] [0.669742, 0.692029)	                 ###	Count: 5 (16.6667%)	Total: 15 (50%)
[cartographer_node-1] [0.692029, 0.714317)	                  ##	Count: 3 (10%)	Total: 18 (60%)
[cartographer_node-1] [0.714317, 0.736605)	                 ###	Count: 4 (13.3333%)	Total: 22 (73.3333%)
[cartographer_node-1] [0.736605, 0.758893)	                  ##	Count: 3 (10%)	Total: 25 (83.3333%)
[cartographer_node-1] [0.758893, 0.781180)	                  ##	Count: 3 (10%)	Total: 28 (93.3333%)
[cartographer_node-1] [0.781180, 0.803468]	                   #	Count: 2 (6.66667%)	Total: 30 (100%)
[cartographer_node-1] [INFO] [1778822219.748147830] [cartographer logger]: I0515 14:16:59.000000 52150 pose_graph_2d.cc:538] Remaining work items in queue: 31
[cartographer_node-1] [INFO] [1778822219.748179897] [cartographer logger]: I0515 14:16:59.000000 52150 constraint_builder_2d.cc:294] 0 computations resulted in 0 additional constraints.
[cartographer_node-1] [INFO] [1778822219.748501339] [cartographer logger]: I0515 14:16:59.000000 52150 constraint_builder_2d.cc:296] Score histogram:
[cartographer_node-1] Count: 30  Min: 0.580591  Max: 0.803468  Mean: 0.686596
[cartographer_node-1] [0.580591, 0.602879)	               #####	Count: 7 (23.3333%)	Total: 7 (23.3333%)
[cartographer_node-1] [0.602879, 0.625166)	                   #	Count: 1 (3.33333%)	Total: 8 (26.6667%)
[cartographer_node-1] [0.625166, 0.647454)	                   #	Count: 1 (3.33333%)	Total: 9 (30%)
[cartographer_node-1] [0.647454, 0.669742)	                   #	Count: 1 (3.33333%)	Total: 10 (33.3333%)
[cartographer_node-1] [0.669742, 0.692029)	                 ###	Count: 5 (16.6667%)	Total: 15 (50%)
[cartographer_node-1] [0.692029, 0.714317)	                  ##	Count: 3 (10%)	Total: 18 (60%)
[cartographer_node-1] [0.714317, 0.736605)	                 ###	Count: 4 (13.3333%)	Total: 22 (73.3333%)
[cartographer_node-1] [0.736605, 0.758893)	                  ##	Count: 3 (10%)	Total: 25 (83.3333%)
[cartographer_node-1] [0.758893, 0.781180)	                  ##	Count: 3 (10%)	Total: 28 (93.3333%)
[cartographer_node-1] [0.781180, 0.803468]	                   #	Count: 2 (6.66667%)	Total: 30 (100%)
[cartographer_node-1] [INFO] [1778822219.770647851] [cartographer logger]: I0515 14:16:59.000000 52150 pose_graph_2d.cc:538] Remaining work items in queue: 25
[cartographer_node-1] [INFO] [1778822219.770695218] [cartographer logger]: I0515 14:16:59.000000 52150 constraint_builder_2d.cc:294] 0 computations resulted in 0 additional constraints.
[cartographer_node-1] [INFO] [1778822219.771081703] [cartographer logger]: I0515 14:16:59.000000 52150 constraint_builder_2d.cc:296] Score histogram:
[cartographer_node-1] Count: 30  Min: 0.580591  Max: 0.803468  Mean: 0.686596
[cartographer_node-1] [0.580591, 0.602879)	               #####	Count: 7 (23.3333%)	Total: 7 (23.3333%)
[cartographer_node-1] [0.602879, 0.625166)	                   #	Count: 1 (3.33333%)	Total: 8 (26.6667%)
[cartographer_node-1] [0.625166, 0.647454)	                   #	Count: 1 (3.33333%)	Total: 9 (30%)
[cartographer_node-1] [0.647454, 0.669742)	                   #	Count: 1 (3.33333%)	Total: 10 (33.3333%)
[cartographer_node-1] [0.669742, 0.692029)	                 ###	Count: 5 (16.6667%)	Total: 15 (50%)
[cartographer_node-1] [0.692029, 0.714317)	                  ##	Count: 3 (10%)	Total: 18 (60%)
[cartographer_node-1] [0.714317, 0.736605)	                 ###	Count: 4 (13.3333%)	Total: 22 (73.3333%)
[cartographer_node-1] [0.736605, 0.758893)	                  ##	Count: 3 (10%)	Total: 25 (83.3333%)
[cartographer_node-1] [0.758893, 0.781180)	                  ##	Count: 3 (10%)	Total: 28 (93.3333%)
[cartographer_node-1] [0.781180, 0.803468]	                   #	Count: 2 (6.66667%)	Total: 30 (100%)
[cartographer_node-1] [INFO] [1778822219.792870045] [cartographer logger]: I0515 14:16:59.000000 52150 pose_graph_2d.cc:538] Remaining work items in queue: 22
[cartographer_node-1] [INFO] [1778822219.911182121] [cartographer logger]: I0515 14:16:59.000000 52152 constraint_builder_2d.cc:294] 1 computations resulted in 0 additional constraints.
[cartographer_node-1] [INFO] [1778822219.911234569] [cartographer logger]: I0515 14:16:59.000000 52152 constraint_builder_2d.cc:296] Score histogram:
[cartographer_node-1] Count: 30  Min: 0.580591  Max: 0.803468  Mean: 0.686596
[cartographer_node-1] [0.580591, 0.602879)	               #####	Count: 7 (23.3333%)	Total: 7 (23.3333%)
[cartographer_node-1] [0.602879, 0.625166)	                   #	Count: 1 (3.33333%)	Total: 8 (26.6667%)
[cartographer_node-1] [0.625166, 0.647454)	                   #	Count: 1 (3.33333%)	Total: 9 (30%)
[cartographer_node-1] [0.647454, 0.669742)	                   #	Count: 1 (3.33333%)	Total: 10 (33.3333%)
[cartographer_node-1] [0.669742, 0.692029)	                 ###	Count: 5 (16.6667%)	Total: 15 (50%)
[cartographer_node-1] [0.692029, 0.714317)	                  ##	Count: 3 (10%)	Total: 18 (60%)
[cartographer_node-1] [0.714317, 0.736605)	                 ###	Count: 4 (13.3333%)	Total: 22 (73.3333%)
[cartographer_node-1] [0.736605, 0.758893)	                  ##	Count: 3 (10%)	Total: 25 (83.3333%)
[cartographer_node-1] [0.758893, 0.781180)	                  ##	Count: 3 (10%)	Total: 28 (93.3333%)
[cartographer_node-1] [0.781180, 0.803468]	                   #	Count: 2 (6.66667%)	Total: 30 (100%)
[cartographer_node-1] [INFO] [1778822219.933155755] [cartographer logger]: I0515 14:16:59.000000 52152 pose_graph_2d.cc:538] Remaining work items in queue: 36
[cartographer_node-1] [INFO] [1778822219.933191024] [cartographer logger]: I0515 14:16:59.000000 52152 constraint_builder_2d.cc:294] 0 computations resulted in 0 additional constraints.
[cartographer_node-1] [INFO] [1778822219.933258541] [cartographer logger]: I0515 14:16:59.000000 52152 constraint_builder_2d.cc:296] Score histogram:
[cartographer_node-1] Count: 30  Min: 0.580591  Max: 0.803468  Mean: 0.686596
[cartographer_node-1] [0.580591, 0.602879)	               #####	Count: 7 (23.3333%)	Total: 7 (23.3333%)
[cartographer_node-1] [0.602879, 0.625166)	                   #	Count: 1 (3.33333%)	Total: 8 (26.6667%)
[cartographer_node-1] [0.625166, 0.647454)	                   #	Count: 1 (3.33333%)	Total: 9 (30%)
[cartographer_node-1] [0.647454, 0.669742)	                   #	Count: 1 (3.33333%)	Total: 10 (33.3333%)
[cartographer_node-1] [0.669742, 0.692029)	                 ###	Count: 5 (16.6667%)	Total: 15 (50%)
[cartographer_node-1] [0.692029, 0.714317)	                  ##	Count: 3 (10%)	Total: 18 (60%)
[cartographer_node-1] [0.714317, 0.736605)	                 ###	Count: 4 (13.3333%)	Total: 22 (73.3333%)
[cartographer_node-1] [0.736605, 0.758893)	                  ##	Count: 3 (10%)	Total: 25 (83.3333%)
[cartographer_node-1] [0.758893, 0.781180)	                  ##	Count: 3 (10%)	Total: 28 (93.3333%)
[cartographer_node-1] [0.781180, 0.803468]	                   #	Count: 2 (6.66667%)	Total: 30 (100%)
[cartographer_node-1] [INFO] [1778822219.958834846] [cartographer logger]: I0515 14:16:59.000000 52152 pose_graph_2d.cc:538] Remaining work items in queue: 24
[cartographer_node-1] [INFO] [1778822219.958873609] [cartographer logger]: I0515 14:16:59.000000 52152 constraint_builder_2d.cc:294] 0 computations resulted in 0 additional constraints.
[cartographer_node-1] [INFO] [1778822219.959211329] [cartographer logger]: I0515 14:16:59.000000 52152 constraint_builder_2d.cc:296] Score histogram:
[cartographer_node-1] Count: 30  Min: 0.580591  Max: 0.803468  Mean: 0.686596
[cartographer_node-1] [0.580591, 0.602879)	               #####	Count: 7 (23.3333%)	Total: 7 (23.3333%)
[cartographer_node-1] [0.602879, 0.625166)	                   #	Count: 1 (3.33333%)	Total: 8 (26.6667%)
[cartographer_node-1] [0.625166, 0.647454)	                   #	Count: 1 (3.33333%)	Total: 9 (30%)
[cartographer_node-1] [0.647454, 0.669742)	                   #	Count: 1 (3.33333%)	Total: 10 (33.3333%)
[cartographer_node-1] [0.669742, 0.692029)	                 ###	Count: 5 (16.6667%)	Total: 15 (50%)
[cartographer_node-1] [0.692029, 0.714317)	                  ##	Count: 3 (10%)	Total: 18 (60%)
[cartographer_node-1] [0.714317, 0.736605)	                 ###	Count: 4 (13.3333%)	Total: 22 (73.3333%)
[cartographer_node-1] [0.736605, 0.758893)	                  ##	Count: 3 (10%)	Total: 25 (83.3333%)
[cartographer_node-1] [0.758893, 0.781180)	                  ##	Count: 3 (10%)	Total: 28 (93.3333%)
[cartographer_node-1] [0.781180, 0.803468]	                   #	Count: 2 (6.66667%)	Total: 30 (100%)
[cartographer_node-1] [INFO] [1778822219.982643707] [cartographer logger]: I0515 14:16:59.000000 52152 pose_graph_2d.cc:538] Remaining work items in queue: 6
[cartographer_node-1] [INFO] [1778822219.982700067] [cartographer logger]: I0515 14:16:59.000000 52152 constraint_builder_2d.cc:294] 0 computations resulted in 0 additional constraints.
[cartographer_node-1] [INFO] [1778822219.983006847] [cartographer logger]: I0515 14:16:59.000000 52152 constraint_builder_2d.cc:296] Score histogram:
[cartographer_node-1] Count: 30  Min: 0.580591  Max: 0.803468  Mean: 0.686596
[cartographer_node-1] [0.580591, 0.602879)	               #####	Count: 7 (23.3333%)	Total: 7 (23.3333%)
[cartographer_node-1] [0.602879, 0.625166)	                   #	Count: 1 (3.33333%)	Total: 8 (26.6667%)
[cartographer_node-1] [0.625166, 0.647454)	                   #	Count: 1 (3.33333%)	Total: 9 (30%)
[cartographer_node-1] [0.647454, 0.669742)	                   #	Count: 1 (3.33333%)	Total: 10 (33.3333%)
[cartographer_node-1] [0.669742, 0.692029)	                 ###	Count: 5 (16.6667%)	Total: 15 (50%)
[cartographer_node-1] [0.692029, 0.714317)	                  ##	Count: 3 (10%)	Total: 18 (60%)
[cartographer_node-1] [0.714317, 0.736605)	                 ###	Count: 4 (13.3333%)	Total: 22 (73.3333%)
[cartographer_node-1] [0.736605, 0.758893)	                  ##	Count: 3 (10%)	Total: 25 (83.3333%)
[cartographer_node-1] [0.758893, 0.781180)	                  ##	Count: 3 (10%)	Total: 28 (93.3333%)
[cartographer_node-1] [0.781180, 0.803468]	                   #	Count: 2 (6.66667%)	Total: 30 (100%)
[cartographer_node-1] [INFO] [1778822220.076550527] [cartographer logger]: I0515 14:17:00.000000 52150 pose_graph_2d.cc:538] Remaining work items in queue: 0
[cartographer_node-1] [INFO] [1778822220.076604704] [cartographer logger]: I0515 14:17:00.000000 52150 constraint_builder_2d.cc:294] 0 computations resulted in 0 additional constraints.
[cartographer_node-1] [INFO] [1778822220.077127787] [cartographer logger]: I0515 14:17:00.000000 52150 constraint_builder_2d.cc:296] Score histogram:
[cartographer_node-1] Count: 30  Min: 0.580591  Max: 0.803468  Mean: 0.686596
[cartographer_node-1] [0.580591, 0.602879)	               #####	Count: 7 (23.3333%)	Total: 7 (23.3333%)
[cartographer_node-1] [0.602879, 0.625166)	                   #	Count: 1 (3.33333%)	Total: 8 (26.6667%)
[cartographer_node-1] [0.625166, 0.647454)	                   #	Count: 1 (3.33333%)	Total: 9 (30%)
[cartographer_node-1] [0.647454, 0.669742)	                   #	Count: 1 (3.33333%)	Total: 10 (33.3333%)
[cartographer_node-1] [0.669742, 0.692029)	                 ###	Count: 5 (16.6667%)	Total: 15 (50%)
[cartographer_node-1] [0.692029, 0.714317)	                  ##	Count: 3 (10%)	Total: 18 (60%)
[cartographer_node-1] [0.714317, 0.736605)	                 ###	Count: 4 (13.3333%)	Total: 22 (73.3333%)
[cartographer_node-1] [0.736605, 0.758893)	                  ##	Count: 3 (10%)	Total: 25 (83.3333%)
[cartographer_node-1] [0.758893, 0.781180)	                  ##	Count: 3 (10%)	Total: 28 (93.3333%)
[cartographer_node-1] [0.781180, 0.803468]	                   #	Count: 2 (6.66667%)	Total: 30 (100%)
[cartographer_node-1] [INFO] [1778822220.170898491] [cartographer logger]: I0515 14:17:00.000000 52150 pose_graph_2d.cc:538] Remaining work items in queue: 0
[cartographer_node-1] [INFO] [1778822220.170942894] [cartographer logger]: I0515 14:17:00.000000 52150 constraint_builder_2d.cc:294] 0 computations resulted in 0 additional constraints.
[cartographer_node-1] [INFO] [1778822220.171429456] [cartographer logger]: I0515 14:17:00.000000 52150 constraint_builder_2d.cc:296] Score histogram:
[cartographer_node-1] Count: 30  Min: 0.580591  Max: 0.803468  Mean: 0.686596
[cartographer_node-1] [0.580591, 0.602879)	               #####	Count: 7 (23.3333%)	Total: 7 (23.3333%)
[cartographer_node-1] [0.602879, 0.625166)	                   #	Count: 1 (3.33333%)	Total: 8 (26.6667%)
[cartographer_node-1] [0.625166, 0.647454)	                   #	Count: 1 (3.33333%)	Total: 9 (30%)
[cartographer_node-1] [0.647454, 0.669742)	                   #	Count: 1 (3.33333%)	Total: 10 (33.3333%)
[cartographer_node-1] [0.669742, 0.692029)	                 ###	Count: 5 (16.6667%)	Total: 15 (50%)
[cartographer_node-1] [0.692029, 0.714317)	                  ##	Count: 3 (10%)	Total: 18 (60%)
[cartographer_node-1] [0.714317, 0.736605)	                 ###	Count: 4 (13.3333%)	Total: 22 (73.3333%)
[cartographer_node-1] [0.736605, 0.758893)	                  ##	Count: 3 (10%)	Total: 25 (83.3333%)
[cartographer_node-1] [0.758893, 0.781180)	                  ##	Count: 3 (10%)	Total: 28 (93.3333%)
[cartographer_node-1] [0.781180, 0.803468]	                   #	Count: 2 (6.66667%)	Total: 30 (100%)
[cartographer_node-1] [INFO] [1778822220.275893147] [cartographer logger]: I0515 14:17:00.000000 52152 pose_graph_2d.cc:538] Remaining work items in queue: 0
[cartographer_node-1] [INFO] [1778822220.275949911] [cartographer logger]: I0515 14:17:00.000000 52152 constraint_builder_2d.cc:294] 0 computations resulted in 0 additional constraints.
[cartographer_node-1] [INFO] [1778822220.276069491] [cartographer logger]: I0515 14:17:00.000000 52152 constraint_builder_2d.cc:296] Score histogram:
[cartographer_node-1] Count: 30  Min: 0.580591  Max: 0.803468  Mean: 0.686596
[cartographer_node-1] [0.580591, 0.602879)	               #####	Count: 7 (23.3333%)	Total: 7 (23.3333%)
[cartographer_node-1] [0.602879, 0.625166)	                   #	Count: 1 (3.33333%)	Total: 8 (26.6667%)
[cartographer_node-1] [0.625166, 0.647454)	                   #	Count: 1 (3.33333%)	Total: 9 (30%)
[cartographer_node-1] [0.647454, 0.669742)	                   #	Count: 1 (3.33333%)	Total: 10 (33.3333%)
[cartographer_node-1] [0.669742, 0.692029)	                 ###	Count: 5 (16.6667%)	Total: 15 (50%)
[cartographer_node-1] [0.692029, 0.714317)	                  ##	Count: 3 (10%)	Total: 18 (60%)
[cartographer_node-1] [0.714317, 0.736605)	                 ###	Count: 4 (13.3333%)	Total: 22 (73.3333%)
[cartographer_node-1] [0.736605, 0.758893)	                  ##	Count: 3 (10%)	Total: 25 (83.3333%)
[cartographer_node-1] [0.758893, 0.781180)	                  ##	Count: 3 (10%)	Total: 28 (93.3333%)
[cartographer_node-1] [0.781180, 0.803468]	                   #	Count: 2 (6.66667%)	Total: 30 (100%)
[cartographer_node-1] [INFO] [1778822220.430262732] [cartographer logger]: I0515 14:17:00.000000 52150 pose_graph_2d.cc:538] Remaining work items in queue: 0
[cartographer_node-1] [INFO] [1778822220.463015689] [cartographer logger]: I0515 14:17:00.000000 52152 constraint_builder_2d.cc:279] Node (1, 485) with 204 points on submap (0, 10) matches with score 71.0%.
[cartographer_node-1] [INFO] [1778822220.463074199] [cartographer logger]: I0515 14:17:00.000000 52152 constraint_builder_2d.cc:294] 1 computations resulted in 1 additional constraints.
[cartographer_node-1] [INFO] [1778822220.463104698] [cartographer logger]: I0515 14:17:00.000000 52152 constraint_builder_2d.cc:296] Score histogram:
[cartographer_node-1] Count: 31  Min: 0.580591  Max: 0.803468  Mean: 0.68736
[cartographer_node-1] [0.580591, 0.602879)	               #####	Count: 7 (22.5806%)	Total: 7 (22.5806%)
[cartographer_node-1] [0.602879, 0.625166)	                   #	Count: 1 (3.22581%)	Total: 8 (25.8065%)
[cartographer_node-1] [0.625166, 0.647454)	                   #	Count: 1 (3.22581%)	Total: 9 (29.0323%)
[cartographer_node-1] [0.647454, 0.669742)	                   #	Count: 1 (3.22581%)	Total: 10 (32.2581%)
[cartographer_node-1] [0.669742, 0.692029)	                 ###	Count: 5 (16.129%)	Total: 15 (48.3871%)
[cartographer_node-1] [0.692029, 0.714317)	                 ###	Count: 4 (12.9032%)	Total: 19 (61.2903%)
[cartographer_node-1] [0.714317, 0.736605)	                 ###	Count: 4 (12.9032%)	Total: 23 (74.1936%)
[cartographer_node-1] [0.736605, 0.758893)	                  ##	Count: 3 (9.67742%)	Total: 26 (83.871%)
[cartographer_node-1] [0.758893, 0.781180)	                  ##	Count: 3 (9.67742%)	Total: 29 (93.5484%)
[cartographer_node-1] [0.781180, 0.803468]	                   #	Count: 2 (6.45161%)	Total: 31 (100%)
[cartographer_node-1] [INFO] [1778822220.553535057] [cartographer logger]: I0515 14:17:00.000000 52153 pose_graph_2d.cc:538] Remaining work items in queue: 0
[cartographer_node-1] [INFO] [1778822220.553592036] [cartographer logger]: I0515 14:17:00.000000 52153 constraint_builder_2d.cc:294] 0 computations resulted in 0 additional constraints.
[cartographer_node-1] [INFO] [1778822220.553684055] [cartographer logger]: I0515 14:17:00.000000 52153 constraint_builder_2d.cc:296] Score histogram:
[cartographer_node-1] Count: 31  Min: 0.580591  Max: 0.803468  Mean: 0.68736
[cartographer_node-1] [0.580591, 0.602879)	               #####	Count: 7 (22.5806%)	Total: 7 (22.5806%)
[cartographer_node-1] [0.602879, 0.625166)	                   #	Count: 1 (3.22581%)	Total: 8 (25.8065%)
[cartographer_node-1] [0.625166, 0.647454)	                   #	Count: 1 (3.22581%)	Total: 9 (29.0323%)
[cartographer_node-1] [0.647454, 0.669742)	                   #	Count: 1 (3.22581%)	Total: 10 (32.2581%)
[cartographer_node-1] [0.669742, 0.692029)	                 ###	Count: 5 (16.129%)	Total: 15 (48.3871%)
[cartographer_node-1] [0.692029, 0.714317)	                 ###	Count: 4 (12.9032%)	Total: 19 (61.2903%)
[cartographer_node-1] [0.714317, 0.736605)	                 ###	Count: 4 (12.9032%)	Total: 23 (74.1936%)
[cartographer_node-1] [0.736605, 0.758893)	                  ##	Count: 3 (9.67742%)	Total: 26 (83.871%)
[cartographer_node-1] [0.758893, 0.781180)	                  ##	Count: 3 (9.67742%)	Total: 29 (93.5484%)
[cartographer_node-1] [0.781180, 0.803468]	                   #	Count: 2 (6.45161%)	Total: 31 (100%)
[cartographer_node-1] [INFO] [1778822220.676086621] [cartographer logger]: I0515 14:17:00.000000 52152 pose_graph_2d.cc:538] Remaining work items in queue: 2
[cartographer_node-1] [INFO] [1778822220.676124151] [cartographer logger]: I0515 14:17:00.000000 52152 constraint_builder_2d.cc:294] 0 computations resulted in 0 additional constraints.
[cartographer_node-1] [INFO] [1778822220.676259294] [cartographer logger]: I0515 14:17:00.000000 52152 constraint_builder_2d.cc:296] Score histogram:
[cartographer_node-1] Count: 31  Min: 0.580591  Max: 0.803468  Mean: 0.68736
[cartographer_node-1] [0.580591, 0.602879)	               #####	Count: 7 (22.5806%)	Total: 7 (22.5806%)
[cartographer_node-1] [0.602879, 0.625166)	                   #	Count: 1 (3.22581%)	Total: 8 (25.8065%)
[cartographer_node-1] [0.625166, 0.647454)	                   #	Count: 1 (3.22581%)	Total: 9 (29.0323%)
[cartographer_node-1] [0.647454, 0.669742)	                   #	Count: 1 (3.22581%)	Total: 10 (32.2581%)
[cartographer_node-1] [0.669742, 0.692029)	                 ###	Count: 5 (16.129%)	Total: 15 (48.3871%)
[cartographer_node-1] [0.692029, 0.714317)	                 ###	Count: 4 (12.9032%)	Total: 19 (61.2903%)
[cartographer_node-1] [0.714317, 0.736605)	                 ###	Count: 4 (12.9032%)	Total: 23 (74.1936%)
[cartographer_node-1] [0.736605, 0.758893)	                  ##	Count: 3 (9.67742%)	Total: 26 (83.871%)
[cartographer_node-1] [0.758893, 0.781180)	                  ##	Count: 3 (9.67742%)	Total: 29 (93.5484%)
[cartographer_node-1] [0.781180, 0.803468]	                   #	Count: 2 (6.45161%)	Total: 31 (100%)
[cartographer_node-1] [INFO] [1778822220.725049417] [cartographer logger]: I0515 14:17:00.000000 52150 pose_graph_2d.cc:538] Remaining work items in queue: 0
[cartographer_node-1] [INFO] [1778822220.725107717] [cartographer logger]: I0515 14:17:00.000000 52150 constraint_builder_2d.cc:294] 0 computations resulted in 0 additional constraints.
[cartographer_node-1] [INFO] [1778822220.725555036] [cartographer logger]: I0515 14:17:00.000000 52150 constraint_builder_2d.cc:296] Score histogram:
[cartographer_node-1] Count: 31  Min: 0.580591  Max: 0.803468  Mean: 0.68736
[cartographer_node-1] [0.580591, 0.602879)	               #####	Count: 7 (22.5806%)	Total: 7 (22.5806%)
[cartographer_node-1] [0.602879, 0.625166)	                   #	Count: 1 (3.22581%)	Total: 8 (25.8065%)
[cartographer_node-1] [0.625166, 0.647454)	                   #	Count: 1 (3.22581%)	Total: 9 (29.0323%)
[cartographer_node-1] [0.647454, 0.669742)	                   #	Count: 1 (3.22581%)	Total: 10 (32.2581%)
[cartographer_node-1] [0.669742, 0.692029)	                 ###	Count: 5 (16.129%)	Total: 15 (48.3871%)
[cartographer_node-1] [0.692029, 0.714317)	                 ###	Count: 4 (12.9032%)	Total: 19 (61.2903%)
[cartographer_node-1] [0.714317, 0.736605)	                 ###	Count: 4 (12.9032%)	Total: 23 (74.1936%)
[cartographer_node-1] [0.736605, 0.758893)	                  ##	Count: 3 (9.67742%)	Total: 26 (83.871%)
[cartographer_node-1] [0.758893, 0.781180)	                  ##	Count: 3 (9.67742%)	Total: 29 (93.5484%)
[cartographer_node-1] [0.781180, 0.803468]	                   #	Count: 2 (6.45161%)	Total: 31 (100%)
[cartographer_node-1] [INFO] [1778822220.774858302] [cartographer logger]: I0515 14:17:00.000000 52150 pose_graph_2d.cc:538] Remaining work items in queue: 0
[cartographer_node-1] [INFO] [1778822220.774906115] [cartographer logger]: I0515 14:17:00.000000 52150 constraint_builder_2d.cc:294] 0 computations resulted in 0 additional constraints.
[cartographer_node-1] [INFO] [1778822220.775413003] [cartographer logger]: I0515 14:17:00.000000 52150 constraint_builder_2d.cc:296] Score histogram:
[cartographer_node-1] Count: 31  Min: 0.580591  Max: 0.803468  Mean: 0.68736
[cartographer_node-1] [0.580591, 0.602879)	               #####	Count: 7 (22.5806%)	Total: 7 (22.5806%)
[cartographer_node-1] [0.602879, 0.625166)	                   #	Count: 1 (3.22581%)	Total: 8 (25.8065%)
[cartographer_node-1] [0.625166, 0.647454)	                   #	Count: 1 (3.22581%)	Total: 9 (29.0323%)
[cartographer_node-1] [0.647454, 0.669742)	                   #	Count: 1 (3.22581%)	Total: 10 (32.2581%)
[cartographer_node-1] [0.669742, 0.692029)	                 ###	Count: 5 (16.129%)	Total: 15 (48.3871%)
[cartographer_node-1] [0.692029, 0.714317)	                 ###	Count: 4 (12.9032%)	Total: 19 (61.2903%)
[cartographer_node-1] [0.714317, 0.736605)	                 ###	Count: 4 (12.9032%)	Total: 23 (74.1936%)
[cartographer_node-1] [0.736605, 0.758893)	                  ##	Count: 3 (9.67742%)	Total: 26 (83.871%)
[cartographer_node-1] [0.758893, 0.781180)	                  ##	Count: 3 (9.67742%)	Total: 29 (93.5484%)
[cartographer_node-1] [0.781180, 0.803468]	                   #	Count: 2 (6.45161%)	Total: 31 (100%)
[cartographer_node-1] [INFO] [1778822220.831779547] [cartographer logger]: I0515 14:17:00.000000 52153 pose_graph_2d.cc:538] Remaining work items in queue: 1
[cartographer_node-1] [INFO] [1778822220.831812701] [cartographer logger]: I0515 14:17:00.000000 52153 constraint_builder_2d.cc:294] 0 computations resulted in 0 additional constraints.
[cartographer_node-1] [INFO] [1778822220.831905845] [cartographer logger]: I0515 14:17:00.000000 52153 constraint_builder_2d.cc:296] Score histogram:
[cartographer_node-1] Count: 31  Min: 0.580591  Max: 0.803468  Mean: 0.68736
[cartographer_node-1] [0.580591, 0.602879)	               #####	Count: 7 (22.5806%)	Total: 7 (22.5806%)
[cartographer_node-1] [0.602879, 0.625166)	                   #	Count: 1 (3.22581%)	Total: 8 (25.8065%)
[cartographer_node-1] [0.625166, 0.647454)	                   #	Count: 1 (3.22581%)	Total: 9 (29.0323%)
[cartographer_node-1] [0.647454, 0.669742)	                   #	Count: 1 (3.22581%)	Total: 10 (32.2581%)
[cartographer_node-1] [0.669742, 0.692029)	                 ###	Count: 5 (16.129%)	Total: 15 (48.3871%)
[cartographer_node-1] [0.692029, 0.714317)	                 ###	Count: 4 (12.9032%)	Total: 19 (61.2903%)
[cartographer_node-1] [0.714317, 0.736605)	                 ###	Count: 4 (12.9032%)	Total: 23 (74.1936%)
[cartographer_node-1] [0.736605, 0.758893)	                  ##	Count: 3 (9.67742%)	Total: 26 (83.871%)
[cartographer_node-1] [0.758893, 0.781180)	                  ##	Count: 3 (9.67742%)	Total: 29 (93.5484%)
[cartographer_node-1] [0.781180, 0.803468]	                   #	Count: 2 (6.45161%)	Total: 31 (100%)
[cartographer_node-1] [INFO] [1778822220.872187432] [cartographer logger]: I0515 14:17:00.000000 52153 pose_graph_2d.cc:538] Remaining work items in queue: 0
[cartographer_node-1] [INFO] [1778822220.872225514] [cartographer logger]: I0515 14:17:00.000000 52153 constraint_builder_2d.cc:294] 0 computations resulted in 0 additional constraints.
[cartographer_node-1] [INFO] [1778822220.872671490] [cartographer logger]: I0515 14:17:00.000000 52153 constraint_builder_2d.cc:296] Score histogram:
[cartographer_node-1] Count: 31  Min: 0.580591  Max: 0.803468  Mean: 0.68736
[cartographer_node-1] [0.580591, 0.602879)	               #####	Count: 7 (22.5806%)	Total: 7 (22.5806%)
[cartographer_node-1] [0.602879, 0.625166)	                   #	Count: 1 (3.22581%)	Total: 8 (25.8065%)
[cartographer_node-1] [0.625166, 0.647454)	                   #	Count: 1 (3.22581%)	Total: 9 (29.0323%)
[cartographer_node-1] [0.647454, 0.669742)	                   #	Count: 1 (3.22581%)	Total: 10 (32.2581%)
[cartographer_node-1] [0.669742, 0.692029)	                 ###	Count: 5 (16.129%)	Total: 15 (48.3871%)
[cartographer_node-1] [0.692029, 0.714317)	                 ###	Count: 4 (12.9032%)	Total: 19 (61.2903%)
[cartographer_node-1] [0.714317, 0.736605)	                 ###	Count: 4 (12.9032%)	Total: 23 (74.1936%)
[cartographer_node-1] [0.736605, 0.758893)	                  ##	Count: 3 (9.67742%)	Total: 26 (83.871%)
[cartographer_node-1] [0.758893, 0.781180)	                  ##	Count: 3 (9.67742%)	Total: 29 (93.5484%)
[cartographer_node-1] [0.781180, 0.803468]	                   #	Count: 2 (6.45161%)	Total: 31 (100%)
[cartographer_node-1] [INFO] [1778822220.900214825] [cartographer logger]: I0515 14:17:00.000000 52152 pose_graph_2d.cc:538] Remaining work items in queue: 0
[cartographer_node-1] [INFO] [1778822220.900264583] [cartographer logger]: I0515 14:17:00.000000 52152 constraint_builder_2d.cc:294] 0 computations resulted in 0 additional constraints.
[cartographer_node-1] [INFO] [1778822220.900422911] [cartographer logger]: I0515 14:17:00.000000 52152 constraint_builder_2d.cc:296] Score histogram:
[cartographer_node-1] Count: 31  Min: 0.580591  Max: 0.803468  Mean: 0.68736
[cartographer_node-1] [0.580591, 0.602879)	               #####	Count: 7 (22.5806%)	Total: 7 (22.5806%)
[cartographer_node-1] [0.602879, 0.625166)	                   #	Count: 1 (3.22581%)	Total: 8 (25.8065%)
[cartographer_node-1] [0.625166, 0.647454)	                   #	Count: 1 (3.22581%)	Total: 9 (29.0323%)
[cartographer_node-1] [0.647454, 0.669742)	                   #	Count: 1 (3.22581%)	Total: 10 (32.2581%)
[cartographer_node-1] [0.669742, 0.692029)	                 ###	Count: 5 (16.129%)	Total: 15 (48.3871%)
[cartographer_node-1] [0.692029, 0.714317)	                 ###	Count: 4 (12.9032%)	Total: 19 (61.2903%)
[cartographer_node-1] [0.714317, 0.736605)	                 ###	Count: 4 (12.9032%)	Total: 23 (74.1936%)
[cartographer_node-1] [0.736605, 0.758893)	                  ##	Count: 3 (9.67742%)	Total: 26 (83.871%)
[cartographer_node-1] [0.758893, 0.781180)	                  ##	Count: 3 (9.67742%)	Total: 29 (93.5484%)
[cartographer_node-1] [0.781180, 0.803468]	                   #	Count: 2 (6.45161%)	Total: 31 (100%)
[cartographer_node-1] [INFO] [1778822220.955902542] [cartographer logger]: I0515 14:17:00.000000 52152 pose_graph_2d.cc:538] Remaining work items in queue: 0
[cartographer_node-1] [INFO] [1778822221.026883080] [cartographer logger]: I0515 14:17:01.000000 52151 constraint_builder_2d.cc:294] 1 computations resulted in 0 additional constraints.
[cartographer_node-1] [INFO] [1778822221.027022904] [cartographer logger]: I0515 14:17:01.000000 52151 constraint_builder_2d.cc:296] Score histogram:
[cartographer_node-1] Count: 31  Min: 0.580591  Max: 0.803468  Mean: 0.68736
[cartographer_node-1] [0.580591, 0.602879)	               #####	Count: 7 (22.5806%)	Total: 7 (22.5806%)
[cartographer_node-1] [0.602879, 0.625166)	                   #	Count: 1 (3.22581%)	Total: 8 (25.8065%)
[cartographer_node-1] [0.625166, 0.647454)	                   #	Count: 1 (3.22581%)	Total: 9 (29.0323%)
[cartographer_node-1] [0.647454, 0.669742)	                   #	Count: 1 (3.22581%)	Total: 10 (32.2581%)
[cartographer_node-1] [0.669742, 0.692029)	                 ###	Count: 5 (16.129%)	Total: 15 (48.3871%)
[cartographer_node-1] [0.692029, 0.714317)	                 ###	Count: 4 (12.9032%)	Total: 19 (61.2903%)
[cartographer_node-1] [0.714317, 0.736605)	                 ###	Count: 4 (12.9032%)	Total: 23 (74.1936%)
[cartographer_node-1] [0.736605, 0.758893)	                  ##	Count: 3 (9.67742%)	Total: 26 (83.871%)
[cartographer_node-1] [0.758893, 0.781180)	                  ##	Count: 3 (9.67742%)	Total: 29 (93.5484%)
[cartographer_node-1] [0.781180, 0.803468]	                   #	Count: 2 (6.45161%)	Total: 31 (100%)
[cartographer_node-1] [INFO] [1778822221.052915461] [cartographer logger]: I0515 14:17:01.000000 52151 pose_graph_2d.cc:538] Remaining work items in queue: 7
[cartographer_node-1] [INFO] [1778822221.052962543] [cartographer logger]: I0515 14:17:01.000000 52151 constraint_builder_2d.cc:294] 0 computations resulted in 0 additional constraints.
[cartographer_node-1] [INFO] [1778822221.053078927] [cartographer logger]: I0515 14:17:01.000000 52151 constraint_builder_2d.cc:296] Score histogram:
[cartographer_node-1] Count: 31  Min: 0.580591  Max: 0.803468  Mean: 0.68736
[cartographer_node-1] [0.580591, 0.602879)	               #####	Count: 7 (22.5806%)	Total: 7 (22.5806%)
[cartographer_node-1] [0.602879, 0.625166)	                   #	Count: 1 (3.22581%)	Total: 8 (25.8065%)
[cartographer_node-1] [0.625166, 0.647454)	                   #	Count: 1 (3.22581%)	Total: 9 (29.0323%)
[cartographer_node-1] [0.647454, 0.669742)	                   #	Count: 1 (3.22581%)	Total: 10 (32.2581%)
[cartographer_node-1] [0.669742, 0.692029)	                 ###	Count: 5 (16.129%)	Total: 15 (48.3871%)
[cartographer_node-1] [0.692029, 0.714317)	                 ###	Count: 4 (12.9032%)	Total: 19 (61.2903%)
[cartographer_node-1] [0.714317, 0.736605)	                 ###	Count: 4 (12.9032%)	Total: 23 (74.1936%)
[cartographer_node-1] [0.736605, 0.758893)	                  ##	Count: 3 (9.67742%)	Total: 26 (83.871%)
[cartographer_node-1] [0.758893, 0.781180)	                  ##	Count: 3 (9.67742%)	Total: 29 (93.5484%)
[cartographer_node-1] [0.781180, 0.803468]	                   #	Count: 2 (6.45161%)	Total: 31 (100%)
[cartographer_node-1] [INFO] [1778822221.077156439] [cartographer logger]: I0515 14:17:01.000000 52151 pose_graph_2d.cc:538] Remaining work items in queue: 4
[cartographer_node-1] [INFO] [1778822221.077188980] [cartographer logger]: I0515 14:17:01.000000 52151 constraint_builder_2d.cc:294] 0 computations resulted in 0 additional constraints.
[cartographer_node-1] [INFO] [1778822221.077537167] [cartographer logger]: I0515 14:17:01.000000 52151 constraint_builder_2d.cc:296] Score histogram:
[cartographer_node-1] Count: 31  Min: 0.580591  Max: 0.803468  Mean: 0.68736
[cartographer_node-1] [0.580591, 0.602879)	               #####	Count: 7 (22.5806%)	Total: 7 (22.5806%)
[cartographer_node-1] [0.602879, 0.625166)	                   #	Count: 1 (3.22581%)	Total: 8 (25.8065%)
[cartographer_node-1] [0.625166, 0.647454)	                   #	Count: 1 (3.22581%)	Total: 9 (29.0323%)
[cartographer_node-1] [0.647454, 0.669742)	                   #	Count: 1 (3.22581%)	Total: 10 (32.2581%)
[cartographer_node-1] [0.669742, 0.692029)	                 ###	Count: 5 (16.129%)	Total: 15 (48.3871%)
[cartographer_node-1] [0.692029, 0.714317)	                 ###	Count: 4 (12.9032%)	Total: 19 (61.2903%)
[cartographer_node-1] [0.714317, 0.736605)	                 ###	Count: 4 (12.9032%)	Total: 23 (74.1936%)
[cartographer_node-1] [0.736605, 0.758893)	                  ##	Count: 3 (9.67742%)	Total: 26 (83.871%)
[cartographer_node-1] [0.758893, 0.781180)	                  ##	Count: 3 (9.67742%)	Total: 29 (93.5484%)
[cartographer_node-1] [0.781180, 0.803468]	                   #	Count: 2 (6.45161%)	Total: 31 (100%)
[cartographer_node-1] [INFO] [1778822221.101296810] [cartographer logger]: I0515 14:17:01.000000 52152 pose_graph_2d.cc:538] Remaining work items in queue: 0
[cartographer_node-1] [INFO] [1778822221.101348290] [cartographer logger]: I0515 14:17:01.000000 52152 constraint_builder_2d.cc:294] 0 computations resulted in 0 additional constraints.
[cartographer_node-1] [INFO] [1778822221.101813463] [cartographer logger]: I0515 14:17:01.000000 52152 constraint_builder_2d.cc:296] Score histogram:
[cartographer_node-1] Count: 31  Min: 0.580591  Max: 0.803468  Mean: 0.68736
[cartographer_node-1] [0.580591, 0.602879)	               #####	Count: 7 (22.5806%)	Total: 7 (22.5806%)
[cartographer_node-1] [0.602879, 0.625166)	                   #	Count: 1 (3.22581%)	Total: 8 (25.8065%)
[cartographer_node-1] [0.625166, 0.647454)	                   #	Count: 1 (3.22581%)	Total: 9 (29.0323%)
[cartographer_node-1] [0.647454, 0.669742)	                   #	Count: 1 (3.22581%)	Total: 10 (32.2581%)
[cartographer_node-1] [0.669742, 0.692029)	                 ###	Count: 5 (16.129%)	Total: 15 (48.3871%)
[cartographer_node-1] [0.692029, 0.714317)	                 ###	Count: 4 (12.9032%)	Total: 19 (61.2903%)
[cartographer_node-1] [0.714317, 0.736605)	                 ###	Count: 4 (12.9032%)	Total: 23 (74.1936%)
[cartographer_node-1] [0.736605, 0.758893)	                  ##	Count: 3 (9.67742%)	Total: 26 (83.871%)
[cartographer_node-1] [0.758893, 0.781180)	                  ##	Count: 3 (9.67742%)	Total: 29 (93.5484%)
[cartographer_node-1] [0.781180, 0.803468]	                   #	Count: 2 (6.45161%)	Total: 31 (100%)
[cartographer_node-1] [INFO] [1778822221.155372017] [cartographer logger]: I0515 14:17:01.000000 52152 pose_graph_2d.cc:538] Remaining work items in queue: 1
[cartographer_node-1] [INFO] [1778822221.155449872] [cartographer logger]: I0515 14:17:01.000000 52152 constraint_builder_2d.cc:294] 0 computations resulted in 0 additional constraints.
[cartographer_node-1] [INFO] [1778822221.155895683] [cartographer logger]: I0515 14:17:01.000000 52152 constraint_builder_2d.cc:296] Score histogram:
[cartographer_node-1] Count: 31  Min: 0.580591  Max: 0.803468  Mean: 0.68736
[cartographer_node-1] [0.580591, 0.602879)	               #####	Count: 7 (22.5806%)	Total: 7 (22.5806%)
[cartographer_node-1] [0.602879, 0.625166)	                   #	Count: 1 (3.22581%)	Total: 8 (25.8065%)
[cartographer_node-1] [0.625166, 0.647454)	                   #	Count: 1 (3.22581%)	Total: 9 (29.0323%)
[cartographer_node-1] [0.647454, 0.669742)	                   #	Count: 1 (3.22581%)	Total: 10 (32.2581%)
[cartographer_node-1] [0.669742, 0.692029)	                 ###	Count: 5 (16.129%)	Total: 15 (48.3871%)
[cartographer_node-1] [0.692029, 0.714317)	                 ###	Count: 4 (12.9032%)	Total: 19 (61.2903%)
[cartographer_node-1] [0.714317, 0.736605)	                 ###	Count: 4 (12.9032%)	Total: 23 (74.1936%)
[cartographer_node-1] [0.736605, 0.758893)	                  ##	Count: 3 (9.67742%)	Total: 26 (83.871%)
[cartographer_node-1] [0.758893, 0.781180)	                  ##	Count: 3 (9.67742%)	Total: 29 (93.5484%)
[cartographer_node-1] [0.781180, 0.803468]	                   #	Count: 2 (6.45161%)	Total: 31 (100%)
[cartographer_node-1] [INFO] [1778822221.208482755] [cartographer logger]: I0515 14:17:01.000000 52152 pose_graph_2d.cc:538] Remaining work items in queue: 1
[cartographer_node-1] [INFO] [1778822221.208519730] [cartographer logger]: I0515 14:17:01.000000 52152 constraint_builder_2d.cc:294] 0 computations resulted in 0 additional constraints.
[cartographer_node-1] [INFO] [1778822221.208670399] [cartographer logger]: I0515 14:17:01.000000 52152 constraint_builder_2d.cc:296] Score histogram:
[cartographer_node-1] Count: 31  Min: 0.580591  Max: 0.803468  Mean: 0.68736
[cartographer_node-1] [0.580591, 0.602879)	               #####	Count: 7 (22.5806%)	Total: 7 (22.5806%)
[cartographer_node-1] [0.602879, 0.625166)	                   #	Count: 1 (3.22581%)	Total: 8 (25.8065%)
[cartographer_node-1] [0.625166, 0.647454)	                   #	Count: 1 (3.22581%)	Total: 9 (29.0323%)
[cartographer_node-1] [0.647454, 0.669742)	                   #	Count: 1 (3.22581%)	Total: 10 (32.2581%)
[cartographer_node-1] [0.669742, 0.692029)	                 ###	Count: 5 (16.129%)	Total: 15 (48.3871%)
[cartographer_node-1] [0.692029, 0.714317)	                 ###	Count: 4 (12.9032%)	Total: 19 (61.2903%)
[cartographer_node-1] [0.714317, 0.736605)	                 ###	Count: 4 (12.9032%)	Total: 23 (74.1936%)
[cartographer_node-1] [0.736605, 0.758893)	                  ##	Count: 3 (9.67742%)	Total: 26 (83.871%)
[cartographer_node-1] [0.758893, 0.781180)	                  ##	Count: 3 (9.67742%)	Total: 29 (93.5484%)
[cartographer_node-1] [0.781180, 0.803468]	                   #	Count: 2 (6.45161%)	Total: 31 (100%)
[cartographer_node-1] [INFO] [1778822221.274336840] [cartographer logger]: I0515 14:17:01.000000 52151 pose_graph_2d.cc:538] Remaining work items in queue: 2
[cartographer_node-1] [INFO] [1778822221.274373651] [cartographer logger]: I0515 14:17:01.000000 52151 constraint_builder_2d.cc:294] 0 computations resulted in 0 additional constraints.
[cartographer_node-1] [INFO] [1778822221.274837726] [cartographer logger]: I0515 14:17:01.000000 52151 constraint_builder_2d.cc:296] Score histogram:
[cartographer_node-1] Count: 31  Min: 0.580591  Max: 0.803468  Mean: 0.68736
[cartographer_node-1] [0.580591, 0.602879)	               #####	Count: 7 (22.5806%)	Total: 7 (22.5806%)
[cartographer_node-1] [0.602879, 0.625166)	                   #	Count: 1 (3.22581%)	Total: 8 (25.8065%)
[cartographer_node-1] [0.625166, 0.647454)	                   #	Count: 1 (3.22581%)	Total: 9 (29.0323%)
[cartographer_node-1] [0.647454, 0.669742)	                   #	Count: 1 (3.22581%)	Total: 10 (32.2581%)
[cartographer_node-1] [0.669742, 0.692029)	                 ###	Count: 5 (16.129%)	Total: 15 (48.3871%)
[cartographer_node-1] [0.692029, 0.714317)	                 ###	Count: 4 (12.9032%)	Total: 19 (61.2903%)
[cartographer_node-1] [0.714317, 0.736605)	                 ###	Count: 4 (12.9032%)	Total: 23 (74.1936%)
[cartographer_node-1] [0.736605, 0.758893)	                  ##	Count: 3 (9.67742%)	Total: 26 (83.871%)
[cartographer_node-1] [0.758893, 0.781180)	                  ##	Count: 3 (9.67742%)	Total: 29 (93.5484%)
[cartographer_node-1] [0.781180, 0.803468]	                   #	Count: 2 (6.45161%)	Total: 31 (100%)
[cartographer_node-1] [INFO] [1778822221.331859934] [cartographer logger]: I0515 14:17:01.000000 52151 pose_graph_2d.cc:538] Remaining work items in queue: 0
[cartographer_node-1] [INFO] [1778822221.369948478] [cartographer logger]: I0515 14:17:01.000000 52153 constraint_builder_2d.cc:294] 1 computations resulted in 0 additional constraints.
[cartographer_node-1] [INFO] [1778822221.370045255] [cartographer logger]: I0515 14:17:01.000000 52153 constraint_builder_2d.cc:296] Score histogram:
[cartographer_node-1] Count: 31  Min: 0.580591  Max: 0.803468  Mean: 0.68736
[cartographer_node-1] [0.580591, 0.602879)	               #####	Count: 7 (22.5806%)	Total: 7 (22.5806%)
[cartographer_node-1] [0.602879, 0.625166)	                   #	Count: 1 (3.22581%)	Total: 8 (25.8065%)
[cartographer_node-1] [0.625166, 0.647454)	                   #	Count: 1 (3.22581%)	Total: 9 (29.0323%)
[cartographer_node-1] [0.647454, 0.669742)	                   #	Count: 1 (3.22581%)	Total: 10 (32.2581%)
[cartographer_node-1] [0.669742, 0.692029)	                 ###	Count: 5 (16.129%)	Total: 15 (48.3871%)
[cartographer_node-1] [0.692029, 0.714317)	                 ###	Count: 4 (12.9032%)	Total: 19 (61.2903%)
[cartographer_node-1] [0.714317, 0.736605)	                 ###	Count: 4 (12.9032%)	Total: 23 (74.1936%)
[cartographer_node-1] [0.736605, 0.758893)	                  ##	Count: 3 (9.67742%)	Total: 26 (83.871%)
[cartographer_node-1] [0.758893, 0.781180)	                  ##	Count: 3 (9.67742%)	Total: 29 (93.5484%)
[cartographer_node-1] [0.781180, 0.803468]	                   #	Count: 2 (6.45161%)	Total: 31 (100%)
[cartographer_node-1] [INFO] [1778822221.400313186] [cartographer logger]: I0515 14:17:01.000000 52151 pose_graph_2d.cc:538] Remaining work items in queue: 2
[cartographer_node-1] [INFO] [1778822221.400353169] [cartographer logger]: I0515 14:17:01.000000 52151 constraint_builder_2d.cc:294] 0 computations resulted in 0 additional constraints.
[cartographer_node-1] [INFO] [1778822221.400807800] [cartographer logger]: I0515 14:17:01.000000 52151 constraint_builder_2d.cc:296] Score histogram:
[cartographer_node-1] Count: 31  Min: 0.580591  Max: 0.803468  Mean: 0.68736
[cartographer_node-1] [0.580591, 0.602879)	               #####	Count: 7 (22.5806%)	Total: 7 (22.5806%)
[cartographer_node-1] [0.602879, 0.625166)	                   #	Count: 1 (3.22581%)	Total: 8 (25.8065%)
[cartographer_node-1] [0.625166, 0.647454)	                   #	Count: 1 (3.22581%)	Total: 9 (29.0323%)
[cartographer_node-1] [0.647454, 0.669742)	                   #	Count: 1 (3.22581%)	Total: 10 (32.2581%)
[cartographer_node-1] [0.669742, 0.692029)	                 ###	Count: 5 (16.129%)	Total: 15 (48.3871%)
[cartographer_node-1] [0.692029, 0.714317)	                 ###	Count: 4 (12.9032%)	Total: 19 (61.2903%)
[cartographer_node-1] [0.714317, 0.736605)	                 ###	Count: 4 (12.9032%)	Total: 23 (74.1936%)
[cartographer_node-1] [0.736605, 0.758893)	                  ##	Count: 3 (9.67742%)	Total: 26 (83.871%)
[cartographer_node-1] [0.758893, 0.781180)	                  ##	Count: 3 (9.67742%)	Total: 29 (93.5484%)
[cartographer_node-1] [0.781180, 0.803468]	                   #	Count: 2 (6.45161%)	Total: 31 (100%)
[cartographer_node-1] [INFO] [1778822221.439086290] [cartographer logger]: I0515 14:17:01.000000 52153 pose_graph_2d.cc:538] Remaining work items in queue: 0
[cartographer_node-1] [INFO] [1778822221.439142543] [cartographer logger]: I0515 14:17:01.000000 52153 constraint_builder_2d.cc:294] 0 computations resulted in 0 additional constraints.
[cartographer_node-1] [INFO] [1778822221.439621716] [cartographer logger]: I0515 14:17:01.000000 52153 constraint_builder_2d.cc:296] Score histogram:
[cartographer_node-1] Count: 31  Min: 0.580591  Max: 0.803468  Mean: 0.68736
[cartographer_node-1] [0.580591, 0.602879)	               #####	Count: 7 (22.5806%)	Total: 7 (22.5806%)
[cartographer_node-1] [0.602879, 0.625166)	                   #	Count: 1 (3.22581%)	Total: 8 (25.8065%)
[cartographer_node-1] [0.625166, 0.647454)	                   #	Count: 1 (3.22581%)	Total: 9 (29.0323%)
[cartographer_node-1] [0.647454, 0.669742)	                   #	Count: 1 (3.22581%)	Total: 10 (32.2581%)
[cartographer_node-1] [0.669742, 0.692029)	                 ###	Count: 5 (16.129%)	Total: 15 (48.3871%)
[cartographer_node-1] [0.692029, 0.714317)	                 ###	Count: 4 (12.9032%)	Total: 19 (61.2903%)
[cartographer_node-1] [0.714317, 0.736605)	                 ###	Count: 4 (12.9032%)	Total: 23 (74.1936%)
[cartographer_node-1] [0.736605, 0.758893)	                  ##	Count: 3 (9.67742%)	Total: 26 (83.871%)
[cartographer_node-1] [0.758893, 0.781180)	                  ##	Count: 3 (9.67742%)	Total: 29 (93.5484%)
[cartographer_node-1] [0.781180, 0.803468]	                   #	Count: 2 (6.45161%)	Total: 31 (100%)
[cartographer_node-1] [INFO] [1778822221.517129660] [cartographer logger]: I0515 14:17:01.000000 52153 pose_graph_2d.cc:538] Remaining work items in queue: 1
[cartographer_node-1] [INFO] [1778822221.517178417] [cartographer logger]: I0515 14:17:01.000000 52153 constraint_builder_2d.cc:294] 0 computations resulted in 0 additional constraints.
[cartographer_node-1] [INFO] [1778822221.517610086] [cartographer logger]: I0515 14:17:01.000000 52153 constraint_builder_2d.cc:296] Score histogram:
[cartographer_node-1] Count: 31  Min: 0.580591  Max: 0.803468  Mean: 0.68736
[cartographer_node-1] [0.580591, 0.602879)	               #####	Count: 7 (22.5806%)	Total: 7 (22.5806%)
[cartographer_node-1] [0.602879, 0.625166)	                   #	Count: 1 (3.22581%)	Total: 8 (25.8065%)
[cartographer_node-1] [0.625166, 0.647454)	                   #	Count: 1 (3.22581%)	Total: 9 (29.0323%)
[cartographer_node-1] [0.647454, 0.669742)	                   #	Count: 1 (3.22581%)	Total: 10 (32.2581%)
[cartographer_node-1] [0.669742, 0.692029)	                 ###	Count: 5 (16.129%)	Total: 15 (48.3871%)
[cartographer_node-1] [0.692029, 0.714317)	                 ###	Count: 4 (12.9032%)	Total: 19 (61.2903%)
[cartographer_node-1] [0.714317, 0.736605)	                 ###	Count: 4 (12.9032%)	Total: 23 (74.1936%)
[cartographer_node-1] [0.736605, 0.758893)	                  ##	Count: 3 (9.67742%)	Total: 26 (83.871%)
[cartographer_node-1] [0.758893, 0.781180)	                  ##	Count: 3 (9.67742%)	Total: 29 (93.5484%)
[cartographer_node-1] [0.781180, 0.803468]	                   #	Count: 2 (6.45161%)	Total: 31 (100%)
[cartographer_node-1] [INFO] [1778822221.545568811] [cartographer logger]: I0515 14:17:01.000000 52153 pose_graph_2d.cc:538] Remaining work items in queue: 0
[cartographer_node-1] [INFO] [1778822221.545605978] [cartographer logger]: I0515 14:17:01.000000 52153 constraint_builder_2d.cc:294] 0 computations resulted in 0 additional constraints.
[cartographer_node-1] [INFO] [1778822221.545739470] [cartographer logger]: I0515 14:17:01.000000 52153 constraint_builder_2d.cc:296] Score histogram:
[cartographer_node-1] Count: 31  Min: 0.580591  Max: 0.803468  Mean: 0.68736
[cartographer_node-1] [0.580591, 0.602879)	               #####	Count: 7 (22.5806%)	Total: 7 (22.5806%)
[cartographer_node-1] [0.602879, 0.625166)	                   #	Count: 1 (3.22581%)	Total: 8 (25.8065%)
[cartographer_node-1] [0.625166, 0.647454)	                   #	Count: 1 (3.22581%)	Total: 9 (29.0323%)
[cartographer_node-1] [0.647454, 0.669742)	                   #	Count: 1 (3.22581%)	Total: 10 (32.2581%)
[cartographer_node-1] [0.669742, 0.692029)	                 ###	Count: 5 (16.129%)	Total: 15 (48.3871%)
[cartographer_node-1] [0.692029, 0.714317)	                 ###	Count: 4 (12.9032%)	Total: 19 (61.2903%)
[cartographer_node-1] [0.714317, 0.736605)	                 ###	Count: 4 (12.9032%)	Total: 23 (74.1936%)
[cartographer_node-1] [0.736605, 0.758893)	                  ##	Count: 3 (9.67742%)	Total: 26 (83.871%)
[cartographer_node-1] [0.758893, 0.781180)	                  ##	Count: 3 (9.67742%)	Total: 29 (93.5484%)
[cartographer_node-1] [0.781180, 0.803468]	                   #	Count: 2 (6.45161%)	Total: 31 (100%)
[cartographer_node-1] [INFO] [1778822221.619315292] [cartographer logger]: I0515 14:17:01.000000 52153 pose_graph_2d.cc:538] Remaining work items in queue: 0
[cartographer_node-1] [INFO] [1778822221.619367626] [cartographer logger]: I0515 14:17:01.000000 52153 constraint_builder_2d.cc:294] 0 computations resulted in 0 additional constraints.
[cartographer_node-1] [INFO] [1778822221.619948868] [cartographer logger]: I0515 14:17:01.000000 52153 constraint_builder_2d.cc:296] Score histogram:
[cartographer_node-1] Count: 31  Min: 0.580591  Max: 0.803468  Mean: 0.68736
[cartographer_node-1] [0.580591, 0.602879)	               #####	Count: 7 (22.5806%)	Total: 7 (22.5806%)
[cartographer_node-1] [0.602879, 0.625166)	                   #	Count: 1 (3.22581%)	Total: 8 (25.8065%)
[cartographer_node-1] [0.625166, 0.647454)	                   #	Count: 1 (3.22581%)	Total: 9 (29.0323%)
[cartographer_node-1] [0.647454, 0.669742)	                   #	Count: 1 (3.22581%)	Total: 10 (32.2581%)
[cartographer_node-1] [0.669742, 0.692029)	                 ###	Count: 5 (16.129%)	Total: 15 (48.3871%)
[cartographer_node-1] [0.692029, 0.714317)	                 ###	Count: 4 (12.9032%)	Total: 19 (61.2903%)
[cartographer_node-1] [0.714317, 0.736605)	                 ###	Count: 4 (12.9032%)	Total: 23 (74.1936%)
[cartographer_node-1] [0.736605, 0.758893)	                  ##	Count: 3 (9.67742%)	Total: 26 (83.871%)
[cartographer_node-1] [0.758893, 0.781180)	                  ##	Count: 3 (9.67742%)	Total: 29 (93.5484%)
[cartographer_node-1] [0.781180, 0.803468]	                   #	Count: 2 (6.45161%)	Total: 31 (100%)
[cartographer_node-1] [INFO] [1778822221.647398427] [cartographer logger]: I0515 14:17:01.000000 52153 pose_graph_2d.cc:538] Remaining work items in queue: 0
[cartographer_node-1] [INFO] [1778822221.647434381] [cartographer logger]: I0515 14:17:01.000000 52153 constraint_builder_2d.cc:294] 0 computations resulted in 0 additional constraints.
[cartographer_node-1] [INFO] [1778822221.647853563] [cartographer logger]: I0515 14:17:01.000000 52153 constraint_builder_2d.cc:296] Score histogram:
[cartographer_node-1] Count: 31  Min: 0.580591  Max: 0.803468  Mean: 0.68736
[cartographer_node-1] [0.580591, 0.602879)	               #####	Count: 7 (22.5806%)	Total: 7 (22.5806%)
[cartographer_node-1] [0.602879, 0.625166)	                   #	Count: 1 (3.22581%)	Total: 8 (25.8065%)
[cartographer_node-1] [0.625166, 0.647454)	                   #	Count: 1 (3.22581%)	Total: 9 (29.0323%)
[cartographer_node-1] [0.647454, 0.669742)	                   #	Count: 1 (3.22581%)	Total: 10 (32.2581%)
[cartographer_node-1] [0.669742, 0.692029)	                 ###	Count: 5 (16.129%)	Total: 15 (48.3871%)
[cartographer_node-1] [0.692029, 0.714317)	                 ###	Count: 4 (12.9032%)	Total: 19 (61.2903%)
[cartographer_node-1] [0.714317, 0.736605)	                 ###	Count: 4 (12.9032%)	Total: 23 (74.1936%)
[cartographer_node-1] [0.736605, 0.758893)	                  ##	Count: 3 (9.67742%)	Total: 26 (83.871%)
[cartographer_node-1] [0.758893, 0.781180)	                  ##	Count: 3 (9.67742%)	Total: 29 (93.5484%)
[cartographer_node-1] [0.781180, 0.803468]	                   #	Count: 2 (6.45161%)	Total: 31 (100%)
[cartographer_node-1] [INFO] [1778822221.705746468] [cartographer logger]: I0515 14:17:01.000000 52152 pose_graph_2d.cc:538] Remaining work items in queue: 0
[cartographer_node-1] [INFO] [1778822221.724304838] [cartographer logger]: I0515 14:17:01.000000 52151 constraint_builder_2d.cc:279] Node (1, 528) with 200 points on submap (0, 8) matches with score 69.4%.
[cartographer_node-1] [INFO] [1778822221.724341872] [cartographer logger]: I0515 14:17:01.000000 52151 constraint_builder_2d.cc:294] 1 computations resulted in 1 additional constraints.
[cartographer_node-1] [INFO] [1778822221.724420271] [cartographer logger]: I0515 14:17:01.000000 52151 constraint_builder_2d.cc:296] Score histogram:
[cartographer_node-1] Count: 32  Min: 0.580591  Max: 0.803468  Mean: 0.687581
[cartographer_node-1] [0.580591, 0.602879)	                ####	Count: 7 (21.875%)	Total: 7 (21.875%)
[cartographer_node-1] [0.602879, 0.625166)	                   #	Count: 1 (3.125%)	Total: 8 (25%)
[cartographer_node-1] [0.625166, 0.647454)	                   #	Count: 1 (3.125%)	Total: 9 (28.125%)
[cartographer_node-1] [0.647454, 0.669742)	                   #	Count: 1 (3.125%)	Total: 10 (31.25%)
[cartographer_node-1] [0.669742, 0.692029)	                 ###	Count: 5 (15.625%)	Total: 15 (46.875%)
[cartographer_node-1] [0.692029, 0.714317)	                 ###	Count: 5 (15.625%)	Total: 20 (62.5%)
[cartographer_node-1] [0.714317, 0.736605)	                 ###	Count: 4 (12.5%)	Total: 24 (75%)
[cartographer_node-1] [0.736605, 0.758893)	                  ##	Count: 3 (9.375%)	Total: 27 (84.375%)
[cartographer_node-1] [0.758893, 0.781180)	                  ##	Count: 3 (9.375%)	Total: 30 (93.75%)
[cartographer_node-1] [0.781180, 0.803468]	                   #	Count: 2 (6.25%)	Total: 32 (100%)
[cartographer_node-1] [INFO] [1778822221.775834280] [cartographer logger]: I0515 14:17:01.000000 52151 pose_graph_2d.cc:538] Remaining work items in queue: 1
[cartographer_node-1] [INFO] [1778822221.775883693] [cartographer logger]: I0515 14:17:01.000000 52151 constraint_builder_2d.cc:294] 0 computations resulted in 0 additional constraints.
[cartographer_node-1] [INFO] [1778822221.775946183] [cartographer logger]: I0515 14:17:01.000000 52151 constraint_builder_2d.cc:296] Score histogram:
[cartographer_node-1] Count: 32  Min: 0.580591  Max: 0.803468  Mean: 0.687581
[cartographer_node-1] [0.580591, 0.602879)	                ####	Count: 7 (21.875%)	Total: 7 (21.875%)
[cartographer_node-1] [0.602879, 0.625166)	                   #	Count: 1 (3.125%)	Total: 8 (25%)
[cartographer_node-1] [0.625166, 0.647454)	                   #	Count: 1 (3.125%)	Total: 9 (28.125%)
[cartographer_node-1] [0.647454, 0.669742)	                   #	Count: 1 (3.125%)	Total: 10 (31.25%)
[cartographer_node-1] [0.669742, 0.692029)	                 ###	Count: 5 (15.625%)	Total: 15 (46.875%)
[cartographer_node-1] [0.692029, 0.714317)	                 ###	Count: 5 (15.625%)	Total: 20 (62.5%)
[cartographer_node-1] [0.714317, 0.736605)	                 ###	Count: 4 (12.5%)	Total: 24 (75%)
[cartographer_node-1] [0.736605, 0.758893)	                  ##	Count: 3 (9.375%)	Total: 27 (84.375%)
[cartographer_node-1] [0.758893, 0.781180)	                  ##	Count: 3 (9.375%)	Total: 30 (93.75%)
[cartographer_node-1] [0.781180, 0.803468]	                   #	Count: 2 (6.25%)	Total: 32 (100%)
[cartographer_node-1] [INFO] [1778822221.888233451] [cartographer logger]: I0515 14:17:01.000000 52153 pose_graph_2d.cc:538] Remaining work items in queue: 0
[cartographer_node-1] [INFO] [1778822221.888274490] [cartographer logger]: I0515 14:17:01.000000 52153 constraint_builder_2d.cc:294] 0 computations resulted in 0 additional constraints.
[cartographer_node-1] [INFO] [1778822221.888775655] [cartographer logger]: I0515 14:17:01.000000 52153 constraint_builder_2d.cc:296] Score histogram:
[cartographer_node-1] Count: 32  Min: 0.580591  Max: 0.803468  Mean: 0.687581
[cartographer_node-1] [0.580591, 0.602879)	                ####	Count: 7 (21.875%)	Total: 7 (21.875%)
[cartographer_node-1] [0.602879, 0.625166)	                   #	Count: 1 (3.125%)	Total: 8 (25%)
[cartographer_node-1] [0.625166, 0.647454)	                   #	Count: 1 (3.125%)	Total: 9 (28.125%)
[cartographer_node-1] [0.647454, 0.669742)	                   #	Count: 1 (3.125%)	Total: 10 (31.25%)
[cartographer_node-1] [0.669742, 0.692029)	                 ###	Count: 5 (15.625%)	Total: 15 (46.875%)
[cartographer_node-1] [0.692029, 0.714317)	                 ###	Count: 5 (15.625%)	Total: 20 (62.5%)
[cartographer_node-1] [0.714317, 0.736605)	                 ###	Count: 4 (12.5%)	Total: 24 (75%)
[cartographer_node-1] [0.736605, 0.758893)	                  ##	Count: 3 (9.375%)	Total: 27 (84.375%)
[cartographer_node-1] [0.758893, 0.781180)	                  ##	Count: 3 (9.375%)	Total: 30 (93.75%)
[cartographer_node-1] [0.781180, 0.803468]	                   #	Count: 2 (6.25%)	Total: 32 (100%)
[cartographer_node-1] [INFO] [1778822221.928223425] [cartographer logger]: I0515 14:17:01.000000 52150 pose_graph_2d.cc:538] Remaining work items in queue: 0
[cartographer_node-1] [INFO] [1778822221.928259181] [cartographer logger]: I0515 14:17:01.000000 52150 constraint_builder_2d.cc:294] 0 computations resulted in 0 additional constraints.
[cartographer_node-1] [INFO] [1778822221.928679894] [cartographer logger]: I0515 14:17:01.000000 52150 constraint_builder_2d.cc:296] Score histogram:
[cartographer_node-1] Count: 32  Min: 0.580591  Max: 0.803468  Mean: 0.687581
[cartographer_node-1] [0.580591, 0.602879)	                ####	Count: 7 (21.875%)	Total: 7 (21.875%)
[cartographer_node-1] [0.602879, 0.625166)	                   #	Count: 1 (3.125%)	Total: 8 (25%)
[cartographer_node-1] [0.625166, 0.647454)	                   #	Count: 1 (3.125%)	Total: 9 (28.125%)
[cartographer_node-1] [0.647454, 0.669742)	                   #	Count: 1 (3.125%)	Total: 10 (31.25%)
[cartographer_node-1] [0.669742, 0.692029)	                 ###	Count: 5 (15.625%)	Total: 15 (46.875%)
[cartographer_node-1] [0.692029, 0.714317)	                 ###	Count: 5 (15.625%)	Total: 20 (62.5%)
[cartographer_node-1] [0.714317, 0.736605)	                 ###	Count: 4 (12.5%)	Total: 24 (75%)
[cartographer_node-1] [0.736605, 0.758893)	                  ##	Count: 3 (9.375%)	Total: 27 (84.375%)
[cartographer_node-1] [0.758893, 0.781180)	                  ##	Count: 3 (9.375%)	Total: 30 (93.75%)
[cartographer_node-1] [0.781180, 0.803468]	                   #	Count: 2 (6.25%)	Total: 32 (100%)
[cartographer_node-1] [INFO] [1778822221.989908384] [cartographer logger]: I0515 14:17:01.000000 52152 pose_graph_2d.cc:538] Remaining work items in queue: 0
[cartographer_node-1] [INFO] [1778822221.989944593] [cartographer logger]: I0515 14:17:01.000000 52152 constraint_builder_2d.cc:294] 0 computations resulted in 0 additional constraints.
[cartographer_node-1] [INFO] [1778822221.990084020] [cartographer logger]: I0515 14:17:01.000000 52152 constraint_builder_2d.cc:296] Score histogram:
[cartographer_node-1] Count: 32  Min: 0.580591  Max: 0.803468  Mean: 0.687581
[cartographer_node-1] [0.580591, 0.602879)	                ####	Count: 7 (21.875%)	Total: 7 (21.875%)
[cartographer_node-1] [0.602879, 0.625166)	                   #	Count: 1 (3.125%)	Total: 8 (25%)
[cartographer_node-1] [0.625166, 0.647454)	                   #	Count: 1 (3.125%)	Total: 9 (28.125%)
[cartographer_node-1] [0.647454, 0.669742)	                   #	Count: 1 (3.125%)	Total: 10 (31.25%)
[cartographer_node-1] [0.669742, 0.692029)	                 ###	Count: 5 (15.625%)	Total: 15 (46.875%)
[cartographer_node-1] [0.692029, 0.714317)	                 ###	Count: 5 (15.625%)	Total: 20 (62.5%)
[cartographer_node-1] [0.714317, 0.736605)	                 ###	Count: 4 (12.5%)	Total: 24 (75%)
[cartographer_node-1] [0.736605, 0.758893)	                  ##	Count: 3 (9.375%)	Total: 27 (84.375%)
[cartographer_node-1] [0.758893, 0.781180)	                  ##	Count: 3 (9.375%)	Total: 30 (93.75%)
[cartographer_node-1] [0.781180, 0.803468]	                   #	Count: 2 (6.25%)	Total: 32 (100%)
[cartographer_node-1] [INFO] [1778822222.036753960] [cartographer logger]: I0515 14:17:02.000000 52151 pose_graph_2d.cc:538] Remaining work items in queue: 0
[cartographer_node-1] [INFO] [1778822222.051862603] [cartographer logger]: I0515 14:17:02.000000 52136 pose_graph_2d.cc:148] Inserted submap (1, 6).
[cartographer_node-1] [INFO] [1778822222.099799605] [cartographer logger]: I0515 14:17:02.000000 52152 constraint_builder_2d.cc:279] Node (0, 872) with 210 points on submap (1, 4) matches with score 78.1%.
[cartographer_node-1] [INFO] [1778822222.116052048] [cartographer logger]: I0515 14:17:02.000000 52150 constraint_builder_2d.cc:279] Node (0, 272) with 201 points on submap (1, 4) matches with score 81.4%.
[cartographer_node-1] [INFO] [1778822222.141945719] [cartographer logger]: I0515 14:17:02.000000 52151 constraint_builder_2d.cc:279] Node (1, 180) with 217 points on submap (1, 4) differs by translation 0.28 rotation 0.053 with score 73.3%.
[cartographer_node-1] [INFO] [1778822222.193110056] [cartographer logger]: I0515 14:17:02.000000 52150 constraint_builder_2d.cc:279] Node (0, 1072) with 185 points on submap (1, 4) matches with score 61.4%.
[cartographer_node-1] [INFO] [1778822222.219400409] [cartographer logger]: I0515 14:17:02.000000 52151 constraint_builder_2d.cc:279] Node (0, 472) with 185 points on submap (1, 4) matches with score 63.2%.
[cartographer_node-1] [INFO] [1778822222.221500195] [cartographer logger]: I0515 14:17:02.000000 52152 constraint_builder_2d.cc:294] 8 computations resulted in 5 additional constraints.
[cartographer_node-1] [INFO] [1778822222.221541231] [cartographer logger]: I0515 14:17:02.000000 52152 constraint_builder_2d.cc:296] Score histogram:
[cartographer_node-1] Count: 37  Min: 0.580591  Max: 0.814202  Mean: 0.69127
[cartographer_node-1] [0.580591, 0.603952)	                ####	Count: 7 (18.9189%)	Total: 7 (18.9189%)
[cartographer_node-1] [0.603952, 0.627313)	                   #	Count: 2 (5.40541%)	Total: 9 (24.3243%)
[cartographer_node-1] [0.627313, 0.650674)	                   #	Count: 2 (5.40541%)	Total: 11 (29.7297%)
[cartographer_node-1] [0.650674, 0.674035)	                   #	Count: 2 (5.40541%)	Total: 13 (35.1351%)
[cartographer_node-1] [0.674035, 0.697396)	                 ###	Count: 5 (13.5135%)	Total: 18 (48.6486%)
[cartographer_node-1] [0.697396, 0.720757)	                 ###	Count: 5 (13.5135%)	Total: 23 (62.1622%)
[cartographer_node-1] [0.720757, 0.744118)	                 ###	Count: 6 (16.2162%)	Total: 29 (78.3784%)
[cartographer_node-1] [0.744118, 0.767479)	                  ##	Count: 3 (8.10811%)	Total: 32 (86.4865%)
[cartographer_node-1] [0.767479, 0.790840)	                   #	Count: 2 (5.40541%)	Total: 34 (91.8919%)
[cartographer_node-1] [0.790840, 0.814202]	                  ##	Count: 3 (8.10811%)	Total: 37 (100%)
[cartographer_node-1] [INFO] [1778822222.278909387] [cartographer logger]: I0515 14:17:02.000000 52152 pose_graph_2d.cc:538] Remaining work items in queue: 35
[cartographer_node-1] [INFO] [1778822222.278946835] [cartographer logger]: I0515 14:17:02.000000 52152 constraint_builder_2d.cc:294] 0 computations resulted in 0 additional constraints.
[cartographer_node-1] [INFO] [1778822222.279035237] [cartographer logger]: I0515 14:17:02.000000 52152 constraint_builder_2d.cc:296] Score histogram:
[cartographer_node-1] Count: 37  Min: 0.580591  Max: 0.814202  Mean: 0.69127
[cartographer_node-1] [0.580591, 0.603952)	                ####	Count: 7 (18.9189%)	Total: 7 (18.9189%)
[cartographer_node-1] [0.603952, 0.627313)	                   #	Count: 2 (5.40541%)	Total: 9 (24.3243%)
[cartographer_node-1] [0.627313, 0.650674)	                   #	Count: 2 (5.40541%)	Total: 11 (29.7297%)
[cartographer_node-1] [0.650674, 0.674035)	                   #	Count: 2 (5.40541%)	Total: 13 (35.1351%)
[cartographer_node-1] [0.674035, 0.697396)	                 ###	Count: 5 (13.5135%)	Total: 18 (48.6486%)
[cartographer_node-1] [0.697396, 0.720757)	                 ###	Count: 5 (13.5135%)	Total: 23 (62.1622%)
[cartographer_node-1] [0.720757, 0.744118)	                 ###	Count: 6 (16.2162%)	Total: 29 (78.3784%)
[cartographer_node-1] [0.744118, 0.767479)	                  ##	Count: 3 (8.10811%)	Total: 32 (86.4865%)
[cartographer_node-1] [0.767479, 0.790840)	                   #	Count: 2 (5.40541%)	Total: 34 (91.8919%)
[cartographer_node-1] [0.790840, 0.814202]	                  ##	Count: 3 (8.10811%)	Total: 37 (100%)
[cartographer_node-1] [INFO] [1778822222.304101324] [cartographer logger]: I0515 14:17:02.000000 52152 pose_graph_2d.cc:538] Remaining work items in queue: 31
[cartographer_node-1] [INFO] [1778822222.340336910] [cartographer logger]: I0515 14:17:02.000000 52150 constraint_builder_2d.cc:294] 1 computations resulted in 0 additional constraints.
[cartographer_node-1] [INFO] [1778822222.340424595] [cartographer logger]: I0515 14:17:02.000000 52150 constraint_builder_2d.cc:296] Score histogram:
[cartographer_node-1] Count: 37  Min: 0.580591  Max: 0.814202  Mean: 0.69127
[cartographer_node-1] [0.580591, 0.603952)	                ####	Count: 7 (18.9189%)	Total: 7 (18.9189%)
[cartographer_node-1] [0.603952, 0.627313)	                   #	Count: 2 (5.40541%)	Total: 9 (24.3243%)
[cartographer_node-1] [0.627313, 0.650674)	                   #	Count: 2 (5.40541%)	Total: 11 (29.7297%)
[cartographer_node-1] [0.650674, 0.674035)	                   #	Count: 2 (5.40541%)	Total: 13 (35.1351%)
[cartographer_node-1] [0.674035, 0.697396)	                 ###	Count: 5 (13.5135%)	Total: 18 (48.6486%)
[cartographer_node-1] [0.697396, 0.720757)	                 ###	Count: 5 (13.5135%)	Total: 23 (62.1622%)
[cartographer_node-1] [0.720757, 0.744118)	                 ###	Count: 6 (16.2162%)	Total: 29 (78.3784%)
[cartographer_node-1] [0.744118, 0.767479)	                  ##	Count: 3 (8.10811%)	Total: 32 (86.4865%)
[cartographer_node-1] [0.767479, 0.790840)	                   #	Count: 2 (5.40541%)	Total: 34 (91.8919%)
[cartographer_node-1] [0.790840, 0.814202]	                  ##	Count: 3 (8.10811%)	Total: 37 (100%)
[cartographer_node-1] [INFO] [1778822222.390288889] [cartographer logger]: I0515 14:17:02.000000 52150 pose_graph_2d.cc:538] Remaining work items in queue: 31
[cartographer_node-1] [INFO] [1778822222.390319859] [cartographer logger]: I0515 14:17:02.000000 52150 constraint_builder_2d.cc:294] 0 computations resulted in 0 additional constraints.
[cartographer_node-1] [INFO] [1778822222.390566885] [cartographer logger]: I0515 14:17:02.000000 52150 constraint_builder_2d.cc:296] Score histogram:
[cartographer_node-1] Count: 37  Min: 0.580591  Max: 0.814202  Mean: 0.69127
[cartographer_node-1] [0.580591, 0.603952)	                ####	Count: 7 (18.9189%)	Total: 7 (18.9189%)
[cartographer_node-1] [0.603952, 0.627313)	                   #	Count: 2 (5.40541%)	Total: 9 (24.3243%)
[cartographer_node-1] [0.627313, 0.650674)	                   #	Count: 2 (5.40541%)	Total: 11 (29.7297%)
[cartographer_node-1] [0.650674, 0.674035)	                   #	Count: 2 (5.40541%)	Total: 13 (35.1351%)
[cartographer_node-1] [0.674035, 0.697396)	                 ###	Count: 5 (13.5135%)	Total: 18 (48.6486%)
[cartographer_node-1] [0.697396, 0.720757)	                 ###	Count: 5 (13.5135%)	Total: 23 (62.1622%)
[cartographer_node-1] [0.720757, 0.744118)	                 ###	Count: 6 (16.2162%)	Total: 29 (78.3784%)
[cartographer_node-1] [0.744118, 0.767479)	                  ##	Count: 3 (8.10811%)	Total: 32 (86.4865%)
[cartographer_node-1] [0.767479, 0.790840)	                   #	Count: 2 (5.40541%)	Total: 34 (91.8919%)
[cartographer_node-1] [0.790840, 0.814202]	                  ##	Count: 3 (8.10811%)	Total: 37 (100%)
[cartographer_node-1] [INFO] [1778822222.410936922] [cartographer logger]: I0515 14:17:02.000000 52150 pose_graph_2d.cc:538] Remaining work items in queue: 25
[cartographer_node-1] [INFO] [1778822222.410967549] [cartographer logger]: I0515 14:17:02.000000 52150 constraint_builder_2d.cc:294] 0 computations resulted in 0 additional constraints.
[cartographer_node-1] [INFO] [1778822222.411220464] [cartographer logger]: I0515 14:17:02.000000 52150 constraint_builder_2d.cc:296] Score histogram:
[cartographer_node-1] Count: 37  Min: 0.580591  Max: 0.814202  Mean: 0.69127
[cartographer_node-1] [0.580591, 0.603952)	                ####	Count: 7 (18.9189%)	Total: 7 (18.9189%)
[cartographer_node-1] [0.603952, 0.627313)	                   #	Count: 2 (5.40541%)	Total: 9 (24.3243%)
[cartographer_node-1] [0.627313, 0.650674)	                   #	Count: 2 (5.40541%)	Total: 11 (29.7297%)
[cartographer_node-1] [0.650674, 0.674035)	                   #	Count: 2 (5.40541%)	Total: 13 (35.1351%)
[cartographer_node-1] [0.674035, 0.697396)	                 ###	Count: 5 (13.5135%)	Total: 18 (48.6486%)
[cartographer_node-1] [0.697396, 0.720757)	                 ###	Count: 5 (13.5135%)	Total: 23 (62.1622%)
[cartographer_node-1] [0.720757, 0.744118)	                 ###	Count: 6 (16.2162%)	Total: 29 (78.3784%)
[cartographer_node-1] [0.744118, 0.767479)	                  ##	Count: 3 (8.10811%)	Total: 32 (86.4865%)
[cartographer_node-1] [0.767479, 0.790840)	                   #	Count: 2 (5.40541%)	Total: 34 (91.8919%)
[cartographer_node-1] [0.790840, 0.814202]	                  ##	Count: 3 (8.10811%)	Total: 37 (100%)
[cartographer_node-1] [INFO] [1778822222.432739896] [cartographer logger]: I0515 14:17:02.000000 52150 pose_graph_2d.cc:538] Remaining work items in queue: 18
[cartographer_node-1] [INFO] [1778822222.432781211] [cartographer logger]: I0515 14:17:02.000000 52150 constraint_builder_2d.cc:294] 0 computations resulted in 0 additional constraints.
[cartographer_node-1] [INFO] [1778822222.433173251] [cartographer logger]: I0515 14:17:02.000000 52150 constraint_builder_2d.cc:296] Score histogram:
[cartographer_node-1] Count: 37  Min: 0.580591  Max: 0.814202  Mean: 0.69127
[cartographer_node-1] [0.580591, 0.603952)	                ####	Count: 7 (18.9189%)	Total: 7 (18.9189%)
[cartographer_node-1] [0.603952, 0.627313)	                   #	Count: 2 (5.40541%)	Total: 9 (24.3243%)
[cartographer_node-1] [0.627313, 0.650674)	                   #	Count: 2 (5.40541%)	Total: 11 (29.7297%)
[cartographer_node-1] [0.650674, 0.674035)	                   #	Count: 2 (5.40541%)	Total: 13 (35.1351%)
[cartographer_node-1] [0.674035, 0.697396)	                 ###	Count: 5 (13.5135%)	Total: 18 (48.6486%)
[cartographer_node-1] [0.697396, 0.720757)	                 ###	Count: 5 (13.5135%)	Total: 23 (62.1622%)
[cartographer_node-1] [0.720757, 0.744118)	                 ###	Count: 6 (16.2162%)	Total: 29 (78.3784%)
[cartographer_node-1] [0.744118, 0.767479)	                  ##	Count: 3 (8.10811%)	Total: 32 (86.4865%)
[cartographer_node-1] [0.767479, 0.790840)	                   #	Count: 2 (5.40541%)	Total: 34 (91.8919%)
[cartographer_node-1] [0.790840, 0.814202]	                  ##	Count: 3 (8.10811%)	Total: 37 (100%)
[cartographer_node-1] [INFO] [1778822222.457614518] [cartographer logger]: I0515 14:17:02.000000 52150 pose_graph_2d.cc:538] Remaining work items in queue: 19
[cartographer_node-1] [INFO] [1778822222.457661235] [cartographer logger]: I0515 14:17:02.000000 52150 constraint_builder_2d.cc:294] 0 computations resulted in 0 additional constraints.
[cartographer_node-1] [INFO] [1778822222.457988717] [cartographer logger]: I0515 14:17:02.000000 52150 constraint_builder_2d.cc:296] Score histogram:
[cartographer_node-1] Count: 37  Min: 0.580591  Max: 0.814202  Mean: 0.69127
[cartographer_node-1] [0.580591, 0.603952)	                ####	Count: 7 (18.9189%)	Total: 7 (18.9189%)
[cartographer_node-1] [0.603952, 0.627313)	                   #	Count: 2 (5.40541%)	Total: 9 (24.3243%)
[cartographer_node-1] [0.627313, 0.650674)	                   #	Count: 2 (5.40541%)	Total: 11 (29.7297%)
[cartographer_node-1] [0.650674, 0.674035)	                   #	Count: 2 (5.40541%)	Total: 13 (35.1351%)
[cartographer_node-1] [0.674035, 0.697396)	                 ###	Count: 5 (13.5135%)	Total: 18 (48.6486%)
[cartographer_node-1] [0.697396, 0.720757)	                 ###	Count: 5 (13.5135%)	Total: 23 (62.1622%)
[cartographer_node-1] [0.720757, 0.744118)	                 ###	Count: 6 (16.2162%)	Total: 29 (78.3784%)
[cartographer_node-1] [0.744118, 0.767479)	                  ##	Count: 3 (8.10811%)	Total: 32 (86.4865%)
[cartographer_node-1] [0.767479, 0.790840)	                   #	Count: 2 (5.40541%)	Total: 34 (91.8919%)
[cartographer_node-1] [0.790840, 0.814202]	                  ##	Count: 3 (8.10811%)	Total: 37 (100%)
[cartographer_node-1] [INFO] [1778822222.480971535] [cartographer logger]: I0515 14:17:02.000000 52150 pose_graph_2d.cc:538] Remaining work items in queue: 12
[cartographer_node-1] [INFO] [1778822222.481021374] [cartographer logger]: I0515 14:17:02.000000 52150 constraint_builder_2d.cc:294] 0 computations resulted in 0 additional constraints.
[cartographer_node-1] [INFO] [1778822222.481424346] [cartographer logger]: I0515 14:17:02.000000 52150 constraint_builder_2d.cc:296] Score histogram:
[cartographer_node-1] Count: 37  Min: 0.580591  Max: 0.814202  Mean: 0.69127
[cartographer_node-1] [0.580591, 0.603952)	                ####	Count: 7 (18.9189%)	Total: 7 (18.9189%)
[cartographer_node-1] [0.603952, 0.627313)	                   #	Count: 2 (5.40541%)	Total: 9 (24.3243%)
[cartographer_node-1] [0.627313, 0.650674)	                   #	Count: 2 (5.40541%)	Total: 11 (29.7297%)
[cartographer_node-1] [0.650674, 0.674035)	                   #	Count: 2 (5.40541%)	Total: 13 (35.1351%)
[cartographer_node-1] [0.674035, 0.697396)	                 ###	Count: 5 (13.5135%)	Total: 18 (48.6486%)
[cartographer_node-1] [0.697396, 0.720757)	                 ###	Count: 5 (13.5135%)	Total: 23 (62.1622%)
[cartographer_node-1] [0.720757, 0.744118)	                 ###	Count: 6 (16.2162%)	Total: 29 (78.3784%)
[cartographer_node-1] [0.744118, 0.767479)	                  ##	Count: 3 (8.10811%)	Total: 32 (86.4865%)
[cartographer_node-1] [0.767479, 0.790840)	                   #	Count: 2 (5.40541%)	Total: 34 (91.8919%)
[cartographer_node-1] [0.790840, 0.814202]	                  ##	Count: 3 (8.10811%)	Total: 37 (100%)
[cartographer_node-1] [INFO] [1778822222.502927637] [cartographer logger]: I0515 14:17:02.000000 52150 pose_graph_2d.cc:538] Remaining work items in queue: 9
[cartographer_node-1] [INFO] [1778822222.502965857] [cartographer logger]: I0515 14:17:02.000000 52150 constraint_builder_2d.cc:294] 0 computations resulted in 0 additional constraints.
[cartographer_node-1] [INFO] [1778822222.503347046] [cartographer logger]: I0515 14:17:02.000000 52150 constraint_builder_2d.cc:296] Score histogram:
[cartographer_node-1] Count: 37  Min: 0.580591  Max: 0.814202  Mean: 0.69127
[cartographer_node-1] [0.580591, 0.603952)	                ####	Count: 7 (18.9189%)	Total: 7 (18.9189%)
[cartographer_node-1] [0.603952, 0.627313)	                   #	Count: 2 (5.40541%)	Total: 9 (24.3243%)
[cartographer_node-1] [0.627313, 0.650674)	                   #	Count: 2 (5.40541%)	Total: 11 (29.7297%)
[cartographer_node-1] [0.650674, 0.674035)	                   #	Count: 2 (5.40541%)	Total: 13 (35.1351%)
[cartographer_node-1] [0.674035, 0.697396)	                 ###	Count: 5 (13.5135%)	Total: 18 (48.6486%)
[cartographer_node-1] [0.697396, 0.720757)	                 ###	Count: 5 (13.5135%)	Total: 23 (62.1622%)
[cartographer_node-1] [0.720757, 0.744118)	                 ###	Count: 6 (16.2162%)	Total: 29 (78.3784%)
[cartographer_node-1] [0.744118, 0.767479)	                  ##	Count: 3 (8.10811%)	Total: 32 (86.4865%)
[cartographer_node-1] [0.767479, 0.790840)	                   #	Count: 2 (5.40541%)	Total: 34 (91.8919%)
[cartographer_node-1] [0.790840, 0.814202]	                  ##	Count: 3 (8.10811%)	Total: 37 (100%)
[cartographer_node-1] [INFO] [1778822222.526798677] [cartographer logger]: I0515 14:17:02.000000 52150 pose_graph_2d.cc:538] Remaining work items in queue: 5
[cartographer_node-1] [INFO] [1778822222.580852406] [cartographer logger]: I0515 14:17:02.000000 52152 constraint_builder_2d.cc:294] 1 computations resulted in 0 additional constraints.
[cartographer_node-1] [INFO] [1778822222.580973459] [cartographer logger]: I0515 14:17:02.000000 52152 constraint_builder_2d.cc:296] Score histogram:
[cartographer_node-1] Count: 37  Min: 0.580591  Max: 0.814202  Mean: 0.69127
[cartographer_node-1] [0.580591, 0.603952)	                ####	Count: 7 (18.9189%)	Total: 7 (18.9189%)
[cartographer_node-1] [0.603952, 0.627313)	                   #	Count: 2 (5.40541%)	Total: 9 (24.3243%)
[cartographer_node-1] [0.627313, 0.650674)	                   #	Count: 2 (5.40541%)	Total: 11 (29.7297%)
[cartographer_node-1] [0.650674, 0.674035)	                   #	Count: 2 (5.40541%)	Total: 13 (35.1351%)
[cartographer_node-1] [0.674035, 0.697396)	                 ###	Count: 5 (13.5135%)	Total: 18 (48.6486%)
[cartographer_node-1] [0.697396, 0.720757)	                 ###	Count: 5 (13.5135%)	Total: 23 (62.1622%)
[cartographer_node-1] [0.720757, 0.744118)	                 ###	Count: 6 (16.2162%)	Total: 29 (78.3784%)
[cartographer_node-1] [0.744118, 0.767479)	                  ##	Count: 3 (8.10811%)	Total: 32 (86.4865%)
[cartographer_node-1] [0.767479, 0.790840)	                   #	Count: 2 (5.40541%)	Total: 34 (91.8919%)
[cartographer_node-1] [0.790840, 0.814202]	                  ##	Count: 3 (8.10811%)	Total: 37 (100%)
[cartographer_node-1] [INFO] [1778822222.606708466] [cartographer logger]: I0515 14:17:02.000000 52152 pose_graph_2d.cc:538] Remaining work items in queue: 3
[cartographer_node-1] [INFO] [1778822222.606786514] [cartographer logger]: I0515 14:17:02.000000 52152 constraint_builder_2d.cc:294] 0 computations resulted in 0 additional constraints.
[cartographer_node-1] [INFO] [1778822222.607267411] [cartographer logger]: I0515 14:17:02.000000 52152 constraint_builder_2d.cc:296] Score histogram:
[cartographer_node-1] Count: 37  Min: 0.580591  Max: 0.814202  Mean: 0.69127
[cartographer_node-1] [0.580591, 0.603952)	                ####	Count: 7 (18.9189%)	Total: 7 (18.9189%)
[cartographer_node-1] [0.603952, 0.627313)	                   #	Count: 2 (5.40541%)	Total: 9 (24.3243%)
[cartographer_node-1] [0.627313, 0.650674)	                   #	Count: 2 (5.40541%)	Total: 11 (29.7297%)
[cartographer_node-1] [0.650674, 0.674035)	                   #	Count: 2 (5.40541%)	Total: 13 (35.1351%)
[cartographer_node-1] [0.674035, 0.697396)	                 ###	Count: 5 (13.5135%)	Total: 18 (48.6486%)
[cartographer_node-1] [0.697396, 0.720757)	                 ###	Count: 5 (13.5135%)	Total: 23 (62.1622%)
[cartographer_node-1] [0.720757, 0.744118)	                 ###	Count: 6 (16.2162%)	Total: 29 (78.3784%)
[cartographer_node-1] [0.744118, 0.767479)	                  ##	Count: 3 (8.10811%)	Total: 32 (86.4865%)
[cartographer_node-1] [0.767479, 0.790840)	                   #	Count: 2 (5.40541%)	Total: 34 (91.8919%)
[cartographer_node-1] [0.790840, 0.814202]	                  ##	Count: 3 (8.10811%)	Total: 37 (100%)
[cartographer_node-1] [INFO] [1778822222.655400065] [cartographer logger]: I0515 14:17:02.000000 52152 pose_graph_2d.cc:538] Remaining work items in queue: 0
[cartographer_node-1] [INFO] [1778822222.655436084] [cartographer logger]: I0515 14:17:02.000000 52152 constraint_builder_2d.cc:294] 0 computations resulted in 0 additional constraints.
[cartographer_node-1] [INFO] [1778822222.655563848] [cartographer logger]: I0515 14:17:02.000000 52152 constraint_builder_2d.cc:296] Score histogram:
[cartographer_node-1] Count: 37  Min: 0.580591  Max: 0.814202  Mean: 0.69127
[cartographer_node-1] [0.580591, 0.603952)	                ####	Count: 7 (18.9189%)	Total: 7 (18.9189%)
[cartographer_node-1] [0.603952, 0.627313)	                   #	Count: 2 (5.40541%)	Total: 9 (24.3243%)
[cartographer_node-1] [0.627313, 0.650674)	                   #	Count: 2 (5.40541%)	Total: 11 (29.7297%)
[cartographer_node-1] [0.650674, 0.674035)	                   #	Count: 2 (5.40541%)	Total: 13 (35.1351%)
[cartographer_node-1] [0.674035, 0.697396)	                 ###	Count: 5 (13.5135%)	Total: 18 (48.6486%)
[cartographer_node-1] [0.697396, 0.720757)	                 ###	Count: 5 (13.5135%)	Total: 23 (62.1622%)
[cartographer_node-1] [0.720757, 0.744118)	                 ###	Count: 6 (16.2162%)	Total: 29 (78.3784%)
[cartographer_node-1] [0.744118, 0.767479)	                  ##	Count: 3 (8.10811%)	Total: 32 (86.4865%)
[cartographer_node-1] [0.767479, 0.790840)	                   #	Count: 2 (5.40541%)	Total: 34 (91.8919%)
[cartographer_node-1] [0.790840, 0.814202]	                  ##	Count: 3 (8.10811%)	Total: 37 (100%)
[cartographer_node-1] [INFO] [1778822222.705771533] [cartographer logger]: I0515 14:17:02.000000 52152 pose_graph_2d.cc:538] Remaining work items in queue: 0
[cartographer_node-1] [INFO] [1778822222.705815387] [cartographer logger]: I0515 14:17:02.000000 52152 constraint_builder_2d.cc:294] 0 computations resulted in 0 additional constraints.
[cartographer_node-1] [INFO] [1778822222.705933347] [cartographer logger]: I0515 14:17:02.000000 52152 constraint_builder_2d.cc:296] Score histogram:
[cartographer_node-1] Count: 37  Min: 0.580591  Max: 0.814202  Mean: 0.69127
[cartographer_node-1] [0.580591, 0.603952)	                ####	Count: 7 (18.9189%)	Total: 7 (18.9189%)
[cartographer_node-1] [0.603952, 0.627313)	                   #	Count: 2 (5.40541%)	Total: 9 (24.3243%)
[cartographer_node-1] [0.627313, 0.650674)	                   #	Count: 2 (5.40541%)	Total: 11 (29.7297%)
[cartographer_node-1] [0.650674, 0.674035)	                   #	Count: 2 (5.40541%)	Total: 13 (35.1351%)
[cartographer_node-1] [0.674035, 0.697396)	                 ###	Count: 5 (13.5135%)	Total: 18 (48.6486%)
[cartographer_node-1] [0.697396, 0.720757)	                 ###	Count: 5 (13.5135%)	Total: 23 (62.1622%)
[cartographer_node-1] [0.720757, 0.744118)	                 ###	Count: 6 (16.2162%)	Total: 29 (78.3784%)
[cartographer_node-1] [0.744118, 0.767479)	                  ##	Count: 3 (8.10811%)	Total: 32 (86.4865%)
[cartographer_node-1] [0.767479, 0.790840)	                   #	Count: 2 (5.40541%)	Total: 34 (91.8919%)
[cartographer_node-1] [0.790840, 0.814202]	                  ##	Count: 3 (8.10811%)	Total: 37 (100%)
[cartographer_node-1] [INFO] [1778822222.756716049] [cartographer logger]: I0515 14:17:02.000000 52152 pose_graph_2d.cc:538] Remaining work items in queue: 0
[cartographer_node-1] [INFO] [1778822222.756822999] [cartographer logger]: I0515 14:17:02.000000 52152 constraint_builder_2d.cc:294] 0 computations resulted in 0 additional constraints.
[cartographer_node-1] [INFO] [1778822222.756948558] [cartographer logger]: I0515 14:17:02.000000 52152 constraint_builder_2d.cc:296] Score histogram:
[cartographer_node-1] Count: 37  Min: 0.580591  Max: 0.814202  Mean: 0.69127
[cartographer_node-1] [0.580591, 0.603952)	                ####	Count: 7 (18.9189%)	Total: 7 (18.9189%)
[cartographer_node-1] [0.603952, 0.627313)	                   #	Count: 2 (5.40541%)	Total: 9 (24.3243%)
[cartographer_node-1] [0.627313, 0.650674)	                   #	Count: 2 (5.40541%)	Total: 11 (29.7297%)
[cartographer_node-1] [0.650674, 0.674035)	                   #	Count: 2 (5.40541%)	Total: 13 (35.1351%)
[cartographer_node-1] [0.674035, 0.697396)	                 ###	Count: 5 (13.5135%)	Total: 18 (48.6486%)
[cartographer_node-1] [0.697396, 0.720757)	                 ###	Count: 5 (13.5135%)	Total: 23 (62.1622%)
[cartographer_node-1] [0.720757, 0.744118)	                 ###	Count: 6 (16.2162%)	Total: 29 (78.3784%)
[cartographer_node-1] [0.744118, 0.767479)	                  ##	Count: 3 (8.10811%)	Total: 32 (86.4865%)
[cartographer_node-1] [0.767479, 0.790840)	                   #	Count: 2 (5.40541%)	Total: 34 (91.8919%)
[cartographer_node-1] [0.790840, 0.814202]	                  ##	Count: 3 (8.10811%)	Total: 37 (100%)
[cartographer_node-1] [INFO] [1778822222.807622642] [cartographer logger]: I0515 14:17:02.000000 52152 pose_graph_2d.cc:538] Remaining work items in queue: 0
[cartographer_node-1] [INFO] [1778822222.807688047] [cartographer logger]: I0515 14:17:02.000000 52152 constraint_builder_2d.cc:294] 0 computations resulted in 0 additional constraints.
[cartographer_node-1] [INFO] [1778822222.807802151] [cartographer logger]: I0515 14:17:02.000000 52152 constraint_builder_2d.cc:296] Score histogram:
[cartographer_node-1] Count: 37  Min: 0.580591  Max: 0.814202  Mean: 0.69127
[cartographer_node-1] [0.580591, 0.603952)	                ####	Count: 7 (18.9189%)	Total: 7 (18.9189%)
[cartographer_node-1] [0.603952, 0.627313)	                   #	Count: 2 (5.40541%)	Total: 9 (24.3243%)
[cartographer_node-1] [0.627313, 0.650674)	                   #	Count: 2 (5.40541%)	Total: 11 (29.7297%)
[cartographer_node-1] [0.650674, 0.674035)	                   #	Count: 2 (5.40541%)	Total: 13 (35.1351%)
[cartographer_node-1] [0.674035, 0.697396)	                 ###	Count: 5 (13.5135%)	Total: 18 (48.6486%)
[cartographer_node-1] [0.697396, 0.720757)	                 ###	Count: 5 (13.5135%)	Total: 23 (62.1622%)
[cartographer_node-1] [0.720757, 0.744118)	                 ###	Count: 6 (16.2162%)	Total: 29 (78.3784%)
[cartographer_node-1] [0.744118, 0.767479)	                  ##	Count: 3 (8.10811%)	Total: 32 (86.4865%)
[cartographer_node-1] [0.767479, 0.790840)	                   #	Count: 2 (5.40541%)	Total: 34 (91.8919%)
[cartographer_node-1] [0.790840, 0.814202]	                  ##	Count: 3 (8.10811%)	Total: 37 (100%)
[cartographer_node-1] [INFO] [1778822222.851242425] [cartographer logger]: I0515 14:17:02.000000 52152 pose_graph_2d.cc:538] Remaining work items in queue: 2
[cartographer_node-1] [INFO] [1778822222.851290310] [cartographer logger]: I0515 14:17:02.000000 52152 constraint_builder_2d.cc:294] 0 computations resulted in 0 additional constraints.
[cartographer_node-1] [INFO] [1778822222.851457587] [cartographer logger]: I0515 14:17:02.000000 52152 constraint_builder_2d.cc:296] Score histogram:
[cartographer_node-1] Count: 37  Min: 0.580591  Max: 0.814202  Mean: 0.69127
[cartographer_node-1] [0.580591, 0.603952)	                ####	Count: 7 (18.9189%)	Total: 7 (18.9189%)
[cartographer_node-1] [0.603952, 0.627313)	                   #	Count: 2 (5.40541%)	Total: 9 (24.3243%)
[cartographer_node-1] [0.627313, 0.650674)	                   #	Count: 2 (5.40541%)	Total: 11 (29.7297%)
[cartographer_node-1] [0.650674, 0.674035)	                   #	Count: 2 (5.40541%)	Total: 13 (35.1351%)
[cartographer_node-1] [0.674035, 0.697396)	                 ###	Count: 5 (13.5135%)	Total: 18 (48.6486%)
[cartographer_node-1] [0.697396, 0.720757)	                 ###	Count: 5 (13.5135%)	Total: 23 (62.1622%)
[cartographer_node-1] [0.720757, 0.744118)	                 ###	Count: 6 (16.2162%)	Total: 29 (78.3784%)
[cartographer_node-1] [0.744118, 0.767479)	                  ##	Count: 3 (8.10811%)	Total: 32 (86.4865%)
[cartographer_node-1] [0.767479, 0.790840)	                   #	Count: 2 (5.40541%)	Total: 34 (91.8919%)
[cartographer_node-1] [0.790840, 0.814202]	                  ##	Count: 3 (8.10811%)	Total: 37 (100%)
[cartographer_node-1] [INFO] [1778822222.880087116] [cartographer logger]: I0515 14:17:02.000000 52152 pose_graph_2d.cc:538] Remaining work items in queue: 0
[cartographer_node-1] [INFO] [1778822222.963475043] [cartographer logger]: I0515 14:17:02.000000 52151 constraint_builder_2d.cc:279] Node (1, 571) with 206 points on submap (0, 6) matches with score 65.7%.
[cartographer_node-1] [INFO] [1778822222.963525694] [cartographer logger]: I0515 14:17:02.000000 52151 constraint_builder_2d.cc:294] 1 computations resulted in 1 additional constraints.
[cartographer_node-1] [INFO] [1778822222.963621328] [cartographer logger]: I0515 14:17:02.000000 52151 constraint_builder_2d.cc:296] Score histogram:
[cartographer_node-1] Count: 38  Min: 0.580591  Max: 0.814202  Mean: 0.690365
[cartographer_node-1] [0.580591, 0.603952)	                ####	Count: 7 (18.4211%)	Total: 7 (18.4211%)
[cartographer_node-1] [0.603952, 0.627313)	                   #	Count: 2 (5.26316%)	Total: 9 (23.6842%)
[cartographer_node-1] [0.627313, 0.650674)	                   #	Count: 2 (5.26316%)	Total: 11 (28.9474%)
[cartographer_node-1] [0.650674, 0.674035)	                  ##	Count: 3 (7.89474%)	Total: 14 (36.8421%)
[cartographer_node-1] [0.674035, 0.697396)	                 ###	Count: 5 (13.1579%)	Total: 19 (50%)
[cartographer_node-1] [0.697396, 0.720757)	                 ###	Count: 5 (13.1579%)	Total: 24 (63.1579%)
[cartographer_node-1] [0.720757, 0.744118)	                 ###	Count: 6 (15.7895%)	Total: 30 (78.9474%)
[cartographer_node-1] [0.744118, 0.767479)	                  ##	Count: 3 (7.89474%)	Total: 33 (86.8421%)
[cartographer_node-1] [0.767479, 0.790840)	                   #	Count: 2 (5.26316%)	Total: 35 (92.1053%)
[cartographer_node-1] [0.790840, 0.814202]	                  ##	Count: 3 (7.89474%)	Total: 38 (100%)
[cartographer_node-1] [INFO] [1778822223.020595777] [cartographer logger]: I0515 14:17:03.000000 52151 pose_graph_2d.cc:538] Remaining work items in queue: 17
[cartographer_node-1] [INFO] [1778822223.020647739] [cartographer logger]: I0515 14:17:03.000000 52151 constraint_builder_2d.cc:294] 0 computations resulted in 0 additional constraints.
[cartographer_node-1] [INFO] [1778822223.020755415] [cartographer logger]: I0515 14:17:03.000000 52151 constraint_builder_2d.cc:296] Score histogram:
[cartographer_node-1] Count: 38  Min: 0.580591  Max: 0.814202  Mean: 0.690365
[cartographer_node-1] [0.580591, 0.603952)	                ####	Count: 7 (18.4211%)	Total: 7 (18.4211%)
[cartographer_node-1] [0.603952, 0.627313)	                   #	Count: 2 (5.26316%)	Total: 9 (23.6842%)
[cartographer_node-1] [0.627313, 0.650674)	                   #	Count: 2 (5.26316%)	Total: 11 (28.9474%)
[cartographer_node-1] [0.650674, 0.674035)	                  ##	Count: 3 (7.89474%)	Total: 14 (36.8421%)
[cartographer_node-1] [0.674035, 0.697396)	                 ###	Count: 5 (13.1579%)	Total: 19 (50%)
[cartographer_node-1] [0.697396, 0.720757)	                 ###	Count: 5 (13.1579%)	Total: 24 (63.1579%)
[cartographer_node-1] [0.720757, 0.744118)	                 ###	Count: 6 (15.7895%)	Total: 30 (78.9474%)
[cartographer_node-1] [0.744118, 0.767479)	                  ##	Count: 3 (7.89474%)	Total: 33 (86.8421%)
[cartographer_node-1] [0.767479, 0.790840)	                   #	Count: 2 (5.26316%)	Total: 35 (92.1053%)
[cartographer_node-1] [0.790840, 0.814202]	                  ##	Count: 3 (7.89474%)	Total: 38 (100%)
[cartographer_node-1] [INFO] [1778822223.049128842] [cartographer logger]: I0515 14:17:03.000000 52151 pose_graph_2d.cc:538] Remaining work items in queue: 11
[cartographer_node-1] [INFO] [1778822223.049172095] [cartographer logger]: I0515 14:17:03.000000 52151 constraint_builder_2d.cc:294] 0 computations resulted in 0 additional constraints.
[cartographer_node-1] [INFO] [1778822223.049620625] [cartographer logger]: I0515 14:17:03.000000 52151 constraint_builder_2d.cc:296] Score histogram:
[cartographer_node-1] Count: 38  Min: 0.580591  Max: 0.814202  Mean: 0.690365
[cartographer_node-1] [0.580591, 0.603952)	                ####	Count: 7 (18.4211%)	Total: 7 (18.4211%)
[cartographer_node-1] [0.603952, 0.627313)	                   #	Count: 2 (5.26316%)	Total: 9 (23.6842%)
[cartographer_node-1] [0.627313, 0.650674)	                   #	Count: 2 (5.26316%)	Total: 11 (28.9474%)
[cartographer_node-1] [0.650674, 0.674035)	                  ##	Count: 3 (7.89474%)	Total: 14 (36.8421%)
[cartographer_node-1] [0.674035, 0.697396)	                 ###	Count: 5 (13.1579%)	Total: 19 (50%)
[cartographer_node-1] [0.697396, 0.720757)	                 ###	Count: 5 (13.1579%)	Total: 24 (63.1579%)
[cartographer_node-1] [0.720757, 0.744118)	                 ###	Count: 6 (15.7895%)	Total: 30 (78.9474%)
[cartographer_node-1] [0.744118, 0.767479)	                  ##	Count: 3 (7.89474%)	Total: 33 (86.8421%)
[cartographer_node-1] [0.767479, 0.790840)	                   #	Count: 2 (5.26316%)	Total: 35 (92.1053%)
[cartographer_node-1] [0.790840, 0.814202]	                  ##	Count: 3 (7.89474%)	Total: 38 (100%)
[cartographer_node-1] [INFO] [1778822223.077479851] [cartographer logger]: I0515 14:17:03.000000 52151 pose_graph_2d.cc:538] Remaining work items in queue: 5
[cartographer_node-1] [INFO] [1778822223.077524762] [cartographer logger]: I0515 14:17:03.000000 52151 constraint_builder_2d.cc:294] 0 computations resulted in 0 additional constraints.
[cartographer_node-1] [INFO] [1778822223.077626964] [cartographer logger]: I0515 14:17:03.000000 52151 constraint_builder_2d.cc:296] Score histogram:
[cartographer_node-1] Count: 38  Min: 0.580591  Max: 0.814202  Mean: 0.690365
[cartographer_node-1] [0.580591, 0.603952)	                ####	Count: 7 (18.4211%)	Total: 7 (18.4211%)
[cartographer_node-1] [0.603952, 0.627313)	                   #	Count: 2 (5.26316%)	Total: 9 (23.6842%)
[cartographer_node-1] [0.627313, 0.650674)	                   #	Count: 2 (5.26316%)	Total: 11 (28.9474%)
[cartographer_node-1] [0.650674, 0.674035)	                  ##	Count: 3 (7.89474%)	Total: 14 (36.8421%)
[cartographer_node-1] [0.674035, 0.697396)	                 ###	Count: 5 (13.1579%)	Total: 19 (50%)
[cartographer_node-1] [0.697396, 0.720757)	                 ###	Count: 5 (13.1579%)	Total: 24 (63.1579%)
[cartographer_node-1] [0.720757, 0.744118)	                 ###	Count: 6 (15.7895%)	Total: 30 (78.9474%)
[cartographer_node-1] [0.744118, 0.767479)	                  ##	Count: 3 (7.89474%)	Total: 33 (86.8421%)
[cartographer_node-1] [0.767479, 0.790840)	                   #	Count: 2 (5.26316%)	Total: 35 (92.1053%)
[cartographer_node-1] [0.790840, 0.814202]	                  ##	Count: 3 (7.89474%)	Total: 38 (100%)
[cartographer_node-1] [INFO] [1778822223.104447212] [cartographer logger]: I0515 14:17:03.000000 52151 pose_graph_2d.cc:538] Remaining work items in queue: 1
[cartographer_node-1] [INFO] [1778822223.104530307] [cartographer logger]: I0515 14:17:03.000000 52151 constraint_builder_2d.cc:294] 0 computations resulted in 0 additional constraints.
[cartographer_node-1] [INFO] [1778822223.104864797] [cartographer logger]: I0515 14:17:03.000000 52151 constraint_builder_2d.cc:296] Score histogram:
[cartographer_node-1] Count: 38  Min: 0.580591  Max: 0.814202  Mean: 0.690365
[cartographer_node-1] [0.580591, 0.603952)	                ####	Count: 7 (18.4211%)	Total: 7 (18.4211%)
[cartographer_node-1] [0.603952, 0.627313)	                   #	Count: 2 (5.26316%)	Total: 9 (23.6842%)
[cartographer_node-1] [0.627313, 0.650674)	                   #	Count: 2 (5.26316%)	Total: 11 (28.9474%)
[cartographer_node-1] [0.650674, 0.674035)	                  ##	Count: 3 (7.89474%)	Total: 14 (36.8421%)
[cartographer_node-1] [0.674035, 0.697396)	                 ###	Count: 5 (13.1579%)	Total: 19 (50%)
[cartographer_node-1] [0.697396, 0.720757)	                 ###	Count: 5 (13.1579%)	Total: 24 (63.1579%)
[cartographer_node-1] [0.720757, 0.744118)	                 ###	Count: 6 (15.7895%)	Total: 30 (78.9474%)
[cartographer_node-1] [0.744118, 0.767479)	                  ##	Count: 3 (7.89474%)	Total: 33 (86.8421%)
[cartographer_node-1] [0.767479, 0.790840)	                   #	Count: 2 (5.26316%)	Total: 35 (92.1053%)
[cartographer_node-1] [0.790840, 0.814202]	                  ##	Count: 3 (7.89474%)	Total: 38 (100%)
[cartographer_node-1] [INFO] [1778822223.154522941] [cartographer logger]: I0515 14:17:03.000000 52152 pose_graph_2d.cc:538] Remaining work items in queue: 2
[cartographer_node-1] [INFO] [1778822223.154555598] [cartographer logger]: I0515 14:17:03.000000 52152 constraint_builder_2d.cc:294] 0 computations resulted in 0 additional constraints.
[cartographer_node-1] [INFO] [1778822223.154672175] [cartographer logger]: I0515 14:17:03.000000 52152 constraint_builder_2d.cc:296] Score histogram:
[cartographer_node-1] Count: 38  Min: 0.580591  Max: 0.814202  Mean: 0.690365
[cartographer_node-1] [0.580591, 0.603952)	                ####	Count: 7 (18.4211%)	Total: 7 (18.4211%)
[cartographer_node-1] [0.603952, 0.627313)	                   #	Count: 2 (5.26316%)	Total: 9 (23.6842%)
[cartographer_node-1] [0.627313, 0.650674)	                   #	Count: 2 (5.26316%)	Total: 11 (28.9474%)
[cartographer_node-1] [0.650674, 0.674035)	                  ##	Count: 3 (7.89474%)	Total: 14 (36.8421%)
[cartographer_node-1] [0.674035, 0.697396)	                 ###	Count: 5 (13.1579%)	Total: 19 (50%)
[cartographer_node-1] [0.697396, 0.720757)	                 ###	Count: 5 (13.1579%)	Total: 24 (63.1579%)
[cartographer_node-1] [0.720757, 0.744118)	                 ###	Count: 6 (15.7895%)	Total: 30 (78.9474%)
[cartographer_node-1] [0.744118, 0.767479)	                  ##	Count: 3 (7.89474%)	Total: 33 (86.8421%)
[cartographer_node-1] [0.767479, 0.790840)	                   #	Count: 2 (5.26316%)	Total: 35 (92.1053%)
[cartographer_node-1] [0.790840, 0.814202]	                  ##	Count: 3 (7.89474%)	Total: 38 (100%)
[cartographer_node-1] [INFO] [1778822223.211304052] [cartographer logger]: I0515 14:17:03.000000 52150 pose_graph_2d.cc:538] Remaining work items in queue: 1
[cartographer_node-1] [INFO] [1778822223.211349024] [cartographer logger]: I0515 14:17:03.000000 52150 constraint_builder_2d.cc:294] 0 computations resulted in 0 additional constraints.
[cartographer_node-1] [INFO] [1778822223.211774157] [cartographer logger]: I0515 14:17:03.000000 52150 constraint_builder_2d.cc:296] Score histogram:
[cartographer_node-1] Count: 38  Min: 0.580591  Max: 0.814202  Mean: 0.690365
[cartographer_node-1] [0.580591, 0.603952)	                ####	Count: 7 (18.4211%)	Total: 7 (18.4211%)
[cartographer_node-1] [0.603952, 0.627313)	                   #	Count: 2 (5.26316%)	Total: 9 (23.6842%)
[cartographer_node-1] [0.627313, 0.650674)	                   #	Count: 2 (5.26316%)	Total: 11 (28.9474%)
[cartographer_node-1] [0.650674, 0.674035)	                  ##	Count: 3 (7.89474%)	Total: 14 (36.8421%)
[cartographer_node-1] [0.674035, 0.697396)	                 ###	Count: 5 (13.1579%)	Total: 19 (50%)
[cartographer_node-1] [0.697396, 0.720757)	                 ###	Count: 5 (13.1579%)	Total: 24 (63.1579%)
[cartographer_node-1] [0.720757, 0.744118)	                 ###	Count: 6 (15.7895%)	Total: 30 (78.9474%)
[cartographer_node-1] [0.744118, 0.767479)	                  ##	Count: 3 (7.89474%)	Total: 33 (86.8421%)
[cartographer_node-1] [0.767479, 0.790840)	                   #	Count: 2 (5.26316%)	Total: 35 (92.1053%)
[cartographer_node-1] [0.790840, 0.814202]	                  ##	Count: 3 (7.89474%)	Total: 38 (100%)
[cartographer_node-1] [INFO] [1778822223.250438074] [cartographer logger]: I0515 14:17:03.000000 52150 pose_graph_2d.cc:538] Remaining work items in queue: 0
[cartographer_node-1] [INFO] [1778822223.298043770] [cartographer logger]: I0515 14:17:03.000000 52152 constraint_builder_2d.cc:294] 1 computations resulted in 0 additional constraints.
[cartographer_node-1] [INFO] [1778822223.298160818] [cartographer logger]: I0515 14:17:03.000000 52152 constraint_builder_2d.cc:296] Score histogram:
[cartographer_node-1] Count: 38  Min: 0.580591  Max: 0.814202  Mean: 0.690365
[cartographer_node-1] [0.580591, 0.603952)	                ####	Count: 7 (18.4211%)	Total: 7 (18.4211%)
[cartographer_node-1] [0.603952, 0.627313)	                   #	Count: 2 (5.26316%)	Total: 9 (23.6842%)
[cartographer_node-1] [0.627313, 0.650674)	                   #	Count: 2 (5.26316%)	Total: 11 (28.9474%)
[cartographer_node-1] [0.650674, 0.674035)	                  ##	Count: 3 (7.89474%)	Total: 14 (36.8421%)
[cartographer_node-1] [0.674035, 0.697396)	                 ###	Count: 5 (13.1579%)	Total: 19 (50%)
[cartographer_node-1] [0.697396, 0.720757)	                 ###	Count: 5 (13.1579%)	Total: 24 (63.1579%)
[cartographer_node-1] [0.720757, 0.744118)	                 ###	Count: 6 (15.7895%)	Total: 30 (78.9474%)
[cartographer_node-1] [0.744118, 0.767479)	                  ##	Count: 3 (7.89474%)	Total: 33 (86.8421%)
[cartographer_node-1] [0.767479, 0.790840)	                   #	Count: 2 (5.26316%)	Total: 35 (92.1053%)
[cartographer_node-1] [0.790840, 0.814202]	                  ##	Count: 3 (7.89474%)	Total: 38 (100%)
[cartographer_node-1] [INFO] [1778822223.326498387] [cartographer logger]: I0515 14:17:03.000000 52152 pose_graph_2d.cc:538] Remaining work items in queue: 4
[cartographer_node-1] [INFO] [1778822223.326533721] [cartographer logger]: I0515 14:17:03.000000 52152 constraint_builder_2d.cc:294] 0 computations resulted in 0 additional constraints.
[cartographer_node-1] [INFO] [1778822223.326601680] [cartographer logger]: I0515 14:17:03.000000 52152 constraint_builder_2d.cc:296] Score histogram:
[cartographer_node-1] Count: 38  Min: 0.580591  Max: 0.814202  Mean: 0.690365
[cartographer_node-1] [0.580591, 0.603952)	                ####	Count: 7 (18.4211%)	Total: 7 (18.4211%)
[cartographer_node-1] [0.603952, 0.627313)	                   #	Count: 2 (5.26316%)	Total: 9 (23.6842%)
[cartographer_node-1] [0.627313, 0.650674)	                   #	Count: 2 (5.26316%)	Total: 11 (28.9474%)
[cartographer_node-1] [0.650674, 0.674035)	                  ##	Count: 3 (7.89474%)	Total: 14 (36.8421%)
[cartographer_node-1] [0.674035, 0.697396)	                 ###	Count: 5 (13.1579%)	Total: 19 (50%)
[cartographer_node-1] [0.697396, 0.720757)	                 ###	Count: 5 (13.1579%)	Total: 24 (63.1579%)
[cartographer_node-1] [0.720757, 0.744118)	                 ###	Count: 6 (15.7895%)	Total: 30 (78.9474%)
[cartographer_node-1] [0.744118, 0.767479)	                  ##	Count: 3 (7.89474%)	Total: 33 (86.8421%)
[cartographer_node-1] [0.767479, 0.790840)	                   #	Count: 2 (5.26316%)	Total: 35 (92.1053%)
[cartographer_node-1] [0.790840, 0.814202]	                  ##	Count: 3 (7.89474%)	Total: 38 (100%)
[cartographer_node-1] [INFO] [1778822223.354778078] [cartographer logger]: I0515 14:17:03.000000 52150 pose_graph_2d.cc:538] Remaining work items in queue: 0
[cartographer_node-1] [INFO] [1778822223.354830668] [cartographer logger]: I0515 14:17:03.000000 52150 constraint_builder_2d.cc:294] 0 computations resulted in 0 additional constraints.
[cartographer_node-1] [INFO] [1778822223.355211613] [cartographer logger]: I0515 14:17:03.000000 52150 constraint_builder_2d.cc:296] Score histogram:
[cartographer_node-1] Count: 38  Min: 0.580591  Max: 0.814202  Mean: 0.690365
[cartographer_node-1] [0.580591, 0.603952)	                ####	Count: 7 (18.4211%)	Total: 7 (18.4211%)
[cartographer_node-1] [0.603952, 0.627313)	                   #	Count: 2 (5.26316%)	Total: 9 (23.6842%)
[cartographer_node-1] [0.627313, 0.650674)	                   #	Count: 2 (5.26316%)	Total: 11 (28.9474%)
[cartographer_node-1] [0.650674, 0.674035)	                  ##	Count: 3 (7.89474%)	Total: 14 (36.8421%)
[cartographer_node-1] [0.674035, 0.697396)	                 ###	Count: 5 (13.1579%)	Total: 19 (50%)
[cartographer_node-1] [0.697396, 0.720757)	                 ###	Count: 5 (13.1579%)	Total: 24 (63.1579%)
[cartographer_node-1] [0.720757, 0.744118)	                 ###	Count: 6 (15.7895%)	Total: 30 (78.9474%)
[cartographer_node-1] [0.744118, 0.767479)	                  ##	Count: 3 (7.89474%)	Total: 33 (86.8421%)
[cartographer_node-1] [0.767479, 0.790840)	                   #	Count: 2 (5.26316%)	Total: 35 (92.1053%)
[cartographer_node-1] [0.790840, 0.814202]	                  ##	Count: 3 (7.89474%)	Total: 38 (100%)
[cartographer_node-1] [INFO] [1778822223.405755839] [cartographer logger]: I0515 14:17:03.000000 52151 pose_graph_2d.cc:538] Remaining work items in queue: 1
[cartographer_node-1] [INFO] [1778822223.405788201] [cartographer logger]: I0515 14:17:03.000000 52151 constraint_builder_2d.cc:294] 0 computations resulted in 0 additional constraints.
[cartographer_node-1] [INFO] [1778822223.405890453] [cartographer logger]: I0515 14:17:03.000000 52151 constraint_builder_2d.cc:296] Score histogram:
[cartographer_node-1] Count: 38  Min: 0.580591  Max: 0.814202  Mean: 0.690365
[cartographer_node-1] [0.580591, 0.603952)	                ####	Count: 7 (18.4211%)	Total: 7 (18.4211%)
[cartographer_node-1] [0.603952, 0.627313)	                   #	Count: 2 (5.26316%)	Total: 9 (23.6842%)
[cartographer_node-1] [0.627313, 0.650674)	                   #	Count: 2 (5.26316%)	Total: 11 (28.9474%)
[cartographer_node-1] [0.650674, 0.674035)	                  ##	Count: 3 (7.89474%)	Total: 14 (36.8421%)
[cartographer_node-1] [0.674035, 0.697396)	                 ###	Count: 5 (13.1579%)	Total: 19 (50%)
[cartographer_node-1] [0.697396, 0.720757)	                 ###	Count: 5 (13.1579%)	Total: 24 (63.1579%)
[cartographer_node-1] [0.720757, 0.744118)	                 ###	Count: 6 (15.7895%)	Total: 30 (78.9474%)
[cartographer_node-1] [0.744118, 0.767479)	                  ##	Count: 3 (7.89474%)	Total: 33 (86.8421%)
[cartographer_node-1] [0.767479, 0.790840)	                   #	Count: 2 (5.26316%)	Total: 35 (92.1053%)
[cartographer_node-1] [0.790840, 0.814202]	                  ##	Count: 3 (7.89474%)	Total: 38 (100%)
[cartographer_node-1] [INFO] [1778822223.456053425] [cartographer logger]: I0515 14:17:03.000000 52151 pose_graph_2d.cc:538] Remaining work items in queue: 0
[cartographer_node-1] [INFO] [1778822223.456104706] [cartographer logger]: I0515 14:17:03.000000 52151 constraint_builder_2d.cc:294] 0 computations resulted in 0 additional constraints.
[cartographer_node-1] [INFO] [1778822223.456225195] [cartographer logger]: I0515 14:17:03.000000 52151 constraint_builder_2d.cc:296] Score histogram:
[cartographer_node-1] Count: 38  Min: 0.580591  Max: 0.814202  Mean: 0.690365
[cartographer_node-1] [0.580591, 0.603952)	                ####	Count: 7 (18.4211%)	Total: 7 (18.4211%)
[cartographer_node-1] [0.603952, 0.627313)	                   #	Count: 2 (5.26316%)	Total: 9 (23.6842%)
[cartographer_node-1] [0.627313, 0.650674)	                   #	Count: 2 (5.26316%)	Total: 11 (28.9474%)
[cartographer_node-1] [0.650674, 0.674035)	                  ##	Count: 3 (7.89474%)	Total: 14 (36.8421%)
[cartographer_node-1] [0.674035, 0.697396)	                 ###	Count: 5 (13.1579%)	Total: 19 (50%)
[cartographer_node-1] [0.697396, 0.720757)	                 ###	Count: 5 (13.1579%)	Total: 24 (63.1579%)
[cartographer_node-1] [0.720757, 0.744118)	                 ###	Count: 6 (15.7895%)	Total: 30 (78.9474%)
[cartographer_node-1] [0.744118, 0.767479)	                  ##	Count: 3 (7.89474%)	Total: 33 (86.8421%)
[cartographer_node-1] [0.767479, 0.790840)	                   #	Count: 2 (5.26316%)	Total: 35 (92.1053%)
[cartographer_node-1] [0.790840, 0.814202]	                  ##	Count: 3 (7.89474%)	Total: 38 (100%)
[cartographer_node-1] [INFO] [1778822223.507625162] [cartographer logger]: I0515 14:17:03.000000 52151 pose_graph_2d.cc:538] Remaining work items in queue: 1
[cartographer_node-1] [INFO] [1778822223.507664678] [cartographer logger]: I0515 14:17:03.000000 52151 constraint_builder_2d.cc:294] 0 computations resulted in 0 additional constraints.
[cartographer_node-1] [INFO] [1778822223.508036458] [cartographer logger]: I0515 14:17:03.000000 52151 constraint_builder_2d.cc:296] Score histogram:
[cartographer_node-1] Count: 38  Min: 0.580591  Max: 0.814202  Mean: 0.690365
[cartographer_node-1] [0.580591, 0.603952)	                ####	Count: 7 (18.4211%)	Total: 7 (18.4211%)
[cartographer_node-1] [0.603952, 0.627313)	                   #	Count: 2 (5.26316%)	Total: 9 (23.6842%)
[cartographer_node-1] [0.627313, 0.650674)	                   #	Count: 2 (5.26316%)	Total: 11 (28.9474%)
[cartographer_node-1] [0.650674, 0.674035)	                  ##	Count: 3 (7.89474%)	Total: 14 (36.8421%)
[cartographer_node-1] [0.674035, 0.697396)	                 ###	Count: 5 (13.1579%)	Total: 19 (50%)
[cartographer_node-1] [0.697396, 0.720757)	                 ###	Count: 5 (13.1579%)	Total: 24 (63.1579%)
[cartographer_node-1] [0.720757, 0.744118)	                 ###	Count: 6 (15.7895%)	Total: 30 (78.9474%)
[cartographer_node-1] [0.744118, 0.767479)	                  ##	Count: 3 (7.89474%)	Total: 33 (86.8421%)
[cartographer_node-1] [0.767479, 0.790840)	                   #	Count: 2 (5.26316%)	Total: 35 (92.1053%)
[cartographer_node-1] [0.790840, 0.814202]	                  ##	Count: 3 (7.89474%)	Total: 38 (100%)
[cartographer_node-1] [INFO] [1778822223.590100525] [cartographer logger]: I0515 14:17:03.000000 52151 pose_graph_2d.cc:538] Remaining work items in queue: 0
[cartographer_node-1] [INFO] [1778822223.590148163] [cartographer logger]: I0515 14:17:03.000000 52151 constraint_builder_2d.cc:294] 0 computations resulted in 0 additional constraints.
[cartographer_node-1] [INFO] [1778822223.590538933] [cartographer logger]: I0515 14:17:03.000000 52151 constraint_builder_2d.cc:296] Score histogram:
[cartographer_node-1] Count: 38  Min: 0.580591  Max: 0.814202  Mean: 0.690365
[cartographer_node-1] [0.580591, 0.603952)	                ####	Count: 7 (18.4211%)	Total: 7 (18.4211%)
[cartographer_node-1] [0.603952, 0.627313)	                   #	Count: 2 (5.26316%)	Total: 9 (23.6842%)
[cartographer_node-1] [0.627313, 0.650674)	                   #	Count: 2 (5.26316%)	Total: 11 (28.9474%)
[cartographer_node-1] [0.650674, 0.674035)	                  ##	Count: 3 (7.89474%)	Total: 14 (36.8421%)
[cartographer_node-1] [0.674035, 0.697396)	                 ###	Count: 5 (13.1579%)	Total: 19 (50%)
[cartographer_node-1] [0.697396, 0.720757)	                 ###	Count: 5 (13.1579%)	Total: 24 (63.1579%)
[cartographer_node-1] [0.720757, 0.744118)	                 ###	Count: 6 (15.7895%)	Total: 30 (78.9474%)
[cartographer_node-1] [0.744118, 0.767479)	                  ##	Count: 3 (7.89474%)	Total: 33 (86.8421%)
[cartographer_node-1] [0.767479, 0.790840)	                   #	Count: 2 (5.26316%)	Total: 35 (92.1053%)
[cartographer_node-1] [0.790840, 0.814202]	                  ##	Count: 3 (7.89474%)	Total: 38 (100%)
[cartographer_node-1] [INFO] [1778822223.631117186] [cartographer logger]: I0515 14:17:03.000000 52153 pose_graph_2d.cc:538] Remaining work items in queue: 1
[cartographer_node-1] [INFO] [1778822223.631167430] [cartographer logger]: I0515 14:17:03.000000 52153 constraint_builder_2d.cc:294] 0 computations resulted in 0 additional constraints.
[cartographer_node-1] [INFO] [1778822223.631231342] [cartographer logger]: I0515 14:17:03.000000 52153 constraint_builder_2d.cc:296] Score histogram:
[cartographer_node-1] Count: 38  Min: 0.580591  Max: 0.814202  Mean: 0.690365
[cartographer_node-1] [0.580591, 0.603952)	                ####	Count: 7 (18.4211%)	Total: 7 (18.4211%)
[cartographer_node-1] [0.603952, 0.627313)	                   #	Count: 2 (5.26316%)	Total: 9 (23.6842%)
[cartographer_node-1] [0.627313, 0.650674)	                   #	Count: 2 (5.26316%)	Total: 11 (28.9474%)
[cartographer_node-1] [0.650674, 0.674035)	                  ##	Count: 3 (7.89474%)	Total: 14 (36.8421%)
[cartographer_node-1] [0.674035, 0.697396)	                 ###	Count: 5 (13.1579%)	Total: 19 (50%)
[cartographer_node-1] [0.697396, 0.720757)	                 ###	Count: 5 (13.1579%)	Total: 24 (63.1579%)
[cartographer_node-1] [0.720757, 0.744118)	                 ###	Count: 6 (15.7895%)	Total: 30 (78.9474%)
[cartographer_node-1] [0.744118, 0.767479)	                  ##	Count: 3 (7.89474%)	Total: 33 (86.8421%)
[cartographer_node-1] [0.767479, 0.790840)	                   #	Count: 2 (5.26316%)	Total: 35 (92.1053%)
[cartographer_node-1] [0.790840, 0.814202]	                  ##	Count: 3 (7.89474%)	Total: 38 (100%)
[cartographer_node-1] [INFO] [1778822223.682144401] [cartographer logger]: I0515 14:17:03.000000 52153 pose_graph_2d.cc:538] Remaining work items in queue: 0
[cartographer_node-1] [INFO] [1778822223.722207300] [cartographer logger]: I0515 14:17:03.000000 52151 constraint_builder_2d.cc:279] Node (1, 600) with 201 points on submap (0, 0) matches with score 72.0%.
[cartographer_node-1] [INFO] [1778822223.722264063] [cartographer logger]: I0515 14:17:03.000000 52151 constraint_builder_2d.cc:294] 1 computations resulted in 1 additional constraints.
[cartographer_node-1] [INFO] [1778822223.722294791] [cartographer logger]: I0515 14:17:03.000000 52151 constraint_builder_2d.cc:296] Score histogram:
[cartographer_node-1] Count: 39  Min: 0.580591  Max: 0.814202  Mean: 0.691119
[cartographer_node-1] [0.580591, 0.603952)	                ####	Count: 7 (17.9487%)	Total: 7 (17.9487%)
[cartographer_node-1] [0.603952, 0.627313)	                   #	Count: 2 (5.12821%)	Total: 9 (23.0769%)
[cartographer_node-1] [0.627313, 0.650674)	                   #	Count: 2 (5.12821%)	Total: 11 (28.2051%)
[cartographer_node-1] [0.650674, 0.674035)	                  ##	Count: 3 (7.69231%)	Total: 14 (35.8974%)
[cartographer_node-1] [0.674035, 0.697396)	                 ###	Count: 5 (12.8205%)	Total: 19 (48.7179%)
[cartographer_node-1] [0.697396, 0.720757)	                 ###	Count: 6 (15.3846%)	Total: 25 (64.1026%)
[cartographer_node-1] [0.720757, 0.744118)	                 ###	Count: 6 (15.3846%)	Total: 31 (79.4872%)
[cartographer_node-1] [0.744118, 0.767479)	                  ##	Count: 3 (7.69231%)	Total: 34 (87.1795%)
[cartographer_node-1] [0.767479, 0.790840)	                   #	Count: 2 (5.12821%)	Total: 36 (92.3077%)
[cartographer_node-1] [0.790840, 0.814202]	                  ##	Count: 3 (7.69231%)	Total: 39 (100%)
[cartographer_node-1] [INFO] [1778822223.770344849] [cartographer logger]: I0515 14:17:03.000000 52151 pose_graph_2d.cc:538] Remaining work items in queue: 10
[cartographer_node-1] [INFO] [1778822223.770373782] [cartographer logger]: I0515 14:17:03.000000 52151 constraint_builder_2d.cc:294] 0 computations resulted in 0 additional constraints.
[cartographer_node-1] [INFO] [1778822223.770439402] [cartographer logger]: I0515 14:17:03.000000 52151 constraint_builder_2d.cc:296] Score histogram:
[cartographer_node-1] Count: 39  Min: 0.580591  Max: 0.814202  Mean: 0.691119
[cartographer_node-1] [0.580591, 0.603952)	                ####	Count: 7 (17.9487%)	Total: 7 (17.9487%)
[cartographer_node-1] [0.603952, 0.627313)	                   #	Count: 2 (5.12821%)	Total: 9 (23.0769%)
[cartographer_node-1] [0.627313, 0.650674)	                   #	Count: 2 (5.12821%)	Total: 11 (28.2051%)
[cartographer_node-1] [0.650674, 0.674035)	                  ##	Count: 3 (7.69231%)	Total: 14 (35.8974%)
[cartographer_node-1] [0.674035, 0.697396)	                 ###	Count: 5 (12.8205%)	Total: 19 (48.7179%)
[cartographer_node-1] [0.697396, 0.720757)	                 ###	Count: 6 (15.3846%)	Total: 25 (64.1026%)
[cartographer_node-1] [0.720757, 0.744118)	                 ###	Count: 6 (15.3846%)	Total: 31 (79.4872%)
[cartographer_node-1] [0.744118, 0.767479)	                  ##	Count: 3 (7.69231%)	Total: 34 (87.1795%)
[cartographer_node-1] [0.767479, 0.790840)	                   #	Count: 2 (5.12821%)	Total: 36 (92.3077%)
[cartographer_node-1] [0.790840, 0.814202]	                  ##	Count: 3 (7.69231%)	Total: 39 (100%)
[cartographer_node-1] [INFO] [1778822223.797496923] [cartographer logger]: I0515 14:17:03.000000 52151 pose_graph_2d.cc:538] Remaining work items in queue: 5
[cartographer_node-1] [INFO] [1778822223.797529629] [cartographer logger]: I0515 14:17:03.000000 52151 constraint_builder_2d.cc:294] 0 computations resulted in 0 additional constraints.
[cartographer_node-1] [INFO] [1778822223.797930162] [cartographer logger]: I0515 14:17:03.000000 52151 constraint_builder_2d.cc:296] Score histogram:
[cartographer_node-1] Count: 39  Min: 0.580591  Max: 0.814202  Mean: 0.691119
[cartographer_node-1] [0.580591, 0.603952)	                ####	Count: 7 (17.9487%)	Total: 7 (17.9487%)
[cartographer_node-1] [0.603952, 0.627313)	                   #	Count: 2 (5.12821%)	Total: 9 (23.0769%)
[cartographer_node-1] [0.627313, 0.650674)	                   #	Count: 2 (5.12821%)	Total: 11 (28.2051%)
[cartographer_node-1] [0.650674, 0.674035)	                  ##	Count: 3 (7.69231%)	Total: 14 (35.8974%)
[cartographer_node-1] [0.674035, 0.697396)	                 ###	Count: 5 (12.8205%)	Total: 19 (48.7179%)
[cartographer_node-1] [0.697396, 0.720757)	                 ###	Count: 6 (15.3846%)	Total: 25 (64.1026%)
[cartographer_node-1] [0.720757, 0.744118)	                 ###	Count: 6 (15.3846%)	Total: 31 (79.4872%)
[cartographer_node-1] [0.744118, 0.767479)	                  ##	Count: 3 (7.69231%)	Total: 34 (87.1795%)
[cartographer_node-1] [0.767479, 0.790840)	                   #	Count: 2 (5.12821%)	Total: 36 (92.3077%)
[cartographer_node-1] [0.790840, 0.814202]	                  ##	Count: 3 (7.69231%)	Total: 39 (100%)
[cartographer_node-1] [INFO] [1778822223.823691753] [cartographer logger]: I0515 14:17:03.000000 52151 pose_graph_2d.cc:538] Remaining work items in queue: 1
[cartographer_node-1] [INFO] [1778822223.823744647] [cartographer logger]: I0515 14:17:03.000000 52151 constraint_builder_2d.cc:294] 0 computations resulted in 0 additional constraints.
[cartographer_node-1] [INFO] [1778822223.824079220] [cartographer logger]: I0515 14:17:03.000000 52151 constraint_builder_2d.cc:296] Score histogram:
[cartographer_node-1] Count: 39  Min: 0.580591  Max: 0.814202  Mean: 0.691119
[cartographer_node-1] [0.580591, 0.603952)	                ####	Count: 7 (17.9487%)	Total: 7 (17.9487%)
[cartographer_node-1] [0.603952, 0.627313)	                   #	Count: 2 (5.12821%)	Total: 9 (23.0769%)
[cartographer_node-1] [0.627313, 0.650674)	                   #	Count: 2 (5.12821%)	Total: 11 (28.2051%)
[cartographer_node-1] [0.650674, 0.674035)	                  ##	Count: 3 (7.69231%)	Total: 14 (35.8974%)
[cartographer_node-1] [0.674035, 0.697396)	                 ###	Count: 5 (12.8205%)	Total: 19 (48.7179%)
[cartographer_node-1] [0.697396, 0.720757)	                 ###	Count: 6 (15.3846%)	Total: 25 (64.1026%)
[cartographer_node-1] [0.720757, 0.744118)	                 ###	Count: 6 (15.3846%)	Total: 31 (79.4872%)
[cartographer_node-1] [0.744118, 0.767479)	                  ##	Count: 3 (7.69231%)	Total: 34 (87.1795%)
[cartographer_node-1] [0.767479, 0.790840)	                   #	Count: 2 (5.12821%)	Total: 36 (92.3077%)
[cartographer_node-1] [0.790840, 0.814202]	                  ##	Count: 3 (7.69231%)	Total: 39 (100%)
[cartographer_node-1] [INFO] [1778822223.887099936] [cartographer logger]: I0515 14:17:03.000000 52153 pose_graph_2d.cc:538] Remaining work items in queue: 0
[cartographer_node-1] [INFO] [1778822223.887161543] [cartographer logger]: I0515 14:17:03.000000 52153 constraint_builder_2d.cc:294] 0 computations resulted in 0 additional constraints.
[cartographer_node-1] [INFO] [1778822223.887546024] [cartographer logger]: I0515 14:17:03.000000 52153 constraint_builder_2d.cc:296] Score histogram:
[cartographer_node-1] Count: 39  Min: 0.580591  Max: 0.814202  Mean: 0.691119
[cartographer_node-1] [0.580591, 0.603952)	                ####	Count: 7 (17.9487%)	Total: 7 (17.9487%)
[cartographer_node-1] [0.603952, 0.627313)	                   #	Count: 2 (5.12821%)	Total: 9 (23.0769%)
[cartographer_node-1] [0.627313, 0.650674)	                   #	Count: 2 (5.12821%)	Total: 11 (28.2051%)
[cartographer_node-1] [0.650674, 0.674035)	                  ##	Count: 3 (7.69231%)	Total: 14 (35.8974%)
[cartographer_node-1] [0.674035, 0.697396)	                 ###	Count: 5 (12.8205%)	Total: 19 (48.7179%)
[cartographer_node-1] [0.697396, 0.720757)	                 ###	Count: 6 (15.3846%)	Total: 25 (64.1026%)
[cartographer_node-1] [0.720757, 0.744118)	                 ###	Count: 6 (15.3846%)	Total: 31 (79.4872%)
[cartographer_node-1] [0.744118, 0.767479)	                  ##	Count: 3 (7.69231%)	Total: 34 (87.1795%)
[cartographer_node-1] [0.767479, 0.790840)	                   #	Count: 2 (5.12821%)	Total: 36 (92.3077%)
[cartographer_node-1] [0.790840, 0.814202]	                  ##	Count: 3 (7.69231%)	Total: 39 (100%)
[cartographer_node-1] [INFO] [1778822223.938826481] [cartographer logger]: I0515 14:17:03.000000 52153 pose_graph_2d.cc:538] Remaining work items in queue: 0
[cartographer_node-1] [INFO] [1778822223.938886343] [cartographer logger]: I0515 14:17:03.000000 52153 constraint_builder_2d.cc:294] 0 computations resulted in 0 additional constraints.
[cartographer_node-1] [INFO] [1778822223.938997492] [cartographer logger]: I0515 14:17:03.000000 52153 constraint_builder_2d.cc:296] Score histogram:
[cartographer_node-1] Count: 39  Min: 0.580591  Max: 0.814202  Mean: 0.691119
[cartographer_node-1] [0.580591, 0.603952)	                ####	Count: 7 (17.9487%)	Total: 7 (17.9487%)
[cartographer_node-1] [0.603952, 0.627313)	                   #	Count: 2 (5.12821%)	Total: 9 (23.0769%)
[cartographer_node-1] [0.627313, 0.650674)	                   #	Count: 2 (5.12821%)	Total: 11 (28.2051%)
[cartographer_node-1] [0.650674, 0.674035)	                  ##	Count: 3 (7.69231%)	Total: 14 (35.8974%)
[cartographer_node-1] [0.674035, 0.697396)	                 ###	Count: 5 (12.8205%)	Total: 19 (48.7179%)
[cartographer_node-1] [0.697396, 0.720757)	                 ###	Count: 6 (15.3846%)	Total: 25 (64.1026%)
[cartographer_node-1] [0.720757, 0.744118)	                 ###	Count: 6 (15.3846%)	Total: 31 (79.4872%)
[cartographer_node-1] [0.744118, 0.767479)	                  ##	Count: 3 (7.69231%)	Total: 34 (87.1795%)
[cartographer_node-1] [0.767479, 0.790840)	                   #	Count: 2 (5.12821%)	Total: 36 (92.3077%)
[cartographer_node-1] [0.790840, 0.814202]	                  ##	Count: 3 (7.69231%)	Total: 39 (100%)
[cartographer_node-1] [INFO] [1778822223.982245465] [cartographer logger]: I0515 14:17:03.000000 52152 pose_graph_2d.cc:538] Remaining work items in queue: 0
[cartographer_node-1] [INFO] [1778822223.982310565] [cartographer logger]: I0515 14:17:03.000000 52152 constraint_builder_2d.cc:294] 0 computations resulted in 0 additional constraints.
[cartographer_node-1] [INFO] [1778822223.982449675] [cartographer logger]: I0515 14:17:03.000000 52152 constraint_builder_2d.cc:296] Score histogram:
[cartographer_node-1] Count: 39  Min: 0.580591  Max: 0.814202  Mean: 0.691119
[cartographer_node-1] [0.580591, 0.603952)	                ####	Count: 7 (17.9487%)	Total: 7 (17.9487%)
[cartographer_node-1] [0.603952, 0.627313)	                   #	Count: 2 (5.12821%)	Total: 9 (23.0769%)
[cartographer_node-1] [0.627313, 0.650674)	                   #	Count: 2 (5.12821%)	Total: 11 (28.2051%)
[cartographer_node-1] [0.650674, 0.674035)	                  ##	Count: 3 (7.69231%)	Total: 14 (35.8974%)
[cartographer_node-1] [0.674035, 0.697396)	                 ###	Count: 5 (12.8205%)	Total: 19 (48.7179%)
[cartographer_node-1] [0.697396, 0.720757)	                 ###	Count: 6 (15.3846%)	Total: 25 (64.1026%)
[cartographer_node-1] [0.720757, 0.744118)	                 ###	Count: 6 (15.3846%)	Total: 31 (79.4872%)
[cartographer_node-1] [0.744118, 0.767479)	                  ##	Count: 3 (7.69231%)	Total: 34 (87.1795%)
[cartographer_node-1] [0.767479, 0.790840)	                   #	Count: 2 (5.12821%)	Total: 36 (92.3077%)
[cartographer_node-1] [0.790840, 0.814202]	                  ##	Count: 3 (7.69231%)	Total: 39 (100%)
[cartographer_node-1] [INFO] [1778822224.012726236] [cartographer logger]: I0515 14:17:04.000000 52151 pose_graph_2d.cc:538] Remaining work items in queue: 0
[cartographer_node-1] [INFO] [1778822224.057112323] [cartographer logger]: I0515 14:17:04.000000 52153 constraint_builder_2d.cc:294] 1 computations resulted in 0 additional constraints.
[cartographer_node-1] [INFO] [1778822224.057192028] [cartographer logger]: I0515 14:17:04.000000 52153 constraint_builder_2d.cc:296] Score histogram:
[cartographer_node-1] Count: 39  Min: 0.580591  Max: 0.814202  Mean: 0.691119
[cartographer_node-1] [0.580591, 0.603952)	                ####	Count: 7 (17.9487%)	Total: 7 (17.9487%)
[cartographer_node-1] [0.603952, 0.627313)	                   #	Count: 2 (5.12821%)	Total: 9 (23.0769%)
[cartographer_node-1] [0.627313, 0.650674)	                   #	Count: 2 (5.12821%)	Total: 11 (28.2051%)
[cartographer_node-1] [0.650674, 0.674035)	                  ##	Count: 3 (7.69231%)	Total: 14 (35.8974%)
[cartographer_node-1] [0.674035, 0.697396)	                 ###	Count: 5 (12.8205%)	Total: 19 (48.7179%)
[cartographer_node-1] [0.697396, 0.720757)	                 ###	Count: 6 (15.3846%)	Total: 25 (64.1026%)
[cartographer_node-1] [0.720757, 0.744118)	                 ###	Count: 6 (15.3846%)	Total: 31 (79.4872%)
[cartographer_node-1] [0.744118, 0.767479)	                  ##	Count: 3 (7.69231%)	Total: 34 (87.1795%)
[cartographer_node-1] [0.767479, 0.790840)	                   #	Count: 2 (5.12821%)	Total: 36 (92.3077%)
[cartographer_node-1] [0.790840, 0.814202]	                  ##	Count: 3 (7.69231%)	Total: 39 (100%)
[cartographer_node-1] [INFO] [1778822224.093128883] [cartographer logger]: I0515 14:17:04.000000 52151 pose_graph_2d.cc:538] Remaining work items in queue: 1
[cartographer_node-1] [INFO] [1778822224.093181397] [cartographer logger]: I0515 14:17:04.000000 52151 constraint_builder_2d.cc:294] 0 computations resulted in 0 additional constraints.
[cartographer_node-1] [INFO] [1778822224.093305859] [cartographer logger]: I0515 14:17:04.000000 52151 constraint_builder_2d.cc:296] Score histogram:
[cartographer_node-1] Count: 39  Min: 0.580591  Max: 0.814202  Mean: 0.691119
[cartographer_node-1] [0.580591, 0.603952)	                ####	Count: 7 (17.9487%)	Total: 7 (17.9487%)
[cartographer_node-1] [0.603952, 0.627313)	                   #	Count: 2 (5.12821%)	Total: 9 (23.0769%)
[cartographer_node-1] [0.627313, 0.650674)	                   #	Count: 2 (5.12821%)	Total: 11 (28.2051%)
[cartographer_node-1] [0.650674, 0.674035)	                  ##	Count: 3 (7.69231%)	Total: 14 (35.8974%)
[cartographer_node-1] [0.674035, 0.697396)	                 ###	Count: 5 (12.8205%)	Total: 19 (48.7179%)
[cartographer_node-1] [0.697396, 0.720757)	                 ###	Count: 6 (15.3846%)	Total: 25 (64.1026%)
[cartographer_node-1] [0.720757, 0.744118)	                 ###	Count: 6 (15.3846%)	Total: 31 (79.4872%)
[cartographer_node-1] [0.744118, 0.767479)	                  ##	Count: 3 (7.69231%)	Total: 34 (87.1795%)
[cartographer_node-1] [0.767479, 0.790840)	                   #	Count: 2 (5.12821%)	Total: 36 (92.3077%)
[cartographer_node-1] [0.790840, 0.814202]	                  ##	Count: 3 (7.69231%)	Total: 39 (100%)
[cartographer_node-1] [INFO] [1778822224.138754647] [cartographer logger]: I0515 14:17:04.000000 52153 pose_graph_2d.cc:538] Remaining work items in queue: 0
[cartographer_node-1] [INFO] [1778822224.138811911] [cartographer logger]: I0515 14:17:04.000000 52153 constraint_builder_2d.cc:294] 0 computations resulted in 0 additional constraints.
[cartographer_node-1] [INFO] [1778822224.139229004] [cartographer logger]: I0515 14:17:04.000000 52153 constraint_builder_2d.cc:296] Score histogram:
[cartographer_node-1] Count: 39  Min: 0.580591  Max: 0.814202  Mean: 0.691119
[cartographer_node-1] [0.580591, 0.603952)	                ####	Count: 7 (17.9487%)	Total: 7 (17.9487%)
[cartographer_node-1] [0.603952, 0.627313)	                   #	Count: 2 (5.12821%)	Total: 9 (23.0769%)
[cartographer_node-1] [0.627313, 0.650674)	                   #	Count: 2 (5.12821%)	Total: 11 (28.2051%)
[cartographer_node-1] [0.650674, 0.674035)	                  ##	Count: 3 (7.69231%)	Total: 14 (35.8974%)
[cartographer_node-1] [0.674035, 0.697396)	                 ###	Count: 5 (12.8205%)	Total: 19 (48.7179%)
[cartographer_node-1] [0.697396, 0.720757)	                 ###	Count: 6 (15.3846%)	Total: 25 (64.1026%)
[cartographer_node-1] [0.720757, 0.744118)	                 ###	Count: 6 (15.3846%)	Total: 31 (79.4872%)
[cartographer_node-1] [0.744118, 0.767479)	                  ##	Count: 3 (7.69231%)	Total: 34 (87.1795%)
[cartographer_node-1] [0.767479, 0.790840)	                   #	Count: 2 (5.12821%)	Total: 36 (92.3077%)
[cartographer_node-1] [0.790840, 0.814202]	                  ##	Count: 3 (7.69231%)	Total: 39 (100%)
[cartographer_node-1] [INFO] [1778822224.180721628] [cartographer logger]: I0515 14:17:04.000000 52151 pose_graph_2d.cc:538] Remaining work items in queue: 1
[cartographer_node-1] [INFO] [1778822224.180758352] [cartographer logger]: I0515 14:17:04.000000 52151 constraint_builder_2d.cc:294] 0 computations resulted in 0 additional constraints.
[cartographer_node-1] [INFO] [1778822224.180901284] [cartographer logger]: I0515 14:17:04.000000 52151 constraint_builder_2d.cc:296] Score histogram:
[cartographer_node-1] Count: 39  Min: 0.580591  Max: 0.814202  Mean: 0.691119
[cartographer_node-1] [0.580591, 0.603952)	                ####	Count: 7 (17.9487%)	Total: 7 (17.9487%)
[cartographer_node-1] [0.603952, 0.627313)	                   #	Count: 2 (5.12821%)	Total: 9 (23.0769%)
[cartographer_node-1] [0.627313, 0.650674)	                   #	Count: 2 (5.12821%)	Total: 11 (28.2051%)
[cartographer_node-1] [0.650674, 0.674035)	                  ##	Count: 3 (7.69231%)	Total: 14 (35.8974%)
[cartographer_node-1] [0.674035, 0.697396)	                 ###	Count: 5 (12.8205%)	Total: 19 (48.7179%)
[cartographer_node-1] [0.697396, 0.720757)	                 ###	Count: 6 (15.3846%)	Total: 25 (64.1026%)
[cartographer_node-1] [0.720757, 0.744118)	                 ###	Count: 6 (15.3846%)	Total: 31 (79.4872%)
[cartographer_node-1] [0.744118, 0.767479)	                  ##	Count: 3 (7.69231%)	Total: 34 (87.1795%)
[cartographer_node-1] [0.767479, 0.790840)	                   #	Count: 2 (5.12821%)	Total: 36 (92.3077%)
[cartographer_node-1] [0.790840, 0.814202]	                  ##	Count: 3 (7.69231%)	Total: 39 (100%)
[cartographer_node-1] [INFO] [1778822224.268305154] [cartographer logger]: I0515 14:17:04.000000 52152 pose_graph_2d.cc:538] Remaining work items in queue: 0
[cartographer_node-1] [INFO] [1778822224.268348118] [cartographer logger]: I0515 14:17:04.000000 52152 constraint_builder_2d.cc:294] 0 computations resulted in 0 additional constraints.
[cartographer_node-1] [INFO] [1778822224.268856630] [cartographer logger]: I0515 14:17:04.000000 52152 constraint_builder_2d.cc:296] Score histogram:
[cartographer_node-1] Count: 39  Min: 0.580591  Max: 0.814202  Mean: 0.691119
[cartographer_node-1] [0.580591, 0.603952)	                ####	Count: 7 (17.9487%)	Total: 7 (17.9487%)
[cartographer_node-1] [0.603952, 0.627313)	                   #	Count: 2 (5.12821%)	Total: 9 (23.0769%)
[cartographer_node-1] [0.627313, 0.650674)	                   #	Count: 2 (5.12821%)	Total: 11 (28.2051%)
[cartographer_node-1] [0.650674, 0.674035)	                  ##	Count: 3 (7.69231%)	Total: 14 (35.8974%)
[cartographer_node-1] [0.674035, 0.697396)	                 ###	Count: 5 (12.8205%)	Total: 19 (48.7179%)
[cartographer_node-1] [0.697396, 0.720757)	                 ###	Count: 6 (15.3846%)	Total: 25 (64.1026%)
[cartographer_node-1] [0.720757, 0.744118)	                 ###	Count: 6 (15.3846%)	Total: 31 (79.4872%)
[cartographer_node-1] [0.744118, 0.767479)	                  ##	Count: 3 (7.69231%)	Total: 34 (87.1795%)
[cartographer_node-1] [0.767479, 0.790840)	                   #	Count: 2 (5.12821%)	Total: 36 (92.3077%)
[cartographer_node-1] [0.790840, 0.814202]	                  ##	Count: 3 (7.69231%)	Total: 39 (100%)
[cartographer_node-1] [INFO] [1778822224.334042056] [cartographer logger]: I0515 14:17:04.000000 52151 pose_graph_2d.cc:538] Remaining work items in queue: 0
[cartographer_node-1] [INFO] [1778822224.334106162] [cartographer logger]: I0515 14:17:04.000000 52151 constraint_builder_2d.cc:294] 0 computations resulted in 0 additional constraints.
[cartographer_node-1] [INFO] [1778822224.334613619] [cartographer logger]: I0515 14:17:04.000000 52151 constraint_builder_2d.cc:296] Score histogram:
[cartographer_node-1] Count: 39  Min: 0.580591  Max: 0.814202  Mean: 0.691119
[cartographer_node-1] [0.580591, 0.603952)	                ####	Count: 7 (17.9487%)	Total: 7 (17.9487%)
[cartographer_node-1] [0.603952, 0.627313)	                   #	Count: 2 (5.12821%)	Total: 9 (23.0769%)
[cartographer_node-1] [0.627313, 0.650674)	                   #	Count: 2 (5.12821%)	Total: 11 (28.2051%)
[cartographer_node-1] [0.650674, 0.674035)	                  ##	Count: 3 (7.69231%)	Total: 14 (35.8974%)
[cartographer_node-1] [0.674035, 0.697396)	                 ###	Count: 5 (12.8205%)	Total: 19 (48.7179%)
[cartographer_node-1] [0.697396, 0.720757)	                 ###	Count: 6 (15.3846%)	Total: 25 (64.1026%)
[cartographer_node-1] [0.720757, 0.744118)	                 ###	Count: 6 (15.3846%)	Total: 31 (79.4872%)
[cartographer_node-1] [0.744118, 0.767479)	                  ##	Count: 3 (7.69231%)	Total: 34 (87.1795%)
[cartographer_node-1] [0.767479, 0.790840)	                   #	Count: 2 (5.12821%)	Total: 36 (92.3077%)
[cartographer_node-1] [0.790840, 0.814202]	                  ##	Count: 3 (7.69231%)	Total: 39 (100%)
[cartographer_node-1] [INFO] [1778822224.460129514] [cartographer logger]: I0515 14:17:04.000000 52150 pose_graph_2d.cc:538] Remaining work items in queue: 0
[cartographer_node-1] [INFO] [1778822224.460179180] [cartographer logger]: I0515 14:17:04.000000 52150 constraint_builder_2d.cc:294] 0 computations resulted in 0 additional constraints.
[cartographer_node-1] [INFO] [1778822224.460733697] [cartographer logger]: I0515 14:17:04.000000 52150 constraint_builder_2d.cc:296] Score histogram:
[cartographer_node-1] Count: 39  Min: 0.580591  Max: 0.814202  Mean: 0.691119
[cartographer_node-1] [0.580591, 0.603952)	                ####	Count: 7 (17.9487%)	Total: 7 (17.9487%)
[cartographer_node-1] [0.603952, 0.627313)	                   #	Count: 2 (5.12821%)	Total: 9 (23.0769%)
[cartographer_node-1] [0.627313, 0.650674)	                   #	Count: 2 (5.12821%)	Total: 11 (28.2051%)
[cartographer_node-1] [0.650674, 0.674035)	                  ##	Count: 3 (7.69231%)	Total: 14 (35.8974%)
[cartographer_node-1] [0.674035, 0.697396)	                 ###	Count: 5 (12.8205%)	Total: 19 (48.7179%)
[cartographer_node-1] [0.697396, 0.720757)	                 ###	Count: 6 (15.3846%)	Total: 25 (64.1026%)
[cartographer_node-1] [0.720757, 0.744118)	                 ###	Count: 6 (15.3846%)	Total: 31 (79.4872%)
[cartographer_node-1] [0.744118, 0.767479)	                  ##	Count: 3 (7.69231%)	Total: 34 (87.1795%)
[cartographer_node-1] [0.767479, 0.790840)	                   #	Count: 2 (5.12821%)	Total: 36 (92.3077%)
[cartographer_node-1] [0.790840, 0.814202]	                  ##	Count: 3 (7.69231%)	Total: 39 (100%)
[cartographer_node-1] [INFO] [1778822224.534802287] [cartographer logger]: I0515 14:17:04.000000 52153 pose_graph_2d.cc:538] Remaining work items in queue: 2
[cartographer_node-1] [INFO] [1778822224.582555122] [cartographer logger]: I0515 14:17:04.000000 52136 pose_graph_2d.cc:148] Inserted submap (1, 7).
[cartographer_node-1] [INFO] [1778822224.610628026] [cartographer logger]: I0515 14:17:04.000000 52150 constraint_builder_2d.cc:279] Node (0, 90) with 202 points on submap (1, 5) matches with score 69.6%.
[cartographer_node-1] [INFO] [1778822224.638468015] [cartographer logger]: I0515 14:17:04.000000 52151 constraint_builder_2d.cc:279] Node (0, 890) with 201 points on submap (1, 5) matches with score 75.1%.
[cartographer_node-1] [INFO] [1778822224.640423293] [cartographer logger]: I0515 14:17:04.000000 52153 constraint_builder_2d.cc:279] Node (0, 290) with 203 points on submap (1, 5) matches with score 68.7%.
[cartographer_node-1] [INFO] [1778822224.678425668] [cartographer logger]: I0515 14:17:04.000000 52150 constraint_builder_2d.cc:279] Node (0, 690) with 206 points on submap (1, 5) matches with score 71.2%.
[cartographer_node-1] [INFO] [1778822224.748562129] [cartographer logger]: I0515 14:17:04.000000 52152 constraint_builder_2d.cc:279] Node (0, 490) with 215 points on submap (1, 5) matches with score 58.6%.
[cartographer_node-1] [INFO] [1778822224.759068014] [cartographer logger]: I0515 14:17:04.000000 52153 constraint_builder_2d.cc:294] 9 computations resulted in 5 additional constraints.
[cartographer_node-1] [INFO] [1778822224.759132491] [cartographer logger]: I0515 14:17:04.000000 52153 constraint_builder_2d.cc:296] Score histogram:
[cartographer_node-1] Count: 44  Min: 0.580591  Max: 0.814202  Mean: 0.690565
[cartographer_node-1] [0.580591, 0.603952)	                ####	Count: 8 (18.1818%)	Total: 8 (18.1818%)
[cartographer_node-1] [0.603952, 0.627313)	                   #	Count: 2 (4.54545%)	Total: 10 (22.7273%)
[cartographer_node-1] [0.627313, 0.650674)	                   #	Count: 2 (4.54545%)	Total: 12 (27.2727%)
[cartographer_node-1] [0.650674, 0.674035)	                   #	Count: 3 (6.81818%)	Total: 15 (34.0909%)
[cartographer_node-1] [0.674035, 0.697396)	                 ###	Count: 7 (15.9091%)	Total: 22 (50%)
[cartographer_node-1] [0.697396, 0.720757)	                 ###	Count: 7 (15.9091%)	Total: 29 (65.9091%)
[cartographer_node-1] [0.720757, 0.744118)	                 ###	Count: 6 (13.6364%)	Total: 35 (79.5455%)
[cartographer_node-1] [0.744118, 0.767479)	                  ##	Count: 4 (9.09091%)	Total: 39 (88.6364%)
[cartographer_node-1] [0.767479, 0.790840)	                   #	Count: 2 (4.54545%)	Total: 41 (93.1818%)
[cartographer_node-1] [0.790840, 0.814202]	                   #	Count: 3 (6.81818%)	Total: 44 (100%)
[cartographer_node-1] [INFO] [1778822224.783626850] [cartographer logger]: I0515 14:17:04.000000 52153 pose_graph_2d.cc:538] Remaining work items in queue: 22
[cartographer_node-1] [INFO] [1778822224.783669776] [cartographer logger]: I0515 14:17:04.000000 52153 constraint_builder_2d.cc:294] 0 computations resulted in 0 additional constraints.
[cartographer_node-1] [INFO] [1778822224.784037888] [cartographer logger]: I0515 14:17:04.000000 52153 constraint_builder_2d.cc:296] Score histogram:
[cartographer_node-1] Count: 44  Min: 0.580591  Max: 0.814202  Mean: 0.690565
[cartographer_node-1] [0.580591, 0.603952)	                ####	Count: 8 (18.1818%)	Total: 8 (18.1818%)
[cartographer_node-1] [0.603952, 0.627313)	                   #	Count: 2 (4.54545%)	Total: 10 (22.7273%)
[cartographer_node-1] [0.627313, 0.650674)	                   #	Count: 2 (4.54545%)	Total: 12 (27.2727%)
[cartographer_node-1] [0.650674, 0.674035)	                   #	Count: 3 (6.81818%)	Total: 15 (34.0909%)
[cartographer_node-1] [0.674035, 0.697396)	                 ###	Count: 7 (15.9091%)	Total: 22 (50%)
[cartographer_node-1] [0.697396, 0.720757)	                 ###	Count: 7 (15.9091%)	Total: 29 (65.9091%)
[cartographer_node-1] [0.720757, 0.744118)	                 ###	Count: 6 (13.6364%)	Total: 35 (79.5455%)
[cartographer_node-1] [0.744118, 0.767479)	                  ##	Count: 4 (9.09091%)	Total: 39 (88.6364%)
[cartographer_node-1] [0.767479, 0.790840)	                   #	Count: 2 (4.54545%)	Total: 41 (93.1818%)
[cartographer_node-1] [0.790840, 0.814202]	                   #	Count: 3 (6.81818%)	Total: 44 (100%)
[cartographer_node-1] [INFO] [1778822224.812122896] [cartographer logger]: I0515 14:17:04.000000 52153 pose_graph_2d.cc:538] Remaining work items in queue: 13
[cartographer_node-1] [INFO] [1778822224.812157285] [cartographer logger]: I0515 14:17:04.000000 52153 constraint_builder_2d.cc:294] 0 computations resulted in 0 additional constraints.
[cartographer_node-1] [INFO] [1778822224.812251209] [cartographer logger]: I0515 14:17:04.000000 52153 constraint_builder_2d.cc:296] Score histogram:
[cartographer_node-1] Count: 44  Min: 0.580591  Max: 0.814202  Mean: 0.690565
[cartographer_node-1] [0.580591, 0.603952)	                ####	Count: 8 (18.1818%)	Total: 8 (18.1818%)
[cartographer_node-1] [0.603952, 0.627313)	                   #	Count: 2 (4.54545%)	Total: 10 (22.7273%)
[cartographer_node-1] [0.627313, 0.650674)	                   #	Count: 2 (4.54545%)	Total: 12 (27.2727%)
[cartographer_node-1] [0.650674, 0.674035)	                   #	Count: 3 (6.81818%)	Total: 15 (34.0909%)
[cartographer_node-1] [0.674035, 0.697396)	                 ###	Count: 7 (15.9091%)	Total: 22 (50%)
[cartographer_node-1] [0.697396, 0.720757)	                 ###	Count: 7 (15.9091%)	Total: 29 (65.9091%)
[cartographer_node-1] [0.720757, 0.744118)	                 ###	Count: 6 (13.6364%)	Total: 35 (79.5455%)
[cartographer_node-1] [0.744118, 0.767479)	                  ##	Count: 4 (9.09091%)	Total: 39 (88.6364%)
[cartographer_node-1] [0.767479, 0.790840)	                   #	Count: 2 (4.54545%)	Total: 41 (93.1818%)
[cartographer_node-1] [0.790840, 0.814202]	                   #	Count: 3 (6.81818%)	Total: 44 (100%)
[cartographer_node-1] [INFO] [1778822224.848462871] [cartographer logger]: I0515 14:17:04.000000 52153 pose_graph_2d.cc:538] Remaining work items in queue: 8
[cartographer_node-1] [INFO] [1778822224.848527115] [cartographer logger]: I0515 14:17:04.000000 52153 constraint_builder_2d.cc:294] 0 computations resulted in 0 additional constraints.
[cartographer_node-1] [INFO] [1778822224.848621422] [cartographer logger]: I0515 14:17:04.000000 52153 constraint_builder_2d.cc:296] Score histogram:
[cartographer_node-1] Count: 44  Min: 0.580591  Max: 0.814202  Mean: 0.690565
[cartographer_node-1] [0.580591, 0.603952)	                ####	Count: 8 (18.1818%)	Total: 8 (18.1818%)
[cartographer_node-1] [0.603952, 0.627313)	                   #	Count: 2 (4.54545%)	Total: 10 (22.7273%)
[cartographer_node-1] [0.627313, 0.650674)	                   #	Count: 2 (4.54545%)	Total: 12 (27.2727%)
[cartographer_node-1] [0.650674, 0.674035)	                   #	Count: 3 (6.81818%)	Total: 15 (34.0909%)
[cartographer_node-1] [0.674035, 0.697396)	                 ###	Count: 7 (15.9091%)	Total: 22 (50%)
[cartographer_node-1] [0.697396, 0.720757)	                 ###	Count: 7 (15.9091%)	Total: 29 (65.9091%)
[cartographer_node-1] [0.720757, 0.744118)	                 ###	Count: 6 (13.6364%)	Total: 35 (79.5455%)
[cartographer_node-1] [0.744118, 0.767479)	                  ##	Count: 4 (9.09091%)	Total: 39 (88.6364%)
[cartographer_node-1] [0.767479, 0.790840)	                   #	Count: 2 (4.54545%)	Total: 41 (93.1818%)
[cartographer_node-1] [0.790840, 0.814202]	                   #	Count: 3 (6.81818%)	Total: 44 (100%)
[cartographer_node-1] [INFO] [1778822224.871377349] [cartographer logger]: I0515 14:17:04.000000 52153 pose_graph_2d.cc:538] Remaining work items in queue: 4
[cartographer_node-1] [INFO] [1778822224.871412945] [cartographer logger]: I0515 14:17:04.000000 52153 constraint_builder_2d.cc:294] 0 computations resulted in 0 additional constraints.
[cartographer_node-1] [INFO] [1778822224.871660082] [cartographer logger]: I0515 14:17:04.000000 52153 constraint_builder_2d.cc:296] Score histogram:
[cartographer_node-1] Count: 44  Min: 0.580591  Max: 0.814202  Mean: 0.690565
[cartographer_node-1] [0.580591, 0.603952)	                ####	Count: 8 (18.1818%)	Total: 8 (18.1818%)
[cartographer_node-1] [0.603952, 0.627313)	                   #	Count: 2 (4.54545%)	Total: 10 (22.7273%)
[cartographer_node-1] [0.627313, 0.650674)	                   #	Count: 2 (4.54545%)	Total: 12 (27.2727%)
[cartographer_node-1] [0.650674, 0.674035)	                   #	Count: 3 (6.81818%)	Total: 15 (34.0909%)
[cartographer_node-1] [0.674035, 0.697396)	                 ###	Count: 7 (15.9091%)	Total: 22 (50%)
[cartographer_node-1] [0.697396, 0.720757)	                 ###	Count: 7 (15.9091%)	Total: 29 (65.9091%)
[cartographer_node-1] [0.720757, 0.744118)	                 ###	Count: 6 (13.6364%)	Total: 35 (79.5455%)
[cartographer_node-1] [0.744118, 0.767479)	                  ##	Count: 4 (9.09091%)	Total: 39 (88.6364%)
[cartographer_node-1] [0.767479, 0.790840)	                   #	Count: 2 (4.54545%)	Total: 41 (93.1818%)
[cartographer_node-1] [0.790840, 0.814202]	                   #	Count: 3 (6.81818%)	Total: 44 (100%)
[cartographer_node-1] [INFO] [1778822224.893471889] [cartographer logger]: I0515 14:17:04.000000 52153 pose_graph_2d.cc:538] Remaining work items in queue: 1
[cartographer_node-1] [INFO] [1778822224.893510519] [cartographer logger]: I0515 14:17:04.000000 52153 constraint_builder_2d.cc:294] 0 computations resulted in 0 additional constraints.
[cartographer_node-1] [INFO] [1778822224.893903789] [cartographer logger]: I0515 14:17:04.000000 52153 constraint_builder_2d.cc:296] Score histogram:
[cartographer_node-1] Count: 44  Min: 0.580591  Max: 0.814202  Mean: 0.690565
[cartographer_node-1] [0.580591, 0.603952)	                ####	Count: 8 (18.1818%)	Total: 8 (18.1818%)
[cartographer_node-1] [0.603952, 0.627313)	                   #	Count: 2 (4.54545%)	Total: 10 (22.7273%)
[cartographer_node-1] [0.627313, 0.650674)	                   #	Count: 2 (4.54545%)	Total: 12 (27.2727%)
[cartographer_node-1] [0.650674, 0.674035)	                   #	Count: 3 (6.81818%)	Total: 15 (34.0909%)
[cartographer_node-1] [0.674035, 0.697396)	                 ###	Count: 7 (15.9091%)	Total: 22 (50%)
[cartographer_node-1] [0.697396, 0.720757)	                 ###	Count: 7 (15.9091%)	Total: 29 (65.9091%)
[cartographer_node-1] [0.720757, 0.744118)	                 ###	Count: 6 (13.6364%)	Total: 35 (79.5455%)
[cartographer_node-1] [0.744118, 0.767479)	                  ##	Count: 4 (9.09091%)	Total: 39 (88.6364%)
[cartographer_node-1] [0.767479, 0.790840)	                   #	Count: 2 (4.54545%)	Total: 41 (93.1818%)
[cartographer_node-1] [0.790840, 0.814202]	                   #	Count: 3 (6.81818%)	Total: 44 (100%)
[cartographer_node-1] [INFO] [1778822224.960002468] [cartographer logger]: I0515 14:17:04.000000 52153 pose_graph_2d.cc:538] Remaining work items in queue: 0
[cartographer_node-1] [INFO] [1778822224.960046352] [cartographer logger]: I0515 14:17:04.000000 52153 constraint_builder_2d.cc:294] 0 computations resulted in 0 additional constraints.
[cartographer_node-1] [INFO] [1778822224.960541086] [cartographer logger]: I0515 14:17:04.000000 52153 constraint_builder_2d.cc:296] Score histogram:
[cartographer_node-1] Count: 44  Min: 0.580591  Max: 0.814202  Mean: 0.690565
[cartographer_node-1] [0.580591, 0.603952)	                ####	Count: 8 (18.1818%)	Total: 8 (18.1818%)
[cartographer_node-1] [0.603952, 0.627313)	                   #	Count: 2 (4.54545%)	Total: 10 (22.7273%)
[cartographer_node-1] [0.627313, 0.650674)	                   #	Count: 2 (4.54545%)	Total: 12 (27.2727%)
[cartographer_node-1] [0.650674, 0.674035)	                   #	Count: 3 (6.81818%)	Total: 15 (34.0909%)
[cartographer_node-1] [0.674035, 0.697396)	                 ###	Count: 7 (15.9091%)	Total: 22 (50%)
[cartographer_node-1] [0.697396, 0.720757)	                 ###	Count: 7 (15.9091%)	Total: 29 (65.9091%)
[cartographer_node-1] [0.720757, 0.744118)	                 ###	Count: 6 (13.6364%)	Total: 35 (79.5455%)
[cartographer_node-1] [0.744118, 0.767479)	                  ##	Count: 4 (9.09091%)	Total: 39 (88.6364%)
[cartographer_node-1] [0.767479, 0.790840)	                   #	Count: 2 (4.54545%)	Total: 41 (93.1818%)
[cartographer_node-1] [0.790840, 0.814202]	                   #	Count: 3 (6.81818%)	Total: 44 (100%)
[cartographer_node-1] [INFO] [1778822224.986394637] [cartographer logger]: I0515 14:17:04.000000 52153 pose_graph_2d.cc:538] Remaining work items in queue: 0
[cartographer_node-1] [INFO] [1778822225.035442400] [cartographer logger]: I0515 14:17:05.000000 52150 constraint_builder_2d.cc:279] Node (1, 642) with 203 points on submap (0, 12) matches with score 67.2%.
[cartographer_node-1] [INFO] [1778822225.035500172] [cartographer logger]: I0515 14:17:05.000000 52150 constraint_builder_2d.cc:294] 1 computations resulted in 1 additional constraints.
[cartographer_node-1] [INFO] [1778822225.035541409] [cartographer logger]: I0515 14:17:05.000000 52150 constraint_builder_2d.cc:296] Score histogram:
[cartographer_node-1] Count: 45  Min: 0.580591  Max: 0.814202  Mean: 0.690156
[cartographer_node-1] [0.580591, 0.603952)	                ####	Count: 8 (17.7778%)	Total: 8 (17.7778%)
[cartographer_node-1] [0.603952, 0.627313)	                   #	Count: 2 (4.44444%)	Total: 10 (22.2222%)
[cartographer_node-1] [0.627313, 0.650674)	                   #	Count: 2 (4.44444%)	Total: 12 (26.6667%)
[cartographer_node-1] [0.650674, 0.674035)	                  ##	Count: 4 (8.88889%)	Total: 16 (35.5556%)
[cartographer_node-1] [0.674035, 0.697396)	                 ###	Count: 7 (15.5556%)	Total: 23 (51.1111%)
[cartographer_node-1] [0.697396, 0.720757)	                 ###	Count: 7 (15.5556%)	Total: 30 (66.6667%)
[cartographer_node-1] [0.720757, 0.744118)	                 ###	Count: 6 (13.3333%)	Total: 36 (80%)
[cartographer_node-1] [0.744118, 0.767479)	                  ##	Count: 4 (8.88889%)	Total: 40 (88.8889%)
[cartographer_node-1] [0.767479, 0.790840)	                   #	Count: 2 (4.44444%)	Total: 42 (93.3333%)
[cartographer_node-1] [0.790840, 0.814202]	                   #	Count: 3 (6.66667%)	Total: 45 (100%)
[cartographer_node-1] [INFO] [1778822225.074821128] [cartographer logger]: I0515 14:17:05.000000 52150 pose_graph_2d.cc:538] Remaining work items in queue: 2
[cartographer_node-1] [INFO] [1778822225.074868908] [cartographer logger]: I0515 14:17:05.000000 52150 constraint_builder_2d.cc:294] 0 computations resulted in 0 additional constraints.
[cartographer_node-1] [INFO] [1778822225.075288194] [cartographer logger]: I0515 14:17:05.000000 52150 constraint_builder_2d.cc:296] Score histogram:
[cartographer_node-1] Count: 45  Min: 0.580591  Max: 0.814202  Mean: 0.690156
[cartographer_node-1] [0.580591, 0.603952)	                ####	Count: 8 (17.7778%)	Total: 8 (17.7778%)
[cartographer_node-1] [0.603952, 0.627313)	                   #	Count: 2 (4.44444%)	Total: 10 (22.2222%)
[cartographer_node-1] [0.627313, 0.650674)	                   #	Count: 2 (4.44444%)	Total: 12 (26.6667%)
[cartographer_node-1] [0.650674, 0.674035)	                  ##	Count: 4 (8.88889%)	Total: 16 (35.5556%)
[cartographer_node-1] [0.674035, 0.697396)	                 ###	Count: 7 (15.5556%)	Total: 23 (51.1111%)
[cartographer_node-1] [0.697396, 0.720757)	                 ###	Count: 7 (15.5556%)	Total: 30 (66.6667%)
[cartographer_node-1] [0.720757, 0.744118)	                 ###	Count: 6 (13.3333%)	Total: 36 (80%)
[cartographer_node-1] [0.744118, 0.767479)	                  ##	Count: 4 (8.88889%)	Total: 40 (88.8889%)
[cartographer_node-1] [0.767479, 0.790840)	                   #	Count: 2 (4.44444%)	Total: 42 (93.3333%)
[cartographer_node-1] [0.790840, 0.814202]	                   #	Count: 3 (6.66667%)	Total: 45 (100%)
[cartographer_node-1] [INFO] [1778822225.113218081] [cartographer logger]: I0515 14:17:05.000000 52152 pose_graph_2d.cc:538] Remaining work items in queue: 0
[cartographer_node-1] [INFO] [1778822225.113267875] [cartographer logger]: I0515 14:17:05.000000 52152 constraint_builder_2d.cc:294] 0 computations resulted in 0 additional constraints.
[cartographer_node-1] [INFO] [1778822225.113303629] [cartographer logger]: I0515 14:17:05.000000 52152 constraint_builder_2d.cc:296] Score histogram:
[cartographer_node-1] Count: 45  Min: 0.580591  Max: 0.814202  Mean: 0.690156
[cartographer_node-1] [0.580591, 0.603952)	                ####	Count: 8 (17.7778%)	Total: 8 (17.7778%)
[cartographer_node-1] [0.603952, 0.627313)	                   #	Count: 2 (4.44444%)	Total: 10 (22.2222%)
[cartographer_node-1] [0.627313, 0.650674)	                   #	Count: 2 (4.44444%)	Total: 12 (26.6667%)
[cartographer_node-1] [0.650674, 0.674035)	                  ##	Count: 4 (8.88889%)	Total: 16 (35.5556%)
[cartographer_node-1] [0.674035, 0.697396)	                 ###	Count: 7 (15.5556%)	Total: 23 (51.1111%)
[cartographer_node-1] [0.697396, 0.720757)	                 ###	Count: 7 (15.5556%)	Total: 30 (66.6667%)
[cartographer_node-1] [0.720757, 0.744118)	                 ###	Count: 6 (13.3333%)	Total: 36 (80%)
[cartographer_node-1] [0.744118, 0.767479)	                  ##	Count: 4 (8.88889%)	Total: 40 (88.8889%)
[cartographer_node-1] [0.767479, 0.790840)	                   #	Count: 2 (4.44444%)	Total: 42 (93.3333%)
[cartographer_node-1] [0.790840, 0.814202]	                   #	Count: 3 (6.66667%)	Total: 45 (100%)
[cartographer_node-1] [INFO] [1778822225.160227861] [cartographer logger]: I0515 14:17:05.000000 52151 pose_graph_2d.cc:538] Remaining work items in queue: 1
[cartographer_node-1] [INFO] [1778822225.160274604] [cartographer logger]: I0515 14:17:05.000000 52151 constraint_builder_2d.cc:294] 0 computations resulted in 0 additional constraints.
[cartographer_node-1] [INFO] [1778822225.160316645] [cartographer logger]: I0515 14:17:05.000000 52151 constraint_builder_2d.cc:296] Score histogram:
[cartographer_node-1] Count: 45  Min: 0.580591  Max: 0.814202  Mean: 0.690156
[cartographer_node-1] [0.580591, 0.603952)	                ####	Count: 8 (17.7778%)	Total: 8 (17.7778%)
[cartographer_node-1] [0.603952, 0.627313)	                   #	Count: 2 (4.44444%)	Total: 10 (22.2222%)
[cartographer_node-1] [0.627313, 0.650674)	                   #	Count: 2 (4.44444%)	Total: 12 (26.6667%)
[cartographer_node-1] [0.650674, 0.674035)	                  ##	Count: 4 (8.88889%)	Total: 16 (35.5556%)
[cartographer_node-1] [0.674035, 0.697396)	                 ###	Count: 7 (15.5556%)	Total: 23 (51.1111%)
[cartographer_node-1] [0.697396, 0.720757)	                 ###	Count: 7 (15.5556%)	Total: 30 (66.6667%)
[cartographer_node-1] [0.720757, 0.744118)	                 ###	Count: 6 (13.3333%)	Total: 36 (80%)
[cartographer_node-1] [0.744118, 0.767479)	                  ##	Count: 4 (8.88889%)	Total: 40 (88.8889%)
[cartographer_node-1] [0.767479, 0.790840)	                   #	Count: 2 (4.44444%)	Total: 42 (93.3333%)
[cartographer_node-1] [0.790840, 0.814202]	                   #	Count: 3 (6.66667%)	Total: 45 (100%)
[cartographer_node-1] [INFO] [1778822225.186090081] [cartographer logger]: I0515 14:17:05.000000 52151 pose_graph_2d.cc:538] Remaining work items in queue: 0
[cartographer_node-1] [INFO] [1778822225.186157762] [cartographer logger]: I0515 14:17:05.000000 52151 constraint_builder_2d.cc:294] 0 computations resulted in 0 additional constraints.
[cartographer_node-1] [INFO] [1778822225.186272855] [cartographer logger]: I0515 14:17:05.000000 52151 constraint_builder_2d.cc:296] Score histogram:
[cartographer_node-1] Count: 45  Min: 0.580591  Max: 0.814202  Mean: 0.690156
[cartographer_node-1] [0.580591, 0.603952)	                ####	Count: 8 (17.7778%)	Total: 8 (17.7778%)
[cartographer_node-1] [0.603952, 0.627313)	                   #	Count: 2 (4.44444%)	Total: 10 (22.2222%)
[cartographer_node-1] [0.627313, 0.650674)	                   #	Count: 2 (4.44444%)	Total: 12 (26.6667%)
[cartographer_node-1] [0.650674, 0.674035)	                  ##	Count: 4 (8.88889%)	Total: 16 (35.5556%)
[cartographer_node-1] [0.674035, 0.697396)	                 ###	Count: 7 (15.5556%)	Total: 23 (51.1111%)
[cartographer_node-1] [0.697396, 0.720757)	                 ###	Count: 7 (15.5556%)	Total: 30 (66.6667%)
[cartographer_node-1] [0.720757, 0.744118)	                 ###	Count: 6 (13.3333%)	Total: 36 (80%)
[cartographer_node-1] [0.744118, 0.767479)	                  ##	Count: 4 (8.88889%)	Total: 40 (88.8889%)
[cartographer_node-1] [0.767479, 0.790840)	                   #	Count: 2 (4.44444%)	Total: 42 (93.3333%)
[cartographer_node-1] [0.790840, 0.814202]	                   #	Count: 3 (6.66667%)	Total: 45 (100%)
[cartographer_node-1] [INFO] [1778822225.371482261] [rclcpp]: signal_handler(SIGINT/SIGTERM)
[cartographer_node-1] [WARN] [1778822225.377085194] [cartographer logger]: W0515 14:17:05.000000 52136 tf_bridge.cpp:53] Lookup would require extrapolation into the future.  Requested time 1773391612.403906 but the latest data is at time 1773391612.374068, when looking up transform from frame [laser] to frame [imu]
[cartographer_node-1] [INFO] [1778822225.377537668] [cartographer logger]: I0515 14:17:05.000000 52136 node.cpp:583] Shutdown the subscriber of [scan]
[cartographer_node-1] [INFO] [1778822225.377747267] [cartographer logger]: I0515 14:17:05.000000 52136 node.cpp:583] Shutdown the subscriber of [imu]
[cartographer_node-1] [INFO] [1778822225.377930058] [cartographer logger]: I0515 14:17:05.000000 52136 node.cpp:583] Shutdown the subscriber of [odom_wheel]
[cartographer_node-1] [INFO] [1778822225.377947145] [cartographer logger]: I0515 14:17:05.000000 52136 map_builder_bridge.cpp:156] Finishing trajectory with ID '1'...
[cartographer_node-1] [WARN] [1778822225.383341188] [cartographer logger]: W0515 14:17:05.000000 52136 node.cpp:787] Can't run final optimization if there are one or more active trajectories. Trying to finish trajectory with ID 1 now.
[cartographer_node-1] [INFO] [1778822225.383388580] [cartographer logger]: I0515 14:17:05.000000 52152 pose_graph_2d.cc:538] Remaining work items in queue: 0
[cartographer_node-1] [INFO] [1778822225.383411044] [cartographer logger]: I0515 14:17:05.000000 52136 node.cpp:565] Trajectory 1 already pending to finish.
[cartographer_node-1] [INFO] [1778822225.383433800] [cartographer logger]: I0515 14:17:05.000000 52136 map_builder_bridge.cpp:165] Running final trajectory optimization...
[cartographer_node-1] [INFO] [1778822225.383456675] [cartographer logger]: I0515 14:17:05.000000 52152 constraint_builder_2d.cc:294] 0 computations resulted in 0 additional constraints.
[cartographer_node-1] [INFO] [1778822225.383608855] [cartographer logger]: I0515 14:17:05.000000 52152 constraint_builder_2d.cc:296] Score histogram:
[cartographer_node-1] Count: 45  Min: 0.580591  Max: 0.814202  Mean: 0.690156
[cartographer_node-1] [0.580591, 0.603952)	                ####	Count: 8 (17.7778%)	Total: 8 (17.7778%)
[cartographer_node-1] [0.603952, 0.627313)	                   #	Count: 2 (4.44444%)	Total: 10 (22.2222%)
[cartographer_node-1] [0.627313, 0.650674)	                   #	Count: 2 (4.44444%)	Total: 12 (26.6667%)
[cartographer_node-1] [0.650674, 0.674035)	                  ##	Count: 4 (8.88889%)	Total: 16 (35.5556%)
[cartographer_node-1] [0.674035, 0.697396)	                 ###	Count: 7 (15.5556%)	Total: 23 (51.1111%)
[cartographer_node-1] [0.697396, 0.720757)	                 ###	Count: 7 (15.5556%)	Total: 30 (66.6667%)
[cartographer_node-1] [0.720757, 0.744118)	                 ###	Count: 6 (13.3333%)	Total: 36 (80%)
[cartographer_node-1] [0.744118, 0.767479)	                  ##	Count: 4 (8.88889%)	Total: 40 (88.8889%)
[cartographer_node-1] [0.767479, 0.790840)	                   #	Count: 2 (4.44444%)	Total: 42 (93.3333%)
[cartographer_node-1] [0.790840, 0.814202]	                   #	Count: 3 (6.66667%)	Total: 45 (100%)
[cartographer_node-1] [INFO] [1778822225.407289007] [cartographer logger]: I0515 14:17:05.000000 52152 pose_graph_2d.cc:538] Remaining work items in queue: 2
[cartographer_node-1] [INFO] [1778822225.407327649] [cartographer logger]: I0515 14:17:05.000000 52152 constraint_builder_2d.cc:294] 0 computations resulted in 0 additional constraints.
[cartographer_node-1] [INFO] [1778822225.407727381] [cartographer logger]: I0515 14:17:05.000000 52152 constraint_builder_2d.cc:296] Score histogram:
[cartographer_node-1] Count: 45  Min: 0.580591  Max: 0.814202  Mean: 0.690156
[cartographer_node-1] [0.580591, 0.603952)	                ####	Count: 8 (17.7778%)	Total: 8 (17.7778%)
[cartographer_node-1] [0.603952, 0.627313)	                   #	Count: 2 (4.44444%)	Total: 10 (22.2222%)
[cartographer_node-1] [0.627313, 0.650674)	                   #	Count: 2 (4.44444%)	Total: 12 (26.6667%)
[cartographer_node-1] [0.650674, 0.674035)	                  ##	Count: 4 (8.88889%)	Total: 16 (35.5556%)
[cartographer_node-1] [0.674035, 0.697396)	                 ###	Count: 7 (15.5556%)	Total: 23 (51.1111%)
[cartographer_node-1] [0.697396, 0.720757)	                 ###	Count: 7 (15.5556%)	Total: 30 (66.6667%)
[cartographer_node-1] [0.720757, 0.744118)	                 ###	Count: 6 (13.3333%)	Total: 36 (80%)
[cartographer_node-1] [0.744118, 0.767479)	                  ##	Count: 4 (8.88889%)	Total: 40 (88.8889%)
[cartographer_node-1] [0.767479, 0.790840)	                   #	Count: 2 (4.44444%)	Total: 42 (93.3333%)
[cartographer_node-1] [0.790840, 0.814202]	                   #	Count: 3 (6.66667%)	Total: 45 (100%)
[cartographer_node-1] [INFO] [1778822225.430062583] [cartographer logger]: I0515 14:17:05.000000 52152 pose_graph_2d.cc:538] Remaining work items in queue: 1
[cartographer_node-1] [INFO] [1778822225.430090532] [cartographer logger]: I0515 14:17:05.000000 52152 constraint_builder_2d.cc:294] 0 computations resulted in 0 additional constraints.
[cartographer_node-1] [INFO] [1778822225.430154637] [cartographer logger]: I0515 14:17:05.000000 52152 constraint_builder_2d.cc:296] Score histogram:
[cartographer_node-1] Count: 45  Min: 0.580591  Max: 0.814202  Mean: 0.690156
[cartographer_node-1] [0.580591, 0.603952)	                ####	Count: 8 (17.7778%)	Total: 8 (17.7778%)
[cartographer_node-1] [0.603952, 0.627313)	                   #	Count: 2 (4.44444%)	Total: 10 (22.2222%)
[cartographer_node-1] [0.627313, 0.650674)	                   #	Count: 2 (4.44444%)	Total: 12 (26.6667%)
[cartographer_node-1] [0.650674, 0.674035)	                  ##	Count: 4 (8.88889%)	Total: 16 (35.5556%)
[cartographer_node-1] [0.674035, 0.697396)	                 ###	Count: 7 (15.5556%)	Total: 23 (51.1111%)
[cartographer_node-1] [0.697396, 0.720757)	                 ###	Count: 7 (15.5556%)	Total: 30 (66.6667%)
[cartographer_node-1] [0.720757, 0.744118)	                 ###	Count: 6 (13.3333%)	Total: 36 (80%)
[cartographer_node-1] [0.744118, 0.767479)	                  ##	Count: 4 (8.88889%)	Total: 40 (88.8889%)
[cartographer_node-1] [0.767479, 0.790840)	                   #	Count: 2 (4.44444%)	Total: 42 (93.3333%)
[cartographer_node-1] [0.790840, 0.814202]	                   #	Count: 3 (6.66667%)	Total: 45 (100%)
[cartographer_node-1] [INFO] [1778822225.438266677] [cartographer logger]: I0515 14:17:05.000000 52150 constraint_builder_2d.cc:294] 0 computations resulted in 0 additional constraints.
[cartographer_node-1] [INFO] [1778822225.438318029] [cartographer logger]: I0515 14:17:05.000000 52150 constraint_builder_2d.cc:296] Score histogram:
[cartographer_node-1] Count: 45  Min: 0.580591  Max: 0.814202  Mean: 0.690156
[cartographer_node-1] [0.580591, 0.603952)	                ####	Count: 8 (17.7778%)	Total: 8 (17.7778%)
[cartographer_node-1] [0.603952, 0.627313)	                   #	Count: 2 (4.44444%)	Total: 10 (22.2222%)
[cartographer_node-1] [0.627313, 0.650674)	                   #	Count: 2 (4.44444%)	Total: 12 (26.6667%)
[cartographer_node-1] [0.650674, 0.674035)	                  ##	Count: 4 (8.88889%)	Total: 16 (35.5556%)
[cartographer_node-1] [0.674035, 0.697396)	                 ###	Count: 7 (15.5556%)	Total: 23 (51.1111%)
[cartographer_node-1] [0.697396, 0.720757)	                 ###	Count: 7 (15.5556%)	Total: 30 (66.6667%)
[cartographer_node-1] [0.720757, 0.744118)	                 ###	Count: 6 (13.3333%)	Total: 36 (80%)
[cartographer_node-1] [0.744118, 0.767479)	                  ##	Count: 4 (8.88889%)	Total: 40 (88.8889%)
[cartographer_node-1] [0.767479, 0.790840)	                   #	Count: 2 (4.44444%)	Total: 42 (93.3333%)
[cartographer_node-1] [0.790840, 0.814202]	                   #	Count: 3 (6.66667%)	Total: 45 (100%)
[cartographer_node-1] [KOptimizing: Done.     
[cartographer_node-1] [INFO] [1778822225.440733134] [cartographer logger]: I0515 14:17:05.000000 52151 constraint_builder_2d.cc:294] 0 computations resulted in 0 additional constraints.
[cartographer_node-1] [INFO] [1778822225.440801457] [cartographer logger]: I0515 14:17:05.000000 52151 constraint_builder_2d.cc:296] Score histogram:
[cartographer_node-1] Count: 45  Min: 0.580591  Max: 0.814202  Mean: 0.690156
[cartographer_node-1] [0.580591, 0.603952)	                ####	Count: 8 (17.7778%)	Total: 8 (17.7778%)
[cartographer_node-1] [0.603952, 0.627313)	                   #	Count: 2 (4.44444%)	Total: 10 (22.2222%)
[cartographer_node-1] [0.627313, 0.650674)	                   #	Count: 2 (4.44444%)	Total: 12 (26.6667%)
[cartographer_node-1] [0.650674, 0.674035)	                  ##	Count: 4 (8.88889%)	Total: 16 (35.5556%)
[cartographer_node-1] [0.674035, 0.697396)	                 ###	Count: 7 (15.5556%)	Total: 23 (51.1111%)
[cartographer_node-1] [0.697396, 0.720757)	                 ###	Count: 7 (15.5556%)	Total: 30 (66.6667%)
[cartographer_node-1] [0.720757, 0.744118)	                 ###	Count: 6 (13.3333%)	Total: 36 (80%)
[cartographer_node-1] [0.744118, 0.767479)	                  ##	Count: 4 (8.88889%)	Total: 40 (88.8889%)
[cartographer_node-1] [0.767479, 0.790840)	                   #	Count: 2 (4.44444%)	Total: 42 (93.3333%)
[cartographer_node-1] [0.790840, 0.814202]	                   #	Count: 3 (6.66667%)	Total: 45 (100%)
[cartographer_node-1] [KOptimizing: Done.     
[INFO] [cartographer_node-1]: process has finished cleanly [pid 52136]
