[INFO] [launch]: All log files can be found below /home/symoon/.ros/log/2026-05-14-17-45-53-757632-symoon-HP-ZBook-Create-G7-Notebook-PC-82570
[INFO] [launch]: Default logging verbosity is set to INFO
[INFO] [cartographer_node-1]: process started with pid [82574]
[INFO] [cartographer_occupancy_grid_node-2]: process started with pid [82576]
[INFO] [trajectory_to_odom-3]: process started with pid [82578]
[trajectory_to_odom-3] [INFO] [1778748353.826336512] [trajectory_to_odom_node]: TrackedPoseToOdom node initialized.
[cartographer_node-1] [INFO] [1778748353.837425502] [cartographer logger]: I0514 17:45:53.000000 82574 configuration_file_resolver.cc:41] Found '/home/symoon/Desktop/complete/local_SLAM_imu_wheel_ok/src/SLAM/cartographer_ros/configuration_files/Damvi_localization_config_wheel.lua' for 'Damvi_localization_config_wheel.lua'.
[cartographer_node-1] [INFO] [1778748353.837755960] [cartographer logger]: I0514 17:45:53.000000 82574 configuration_file_resolver.cc:41] Found '/home/symoon/Desktop/complete/local_SLAM_imu_wheel_ok/install/cartographer/share/cartographer/configuration_files/map_builder.lua' for 'map_builder.lua'.
[cartographer_node-1] [INFO] [1778748353.837775398] [cartographer logger]: I0514 17:45:53.000000 82574 configuration_file_resolver.cc:41] Found '/home/symoon/Desktop/complete/local_SLAM_imu_wheel_ok/install/cartographer/share/cartographer/configuration_files/map_builder.lua' for 'map_builder.lua'.
[cartographer_node-1] [INFO] [1778748353.837808552] [cartographer logger]: I0514 17:45:53.000000 82574 configuration_file_resolver.cc:41] Found '/home/symoon/Desktop/complete/local_SLAM_imu_wheel_ok/install/cartographer/share/cartographer/configuration_files/pose_graph.lua' for 'pose_graph.lua'.
[cartographer_node-1] [INFO] [1778748353.837822998] [cartographer logger]: I0514 17:45:53.000000 82574 configuration_file_resolver.cc:41] Found '/home/symoon/Desktop/complete/local_SLAM_imu_wheel_ok/install/cartographer/share/cartographer/configuration_files/pose_graph.lua' for 'pose_graph.lua'.
[cartographer_node-1] [INFO] [1778748353.837914681] [cartographer logger]: I0514 17:45:53.000000 82574 configuration_file_resolver.cc:41] Found '/home/symoon/Desktop/complete/local_SLAM_imu_wheel_ok/install/cartographer/share/cartographer/configuration_files/trajectory_builder.lua' for 'trajectory_builder.lua'.
[cartographer_node-1] [INFO] [1778748353.837929213] [cartographer logger]: I0514 17:45:53.000000 82574 configuration_file_resolver.cc:41] Found '/home/symoon/Desktop/complete/local_SLAM_imu_wheel_ok/install/cartographer/share/cartographer/configuration_files/trajectory_builder.lua' for 'trajectory_builder.lua'.
[cartographer_node-1] [INFO] [1778748353.837957993] [cartographer logger]: I0514 17:45:53.000000 82574 configuration_file_resolver.cc:41] Found '/home/symoon/Desktop/complete/local_SLAM_imu_wheel_ok/install/cartographer/share/cartographer/configuration_files/trajectory_builder_2d.lua' for 'trajectory_builder_2d.lua'.
[cartographer_node-1] [INFO] [1778748353.837971275] [cartographer logger]: I0514 17:45:53.000000 82574 configuration_file_resolver.cc:41] Found '/home/symoon/Desktop/complete/local_SLAM_imu_wheel_ok/install/cartographer/share/cartographer/configuration_files/trajectory_builder_2d.lua' for 'trajectory_builder_2d.lua'.
[cartographer_node-1] [INFO] [1778748353.838061420] [cartographer logger]: I0514 17:45:53.000000 82574 configuration_file_resolver.cc:41] Found '/home/symoon/Desktop/complete/local_SLAM_imu_wheel_ok/install/cartographer/share/cartographer/configuration_files/trajectory_builder_3d.lua' for 'trajectory_builder_3d.lua'.
[cartographer_node-1] [INFO] [1778748353.838075988] [cartographer logger]: I0514 17:45:53.000000 82574 configuration_file_resolver.cc:41] Found '/home/symoon/Desktop/complete/local_SLAM_imu_wheel_ok/install/cartographer/share/cartographer/configuration_files/trajectory_builder_3d.lua' for 'trajectory_builder_3d.lua'.
[cartographer_node-1] [INFO] [1778748353.846947406] [cartographer logger]: I0514 17:45:53.000000 82574 map_builder_bridge.cpp:117] Loading saved state '/home/symoon/Desktop/complete/local_SLAM_imu_wheel_ok/src/SLAM/cartographer_ros/pbstream/0312.pbstream'...
[cartographer_node-1] [INFO] [1778748353.889322796] [cartographer logger]: I0514 17:45:53.000000 82574 map_builder_bridge.cpp:140] Added trajectory with ID '1'.
[cartographer_node-1] [INFO] [1778748353.889405437] [cartographer logger]: I0514 17:45:53.000000 82574 pose_extrapolator.cc:218] Loaded pose extrapolator config from /home/symoon/Desktop/complete/local_SLAM_imu_wheel_ok/parameter_trials/wheel_odom_sweep_local000_odom3000.yaml imu_weight=0.2 imu_delta_min=0.3 wheelodom_weight=0 process_noise=0.001 measurement_noise_scan_default=1.5e-06 measurement_noise_odom_default=0.0002
[cartographer_node-1] [INFO] [1778748353.889416554] [cartographer logger]: I0514 17:45:53.000000 82574 pose_extrapolator.cc:154] fusion is active
[cartographer_node-1] [INFO] [1778748362.794573090] [cartographer logger]: I0514 17:46:02.000000 82574 ordered_multi_queue.cc:172] All sensor data for trajectory 1 is available starting at '639089883260544487'.
[cartographer_node-1] [INFO] [1778748362.847515965] [cartographer logger]: I0514 17:46:02.000000 82574 local_trajectory_builder_2d.cc:461] Extrapolator not yet initialized.
[cartographer_node-1] [INFO] [1778748362.847584887] [cartographer logger]: I0514 17:46:02.000000 82574 pose_extrapolator.cc:218] Loaded pose extrapolator config from /home/symoon/Desktop/complete/local_SLAM_imu_wheel_ok/parameter_trials/wheel_odom_sweep_local000_odom3000.yaml imu_weight=0.2 imu_delta_min=0.3 wheelodom_weight=0 process_noise=0.001 measurement_noise_scan_default=1.5e-06 measurement_noise_odom_default=0.0002
[cartographer_node-1] [INFO] [1778748362.847594869] [cartographer logger]: I0514 17:46:02.000000 82574 pose_extrapolator.cc:154] fusion is active
[cartographer_node-1] [INFO] [1778748362.847633794] [cartographer logger]: I0514 17:46:02.000000 82574 local_trajectory_builder_2d.cc:198] Extrapolator is still initializing.
[cartographer_node-1] [INFO] [1778748362.891741096] [cartographer logger]: I0514 17:46:02.000000 82574 pose_graph_2d.cc:148] Inserted submap (1, 0).
[cartographer_node-1] [WARN] [1778748363.193841944] [cartographer logger]: W0514 17:46:03.000000 82574 range_data_collator.cc:82] Dropped 52 earlier points.
[cartographer_node-1] [INFO] [1778748365.454548868] [cartographer logger]: I0514 17:46:05.000000 82616 pose_graph_2d.cc:538] Remaining work items in queue: 0
[cartographer_node-1] [INFO] [1778748365.454620838] [cartographer logger]: I0514 17:46:05.000000 82616 constraint_builder_2d.cc:294] 1 computations resulted in 0 additional constraints.
[cartographer_node-1] [INFO] [1778748365.454631384] [cartographer logger]: I0514 17:46:05.000000 82616 constraint_builder_2d.cc:296] Score histogram:
[cartographer_node-1] Count: 0
[cartographer_node-1] [INFO] [1778748365.705669133] [cartographer logger]: I0514 17:46:05.000000 82615 pose_graph_2d.cc:538] Remaining work items in queue: 0
[cartographer_node-1] [INFO] [1778748365.705747919] [cartographer logger]: I0514 17:46:05.000000 82615 constraint_builder_2d.cc:294] 0 computations resulted in 0 additional constraints.
[cartographer_node-1] [INFO] [1778748365.705757824] [cartographer logger]: I0514 17:46:05.000000 82615 constraint_builder_2d.cc:296] Score histogram:
[cartographer_node-1] Count: 0
[cartographer_node-1] [INFO] [1778748365.855578880] [cartographer logger]: I0514 17:46:05.000000 82614 pose_graph_2d.cc:538] Remaining work items in queue: 1
[cartographer_node-1] [INFO] [1778748365.855653363] [cartographer logger]: I0514 17:46:05.000000 82614 constraint_builder_2d.cc:294] 0 computations resulted in 0 additional constraints.
[cartographer_node-1] [INFO] [1778748365.855677246] [cartographer logger]: I0514 17:46:05.000000 82614 constraint_builder_2d.cc:296] Score histogram:
[cartographer_node-1] Count: 0
[cartographer_node-1] [INFO] [1778748366.057656409] [cartographer logger]: I0514 17:46:06.000000 82613 pose_graph_2d.cc:538] Remaining work items in queue: 1
[cartographer_node-1] [INFO] [1778748366.057715287] [cartographer logger]: I0514 17:46:06.000000 82613 constraint_builder_2d.cc:294] 0 computations resulted in 0 additional constraints.
[cartographer_node-1] [INFO] [1778748366.057722792] [cartographer logger]: I0514 17:46:06.000000 82613 constraint_builder_2d.cc:296] Score histogram:
[cartographer_node-1] Count: 0
[cartographer_node-1] [INFO] [1778748366.311144643] [cartographer logger]: I0514 17:46:06.000000 82616 pose_graph_2d.cc:538] Remaining work items in queue: 1
[cartographer_node-1] [INFO] [1778748366.341070170] [cartographer logger]: I0514 17:46:06.000000 82614 constraint_builder_2d.cc:279] Node (1, 14) with 206 points on submap (0, 4) matches with score 68.1%.
[cartographer_node-1] [INFO] [1778748366.341117704] [cartographer logger]: I0514 17:46:06.000000 82614 constraint_builder_2d.cc:294] 1 computations resulted in 1 additional constraints.
[cartographer_node-1] [INFO] [1778748366.341126541] [cartographer logger]: I0514 17:46:06.000000 82614 constraint_builder_2d.cc:296] Score histogram:
[cartographer_node-1] Count: 1  Min: 0.681047  Max: 0.681047  Mean: 0.681047
[cartographer_node-1] [INFO] [1778748366.464071942] [cartographer logger]: I0514 17:46:06.000000 82616 pose_graph_2d.cc:538] Remaining work items in queue: 1
[cartographer_node-1] [INFO] [1778748366.464155098] [cartographer logger]: I0514 17:46:06.000000 82616 constraint_builder_2d.cc:294] 0 computations resulted in 0 additional constraints.
[cartographer_node-1] [INFO] [1778748366.464216994] [cartographer logger]: I0514 17:46:06.000000 82616 constraint_builder_2d.cc:296] Score histogram:
[cartographer_node-1] Count: 1  Min: 0.681047  Max: 0.681047  Mean: 0.681047
[cartographer_node-1] [INFO] [1778748366.588362382] [cartographer logger]: I0514 17:46:06.000000 82614 pose_graph_2d.cc:538] Remaining work items in queue: 2
[cartographer_node-1] [INFO] [1778748366.588394743] [cartographer logger]: I0514 17:46:06.000000 82614 constraint_builder_2d.cc:294] 0 computations resulted in 0 additional constraints.
[cartographer_node-1] [INFO] [1778748366.588407365] [cartographer logger]: I0514 17:46:06.000000 82614 constraint_builder_2d.cc:296] Score histogram:
[cartographer_node-1] Count: 1  Min: 0.681047  Max: 0.681047  Mean: 0.681047
[cartographer_node-1] [INFO] [1778748366.731945120] [cartographer logger]: I0514 17:46:06.000000 82614 pose_graph_2d.cc:538] Remaining work items in queue: 1
[cartographer_node-1] [INFO] [1778748366.732009409] [cartographer logger]: I0514 17:46:06.000000 82614 constraint_builder_2d.cc:294] 0 computations resulted in 0 additional constraints.
[cartographer_node-1] [INFO] [1778748366.732019407] [cartographer logger]: I0514 17:46:06.000000 82614 constraint_builder_2d.cc:296] Score histogram:
[cartographer_node-1] Count: 1  Min: 0.681047  Max: 0.681047  Mean: 0.681047
[cartographer_node-1] [INFO] [1778748366.903546005] [cartographer logger]: I0514 17:46:06.000000 82614 pose_graph_2d.cc:538] Remaining work items in queue: 1
[cartographer_node-1] [INFO] [1778748366.903576050] [cartographer logger]: I0514 17:46:06.000000 82614 constraint_builder_2d.cc:294] 0 computations resulted in 0 additional constraints.
[cartographer_node-1] [INFO] [1778748366.903587506] [cartographer logger]: I0514 17:46:06.000000 82614 constraint_builder_2d.cc:296] Score histogram:
[cartographer_node-1] Count: 1  Min: 0.681047  Max: 0.681047  Mean: 0.681047
[cartographer_node-1] [INFO] [1778748367.034119650] [cartographer logger]: I0514 17:46:07.000000 82614 pose_graph_2d.cc:538] Remaining work items in queue: 0
[cartographer_node-1] [INFO] [1778748367.034155532] [cartographer logger]: I0514 17:46:07.000000 82614 constraint_builder_2d.cc:294] 1 computations resulted in 0 additional constraints.
[cartographer_node-1] [INFO] [1778748367.034165274] [cartographer logger]: I0514 17:46:07.000000 82614 constraint_builder_2d.cc:296] Score histogram:
[cartographer_node-1] Count: 1  Min: 0.681047  Max: 0.681047  Mean: 0.681047
[cartographer_node-1] [INFO] [1778748367.209679035] [cartographer logger]: I0514 17:46:07.000000 82616 pose_graph_2d.cc:538] Remaining work items in queue: 1
[cartographer_node-1] [INFO] [1778748367.209704931] [cartographer logger]: I0514 17:46:07.000000 82616 constraint_builder_2d.cc:294] 0 computations resulted in 0 additional constraints.
[cartographer_node-1] [INFO] [1778748367.209717504] [cartographer logger]: I0514 17:46:07.000000 82616 constraint_builder_2d.cc:296] Score histogram:
[cartographer_node-1] Count: 1  Min: 0.681047  Max: 0.681047  Mean: 0.681047
[cartographer_node-1] [INFO] [1778748367.356737314] [cartographer logger]: I0514 17:46:07.000000 82613 pose_graph_2d.cc:538] Remaining work items in queue: 1
[cartographer_node-1] [INFO] [1778748367.356758596] [cartographer logger]: I0514 17:46:07.000000 82613 constraint_builder_2d.cc:294] 0 computations resulted in 0 additional constraints.
[cartographer_node-1] [INFO] [1778748367.356767188] [cartographer logger]: I0514 17:46:07.000000 82613 constraint_builder_2d.cc:296] Score histogram:
[cartographer_node-1] Count: 1  Min: 0.681047  Max: 0.681047  Mean: 0.681047
[cartographer_node-1] [INFO] [1778748367.441516957] [cartographer logger]: I0514 17:46:07.000000 82613 pose_graph_2d.cc:538] Remaining work items in queue: 1
[cartographer_node-1] [INFO] [1778748367.441537237] [cartographer logger]: I0514 17:46:07.000000 82613 constraint_builder_2d.cc:294] 0 computations resulted in 0 additional constraints.
[cartographer_node-1] [INFO] [1778748367.441573859] [cartographer logger]: I0514 17:46:07.000000 82613 constraint_builder_2d.cc:296] Score histogram:
[cartographer_node-1] Count: 1  Min: 0.681047  Max: 0.681047  Mean: 0.681047
[cartographer_node-1] [INFO] [1778748367.532884013] [cartographer logger]: I0514 17:46:07.000000 82613 pose_graph_2d.cc:538] Remaining work items in queue: 0
[cartographer_node-1] [INFO] [1778748367.532963173] [cartographer logger]: I0514 17:46:07.000000 82613 constraint_builder_2d.cc:294] 0 computations resulted in 0 additional constraints.
[cartographer_node-1] [INFO] [1778748367.532981228] [cartographer logger]: I0514 17:46:07.000000 82613 constraint_builder_2d.cc:296] Score histogram:
[cartographer_node-1] Count: 1  Min: 0.681047  Max: 0.681047  Mean: 0.681047
[cartographer_node-1] [INFO] [1778748367.583351227] [cartographer logger]: I0514 17:46:07.000000 82614 constraint_builder_2d.cc:279] Node (1, 42) with 204 points on submap (0, 12) matches with score 66.9%.
[cartographer_node-1] [INFO] [1778748367.607395603] [cartographer logger]: I0514 17:46:07.000000 82615 pose_graph_2d.cc:538] Remaining work items in queue: 1
[cartographer_node-1] [INFO] [1778748367.607422808] [cartographer logger]: I0514 17:46:07.000000 82615 constraint_builder_2d.cc:294] 1 computations resulted in 1 additional constraints.
[cartographer_node-1] [INFO] [1778748367.607601877] [cartographer logger]: I0514 17:46:07.000000 82615 constraint_builder_2d.cc:296] Score histogram:
[cartographer_node-1] Count: 2  Min: 0.669304  Max: 0.681047  Mean: 0.675176
[cartographer_node-1] [0.669304, 0.670478)	          ##########	Count: 1 (50%)	Total: 1 (50%)
[cartographer_node-1] [0.670478, 0.671653)	                    	Count: 0 (0%)	Total: 1 (50%)
[cartographer_node-1] [0.671653, 0.672827)	                    	Count: 0 (0%)	Total: 1 (50%)
[cartographer_node-1] [0.672827, 0.674001)	                    	Count: 0 (0%)	Total: 1 (50%)
[cartographer_node-1] [0.674001, 0.675176)	                    	Count: 0 (0%)	Total: 1 (50%)
[cartographer_node-1] [0.675176, 0.676350)	                    	Count: 0 (0%)	Total: 1 (50%)
[cartographer_node-1] [0.676350, 0.677524)	                    	Count: 0 (0%)	Total: 1 (50%)
[cartographer_node-1] [0.677524, 0.678698)	                    	Count: 0 (0%)	Total: 1 (50%)
[cartographer_node-1] [0.678698, 0.679873)	                    	Count: 0 (0%)	Total: 1 (50%)
[cartographer_node-1] [0.679873, 0.681047]	          ##########	Count: 1 (50%)	Total: 2 (100%)
[cartographer_node-1] [INFO] [1778748367.712563714] [cartographer logger]: I0514 17:46:07.000000 82614 pose_graph_2d.cc:538] Remaining work items in queue: 1
[cartographer_node-1] [INFO] [1778748367.712658101] [cartographer logger]: I0514 17:46:07.000000 82614 constraint_builder_2d.cc:294] 0 computations resulted in 0 additional constraints.
[cartographer_node-1] [INFO] [1778748367.712751931] [cartographer logger]: I0514 17:46:07.000000 82614 constraint_builder_2d.cc:296] Score histogram:
[cartographer_node-1] Count: 2  Min: 0.669304  Max: 0.681047  Mean: 0.675176
[cartographer_node-1] [0.669304, 0.670478)	          ##########	Count: 1 (50%)	Total: 1 (50%)
[cartographer_node-1] [0.670478, 0.671653)	                    	Count: 0 (0%)	Total: 1 (50%)
[cartographer_node-1] [0.671653, 0.672827)	                    	Count: 0 (0%)	Total: 1 (50%)
[cartographer_node-1] [0.672827, 0.674001)	                    	Count: 0 (0%)	Total: 1 (50%)
[cartographer_node-1] [0.674001, 0.675176)	                    	Count: 0 (0%)	Total: 1 (50%)
[cartographer_node-1] [0.675176, 0.676350)	                    	Count: 0 (0%)	Total: 1 (50%)
[cartographer_node-1] [0.676350, 0.677524)	                    	Count: 0 (0%)	Total: 1 (50%)
[cartographer_node-1] [0.677524, 0.678698)	                    	Count: 0 (0%)	Total: 1 (50%)
[cartographer_node-1] [0.678698, 0.679873)	                    	Count: 0 (0%)	Total: 1 (50%)
[cartographer_node-1] [0.679873, 0.681047]	          ##########	Count: 1 (50%)	Total: 2 (100%)
[cartographer_node-1] [INFO] [1778748367.756125953] [cartographer logger]: I0514 17:46:07.000000 82615 pose_graph_2d.cc:538] Remaining work items in queue: 1
[cartographer_node-1] [INFO] [1778748367.756151364] [cartographer logger]: I0514 17:46:07.000000 82615 constraint_builder_2d.cc:294] 0 computations resulted in 0 additional constraints.
[cartographer_node-1] [INFO] [1778748367.756308618] [cartographer logger]: I0514 17:46:07.000000 82615 constraint_builder_2d.cc:296] Score histogram:
[cartographer_node-1] Count: 2  Min: 0.669304  Max: 0.681047  Mean: 0.675176
[cartographer_node-1] [0.669304, 0.670478)	          ##########	Count: 1 (50%)	Total: 1 (50%)
[cartographer_node-1] [0.670478, 0.671653)	                    	Count: 0 (0%)	Total: 1 (50%)
[cartographer_node-1] [0.671653, 0.672827)	                    	Count: 0 (0%)	Total: 1 (50%)
[cartographer_node-1] [0.672827, 0.674001)	                    	Count: 0 (0%)	Total: 1 (50%)
[cartographer_node-1] [0.674001, 0.675176)	                    	Count: 0 (0%)	Total: 1 (50%)
[cartographer_node-1] [0.675176, 0.676350)	                    	Count: 0 (0%)	Total: 1 (50%)
[cartographer_node-1] [0.676350, 0.677524)	                    	Count: 0 (0%)	Total: 1 (50%)
[cartographer_node-1] [0.677524, 0.678698)	                    	Count: 0 (0%)	Total: 1 (50%)
[cartographer_node-1] [0.678698, 0.679873)	                    	Count: 0 (0%)	Total: 1 (50%)
[cartographer_node-1] [0.679873, 0.681047]	          ##########	Count: 1 (50%)	Total: 2 (100%)
[cartographer_node-1] [INFO] [1778748367.829632668] [cartographer logger]: I0514 17:46:07.000000 82616 pose_graph_2d.cc:538] Remaining work items in queue: 1
[cartographer_node-1] [INFO] [1778748367.829693334] [cartographer logger]: I0514 17:46:07.000000 82615 constraint_builder_2d.cc:294] 0 computations resulted in 0 additional constraints.
[cartographer_node-1] [INFO] [1778748367.829871140] [cartographer logger]: I0514 17:46:07.000000 82615 constraint_builder_2d.cc:296] Score histogram:
[cartographer_node-1] Count: 2  Min: 0.669304  Max: 0.681047  Mean: 0.675176
[cartographer_node-1] [0.669304, 0.670478)	          ##########	Count: 1 (50%)	Total: 1 (50%)
[cartographer_node-1] [0.670478, 0.671653)	                    	Count: 0 (0%)	Total: 1 (50%)
[cartographer_node-1] [0.671653, 0.672827)	                    	Count: 0 (0%)	Total: 1 (50%)
[cartographer_node-1] [0.672827, 0.674001)	                    	Count: 0 (0%)	Total: 1 (50%)
[cartographer_node-1] [0.674001, 0.675176)	                    	Count: 0 (0%)	Total: 1 (50%)
[cartographer_node-1] [0.675176, 0.676350)	                    	Count: 0 (0%)	Total: 1 (50%)
[cartographer_node-1] [0.676350, 0.677524)	                    	Count: 0 (0%)	Total: 1 (50%)
[cartographer_node-1] [0.677524, 0.678698)	                    	Count: 0 (0%)	Total: 1 (50%)
[cartographer_node-1] [0.678698, 0.679873)	                    	Count: 0 (0%)	Total: 1 (50%)
[cartographer_node-1] [0.679873, 0.681047]	          ##########	Count: 1 (50%)	Total: 2 (100%)
[cartographer_node-1] [INFO] [1778748367.906073053] [cartographer logger]: I0514 17:46:07.000000 82614 pose_graph_2d.cc:538] Remaining work items in queue: 2
[cartographer_node-1] [INFO] [1778748367.906124333] [cartographer logger]: I0514 17:46:07.000000 82614 constraint_builder_2d.cc:294] 0 computations resulted in 0 additional constraints.
[cartographer_node-1] [INFO] [1778748367.906320501] [cartographer logger]: I0514 17:46:07.000000 82614 constraint_builder_2d.cc:296] Score histogram:
[cartographer_node-1] Count: 2  Min: 0.669304  Max: 0.681047  Mean: 0.675176
[cartographer_node-1] [0.669304, 0.670478)	          ##########	Count: 1 (50%)	Total: 1 (50%)
[cartographer_node-1] [0.670478, 0.671653)	                    	Count: 0 (0%)	Total: 1 (50%)
[cartographer_node-1] [0.671653, 0.672827)	                    	Count: 0 (0%)	Total: 1 (50%)
[cartographer_node-1] [0.672827, 0.674001)	                    	Count: 0 (0%)	Total: 1 (50%)
[cartographer_node-1] [0.674001, 0.675176)	                    	Count: 0 (0%)	Total: 1 (50%)
[cartographer_node-1] [0.675176, 0.676350)	                    	Count: 0 (0%)	Total: 1 (50%)
[cartographer_node-1] [0.676350, 0.677524)	                    	Count: 0 (0%)	Total: 1 (50%)
[cartographer_node-1] [0.677524, 0.678698)	                    	Count: 0 (0%)	Total: 1 (50%)
[cartographer_node-1] [0.678698, 0.679873)	                    	Count: 0 (0%)	Total: 1 (50%)
[cartographer_node-1] [0.679873, 0.681047]	          ##########	Count: 1 (50%)	Total: 2 (100%)
[cartographer_node-1] [INFO] [1778748368.011651990] [cartographer logger]: I0514 17:46:08.000000 82614 pose_graph_2d.cc:538] Remaining work items in queue: 1
[cartographer_node-1] [INFO] [1778748368.011743280] [cartographer logger]: I0514 17:46:08.000000 82614 constraint_builder_2d.cc:294] 1 computations resulted in 0 additional constraints.
[cartographer_node-1] [INFO] [1778748368.012095948] [cartographer logger]: I0514 17:46:08.000000 82614 constraint_builder_2d.cc:296] Score histogram:
[cartographer_node-1] Count: 2  Min: 0.669304  Max: 0.681047  Mean: 0.675176
[cartographer_node-1] [0.669304, 0.670478)	          ##########	Count: 1 (50%)	Total: 1 (50%)
[cartographer_node-1] [0.670478, 0.671653)	                    	Count: 0 (0%)	Total: 1 (50%)
[cartographer_node-1] [0.671653, 0.672827)	                    	Count: 0 (0%)	Total: 1 (50%)
[cartographer_node-1] [0.672827, 0.674001)	                    	Count: 0 (0%)	Total: 1 (50%)
[cartographer_node-1] [0.674001, 0.675176)	                    	Count: 0 (0%)	Total: 1 (50%)
[cartographer_node-1] [0.675176, 0.676350)	                    	Count: 0 (0%)	Total: 1 (50%)
[cartographer_node-1] [0.676350, 0.677524)	                    	Count: 0 (0%)	Total: 1 (50%)
[cartographer_node-1] [0.677524, 0.678698)	                    	Count: 0 (0%)	Total: 1 (50%)
[cartographer_node-1] [0.678698, 0.679873)	                    	Count: 0 (0%)	Total: 1 (50%)
[cartographer_node-1] [0.679873, 0.681047]	          ##########	Count: 1 (50%)	Total: 2 (100%)
[cartographer_node-1] [INFO] [1778748368.060255501] [cartographer logger]: I0514 17:46:08.000000 82613 pose_graph_2d.cc:538] Remaining work items in queue: 0
[cartographer_node-1] [INFO] [1778748368.060326164] [cartographer logger]: I0514 17:46:08.000000 82613 constraint_builder_2d.cc:294] 0 computations resulted in 0 additional constraints.
[cartographer_node-1] [INFO] [1778748368.060345484] [cartographer logger]: I0514 17:46:08.000000 82613 constraint_builder_2d.cc:296] Score histogram:
[cartographer_node-1] Count: 2  Min: 0.669304  Max: 0.681047  Mean: 0.675176
[cartographer_node-1] [0.669304, 0.670478)	          ##########	Count: 1 (50%)	Total: 1 (50%)
[cartographer_node-1] [0.670478, 0.671653)	                    	Count: 0 (0%)	Total: 1 (50%)
[cartographer_node-1] [0.671653, 0.672827)	                    	Count: 0 (0%)	Total: 1 (50%)
[cartographer_node-1] [0.672827, 0.674001)	                    	Count: 0 (0%)	Total: 1 (50%)
[cartographer_node-1] [0.674001, 0.675176)	                    	Count: 0 (0%)	Total: 1 (50%)
[cartographer_node-1] [0.675176, 0.676350)	                    	Count: 0 (0%)	Total: 1 (50%)
[cartographer_node-1] [0.676350, 0.677524)	                    	Count: 0 (0%)	Total: 1 (50%)
[cartographer_node-1] [0.677524, 0.678698)	                    	Count: 0 (0%)	Total: 1 (50%)
[cartographer_node-1] [0.678698, 0.679873)	                    	Count: 0 (0%)	Total: 1 (50%)
[cartographer_node-1] [0.679873, 0.681047]	          ##########	Count: 1 (50%)	Total: 2 (100%)
[cartographer_node-1] [INFO] [1778748368.123465145] [cartographer logger]: I0514 17:46:08.000000 82613 pose_graph_2d.cc:538] Remaining work items in queue: 0
[cartographer_node-1] [INFO] [1778748368.123486086] [cartographer logger]: I0514 17:46:08.000000 82613 constraint_builder_2d.cc:294] 0 computations resulted in 0 additional constraints.
[cartographer_node-1] [INFO] [1778748368.123704927] [cartographer logger]: I0514 17:46:08.000000 82613 constraint_builder_2d.cc:296] Score histogram:
[cartographer_node-1] Count: 2  Min: 0.669304  Max: 0.681047  Mean: 0.675176
[cartographer_node-1] [0.669304, 0.670478)	          ##########	Count: 1 (50%)	Total: 1 (50%)
[cartographer_node-1] [0.670478, 0.671653)	                    	Count: 0 (0%)	Total: 1 (50%)
[cartographer_node-1] [0.671653, 0.672827)	                    	Count: 0 (0%)	Total: 1 (50%)
[cartographer_node-1] [0.672827, 0.674001)	                    	Count: 0 (0%)	Total: 1 (50%)
[cartographer_node-1] [0.674001, 0.675176)	                    	Count: 0 (0%)	Total: 1 (50%)
[cartographer_node-1] [0.675176, 0.676350)	                    	Count: 0 (0%)	Total: 1 (50%)
[cartographer_node-1] [0.676350, 0.677524)	                    	Count: 0 (0%)	Total: 1 (50%)
[cartographer_node-1] [0.677524, 0.678698)	                    	Count: 0 (0%)	Total: 1 (50%)
[cartographer_node-1] [0.678698, 0.679873)	                    	Count: 0 (0%)	Total: 1 (50%)
[cartographer_node-1] [0.679873, 0.681047]	          ##########	Count: 1 (50%)	Total: 2 (100%)
[cartographer_node-1] [INFO] [1778748368.209986906] [cartographer logger]: I0514 17:46:08.000000 82616 pose_graph_2d.cc:538] Remaining work items in queue: 1
[cartographer_node-1] [INFO] [1778748368.210033478] [cartographer logger]: I0514 17:46:08.000000 82616 constraint_builder_2d.cc:294] 0 computations resulted in 0 additional constraints.
[cartographer_node-1] [INFO] [1778748368.210143958] [cartographer logger]: I0514 17:46:08.000000 82616 constraint_builder_2d.cc:296] Score histogram:
[cartographer_node-1] Count: 2  Min: 0.669304  Max: 0.681047  Mean: 0.675176
[cartographer_node-1] [0.669304, 0.670478)	          ##########	Count: 1 (50%)	Total: 1 (50%)
[cartographer_node-1] [0.670478, 0.671653)	                    	Count: 0 (0%)	Total: 1 (50%)
[cartographer_node-1] [0.671653, 0.672827)	                    	Count: 0 (0%)	Total: 1 (50%)
[cartographer_node-1] [0.672827, 0.674001)	                    	Count: 0 (0%)	Total: 1 (50%)
[cartographer_node-1] [0.674001, 0.675176)	                    	Count: 0 (0%)	Total: 1 (50%)
[cartographer_node-1] [0.675176, 0.676350)	                    	Count: 0 (0%)	Total: 1 (50%)
[cartographer_node-1] [0.676350, 0.677524)	                    	Count: 0 (0%)	Total: 1 (50%)
[cartographer_node-1] [0.677524, 0.678698)	                    	Count: 0 (0%)	Total: 1 (50%)
[cartographer_node-1] [0.678698, 0.679873)	                    	Count: 0 (0%)	Total: 1 (50%)
[cartographer_node-1] [0.679873, 0.681047]	          ##########	Count: 1 (50%)	Total: 2 (100%)
[cartographer_node-1] [INFO] [1778748368.307619754] [cartographer logger]: I0514 17:46:08.000000 82616 pose_graph_2d.cc:538] Remaining work items in queue: 0
[cartographer_node-1] [INFO] [1778748368.385797874] [cartographer logger]: I0514 17:46:08.000000 82615 constraint_builder_2d.cc:294] 1 computations resulted in 0 additional constraints.
[cartographer_node-1] [INFO] [1778748368.385857453] [cartographer logger]: I0514 17:46:08.000000 82615 constraint_builder_2d.cc:296] Score histogram:
[cartographer_node-1] Count: 2  Min: 0.669304  Max: 0.681047  Mean: 0.675176
[cartographer_node-1] [0.669304, 0.670478)	          ##########	Count: 1 (50%)	Total: 1 (50%)
[cartographer_node-1] [0.670478, 0.671653)	                    	Count: 0 (0%)	Total: 1 (50%)
[cartographer_node-1] [0.671653, 0.672827)	                    	Count: 0 (0%)	Total: 1 (50%)
[cartographer_node-1] [0.672827, 0.674001)	                    	Count: 0 (0%)	Total: 1 (50%)
[cartographer_node-1] [0.674001, 0.675176)	                    	Count: 0 (0%)	Total: 1 (50%)
[cartographer_node-1] [0.675176, 0.676350)	                    	Count: 0 (0%)	Total: 1 (50%)
[cartographer_node-1] [0.676350, 0.677524)	                    	Count: 0 (0%)	Total: 1 (50%)
[cartographer_node-1] [0.677524, 0.678698)	                    	Count: 0 (0%)	Total: 1 (50%)
[cartographer_node-1] [0.678698, 0.679873)	                    	Count: 0 (0%)	Total: 1 (50%)
[cartographer_node-1] [0.679873, 0.681047]	          ##########	Count: 1 (50%)	Total: 2 (100%)
[cartographer_node-1] [INFO] [1778748368.393279069] [cartographer logger]: I0514 17:46:08.000000 82615 pose_graph_2d.cc:538] Remaining work items in queue: 1
[cartographer_node-1] [INFO] [1778748368.393297935] [cartographer logger]: I0514 17:46:08.000000 82615 constraint_builder_2d.cc:294] 0 computations resulted in 0 additional constraints.
[cartographer_node-1] [INFO] [1778748368.393369289] [cartographer logger]: I0514 17:46:08.000000 82615 constraint_builder_2d.cc:296] Score histogram:
[cartographer_node-1] Count: 2  Min: 0.669304  Max: 0.681047  Mean: 0.675176
[cartographer_node-1] [0.669304, 0.670478)	          ##########	Count: 1 (50%)	Total: 1 (50%)
[cartographer_node-1] [0.670478, 0.671653)	                    	Count: 0 (0%)	Total: 1 (50%)
[cartographer_node-1] [0.671653, 0.672827)	                    	Count: 0 (0%)	Total: 1 (50%)
[cartographer_node-1] [0.672827, 0.674001)	                    	Count: 0 (0%)	Total: 1 (50%)
[cartographer_node-1] [0.674001, 0.675176)	                    	Count: 0 (0%)	Total: 1 (50%)
[cartographer_node-1] [0.675176, 0.676350)	                    	Count: 0 (0%)	Total: 1 (50%)
[cartographer_node-1] [0.676350, 0.677524)	                    	Count: 0 (0%)	Total: 1 (50%)
[cartographer_node-1] [0.677524, 0.678698)	                    	Count: 0 (0%)	Total: 1 (50%)
[cartographer_node-1] [0.678698, 0.679873)	                    	Count: 0 (0%)	Total: 1 (50%)
[cartographer_node-1] [0.679873, 0.681047]	          ##########	Count: 1 (50%)	Total: 2 (100%)
[cartographer_node-1] [INFO] [1778748368.439717869] [cartographer logger]: I0514 17:46:08.000000 82616 pose_graph_2d.cc:538] Remaining work items in queue: 1
[cartographer_node-1] [INFO] [1778748368.439740030] [cartographer logger]: I0514 17:46:08.000000 82616 constraint_builder_2d.cc:294] 0 computations resulted in 0 additional constraints.
[cartographer_node-1] [INFO] [1778748368.439946623] [cartographer logger]: I0514 17:46:08.000000 82616 constraint_builder_2d.cc:296] Score histogram:
[cartographer_node-1] Count: 2  Min: 0.669304  Max: 0.681047  Mean: 0.675176
[cartographer_node-1] [0.669304, 0.670478)	          ##########	Count: 1 (50%)	Total: 1 (50%)
[cartographer_node-1] [0.670478, 0.671653)	                    	Count: 0 (0%)	Total: 1 (50%)
[cartographer_node-1] [0.671653, 0.672827)	                    	Count: 0 (0%)	Total: 1 (50%)
[cartographer_node-1] [0.672827, 0.674001)	                    	Count: 0 (0%)	Total: 1 (50%)
[cartographer_node-1] [0.674001, 0.675176)	                    	Count: 0 (0%)	Total: 1 (50%)
[cartographer_node-1] [0.675176, 0.676350)	                    	Count: 0 (0%)	Total: 1 (50%)
[cartographer_node-1] [0.676350, 0.677524)	                    	Count: 0 (0%)	Total: 1 (50%)
[cartographer_node-1] [0.677524, 0.678698)	                    	Count: 0 (0%)	Total: 1 (50%)
[cartographer_node-1] [0.678698, 0.679873)	                    	Count: 0 (0%)	Total: 1 (50%)
[cartographer_node-1] [0.679873, 0.681047]	          ##########	Count: 1 (50%)	Total: 2 (100%)
[cartographer_node-1] [INFO] [1778748368.530945992] [cartographer logger]: I0514 17:46:08.000000 82613 pose_graph_2d.cc:538] Remaining work items in queue: 0
[cartographer_node-1] [INFO] [1778748368.530969794] [cartographer logger]: I0514 17:46:08.000000 82613 constraint_builder_2d.cc:294] 0 computations resulted in 0 additional constraints.
[cartographer_node-1] [INFO] [1778748368.531100651] [cartographer logger]: I0514 17:46:08.000000 82613 constraint_builder_2d.cc:296] Score histogram:
[cartographer_node-1] Count: 2  Min: 0.669304  Max: 0.681047  Mean: 0.675176
[cartographer_node-1] [0.669304, 0.670478)	          ##########	Count: 1 (50%)	Total: 1 (50%)
[cartographer_node-1] [0.670478, 0.671653)	                    	Count: 0 (0%)	Total: 1 (50%)
[cartographer_node-1] [0.671653, 0.672827)	                    	Count: 0 (0%)	Total: 1 (50%)
[cartographer_node-1] [0.672827, 0.674001)	                    	Count: 0 (0%)	Total: 1 (50%)
[cartographer_node-1] [0.674001, 0.675176)	                    	Count: 0 (0%)	Total: 1 (50%)
[cartographer_node-1] [0.675176, 0.676350)	                    	Count: 0 (0%)	Total: 1 (50%)
[cartographer_node-1] [0.676350, 0.677524)	                    	Count: 0 (0%)	Total: 1 (50%)
[cartographer_node-1] [0.677524, 0.678698)	                    	Count: 0 (0%)	Total: 1 (50%)
[cartographer_node-1] [0.678698, 0.679873)	                    	Count: 0 (0%)	Total: 1 (50%)
[cartographer_node-1] [0.679873, 0.681047]	          ##########	Count: 1 (50%)	Total: 2 (100%)
[cartographer_node-1] [INFO] [1778748368.588067599] [cartographer logger]: I0514 17:46:08.000000 82614 pose_graph_2d.cc:538] Remaining work items in queue: 2
[cartographer_node-1] [INFO] [1778748368.588091990] [cartographer logger]: I0514 17:46:08.000000 82614 constraint_builder_2d.cc:294] 0 computations resulted in 0 additional constraints.
[cartographer_node-1] [INFO] [1778748368.588252504] [cartographer logger]: I0514 17:46:08.000000 82614 constraint_builder_2d.cc:296] Score histogram:
[cartographer_node-1] Count: 2  Min: 0.669304  Max: 0.681047  Mean: 0.675176
[cartographer_node-1] [0.669304, 0.670478)	          ##########	Count: 1 (50%)	Total: 1 (50%)
[cartographer_node-1] [0.670478, 0.671653)	                    	Count: 0 (0%)	Total: 1 (50%)
[cartographer_node-1] [0.671653, 0.672827)	                    	Count: 0 (0%)	Total: 1 (50%)
[cartographer_node-1] [0.672827, 0.674001)	                    	Count: 0 (0%)	Total: 1 (50%)
[cartographer_node-1] [0.674001, 0.675176)	                    	Count: 0 (0%)	Total: 1 (50%)
[cartographer_node-1] [0.675176, 0.676350)	                    	Count: 0 (0%)	Total: 1 (50%)
[cartographer_node-1] [0.676350, 0.677524)	                    	Count: 0 (0%)	Total: 1 (50%)
[cartographer_node-1] [0.677524, 0.678698)	                    	Count: 0 (0%)	Total: 1 (50%)
[cartographer_node-1] [0.678698, 0.679873)	                    	Count: 0 (0%)	Total: 1 (50%)
[cartographer_node-1] [0.679873, 0.681047]	          ##########	Count: 1 (50%)	Total: 2 (100%)
[cartographer_node-1] [INFO] [1778748368.670841908] [cartographer logger]: I0514 17:46:08.000000 82616 pose_graph_2d.cc:538] Remaining work items in queue: 0
[cartographer_node-1] [INFO] [1778748368.690040761] [cartographer logger]: I0514 17:46:08.000000 82614 constraint_builder_2d.cc:279] Node (1, 85) with 165 points on submap (0, 10) matches with score 58.2%.
[cartographer_node-1] [INFO] [1778748368.690068167] [cartographer logger]: I0514 17:46:08.000000 82614 constraint_builder_2d.cc:294] 1 computations resulted in 1 additional constraints.
[cartographer_node-1] [INFO] [1778748368.690085459] [cartographer logger]: I0514 17:46:08.000000 82614 constraint_builder_2d.cc:296] Score histogram:
[cartographer_node-1] Count: 3  Min: 0.581939  Max: 0.681047  Mean: 0.644097
[cartographer_node-1] [0.581939, 0.591850)	             #######	Count: 1 (33.3333%)	Total: 1 (33.3333%)
[cartographer_node-1] [0.591850, 0.601761)	                    	Count: 0 (0%)	Total: 1 (33.3333%)
[cartographer_node-1] [0.601761, 0.611672)	                    	Count: 0 (0%)	Total: 1 (33.3333%)
[cartographer_node-1] [0.611672, 0.621582)	                    	Count: 0 (0%)	Total: 1 (33.3333%)
[cartographer_node-1] [0.621582, 0.631493)	                    	Count: 0 (0%)	Total: 1 (33.3333%)
[cartographer_node-1] [0.631493, 0.641404)	                    	Count: 0 (0%)	Total: 1 (33.3333%)
[cartographer_node-1] [0.641404, 0.651315)	                    	Count: 0 (0%)	Total: 1 (33.3333%)
[cartographer_node-1] [0.651315, 0.661225)	                    	Count: 0 (0%)	Total: 1 (33.3333%)
[cartographer_node-1] [0.661225, 0.671136)	             #######	Count: 1 (33.3333%)	Total: 2 (66.6667%)
[cartographer_node-1] [0.671136, 0.681047]	             #######	Count: 1 (33.3333%)	Total: 3 (100%)
[cartographer_node-1] [INFO] [1778748368.737676261] [cartographer logger]: I0514 17:46:08.000000 82613 pose_graph_2d.cc:538] Remaining work items in queue: 1
[cartographer_node-1] [INFO] [1778748368.737696796] [cartographer logger]: I0514 17:46:08.000000 82613 constraint_builder_2d.cc:294] 0 computations resulted in 0 additional constraints.
[cartographer_node-1] [INFO] [1778748368.737921244] [cartographer logger]: I0514 17:46:08.000000 82613 constraint_builder_2d.cc:296] Score histogram:
[cartographer_node-1] Count: 3  Min: 0.581939  Max: 0.681047  Mean: 0.644097
[cartographer_node-1] [0.581939, 0.591850)	             #######	Count: 1 (33.3333%)	Total: 1 (33.3333%)
[cartographer_node-1] [0.591850, 0.601761)	                    	Count: 0 (0%)	Total: 1 (33.3333%)
[cartographer_node-1] [0.601761, 0.611672)	                    	Count: 0 (0%)	Total: 1 (33.3333%)
[cartographer_node-1] [0.611672, 0.621582)	                    	Count: 0 (0%)	Total: 1 (33.3333%)
[cartographer_node-1] [0.621582, 0.631493)	                    	Count: 0 (0%)	Total: 1 (33.3333%)
[cartographer_node-1] [0.631493, 0.641404)	                    	Count: 0 (0%)	Total: 1 (33.3333%)
[cartographer_node-1] [0.641404, 0.651315)	                    	Count: 0 (0%)	Total: 1 (33.3333%)
[cartographer_node-1] [0.651315, 0.661225)	                    	Count: 0 (0%)	Total: 1 (33.3333%)
[cartographer_node-1] [0.661225, 0.671136)	             #######	Count: 1 (33.3333%)	Total: 2 (66.6667%)
[cartographer_node-1] [0.671136, 0.681047]	             #######	Count: 1 (33.3333%)	Total: 3 (100%)
[cartographer_node-1] [INFO] [1778748368.818068364] [cartographer logger]: I0514 17:46:08.000000 82574 pose_graph_2d.cc:148] Inserted submap (1, 1).
[cartographer_node-1] [INFO] [1778748368.888779238] [cartographer logger]: I0514 17:46:08.000000 82615 pose_graph_2d.cc:538] Remaining work items in queue: 1
[cartographer_node-1] [INFO] [1778748368.888847385] [cartographer logger]: I0514 17:46:08.000000 82615 constraint_builder_2d.cc:294] 0 computations resulted in 0 additional constraints.
[cartographer_node-1] [INFO] [1778748368.889013910] [cartographer logger]: I0514 17:46:08.000000 82615 constraint_builder_2d.cc:296] Score histogram:
[cartographer_node-1] Count: 3  Min: 0.581939  Max: 0.681047  Mean: 0.644097
[cartographer_node-1] [0.581939, 0.591850)	             #######	Count: 1 (33.3333%)	Total: 1 (33.3333%)
[cartographer_node-1] [0.591850, 0.601761)	                    	Count: 0 (0%)	Total: 1 (33.3333%)
[cartographer_node-1] [0.601761, 0.611672)	                    	Count: 0 (0%)	Total: 1 (33.3333%)
[cartographer_node-1] [0.611672, 0.621582)	                    	Count: 0 (0%)	Total: 1 (33.3333%)
[cartographer_node-1] [0.621582, 0.631493)	                    	Count: 0 (0%)	Total: 1 (33.3333%)
[cartographer_node-1] [0.631493, 0.641404)	                    	Count: 0 (0%)	Total: 1 (33.3333%)
[cartographer_node-1] [0.641404, 0.651315)	                    	Count: 0 (0%)	Total: 1 (33.3333%)
[cartographer_node-1] [0.651315, 0.661225)	                    	Count: 0 (0%)	Total: 1 (33.3333%)
[cartographer_node-1] [0.661225, 0.671136)	             #######	Count: 1 (33.3333%)	Total: 2 (66.6667%)
[cartographer_node-1] [0.671136, 0.681047]	             #######	Count: 1 (33.3333%)	Total: 3 (100%)
[cartographer_node-1] [INFO] [1778748368.905772881] [cartographer logger]: I0514 17:46:08.000000 82574 collated_trajectory_builder.cc:81] imu rate: 41.23 Hz 2.43e-02 s +/- 8.35e-03 s (pulsed at 99.68% real time)
[cartographer_node-1] [INFO] [1778748368.905796463] [cartographer logger]: I0514 17:46:08.000000 82574 collated_trajectory_builder.cc:81] odom_wheel rate: 41.06 Hz 2.44e-02 s +/- 8.30e-03 s (pulsed at 99.97% real time)
[cartographer_node-1] [INFO] [1778748368.905807601] [cartographer logger]: I0514 17:46:08.000000 82574 collated_trajectory_builder.cc:81] scan rate: 39.93 Hz 2.50e-02 s +/- 4.98e-03 s (pulsed at 99.51% real time)
[cartographer_node-1] [INFO] [1778748368.996293160] [cartographer logger]: I0514 17:46:08.000000 82615 pose_graph_2d.cc:538] Remaining work items in queue: 0
[cartographer_node-1] [INFO] [1778748368.996396990] [cartographer logger]: I0514 17:46:08.000000 82615 constraint_builder_2d.cc:294] 0 computations resulted in 0 additional constraints.
[cartographer_node-1] [INFO] [1778748368.996856130] [cartographer logger]: I0514 17:46:08.000000 82615 constraint_builder_2d.cc:296] Score histogram:
[cartographer_node-1] Count: 3  Min: 0.581939  Max: 0.681047  Mean: 0.644097
[cartographer_node-1] [0.581939, 0.591850)	             #######	Count: 1 (33.3333%)	Total: 1 (33.3333%)
[cartographer_node-1] [0.591850, 0.601761)	                    	Count: 0 (0%)	Total: 1 (33.3333%)
[cartographer_node-1] [0.601761, 0.611672)	                    	Count: 0 (0%)	Total: 1 (33.3333%)
[cartographer_node-1] [0.611672, 0.621582)	                    	Count: 0 (0%)	Total: 1 (33.3333%)
[cartographer_node-1] [0.621582, 0.631493)	                    	Count: 0 (0%)	Total: 1 (33.3333%)
[cartographer_node-1] [0.631493, 0.641404)	                    	Count: 0 (0%)	Total: 1 (33.3333%)
[cartographer_node-1] [0.641404, 0.651315)	                    	Count: 0 (0%)	Total: 1 (33.3333%)
[cartographer_node-1] [0.651315, 0.661225)	                    	Count: 0 (0%)	Total: 1 (33.3333%)
[cartographer_node-1] [0.661225, 0.671136)	             #######	Count: 1 (33.3333%)	Total: 2 (66.6667%)
[cartographer_node-1] [0.671136, 0.681047]	             #######	Count: 1 (33.3333%)	Total: 3 (100%)
[cartographer_node-1] [INFO] [1778748369.031671034] [cartographer logger]: I0514 17:46:09.000000 82615 pose_graph_2d.cc:538] Remaining work items in queue: 1
[cartographer_node-1] [INFO] [1778748369.031725130] [cartographer logger]: I0514 17:46:09.000000 82616 constraint_builder_2d.cc:294] 0 computations resulted in 0 additional constraints.
[cartographer_node-1] [INFO] [1778748369.032013158] [cartographer logger]: I0514 17:46:09.000000 82616 constraint_builder_2d.cc:296] Score histogram:
[cartographer_node-1] Count: 3  Min: 0.581939  Max: 0.681047  Mean: 0.644097
[cartographer_node-1] [0.581939, 0.591850)	             #######	Count: 1 (33.3333%)	Total: 1 (33.3333%)
[cartographer_node-1] [0.591850, 0.601761)	                    	Count: 0 (0%)	Total: 1 (33.3333%)
[cartographer_node-1] [0.601761, 0.611672)	                    	Count: 0 (0%)	Total: 1 (33.3333%)
[cartographer_node-1] [0.611672, 0.621582)	                    	Count: 0 (0%)	Total: 1 (33.3333%)
[cartographer_node-1] [0.621582, 0.631493)	                    	Count: 0 (0%)	Total: 1 (33.3333%)
[cartographer_node-1] [0.631493, 0.641404)	                    	Count: 0 (0%)	Total: 1 (33.3333%)
[cartographer_node-1] [0.641404, 0.651315)	                    	Count: 0 (0%)	Total: 1 (33.3333%)
[cartographer_node-1] [0.651315, 0.661225)	                    	Count: 0 (0%)	Total: 1 (33.3333%)
[cartographer_node-1] [0.661225, 0.671136)	             #######	Count: 1 (33.3333%)	Total: 2 (66.6667%)
[cartographer_node-1] [0.671136, 0.681047]	             #######	Count: 1 (33.3333%)	Total: 3 (100%)
[cartographer_node-1] [INFO] [1778748369.105647993] [cartographer logger]: I0514 17:46:09.000000 82613 pose_graph_2d.cc:538] Remaining work items in queue: 1
[cartographer_node-1] [INFO] [1778748369.116721389] [cartographer logger]: I0514 17:46:09.000000 82615 constraint_builder_2d.cc:294] 1 computations resulted in 0 additional constraints.
[cartographer_node-1] [INFO] [1778748369.116750144] [cartographer logger]: I0514 17:46:09.000000 82615 constraint_builder_2d.cc:296] Score histogram:
[cartographer_node-1] Count: 3  Min: 0.581939  Max: 0.681047  Mean: 0.644097
[cartographer_node-1] [0.581939, 0.591850)	             #######	Count: 1 (33.3333%)	Total: 1 (33.3333%)
[cartographer_node-1] [0.591850, 0.601761)	                    	Count: 0 (0%)	Total: 1 (33.3333%)
[cartographer_node-1] [0.601761, 0.611672)	                    	Count: 0 (0%)	Total: 1 (33.3333%)
[cartographer_node-1] [0.611672, 0.621582)	                    	Count: 0 (0%)	Total: 1 (33.3333%)
[cartographer_node-1] [0.621582, 0.631493)	                    	Count: 0 (0%)	Total: 1 (33.3333%)
[cartographer_node-1] [0.631493, 0.641404)	                    	Count: 0 (0%)	Total: 1 (33.3333%)
[cartographer_node-1] [0.641404, 0.651315)	                    	Count: 0 (0%)	Total: 1 (33.3333%)
[cartographer_node-1] [0.651315, 0.661225)	                    	Count: 0 (0%)	Total: 1 (33.3333%)
[cartographer_node-1] [0.661225, 0.671136)	             #######	Count: 1 (33.3333%)	Total: 2 (66.6667%)
[cartographer_node-1] [0.671136, 0.681047]	             #######	Count: 1 (33.3333%)	Total: 3 (100%)
[cartographer_node-1] [INFO] [1778748369.190339121] [cartographer logger]: I0514 17:46:09.000000 82616 pose_graph_2d.cc:538] Remaining work items in queue: 1
[cartographer_node-1] [INFO] [1778748369.190382690] [cartographer logger]: I0514 17:46:09.000000 82616 constraint_builder_2d.cc:294] 0 computations resulted in 0 additional constraints.
[cartographer_node-1] [INFO] [1778748369.190435807] [cartographer logger]: I0514 17:46:09.000000 82616 constraint_builder_2d.cc:296] Score histogram:
[cartographer_node-1] Count: 3  Min: 0.581939  Max: 0.681047  Mean: 0.644097
[cartographer_node-1] [0.581939, 0.591850)	             #######	Count: 1 (33.3333%)	Total: 1 (33.3333%)
[cartographer_node-1] [0.591850, 0.601761)	                    	Count: 0 (0%)	Total: 1 (33.3333%)
[cartographer_node-1] [0.601761, 0.611672)	                    	Count: 0 (0%)	Total: 1 (33.3333%)
[cartographer_node-1] [0.611672, 0.621582)	                    	Count: 0 (0%)	Total: 1 (33.3333%)
[cartographer_node-1] [0.621582, 0.631493)	                    	Count: 0 (0%)	Total: 1 (33.3333%)
[cartographer_node-1] [0.631493, 0.641404)	                    	Count: 0 (0%)	Total: 1 (33.3333%)
[cartographer_node-1] [0.641404, 0.651315)	                    	Count: 0 (0%)	Total: 1 (33.3333%)
[cartographer_node-1] [0.651315, 0.661225)	                    	Count: 0 (0%)	Total: 1 (33.3333%)
[cartographer_node-1] [0.661225, 0.671136)	             #######	Count: 1 (33.3333%)	Total: 2 (66.6667%)
[cartographer_node-1] [0.671136, 0.681047]	             #######	Count: 1 (33.3333%)	Total: 3 (100%)
[cartographer_node-1] [INFO] [1778748369.283477759] [cartographer logger]: I0514 17:46:09.000000 82616 pose_graph_2d.cc:538] Remaining work items in queue: 1
[cartographer_node-1] [INFO] [1778748369.283505379] [cartographer logger]: I0514 17:46:09.000000 82616 constraint_builder_2d.cc:294] 0 computations resulted in 0 additional constraints.
[cartographer_node-1] [INFO] [1778748369.283523517] [cartographer logger]: I0514 17:46:09.000000 82616 constraint_builder_2d.cc:296] Score histogram:
[cartographer_node-1] Count: 3  Min: 0.581939  Max: 0.681047  Mean: 0.644097
[cartographer_node-1] [0.581939, 0.591850)	             #######	Count: 1 (33.3333%)	Total: 1 (33.3333%)
[cartographer_node-1] [0.591850, 0.601761)	                    	Count: 0 (0%)	Total: 1 (33.3333%)
[cartographer_node-1] [0.601761, 0.611672)	                    	Count: 0 (0%)	Total: 1 (33.3333%)
[cartographer_node-1] [0.611672, 0.621582)	                    	Count: 0 (0%)	Total: 1 (33.3333%)
[cartographer_node-1] [0.621582, 0.631493)	                    	Count: 0 (0%)	Total: 1 (33.3333%)
[cartographer_node-1] [0.631493, 0.641404)	                    	Count: 0 (0%)	Total: 1 (33.3333%)
[cartographer_node-1] [0.641404, 0.651315)	                    	Count: 0 (0%)	Total: 1 (33.3333%)
[cartographer_node-1] [0.651315, 0.661225)	                    	Count: 0 (0%)	Total: 1 (33.3333%)
[cartographer_node-1] [0.661225, 0.671136)	             #######	Count: 1 (33.3333%)	Total: 2 (66.6667%)
[cartographer_node-1] [0.671136, 0.681047]	             #######	Count: 1 (33.3333%)	Total: 3 (100%)
[cartographer_node-1] [INFO] [1778748369.332405159] [cartographer logger]: I0514 17:46:09.000000 82615 pose_graph_2d.cc:538] Remaining work items in queue: 1
[cartographer_node-1] [INFO] [1778748369.332427707] [cartographer logger]: I0514 17:46:09.000000 82615 constraint_builder_2d.cc:294] 0 computations resulted in 0 additional constraints.
[cartographer_node-1] [INFO] [1778748369.332713861] [cartographer logger]: I0514 17:46:09.000000 82615 constraint_builder_2d.cc:296] Score histogram:
[cartographer_node-1] Count: 3  Min: 0.581939  Max: 0.681047  Mean: 0.644097
[cartographer_node-1] [0.581939, 0.591850)	             #######	Count: 1 (33.3333%)	Total: 1 (33.3333%)
[cartographer_node-1] [0.591850, 0.601761)	                    	Count: 0 (0%)	Total: 1 (33.3333%)
[cartographer_node-1] [0.601761, 0.611672)	                    	Count: 0 (0%)	Total: 1 (33.3333%)
[cartographer_node-1] [0.611672, 0.621582)	                    	Count: 0 (0%)	Total: 1 (33.3333%)
[cartographer_node-1] [0.621582, 0.631493)	                    	Count: 0 (0%)	Total: 1 (33.3333%)
[cartographer_node-1] [0.631493, 0.641404)	                    	Count: 0 (0%)	Total: 1 (33.3333%)
[cartographer_node-1] [0.641404, 0.651315)	                    	Count: 0 (0%)	Total: 1 (33.3333%)
[cartographer_node-1] [0.651315, 0.661225)	                    	Count: 0 (0%)	Total: 1 (33.3333%)
[cartographer_node-1] [0.661225, 0.671136)	             #######	Count: 1 (33.3333%)	Total: 2 (66.6667%)
[cartographer_node-1] [0.671136, 0.681047]	             #######	Count: 1 (33.3333%)	Total: 3 (100%)
[cartographer_node-1] [INFO] [1778748369.406982880] [cartographer logger]: I0514 17:46:09.000000 82614 pose_graph_2d.cc:538] Remaining work items in queue: 0
[cartographer_node-1] [INFO] [1778748369.407004143] [cartographer logger]: I0514 17:46:09.000000 82614 constraint_builder_2d.cc:294] 0 computations resulted in 0 additional constraints.
[cartographer_node-1] [INFO] [1778748369.407032697] [cartographer logger]: I0514 17:46:09.000000 82614 constraint_builder_2d.cc:296] Score histogram:
[cartographer_node-1] Count: 3  Min: 0.581939  Max: 0.681047  Mean: 0.644097
[cartographer_node-1] [0.581939, 0.591850)	             #######	Count: 1 (33.3333%)	Total: 1 (33.3333%)
[cartographer_node-1] [0.591850, 0.601761)	                    	Count: 0 (0%)	Total: 1 (33.3333%)
[cartographer_node-1] [0.601761, 0.611672)	                    	Count: 0 (0%)	Total: 1 (33.3333%)
[cartographer_node-1] [0.611672, 0.621582)	                    	Count: 0 (0%)	Total: 1 (33.3333%)
[cartographer_node-1] [0.621582, 0.631493)	                    	Count: 0 (0%)	Total: 1 (33.3333%)
[cartographer_node-1] [0.631493, 0.641404)	                    	Count: 0 (0%)	Total: 1 (33.3333%)
[cartographer_node-1] [0.641404, 0.651315)	                    	Count: 0 (0%)	Total: 1 (33.3333%)
[cartographer_node-1] [0.651315, 0.661225)	                    	Count: 0 (0%)	Total: 1 (33.3333%)
[cartographer_node-1] [0.661225, 0.671136)	             #######	Count: 1 (33.3333%)	Total: 2 (66.6667%)
[cartographer_node-1] [0.671136, 0.681047]	             #######	Count: 1 (33.3333%)	Total: 3 (100%)
[cartographer_node-1] [INFO] [1778748369.469333767] [cartographer logger]: I0514 17:46:09.000000 82615 constraint_builder_2d.cc:279] Node (1, 114) with 172 points on submap (0, 4) matches with score 61.1%.
[cartographer_node-1] [INFO] [1778748369.492765943] [cartographer logger]: I0514 17:46:09.000000 82615 pose_graph_2d.cc:538] Remaining work items in queue: 1
[cartographer_node-1] [INFO] [1778748369.492810989] [cartographer logger]: I0514 17:46:09.000000 82615 constraint_builder_2d.cc:294] 1 computations resulted in 1 additional constraints.
[cartographer_node-1] [INFO] [1778748369.492833356] [cartographer logger]: I0514 17:46:09.000000 82615 constraint_builder_2d.cc:296] Score histogram:
[cartographer_node-1] Count: 4  Min: 0.581939  Max: 0.681047  Mean: 0.635797
[cartographer_node-1] [0.581939, 0.591850)	               #####	Count: 1 (25%)	Total: 1 (25%)
[cartographer_node-1] [0.591850, 0.601761)	                    	Count: 0 (0%)	Total: 1 (25%)
[cartographer_node-1] [0.601761, 0.611672)	               #####	Count: 1 (25%)	Total: 2 (50%)
[cartographer_node-1] [0.611672, 0.621582)	                    	Count: 0 (0%)	Total: 2 (50%)
[cartographer_node-1] [0.621582, 0.631493)	                    	Count: 0 (0%)	Total: 2 (50%)
[cartographer_node-1] [0.631493, 0.641404)	                    	Count: 0 (0%)	Total: 2 (50%)
[cartographer_node-1] [0.641404, 0.651315)	                    	Count: 0 (0%)	Total: 2 (50%)
[cartographer_node-1] [0.651315, 0.661225)	                    	Count: 0 (0%)	Total: 2 (50%)
[cartographer_node-1] [0.661225, 0.671136)	               #####	Count: 1 (25%)	Total: 3 (75%)
[cartographer_node-1] [0.671136, 0.681047]	               #####	Count: 1 (25%)	Total: 4 (100%)
[cartographer_node-1] [INFO] [1778748369.585960540] [cartographer logger]: I0514 17:46:09.000000 82614 pose_graph_2d.cc:538] Remaining work items in queue: 0
[cartographer_node-1] [INFO] [1778748369.585982146] [cartographer logger]: I0514 17:46:09.000000 82614 constraint_builder_2d.cc:294] 0 computations resulted in 0 additional constraints.
[cartographer_node-1] [INFO] [1778748369.586274324] [cartographer logger]: I0514 17:46:09.000000 82614 constraint_builder_2d.cc:296] Score histogram:
[cartographer_node-1] Count: 4  Min: 0.581939  Max: 0.681047  Mean: 0.635797
[cartographer_node-1] [0.581939, 0.591850)	               #####	Count: 1 (25%)	Total: 1 (25%)
[cartographer_node-1] [0.591850, 0.601761)	                    	Count: 0 (0%)	Total: 1 (25%)
[cartographer_node-1] [0.601761, 0.611672)	               #####	Count: 1 (25%)	Total: 2 (50%)
[cartographer_node-1] [0.611672, 0.621582)	                    	Count: 0 (0%)	Total: 2 (50%)
[cartographer_node-1] [0.621582, 0.631493)	                    	Count: 0 (0%)	Total: 2 (50%)
[cartographer_node-1] [0.631493, 0.641404)	                    	Count: 0 (0%)	Total: 2 (50%)
[cartographer_node-1] [0.641404, 0.651315)	                    	Count: 0 (0%)	Total: 2 (50%)
[cartographer_node-1] [0.651315, 0.661225)	                    	Count: 0 (0%)	Total: 2 (50%)
[cartographer_node-1] [0.661225, 0.671136)	               #####	Count: 1 (25%)	Total: 3 (75%)
[cartographer_node-1] [0.671136, 0.681047]	               #####	Count: 1 (25%)	Total: 4 (100%)
[cartographer_node-1] [INFO] [1778748369.634659131] [cartographer logger]: I0514 17:46:09.000000 82616 pose_graph_2d.cc:538] Remaining work items in queue: 1
[cartographer_node-1] [INFO] [1778748369.634703578] [cartographer logger]: I0514 17:46:09.000000 82616 constraint_builder_2d.cc:294] 0 computations resulted in 0 additional constraints.
[cartographer_node-1] [INFO] [1778748369.634891746] [cartographer logger]: I0514 17:46:09.000000 82616 constraint_builder_2d.cc:296] Score histogram:
[cartographer_node-1] Count: 4  Min: 0.581939  Max: 0.681047  Mean: 0.635797
[cartographer_node-1] [0.581939, 0.591850)	               #####	Count: 1 (25%)	Total: 1 (25%)
[cartographer_node-1] [0.591850, 0.601761)	                    	Count: 0 (0%)	Total: 1 (25%)
[cartographer_node-1] [0.601761, 0.611672)	               #####	Count: 1 (25%)	Total: 2 (50%)
[cartographer_node-1] [0.611672, 0.621582)	                    	Count: 0 (0%)	Total: 2 (50%)
[cartographer_node-1] [0.621582, 0.631493)	                    	Count: 0 (0%)	Total: 2 (50%)
[cartographer_node-1] [0.631493, 0.641404)	                    	Count: 0 (0%)	Total: 2 (50%)
[cartographer_node-1] [0.641404, 0.651315)	                    	Count: 0 (0%)	Total: 2 (50%)
[cartographer_node-1] [0.651315, 0.661225)	                    	Count: 0 (0%)	Total: 2 (50%)
[cartographer_node-1] [0.661225, 0.671136)	               #####	Count: 1 (25%)	Total: 3 (75%)
[cartographer_node-1] [0.671136, 0.681047]	               #####	Count: 1 (25%)	Total: 4 (100%)
[cartographer_node-1] [INFO] [1778748369.708863871] [cartographer logger]: I0514 17:46:09.000000 82616 pose_graph_2d.cc:538] Remaining work items in queue: 1
[cartographer_node-1] [INFO] [1778748369.708900332] [cartographer logger]: I0514 17:46:09.000000 82616 constraint_builder_2d.cc:294] 0 computations resulted in 0 additional constraints.
[cartographer_node-1] [INFO] [1778748369.709116218] [cartographer logger]: I0514 17:46:09.000000 82616 constraint_builder_2d.cc:296] Score histogram:
[cartographer_node-1] Count: 4  Min: 0.581939  Max: 0.681047  Mean: 0.635797
[cartographer_node-1] [0.581939, 0.591850)	               #####	Count: 1 (25%)	Total: 1 (25%)
[cartographer_node-1] [0.591850, 0.601761)	                    	Count: 0 (0%)	Total: 1 (25%)
[cartographer_node-1] [0.601761, 0.611672)	               #####	Count: 1 (25%)	Total: 2 (50%)
[cartographer_node-1] [0.611672, 0.621582)	                    	Count: 0 (0%)	Total: 2 (50%)
[cartographer_node-1] [0.621582, 0.631493)	                    	Count: 0 (0%)	Total: 2 (50%)
[cartographer_node-1] [0.631493, 0.641404)	                    	Count: 0 (0%)	Total: 2 (50%)
[cartographer_node-1] [0.641404, 0.651315)	                    	Count: 0 (0%)	Total: 2 (50%)
[cartographer_node-1] [0.651315, 0.661225)	                    	Count: 0 (0%)	Total: 2 (50%)
[cartographer_node-1] [0.661225, 0.671136)	               #####	Count: 1 (25%)	Total: 3 (75%)
[cartographer_node-1] [0.671136, 0.681047]	               #####	Count: 1 (25%)	Total: 4 (100%)
[cartographer_node-1] [INFO] [1778748369.783766867] [cartographer logger]: I0514 17:46:09.000000 82616 pose_graph_2d.cc:538] Remaining work items in queue: 1
[cartographer_node-1] [INFO] [1778748369.806631703] [cartographer logger]: I0514 17:46:09.000000 82616 constraint_builder_2d.cc:294] 1 computations resulted in 0 additional constraints.
[cartographer_node-1] [INFO] [1778748369.806659352] [cartographer logger]: I0514 17:46:09.000000 82616 constraint_builder_2d.cc:296] Score histogram:
[cartographer_node-1] Count: 4  Min: 0.581939  Max: 0.681047  Mean: 0.635797
[cartographer_node-1] [0.581939, 0.591850)	               #####	Count: 1 (25%)	Total: 1 (25%)
[cartographer_node-1] [0.591850, 0.601761)	                    	Count: 0 (0%)	Total: 1 (25%)
[cartographer_node-1] [0.601761, 0.611672)	               #####	Count: 1 (25%)	Total: 2 (50%)
[cartographer_node-1] [0.611672, 0.621582)	                    	Count: 0 (0%)	Total: 2 (50%)
[cartographer_node-1] [0.621582, 0.631493)	                    	Count: 0 (0%)	Total: 2 (50%)
[cartographer_node-1] [0.631493, 0.641404)	                    	Count: 0 (0%)	Total: 2 (50%)
[cartographer_node-1] [0.641404, 0.651315)	                    	Count: 0 (0%)	Total: 2 (50%)
[cartographer_node-1] [0.651315, 0.661225)	                    	Count: 0 (0%)	Total: 2 (50%)
[cartographer_node-1] [0.661225, 0.671136)	               #####	Count: 1 (25%)	Total: 3 (75%)
[cartographer_node-1] [0.671136, 0.681047]	               #####	Count: 1 (25%)	Total: 4 (100%)
[cartographer_node-1] [INFO] [1778748369.982565602] [cartographer logger]: I0514 17:46:09.000000 82615 pose_graph_2d.cc:538] Remaining work items in queue: 0
[cartographer_node-1] [INFO] [1778748369.982586699] [cartographer logger]: I0514 17:46:09.000000 82615 constraint_builder_2d.cc:294] 0 computations resulted in 0 additional constraints.
[cartographer_node-1] [INFO] [1778748369.982860710] [cartographer logger]: I0514 17:46:09.000000 82615 constraint_builder_2d.cc:296] Score histogram:
[cartographer_node-1] Count: 4  Min: 0.581939  Max: 0.681047  Mean: 0.635797
[cartographer_node-1] [0.581939, 0.591850)	               #####	Count: 1 (25%)	Total: 1 (25%)
[cartographer_node-1] [0.591850, 0.601761)	                    	Count: 0 (0%)	Total: 1 (25%)
[cartographer_node-1] [0.601761, 0.611672)	               #####	Count: 1 (25%)	Total: 2 (50%)
[cartographer_node-1] [0.611672, 0.621582)	                    	Count: 0 (0%)	Total: 2 (50%)
[cartographer_node-1] [0.621582, 0.631493)	                    	Count: 0 (0%)	Total: 2 (50%)
[cartographer_node-1] [0.631493, 0.641404)	                    	Count: 0 (0%)	Total: 2 (50%)
[cartographer_node-1] [0.641404, 0.651315)	                    	Count: 0 (0%)	Total: 2 (50%)
[cartographer_node-1] [0.651315, 0.661225)	                    	Count: 0 (0%)	Total: 2 (50%)
[cartographer_node-1] [0.661225, 0.671136)	               #####	Count: 1 (25%)	Total: 3 (75%)
[cartographer_node-1] [0.671136, 0.681047]	               #####	Count: 1 (25%)	Total: 4 (100%)
[cartographer_node-1] [INFO] [1778748370.073466766] [cartographer logger]: I0514 17:46:10.000000 82615 pose_graph_2d.cc:538] Remaining work items in queue: 0
[cartographer_node-1] [INFO] [1778748370.073559254] [cartographer logger]: I0514 17:46:10.000000 82615 constraint_builder_2d.cc:294] 0 computations resulted in 0 additional constraints.
[cartographer_node-1] [INFO] [1778748370.074011319] [cartographer logger]: I0514 17:46:10.000000 82615 constraint_builder_2d.cc:296] Score histogram:
[cartographer_node-1] Count: 4  Min: 0.581939  Max: 0.681047  Mean: 0.635797
[cartographer_node-1] [0.581939, 0.591850)	               #####	Count: 1 (25%)	Total: 1 (25%)
[cartographer_node-1] [0.591850, 0.601761)	                    	Count: 0 (0%)	Total: 1 (25%)
[cartographer_node-1] [0.601761, 0.611672)	               #####	Count: 1 (25%)	Total: 2 (50%)
[cartographer_node-1] [0.611672, 0.621582)	                    	Count: 0 (0%)	Total: 2 (50%)
[cartographer_node-1] [0.621582, 0.631493)	                    	Count: 0 (0%)	Total: 2 (50%)
[cartographer_node-1] [0.631493, 0.641404)	                    	Count: 0 (0%)	Total: 2 (50%)
[cartographer_node-1] [0.641404, 0.651315)	                    	Count: 0 (0%)	Total: 2 (50%)
[cartographer_node-1] [0.651315, 0.661225)	                    	Count: 0 (0%)	Total: 2 (50%)
[cartographer_node-1] [0.661225, 0.671136)	               #####	Count: 1 (25%)	Total: 3 (75%)
[cartographer_node-1] [0.671136, 0.681047]	               #####	Count: 1 (25%)	Total: 4 (100%)
[cartographer_node-1] [INFO] [1778748370.154064566] [cartographer logger]: I0514 17:46:10.000000 82615 pose_graph_2d.cc:538] Remaining work items in queue: 2
[cartographer_node-1] [INFO] [1778748370.154086042] [cartographer logger]: I0514 17:46:10.000000 82615 constraint_builder_2d.cc:294] 0 computations resulted in 0 additional constraints.
[cartographer_node-1] [INFO] [1778748370.154319404] [cartographer logger]: I0514 17:46:10.000000 82615 constraint_builder_2d.cc:296] Score histogram:
[cartographer_node-1] Count: 4  Min: 0.581939  Max: 0.681047  Mean: 0.635797
[cartographer_node-1] [0.581939, 0.591850)	               #####	Count: 1 (25%)	Total: 1 (25%)
[cartographer_node-1] [0.591850, 0.601761)	                    	Count: 0 (0%)	Total: 1 (25%)
[cartographer_node-1] [0.601761, 0.611672)	               #####	Count: 1 (25%)	Total: 2 (50%)
[cartographer_node-1] [0.611672, 0.621582)	                    	Count: 0 (0%)	Total: 2 (50%)
[cartographer_node-1] [0.621582, 0.631493)	                    	Count: 0 (0%)	Total: 2 (50%)
[cartographer_node-1] [0.631493, 0.641404)	                    	Count: 0 (0%)	Total: 2 (50%)
[cartographer_node-1] [0.641404, 0.651315)	                    	Count: 0 (0%)	Total: 2 (50%)
[cartographer_node-1] [0.651315, 0.661225)	                    	Count: 0 (0%)	Total: 2 (50%)
[cartographer_node-1] [0.661225, 0.671136)	               #####	Count: 1 (25%)	Total: 3 (75%)
[cartographer_node-1] [0.671136, 0.681047]	               #####	Count: 1 (25%)	Total: 4 (100%)
[cartographer_node-1] [INFO] [1778748370.232075776] [cartographer logger]: I0514 17:46:10.000000 82613 pose_graph_2d.cc:538] Remaining work items in queue: 1
[cartographer_node-1] [INFO] [1778748370.232100522] [cartographer logger]: I0514 17:46:10.000000 82613 constraint_builder_2d.cc:294] 0 computations resulted in 0 additional constraints.
[cartographer_node-1] [INFO] [1778748370.232301480] [cartographer logger]: I0514 17:46:10.000000 82613 constraint_builder_2d.cc:296] Score histogram:
[cartographer_node-1] Count: 4  Min: 0.581939  Max: 0.681047  Mean: 0.635797
[cartographer_node-1] [0.581939, 0.591850)	               #####	Count: 1 (25%)	Total: 1 (25%)
[cartographer_node-1] [0.591850, 0.601761)	                    	Count: 0 (0%)	Total: 1 (25%)
[cartographer_node-1] [0.601761, 0.611672)	               #####	Count: 1 (25%)	Total: 2 (50%)
[cartographer_node-1] [0.611672, 0.621582)	                    	Count: 0 (0%)	Total: 2 (50%)
[cartographer_node-1] [0.621582, 0.631493)	                    	Count: 0 (0%)	Total: 2 (50%)
[cartographer_node-1] [0.631493, 0.641404)	                    	Count: 0 (0%)	Total: 2 (50%)
[cartographer_node-1] [0.641404, 0.651315)	                    	Count: 0 (0%)	Total: 2 (50%)
[cartographer_node-1] [0.651315, 0.661225)	                    	Count: 0 (0%)	Total: 2 (50%)
[cartographer_node-1] [0.661225, 0.671136)	               #####	Count: 1 (25%)	Total: 3 (75%)
[cartographer_node-1] [0.671136, 0.681047]	               #####	Count: 1 (25%)	Total: 4 (100%)
[cartographer_node-1] [INFO] [1778748370.285381427] [cartographer logger]: I0514 17:46:10.000000 82614 constraint_builder_2d.cc:279] Node (1, 142) with 166 points on submap (0, 12) matches with score 60.2%.
[cartographer_node-1] [INFO] [1778748370.295819940] [cartographer logger]: I0514 17:46:10.000000 82616 pose_graph_2d.cc:538] Remaining work items in queue: 1
[cartographer_node-1] [INFO] [1778748370.295904424] [cartographer logger]: I0514 17:46:10.000000 82616 constraint_builder_2d.cc:294] 1 computations resulted in 1 additional constraints.
[cartographer_node-1] [INFO] [1778748370.296440466] [cartographer logger]: I0514 17:46:10.000000 82616 constraint_builder_2d.cc:296] Score histogram:
[cartographer_node-1] Count: 5  Min: 0.581939  Max: 0.681047  Mean: 0.629102
[cartographer_node-1] [0.581939, 0.591850)	                ####	Count: 1 (20%)	Total: 1 (20%)
[cartographer_node-1] [0.591850, 0.601761)	                    	Count: 0 (0%)	Total: 1 (20%)
[cartographer_node-1] [0.601761, 0.611672)	            ########	Count: 2 (40%)	Total: 3 (60%)
[cartographer_node-1] [0.611672, 0.621582)	                    	Count: 0 (0%)	Total: 3 (60%)
[cartographer_node-1] [0.621582, 0.631493)	                    	Count: 0 (0%)	Total: 3 (60%)
[cartographer_node-1] [0.631493, 0.641404)	                    	Count: 0 (0%)	Total: 3 (60%)
[cartographer_node-1] [0.641404, 0.651315)	                    	Count: 0 (0%)	Total: 3 (60%)
[cartographer_node-1] [0.651315, 0.661225)	                    	Count: 0 (0%)	Total: 3 (60%)
[cartographer_node-1] [0.661225, 0.671136)	                ####	Count: 1 (20%)	Total: 4 (80%)
[cartographer_node-1] [0.671136, 0.681047]	                ####	Count: 1 (20%)	Total: 5 (100%)
[cartographer_node-1] [INFO] [1778748370.365836669] [cartographer logger]: I0514 17:46:10.000000 82614 pose_graph_2d.cc:538] Remaining work items in queue: 1
[cartographer_node-1] [INFO] [1778748370.365878662] [cartographer logger]: I0514 17:46:10.000000 82614 constraint_builder_2d.cc:294] 0 computations resulted in 0 additional constraints.
[cartographer_node-1] [INFO] [1778748370.365903509] [cartographer logger]: I0514 17:46:10.000000 82614 constraint_builder_2d.cc:296] Score histogram:
[cartographer_node-1] Count: 5  Min: 0.581939  Max: 0.681047  Mean: 0.629102
[cartographer_node-1] [0.581939, 0.591850)	                ####	Count: 1 (20%)	Total: 1 (20%)
[cartographer_node-1] [0.591850, 0.601761)	                    	Count: 0 (0%)	Total: 1 (20%)
[cartographer_node-1] [0.601761, 0.611672)	            ########	Count: 2 (40%)	Total: 3 (60%)
[cartographer_node-1] [0.611672, 0.621582)	                    	Count: 0 (0%)	Total: 3 (60%)
[cartographer_node-1] [0.621582, 0.631493)	                    	Count: 0 (0%)	Total: 3 (60%)
[cartographer_node-1] [0.631493, 0.641404)	                    	Count: 0 (0%)	Total: 3 (60%)
[cartographer_node-1] [0.641404, 0.651315)	                    	Count: 0 (0%)	Total: 3 (60%)
[cartographer_node-1] [0.651315, 0.661225)	                    	Count: 0 (0%)	Total: 3 (60%)
[cartographer_node-1] [0.661225, 0.671136)	                ####	Count: 1 (20%)	Total: 4 (80%)
[cartographer_node-1] [0.671136, 0.681047]	                ####	Count: 1 (20%)	Total: 5 (100%)
[cartographer_node-1] [INFO] [1778748370.469644611] [cartographer logger]: I0514 17:46:10.000000 82614 pose_graph_2d.cc:538] Remaining work items in queue: 0
[cartographer_node-1] [INFO] [1778748370.469694415] [cartographer logger]: I0514 17:46:10.000000 82614 constraint_builder_2d.cc:294] 0 computations resulted in 0 additional constraints.
[cartographer_node-1] [INFO] [1778748370.469768344] [cartographer logger]: I0514 17:46:10.000000 82614 constraint_builder_2d.cc:296] Score histogram:
[cartographer_node-1] Count: 5  Min: 0.581939  Max: 0.681047  Mean: 0.629102
[cartographer_node-1] [0.581939, 0.591850)	                ####	Count: 1 (20%)	Total: 1 (20%)
[cartographer_node-1] [0.591850, 0.601761)	                    	Count: 0 (0%)	Total: 1 (20%)
[cartographer_node-1] [0.601761, 0.611672)	            ########	Count: 2 (40%)	Total: 3 (60%)
[cartographer_node-1] [0.611672, 0.621582)	                    	Count: 0 (0%)	Total: 3 (60%)
[cartographer_node-1] [0.621582, 0.631493)	                    	Count: 0 (0%)	Total: 3 (60%)
[cartographer_node-1] [0.631493, 0.641404)	                    	Count: 0 (0%)	Total: 3 (60%)
[cartographer_node-1] [0.641404, 0.651315)	                    	Count: 0 (0%)	Total: 3 (60%)
[cartographer_node-1] [0.651315, 0.661225)	                    	Count: 0 (0%)	Total: 3 (60%)
[cartographer_node-1] [0.661225, 0.671136)	                ####	Count: 1 (20%)	Total: 4 (80%)
[cartographer_node-1] [0.671136, 0.681047]	                ####	Count: 1 (20%)	Total: 5 (100%)
[cartographer_node-1] [INFO] [1778748370.511840264] [cartographer logger]: I0514 17:46:10.000000 82616 pose_graph_2d.cc:538] Remaining work items in queue: 0
[cartographer_node-1] [INFO] [1778748370.511912307] [cartographer logger]: I0514 17:46:10.000000 82616 constraint_builder_2d.cc:294] 0 computations resulted in 0 additional constraints.
[cartographer_node-1] [INFO] [1778748370.512123298] [cartographer logger]: I0514 17:46:10.000000 82616 constraint_builder_2d.cc:296] Score histogram:
[cartographer_node-1] Count: 5  Min: 0.581939  Max: 0.681047  Mean: 0.629102
[cartographer_node-1] [0.581939, 0.591850)	                ####	Count: 1 (20%)	Total: 1 (20%)
[cartographer_node-1] [0.591850, 0.601761)	                    	Count: 0 (0%)	Total: 1 (20%)
[cartographer_node-1] [0.601761, 0.611672)	            ########	Count: 2 (40%)	Total: 3 (60%)
[cartographer_node-1] [0.611672, 0.621582)	                    	Count: 0 (0%)	Total: 3 (60%)
[cartographer_node-1] [0.621582, 0.631493)	                    	Count: 0 (0%)	Total: 3 (60%)
[cartographer_node-1] [0.631493, 0.641404)	                    	Count: 0 (0%)	Total: 3 (60%)
[cartographer_node-1] [0.641404, 0.651315)	                    	Count: 0 (0%)	Total: 3 (60%)
[cartographer_node-1] [0.651315, 0.661225)	                    	Count: 0 (0%)	Total: 3 (60%)
[cartographer_node-1] [0.661225, 0.671136)	                ####	Count: 1 (20%)	Total: 4 (80%)
[cartographer_node-1] [0.671136, 0.681047]	                ####	Count: 1 (20%)	Total: 5 (100%)
[cartographer_node-1] [INFO] [1778748370.587912146] [cartographer logger]: I0514 17:46:10.000000 82613 pose_graph_2d.cc:538] Remaining work items in queue: 0
[cartographer_node-1] [INFO] [1778748370.587935324] [cartographer logger]: I0514 17:46:10.000000 82613 constraint_builder_2d.cc:294] 0 computations resulted in 0 additional constraints.
[cartographer_node-1] [INFO] [1778748370.588229160] [cartographer logger]: I0514 17:46:10.000000 82613 constraint_builder_2d.cc:296] Score histogram:
[cartographer_node-1] Count: 5  Min: 0.581939  Max: 0.681047  Mean: 0.629102
[cartographer_node-1] [0.581939, 0.591850)	                ####	Count: 1 (20%)	Total: 1 (20%)
[cartographer_node-1] [0.591850, 0.601761)	                    	Count: 0 (0%)	Total: 1 (20%)
[cartographer_node-1] [0.601761, 0.611672)	            ########	Count: 2 (40%)	Total: 3 (60%)
[cartographer_node-1] [0.611672, 0.621582)	                    	Count: 0 (0%)	Total: 3 (60%)
[cartographer_node-1] [0.621582, 0.631493)	                    	Count: 0 (0%)	Total: 3 (60%)
[cartographer_node-1] [0.631493, 0.641404)	                    	Count: 0 (0%)	Total: 3 (60%)
[cartographer_node-1] [0.641404, 0.651315)	                    	Count: 0 (0%)	Total: 3 (60%)
[cartographer_node-1] [0.651315, 0.661225)	                    	Count: 0 (0%)	Total: 3 (60%)
[cartographer_node-1] [0.661225, 0.671136)	                ####	Count: 1 (20%)	Total: 4 (80%)
[cartographer_node-1] [0.671136, 0.681047]	                ####	Count: 1 (20%)	Total: 5 (100%)
[cartographer_node-1] [INFO] [1778748370.687564185] [cartographer logger]: I0514 17:46:10.000000 82613 pose_graph_2d.cc:538] Remaining work items in queue: 1
[cartographer_node-1] [INFO] [1778748370.692450252] [cartographer logger]: I0514 17:46:10.000000 82615 constraint_builder_2d.cc:279] Node (1, 157) with 204 points on submap (0, 2) matches with score 77.2%.
[cartographer_node-1] [INFO] [1778748370.692469514] [cartographer logger]: I0514 17:46:10.000000 82615 constraint_builder_2d.cc:294] 1 computations resulted in 1 additional constraints.
[cartographer_node-1] [INFO] [1778748370.692486592] [cartographer logger]: I0514 17:46:10.000000 82615 constraint_builder_2d.cc:296] Score histogram:
[cartographer_node-1] Count: 6  Min: 0.581939  Max: 0.771941  Mean: 0.652908
[cartographer_node-1] [0.581939, 0.600940)	                 ###	Count: 1 (16.6667%)	Total: 1 (16.6667%)
[cartographer_node-1] [0.600940, 0.619940)	             #######	Count: 2 (33.3333%)	Total: 3 (50%)
[cartographer_node-1] [0.619940, 0.638940)	                    	Count: 0 (0%)	Total: 3 (50%)
[cartographer_node-1] [0.638940, 0.657940)	                    	Count: 0 (0%)	Total: 3 (50%)
[cartographer_node-1] [0.657940, 0.676940)	                 ###	Count: 1 (16.6667%)	Total: 4 (66.6667%)
[cartographer_node-1] [0.676940, 0.695941)	                 ###	Count: 1 (16.6667%)	Total: 5 (83.3333%)
[cartographer_node-1] [0.695941, 0.714941)	                    	Count: 0 (0%)	Total: 5 (83.3333%)
[cartographer_node-1] [0.714941, 0.733941)	                    	Count: 0 (0%)	Total: 5 (83.3333%)
[cartographer_node-1] [0.733941, 0.752941)	                    	Count: 0 (0%)	Total: 5 (83.3333%)
[cartographer_node-1] [0.752941, 0.771941]	                 ###	Count: 1 (16.6667%)	Total: 6 (100%)
[cartographer_node-1] [INFO] [1778748370.753551545] [cartographer logger]: I0514 17:46:10.000000 82616 pose_graph_2d.cc:538] Remaining work items in queue: 1
[cartographer_node-1] [INFO] [1778748370.753596274] [cartographer logger]: I0514 17:46:10.000000 82616 constraint_builder_2d.cc:294] 0 computations resulted in 0 additional constraints.
[cartographer_node-1] [INFO] [1778748370.753671903] [cartographer logger]: I0514 17:46:10.000000 82616 constraint_builder_2d.cc:296] Score histogram:
[cartographer_node-1] Count: 6  Min: 0.581939  Max: 0.771941  Mean: 0.652908
[cartographer_node-1] [0.581939, 0.600940)	                 ###	Count: 1 (16.6667%)	Total: 1 (16.6667%)
[cartographer_node-1] [0.600940, 0.619940)	             #######	Count: 2 (33.3333%)	Total: 3 (50%)
[cartographer_node-1] [0.619940, 0.638940)	                    	Count: 0 (0%)	Total: 3 (50%)
[cartographer_node-1] [0.638940, 0.657940)	                    	Count: 0 (0%)	Total: 3 (50%)
[cartographer_node-1] [0.657940, 0.676940)	                 ###	Count: 1 (16.6667%)	Total: 4 (66.6667%)
[cartographer_node-1] [0.676940, 0.695941)	                 ###	Count: 1 (16.6667%)	Total: 5 (83.3333%)
[cartographer_node-1] [0.695941, 0.714941)	                    	Count: 0 (0%)	Total: 5 (83.3333%)
[cartographer_node-1] [0.714941, 0.733941)	                    	Count: 0 (0%)	Total: 5 (83.3333%)
[cartographer_node-1] [0.733941, 0.752941)	                    	Count: 0 (0%)	Total: 5 (83.3333%)
[cartographer_node-1] [0.752941, 0.771941]	                 ###	Count: 1 (16.6667%)	Total: 6 (100%)
[cartographer_node-1] [INFO] [1778748370.779967894] [cartographer logger]: I0514 17:46:10.000000 82614 pose_graph_2d.cc:538] Remaining work items in queue: 1
[cartographer_node-1] [INFO] [1778748370.779992460] [cartographer logger]: I0514 17:46:10.000000 82614 constraint_builder_2d.cc:294] 0 computations resulted in 0 additional constraints.
[cartographer_node-1] [INFO] [1778748370.780284328] [cartographer logger]: I0514 17:46:10.000000 82614 constraint_builder_2d.cc:296] Score histogram:
[cartographer_node-1] Count: 6  Min: 0.581939  Max: 0.771941  Mean: 0.652908
[cartographer_node-1] [0.581939, 0.600940)	                 ###	Count: 1 (16.6667%)	Total: 1 (16.6667%)
[cartographer_node-1] [0.600940, 0.619940)	             #######	Count: 2 (33.3333%)	Total: 3 (50%)
[cartographer_node-1] [0.619940, 0.638940)	                    	Count: 0 (0%)	Total: 3 (50%)
[cartographer_node-1] [0.638940, 0.657940)	                    	Count: 0 (0%)	Total: 3 (50%)
[cartographer_node-1] [0.657940, 0.676940)	                 ###	Count: 1 (16.6667%)	Total: 4 (66.6667%)
[cartographer_node-1] [0.676940, 0.695941)	                 ###	Count: 1 (16.6667%)	Total: 5 (83.3333%)
[cartographer_node-1] [0.695941, 0.714941)	                    	Count: 0 (0%)	Total: 5 (83.3333%)
[cartographer_node-1] [0.714941, 0.733941)	                    	Count: 0 (0%)	Total: 5 (83.3333%)
[cartographer_node-1] [0.733941, 0.752941)	                    	Count: 0 (0%)	Total: 5 (83.3333%)
[cartographer_node-1] [0.752941, 0.771941]	                 ###	Count: 1 (16.6667%)	Total: 6 (100%)
[cartographer_node-1] [INFO] [1778748370.887155713] [cartographer logger]: I0514 17:46:10.000000 82615 pose_graph_2d.cc:538] Remaining work items in queue: 0
[cartographer_node-1] [INFO] [1778748370.887177082] [cartographer logger]: I0514 17:46:10.000000 82615 constraint_builder_2d.cc:294] 0 computations resulted in 0 additional constraints.
[cartographer_node-1] [INFO] [1778748370.887439281] [cartographer logger]: I0514 17:46:10.000000 82615 constraint_builder_2d.cc:296] Score histogram:
[cartographer_node-1] Count: 6  Min: 0.581939  Max: 0.771941  Mean: 0.652908
[cartographer_node-1] [0.581939, 0.600940)	                 ###	Count: 1 (16.6667%)	Total: 1 (16.6667%)
[cartographer_node-1] [0.600940, 0.619940)	             #######	Count: 2 (33.3333%)	Total: 3 (50%)
[cartographer_node-1] [0.619940, 0.638940)	                    	Count: 0 (0%)	Total: 3 (50%)
[cartographer_node-1] [0.638940, 0.657940)	                    	Count: 0 (0%)	Total: 3 (50%)
[cartographer_node-1] [0.657940, 0.676940)	                 ###	Count: 1 (16.6667%)	Total: 4 (66.6667%)
[cartographer_node-1] [0.676940, 0.695941)	                 ###	Count: 1 (16.6667%)	Total: 5 (83.3333%)
[cartographer_node-1] [0.695941, 0.714941)	                    	Count: 0 (0%)	Total: 5 (83.3333%)
[cartographer_node-1] [0.714941, 0.733941)	                    	Count: 0 (0%)	Total: 5 (83.3333%)
[cartographer_node-1] [0.733941, 0.752941)	                    	Count: 0 (0%)	Total: 5 (83.3333%)
[cartographer_node-1] [0.752941, 0.771941]	                 ###	Count: 1 (16.6667%)	Total: 6 (100%)
[cartographer_node-1] [INFO] [1778748370.977877916] [cartographer logger]: I0514 17:46:10.000000 82615 pose_graph_2d.cc:538] Remaining work items in queue: 1
[cartographer_node-1] [INFO] [1778748370.977982796] [cartographer logger]: I0514 17:46:10.000000 82615 constraint_builder_2d.cc:294] 0 computations resulted in 0 additional constraints.
[cartographer_node-1] [INFO] [1778748370.978061429] [cartographer logger]: I0514 17:46:10.000000 82615 constraint_builder_2d.cc:296] Score histogram:
[cartographer_node-1] Count: 6  Min: 0.581939  Max: 0.771941  Mean: 0.652908
[cartographer_node-1] [0.581939, 0.600940)	                 ###	Count: 1 (16.6667%)	Total: 1 (16.6667%)
[cartographer_node-1] [0.600940, 0.619940)	             #######	Count: 2 (33.3333%)	Total: 3 (50%)
[cartographer_node-1] [0.619940, 0.638940)	                    	Count: 0 (0%)	Total: 3 (50%)
[cartographer_node-1] [0.638940, 0.657940)	                    	Count: 0 (0%)	Total: 3 (50%)
[cartographer_node-1] [0.657940, 0.676940)	                 ###	Count: 1 (16.6667%)	Total: 4 (66.6667%)
[cartographer_node-1] [0.676940, 0.695941)	                 ###	Count: 1 (16.6667%)	Total: 5 (83.3333%)
[cartographer_node-1] [0.695941, 0.714941)	                    	Count: 0 (0%)	Total: 5 (83.3333%)
[cartographer_node-1] [0.714941, 0.733941)	                    	Count: 0 (0%)	Total: 5 (83.3333%)
[cartographer_node-1] [0.733941, 0.752941)	                    	Count: 0 (0%)	Total: 5 (83.3333%)
[cartographer_node-1] [0.752941, 0.771941]	                 ###	Count: 1 (16.6667%)	Total: 6 (100%)
[cartographer_node-1] [INFO] [1778748371.071900611] [cartographer logger]: I0514 17:46:11.000000 82614 pose_graph_2d.cc:538] Remaining work items in queue: 1
[cartographer_node-1] [INFO] [1778748371.071924413] [cartographer logger]: I0514 17:46:11.000000 82614 constraint_builder_2d.cc:294] 1 computations resulted in 0 additional constraints.
[cartographer_node-1] [INFO] [1778748371.072099507] [cartographer logger]: I0514 17:46:11.000000 82614 constraint_builder_2d.cc:296] Score histogram:
[cartographer_node-1] Count: 6  Min: 0.581939  Max: 0.771941  Mean: 0.652908
[cartographer_node-1] [0.581939, 0.600940)	                 ###	Count: 1 (16.6667%)	Total: 1 (16.6667%)
[cartographer_node-1] [0.600940, 0.619940)	             #######	Count: 2 (33.3333%)	Total: 3 (50%)
[cartographer_node-1] [0.619940, 0.638940)	                    	Count: 0 (0%)	Total: 3 (50%)
[cartographer_node-1] [0.638940, 0.657940)	                    	Count: 0 (0%)	Total: 3 (50%)
[cartographer_node-1] [0.657940, 0.676940)	                 ###	Count: 1 (16.6667%)	Total: 4 (66.6667%)
[cartographer_node-1] [0.676940, 0.695941)	                 ###	Count: 1 (16.6667%)	Total: 5 (83.3333%)
[cartographer_node-1] [0.695941, 0.714941)	                    	Count: 0 (0%)	Total: 5 (83.3333%)
[cartographer_node-1] [0.714941, 0.733941)	                    	Count: 0 (0%)	Total: 5 (83.3333%)
[cartographer_node-1] [0.733941, 0.752941)	                    	Count: 0 (0%)	Total: 5 (83.3333%)
[cartographer_node-1] [0.752941, 0.771941]	                 ###	Count: 1 (16.6667%)	Total: 6 (100%)
[cartographer_node-1] [INFO] [1778748371.112827749] [cartographer logger]: I0514 17:46:11.000000 82614 pose_graph_2d.cc:538] Remaining work items in queue: 1
[cartographer_node-1] [INFO] [1778748371.112853761] [cartographer logger]: I0514 17:46:11.000000 82614 constraint_builder_2d.cc:294] 0 computations resulted in 0 additional constraints.
[cartographer_node-1] [INFO] [1778748371.113105698] [cartographer logger]: I0514 17:46:11.000000 82614 constraint_builder_2d.cc:296] Score histogram:
[cartographer_node-1] Count: 6  Min: 0.581939  Max: 0.771941  Mean: 0.652908
[cartographer_node-1] [0.581939, 0.600940)	                 ###	Count: 1 (16.6667%)	Total: 1 (16.6667%)
[cartographer_node-1] [0.600940, 0.619940)	             #######	Count: 2 (33.3333%)	Total: 3 (50%)
[cartographer_node-1] [0.619940, 0.638940)	                    	Count: 0 (0%)	Total: 3 (50%)
[cartographer_node-1] [0.638940, 0.657940)	                    	Count: 0 (0%)	Total: 3 (50%)
[cartographer_node-1] [0.657940, 0.676940)	                 ###	Count: 1 (16.6667%)	Total: 4 (66.6667%)
[cartographer_node-1] [0.676940, 0.695941)	                 ###	Count: 1 (16.6667%)	Total: 5 (83.3333%)
[cartographer_node-1] [0.695941, 0.714941)	                    	Count: 0 (0%)	Total: 5 (83.3333%)
[cartographer_node-1] [0.714941, 0.733941)	                    	Count: 0 (0%)	Total: 5 (83.3333%)
[cartographer_node-1] [0.733941, 0.752941)	                    	Count: 0 (0%)	Total: 5 (83.3333%)
[cartographer_node-1] [0.752941, 0.771941]	                 ###	Count: 1 (16.6667%)	Total: 6 (100%)
[cartographer_node-1] [INFO] [1778748371.192700692] [cartographer logger]: I0514 17:46:11.000000 82616 pose_graph_2d.cc:538] Remaining work items in queue: 0
[cartographer_node-1] [INFO] [1778748371.222422415] [cartographer logger]: I0514 17:46:11.000000 82574 pose_graph_2d.cc:148] Inserted submap (1, 2).
[cartographer_node-1] [INFO] [1778748371.294203728] [cartographer logger]: I0514 17:46:11.000000 82613 constraint_builder_2d.cc:279] Node (0, 1000) with 203 points on submap (1, 0) matches with score 72.2%.
[cartographer_node-1] [INFO] [1778748371.299479392] [cartographer logger]: I0514 17:46:11.000000 82615 constraint_builder_2d.cc:279] Node (0, 1200) with 200 points on submap (1, 0) matches with score 76.1%.
[cartographer_node-1] [INFO] [1778748371.317820901] [cartographer logger]: I0514 17:46:11.000000 82614 constraint_builder_2d.cc:279] Node (0, 400) with 204 points on submap (1, 0) matches with score 73.2%.
[cartographer_node-1] [INFO] [1778748371.317852469] [cartographer logger]: I0514 17:46:11.000000 82614 constraint_builder_2d.cc:294] 7 computations resulted in 3 additional constraints.
[cartographer_node-1] [INFO] [1778748371.317879418] [cartographer logger]: I0514 17:46:11.000000 82614 constraint_builder_2d.cc:296] Score histogram:
[cartographer_node-1] Count: 9  Min: 0.581939  Max: 0.771941  Mean: 0.681426
[cartographer_node-1] [0.581939, 0.600940)	                  ##	Count: 1 (11.1111%)	Total: 1 (11.1111%)
[cartographer_node-1] [0.600940, 0.619940)	                ####	Count: 2 (22.2222%)	Total: 3 (33.3333%)
[cartographer_node-1] [0.619940, 0.638940)	                    	Count: 0 (0%)	Total: 3 (33.3333%)
[cartographer_node-1] [0.638940, 0.657940)	                    	Count: 0 (0%)	Total: 3 (33.3333%)
[cartographer_node-1] [0.657940, 0.676940)	                  ##	Count: 1 (11.1111%)	Total: 4 (44.4444%)
[cartographer_node-1] [0.676940, 0.695941)	                  ##	Count: 1 (11.1111%)	Total: 5 (55.5556%)
[cartographer_node-1] [0.695941, 0.714941)	                    	Count: 0 (0%)	Total: 5 (55.5556%)
[cartographer_node-1] [0.714941, 0.733941)	                ####	Count: 2 (22.2222%)	Total: 7 (77.7778%)
[cartographer_node-1] [0.733941, 0.752941)	                    	Count: 0 (0%)	Total: 7 (77.7778%)
[cartographer_node-1] [0.752941, 0.771941]	                ####	Count: 2 (22.2222%)	Total: 9 (100%)
[cartographer_node-1] [INFO] [1778748371.336093846] [cartographer logger]: I0514 17:46:11.000000 82614 pose_graph_2d.cc:538] Remaining work items in queue: 8
[cartographer_node-1] [INFO] [1778748371.337162198] [cartographer logger]: I0514 17:46:11.000000 82613 constraint_builder_2d.cc:279] Node (1, 180) with 202 points on submap (1, 0) differs by translation 0.00 rotation 0.000 with score 83.9%.
[cartographer_node-1] [INFO] [1778748371.337179256] [cartographer logger]: I0514 17:46:11.000000 82613 constraint_builder_2d.cc:294] 1 computations resulted in 1 additional constraints.
[cartographer_node-1] [INFO] [1778748371.337221123] [cartographer logger]: I0514 17:46:11.000000 82613 constraint_builder_2d.cc:296] Score histogram:
[cartographer_node-1] Count: 10  Min: 0.581939  Max: 0.839087  Mean: 0.697192
[cartographer_node-1] [0.581939, 0.607654)	                ####	Count: 2 (20%)	Total: 2 (20%)
[cartographer_node-1] [0.607654, 0.633369)	                  ##	Count: 1 (10%)	Total: 3 (30%)
[cartographer_node-1] [0.633369, 0.659084)	                    	Count: 0 (0%)	Total: 3 (30%)
[cartographer_node-1] [0.659084, 0.684799)	                ####	Count: 2 (20%)	Total: 5 (50%)
[cartographer_node-1] [0.684799, 0.710513)	                    	Count: 0 (0%)	Total: 5 (50%)
[cartographer_node-1] [0.710513, 0.736228)	                ####	Count: 2 (20%)	Total: 7 (70%)
[cartographer_node-1] [0.736228, 0.761943)	                  ##	Count: 1 (10%)	Total: 8 (80%)
[cartographer_node-1] [0.761943, 0.787658)	                  ##	Count: 1 (10%)	Total: 9 (90%)
[cartographer_node-1] [0.787658, 0.813373)	                    	Count: 0 (0%)	Total: 9 (90%)
[cartographer_node-1] [0.813373, 0.839087]	                  ##	Count: 1 (10%)	Total: 10 (100%)
[cartographer_node-1] [INFO] [1778748371.368878602] [cartographer logger]: I0514 17:46:11.000000 82616 pose_graph_2d.cc:538] Remaining work items in queue: 0
[cartographer_node-1] [INFO] [1778748371.391676671] [cartographer logger]: I0514 17:46:11.000000 82613 constraint_builder_2d.cc:279] Node (1, 185) with 200 points on submap (0, 10) matches with score 75.6%.
[cartographer_node-1] [INFO] [1778748371.391712296] [cartographer logger]: I0514 17:46:11.000000 82613 constraint_builder_2d.cc:294] 1 computations resulted in 1 additional constraints.
[cartographer_node-1] [INFO] [1778748371.391765361] [cartographer logger]: I0514 17:46:11.000000 82613 constraint_builder_2d.cc:296] Score histogram:
[cartographer_node-1] Count: 11  Min: 0.581939  Max: 0.839087  Mean: 0.702577
[cartographer_node-1] [0.581939, 0.607654)	                ####	Count: 2 (18.1818%)	Total: 2 (18.1818%)
[cartographer_node-1] [0.607654, 0.633369)	                  ##	Count: 1 (9.09091%)	Total: 3 (27.2727%)
[cartographer_node-1] [0.633369, 0.659084)	                    	Count: 0 (0%)	Total: 3 (27.2727%)
[cartographer_node-1] [0.659084, 0.684799)	                ####	Count: 2 (18.1818%)	Total: 5 (45.4545%)
[cartographer_node-1] [0.684799, 0.710513)	                    	Count: 0 (0%)	Total: 5 (45.4545%)
[cartographer_node-1] [0.710513, 0.736228)	                ####	Count: 2 (18.1818%)	Total: 7 (63.6364%)
[cartographer_node-1] [0.736228, 0.761943)	                ####	Count: 2 (18.1818%)	Total: 9 (81.8182%)
[cartographer_node-1] [0.761943, 0.787658)	                  ##	Count: 1 (9.09091%)	Total: 10 (90.9091%)
[cartographer_node-1] [0.787658, 0.813373)	                    	Count: 0 (0%)	Total: 10 (90.9091%)
[cartographer_node-1] [0.813373, 0.839087]	                  ##	Count: 1 (9.09091%)	Total: 11 (100%)
[cartographer_node-1] [INFO] [1778748371.419655899] [cartographer logger]: I0514 17:46:11.000000 82615 pose_graph_2d.cc:538] Remaining work items in queue: 0
[cartographer_node-1] [INFO] [1778748371.419757093] [cartographer logger]: I0514 17:46:11.000000 82615 constraint_builder_2d.cc:294] 0 computations resulted in 0 additional constraints.
[cartographer_node-1] [INFO] [1778748371.419804373] [cartographer logger]: I0514 17:46:11.000000 82615 constraint_builder_2d.cc:296] Score histogram:
[cartographer_node-1] Count: 11  Min: 0.581939  Max: 0.839087  Mean: 0.702577
[cartographer_node-1] [0.581939, 0.607654)	                ####	Count: 2 (18.1818%)	Total: 2 (18.1818%)
[cartographer_node-1] [0.607654, 0.633369)	                  ##	Count: 1 (9.09091%)	Total: 3 (27.2727%)
[cartographer_node-1] [0.633369, 0.659084)	                    	Count: 0 (0%)	Total: 3 (27.2727%)
[cartographer_node-1] [0.659084, 0.684799)	                ####	Count: 2 (18.1818%)	Total: 5 (45.4545%)
[cartographer_node-1] [0.684799, 0.710513)	                    	Count: 0 (0%)	Total: 5 (45.4545%)
[cartographer_node-1] [0.710513, 0.736228)	                ####	Count: 2 (18.1818%)	Total: 7 (63.6364%)
[cartographer_node-1] [0.736228, 0.761943)	                ####	Count: 2 (18.1818%)	Total: 9 (81.8182%)
[cartographer_node-1] [0.761943, 0.787658)	                  ##	Count: 1 (9.09091%)	Total: 10 (90.9091%)
[cartographer_node-1] [0.787658, 0.813373)	                    	Count: 0 (0%)	Total: 10 (90.9091%)
[cartographer_node-1] [0.813373, 0.839087]	                  ##	Count: 1 (9.09091%)	Total: 11 (100%)
[cartographer_node-1] [INFO] [1778748371.486269309] [cartographer logger]: I0514 17:46:11.000000 82614 pose_graph_2d.cc:538] Remaining work items in queue: 1
[cartographer_node-1] [INFO] [1778748371.486310889] [cartographer logger]: I0514 17:46:11.000000 82614 constraint_builder_2d.cc:294] 0 computations resulted in 0 additional constraints.
[cartographer_node-1] [INFO] [1778748371.486369166] [cartographer logger]: I0514 17:46:11.000000 82614 constraint_builder_2d.cc:296] Score histogram:
[cartographer_node-1] Count: 11  Min: 0.581939  Max: 0.839087  Mean: 0.702577
[cartographer_node-1] [0.581939, 0.607654)	                ####	Count: 2 (18.1818%)	Total: 2 (18.1818%)
[cartographer_node-1] [0.607654, 0.633369)	                  ##	Count: 1 (9.09091%)	Total: 3 (27.2727%)
[cartographer_node-1] [0.633369, 0.659084)	                    	Count: 0 (0%)	Total: 3 (27.2727%)
[cartographer_node-1] [0.659084, 0.684799)	                ####	Count: 2 (18.1818%)	Total: 5 (45.4545%)
[cartographer_node-1] [0.684799, 0.710513)	                    	Count: 0 (0%)	Total: 5 (45.4545%)
[cartographer_node-1] [0.710513, 0.736228)	                ####	Count: 2 (18.1818%)	Total: 7 (63.6364%)
[cartographer_node-1] [0.736228, 0.761943)	                ####	Count: 2 (18.1818%)	Total: 9 (81.8182%)
[cartographer_node-1] [0.761943, 0.787658)	                  ##	Count: 1 (9.09091%)	Total: 10 (90.9091%)
[cartographer_node-1] [0.787658, 0.813373)	                    	Count: 0 (0%)	Total: 10 (90.9091%)
[cartographer_node-1] [0.813373, 0.839087]	                  ##	Count: 1 (9.09091%)	Total: 11 (100%)
[cartographer_node-1] [INFO] [1778748371.590587861] [cartographer logger]: I0514 17:46:11.000000 82616 pose_graph_2d.cc:538] Remaining work items in queue: 1
[cartographer_node-1] [INFO] [1778748371.590609991] [cartographer logger]: I0514 17:46:11.000000 82616 constraint_builder_2d.cc:294] 0 computations resulted in 0 additional constraints.
[cartographer_node-1] [INFO] [1778748371.590630695] [cartographer logger]: I0514 17:46:11.000000 82616 constraint_builder_2d.cc:296] Score histogram:
[cartographer_node-1] Count: 11  Min: 0.581939  Max: 0.839087  Mean: 0.702577
[cartographer_node-1] [0.581939, 0.607654)	                ####	Count: 2 (18.1818%)	Total: 2 (18.1818%)
[cartographer_node-1] [0.607654, 0.633369)	                  ##	Count: 1 (9.09091%)	Total: 3 (27.2727%)
[cartographer_node-1] [0.633369, 0.659084)	                    	Count: 0 (0%)	Total: 3 (27.2727%)
[cartographer_node-1] [0.659084, 0.684799)	                ####	Count: 2 (18.1818%)	Total: 5 (45.4545%)
[cartographer_node-1] [0.684799, 0.710513)	                    	Count: 0 (0%)	Total: 5 (45.4545%)
[cartographer_node-1] [0.710513, 0.736228)	                ####	Count: 2 (18.1818%)	Total: 7 (63.6364%)
[cartographer_node-1] [0.736228, 0.761943)	                ####	Count: 2 (18.1818%)	Total: 9 (81.8182%)
[cartographer_node-1] [0.761943, 0.787658)	                  ##	Count: 1 (9.09091%)	Total: 10 (90.9091%)
[cartographer_node-1] [0.787658, 0.813373)	                    	Count: 0 (0%)	Total: 10 (90.9091%)
[cartographer_node-1] [0.813373, 0.839087]	                  ##	Count: 1 (9.09091%)	Total: 11 (100%)
[cartographer_node-1] [INFO] [1778748371.667656379] [cartographer logger]: I0514 17:46:11.000000 82614 pose_graph_2d.cc:538] Remaining work items in queue: 0
[cartographer_node-1] [INFO] [1778748371.667682986] [cartographer logger]: I0514 17:46:11.000000 82614 constraint_builder_2d.cc:294] 0 computations resulted in 0 additional constraints.
[cartographer_node-1] [INFO] [1778748371.667796640] [cartographer logger]: I0514 17:46:11.000000 82614 constraint_builder_2d.cc:296] Score histogram:
[cartographer_node-1] Count: 11  Min: 0.581939  Max: 0.839087  Mean: 0.702577
[cartographer_node-1] [0.581939, 0.607654)	                ####	Count: 2 (18.1818%)	Total: 2 (18.1818%)
[cartographer_node-1] [0.607654, 0.633369)	                  ##	Count: 1 (9.09091%)	Total: 3 (27.2727%)
[cartographer_node-1] [0.633369, 0.659084)	                    	Count: 0 (0%)	Total: 3 (27.2727%)
[cartographer_node-1] [0.659084, 0.684799)	                ####	Count: 2 (18.1818%)	Total: 5 (45.4545%)
[cartographer_node-1] [0.684799, 0.710513)	                    	Count: 0 (0%)	Total: 5 (45.4545%)
[cartographer_node-1] [0.710513, 0.736228)	                ####	Count: 2 (18.1818%)	Total: 7 (63.6364%)
[cartographer_node-1] [0.736228, 0.761943)	                ####	Count: 2 (18.1818%)	Total: 9 (81.8182%)
[cartographer_node-1] [0.761943, 0.787658)	                  ##	Count: 1 (9.09091%)	Total: 10 (90.9091%)
[cartographer_node-1] [0.787658, 0.813373)	                    	Count: 0 (0%)	Total: 10 (90.9091%)
[cartographer_node-1] [0.813373, 0.839087]	                  ##	Count: 1 (9.09091%)	Total: 11 (100%)
[cartographer_node-1] [INFO] [1778748371.718744115] [cartographer logger]: I0514 17:46:11.000000 82615 pose_graph_2d.cc:538] Remaining work items in queue: 0
[cartographer_node-1] [INFO] [1778748371.766671545] [cartographer logger]: I0514 17:46:11.000000 82616 constraint_builder_2d.cc:294] 1 computations resulted in 0 additional constraints.
[cartographer_node-1] [INFO] [1778748371.766702108] [cartographer logger]: I0514 17:46:11.000000 82616 constraint_builder_2d.cc:296] Score histogram:
[cartographer_node-1] Count: 11  Min: 0.581939  Max: 0.839087  Mean: 0.702577
[cartographer_node-1] [0.581939, 0.607654)	                ####	Count: 2 (18.1818%)	Total: 2 (18.1818%)
[cartographer_node-1] [0.607654, 0.633369)	                  ##	Count: 1 (9.09091%)	Total: 3 (27.2727%)
[cartographer_node-1] [0.633369, 0.659084)	                    	Count: 0 (0%)	Total: 3 (27.2727%)
[cartographer_node-1] [0.659084, 0.684799)	                ####	Count: 2 (18.1818%)	Total: 5 (45.4545%)
[cartographer_node-1] [0.684799, 0.710513)	                    	Count: 0 (0%)	Total: 5 (45.4545%)
[cartographer_node-1] [0.710513, 0.736228)	                ####	Count: 2 (18.1818%)	Total: 7 (63.6364%)
[cartographer_node-1] [0.736228, 0.761943)	                ####	Count: 2 (18.1818%)	Total: 9 (81.8182%)
[cartographer_node-1] [0.761943, 0.787658)	                  ##	Count: 1 (9.09091%)	Total: 10 (90.9091%)
[cartographer_node-1] [0.787658, 0.813373)	                    	Count: 0 (0%)	Total: 10 (90.9091%)
[cartographer_node-1] [0.813373, 0.839087]	                  ##	Count: 1 (9.09091%)	Total: 11 (100%)
[cartographer_node-1] [INFO] [1778748371.822080001] [cartographer logger]: I0514 17:46:11.000000 82615 pose_graph_2d.cc:538] Remaining work items in queue: 1
[cartographer_node-1] [INFO] [1778748371.822104363] [cartographer logger]: I0514 17:46:11.000000 82615 constraint_builder_2d.cc:294] 0 computations resulted in 0 additional constraints.
[cartographer_node-1] [INFO] [1778748371.822183832] [cartographer logger]: I0514 17:46:11.000000 82615 constraint_builder_2d.cc:296] Score histogram:
[cartographer_node-1] Count: 11  Min: 0.581939  Max: 0.839087  Mean: 0.702577
[cartographer_node-1] [0.581939, 0.607654)	                ####	Count: 2 (18.1818%)	Total: 2 (18.1818%)
[cartographer_node-1] [0.607654, 0.633369)	                  ##	Count: 1 (9.09091%)	Total: 3 (27.2727%)
[cartographer_node-1] [0.633369, 0.659084)	                    	Count: 0 (0%)	Total: 3 (27.2727%)
[cartographer_node-1] [0.659084, 0.684799)	                ####	Count: 2 (18.1818%)	Total: 5 (45.4545%)
[cartographer_node-1] [0.684799, 0.710513)	                    	Count: 0 (0%)	Total: 5 (45.4545%)
[cartographer_node-1] [0.710513, 0.736228)	                ####	Count: 2 (18.1818%)	Total: 7 (63.6364%)
[cartographer_node-1] [0.736228, 0.761943)	                ####	Count: 2 (18.1818%)	Total: 9 (81.8182%)
[cartographer_node-1] [0.761943, 0.787658)	                  ##	Count: 1 (9.09091%)	Total: 10 (90.9091%)
[cartographer_node-1] [0.787658, 0.813373)	                    	Count: 0 (0%)	Total: 10 (90.9091%)
[cartographer_node-1] [0.813373, 0.839087]	                  ##	Count: 1 (9.09091%)	Total: 11 (100%)
[cartographer_node-1] [INFO] [1778748372.064791963] [cartographer logger]: I0514 17:46:12.000000 82613 pose_graph_2d.cc:538] Remaining work items in queue: 1
[cartographer_node-1] [INFO] [1778748372.064821125] [cartographer logger]: I0514 17:46:12.000000 82613 constraint_builder_2d.cc:294] 0 computations resulted in 0 additional constraints.
[cartographer_node-1] [INFO] [1778748372.064892995] [cartographer logger]: I0514 17:46:12.000000 82613 constraint_builder_2d.cc:296] Score histogram:
[cartographer_node-1] Count: 11  Min: 0.581939  Max: 0.839087  Mean: 0.702577
[cartographer_node-1] [0.581939, 0.607654)	                ####	Count: 2 (18.1818%)	Total: 2 (18.1818%)
[cartographer_node-1] [0.607654, 0.633369)	                  ##	Count: 1 (9.09091%)	Total: 3 (27.2727%)
[cartographer_node-1] [0.633369, 0.659084)	                    	Count: 0 (0%)	Total: 3 (27.2727%)
[cartographer_node-1] [0.659084, 0.684799)	                ####	Count: 2 (18.1818%)	Total: 5 (45.4545%)
[cartographer_node-1] [0.684799, 0.710513)	                    	Count: 0 (0%)	Total: 5 (45.4545%)
[cartographer_node-1] [0.710513, 0.736228)	                ####	Count: 2 (18.1818%)	Total: 7 (63.6364%)
[cartographer_node-1] [0.736228, 0.761943)	                ####	Count: 2 (18.1818%)	Total: 9 (81.8182%)
[cartographer_node-1] [0.761943, 0.787658)	                  ##	Count: 1 (9.09091%)	Total: 10 (90.9091%)
[cartographer_node-1] [0.787658, 0.813373)	                    	Count: 0 (0%)	Total: 10 (90.9091%)
[cartographer_node-1] [0.813373, 0.839087]	                  ##	Count: 1 (9.09091%)	Total: 11 (100%)
[cartographer_node-1] [INFO] [1778748372.266420573] [cartographer logger]: I0514 17:46:12.000000 82614 pose_graph_2d.cc:538] Remaining work items in queue: 0
[cartographer_node-1] [INFO] [1778748372.266442966] [cartographer logger]: I0514 17:46:12.000000 82614 constraint_builder_2d.cc:294] 0 computations resulted in 0 additional constraints.
[cartographer_node-1] [INFO] [1778748372.266664635] [cartographer logger]: I0514 17:46:12.000000 82614 constraint_builder_2d.cc:296] Score histogram:
[cartographer_node-1] Count: 11  Min: 0.581939  Max: 0.839087  Mean: 0.702577
[cartographer_node-1] [0.581939, 0.607654)	                ####	Count: 2 (18.1818%)	Total: 2 (18.1818%)
[cartographer_node-1] [0.607654, 0.633369)	                  ##	Count: 1 (9.09091%)	Total: 3 (27.2727%)
[cartographer_node-1] [0.633369, 0.659084)	                    	Count: 0 (0%)	Total: 3 (27.2727%)
[cartographer_node-1] [0.659084, 0.684799)	                ####	Count: 2 (18.1818%)	Total: 5 (45.4545%)
[cartographer_node-1] [0.684799, 0.710513)	                    	Count: 0 (0%)	Total: 5 (45.4545%)
[cartographer_node-1] [0.710513, 0.736228)	                ####	Count: 2 (18.1818%)	Total: 7 (63.6364%)
[cartographer_node-1] [0.736228, 0.761943)	                ####	Count: 2 (18.1818%)	Total: 9 (81.8182%)
[cartographer_node-1] [0.761943, 0.787658)	                  ##	Count: 1 (9.09091%)	Total: 10 (90.9091%)
[cartographer_node-1] [0.787658, 0.813373)	                    	Count: 0 (0%)	Total: 10 (90.9091%)
[cartographer_node-1] [0.813373, 0.839087]	                  ##	Count: 1 (9.09091%)	Total: 11 (100%)
[cartographer_node-1] [INFO] [1778748372.410470952] [cartographer logger]: I0514 17:46:12.000000 82615 pose_graph_2d.cc:538] Remaining work items in queue: 1
[cartographer_node-1] [INFO] [1778748372.410534596] [cartographer logger]: I0514 17:46:12.000000 82615 constraint_builder_2d.cc:294] 0 computations resulted in 0 additional constraints.
[cartographer_node-1] [INFO] [1778748372.410833643] [cartographer logger]: I0514 17:46:12.000000 82615 constraint_builder_2d.cc:296] Score histogram:
[cartographer_node-1] Count: 11  Min: 0.581939  Max: 0.839087  Mean: 0.702577
[cartographer_node-1] [0.581939, 0.607654)	                ####	Count: 2 (18.1818%)	Total: 2 (18.1818%)
[cartographer_node-1] [0.607654, 0.633369)	                  ##	Count: 1 (9.09091%)	Total: 3 (27.2727%)
[cartographer_node-1] [0.633369, 0.659084)	                    	Count: 0 (0%)	Total: 3 (27.2727%)
[cartographer_node-1] [0.659084, 0.684799)	                ####	Count: 2 (18.1818%)	Total: 5 (45.4545%)
[cartographer_node-1] [0.684799, 0.710513)	                    	Count: 0 (0%)	Total: 5 (45.4545%)
[cartographer_node-1] [0.710513, 0.736228)	                ####	Count: 2 (18.1818%)	Total: 7 (63.6364%)
[cartographer_node-1] [0.736228, 0.761943)	                ####	Count: 2 (18.1818%)	Total: 9 (81.8182%)
[cartographer_node-1] [0.761943, 0.787658)	                  ##	Count: 1 (9.09091%)	Total: 10 (90.9091%)
[cartographer_node-1] [0.787658, 0.813373)	                    	Count: 0 (0%)	Total: 10 (90.9091%)
[cartographer_node-1] [0.813373, 0.839087]	                  ##	Count: 1 (9.09091%)	Total: 11 (100%)
[cartographer_node-1] [INFO] [1778748372.612635051] [cartographer logger]: I0514 17:46:12.000000 82614 pose_graph_2d.cc:538] Remaining work items in queue: 0
[cartographer_node-1] [INFO] [1778748372.642791754] [cartographer logger]: I0514 17:46:12.000000 82615 constraint_builder_2d.cc:294] 1 computations resulted in 0 additional constraints.
[cartographer_node-1] [INFO] [1778748372.642823147] [cartographer logger]: I0514 17:46:12.000000 82615 constraint_builder_2d.cc:296] Score histogram:
[cartographer_node-1] Count: 11  Min: 0.581939  Max: 0.839087  Mean: 0.702577
[cartographer_node-1] [0.581939, 0.607654)	                ####	Count: 2 (18.1818%)	Total: 2 (18.1818%)
[cartographer_node-1] [0.607654, 0.633369)	                  ##	Count: 1 (9.09091%)	Total: 3 (27.2727%)
[cartographer_node-1] [0.633369, 0.659084)	                    	Count: 0 (0%)	Total: 3 (27.2727%)
[cartographer_node-1] [0.659084, 0.684799)	                ####	Count: 2 (18.1818%)	Total: 5 (45.4545%)
[cartographer_node-1] [0.684799, 0.710513)	                    	Count: 0 (0%)	Total: 5 (45.4545%)
[cartographer_node-1] [0.710513, 0.736228)	                ####	Count: 2 (18.1818%)	Total: 7 (63.6364%)
[cartographer_node-1] [0.736228, 0.761943)	                ####	Count: 2 (18.1818%)	Total: 9 (81.8182%)
[cartographer_node-1] [0.761943, 0.787658)	                  ##	Count: 1 (9.09091%)	Total: 10 (90.9091%)
[cartographer_node-1] [0.787658, 0.813373)	                    	Count: 0 (0%)	Total: 10 (90.9091%)
[cartographer_node-1] [0.813373, 0.839087]	                  ##	Count: 1 (9.09091%)	Total: 11 (100%)
[cartographer_node-1] [INFO] [1778748372.718654188] [cartographer logger]: I0514 17:46:12.000000 82614 pose_graph_2d.cc:538] Remaining work items in queue: 0
[cartographer_node-1] [INFO] [1778748372.718727783] [cartographer logger]: I0514 17:46:12.000000 82614 constraint_builder_2d.cc:294] 0 computations resulted in 0 additional constraints.
[cartographer_node-1] [INFO] [1778748372.719082149] [cartographer logger]: I0514 17:46:12.000000 82614 constraint_builder_2d.cc:296] Score histogram:
[cartographer_node-1] Count: 11  Min: 0.581939  Max: 0.839087  Mean: 0.702577
[cartographer_node-1] [0.581939, 0.607654)	                ####	Count: 2 (18.1818%)	Total: 2 (18.1818%)
[cartographer_node-1] [0.607654, 0.633369)	                  ##	Count: 1 (9.09091%)	Total: 3 (27.2727%)
[cartographer_node-1] [0.633369, 0.659084)	                    	Count: 0 (0%)	Total: 3 (27.2727%)
[cartographer_node-1] [0.659084, 0.684799)	                ####	Count: 2 (18.1818%)	Total: 5 (45.4545%)
[cartographer_node-1] [0.684799, 0.710513)	                    	Count: 0 (0%)	Total: 5 (45.4545%)
[cartographer_node-1] [0.710513, 0.736228)	                ####	Count: 2 (18.1818%)	Total: 7 (63.6364%)
[cartographer_node-1] [0.736228, 0.761943)	                ####	Count: 2 (18.1818%)	Total: 9 (81.8182%)
[cartographer_node-1] [0.761943, 0.787658)	                  ##	Count: 1 (9.09091%)	Total: 10 (90.9091%)
[cartographer_node-1] [0.787658, 0.813373)	                    	Count: 0 (0%)	Total: 10 (90.9091%)
[cartographer_node-1] [0.813373, 0.839087]	                  ##	Count: 1 (9.09091%)	Total: 11 (100%)
[cartographer_node-1] [INFO] [1778748372.866935706] [cartographer logger]: I0514 17:46:12.000000 82614 pose_graph_2d.cc:538] Remaining work items in queue: 0
[cartographer_node-1] [INFO] [1778748372.866957666] [cartographer logger]: I0514 17:46:12.000000 82614 constraint_builder_2d.cc:294] 0 computations resulted in 0 additional constraints.
[cartographer_node-1] [INFO] [1778748372.867018158] [cartographer logger]: I0514 17:46:12.000000 82614 constraint_builder_2d.cc:296] Score histogram:
[cartographer_node-1] Count: 11  Min: 0.581939  Max: 0.839087  Mean: 0.702577
[cartographer_node-1] [0.581939, 0.607654)	                ####	Count: 2 (18.1818%)	Total: 2 (18.1818%)
[cartographer_node-1] [0.607654, 0.633369)	                  ##	Count: 1 (9.09091%)	Total: 3 (27.2727%)
[cartographer_node-1] [0.633369, 0.659084)	                    	Count: 0 (0%)	Total: 3 (27.2727%)
[cartographer_node-1] [0.659084, 0.684799)	                ####	Count: 2 (18.1818%)	Total: 5 (45.4545%)
[cartographer_node-1] [0.684799, 0.710513)	                    	Count: 0 (0%)	Total: 5 (45.4545%)
[cartographer_node-1] [0.710513, 0.736228)	                ####	Count: 2 (18.1818%)	Total: 7 (63.6364%)
[cartographer_node-1] [0.736228, 0.761943)	                ####	Count: 2 (18.1818%)	Total: 9 (81.8182%)
[cartographer_node-1] [0.761943, 0.787658)	                  ##	Count: 1 (9.09091%)	Total: 10 (90.9091%)
[cartographer_node-1] [0.787658, 0.813373)	                    	Count: 0 (0%)	Total: 10 (90.9091%)
[cartographer_node-1] [0.813373, 0.839087]	                  ##	Count: 1 (9.09091%)	Total: 11 (100%)
[cartographer_node-1] [INFO] [1778748372.933889682] [cartographer logger]: I0514 17:46:12.000000 82615 pose_graph_2d.cc:538] Remaining work items in queue: 1
[cartographer_node-1] [INFO] [1778748372.933932453] [cartographer logger]: I0514 17:46:12.000000 82615 constraint_builder_2d.cc:294] 0 computations resulted in 0 additional constraints.
[cartographer_node-1] [INFO] [1778748372.934034581] [cartographer logger]: I0514 17:46:12.000000 82615 constraint_builder_2d.cc:296] Score histogram:
[cartographer_node-1] Count: 11  Min: 0.581939  Max: 0.839087  Mean: 0.702577
[cartographer_node-1] [0.581939, 0.607654)	                ####	Count: 2 (18.1818%)	Total: 2 (18.1818%)
[cartographer_node-1] [0.607654, 0.633369)	                  ##	Count: 1 (9.09091%)	Total: 3 (27.2727%)
[cartographer_node-1] [0.633369, 0.659084)	                    	Count: 0 (0%)	Total: 3 (27.2727%)
[cartographer_node-1] [0.659084, 0.684799)	                ####	Count: 2 (18.1818%)	Total: 5 (45.4545%)
[cartographer_node-1] [0.684799, 0.710513)	                    	Count: 0 (0%)	Total: 5 (45.4545%)
[cartographer_node-1] [0.710513, 0.736228)	                ####	Count: 2 (18.1818%)	Total: 7 (63.6364%)
[cartographer_node-1] [0.736228, 0.761943)	                ####	Count: 2 (18.1818%)	Total: 9 (81.8182%)
[cartographer_node-1] [0.761943, 0.787658)	                  ##	Count: 1 (9.09091%)	Total: 10 (90.9091%)
[cartographer_node-1] [0.787658, 0.813373)	                    	Count: 0 (0%)	Total: 10 (90.9091%)
[cartographer_node-1] [0.813373, 0.839087]	                  ##	Count: 1 (9.09091%)	Total: 11 (100%)
[cartographer_node-1] [INFO] [1778748372.983427032] [cartographer logger]: I0514 17:46:12.000000 82616 pose_graph_2d.cc:538] Remaining work items in queue: 0
[cartographer_node-1] [INFO] [1778748372.983452643] [cartographer logger]: I0514 17:46:12.000000 82616 constraint_builder_2d.cc:294] 0 computations resulted in 0 additional constraints.
[cartographer_node-1] [INFO] [1778748372.983517434] [cartographer logger]: I0514 17:46:12.000000 82616 constraint_builder_2d.cc:296] Score histogram:
[cartographer_node-1] Count: 11  Min: 0.581939  Max: 0.839087  Mean: 0.702577
[cartographer_node-1] [0.581939, 0.607654)	                ####	Count: 2 (18.1818%)	Total: 2 (18.1818%)
[cartographer_node-1] [0.607654, 0.633369)	                  ##	Count: 1 (9.09091%)	Total: 3 (27.2727%)
[cartographer_node-1] [0.633369, 0.659084)	                    	Count: 0 (0%)	Total: 3 (27.2727%)
[cartographer_node-1] [0.659084, 0.684799)	                ####	Count: 2 (18.1818%)	Total: 5 (45.4545%)
[cartographer_node-1] [0.684799, 0.710513)	                    	Count: 0 (0%)	Total: 5 (45.4545%)
[cartographer_node-1] [0.710513, 0.736228)	                ####	Count: 2 (18.1818%)	Total: 7 (63.6364%)
[cartographer_node-1] [0.736228, 0.761943)	                ####	Count: 2 (18.1818%)	Total: 9 (81.8182%)
[cartographer_node-1] [0.761943, 0.787658)	                  ##	Count: 1 (9.09091%)	Total: 10 (90.9091%)
[cartographer_node-1] [0.787658, 0.813373)	                    	Count: 0 (0%)	Total: 10 (90.9091%)
[cartographer_node-1] [0.813373, 0.839087]	                  ##	Count: 1 (9.09091%)	Total: 11 (100%)
[cartographer_node-1] [INFO] [1778748373.072382963] [cartographer logger]: I0514 17:46:13.000000 82613 constraint_builder_2d.cc:279] Node (1, 228) with 208 points on submap (0, 8) matches with score 64.2%.
[cartographer_node-1] [INFO] [1778748373.073494987] [cartographer logger]: I0514 17:46:13.000000 82616 pose_graph_2d.cc:538] Remaining work items in queue: 0
[cartographer_node-1] [INFO] [1778748373.073536408] [cartographer logger]: I0514 17:46:13.000000 82616 constraint_builder_2d.cc:294] 1 computations resulted in 1 additional constraints.
[cartographer_node-1] [INFO] [1778748373.073794555] [cartographer logger]: I0514 17:46:13.000000 82616 constraint_builder_2d.cc:296] Score histogram:
[cartographer_node-1] Count: 12  Min: 0.581939  Max: 0.839087  Mean: 0.69754
[cartographer_node-1] [0.581939, 0.607654)	                 ###	Count: 2 (16.6667%)	Total: 2 (16.6667%)
[cartographer_node-1] [0.607654, 0.633369)	                  ##	Count: 1 (8.33333%)	Total: 3 (25%)
[cartographer_node-1] [0.633369, 0.659084)	                  ##	Count: 1 (8.33333%)	Total: 4 (33.3333%)
[cartographer_node-1] [0.659084, 0.684799)	                 ###	Count: 2 (16.6667%)	Total: 6 (50%)
[cartographer_node-1] [0.684799, 0.710513)	                    	Count: 0 (0%)	Total: 6 (50%)
[cartographer_node-1] [0.710513, 0.736228)	                 ###	Count: 2 (16.6667%)	Total: 8 (66.6667%)
[cartographer_node-1] [0.736228, 0.761943)	                 ###	Count: 2 (16.6667%)	Total: 10 (83.3333%)
[cartographer_node-1] [0.761943, 0.787658)	                  ##	Count: 1 (8.33333%)	Total: 11 (91.6667%)
[cartographer_node-1] [0.787658, 0.813373)	                    	Count: 0 (0%)	Total: 11 (91.6667%)
[cartographer_node-1] [0.813373, 0.839087]	                  ##	Count: 1 (8.33333%)	Total: 12 (100%)
[cartographer_node-1] [INFO] [1778748373.154301774] [cartographer logger]: I0514 17:46:13.000000 82613 pose_graph_2d.cc:538] Remaining work items in queue: 0
[cartographer_node-1] [INFO] [1778748373.154326905] [cartographer logger]: I0514 17:46:13.000000 82613 constraint_builder_2d.cc:294] 0 computations resulted in 0 additional constraints.
[cartographer_node-1] [INFO] [1778748373.154353718] [cartographer logger]: I0514 17:46:13.000000 82613 constraint_builder_2d.cc:296] Score histogram:
[cartographer_node-1] Count: 12  Min: 0.581939  Max: 0.839087  Mean: 0.69754
[cartographer_node-1] [0.581939, 0.607654)	                 ###	Count: 2 (16.6667%)	Total: 2 (16.6667%)
[cartographer_node-1] [0.607654, 0.633369)	                  ##	Count: 1 (8.33333%)	Total: 3 (25%)
[cartographer_node-1] [0.633369, 0.659084)	                  ##	Count: 1 (8.33333%)	Total: 4 (33.3333%)
[cartographer_node-1] [0.659084, 0.684799)	                 ###	Count: 2 (16.6667%)	Total: 6 (50%)
[cartographer_node-1] [0.684799, 0.710513)	                    	Count: 0 (0%)	Total: 6 (50%)
[cartographer_node-1] [0.710513, 0.736228)	                 ###	Count: 2 (16.6667%)	Total: 8 (66.6667%)
[cartographer_node-1] [0.736228, 0.761943)	                 ###	Count: 2 (16.6667%)	Total: 10 (83.3333%)
[cartographer_node-1] [0.761943, 0.787658)	                  ##	Count: 1 (8.33333%)	Total: 11 (91.6667%)
[cartographer_node-1] [0.787658, 0.813373)	                    	Count: 0 (0%)	Total: 11 (91.6667%)
[cartographer_node-1] [0.813373, 0.839087]	                  ##	Count: 1 (8.33333%)	Total: 12 (100%)
[cartographer_node-1] [INFO] [1778748373.241239260] [cartographer logger]: I0514 17:46:13.000000 82616 pose_graph_2d.cc:538] Remaining work items in queue: 0
[cartographer_node-1] [INFO] [1778748373.241347043] [cartographer logger]: I0514 17:46:13.000000 82616 constraint_builder_2d.cc:294] 0 computations resulted in 0 additional constraints.
[cartographer_node-1] [INFO] [1778748373.241463711] [cartographer logger]: I0514 17:46:13.000000 82616 constraint_builder_2d.cc:296] Score histogram:
[cartographer_node-1] Count: 12  Min: 0.581939  Max: 0.839087  Mean: 0.69754
[cartographer_node-1] [0.581939, 0.607654)	                 ###	Count: 2 (16.6667%)	Total: 2 (16.6667%)
[cartographer_node-1] [0.607654, 0.633369)	                  ##	Count: 1 (8.33333%)	Total: 3 (25%)
[cartographer_node-1] [0.633369, 0.659084)	                  ##	Count: 1 (8.33333%)	Total: 4 (33.3333%)
[cartographer_node-1] [0.659084, 0.684799)	                 ###	Count: 2 (16.6667%)	Total: 6 (50%)
[cartographer_node-1] [0.684799, 0.710513)	                    	Count: 0 (0%)	Total: 6 (50%)
[cartographer_node-1] [0.710513, 0.736228)	                 ###	Count: 2 (16.6667%)	Total: 8 (66.6667%)
[cartographer_node-1] [0.736228, 0.761943)	                 ###	Count: 2 (16.6667%)	Total: 10 (83.3333%)
[cartographer_node-1] [0.761943, 0.787658)	                  ##	Count: 1 (8.33333%)	Total: 11 (91.6667%)
[cartographer_node-1] [0.787658, 0.813373)	                    	Count: 0 (0%)	Total: 11 (91.6667%)
[cartographer_node-1] [0.813373, 0.839087]	                  ##	Count: 1 (8.33333%)	Total: 12 (100%)
[cartographer_node-1] [INFO] [1778748373.317602903] [cartographer logger]: I0514 17:46:13.000000 82614 pose_graph_2d.cc:538] Remaining work items in queue: 1
[cartographer_node-1] [INFO] [1778748373.317686433] [cartographer logger]: I0514 17:46:13.000000 82614 constraint_builder_2d.cc:294] 0 computations resulted in 0 additional constraints.
[cartographer_node-1] [INFO] [1778748373.318403283] [cartographer logger]: I0514 17:46:13.000000 82614 constraint_builder_2d.cc:296] Score histogram:
[cartographer_node-1] Count: 12  Min: 0.581939  Max: 0.839087  Mean: 0.69754
[cartographer_node-1] [0.581939, 0.607654)	                 ###	Count: 2 (16.6667%)	Total: 2 (16.6667%)
[cartographer_node-1] [0.607654, 0.633369)	                  ##	Count: 1 (8.33333%)	Total: 3 (25%)
[cartographer_node-1] [0.633369, 0.659084)	                  ##	Count: 1 (8.33333%)	Total: 4 (33.3333%)
[cartographer_node-1] [0.659084, 0.684799)	                 ###	Count: 2 (16.6667%)	Total: 6 (50%)
[cartographer_node-1] [0.684799, 0.710513)	                    	Count: 0 (0%)	Total: 6 (50%)
[cartographer_node-1] [0.710513, 0.736228)	                 ###	Count: 2 (16.6667%)	Total: 8 (66.6667%)
[cartographer_node-1] [0.736228, 0.761943)	                 ###	Count: 2 (16.6667%)	Total: 10 (83.3333%)
[cartographer_node-1] [0.761943, 0.787658)	                  ##	Count: 1 (8.33333%)	Total: 11 (91.6667%)
[cartographer_node-1] [0.787658, 0.813373)	                    	Count: 0 (0%)	Total: 11 (91.6667%)
[cartographer_node-1] [0.813373, 0.839087]	                  ##	Count: 1 (8.33333%)	Total: 12 (100%)
[cartographer_node-1] [INFO] [1778748373.365667953] [cartographer logger]: I0514 17:46:13.000000 82613 pose_graph_2d.cc:538] Remaining work items in queue: 1
[cartographer_node-1] [INFO] [1778748373.392573232] [cartographer logger]: I0514 17:46:13.000000 82615 constraint_builder_2d.cc:294] 1 computations resulted in 0 additional constraints.
[cartographer_node-1] [INFO] [1778748373.392646871] [cartographer logger]: I0514 17:46:13.000000 82615 constraint_builder_2d.cc:296] Score histogram:
[cartographer_node-1] Count: 12  Min: 0.581939  Max: 0.839087  Mean: 0.69754
[cartographer_node-1] [0.581939, 0.607654)	                 ###	Count: 2 (16.6667%)	Total: 2 (16.6667%)
[cartographer_node-1] [0.607654, 0.633369)	                  ##	Count: 1 (8.33333%)	Total: 3 (25%)
[cartographer_node-1] [0.633369, 0.659084)	                  ##	Count: 1 (8.33333%)	Total: 4 (33.3333%)
[cartographer_node-1] [0.659084, 0.684799)	                 ###	Count: 2 (16.6667%)	Total: 6 (50%)
[cartographer_node-1] [0.684799, 0.710513)	                    	Count: 0 (0%)	Total: 6 (50%)
[cartographer_node-1] [0.710513, 0.736228)	                 ###	Count: 2 (16.6667%)	Total: 8 (66.6667%)
[cartographer_node-1] [0.736228, 0.761943)	                 ###	Count: 2 (16.6667%)	Total: 10 (83.3333%)
[cartographer_node-1] [0.761943, 0.787658)	                  ##	Count: 1 (8.33333%)	Total: 11 (91.6667%)
[cartographer_node-1] [0.787658, 0.813373)	                    	Count: 0 (0%)	Total: 11 (91.6667%)
[cartographer_node-1] [0.813373, 0.839087]	                  ##	Count: 1 (8.33333%)	Total: 12 (100%)
[cartographer_node-1] [INFO] [1778748373.496795383] [cartographer logger]: I0514 17:46:13.000000 82614 pose_graph_2d.cc:538] Remaining work items in queue: 0
[cartographer_node-1] [INFO] [1778748373.496816871] [cartographer logger]: I0514 17:46:13.000000 82614 constraint_builder_2d.cc:294] 0 computations resulted in 0 additional constraints.
[cartographer_node-1] [INFO] [1778748373.497060170] [cartographer logger]: I0514 17:46:13.000000 82614 constraint_builder_2d.cc:296] Score histogram:
[cartographer_node-1] Count: 12  Min: 0.581939  Max: 0.839087  Mean: 0.69754
[cartographer_node-1] [0.581939, 0.607654)	                 ###	Count: 2 (16.6667%)	Total: 2 (16.6667%)
[cartographer_node-1] [0.607654, 0.633369)	                  ##	Count: 1 (8.33333%)	Total: 3 (25%)
[cartographer_node-1] [0.633369, 0.659084)	                  ##	Count: 1 (8.33333%)	Total: 4 (33.3333%)
[cartographer_node-1] [0.659084, 0.684799)	                 ###	Count: 2 (16.6667%)	Total: 6 (50%)
[cartographer_node-1] [0.684799, 0.710513)	                    	Count: 0 (0%)	Total: 6 (50%)
[cartographer_node-1] [0.710513, 0.736228)	                 ###	Count: 2 (16.6667%)	Total: 8 (66.6667%)
[cartographer_node-1] [0.736228, 0.761943)	                 ###	Count: 2 (16.6667%)	Total: 10 (83.3333%)
[cartographer_node-1] [0.761943, 0.787658)	                  ##	Count: 1 (8.33333%)	Total: 11 (91.6667%)
[cartographer_node-1] [0.787658, 0.813373)	                    	Count: 0 (0%)	Total: 11 (91.6667%)
[cartographer_node-1] [0.813373, 0.839087]	                  ##	Count: 1 (8.33333%)	Total: 12 (100%)
[cartographer_node-1] [INFO] [1778748373.671729416] [cartographer logger]: I0514 17:46:13.000000 82616 pose_graph_2d.cc:538] Remaining work items in queue: 0
[cartographer_node-1] [INFO] [1778748373.671758921] [cartographer logger]: I0514 17:46:13.000000 82616 constraint_builder_2d.cc:294] 0 computations resulted in 0 additional constraints.
[cartographer_node-1] [INFO] [1778748373.671867116] [cartographer logger]: I0514 17:46:13.000000 82616 constraint_builder_2d.cc:296] Score histogram:
[cartographer_node-1] Count: 12  Min: 0.581939  Max: 0.839087  Mean: 0.69754
[cartographer_node-1] [0.581939, 0.607654)	                 ###	Count: 2 (16.6667%)	Total: 2 (16.6667%)
[cartographer_node-1] [0.607654, 0.633369)	                  ##	Count: 1 (8.33333%)	Total: 3 (25%)
[cartographer_node-1] [0.633369, 0.659084)	                  ##	Count: 1 (8.33333%)	Total: 4 (33.3333%)
[cartographer_node-1] [0.659084, 0.684799)	                 ###	Count: 2 (16.6667%)	Total: 6 (50%)
[cartographer_node-1] [0.684799, 0.710513)	                    	Count: 0 (0%)	Total: 6 (50%)
[cartographer_node-1] [0.710513, 0.736228)	                 ###	Count: 2 (16.6667%)	Total: 8 (66.6667%)
[cartographer_node-1] [0.736228, 0.761943)	                 ###	Count: 2 (16.6667%)	Total: 10 (83.3333%)
[cartographer_node-1] [0.761943, 0.787658)	                  ##	Count: 1 (8.33333%)	Total: 11 (91.6667%)
[cartographer_node-1] [0.787658, 0.813373)	                    	Count: 0 (0%)	Total: 11 (91.6667%)
[cartographer_node-1] [0.813373, 0.839087]	                  ##	Count: 1 (8.33333%)	Total: 12 (100%)
[cartographer_node-1] [INFO] [1778748373.868426243] [cartographer logger]: I0514 17:46:13.000000 82614 pose_graph_2d.cc:538] Remaining work items in queue: 1
[cartographer_node-1] [INFO] [1778748373.868449976] [cartographer logger]: I0514 17:46:13.000000 82614 constraint_builder_2d.cc:294] 0 computations resulted in 0 additional constraints.
[cartographer_node-1] [INFO] [1778748373.868792330] [cartographer logger]: I0514 17:46:13.000000 82614 constraint_builder_2d.cc:296] Score histogram:
[cartographer_node-1] Count: 12  Min: 0.581939  Max: 0.839087  Mean: 0.69754
[cartographer_node-1] [0.581939, 0.607654)	                 ###	Count: 2 (16.6667%)	Total: 2 (16.6667%)
[cartographer_node-1] [0.607654, 0.633369)	                  ##	Count: 1 (8.33333%)	Total: 3 (25%)
[cartographer_node-1] [0.633369, 0.659084)	                  ##	Count: 1 (8.33333%)	Total: 4 (33.3333%)
[cartographer_node-1] [0.659084, 0.684799)	                 ###	Count: 2 (16.6667%)	Total: 6 (50%)
[cartographer_node-1] [0.684799, 0.710513)	                    	Count: 0 (0%)	Total: 6 (50%)
[cartographer_node-1] [0.710513, 0.736228)	                 ###	Count: 2 (16.6667%)	Total: 8 (66.6667%)
[cartographer_node-1] [0.736228, 0.761943)	                 ###	Count: 2 (16.6667%)	Total: 10 (83.3333%)
[cartographer_node-1] [0.761943, 0.787658)	                  ##	Count: 1 (8.33333%)	Total: 11 (91.6667%)
[cartographer_node-1] [0.787658, 0.813373)	                    	Count: 0 (0%)	Total: 11 (91.6667%)
[cartographer_node-1] [0.813373, 0.839087]	                  ##	Count: 1 (8.33333%)	Total: 12 (100%)
[cartographer_node-1] [INFO] [1778748373.945697632] [cartographer logger]: I0514 17:46:13.000000 82616 pose_graph_2d.cc:538] Remaining work items in queue: 1
[cartographer_node-1] [INFO] [1778748373.945719601] [cartographer logger]: I0514 17:46:13.000000 82616 constraint_builder_2d.cc:294] 0 computations resulted in 0 additional constraints.
[cartographer_node-1] [INFO] [1778748373.945773860] [cartographer logger]: I0514 17:46:13.000000 82616 constraint_builder_2d.cc:296] Score histogram:
[cartographer_node-1] Count: 12  Min: 0.581939  Max: 0.839087  Mean: 0.69754
[cartographer_node-1] [0.581939, 0.607654)	                 ###	Count: 2 (16.6667%)	Total: 2 (16.6667%)
[cartographer_node-1] [0.607654, 0.633369)	                  ##	Count: 1 (8.33333%)	Total: 3 (25%)
[cartographer_node-1] [0.633369, 0.659084)	                  ##	Count: 1 (8.33333%)	Total: 4 (33.3333%)
[cartographer_node-1] [0.659084, 0.684799)	                 ###	Count: 2 (16.6667%)	Total: 6 (50%)
[cartographer_node-1] [0.684799, 0.710513)	                    	Count: 0 (0%)	Total: 6 (50%)
[cartographer_node-1] [0.710513, 0.736228)	                 ###	Count: 2 (16.6667%)	Total: 8 (66.6667%)
[cartographer_node-1] [0.736228, 0.761943)	                 ###	Count: 2 (16.6667%)	Total: 10 (83.3333%)
[cartographer_node-1] [0.761943, 0.787658)	                  ##	Count: 1 (8.33333%)	Total: 11 (91.6667%)
[cartographer_node-1] [0.787658, 0.813373)	                    	Count: 0 (0%)	Total: 11 (91.6667%)
[cartographer_node-1] [0.813373, 0.839087]	                  ##	Count: 1 (8.33333%)	Total: 12 (100%)
[cartographer_node-1] [INFO] [1778748374.050581511] [cartographer logger]: I0514 17:46:14.000000 82616 pose_graph_2d.cc:538] Remaining work items in queue: 0
[cartographer_node-1] [INFO] [1778748374.083942371] [cartographer logger]: I0514 17:46:14.000000 82615 constraint_builder_2d.cc:294] 1 computations resulted in 0 additional constraints.
[cartographer_node-1] [INFO] [1778748374.083975702] [cartographer logger]: I0514 17:46:14.000000 82615 constraint_builder_2d.cc:296] Score histogram:
[cartographer_node-1] Count: 12  Min: 0.581939  Max: 0.839087  Mean: 0.69754
[cartographer_node-1] [0.581939, 0.607654)	                 ###	Count: 2 (16.6667%)	Total: 2 (16.6667%)
[cartographer_node-1] [0.607654, 0.633369)	                  ##	Count: 1 (8.33333%)	Total: 3 (25%)
[cartographer_node-1] [0.633369, 0.659084)	                  ##	Count: 1 (8.33333%)	Total: 4 (33.3333%)
[cartographer_node-1] [0.659084, 0.684799)	                 ###	Count: 2 (16.6667%)	Total: 6 (50%)
[cartographer_node-1] [0.684799, 0.710513)	                    	Count: 0 (0%)	Total: 6 (50%)
[cartographer_node-1] [0.710513, 0.736228)	                 ###	Count: 2 (16.6667%)	Total: 8 (66.6667%)
[cartographer_node-1] [0.736228, 0.761943)	                 ###	Count: 2 (16.6667%)	Total: 10 (83.3333%)
[cartographer_node-1] [0.761943, 0.787658)	                  ##	Count: 1 (8.33333%)	Total: 11 (91.6667%)
[cartographer_node-1] [0.787658, 0.813373)	                    	Count: 0 (0%)	Total: 11 (91.6667%)
[cartographer_node-1] [0.813373, 0.839087]	                  ##	Count: 1 (8.33333%)	Total: 12 (100%)
[cartographer_node-1] [INFO] [1778748374.100362683] [cartographer logger]: I0514 17:46:14.000000 82613 pose_graph_2d.cc:538] Remaining work items in queue: 1
[cartographer_node-1] [INFO] [1778748374.100409850] [cartographer logger]: I0514 17:46:14.000000 82613 constraint_builder_2d.cc:294] 0 computations resulted in 0 additional constraints.
[cartographer_node-1] [INFO] [1778748374.100499479] [cartographer logger]: I0514 17:46:14.000000 82613 constraint_builder_2d.cc:296] Score histogram:
[cartographer_node-1] Count: 12  Min: 0.581939  Max: 0.839087  Mean: 0.69754
[cartographer_node-1] [0.581939, 0.607654)	                 ###	Count: 2 (16.6667%)	Total: 2 (16.6667%)
[cartographer_node-1] [0.607654, 0.633369)	                  ##	Count: 1 (8.33333%)	Total: 3 (25%)
[cartographer_node-1] [0.633369, 0.659084)	                  ##	Count: 1 (8.33333%)	Total: 4 (33.3333%)
[cartographer_node-1] [0.659084, 0.684799)	                 ###	Count: 2 (16.6667%)	Total: 6 (50%)
[cartographer_node-1] [0.684799, 0.710513)	                    	Count: 0 (0%)	Total: 6 (50%)
[cartographer_node-1] [0.710513, 0.736228)	                 ###	Count: 2 (16.6667%)	Total: 8 (66.6667%)
[cartographer_node-1] [0.736228, 0.761943)	                 ###	Count: 2 (16.6667%)	Total: 10 (83.3333%)
[cartographer_node-1] [0.761943, 0.787658)	                  ##	Count: 1 (8.33333%)	Total: 11 (91.6667%)
[cartographer_node-1] [0.787658, 0.813373)	                    	Count: 0 (0%)	Total: 11 (91.6667%)
[cartographer_node-1] [0.813373, 0.839087]	                  ##	Count: 1 (8.33333%)	Total: 12 (100%)
[cartographer_node-1] [INFO] [1778748374.168649271] [cartographer logger]: I0514 17:46:14.000000 82613 pose_graph_2d.cc:538] Remaining work items in queue: 1
[cartographer_node-1] [INFO] [1778748374.168670715] [cartographer logger]: I0514 17:46:14.000000 82613 constraint_builder_2d.cc:294] 0 computations resulted in 0 additional constraints.
[cartographer_node-1] [INFO] [1778748374.168794897] [cartographer logger]: I0514 17:46:14.000000 82613 constraint_builder_2d.cc:296] Score histogram:
[cartographer_node-1] Count: 12  Min: 0.581939  Max: 0.839087  Mean: 0.69754
[cartographer_node-1] [0.581939, 0.607654)	                 ###	Count: 2 (16.6667%)	Total: 2 (16.6667%)
[cartographer_node-1] [0.607654, 0.633369)	                  ##	Count: 1 (8.33333%)	Total: 3 (25%)
[cartographer_node-1] [0.633369, 0.659084)	                  ##	Count: 1 (8.33333%)	Total: 4 (33.3333%)
[cartographer_node-1] [0.659084, 0.684799)	                 ###	Count: 2 (16.6667%)	Total: 6 (50%)
[cartographer_node-1] [0.684799, 0.710513)	                    	Count: 0 (0%)	Total: 6 (50%)
[cartographer_node-1] [0.710513, 0.736228)	                 ###	Count: 2 (16.6667%)	Total: 8 (66.6667%)
[cartographer_node-1] [0.736228, 0.761943)	                 ###	Count: 2 (16.6667%)	Total: 10 (83.3333%)
[cartographer_node-1] [0.761943, 0.787658)	                  ##	Count: 1 (8.33333%)	Total: 11 (91.6667%)
[cartographer_node-1] [0.787658, 0.813373)	                    	Count: 0 (0%)	Total: 11 (91.6667%)
[cartographer_node-1] [0.813373, 0.839087]	                  ##	Count: 1 (8.33333%)	Total: 12 (100%)
[cartographer_node-1] [INFO] [1778748374.263298647] [cartographer logger]: I0514 17:46:14.000000 82613 pose_graph_2d.cc:538] Remaining work items in queue: 1
[cartographer_node-1] [INFO] [1778748374.263368214] [cartographer logger]: I0514 17:46:14.000000 82613 constraint_builder_2d.cc:294] 0 computations resulted in 0 additional constraints.
[cartographer_node-1] [INFO] [1778748374.263665129] [cartographer logger]: I0514 17:46:14.000000 82613 constraint_builder_2d.cc:296] Score histogram:
[cartographer_node-1] Count: 12  Min: 0.581939  Max: 0.839087  Mean: 0.69754
[cartographer_node-1] [0.581939, 0.607654)	                 ###	Count: 2 (16.6667%)	Total: 2 (16.6667%)
[cartographer_node-1] [0.607654, 0.633369)	                  ##	Count: 1 (8.33333%)	Total: 3 (25%)
[cartographer_node-1] [0.633369, 0.659084)	                  ##	Count: 1 (8.33333%)	Total: 4 (33.3333%)
[cartographer_node-1] [0.659084, 0.684799)	                 ###	Count: 2 (16.6667%)	Total: 6 (50%)
[cartographer_node-1] [0.684799, 0.710513)	                    	Count: 0 (0%)	Total: 6 (50%)
[cartographer_node-1] [0.710513, 0.736228)	                 ###	Count: 2 (16.6667%)	Total: 8 (66.6667%)
[cartographer_node-1] [0.736228, 0.761943)	                 ###	Count: 2 (16.6667%)	Total: 10 (83.3333%)
[cartographer_node-1] [0.761943, 0.787658)	                  ##	Count: 1 (8.33333%)	Total: 11 (91.6667%)
[cartographer_node-1] [0.787658, 0.813373)	                    	Count: 0 (0%)	Total: 11 (91.6667%)
[cartographer_node-1] [0.813373, 0.839087]	                  ##	Count: 1 (8.33333%)	Total: 12 (100%)
[cartographer_node-1] [INFO] [1778748374.350756032] [cartographer logger]: I0514 17:46:14.000000 82615 pose_graph_2d.cc:538] Remaining work items in queue: 0
[cartographer_node-1] [INFO] [1778748374.352302634] [cartographer logger]: I0514 17:46:14.000000 82574 pose_graph_2d.cc:148] Inserted submap (1, 3).
[cartographer_node-1] [INFO] [1778748374.400312855] [cartographer logger]: I0514 17:46:14.000000 82616 constraint_builder_2d.cc:279] Node (0, 1018) with 189 points on submap (1, 1) matches with score 68.9%.
[cartographer_node-1] [INFO] [1778748374.438755637] [cartographer logger]: I0514 17:46:14.000000 82616 constraint_builder_2d.cc:279] Node (0, 218) with 221 points on submap (1, 1) matches with score 79.4%.
[cartographer_node-1] [INFO] [1778748374.439360672] [cartographer logger]: I0514 17:46:14.000000 82614 constraint_builder_2d.cc:279] Node (0, 818) with 218 points on submap (1, 1) matches with score 79.3%.
[cartographer_node-1] [INFO] [1778748374.444337537] [cartographer logger]: I0514 17:46:14.000000 82613 constraint_builder_2d.cc:279] Node (0, 418) with 195 points on submap (1, 1) matches with score 58.0%.
[cartographer_node-1] [INFO] [1778748374.444358869] [cartographer logger]: I0514 17:46:14.000000 82613 constraint_builder_2d.cc:294] 8 computations resulted in 4 additional constraints.
[cartographer_node-1] [INFO] [1778748374.444375854] [cartographer logger]: I0514 17:46:14.000000 82613 constraint_builder_2d.cc:296] Score histogram:
[cartographer_node-1] Count: 16  Min: 0.580177  Max: 0.839087  Mean: 0.70169
[cartographer_node-1] [0.580177, 0.606068)	                ####	Count: 3 (18.75%)	Total: 3 (18.75%)
[cartographer_node-1] [0.606068, 0.631959)	                   #	Count: 1 (6.25%)	Total: 4 (25%)
[cartographer_node-1] [0.631959, 0.657850)	                   #	Count: 1 (6.25%)	Total: 5 (31.25%)
[cartographer_node-1] [0.657850, 0.683741)	                 ###	Count: 2 (12.5%)	Total: 7 (43.75%)
[cartographer_node-1] [0.683741, 0.709632)	                   #	Count: 1 (6.25%)	Total: 8 (50%)
[cartographer_node-1] [0.709632, 0.735523)	                 ###	Count: 2 (12.5%)	Total: 10 (62.5%)
[cartographer_node-1] [0.735523, 0.761414)	                 ###	Count: 2 (12.5%)	Total: 12 (75%)
[cartographer_node-1] [0.761414, 0.787305)	                   #	Count: 1 (6.25%)	Total: 13 (81.25%)
[cartographer_node-1] [0.787305, 0.813196)	                 ###	Count: 2 (12.5%)	Total: 15 (93.75%)
[cartographer_node-1] [0.813196, 0.839087]	                   #	Count: 1 (6.25%)	Total: 16 (100%)
[cartographer_node-1] [INFO] [1778748374.476926550] [cartographer logger]: I0514 17:46:14.000000 82613 pose_graph_2d.cc:538] Remaining work items in queue: 10
[cartographer_node-1] [INFO] [1778748374.513333132] [cartographer logger]: I0514 17:46:14.000000 82616 constraint_builder_2d.cc:279] Node (1, 271) with 204 points on submap (0, 6) matches with score 59.0%.
[cartographer_node-1] [INFO] [1778748374.513406323] [cartographer logger]: I0514 17:46:14.000000 82616 constraint_builder_2d.cc:294] 1 computations resulted in 1 additional constraints.
[cartographer_node-1] [INFO] [1778748374.513480522] [cartographer logger]: I0514 17:46:14.000000 82616 constraint_builder_2d.cc:296] Score histogram:
[cartographer_node-1] Count: 17  Min: 0.580177  Max: 0.839087  Mean: 0.695131
[cartographer_node-1] [0.580177, 0.606068)	               #####	Count: 4 (23.5294%)	Total: 4 (23.5294%)
[cartographer_node-1] [0.606068, 0.631959)	                   #	Count: 1 (5.88235%)	Total: 5 (29.4118%)
[cartographer_node-1] [0.631959, 0.657850)	                   #	Count: 1 (5.88235%)	Total: 6 (35.2941%)
[cartographer_node-1] [0.657850, 0.683741)	                  ##	Count: 2 (11.7647%)	Total: 8 (47.0588%)
[cartographer_node-1] [0.683741, 0.709632)	                   #	Count: 1 (5.88235%)	Total: 9 (52.9412%)
[cartographer_node-1] [0.709632, 0.735523)	                  ##	Count: 2 (11.7647%)	Total: 11 (64.7059%)
[cartographer_node-1] [0.735523, 0.761414)	                  ##	Count: 2 (11.7647%)	Total: 13 (76.4706%)
[cartographer_node-1] [0.761414, 0.787305)	                   #	Count: 1 (5.88235%)	Total: 14 (82.3529%)
[cartographer_node-1] [0.787305, 0.813196)	                  ##	Count: 2 (11.7647%)	Total: 16 (94.1176%)
[cartographer_node-1] [0.813196, 0.839087]	                   #	Count: 1 (5.88235%)	Total: 17 (100%)
[cartographer_node-1] [INFO] [1778748374.540717762] [cartographer logger]: I0514 17:46:14.000000 82616 pose_graph_2d.cc:538] Remaining work items in queue: 8
[cartographer_node-1] [INFO] [1778748374.540742777] [cartographer logger]: I0514 17:46:14.000000 82616 constraint_builder_2d.cc:294] 0 computations resulted in 0 additional constraints.
[cartographer_node-1] [INFO] [1778748374.540779345] [cartographer logger]: I0514 17:46:14.000000 82616 constraint_builder_2d.cc:296] Score histogram:
[cartographer_node-1] Count: 17  Min: 0.580177  Max: 0.839087  Mean: 0.695131
[cartographer_node-1] [0.580177, 0.606068)	               #####	Count: 4 (23.5294%)	Total: 4 (23.5294%)
[cartographer_node-1] [0.606068, 0.631959)	                   #	Count: 1 (5.88235%)	Total: 5 (29.4118%)
[cartographer_node-1] [0.631959, 0.657850)	                   #	Count: 1 (5.88235%)	Total: 6 (35.2941%)
[cartographer_node-1] [0.657850, 0.683741)	                  ##	Count: 2 (11.7647%)	Total: 8 (47.0588%)
[cartographer_node-1] [0.683741, 0.709632)	                   #	Count: 1 (5.88235%)	Total: 9 (52.9412%)
[cartographer_node-1] [0.709632, 0.735523)	                  ##	Count: 2 (11.7647%)	Total: 11 (64.7059%)
[cartographer_node-1] [0.735523, 0.761414)	                  ##	Count: 2 (11.7647%)	Total: 13 (76.4706%)
[cartographer_node-1] [0.761414, 0.787305)	                   #	Count: 1 (5.88235%)	Total: 14 (82.3529%)
[cartographer_node-1] [0.787305, 0.813196)	                  ##	Count: 2 (11.7647%)	Total: 16 (94.1176%)
[cartographer_node-1] [0.813196, 0.839087]	                   #	Count: 1 (5.88235%)	Total: 17 (100%)
[cartographer_node-1] [INFO] [1778748374.554556192] [cartographer logger]: I0514 17:46:14.000000 82616 pose_graph_2d.cc:538] Remaining work items in queue: 2
[cartographer_node-1] [INFO] [1778748374.554609841] [cartographer logger]: I0514 17:46:14.000000 82616 constraint_builder_2d.cc:294] 0 computations resulted in 0 additional constraints.
[cartographer_node-1] [INFO] [1778748374.554647925] [cartographer logger]: I0514 17:46:14.000000 82616 constraint_builder_2d.cc:296] Score histogram:
[cartographer_node-1] Count: 17  Min: 0.580177  Max: 0.839087  Mean: 0.695131
[cartographer_node-1] [0.580177, 0.606068)	               #####	Count: 4 (23.5294%)	Total: 4 (23.5294%)
[cartographer_node-1] [0.606068, 0.631959)	                   #	Count: 1 (5.88235%)	Total: 5 (29.4118%)
[cartographer_node-1] [0.631959, 0.657850)	                   #	Count: 1 (5.88235%)	Total: 6 (35.2941%)
[cartographer_node-1] [0.657850, 0.683741)	                  ##	Count: 2 (11.7647%)	Total: 8 (47.0588%)
[cartographer_node-1] [0.683741, 0.709632)	                   #	Count: 1 (5.88235%)	Total: 9 (52.9412%)
[cartographer_node-1] [0.709632, 0.735523)	                  ##	Count: 2 (11.7647%)	Total: 11 (64.7059%)
[cartographer_node-1] [0.735523, 0.761414)	                  ##	Count: 2 (11.7647%)	Total: 13 (76.4706%)
[cartographer_node-1] [0.761414, 0.787305)	                   #	Count: 1 (5.88235%)	Total: 14 (82.3529%)
[cartographer_node-1] [0.787305, 0.813196)	                  ##	Count: 2 (11.7647%)	Total: 16 (94.1176%)
[cartographer_node-1] [0.813196, 0.839087]	                   #	Count: 1 (5.88235%)	Total: 17 (100%)
[cartographer_node-1] [INFO] [1778748374.653597032] [cartographer logger]: I0514 17:46:14.000000 82614 pose_graph_2d.cc:538] Remaining work items in queue: 1
[cartographer_node-1] [INFO] [1778748374.653618210] [cartographer logger]: I0514 17:46:14.000000 82614 constraint_builder_2d.cc:294] 0 computations resulted in 0 additional constraints.
[cartographer_node-1] [INFO] [1778748374.653656510] [cartographer logger]: I0514 17:46:14.000000 82614 constraint_builder_2d.cc:296] Score histogram:
[cartographer_node-1] Count: 17  Min: 0.580177  Max: 0.839087  Mean: 0.695131
[cartographer_node-1] [0.580177, 0.606068)	               #####	Count: 4 (23.5294%)	Total: 4 (23.5294%)
[cartographer_node-1] [0.606068, 0.631959)	                   #	Count: 1 (5.88235%)	Total: 5 (29.4118%)
[cartographer_node-1] [0.631959, 0.657850)	                   #	Count: 1 (5.88235%)	Total: 6 (35.2941%)
[cartographer_node-1] [0.657850, 0.683741)	                  ##	Count: 2 (11.7647%)	Total: 8 (47.0588%)
[cartographer_node-1] [0.683741, 0.709632)	                   #	Count: 1 (5.88235%)	Total: 9 (52.9412%)
[cartographer_node-1] [0.709632, 0.735523)	                  ##	Count: 2 (11.7647%)	Total: 11 (64.7059%)
[cartographer_node-1] [0.735523, 0.761414)	                  ##	Count: 2 (11.7647%)	Total: 13 (76.4706%)
[cartographer_node-1] [0.761414, 0.787305)	                   #	Count: 1 (5.88235%)	Total: 14 (82.3529%)
[cartographer_node-1] [0.787305, 0.813196)	                  ##	Count: 2 (11.7647%)	Total: 16 (94.1176%)
[cartographer_node-1] [0.813196, 0.839087]	                   #	Count: 1 (5.88235%)	Total: 17 (100%)
[cartographer_node-1] [INFO] [1778748374.697267040] [cartographer logger]: I0514 17:46:14.000000 82616 pose_graph_2d.cc:538] Remaining work items in queue: 1
[cartographer_node-1] [INFO] [1778748374.697320629] [cartographer logger]: I0514 17:46:14.000000 82616 constraint_builder_2d.cc:294] 0 computations resulted in 0 additional constraints.
[cartographer_node-1] [INFO] [1778748374.697414397] [cartographer logger]: I0514 17:46:14.000000 82616 constraint_builder_2d.cc:296] Score histogram:
[cartographer_node-1] Count: 17  Min: 0.580177  Max: 0.839087  Mean: 0.695131
[cartographer_node-1] [0.580177, 0.606068)	               #####	Count: 4 (23.5294%)	Total: 4 (23.5294%)
[cartographer_node-1] [0.606068, 0.631959)	                   #	Count: 1 (5.88235%)	Total: 5 (29.4118%)
[cartographer_node-1] [0.631959, 0.657850)	                   #	Count: 1 (5.88235%)	Total: 6 (35.2941%)
[cartographer_node-1] [0.657850, 0.683741)	                  ##	Count: 2 (11.7647%)	Total: 8 (47.0588%)
[cartographer_node-1] [0.683741, 0.709632)	                   #	Count: 1 (5.88235%)	Total: 9 (52.9412%)
[cartographer_node-1] [0.709632, 0.735523)	                  ##	Count: 2 (11.7647%)	Total: 11 (64.7059%)
[cartographer_node-1] [0.735523, 0.761414)	                  ##	Count: 2 (11.7647%)	Total: 13 (76.4706%)
[cartographer_node-1] [0.761414, 0.787305)	                   #	Count: 1 (5.88235%)	Total: 14 (82.3529%)
[cartographer_node-1] [0.787305, 0.813196)	                  ##	Count: 2 (11.7647%)	Total: 16 (94.1176%)
[cartographer_node-1] [0.813196, 0.839087]	                   #	Count: 1 (5.88235%)	Total: 17 (100%)
[cartographer_node-1] [INFO] [1778748374.796049292] [cartographer logger]: I0514 17:46:14.000000 82615 pose_graph_2d.cc:538] Remaining work items in queue: 1
[cartographer_node-1] [INFO] [1778748374.796072138] [cartographer logger]: I0514 17:46:14.000000 82615 constraint_builder_2d.cc:294] 1 computations resulted in 0 additional constraints.
[cartographer_node-1] [INFO] [1778748374.796093628] [cartographer logger]: I0514 17:46:14.000000 82615 constraint_builder_2d.cc:296] Score histogram:
[cartographer_node-1] Count: 17  Min: 0.580177  Max: 0.839087  Mean: 0.695131
[cartographer_node-1] [0.580177, 0.606068)	               #####	Count: 4 (23.5294%)	Total: 4 (23.5294%)
[cartographer_node-1] [0.606068, 0.631959)	                   #	Count: 1 (5.88235%)	Total: 5 (29.4118%)
[cartographer_node-1] [0.631959, 0.657850)	                   #	Count: 1 (5.88235%)	Total: 6 (35.2941%)
[cartographer_node-1] [0.657850, 0.683741)	                  ##	Count: 2 (11.7647%)	Total: 8 (47.0588%)
[cartographer_node-1] [0.683741, 0.709632)	                   #	Count: 1 (5.88235%)	Total: 9 (52.9412%)
[cartographer_node-1] [0.709632, 0.735523)	                  ##	Count: 2 (11.7647%)	Total: 11 (64.7059%)
[cartographer_node-1] [0.735523, 0.761414)	                  ##	Count: 2 (11.7647%)	Total: 13 (76.4706%)
[cartographer_node-1] [0.761414, 0.787305)	                   #	Count: 1 (5.88235%)	Total: 14 (82.3529%)
[cartographer_node-1] [0.787305, 0.813196)	                  ##	Count: 2 (11.7647%)	Total: 16 (94.1176%)
[cartographer_node-1] [0.813196, 0.839087]	                   #	Count: 1 (5.88235%)	Total: 17 (100%)
[cartographer_node-1] [INFO] [1778748374.879689062] [cartographer logger]: I0514 17:46:14.000000 82613 pose_graph_2d.cc:538] Remaining work items in queue: 1
[cartographer_node-1] [INFO] [1778748374.879752466] [cartographer logger]: I0514 17:46:14.000000 82613 constraint_builder_2d.cc:294] 0 computations resulted in 0 additional constraints.
[cartographer_node-1] [INFO] [1778748374.879788019] [cartographer logger]: I0514 17:46:14.000000 82613 constraint_builder_2d.cc:296] Score histogram:
[cartographer_node-1] Count: 17  Min: 0.580177  Max: 0.839087  Mean: 0.695131
[cartographer_node-1] [0.580177, 0.606068)	               #####	Count: 4 (23.5294%)	Total: 4 (23.5294%)
[cartographer_node-1] [0.606068, 0.631959)	                   #	Count: 1 (5.88235%)	Total: 5 (29.4118%)
[cartographer_node-1] [0.631959, 0.657850)	                   #	Count: 1 (5.88235%)	Total: 6 (35.2941%)
[cartographer_node-1] [0.657850, 0.683741)	                  ##	Count: 2 (11.7647%)	Total: 8 (47.0588%)
[cartographer_node-1] [0.683741, 0.709632)	                   #	Count: 1 (5.88235%)	Total: 9 (52.9412%)
[cartographer_node-1] [0.709632, 0.735523)	                  ##	Count: 2 (11.7647%)	Total: 11 (64.7059%)
[cartographer_node-1] [0.735523, 0.761414)	                  ##	Count: 2 (11.7647%)	Total: 13 (76.4706%)
[cartographer_node-1] [0.761414, 0.787305)	                   #	Count: 1 (5.88235%)	Total: 14 (82.3529%)
[cartographer_node-1] [0.787305, 0.813196)	                  ##	Count: 2 (11.7647%)	Total: 16 (94.1176%)
[cartographer_node-1] [0.813196, 0.839087]	                   #	Count: 1 (5.88235%)	Total: 17 (100%)
[cartographer_node-1] [INFO] [1778748374.943360868] [cartographer logger]: I0514 17:46:14.000000 82613 pose_graph_2d.cc:538] Remaining work items in queue: 0
[cartographer_node-1] [INFO] [1778748374.943414108] [cartographer logger]: I0514 17:46:14.000000 82613 constraint_builder_2d.cc:294] 0 computations resulted in 0 additional constraints.
[cartographer_node-1] [INFO] [1778748374.943481818] [cartographer logger]: I0514 17:46:14.000000 82613 constraint_builder_2d.cc:296] Score histogram:
[cartographer_node-1] Count: 17  Min: 0.580177  Max: 0.839087  Mean: 0.695131
[cartographer_node-1] [0.580177, 0.606068)	               #####	Count: 4 (23.5294%)	Total: 4 (23.5294%)
[cartographer_node-1] [0.606068, 0.631959)	                   #	Count: 1 (5.88235%)	Total: 5 (29.4118%)
[cartographer_node-1] [0.631959, 0.657850)	                   #	Count: 1 (5.88235%)	Total: 6 (35.2941%)
[cartographer_node-1] [0.657850, 0.683741)	                  ##	Count: 2 (11.7647%)	Total: 8 (47.0588%)
[cartographer_node-1] [0.683741, 0.709632)	                   #	Count: 1 (5.88235%)	Total: 9 (52.9412%)
[cartographer_node-1] [0.709632, 0.735523)	                  ##	Count: 2 (11.7647%)	Total: 11 (64.7059%)
[cartographer_node-1] [0.735523, 0.761414)	                  ##	Count: 2 (11.7647%)	Total: 13 (76.4706%)
[cartographer_node-1] [0.761414, 0.787305)	                   #	Count: 1 (5.88235%)	Total: 14 (82.3529%)
[cartographer_node-1] [0.787305, 0.813196)	                  ##	Count: 2 (11.7647%)	Total: 16 (94.1176%)
[cartographer_node-1] [0.813196, 0.839087]	                   #	Count: 1 (5.88235%)	Total: 17 (100%)
[cartographer_node-1] [INFO] [1778748374.993738116] [cartographer logger]: I0514 17:46:14.000000 82616 pose_graph_2d.cc:538] Remaining work items in queue: 1
[cartographer_node-1] [INFO] [1778748374.993759425] [cartographer logger]: I0514 17:46:14.000000 82616 constraint_builder_2d.cc:294] 0 computations resulted in 0 additional constraints.
[cartographer_node-1] [INFO] [1778748374.993810519] [cartographer logger]: I0514 17:46:14.000000 82616 constraint_builder_2d.cc:296] Score histogram:
[cartographer_node-1] Count: 17  Min: 0.580177  Max: 0.839087  Mean: 0.695131
[cartographer_node-1] [0.580177, 0.606068)	               #####	Count: 4 (23.5294%)	Total: 4 (23.5294%)
[cartographer_node-1] [0.606068, 0.631959)	                   #	Count: 1 (5.88235%)	Total: 5 (29.4118%)
[cartographer_node-1] [0.631959, 0.657850)	                   #	Count: 1 (5.88235%)	Total: 6 (35.2941%)
[cartographer_node-1] [0.657850, 0.683741)	                  ##	Count: 2 (11.7647%)	Total: 8 (47.0588%)
[cartographer_node-1] [0.683741, 0.709632)	                   #	Count: 1 (5.88235%)	Total: 9 (52.9412%)
[cartographer_node-1] [0.709632, 0.735523)	                  ##	Count: 2 (11.7647%)	Total: 11 (64.7059%)
[cartographer_node-1] [0.735523, 0.761414)	                  ##	Count: 2 (11.7647%)	Total: 13 (76.4706%)
[cartographer_node-1] [0.761414, 0.787305)	                   #	Count: 1 (5.88235%)	Total: 14 (82.3529%)
[cartographer_node-1] [0.787305, 0.813196)	                  ##	Count: 2 (11.7647%)	Total: 16 (94.1176%)
[cartographer_node-1] [0.813196, 0.839087]	                   #	Count: 1 (5.88235%)	Total: 17 (100%)
[cartographer_node-1] [INFO] [1778748375.069394643] [cartographer logger]: I0514 17:46:15.000000 82613 pose_graph_2d.cc:538] Remaining work items in queue: 0
[cartographer_node-1] [INFO] [1778748375.069422515] [cartographer logger]: I0514 17:46:15.000000 82613 constraint_builder_2d.cc:294] 0 computations resulted in 0 additional constraints.
[cartographer_node-1] [INFO] [1778748375.069746679] [cartographer logger]: I0514 17:46:15.000000 82613 constraint_builder_2d.cc:296] Score histogram:
[cartographer_node-1] Count: 17  Min: 0.580177  Max: 0.839087  Mean: 0.695131
[cartographer_node-1] [0.580177, 0.606068)	               #####	Count: 4 (23.5294%)	Total: 4 (23.5294%)
[cartographer_node-1] [0.606068, 0.631959)	                   #	Count: 1 (5.88235%)	Total: 5 (29.4118%)
[cartographer_node-1] [0.631959, 0.657850)	                   #	Count: 1 (5.88235%)	Total: 6 (35.2941%)
[cartographer_node-1] [0.657850, 0.683741)	                  ##	Count: 2 (11.7647%)	Total: 8 (47.0588%)
[cartographer_node-1] [0.683741, 0.709632)	                   #	Count: 1 (5.88235%)	Total: 9 (52.9412%)
[cartographer_node-1] [0.709632, 0.735523)	                  ##	Count: 2 (11.7647%)	Total: 11 (64.7059%)
[cartographer_node-1] [0.735523, 0.761414)	                  ##	Count: 2 (11.7647%)	Total: 13 (76.4706%)
[cartographer_node-1] [0.761414, 0.787305)	                   #	Count: 1 (5.88235%)	Total: 14 (82.3529%)
[cartographer_node-1] [0.787305, 0.813196)	                  ##	Count: 2 (11.7647%)	Total: 16 (94.1176%)
[cartographer_node-1] [0.813196, 0.839087]	                   #	Count: 1 (5.88235%)	Total: 17 (100%)
[cartographer_node-1] [INFO] [1778748375.136031542] [cartographer logger]: I0514 17:46:15.000000 82614 constraint_builder_2d.cc:279] Node (1, 300) with 211 points on submap (0, 0) matches with score 70.6%.
[cartographer_node-1] [INFO] [1778748375.163830484] [cartographer logger]: I0514 17:46:15.000000 82616 pose_graph_2d.cc:538] Remaining work items in queue: 0
[cartographer_node-1] [INFO] [1778748375.163851427] [cartographer logger]: I0514 17:46:15.000000 82616 constraint_builder_2d.cc:294] 1 computations resulted in 1 additional constraints.
[cartographer_node-1] [INFO] [1778748375.164155243] [cartographer logger]: I0514 17:46:15.000000 82616 constraint_builder_2d.cc:296] Score histogram:
[cartographer_node-1] Count: 18  Min: 0.580177  Max: 0.839087  Mean: 0.695735
[cartographer_node-1] [0.580177, 0.606068)	                ####	Count: 4 (22.2222%)	Total: 4 (22.2222%)
[cartographer_node-1] [0.606068, 0.631959)	                   #	Count: 1 (5.55556%)	Total: 5 (27.7778%)
[cartographer_node-1] [0.631959, 0.657850)	                   #	Count: 1 (5.55556%)	Total: 6 (33.3333%)
[cartographer_node-1] [0.657850, 0.683741)	                  ##	Count: 2 (11.1111%)	Total: 8 (44.4444%)
[cartographer_node-1] [0.683741, 0.709632)	                  ##	Count: 2 (11.1111%)	Total: 10 (55.5556%)
[cartographer_node-1] [0.709632, 0.735523)	                  ##	Count: 2 (11.1111%)	Total: 12 (66.6667%)
[cartographer_node-1] [0.735523, 0.761414)	                  ##	Count: 2 (11.1111%)	Total: 14 (77.7778%)
[cartographer_node-1] [0.761414, 0.787305)	                   #	Count: 1 (5.55556%)	Total: 15 (83.3333%)
[cartographer_node-1] [0.787305, 0.813196)	                  ##	Count: 2 (11.1111%)	Total: 17 (94.4444%)
[cartographer_node-1] [0.813196, 0.839087]	                   #	Count: 1 (5.55556%)	Total: 18 (100%)
[cartographer_node-1] [INFO] [1778748375.251791961] [cartographer logger]: I0514 17:46:15.000000 82614 pose_graph_2d.cc:538] Remaining work items in queue: 1
[cartographer_node-1] [INFO] [1778748375.251856303] [cartographer logger]: I0514 17:46:15.000000 82614 constraint_builder_2d.cc:294] 0 computations resulted in 0 additional constraints.
[cartographer_node-1] [INFO] [1778748375.251880475] [cartographer logger]: I0514 17:46:15.000000 82614 constraint_builder_2d.cc:296] Score histogram:
[cartographer_node-1] Count: 18  Min: 0.580177  Max: 0.839087  Mean: 0.695735
[cartographer_node-1] [0.580177, 0.606068)	                ####	Count: 4 (22.2222%)	Total: 4 (22.2222%)
[cartographer_node-1] [0.606068, 0.631959)	                   #	Count: 1 (5.55556%)	Total: 5 (27.7778%)
[cartographer_node-1] [0.631959, 0.657850)	                   #	Count: 1 (5.55556%)	Total: 6 (33.3333%)
[cartographer_node-1] [0.657850, 0.683741)	                  ##	Count: 2 (11.1111%)	Total: 8 (44.4444%)
[cartographer_node-1] [0.683741, 0.709632)	                  ##	Count: 2 (11.1111%)	Total: 10 (55.5556%)
[cartographer_node-1] [0.709632, 0.735523)	                  ##	Count: 2 (11.1111%)	Total: 12 (66.6667%)
[cartographer_node-1] [0.735523, 0.761414)	                  ##	Count: 2 (11.1111%)	Total: 14 (77.7778%)
[cartographer_node-1] [0.761414, 0.787305)	                   #	Count: 1 (5.55556%)	Total: 15 (83.3333%)
[cartographer_node-1] [0.787305, 0.813196)	                  ##	Count: 2 (11.1111%)	Total: 17 (94.4444%)
[cartographer_node-1] [0.813196, 0.839087]	                   #	Count: 1 (5.55556%)	Total: 18 (100%)
[cartographer_node-1] [INFO] [1778748375.296016019] [cartographer logger]: I0514 17:46:15.000000 82614 pose_graph_2d.cc:538] Remaining work items in queue: 1
[cartographer_node-1] [INFO] [1778748375.296052163] [cartographer logger]: I0514 17:46:15.000000 82614 constraint_builder_2d.cc:294] 0 computations resulted in 0 additional constraints.
[cartographer_node-1] [INFO] [1778748375.296430481] [cartographer logger]: I0514 17:46:15.000000 82614 constraint_builder_2d.cc:296] Score histogram:
[cartographer_node-1] Count: 18  Min: 0.580177  Max: 0.839087  Mean: 0.695735
[cartographer_node-1] [0.580177, 0.606068)	                ####	Count: 4 (22.2222%)	Total: 4 (22.2222%)
[cartographer_node-1] [0.606068, 0.631959)	                   #	Count: 1 (5.55556%)	Total: 5 (27.7778%)
[cartographer_node-1] [0.631959, 0.657850)	                   #	Count: 1 (5.55556%)	Total: 6 (33.3333%)
[cartographer_node-1] [0.657850, 0.683741)	                  ##	Count: 2 (11.1111%)	Total: 8 (44.4444%)
[cartographer_node-1] [0.683741, 0.709632)	                  ##	Count: 2 (11.1111%)	Total: 10 (55.5556%)
[cartographer_node-1] [0.709632, 0.735523)	                  ##	Count: 2 (11.1111%)	Total: 12 (66.6667%)
[cartographer_node-1] [0.735523, 0.761414)	                  ##	Count: 2 (11.1111%)	Total: 14 (77.7778%)
[cartographer_node-1] [0.761414, 0.787305)	                   #	Count: 1 (5.55556%)	Total: 15 (83.3333%)
[cartographer_node-1] [0.787305, 0.813196)	                  ##	Count: 2 (11.1111%)	Total: 17 (94.4444%)
[cartographer_node-1] [0.813196, 0.839087]	                   #	Count: 1 (5.55556%)	Total: 18 (100%)
[cartographer_node-1] [INFO] [1778748375.362549609] [cartographer logger]: I0514 17:46:15.000000 82616 pose_graph_2d.cc:538] Remaining work items in queue: 0
[cartographer_node-1] [INFO] [1778748375.362573489] [cartographer logger]: I0514 17:46:15.000000 82616 constraint_builder_2d.cc:294] 0 computations resulted in 0 additional constraints.
[cartographer_node-1] [INFO] [1778748375.362953299] [cartographer logger]: I0514 17:46:15.000000 82616 constraint_builder_2d.cc:296] Score histogram:
[cartographer_node-1] Count: 18  Min: 0.580177  Max: 0.839087  Mean: 0.695735
[cartographer_node-1] [0.580177, 0.606068)	                ####	Count: 4 (22.2222%)	Total: 4 (22.2222%)
[cartographer_node-1] [0.606068, 0.631959)	                   #	Count: 1 (5.55556%)	Total: 5 (27.7778%)
[cartographer_node-1] [0.631959, 0.657850)	                   #	Count: 1 (5.55556%)	Total: 6 (33.3333%)
[cartographer_node-1] [0.657850, 0.683741)	                  ##	Count: 2 (11.1111%)	Total: 8 (44.4444%)
[cartographer_node-1] [0.683741, 0.709632)	                  ##	Count: 2 (11.1111%)	Total: 10 (55.5556%)
[cartographer_node-1] [0.709632, 0.735523)	                  ##	Count: 2 (11.1111%)	Total: 12 (66.6667%)
[cartographer_node-1] [0.735523, 0.761414)	                  ##	Count: 2 (11.1111%)	Total: 14 (77.7778%)
[cartographer_node-1] [0.761414, 0.787305)	                   #	Count: 1 (5.55556%)	Total: 15 (83.3333%)
[cartographer_node-1] [0.787305, 0.813196)	                  ##	Count: 2 (11.1111%)	Total: 17 (94.4444%)
[cartographer_node-1] [0.813196, 0.839087]	                   #	Count: 1 (5.55556%)	Total: 18 (100%)
[cartographer_node-1] [INFO] [1778748375.448911399] [cartographer logger]: I0514 17:46:15.000000 82574 motion_filter.cc:42] Motion filter reduced the number of nodes to 62.6%.
[cartographer_node-1] [INFO] [1778748375.452367287] [cartographer logger]: I0514 17:46:15.000000 82615 pose_graph_2d.cc:538] Remaining work items in queue: 1
[cartographer_node-1] [INFO] [1778748375.480937081] [cartographer logger]: I0514 17:46:15.000000 82614 constraint_builder_2d.cc:294] 1 computations resulted in 0 additional constraints.
[cartographer_node-1] [INFO] [1778748375.480993567] [cartographer logger]: I0514 17:46:15.000000 82614 constraint_builder_2d.cc:296] Score histogram:
[cartographer_node-1] Count: 18  Min: 0.580177  Max: 0.839087  Mean: 0.695735
[cartographer_node-1] [0.580177, 0.606068)	                ####	Count: 4 (22.2222%)	Total: 4 (22.2222%)
[cartographer_node-1] [0.606068, 0.631959)	                   #	Count: 1 (5.55556%)	Total: 5 (27.7778%)
[cartographer_node-1] [0.631959, 0.657850)	                   #	Count: 1 (5.55556%)	Total: 6 (33.3333%)
[cartographer_node-1] [0.657850, 0.683741)	                  ##	Count: 2 (11.1111%)	Total: 8 (44.4444%)
[cartographer_node-1] [0.683741, 0.709632)	                  ##	Count: 2 (11.1111%)	Total: 10 (55.5556%)
[cartographer_node-1] [0.709632, 0.735523)	                  ##	Count: 2 (11.1111%)	Total: 12 (66.6667%)
[cartographer_node-1] [0.735523, 0.761414)	                  ##	Count: 2 (11.1111%)	Total: 14 (77.7778%)
[cartographer_node-1] [0.761414, 0.787305)	                   #	Count: 1 (5.55556%)	Total: 15 (83.3333%)
[cartographer_node-1] [0.787305, 0.813196)	                  ##	Count: 2 (11.1111%)	Total: 17 (94.4444%)
[cartographer_node-1] [0.813196, 0.839087]	                   #	Count: 1 (5.55556%)	Total: 18 (100%)
[cartographer_node-1] [INFO] [1778748375.545715661] [cartographer logger]: I0514 17:46:15.000000 82616 pose_graph_2d.cc:538] Remaining work items in queue: 0
[cartographer_node-1] [INFO] [1778748375.545775019] [cartographer logger]: I0514 17:46:15.000000 82616 constraint_builder_2d.cc:294] 0 computations resulted in 0 additional constraints.
[cartographer_node-1] [INFO] [1778748375.545833726] [cartographer logger]: I0514 17:46:15.000000 82616 constraint_builder_2d.cc:296] Score histogram:
[cartographer_node-1] Count: 18  Min: 0.580177  Max: 0.839087  Mean: 0.695735
[cartographer_node-1] [0.580177, 0.606068)	                ####	Count: 4 (22.2222%)	Total: 4 (22.2222%)
[cartographer_node-1] [0.606068, 0.631959)	                   #	Count: 1 (5.55556%)	Total: 5 (27.7778%)
[cartographer_node-1] [0.631959, 0.657850)	                   #	Count: 1 (5.55556%)	Total: 6 (33.3333%)
[cartographer_node-1] [0.657850, 0.683741)	                  ##	Count: 2 (11.1111%)	Total: 8 (44.4444%)
[cartographer_node-1] [0.683741, 0.709632)	                  ##	Count: 2 (11.1111%)	Total: 10 (55.5556%)
[cartographer_node-1] [0.709632, 0.735523)	                  ##	Count: 2 (11.1111%)	Total: 12 (66.6667%)
[cartographer_node-1] [0.735523, 0.761414)	                  ##	Count: 2 (11.1111%)	Total: 14 (77.7778%)
[cartographer_node-1] [0.761414, 0.787305)	                   #	Count: 1 (5.55556%)	Total: 15 (83.3333%)
[cartographer_node-1] [0.787305, 0.813196)	                  ##	Count: 2 (11.1111%)	Total: 17 (94.4444%)
[cartographer_node-1] [0.813196, 0.839087]	                   #	Count: 1 (5.55556%)	Total: 18 (100%)
[cartographer_node-1] [INFO] [1778748375.596039706] [cartographer logger]: I0514 17:46:15.000000 82614 pose_graph_2d.cc:538] Remaining work items in queue: 1
[cartographer_node-1] [INFO] [1778748375.596063616] [cartographer logger]: I0514 17:46:15.000000 82614 constraint_builder_2d.cc:294] 0 computations resulted in 0 additional constraints.
[cartographer_node-1] [INFO] [1778748375.596411354] [cartographer logger]: I0514 17:46:15.000000 82614 constraint_builder_2d.cc:296] Score histogram:
[cartographer_node-1] Count: 18  Min: 0.580177  Max: 0.839087  Mean: 0.695735
[cartographer_node-1] [0.580177, 0.606068)	                ####	Count: 4 (22.2222%)	Total: 4 (22.2222%)
[cartographer_node-1] [0.606068, 0.631959)	                   #	Count: 1 (5.55556%)	Total: 5 (27.7778%)
[cartographer_node-1] [0.631959, 0.657850)	                   #	Count: 1 (5.55556%)	Total: 6 (33.3333%)
[cartographer_node-1] [0.657850, 0.683741)	                  ##	Count: 2 (11.1111%)	Total: 8 (44.4444%)
[cartographer_node-1] [0.683741, 0.709632)	                  ##	Count: 2 (11.1111%)	Total: 10 (55.5556%)
[cartographer_node-1] [0.709632, 0.735523)	                  ##	Count: 2 (11.1111%)	Total: 12 (66.6667%)
[cartographer_node-1] [0.735523, 0.761414)	                  ##	Count: 2 (11.1111%)	Total: 14 (77.7778%)
[cartographer_node-1] [0.761414, 0.787305)	                   #	Count: 1 (5.55556%)	Total: 15 (83.3333%)
[cartographer_node-1] [0.787305, 0.813196)	                  ##	Count: 2 (11.1111%)	Total: 17 (94.4444%)
[cartographer_node-1] [0.813196, 0.839087]	                   #	Count: 1 (5.55556%)	Total: 18 (100%)
[cartographer_node-1] [INFO] [1778748375.665115920] [cartographer logger]: I0514 17:46:15.000000 82616 pose_graph_2d.cc:538] Remaining work items in queue: 1
[cartographer_node-1] [INFO] [1778748375.665161187] [cartographer logger]: I0514 17:46:15.000000 82616 constraint_builder_2d.cc:294] 0 computations resulted in 0 additional constraints.
[cartographer_node-1] [INFO] [1778748375.665256766] [cartographer logger]: I0514 17:46:15.000000 82616 constraint_builder_2d.cc:296] Score histogram:
[cartographer_node-1] Count: 18  Min: 0.580177  Max: 0.839087  Mean: 0.695735
[cartographer_node-1] [0.580177, 0.606068)	                ####	Count: 4 (22.2222%)	Total: 4 (22.2222%)
[cartographer_node-1] [0.606068, 0.631959)	                   #	Count: 1 (5.55556%)	Total: 5 (27.7778%)
[cartographer_node-1] [0.631959, 0.657850)	                   #	Count: 1 (5.55556%)	Total: 6 (33.3333%)
[cartographer_node-1] [0.657850, 0.683741)	                  ##	Count: 2 (11.1111%)	Total: 8 (44.4444%)
[cartographer_node-1] [0.683741, 0.709632)	                  ##	Count: 2 (11.1111%)	Total: 10 (55.5556%)
[cartographer_node-1] [0.709632, 0.735523)	                  ##	Count: 2 (11.1111%)	Total: 12 (66.6667%)
[cartographer_node-1] [0.735523, 0.761414)	                  ##	Count: 2 (11.1111%)	Total: 14 (77.7778%)
[cartographer_node-1] [0.761414, 0.787305)	                   #	Count: 1 (5.55556%)	Total: 15 (83.3333%)
[cartographer_node-1] [0.787305, 0.813196)	                  ##	Count: 2 (11.1111%)	Total: 17 (94.4444%)
[cartographer_node-1] [0.813196, 0.839087]	                   #	Count: 1 (5.55556%)	Total: 18 (100%)
[cartographer_node-1] [INFO] [1778748375.754183641] [cartographer logger]: I0514 17:46:15.000000 82615 pose_graph_2d.cc:538] Remaining work items in queue: 1
[cartographer_node-1] [INFO] [1778748375.754212649] [cartographer logger]: I0514 17:46:15.000000 82615 constraint_builder_2d.cc:294] 0 computations resulted in 0 additional constraints.
[cartographer_node-1] [INFO] [1778748375.754324685] [cartographer logger]: I0514 17:46:15.000000 82615 constraint_builder_2d.cc:296] Score histogram:
[cartographer_node-1] Count: 18  Min: 0.580177  Max: 0.839087  Mean: 0.695735
[cartographer_node-1] [0.580177, 0.606068)	                ####	Count: 4 (22.2222%)	Total: 4 (22.2222%)
[cartographer_node-1] [0.606068, 0.631959)	                   #	Count: 1 (5.55556%)	Total: 5 (27.7778%)
[cartographer_node-1] [0.631959, 0.657850)	                   #	Count: 1 (5.55556%)	Total: 6 (33.3333%)
[cartographer_node-1] [0.657850, 0.683741)	                  ##	Count: 2 (11.1111%)	Total: 8 (44.4444%)
[cartographer_node-1] [0.683741, 0.709632)	                  ##	Count: 2 (11.1111%)	Total: 10 (55.5556%)
[cartographer_node-1] [0.709632, 0.735523)	                  ##	Count: 2 (11.1111%)	Total: 12 (66.6667%)
[cartographer_node-1] [0.735523, 0.761414)	                  ##	Count: 2 (11.1111%)	Total: 14 (77.7778%)
[cartographer_node-1] [0.761414, 0.787305)	                   #	Count: 1 (5.55556%)	Total: 15 (83.3333%)
[cartographer_node-1] [0.787305, 0.813196)	                  ##	Count: 2 (11.1111%)	Total: 17 (94.4444%)
[cartographer_node-1] [0.813196, 0.839087]	                   #	Count: 1 (5.55556%)	Total: 18 (100%)
[cartographer_node-1] [INFO] [1778748375.815752269] [cartographer logger]: I0514 17:46:15.000000 82613 constraint_builder_2d.cc:279] Node (1, 328) with 205 points on submap (0, 8) matches with score 59.8%.
[cartographer_node-1] [INFO] [1778748375.849952833] [cartographer logger]: I0514 17:46:15.000000 82613 pose_graph_2d.cc:538] Remaining work items in queue: 0
[cartographer_node-1] [INFO] [1778748375.849982255] [cartographer logger]: I0514 17:46:15.000000 82613 constraint_builder_2d.cc:294] 1 computations resulted in 1 additional constraints.
[cartographer_node-1] [INFO] [1778748375.850009817] [cartographer logger]: I0514 17:46:15.000000 82613 constraint_builder_2d.cc:296] Score histogram:
[cartographer_node-1] Count: 19  Min: 0.580177  Max: 0.839087  Mean: 0.690589
[cartographer_node-1] [0.580177, 0.606068)	               #####	Count: 5 (26.3158%)	Total: 5 (26.3158%)
[cartographer_node-1] [0.606068, 0.631959)	                   #	Count: 1 (5.26316%)	Total: 6 (31.5789%)
[cartographer_node-1] [0.631959, 0.657850)	                   #	Count: 1 (5.26316%)	Total: 7 (36.8421%)
[cartographer_node-1] [0.657850, 0.683741)	                  ##	Count: 2 (10.5263%)	Total: 9 (47.3684%)
[cartographer_node-1] [0.683741, 0.709632)	                  ##	Count: 2 (10.5263%)	Total: 11 (57.8947%)
[cartographer_node-1] [0.709632, 0.735523)	                  ##	Count: 2 (10.5263%)	Total: 13 (68.4211%)
[cartographer_node-1] [0.735523, 0.761414)	                  ##	Count: 2 (10.5263%)	Total: 15 (78.9474%)
[cartographer_node-1] [0.761414, 0.787305)	                   #	Count: 1 (5.26316%)	Total: 16 (84.2105%)
[cartographer_node-1] [0.787305, 0.813196)	                  ##	Count: 2 (10.5263%)	Total: 18 (94.7368%)
[cartographer_node-1] [0.813196, 0.839087]	                   #	Count: 1 (5.26316%)	Total: 19 (100%)
[cartographer_node-1] [INFO] [1778748375.895729778] [cartographer logger]: I0514 17:46:15.000000 82616 pose_graph_2d.cc:538] Remaining work items in queue: 1
[cartographer_node-1] [INFO] [1778748375.895752839] [cartographer logger]: I0514 17:46:15.000000 82616 constraint_builder_2d.cc:294] 0 computations resulted in 0 additional constraints.
[cartographer_node-1] [INFO] [1778748375.895892574] [cartographer logger]: I0514 17:46:15.000000 82616 constraint_builder_2d.cc:296] Score histogram:
[cartographer_node-1] Count: 19  Min: 0.580177  Max: 0.839087  Mean: 0.690589
[cartographer_node-1] [0.580177, 0.606068)	               #####	Count: 5 (26.3158%)	Total: 5 (26.3158%)
[cartographer_node-1] [0.606068, 0.631959)	                   #	Count: 1 (5.26316%)	Total: 6 (31.5789%)
[cartographer_node-1] [0.631959, 0.657850)	                   #	Count: 1 (5.26316%)	Total: 7 (36.8421%)
[cartographer_node-1] [0.657850, 0.683741)	                  ##	Count: 2 (10.5263%)	Total: 9 (47.3684%)
[cartographer_node-1] [0.683741, 0.709632)	                  ##	Count: 2 (10.5263%)	Total: 11 (57.8947%)
[cartographer_node-1] [0.709632, 0.735523)	                  ##	Count: 2 (10.5263%)	Total: 13 (68.4211%)
[cartographer_node-1] [0.735523, 0.761414)	                  ##	Count: 2 (10.5263%)	Total: 15 (78.9474%)
[cartographer_node-1] [0.761414, 0.787305)	                   #	Count: 1 (5.26316%)	Total: 16 (84.2105%)
[cartographer_node-1] [0.787305, 0.813196)	                  ##	Count: 2 (10.5263%)	Total: 18 (94.7368%)
[cartographer_node-1] [0.813196, 0.839087]	                   #	Count: 1 (5.26316%)	Total: 19 (100%)
[cartographer_node-1] [INFO] [1778748375.984305839] [cartographer logger]: I0514 17:46:15.000000 82615 pose_graph_2d.cc:538] Remaining work items in queue: 0
[cartographer_node-1] [INFO] [1778748375.984327534] [cartographer logger]: I0514 17:46:15.000000 82615 constraint_builder_2d.cc:294] 0 computations resulted in 0 additional constraints.
[cartographer_node-1] [INFO] [1778748375.984435468] [cartographer logger]: I0514 17:46:15.000000 82615 constraint_builder_2d.cc:296] Score histogram:
[cartographer_node-1] Count: 19  Min: 0.580177  Max: 0.839087  Mean: 0.690589
[cartographer_node-1] [0.580177, 0.606068)	               #####	Count: 5 (26.3158%)	Total: 5 (26.3158%)
[cartographer_node-1] [0.606068, 0.631959)	                   #	Count: 1 (5.26316%)	Total: 6 (31.5789%)
[cartographer_node-1] [0.631959, 0.657850)	                   #	Count: 1 (5.26316%)	Total: 7 (36.8421%)
[cartographer_node-1] [0.657850, 0.683741)	                  ##	Count: 2 (10.5263%)	Total: 9 (47.3684%)
[cartographer_node-1] [0.683741, 0.709632)	                  ##	Count: 2 (10.5263%)	Total: 11 (57.8947%)
[cartographer_node-1] [0.709632, 0.735523)	                  ##	Count: 2 (10.5263%)	Total: 13 (68.4211%)
[cartographer_node-1] [0.735523, 0.761414)	                  ##	Count: 2 (10.5263%)	Total: 15 (78.9474%)
[cartographer_node-1] [0.761414, 0.787305)	                   #	Count: 1 (5.26316%)	Total: 16 (84.2105%)
[cartographer_node-1] [0.787305, 0.813196)	                  ##	Count: 2 (10.5263%)	Total: 18 (94.7368%)
[cartographer_node-1] [0.813196, 0.839087]	                   #	Count: 1 (5.26316%)	Total: 19 (100%)
[cartographer_node-1] [INFO] [1778748376.063958474] [cartographer logger]: I0514 17:46:16.000000 82616 pose_graph_2d.cc:538] Remaining work items in queue: 1
[cartographer_node-1] [INFO] [1778748376.064032376] [cartographer logger]: I0514 17:46:16.000000 82616 constraint_builder_2d.cc:294] 0 computations resulted in 0 additional constraints.
[cartographer_node-1] [INFO] [1778748376.064151807] [cartographer logger]: I0514 17:46:16.000000 82616 constraint_builder_2d.cc:296] Score histogram:
[cartographer_node-1] Count: 19  Min: 0.580177  Max: 0.839087  Mean: 0.690589
[cartographer_node-1] [0.580177, 0.606068)	               #####	Count: 5 (26.3158%)	Total: 5 (26.3158%)
[cartographer_node-1] [0.606068, 0.631959)	                   #	Count: 1 (5.26316%)	Total: 6 (31.5789%)
[cartographer_node-1] [0.631959, 0.657850)	                   #	Count: 1 (5.26316%)	Total: 7 (36.8421%)
[cartographer_node-1] [0.657850, 0.683741)	                  ##	Count: 2 (10.5263%)	Total: 9 (47.3684%)
[cartographer_node-1] [0.683741, 0.709632)	                  ##	Count: 2 (10.5263%)	Total: 11 (57.8947%)
[cartographer_node-1] [0.709632, 0.735523)	                  ##	Count: 2 (10.5263%)	Total: 13 (68.4211%)
[cartographer_node-1] [0.735523, 0.761414)	                  ##	Count: 2 (10.5263%)	Total: 15 (78.9474%)
[cartographer_node-1] [0.761414, 0.787305)	                   #	Count: 1 (5.26316%)	Total: 16 (84.2105%)
[cartographer_node-1] [0.787305, 0.813196)	                  ##	Count: 2 (10.5263%)	Total: 18 (94.7368%)
[cartographer_node-1] [0.813196, 0.839087]	                   #	Count: 1 (5.26316%)	Total: 19 (100%)
[cartographer_node-1] [INFO] [1778748376.151363009] [cartographer logger]: I0514 17:46:16.000000 82615 pose_graph_2d.cc:538] Remaining work items in queue: 1
[cartographer_node-1] [INFO] [1778748376.151384216] [cartographer logger]: I0514 17:46:16.000000 82615 constraint_builder_2d.cc:294] 0 computations resulted in 0 additional constraints.
[cartographer_node-1] [INFO] [1778748376.151488820] [cartographer logger]: I0514 17:46:16.000000 82615 constraint_builder_2d.cc:296] Score histogram:
[cartographer_node-1] Count: 19  Min: 0.580177  Max: 0.839087  Mean: 0.690589
[cartographer_node-1] [0.580177, 0.606068)	               #####	Count: 5 (26.3158%)	Total: 5 (26.3158%)
[cartographer_node-1] [0.606068, 0.631959)	                   #	Count: 1 (5.26316%)	Total: 6 (31.5789%)
[cartographer_node-1] [0.631959, 0.657850)	                   #	Count: 1 (5.26316%)	Total: 7 (36.8421%)
[cartographer_node-1] [0.657850, 0.683741)	                  ##	Count: 2 (10.5263%)	Total: 9 (47.3684%)
[cartographer_node-1] [0.683741, 0.709632)	                  ##	Count: 2 (10.5263%)	Total: 11 (57.8947%)
[cartographer_node-1] [0.709632, 0.735523)	                  ##	Count: 2 (10.5263%)	Total: 13 (68.4211%)
[cartographer_node-1] [0.735523, 0.761414)	                  ##	Count: 2 (10.5263%)	Total: 15 (78.9474%)
[cartographer_node-1] [0.761414, 0.787305)	                   #	Count: 1 (5.26316%)	Total: 16 (84.2105%)
[cartographer_node-1] [0.787305, 0.813196)	                  ##	Count: 2 (10.5263%)	Total: 18 (94.7368%)
[cartographer_node-1] [0.813196, 0.839087]	                   #	Count: 1 (5.26316%)	Total: 19 (100%)
[cartographer_node-1] [INFO] [1778748376.212952407] [cartographer logger]: I0514 17:46:16.000000 82615 pose_graph_2d.cc:538] Remaining work items in queue: 2
[cartographer_node-1] [INFO] [1778748376.212973243] [cartographer logger]: I0514 17:46:16.000000 82615 constraint_builder_2d.cc:294] 1 computations resulted in 0 additional constraints.
[cartographer_node-1] [INFO] [1778748376.212988582] [cartographer logger]: I0514 17:46:16.000000 82615 constraint_builder_2d.cc:296] Score histogram:
[cartographer_node-1] Count: 19  Min: 0.580177  Max: 0.839087  Mean: 0.690589
[cartographer_node-1] [0.580177, 0.606068)	               #####	Count: 5 (26.3158%)	Total: 5 (26.3158%)
[cartographer_node-1] [0.606068, 0.631959)	                   #	Count: 1 (5.26316%)	Total: 6 (31.5789%)
[cartographer_node-1] [0.631959, 0.657850)	                   #	Count: 1 (5.26316%)	Total: 7 (36.8421%)
[cartographer_node-1] [0.657850, 0.683741)	                  ##	Count: 2 (10.5263%)	Total: 9 (47.3684%)
[cartographer_node-1] [0.683741, 0.709632)	                  ##	Count: 2 (10.5263%)	Total: 11 (57.8947%)
[cartographer_node-1] [0.709632, 0.735523)	                  ##	Count: 2 (10.5263%)	Total: 13 (68.4211%)
[cartographer_node-1] [0.735523, 0.761414)	                  ##	Count: 2 (10.5263%)	Total: 15 (78.9474%)
[cartographer_node-1] [0.761414, 0.787305)	                   #	Count: 1 (5.26316%)	Total: 16 (84.2105%)
[cartographer_node-1] [0.787305, 0.813196)	                  ##	Count: 2 (10.5263%)	Total: 18 (94.7368%)
[cartographer_node-1] [0.813196, 0.839087]	                   #	Count: 1 (5.26316%)	Total: 19 (100%)
[cartographer_node-1] [INFO] [1778748376.300311348] [cartographer logger]: I0514 17:46:16.000000 82616 pose_graph_2d.cc:538] Remaining work items in queue: 0
[cartographer_node-1] [INFO] [1778748376.300413393] [cartographer logger]: I0514 17:46:16.000000 82616 constraint_builder_2d.cc:294] 0 computations resulted in 0 additional constraints.
[cartographer_node-1] [INFO] [1778748376.300731041] [cartographer logger]: I0514 17:46:16.000000 82616 constraint_builder_2d.cc:296] Score histogram:
[cartographer_node-1] Count: 19  Min: 0.580177  Max: 0.839087  Mean: 0.690589
[cartographer_node-1] [0.580177, 0.606068)	               #####	Count: 5 (26.3158%)	Total: 5 (26.3158%)
[cartographer_node-1] [0.606068, 0.631959)	                   #	Count: 1 (5.26316%)	Total: 6 (31.5789%)
[cartographer_node-1] [0.631959, 0.657850)	                   #	Count: 1 (5.26316%)	Total: 7 (36.8421%)
[cartographer_node-1] [0.657850, 0.683741)	                  ##	Count: 2 (10.5263%)	Total: 9 (47.3684%)
[cartographer_node-1] [0.683741, 0.709632)	                  ##	Count: 2 (10.5263%)	Total: 11 (57.8947%)
[cartographer_node-1] [0.709632, 0.735523)	                  ##	Count: 2 (10.5263%)	Total: 13 (68.4211%)
[cartographer_node-1] [0.735523, 0.761414)	                  ##	Count: 2 (10.5263%)	Total: 15 (78.9474%)
[cartographer_node-1] [0.761414, 0.787305)	                   #	Count: 1 (5.26316%)	Total: 16 (84.2105%)
[cartographer_node-1] [0.787305, 0.813196)	                  ##	Count: 2 (10.5263%)	Total: 18 (94.7368%)
[cartographer_node-1] [0.813196, 0.839087]	                   #	Count: 1 (5.26316%)	Total: 19 (100%)
[cartographer_node-1] [INFO] [1778748376.371717575] [cartographer logger]: I0514 17:46:16.000000 82613 pose_graph_2d.cc:538] Remaining work items in queue: 1
[cartographer_node-1] [INFO] [1778748376.371738693] [cartographer logger]: I0514 17:46:16.000000 82613 constraint_builder_2d.cc:294] 0 computations resulted in 0 additional constraints.
[cartographer_node-1] [INFO] [1778748376.371830748] [cartographer logger]: I0514 17:46:16.000000 82613 constraint_builder_2d.cc:296] Score histogram:
[cartographer_node-1] Count: 19  Min: 0.580177  Max: 0.839087  Mean: 0.690589
[cartographer_node-1] [0.580177, 0.606068)	               #####	Count: 5 (26.3158%)	Total: 5 (26.3158%)
[cartographer_node-1] [0.606068, 0.631959)	                   #	Count: 1 (5.26316%)	Total: 6 (31.5789%)
[cartographer_node-1] [0.631959, 0.657850)	                   #	Count: 1 (5.26316%)	Total: 7 (36.8421%)
[cartographer_node-1] [0.657850, 0.683741)	                  ##	Count: 2 (10.5263%)	Total: 9 (47.3684%)
[cartographer_node-1] [0.683741, 0.709632)	                  ##	Count: 2 (10.5263%)	Total: 11 (57.8947%)
[cartographer_node-1] [0.709632, 0.735523)	                  ##	Count: 2 (10.5263%)	Total: 13 (68.4211%)
[cartographer_node-1] [0.735523, 0.761414)	                  ##	Count: 2 (10.5263%)	Total: 15 (78.9474%)
[cartographer_node-1] [0.761414, 0.787305)	                   #	Count: 1 (5.26316%)	Total: 16 (84.2105%)
[cartographer_node-1] [0.787305, 0.813196)	                  ##	Count: 2 (10.5263%)	Total: 18 (94.7368%)
[cartographer_node-1] [0.813196, 0.839087]	                   #	Count: 1 (5.26316%)	Total: 19 (100%)
[cartographer_node-1] [INFO] [1778748376.450160510] [cartographer logger]: I0514 17:46:16.000000 82614 pose_graph_2d.cc:538] Remaining work items in queue: 0
[cartographer_node-1] [INFO] [1778748376.450232303] [cartographer logger]: I0514 17:46:16.000000 82614 constraint_builder_2d.cc:294] 0 computations resulted in 0 additional constraints.
[cartographer_node-1] [INFO] [1778748376.450581409] [cartographer logger]: I0514 17:46:16.000000 82614 constraint_builder_2d.cc:296] Score histogram:
[cartographer_node-1] Count: 19  Min: 0.580177  Max: 0.839087  Mean: 0.690589
[cartographer_node-1] [0.580177, 0.606068)	               #####	Count: 5 (26.3158%)	Total: 5 (26.3158%)
[cartographer_node-1] [0.606068, 0.631959)	                   #	Count: 1 (5.26316%)	Total: 6 (31.5789%)
[cartographer_node-1] [0.631959, 0.657850)	                   #	Count: 1 (5.26316%)	Total: 7 (36.8421%)
[cartographer_node-1] [0.657850, 0.683741)	                  ##	Count: 2 (10.5263%)	Total: 9 (47.3684%)
[cartographer_node-1] [0.683741, 0.709632)	                  ##	Count: 2 (10.5263%)	Total: 11 (57.8947%)
[cartographer_node-1] [0.709632, 0.735523)	                  ##	Count: 2 (10.5263%)	Total: 13 (68.4211%)
[cartographer_node-1] [0.735523, 0.761414)	                  ##	Count: 2 (10.5263%)	Total: 15 (78.9474%)
[cartographer_node-1] [0.761414, 0.787305)	                   #	Count: 1 (5.26316%)	Total: 16 (84.2105%)
[cartographer_node-1] [0.787305, 0.813196)	                  ##	Count: 2 (10.5263%)	Total: 18 (94.7368%)
[cartographer_node-1] [0.813196, 0.839087]	                   #	Count: 1 (5.26316%)	Total: 19 (100%)
[cartographer_node-1] [INFO] [1778748376.542265562] [cartographer logger]: I0514 17:46:16.000000 82616 pose_graph_2d.cc:538] Remaining work items in queue: 0
[cartographer_node-1] [INFO] [1778748376.542303231] [cartographer logger]: I0514 17:46:16.000000 82616 constraint_builder_2d.cc:294] 0 computations resulted in 0 additional constraints.
[cartographer_node-1] [INFO] [1778748376.542461813] [cartographer logger]: I0514 17:46:16.000000 82616 constraint_builder_2d.cc:296] Score histogram:
[cartographer_node-1] Count: 19  Min: 0.580177  Max: 0.839087  Mean: 0.690589
[cartographer_node-1] [0.580177, 0.606068)	               #####	Count: 5 (26.3158%)	Total: 5 (26.3158%)
[cartographer_node-1] [0.606068, 0.631959)	                   #	Count: 1 (5.26316%)	Total: 6 (31.5789%)
[cartographer_node-1] [0.631959, 0.657850)	                   #	Count: 1 (5.26316%)	Total: 7 (36.8421%)
[cartographer_node-1] [0.657850, 0.683741)	                  ##	Count: 2 (10.5263%)	Total: 9 (47.3684%)
[cartographer_node-1] [0.683741, 0.709632)	                  ##	Count: 2 (10.5263%)	Total: 11 (57.8947%)
[cartographer_node-1] [0.709632, 0.735523)	                  ##	Count: 2 (10.5263%)	Total: 13 (68.4211%)
[cartographer_node-1] [0.735523, 0.761414)	                  ##	Count: 2 (10.5263%)	Total: 15 (78.9474%)
[cartographer_node-1] [0.761414, 0.787305)	                   #	Count: 1 (5.26316%)	Total: 16 (84.2105%)
[cartographer_node-1] [0.787305, 0.813196)	                  ##	Count: 2 (10.5263%)	Total: 18 (94.7368%)
[cartographer_node-1] [0.813196, 0.839087]	                   #	Count: 1 (5.26316%)	Total: 19 (100%)
[cartographer_node-1] [INFO] [1778748376.601970585] [cartographer logger]: I0514 17:46:16.000000 82616 pose_graph_2d.cc:538] Remaining work items in queue: 1
[cartographer_node-1] [INFO] [1778748376.629241737] [cartographer logger]: I0514 17:46:16.000000 82574 pose_graph_2d.cc:148] Inserted submap (1, 4).
[cartographer_node-1] [INFO] [1778748376.654225013] [cartographer logger]: I0514 17:46:16.000000 82614 constraint_builder_2d.cc:279] Node (0, 36) with 209 points on submap (1, 2) matches with score 67.4%.
[cartographer_node-1] [INFO] [1778748376.656733210] [cartographer logger]: I0514 17:46:16.000000 82616 constraint_builder_2d.cc:279] Node (0, 636) with 206 points on submap (1, 2) matches with score 65.0%.
[cartographer_node-1] [INFO] [1778748376.701195222] [cartographer logger]: I0514 17:46:16.000000 82616 constraint_builder_2d.cc:279] Node (0, 236) with 202 points on submap (1, 2) matches with score 74.9%.
[cartographer_node-1] [INFO] [1778748376.717690679] [cartographer logger]: I0514 17:46:16.000000 82615 constraint_builder_2d.cc:279] Node (0, 836) with 203 points on submap (1, 2) matches with score 78.7%.
[cartographer_node-1] [INFO] [1778748376.717723828] [cartographer logger]: I0514 17:46:16.000000 82615 constraint_builder_2d.cc:294] 9 computations resulted in 4 additional constraints.
[cartographer_node-1] [INFO] [1778748376.717743849] [cartographer logger]: I0514 17:46:16.000000 82615 constraint_builder_2d.cc:296] Score histogram:
[cartographer_node-1] Count: 23  Min: 0.580177  Max: 0.839087  Mean: 0.694845
[cartographer_node-1] [0.580177, 0.606068)	                ####	Count: 5 (21.7391%)	Total: 5 (21.7391%)
[cartographer_node-1] [0.606068, 0.631959)	                   #	Count: 1 (4.34783%)	Total: 6 (26.087%)
[cartographer_node-1] [0.631959, 0.657850)	                  ##	Count: 2 (8.69565%)	Total: 8 (34.7826%)
[cartographer_node-1] [0.657850, 0.683741)	                 ###	Count: 3 (13.0435%)	Total: 11 (47.8261%)
[cartographer_node-1] [0.683741, 0.709632)	                  ##	Count: 2 (8.69565%)	Total: 13 (56.5217%)
[cartographer_node-1] [0.709632, 0.735523)	                  ##	Count: 2 (8.69565%)	Total: 15 (65.2174%)
[cartographer_node-1] [0.735523, 0.761414)	                 ###	Count: 3 (13.0435%)	Total: 18 (78.2609%)
[cartographer_node-1] [0.761414, 0.787305)	                  ##	Count: 2 (8.69565%)	Total: 20 (86.9565%)
[cartographer_node-1] [0.787305, 0.813196)	                  ##	Count: 2 (8.69565%)	Total: 22 (95.6522%)
[cartographer_node-1] [0.813196, 0.839087]	                   #	Count: 1 (4.34783%)	Total: 23 (100%)
[cartographer_node-1] [INFO] [1778748376.745522832] [cartographer logger]: I0514 17:46:16.000000 82615 pose_graph_2d.cc:538] Remaining work items in queue: 5
[cartographer_node-1] [INFO] [1778748376.745550032] [cartographer logger]: I0514 17:46:16.000000 82615 constraint_builder_2d.cc:294] 0 computations resulted in 0 additional constraints.
[cartographer_node-1] [INFO] [1778748376.745628463] [cartographer logger]: I0514 17:46:16.000000 82615 constraint_builder_2d.cc:296] Score histogram:
[cartographer_node-1] Count: 23  Min: 0.580177  Max: 0.839087  Mean: 0.694845
[cartographer_node-1] [0.580177, 0.606068)	                ####	Count: 5 (21.7391%)	Total: 5 (21.7391%)
[cartographer_node-1] [0.606068, 0.631959)	                   #	Count: 1 (4.34783%)	Total: 6 (26.087%)
[cartographer_node-1] [0.631959, 0.657850)	                  ##	Count: 2 (8.69565%)	Total: 8 (34.7826%)
[cartographer_node-1] [0.657850, 0.683741)	                 ###	Count: 3 (13.0435%)	Total: 11 (47.8261%)
[cartographer_node-1] [0.683741, 0.709632)	                  ##	Count: 2 (8.69565%)	Total: 13 (56.5217%)
[cartographer_node-1] [0.709632, 0.735523)	                  ##	Count: 2 (8.69565%)	Total: 15 (65.2174%)
[cartographer_node-1] [0.735523, 0.761414)	                 ###	Count: 3 (13.0435%)	Total: 18 (78.2609%)
[cartographer_node-1] [0.761414, 0.787305)	                  ##	Count: 2 (8.69565%)	Total: 20 (86.9565%)
[cartographer_node-1] [0.787305, 0.813196)	                  ##	Count: 2 (8.69565%)	Total: 22 (95.6522%)
[cartographer_node-1] [0.813196, 0.839087]	                   #	Count: 1 (4.34783%)	Total: 23 (100%)
[cartographer_node-1] [INFO] [1778748376.761912715] [cartographer logger]: I0514 17:46:16.000000 82615 pose_graph_2d.cc:538] Remaining work items in queue: 1
[cartographer_node-1] [INFO] [1778748376.761936217] [cartographer logger]: I0514 17:46:16.000000 82615 constraint_builder_2d.cc:294] 0 computations resulted in 0 additional constraints.
[cartographer_node-1] [INFO] [1778748376.761999193] [cartographer logger]: I0514 17:46:16.000000 82615 constraint_builder_2d.cc:296] Score histogram:
[cartographer_node-1] Count: 23  Min: 0.580177  Max: 0.839087  Mean: 0.694845
[cartographer_node-1] [0.580177, 0.606068)	                ####	Count: 5 (21.7391%)	Total: 5 (21.7391%)
[cartographer_node-1] [0.606068, 0.631959)	                   #	Count: 1 (4.34783%)	Total: 6 (26.087%)
[cartographer_node-1] [0.631959, 0.657850)	                  ##	Count: 2 (8.69565%)	Total: 8 (34.7826%)
[cartographer_node-1] [0.657850, 0.683741)	                 ###	Count: 3 (13.0435%)	Total: 11 (47.8261%)
[cartographer_node-1] [0.683741, 0.709632)	                  ##	Count: 2 (8.69565%)	Total: 13 (56.5217%)
[cartographer_node-1] [0.709632, 0.735523)	                  ##	Count: 2 (8.69565%)	Total: 15 (65.2174%)
[cartographer_node-1] [0.735523, 0.761414)	                 ###	Count: 3 (13.0435%)	Total: 18 (78.2609%)
[cartographer_node-1] [0.761414, 0.787305)	                  ##	Count: 2 (8.69565%)	Total: 20 (86.9565%)
[cartographer_node-1] [0.787305, 0.813196)	                  ##	Count: 2 (8.69565%)	Total: 22 (95.6522%)
[cartographer_node-1] [0.813196, 0.839087]	                   #	Count: 1 (4.34783%)	Total: 23 (100%)
[cartographer_node-1] [INFO] [1778748376.829958161] [cartographer logger]: I0514 17:46:16.000000 82613 pose_graph_2d.cc:538] Remaining work items in queue: 0
[cartographer_node-1] [INFO] [1778748376.829980977] [cartographer logger]: I0514 17:46:16.000000 82613 constraint_builder_2d.cc:294] 0 computations resulted in 0 additional constraints.
[cartographer_node-1] [INFO] [1778748376.830000962] [cartographer logger]: I0514 17:46:16.000000 82613 constraint_builder_2d.cc:296] Score histogram:
[cartographer_node-1] Count: 23  Min: 0.580177  Max: 0.839087  Mean: 0.694845
[cartographer_node-1] [0.580177, 0.606068)	                ####	Count: 5 (21.7391%)	Total: 5 (21.7391%)
[cartographer_node-1] [0.606068, 0.631959)	                   #	Count: 1 (4.34783%)	Total: 6 (26.087%)
[cartographer_node-1] [0.631959, 0.657850)	                  ##	Count: 2 (8.69565%)	Total: 8 (34.7826%)
[cartographer_node-1] [0.657850, 0.683741)	                 ###	Count: 3 (13.0435%)	Total: 11 (47.8261%)
[cartographer_node-1] [0.683741, 0.709632)	                  ##	Count: 2 (8.69565%)	Total: 13 (56.5217%)
[cartographer_node-1] [0.709632, 0.735523)	                  ##	Count: 2 (8.69565%)	Total: 15 (65.2174%)
[cartographer_node-1] [0.735523, 0.761414)	                 ###	Count: 3 (13.0435%)	Total: 18 (78.2609%)
[cartographer_node-1] [0.761414, 0.787305)	                  ##	Count: 2 (8.69565%)	Total: 20 (86.9565%)
[cartographer_node-1] [0.787305, 0.813196)	                  ##	Count: 2 (8.69565%)	Total: 22 (95.6522%)
[cartographer_node-1] [0.813196, 0.839087]	                   #	Count: 1 (4.34783%)	Total: 23 (100%)
[cartographer_node-1] [INFO] [1778748376.933392191] [cartographer logger]: I0514 17:46:16.000000 82613 pose_graph_2d.cc:538] Remaining work items in queue: 1
[cartographer_node-1] [INFO] [1778748376.966598600] [cartographer logger]: I0514 17:46:16.000000 82614 constraint_builder_2d.cc:279] Node (1, 371) with 204 points on submap (0, 6) matches with score 74.3%.
[cartographer_node-1] [INFO] [1778748376.966623463] [cartographer logger]: I0514 17:46:16.000000 82614 constraint_builder_2d.cc:294] 1 computations resulted in 1 additional constraints.
[cartographer_node-1] [INFO] [1778748376.966640293] [cartographer logger]: I0514 17:46:16.000000 82614 constraint_builder_2d.cc:296] Score histogram:
[cartographer_node-1] Count: 24  Min: 0.580177  Max: 0.839087  Mean: 0.696855
[cartographer_node-1] [0.580177, 0.606068)	                ####	Count: 5 (20.8333%)	Total: 5 (20.8333%)
[cartographer_node-1] [0.606068, 0.631959)	                   #	Count: 1 (4.16667%)	Total: 6 (25%)
[cartographer_node-1] [0.631959, 0.657850)	                  ##	Count: 2 (8.33333%)	Total: 8 (33.3333%)
[cartographer_node-1] [0.657850, 0.683741)	                 ###	Count: 3 (12.5%)	Total: 11 (45.8333%)
[cartographer_node-1] [0.683741, 0.709632)	                  ##	Count: 2 (8.33333%)	Total: 13 (54.1667%)
[cartographer_node-1] [0.709632, 0.735523)	                  ##	Count: 2 (8.33333%)	Total: 15 (62.5%)
[cartographer_node-1] [0.735523, 0.761414)	                 ###	Count: 4 (16.6667%)	Total: 19 (79.1667%)
[cartographer_node-1] [0.761414, 0.787305)	                  ##	Count: 2 (8.33333%)	Total: 21 (87.5%)
[cartographer_node-1] [0.787305, 0.813196)	                  ##	Count: 2 (8.33333%)	Total: 23 (95.8333%)
[cartographer_node-1] [0.813196, 0.839087]	                   #	Count: 1 (4.16667%)	Total: 24 (100%)
[cartographer_node-1] [INFO] [1778748377.030334062] [cartographer logger]: I0514 17:46:17.000000 82615 pose_graph_2d.cc:538] Remaining work items in queue: 0
[cartographer_node-1] [INFO] [1778748377.030398945] [cartographer logger]: I0514 17:46:17.000000 82615 constraint_builder_2d.cc:294] 0 computations resulted in 0 additional constraints.
[cartographer_node-1] [INFO] [1778748377.030482853] [cartographer logger]: I0514 17:46:17.000000 82615 constraint_builder_2d.cc:296] Score histogram:
[cartographer_node-1] Count: 24  Min: 0.580177  Max: 0.839087  Mean: 0.696855
[cartographer_node-1] [0.580177, 0.606068)	                ####	Count: 5 (20.8333%)	Total: 5 (20.8333%)
[cartographer_node-1] [0.606068, 0.631959)	                   #	Count: 1 (4.16667%)	Total: 6 (25%)
[cartographer_node-1] [0.631959, 0.657850)	                  ##	Count: 2 (8.33333%)	Total: 8 (33.3333%)
[cartographer_node-1] [0.657850, 0.683741)	                 ###	Count: 3 (12.5%)	Total: 11 (45.8333%)
[cartographer_node-1] [0.683741, 0.709632)	                  ##	Count: 2 (8.33333%)	Total: 13 (54.1667%)
[cartographer_node-1] [0.709632, 0.735523)	                  ##	Count: 2 (8.33333%)	Total: 15 (62.5%)
[cartographer_node-1] [0.735523, 0.761414)	                 ###	Count: 4 (16.6667%)	Total: 19 (79.1667%)
[cartographer_node-1] [0.761414, 0.787305)	                  ##	Count: 2 (8.33333%)	Total: 21 (87.5%)
[cartographer_node-1] [0.787305, 0.813196)	                  ##	Count: 2 (8.33333%)	Total: 23 (95.8333%)
[cartographer_node-1] [0.813196, 0.839087]	                   #	Count: 1 (4.16667%)	Total: 24 (100%)
[cartographer_node-1] [INFO] [1778748377.150896416] [cartographer logger]: I0514 17:46:17.000000 82614 pose_graph_2d.cc:538] Remaining work items in queue: 1
[cartographer_node-1] [INFO] [1778748377.150919164] [cartographer logger]: I0514 17:46:17.000000 82614 constraint_builder_2d.cc:294] 0 computations resulted in 0 additional constraints.
[cartographer_node-1] [INFO] [1778748377.151065227] [cartographer logger]: I0514 17:46:17.000000 82614 constraint_builder_2d.cc:296] Score histogram:
[cartographer_node-1] Count: 24  Min: 0.580177  Max: 0.839087  Mean: 0.696855
[cartographer_node-1] [0.580177, 0.606068)	                ####	Count: 5 (20.8333%)	Total: 5 (20.8333%)
[cartographer_node-1] [0.606068, 0.631959)	                   #	Count: 1 (4.16667%)	Total: 6 (25%)
[cartographer_node-1] [0.631959, 0.657850)	                  ##	Count: 2 (8.33333%)	Total: 8 (33.3333%)
[cartographer_node-1] [0.657850, 0.683741)	                 ###	Count: 3 (12.5%)	Total: 11 (45.8333%)
[cartographer_node-1] [0.683741, 0.709632)	                  ##	Count: 2 (8.33333%)	Total: 13 (54.1667%)
[cartographer_node-1] [0.709632, 0.735523)	                  ##	Count: 2 (8.33333%)	Total: 15 (62.5%)
[cartographer_node-1] [0.735523, 0.761414)	                 ###	Count: 4 (16.6667%)	Total: 19 (79.1667%)
[cartographer_node-1] [0.761414, 0.787305)	                  ##	Count: 2 (8.33333%)	Total: 21 (87.5%)
[cartographer_node-1] [0.787305, 0.813196)	                  ##	Count: 2 (8.33333%)	Total: 23 (95.8333%)
[cartographer_node-1] [0.813196, 0.839087]	                   #	Count: 1 (4.16667%)	Total: 24 (100%)
[cartographer_node-1] [INFO] [1778748377.230576335] [cartographer logger]: I0514 17:46:17.000000 82616 pose_graph_2d.cc:538] Remaining work items in queue: 1
[cartographer_node-1] [INFO] [1778748377.230619661] [cartographer logger]: I0514 17:46:17.000000 82616 constraint_builder_2d.cc:294] 0 computations resulted in 0 additional constraints.
[cartographer_node-1] [INFO] [1778748377.230665835] [cartographer logger]: I0514 17:46:17.000000 82616 constraint_builder_2d.cc:296] Score histogram:
[cartographer_node-1] Count: 24  Min: 0.580177  Max: 0.839087  Mean: 0.696855
[cartographer_node-1] [0.580177, 0.606068)	                ####	Count: 5 (20.8333%)	Total: 5 (20.8333%)
[cartographer_node-1] [0.606068, 0.631959)	                   #	Count: 1 (4.16667%)	Total: 6 (25%)
[cartographer_node-1] [0.631959, 0.657850)	                  ##	Count: 2 (8.33333%)	Total: 8 (33.3333%)
[cartographer_node-1] [0.657850, 0.683741)	                 ###	Count: 3 (12.5%)	Total: 11 (45.8333%)
[cartographer_node-1] [0.683741, 0.709632)	                  ##	Count: 2 (8.33333%)	Total: 13 (54.1667%)
[cartographer_node-1] [0.709632, 0.735523)	                  ##	Count: 2 (8.33333%)	Total: 15 (62.5%)
[cartographer_node-1] [0.735523, 0.761414)	                 ###	Count: 4 (16.6667%)	Total: 19 (79.1667%)
[cartographer_node-1] [0.761414, 0.787305)	                  ##	Count: 2 (8.33333%)	Total: 21 (87.5%)
[cartographer_node-1] [0.787305, 0.813196)	                  ##	Count: 2 (8.33333%)	Total: 23 (95.8333%)
[cartographer_node-1] [0.813196, 0.839087]	                   #	Count: 1 (4.16667%)	Total: 24 (100%)
[cartographer_node-1] [INFO] [1778748377.343834820] [cartographer logger]: I0514 17:46:17.000000 82613 pose_graph_2d.cc:538] Remaining work items in queue: 1
[cartographer_node-1] [INFO] [1778748377.343858340] [cartographer logger]: I0514 17:46:17.000000 82613 constraint_builder_2d.cc:294] 0 computations resulted in 0 additional constraints.
[cartographer_node-1] [INFO] [1778748377.344101681] [cartographer logger]: I0514 17:46:17.000000 82613 constraint_builder_2d.cc:296] Score histogram:
[cartographer_node-1] Count: 24  Min: 0.580177  Max: 0.839087  Mean: 0.696855
[cartographer_node-1] [0.580177, 0.606068)	                ####	Count: 5 (20.8333%)	Total: 5 (20.8333%)
[cartographer_node-1] [0.606068, 0.631959)	                   #	Count: 1 (4.16667%)	Total: 6 (25%)
[cartographer_node-1] [0.631959, 0.657850)	                  ##	Count: 2 (8.33333%)	Total: 8 (33.3333%)
[cartographer_node-1] [0.657850, 0.683741)	                 ###	Count: 3 (12.5%)	Total: 11 (45.8333%)
[cartographer_node-1] [0.683741, 0.709632)	                  ##	Count: 2 (8.33333%)	Total: 13 (54.1667%)
[cartographer_node-1] [0.709632, 0.735523)	                  ##	Count: 2 (8.33333%)	Total: 15 (62.5%)
[cartographer_node-1] [0.735523, 0.761414)	                 ###	Count: 4 (16.6667%)	Total: 19 (79.1667%)
[cartographer_node-1] [0.761414, 0.787305)	                  ##	Count: 2 (8.33333%)	Total: 21 (87.5%)
[cartographer_node-1] [0.787305, 0.813196)	                  ##	Count: 2 (8.33333%)	Total: 23 (95.8333%)
[cartographer_node-1] [0.813196, 0.839087]	                   #	Count: 1 (4.16667%)	Total: 24 (100%)
[cartographer_node-1] [INFO] [1778748377.551957473] [cartographer logger]: I0514 17:46:17.000000 82616 pose_graph_2d.cc:538] Remaining work items in queue: 1
[cartographer_node-1] [INFO] [1778748377.551978933] [cartographer logger]: I0514 17:46:17.000000 82616 constraint_builder_2d.cc:294] 1 computations resulted in 0 additional constraints.
[cartographer_node-1] [INFO] [1778748377.552131963] [cartographer logger]: I0514 17:46:17.000000 82616 constraint_builder_2d.cc:296] Score histogram:
[cartographer_node-1] Count: 24  Min: 0.580177  Max: 0.839087  Mean: 0.696855
[cartographer_node-1] [0.580177, 0.606068)	                ####	Count: 5 (20.8333%)	Total: 5 (20.8333%)
[cartographer_node-1] [0.606068, 0.631959)	                   #	Count: 1 (4.16667%)	Total: 6 (25%)
[cartographer_node-1] [0.631959, 0.657850)	                  ##	Count: 2 (8.33333%)	Total: 8 (33.3333%)
[cartographer_node-1] [0.657850, 0.683741)	                 ###	Count: 3 (12.5%)	Total: 11 (45.8333%)
[cartographer_node-1] [0.683741, 0.709632)	                  ##	Count: 2 (8.33333%)	Total: 13 (54.1667%)
[cartographer_node-1] [0.709632, 0.735523)	                  ##	Count: 2 (8.33333%)	Total: 15 (62.5%)
[cartographer_node-1] [0.735523, 0.761414)	                 ###	Count: 4 (16.6667%)	Total: 19 (79.1667%)
[cartographer_node-1] [0.761414, 0.787305)	                  ##	Count: 2 (8.33333%)	Total: 21 (87.5%)
[cartographer_node-1] [0.787305, 0.813196)	                  ##	Count: 2 (8.33333%)	Total: 23 (95.8333%)
[cartographer_node-1] [0.813196, 0.839087]	                   #	Count: 1 (4.16667%)	Total: 24 (100%)
[cartographer_node-1] [INFO] [1778748377.631918722] [cartographer logger]: I0514 17:46:17.000000 82616 pose_graph_2d.cc:538] Remaining work items in queue: 1
[cartographer_node-1] [INFO] [1778748377.631971253] [cartographer logger]: I0514 17:46:17.000000 82616 constraint_builder_2d.cc:294] 0 computations resulted in 0 additional constraints.
[cartographer_node-1] [INFO] [1778748377.632313789] [cartographer logger]: I0514 17:46:17.000000 82616 constraint_builder_2d.cc:296] Score histogram:
[cartographer_node-1] Count: 24  Min: 0.580177  Max: 0.839087  Mean: 0.696855
[cartographer_node-1] [0.580177, 0.606068)	                ####	Count: 5 (20.8333%)	Total: 5 (20.8333%)
[cartographer_node-1] [0.606068, 0.631959)	                   #	Count: 1 (4.16667%)	Total: 6 (25%)
[cartographer_node-1] [0.631959, 0.657850)	                  ##	Count: 2 (8.33333%)	Total: 8 (33.3333%)
[cartographer_node-1] [0.657850, 0.683741)	                 ###	Count: 3 (12.5%)	Total: 11 (45.8333%)
[cartographer_node-1] [0.683741, 0.709632)	                  ##	Count: 2 (8.33333%)	Total: 13 (54.1667%)
[cartographer_node-1] [0.709632, 0.735523)	                  ##	Count: 2 (8.33333%)	Total: 15 (62.5%)
[cartographer_node-1] [0.735523, 0.761414)	                 ###	Count: 4 (16.6667%)	Total: 19 (79.1667%)
[cartographer_node-1] [0.761414, 0.787305)	                  ##	Count: 2 (8.33333%)	Total: 21 (87.5%)
[cartographer_node-1] [0.787305, 0.813196)	                  ##	Count: 2 (8.33333%)	Total: 23 (95.8333%)
[cartographer_node-1] [0.813196, 0.839087]	                   #	Count: 1 (4.16667%)	Total: 24 (100%)
[cartographer_node-1] [INFO] [1778748377.733909754] [cartographer logger]: I0514 17:46:17.000000 82616 pose_graph_2d.cc:538] Remaining work items in queue: 1
[cartographer_node-1] [INFO] [1778748377.733996569] [cartographer logger]: I0514 17:46:17.000000 82616 constraint_builder_2d.cc:294] 0 computations resulted in 0 additional constraints.
[cartographer_node-1] [INFO] [1778748377.734991001] [cartographer logger]: I0514 17:46:17.000000 82616 constraint_builder_2d.cc:296] Score histogram:
[cartographer_node-1] Count: 24  Min: 0.580177  Max: 0.839087  Mean: 0.696855
[cartographer_node-1] [0.580177, 0.606068)	                ####	Count: 5 (20.8333%)	Total: 5 (20.8333%)
[cartographer_node-1] [0.606068, 0.631959)	                   #	Count: 1 (4.16667%)	Total: 6 (25%)
[cartographer_node-1] [0.631959, 0.657850)	                  ##	Count: 2 (8.33333%)	Total: 8 (33.3333%)
[cartographer_node-1] [0.657850, 0.683741)	                 ###	Count: 3 (12.5%)	Total: 11 (45.8333%)
[cartographer_node-1] [0.683741, 0.709632)	                  ##	Count: 2 (8.33333%)	Total: 13 (54.1667%)
[cartographer_node-1] [0.709632, 0.735523)	                  ##	Count: 2 (8.33333%)	Total: 15 (62.5%)
[cartographer_node-1] [0.735523, 0.761414)	                 ###	Count: 4 (16.6667%)	Total: 19 (79.1667%)
[cartographer_node-1] [0.761414, 0.787305)	                  ##	Count: 2 (8.33333%)	Total: 21 (87.5%)
[cartographer_node-1] [0.787305, 0.813196)	                  ##	Count: 2 (8.33333%)	Total: 23 (95.8333%)
[cartographer_node-1] [0.813196, 0.839087]	                   #	Count: 1 (4.16667%)	Total: 24 (100%)
[cartographer_node-1] [INFO] [1778748377.830225190] [cartographer logger]: I0514 17:46:17.000000 82613 pose_graph_2d.cc:538] Remaining work items in queue: 0
[cartographer_node-1] [INFO] [1778748377.830248441] [cartographer logger]: I0514 17:46:17.000000 82613 constraint_builder_2d.cc:294] 0 computations resulted in 0 additional constraints.
[cartographer_node-1] [INFO] [1778748377.830321460] [cartographer logger]: I0514 17:46:17.000000 82613 constraint_builder_2d.cc:296] Score histogram:
[cartographer_node-1] Count: 24  Min: 0.580177  Max: 0.839087  Mean: 0.696855
[cartographer_node-1] [0.580177, 0.606068)	                ####	Count: 5 (20.8333%)	Total: 5 (20.8333%)
[cartographer_node-1] [0.606068, 0.631959)	                   #	Count: 1 (4.16667%)	Total: 6 (25%)
[cartographer_node-1] [0.631959, 0.657850)	                  ##	Count: 2 (8.33333%)	Total: 8 (33.3333%)
[cartographer_node-1] [0.657850, 0.683741)	                 ###	Count: 3 (12.5%)	Total: 11 (45.8333%)
[cartographer_node-1] [0.683741, 0.709632)	                  ##	Count: 2 (8.33333%)	Total: 13 (54.1667%)
[cartographer_node-1] [0.709632, 0.735523)	                  ##	Count: 2 (8.33333%)	Total: 15 (62.5%)
[cartographer_node-1] [0.735523, 0.761414)	                 ###	Count: 4 (16.6667%)	Total: 19 (79.1667%)
[cartographer_node-1] [0.761414, 0.787305)	                  ##	Count: 2 (8.33333%)	Total: 21 (87.5%)
[cartographer_node-1] [0.787305, 0.813196)	                  ##	Count: 2 (8.33333%)	Total: 23 (95.8333%)
[cartographer_node-1] [0.813196, 0.839087]	                   #	Count: 1 (4.16667%)	Total: 24 (100%)
[cartographer_node-1] [INFO] [1778748378.032049554] [cartographer logger]: I0514 17:46:18.000000 82614 pose_graph_2d.cc:538] Remaining work items in queue: 1
[cartographer_node-1] [INFO] [1778748378.032078113] [cartographer logger]: I0514 17:46:18.000000 82614 constraint_builder_2d.cc:294] 0 computations resulted in 0 additional constraints.
[cartographer_node-1] [INFO] [1778748378.032131632] [cartographer logger]: I0514 17:46:18.000000 82614 constraint_builder_2d.cc:296] Score histogram:
[cartographer_node-1] Count: 24  Min: 0.580177  Max: 0.839087  Mean: 0.696855
[cartographer_node-1] [0.580177, 0.606068)	                ####	Count: 5 (20.8333%)	Total: 5 (20.8333%)
[cartographer_node-1] [0.606068, 0.631959)	                   #	Count: 1 (4.16667%)	Total: 6 (25%)
[cartographer_node-1] [0.631959, 0.657850)	                  ##	Count: 2 (8.33333%)	Total: 8 (33.3333%)
[cartographer_node-1] [0.657850, 0.683741)	                 ###	Count: 3 (12.5%)	Total: 11 (45.8333%)
[cartographer_node-1] [0.683741, 0.709632)	                  ##	Count: 2 (8.33333%)	Total: 13 (54.1667%)
[cartographer_node-1] [0.709632, 0.735523)	                  ##	Count: 2 (8.33333%)	Total: 15 (62.5%)
[cartographer_node-1] [0.735523, 0.761414)	                 ###	Count: 4 (16.6667%)	Total: 19 (79.1667%)
[cartographer_node-1] [0.761414, 0.787305)	                  ##	Count: 2 (8.33333%)	Total: 21 (87.5%)
[cartographer_node-1] [0.787305, 0.813196)	                  ##	Count: 2 (8.33333%)	Total: 23 (95.8333%)
[cartographer_node-1] [0.813196, 0.839087]	                   #	Count: 1 (4.16667%)	Total: 24 (100%)
[cartographer_node-1] [INFO] [1778748378.229746407] [cartographer logger]: I0514 17:46:18.000000 82614 pose_graph_2d.cc:538] Remaining work items in queue: 1
[cartographer_node-1] [INFO] [1778748378.229808935] [cartographer logger]: I0514 17:46:18.000000 82614 constraint_builder_2d.cc:294] 1 computations resulted in 0 additional constraints.
[cartographer_node-1] [INFO] [1778748378.230135557] [cartographer logger]: I0514 17:46:18.000000 82614 constraint_builder_2d.cc:296] Score histogram:
[cartographer_node-1] Count: 24  Min: 0.580177  Max: 0.839087  Mean: 0.696855
[cartographer_node-1] [0.580177, 0.606068)	                ####	Count: 5 (20.8333%)	Total: 5 (20.8333%)
[cartographer_node-1] [0.606068, 0.631959)	                   #	Count: 1 (4.16667%)	Total: 6 (25%)
[cartographer_node-1] [0.631959, 0.657850)	                  ##	Count: 2 (8.33333%)	Total: 8 (33.3333%)
[cartographer_node-1] [0.657850, 0.683741)	                 ###	Count: 3 (12.5%)	Total: 11 (45.8333%)
[cartographer_node-1] [0.683741, 0.709632)	                  ##	Count: 2 (8.33333%)	Total: 13 (54.1667%)
[cartographer_node-1] [0.709632, 0.735523)	                  ##	Count: 2 (8.33333%)	Total: 15 (62.5%)
[cartographer_node-1] [0.735523, 0.761414)	                 ###	Count: 4 (16.6667%)	Total: 19 (79.1667%)
[cartographer_node-1] [0.761414, 0.787305)	                  ##	Count: 2 (8.33333%)	Total: 21 (87.5%)
[cartographer_node-1] [0.787305, 0.813196)	                  ##	Count: 2 (8.33333%)	Total: 23 (95.8333%)
[cartographer_node-1] [0.813196, 0.839087]	                   #	Count: 1 (4.16667%)	Total: 24 (100%)
[cartographer_node-1] [WARN] [1778748378.276857067] [cartographer logger]: W0514 17:46:18.000000 82574 range_data_collator.cc:82] Dropped 23 earlier points.
[cartographer_node-1] [INFO] [1778748378.431421184] [cartographer logger]: I0514 17:46:18.000000 82615 pose_graph_2d.cc:538] Remaining work items in queue: 1
[cartographer_node-1] [INFO] [1778748378.431468656] [cartographer logger]: I0514 17:46:18.000000 82615 constraint_builder_2d.cc:294] 0 computations resulted in 0 additional constraints.
[cartographer_node-1] [INFO] [1778748378.431508805] [cartographer logger]: I0514 17:46:18.000000 82615 constraint_builder_2d.cc:296] Score histogram:
[cartographer_node-1] Count: 24  Min: 0.580177  Max: 0.839087  Mean: 0.696855
[cartographer_node-1] [0.580177, 0.606068)	                ####	Count: 5 (20.8333%)	Total: 5 (20.8333%)
[cartographer_node-1] [0.606068, 0.631959)	                   #	Count: 1 (4.16667%)	Total: 6 (25%)
[cartographer_node-1] [0.631959, 0.657850)	                  ##	Count: 2 (8.33333%)	Total: 8 (33.3333%)
[cartographer_node-1] [0.657850, 0.683741)	                 ###	Count: 3 (12.5%)	Total: 11 (45.8333%)
[cartographer_node-1] [0.683741, 0.709632)	                  ##	Count: 2 (8.33333%)	Total: 13 (54.1667%)
[cartographer_node-1] [0.709632, 0.735523)	                  ##	Count: 2 (8.33333%)	Total: 15 (62.5%)
[cartographer_node-1] [0.735523, 0.761414)	                 ###	Count: 4 (16.6667%)	Total: 19 (79.1667%)
[cartographer_node-1] [0.761414, 0.787305)	                  ##	Count: 2 (8.33333%)	Total: 21 (87.5%)
[cartographer_node-1] [0.787305, 0.813196)	                  ##	Count: 2 (8.33333%)	Total: 23 (95.8333%)
[cartographer_node-1] [0.813196, 0.839087]	                   #	Count: 1 (4.16667%)	Total: 24 (100%)
[cartographer_node-1] [INFO] [1778748378.598955840] [cartographer logger]: I0514 17:46:18.000000 82616 pose_graph_2d.cc:538] Remaining work items in queue: 1
[cartographer_node-1] [INFO] [1778748378.598981589] [cartographer logger]: I0514 17:46:18.000000 82616 constraint_builder_2d.cc:294] 0 computations resulted in 0 additional constraints.
[cartographer_node-1] [INFO] [1778748378.599252295] [cartographer logger]: I0514 17:46:18.000000 82616 constraint_builder_2d.cc:296] Score histogram:
[cartographer_node-1] Count: 24  Min: 0.580177  Max: 0.839087  Mean: 0.696855
[cartographer_node-1] [0.580177, 0.606068)	                ####	Count: 5 (20.8333%)	Total: 5 (20.8333%)
[cartographer_node-1] [0.606068, 0.631959)	                   #	Count: 1 (4.16667%)	Total: 6 (25%)
[cartographer_node-1] [0.631959, 0.657850)	                  ##	Count: 2 (8.33333%)	Total: 8 (33.3333%)
[cartographer_node-1] [0.657850, 0.683741)	                 ###	Count: 3 (12.5%)	Total: 11 (45.8333%)
[cartographer_node-1] [0.683741, 0.709632)	                  ##	Count: 2 (8.33333%)	Total: 13 (54.1667%)
[cartographer_node-1] [0.709632, 0.735523)	                  ##	Count: 2 (8.33333%)	Total: 15 (62.5%)
[cartographer_node-1] [0.735523, 0.761414)	                 ###	Count: 4 (16.6667%)	Total: 19 (79.1667%)
[cartographer_node-1] [0.761414, 0.787305)	                  ##	Count: 2 (8.33333%)	Total: 21 (87.5%)
[cartographer_node-1] [0.787305, 0.813196)	                  ##	Count: 2 (8.33333%)	Total: 23 (95.8333%)
[cartographer_node-1] [0.813196, 0.839087]	                   #	Count: 1 (4.16667%)	Total: 24 (100%)
[cartographer_node-1] [INFO] [1778748378.806496917] [cartographer logger]: I0514 17:46:18.000000 82616 pose_graph_2d.cc:538] Remaining work items in queue: 0
[cartographer_node-1] [INFO] [1778748378.806542216] [cartographer logger]: I0514 17:46:18.000000 82616 constraint_builder_2d.cc:294] 0 computations resulted in 0 additional constraints.
[cartographer_node-1] [INFO] [1778748378.806849400] [cartographer logger]: I0514 17:46:18.000000 82616 constraint_builder_2d.cc:296] Score histogram:
[cartographer_node-1] Count: 24  Min: 0.580177  Max: 0.839087  Mean: 0.696855
[cartographer_node-1] [0.580177, 0.606068)	                ####	Count: 5 (20.8333%)	Total: 5 (20.8333%)
[cartographer_node-1] [0.606068, 0.631959)	                   #	Count: 1 (4.16667%)	Total: 6 (25%)
[cartographer_node-1] [0.631959, 0.657850)	                  ##	Count: 2 (8.33333%)	Total: 8 (33.3333%)
[cartographer_node-1] [0.657850, 0.683741)	                 ###	Count: 3 (12.5%)	Total: 11 (45.8333%)
[cartographer_node-1] [0.683741, 0.709632)	                  ##	Count: 2 (8.33333%)	Total: 13 (54.1667%)
[cartographer_node-1] [0.709632, 0.735523)	                  ##	Count: 2 (8.33333%)	Total: 15 (62.5%)
[cartographer_node-1] [0.735523, 0.761414)	                 ###	Count: 4 (16.6667%)	Total: 19 (79.1667%)
[cartographer_node-1] [0.761414, 0.787305)	                  ##	Count: 2 (8.33333%)	Total: 21 (87.5%)
[cartographer_node-1] [0.787305, 0.813196)	                  ##	Count: 2 (8.33333%)	Total: 23 (95.8333%)
[cartographer_node-1] [0.813196, 0.839087]	                   #	Count: 1 (4.16667%)	Total: 24 (100%)
[cartographer_node-1] [INFO] [1778748379.022116953] [cartographer logger]: I0514 17:46:19.000000 82615 pose_graph_2d.cc:538] Remaining work items in queue: 1
[cartographer_node-1] [INFO] [1778748379.022139848] [cartographer logger]: I0514 17:46:19.000000 82615 constraint_builder_2d.cc:294] 0 computations resulted in 0 additional constraints.
[cartographer_node-1] [INFO] [1778748379.022251155] [cartographer logger]: I0514 17:46:19.000000 82615 constraint_builder_2d.cc:296] Score histogram:
[cartographer_node-1] Count: 24  Min: 0.580177  Max: 0.839087  Mean: 0.696855
[cartographer_node-1] [0.580177, 0.606068)	                ####	Count: 5 (20.8333%)	Total: 5 (20.8333%)
[cartographer_node-1] [0.606068, 0.631959)	                   #	Count: 1 (4.16667%)	Total: 6 (25%)
[cartographer_node-1] [0.631959, 0.657850)	                  ##	Count: 2 (8.33333%)	Total: 8 (33.3333%)
[cartographer_node-1] [0.657850, 0.683741)	                 ###	Count: 3 (12.5%)	Total: 11 (45.8333%)
[cartographer_node-1] [0.683741, 0.709632)	                  ##	Count: 2 (8.33333%)	Total: 13 (54.1667%)
[cartographer_node-1] [0.709632, 0.735523)	                  ##	Count: 2 (8.33333%)	Total: 15 (62.5%)
[cartographer_node-1] [0.735523, 0.761414)	                 ###	Count: 4 (16.6667%)	Total: 19 (79.1667%)
[cartographer_node-1] [0.761414, 0.787305)	                  ##	Count: 2 (8.33333%)	Total: 21 (87.5%)
[cartographer_node-1] [0.787305, 0.813196)	                  ##	Count: 2 (8.33333%)	Total: 23 (95.8333%)
[cartographer_node-1] [0.813196, 0.839087]	                   #	Count: 1 (4.16667%)	Total: 24 (100%)
[cartographer_node-1] [INFO] [1778748379.146093349] [cartographer logger]: I0514 17:46:19.000000 82615 pose_graph_2d.cc:538] Remaining work items in queue: 1
[cartographer_node-1] [INFO] [1778748379.146116185] [cartographer logger]: I0514 17:46:19.000000 82615 constraint_builder_2d.cc:294] 1 computations resulted in 0 additional constraints.
[cartographer_node-1] [INFO] [1778748379.146134603] [cartographer logger]: I0514 17:46:19.000000 82615 constraint_builder_2d.cc:296] Score histogram:
[cartographer_node-1] Count: 24  Min: 0.580177  Max: 0.839087  Mean: 0.696855
[cartographer_node-1] [0.580177, 0.606068)	                ####	Count: 5 (20.8333%)	Total: 5 (20.8333%)
[cartographer_node-1] [0.606068, 0.631959)	                   #	Count: 1 (4.16667%)	Total: 6 (25%)
[cartographer_node-1] [0.631959, 0.657850)	                  ##	Count: 2 (8.33333%)	Total: 8 (33.3333%)
[cartographer_node-1] [0.657850, 0.683741)	                 ###	Count: 3 (12.5%)	Total: 11 (45.8333%)
[cartographer_node-1] [0.683741, 0.709632)	                  ##	Count: 2 (8.33333%)	Total: 13 (54.1667%)
[cartographer_node-1] [0.709632, 0.735523)	                  ##	Count: 2 (8.33333%)	Total: 15 (62.5%)
[cartographer_node-1] [0.735523, 0.761414)	                 ###	Count: 4 (16.6667%)	Total: 19 (79.1667%)
[cartographer_node-1] [0.761414, 0.787305)	                  ##	Count: 2 (8.33333%)	Total: 21 (87.5%)
[cartographer_node-1] [0.787305, 0.813196)	                  ##	Count: 2 (8.33333%)	Total: 23 (95.8333%)
[cartographer_node-1] [0.813196, 0.839087]	                   #	Count: 1 (4.16667%)	Total: 24 (100%)
[cartographer_node-1] [INFO] [1778748379.436680319] [cartographer logger]: I0514 17:46:19.000000 82616 pose_graph_2d.cc:538] Remaining work items in queue: 1
[cartographer_node-1] [INFO] [1778748379.436819765] [cartographer logger]: I0514 17:46:19.000000 82616 constraint_builder_2d.cc:294] 0 computations resulted in 0 additional constraints.
[cartographer_node-1] [INFO] [1778748379.437802303] [cartographer logger]: I0514 17:46:19.000000 82616 constraint_builder_2d.cc:296] Score histogram:
[cartographer_node-1] Count: 24  Min: 0.580177  Max: 0.839087  Mean: 0.696855
[cartographer_node-1] [0.580177, 0.606068)	                ####	Count: 5 (20.8333%)	Total: 5 (20.8333%)
[cartographer_node-1] [0.606068, 0.631959)	                   #	Count: 1 (4.16667%)	Total: 6 (25%)
[cartographer_node-1] [0.631959, 0.657850)	                  ##	Count: 2 (8.33333%)	Total: 8 (33.3333%)
[cartographer_node-1] [0.657850, 0.683741)	                 ###	Count: 3 (12.5%)	Total: 11 (45.8333%)
[cartographer_node-1] [0.683741, 0.709632)	                  ##	Count: 2 (8.33333%)	Total: 13 (54.1667%)
[cartographer_node-1] [0.709632, 0.735523)	                  ##	Count: 2 (8.33333%)	Total: 15 (62.5%)
[cartographer_node-1] [0.735523, 0.761414)	                 ###	Count: 4 (16.6667%)	Total: 19 (79.1667%)
[cartographer_node-1] [0.761414, 0.787305)	                  ##	Count: 2 (8.33333%)	Total: 21 (87.5%)
[cartographer_node-1] [0.787305, 0.813196)	                  ##	Count: 2 (8.33333%)	Total: 23 (95.8333%)
[cartographer_node-1] [0.813196, 0.839087]	                   #	Count: 1 (4.16667%)	Total: 24 (100%)
[cartographer_node-1] [INFO] [1778748379.486827102] [cartographer logger]: I0514 17:46:19.000000 82615 pose_graph_2d.cc:538] Remaining work items in queue: 1
[cartographer_node-1] [INFO] [1778748379.486848097] [cartographer logger]: I0514 17:46:19.000000 82615 constraint_builder_2d.cc:294] 0 computations resulted in 0 additional constraints.
[cartographer_node-1] [INFO] [1778748379.487209297] [cartographer logger]: I0514 17:46:19.000000 82615 constraint_builder_2d.cc:296] Score histogram:
[cartographer_node-1] Count: 24  Min: 0.580177  Max: 0.839087  Mean: 0.696855
[cartographer_node-1] [0.580177, 0.606068)	                ####	Count: 5 (20.8333%)	Total: 5 (20.8333%)
[cartographer_node-1] [0.606068, 0.631959)	                   #	Count: 1 (4.16667%)	Total: 6 (25%)
[cartographer_node-1] [0.631959, 0.657850)	                  ##	Count: 2 (8.33333%)	Total: 8 (33.3333%)
[cartographer_node-1] [0.657850, 0.683741)	                 ###	Count: 3 (12.5%)	Total: 11 (45.8333%)
[cartographer_node-1] [0.683741, 0.709632)	                  ##	Count: 2 (8.33333%)	Total: 13 (54.1667%)
[cartographer_node-1] [0.709632, 0.735523)	                  ##	Count: 2 (8.33333%)	Total: 15 (62.5%)
[cartographer_node-1] [0.735523, 0.761414)	                 ###	Count: 4 (16.6667%)	Total: 19 (79.1667%)
[cartographer_node-1] [0.761414, 0.787305)	                  ##	Count: 2 (8.33333%)	Total: 21 (87.5%)
[cartographer_node-1] [0.787305, 0.813196)	                  ##	Count: 2 (8.33333%)	Total: 23 (95.8333%)
[cartographer_node-1] [0.813196, 0.839087]	                   #	Count: 1 (4.16667%)	Total: 24 (100%)
[cartographer_node-1] [INFO] [1778748379.552082264] [cartographer logger]: I0514 17:46:19.000000 82614 pose_graph_2d.cc:538] Remaining work items in queue: 1
[cartographer_node-1] [INFO] [1778748379.552105706] [cartographer logger]: I0514 17:46:19.000000 82614 constraint_builder_2d.cc:294] 0 computations resulted in 0 additional constraints.
[cartographer_node-1] [INFO] [1778748379.552395564] [cartographer logger]: I0514 17:46:19.000000 82614 constraint_builder_2d.cc:296] Score histogram:
[cartographer_node-1] Count: 24  Min: 0.580177  Max: 0.839087  Mean: 0.696855
[cartographer_node-1] [0.580177, 0.606068)	                ####	Count: 5 (20.8333%)	Total: 5 (20.8333%)
[cartographer_node-1] [0.606068, 0.631959)	                   #	Count: 1 (4.16667%)	Total: 6 (25%)
[cartographer_node-1] [0.631959, 0.657850)	                  ##	Count: 2 (8.33333%)	Total: 8 (33.3333%)
[cartographer_node-1] [0.657850, 0.683741)	                 ###	Count: 3 (12.5%)	Total: 11 (45.8333%)
[cartographer_node-1] [0.683741, 0.709632)	                  ##	Count: 2 (8.33333%)	Total: 13 (54.1667%)
[cartographer_node-1] [0.709632, 0.735523)	                  ##	Count: 2 (8.33333%)	Total: 15 (62.5%)
[cartographer_node-1] [0.735523, 0.761414)	                 ###	Count: 4 (16.6667%)	Total: 19 (79.1667%)
[cartographer_node-1] [0.761414, 0.787305)	                  ##	Count: 2 (8.33333%)	Total: 21 (87.5%)
[cartographer_node-1] [0.787305, 0.813196)	                  ##	Count: 2 (8.33333%)	Total: 23 (95.8333%)
[cartographer_node-1] [0.813196, 0.839087]	                   #	Count: 1 (4.16667%)	Total: 24 (100%)
[cartographer_node-1] [INFO] [1778748379.630330601] [cartographer logger]: I0514 17:46:19.000000 82615 pose_graph_2d.cc:538] Remaining work items in queue: 1
[cartographer_node-1] [INFO] [1778748379.651395817] [cartographer logger]: I0514 17:46:19.000000 82614 constraint_builder_2d.cc:294] 1 computations resulted in 0 additional constraints.
[cartographer_node-1] [INFO] [1778748379.651425982] [cartographer logger]: I0514 17:46:19.000000 82614 constraint_builder_2d.cc:296] Score histogram:
[cartographer_node-1] Count: 24  Min: 0.580177  Max: 0.839087  Mean: 0.696855
[cartographer_node-1] [0.580177, 0.606068)	                ####	Count: 5 (20.8333%)	Total: 5 (20.8333%)
[cartographer_node-1] [0.606068, 0.631959)	                   #	Count: 1 (4.16667%)	Total: 6 (25%)
[cartographer_node-1] [0.631959, 0.657850)	                  ##	Count: 2 (8.33333%)	Total: 8 (33.3333%)
[cartographer_node-1] [0.657850, 0.683741)	                 ###	Count: 3 (12.5%)	Total: 11 (45.8333%)
[cartographer_node-1] [0.683741, 0.709632)	                  ##	Count: 2 (8.33333%)	Total: 13 (54.1667%)
[cartographer_node-1] [0.709632, 0.735523)	                  ##	Count: 2 (8.33333%)	Total: 15 (62.5%)
[cartographer_node-1] [0.735523, 0.761414)	                 ###	Count: 4 (16.6667%)	Total: 19 (79.1667%)
[cartographer_node-1] [0.761414, 0.787305)	                  ##	Count: 2 (8.33333%)	Total: 21 (87.5%)
[cartographer_node-1] [0.787305, 0.813196)	                  ##	Count: 2 (8.33333%)	Total: 23 (95.8333%)
[cartographer_node-1] [0.813196, 0.839087]	                   #	Count: 1 (4.16667%)	Total: 24 (100%)
[cartographer_node-1] [INFO] [1778748379.731300611] [cartographer logger]: I0514 17:46:19.000000 82615 pose_graph_2d.cc:538] Remaining work items in queue: 0
[cartographer_node-1] [INFO] [1778748379.731326919] [cartographer logger]: I0514 17:46:19.000000 82615 constraint_builder_2d.cc:294] 0 computations resulted in 0 additional constraints.
[cartographer_node-1] [INFO] [1778748379.731478826] [cartographer logger]: I0514 17:46:19.000000 82615 constraint_builder_2d.cc:296] Score histogram:
[cartographer_node-1] Count: 24  Min: 0.580177  Max: 0.839087  Mean: 0.696855
[cartographer_node-1] [0.580177, 0.606068)	                ####	Count: 5 (20.8333%)	Total: 5 (20.8333%)
[cartographer_node-1] [0.606068, 0.631959)	                   #	Count: 1 (4.16667%)	Total: 6 (25%)
[cartographer_node-1] [0.631959, 0.657850)	                  ##	Count: 2 (8.33333%)	Total: 8 (33.3333%)
[cartographer_node-1] [0.657850, 0.683741)	                 ###	Count: 3 (12.5%)	Total: 11 (45.8333%)
[cartographer_node-1] [0.683741, 0.709632)	                  ##	Count: 2 (8.33333%)	Total: 13 (54.1667%)
[cartographer_node-1] [0.709632, 0.735523)	                  ##	Count: 2 (8.33333%)	Total: 15 (62.5%)
[cartographer_node-1] [0.735523, 0.761414)	                 ###	Count: 4 (16.6667%)	Total: 19 (79.1667%)
[cartographer_node-1] [0.761414, 0.787305)	                  ##	Count: 2 (8.33333%)	Total: 21 (87.5%)
[cartographer_node-1] [0.787305, 0.813196)	                  ##	Count: 2 (8.33333%)	Total: 23 (95.8333%)
[cartographer_node-1] [0.813196, 0.839087]	                   #	Count: 1 (4.16667%)	Total: 24 (100%)
[cartographer_node-1] [INFO] [1778748379.798085935] [cartographer logger]: I0514 17:46:19.000000 82614 pose_graph_2d.cc:538] Remaining work items in queue: 0
[cartographer_node-1] [INFO] [1778748379.798112082] [cartographer logger]: I0514 17:46:19.000000 82614 constraint_builder_2d.cc:294] 0 computations resulted in 0 additional constraints.
[cartographer_node-1] [INFO] [1778748379.798236245] [cartographer logger]: I0514 17:46:19.000000 82614 constraint_builder_2d.cc:296] Score histogram:
[cartographer_node-1] Count: 24  Min: 0.580177  Max: 0.839087  Mean: 0.696855
[cartographer_node-1] [0.580177, 0.606068)	                ####	Count: 5 (20.8333%)	Total: 5 (20.8333%)
[cartographer_node-1] [0.606068, 0.631959)	                   #	Count: 1 (4.16667%)	Total: 6 (25%)
[cartographer_node-1] [0.631959, 0.657850)	                  ##	Count: 2 (8.33333%)	Total: 8 (33.3333%)
[cartographer_node-1] [0.657850, 0.683741)	                 ###	Count: 3 (12.5%)	Total: 11 (45.8333%)
[cartographer_node-1] [0.683741, 0.709632)	                  ##	Count: 2 (8.33333%)	Total: 13 (54.1667%)
[cartographer_node-1] [0.709632, 0.735523)	                  ##	Count: 2 (8.33333%)	Total: 15 (62.5%)
[cartographer_node-1] [0.735523, 0.761414)	                 ###	Count: 4 (16.6667%)	Total: 19 (79.1667%)
[cartographer_node-1] [0.761414, 0.787305)	                  ##	Count: 2 (8.33333%)	Total: 21 (87.5%)
[cartographer_node-1] [0.787305, 0.813196)	                  ##	Count: 2 (8.33333%)	Total: 23 (95.8333%)
[cartographer_node-1] [0.813196, 0.839087]	                   #	Count: 1 (4.16667%)	Total: 24 (100%)
[cartographer_node-1] [INFO] [1778748379.877967936] [cartographer logger]: I0514 17:46:19.000000 82615 pose_graph_2d.cc:538] Remaining work items in queue: 0
[cartographer_node-1] [INFO] [1778748379.878016706] [cartographer logger]: I0514 17:46:19.000000 82615 constraint_builder_2d.cc:294] 0 computations resulted in 0 additional constraints.
[cartographer_node-1] [INFO] [1778748379.878343585] [cartographer logger]: I0514 17:46:19.000000 82615 constraint_builder_2d.cc:296] Score histogram:
[cartographer_node-1] Count: 24  Min: 0.580177  Max: 0.839087  Mean: 0.696855
[cartographer_node-1] [0.580177, 0.606068)	                ####	Count: 5 (20.8333%)	Total: 5 (20.8333%)
[cartographer_node-1] [0.606068, 0.631959)	                   #	Count: 1 (4.16667%)	Total: 6 (25%)
[cartographer_node-1] [0.631959, 0.657850)	                  ##	Count: 2 (8.33333%)	Total: 8 (33.3333%)
[cartographer_node-1] [0.657850, 0.683741)	                 ###	Count: 3 (12.5%)	Total: 11 (45.8333%)
[cartographer_node-1] [0.683741, 0.709632)	                  ##	Count: 2 (8.33333%)	Total: 13 (54.1667%)
[cartographer_node-1] [0.709632, 0.735523)	                  ##	Count: 2 (8.33333%)	Total: 15 (62.5%)
[cartographer_node-1] [0.735523, 0.761414)	                 ###	Count: 4 (16.6667%)	Total: 19 (79.1667%)
[cartographer_node-1] [0.761414, 0.787305)	                  ##	Count: 2 (8.33333%)	Total: 21 (87.5%)
[cartographer_node-1] [0.787305, 0.813196)	                  ##	Count: 2 (8.33333%)	Total: 23 (95.8333%)
[cartographer_node-1] [0.813196, 0.839087]	                   #	Count: 1 (4.16667%)	Total: 24 (100%)
[cartographer_node-1] [INFO] [1778748379.943164029] [cartographer logger]: I0514 17:46:19.000000 82613 pose_graph_2d.cc:538] Remaining work items in queue: 1
[cartographer_node-1] [INFO] [1778748379.943192172] [cartographer logger]: I0514 17:46:19.000000 82613 constraint_builder_2d.cc:294] 0 computations resulted in 0 additional constraints.
[cartographer_node-1] [INFO] [1778748379.943266842] [cartographer logger]: I0514 17:46:19.000000 82613 constraint_builder_2d.cc:296] Score histogram:
[cartographer_node-1] Count: 24  Min: 0.580177  Max: 0.839087  Mean: 0.696855
[cartographer_node-1] [0.580177, 0.606068)	                ####	Count: 5 (20.8333%)	Total: 5 (20.8333%)
[cartographer_node-1] [0.606068, 0.631959)	                   #	Count: 1 (4.16667%)	Total: 6 (25%)
[cartographer_node-1] [0.631959, 0.657850)	                  ##	Count: 2 (8.33333%)	Total: 8 (33.3333%)
[cartographer_node-1] [0.657850, 0.683741)	                 ###	Count: 3 (12.5%)	Total: 11 (45.8333%)
[cartographer_node-1] [0.683741, 0.709632)	                  ##	Count: 2 (8.33333%)	Total: 13 (54.1667%)
[cartographer_node-1] [0.709632, 0.735523)	                  ##	Count: 2 (8.33333%)	Total: 15 (62.5%)
[cartographer_node-1] [0.735523, 0.761414)	                 ###	Count: 4 (16.6667%)	Total: 19 (79.1667%)
[cartographer_node-1] [0.761414, 0.787305)	                  ##	Count: 2 (8.33333%)	Total: 21 (87.5%)
[cartographer_node-1] [0.787305, 0.813196)	                  ##	Count: 2 (8.33333%)	Total: 23 (95.8333%)
[cartographer_node-1] [0.813196, 0.839087]	                   #	Count: 1 (4.16667%)	Total: 24 (100%)
[cartographer_node-1] [INFO] [1778748380.013898210] [cartographer logger]: I0514 17:46:20.000000 82616 pose_graph_2d.cc:538] Remaining work items in queue: 0
[cartographer_node-1] [INFO] [1778748380.052033786] [cartographer logger]: I0514 17:46:20.000000 82613 constraint_builder_2d.cc:294] 1 computations resulted in 0 additional constraints.
[cartographer_node-1] [INFO] [1778748380.052095247] [cartographer logger]: I0514 17:46:20.000000 82613 constraint_builder_2d.cc:296] Score histogram:
[cartographer_node-1] Count: 24  Min: 0.580177  Max: 0.839087  Mean: 0.696855
[cartographer_node-1] [0.580177, 0.606068)	                ####	Count: 5 (20.8333%)	Total: 5 (20.8333%)
[cartographer_node-1] [0.606068, 0.631959)	                   #	Count: 1 (4.16667%)	Total: 6 (25%)
[cartographer_node-1] [0.631959, 0.657850)	                  ##	Count: 2 (8.33333%)	Total: 8 (33.3333%)
[cartographer_node-1] [0.657850, 0.683741)	                 ###	Count: 3 (12.5%)	Total: 11 (45.8333%)
[cartographer_node-1] [0.683741, 0.709632)	                  ##	Count: 2 (8.33333%)	Total: 13 (54.1667%)
[cartographer_node-1] [0.709632, 0.735523)	                  ##	Count: 2 (8.33333%)	Total: 15 (62.5%)
[cartographer_node-1] [0.735523, 0.761414)	                 ###	Count: 4 (16.6667%)	Total: 19 (79.1667%)
[cartographer_node-1] [0.761414, 0.787305)	                  ##	Count: 2 (8.33333%)	Total: 21 (87.5%)
[cartographer_node-1] [0.787305, 0.813196)	                  ##	Count: 2 (8.33333%)	Total: 23 (95.8333%)
[cartographer_node-1] [0.813196, 0.839087]	                   #	Count: 1 (4.16667%)	Total: 24 (100%)
[cartographer_node-1] [INFO] [1778748380.100851864] [cartographer logger]: I0514 17:46:20.000000 82615 pose_graph_2d.cc:538] Remaining work items in queue: 1
[cartographer_node-1] [INFO] [1778748380.100896228] [cartographer logger]: I0514 17:46:20.000000 82615 constraint_builder_2d.cc:294] 0 computations resulted in 0 additional constraints.
[cartographer_node-1] [INFO] [1778748380.101221369] [cartographer logger]: I0514 17:46:20.000000 82615 constraint_builder_2d.cc:296] Score histogram:
[cartographer_node-1] Count: 24  Min: 0.580177  Max: 0.839087  Mean: 0.696855
[cartographer_node-1] [0.580177, 0.606068)	                ####	Count: 5 (20.8333%)	Total: 5 (20.8333%)
[cartographer_node-1] [0.606068, 0.631959)	                   #	Count: 1 (4.16667%)	Total: 6 (25%)
[cartographer_node-1] [0.631959, 0.657850)	                  ##	Count: 2 (8.33333%)	Total: 8 (33.3333%)
[cartographer_node-1] [0.657850, 0.683741)	                 ###	Count: 3 (12.5%)	Total: 11 (45.8333%)
[cartographer_node-1] [0.683741, 0.709632)	                  ##	Count: 2 (8.33333%)	Total: 13 (54.1667%)
[cartographer_node-1] [0.709632, 0.735523)	                  ##	Count: 2 (8.33333%)	Total: 15 (62.5%)
[cartographer_node-1] [0.735523, 0.761414)	                 ###	Count: 4 (16.6667%)	Total: 19 (79.1667%)
[cartographer_node-1] [0.761414, 0.787305)	                  ##	Count: 2 (8.33333%)	Total: 21 (87.5%)
[cartographer_node-1] [0.787305, 0.813196)	                  ##	Count: 2 (8.33333%)	Total: 23 (95.8333%)
[cartographer_node-1] [0.813196, 0.839087]	                   #	Count: 1 (4.16667%)	Total: 24 (100%)
[cartographer_node-1] [INFO] [1778748380.160579252] [cartographer logger]: I0514 17:46:20.000000 82613 pose_graph_2d.cc:538] Remaining work items in queue: 0
[cartographer_node-1] [INFO] [1778748380.179869338] [cartographer logger]: I0514 17:46:20.000000 82574 pose_graph_2d.cc:148] Inserted submap (1, 5).
[cartographer_node-1] [INFO] [1778748380.209402117] [cartographer logger]: I0514 17:46:20.000000 82616 constraint_builder_2d.cc:279] Node (0, 54) with 207 points on submap (1, 3) matches with score 65.8%.
[cartographer_node-1] [INFO] [1778748380.212110522] [cartographer logger]: I0514 17:46:20.000000 82614 constraint_builder_2d.cc:279] Node (0, 654) with 205 points on submap (1, 3) matches with score 66.3%.
[cartographer_node-1] [INFO] [1778748380.215866084] [cartographer logger]: I0514 17:46:20.000000 82615 constraint_builder_2d.cc:279] Node (0, 1254) with 208 points on submap (1, 3) matches with score 70.1%.
[cartographer_node-1] [INFO] [1778748380.284176644] [cartographer logger]: I0514 17:46:20.000000 82613 constraint_builder_2d.cc:294] 8 computations resulted in 3 additional constraints.
[cartographer_node-1] [INFO] [1778748380.284221839] [cartographer logger]: I0514 17:46:20.000000 82613 constraint_builder_2d.cc:296] Score histogram:
[cartographer_node-1] Count: 27  Min: 0.580177  Max: 0.839087  Mean: 0.694313
[cartographer_node-1] [0.580177, 0.606068)	                ####	Count: 5 (18.5185%)	Total: 5 (18.5185%)
[cartographer_node-1] [0.606068, 0.631959)	                   #	Count: 1 (3.7037%)	Total: 6 (22.2222%)
[cartographer_node-1] [0.631959, 0.657850)	                   #	Count: 2 (7.40741%)	Total: 8 (29.6296%)
[cartographer_node-1] [0.657850, 0.683741)	                ####	Count: 5 (18.5185%)	Total: 13 (48.1481%)
[cartographer_node-1] [0.683741, 0.709632)	                  ##	Count: 3 (11.1111%)	Total: 16 (59.2593%)
[cartographer_node-1] [0.709632, 0.735523)	                   #	Count: 2 (7.40741%)	Total: 18 (66.6667%)
[cartographer_node-1] [0.735523, 0.761414)	                 ###	Count: 4 (14.8148%)	Total: 22 (81.4815%)
[cartographer_node-1] [0.761414, 0.787305)	                   #	Count: 2 (7.40741%)	Total: 24 (88.8889%)
[cartographer_node-1] [0.787305, 0.813196)	                   #	Count: 2 (7.40741%)	Total: 26 (96.2963%)
[cartographer_node-1] [0.813196, 0.839087]	                   #	Count: 1 (3.7037%)	Total: 27 (100%)
[cartographer_node-1] [INFO] [1778748380.315670066] [cartographer logger]: I0514 17:46:20.000000 82613 pose_graph_2d.cc:538] Remaining work items in queue: 8
[cartographer_node-1] [INFO] [1778748380.315742061] [cartographer logger]: I0514 17:46:20.000000 82613 constraint_builder_2d.cc:294] 0 computations resulted in 0 additional constraints.
[cartographer_node-1] [INFO] [1778748380.315849373] [cartographer logger]: I0514 17:46:20.000000 82613 constraint_builder_2d.cc:296] Score histogram:
[cartographer_node-1] Count: 27  Min: 0.580177  Max: 0.839087  Mean: 0.694313
[cartographer_node-1] [0.580177, 0.606068)	                ####	Count: 5 (18.5185%)	Total: 5 (18.5185%)
[cartographer_node-1] [0.606068, 0.631959)	                   #	Count: 1 (3.7037%)	Total: 6 (22.2222%)
[cartographer_node-1] [0.631959, 0.657850)	                   #	Count: 2 (7.40741%)	Total: 8 (29.6296%)
[cartographer_node-1] [0.657850, 0.683741)	                ####	Count: 5 (18.5185%)	Total: 13 (48.1481%)
[cartographer_node-1] [0.683741, 0.709632)	                  ##	Count: 3 (11.1111%)	Total: 16 (59.2593%)
[cartographer_node-1] [0.709632, 0.735523)	                   #	Count: 2 (7.40741%)	Total: 18 (66.6667%)
[cartographer_node-1] [0.735523, 0.761414)	                 ###	Count: 4 (14.8148%)	Total: 22 (81.4815%)
[cartographer_node-1] [0.761414, 0.787305)	                   #	Count: 2 (7.40741%)	Total: 24 (88.8889%)
[cartographer_node-1] [0.787305, 0.813196)	                   #	Count: 2 (7.40741%)	Total: 26 (96.2963%)
[cartographer_node-1] [0.813196, 0.839087]	                   #	Count: 1 (3.7037%)	Total: 27 (100%)
[cartographer_node-1] [INFO] [1778748380.332180420] [cartographer logger]: I0514 17:46:20.000000 82613 pose_graph_2d.cc:538] Remaining work items in queue: 1
[cartographer_node-1] [INFO] [1778748380.332230080] [cartographer logger]: I0514 17:46:20.000000 82613 constraint_builder_2d.cc:294] 0 computations resulted in 0 additional constraints.
[cartographer_node-1] [INFO] [1778748380.332297707] [cartographer logger]: I0514 17:46:20.000000 82613 constraint_builder_2d.cc:296] Score histogram:
[cartographer_node-1] Count: 27  Min: 0.580177  Max: 0.839087  Mean: 0.694313
[cartographer_node-1] [0.580177, 0.606068)	                ####	Count: 5 (18.5185%)	Total: 5 (18.5185%)
[cartographer_node-1] [0.606068, 0.631959)	                   #	Count: 1 (3.7037%)	Total: 6 (22.2222%)
[cartographer_node-1] [0.631959, 0.657850)	                   #	Count: 2 (7.40741%)	Total: 8 (29.6296%)
[cartographer_node-1] [0.657850, 0.683741)	                ####	Count: 5 (18.5185%)	Total: 13 (48.1481%)
[cartographer_node-1] [0.683741, 0.709632)	                  ##	Count: 3 (11.1111%)	Total: 16 (59.2593%)
[cartographer_node-1] [0.709632, 0.735523)	                   #	Count: 2 (7.40741%)	Total: 18 (66.6667%)
[cartographer_node-1] [0.735523, 0.761414)	                 ###	Count: 4 (14.8148%)	Total: 22 (81.4815%)
[cartographer_node-1] [0.761414, 0.787305)	                   #	Count: 2 (7.40741%)	Total: 24 (88.8889%)
[cartographer_node-1] [0.787305, 0.813196)	                   #	Count: 2 (7.40741%)	Total: 26 (96.2963%)
[cartographer_node-1] [0.813196, 0.839087]	                   #	Count: 1 (3.7037%)	Total: 27 (100%)
[cartographer_node-1] [INFO] [1778748380.410338663] [cartographer logger]: I0514 17:46:20.000000 82614 pose_graph_2d.cc:538] Remaining work items in queue: 0
[cartographer_node-1] [INFO] [1778748380.410363034] [cartographer logger]: I0514 17:46:20.000000 82614 constraint_builder_2d.cc:294] 1 computations resulted in 0 additional constraints.
[cartographer_node-1] [INFO] [1778748380.410434806] [cartographer logger]: I0514 17:46:20.000000 82614 constraint_builder_2d.cc:296] Score histogram:
[cartographer_node-1] Count: 27  Min: 0.580177  Max: 0.839087  Mean: 0.694313
[cartographer_node-1] [0.580177, 0.606068)	                ####	Count: 5 (18.5185%)	Total: 5 (18.5185%)
[cartographer_node-1] [0.606068, 0.631959)	                   #	Count: 1 (3.7037%)	Total: 6 (22.2222%)
[cartographer_node-1] [0.631959, 0.657850)	                   #	Count: 2 (7.40741%)	Total: 8 (29.6296%)
[cartographer_node-1] [0.657850, 0.683741)	                ####	Count: 5 (18.5185%)	Total: 13 (48.1481%)
[cartographer_node-1] [0.683741, 0.709632)	                  ##	Count: 3 (11.1111%)	Total: 16 (59.2593%)
[cartographer_node-1] [0.709632, 0.735523)	                   #	Count: 2 (7.40741%)	Total: 18 (66.6667%)
[cartographer_node-1] [0.735523, 0.761414)	                 ###	Count: 4 (14.8148%)	Total: 22 (81.4815%)
[cartographer_node-1] [0.761414, 0.787305)	                   #	Count: 2 (7.40741%)	Total: 24 (88.8889%)
[cartographer_node-1] [0.787305, 0.813196)	                   #	Count: 2 (7.40741%)	Total: 26 (96.2963%)
[cartographer_node-1] [0.813196, 0.839087]	                   #	Count: 1 (3.7037%)	Total: 27 (100%)
[cartographer_node-1] [INFO] [1778748380.458256201] [cartographer logger]: I0514 17:46:20.000000 82613 pose_graph_2d.cc:538] Remaining work items in queue: 1
[cartographer_node-1] [INFO] [1778748380.458280992] [cartographer logger]: I0514 17:46:20.000000 82613 constraint_builder_2d.cc:294] 0 computations resulted in 0 additional constraints.
[cartographer_node-1] [INFO] [1778748380.458381921] [cartographer logger]: I0514 17:46:20.000000 82613 constraint_builder_2d.cc:296] Score histogram:
[cartographer_node-1] Count: 27  Min: 0.580177  Max: 0.839087  Mean: 0.694313
[cartographer_node-1] [0.580177, 0.606068)	                ####	Count: 5 (18.5185%)	Total: 5 (18.5185%)
[cartographer_node-1] [0.606068, 0.631959)	                   #	Count: 1 (3.7037%)	Total: 6 (22.2222%)
[cartographer_node-1] [0.631959, 0.657850)	                   #	Count: 2 (7.40741%)	Total: 8 (29.6296%)
[cartographer_node-1] [0.657850, 0.683741)	                ####	Count: 5 (18.5185%)	Total: 13 (48.1481%)
[cartographer_node-1] [0.683741, 0.709632)	                  ##	Count: 3 (11.1111%)	Total: 16 (59.2593%)
[cartographer_node-1] [0.709632, 0.735523)	                   #	Count: 2 (7.40741%)	Total: 18 (66.6667%)
[cartographer_node-1] [0.735523, 0.761414)	                 ###	Count: 4 (14.8148%)	Total: 22 (81.4815%)
[cartographer_node-1] [0.761414, 0.787305)	                   #	Count: 2 (7.40741%)	Total: 24 (88.8889%)
[cartographer_node-1] [0.787305, 0.813196)	                   #	Count: 2 (7.40741%)	Total: 26 (96.2963%)
[cartographer_node-1] [0.813196, 0.839087]	                   #	Count: 1 (3.7037%)	Total: 27 (100%)
[cartographer_node-1] [INFO] [1778748380.561928403] [cartographer logger]: I0514 17:46:20.000000 82614 pose_graph_2d.cc:538] Remaining work items in queue: 1
[cartographer_node-1] [INFO] [1778748380.561949119] [cartographer logger]: I0514 17:46:20.000000 82614 constraint_builder_2d.cc:294] 0 computations resulted in 0 additional constraints.
[cartographer_node-1] [INFO] [1778748380.562077835] [cartographer logger]: I0514 17:46:20.000000 82614 constraint_builder_2d.cc:296] Score histogram:
[cartographer_node-1] Count: 27  Min: 0.580177  Max: 0.839087  Mean: 0.694313
[cartographer_node-1] [0.580177, 0.606068)	                ####	Count: 5 (18.5185%)	Total: 5 (18.5185%)
[cartographer_node-1] [0.606068, 0.631959)	                   #	Count: 1 (3.7037%)	Total: 6 (22.2222%)
[cartographer_node-1] [0.631959, 0.657850)	                   #	Count: 2 (7.40741%)	Total: 8 (29.6296%)
[cartographer_node-1] [0.657850, 0.683741)	                ####	Count: 5 (18.5185%)	Total: 13 (48.1481%)
[cartographer_node-1] [0.683741, 0.709632)	                  ##	Count: 3 (11.1111%)	Total: 16 (59.2593%)
[cartographer_node-1] [0.709632, 0.735523)	                   #	Count: 2 (7.40741%)	Total: 18 (66.6667%)
[cartographer_node-1] [0.735523, 0.761414)	                 ###	Count: 4 (14.8148%)	Total: 22 (81.4815%)
[cartographer_node-1] [0.761414, 0.787305)	                   #	Count: 2 (7.40741%)	Total: 24 (88.8889%)
[cartographer_node-1] [0.787305, 0.813196)	                   #	Count: 2 (7.40741%)	Total: 26 (96.2963%)
[cartographer_node-1] [0.813196, 0.839087]	                   #	Count: 1 (3.7037%)	Total: 27 (100%)
[cartographer_node-1] [INFO] [1778748380.622008810] [cartographer logger]: I0514 17:46:20.000000 82615 pose_graph_2d.cc:538] Remaining work items in queue: 0
[cartographer_node-1] [INFO] [1778748380.622050962] [cartographer logger]: I0514 17:46:20.000000 82615 constraint_builder_2d.cc:294] 0 computations resulted in 0 additional constraints.
[cartographer_node-1] [INFO] [1778748380.622092844] [cartographer logger]: I0514 17:46:20.000000 82615 constraint_builder_2d.cc:296] Score histogram:
[cartographer_node-1] Count: 27  Min: 0.580177  Max: 0.839087  Mean: 0.694313
[cartographer_node-1] [0.580177, 0.606068)	                ####	Count: 5 (18.5185%)	Total: 5 (18.5185%)
[cartographer_node-1] [0.606068, 0.631959)	                   #	Count: 1 (3.7037%)	Total: 6 (22.2222%)
[cartographer_node-1] [0.631959, 0.657850)	                   #	Count: 2 (7.40741%)	Total: 8 (29.6296%)
[cartographer_node-1] [0.657850, 0.683741)	                ####	Count: 5 (18.5185%)	Total: 13 (48.1481%)
[cartographer_node-1] [0.683741, 0.709632)	                  ##	Count: 3 (11.1111%)	Total: 16 (59.2593%)
[cartographer_node-1] [0.709632, 0.735523)	                   #	Count: 2 (7.40741%)	Total: 18 (66.6667%)
[cartographer_node-1] [0.735523, 0.761414)	                 ###	Count: 4 (14.8148%)	Total: 22 (81.4815%)
[cartographer_node-1] [0.761414, 0.787305)	                   #	Count: 2 (7.40741%)	Total: 24 (88.8889%)
[cartographer_node-1] [0.787305, 0.813196)	                   #	Count: 2 (7.40741%)	Total: 26 (96.2963%)
[cartographer_node-1] [0.813196, 0.839087]	                   #	Count: 1 (3.7037%)	Total: 27 (100%)
[cartographer_node-1] [INFO] [1778748380.705930142] [cartographer logger]: I0514 17:46:20.000000 82613 pose_graph_2d.cc:538] Remaining work items in queue: 1
[cartographer_node-1] [INFO] [1778748380.705951910] [cartographer logger]: I0514 17:46:20.000000 82613 constraint_builder_2d.cc:294] 0 computations resulted in 0 additional constraints.
[cartographer_node-1] [INFO] [1778748380.705968515] [cartographer logger]: I0514 17:46:20.000000 82613 constraint_builder_2d.cc:296] Score histogram:
[cartographer_node-1] Count: 27  Min: 0.580177  Max: 0.839087  Mean: 0.694313
[cartographer_node-1] [0.580177, 0.606068)	                ####	Count: 5 (18.5185%)	Total: 5 (18.5185%)
[cartographer_node-1] [0.606068, 0.631959)	                   #	Count: 1 (3.7037%)	Total: 6 (22.2222%)
[cartographer_node-1] [0.631959, 0.657850)	                   #	Count: 2 (7.40741%)	Total: 8 (29.6296%)
[cartographer_node-1] [0.657850, 0.683741)	                ####	Count: 5 (18.5185%)	Total: 13 (48.1481%)
[cartographer_node-1] [0.683741, 0.709632)	                  ##	Count: 3 (11.1111%)	Total: 16 (59.2593%)
[cartographer_node-1] [0.709632, 0.735523)	                   #	Count: 2 (7.40741%)	Total: 18 (66.6667%)
[cartographer_node-1] [0.735523, 0.761414)	                 ###	Count: 4 (14.8148%)	Total: 22 (81.4815%)
[cartographer_node-1] [0.761414, 0.787305)	                   #	Count: 2 (7.40741%)	Total: 24 (88.8889%)
[cartographer_node-1] [0.787305, 0.813196)	                   #	Count: 2 (7.40741%)	Total: 26 (96.2963%)
[cartographer_node-1] [0.813196, 0.839087]	                   #	Count: 1 (3.7037%)	Total: 27 (100%)
[cartographer_node-1] [INFO] [1778748380.754904242] [cartographer logger]: I0514 17:46:20.000000 82613 pose_graph_2d.cc:538] Remaining work items in queue: 1
[cartographer_node-1] [INFO] [1778748380.754946834] [cartographer logger]: I0514 17:46:20.000000 82613 constraint_builder_2d.cc:294] 1 computations resulted in 0 additional constraints.
[cartographer_node-1] [INFO] [1778748380.755043303] [cartographer logger]: I0514 17:46:20.000000 82613 constraint_builder_2d.cc:296] Score histogram:
[cartographer_node-1] Count: 27  Min: 0.580177  Max: 0.839087  Mean: 0.694313
[cartographer_node-1] [0.580177, 0.606068)	                ####	Count: 5 (18.5185%)	Total: 5 (18.5185%)
[cartographer_node-1] [0.606068, 0.631959)	                   #	Count: 1 (3.7037%)	Total: 6 (22.2222%)
[cartographer_node-1] [0.631959, 0.657850)	                   #	Count: 2 (7.40741%)	Total: 8 (29.6296%)
[cartographer_node-1] [0.657850, 0.683741)	                ####	Count: 5 (18.5185%)	Total: 13 (48.1481%)
[cartographer_node-1] [0.683741, 0.709632)	                  ##	Count: 3 (11.1111%)	Total: 16 (59.2593%)
[cartographer_node-1] [0.709632, 0.735523)	                   #	Count: 2 (7.40741%)	Total: 18 (66.6667%)
[cartographer_node-1] [0.735523, 0.761414)	                 ###	Count: 4 (14.8148%)	Total: 22 (81.4815%)
[cartographer_node-1] [0.761414, 0.787305)	                   #	Count: 2 (7.40741%)	Total: 24 (88.8889%)
[cartographer_node-1] [0.787305, 0.813196)	                   #	Count: 2 (7.40741%)	Total: 26 (96.2963%)
[cartographer_node-1] [0.813196, 0.839087]	                   #	Count: 1 (3.7037%)	Total: 27 (100%)
[cartographer_node-1] [INFO] [1778748380.830322063] [cartographer logger]: I0514 17:46:20.000000 82614 pose_graph_2d.cc:538] Remaining work items in queue: 0
[cartographer_node-1] [INFO] [1778748380.830348315] [cartographer logger]: I0514 17:46:20.000000 82614 constraint_builder_2d.cc:294] 0 computations resulted in 0 additional constraints.
[cartographer_node-1] [INFO] [1778748380.830745321] [cartographer logger]: I0514 17:46:20.000000 82614 constraint_builder_2d.cc:296] Score histogram:
[cartographer_node-1] Count: 27  Min: 0.580177  Max: 0.839087  Mean: 0.694313
[cartographer_node-1] [0.580177, 0.606068)	                ####	Count: 5 (18.5185%)	Total: 5 (18.5185%)
[cartographer_node-1] [0.606068, 0.631959)	                   #	Count: 1 (3.7037%)	Total: 6 (22.2222%)
[cartographer_node-1] [0.631959, 0.657850)	                   #	Count: 2 (7.40741%)	Total: 8 (29.6296%)
[cartographer_node-1] [0.657850, 0.683741)	                ####	Count: 5 (18.5185%)	Total: 13 (48.1481%)
[cartographer_node-1] [0.683741, 0.709632)	                  ##	Count: 3 (11.1111%)	Total: 16 (59.2593%)
[cartographer_node-1] [0.709632, 0.735523)	                   #	Count: 2 (7.40741%)	Total: 18 (66.6667%)
[cartographer_node-1] [0.735523, 0.761414)	                 ###	Count: 4 (14.8148%)	Total: 22 (81.4815%)
[cartographer_node-1] [0.761414, 0.787305)	                   #	Count: 2 (7.40741%)	Total: 24 (88.8889%)
[cartographer_node-1] [0.787305, 0.813196)	                   #	Count: 2 (7.40741%)	Total: 26 (96.2963%)
[cartographer_node-1] [0.813196, 0.839087]	                   #	Count: 1 (3.7037%)	Total: 27 (100%)
[cartographer_node-1] [INFO] [1778748381.064048493] [cartographer logger]: I0514 17:46:21.000000 82616 pose_graph_2d.cc:538] Remaining work items in queue: 1
[cartographer_node-1] [INFO] [1778748381.064137296] [cartographer logger]: I0514 17:46:21.000000 82616 constraint_builder_2d.cc:294] 0 computations resulted in 0 additional constraints.
[cartographer_node-1] [INFO] [1778748381.064237288] [cartographer logger]: I0514 17:46:21.000000 82616 constraint_builder_2d.cc:296] Score histogram:
[cartographer_node-1] Count: 27  Min: 0.580177  Max: 0.839087  Mean: 0.694313
[cartographer_node-1] [0.580177, 0.606068)	                ####	Count: 5 (18.5185%)	Total: 5 (18.5185%)
[cartographer_node-1] [0.606068, 0.631959)	                   #	Count: 1 (3.7037%)	Total: 6 (22.2222%)
[cartographer_node-1] [0.631959, 0.657850)	                   #	Count: 2 (7.40741%)	Total: 8 (29.6296%)
[cartographer_node-1] [0.657850, 0.683741)	                ####	Count: 5 (18.5185%)	Total: 13 (48.1481%)
[cartographer_node-1] [0.683741, 0.709632)	                  ##	Count: 3 (11.1111%)	Total: 16 (59.2593%)
[cartographer_node-1] [0.709632, 0.735523)	                   #	Count: 2 (7.40741%)	Total: 18 (66.6667%)
[cartographer_node-1] [0.735523, 0.761414)	                 ###	Count: 4 (14.8148%)	Total: 22 (81.4815%)
[cartographer_node-1] [0.761414, 0.787305)	                   #	Count: 2 (7.40741%)	Total: 24 (88.8889%)
[cartographer_node-1] [0.787305, 0.813196)	                   #	Count: 2 (7.40741%)	Total: 26 (96.2963%)
[cartographer_node-1] [0.813196, 0.839087]	                   #	Count: 1 (3.7037%)	Total: 27 (100%)
[cartographer_node-1] [INFO] [1778748381.122298453] [cartographer logger]: I0514 17:46:21.000000 82616 pose_graph_2d.cc:538] Remaining work items in queue: 1
[cartographer_node-1] [INFO] [1778748381.122319475] [cartographer logger]: I0514 17:46:21.000000 82616 constraint_builder_2d.cc:294] 0 computations resulted in 0 additional constraints.
[cartographer_node-1] [INFO] [1778748381.122706702] [cartographer logger]: I0514 17:46:21.000000 82616 constraint_builder_2d.cc:296] Score histogram:
[cartographer_node-1] Count: 27  Min: 0.580177  Max: 0.839087  Mean: 0.694313
[cartographer_node-1] [0.580177, 0.606068)	                ####	Count: 5 (18.5185%)	Total: 5 (18.5185%)
[cartographer_node-1] [0.606068, 0.631959)	                   #	Count: 1 (3.7037%)	Total: 6 (22.2222%)
[cartographer_node-1] [0.631959, 0.657850)	                   #	Count: 2 (7.40741%)	Total: 8 (29.6296%)
[cartographer_node-1] [0.657850, 0.683741)	                ####	Count: 5 (18.5185%)	Total: 13 (48.1481%)
[cartographer_node-1] [0.683741, 0.709632)	                  ##	Count: 3 (11.1111%)	Total: 16 (59.2593%)
[cartographer_node-1] [0.709632, 0.735523)	                   #	Count: 2 (7.40741%)	Total: 18 (66.6667%)
[cartographer_node-1] [0.735523, 0.761414)	                 ###	Count: 4 (14.8148%)	Total: 22 (81.4815%)
[cartographer_node-1] [0.761414, 0.787305)	                   #	Count: 2 (7.40741%)	Total: 24 (88.8889%)
[cartographer_node-1] [0.787305, 0.813196)	                   #	Count: 2 (7.40741%)	Total: 26 (96.2963%)
[cartographer_node-1] [0.813196, 0.839087]	                   #	Count: 1 (3.7037%)	Total: 27 (100%)
[cartographer_node-1] [INFO] [1778748381.208437177] [cartographer logger]: I0514 17:46:21.000000 82613 pose_graph_2d.cc:538] Remaining work items in queue: 0
[cartographer_node-1] [INFO] [1778748381.235464633] [cartographer logger]: I0514 17:46:21.000000 82616 constraint_builder_2d.cc:279] Node (1, 485) with 190 points on submap (0, 10) matches with score 59.3%.
[cartographer_node-1] [INFO] [1778748381.235491523] [cartographer logger]: I0514 17:46:21.000000 82616 constraint_builder_2d.cc:294] 1 computations resulted in 1 additional constraints.
[cartographer_node-1] [INFO] [1778748381.235509800] [cartographer logger]: I0514 17:46:21.000000 82616 constraint_builder_2d.cc:296] Score histogram:
[cartographer_node-1] Count: 28  Min: 0.580177  Max: 0.839087  Mean: 0.690699
[cartographer_node-1] [0.580177, 0.606068)	                ####	Count: 6 (21.4286%)	Total: 6 (21.4286%)
[cartographer_node-1] [0.606068, 0.631959)	                   #	Count: 1 (3.57143%)	Total: 7 (25%)
[cartographer_node-1] [0.631959, 0.657850)	                   #	Count: 2 (7.14286%)	Total: 9 (32.1429%)
[cartographer_node-1] [0.657850, 0.683741)	                ####	Count: 5 (17.8571%)	Total: 14 (50%)
[cartographer_node-1] [0.683741, 0.709632)	                  ##	Count: 3 (10.7143%)	Total: 17 (60.7143%)
[cartographer_node-1] [0.709632, 0.735523)	                   #	Count: 2 (7.14286%)	Total: 19 (67.8571%)
[cartographer_node-1] [0.735523, 0.761414)	                 ###	Count: 4 (14.2857%)	Total: 23 (82.1429%)
[cartographer_node-1] [0.761414, 0.787305)	                   #	Count: 2 (7.14286%)	Total: 25 (89.2857%)
[cartographer_node-1] [0.787305, 0.813196)	                   #	Count: 2 (7.14286%)	Total: 27 (96.4286%)
[cartographer_node-1] [0.813196, 0.839087]	                   #	Count: 1 (3.57143%)	Total: 28 (100%)
[cartographer_node-1] [INFO] [1778748381.310745282] [cartographer logger]: I0514 17:46:21.000000 82614 pose_graph_2d.cc:538] Remaining work items in queue: 0
[cartographer_node-1] [INFO] [1778748381.310771816] [cartographer logger]: I0514 17:46:21.000000 82614 constraint_builder_2d.cc:294] 0 computations resulted in 0 additional constraints.
[cartographer_node-1] [INFO] [1778748381.310845484] [cartographer logger]: I0514 17:46:21.000000 82614 constraint_builder_2d.cc:296] Score histogram:
[cartographer_node-1] Count: 28  Min: 0.580177  Max: 0.839087  Mean: 0.690699
[cartographer_node-1] [0.580177, 0.606068)	                ####	Count: 6 (21.4286%)	Total: 6 (21.4286%)
[cartographer_node-1] [0.606068, 0.631959)	                   #	Count: 1 (3.57143%)	Total: 7 (25%)
[cartographer_node-1] [0.631959, 0.657850)	                   #	Count: 2 (7.14286%)	Total: 9 (32.1429%)
[cartographer_node-1] [0.657850, 0.683741)	                ####	Count: 5 (17.8571%)	Total: 14 (50%)
[cartographer_node-1] [0.683741, 0.709632)	                  ##	Count: 3 (10.7143%)	Total: 17 (60.7143%)
[cartographer_node-1] [0.709632, 0.735523)	                   #	Count: 2 (7.14286%)	Total: 19 (67.8571%)
[cartographer_node-1] [0.735523, 0.761414)	                 ###	Count: 4 (14.2857%)	Total: 23 (82.1429%)
[cartographer_node-1] [0.761414, 0.787305)	                   #	Count: 2 (7.14286%)	Total: 25 (89.2857%)
[cartographer_node-1] [0.787305, 0.813196)	                   #	Count: 2 (7.14286%)	Total: 27 (96.4286%)
[cartographer_node-1] [0.813196, 0.839087]	                   #	Count: 1 (3.57143%)	Total: 28 (100%)
[cartographer_node-1] [INFO] [1778748381.365222719] [cartographer logger]: I0514 17:46:21.000000 82613 pose_graph_2d.cc:538] Remaining work items in queue: 0
[cartographer_node-1] [INFO] [1778748381.365347435] [cartographer logger]: I0514 17:46:21.000000 82613 constraint_builder_2d.cc:294] 0 computations resulted in 0 additional constraints.
[cartographer_node-1] [INFO] [1778748381.365486226] [cartographer logger]: I0514 17:46:21.000000 82613 constraint_builder_2d.cc:296] Score histogram:
[cartographer_node-1] Count: 28  Min: 0.580177  Max: 0.839087  Mean: 0.690699
[cartographer_node-1] [0.580177, 0.606068)	                ####	Count: 6 (21.4286%)	Total: 6 (21.4286%)
[cartographer_node-1] [0.606068, 0.631959)	                   #	Count: 1 (3.57143%)	Total: 7 (25%)
[cartographer_node-1] [0.631959, 0.657850)	                   #	Count: 2 (7.14286%)	Total: 9 (32.1429%)
[cartographer_node-1] [0.657850, 0.683741)	                ####	Count: 5 (17.8571%)	Total: 14 (50%)
[cartographer_node-1] [0.683741, 0.709632)	                  ##	Count: 3 (10.7143%)	Total: 17 (60.7143%)
[cartographer_node-1] [0.709632, 0.735523)	                   #	Count: 2 (7.14286%)	Total: 19 (67.8571%)
[cartographer_node-1] [0.735523, 0.761414)	                 ###	Count: 4 (14.2857%)	Total: 23 (82.1429%)
[cartographer_node-1] [0.761414, 0.787305)	                   #	Count: 2 (7.14286%)	Total: 25 (89.2857%)
[cartographer_node-1] [0.787305, 0.813196)	                   #	Count: 2 (7.14286%)	Total: 27 (96.4286%)
[cartographer_node-1] [0.813196, 0.839087]	                   #	Count: 1 (3.57143%)	Total: 28 (100%)
[cartographer_node-1] [INFO] [1778748381.428887378] [cartographer logger]: I0514 17:46:21.000000 82614 pose_graph_2d.cc:538] Remaining work items in queue: 0
[cartographer_node-1] [INFO] [1778748381.428912105] [cartographer logger]: I0514 17:46:21.000000 82614 constraint_builder_2d.cc:294] 0 computations resulted in 0 additional constraints.
[cartographer_node-1] [INFO] [1778748381.429015880] [cartographer logger]: I0514 17:46:21.000000 82614 constraint_builder_2d.cc:296] Score histogram:
[cartographer_node-1] Count: 28  Min: 0.580177  Max: 0.839087  Mean: 0.690699
[cartographer_node-1] [0.580177, 0.606068)	                ####	Count: 6 (21.4286%)	Total: 6 (21.4286%)
[cartographer_node-1] [0.606068, 0.631959)	                   #	Count: 1 (3.57143%)	Total: 7 (25%)
[cartographer_node-1] [0.631959, 0.657850)	                   #	Count: 2 (7.14286%)	Total: 9 (32.1429%)
[cartographer_node-1] [0.657850, 0.683741)	                ####	Count: 5 (17.8571%)	Total: 14 (50%)
[cartographer_node-1] [0.683741, 0.709632)	                  ##	Count: 3 (10.7143%)	Total: 17 (60.7143%)
[cartographer_node-1] [0.709632, 0.735523)	                   #	Count: 2 (7.14286%)	Total: 19 (67.8571%)
[cartographer_node-1] [0.735523, 0.761414)	                 ###	Count: 4 (14.2857%)	Total: 23 (82.1429%)
[cartographer_node-1] [0.761414, 0.787305)	                   #	Count: 2 (7.14286%)	Total: 25 (89.2857%)
[cartographer_node-1] [0.787305, 0.813196)	                   #	Count: 2 (7.14286%)	Total: 27 (96.4286%)
[cartographer_node-1] [0.813196, 0.839087]	                   #	Count: 1 (3.57143%)	Total: 28 (100%)
[cartographer_node-1] [INFO] [1778748381.522168195] [cartographer logger]: I0514 17:46:21.000000 82614 pose_graph_2d.cc:538] Remaining work items in queue: 1
[cartographer_node-1] [INFO] [1778748381.522198618] [cartographer logger]: I0514 17:46:21.000000 82614 constraint_builder_2d.cc:294] 0 computations resulted in 0 additional constraints.
[cartographer_node-1] [INFO] [1778748381.522313493] [cartographer logger]: I0514 17:46:21.000000 82614 constraint_builder_2d.cc:296] Score histogram:
[cartographer_node-1] Count: 28  Min: 0.580177  Max: 0.839087  Mean: 0.690699
[cartographer_node-1] [0.580177, 0.606068)	                ####	Count: 6 (21.4286%)	Total: 6 (21.4286%)
[cartographer_node-1] [0.606068, 0.631959)	                   #	Count: 1 (3.57143%)	Total: 7 (25%)
[cartographer_node-1] [0.631959, 0.657850)	                   #	Count: 2 (7.14286%)	Total: 9 (32.1429%)
[cartographer_node-1] [0.657850, 0.683741)	                ####	Count: 5 (17.8571%)	Total: 14 (50%)
[cartographer_node-1] [0.683741, 0.709632)	                  ##	Count: 3 (10.7143%)	Total: 17 (60.7143%)
[cartographer_node-1] [0.709632, 0.735523)	                   #	Count: 2 (7.14286%)	Total: 19 (67.8571%)
[cartographer_node-1] [0.735523, 0.761414)	                 ###	Count: 4 (14.2857%)	Total: 23 (82.1429%)
[cartographer_node-1] [0.761414, 0.787305)	                   #	Count: 2 (7.14286%)	Total: 25 (89.2857%)
[cartographer_node-1] [0.787305, 0.813196)	                   #	Count: 2 (7.14286%)	Total: 27 (96.4286%)
[cartographer_node-1] [0.813196, 0.839087]	                   #	Count: 1 (3.57143%)	Total: 28 (100%)
[cartographer_node-1] [INFO] [1778748381.591157120] [cartographer logger]: I0514 17:46:21.000000 82616 pose_graph_2d.cc:538] Remaining work items in queue: 0
[cartographer_node-1] [INFO] [1778748381.625196544] [cartographer logger]: I0514 17:46:21.000000 82616 constraint_builder_2d.cc:294] 1 computations resulted in 0 additional constraints.
[cartographer_node-1] [INFO] [1778748381.625232825] [cartographer logger]: I0514 17:46:21.000000 82616 constraint_builder_2d.cc:296] Score histogram:
[cartographer_node-1] Count: 28  Min: 0.580177  Max: 0.839087  Mean: 0.690699
[cartographer_node-1] [0.580177, 0.606068)	                ####	Count: 6 (21.4286%)	Total: 6 (21.4286%)
[cartographer_node-1] [0.606068, 0.631959)	                   #	Count: 1 (3.57143%)	Total: 7 (25%)
[cartographer_node-1] [0.631959, 0.657850)	                   #	Count: 2 (7.14286%)	Total: 9 (32.1429%)
[cartographer_node-1] [0.657850, 0.683741)	                ####	Count: 5 (17.8571%)	Total: 14 (50%)
[cartographer_node-1] [0.683741, 0.709632)	                  ##	Count: 3 (10.7143%)	Total: 17 (60.7143%)
[cartographer_node-1] [0.709632, 0.735523)	                   #	Count: 2 (7.14286%)	Total: 19 (67.8571%)
[cartographer_node-1] [0.735523, 0.761414)	                 ###	Count: 4 (14.2857%)	Total: 23 (82.1429%)
[cartographer_node-1] [0.761414, 0.787305)	                   #	Count: 2 (7.14286%)	Total: 25 (89.2857%)
[cartographer_node-1] [0.787305, 0.813196)	                   #	Count: 2 (7.14286%)	Total: 27 (96.4286%)
[cartographer_node-1] [0.813196, 0.839087]	                   #	Count: 1 (3.57143%)	Total: 28 (100%)
[cartographer_node-1] [INFO] [1778748381.673951093] [cartographer logger]: I0514 17:46:21.000000 82613 pose_graph_2d.cc:538] Remaining work items in queue: 0
[cartographer_node-1] [INFO] [1778748381.673972131] [cartographer logger]: I0514 17:46:21.000000 82613 constraint_builder_2d.cc:294] 0 computations resulted in 0 additional constraints.
[cartographer_node-1] [INFO] [1778748381.674336801] [cartographer logger]: I0514 17:46:21.000000 82613 constraint_builder_2d.cc:296] Score histogram:
[cartographer_node-1] Count: 28  Min: 0.580177  Max: 0.839087  Mean: 0.690699
[cartographer_node-1] [0.580177, 0.606068)	                ####	Count: 6 (21.4286%)	Total: 6 (21.4286%)
[cartographer_node-1] [0.606068, 0.631959)	                   #	Count: 1 (3.57143%)	Total: 7 (25%)
[cartographer_node-1] [0.631959, 0.657850)	                   #	Count: 2 (7.14286%)	Total: 9 (32.1429%)
[cartographer_node-1] [0.657850, 0.683741)	                ####	Count: 5 (17.8571%)	Total: 14 (50%)
[cartographer_node-1] [0.683741, 0.709632)	                  ##	Count: 3 (10.7143%)	Total: 17 (60.7143%)
[cartographer_node-1] [0.709632, 0.735523)	                   #	Count: 2 (7.14286%)	Total: 19 (67.8571%)
[cartographer_node-1] [0.735523, 0.761414)	                 ###	Count: 4 (14.2857%)	Total: 23 (82.1429%)
[cartographer_node-1] [0.761414, 0.787305)	                   #	Count: 2 (7.14286%)	Total: 25 (89.2857%)
[cartographer_node-1] [0.787305, 0.813196)	                   #	Count: 2 (7.14286%)	Total: 27 (96.4286%)
[cartographer_node-1] [0.813196, 0.839087]	                   #	Count: 1 (3.57143%)	Total: 28 (100%)
[cartographer_node-1] [INFO] [1778748381.731454257] [cartographer logger]: I0514 17:46:21.000000 82614 pose_graph_2d.cc:538] Remaining work items in queue: 1
[cartographer_node-1] [INFO] [1778748381.731479267] [cartographer logger]: I0514 17:46:21.000000 82614 constraint_builder_2d.cc:294] 0 computations resulted in 0 additional constraints.
[cartographer_node-1] [INFO] [1778748381.731793667] [cartographer logger]: I0514 17:46:21.000000 82614 constraint_builder_2d.cc:296] Score histogram:
[cartographer_node-1] Count: 28  Min: 0.580177  Max: 0.839087  Mean: 0.690699
[cartographer_node-1] [0.580177, 0.606068)	                ####	Count: 6 (21.4286%)	Total: 6 (21.4286%)
[cartographer_node-1] [0.606068, 0.631959)	                   #	Count: 1 (3.57143%)	Total: 7 (25%)
[cartographer_node-1] [0.631959, 0.657850)	                   #	Count: 2 (7.14286%)	Total: 9 (32.1429%)
[cartographer_node-1] [0.657850, 0.683741)	                ####	Count: 5 (17.8571%)	Total: 14 (50%)
[cartographer_node-1] [0.683741, 0.709632)	                  ##	Count: 3 (10.7143%)	Total: 17 (60.7143%)
[cartographer_node-1] [0.709632, 0.735523)	                   #	Count: 2 (7.14286%)	Total: 19 (67.8571%)
[cartographer_node-1] [0.735523, 0.761414)	                 ###	Count: 4 (14.2857%)	Total: 23 (82.1429%)
[cartographer_node-1] [0.761414, 0.787305)	                   #	Count: 2 (7.14286%)	Total: 25 (89.2857%)
[cartographer_node-1] [0.787305, 0.813196)	                   #	Count: 2 (7.14286%)	Total: 27 (96.4286%)
[cartographer_node-1] [0.813196, 0.839087]	                   #	Count: 1 (3.57143%)	Total: 28 (100%)
[cartographer_node-1] [INFO] [1778748381.904384964] [cartographer logger]: I0514 17:46:21.000000 82615 pose_graph_2d.cc:538] Remaining work items in queue: 0
[cartographer_node-1] [INFO] [1778748381.904408684] [cartographer logger]: I0514 17:46:21.000000 82615 constraint_builder_2d.cc:294] 0 computations resulted in 0 additional constraints.
[cartographer_node-1] [INFO] [1778748381.904739471] [cartographer logger]: I0514 17:46:21.000000 82615 constraint_builder_2d.cc:296] Score histogram:
[cartographer_node-1] Count: 28  Min: 0.580177  Max: 0.839087  Mean: 0.690699
[cartographer_node-1] [0.580177, 0.606068)	                ####	Count: 6 (21.4286%)	Total: 6 (21.4286%)
[cartographer_node-1] [0.606068, 0.631959)	                   #	Count: 1 (3.57143%)	Total: 7 (25%)
[cartographer_node-1] [0.631959, 0.657850)	                   #	Count: 2 (7.14286%)	Total: 9 (32.1429%)
[cartographer_node-1] [0.657850, 0.683741)	                ####	Count: 5 (17.8571%)	Total: 14 (50%)
[cartographer_node-1] [0.683741, 0.709632)	                  ##	Count: 3 (10.7143%)	Total: 17 (60.7143%)
[cartographer_node-1] [0.709632, 0.735523)	                   #	Count: 2 (7.14286%)	Total: 19 (67.8571%)
[cartographer_node-1] [0.735523, 0.761414)	                 ###	Count: 4 (14.2857%)	Total: 23 (82.1429%)
[cartographer_node-1] [0.761414, 0.787305)	                   #	Count: 2 (7.14286%)	Total: 25 (89.2857%)
[cartographer_node-1] [0.787305, 0.813196)	                   #	Count: 2 (7.14286%)	Total: 27 (96.4286%)
[cartographer_node-1] [0.813196, 0.839087]	                   #	Count: 1 (3.57143%)	Total: 28 (100%)
[cartographer_node-1] [INFO] [1778748381.952467934] [cartographer logger]: I0514 17:46:21.000000 82614 pose_graph_2d.cc:538] Remaining work items in queue: 0
[cartographer_node-1] [INFO] [1778748381.952496526] [cartographer logger]: I0514 17:46:21.000000 82614 constraint_builder_2d.cc:294] 0 computations resulted in 0 additional constraints.
[cartographer_node-1] [INFO] [1778748381.952904008] [cartographer logger]: I0514 17:46:21.000000 82614 constraint_builder_2d.cc:296] Score histogram:
[cartographer_node-1] Count: 28  Min: 0.580177  Max: 0.839087  Mean: 0.690699
[cartographer_node-1] [0.580177, 0.606068)	                ####	Count: 6 (21.4286%)	Total: 6 (21.4286%)
[cartographer_node-1] [0.606068, 0.631959)	                   #	Count: 1 (3.57143%)	Total: 7 (25%)
[cartographer_node-1] [0.631959, 0.657850)	                   #	Count: 2 (7.14286%)	Total: 9 (32.1429%)
[cartographer_node-1] [0.657850, 0.683741)	                ####	Count: 5 (17.8571%)	Total: 14 (50%)
[cartographer_node-1] [0.683741, 0.709632)	                  ##	Count: 3 (10.7143%)	Total: 17 (60.7143%)
[cartographer_node-1] [0.709632, 0.735523)	                   #	Count: 2 (7.14286%)	Total: 19 (67.8571%)
[cartographer_node-1] [0.735523, 0.761414)	                 ###	Count: 4 (14.2857%)	Total: 23 (82.1429%)
[cartographer_node-1] [0.761414, 0.787305)	                   #	Count: 2 (7.14286%)	Total: 25 (89.2857%)
[cartographer_node-1] [0.787305, 0.813196)	                   #	Count: 2 (7.14286%)	Total: 27 (96.4286%)
[cartographer_node-1] [0.813196, 0.839087]	                   #	Count: 1 (3.57143%)	Total: 28 (100%)
[cartographer_node-1] [INFO] [1778748382.054573181] [cartographer logger]: I0514 17:46:22.000000 82616 pose_graph_2d.cc:538] Remaining work items in queue: 1
[cartographer_node-1] [INFO] [1778748382.054598818] [cartographer logger]: I0514 17:46:22.000000 82616 constraint_builder_2d.cc:294] 1 computations resulted in 0 additional constraints.
[cartographer_node-1] [INFO] [1778748382.054862129] [cartographer logger]: I0514 17:46:22.000000 82616 constraint_builder_2d.cc:296] Score histogram:
[cartographer_node-1] Count: 28  Min: 0.580177  Max: 0.839087  Mean: 0.690699
[cartographer_node-1] [0.580177, 0.606068)	                ####	Count: 6 (21.4286%)	Total: 6 (21.4286%)
[cartographer_node-1] [0.606068, 0.631959)	                   #	Count: 1 (3.57143%)	Total: 7 (25%)
[cartographer_node-1] [0.631959, 0.657850)	                   #	Count: 2 (7.14286%)	Total: 9 (32.1429%)
[cartographer_node-1] [0.657850, 0.683741)	                ####	Count: 5 (17.8571%)	Total: 14 (50%)
[cartographer_node-1] [0.683741, 0.709632)	                  ##	Count: 3 (10.7143%)	Total: 17 (60.7143%)
[cartographer_node-1] [0.709632, 0.735523)	                   #	Count: 2 (7.14286%)	Total: 19 (67.8571%)
[cartographer_node-1] [0.735523, 0.761414)	                 ###	Count: 4 (14.2857%)	Total: 23 (82.1429%)
[cartographer_node-1] [0.761414, 0.787305)	                   #	Count: 2 (7.14286%)	Total: 25 (89.2857%)
[cartographer_node-1] [0.787305, 0.813196)	                   #	Count: 2 (7.14286%)	Total: 27 (96.4286%)
[cartographer_node-1] [0.813196, 0.839087]	                   #	Count: 1 (3.57143%)	Total: 28 (100%)
[cartographer_node-1] [INFO] [1778748382.112042805] [cartographer logger]: I0514 17:46:22.000000 82614 pose_graph_2d.cc:538] Remaining work items in queue: 1
[cartographer_node-1] [INFO] [1778748382.112068932] [cartographer logger]: I0514 17:46:22.000000 82614 constraint_builder_2d.cc:294] 0 computations resulted in 0 additional constraints.
[cartographer_node-1] [INFO] [1778748382.112523020] [cartographer logger]: I0514 17:46:22.000000 82614 constraint_builder_2d.cc:296] Score histogram:
[cartographer_node-1] Count: 28  Min: 0.580177  Max: 0.839087  Mean: 0.690699
[cartographer_node-1] [0.580177, 0.606068)	                ####	Count: 6 (21.4286%)	Total: 6 (21.4286%)
[cartographer_node-1] [0.606068, 0.631959)	                   #	Count: 1 (3.57143%)	Total: 7 (25%)
[cartographer_node-1] [0.631959, 0.657850)	                   #	Count: 2 (7.14286%)	Total: 9 (32.1429%)
[cartographer_node-1] [0.657850, 0.683741)	                ####	Count: 5 (17.8571%)	Total: 14 (50%)
[cartographer_node-1] [0.683741, 0.709632)	                  ##	Count: 3 (10.7143%)	Total: 17 (60.7143%)
[cartographer_node-1] [0.709632, 0.735523)	                   #	Count: 2 (7.14286%)	Total: 19 (67.8571%)
[cartographer_node-1] [0.735523, 0.761414)	                 ###	Count: 4 (14.2857%)	Total: 23 (82.1429%)
[cartographer_node-1] [0.761414, 0.787305)	                   #	Count: 2 (7.14286%)	Total: 25 (89.2857%)
[cartographer_node-1] [0.787305, 0.813196)	                   #	Count: 2 (7.14286%)	Total: 27 (96.4286%)
[cartographer_node-1] [0.813196, 0.839087]	                   #	Count: 1 (3.57143%)	Total: 28 (100%)
[cartographer_node-1] [INFO] [1778748382.203887109] [cartographer logger]: I0514 17:46:22.000000 82613 pose_graph_2d.cc:538] Remaining work items in queue: 1
[cartographer_node-1] [INFO] [1778748382.203912383] [cartographer logger]: I0514 17:46:22.000000 82613 constraint_builder_2d.cc:294] 0 computations resulted in 0 additional constraints.
[cartographer_node-1] [INFO] [1778748382.203963741] [cartographer logger]: I0514 17:46:22.000000 82613 constraint_builder_2d.cc:296] Score histogram:
[cartographer_node-1] Count: 28  Min: 0.580177  Max: 0.839087  Mean: 0.690699
[cartographer_node-1] [0.580177, 0.606068)	                ####	Count: 6 (21.4286%)	Total: 6 (21.4286%)
[cartographer_node-1] [0.606068, 0.631959)	                   #	Count: 1 (3.57143%)	Total: 7 (25%)
[cartographer_node-1] [0.631959, 0.657850)	                   #	Count: 2 (7.14286%)	Total: 9 (32.1429%)
[cartographer_node-1] [0.657850, 0.683741)	                ####	Count: 5 (17.8571%)	Total: 14 (50%)
[cartographer_node-1] [0.683741, 0.709632)	                  ##	Count: 3 (10.7143%)	Total: 17 (60.7143%)
[cartographer_node-1] [0.709632, 0.735523)	                   #	Count: 2 (7.14286%)	Total: 19 (67.8571%)
[cartographer_node-1] [0.735523, 0.761414)	                 ###	Count: 4 (14.2857%)	Total: 23 (82.1429%)
[cartographer_node-1] [0.761414, 0.787305)	                   #	Count: 2 (7.14286%)	Total: 25 (89.2857%)
[cartographer_node-1] [0.787305, 0.813196)	                   #	Count: 2 (7.14286%)	Total: 27 (96.4286%)
[cartographer_node-1] [0.813196, 0.839087]	                   #	Count: 1 (3.57143%)	Total: 28 (100%)
[cartographer_node-1] [INFO] [1778748382.244381141] [cartographer logger]: I0514 17:46:22.000000 82615 pose_graph_2d.cc:538] Remaining work items in queue: 1
[cartographer_node-1] [INFO] [1778748382.244404664] [cartographer logger]: I0514 17:46:22.000000 82615 constraint_builder_2d.cc:294] 0 computations resulted in 0 additional constraints.
[cartographer_node-1] [INFO] [1778748382.244750584] [cartographer logger]: I0514 17:46:22.000000 82615 constraint_builder_2d.cc:296] Score histogram:
[cartographer_node-1] Count: 28  Min: 0.580177  Max: 0.839087  Mean: 0.690699
[cartographer_node-1] [0.580177, 0.606068)	                ####	Count: 6 (21.4286%)	Total: 6 (21.4286%)
[cartographer_node-1] [0.606068, 0.631959)	                   #	Count: 1 (3.57143%)	Total: 7 (25%)
[cartographer_node-1] [0.631959, 0.657850)	                   #	Count: 2 (7.14286%)	Total: 9 (32.1429%)
[cartographer_node-1] [0.657850, 0.683741)	                ####	Count: 5 (17.8571%)	Total: 14 (50%)
[cartographer_node-1] [0.683741, 0.709632)	                  ##	Count: 3 (10.7143%)	Total: 17 (60.7143%)
[cartographer_node-1] [0.709632, 0.735523)	                   #	Count: 2 (7.14286%)	Total: 19 (67.8571%)
[cartographer_node-1] [0.735523, 0.761414)	                 ###	Count: 4 (14.2857%)	Total: 23 (82.1429%)
[cartographer_node-1] [0.761414, 0.787305)	                   #	Count: 2 (7.14286%)	Total: 25 (89.2857%)
[cartographer_node-1] [0.787305, 0.813196)	                   #	Count: 2 (7.14286%)	Total: 27 (96.4286%)
[cartographer_node-1] [0.813196, 0.839087]	                   #	Count: 1 (3.57143%)	Total: 28 (100%)
[cartographer_node-1] [INFO] [1778748382.355749846] [cartographer logger]: I0514 17:46:22.000000 82616 pose_graph_2d.cc:538] Remaining work items in queue: 0
[cartographer_node-1] [INFO] [1778748382.355843375] [cartographer logger]: I0514 17:46:22.000000 82616 constraint_builder_2d.cc:294] 0 computations resulted in 0 additional constraints.
[cartographer_node-1] [INFO] [1778748382.356130685] [cartographer logger]: I0514 17:46:22.000000 82616 constraint_builder_2d.cc:296] Score histogram:
[cartographer_node-1] Count: 28  Min: 0.580177  Max: 0.839087  Mean: 0.690699
[cartographer_node-1] [0.580177, 0.606068)	                ####	Count: 6 (21.4286%)	Total: 6 (21.4286%)
[cartographer_node-1] [0.606068, 0.631959)	                   #	Count: 1 (3.57143%)	Total: 7 (25%)
[cartographer_node-1] [0.631959, 0.657850)	                   #	Count: 2 (7.14286%)	Total: 9 (32.1429%)
[cartographer_node-1] [0.657850, 0.683741)	                ####	Count: 5 (17.8571%)	Total: 14 (50%)
[cartographer_node-1] [0.683741, 0.709632)	                  ##	Count: 3 (10.7143%)	Total: 17 (60.7143%)
[cartographer_node-1] [0.709632, 0.735523)	                   #	Count: 2 (7.14286%)	Total: 19 (67.8571%)
[cartographer_node-1] [0.735523, 0.761414)	                 ###	Count: 4 (14.2857%)	Total: 23 (82.1429%)
[cartographer_node-1] [0.761414, 0.787305)	                   #	Count: 2 (7.14286%)	Total: 25 (89.2857%)
[cartographer_node-1] [0.787305, 0.813196)	                   #	Count: 2 (7.14286%)	Total: 27 (96.4286%)
[cartographer_node-1] [0.813196, 0.839087]	                   #	Count: 1 (3.57143%)	Total: 28 (100%)
[cartographer_node-1] [INFO] [1778748382.395039499] [cartographer logger]: I0514 17:46:22.000000 82613 constraint_builder_2d.cc:279] Node (1, 528) with 203 points on submap (0, 8) matches with score 73.7%.
[cartographer_node-1] [INFO] [1778748382.404959905] [cartographer logger]: I0514 17:46:22.000000 82613 pose_graph_2d.cc:538] Remaining work items in queue: 1
[cartographer_node-1] [INFO] [1778748382.404999063] [cartographer logger]: I0514 17:46:22.000000 82613 constraint_builder_2d.cc:294] 1 computations resulted in 1 additional constraints.
[cartographer_node-1] [INFO] [1778748382.405057304] [cartographer logger]: I0514 17:46:22.000000 82613 constraint_builder_2d.cc:296] Score histogram:
[cartographer_node-1] Count: 29  Min: 0.580177  Max: 0.839087  Mean: 0.692282
[cartographer_node-1] [0.580177, 0.606068)	                ####	Count: 6 (20.6897%)	Total: 6 (20.6897%)
[cartographer_node-1] [0.606068, 0.631959)	                   #	Count: 1 (3.44828%)	Total: 7 (24.1379%)
[cartographer_node-1] [0.631959, 0.657850)	                   #	Count: 2 (6.89655%)	Total: 9 (31.0345%)
[cartographer_node-1] [0.657850, 0.683741)	                 ###	Count: 5 (17.2414%)	Total: 14 (48.2759%)
[cartographer_node-1] [0.683741, 0.709632)	                  ##	Count: 3 (10.3448%)	Total: 17 (58.6207%)
[cartographer_node-1] [0.709632, 0.735523)	                   #	Count: 2 (6.89655%)	Total: 19 (65.5172%)
[cartographer_node-1] [0.735523, 0.761414)	                 ###	Count: 5 (17.2414%)	Total: 24 (82.7586%)
[cartographer_node-1] [0.761414, 0.787305)	                   #	Count: 2 (6.89655%)	Total: 26 (89.6552%)
[cartographer_node-1] [0.787305, 0.813196)	                   #	Count: 2 (6.89655%)	Total: 28 (96.5517%)
[cartographer_node-1] [0.813196, 0.839087]	                   #	Count: 1 (3.44828%)	Total: 29 (100%)
[cartographer_node-1] [INFO] [1778748382.503307833] [cartographer logger]: I0514 17:46:22.000000 82613 pose_graph_2d.cc:538] Remaining work items in queue: 1
[cartographer_node-1] [INFO] [1778748382.503338544] [cartographer logger]: I0514 17:46:22.000000 82613 constraint_builder_2d.cc:294] 0 computations resulted in 0 additional constraints.
[cartographer_node-1] [INFO] [1778748382.503435086] [cartographer logger]: I0514 17:46:22.000000 82613 constraint_builder_2d.cc:296] Score histogram:
[cartographer_node-1] Count: 29  Min: 0.580177  Max: 0.839087  Mean: 0.692282
[cartographer_node-1] [0.580177, 0.606068)	                ####	Count: 6 (20.6897%)	Total: 6 (20.6897%)
[cartographer_node-1] [0.606068, 0.631959)	                   #	Count: 1 (3.44828%)	Total: 7 (24.1379%)
[cartographer_node-1] [0.631959, 0.657850)	                   #	Count: 2 (6.89655%)	Total: 9 (31.0345%)
[cartographer_node-1] [0.657850, 0.683741)	                 ###	Count: 5 (17.2414%)	Total: 14 (48.2759%)
[cartographer_node-1] [0.683741, 0.709632)	                  ##	Count: 3 (10.3448%)	Total: 17 (58.6207%)
[cartographer_node-1] [0.709632, 0.735523)	                   #	Count: 2 (6.89655%)	Total: 19 (65.5172%)
[cartographer_node-1] [0.735523, 0.761414)	                 ###	Count: 5 (17.2414%)	Total: 24 (82.7586%)
[cartographer_node-1] [0.761414, 0.787305)	                   #	Count: 2 (6.89655%)	Total: 26 (89.6552%)
[cartographer_node-1] [0.787305, 0.813196)	                   #	Count: 2 (6.89655%)	Total: 28 (96.5517%)
[cartographer_node-1] [0.813196, 0.839087]	                   #	Count: 1 (3.44828%)	Total: 29 (100%)
[cartographer_node-1] [INFO] [1778748382.553372107] [cartographer logger]: I0514 17:46:22.000000 82614 pose_graph_2d.cc:538] Remaining work items in queue: 1
[cartographer_node-1] [INFO] [1778748382.553409596] [cartographer logger]: I0514 17:46:22.000000 82614 constraint_builder_2d.cc:294] 0 computations resulted in 0 additional constraints.
[cartographer_node-1] [INFO] [1778748382.553861266] [cartographer logger]: I0514 17:46:22.000000 82614 constraint_builder_2d.cc:296] Score histogram:
[cartographer_node-1] Count: 29  Min: 0.580177  Max: 0.839087  Mean: 0.692282
[cartographer_node-1] [0.580177, 0.606068)	                ####	Count: 6 (20.6897%)	Total: 6 (20.6897%)
[cartographer_node-1] [0.606068, 0.631959)	                   #	Count: 1 (3.44828%)	Total: 7 (24.1379%)
[cartographer_node-1] [0.631959, 0.657850)	                   #	Count: 2 (6.89655%)	Total: 9 (31.0345%)
[cartographer_node-1] [0.657850, 0.683741)	                 ###	Count: 5 (17.2414%)	Total: 14 (48.2759%)
[cartographer_node-1] [0.683741, 0.709632)	                  ##	Count: 3 (10.3448%)	Total: 17 (58.6207%)
[cartographer_node-1] [0.709632, 0.735523)	                   #	Count: 2 (6.89655%)	Total: 19 (65.5172%)
[cartographer_node-1] [0.735523, 0.761414)	                 ###	Count: 5 (17.2414%)	Total: 24 (82.7586%)
[cartographer_node-1] [0.761414, 0.787305)	                   #	Count: 2 (6.89655%)	Total: 26 (89.6552%)
[cartographer_node-1] [0.787305, 0.813196)	                   #	Count: 2 (6.89655%)	Total: 28 (96.5517%)
[cartographer_node-1] [0.813196, 0.839087]	                   #	Count: 1 (3.44828%)	Total: 29 (100%)
[cartographer_node-1] [INFO] [1778748382.629898133] [cartographer logger]: I0514 17:46:22.000000 82615 pose_graph_2d.cc:538] Remaining work items in queue: 1
[cartographer_node-1] [INFO] [1778748382.640202953] [cartographer logger]: I0514 17:46:22.000000 82616 constraint_builder_2d.cc:279] Node (1, 180) with 202 points on submap (1, 4) differs by translation 0.24 rotation 0.015 with score 70.3%.
[cartographer_node-1] [INFO] [1778748382.676296890] [cartographer logger]: I0514 17:46:22.000000 82574 pose_graph_2d.cc:148] Inserted submap (1, 6).
[cartographer_node-1] [INFO] [1778748382.679267844] [cartographer logger]: I0514 17:46:22.000000 82616 constraint_builder_2d.cc:279] Node (0, 272) with 201 points on submap (1, 4) matches with score 72.0%.
[cartographer_node-1] [INFO] [1778748382.720374436] [cartographer logger]: I0514 17:46:22.000000 82616 constraint_builder_2d.cc:279] Node (0, 872) with 210 points on submap (1, 4) matches with score 70.4%.
[cartographer_node-1] [INFO] [1778748382.725318474] [cartographer logger]: I0514 17:46:22.000000 82615 constraint_builder_2d.cc:279] Node (0, 672) with 205 points on submap (1, 4) matches with score 63.0%.
[cartographer_node-1] [INFO] [1778748382.740683938] [cartographer logger]: I0514 17:46:22.000000 82613 constraint_builder_2d.cc:279] Node (0, 1272) with 206 points on submap (1, 4) matches with score 64.0%.
[cartographer_node-1] [INFO] [1778748382.744753114] [cartographer logger]: I0514 17:46:22.000000 82614 constraint_builder_2d.cc:279] Node (0, 472) with 185 points on submap (1, 4) matches with score 65.2%.
[cartographer_node-1] [INFO] [1778748382.762013967] [cartographer logger]: I0514 17:46:22.000000 82616 constraint_builder_2d.cc:279] Node (0, 1072) with 185 points on submap (1, 4) matches with score 67.8%.
[cartographer_node-1] [INFO] [1778748382.762040899] [cartographer logger]: I0514 17:46:22.000000 82616 constraint_builder_2d.cc:294] 8 computations resulted in 7 additional constraints.
[cartographer_node-1] [INFO] [1778748382.762059851] [cartographer logger]: I0514 17:46:22.000000 82616 constraint_builder_2d.cc:296] Score histogram:
[cartographer_node-1] Count: 36  Min: 0.580177  Max: 0.839087  Mean: 0.688965
[cartographer_node-1] [0.580177, 0.606068)	                 ###	Count: 6 (16.6667%)	Total: 6 (16.6667%)
[cartographer_node-1] [0.606068, 0.631959)	                   #	Count: 2 (5.55556%)	Total: 8 (22.2222%)
[cartographer_node-1] [0.631959, 0.657850)	                  ##	Count: 4 (11.1111%)	Total: 12 (33.3333%)
[cartographer_node-1] [0.657850, 0.683741)	                 ###	Count: 6 (16.6667%)	Total: 18 (50%)
[cartographer_node-1] [0.683741, 0.709632)	                 ###	Count: 5 (13.8889%)	Total: 23 (63.8889%)
[cartographer_node-1] [0.709632, 0.735523)	                  ##	Count: 3 (8.33333%)	Total: 26 (72.2222%)
[cartographer_node-1] [0.735523, 0.761414)	                 ###	Count: 5 (13.8889%)	Total: 31 (86.1111%)
[cartographer_node-1] [0.761414, 0.787305)	                   #	Count: 2 (5.55556%)	Total: 33 (91.6667%)
[cartographer_node-1] [0.787305, 0.813196)	                   #	Count: 2 (5.55556%)	Total: 35 (97.2222%)
[cartographer_node-1] [0.813196, 0.839087]	                   #	Count: 1 (2.77778%)	Total: 36 (100%)
[cartographer_node-1] [INFO] [1778748382.793299787] [cartographer logger]: I0514 17:46:22.000000 82616 pose_graph_2d.cc:538] Remaining work items in queue: 10
[cartographer_node-1] [INFO] [1778748382.831002455] [cartographer logger]: I0514 17:46:22.000000 82616 constraint_builder_2d.cc:294] 1 computations resulted in 0 additional constraints.
[cartographer_node-1] [INFO] [1778748382.831039851] [cartographer logger]: I0514 17:46:22.000000 82616 constraint_builder_2d.cc:296] Score histogram:
[cartographer_node-1] Count: 36  Min: 0.580177  Max: 0.839087  Mean: 0.688965
[cartographer_node-1] [0.580177, 0.606068)	                 ###	Count: 6 (16.6667%)	Total: 6 (16.6667%)
[cartographer_node-1] [0.606068, 0.631959)	                   #	Count: 2 (5.55556%)	Total: 8 (22.2222%)
[cartographer_node-1] [0.631959, 0.657850)	                  ##	Count: 4 (11.1111%)	Total: 12 (33.3333%)
[cartographer_node-1] [0.657850, 0.683741)	                 ###	Count: 6 (16.6667%)	Total: 18 (50%)
[cartographer_node-1] [0.683741, 0.709632)	                 ###	Count: 5 (13.8889%)	Total: 23 (63.8889%)
[cartographer_node-1] [0.709632, 0.735523)	                  ##	Count: 3 (8.33333%)	Total: 26 (72.2222%)
[cartographer_node-1] [0.735523, 0.761414)	                 ###	Count: 5 (13.8889%)	Total: 31 (86.1111%)
[cartographer_node-1] [0.761414, 0.787305)	                   #	Count: 2 (5.55556%)	Total: 33 (91.6667%)
[cartographer_node-1] [0.787305, 0.813196)	                   #	Count: 2 (5.55556%)	Total: 35 (97.2222%)
[cartographer_node-1] [0.813196, 0.839087]	                   #	Count: 1 (2.77778%)	Total: 36 (100%)
[cartographer_node-1] [INFO] [1778748382.847324571] [cartographer logger]: I0514 17:46:22.000000 82616 pose_graph_2d.cc:538] Remaining work items in queue: 7
[cartographer_node-1] [INFO] [1778748382.847349811] [cartographer logger]: I0514 17:46:22.000000 82616 constraint_builder_2d.cc:294] 0 computations resulted in 0 additional constraints.
[cartographer_node-1] [INFO] [1778748382.847432481] [cartographer logger]: I0514 17:46:22.000000 82616 constraint_builder_2d.cc:296] Score histogram:
[cartographer_node-1] Count: 36  Min: 0.580177  Max: 0.839087  Mean: 0.688965
[cartographer_node-1] [0.580177, 0.606068)	                 ###	Count: 6 (16.6667%)	Total: 6 (16.6667%)
[cartographer_node-1] [0.606068, 0.631959)	                   #	Count: 2 (5.55556%)	Total: 8 (22.2222%)
[cartographer_node-1] [0.631959, 0.657850)	                  ##	Count: 4 (11.1111%)	Total: 12 (33.3333%)
[cartographer_node-1] [0.657850, 0.683741)	                 ###	Count: 6 (16.6667%)	Total: 18 (50%)
[cartographer_node-1] [0.683741, 0.709632)	                 ###	Count: 5 (13.8889%)	Total: 23 (63.8889%)
[cartographer_node-1] [0.709632, 0.735523)	                  ##	Count: 3 (8.33333%)	Total: 26 (72.2222%)
[cartographer_node-1] [0.735523, 0.761414)	                 ###	Count: 5 (13.8889%)	Total: 31 (86.1111%)
[cartographer_node-1] [0.761414, 0.787305)	                   #	Count: 2 (5.55556%)	Total: 33 (91.6667%)
[cartographer_node-1] [0.787305, 0.813196)	                   #	Count: 2 (5.55556%)	Total: 35 (97.2222%)
[cartographer_node-1] [0.813196, 0.839087]	                   #	Count: 1 (2.77778%)	Total: 36 (100%)
[cartographer_node-1] [INFO] [1778748382.877461539] [cartographer logger]: I0514 17:46:22.000000 82616 pose_graph_2d.cc:538] Remaining work items in queue: 1
[cartographer_node-1] [INFO] [1778748382.877487570] [cartographer logger]: I0514 17:46:22.000000 82616 constraint_builder_2d.cc:294] 0 computations resulted in 0 additional constraints.
[cartographer_node-1] [INFO] [1778748382.877730282] [cartographer logger]: I0514 17:46:22.000000 82616 constraint_builder_2d.cc:296] Score histogram:
[cartographer_node-1] Count: 36  Min: 0.580177  Max: 0.839087  Mean: 0.688965
[cartographer_node-1] [0.580177, 0.606068)	                 ###	Count: 6 (16.6667%)	Total: 6 (16.6667%)
[cartographer_node-1] [0.606068, 0.631959)	                   #	Count: 2 (5.55556%)	Total: 8 (22.2222%)
[cartographer_node-1] [0.631959, 0.657850)	                  ##	Count: 4 (11.1111%)	Total: 12 (33.3333%)
[cartographer_node-1] [0.657850, 0.683741)	                 ###	Count: 6 (16.6667%)	Total: 18 (50%)
[cartographer_node-1] [0.683741, 0.709632)	                 ###	Count: 5 (13.8889%)	Total: 23 (63.8889%)
[cartographer_node-1] [0.709632, 0.735523)	                  ##	Count: 3 (8.33333%)	Total: 26 (72.2222%)
[cartographer_node-1] [0.735523, 0.761414)	                 ###	Count: 5 (13.8889%)	Total: 31 (86.1111%)
[cartographer_node-1] [0.761414, 0.787305)	                   #	Count: 2 (5.55556%)	Total: 33 (91.6667%)
[cartographer_node-1] [0.787305, 0.813196)	                   #	Count: 2 (5.55556%)	Total: 35 (97.2222%)
[cartographer_node-1] [0.813196, 0.839087]	                   #	Count: 1 (2.77778%)	Total: 36 (100%)
[cartographer_node-1] [INFO] [1778748382.938362601] [cartographer logger]: I0514 17:46:22.000000 82615 pose_graph_2d.cc:538] Remaining work items in queue: 1
[cartographer_node-1] [INFO] [1778748382.938391234] [cartographer logger]: I0514 17:46:22.000000 82615 constraint_builder_2d.cc:294] 0 computations resulted in 0 additional constraints.
[cartographer_node-1] [INFO] [1778748382.938414699] [cartographer logger]: I0514 17:46:22.000000 82615 constraint_builder_2d.cc:296] Score histogram:
[cartographer_node-1] Count: 36  Min: 0.580177  Max: 0.839087  Mean: 0.688965
[cartographer_node-1] [0.580177, 0.606068)	                 ###	Count: 6 (16.6667%)	Total: 6 (16.6667%)
[cartographer_node-1] [0.606068, 0.631959)	                   #	Count: 2 (5.55556%)	Total: 8 (22.2222%)
[cartographer_node-1] [0.631959, 0.657850)	                  ##	Count: 4 (11.1111%)	Total: 12 (33.3333%)
[cartographer_node-1] [0.657850, 0.683741)	                 ###	Count: 6 (16.6667%)	Total: 18 (50%)
[cartographer_node-1] [0.683741, 0.709632)	                 ###	Count: 5 (13.8889%)	Total: 23 (63.8889%)
[cartographer_node-1] [0.709632, 0.735523)	                  ##	Count: 3 (8.33333%)	Total: 26 (72.2222%)
[cartographer_node-1] [0.735523, 0.761414)	                 ###	Count: 5 (13.8889%)	Total: 31 (86.1111%)
[cartographer_node-1] [0.761414, 0.787305)	                   #	Count: 2 (5.55556%)	Total: 33 (91.6667%)
[cartographer_node-1] [0.787305, 0.813196)	                   #	Count: 2 (5.55556%)	Total: 35 (97.2222%)
[cartographer_node-1] [0.813196, 0.839087]	                   #	Count: 1 (2.77778%)	Total: 36 (100%)
[cartographer_node-1] [INFO] [1778748383.005867442] [cartographer logger]: I0514 17:46:23.000000 82615 pose_graph_2d.cc:538] Remaining work items in queue: 1
[cartographer_node-1] [INFO] [1778748383.005894733] [cartographer logger]: I0514 17:46:23.000000 82615 constraint_builder_2d.cc:294] 0 computations resulted in 0 additional constraints.
[cartographer_node-1] [INFO] [1778748383.006302351] [cartographer logger]: I0514 17:46:23.000000 82615 constraint_builder_2d.cc:296] Score histogram:
[cartographer_node-1] Count: 36  Min: 0.580177  Max: 0.839087  Mean: 0.688965
[cartographer_node-1] [0.580177, 0.606068)	                 ###	Count: 6 (16.6667%)	Total: 6 (16.6667%)
[cartographer_node-1] [0.606068, 0.631959)	                   #	Count: 2 (5.55556%)	Total: 8 (22.2222%)
[cartographer_node-1] [0.631959, 0.657850)	                  ##	Count: 4 (11.1111%)	Total: 12 (33.3333%)
[cartographer_node-1] [0.657850, 0.683741)	                 ###	Count: 6 (16.6667%)	Total: 18 (50%)
[cartographer_node-1] [0.683741, 0.709632)	                 ###	Count: 5 (13.8889%)	Total: 23 (63.8889%)
[cartographer_node-1] [0.709632, 0.735523)	                  ##	Count: 3 (8.33333%)	Total: 26 (72.2222%)
[cartographer_node-1] [0.735523, 0.761414)	                 ###	Count: 5 (13.8889%)	Total: 31 (86.1111%)
[cartographer_node-1] [0.761414, 0.787305)	                   #	Count: 2 (5.55556%)	Total: 33 (91.6667%)
[cartographer_node-1] [0.787305, 0.813196)	                   #	Count: 2 (5.55556%)	Total: 35 (97.2222%)
[cartographer_node-1] [0.813196, 0.839087]	                   #	Count: 1 (2.77778%)	Total: 36 (100%)
[cartographer_node-1] [INFO] [1778748383.093402711] [cartographer logger]: I0514 17:46:23.000000 82614 pose_graph_2d.cc:538] Remaining work items in queue: 1
[cartographer_node-1] [INFO] [1778748383.135972720] [cartographer logger]: I0514 17:46:23.000000 82615 constraint_builder_2d.cc:294] 1 computations resulted in 0 additional constraints.
[cartographer_node-1] [INFO] [1778748383.136001927] [cartographer logger]: I0514 17:46:23.000000 82615 constraint_builder_2d.cc:296] Score histogram:
[cartographer_node-1] Count: 36  Min: 0.580177  Max: 0.839087  Mean: 0.688965
[cartographer_node-1] [0.580177, 0.606068)	                 ###	Count: 6 (16.6667%)	Total: 6 (16.6667%)
[cartographer_node-1] [0.606068, 0.631959)	                   #	Count: 2 (5.55556%)	Total: 8 (22.2222%)
[cartographer_node-1] [0.631959, 0.657850)	                  ##	Count: 4 (11.1111%)	Total: 12 (33.3333%)
[cartographer_node-1] [0.657850, 0.683741)	                 ###	Count: 6 (16.6667%)	Total: 18 (50%)
[cartographer_node-1] [0.683741, 0.709632)	                 ###	Count: 5 (13.8889%)	Total: 23 (63.8889%)
[cartographer_node-1] [0.709632, 0.735523)	                  ##	Count: 3 (8.33333%)	Total: 26 (72.2222%)
[cartographer_node-1] [0.735523, 0.761414)	                 ###	Count: 5 (13.8889%)	Total: 31 (86.1111%)
[cartographer_node-1] [0.761414, 0.787305)	                   #	Count: 2 (5.55556%)	Total: 33 (91.6667%)
[cartographer_node-1] [0.787305, 0.813196)	                   #	Count: 2 (5.55556%)	Total: 35 (97.2222%)
[cartographer_node-1] [0.813196, 0.839087]	                   #	Count: 1 (2.77778%)	Total: 36 (100%)
[cartographer_node-1] [INFO] [1778748383.186437581] [cartographer logger]: I0514 17:46:23.000000 82616 pose_graph_2d.cc:538] Remaining work items in queue: 0
[cartographer_node-1] [INFO] [1778748383.186473692] [cartographer logger]: I0514 17:46:23.000000 82616 constraint_builder_2d.cc:294] 0 computations resulted in 0 additional constraints.
[cartographer_node-1] [INFO] [1778748383.186754209] [cartographer logger]: I0514 17:46:23.000000 82616 constraint_builder_2d.cc:296] Score histogram:
[cartographer_node-1] Count: 36  Min: 0.580177  Max: 0.839087  Mean: 0.688965
[cartographer_node-1] [0.580177, 0.606068)	                 ###	Count: 6 (16.6667%)	Total: 6 (16.6667%)
[cartographer_node-1] [0.606068, 0.631959)	                   #	Count: 2 (5.55556%)	Total: 8 (22.2222%)
[cartographer_node-1] [0.631959, 0.657850)	                  ##	Count: 4 (11.1111%)	Total: 12 (33.3333%)
[cartographer_node-1] [0.657850, 0.683741)	                 ###	Count: 6 (16.6667%)	Total: 18 (50%)
[cartographer_node-1] [0.683741, 0.709632)	                 ###	Count: 5 (13.8889%)	Total: 23 (63.8889%)
[cartographer_node-1] [0.709632, 0.735523)	                  ##	Count: 3 (8.33333%)	Total: 26 (72.2222%)
[cartographer_node-1] [0.735523, 0.761414)	                 ###	Count: 5 (13.8889%)	Total: 31 (86.1111%)
[cartographer_node-1] [0.761414, 0.787305)	                   #	Count: 2 (5.55556%)	Total: 33 (91.6667%)
[cartographer_node-1] [0.787305, 0.813196)	                   #	Count: 2 (5.55556%)	Total: 35 (97.2222%)
[cartographer_node-1] [0.813196, 0.839087]	                   #	Count: 1 (2.77778%)	Total: 36 (100%)
[cartographer_node-1] [INFO] [1778748383.237609898] [cartographer logger]: I0514 17:46:23.000000 82615 pose_graph_2d.cc:538] Remaining work items in queue: 1
[cartographer_node-1] [INFO] [1778748383.237634408] [cartographer logger]: I0514 17:46:23.000000 82615 constraint_builder_2d.cc:294] 0 computations resulted in 0 additional constraints.
[cartographer_node-1] [INFO] [1778748383.237651238] [cartographer logger]: I0514 17:46:23.000000 82615 constraint_builder_2d.cc:296] Score histogram:
[cartographer_node-1] Count: 36  Min: 0.580177  Max: 0.839087  Mean: 0.688965
[cartographer_node-1] [0.580177, 0.606068)	                 ###	Count: 6 (16.6667%)	Total: 6 (16.6667%)
[cartographer_node-1] [0.606068, 0.631959)	                   #	Count: 2 (5.55556%)	Total: 8 (22.2222%)
[cartographer_node-1] [0.631959, 0.657850)	                  ##	Count: 4 (11.1111%)	Total: 12 (33.3333%)
[cartographer_node-1] [0.657850, 0.683741)	                 ###	Count: 6 (16.6667%)	Total: 18 (50%)
[cartographer_node-1] [0.683741, 0.709632)	                 ###	Count: 5 (13.8889%)	Total: 23 (63.8889%)
[cartographer_node-1] [0.709632, 0.735523)	                  ##	Count: 3 (8.33333%)	Total: 26 (72.2222%)
[cartographer_node-1] [0.735523, 0.761414)	                 ###	Count: 5 (13.8889%)	Total: 31 (86.1111%)
[cartographer_node-1] [0.761414, 0.787305)	                   #	Count: 2 (5.55556%)	Total: 33 (91.6667%)
[cartographer_node-1] [0.787305, 0.813196)	                   #	Count: 2 (5.55556%)	Total: 35 (97.2222%)
[cartographer_node-1] [0.813196, 0.839087]	                   #	Count: 1 (2.77778%)	Total: 36 (100%)
[cartographer_node-1] [INFO] [1778748383.341528216] [cartographer logger]: I0514 17:46:23.000000 82615 pose_graph_2d.cc:538] Remaining work items in queue: 1
[cartographer_node-1] [INFO] [1778748383.341550897] [cartographer logger]: I0514 17:46:23.000000 82615 constraint_builder_2d.cc:294] 0 computations resulted in 0 additional constraints.
[cartographer_node-1] [INFO] [1778748383.341909507] [cartographer logger]: I0514 17:46:23.000000 82615 constraint_builder_2d.cc:296] Score histogram:
[cartographer_node-1] Count: 36  Min: 0.580177  Max: 0.839087  Mean: 0.688965
[cartographer_node-1] [0.580177, 0.606068)	                 ###	Count: 6 (16.6667%)	Total: 6 (16.6667%)
[cartographer_node-1] [0.606068, 0.631959)	                   #	Count: 2 (5.55556%)	Total: 8 (22.2222%)
[cartographer_node-1] [0.631959, 0.657850)	                  ##	Count: 4 (11.1111%)	Total: 12 (33.3333%)
[cartographer_node-1] [0.657850, 0.683741)	                 ###	Count: 6 (16.6667%)	Total: 18 (50%)
[cartographer_node-1] [0.683741, 0.709632)	                 ###	Count: 5 (13.8889%)	Total: 23 (63.8889%)
[cartographer_node-1] [0.709632, 0.735523)	                  ##	Count: 3 (8.33333%)	Total: 26 (72.2222%)
[cartographer_node-1] [0.735523, 0.761414)	                 ###	Count: 5 (13.8889%)	Total: 31 (86.1111%)
[cartographer_node-1] [0.761414, 0.787305)	                   #	Count: 2 (5.55556%)	Total: 33 (91.6667%)
[cartographer_node-1] [0.787305, 0.813196)	                   #	Count: 2 (5.55556%)	Total: 35 (97.2222%)
[cartographer_node-1] [0.813196, 0.839087]	                   #	Count: 1 (2.77778%)	Total: 36 (100%)
[cartographer_node-1] [INFO] [1778748383.404425348] [cartographer logger]: I0514 17:46:23.000000 82615 pose_graph_2d.cc:538] Remaining work items in queue: 2
[cartographer_node-1] [INFO] [1778748383.404453598] [cartographer logger]: I0514 17:46:23.000000 82615 constraint_builder_2d.cc:294] 0 computations resulted in 0 additional constraints.
[cartographer_node-1] [INFO] [1778748383.404701921] [cartographer logger]: I0514 17:46:23.000000 82615 constraint_builder_2d.cc:296] Score histogram:
[cartographer_node-1] Count: 36  Min: 0.580177  Max: 0.839087  Mean: 0.688965
[cartographer_node-1] [0.580177, 0.606068)	                 ###	Count: 6 (16.6667%)	Total: 6 (16.6667%)
[cartographer_node-1] [0.606068, 0.631959)	                   #	Count: 2 (5.55556%)	Total: 8 (22.2222%)
[cartographer_node-1] [0.631959, 0.657850)	                  ##	Count: 4 (11.1111%)	Total: 12 (33.3333%)
[cartographer_node-1] [0.657850, 0.683741)	                 ###	Count: 6 (16.6667%)	Total: 18 (50%)
[cartographer_node-1] [0.683741, 0.709632)	                 ###	Count: 5 (13.8889%)	Total: 23 (63.8889%)
[cartographer_node-1] [0.709632, 0.735523)	                  ##	Count: 3 (8.33333%)	Total: 26 (72.2222%)
[cartographer_node-1] [0.735523, 0.761414)	                 ###	Count: 5 (13.8889%)	Total: 31 (86.1111%)
[cartographer_node-1] [0.761414, 0.787305)	                   #	Count: 2 (5.55556%)	Total: 33 (91.6667%)
[cartographer_node-1] [0.787305, 0.813196)	                   #	Count: 2 (5.55556%)	Total: 35 (97.2222%)
[cartographer_node-1] [0.813196, 0.839087]	                   #	Count: 1 (2.77778%)	Total: 36 (100%)
[cartographer_node-1] [INFO] [1778748383.481019474] [cartographer logger]: I0514 17:46:23.000000 82614 pose_graph_2d.cc:538] Remaining work items in queue: 1
[cartographer_node-1] [INFO] [1778748383.482513610] [cartographer logger]: I0514 17:46:23.000000 82615 constraint_builder_2d.cc:294] 1 computations resulted in 0 additional constraints.
[cartographer_node-1] [INFO] [1778748383.482543561] [cartographer logger]: I0514 17:46:23.000000 82615 constraint_builder_2d.cc:296] Score histogram:
[cartographer_node-1] Count: 36  Min: 0.580177  Max: 0.839087  Mean: 0.688965
[cartographer_node-1] [0.580177, 0.606068)	                 ###	Count: 6 (16.6667%)	Total: 6 (16.6667%)
[cartographer_node-1] [0.606068, 0.631959)	                   #	Count: 2 (5.55556%)	Total: 8 (22.2222%)
[cartographer_node-1] [0.631959, 0.657850)	                  ##	Count: 4 (11.1111%)	Total: 12 (33.3333%)
[cartographer_node-1] [0.657850, 0.683741)	                 ###	Count: 6 (16.6667%)	Total: 18 (50%)
[cartographer_node-1] [0.683741, 0.709632)	                 ###	Count: 5 (13.8889%)	Total: 23 (63.8889%)
[cartographer_node-1] [0.709632, 0.735523)	                  ##	Count: 3 (8.33333%)	Total: 26 (72.2222%)
[cartographer_node-1] [0.735523, 0.761414)	                 ###	Count: 5 (13.8889%)	Total: 31 (86.1111%)
[cartographer_node-1] [0.761414, 0.787305)	                   #	Count: 2 (5.55556%)	Total: 33 (91.6667%)
[cartographer_node-1] [0.787305, 0.813196)	                   #	Count: 2 (5.55556%)	Total: 35 (97.2222%)
[cartographer_node-1] [0.813196, 0.839087]	                   #	Count: 1 (2.77778%)	Total: 36 (100%)
[cartographer_node-1] [INFO] [1778748383.531438627] [cartographer logger]: I0514 17:46:23.000000 82613 pose_graph_2d.cc:538] Remaining work items in queue: 1
[cartographer_node-1] [INFO] [1778748383.531474381] [cartographer logger]: I0514 17:46:23.000000 82613 constraint_builder_2d.cc:294] 0 computations resulted in 0 additional constraints.
[cartographer_node-1] [INFO] [1778748383.531523537] [cartographer logger]: I0514 17:46:23.000000 82613 constraint_builder_2d.cc:296] Score histogram:
[cartographer_node-1] Count: 36  Min: 0.580177  Max: 0.839087  Mean: 0.688965
[cartographer_node-1] [0.580177, 0.606068)	                 ###	Count: 6 (16.6667%)	Total: 6 (16.6667%)
[cartographer_node-1] [0.606068, 0.631959)	                   #	Count: 2 (5.55556%)	Total: 8 (22.2222%)
[cartographer_node-1] [0.631959, 0.657850)	                  ##	Count: 4 (11.1111%)	Total: 12 (33.3333%)
[cartographer_node-1] [0.657850, 0.683741)	                 ###	Count: 6 (16.6667%)	Total: 18 (50%)
[cartographer_node-1] [0.683741, 0.709632)	                 ###	Count: 5 (13.8889%)	Total: 23 (63.8889%)
[cartographer_node-1] [0.709632, 0.735523)	                  ##	Count: 3 (8.33333%)	Total: 26 (72.2222%)
[cartographer_node-1] [0.735523, 0.761414)	                 ###	Count: 5 (13.8889%)	Total: 31 (86.1111%)
[cartographer_node-1] [0.761414, 0.787305)	                   #	Count: 2 (5.55556%)	Total: 33 (91.6667%)
[cartographer_node-1] [0.787305, 0.813196)	                   #	Count: 2 (5.55556%)	Total: 35 (97.2222%)
[cartographer_node-1] [0.813196, 0.839087]	                   #	Count: 1 (2.77778%)	Total: 36 (100%)
[cartographer_node-1] [INFO] [1778748383.610332516] [cartographer logger]: I0514 17:46:23.000000 82615 pose_graph_2d.cc:538] Remaining work items in queue: 0
[cartographer_node-1] [INFO] [1778748383.610391488] [cartographer logger]: I0514 17:46:23.000000 82615 constraint_builder_2d.cc:294] 0 computations resulted in 0 additional constraints.
[cartographer_node-1] [INFO] [1778748383.610819310] [cartographer logger]: I0514 17:46:23.000000 82615 constraint_builder_2d.cc:296] Score histogram:
[cartographer_node-1] Count: 36  Min: 0.580177  Max: 0.839087  Mean: 0.688965
[cartographer_node-1] [0.580177, 0.606068)	                 ###	Count: 6 (16.6667%)	Total: 6 (16.6667%)
[cartographer_node-1] [0.606068, 0.631959)	                   #	Count: 2 (5.55556%)	Total: 8 (22.2222%)
[cartographer_node-1] [0.631959, 0.657850)	                  ##	Count: 4 (11.1111%)	Total: 12 (33.3333%)
[cartographer_node-1] [0.657850, 0.683741)	                 ###	Count: 6 (16.6667%)	Total: 18 (50%)
[cartographer_node-1] [0.683741, 0.709632)	                 ###	Count: 5 (13.8889%)	Total: 23 (63.8889%)
[cartographer_node-1] [0.709632, 0.735523)	                  ##	Count: 3 (8.33333%)	Total: 26 (72.2222%)
[cartographer_node-1] [0.735523, 0.761414)	                 ###	Count: 5 (13.8889%)	Total: 31 (86.1111%)
[cartographer_node-1] [0.761414, 0.787305)	                   #	Count: 2 (5.55556%)	Total: 33 (91.6667%)
[cartographer_node-1] [0.787305, 0.813196)	                   #	Count: 2 (5.55556%)	Total: 35 (97.2222%)
[cartographer_node-1] [0.813196, 0.839087]	                   #	Count: 1 (2.77778%)	Total: 36 (100%)
[cartographer_node-1] [INFO] [1778748383.742239084] [cartographer logger]: I0514 17:46:23.000000 82616 pose_graph_2d.cc:538] Remaining work items in queue: 0
[cartographer_node-1] [INFO] [1778748383.742262816] [cartographer logger]: I0514 17:46:23.000000 82616 constraint_builder_2d.cc:294] 0 computations resulted in 0 additional constraints.
[cartographer_node-1] [INFO] [1778748383.742284167] [cartographer logger]: I0514 17:46:23.000000 82616 constraint_builder_2d.cc:296] Score histogram:
[cartographer_node-1] Count: 36  Min: 0.580177  Max: 0.839087  Mean: 0.688965
[cartographer_node-1] [0.580177, 0.606068)	                 ###	Count: 6 (16.6667%)	Total: 6 (16.6667%)
[cartographer_node-1] [0.606068, 0.631959)	                   #	Count: 2 (5.55556%)	Total: 8 (22.2222%)
[cartographer_node-1] [0.631959, 0.657850)	                  ##	Count: 4 (11.1111%)	Total: 12 (33.3333%)
[cartographer_node-1] [0.657850, 0.683741)	                 ###	Count: 6 (16.6667%)	Total: 18 (50%)
[cartographer_node-1] [0.683741, 0.709632)	                 ###	Count: 5 (13.8889%)	Total: 23 (63.8889%)
[cartographer_node-1] [0.709632, 0.735523)	                  ##	Count: 3 (8.33333%)	Total: 26 (72.2222%)
[cartographer_node-1] [0.735523, 0.761414)	                 ###	Count: 5 (13.8889%)	Total: 31 (86.1111%)
[cartographer_node-1] [0.761414, 0.787305)	                   #	Count: 2 (5.55556%)	Total: 33 (91.6667%)
[cartographer_node-1] [0.787305, 0.813196)	                   #	Count: 2 (5.55556%)	Total: 35 (97.2222%)
[cartographer_node-1] [0.813196, 0.839087]	                   #	Count: 1 (2.77778%)	Total: 36 (100%)
[cartographer_node-1] [INFO] [1778748383.884213875] [cartographer logger]: I0514 17:46:23.000000 82615 pose_graph_2d.cc:538] Remaining work items in queue: 0
[cartographer_node-1] [INFO] [1778748383.884266508] [cartographer logger]: I0514 17:46:23.000000 82615 constraint_builder_2d.cc:294] 0 computations resulted in 0 additional constraints.
[cartographer_node-1] [INFO] [1778748383.884404991] [cartographer logger]: I0514 17:46:23.000000 82615 constraint_builder_2d.cc:296] Score histogram:
[cartographer_node-1] Count: 36  Min: 0.580177  Max: 0.839087  Mean: 0.688965
[cartographer_node-1] [0.580177, 0.606068)	                 ###	Count: 6 (16.6667%)	Total: 6 (16.6667%)
[cartographer_node-1] [0.606068, 0.631959)	                   #	Count: 2 (5.55556%)	Total: 8 (22.2222%)
[cartographer_node-1] [0.631959, 0.657850)	                  ##	Count: 4 (11.1111%)	Total: 12 (33.3333%)
[cartographer_node-1] [0.657850, 0.683741)	                 ###	Count: 6 (16.6667%)	Total: 18 (50%)
[cartographer_node-1] [0.683741, 0.709632)	                 ###	Count: 5 (13.8889%)	Total: 23 (63.8889%)
[cartographer_node-1] [0.709632, 0.735523)	                  ##	Count: 3 (8.33333%)	Total: 26 (72.2222%)
[cartographer_node-1] [0.735523, 0.761414)	                 ###	Count: 5 (13.8889%)	Total: 31 (86.1111%)
[cartographer_node-1] [0.761414, 0.787305)	                   #	Count: 2 (5.55556%)	Total: 33 (91.6667%)
[cartographer_node-1] [0.787305, 0.813196)	                   #	Count: 2 (5.55556%)	Total: 35 (97.2222%)
[cartographer_node-1] [0.813196, 0.839087]	                   #	Count: 1 (2.77778%)	Total: 36 (100%)
[cartographer_node-1] [INFO] [1778748383.939654141] [cartographer logger]: I0514 17:46:23.000000 82574 collated_trajectory_builder.cc:81] imu rate: 40.07 Hz 2.50e-02 s +/- 7.86e-03 s (pulsed at 99.76% real time)
[cartographer_node-1] [INFO] [1778748383.939684685] [cartographer logger]: I0514 17:46:23.000000 82574 collated_trajectory_builder.cc:81] odom_wheel rate: 40.12 Hz 2.49e-02 s +/- 8.75e-03 s (pulsed at 99.90% real time)
[cartographer_node-1] [INFO] [1778748383.939700300] [cartographer logger]: I0514 17:46:23.000000 82574 collated_trajectory_builder.cc:81] scan rate: 39.95 Hz 2.50e-02 s +/- 4.97e-03 s (pulsed at 99.83% real time)
[cartographer_node-1] [INFO] [1778748384.083330320] [cartographer logger]: I0514 17:46:24.000000 82615 pose_graph_2d.cc:538] Remaining work items in queue: 1
[cartographer_node-1] [INFO] [1778748384.083358244] [cartographer logger]: I0514 17:46:24.000000 82615 constraint_builder_2d.cc:294] 1 computations resulted in 0 additional constraints.
[cartographer_node-1] [INFO] [1778748384.083771322] [cartographer logger]: I0514 17:46:24.000000 82615 constraint_builder_2d.cc:296] Score histogram:
[cartographer_node-1] Count: 36  Min: 0.580177  Max: 0.839087  Mean: 0.688965
[cartographer_node-1] [0.580177, 0.606068)	                 ###	Count: 6 (16.6667%)	Total: 6 (16.6667%)
[cartographer_node-1] [0.606068, 0.631959)	                   #	Count: 2 (5.55556%)	Total: 8 (22.2222%)
[cartographer_node-1] [0.631959, 0.657850)	                  ##	Count: 4 (11.1111%)	Total: 12 (33.3333%)
[cartographer_node-1] [0.657850, 0.683741)	                 ###	Count: 6 (16.6667%)	Total: 18 (50%)
[cartographer_node-1] [0.683741, 0.709632)	                 ###	Count: 5 (13.8889%)	Total: 23 (63.8889%)
[cartographer_node-1] [0.709632, 0.735523)	                  ##	Count: 3 (8.33333%)	Total: 26 (72.2222%)
[cartographer_node-1] [0.735523, 0.761414)	                 ###	Count: 5 (13.8889%)	Total: 31 (86.1111%)
[cartographer_node-1] [0.761414, 0.787305)	                   #	Count: 2 (5.55556%)	Total: 33 (91.6667%)
[cartographer_node-1] [0.787305, 0.813196)	                   #	Count: 2 (5.55556%)	Total: 35 (97.2222%)
[cartographer_node-1] [0.813196, 0.839087]	                   #	Count: 1 (2.77778%)	Total: 36 (100%)
[cartographer_node-1] [INFO] [1778748384.192589655] [cartographer logger]: I0514 17:46:24.000000 82616 pose_graph_2d.cc:538] Remaining work items in queue: 2
[cartographer_node-1] [INFO] [1778748384.192635041] [cartographer logger]: I0514 17:46:24.000000 82616 constraint_builder_2d.cc:294] 0 computations resulted in 0 additional constraints.
[cartographer_node-1] [INFO] [1778748384.192662551] [cartographer logger]: I0514 17:46:24.000000 82616 constraint_builder_2d.cc:296] Score histogram:
[cartographer_node-1] Count: 36  Min: 0.580177  Max: 0.839087  Mean: 0.688965
[cartographer_node-1] [0.580177, 0.606068)	                 ###	Count: 6 (16.6667%)	Total: 6 (16.6667%)
[cartographer_node-1] [0.606068, 0.631959)	                   #	Count: 2 (5.55556%)	Total: 8 (22.2222%)
[cartographer_node-1] [0.631959, 0.657850)	                  ##	Count: 4 (11.1111%)	Total: 12 (33.3333%)
[cartographer_node-1] [0.657850, 0.683741)	                 ###	Count: 6 (16.6667%)	Total: 18 (50%)
[cartographer_node-1] [0.683741, 0.709632)	                 ###	Count: 5 (13.8889%)	Total: 23 (63.8889%)
[cartographer_node-1] [0.709632, 0.735523)	                  ##	Count: 3 (8.33333%)	Total: 26 (72.2222%)
[cartographer_node-1] [0.735523, 0.761414)	                 ###	Count: 5 (13.8889%)	Total: 31 (86.1111%)
[cartographer_node-1] [0.761414, 0.787305)	                   #	Count: 2 (5.55556%)	Total: 33 (91.6667%)
[cartographer_node-1] [0.787305, 0.813196)	                   #	Count: 2 (5.55556%)	Total: 35 (97.2222%)
[cartographer_node-1] [0.813196, 0.839087]	                   #	Count: 1 (2.77778%)	Total: 36 (100%)
[cartographer_node-1] [INFO] [1778748384.304922365] [cartographer logger]: I0514 17:46:24.000000 82613 pose_graph_2d.cc:538] Remaining work items in queue: 0
[cartographer_node-1] [INFO] [1778748384.304946976] [cartographer logger]: I0514 17:46:24.000000 82613 constraint_builder_2d.cc:294] 0 computations resulted in 0 additional constraints.
[cartographer_node-1] [INFO] [1778748384.305352165] [cartographer logger]: I0514 17:46:24.000000 82613 constraint_builder_2d.cc:296] Score histogram:
[cartographer_node-1] Count: 36  Min: 0.580177  Max: 0.839087  Mean: 0.688965
[cartographer_node-1] [0.580177, 0.606068)	                 ###	Count: 6 (16.6667%)	Total: 6 (16.6667%)
[cartographer_node-1] [0.606068, 0.631959)	                   #	Count: 2 (5.55556%)	Total: 8 (22.2222%)
[cartographer_node-1] [0.631959, 0.657850)	                  ##	Count: 4 (11.1111%)	Total: 12 (33.3333%)
[cartographer_node-1] [0.657850, 0.683741)	                 ###	Count: 6 (16.6667%)	Total: 18 (50%)
[cartographer_node-1] [0.683741, 0.709632)	                 ###	Count: 5 (13.8889%)	Total: 23 (63.8889%)
[cartographer_node-1] [0.709632, 0.735523)	                  ##	Count: 3 (8.33333%)	Total: 26 (72.2222%)
[cartographer_node-1] [0.735523, 0.761414)	                 ###	Count: 5 (13.8889%)	Total: 31 (86.1111%)
[cartographer_node-1] [0.761414, 0.787305)	                   #	Count: 2 (5.55556%)	Total: 33 (91.6667%)
[cartographer_node-1] [0.787305, 0.813196)	                   #	Count: 2 (5.55556%)	Total: 35 (97.2222%)
[cartographer_node-1] [0.813196, 0.839087]	                   #	Count: 1 (2.77778%)	Total: 36 (100%)
[cartographer_node-1] [INFO] [1778748384.390758608] [cartographer logger]: I0514 17:46:24.000000 82616 pose_graph_2d.cc:538] Remaining work items in queue: 1
[cartographer_node-1] [INFO] [1778748384.390785261] [cartographer logger]: I0514 17:46:24.000000 82616 constraint_builder_2d.cc:294] 0 computations resulted in 0 additional constraints.
[cartographer_node-1] [INFO] [1778748384.391124220] [cartographer logger]: I0514 17:46:24.000000 82616 constraint_builder_2d.cc:296] Score histogram:
[cartographer_node-1] Count: 36  Min: 0.580177  Max: 0.839087  Mean: 0.688965
[cartographer_node-1] [0.580177, 0.606068)	                 ###	Count: 6 (16.6667%)	Total: 6 (16.6667%)
[cartographer_node-1] [0.606068, 0.631959)	                   #	Count: 2 (5.55556%)	Total: 8 (22.2222%)
[cartographer_node-1] [0.631959, 0.657850)	                  ##	Count: 4 (11.1111%)	Total: 12 (33.3333%)
[cartographer_node-1] [0.657850, 0.683741)	                 ###	Count: 6 (16.6667%)	Total: 18 (50%)
[cartographer_node-1] [0.683741, 0.709632)	                 ###	Count: 5 (13.8889%)	Total: 23 (63.8889%)
[cartographer_node-1] [0.709632, 0.735523)	                  ##	Count: 3 (8.33333%)	Total: 26 (72.2222%)
[cartographer_node-1] [0.735523, 0.761414)	                 ###	Count: 5 (13.8889%)	Total: 31 (86.1111%)
[cartographer_node-1] [0.761414, 0.787305)	                   #	Count: 2 (5.55556%)	Total: 33 (91.6667%)
[cartographer_node-1] [0.787305, 0.813196)	                   #	Count: 2 (5.55556%)	Total: 35 (97.2222%)
[cartographer_node-1] [0.813196, 0.839087]	                   #	Count: 1 (2.77778%)	Total: 36 (100%)
[cartographer_node-1] [INFO] [1778748384.481796366] [cartographer logger]: I0514 17:46:24.000000 82616 pose_graph_2d.cc:538] Remaining work items in queue: 1
[cartographer_node-1] [INFO] [1778748384.481848206] [cartographer logger]: I0514 17:46:24.000000 82616 constraint_builder_2d.cc:294] 0 computations resulted in 0 additional constraints.
[cartographer_node-1] [INFO] [1778748384.482157782] [cartographer logger]: I0514 17:46:24.000000 82616 constraint_builder_2d.cc:296] Score histogram:
[cartographer_node-1] Count: 36  Min: 0.580177  Max: 0.839087  Mean: 0.688965
[cartographer_node-1] [0.580177, 0.606068)	                 ###	Count: 6 (16.6667%)	Total: 6 (16.6667%)
[cartographer_node-1] [0.606068, 0.631959)	                   #	Count: 2 (5.55556%)	Total: 8 (22.2222%)
[cartographer_node-1] [0.631959, 0.657850)	                  ##	Count: 4 (11.1111%)	Total: 12 (33.3333%)
[cartographer_node-1] [0.657850, 0.683741)	                 ###	Count: 6 (16.6667%)	Total: 18 (50%)
[cartographer_node-1] [0.683741, 0.709632)	                 ###	Count: 5 (13.8889%)	Total: 23 (63.8889%)
[cartographer_node-1] [0.709632, 0.735523)	                  ##	Count: 3 (8.33333%)	Total: 26 (72.2222%)
[cartographer_node-1] [0.735523, 0.761414)	                 ###	Count: 5 (13.8889%)	Total: 31 (86.1111%)
[cartographer_node-1] [0.761414, 0.787305)	                   #	Count: 2 (5.55556%)	Total: 33 (91.6667%)
[cartographer_node-1] [0.787305, 0.813196)	                   #	Count: 2 (5.55556%)	Total: 35 (97.2222%)
[cartographer_node-1] [0.813196, 0.839087]	                   #	Count: 1 (2.77778%)	Total: 36 (100%)
[cartographer_node-1] [INFO] [1778748384.539818325] [cartographer logger]: I0514 17:46:24.000000 82616 pose_graph_2d.cc:538] Remaining work items in queue: 0
[cartographer_node-1] [INFO] [1778748384.562164753] [cartographer logger]: I0514 17:46:24.000000 82615 constraint_builder_2d.cc:294] 1 computations resulted in 0 additional constraints.
[cartographer_node-1] [INFO] [1778748384.562260152] [cartographer logger]: I0514 17:46:24.000000 82615 constraint_builder_2d.cc:296] Score histogram:
[cartographer_node-1] Count: 36  Min: 0.580177  Max: 0.839087  Mean: 0.688965
[cartographer_node-1] [0.580177, 0.606068)	                 ###	Count: 6 (16.6667%)	Total: 6 (16.6667%)
[cartographer_node-1] [0.606068, 0.631959)	                   #	Count: 2 (5.55556%)	Total: 8 (22.2222%)
[cartographer_node-1] [0.631959, 0.657850)	                  ##	Count: 4 (11.1111%)	Total: 12 (33.3333%)
[cartographer_node-1] [0.657850, 0.683741)	                 ###	Count: 6 (16.6667%)	Total: 18 (50%)
[cartographer_node-1] [0.683741, 0.709632)	                 ###	Count: 5 (13.8889%)	Total: 23 (63.8889%)
[cartographer_node-1] [0.709632, 0.735523)	                  ##	Count: 3 (8.33333%)	Total: 26 (72.2222%)
[cartographer_node-1] [0.735523, 0.761414)	                 ###	Count: 5 (13.8889%)	Total: 31 (86.1111%)
[cartographer_node-1] [0.761414, 0.787305)	                   #	Count: 2 (5.55556%)	Total: 33 (91.6667%)
[cartographer_node-1] [0.787305, 0.813196)	                   #	Count: 2 (5.55556%)	Total: 35 (97.2222%)
[cartographer_node-1] [0.813196, 0.839087]	                   #	Count: 1 (2.77778%)	Total: 36 (100%)
[cartographer_node-1] [INFO] [1778748384.614986050] [cartographer logger]: I0514 17:46:24.000000 82613 pose_graph_2d.cc:538] Remaining work items in queue: 0
[cartographer_node-1] [INFO] [1778748384.615007721] [cartographer logger]: I0514 17:46:24.000000 82613 constraint_builder_2d.cc:294] 0 computations resulted in 0 additional constraints.
[cartographer_node-1] [INFO] [1778748384.615375858] [cartographer logger]: I0514 17:46:24.000000 82613 constraint_builder_2d.cc:296] Score histogram:
[cartographer_node-1] Count: 36  Min: 0.580177  Max: 0.839087  Mean: 0.688965
[cartographer_node-1] [0.580177, 0.606068)	                 ###	Count: 6 (16.6667%)	Total: 6 (16.6667%)
[cartographer_node-1] [0.606068, 0.631959)	                   #	Count: 2 (5.55556%)	Total: 8 (22.2222%)
[cartographer_node-1] [0.631959, 0.657850)	                  ##	Count: 4 (11.1111%)	Total: 12 (33.3333%)
[cartographer_node-1] [0.657850, 0.683741)	                 ###	Count: 6 (16.6667%)	Total: 18 (50%)
[cartographer_node-1] [0.683741, 0.709632)	                 ###	Count: 5 (13.8889%)	Total: 23 (63.8889%)
[cartographer_node-1] [0.709632, 0.735523)	                  ##	Count: 3 (8.33333%)	Total: 26 (72.2222%)
[cartographer_node-1] [0.735523, 0.761414)	                 ###	Count: 5 (13.8889%)	Total: 31 (86.1111%)
[cartographer_node-1] [0.761414, 0.787305)	                   #	Count: 2 (5.55556%)	Total: 33 (91.6667%)
[cartographer_node-1] [0.787305, 0.813196)	                   #	Count: 2 (5.55556%)	Total: 35 (97.2222%)
[cartographer_node-1] [0.813196, 0.839087]	                   #	Count: 1 (2.77778%)	Total: 36 (100%)
[cartographer_node-1] [INFO] [1778748384.691801888] [cartographer logger]: I0514 17:46:24.000000 82613 pose_graph_2d.cc:538] Remaining work items in queue: 0
[cartographer_node-1] [INFO] [1778748384.691851856] [cartographer logger]: I0514 17:46:24.000000 82613 constraint_builder_2d.cc:294] 0 computations resulted in 0 additional constraints.
[cartographer_node-1] [INFO] [1778748384.691954109] [cartographer logger]: I0514 17:46:24.000000 82613 constraint_builder_2d.cc:296] Score histogram:
[cartographer_node-1] Count: 36  Min: 0.580177  Max: 0.839087  Mean: 0.688965
[cartographer_node-1] [0.580177, 0.606068)	                 ###	Count: 6 (16.6667%)	Total: 6 (16.6667%)
[cartographer_node-1] [0.606068, 0.631959)	                   #	Count: 2 (5.55556%)	Total: 8 (22.2222%)
[cartographer_node-1] [0.631959, 0.657850)	                  ##	Count: 4 (11.1111%)	Total: 12 (33.3333%)
[cartographer_node-1] [0.657850, 0.683741)	                 ###	Count: 6 (16.6667%)	Total: 18 (50%)
[cartographer_node-1] [0.683741, 0.709632)	                 ###	Count: 5 (13.8889%)	Total: 23 (63.8889%)
[cartographer_node-1] [0.709632, 0.735523)	                  ##	Count: 3 (8.33333%)	Total: 26 (72.2222%)
[cartographer_node-1] [0.735523, 0.761414)	                 ###	Count: 5 (13.8889%)	Total: 31 (86.1111%)
[cartographer_node-1] [0.761414, 0.787305)	                   #	Count: 2 (5.55556%)	Total: 33 (91.6667%)
[cartographer_node-1] [0.787305, 0.813196)	                   #	Count: 2 (5.55556%)	Total: 35 (97.2222%)
[cartographer_node-1] [0.813196, 0.839087]	                   #	Count: 1 (2.77778%)	Total: 36 (100%)
[cartographer_node-1] [INFO] [1778748384.768605112] [cartographer logger]: I0514 17:46:24.000000 82613 pose_graph_2d.cc:538] Remaining work items in queue: 0
[cartographer_node-1] [INFO] [1778748384.768627201] [cartographer logger]: I0514 17:46:24.000000 82613 constraint_builder_2d.cc:294] 0 computations resulted in 0 additional constraints.
[cartographer_node-1] [INFO] [1778748384.768705133] [cartographer logger]: I0514 17:46:24.000000 82613 constraint_builder_2d.cc:296] Score histogram:
[cartographer_node-1] Count: 36  Min: 0.580177  Max: 0.839087  Mean: 0.688965
[cartographer_node-1] [0.580177, 0.606068)	                 ###	Count: 6 (16.6667%)	Total: 6 (16.6667%)
[cartographer_node-1] [0.606068, 0.631959)	                   #	Count: 2 (5.55556%)	Total: 8 (22.2222%)
[cartographer_node-1] [0.631959, 0.657850)	                  ##	Count: 4 (11.1111%)	Total: 12 (33.3333%)
[cartographer_node-1] [0.657850, 0.683741)	                 ###	Count: 6 (16.6667%)	Total: 18 (50%)
[cartographer_node-1] [0.683741, 0.709632)	                 ###	Count: 5 (13.8889%)	Total: 23 (63.8889%)
[cartographer_node-1] [0.709632, 0.735523)	                  ##	Count: 3 (8.33333%)	Total: 26 (72.2222%)
[cartographer_node-1] [0.735523, 0.761414)	                 ###	Count: 5 (13.8889%)	Total: 31 (86.1111%)
[cartographer_node-1] [0.761414, 0.787305)	                   #	Count: 2 (5.55556%)	Total: 33 (91.6667%)
[cartographer_node-1] [0.787305, 0.813196)	                   #	Count: 2 (5.55556%)	Total: 35 (97.2222%)
[cartographer_node-1] [0.813196, 0.839087]	                   #	Count: 1 (2.77778%)	Total: 36 (100%)
[cartographer_node-1] [INFO] [1778748384.853160736] [cartographer logger]: I0514 17:46:24.000000 82615 pose_graph_2d.cc:538] Remaining work items in queue: 2
[cartographer_node-1] [INFO] [1778748384.893446148] [cartographer logger]: I0514 17:46:24.000000 82613 constraint_builder_2d.cc:294] 1 computations resulted in 0 additional constraints.
[cartographer_node-1] [INFO] [1778748384.893531478] [cartographer logger]: I0514 17:46:24.000000 82613 constraint_builder_2d.cc:296] Score histogram:
[cartographer_node-1] Count: 36  Min: 0.580177  Max: 0.839087  Mean: 0.688965
[cartographer_node-1] [0.580177, 0.606068)	                 ###	Count: 6 (16.6667%)	Total: 6 (16.6667%)
[cartographer_node-1] [0.606068, 0.631959)	                   #	Count: 2 (5.55556%)	Total: 8 (22.2222%)
[cartographer_node-1] [0.631959, 0.657850)	                  ##	Count: 4 (11.1111%)	Total: 12 (33.3333%)
[cartographer_node-1] [0.657850, 0.683741)	                 ###	Count: 6 (16.6667%)	Total: 18 (50%)
[cartographer_node-1] [0.683741, 0.709632)	                 ###	Count: 5 (13.8889%)	Total: 23 (63.8889%)
[cartographer_node-1] [0.709632, 0.735523)	                  ##	Count: 3 (8.33333%)	Total: 26 (72.2222%)
[cartographer_node-1] [0.735523, 0.761414)	                 ###	Count: 5 (13.8889%)	Total: 31 (86.1111%)
[cartographer_node-1] [0.761414, 0.787305)	                   #	Count: 2 (5.55556%)	Total: 33 (91.6667%)
[cartographer_node-1] [0.787305, 0.813196)	                   #	Count: 2 (5.55556%)	Total: 35 (97.2222%)
[cartographer_node-1] [0.813196, 0.839087]	                   #	Count: 1 (2.77778%)	Total: 36 (100%)
[cartographer_node-1] [INFO] [1778748384.924071511] [cartographer logger]: I0514 17:46:24.000000 82614 pose_graph_2d.cc:538] Remaining work items in queue: 1
[cartographer_node-1] [INFO] [1778748384.924092821] [cartographer logger]: I0514 17:46:24.000000 82614 constraint_builder_2d.cc:294] 0 computations resulted in 0 additional constraints.
[cartographer_node-1] [INFO] [1778748384.924110371] [cartographer logger]: I0514 17:46:24.000000 82614 constraint_builder_2d.cc:296] Score histogram:
[cartographer_node-1] Count: 36  Min: 0.580177  Max: 0.839087  Mean: 0.688965
[cartographer_node-1] [0.580177, 0.606068)	                 ###	Count: 6 (16.6667%)	Total: 6 (16.6667%)
[cartographer_node-1] [0.606068, 0.631959)	                   #	Count: 2 (5.55556%)	Total: 8 (22.2222%)
[cartographer_node-1] [0.631959, 0.657850)	                  ##	Count: 4 (11.1111%)	Total: 12 (33.3333%)
[cartographer_node-1] [0.657850, 0.683741)	                 ###	Count: 6 (16.6667%)	Total: 18 (50%)
[cartographer_node-1] [0.683741, 0.709632)	                 ###	Count: 5 (13.8889%)	Total: 23 (63.8889%)
[cartographer_node-1] [0.709632, 0.735523)	                  ##	Count: 3 (8.33333%)	Total: 26 (72.2222%)
[cartographer_node-1] [0.735523, 0.761414)	                 ###	Count: 5 (13.8889%)	Total: 31 (86.1111%)
[cartographer_node-1] [0.761414, 0.787305)	                   #	Count: 2 (5.55556%)	Total: 33 (91.6667%)
[cartographer_node-1] [0.787305, 0.813196)	                   #	Count: 2 (5.55556%)	Total: 35 (97.2222%)
[cartographer_node-1] [0.813196, 0.839087]	                   #	Count: 1 (2.77778%)	Total: 36 (100%)
[cartographer_node-1] [INFO] [1778748384.987314878] [cartographer logger]: I0514 17:46:24.000000 82613 pose_graph_2d.cc:538] Remaining work items in queue: 1
[cartographer_node-1] [INFO] [1778748384.987388571] [cartographer logger]: I0514 17:46:24.000000 82613 constraint_builder_2d.cc:294] 0 computations resulted in 0 additional constraints.
[cartographer_node-1] [INFO] [1778748384.987567094] [cartographer logger]: I0514 17:46:24.000000 82613 constraint_builder_2d.cc:296] Score histogram:
[cartographer_node-1] Count: 36  Min: 0.580177  Max: 0.839087  Mean: 0.688965
[cartographer_node-1] [0.580177, 0.606068)	                 ###	Count: 6 (16.6667%)	Total: 6 (16.6667%)
[cartographer_node-1] [0.606068, 0.631959)	                   #	Count: 2 (5.55556%)	Total: 8 (22.2222%)
[cartographer_node-1] [0.631959, 0.657850)	                  ##	Count: 4 (11.1111%)	Total: 12 (33.3333%)
[cartographer_node-1] [0.657850, 0.683741)	                 ###	Count: 6 (16.6667%)	Total: 18 (50%)
[cartographer_node-1] [0.683741, 0.709632)	                 ###	Count: 5 (13.8889%)	Total: 23 (63.8889%)
[cartographer_node-1] [0.709632, 0.735523)	                  ##	Count: 3 (8.33333%)	Total: 26 (72.2222%)
[cartographer_node-1] [0.735523, 0.761414)	                 ###	Count: 5 (13.8889%)	Total: 31 (86.1111%)
[cartographer_node-1] [0.761414, 0.787305)	                   #	Count: 2 (5.55556%)	Total: 33 (91.6667%)
[cartographer_node-1] [0.787305, 0.813196)	                   #	Count: 2 (5.55556%)	Total: 35 (97.2222%)
[cartographer_node-1] [0.813196, 0.839087]	                   #	Count: 1 (2.77778%)	Total: 36 (100%)
[cartographer_node-1] [INFO] [1778748385.074034621] [cartographer logger]: I0514 17:46:25.000000 82614 pose_graph_2d.cc:538] Remaining work items in queue: 0
[cartographer_node-1] [INFO] [1778748385.074056228] [cartographer logger]: I0514 17:46:25.000000 82614 constraint_builder_2d.cc:294] 0 computations resulted in 0 additional constraints.
[cartographer_node-1] [INFO] [1778748385.074170545] [cartographer logger]: I0514 17:46:25.000000 82614 constraint_builder_2d.cc:296] Score histogram:
[cartographer_node-1] Count: 36  Min: 0.580177  Max: 0.839087  Mean: 0.688965
[cartographer_node-1] [0.580177, 0.606068)	                 ###	Count: 6 (16.6667%)	Total: 6 (16.6667%)
[cartographer_node-1] [0.606068, 0.631959)	                   #	Count: 2 (5.55556%)	Total: 8 (22.2222%)
[cartographer_node-1] [0.631959, 0.657850)	                  ##	Count: 4 (11.1111%)	Total: 12 (33.3333%)
[cartographer_node-1] [0.657850, 0.683741)	                 ###	Count: 6 (16.6667%)	Total: 18 (50%)
[cartographer_node-1] [0.683741, 0.709632)	                 ###	Count: 5 (13.8889%)	Total: 23 (63.8889%)
[cartographer_node-1] [0.709632, 0.735523)	                  ##	Count: 3 (8.33333%)	Total: 26 (72.2222%)
[cartographer_node-1] [0.735523, 0.761414)	                 ###	Count: 5 (13.8889%)	Total: 31 (86.1111%)
[cartographer_node-1] [0.761414, 0.787305)	                   #	Count: 2 (5.55556%)	Total: 33 (91.6667%)
[cartographer_node-1] [0.787305, 0.813196)	                   #	Count: 2 (5.55556%)	Total: 35 (97.2222%)
[cartographer_node-1] [0.813196, 0.839087]	                   #	Count: 1 (2.77778%)	Total: 36 (100%)
[cartographer_node-1] [INFO] [1778748385.168684080] [cartographer logger]: I0514 17:46:25.000000 82616 pose_graph_2d.cc:538] Remaining work items in queue: 0
[cartographer_node-1] [INFO] [1778748385.168737753] [cartographer logger]: I0514 17:46:25.000000 82616 constraint_builder_2d.cc:294] 0 computations resulted in 0 additional constraints.
[cartographer_node-1] [INFO] [1778748385.169058840] [cartographer logger]: I0514 17:46:25.000000 82616 constraint_builder_2d.cc:296] Score histogram:
[cartographer_node-1] Count: 36  Min: 0.580177  Max: 0.839087  Mean: 0.688965
[cartographer_node-1] [0.580177, 0.606068)	                 ###	Count: 6 (16.6667%)	Total: 6 (16.6667%)
[cartographer_node-1] [0.606068, 0.631959)	                   #	Count: 2 (5.55556%)	Total: 8 (22.2222%)
[cartographer_node-1] [0.631959, 0.657850)	                  ##	Count: 4 (11.1111%)	Total: 12 (33.3333%)
[cartographer_node-1] [0.657850, 0.683741)	                 ###	Count: 6 (16.6667%)	Total: 18 (50%)
[cartographer_node-1] [0.683741, 0.709632)	                 ###	Count: 5 (13.8889%)	Total: 23 (63.8889%)
[cartographer_node-1] [0.709632, 0.735523)	                  ##	Count: 3 (8.33333%)	Total: 26 (72.2222%)
[cartographer_node-1] [0.735523, 0.761414)	                 ###	Count: 5 (13.8889%)	Total: 31 (86.1111%)
[cartographer_node-1] [0.761414, 0.787305)	                   #	Count: 2 (5.55556%)	Total: 33 (91.6667%)
[cartographer_node-1] [0.787305, 0.813196)	                   #	Count: 2 (5.55556%)	Total: 35 (97.2222%)
[cartographer_node-1] [0.813196, 0.839087]	                   #	Count: 1 (2.77778%)	Total: 36 (100%)
[cartographer_node-1] [INFO] [1778748385.232596978] [cartographer logger]: I0514 17:46:25.000000 82614 constraint_builder_2d.cc:279] Node (1, 628) with 200 points on submap (0, 8) matches with score 63.6%.
[cartographer_node-1] [INFO] [1778748385.266792870] [cartographer logger]: I0514 17:46:25.000000 82614 pose_graph_2d.cc:538] Remaining work items in queue: 1
[cartographer_node-1] [INFO] [1778748385.287439472] [cartographer logger]: I0514 17:46:25.000000 82574 pose_graph_2d.cc:148] Inserted submap (1, 7).
[cartographer_node-1] [INFO] [1778748385.308000244] [cartographer logger]: I0514 17:46:25.000000 82616 constraint_builder_2d.cc:279] Node (0, 290) with 203 points on submap (1, 5) matches with score 65.1%.
[cartographer_node-1] [INFO] [1778748385.347377934] [cartographer logger]: I0514 17:46:25.000000 82616 constraint_builder_2d.cc:279] Node (0, 1090) with 184 points on submap (1, 5) matches with score 59.0%.
[cartographer_node-1] [INFO] [1778748385.351351391] [cartographer logger]: I0514 17:46:25.000000 82614 constraint_builder_2d.cc:279] Node (0, 890) with 201 points on submap (1, 5) matches with score 69.2%.
[cartographer_node-1] [INFO] [1778748385.357106528] [cartographer logger]: I0514 17:46:25.000000 82613 constraint_builder_2d.cc:279] Node (0, 490) with 215 points on submap (1, 5) matches with score 59.6%.
[cartographer_node-1] [INFO] [1778748385.385860489] [cartographer logger]: I0514 17:46:25.000000 82615 constraint_builder_2d.cc:294] 9 computations resulted in 5 additional constraints.
[cartographer_node-1] [INFO] [1778748385.385925554] [cartographer logger]: I0514 17:46:25.000000 82615 constraint_builder_2d.cc:296] Score histogram:
[cartographer_node-1] Count: 41  Min: 0.580177  Max: 0.839087  Mean: 0.682155
[cartographer_node-1] [0.580177, 0.606068)	                ####	Count: 8 (19.5122%)	Total: 8 (19.5122%)
[cartographer_node-1] [0.606068, 0.631959)	                   #	Count: 2 (4.87805%)	Total: 10 (24.3902%)
[cartographer_node-1] [0.631959, 0.657850)	                 ###	Count: 6 (14.6341%)	Total: 16 (39.0244%)
[cartographer_node-1] [0.657850, 0.683741)	                 ###	Count: 6 (14.6341%)	Total: 22 (53.6585%)
[cartographer_node-1] [0.683741, 0.709632)	                 ###	Count: 6 (14.6341%)	Total: 28 (68.2927%)
[cartographer_node-1] [0.709632, 0.735523)	                   #	Count: 3 (7.31707%)	Total: 31 (75.6098%)
[cartographer_node-1] [0.735523, 0.761414)	                  ##	Count: 5 (12.1951%)	Total: 36 (87.8049%)
[cartographer_node-1] [0.761414, 0.787305)	                   #	Count: 2 (4.87805%)	Total: 38 (92.6829%)
[cartographer_node-1] [0.787305, 0.813196)	                   #	Count: 2 (4.87805%)	Total: 40 (97.561%)
[cartographer_node-1] [0.813196, 0.839087]	                    	Count: 1 (2.43902%)	Total: 41 (100%)
[cartographer_node-1] [INFO] [1778748385.425901816] [cartographer logger]: I0514 17:46:25.000000 82615 pose_graph_2d.cc:538] Remaining work items in queue: 3
[cartographer_node-1] [INFO] [1778748385.425935007] [cartographer logger]: I0514 17:46:25.000000 82615 constraint_builder_2d.cc:294] 0 computations resulted in 0 additional constraints.
[cartographer_node-1] [INFO] [1778748385.426022639] [cartographer logger]: I0514 17:46:25.000000 82615 constraint_builder_2d.cc:296] Score histogram:
[cartographer_node-1] Count: 41  Min: 0.580177  Max: 0.839087  Mean: 0.682155
[cartographer_node-1] [0.580177, 0.606068)	                ####	Count: 8 (19.5122%)	Total: 8 (19.5122%)
[cartographer_node-1] [0.606068, 0.631959)	                   #	Count: 2 (4.87805%)	Total: 10 (24.3902%)
[cartographer_node-1] [0.631959, 0.657850)	                 ###	Count: 6 (14.6341%)	Total: 16 (39.0244%)
[cartographer_node-1] [0.657850, 0.683741)	                 ###	Count: 6 (14.6341%)	Total: 22 (53.6585%)
[cartographer_node-1] [0.683741, 0.709632)	                 ###	Count: 6 (14.6341%)	Total: 28 (68.2927%)
[cartographer_node-1] [0.709632, 0.735523)	                   #	Count: 3 (7.31707%)	Total: 31 (75.6098%)
[cartographer_node-1] [0.735523, 0.761414)	                  ##	Count: 5 (12.1951%)	Total: 36 (87.8049%)
[cartographer_node-1] [0.761414, 0.787305)	                   #	Count: 2 (4.87805%)	Total: 38 (92.6829%)
[cartographer_node-1] [0.787305, 0.813196)	                   #	Count: 2 (4.87805%)	Total: 40 (97.561%)
[cartographer_node-1] [0.813196, 0.839087]	                    	Count: 1 (2.43902%)	Total: 41 (100%)
[cartographer_node-1] [INFO] [1778748385.473172953] [cartographer logger]: I0514 17:46:25.000000 82613 pose_graph_2d.cc:538] Remaining work items in queue: 0
[cartographer_node-1] [INFO] [1778748385.473233750] [cartographer logger]: I0514 17:46:25.000000 82613 constraint_builder_2d.cc:294] 0 computations resulted in 0 additional constraints.
[cartographer_node-1] [INFO] [1778748385.473274753] [cartographer logger]: I0514 17:46:25.000000 82613 constraint_builder_2d.cc:296] Score histogram:
[cartographer_node-1] Count: 41  Min: 0.580177  Max: 0.839087  Mean: 0.682155
[cartographer_node-1] [0.580177, 0.606068)	                ####	Count: 8 (19.5122%)	Total: 8 (19.5122%)
[cartographer_node-1] [0.606068, 0.631959)	                   #	Count: 2 (4.87805%)	Total: 10 (24.3902%)
[cartographer_node-1] [0.631959, 0.657850)	                 ###	Count: 6 (14.6341%)	Total: 16 (39.0244%)
[cartographer_node-1] [0.657850, 0.683741)	                 ###	Count: 6 (14.6341%)	Total: 22 (53.6585%)
[cartographer_node-1] [0.683741, 0.709632)	                 ###	Count: 6 (14.6341%)	Total: 28 (68.2927%)
[cartographer_node-1] [0.709632, 0.735523)	                   #	Count: 3 (7.31707%)	Total: 31 (75.6098%)
[cartographer_node-1] [0.735523, 0.761414)	                  ##	Count: 5 (12.1951%)	Total: 36 (87.8049%)
[cartographer_node-1] [0.761414, 0.787305)	                   #	Count: 2 (4.87805%)	Total: 38 (92.6829%)
[cartographer_node-1] [0.787305, 0.813196)	                   #	Count: 2 (4.87805%)	Total: 40 (97.561%)
[cartographer_node-1] [0.813196, 0.839087]	                    	Count: 1 (2.43902%)	Total: 41 (100%)
[cartographer_node-1] [INFO] [1778748385.558027833] [cartographer logger]: I0514 17:46:25.000000 82615 pose_graph_2d.cc:538] Remaining work items in queue: 1
[cartographer_node-1] [INFO] [1778748385.558074659] [cartographer logger]: I0514 17:46:25.000000 82615 constraint_builder_2d.cc:294] 0 computations resulted in 0 additional constraints.
[cartographer_node-1] [INFO] [1778748385.558256223] [cartographer logger]: I0514 17:46:25.000000 82615 constraint_builder_2d.cc:296] Score histogram:
[cartographer_node-1] Count: 41  Min: 0.580177  Max: 0.839087  Mean: 0.682155
[cartographer_node-1] [0.580177, 0.606068)	                ####	Count: 8 (19.5122%)	Total: 8 (19.5122%)
[cartographer_node-1] [0.606068, 0.631959)	                   #	Count: 2 (4.87805%)	Total: 10 (24.3902%)
[cartographer_node-1] [0.631959, 0.657850)	                 ###	Count: 6 (14.6341%)	Total: 16 (39.0244%)
[cartographer_node-1] [0.657850, 0.683741)	                 ###	Count: 6 (14.6341%)	Total: 22 (53.6585%)
[cartographer_node-1] [0.683741, 0.709632)	                 ###	Count: 6 (14.6341%)	Total: 28 (68.2927%)
[cartographer_node-1] [0.709632, 0.735523)	                   #	Count: 3 (7.31707%)	Total: 31 (75.6098%)
[cartographer_node-1] [0.735523, 0.761414)	                  ##	Count: 5 (12.1951%)	Total: 36 (87.8049%)
[cartographer_node-1] [0.761414, 0.787305)	                   #	Count: 2 (4.87805%)	Total: 38 (92.6829%)
[cartographer_node-1] [0.787305, 0.813196)	                   #	Count: 2 (4.87805%)	Total: 40 (97.561%)
[cartographer_node-1] [0.813196, 0.839087]	                    	Count: 1 (2.43902%)	Total: 41 (100%)
[cartographer_node-1] [INFO] [1778748385.618419615] [cartographer logger]: I0514 17:46:25.000000 82614 pose_graph_2d.cc:538] Remaining work items in queue: 0
[cartographer_node-1] [INFO] [1778748385.618442400] [cartographer logger]: I0514 17:46:25.000000 82614 constraint_builder_2d.cc:294] 0 computations resulted in 0 additional constraints.
[cartographer_node-1] [INFO] [1778748385.618488232] [cartographer logger]: I0514 17:46:25.000000 82614 constraint_builder_2d.cc:296] Score histogram:
[cartographer_node-1] Count: 41  Min: 0.580177  Max: 0.839087  Mean: 0.682155
[cartographer_node-1] [0.580177, 0.606068)	                ####	Count: 8 (19.5122%)	Total: 8 (19.5122%)
[cartographer_node-1] [0.606068, 0.631959)	                   #	Count: 2 (4.87805%)	Total: 10 (24.3902%)
[cartographer_node-1] [0.631959, 0.657850)	                 ###	Count: 6 (14.6341%)	Total: 16 (39.0244%)
[cartographer_node-1] [0.657850, 0.683741)	                 ###	Count: 6 (14.6341%)	Total: 22 (53.6585%)
[cartographer_node-1] [0.683741, 0.709632)	                 ###	Count: 6 (14.6341%)	Total: 28 (68.2927%)
[cartographer_node-1] [0.709632, 0.735523)	                   #	Count: 3 (7.31707%)	Total: 31 (75.6098%)
[cartographer_node-1] [0.735523, 0.761414)	                  ##	Count: 5 (12.1951%)	Total: 36 (87.8049%)
[cartographer_node-1] [0.761414, 0.787305)	                   #	Count: 2 (4.87805%)	Total: 38 (92.6829%)
[cartographer_node-1] [0.787305, 0.813196)	                   #	Count: 2 (4.87805%)	Total: 40 (97.561%)
[cartographer_node-1] [0.813196, 0.839087]	                    	Count: 1 (2.43902%)	Total: 41 (100%)
[cartographer_node-1] [INFO] [1778748385.687888292] [cartographer logger]: I0514 17:46:25.000000 82615 pose_graph_2d.cc:538] Remaining work items in queue: 1
[cartographer_node-1] [INFO] [1778748385.687960018] [cartographer logger]: I0514 17:46:25.000000 82615 constraint_builder_2d.cc:294] 1 computations resulted in 0 additional constraints.
[cartographer_node-1] [INFO] [1778748385.688373282] [cartographer logger]: I0514 17:46:25.000000 82615 constraint_builder_2d.cc:296] Score histogram:
[cartographer_node-1] Count: 41  Min: 0.580177  Max: 0.839087  Mean: 0.682155
[cartographer_node-1] [0.580177, 0.606068)	                ####	Count: 8 (19.5122%)	Total: 8 (19.5122%)
[cartographer_node-1] [0.606068, 0.631959)	                   #	Count: 2 (4.87805%)	Total: 10 (24.3902%)
[cartographer_node-1] [0.631959, 0.657850)	                 ###	Count: 6 (14.6341%)	Total: 16 (39.0244%)
[cartographer_node-1] [0.657850, 0.683741)	                 ###	Count: 6 (14.6341%)	Total: 22 (53.6585%)
[cartographer_node-1] [0.683741, 0.709632)	                 ###	Count: 6 (14.6341%)	Total: 28 (68.2927%)
[cartographer_node-1] [0.709632, 0.735523)	                   #	Count: 3 (7.31707%)	Total: 31 (75.6098%)
[cartographer_node-1] [0.735523, 0.761414)	                  ##	Count: 5 (12.1951%)	Total: 36 (87.8049%)
[cartographer_node-1] [0.761414, 0.787305)	                   #	Count: 2 (4.87805%)	Total: 38 (92.6829%)
[cartographer_node-1] [0.787305, 0.813196)	                   #	Count: 2 (4.87805%)	Total: 40 (97.561%)
[cartographer_node-1] [0.813196, 0.839087]	                    	Count: 1 (2.43902%)	Total: 41 (100%)
[cartographer_node-1] [INFO] [1778748385.774218403] [cartographer logger]: I0514 17:46:25.000000 82613 pose_graph_2d.cc:538] Remaining work items in queue: 1
[cartographer_node-1] [INFO] [1778748385.774267877] [cartographer logger]: I0514 17:46:25.000000 82613 constraint_builder_2d.cc:294] 0 computations resulted in 0 additional constraints.
[cartographer_node-1] [INFO] [1778748385.774285411] [cartographer logger]: I0514 17:46:25.000000 82613 constraint_builder_2d.cc:296] Score histogram:
[cartographer_node-1] Count: 41  Min: 0.580177  Max: 0.839087  Mean: 0.682155
[cartographer_node-1] [0.580177, 0.606068)	                ####	Count: 8 (19.5122%)	Total: 8 (19.5122%)
[cartographer_node-1] [0.606068, 0.631959)	                   #	Count: 2 (4.87805%)	Total: 10 (24.3902%)
[cartographer_node-1] [0.631959, 0.657850)	                 ###	Count: 6 (14.6341%)	Total: 16 (39.0244%)
[cartographer_node-1] [0.657850, 0.683741)	                 ###	Count: 6 (14.6341%)	Total: 22 (53.6585%)
[cartographer_node-1] [0.683741, 0.709632)	                 ###	Count: 6 (14.6341%)	Total: 28 (68.2927%)
[cartographer_node-1] [0.709632, 0.735523)	                   #	Count: 3 (7.31707%)	Total: 31 (75.6098%)
[cartographer_node-1] [0.735523, 0.761414)	                  ##	Count: 5 (12.1951%)	Total: 36 (87.8049%)
[cartographer_node-1] [0.761414, 0.787305)	                   #	Count: 2 (4.87805%)	Total: 38 (92.6829%)
[cartographer_node-1] [0.787305, 0.813196)	                   #	Count: 2 (4.87805%)	Total: 40 (97.561%)
[cartographer_node-1] [0.813196, 0.839087]	                    	Count: 1 (2.43902%)	Total: 41 (100%)
[cartographer_node-1] [INFO] [1778748385.871648332] [cartographer logger]: I0514 17:46:25.000000 82616 pose_graph_2d.cc:538] Remaining work items in queue: 0
[cartographer_node-1] [INFO] [1778748385.871673740] [cartographer logger]: I0514 17:46:25.000000 82616 constraint_builder_2d.cc:294] 0 computations resulted in 0 additional constraints.
[cartographer_node-1] [INFO] [1778748385.871696928] [cartographer logger]: I0514 17:46:25.000000 82616 constraint_builder_2d.cc:296] Score histogram:
[cartographer_node-1] Count: 41  Min: 0.580177  Max: 0.839087  Mean: 0.682155
[cartographer_node-1] [0.580177, 0.606068)	                ####	Count: 8 (19.5122%)	Total: 8 (19.5122%)
[cartographer_node-1] [0.606068, 0.631959)	                   #	Count: 2 (4.87805%)	Total: 10 (24.3902%)
[cartographer_node-1] [0.631959, 0.657850)	                 ###	Count: 6 (14.6341%)	Total: 16 (39.0244%)
[cartographer_node-1] [0.657850, 0.683741)	                 ###	Count: 6 (14.6341%)	Total: 22 (53.6585%)
[cartographer_node-1] [0.683741, 0.709632)	                 ###	Count: 6 (14.6341%)	Total: 28 (68.2927%)
[cartographer_node-1] [0.709632, 0.735523)	                   #	Count: 3 (7.31707%)	Total: 31 (75.6098%)
[cartographer_node-1] [0.735523, 0.761414)	                  ##	Count: 5 (12.1951%)	Total: 36 (87.8049%)
[cartographer_node-1] [0.761414, 0.787305)	                   #	Count: 2 (4.87805%)	Total: 38 (92.6829%)
[cartographer_node-1] [0.787305, 0.813196)	                   #	Count: 2 (4.87805%)	Total: 40 (97.561%)
[cartographer_node-1] [0.813196, 0.839087]	                    	Count: 1 (2.43902%)	Total: 41 (100%)
[cartographer_node-1] [INFO] [1778748385.917450429] [cartographer logger]: I0514 17:46:25.000000 82615 pose_graph_2d.cc:538] Remaining work items in queue: 0
[cartographer_node-1] [INFO] [1778748385.917479640] [cartographer logger]: I0514 17:46:25.000000 82615 constraint_builder_2d.cc:294] 0 computations resulted in 0 additional constraints.
[cartographer_node-1] [INFO] [1778748385.917787034] [cartographer logger]: I0514 17:46:25.000000 82615 constraint_builder_2d.cc:296] Score histogram:
[cartographer_node-1] Count: 41  Min: 0.580177  Max: 0.839087  Mean: 0.682155
[cartographer_node-1] [0.580177, 0.606068)	                ####	Count: 8 (19.5122%)	Total: 8 (19.5122%)
[cartographer_node-1] [0.606068, 0.631959)	                   #	Count: 2 (4.87805%)	Total: 10 (24.3902%)
[cartographer_node-1] [0.631959, 0.657850)	                 ###	Count: 6 (14.6341%)	Total: 16 (39.0244%)
[cartographer_node-1] [0.657850, 0.683741)	                 ###	Count: 6 (14.6341%)	Total: 22 (53.6585%)
[cartographer_node-1] [0.683741, 0.709632)	                 ###	Count: 6 (14.6341%)	Total: 28 (68.2927%)
[cartographer_node-1] [0.709632, 0.735523)	                   #	Count: 3 (7.31707%)	Total: 31 (75.6098%)
[cartographer_node-1] [0.735523, 0.761414)	                  ##	Count: 5 (12.1951%)	Total: 36 (87.8049%)
[cartographer_node-1] [0.761414, 0.787305)	                   #	Count: 2 (4.87805%)	Total: 38 (92.6829%)
[cartographer_node-1] [0.787305, 0.813196)	                   #	Count: 2 (4.87805%)	Total: 40 (97.561%)
[cartographer_node-1] [0.813196, 0.839087]	                    	Count: 1 (2.43902%)	Total: 41 (100%)
[cartographer_node-1] [INFO] [1778748385.994486452] [cartographer logger]: I0514 17:46:25.000000 82616 pose_graph_2d.cc:538] Remaining work items in queue: 0
[cartographer_node-1] [INFO] [1778748385.994548742] [cartographer logger]: I0514 17:46:25.000000 82616 constraint_builder_2d.cc:294] 0 computations resulted in 0 additional constraints.
[cartographer_node-1] [INFO] [1778748385.994624300] [cartographer logger]: I0514 17:46:25.000000 82616 constraint_builder_2d.cc:296] Score histogram:
[cartographer_node-1] Count: 41  Min: 0.580177  Max: 0.839087  Mean: 0.682155
[cartographer_node-1] [0.580177, 0.606068)	                ####	Count: 8 (19.5122%)	Total: 8 (19.5122%)
[cartographer_node-1] [0.606068, 0.631959)	                   #	Count: 2 (4.87805%)	Total: 10 (24.3902%)
[cartographer_node-1] [0.631959, 0.657850)	                 ###	Count: 6 (14.6341%)	Total: 16 (39.0244%)
[cartographer_node-1] [0.657850, 0.683741)	                 ###	Count: 6 (14.6341%)	Total: 22 (53.6585%)
[cartographer_node-1] [0.683741, 0.709632)	                 ###	Count: 6 (14.6341%)	Total: 28 (68.2927%)
[cartographer_node-1] [0.709632, 0.735523)	                   #	Count: 3 (7.31707%)	Total: 31 (75.6098%)
[cartographer_node-1] [0.735523, 0.761414)	                  ##	Count: 5 (12.1951%)	Total: 36 (87.8049%)
[cartographer_node-1] [0.761414, 0.787305)	                   #	Count: 2 (4.87805%)	Total: 38 (92.6829%)
[cartographer_node-1] [0.787305, 0.813196)	                   #	Count: 2 (4.87805%)	Total: 40 (97.561%)
[cartographer_node-1] [0.813196, 0.839087]	                    	Count: 1 (2.43902%)	Total: 41 (100%)
[cartographer_node-1] [INFO] [1778748386.074685122] [cartographer logger]: I0514 17:46:26.000000 82613 pose_graph_2d.cc:538] Remaining work items in queue: 1
[cartographer_node-1] [INFO] [1778748386.074708560] [cartographer logger]: I0514 17:46:26.000000 82613 constraint_builder_2d.cc:294] 1 computations resulted in 0 additional constraints.
[cartographer_node-1] [INFO] [1778748386.074726105] [cartographer logger]: I0514 17:46:26.000000 82613 constraint_builder_2d.cc:296] Score histogram:
[cartographer_node-1] Count: 41  Min: 0.580177  Max: 0.839087  Mean: 0.682155
[cartographer_node-1] [0.580177, 0.606068)	                ####	Count: 8 (19.5122%)	Total: 8 (19.5122%)
[cartographer_node-1] [0.606068, 0.631959)	                   #	Count: 2 (4.87805%)	Total: 10 (24.3902%)
[cartographer_node-1] [0.631959, 0.657850)	                 ###	Count: 6 (14.6341%)	Total: 16 (39.0244%)
[cartographer_node-1] [0.657850, 0.683741)	                 ###	Count: 6 (14.6341%)	Total: 22 (53.6585%)
[cartographer_node-1] [0.683741, 0.709632)	                 ###	Count: 6 (14.6341%)	Total: 28 (68.2927%)
[cartographer_node-1] [0.709632, 0.735523)	                   #	Count: 3 (7.31707%)	Total: 31 (75.6098%)
[cartographer_node-1] [0.735523, 0.761414)	                  ##	Count: 5 (12.1951%)	Total: 36 (87.8049%)
[cartographer_node-1] [0.761414, 0.787305)	                   #	Count: 2 (4.87805%)	Total: 38 (92.6829%)
[cartographer_node-1] [0.787305, 0.813196)	                   #	Count: 2 (4.87805%)	Total: 40 (97.561%)
[cartographer_node-1] [0.813196, 0.839087]	                    	Count: 1 (2.43902%)	Total: 41 (100%)
[cartographer_node-1] [INFO] [1778748386.169041158] [cartographer logger]: I0514 17:46:26.000000 82616 pose_graph_2d.cc:538] Remaining work items in queue: 0
[cartographer_node-1] [INFO] [1778748386.169111052] [cartographer logger]: I0514 17:46:26.000000 82616 constraint_builder_2d.cc:294] 0 computations resulted in 0 additional constraints.
[cartographer_node-1] [INFO] [1778748386.169212523] [cartographer logger]: I0514 17:46:26.000000 82616 constraint_builder_2d.cc:296] Score histogram:
[cartographer_node-1] Count: 41  Min: 0.580177  Max: 0.839087  Mean: 0.682155
[cartographer_node-1] [0.580177, 0.606068)	                ####	Count: 8 (19.5122%)	Total: 8 (19.5122%)
[cartographer_node-1] [0.606068, 0.631959)	                   #	Count: 2 (4.87805%)	Total: 10 (24.3902%)
[cartographer_node-1] [0.631959, 0.657850)	                 ###	Count: 6 (14.6341%)	Total: 16 (39.0244%)
[cartographer_node-1] [0.657850, 0.683741)	                 ###	Count: 6 (14.6341%)	Total: 22 (53.6585%)
[cartographer_node-1] [0.683741, 0.709632)	                 ###	Count: 6 (14.6341%)	Total: 28 (68.2927%)
[cartographer_node-1] [0.709632, 0.735523)	                   #	Count: 3 (7.31707%)	Total: 31 (75.6098%)
[cartographer_node-1] [0.735523, 0.761414)	                  ##	Count: 5 (12.1951%)	Total: 36 (87.8049%)
[cartographer_node-1] [0.761414, 0.787305)	                   #	Count: 2 (4.87805%)	Total: 38 (92.6829%)
[cartographer_node-1] [0.787305, 0.813196)	                   #	Count: 2 (4.87805%)	Total: 40 (97.561%)
[cartographer_node-1] [0.813196, 0.839087]	                    	Count: 1 (2.43902%)	Total: 41 (100%)
[cartographer_node-1] [INFO] [1778748386.217545906] [cartographer logger]: I0514 17:46:26.000000 82613 pose_graph_2d.cc:538] Remaining work items in queue: 0
[cartographer_node-1] [INFO] [1778748386.217570295] [cartographer logger]: I0514 17:46:26.000000 82613 constraint_builder_2d.cc:294] 0 computations resulted in 0 additional constraints.
[cartographer_node-1] [INFO] [1778748386.217969148] [cartographer logger]: I0514 17:46:26.000000 82613 constraint_builder_2d.cc:296] Score histogram:
[cartographer_node-1] Count: 41  Min: 0.580177  Max: 0.839087  Mean: 0.682155
[cartographer_node-1] [0.580177, 0.606068)	                ####	Count: 8 (19.5122%)	Total: 8 (19.5122%)
[cartographer_node-1] [0.606068, 0.631959)	                   #	Count: 2 (4.87805%)	Total: 10 (24.3902%)
[cartographer_node-1] [0.631959, 0.657850)	                 ###	Count: 6 (14.6341%)	Total: 16 (39.0244%)
[cartographer_node-1] [0.657850, 0.683741)	                 ###	Count: 6 (14.6341%)	Total: 22 (53.6585%)
[cartographer_node-1] [0.683741, 0.709632)	                 ###	Count: 6 (14.6341%)	Total: 28 (68.2927%)
[cartographer_node-1] [0.709632, 0.735523)	                   #	Count: 3 (7.31707%)	Total: 31 (75.6098%)
[cartographer_node-1] [0.735523, 0.761414)	                  ##	Count: 5 (12.1951%)	Total: 36 (87.8049%)
[cartographer_node-1] [0.761414, 0.787305)	                   #	Count: 2 (4.87805%)	Total: 38 (92.6829%)
[cartographer_node-1] [0.787305, 0.813196)	                   #	Count: 2 (4.87805%)	Total: 40 (97.561%)
[cartographer_node-1] [0.813196, 0.839087]	                    	Count: 1 (2.43902%)	Total: 41 (100%)
[cartographer_node-1] [INFO] [1778748386.294661800] [cartographer logger]: I0514 17:46:26.000000 82614 pose_graph_2d.cc:538] Remaining work items in queue: 1
[cartographer_node-1] [INFO] [1778748386.294700674] [cartographer logger]: I0514 17:46:26.000000 82614 constraint_builder_2d.cc:294] 0 computations resulted in 0 additional constraints.
[cartographer_node-1] [INFO] [1778748386.294717480] [cartographer logger]: I0514 17:46:26.000000 82614 constraint_builder_2d.cc:296] Score histogram:
[cartographer_node-1] Count: 41  Min: 0.580177  Max: 0.839087  Mean: 0.682155
[cartographer_node-1] [0.580177, 0.606068)	                ####	Count: 8 (19.5122%)	Total: 8 (19.5122%)
[cartographer_node-1] [0.606068, 0.631959)	                   #	Count: 2 (4.87805%)	Total: 10 (24.3902%)
[cartographer_node-1] [0.631959, 0.657850)	                 ###	Count: 6 (14.6341%)	Total: 16 (39.0244%)
[cartographer_node-1] [0.657850, 0.683741)	                 ###	Count: 6 (14.6341%)	Total: 22 (53.6585%)
[cartographer_node-1] [0.683741, 0.709632)	                 ###	Count: 6 (14.6341%)	Total: 28 (68.2927%)
[cartographer_node-1] [0.709632, 0.735523)	                   #	Count: 3 (7.31707%)	Total: 31 (75.6098%)
[cartographer_node-1] [0.735523, 0.761414)	                  ##	Count: 5 (12.1951%)	Total: 36 (87.8049%)
[cartographer_node-1] [0.761414, 0.787305)	                   #	Count: 2 (4.87805%)	Total: 38 (92.6829%)
[cartographer_node-1] [0.787305, 0.813196)	                   #	Count: 2 (4.87805%)	Total: 40 (97.561%)
[cartographer_node-1] [0.813196, 0.839087]	                    	Count: 1 (2.43902%)	Total: 41 (100%)
[cartographer_node-1] [INFO] [1778748386.388892890] [cartographer logger]: I0514 17:46:26.000000 82613 pose_graph_2d.cc:538] Remaining work items in queue: 1
[cartographer_node-1] [INFO] [1778748386.425649320] [cartographer logger]: I0514 17:46:26.000000 82615 constraint_builder_2d.cc:294] 1 computations resulted in 0 additional constraints.
[cartographer_node-1] [INFO] [1778748386.425695131] [cartographer logger]: I0514 17:46:26.000000 82615 constraint_builder_2d.cc:296] Score histogram:
[cartographer_node-1] Count: 41  Min: 0.580177  Max: 0.839087  Mean: 0.682155
[cartographer_node-1] [0.580177, 0.606068)	                ####	Count: 8 (19.5122%)	Total: 8 (19.5122%)
[cartographer_node-1] [0.606068, 0.631959)	                   #	Count: 2 (4.87805%)	Total: 10 (24.3902%)
[cartographer_node-1] [0.631959, 0.657850)	                 ###	Count: 6 (14.6341%)	Total: 16 (39.0244%)
[cartographer_node-1] [0.657850, 0.683741)	                 ###	Count: 6 (14.6341%)	Total: 22 (53.6585%)
[cartographer_node-1] [0.683741, 0.709632)	                 ###	Count: 6 (14.6341%)	Total: 28 (68.2927%)
[cartographer_node-1] [0.709632, 0.735523)	                   #	Count: 3 (7.31707%)	Total: 31 (75.6098%)
[cartographer_node-1] [0.735523, 0.761414)	                  ##	Count: 5 (12.1951%)	Total: 36 (87.8049%)
[cartographer_node-1] [0.761414, 0.787305)	                   #	Count: 2 (4.87805%)	Total: 38 (92.6829%)
[cartographer_node-1] [0.787305, 0.813196)	                   #	Count: 2 (4.87805%)	Total: 40 (97.561%)
[cartographer_node-1] [0.813196, 0.839087]	                    	Count: 1 (2.43902%)	Total: 41 (100%)
[cartographer_node-1] [INFO] [1778748386.495029872] [cartographer logger]: I0514 17:46:26.000000 82613 pose_graph_2d.cc:538] Remaining work items in queue: 0
[cartographer_node-1] [INFO] [1778748386.495071719] [cartographer logger]: I0514 17:46:26.000000 82613 constraint_builder_2d.cc:294] 0 computations resulted in 0 additional constraints.
[cartographer_node-1] [INFO] [1778748386.495333304] [cartographer logger]: I0514 17:46:26.000000 82613 constraint_builder_2d.cc:296] Score histogram:
[cartographer_node-1] Count: 41  Min: 0.580177  Max: 0.839087  Mean: 0.682155
[cartographer_node-1] [0.580177, 0.606068)	                ####	Count: 8 (19.5122%)	Total: 8 (19.5122%)
[cartographer_node-1] [0.606068, 0.631959)	                   #	Count: 2 (4.87805%)	Total: 10 (24.3902%)
[cartographer_node-1] [0.631959, 0.657850)	                 ###	Count: 6 (14.6341%)	Total: 16 (39.0244%)
[cartographer_node-1] [0.657850, 0.683741)	                 ###	Count: 6 (14.6341%)	Total: 22 (53.6585%)
[cartographer_node-1] [0.683741, 0.709632)	                 ###	Count: 6 (14.6341%)	Total: 28 (68.2927%)
[cartographer_node-1] [0.709632, 0.735523)	                   #	Count: 3 (7.31707%)	Total: 31 (75.6098%)
[cartographer_node-1] [0.735523, 0.761414)	                  ##	Count: 5 (12.1951%)	Total: 36 (87.8049%)
[cartographer_node-1] [0.761414, 0.787305)	                   #	Count: 2 (4.87805%)	Total: 38 (92.6829%)
[cartographer_node-1] [0.787305, 0.813196)	                   #	Count: 2 (4.87805%)	Total: 40 (97.561%)
[cartographer_node-1] [0.813196, 0.839087]	                    	Count: 1 (2.43902%)	Total: 41 (100%)
[cartographer_node-1] [INFO] [1778748386.567456986] [cartographer logger]: I0514 17:46:26.000000 82614 pose_graph_2d.cc:538] Remaining work items in queue: 0
[cartographer_node-1] [INFO] [1778748386.567482882] [cartographer logger]: I0514 17:46:26.000000 82614 constraint_builder_2d.cc:294] 0 computations resulted in 0 additional constraints.
[cartographer_node-1] [INFO] [1778748386.567609250] [cartographer logger]: I0514 17:46:26.000000 82614 constraint_builder_2d.cc:296] Score histogram:
[cartographer_node-1] Count: 41  Min: 0.580177  Max: 0.839087  Mean: 0.682155
[cartographer_node-1] [0.580177, 0.606068)	                ####	Count: 8 (19.5122%)	Total: 8 (19.5122%)
[cartographer_node-1] [0.606068, 0.631959)	                   #	Count: 2 (4.87805%)	Total: 10 (24.3902%)
[cartographer_node-1] [0.631959, 0.657850)	                 ###	Count: 6 (14.6341%)	Total: 16 (39.0244%)
[cartographer_node-1] [0.657850, 0.683741)	                 ###	Count: 6 (14.6341%)	Total: 22 (53.6585%)
[cartographer_node-1] [0.683741, 0.709632)	                 ###	Count: 6 (14.6341%)	Total: 28 (68.2927%)
[cartographer_node-1] [0.709632, 0.735523)	                   #	Count: 3 (7.31707%)	Total: 31 (75.6098%)
[cartographer_node-1] [0.735523, 0.761414)	                  ##	Count: 5 (12.1951%)	Total: 36 (87.8049%)
[cartographer_node-1] [0.761414, 0.787305)	                   #	Count: 2 (4.87805%)	Total: 38 (92.6829%)
[cartographer_node-1] [0.787305, 0.813196)	                   #	Count: 2 (4.87805%)	Total: 40 (97.561%)
[cartographer_node-1] [0.813196, 0.839087]	                    	Count: 1 (2.43902%)	Total: 41 (100%)
[cartographer_node-1] [INFO] [1778748386.671998631] [cartographer logger]: I0514 17:46:26.000000 82614 pose_graph_2d.cc:538] Remaining work items in queue: 1
[cartographer_node-1] [INFO] [1778748386.672023064] [cartographer logger]: I0514 17:46:26.000000 82614 constraint_builder_2d.cc:294] 0 computations resulted in 0 additional constraints.
[cartographer_node-1] [INFO] [1778748386.672317529] [cartographer logger]: I0514 17:46:26.000000 82614 constraint_builder_2d.cc:296] Score histogram:
[cartographer_node-1] Count: 41  Min: 0.580177  Max: 0.839087  Mean: 0.682155
[cartographer_node-1] [0.580177, 0.606068)	                ####	Count: 8 (19.5122%)	Total: 8 (19.5122%)
[cartographer_node-1] [0.606068, 0.631959)	                   #	Count: 2 (4.87805%)	Total: 10 (24.3902%)
[cartographer_node-1] [0.631959, 0.657850)	                 ###	Count: 6 (14.6341%)	Total: 16 (39.0244%)
[cartographer_node-1] [0.657850, 0.683741)	                 ###	Count: 6 (14.6341%)	Total: 22 (53.6585%)
[cartographer_node-1] [0.683741, 0.709632)	                 ###	Count: 6 (14.6341%)	Total: 28 (68.2927%)
[cartographer_node-1] [0.709632, 0.735523)	                   #	Count: 3 (7.31707%)	Total: 31 (75.6098%)
[cartographer_node-1] [0.735523, 0.761414)	                  ##	Count: 5 (12.1951%)	Total: 36 (87.8049%)
[cartographer_node-1] [0.761414, 0.787305)	                   #	Count: 2 (4.87805%)	Total: 38 (92.6829%)
[cartographer_node-1] [0.787305, 0.813196)	                   #	Count: 2 (4.87805%)	Total: 40 (97.561%)
[cartographer_node-1] [0.813196, 0.839087]	                    	Count: 1 (2.43902%)	Total: 41 (100%)
[cartographer_node-1] [INFO] [1778748386.722554621] [cartographer logger]: I0514 17:46:26.000000 82614 pose_graph_2d.cc:538] Remaining work items in queue: 1
[cartographer_node-1] [INFO] [1778748386.722592660] [cartographer logger]: I0514 17:46:26.000000 82614 constraint_builder_2d.cc:294] 0 computations resulted in 0 additional constraints.
[cartographer_node-1] [INFO] [1778748386.722759954] [cartographer logger]: I0514 17:46:26.000000 82614 constraint_builder_2d.cc:296] Score histogram:
[cartographer_node-1] Count: 41  Min: 0.580177  Max: 0.839087  Mean: 0.682155
[cartographer_node-1] [0.580177, 0.606068)	                ####	Count: 8 (19.5122%)	Total: 8 (19.5122%)
[cartographer_node-1] [0.606068, 0.631959)	                   #	Count: 2 (4.87805%)	Total: 10 (24.3902%)
[cartographer_node-1] [0.631959, 0.657850)	                 ###	Count: 6 (14.6341%)	Total: 16 (39.0244%)
[cartographer_node-1] [0.657850, 0.683741)	                 ###	Count: 6 (14.6341%)	Total: 22 (53.6585%)
[cartographer_node-1] [0.683741, 0.709632)	                 ###	Count: 6 (14.6341%)	Total: 28 (68.2927%)
[cartographer_node-1] [0.709632, 0.735523)	                   #	Count: 3 (7.31707%)	Total: 31 (75.6098%)
[cartographer_node-1] [0.735523, 0.761414)	                  ##	Count: 5 (12.1951%)	Total: 36 (87.8049%)
[cartographer_node-1] [0.761414, 0.787305)	                   #	Count: 2 (4.87805%)	Total: 38 (92.6829%)
[cartographer_node-1] [0.787305, 0.813196)	                   #	Count: 2 (4.87805%)	Total: 40 (97.561%)
[cartographer_node-1] [0.813196, 0.839087]	                    	Count: 1 (2.43902%)	Total: 41 (100%)
[cartographer_node-1] [INFO] [1778748386.790103651] [cartographer logger]: I0514 17:46:26.000000 82614 pose_graph_2d.cc:538] Remaining work items in queue: 1
[cartographer_node-1] [INFO] [1778748386.792255264] [cartographer logger]: I0514 17:46:26.000000 82615 constraint_builder_2d.cc:294] 1 computations resulted in 0 additional constraints.
[cartographer_node-1] [INFO] [1778748386.792334196] [cartographer logger]: I0514 17:46:26.000000 82615 constraint_builder_2d.cc:296] Score histogram:
[cartographer_node-1] Count: 41  Min: 0.580177  Max: 0.839087  Mean: 0.682155
[cartographer_node-1] [0.580177, 0.606068)	                ####	Count: 8 (19.5122%)	Total: 8 (19.5122%)
[cartographer_node-1] [0.606068, 0.631959)	                   #	Count: 2 (4.87805%)	Total: 10 (24.3902%)
[cartographer_node-1] [0.631959, 0.657850)	                 ###	Count: 6 (14.6341%)	Total: 16 (39.0244%)
[cartographer_node-1] [0.657850, 0.683741)	                 ###	Count: 6 (14.6341%)	Total: 22 (53.6585%)
[cartographer_node-1] [0.683741, 0.709632)	                 ###	Count: 6 (14.6341%)	Total: 28 (68.2927%)
[cartographer_node-1] [0.709632, 0.735523)	                   #	Count: 3 (7.31707%)	Total: 31 (75.6098%)
[cartographer_node-1] [0.735523, 0.761414)	                  ##	Count: 5 (12.1951%)	Total: 36 (87.8049%)
[cartographer_node-1] [0.761414, 0.787305)	                   #	Count: 2 (4.87805%)	Total: 38 (92.6829%)
[cartographer_node-1] [0.787305, 0.813196)	                   #	Count: 2 (4.87805%)	Total: 40 (97.561%)
[cartographer_node-1] [0.813196, 0.839087]	                    	Count: 1 (2.43902%)	Total: 41 (100%)
[cartographer_node-1] [INFO] [1778748386.868659795] [cartographer logger]: I0514 17:46:26.000000 82615 pose_graph_2d.cc:538] Remaining work items in queue: 1
[cartographer_node-1] [INFO] [1778748386.868684433] [cartographer logger]: I0514 17:46:26.000000 82615 constraint_builder_2d.cc:294] 0 computations resulted in 0 additional constraints.
[cartographer_node-1] [INFO] [1778748386.868794473] [cartographer logger]: I0514 17:46:26.000000 82615 constraint_builder_2d.cc:296] Score histogram:
[cartographer_node-1] Count: 41  Min: 0.580177  Max: 0.839087  Mean: 0.682155
[cartographer_node-1] [0.580177, 0.606068)	                ####	Count: 8 (19.5122%)	Total: 8 (19.5122%)
[cartographer_node-1] [0.606068, 0.631959)	                   #	Count: 2 (4.87805%)	Total: 10 (24.3902%)
[cartographer_node-1] [0.631959, 0.657850)	                 ###	Count: 6 (14.6341%)	Total: 16 (39.0244%)
[cartographer_node-1] [0.657850, 0.683741)	                 ###	Count: 6 (14.6341%)	Total: 22 (53.6585%)
[cartographer_node-1] [0.683741, 0.709632)	                 ###	Count: 6 (14.6341%)	Total: 28 (68.2927%)
[cartographer_node-1] [0.709632, 0.735523)	                   #	Count: 3 (7.31707%)	Total: 31 (75.6098%)
[cartographer_node-1] [0.735523, 0.761414)	                  ##	Count: 5 (12.1951%)	Total: 36 (87.8049%)
[cartographer_node-1] [0.761414, 0.787305)	                   #	Count: 2 (4.87805%)	Total: 38 (92.6829%)
[cartographer_node-1] [0.787305, 0.813196)	                   #	Count: 2 (4.87805%)	Total: 40 (97.561%)
[cartographer_node-1] [0.813196, 0.839087]	                    	Count: 1 (2.43902%)	Total: 41 (100%)
[cartographer_node-1] [INFO] [1778748386.963496245] [cartographer logger]: I0514 17:46:26.000000 82615 pose_graph_2d.cc:538] Remaining work items in queue: 1
[cartographer_node-1] [INFO] [1778748386.963526478] [cartographer logger]: I0514 17:46:26.000000 82615 constraint_builder_2d.cc:294] 0 computations resulted in 0 additional constraints.
[cartographer_node-1] [INFO] [1778748386.963900230] [cartographer logger]: I0514 17:46:26.000000 82615 constraint_builder_2d.cc:296] Score histogram:
[cartographer_node-1] Count: 41  Min: 0.580177  Max: 0.839087  Mean: 0.682155
[cartographer_node-1] [0.580177, 0.606068)	                ####	Count: 8 (19.5122%)	Total: 8 (19.5122%)
[cartographer_node-1] [0.606068, 0.631959)	                   #	Count: 2 (4.87805%)	Total: 10 (24.3902%)
[cartographer_node-1] [0.631959, 0.657850)	                 ###	Count: 6 (14.6341%)	Total: 16 (39.0244%)
[cartographer_node-1] [0.657850, 0.683741)	                 ###	Count: 6 (14.6341%)	Total: 22 (53.6585%)
[cartographer_node-1] [0.683741, 0.709632)	                 ###	Count: 6 (14.6341%)	Total: 28 (68.2927%)
[cartographer_node-1] [0.709632, 0.735523)	                   #	Count: 3 (7.31707%)	Total: 31 (75.6098%)
[cartographer_node-1] [0.735523, 0.761414)	                  ##	Count: 5 (12.1951%)	Total: 36 (87.8049%)
[cartographer_node-1] [0.761414, 0.787305)	                   #	Count: 2 (4.87805%)	Total: 38 (92.6829%)
[cartographer_node-1] [0.787305, 0.813196)	                   #	Count: 2 (4.87805%)	Total: 40 (97.561%)
[cartographer_node-1] [0.813196, 0.839087]	                    	Count: 1 (2.43902%)	Total: 41 (100%)
[cartographer_node-1] [INFO] [1778748387.014513354] [cartographer logger]: I0514 17:46:27.000000 82613 pose_graph_2d.cc:538] Remaining work items in queue: 0
[cartographer_node-1] [INFO] [1778748387.014581994] [cartographer logger]: I0514 17:46:27.000000 82613 constraint_builder_2d.cc:294] 0 computations resulted in 0 additional constraints.
[cartographer_node-1] [INFO] [1778748387.014712255] [cartographer logger]: I0514 17:46:27.000000 82613 constraint_builder_2d.cc:296] Score histogram:
[cartographer_node-1] Count: 41  Min: 0.580177  Max: 0.839087  Mean: 0.682155
[cartographer_node-1] [0.580177, 0.606068)	                ####	Count: 8 (19.5122%)	Total: 8 (19.5122%)
[cartographer_node-1] [0.606068, 0.631959)	                   #	Count: 2 (4.87805%)	Total: 10 (24.3902%)
[cartographer_node-1] [0.631959, 0.657850)	                 ###	Count: 6 (14.6341%)	Total: 16 (39.0244%)
[cartographer_node-1] [0.657850, 0.683741)	                 ###	Count: 6 (14.6341%)	Total: 22 (53.6585%)
[cartographer_node-1] [0.683741, 0.709632)	                 ###	Count: 6 (14.6341%)	Total: 28 (68.2927%)
[cartographer_node-1] [0.709632, 0.735523)	                   #	Count: 3 (7.31707%)	Total: 31 (75.6098%)
[cartographer_node-1] [0.735523, 0.761414)	                  ##	Count: 5 (12.1951%)	Total: 36 (87.8049%)
[cartographer_node-1] [0.761414, 0.787305)	                   #	Count: 2 (4.87805%)	Total: 38 (92.6829%)
[cartographer_node-1] [0.787305, 0.813196)	                   #	Count: 2 (4.87805%)	Total: 40 (97.561%)
[cartographer_node-1] [0.813196, 0.839087]	                    	Count: 1 (2.43902%)	Total: 41 (100%)
[cartographer_node-1] [INFO] [1778748387.091356533] [cartographer logger]: I0514 17:46:27.000000 82613 pose_graph_2d.cc:538] Remaining work items in queue: 1
[cartographer_node-1] [INFO] [1778748387.091399453] [cartographer logger]: I0514 17:46:27.000000 82613 constraint_builder_2d.cc:294] 0 computations resulted in 0 additional constraints.
[cartographer_node-1] [INFO] [1778748387.091526823] [cartographer logger]: I0514 17:46:27.000000 82613 constraint_builder_2d.cc:296] Score histogram:
[cartographer_node-1] Count: 41  Min: 0.580177  Max: 0.839087  Mean: 0.682155
[cartographer_node-1] [0.580177, 0.606068)	                ####	Count: 8 (19.5122%)	Total: 8 (19.5122%)
[cartographer_node-1] [0.606068, 0.631959)	                   #	Count: 2 (4.87805%)	Total: 10 (24.3902%)
[cartographer_node-1] [0.631959, 0.657850)	                 ###	Count: 6 (14.6341%)	Total: 16 (39.0244%)
[cartographer_node-1] [0.657850, 0.683741)	                 ###	Count: 6 (14.6341%)	Total: 22 (53.6585%)
[cartographer_node-1] [0.683741, 0.709632)	                 ###	Count: 6 (14.6341%)	Total: 28 (68.2927%)
[cartographer_node-1] [0.709632, 0.735523)	                   #	Count: 3 (7.31707%)	Total: 31 (75.6098%)
[cartographer_node-1] [0.735523, 0.761414)	                  ##	Count: 5 (12.1951%)	Total: 36 (87.8049%)
[cartographer_node-1] [0.761414, 0.787305)	                   #	Count: 2 (4.87805%)	Total: 38 (92.6829%)
[cartographer_node-1] [0.787305, 0.813196)	                   #	Count: 2 (4.87805%)	Total: 40 (97.561%)
[cartographer_node-1] [0.813196, 0.839087]	                    	Count: 1 (2.43902%)	Total: 41 (100%)
[cartographer_node-1] [INFO] [1778748387.169841214] [cartographer logger]: I0514 17:46:27.000000 82615 pose_graph_2d.cc:538] Remaining work items in queue: 1
[cartographer_node-1] [INFO] [1778748387.199607602] [cartographer logger]: I0514 17:46:27.000000 82616 constraint_builder_2d.cc:279] Node (1, 700) with 207 points on submap (0, 0) matches with score 69.2%.
[cartographer_node-1] [INFO] [1778748387.199662884] [cartographer logger]: I0514 17:46:27.000000 82616 constraint_builder_2d.cc:294] 1 computations resulted in 1 additional constraints.
[cartographer_node-1] [INFO] [1778748387.199686629] [cartographer logger]: I0514 17:46:27.000000 82616 constraint_builder_2d.cc:296] Score histogram:
[cartographer_node-1] Count: 42  Min: 0.580177  Max: 0.839087  Mean: 0.6824
[cartographer_node-1] [0.580177, 0.606068)	                ####	Count: 8 (19.0476%)	Total: 8 (19.0476%)
[cartographer_node-1] [0.606068, 0.631959)	                   #	Count: 2 (4.7619%)	Total: 10 (23.8095%)
[cartographer_node-1] [0.631959, 0.657850)	                 ###	Count: 6 (14.2857%)	Total: 16 (38.0952%)
[cartographer_node-1] [0.657850, 0.683741)	                 ###	Count: 6 (14.2857%)	Total: 22 (52.381%)
[cartographer_node-1] [0.683741, 0.709632)	                 ###	Count: 7 (16.6667%)	Total: 29 (69.0476%)
[cartographer_node-1] [0.709632, 0.735523)	                   #	Count: 3 (7.14286%)	Total: 32 (76.1905%)
[cartographer_node-1] [0.735523, 0.761414)	                  ##	Count: 5 (11.9048%)	Total: 37 (88.0952%)
[cartographer_node-1] [0.761414, 0.787305)	                   #	Count: 2 (4.7619%)	Total: 39 (92.8571%)
[cartographer_node-1] [0.787305, 0.813196)	                   #	Count: 2 (4.7619%)	Total: 41 (97.619%)
[cartographer_node-1] [0.813196, 0.839087]	                    	Count: 1 (2.38095%)	Total: 42 (100%)
[cartographer_node-1] [INFO] [1778748387.266910078] [cartographer logger]: I0514 17:46:27.000000 82615 pose_graph_2d.cc:538] Remaining work items in queue: 1
[cartographer_node-1] [INFO] [1778748387.266937097] [cartographer logger]: I0514 17:46:27.000000 82615 constraint_builder_2d.cc:294] 0 computations resulted in 0 additional constraints.
[cartographer_node-1] [INFO] [1778748387.267272151] [cartographer logger]: I0514 17:46:27.000000 82615 constraint_builder_2d.cc:296] Score histogram:
[cartographer_node-1] Count: 42  Min: 0.580177  Max: 0.839087  Mean: 0.6824
[cartographer_node-1] [0.580177, 0.606068)	                ####	Count: 8 (19.0476%)	Total: 8 (19.0476%)
[cartographer_node-1] [0.606068, 0.631959)	                   #	Count: 2 (4.7619%)	Total: 10 (23.8095%)
[cartographer_node-1] [0.631959, 0.657850)	                 ###	Count: 6 (14.2857%)	Total: 16 (38.0952%)
[cartographer_node-1] [0.657850, 0.683741)	                 ###	Count: 6 (14.2857%)	Total: 22 (52.381%)
[cartographer_node-1] [0.683741, 0.709632)	                 ###	Count: 7 (16.6667%)	Total: 29 (69.0476%)
[cartographer_node-1] [0.709632, 0.735523)	                   #	Count: 3 (7.14286%)	Total: 32 (76.1905%)
[cartographer_node-1] [0.735523, 0.761414)	                  ##	Count: 5 (11.9048%)	Total: 37 (88.0952%)
[cartographer_node-1] [0.761414, 0.787305)	                   #	Count: 2 (4.7619%)	Total: 39 (92.8571%)
[cartographer_node-1] [0.787305, 0.813196)	                   #	Count: 2 (4.7619%)	Total: 41 (97.619%)
[cartographer_node-1] [0.813196, 0.839087]	                    	Count: 1 (2.38095%)	Total: 42 (100%)
[cartographer_node-1] [INFO] [1778748387.317679063] [cartographer logger]: I0514 17:46:27.000000 82616 pose_graph_2d.cc:538] Remaining work items in queue: 1
[cartographer_node-1] [INFO] [1778748387.317720417] [cartographer logger]: I0514 17:46:27.000000 82616 constraint_builder_2d.cc:294] 0 computations resulted in 0 additional constraints.
[cartographer_node-1] [INFO] [1778748387.317813864] [cartographer logger]: I0514 17:46:27.000000 82616 constraint_builder_2d.cc:296] Score histogram:
[cartographer_node-1] Count: 42  Min: 0.580177  Max: 0.839087  Mean: 0.6824
[cartographer_node-1] [0.580177, 0.606068)	                ####	Count: 8 (19.0476%)	Total: 8 (19.0476%)
[cartographer_node-1] [0.606068, 0.631959)	                   #	Count: 2 (4.7619%)	Total: 10 (23.8095%)
[cartographer_node-1] [0.631959, 0.657850)	                 ###	Count: 6 (14.2857%)	Total: 16 (38.0952%)
[cartographer_node-1] [0.657850, 0.683741)	                 ###	Count: 6 (14.2857%)	Total: 22 (52.381%)
[cartographer_node-1] [0.683741, 0.709632)	                 ###	Count: 7 (16.6667%)	Total: 29 (69.0476%)
[cartographer_node-1] [0.709632, 0.735523)	                   #	Count: 3 (7.14286%)	Total: 32 (76.1905%)
[cartographer_node-1] [0.735523, 0.761414)	                  ##	Count: 5 (11.9048%)	Total: 37 (88.0952%)
[cartographer_node-1] [0.761414, 0.787305)	                   #	Count: 2 (4.7619%)	Total: 39 (92.8571%)
[cartographer_node-1] [0.787305, 0.813196)	                   #	Count: 2 (4.7619%)	Total: 41 (97.619%)
[cartographer_node-1] [0.813196, 0.839087]	                    	Count: 1 (2.38095%)	Total: 42 (100%)
[cartographer_node-1] [INFO] [1778748387.394419161] [cartographer logger]: I0514 17:46:27.000000 82616 pose_graph_2d.cc:538] Remaining work items in queue: 0
[cartographer_node-1] [INFO] [1778748387.394440420] [cartographer logger]: I0514 17:46:27.000000 82616 constraint_builder_2d.cc:294] 0 computations resulted in 0 additional constraints.
[cartographer_node-1] [INFO] [1778748387.394819395] [cartographer logger]: I0514 17:46:27.000000 82616 constraint_builder_2d.cc:296] Score histogram:
[cartographer_node-1] Count: 42  Min: 0.580177  Max: 0.839087  Mean: 0.6824
[cartographer_node-1] [0.580177, 0.606068)	                ####	Count: 8 (19.0476%)	Total: 8 (19.0476%)
[cartographer_node-1] [0.606068, 0.631959)	                   #	Count: 2 (4.7619%)	Total: 10 (23.8095%)
[cartographer_node-1] [0.631959, 0.657850)	                 ###	Count: 6 (14.2857%)	Total: 16 (38.0952%)
[cartographer_node-1] [0.657850, 0.683741)	                 ###	Count: 6 (14.2857%)	Total: 22 (52.381%)
[cartographer_node-1] [0.683741, 0.709632)	                 ###	Count: 7 (16.6667%)	Total: 29 (69.0476%)
[cartographer_node-1] [0.709632, 0.735523)	                   #	Count: 3 (7.14286%)	Total: 32 (76.1905%)
[cartographer_node-1] [0.735523, 0.761414)	                  ##	Count: 5 (11.9048%)	Total: 37 (88.0952%)
[cartographer_node-1] [0.761414, 0.787305)	                   #	Count: 2 (4.7619%)	Total: 39 (92.8571%)
[cartographer_node-1] [0.787305, 0.813196)	                   #	Count: 2 (4.7619%)	Total: 41 (97.619%)
[cartographer_node-1] [0.813196, 0.839087]	                    	Count: 1 (2.38095%)	Total: 42 (100%)
[cartographer_node-1] [INFO] [1778748387.449183449] [cartographer logger]: I0514 17:46:27.000000 82613 pose_graph_2d.cc:538] Remaining work items in queue: 0
[cartographer_node-1] [INFO] [1778748387.449233338] [cartographer logger]: I0514 17:46:27.000000 82613 constraint_builder_2d.cc:294] 0 computations resulted in 0 additional constraints.
[cartographer_node-1] [INFO] [1778748387.449596529] [cartographer logger]: I0514 17:46:27.000000 82613 constraint_builder_2d.cc:296] Score histogram:
[cartographer_node-1] Count: 42  Min: 0.580177  Max: 0.839087  Mean: 0.6824
[cartographer_node-1] [0.580177, 0.606068)	                ####	Count: 8 (19.0476%)	Total: 8 (19.0476%)
[cartographer_node-1] [0.606068, 0.631959)	                   #	Count: 2 (4.7619%)	Total: 10 (23.8095%)
[cartographer_node-1] [0.631959, 0.657850)	                 ###	Count: 6 (14.2857%)	Total: 16 (38.0952%)
[cartographer_node-1] [0.657850, 0.683741)	                 ###	Count: 6 (14.2857%)	Total: 22 (52.381%)
[cartographer_node-1] [0.683741, 0.709632)	                 ###	Count: 7 (16.6667%)	Total: 29 (69.0476%)
[cartographer_node-1] [0.709632, 0.735523)	                   #	Count: 3 (7.14286%)	Total: 32 (76.1905%)
[cartographer_node-1] [0.735523, 0.761414)	                  ##	Count: 5 (11.9048%)	Total: 37 (88.0952%)
[cartographer_node-1] [0.761414, 0.787305)	                   #	Count: 2 (4.7619%)	Total: 39 (92.8571%)
[cartographer_node-1] [0.787305, 0.813196)	                   #	Count: 2 (4.7619%)	Total: 41 (97.619%)
[cartographer_node-1] [0.813196, 0.839087]	                    	Count: 1 (2.38095%)	Total: 42 (100%)
[cartographer_node-1] [INFO] [1778748387.533789924] [cartographer logger]: I0514 17:46:27.000000 82613 pose_graph_2d.cc:538] Remaining work items in queue: 1
[cartographer_node-1] [INFO] [1778748387.533832255] [cartographer logger]: I0514 17:46:27.000000 82613 constraint_builder_2d.cc:294] 1 computations resulted in 0 additional constraints.
[cartographer_node-1] [INFO] [1778748387.534250073] [cartographer logger]: I0514 17:46:27.000000 82613 constraint_builder_2d.cc:296] Score histogram:
[cartographer_node-1] Count: 42  Min: 0.580177  Max: 0.839087  Mean: 0.6824
[cartographer_node-1] [0.580177, 0.606068)	                ####	Count: 8 (19.0476%)	Total: 8 (19.0476%)
[cartographer_node-1] [0.606068, 0.631959)	                   #	Count: 2 (4.7619%)	Total: 10 (23.8095%)
[cartographer_node-1] [0.631959, 0.657850)	                 ###	Count: 6 (14.2857%)	Total: 16 (38.0952%)
[cartographer_node-1] [0.657850, 0.683741)	                 ###	Count: 6 (14.2857%)	Total: 22 (52.381%)
[cartographer_node-1] [0.683741, 0.709632)	                 ###	Count: 7 (16.6667%)	Total: 29 (69.0476%)
[cartographer_node-1] [0.709632, 0.735523)	                   #	Count: 3 (7.14286%)	Total: 32 (76.1905%)
[cartographer_node-1] [0.735523, 0.761414)	                  ##	Count: 5 (11.9048%)	Total: 37 (88.0952%)
[cartographer_node-1] [0.761414, 0.787305)	                   #	Count: 2 (4.7619%)	Total: 39 (92.8571%)
[cartographer_node-1] [0.787305, 0.813196)	                   #	Count: 2 (4.7619%)	Total: 41 (97.619%)
[cartographer_node-1] [0.813196, 0.839087]	                    	Count: 1 (2.38095%)	Total: 42 (100%)
[cartographer_node-1] [INFO] [1778748387.622835636] [cartographer logger]: I0514 17:46:27.000000 82613 pose_graph_2d.cc:538] Remaining work items in queue: 1
[cartographer_node-1] [INFO] [1778748387.651164324] [cartographer logger]: I0514 17:46:27.000000 82574 pose_graph_2d.cc:148] Inserted submap (1, 8).
[cartographer_node-1] [INFO] [1778748387.689695017] [cartographer logger]: I0514 17:46:27.000000 82615 constraint_builder_2d.cc:279] Node (1, 360) with 216 points on submap (1, 6) differs by translation 0.30 rotation 0.016 with score 70.3%.
[cartographer_node-1] [INFO] [1778748387.700704790] [cartographer logger]: I0514 17:46:27.000000 82616 constraint_builder_2d.cc:279] Node (0, 108) with 205 points on submap (1, 6) matches with score 80.8%.
[cartographer_node-1] [INFO] [1778748387.720623578] [cartographer logger]: I0514 17:46:27.000000 82615 constraint_builder_2d.cc:279] Node (0, 908) with 212 points on submap (1, 6) matches with score 64.8%.
[cartographer_node-1] [INFO] [1778748387.728312502] [cartographer logger]: I0514 17:46:27.000000 82616 constraint_builder_2d.cc:279] Node (0, 708) with 200 points on submap (1, 6) matches with score 80.5%.
[cartographer_node-1] [INFO] [1778748387.728337271] [cartographer logger]: I0514 17:46:27.000000 82616 constraint_builder_2d.cc:294] 8 computations resulted in 4 additional constraints.
[cartographer_node-1] [INFO] [1778748387.728356682] [cartographer logger]: I0514 17:46:27.000000 82616 constraint_builder_2d.cc:296] Score histogram:
[cartographer_node-1] Count: 46  Min: 0.580177  Max: 0.839087  Mean: 0.687493
[cartographer_node-1] [0.580177, 0.606068)	                 ###	Count: 8 (17.3913%)	Total: 8 (17.3913%)
[cartographer_node-1] [0.606068, 0.631959)	                   #	Count: 2 (4.34783%)	Total: 10 (21.7391%)
[cartographer_node-1] [0.631959, 0.657850)	                 ###	Count: 7 (15.2174%)	Total: 17 (36.9565%)
[cartographer_node-1] [0.657850, 0.683741)	                 ###	Count: 6 (13.0435%)	Total: 23 (50%)
[cartographer_node-1] [0.683741, 0.709632)	                 ###	Count: 8 (17.3913%)	Total: 31 (67.3913%)
[cartographer_node-1] [0.709632, 0.735523)	                   #	Count: 3 (6.52174%)	Total: 34 (73.913%)
[cartographer_node-1] [0.735523, 0.761414)	                  ##	Count: 5 (10.8696%)	Total: 39 (84.7826%)
[cartographer_node-1] [0.761414, 0.787305)	                   #	Count: 2 (4.34783%)	Total: 41 (89.1304%)
[cartographer_node-1] [0.787305, 0.813196)	                  ##	Count: 4 (8.69565%)	Total: 45 (97.8261%)
[cartographer_node-1] [0.813196, 0.839087]	                    	Count: 1 (2.17391%)	Total: 46 (100%)
[cartographer_node-1] [INFO] [1778748387.756726414] [cartographer logger]: I0514 17:46:27.000000 82616 pose_graph_2d.cc:538] Remaining work items in queue: 6
[cartographer_node-1] [INFO] [1778748387.756749663] [cartographer logger]: I0514 17:46:27.000000 82616 constraint_builder_2d.cc:294] 0 computations resulted in 0 additional constraints.
[cartographer_node-1] [INFO] [1778748387.756915519] [cartographer logger]: I0514 17:46:27.000000 82616 constraint_builder_2d.cc:296] Score histogram:
[cartographer_node-1] Count: 46  Min: 0.580177  Max: 0.839087  Mean: 0.687493
[cartographer_node-1] [0.580177, 0.606068)	                 ###	Count: 8 (17.3913%)	Total: 8 (17.3913%)
[cartographer_node-1] [0.606068, 0.631959)	                   #	Count: 2 (4.34783%)	Total: 10 (21.7391%)
[cartographer_node-1] [0.631959, 0.657850)	                 ###	Count: 7 (15.2174%)	Total: 17 (36.9565%)
[cartographer_node-1] [0.657850, 0.683741)	                 ###	Count: 6 (13.0435%)	Total: 23 (50%)
[cartographer_node-1] [0.683741, 0.709632)	                 ###	Count: 8 (17.3913%)	Total: 31 (67.3913%)
[cartographer_node-1] [0.709632, 0.735523)	                   #	Count: 3 (6.52174%)	Total: 34 (73.913%)
[cartographer_node-1] [0.735523, 0.761414)	                  ##	Count: 5 (10.8696%)	Total: 39 (84.7826%)
[cartographer_node-1] [0.761414, 0.787305)	                   #	Count: 2 (4.34783%)	Total: 41 (89.1304%)
[cartographer_node-1] [0.787305, 0.813196)	                  ##	Count: 4 (8.69565%)	Total: 45 (97.8261%)
[cartographer_node-1] [0.813196, 0.839087]	                    	Count: 1 (2.17391%)	Total: 46 (100%)
[cartographer_node-1] [INFO] [1778748387.794540636] [cartographer logger]: I0514 17:46:27.000000 82614 pose_graph_2d.cc:538] Remaining work items in queue: 0
[cartographer_node-1] [INFO] [1778748387.794573573] [cartographer logger]: I0514 17:46:27.000000 82614 constraint_builder_2d.cc:294] 0 computations resulted in 0 additional constraints.
[cartographer_node-1] [INFO] [1778748387.794591179] [cartographer logger]: I0514 17:46:27.000000 82614 constraint_builder_2d.cc:296] Score histogram:
[cartographer_node-1] Count: 46  Min: 0.580177  Max: 0.839087  Mean: 0.687493
[cartographer_node-1] [0.580177, 0.606068)	                 ###	Count: 8 (17.3913%)	Total: 8 (17.3913%)
[cartographer_node-1] [0.606068, 0.631959)	                   #	Count: 2 (4.34783%)	Total: 10 (21.7391%)
[cartographer_node-1] [0.631959, 0.657850)	                 ###	Count: 7 (15.2174%)	Total: 17 (36.9565%)
[cartographer_node-1] [0.657850, 0.683741)	                 ###	Count: 6 (13.0435%)	Total: 23 (50%)
[cartographer_node-1] [0.683741, 0.709632)	                 ###	Count: 8 (17.3913%)	Total: 31 (67.3913%)
[cartographer_node-1] [0.709632, 0.735523)	                   #	Count: 3 (6.52174%)	Total: 34 (73.913%)
[cartographer_node-1] [0.735523, 0.761414)	                  ##	Count: 5 (10.8696%)	Total: 39 (84.7826%)
[cartographer_node-1] [0.761414, 0.787305)	                   #	Count: 2 (4.34783%)	Total: 41 (89.1304%)
[cartographer_node-1] [0.787305, 0.813196)	                  ##	Count: 4 (8.69565%)	Total: 45 (97.8261%)
[cartographer_node-1] [0.813196, 0.839087]	                    	Count: 1 (2.17391%)	Total: 46 (100%)
[cartographer_node-1] [INFO] [1778748387.848315166] [cartographer logger]: I0514 17:46:27.000000 82615 pose_graph_2d.cc:538] Remaining work items in queue: 0
[cartographer_node-1] [INFO] [1778748387.879550537] [cartographer logger]: I0514 17:46:27.000000 82613 constraint_builder_2d.cc:294] 1 computations resulted in 0 additional constraints.
[cartographer_node-1] [INFO] [1778748387.879616062] [cartographer logger]: I0514 17:46:27.000000 82613 constraint_builder_2d.cc:296] Score histogram:
[cartographer_node-1] Count: 46  Min: 0.580177  Max: 0.839087  Mean: 0.687493
[cartographer_node-1] [0.580177, 0.606068)	                 ###	Count: 8 (17.3913%)	Total: 8 (17.3913%)
[cartographer_node-1] [0.606068, 0.631959)	                   #	Count: 2 (4.34783%)	Total: 10 (21.7391%)
[cartographer_node-1] [0.631959, 0.657850)	                 ###	Count: 7 (15.2174%)	Total: 17 (36.9565%)
[cartographer_node-1] [0.657850, 0.683741)	                 ###	Count: 6 (13.0435%)	Total: 23 (50%)
[cartographer_node-1] [0.683741, 0.709632)	                 ###	Count: 8 (17.3913%)	Total: 31 (67.3913%)
[cartographer_node-1] [0.709632, 0.735523)	                   #	Count: 3 (6.52174%)	Total: 34 (73.913%)
[cartographer_node-1] [0.735523, 0.761414)	                  ##	Count: 5 (10.8696%)	Total: 39 (84.7826%)
[cartographer_node-1] [0.761414, 0.787305)	                   #	Count: 2 (4.34783%)	Total: 41 (89.1304%)
[cartographer_node-1] [0.787305, 0.813196)	                  ##	Count: 4 (8.69565%)	Total: 45 (97.8261%)
[cartographer_node-1] [0.813196, 0.839087]	                    	Count: 1 (2.17391%)	Total: 46 (100%)
[cartographer_node-1] [INFO] [1778748387.950341120] [cartographer logger]: I0514 17:46:27.000000 82614 pose_graph_2d.cc:538] Remaining work items in queue: 1
[cartographer_node-1] [INFO] [1778748387.950362920] [cartographer logger]: I0514 17:46:27.000000 82614 constraint_builder_2d.cc:294] 0 computations resulted in 0 additional constraints.
[cartographer_node-1] [INFO] [1778748387.950452574] [cartographer logger]: I0514 17:46:27.000000 82614 constraint_builder_2d.cc:296] Score histogram:
[cartographer_node-1] Count: 46  Min: 0.580177  Max: 0.839087  Mean: 0.687493
[cartographer_node-1] [0.580177, 0.606068)	                 ###	Count: 8 (17.3913%)	Total: 8 (17.3913%)
[cartographer_node-1] [0.606068, 0.631959)	                   #	Count: 2 (4.34783%)	Total: 10 (21.7391%)
[cartographer_node-1] [0.631959, 0.657850)	                 ###	Count: 7 (15.2174%)	Total: 17 (36.9565%)
[cartographer_node-1] [0.657850, 0.683741)	                 ###	Count: 6 (13.0435%)	Total: 23 (50%)
[cartographer_node-1] [0.683741, 0.709632)	                 ###	Count: 8 (17.3913%)	Total: 31 (67.3913%)
[cartographer_node-1] [0.709632, 0.735523)	                   #	Count: 3 (6.52174%)	Total: 34 (73.913%)
[cartographer_node-1] [0.735523, 0.761414)	                  ##	Count: 5 (10.8696%)	Total: 39 (84.7826%)
[cartographer_node-1] [0.761414, 0.787305)	                   #	Count: 2 (4.34783%)	Total: 41 (89.1304%)
[cartographer_node-1] [0.787305, 0.813196)	                  ##	Count: 4 (8.69565%)	Total: 45 (97.8261%)
[cartographer_node-1] [0.813196, 0.839087]	                    	Count: 1 (2.17391%)	Total: 46 (100%)
[cartographer_node-1] [INFO] [1778748387.951108944] [cartographer logger]: I0514 17:46:27.000000 82574 motion_filter.cc:42] Motion filter reduced the number of nodes to 73.2%.
[cartographer_node-1] [INFO] [1778748387.998820489] [cartographer logger]: I0514 17:46:27.000000 82614 pose_graph_2d.cc:538] Remaining work items in queue: 1
[cartographer_node-1] [INFO] [1778748387.998843027] [cartographer logger]: I0514 17:46:27.000000 82614 constraint_builder_2d.cc:294] 0 computations resulted in 0 additional constraints.
[cartographer_node-1] [INFO] [1778748387.998937553] [cartographer logger]: I0514 17:46:27.000000 82614 constraint_builder_2d.cc:296] Score histogram:
[cartographer_node-1] Count: 46  Min: 0.580177  Max: 0.839087  Mean: 0.687493
[cartographer_node-1] [0.580177, 0.606068)	                 ###	Count: 8 (17.3913%)	Total: 8 (17.3913%)
[cartographer_node-1] [0.606068, 0.631959)	                   #	Count: 2 (4.34783%)	Total: 10 (21.7391%)
[cartographer_node-1] [0.631959, 0.657850)	                 ###	Count: 7 (15.2174%)	Total: 17 (36.9565%)
[cartographer_node-1] [0.657850, 0.683741)	                 ###	Count: 6 (13.0435%)	Total: 23 (50%)
[cartographer_node-1] [0.683741, 0.709632)	                 ###	Count: 8 (17.3913%)	Total: 31 (67.3913%)
[cartographer_node-1] [0.709632, 0.735523)	                   #	Count: 3 (6.52174%)	Total: 34 (73.913%)
[cartographer_node-1] [0.735523, 0.761414)	                  ##	Count: 5 (10.8696%)	Total: 39 (84.7826%)
[cartographer_node-1] [0.761414, 0.787305)	                   #	Count: 2 (4.34783%)	Total: 41 (89.1304%)
[cartographer_node-1] [0.787305, 0.813196)	                  ##	Count: 4 (8.69565%)	Total: 45 (97.8261%)
[cartographer_node-1] [0.813196, 0.839087]	                    	Count: 1 (2.17391%)	Total: 46 (100%)
[cartographer_node-1] [INFO] [1778748388.082318413] [cartographer logger]: I0514 17:46:28.000000 82614 pose_graph_2d.cc:538] Remaining work items in queue: 0
[cartographer_node-1] [INFO] [1778748388.082384831] [cartographer logger]: I0514 17:46:28.000000 82614 constraint_builder_2d.cc:294] 0 computations resulted in 0 additional constraints.
[cartographer_node-1] [INFO] [1778748388.082716696] [cartographer logger]: I0514 17:46:28.000000 82614 constraint_builder_2d.cc:296] Score histogram:
[cartographer_node-1] Count: 46  Min: 0.580177  Max: 0.839087  Mean: 0.687493
[cartographer_node-1] [0.580177, 0.606068)	                 ###	Count: 8 (17.3913%)	Total: 8 (17.3913%)
[cartographer_node-1] [0.606068, 0.631959)	                   #	Count: 2 (4.34783%)	Total: 10 (21.7391%)
[cartographer_node-1] [0.631959, 0.657850)	                 ###	Count: 7 (15.2174%)	Total: 17 (36.9565%)
[cartographer_node-1] [0.657850, 0.683741)	                 ###	Count: 6 (13.0435%)	Total: 23 (50%)
[cartographer_node-1] [0.683741, 0.709632)	                 ###	Count: 8 (17.3913%)	Total: 31 (67.3913%)
[cartographer_node-1] [0.709632, 0.735523)	                   #	Count: 3 (6.52174%)	Total: 34 (73.913%)
[cartographer_node-1] [0.735523, 0.761414)	                  ##	Count: 5 (10.8696%)	Total: 39 (84.7826%)
[cartographer_node-1] [0.761414, 0.787305)	                   #	Count: 2 (4.34783%)	Total: 41 (89.1304%)
[cartographer_node-1] [0.787305, 0.813196)	                  ##	Count: 4 (8.69565%)	Total: 45 (97.8261%)
[cartographer_node-1] [0.813196, 0.839087]	                    	Count: 1 (2.17391%)	Total: 46 (100%)
[cartographer_node-1] [INFO] [1778748388.200414319] [cartographer logger]: I0514 17:46:28.000000 82613 pose_graph_2d.cc:538] Remaining work items in queue: 1
[cartographer_node-1] [INFO] [1778748388.200436669] [cartographer logger]: I0514 17:46:28.000000 82613 constraint_builder_2d.cc:294] 0 computations resulted in 0 additional constraints.
[cartographer_node-1] [INFO] [1778748388.200759455] [cartographer logger]: I0514 17:46:28.000000 82613 constraint_builder_2d.cc:296] Score histogram:
[cartographer_node-1] Count: 46  Min: 0.580177  Max: 0.839087  Mean: 0.687493
[cartographer_node-1] [0.580177, 0.606068)	                 ###	Count: 8 (17.3913%)	Total: 8 (17.3913%)
[cartographer_node-1] [0.606068, 0.631959)	                   #	Count: 2 (4.34783%)	Total: 10 (21.7391%)
[cartographer_node-1] [0.631959, 0.657850)	                 ###	Count: 7 (15.2174%)	Total: 17 (36.9565%)
[cartographer_node-1] [0.657850, 0.683741)	                 ###	Count: 6 (13.0435%)	Total: 23 (50%)
[cartographer_node-1] [0.683741, 0.709632)	                 ###	Count: 8 (17.3913%)	Total: 31 (67.3913%)
[cartographer_node-1] [0.709632, 0.735523)	                   #	Count: 3 (6.52174%)	Total: 34 (73.913%)
[cartographer_node-1] [0.735523, 0.761414)	                  ##	Count: 5 (10.8696%)	Total: 39 (84.7826%)
[cartographer_node-1] [0.761414, 0.787305)	                   #	Count: 2 (4.34783%)	Total: 41 (89.1304%)
[cartographer_node-1] [0.787305, 0.813196)	                  ##	Count: 4 (8.69565%)	Total: 45 (97.8261%)
[cartographer_node-1] [0.813196, 0.839087]	                    	Count: 1 (2.17391%)	Total: 46 (100%)
[cartographer_node-1] [INFO] [1778748388.249320889] [cartographer logger]: I0514 17:46:28.000000 82616 pose_graph_2d.cc:538] Remaining work items in queue: 1
[cartographer_node-1] [INFO] [1778748388.284852647] [cartographer logger]: I0514 17:46:28.000000 82614 constraint_builder_2d.cc:294] 1 computations resulted in 0 additional constraints.
[cartographer_node-1] [INFO] [1778748388.284902529] [cartographer logger]: I0514 17:46:28.000000 82614 constraint_builder_2d.cc:296] Score histogram:
[cartographer_node-1] Count: 46  Min: 0.580177  Max: 0.839087  Mean: 0.687493
[cartographer_node-1] [0.580177, 0.606068)	                 ###	Count: 8 (17.3913%)	Total: 8 (17.3913%)
[cartographer_node-1] [0.606068, 0.631959)	                   #	Count: 2 (4.34783%)	Total: 10 (21.7391%)
[cartographer_node-1] [0.631959, 0.657850)	                 ###	Count: 7 (15.2174%)	Total: 17 (36.9565%)
[cartographer_node-1] [0.657850, 0.683741)	                 ###	Count: 6 (13.0435%)	Total: 23 (50%)
[cartographer_node-1] [0.683741, 0.709632)	                 ###	Count: 8 (17.3913%)	Total: 31 (67.3913%)
[cartographer_node-1] [0.709632, 0.735523)	                   #	Count: 3 (6.52174%)	Total: 34 (73.913%)
[cartographer_node-1] [0.735523, 0.761414)	                  ##	Count: 5 (10.8696%)	Total: 39 (84.7826%)
[cartographer_node-1] [0.761414, 0.787305)	                   #	Count: 2 (4.34783%)	Total: 41 (89.1304%)
[cartographer_node-1] [0.787305, 0.813196)	                  ##	Count: 4 (8.69565%)	Total: 45 (97.8261%)
[cartographer_node-1] [0.813196, 0.839087]	                    	Count: 1 (2.17391%)	Total: 46 (100%)
[cartographer_node-1] [INFO] [1778748388.344329091] [cartographer logger]: I0514 17:46:28.000000 82615 pose_graph_2d.cc:538] Remaining work items in queue: 0
[cartographer_node-1] [INFO] [1778748388.344385853] [cartographer logger]: I0514 17:46:28.000000 82615 constraint_builder_2d.cc:294] 0 computations resulted in 0 additional constraints.
[cartographer_node-1] [INFO] [1778748388.344462684] [cartographer logger]: I0514 17:46:28.000000 82615 constraint_builder_2d.cc:296] Score histogram:
[cartographer_node-1] Count: 46  Min: 0.580177  Max: 0.839087  Mean: 0.687493
[cartographer_node-1] [0.580177, 0.606068)	                 ###	Count: 8 (17.3913%)	Total: 8 (17.3913%)
[cartographer_node-1] [0.606068, 0.631959)	                   #	Count: 2 (4.34783%)	Total: 10 (21.7391%)
[cartographer_node-1] [0.631959, 0.657850)	                 ###	Count: 7 (15.2174%)	Total: 17 (36.9565%)
[cartographer_node-1] [0.657850, 0.683741)	                 ###	Count: 6 (13.0435%)	Total: 23 (50%)
[cartographer_node-1] [0.683741, 0.709632)	                 ###	Count: 8 (17.3913%)	Total: 31 (67.3913%)
[cartographer_node-1] [0.709632, 0.735523)	                   #	Count: 3 (6.52174%)	Total: 34 (73.913%)
[cartographer_node-1] [0.735523, 0.761414)	                  ##	Count: 5 (10.8696%)	Total: 39 (84.7826%)
[cartographer_node-1] [0.761414, 0.787305)	                   #	Count: 2 (4.34783%)	Total: 41 (89.1304%)
[cartographer_node-1] [0.787305, 0.813196)	                  ##	Count: 4 (8.69565%)	Total: 45 (97.8261%)
[cartographer_node-1] [0.813196, 0.839087]	                    	Count: 1 (2.17391%)	Total: 46 (100%)
[cartographer_node-1] [INFO] [1778748388.393605827] [cartographer logger]: I0514 17:46:28.000000 82616 pose_graph_2d.cc:538] Remaining work items in queue: 1
[cartographer_node-1] [INFO] [1778748388.393628599] [cartographer logger]: I0514 17:46:28.000000 82616 constraint_builder_2d.cc:294] 0 computations resulted in 0 additional constraints.
[cartographer_node-1] [INFO] [1778748388.393706374] [cartographer logger]: I0514 17:46:28.000000 82616 constraint_builder_2d.cc:296] Score histogram:
[cartographer_node-1] Count: 46  Min: 0.580177  Max: 0.839087  Mean: 0.687493
[cartographer_node-1] [0.580177, 0.606068)	                 ###	Count: 8 (17.3913%)	Total: 8 (17.3913%)
[cartographer_node-1] [0.606068, 0.631959)	                   #	Count: 2 (4.34783%)	Total: 10 (21.7391%)
[cartographer_node-1] [0.631959, 0.657850)	                 ###	Count: 7 (15.2174%)	Total: 17 (36.9565%)
[cartographer_node-1] [0.657850, 0.683741)	                 ###	Count: 6 (13.0435%)	Total: 23 (50%)
[cartographer_node-1] [0.683741, 0.709632)	                 ###	Count: 8 (17.3913%)	Total: 31 (67.3913%)
[cartographer_node-1] [0.709632, 0.735523)	                   #	Count: 3 (6.52174%)	Total: 34 (73.913%)
[cartographer_node-1] [0.735523, 0.761414)	                  ##	Count: 5 (10.8696%)	Total: 39 (84.7826%)
[cartographer_node-1] [0.761414, 0.787305)	                   #	Count: 2 (4.34783%)	Total: 41 (89.1304%)
[cartographer_node-1] [0.787305, 0.813196)	                  ##	Count: 4 (8.69565%)	Total: 45 (97.8261%)
[cartographer_node-1] [0.813196, 0.839087]	                    	Count: 1 (2.17391%)	Total: 46 (100%)
[cartographer_node-1] [INFO] [1778748388.485384204] [cartographer logger]: I0514 17:46:28.000000 82613 pose_graph_2d.cc:538] Remaining work items in queue: 1
[cartographer_node-1] [INFO] [1778748388.485407642] [cartographer logger]: I0514 17:46:28.000000 82613 constraint_builder_2d.cc:294] 0 computations resulted in 0 additional constraints.
[cartographer_node-1] [INFO] [1778748388.485651459] [cartographer logger]: I0514 17:46:28.000000 82613 constraint_builder_2d.cc:296] Score histogram:
[cartographer_node-1] Count: 46  Min: 0.580177  Max: 0.839087  Mean: 0.687493
[cartographer_node-1] [0.580177, 0.606068)	                 ###	Count: 8 (17.3913%)	Total: 8 (17.3913%)
[cartographer_node-1] [0.606068, 0.631959)	                   #	Count: 2 (4.34783%)	Total: 10 (21.7391%)
[cartographer_node-1] [0.631959, 0.657850)	                 ###	Count: 7 (15.2174%)	Total: 17 (36.9565%)
[cartographer_node-1] [0.657850, 0.683741)	                 ###	Count: 6 (13.0435%)	Total: 23 (50%)
[cartographer_node-1] [0.683741, 0.709632)	                 ###	Count: 8 (17.3913%)	Total: 31 (67.3913%)
[cartographer_node-1] [0.709632, 0.735523)	                   #	Count: 3 (6.52174%)	Total: 34 (73.913%)
[cartographer_node-1] [0.735523, 0.761414)	                  ##	Count: 5 (10.8696%)	Total: 39 (84.7826%)
[cartographer_node-1] [0.761414, 0.787305)	                   #	Count: 2 (4.34783%)	Total: 41 (89.1304%)
[cartographer_node-1] [0.787305, 0.813196)	                  ##	Count: 4 (8.69565%)	Total: 45 (97.8261%)
[cartographer_node-1] [0.813196, 0.839087]	                    	Count: 1 (2.17391%)	Total: 46 (100%)
[cartographer_node-1] [INFO] [1778748388.551516746] [cartographer logger]: I0514 17:46:28.000000 82613 pose_graph_2d.cc:538] Remaining work items in queue: 1
[cartographer_node-1] [INFO] [1778748388.551539892] [cartographer logger]: I0514 17:46:28.000000 82613 constraint_builder_2d.cc:294] 0 computations resulted in 0 additional constraints.
[cartographer_node-1] [INFO] [1778748388.551839397] [cartographer logger]: I0514 17:46:28.000000 82613 constraint_builder_2d.cc:296] Score histogram:
[cartographer_node-1] Count: 46  Min: 0.580177  Max: 0.839087  Mean: 0.687493
[cartographer_node-1] [0.580177, 0.606068)	                 ###	Count: 8 (17.3913%)	Total: 8 (17.3913%)
[cartographer_node-1] [0.606068, 0.631959)	                   #	Count: 2 (4.34783%)	Total: 10 (21.7391%)
[cartographer_node-1] [0.631959, 0.657850)	                 ###	Count: 7 (15.2174%)	Total: 17 (36.9565%)
[cartographer_node-1] [0.657850, 0.683741)	                 ###	Count: 6 (13.0435%)	Total: 23 (50%)
[cartographer_node-1] [0.683741, 0.709632)	                 ###	Count: 8 (17.3913%)	Total: 31 (67.3913%)
[cartographer_node-1] [0.709632, 0.735523)	                   #	Count: 3 (6.52174%)	Total: 34 (73.913%)
[cartographer_node-1] [0.735523, 0.761414)	                  ##	Count: 5 (10.8696%)	Total: 39 (84.7826%)
[cartographer_node-1] [0.761414, 0.787305)	                   #	Count: 2 (4.34783%)	Total: 41 (89.1304%)
[cartographer_node-1] [0.787305, 0.813196)	                  ##	Count: 4 (8.69565%)	Total: 45 (97.8261%)
[cartographer_node-1] [0.813196, 0.839087]	                    	Count: 1 (2.17391%)	Total: 46 (100%)
[cartographer_node-1] [INFO] [1778748388.644329279] [cartographer logger]: I0514 17:46:28.000000 82614 pose_graph_2d.cc:538] Remaining work items in queue: 1
[cartographer_node-1] [INFO] [1778748388.644356458] [cartographer logger]: I0514 17:46:28.000000 82614 constraint_builder_2d.cc:294] 1 computations resulted in 0 additional constraints.
[cartographer_node-1] [INFO] [1778748388.644380851] [cartographer logger]: I0514 17:46:28.000000 82614 constraint_builder_2d.cc:296] Score histogram:
[cartographer_node-1] Count: 46  Min: 0.580177  Max: 0.839087  Mean: 0.687493
[cartographer_node-1] [0.580177, 0.606068)	                 ###	Count: 8 (17.3913%)	Total: 8 (17.3913%)
[cartographer_node-1] [0.606068, 0.631959)	                   #	Count: 2 (4.34783%)	Total: 10 (21.7391%)
[cartographer_node-1] [0.631959, 0.657850)	                 ###	Count: 7 (15.2174%)	Total: 17 (36.9565%)
[cartographer_node-1] [0.657850, 0.683741)	                 ###	Count: 6 (13.0435%)	Total: 23 (50%)
[cartographer_node-1] [0.683741, 0.709632)	                 ###	Count: 8 (17.3913%)	Total: 31 (67.3913%)
[cartographer_node-1] [0.709632, 0.735523)	                   #	Count: 3 (6.52174%)	Total: 34 (73.913%)
[cartographer_node-1] [0.735523, 0.761414)	                  ##	Count: 5 (10.8696%)	Total: 39 (84.7826%)
[cartographer_node-1] [0.761414, 0.787305)	                   #	Count: 2 (4.34783%)	Total: 41 (89.1304%)
[cartographer_node-1] [0.787305, 0.813196)	                  ##	Count: 4 (8.69565%)	Total: 45 (97.8261%)
[cartographer_node-1] [0.813196, 0.839087]	                    	Count: 1 (2.17391%)	Total: 46 (100%)
[cartographer_node-1] [INFO] [1778748388.751064634] [cartographer logger]: I0514 17:46:28.000000 82615 pose_graph_2d.cc:538] Remaining work items in queue: 0
[cartographer_node-1] [INFO] [1778748388.751124189] [cartographer logger]: I0514 17:46:28.000000 82615 constraint_builder_2d.cc:294] 0 computations resulted in 0 additional constraints.
[cartographer_node-1] [INFO] [1778748388.751518035] [cartographer logger]: I0514 17:46:28.000000 82615 constraint_builder_2d.cc:296] Score histogram:
[cartographer_node-1] Count: 46  Min: 0.580177  Max: 0.839087  Mean: 0.687493
[cartographer_node-1] [0.580177, 0.606068)	                 ###	Count: 8 (17.3913%)	Total: 8 (17.3913%)
[cartographer_node-1] [0.606068, 0.631959)	                   #	Count: 2 (4.34783%)	Total: 10 (21.7391%)
[cartographer_node-1] [0.631959, 0.657850)	                 ###	Count: 7 (15.2174%)	Total: 17 (36.9565%)
[cartographer_node-1] [0.657850, 0.683741)	                 ###	Count: 6 (13.0435%)	Total: 23 (50%)
[cartographer_node-1] [0.683741, 0.709632)	                 ###	Count: 8 (17.3913%)	Total: 31 (67.3913%)
[cartographer_node-1] [0.709632, 0.735523)	                   #	Count: 3 (6.52174%)	Total: 34 (73.913%)
[cartographer_node-1] [0.735523, 0.761414)	                  ##	Count: 5 (10.8696%)	Total: 39 (84.7826%)
[cartographer_node-1] [0.761414, 0.787305)	                   #	Count: 2 (4.34783%)	Total: 41 (89.1304%)
[cartographer_node-1] [0.787305, 0.813196)	                  ##	Count: 4 (8.69565%)	Total: 45 (97.8261%)
[cartographer_node-1] [0.813196, 0.839087]	                    	Count: 1 (2.17391%)	Total: 46 (100%)
[cartographer_node-1] [INFO] [1778748388.852954681] [cartographer logger]: I0514 17:46:28.000000 82613 pose_graph_2d.cc:538] Remaining work items in queue: 1
[cartographer_node-1] [INFO] [1778748388.852978803] [cartographer logger]: I0514 17:46:28.000000 82613 constraint_builder_2d.cc:294] 0 computations resulted in 0 additional constraints.
[cartographer_node-1] [INFO] [1778748388.853006073] [cartographer logger]: I0514 17:46:28.000000 82613 constraint_builder_2d.cc:296] Score histogram:
[cartographer_node-1] Count: 46  Min: 0.580177  Max: 0.839087  Mean: 0.687493
[cartographer_node-1] [0.580177, 0.606068)	                 ###	Count: 8 (17.3913%)	Total: 8 (17.3913%)
[cartographer_node-1] [0.606068, 0.631959)	                   #	Count: 2 (4.34783%)	Total: 10 (21.7391%)
[cartographer_node-1] [0.631959, 0.657850)	                 ###	Count: 7 (15.2174%)	Total: 17 (36.9565%)
[cartographer_node-1] [0.657850, 0.683741)	                 ###	Count: 6 (13.0435%)	Total: 23 (50%)
[cartographer_node-1] [0.683741, 0.709632)	                 ###	Count: 8 (17.3913%)	Total: 31 (67.3913%)
[cartographer_node-1] [0.709632, 0.735523)	                   #	Count: 3 (6.52174%)	Total: 34 (73.913%)
[cartographer_node-1] [0.735523, 0.761414)	                  ##	Count: 5 (10.8696%)	Total: 39 (84.7826%)
[cartographer_node-1] [0.761414, 0.787305)	                   #	Count: 2 (4.34783%)	Total: 41 (89.1304%)
[cartographer_node-1] [0.787305, 0.813196)	                  ##	Count: 4 (8.69565%)	Total: 45 (97.8261%)
[cartographer_node-1] [0.813196, 0.839087]	                    	Count: 1 (2.17391%)	Total: 46 (100%)
[cartographer_node-1] [INFO] [1778748389.010459095] [cartographer logger]: I0514 17:46:29.000000 82615 pose_graph_2d.cc:538] Remaining work items in queue: 1
[cartographer_node-1] [INFO] [1778748389.010549528] [cartographer logger]: I0514 17:46:29.000000 82615 constraint_builder_2d.cc:294] 0 computations resulted in 0 additional constraints.
[cartographer_node-1] [INFO] [1778748389.011449034] [cartographer logger]: I0514 17:46:29.000000 82615 constraint_builder_2d.cc:296] Score histogram:
[cartographer_node-1] Count: 46  Min: 0.580177  Max: 0.839087  Mean: 0.687493
[cartographer_node-1] [0.580177, 0.606068)	                 ###	Count: 8 (17.3913%)	Total: 8 (17.3913%)
[cartographer_node-1] [0.606068, 0.631959)	                   #	Count: 2 (4.34783%)	Total: 10 (21.7391%)
[cartographer_node-1] [0.631959, 0.657850)	                 ###	Count: 7 (15.2174%)	Total: 17 (36.9565%)
[cartographer_node-1] [0.657850, 0.683741)	                 ###	Count: 6 (13.0435%)	Total: 23 (50%)
[cartographer_node-1] [0.683741, 0.709632)	                 ###	Count: 8 (17.3913%)	Total: 31 (67.3913%)
[cartographer_node-1] [0.709632, 0.735523)	                   #	Count: 3 (6.52174%)	Total: 34 (73.913%)
[cartographer_node-1] [0.735523, 0.761414)	                  ##	Count: 5 (10.8696%)	Total: 39 (84.7826%)
[cartographer_node-1] [0.761414, 0.787305)	                   #	Count: 2 (4.34783%)	Total: 41 (89.1304%)
[cartographer_node-1] [0.787305, 0.813196)	                  ##	Count: 4 (8.69565%)	Total: 45 (97.8261%)
[cartographer_node-1] [0.813196, 0.839087]	                    	Count: 1 (2.17391%)	Total: 46 (100%)
[cartographer_node-1] [INFO] [1778748389.149256502] [cartographer logger]: I0514 17:46:29.000000 82616 pose_graph_2d.cc:538] Remaining work items in queue: 0
[cartographer_node-1] [INFO] [1778748389.149290230] [cartographer logger]: I0514 17:46:29.000000 82616 constraint_builder_2d.cc:294] 0 computations resulted in 0 additional constraints.
[cartographer_node-1] [INFO] [1778748389.149689761] [cartographer logger]: I0514 17:46:29.000000 82616 constraint_builder_2d.cc:296] Score histogram:
[cartographer_node-1] Count: 46  Min: 0.580177  Max: 0.839087  Mean: 0.687493
[cartographer_node-1] [0.580177, 0.606068)	                 ###	Count: 8 (17.3913%)	Total: 8 (17.3913%)
[cartographer_node-1] [0.606068, 0.631959)	                   #	Count: 2 (4.34783%)	Total: 10 (21.7391%)
[cartographer_node-1] [0.631959, 0.657850)	                 ###	Count: 7 (15.2174%)	Total: 17 (36.9565%)
[cartographer_node-1] [0.657850, 0.683741)	                 ###	Count: 6 (13.0435%)	Total: 23 (50%)
[cartographer_node-1] [0.683741, 0.709632)	                 ###	Count: 8 (17.3913%)	Total: 31 (67.3913%)
[cartographer_node-1] [0.709632, 0.735523)	                   #	Count: 3 (6.52174%)	Total: 34 (73.913%)
[cartographer_node-1] [0.735523, 0.761414)	                  ##	Count: 5 (10.8696%)	Total: 39 (84.7826%)
[cartographer_node-1] [0.761414, 0.787305)	                   #	Count: 2 (4.34783%)	Total: 41 (89.1304%)
[cartographer_node-1] [0.787305, 0.813196)	                  ##	Count: 4 (8.69565%)	Total: 45 (97.8261%)
[cartographer_node-1] [0.813196, 0.839087]	                    	Count: 1 (2.17391%)	Total: 46 (100%)
[cartographer_node-1] [INFO] [1778748389.216690586] [cartographer logger]: I0514 17:46:29.000000 82615 constraint_builder_2d.cc:279] Node (1, 771) with 219 points on submap (0, 6) matches with score 75.2%.
[cartographer_node-1] [INFO] [1778748389.301773241] [cartographer logger]: I0514 17:46:29.000000 82613 pose_graph_2d.cc:538] Remaining work items in queue: 0
[cartographer_node-1] [INFO] [1778748389.301800910] [cartographer logger]: I0514 17:46:29.000000 82613 constraint_builder_2d.cc:294] 1 computations resulted in 1 additional constraints.
[cartographer_node-1] [INFO] [1778748389.302157342] [cartographer logger]: I0514 17:46:29.000000 82613 constraint_builder_2d.cc:296] Score histogram:
[cartographer_node-1] Count: 47  Min: 0.580177  Max: 0.839087  Mean: 0.688865
[cartographer_node-1] [0.580177, 0.606068)	                 ###	Count: 8 (17.0213%)	Total: 8 (17.0213%)
[cartographer_node-1] [0.606068, 0.631959)	                   #	Count: 2 (4.25532%)	Total: 10 (21.2766%)
[cartographer_node-1] [0.631959, 0.657850)	                 ###	Count: 7 (14.8936%)	Total: 17 (36.1702%)
[cartographer_node-1] [0.657850, 0.683741)	                 ###	Count: 6 (12.766%)	Total: 23 (48.9362%)
[cartographer_node-1] [0.683741, 0.709632)	                 ###	Count: 8 (17.0213%)	Total: 31 (65.9574%)
[cartographer_node-1] [0.709632, 0.735523)	                   #	Count: 3 (6.38298%)	Total: 34 (72.3404%)
[cartographer_node-1] [0.735523, 0.761414)	                 ###	Count: 6 (12.766%)	Total: 40 (85.1064%)
[cartographer_node-1] [0.761414, 0.787305)	                   #	Count: 2 (4.25532%)	Total: 42 (89.3617%)
[cartographer_node-1] [0.787305, 0.813196)	                  ##	Count: 4 (8.51064%)	Total: 46 (97.8723%)
[cartographer_node-1] [0.813196, 0.839087]	                    	Count: 1 (2.12766%)	Total: 47 (100%)
[cartographer_node-1] [INFO] [1778748389.413865935] [cartographer logger]: I0514 17:46:29.000000 82616 pose_graph_2d.cc:538] Remaining work items in queue: 2
[cartographer_node-1] [INFO] [1778748389.413889396] [cartographer logger]: I0514 17:46:29.000000 82616 constraint_builder_2d.cc:294] 0 computations resulted in 0 additional constraints.
[cartographer_node-1] [INFO] [1778748389.414224336] [cartographer logger]: I0514 17:46:29.000000 82616 constraint_builder_2d.cc:296] Score histogram:
[cartographer_node-1] Count: 47  Min: 0.580177  Max: 0.839087  Mean: 0.688865
[cartographer_node-1] [0.580177, 0.606068)	                 ###	Count: 8 (17.0213%)	Total: 8 (17.0213%)
[cartographer_node-1] [0.606068, 0.631959)	                   #	Count: 2 (4.25532%)	Total: 10 (21.2766%)
[cartographer_node-1] [0.631959, 0.657850)	                 ###	Count: 7 (14.8936%)	Total: 17 (36.1702%)
[cartographer_node-1] [0.657850, 0.683741)	                 ###	Count: 6 (12.766%)	Total: 23 (48.9362%)
[cartographer_node-1] [0.683741, 0.709632)	                 ###	Count: 8 (17.0213%)	Total: 31 (65.9574%)
[cartographer_node-1] [0.709632, 0.735523)	                   #	Count: 3 (6.38298%)	Total: 34 (72.3404%)
[cartographer_node-1] [0.735523, 0.761414)	                 ###	Count: 6 (12.766%)	Total: 40 (85.1064%)
[cartographer_node-1] [0.761414, 0.787305)	                   #	Count: 2 (4.25532%)	Total: 42 (89.3617%)
[cartographer_node-1] [0.787305, 0.813196)	                  ##	Count: 4 (8.51064%)	Total: 46 (97.8723%)
[cartographer_node-1] [0.813196, 0.839087]	                    	Count: 1 (2.12766%)	Total: 47 (100%)
[cartographer_node-1] [INFO] [1778748389.550426364] [cartographer logger]: I0514 17:46:29.000000 82615 pose_graph_2d.cc:538] Remaining work items in queue: 1
[cartographer_node-1] [INFO] [1778748389.550451719] [cartographer logger]: I0514 17:46:29.000000 82615 constraint_builder_2d.cc:294] 0 computations resulted in 0 additional constraints.
[cartographer_node-1] [INFO] [1778748389.550523909] [cartographer logger]: I0514 17:46:29.000000 82615 constraint_builder_2d.cc:296] Score histogram:
[cartographer_node-1] Count: 47  Min: 0.580177  Max: 0.839087  Mean: 0.688865
[cartographer_node-1] [0.580177, 0.606068)	                 ###	Count: 8 (17.0213%)	Total: 8 (17.0213%)
[cartographer_node-1] [0.606068, 0.631959)	                   #	Count: 2 (4.25532%)	Total: 10 (21.2766%)
[cartographer_node-1] [0.631959, 0.657850)	                 ###	Count: 7 (14.8936%)	Total: 17 (36.1702%)
[cartographer_node-1] [0.657850, 0.683741)	                 ###	Count: 6 (12.766%)	Total: 23 (48.9362%)
[cartographer_node-1] [0.683741, 0.709632)	                 ###	Count: 8 (17.0213%)	Total: 31 (65.9574%)
[cartographer_node-1] [0.709632, 0.735523)	                   #	Count: 3 (6.38298%)	Total: 34 (72.3404%)
[cartographer_node-1] [0.735523, 0.761414)	                 ###	Count: 6 (12.766%)	Total: 40 (85.1064%)
[cartographer_node-1] [0.761414, 0.787305)	                   #	Count: 2 (4.25532%)	Total: 42 (89.3617%)
[cartographer_node-1] [0.787305, 0.813196)	                  ##	Count: 4 (8.51064%)	Total: 46 (97.8723%)
[cartographer_node-1] [0.813196, 0.839087]	                    	Count: 1 (2.12766%)	Total: 47 (100%)
[cartographer_node-1] [INFO] [1778748389.719733570] [cartographer logger]: I0514 17:46:29.000000 82613 pose_graph_2d.cc:538] Remaining work items in queue: 0
[cartographer_node-1] [INFO] [1778748389.719778809] [cartographer logger]: I0514 17:46:29.000000 82613 constraint_builder_2d.cc:294] 0 computations resulted in 0 additional constraints.
[cartographer_node-1] [INFO] [1778748389.719859124] [cartographer logger]: I0514 17:46:29.000000 82613 constraint_builder_2d.cc:296] Score histogram:
[cartographer_node-1] Count: 47  Min: 0.580177  Max: 0.839087  Mean: 0.688865
[cartographer_node-1] [0.580177, 0.606068)	                 ###	Count: 8 (17.0213%)	Total: 8 (17.0213%)
[cartographer_node-1] [0.606068, 0.631959)	                   #	Count: 2 (4.25532%)	Total: 10 (21.2766%)
[cartographer_node-1] [0.631959, 0.657850)	                 ###	Count: 7 (14.8936%)	Total: 17 (36.1702%)
[cartographer_node-1] [0.657850, 0.683741)	                 ###	Count: 6 (12.766%)	Total: 23 (48.9362%)
[cartographer_node-1] [0.683741, 0.709632)	                 ###	Count: 8 (17.0213%)	Total: 31 (65.9574%)
[cartographer_node-1] [0.709632, 0.735523)	                   #	Count: 3 (6.38298%)	Total: 34 (72.3404%)
[cartographer_node-1] [0.735523, 0.761414)	                 ###	Count: 6 (12.766%)	Total: 40 (85.1064%)
[cartographer_node-1] [0.761414, 0.787305)	                   #	Count: 2 (4.25532%)	Total: 42 (89.3617%)
[cartographer_node-1] [0.787305, 0.813196)	                  ##	Count: 4 (8.51064%)	Total: 46 (97.8723%)
[cartographer_node-1] [0.813196, 0.839087]	                    	Count: 1 (2.12766%)	Total: 47 (100%)
[cartographer_node-1] [INFO] [1778748389.875640553] [cartographer logger]: I0514 17:46:29.000000 82616 pose_graph_2d.cc:538] Remaining work items in queue: 1
[cartographer_node-1] [INFO] [1778748389.897107552] [cartographer logger]: I0514 17:46:29.000000 82615 constraint_builder_2d.cc:294] 1 computations resulted in 0 additional constraints.
[cartographer_node-1] [INFO] [1778748389.897142600] [cartographer logger]: I0514 17:46:29.000000 82615 constraint_builder_2d.cc:296] Score histogram:
[cartographer_node-1] Count: 47  Min: 0.580177  Max: 0.839087  Mean: 0.688865
[cartographer_node-1] [0.580177, 0.606068)	                 ###	Count: 8 (17.0213%)	Total: 8 (17.0213%)
[cartographer_node-1] [0.606068, 0.631959)	                   #	Count: 2 (4.25532%)	Total: 10 (21.2766%)
[cartographer_node-1] [0.631959, 0.657850)	                 ###	Count: 7 (14.8936%)	Total: 17 (36.1702%)
[cartographer_node-1] [0.657850, 0.683741)	                 ###	Count: 6 (12.766%)	Total: 23 (48.9362%)
[cartographer_node-1] [0.683741, 0.709632)	                 ###	Count: 8 (17.0213%)	Total: 31 (65.9574%)
[cartographer_node-1] [0.709632, 0.735523)	                   #	Count: 3 (6.38298%)	Total: 34 (72.3404%)
[cartographer_node-1] [0.735523, 0.761414)	                 ###	Count: 6 (12.766%)	Total: 40 (85.1064%)
[cartographer_node-1] [0.761414, 0.787305)	                   #	Count: 2 (4.25532%)	Total: 42 (89.3617%)
[cartographer_node-1] [0.787305, 0.813196)	                  ##	Count: 4 (8.51064%)	Total: 46 (97.8723%)
[cartographer_node-1] [0.813196, 0.839087]	                    	Count: 1 (2.12766%)	Total: 47 (100%)
[cartographer_node-1] [INFO] [1778748390.044505753] [cartographer logger]: I0514 17:46:30.000000 82614 pose_graph_2d.cc:538] Remaining work items in queue: 0
[cartographer_node-1] [INFO] [1778748390.044529370] [cartographer logger]: I0514 17:46:30.000000 82614 constraint_builder_2d.cc:294] 0 computations resulted in 0 additional constraints.
[cartographer_node-1] [INFO] [1778748390.044598263] [cartographer logger]: I0514 17:46:30.000000 82614 constraint_builder_2d.cc:296] Score histogram:
[cartographer_node-1] Count: 47  Min: 0.580177  Max: 0.839087  Mean: 0.688865
[cartographer_node-1] [0.580177, 0.606068)	                 ###	Count: 8 (17.0213%)	Total: 8 (17.0213%)
[cartographer_node-1] [0.606068, 0.631959)	                   #	Count: 2 (4.25532%)	Total: 10 (21.2766%)
[cartographer_node-1] [0.631959, 0.657850)	                 ###	Count: 7 (14.8936%)	Total: 17 (36.1702%)
[cartographer_node-1] [0.657850, 0.683741)	                 ###	Count: 6 (12.766%)	Total: 23 (48.9362%)
[cartographer_node-1] [0.683741, 0.709632)	                 ###	Count: 8 (17.0213%)	Total: 31 (65.9574%)
[cartographer_node-1] [0.709632, 0.735523)	                   #	Count: 3 (6.38298%)	Total: 34 (72.3404%)
[cartographer_node-1] [0.735523, 0.761414)	                 ###	Count: 6 (12.766%)	Total: 40 (85.1064%)
[cartographer_node-1] [0.761414, 0.787305)	                   #	Count: 2 (4.25532%)	Total: 42 (89.3617%)
[cartographer_node-1] [0.787305, 0.813196)	                  ##	Count: 4 (8.51064%)	Total: 46 (97.8723%)
[cartographer_node-1] [0.813196, 0.839087]	                    	Count: 1 (2.12766%)	Total: 47 (100%)
[cartographer_node-1] [INFO] [1778748390.182559316] [cartographer logger]: I0514 17:46:30.000000 82615 pose_graph_2d.cc:538] Remaining work items in queue: 1
[cartographer_node-1] [INFO] [1778748390.182605136] [cartographer logger]: I0514 17:46:30.000000 82615 constraint_builder_2d.cc:294] 0 computations resulted in 0 additional constraints.
[cartographer_node-1] [INFO] [1778748390.182752456] [cartographer logger]: I0514 17:46:30.000000 82615 constraint_builder_2d.cc:296] Score histogram:
[cartographer_node-1] Count: 47  Min: 0.580177  Max: 0.839087  Mean: 0.688865
[cartographer_node-1] [0.580177, 0.606068)	                 ###	Count: 8 (17.0213%)	Total: 8 (17.0213%)
[cartographer_node-1] [0.606068, 0.631959)	                   #	Count: 2 (4.25532%)	Total: 10 (21.2766%)
[cartographer_node-1] [0.631959, 0.657850)	                 ###	Count: 7 (14.8936%)	Total: 17 (36.1702%)
[cartographer_node-1] [0.657850, 0.683741)	                 ###	Count: 6 (12.766%)	Total: 23 (48.9362%)
[cartographer_node-1] [0.683741, 0.709632)	                 ###	Count: 8 (17.0213%)	Total: 31 (65.9574%)
[cartographer_node-1] [0.709632, 0.735523)	                   #	Count: 3 (6.38298%)	Total: 34 (72.3404%)
[cartographer_node-1] [0.735523, 0.761414)	                 ###	Count: 6 (12.766%)	Total: 40 (85.1064%)
[cartographer_node-1] [0.761414, 0.787305)	                   #	Count: 2 (4.25532%)	Total: 42 (89.3617%)
[cartographer_node-1] [0.787305, 0.813196)	                  ##	Count: 4 (8.51064%)	Total: 46 (97.8723%)
[cartographer_node-1] [0.813196, 0.839087]	                    	Count: 1 (2.12766%)	Total: 47 (100%)
[cartographer_node-1] [INFO] [1778748390.350135494] [cartographer logger]: I0514 17:46:30.000000 82615 pose_graph_2d.cc:538] Remaining work items in queue: 1
[cartographer_node-1] [INFO] [1778748390.350163067] [cartographer logger]: I0514 17:46:30.000000 82615 constraint_builder_2d.cc:294] 0 computations resulted in 0 additional constraints.
[cartographer_node-1] [INFO] [1778748390.350285987] [cartographer logger]: I0514 17:46:30.000000 82615 constraint_builder_2d.cc:296] Score histogram:
[cartographer_node-1] Count: 47  Min: 0.580177  Max: 0.839087  Mean: 0.688865
[cartographer_node-1] [0.580177, 0.606068)	                 ###	Count: 8 (17.0213%)	Total: 8 (17.0213%)
[cartographer_node-1] [0.606068, 0.631959)	                   #	Count: 2 (4.25532%)	Total: 10 (21.2766%)
[cartographer_node-1] [0.631959, 0.657850)	                 ###	Count: 7 (14.8936%)	Total: 17 (36.1702%)
[cartographer_node-1] [0.657850, 0.683741)	                 ###	Count: 6 (12.766%)	Total: 23 (48.9362%)
[cartographer_node-1] [0.683741, 0.709632)	                 ###	Count: 8 (17.0213%)	Total: 31 (65.9574%)
[cartographer_node-1] [0.709632, 0.735523)	                   #	Count: 3 (6.38298%)	Total: 34 (72.3404%)
[cartographer_node-1] [0.735523, 0.761414)	                 ###	Count: 6 (12.766%)	Total: 40 (85.1064%)
[cartographer_node-1] [0.761414, 0.787305)	                   #	Count: 2 (4.25532%)	Total: 42 (89.3617%)
[cartographer_node-1] [0.787305, 0.813196)	                  ##	Count: 4 (8.51064%)	Total: 46 (97.8723%)
[cartographer_node-1] [0.813196, 0.839087]	                    	Count: 1 (2.12766%)	Total: 47 (100%)
[cartographer_node-1] [INFO] [1778748390.443589162] [cartographer logger]: I0514 17:46:30.000000 82615 pose_graph_2d.cc:538] Remaining work items in queue: 0
[cartographer_node-1] [INFO] [1778748390.443615081] [cartographer logger]: I0514 17:46:30.000000 82615 constraint_builder_2d.cc:294] 0 computations resulted in 0 additional constraints.
[cartographer_node-1] [INFO] [1778748390.444051685] [cartographer logger]: I0514 17:46:30.000000 82615 constraint_builder_2d.cc:296] Score histogram:
[cartographer_node-1] Count: 47  Min: 0.580177  Max: 0.839087  Mean: 0.688865
[cartographer_node-1] [0.580177, 0.606068)	                 ###	Count: 8 (17.0213%)	Total: 8 (17.0213%)
[cartographer_node-1] [0.606068, 0.631959)	                   #	Count: 2 (4.25532%)	Total: 10 (21.2766%)
[cartographer_node-1] [0.631959, 0.657850)	                 ###	Count: 7 (14.8936%)	Total: 17 (36.1702%)
[cartographer_node-1] [0.657850, 0.683741)	                 ###	Count: 6 (12.766%)	Total: 23 (48.9362%)
[cartographer_node-1] [0.683741, 0.709632)	                 ###	Count: 8 (17.0213%)	Total: 31 (65.9574%)
[cartographer_node-1] [0.709632, 0.735523)	                   #	Count: 3 (6.38298%)	Total: 34 (72.3404%)
[cartographer_node-1] [0.735523, 0.761414)	                 ###	Count: 6 (12.766%)	Total: 40 (85.1064%)
[cartographer_node-1] [0.761414, 0.787305)	                   #	Count: 2 (4.25532%)	Total: 42 (89.3617%)
[cartographer_node-1] [0.787305, 0.813196)	                  ##	Count: 4 (8.51064%)	Total: 46 (97.8723%)
[cartographer_node-1] [0.813196, 0.839087]	                    	Count: 1 (2.12766%)	Total: 47 (100%)
[cartographer_node-1] [INFO] [1778748390.547316599] [cartographer logger]: I0514 17:46:30.000000 82614 pose_graph_2d.cc:538] Remaining work items in queue: 1
[cartographer_node-1] [INFO] [1778748390.581513596] [cartographer logger]: I0514 17:46:30.000000 82616 constraint_builder_2d.cc:294] 1 computations resulted in 0 additional constraints.
[cartographer_node-1] [INFO] [1778748390.581556703] [cartographer logger]: I0514 17:46:30.000000 82616 constraint_builder_2d.cc:296] Score histogram:
[cartographer_node-1] Count: 47  Min: 0.580177  Max: 0.839087  Mean: 0.688865
[cartographer_node-1] [0.580177, 0.606068)	                 ###	Count: 8 (17.0213%)	Total: 8 (17.0213%)
[cartographer_node-1] [0.606068, 0.631959)	                   #	Count: 2 (4.25532%)	Total: 10 (21.2766%)
[cartographer_node-1] [0.631959, 0.657850)	                 ###	Count: 7 (14.8936%)	Total: 17 (36.1702%)
[cartographer_node-1] [0.657850, 0.683741)	                 ###	Count: 6 (12.766%)	Total: 23 (48.9362%)
[cartographer_node-1] [0.683741, 0.709632)	                 ###	Count: 8 (17.0213%)	Total: 31 (65.9574%)
[cartographer_node-1] [0.709632, 0.735523)	                   #	Count: 3 (6.38298%)	Total: 34 (72.3404%)
[cartographer_node-1] [0.735523, 0.761414)	                 ###	Count: 6 (12.766%)	Total: 40 (85.1064%)
[cartographer_node-1] [0.761414, 0.787305)	                   #	Count: 2 (4.25532%)	Total: 42 (89.3617%)
[cartographer_node-1] [0.787305, 0.813196)	                  ##	Count: 4 (8.51064%)	Total: 46 (97.8723%)
[cartographer_node-1] [0.813196, 0.839087]	                    	Count: 1 (2.12766%)	Total: 47 (100%)
[cartographer_node-1] [INFO] [1778748390.701703845] [cartographer logger]: I0514 17:46:30.000000 82614 pose_graph_2d.cc:538] Remaining work items in queue: 1
[cartographer_node-1] [INFO] [1778748390.701727241] [cartographer logger]: I0514 17:46:30.000000 82614 constraint_builder_2d.cc:294] 0 computations resulted in 0 additional constraints.
[cartographer_node-1] [INFO] [1778748390.702105909] [cartographer logger]: I0514 17:46:30.000000 82614 constraint_builder_2d.cc:296] Score histogram:
[cartographer_node-1] Count: 47  Min: 0.580177  Max: 0.839087  Mean: 0.688865
[cartographer_node-1] [0.580177, 0.606068)	                 ###	Count: 8 (17.0213%)	Total: 8 (17.0213%)
[cartographer_node-1] [0.606068, 0.631959)	                   #	Count: 2 (4.25532%)	Total: 10 (21.2766%)
[cartographer_node-1] [0.631959, 0.657850)	                 ###	Count: 7 (14.8936%)	Total: 17 (36.1702%)
[cartographer_node-1] [0.657850, 0.683741)	                 ###	Count: 6 (12.766%)	Total: 23 (48.9362%)
[cartographer_node-1] [0.683741, 0.709632)	                 ###	Count: 8 (17.0213%)	Total: 31 (65.9574%)
[cartographer_node-1] [0.709632, 0.735523)	                   #	Count: 3 (6.38298%)	Total: 34 (72.3404%)
[cartographer_node-1] [0.735523, 0.761414)	                 ###	Count: 6 (12.766%)	Total: 40 (85.1064%)
[cartographer_node-1] [0.761414, 0.787305)	                   #	Count: 2 (4.25532%)	Total: 42 (89.3617%)
[cartographer_node-1] [0.787305, 0.813196)	                  ##	Count: 4 (8.51064%)	Total: 46 (97.8723%)
[cartographer_node-1] [0.813196, 0.839087]	                    	Count: 1 (2.12766%)	Total: 47 (100%)
[cartographer_node-1] [INFO] [1778748390.852333970] [cartographer logger]: I0514 17:46:30.000000 82614 pose_graph_2d.cc:538] Remaining work items in queue: 1
[cartographer_node-1] [INFO] [1778748390.852355324] [cartographer logger]: I0514 17:46:30.000000 82614 constraint_builder_2d.cc:294] 0 computations resulted in 0 additional constraints.
[cartographer_node-1] [INFO] [1778748390.852843814] [cartographer logger]: I0514 17:46:30.000000 82614 constraint_builder_2d.cc:296] Score histogram:
[cartographer_node-1] Count: 47  Min: 0.580177  Max: 0.839087  Mean: 0.688865
[cartographer_node-1] [0.580177, 0.606068)	                 ###	Count: 8 (17.0213%)	Total: 8 (17.0213%)
[cartographer_node-1] [0.606068, 0.631959)	                   #	Count: 2 (4.25532%)	Total: 10 (21.2766%)
[cartographer_node-1] [0.631959, 0.657850)	                 ###	Count: 7 (14.8936%)	Total: 17 (36.1702%)
[cartographer_node-1] [0.657850, 0.683741)	                 ###	Count: 6 (12.766%)	Total: 23 (48.9362%)
[cartographer_node-1] [0.683741, 0.709632)	                 ###	Count: 8 (17.0213%)	Total: 31 (65.9574%)
[cartographer_node-1] [0.709632, 0.735523)	                   #	Count: 3 (6.38298%)	Total: 34 (72.3404%)
[cartographer_node-1] [0.735523, 0.761414)	                 ###	Count: 6 (12.766%)	Total: 40 (85.1064%)
[cartographer_node-1] [0.761414, 0.787305)	                   #	Count: 2 (4.25532%)	Total: 42 (89.3617%)
[cartographer_node-1] [0.787305, 0.813196)	                  ##	Count: 4 (8.51064%)	Total: 46 (97.8723%)
[cartographer_node-1] [0.813196, 0.839087]	                    	Count: 1 (2.12766%)	Total: 47 (100%)
[cartographer_node-1] [INFO] [1778748390.973945232] [cartographer logger]: I0514 17:46:30.000000 82616 pose_graph_2d.cc:538] Remaining work items in queue: 1
[cartographer_node-1] [INFO] [1778748390.975236643] [cartographer logger]: I0514 17:46:30.000000 82574 pose_graph_2d.cc:148] Inserted submap (1, 9).
[cartographer_node-1] [INFO] [1778748391.012508292] [cartographer logger]: I0514 17:46:31.000000 82616 constraint_builder_2d.cc:279] Node (0, 726) with 208 points on submap (1, 7) matches with score 82.2%.
[cartographer_node-1] [INFO] [1778748391.031095913] [cartographer logger]: I0514 17:46:31.000000 82614 constraint_builder_2d.cc:279] Node (0, 126) with 201 points on submap (1, 7) matches with score 73.8%.
[cartographer_node-1] [INFO] [1778748391.037298041] [cartographer logger]: I0514 17:46:31.000000 82613 constraint_builder_2d.cc:279] Node (0, 526) with 200 points on submap (1, 7) matches with score 73.2%.
[cartographer_node-1] [INFO] [1778748391.073030166] [cartographer logger]: I0514 17:46:31.000000 82616 constraint_builder_2d.cc:279] Node (0, 1326) with 215 points on submap (1, 7) matches with score 64.0%.
[cartographer_node-1] [INFO] [1778748391.089024199] [cartographer logger]: I0514 17:46:31.000000 82613 constraint_builder_2d.cc:279] Node (0, 1126) with 212 points on submap (1, 7) matches with score 76.0%.
[cartographer_node-1] [INFO] [1778748391.089086259] [cartographer logger]: I0514 17:46:31.000000 82613 constraint_builder_2d.cc:294] 8 computations resulted in 5 additional constraints.
[cartographer_node-1] [INFO] [1778748391.089137219] [cartographer logger]: I0514 17:46:31.000000 82613 constraint_builder_2d.cc:296] Score histogram:
[cartographer_node-1] Count: 52  Min: 0.580177  Max: 0.839087  Mean: 0.693641
[cartographer_node-1] [0.580177, 0.606068)	                 ###	Count: 8 (15.3846%)	Total: 8 (15.3846%)
[cartographer_node-1] [0.606068, 0.631959)	                   #	Count: 2 (3.84615%)	Total: 10 (19.2308%)
[cartographer_node-1] [0.631959, 0.657850)	                 ###	Count: 8 (15.3846%)	Total: 18 (34.6154%)
[cartographer_node-1] [0.657850, 0.683741)	                  ##	Count: 6 (11.5385%)	Total: 24 (46.1538%)
[cartographer_node-1] [0.683741, 0.709632)	                 ###	Count: 8 (15.3846%)	Total: 32 (61.5385%)
[cartographer_node-1] [0.709632, 0.735523)	                  ##	Count: 4 (7.69231%)	Total: 36 (69.2308%)
[cartographer_node-1] [0.735523, 0.761414)	                 ###	Count: 8 (15.3846%)	Total: 44 (84.6154%)
[cartographer_node-1] [0.761414, 0.787305)	                   #	Count: 2 (3.84615%)	Total: 46 (88.4615%)
[cartographer_node-1] [0.787305, 0.813196)	                  ##	Count: 4 (7.69231%)	Total: 50 (96.1538%)
[cartographer_node-1] [0.813196, 0.839087]	                   #	Count: 2 (3.84615%)	Total: 52 (100%)
[cartographer_node-1] [INFO] [1778748391.127319267] [cartographer logger]: I0514 17:46:31.000000 82613 pose_graph_2d.cc:538] Remaining work items in queue: 11
[cartographer_node-1] [INFO] [1778748391.127342360] [cartographer logger]: I0514 17:46:31.000000 82613 constraint_builder_2d.cc:294] 0 computations resulted in 0 additional constraints.
[cartographer_node-1] [INFO] [1778748391.127435233] [cartographer logger]: I0514 17:46:31.000000 82613 constraint_builder_2d.cc:296] Score histogram:
[cartographer_node-1] Count: 52  Min: 0.580177  Max: 0.839087  Mean: 0.693641
[cartographer_node-1] [0.580177, 0.606068)	                 ###	Count: 8 (15.3846%)	Total: 8 (15.3846%)
[cartographer_node-1] [0.606068, 0.631959)	                   #	Count: 2 (3.84615%)	Total: 10 (19.2308%)
[cartographer_node-1] [0.631959, 0.657850)	                 ###	Count: 8 (15.3846%)	Total: 18 (34.6154%)
[cartographer_node-1] [0.657850, 0.683741)	                  ##	Count: 6 (11.5385%)	Total: 24 (46.1538%)
[cartographer_node-1] [0.683741, 0.709632)	                 ###	Count: 8 (15.3846%)	Total: 32 (61.5385%)
[cartographer_node-1] [0.709632, 0.735523)	                  ##	Count: 4 (7.69231%)	Total: 36 (69.2308%)
[cartographer_node-1] [0.735523, 0.761414)	                 ###	Count: 8 (15.3846%)	Total: 44 (84.6154%)
[cartographer_node-1] [0.761414, 0.787305)	                   #	Count: 2 (3.84615%)	Total: 46 (88.4615%)
[cartographer_node-1] [0.787305, 0.813196)	                  ##	Count: 4 (7.69231%)	Total: 50 (96.1538%)
[cartographer_node-1] [0.813196, 0.839087]	                   #	Count: 2 (3.84615%)	Total: 52 (100%)
[cartographer_node-1] [INFO] [1778748391.145074570] [cartographer logger]: I0514 17:46:31.000000 82613 pose_graph_2d.cc:538] Remaining work items in queue: 4
[cartographer_node-1] [INFO] [1778748391.185070903] [cartographer logger]: I0514 17:46:31.000000 82614 constraint_builder_2d.cc:279] Node (1, 814) with 203 points on submap (0, 4) matches with score 61.0%.
[cartographer_node-1] [INFO] [1778748391.185097107] [cartographer logger]: I0514 17:46:31.000000 82614 constraint_builder_2d.cc:294] 1 computations resulted in 1 additional constraints.
[cartographer_node-1] [INFO] [1778748391.185115994] [cartographer logger]: I0514 17:46:31.000000 82614 constraint_builder_2d.cc:296] Score histogram:
[cartographer_node-1] Count: 53  Min: 0.580177  Max: 0.839087  Mean: 0.69206
[cartographer_node-1] [0.580177, 0.606068)	                 ###	Count: 8 (15.0943%)	Total: 8 (15.0943%)
[cartographer_node-1] [0.606068, 0.631959)	                   #	Count: 3 (5.66038%)	Total: 11 (20.7547%)
[cartographer_node-1] [0.631959, 0.657850)	                 ###	Count: 8 (15.0943%)	Total: 19 (35.8491%)
[cartographer_node-1] [0.657850, 0.683741)	                  ##	Count: 6 (11.3208%)	Total: 25 (47.1698%)
[cartographer_node-1] [0.683741, 0.709632)	                 ###	Count: 8 (15.0943%)	Total: 33 (62.2642%)
[cartographer_node-1] [0.709632, 0.735523)	                  ##	Count: 4 (7.54717%)	Total: 37 (69.8113%)
[cartographer_node-1] [0.735523, 0.761414)	                 ###	Count: 8 (15.0943%)	Total: 45 (84.9057%)
[cartographer_node-1] [0.761414, 0.787305)	                   #	Count: 2 (3.77358%)	Total: 47 (88.6792%)
[cartographer_node-1] [0.787305, 0.813196)	                  ##	Count: 4 (7.54717%)	Total: 51 (96.2264%)
[cartographer_node-1] [0.813196, 0.839087]	                   #	Count: 2 (3.77358%)	Total: 53 (100%)
[cartographer_node-1] [INFO] [1778748391.210847942] [cartographer logger]: I0514 17:46:31.000000 82614 pose_graph_2d.cc:538] Remaining work items in queue: 4
[cartographer_node-1] [INFO] [1778748391.210879175] [cartographer logger]: I0514 17:46:31.000000 82616 constraint_builder_2d.cc:294] 0 computations resulted in 0 additional constraints.
[cartographer_node-1] [INFO] [1778748391.210942092] [cartographer logger]: I0514 17:46:31.000000 82616 constraint_builder_2d.cc:296] Score histogram:
[cartographer_node-1] Count: 53  Min: 0.580177  Max: 0.839087  Mean: 0.69206
[cartographer_node-1] [0.580177, 0.606068)	                 ###	Count: 8 (15.0943%)	Total: 8 (15.0943%)
[cartographer_node-1] [0.606068, 0.631959)	                   #	Count: 3 (5.66038%)	Total: 11 (20.7547%)
[cartographer_node-1] [0.631959, 0.657850)	                 ###	Count: 8 (15.0943%)	Total: 19 (35.8491%)
[cartographer_node-1] [0.657850, 0.683741)	                  ##	Count: 6 (11.3208%)	Total: 25 (47.1698%)
[cartographer_node-1] [0.683741, 0.709632)	                 ###	Count: 8 (15.0943%)	Total: 33 (62.2642%)
[cartographer_node-1] [0.709632, 0.735523)	                  ##	Count: 4 (7.54717%)	Total: 37 (69.8113%)
[cartographer_node-1] [0.735523, 0.761414)	                 ###	Count: 8 (15.0943%)	Total: 45 (84.9057%)
[cartographer_node-1] [0.761414, 0.787305)	                   #	Count: 2 (3.77358%)	Total: 47 (88.6792%)
[cartographer_node-1] [0.787305, 0.813196)	                  ##	Count: 4 (7.54717%)	Total: 51 (96.2264%)
[cartographer_node-1] [0.813196, 0.839087]	                   #	Count: 2 (3.77358%)	Total: 53 (100%)
[cartographer_node-1] [INFO] [1778748391.233304724] [cartographer logger]: I0514 17:46:31.000000 82613 pose_graph_2d.cc:538] Remaining work items in queue: 0
[cartographer_node-1] [INFO] [1778748391.233334141] [cartographer logger]: I0514 17:46:31.000000 82613 constraint_builder_2d.cc:294] 0 computations resulted in 0 additional constraints.
[cartographer_node-1] [INFO] [1778748391.233498270] [cartographer logger]: I0514 17:46:31.000000 82613 constraint_builder_2d.cc:296] Score histogram:
[cartographer_node-1] Count: 53  Min: 0.580177  Max: 0.839087  Mean: 0.69206
[cartographer_node-1] [0.580177, 0.606068)	                 ###	Count: 8 (15.0943%)	Total: 8 (15.0943%)
[cartographer_node-1] [0.606068, 0.631959)	                   #	Count: 3 (5.66038%)	Total: 11 (20.7547%)
[cartographer_node-1] [0.631959, 0.657850)	                 ###	Count: 8 (15.0943%)	Total: 19 (35.8491%)
[cartographer_node-1] [0.657850, 0.683741)	                  ##	Count: 6 (11.3208%)	Total: 25 (47.1698%)
[cartographer_node-1] [0.683741, 0.709632)	                 ###	Count: 8 (15.0943%)	Total: 33 (62.2642%)
[cartographer_node-1] [0.709632, 0.735523)	                  ##	Count: 4 (7.54717%)	Total: 37 (69.8113%)
[cartographer_node-1] [0.735523, 0.761414)	                 ###	Count: 8 (15.0943%)	Total: 45 (84.9057%)
[cartographer_node-1] [0.761414, 0.787305)	                   #	Count: 2 (3.77358%)	Total: 47 (88.6792%)
[cartographer_node-1] [0.787305, 0.813196)	                  ##	Count: 4 (7.54717%)	Total: 51 (96.2264%)
[cartographer_node-1] [0.813196, 0.839087]	                   #	Count: 2 (3.77358%)	Total: 53 (100%)
[cartographer_node-1] [INFO] [1778748391.281843349] [cartographer logger]: I0514 17:46:31.000000 82615 pose_graph_2d.cc:538] Remaining work items in queue: 1
[cartographer_node-1] [INFO] [1778748391.281869517] [cartographer logger]: I0514 17:46:31.000000 82615 constraint_builder_2d.cc:294] 0 computations resulted in 0 additional constraints.
[cartographer_node-1] [INFO] [1778748391.281935788] [cartographer logger]: I0514 17:46:31.000000 82615 constraint_builder_2d.cc:296] Score histogram:
[cartographer_node-1] Count: 53  Min: 0.580177  Max: 0.839087  Mean: 0.69206
[cartographer_node-1] [0.580177, 0.606068)	                 ###	Count: 8 (15.0943%)	Total: 8 (15.0943%)
[cartographer_node-1] [0.606068, 0.631959)	                   #	Count: 3 (5.66038%)	Total: 11 (20.7547%)
[cartographer_node-1] [0.631959, 0.657850)	                 ###	Count: 8 (15.0943%)	Total: 19 (35.8491%)
[cartographer_node-1] [0.657850, 0.683741)	                  ##	Count: 6 (11.3208%)	Total: 25 (47.1698%)
[cartographer_node-1] [0.683741, 0.709632)	                 ###	Count: 8 (15.0943%)	Total: 33 (62.2642%)
[cartographer_node-1] [0.709632, 0.735523)	                  ##	Count: 4 (7.54717%)	Total: 37 (69.8113%)
[cartographer_node-1] [0.735523, 0.761414)	                 ###	Count: 8 (15.0943%)	Total: 45 (84.9057%)
[cartographer_node-1] [0.761414, 0.787305)	                   #	Count: 2 (3.77358%)	Total: 47 (88.6792%)
[cartographer_node-1] [0.787305, 0.813196)	                  ##	Count: 4 (7.54717%)	Total: 51 (96.2264%)
[cartographer_node-1] [0.813196, 0.839087]	                   #	Count: 2 (3.77358%)	Total: 53 (100%)
[cartographer_node-1] [INFO] [1778748391.373899735] [cartographer logger]: I0514 17:46:31.000000 82613 pose_graph_2d.cc:538] Remaining work items in queue: 1
[cartographer_node-1] [INFO] [1778748391.373923626] [cartographer logger]: I0514 17:46:31.000000 82613 constraint_builder_2d.cc:294] 0 computations resulted in 0 additional constraints.
[cartographer_node-1] [INFO] [1778748391.374247775] [cartographer logger]: I0514 17:46:31.000000 82613 constraint_builder_2d.cc:296] Score histogram:
[cartographer_node-1] Count: 53  Min: 0.580177  Max: 0.839087  Mean: 0.69206
[cartographer_node-1] [0.580177, 0.606068)	                 ###	Count: 8 (15.0943%)	Total: 8 (15.0943%)
[cartographer_node-1] [0.606068, 0.631959)	                   #	Count: 3 (5.66038%)	Total: 11 (20.7547%)
[cartographer_node-1] [0.631959, 0.657850)	                 ###	Count: 8 (15.0943%)	Total: 19 (35.8491%)
[cartographer_node-1] [0.657850, 0.683741)	                  ##	Count: 6 (11.3208%)	Total: 25 (47.1698%)
[cartographer_node-1] [0.683741, 0.709632)	                 ###	Count: 8 (15.0943%)	Total: 33 (62.2642%)
[cartographer_node-1] [0.709632, 0.735523)	                  ##	Count: 4 (7.54717%)	Total: 37 (69.8113%)
[cartographer_node-1] [0.735523, 0.761414)	                 ###	Count: 8 (15.0943%)	Total: 45 (84.9057%)
[cartographer_node-1] [0.761414, 0.787305)	                   #	Count: 2 (3.77358%)	Total: 47 (88.6792%)
[cartographer_node-1] [0.787305, 0.813196)	                  ##	Count: 4 (7.54717%)	Total: 51 (96.2264%)
[cartographer_node-1] [0.813196, 0.839087]	                   #	Count: 2 (3.77358%)	Total: 53 (100%)
[cartographer_node-1] [INFO] [1778748391.448736708] [cartographer logger]: I0514 17:46:31.000000 82613 pose_graph_2d.cc:538] Remaining work items in queue: 0
[cartographer_node-1] [INFO] [1778748391.448762389] [cartographer logger]: I0514 17:46:31.000000 82613 constraint_builder_2d.cc:294] 1 computations resulted in 0 additional constraints.
[cartographer_node-1] [INFO] [1778748391.448842166] [cartographer logger]: I0514 17:46:31.000000 82613 constraint_builder_2d.cc:296] Score histogram:
[cartographer_node-1] Count: 53  Min: 0.580177  Max: 0.839087  Mean: 0.69206
[cartographer_node-1] [0.580177, 0.606068)	                 ###	Count: 8 (15.0943%)	Total: 8 (15.0943%)
[cartographer_node-1] [0.606068, 0.631959)	                   #	Count: 3 (5.66038%)	Total: 11 (20.7547%)
[cartographer_node-1] [0.631959, 0.657850)	                 ###	Count: 8 (15.0943%)	Total: 19 (35.8491%)
[cartographer_node-1] [0.657850, 0.683741)	                  ##	Count: 6 (11.3208%)	Total: 25 (47.1698%)
[cartographer_node-1] [0.683741, 0.709632)	                 ###	Count: 8 (15.0943%)	Total: 33 (62.2642%)
[cartographer_node-1] [0.709632, 0.735523)	                  ##	Count: 4 (7.54717%)	Total: 37 (69.8113%)
[cartographer_node-1] [0.735523, 0.761414)	                 ###	Count: 8 (15.0943%)	Total: 45 (84.9057%)
[cartographer_node-1] [0.761414, 0.787305)	                   #	Count: 2 (3.77358%)	Total: 47 (88.6792%)
[cartographer_node-1] [0.787305, 0.813196)	                  ##	Count: 4 (7.54717%)	Total: 51 (96.2264%)
[cartographer_node-1] [0.813196, 0.839087]	                   #	Count: 2 (3.77358%)	Total: 53 (100%)
[cartographer_node-1] [INFO] [1778748391.525982005] [cartographer logger]: I0514 17:46:31.000000 82613 pose_graph_2d.cc:538] Remaining work items in queue: 0
[cartographer_node-1] [INFO] [1778748391.526011741] [cartographer logger]: I0514 17:46:31.000000 82613 constraint_builder_2d.cc:294] 0 computations resulted in 0 additional constraints.
[cartographer_node-1] [INFO] [1778748391.526450088] [cartographer logger]: I0514 17:46:31.000000 82613 constraint_builder_2d.cc:296] Score histogram:
[cartographer_node-1] Count: 53  Min: 0.580177  Max: 0.839087  Mean: 0.69206
[cartographer_node-1] [0.580177, 0.606068)	                 ###	Count: 8 (15.0943%)	Total: 8 (15.0943%)
[cartographer_node-1] [0.606068, 0.631959)	                   #	Count: 3 (5.66038%)	Total: 11 (20.7547%)
[cartographer_node-1] [0.631959, 0.657850)	                 ###	Count: 8 (15.0943%)	Total: 19 (35.8491%)
[cartographer_node-1] [0.657850, 0.683741)	                  ##	Count: 6 (11.3208%)	Total: 25 (47.1698%)
[cartographer_node-1] [0.683741, 0.709632)	                 ###	Count: 8 (15.0943%)	Total: 33 (62.2642%)
[cartographer_node-1] [0.709632, 0.735523)	                  ##	Count: 4 (7.54717%)	Total: 37 (69.8113%)
[cartographer_node-1] [0.735523, 0.761414)	                 ###	Count: 8 (15.0943%)	Total: 45 (84.9057%)
[cartographer_node-1] [0.761414, 0.787305)	                   #	Count: 2 (3.77358%)	Total: 47 (88.6792%)
[cartographer_node-1] [0.787305, 0.813196)	                  ##	Count: 4 (7.54717%)	Total: 51 (96.2264%)
[cartographer_node-1] [0.813196, 0.839087]	                   #	Count: 2 (3.77358%)	Total: 53 (100%)
[cartographer_node-1] [INFO] [1778748391.592602803] [cartographer logger]: I0514 17:46:31.000000 82613 pose_graph_2d.cc:538] Remaining work items in queue: 0
[cartographer_node-1] [INFO] [1778748391.592679548] [cartographer logger]: I0514 17:46:31.000000 82613 constraint_builder_2d.cc:294] 0 computations resulted in 0 additional constraints.
[cartographer_node-1] [INFO] [1778748391.592748342] [cartographer logger]: I0514 17:46:31.000000 82613 constraint_builder_2d.cc:296] Score histogram:
[cartographer_node-1] Count: 53  Min: 0.580177  Max: 0.839087  Mean: 0.69206
[cartographer_node-1] [0.580177, 0.606068)	                 ###	Count: 8 (15.0943%)	Total: 8 (15.0943%)
[cartographer_node-1] [0.606068, 0.631959)	                   #	Count: 3 (5.66038%)	Total: 11 (20.7547%)
[cartographer_node-1] [0.631959, 0.657850)	                 ###	Count: 8 (15.0943%)	Total: 19 (35.8491%)
[cartographer_node-1] [0.657850, 0.683741)	                  ##	Count: 6 (11.3208%)	Total: 25 (47.1698%)
[cartographer_node-1] [0.683741, 0.709632)	                 ###	Count: 8 (15.0943%)	Total: 33 (62.2642%)
[cartographer_node-1] [0.709632, 0.735523)	                  ##	Count: 4 (7.54717%)	Total: 37 (69.8113%)
[cartographer_node-1] [0.735523, 0.761414)	                 ###	Count: 8 (15.0943%)	Total: 45 (84.9057%)
[cartographer_node-1] [0.761414, 0.787305)	                   #	Count: 2 (3.77358%)	Total: 47 (88.6792%)
[cartographer_node-1] [0.787305, 0.813196)	                  ##	Count: 4 (7.54717%)	Total: 51 (96.2264%)
[cartographer_node-1] [0.813196, 0.839087]	                   #	Count: 2 (3.77358%)	Total: 53 (100%)
[cartographer_node-1] [INFO] [1778748391.679779849] [cartographer logger]: I0514 17:46:31.000000 82615 pose_graph_2d.cc:538] Remaining work items in queue: 1
[cartographer_node-1] [INFO] [1778748391.679846743] [cartographer logger]: I0514 17:46:31.000000 82615 constraint_builder_2d.cc:294] 0 computations resulted in 0 additional constraints.
[cartographer_node-1] [INFO] [1778748391.679877308] [cartographer logger]: I0514 17:46:31.000000 82615 constraint_builder_2d.cc:296] Score histogram:
[cartographer_node-1] Count: 53  Min: 0.580177  Max: 0.839087  Mean: 0.69206
[cartographer_node-1] [0.580177, 0.606068)	                 ###	Count: 8 (15.0943%)	Total: 8 (15.0943%)
[cartographer_node-1] [0.606068, 0.631959)	                   #	Count: 3 (5.66038%)	Total: 11 (20.7547%)
[cartographer_node-1] [0.631959, 0.657850)	                 ###	Count: 8 (15.0943%)	Total: 19 (35.8491%)
[cartographer_node-1] [0.657850, 0.683741)	                  ##	Count: 6 (11.3208%)	Total: 25 (47.1698%)
[cartographer_node-1] [0.683741, 0.709632)	                 ###	Count: 8 (15.0943%)	Total: 33 (62.2642%)
[cartographer_node-1] [0.709632, 0.735523)	                  ##	Count: 4 (7.54717%)	Total: 37 (69.8113%)
[cartographer_node-1] [0.735523, 0.761414)	                 ###	Count: 8 (15.0943%)	Total: 45 (84.9057%)
[cartographer_node-1] [0.761414, 0.787305)	                   #	Count: 2 (3.77358%)	Total: 47 (88.6792%)
[cartographer_node-1] [0.787305, 0.813196)	                  ##	Count: 4 (7.54717%)	Total: 51 (96.2264%)
[cartographer_node-1] [0.813196, 0.839087]	                   #	Count: 2 (3.77358%)	Total: 53 (100%)
[cartographer_node-1] [INFO] [1778748391.780996157] [cartographer logger]: I0514 17:46:31.000000 82615 pose_graph_2d.cc:538] Remaining work items in queue: 1
[cartographer_node-1] [INFO] [1778748391.794730515] [cartographer logger]: I0514 17:46:31.000000 82616 constraint_builder_2d.cc:279] Node (1, 842) with 167 points on submap (0, 12) matches with score 61.0%.
[cartographer_node-1] [INFO] [1778748391.794758130] [cartographer logger]: I0514 17:46:31.000000 82616 constraint_builder_2d.cc:294] 1 computations resulted in 1 additional constraints.
[cartographer_node-1] [INFO] [1778748391.794823608] [cartographer logger]: I0514 17:46:31.000000 82616 constraint_builder_2d.cc:296] Score histogram:
[cartographer_node-1] Count: 54  Min: 0.580177  Max: 0.839087  Mean: 0.690547
[cartographer_node-1] [0.580177, 0.606068)	                 ###	Count: 8 (14.8148%)	Total: 8 (14.8148%)
[cartographer_node-1] [0.606068, 0.631959)	                   #	Count: 4 (7.40741%)	Total: 12 (22.2222%)
[cartographer_node-1] [0.631959, 0.657850)	                 ###	Count: 8 (14.8148%)	Total: 20 (37.037%)
[cartographer_node-1] [0.657850, 0.683741)	                  ##	Count: 6 (11.1111%)	Total: 26 (48.1481%)
[cartographer_node-1] [0.683741, 0.709632)	                 ###	Count: 8 (14.8148%)	Total: 34 (62.963%)
[cartographer_node-1] [0.709632, 0.735523)	                   #	Count: 4 (7.40741%)	Total: 38 (70.3704%)
[cartographer_node-1] [0.735523, 0.761414)	                 ###	Count: 8 (14.8148%)	Total: 46 (85.1852%)
[cartographer_node-1] [0.761414, 0.787305)	                   #	Count: 2 (3.7037%)	Total: 48 (88.8889%)
[cartographer_node-1] [0.787305, 0.813196)	                   #	Count: 4 (7.40741%)	Total: 52 (96.2963%)
[cartographer_node-1] [0.813196, 0.839087]	                   #	Count: 2 (3.7037%)	Total: 54 (100%)
[cartographer_node-1] [INFO] [1778748391.876838841] [cartographer logger]: I0514 17:46:31.000000 82615 pose_graph_2d.cc:538] Remaining work items in queue: 0
[cartographer_node-1] [INFO] [1778748391.876863047] [cartographer logger]: I0514 17:46:31.000000 82615 constraint_builder_2d.cc:294] 0 computations resulted in 0 additional constraints.
[cartographer_node-1] [INFO] [1778748391.876954673] [cartographer logger]: I0514 17:46:31.000000 82615 constraint_builder_2d.cc:296] Score histogram:
[cartographer_node-1] Count: 54  Min: 0.580177  Max: 0.839087  Mean: 0.690547
[cartographer_node-1] [0.580177, 0.606068)	                 ###	Count: 8 (14.8148%)	Total: 8 (14.8148%)
[cartographer_node-1] [0.606068, 0.631959)	                   #	Count: 4 (7.40741%)	Total: 12 (22.2222%)
[cartographer_node-1] [0.631959, 0.657850)	                 ###	Count: 8 (14.8148%)	Total: 20 (37.037%)
[cartographer_node-1] [0.657850, 0.683741)	                  ##	Count: 6 (11.1111%)	Total: 26 (48.1481%)
[cartographer_node-1] [0.683741, 0.709632)	                 ###	Count: 8 (14.8148%)	Total: 34 (62.963%)
[cartographer_node-1] [0.709632, 0.735523)	                   #	Count: 4 (7.40741%)	Total: 38 (70.3704%)
[cartographer_node-1] [0.735523, 0.761414)	                 ###	Count: 8 (14.8148%)	Total: 46 (85.1852%)
[cartographer_node-1] [0.761414, 0.787305)	                   #	Count: 2 (3.7037%)	Total: 48 (88.8889%)
[cartographer_node-1] [0.787305, 0.813196)	                   #	Count: 4 (7.40741%)	Total: 52 (96.2963%)
[cartographer_node-1] [0.813196, 0.839087]	                   #	Count: 2 (3.7037%)	Total: 54 (100%)
[cartographer_node-1] [INFO] [1778748391.951113348] [cartographer logger]: I0514 17:46:31.000000 82613 pose_graph_2d.cc:538] Remaining work items in queue: 0
[cartographer_node-1] [INFO] [1778748391.951136838] [cartographer logger]: I0514 17:46:31.000000 82613 constraint_builder_2d.cc:294] 0 computations resulted in 0 additional constraints.
[cartographer_node-1] [INFO] [1778748391.951258917] [cartographer logger]: I0514 17:46:31.000000 82613 constraint_builder_2d.cc:296] Score histogram:
[cartographer_node-1] Count: 54  Min: 0.580177  Max: 0.839087  Mean: 0.690547
[cartographer_node-1] [0.580177, 0.606068)	                 ###	Count: 8 (14.8148%)	Total: 8 (14.8148%)
[cartographer_node-1] [0.606068, 0.631959)	                   #	Count: 4 (7.40741%)	Total: 12 (22.2222%)
[cartographer_node-1] [0.631959, 0.657850)	                 ###	Count: 8 (14.8148%)	Total: 20 (37.037%)
[cartographer_node-1] [0.657850, 0.683741)	                  ##	Count: 6 (11.1111%)	Total: 26 (48.1481%)
[cartographer_node-1] [0.683741, 0.709632)	                 ###	Count: 8 (14.8148%)	Total: 34 (62.963%)
[cartographer_node-1] [0.709632, 0.735523)	                   #	Count: 4 (7.40741%)	Total: 38 (70.3704%)
[cartographer_node-1] [0.735523, 0.761414)	                 ###	Count: 8 (14.8148%)	Total: 46 (85.1852%)
[cartographer_node-1] [0.761414, 0.787305)	                   #	Count: 2 (3.7037%)	Total: 48 (88.8889%)
[cartographer_node-1] [0.787305, 0.813196)	                   #	Count: 4 (7.40741%)	Total: 52 (96.2963%)
[cartographer_node-1] [0.813196, 0.839087]	                   #	Count: 2 (3.7037%)	Total: 54 (100%)
[cartographer_node-1] [INFO] [1778748392.026163485] [cartographer logger]: I0514 17:46:32.000000 82616 pose_graph_2d.cc:538] Remaining work items in queue: 0
[cartographer_node-1] [INFO] [1778748392.026187186] [cartographer logger]: I0514 17:46:32.000000 82616 constraint_builder_2d.cc:294] 0 computations resulted in 0 additional constraints.
[cartographer_node-1] [INFO] [1778748392.026489048] [cartographer logger]: I0514 17:46:32.000000 82616 constraint_builder_2d.cc:296] Score histogram:
[cartographer_node-1] Count: 54  Min: 0.580177  Max: 0.839087  Mean: 0.690547
[cartographer_node-1] [0.580177, 0.606068)	                 ###	Count: 8 (14.8148%)	Total: 8 (14.8148%)
[cartographer_node-1] [0.606068, 0.631959)	                   #	Count: 4 (7.40741%)	Total: 12 (22.2222%)
[cartographer_node-1] [0.631959, 0.657850)	                 ###	Count: 8 (14.8148%)	Total: 20 (37.037%)
[cartographer_node-1] [0.657850, 0.683741)	                  ##	Count: 6 (11.1111%)	Total: 26 (48.1481%)
[cartographer_node-1] [0.683741, 0.709632)	                 ###	Count: 8 (14.8148%)	Total: 34 (62.963%)
[cartographer_node-1] [0.709632, 0.735523)	                   #	Count: 4 (7.40741%)	Total: 38 (70.3704%)
[cartographer_node-1] [0.735523, 0.761414)	                 ###	Count: 8 (14.8148%)	Total: 46 (85.1852%)
[cartographer_node-1] [0.761414, 0.787305)	                   #	Count: 2 (3.7037%)	Total: 48 (88.8889%)
[cartographer_node-1] [0.787305, 0.813196)	                   #	Count: 4 (7.40741%)	Total: 52 (96.2963%)
[cartographer_node-1] [0.813196, 0.839087]	                   #	Count: 2 (3.7037%)	Total: 54 (100%)
[cartographer_node-1] [INFO] [1778748392.074969784] [cartographer logger]: I0514 17:46:32.000000 82613 pose_graph_2d.cc:538] Remaining work items in queue: 0
[cartographer_node-1] [INFO] [1778748392.075000622] [cartographer logger]: I0514 17:46:32.000000 82613 constraint_builder_2d.cc:294] 0 computations resulted in 0 additional constraints.
[cartographer_node-1] [INFO] [1778748392.075269986] [cartographer logger]: I0514 17:46:32.000000 82613 constraint_builder_2d.cc:296] Score histogram:
[cartographer_node-1] Count: 54  Min: 0.580177  Max: 0.839087  Mean: 0.690547
[cartographer_node-1] [0.580177, 0.606068)	                 ###	Count: 8 (14.8148%)	Total: 8 (14.8148%)
[cartographer_node-1] [0.606068, 0.631959)	                   #	Count: 4 (7.40741%)	Total: 12 (22.2222%)
[cartographer_node-1] [0.631959, 0.657850)	                 ###	Count: 8 (14.8148%)	Total: 20 (37.037%)
[cartographer_node-1] [0.657850, 0.683741)	                  ##	Count: 6 (11.1111%)	Total: 26 (48.1481%)
[cartographer_node-1] [0.683741, 0.709632)	                 ###	Count: 8 (14.8148%)	Total: 34 (62.963%)
[cartographer_node-1] [0.709632, 0.735523)	                   #	Count: 4 (7.40741%)	Total: 38 (70.3704%)
[cartographer_node-1] [0.735523, 0.761414)	                 ###	Count: 8 (14.8148%)	Total: 46 (85.1852%)
[cartographer_node-1] [0.761414, 0.787305)	                   #	Count: 2 (3.7037%)	Total: 48 (88.8889%)
[cartographer_node-1] [0.787305, 0.813196)	                   #	Count: 4 (7.40741%)	Total: 52 (96.2963%)
[cartographer_node-1] [0.813196, 0.839087]	                   #	Count: 2 (3.7037%)	Total: 54 (100%)
[cartographer_node-1] [INFO] [1778748392.252134997] [cartographer logger]: I0514 17:46:32.000000 82614 pose_graph_2d.cc:538] Remaining work items in queue: 1
[cartographer_node-1] [INFO] [1778748392.281109636] [cartographer logger]: I0514 17:46:32.000000 82615 constraint_builder_2d.cc:294] 1 computations resulted in 0 additional constraints.
[cartographer_node-1] [INFO] [1778748392.281169779] [cartographer logger]: I0514 17:46:32.000000 82615 constraint_builder_2d.cc:296] Score histogram:
[cartographer_node-1] Count: 54  Min: 0.580177  Max: 0.839087  Mean: 0.690547
[cartographer_node-1] [0.580177, 0.606068)	                 ###	Count: 8 (14.8148%)	Total: 8 (14.8148%)
[cartographer_node-1] [0.606068, 0.631959)	                   #	Count: 4 (7.40741%)	Total: 12 (22.2222%)
[cartographer_node-1] [0.631959, 0.657850)	                 ###	Count: 8 (14.8148%)	Total: 20 (37.037%)
[cartographer_node-1] [0.657850, 0.683741)	                  ##	Count: 6 (11.1111%)	Total: 26 (48.1481%)
[cartographer_node-1] [0.683741, 0.709632)	                 ###	Count: 8 (14.8148%)	Total: 34 (62.963%)
[cartographer_node-1] [0.709632, 0.735523)	                   #	Count: 4 (7.40741%)	Total: 38 (70.3704%)
[cartographer_node-1] [0.735523, 0.761414)	                 ###	Count: 8 (14.8148%)	Total: 46 (85.1852%)
[cartographer_node-1] [0.761414, 0.787305)	                   #	Count: 2 (3.7037%)	Total: 48 (88.8889%)
[cartographer_node-1] [0.787305, 0.813196)	                   #	Count: 4 (7.40741%)	Total: 52 (96.2963%)
[cartographer_node-1] [0.813196, 0.839087]	                   #	Count: 2 (3.7037%)	Total: 54 (100%)
[cartographer_node-1] [INFO] [1778748392.374910859] [cartographer logger]: I0514 17:46:32.000000 82615 pose_graph_2d.cc:538] Remaining work items in queue: 0
[cartographer_node-1] [INFO] [1778748392.374935970] [cartographer logger]: I0514 17:46:32.000000 82615 constraint_builder_2d.cc:294] 0 computations resulted in 0 additional constraints.
[cartographer_node-1] [INFO] [1778748392.375188567] [cartographer logger]: I0514 17:46:32.000000 82615 constraint_builder_2d.cc:296] Score histogram:
[cartographer_node-1] Count: 54  Min: 0.580177  Max: 0.839087  Mean: 0.690547
[cartographer_node-1] [0.580177, 0.606068)	                 ###	Count: 8 (14.8148%)	Total: 8 (14.8148%)
[cartographer_node-1] [0.606068, 0.631959)	                   #	Count: 4 (7.40741%)	Total: 12 (22.2222%)
[cartographer_node-1] [0.631959, 0.657850)	                 ###	Count: 8 (14.8148%)	Total: 20 (37.037%)
[cartographer_node-1] [0.657850, 0.683741)	                  ##	Count: 6 (11.1111%)	Total: 26 (48.1481%)
[cartographer_node-1] [0.683741, 0.709632)	                 ###	Count: 8 (14.8148%)	Total: 34 (62.963%)
[cartographer_node-1] [0.709632, 0.735523)	                   #	Count: 4 (7.40741%)	Total: 38 (70.3704%)
[cartographer_node-1] [0.735523, 0.761414)	                 ###	Count: 8 (14.8148%)	Total: 46 (85.1852%)
[cartographer_node-1] [0.761414, 0.787305)	                   #	Count: 2 (3.7037%)	Total: 48 (88.8889%)
[cartographer_node-1] [0.787305, 0.813196)	                   #	Count: 4 (7.40741%)	Total: 52 (96.2963%)
[cartographer_node-1] [0.813196, 0.839087]	                   #	Count: 2 (3.7037%)	Total: 54 (100%)
[cartographer_node-1] [INFO] [1778748392.448755610] [cartographer logger]: I0514 17:46:32.000000 82614 pose_graph_2d.cc:538] Remaining work items in queue: 1
[cartographer_node-1] [INFO] [1778748392.448802456] [cartographer logger]: I0514 17:46:32.000000 82614 constraint_builder_2d.cc:294] 0 computations resulted in 0 additional constraints.
[cartographer_node-1] [INFO] [1778748392.448855211] [cartographer logger]: I0514 17:46:32.000000 82614 constraint_builder_2d.cc:296] Score histogram:
[cartographer_node-1] Count: 54  Min: 0.580177  Max: 0.839087  Mean: 0.690547
[cartographer_node-1] [0.580177, 0.606068)	                 ###	Count: 8 (14.8148%)	Total: 8 (14.8148%)
[cartographer_node-1] [0.606068, 0.631959)	                   #	Count: 4 (7.40741%)	Total: 12 (22.2222%)
[cartographer_node-1] [0.631959, 0.657850)	                 ###	Count: 8 (14.8148%)	Total: 20 (37.037%)
[cartographer_node-1] [0.657850, 0.683741)	                  ##	Count: 6 (11.1111%)	Total: 26 (48.1481%)
[cartographer_node-1] [0.683741, 0.709632)	                 ###	Count: 8 (14.8148%)	Total: 34 (62.963%)
[cartographer_node-1] [0.709632, 0.735523)	                   #	Count: 4 (7.40741%)	Total: 38 (70.3704%)
[cartographer_node-1] [0.735523, 0.761414)	                 ###	Count: 8 (14.8148%)	Total: 46 (85.1852%)
[cartographer_node-1] [0.761414, 0.787305)	                   #	Count: 2 (3.7037%)	Total: 48 (88.8889%)
[cartographer_node-1] [0.787305, 0.813196)	                   #	Count: 4 (7.40741%)	Total: 52 (96.2963%)
[cartographer_node-1] [0.813196, 0.839087]	                   #	Count: 2 (3.7037%)	Total: 54 (100%)
[cartographer_node-1] [INFO] [1778748392.546655449] [cartographer logger]: I0514 17:46:32.000000 82615 pose_graph_2d.cc:538] Remaining work items in queue: 1
[cartographer_node-1] [INFO] [1778748392.546785465] [cartographer logger]: I0514 17:46:32.000000 82615 constraint_builder_2d.cc:294] 0 computations resulted in 0 additional constraints.
[cartographer_node-1] [INFO] [1778748392.547892826] [cartographer logger]: I0514 17:46:32.000000 82615 constraint_builder_2d.cc:296] Score histogram:
[cartographer_node-1] Count: 54  Min: 0.580177  Max: 0.839087  Mean: 0.690547
[cartographer_node-1] [0.580177, 0.606068)	                 ###	Count: 8 (14.8148%)	Total: 8 (14.8148%)
[cartographer_node-1] [0.606068, 0.631959)	                   #	Count: 4 (7.40741%)	Total: 12 (22.2222%)
[cartographer_node-1] [0.631959, 0.657850)	                 ###	Count: 8 (14.8148%)	Total: 20 (37.037%)
[cartographer_node-1] [0.657850, 0.683741)	                  ##	Count: 6 (11.1111%)	Total: 26 (48.1481%)
[cartographer_node-1] [0.683741, 0.709632)	                 ###	Count: 8 (14.8148%)	Total: 34 (62.963%)
[cartographer_node-1] [0.709632, 0.735523)	                   #	Count: 4 (7.40741%)	Total: 38 (70.3704%)
[cartographer_node-1] [0.735523, 0.761414)	                 ###	Count: 8 (14.8148%)	Total: 46 (85.1852%)
[cartographer_node-1] [0.761414, 0.787305)	                   #	Count: 2 (3.7037%)	Total: 48 (88.8889%)
[cartographer_node-1] [0.787305, 0.813196)	                   #	Count: 4 (7.40741%)	Total: 52 (96.2963%)
[cartographer_node-1] [0.813196, 0.839087]	                   #	Count: 2 (3.7037%)	Total: 54 (100%)
[cartographer_node-1] [INFO] [1778748392.623801702] [cartographer logger]: I0514 17:46:32.000000 82613 pose_graph_2d.cc:538] Remaining work items in queue: 1
[cartographer_node-1] [INFO] [1778748392.623868656] [cartographer logger]: I0514 17:46:32.000000 82613 constraint_builder_2d.cc:294] 0 computations resulted in 0 additional constraints.
[cartographer_node-1] [INFO] [1778748392.624125717] [cartographer logger]: I0514 17:46:32.000000 82613 constraint_builder_2d.cc:296] Score histogram:
[cartographer_node-1] Count: 54  Min: 0.580177  Max: 0.839087  Mean: 0.690547
[cartographer_node-1] [0.580177, 0.606068)	                 ###	Count: 8 (14.8148%)	Total: 8 (14.8148%)
[cartographer_node-1] [0.606068, 0.631959)	                   #	Count: 4 (7.40741%)	Total: 12 (22.2222%)
[cartographer_node-1] [0.631959, 0.657850)	                 ###	Count: 8 (14.8148%)	Total: 20 (37.037%)
[cartographer_node-1] [0.657850, 0.683741)	                  ##	Count: 6 (11.1111%)	Total: 26 (48.1481%)
[cartographer_node-1] [0.683741, 0.709632)	                 ###	Count: 8 (14.8148%)	Total: 34 (62.963%)
[cartographer_node-1] [0.709632, 0.735523)	                   #	Count: 4 (7.40741%)	Total: 38 (70.3704%)
[cartographer_node-1] [0.735523, 0.761414)	                 ###	Count: 8 (14.8148%)	Total: 46 (85.1852%)
[cartographer_node-1] [0.761414, 0.787305)	                   #	Count: 2 (3.7037%)	Total: 48 (88.8889%)
[cartographer_node-1] [0.787305, 0.813196)	                   #	Count: 4 (7.40741%)	Total: 52 (96.2963%)
[cartographer_node-1] [0.813196, 0.839087]	                   #	Count: 2 (3.7037%)	Total: 54 (100%)
[cartographer_node-1] [INFO] [1778748392.682525638] [cartographer logger]: I0514 17:46:32.000000 82616 pose_graph_2d.cc:538] Remaining work items in queue: 1
[cartographer_node-1] [INFO] [1778748392.705484262] [cartographer logger]: I0514 17:46:32.000000 82615 constraint_builder_2d.cc:294] 1 computations resulted in 0 additional constraints.
[cartographer_node-1] [INFO] [1778748392.705543610] [cartographer logger]: I0514 17:46:32.000000 82615 constraint_builder_2d.cc:296] Score histogram:
[cartographer_node-1] Count: 54  Min: 0.580177  Max: 0.839087  Mean: 0.690547
[cartographer_node-1] [0.580177, 0.606068)	                 ###	Count: 8 (14.8148%)	Total: 8 (14.8148%)
[cartographer_node-1] [0.606068, 0.631959)	                   #	Count: 4 (7.40741%)	Total: 12 (22.2222%)
[cartographer_node-1] [0.631959, 0.657850)	                 ###	Count: 8 (14.8148%)	Total: 20 (37.037%)
[cartographer_node-1] [0.657850, 0.683741)	                  ##	Count: 6 (11.1111%)	Total: 26 (48.1481%)
[cartographer_node-1] [0.683741, 0.709632)	                 ###	Count: 8 (14.8148%)	Total: 34 (62.963%)
[cartographer_node-1] [0.709632, 0.735523)	                   #	Count: 4 (7.40741%)	Total: 38 (70.3704%)
[cartographer_node-1] [0.735523, 0.761414)	                 ###	Count: 8 (14.8148%)	Total: 46 (85.1852%)
[cartographer_node-1] [0.761414, 0.787305)	                   #	Count: 2 (3.7037%)	Total: 48 (88.8889%)
[cartographer_node-1] [0.787305, 0.813196)	                   #	Count: 4 (7.40741%)	Total: 52 (96.2963%)
[cartographer_node-1] [0.813196, 0.839087]	                   #	Count: 2 (3.7037%)	Total: 54 (100%)
[cartographer_node-1] [INFO] [1778748392.745349723] [cartographer logger]: I0514 17:46:32.000000 82616 pose_graph_2d.cc:538] Remaining work items in queue: 0
[cartographer_node-1] [INFO] [1778748392.745371985] [cartographer logger]: I0514 17:46:32.000000 82616 constraint_builder_2d.cc:294] 0 computations resulted in 0 additional constraints.
[cartographer_node-1] [INFO] [1778748392.745769095] [cartographer logger]: I0514 17:46:32.000000 82616 constraint_builder_2d.cc:296] Score histogram:
[cartographer_node-1] Count: 54  Min: 0.580177  Max: 0.839087  Mean: 0.690547
[cartographer_node-1] [0.580177, 0.606068)	                 ###	Count: 8 (14.8148%)	Total: 8 (14.8148%)
[cartographer_node-1] [0.606068, 0.631959)	                   #	Count: 4 (7.40741%)	Total: 12 (22.2222%)
[cartographer_node-1] [0.631959, 0.657850)	                 ###	Count: 8 (14.8148%)	Total: 20 (37.037%)
[cartographer_node-1] [0.657850, 0.683741)	                  ##	Count: 6 (11.1111%)	Total: 26 (48.1481%)
[cartographer_node-1] [0.683741, 0.709632)	                 ###	Count: 8 (14.8148%)	Total: 34 (62.963%)
[cartographer_node-1] [0.709632, 0.735523)	                   #	Count: 4 (7.40741%)	Total: 38 (70.3704%)
[cartographer_node-1] [0.735523, 0.761414)	                 ###	Count: 8 (14.8148%)	Total: 46 (85.1852%)
[cartographer_node-1] [0.761414, 0.787305)	                   #	Count: 2 (3.7037%)	Total: 48 (88.8889%)
[cartographer_node-1] [0.787305, 0.813196)	                   #	Count: 4 (7.40741%)	Total: 52 (96.2963%)
[cartographer_node-1] [0.813196, 0.839087]	                   #	Count: 2 (3.7037%)	Total: 54 (100%)
[cartographer_node-1] [INFO] [1778748392.831904813] [cartographer logger]: I0514 17:46:32.000000 82615 pose_graph_2d.cc:538] Remaining work items in queue: 1
[cartographer_node-1] [INFO] [1778748392.831963290] [cartographer logger]: I0514 17:46:32.000000 82615 constraint_builder_2d.cc:294] 0 computations resulted in 0 additional constraints.
[cartographer_node-1] [INFO] [1778748392.832386948] [cartographer logger]: I0514 17:46:32.000000 82615 constraint_builder_2d.cc:296] Score histogram:
[cartographer_node-1] Count: 54  Min: 0.580177  Max: 0.839087  Mean: 0.690547
[cartographer_node-1] [0.580177, 0.606068)	                 ###	Count: 8 (14.8148%)	Total: 8 (14.8148%)
[cartographer_node-1] [0.606068, 0.631959)	                   #	Count: 4 (7.40741%)	Total: 12 (22.2222%)
[cartographer_node-1] [0.631959, 0.657850)	                 ###	Count: 8 (14.8148%)	Total: 20 (37.037%)
[cartographer_node-1] [0.657850, 0.683741)	                  ##	Count: 6 (11.1111%)	Total: 26 (48.1481%)
[cartographer_node-1] [0.683741, 0.709632)	                 ###	Count: 8 (14.8148%)	Total: 34 (62.963%)
[cartographer_node-1] [0.709632, 0.735523)	                   #	Count: 4 (7.40741%)	Total: 38 (70.3704%)
[cartographer_node-1] [0.735523, 0.761414)	                 ###	Count: 8 (14.8148%)	Total: 46 (85.1852%)
[cartographer_node-1] [0.761414, 0.787305)	                   #	Count: 2 (3.7037%)	Total: 48 (88.8889%)
[cartographer_node-1] [0.787305, 0.813196)	                   #	Count: 4 (7.40741%)	Total: 52 (96.2963%)
[cartographer_node-1] [0.813196, 0.839087]	                   #	Count: 2 (3.7037%)	Total: 54 (100%)
[cartographer_node-1] [INFO] [1778748392.924585238] [cartographer logger]: I0514 17:46:32.000000 82615 pose_graph_2d.cc:538] Remaining work items in queue: 1
[cartographer_node-1] [INFO] [1778748392.924648831] [cartographer logger]: I0514 17:46:32.000000 82615 constraint_builder_2d.cc:294] 0 computations resulted in 0 additional constraints.
[cartographer_node-1] [INFO] [1778748392.925047776] [cartographer logger]: I0514 17:46:32.000000 82615 constraint_builder_2d.cc:296] Score histogram:
[cartographer_node-1] Count: 54  Min: 0.580177  Max: 0.839087  Mean: 0.690547
[cartographer_node-1] [0.580177, 0.606068)	                 ###	Count: 8 (14.8148%)	Total: 8 (14.8148%)
[cartographer_node-1] [0.606068, 0.631959)	                   #	Count: 4 (7.40741%)	Total: 12 (22.2222%)
[cartographer_node-1] [0.631959, 0.657850)	                 ###	Count: 8 (14.8148%)	Total: 20 (37.037%)
[cartographer_node-1] [0.657850, 0.683741)	                  ##	Count: 6 (11.1111%)	Total: 26 (48.1481%)
[cartographer_node-1] [0.683741, 0.709632)	                 ###	Count: 8 (14.8148%)	Total: 34 (62.963%)
[cartographer_node-1] [0.709632, 0.735523)	                   #	Count: 4 (7.40741%)	Total: 38 (70.3704%)
[cartographer_node-1] [0.735523, 0.761414)	                 ###	Count: 8 (14.8148%)	Total: 46 (85.1852%)
[cartographer_node-1] [0.761414, 0.787305)	                   #	Count: 2 (3.7037%)	Total: 48 (88.8889%)
[cartographer_node-1] [0.787305, 0.813196)	                   #	Count: 4 (7.40741%)	Total: 52 (96.2963%)
[cartographer_node-1] [0.813196, 0.839087]	                   #	Count: 2 (3.7037%)	Total: 54 (100%)
[cartographer_node-1] [INFO] [1778748392.992409990] [cartographer logger]: I0514 17:46:32.000000 82616 pose_graph_2d.cc:538] Remaining work items in queue: 1
[cartographer_node-1] [INFO] [1778748392.992589191] [cartographer logger]: I0514 17:46:32.000000 82616 constraint_builder_2d.cc:294] 0 computations resulted in 0 additional constraints.
[cartographer_node-1] [INFO] [1778748392.993715335] [cartographer logger]: I0514 17:46:32.000000 82616 constraint_builder_2d.cc:296] Score histogram:
[cartographer_node-1] Count: 54  Min: 0.580177  Max: 0.839087  Mean: 0.690547
[cartographer_node-1] [0.580177, 0.606068)	                 ###	Count: 8 (14.8148%)	Total: 8 (14.8148%)
[cartographer_node-1] [0.606068, 0.631959)	                   #	Count: 4 (7.40741%)	Total: 12 (22.2222%)
[cartographer_node-1] [0.631959, 0.657850)	                 ###	Count: 8 (14.8148%)	Total: 20 (37.037%)
[cartographer_node-1] [0.657850, 0.683741)	                  ##	Count: 6 (11.1111%)	Total: 26 (48.1481%)
[cartographer_node-1] [0.683741, 0.709632)	                 ###	Count: 8 (14.8148%)	Total: 34 (62.963%)
[cartographer_node-1] [0.709632, 0.735523)	                   #	Count: 4 (7.40741%)	Total: 38 (70.3704%)
[cartographer_node-1] [0.735523, 0.761414)	                 ###	Count: 8 (14.8148%)	Total: 46 (85.1852%)
[cartographer_node-1] [0.761414, 0.787305)	                   #	Count: 2 (3.7037%)	Total: 48 (88.8889%)
[cartographer_node-1] [0.787305, 0.813196)	                   #	Count: 4 (7.40741%)	Total: 52 (96.2963%)
[cartographer_node-1] [0.813196, 0.839087]	                   #	Count: 2 (3.7037%)	Total: 54 (100%)
[cartographer_node-1] [INFO] [1778748393.047227827] [cartographer logger]: I0514 17:46:33.000000 82616 pose_graph_2d.cc:538] Remaining work items in queue: 1
[cartographer_node-1] [INFO] [1778748393.048472343] [cartographer logger]: I0514 17:46:33.000000 82614 constraint_builder_2d.cc:279] Node (1, 885) with 200 points on submap (0, 10) matches with score 62.7%.
[cartographer_node-1] [INFO] [1778748393.048490269] [cartographer logger]: I0514 17:46:33.000000 82614 constraint_builder_2d.cc:294] 1 computations resulted in 1 additional constraints.
[cartographer_node-1] [INFO] [1778748393.048508502] [cartographer logger]: I0514 17:46:33.000000 82614 constraint_builder_2d.cc:296] Score histogram:
[cartographer_node-1] Count: 55  Min: 0.580177  Max: 0.839087  Mean: 0.689385
[cartographer_node-1] [0.580177, 0.606068)	                 ###	Count: 8 (14.5455%)	Total: 8 (14.5455%)
[cartographer_node-1] [0.606068, 0.631959)	                  ##	Count: 5 (9.09091%)	Total: 13 (23.6364%)
[cartographer_node-1] [0.631959, 0.657850)	                 ###	Count: 8 (14.5455%)	Total: 21 (38.1818%)
[cartographer_node-1] [0.657850, 0.683741)	                  ##	Count: 6 (10.9091%)	Total: 27 (49.0909%)
[cartographer_node-1] [0.683741, 0.709632)	                 ###	Count: 8 (14.5455%)	Total: 35 (63.6364%)
[cartographer_node-1] [0.709632, 0.735523)	                   #	Count: 4 (7.27273%)	Total: 39 (70.9091%)
[cartographer_node-1] [0.735523, 0.761414)	                 ###	Count: 8 (14.5455%)	Total: 47 (85.4545%)
[cartographer_node-1] [0.761414, 0.787305)	                   #	Count: 2 (3.63636%)	Total: 49 (89.0909%)
[cartographer_node-1] [0.787305, 0.813196)	                   #	Count: 4 (7.27273%)	Total: 53 (96.3636%)
[cartographer_node-1] [0.813196, 0.839087]	                   #	Count: 2 (3.63636%)	Total: 55 (100%)
[cartographer_node-1] [INFO] [1778748393.226349612] [cartographer logger]: I0514 17:46:33.000000 82613 pose_graph_2d.cc:538] Remaining work items in queue: 0
[cartographer_node-1] [INFO] [1778748393.226386674] [cartographer logger]: I0514 17:46:33.000000 82613 constraint_builder_2d.cc:294] 0 computations resulted in 0 additional constraints.
[cartographer_node-1] [INFO] [1778748393.226482163] [cartographer logger]: I0514 17:46:33.000000 82613 constraint_builder_2d.cc:296] Score histogram:
[cartographer_node-1] Count: 55  Min: 0.580177  Max: 0.839087  Mean: 0.689385
[cartographer_node-1] [0.580177, 0.606068)	                 ###	Count: 8 (14.5455%)	Total: 8 (14.5455%)
[cartographer_node-1] [0.606068, 0.631959)	                  ##	Count: 5 (9.09091%)	Total: 13 (23.6364%)
[cartographer_node-1] [0.631959, 0.657850)	                 ###	Count: 8 (14.5455%)	Total: 21 (38.1818%)
[cartographer_node-1] [0.657850, 0.683741)	                  ##	Count: 6 (10.9091%)	Total: 27 (49.0909%)
[cartographer_node-1] [0.683741, 0.709632)	                 ###	Count: 8 (14.5455%)	Total: 35 (63.6364%)
[cartographer_node-1] [0.709632, 0.735523)	                   #	Count: 4 (7.27273%)	Total: 39 (70.9091%)
[cartographer_node-1] [0.735523, 0.761414)	                 ###	Count: 8 (14.5455%)	Total: 47 (85.4545%)
[cartographer_node-1] [0.761414, 0.787305)	                   #	Count: 2 (3.63636%)	Total: 49 (89.0909%)
[cartographer_node-1] [0.787305, 0.813196)	                   #	Count: 4 (7.27273%)	Total: 53 (96.3636%)
[cartographer_node-1] [0.813196, 0.839087]	                   #	Count: 2 (3.63636%)	Total: 55 (100%)
[cartographer_node-1] [INFO] [1778748393.282546209] [cartographer logger]: I0514 17:46:33.000000 82615 pose_graph_2d.cc:538] Remaining work items in queue: 1
[cartographer_node-1] [INFO] [1778748393.282633762] [cartographer logger]: I0514 17:46:33.000000 82615 constraint_builder_2d.cc:294] 0 computations resulted in 0 additional constraints.
[cartographer_node-1] [INFO] [1778748393.282859549] [cartographer logger]: I0514 17:46:33.000000 82615 constraint_builder_2d.cc:296] Score histogram:
[cartographer_node-1] Count: 55  Min: 0.580177  Max: 0.839087  Mean: 0.689385
[cartographer_node-1] [0.580177, 0.606068)	                 ###	Count: 8 (14.5455%)	Total: 8 (14.5455%)
[cartographer_node-1] [0.606068, 0.631959)	                  ##	Count: 5 (9.09091%)	Total: 13 (23.6364%)
[cartographer_node-1] [0.631959, 0.657850)	                 ###	Count: 8 (14.5455%)	Total: 21 (38.1818%)
[cartographer_node-1] [0.657850, 0.683741)	                  ##	Count: 6 (10.9091%)	Total: 27 (49.0909%)
[cartographer_node-1] [0.683741, 0.709632)	                 ###	Count: 8 (14.5455%)	Total: 35 (63.6364%)
[cartographer_node-1] [0.709632, 0.735523)	                   #	Count: 4 (7.27273%)	Total: 39 (70.9091%)
[cartographer_node-1] [0.735523, 0.761414)	                 ###	Count: 8 (14.5455%)	Total: 47 (85.4545%)
[cartographer_node-1] [0.761414, 0.787305)	                   #	Count: 2 (3.63636%)	Total: 49 (89.0909%)
[cartographer_node-1] [0.787305, 0.813196)	                   #	Count: 4 (7.27273%)	Total: 53 (96.3636%)
[cartographer_node-1] [0.813196, 0.839087]	                   #	Count: 2 (3.63636%)	Total: 55 (100%)
[cartographer_node-1] [INFO] [1778748393.342782751] [cartographer logger]: I0514 17:46:33.000000 82616 pose_graph_2d.cc:538] Remaining work items in queue: 1
[cartographer_node-1] [INFO] [1778748393.342808572] [cartographer logger]: I0514 17:46:33.000000 82616 constraint_builder_2d.cc:294] 0 computations resulted in 0 additional constraints.
[cartographer_node-1] [INFO] [1778748393.343184045] [cartographer logger]: I0514 17:46:33.000000 82616 constraint_builder_2d.cc:296] Score histogram:
[cartographer_node-1] Count: 55  Min: 0.580177  Max: 0.839087  Mean: 0.689385
[cartographer_node-1] [0.580177, 0.606068)	                 ###	Count: 8 (14.5455%)	Total: 8 (14.5455%)
[cartographer_node-1] [0.606068, 0.631959)	                  ##	Count: 5 (9.09091%)	Total: 13 (23.6364%)
[cartographer_node-1] [0.631959, 0.657850)	                 ###	Count: 8 (14.5455%)	Total: 21 (38.1818%)
[cartographer_node-1] [0.657850, 0.683741)	                  ##	Count: 6 (10.9091%)	Total: 27 (49.0909%)
[cartographer_node-1] [0.683741, 0.709632)	                 ###	Count: 8 (14.5455%)	Total: 35 (63.6364%)
[cartographer_node-1] [0.709632, 0.735523)	                   #	Count: 4 (7.27273%)	Total: 39 (70.9091%)
[cartographer_node-1] [0.735523, 0.761414)	                 ###	Count: 8 (14.5455%)	Total: 47 (85.4545%)
[cartographer_node-1] [0.761414, 0.787305)	                   #	Count: 2 (3.63636%)	Total: 49 (89.0909%)
[cartographer_node-1] [0.787305, 0.813196)	                   #	Count: 4 (7.27273%)	Total: 53 (96.3636%)
[cartographer_node-1] [0.813196, 0.839087]	                   #	Count: 2 (3.63636%)	Total: 55 (100%)
[cartographer_node-1] [INFO] [1778748393.434927102] [cartographer logger]: I0514 17:46:33.000000 82615 pose_graph_2d.cc:538] Remaining work items in queue: 1
[cartographer_node-1] [INFO] [1778748393.441490868] [cartographer logger]: I0514 17:46:33.000000 82574 pose_graph_2d.cc:148] Inserted submap (1, 10).
[cartographer_node-1] [INFO] [1778748393.489031220] [cartographer logger]: I0514 17:46:33.000000 82615 constraint_builder_2d.cc:279] Node (0, 1144) with 196 points on submap (1, 8) matches with score 75.9%.
[cartographer_node-1] [INFO] [1778748393.520793191] [cartographer logger]: I0514 17:46:33.000000 82613 constraint_builder_2d.cc:279] Node (0, 1344) with 200 points on submap (1, 8) matches with score 65.7%.
[cartographer_node-1] [INFO] [1778748393.570149759] [cartographer logger]: I0514 17:46:33.000000 82613 constraint_builder_2d.cc:279] Node (0, 544) with 203 points on submap (1, 8) matches with score 77.4%.
[cartographer_node-1] [INFO] [1778748393.583880573] [cartographer logger]: I0514 17:46:33.000000 82614 constraint_builder_2d.cc:294] 8 computations resulted in 3 additional constraints.
[cartographer_node-1] [INFO] [1778748393.583918805] [cartographer logger]: I0514 17:46:33.000000 82614 constraint_builder_2d.cc:296] Score histogram:
[cartographer_node-1] Count: 58  Min: 0.580177  Max: 0.839087  Mean: 0.691481
[cartographer_node-1] [0.580177, 0.606068)	                 ###	Count: 8 (13.7931%)	Total: 8 (13.7931%)
[cartographer_node-1] [0.606068, 0.631959)	                  ##	Count: 5 (8.62069%)	Total: 13 (22.4138%)
[cartographer_node-1] [0.631959, 0.657850)	                 ###	Count: 9 (15.5172%)	Total: 22 (37.931%)
[cartographer_node-1] [0.657850, 0.683741)	                  ##	Count: 6 (10.3448%)	Total: 28 (48.2759%)
[cartographer_node-1] [0.683741, 0.709632)	                 ###	Count: 8 (13.7931%)	Total: 36 (62.069%)
[cartographer_node-1] [0.709632, 0.735523)	                   #	Count: 4 (6.89655%)	Total: 40 (68.9655%)
[cartographer_node-1] [0.735523, 0.761414)	                 ###	Count: 9 (15.5172%)	Total: 49 (84.4828%)
[cartographer_node-1] [0.761414, 0.787305)	                   #	Count: 3 (5.17241%)	Total: 52 (89.6552%)
[cartographer_node-1] [0.787305, 0.813196)	                   #	Count: 4 (6.89655%)	Total: 56 (96.5517%)
[cartographer_node-1] [0.813196, 0.839087]	                   #	Count: 2 (3.44828%)	Total: 58 (100%)
[cartographer_node-1] [INFO] [1778748393.599908871] [cartographer logger]: I0514 17:46:33.000000 82614 pose_graph_2d.cc:538] Remaining work items in queue: 17
[cartographer_node-1] [INFO] [1778748393.627178650] [cartographer logger]: I0514 17:46:33.000000 82613 constraint_builder_2d.cc:279] Node (1, 900) with 198 points on submap (0, 0) matches with score 67.6%.
[cartographer_node-1] [INFO] [1778748393.627215399] [cartographer logger]: I0514 17:46:33.000000 82613 constraint_builder_2d.cc:294] 1 computations resulted in 1 additional constraints.
[cartographer_node-1] [INFO] [1778748393.627239311] [cartographer logger]: I0514 17:46:33.000000 82613 constraint_builder_2d.cc:296] Score histogram:
[cartographer_node-1] Count: 59  Min: 0.580177  Max: 0.839087  Mean: 0.691215
[cartographer_node-1] [0.580177, 0.606068)	                 ###	Count: 8 (13.5593%)	Total: 8 (13.5593%)
[cartographer_node-1] [0.606068, 0.631959)	                  ##	Count: 5 (8.47458%)	Total: 13 (22.0339%)
[cartographer_node-1] [0.631959, 0.657850)	                 ###	Count: 9 (15.2542%)	Total: 22 (37.2881%)
[cartographer_node-1] [0.657850, 0.683741)	                  ##	Count: 7 (11.8644%)	Total: 29 (49.1525%)
[cartographer_node-1] [0.683741, 0.709632)	                 ###	Count: 8 (13.5593%)	Total: 37 (62.7119%)
[cartographer_node-1] [0.709632, 0.735523)	                   #	Count: 4 (6.77966%)	Total: 41 (69.4915%)
[cartographer_node-1] [0.735523, 0.761414)	                 ###	Count: 9 (15.2542%)	Total: 50 (84.7458%)
[cartographer_node-1] [0.761414, 0.787305)	                   #	Count: 3 (5.08475%)	Total: 53 (89.8305%)
[cartographer_node-1] [0.787305, 0.813196)	                   #	Count: 4 (6.77966%)	Total: 57 (96.6102%)
[cartographer_node-1] [0.813196, 0.839087]	                   #	Count: 2 (3.38983%)	Total: 59 (100%)
[cartographer_node-1] [INFO] [1778748393.655871551] [cartographer logger]: I0514 17:46:33.000000 82613 pose_graph_2d.cc:538] Remaining work items in queue: 16
[cartographer_node-1] [INFO] [1778748393.655927353] [cartographer logger]: I0514 17:46:33.000000 82613 constraint_builder_2d.cc:294] 0 computations resulted in 0 additional constraints.
[cartographer_node-1] [INFO] [1778748393.656007588] [cartographer logger]: I0514 17:46:33.000000 82613 constraint_builder_2d.cc:296] Score histogram:
[cartographer_node-1] Count: 59  Min: 0.580177  Max: 0.839087  Mean: 0.691215
[cartographer_node-1] [0.580177, 0.606068)	                 ###	Count: 8 (13.5593%)	Total: 8 (13.5593%)
[cartographer_node-1] [0.606068, 0.631959)	                  ##	Count: 5 (8.47458%)	Total: 13 (22.0339%)
[cartographer_node-1] [0.631959, 0.657850)	                 ###	Count: 9 (15.2542%)	Total: 22 (37.2881%)
[cartographer_node-1] [0.657850, 0.683741)	                  ##	Count: 7 (11.8644%)	Total: 29 (49.1525%)
[cartographer_node-1] [0.683741, 0.709632)	                 ###	Count: 8 (13.5593%)	Total: 37 (62.7119%)
[cartographer_node-1] [0.709632, 0.735523)	                   #	Count: 4 (6.77966%)	Total: 41 (69.4915%)
[cartographer_node-1] [0.735523, 0.761414)	                 ###	Count: 9 (15.2542%)	Total: 50 (84.7458%)
[cartographer_node-1] [0.761414, 0.787305)	                   #	Count: 3 (5.08475%)	Total: 53 (89.8305%)
[cartographer_node-1] [0.787305, 0.813196)	                   #	Count: 4 (6.77966%)	Total: 57 (96.6102%)
[cartographer_node-1] [0.813196, 0.839087]	                   #	Count: 2 (3.38983%)	Total: 59 (100%)
[cartographer_node-1] [INFO] [1778748393.684818470] [cartographer logger]: I0514 17:46:33.000000 82613 pose_graph_2d.cc:538] Remaining work items in queue: 6
[cartographer_node-1] [INFO] [1778748393.684844153] [cartographer logger]: I0514 17:46:33.000000 82613 constraint_builder_2d.cc:294] 0 computations resulted in 0 additional constraints.
[cartographer_node-1] [INFO] [1778748393.684878356] [cartographer logger]: I0514 17:46:33.000000 82613 constraint_builder_2d.cc:296] Score histogram:
[cartographer_node-1] Count: 59  Min: 0.580177  Max: 0.839087  Mean: 0.691215
[cartographer_node-1] [0.580177, 0.606068)	                 ###	Count: 8 (13.5593%)	Total: 8 (13.5593%)
[cartographer_node-1] [0.606068, 0.631959)	                  ##	Count: 5 (8.47458%)	Total: 13 (22.0339%)
[cartographer_node-1] [0.631959, 0.657850)	                 ###	Count: 9 (15.2542%)	Total: 22 (37.2881%)
[cartographer_node-1] [0.657850, 0.683741)	                  ##	Count: 7 (11.8644%)	Total: 29 (49.1525%)
[cartographer_node-1] [0.683741, 0.709632)	                 ###	Count: 8 (13.5593%)	Total: 37 (62.7119%)
[cartographer_node-1] [0.709632, 0.735523)	                   #	Count: 4 (6.77966%)	Total: 41 (69.4915%)
[cartographer_node-1] [0.735523, 0.761414)	                 ###	Count: 9 (15.2542%)	Total: 50 (84.7458%)
[cartographer_node-1] [0.761414, 0.787305)	                   #	Count: 3 (5.08475%)	Total: 53 (89.8305%)
[cartographer_node-1] [0.787305, 0.813196)	                   #	Count: 4 (6.77966%)	Total: 57 (96.6102%)
[cartographer_node-1] [0.813196, 0.839087]	                   #	Count: 2 (3.38983%)	Total: 59 (100%)
[cartographer_node-1] [INFO] [1778748393.732571785] [cartographer logger]: I0514 17:46:33.000000 82614 pose_graph_2d.cc:538] Remaining work items in queue: 0
[cartographer_node-1] [INFO] [1778748393.732599245] [cartographer logger]: I0514 17:46:33.000000 82614 constraint_builder_2d.cc:294] 0 computations resulted in 0 additional constraints.
[cartographer_node-1] [INFO] [1778748393.732622428] [cartographer logger]: I0514 17:46:33.000000 82614 constraint_builder_2d.cc:296] Score histogram:
[cartographer_node-1] Count: 59  Min: 0.580177  Max: 0.839087  Mean: 0.691215
[cartographer_node-1] [0.580177, 0.606068)	                 ###	Count: 8 (13.5593%)	Total: 8 (13.5593%)
[cartographer_node-1] [0.606068, 0.631959)	                  ##	Count: 5 (8.47458%)	Total: 13 (22.0339%)
[cartographer_node-1] [0.631959, 0.657850)	                 ###	Count: 9 (15.2542%)	Total: 22 (37.2881%)
[cartographer_node-1] [0.657850, 0.683741)	                  ##	Count: 7 (11.8644%)	Total: 29 (49.1525%)
[cartographer_node-1] [0.683741, 0.709632)	                 ###	Count: 8 (13.5593%)	Total: 37 (62.7119%)
[cartographer_node-1] [0.709632, 0.735523)	                   #	Count: 4 (6.77966%)	Total: 41 (69.4915%)
[cartographer_node-1] [0.735523, 0.761414)	                 ###	Count: 9 (15.2542%)	Total: 50 (84.7458%)
[cartographer_node-1] [0.761414, 0.787305)	                   #	Count: 3 (5.08475%)	Total: 53 (89.8305%)
[cartographer_node-1] [0.787305, 0.813196)	                   #	Count: 4 (6.77966%)	Total: 57 (96.6102%)
[cartographer_node-1] [0.813196, 0.839087]	                   #	Count: 2 (3.38983%)	Total: 59 (100%)
[cartographer_node-1] [INFO] [1778748393.828273264] [cartographer logger]: I0514 17:46:33.000000 82615 pose_graph_2d.cc:538] Remaining work items in queue: 1
[cartographer_node-1] [INFO] [1778748393.864667851] [cartographer logger]: I0514 17:46:33.000000 82616 constraint_builder_2d.cc:279] Node (1, 914) with 210 points on submap (0, 4) matches with score 62.8%.
[cartographer_node-1] [INFO] [1778748393.864693113] [cartographer logger]: I0514 17:46:33.000000 82616 constraint_builder_2d.cc:294] 1 computations resulted in 1 additional constraints.
[cartographer_node-1] [INFO] [1778748393.864734377] [cartographer logger]: I0514 17:46:33.000000 82616 constraint_builder_2d.cc:296] Score histogram:
[cartographer_node-1] Count: 60  Min: 0.580177  Max: 0.839087  Mean: 0.690155
[cartographer_node-1] [0.580177, 0.606068)	                 ###	Count: 8 (13.3333%)	Total: 8 (13.3333%)
[cartographer_node-1] [0.606068, 0.631959)	                  ##	Count: 6 (10%)	Total: 14 (23.3333%)
[cartographer_node-1] [0.631959, 0.657850)	                 ###	Count: 9 (15%)	Total: 23 (38.3333%)
[cartographer_node-1] [0.657850, 0.683741)	                  ##	Count: 7 (11.6667%)	Total: 30 (50%)
[cartographer_node-1] [0.683741, 0.709632)	                 ###	Count: 8 (13.3333%)	Total: 38 (63.3333%)
[cartographer_node-1] [0.709632, 0.735523)	                   #	Count: 4 (6.66667%)	Total: 42 (70%)
[cartographer_node-1] [0.735523, 0.761414)	                 ###	Count: 9 (15%)	Total: 51 (85%)
[cartographer_node-1] [0.761414, 0.787305)	                   #	Count: 3 (5%)	Total: 54 (90%)
[cartographer_node-1] [0.787305, 0.813196)	                   #	Count: 4 (6.66667%)	Total: 58 (96.6667%)
[cartographer_node-1] [0.813196, 0.839087]	                   #	Count: 2 (3.33333%)	Total: 60 (100%)
[cartographer_node-1] [INFO] [1778748393.891030974] [cartographer logger]: I0514 17:46:33.000000 82616 pose_graph_2d.cc:538] Remaining work items in queue: 1
[cartographer_node-1] [INFO] [1778748393.891061365] [cartographer logger]: I0514 17:46:33.000000 82615 constraint_builder_2d.cc:294] 0 computations resulted in 0 additional constraints.
[cartographer_node-1] [INFO] [1778748393.891093319] [cartographer logger]: I0514 17:46:33.000000 82615 constraint_builder_2d.cc:296] Score histogram:
[cartographer_node-1] Count: 60  Min: 0.580177  Max: 0.839087  Mean: 0.690155
[cartographer_node-1] [0.580177, 0.606068)	                 ###	Count: 8 (13.3333%)	Total: 8 (13.3333%)
[cartographer_node-1] [0.606068, 0.631959)	                  ##	Count: 6 (10%)	Total: 14 (23.3333%)
[cartographer_node-1] [0.631959, 0.657850)	                 ###	Count: 9 (15%)	Total: 23 (38.3333%)
[cartographer_node-1] [0.657850, 0.683741)	                  ##	Count: 7 (11.6667%)	Total: 30 (50%)
[cartographer_node-1] [0.683741, 0.709632)	                 ###	Count: 8 (13.3333%)	Total: 38 (63.3333%)
[cartographer_node-1] [0.709632, 0.735523)	                   #	Count: 4 (6.66667%)	Total: 42 (70%)
[cartographer_node-1] [0.735523, 0.761414)	                 ###	Count: 9 (15%)	Total: 51 (85%)
[cartographer_node-1] [0.761414, 0.787305)	                   #	Count: 3 (5%)	Total: 54 (90%)
[cartographer_node-1] [0.787305, 0.813196)	                   #	Count: 4 (6.66667%)	Total: 58 (96.6667%)
[cartographer_node-1] [0.813196, 0.839087]	                   #	Count: 2 (3.33333%)	Total: 60 (100%)
[cartographer_node-1] [INFO] [1778748393.948564039] [cartographer logger]: I0514 17:46:33.000000 82615 pose_graph_2d.cc:538] Remaining work items in queue: 0
[cartographer_node-1] [INFO] [1778748393.948614948] [cartographer logger]: I0514 17:46:33.000000 82615 constraint_builder_2d.cc:294] 0 computations resulted in 0 additional constraints.
[cartographer_node-1] [INFO] [1778748393.948938500] [cartographer logger]: I0514 17:46:33.000000 82615 constraint_builder_2d.cc:296] Score histogram:
[cartographer_node-1] Count: 60  Min: 0.580177  Max: 0.839087  Mean: 0.690155
[cartographer_node-1] [0.580177, 0.606068)	                 ###	Count: 8 (13.3333%)	Total: 8 (13.3333%)
[cartographer_node-1] [0.606068, 0.631959)	                  ##	Count: 6 (10%)	Total: 14 (23.3333%)
[cartographer_node-1] [0.631959, 0.657850)	                 ###	Count: 9 (15%)	Total: 23 (38.3333%)
[cartographer_node-1] [0.657850, 0.683741)	                  ##	Count: 7 (11.6667%)	Total: 30 (50%)
[cartographer_node-1] [0.683741, 0.709632)	                 ###	Count: 8 (13.3333%)	Total: 38 (63.3333%)
[cartographer_node-1] [0.709632, 0.735523)	                   #	Count: 4 (6.66667%)	Total: 42 (70%)
[cartographer_node-1] [0.735523, 0.761414)	                 ###	Count: 9 (15%)	Total: 51 (85%)
[cartographer_node-1] [0.761414, 0.787305)	                   #	Count: 3 (5%)	Total: 54 (90%)
[cartographer_node-1] [0.787305, 0.813196)	                   #	Count: 4 (6.66667%)	Total: 58 (96.6667%)
[cartographer_node-1] [0.813196, 0.839087]	                   #	Count: 2 (3.33333%)	Total: 60 (100%)
[cartographer_node-1] [INFO] [1778748394.053564719] [cartographer logger]: I0514 17:46:34.000000 82616 pose_graph_2d.cc:538] Remaining work items in queue: 1
[cartographer_node-1] [INFO] [1778748394.053602173] [cartographer logger]: I0514 17:46:34.000000 82616 constraint_builder_2d.cc:294] 0 computations resulted in 0 additional constraints.
[cartographer_node-1] [INFO] [1778748394.053638930] [cartographer logger]: I0514 17:46:34.000000 82616 constraint_builder_2d.cc:296] Score histogram:
[cartographer_node-1] Count: 60  Min: 0.580177  Max: 0.839087  Mean: 0.690155
[cartographer_node-1] [0.580177, 0.606068)	                 ###	Count: 8 (13.3333%)	Total: 8 (13.3333%)
[cartographer_node-1] [0.606068, 0.631959)	                  ##	Count: 6 (10%)	Total: 14 (23.3333%)
[cartographer_node-1] [0.631959, 0.657850)	                 ###	Count: 9 (15%)	Total: 23 (38.3333%)
[cartographer_node-1] [0.657850, 0.683741)	                  ##	Count: 7 (11.6667%)	Total: 30 (50%)
[cartographer_node-1] [0.683741, 0.709632)	                 ###	Count: 8 (13.3333%)	Total: 38 (63.3333%)
[cartographer_node-1] [0.709632, 0.735523)	                   #	Count: 4 (6.66667%)	Total: 42 (70%)
[cartographer_node-1] [0.735523, 0.761414)	                 ###	Count: 9 (15%)	Total: 51 (85%)
[cartographer_node-1] [0.761414, 0.787305)	                   #	Count: 3 (5%)	Total: 54 (90%)
[cartographer_node-1] [0.787305, 0.813196)	                   #	Count: 4 (6.66667%)	Total: 58 (96.6667%)
[cartographer_node-1] [0.813196, 0.839087]	                   #	Count: 2 (3.33333%)	Total: 60 (100%)
[cartographer_node-1] [INFO] [1778748394.082839245] [cartographer logger]: I0514 17:46:34.000000 82614 pose_graph_2d.cc:538] Remaining work items in queue: 0
[cartographer_node-1] [INFO] [1778748394.082861755] [cartographer logger]: I0514 17:46:34.000000 82614 constraint_builder_2d.cc:294] 0 computations resulted in 0 additional constraints.
[cartographer_node-1] [INFO] [1778748394.082962410] [cartographer logger]: I0514 17:46:34.000000 82614 constraint_builder_2d.cc:296] Score histogram:
[cartographer_node-1] Count: 60  Min: 0.580177  Max: 0.839087  Mean: 0.690155
[cartographer_node-1] [0.580177, 0.606068)	                 ###	Count: 8 (13.3333%)	Total: 8 (13.3333%)
[cartographer_node-1] [0.606068, 0.631959)	                  ##	Count: 6 (10%)	Total: 14 (23.3333%)
[cartographer_node-1] [0.631959, 0.657850)	                 ###	Count: 9 (15%)	Total: 23 (38.3333%)
[cartographer_node-1] [0.657850, 0.683741)	                  ##	Count: 7 (11.6667%)	Total: 30 (50%)
[cartographer_node-1] [0.683741, 0.709632)	                 ###	Count: 8 (13.3333%)	Total: 38 (63.3333%)
[cartographer_node-1] [0.709632, 0.735523)	                   #	Count: 4 (6.66667%)	Total: 42 (70%)
[cartographer_node-1] [0.735523, 0.761414)	                 ###	Count: 9 (15%)	Total: 51 (85%)
[cartographer_node-1] [0.761414, 0.787305)	                   #	Count: 3 (5%)	Total: 54 (90%)
[cartographer_node-1] [0.787305, 0.813196)	                   #	Count: 4 (6.66667%)	Total: 58 (96.6667%)
[cartographer_node-1] [0.813196, 0.839087]	                   #	Count: 2 (3.33333%)	Total: 60 (100%)
[cartographer_node-1] [INFO] [1778748394.129831439] [cartographer logger]: I0514 17:46:34.000000 82614 constraint_builder_2d.cc:279] Node (1, 928) with 216 points on submap (0, 8) matches with score 75.2%.
[cartographer_node-1] [INFO] [1778748394.143980807] [cartographer logger]: I0514 17:46:34.000000 82616 pose_graph_2d.cc:538] Remaining work items in queue: 1
[cartographer_node-1] [INFO] [1778748394.144028548] [cartographer logger]: I0514 17:46:34.000000 82616 constraint_builder_2d.cc:294] 1 computations resulted in 1 additional constraints.
[cartographer_node-1] [INFO] [1778748394.144332939] [cartographer logger]: I0514 17:46:34.000000 82616 constraint_builder_2d.cc:296] Score histogram:
[cartographer_node-1] Count: 61  Min: 0.580177  Max: 0.839087  Mean: 0.691165
[cartographer_node-1] [0.580177, 0.606068)	                 ###	Count: 8 (13.1148%)	Total: 8 (13.1148%)
[cartographer_node-1] [0.606068, 0.631959)	                  ##	Count: 6 (9.83607%)	Total: 14 (22.9508%)
[cartographer_node-1] [0.631959, 0.657850)	                 ###	Count: 9 (14.7541%)	Total: 23 (37.7049%)
[cartographer_node-1] [0.657850, 0.683741)	                  ##	Count: 7 (11.4754%)	Total: 30 (49.1803%)
[cartographer_node-1] [0.683741, 0.709632)	                 ###	Count: 8 (13.1148%)	Total: 38 (62.2951%)
[cartographer_node-1] [0.709632, 0.735523)	                   #	Count: 4 (6.55738%)	Total: 42 (68.8525%)
[cartographer_node-1] [0.735523, 0.761414)	                 ###	Count: 10 (16.3934%)	Total: 52 (85.2459%)
[cartographer_node-1] [0.761414, 0.787305)	                   #	Count: 3 (4.91803%)	Total: 55 (90.1639%)
[cartographer_node-1] [0.787305, 0.813196)	                   #	Count: 4 (6.55738%)	Total: 59 (96.7213%)
[cartographer_node-1] [0.813196, 0.839087]	                   #	Count: 2 (3.27869%)	Total: 61 (100%)
[cartographer_node-1] [INFO] [1778748394.231669189] [cartographer logger]: I0514 17:46:34.000000 82614 pose_graph_2d.cc:538] Remaining work items in queue: 0
[cartographer_node-1] [INFO] [1778748394.231692611] [cartographer logger]: I0514 17:46:34.000000 82614 constraint_builder_2d.cc:294] 0 computations resulted in 0 additional constraints.
[cartographer_node-1] [INFO] [1778748394.231746145] [cartographer logger]: I0514 17:46:34.000000 82614 constraint_builder_2d.cc:296] Score histogram:
[cartographer_node-1] Count: 61  Min: 0.580177  Max: 0.839087  Mean: 0.691165
[cartographer_node-1] [0.580177, 0.606068)	                 ###	Count: 8 (13.1148%)	Total: 8 (13.1148%)
[cartographer_node-1] [0.606068, 0.631959)	                  ##	Count: 6 (9.83607%)	Total: 14 (22.9508%)
[cartographer_node-1] [0.631959, 0.657850)	                 ###	Count: 9 (14.7541%)	Total: 23 (37.7049%)
[cartographer_node-1] [0.657850, 0.683741)	                  ##	Count: 7 (11.4754%)	Total: 30 (49.1803%)
[cartographer_node-1] [0.683741, 0.709632)	                 ###	Count: 8 (13.1148%)	Total: 38 (62.2951%)
[cartographer_node-1] [0.709632, 0.735523)	                   #	Count: 4 (6.55738%)	Total: 42 (68.8525%)
[cartographer_node-1] [0.735523, 0.761414)	                 ###	Count: 10 (16.3934%)	Total: 52 (85.2459%)
[cartographer_node-1] [0.761414, 0.787305)	                   #	Count: 3 (4.91803%)	Total: 55 (90.1639%)
[cartographer_node-1] [0.787305, 0.813196)	                   #	Count: 4 (6.55738%)	Total: 59 (96.7213%)
[cartographer_node-1] [0.813196, 0.839087]	                   #	Count: 2 (3.27869%)	Total: 61 (100%)
[cartographer_node-1] [INFO] [1778748394.325499857] [cartographer logger]: I0514 17:46:34.000000 82615 pose_graph_2d.cc:538] Remaining work items in queue: 1
[cartographer_node-1] [INFO] [1778748394.325533184] [cartographer logger]: I0514 17:46:34.000000 82615 constraint_builder_2d.cc:294] 0 computations resulted in 0 additional constraints.
[cartographer_node-1] [INFO] [1778748394.325881760] [cartographer logger]: I0514 17:46:34.000000 82615 constraint_builder_2d.cc:296] Score histogram:
[cartographer_node-1] Count: 61  Min: 0.580177  Max: 0.839087  Mean: 0.691165
[cartographer_node-1] [0.580177, 0.606068)	                 ###	Count: 8 (13.1148%)	Total: 8 (13.1148%)
[cartographer_node-1] [0.606068, 0.631959)	                  ##	Count: 6 (9.83607%)	Total: 14 (22.9508%)
[cartographer_node-1] [0.631959, 0.657850)	                 ###	Count: 9 (14.7541%)	Total: 23 (37.7049%)
[cartographer_node-1] [0.657850, 0.683741)	                  ##	Count: 7 (11.4754%)	Total: 30 (49.1803%)
[cartographer_node-1] [0.683741, 0.709632)	                 ###	Count: 8 (13.1148%)	Total: 38 (62.2951%)
[cartographer_node-1] [0.709632, 0.735523)	                   #	Count: 4 (6.55738%)	Total: 42 (68.8525%)
[cartographer_node-1] [0.735523, 0.761414)	                 ###	Count: 10 (16.3934%)	Total: 52 (85.2459%)
[cartographer_node-1] [0.761414, 0.787305)	                   #	Count: 3 (4.91803%)	Total: 55 (90.1639%)
[cartographer_node-1] [0.787305, 0.813196)	                   #	Count: 4 (6.55738%)	Total: 59 (96.7213%)
[cartographer_node-1] [0.813196, 0.839087]	                   #	Count: 2 (3.27869%)	Total: 61 (100%)
[cartographer_node-1] [INFO] [1778748394.408991101] [cartographer logger]: I0514 17:46:34.000000 82615 pose_graph_2d.cc:538] Remaining work items in queue: 1
[cartographer_node-1] [INFO] [1778748394.409061172] [cartographer logger]: I0514 17:46:34.000000 82615 constraint_builder_2d.cc:294] 0 computations resulted in 0 additional constraints.
[cartographer_node-1] [INFO] [1778748394.409420923] [cartographer logger]: I0514 17:46:34.000000 82615 constraint_builder_2d.cc:296] Score histogram:
[cartographer_node-1] Count: 61  Min: 0.580177  Max: 0.839087  Mean: 0.691165
[cartographer_node-1] [0.580177, 0.606068)	                 ###	Count: 8 (13.1148%)	Total: 8 (13.1148%)
[cartographer_node-1] [0.606068, 0.631959)	                  ##	Count: 6 (9.83607%)	Total: 14 (22.9508%)
[cartographer_node-1] [0.631959, 0.657850)	                 ###	Count: 9 (14.7541%)	Total: 23 (37.7049%)
[cartographer_node-1] [0.657850, 0.683741)	                  ##	Count: 7 (11.4754%)	Total: 30 (49.1803%)
[cartographer_node-1] [0.683741, 0.709632)	                 ###	Count: 8 (13.1148%)	Total: 38 (62.2951%)
[cartographer_node-1] [0.709632, 0.735523)	                   #	Count: 4 (6.55738%)	Total: 42 (68.8525%)
[cartographer_node-1] [0.735523, 0.761414)	                 ###	Count: 10 (16.3934%)	Total: 52 (85.2459%)
[cartographer_node-1] [0.761414, 0.787305)	                   #	Count: 3 (4.91803%)	Total: 55 (90.1639%)
[cartographer_node-1] [0.787305, 0.813196)	                   #	Count: 4 (6.55738%)	Total: 59 (96.7213%)
[cartographer_node-1] [0.813196, 0.839087]	                   #	Count: 2 (3.27869%)	Total: 61 (100%)
[cartographer_node-1] [INFO] [1778748394.503632104] [cartographer logger]: I0514 17:46:34.000000 82615 pose_graph_2d.cc:538] Remaining work items in queue: 0
[cartographer_node-1] [INFO] [1778748394.503677706] [cartographer logger]: I0514 17:46:34.000000 82615 constraint_builder_2d.cc:294] 0 computations resulted in 0 additional constraints.
[cartographer_node-1] [INFO] [1778748394.503945308] [cartographer logger]: I0514 17:46:34.000000 82615 constraint_builder_2d.cc:296] Score histogram:
[cartographer_node-1] Count: 61  Min: 0.580177  Max: 0.839087  Mean: 0.691165
[cartographer_node-1] [0.580177, 0.606068)	                 ###	Count: 8 (13.1148%)	Total: 8 (13.1148%)
[cartographer_node-1] [0.606068, 0.631959)	                  ##	Count: 6 (9.83607%)	Total: 14 (22.9508%)
[cartographer_node-1] [0.631959, 0.657850)	                 ###	Count: 9 (14.7541%)	Total: 23 (37.7049%)
[cartographer_node-1] [0.657850, 0.683741)	                  ##	Count: 7 (11.4754%)	Total: 30 (49.1803%)
[cartographer_node-1] [0.683741, 0.709632)	                 ###	Count: 8 (13.1148%)	Total: 38 (62.2951%)
[cartographer_node-1] [0.709632, 0.735523)	                   #	Count: 4 (6.55738%)	Total: 42 (68.8525%)
[cartographer_node-1] [0.735523, 0.761414)	                 ###	Count: 10 (16.3934%)	Total: 52 (85.2459%)
[cartographer_node-1] [0.761414, 0.787305)	                   #	Count: 3 (4.91803%)	Total: 55 (90.1639%)
[cartographer_node-1] [0.787305, 0.813196)	                   #	Count: 4 (6.55738%)	Total: 59 (96.7213%)
[cartographer_node-1] [0.813196, 0.839087]	                   #	Count: 2 (3.27869%)	Total: 61 (100%)
[cartographer_node-1] [INFO] [1778748394.564290545] [cartographer logger]: I0514 17:46:34.000000 82614 pose_graph_2d.cc:538] Remaining work items in queue: 1
[cartographer_node-1] [INFO] [1778748394.564340609] [cartographer logger]: I0514 17:46:34.000000 82614 constraint_builder_2d.cc:294] 1 computations resulted in 0 additional constraints.
[cartographer_node-1] [INFO] [1778748394.564690318] [cartographer logger]: I0514 17:46:34.000000 82614 constraint_builder_2d.cc:296] Score histogram:
[cartographer_node-1] Count: 61  Min: 0.580177  Max: 0.839087  Mean: 0.691165
[cartographer_node-1] [0.580177, 0.606068)	                 ###	Count: 8 (13.1148%)	Total: 8 (13.1148%)
[cartographer_node-1] [0.606068, 0.631959)	                  ##	Count: 6 (9.83607%)	Total: 14 (22.9508%)
[cartographer_node-1] [0.631959, 0.657850)	                 ###	Count: 9 (14.7541%)	Total: 23 (37.7049%)
[cartographer_node-1] [0.657850, 0.683741)	                  ##	Count: 7 (11.4754%)	Total: 30 (49.1803%)
[cartographer_node-1] [0.683741, 0.709632)	                 ###	Count: 8 (13.1148%)	Total: 38 (62.2951%)
[cartographer_node-1] [0.709632, 0.735523)	                   #	Count: 4 (6.55738%)	Total: 42 (68.8525%)
[cartographer_node-1] [0.735523, 0.761414)	                 ###	Count: 10 (16.3934%)	Total: 52 (85.2459%)
[cartographer_node-1] [0.761414, 0.787305)	                   #	Count: 3 (4.91803%)	Total: 55 (90.1639%)
[cartographer_node-1] [0.787305, 0.813196)	                   #	Count: 4 (6.55738%)	Total: 59 (96.7213%)
[cartographer_node-1] [0.813196, 0.839087]	                   #	Count: 2 (3.27869%)	Total: 61 (100%)
[cartographer_node-1] [INFO] [1778748394.631581716] [cartographer logger]: I0514 17:46:34.000000 82613 pose_graph_2d.cc:538] Remaining work items in queue: 1
[cartographer_node-1] [INFO] [1778748394.631607261] [cartographer logger]: I0514 17:46:34.000000 82613 constraint_builder_2d.cc:294] 0 computations resulted in 0 additional constraints.
[cartographer_node-1] [INFO] [1778748394.631679734] [cartographer logger]: I0514 17:46:34.000000 82613 constraint_builder_2d.cc:296] Score histogram:
[cartographer_node-1] Count: 61  Min: 0.580177  Max: 0.839087  Mean: 0.691165
[cartographer_node-1] [0.580177, 0.606068)	                 ###	Count: 8 (13.1148%)	Total: 8 (13.1148%)
[cartographer_node-1] [0.606068, 0.631959)	                  ##	Count: 6 (9.83607%)	Total: 14 (22.9508%)
[cartographer_node-1] [0.631959, 0.657850)	                 ###	Count: 9 (14.7541%)	Total: 23 (37.7049%)
[cartographer_node-1] [0.657850, 0.683741)	                  ##	Count: 7 (11.4754%)	Total: 30 (49.1803%)
[cartographer_node-1] [0.683741, 0.709632)	                 ###	Count: 8 (13.1148%)	Total: 38 (62.2951%)
[cartographer_node-1] [0.709632, 0.735523)	                   #	Count: 4 (6.55738%)	Total: 42 (68.8525%)
[cartographer_node-1] [0.735523, 0.761414)	                 ###	Count: 10 (16.3934%)	Total: 52 (85.2459%)
[cartographer_node-1] [0.761414, 0.787305)	                   #	Count: 3 (4.91803%)	Total: 55 (90.1639%)
[cartographer_node-1] [0.787305, 0.813196)	                   #	Count: 4 (6.55738%)	Total: 59 (96.7213%)
[cartographer_node-1] [0.813196, 0.839087]	                   #	Count: 2 (3.27869%)	Total: 61 (100%)
[cartographer_node-1] [INFO] [1778748394.709050683] [cartographer logger]: I0514 17:46:34.000000 82613 pose_graph_2d.cc:538] Remaining work items in queue: 0
[cartographer_node-1] [INFO] [1778748394.709088156] [cartographer logger]: I0514 17:46:34.000000 82613 constraint_builder_2d.cc:294] 0 computations resulted in 0 additional constraints.
[cartographer_node-1] [INFO] [1778748394.709224638] [cartographer logger]: I0514 17:46:34.000000 82613 constraint_builder_2d.cc:296] Score histogram:
[cartographer_node-1] Count: 61  Min: 0.580177  Max: 0.839087  Mean: 0.691165
[cartographer_node-1] [0.580177, 0.606068)	                 ###	Count: 8 (13.1148%)	Total: 8 (13.1148%)
[cartographer_node-1] [0.606068, 0.631959)	                  ##	Count: 6 (9.83607%)	Total: 14 (22.9508%)
[cartographer_node-1] [0.631959, 0.657850)	                 ###	Count: 9 (14.7541%)	Total: 23 (37.7049%)
[cartographer_node-1] [0.657850, 0.683741)	                  ##	Count: 7 (11.4754%)	Total: 30 (49.1803%)
[cartographer_node-1] [0.683741, 0.709632)	                 ###	Count: 8 (13.1148%)	Total: 38 (62.2951%)
[cartographer_node-1] [0.709632, 0.735523)	                   #	Count: 4 (6.55738%)	Total: 42 (68.8525%)
[cartographer_node-1] [0.735523, 0.761414)	                 ###	Count: 10 (16.3934%)	Total: 52 (85.2459%)
[cartographer_node-1] [0.761414, 0.787305)	                   #	Count: 3 (4.91803%)	Total: 55 (90.1639%)
[cartographer_node-1] [0.787305, 0.813196)	                   #	Count: 4 (6.55738%)	Total: 59 (96.7213%)
[cartographer_node-1] [0.813196, 0.839087]	                   #	Count: 2 (3.27869%)	Total: 61 (100%)
[cartographer_node-1] [INFO] [1778748394.803457733] [cartographer logger]: I0514 17:46:34.000000 82615 pose_graph_2d.cc:538] Remaining work items in queue: 1
[cartographer_node-1] [INFO] [1778748394.803480951] [cartographer logger]: I0514 17:46:34.000000 82615 constraint_builder_2d.cc:294] 0 computations resulted in 0 additional constraints.
[cartographer_node-1] [INFO] [1778748394.803850175] [cartographer logger]: I0514 17:46:34.000000 82615 constraint_builder_2d.cc:296] Score histogram:
[cartographer_node-1] Count: 61  Min: 0.580177  Max: 0.839087  Mean: 0.691165
[cartographer_node-1] [0.580177, 0.606068)	                 ###	Count: 8 (13.1148%)	Total: 8 (13.1148%)
[cartographer_node-1] [0.606068, 0.631959)	                  ##	Count: 6 (9.83607%)	Total: 14 (22.9508%)
[cartographer_node-1] [0.631959, 0.657850)	                 ###	Count: 9 (14.7541%)	Total: 23 (37.7049%)
[cartographer_node-1] [0.657850, 0.683741)	                  ##	Count: 7 (11.4754%)	Total: 30 (49.1803%)
[cartographer_node-1] [0.683741, 0.709632)	                 ###	Count: 8 (13.1148%)	Total: 38 (62.2951%)
[cartographer_node-1] [0.709632, 0.735523)	                   #	Count: 4 (6.55738%)	Total: 42 (68.8525%)
[cartographer_node-1] [0.735523, 0.761414)	                 ###	Count: 10 (16.3934%)	Total: 52 (85.2459%)
[cartographer_node-1] [0.761414, 0.787305)	                   #	Count: 3 (4.91803%)	Total: 55 (90.1639%)
[cartographer_node-1] [0.787305, 0.813196)	                   #	Count: 4 (6.55738%)	Total: 59 (96.7213%)
[cartographer_node-1] [0.813196, 0.839087]	                   #	Count: 2 (3.27869%)	Total: 61 (100%)
[cartographer_node-1] [INFO] [1778748394.853629476] [cartographer logger]: I0514 17:46:34.000000 82616 pose_graph_2d.cc:538] Remaining work items in queue: 1
[cartographer_node-1] [INFO] [1778748394.853680685] [cartographer logger]: I0514 17:46:34.000000 82616 constraint_builder_2d.cc:294] 0 computations resulted in 0 additional constraints.
[cartographer_node-1] [INFO] [1778748394.853706368] [cartographer logger]: I0514 17:46:34.000000 82616 constraint_builder_2d.cc:296] Score histogram:
[cartographer_node-1] Count: 61  Min: 0.580177  Max: 0.839087  Mean: 0.691165
[cartographer_node-1] [0.580177, 0.606068)	                 ###	Count: 8 (13.1148%)	Total: 8 (13.1148%)
[cartographer_node-1] [0.606068, 0.631959)	                  ##	Count: 6 (9.83607%)	Total: 14 (22.9508%)
[cartographer_node-1] [0.631959, 0.657850)	                 ###	Count: 9 (14.7541%)	Total: 23 (37.7049%)
[cartographer_node-1] [0.657850, 0.683741)	                  ##	Count: 7 (11.4754%)	Total: 30 (49.1803%)
[cartographer_node-1] [0.683741, 0.709632)	                 ###	Count: 8 (13.1148%)	Total: 38 (62.2951%)
[cartographer_node-1] [0.709632, 0.735523)	                   #	Count: 4 (6.55738%)	Total: 42 (68.8525%)
[cartographer_node-1] [0.735523, 0.761414)	                 ###	Count: 10 (16.3934%)	Total: 52 (85.2459%)
[cartographer_node-1] [0.761414, 0.787305)	                   #	Count: 3 (4.91803%)	Total: 55 (90.1639%)
[cartographer_node-1] [0.787305, 0.813196)	                   #	Count: 4 (6.55738%)	Total: 59 (96.7213%)
[cartographer_node-1] [0.813196, 0.839087]	                   #	Count: 2 (3.27869%)	Total: 61 (100%)
[cartographer_node-1] [INFO] [1778748394.930839132] [cartographer logger]: I0514 17:46:34.000000 82614 pose_graph_2d.cc:538] Remaining work items in queue: 0
[cartographer_node-1] [INFO] [1778748394.931738472] [cartographer logger]: I0514 17:46:34.000000 82615 constraint_builder_2d.cc:279] Node (1, 957) with 207 points on submap (0, 2) matches with score 77.6%.
[cartographer_node-1] [INFO] [1778748394.931757326] [cartographer logger]: I0514 17:46:34.000000 82615 constraint_builder_2d.cc:294] 1 computations resulted in 1 additional constraints.
[cartographer_node-1] [INFO] [1778748394.931778218] [cartographer logger]: I0514 17:46:34.000000 82615 constraint_builder_2d.cc:296] Score histogram:
[cartographer_node-1] Count: 62  Min: 0.580177  Max: 0.839087  Mean: 0.692533
[cartographer_node-1] [0.580177, 0.606068)	                 ###	Count: 8 (12.9032%)	Total: 8 (12.9032%)
[cartographer_node-1] [0.606068, 0.631959)	                  ##	Count: 6 (9.67742%)	Total: 14 (22.5806%)
[cartographer_node-1] [0.631959, 0.657850)	                 ###	Count: 9 (14.5161%)	Total: 23 (37.0968%)
[cartographer_node-1] [0.657850, 0.683741)	                  ##	Count: 7 (11.2903%)	Total: 30 (48.3871%)
[cartographer_node-1] [0.683741, 0.709632)	                 ###	Count: 8 (12.9032%)	Total: 38 (61.2903%)
[cartographer_node-1] [0.709632, 0.735523)	                   #	Count: 4 (6.45161%)	Total: 42 (67.7419%)
[cartographer_node-1] [0.735523, 0.761414)	                 ###	Count: 10 (16.129%)	Total: 52 (83.871%)
[cartographer_node-1] [0.761414, 0.787305)	                   #	Count: 4 (6.45161%)	Total: 56 (90.3226%)
[cartographer_node-1] [0.787305, 0.813196)	                   #	Count: 4 (6.45161%)	Total: 60 (96.7742%)
[cartographer_node-1] [0.813196, 0.839087]	                   #	Count: 2 (3.22581%)	Total: 62 (100%)
[cartographer_node-1] [INFO] [1778748395.010633550] [cartographer logger]: I0514 17:46:35.000000 82613 pose_graph_2d.cc:538] Remaining work items in queue: 0
[cartographer_node-1] [INFO] [1778748395.010664955] [cartographer logger]: I0514 17:46:35.000000 82613 constraint_builder_2d.cc:294] 0 computations resulted in 0 additional constraints.
[cartographer_node-1] [INFO] [1778748395.011137826] [cartographer logger]: I0514 17:46:35.000000 82613 constraint_builder_2d.cc:296] Score histogram:
[cartographer_node-1] Count: 62  Min: 0.580177  Max: 0.839087  Mean: 0.692533
[cartographer_node-1] [0.580177, 0.606068)	                 ###	Count: 8 (12.9032%)	Total: 8 (12.9032%)
[cartographer_node-1] [0.606068, 0.631959)	                  ##	Count: 6 (9.67742%)	Total: 14 (22.5806%)
[cartographer_node-1] [0.631959, 0.657850)	                 ###	Count: 9 (14.5161%)	Total: 23 (37.0968%)
[cartographer_node-1] [0.657850, 0.683741)	                  ##	Count: 7 (11.2903%)	Total: 30 (48.3871%)
[cartographer_node-1] [0.683741, 0.709632)	                 ###	Count: 8 (12.9032%)	Total: 38 (61.2903%)
[cartographer_node-1] [0.709632, 0.735523)	                   #	Count: 4 (6.45161%)	Total: 42 (67.7419%)
[cartographer_node-1] [0.735523, 0.761414)	                 ###	Count: 10 (16.129%)	Total: 52 (83.871%)
[cartographer_node-1] [0.761414, 0.787305)	                   #	Count: 4 (6.45161%)	Total: 56 (90.3226%)
[cartographer_node-1] [0.787305, 0.813196)	                   #	Count: 4 (6.45161%)	Total: 60 (96.7742%)
[cartographer_node-1] [0.813196, 0.839087]	                   #	Count: 2 (3.22581%)	Total: 62 (100%)
