[INFO] [launch]: All log files can be found below /home/rcv/.ros/log/2026-05-27-23-03-46-156022-rcv-NUC15CRSU9-13653
[INFO] [launch]: Default logging verbosity is set to INFO
[INFO] [ros2-1]: process started with pid [13748]
[INFO] [cartographer_node-2]: process started with pid [13749]
[INFO] [cartographer_occupancy_grid_node-3]: process started with pid [13750]
[INFO] [trajectory_to_odom-4]: process started with pid [13751]
[trajectory_to_odom-4] [WARN] [1779890626.232636376] [rcl]: ROS_LOCALHOST_ONLY is deprecated but still honored if it is enabled. Use ROS_AUTOMATIC_DISCOVERY_RANGE and ROS_STATIC_PEERS instead.
[trajectory_to_odom-4] [WARN] [1779890626.232655617] [rcl]: 'localhost_only' is enabled, 'automatic_discovery_range' and 'static_peers' will be ignored.
[cartographer_occupancy_grid_node-3] [WARN] [1779890626.239557566] [rcl]: ROS_LOCALHOST_ONLY is deprecated but still honored if it is enabled. Use ROS_AUTOMATIC_DISCOVERY_RANGE and ROS_STATIC_PEERS instead.
[cartographer_occupancy_grid_node-3] [WARN] [1779890626.239574761] [rcl]: 'localhost_only' is enabled, 'automatic_discovery_range' and 'static_peers' will be ignored.
[cartographer_node-2] [WARN] [1779890626.249039134] [rcl]: ROS_LOCALHOST_ONLY is deprecated but still honored if it is enabled. Use ROS_AUTOMATIC_DISCOVERY_RANGE and ROS_STATIC_PEERS instead.
[cartographer_node-2] [WARN] [1779890626.249057170] [rcl]: 'localhost_only' is enabled, 'automatic_discovery_range' and 'static_peers' will be ignored.
[trajectory_to_odom-4] [INFO] [1779890626.251326559] [trajectory_to_odom]: TrackedPoseToOdom node initialized.
[cartographer_node-2] [INFO] [1779890626.268510349] [cartographer logger]: I20260527 23:03:46.-2147483648 13749 configuration_file_resolver.cc:41] Found '/home/rcv/SLAM_main-SLAM_IMU_WHEEL_tun/install/cartographer_ros/share/cartographer_ros/configuration_files/Damvi_carto_config_wheel.lua' for 'Damvi_carto_config_wheel.lua'.
[cartographer_node-2] [INFO] [1779890626.268888758] [cartographer logger]: I20260527 23:03:46.-2147483648 13749 configuration_file_resolver.cc:41] Found '/home/rcv/SLAM_main-SLAM_IMU_WHEEL_tun/install/cartographer/share/cartographer/configuration_files/map_builder.lua' for 'map_builder.lua'.
[cartographer_node-2] [INFO] [1779890626.268914704] [cartographer logger]: I20260527 23:03:46.-2147483648 13749 configuration_file_resolver.cc:41] Found '/home/rcv/SLAM_main-SLAM_IMU_WHEEL_tun/install/cartographer/share/cartographer/configuration_files/map_builder.lua' for 'map_builder.lua'.
[cartographer_node-2] [INFO] [1779890626.268946842] [cartographer logger]: I20260527 23:03:46.-2147483648 13749 configuration_file_resolver.cc:41] Found '/home/rcv/SLAM_main-SLAM_IMU_WHEEL_tun/install/cartographer/share/cartographer/configuration_files/pose_graph.lua' for 'pose_graph.lua'.
[cartographer_node-2] [INFO] [1779890626.268965170] [cartographer logger]: I20260527 23:03:46.-2147483648 13749 configuration_file_resolver.cc:41] Found '/home/rcv/SLAM_main-SLAM_IMU_WHEEL_tun/install/cartographer/share/cartographer/configuration_files/pose_graph.lua' for 'pose_graph.lua'.
[cartographer_node-2] [INFO] [1779890626.269073177] [cartographer logger]: I20260527 23:03:46.-2147483648 13749 configuration_file_resolver.cc:41] Found '/home/rcv/SLAM_main-SLAM_IMU_WHEEL_tun/install/cartographer/share/cartographer/configuration_files/trajectory_builder.lua' for 'trajectory_builder.lua'.
[cartographer_node-2] [INFO] [1779890626.269089241] [cartographer logger]: I20260527 23:03:46.-2147483648 13749 configuration_file_resolver.cc:41] Found '/home/rcv/SLAM_main-SLAM_IMU_WHEEL_tun/install/cartographer/share/cartographer/configuration_files/trajectory_builder.lua' for 'trajectory_builder.lua'.
[cartographer_node-2] [INFO] [1779890626.269119683] [cartographer logger]: I20260527 23:03:46.-2147483648 13749 configuration_file_resolver.cc:41] Found '/home/rcv/SLAM_main-SLAM_IMU_WHEEL_tun/install/cartographer/share/cartographer/configuration_files/trajectory_builder_2d.lua' for 'trajectory_builder_2d.lua'.
[cartographer_node-2] [INFO] [1779890626.269134917] [cartographer logger]: I20260527 23:03:46.-2147483648 13749 configuration_file_resolver.cc:41] Found '/home/rcv/SLAM_main-SLAM_IMU_WHEEL_tun/install/cartographer/share/cartographer/configuration_files/trajectory_builder_2d.lua' for 'trajectory_builder_2d.lua'.
[cartographer_node-2] [INFO] [1779890626.269234312] [cartographer logger]: I20260527 23:03:46.-2147483648 13749 configuration_file_resolver.cc:41] Found '/home/rcv/SLAM_main-SLAM_IMU_WHEEL_tun/install/cartographer/share/cartographer/configuration_files/trajectory_builder_3d.lua' for 'trajectory_builder_3d.lua'.
[cartographer_node-2] [INFO] [1779890626.269250200] [cartographer logger]: I20260527 23:03:46.-2147483648 13749 configuration_file_resolver.cc:41] Found '/home/rcv/SLAM_main-SLAM_IMU_WHEEL_tun/install/cartographer/share/cartographer/configuration_files/trajectory_builder_3d.lua' for 'trajectory_builder_3d.lua'.
[cartographer_node-2] [WARN] [1779890626.280035835] [cartographer logger]: W20260527 23:03:46.-2147483648 13749 node.cpp:1241] Localization status: LOST
[cartographer_node-2] [INFO] [1779890626.282716082] [cartographer logger]: I20260527 23:03:46.-2147483648 13749 map_builder_bridge.cpp:142] Added trajectory with ID '0'.
[ros2-1] [WARN] [1779890626.478716975] [rcl]: ROS_LOCALHOST_ONLY is deprecated but still honored if it is enabled. Use ROS_AUTOMATIC_DISCOVERY_RANGE and ROS_STATIC_PEERS instead.
[ros2-1] [WARN] [1779890626.478728913] [rcl]: 'localhost_only' is enabled, 'automatic_discovery_range' and 'static_peers' will be ignored.
[ros2-1] stdin is not a terminal device. Keyboard handling disabled.[INFO] [1779890626.578088916] [rosbag2_storage]: Opened database '/home/rcv/SLAM_main-SLAM_IMU_WHEEL_tun/0518_2_humble/latest_0.db3' for READ_ONLY.
[ros2-1] [INFO] [1779890626.578211779] [rosbag2_player]: Set rate to 1
[ros2-1] [INFO] [1779890626.587777435] [rosbag2_player]: Overriding QoS profile for topic /tf_static
[ros2-1] [INFO] [1779890626.590506348] [rosbag2_player]: Adding keyboard callbacks.
[ros2-1] [INFO] [1779890626.590527903] [rosbag2_player]: Press SPACE for Pause/Resume
[ros2-1] [INFO] [1779890626.590532180] [rosbag2_player]: Press CURSOR_RIGHT for Play Next Message
[ros2-1] [INFO] [1779890626.590535604] [rosbag2_player]: Press CURSOR_UP for Increase Rate 10%
[ros2-1] [INFO] [1779890626.590538339] [rosbag2_player]: Press CURSOR_DOWN for Decrease Rate 10%
[ros2-1] [INFO] [1779890626.591784130] [rosbag2_player]: Playback until timestamp: -1
[cartographer_node-2] [WARN] [1779890626.819415757] [cartographer logger]: W20260527 23:03:46.-2147483648 13749 tf_bridge.cpp:53] Lookup would require extrapolation at time 1779099286.291817, but only time 1779099286.299675 is in the buffer, when looking up transform from frame [base_link] to frame [imu]
[cartographer_node-2] [WARN] [1779890626.819502045] [cartographer logger]: W20260527 23:03:46.-2147483648 13749 tf_bridge.cpp:53] Lookup would require extrapolation at time 1779099286.291817, but only time 1779099286.299675 is in the buffer, when looking up transform from frame [base_link] to frame [imu]
[cartographer_node-2] [INFO] [1779890626.839108649] [cartographer logger]: I20260527 23:03:46.-2147483648 13749 sensor_bridge.cpp:95] Wheel odom input mode: nav_msgs/Odometry pose delta
[cartographer_node-2] [INFO] [1779890626.955660685] [cartographer logger]: I20260527 23:03:46.-2147483648 13749 ordered_multi_queue.cc:172] All sensor data for trajectory 0 is available starting at '639146960864228822'.
[cartographer_node-2] [INFO] [1779890626.971917117] [cartographer logger]: I20260527 23:03:46.-2147483648 13749 local_trajectory_builder_2d.cc:1080] Extrapolator not yet initialized.
[cartographer_node-2] [INFO] [1779890626.998271478] [cartographer logger]: I20260527 23:03:46.-2147483648 13749 local_trajectory_builder_2d.cc:586] Extrapolator is still initializing.
[cartographer_node-2] [WARN] [1779890627.024630422] [cartographer logger]: W20260527 23:03:47.-2147483648 13749 pose_extrapolator.cc:67] No odometry data for time: 639146960864125786 (earliest: 639146960864316821)
[cartographer_node-2] [WARN] [1779890627.024654638] [cartographer logger]: W20260527 23:03:47.-2147483648 13749 pose_extrapolator.cc:67] No odometry data for time: 639146960864241435 (earliest: 639146960864316821)
[cartographer_node-2] [WARN] [1779890627.024668765] [cartographer logger]: W20260527 23:03:47.-2147483648 13749 pose_extrapolator.cc:67] No odometry data for time: 639146960864125786 (earliest: 639146960864316821)
[cartographer_node-2] [WARN] [1779890627.024680429] [cartographer logger]: W20260527 23:03:47.-2147483648 13749 pose_extrapolator.cc:67] No odometry data for time: 639146960864241609 (earliest: 639146960864316821)
[cartographer_node-2] [WARN] [1779890627.024692364] [cartographer logger]: W20260527 23:03:47.-2147483648 13749 pose_extrapolator.cc:67] No odometry data for time: 639146960864125786 (earliest: 639146960864316821)
[cartographer_node-2] [WARN] [1779890627.024720659] [cartographer logger]: W20260527 23:03:47.-2147483648 13749 pose_extrapolator.cc:67] No odometry data for time: 639146960864241783 (earliest: 639146960864316821)
[cartographer_node-2] [WARN] [1779890627.024733604] [cartographer logger]: W20260527 23:03:47.-2147483648 13749 pose_extrapolator.cc:67] No odometry data for time: 639146960864125786 (earliest: 639146960864316821)
[cartographer_node-2] [WARN] [1779890627.024745420] [cartographer logger]: W20260527 23:03:47.-2147483648 13749 pose_extrapolator.cc:67] No odometry data for time: 639146960864241956 (earliest: 639146960864316821)
[cartographer_node-2] [WARN] [1779890627.024757305] [cartographer logger]: W20260527 23:03:47.-2147483648 13749 pose_extrapolator.cc:67] No odometry data for time: 639146960864125786 (earliest: 639146960864316821)
[cartographer_node-2] [WARN] [1779890627.024769032] [cartographer logger]: W20260527 23:03:47.-2147483648 13749 pose_extrapolator.cc:67] No odometry data for time: 639146960864242130 (earliest: 639146960864316821)
[cartographer_node-2] [WARN] [1779890627.024780867] [cartographer logger]: W20260527 23:03:47.-2147483648 13749 pose_extrapolator.cc:67] No odometry data for time: 639146960864125786 (earliest: 639146960864316821)
[cartographer_node-2] [WARN] [1779890627.024792415] [cartographer logger]: W20260527 23:03:47.-2147483648 13749 pose_extrapolator.cc:67] No odometry data for time: 639146960864242304 (earliest: 639146960864316821)
[cartographer_node-2] [WARN] [1779890627.024804353] [cartographer logger]: W20260527 23:03:47.-2147483648 13749 pose_extrapolator.cc:67] No odometry data for time: 639146960864125786 (earliest: 639146960864316821)
[cartographer_node-2] [WARN] [1779890627.024815997] [cartographer logger]: W20260527 23:03:47.-2147483648 13749 pose_extrapolator.cc:67] No odometry data for time: 639146960864242477 (earliest: 639146960864316821)
[cartographer_node-2] [WARN] [1779890627.024827852] [cartographer logger]: W20260527 23:03:47.-2147483648 13749 pose_extrapolator.cc:67] No odometry data for time: 639146960864125786 (earliest: 639146960864316821)
[cartographer_node-2] [WARN] [1779890627.024839422] [cartographer logger]: W20260527 23:03:47.-2147483648 13749 pose_extrapolator.cc:67] No odometry data for time: 639146960864242651 (earliest: 639146960864316821)
[cartographer_node-2] [WARN] [1779890627.024851086] [cartographer logger]: W20260527 23:03:47.-2147483648 13749 pose_extrapolator.cc:67] No odometry data for time: 639146960864125786 (earliest: 639146960864316821)
[cartographer_node-2] [WARN] [1779890627.024862559] [cartographer logger]: W20260527 23:03:47.-2147483648 13749 pose_extrapolator.cc:67] No odometry data for time: 639146960864242824 (earliest: 639146960864316821)
[cartographer_node-2] [WARN] [1779890627.024874514] [cartographer logger]: W20260527 23:03:47.-2147483648 13749 pose_extrapolator.cc:67] No odometry data for time: 639146960864125786 (earliest: 639146960864316821)
[cartographer_node-2] [WARN] [1779890627.024892091] [cartographer logger]: W20260527 23:03:47.-2147483648 13749 pose_extrapolator.cc:67] No odometry data for time: 639146960864242998 (earliest: 639146960864316821)
[cartographer_node-2] [WARN] [1779890627.024904203] [cartographer logger]: W20260527 23:03:47.-2147483648 13749 pose_extrapolator.cc:67] No odometry data for time: 639146960864125786 (earliest: 639146960864316821)
[cartographer_node-2] [WARN] [1779890627.024915847] [cartographer logger]: W20260527 23:03:47.-2147483648 13749 pose_extrapolator.cc:67] No odometry data for time: 639146960864243172 (earliest: 639146960864316821)
[cartographer_node-2] [WARN] [1779890627.024927675] [cartographer logger]: W20260527 23:03:47.-2147483648 13749 pose_extrapolator.cc:67] No odometry data for time: 639146960864125786 (earliest: 639146960864316821)
[cartographer_node-2] [WARN] [1779890627.024939176] [cartographer logger]: W20260527 23:03:47.-2147483648 13749 pose_extrapolator.cc:67] No odometry data for time: 639146960864243345 (earliest: 639146960864316821)
[cartographer_node-2] [WARN] [1779890627.024951142] [cartographer logger]: W20260527 23:03:47.-2147483648 13749 pose_extrapolator.cc:67] No odometry data for time: 639146960864125786 (earliest: 639146960864316821)
[cartographer_node-2] [WARN] [1779890627.024965749] [cartographer logger]: W20260527 23:03:47.-2147483648 13749 pose_extrapolator.cc:67] No odometry data for time: 639146960864243519 (earliest: 639146960864316821)
[cartographer_node-2] [WARN] [1779890627.024978138] [cartographer logger]: W20260527 23:03:47.-2147483648 13749 pose_extrapolator.cc:67] No odometry data for time: 639146960864125786 (earliest: 639146960864316821)
[cartographer_node-2] [WARN] [1779890627.024989910] [cartographer logger]: W20260527 23:03:47.-2147483648 13749 pose_extrapolator.cc:67] No odometry data for time: 639146960864243692 (earliest: 639146960864316821)
[cartographer_node-2] [WARN] [1779890627.025001968] [cartographer logger]: W20260527 23:03:47.-2147483648 13749 pose_extrapolator.cc:67] No odometry data for time: 639146960864125786 (earliest: 639146960864316821)
[cartographer_node-2] [WARN] [1779890627.025013694] [cartographer logger]: W20260527 23:03:47.-2147483648 13749 pose_extrapolator.cc:67] No odometry data for time: 639146960864243866 (earliest: 639146960864316821)
[cartographer_node-2] [WARN] [1779890627.025027059] [cartographer logger]: W20260527 23:03:47.-2147483648 13749 pose_extrapolator.cc:67] No odometry data for time: 639146960864125786 (earliest: 639146960864316821)
[cartographer_node-2] [WARN] [1779890627.025039027] [cartographer logger]: W20260527 23:03:47.-2147483648 13749 pose_extrapolator.cc:67] No odometry data for time: 639146960864244040 (earliest: 639146960864316821)
[cartographer_node-2] [WARN] [1779890627.025051894] [cartographer logger]: W20260527 23:03:47.-2147483648 13749 pose_extrapolator.cc:67] No odometry data for time: 639146960864125786 (earliest: 639146960864316821)
[cartographer_node-2] [WARN] [1779890627.025066112] [cartographer logger]: W20260527 23:03:47.-2147483648 13749 pose_extrapolator.cc:67] No odometry data for time: 639146960864244213 (earliest: 639146960864316821)
[cartographer_node-2] [WARN] [1779890627.025078951] [cartographer logger]: W20260527 23:03:47.-2147483648 13749 pose_extrapolator.cc:67] No odometry data for time: 639146960864125786 (earliest: 639146960864316821)
[cartographer_node-2] [WARN] [1779890627.025091803] [cartographer logger]: W20260527 23:03:47.-2147483648 13749 pose_extrapolator.cc:67] No odometry data for time: 639146960864244387 (earliest: 639146960864316821)
[cartographer_node-2] [WARN] [1779890627.025111347] [cartographer logger]: W20260527 23:03:47.-2147483648 13749 pose_extrapolator.cc:67] No odometry data for time: 639146960864125786 (earliest: 639146960864316821)
[cartographer_node-2] [WARN] [1779890627.025128402] [cartographer logger]: W20260527 23:03:47.-2147483648 13749 pose_extrapolator.cc:67] No odometry data for time: 639146960864244560 (earliest: 639146960864316821)
[cartographer_node-2] [WARN] [1779890627.025143455] [cartographer logger]: W20260527 23:03:47.-2147483648 13749 pose_extrapolator.cc:67] No odometry data for time: 639146960864125786 (earliest: 639146960864316821)
[cartographer_node-2] [WARN] [1779890627.025155421] [cartographer logger]: W20260527 23:03:47.-2147483648 13749 pose_extrapolator.cc:67] No odometry data for time: 639146960864244734 (earliest: 639146960864316821)
[cartographer_node-2] [WARN] [1779890627.025171712] [cartographer logger]: W20260527 23:03:47.-2147483648 13749 pose_extrapolator.cc:67] No odometry data for time: 639146960864125786 (earliest: 639146960864316821)
[cartographer_node-2] [WARN] [1779890627.025184239] [cartographer logger]: W20260527 23:03:47.-2147483648 13749 pose_extrapolator.cc:67] No odometry data for time: 639146960864244908 (earliest: 639146960864316821)
[cartographer_node-2] [WARN] [1779890627.025196148] [cartographer logger]: W20260527 23:03:47.-2147483648 13749 pose_extrapolator.cc:67] No odometry data for time: 639146960864125786 (earliest: 639146960864316821)
[cartographer_node-2] [WARN] [1779890627.025207809] [cartographer logger]: W20260527 23:03:47.-2147483648 13749 pose_extrapolator.cc:67] No odometry data for time: 639146960864245081 (earliest: 639146960864316821)
[cartographer_node-2] [WARN] [1779890627.025220547] [cartographer logger]: W20260527 23:03:47.-2147483648 13749 pose_extrapolator.cc:67] No odometry data for time: 639146960864125786 (earliest: 639146960864316821)
[cartographer_node-2] [WARN] [1779890627.025232271] [cartographer logger]: W20260527 23:03:47.-2147483648 13749 pose_extrapolator.cc:67] No odometry data for time: 639146960864245255 (earliest: 639146960864316821)
[cartographer_node-2] [WARN] [1779890627.025245191] [cartographer logger]: W20260527 23:03:47.-2147483648 13749 pose_extrapolator.cc:67] No odometry data for time: 639146960864125786 (earliest: 639146960864316821)
[cartographer_node-2] [WARN] [1779890627.025256953] [cartographer logger]: W20260527 23:03:47.-2147483648 13749 pose_extrapolator.cc:67] No odometry data for time: 639146960864245429 (earliest: 639146960864316821)
[cartographer_node-2] [WARN] [1779890627.025269333] [cartographer logger]: W20260527 23:03:47.-2147483648 13749 pose_extrapolator.cc:67] No odometry data for time: 639146960864125786 (earliest: 639146960864316821)
[cartographer_node-2] [WARN] [1779890627.025282427] [cartographer logger]: W20260527 23:03:47.-2147483648 13749 pose_extrapolator.cc:67] No odometry data for time: 639146960864245602 (earliest: 639146960864316821)
[cartographer_node-2] [WARN] [1779890627.025295479] [cartographer logger]: W20260527 23:03:47.-2147483648 13749 pose_extrapolator.cc:67] No odometry data for time: 639146960864125786 (earliest: 639146960864316821)
[cartographer_node-2] [WARN] [1779890627.025308384] [cartographer logger]: W20260527 23:03:47.-2147483648 13749 pose_extrapolator.cc:67] No odometry data for time: 639146960864245776 (earliest: 639146960864316821)
[cartographer_node-2] [WARN] [1779890627.025320233] [cartographer logger]: W20260527 23:03:47.-2147483648 13749 pose_extrapolator.cc:67] No odometry data for time: 639146960864125786 (earliest: 639146960864316821)
[cartographer_node-2] [WARN] [1779890627.025331882] [cartographer logger]: W20260527 23:03:47.-2147483648 13749 pose_extrapolator.cc:67] No odometry data for time: 639146960864245949 (earliest: 639146960864316821)
[cartographer_node-2] [WARN] [1779890627.025344221] [cartographer logger]: W20260527 23:03:47.-2147483648 13749 pose_extrapolator.cc:67] No odometry data for time: 639146960864125786 (earliest: 639146960864316821)
[cartographer_node-2] [WARN] [1779890627.025358449] [cartographer logger]: W20260527 23:03:47.-2147483648 13749 pose_extrapolator.cc:67] No odometry data for time: 639146960864246123 (earliest: 639146960864316821)
[cartographer_node-2] [WARN] [1779890627.025370447] [cartographer logger]: W20260527 23:03:47.-2147483648 13749 pose_extrapolator.cc:67] No odometry data for time: 639146960864125786 (earliest: 639146960864316821)
[cartographer_node-2] [WARN] [1779890627.025382897] [cartographer logger]: W20260527 23:03:47.-2147483648 13749 pose_extrapolator.cc:67] No odometry data for time: 639146960864246297 (earliest: 639146960864316821)
[cartographer_node-2] [WARN] [1779890627.025395070] [cartographer logger]: W20260527 23:03:47.-2147483648 13749 pose_extrapolator.cc:67] No odometry data for time: 639146960864125786 (earliest: 639146960864316821)
[cartographer_node-2] [WARN] [1779890627.025407475] [cartographer logger]: W20260527 23:03:47.-2147483648 13749 pose_extrapolator.cc:67] No odometry data for time: 639146960864246470 (earliest: 639146960864316821)
[cartographer_node-2] [WARN] [1779890627.025419470] [cartographer logger]: W20260527 23:03:47.-2147483648 13749 pose_extrapolator.cc:67] No odometry data for time: 639146960864125786 (earliest: 639146960864316821)
[cartographer_node-2] [WARN] [1779890627.025431909] [cartographer logger]: W20260527 23:03:47.-2147483648 13749 pose_extrapolator.cc:67] No odometry data for time: 639146960864246644 (earliest: 639146960864316821)
[cartographer_node-2] [WARN] [1779890627.025450397] [cartographer logger]: W20260527 23:03:47.-2147483648 13749 pose_extrapolator.cc:67] No odometry data for time: 639146960864125786 (earliest: 639146960864316821)
[cartographer_node-2] [WARN] [1779890627.025464963] [cartographer logger]: W20260527 23:03:47.-2147483648 13749 pose_extrapolator.cc:67] No odometry data for time: 639146960864246817 (earliest: 639146960864316821)
[cartographer_node-2] [WARN] [1779890627.025478757] [cartographer logger]: W20260527 23:03:47.-2147483648 13749 pose_extrapolator.cc:67] No odometry data for time: 639146960864125786 (earliest: 639146960864316821)
[cartographer_node-2] [WARN] [1779890627.025493173] [cartographer logger]: W20260527 23:03:47.-2147483648 13749 pose_extrapolator.cc:67] No odometry data for time: 639146960864246991 (earliest: 639146960864316821)
[cartographer_node-2] [WARN] [1779890627.025507803] [cartographer logger]: W20260527 23:03:47.-2147483648 13749 pose_extrapolator.cc:67] No odometry data for time: 639146960864125786 (earliest: 639146960864316821)
[cartographer_node-2] [WARN] [1779890627.025530477] [cartographer logger]: W20260527 23:03:47.-2147483648 13749 pose_extrapolator.cc:67] No odometry data for time: 639146960864247165 (earliest: 639146960864316821)
[cartographer_node-2] [WARN] [1779890627.025546614] [cartographer logger]: W20260527 23:03:47.-2147483648 13749 pose_extrapolator.cc:67] No odometry data for time: 639146960864125786 (earliest: 639146960864316821)
[cartographer_node-2] [WARN] [1779890627.025559628] [cartographer logger]: W20260527 23:03:47.-2147483648 13749 pose_extrapolator.cc:67] No odometry data for time: 639146960864247338 (earliest: 639146960864316821)
[cartographer_node-2] [WARN] [1779890627.025571828] [cartographer logger]: W20260527 23:03:47.-2147483648 13749 pose_extrapolator.cc:67] No odometry data for time: 639146960864125786 (earliest: 639146960864316821)
[cartographer_node-2] [WARN] [1779890627.025584470] [cartographer logger]: W20260527 23:03:47.-2147483648 13749 pose_extrapolator.cc:67] No odometry data for time: 639146960864247512 (earliest: 639146960864316821)
[cartographer_node-2] [WARN] [1779890627.025596660] [cartographer logger]: W20260527 23:03:47.-2147483648 13749 pose_extrapolator.cc:67] No odometry data for time: 639146960864125786 (earliest: 639146960864316821)
[cartographer_node-2] [WARN] [1779890627.025609454] [cartographer logger]: W20260527 23:03:47.-2147483648 13749 pose_extrapolator.cc:67] No odometry data for time: 639146960864247685 (earliest: 639146960864316821)
[cartographer_node-2] [WARN] [1779890627.025622259] [cartographer logger]: W20260527 23:03:47.-2147483648 13749 pose_extrapolator.cc:67] No odometry data for time: 639146960864125786 (earliest: 639146960864316821)
[cartographer_node-2] [WARN] [1779890627.025636209] [cartographer logger]: W20260527 23:03:47.-2147483648 13749 pose_extrapolator.cc:67] No odometry data for time: 639146960864247859 (earliest: 639146960864316821)
[cartographer_node-2] [WARN] [1779890627.025653410] [cartographer logger]: W20260527 23:03:47.-2147483648 13749 pose_extrapolator.cc:67] No odometry data for time: 639146960864125786 (earliest: 639146960864316821)
[cartographer_node-2] [WARN] [1779890627.025668977] [cartographer logger]: W20260527 23:03:47.-2147483648 13749 pose_extrapolator.cc:67] No odometry data for time: 639146960864248033 (earliest: 639146960864316821)
[cartographer_node-2] [WARN] [1779890627.025683456] [cartographer logger]: W20260527 23:03:47.-2147483648 13749 pose_extrapolator.cc:67] No odometry data for time: 639146960864125786 (earliest: 639146960864316821)
[cartographer_node-2] [WARN] [1779890627.025697345] [cartographer logger]: W20260527 23:03:47.-2147483648 13749 pose_extrapolator.cc:67] No odometry data for time: 639146960864248206 (earliest: 639146960864316821)
[cartographer_node-2] [WARN] [1779890627.025710612] [cartographer logger]: W20260527 23:03:47.-2147483648 13749 pose_extrapolator.cc:67] No odometry data for time: 639146960864125786 (earliest: 639146960864316821)
[cartographer_node-2] [WARN] [1779890627.025723133] [cartographer logger]: W20260527 23:03:47.-2147483648 13749 pose_extrapolator.cc:67] No odometry data for time: 639146960864248380 (earliest: 639146960864316821)
[cartographer_node-2] [WARN] [1779890627.025735316] [cartographer logger]: W20260527 23:03:47.-2147483648 13749 pose_extrapolator.cc:67] No odometry data for time: 639146960864125786 (earliest: 639146960864316821)
[cartographer_node-2] [WARN] [1779890627.025752331] [cartographer logger]: W20260527 23:03:47.-2147483648 13749 pose_extrapolator.cc:67] No odometry data for time: 639146960864248554 (earliest: 639146960864316821)
[cartographer_node-2] [WARN] [1779890627.025765407] [cartographer logger]: W20260527 23:03:47.-2147483648 13749 pose_extrapolator.cc:67] No odometry data for time: 639146960864125786 (earliest: 639146960864316821)
[cartographer_node-2] [WARN] [1779890627.025778126] [cartographer logger]: W20260527 23:03:47.-2147483648 13749 pose_extrapolator.cc:67] No odometry data for time: 639146960864248727 (earliest: 639146960864316821)
[cartographer_node-2] [WARN] [1779890627.025792539] [cartographer logger]: W20260527 23:03:47.-2147483648 13749 pose_extrapolator.cc:67] No odometry data for time: 639146960864125786 (earliest: 639146960864316821)
[cartographer_node-2] [WARN] [1779890627.025806328] [cartographer logger]: W20260527 23:03:47.-2147483648 13749 pose_extrapolator.cc:67] No odometry data for time: 639146960864248901 (earliest: 639146960864316821)
[cartographer_node-2] [WARN] [1779890627.025821202] [cartographer logger]: W20260527 23:03:47.-2147483648 13749 pose_extrapolator.cc:67] No odometry data for time: 639146960864125786 (earliest: 639146960864316821)
[cartographer_node-2] [WARN] [1779890627.025835623] [cartographer logger]: W20260527 23:03:47.-2147483648 13749 pose_extrapolator.cc:67] No odometry data for time: 639146960864249074 (earliest: 639146960864316821)
[cartographer_node-2] [WARN] [1779890627.025847737] [cartographer logger]: W20260527 23:03:47.-2147483648 13749 pose_extrapolator.cc:67] No odometry data for time: 639146960864125786 (earliest: 639146960864316821)
[cartographer_node-2] [WARN] [1779890627.025860352] [cartographer logger]: W20260527 23:03:47.-2147483648 13749 pose_extrapolator.cc:67] No odometry data for time: 639146960864249248 (earliest: 639146960864316821)
[cartographer_node-2] [WARN] [1779890627.025873072] [cartographer logger]: W20260527 23:03:47.-2147483648 13749 pose_extrapolator.cc:67] No odometry data for time: 639146960864125786 (earliest: 639146960864316821)
[cartographer_node-2] [WARN] [1779890627.025885242] [cartographer logger]: W20260527 23:03:47.-2147483648 13749 pose_extrapolator.cc:67] No odometry data for time: 639146960864249422 (earliest: 639146960864316821)
[cartographer_node-2] [WARN] [1779890627.025896975] [cartographer logger]: W20260527 23:03:47.-2147483648 13749 pose_extrapolator.cc:67] No odometry data for time: 639146960864125786 (earliest: 639146960864316821)
[cartographer_node-2] [WARN] [1779890627.025908530] [cartographer logger]: W20260527 23:03:47.-2147483648 13749 pose_extrapolator.cc:67] No odometry data for time: 639146960864249595 (earliest: 639146960864316821)
[cartographer_node-2] [WARN] [1779890627.025921196] [cartographer logger]: W20260527 23:03:47.-2147483648 13749 pose_extrapolator.cc:67] No odometry data for time: 639146960864125786 (earliest: 639146960864316821)
[cartographer_node-2] [WARN] [1779890627.025940257] [cartographer logger]: W20260527 23:03:47.-2147483648 13749 pose_extrapolator.cc:67] No odometry data for time: 639146960864249769 (earliest: 639146960864316821)
[cartographer_node-2] [WARN] [1779890627.025953097] [cartographer logger]: W20260527 23:03:47.-2147483648 13749 pose_extrapolator.cc:67] No odometry data for time: 639146960864125786 (earliest: 639146960864316821)
[cartographer_node-2] [WARN] [1779890627.025964812] [cartographer logger]: W20260527 23:03:47.-2147483648 13749 pose_extrapolator.cc:67] No odometry data for time: 639146960864249942 (earliest: 639146960864316821)
[cartographer_node-2] [WARN] [1779890627.025981655] [cartographer logger]: W20260527 23:03:47.-2147483648 13749 pose_extrapolator.cc:67] No odometry data for time: 639146960864125786 (earliest: 639146960864316821)
[cartographer_node-2] [WARN] [1779890627.025994660] [cartographer logger]: W20260527 23:03:47.-2147483648 13749 pose_extrapolator.cc:67] No odometry data for time: 639146960864250116 (earliest: 639146960864316821)
[cartographer_node-2] [WARN] [1779890627.026008161] [cartographer logger]: W20260527 23:03:47.-2147483648 13749 pose_extrapolator.cc:67] No odometry data for time: 639146960864125786 (earliest: 639146960864316821)
[cartographer_node-2] [WARN] [1779890627.026021042] [cartographer logger]: W20260527 23:03:47.-2147483648 13749 pose_extrapolator.cc:67] No odometry data for time: 639146960864250290 (earliest: 639146960864316821)
[cartographer_node-2] [WARN] [1779890627.026038885] [cartographer logger]: W20260527 23:03:47.-2147483648 13749 pose_extrapolator.cc:67] No odometry data for time: 639146960864125786 (earliest: 639146960864316821)
[cartographer_node-2] [WARN] [1779890627.026052076] [cartographer logger]: W20260527 23:03:47.-2147483648 13749 pose_extrapolator.cc:67] No odometry data for time: 639146960864250463 (earliest: 639146960864316821)
[cartographer_node-2] [WARN] [1779890627.026064188] [cartographer logger]: W20260527 23:03:47.-2147483648 13749 pose_extrapolator.cc:67] No odometry data for time: 639146960864125786 (earliest: 639146960864316821)
[cartographer_node-2] [WARN] [1779890627.026075782] [cartographer logger]: W20260527 23:03:47.-2147483648 13749 pose_extrapolator.cc:67] No odometry data for time: 639146960864250637 (earliest: 639146960864316821)
[cartographer_node-2] [WARN] [1779890627.026087508] [cartographer logger]: W20260527 23:03:47.-2147483648 13749 pose_extrapolator.cc:67] No odometry data for time: 639146960864125786 (earliest: 639146960864316821)
[cartographer_node-2] [WARN] [1779890627.026099691] [cartographer logger]: W20260527 23:03:47.-2147483648 13749 pose_extrapolator.cc:67] No odometry data for time: 639146960864250810 (earliest: 639146960864316821)
[cartographer_node-2] [WARN] [1779890627.026111643] [cartographer logger]: W20260527 23:03:47.-2147483648 13749 pose_extrapolator.cc:67] No odometry data for time: 639146960864125786 (earliest: 639146960864316821)
[cartographer_node-2] [WARN] [1779890627.026123140] [cartographer logger]: W20260527 23:03:47.-2147483648 13749 pose_extrapolator.cc:67] No odometry data for time: 639146960864250984 (earliest: 639146960864316821)
[cartographer_node-2] [WARN] [1779890627.026136701] [cartographer logger]: W20260527 23:03:47.-2147483648 13749 pose_extrapolator.cc:67] No odometry data for time: 639146960864125786 (earliest: 639146960864316821)
[cartographer_node-2] [WARN] [1779890627.026149975] [cartographer logger]: W20260527 23:03:47.-2147483648 13749 pose_extrapolator.cc:67] No odometry data for time: 639146960864251158 (earliest: 639146960864316821)
[cartographer_node-2] [WARN] [1779890627.026163532] [cartographer logger]: W20260527 23:03:47.-2147483648 13749 pose_extrapolator.cc:67] No odometry data for time: 639146960864125786 (earliest: 639146960864316821)
[cartographer_node-2] [WARN] [1779890627.026176711] [cartographer logger]: W20260527 23:03:47.-2147483648 13749 pose_extrapolator.cc:67] No odometry data for time: 639146960864251331 (earliest: 639146960864316821)
[cartographer_node-2] [WARN] [1779890627.026193243] [cartographer logger]: W20260527 23:03:47.-2147483648 13749 pose_extrapolator.cc:67] No odometry data for time: 639146960864125786 (earliest: 639146960864316821)
[cartographer_node-2] [WARN] [1779890627.026206525] [cartographer logger]: W20260527 23:03:47.-2147483648 13749 pose_extrapolator.cc:67] No odometry data for time: 639146960864251505 (earliest: 639146960864316821)
[cartographer_node-2] [WARN] [1779890627.026220774] [cartographer logger]: W20260527 23:03:47.-2147483648 13749 pose_extrapolator.cc:67] No odometry data for time: 639146960864125786 (earliest: 639146960864316821)
[cartographer_node-2] [WARN] [1779890627.026233758] [cartographer logger]: W20260527 23:03:47.-2147483648 13749 pose_extrapolator.cc:67] No odometry data for time: 639146960864251679 (earliest: 639146960864316821)
[cartographer_node-2] [WARN] [1779890627.026247871] [cartographer logger]: W20260527 23:03:47.-2147483648 13749 pose_extrapolator.cc:67] No odometry data for time: 639146960864125786 (earliest: 639146960864316821)
[cartographer_node-2] [WARN] [1779890627.026261071] [cartographer logger]: W20260527 23:03:47.-2147483648 13749 pose_extrapolator.cc:67] No odometry data for time: 639146960864251852 (earliest: 639146960864316821)
[cartographer_node-2] [WARN] [1779890627.026275031] [cartographer logger]: W20260527 23:03:47.-2147483648 13749 pose_extrapolator.cc:67] No odometry data for time: 639146960864125786 (earliest: 639146960864316821)
[cartographer_node-2] [WARN] [1779890627.026287757] [cartographer logger]: W20260527 23:03:47.-2147483648 13749 pose_extrapolator.cc:67] No odometry data for time: 639146960864252026 (earliest: 639146960864316821)
[cartographer_node-2] [WARN] [1779890627.026301301] [cartographer logger]: W20260527 23:03:47.-2147483648 13749 pose_extrapolator.cc:67] No odometry data for time: 639146960864125786 (earliest: 639146960864316821)
[cartographer_node-2] [WARN] [1779890627.026315221] [cartographer logger]: W20260527 23:03:47.-2147483648 13749 pose_extrapolator.cc:67] No odometry data for time: 639146960864252199 (earliest: 639146960864316821)
[cartographer_node-2] [WARN] [1779890627.026332196] [cartographer logger]: W20260527 23:03:47.-2147483648 13749 pose_extrapolator.cc:67] No odometry data for time: 639146960864125786 (earliest: 639146960864316821)
[cartographer_node-2] [WARN] [1779890627.026344095] [cartographer logger]: W20260527 23:03:47.-2147483648 13749 pose_extrapolator.cc:67] No odometry data for time: 639146960864252373 (earliest: 639146960864316821)
[cartographer_node-2] [WARN] [1779890627.026361937] [cartographer logger]: W20260527 23:03:47.-2147483648 13749 pose_extrapolator.cc:67] No odometry data for time: 639146960864125786 (earliest: 639146960864316821)
[cartographer_node-2] [WARN] [1779890627.026374625] [cartographer logger]: W20260527 23:03:47.-2147483648 13749 pose_extrapolator.cc:67] No odometry data for time: 639146960864252547 (earliest: 639146960864316821)
[cartographer_node-2] [WARN] [1779890627.026386732] [cartographer logger]: W20260527 23:03:47.-2147483648 13749 pose_extrapolator.cc:67] No odometry data for time: 639146960864125786 (earliest: 639146960864316821)
[cartographer_node-2] [WARN] [1779890627.026399480] [cartographer logger]: W20260527 23:03:47.-2147483648 13749 pose_extrapolator.cc:67] No odometry data for time: 639146960864252720 (earliest: 639146960864316821)
[cartographer_node-2] [WARN] [1779890627.026412792] [cartographer logger]: W20260527 23:03:47.-2147483648 13749 pose_extrapolator.cc:67] No odometry data for time: 639146960864125786 (earliest: 639146960864316821)
[cartographer_node-2] [WARN] [1779890627.026426609] [cartographer logger]: W20260527 23:03:47.-2147483648 13749 pose_extrapolator.cc:67] No odometry data for time: 639146960864252894 (earliest: 639146960864316821)
[cartographer_node-2] [WARN] [1779890627.026439963] [cartographer logger]: W20260527 23:03:47.-2147483648 13749 pose_extrapolator.cc:67] No odometry data for time: 639146960864125786 (earliest: 639146960864316821)
[cartographer_node-2] [WARN] [1779890627.026453015] [cartographer logger]: W20260527 23:03:47.-2147483648 13749 pose_extrapolator.cc:67] No odometry data for time: 639146960864253067 (earliest: 639146960864316821)
[cartographer_node-2] [WARN] [1779890627.026465099] [cartographer logger]: W20260527 23:03:47.-2147483648 13749 pose_extrapolator.cc:67] No odometry data for time: 639146960864125786 (earliest: 639146960864316821)
[cartographer_node-2] [WARN] [1779890627.026476611] [cartographer logger]: W20260527 23:03:47.-2147483648 13749 pose_extrapolator.cc:67] No odometry data for time: 639146960864253241 (earliest: 639146960864316821)
[cartographer_node-2] [WARN] [1779890627.026490421] [cartographer logger]: W20260527 23:03:47.-2147483648 13749 pose_extrapolator.cc:67] No odometry data for time: 639146960864125786 (earliest: 639146960864316821)
[cartographer_node-2] [WARN] [1779890627.026503961] [cartographer logger]: W20260527 23:03:47.-2147483648 13749 pose_extrapolator.cc:67] No odometry data for time: 639146960864253415 (earliest: 639146960864316821)
[cartographer_node-2] [WARN] [1779890627.026521384] [cartographer logger]: W20260527 23:03:47.-2147483648 13749 pose_extrapolator.cc:67] No odometry data for time: 639146960864125786 (earliest: 639146960864316821)
[cartographer_node-2] [WARN] [1779890627.026534153] [cartographer logger]: W20260527 23:03:47.-2147483648 13749 pose_extrapolator.cc:67] No odometry data for time: 639146960864253588 (earliest: 639146960864316821)
[cartographer_node-2] [WARN] [1779890627.026547031] [cartographer logger]: W20260527 23:03:47.-2147483648 13749 pose_extrapolator.cc:67] No odometry data for time: 639146960864125786 (earliest: 639146960864316821)
[cartographer_node-2] [WARN] [1779890627.026564476] [cartographer logger]: W20260527 23:03:47.-2147483648 13749 pose_extrapolator.cc:67] No odometry data for time: 639146960864253762 (earliest: 639146960864316821)
[cartographer_node-2] [WARN] [1779890627.026579916] [cartographer logger]: W20260527 23:03:47.-2147483648 13749 pose_extrapolator.cc:67] No odometry data for time: 639146960864125786 (earliest: 639146960864316821)
[cartographer_node-2] [WARN] [1779890627.026593204] [cartographer logger]: W20260527 23:03:47.-2147483648 13749 pose_extrapolator.cc:67] No odometry data for time: 639146960864253935 (earliest: 639146960864316821)
[cartographer_node-2] [WARN] [1779890627.026606845] [cartographer logger]: W20260527 23:03:47.-2147483648 13749 pose_extrapolator.cc:67] No odometry data for time: 639146960864125786 (earliest: 639146960864316821)
[cartographer_node-2] [WARN] [1779890627.026631507] [cartographer logger]: W20260527 23:03:47.-2147483648 13749 pose_extrapolator.cc:67] No odometry data for time: 639146960864254109 (earliest: 639146960864316821)
[cartographer_node-2] [WARN] [1779890627.026644766] [cartographer logger]: W20260527 23:03:47.-2147483648 13749 pose_extrapolator.cc:67] No odometry data for time: 639146960864125786 (earliest: 639146960864316821)
[cartographer_node-2] [WARN] [1779890627.026657988] [cartographer logger]: W20260527 23:03:47.-2147483648 13749 pose_extrapolator.cc:67] No odometry data for time: 639146960864254283 (earliest: 639146960864316821)
[cartographer_node-2] [WARN] [1779890627.026671907] [cartographer logger]: W20260527 23:03:47.-2147483648 13749 pose_extrapolator.cc:67] No odometry data for time: 639146960864125786 (earliest: 639146960864316821)
[cartographer_node-2] [WARN] [1779890627.026685069] [cartographer logger]: W20260527 23:03:47.-2147483648 13749 pose_extrapolator.cc:67] No odometry data for time: 639146960864254456 (earliest: 639146960864316821)
[cartographer_node-2] [WARN] [1779890627.026698717] [cartographer logger]: W20260527 23:03:47.-2147483648 13749 pose_extrapolator.cc:67] No odometry data for time: 639146960864125786 (earliest: 639146960864316821)
[cartographer_node-2] [WARN] [1779890627.026712641] [cartographer logger]: W20260527 23:03:47.-2147483648 13749 pose_extrapolator.cc:67] No odometry data for time: 639146960864254630 (earliest: 639146960864316821)
[cartographer_node-2] [WARN] [1779890627.026725583] [cartographer logger]: W20260527 23:03:47.-2147483648 13749 pose_extrapolator.cc:67] No odometry data for time: 639146960864125786 (earliest: 639146960864316821)
[cartographer_node-2] [WARN] [1779890627.026739889] [cartographer logger]: W20260527 23:03:47.-2147483648 13749 pose_extrapolator.cc:67] No odometry data for time: 639146960864254804 (earliest: 639146960864316821)
[cartographer_node-2] [WARN] [1779890627.026753407] [cartographer logger]: W20260527 23:03:47.-2147483648 13749 pose_extrapolator.cc:67] No odometry data for time: 639146960864125786 (earliest: 639146960864316821)
[cartographer_node-2] [WARN] [1779890627.026766618] [cartographer logger]: W20260527 23:03:47.-2147483648 13749 pose_extrapolator.cc:67] No odometry data for time: 639146960864254977 (earliest: 639146960864316821)
[cartographer_node-2] [WARN] [1779890627.026785692] [cartographer logger]: W20260527 23:03:47.-2147483648 13749 pose_extrapolator.cc:67] No odometry data for time: 639146960864125786 (earliest: 639146960864316821)
[cartographer_node-2] [WARN] [1779890627.026799583] [cartographer logger]: W20260527 23:03:47.-2147483648 13749 pose_extrapolator.cc:67] No odometry data for time: 639146960864255151 (earliest: 639146960864316821)
[cartographer_node-2] [WARN] [1779890627.026813457] [cartographer logger]: W20260527 23:03:47.-2147483648 13749 pose_extrapolator.cc:67] No odometry data for time: 639146960864125786 (earliest: 639146960864316821)
[cartographer_node-2] [WARN] [1779890627.026827293] [cartographer logger]: W20260527 23:03:47.-2147483648 13749 pose_extrapolator.cc:67] No odometry data for time: 639146960864255324 (earliest: 639146960864316821)
[cartographer_node-2] [WARN] [1779890627.026840225] [cartographer logger]: W20260527 23:03:47.-2147483648 13749 pose_extrapolator.cc:67] No odometry data for time: 639146960864125786 (earliest: 639146960864316821)
[cartographer_node-2] [WARN] [1779890627.026854210] [cartographer logger]: W20260527 23:03:47.-2147483648 13749 pose_extrapolator.cc:67] No odometry data for time: 639146960864255498 (earliest: 639146960864316821)
[cartographer_node-2] [WARN] [1779890627.026867888] [cartographer logger]: W20260527 23:03:47.-2147483648 13749 pose_extrapolator.cc:67] No odometry data for time: 639146960864125786 (earliest: 639146960864316821)
[cartographer_node-2] [WARN] [1779890627.026880681] [cartographer logger]: W20260527 23:03:47.-2147483648 13749 pose_extrapolator.cc:67] No odometry data for time: 639146960864255672 (earliest: 639146960864316821)
[cartographer_node-2] [WARN] [1779890627.026894698] [cartographer logger]: W20260527 23:03:47.-2147483648 13749 pose_extrapolator.cc:67] No odometry data for time: 639146960864125786 (earliest: 639146960864316821)
[cartographer_node-2] [WARN] [1779890627.026908069] [cartographer logger]: W20260527 23:03:47.-2147483648 13749 pose_extrapolator.cc:67] No odometry data for time: 639146960864255845 (earliest: 639146960864316821)
[cartographer_node-2] [WARN] [1779890627.026926210] [cartographer logger]: W20260527 23:03:47.-2147483648 13749 pose_extrapolator.cc:67] No odometry data for time: 639146960864125786 (earliest: 639146960864316821)
[cartographer_node-2] [WARN] [1779890627.026940293] [cartographer logger]: W20260527 23:03:47.-2147483648 13749 pose_extrapolator.cc:67] No odometry data for time: 639146960864256019 (earliest: 639146960864316821)
[cartographer_node-2] [WARN] [1779890627.026953227] [cartographer logger]: W20260527 23:03:47.-2147483648 13749 pose_extrapolator.cc:67] No odometry data for time: 639146960864125786 (earliest: 639146960864316821)
[cartographer_node-2] [WARN] [1779890627.026966336] [cartographer logger]: W20260527 23:03:47.-2147483648 13749 pose_extrapolator.cc:67] No odometry data for time: 639146960864256192 (earliest: 639146960864316821)
[cartographer_node-2] [WARN] [1779890627.026980405] [cartographer logger]: W20260527 23:03:47.-2147483648 13749 pose_extrapolator.cc:67] No odometry data for time: 639146960864125786 (earliest: 639146960864316821)
[cartographer_node-2] [WARN] [1779890627.026993032] [cartographer logger]: W20260527 23:03:47.-2147483648 13749 pose_extrapolator.cc:67] No odometry data for time: 639146960864256366 (earliest: 639146960864316821)
[cartographer_node-2] [WARN] [1779890627.027005520] [cartographer logger]: W20260527 23:03:47.-2147483648 13749 pose_extrapolator.cc:67] No odometry data for time: 639146960864125786 (earliest: 639146960864316821)
[cartographer_node-2] [WARN] [1779890627.027017130] [cartographer logger]: W20260527 23:03:47.-2147483648 13749 pose_extrapolator.cc:67] No odometry data for time: 639146960864256540 (earliest: 639146960864316821)
[cartographer_node-2] [WARN] [1779890627.027029729] [cartographer logger]: W20260527 23:03:47.-2147483648 13749 pose_extrapolator.cc:67] No odometry data for time: 639146960864125786 (earliest: 639146960864316821)
[cartographer_node-2] [WARN] [1779890627.027042062] [cartographer logger]: W20260527 23:03:47.-2147483648 13749 pose_extrapolator.cc:67] No odometry data for time: 639146960864256713 (earliest: 639146960864316821)
[cartographer_node-2] [WARN] [1779890627.027056248] [cartographer logger]: W20260527 23:03:47.-2147483648 13749 pose_extrapolator.cc:67] No odometry data for time: 639146960864125786 (earliest: 639146960864316821)
[cartographer_node-2] [WARN] [1779890627.027068944] [cartographer logger]: W20260527 23:03:47.-2147483648 13749 pose_extrapolator.cc:67] No odometry data for time: 639146960864256887 (earliest: 639146960864316821)
[cartographer_node-2] [WARN] [1779890627.027082373] [cartographer logger]: W20260527 23:03:47.-2147483648 13749 pose_extrapolator.cc:67] No odometry data for time: 639146960864125786 (earliest: 639146960864316821)
[cartographer_node-2] [WARN] [1779890627.027094680] [cartographer logger]: W20260527 23:03:47.-2147483648 13749 pose_extrapolator.cc:67] No odometry data for time: 639146960864257060 (earliest: 639146960864316821)
[cartographer_node-2] [WARN] [1779890627.027106509] [cartographer logger]: W20260527 23:03:47.-2147483648 13749 pose_extrapolator.cc:67] No odometry data for time: 639146960864125786 (earliest: 639146960864316821)
[cartographer_node-2] [WARN] [1779890627.027118812] [cartographer logger]: W20260527 23:03:47.-2147483648 13749 pose_extrapolator.cc:67] No odometry data for time: 639146960864257234 (earliest: 639146960864316821)
[cartographer_node-2] [WARN] [1779890627.027131169] [cartographer logger]: W20260527 23:03:47.-2147483648 13749 pose_extrapolator.cc:67] No odometry data for time: 639146960864125786 (earliest: 639146960864316821)
[cartographer_node-2] [WARN] [1779890627.027143434] [cartographer logger]: W20260527 23:03:47.-2147483648 13749 pose_extrapolator.cc:67] No odometry data for time: 639146960864257408 (earliest: 639146960864316821)
[cartographer_node-2] [WARN] [1779890627.027155050] [cartographer logger]: W20260527 23:03:47.-2147483648 13749 pose_extrapolator.cc:67] No odometry data for time: 639146960864125786 (earliest: 639146960864316821)
[cartographer_node-2] [WARN] [1779890627.027167297] [cartographer logger]: W20260527 23:03:47.-2147483648 13749 pose_extrapolator.cc:67] No odometry data for time: 639146960864257581 (earliest: 639146960864316821)
[cartographer_node-2] [WARN] [1779890627.027179721] [cartographer logger]: W20260527 23:03:47.-2147483648 13749 pose_extrapolator.cc:67] No odometry data for time: 639146960864125786 (earliest: 639146960864316821)
[cartographer_node-2] [WARN] [1779890627.027196044] [cartographer logger]: W20260527 23:03:47.-2147483648 13749 pose_extrapolator.cc:67] No odometry data for time: 639146960864257755 (earliest: 639146960864316821)
[cartographer_node-2] [WARN] [1779890627.027213241] [cartographer logger]: W20260527 23:03:47.-2147483648 13749 pose_extrapolator.cc:67] No odometry data for time: 639146960864125786 (earliest: 639146960864316821)
[cartographer_node-2] [WARN] [1779890627.027225153] [cartographer logger]: W20260527 23:03:47.-2147483648 13749 pose_extrapolator.cc:67] No odometry data for time: 639146960864257929 (earliest: 639146960864316821)
[cartographer_node-2] [WARN] [1779890627.027237727] [cartographer logger]: W20260527 23:03:47.-2147483648 13749 pose_extrapolator.cc:67] No odometry data for time: 639146960864125786 (earliest: 639146960864316821)
[cartographer_node-2] [WARN] [1779890627.027250056] [cartographer logger]: W20260527 23:03:47.-2147483648 13749 pose_extrapolator.cc:67] No odometry data for time: 639146960864258102 (earliest: 639146960864316821)
[cartographer_node-2] [WARN] [1779890627.027262623] [cartographer logger]: W20260527 23:03:47.-2147483648 13749 pose_extrapolator.cc:67] No odometry data for time: 639146960864125786 (earliest: 639146960864316821)
[cartographer_node-2] [WARN] [1779890627.027274192] [cartographer logger]: W20260527 23:03:47.-2147483648 13749 pose_extrapolator.cc:67] No odometry data for time: 639146960864258276 (earliest: 639146960864316821)
[cartographer_node-2] [WARN] [1779890627.027286875] [cartographer logger]: W20260527 23:03:47.-2147483648 13749 pose_extrapolator.cc:67] No odometry data for time: 639146960864125786 (earliest: 639146960864316821)
[cartographer_node-2] [WARN] [1779890627.027298491] [cartographer logger]: W20260527 23:03:47.-2147483648 13749 pose_extrapolator.cc:67] No odometry data for time: 639146960864258449 (earliest: 639146960864316821)
[cartographer_node-2] [WARN] [1779890627.027310308] [cartographer logger]: W20260527 23:03:47.-2147483648 13749 pose_extrapolator.cc:67] No odometry data for time: 639146960864125786 (earliest: 639146960864316821)
[cartographer_node-2] [WARN] [1779890627.027321762] [cartographer logger]: W20260527 23:03:47.-2147483648 13749 pose_extrapolator.cc:67] No odometry data for time: 639146960864258623 (earliest: 639146960864316821)
[cartographer_node-2] [WARN] [1779890627.027333475] [cartographer logger]: W20260527 23:03:47.-2147483648 13749 pose_extrapolator.cc:67] No odometry data for time: 639146960864125786 (earliest: 639146960864316821)
[cartographer_node-2] [WARN] [1779890627.027345022] [cartographer logger]: W20260527 23:03:47.-2147483648 13749 pose_extrapolator.cc:67] No odometry data for time: 639146960864258797 (earliest: 639146960864316821)
[cartographer_node-2] [WARN] [1779890627.027356808] [cartographer logger]: W20260527 23:03:47.-2147483648 13749 pose_extrapolator.cc:67] No odometry data for time: 639146960864125786 (earliest: 639146960864316821)
[cartographer_node-2] [WARN] [1779890627.027368303] [cartographer logger]: W20260527 23:03:47.-2147483648 13749 pose_extrapolator.cc:67] No odometry data for time: 639146960864258970 (earliest: 639146960864316821)
[cartographer_node-2] [WARN] [1779890627.027381016] [cartographer logger]: W20260527 23:03:47.-2147483648 13749 pose_extrapolator.cc:67] No odometry data for time: 639146960864125786 (earliest: 639146960864316821)
[cartographer_node-2] [WARN] [1779890627.027392466] [cartographer logger]: W20260527 23:03:47.-2147483648 13749 pose_extrapolator.cc:67] No odometry data for time: 639146960864259144 (earliest: 639146960864316821)
[cartographer_node-2] [WARN] [1779890627.027404988] [cartographer logger]: W20260527 23:03:47.-2147483648 13749 pose_extrapolator.cc:67] No odometry data for time: 639146960864125786 (earliest: 639146960864316821)
[cartographer_node-2] [WARN] [1779890627.027417518] [cartographer logger]: W20260527 23:03:47.-2147483648 13749 pose_extrapolator.cc:67] No odometry data for time: 639146960864259317 (earliest: 639146960864316821)
[cartographer_node-2] [WARN] [1779890627.027432104] [cartographer logger]: W20260527 23:03:47.-2147483648 13749 pose_extrapolator.cc:67] No odometry data for time: 639146960864125786 (earliest: 639146960864316821)
[cartographer_node-2] [WARN] [1779890627.027444610] [cartographer logger]: W20260527 23:03:47.-2147483648 13749 pose_extrapolator.cc:67] No odometry data for time: 639146960864259491 (earliest: 639146960864316821)
[cartographer_node-2] [WARN] [1779890627.027457171] [cartographer logger]: W20260527 23:03:47.-2147483648 13749 pose_extrapolator.cc:67] No odometry data for time: 639146960864125786 (earliest: 639146960864316821)
[cartographer_node-2] [WARN] [1779890627.027473663] [cartographer logger]: W20260527 23:03:47.-2147483648 13749 pose_extrapolator.cc:67] No odometry data for time: 639146960864259665 (earliest: 639146960864316821)
[cartographer_node-2] [WARN] [1779890627.027485701] [cartographer logger]: W20260527 23:03:47.-2147483648 13749 pose_extrapolator.cc:67] No odometry data for time: 639146960864125786 (earliest: 639146960864316821)
[cartographer_node-2] [WARN] [1779890627.027498058] [cartographer logger]: W20260527 23:03:47.-2147483648 13749 pose_extrapolator.cc:67] No odometry data for time: 639146960864259838 (earliest: 639146960864316821)
[cartographer_node-2] [WARN] [1779890627.027510614] [cartographer logger]: W20260527 23:03:47.-2147483648 13749 pose_extrapolator.cc:67] No odometry data for time: 639146960864125786 (earliest: 639146960864316821)
[cartographer_node-2] [WARN] [1779890627.027527056] [cartographer logger]: W20260527 23:03:47.-2147483648 13749 pose_extrapolator.cc:67] No odometry data for time: 639146960864260012 (earliest: 639146960864316821)
[cartographer_node-2] [WARN] [1779890627.027539736] [cartographer logger]: W20260527 23:03:47.-2147483648 13749 pose_extrapolator.cc:67] No odometry data for time: 639146960864125786 (earliest: 639146960864316821)
[cartographer_node-2] [WARN] [1779890627.027552061] [cartographer logger]: W20260527 23:03:47.-2147483648 13749 pose_extrapolator.cc:67] No odometry data for time: 639146960864260185 (earliest: 639146960864316821)
[cartographer_node-2] [WARN] [1779890627.027564617] [cartographer logger]: W20260527 23:03:47.-2147483648 13749 pose_extrapolator.cc:67] No odometry data for time: 639146960864125786 (earliest: 639146960864316821)
[cartographer_node-2] [WARN] [1779890627.027580783] [cartographer logger]: W20260527 23:03:47.-2147483648 13749 pose_extrapolator.cc:67] No odometry data for time: 639146960864260359 (earliest: 639146960864316821)
[cartographer_node-2] [WARN] [1779890627.027593085] [cartographer logger]: W20260527 23:03:47.-2147483648 13749 pose_extrapolator.cc:67] No odometry data for time: 639146960864125786 (earliest: 639146960864316821)
[cartographer_node-2] [WARN] [1779890627.027604647] [cartographer logger]: W20260527 23:03:47.-2147483648 13749 pose_extrapolator.cc:67] No odometry data for time: 639146960864260533 (earliest: 639146960864316821)
[cartographer_node-2] [WARN] [1779890627.027616819] [cartographer logger]: W20260527 23:03:47.-2147483648 13749 pose_extrapolator.cc:67] No odometry data for time: 639146960864125786 (earliest: 639146960864316821)
[cartographer_node-2] [WARN] [1779890627.027628324] [cartographer logger]: W20260527 23:03:47.-2147483648 13749 pose_extrapolator.cc:67] No odometry data for time: 639146960864260706 (earliest: 639146960864316821)
[cartographer_node-2] [WARN] [1779890627.027639763] [cartographer logger]: W20260527 23:03:47.-2147483648 13749 pose_extrapolator.cc:67] No odometry data for time: 639146960864125786 (earliest: 639146960864316821)
[cartographer_node-2] [WARN] [1779890627.027652190] [cartographer logger]: W20260527 23:03:47.-2147483648 13749 pose_extrapolator.cc:67] No odometry data for time: 639146960864260880 (earliest: 639146960864316821)
[cartographer_node-2] [WARN] [1779890627.027664189] [cartographer logger]: W20260527 23:03:47.-2147483648 13749 pose_extrapolator.cc:67] No odometry data for time: 639146960864125786 (earliest: 639146960864316821)
[cartographer_node-2] [WARN] [1779890627.027676423] [cartographer logger]: W20260527 23:03:47.-2147483648 13749 pose_extrapolator.cc:67] No odometry data for time: 639146960864261054 (earliest: 639146960864316821)
[cartographer_node-2] [WARN] [1779890627.027689038] [cartographer logger]: W20260527 23:03:47.-2147483648 13749 pose_extrapolator.cc:67] No odometry data for time: 639146960864125786 (earliest: 639146960864316821)
[cartographer_node-2] [WARN] [1779890627.027700579] [cartographer logger]: W20260527 23:03:47.-2147483648 13749 pose_extrapolator.cc:67] No odometry data for time: 639146960864261227 (earliest: 639146960864316821)
[cartographer_node-2] [WARN] [1779890627.027712353] [cartographer logger]: W20260527 23:03:47.-2147483648 13749 pose_extrapolator.cc:67] No odometry data for time: 639146960864125786 (earliest: 639146960864316821)
[cartographer_node-2] [WARN] [1779890627.027723766] [cartographer logger]: W20260527 23:03:47.-2147483648 13749 pose_extrapolator.cc:67] No odometry data for time: 639146960864261401 (earliest: 639146960864316821)
[cartographer_node-2] [WARN] [1779890627.027739534] [cartographer logger]: W20260527 23:03:47.-2147483648 13749 pose_extrapolator.cc:67] No odometry data for time: 639146960864125786 (earliest: 639146960864316821)
[cartographer_node-2] [WARN] [1779890627.027751241] [cartographer logger]: W20260527 23:03:47.-2147483648 13749 pose_extrapolator.cc:67] No odometry data for time: 639146960864261574 (earliest: 639146960864316821)
[cartographer_node-2] [WARN] [1779890627.027763054] [cartographer logger]: W20260527 23:03:47.-2147483648 13749 pose_extrapolator.cc:67] No odometry data for time: 639146960864125786 (earliest: 639146960864316821)
[cartographer_node-2] [WARN] [1779890627.027774731] [cartographer logger]: W20260527 23:03:47.-2147483648 13749 pose_extrapolator.cc:67] No odometry data for time: 639146960864261748 (earliest: 639146960864316821)
[cartographer_node-2] [WARN] [1779890627.027787459] [cartographer logger]: W20260527 23:03:47.-2147483648 13749 pose_extrapolator.cc:67] No odometry data for time: 639146960864125786 (earliest: 639146960864316821)
[cartographer_node-2] [WARN] [1779890627.027799962] [cartographer logger]: W20260527 23:03:47.-2147483648 13749 pose_extrapolator.cc:67] No odometry data for time: 639146960864261922 (earliest: 639146960864316821)
[cartographer_node-2] [WARN] [1779890627.027811958] [cartographer logger]: W20260527 23:03:47.-2147483648 13749 pose_extrapolator.cc:67] No odometry data for time: 639146960864125786 (earliest: 639146960864316821)
[cartographer_node-2] [WARN] [1779890627.027826549] [cartographer logger]: W20260527 23:03:47.-2147483648 13749 pose_extrapolator.cc:67] No odometry data for time: 639146960864262095 (earliest: 639146960864316821)
[cartographer_node-2] [WARN] [1779890627.027839351] [cartographer logger]: W20260527 23:03:47.-2147483648 13749 pose_extrapolator.cc:67] No odometry data for time: 639146960864125786 (earliest: 639146960864316821)
[cartographer_node-2] [WARN] [1779890627.027851630] [cartographer logger]: W20260527 23:03:47.-2147483648 13749 pose_extrapolator.cc:67] No odometry data for time: 639146960864262269 (earliest: 639146960864316821)
[cartographer_node-2] [WARN] [1779890627.027863573] [cartographer logger]: W20260527 23:03:47.-2147483648 13749 pose_extrapolator.cc:67] No odometry data for time: 639146960864125786 (earliest: 639146960864316821)
[cartographer_node-2] [WARN] [1779890627.027875830] [cartographer logger]: W20260527 23:03:47.-2147483648 13749 pose_extrapolator.cc:67] No odometry data for time: 639146960864262442 (earliest: 639146960864316821)
[cartographer_node-2] [WARN] [1779890627.027888459] [cartographer logger]: W20260527 23:03:47.-2147483648 13749 pose_extrapolator.cc:67] No odometry data for time: 639146960864125786 (earliest: 639146960864316821)
[cartographer_node-2] [WARN] [1779890627.027900893] [cartographer logger]: W20260527 23:03:47.-2147483648 13749 pose_extrapolator.cc:67] No odometry data for time: 639146960864262616 (earliest: 639146960864316821)
[cartographer_node-2] [WARN] [1779890627.027912922] [cartographer logger]: W20260527 23:03:47.-2147483648 13749 pose_extrapolator.cc:67] No odometry data for time: 639146960864125786 (earliest: 639146960864316821)
[cartographer_node-2] [WARN] [1779890627.027925300] [cartographer logger]: W20260527 23:03:47.-2147483648 13749 pose_extrapolator.cc:67] No odometry data for time: 639146960864262790 (earliest: 639146960864316821)
[cartographer_node-2] [WARN] [1779890627.027937923] [cartographer logger]: W20260527 23:03:47.-2147483648 13749 pose_extrapolator.cc:67] No odometry data for time: 639146960864125786 (earliest: 639146960864316821)
[cartographer_node-2] [WARN] [1779890627.027949461] [cartographer logger]: W20260527 23:03:47.-2147483648 13749 pose_extrapolator.cc:67] No odometry data for time: 639146960864262963 (earliest: 639146960864316821)
[cartographer_node-2] [WARN] [1779890627.027966806] [cartographer logger]: W20260527 23:03:47.-2147483648 13749 pose_extrapolator.cc:67] No odometry data for time: 639146960864125786 (earliest: 639146960864316821)
[cartographer_node-2] [WARN] [1779890627.027979643] [cartographer logger]: W20260527 23:03:47.-2147483648 13749 pose_extrapolator.cc:67] No odometry data for time: 639146960864263137 (earliest: 639146960864316821)
[cartographer_node-2] [WARN] [1779890627.027992375] [cartographer logger]: W20260527 23:03:47.-2147483648 13749 pose_extrapolator.cc:67] No odometry data for time: 639146960864125786 (earliest: 639146960864316821)
[cartographer_node-2] [WARN] [1779890627.028004690] [cartographer logger]: W20260527 23:03:47.-2147483648 13749 pose_extrapolator.cc:67] No odometry data for time: 639146960864263310 (earliest: 639146960864316821)
[cartographer_node-2] [WARN] [1779890627.028022778] [cartographer logger]: W20260527 23:03:47.-2147483648 13749 pose_extrapolator.cc:67] No odometry data for time: 639146960864125786 (earliest: 639146960864316821)
[cartographer_node-2] [WARN] [1779890627.028034677] [cartographer logger]: W20260527 23:03:47.-2147483648 13749 pose_extrapolator.cc:67] No odometry data for time: 639146960864263484 (earliest: 639146960864316821)
[cartographer_node-2] [WARN] [1779890627.028047370] [cartographer logger]: W20260527 23:03:47.-2147483648 13749 pose_extrapolator.cc:67] No odometry data for time: 639146960864125786 (earliest: 639146960864316821)
[cartographer_node-2] [WARN] [1779890627.028059696] [cartographer logger]: W20260527 23:03:47.-2147483648 13749 pose_extrapolator.cc:67] No odometry data for time: 639146960864263658 (earliest: 639146960864316821)
[cartographer_node-2] [WARN] [1779890627.028072253] [cartographer logger]: W20260527 23:03:47.-2147483648 13749 pose_extrapolator.cc:67] No odometry data for time: 639146960864125786 (earliest: 639146960864316821)
[cartographer_node-2] [WARN] [1779890627.028083753] [cartographer logger]: W20260527 23:03:47.-2147483648 13749 pose_extrapolator.cc:67] No odometry data for time: 639146960864263831 (earliest: 639146960864316821)
[cartographer_node-2] [WARN] [1779890627.028095510] [cartographer logger]: W20260527 23:03:47.-2147483648 13749 pose_extrapolator.cc:67] No odometry data for time: 639146960864125786 (earliest: 639146960864316821)
[cartographer_node-2] [WARN] [1779890627.028106965] [cartographer logger]: W20260527 23:03:47.-2147483648 13749 pose_extrapolator.cc:67] No odometry data for time: 639146960864264005 (earliest: 639146960864316821)
[cartographer_node-2] [WARN] [1779890627.028118564] [cartographer logger]: W20260527 23:03:47.-2147483648 13749 pose_extrapolator.cc:67] No odometry data for time: 639146960864125786 (earliest: 639146960864316821)
[cartographer_node-2] [WARN] [1779890627.028130197] [cartographer logger]: W20260527 23:03:47.-2147483648 13749 pose_extrapolator.cc:67] No odometry data for time: 639146960864264179 (earliest: 639146960864316821)
[cartographer_node-2] [WARN] [1779890627.028141949] [cartographer logger]: W20260527 23:03:47.-2147483648 13749 pose_extrapolator.cc:67] No odometry data for time: 639146960864125786 (earliest: 639146960864316821)
[cartographer_node-2] [WARN] [1779890627.028153445] [cartographer logger]: W20260527 23:03:47.-2147483648 13749 pose_extrapolator.cc:67] No odometry data for time: 639146960864264352 (earliest: 639146960864316821)
[cartographer_node-2] [WARN] [1779890627.028165858] [cartographer logger]: W20260527 23:03:47.-2147483648 13749 pose_extrapolator.cc:67] No odometry data for time: 639146960864125786 (earliest: 639146960864316821)
[cartographer_node-2] [WARN] [1779890627.028177388] [cartographer logger]: W20260527 23:03:47.-2147483648 13749 pose_extrapolator.cc:67] No odometry data for time: 639146960864264526 (earliest: 639146960864316821)
[cartographer_node-2] [WARN] [1779890627.028189856] [cartographer logger]: W20260527 23:03:47.-2147483648 13749 pose_extrapolator.cc:67] No odometry data for time: 639146960864125786 (earliest: 639146960864316821)
[cartographer_node-2] [WARN] [1779890627.028204722] [cartographer logger]: W20260527 23:03:47.-2147483648 13749 pose_extrapolator.cc:67] No odometry data for time: 639146960864264699 (earliest: 639146960864316821)
[cartographer_node-2] [WARN] [1779890627.028217513] [cartographer logger]: W20260527 23:03:47.-2147483648 13749 pose_extrapolator.cc:67] No odometry data for time: 639146960864125786 (earliest: 639146960864316821)
[cartographer_node-2] [WARN] [1779890627.028229029] [cartographer logger]: W20260527 23:03:47.-2147483648 13749 pose_extrapolator.cc:67] No odometry data for time: 639146960864264873 (earliest: 639146960864316821)
[cartographer_node-2] [WARN] [1779890627.028241464] [cartographer logger]: W20260527 23:03:47.-2147483648 13749 pose_extrapolator.cc:67] No odometry data for time: 639146960864125786 (earliest: 639146960864316821)
[cartographer_node-2] [WARN] [1779890627.028253647] [cartographer logger]: W20260527 23:03:47.-2147483648 13749 pose_extrapolator.cc:67] No odometry data for time: 639146960864265047 (earliest: 639146960864316821)
[cartographer_node-2] [WARN] [1779890627.028265447] [cartographer logger]: W20260527 23:03:47.-2147483648 13749 pose_extrapolator.cc:67] No odometry data for time: 639146960864125786 (earliest: 639146960864316821)
[cartographer_node-2] [WARN] [1779890627.028281395] [cartographer logger]: W20260527 23:03:47.-2147483648 13749 pose_extrapolator.cc:67] No odometry data for time: 639146960864265220 (earliest: 639146960864316821)
[cartographer_node-2] [WARN] [1779890627.028294111] [cartographer logger]: W20260527 23:03:47.-2147483648 13749 pose_extrapolator.cc:67] No odometry data for time: 639146960864125786 (earliest: 639146960864316821)
[cartographer_node-2] [WARN] [1779890627.028306487] [cartographer logger]: W20260527 23:03:47.-2147483648 13749 pose_extrapolator.cc:67] No odometry data for time: 639146960864265394 (earliest: 639146960864316821)
[cartographer_node-2] [WARN] [1779890627.028318433] [cartographer logger]: W20260527 23:03:47.-2147483648 13749 pose_extrapolator.cc:67] No odometry data for time: 639146960864125786 (earliest: 639146960864316821)
[cartographer_node-2] [WARN] [1779890627.028329777] [cartographer logger]: W20260527 23:03:47.-2147483648 13749 pose_extrapolator.cc:67] No odometry data for time: 639146960864265567 (earliest: 639146960864316821)
[cartographer_node-2] [WARN] [1779890627.028341516] [cartographer logger]: W20260527 23:03:47.-2147483648 13749 pose_extrapolator.cc:67] No odometry data for time: 639146960864125786 (earliest: 639146960864316821)
[cartographer_node-2] [WARN] [1779890627.028358268] [cartographer logger]: W20260527 23:03:47.-2147483648 13749 pose_extrapolator.cc:67] No odometry data for time: 639146960864265741 (earliest: 639146960864316821)
[cartographer_node-2] [WARN] [1779890627.028370439] [cartographer logger]: W20260527 23:03:47.-2147483648 13749 pose_extrapolator.cc:67] No odometry data for time: 639146960864125786 (earliest: 639146960864316821)
[cartographer_node-2] [WARN] [1779890627.028382340] [cartographer logger]: W20260527 23:03:47.-2147483648 13749 pose_extrapolator.cc:67] No odometry data for time: 639146960864265915 (earliest: 639146960864316821)
[cartographer_node-2] [WARN] [1779890627.028394998] [cartographer logger]: W20260527 23:03:47.-2147483648 13749 pose_extrapolator.cc:67] No odometry data for time: 639146960864125786 (earliest: 639146960864316821)
[cartographer_node-2] [WARN] [1779890627.028406642] [cartographer logger]: W20260527 23:03:47.-2147483648 13749 pose_extrapolator.cc:67] No odometry data for time: 639146960864266088 (earliest: 639146960864316821)
[cartographer_node-2] [WARN] [1779890627.028419367] [cartographer logger]: W20260527 23:03:47.-2147483648 13749 pose_extrapolator.cc:67] No odometry data for time: 639146960864125786 (earliest: 639146960864316821)
[cartographer_node-2] [WARN] [1779890627.028430995] [cartographer logger]: W20260527 23:03:47.-2147483648 13749 pose_extrapolator.cc:67] No odometry data for time: 639146960864266262 (earliest: 639146960864316821)
[cartographer_node-2] [WARN] [1779890627.028442701] [cartographer logger]: W20260527 23:03:47.-2147483648 13749 pose_extrapolator.cc:67] No odometry data for time: 639146960864125786 (earliest: 639146960864316821)
[cartographer_node-2] [WARN] [1779890627.028456010] [cartographer logger]: W20260527 23:03:47.-2147483648 13749 pose_extrapolator.cc:67] No odometry data for time: 639146960864266435 (earliest: 639146960864316821)
[cartographer_node-2] [WARN] [1779890627.028467985] [cartographer logger]: W20260527 23:03:47.-2147483648 13749 pose_extrapolator.cc:67] No odometry data for time: 639146960864125786 (earliest: 639146960864316821)
[cartographer_node-2] [WARN] [1779890627.028479675] [cartographer logger]: W20260527 23:03:47.-2147483648 13749 pose_extrapolator.cc:67] No odometry data for time: 639146960864266609 (earliest: 639146960864316821)
[cartographer_node-2] [WARN] [1779890627.028491382] [cartographer logger]: W20260527 23:03:47.-2147483648 13749 pose_extrapolator.cc:67] No odometry data for time: 639146960864125786 (earliest: 639146960864316821)
[cartographer_node-2] [WARN] [1779890627.028503567] [cartographer logger]: W20260527 23:03:47.-2147483648 13749 pose_extrapolator.cc:67] No odometry data for time: 639146960864266783 (earliest: 639146960864316821)
[cartographer_node-2] [WARN] [1779890627.028519205] [cartographer logger]: W20260527 23:03:47.-2147483648 13749 pose_extrapolator.cc:67] No odometry data for time: 639146960864125786 (earliest: 639146960864316821)
[cartographer_node-2] [WARN] [1779890627.028531811] [cartographer logger]: W20260527 23:03:47.-2147483648 13749 pose_extrapolator.cc:67] No odometry data for time: 639146960864266956 (earliest: 639146960864316821)
[cartographer_node-2] [WARN] [1779890627.028549012] [cartographer logger]: W20260527 23:03:47.-2147483648 13749 pose_extrapolator.cc:67] No odometry data for time: 639146960864125786 (earliest: 639146960864316821)
[cartographer_node-2] [WARN] [1779890627.028561375] [cartographer logger]: W20260527 23:03:47.-2147483648 13749 pose_extrapolator.cc:67] No odometry data for time: 639146960864267130 (earliest: 639146960864316821)
[cartographer_node-2] [WARN] [1779890627.028573212] [cartographer logger]: W20260527 23:03:47.-2147483648 13749 pose_extrapolator.cc:67] No odometry data for time: 639146960864125786 (earliest: 639146960864316821)
[cartographer_node-2] [WARN] [1779890627.028585593] [cartographer logger]: W20260527 23:03:47.-2147483648 13749 pose_extrapolator.cc:67] No odometry data for time: 639146960864267304 (earliest: 639146960864316821)
[cartographer_node-2] [WARN] [1779890627.028600703] [cartographer logger]: W20260527 23:03:47.-2147483648 13749 pose_extrapolator.cc:67] No odometry data for time: 639146960864125786 (earliest: 639146960864316821)
[cartographer_node-2] [WARN] [1779890627.028613268] [cartographer logger]: W20260527 23:03:47.-2147483648 13749 pose_extrapolator.cc:67] No odometry data for time: 639146960864267477 (earliest: 639146960864316821)
[cartographer_node-2] [WARN] [1779890627.028625305] [cartographer logger]: W20260527 23:03:47.-2147483648 13749 pose_extrapolator.cc:67] No odometry data for time: 639146960864125786 (earliest: 639146960864316821)
[cartographer_node-2] [WARN] [1779890627.028637670] [cartographer logger]: W20260527 23:03:47.-2147483648 13749 pose_extrapolator.cc:67] No odometry data for time: 639146960864267651 (earliest: 639146960864316821)
[cartographer_node-2] [WARN] [1779890627.028650428] [cartographer logger]: W20260527 23:03:47.-2147483648 13749 pose_extrapolator.cc:67] No odometry data for time: 639146960864125786 (earliest: 639146960864316821)
[cartographer_node-2] [WARN] [1779890627.028661924] [cartographer logger]: W20260527 23:03:47.-2147483648 13749 pose_extrapolator.cc:67] No odometry data for time: 639146960864267824 (earliest: 639146960864316821)
[cartographer_node-2] [WARN] [1779890627.028674351] [cartographer logger]: W20260527 23:03:47.-2147483648 13749 pose_extrapolator.cc:67] No odometry data for time: 639146960864125786 (earliest: 639146960864316821)
[cartographer_node-2] [WARN] [1779890627.028686672] [cartographer logger]: W20260527 23:03:47.-2147483648 13749 pose_extrapolator.cc:67] No odometry data for time: 639146960864267998 (earliest: 639146960864316821)
[cartographer_node-2] [WARN] [1779890627.028699256] [cartographer logger]: W20260527 23:03:47.-2147483648 13749 pose_extrapolator.cc:67] No odometry data for time: 639146960864125786 (earliest: 639146960864316821)
[cartographer_node-2] [WARN] [1779890627.028710886] [cartographer logger]: W20260527 23:03:47.-2147483648 13749 pose_extrapolator.cc:67] No odometry data for time: 639146960864268172 (earliest: 639146960864316821)
[cartographer_node-2] [WARN] [1779890627.028723361] [cartographer logger]: W20260527 23:03:47.-2147483648 13749 pose_extrapolator.cc:67] No odometry data for time: 639146960864125786 (earliest: 639146960864316821)
[cartographer_node-2] [WARN] [1779890627.028740525] [cartographer logger]: W20260527 23:03:47.-2147483648 13749 pose_extrapolator.cc:67] No odometry data for time: 639146960864268345 (earliest: 639146960864316821)
[cartographer_node-2] [WARN] [1779890627.028753653] [cartographer logger]: W20260527 23:03:47.-2147483648 13749 pose_extrapolator.cc:67] No odometry data for time: 639146960864125786 (earliest: 639146960864316821)
[cartographer_node-2] [WARN] [1779890627.028765572] [cartographer logger]: W20260527 23:03:47.-2147483648 13749 pose_extrapolator.cc:67] No odometry data for time: 639146960864268519 (earliest: 639146960864316821)
[cartographer_node-2] [WARN] [1779890627.028778301] [cartographer logger]: W20260527 23:03:47.-2147483648 13749 pose_extrapolator.cc:67] No odometry data for time: 639146960864125786 (earliest: 639146960864316821)
[cartographer_node-2] [WARN] [1779890627.028790559] [cartographer logger]: W20260527 23:03:47.-2147483648 13749 pose_extrapolator.cc:67] No odometry data for time: 639146960864268692 (earliest: 639146960864316821)
[cartographer_node-2] [WARN] [1779890627.028803278] [cartographer logger]: W20260527 23:03:47.-2147483648 13749 pose_extrapolator.cc:67] No odometry data for time: 639146960864125786 (earliest: 639146960864316821)
[cartographer_node-2] [WARN] [1779890627.028814951] [cartographer logger]: W20260527 23:03:47.-2147483648 13749 pose_extrapolator.cc:67] No odometry data for time: 639146960864268866 (earliest: 639146960864316821)
[cartographer_node-2] [WARN] [1779890627.028831607] [cartographer logger]: W20260527 23:03:47.-2147483648 13749 pose_extrapolator.cc:67] No odometry data for time: 639146960864125786 (earliest: 639146960864316821)
[cartographer_node-2] [WARN] [1779890627.028843995] [cartographer logger]: W20260527 23:03:47.-2147483648 13749 pose_extrapolator.cc:67] No odometry data for time: 639146960864269040 (earliest: 639146960864316821)
[cartographer_node-2] [WARN] [1779890627.028855853] [cartographer logger]: W20260527 23:03:47.-2147483648 13749 pose_extrapolator.cc:67] No odometry data for time: 639146960864125786 (earliest: 639146960864316821)
[cartographer_node-2] [WARN] [1779890627.028868110] [cartographer logger]: W20260527 23:03:47.-2147483648 13749 pose_extrapolator.cc:67] No odometry data for time: 639146960864269213 (earliest: 639146960864316821)
[cartographer_node-2] [WARN] [1779890627.028880778] [cartographer logger]: W20260527 23:03:47.-2147483648 13749 pose_extrapolator.cc:67] No odometry data for time: 639146960864125786 (earliest: 639146960864316821)
[cartographer_node-2] [WARN] [1779890627.028893052] [cartographer logger]: W20260527 23:03:47.-2147483648 13749 pose_extrapolator.cc:67] No odometry data for time: 639146960864269387 (earliest: 639146960864316821)
[cartographer_node-2] [WARN] [1779890627.028904720] [cartographer logger]: W20260527 23:03:47.-2147483648 13749 pose_extrapolator.cc:67] No odometry data for time: 639146960864125786 (earliest: 639146960864316821)
[cartographer_node-2] [WARN] [1779890627.028916913] [cartographer logger]: W20260527 23:03:47.-2147483648 13749 pose_extrapolator.cc:67] No odometry data for time: 639146960864269560 (earliest: 639146960864316821)
[cartographer_node-2] [WARN] [1779890627.028929428] [cartographer logger]: W20260527 23:03:47.-2147483648 13749 pose_extrapolator.cc:67] No odometry data for time: 639146960864125786 (earliest: 639146960864316821)
[cartographer_node-2] [WARN] [1779890627.028940977] [cartographer logger]: W20260527 23:03:47.-2147483648 13749 pose_extrapolator.cc:67] No odometry data for time: 639146960864269734 (earliest: 639146960864316821)
[cartographer_node-2] [WARN] [1779890627.028953418] [cartographer logger]: W20260527 23:03:47.-2147483648 13749 pose_extrapolator.cc:67] No odometry data for time: 639146960864125786 (earliest: 639146960864316821)
[cartographer_node-2] [WARN] [1779890627.028965661] [cartographer logger]: W20260527 23:03:47.-2147483648 13749 pose_extrapolator.cc:67] No odometry data for time: 639146960864269908 (earliest: 639146960864316821)
[cartographer_node-2] [WARN] [1779890627.028980612] [cartographer logger]: W20260527 23:03:47.-2147483648 13749 pose_extrapolator.cc:67] No odometry data for time: 639146960864125786 (earliest: 639146960864316821)
[cartographer_node-2] [WARN] [1779890627.028993198] [cartographer logger]: W20260527 23:03:47.-2147483648 13749 pose_extrapolator.cc:67] No odometry data for time: 639146960864270081 (earliest: 639146960864316821)
[cartographer_node-2] [WARN] [1779890627.029006008] [cartographer logger]: W20260527 23:03:47.-2147483648 13749 pose_extrapolator.cc:67] No odometry data for time: 639146960864125786 (earliest: 639146960864316821)
[cartographer_node-2] [WARN] [1779890627.029018334] [cartographer logger]: W20260527 23:03:47.-2147483648 13749 pose_extrapolator.cc:67] No odometry data for time: 639146960864270255 (earliest: 639146960864316821)
[cartographer_node-2] [WARN] [1779890627.029030957] [cartographer logger]: W20260527 23:03:47.-2147483648 13749 pose_extrapolator.cc:67] No odometry data for time: 639146960864125786 (earliest: 639146960864316821)
[cartographer_node-2] [WARN] [1779890627.029042610] [cartographer logger]: W20260527 23:03:47.-2147483648 13749 pose_extrapolator.cc:67] No odometry data for time: 639146960864270429 (earliest: 639146960864316821)
[cartographer_node-2] [WARN] [1779890627.029055007] [cartographer logger]: W20260527 23:03:47.-2147483648 13749 pose_extrapolator.cc:67] No odometry data for time: 639146960864125786 (earliest: 639146960864316821)
[cartographer_node-2] [WARN] [1779890627.029067296] [cartographer logger]: W20260527 23:03:47.-2147483648 13749 pose_extrapolator.cc:67] No odometry data for time: 639146960864270602 (earliest: 639146960864316821)
[cartographer_node-2] [WARN] [1779890627.029079850] [cartographer logger]: W20260527 23:03:47.-2147483648 13749 pose_extrapolator.cc:67] No odometry data for time: 639146960864125786 (earliest: 639146960864316821)
[cartographer_node-2] [WARN] [1779890627.029096350] [cartographer logger]: W20260527 23:03:47.-2147483648 13749 pose_extrapolator.cc:67] No odometry data for time: 639146960864270776 (earliest: 639146960864316821)
[cartographer_node-2] [WARN] [1779890627.029108310] [cartographer logger]: W20260527 23:03:47.-2147483648 13749 pose_extrapolator.cc:67] No odometry data for time: 639146960864125786 (earliest: 639146960864316821)
[cartographer_node-2] [WARN] [1779890627.029120568] [cartographer logger]: W20260527 23:03:47.-2147483648 13749 pose_extrapolator.cc:67] No odometry data for time: 639146960864270949 (earliest: 639146960864316821)
[cartographer_node-2] [WARN] [1779890627.029137543] [cartographer logger]: W20260527 23:03:47.-2147483648 13749 pose_extrapolator.cc:67] No odometry data for time: 639146960864125786 (earliest: 639146960864316821)
[cartographer_node-2] [WARN] [1779890627.029150321] [cartographer logger]: W20260527 23:03:47.-2147483648 13749 pose_extrapolator.cc:67] No odometry data for time: 639146960864271123 (earliest: 639146960864316821)
[cartographer_node-2] [WARN] [1779890627.029162269] [cartographer logger]: W20260527 23:03:47.-2147483648 13749 pose_extrapolator.cc:67] No odometry data for time: 639146960864125786 (earliest: 639146960864316821)
[cartographer_node-2] [WARN] [1779890627.029174723] [cartographer logger]: W20260527 23:03:47.-2147483648 13749 pose_extrapolator.cc:67] No odometry data for time: 639146960864271297 (earliest: 639146960864316821)
[cartographer_node-2] [WARN] [1779890627.029187374] [cartographer logger]: W20260527 23:03:47.-2147483648 13749 pose_extrapolator.cc:67] No odometry data for time: 639146960864125786 (earliest: 639146960864316821)
[cartographer_node-2] [WARN] [1779890627.029199797] [cartographer logger]: W20260527 23:03:47.-2147483648 13749 pose_extrapolator.cc:67] No odometry data for time: 639146960864271470 (earliest: 639146960864316821)
[cartographer_node-2] [WARN] [1779890627.029211804] [cartographer logger]: W20260527 23:03:47.-2147483648 13749 pose_extrapolator.cc:67] No odometry data for time: 639146960864125786 (earliest: 639146960864316821)
[cartographer_node-2] [WARN] [1779890627.029224039] [cartographer logger]: W20260527 23:03:47.-2147483648 13749 pose_extrapolator.cc:67] No odometry data for time: 639146960864271644 (earliest: 639146960864316821)
[cartographer_node-2] [WARN] [1779890627.029236760] [cartographer logger]: W20260527 23:03:47.-2147483648 13749 pose_extrapolator.cc:67] No odometry data for time: 639146960864125786 (earliest: 639146960864316821)
[cartographer_node-2] [WARN] [1779890627.029248994] [cartographer logger]: W20260527 23:03:47.-2147483648 13749 pose_extrapolator.cc:67] No odometry data for time: 639146960864271817 (earliest: 639146960864316821)
[cartographer_node-2] [WARN] [1779890627.029260681] [cartographer logger]: W20260527 23:03:47.-2147483648 13749 pose_extrapolator.cc:67] No odometry data for time: 639146960864125786 (earliest: 639146960864316821)
[cartographer_node-2] [WARN] [1779890627.029273992] [cartographer logger]: W20260527 23:03:47.-2147483648 13749 pose_extrapolator.cc:67] No odometry data for time: 639146960864271991 (earliest: 639146960864316821)
[cartographer_node-2] [WARN] [1779890627.029286670] [cartographer logger]: W20260527 23:03:47.-2147483648 13749 pose_extrapolator.cc:67] No odometry data for time: 639146960864125786 (earliest: 639146960864316821)
[cartographer_node-2] [WARN] [1779890627.029298958] [cartographer logger]: W20260527 23:03:47.-2147483648 13749 pose_extrapolator.cc:67] No odometry data for time: 639146960864272165 (earliest: 639146960864316821)
[cartographer_node-2] [WARN] [1779890627.029314112] [cartographer logger]: W20260527 23:03:47.-2147483648 13749 pose_extrapolator.cc:67] No odometry data for time: 639146960864125786 (earliest: 639146960864316821)
[cartographer_node-2] [WARN] [1779890627.029325736] [cartographer logger]: W20260527 23:03:47.-2147483648 13749 pose_extrapolator.cc:67] No odometry data for time: 639146960864272338 (earliest: 639146960864316821)
[cartographer_node-2] [WARN] [1779890627.029338374] [cartographer logger]: W20260527 23:03:47.-2147483648 13749 pose_extrapolator.cc:67] No odometry data for time: 639146960864125786 (earliest: 639146960864316821)
[cartographer_node-2] [WARN] [1779890627.029350614] [cartographer logger]: W20260527 23:03:47.-2147483648 13749 pose_extrapolator.cc:67] No odometry data for time: 639146960864272512 (earliest: 639146960864316821)
[cartographer_node-2] [WARN] [1779890627.029367183] [cartographer logger]: W20260527 23:03:47.-2147483648 13749 pose_extrapolator.cc:67] No odometry data for time: 639146960864125786 (earliest: 639146960864316821)
[cartographer_node-2] [WARN] [1779890627.029381818] [cartographer logger]: W20260527 23:03:47.-2147483648 13749 pose_extrapolator.cc:67] No odometry data for time: 639146960864272685 (earliest: 639146960864316821)
[cartographer_node-2] [WARN] [1779890627.029393876] [cartographer logger]: W20260527 23:03:47.-2147483648 13749 pose_extrapolator.cc:67] No odometry data for time: 639146960864125786 (earliest: 639146960864316821)
[cartographer_node-2] [WARN] [1779890627.029406075] [cartographer logger]: W20260527 23:03:47.-2147483648 13749 pose_extrapolator.cc:67] No odometry data for time: 639146960864272859 (earliest: 639146960864316821)
[cartographer_node-2] [WARN] [1779890627.029418613] [cartographer logger]: W20260527 23:03:47.-2147483648 13749 pose_extrapolator.cc:67] No odometry data for time: 639146960864125786 (earliest: 639146960864316821)
[cartographer_node-2] [WARN] [1779890627.029431014] [cartographer logger]: W20260527 23:03:47.-2147483648 13749 pose_extrapolator.cc:67] No odometry data for time: 639146960864273033 (earliest: 639146960864316821)
[cartographer_node-2] [WARN] [1779890627.029442956] [cartographer logger]: W20260527 23:03:47.-2147483648 13749 pose_extrapolator.cc:67] No odometry data for time: 639146960864125786 (earliest: 639146960864316821)
[cartographer_node-2] [WARN] [1779890627.029455097] [cartographer logger]: W20260527 23:03:47.-2147483648 13749 pose_extrapolator.cc:67] No odometry data for time: 639146960864273206 (earliest: 639146960864316821)
[cartographer_node-2] [WARN] [1779890627.029467436] [cartographer logger]: W20260527 23:03:47.-2147483648 13749 pose_extrapolator.cc:67] No odometry data for time: 639146960864125786 (earliest: 639146960864316821)
[cartographer_node-2] [WARN] [1779890627.029478896] [cartographer logger]: W20260527 23:03:47.-2147483648 13749 pose_extrapolator.cc:67] No odometry data for time: 639146960864273380 (earliest: 639146960864316821)
[cartographer_node-2] [WARN] [1779890627.029491282] [cartographer logger]: W20260527 23:03:47.-2147483648 13749 pose_extrapolator.cc:67] No odometry data for time: 639146960864125786 (earliest: 639146960864316821)
[cartographer_node-2] [WARN] [1779890627.029503718] [cartographer logger]: W20260527 23:03:47.-2147483648 13749 pose_extrapolator.cc:67] No odometry data for time: 639146960864273554 (earliest: 639146960864316821)
[cartographer_node-2] [WARN] [1779890627.029525984] [cartographer logger]: W20260527 23:03:47.-2147483648 13749 pose_extrapolator.cc:67] No odometry data for time: 639146960864125786 (earliest: 639146960864316821)
[cartographer_node-2] [WARN] [1779890627.029538889] [cartographer logger]: W20260527 23:03:47.-2147483648 13749 pose_extrapolator.cc:67] No odometry data for time: 639146960864273727 (earliest: 639146960864316821)
[cartographer_node-2] [WARN] [1779890627.029551824] [cartographer logger]: W20260527 23:03:47.-2147483648 13749 pose_extrapolator.cc:67] No odometry data for time: 639146960864125786 (earliest: 639146960864316821)
[cartographer_node-2] [WARN] [1779890627.029563379] [cartographer logger]: W20260527 23:03:47.-2147483648 13749 pose_extrapolator.cc:67] No odometry data for time: 639146960864273901 (earliest: 639146960864316821)
[cartographer_node-2] [WARN] [1779890627.029575366] [cartographer logger]: W20260527 23:03:47.-2147483648 13749 pose_extrapolator.cc:67] No odometry data for time: 639146960864125786 (earliest: 639146960864316821)
[cartographer_node-2] [WARN] [1779890627.029586889] [cartographer logger]: W20260527 23:03:47.-2147483648 13749 pose_extrapolator.cc:67] No odometry data for time: 639146960864274074 (earliest: 639146960864316821)
[cartographer_node-2] [WARN] [1779890627.029598661] [cartographer logger]: W20260527 23:03:47.-2147483648 13749 pose_extrapolator.cc:67] No odometry data for time: 639146960864125786 (earliest: 639146960864316821)
[cartographer_node-2] [WARN] [1779890627.029610001] [cartographer logger]: W20260527 23:03:47.-2147483648 13749 pose_extrapolator.cc:67] No odometry data for time: 639146960864274248 (earliest: 639146960864316821)
[cartographer_node-2] [WARN] [1779890627.029622566] [cartographer logger]: W20260527 23:03:47.-2147483648 13749 pose_extrapolator.cc:67] No odometry data for time: 639146960864125786 (earliest: 639146960864316821)
[cartographer_node-2] [WARN] [1779890627.029635112] [cartographer logger]: W20260527 23:03:47.-2147483648 13749 pose_extrapolator.cc:67] No odometry data for time: 639146960864274422 (earliest: 639146960864316821)
[cartographer_node-2] [WARN] [1779890627.029651046] [cartographer logger]: W20260527 23:03:47.-2147483648 13749 pose_extrapolator.cc:67] No odometry data for time: 639146960864125786 (earliest: 639146960864316821)
[cartographer_node-2] [WARN] [1779890627.029662817] [cartographer logger]: W20260527 23:03:47.-2147483648 13749 pose_extrapolator.cc:67] No odometry data for time: 639146960864274595 (earliest: 639146960864316821)
[cartographer_node-2] [WARN] [1779890627.029674621] [cartographer logger]: W20260527 23:03:47.-2147483648 13749 pose_extrapolator.cc:67] No odometry data for time: 639146960864125786 (earliest: 639146960864316821)
[cartographer_node-2] [WARN] [1779890627.029686291] [cartographer logger]: W20260527 23:03:47.-2147483648 13749 pose_extrapolator.cc:67] No odometry data for time: 639146960864274769 (earliest: 639146960864316821)
[cartographer_node-2] [WARN] [1779890627.029698130] [cartographer logger]: W20260527 23:03:47.-2147483648 13749 pose_extrapolator.cc:67] No odometry data for time: 639146960864125786 (earliest: 639146960864316821)
[cartographer_node-2] [WARN] [1779890627.029709426] [cartographer logger]: W20260527 23:03:47.-2147483648 13749 pose_extrapolator.cc:67] No odometry data for time: 639146960864274942 (earliest: 639146960864316821)
[cartographer_node-2] [WARN] [1779890627.029722034] [cartographer logger]: W20260527 23:03:47.-2147483648 13749 pose_extrapolator.cc:67] No odometry data for time: 639146960864125786 (earliest: 639146960864316821)
[cartographer_node-2] [WARN] [1779890627.029733751] [cartographer logger]: W20260527 23:03:47.-2147483648 13749 pose_extrapolator.cc:67] No odometry data for time: 639146960864275116 (earliest: 639146960864316821)
[cartographer_node-2] [WARN] [1779890627.029746361] [cartographer logger]: W20260527 23:03:47.-2147483648 13749 pose_extrapolator.cc:67] No odometry data for time: 639146960864125786 (earliest: 639146960864316821)
[cartographer_node-2] [WARN] [1779890627.029760030] [cartographer logger]: W20260527 23:03:47.-2147483648 13749 pose_extrapolator.cc:67] No odometry data for time: 639146960864275290 (earliest: 639146960864316821)
[cartographer_node-2] [WARN] [1779890627.029774558] [cartographer logger]: W20260527 23:03:47.-2147483648 13749 pose_extrapolator.cc:67] No odometry data for time: 639146960864125786 (earliest: 639146960864316821)
[cartographer_node-2] [WARN] [1779890627.029787099] [cartographer logger]: W20260527 23:03:47.-2147483648 13749 pose_extrapolator.cc:67] No odometry data for time: 639146960864275463 (earliest: 639146960864316821)
[cartographer_node-2] [WARN] [1779890627.029799840] [cartographer logger]: W20260527 23:03:47.-2147483648 13749 pose_extrapolator.cc:67] No odometry data for time: 639146960864125786 (earliest: 639146960864316821)
[cartographer_node-2] [WARN] [1779890627.029812189] [cartographer logger]: W20260527 23:03:47.-2147483648 13749 pose_extrapolator.cc:67] No odometry data for time: 639146960864275637 (earliest: 639146960864316821)
[cartographer_node-2] [WARN] [1779890627.029824111] [cartographer logger]: W20260527 23:03:47.-2147483648 13749 pose_extrapolator.cc:67] No odometry data for time: 639146960864125786 (earliest: 639146960864316821)
[cartographer_node-2] [WARN] [1779890627.029836270] [cartographer logger]: W20260527 23:03:47.-2147483648 13749 pose_extrapolator.cc:67] No odometry data for time: 639146960864275810 (earliest: 639146960864316821)
[cartographer_node-2] [WARN] [1779890627.029848917] [cartographer logger]: W20260527 23:03:47.-2147483648 13749 pose_extrapolator.cc:67] No odometry data for time: 639146960864125786 (earliest: 639146960864316821)
[cartographer_node-2] [WARN] [1779890627.029860346] [cartographer logger]: W20260527 23:03:47.-2147483648 13749 pose_extrapolator.cc:67] No odometry data for time: 639146960864275984 (earliest: 639146960864316821)
[cartographer_node-2] [WARN] [1779890627.029872766] [cartographer logger]: W20260527 23:03:47.-2147483648 13749 pose_extrapolator.cc:67] No odometry data for time: 639146960864125786 (earliest: 639146960864316821)
[cartographer_node-2] [WARN] [1779890627.029884974] [cartographer logger]: W20260527 23:03:47.-2147483648 13749 pose_extrapolator.cc:67] No odometry data for time: 639146960864276158 (earliest: 639146960864316821)
[cartographer_node-2] [WARN] [1779890627.029897607] [cartographer logger]: W20260527 23:03:47.-2147483648 13749 pose_extrapolator.cc:67] No odometry data for time: 639146960864125786 (earliest: 639146960864316821)
[cartographer_node-2] [WARN] [1779890627.029917579] [cartographer logger]: W20260527 23:03:47.-2147483648 13749 pose_extrapolator.cc:67] No odometry data for time: 639146960864276331 (earliest: 639146960864316821)
[cartographer_node-2] [WARN] [1779890627.029931317] [cartographer logger]: W20260527 23:03:47.-2147483648 13749 pose_extrapolator.cc:67] No odometry data for time: 639146960864125786 (earliest: 639146960864316821)
[cartographer_node-2] [WARN] [1779890627.029943720] [cartographer logger]: W20260527 23:03:47.-2147483648 13749 pose_extrapolator.cc:67] No odometry data for time: 639146960864276505 (earliest: 639146960864316821)
[cartographer_node-2] [WARN] [1779890627.029956451] [cartographer logger]: W20260527 23:03:47.-2147483648 13749 pose_extrapolator.cc:67] No odometry data for time: 639146960864125786 (earliest: 639146960864316821)
[cartographer_node-2] [WARN] [1779890627.029968759] [cartographer logger]: W20260527 23:03:47.-2147483648 13749 pose_extrapolator.cc:67] No odometry data for time: 639146960864276679 (earliest: 639146960864316821)
[cartographer_node-2] [WARN] [1779890627.029980565] [cartographer logger]: W20260527 23:03:47.-2147483648 13749 pose_extrapolator.cc:67] No odometry data for time: 639146960864125786 (earliest: 639146960864316821)
[cartographer_node-2] [WARN] [1779890627.029992884] [cartographer logger]: W20260527 23:03:47.-2147483648 13749 pose_extrapolator.cc:67] No odometry data for time: 639146960864276852 (earliest: 639146960864316821)
[cartographer_node-2] [WARN] [1779890627.030005544] [cartographer logger]: W20260527 23:03:47.-2147483648 13749 pose_extrapolator.cc:67] No odometry data for time: 639146960864125786 (earliest: 639146960864316821)
[cartographer_node-2] [WARN] [1779890627.030017069] [cartographer logger]: W20260527 23:03:47.-2147483648 13749 pose_extrapolator.cc:67] No odometry data for time: 639146960864277026 (earliest: 639146960864316821)
[cartographer_node-2] [WARN] [1779890627.030029763] [cartographer logger]: W20260527 23:03:47.-2147483648 13749 pose_extrapolator.cc:67] No odometry data for time: 639146960864125786 (earliest: 639146960864316821)
[cartographer_node-2] [WARN] [1779890627.030041832] [cartographer logger]: W20260527 23:03:47.-2147483648 13749 pose_extrapolator.cc:67] No odometry data for time: 639146960864277199 (earliest: 639146960864316821)
[cartographer_node-2] [WARN] [1779890627.030054438] [cartographer logger]: W20260527 23:03:47.-2147483648 13749 pose_extrapolator.cc:67] No odometry data for time: 639146960864125786 (earliest: 639146960864316821)
[cartographer_node-2] [WARN] [1779890627.030065801] [cartographer logger]: W20260527 23:03:47.-2147483648 13749 pose_extrapolator.cc:67] No odometry data for time: 639146960864277373 (earliest: 639146960864316821)
[cartographer_node-2] [WARN] [1779890627.030077592] [cartographer logger]: W20260527 23:03:47.-2147483648 13749 pose_extrapolator.cc:67] No odometry data for time: 639146960864125786 (earliest: 639146960864316821)
[cartographer_node-2] [WARN] [1779890627.030089107] [cartographer logger]: W20260527 23:03:47.-2147483648 13749 pose_extrapolator.cc:67] No odometry data for time: 639146960864277547 (earliest: 639146960864316821)
[cartographer_node-2] [WARN] [1779890627.030100917] [cartographer logger]: W20260527 23:03:47.-2147483648 13749 pose_extrapolator.cc:67] No odometry data for time: 639146960864125786 (earliest: 639146960864316821)
[cartographer_node-2] [WARN] [1779890627.030112411] [cartographer logger]: W20260527 23:03:47.-2147483648 13749 pose_extrapolator.cc:67] No odometry data for time: 639146960864277720 (earliest: 639146960864316821)
[cartographer_node-2] [WARN] [1779890627.030124066] [cartographer logger]: W20260527 23:03:47.-2147483648 13749 pose_extrapolator.cc:67] No odometry data for time: 639146960864125786 (earliest: 639146960864316821)
[cartographer_node-2] [WARN] [1779890627.030135460] [cartographer logger]: W20260527 23:03:47.-2147483648 13749 pose_extrapolator.cc:67] No odometry data for time: 639146960864277894 (earliest: 639146960864316821)
[cartographer_node-2] [WARN] [1779890627.030152437] [cartographer logger]: W20260527 23:03:47.-2147483648 13749 pose_extrapolator.cc:67] No odometry data for time: 639146960864125786 (earliest: 639146960864316821)
[cartographer_node-2] [WARN] [1779890627.030165241] [cartographer logger]: W20260527 23:03:47.-2147483648 13749 pose_extrapolator.cc:67] No odometry data for time: 639146960864278067 (earliest: 639146960864316821)
[cartographer_node-2] [WARN] [1779890627.030181131] [cartographer logger]: W20260527 23:03:47.-2147483648 13749 pose_extrapolator.cc:67] No odometry data for time: 639146960864125786 (earliest: 639146960864316821)
[cartographer_node-2] [WARN] [1779890627.030192874] [cartographer logger]: W20260527 23:03:47.-2147483648 13749 pose_extrapolator.cc:67] No odometry data for time: 639146960864278241 (earliest: 639146960864316821)
[cartographer_node-2] [WARN] [1779890627.030204738] [cartographer logger]: W20260527 23:03:47.-2147483648 13749 pose_extrapolator.cc:67] No odometry data for time: 639146960864125786 (earliest: 639146960864316821)
[cartographer_node-2] [WARN] [1779890627.030216348] [cartographer logger]: W20260527 23:03:47.-2147483648 13749 pose_extrapolator.cc:67] No odometry data for time: 639146960864278415 (earliest: 639146960864316821)
[cartographer_node-2] [WARN] [1779890627.030227981] [cartographer logger]: W20260527 23:03:47.-2147483648 13749 pose_extrapolator.cc:67] No odometry data for time: 639146960864125786 (earliest: 639146960864316821)
[cartographer_node-2] [WARN] [1779890627.030239290] [cartographer logger]: W20260527 23:03:47.-2147483648 13749 pose_extrapolator.cc:67] No odometry data for time: 639146960864278588 (earliest: 639146960864316821)
[cartographer_node-2] [WARN] [1779890627.030251027] [cartographer logger]: W20260527 23:03:47.-2147483648 13749 pose_extrapolator.cc:67] No odometry data for time: 639146960864125786 (earliest: 639146960864316821)
[cartographer_node-2] [WARN] [1779890627.030263487] [cartographer logger]: W20260527 23:03:47.-2147483648 13749 pose_extrapolator.cc:67] No odometry data for time: 639146960864278762 (earliest: 639146960864316821)
[cartographer_node-2] [WARN] [1779890627.030275475] [cartographer logger]: W20260527 23:03:47.-2147483648 13749 pose_extrapolator.cc:67] No odometry data for time: 639146960864125786 (earliest: 639146960864316821)
[cartographer_node-2] [WARN] [1779890627.030292681] [cartographer logger]: W20260527 23:03:47.-2147483648 13749 pose_extrapolator.cc:67] No odometry data for time: 639146960864278935 (earliest: 639146960864316821)
[cartographer_node-2] [WARN] [1779890627.030306186] [cartographer logger]: W20260527 23:03:47.-2147483648 13749 pose_extrapolator.cc:67] No odometry data for time: 639146960864125786 (earliest: 639146960864316821)
[cartographer_node-2] [WARN] [1779890627.030318789] [cartographer logger]: W20260527 23:03:47.-2147483648 13749 pose_extrapolator.cc:67] No odometry data for time: 639146960864279109 (earliest: 639146960864316821)
[cartographer_node-2] [WARN] [1779890627.030330675] [cartographer logger]: W20260527 23:03:47.-2147483648 13749 pose_extrapolator.cc:67] No odometry data for time: 639146960864125786 (earliest: 639146960864316821)
[cartographer_node-2] [WARN] [1779890627.030343111] [cartographer logger]: W20260527 23:03:47.-2147483648 13749 pose_extrapolator.cc:67] No odometry data for time: 639146960864279283 (earliest: 639146960864316821)
[cartographer_node-2] [WARN] [1779890627.030355973] [cartographer logger]: W20260527 23:03:47.-2147483648 13749 pose_extrapolator.cc:67] No odometry data for time: 639146960864125786 (earliest: 639146960864316821)
[cartographer_node-2] [WARN] [1779890627.030368523] [cartographer logger]: W20260527 23:03:47.-2147483648 13749 pose_extrapolator.cc:67] No odometry data for time: 639146960864279456 (earliest: 639146960864316821)
[cartographer_node-2] [WARN] [1779890627.030380519] [cartographer logger]: W20260527 23:03:47.-2147483648 13749 pose_extrapolator.cc:67] No odometry data for time: 639146960864125786 (earliest: 639146960864316821)
[cartographer_node-2] [WARN] [1779890627.030392796] [cartographer logger]: W20260527 23:03:47.-2147483648 13749 pose_extrapolator.cc:67] No odometry data for time: 639146960864279630 (earliest: 639146960864316821)
[cartographer_node-2] [WARN] [1779890627.030404846] [cartographer logger]: W20260527 23:03:47.-2147483648 13749 pose_extrapolator.cc:67] No odometry data for time: 639146960864125786 (earliest: 639146960864316821)
[cartographer_node-2] [WARN] [1779890627.030417166] [cartographer logger]: W20260527 23:03:47.-2147483648 13749 pose_extrapolator.cc:67] No odometry data for time: 639146960864279804 (earliest: 639146960864316821)
[cartographer_node-2] [WARN] [1779890627.030429029] [cartographer logger]: W20260527 23:03:47.-2147483648 13749 pose_extrapolator.cc:67] No odometry data for time: 639146960864125786 (earliest: 639146960864316821)
[cartographer_node-2] [WARN] [1779890627.030440627] [cartographer logger]: W20260527 23:03:47.-2147483648 13749 pose_extrapolator.cc:67] No odometry data for time: 639146960864279977 (earliest: 639146960864316821)
[cartographer_node-2] [WARN] [1779890627.030456681] [cartographer logger]: W20260527 23:03:47.-2147483648 13749 pose_extrapolator.cc:67] No odometry data for time: 639146960864125786 (earliest: 639146960864316821)
[cartographer_node-2] [WARN] [1779890627.030468659] [cartographer logger]: W20260527 23:03:47.-2147483648 13749 pose_extrapolator.cc:67] No odometry data for time: 639146960864280151 (earliest: 639146960864316821)
[cartographer_node-2] [WARN] [1779890627.030480629] [cartographer logger]: W20260527 23:03:47.-2147483648 13749 pose_extrapolator.cc:67] No odometry data for time: 639146960864125786 (earliest: 639146960864316821)
[cartographer_node-2] [WARN] [1779890627.030492170] [cartographer logger]: W20260527 23:03:47.-2147483648 13749 pose_extrapolator.cc:67] No odometry data for time: 639146960864280324 (earliest: 639146960864316821)
[cartographer_node-2] [WARN] [1779890627.030504984] [cartographer logger]: W20260527 23:03:47.-2147483648 13749 pose_extrapolator.cc:67] No odometry data for time: 639146960864125786 (earliest: 639146960864316821)
[cartographer_node-2] [WARN] [1779890627.030520052] [cartographer logger]: W20260527 23:03:47.-2147483648 13749 pose_extrapolator.cc:67] No odometry data for time: 639146960864280498 (earliest: 639146960864316821)
[cartographer_node-2] [WARN] [1779890627.030532920] [cartographer logger]: W20260527 23:03:47.-2147483648 13749 pose_extrapolator.cc:67] No odometry data for time: 639146960864125786 (earliest: 639146960864316821)
[cartographer_node-2] [WARN] [1779890627.030547073] [cartographer logger]: W20260527 23:03:47.-2147483648 13749 pose_extrapolator.cc:67] No odometry data for time: 639146960864280672 (earliest: 639146960864316821)
[cartographer_node-2] [WARN] [1779890627.030559067] [cartographer logger]: W20260527 23:03:47.-2147483648 13749 pose_extrapolator.cc:67] No odometry data for time: 639146960864125786 (earliest: 639146960864316821)
[cartographer_node-2] [WARN] [1779890627.030570549] [cartographer logger]: W20260527 23:03:47.-2147483648 13749 pose_extrapolator.cc:67] No odometry data for time: 639146960864280845 (earliest: 639146960864316821)
[cartographer_node-2] [WARN] [1779890627.030582448] [cartographer logger]: W20260527 23:03:47.-2147483648 13749 pose_extrapolator.cc:67] No odometry data for time: 639146960864125786 (earliest: 639146960864316821)
[cartographer_node-2] [WARN] [1779890627.030594129] [cartographer logger]: W20260527 23:03:47.-2147483648 13749 pose_extrapolator.cc:67] No odometry data for time: 639146960864281019 (earliest: 639146960864316821)
[cartographer_node-2] [WARN] [1779890627.030605898] [cartographer logger]: W20260527 23:03:47.-2147483648 13749 pose_extrapolator.cc:67] No odometry data for time: 639146960864125786 (earliest: 639146960864316821)
[cartographer_node-2] [WARN] [1779890627.030618149] [cartographer logger]: W20260527 23:03:47.-2147483648 13749 pose_extrapolator.cc:67] No odometry data for time: 639146960864281192 (earliest: 639146960864316821)
[cartographer_node-2] [WARN] [1779890627.030629865] [cartographer logger]: W20260527 23:03:47.-2147483648 13749 pose_extrapolator.cc:67] No odometry data for time: 639146960864125786 (earliest: 639146960864316821)
[cartographer_node-2] [WARN] [1779890627.030642292] [cartographer logger]: W20260527 23:03:47.-2147483648 13749 pose_extrapolator.cc:67] No odometry data for time: 639146960864281366 (earliest: 639146960864316821)
[cartographer_node-2] [WARN] [1779890627.030654950] [cartographer logger]: W20260527 23:03:47.-2147483648 13749 pose_extrapolator.cc:67] No odometry data for time: 639146960864125786 (earliest: 639146960864316821)
[cartographer_node-2] [WARN] [1779890627.030666636] [cartographer logger]: W20260527 23:03:47.-2147483648 13749 pose_extrapolator.cc:67] No odometry data for time: 639146960864281540 (earliest: 639146960864316821)
[cartographer_node-2] [WARN] [1779890627.030683973] [cartographer logger]: W20260527 23:03:47.-2147483648 13749 pose_extrapolator.cc:67] No odometry data for time: 639146960864125786 (earliest: 639146960864316821)
[cartographer_node-2] [WARN] [1779890627.030697097] [cartographer logger]: W20260527 23:03:47.-2147483648 13749 pose_extrapolator.cc:67] No odometry data for time: 639146960864281713 (earliest: 639146960864316821)
[cartographer_node-2] [WARN] [1779890627.030710093] [cartographer logger]: W20260527 23:03:47.-2147483648 13749 pose_extrapolator.cc:67] No odometry data for time: 639146960864125786 (earliest: 639146960864316821)
[cartographer_node-2] [WARN] [1779890627.030726563] [cartographer logger]: W20260527 23:03:47.-2147483648 13749 pose_extrapolator.cc:67] No odometry data for time: 639146960864281887 (earliest: 639146960864316821)
[cartographer_node-2] [WARN] [1779890627.030739284] [cartographer logger]: W20260527 23:03:47.-2147483648 13749 pose_extrapolator.cc:67] No odometry data for time: 639146960864125786 (earliest: 639146960864316821)
[cartographer_node-2] [WARN] [1779890627.030750884] [cartographer logger]: W20260527 23:03:47.-2147483648 13749 pose_extrapolator.cc:67] No odometry data for time: 639146960864282060 (earliest: 639146960864316821)
[cartographer_node-2] [WARN] [1779890627.030763474] [cartographer logger]: W20260527 23:03:47.-2147483648 13749 pose_extrapolator.cc:67] No odometry data for time: 639146960864125786 (earliest: 639146960864316821)
[cartographer_node-2] [WARN] [1779890627.030775823] [cartographer logger]: W20260527 23:03:47.-2147483648 13749 pose_extrapolator.cc:67] No odometry data for time: 639146960864282234 (earliest: 639146960864316821)
[cartographer_node-2] [WARN] [1779890627.030788506] [cartographer logger]: W20260527 23:03:47.-2147483648 13749 pose_extrapolator.cc:67] No odometry data for time: 639146960864125786 (earliest: 639146960864316821)
[cartographer_node-2] [WARN] [1779890627.030800106] [cartographer logger]: W20260527 23:03:47.-2147483648 13749 pose_extrapolator.cc:67] No odometry data for time: 639146960864282408 (earliest: 639146960864316821)
[cartographer_node-2] [WARN] [1779890627.030812357] [cartographer logger]: W20260527 23:03:47.-2147483648 13749 pose_extrapolator.cc:67] No odometry data for time: 639146960864125786 (earliest: 639146960864316821)
[cartographer_node-2] [WARN] [1779890627.030824622] [cartographer logger]: W20260527 23:03:47.-2147483648 13749 pose_extrapolator.cc:67] No odometry data for time: 639146960864282581 (earliest: 639146960864316821)
[cartographer_node-2] [WARN] [1779890627.030836270] [cartographer logger]: W20260527 23:03:47.-2147483648 13749 pose_extrapolator.cc:67] No odometry data for time: 639146960864125786 (earliest: 639146960864316821)
[cartographer_node-2] [WARN] [1779890627.030848524] [cartographer logger]: W20260527 23:03:47.-2147483648 13749 pose_extrapolator.cc:67] No odometry data for time: 639146960864282755 (earliest: 639146960864316821)
[cartographer_node-2] [WARN] [1779890627.030861009] [cartographer logger]: W20260527 23:03:47.-2147483648 13749 pose_extrapolator.cc:67] No odometry data for time: 639146960864125786 (earliest: 639146960864316821)
[cartographer_node-2] [WARN] [1779890627.030873324] [cartographer logger]: W20260527 23:03:47.-2147483648 13749 pose_extrapolator.cc:67] No odometry data for time: 639146960864282929 (earliest: 639146960864316821)
[cartographer_node-2] [WARN] [1779890627.030885223] [cartographer logger]: W20260527 23:03:47.-2147483648 13749 pose_extrapolator.cc:67] No odometry data for time: 639146960864125786 (earliest: 639146960864316821)
[cartographer_node-2] [WARN] [1779890627.030897395] [cartographer logger]: W20260527 23:03:47.-2147483648 13749 pose_extrapolator.cc:67] No odometry data for time: 639146960864283102 (earliest: 639146960864316821)
[cartographer_node-2] [WARN] [1779890627.030909902] [cartographer logger]: W20260527 23:03:47.-2147483648 13749 pose_extrapolator.cc:67] No odometry data for time: 639146960864125786 (earliest: 639146960864316821)
[cartographer_node-2] [WARN] [1779890627.030924006] [cartographer logger]: W20260527 23:03:47.-2147483648 13749 pose_extrapolator.cc:67] No odometry data for time: 639146960864283276 (earliest: 639146960864316821)
[cartographer_node-2] [WARN] [1779890627.030936838] [cartographer logger]: W20260527 23:03:47.-2147483648 13749 pose_extrapolator.cc:67] No odometry data for time: 639146960864125786 (earliest: 639146960864316821)
[cartographer_node-2] [WARN] [1779890627.030949155] [cartographer logger]: W20260527 23:03:47.-2147483648 13749 pose_extrapolator.cc:67] No odometry data for time: 639146960864283449 (earliest: 639146960864316821)
[cartographer_node-2] [WARN] [1779890627.030961675] [cartographer logger]: W20260527 23:03:47.-2147483648 13749 pose_extrapolator.cc:67] No odometry data for time: 639146960864125786 (earliest: 639146960864316821)
[cartographer_node-2] [WARN] [1779890627.030973103] [cartographer logger]: W20260527 23:03:47.-2147483648 13749 pose_extrapolator.cc:67] No odometry data for time: 639146960864283623 (earliest: 639146960864316821)
[cartographer_node-2] [WARN] [1779890627.030989537] [cartographer logger]: W20260527 23:03:47.-2147483648 13749 pose_extrapolator.cc:67] No odometry data for time: 639146960864125786 (earliest: 639146960864316821)
[cartographer_node-2] [WARN] [1779890627.031002119] [cartographer logger]: W20260527 23:03:47.-2147483648 13749 pose_extrapolator.cc:67] No odometry data for time: 639146960864283797 (earliest: 639146960864316821)
[cartographer_node-2] [WARN] [1779890627.031014693] [cartographer logger]: W20260527 23:03:47.-2147483648 13749 pose_extrapolator.cc:67] No odometry data for time: 639146960864125786 (earliest: 639146960864316821)
[cartographer_node-2] [WARN] [1779890627.031027057] [cartographer logger]: W20260527 23:03:47.-2147483648 13749 pose_extrapolator.cc:67] No odometry data for time: 639146960864283970 (earliest: 639146960864316821)
[cartographer_node-2] [WARN] [1779890627.031038830] [cartographer logger]: W20260527 23:03:47.-2147483648 13749 pose_extrapolator.cc:67] No odometry data for time: 639146960864125786 (earliest: 639146960864316821)
[cartographer_node-2] [WARN] [1779890627.031051128] [cartographer logger]: W20260527 23:03:47.-2147483648 13749 pose_extrapolator.cc:67] No odometry data for time: 639146960864284144 (earliest: 639146960864316821)
[cartographer_node-2] [WARN] [1779890627.031063937] [cartographer logger]: W20260527 23:03:47.-2147483648 13749 pose_extrapolator.cc:67] No odometry data for time: 639146960864125786 (earliest: 639146960864316821)
[cartographer_node-2] [WARN] [1779890627.031080490] [cartographer logger]: W20260527 23:03:47.-2147483648 13749 pose_extrapolator.cc:67] No odometry data for time: 639146960864284317 (earliest: 639146960864316821)
[cartographer_node-2] [WARN] [1779890627.031097541] [cartographer logger]: W20260527 23:03:47.-2147483648 13749 pose_extrapolator.cc:67] No odometry data for time: 639146960864125786 (earliest: 639146960864316821)
[cartographer_node-2] [WARN] [1779890627.031109589] [cartographer logger]: W20260527 23:03:47.-2147483648 13749 pose_extrapolator.cc:67] No odometry data for time: 639146960864284491 (earliest: 639146960864316821)
[cartographer_node-2] [WARN] [1779890627.031121526] [cartographer logger]: W20260527 23:03:47.-2147483648 13749 pose_extrapolator.cc:67] No odometry data for time: 639146960864125786 (earliest: 639146960864316821)
[cartographer_node-2] [WARN] [1779890627.031132963] [cartographer logger]: W20260527 23:03:47.-2147483648 13749 pose_extrapolator.cc:67] No odometry data for time: 639146960864284665 (earliest: 639146960864316821)
[cartographer_node-2] [WARN] [1779890627.031144568] [cartographer logger]: W20260527 23:03:47.-2147483648 13749 pose_extrapolator.cc:67] No odometry data for time: 639146960864125786 (earliest: 639146960864316821)
[cartographer_node-2] [WARN] [1779890627.031156103] [cartographer logger]: W20260527 23:03:47.-2147483648 13749 pose_extrapolator.cc:67] No odometry data for time: 639146960864284838 (earliest: 639146960864316821)
[cartographer_node-2] [WARN] [1779890627.031168786] [cartographer logger]: W20260527 23:03:47.-2147483648 13749 pose_extrapolator.cc:67] No odometry data for time: 639146960864125786 (earliest: 639146960864316821)
[cartographer_node-2] [WARN] [1779890627.031180301] [cartographer logger]: W20260527 23:03:47.-2147483648 13749 pose_extrapolator.cc:67] No odometry data for time: 639146960864285012 (earliest: 639146960864316821)
[cartographer_node-2] [WARN] [1779890627.031192706] [cartographer logger]: W20260527 23:03:47.-2147483648 13749 pose_extrapolator.cc:67] No odometry data for time: 639146960864125786 (earliest: 639146960864316821)
[cartographer_node-2] [WARN] [1779890627.031205136] [cartographer logger]: W20260527 23:03:47.-2147483648 13749 pose_extrapolator.cc:67] No odometry data for time: 639146960864285185 (earliest: 639146960864316821)
[cartographer_node-2] [WARN] [1779890627.031216951] [cartographer logger]: W20260527 23:03:47.-2147483648 13749 pose_extrapolator.cc:67] No odometry data for time: 639146960864125786 (earliest: 639146960864316821)
[cartographer_node-2] [WARN] [1779890627.031229201] [cartographer logger]: W20260527 23:03:47.-2147483648 13749 pose_extrapolator.cc:67] No odometry data for time: 639146960864285359 (earliest: 639146960864316821)
[cartographer_node-2] [WARN] [1779890627.031241751] [cartographer logger]: W20260527 23:03:47.-2147483648 13749 pose_extrapolator.cc:67] No odometry data for time: 639146960864125786 (earliest: 639146960864316821)
[cartographer_node-2] [WARN] [1779890627.031253286] [cartographer logger]: W20260527 23:03:47.-2147483648 13749 pose_extrapolator.cc:67] No odometry data for time: 639146960864285533 (earliest: 639146960864316821)
[cartographer_node-2] [WARN] [1779890627.031269823] [cartographer logger]: W20260527 23:03:47.-2147483648 13749 pose_extrapolator.cc:67] No odometry data for time: 639146960864125786 (earliest: 639146960864316821)
[cartographer_node-2] [WARN] [1779890627.031282294] [cartographer logger]: W20260527 23:03:47.-2147483648 13749 pose_extrapolator.cc:67] No odometry data for time: 639146960864285706 (earliest: 639146960864316821)
[cartographer_node-2] [WARN] [1779890627.031294870] [cartographer logger]: W20260527 23:03:47.-2147483648 13749 pose_extrapolator.cc:67] No odometry data for time: 639146960864125786 (earliest: 639146960864316821)
[cartographer_node-2] [WARN] [1779890627.031306508] [cartographer logger]: W20260527 23:03:47.-2147483648 13749 pose_extrapolator.cc:67] No odometry data for time: 639146960864285880 (earliest: 639146960864316821)
[cartographer_node-2] [WARN] [1779890627.031321340] [cartographer logger]: W20260527 23:03:47.-2147483648 13749 pose_extrapolator.cc:67] No odometry data for time: 639146960864125786 (earliest: 639146960864316821)
[cartographer_node-2] [WARN] [1779890627.031333908] [cartographer logger]: W20260527 23:03:47.-2147483648 13749 pose_extrapolator.cc:67] No odometry data for time: 639146960864286054 (earliest: 639146960864316821)
[cartographer_node-2] [WARN] [1779890627.031346508] [cartographer logger]: W20260527 23:03:47.-2147483648 13749 pose_extrapolator.cc:67] No odometry data for time: 639146960864125786 (earliest: 639146960864316821)
[cartographer_node-2] [WARN] [1779890627.031358155] [cartographer logger]: W20260527 23:03:47.-2147483648 13749 pose_extrapolator.cc:67] No odometry data for time: 639146960864286227 (earliest: 639146960864316821)
[cartographer_node-2] [WARN] [1779890627.031370593] [cartographer logger]: W20260527 23:03:47.-2147483648 13749 pose_extrapolator.cc:67] No odometry data for time: 639146960864125786 (earliest: 639146960864316821)
[cartographer_node-2] [WARN] [1779890627.031382947] [cartographer logger]: W20260527 23:03:47.-2147483648 13749 pose_extrapolator.cc:67] No odometry data for time: 639146960864286401 (earliest: 639146960864316821)
[cartographer_node-2] [WARN] [1779890627.031395515] [cartographer logger]: W20260527 23:03:47.-2147483648 13749 pose_extrapolator.cc:67] No odometry data for time: 639146960864125786 (earliest: 639146960864316821)
[cartographer_node-2] [WARN] [1779890627.031406970] [cartographer logger]: W20260527 23:03:47.-2147483648 13749 pose_extrapolator.cc:67] No odometry data for time: 639146960864286574 (earliest: 639146960864316821)
[cartographer_node-2] [WARN] [1779890627.031419402] [cartographer logger]: W20260527 23:03:47.-2147483648 13749 pose_extrapolator.cc:67] No odometry data for time: 639146960864125786 (earliest: 639146960864316821)
[cartographer_node-2] [WARN] [1779890627.031431689] [cartographer logger]: W20260527 23:03:47.-2147483648 13749 pose_extrapolator.cc:67] No odometry data for time: 639146960864286748 (earliest: 639146960864316821)
[cartographer_node-2] [WARN] [1779890627.031443510] [cartographer logger]: W20260527 23:03:47.-2147483648 13749 pose_extrapolator.cc:67] No odometry data for time: 639146960864125786 (earliest: 639146960864316821)
[cartographer_node-2] [WARN] [1779890627.031460192] [cartographer logger]: W20260527 23:03:47.-2147483648 13749 pose_extrapolator.cc:67] No odometry data for time: 639146960864286922 (earliest: 639146960864316821)
[cartographer_node-2] [WARN] [1779890627.031473973] [cartographer logger]: W20260527 23:03:47.-2147483648 13749 pose_extrapolator.cc:67] No odometry data for time: 639146960864125786 (earliest: 639146960864316821)
[cartographer_node-2] [WARN] [1779890627.031485887] [cartographer logger]: W20260527 23:03:47.-2147483648 13749 pose_extrapolator.cc:67] No odometry data for time: 639146960864287095 (earliest: 639146960864316821)
[cartographer_node-2] [WARN] [1779890627.031497736] [cartographer logger]: W20260527 23:03:47.-2147483648 13749 pose_extrapolator.cc:67] No odometry data for time: 639146960864125786 (earliest: 639146960864316821)
[cartographer_node-2] [WARN] [1779890627.031509343] [cartographer logger]: W20260527 23:03:47.-2147483648 13749 pose_extrapolator.cc:67] No odometry data for time: 639146960864287269 (earliest: 639146960864316821)
[cartographer_node-2] [WARN] [1779890627.031525624] [cartographer logger]: W20260527 23:03:47.-2147483648 13749 pose_extrapolator.cc:67] No odometry data for time: 639146960864125786 (earliest: 639146960864316821)
[cartographer_node-2] [WARN] [1779890627.031541897] [cartographer logger]: W20260527 23:03:47.-2147483648 13749 pose_extrapolator.cc:67] No odometry data for time: 639146960864287442 (earliest: 639146960864316821)
[cartographer_node-2] [WARN] [1779890627.031553971] [cartographer logger]: W20260527 23:03:47.-2147483648 13749 pose_extrapolator.cc:67] No odometry data for time: 639146960864125786 (earliest: 639146960864316821)
[cartographer_node-2] [WARN] [1779890627.031566478] [cartographer logger]: W20260527 23:03:47.-2147483648 13749 pose_extrapolator.cc:67] No odometry data for time: 639146960864287616 (earliest: 639146960864316821)
[cartographer_node-2] [WARN] [1779890627.031579002] [cartographer logger]: W20260527 23:03:47.-2147483648 13749 pose_extrapolator.cc:67] No odometry data for time: 639146960864125786 (earliest: 639146960864316821)
[cartographer_node-2] [WARN] [1779890627.031590573] [cartographer logger]: W20260527 23:03:47.-2147483648 13749 pose_extrapolator.cc:67] No odometry data for time: 639146960864287790 (earliest: 639146960864316821)
[cartographer_node-2] [WARN] [1779890627.031602398] [cartographer logger]: W20260527 23:03:47.-2147483648 13749 pose_extrapolator.cc:67] No odometry data for time: 639146960864125786 (earliest: 639146960864316821)
[cartographer_node-2] [WARN] [1779890627.031613891] [cartographer logger]: W20260527 23:03:47.-2147483648 13749 pose_extrapolator.cc:67] No odometry data for time: 639146960864287963 (earliest: 639146960864316821)
[cartographer_node-2] [WARN] [1779890627.031625742] [cartographer logger]: W20260527 23:03:47.-2147483648 13749 pose_extrapolator.cc:67] No odometry data for time: 639146960864125786 (earliest: 639146960864316821)
[cartographer_node-2] [WARN] [1779890627.031637265] [cartographer logger]: W20260527 23:03:47.-2147483648 13749 pose_extrapolator.cc:67] No odometry data for time: 639146960864288137 (earliest: 639146960864316821)
[cartographer_node-2] [WARN] [1779890627.031648868] [cartographer logger]: W20260527 23:03:47.-2147483648 13749 pose_extrapolator.cc:67] No odometry data for time: 639146960864125786 (earliest: 639146960864316821)
[cartographer_node-2] [WARN] [1779890627.031660950] [cartographer logger]: W20260527 23:03:47.-2147483648 13749 pose_extrapolator.cc:67] No odometry data for time: 639146960864288310 (earliest: 639146960864316821)
[cartographer_node-2] [WARN] [1779890627.031672935] [cartographer logger]: W20260527 23:03:47.-2147483648 13749 pose_extrapolator.cc:67] No odometry data for time: 639146960864125786 (earliest: 639146960864316821)
[cartographer_node-2] [WARN] [1779890627.031685182] [cartographer logger]: W20260527 23:03:47.-2147483648 13749 pose_extrapolator.cc:67] No odometry data for time: 639146960864288484 (earliest: 639146960864316821)
[cartographer_node-2] [WARN] [1779890627.031700210] [cartographer logger]: W20260527 23:03:47.-2147483648 13749 pose_extrapolator.cc:67] No odometry data for time: 639146960864125786 (earliest: 639146960864316821)
[cartographer_node-2] [WARN] [1779890627.031711884] [cartographer logger]: W20260527 23:03:47.-2147483648 13749 pose_extrapolator.cc:67] No odometry data for time: 639146960864288658 (earliest: 639146960864316821)
[cartographer_node-2] [WARN] [1779890627.031724654] [cartographer logger]: W20260527 23:03:47.-2147483648 13749 pose_extrapolator.cc:67] No odometry data for time: 639146960864125786 (earliest: 639146960864316821)
[cartographer_node-2] [WARN] [1779890627.031737107] [cartographer logger]: W20260527 23:03:47.-2147483648 13749 pose_extrapolator.cc:67] No odometry data for time: 639146960864288831 (earliest: 639146960864316821)
[cartographer_node-2] [WARN] [1779890627.031748874] [cartographer logger]: W20260527 23:03:47.-2147483648 13749 pose_extrapolator.cc:67] No odometry data for time: 639146960864125786 (earliest: 639146960864316821)
[cartographer_node-2] [WARN] [1779890627.031761053] [cartographer logger]: W20260527 23:03:47.-2147483648 13749 pose_extrapolator.cc:67] No odometry data for time: 639146960864289005 (earliest: 639146960864316821)
[cartographer_node-2] [WARN] [1779890627.031773584] [cartographer logger]: W20260527 23:03:47.-2147483648 13749 pose_extrapolator.cc:67] No odometry data for time: 639146960864125786 (earliest: 639146960864316821)
[cartographer_node-2] [WARN] [1779890627.031785181] [cartographer logger]: W20260527 23:03:47.-2147483648 13749 pose_extrapolator.cc:67] No odometry data for time: 639146960864289179 (earliest: 639146960864316821)
[cartographer_node-2] [WARN] [1779890627.031800866] [cartographer logger]: W20260527 23:03:47.-2147483648 13749 pose_extrapolator.cc:67] No odometry data for time: 639146960864125786 (earliest: 639146960864316821)
[cartographer_node-2] [WARN] [1779890627.031812689] [cartographer logger]: W20260527 23:03:47.-2147483648 13749 pose_extrapolator.cc:67] No odometry data for time: 639146960864289352 (earliest: 639146960864316821)
[cartographer_node-2] [WARN] [1779890627.031824353] [cartographer logger]: W20260527 23:03:47.-2147483648 13749 pose_extrapolator.cc:67] No odometry data for time: 639146960864125786 (earliest: 639146960864316821)
[cartographer_node-2] [WARN] [1779890627.031835830] [cartographer logger]: W20260527 23:03:47.-2147483648 13749 pose_extrapolator.cc:67] No odometry data for time: 639146960864289526 (earliest: 639146960864316821)
[cartographer_node-2] [WARN] [1779890627.031852341] [cartographer logger]: W20260527 23:03:47.-2147483648 13749 pose_extrapolator.cc:67] No odometry data for time: 639146960864125786 (earliest: 639146960864316821)
[cartographer_node-2] [WARN] [1779890627.031865738] [cartographer logger]: W20260527 23:03:47.-2147483648 13749 pose_extrapolator.cc:67] No odometry data for time: 639146960864289699 (earliest: 639146960864316821)
[cartographer_node-2] [WARN] [1779890627.031878475] [cartographer logger]: W20260527 23:03:47.-2147483648 13749 pose_extrapolator.cc:67] No odometry data for time: 639146960864125786 (earliest: 639146960864316821)
[cartographer_node-2] [WARN] [1779890627.031890016] [cartographer logger]: W20260527 23:03:47.-2147483648 13749 pose_extrapolator.cc:67] No odometry data for time: 639146960864289873 (earliest: 639146960864316821)
[cartographer_node-2] [WARN] [1779890627.031901878] [cartographer logger]: W20260527 23:03:47.-2147483648 13749 pose_extrapolator.cc:67] No odometry data for time: 639146960864125786 (earliest: 639146960864316821)
[cartographer_node-2] [WARN] [1779890627.031913535] [cartographer logger]: W20260527 23:03:47.-2147483648 13749 pose_extrapolator.cc:67] No odometry data for time: 639146960864290047 (earliest: 639146960864316821)
[cartographer_node-2] [WARN] [1779890627.031925436] [cartographer logger]: W20260527 23:03:47.-2147483648 13749 pose_extrapolator.cc:67] No odometry data for time: 639146960864125786 (earliest: 639146960864316821)
[cartographer_node-2] [WARN] [1779890627.031936821] [cartographer logger]: W20260527 23:03:47.-2147483648 13749 pose_extrapolator.cc:67] No odometry data for time: 639146960864290220 (earliest: 639146960864316821)
[cartographer_node-2] [WARN] [1779890627.031948648] [cartographer logger]: W20260527 23:03:47.-2147483648 13749 pose_extrapolator.cc:67] No odometry data for time: 639146960864125786 (earliest: 639146960864316821)
[cartographer_node-2] [WARN] [1779890627.031960176] [cartographer logger]: W20260527 23:03:47.-2147483648 13749 pose_extrapolator.cc:67] No odometry data for time: 639146960864290394 (earliest: 639146960864316821)
[cartographer_node-2] [WARN] [1779890627.031972729] [cartographer logger]: W20260527 23:03:47.-2147483648 13749 pose_extrapolator.cc:67] No odometry data for time: 639146960864125786 (earliest: 639146960864316821)
[cartographer_node-2] [WARN] [1779890627.031985009] [cartographer logger]: W20260527 23:03:47.-2147483648 13749 pose_extrapolator.cc:67] No odometry data for time: 639146960864290567 (earliest: 639146960864316821)
[cartographer_node-2] [WARN] [1779890627.031996919] [cartographer logger]: W20260527 23:03:47.-2147483648 13749 pose_extrapolator.cc:67] No odometry data for time: 639146960864125786 (earliest: 639146960864316821)
[cartographer_node-2] [WARN] [1779890627.032009275] [cartographer logger]: W20260527 23:03:47.-2147483648 13749 pose_extrapolator.cc:67] No odometry data for time: 639146960864290741 (earliest: 639146960864316821)
[cartographer_node-2] [WARN] [1779890627.032022008] [cartographer logger]: W20260527 23:03:47.-2147483648 13749 pose_extrapolator.cc:67] No odometry data for time: 639146960864125786 (earliest: 639146960864316821)
[cartographer_node-2] [WARN] [1779890627.032033596] [cartographer logger]: W20260527 23:03:47.-2147483648 13749 pose_extrapolator.cc:67] No odometry data for time: 639146960864290915 (earliest: 639146960864316821)
[cartographer_node-2] [WARN] [1779890627.032046080] [cartographer logger]: W20260527 23:03:47.-2147483648 13749 pose_extrapolator.cc:67] No odometry data for time: 639146960864125786 (earliest: 639146960864316821)
[cartographer_node-2] [WARN] [1779890627.032058278] [cartographer logger]: W20260527 23:03:47.-2147483648 13749 pose_extrapolator.cc:67] No odometry data for time: 639146960864291088 (earliest: 639146960864316821)
[cartographer_node-2] [WARN] [1779890627.032074974] [cartographer logger]: W20260527 23:03:47.-2147483648 13749 pose_extrapolator.cc:67] No odometry data for time: 639146960864125786 (earliest: 639146960864316821)
[cartographer_node-2] [WARN] [1779890627.032088819] [cartographer logger]: W20260527 23:03:47.-2147483648 13749 pose_extrapolator.cc:67] No odometry data for time: 639146960864291262 (earliest: 639146960864316821)
[cartographer_node-2] [WARN] [1779890627.032101749] [cartographer logger]: W20260527 23:03:47.-2147483648 13749 pose_extrapolator.cc:67] No odometry data for time: 639146960864125786 (earliest: 639146960864316821)
[cartographer_node-2] [WARN] [1779890627.032114166] [cartographer logger]: W20260527 23:03:47.-2147483648 13749 pose_extrapolator.cc:67] No odometry data for time: 639146960864291435 (earliest: 639146960864316821)
[cartographer_node-2] [WARN] [1779890627.032126927] [cartographer logger]: W20260527 23:03:47.-2147483648 13749 pose_extrapolator.cc:67] No odometry data for time: 639146960864125786 (earliest: 639146960864316821)
[cartographer_node-2] [WARN] [1779890627.032139343] [cartographer logger]: W20260527 23:03:47.-2147483648 13749 pose_extrapolator.cc:67] No odometry data for time: 639146960864291609 (earliest: 639146960864316821)
[cartographer_node-2] [WARN] [1779890627.032151143] [cartographer logger]: W20260527 23:03:47.-2147483648 13749 pose_extrapolator.cc:67] No odometry data for time: 639146960864125786 (earliest: 639146960864316821)
[cartographer_node-2] [WARN] [1779890627.032163414] [cartographer logger]: W20260527 23:03:47.-2147483648 13749 pose_extrapolator.cc:67] No odometry data for time: 639146960864291783 (earliest: 639146960864316821)
[cartographer_node-2] [WARN] [1779890627.032175907] [cartographer logger]: W20260527 23:03:47.-2147483648 13749 pose_extrapolator.cc:67] No odometry data for time: 639146960864125786 (earliest: 639146960864316821)
[cartographer_node-2] [WARN] [1779890627.032188310] [cartographer logger]: W20260527 23:03:47.-2147483648 13749 pose_extrapolator.cc:67] No odometry data for time: 639146960864291956 (earliest: 639146960864316821)
[cartographer_node-2] [WARN] [1779890627.032200194] [cartographer logger]: W20260527 23:03:47.-2147483648 13749 pose_extrapolator.cc:67] No odometry data for time: 639146960864125786 (earliest: 639146960864316821)
[cartographer_node-2] [WARN] [1779890627.032212335] [cartographer logger]: W20260527 23:03:47.-2147483648 13749 pose_extrapolator.cc:67] No odometry data for time: 639146960864292130 (earliest: 639146960864316821)
[cartographer_node-2] [WARN] [1779890627.032229586] [cartographer logger]: W20260527 23:03:47.-2147483648 13749 pose_extrapolator.cc:67] No odometry data for time: 639146960864125786 (earliest: 639146960864316821)
[cartographer_node-2] [WARN] [1779890627.032242676] [cartographer logger]: W20260527 23:03:47.-2147483648 13749 pose_extrapolator.cc:67] No odometry data for time: 639146960864292304 (earliest: 639146960864316821)
[cartographer_node-2] [WARN] [1779890627.032255347] [cartographer logger]: W20260527 23:03:47.-2147483648 13749 pose_extrapolator.cc:67] No odometry data for time: 639146960864125786 (earliest: 639146960864316821)
[cartographer_node-2] [WARN] [1779890627.032267046] [cartographer logger]: W20260527 23:03:47.-2147483648 13749 pose_extrapolator.cc:67] No odometry data for time: 639146960864292477 (earliest: 639146960864316821)
[cartographer_node-2] [WARN] [1779890627.032279590] [cartographer logger]: W20260527 23:03:47.-2147483648 13749 pose_extrapolator.cc:67] No odometry data for time: 639146960864125786 (earliest: 639146960864316821)
[cartographer_node-2] [WARN] [1779890627.032292036] [cartographer logger]: W20260527 23:03:47.-2147483648 13749 pose_extrapolator.cc:67] No odometry data for time: 639146960864292651 (earliest: 639146960864316821)
[cartographer_node-2] [WARN] [1779890627.032304867] [cartographer logger]: W20260527 23:03:47.-2147483648 13749 pose_extrapolator.cc:67] No odometry data for time: 639146960864125786 (earliest: 639146960864316821)
[cartographer_node-2] [WARN] [1779890627.032316520] [cartographer logger]: W20260527 23:03:47.-2147483648 13749 pose_extrapolator.cc:67] No odometry data for time: 639146960864292824 (earliest: 639146960864316821)
[cartographer_node-2] [WARN] [1779890627.032329279] [cartographer logger]: W20260527 23:03:47.-2147483648 13749 pose_extrapolator.cc:67] No odometry data for time: 639146960864125786 (earliest: 639146960864316821)
[cartographer_node-2] [WARN] [1779890627.032345400] [cartographer logger]: W20260527 23:03:47.-2147483648 13749 pose_extrapolator.cc:67] No odometry data for time: 639146960864292998 (earliest: 639146960864316821)
[cartographer_node-2] [WARN] [1779890627.032358154] [cartographer logger]: W20260527 23:03:47.-2147483648 13749 pose_extrapolator.cc:67] No odometry data for time: 639146960864125786 (earliest: 639146960864316821)
[cartographer_node-2] [WARN] [1779890627.032370536] [cartographer logger]: W20260527 23:03:47.-2147483648 13749 pose_extrapolator.cc:67] No odometry data for time: 639146960864293172 (earliest: 639146960864316821)
[cartographer_node-2] [WARN] [1779890627.032382541] [cartographer logger]: W20260527 23:03:47.-2147483648 13749 pose_extrapolator.cc:67] No odometry data for time: 639146960864125786 (earliest: 639146960864316821)
[cartographer_node-2] [WARN] [1779890627.032394829] [cartographer logger]: W20260527 23:03:47.-2147483648 13749 pose_extrapolator.cc:67] No odometry data for time: 639146960864293345 (earliest: 639146960864316821)
[cartographer_node-2] [WARN] [1779890627.032407458] [cartographer logger]: W20260527 23:03:47.-2147483648 13749 pose_extrapolator.cc:67] No odometry data for time: 639146960864125786 (earliest: 639146960864316821)
[cartographer_node-2] [WARN] [1779890627.032419829] [cartographer logger]: W20260527 23:03:47.-2147483648 13749 pose_extrapolator.cc:67] No odometry data for time: 639146960864293519 (earliest: 639146960864316821)
[cartographer_node-2] [WARN] [1779890627.032432392] [cartographer logger]: W20260527 23:03:47.-2147483648 13749 pose_extrapolator.cc:67] No odometry data for time: 639146960864125786 (earliest: 639146960864316821)
[cartographer_node-2] [WARN] [1779890627.032444008] [cartographer logger]: W20260527 23:03:47.-2147483648 13749 pose_extrapolator.cc:67] No odometry data for time: 639146960864293692 (earliest: 639146960864316821)
[cartographer_node-2] [WARN] [1779890627.032457722] [cartographer logger]: W20260527 23:03:47.-2147483648 13749 pose_extrapolator.cc:67] No odometry data for time: 639146960864125786 (earliest: 639146960864316821)
[cartographer_node-2] [WARN] [1779890627.032470111] [cartographer logger]: W20260527 23:03:47.-2147483648 13749 pose_extrapolator.cc:67] No odometry data for time: 639146960864293866 (earliest: 639146960864316821)
[cartographer_node-2] [WARN] [1779890627.032485205] [cartographer logger]: W20260527 23:03:47.-2147483648 13749 pose_extrapolator.cc:67] No odometry data for time: 639146960864125786 (earliest: 639146960864316821)
[cartographer_node-2] [WARN] [1779890627.032497832] [cartographer logger]: W20260527 23:03:47.-2147483648 13749 pose_extrapolator.cc:67] No odometry data for time: 639146960864294040 (earliest: 639146960864316821)
[cartographer_node-2] [WARN] [1779890627.032509786] [cartographer logger]: W20260527 23:03:47.-2147483648 13749 pose_extrapolator.cc:67] No odometry data for time: 639146960864125786 (earliest: 639146960864316821)
[cartographer_node-2] [WARN] [1779890627.032525331] [cartographer logger]: W20260527 23:03:47.-2147483648 13749 pose_extrapolator.cc:67] No odometry data for time: 639146960864294213 (earliest: 639146960864316821)
[cartographer_node-2] [WARN] [1779890627.032538093] [cartographer logger]: W20260527 23:03:47.-2147483648 13749 pose_extrapolator.cc:67] No odometry data for time: 639146960864125786 (earliest: 639146960864316821)
[cartographer_node-2] [WARN] [1779890627.032550454] [cartographer logger]: W20260527 23:03:47.-2147483648 13749 pose_extrapolator.cc:67] No odometry data for time: 639146960864294387 (earliest: 639146960864316821)
[cartographer_node-2] [WARN] [1779890627.032565608] [cartographer logger]: W20260527 23:03:47.-2147483648 13749 pose_extrapolator.cc:67] No odometry data for time: 639146960864125786 (earliest: 639146960864316821)
[cartographer_node-2] [WARN] [1779890627.032577347] [cartographer logger]: W20260527 23:03:47.-2147483648 13749 pose_extrapolator.cc:67] No odometry data for time: 639146960864294560 (earliest: 639146960864316821)
[cartographer_node-2] [WARN] [1779890627.032590042] [cartographer logger]: W20260527 23:03:47.-2147483648 13749 pose_extrapolator.cc:67] No odometry data for time: 639146960864125786 (earliest: 639146960864316821)
[cartographer_node-2] [WARN] [1779890627.032602420] [cartographer logger]: W20260527 23:03:47.-2147483648 13749 pose_extrapolator.cc:67] No odometry data for time: 639146960864294734 (earliest: 639146960864316821)
[cartographer_node-2] [WARN] [1779890627.032619026] [cartographer logger]: W20260527 23:03:47.-2147483648 13749 pose_extrapolator.cc:67] No odometry data for time: 639146960864125786 (earliest: 639146960864316821)
[cartographer_node-2] [WARN] [1779890627.032636113] [cartographer logger]: W20260527 23:03:47.-2147483648 13749 pose_extrapolator.cc:67] No odometry data for time: 639146960864294908 (earliest: 639146960864316821)
[cartographer_node-2] [WARN] [1779890627.032649568] [cartographer logger]: W20260527 23:03:47.-2147483648 13749 pose_extrapolator.cc:67] No odometry data for time: 639146960864125786 (earliest: 639146960864316821)
[cartographer_node-2] [WARN] [1779890627.032661394] [cartographer logger]: W20260527 23:03:47.-2147483648 13749 pose_extrapolator.cc:67] No odometry data for time: 639146960864295081 (earliest: 639146960864316821)
[cartographer_node-2] [WARN] [1779890627.032673893] [cartographer logger]: W20260527 23:03:47.-2147483648 13749 pose_extrapolator.cc:67] No odometry data for time: 639146960864125786 (earliest: 639146960864316821)
[cartographer_node-2] [WARN] [1779890627.032686520] [cartographer logger]: W20260527 23:03:47.-2147483648 13749 pose_extrapolator.cc:67] No odometry data for time: 639146960864295255 (earliest: 639146960864316821)
[cartographer_node-2] [WARN] [1779890627.032699183] [cartographer logger]: W20260527 23:03:47.-2147483648 13749 pose_extrapolator.cc:67] No odometry data for time: 639146960864125786 (earliest: 639146960864316821)
[cartographer_node-2] [WARN] [1779890627.032711607] [cartographer logger]: W20260527 23:03:47.-2147483648 13749 pose_extrapolator.cc:67] No odometry data for time: 639146960864295429 (earliest: 639146960864316821)
[cartographer_node-2] [WARN] [1779890627.032723477] [cartographer logger]: W20260527 23:03:47.-2147483648 13749 pose_extrapolator.cc:67] No odometry data for time: 639146960864125786 (earliest: 639146960864316821)
[cartographer_node-2] [WARN] [1779890627.032736710] [cartographer logger]: W20260527 23:03:47.-2147483648 13749 pose_extrapolator.cc:67] No odometry data for time: 639146960864295602 (earliest: 639146960864316821)
[cartographer_node-2] [WARN] [1779890627.032749378] [cartographer logger]: W20260527 23:03:47.-2147483648 13749 pose_extrapolator.cc:67] No odometry data for time: 639146960864125786 (earliest: 639146960864316821)
[cartographer_node-2] [WARN] [1779890627.032761696] [cartographer logger]: W20260527 23:03:47.-2147483648 13749 pose_extrapolator.cc:67] No odometry data for time: 639146960864295776 (earliest: 639146960864316821)
[cartographer_node-2] [WARN] [1779890627.032774282] [cartographer logger]: W20260527 23:03:47.-2147483648 13749 pose_extrapolator.cc:67] No odometry data for time: 639146960864125786 (earliest: 639146960864316821)
[cartographer_node-2] [WARN] [1779890627.032785860] [cartographer logger]: W20260527 23:03:47.-2147483648 13749 pose_extrapolator.cc:67] No odometry data for time: 639146960864295949 (earliest: 639146960864316821)
[cartographer_node-2] [WARN] [1779890627.032798254] [cartographer logger]: W20260527 23:03:47.-2147483648 13749 pose_extrapolator.cc:67] No odometry data for time: 639146960864125786 (earliest: 639146960864316821)
[cartographer_node-2] [WARN] [1779890627.032810540] [cartographer logger]: W20260527 23:03:47.-2147483648 13749 pose_extrapolator.cc:67] No odometry data for time: 639146960864296123 (earliest: 639146960864316821)
[cartographer_node-2] [WARN] [1779890627.032823166] [cartographer logger]: W20260527 23:03:47.-2147483648 13749 pose_extrapolator.cc:67] No odometry data for time: 639146960864125786 (earliest: 639146960864316821)
[cartographer_node-2] [WARN] [1779890627.032834734] [cartographer logger]: W20260527 23:03:47.-2147483648 13749 pose_extrapolator.cc:67] No odometry data for time: 639146960864296297 (earliest: 639146960864316821)
[cartographer_node-2] [WARN] [1779890627.032847201] [cartographer logger]: W20260527 23:03:47.-2147483648 13749 pose_extrapolator.cc:67] No odometry data for time: 639146960864125786 (earliest: 639146960864316821)
[cartographer_node-2] [WARN] [1779890627.032859620] [cartographer logger]: W20260527 23:03:47.-2147483648 13749 pose_extrapolator.cc:67] No odometry data for time: 639146960864296470 (earliest: 639146960864316821)
[cartographer_node-2] [WARN] [1779890627.032874890] [cartographer logger]: W20260527 23:03:47.-2147483648 13749 pose_extrapolator.cc:67] No odometry data for time: 639146960864125786 (earliest: 639146960864316821)
[cartographer_node-2] [WARN] [1779890627.032887540] [cartographer logger]: W20260527 23:03:47.-2147483648 13749 pose_extrapolator.cc:67] No odometry data for time: 639146960864296644 (earliest: 639146960864316821)
[cartographer_node-2] [WARN] [1779890627.032903310] [cartographer logger]: W20260527 23:03:47.-2147483648 13749 pose_extrapolator.cc:67] No odometry data for time: 639146960864125786 (earliest: 639146960864316821)
[cartographer_node-2] [WARN] [1779890627.032915800] [cartographer logger]: W20260527 23:03:47.-2147483648 13749 pose_extrapolator.cc:67] No odometry data for time: 639146960864296817 (earliest: 639146960864316821)
[cartographer_node-2] [WARN] [1779890627.032928465] [cartographer logger]: W20260527 23:03:47.-2147483648 13749 pose_extrapolator.cc:67] No odometry data for time: 639146960864125786 (earliest: 639146960864316821)
[cartographer_node-2] [WARN] [1779890627.032940826] [cartographer logger]: W20260527 23:03:47.-2147483648 13749 pose_extrapolator.cc:67] No odometry data for time: 639146960864296991 (earliest: 639146960864316821)
[cartographer_node-2] [WARN] [1779890627.032953591] [cartographer logger]: W20260527 23:03:47.-2147483648 13749 pose_extrapolator.cc:67] No odometry data for time: 639146960864125786 (earliest: 639146960864316821)
[cartographer_node-2] [WARN] [1779890627.032965294] [cartographer logger]: W20260527 23:03:47.-2147483648 13749 pose_extrapolator.cc:67] No odometry data for time: 639146960864297165 (earliest: 639146960864316821)
[cartographer_node-2] [WARN] [1779890627.032978023] [cartographer logger]: W20260527 23:03:47.-2147483648 13749 pose_extrapolator.cc:67] No odometry data for time: 639146960864125786 (earliest: 639146960864316821)
[cartographer_node-2] [WARN] [1779890627.032990501] [cartographer logger]: W20260527 23:03:47.-2147483648 13749 pose_extrapolator.cc:67] No odometry data for time: 639146960864297338 (earliest: 639146960864316821)
[cartographer_node-2] [WARN] [1779890627.033003766] [cartographer logger]: W20260527 23:03:47.-2147483648 13749 pose_extrapolator.cc:67] No odometry data for time: 639146960864125786 (earliest: 639146960864316821)
[cartographer_node-2] [WARN] [1779890627.033020163] [cartographer logger]: W20260527 23:03:47.-2147483648 13749 pose_extrapolator.cc:67] No odometry data for time: 639146960864297512 (earliest: 639146960864316821)
[cartographer_node-2] [WARN] [1779890627.033033898] [cartographer logger]: W20260527 23:03:47.-2147483648 13749 pose_extrapolator.cc:67] No odometry data for time: 639146960864125786 (earliest: 639146960864316821)
[cartographer_node-2] [WARN] [1779890627.033045792] [cartographer logger]: W20260527 23:03:47.-2147483648 13749 pose_extrapolator.cc:67] No odometry data for time: 639146960864297685 (earliest: 639146960864316821)
[cartographer_node-2] [WARN] [1779890627.033058425] [cartographer logger]: W20260527 23:03:47.-2147483648 13749 pose_extrapolator.cc:67] No odometry data for time: 639146960864125786 (earliest: 639146960864316821)
[cartographer_node-2] [WARN] [1779890627.033070675] [cartographer logger]: W20260527 23:03:47.-2147483648 13749 pose_extrapolator.cc:67] No odometry data for time: 639146960864297859 (earliest: 639146960864316821)
[cartographer_node-2] [WARN] [1779890627.033083261] [cartographer logger]: W20260527 23:03:47.-2147483648 13749 pose_extrapolator.cc:67] No odometry data for time: 639146960864125786 (earliest: 639146960864316821)
[cartographer_node-2] [WARN] [1779890627.033094814] [cartographer logger]: W20260527 23:03:47.-2147483648 13749 pose_extrapolator.cc:67] No odometry data for time: 639146960864298033 (earliest: 639146960864316821)
[cartographer_node-2] [WARN] [1779890627.033107403] [cartographer logger]: W20260527 23:03:47.-2147483648 13749 pose_extrapolator.cc:67] No odometry data for time: 639146960864125786 (earliest: 639146960864316821)
[cartographer_node-2] [WARN] [1779890627.033119712] [cartographer logger]: W20260527 23:03:47.-2147483648 13749 pose_extrapolator.cc:67] No odometry data for time: 639146960864298206 (earliest: 639146960864316821)
[cartographer_node-2] [WARN] [1779890627.033132335] [cartographer logger]: W20260527 23:03:47.-2147483648 13749 pose_extrapolator.cc:67] No odometry data for time: 639146960864125786 (earliest: 639146960864316821)
[cartographer_node-2] [WARN] [1779890627.033144650] [cartographer logger]: W20260527 23:03:47.-2147483648 13749 pose_extrapolator.cc:67] No odometry data for time: 639146960864298380 (earliest: 639146960864316821)
[cartographer_node-2] [WARN] [1779890627.033156561] [cartographer logger]: W20260527 23:03:47.-2147483648 13749 pose_extrapolator.cc:67] No odometry data for time: 639146960864125786 (earliest: 639146960864316821)
[cartographer_node-2] [WARN] [1779890627.033172972] [cartographer logger]: W20260527 23:03:47.-2147483648 13749 pose_extrapolator.cc:67] No odometry data for time: 639146960864298554 (earliest: 639146960864316821)
[cartographer_node-2] [WARN] [1779890627.033185815] [cartographer logger]: W20260527 23:03:47.-2147483648 13749 pose_extrapolator.cc:67] No odometry data for time: 639146960864125786 (earliest: 639146960864316821)
[cartographer_node-2] [WARN] [1779890627.033198132] [cartographer logger]: W20260527 23:03:47.-2147483648 13749 pose_extrapolator.cc:67] No odometry data for time: 639146960864298727 (earliest: 639146960864316821)
[cartographer_node-2] [WARN] [1779890627.033210037] [cartographer logger]: W20260527 23:03:47.-2147483648 13749 pose_extrapolator.cc:67] No odometry data for time: 639146960864125786 (earliest: 639146960864316821)
[cartographer_node-2] [WARN] [1779890627.033222467] [cartographer logger]: W20260527 23:03:47.-2147483648 13749 pose_extrapolator.cc:67] No odometry data for time: 639146960864298901 (earliest: 639146960864316821)
[cartographer_node-2] [WARN] [1779890627.033234299] [cartographer logger]: W20260527 23:03:47.-2147483648 13749 pose_extrapolator.cc:67] No odometry data for time: 639146960864125786 (earliest: 639146960864316821)
[cartographer_node-2] [WARN] [1779890627.033246497] [cartographer logger]: W20260527 23:03:47.-2147483648 13749 pose_extrapolator.cc:67] No odometry data for time: 639146960864299074 (earliest: 639146960864316821)
[cartographer_node-2] [WARN] [1779890627.033259067] [cartographer logger]: W20260527 23:03:47.-2147483648 13749 pose_extrapolator.cc:67] No odometry data for time: 639146960864125786 (earliest: 639146960864316821)
[cartographer_node-2] [WARN] [1779890627.033275224] [cartographer logger]: W20260527 23:03:47.-2147483648 13749 pose_extrapolator.cc:67] No odometry data for time: 639146960864299248 (earliest: 639146960864316821)
[cartographer_node-2] [WARN] [1779890627.033287938] [cartographer logger]: W20260527 23:03:47.-2147483648 13749 pose_extrapolator.cc:67] No odometry data for time: 639146960864125786 (earliest: 639146960864316821)
[cartographer_node-2] [WARN] [1779890627.033299464] [cartographer logger]: W20260527 23:03:47.-2147483648 13749 pose_extrapolator.cc:67] No odometry data for time: 639146960864299422 (earliest: 639146960864316821)
[cartographer_node-2] [WARN] [1779890627.033311949] [cartographer logger]: W20260527 23:03:47.-2147483648 13749 pose_extrapolator.cc:67] No odometry data for time: 639146960864125786 (earliest: 639146960864316821)
[cartographer_node-2] [WARN] [1779890627.033324187] [cartographer logger]: W20260527 23:03:47.-2147483648 13749 pose_extrapolator.cc:67] No odometry data for time: 639146960864299595 (earliest: 639146960864316821)
[cartographer_node-2] [WARN] [1779890627.033336763] [cartographer logger]: W20260527 23:03:47.-2147483648 13749 pose_extrapolator.cc:67] No odometry data for time: 639146960864125786 (earliest: 639146960864316821)
[cartographer_node-2] [WARN] [1779890627.033348304] [cartographer logger]: W20260527 23:03:47.-2147483648 13749 pose_extrapolator.cc:67] No odometry data for time: 639146960864299769 (earliest: 639146960864316821)
[cartographer_node-2] [WARN] [1779890627.033360753] [cartographer logger]: W20260527 23:03:47.-2147483648 13749 pose_extrapolator.cc:67] No odometry data for time: 639146960864125786 (earliest: 639146960864316821)
[cartographer_node-2] [WARN] [1779890627.033372292] [cartographer logger]: W20260527 23:03:47.-2147483648 13749 pose_extrapolator.cc:67] No odometry data for time: 639146960864299942 (earliest: 639146960864316821)
[cartographer_node-2] [WARN] [1779890627.033387616] [cartographer logger]: W20260527 23:03:47.-2147483648 13749 pose_extrapolator.cc:67] No odometry data for time: 639146960864125786 (earliest: 639146960864316821)
[cartographer_node-2] [WARN] [1779890627.033399216] [cartographer logger]: W20260527 23:03:47.-2147483648 13749 pose_extrapolator.cc:67] No odometry data for time: 639146960864300116 (earliest: 639146960864316821)
[cartographer_node-2] [WARN] [1779890627.033418485] [cartographer logger]: W20260527 23:03:47.-2147483648 13749 pose_extrapolator.cc:67] No odometry data for time: 639146960864125786 (earliest: 639146960864316821)
[cartographer_node-2] [WARN] [1779890627.033431339] [cartographer logger]: W20260527 23:03:47.-2147483648 13749 pose_extrapolator.cc:67] No odometry data for time: 639146960864300290 (earliest: 639146960864316821)
[cartographer_node-2] [WARN] [1779890627.033449669] [cartographer logger]: W20260527 23:03:47.-2147483648 13749 pose_extrapolator.cc:67] No odometry data for time: 639146960864125786 (earliest: 639146960864316821)
[cartographer_node-2] [WARN] [1779890627.033462288] [cartographer logger]: W20260527 23:03:47.-2147483648 13749 pose_extrapolator.cc:67] No odometry data for time: 639146960864300463 (earliest: 639146960864316821)
[cartographer_node-2] [WARN] [1779890627.033474275] [cartographer logger]: W20260527 23:03:47.-2147483648 13749 pose_extrapolator.cc:67] No odometry data for time: 639146960864125786 (earliest: 639146960864316821)
[cartographer_node-2] [WARN] [1779890627.033486655] [cartographer logger]: W20260527 23:03:47.-2147483648 13749 pose_extrapolator.cc:67] No odometry data for time: 639146960864300637 (earliest: 639146960864316821)
[cartographer_node-2] [WARN] [1779890627.033498604] [cartographer logger]: W20260527 23:03:47.-2147483648 13749 pose_extrapolator.cc:67] No odometry data for time: 639146960864125786 (earliest: 639146960864316821)
[cartographer_node-2] [WARN] [1779890627.033510814] [cartographer logger]: W20260527 23:03:47.-2147483648 13749 pose_extrapolator.cc:67] No odometry data for time: 639146960864300810 (earliest: 639146960864316821)
[cartographer_node-2] [WARN] [1779890627.033527578] [cartographer logger]: W20260527 23:03:47.-2147483648 13749 pose_extrapolator.cc:67] No odometry data for time: 639146960864125786 (earliest: 639146960864316821)
[cartographer_node-2] [WARN] [1779890627.033540032] [cartographer logger]: W20260527 23:03:47.-2147483648 13749 pose_extrapolator.cc:67] No odometry data for time: 639146960864300984 (earliest: 639146960864316821)
[cartographer_node-2] [WARN] [1779890627.033551911] [cartographer logger]: W20260527 23:03:47.-2147483648 13749 pose_extrapolator.cc:67] No odometry data for time: 639146960864125786 (earliest: 639146960864316821)
[cartographer_node-2] [WARN] [1779890627.033564214] [cartographer logger]: W20260527 23:03:47.-2147483648 13749 pose_extrapolator.cc:67] No odometry data for time: 639146960864301158 (earliest: 639146960864316821)
[cartographer_node-2] [WARN] [1779890627.033576851] [cartographer logger]: W20260527 23:03:47.-2147483648 13749 pose_extrapolator.cc:67] No odometry data for time: 639146960864125786 (earliest: 639146960864316821)
[cartographer_node-2] [WARN] [1779890627.033588666] [cartographer logger]: W20260527 23:03:47.-2147483648 13749 pose_extrapolator.cc:67] No odometry data for time: 639146960864301331 (earliest: 639146960864316821)
[cartographer_node-2] [WARN] [1779890627.033601122] [cartographer logger]: W20260527 23:03:47.-2147483648 13749 pose_extrapolator.cc:67] No odometry data for time: 639146960864125786 (earliest: 639146960864316821)
[cartographer_node-2] [WARN] [1779890627.033612915] [cartographer logger]: W20260527 23:03:47.-2147483648 13749 pose_extrapolator.cc:67] No odometry data for time: 639146960864301505 (earliest: 639146960864316821)
[cartographer_node-2] [WARN] [1779890627.033624803] [cartographer logger]: W20260527 23:03:47.-2147483648 13749 pose_extrapolator.cc:67] No odometry data for time: 639146960864125786 (earliest: 639146960864316821)
[cartographer_node-2] [WARN] [1779890627.033636351] [cartographer logger]: W20260527 23:03:47.-2147483648 13749 pose_extrapolator.cc:67] No odometry data for time: 639146960864301679 (earliest: 639146960864316821)
[cartographer_node-2] [WARN] [1779890627.033648090] [cartographer logger]: W20260527 23:03:47.-2147483648 13749 pose_extrapolator.cc:67] No odometry data for time: 639146960864125786 (earliest: 639146960864316821)
[cartographer_node-2] [WARN] [1779890627.033662227] [cartographer logger]: W20260527 23:03:47.-2147483648 13749 pose_extrapolator.cc:67] No odometry data for time: 639146960864301852 (earliest: 639146960864316821)
[cartographer_node-2] [WARN] [1779890627.033674129] [cartographer logger]: W20260527 23:03:47.-2147483648 13749 pose_extrapolator.cc:67] No odometry data for time: 639146960864125786 (earliest: 639146960864316821)
[cartographer_node-2] [WARN] [1779890627.033686509] [cartographer logger]: W20260527 23:03:47.-2147483648 13749 pose_extrapolator.cc:67] No odometry data for time: 639146960864302026 (earliest: 639146960864316821)
[cartographer_node-2] [WARN] [1779890627.033698438] [cartographer logger]: W20260527 23:03:47.-2147483648 13749 pose_extrapolator.cc:67] No odometry data for time: 639146960864125786 (earliest: 639146960864316821)
[cartographer_node-2] [WARN] [1779890627.033710848] [cartographer logger]: W20260527 23:03:47.-2147483648 13749 pose_extrapolator.cc:67] No odometry data for time: 639146960864302199 (earliest: 639146960864316821)
[cartographer_node-2] [WARN] [1779890627.033727225] [cartographer logger]: W20260527 23:03:47.-2147483648 13749 pose_extrapolator.cc:67] No odometry data for time: 639146960864125786 (earliest: 639146960864316821)
[cartographer_node-2] [WARN] [1779890627.033739108] [cartographer logger]: W20260527 23:03:47.-2147483648 13749 pose_extrapolator.cc:67] No odometry data for time: 639146960864302373 (earliest: 639146960864316821)
[cartographer_node-2] [WARN] [1779890627.033751007] [cartographer logger]: W20260527 23:03:47.-2147483648 13749 pose_extrapolator.cc:67] No odometry data for time: 639146960864125786 (earliest: 639146960864316821)
[cartographer_node-2] [WARN] [1779890627.033762458] [cartographer logger]: W20260527 23:03:47.-2147483648 13749 pose_extrapolator.cc:67] No odometry data for time: 639146960864302547 (earliest: 639146960864316821)
[cartographer_node-2] [WARN] [1779890627.033774183] [cartographer logger]: W20260527 23:03:47.-2147483648 13749 pose_extrapolator.cc:67] No odometry data for time: 639146960864125786 (earliest: 639146960864316821)
[cartographer_node-2] [WARN] [1779890627.033785581] [cartographer logger]: W20260527 23:03:47.-2147483648 13749 pose_extrapolator.cc:67] No odometry data for time: 639146960864302720 (earliest: 639146960864316821)
[cartographer_node-2] [WARN] [1779890627.033803207] [cartographer logger]: W20260527 23:03:47.-2147483648 13749 pose_extrapolator.cc:67] No odometry data for time: 639146960864125786 (earliest: 639146960864316821)
[cartographer_node-2] [WARN] [1779890627.033815891] [cartographer logger]: W20260527 23:03:47.-2147483648 13749 pose_extrapolator.cc:67] No odometry data for time: 639146960864302894 (earliest: 639146960864316821)
[cartographer_node-2] [WARN] [1779890627.033828621] [cartographer logger]: W20260527 23:03:47.-2147483648 13749 pose_extrapolator.cc:67] No odometry data for time: 639146960864125786 (earliest: 639146960864316821)
[cartographer_node-2] [WARN] [1779890627.033841260] [cartographer logger]: W20260527 23:03:47.-2147483648 13749 pose_extrapolator.cc:67] No odometry data for time: 639146960864303067 (earliest: 639146960864316821)
[cartographer_node-2] [WARN] [1779890627.033853257] [cartographer logger]: W20260527 23:03:47.-2147483648 13749 pose_extrapolator.cc:67] No odometry data for time: 639146960864125786 (earliest: 639146960864316821)
[cartographer_node-2] [WARN] [1779890627.033865683] [cartographer logger]: W20260527 23:03:47.-2147483648 13749 pose_extrapolator.cc:67] No odometry data for time: 639146960864303241 (earliest: 639146960864316821)
[cartographer_node-2] [WARN] [1779890627.033878223] [cartographer logger]: W20260527 23:03:47.-2147483648 13749 pose_extrapolator.cc:67] No odometry data for time: 639146960864125786 (earliest: 639146960864316821)
[cartographer_node-2] [WARN] [1779890627.033890634] [cartographer logger]: W20260527 23:03:47.-2147483648 13749 pose_extrapolator.cc:67] No odometry data for time: 639146960864303415 (earliest: 639146960864316821)
[cartographer_node-2] [WARN] [1779890627.033902548] [cartographer logger]: W20260527 23:03:47.-2147483648 13749 pose_extrapolator.cc:67] No odometry data for time: 639146960864125786 (earliest: 639146960864316821)
[cartographer_node-2] [WARN] [1779890627.033914785] [cartographer logger]: W20260527 23:03:47.-2147483648 13749 pose_extrapolator.cc:67] No odometry data for time: 639146960864303588 (earliest: 639146960864316821)
[cartographer_node-2] [WARN] [1779890627.033927466] [cartographer logger]: W20260527 23:03:47.-2147483648 13749 pose_extrapolator.cc:67] No odometry data for time: 639146960864125786 (earliest: 639146960864316821)
[cartographer_node-2] [WARN] [1779890627.033939021] [cartographer logger]: W20260527 23:03:47.-2147483648 13749 pose_extrapolator.cc:67] No odometry data for time: 639146960864303762 (earliest: 639146960864316821)
[cartographer_node-2] [WARN] [1779890627.033951521] [cartographer logger]: W20260527 23:03:47.-2147483648 13749 pose_extrapolator.cc:67] No odometry data for time: 639146960864125786 (earliest: 639146960864316821)
[cartographer_node-2] [WARN] [1779890627.033963794] [cartographer logger]: W20260527 23:03:47.-2147483648 13749 pose_extrapolator.cc:67] No odometry data for time: 639146960864303935 (earliest: 639146960864316821)
[cartographer_node-2] [WARN] [1779890627.033976296] [cartographer logger]: W20260527 23:03:47.-2147483648 13749 pose_extrapolator.cc:67] No odometry data for time: 639146960864125786 (earliest: 639146960864316821)
[cartographer_node-2] [WARN] [1779890627.033993288] [cartographer logger]: W20260527 23:03:47.-2147483648 13749 pose_extrapolator.cc:67] No odometry data for time: 639146960864304109 (earliest: 639146960864316821)
[cartographer_node-2] [WARN] [1779890627.034005334] [cartographer logger]: W20260527 23:03:47.-2147483648 13749 pose_extrapolator.cc:67] No odometry data for time: 639146960864125786 (earliest: 639146960864316821)
[cartographer_node-2] [WARN] [1779890627.034017718] [cartographer logger]: W20260527 23:03:47.-2147483648 13749 pose_extrapolator.cc:67] No odometry data for time: 639146960864304283 (earliest: 639146960864316821)
[cartographer_node-2] [WARN] [1779890627.034030504] [cartographer logger]: W20260527 23:03:47.-2147483648 13749 pose_extrapolator.cc:67] No odometry data for time: 639146960864125786 (earliest: 639146960864316821)
[cartographer_node-2] [WARN] [1779890627.034042929] [cartographer logger]: W20260527 23:03:47.-2147483648 13749 pose_extrapolator.cc:67] No odometry data for time: 639146960864304456 (earliest: 639146960864316821)
[cartographer_node-2] [WARN] [1779890627.034057493] [cartographer logger]: W20260527 23:03:47.-2147483648 13749 pose_extrapolator.cc:67] No odometry data for time: 639146960864125786 (earliest: 639146960864316821)
[cartographer_node-2] [WARN] [1779890627.034070195] [cartographer logger]: W20260527 23:03:47.-2147483648 13749 pose_extrapolator.cc:67] No odometry data for time: 639146960864304630 (earliest: 639146960864316821)
[cartographer_node-2] [WARN] [1779890627.034082786] [cartographer logger]: W20260527 23:03:47.-2147483648 13749 pose_extrapolator.cc:67] No odometry data for time: 639146960864125786 (earliest: 639146960864316821)
[cartographer_node-2] [WARN] [1779890627.034095192] [cartographer logger]: W20260527 23:03:47.-2147483648 13749 pose_extrapolator.cc:67] No odometry data for time: 639146960864304804 (earliest: 639146960864316821)
[cartographer_node-2] [WARN] [1779890627.034107134] [cartographer logger]: W20260527 23:03:47.-2147483648 13749 pose_extrapolator.cc:67] No odometry data for time: 639146960864125786 (earliest: 639146960864316821)
[cartographer_node-2] [WARN] [1779890627.034119386] [cartographer logger]: W20260527 23:03:47.-2147483648 13749 pose_extrapolator.cc:67] No odometry data for time: 639146960864304977 (earliest: 639146960864316821)
[cartographer_node-2] [WARN] [1779890627.034131928] [cartographer logger]: W20260527 23:03:47.-2147483648 13749 pose_extrapolator.cc:67] No odometry data for time: 639146960864125786 (earliest: 639146960864316821)
[cartographer_node-2] [WARN] [1779890627.034143433] [cartographer logger]: W20260527 23:03:47.-2147483648 13749 pose_extrapolator.cc:67] No odometry data for time: 639146960864305151 (earliest: 639146960864316821)
[cartographer_node-2] [WARN] [1779890627.034156060] [cartographer logger]: W20260527 23:03:47.-2147483648 13749 pose_extrapolator.cc:67] No odometry data for time: 639146960864125786 (earliest: 639146960864316821)
[cartographer_node-2] [WARN] [1779890627.034168481] [cartographer logger]: W20260527 23:03:47.-2147483648 13749 pose_extrapolator.cc:67] No odometry data for time: 639146960864305324 (earliest: 639146960864316821)
[cartographer_node-2] [WARN] [1779890627.034180850] [cartographer logger]: W20260527 23:03:47.-2147483648 13749 pose_extrapolator.cc:67] No odometry data for time: 639146960864125786 (earliest: 639146960864316821)
[cartographer_node-2] [WARN] [1779890627.034197683] [cartographer logger]: W20260527 23:03:47.-2147483648 13749 pose_extrapolator.cc:67] No odometry data for time: 639146960864305498 (earliest: 639146960864316821)
[cartographer_node-2] [WARN] [1779890627.034211173] [cartographer logger]: W20260527 23:03:47.-2147483648 13749 pose_extrapolator.cc:67] No odometry data for time: 639146960864125786 (earliest: 639146960864316821)
[cartographer_node-2] [WARN] [1779890627.034223556] [cartographer logger]: W20260527 23:03:47.-2147483648 13749 pose_extrapolator.cc:67] No odometry data for time: 639146960864305672 (earliest: 639146960864316821)
[cartographer_node-2] [WARN] [1779890627.034236185] [cartographer logger]: W20260527 23:03:47.-2147483648 13749 pose_extrapolator.cc:67] No odometry data for time: 639146960864125786 (earliest: 639146960864316821)
[cartographer_node-2] [WARN] [1779890627.034248636] [cartographer logger]: W20260527 23:03:47.-2147483648 13749 pose_extrapolator.cc:67] No odometry data for time: 639146960864305845 (earliest: 639146960864316821)
[cartographer_node-2] [WARN] [1779890627.034265380] [cartographer logger]: W20260527 23:03:47.-2147483648 13749 pose_extrapolator.cc:67] No odometry data for time: 639146960864125786 (earliest: 639146960864316821)
[cartographer_node-2] [WARN] [1779890627.034277692] [cartographer logger]: W20260527 23:03:47.-2147483648 13749 pose_extrapolator.cc:67] No odometry data for time: 639146960864306019 (earliest: 639146960864316821)
[cartographer_node-2] [WARN] [1779890627.034289710] [cartographer logger]: W20260527 23:03:47.-2147483648 13749 pose_extrapolator.cc:67] No odometry data for time: 639146960864125786 (earliest: 639146960864316821)
[cartographer_node-2] [WARN] [1779890627.034303168] [cartographer logger]: W20260527 23:03:47.-2147483648 13749 pose_extrapolator.cc:67] No odometry data for time: 639146960864306192 (earliest: 639146960864316821)
[cartographer_node-2] [WARN] [1779890627.034315601] [cartographer logger]: W20260527 23:03:47.-2147483648 13749 pose_extrapolator.cc:67] No odometry data for time: 639146960864125786 (earliest: 639146960864316821)
[cartographer_node-2] [WARN] [1779890627.034327885] [cartographer logger]: W20260527 23:03:47.-2147483648 13749 pose_extrapolator.cc:67] No odometry data for time: 639146960864306366 (earliest: 639146960864316821)
[cartographer_node-2] [WARN] [1779890627.034339910] [cartographer logger]: W20260527 23:03:47.-2147483648 13749 pose_extrapolator.cc:67] No odometry data for time: 639146960864125786 (earliest: 639146960864316821)
[cartographer_node-2] [WARN] [1779890627.034351391] [cartographer logger]: W20260527 23:03:47.-2147483648 13749 pose_extrapolator.cc:67] No odometry data for time: 639146960864306540 (earliest: 639146960864316821)
[cartographer_node-2] [WARN] [1779890627.034363313] [cartographer logger]: W20260527 23:03:47.-2147483648 13749 pose_extrapolator.cc:67] No odometry data for time: 639146960864125786 (earliest: 639146960864316821)
[cartographer_node-2] [WARN] [1779890627.034374741] [cartographer logger]: W20260527 23:03:47.-2147483648 13749 pose_extrapolator.cc:67] No odometry data for time: 639146960864306713 (earliest: 639146960864316821)
[cartographer_node-2] [WARN] [1779890627.034386572] [cartographer logger]: W20260527 23:03:47.-2147483648 13749 pose_extrapolator.cc:67] No odometry data for time: 639146960864125786 (earliest: 639146960864316821)
[cartographer_node-2] [WARN] [1779890627.034398279] [cartographer logger]: W20260527 23:03:47.-2147483648 13749 pose_extrapolator.cc:67] No odometry data for time: 639146960864306887 (earliest: 639146960864316821)
[cartographer_node-2] [WARN] [1779890627.034409942] [cartographer logger]: W20260527 23:03:47.-2147483648 13749 pose_extrapolator.cc:67] No odometry data for time: 639146960864125786 (earliest: 639146960864316821)
[cartographer_node-2] [WARN] [1779890627.034422429] [cartographer logger]: W20260527 23:03:47.-2147483648 13749 pose_extrapolator.cc:67] No odometry data for time: 639146960864307060 (earliest: 639146960864316821)
[cartographer_node-2] [WARN] [1779890627.034437457] [cartographer logger]: W20260527 23:03:47.-2147483648 13749 pose_extrapolator.cc:67] No odometry data for time: 639146960864125786 (earliest: 639146960864316821)
[cartographer_node-2] [WARN] [1779890627.034449961] [cartographer logger]: W20260527 23:03:47.-2147483648 13749 pose_extrapolator.cc:67] No odometry data for time: 639146960864307234 (earliest: 639146960864316821)
[cartographer_node-2] [WARN] [1779890627.034461937] [cartographer logger]: W20260527 23:03:47.-2147483648 13749 pose_extrapolator.cc:67] No odometry data for time: 639146960864125786 (earliest: 639146960864316821)
[cartographer_node-2] [WARN] [1779890627.034473477] [cartographer logger]: W20260527 23:03:47.-2147483648 13749 pose_extrapolator.cc:67] No odometry data for time: 639146960864307408 (earliest: 639146960864316821)
[cartographer_node-2] [WARN] [1779890627.034485228] [cartographer logger]: W20260527 23:03:47.-2147483648 13749 pose_extrapolator.cc:67] No odometry data for time: 639146960864125786 (earliest: 639146960864316821)
[cartographer_node-2] [WARN] [1779890627.034496909] [cartographer logger]: W20260527 23:03:47.-2147483648 13749 pose_extrapolator.cc:67] No odometry data for time: 639146960864307581 (earliest: 639146960864316821)
[cartographer_node-2] [WARN] [1779890627.034508772] [cartographer logger]: W20260527 23:03:47.-2147483648 13749 pose_extrapolator.cc:67] No odometry data for time: 639146960864125786 (earliest: 639146960864316821)
[cartographer_node-2] [WARN] [1779890627.034523486] [cartographer logger]: W20260527 23:03:47.-2147483648 13749 pose_extrapolator.cc:67] No odometry data for time: 639146960864307755 (earliest: 639146960864316821)
[cartographer_node-2] [WARN] [1779890627.034540671] [cartographer logger]: W20260527 23:03:47.-2147483648 13749 pose_extrapolator.cc:67] No odometry data for time: 639146960864125786 (earliest: 639146960864316821)
[cartographer_node-2] [WARN] [1779890627.034552531] [cartographer logger]: W20260527 23:03:47.-2147483648 13749 pose_extrapolator.cc:67] No odometry data for time: 639146960864307929 (earliest: 639146960864316821)
[cartographer_node-2] [WARN] [1779890627.034565170] [cartographer logger]: W20260527 23:03:47.-2147483648 13749 pose_extrapolator.cc:67] No odometry data for time: 639146960864125786 (earliest: 639146960864316821)
[cartographer_node-2] [WARN] [1779890627.034577772] [cartographer logger]: W20260527 23:03:47.-2147483648 13749 pose_extrapolator.cc:67] No odometry data for time: 639146960864308102 (earliest: 639146960864316821)
[cartographer_node-2] [WARN] [1779890627.034595349] [cartographer logger]: W20260527 23:03:47.-2147483648 13749 pose_extrapolator.cc:67] No odometry data for time: 639146960864125786 (earliest: 639146960864316821)
[cartographer_node-2] [WARN] [1779890627.034608774] [cartographer logger]: W20260527 23:03:47.-2147483648 13749 pose_extrapolator.cc:67] No odometry data for time: 639146960864308276 (earliest: 639146960864316821)
[cartographer_node-2] [WARN] [1779890627.034621512] [cartographer logger]: W20260527 23:03:47.-2147483648 13749 pose_extrapolator.cc:67] No odometry data for time: 639146960864125786 (earliest: 639146960864316821)
[cartographer_node-2] [WARN] [1779890627.034633145] [cartographer logger]: W20260527 23:03:47.-2147483648 13749 pose_extrapolator.cc:67] No odometry data for time: 639146960864308449 (earliest: 639146960864316821)
[cartographer_node-2] [WARN] [1779890627.034645891] [cartographer logger]: W20260527 23:03:47.-2147483648 13749 pose_extrapolator.cc:67] No odometry data for time: 639146960864125786 (earliest: 639146960864316821)
[cartographer_node-2] [WARN] [1779890627.034657576] [cartographer logger]: W20260527 23:03:47.-2147483648 13749 pose_extrapolator.cc:67] No odometry data for time: 639146960864308623 (earliest: 639146960864316821)
[cartographer_node-2] [WARN] [1779890627.034669359] [cartographer logger]: W20260527 23:03:47.-2147483648 13749 pose_extrapolator.cc:67] No odometry data for time: 639146960864125786 (earliest: 639146960864316821)
[cartographer_node-2] [WARN] [1779890627.034680841] [cartographer logger]: W20260527 23:03:47.-2147483648 13749 pose_extrapolator.cc:67] No odometry data for time: 639146960864308797 (earliest: 639146960864316821)
[cartographer_node-2] [WARN] [1779890627.034692644] [cartographer logger]: W20260527 23:03:47.-2147483648 13749 pose_extrapolator.cc:67] No odometry data for time: 639146960864125786 (earliest: 639146960864316821)
[cartographer_node-2] [WARN] [1779890627.034704191] [cartographer logger]: W20260527 23:03:47.-2147483648 13749 pose_extrapolator.cc:67] No odometry data for time: 639146960864308970 (earliest: 639146960864316821)
[cartographer_node-2] [WARN] [1779890627.034716094] [cartographer logger]: W20260527 23:03:47.-2147483648 13749 pose_extrapolator.cc:67] No odometry data for time: 639146960864125786 (earliest: 639146960864316821)
[cartographer_node-2] [WARN] [1779890627.034728563] [cartographer logger]: W20260527 23:03:47.-2147483648 13749 pose_extrapolator.cc:67] No odometry data for time: 639146960864309144 (earliest: 639146960864316821)
[cartographer_node-2] [WARN] [1779890627.034740541] [cartographer logger]: W20260527 23:03:47.-2147483648 13749 pose_extrapolator.cc:67] No odometry data for time: 639146960864125786 (earliest: 639146960864316821)
[cartographer_node-2] [WARN] [1779890627.034752881] [cartographer logger]: W20260527 23:03:47.-2147483648 13749 pose_extrapolator.cc:67] No odometry data for time: 639146960864309317 (earliest: 639146960864316821)
[cartographer_node-2] [WARN] [1779890627.034764930] [cartographer logger]: W20260527 23:03:47.-2147483648 13749 pose_extrapolator.cc:67] No odometry data for time: 639146960864125786 (earliest: 639146960864316821)
[cartographer_node-2] [WARN] [1779890627.034776507] [cartographer logger]: W20260527 23:03:47.-2147483648 13749 pose_extrapolator.cc:67] No odometry data for time: 639146960864309491 (earliest: 639146960864316821)
[cartographer_node-2] [WARN] [1779890627.034788502] [cartographer logger]: W20260527 23:03:47.-2147483648 13749 pose_extrapolator.cc:67] No odometry data for time: 639146960864125786 (earliest: 639146960864316821)
[cartographer_node-2] [WARN] [1779890627.034804545] [cartographer logger]: W20260527 23:03:47.-2147483648 13749 pose_extrapolator.cc:67] No odometry data for time: 639146960864309665 (earliest: 639146960864316821)
[cartographer_node-2] [WARN] [1779890627.034816592] [cartographer logger]: W20260527 23:03:47.-2147483648 13749 pose_extrapolator.cc:67] No odometry data for time: 639146960864125786 (earliest: 639146960864316821)
[cartographer_node-2] [WARN] [1779890627.034830934] [cartographer logger]: W20260527 23:03:47.-2147483648 13749 pose_extrapolator.cc:67] No odometry data for time: 639146960864309838 (earliest: 639146960864316821)
[cartographer_node-2] [WARN] [1779890627.034843674] [cartographer logger]: W20260527 23:03:47.-2147483648 13749 pose_extrapolator.cc:67] No odometry data for time: 639146960864125786 (earliest: 639146960864316821)
[cartographer_node-2] [WARN] [1779890627.034856069] [cartographer logger]: W20260527 23:03:47.-2147483648 13749 pose_extrapolator.cc:67] No odometry data for time: 639146960864310012 (earliest: 639146960864316821)
[cartographer_node-2] [WARN] [1779890627.034868953] [cartographer logger]: W20260527 23:03:47.-2147483648 13749 pose_extrapolator.cc:67] No odometry data for time: 639146960864125786 (earliest: 639146960864316821)
[cartographer_node-2] [WARN] [1779890627.034880781] [cartographer logger]: W20260527 23:03:47.-2147483648 13749 pose_extrapolator.cc:67] No odometry data for time: 639146960864310185 (earliest: 639146960864316821)
[cartographer_node-2] [WARN] [1779890627.034893564] [cartographer logger]: W20260527 23:03:47.-2147483648 13749 pose_extrapolator.cc:67] No odometry data for time: 639146960864125786 (earliest: 639146960864316821)
[cartographer_node-2] [WARN] [1779890627.034906183] [cartographer logger]: W20260527 23:03:47.-2147483648 13749 pose_extrapolator.cc:67] No odometry data for time: 639146960864310359 (earliest: 639146960864316821)
[cartographer_node-2] [WARN] [1779890627.034918065] [cartographer logger]: W20260527 23:03:47.-2147483648 13749 pose_extrapolator.cc:67] No odometry data for time: 639146960864125786 (earliest: 639146960864316821)
[cartographer_node-2] [WARN] [1779890627.034930411] [cartographer logger]: W20260527 23:03:47.-2147483648 13749 pose_extrapolator.cc:67] No odometry data for time: 639146960864310533 (earliest: 639146960864316821)
[cartographer_node-2] [WARN] [1779890627.034943215] [cartographer logger]: W20260527 23:03:47.-2147483648 13749 pose_extrapolator.cc:67] No odometry data for time: 639146960864125786 (earliest: 639146960864316821)
[cartographer_node-2] [WARN] [1779890627.034954843] [cartographer logger]: W20260527 23:03:47.-2147483648 13749 pose_extrapolator.cc:67] No odometry data for time: 639146960864310706 (earliest: 639146960864316821)
[cartographer_node-2] [WARN] [1779890627.034972188] [cartographer logger]: W20260527 23:03:47.-2147483648 13749 pose_extrapolator.cc:67] No odometry data for time: 639146960864125786 (earliest: 639146960864316821)
[cartographer_node-2] [WARN] [1779890627.034985574] [cartographer logger]: W20260527 23:03:47.-2147483648 13749 pose_extrapolator.cc:67] No odometry data for time: 639146960864310880 (earliest: 639146960864316821)
[cartographer_node-2] [WARN] [1779890627.034998343] [cartographer logger]: W20260527 23:03:47.-2147483648 13749 pose_extrapolator.cc:67] No odometry data for time: 639146960864125786 (earliest: 639146960864316821)
[cartographer_node-2] [WARN] [1779890627.035010727] [cartographer logger]: W20260527 23:03:47.-2147483648 13749 pose_extrapolator.cc:67] No odometry data for time: 639146960864311054 (earliest: 639146960864316821)
[cartographer_node-2] [WARN] [1779890627.035022532] [cartographer logger]: W20260527 23:03:47.-2147483648 13749 pose_extrapolator.cc:67] No odometry data for time: 639146960864125786 (earliest: 639146960864316821)
[cartographer_node-2] [WARN] [1779890627.035034813] [cartographer logger]: W20260527 23:03:47.-2147483648 13749 pose_extrapolator.cc:67] No odometry data for time: 639146960864311227 (earliest: 639146960864316821)
[cartographer_node-2] [WARN] [1779890627.035047323] [cartographer logger]: W20260527 23:03:47.-2147483648 13749 pose_extrapolator.cc:67] No odometry data for time: 639146960864125786 (earliest: 639146960864316821)
[cartographer_node-2] [WARN] [1779890627.035058935] [cartographer logger]: W20260527 23:03:47.-2147483648 13749 pose_extrapolator.cc:67] No odometry data for time: 639146960864311401 (earliest: 639146960864316821)
[cartographer_node-2] [WARN] [1779890627.035075780] [cartographer logger]: W20260527 23:03:47.-2147483648 13749 pose_extrapolator.cc:67] No odometry data for time: 639146960864125786 (earliest: 639146960864316821)
[cartographer_node-2] [WARN] [1779890627.035088300] [cartographer logger]: W20260527 23:03:47.-2147483648 13749 pose_extrapolator.cc:67] No odometry data for time: 639146960864311574 (earliest: 639146960864316821)
[cartographer_node-2] [WARN] [1779890627.035100800] [cartographer logger]: W20260527 23:03:47.-2147483648 13749 pose_extrapolator.cc:67] No odometry data for time: 639146960864125786 (earliest: 639146960864316821)
[cartographer_node-2] [WARN] [1779890627.035112449] [cartographer logger]: W20260527 23:03:47.-2147483648 13749 pose_extrapolator.cc:67] No odometry data for time: 639146960864311748 (earliest: 639146960864316821)
[cartographer_node-2] [WARN] [1779890627.035125036] [cartographer logger]: W20260527 23:03:47.-2147483648 13749 pose_extrapolator.cc:67] No odometry data for time: 639146960864125786 (earliest: 639146960864316821)
[cartographer_node-2] [WARN] [1779890627.035136598] [cartographer logger]: W20260527 23:03:47.-2147483648 13749 pose_extrapolator.cc:67] No odometry data for time: 639146960864311922 (earliest: 639146960864316821)
[cartographer_node-2] [WARN] [1779890627.035148292] [cartographer logger]: W20260527 23:03:47.-2147483648 13749 pose_extrapolator.cc:67] No odometry data for time: 639146960864125786 (earliest: 639146960864316821)
[cartographer_node-2] [WARN] [1779890627.035159795] [cartographer logger]: W20260527 23:03:47.-2147483648 13749 pose_extrapolator.cc:67] No odometry data for time: 639146960864312095 (earliest: 639146960864316821)
[cartographer_node-2] [WARN] [1779890627.035171675] [cartographer logger]: W20260527 23:03:47.-2147483648 13749 pose_extrapolator.cc:67] No odometry data for time: 639146960864125786 (earliest: 639146960864316821)
[cartographer_node-2] [WARN] [1779890627.035183252] [cartographer logger]: W20260527 23:03:47.-2147483648 13749 pose_extrapolator.cc:67] No odometry data for time: 639146960864312269 (earliest: 639146960864316821)
[cartographer_node-2] [WARN] [1779890627.035195255] [cartographer logger]: W20260527 23:03:47.-2147483648 13749 pose_extrapolator.cc:67] No odometry data for time: 639146960864125786 (earliest: 639146960864316821)
[cartographer_node-2] [WARN] [1779890627.035208015] [cartographer logger]: W20260527 23:03:47.-2147483648 13749 pose_extrapolator.cc:67] No odometry data for time: 639146960864312442 (earliest: 639146960864316821)
[cartographer_node-2] [WARN] [1779890627.035222583] [cartographer logger]: W20260527 23:03:47.-2147483648 13749 pose_extrapolator.cc:67] No odometry data for time: 639146960864125786 (earliest: 639146960864316821)
[cartographer_node-2] [WARN] [1779890627.035234273] [cartographer logger]: W20260527 23:03:47.-2147483648 13749 pose_extrapolator.cc:67] No odometry data for time: 639146960864312616 (earliest: 639146960864316821)
[cartographer_node-2] [WARN] [1779890627.035246110] [cartographer logger]: W20260527 23:03:47.-2147483648 13749 pose_extrapolator.cc:67] No odometry data for time: 639146960864125786 (earliest: 639146960864316821)
[cartographer_node-2] [WARN] [1779890627.035257619] [cartographer logger]: W20260527 23:03:47.-2147483648 13749 pose_extrapolator.cc:67] No odometry data for time: 639146960864312790 (earliest: 639146960864316821)
[cartographer_node-2] [WARN] [1779890627.035269338] [cartographer logger]: W20260527 23:03:47.-2147483648 13749 pose_extrapolator.cc:67] No odometry data for time: 639146960864125786 (earliest: 639146960864316821)
[cartographer_node-2] [WARN] [1779890627.035280899] [cartographer logger]: W20260527 23:03:47.-2147483648 13749 pose_extrapolator.cc:67] No odometry data for time: 639146960864312963 (earliest: 639146960864316821)
[cartographer_node-2] [WARN] [1779890627.035292686] [cartographer logger]: W20260527 23:03:47.-2147483648 13749 pose_extrapolator.cc:67] No odometry data for time: 639146960864125786 (earliest: 639146960864316821)
[cartographer_node-2] [WARN] [1779890627.035304282] [cartographer logger]: W20260527 23:03:47.-2147483648 13749 pose_extrapolator.cc:67] No odometry data for time: 639146960864313137 (earliest: 639146960864316821)
[cartographer_node-2] [WARN] [1779890627.035315911] [cartographer logger]: W20260527 23:03:47.-2147483648 13749 pose_extrapolator.cc:67] No odometry data for time: 639146960864125786 (earliest: 639146960864316821)
[cartographer_node-2] [WARN] [1779890627.035327377] [cartographer logger]: W20260527 23:03:47.-2147483648 13749 pose_extrapolator.cc:67] No odometry data for time: 639146960864313310 (earliest: 639146960864316821)
[cartographer_node-2] [WARN] [1779890627.035344275] [cartographer logger]: W20260527 23:03:47.-2147483648 13749 pose_extrapolator.cc:67] No odometry data for time: 639146960864125786 (earliest: 639146960864316821)
[cartographer_node-2] [WARN] [1779890627.035361571] [cartographer logger]: W20260527 23:03:47.-2147483648 13749 pose_extrapolator.cc:67] No odometry data for time: 639146960864313484 (earliest: 639146960864316821)
[cartographer_node-2] [WARN] [1779890627.035374497] [cartographer logger]: W20260527 23:03:47.-2147483648 13749 pose_extrapolator.cc:67] No odometry data for time: 639146960864125786 (earliest: 639146960864316821)
[cartographer_node-2] [WARN] [1779890627.035386142] [cartographer logger]: W20260527 23:03:47.-2147483648 13749 pose_extrapolator.cc:67] No odometry data for time: 639146960864313658 (earliest: 639146960864316821)
[cartographer_node-2] [WARN] [1779890627.035398112] [cartographer logger]: W20260527 23:03:47.-2147483648 13749 pose_extrapolator.cc:67] No odometry data for time: 639146960864125786 (earliest: 639146960864316821)
[cartographer_node-2] [WARN] [1779890627.035409603] [cartographer logger]: W20260527 23:03:47.-2147483648 13749 pose_extrapolator.cc:67] No odometry data for time: 639146960864313831 (earliest: 639146960864316821)
[cartographer_node-2] [WARN] [1779890627.035421713] [cartographer logger]: W20260527 23:03:47.-2147483648 13749 pose_extrapolator.cc:67] No odometry data for time: 639146960864125786 (earliest: 639146960864316821)
[cartographer_node-2] [WARN] [1779890627.035433247] [cartographer logger]: W20260527 23:03:47.-2147483648 13749 pose_extrapolator.cc:67] No odometry data for time: 639146960864314005 (earliest: 639146960864316821)
[cartographer_node-2] [WARN] [1779890627.035444936] [cartographer logger]: W20260527 23:03:47.-2147483648 13749 pose_extrapolator.cc:67] No odometry data for time: 639146960864125786 (earliest: 639146960864316821)
[cartographer_node-2] [WARN] [1779890627.035456628] [cartographer logger]: W20260527 23:03:47.-2147483648 13749 pose_extrapolator.cc:67] No odometry data for time: 639146960864314179 (earliest: 639146960864316821)
[cartographer_node-2] [WARN] [1779890627.035468367] [cartographer logger]: W20260527 23:03:47.-2147483648 13749 pose_extrapolator.cc:67] No odometry data for time: 639146960864125786 (earliest: 639146960864316821)
[cartographer_node-2] [WARN] [1779890627.035480006] [cartographer logger]: W20260527 23:03:47.-2147483648 13749 pose_extrapolator.cc:67] No odometry data for time: 639146960864314352 (earliest: 639146960864316821)
[cartographer_node-2] [WARN] [1779890627.035491812] [cartographer logger]: W20260527 23:03:47.-2147483648 13749 pose_extrapolator.cc:67] No odometry data for time: 639146960864125786 (earliest: 639146960864316821)
[cartographer_node-2] [WARN] [1779890627.035504189] [cartographer logger]: W20260527 23:03:47.-2147483648 13749 pose_extrapolator.cc:67] No odometry data for time: 639146960864314526 (earliest: 639146960864316821)
[cartographer_node-2] [WARN] [1779890627.035521290] [cartographer logger]: W20260527 23:03:47.-2147483648 13749 pose_extrapolator.cc:67] No odometry data for time: 639146960864125786 (earliest: 639146960864316821)
[cartographer_node-2] [WARN] [1779890627.035533061] [cartographer logger]: W20260527 23:03:47.-2147483648 13749 pose_extrapolator.cc:67] No odometry data for time: 639146960864314699 (earliest: 639146960864316821)
[cartographer_node-2] [WARN] [1779890627.035545563] [cartographer logger]: W20260527 23:03:47.-2147483648 13749 pose_extrapolator.cc:67] No odometry data for time: 639146960864125786 (earliest: 639146960864316821)
[cartographer_node-2] [WARN] [1779890627.035557891] [cartographer logger]: W20260527 23:03:47.-2147483648 13749 pose_extrapolator.cc:67] No odometry data for time: 639146960864314873 (earliest: 639146960864316821)
[cartographer_node-2] [WARN] [1779890627.035569745] [cartographer logger]: W20260527 23:03:47.-2147483648 13749 pose_extrapolator.cc:67] No odometry data for time: 639146960864125786 (earliest: 639146960864316821)
[cartographer_node-2] [WARN] [1779890627.035582136] [cartographer logger]: W20260527 23:03:47.-2147483648 13749 pose_extrapolator.cc:67] No odometry data for time: 639146960864315047 (earliest: 639146960864316821)
[cartographer_node-2] [WARN] [1779890627.035597591] [cartographer logger]: W20260527 23:03:47.-2147483648 13749 pose_extrapolator.cc:67] No odometry data for time: 639146960864125786 (earliest: 639146960864316821)
[cartographer_node-2] [WARN] [1779890627.035613973] [cartographer logger]: W20260527 23:03:47.-2147483648 13749 pose_extrapolator.cc:67] No odometry data for time: 639146960864315220 (earliest: 639146960864316821)
[cartographer_node-2] [WARN] [1779890627.035627071] [cartographer logger]: W20260527 23:03:47.-2147483648 13749 pose_extrapolator.cc:67] No odometry data for time: 639146960864125786 (earliest: 639146960864316821)
[cartographer_node-2] [WARN] [1779890627.035638764] [cartographer logger]: W20260527 23:03:47.-2147483648 13749 pose_extrapolator.cc:67] No odometry data for time: 639146960864315394 (earliest: 639146960864316821)
[cartographer_node-2] [WARN] [1779890627.035650538] [cartographer logger]: W20260527 23:03:47.-2147483648 13749 pose_extrapolator.cc:67] No odometry data for time: 639146960864125786 (earliest: 639146960864316821)
[cartographer_node-2] [WARN] [1779890627.035662102] [cartographer logger]: W20260527 23:03:47.-2147483648 13749 pose_extrapolator.cc:67] No odometry data for time: 639146960864315567 (earliest: 639146960864316821)
[cartographer_node-2] [WARN] [1779890627.035673807] [cartographer logger]: W20260527 23:03:47.-2147483648 13749 pose_extrapolator.cc:67] No odometry data for time: 639146960864125786 (earliest: 639146960864316821)
[cartographer_node-2] [WARN] [1779890627.035685458] [cartographer logger]: W20260527 23:03:47.-2147483648 13749 pose_extrapolator.cc:67] No odometry data for time: 639146960864315741 (earliest: 639146960864316821)
[cartographer_node-2] [WARN] [1779890627.035697336] [cartographer logger]: W20260527 23:03:47.-2147483648 13749 pose_extrapolator.cc:67] No odometry data for time: 639146960864125786 (earliest: 639146960864316821)
[cartographer_node-2] [WARN] [1779890627.035708797] [cartographer logger]: W20260527 23:03:47.-2147483648 13749 pose_extrapolator.cc:67] No odometry data for time: 639146960864315915 (earliest: 639146960864316821)
[cartographer_node-2] [WARN] [1779890627.035720565] [cartographer logger]: W20260527 23:03:47.-2147483648 13749 pose_extrapolator.cc:67] No odometry data for time: 639146960864125786 (earliest: 639146960864316821)
[cartographer_node-2] [WARN] [1779890627.035738020] [cartographer logger]: W20260527 23:03:47.-2147483648 13749 pose_extrapolator.cc:67] No odometry data for time: 639146960864316088 (earliest: 639146960864316821)
[cartographer_node-2] [WARN] [1779890627.035750818] [cartographer logger]: W20260527 23:03:47.-2147483648 13749 pose_extrapolator.cc:67] No odometry data for time: 639146960864125786 (earliest: 639146960864316821)
[cartographer_node-2] [WARN] [1779890627.035762475] [cartographer logger]: W20260527 23:03:47.-2147483648 13749 pose_extrapolator.cc:67] No odometry data for time: 639146960864316262 (earliest: 639146960864316821)
[cartographer_node-2] [WARN] [1779890627.035775261] [cartographer logger]: W20260527 23:03:47.-2147483648 13749 pose_extrapolator.cc:67] No odometry data for time: 639146960864125786 (earliest: 639146960864316821)
[cartographer_node-2] [WARN] [1779890627.035787749] [cartographer logger]: W20260527 23:03:47.-2147483648 13749 pose_extrapolator.cc:67] No odometry data for time: 639146960864316435 (earliest: 639146960864316821)
[cartographer_node-2] [WARN] [1779890627.035799595] [cartographer logger]: W20260527 23:03:47.-2147483648 13749 pose_extrapolator.cc:67] No odometry data for time: 639146960864125786 (earliest: 639146960864316821)
[cartographer_node-2] [WARN] [1779890627.035811228] [cartographer logger]: W20260527 23:03:47.-2147483648 13749 pose_extrapolator.cc:67] No odometry data for time: 639146960864316609 (earliest: 639146960864316821)
[cartographer_node-2] [WARN] [1779890627.035825725] [cartographer logger]: W20260527 23:03:47.-2147483648 13749 pose_extrapolator.cc:67] No odometry data for time: 639146960864125786 (earliest: 639146960864316821)
[cartographer_node-2] [WARN] [1779890627.035837230] [cartographer logger]: W20260527 23:03:47.-2147483648 13749 pose_extrapolator.cc:67] No odometry data for time: 639146960864316783 (earliest: 639146960864316821)
[cartographer_node-2] [WARN] [1779890627.035849029] [cartographer logger]: W20260527 23:03:47.-2147483648 13749 pose_extrapolator.cc:67] No odometry data for time: 639146960864125786 (earliest: 639146960864316821)
[cartographer_node-2] [WARN] [1779890627.035861365] [cartographer logger]: W20260527 23:03:47.-2147483648 13749 pose_extrapolator.cc:67] No odometry data for time: 639146960864125786 (earliest: 639146960864316821)
[cartographer_node-2] [WARN] [1779890627.035877414] [cartographer logger]: W20260527 23:03:47.-2147483648 13749 pose_extrapolator.cc:67] No odometry data for time: 639146960864125786 (earliest: 639146960864316821)
[cartographer_node-2] [WARN] [1779890627.035889532] [cartographer logger]: W20260527 23:03:47.-2147483648 13749 pose_extrapolator.cc:67] No odometry data for time: 639146960864125786 (earliest: 639146960864316821)
[cartographer_node-2] [WARN] [1779890627.035901399] [cartographer logger]: W20260527 23:03:47.-2147483648 13749 pose_extrapolator.cc:67] No odometry data for time: 639146960864125786 (earliest: 639146960864316821)
[cartographer_node-2] [WARN] [1779890627.035913249] [cartographer logger]: W20260527 23:03:47.-2147483648 13749 pose_extrapolator.cc:67] No odometry data for time: 639146960864125786 (earliest: 639146960864316821)
[cartographer_node-2] [WARN] [1779890627.035925180] [cartographer logger]: W20260527 23:03:47.-2147483648 13749 pose_extrapolator.cc:67] No odometry data for time: 639146960864125786 (earliest: 639146960864316821)
[cartographer_node-2] [WARN] [1779890627.035937945] [cartographer logger]: W20260527 23:03:47.-2147483648 13749 pose_extrapolator.cc:67] No odometry data for time: 639146960864125786 (earliest: 639146960864316821)
[cartographer_node-2] [WARN] [1779890627.035950596] [cartographer logger]: W20260527 23:03:47.-2147483648 13749 pose_extrapolator.cc:67] No odometry data for time: 639146960864125786 (earliest: 639146960864316821)
[cartographer_node-2] [WARN] [1779890627.035962683] [cartographer logger]: W20260527 23:03:47.-2147483648 13749 pose_extrapolator.cc:67] No odometry data for time: 639146960864125786 (earliest: 639146960864316821)
[cartographer_node-2] [WARN] [1779890627.035975673] [cartographer logger]: W20260527 23:03:47.-2147483648 13749 pose_extrapolator.cc:67] No odometry data for time: 639146960864125786 (earliest: 639146960864316821)
[cartographer_node-2] [WARN] [1779890627.035991024] [cartographer logger]: W20260527 23:03:47.-2147483648 13749 pose_extrapolator.cc:67] No odometry data for time: 639146960864125786 (earliest: 639146960864316821)
[cartographer_node-2] [WARN] [1779890627.036003195] [cartographer logger]: W20260527 23:03:47.-2147483648 13749 pose_extrapolator.cc:67] No odometry data for time: 639146960864125786 (earliest: 639146960864316821)
[cartographer_node-2] [WARN] [1779890627.036016040] [cartographer logger]: W20260527 23:03:47.-2147483648 13749 pose_extrapolator.cc:67] No odometry data for time: 639146960864125786 (earliest: 639146960864316821)
[cartographer_node-2] [WARN] [1779890627.036028811] [cartographer logger]: W20260527 23:03:47.-2147483648 13749 pose_extrapolator.cc:67] No odometry data for time: 639146960864125786 (earliest: 639146960864316821)
[cartographer_node-2] [WARN] [1779890627.036040837] [cartographer logger]: W20260527 23:03:47.-2147483648 13749 pose_extrapolator.cc:67] No odometry data for time: 639146960864125786 (earliest: 639146960864316821)
[cartographer_node-2] [WARN] [1779890627.036053583] [cartographer logger]: W20260527 23:03:47.-2147483648 13749 pose_extrapolator.cc:67] No odometry data for time: 639146960864125786 (earliest: 639146960864316821)
[cartographer_node-2] [WARN] [1779890627.036066255] [cartographer logger]: W20260527 23:03:47.-2147483648 13749 pose_extrapolator.cc:67] No odometry data for time: 639146960864125786 (earliest: 639146960864316821)
[cartographer_node-2] [WARN] [1779890627.036078241] [cartographer logger]: W20260527 23:03:47.-2147483648 13749 pose_extrapolator.cc:67] No odometry data for time: 639146960864125786 (earliest: 639146960864316821)
[cartographer_node-2] [WARN] [1779890627.036090943] [cartographer logger]: W20260527 23:03:47.-2147483648 13749 pose_extrapolator.cc:67] No odometry data for time: 639146960864125786 (earliest: 639146960864316821)
[cartographer_node-2] [WARN] [1779890627.036103563] [cartographer logger]: W20260527 23:03:47.-2147483648 13749 pose_extrapolator.cc:67] No odometry data for time: 639146960864125786 (earliest: 639146960864316821)
[cartographer_node-2] [WARN] [1779890627.036116349] [cartographer logger]: W20260527 23:03:47.-2147483648 13749 pose_extrapolator.cc:67] No odometry data for time: 639146960864125786 (earliest: 639146960864316821)
[cartographer_node-2] [WARN] [1779890627.036133461] [cartographer logger]: W20260527 23:03:47.-2147483648 13749 pose_extrapolator.cc:67] No odometry data for time: 639146960864125786 (earliest: 639146960864316821)
[cartographer_node-2] [WARN] [1779890627.036146475] [cartographer logger]: W20260527 23:03:47.-2147483648 13749 pose_extrapolator.cc:67] No odometry data for time: 639146960864125786 (earliest: 639146960864316821)
[cartographer_node-2] [WARN] [1779890627.036162512] [cartographer logger]: W20260527 23:03:47.-2147483648 13749 pose_extrapolator.cc:67] No odometry data for time: 639146960864125786 (earliest: 639146960864316821)
[cartographer_node-2] [WARN] [1779890627.036174616] [cartographer logger]: W20260527 23:03:47.-2147483648 13749 pose_extrapolator.cc:67] No odometry data for time: 639146960864125786 (earliest: 639146960864316821)
[cartographer_node-2] [WARN] [1779890627.036186553] [cartographer logger]: W20260527 23:03:47.-2147483648 13749 pose_extrapolator.cc:67] No odometry data for time: 639146960864125786 (earliest: 639146960864316821)
[cartographer_node-2] [WARN] [1779890627.036198490] [cartographer logger]: W20260527 23:03:47.-2147483648 13749 pose_extrapolator.cc:67] No odometry data for time: 639146960864125786 (earliest: 639146960864316821)
[cartographer_node-2] [WARN] [1779890627.036210562] [cartographer logger]: W20260527 23:03:47.-2147483648 13749 pose_extrapolator.cc:67] No odometry data for time: 639146960864125786 (earliest: 639146960864316821)
[cartographer_node-2] [WARN] [1779890627.036222345] [cartographer logger]: W20260527 23:03:47.-2147483648 13749 pose_extrapolator.cc:67] No odometry data for time: 639146960864125786 (earliest: 639146960864316821)
[cartographer_node-2] [WARN] [1779890627.036234142] [cartographer logger]: W20260527 23:03:47.-2147483648 13749 pose_extrapolator.cc:67] No odometry data for time: 639146960864125786 (earliest: 639146960864316821)
[cartographer_node-2] [WARN] [1779890627.036246731] [cartographer logger]: W20260527 23:03:47.-2147483648 13749 pose_extrapolator.cc:67] No odometry data for time: 639146960864125786 (earliest: 639146960864316821)
[cartographer_node-2] [WARN] [1779890627.036258491] [cartographer logger]: W20260527 23:03:47.-2147483648 13749 pose_extrapolator.cc:67] No odometry data for time: 639146960864125786 (earliest: 639146960864316821)
[cartographer_node-2] [WARN] [1779890627.036270909] [cartographer logger]: W20260527 23:03:47.-2147483648 13749 pose_extrapolator.cc:67] No odometry data for time: 639146960864125786 (earliest: 639146960864316821)
[cartographer_node-2] [WARN] [1779890627.036283553] [cartographer logger]: W20260527 23:03:47.-2147483648 13749 pose_extrapolator.cc:67] No odometry data for time: 639146960864125786 (earliest: 639146960864316821)
[cartographer_node-2] [WARN] [1779890627.036296234] [cartographer logger]: W20260527 23:03:47.-2147483648 13749 pose_extrapolator.cc:67] No odometry data for time: 639146960864125786 (earliest: 639146960864316821)
[cartographer_node-2] [WARN] [1779890627.036308118] [cartographer logger]: W20260527 23:03:47.-2147483648 13749 pose_extrapolator.cc:67] No odometry data for time: 639146960864125786 (earliest: 639146960864316821)
[cartographer_node-2] [WARN] [1779890627.036320759] [cartographer logger]: W20260527 23:03:47.-2147483648 13749 pose_extrapolator.cc:67] No odometry data for time: 639146960864125786 (earliest: 639146960864316821)
[cartographer_node-2] [WARN] [1779890627.036333320] [cartographer logger]: W20260527 23:03:47.-2147483648 13749 pose_extrapolator.cc:67] No odometry data for time: 639146960864125786 (earliest: 639146960864316821)
[cartographer_node-2] [WARN] [1779890627.036346007] [cartographer logger]: W20260527 23:03:47.-2147483648 13749 pose_extrapolator.cc:67] No odometry data for time: 639146960864125786 (earliest: 639146960864316821)
[cartographer_node-2] [WARN] [1779890627.036357897] [cartographer logger]: W20260527 23:03:47.-2147483648 13749 pose_extrapolator.cc:67] No odometry data for time: 639146960864125786 (earliest: 639146960864316821)
[cartographer_node-2] [WARN] [1779890627.036373169] [cartographer logger]: W20260527 23:03:47.-2147483648 13749 pose_extrapolator.cc:67] No odometry data for time: 639146960864125786 (earliest: 639146960864316821)
[cartographer_node-2] [WARN] [1779890627.036385899] [cartographer logger]: W20260527 23:03:47.-2147483648 13749 pose_extrapolator.cc:67] No odometry data for time: 639146960864125786 (earliest: 639146960864316821)
[cartographer_node-2] [WARN] [1779890627.036398649] [cartographer logger]: W20260527 23:03:47.-2147483648 13749 pose_extrapolator.cc:67] No odometry data for time: 639146960864125786 (earliest: 639146960864316821)
[cartographer_node-2] [WARN] [1779890627.036410413] [cartographer logger]: W20260527 23:03:47.-2147483648 13749 pose_extrapolator.cc:67] No odometry data for time: 639146960864125786 (earliest: 639146960864316821)
[cartographer_node-2] [WARN] [1779890627.036428079] [cartographer logger]: W20260527 23:03:47.-2147483648 13749 pose_extrapolator.cc:67] No odometry data for time: 639146960864125786 (earliest: 639146960864316821)
[cartographer_node-2] [WARN] [1779890627.036441808] [cartographer logger]: W20260527 23:03:47.-2147483648 13749 pose_extrapolator.cc:67] No odometry data for time: 639146960864125786 (earliest: 639146960864316821)
[cartographer_node-2] [WARN] [1779890627.036454518] [cartographer logger]: W20260527 23:03:47.-2147483648 13749 pose_extrapolator.cc:67] No odometry data for time: 639146960864125786 (earliest: 639146960864316821)
[cartographer_node-2] [WARN] [1779890627.036467347] [cartographer logger]: W20260527 23:03:47.-2147483648 13749 pose_extrapolator.cc:67] No odometry data for time: 639146960864125786 (earliest: 639146960864316821)
[cartographer_node-2] [WARN] [1779890627.036480100] [cartographer logger]: W20260527 23:03:47.-2147483648 13749 pose_extrapolator.cc:67] No odometry data for time: 639146960864125786 (earliest: 639146960864316821)
[cartographer_node-2] [WARN] [1779890627.036492101] [cartographer logger]: W20260527 23:03:47.-2147483648 13749 pose_extrapolator.cc:67] No odometry data for time: 639146960864125786 (earliest: 639146960864316821)
[cartographer_node-2] [WARN] [1779890627.036504869] [cartographer logger]: W20260527 23:03:47.-2147483648 13749 pose_extrapolator.cc:67] No odometry data for time: 639146960864125786 (earliest: 639146960864316821)
[cartographer_node-2] [WARN] [1779890627.036527280] [cartographer logger]: W20260527 23:03:47.-2147483648 13749 pose_extrapolator.cc:67] No odometry data for time: 639146960864125786 (earliest: 639146960864316821)
[cartographer_node-2] [WARN] [1779890627.036541162] [cartographer logger]: W20260527 23:03:47.-2147483648 13749 pose_extrapolator.cc:67] No odometry data for time: 639146960864125786 (earliest: 639146960864316821)
[cartographer_node-2] [WARN] [1779890627.036553989] [cartographer logger]: W20260527 23:03:47.-2147483648 13749 pose_extrapolator.cc:67] No odometry data for time: 639146960864125786 (earliest: 639146960864316821)
[cartographer_node-2] [WARN] [1779890627.036566066] [cartographer logger]: W20260527 23:03:47.-2147483648 13749 pose_extrapolator.cc:67] No odometry data for time: 639146960864125786 (earliest: 639146960864316821)
[cartographer_node-2] [WARN] [1779890627.036578714] [cartographer logger]: W20260527 23:03:47.-2147483648 13749 pose_extrapolator.cc:67] No odometry data for time: 639146960864125786 (earliest: 639146960864316821)
[cartographer_node-2] [WARN] [1779890627.036591418] [cartographer logger]: W20260527 23:03:47.-2147483648 13749 pose_extrapolator.cc:67] No odometry data for time: 639146960864125786 (earliest: 639146960864316821)
[cartographer_node-2] [WARN] [1779890627.036603931] [cartographer logger]: W20260527 23:03:47.-2147483648 13749 pose_extrapolator.cc:67] No odometry data for time: 639146960864125786 (earliest: 639146960864316821)
[cartographer_node-2] [WARN] [1779890627.036615893] [cartographer logger]: W20260527 23:03:47.-2147483648 13749 pose_extrapolator.cc:67] No odometry data for time: 639146960864125786 (earliest: 639146960864316821)
[cartographer_node-2] [WARN] [1779890627.036628559] [cartographer logger]: W20260527 23:03:47.-2147483648 13749 pose_extrapolator.cc:67] No odometry data for time: 639146960864125786 (earliest: 639146960864316821)
[cartographer_node-2] [WARN] [1779890627.036641187] [cartographer logger]: W20260527 23:03:47.-2147483648 13749 pose_extrapolator.cc:67] No odometry data for time: 639146960864125786 (earliest: 639146960864316821)
[cartographer_node-2] [WARN] [1779890627.036653086] [cartographer logger]: W20260527 23:03:47.-2147483648 13749 pose_extrapolator.cc:67] No odometry data for time: 639146960864125786 (earliest: 639146960864316821)
[cartographer_node-2] [WARN] [1779890627.036665051] [cartographer logger]: W20260527 23:03:47.-2147483648 13749 pose_extrapolator.cc:67] No odometry data for time: 639146960864125786 (earliest: 639146960864316821)
[cartographer_node-2] [WARN] [1779890627.036677024] [cartographer logger]: W20260527 23:03:47.-2147483648 13749 pose_extrapolator.cc:67] No odometry data for time: 639146960864125786 (earliest: 639146960864316821)
[cartographer_node-2] [WARN] [1779890627.036688921] [cartographer logger]: W20260527 23:03:47.-2147483648 13749 pose_extrapolator.cc:67] No odometry data for time: 639146960864125786 (earliest: 639146960864316821)
[cartographer_node-2] [WARN] [1779890627.036705173] [cartographer logger]: W20260527 23:03:47.-2147483648 13749 pose_extrapolator.cc:67] No odometry data for time: 639146960864125786 (earliest: 639146960864316821)
[cartographer_node-2] [WARN] [1779890627.036717205] [cartographer logger]: W20260527 23:03:47.-2147483648 13749 pose_extrapolator.cc:67] No odometry data for time: 639146960864125786 (earliest: 639146960864316821)
[cartographer_node-2] [WARN] [1779890627.036729151] [cartographer logger]: W20260527 23:03:47.-2147483648 13749 pose_extrapolator.cc:67] No odometry data for time: 639146960864125786 (earliest: 639146960864316821)
[cartographer_node-2] [WARN] [1779890627.036741047] [cartographer logger]: W20260527 23:03:47.-2147483648 13749 pose_extrapolator.cc:67] No odometry data for time: 639146960864125786 (earliest: 639146960864316821)
[cartographer_node-2] [WARN] [1779890627.036753164] [cartographer logger]: W20260527 23:03:47.-2147483648 13749 pose_extrapolator.cc:67] No odometry data for time: 639146960864125786 (earliest: 639146960864316821)
[cartographer_node-2] [WARN] [1779890627.036765082] [cartographer logger]: W20260527 23:03:47.-2147483648 13749 pose_extrapolator.cc:67] No odometry data for time: 639146960864125786 (earliest: 639146960864316821)
[cartographer_node-2] [WARN] [1779890627.036779381] [cartographer logger]: W20260527 23:03:47.-2147483648 13749 pose_extrapolator.cc:67] No odometry data for time: 639146960864125786 (earliest: 639146960864316821)
[cartographer_node-2] [WARN] [1779890627.036792451] [cartographer logger]: W20260527 23:03:47.-2147483648 13749 pose_extrapolator.cc:67] No odometry data for time: 639146960864125786 (earliest: 639146960864316821)
[cartographer_node-2] [WARN] [1779890627.036805172] [cartographer logger]: W20260527 23:03:47.-2147483648 13749 pose_extrapolator.cc:67] No odometry data for time: 639146960864125786 (earliest: 639146960864316821)
[cartographer_node-2] [WARN] [1779890627.036817084] [cartographer logger]: W20260527 23:03:47.-2147483648 13749 pose_extrapolator.cc:67] No odometry data for time: 639146960864125786 (earliest: 639146960864316821)
[cartographer_node-2] [WARN] [1779890627.036828848] [cartographer logger]: W20260527 23:03:47.-2147483648 13749 pose_extrapolator.cc:67] No odometry data for time: 639146960864125786 (earliest: 639146960864316821)
[cartographer_node-2] [WARN] [1779890627.036841416] [cartographer logger]: W20260527 23:03:47.-2147483648 13749 pose_extrapolator.cc:67] No odometry data for time: 639146960864125786 (earliest: 639146960864316821)
[cartographer_node-2] [WARN] [1779890627.036854032] [cartographer logger]: W20260527 23:03:47.-2147483648 13749 pose_extrapolator.cc:67] No odometry data for time: 639146960864125786 (earliest: 639146960864316821)
[cartographer_node-2] [WARN] [1779890627.036866787] [cartographer logger]: W20260527 23:03:47.-2147483648 13749 pose_extrapolator.cc:67] No odometry data for time: 639146960864125786 (earliest: 639146960864316821)
[cartographer_node-2] [WARN] [1779890627.036878772] [cartographer logger]: W20260527 23:03:47.-2147483648 13749 pose_extrapolator.cc:67] No odometry data for time: 639146960864125786 (earliest: 639146960864316821)
[cartographer_node-2] [WARN] [1779890627.036891378] [cartographer logger]: W20260527 23:03:47.-2147483648 13749 pose_extrapolator.cc:67] No odometry data for time: 639146960864125786 (earliest: 639146960864316821)
[cartographer_node-2] [WARN] [1779890627.036904167] [cartographer logger]: W20260527 23:03:47.-2147483648 13749 pose_extrapolator.cc:67] No odometry data for time: 639146960864125786 (earliest: 639146960864316821)
[cartographer_node-2] [WARN] [1779890627.036923611] [cartographer logger]: W20260527 23:03:47.-2147483648 13749 pose_extrapolator.cc:67] No odometry data for time: 639146960864125786 (earliest: 639146960864316821)
[cartographer_node-2] [WARN] [1779890627.036937285] [cartographer logger]: W20260527 23:03:47.-2147483648 13749 pose_extrapolator.cc:67] No odometry data for time: 639146960864125786 (earliest: 639146960864316821)
[cartographer_node-2] [WARN] [1779890627.036949540] [cartographer logger]: W20260527 23:03:47.-2147483648 13749 pose_extrapolator.cc:67] No odometry data for time: 639146960864125786 (earliest: 639146960864316821)
[cartographer_node-2] [WARN] [1779890627.036962326] [cartographer logger]: W20260527 23:03:47.-2147483648 13749 pose_extrapolator.cc:67] No odometry data for time: 639146960864125786 (earliest: 639146960864316821)
[cartographer_node-2] [WARN] [1779890627.036975218] [cartographer logger]: W20260527 23:03:47.-2147483648 13749 pose_extrapolator.cc:67] No odometry data for time: 639146960864125786 (earliest: 639146960864316821)
[cartographer_node-2] [WARN] [1779890627.036992153] [cartographer logger]: W20260527 23:03:47.-2147483648 13749 pose_extrapolator.cc:67] No odometry data for time: 639146960864125786 (earliest: 639146960864316821)
[cartographer_node-2] [WARN] [1779890627.037005080] [cartographer logger]: W20260527 23:03:47.-2147483648 13749 pose_extrapolator.cc:67] No odometry data for time: 639146960864125786 (earliest: 639146960864316821)
[cartographer_node-2] [WARN] [1779890627.037017169] [cartographer logger]: W20260527 23:03:47.-2147483648 13749 pose_extrapolator.cc:67] No odometry data for time: 639146960864125786 (earliest: 639146960864316821)
[cartographer_node-2] [WARN] [1779890627.037029798] [cartographer logger]: W20260527 23:03:47.-2147483648 13749 pose_extrapolator.cc:67] No odometry data for time: 639146960864125786 (earliest: 639146960864316821)
[cartographer_node-2] [WARN] [1779890627.037042521] [cartographer logger]: W20260527 23:03:47.-2147483648 13749 pose_extrapolator.cc:67] No odometry data for time: 639146960864125786 (earliest: 639146960864316821)
[cartographer_node-2] [WARN] [1779890627.037055303] [cartographer logger]: W20260527 23:03:47.-2147483648 13749 pose_extrapolator.cc:67] No odometry data for time: 639146960864125786 (earliest: 639146960864316821)
[cartographer_node-2] [WARN] [1779890627.037067312] [cartographer logger]: W20260527 23:03:47.-2147483648 13749 pose_extrapolator.cc:67] No odometry data for time: 639146960864125786 (earliest: 639146960864316821)
[cartographer_node-2] [WARN] [1779890627.037080069] [cartographer logger]: W20260527 23:03:47.-2147483648 13749 pose_extrapolator.cc:67] No odometry data for time: 639146960864125786 (earliest: 639146960864316821)
[cartographer_node-2] [WARN] [1779890627.037092741] [cartographer logger]: W20260527 23:03:47.-2147483648 13749 pose_extrapolator.cc:67] No odometry data for time: 639146960864125786 (earliest: 639146960864316821)
[cartographer_node-2] [WARN] [1779890627.037105545] [cartographer logger]: W20260527 23:03:47.-2147483648 13749 pose_extrapolator.cc:67] No odometry data for time: 639146960864125786 (earliest: 639146960864316821)
[cartographer_node-2] [WARN] [1779890627.037117574] [cartographer logger]: W20260527 23:03:47.-2147483648 13749 pose_extrapolator.cc:67] No odometry data for time: 639146960864125786 (earliest: 639146960864316821)
[cartographer_node-2] [WARN] [1779890627.037130162] [cartographer logger]: W20260527 23:03:47.-2147483648 13749 pose_extrapolator.cc:67] No odometry data for time: 639146960864125786 (earliest: 639146960864316821)
[cartographer_node-2] [WARN] [1779890627.037142896] [cartographer logger]: W20260527 23:03:47.-2147483648 13749 pose_extrapolator.cc:67] No odometry data for time: 639146960864125786 (earliest: 639146960864316821)
[cartographer_node-2] [WARN] [1779890627.037155627] [cartographer logger]: W20260527 23:03:47.-2147483648 13749 pose_extrapolator.cc:67] No odometry data for time: 639146960864125786 (earliest: 639146960864316821)
[cartographer_node-2] [WARN] [1779890627.037170343] [cartographer logger]: W20260527 23:03:47.-2147483648 13749 pose_extrapolator.cc:67] No odometry data for time: 639146960864125786 (earliest: 639146960864316821)
[cartographer_node-2] [WARN] [1779890627.037183233] [cartographer logger]: W20260527 23:03:47.-2147483648 13749 pose_extrapolator.cc:67] No odometry data for time: 639146960864125786 (earliest: 639146960864316821)
[cartographer_node-2] [WARN] [1779890627.037195900] [cartographer logger]: W20260527 23:03:47.-2147483648 13749 pose_extrapolator.cc:67] No odometry data for time: 639146960864125786 (earliest: 639146960864316821)
[cartographer_node-2] [WARN] [1779890627.037208622] [cartographer logger]: W20260527 23:03:47.-2147483648 13749 pose_extrapolator.cc:67] No odometry data for time: 639146960864125786 (earliest: 639146960864316821)
[cartographer_node-2] [WARN] [1779890627.037221268] [cartographer logger]: W20260527 23:03:47.-2147483648 13749 pose_extrapolator.cc:67] No odometry data for time: 639146960864125786 (earliest: 639146960864316821)
[cartographer_node-2] [WARN] [1779890627.037233347] [cartographer logger]: W20260527 23:03:47.-2147483648 13749 pose_extrapolator.cc:67] No odometry data for time: 639146960864125786 (earliest: 639146960864316821)
[cartographer_node-2] [WARN] [1779890627.037245891] [cartographer logger]: W20260527 23:03:47.-2147483648 13749 pose_extrapolator.cc:67] No odometry data for time: 639146960864125786 (earliest: 639146960864316821)
[cartographer_node-2] [WARN] [1779890627.037262756] [cartographer logger]: W20260527 23:03:47.-2147483648 13749 pose_extrapolator.cc:67] No odometry data for time: 639146960864125786 (earliest: 639146960864316821)
[cartographer_node-2] [WARN] [1779890627.037275445] [cartographer logger]: W20260527 23:03:47.-2147483648 13749 pose_extrapolator.cc:67] No odometry data for time: 639146960864125786 (earliest: 639146960864316821)
[cartographer_node-2] [WARN] [1779890627.037288629] [cartographer logger]: W20260527 23:03:47.-2147483648 13749 pose_extrapolator.cc:67] No odometry data for time: 639146960864125786 (earliest: 639146960864316821)
[cartographer_node-2] [WARN] [1779890627.037300725] [cartographer logger]: W20260527 23:03:47.-2147483648 13749 pose_extrapolator.cc:67] No odometry data for time: 639146960864125786 (earliest: 639146960864316821)
[cartographer_node-2] [WARN] [1779890627.037312709] [cartographer logger]: W20260527 23:03:47.-2147483648 13749 pose_extrapolator.cc:67] No odometry data for time: 639146960864125786 (earliest: 639146960864316821)
[cartographer_node-2] [WARN] [1779890627.037329515] [cartographer logger]: W20260527 23:03:47.-2147483648 13749 pose_extrapolator.cc:67] No odometry data for time: 639146960864125786 (earliest: 639146960864316821)
[cartographer_node-2] [WARN] [1779890627.037344576] [cartographer logger]: W20260527 23:03:47.-2147483648 13749 pose_extrapolator.cc:67] No odometry data for time: 639146960864125786 (earliest: 639146960864316821)
[cartographer_node-2] [WARN] [1779890627.037356666] [cartographer logger]: W20260527 23:03:47.-2147483648 13749 pose_extrapolator.cc:67] No odometry data for time: 639146960864125786 (earliest: 639146960864316821)
[cartographer_node-2] [WARN] [1779890627.037368475] [cartographer logger]: W20260527 23:03:47.-2147483648 13749 pose_extrapolator.cc:67] No odometry data for time: 639146960864125786 (earliest: 639146960864316821)
[cartographer_node-2] [WARN] [1779890627.037380374] [cartographer logger]: W20260527 23:03:47.-2147483648 13749 pose_extrapolator.cc:67] No odometry data for time: 639146960864125786 (earliest: 639146960864316821)
[cartographer_node-2] [WARN] [1779890627.037393157] [cartographer logger]: W20260527 23:03:47.-2147483648 13749 pose_extrapolator.cc:67] No odometry data for time: 639146960864125786 (earliest: 639146960864316821)
[cartographer_node-2] [WARN] [1779890627.037405260] [cartographer logger]: W20260527 23:03:47.-2147483648 13749 pose_extrapolator.cc:67] No odometry data for time: 639146960864125786 (earliest: 639146960864316821)
[cartographer_node-2] [WARN] [1779890627.037417870] [cartographer logger]: W20260527 23:03:47.-2147483648 13749 pose_extrapolator.cc:67] No odometry data for time: 639146960864125786 (earliest: 639146960864316821)
[cartographer_node-2] [WARN] [1779890627.037429951] [cartographer logger]: W20260527 23:03:47.-2147483648 13749 pose_extrapolator.cc:67] No odometry data for time: 639146960864125786 (earliest: 639146960864316821)
[cartographer_node-2] [WARN] [1779890627.037441814] [cartographer logger]: W20260527 23:03:47.-2147483648 13749 pose_extrapolator.cc:67] No odometry data for time: 639146960864125786 (earliest: 639146960864316821)
[cartographer_node-2] [WARN] [1779890627.037453522] [cartographer logger]: W20260527 23:03:47.-2147483648 13749 pose_extrapolator.cc:67] No odometry data for time: 639146960864125786 (earliest: 639146960864316821)
[cartographer_node-2] [WARN] [1779890627.037465435] [cartographer logger]: W20260527 23:03:47.-2147483648 13749 pose_extrapolator.cc:67] No odometry data for time: 639146960864125786 (earliest: 639146960864316821)
[cartographer_node-2] [WARN] [1779890627.037477189] [cartographer logger]: W20260527 23:03:47.-2147483648 13749 pose_extrapolator.cc:67] No odometry data for time: 639146960864125786 (earliest: 639146960864316821)
[cartographer_node-2] [WARN] [1779890627.037491603] [cartographer logger]: W20260527 23:03:47.-2147483648 13749 pose_extrapolator.cc:67] No odometry data for time: 639146960864125786 (earliest: 639146960864316821)
[cartographer_node-2] [WARN] [1779890627.037503414] [cartographer logger]: W20260527 23:03:47.-2147483648 13749 pose_extrapolator.cc:67] No odometry data for time: 639146960864125786 (earliest: 639146960864316821)
[cartographer_node-2] [WARN] [1779890627.037519487] [cartographer logger]: W20260527 23:03:47.-2147483648 13749 pose_extrapolator.cc:67] No odometry data for time: 639146960864125786 (earliest: 639146960864316821)
[cartographer_node-2] [WARN] [1779890627.037536952] [cartographer logger]: W20260527 23:03:47.-2147483648 13749 pose_extrapolator.cc:67] No odometry data for time: 639146960864125786 (earliest: 639146960864316821)
[cartographer_node-2] [WARN] [1779890627.037549145] [cartographer logger]: W20260527 23:03:47.-2147483648 13749 pose_extrapolator.cc:67] No odometry data for time: 639146960864125786 (earliest: 639146960864316821)
[cartographer_node-2] [WARN] [1779890627.037561780] [cartographer logger]: W20260527 23:03:47.-2147483648 13749 pose_extrapolator.cc:67] No odometry data for time: 639146960864125786 (earliest: 639146960864316821)
[cartographer_node-2] [WARN] [1779890627.037576934] [cartographer logger]: W20260527 23:03:47.-2147483648 13749 pose_extrapolator.cc:67] No odometry data for time: 639146960864125786 (earliest: 639146960864316821)
[cartographer_node-2] [WARN] [1779890627.037589992] [cartographer logger]: W20260527 23:03:47.-2147483648 13749 pose_extrapolator.cc:67] No odometry data for time: 639146960864125786 (earliest: 639146960864316821)
[cartographer_node-2] [WARN] [1779890627.037602017] [cartographer logger]: W20260527 23:03:47.-2147483648 13749 pose_extrapolator.cc:67] No odometry data for time: 639146960864125786 (earliest: 639146960864316821)
[cartographer_node-2] [WARN] [1779890627.037614695] [cartographer logger]: W20260527 23:03:47.-2147483648 13749 pose_extrapolator.cc:67] No odometry data for time: 639146960864125786 (earliest: 639146960864316821)
[cartographer_node-2] [WARN] [1779890627.037627387] [cartographer logger]: W20260527 23:03:47.-2147483648 13749 pose_extrapolator.cc:67] No odometry data for time: 639146960864125786 (earliest: 639146960864316821)
[cartographer_node-2] [WARN] [1779890627.037640108] [cartographer logger]: W20260527 23:03:47.-2147483648 13749 pose_extrapolator.cc:67] No odometry data for time: 639146960864125786 (earliest: 639146960864316821)
[cartographer_node-2] [WARN] [1779890627.037652167] [cartographer logger]: W20260527 23:03:47.-2147483648 13749 pose_extrapolator.cc:67] No odometry data for time: 639146960864125786 (earliest: 639146960864316821)
[cartographer_node-2] [WARN] [1779890627.037663920] [cartographer logger]: W20260527 23:03:47.-2147483648 13749 pose_extrapolator.cc:67] No odometry data for time: 639146960864125786 (earliest: 639146960864316821)
[cartographer_node-2] [WARN] [1779890627.037675852] [cartographer logger]: W20260527 23:03:47.-2147483648 13749 pose_extrapolator.cc:67] No odometry data for time: 639146960864125786 (earliest: 639146960864316821)
[cartographer_node-2] [WARN] [1779890627.037687555] [cartographer logger]: W20260527 23:03:47.-2147483648 13749 pose_extrapolator.cc:67] No odometry data for time: 639146960864125786 (earliest: 639146960864316821)
[cartographer_node-2] [WARN] [1779890627.037699361] [cartographer logger]: W20260527 23:03:47.-2147483648 13749 pose_extrapolator.cc:67] No odometry data for time: 639146960864125786 (earliest: 639146960864316821)
[cartographer_node-2] [WARN] [1779890627.037716187] [cartographer logger]: W20260527 23:03:47.-2147483648 13749 pose_extrapolator.cc:67] No odometry data for time: 639146960864125786 (earliest: 639146960864316821)
[cartographer_node-2] [WARN] [1779890627.037729183] [cartographer logger]: W20260527 23:03:47.-2147483648 13749 pose_extrapolator.cc:67] No odometry data for time: 639146960864125786 (earliest: 639146960864316821)
[cartographer_node-2] [WARN] [1779890627.037741182] [cartographer logger]: W20260527 23:03:47.-2147483648 13749 pose_extrapolator.cc:67] No odometry data for time: 639146960864125786 (earliest: 639146960864316821)
[cartographer_node-2] [WARN] [1779890627.037753813] [cartographer logger]: W20260527 23:03:47.-2147483648 13749 pose_extrapolator.cc:67] No odometry data for time: 639146960864125786 (earliest: 639146960864316821)
[cartographer_node-2] [WARN] [1779890627.037766590] [cartographer logger]: W20260527 23:03:47.-2147483648 13749 pose_extrapolator.cc:67] No odometry data for time: 639146960864125786 (earliest: 639146960864316821)
[cartographer_node-2] [WARN] [1779890627.037778486] [cartographer logger]: W20260527 23:03:47.-2147483648 13749 pose_extrapolator.cc:67] No odometry data for time: 639146960864125786 (earliest: 639146960864316821)
[cartographer_node-2] [WARN] [1779890627.037791097] [cartographer logger]: W20260527 23:03:47.-2147483648 13749 pose_extrapolator.cc:67] No odometry data for time: 639146960864125786 (earliest: 639146960864316821)
[cartographer_node-2] [WARN] [1779890627.037803007] [cartographer logger]: W20260527 23:03:47.-2147483648 13749 pose_extrapolator.cc:67] No odometry data for time: 639146960864125786 (earliest: 639146960864316821)
[cartographer_node-2] [WARN] [1779890627.037820914] [cartographer logger]: W20260527 23:03:47.-2147483648 13749 pose_extrapolator.cc:67] No odometry data for time: 639146960864125786 (earliest: 639146960864316821)
[cartographer_node-2] [WARN] [1779890627.037832998] [cartographer logger]: W20260527 23:03:47.-2147483648 13749 pose_extrapolator.cc:67] No odometry data for time: 639146960864125786 (earliest: 639146960864316821)
[cartographer_node-2] [WARN] [1779890627.037844949] [cartographer logger]: W20260527 23:03:47.-2147483648 13749 pose_extrapolator.cc:67] No odometry data for time: 639146960864125786 (earliest: 639146960864316821)
[cartographer_node-2] [WARN] [1779890627.037856913] [cartographer logger]: W20260527 23:03:47.-2147483648 13749 pose_extrapolator.cc:67] No odometry data for time: 639146960864125786 (earliest: 639146960864316821)
[cartographer_node-2] [WARN] [1779890627.037868928] [cartographer logger]: W20260527 23:03:47.-2147483648 13749 pose_extrapolator.cc:67] No odometry data for time: 639146960864125786 (earliest: 639146960864316821)
[cartographer_node-2] [WARN] [1779890627.037880632] [cartographer logger]: W20260527 23:03:47.-2147483648 13749 pose_extrapolator.cc:67] No odometry data for time: 639146960864125786 (earliest: 639146960864316821)
[cartographer_node-2] [WARN] [1779890627.037892454] [cartographer logger]: W20260527 23:03:47.-2147483648 13749 pose_extrapolator.cc:67] No odometry data for time: 639146960864125786 (earliest: 639146960864316821)
[cartographer_node-2] [WARN] [1779890627.037905135] [cartographer logger]: W20260527 23:03:47.-2147483648 13749 pose_extrapolator.cc:67] No odometry data for time: 639146960864125786 (earliest: 639146960864316821)
[cartographer_node-2] [WARN] [1779890627.037917051] [cartographer logger]: W20260527 23:03:47.-2147483648 13749 pose_extrapolator.cc:67] No odometry data for time: 639146960864125786 (earliest: 639146960864316821)
[cartographer_node-2] [WARN] [1779890627.037929562] [cartographer logger]: W20260527 23:03:47.-2147483648 13749 pose_extrapolator.cc:67] No odometry data for time: 639146960864125786 (earliest: 639146960864316821)
[cartographer_node-2] [WARN] [1779890627.037942261] [cartographer logger]: W20260527 23:03:47.-2147483648 13749 pose_extrapolator.cc:67] No odometry data for time: 639146960864125786 (earliest: 639146960864316821)
[cartographer_node-2] [WARN] [1779890627.037956912] [cartographer logger]: W20260527 23:03:47.-2147483648 13749 pose_extrapolator.cc:67] No odometry data for time: 639146960864125786 (earliest: 639146960864316821)
[cartographer_node-2] [WARN] [1779890627.037969608] [cartographer logger]: W20260527 23:03:47.-2147483648 13749 pose_extrapolator.cc:67] No odometry data for time: 639146960864125786 (earliest: 639146960864316821)
[cartographer_node-2] [WARN] [1779890627.037982272] [cartographer logger]: W20260527 23:03:47.-2147483648 13749 pose_extrapolator.cc:67] No odometry data for time: 639146960864125786 (earliest: 639146960864316821)
[cartographer_node-2] [WARN] [1779890627.037994852] [cartographer logger]: W20260527 23:03:47.-2147483648 13749 pose_extrapolator.cc:67] No odometry data for time: 639146960864125786 (earliest: 639146960864316821)
[cartographer_node-2] [WARN] [1779890627.038006799] [cartographer logger]: W20260527 23:03:47.-2147483648 13749 pose_extrapolator.cc:67] No odometry data for time: 639146960864125786 (earliest: 639146960864316821)
[cartographer_node-2] [WARN] [1779890627.038019293] [cartographer logger]: W20260527 23:03:47.-2147483648 13749 pose_extrapolator.cc:67] No odometry data for time: 639146960864125786 (earliest: 639146960864316821)
[cartographer_node-2] [WARN] [1779890627.038031889] [cartographer logger]: W20260527 23:03:47.-2147483648 13749 pose_extrapolator.cc:67] No odometry data for time: 639146960864125786 (earliest: 639146960864316821)
[cartographer_node-2] [WARN] [1779890627.038044587] [cartographer logger]: W20260527 23:03:47.-2147483648 13749 pose_extrapolator.cc:67] No odometry data for time: 639146960864125786 (earliest: 639146960864316821)
[cartographer_node-2] [WARN] [1779890627.038056563] [cartographer logger]: W20260527 23:03:47.-2147483648 13749 pose_extrapolator.cc:67] No odometry data for time: 639146960864125786 (earliest: 639146960864316821)
[cartographer_node-2] [WARN] [1779890627.038069245] [cartographer logger]: W20260527 23:03:47.-2147483648 13749 pose_extrapolator.cc:67] No odometry data for time: 639146960864125786 (earliest: 639146960864316821)
[cartographer_node-2] [WARN] [1779890627.038085758] [cartographer logger]: W20260527 23:03:47.-2147483648 13749 pose_extrapolator.cc:67] No odometry data for time: 639146960864125786 (earliest: 639146960864316821)
[cartographer_node-2] [WARN] [1779890627.038098629] [cartographer logger]: W20260527 23:03:47.-2147483648 13749 pose_extrapolator.cc:67] No odometry data for time: 639146960864125786 (earliest: 639146960864316821)
[cartographer_node-2] [WARN] [1779890627.038116148] [cartographer logger]: W20260527 23:03:47.-2147483648 13749 pose_extrapolator.cc:67] No odometry data for time: 639146960864125786 (earliest: 639146960864316821)
[cartographer_node-2] [WARN] [1779890627.038129869] [cartographer logger]: W20260527 23:03:47.-2147483648 13749 pose_extrapolator.cc:67] No odometry data for time: 639146960864125786 (earliest: 639146960864316821)
[cartographer_node-2] [WARN] [1779890627.038141876] [cartographer logger]: W20260527 23:03:47.-2147483648 13749 pose_extrapolator.cc:67] No odometry data for time: 639146960864125786 (earliest: 639146960864316821)
[cartographer_node-2] [WARN] [1779890627.038153737] [cartographer logger]: W20260527 23:03:47.-2147483648 13749 pose_extrapolator.cc:67] No odometry data for time: 639146960864125786 (earliest: 639146960864316821)
[cartographer_node-2] [WARN] [1779890627.038165651] [cartographer logger]: W20260527 23:03:47.-2147483648 13749 pose_extrapolator.cc:67] No odometry data for time: 639146960864125786 (earliest: 639146960864316821)
[cartographer_node-2] [WARN] [1779890627.038177303] [cartographer logger]: W20260527 23:03:47.-2147483648 13749 pose_extrapolator.cc:67] No odometry data for time: 639146960864125786 (earliest: 639146960864316821)
[cartographer_node-2] [WARN] [1779890627.038189210] [cartographer logger]: W20260527 23:03:47.-2147483648 13749 pose_extrapolator.cc:67] No odometry data for time: 639146960864125786 (earliest: 639146960864316821)
[cartographer_node-2] [WARN] [1779890627.038201048] [cartographer logger]: W20260527 23:03:47.-2147483648 13749 pose_extrapolator.cc:67] No odometry data for time: 639146960864125786 (earliest: 639146960864316821)
[cartographer_node-2] [WARN] [1779890627.038212831] [cartographer logger]: W20260527 23:03:47.-2147483648 13749 pose_extrapolator.cc:67] No odometry data for time: 639146960864125786 (earliest: 639146960864316821)
[cartographer_node-2] [WARN] [1779890627.038225001] [cartographer logger]: W20260527 23:03:47.-2147483648 13749 pose_extrapolator.cc:67] No odometry data for time: 639146960864125786 (earliest: 639146960864316821)
[cartographer_node-2] [WARN] [1779890627.038236758] [cartographer logger]: W20260527 23:03:47.-2147483648 13749 pose_extrapolator.cc:67] No odometry data for time: 639146960864125786 (earliest: 639146960864316821)
[cartographer_node-2] [WARN] [1779890627.038248583] [cartographer logger]: W20260527 23:03:47.-2147483648 13749 pose_extrapolator.cc:67] No odometry data for time: 639146960864125786 (earliest: 639146960864316821)
[cartographer_node-2] [WARN] [1779890627.038260401] [cartographer logger]: W20260527 23:03:47.-2147483648 13749 pose_extrapolator.cc:67] No odometry data for time: 639146960864125786 (earliest: 639146960864316821)
[cartographer_node-2] [WARN] [1779890627.038273147] [cartographer logger]: W20260527 23:03:47.-2147483648 13749 pose_extrapolator.cc:67] No odometry data for time: 639146960864125786 (earliest: 639146960864316821)
[cartographer_node-2] [WARN] [1779890627.038285117] [cartographer logger]: W20260527 23:03:47.-2147483648 13749 pose_extrapolator.cc:67] No odometry data for time: 639146960864125786 (earliest: 639146960864316821)
[cartographer_node-2] [WARN] [1779890627.038297602] [cartographer logger]: W20260527 23:03:47.-2147483648 13749 pose_extrapolator.cc:67] No odometry data for time: 639146960864125786 (earliest: 639146960864316821)
[cartographer_node-2] [WARN] [1779890627.038310241] [cartographer logger]: W20260527 23:03:47.-2147483648 13749 pose_extrapolator.cc:67] No odometry data for time: 639146960864125786 (earliest: 639146960864316821)
[cartographer_node-2] [WARN] [1779890627.038322921] [cartographer logger]: W20260527 23:03:47.-2147483648 13749 pose_extrapolator.cc:67] No odometry data for time: 639146960864125786 (earliest: 639146960864316821)
[cartographer_node-2] [WARN] [1779890627.038334800] [cartographer logger]: W20260527 23:03:47.-2147483648 13749 pose_extrapolator.cc:67] No odometry data for time: 639146960864125786 (earliest: 639146960864316821)
[cartographer_node-2] [WARN] [1779890627.038353597] [cartographer logger]: W20260527 23:03:47.-2147483648 13749 pose_extrapolator.cc:67] No odometry data for time: 639146960864125786 (earliest: 639146960864316821)
[cartographer_node-2] [WARN] [1779890627.038366668] [cartographer logger]: W20260527 23:03:47.-2147483648 13749 pose_extrapolator.cc:67] No odometry data for time: 639146960864125786 (earliest: 639146960864316821)
[cartographer_node-2] [WARN] [1779890627.038379423] [cartographer logger]: W20260527 23:03:47.-2147483648 13749 pose_extrapolator.cc:67] No odometry data for time: 639146960864125786 (earliest: 639146960864316821)
[cartographer_node-2] [WARN] [1779890627.038391437] [cartographer logger]: W20260527 23:03:47.-2147483648 13749 pose_extrapolator.cc:67] No odometry data for time: 639146960864125786 (earliest: 639146960864316821)
[cartographer_node-2] [WARN] [1779890627.038403373] [cartographer logger]: W20260527 23:03:47.-2147483648 13749 pose_extrapolator.cc:67] No odometry data for time: 639146960864125786 (earliest: 639146960864316821)
[cartographer_node-2] [WARN] [1779890627.038415214] [cartographer logger]: W20260527 23:03:47.-2147483648 13749 pose_extrapolator.cc:67] No odometry data for time: 639146960864125786 (earliest: 639146960864316821)
[cartographer_node-2] [WARN] [1779890627.038426968] [cartographer logger]: W20260527 23:03:47.-2147483648 13749 pose_extrapolator.cc:67] No odometry data for time: 639146960864125786 (earliest: 639146960864316821)
[cartographer_node-2] [WARN] [1779890627.038438899] [cartographer logger]: W20260527 23:03:47.-2147483648 13749 pose_extrapolator.cc:67] No odometry data for time: 639146960864125786 (earliest: 639146960864316821)
[cartographer_node-2] [WARN] [1779890627.038450705] [cartographer logger]: W20260527 23:03:47.-2147483648 13749 pose_extrapolator.cc:67] No odometry data for time: 639146960864125786 (earliest: 639146960864316821)
[cartographer_node-2] [WARN] [1779890627.038462590] [cartographer logger]: W20260527 23:03:47.-2147483648 13749 pose_extrapolator.cc:67] No odometry data for time: 639146960864125786 (earliest: 639146960864316821)
[cartographer_node-2] [WARN] [1779890627.038474611] [cartographer logger]: W20260527 23:03:47.-2147483648 13749 pose_extrapolator.cc:67] No odometry data for time: 639146960864125786 (earliest: 639146960864316821)
[cartographer_node-2] [WARN] [1779890627.038491602] [cartographer logger]: W20260527 23:03:47.-2147483648 13749 pose_extrapolator.cc:67] No odometry data for time: 639146960864125786 (earliest: 639146960864316821)
[cartographer_node-2] [WARN] [1779890627.038504621] [cartographer logger]: W20260527 23:03:47.-2147483648 13749 pose_extrapolator.cc:67] No odometry data for time: 639146960864125786 (earliest: 639146960864316821)
[cartographer_node-2] [WARN] [1779890627.038521743] [cartographer logger]: W20260527 23:03:47.-2147483648 13749 pose_extrapolator.cc:67] No odometry data for time: 639146960864125786 (earliest: 639146960864316821)
[cartographer_node-2] [WARN] [1779890627.038533983] [cartographer logger]: W20260527 23:03:47.-2147483648 13749 pose_extrapolator.cc:67] No odometry data for time: 639146960864125786 (earliest: 639146960864316821)
[cartographer_node-2] [WARN] [1779890627.038546801] [cartographer logger]: W20260527 23:03:47.-2147483648 13749 pose_extrapolator.cc:67] No odometry data for time: 639146960864125786 (earliest: 639146960864316821)
[cartographer_node-2] [WARN] [1779890627.038558713] [cartographer logger]: W20260527 23:03:47.-2147483648 13749 pose_extrapolator.cc:67] No odometry data for time: 639146960864125786 (earliest: 639146960864316821)
[cartographer_node-2] [WARN] [1779890627.038570654] [cartographer logger]: W20260527 23:03:47.-2147483648 13749 pose_extrapolator.cc:67] No odometry data for time: 639146960864125786 (earliest: 639146960864316821)
[cartographer_node-2] [WARN] [1779890627.038582439] [cartographer logger]: W20260527 23:03:47.-2147483648 13749 pose_extrapolator.cc:67] No odometry data for time: 639146960864125786 (earliest: 639146960864316821)
[cartographer_node-2] [WARN] [1779890627.038594376] [cartographer logger]: W20260527 23:03:47.-2147483648 13749 pose_extrapolator.cc:67] No odometry data for time: 639146960864125786 (earliest: 639146960864316821)
[cartographer_node-2] [WARN] [1779890627.038606270] [cartographer logger]: W20260527 23:03:47.-2147483648 13749 pose_extrapolator.cc:67] No odometry data for time: 639146960864125786 (earliest: 639146960864316821)
[cartographer_node-2] [WARN] [1779890627.038618134] [cartographer logger]: W20260527 23:03:47.-2147483648 13749 pose_extrapolator.cc:67] No odometry data for time: 639146960864125786 (earliest: 639146960864316821)
[cartographer_node-2] [WARN] [1779890627.038634269] [cartographer logger]: W20260527 23:03:47.-2147483648 13749 pose_extrapolator.cc:67] No odometry data for time: 639146960864125786 (earliest: 639146960864316821)
[cartographer_node-2] [WARN] [1779890627.038647092] [cartographer logger]: W20260527 23:03:47.-2147483648 13749 pose_extrapolator.cc:67] No odometry data for time: 639146960864125786 (earliest: 639146960864316821)
[cartographer_node-2] [WARN] [1779890627.038659931] [cartographer logger]: W20260527 23:03:47.-2147483648 13749 pose_extrapolator.cc:67] No odometry data for time: 639146960864125786 (earliest: 639146960864316821)
[cartographer_node-2] [WARN] [1779890627.038671981] [cartographer logger]: W20260527 23:03:47.-2147483648 13749 pose_extrapolator.cc:67] No odometry data for time: 639146960864125786 (earliest: 639146960864316821)
[cartographer_node-2] [WARN] [1779890627.038684789] [cartographer logger]: W20260527 23:03:47.-2147483648 13749 pose_extrapolator.cc:67] No odometry data for time: 639146960864125786 (earliest: 639146960864316821)
[cartographer_node-2] [WARN] [1779890627.038697500] [cartographer logger]: W20260527 23:03:47.-2147483648 13749 pose_extrapolator.cc:67] No odometry data for time: 639146960864125786 (earliest: 639146960864316821)
[cartographer_node-2] [WARN] [1779890627.038710235] [cartographer logger]: W20260527 23:03:47.-2147483648 13749 pose_extrapolator.cc:67] No odometry data for time: 639146960864125786 (earliest: 639146960864316821)
[cartographer_node-2] [WARN] [1779890627.038722813] [cartographer logger]: W20260527 23:03:47.-2147483648 13749 pose_extrapolator.cc:67] No odometry data for time: 639146960864125786 (earliest: 639146960864316821)
[cartographer_node-2] [WARN] [1779890627.038735538] [cartographer logger]: W20260527 23:03:47.-2147483648 13749 pose_extrapolator.cc:67] No odometry data for time: 639146960864125786 (earliest: 639146960864316821)
[cartographer_node-2] [WARN] [1779890627.038750906] [cartographer logger]: W20260527 23:03:47.-2147483648 13749 pose_extrapolator.cc:67] No odometry data for time: 639146960864125786 (earliest: 639146960864316821)
[cartographer_node-2] [WARN] [1779890627.038763849] [cartographer logger]: W20260527 23:03:47.-2147483648 13749 pose_extrapolator.cc:67] No odometry data for time: 639146960864125786 (earliest: 639146960864316821)
[cartographer_node-2] [WARN] [1779890627.038775775] [cartographer logger]: W20260527 23:03:47.-2147483648 13749 pose_extrapolator.cc:67] No odometry data for time: 639146960864125786 (earliest: 639146960864316821)
[cartographer_node-2] [WARN] [1779890627.038788357] [cartographer logger]: W20260527 23:03:47.-2147483648 13749 pose_extrapolator.cc:67] No odometry data for time: 639146960864125786 (earliest: 639146960864316821)
[cartographer_node-2] [WARN] [1779890627.038800965] [cartographer logger]: W20260527 23:03:47.-2147483648 13749 pose_extrapolator.cc:67] No odometry data for time: 639146960864125786 (earliest: 639146960864316821)
[cartographer_node-2] [WARN] [1779890627.038813467] [cartographer logger]: W20260527 23:03:47.-2147483648 13749 pose_extrapolator.cc:67] No odometry data for time: 639146960864125786 (earliest: 639146960864316821)
[cartographer_node-2] [WARN] [1779890627.038825399] [cartographer logger]: W20260527 23:03:47.-2147483648 13749 pose_extrapolator.cc:67] No odometry data for time: 639146960864125786 (earliest: 639146960864316821)
[cartographer_node-2] [WARN] [1779890627.038837886] [cartographer logger]: W20260527 23:03:47.-2147483648 13749 pose_extrapolator.cc:67] No odometry data for time: 639146960864125786 (earliest: 639146960864316821)
[cartographer_node-2] [WARN] [1779890627.038850462] [cartographer logger]: W20260527 23:03:47.-2147483648 13749 pose_extrapolator.cc:67] No odometry data for time: 639146960864125786 (earliest: 639146960864316821)
[cartographer_node-2] [WARN] [1779890627.038863103] [cartographer logger]: W20260527 23:03:47.-2147483648 13749 pose_extrapolator.cc:67] No odometry data for time: 639146960864125786 (earliest: 639146960864316821)
[cartographer_node-2] [WARN] [1779890627.038875165] [cartographer logger]: W20260527 23:03:47.-2147483648 13749 pose_extrapolator.cc:67] No odometry data for time: 639146960864125786 (earliest: 639146960864316821)
[cartographer_node-2] [WARN] [1779890627.038892815] [cartographer logger]: W20260527 23:03:47.-2147483648 13749 pose_extrapolator.cc:67] No odometry data for time: 639146960864125786 (earliest: 639146960864316821)
[cartographer_node-2] [WARN] [1779890627.038910098] [cartographer logger]: W20260527 23:03:47.-2147483648 13749 pose_extrapolator.cc:67] No odometry data for time: 639146960864125786 (earliest: 639146960864316821)
[cartographer_node-2] [WARN] [1779890627.038923065] [cartographer logger]: W20260527 23:03:47.-2147483648 13749 pose_extrapolator.cc:67] No odometry data for time: 639146960864125786 (earliest: 639146960864316821)
[cartographer_node-2] [WARN] [1779890627.038935886] [cartographer logger]: W20260527 23:03:47.-2147483648 13749 pose_extrapolator.cc:67] No odometry data for time: 639146960864125786 (earliest: 639146960864316821)
[cartographer_node-2] [WARN] [1779890627.038948648] [cartographer logger]: W20260527 23:03:47.-2147483648 13749 pose_extrapolator.cc:67] No odometry data for time: 639146960864125786 (earliest: 639146960864316821)
[cartographer_node-2] [WARN] [1779890627.038960665] [cartographer logger]: W20260527 23:03:47.-2147483648 13749 pose_extrapolator.cc:67] No odometry data for time: 639146960864125786 (earliest: 639146960864316821)
[cartographer_node-2] [WARN] [1779890627.038973149] [cartographer logger]: W20260527 23:03:47.-2147483648 13749 pose_extrapolator.cc:67] No odometry data for time: 639146960864125786 (earliest: 639146960864316821)
[cartographer_node-2] [WARN] [1779890627.038985776] [cartographer logger]: W20260527 23:03:47.-2147483648 13749 pose_extrapolator.cc:67] No odometry data for time: 639146960864125786 (earliest: 639146960864316821)
[cartographer_node-2] [WARN] [1779890627.038998357] [cartographer logger]: W20260527 23:03:47.-2147483648 13749 pose_extrapolator.cc:67] No odometry data for time: 639146960864125786 (earliest: 639146960864316821)
[cartographer_node-2] [WARN] [1779890627.039010345] [cartographer logger]: W20260527 23:03:47.-2147483648 13749 pose_extrapolator.cc:67] No odometry data for time: 639146960864125786 (earliest: 639146960864316821)
[cartographer_node-2] [WARN] [1779890627.039022973] [cartographer logger]: W20260527 23:03:47.-2147483648 13749 pose_extrapolator.cc:67] No odometry data for time: 639146960864125786 (earliest: 639146960864316821)
[cartographer_node-2] [WARN] [1779890627.039035567] [cartographer logger]: W20260527 23:03:47.-2147483648 13749 pose_extrapolator.cc:67] No odometry data for time: 639146960864125786 (earliest: 639146960864316821)
[cartographer_node-2] [WARN] [1779890627.039048358] [cartographer logger]: W20260527 23:03:47.-2147483648 13749 pose_extrapolator.cc:67] No odometry data for time: 639146960864125786 (earliest: 639146960864316821)
[cartographer_node-2] [WARN] [1779890627.039061116] [cartographer logger]: W20260527 23:03:47.-2147483648 13749 pose_extrapolator.cc:67] No odometry data for time: 639146960864125786 (earliest: 639146960864316821)
[cartographer_node-2] [WARN] [1779890627.039073071] [cartographer logger]: W20260527 23:03:47.-2147483648 13749 pose_extrapolator.cc:67] No odometry data for time: 639146960864125786 (earliest: 639146960864316821)
[cartographer_node-2] [WARN] [1779890627.039085935] [cartographer logger]: W20260527 23:03:47.-2147483648 13749 pose_extrapolator.cc:67] No odometry data for time: 639146960864125786 (earliest: 639146960864316821)
[cartographer_node-2] [WARN] [1779890627.039098434] [cartographer logger]: W20260527 23:03:47.-2147483648 13749 pose_extrapolator.cc:67] No odometry data for time: 639146960864125786 (earliest: 639146960864316821)
[cartographer_node-2] [WARN] [1779890627.039111016] [cartographer logger]: W20260527 23:03:47.-2147483648 13749 pose_extrapolator.cc:67] No odometry data for time: 639146960864125786 (earliest: 639146960864316821)
[cartographer_node-2] [WARN] [1779890627.039122953] [cartographer logger]: W20260527 23:03:47.-2147483648 13749 pose_extrapolator.cc:67] No odometry data for time: 639146960864125786 (earliest: 639146960864316821)
[cartographer_node-2] [WARN] [1779890627.039140629] [cartographer logger]: W20260527 23:03:47.-2147483648 13749 pose_extrapolator.cc:67] No odometry data for time: 639146960864125786 (earliest: 639146960864316821)
[cartographer_node-2] [WARN] [1779890627.039154930] [cartographer logger]: W20260527 23:03:47.-2147483648 13749 pose_extrapolator.cc:67] No odometry data for time: 639146960864125786 (earliest: 639146960864316821)
[cartographer_node-2] [WARN] [1779890627.039167702] [cartographer logger]: W20260527 23:03:47.-2147483648 13749 pose_extrapolator.cc:67] No odometry data for time: 639146960864125786 (earliest: 639146960864316821)
[cartographer_node-2] [WARN] [1779890627.039184917] [cartographer logger]: W20260527 23:03:47.-2147483648 13749 pose_extrapolator.cc:67] No odometry data for time: 639146960864125786 (earliest: 639146960864316821)
[cartographer_node-2] [WARN] [1779890627.039197828] [cartographer logger]: W20260527 23:03:47.-2147483648 13749 pose_extrapolator.cc:67] No odometry data for time: 639146960864125786 (earliest: 639146960864316821)
[cartographer_node-2] [WARN] [1779890627.039210553] [cartographer logger]: W20260527 23:03:47.-2147483648 13749 pose_extrapolator.cc:67] No odometry data for time: 639146960864125786 (earliest: 639146960864316821)
[cartographer_node-2] [WARN] [1779890627.039222284] [cartographer logger]: W20260527 23:03:47.-2147483648 13749 pose_extrapolator.cc:67] No odometry data for time: 639146960864125786 (earliest: 639146960864316821)
[cartographer_node-2] [WARN] [1779890627.039234837] [cartographer logger]: W20260527 23:03:47.-2147483648 13749 pose_extrapolator.cc:67] No odometry data for time: 639146960864125786 (earliest: 639146960864316821)
[cartographer_node-2] [WARN] [1779890627.039247386] [cartographer logger]: W20260527 23:03:47.-2147483648 13749 pose_extrapolator.cc:67] No odometry data for time: 639146960864125786 (earliest: 639146960864316821)
[cartographer_node-2] [WARN] [1779890627.039260146] [cartographer logger]: W20260527 23:03:47.-2147483648 13749 pose_extrapolator.cc:67] No odometry data for time: 639146960864125786 (earliest: 639146960864316821)
[cartographer_node-2] [WARN] [1779890627.039272152] [cartographer logger]: W20260527 23:03:47.-2147483648 13749 pose_extrapolator.cc:67] No odometry data for time: 639146960864125786 (earliest: 639146960864316821)
[cartographer_node-2] [WARN] [1779890627.039290017] [cartographer logger]: W20260527 23:03:47.-2147483648 13749 pose_extrapolator.cc:67] No odometry data for time: 639146960864125786 (earliest: 639146960864316821)
[cartographer_node-2] [WARN] [1779890627.039303623] [cartographer logger]: W20260527 23:03:47.-2147483648 13749 pose_extrapolator.cc:67] No odometry data for time: 639146960864125786 (earliest: 639146960864316821)
[cartographer_node-2] [WARN] [1779890627.039316377] [cartographer logger]: W20260527 23:03:47.-2147483648 13749 pose_extrapolator.cc:67] No odometry data for time: 639146960864125786 (earliest: 639146960864316821)
[cartographer_node-2] [WARN] [1779890627.039328989] [cartographer logger]: W20260527 23:03:47.-2147483648 13749 pose_extrapolator.cc:67] No odometry data for time: 639146960864125786 (earliest: 639146960864316821)
[cartographer_node-2] [WARN] [1779890627.039341621] [cartographer logger]: W20260527 23:03:47.-2147483648 13749 pose_extrapolator.cc:67] No odometry data for time: 639146960864125786 (earliest: 639146960864316821)
[cartographer_node-2] [WARN] [1779890627.039353703] [cartographer logger]: W20260527 23:03:47.-2147483648 13749 pose_extrapolator.cc:67] No odometry data for time: 639146960864125786 (earliest: 639146960864316821)
[cartographer_node-2] [WARN] [1779890627.039366309] [cartographer logger]: W20260527 23:03:47.-2147483648 13749 pose_extrapolator.cc:67] No odometry data for time: 639146960864125786 (earliest: 639146960864316821)
[cartographer_node-2] [WARN] [1779890627.039378838] [cartographer logger]: W20260527 23:03:47.-2147483648 13749 pose_extrapolator.cc:67] No odometry data for time: 639146960864125786 (earliest: 639146960864316821)
[cartographer_node-2] [WARN] [1779890627.039391696] [cartographer logger]: W20260527 23:03:47.-2147483648 13749 pose_extrapolator.cc:67] No odometry data for time: 639146960864125786 (earliest: 639146960864316821)
[cartographer_node-2] [WARN] [1779890627.039403752] [cartographer logger]: W20260527 23:03:47.-2147483648 13749 pose_extrapolator.cc:67] No odometry data for time: 639146960864125786 (earliest: 639146960864316821)
[cartographer_node-2] [WARN] [1779890627.039416346] [cartographer logger]: W20260527 23:03:47.-2147483648 13749 pose_extrapolator.cc:67] No odometry data for time: 639146960864125786 (earliest: 639146960864316821)
[cartographer_node-2] [WARN] [1779890627.039430272] [cartographer logger]: W20260527 23:03:47.-2147483648 13749 pose_extrapolator.cc:67] No odometry data for time: 639146960864125786 (earliest: 639146960864316821)
[cartographer_node-2] [WARN] [1779890627.039442986] [cartographer logger]: W20260527 23:03:47.-2147483648 13749 pose_extrapolator.cc:67] No odometry data for time: 639146960864125786 (earliest: 639146960864316821)
[cartographer_node-2] [WARN] [1779890627.039455717] [cartographer logger]: W20260527 23:03:47.-2147483648 13749 pose_extrapolator.cc:67] No odometry data for time: 639146960864125786 (earliest: 639146960864316821)
[cartographer_node-2] [WARN] [1779890627.039472483] [cartographer logger]: W20260527 23:03:47.-2147483648 13749 pose_extrapolator.cc:67] No odometry data for time: 639146960864125786 (earliest: 639146960864316821)
[cartographer_node-2] [WARN] [1779890627.039484567] [cartographer logger]: W20260527 23:03:47.-2147483648 13749 pose_extrapolator.cc:67] No odometry data for time: 639146960864125786 (earliest: 639146960864316821)
[cartographer_node-2] [WARN] [1779890627.039497182] [cartographer logger]: W20260527 23:03:47.-2147483648 13749 pose_extrapolator.cc:67] No odometry data for time: 639146960864125786 (earliest: 639146960864316821)
[cartographer_node-2] [WARN] [1779890627.039509903] [cartographer logger]: W20260527 23:03:47.-2147483648 13749 pose_extrapolator.cc:67] No odometry data for time: 639146960864125786 (earliest: 639146960864316821)
[cartographer_node-2] [WARN] [1779890627.039527740] [cartographer logger]: W20260527 23:03:47.-2147483648 13749 pose_extrapolator.cc:67] No odometry data for time: 639146960864125786 (earliest: 639146960864316821)
[cartographer_node-2] [WARN] [1779890627.039539854] [cartographer logger]: W20260527 23:03:47.-2147483648 13749 pose_extrapolator.cc:67] No odometry data for time: 639146960864125786 (earliest: 639146960864316821)
[cartographer_node-2] [WARN] [1779890627.039555434] [cartographer logger]: W20260527 23:03:47.-2147483648 13749 pose_extrapolator.cc:67] No odometry data for time: 639146960864125786 (earliest: 639146960864316821)
[cartographer_node-2] [WARN] [1779890627.039568384] [cartographer logger]: W20260527 23:03:47.-2147483648 13749 pose_extrapolator.cc:67] No odometry data for time: 639146960864125786 (earliest: 639146960864316821)
[cartographer_node-2] [WARN] [1779890627.039581119] [cartographer logger]: W20260527 23:03:47.-2147483648 13749 pose_extrapolator.cc:67] No odometry data for time: 639146960864125786 (earliest: 639146960864316821)
[cartographer_node-2] [WARN] [1779890627.039593802] [cartographer logger]: W20260527 23:03:47.-2147483648 13749 pose_extrapolator.cc:67] No odometry data for time: 639146960864125786 (earliest: 639146960864316821)
[cartographer_node-2] [WARN] [1779890627.039605719] [cartographer logger]: W20260527 23:03:47.-2147483648 13749 pose_extrapolator.cc:67] No odometry data for time: 639146960864125786 (earliest: 639146960864316821)
[cartographer_node-2] [WARN] [1779890627.039618145] [cartographer logger]: W20260527 23:03:47.-2147483648 13749 pose_extrapolator.cc:67] No odometry data for time: 639146960864125786 (earliest: 639146960864316821)
[cartographer_node-2] [WARN] [1779890627.039630697] [cartographer logger]: W20260527 23:03:47.-2147483648 13749 pose_extrapolator.cc:67] No odometry data for time: 639146960864125786 (earliest: 639146960864316821)
[cartographer_node-2] [WARN] [1779890627.039643287] [cartographer logger]: W20260527 23:03:47.-2147483648 13749 pose_extrapolator.cc:67] No odometry data for time: 639146960864125786 (earliest: 639146960864316821)
[cartographer_node-2] [WARN] [1779890627.039655291] [cartographer logger]: W20260527 23:03:47.-2147483648 13749 pose_extrapolator.cc:67] No odometry data for time: 639146960864125786 (earliest: 639146960864316821)
[cartographer_node-2] [WARN] [1779890627.039667924] [cartographer logger]: W20260527 23:03:47.-2147483648 13749 pose_extrapolator.cc:67] No odometry data for time: 639146960864125786 (earliest: 639146960864316821)
[cartographer_node-2] [WARN] [1779890627.039680479] [cartographer logger]: W20260527 23:03:47.-2147483648 13749 pose_extrapolator.cc:67] No odometry data for time: 639146960864125786 (earliest: 639146960864316821)
[cartographer_node-2] [WARN] [1779890627.039697825] [cartographer logger]: W20260527 23:03:47.-2147483648 13749 pose_extrapolator.cc:67] No odometry data for time: 639146960864125786 (earliest: 639146960864316821)
[cartographer_node-2] [WARN] [1779890627.039712698] [cartographer logger]: W20260527 23:03:47.-2147483648 13749 pose_extrapolator.cc:67] No odometry data for time: 639146960864125786 (earliest: 639146960864316821)
[cartographer_node-2] [WARN] [1779890627.039725545] [cartographer logger]: W20260527 23:03:47.-2147483648 13749 pose_extrapolator.cc:67] No odometry data for time: 639146960864125786 (earliest: 639146960864316821)
[cartographer_node-2] [WARN] [1779890627.039738306] [cartographer logger]: W20260527 23:03:47.-2147483648 13749 pose_extrapolator.cc:67] No odometry data for time: 639146960864125786 (earliest: 639146960864316821)
[cartographer_node-2] [WARN] [1779890627.039755234] [cartographer logger]: W20260527 23:03:47.-2147483648 13749 pose_extrapolator.cc:67] No odometry data for time: 639146960864125786 (earliest: 639146960864316821)
[cartographer_node-2] [WARN] [1779890627.039767200] [cartographer logger]: W20260527 23:03:47.-2147483648 13749 pose_extrapolator.cc:67] No odometry data for time: 639146960864125786 (earliest: 639146960864316821)
[cartographer_node-2] [WARN] [1779890627.039779721] [cartographer logger]: W20260527 23:03:47.-2147483648 13749 pose_extrapolator.cc:67] No odometry data for time: 639146960864125786 (earliest: 639146960864316821)
[cartographer_node-2] [WARN] [1779890627.039792245] [cartographer logger]: W20260527 23:03:47.-2147483648 13749 pose_extrapolator.cc:67] No odometry data for time: 639146960864125786 (earliest: 639146960864316821)
[cartographer_node-2] [WARN] [1779890627.039805074] [cartographer logger]: W20260527 23:03:47.-2147483648 13749 pose_extrapolator.cc:67] No odometry data for time: 639146960864125786 (earliest: 639146960864316821)
[cartographer_node-2] [WARN] [1779890627.039817139] [cartographer logger]: W20260527 23:03:47.-2147483648 13749 pose_extrapolator.cc:67] No odometry data for time: 639146960864125786 (earliest: 639146960864316821)
[cartographer_node-2] [WARN] [1779890627.039829903] [cartographer logger]: W20260527 23:03:47.-2147483648 13749 pose_extrapolator.cc:67] No odometry data for time: 639146960864125786 (earliest: 639146960864316821)
[cartographer_node-2] [WARN] [1779890627.039842644] [cartographer logger]: W20260527 23:03:47.-2147483648 13749 pose_extrapolator.cc:67] No odometry data for time: 639146960864125786 (earliest: 639146960864316821)
[cartographer_node-2] [WARN] [1779890627.039855301] [cartographer logger]: W20260527 23:03:47.-2147483648 13749 pose_extrapolator.cc:67] No odometry data for time: 639146960864125786 (earliest: 639146960864316821)
[cartographer_node-2] [WARN] [1779890627.039867267] [cartographer logger]: W20260527 23:03:47.-2147483648 13749 pose_extrapolator.cc:67] No odometry data for time: 639146960864125786 (earliest: 639146960864316821)
[cartographer_node-2] [WARN] [1779890627.039879823] [cartographer logger]: W20260527 23:03:47.-2147483648 13749 pose_extrapolator.cc:67] No odometry data for time: 639146960864125786 (earliest: 639146960864316821)
[cartographer_node-2] [WARN] [1779890627.039892612] [cartographer logger]: W20260527 23:03:47.-2147483648 13749 pose_extrapolator.cc:67] No odometry data for time: 639146960864125786 (earliest: 639146960864316821)
[cartographer_node-2] [WARN] [1779890627.039905395] [cartographer logger]: W20260527 23:03:47.-2147483648 13749 pose_extrapolator.cc:67] No odometry data for time: 639146960864125786 (earliest: 639146960864316821)
[cartographer_node-2] [WARN] [1779890627.039917492] [cartographer logger]: W20260527 23:03:47.-2147483648 13749 pose_extrapolator.cc:67] No odometry data for time: 639146960864125786 (earliest: 639146960864316821)
[cartographer_node-2] [WARN] [1779890627.039930089] [cartographer logger]: W20260527 23:03:47.-2147483648 13749 pose_extrapolator.cc:67] No odometry data for time: 639146960864125786 (earliest: 639146960864316821)
[cartographer_node-2] [WARN] [1779890627.039945420] [cartographer logger]: W20260527 23:03:47.-2147483648 13749 pose_extrapolator.cc:67] No odometry data for time: 639146960864125786 (earliest: 639146960864316821)
[cartographer_node-2] [WARN] [1779890627.039958355] [cartographer logger]: W20260527 23:03:47.-2147483648 13749 pose_extrapolator.cc:67] No odometry data for time: 639146960864125786 (earliest: 639146960864316821)
[cartographer_node-2] [WARN] [1779890627.039971038] [cartographer logger]: W20260527 23:03:47.-2147483648 13749 pose_extrapolator.cc:67] No odometry data for time: 639146960864125786 (earliest: 639146960864316821)
[cartographer_node-2] [WARN] [1779890627.039985057] [cartographer logger]: W20260527 23:03:47.-2147483648 13749 pose_extrapolator.cc:67] No odometry data for time: 639146960864125786 (earliest: 639146960864316821)
[cartographer_node-2] [WARN] [1779890627.039997137] [cartographer logger]: W20260527 23:03:47.-2147483648 13749 pose_extrapolator.cc:67] No odometry data for time: 639146960864125786 (earliest: 639146960864316821)
[cartographer_node-2] [WARN] [1779890627.040009780] [cartographer logger]: W20260527 23:03:47.-2147483648 13749 pose_extrapolator.cc:67] No odometry data for time: 639146960864125786 (earliest: 639146960864316821)
[cartographer_node-2] [WARN] [1779890627.040026532] [cartographer logger]: W20260527 23:03:47.-2147483648 13749 pose_extrapolator.cc:67] No odometry data for time: 639146960864125786 (earliest: 639146960864316821)
[cartographer_node-2] [WARN] [1779890627.040039346] [cartographer logger]: W20260527 23:03:47.-2147483648 13749 pose_extrapolator.cc:67] No odometry data for time: 639146960864125786 (earliest: 639146960864316821)
[cartographer_node-2] [WARN] [1779890627.040052107] [cartographer logger]: W20260527 23:03:47.-2147483648 13749 pose_extrapolator.cc:67] No odometry data for time: 639146960864125786 (earliest: 639146960864316821)
[cartographer_node-2] [WARN] [1779890627.040064096] [cartographer logger]: W20260527 23:03:47.-2147483648 13749 pose_extrapolator.cc:67] No odometry data for time: 639146960864125786 (earliest: 639146960864316821)
[cartographer_node-2] [WARN] [1779890627.040076723] [cartographer logger]: W20260527 23:03:47.-2147483648 13749 pose_extrapolator.cc:67] No odometry data for time: 639146960864125786 (earliest: 639146960864316821)
[cartographer_node-2] [WARN] [1779890627.040089326] [cartographer logger]: W20260527 23:03:47.-2147483648 13749 pose_extrapolator.cc:67] No odometry data for time: 639146960864125786 (earliest: 639146960864316821)
[cartographer_node-2] [WARN] [1779890627.040106791] [cartographer logger]: W20260527 23:03:47.-2147483648 13749 pose_extrapolator.cc:67] No odometry data for time: 639146960864125786 (earliest: 639146960864316821)
[cartographer_node-2] [WARN] [1779890627.040120525] [cartographer logger]: W20260527 23:03:47.-2147483648 13749 pose_extrapolator.cc:67] No odometry data for time: 639146960864125786 (earliest: 639146960864316821)
[cartographer_node-2] [WARN] [1779890627.040135233] [cartographer logger]: W20260527 23:03:47.-2147483648 13749 pose_extrapolator.cc:67] No odometry data for time: 639146960864125786 (earliest: 639146960864316821)
[cartographer_node-2] [WARN] [1779890627.040149842] [cartographer logger]: W20260527 23:03:47.-2147483648 13749 pose_extrapolator.cc:67] No odometry data for time: 639146960864125786 (earliest: 639146960864316821)
[cartographer_node-2] [WARN] [1779890627.040163600] [cartographer logger]: W20260527 23:03:47.-2147483648 13749 pose_extrapolator.cc:67] No odometry data for time: 639146960864125786 (earliest: 639146960864316821)
[cartographer_node-2] [WARN] [1779890627.040176491] [cartographer logger]: W20260527 23:03:47.-2147483648 13749 pose_extrapolator.cc:67] No odometry data for time: 639146960864125786 (earliest: 639146960864316821)
[cartographer_node-2] [WARN] [1779890627.040189273] [cartographer logger]: W20260527 23:03:47.-2147483648 13749 pose_extrapolator.cc:67] No odometry data for time: 639146960864125786 (earliest: 639146960864316821)
[cartographer_node-2] [WARN] [1779890627.040202037] [cartographer logger]: W20260527 23:03:47.-2147483648 13749 pose_extrapolator.cc:67] No odometry data for time: 639146960864125786 (earliest: 639146960864316821)
[cartographer_node-2] [WARN] [1779890627.040214694] [cartographer logger]: W20260527 23:03:47.-2147483648 13749 pose_extrapolator.cc:67] No odometry data for time: 639146960864125786 (earliest: 639146960864316821)
[cartographer_node-2] [WARN] [1779890627.040226757] [cartographer logger]: W20260527 23:03:47.-2147483648 13749 pose_extrapolator.cc:67] No odometry data for time: 639146960864125786 (earliest: 639146960864316821)
[cartographer_node-2] [WARN] [1779890627.040239182] [cartographer logger]: W20260527 23:03:47.-2147483648 13749 pose_extrapolator.cc:67] No odometry data for time: 639146960864125786 (earliest: 639146960864316821)
[cartographer_node-2] [WARN] [1779890627.040251817] [cartographer logger]: W20260527 23:03:47.-2147483648 13749 pose_extrapolator.cc:67] No odometry data for time: 639146960864125786 (earliest: 639146960864316821)
[cartographer_node-2] [WARN] [1779890627.040266022] [cartographer logger]: W20260527 23:03:47.-2147483648 13749 pose_extrapolator.cc:67] No odometry data for time: 639146960864125786 (earliest: 639146960864316821)
[cartographer_node-2] [WARN] [1779890627.040278045] [cartographer logger]: W20260527 23:03:47.-2147483648 13749 pose_extrapolator.cc:67] No odometry data for time: 639146960864125786 (earliest: 639146960864316821)
[cartographer_node-2] [WARN] [1779890627.040290693] [cartographer logger]: W20260527 23:03:47.-2147483648 13749 pose_extrapolator.cc:67] No odometry data for time: 639146960864125786 (earliest: 639146960864316821)
[cartographer_node-2] [WARN] [1779890627.040303330] [cartographer logger]: W20260527 23:03:47.-2147483648 13749 pose_extrapolator.cc:67] No odometry data for time: 639146960864125786 (earliest: 639146960864316821)
[cartographer_node-2] [WARN] [1779890627.040322346] [cartographer logger]: W20260527 23:03:47.-2147483648 13749 pose_extrapolator.cc:67] No odometry data for time: 639146960864125786 (earliest: 639146960864316821)
[cartographer_node-2] [WARN] [1779890627.040335207] [cartographer logger]: W20260527 23:03:47.-2147483648 13749 pose_extrapolator.cc:67] No odometry data for time: 639146960864125786 (earliest: 639146960864316821)
[cartographer_node-2] [WARN] [1779890627.040347822] [cartographer logger]: W20260527 23:03:47.-2147483648 13749 pose_extrapolator.cc:67] No odometry data for time: 639146960864125786 (earliest: 639146960864316821)
[cartographer_node-2] [WARN] [1779890627.040363247] [cartographer logger]: W20260527 23:03:47.-2147483648 13749 pose_extrapolator.cc:67] No odometry data for time: 639146960864125786 (earliest: 639146960864316821)
[cartographer_node-2] [WARN] [1779890627.040375397] [cartographer logger]: W20260527 23:03:47.-2147483648 13749 pose_extrapolator.cc:67] No odometry data for time: 639146960864125786 (earliest: 639146960864316821)
[cartographer_node-2] [WARN] [1779890627.040388062] [cartographer logger]: W20260527 23:03:47.-2147483648 13749 pose_extrapolator.cc:67] No odometry data for time: 639146960864125786 (earliest: 639146960864316821)
[cartographer_node-2] [WARN] [1779890627.040400765] [cartographer logger]: W20260527 23:03:47.-2147483648 13749 pose_extrapolator.cc:67] No odometry data for time: 639146960864125786 (earliest: 639146960864316821)
[cartographer_node-2] [WARN] [1779890627.040413774] [cartographer logger]: W20260527 23:03:47.-2147483648 13749 pose_extrapolator.cc:67] No odometry data for time: 639146960864125786 (earliest: 639146960864316821)
[cartographer_node-2] [WARN] [1779890627.040426434] [cartographer logger]: W20260527 23:03:47.-2147483648 13749 pose_extrapolator.cc:67] No odometry data for time: 639146960864125786 (earliest: 639146960864316821)
[cartographer_node-2] [WARN] [1779890627.040439101] [cartographer logger]: W20260527 23:03:47.-2147483648 13749 pose_extrapolator.cc:67] No odometry data for time: 639146960864125786 (earliest: 639146960864316821)
[cartographer_node-2] [WARN] [1779890627.040451832] [cartographer logger]: W20260527 23:03:47.-2147483648 13749 pose_extrapolator.cc:67] No odometry data for time: 639146960864125786 (earliest: 639146960864316821)
[cartographer_node-2] [WARN] [1779890627.040464653] [cartographer logger]: W20260527 23:03:47.-2147483648 13749 pose_extrapolator.cc:67] No odometry data for time: 639146960864125786 (earliest: 639146960864316821)
[cartographer_node-2] [WARN] [1779890627.040477411] [cartographer logger]: W20260527 23:03:47.-2147483648 13749 pose_extrapolator.cc:67] No odometry data for time: 639146960864125786 (earliest: 639146960864316821)
[cartographer_node-2] [WARN] [1779890627.040489541] [cartographer logger]: W20260527 23:03:47.-2147483648 13749 pose_extrapolator.cc:67] No odometry data for time: 639146960864125786 (earliest: 639146960864316821)
[cartographer_node-2] [WARN] [1779890627.040507116] [cartographer logger]: W20260527 23:03:47.-2147483648 13749 pose_extrapolator.cc:67] No odometry data for time: 639146960864125786 (earliest: 639146960864316821)
[cartographer_node-2] [WARN] [1779890627.040526287] [cartographer logger]: W20260527 23:03:47.-2147483648 13749 pose_extrapolator.cc:67] No odometry data for time: 639146960864125786 (earliest: 639146960864316821)
[cartographer_node-2] [WARN] [1779890627.040539359] [cartographer logger]: W20260527 23:03:47.-2147483648 13749 pose_extrapolator.cc:67] No odometry data for time: 639146960864125786 (earliest: 639146960864316821)
[cartographer_node-2] [WARN] [1779890627.040554708] [cartographer logger]: W20260527 23:03:47.-2147483648 13749 pose_extrapolator.cc:67] No odometry data for time: 639146960864125786 (earliest: 639146960864316821)
[cartographer_node-2] [WARN] [1779890627.040566457] [cartographer logger]: W20260527 23:03:47.-2147483648 13749 pose_extrapolator.cc:67] No odometry data for time: 639146960864125786 (earliest: 639146960864316821)
[cartographer_node-2] [WARN] [1779890627.040578345] [cartographer logger]: W20260527 23:03:47.-2147483648 13749 pose_extrapolator.cc:67] No odometry data for time: 639146960864125786 (earliest: 639146960864316821)
[cartographer_node-2] [WARN] [1779890627.040590342] [cartographer logger]: W20260527 23:03:47.-2147483648 13749 pose_extrapolator.cc:67] No odometry data for time: 639146960864125786 (earliest: 639146960864316821)
[cartographer_node-2] [WARN] [1779890627.040608871] [cartographer logger]: W20260527 23:03:47.-2147483648 13749 pose_extrapolator.cc:67] No odometry data for time: 639146960864125786 (earliest: 639146960864316821)
[cartographer_node-2] [WARN] [1779890627.040621517] [cartographer logger]: W20260527 23:03:47.-2147483648 13749 pose_extrapolator.cc:67] No odometry data for time: 639146960864125786 (earliest: 639146960864316821)
[cartographer_node-2] [WARN] [1779890627.040634289] [cartographer logger]: W20260527 23:03:47.-2147483648 13749 pose_extrapolator.cc:67] No odometry data for time: 639146960864125786 (earliest: 639146960864316821)
[cartographer_node-2] [WARN] [1779890627.040646199] [cartographer logger]: W20260527 23:03:47.-2147483648 13749 pose_extrapolator.cc:67] No odometry data for time: 639146960864125786 (earliest: 639146960864316821)
[cartographer_node-2] [WARN] [1779890627.040658045] [cartographer logger]: W20260527 23:03:47.-2147483648 13749 pose_extrapolator.cc:67] No odometry data for time: 639146960864125786 (earliest: 639146960864316821)
[cartographer_node-2] [WARN] [1779890627.040669847] [cartographer logger]: W20260527 23:03:47.-2147483648 13749 pose_extrapolator.cc:67] No odometry data for time: 639146960864125786 (earliest: 639146960864316821)
[cartographer_node-2] [WARN] [1779890627.040681531] [cartographer logger]: W20260527 23:03:47.-2147483648 13749 pose_extrapolator.cc:67] No odometry data for time: 639146960864125786 (earliest: 639146960864316821)
[cartographer_node-2] [WARN] [1779890627.040693437] [cartographer logger]: W20260527 23:03:47.-2147483648 13749 pose_extrapolator.cc:67] No odometry data for time: 639146960864125786 (earliest: 639146960864316821)
[cartographer_node-2] [WARN] [1779890627.040705203] [cartographer logger]: W20260527 23:03:47.-2147483648 13749 pose_extrapolator.cc:67] No odometry data for time: 639146960864125786 (earliest: 639146960864316821)
[cartographer_node-2] [WARN] [1779890627.040717818] [cartographer logger]: W20260527 23:03:47.-2147483648 13749 pose_extrapolator.cc:67] No odometry data for time: 639146960864125786 (earliest: 639146960864316821)
[cartographer_node-2] [WARN] [1779890627.040729780] [cartographer logger]: W20260527 23:03:47.-2147483648 13749 pose_extrapolator.cc:67] No odometry data for time: 639146960864125786 (earliest: 639146960864316821)
[cartographer_node-2] [WARN] [1779890627.040742350] [cartographer logger]: W20260527 23:03:47.-2147483648 13749 pose_extrapolator.cc:67] No odometry data for time: 639146960864125786 (earliest: 639146960864316821)
[cartographer_node-2] [WARN] [1779890627.040758430] [cartographer logger]: W20260527 23:03:47.-2147483648 13749 pose_extrapolator.cc:67] No odometry data for time: 639146960864125786 (earliest: 639146960864316821)
[cartographer_node-2] [WARN] [1779890627.040770428] [cartographer logger]: W20260527 23:03:47.-2147483648 13749 pose_extrapolator.cc:67] No odometry data for time: 639146960864125786 (earliest: 639146960864316821)
[cartographer_node-2] [WARN] [1779890627.040783016] [cartographer logger]: W20260527 23:03:47.-2147483648 13749 pose_extrapolator.cc:67] No odometry data for time: 639146960864125786 (earliest: 639146960864316821)
[cartographer_node-2] [WARN] [1779890627.040795754] [cartographer logger]: W20260527 23:03:47.-2147483648 13749 pose_extrapolator.cc:67] No odometry data for time: 639146960864125786 (earliest: 639146960864316821)
[cartographer_node-2] [WARN] [1779890627.040808491] [cartographer logger]: W20260527 23:03:47.-2147483648 13749 pose_extrapolator.cc:67] No odometry data for time: 639146960864125786 (earliest: 639146960864316821)
[cartographer_node-2] [WARN] [1779890627.040820487] [cartographer logger]: W20260527 23:03:47.-2147483648 13749 pose_extrapolator.cc:67] No odometry data for time: 639146960864125786 (earliest: 639146960864316821)
[cartographer_node-2] [WARN] [1779890627.040835699] [cartographer logger]: W20260527 23:03:47.-2147483648 13749 pose_extrapolator.cc:67] No odometry data for time: 639146960864125786 (earliest: 639146960864316821)
[cartographer_node-2] [WARN] [1779890627.040848502] [cartographer logger]: W20260527 23:03:47.-2147483648 13749 pose_extrapolator.cc:67] No odometry data for time: 639146960864125786 (earliest: 639146960864316821)
[cartographer_node-2] [WARN] [1779890627.040861206] [cartographer logger]: W20260527 23:03:47.-2147483648 13749 pose_extrapolator.cc:67] No odometry data for time: 639146960864125786 (earliest: 639146960864316821)
[cartographer_node-2] [WARN] [1779890627.040878082] [cartographer logger]: W20260527 23:03:47.-2147483648 13749 pose_extrapolator.cc:67] No odometry data for time: 639146960864125786 (earliest: 639146960864316821)
[cartographer_node-2] [WARN] [1779890627.040890874] [cartographer logger]: W20260527 23:03:47.-2147483648 13749 pose_extrapolator.cc:67] No odometry data for time: 639146960864125786 (earliest: 639146960864316821)
[cartographer_node-2] [WARN] [1779890627.040903057] [cartographer logger]: W20260527 23:03:47.-2147483648 13749 pose_extrapolator.cc:67] No odometry data for time: 639146960864125786 (earliest: 639146960864316821)
[cartographer_node-2] [WARN] [1779890627.040920488] [cartographer logger]: W20260527 23:03:47.-2147483648 13749 pose_extrapolator.cc:67] No odometry data for time: 639146960864125786 (earliest: 639146960864316821)
[cartographer_node-2] [WARN] [1779890627.040934173] [cartographer logger]: W20260527 23:03:47.-2147483648 13749 pose_extrapolator.cc:67] No odometry data for time: 639146960864125786 (earliest: 639146960864316821)
[cartographer_node-2] [WARN] [1779890627.040947112] [cartographer logger]: W20260527 23:03:47.-2147483648 13749 pose_extrapolator.cc:67] No odometry data for time: 639146960864125786 (earliest: 639146960864316821)
[cartographer_node-2] [WARN] [1779890627.040959025] [cartographer logger]: W20260527 23:03:47.-2147483648 13749 pose_extrapolator.cc:67] No odometry data for time: 639146960864125786 (earliest: 639146960864316821)
[cartographer_node-2] [WARN] [1779890627.040971716] [cartographer logger]: W20260527 23:03:47.-2147483648 13749 pose_extrapolator.cc:67] No odometry data for time: 639146960864125786 (earliest: 639146960864316821)
[cartographer_node-2] [WARN] [1779890627.040983952] [cartographer logger]: W20260527 23:03:47.-2147483648 13749 pose_extrapolator.cc:67] No odometry data for time: 639146960864125786 (earliest: 639146960864316821)
[cartographer_node-2] [WARN] [1779890627.040995820] [cartographer logger]: W20260527 23:03:47.-2147483648 13749 pose_extrapolator.cc:67] No odometry data for time: 639146960864125786 (earliest: 639146960864316821)
[cartographer_node-2] [WARN] [1779890627.041007743] [cartographer logger]: W20260527 23:03:47.-2147483648 13749 pose_extrapolator.cc:67] No odometry data for time: 639146960864125786 (earliest: 639146960864316821)
[cartographer_node-2] [WARN] [1779890627.041020863] [cartographer logger]: W20260527 23:03:47.-2147483648 13749 pose_extrapolator.cc:67] No odometry data for time: 639146960864125786 (earliest: 639146960864316821)
[cartographer_node-2] [WARN] [1779890627.041032726] [cartographer logger]: W20260527 23:03:47.-2147483648 13749 pose_extrapolator.cc:67] No odometry data for time: 639146960864125786 (earliest: 639146960864316821)
[cartographer_node-2] [WARN] [1779890627.041044414] [cartographer logger]: W20260527 23:03:47.-2147483648 13749 pose_extrapolator.cc:67] No odometry data for time: 639146960864125786 (earliest: 639146960864316821)
[cartographer_node-2] [WARN] [1779890627.041057023] [cartographer logger]: W20260527 23:03:47.-2147483648 13749 pose_extrapolator.cc:67] No odometry data for time: 639146960864125786 (earliest: 639146960864316821)
[cartographer_node-2] [WARN] [1779890627.041069268] [cartographer logger]: W20260527 23:03:47.-2147483648 13749 pose_extrapolator.cc:67] No odometry data for time: 639146960864125786 (earliest: 639146960864316821)
[cartographer_node-2] [WARN] [1779890627.041081911] [cartographer logger]: W20260527 23:03:47.-2147483648 13749 pose_extrapolator.cc:67] No odometry data for time: 639146960864125786 (earliest: 639146960864316821)
[cartographer_node-2] [WARN] [1779890627.041094024] [cartographer logger]: W20260527 23:03:47.-2147483648 13749 pose_extrapolator.cc:67] No odometry data for time: 639146960864125786 (earliest: 639146960864316821)
[cartographer_node-2] [WARN] [1779890627.041105927] [cartographer logger]: W20260527 23:03:47.-2147483648 13749 pose_extrapolator.cc:67] No odometry data for time: 639146960864125786 (earliest: 639146960864316821)
[cartographer_node-2] [WARN] [1779890627.041117723] [cartographer logger]: W20260527 23:03:47.-2147483648 13749 pose_extrapolator.cc:67] No odometry data for time: 639146960864125786 (earliest: 639146960864316821)
[cartographer_node-2] [WARN] [1779890627.041129737] [cartographer logger]: W20260527 23:03:47.-2147483648 13749 pose_extrapolator.cc:67] No odometry data for time: 639146960864125786 (earliest: 639146960864316821)
[cartographer_node-2] [WARN] [1779890627.041141729] [cartographer logger]: W20260527 23:03:47.-2147483648 13749 pose_extrapolator.cc:67] No odometry data for time: 639146960864125786 (earliest: 639146960864316821)
[cartographer_node-2] [WARN] [1779890627.041160132] [cartographer logger]: W20260527 23:03:47.-2147483648 13749 pose_extrapolator.cc:67] No odometry data for time: 639146960864125786 (earliest: 639146960864316821)
[cartographer_node-2] [WARN] [1779890627.041173311] [cartographer logger]: W20260527 23:03:47.-2147483648 13749 pose_extrapolator.cc:67] No odometry data for time: 639146960864125786 (earliest: 639146960864316821)
[cartographer_node-2] [WARN] [1779890627.041186076] [cartographer logger]: W20260527 23:03:47.-2147483648 13749 pose_extrapolator.cc:67] No odometry data for time: 639146960864125786 (earliest: 639146960864316821)
[cartographer_node-2] [WARN] [1779890627.041198788] [cartographer logger]: W20260527 23:03:47.-2147483648 13749 pose_extrapolator.cc:67] No odometry data for time: 639146960864125786 (earliest: 639146960864316821)
[cartographer_node-2] [WARN] [1779890627.041210751] [cartographer logger]: W20260527 23:03:47.-2147483648 13749 pose_extrapolator.cc:67] No odometry data for time: 639146960864125786 (earliest: 639146960864316821)
[cartographer_node-2] [WARN] [1779890627.041223398] [cartographer logger]: W20260527 23:03:47.-2147483648 13749 pose_extrapolator.cc:67] No odometry data for time: 639146960864125786 (earliest: 639146960864316821)
[cartographer_node-2] [WARN] [1779890627.041236108] [cartographer logger]: W20260527 23:03:47.-2147483648 13749 pose_extrapolator.cc:67] No odometry data for time: 639146960864125786 (earliest: 639146960864316821)
[cartographer_node-2] [WARN] [1779890627.041248271] [cartographer logger]: W20260527 23:03:47.-2147483648 13749 pose_extrapolator.cc:67] No odometry data for time: 639146960864125786 (earliest: 639146960864316821)
[cartographer_node-2] [WARN] [1779890627.041260993] [cartographer logger]: W20260527 23:03:47.-2147483648 13749 pose_extrapolator.cc:67] No odometry data for time: 639146960864125786 (earliest: 639146960864316821)
[cartographer_node-2] [WARN] [1779890627.041273724] [cartographer logger]: W20260527 23:03:47.-2147483648 13749 pose_extrapolator.cc:67] No odometry data for time: 639146960864125786 (earliest: 639146960864316821)
[cartographer_node-2] [WARN] [1779890627.041285680] [cartographer logger]: W20260527 23:03:47.-2147483648 13749 pose_extrapolator.cc:67] No odometry data for time: 639146960864125786 (earliest: 639146960864316821)
[cartographer_node-2] [WARN] [1779890627.041302922] [cartographer logger]: W20260527 23:03:47.-2147483648 13749 pose_extrapolator.cc:67] No odometry data for time: 639146960864125786 (earliest: 639146960864316821)
[cartographer_node-2] [WARN] [1779890627.041316039] [cartographer logger]: W20260527 23:03:47.-2147483648 13749 pose_extrapolator.cc:67] No odometry data for time: 639146960864125786 (earliest: 639146960864316821)
[cartographer_node-2] [WARN] [1779890627.041328034] [cartographer logger]: W20260527 23:03:47.-2147483648 13749 pose_extrapolator.cc:67] No odometry data for time: 639146960864125786 (earliest: 639146960864316821)
[cartographer_node-2] [WARN] [1779890627.041339918] [cartographer logger]: W20260527 23:03:47.-2147483648 13749 pose_extrapolator.cc:67] No odometry data for time: 639146960864125786 (earliest: 639146960864316821)
[cartographer_node-2] [WARN] [1779890627.041352747] [cartographer logger]: W20260527 23:03:47.-2147483648 13749 pose_extrapolator.cc:67] No odometry data for time: 639146960864125786 (earliest: 639146960864316821)
[cartographer_node-2] [WARN] [1779890627.041364807] [cartographer logger]: W20260527 23:03:47.-2147483648 13749 pose_extrapolator.cc:67] No odometry data for time: 639146960864125786 (earliest: 639146960864316821)
[cartographer_node-2] [WARN] [1779890627.041376755] [cartographer logger]: W20260527 23:03:47.-2147483648 13749 pose_extrapolator.cc:67] No odometry data for time: 639146960864125786 (earliest: 639146960864316821)
[cartographer_node-2] [WARN] [1779890627.041388690] [cartographer logger]: W20260527 23:03:47.-2147483648 13749 pose_extrapolator.cc:67] No odometry data for time: 639146960864125786 (earliest: 639146960864316821)
[cartographer_node-2] [WARN] [1779890627.041400612] [cartographer logger]: W20260527 23:03:47.-2147483648 13749 pose_extrapolator.cc:67] No odometry data for time: 639146960864125786 (earliest: 639146960864316821)
[cartographer_node-2] [WARN] [1779890627.041412380] [cartographer logger]: W20260527 23:03:47.-2147483648 13749 pose_extrapolator.cc:67] No odometry data for time: 639146960864125786 (earliest: 639146960864316821)
[cartographer_node-2] [WARN] [1779890627.041428360] [cartographer logger]: W20260527 23:03:47.-2147483648 13749 pose_extrapolator.cc:67] No odometry data for time: 639146960864125786 (earliest: 639146960864316821)
[cartographer_node-2] [WARN] [1779890627.041441171] [cartographer logger]: W20260527 23:03:47.-2147483648 13749 pose_extrapolator.cc:67] No odometry data for time: 639146960864125786 (earliest: 639146960864316821)
[cartographer_node-2] [WARN] [1779890627.041454155] [cartographer logger]: W20260527 23:03:47.-2147483648 13749 pose_extrapolator.cc:67] No odometry data for time: 639146960864125786 (earliest: 639146960864316821)
[cartographer_node-2] [WARN] [1779890627.041466255] [cartographer logger]: W20260527 23:03:47.-2147483648 13749 pose_extrapolator.cc:67] No odometry data for time: 639146960864125786 (earliest: 639146960864316821)
[cartographer_node-2] [WARN] [1779890627.041478473] [cartographer logger]: W20260527 23:03:47.-2147483648 13749 pose_extrapolator.cc:67] No odometry data for time: 639146960864125786 (earliest: 639146960864316821)
[cartographer_node-2] [WARN] [1779890627.041490456] [cartographer logger]: W20260527 23:03:47.-2147483648 13749 pose_extrapolator.cc:67] No odometry data for time: 639146960864125786 (earliest: 639146960864316821)
[cartographer_node-2] [WARN] [1779890627.041502478] [cartographer logger]: W20260527 23:03:47.-2147483648 13749 pose_extrapolator.cc:67] No odometry data for time: 639146960864125786 (earliest: 639146960864316821)
[cartographer_node-2] [WARN] [1779890627.041519333] [cartographer logger]: W20260527 23:03:47.-2147483648 13749 pose_extrapolator.cc:67] No odometry data for time: 639146960864125786 (earliest: 639146960864316821)
[cartographer_node-2] [WARN] [1779890627.041531630] [cartographer logger]: W20260527 23:03:47.-2147483648 13749 pose_extrapolator.cc:67] No odometry data for time: 639146960864125786 (earliest: 639146960864316821)
[cartographer_node-2] [WARN] [1779890627.041543648] [cartographer logger]: W20260527 23:03:47.-2147483648 13749 pose_extrapolator.cc:67] No odometry data for time: 639146960864125786 (earliest: 639146960864316821)
[cartographer_node-2] [WARN] [1779890627.041559023] [cartographer logger]: W20260527 23:03:47.-2147483648 13749 pose_extrapolator.cc:67] No odometry data for time: 639146960864125786 (earliest: 639146960864316821)
[cartographer_node-2] [WARN] [1779890627.041572019] [cartographer logger]: W20260527 23:03:47.-2147483648 13749 pose_extrapolator.cc:67] No odometry data for time: 639146960864125786 (earliest: 639146960864316821)
[cartographer_node-2] [WARN] [1779890627.041583827] [cartographer logger]: W20260527 23:03:47.-2147483648 13749 pose_extrapolator.cc:67] No odometry data for time: 639146960864125786 (earliest: 639146960864316821)
[cartographer_node-2] [WARN] [1779890627.041596476] [cartographer logger]: W20260527 23:03:47.-2147483648 13749 pose_extrapolator.cc:67] No odometry data for time: 639146960864125786 (earliest: 639146960864316821)
[cartographer_node-2] [WARN] [1779890627.041609063] [cartographer logger]: W20260527 23:03:47.-2147483648 13749 pose_extrapolator.cc:67] No odometry data for time: 639146960864125786 (earliest: 639146960864316821)
[cartographer_node-2] [WARN] [1779890627.041621785] [cartographer logger]: W20260527 23:03:47.-2147483648 13749 pose_extrapolator.cc:67] No odometry data for time: 639146960864125786 (earliest: 639146960864316821)
[cartographer_node-2] [WARN] [1779890627.041633806] [cartographer logger]: W20260527 23:03:47.-2147483648 13749 pose_extrapolator.cc:67] No odometry data for time: 639146960864125786 (earliest: 639146960864316821)
[cartographer_node-2] [WARN] [1779890627.041646357] [cartographer logger]: W20260527 23:03:47.-2147483648 13749 pose_extrapolator.cc:67] No odometry data for time: 639146960864125786 (earliest: 639146960864316821)
[cartographer_node-2] [WARN] [1779890627.041659010] [cartographer logger]: W20260527 23:03:47.-2147483648 13749 pose_extrapolator.cc:67] No odometry data for time: 639146960864125786 (earliest: 639146960864316821)
[cartographer_node-2] [WARN] [1779890627.041670877] [cartographer logger]: W20260527 23:03:47.-2147483648 13749 pose_extrapolator.cc:67] No odometry data for time: 639146960864125786 (earliest: 639146960864316821)
[cartographer_node-2] [WARN] [1779890627.041683479] [cartographer logger]: W20260527 23:03:47.-2147483648 13749 pose_extrapolator.cc:67] No odometry data for time: 639146960864125786 (earliest: 639146960864316821)
[cartographer_node-2] [WARN] [1779890627.041705076] [cartographer logger]: W20260527 23:03:47.-2147483648 13749 pose_extrapolator.cc:67] No odometry data for time: 639146960864125786 (earliest: 639146960864316821)
[cartographer_node-2] [WARN] [1779890627.041718814] [cartographer logger]: W20260527 23:03:47.-2147483648 13749 pose_extrapolator.cc:67] No odometry data for time: 639146960864125786 (earliest: 639146960864316821)
[cartographer_node-2] [WARN] [1779890627.041731590] [cartographer logger]: W20260527 23:03:47.-2147483648 13749 pose_extrapolator.cc:67] No odometry data for time: 639146960864125786 (earliest: 639146960864316821)
[cartographer_node-2] [WARN] [1779890627.041744383] [cartographer logger]: W20260527 23:03:47.-2147483648 13749 pose_extrapolator.cc:67] No odometry data for time: 639146960864125786 (earliest: 639146960864316821)
[cartographer_node-2] [WARN] [1779890627.041756456] [cartographer logger]: W20260527 23:03:47.-2147483648 13749 pose_extrapolator.cc:67] No odometry data for time: 639146960864125786 (earliest: 639146960864316821)
[cartographer_node-2] [WARN] [1779890627.041769034] [cartographer logger]: W20260527 23:03:47.-2147483648 13749 pose_extrapolator.cc:67] No odometry data for time: 639146960864125786 (earliest: 639146960864316821)
[cartographer_node-2] [WARN] [1779890627.041781882] [cartographer logger]: W20260527 23:03:47.-2147483648 13749 pose_extrapolator.cc:67] No odometry data for time: 639146960864125786 (earliest: 639146960864316821)
[cartographer_node-2] [WARN] [1779890627.041794767] [cartographer logger]: W20260527 23:03:47.-2147483648 13749 pose_extrapolator.cc:67] No odometry data for time: 639146960864125786 (earliest: 639146960864316821)
[cartographer_node-2] [WARN] [1779890627.041806702] [cartographer logger]: W20260527 23:03:47.-2147483648 13749 pose_extrapolator.cc:67] No odometry data for time: 639146960864125786 (earliest: 639146960864316821)
[cartographer_node-2] [WARN] [1779890627.041819468] [cartographer logger]: W20260527 23:03:47.-2147483648 13749 pose_extrapolator.cc:67] No odometry data for time: 639146960864125786 (earliest: 639146960864316821)
[cartographer_node-2] [WARN] [1779890627.041831951] [cartographer logger]: W20260527 23:03:47.-2147483648 13749 pose_extrapolator.cc:67] No odometry data for time: 639146960864125786 (earliest: 639146960864316821)
[cartographer_node-2] [WARN] [1779890627.041844809] [cartographer logger]: W20260527 23:03:47.-2147483648 13749 pose_extrapolator.cc:67] No odometry data for time: 639146960864125786 (earliest: 639146960864316821)
[cartographer_node-2] [WARN] [1779890627.041856763] [cartographer logger]: W20260527 23:03:47.-2147483648 13749 pose_extrapolator.cc:67] No odometry data for time: 639146960864125786 (earliest: 639146960864316821)
[cartographer_node-2] [WARN] [1779890627.041869333] [cartographer logger]: W20260527 23:03:47.-2147483648 13749 pose_extrapolator.cc:67] No odometry data for time: 639146960864125786 (earliest: 639146960864316821)
[cartographer_node-2] [WARN] [1779890627.041881903] [cartographer logger]: W20260527 23:03:47.-2147483648 13749 pose_extrapolator.cc:67] No odometry data for time: 639146960864125786 (earliest: 639146960864316821)
[cartographer_node-2] [WARN] [1779890627.041894973] [cartographer logger]: W20260527 23:03:47.-2147483648 13749 pose_extrapolator.cc:67] No odometry data for time: 639146960864125786 (earliest: 639146960864316821)
[cartographer_node-2] [WARN] [1779890627.041907355] [cartographer logger]: W20260527 23:03:47.-2147483648 13749 pose_extrapolator.cc:67] No odometry data for time: 639146960864125786 (earliest: 639146960864316821)
[cartographer_node-2] [WARN] [1779890627.041919911] [cartographer logger]: W20260527 23:03:47.-2147483648 13749 pose_extrapolator.cc:67] No odometry data for time: 639146960864125786 (earliest: 639146960864316821)
[cartographer_node-2] [WARN] [1779890627.041932427] [cartographer logger]: W20260527 23:03:47.-2147483648 13749 pose_extrapolator.cc:67] No odometry data for time: 639146960864125786 (earliest: 639146960864316821)
[cartographer_node-2] [WARN] [1779890627.041947742] [cartographer logger]: W20260527 23:03:47.-2147483648 13749 pose_extrapolator.cc:67] No odometry data for time: 639146960864125786 (earliest: 639146960864316821)
[cartographer_node-2] [WARN] [1779890627.041960656] [cartographer logger]: W20260527 23:03:47.-2147483648 13749 pose_extrapolator.cc:67] No odometry data for time: 639146960864125786 (earliest: 639146960864316821)
[cartographer_node-2] [WARN] [1779890627.041972546] [cartographer logger]: W20260527 23:03:47.-2147483648 13749 pose_extrapolator.cc:67] No odometry data for time: 639146960864125786 (earliest: 639146960864316821)
[cartographer_node-2] [WARN] [1779890627.041989379] [cartographer logger]: W20260527 23:03:47.-2147483648 13749 pose_extrapolator.cc:67] No odometry data for time: 639146960864125786 (earliest: 639146960864316821)
[cartographer_node-2] [WARN] [1779890627.042002201] [cartographer logger]: W20260527 23:03:47.-2147483648 13749 pose_extrapolator.cc:67] No odometry data for time: 639146960864125786 (earliest: 639146960864316821)
[cartographer_node-2] [WARN] [1779890627.042014969] [cartographer logger]: W20260527 23:03:47.-2147483648 13749 pose_extrapolator.cc:67] No odometry data for time: 639146960864125786 (earliest: 639146960864316821)
[cartographer_node-2] [WARN] [1779890627.042027566] [cartographer logger]: W20260527 23:03:47.-2147483648 13749 pose_extrapolator.cc:67] No odometry data for time: 639146960864125786 (earliest: 639146960864316821)
[cartographer_node-2] [WARN] [1779890627.042039424] [cartographer logger]: W20260527 23:03:47.-2147483648 13749 pose_extrapolator.cc:67] No odometry data for time: 639146960864125786 (earliest: 639146960864316821)
[cartographer_node-2] [WARN] [1779890627.042052055] [cartographer logger]: W20260527 23:03:47.-2147483648 13749 pose_extrapolator.cc:67] No odometry data for time: 639146960864125786 (earliest: 639146960864316821)
[cartographer_node-2] [WARN] [1779890627.042065702] [cartographer logger]: W20260527 23:03:47.-2147483648 13749 pose_extrapolator.cc:67] No odometry data for time: 639146960864125786 (earliest: 639146960864316821)
[cartographer_node-2] [WARN] [1779890627.042078472] [cartographer logger]: W20260527 23:03:47.-2147483648 13749 pose_extrapolator.cc:67] No odometry data for time: 639146960864125786 (earliest: 639146960864316821)
[cartographer_node-2] [WARN] [1779890627.042095629] [cartographer logger]: W20260527 23:03:47.-2147483648 13749 pose_extrapolator.cc:67] No odometry data for time: 639146960864125786 (earliest: 639146960864316821)
[cartographer_node-2] [WARN] [1779890627.042109212] [cartographer logger]: W20260527 23:03:47.-2147483648 13749 pose_extrapolator.cc:67] No odometry data for time: 639146960864125786 (earliest: 639146960864316821)
[cartographer_node-2] [WARN] [1779890627.042122165] [cartographer logger]: W20260527 23:03:47.-2147483648 13749 pose_extrapolator.cc:67] No odometry data for time: 639146960864125786 (earliest: 639146960864316821)
[cartographer_node-2] [WARN] [1779890627.042135197] [cartographer logger]: W20260527 23:03:47.-2147483648 13749 pose_extrapolator.cc:67] No odometry data for time: 639146960864125786 (earliest: 639146960864316821)
[cartographer_node-2] [WARN] [1779890627.042147765] [cartographer logger]: W20260527 23:03:47.-2147483648 13749 pose_extrapolator.cc:67] No odometry data for time: 639146960864125786 (earliest: 639146960864316821)
[cartographer_node-2] [WARN] [1779890627.042160601] [cartographer logger]: W20260527 23:03:47.-2147483648 13749 pose_extrapolator.cc:67] No odometry data for time: 639146960864125786 (earliest: 639146960864316821)
[cartographer_node-2] [WARN] [1779890627.042172651] [cartographer logger]: W20260527 23:03:47.-2147483648 13749 pose_extrapolator.cc:67] No odometry data for time: 639146960864125786 (earliest: 639146960864316821)
[cartographer_node-2] [WARN] [1779890627.042185408] [cartographer logger]: W20260527 23:03:47.-2147483648 13749 pose_extrapolator.cc:67] No odometry data for time: 639146960864125786 (earliest: 639146960864316821)
[cartographer_node-2] [WARN] [1779890627.042198360] [cartographer logger]: W20260527 23:03:47.-2147483648 13749 pose_extrapolator.cc:67] No odometry data for time: 639146960864125786 (earliest: 639146960864316821)
[cartographer_node-2] [WARN] [1779890627.042211415] [cartographer logger]: W20260527 23:03:47.-2147483648 13749 pose_extrapolator.cc:67] No odometry data for time: 639146960864125786 (earliest: 639146960864316821)
[cartographer_node-2] [WARN] [1779890627.042223433] [cartographer logger]: W20260527 23:03:47.-2147483648 13749 pose_extrapolator.cc:67] No odometry data for time: 639146960864125786 (earliest: 639146960864316821)
[cartographer_node-2] [WARN] [1779890627.042237506] [cartographer logger]: W20260527 23:03:47.-2147483648 13749 pose_extrapolator.cc:67] No odometry data for time: 639146960864125786 (earliest: 639146960864316821)
[cartographer_node-2] [WARN] [1779890627.042251981] [cartographer logger]: W20260527 23:03:47.-2147483648 13749 pose_extrapolator.cc:67] No odometry data for time: 639146960864125786 (earliest: 639146960864316821)
[cartographer_node-2] [WARN] [1779890627.042270655] [cartographer logger]: W20260527 23:03:47.-2147483648 13749 pose_extrapolator.cc:67] No odometry data for time: 639146960864125786 (earliest: 639146960864316821)
[cartographer_node-2] [WARN] [1779890627.042284470] [cartographer logger]: W20260527 23:03:47.-2147483648 13749 pose_extrapolator.cc:67] No odometry data for time: 639146960864125786 (earliest: 639146960864316821)
[cartographer_node-2] [WARN] [1779890627.042298485] [cartographer logger]: W20260527 23:03:47.-2147483648 13749 pose_extrapolator.cc:67] No odometry data for time: 639146960864125786 (earliest: 639146960864316821)
[cartographer_node-2] [WARN] [1779890627.042311364] [cartographer logger]: W20260527 23:03:47.-2147483648 13749 pose_extrapolator.cc:67] No odometry data for time: 639146960864125786 (earliest: 639146960864316821)
[cartographer_node-2] [WARN] [1779890627.042325191] [cartographer logger]: W20260527 23:03:47.-2147483648 13749 pose_extrapolator.cc:67] No odometry data for time: 639146960864125786 (earliest: 639146960864316821)
[cartographer_node-2] [WARN] [1779890627.042338182] [cartographer logger]: W20260527 23:03:47.-2147483648 13749 pose_extrapolator.cc:67] No odometry data for time: 639146960864125786 (earliest: 639146960864316821)
[cartographer_node-2] [WARN] [1779890627.042352795] [cartographer logger]: W20260527 23:03:47.-2147483648 13749 pose_extrapolator.cc:67] No odometry data for time: 639146960864125786 (earliest: 639146960864316821)
[cartographer_node-2] [WARN] [1779890627.042371944] [cartographer logger]: W20260527 23:03:47.-2147483648 13749 pose_extrapolator.cc:67] No odometry data for time: 639146960864125786 (earliest: 639146960864316821)
[cartographer_node-2] [WARN] [1779890627.042384652] [cartographer logger]: W20260527 23:03:47.-2147483648 13749 pose_extrapolator.cc:67] No odometry data for time: 639146960864125786 (earliest: 639146960864316821)
[cartographer_node-2] [WARN] [1779890627.042397076] [cartographer logger]: W20260527 23:03:47.-2147483648 13749 pose_extrapolator.cc:67] No odometry data for time: 639146960864125786 (earliest: 639146960864316821)
[cartographer_node-2] [WARN] [1779890627.042409215] [cartographer logger]: W20260527 23:03:47.-2147483648 13749 pose_extrapolator.cc:67] No odometry data for time: 639146960864125786 (earliest: 639146960864316821)
[cartographer_node-2] [WARN] [1779890627.042422373] [cartographer logger]: W20260527 23:03:47.-2147483648 13749 pose_extrapolator.cc:67] No odometry data for time: 639146960864125786 (earliest: 639146960864316821)
[cartographer_node-2] [WARN] [1779890627.042434514] [cartographer logger]: W20260527 23:03:47.-2147483648 13749 pose_extrapolator.cc:67] No odometry data for time: 639146960864125786 (earliest: 639146960864316821)
[cartographer_node-2] [WARN] [1779890627.042447265] [cartographer logger]: W20260527 23:03:47.-2147483648 13749 pose_extrapolator.cc:67] No odometry data for time: 639146960864125786 (earliest: 639146960864316821)
[cartographer_node-2] [WARN] [1779890627.042460105] [cartographer logger]: W20260527 23:03:47.-2147483648 13749 pose_extrapolator.cc:67] No odometry data for time: 639146960864125786 (earliest: 639146960864316821)
[cartographer_node-2] [WARN] [1779890627.042472103] [cartographer logger]: W20260527 23:03:47.-2147483648 13749 pose_extrapolator.cc:67] No odometry data for time: 639146960864125786 (earliest: 639146960864316821)
[cartographer_node-2] [WARN] [1779890627.042483946] [cartographer logger]: W20260527 23:03:47.-2147483648 13749 pose_extrapolator.cc:67] No odometry data for time: 639146960864125786 (earliest: 639146960864316821)
[cartographer_node-2] [WARN] [1779890627.042495816] [cartographer logger]: W20260527 23:03:47.-2147483648 13749 pose_extrapolator.cc:67] No odometry data for time: 639146960864125786 (earliest: 639146960864316821)
[cartographer_node-2] [WARN] [1779890627.042521748] [cartographer logger]: W20260527 23:03:47.-2147483648 13749 pose_extrapolator.cc:67] No odometry data for time: 639146960864125786 (earliest: 639146960864316821)
[cartographer_node-2] [WARN] [1779890627.042535644] [cartographer logger]: W20260527 23:03:47.-2147483648 13749 pose_extrapolator.cc:67] No odometry data for time: 639146960864125786 (earliest: 639146960864316821)
[cartographer_node-2] [WARN] [1779890627.042548934] [cartographer logger]: W20260527 23:03:47.-2147483648 13749 pose_extrapolator.cc:67] No odometry data for time: 639146960864125786 (earliest: 639146960864316821)
[cartographer_node-2] [WARN] [1779890627.042565527] [cartographer logger]: W20260527 23:03:47.-2147483648 13749 pose_extrapolator.cc:67] No odometry data for time: 639146960864125786 (earliest: 639146960864316821)
[cartographer_node-2] [WARN] [1779890627.042579539] [cartographer logger]: W20260527 23:03:47.-2147483648 13749 pose_extrapolator.cc:67] No odometry data for time: 639146960864125786 (earliest: 639146960864316821)
[cartographer_node-2] [WARN] [1779890627.042593250] [cartographer logger]: W20260527 23:03:47.-2147483648 13749 pose_extrapolator.cc:67] No odometry data for time: 639146960864125786 (earliest: 639146960864316821)
[cartographer_node-2] [WARN] [1779890627.042605947] [cartographer logger]: W20260527 23:03:47.-2147483648 13749 pose_extrapolator.cc:67] No odometry data for time: 639146960864125786 (earliest: 639146960864316821)
[cartographer_node-2] [WARN] [1779890627.042618723] [cartographer logger]: W20260527 23:03:47.-2147483648 13749 pose_extrapolator.cc:67] No odometry data for time: 639146960864125786 (earliest: 639146960864316821)
[cartographer_node-2] [WARN] [1779890627.042630705] [cartographer logger]: W20260527 23:03:47.-2147483648 13749 pose_extrapolator.cc:67] No odometry data for time: 639146960864125786 (earliest: 639146960864316821)
[cartographer_node-2] [WARN] [1779890627.042643319] [cartographer logger]: W20260527 23:03:47.-2147483648 13749 pose_extrapolator.cc:67] No odometry data for time: 639146960864125786 (earliest: 639146960864316821)
[cartographer_node-2] [WARN] [1779890627.042655539] [cartographer logger]: W20260527 23:03:47.-2147483648 13749 pose_extrapolator.cc:67] No odometry data for time: 639146960864125786 (earliest: 639146960864316821)
[cartographer_node-2] [WARN] [1779890627.042667381] [cartographer logger]: W20260527 23:03:47.-2147483648 13749 pose_extrapolator.cc:67] No odometry data for time: 639146960864125786 (earliest: 639146960864316821)
[cartographer_node-2] [WARN] [1779890627.042679540] [cartographer logger]: W20260527 23:03:47.-2147483648 13749 pose_extrapolator.cc:67] No odometry data for time: 639146960864125786 (earliest: 639146960864316821)
[cartographer_node-2] [WARN] [1779890627.042691306] [cartographer logger]: W20260527 23:03:47.-2147483648 13749 pose_extrapolator.cc:67] No odometry data for time: 639146960864125786 (earliest: 639146960864316821)
[cartographer_node-2] [WARN] [1779890627.042703020] [cartographer logger]: W20260527 23:03:47.-2147483648 13749 pose_extrapolator.cc:67] No odometry data for time: 639146960864125786 (earliest: 639146960864316821)
[cartographer_node-2] [WARN] [1779890627.042714870] [cartographer logger]: W20260527 23:03:47.-2147483648 13749 pose_extrapolator.cc:67] No odometry data for time: 639146960864125786 (earliest: 639146960864316821)
[cartographer_node-2] [WARN] [1779890627.042727521] [cartographer logger]: W20260527 23:03:47.-2147483648 13749 pose_extrapolator.cc:67] No odometry data for time: 639146960864125786 (earliest: 639146960864316821)
[cartographer_node-2] [WARN] [1779890627.042739722] [cartographer logger]: W20260527 23:03:47.-2147483648 13749 pose_extrapolator.cc:67] No odometry data for time: 639146960864125786 (earliest: 639146960864316821)
[cartographer_node-2] [WARN] [1779890627.042752206] [cartographer logger]: W20260527 23:03:47.-2147483648 13749 pose_extrapolator.cc:67] No odometry data for time: 639146960864125786 (earliest: 639146960864316821)
[cartographer_node-2] [WARN] [1779890627.042766902] [cartographer logger]: W20260527 23:03:47.-2147483648 13749 pose_extrapolator.cc:67] No odometry data for time: 639146960864125786 (earliest: 639146960864316821)
[cartographer_node-2] [WARN] [1779890627.042778933] [cartographer logger]: W20260527 23:03:47.-2147483648 13749 pose_extrapolator.cc:67] No odometry data for time: 639146960864125786 (earliest: 639146960864316821)
[cartographer_node-2] [WARN] [1779890627.042790627] [cartographer logger]: W20260527 23:03:47.-2147483648 13749 pose_extrapolator.cc:67] No odometry data for time: 639146960864125786 (earliest: 639146960864316821)
[cartographer_node-2] [WARN] [1779890627.042802660] [cartographer logger]: W20260527 23:03:47.-2147483648 13749 pose_extrapolator.cc:67] No odometry data for time: 639146960864125786 (earliest: 639146960864316821)
[cartographer_node-2] [WARN] [1779890627.042814392] [cartographer logger]: W20260527 23:03:47.-2147483648 13749 pose_extrapolator.cc:67] No odometry data for time: 639146960864125786 (earliest: 639146960864316821)
[cartographer_node-2] [WARN] [1779890627.042825983] [cartographer logger]: W20260527 23:03:47.-2147483648 13749 pose_extrapolator.cc:67] No odometry data for time: 639146960864125786 (earliest: 639146960864316821)
[cartographer_node-2] [WARN] [1779890627.042842709] [cartographer logger]: W20260527 23:03:47.-2147483648 13749 pose_extrapolator.cc:67] No odometry data for time: 639146960864125786 (earliest: 639146960864316821)
[cartographer_node-2] [WARN] [1779890627.042855622] [cartographer logger]: W20260527 23:03:47.-2147483648 13749 pose_extrapolator.cc:67] No odometry data for time: 639146960864125786 (earliest: 639146960864316821)
[cartographer_node-2] [WARN] [1779890627.042867510] [cartographer logger]: W20260527 23:03:47.-2147483648 13749 pose_extrapolator.cc:67] No odometry data for time: 639146960864125786 (earliest: 639146960864316821)
[cartographer_node-2] [WARN] [1779890627.042880028] [cartographer logger]: W20260527 23:03:47.-2147483648 13749 pose_extrapolator.cc:67] No odometry data for time: 639146960864125786 (earliest: 639146960864316821)
[cartographer_node-2] [WARN] [1779890627.042892738] [cartographer logger]: W20260527 23:03:47.-2147483648 13749 pose_extrapolator.cc:67] No odometry data for time: 639146960864125786 (earliest: 639146960864316821)
[cartographer_node-2] [WARN] [1779890627.042905545] [cartographer logger]: W20260527 23:03:47.-2147483648 13749 pose_extrapolator.cc:67] No odometry data for time: 639146960864125786 (earliest: 639146960864316821)
[cartographer_node-2] [WARN] [1779890627.042922807] [cartographer logger]: W20260527 23:03:47.-2147483648 13749 pose_extrapolator.cc:67] No odometry data for time: 639146960864125786 (earliest: 639146960864316821)
[cartographer_node-2] [WARN] [1779890627.042936464] [cartographer logger]: W20260527 23:03:47.-2147483648 13749 pose_extrapolator.cc:67] No odometry data for time: 639146960864125786 (earliest: 639146960864316821)
[cartographer_node-2] [WARN] [1779890627.042949292] [cartographer logger]: W20260527 23:03:47.-2147483648 13749 pose_extrapolator.cc:67] No odometry data for time: 639146960864125786 (earliest: 639146960864316821)
[cartographer_node-2] [WARN] [1779890627.042961960] [cartographer logger]: W20260527 23:03:47.-2147483648 13749 pose_extrapolator.cc:67] No odometry data for time: 639146960864125786 (earliest: 639146960864316821)
[cartographer_node-2] [WARN] [1779890627.042973895] [cartographer logger]: W20260527 23:03:47.-2147483648 13749 pose_extrapolator.cc:67] No odometry data for time: 639146960864125786 (earliest: 639146960864316821)
[cartographer_node-2] [WARN] [1779890627.042986542] [cartographer logger]: W20260527 23:03:47.-2147483648 13749 pose_extrapolator.cc:67] No odometry data for time: 639146960864125786 (earliest: 639146960864316821)
[cartographer_node-2] [WARN] [1779890627.042999109] [cartographer logger]: W20260527 23:03:47.-2147483648 13749 pose_extrapolator.cc:67] No odometry data for time: 639146960864125786 (earliest: 639146960864316821)
[cartographer_node-2] [WARN] [1779890627.043011791] [cartographer logger]: W20260527 23:03:47.-2147483648 13749 pose_extrapolator.cc:67] No odometry data for time: 639146960864125786 (earliest: 639146960864316821)
[cartographer_node-2] [WARN] [1779890627.043023703] [cartographer logger]: W20260527 23:03:47.-2147483648 13749 pose_extrapolator.cc:67] No odometry data for time: 639146960864125786 (earliest: 639146960864316821)
[cartographer_node-2] [WARN] [1779890627.043036314] [cartographer logger]: W20260527 23:03:47.-2147483648 13749 pose_extrapolator.cc:67] No odometry data for time: 639146960864125786 (earliest: 639146960864316821)
[cartographer_node-2] [WARN] [1779890627.043048901] [cartographer logger]: W20260527 23:03:47.-2147483648 13749 pose_extrapolator.cc:67] No odometry data for time: 639146960864125786 (earliest: 639146960864316821)
[cartographer_node-2] [WARN] [1779890627.043060925] [cartographer logger]: W20260527 23:03:47.-2147483648 13749 pose_extrapolator.cc:67] No odometry data for time: 639146960864125786 (earliest: 639146960864316821)
[cartographer_node-2] [WARN] [1779890627.043073288] [cartographer logger]: W20260527 23:03:47.-2147483648 13749 pose_extrapolator.cc:67] No odometry data for time: 639146960864125786 (earliest: 639146960864316821)
[cartographer_node-2] [WARN] [1779890627.043085095] [cartographer logger]: W20260527 23:03:47.-2147483648 13749 pose_extrapolator.cc:67] No odometry data for time: 639146960864125786 (earliest: 639146960864316821)
[cartographer_node-2] [WARN] [1779890627.043096967] [cartographer logger]: W20260527 23:03:47.-2147483648 13749 pose_extrapolator.cc:67] No odometry data for time: 639146960864125786 (earliest: 639146960864316821)
[cartographer_node-2] [WARN] [1779890627.043113152] [cartographer logger]: W20260527 23:03:47.-2147483648 13749 pose_extrapolator.cc:67] No odometry data for time: 639146960864125786 (earliest: 639146960864316821)
[cartographer_node-2] [WARN] [1779890627.043125147] [cartographer logger]: W20260527 23:03:47.-2147483648 13749 pose_extrapolator.cc:67] No odometry data for time: 639146960864125786 (earliest: 639146960864316821)
[cartographer_node-2] [WARN] [1779890627.043137017] [cartographer logger]: W20260527 23:03:47.-2147483648 13749 pose_extrapolator.cc:67] No odometry data for time: 639146960864125786 (earliest: 639146960864316821)
[cartographer_node-2] [WARN] [1779890627.043148828] [cartographer logger]: W20260527 23:03:47.-2147483648 13749 pose_extrapolator.cc:67] No odometry data for time: 639146960864125786 (earliest: 639146960864316821)
[cartographer_node-2] [WARN] [1779890627.043163439] [cartographer logger]: W20260527 23:03:47.-2147483648 13749 pose_extrapolator.cc:67] No odometry data for time: 639146960864125786 (earliest: 639146960864316821)
[cartographer_node-2] [WARN] [1779890627.043176444] [cartographer logger]: W20260527 23:03:47.-2147483648 13749 pose_extrapolator.cc:67] No odometry data for time: 639146960864125786 (earliest: 639146960864316821)
[cartographer_node-2] [WARN] [1779890627.043188294] [cartographer logger]: W20260527 23:03:47.-2147483648 13749 pose_extrapolator.cc:67] No odometry data for time: 639146960864125786 (earliest: 639146960864316821)
[cartographer_node-2] [WARN] [1779890627.043200865] [cartographer logger]: W20260527 23:03:47.-2147483648 13749 pose_extrapolator.cc:67] No odometry data for time: 639146960864125786 (earliest: 639146960864316821)
[cartographer_node-2] [WARN] [1779890627.043213478] [cartographer logger]: W20260527 23:03:47.-2147483648 13749 pose_extrapolator.cc:67] No odometry data for time: 639146960864125786 (earliest: 639146960864316821)
[cartographer_node-2] [WARN] [1779890627.043225218] [cartographer logger]: W20260527 23:03:47.-2147483648 13749 pose_extrapolator.cc:67] No odometry data for time: 639146960864125786 (earliest: 639146960864316821)
[cartographer_node-2] [WARN] [1779890627.043236904] [cartographer logger]: W20260527 23:03:47.-2147483648 13749 pose_extrapolator.cc:67] No odometry data for time: 639146960864125786 (earliest: 639146960864316821)
[cartographer_node-2] [WARN] [1779890627.043248824] [cartographer logger]: W20260527 23:03:47.-2147483648 13749 pose_extrapolator.cc:67] No odometry data for time: 639146960864125786 (earliest: 639146960864316821)
[cartographer_node-2] [WARN] [1779890627.043260681] [cartographer logger]: W20260527 23:03:47.-2147483648 13749 pose_extrapolator.cc:67] No odometry data for time: 639146960864125786 (earliest: 639146960864316821)
[cartographer_node-2] [WARN] [1779890627.043272426] [cartographer logger]: W20260527 23:03:47.-2147483648 13749 pose_extrapolator.cc:67] No odometry data for time: 639146960864125786 (earliest: 639146960864316821)
[cartographer_node-2] [WARN] [1779890627.043284294] [cartographer logger]: W20260527 23:03:47.-2147483648 13749 pose_extrapolator.cc:67] No odometry data for time: 639146960864125786 (earliest: 639146960864316821)
[cartographer_node-2] [WARN] [1779890627.043301298] [cartographer logger]: W20260527 23:03:47.-2147483648 13749 pose_extrapolator.cc:67] No odometry data for time: 639146960864125786 (earliest: 639146960864316821)
[cartographer_node-2] [WARN] [1779890627.043314327] [cartographer logger]: W20260527 23:03:47.-2147483648 13749 pose_extrapolator.cc:67] No odometry data for time: 639146960864125786 (earliest: 639146960864316821)
[cartographer_node-2] [WARN] [1779890627.043326270] [cartographer logger]: W20260527 23:03:47.-2147483648 13749 pose_extrapolator.cc:67] No odometry data for time: 639146960864125786 (earliest: 639146960864316821)
[cartographer_node-2] [WARN] [1779890627.043338106] [cartographer logger]: W20260527 23:03:47.-2147483648 13749 pose_extrapolator.cc:67] No odometry data for time: 639146960864125786 (earliest: 639146960864316821)
[cartographer_node-2] [WARN] [1779890627.043350823] [cartographer logger]: W20260527 23:03:47.-2147483648 13749 pose_extrapolator.cc:67] No odometry data for time: 639146960864125786 (earliest: 639146960864316821)
[cartographer_node-2] [WARN] [1779890627.043362728] [cartographer logger]: W20260527 23:03:47.-2147483648 13749 pose_extrapolator.cc:67] No odometry data for time: 639146960864125786 (earliest: 639146960864316821)
[cartographer_node-2] [WARN] [1779890627.043380000] [cartographer logger]: W20260527 23:03:47.-2147483648 13749 pose_extrapolator.cc:67] No odometry data for time: 639146960864125786 (earliest: 639146960864316821)
[cartographer_node-2] [WARN] [1779890627.043393395] [cartographer logger]: W20260527 23:03:47.-2147483648 13749 pose_extrapolator.cc:67] No odometry data for time: 639146960864125786 (earliest: 639146960864316821)
[cartographer_node-2] [WARN] [1779890627.043406157] [cartographer logger]: W20260527 23:03:47.-2147483648 13749 pose_extrapolator.cc:67] No odometry data for time: 639146960864125786 (earliest: 639146960864316821)
[cartographer_node-2] [WARN] [1779890627.043418912] [cartographer logger]: W20260527 23:03:47.-2147483648 13749 pose_extrapolator.cc:67] No odometry data for time: 639146960864125786 (earliest: 639146960864316821)
[cartographer_node-2] [WARN] [1779890627.043430845] [cartographer logger]: W20260527 23:03:47.-2147483648 13749 pose_extrapolator.cc:67] No odometry data for time: 639146960864125786 (earliest: 639146960864316821)
[cartographer_node-2] [WARN] [1779890627.043443849] [cartographer logger]: W20260527 23:03:47.-2147483648 13749 pose_extrapolator.cc:67] No odometry data for time: 639146960864125786 (earliest: 639146960864316821)
[cartographer_node-2] [WARN] [1779890627.043456604] [cartographer logger]: W20260527 23:03:47.-2147483648 13749 pose_extrapolator.cc:67] No odometry data for time: 639146960864125786 (earliest: 639146960864316821)
[cartographer_node-2] [WARN] [1779890627.043468675] [cartographer logger]: W20260527 23:03:47.-2147483648 13749 pose_extrapolator.cc:67] No odometry data for time: 639146960864125786 (earliest: 639146960864316821)
[cartographer_node-2] [WARN] [1779890627.043480395] [cartographer logger]: W20260527 23:03:47.-2147483648 13749 pose_extrapolator.cc:67] No odometry data for time: 639146960864125786 (earliest: 639146960864316821)
[cartographer_node-2] [WARN] [1779890627.043492399] [cartographer logger]: W20260527 23:03:47.-2147483648 13749 pose_extrapolator.cc:67] No odometry data for time: 639146960864125786 (earliest: 639146960864316821)
[cartographer_node-2] [WARN] [1779890627.043504107] [cartographer logger]: W20260527 23:03:47.-2147483648 13749 pose_extrapolator.cc:67] No odometry data for time: 639146960864125786 (earliest: 639146960864316821)
[cartographer_node-2] [WARN] [1779890627.043520090] [cartographer logger]: W20260527 23:03:47.-2147483648 13749 pose_extrapolator.cc:67] No odometry data for time: 639146960864125786 (earliest: 639146960864316821)
[cartographer_node-2] [WARN] [1779890627.043532200] [cartographer logger]: W20260527 23:03:47.-2147483648 13749 pose_extrapolator.cc:67] No odometry data for time: 639146960864125786 (earliest: 639146960864316821)
[cartographer_node-2] [WARN] [1779890627.043546915] [cartographer logger]: W20260527 23:03:47.-2147483648 13749 pose_extrapolator.cc:67] No odometry data for time: 639146960864125786 (earliest: 639146960864316821)
[cartographer_node-2] [WARN] [1779890627.043559065] [cartographer logger]: W20260527 23:03:47.-2147483648 13749 pose_extrapolator.cc:67] No odometry data for time: 639146960864125786 (earliest: 639146960864316821)
[cartographer_node-2] [WARN] [1779890627.043571112] [cartographer logger]: W20260527 23:03:47.-2147483648 13749 pose_extrapolator.cc:67] No odometry data for time: 639146960864125786 (earliest: 639146960864316821)
[cartographer_node-2] [WARN] [1779890627.043582897] [cartographer logger]: W20260527 23:03:47.-2147483648 13749 pose_extrapolator.cc:67] No odometry data for time: 639146960864125786 (earliest: 639146960864316821)
[cartographer_node-2] [WARN] [1779890627.043595001] [cartographer logger]: W20260527 23:03:47.-2147483648 13749 pose_extrapolator.cc:67] No odometry data for time: 639146960864125786 (earliest: 639146960864316821)
[cartographer_node-2] [WARN] [1779890627.043607640] [cartographer logger]: W20260527 23:03:47.-2147483648 13749 pose_extrapolator.cc:67] No odometry data for time: 639146960864125786 (earliest: 639146960864316821)
[cartographer_node-2] [WARN] [1779890627.043619621] [cartographer logger]: W20260527 23:03:47.-2147483648 13749 pose_extrapolator.cc:67] No odometry data for time: 639146960864125786 (earliest: 639146960864316821)
[cartographer_node-2] [WARN] [1779890627.043632403] [cartographer logger]: W20260527 23:03:47.-2147483648 13749 pose_extrapolator.cc:67] No odometry data for time: 639146960864125786 (earliest: 639146960864316821)
[cartographer_node-2] [WARN] [1779890627.043645198] [cartographer logger]: W20260527 23:03:47.-2147483648 13749 pose_extrapolator.cc:67] No odometry data for time: 639146960864125786 (earliest: 639146960864316821)
[cartographer_node-2] [WARN] [1779890627.043664903] [cartographer logger]: W20260527 23:03:47.-2147483648 13749 pose_extrapolator.cc:67] No odometry data for time: 639146960864125786 (earliest: 639146960864316821)
[cartographer_node-2] [WARN] [1779890627.043677171] [cartographer logger]: W20260527 23:03:47.-2147483648 13749 pose_extrapolator.cc:67] No odometry data for time: 639146960864125786 (earliest: 639146960864316821)
[cartographer_node-2] [WARN] [1779890627.043690283] [cartographer logger]: W20260527 23:03:47.-2147483648 13749 pose_extrapolator.cc:67] No odometry data for time: 639146960864125786 (earliest: 639146960864316821)
[cartographer_node-2] [WARN] [1779890627.043708163] [cartographer logger]: W20260527 23:03:47.-2147483648 13749 pose_extrapolator.cc:67] No odometry data for time: 639146960864125786 (earliest: 639146960864316821)
[cartographer_node-2] [WARN] [1779890627.043723990] [cartographer logger]: W20260527 23:03:47.-2147483648 13749 pose_extrapolator.cc:67] No odometry data for time: 639146960864125786 (earliest: 639146960864316821)
[cartographer_node-2] [WARN] [1779890627.043736857] [cartographer logger]: W20260527 23:03:47.-2147483648 13749 pose_extrapolator.cc:67] No odometry data for time: 639146960864125786 (earliest: 639146960864316821)
[cartographer_node-2] [WARN] [1779890627.043749440] [cartographer logger]: W20260527 23:03:47.-2147483648 13749 pose_extrapolator.cc:67] No odometry data for time: 639146960864125786 (earliest: 639146960864316821)
[cartographer_node-2] [WARN] [1779890627.043761514] [cartographer logger]: W20260527 23:03:47.-2147483648 13749 pose_extrapolator.cc:67] No odometry data for time: 639146960864125786 (earliest: 639146960864316821)
[cartographer_node-2] [WARN] [1779890627.043774631] [cartographer logger]: W20260527 23:03:47.-2147483648 13749 pose_extrapolator.cc:67] No odometry data for time: 639146960864125786 (earliest: 639146960864316821)
[cartographer_node-2] [WARN] [1779890627.043787208] [cartographer logger]: W20260527 23:03:47.-2147483648 13749 pose_extrapolator.cc:67] No odometry data for time: 639146960864125786 (earliest: 639146960864316821)
[cartographer_node-2] [WARN] [1779890627.043799608] [cartographer logger]: W20260527 23:03:47.-2147483648 13749 pose_extrapolator.cc:67] No odometry data for time: 639146960864125786 (earliest: 639146960864316821)
[cartographer_node-2] [WARN] [1779890627.043811483] [cartographer logger]: W20260527 23:03:47.-2147483648 13749 pose_extrapolator.cc:67] No odometry data for time: 639146960864125786 (earliest: 639146960864316821)
[cartographer_node-2] [WARN] [1779890627.043824451] [cartographer logger]: W20260527 23:03:47.-2147483648 13749 pose_extrapolator.cc:67] No odometry data for time: 639146960864125786 (earliest: 639146960864316821)
[cartographer_node-2] [WARN] [1779890627.043836950] [cartographer logger]: W20260527 23:03:47.-2147483648 13749 pose_extrapolator.cc:67] No odometry data for time: 639146960864125786 (earliest: 639146960864316821)
[cartographer_node-2] [WARN] [1779890627.043849561] [cartographer logger]: W20260527 23:03:47.-2147483648 13749 pose_extrapolator.cc:67] No odometry data for time: 639146960864125786 (earliest: 639146960864316821)
[cartographer_node-2] [WARN] [1779890627.043861381] [cartographer logger]: W20260527 23:03:47.-2147483648 13749 pose_extrapolator.cc:67] No odometry data for time: 639146960864125786 (earliest: 639146960864316821)
[cartographer_node-2] [WARN] [1779890627.043875008] [cartographer logger]: W20260527 23:03:47.-2147483648 13749 pose_extrapolator.cc:67] No odometry data for time: 639146960864125786 (earliest: 639146960864316821)
[cartographer_node-2] [WARN] [1779890627.043887615] [cartographer logger]: W20260527 23:03:47.-2147483648 13749 pose_extrapolator.cc:67] No odometry data for time: 639146960864125786 (earliest: 639146960864316821)
[cartographer_node-2] [WARN] [1779890627.043900087] [cartographer logger]: W20260527 23:03:47.-2147483648 13749 pose_extrapolator.cc:67] No odometry data for time: 639146960864125786 (earliest: 639146960864316821)
[cartographer_node-2] [WARN] [1779890627.043912752] [cartographer logger]: W20260527 23:03:47.-2147483648 13749 pose_extrapolator.cc:67] No odometry data for time: 639146960864125786 (earliest: 639146960864316821)
[cartographer_node-2] [WARN] [1779890627.043924683] [cartographer logger]: W20260527 23:03:47.-2147483648 13749 pose_extrapolator.cc:67] No odometry data for time: 639146960864125786 (earliest: 639146960864316821)
[cartographer_node-2] [WARN] [1779890627.043941968] [cartographer logger]: W20260527 23:03:47.-2147483648 13749 pose_extrapolator.cc:67] No odometry data for time: 639146960864125786 (earliest: 639146960864316821)
[cartographer_node-2] [WARN] [1779890627.043960911] [cartographer logger]: W20260527 23:03:47.-2147483648 13749 pose_extrapolator.cc:67] No odometry data for time: 639146960864125786 (earliest: 639146960864316821)
[cartographer_node-2] [WARN] [1779890627.043973914] [cartographer logger]: W20260527 23:03:47.-2147483648 13749 pose_extrapolator.cc:67] No odometry data for time: 639146960864125786 (earliest: 639146960864316821)
[cartographer_node-2] [WARN] [1779890627.043986574] [cartographer logger]: W20260527 23:03:47.-2147483648 13749 pose_extrapolator.cc:67] No odometry data for time: 639146960864125786 (earliest: 639146960864316821)
[cartographer_node-2] [WARN] [1779890627.043999195] [cartographer logger]: W20260527 23:03:47.-2147483648 13749 pose_extrapolator.cc:67] No odometry data for time: 639146960864125786 (earliest: 639146960864316821)
[cartographer_node-2] [WARN] [1779890627.044011948] [cartographer logger]: W20260527 23:03:47.-2147483648 13749 pose_extrapolator.cc:67] No odometry data for time: 639146960864125786 (earliest: 639146960864316821)
[cartographer_node-2] [WARN] [1779890627.044023805] [cartographer logger]: W20260527 23:03:47.-2147483648 13749 pose_extrapolator.cc:67] No odometry data for time: 639146960864125786 (earliest: 639146960864316821)
[cartographer_node-2] [WARN] [1779890627.044036460] [cartographer logger]: W20260527 23:03:47.-2147483648 13749 pose_extrapolator.cc:67] No odometry data for time: 639146960864125786 (earliest: 639146960864316821)
[cartographer_node-2] [WARN] [1779890627.044049102] [cartographer logger]: W20260527 23:03:47.-2147483648 13749 pose_extrapolator.cc:67] No odometry data for time: 639146960864125786 (earliest: 639146960864316821)
[cartographer_node-2] [WARN] [1779890627.044061818] [cartographer logger]: W20260527 23:03:47.-2147483648 13749 pose_extrapolator.cc:67] No odometry data for time: 639146960864125786 (earliest: 639146960864316821)
[cartographer_node-2] [WARN] [1779890627.044073679] [cartographer logger]: W20260527 23:03:47.-2147483648 13749 pose_extrapolator.cc:67] No odometry data for time: 639146960864125786 (earliest: 639146960864316821)
[cartographer_node-2] [WARN] [1779890627.044085440] [cartographer logger]: W20260527 23:03:47.-2147483648 13749 pose_extrapolator.cc:67] No odometry data for time: 639146960864125786 (earliest: 639146960864316821)
[cartographer_node-2] [WARN] [1779890627.044102409] [cartographer logger]: W20260527 23:03:47.-2147483648 13749 pose_extrapolator.cc:67] No odometry data for time: 639146960864125786 (earliest: 639146960864316821)
[cartographer_node-2] [WARN] [1779890627.044115287] [cartographer logger]: W20260527 23:03:47.-2147483648 13749 pose_extrapolator.cc:67] No odometry data for time: 639146960864125786 (earliest: 639146960864316821)
[cartographer_node-2] [WARN] [1779890627.044127312] [cartographer logger]: W20260527 23:03:47.-2147483648 13749 pose_extrapolator.cc:67] No odometry data for time: 639146960864125786 (earliest: 639146960864316821)
[cartographer_node-2] [WARN] [1779890627.044139126] [cartographer logger]: W20260527 23:03:47.-2147483648 13749 pose_extrapolator.cc:67] No odometry data for time: 639146960864125786 (earliest: 639146960864316821)
[cartographer_node-2] [WARN] [1779890627.044151911] [cartographer logger]: W20260527 23:03:47.-2147483648 13749 pose_extrapolator.cc:67] No odometry data for time: 639146960864125786 (earliest: 639146960864316821)
[cartographer_node-2] [WARN] [1779890627.044163954] [cartographer logger]: W20260527 23:03:47.-2147483648 13749 pose_extrapolator.cc:67] No odometry data for time: 639146960864125786 (earliest: 639146960864316821)
[cartographer_node-2] [WARN] [1779890627.044176853] [cartographer logger]: W20260527 23:03:47.-2147483648 13749 pose_extrapolator.cc:67] No odometry data for time: 639146960864125786 (earliest: 639146960864316821)
[cartographer_node-2] [WARN] [1779890627.044189767] [cartographer logger]: W20260527 23:03:47.-2147483648 13749 pose_extrapolator.cc:67] No odometry data for time: 639146960864125786 (earliest: 639146960864316821)
[cartographer_node-2] [WARN] [1779890627.044202452] [cartographer logger]: W20260527 23:03:47.-2147483648 13749 pose_extrapolator.cc:67] No odometry data for time: 639146960864125786 (earliest: 639146960864316821)
[cartographer_node-2] [WARN] [1779890627.044218707] [cartographer logger]: W20260527 23:03:47.-2147483648 13749 pose_extrapolator.cc:67] No odometry data for time: 639146960864125786 (earliest: 639146960864316821)
[cartographer_node-2] [WARN] [1779890627.044230719] [cartographer logger]: W20260527 23:03:47.-2147483648 13749 pose_extrapolator.cc:67] No odometry data for time: 639146960864125786 (earliest: 639146960864316821)
[cartographer_node-2] [WARN] [1779890627.044242746] [cartographer logger]: W20260527 23:03:47.-2147483648 13749 pose_extrapolator.cc:67] No odometry data for time: 639146960864125786 (earliest: 639146960864316821)
[cartographer_node-2] [WARN] [1779890627.044254706] [cartographer logger]: W20260527 23:03:47.-2147483648 13749 pose_extrapolator.cc:67] No odometry data for time: 639146960864125786 (earliest: 639146960864316821)
[cartographer_node-2] [INFO] [1779890627.045076151] [cartographer logger]: I20260527 23:03:47.-2147483648 13749 pose_graph_2d.cc:148] Inserted submap (0, 0).
[cartographer_node-2] [WARN] [1779890628.075571688] [cartographer logger]: W20260527 23:03:48.-2147483648 13749 tf_bridge.cpp:53] Lookup would require extrapolation into the past.  Requested time 1779099287.342768 but the earliest data is at time 1779099287.349569, when looking up transform from frame [laser] to frame [imu]
[cartographer_node-2] [INFO] [1779890629.348507421] [cartographer logger]: I20260527 23:03:49.-2147483648 13749 sensor_bridge.cpp:95] Wheel odom input mode: nav_msgs/Odometry pose delta
[cartographer_node-2] [INFO] [1779890631.605314646] [cartographer logger]: I20260527 23:03:51.-2147483648 13749 sensor_bridge.cpp:95] Wheel odom input mode: nav_msgs/Odometry pose delta
[cartographer_node-2] [INFO] [1779890632.380653272] [cartographer logger]: I20260527 23:03:52.-2147483648 13801 pose_graph_2d.cc:680] Remaining work items in queue: 2
[cartographer_node-2] [INFO] [1779890632.380689644] [cartographer logger]: I20260527 23:03:52.-2147483648 13801 constraint_builder_2d.cc:447] 0 computations resulted in 0 additional constraints.
[cartographer_node-2] [INFO] [1779890632.380702080] [cartographer logger]: I20260527 23:03:52.-2147483648 13801 constraint_builder_2d.cc:449] Score histogram:
[cartographer_node-2] Count: 0
[cartographer_node-2] [INFO] [1779890632.900903580] [cartographer logger]: I20260527 23:03:52.-2147483648 13800 pose_graph_2d.cc:680] Remaining work items in queue: 0
[cartographer_node-2] [INFO] [1779890632.900943655] [cartographer logger]: I20260527 23:03:52.-2147483648 13800 constraint_builder_2d.cc:447] 0 computations resulted in 0 additional constraints.
[cartographer_node-2] [INFO] [1779890632.900955519] [cartographer logger]: I20260527 23:03:52.-2147483648 13800 constraint_builder_2d.cc:449] Score histogram:
[cartographer_node-2] Count: 0
[cartographer_node-2] [INFO] [1779890633.182474449] [cartographer logger]: I20260527 23:03:53.-2147483648 13801 pose_graph_2d.cc:680] Remaining work items in queue: 2
[cartographer_node-2] [INFO] [1779890633.182506969] [cartographer logger]: I20260527 23:03:53.-2147483648 13801 constraint_builder_2d.cc:447] 0 computations resulted in 0 additional constraints.
[cartographer_node-2] [INFO] [1779890633.182525492] [cartographer logger]: I20260527 23:03:53.-2147483648 13801 constraint_builder_2d.cc:449] Score histogram:
[cartographer_node-2] Count: 0
[cartographer_node-2] [INFO] [1779890633.364420600] [cartographer logger]: I20260527 23:03:53.-2147483648 13801 pose_graph_2d.cc:680] Remaining work items in queue: 1
[cartographer_node-2] [INFO] [1779890633.364451148] [cartographer logger]: I20260527 23:03:53.-2147483648 13801 constraint_builder_2d.cc:447] 0 computations resulted in 0 additional constraints.
[cartographer_node-2] [INFO] [1779890633.364461941] [cartographer logger]: I20260527 23:03:53.-2147483648 13801 constraint_builder_2d.cc:449] Score histogram:
[cartographer_node-2] Count: 0
[cartographer_node-2] [INFO] [1779890633.585552704] [cartographer logger]: I20260527 23:03:53.-2147483648 13798 pose_graph_2d.cc:680] Remaining work items in queue: 1
[cartographer_node-2] [INFO] [1779890633.585593188] [cartographer logger]: I20260527 23:03:53.-2147483648 13798 constraint_builder_2d.cc:447] 0 computations resulted in 0 additional constraints.
[cartographer_node-2] [INFO] [1779890633.585603068] [cartographer logger]: I20260527 23:03:53.-2147483648 13798 constraint_builder_2d.cc:449] Score histogram:
[cartographer_node-2] Count: 0
[cartographer_node-2] [INFO] [1779890633.759566554] [cartographer logger]: I20260527 23:03:53.-2147483648 13749 sensor_bridge.cpp:95] Wheel odom input mode: nav_msgs/Odometry pose delta
[cartographer_node-2] [INFO] [1779890633.807279014] [cartographer logger]: I20260527 23:03:53.-2147483648 13800 pose_graph_2d.cc:680] Remaining work items in queue: 1
[cartographer_node-2] [INFO] [1779890633.807307768] [cartographer logger]: I20260527 23:03:53.-2147483648 13800 constraint_builder_2d.cc:447] 0 computations resulted in 0 additional constraints.
[cartographer_node-2] [INFO] [1779890633.807319040] [cartographer logger]: I20260527 23:03:53.-2147483648 13800 constraint_builder_2d.cc:449] Score histogram:
[cartographer_node-2] Count: 0
[cartographer_node-2] [INFO] [1779890634.012827266] [cartographer logger]: I20260527 23:03:54.-2147483648 13801 pose_graph_2d.cc:680] Remaining work items in queue: 1
[cartographer_node-2] [INFO] [1779890634.012864043] [cartographer logger]: I20260527 23:03:54.-2147483648 13801 constraint_builder_2d.cc:447] 0 computations resulted in 0 additional constraints.
[cartographer_node-2] [INFO] [1779890634.012876490] [cartographer logger]: I20260527 23:03:54.-2147483648 13801 constraint_builder_2d.cc:449] Score histogram:
[cartographer_node-2] Count: 0
[cartographer_node-2] [INFO] [1779890634.209790007] [cartographer logger]: I20260527 23:03:54.-2147483648 13801 pose_graph_2d.cc:680] Remaining work items in queue: 1
[cartographer_node-2] [INFO] [1779890634.209823409] [cartographer logger]: I20260527 23:03:54.-2147483648 13801 constraint_builder_2d.cc:447] 0 computations resulted in 0 additional constraints.
[cartographer_node-2] [INFO] [1779890634.209834639] [cartographer logger]: I20260527 23:03:54.-2147483648 13801 constraint_builder_2d.cc:449] Score histogram:
[cartographer_node-2] Count: 0
[cartographer_node-2] [INFO] [1779890634.418995279] [cartographer logger]: I20260527 23:03:54.-2147483648 13799 pose_graph_2d.cc:680] Remaining work items in queue: 0
[cartographer_node-2] [INFO] [1779890634.419058605] [cartographer logger]: I20260527 23:03:54.-2147483648 13799 constraint_builder_2d.cc:447] 0 computations resulted in 0 additional constraints.
[cartographer_node-2] [INFO] [1779890634.419070597] [cartographer logger]: I20260527 23:03:54.-2147483648 13799 constraint_builder_2d.cc:449] Score histogram:
[cartographer_node-2] Count: 0
[cartographer_node-2] [INFO] [1779890634.812522861] [cartographer logger]: I20260527 23:03:54.-2147483648 13801 pose_graph_2d.cc:680] Remaining work items in queue: 1
[cartographer_node-2] [INFO] [1779890634.812557814] [cartographer logger]: I20260527 23:03:54.-2147483648 13801 constraint_builder_2d.cc:447] 0 computations resulted in 0 additional constraints.
[cartographer_node-2] [INFO] [1779890634.812570226] [cartographer logger]: I20260527 23:03:54.-2147483648 13801 constraint_builder_2d.cc:449] Score histogram:
[cartographer_node-2] Count: 0
[cartographer_node-2] [INFO] [1779890635.387845634] [cartographer logger]: I20260527 23:03:55.-2147483648 13799 pose_graph_2d.cc:680] Remaining work items in queue: 1
[cartographer_node-2] [INFO] [1779890635.387880529] [cartographer logger]: I20260527 23:03:55.-2147483648 13799 constraint_builder_2d.cc:447] 0 computations resulted in 0 additional constraints.
[cartographer_node-2] [INFO] [1779890635.387892065] [cartographer logger]: I20260527 23:03:55.-2147483648 13799 constraint_builder_2d.cc:449] Score histogram:
[cartographer_node-2] Count: 0
[cartographer_node-2] [INFO] [1779890635.891755945] [cartographer logger]: I20260527 23:03:55.-2147483648 13798 pose_graph_2d.cc:680] Remaining work items in queue: 1
[cartographer_node-2] [INFO] [1779890635.891793077] [cartographer logger]: I20260527 23:03:55.-2147483648 13798 constraint_builder_2d.cc:447] 0 computations resulted in 0 additional constraints.
[cartographer_node-2] [INFO] [1779890635.891803605] [cartographer logger]: I20260527 23:03:55.-2147483648 13798 constraint_builder_2d.cc:449] Score histogram:
[cartographer_node-2] Count: 0
[cartographer_node-2] [INFO] [1779890636.116209315] [cartographer logger]: I20260527 23:03:56.-2147483648 13749 sensor_bridge.cpp:95] Wheel odom input mode: nav_msgs/Odometry pose delta
[cartographer_node-2] [INFO] [1779890636.194054837] [cartographer logger]: I20260527 23:03:56.-2147483648 13798 pose_graph_2d.cc:680] Remaining work items in queue: 1
[cartographer_node-2] [INFO] [1779890636.194085477] [cartographer logger]: I20260527 23:03:56.-2147483648 13798 constraint_builder_2d.cc:447] 0 computations resulted in 0 additional constraints.
[cartographer_node-2] [INFO] [1779890636.194095482] [cartographer logger]: I20260527 23:03:56.-2147483648 13798 constraint_builder_2d.cc:449] Score histogram:
[cartographer_node-2] Count: 0
[cartographer_node-2] [INFO] [1779890637.841911924] [cartographer logger]: I20260527 23:03:57.-2147483648 13798 pose_graph_2d.cc:680] Remaining work items in queue: 1
[cartographer_node-2] [INFO] [1779890637.841949207] [cartographer logger]: I20260527 23:03:57.-2147483648 13798 constraint_builder_2d.cc:447] 0 computations resulted in 0 additional constraints.
[cartographer_node-2] [INFO] [1779890637.841958407] [cartographer logger]: I20260527 23:03:57.-2147483648 13798 constraint_builder_2d.cc:449] Score histogram:
[cartographer_node-2] Count: 0
[cartographer_node-2] [INFO] [1779890638.217269032] [cartographer logger]: I20260527 23:03:58.-2147483648 13749 sensor_bridge.cpp:95] Wheel odom input mode: nav_msgs/Odometry pose delta
[cartographer_node-2] [INFO] [1779890638.429074260] [cartographer logger]: I20260527 23:03:58.-2147483648 13801 pose_graph_2d.cc:680] Remaining work items in queue: 1
[cartographer_node-2] [INFO] [1779890638.429161739] [cartographer logger]: I20260527 23:03:58.-2147483648 13801 constraint_builder_2d.cc:447] 0 computations resulted in 0 additional constraints.
[cartographer_node-2] [INFO] [1779890638.429199602] [cartographer logger]: I20260527 23:03:58.-2147483648 13801 constraint_builder_2d.cc:449] Score histogram:
[cartographer_node-2] Count: 0
[cartographer_node-2] [INFO] [1779890638.849642230] [cartographer logger]: I20260527 23:03:58.-2147483648 13798 pose_graph_2d.cc:680] Remaining work items in queue: 1
[cartographer_node-2] [INFO] [1779890638.849679820] [cartographer logger]: I20260527 23:03:58.-2147483648 13798 constraint_builder_2d.cc:447] 0 computations resulted in 0 additional constraints.
[cartographer_node-2] [INFO] [1779890638.849689634] [cartographer logger]: I20260527 23:03:58.-2147483648 13798 constraint_builder_2d.cc:449] Score histogram:
[cartographer_node-2] Count: 0
[cartographer_node-2] [INFO] [1779890639.140964875] [cartographer logger]: I20260527 23:03:59.-2147483648 13801 pose_graph_2d.cc:680] Remaining work items in queue: 1
[cartographer_node-2] [INFO] [1779890639.141059422] [cartographer logger]: I20260527 23:03:59.-2147483648 13801 constraint_builder_2d.cc:447] 0 computations resulted in 0 additional constraints.
[cartographer_node-2] [INFO] [1779890639.141100583] [cartographer logger]: I20260527 23:03:59.-2147483648 13801 constraint_builder_2d.cc:449] Score histogram:
[cartographer_node-2] Count: 0
[cartographer_node-2] [INFO] [1779890639.242862819] [cartographer logger]: I20260527 23:03:59.-2147483648 13801 pose_graph_2d.cc:680] Remaining work items in queue: 1
[cartographer_node-2] [INFO] [1779890639.242957542] [cartographer logger]: I20260527 23:03:59.-2147483648 13801 constraint_builder_2d.cc:447] 0 computations resulted in 0 additional constraints.
[cartographer_node-2] [INFO] [1779890639.242995996] [cartographer logger]: I20260527 23:03:59.-2147483648 13801 constraint_builder_2d.cc:449] Score histogram:
[cartographer_node-2] Count: 0
[cartographer_node-2] [INFO] [1779890639.441254533] [cartographer logger]: I20260527 23:03:59.-2147483648 13798 pose_graph_2d.cc:680] Remaining work items in queue: 1
[cartographer_node-2] [INFO] [1779890639.441291023] [cartographer logger]: I20260527 23:03:59.-2147483648 13798 constraint_builder_2d.cc:447] 0 computations resulted in 0 additional constraints.
[cartographer_node-2] [INFO] [1779890639.441302832] [cartographer logger]: I20260527 23:03:59.-2147483648 13798 constraint_builder_2d.cc:449] Score histogram:
[cartographer_node-2] Count: 0
[cartographer_node-2] [INFO] [1779890639.580531070] [cartographer logger]: I20260527 23:03:59.-2147483648 13798 pose_graph_2d.cc:680] Remaining work items in queue: 1
[cartographer_node-2] [INFO] [1779890639.580598004] [cartographer logger]: I20260527 23:03:59.-2147483648 13798 constraint_builder_2d.cc:447] 0 computations resulted in 0 additional constraints.
[cartographer_node-2] [INFO] [1779890639.580610195] [cartographer logger]: I20260527 23:03:59.-2147483648 13798 constraint_builder_2d.cc:449] Score histogram:
[cartographer_node-2] Count: 0
[cartographer_node-2] [INFO] [1779890639.722904179] [cartographer logger]: I20260527 23:03:59.-2147483648 13749 motion_filter.cc:42] Motion filter reduced the number of nodes to 12.4%.
[cartographer_node-2] [INFO] [1779890639.742273680] [cartographer logger]: I20260527 23:03:59.-2147483648 13798 pose_graph_2d.cc:680] Remaining work items in queue: 1
[cartographer_node-2] [INFO] [1779890639.742308435] [cartographer logger]: I20260527 23:03:59.-2147483648 13798 constraint_builder_2d.cc:447] 0 computations resulted in 0 additional constraints.
[cartographer_node-2] [INFO] [1779890639.742319967] [cartographer logger]: I20260527 23:03:59.-2147483648 13798 constraint_builder_2d.cc:449] Score histogram:
[cartographer_node-2] Count: 0
[cartographer_node-2] [INFO] [1779890639.878094670] [cartographer logger]: I20260527 23:03:59.-2147483648 13798 pose_graph_2d.cc:680] Remaining work items in queue: 1
[cartographer_node-2] [INFO] [1779890639.878140711] [cartographer logger]: I20260527 23:03:59.-2147483648 13798 constraint_builder_2d.cc:447] 0 computations resulted in 0 additional constraints.
[cartographer_node-2] [INFO] [1779890639.878151695] [cartographer logger]: I20260527 23:03:59.-2147483648 13798 constraint_builder_2d.cc:449] Score histogram:
[cartographer_node-2] Count: 0
[cartographer_node-2] [INFO] [1779890639.946211683] [cartographer logger]: I20260527 23:03:59.-2147483648 13801 pose_graph_2d.cc:680] Remaining work items in queue: 2
[cartographer_node-2] [INFO] [1779890639.946242597] [cartographer logger]: I20260527 23:03:59.-2147483648 13801 constraint_builder_2d.cc:447] 0 computations resulted in 0 additional constraints.
[cartographer_node-2] [INFO] [1779890639.946252056] [cartographer logger]: I20260527 23:03:59.-2147483648 13801 constraint_builder_2d.cc:449] Score histogram:
[cartographer_node-2] Count: 0
[cartographer_node-2] [INFO] [1779890640.024149604] [cartographer logger]: I20260527 23:04:00.-2147483648 13800 pose_graph_2d.cc:680] Remaining work items in queue: 1
[cartographer_node-2] [INFO] [1779890640.024183345] [cartographer logger]: I20260527 23:04:00.-2147483648 13800 constraint_builder_2d.cc:447] 0 computations resulted in 0 additional constraints.
[cartographer_node-2] [INFO] [1779890640.024193045] [cartographer logger]: I20260527 23:04:00.-2147483648 13800 constraint_builder_2d.cc:449] Score histogram:
[cartographer_node-2] Count: 0
[cartographer_node-2] [INFO] [1779890640.075467872] [cartographer logger]: I20260527 23:04:00.-2147483648 13801 pose_graph_2d.cc:680] Remaining work items in queue: 1
[cartographer_node-2] [INFO] [1779890640.075501279] [cartographer logger]: I20260527 23:04:00.-2147483648 13801 constraint_builder_2d.cc:447] 0 computations resulted in 0 additional constraints.
[cartographer_node-2] [INFO] [1779890640.075510535] [cartographer logger]: I20260527 23:04:00.-2147483648 13801 constraint_builder_2d.cc:449] Score histogram:
[cartographer_node-2] Count: 0
[cartographer_node-2] [INFO] [1779890640.143557565] [cartographer logger]: I20260527 23:04:00.-2147483648 13800 pose_graph_2d.cc:680] Remaining work items in queue: 1
[cartographer_node-2] [INFO] [1779890640.143587018] [cartographer logger]: I20260527 23:04:00.-2147483648 13800 constraint_builder_2d.cc:447] 0 computations resulted in 0 additional constraints.
[cartographer_node-2] [INFO] [1779890640.143596488] [cartographer logger]: I20260527 23:04:00.-2147483648 13800 constraint_builder_2d.cc:449] Score histogram:
[cartographer_node-2] Count: 0
[cartographer_node-2] [INFO] [1779890640.247710327] [cartographer logger]: I20260527 23:04:00.-2147483648 13798 pose_graph_2d.cc:680] Remaining work items in queue: 0
[cartographer_node-2] [INFO] [1779890640.247740147] [cartographer logger]: I20260527 23:04:00.-2147483648 13798 constraint_builder_2d.cc:447] 0 computations resulted in 0 additional constraints.
[cartographer_node-2] [INFO] [1779890640.247750795] [cartographer logger]: I20260527 23:04:00.-2147483648 13798 constraint_builder_2d.cc:449] Score histogram:
[cartographer_node-2] Count: 0
[cartographer_node-2] [INFO] [1779890640.325185575] [cartographer logger]: I20260527 23:04:00.-2147483648 13800 pose_graph_2d.cc:680] Remaining work items in queue: 1
[cartographer_node-2] [INFO] [1779890640.325215129] [cartographer logger]: I20260527 23:04:00.-2147483648 13800 constraint_builder_2d.cc:447] 0 computations resulted in 0 additional constraints.
[cartographer_node-2] [INFO] [1779890640.325224630] [cartographer logger]: I20260527 23:04:00.-2147483648 13800 constraint_builder_2d.cc:449] Score histogram:
[cartographer_node-2] Count: 0
[cartographer_node-2] [INFO] [1779890640.375987252] [cartographer logger]: I20260527 23:04:00.-2147483648 13799 pose_graph_2d.cc:680] Remaining work items in queue: 1
[cartographer_node-2] [INFO] [1779890640.376014904] [cartographer logger]: I20260527 23:04:00.-2147483648 13799 constraint_builder_2d.cc:447] 0 computations resulted in 0 additional constraints.
[cartographer_node-2] [INFO] [1779890640.376024169] [cartographer logger]: I20260527 23:04:00.-2147483648 13799 constraint_builder_2d.cc:449] Score histogram:
[cartographer_node-2] Count: 0
[cartographer_node-2] [INFO] [1779890640.443023842] [cartographer logger]: I20260527 23:04:00.-2147483648 13799 pose_graph_2d.cc:680] Remaining work items in queue: 1
[cartographer_node-2] [INFO] [1779890640.443052180] [cartographer logger]: I20260527 23:04:00.-2147483648 13799 constraint_builder_2d.cc:447] 0 computations resulted in 0 additional constraints.
[cartographer_node-2] [INFO] [1779890640.443061444] [cartographer logger]: I20260527 23:04:00.-2147483648 13799 constraint_builder_2d.cc:449] Score histogram:
[cartographer_node-2] Count: 0
[cartographer_node-2] [INFO] [1779890640.469274452] [cartographer logger]: I20260527 23:04:00.-2147483648 13749 sensor_bridge.cpp:95] Wheel odom input mode: nav_msgs/Odometry pose delta
[cartographer_node-2] [INFO] [1779890640.471942636] [cartographer logger]: I20260527 23:04:00.-2147483648 13749 pose_graph_2d.cc:148] Inserted submap (0, 1).
[cartographer_node-2] [INFO] [1779890640.494708809] [cartographer logger]: I20260527 23:04:00.-2147483648 13801 pose_graph_2d.cc:680] Remaining work items in queue: 2
[cartographer_node-2] [INFO] [1779890640.494737294] [cartographer logger]: I20260527 23:04:00.-2147483648 13801 constraint_builder_2d.cc:447] 0 computations resulted in 0 additional constraints.
[cartographer_node-2] [INFO] [1779890640.494746677] [cartographer logger]: I20260527 23:04:00.-2147483648 13801 constraint_builder_2d.cc:449] Score histogram:
[cartographer_node-2] Count: 0
[cartographer_node-2] [INFO] [1779890640.628185861] [cartographer logger]: I20260527 23:04:00.-2147483648 13800 pose_graph_2d.cc:680] Remaining work items in queue: 1
[cartographer_node-2] [INFO] [1779890640.628220857] [cartographer logger]: I20260527 23:04:00.-2147483648 13800 constraint_builder_2d.cc:447] 0 computations resulted in 0 additional constraints.
[cartographer_node-2] [INFO] [1779890640.628230373] [cartographer logger]: I20260527 23:04:00.-2147483648 13800 constraint_builder_2d.cc:449] Score histogram:
[cartographer_node-2] Count: 0
[cartographer_node-2] [INFO] [1779890640.941856509] [cartographer logger]: I20260527 23:04:00.-2147483648 13799 pose_graph_2d.cc:680] Remaining work items in queue: 1
[cartographer_node-2] [INFO] [1779890640.941895246] [cartographer logger]: I20260527 23:04:00.-2147483648 13799 constraint_builder_2d.cc:447] 0 computations resulted in 0 additional constraints.
[cartographer_node-2] [INFO] [1779890640.941933322] [cartographer logger]: I20260527 23:04:00.-2147483648 13799 constraint_builder_2d.cc:449] Score histogram:
[cartographer_node-2] Count: 0
[cartographer_node-2] [INFO] [1779890641.307418457] [cartographer logger]: I20260527 23:04:01.-2147483648 13749 collated_trajectory_builder.cc:81] imu rate: 44.00 Hz 2.27e-02 s +/- 1.13e-02 s (pulsed at 99.85% real time)
[cartographer_node-2] [INFO] [1779890641.307454421] [cartographer logger]: I20260527 23:04:01.-2147483648 13749 collated_trajectory_builder.cc:81] odom_wheel rate: 44.18 Hz 2.26e-02 s +/- 1.03e-02 s (pulsed at 99.73% real time)
[cartographer_node-2] [INFO] [1779890641.307472552] [cartographer logger]: I20260527 23:04:01.-2147483648 13749 collated_trajectory_builder.cc:81] scan rate: 39.58 Hz 2.53e-02 s +/- 7.26e-03 s (pulsed at 99.59% real time)
[cartographer_node-2] [INFO] [1779890641.680070331] [cartographer logger]: I20260527 23:04:01.-2147483648 13800 pose_graph_2d.cc:680] Remaining work items in queue: 2
[cartographer_node-2] [INFO] [1779890641.680106263] [cartographer logger]: I20260527 23:04:01.-2147483648 13800 constraint_builder_2d.cc:447] 0 computations resulted in 0 additional constraints.
[cartographer_node-2] [INFO] [1779890641.680115844] [cartographer logger]: I20260527 23:04:01.-2147483648 13800 constraint_builder_2d.cc:449] Score histogram:
[cartographer_node-2] Count: 0
[cartographer_node-2] [INFO] [1779890642.409543192] [cartographer logger]: I20260527 23:04:02.-2147483648 13799 pose_graph_2d.cc:680] Remaining work items in queue: 0
[cartographer_node-2] [INFO] [1779890642.409577291] [cartographer logger]: I20260527 23:04:02.-2147483648 13799 constraint_builder_2d.cc:447] 0 computations resulted in 0 additional constraints.
[cartographer_node-2] [INFO] [1779890642.409588388] [cartographer logger]: I20260527 23:04:02.-2147483648 13799 constraint_builder_2d.cc:449] Score histogram:
[cartographer_node-2] Count: 0
[cartographer_node-2] [INFO] [1779890642.724360037] [cartographer logger]: I20260527 23:04:02.-2147483648 13749 sensor_bridge.cpp:95] Wheel odom input mode: nav_msgs/Odometry pose delta
[cartographer_node-2] [INFO] [1779890642.726955767] [cartographer logger]: I20260527 23:04:02.-2147483648 13801 pose_graph_2d.cc:680] Remaining work items in queue: 1
[cartographer_node-2] [INFO] [1779890642.726984959] [cartographer logger]: I20260527 23:04:02.-2147483648 13801 constraint_builder_2d.cc:447] 0 computations resulted in 0 additional constraints.
[cartographer_node-2] [INFO] [1779890642.726994543] [cartographer logger]: I20260527 23:04:02.-2147483648 13801 constraint_builder_2d.cc:449] Score histogram:
[cartographer_node-2] Count: 0
[cartographer_node-2] [INFO] [1779890643.058233532] [cartographer logger]: I20260527 23:04:03.-2147483648 13798 pose_graph_2d.cc:680] Remaining work items in queue: 1
[cartographer_node-2] [INFO] [1779890643.058268768] [cartographer logger]: I20260527 23:04:03.-2147483648 13798 constraint_builder_2d.cc:447] 0 computations resulted in 0 additional constraints.
[cartographer_node-2] [INFO] [1779890643.058279901] [cartographer logger]: I20260527 23:04:03.-2147483648 13798 constraint_builder_2d.cc:449] Score histogram:
[cartographer_node-2] Count: 0
[cartographer_node-2] [INFO] [1779890643.309436989] [cartographer logger]: I20260527 23:04:03.-2147483648 13800 pose_graph_2d.cc:680] Remaining work items in queue: 1
[cartographer_node-2] [INFO] [1779890643.309471985] [cartographer logger]: I20260527 23:04:03.-2147483648 13800 constraint_builder_2d.cc:447] 0 computations resulted in 0 additional constraints.
[cartographer_node-2] [INFO] [1779890643.309481698] [cartographer logger]: I20260527 23:04:03.-2147483648 13800 constraint_builder_2d.cc:449] Score histogram:
[cartographer_node-2] Count: 0
[cartographer_node-2] [INFO] [1779890643.430831506] [cartographer logger]: I20260527 23:04:03.-2147483648 13801 pose_graph_2d.cc:680] Remaining work items in queue: 1
[cartographer_node-2] [INFO] [1779890643.430865145] [cartographer logger]: I20260527 23:04:03.-2147483648 13801 constraint_builder_2d.cc:447] 0 computations resulted in 0 additional constraints.
[cartographer_node-2] [INFO] [1779890643.430874818] [cartographer logger]: I20260527 23:04:03.-2147483648 13801 constraint_builder_2d.cc:449] Score histogram:
[cartographer_node-2] Count: 0
[cartographer_node-2] [INFO] [1779890643.573580803] [cartographer logger]: I20260527 23:04:03.-2147483648 13801 pose_graph_2d.cc:680] Remaining work items in queue: 1
[cartographer_node-2] [INFO] [1779890643.573615597] [cartographer logger]: I20260527 23:04:03.-2147483648 13801 constraint_builder_2d.cc:447] 0 computations resulted in 0 additional constraints.
[cartographer_node-2] [INFO] [1779890643.573625029] [cartographer logger]: I20260527 23:04:03.-2147483648 13801 constraint_builder_2d.cc:449] Score histogram:
[cartographer_node-2] Count: 0
[cartographer_node-2] [INFO] [1779890643.703139201] [cartographer logger]: I20260527 23:04:03.-2147483648 13798 pose_graph_2d.cc:680] Remaining work items in queue: 1
[cartographer_node-2] [INFO] [1779890643.703206099] [cartographer logger]: I20260527 23:04:03.-2147483648 13798 constraint_builder_2d.cc:447] 0 computations resulted in 0 additional constraints.
[cartographer_node-2] [INFO] [1779890643.703217680] [cartographer logger]: I20260527 23:04:03.-2147483648 13798 constraint_builder_2d.cc:449] Score histogram:
[cartographer_node-2] Count: 0
[cartographer_node-2] [INFO] [1779890643.804674094] [cartographer logger]: I20260527 23:04:03.-2147483648 13801 pose_graph_2d.cc:680] Remaining work items in queue: 1
[cartographer_node-2] [INFO] [1779890643.804716332] [cartographer logger]: I20260527 23:04:03.-2147483648 13801 constraint_builder_2d.cc:447] 0 computations resulted in 0 additional constraints.
[cartographer_node-2] [INFO] [1779890643.804727446] [cartographer logger]: I20260527 23:04:03.-2147483648 13801 constraint_builder_2d.cc:449] Score histogram:
[cartographer_node-2] Count: 0
[cartographer_node-2] [INFO] [1779890643.982997224] [cartographer logger]: I20260527 23:04:03.-2147483648 13801 pose_graph_2d.cc:680] Remaining work items in queue: 1
[cartographer_node-2] [INFO] [1779890643.983035020] [cartographer logger]: I20260527 23:04:03.-2147483648 13801 constraint_builder_2d.cc:447] 0 computations resulted in 0 additional constraints.
[cartographer_node-2] [INFO] [1779890643.983045905] [cartographer logger]: I20260527 23:04:03.-2147483648 13801 constraint_builder_2d.cc:449] Score histogram:
[cartographer_node-2] Count: 0
[cartographer_node-2] [INFO] [1779890644.103061202] [cartographer logger]: I20260527 23:04:04.-2147483648 13798 pose_graph_2d.cc:680] Remaining work items in queue: 0
[cartographer_node-2] [INFO] [1779890644.103087396] [cartographer logger]: I20260527 23:04:04.-2147483648 13798 constraint_builder_2d.cc:447] 0 computations resulted in 0 additional constraints.
[cartographer_node-2] [INFO] [1779890644.103097998] [cartographer logger]: I20260527 23:04:04.-2147483648 13798 constraint_builder_2d.cc:449] Score histogram:
[cartographer_node-2] Count: 0
[cartographer_node-2] [INFO] [1779890644.203363143] [cartographer logger]: I20260527 23:04:04.-2147483648 13798 pose_graph_2d.cc:680] Remaining work items in queue: 1
[cartographer_node-2] [INFO] [1779890644.203391189] [cartographer logger]: I20260527 23:04:04.-2147483648 13798 constraint_builder_2d.cc:447] 0 computations resulted in 0 additional constraints.
[cartographer_node-2] [INFO] [1779890644.203402036] [cartographer logger]: I20260527 23:04:04.-2147483648 13798 constraint_builder_2d.cc:449] Score histogram:
[cartographer_node-2] Count: 0
[cartographer_node-2] [INFO] [1779890644.383898891] [cartographer logger]: I20260527 23:04:04.-2147483648 13799 pose_graph_2d.cc:680] Remaining work items in queue: 1
[cartographer_node-2] [INFO] [1779890644.383930802] [cartographer logger]: I20260527 23:04:04.-2147483648 13799 constraint_builder_2d.cc:447] 0 computations resulted in 0 additional constraints.
[cartographer_node-2] [INFO] [1779890644.383941801] [cartographer logger]: I20260527 23:04:04.-2147483648 13799 constraint_builder_2d.cc:449] Score histogram:
[cartographer_node-2] Count: 0
[cartographer_node-2] [INFO] [1779890644.502335746] [cartographer logger]: I20260527 23:04:04.-2147483648 13799 pose_graph_2d.cc:680] Remaining work items in queue: 0
[cartographer_node-2] [INFO] [1779890644.502372382] [cartographer logger]: I20260527 23:04:04.-2147483648 13799 constraint_builder_2d.cc:447] 0 computations resulted in 0 additional constraints.
[cartographer_node-2] [INFO] [1779890644.502383549] [cartographer logger]: I20260527 23:04:04.-2147483648 13799 constraint_builder_2d.cc:449] Score histogram:
[cartographer_node-2] Count: 0
[cartographer_node-2] [INFO] [1779890644.658561321] [cartographer logger]: I20260527 23:04:04.-2147483648 13798 pose_graph_2d.cc:680] Remaining work items in queue: 2
[cartographer_node-2] [INFO] [1779890644.658592584] [cartographer logger]: I20260527 23:04:04.-2147483648 13798 constraint_builder_2d.cc:447] 0 computations resulted in 0 additional constraints.
[cartographer_node-2] [INFO] [1779890644.658603507] [cartographer logger]: I20260527 23:04:04.-2147483648 13798 constraint_builder_2d.cc:449] Score histogram:
[cartographer_node-2] Count: 0
[cartographer_node-2] [INFO] [1779890644.753448719] [cartographer logger]: I20260527 23:04:04.-2147483648 13799 pose_graph_2d.cc:680] Remaining work items in queue: 2
[cartographer_node-2] [INFO] [1779890644.753479299] [cartographer logger]: I20260527 23:04:04.-2147483648 13799 constraint_builder_2d.cc:447] 0 computations resulted in 0 additional constraints.
[cartographer_node-2] [INFO] [1779890644.753490388] [cartographer logger]: I20260527 23:04:04.-2147483648 13799 constraint_builder_2d.cc:449] Score histogram:
[cartographer_node-2] Count: 0
[cartographer_node-2] [INFO] [1779890644.848691122] [cartographer logger]: I20260527 23:04:04.-2147483648 13749 sensor_bridge.cpp:95] Wheel odom input mode: nav_msgs/Odometry pose delta
[cartographer_node-2] [INFO] [1779890644.882598428] [cartographer logger]: I20260527 23:04:04.-2147483648 13799 pose_graph_2d.cc:680] Remaining work items in queue: 1
[cartographer_node-2] [INFO] [1779890644.882627118] [cartographer logger]: I20260527 23:04:04.-2147483648 13799 constraint_builder_2d.cc:447] 0 computations resulted in 0 additional constraints.
[cartographer_node-2] [INFO] [1779890644.882637987] [cartographer logger]: I20260527 23:04:04.-2147483648 13799 constraint_builder_2d.cc:449] Score histogram:
[cartographer_node-2] Count: 0
[cartographer_node-2] [INFO] [1779890645.090282195] [cartographer logger]: I20260527 23:04:05.-2147483648 13798 pose_graph_2d.cc:680] Remaining work items in queue: 1
[cartographer_node-2] [INFO] [1779890645.090317478] [cartographer logger]: I20260527 23:04:05.-2147483648 13798 constraint_builder_2d.cc:447] 0 computations resulted in 0 additional constraints.
[cartographer_node-2] [INFO] [1779890645.090328505] [cartographer logger]: I20260527 23:04:05.-2147483648 13798 constraint_builder_2d.cc:449] Score histogram:
[cartographer_node-2] Count: 0
[cartographer_node-2] [INFO] [1779890645.237171413] [cartographer logger]: I20260527 23:04:05.-2147483648 13798 pose_graph_2d.cc:680] Remaining work items in queue: 0
[cartographer_node-2] [INFO] [1779890645.237202124] [cartographer logger]: I20260527 23:04:05.-2147483648 13798 constraint_builder_2d.cc:447] 0 computations resulted in 0 additional constraints.
[cartographer_node-2] [INFO] [1779890645.237213368] [cartographer logger]: I20260527 23:04:05.-2147483648 13798 constraint_builder_2d.cc:449] Score histogram:
[cartographer_node-2] Count: 0
[cartographer_node-2] [INFO] [1779890645.358499838] [cartographer logger]: I20260527 23:04:05.-2147483648 13801 pose_graph_2d.cc:680] Remaining work items in queue: 1
[cartographer_node-2] [INFO] [1779890645.358543365] [cartographer logger]: I20260527 23:04:05.-2147483648 13801 constraint_builder_2d.cc:447] 0 computations resulted in 0 additional constraints.
[cartographer_node-2] [INFO] [1779890645.358554567] [cartographer logger]: I20260527 23:04:05.-2147483648 13801 constraint_builder_2d.cc:449] Score histogram:
[cartographer_node-2] Count: 0
[cartographer_node-2] [INFO] [1779890645.542771678] [cartographer logger]: I20260527 23:04:05.-2147483648 13801 pose_graph_2d.cc:680] Remaining work items in queue: 1
[cartographer_node-2] [INFO] [1779890645.542804566] [cartographer logger]: I20260527 23:04:05.-2147483648 13801 constraint_builder_2d.cc:447] 0 computations resulted in 0 additional constraints.
[cartographer_node-2] [INFO] [1779890645.542815701] [cartographer logger]: I20260527 23:04:05.-2147483648 13801 constraint_builder_2d.cc:449] Score histogram:
[cartographer_node-2] Count: 0
[cartographer_node-2] [INFO] [1779890646.334531686] [cartographer logger]: I20260527 23:04:06.-2147483648 13799 pose_graph_2d.cc:680] Remaining work items in queue: 0
[cartographer_node-2] [INFO] [1779890646.334564683] [cartographer logger]: I20260527 23:04:06.-2147483648 13799 constraint_builder_2d.cc:447] 0 computations resulted in 0 additional constraints.
[cartographer_node-2] [INFO] [1779890646.334578122] [cartographer logger]: I20260527 23:04:06.-2147483648 13799 constraint_builder_2d.cc:449] Score histogram:
[cartographer_node-2] Count: 0
[WARNING] [launch]: user interrupted with ctrl-c (SIGINT)
[INFO] [trajectory_to_odom-4]: sending signal 'SIGINT' to process[trajectory_to_odom-4]
[INFO] [cartographer_occupancy_grid_node-3]: sending signal 'SIGINT' to process[cartographer_occupancy_grid_node-3]
[INFO] [cartographer_node-2]: sending signal 'SIGINT' to process[cartographer_node-2]
[INFO] [ros2-1]: sending signal 'SIGINT' to process[ros2-1]
[cartographer_node-2] [INFO] [1779890646.405973119] [rclcpp]: signal_handler(SIGINT/SIGTERM)
[trajectory_to_odom-4] [INFO] [1779890646.406090207] [rclcpp]: signal_handler(SIGINT/SIGTERM)
[cartographer_occupancy_grid_node-3] [INFO] [1779890646.406107057] [rclcpp]: signal_handler(SIGINT/SIGTERM)
[cartographer_node-2] [INFO] [1779890646.408702119] [rclcpp]: signal_handler(SIGINT/SIGTERM)
[cartographer_node-2] [WARN] [1779890646.409985181] [cartographer logger]: W20260527 23:04:06.-2147483648 13749 tf_bridge.cpp:53] Lookup would require extrapolation into the future.  Requested time 1779099305.903352 but the latest data is at time 1779099305.879571, when looking up transform from frame [laser] to frame [imu]
[ERROR] [trajectory_to_odom-4]: process has died [pid 13751, exit code -2, cmd '/home/rcv/SLAM_main-SLAM_IMU_WHEEL_tun/install/cartographer_ros/lib/cartographer_ros/trajectory_to_odom --ros-args -r __node:=trajectory_to_odom --params-file /tmp/launch_params_9z65go45'].
[cartographer_node-2] [INFO] [1779890646.410375636] [cartographer logger]: I20260527 23:04:06.-2147483648 13749 node.cpp:873] Shutdown the subscriber of [scan]
[ERROR] [cartographer_occupancy_grid_node-3]: process has died [pid 13750, exit code -2, cmd '/home/rcv/SLAM_main-SLAM_IMU_WHEEL_tun/install/cartographer_ros/lib/cartographer_ros/cartographer_occupancy_grid_node --ros-args -r __node:=occupancy_grid_node --params-file /tmp/launch_params_kfolzt9x --params-file /tmp/launch_params_mehuuul6 -r map:=map -r occupancy_grid:=map'].
[cartographer_node-2] [INFO] [1779890646.410538444] [cartographer logger]: I20260527 23:04:06.-2147483648 13749 node.cpp:873] Shutdown the subscriber of [imu]
[cartographer_node-2] [INFO] [1779890646.410657667] [cartographer logger]: I20260527 23:04:06.-2147483648 13749 node.cpp:873] Shutdown the subscriber of [odom_wheel]
[cartographer_node-2] [INFO] [1779890646.410784477] [cartographer logger]: I20260527 23:04:06.-2147483648 13749 node.cpp:873] Shutdown the subscriber of [ackermann_cmd]
[cartographer_node-2] [INFO] [1779890646.410794633] [cartographer logger]: I20260527 23:04:06.-2147483648 13749 map_builder_bridge.cpp:158] Finishing trajectory with ID '0'...
[ros2-1] [INFO] [1779890646.413949271] [rosbag2_player]: Stopping playback.
[cartographer_node-2] [WARN] [1779890646.421814932] [cartographer logger]: W20260527 23:04:06.-2147483648 13749 node.cpp:1077] Can't run final optimization if there are one or more active trajectories. Trying to finish trajectory with ID 0 now.
[cartographer_node-2] [INFO] [1779890646.421828500] [cartographer logger]: I20260527 23:04:06.-2147483648 13749 node.cpp:855] Trajectory 0 already pending to finish.
[cartographer_node-2] [INFO] [1779890646.421836184] [cartographer logger]: I20260527 23:04:06.-2147483648 13749 map_builder_bridge.cpp:167] Running final trajectory optimization...
[cartographer_node-2] [INFO] [1779890646.421896313] [cartographer logger]: I20260527 23:04:06.-2147483648 13799 pose_graph_2d.cc:680] Remaining work items in queue: 2
[cartographer_node-2] [INFO] [1779890646.421918770] [cartographer logger]: I20260527 23:04:06.-2147483648 13799 constraint_builder_2d.cc:447] 0 computations resulted in 0 additional constraints.
[cartographer_node-2] [INFO] [1779890646.421929723] [cartographer logger]: I20260527 23:04:06.-2147483648 13799 constraint_builder_2d.cc:449] Score histogram:
[cartographer_node-2] Count: 0
[cartographer_node-2] [INFO] [1779890646.427329127] [cartographer logger]: I20260527 23:04:06.-2147483648 13799 pose_graph_2d.cc:680] Remaining work items in queue: 1
[cartographer_node-2] [INFO] [1779890646.427357756] [cartographer logger]: I20260527 23:04:06.-2147483648 13799 constraint_builder_2d.cc:447] 0 computations resulted in 0 additional constraints.
[cartographer_node-2] [INFO] [1779890646.427367843] [cartographer logger]: I20260527 23:04:06.-2147483648 13799 constraint_builder_2d.cc:449] Score histogram:
[cartographer_node-2] Count: 0
[cartographer_node-2] [INFO] [1779890646.432355078] [cartographer logger]: I20260527 23:04:06.-2147483648 13798 constraint_builder_2d.cc:447] 0 computations resulted in 0 additional constraints.
[cartographer_node-2] [INFO] [1779890646.432374671] [cartographer logger]: I20260527 23:04:06.-2147483648 13798 constraint_builder_2d.cc:449] Score histogram:
[cartographer_node-2] Count: 0
[cartographer_node-2] [KOptimizing: Done.     
[cartographer_node-2] [INFO] [1779890646.434426611] [cartographer logger]: I20260527 23:04:06.-2147483648 13800 constraint_builder_2d.cc:447] 0 computations resulted in 0 additional constraints.
[cartographer_node-2] [INFO] [1779890646.434446153] [cartographer logger]: I20260527 23:04:06.-2147483648 13800 constraint_builder_2d.cc:449] Score histogram:
[cartographer_node-2] Count: 0
[cartographer_node-2] [KOptimizing: Done.     
[INFO] [cartographer_node-2]: process has finished cleanly [pid 13749]
[INFO] [ros2-1]: process has finished cleanly [pid 13748]
