stamp,rt_correlative_score,ceres_final_cost,translation_residual,rotation_residual,num_filtered_points,was_outlier,medium_outlier_streak,inserted_to_submap,num_insertion_submaps,pose_prediction_x,pose_prediction_y,pose_prediction_yaw,pose_estimate_x,pose_estimate_y,pose_estimate_yaw
639049412035580589,nan,nan,0,0,203,0,0,1,1,0,0,-1.2288753998765385e-17,0,0,-1.2288753998765385e-17
639049412035780397,nan,350.9483639061732,0.0322895575012664,0.0071062513441702124,201,0,0,0,0,0,0,1.1983496877101943e-14,-0.025580210846717251,0.01970452579142869,-0.0071062513441582289
639049412035980218,nan,333.60385534565972,0.012609692088041051,0.0030949161392167341,200,0,0,0,0,-0.051162086004878524,0.039410333607777751,-0.0071062513441578551,-0.039673250401658186,0.034213123679616118,-0.010201167483374589
639049412036281017,nan,347.49295042500859,0.043090552982103923,0.0026477899074921051,203,0,0,0,0,-0.060888098716333217,0.056053529523691019,-0.010201167483373946,-0.029819218927694759,0.026195189566777164,-0.0075533775758818405
639049412036580701,nan,324.90203572569243,0.0040742063844760121,0.00013297285168615593,202,0,0,0,0,-0.020001714320820218,0.018206976285908446,-0.0075533775758818613,-0.023079192505358455,0.015537091328275189,-0.0074204047241957054
639049412036779843,nan,328.80375895410577,0.002337608173230238,0.00086380897097542136,215,0,0,0,0,-0.018600400371654634,0.0084547145600401136,-0.0074204047241938588,-0.020863694394495244,0.0090394470952446949,-0.0065565957532184374
639049412037085356,nan,335.43864056587921,0.014772056238604553,0.00069914216200950459,202,0,0,0,0,-0.017464795747579212,-0.00092889098796148685,-0.0065565957532184617,-0.024244789006540958,0.012195336110230963,-0.0072557379152279663
639049412037280642,nan,336.97260417496472,0.0025005828072997929,0.0002039902920256435,200,0,0,0,0,-0.026406007816895866,0.014212601962029767,-0.0072557379152268916,-0.023925984322784387,0.014532598594540806,-0.0070517476232012481
639049412037580746,nan,341.75118909202331,0.0038483399084484225,0.001316792477666355,202,0,0,0,0,-0.023436064099040331,0.01812436564692204,-0.0070517476232066396,-0.0271116556243946,0.019264430114266186,-0.0083685401008729947
639049412037780662,nan,327.9655962295999,0.0095390087182694819,0.0020804608010144407,218,0,0,0,0,-0.029233808824394292,0.022416566807204032,-0.0083685401008718931,-0.021866991154856529,0.016356642323268,-0.0062880792998574525
639049412038080899,nan,332.74454764843415,0.012308836564601881,0.0014629815759228306,211,0,0,0,0,-0.013990471384849617,0.011989680784392061,-0.0062880792998538347,-0.024348418177871655,0.018639522572510385,-0.0077510608757766653
639049412038280923,nan,339.48363458268983,0.0073693749191575831,0.0014096226481250832,210,0,0,0,0,-0.026001595364066488,0.020160423857077107,-0.0077510608757760243,-0.031545273218476465,0.025015866426568917,-0.0091606835239011076
639049412038580809,nan,342.14473552491665,0.020628145949007526,0.0013137602390840154,201,0,0,0,0,-0.042335158785742462,0.034575600523568263,-0.0091606835239066379,-0.026667735768331053,0.02115724513674672,-0.0078469232848226225
639049412038780873,nan,336.07935357669942,0.0028455859225355253,0.00017832862906921702,214,0,0,0,0,-0.023413767085478598,0.018583029569074379,-0.0078469232848222895,-0.024988674518728257,0.016213003025082239,-0.0076685946557530724
639049412039080952,nan,340.62082110988973,0.0089956445640326493,0.00042984691936795091,200,0,0,0,0,-0.022470225318874423,0.0087970599837246428,-0.0076685946557521504,-0.022278805075754662,0.01779066768102466,-0.0072387477363841995
639049412039280843,nan,327.17305918476694,0.0044047789716713274,0.00051308559292224682,214,0,0,0,0,-0.020473685381189446,0.018841594156189488,-0.00723874773638402,-0.024557115516985358,0.017190026381209696,-0.0077518333293062668
639049412039580899,nan,346.9553764268141,0.0089469389219612016,0.0016180659681193817,202,0,0,0,0,-0.027977082988026664,0.016288404868198714,-0.0077518333293049961,-0.032044696980819548,0.024257233670409224,-0.0093698992974243778
639049412039780759,nan,343.78734627484249,0.019515868769741523,0.0029899873162772834,205,0,0,0,0,-0.03703199279014148,0.028964528471444421,-0.0093698992974243084,-0.021456843201985772,0.017205113131201284,-0.006379911981147025
639049412040084514,nan,343.73697390528196,0.013870429610327323,0.00017123384423520585,202,0,0,0,0,-0.0053650112967038067,0.0064870260983427418,-0.0063799119811516845,-0.018478996009092887,0.011005014869717729,-0.0062086781369164786
639049412040280963,nan,333.80559185974352,0.0098752042461608056,0.0012583777625282981,200,0,0,0,0,-0.01655311790602754,0.0069951941149311971,-0.0062086781369164621,-0.024779646777419787,0.012458149508446892,-0.0074670558994447602
639049412040581019,nan,342.27592303060942,0.0092018930584124598,0.00066630436929368889,216,0,0,0,0,-0.034403254263032319,0.014677665857008188,-0.0074670558994448036,-0.027339666793354339,0.020575171085209995,-0.0081333602687384925
639049412040780938,nan,336.74558962726644,0.0081183428692691781,0.00093899849691595795,210,0,0,0,0,-0.02904533720676257,0.025983317686527424,-0.0081333602687385029,-0.022662461140062037,0.020966706872426411,-0.0071943617718225449
639049412041081359,nan,343.19766493888642,0.0086459480017659594,0.00054179634457079094,200,0,0,0,0,-0.015633960599504476,0.021555073024374663,-0.0071943617718254844,-0.023920508633955572,0.01908818459520413,-0.0077361581163962754
639049412041282477,nan,338.74359424043075,0.0039772302671199208,0.00030033903842820262,216,0,0,0,0,-0.024762713392866835,0.0178306005935851,-0.0077361581163962632,-0.026452182582020974,0.014230037518648951,-0.0080364971548244658
639049412041580739,nan,330.08197448960453,0.012482502124036347,0.00010305925601197287,207,0,0,0,0,-0.030206705474541202,0.007025308636363423,-0.0080364971548245057,-0.025418443700481051,0.018552901987086992,-0.0079334378988125329
639049412041781362,nan,324.3897478783768,0.0034696237071959895,0.00050352563086021596,212,0,0,0,0,-0.024723109411730945,0.021460634243463752,-0.0079334378988125381,-0.02329383268556624,0.018299075022196444,-0.0074299122679523221
639049412042081262,nan,341.56249878799741,0.011446906235414183,0.0020584242586978146,214,0,0,0,0,-0.020117871587521888,0.017919643417790791,-0.0074299122679523117,-0.029689579716276518,0.024197705687336753,-0.0094883365266501263
639049412042281163,nan,343.73091578832651,0.0073616488352911463,0.001032737101334712,218,0,0,0,0,-0.033952721520831425,0.028129490177474174,-0.0094883365266501211,-0.027745074820128463,0.024172345245405711,-0.008455599425315409
639049412042580361,nan,343.74306154085889,0.0044550355164020639,0.00020610394214038742,200,0,0,0,0,-0.02483467429227865,0.024134387488791768,-0.0084555994253155946,-0.027776483053780981,0.020788778028147575,-0.0086617033674559821
639049412042781015,nan,344.70827461553779,0.0030865487165239792,0.00052665080726226922,200,0,0,0,0,-0.027797546656195812,0.018519624168791181,-0.0086617033674559907,-0.029172160753161577,0.015756072276045394,-0.0081350525601937215
639049412043080797,nan,324.37437458948983,0.0084897963670586257,0.00056525011605287889,203,0,0,0,0,-0.031257337485624995,0.0082370863810385872,-0.0081350525601940043,-0.022922227328822924,0.0098503380750084961,-0.0075698024441411254
639049412043280769,nan,331.98690445379168,0.0093074993065379134,0.00030035259893258087,200,0,0,0,0,-0.018753158849955449,0.0059108704630446334,-0.0075698024441389084,-0.022454689389126276,0.01445067227624788,-0.0072694498452063275
639049412043585152,nan,331.4458722198973,0.0058557120543304498,0.0011498882062962188,211,0,0,0,0,-0.021743036754263971,0.021452970223839782,-0.0072694498452072305,-0.026905867477775697,0.024216037827716735,-0.0084193380515034492
639049412043781141,nan,351.47385782329678,0.010348667994029864,0.00027697229346040561,215,0,0,0,0,-0.02977193405316365,0.030503853602798881,-0.0084193380515002608,-0.026819280035354404,0.020585347490396016,-0.0081423657580398552
639049412044081362,nan,339.75299194789199,0.0019837491183112045,0.00070794705516964186,209,0,0,0,0,-0.026686643160064652,0.01502376248429484,-0.0081423657580398465,-0.028668100344446907,0.014928431529928341,-0.0088503128132094884
639049412044281419,nan,330.32815639701704,0.0067995346414054846,0.00085460647564761759,215,0,0,0,0,-0.029900090926638423,0.011158856329315188,-0.0088503128131989725,-0.024924860710780487,0.015793589939662973,-0.0079957063375513549
639049412044582244,nan,340.13221304454765,0.011248306063189191,0.0010485305425799452,217,0,0,0,0,-0.019296164575190625,0.017094525566051556,-0.0079957063375521633,-0.03012329878429126,0.020143714656498637,-0.0090442368801321085
639049412044781037,nan,354.07704933346645,0.008479717854808104,0.0009180318266849008,203,0,0,0,0,-0.033558562143212317,0.023018390440871318,-0.0090442368801299973,-0.027325953390272547,0.017268590180868376,-0.0081262050534450965
639049412045082574,nan,332.8008808082692,0.0066742843155889716,0.00036432538990073711,211,0,0,0,0,-0.023082830452964789,0.012907488889534567,-0.0081262050534450722,-0.023973673096182847,0.019522053917587524,-0.0077618796635443351
639049412045280258,nan,329.17746914194532,0.0089637751820413197,0.00041275027141113394,218,0,0,0,0,-0.021775958793603636,0.020999397412182177,-0.0077618796635433541,-0.025801793466055975,0.01299053228007635,-0.0081746299349544881
639049412045580633,nan,328.25278200356456,0.013726819518844737,0.00058686812363167081,213,0,0,0,0,-0.028579568380063383,0.0030660780406466595,-0.0081746299349558516,-0.024896177877725578,0.016289474295399994,-0.0075877618113241807
639049412045780398,nan,323.34751251709702,0.0025223429059535525,7.2153889261730372e-05,212,0,0,0,0,-0.024293896402893048,0.018483442340980111,-0.0075877618113215613,-0.023015799709803639,0.020657995761415703,-0.0076599157005832917
639049412046081316,nan,333.68741879397578,0.011261049550163261,0.00046576641100184047,210,0,0,0,0,-0.020183273303602683,0.027238561638874292,-0.0076599157005832431,-0.025083723580092164,0.017099684775094638,-0.0081256821115850836
639049412046280467,nan,348.14076804225527,0.00086166260074826994,0.00014459825924536748,217,0,0,0,0,-0.026452299426973473,0.014744753560488578,-0.0081256821115788299,-0.026180342289318679,0.015562373125327192,-0.0079810838523334624
639049412046581409,nan,344.74536409014155,0.0033514544631339286,0.00032261067668516979,200,0,0,0,0,-0.027837469934131137,0.013239303482170417,-0.0079810838523354192,-0.024521384700823649,0.013724922410858697,-0.0076584731756502494
639049412046781075,nan,323.75367406248233,0.010244396798558259,0.00014495857896173418,211,0,0,0,0,-0.023420716047513546,0.012505828916580508,-0.007658473175647152,-0.021525090961384455,0.022573314764554112,-0.0075135145966854179
639049412047084268,nan,326.68335477144512,0.012592092767322574,5.755999344680008e-05,200,0,0,0,0,-0.016975216231877241,0.036009606486199129,-0.0075135145966883686,-0.023014088035292746,0.024960044159899927,-0.0075710745901351687
639049412047281400,nan,333.90831689401449,0.0069349334045905953,0.00076701900725113271,211,0,0,0,0,-0.023982213853414171,0.026511863427374147,-0.0075710745901328008,-0.025491597424266065,0.019743180943895631,-0.0083380935973839335
639049412047581173,nan,338.88647522658817,0.0057673965155901671,0.00072690036161888755,204,0,0,0,0,-0.029259075165377089,0.011810046106064858,-0.0083380935973868062,-0.023492961400223451,0.01193167922387138,-0.0076111932357679187
639049412047780870,nan,332.80088462938483,0.0061042390958664407,0.00034227505448619286,207,0,0,0,0,-0.022161548570871784,0.0067279635490651675,-0.0076111932357691122,-0.021764982981463534,0.012819307462587177,-0.0072689181812829193
639049412048086805,nan,327.34181331066736,0.0079751196427782257,0.00082586806056676558,208,0,0,0,0,-0.01911772700093646,0.014179150350620133,-0.0072689181812877601,-0.024660233106411911,0.019913534309459517,-0.0080947862418545256
639049412048281344,nan,339.61413305693736,0.0054699501057546675,0.00086547443418989733,211,0,0,0,0,-0.026501274713476589,0.024424635675971026,-0.008094786241854255,-0.028583729337644227,0.019366598813933707,-0.0089602606760441524
639049412048581698,nan,329.26311286706397,0.0062265738333746176,0.00025104938856410595,214,0,0,0,0,-0.034641320807917805,0.018522170376329118,-0.0089602606760489801,-0.028666240800107854,0.020273923955670493,-0.0087092112874848741
639049412048782783,nan,333.6322856653245,0.0091503829824265189,0.00091346445230915639,202,0,0,0,0,-0.028721481673975018,0.020881372087295649,-0.0087092112874853807,-0.023966646913919913,0.013063376491898288,-0.0077957468351762243
639049412049081728,nan,338.30727528704023,0.0057637525887760978,0.0019890114410368144,205,0,0,0,0,-0.016979949277067568,0.0023437449353058918,-0.0077957468351812376,-0.016525670608314183,0.0080895673129763694,-0.0058067353941444232
639049412049281104,nan,343.92273694919049,0.012383986566748178,0.0012534572267594562,202,0,0,0,0,-0.011563045068812106,0.0047723745890414105,-0.0058067353941443495,-0.021310135539708997,0.012411572887132013,-0.0070601926209038057
639049412049581449,nan,344.48014811500497,0.0026531236552505646,0.00084990594416147012,202,0,0,0,0,-0.028517573344759631,0.018922350333613919,-0.0070601926209061779,-0.025874583869839912,0.018690678657499422,-0.007910098565067648
639049412049781495,nan,343.752985932233,0.010612560603014621,6.5420768463692047e-05,201,0,0,0,0,-0.028914753110710806,0.022872902409980463,-0.0079100985650684894,-0.024462477559508145,0.01323943548634279,-0.0079755193335321814
639049412050081452,nan,340.45732772578418,0.0068605193099706826,0.0001662016683255255,217,0,0,0,0,-0.022345108691706809,0.0050656227238250195,-0.0079755193335321762,-0.023405001445490133,0.011843775315273386,-0.0078093176652066507
639049412050281797,nan,336.11127315648793,0.0044076492296701731,0.00070554511193692427,209,0,0,0,0,-0.022698700035411558,0.010911596579744961,-0.0078093176652066438,-0.026575222337535811,0.01300920154087214,-0.008514862777143568
639049412050581476,nan,326.72450867182528,0.006540174885512973,0.00020767649324063796,215,0,0,0,0,-0.031317285412268678,0.014752463243740736,-0.0085148627771508625,-0.025735736163122067,0.018161304030935927,-0.0083071862839102246
639049412050781446,nan,342.79803060264584,0.00058602096373753176,0.00026724967105596492,202,0,0,0,0,-0.025175563277142345,0.021599202365280526,-0.0083071862839106912,-0.024889972022835466,0.02108748153767695,-0.0080399366128547263
639049412051081913,nan,342.88495054522627,0.010211847579892776,0.00010935135454363983,200,0,0,0,0,-0.023619160331384278,0.025484239936026477,-0.0080399366128588775,-0.023969329772783602,0.015278397866051455,-0.0081492879674025173
639049412051281444,nan,338.35685912309998,0.0015752890689851528,3.9720875188914428e-05,201,0,0,0,0,-0.023357959243590385,0.011420762005597208,-0.0081492879674025,-0.024575658957863442,0.012420133336346407,-0.0081095670922135855
639049412051581924,nan,320.73934140617689,0.01058848324722509,0.00053366904365006497,209,0,0,0,0,-0.025488749121962202,0.0081157830053914526,-0.0081095670922207586,-0.026607298450545977,0.018645019676503522,-0.0086432361358708236
639049412051881633,nan,333.71832662015333,0.0086808078004355013,0.00079399953077170272,201,0,0,0,0,-0.028633724970488703,0.024853933614609715,-0.0086432361358696752,-0.023696163624364247,0.017714121850889365,-0.0078492366050979725
639049412052081763,nan,344.78407902311722,0.014391743901368527,0.0020997000972187863,217,0,0,0,0,-0.021752259995298222,0.017092516954672832,-0.0078492366050972144,-0.030567413580395213,0.028468604146397843,-0.0099489367023160007
639049412052281615,nan,354.71313481889763,0.019080392661406837,0.0010848563111640949,200,0,0,0,0,-0.037429118703128941,0.039208147421878586,-0.0099489367023159903,-0.03071981200079078,0.021346272165136137,-0.0088640803911518955
639049412052583369,nan,341.51020301309109,0.006989714542196831,0.0007400640358950928,203,0,0,0,0,-0.030949916442818099,0.010592353441912727,-0.0088640803911574587,-0.024315813117159642,0.012793440093066027,-0.0081240163552623659
639049412052781590,nan,345.97595335380049,0.018421300770419608,0.0020146812566337567,215,0,0,0,0,-0.020109051772778962,0.0071751187910855758,-0.0081240163552662777,-0.030369719721854833,0.022474236913156181,-0.010138697611900034
639049412053081731,nan,348.73233349522616,0.015709748875214914,0.0016303359400688944,201,0,0,0,0,-0.039536385121786324,0.037132643632820997,-0.010138697611900052,-0.027561597346334583,0.026964031758272548,-0.0085083616718311574
639049412053381582,nan,326.32017371946449,0.010395384608634166,0.00026500233061647373,211,0,0,0,0,-0.024756188213886424,0.031449488507277142,-0.0085083616718268449,-0.023855537980792287,0.021093193304886685,-0.0082433593412103712
639049412053581671,nan,342.27242599360864,0.0078940271158256907,0.0013180317301909137,202,0,0,0,0,-0.021382503999274827,0.017175613589296194,-0.0082433593412104076,-0.029027156879674419,0.019144101954410273,-0.0095613910714013213
639049412053781581,nan,344.73029271466999,0.00693250837197152,0.0012197825023866193,202,0,0,0,0,-0.034194149238452397,0.01719675426476347,-0.0095613910714052903,-0.027493610401757487,0.015418425941478247,-0.0083416085690186711
639049412054081600,nan,346.28087666219511,0.0035868327654848793,0.00027312300087810326,200,0,0,0,0,-0.025192109322481011,0.0098270418600223241,-0.0083416085690186798,-0.024106190046872401,0.013245542790900884,-0.0080684855681405765
639049412054281681,nan,335.64337262968212,0.010098700369566501,0.00060870734754897571,212,0,0,0,0,-0.021847138280065091,0.011796459120697765,-0.0080684855681406303,-0.02599400004633887,0.021004460350372928,-0.008677192915689606
639049412054582057,nan,329.38240372558209,0.013532214545456554,0.00061965648871100364,210,0,0,0,0,-0.02882811631125028,0.032652705915139073,-0.0086771929156990273,-0.024809188026801945,0.019731055635522035,-0.0080575364269880236
639049412054781640,nan,340.62714948320547,0.0021938774319151433,0.00019788071263872158,217,0,0,0,0,-0.024021946911349186,0.018884949644350685,-0.0080575364269878935,-0.024338514188025556,0.021055867271899988,-0.0082554171396266151
639049412055083664,nan,336.81707692839325,0.0061573130846446378,0.00050197704423588646,210,0,0,0,0,-0.023626255150519353,0.023060671837746852,-0.008255417139614165,-0.024579246988683093,0.01697755495750122,-0.0077534400953782785
639049412055281607,nan,337.47331282969134,0.0090448396624510582,0.0013616663701294923,205,0,0,1,1,-0.024737020452912938,0.014304676727794192,-0.0077534400953781927,-0.016035633581842634,0.011835873163430856,-0.0063917737252487004
639049412055548426,nan,272.6112286987555,0.00088729408884173036,0.00019866766648666146,205,0,0,0,0,-0.0045191950838923932,0.0049050981695585782,-0.0063917737252600255,-0.0053371932658567954,0.0052488564776711375,-0.0061931060587733641
639049412055781335,nan,267.4309263831442,0.015475359247484857,0.0017803914200532735,203,0,0,0,0,0.0040015833413411372,-0.00050101691689075686,-0.0061931060587741586,-0.0074417163671164728,0.0099171228220995521,-0.0079734974788274321
639049412056084445,nan,273.98963325482549,0.0063019660965069318,0.00037415109616891883,205,0,0,0,0,-0.010180562857474599,0.015992449287198354,-0.0079734974788216121,-0.0046800033062076333,0.019067936452589973,-0.0075993463826526933
639049412056281828,nan,272.71429661662387,0.005668130287801448,0.00076777523752670843,206,0,0,0,0,-0.0028815960972690654,0.025026878905254322,-0.0075993463826468776,0.00089575739603858003,0.020800852219809866,-0.0068315711451201692
639049412056581549,nan,262.41391195574084,0.011702071876349507,0.0018371291979923056,210,0,0,1,1,0.0093624063649869541,0.02343224016439939,-0.0068315711451197919,0.0062524645038417748,0.012150983682094463,-0.0086687003431120974
639049412056881525,nan,242.23573704340944,0.0090749641252418235,2.5415657303623843e-05,201,0,0,0,0,0.0116137290511053,0.0034937559120359236,-0.0086687003431120159,0.020190791225925177,0.0064583770216720612,-0.0086941160004156397
639049412057083299,nan,239.79831575655325,0.0060999671910043837,0.00084349797559716243,215,0,0,0,0,0.029566181043849466,0.0026293373108282943,-0.0086941160004154923,0.034335845567317863,0.0064319548389129818,-0.0095376139760126547
639049412057381573,nan,229.08665859905275,0.0040737172947946133,0.00051940403141512506,204,0,0,0,0,0.055245883226404571,0.0063928960397600602,-0.0095376139760360631,0.057344201355447239,0.0098846339490596142,-0.009018209944620938
639049412057581956,nan,241.54853336727788,0.0098043840171942228,0.00032932182083423613,203,0,0,1,1,0.072801409687024005,0.012204173024300878,-0.0090182099446440896,0.082512303508019927,0.01355490880673826,-0.0086888881238098535
639049412057781796,nan,203.37141648091747,0.010781936756941307,0.00061777682013102776,220,0,0,0,0,0.10761220486776664,0.017215237914289801,-0.0086888881238121139,0.11154948559603521,0.0071779085534743985,-0.0080711113036810861
639049412058082232,nan,207.48233634028347,0.017695595388966135,0.0017941219606363561,202,0,0,0,0,0.15520348298291953,-0.0024091633444918836,-0.0080711113036826959,0.13788902761360874,0.0012437439133158659,-0.0098652332643190521
639049412058281802,nan,203.45327911740483,0.013706269769402776,0.0001700455470025463,209,0,0,0,0,0.15538554068277205,-0.0026981313520865434,-0.0098652332643211302,0.16726113215559754,0.0041452711760568148,-0.0096951877173185839
639049412058581989,nan,206.1472212256048,0.011661148831222171,0.0021006831959696735,216,0,0,0,0,0.21144174019360923,0.0085096584307565049,-0.0096951877173296844,0.20176361399337672,0.015014753765668002,-0.011795870913299358
639049412058881584,nan,219.28196500974934,0.0071276860665675269,0.00063533969666271922,208,0,0,1,1,0.23619805334681127,0.025862800604586955,-0.011795870913325004,0.23400553441504124,0.019080708788829011,-0.012431210609987723
639049412059085726,nan,178.76471102073441,0.013188778767447156,0.00054179775148263144,208,0,0,0,0,0.25597496020225208,0.021851222950741375,-0.012431210610029886,0.26736760013981725,0.015206552858881289,-0.011889412858547254
639049412059281259,nan,180.47269287480037,0.0077615118364586779,0.0034801522645489941,202,0,0,1,1,0.2993227333184999,0.011495776382455723,-0.011889412858585073,0.30683660401819701,0.013440721907585254,-0.008409260594036079
639049412059582051,nan,157.41240757206259,0.028784361418348909,0.0031151996869453729,206,0,0,0,0,0.36755249655084166,0.010724311769643132,-0.0084092605940869532,0.3393881299516866,0.016666358246281671,-0.011524460281032326
639049412059782003,nan,150.04062853205016,0.0061537573387592638,0.0020335338754195829,203,0,0,1,1,0.36102681287361643,0.018810605557363833,-0.011524460281073253,0.36675619756663486,0.021056241419149906,-0.0094909264056536706
639049412060083403,nan,142.85236470552613,0.0099828113100780512,0.0026861814612745109,213,0,0,0,0,0.40800977632126301,0.027673383474755682,-0.0094909264057101601,0.39869722688813619,0.024077143117355794,-0.012177107866984671
639049412060381575,nan,141.53119394905741,0.0033125634201434466,0.0016273796355068676,203,0,0,1,1,0.430296167149751,0.027065690898236506,-0.012177107867030411,0.42851792338182115,0.029860494203353186,-0.013804487502537278
639049412060582149,nan,121.49962603814205,0.0071333083814019002,0.0021318770374058812,217,0,0,0,0,0.44857767539919491,0.03375083219861378,-0.013804487502575864,0.45562821532546705,0.034834333565581577,-0.011672610465169982
639049412060881208,nan,117.01390697154615,0.0075463834689292134,0.0013368635879711429,203,0,0,1,1,0.49605008854121185,0.042250406565215927,-0.011672610465201114,0.49213656616210311,0.035798101082030624,-0.010335746877229971
639049412061082193,nan,119.49773675050388,0.0091209194236778948,0.0021353834409908509,204,0,0,0,0,0.5166722962116963,0.036445808772799043,-0.010335746877265952,0.52245938927630409,0.043495682884780985,-0.0082003634362751016
639049412061281981,nan,108.53277485099909,0.0038194079268367648,0.0037150484656350196,201,0,0,1,1,0.55260161971310273,0.051147420443344506,-0.0082003634363134927,0.5563714853346382,0.050534240121458296,-0.0044853149706784732
639049412061582177,nan,94.724953048759232,0.018066681553708618,0.002185083950352054,215,0,0,0,0,0.60732687599037161,0.061110184263356619,-0.0044853149707750764,0.59204284186823208,0.051476738186464407,-0.0066703989211271304
639049412061881737,nan,98.434836062813332,0.012318415902493914,0.0062900350259835714,221,0,0,1,1,0.62763862450092334,0.052417239460143039,-0.0066703989212543091,0.61754059452565346,0.059472249096236107,-0.012960433947237881
639049412062085734,nan,91.598981884976013,0.014342279463673049,0.0014777804553825942,201,0,0,0,0,0.63490427809106942,0.064917102344535932,-0.012960433947366432,0.64559512953339793,0.074477786193098236,-0.011482653491983838
639049412062382137,nan,102.69505177813309,0.013670027919994172,0.0032275484388843041,203,0,0,1,1,0.68635773064959316,0.096280490213849657,-0.011482653492129711,0.67922457867169994,0.084619109241010362,-0.014710201931014015
639049412062582047,nan,84.865213645213188,0.016945700163323852,0.0048884648926468249,205,0,0,1,1,0.70190607372147329,0.091458958670699378,-0.014710201931202704,0.71883992520853224,0.090825375337975495,-0.0098217370385558795
639049412062781751,nan,75.759418179098986,0.0091507811184484023,0.0033577509785489047,201,0,0,1,1,0.75841444956845194,0.097025246102961357,-0.0098217370387926259,0.76653971826437894,0.10123437946943248,-0.0064639860602437212
639049412063081762,nan,77.300372437256058,0.02984411772300118,0.0061340593328843129,203,0,0,1,1,0.83819808572060228,0.11687160125008055,-0.0064639860605848858,0.8088740409625923,0.11132437115799131,-0.012598045393469199
639049412063381743,nan,69.696523461415211,0.0033184453029072953,0.0056700378653507071,214,0,0,1,1,0.85120413038375597,0.12141335388437656,-0.012598045393826526,0.84955940020393894,0.12429553046883257,-0.018268083259177233
639049412063582135,nan,74.691512384418203,0.0082883605955494828,0.001985727255181681,205,0,0,1,1,0.87673785653647984,0.13296046777025533,-0.01826808325955424,0.88325325244886288,0.13808360523344718,-0.016282356004372559
639049412063881040,nan,64.526605831374923,0.0048040282835182888,0.0032435263990984731,207,0,0,1,1,0.93351105168869775,0.15864991769860112,-0.016282356004726124,0.93596512234832763,0.1545199994250287,-0.019525882403824597
639049412064082173,nan,67.953466134406938,0.019484124118615897,0.0070455496834818231,212,0,0,1,1,0.97143490883061812,0.1655800394810176,-0.019525882404216474,0.98957571155962909,0.17268935513139758,-0.012480332720734651
639049412064381911,nan,63.479327194607023,0.022254823945518001,0.0039008736511833217,200,0,0,1,1,1.0694687713211655,0.19976619652846117,-0.012480332721117093,1.0484232626913594,0.19252991603647074,-0.016381206372300415
639049412064582362,nan,62.139497305324554,0.01521635045043461,0.0037877931529533664,209,0,0,1,1,1.087777800560787,0.20579837140076496,-0.01638120637274473,1.097414957149625,0.21757387707621931,-0.012593413219791363
639049412064882296,nan,62.304618930807756,0.019294053319515371,0.0053616511085960022,207,0,0,1,1,1.1707210263917112,0.2550470521189776,-0.012593413220497871,1.152318003820346,0.24925142844812678,-0.017955064329093873
639049412065085236,nan,63.133895183842057,0.016332743244988471,0.0052870233136526942,223,0,0,1,1,1.1894662574073223,0.27068495140789428,-0.017955064329810661,1.2047610037735836,0.27641463163443841,-0.012668041016157967
639049412065382653,nan,55.06032158559352,0.020665650126166883,0.0037624664011976922,215,0,0,1,1,1.2816183986542975,0.3162234342463594,-0.012668041016815616,1.2643355818788837,0.30489323833258025,-0.016430507418013308
639049412065583371,nan,56.840747960680261,0.010296050825187716,0.0049353261903216147,210,0,0,1,1,1.304540715304813,0.32411261375240369,-0.016430507418805345,1.3070948154169029,0.33408684230464125,-0.01149518122848373
639049412065882096,nan,63.571123897104435,0.017061512145456554,0.0062491150440439538,201,0,0,1,1,1.3707326159063695,0.37753515957839806,-0.011495181229315929,1.3585032372052654,0.3656382064695326,-0.017744296273359883
639049412066081664,nan,65.939138029382093,0.01681761313869767,0.0056829356115348575,201,0,0,1,1,1.3928474531880588,0.38671659844763634,-0.017744296274189216,1.4037031969254741,0.39956124478727784,-0.012061360662654359
639049412066381986,nan,70.30063219202934,0.015380494234050544,0.0036373984347408145,200,0,0,1,1,1.4717228308502139,0.45061068514676372,-0.012061360663535194,1.4603187319996191,0.44029050432036709,-0.015698759098276008
639049412066581920,nan,55.153090391166607,0.0077683639217195274,0.0059282460542151704,206,0,0,1,1,1.4980095118609484,0.46740528037902634,-0.015698759099185302,1.5051829035922042,0.47038687879099017,-0.0097705130449701316
639049412066881510,nan,65.346373845802859,0.022257687020584997,0.0080887782205529644,208,0,0,1,1,1.5724093741646059,0.51548462518557026,-0.0097705130457869434,1.5507617938722751,0.51030901903813131,-0.017859291266339908
639049412067083124,nan,63.872491776208349,0.017508156503339752,0.0054267726561985676,209,0,0,1,1,1.5814348550055779,0.5371752775373706,-0.017859291267142242,1.5892863909449118,0.55282420489801698,-0.012432518610943674
639049412067382096,nan,62.242118006197238,0.01453252876911125,0.0027956261984571594,218,0,0,1,1,1.6464142483159292,0.61586967865927233,-0.012432518612002444,1.6392956716413694,0.60320001968385162,-0.015228144810459603
639049412067586736,nan,55.895881653233538,0.0093213254015279013,0.0026489267584497,217,0,0,1,1,1.6735259647849516,0.63768119764624676,-0.01522814481205088,1.6783371569305288,0.64566490213598748,-0.01257921805360118
639049412067882324,nan,64.511187593653005,0.021349527953350524,0.010980594437481568,212,0,0,1,1,1.7347298199174914,0.70700242009074676,-0.01257921805575361,1.7183765137596345,0.69327756229409565,-0.023559812493235178
639049412068082773,nan,69.26898186093517,0.0074600159103796878,0.0066864719710502188,215,0,0,1,1,1.7455286614687344,0.72556544311480764,-0.023559812495728086,1.7513835811866656,0.73018840239212113,-0.016873340524677868
639049412068382371,nan,63.416540406036638,0.010317937601202217,0.0031570975932747047,213,0,0,1,1,1.8007170844069544,0.78535661910404408,-0.016873340526419756,1.7929199816448034,0.77859902893751587,-0.02003043811969446
639049412068582547,nan,68.267051090822434,0.015181541645702434,0.008468581220016376,201,0,0,1,1,1.8206724716417599,0.81094452383184401,-0.020030438121318019,1.8224736842610405,0.82601883442438329,-0.011561856901301643
639049412068883252,nan,57.517921068576015,0.017696915939859142,0.0079551162731688937,214,0,0,1,1,1.8668693468040805,0.89725301139329294,-0.011561856903195564,1.8552555224603775,0.88390011216143871,-0.019516973176364458
639049412069082636,nan,56.557210369507374,0.0086945660057650472,0.01065104017468209,204,0,0,1,1,1.8769916892269314,0.92227859166901283,-0.01951697317816535,1.8820027657665475,0.92938384254021467,-0.00886593300348326
639049412069382168,nan,76.225926069983018,0.017143676894118134,0.0032305108551585696,210,0,0,1,1,1.9221848028506852,0.99771346140539707,-0.0088659330047535269,1.9118152527377215,0.98406142537026098,-0.012096443859912097
639049412069582243,nan,57.795677545010669,0.012357511411037492,0.010227518137623764,200,0,0,1,1,1.9317287622484169,1.0205837915438969,-0.012096443860789657,1.9374530589667098,1.0315355272672817,-0.0018689257231658931
639049412069882235,nan,67.33933192293479,0.011935480818678245,0.0031281017681343386,210,0,0,1,1,1.97589432732231,1.1027180876885789,-0.001868925723562831,1.9680814763655139,1.093695058136376,-0.0049970274916971693
639049412070086361,nan,53.000303119410134,0.017927640791467987,0.0058240590700299692,215,0,0,1,1,1.9889222198851686,1.135990774016082,-0.0049970274920090934,1.99637680412449,1.1522950519260897,0.00082703157802087616
639049412070381598,nan,62.961355980135693,0.019829890132876567,0.00071272161152939747,208,0,0,0,0,2.0373016626999623,1.2370509691854967,0.00082703157795965398,2.0257662773341449,1.2209215108206277,0.0015397531894890514
639049412070582343,nan,62.402991233779112,0.016180791620555537,0.0042210215569088699,202,0,0,1,1,2.0457495104637058,1.2675837465525448,0.0015397531894538301,2.0536483151160896,1.2817056055849569,0.0057607747463626997
639049412070882236,nan,55.738293901976093,0.014746381816529413,0.0018433823847759916,204,0,0,0,0,2.0953012975392671,1.3725109782276579,0.0057607747463205832,2.0878704350757378,1.3597737077301384,0.0039173923615445916
639049412071082406,nan,70.235216570980668,0.0083415329412064032,0.0024252534346549956,210,0,0,1,1,2.110712721332245,1.4118819330184944,0.0039173923614633649,2.1141090381138254,1.4195007389701109,0.0063426457961183605
639049412071382485,nan,68.97548644308192,0.026759148756282731,0.00030285828443175206,216,0,0,0,0,2.1534438723100902,1.5090387706804556,0.0063426457960905278,2.146451921436574,1.483209239806992,0.0066455040805222798
639049412071582460,nan,95.78772152609892,0.0054313285351115263,0.0018184355087209883,216,0,0,0,0,2.1680054726429785,1.5256650846173763,0.0066455040805761039,2.1710894004182042,1.5301359591552612,0.0048270685718551157
639049412071882630,nan,97.831196915517523,0.0066184894371798236,0.0018754078505850416,201,0,0,0,0,2.2080711834706652,1.6005747307355587,0.0048270685718635143,2.2030006424528557,1.5963210245613182,0.0067024764224485559
639049412072083251,nan,119.5528395383989,0.021065956969622043,0.0021553473996023332,210,0,0,1,1,2.2243287741390128,1.6405563379065178,0.0067024764224606738,2.2312360399330773,1.6604577002291356,0.0045471290228583407
639049412072382443,nan,88.941165888645102,0.020282168765081807,0.00099025929019135213,211,0,0,0,0,2.2733443189412692,1.7561066116910744,0.0045471290228617251,2.2656917644486865,1.737323513449482,0.0055373883130530772
639049412072582359,nan,97.982910335551963,0.0059846932118380854,0.0016902379740763836,215,0,0,0,0,2.2887146080483234,1.7886841979455874,0.0055373883130589068,2.2934089513693805,1.7849720969739182,0.0038471503389825232
639049412072882779,nan,115.25292979936503,0.014575196101883115,0.00052413342959934913,208,0,0,1,1,2.3350604314645951,1.856575107550416,0.0038471503389913933,2.3252454384082744,1.8458000320187677,0.0033230169093920441
639049412073082322,nan,96.023913972471178,0.01609846948250428,0.0027628406474959071,201,0,0,0,0,2.3463916608075888,1.8862027636699708,0.0033230169093924635,2.3552771060542308,1.8996269799393866,0.0060858575568883706
639049412073382321,nan,98.5828956137495,0.011838496779534854,0.0019397075795599449,210,0,0,0,0,2.4004276263035971,1.9805520464625808,0.0060858575568877053,2.3911546941698725,1.9731925128059966,0.0080255651364476502
639049412073582445,nan,98.283155982588511,0.017233447997762597,0.00074109051536783762,206,0,0,1,1,2.4150879954277258,2.0222667720515188,0.0080255651364485089,2.4199592412537214,2.0387974312638524,0.0072844746210806713
639049412073884799,nan,91.762051117591724,0.02759551804102443,0.00074548654221504463,200,0,0,0,0,2.463478109700235,2.1379155256223825,0.0072844746210880646,2.4562156148251577,2.111292813811938,0.0080299611633031093
639049412074082556,nan,97.885487974882281,0.01255537285917893,0.0025995091019787959,203,0,0,0,0,2.4799293797112401,2.1587089861349824,0.008029961163301725,2.4877623733865142,2.16852130480674,0.005430452061322929
639049412074382473,nan,106.72775233819569,0.017943053260219628,0.00093095603076966387,207,0,0,1,1,2.5356059854328454,2.2553136678264463,0.005430452061326166,2.5262578840067467,2.2399981149462382,0.0063614080920958299
639049412074582667,nan,88.460421024071223,0.020344095104841125,0.0029721934418290266,213,0,0,0,0,2.5519535606543085,2.2877087433169767,0.0063614080920991484,2.557700711889896,2.3072241848520818,0.0033892146502701218
639049412074882746,nan,90.887406352134192,0.024392816533379613,0.0021779536286530873,205,0,0,0,0,2.6048316566152501,2.4079920991316088,0.0033892146502609894,2.5954794450670451,2.3854633255833497,0.0055671682789140767
639049412075083976,nan,117.07857578826847,0.011120539743371806,0.0017709795861259323,204,0,0,1,1,2.6208134886930159,2.4379297170647698,0.0055671682789215256,2.6247398844165191,2.4483340344766122,0.0037961886927955933
639049412075382669,nan,114.69254859251345,0.026165947334920614,0.00020002394423569323,206,0,0,0,0,2.6681722176203775,2.5416553118778706,0.0037961886927884297,2.660509331489946,2.5166365793742869,0.0035961647485527365
639049412075582747,nan,132.54301906638932,0.015333424611203048,0.00095162421544546473,210,0,0,0,0,2.6844693152577515,2.56238869468344,0.0035961647485424557,2.6902533785061795,2.5765893468742949,0.0026445405330969909
639049412075883192,nan,121.41068591382418,0.020572703247374563,0.001394172406743156,200,0,0,1,1,2.7349182102507608,2.6666167823321656,0.0026445405330923709,2.7263381130812796,2.6479187061887011,0.004038712939835527
639049412076082922,nan,105.79518659912416,0.011632898833215895,0.0023763779123315357,205,0,0,0,0,2.7503265436981472,2.6953370787223307,0.0040387129398320011,2.7544337808678581,2.7062207792922464,0.0064150908521635368
639049412076383148,nan,120.84830028887156,0.018472548864958263,0.00023204966103463828,207,0,0,0,0,2.7966660442078335,2.7938580806470004,0.0064150908521555354,2.7881492494621729,2.7774660316954947,0.0066471405131901737
639049412076604464,nan,117.24123111921878,0.012350902281861842,0.0035165195284651268,202,0,0,1,1,2.8130031017182047,2.8299855146212818,0.0066471405131866322,2.8162733896211956,2.8418955945625606,0.0031306209847215055
639049412076882873,nan,98.457901056756143,0.012921150786937279,0.00047864233590245086,210,0,0,0,0,2.8516527283835686,2.9229460842165258,0.0031306209847217566,2.8498203751271816,2.9101555166293318,0.0036092633206242074
639049412077083087,nan,119.13359866381012,0.0072606610958629867,0.0021722326543119051,205,0,0,0,0,2.8739452279735174,2.9592436999735359,0.0036092633206350282,2.8779272935375912,2.9653149727719197,0.0057814959749469333
639049412077382974,nan,115.2440417848822,0.017730985711369458,0.0016511207310403618,204,0,0,1,1,2.9200267443319539,3.0479345889038196,0.0057814959749560094,2.9085016564422475,3.0344601611448634,0.0041303752439156476
639049412077583844,nan,106.55325598524992,0.010115586699138599,0.0013988948898951956,203,0,0,0,0,2.9289809445629671,3.0807749196654837,0.0041303752439192957,2.9360507492124559,3.0880097628901746,0.0027314803540241001
639049412077882982,nan,112.12149045905515,0.022163308030406705,0.002625975174338561,214,0,0,0,0,2.977077186774534,3.1677564685549773,0.0027314803540264467,2.9661856210483704,3.1484539811794252,0.0053574555283650077
639049412078082897,nan,115.40239695516297,0.015798274145179779,0.0029767044007270767,206,0,0,0,0,2.9863248641504732,3.1888490693972229,0.0053574555283630466,2.9940905127801254,3.20260698229588,0.0023807511276359699
639049412078383467,nan,136.80927117650864,0.022897077418765358,0.003494506931878348,208,0,0,1,1,3.0360452100655397,3.2840254228609842,0.0023807511276115437,3.024855377709267,3.264048841417718,0.0058752580594898917
639049412078682981,nan,105.68629266740605,0.012693435214316472,0.0020640810187874713,213,0,0,0,0,3.055512155679081,3.3252748353393273,0.0058752580594850683,3.0490711138905784,3.3143369983402304,0.003811177040697597
639049412078890849,nan,135.07541032810491,0.016914748326355845,0.0005852779303860676,203,0,0,0,0,3.0658772620123251,3.349237866423755,0.0038111770407003747,3.0736664264758162,3.3642524469342003,0.0032258991103143071
639049412079074160,nan,146.25957489756092,0.016744564928083322,0.0010975798788885305,203,0,0,0,0,3.0953561110126979,3.4082710106246634,0.0032258991103166069,3.1039579920148994,3.4226372243866385,0.0021283192314280764
639049412079391415,nan,166.09353392686199,0.045548799016415793,0.0011850042263586652,214,0,0,1,1,3.1563833817902092,3.5236833294794767,0.0021283192314328287,3.1366723590128101,3.4826203452612456,0.00094331500507416344
639049412079583986,nan,120.92658476174482,0.0071398853232501848,0.0014926663164629922,203,0,0,0,0,3.1565296925998445,3.5190295730746572,0.00094331500508445588,3.152113549188857,3.5246398885562282,0.0024359813215474482
639049412079883130,nan,140.5176392329783,0.011671081771743317,0.0026767318947713637,203,0,0,0,0,3.1761002314723958,3.589913965439218,0.0024359813215596091,3.1772134519098154,3.5782960960140424,0.0051127132163309727
639049412080184866,nan,153.29600691567975,0.010180166923262559,0.0013154531666319485,200,0,0,0,0,3.2025308383438107,3.6324172196651636,0.005112713216347633,3.2023246036537425,3.6222391419567699,0.0037972600497156845
639049412080383128,nan,176.47947271046272,0.0083000784427352328,0.0026173790669092741,200,0,0,1,1,3.2188244153005279,3.6511128467009737,0.0037972600497510295,3.2229505024814276,3.6583147010962787,0.0064146391166603036
639049412080683488,nan,108.16648733612925,0.00052169786541780242,0.0050290300530812029,206,0,0,0,0,3.2541980182528989,3.7129679122166288,0.0064146391167631649,3.2545163596268183,3.7125545994628544,0.011443669169844368
639049412080883297,nan,136.4162613217097,0.0054629005469669966,0.0003307013453457755,201,0,0,1,1,3.2755149691299592,3.7486367004507595,0.011443669169979716,3.2802718184291426,3.7513228998348169,0.011774370515325492
639049412081083820,nan,105.83704661936068,0.0027546904055442702,0.0027206968634633025,209,0,0,0,0,3.3061193121127026,3.7902297353401599,0.011774370515458651,3.3076855877252531,3.7924958112294291,0.0090536736519953483
639049412081383511,nan,118.50352757139626,0.031329231745266847,0.0058445967841127128,203,0,0,1,1,3.3486567478122291,3.8540306525631549,0.0090536736523351164,3.3306458483291865,3.8283961394692736,0.014898270436447829
639049412081585585,nan,107.09412159825975,0.0067750929078923567,0.0049692285103785511,200,0,0,1,1,3.3461273666306344,3.8526028154413194,0.014898270436778107,3.3451082865748152,3.8459048038146944,0.0099290419263995556
639049412081886017,nan,103.84187079142588,0.010553382952235853,0.0068181651791602207,201,0,0,1,1,3.3666102078858731,3.8719356788734522,0.0099290419270285906,3.3715405604863884,3.8812665692367099,0.016747207106188811
639049412082184733,nan,100.74692088680102,0.0045686654754078784,0.0090705525939797083,200,0,0,1,1,3.3978218591954792,3.9164263562094783,0.016747207106932321,3.4021616102936245,3.9149983279771488,0.025817759700912029
639049412082383518,nan,103.76612724903235,0.015794301946399809,0.0081289119289649214,205,0,0,1,1,3.4225388428018646,3.9374456279584624,0.025817759701645623,3.4332676955972228,3.9490366456734685,0.017688847772680701
639049412082684839,nan,92.633543361591308,0.026371485323592094,0.0083091491969546696,210,0,0,1,1,3.4804187217298059,4.0006323894497733,0.017688847773714395,3.4661658809505989,3.9784442897588352,0.025997996970669065
639049412082883319,nan,85.520790737541347,0.010146765085741579,0.0042829858123291792,222,0,0,1,1,3.4878359000629011,3.9978150909909553,0.025997996971875596,3.4840143852145746,3.9884154704683361,0.021715011159546417
639049412083083259,nan,88.479299748269696,0.0064853104494693682,0.007175597444500529,207,0,0,1,1,3.5019941813781141,3.9984599982346483,0.021715011161012782,3.508456200024479,3.9990091490700563,0.014539413716512253
639049412083384403,nan,79.790842697992659,0.016799486328866419,0.013354157336192761,203,0,1,1,1,3.5452697734920884,4.0149650495843927,0.014539413718100845,3.528493705060507,4.0158517676301475,0.027893571054293607
639049412083683280,nan,69.268846257154493,0.007628919446621963,0.0059805214720531873,200,0,0,1,1,3.5483803685592084,4.0325675956306535,0.027893571056114622,3.5537676729831413,4.0379692030735281,0.03387409252816781
639049412083883309,nan,68.71527767374846,0.016026959836653556,0.0095849066175227732,207,0,0,1,1,3.5706827468416069,4.0527717087675228,0.033874092530097405,3.5865807416440743,4.0548007979391532,0.024289185912574632
639049412084183584,nan,69.602989726953041,0.019492432372184707,0.0091165605571170982,202,0,0,1,1,3.6358383202559836,4.0800676699840848,0.024289185914261609,3.6224204095885053,4.0659285542725643,0.033405746471378707
639049412084385010,nan,69.595733800619868,0.0018666372066141973,0.0090558673953367863,211,0,0,1,1,3.646461841460539,4.0733931099205991,0.033405746473228928,3.6446579870609894,4.0729130643328242,0.024349879077892142
639049412084584160,nan,69.980673065227279,0.0045139579671493258,0.0033717570557530024,202,0,0,1,1,3.6666442924716374,4.0798186533754537,0.024349879079714559,3.6708055604671168,4.0815678432447902,0.020978122023961557
639049412084883315,nan,73.613302162701785,0.0044024778552563008,0.0072442535066133823,207,0,0,1,1,3.7100833778023419,4.0945686988079792,0.020978122026036477,3.7056998436688913,4.094160728506492,0.028222375532649859
639049412085148915,nan,70.449258538528497,0.0045822940253546027,0.0031129040311403504,201,0,0,1,1,3.7366801770024183,4.1053411210304613,0.028222375534834868,3.7410521880918575,4.1039689193074551,0.031335279565975219
639049412085383051,nan,82.632066965332328,0.0078257402809776503,4.3781999930568583e-05,202,0,0,1,1,3.7722165574962836,4.1126151940114246,0.031335279568497056,3.7799131177796217,4.1111991534928451,0.031379061568427624
639049412085683462,nan,81.413138310571071,0.0075685690200204478,0.010772600011434388,207,0,0,1,1,3.8297740992110585,4.1204759920903573,0.031379061571700187,3.8222093705839622,4.1202349157348133,0.042151661583134575
639049412085882906,nan,84.432591210198751,0.0070469633797383916,0.006793613241479729,213,0,0,1,1,3.8502900129183271,4.1262337924889501,0.04215166158676175,3.8572485910284269,4.127346394646513,0.035358048345282021
639049412086083023,nan,77.106501735451147,0.0092983449663046579,0.0076918523334688453,204,0,0,1,1,3.8924060471448554,4.1344818703959598,0.035358048348963111,3.9016464865964449,4.1355179678112215,0.027666196015494266
639049412086384947,nan,69.776333599618681,0.02601733201934733,0.0081953434231582557,203,0,0,1,1,3.9686312516162996,4.1478467257687237,0.027666196019368743,3.9433387105256354,4.1417484530147366,0.035861539442526999
639049412086686142,nan,70.274059400682575,0.013489031784655414,0.0096157563422033521,204,0,0,1,1,3.9849302679584748,4.1479638946188251,0.035861539446331581,3.9722818096608399,4.1432766266319874,0.045477295788534933
639049412086886645,nan,71.635811657374816,0.012227892651907156,0.011139926687004441,203,0,0,1,1,3.9915489894145075,4.1442939190663894,0.045477295792205198,4.0030026571473947,4.1400119972815848,0.034337369105200757
639049412087184867,nan,60.564021287848568,0.0044441096165005953,0.0091421835068266205,208,0,0,1,1,4.0486959015334403,4.1351562879199504,0.03433736910850009,4.0530655669655733,4.1343462667506623,0.043479552615326711
639049412087385080,nan,54.948952556450791,0.0072223134531054492,0.010534883066991456,211,0,0,1,1,4.0866755801886994,4.1305425470157413,0.043479552618393487,4.0928928318128195,4.1268672791537639,0.032944669551402031
639049412087685864,nan,45.253755916020587,0.019869578779157342,0.008120136947596765,220,0,0,1,1,4.152726129499853,4.1156314462890373,0.032944669554169012,4.133298782449212,4.1198001808014633,0.041064806501765777
639049412087884826,nan,57.641489643323958,0.0045846870155335021,0.010114936021315225,205,0,0,1,1,4.1600264300319223,4.1151254506882573,0.041064806504496468,4.1616569536246431,4.1108405063661007,0.030949870483181242
639049412088183433,nan,65.939216005079032,0.010156386687020943,0.0068694627013210011,201,0,0,1,1,4.2042175854044901,4.0973936094505072,0.030949870485642544,4.1941038105581496,4.0983229903701668,0.037819333186963545
639049412088383425,nan,83.272217726498425,0.0089703510359415376,0.0083062886648556135,210,0,0,1,1,4.2158350888330922,4.0899393856353186,0.037819333189396689,4.2248054396762384,4.0899412454425761,0.029513044524541076
639049412088684103,nan,105.71931589716928,0.012924309392392109,0.0079316866753994658,223,0,0,1,1,4.2709638082108237,4.0773397098744626,0.029513044526762282,4.2587301120238212,4.0815079770053453,0.037444731202161748
639049412088883745,nan,110.87910260811458,0.0037628925871435919,0.0092486982462188227,215,0,0,1,1,4.2812551701817716,4.0759085165282052,0.037444731204414557,4.2830005616476017,4.0725749044851822,0.028196032958195734
639049412089184383,nan,101.61013751239145,0.0077454537613213118,0.0062081729541418572,210,0,0,1,1,4.3195490806666159,4.0591227197929989,0.028196032959946656,4.3142041729907126,4.0535170070011377,0.034404205914088513
639049412089383999,nan,104.08221870447308,0.0078904121203738804,0.0089057929808351553,215,0,0,1,1,4.3349225787872729,4.0408630468757538,0.034404205915839481,4.3382388347644163,4.0337033646395506,0.025498412935004326
639049412089683552,nan,110.9778167228399,0.015158479531876835,0.0081958644196794099,201,0,0,1,2,4.3743063596035991,4.00397009671343,0.025498412936597378,4.3664394710037993,4.0169273944825123,0.033694277356276787
639049412089883699,nan,101.32203064754233,0.0036367616844375896,0.0093524540289775422,212,0,0,1,2,4.3852817885282569,4.005718492889069,0.033694277357671866,4.3888419972748141,4.0064607524328482,0.024341823328694324
639049412090183711,nan,85.709182866617653,0.0068308964232595042,0.0056665306543166975,201,0,0,1,2,4.4224224492007469,3.9907716928186452,0.024341823330140351,4.4169731675185524,3.9866526546914365,0.030008353984457049
639049412090383772,nan,69.802907970548503,0.0078899884947271903,0.0067250353965752248,208,0,0,1,2,4.4357322506556685,3.9734437569065326,0.030008353985956335,4.4412030934823328,3.9677585306829894,0.023283318589381111
639049412090686125,nan,70.486277880021504,0.011609805220621891,0.0063978011975168517,203,0,0,1,2,4.4778218787774522,3.9392037645050437,0.023283318590929906,4.4709293339563816,3.9485461626527525,0.029681119788446758
639049412090883638,nan,63.372412301931369,0.009492647478967128,0.0049652183931374778,200,0,0,1,2,4.4903480893011301,3.9359956258737023,0.029681119790042631,4.489096024081273,3.9265859133996059,0.024715901396905153
639049412091183523,nan,60.263584770207999,0.0049319587165761649,0.0064502034239139021,203,0,0,1,2,4.5166786027880068,3.8932435544294122,0.024715901398428549,4.5132476691676793,3.8967865632178458,0.031166104822342451
639049412091383249,nan,53.554276366018414,0.0095793020203264485,0.0087683460232762869,201,0,0,1,2,4.5293328733843881,3.8769399386304131,0.031166104823838227,4.5386570589301209,3.8747438987616092,0.02239775880056194
639049412091684063,nan,59.537604793481087,0.0099014924844687355,0.00700704607761592,205,0,0,1,2,4.5769269895951279,3.8415447055382015,0.022397758802115204,4.5713403183260199,3.8497195852040385,0.029404804879731124
639049412091883215,nan,53.504051410516496,0.0098903179388173806,0.0071903500938857862,201,0,0,1,2,4.5929780628299728,3.8331523971954442,0.02940480488128017,4.5938250725256751,3.8232984150812794,0.022214454787394384
639049412092183696,nan,55.839083257311273,0.010998913530655076,0.0062781982525311648,201,0,0,1,2,4.6277501218682202,3.7834340922542089,0.02221445478852855,4.6219838221114493,3.7928003020516612,0.028492653041059714
639049412092382929,nan,53.347637214267607,0.014129558803315505,0.0082897166631906438,201,0,0,1,2,4.6406543941483589,3.7725786223007622,0.028492653042151102,4.6504158556114632,3.7623630311734373,0.020202936378960458
639049412092683357,nan,47.622342278149866,0.012219892083924844,0.0082361123214888914,210,0,0,1,2,4.6932891695722132,3.7164659738817081,0.020202936379781107,4.6831383635369619,3.7232694214913744,0.028439048701269998
639049412092883844,nan,46.191646777135581,0.010582182308493754,0.0066061555591343038,203,0,0,1,2,4.704975334280233,3.6971807728822976,0.028439048702056071,4.7134978817344422,3.6909079133030507,0.021832893142921767
639049412093135775,nan,41.239084394124234,0.0063184077915657095,0.00015433757365992604,203,0,0,1,2,4.7516475062936872,3.6502425977494606,0.021832893143813131,4.7542963917474639,3.6445062502291923,0.021678555570153205
639049412093383484,nan,42.183691609483027,0.0024233540580592696,0.0005128638902245318,200,0,0,1,2,4.7944111776087341,3.5988822120665112,0.021678555571067185,4.7926368043135996,3.6005327405576999,0.021165691680842653
639049412093683888,nan,45.481513605216989,0.01487767718521461,0.0049190155482047512,209,0,0,1,2,4.8391333518613973,3.5472047702402913,0.021165691681534513,4.8295167941895691,3.5585567346945988,0.026084707229739264
639049412093883783,nan,51.893988381446185,0.01014297561316996,0.0059927246923486104,200,0,0,1,2,4.8540574979626774,3.5306250370740457,0.026084707230366849,4.8596962832399413,3.5221939010363417,0.020091982538018239
639049412094185664,nan,47.835780202285726,0.013226201998745366,0.0045350005363585071,200,0,0,1,2,4.9052732828348056,3.4672788276848907,0.020091982538324761,4.8935610591571415,3.4734234379927931,0.024626983074683268
639049412094385447,nan,41.212800166948391,0.011056668408384738,0.0083894857282570609,209,0,0,1,2,4.9159725607987355,3.4411474437492693,0.024626983074920537,4.9215758024627876,3.4316157283135671,0.016237497346663476
639049412094684594,nan,31.776102923035278,0.0087865056853129522,0.0033308710462818282,205,0,0,1,2,4.9635239482792688,3.3690145513995584,0.016237497346810428,4.9565166756646759,3.3743155713639439,0.019568368393092256
639049412094885436,nan,35.167855653533167,0.011851543785870835,0.0063822344033347064,210,0,0,1,2,4.9799753593740688,3.3358452603727717,0.019568368393178822,4.9889079097728075,3.3280562531521816,0.013186133989844116
639049412095182867,nan,34.047477847228386,0.016120417235273344,0.0008753734817422993,201,0,0,0,0,5.0368767467292992,3.2595498885718515,0.013186133989904852,5.0304578651952001,3.2743372416713923,0.014061507471647151
639049412095383962,nan,33.558616003285159,0.0096816366689793567,0.0024931091290956893,204,0,0,1,2,5.0585500556046261,3.2380174746876906,0.014061507471718308,5.0597099237267145,3.2284055656926216,0.011568398342622618
639049412095687881,nan,36.544003181460944,0.017277608427324759,0.001759456137303942,206,0,0,1,2,5.1039191600420848,3.158988081260925,0.011568398342677528,5.0982125767273132,3.175296075001405,0.01332785447998147
639049412095884888,nan,49.968447741645399,0.0072296212987762237,0.0044050937367096313,202,0,0,0,0,5.1231708457387573,3.1408693315842298,0.013327854480028706,5.1276188679849142,3.1351699875674668,0.0089227607433190748
639049412096183968,nan,58.251037096538489,0.016989470211310847,0.0029522608950472932,206,0,0,1,2,5.1722611070389748,3.0742538260618235,0.0089227607433421691,5.1599056975108812,3.0859151275952765,0.011875021638389462
639049412096383510,nan,53.164413357300432,0.010108565494559532,0.0036011991675111345,204,0,0,0,0,5.1814470193554394,3.0530529727585414,0.011875021638397591,5.1857627845916676,3.0439120063553888,0.0082738224708864567
639049412096683995,nan,68.337116754508486,0.017833383940919482,0.00091927122957695742,203,0,0,0,0,5.2247002855261577,2.9806606212546698,0.0082738224708962978,5.2178086215158519,2.9971085557740342,0.0091930937004732552
639049412096883587,nan,42.125957829112757,0.015359676884341587,0.0014048897654640007,209,0,0,1,2,5.2390945182606874,2.9660201676400719,0.009193093700488068,5.2476293093782367,2.9532500065380662,0.0077882039350240673
639049412097182842,nan,46.627025766434784,0.02079381919171536,0.0008022900149967753,214,0,0,0,0,5.2923404698769438,2.8874914082394891,0.0077882039350291397,5.278888358833667,2.9033477516091661,0.008590493950025915
639049412097383694,nan,45.913638008609091,0.002562275424836882,0.0024507571637241198,218,0,0,0,0,5.299868601774377,2.8698546848033337,0.0085904939500293844,5.2994513666664345,2.8673266084165481,0.0061397367863052646
639049412097685692,nan,44.752792264291031,0.010352452008294027,0.00097478931150010457,204,0,0,1,2,5.330369591227206,2.813165767589052,0.0061397367863138185,5.3251780217372557,2.8221223779308637,0.005164947474813714
639049412097884163,nan,41.602305932164604,0.0097860429492949742,0.0013694463442880818,201,0,0,0,0,5.3420854017813655,2.7924144698363591,0.0051649474748228117,5.3485134743572766,2.785035681347436,0.0037955011305347299
639049412098188464,nan,56.48062012357672,0.013504790258697653,0.0027305730478723641,201,0,0,0,0,5.3842920090939632,2.7281733747281631,0.0037955011305333027,5.3784705581706804,2.7403590248576895,0.0065260741784056667
639049412098383092,nan,48.39155818833445,0.0091220835707201738,0.002673645825822234,205,0,0,0,0,5.3976308215560627,2.7117842640146872,0.0065260741784091388,5.4007041073475426,2.7031954734644938,0.0038524283525869047
639049412098683773,nan,62.214891506607827,0.015274211079389128,0.00089151627523191643,214,0,0,0,0,5.4350527406379641,2.6457814641931789,0.0038524283525812725,5.427857374134093,2.6592547052647513,0.0029609120773493561
639049412098884035,nan,66.904430523141016,0.0094949961344844916,0.0007646807186710374,201,0,0,1,2,5.4459422132599711,2.6299889181973382,0.0029609120773436762,5.4505336480347886,2.6216778606050415,0.0021962313586726388
639049412099183800,nan,45.94721712554756,0.0100010589204027,0.00065021610189407511,211,0,0,0,0,5.484476948540336,2.5654304305413356,0.0021962313586782272,5.4781968430448993,2.5732138394664501,0.0028464474605723023
639049412099384012,nan,57.467298139360565,0.0053980055732405106,0.00055146823654161643,205,0,0,0,0,5.4966729946949062,2.5408448884541581,0.0028464474605692886,5.50140622390371,2.5382496995543549,0.0022949792240276722
639049412099683993,nan,76.919229338979719,0.016518255949471105,0.0024451412503284703,204,0,0,0,0,5.5361812287955594,2.4858623418786401,0.0022949792240093267,5.5270565367179474,2.4996316110713388,0.0047401204743377969
639049412099883688,nan,76.482612270878249,0.0052986630950544004,0.00085477469625771553,203,0,0,0,0,5.5441317488728474,2.4739238523145644,0.0047401204743400295,5.5479105633195376,2.4702095028463025,0.003885345778082314
639049412100183594,nan,81.523723141680961,0.0082619092154795262,0.0002723958880541371,213,0,0,1,2,5.5792295633043967,2.4260227841536075,0.0038853457781058255,5.5725014438538274,2.4308177348878379,0.0041577416661599626
639049412100484067,nan,54.44523580969058,0.0037244313368887134,0.00087803459662593765,200,0,0,0,0,5.5971388157196111,2.3913514931528153,0.0041577416661923161,5.599171875362301,2.3944720791991316,0.0032797070695663785
639049412100684278,nan,69.502449268737436,0.0093084552578374877,0.0010300464452386408,207,0,0,0,0,5.6169429022523811,2.3702542623866671,0.0032797070695808591,5.6217843846648181,2.3623039550129095,0.0043097535148194999
639049412100883838,nan,78.090581415460932,0.0012321022527657336,0.00085870564535554111,201,0,0,1,2,5.6443233678196414,2.3302404277211899,0.0043097535148069075,5.6437803175870451,2.3291344564710448,0.0051684591601624487
639049412101183819,nan,65.287744541535275,0.024145444850244821,0.0015399814983513612,203,0,0,0,0,5.6768448693706821,2.2792736660216204,0.0051684591601727763,5.6646417580344899,2.3001084105780749,0.0036284776618214151
639049412101384591,nan,63.452658025113912,0.003052594509552713,0.0021933240257238189,205,0,0,0,0,5.6786039527118675,2.2806817892719811,0.0036284776618040306,5.6787026510865246,2.2776307907681153,0.0058218016875278495
639049412101683896,nan,60.820572208700682,0.0071523185492859192,0.0021864195176569609,209,0,0,0,0,5.6996642174151919,2.2441218154268325,0.0058218016875293066,5.6979691877607674,2.2371732518989456,0.0036353821698723457
639049412101984371,nan,67.034542459799965,0.007556857643615235,0.00055097637608802477,202,0,0,0,0,5.7173110384054047,2.1965575622455358,0.0036353821698800115,5.7161557472174822,2.2040255874006203,0.0030844057937919867
639049412102184347,nan,79.197580644959984,0.0098634339558319791,0.0040864357073933516,202,0,0,0,0,5.7282595009870674,2.1819647259122532,0.0030844057937900672,5.7362356334331217,2.1761622574199597,-0.0010020299136032846
639049412102383975,nan,91.174392246416531,0.010003560910669496,0.0040112018439041729,203,0,0,1,2,5.7562805764535625,2.1483474154520272,-0.0010020299136062154,5.7612274761055602,2.1396526230608002,0.0030091719302979573
639049412102684276,nan,65.542599918568101,0.025602624066892444,0.00035034223010407079,206,0,0,0,0,5.7988227801028751,2.0847310704344655,0.0030091719302958752,5.7840476661051952,2.1056401681066794,0.003359514160399946
639049412102885751,nan,65.169349121845045,0.0031648649666066475,2.925311242093576e-05,200,0,0,0,0,5.7993579640401887,2.0828208656005889,0.0033595141603982746,5.7997380501129481,2.0796789068430384,0.0033887672728192104
639049412103183469,nan,74.571760414772186,0.0024520315908646627,0.0025543042811016852,208,0,0,0,0,5.8229236053730062,2.0413161582097654,0.0033887672728165493,5.8205155082742497,2.0417782483368603,0.0008344629917148641
639049412103484043,nan,86.996738593852584,0.0022378977824449036,0.0012204165590094954,207,0,0,0,0,5.8414922839793633,2.0035140099305968,0.00083446299170330304,5.8419196634870394,2.005710719570283,-0.00038595356730619233
639049412103685724,nan,87.203915754699509,0.019340004759745764,0.001646479712415294,206,0,0,1,2,5.8562815558246024,1.9815099062292354,-0.00038595356730171501,5.8658565965504659,1.9647065024310448,0.001260526145113579
639049412103983714,nan,73.508683456030013,0.017214200768470547,0.0031584282333518296,211,0,0,0,0,5.9012241655508699,1.9041214861661433,0.0012605261451185017,5.8943473293667177,1.9199024187175975,0.0044189543784703316
639049412104183985,nan,81.34499993254903,0.0042548505451820559,0.0017094999939574569,214,0,0,1,2,5.9134951784618002,1.889790808766338,0.0044189543784807868,5.916475311567873,1.8928276755450961,0.0061284543724382436
639049412104484322,nan,81.841282714902221,0.0075006676481890718,0.00029555184894672869,209,0,0,0,0,5.949659605800929,1.8522249565283662,0.0061284543724256409,5.9434495297808363,1.8564314956038128,0.0058329025234789122
639049412104683589,nan,89.527851634533533,0.014024106285354604,0.001048306083509515,204,0,0,0,0,5.961346330843118,1.8322834299696762,0.0058329025234706575,5.9649504299559144,1.8187303481545294,0.0047845964399611425
639049412104883629,nan,102.4872637509724,0.012138277275653133,0.0014764125601427888,205,0,0,1,2,5.986534736795595,1.7808829497606424,0.0047845964399422965,5.9947976130394691,1.7719912316252617,0.0062610090000850853
639049412105184587,nan,91.035923639393587,0.032085520951099282,0.0026722003632243989,205,0,0,0,0,6.0397023747194352,1.7016727401614777,0.0062610090000516797,6.0251786340341855,1.7302829063827889,0.0089332093632760786
639049412105484119,nan,91.938170915905388,0.023888380535146841,0.0066485559635273347,210,0,0,1,2,6.0554157035940221,1.688772203638458,0.0089332093632423799,6.0424831451567131,1.7088571148122116,0.0022846533997150451
639049412105683438,nan,82.41480539397088,0.013132943890611782,0.00017459897051274069,207,0,0,0,0,6.053998168100609,1.6945996486648354,0.0022846533996822519,6.0618247729261796,1.684053631779854,0.0021100544291695112
639049412105987135,nan,89.968423222017122,0.0034758899265518776,0.00077598753506168345,211,0,0,1,2,6.091295091002749,1.6462612317252787,0.0021100544290521719,6.0941637015545718,1.6442983551923618,0.0028860419641138554
639049412106183977,nan,74.484263487828031,0.015242656193729548,0.00064151915026488355,202,0,0,0,0,6.1151242622090072,1.6185308693296923,0.0028860419639829002,6.1266994725293262,1.6086135575023561,0.0035275611142477838
639049412106385349,nan,94.284871004666115,0.0023067541050215087,0.0032742838613694209,201,0,0,1,2,6.1599840016071052,1.5721075319568332,0.0035275611141252507,6.1579681998724265,1.5709860784948029,0.0068018449754946716
639049412106686322,nan,78.708895068431076,0.025214816446895296,0.0031264923847208106,200,0,0,1,2,6.204702813794098,1.5147475982724268,0.0068018449752722514,6.1900072607861301,1.5352372954454117,0.0036753525905514409
639049412106983438,nan,77.09503520600326,0.0091916025934372595,0.0099639997369512998,213,0,0,1,2,6.2216357378336919,1.4999466367334908,0.0036753525901188303,6.2145033523269282,1.5057444497020669,-0.0062886471468324694
639049412107184074,nan,77.241651755687542,0.016862955793009771,0.0044727066695473168,210,0,0,1,2,6.231045032419483,1.4858285697139084,-0.0062886471472702104,6.2462632004264877,1.4785645046957812,-0.0018159404777228934
639049412107484796,nan,73.544500604910567,0.0023014968035590532,0.01183703485011272,202,0,0,1,2,6.2938662479363847,1.4378260159789993,-0.0018159404797495704,6.2924845640772435,1.4396666238270162,-0.01365297532986229
639049412107683943,nan,76.872085343034257,0.0055068139601400449,0.0084857600469603871,204,0,0,1,2,6.3230937177372919,1.4139072970023343,-0.013652975331842142,6.3284241403349695,1.4152899014004763,-0.0051672152848817546
639049412107983776,nan,81.482359606486696,0.01434912140720499,0.0052008240395187283,200,0,0,1,2,6.3825342748993004,1.3785886414502047,-0.0051672152876201683,6.3708199858577679,1.386875541800163,-0.010368039327138897
639049412108185592,nan,88.048413063822849,0.0086993297599137452,0.0066043958223073462,204,0,0,1,2,6.3993564043308151,1.3677499872511414,-0.010368039330329676,6.4074222419973754,1.3644910608929035,-0.0037636435080223292
639049412108484167,nan,99.620033357778254,0.017542740034357619,0.0067341662576748344,203,0,0,1,2,6.4615731449331353,1.33137452708545,-0.0037636435108627689,6.452889106288632,1.3466170728286593,-0.010497809768537604
639049412108683801,nan,97.247479268359641,0.0054258123213845027,0.0084986524504464846,211,0,0,1,2,6.4832892804020732,1.334666120025453,-0.010497809771473196,6.4856623378317142,1.3395454681153636,-0.0019991573210267114
639049412108986237,nan,80.373802719746962,0.01711789264582575,0.01409989975391784,204,0,1,1,2,6.5353122223952838,1.3288323238459991,-0.0019991573251270239,6.5182054320033558,1.3294487418216099,-0.016099057079044864
639049412109185036,nan,88.696810352502112,0.0035200174753113526,0.0083625430514597983,205,0,0,1,2,6.5395968489584408,1.3228119026540772,-0.016099057083281517,6.5410781959921653,1.3196187640739068,-0.0077365140318217196
639049412109484335,nan,78.804540409486052,0.0069233898455185071,0.0045616686138438009,206,0,0,1,2,6.5755139596986565,1.3048193812303825,-0.007736514034159773,6.5817693274318012,1.3077864844433094,-0.012298182648003574
639049412109685071,nan,84.29287466157858,0.006808353836587195,0.009717602480774086,205,0,0,1,2,6.6090603473171559,1.2998507262752981,-0.012298182649942832,6.615362571062712,1.3024267033375252,-0.0025805801691687466
639049412109987243,nan,66.585858324737544,0.018803714443729271,0.0060462122905778955,201,0,0,1,2,6.6659311667029542,1.2943585153876955,-0.0025805801707098354,6.6477429038621114,1.2991299692241831,-0.0086267924612877314
639049412110184427,nan,61.294246490324468,0.0044900512995885572,0.0068046808686072465,212,0,0,1,2,6.6688728680636817,1.296978667252441,-0.0086267924630058883,6.6651863595032506,1.2995419103752845,-0.001822111594398642
639049412110484289,nan,75.252921574936465,0.0020136712537616886,0.0076508144301934613,207,0,0,1,2,6.6917130021084477,1.3001683582485988,-0.0018221115962903636,6.6903660051149814,1.2986715379461513,-0.0094729260264838251
639049412110686335,nan,59.326707632234488,0.013706636680761514,0.0066594821719915013,209,0,0,1,2,6.7073319650474428,1.2980850839512581,-0.0094729260282887199,6.7210119061668863,1.2972300400535801,-0.0028134438562972186
639049412110986621,nan,51.66362457844567,0.0055351569614184668,0.008873511889886861,212,0,0,1,2,6.7665586383133896,1.2950876485379419,-0.0028134438582220981,6.7610257276641308,1.2952453264845873,-0.011686955748108959
639049412111183986,nan,47.744217510148736,0.007041537637207212,0.0083403903600764891,201,0,0,1,2,6.7873250818791249,1.2939408600973956,-0.011686955749929449,6.7929857103104743,1.2981290026520855,-0.0033465653898529595
639049412111484553,nan,54.043802283612884,0.0072126970137502168,0.0041294090594763428,202,0,0,1,2,6.841657542216149,1.3025205507717441,-0.0033465653909819796,6.8344738324015113,1.3018745542460262,-0.0074759744504583224
639049412111684610,nan,48.852652121954172,0.011279568927245184,0.006246020243503723,205,0,0,1,2,6.86208827191472,1.3043675884621211,-0.007475974451497067,6.8733676901633611,1.3043092861748817,-0.0012299542079933442
639049412111984492,nan,63.081402098100021,0.020173644822833424,0.014547103685339634,202,0,1,1,2,6.9316689135813823,1.3079589074342681,-0.0012299542103887469,6.9116416242793814,1.3055332882036803,-0.015777057895728381
639049412112184578,nan,69.347548780012659,0.010149791332507006,0.0049516320930243062,215,0,0,1,2,6.9371785967603508,1.3063499616616878,-0.015777057898573081,6.9472172856449355,1.3078476230292706,-0.010825425805548775
639049412112484594,nan,85.079868710497379,0.0064470576712215826,0.015286465053099137,201,0,1,1,2,7.0005606860839871,1.3113178182305056,-0.010825425811571971,7.0001927887705566,1.3177543704273598,-0.026111890864671108
639049412112685882,nan,66.717642346381481,0.016424408802879445,0.01311119215631072,207,0,2,1,2,7.0357353367451649,1.3244010471721552,-0.026111890870414038,7.0494443051915798,1.3334467858738481,-0.013000698714103318
639049412112986272,nan,71.65418534720564,0.018197690705285981,0.0025599360998808055,201,0,0,1,2,7.1229442804395386,1.3568651947008554,-0.013000698716314051,7.1049052892243854,1.3544671240294877,-0.015560634816194857
639049412113184847,nan,72.193744280964495,0.006926926262939003,0.0056700353696968742,210,0,0,1,2,7.1415681771511288,1.3683627718515061,-0.015560634818806422,7.1482705209222299,1.3701123133417761,-0.0098905994491095481
639049412113486546,nan,78.743380654430496,0.021315352683203101,0.016226405958777688,208,0,1,1,2,7.2141561915152455,1.3938823648101286,-0.0098905994540746823,7.1934417939700817,1.3888566315949404,-0.026117005412852369
639049412113687533,nan,73.518698607994196,0.009387405227154413,0.0052527713635540027,204,0,0,1,2,7.223534166354705,1.4013437936098916,-0.026117005419939766,7.2327033902563489,1.4033559342462112,-0.020864234056385763
639049412113984574,nan,63.446810505183684,0.017174767047862055,0.012278804776791948,210,0,1,1,2,7.2907285551797969,1.4247846204738583,-0.02086423406484119,7.2747619928401814,1.4311124566129743,-0.033143038841633138
639049412114184601,nan,68.521201792271086,0.012277784770270172,0.012731931297107112,210,0,2,1,2,7.3030841978524066,1.4498036605190225,-0.033143038850155966,7.311814864739711,1.4584361256691407,-0.020411107553048854
639049412114486579,nan,55.207366730407536,0.020847341294837746,0.0051137106029379327,212,0,0,1,2,7.3677530738338639,1.4996862915679596,-0.020411107555428125,7.3517625851688555,1.4863103463184573,-0.025524818158366058
639049412114685236,nan,63.782608634199413,0.0088519145173734035,0.011666648959885418,204,0,0,1,2,7.3780422952712224,1.5046474736970454,-0.0255248181603582,7.3825353372111948,1.5122743318148115,-0.013858169200472783
639049412114984790,nan,65.294709867473642,0.019156815751068892,0.0084658260563093973,213,0,0,1,2,7.4289374321048607,1.551425309184725,-0.013858169202713773,7.4128571551218254,1.5410133793986927,-0.02232399525902317
639049412115150426,nan,82.866926317632448,0.014924797491655685,0.01717319880346942,207,0,1,1,2,7.4296233629890054,1.5569044070117566,-0.022323995260637174,7.4423400088298362,1.5647169929297362,-0.0051507964571677533
639049412115418143,nan,56.194384931443189,0.019657532036398098,0.0028274480884767379,201,0,0,1,2,7.4899930621886925,1.6030290766777764,-0.0051507964581395827,7.4740369580024604,1.5915477307218302,-0.0079782445466163206
639049412115687369,nan,57.478732236256803,0.012668995181355428,0.0020093520929174834,200,0,0,1,2,7.5059125685835921,1.6185297012833346,-0.0079782445469934841,7.4978973455403137,1.608718501638454,-0.0059688924540760007
639049412115984983,nan,63.025143428299906,0.0047834595865424981,0.00024243108065426927,201,0,0,1,2,7.5242736441767404,1.6276998103366482,-0.0059688924541594487,7.5196913824027227,1.6290725312297878,-0.0057264613735051794
639049412116184693,nan,58.031317705192826,0.015245600708015734,0.0049100463939676904,200,0,0,0,0,7.5343159870980383,1.6427308377936096,-0.0057264613735680068,7.5460095967913556,1.6525128536026648,-0.00081641497960031613
639049412116484973,nan,56.01307748098499,0.012762891556203483,0.0015705346738588352,201,0,0,1,2,7.5855811426158946,1.6877572579996778,-0.00081641497975894846,7.5770742271122327,1.678242858938835,-0.0023869496536177838
639049412116684617,nan,41.114574156661888,0.00034251211564319197,0.00071436693940939069,200,0,0,0,0,7.5977278405922553,1.695349696508218,-0.00238694965378493,7.5980685969807533,1.6953843322276436,-0.0031013165931943207
639049412116984966,nan,39.881920317975606,0.0046955159107868287,0.0019498275440307761,201,0,0,1,2,7.6296530072091615,1.7211723567153336,-0.00310131659331919,7.6324499978286768,1.7174007903109341,-0.0050511441373499661
639049412117184714,nan,54.842702636321697,0.013999331302541787,0.0013114510980346294,211,0,0,0,0,7.6553154512064845,1.7320429015522603,-0.0050511441374530685,7.6625584236400099,1.744022911036627,-0.0037396930394184391
639049412117485206,nan,70.60802392029558,0.015102070655073662,0.0048972590085830962,205,0,0,1,2,7.7078521992417635,1.7840720444502527,-0.003739693039605997,7.6936962900479955,1.7788106023505397,-0.0086369520481890932
639049412117684577,nan,63.218118436451256,0.0075173905192757557,0.00019063600757455133,205,0,0,0,0,7.7143557004936198,1.8018916055218257,-0.0086369520484430012,7.7154885153488788,1.8093231525157565,-0.0084463160408684498
639049412117984440,nan,70.229736660948873,0.0065206199661791047,0.009149522225345267,200,0,0,1,2,7.7482650076942994,1.8552154078096177,-0.0084463160415863929,7.7466720698118969,1.8488923520889917,-0.01759583826693166
639049412118185200,nan,54.743883100972809,0.011734394237386874,0.0035791671419079327,207,0,0,1,2,7.7675496385482719,1.8753841583682682,-0.017595838267809666,7.7758625247894138,1.8836661829070058,-0.014016671125901733
639049412118485387,nan,61.612752588293631,0.014346515185109529,0.0057545137286806221,203,0,0,1,2,7.8195096412883967,1.9356618590963224,-0.014016671126792637,7.8076504948053325,1.9275882513123261,-0.019771184855473259
639049412118684832,nan,50.305008883235502,0.0085849938561803358,0.0061267112075722684,206,0,0,1,2,7.8287705022667646,1.9567701843510623,-0.019771184856369403,7.8317130784306919,1.9648351310359538,-0.013644473648797135
639049412118984409,nan,58.040107204733786,0.015085093637989192,0.0039559851777919309,204,0,0,1,2,7.8678563591082433,2.0207819258263231,-0.013644473649352036,7.8597873544007806,2.008036290765729,-0.017600458827143967
639049412119185035,nan,65.424477760022953,0.0075616418341655986,0.0072895381324738062,206,0,0,1,2,7.8785886298350594,2.0369680040546192,-0.017600458827558171,7.8822992686277864,2.0435565992750067,-0.010310920695084365
639049412119484529,nan,58.12673181253156,0.016233621978806581,0.0048969321501024544,204,0,0,1,2,7.9159049988895811,2.0965812285687053,-0.010310920695356243,7.9092650136632674,2.0817676848081756,-0.015207852845458697
639049412119685143,nan,64.20938267391557,0.027973558772409705,0.0040058840648272802,217,0,0,1,2,7.9273278328668173,2.107363118149582,-0.015207852845718696,7.9355785644841488,2.1340922299599701,-0.011201968780891415
639049412119985434,nan,61.420311791403904,0.040791423605299054,0.003806173081766645,208,0,0,1,2,7.974966256716761,2.2124147298262682,-0.011201968781078127,7.9622928813133367,2.1736419843001795,-0.015008141862844772
639049412120184911,nan,66.510585313225931,0.021908139240825245,0.0037066070838512113,203,0,0,1,2,7.980038640520692,2.1999140548801237,-0.015008141863028403,7.9859546295787629,2.2210083109338501,-0.011301534779177192
639049412120484926,nan,72.542086674057543,0.037071528085985489,0.0055054859167375427,201,0,0,0,0,8.0215420878112997,2.2922476442153847,-0.011301534779401068,8.0115073269607748,2.2565600865894728,-0.016807020696138611
639049412120685421,nan,70.419557931376218,0.024252816846715312,0.0020324002167642699,214,0,0,1,2,8.0285837666774764,2.2803187428569065,-0.016807020696465256,8.0320064892041518,2.3043288260617958,-0.014774620479700986
639049412120984408,nan,70.720217285425093,0.019259085531440262,0.0073848101369383135,210,0,0,1,2,8.0625757454033611,2.3755636803405129,-0.014774620480309569,8.0529125182187595,2.3589043161303724,-0.022159430617247882
639049412121185045,nan,74.114403130446433,0.020142446711793636,0.003793351974362983,201,0,0,1,2,8.0669416330077102,2.3955275224934884,-0.02215943061798404,8.0677267827915724,2.4156546608731575,-0.018366078643621057
639049412121485122,nan,75.791741824569257,0.052576218151926653,0.0038085540584582994,211,0,0,1,2,8.089883314588878,2.5005316935210775,-0.018366078644328338,8.0914045563205175,2.4479774878020972,-0.022174632702786638
639049412121685069,nan,79.137024222021921,0.011494224139456584,0.0074780983665706392,200,0,0,1,2,8.1071815061826928,2.469514800811627,-0.022174632703423857,8.1075863050768771,2.4810018947184136,-0.014696534336853218
639049412121985325,nan,73.914000060379394,0.010252947994602338,0.0063594079456882734,200,0,0,1,2,8.1318860802902559,2.530593918219969,-0.014696534337662369,8.1222493458785365,2.527093019412805,-0.021055942283350643
639049412122186151,nan,82.172661289296485,0.014068948773382764,0.0040085699459288977,207,0,0,1,2,8.1320567097015211,2.5579210335336744,-0.021055942284185343,8.1275351948884271,2.5712436167435118,-0.017047372338256445
639049412122487606,nan,76.867674449473668,0.015215623081869262,0.0073258693882848717,205,0,0,1,2,8.1354696536401647,2.6375169992653378,-0.017047372339090556,8.1387714228705832,2.6226639354157957,-0.024373241727375428
639049412122684906,nan,79.666149483373118,0.0093659609964408079,0.007907071511552597,210,0,0,1,2,8.1461254484494567,2.6563181420935473,-0.024373241728186164,8.1522497583498126,2.6634043296179679,-0.016466170216633567
639049412122986670,nan,71.827790720967911,0.0087551364394758708,0.002627971508510997,200,0,0,1,2,8.1728644386719314,2.7257154513413551,-0.016466170217239753,8.16782804338483,2.7328769551349659,-0.01909414172575075
639049412123184724,nan,76.254489396032398,0.0036830615974295191,0.0070722136642131176,209,0,0,1,2,8.1780523964034977,2.7784732866196475,-0.019094141726342672,8.1745056288522076,2.7794659510481305,-0.012021928062129554
639049412123484677,nan,75.478443150892289,0.0058596926952916989,0.0070373498655441208,202,0,0,1,2,8.1846188393589188,2.8500250364043538,-0.012021928063250378,8.1787750415686826,2.8495937292399267,-0.019059277928794499
639049412123785202,nan,70.590835979770304,0.035000714804527849,0.004765736625738419,213,0,0,1,2,8.1830525959075917,2.9198552386800376,-0.019059277929571683,8.1848799909749754,2.8849022607797843,-0.023825014555310102
639049412123987441,nan,66.634795827993329,0.04107875459477988,0.010911413298121068,200,0,0,1,2,8.1889883309233298,2.9086632194690423,-0.023825014555752727,8.1925339027725315,2.9495886760861687,-0.012913601257631659
639049412124185231,nan,84.356561249374508,0.013699529592100683,0.0063677705469786013,203,0,0,1,2,8.2000194382747775,3.0128520727774584,-0.012913601257992288,8.1976770569606092,3.0263498637383481,-0.0065458307110136862
639049412124485087,nan,82.686497352463931,0.043132332197797475,0.0039778957228117848,200,0,0,1,2,8.2054742440894852,3.1427222924993163,-0.0065458307111784363,8.1994879928636575,3.1000073902158927,-0.010523726433990221
639049412124685148,nan,68.729900515676078,0.015327875810626905,0.0054311980044096297,204,0,0,0,0,8.2006962316439385,3.1491509738181018,-0.010523726434060344,8.2018301250524193,3.1644368516994734,-0.0050925284296507141
639049412124985287,nan,78.019161449529463,0.03447890013247009,7.9342214615724105e-05,213,0,0,1,2,8.205343879422351,3.2610963412562608,-0.0050925284296616949,8.210303834146778,3.2269760627773785,-0.005171870644277419
639049412125185492,nan,75.053157395219799,0.016297755629663818,0.0031654837531677961,204,0,0,0,0,8.2159561450068672,3.2686922767777316,-0.0051718706442878577,8.2167619801100393,3.2849700981414993,-0.0020063868911200616
639049412125485074,nan,83.717529310908674,0.025489515749832055,0.0037770127966227978,202,0,0,0,0,8.226425796118459,3.3717509932362972,-0.0020063868911303689,8.2198092534975284,3.34713521015092,-0.0057833996877531667
639049412125685015,nan,87.753990009353672,0.024357222913808044,0.0017690177381035595,208,0,0,1,2,8.2218430034837358,3.3886242003448421,-0.0057833996877577247,8.2232358376374783,3.4129415670010634,-0.0040143819496541652
639049412125985414,nan,88.088414777226703,0.027262697681128989,0.0020111214479291888,205,0,0,0,0,8.2283840686109002,3.5118115526039477,-0.0040143819496577448,8.2263751538044421,3.4846229714318264,-0.0060255033975869336
639049412126185133,nan,91.512861435974017,0.013881926511037347,0.00058711527482035574,207,0,0,0,0,8.2284623148321074,3.5322800488904984,-0.0060255033975867775,8.2341341757703042,3.5449504031537225,-0.0054383881227664218
639049412126443342,nan,96.142797725697648,0.0091414483185461373,0.0010237428187912711,202,0,0,1,2,8.2441655163176897,3.6229454152330893,-0.0054383881227496071,8.2446900403972538,3.6138190275659667,-0.004414645303958336
639049412126685861,nan,84.89560178773722,0.0039500546153477508,0.00093039944183668372,206,0,0,0,0,8.2546044807671208,3.6785028686552899,-0.0044146453039976326,8.2514099214693744,3.6808261685406709,-0.0053450447458343164
639049412126985738,nan,85.110346866316149,0.0077249844838144502,0.0026524282488709036,203,0,0,0,0,8.2597191169396851,3.7636811218188528,-0.0053450447458360814,8.2572601594561341,3.7563579453653415,-0.0026926164969651779
639049412127185594,nan,111.65515898247375,0.0087387203202408132,0.00014229135189442431,200,0,0,0,0,8.2611591085688758,3.8066968469452274,-0.0026926164969702572,8.265104799389114,3.7988996194388327,-0.0028349078488646815
639049412127485699,nan,113.79972191064213,0.038323298520115935,0.00148122471491353,202,0,0,1,2,8.2768843590074734,3.8627804591325376,-0.002834907848865538,8.269078377799115,3.9003003454175023,-0.004316132563779068
639049412127687735,nan,113.91747018058524,0.0047944550020741286,0.0004360500274467995,200,0,0,0,0,8.2717534611454209,3.9685651096627712,-0.0043161325637831732,8.2765010648141946,3.9692337337508508,-0.0047521825912299727
639049412127985694,nan,113.24223579595515,0.005931295335777298,0.0022591308890803053,202,0,0,0,0,8.2874479079526751,4.0708954349051805,-0.0047521825912292372,8.2852150320232969,4.0654004799968835,-0.0024930517021489319
639049412128185942,nan,117.90760266870899,0.015315958128248949,6.544026078865884e-06,201,0,0,1,2,8.2910713897963078,4.1300308439136488,-0.002493051702147313,8.2932829785215088,4.145186286787311,-0.0024865076760684471
639049412128485812,nan,108.67361605126,0.039623357618913765,0.00073830804696318661,203,0,0,0,0,8.3053646728026944,4.2646649826157113,-0.0024865076760709772,8.3009553010492922,4.225287731445313,-0.0017481996291077906
639049412128686719,nan,130.79173229532464,0.012524204919694613,5.8874944062842216e-05,208,0,0,0,0,8.3060956061884834,4.2789541233548247,-0.0017481996291107437,8.3088118465423655,4.2911802325973616,-0.0016893246850479015
639049412128989047,nan,129.50980515478577,0.015088659003087668,0.00030296149963776804,205,0,0,1,2,8.3206344992415247,4.3903363002719402,-0.0016893246850891407,8.3187307168957059,4.3753682261375966,-0.0013863631854513726
639049412129285364,nan,114.96066012262121,0.0096832493863407663,0.0039910221471725366,204,0,0,0,0,8.328452376505437,4.457882362049129,-0.0013863631854521593,8.3224655010838067,4.4654930546170855,-0.0053773853326246962
639049412129485885,nan,116.85201139730783,0.026149584793576198,0.00062494214645034563,202,0,0,0,0,8.3249928709619514,4.5264815255166138,-0.0053773853326288404,8.3284882054493625,4.5523964521361808,-0.0060023274790791861
639049412129685743,nan,140.52086074397911,0.0081415686362838122,0.0013352413934523697,205,0,0,1,2,8.3344909964243286,4.6390125134034363,-0.0060023274790909796,8.3334033246997219,4.6470811012649405,-0.0073375688725433492
639049412129991466,nan,138.20651001161781,0.059009399012534401,0.0022654401923586712,212,0,0,0,0,8.3409219879635277,4.791920312032544,-0.0073375688725603443,8.3381427275130431,4.7329763990035563,-0.0096030090649190155
639049412130185763,nan,130.93904964829969,0.013538697095457934,0.0040290980405366904,202,0,0,1,2,8.3411547735430105,4.7875656797077228,-0.0096030090649337763,8.3474261177129545,4.7995642863495238,-0.0055739110243970859
639049412130487810,nan,117.84379845374696,0.016070180131308256,0.0013524480892059595,205,0,0,0,0,8.3618577361101121,4.9030793772113874,-0.0055739110244434403,8.3569979382896626,4.887761640609753,-0.0069263591136493998
639049412130786086,nan,129.04517262821517,0.013759516848677898,0.004656381235642707,208,0,0,1,2,8.3664502564862957,4.9748578674861141,-0.0069263591137349286,8.3575354498151526,4.9643769073237438,-0.011582740349377636
639049412130988556,nan,108.47943210776964,0.036312783437188058,0.00076843863335480413,200,0,0,0,0,8.3579003130913332,5.0163834148925117,-0.011582740349502589,8.3577289228238705,5.0526957938607415,-0.010814301716147785
639049412131185371,nan,124.14567487064934,0.0048489780183063325,0.0045943180125834534,210,0,0,1,2,8.3579169921191276,5.1385479282696869,-0.010814301716256108,8.3604320595704049,5.1426936517936985,-0.006219983703672655
639049412131486230,nan,136.52530889909303,0.042696644064617331,0.0059253528507660375,200,0,0,1,2,8.3645641786590197,5.2802678485767256,-0.0062199837039136983,8.3602270575758535,5.2377920578826069,-0.012145336554679736
639049412131689453,nan,104.38611603154739,0.022135957375837435,0.0030496914664054457,201,0,0,1,2,8.3600885836716703,5.3020287381235383,-0.012145336554901581,8.3588987180670067,5.3241326931720749,-0.0090956450884961352
639049412131985983,nan,112.73881750059665,0.047570205864783881,0.00039912764612103774,205,0,0,1,2,8.3569604900388885,5.4501154243707379,-0.0090956450886314332,8.3575371506657472,5.4025487138628696,-0.009494772734752471
639049412132286626,nan,112.69217195310782,0.006871028874977759,0.0053732969352689453,205,0,0,0,0,8.3561566977327661,5.482052398847669,-0.0094947727349468988,8.3522584406454321,5.4877105460251316,-0.014868069670215844
639049412132485769,nan,131.66006348016597,0.033949194895660548,0.0044227297687226812,209,0,0,1,2,8.348761874453718,5.5441209156072917,-0.014868069670395974,8.3431713451181508,5.5776066411603047,-0.010445339901673293
639049412132787040,nan,122.39812511151939,0.039467999698812394,0.0029761999893490668,218,0,0,0,0,8.3294240461591134,5.7136048257686953,-0.010445339901788118,8.332965810556427,5.6742960620488914,-0.013421539891137185
639049412132993729,nan,147.65128210263467,0.011928900954343491,0.0021993272692034469,209,0,0,1,2,8.3259642347890015,5.7406304908988011,-0.013421539891296831,8.3257865407851828,5.7525580683066213,-0.011222212622093384
639049412133187627,nan,149.51979081619771,0.021698034119432497,0.0056869789692447388,202,0,0,1,2,8.3190515619033611,5.8259768109071528,-0.011222212622318201,8.3172500498038193,5.8475999290634979,-0.0055352336530734621
639049412133487362,nan,141.72217277066349,0.059780958579373274,0.0046291998664836787,201,0,0,1,2,8.3040540131025686,5.9945192997324188,-0.0055352336533396503,8.3050261417046816,5.9347462458147069,-0.010164433519823329
639049412133785800,nan,120.14256743629163,0.00073547198631372039,0.0065671211718338219,200,0,0,0,0,8.2928551283585907,6.0215154668886468,-0.01016443351995113,8.2927929956169919,6.0207826240916749,-0.016731554691784951
639049412133986094,nan,150.47463717891236,0.019158438034822329,0.0039066065346029504,203,0,0,1,2,8.2845828288068422,6.0785251714569801,-0.016731554691917654,8.2797872877130843,6.0970737167787084,-0.012824948157314704
639049412134286078,nan,156.94216289002358,0.012088536590593318,0.0027502569917949478,204,0,0,1,2,8.2603084002783849,6.211336286544288,-0.012824948157530247,8.2619204805310353,6.1993557225274678,-0.015575205149325195
639049412134486517,nan,127.46287090580384,0.013437447653286368,0.00049236568672858354,203,0,0,0,0,8.2499824939558764,6.2676970438988597,-0.015575205149539265,8.2432354363590914,6.279317810363275,-0.015082839462810681
639049412134685885,nan,127.54012856413203,0.0082650917495523252,0.0018799402433515629,212,0,0,1,2,8.2246502314515038,6.3588526390525484,-0.015082839463029492,8.221204597413621,6.3663652516277782,-0.013202899219677929
639049412134985760,nan,128.6724800221908,0.044927125045219993,0.0021176882253448274,208,0,0,0,0,8.1880673947092095,6.4972957492462173,-0.013202899219790957,8.1998889019970846,6.4539517931476844,-0.015320587445135784
639049412135185702,nan,190.46080865368552,0.033002226737503214,0.005318685067598734,201,0,0,1,2,8.1856766376436934,6.5123502201074945,-0.015320587445225584,8.1829301349657459,6.5452379639138671,-0.01000190237762685
639049412135486949,nan,148.26316882972145,0.046489614699938932,0.0042349215082104503,205,0,0,0,0,8.1573788366297801,6.6827762754482132,-0.010001902377678042,8.1550511315309553,6.6363449706644611,-0.014236823885888492
639049412135786000,nan,159.24188978966012,0.018711368050827477,0.002742571502797931,201,0,0,1,2,8.127375357643821,6.7267878347453376,-0.014236823885948283,8.1304724541652433,6.7452411078281953,-0.016979395388746214
639049412135988417,nan,155.24550466607897,0.016317689871174119,0.003472642370142217,201,0,0,0,0,8.1138360204588338,6.8189490352261029,-0.016979395388762107,8.1065297689516811,6.833539638080202,-0.01350675301861989
639049412136286914,nan,134.02869717455241,0.018968473443092524,0.0011626463877297162,200,0,0,1,2,8.071222360442551,6.9637502744626856,-0.013506753018620133,8.0766206718393523,6.9455661819963437,-0.012344106630890417
639049412136486374,nan,163.60526807968969,0.020940363452098962,0.00048110496743871203,201,0,0,0,0,8.0566349818323335,7.0204239341664278,-0.012344106630878657,8.051107602363123,7.0406216295228132,-0.011863001663439945
639049412136686295,nan,154.971643183536,0.014388653899508322,0.0016858996793258241,209,0,0,1,2,8.0255355660512944,7.1358967730349931,-0.011863001663427854,8.0237857882151093,7.1501786370087128,-0.01017710198410203
639049412136989596,nan,154.46198924756791,0.059665097908937981,0.00019435943743269235,200,0,0,0,0,7.9823357476845667,7.3163880393600458,-0.010177101984100264,7.9972898649321422,7.2586273409066084,-0.010371461421532956
639049412137285858,nan,169.57465186164981,0.01633610154428336,0.0008712952669172741,206,0,0,1,2,7.9714088581973854,7.3645591707198905,-0.010371461421523925,7.9741400051769986,7.3484529902340991,-0.011242756688441199
639049412137485848,nan,140.10237354457587,0.039628873458647025,0.00057108456471269449,209,0,0,0,0,7.9585128223036259,7.4090892905662544,-0.011242756688442858,7.945772918819463,7.4466145150268179,-0.010671672123730163
639049412137785861,nan,165.48511364209361,0.043173226831250813,0.0021448020732090789,209,0,0,1,2,7.9032183176924899,7.5938705455165323,-0.010671672123730207,7.9140230980504214,7.5520712125500902,-0.012816474196939286
639049412137985827,nan,141.48041295381969,0.021425942746469855,2.781281626825817e-05,201,0,0,0,0,7.8928610662054606,7.6223606799296322,-0.012816474196928117,7.8889491944703067,7.6434264882953871,-0.012844287013196376
639049412138188262,nan,170.12979973472804,0.037298924119822198,0.00040071786275426742,203,0,0,1,2,7.8635657009202005,7.735909736675108,-0.012844287013197838,7.8620009997540077,7.7731758264989246,-0.012443569150443571
639049412138486263,nan,127.24048082687925,0.081349726754911214,0.00092275878743657003,213,0,1,0,0,7.8223310366861005,7.9641775432672324,-0.012443569150436514,7.8312214351728349,7.8833150744832174,-0.013366327937873084
639049412138786054,nan,135.54979841171016,0.008192741773955908,0.0034389070817428483,205,0,0,1,2,7.8002569872503296,7.994115894924958,-0.013366327937845823,7.8042556483773433,7.9869652497116901,-0.0099274208561029743
639049412138985772,nan,141.09844842712695,0.049161025384699956,1.0036898602674635e-05,202,0,0,0,0,7.7862912898501628,8.0560160407503805,-0.0099274208559662451,7.7794018104359832,8.1046919227688576,-0.0099374577545689197
639049412139286201,nan,144.27807310382917,0.070885344795164146,0.007042055570832869,207,0,1,1,2,7.7420150266764578,8.2817841561173378,-0.0099374577544279561,7.7493515642257673,8.2112794944025485,-0.0028954021835950871
639049412139485681,nan,126.61737701351059,0.041552068644304517,0.0015540342633740471,214,0,0,0,0,7.7293986864609252,8.2820519191334778,-0.0028954021833960202,7.7261368654642197,8.3234757641071937,-0.0044494364467700673
639049412139685305,nan,136.60757381902812,0.014340935054428327,0.0023904261087583974,210,0,0,1,2,7.7029054085483626,8.4357530257049476,-0.0044494364464750091,7.6977882074629571,8.4491499160637904,-0.0068398625552334065
639049412139986054,nan,117.47825627618893,0.069989967302556938,0.0053320113383814819,209,0,1,1,2,7.6550787609774558,8.6384877488233514,-0.0068398625550011305,7.6757899251135688,8.5716323585908505,-0.0015078512166196484
639049412140285692,nan,151.83644409597801,0.039937974875063148,0.005289110138298957,211,0,0,1,2,7.6538729068471536,8.6936623374566935,-0.0015078512164086104,7.6626881750564175,8.6547093801425188,0.0037812589218903462
639049412140486134,nan,117.39619239434788,0.011681232181061037,0.0049191371919475521,213,0,0,0,0,7.6539237960892788,8.7102835207850919,0.0037812589220745001,7.6498386863621768,8.6993398895876606,-0.0011378782698730518
639049412140785912,nan,155.71942634606734,0.090931178259712114,0.0041023580007177067,207,0,1,1,2,7.6306211869270184,8.766088599241554,-0.001137878269747164,7.6265081048185683,8.856926706527366,0.0029644797309705427
639049412140985639,nan,97.075974748395723,0.096352156584856782,0.0050641091423508054,216,0,2,1,2,7.6109641120640621,8.9619188746881928,0.0029644797310395782,7.6052653375539405,9.0581023558460068,-0.0020996294113112268
639049412141285605,nan,110.35759649452126,0.11962605978302523,0.0034679080613774652,204,1,3,0,0,7.5733612488463482,9.3602440533807183,-0.0020996294111407347,7.5839322780582057,9.241085975515162,0.0013682786502367307
639049412141486459,nan,115.32458701120774,0.064602373122951487,0.0027704550439674588,202,1,4,0,0,7.569647891387862,9.3636098347026309,0.0013682786503766632,7.575996609123564,9.2993201745990852,-0.0014021763935907956
639049412141787488,nan,117.05374371227155,0.019586794878526582,0.0022701621855201319,210,0,0,1,2,7.5641030621505072,9.38659841011361,-0.0014021763934510098,7.5630016001496587,9.4061542101502784,0.00086798579206912203
639049412141985674,nan,105.03762613294919,0.073934997042261044,0.0025349688290351663,211,0,1,0,0,7.5544461824041846,9.4764896601227022,0.00086798579227560834,7.5570065392195511,9.5503803114976709,-0.001666983036759558
639049412142288630,nan,106.33751621216007,0.029522636486480045,0.0058275664274594404,209,0,0,1,2,7.547842220452627,9.7708507925599086,-0.0016669830366317566,7.5479390854998956,9.7413283149830612,0.0041605833908276834
639049412142486642,nan,95.686298967446135,0.010091448085668985,0.0069910969217609718,208,0,0,1,2,7.5420125989938143,9.8661319038413406,0.0041605833909440408,7.5412844314689824,9.8560667611934925,-0.002830513530816931
639049412142786110,nan,88.11940759398253,0.047788105658324899,0.0022276956077191511,208,0,0,0,0,7.5312201124714999,10.029594087869377,-0.0028305135307884004,7.5372543780571899,9.9821884902963838,-0.00060281792306924914
639049412142986269,nan,84.300942217317711,0.024763608773790413,0.0058764908124572792,204,0,0,1,2,7.5345607631772999,10.066485975087765,-0.00060281792305364866,7.5324318156940748,10.091157900470982,-0.0064793087355109278
639049412143287839,nan,83.993253214764422,0.0064177695612314348,0.0012706947861077398,204,0,0,0,0,7.5251658914446304,10.255336903295504,-0.0064793087354454324,7.5288153480544304,10.250057771492427,-0.0052086139493376926
639049412143486601,nan,99.300583271627914,0.0084265845465755686,0.0024068388104216999,203,0,0,1,2,7.5264317676552164,10.354787207987982,-0.0052086139493052325,7.5291789664306314,10.362753400680162,-0.0076154527597269324
639049412143786286,nan,78.172020330497872,0.013624557956240273,0.0057458067307897724,207,0,0,0,0,7.5297272149543524,10.532671139650018,-0.0076154527596941314,7.5283109351726578,10.519120393136157,-0.0018696460289043589
639049412143986883,nan,74.791238341309025,0.0049531308331077044,0.0031355920371711719,223,0,0,1,2,7.5277299102089268,10.623786124105994,-0.0018696460288727618,7.5305804896724267,10.62783676624918,-0.0050052380660439337
639049412144287649,nan,74.471675153268549,0.013563266123929867,0.0045120457528950858,200,0,0,0,0,7.5339833562590526,10.790841141567412,-0.0050052380660009889,7.5343751012367877,10.777283533967951,-0.00049319231310590279
639049412144486415,nan,89.496079510192999,0.027948541168604932,0.0039500707167631583,209,0,0,1,2,7.5368828307082101,10.876047809957889,-0.00049319231304970339,7.5382081417357529,10.903964910526062,-0.0044432630298128616
639049412144786152,nan,99.716248070722088,0.058449765345799695,0.00041018343556618528,201,0,0,0,0,7.5439883257714451,11.094999070117733,-0.0044432630297622363,7.5449298001376208,11.036556887620868,-0.004033079594196051
639049412144986475,nan,80.570873468586299,0.01716806312313101,0.0024204075715514081,203,0,0,1,2,7.5494220809572639,11.125171982279062,-0.0040330795941772796,7.5488166662916774,11.142329367408577,-0.0064534871657286877
639049412145286538,nan,75.896662325064554,0.024358595925006197,0.00032663966068293814,207,0,0,0,0,7.5546387871603979,11.300765531017044,-0.0064534871656947044,7.5548866417116551,11.276408196114408,-0.0061268475050117663
639049412145444578,nan,93.139517366329144,0.016110988754806328,0.0036717957529516882,207,0,0,1,2,7.558083633394646,11.347026093318227,-0.0061268475049964235,7.5631463614306762,11.362320953353242,-0.0097986432579481118
639049412145705810,nan,117.91202494860745,0.012459316600143782,0.0019723682278850463,218,0,0,0,0,7.5767992537467945,11.50433032692332,-0.0097986432579416031,7.571977786543644,11.515818931022668,-0.011771011485826649
639049412145986423,nan,130.4912058044153,0.014546886944946449,0.0035016627162396275,212,0,0,1,2,7.5814644217767899,11.680705039951707,-0.011771011485830872,7.5764180226480358,11.66706151490785,-0.015272674202070499
639049412146286770,nan,89.749689754883661,0.064514966885290986,0.00046584651859704444,218,0,1,0,0,7.5811705166281644,11.828940174635527,-0.015272674202100702,7.5836405775598932,11.76447251025094,-0.015738520720697747
639049412146486602,nan,97.872243692968965,0.042940655616859613,0.00012271680716021555,205,0,0,1,2,7.5884460112520769,11.829283658760499,-0.015738520720716472,7.5944235855574771,11.871806223478883,-0.015861237527876687
639049412146786455,nan,88.23763734424324,0.03617549333564176,0.0017895239554979944,204,0,0,0,0,7.6106037633923558,12.032863190894204,-0.01586123752788024,7.6035477544406511,11.997382505222271,-0.017650761483378234
639049412146986320,nan,89.629356628949694,0.0069896355063619109,0.0054992648470618861,203,0,0,1,2,7.6096294078302638,12.081084531050401,-0.017650761483381534,7.6118653448199405,12.087706886393478,-0.012151496636319647
639049412147286553,nan,96.357633673111934,0.033616972657264814,0.0023603854458578433,214,0,0,0,0,7.6243598541754816,12.223390272339868,-0.012151496636328295,7.6202181775693303,12.190029406560795,-0.014511882082186138
639049412147488730,nan,103.11197697457418,0.051340044052165475,0.0038470710917067677,218,0,0,1,2,7.6258429778636794,12.258933424972719,-0.014511882082184121,7.626608389519947,12.310267763073787,-0.010664810990477353
639049412147786388,nan,98.772660710614801,0.049391412909204097,0.0037845392822587337,206,0,0,0,0,7.6360164710959753,12.487290415120974,-0.010664810990472328,7.6309096937768972,12.438163716732207,-0.014449350272731061
639049412147986343,nan,92.749590132878893,0.0090637692830108328,0.0016911389572781162,207,0,0,1,2,7.6337991417094191,12.524079215102045,-0.014449350272735891,7.6393327868340037,12.53125770277361,-0.012758211315457775
639049412148286390,nan,101.13953529937029,0.024114990167816597,0.00099155949992999273,200,0,0,0,0,7.6519722497256826,12.670951990137091,-0.012758211315458004,7.6459685981640559,12.64759628593618,-0.011766651815528011
639049412148486694,nan,106.34784031451363,0.025790085208618429,0.0014441625837648357,202,0,0,1,2,7.6503985026545349,12.725261063660321,-0.01176665181554142,7.651949500915503,12.751004468630571,-0.010322489231776585
639049412148786246,nan,104.55373254237571,0.0045176275915565093,0.0020474853837629311,202,0,0,0,0,7.6608938623910676,12.905650047063704,-0.01032248923178568,7.6564310177031896,12.904948636807241,-0.012369974615548611
639049412148988296,nan,100.7237541490385,0.0041015831371588795,0.0033215583452550421,204,0,0,1,2,7.6594538333310345,13.008785096520734,-0.012369974615549983,7.6599950977954636,13.012850808882741,-0.009048416270294941
639049412149286600,nan,137.89239508457135,0.0085003659764849304,0.00079661973390588413,205,0,0,0,0,7.665257059427959,13.172156176558117,-0.0090484162702991269,7.6649521629680084,13.163661280450283,-0.0098450360042050111
639049412149486839,nan,133.61143575299818,0.0094890402774750263,0.00099733618015983121,207,0,0,1,2,7.6682796335117667,13.264894043055589,-0.0098450360042038818,7.66890210925194,13.255425441820959,-0.0088476998240440505
639049412149786111,nan,160.59821677067302,0.034618275100714475,0.0012248666506851592,200,0,0,0,0,7.6748055962064532,13.392573770077318,-0.0088476998240407494,7.6762327194452125,13.357984923750646,-0.0076228331733555902
639049412149986022,nan,146.22174504464584,0.040952646122005547,0.001961769202985319,201,0,0,1,2,7.6811295010163159,13.426493733769778,-0.0076228331733547089,7.6797044776985297,13.467421579216833,-0.0095846023763400279
639049412150286696,nan,91.929781638457754,0.041774882227346169,0.0014143527054154663,209,0,0,0,0,7.6849261385428953,13.632018609623564,-0.0095846023763425606,7.6844045579224156,13.590246983622594,-0.0081702496709270944
639049412150490883,nan,164.29207240145291,0.039650764399932655,0.0011243641343590821,203,0,0,1,2,7.68759637125072,13.673657424330466,-0.0081702496709340697,7.6896524632377528,13.713254843479191,-0.0092946138052931518
639049412150786986,nan,137.93501768295837,0.053620259688374507,0.0014919018480051317,200,0,0,0,0,7.6972627445366957,13.891635427586495,-0.0092946138052980229,7.6918932154438053,13.838284697447449,-0.010786515653303155
639049412150987632,nan,135.30284827681518,0.016389724937191014,0.0024208746633893868,206,0,0,1,2,7.6934115991384511,13.923007716394622,-0.010786515653308256,7.6975193405532076,13.938874333677026,-0.0083656409899188697
639049412151232145,nan,148.56848751352294,0.0036073006365886775,0.0010536391089870905,203,0,0,0,0,7.7043754988064261,14.061455764273212,-0.0083656409899104927,7.7007868939046533,14.061822551325472,-0.0073120018809234022
639049412151488857,nan,147.71805165169459,0.0043874607007651509,0.00063148605291136421,204,0,0,1,2,7.7042174687859735,14.190904779464539,-0.0073120018809195017,7.7006639437891513,14.188331402015015,-0.0079434879338308659
639049412151786922,nan,124.21216414308824,0.038103323160520439,0.0021926769211509491,202,0,0,0,0,7.7005211879920825,14.335219200718537,-0.0079434879338127172,7.7041081203354489,14.297285084777354,-0.0057508110126617681
639049412151986634,nan,121.52778802054932,0.05147063781150784,0.0004713298768347805,205,0,0,1,2,7.7064158162622238,14.370287141012847,-0.0057508110126764109,7.7117140360361098,14.421484361874443,-0.0062221408895111914
639049412152286814,nan,116.6844925183963,0.055549400843238082,0.00022879692818974628,209,0,0,0,0,7.7231462172521832,14.608163875368897,-0.0062221408895152281,7.7176901910309192,14.552883067560801,-0.0059933439613254818
639049412152486638,nan,125.33520631276227,0.015251803846987851,0.0032748288290702339,215,0,0,1,2,7.7216684014236261,14.640352635703485,-0.0059933439613314406,7.7204732495754982,14.65555754059128,-0.0092681727904016745
639049412152789946,nan,118.0538163401035,0.032456905731312109,0.0020442462062263064,203,0,0,0,0,7.7246975865972729,14.8114046313608,-0.009268172790407531,7.7237140963909408,14.778962629624388,-0.011312418996633837
639049412152986623,nan,111.75584400368393,0.020628757800738105,1.9032920947875676e-05,211,0,0,1,2,7.7258155906776746,14.858983409477753,-0.011312418996640771,7.7250000346494314,14.87959603950806,-0.011293386075692895
639049412153286657,nan,103.3772455164243,0.016713666426183799,0.00028800265610838538,222,0,0,0,0,7.7269617546240497,15.033113962300444,-0.011293386075695678,7.7274017940908788,15.016406089585063,-0.011005383419587293
639049412153487191,nan,105.62754126774382,0.013777491102899567,0.00084752804309942524,205,0,0,1,2,7.7290070602534842,15.107845948341543,-0.01100538341959084,7.7306550195373527,15.121524526165615,-0.011852911462690265
639049412153786039,nan,98.297969280599332,0.030714837724570596,0.0012403620712524831,203,0,0,0,0,7.7355031745545961,15.27817843291073,-0.011852911462707443,7.7339034146396619,15.247505284642884,-0.013093273533959926
639049412153986801,nan,107.32553769314288,0.0039004799199582447,0.0031552908463154863,216,0,0,1,2,7.7360856420513553,15.332137435547068,-0.01309327353400511,7.7333099842934798,15.334877776331924,-0.0099379826876896237
639049412154286850,nan,106.24479337453663,0.032416863616378813,0.0020749539756690569,210,0,0,0,0,7.7324230725176379,15.465460400328521,-0.0099379826877116027,7.730538313921568,15.433098374252308,-0.0078630287120425458
639049412154487066,nan,97.835680112871913,0.027312035605191499,0.00071616324512212282,205,0,0,0,0,7.7286888401516745,15.498638786762358,-0.007863028712064065,7.7338812421595167,15.525452705727854,-0.0085791919571861879
639049412154786675,nan,125.93758072174568,0.029990252766851209,0.0060974608122635263,205,0,0,1,2,7.7388836964411105,15.663654392401531,-0.008579191957197238,7.7323138071812787,15.634392611592203,-0.0024817311449337122
639049412154987322,nan,128.15374907392686,0.05183063687133737,0.0076161360201235113,209,0,0,0,0,7.7312641019785691,15.707349249383336,-0.0024817311449433304,7.7340164181023709,15.759106757770459,-0.010097867165066842
639049412155289245,nan,118.6194986193786,0.078665892326846135,0.00090901663143306069,200,0,1,1,2,7.7365784170215122,15.946770012922929,-0.010097867165085084,7.7354435538591826,15.868112306999214,-0.011006883796518145
639049412155488345,nan,112.73550312899164,0.024176975570836496,0.001139662410543316,202,0,0,0,0,7.7363846637752252,15.939994889152429,-0.011006883796537598,7.7368718477948075,15.964166955664911,-0.012146546207080914
639049412155788530,nan,117.33159681123547,0.042463847346171195,0.0014495749045537847,218,0,0,0,0,7.7390253004068894,16.108989480575573,-0.012146546207091451,7.7351783104515555,16.066700250271364,-0.013596121111645236
639049412155988451,nan,134.19713745649923,0.0065101724519514787,0.0041578676221617188,206,0,0,1,2,7.7340504270489863,16.134986669616158,-0.013596121111661728,7.730394997287874,16.140373707634932,-0.0094382534895000088
639049412156286854,nan,116.23839775275925,0.015609923054584862,0.0082128555226105727,201,0,0,0,0,7.7232554021578874,16.250339047432458,-0.0094382534895248778,7.7298858741322789,16.264470803840169,-0.017651109012135451
639049412156486163,nan,115.79883959119149,0.019963241438817957,0.0024502603868219886,201,0,0,1,2,7.7295458211602295,16.347357598368273,-0.017651109012177549,7.7307930099605224,16.367281843117848,-0.01520084862535556
639049412156787048,nan,96.830229093063039,0.046474845557147232,0.0042663398288906723,206,0,0,0,0,7.7321624592261404,16.522489583626626,-0.01520084862538067,7.7298521060718954,16.476072199621672,-0.019467188454271343
639049412156986497,nan,106.67895548276029,0.009948621737831018,0.0010392616444551972,213,0,0,0,0,7.7292284048582003,16.54818655498778,-0.019467188454286171,7.7255341720095414,16.557423855358685,-0.018427926809830974
639049412157286898,nan,105.61458966451069,0.027364117733657156,0.0030525328224111914,205,0,0,1,2,7.7190306963828634,16.679952014111322,-0.018427926809870085,7.7173757132375407,16.652637988957014,-0.021480459632281276
639049412157587398,nan,85.997715233245771,0.0059732962446171238,0.0013069730643161595,206,0,0,0,0,7.7092145657680371,16.74788350127654,-0.021480459632313688,7.7151452178670983,16.747171017097166,-0.020173486567997528
639049412157787033,nan,109.49548462183657,0.031850977440236863,0.0023087915372189856,207,0,0,1,2,7.7136634044119292,16.809973350117996,-0.020173486568003721,7.7125521310154062,16.841804935616313,-0.017864695030784736
639049412157986969,nan,95.796801961462748,0.013706951085554109,0.0023400217143643917,210,0,0,0,0,7.7099551344327431,16.936581538581947,-0.017864695030797014,7.7041113032011701,16.948980334676676,-0.015524673316432622
639049412158287485,nan,99.450780411857082,0.053754202996634484,0.00017258200014610113,201,0,0,1,2,7.6914242242788005,17.110071494968089,-0.01552467331646369,7.7015982970445842,17.05728889761669,-0.015697255316609791
639049412158486524,nan,86.618578629950704,0.010335191429242141,0.0010051406510205585,205,0,0,0,0,7.6999338724136139,17.129024272967811,-0.015697255316648891,7.6944394784654344,17.13777800457332,-0.014692114665628333
639049412158786857,nan,101.24886555756015,0.028174451140370354,0.0015492514343424212,210,0,0,0,0,7.6836374273079642,17.259229252618205,-0.014692114665632323,7.6839663363587576,17.231056721388345,-0.013142863231289902
639049412159086920,nan,111.57946173328368,0.010222419023080881,0.0054610081778607485,209,0,0,1,2,7.6735026096289083,17.324251580440354,-0.01314286323131887,7.6764920015081115,17.314476029976262,-0.018603871409179618
639049412159287767,nan,98.360335413637358,0.038057111349077175,0.0024275507747900833,203,0,0,0,0,7.6714890596867349,17.370312697182673,-0.018603871409204328,7.6685183515641988,17.408253685802986,-0.016176320634414244
639049412159487004,nan,110.48806318707906,0.004672707498582819,0.0010339342175088931,206,0,0,1,2,7.6606086188130238,17.501279615062316,-0.016176320634435824,7.6567771314524808,17.503954292607986,-0.015142386416926931
639049412159786570,nan,107.25139759810537,0.04774161892346248,0.0037978744443270575,209,0,0,0,0,7.6391234308648039,17.64784648119819,-0.015142386417010437,7.64976404646342,17.601305751969743,-0.018940260861337495
639049412159987027,nan,107.99026894847349,0.015385817783262198,0.00060422534251448543,211,0,0,1,2,7.6450711841971675,17.666449264548874,-0.018940260861440954,7.6362220096332036,17.679035586426064,-0.018336035518926468
639049412160286888,nan,76.842617543366458,0.018082544361070169,0.0021738747264640444,211,0,0,1,2,7.6159646541607309,17.795310627406955,-0.018336035519098726,7.624029798882912,17.779126318611695,-0.020509910245562771
639049412160587518,nan,78.288697621777899,0.01690057764467982,0.0023509931961874543,200,0,0,0,0,7.6118063209452673,17.87947373563814,-0.020509910245660477,7.6157623344900571,17.863042683281176,-0.022860903441847932
639049412160786692,nan,78.663763619809927,0.028714300900623345,0.0050494127990706184,221,0,0,1,2,7.6102849571392186,17.918639124144292,-0.022860903441913136,7.5977243054477075,17.944460454576632,-0.017811490642842518
639049412161087553,nan,78.119608355518679,0.023637893371661271,0.0013627885570830674,201,0,0,0,0,7.5704770771161467,18.067445543442258,-0.017811490642905967,7.5748021661648384,18.044206705094119,-0.019174279199989035
639049412161287084,nan,89.452296528057076,0.0082942147551855038,0.0020419812638238256,204,0,0,1,2,7.5596002045505042,18.110358413397968,-0.019174279200080861,7.5605822235687361,18.118594288400235,-0.017132297936257035
639049412161489594,nan,68.339083887832686,0.0076580938891890708,0.001746273306720952,210,0,0,0,0,7.5461499770750251,18.194092479134113,-0.017132297936317851,7.5426610872227728,18.200909666942476,-0.015386024629596899
639049412161787219,nan,129.30012165349038,0.026478768146851878,0.0034580290661029908,209,0,0,1,2,7.5163227424251469,18.321886974426722,-0.015386024629668078,7.5227062017277815,18.296189180554361,-0.018844053695771069
639049412161987094,nan,123.81231873199107,0.016898357068569628,0.00054401783952166827,207,0,0,0,0,7.5093051677477352,18.36017571657511,-0.018844053695897693,7.511007112599394,18.376988148146385,-0.018300035856376025
639049412162287074,nan,124.23859641880181,0.026955901116956327,0.00024934047083427849,208,0,0,1,2,7.4934486747920959,18.498254310989438,-0.018300035856428629,7.492118006687825,18.47133127387578,-0.01805069538559435
639049412162589531,nan,120.60574908199244,0.019079007497122505,0.0058284304630194794,215,0,0,0,0,7.4730729293270164,18.566453411280726,-0.018050695385768062,7.4685139890159427,18.547927089726912,-0.023879125848787541
639049412162787060,nan,129.02023554304168,0.035709792846500797,0.00086134592600863383,211,0,0,1,2,7.4530986473088268,18.597950381994103,-0.023879125849052583,7.4458194431948668,18.632910394760223,-0.023017779923043949
639049412162987014,nan,132.99756191294185,0.0089624940735878473,0.0018190036064323935,212,0,0,1,2,7.4228462837341933,18.718937012495498,-0.02301777992329861,7.4182221455869914,18.726614489061056,-0.021198776316866216
639049412163287217,nan,114.71399526483877,0.059986105594513242,0.0047182293264670383,201,0,0,1,2,7.3767886582160109,18.867298097397939,-0.021198776317108002,7.3960192402999638,18.81047805184086,-0.02591700564357504
639049412163487097,nan,103.81898104813587,0.010840487297272956,0.0034408251001095298,211,0,0,0,0,7.3812361878029167,18.866315764749881,-0.025917005643738646,7.3756826777206799,18.875625689057244,-0.022476180543629116
639049412163787342,nan,125.0516797354597,0.0067185691883478128,0.0013262430053570182,200,0,0,1,2,7.345134592711589,18.973485666724009,-0.022476180543751247,7.3420189282810275,18.967533204452415,-0.023802423549108265
639049412164087724,nan,109.65779805833377,0.016180133851805455,0.004184984948105902,204,0,0,0,0,7.3083398182735948,19.059482656697856,-0.023802423549245482,7.313502292909809,19.044148199188939,-0.027987408497351384
639049412164287358,nan,126.05942151807648,0.035246198499094064,0.00478482347363186,200,0,0,1,2,7.2945501253841325,19.095066556012021,-0.027987408497457893,7.2812173513255889,19.127693717159467,-0.023202585023826033
639049412164588055,nan,112.71070012540706,0.036015904985191229,0.0024414624948119329,206,0,0,0,0,7.2325884350109817,19.253533436932571,-0.023202585023876642,7.241736746611525,19.218698773065071,-0.025644047518688574
639049412164787287,nan,119.56370045552514,0.021969345342683692,0.0044192760578902202,200,0,0,1,2,7.2155781888660453,19.278995747421934,-0.025644047518715532,7.2131330117659411,19.300828595237444,-0.021224771460825312
639049412165086897,nan,114.55851347678539,0.036996312815840524,5.1426474232903197e-05,208,0,0,0,0,7.1701180091705483,19.424337449342531,-0.021224771460852422,7.1800361576118421,19.388695374578791,-0.021173344986619519
639049412165287249,nan,124.30355882857583,0.017323120554358338,0.0025162592448942124,214,0,0,0,0,7.1579039827061912,19.447452709028902,-0.021173344986620726,7.1516611128352618,19.463611826625957,-0.018657085741726514
639049412165488437,nan,141.21688720728969,0.012125445596570169,0.00049607440604656008,203,0,0,1,2,7.1231676687542915,19.538840879265639,-0.018657085741738764,7.115158905366016,19.547945061815764,-0.019153160147785325
639049412165787375,nan,136.81145454727704,0.033668556949122921,0.0014279336922989848,201,0,0,0,0,7.060921590533912,19.673252777291687,-0.01915316014781562,7.0737828847008588,19.642137526378548,-0.017725226455516635
639049412166087287,nan,153.91196805351871,0.028628522767151523,0.00089661235541758574,202,0,0,0,0,7.0322720526563254,19.736636888895035,-0.017725226455529701,7.0490649932112222,19.713450913320369,-0.016828614100112115
639049412166287277,nan,169.05920587089747,0.03841290212928735,0.0019964695622069917,207,0,0,1,2,7.0325823879169613,19.761004743292144,-0.016828614100115394,7.0179365318212303,19.796516008395169,-0.014832144537908402
639049412166587160,nan,142.18664384793351,0.02728318977101931,0.0020694786135990861,200,0,0,0,0,6.9712597160453669,19.921071285690616,-0.014832144537926232,6.9795039331534152,19.895063492082606,-0.016901623151525318
639049412166787450,nan,165.38358566776,0.010910142520560748,0.0026070012863365823,204,0,0,0,0,6.9538350383271776,19.960882746617731,-0.016901623151530501,6.9456044373932206,19.968044339882145,-0.014294621865193919
639049412166987137,nan,174.05537247415225,0.016634932596442508,0.00038549261903319393,216,0,0,1,2,6.9118070006272019,20.040805469017631,-0.014294621865207536,6.9041573448046822,20.055577190254006,-0.01468011448424073
639049412167287431,nan,156.86600181535434,0.045416098769093548,0.0017540586562547877,201,0,0,0,0,6.8418282336367922,20.187211146242966,-0.014680114484237112,6.8641552289993619,20.147662096880385,-0.016434173140491899
639049412167589374,nan,182.56189912129,0.022279240852382649,0.003044854555614436,200,0,0,0,0,6.8239334501672646,20.240252667992326,-0.016434173140479423,6.8349378964771468,20.220880865433674,-0.013389318584864987
639049412167787907,nan,180.15092996319117,0.028975877326045299,0.00064908475893409034,215,0,0,1,2,6.8157269703168017,20.269023534007513,-0.013389318584874616,6.8076273044389639,20.296844333411581,-0.014038403343808707
639049412168089522,nan,149.66385739296487,0.017307807048033981,0.0014332814577295589,205,0,0,0,0,6.7661365486573226,20.412249436815834,-0.01403840334383934,6.7659931273520399,20.394942224008997,-0.015471684801568899
639049412168287537,nan,164.37590567489622,0.012604439076504961,0.0034169813168383727,219,0,0,0,0,6.7386596340713103,20.459345034899194,-0.015471684801571918,6.7307115447350832,20.46912766033088,-0.012054703484733545
639049412168588392,nan,169.94731193994124,0.038503980161877137,0.00023732131489592051,202,0,0,1,2,6.6771063100901094,20.581841643840313,-0.012054703484756967,6.6934855201535983,20.54699515239566,-0.012292024799652888
639049412168787380,nan,124.7061945914073,0.013372239288789663,0.0042799670810255153,205,0,0,0,0,6.6688639177889355,20.598497359475438,-0.012292024799703222,6.6666579703534437,20.611686392021781,-0.016571991880728738
639049412169076223,nan,120.73918729408062,0.014476038695103745,0.0029905495011105544,204,0,0,1,2,6.6277161750344993,20.705589600895319,-0.016571991881025205,6.6296496965986904,20.691243270679443,-0.01956254138213576
639049412169287775,nan,101.99113405225367,0.014162275719760508,0.00072903204708796993,208,0,0,1,2,6.6025444029638596,20.749511661444618,-0.019562541382535874,6.5925859073037998,20.759581339580045,-0.020291573429623844
639049412169588030,nan,102.28695235292219,0.021519143158196377,0.0096343868620990571,216,0,0,1,2,6.5399814031878503,20.856573317333741,-0.02029157343060432,6.5410316296784536,20.83507981723298,-0.029925960292703377
639049412169788096,nan,97.573930227472744,0.0097157978286553023,0.0026898649673579404,200,0,0,1,2,6.5066799682327074,20.885385985090675,-0.029925960293719762,6.5036845863320591,20.894628518007391,-0.027236095326361821
639049412170094598,nan,86.37849707051879,0.022858885407296359,0.012248825729902858,207,0,1,1,2,6.4464687501592133,20.985857391902798,-0.027236095327512783,6.4580061882528028,20.966123761615886,-0.039484921057415641
639049412170287596,nan,82.418208273474633,0.022924536741374582,0.0066105693874545304,206,0,0,1,2,6.4292434412805148,21.011142844773428,-0.039484921058629191,6.4107845025004826,21.024737033381861,-0.032874351671174661
639049412170587716,nan,70.836581243371441,0.033754505014521465,0.0081678569522662184,205,0,0,1,2,6.3373527968455727,21.115883133975672,-0.032874351672467994,6.3614195831586233,21.092215510408078,-0.041042208624734212
639049412170787530,nan,64.58595940176609,0.0088979221277192891,0.010497721915359956,204,0,0,1,2,6.3285533896581097,21.13714135476539,-0.041042208625604065,6.3256869263400235,21.145564917327455,-0.030544486710244109
639049412171087741,nan,70.169793294063709,0.015658530171878605,0.0048535004633746166,200,0,0,1,2,6.2720003146102714,21.22571985542325,-0.030544486711166777,6.2725933688173487,21.210072560006754,-0.035397987174541394
639049412171287766,nan,62.091079545437559,0.021240746156409192,0.0044880905497898145,203,0,0,1,2,6.2372181199308221,21.253052801326781,-0.03539798717550801,6.2174229493994915,21.260754782949491,-0.030909896625718195
639049412171587685,nan,52.587527458717744,0.024926865310221005,0.0038575500718072316,207,0,0,1,2,6.1347000046606626,21.336748091899686,-0.030909896626707924,6.1550302830486432,21.322324902416735,-0.034767446698515156
639049412171787836,nan,45.268578818073927,0.010572170189776497,0.004779085221955099,200,0,0,1,2,6.1133925256448487,21.363413733005956,-0.034767446699486643,6.1082175686090379,21.372632767781848,-0.029988361477531544
639049412172088001,nan,43.08653119709944,0.014494287152691476,0.0047778606750011401,215,0,0,1,2,6.0380128809993625,21.448079107831706,-0.029988361478423452,6.0435646298433676,21.434690215239794,-0.034766222153424592
639049412172288001,nan,42.12429936396515,0.022228846167589248,0.0063079895681839027,203,0,0,1,2,6.0004863637126258,21.476039104989063,-0.03476622215415287,5.9794190638946692,21.483130683115451,-0.028458232585968968
639049412172587844,nan,43.772213356375588,0.031930091566362721,0.0032888374879234752,208,0,0,1,2,5.8832510692408908,21.555753359161656,-0.028458232586629884,5.9114615574311911,21.540796785239088,-0.031747070074553359
639049412172788210,nan,45.17204729902091,0.01448173830822822,0.00059117208251336859,203,0,0,1,2,5.8660498795195464,21.579331372400052,-0.031747070075309247,5.8525191566547452,21.584492794993093,-0.031155897992795879
639049412173087802,nan,40.278467621182585,0.022819913111743605,0.0055284824900145198,204,0,0,1,2,5.7643870796885084,21.649828106144792,-0.031155897993821815,5.782894645718728,21.636478258427886,-0.036684380483836335
639049412173287688,nan,45.172424936512563,0.01900621548212927,0.0074664987570966304,213,0,0,1,2,5.7364415862479925,21.671162650347988,-0.03668438048483974,5.719814441923921,21.68036994629086,-0.02921788172774311
639049412173587837,nan,36.579320891819378,0.018445730003641164,0.0034498089198968414,211,0,0,1,2,5.6250931503436821,21.746277744837951,-0.02921788172823658,5.6379478318308882,21.733048908183516,-0.032667690648133421
639049412173787950,nan,38.722182113656153,0.0084395387063878943,0.0082593750406464161,210,0,0,1,2,5.5833663641413507,21.768170614740011,-0.032667690648503452,5.5753824350009671,21.770906065170553,-0.024408315607857035
639049412174090158,nan,37.866379416725451,0.020063712347332441,0.0018664501412379332,204,0,0,1,2,5.4808970020447036,21.828077441836431,-0.024408315608047307,5.496512196303688,21.815479098238534,-0.02627476574928524
639049412174297124,nan,37.696409438460286,0.0051725016416623833,0.0041256501791529683,218,0,0,1,2,5.4424982131456607,21.846004770497203,-0.026274765749604415,5.4414267978880995,21.85106509089999,-0.022149115570451447
639049412174589883,nan,33.491683113786365,0.0053893425931469934,0.0036720309904694735,212,0,0,1,2,5.3635070132145337,21.901402439187027,-0.022149115570757404,5.3607542407126694,21.896769162038044,-0.025821146561226877
639049412174790931,nan,32.477414972522453,0.014526791710805979,0.0039372521279663689,203,0,0,1,2,5.3053535313407769,21.928155770457131,-0.02582114656152542,5.2913510419307537,21.932023323654093,-0.021883894433559051
639049412175091048,nan,32.251285128245193,0.036101871439565524,0.0033897403216459204,213,0,0,1,2,5.187748520100981,21.984649428970851,-0.021883894433765535,5.2211220720401643,21.970881671259388,-0.025273634755411455
639049412175288150,nan,28.126597932114805,0.025128784119166671,0.0042062352709283241,212,0,0,1,2,5.1749991585651696,21.996401911797907,-0.025273634755616874,5.1503868804035786,22.001470595552508,-0.02106739948468855
639049412175550687,nan,32.209989848776978,0.014682795661522644,0.0016825758153496788,205,0,0,1,2,5.0561686329647184,22.042214598237123,-0.021067399484880713,5.0694105782571084,22.035871462316194,-0.019384823669531034
639049412175792270,nan,33.431602013835082,0.0024373357785933574,0.00088827832367196699,207,0,0,1,2,4.9948972791737383,22.06752667508762,-0.019384823669752516,4.9967730651108262,22.065970386934406,-0.018496545346080549
639049412176087470,nan,35.686037766599071,0.01978105420991726,0.0060414626719545138,205,0,0,1,2,4.9080143615564262,22.102749475476632,-0.018496545346477711,4.9259608047360919,22.094429903200684,-0.024538008018432225
639049412176287931,nan,33.292359337907648,0.018726350367534107,0.0028019851575908743,204,0,0,1,2,4.8778744343872447,22.113755862178511,-0.024538008018819071,4.8605450529452341,22.120852955733266,-0.021736022861228197
639049412176588946,nan,32.918531334365333,0.0054792574535337916,0.005227192673223427,203,0,0,1,2,4.7623158586115482,22.160530175532106,-0.02173602286148249,4.7639562917638401,22.155302246562144,-0.026963215534705917
639049412176788279,nan,33.266195229769288,0.0062758894001247153,0.003324285413090617,214,0,0,0,0,4.6999949359092454,22.178114666171773,-0.02696321553484796,4.6937197142580507,22.178023118419347,-0.023638930121757343
639049412177088161,nan,33.644159008209783,0.037255828213084839,0.0013449425561770159,202,0,0,1,2,4.5880538920630745,22.212205017524269,-0.023638930121902112,4.6235280962456109,22.200821802975707,-0.022293987565725096
639049412177288236,nan,32.585974295551324,0.024551661368444038,0.0042952103311248747,211,0,0,0,0,4.5766977163834017,22.216032608601299,-0.022293987565818216,4.5538739627588196,22.225080279375323,-0.017998777234693342
639049412177588490,nan,38.332355831507684,0.01922080635435135,0.001046811649625997,205,0,0,1,2,4.4493435007023754,22.261485150413137,-0.017998777234832664,4.4672325817628593,22.254455201926632,-0.016951965585206667
639049412177788386,nan,41.062812362251663,0.02525578780262349,0.0017570057346096811,208,0,0,0,0,4.4095505342445298,22.274011742450043,-0.01695196558536816,4.3847401873962637,22.278734189569903,-0.018708971319977841
639049412178089861,nan,37.812811356376912,0.035728212670336448,0.0032171689655541985,201,0,0,1,2,4.2603285203710639,22.315350769190083,-0.018708971320001426,4.2940715319378091,22.303607075093961,-0.021926140285555624
639049412178288381,nan,34.391867151224297,0.011226813238235572,0.0027571941303636445,208,0,0,0,0,4.234366609534252,22.319985763987688,-0.02192614028557555,4.2233711587619043,22.32225322904786,-0.019168946155211905
639049412178589268,nan,36.779706691218301,0.022893376875700529,0.0022898948154019376,207,0,0,1,2,4.1162140804636049,22.350514287504069,-0.019168946155268925,4.1383724766126644,22.344759968702142,-0.021458840970670863
639049412178788419,nan,44.245322606102505,0.016211604790013417,0.0028994412318388389,214,0,0,0,0,4.0821135736068737,22.359656722994917,-0.021458840970732144,4.0667137551521551,22.364722462963499,-0.018559399738893305
639049412179088521,nan,40.164264082360368,0.019088852927342252,0.0019496566181788043,209,0,0,1,2,3.9587307391103486,22.394804081699139,-0.018559399738971073,3.9759677013644299,22.386602164951629,-0.020509056357149877
639049412179288954,nan,40.867155601290285,0.020877324070886098,0.0012034560225910734,205,0,0,0,0,3.9153599619996968,22.401215244199975,-0.02050905635723238,3.8945983414657284,22.403410186833462,-0.019305600334641307
639049412179589454,nan,48.833366241642956,0.034133029290023403,0.0034687722059971379,200,0,0,1,2,3.7726049938155919,22.428609682802144,-0.019305600334685626,3.8065640415494135,22.425167769740252,-0.022774372540682764
639049412179788417,nan,53.868051525877874,0.023110861062385347,0.004351879885785271,206,0,0,0,0,3.7482759603039901,22.439573606571813,-0.022774372540725413,3.7251973319003895,22.44079377461491,-0.018422492654940142
639049412180088756,nan,69.674704923330253,0.027074877981633525,0.00030207831196233867,200,0,0,1,2,3.6023725041219672,22.464381570728005,-0.0184224926549795,3.6287101871817566,22.458106583177226,-0.018120414343017161
639049412180288618,nan,62.916506706732285,0.015531363328181433,0.0018730765885626062,206,0,0,0,0,3.5645023629639381,22.469627473054604,-0.018120414343061868,3.5503555584784219,22.476037712494794,-0.016247337754499262
639049412180590455,nan,72.915424022420538,0.019446876304188513,0.0019756575021448973,205,0,0,1,2,3.4320222781953844,22.503117789146817,-0.016247337754515971,3.4505299405148264,22.497147241980944,-0.018222995256660868
639049412180788454,nan,66.806251749743296,0.016821245389633643,0.0037120780408531062,205,0,0,0,0,3.3850463433044977,22.510994668667294,-0.018222995256667839,3.3682729146364907,22.512262101970293,-0.014510917215814732
639049412181088582,nan,78.042989420729299,0.03776714920504836,0.0045350773321663485,210,0,0,0,0,3.2435872512603465,22.535173291920159,-0.014510917215826771,3.2801486028710811,22.525706237073344,-0.01904599454799312
639049412181288416,nan,101.0638802591604,0.019224694010444261,0.0053461926660618008,211,0,0,1,2,3.2214728587974562,22.534657735414662,-0.019045994547997668,3.2026482189439136,22.538559247195963,-0.013699801881935867
639049412181588648,nan,95.599553404426672,0.03127759776998415,0.00038077988672382927,203,0,0,0,0,3.0862110997989163,22.557869699547084,-0.013699801881938469,3.117488379939084,22.557728741062462,-0.014080581768662299
639049412181788423,nan,105.64372935814662,0.019559581205737135,0.0018202480642326747,200,0,0,1,2,3.0608228451620123,22.570484162327283,-0.014080581768664446,3.041687877422365,22.574537583912374,-0.015900829832897121
639049412182088760,nan,88.35204706868258,0.038255282901234519,0.00021538939017202649,208,0,0,0,0,2.9277311985367995,22.599807599855378,-0.015900829832896479,2.9652318481616349,22.592246651001641,-0.015685440442724453
639049412182288471,nan,127.45445887736204,0.018700670968716738,0.0010766491892608143,208,0,0,0,0,2.9143919248099013,22.604022407892948,-0.015685440442724317,2.8957032230084119,22.603353438794102,-0.014608791253463503
639049412182588674,nan,143.89588588326595,0.0097417445781868266,0.0014563959586286843,200,0,0,1,2,2.7911886902241738,22.620049018985778,-0.014608791253468346,2.8008910518699475,22.619173938463053,-0.013152395294839662
639049412182788559,nan,119.07698302948151,0.027816979895006925,0.0010606169463711398,208,0,0,0,0,2.7377619997684963,22.629707745841156,-0.013152395294847885,2.7102383853193763,22.633737016015196,-0.012091778348476745
639049412183091405,nan,148.42427057078683,0.036217017869590487,0.0011434257190778563,202,0,0,0,0,2.5728904229701541,22.655801552045194,-0.01209177834847717,2.6081856205728231,22.647682351988859,-0.013235204067555026
639049412183288575,nan,201.54258265473194,0.0013700783809554291,0.0017420899587995715,211,0,0,1,2,2.5417434564858685,22.656761560213262,-0.013235204067555012,2.5406935240699515,22.655881357570703,-0.014977294026354584
639049412183589160,nan,146.1963077147289,0.0088680583494009004,0.0051220564488192542,209,0,0,0,0,2.4378020505835405,22.668380713927242,-0.014977294026354258,2.4440004244272115,22.674722844530002,-0.0098552375775350035
639049412183788614,nan,183.12177340062402,0.018290610018604617,0.0012979172852343578,224,0,0,0,0,2.3798394533337004,22.687225164805398,-0.0098552375775334111,2.3618174334704269,22.690348178558242,-0.011153154862767769
639049412184093042,nan,187.38690711042767,0.035360382980000757,0.0016902949386080023,221,0,0,1,2,2.2363809740813347,22.71419723241301,-0.011153154862770227,2.2710994247432348,22.707490081890654,-0.012843449801378229
639049412184288715,nan,120.17149698479268,0.021129623387532222,0.0014469342281875266,218,0,0,0,0,2.2127898575494291,22.718508147412759,-0.012843449801381914,2.1916613292222364,22.718293030639902,-0.01429038402956944
639049412184589232,nan,131.37694181360482,0.017935021956799392,0.00047821299668049204,208,0,0,0,0,2.0696593251047348,22.734884332195445,-0.014290384029592795,2.0873895501992354,22.732181716667995,-0.013812171032912303
639049412184788612,nan,130.97700589534185,0.020622953552412965,0.0012235813503460227,205,0,0,1,2,2.0182097457235955,22.741396257676595,-0.013812171032941493,1.9999820487296081,22.751042877577905,-0.01258858968259547
639049412185093661,nan,116.92422258274098,0.038273819798490205,0.0070907257320171353,210,0,0,0,0,1.8662496236327659,22.77990022673232,-0.012588589682645269,1.90298064116234,22.769143013654137,-0.019679315414662404
639049412185288695,nan,113.47581733202938,0.024783839073209323,0.0040966057402499929,206,0,0,1,2,1.8409624980985222,22.780715390352608,-0.019679315414719036,1.8166051814421871,22.785293578259385,-0.015582709674469043
639049412185588828,nan,111.44147496563561,0.036768424780313023,0.0049395554350918653,207,0,0,1,2,1.6836841222823038,22.810147282775862,-0.015582709674649029,1.7185611657961053,22.798506453915255,-0.020522265109740895
639049412185788807,nan,90.502880890050207,0.015442520499104698,0.0017095619484923906,201,0,0,0,0,1.6532343133510632,22.807310209786102,-0.020522265109924782,1.6395222620808447,22.800207316760851,-0.018812703161432392
639049412186091197,nan,111.37465380574145,0.029040961280601064,0.0016846280886045652,209,0,0,1,2,1.5200068424894995,22.80277920638866,-0.018812703161861299,1.5485088017926885,22.808348384782349,-0.020497331250465864
639049412186288825,nan,89.460005954596667,0.018604330163988152,0.0047384524021413035,204,0,0,1,2,1.4890266491757773,22.813669007127508,-0.02049733125084819,1.4704323534524366,22.814279963266387,-0.015758878848706886
639049412186588835,nan,77.916743870773715,0.034102069186853108,0.0070440916940508261,201,0,0,1,2,1.3519080792273321,22.823284420433367,-0.015758878849346826,1.3849454817049651,22.814829767255631,-0.022802970543397652
639049412186788870,nan,69.009286756205555,0.019771690822352424,0.002149941891609549,207,0,0,1,2,1.3279461603823244,22.815196355172663,-0.022802970544162939,1.3083939519486723,22.812258515261824,-0.02065302865255339
639049412187090168,nan,66.97929394552402,0.021215463233310083,0.0062997614652109124,205,0,0,1,2,1.1930900160748925,22.808385627601016,-0.020653028653759571,1.2138913355461383,22.804214178397309,-0.026952790118970484
639049412187288720,nan,59.613825910523843,0.007492604363483717,0.0012584942339409141,206,0,0,1,2,1.1516151721067662,22.798913050699404,-0.026952790120427124,1.153167847314774,22.791583090273445,-0.02569429588648621
639049412187589076,nan,56.133728049618874,0.013615344049160346,0.0078749914564537199,203,0,0,1,2,1.061309472525199,22.772475636787551,-0.025694295889574476,1.0737363902922517,22.778038847046737,-0.033569287346028195
639049412187788778,nan,88.163182253868371,0.049098586092871661,0.013230961892706897,209,0,1,1,2,1.0209236586327817,22.769033491865354,-0.033569287349512325,0.9720019364454543,22.77319717467569,-0.020338325456805428
639049412188088889,nan,54.988027073161476,0.059401808047107138,0.0081341882882907147,209,0,0,1,2,0.81911599299763604,22.765921137695855,-0.020338325458537893,0.87830200359459487,22.760862387960788,-0.028472513746828607
639049412188288498,nan,207.46406456603233,0.028516136780300318,0.015106853091022264,202,0,1,1,2,0.81598056287290455,22.752658308665545,-0.028472513748805883,0.78972934123832272,22.741520830514506,-0.013365660657783619
639049412188589030,nan,100.98878343687468,0.045609494356568414,0.012093252001035566,207,0,2,1,2,0.65637403479795586,22.71240011480306,-0.013365660660102661,0.70198248253807149,22.712091132280921,-0.025458912661138228
639049412188788655,nan,44.179398318040114,0.017139806440919236,0.0016455083091453694,206,0,0,1,2,0.64369761880296961,22.692542786314835,-0.025458912664220384,0.65725990927776967,22.682062459892947,-0.027104420973365753
639049412189088693,nan,46.111982223626981,0.024633816717709471,0.010663682801601234,206,0,0,1,2,0.5900415176140279,22.636929120852532,-0.027104420976781948,0.56890112935888359,22.649574630352092,-0.037768103778383182
639049412189288830,nan,40.928745881922396,0.023646001485290141,0.0080263004844284037,207,0,0,1,2,0.50996239114363717,22.627903986164295,-0.037768103781248265,0.48682624273053632,22.623020132885447,-0.029741803296819861
639049412189588935,nan,42.288656811539411,0.045031766120367953,0.011147959000042878,215,0,0,1,2,0.36375512718668307,22.583201721186324,-0.02974180329963606,0.40877566171504565,22.584207420296412,-0.040889762299678938
639049412189888707,nan,37.085908215696826,0.023321362786432091,0.007079879675727957,217,0,0,1,2,0.33081168653244064,22.545437774744887,-0.040889762302053247,0.35413303493023096,22.545411868659453,-0.047969641977781204
639049412190092456,nan,44.817394401807434,0.018445714962719566,0.0031349194078933093,213,0,0,1,2,0.31699354036509741,22.519043312388426,-0.047969641980436961,0.30239122628459186,22.507773138300145,-0.044834722572543652
639049412190288302,nan,42.717767117584557,0.03463010058765479,0.012182074083048222,209,0,1,1,2,0.25265637479568231,22.471594336019155,-0.044834722575477534,0.22307993303429371,22.453581064260636,-0.032652648492429312
639049412190588790,nan,38.249972822828376,0.046494271377153541,0.0014192088329771299,206,0,0,1,2,0.10139201555731901,22.370433754925831,-0.032652648495381409,0.14116421058856243,22.394514655517153,-0.034071857328358539
639049412190788655,nan,56.179570158136862,0.006113399661642779,0.0058151737257064497,206,0,0,1,2,0.086679219951278808,22.355227536618841,-0.034071857331001591,0.092507862632157475,22.353383470480761,-0.028256683605295142
639049412191089054,nan,41.926218053286348,0.020750832797005517,0.010844304128087515,213,0,0,1,2,0.019376907888925321,22.291562907331901,-0.028256683607944314,0.039528437764955807,22.296513958273341,-0.039100987736031829
639049412191391997,nan,42.129569526080644,0.013175910547503137,0.011098874787388004,206,0,0,1,2,-0.013899655895624537,22.239162833147581,-0.039100987739319262,-0.025897105350722843,22.244609467459536,-0.050199862526707266
639049412191589866,nan,34.158578652254533,0.02717842692452108,0.0076806220162418878,214,0,0,1,2,-0.068630183159935201,22.21070774438676,-0.050199862529932041,-0.082817753890303547,22.187526292170336,-0.042519240513690153
639049412191788313,nan,34.928873967898681,0.022257091643689528,0.01321338157054875,204,0,1,1,2,-0.13990467473558083,22.130276369814556,-0.042519240516501189,-0.14850927314788298,22.109749825668047,-0.029305858945952439
639049412192089160,nan,63.897271529536525,0.055499422295369458,0.0021448683112579858,201,0,0,1,2,-0.24809806256815642,21.991840174134818,-0.029305858947597845,-0.21332114044907813,22.035092359779515,-0.03145072725885583
639049412192288571,nan,65.004139468625553,0.0086762425805878545,0.0051469853108262187,203,0,0,1,2,-0.25628051604663643,21.985607006991227,-0.031450727260393337,-0.24928133098123112,21.980479766628477,-0.026303741949567118
639049412192588547,nan,71.739943565334158,0.033434994021774057,0.014917245813923442,207,0,1,1,2,-0.30337661215966727,21.898325486056816,-0.026303741951510442,-0.27879355856677152,21.920987619700515,-0.041220987765433884
639049412192888922,nan,54.438426182208666,0.012620526473809493,0.006757594527169522,206,0,0,1,2,-0.30834504055535294,21.861416341886667,-0.041220987768805666,-0.31371045276952786,21.849993118162686,-0.047978582295975188
639049412193088771,nan,61.64232625237139,0.029577407427788301,0.0096869361906510576,203,0,0,1,2,-0.33694176825692412,21.802758227982633,-0.04797858229957673,-0.35529367569723025,21.779562743002753,-0.038291646108925673
639049412193388834,nan,77.295988726617381,0.022757374792183878,0.0079334386889117134,202,0,0,1,2,-0.41772874728305337,21.673815155265935,-0.038291646113385501,-0.40983381251024148,21.695159196878642,-0.046225084802297214
639049412193589163,nan,93.426878518373201,0.021055914207881658,0.016874479559580879,205,0,1,1,2,-0.44624606949498713,21.63880943702322,-0.046225084806152915,-0.4523407438214041,21.6186548725778,-0.029350605246572035
639049412193788746,nan,73.649334594371879,0.030473185130510165,0.010522452480994184,201,0,0,1,2,-0.49468938466659262,21.542435440758467,-0.029350605249101793,-0.46585671389942829,21.532571764545683,-0.01882815276810761
639049412194090421,nan,86.845436387345046,0.061634475071380097,0.014527748920095389,204,0,1,1,2,-0.48628646128917563,21.402454862727446,-0.018828152771390091,-0.47631752911550335,21.463277793507221,-0.03335590169148548
639049412194389305,nan,54.074823426528091,0.00035098198542185479,0.014942930451168991,208,0,2,1,2,-0.48668156423621728,21.394624907985186,-0.033355901695656796,-0.4867837461965388,21.394960686485206,-0.048298832146825788
639049412194588640,nan,94.273049823743762,0.032648202155584526,0.010270799319124502,204,0,0,1,2,-0.49376399064538251,21.34939789112569,-0.048298832151435843,-0.49984570883237689,21.317321142414421,-0.038028032832311341
639049412194889217,nan,192.16215990121856,0.045601173837261672,0.016770314666024015,202,0,1,1,2,-0.51954182613838085,21.200248569920056,-0.038028032837399549,-0.50957483796253145,21.244747178909986,-0.054798347503423564
639049412195089355,nan,119.66028290805174,0.022917580940114514,0.01387731436590136,204,0,2,1,2,-0.51605293989930934,21.196424093950554,-0.054798347507087584,-0.51401506103127803,21.173597299040495,-0.040921033141186225
639049412195289029,nan,105.76023253238733,0.020564767615891134,0.0087010093591310678,204,0,0,1,2,-0.51844498988551313,21.102612373074109,-0.040921033144859967,-0.50762685486071435,21.085123015690808,-0.032220023785728899
639049412195589665,nan,248.31199345584648,0.042888391317531277,0.013288217787308765,200,0,1,1,2,-0.49800855327766608,20.95191311029944,-0.032220023789814804,-0.49743369442869662,20.994797648854838,-0.045508241577123569
639049412195889312,nan,183.00063143843684,0.023200808752424008,0.010895086313728854,201,0,0,1,2,-0.48727406636029225,20.904769424702383,-0.045508241580927561,-0.49803918030686412,20.925321549859746,-0.056403327894656415
639049412196089752,nan,190.82633289205489,0.038701069581751554,0.012368374365301561,210,0,1,1,2,-0.49844420218066859,20.878847567865677,-0.056403327898119998,-0.48611014668501884,20.842164549153992,-0.044034953532818437
639049412196389420,nan,165.07229650037851,0.030886924559208957,0.0087048972652141662,202,0,0,1,2,-0.46827563437514491,20.717840601401587,-0.044034953537167958,-0.46394335992354124,20.74842218911057,-0.052739850802382124
639049412196589847,nan,152.99713980461573,0.01032113854395918,0.0075130492747536026,202,0,0,1,2,-0.44911754411990967,20.685724470313691,-0.052739850806564063,-0.44347080929130644,20.694363931328073,-0.045226801531810461
639049412196889454,nan,147.70211249748701,0.010963154015117367,0.0039208816737227523,200,0,0,1,2,-0.41286754986382429,20.613555295568219,-0.045226801534733761,-0.41350194565066811,20.602610511973062,-0.049147683208456514
639049412197089340,nan,155.36794659536602,0.03196224139931042,0.012559117422499828,202,0,1,1,2,-0.39350789919089701,20.541396241341214,-0.049147683211103625,-0.38615559018700685,20.510291122348047,-0.036588565788603797
639049412197389244,nan,157.09283695506659,0.06521389841899311,0.0073746275159054173,217,0,2,1,2,-0.34512579625959888,20.37177739839489,-0.036588565791694165,-0.35668851453410833,20.435958050410175,-0.043963193307599582
639049412197589675,nan,146.22046197335271,0.035969377641769669,0.0097339491109413312,210,0,0,1,2,-0.33699516119375239,20.386279980289139,-0.043963193310623185,-0.31947853961137063,20.354863995563591,-0.034229244199681853
639049412197889473,nan,154.97822746251558,0.051857874273907797,0.0062657874173340095,200,0,0,1,2,-0.26382110108196694,20.23356621500621,-0.034229244201200812,-0.27411423252485251,20.284392296591435,-0.040495031618534821
639049412198091070,nan,150.20476970898505,0.018512514720983923,0.0093181405864025957,210,0,0,1,2,-0.2436093318393216,20.237004111554544,-0.04049503162005403,-0.23452320615313593,20.220874774267802,-0.031176891033651434
639049412198389477,nan,138.89767291782559,0.026269100260906685,0.0010796294313285479,221,0,0,1,2,-0.1759199560725056,20.126855154511414,-0.031176891033992231,-0.19179522363933785,20.147784595693611,-0.032256520465320779
639049412198590487,nan,114.06408363132782,0.026561422152350529,0.0076418492601585189,202,0,0,1,2,-0.163013218642476,20.098550305629377,-0.032256520465604011,-0.1509796408493792,20.074871155470369,-0.024614671205445492
639049412198789361,nan,113.10025801255991,0.008113913236629005,0.0067715562242959965,208,0,0,1,2,-0.11059777819692293,20.002732518034634,-0.024614671205595892,-0.10426796702502454,19.997656192735793,-0.017843114981299896
639049412199083917,nan,124.20674236303472,0.052017992426110896,0.0060998662956833188,213,0,0,0,0,-0.035082433496224336,19.883291667643292,-0.01784311498132727,-0.068737611748569211,19.922955259422729,-0.011743248685643951
639049412199389124,nan,130.10419336157094,0.020161819684378343,0.0014985465150941443,201,0,0,0,0,-0.031922496310889774,19.845553177123673,-0.011743248685635001,-0.037562585357890352,19.864910045892337,-0.010244702170540857
639049412199589645,nan,125.55153773173581,0.046229330143944383,2.0810016596334996e-06,214,0,0,1,2,-0.017080592917070467,19.826774340412687,-0.010244702170521765,0.013460328501353497,19.79206982940228,-0.010242621168862131
639049412199889222,nan,114.73260084288876,0.030370536279299493,0.0018246746832630625,201,0,0,0,0,0.089688212190397007,19.683247045078236,-0.010242621168853721,0.068302778735524788,19.704811662158988,-0.0084179464855906588
639049412200089211,nan,119.2020425042862,0.015225346278022796,0.00084699542359292952,205,0,0,0,0,0.10491402318981094,19.646560616154726,-0.0084179464855839506,0.11048374311895356,19.632390598893036,-0.0092649419091768801
639049412200389378,nan,128.75696714662945,0.024688534495254932,0.00047277692898270093,203,0,0,1,2,0.1737938928575925,19.52369255401381,-0.0092649419091292307,0.16572529714996806,19.54702539565023,-0.0087921649801465298
639049412200588716,nan,119.99509517642765,0.020765289736058581,0.0010000315911861792,201,0,0,0,0,0.20241067861240186,19.490335190251187,-0.0087921649801320275,0.21652155435553186,19.475101003578299,-0.0077921333889458483
639049412200789594,nan,114.42037634879017,0.018382953891760527,0.0025554949058694942,203,0,0,0,0,0.26771024168528956,19.402620954462598,-0.0077921333889245381,0.27995710810909885,19.388911568751197,-0.010347628294794032
639049412201089511,nan,117.9342721708755,0.04506632807447622,0.0034321698281006424,211,0,0,1,2,0.3746683307173912,19.260228105529542,-0.010347628294759279,0.33930966916794975,19.288169812341195,-0.0069154584666586364
639049412201389280,nan,149.57437245538702,0.041530839613664029,0.0021957868957054065,214,0,0,0,0,0.39863294152680462,19.187477768951624,-0.0069154584666205861,0.38407733589009035,19.226374362421545,-0.0091112453623259926
639049412201589357,nan,104.36201579935427,0.060146297817045308,0.00034449231414213598,202,0,1,1,2,0.41395694470476341,19.185129776645251,-0.009111245362236127,0.42927981626440859,19.126968047404596,-0.0094557376763782629
639049412201889039,nan,114.48883398345806,0.038761693553162176,0.0049960944148488779,200,0,0,0,0,0.49698559815606247,18.978073955145568,-0.0094557376761762475,0.49266335631591518,19.016593912474004,-0.0044596432613273696
639049412202089453,nan,137.10159106890262,0.013272877500196812,0.0021202003804720662,205,0,0,1,2,0.53505145034853185,18.942780597433462,-0.0044596432611285841,0.54815018564349471,18.940637606344417,-0.0065798436416006504
639049412202389953,nan,127.22599845636371,0.034644393576171162,0.0068109728892556416,204,0,0,0,0,0.63134692944850657,18.826749005787864,-0.0065798436414232228,0.60232295290004967,18.845665738898401,0.00023112924783241909
639049412202591192,nan,117.04261451118663,0.024525817344112504,0.00096763329542725717,203,0,0,1,2,0.63860140052048853,18.782064928139768,0.00023112924801303592,0.63757995898425668,18.757560390323583,0.0011987625434402931
639049412202889861,nan,102.72928060211208,0.028132793566385504,0.00062925096800766505,206,0,0,1,2,0.68990666876796669,18.626798776752196,0.0011987625436178503,0.68961334458233303,18.654930041117151,0.00056951157561018525
639049412203089837,nan,106.61897990635448,0.023258682741045037,0.0037292572096293995,205,0,0,1,2,0.72445267614456721,18.586213144777371,0.00056951157579003932,0.74029230211181207,18.569181627755498,-0.0031597456338393602
639049412203389970,nan,96.902588057853549,0.010079896747618309,0.0021612438483280287,204,0,0,1,2,0.81635356726460606,18.440486541607793,-0.0031597456336623191,0.80878979812301088,18.447149402465961,-0.0009985017853342906
639049412203589853,nan,130.74486093757017,0.0073607629581215221,0.008839091697416375,202,0,0,1,2,0.85440785743407111,18.365878208403501,-0.00099850178517309511,0.8532150764380233,18.373141685864134,-0.0098375934825894705
639049412203889790,nan,100.47472982021904,0.032018249317324728,0.0085953194150655814,205,0,0,0,0,0.9198779977568442,18.262088457253387,-0.009837593482319466,0.90897227722012119,18.231984744045192,-0.0012422740672538848
639049412204091035,nan,106.10355782274482,0.017036165983848328,0.0022227474004812833,207,0,0,1,2,0.94638299304175466,18.137274425690496,-0.0012422740669834028,0.95117179155634313,18.120925163926859,-0.0034650214674646863
639049412204389980,nan,97.01887494007596,0.050302371070129401,0.004750824945633089,203,0,0,1,2,1.0138582374965746,17.955948612069793,-0.0034650214672039144,0.99946949682207575,18.004149158509424,0.0012858034784291744
639049412204589930,nan,107.02876421075436,0.023339774246127692,0.003218298538888022,203,0,0,1,2,1.0317735198627127,17.926043278554193,0.0012858034787412102,1.0382829747421443,17.90362962068599,-0.0019324950601468118
639049412204889977,nan,80.220883332045602,0.019882609084607102,0.0015267729071745525,211,0,0,1,2,1.0965268737643137,17.752788981699705,-0.0019324950598638387,1.0869037021878407,17.770187622819662,-0.0004057221526892862
639049412205090355,nan,86.754087947088209,0.0082917512083220575,0.006244059269202169,204,0,0,1,2,1.119373695635913,17.681072115420957,-0.00040572215245169576,1.1216262017255212,17.673092180933946,-0.006649781421653865
639049412205386454,nan,90.870082317100724,0.025876832486944876,0.0053426416372591747,210,0,0,0,0,1.172935713700926,17.529614038388761,-0.0066497814213677909,1.1596374808055467,17.551812404576786,-0.0013071397841086158
639049412205574480,nan,95.844863189421119,0.029236394634575728,0.0044664752618706564,218,0,0,1,2,1.1837750454724347,17.474798462519125,-0.0013071397837606399,1.1897937884550713,17.446188298169062,-0.0057736150456312958
639049412205889801,nan,96.084313167763426,0.041139963583774017,0.0092918834109879736,200,0,0,0,0,1.2403661405997521,17.269055886393083,-0.005773615045360816,1.2279742709201178,17.308285188827835,0.0035182683656271568
639049412206090027,nan,92.121703970821045,0.016578231028579998,0.00037515004349309832,201,0,0,1,2,1.2522185340108931,17.22071795426066,0.0035182683658580407,1.2536817752423337,17.204204424379512,0.0031431183223649423
639049412206389887,nan,80.327495435904851,0.02993551746714836,0.00040584425895706048,202,0,0,1,2,1.2921815317477809,17.048332269776843,0.003143118322471048,1.2889352527951443,17.078091249581057,0.0027372740635139875
639049412206593736,nan,91.614938795081855,0.025415533742239441,0.0075287332300007174,204,0,0,0,0,1.3129010573228002,16.992357758720356,0.00273727406359292,1.3180615907700117,16.967471653160363,-0.0047914591664077978
639049412206891828,nan,80.744421023077322,0.037756406608755087,0.0023178545357727832,215,0,0,1,2,1.3606535502086363,16.805710659796464,-0.004791459166385994,1.354752981580978,16.843003146035329,-0.0071093137021587772
639049412207090042,nan,70.841521902094414,0.0078879951524023946,0.0028127409541027059,207,0,0,0,0,1.3791506418274955,16.760238762317279,-0.0071093137020990967,1.3736419465489056,16.754592990106858,-0.0099220546562018026
639049412207397284,nan,103.68499094968435,0.023397715659511091,0.0011917541640261656,200,0,0,1,2,1.4029208237961031,16.617552654268948,-0.0099220546562056953,1.3952744087343723,16.639665669323144,-0.011113808820231861
639049412207592074,nan,95.022303266955305,0.034308066389480738,0.0032535209984638144,202,0,0,0,0,1.4089892892165559,16.566802282105709,-0.011113808820230319,1.4171919418824543,16.533489222975277,-0.014367329818694133
639049412207890103,nan,74.487057104523643,0.040883575071812575,0.0029487841872607046,201,0,0,1,2,1.450725801354654,16.37103909653856,-0.014367329818732118,1.4431147904320742,16.411207980309321,-0.011418545631471414
639049412208098763,nan,99.73393635922362,0.018553351770242477,0.005028460676897422,200,0,0,0,0,1.4612642375609231,16.325594821540616,-0.011418545631535274,1.4655559347289664,16.307544663720581,-0.016447006308432696
639049412208390247,nan,103.45296033151529,0.022600962026253394,0.0066356792958691159,203,0,0,1,2,1.4969047054767632,16.162733975651221,-0.016447006308647847,1.4968362951946834,16.185334834142559,-0.023082685604516963
639049412208591221,nan,94.54442801370503,0.01705874096918307,0.0064590149604704071,212,0,0,1,2,1.5184036510846706,16.10107292511972,-0.023082685604898349,1.522364368823133,16.08448035574515,-0.029541700565368756
639049412208891293,nan,144.19376488190898,0.062270860246523826,0.015099155600642827,204,0,1,0,0,1.5604800460243438,15.933895677917832,-0.02954170056593498,1.5423511269136134,15.993469181488788,-0.044640856166577807
639049412209089827,nan,71.879770945546284,0.055754661634618896,0.010363189671817319,206,0,0,1,2,1.5555747900035899,15.933254258171008,-0.04464085616726509,1.5733793872530746,15.880418866521333,-0.034277666495447771
639049412209393508,nan,78.767868592488327,0.034989351897076873,0.007247753979076163,203,0,0,1,2,1.6208407446434858,15.707495172344863,-0.034277666496412965,1.6127017636777443,15.741524743823458,-0.041525420475489128
639049412209590188,nan,78.081157310098476,0.012349750743242667,0.0093434581976552036,201,0,0,1,2,1.6381690303002991,15.651569507729603,-0.041525420476537345,1.6460654624042168,15.642074103396535,-0.032181962278882141
639049412209890174,nan,75.369684760764187,0.0467933794596316,0.0042300880072950256,213,0,0,1,2,1.6969534150489167,15.49038710004535,-0.032181962279196084,1.6868610247750959,15.536079156464535,-0.03641205028649111
639049412210089959,nan,77.678786141352973,0.018387070421183153,0.007350945691761309,210,0,0,1,2,1.7140300974260398,15.465488527325808,-0.036412050286720746,1.723957515264767,15.450011746855411,-0.029061104594959437
639049412210390476,nan,83.209308556890761,0.022563638880966162,0.0022244520083914213,218,0,0,1,2,1.7797581310892008,15.320548975708904,-0.029061104595219149,1.7617582138925665,15.334154885471392,-0.03128555660361057
639049412210590267,nan,64.596622041516596,0.02821853316574657,0.0042401123763747689,216,0,0,1,2,1.7868890363736463,15.257130430306544,-0.031285556604068426,1.791186451656809,15.229241044585264,-0.027045444227693657
639049412210889793,nan,56.217051047806294,0.032462811501752703,0.00096080270248894914,210,0,0,1,2,1.8353051674376626,15.071954564687477,-0.027045444227987128,1.8301347891182689,15.104002986156134,-0.028006246930476077
639049412211090467,nan,54.427598765086593,0.026223647606284654,0.0036425548090112184,216,0,0,0,0,1.8562290803375319,15.020097007585969,-0.028006246930616364,1.8741566648593719,15.000958527839895,-0.024363692121605145
639049412211390239,nan,63.291389152244776,0.036497558362574734,0.001000349099321219,203,0,0,1,2,1.9399176789153132,14.847028056735638,-0.024363692121610499,1.9333136721319921,14.882923165884872,-0.02336334302228928
639049412211590374,nan,70.9247373975019,0.01707843283229674,0.00043827549752371853,201,0,0,0,0,1.9728083135611645,14.804119918200403,-0.023363343022279891,1.9754578550924224,14.787248261563267,-0.022925067524756173
639049412211890402,nan,78.290537525237099,0.04080422451608396,0.0037189203184984192,215,0,0,1,2,2.0386373835369822,14.64381932512635,-0.022925067524755503,2.0176950322674503,14.678839357417347,-0.019206147206257084
639049412212090398,nan,93.694972871535072,0.029985126189336388,0.0039783193046824261,201,0,0,0,0,2.0458499594285713,14.606574944783969,-0.019206147206254607,2.0574942191606613,14.578943097073726,-0.023184466510937033
639049412212390326,nan,83.72733313976299,0.015746519626099607,0.0023815082659397815,207,0,0,1,2,2.1171798655061234,14.429131672983535,-0.023184466510931968,2.1150306177072378,14.444730827262987,-0.020802958244992186
639049412212590586,nan,59.013880912602126,0.011883816078144855,0.0019543186938061584,214,0,0,0,0,2.1534473016211684,14.35511815638098,-0.020802958244995621,2.1619336486078429,14.346799081949234,-0.018848639551189462
639049412212890637,nan,63.440714431622318,0.027768173023463232,0.0031902581823679242,217,0,0,1,2,2.2322087975380209,14.200067242774477,-0.018848639551203028,2.2146411704740201,14.221571891397534,-0.022038897733570952
639049412213089454,nan,70.005171923590325,0.0094645146435355949,0.00095485214497305002,214,0,0,0,0,2.2495657378804537,14.138595016319908,-0.022038897733585878,2.2590302450106847,14.138583090737946,-0.021084045588612828
639049412213389935,nan,81.113483158567959,0.026608003507459642,0.0025497818514019256,211,0,0,1,2,2.3261174332584278,14.013158414724355,-0.021084045588582855,2.3116789522283856,14.035508271909539,-0.01853426373718093
639049412213590519,nan,64.135232898402109,0.035069222183231857,0.0032768729257356358,209,0,0,0,0,2.3468242302611242,13.96670139407075,-0.018534263737146683,2.3511183371306674,13.931896064152333,-0.015257390811411047
639049412213890612,nan,80.331355837604249,0.035159227122831579,0.0044278201272625675,200,0,0,1,2,2.4101234588426705,13.776882213284452,-0.015257390811002296,2.4004863532440046,13.810694895040784,-0.010829570683739728
639049412214091837,nan,64.899347026930684,0.011721845898764661,0.0021057224634481869,214,0,0,1,2,2.4335896880182455,13.729424404711216,-0.010829570683294612,2.4379896466287514,13.71855968955157,-0.012935293146742799
639049412214390361,nan,73.557118309151818,0.030240381467066729,0.0082248294525666399,200,0,0,1,2,2.4936270334066775,13.581874038745447,-0.012935293146230683,2.4797540622056715,13.608744493548627,-0.0047104636936640435
639049412214590655,nan,66.907173269606488,0.01517461845026526,0.0019264248752537353,200,0,0,1,2,2.5077758020107246,13.535064237126319,-0.0047104636931066231,2.510140065163283,13.520074930776238,-0.0066368885683603584
639049412214890382,nan,63.371555257875208,0.014611597602382514,0.0065812101379845184,209,0,0,1,2,2.5556107507977806,13.387386672310781,-0.0066368885678074595,2.5495135780891847,13.400665349558741,-5.5678429822941438e-05
639049412215090536,nan,74.788962215403828,0.011443735042264428,0.0040335022879798895,200,0,0,1,2,2.5758067252069647,13.320925101536352,-5.5678429301850834e-05,2.5805042461608263,13.310489950909476,-0.0040891807172817405
639049412215390536,nan,67.853942037004586,0.020270737877470999,0.0044147832413626254,200,0,0,1,2,2.6269544815870107,13.175330925385232,-0.0040891807167965193,2.6170744310443967,13.193030852373006,0.00032560252456610586
639049412215590808,nan,101.42819383849589,0.025041880694654951,0.00380983862092521,202,0,0,1,2,2.6414877112677382,13.114618290432686,0.00032560252516934733,2.6438240821332224,13.089685637948358,-0.0034842360957558628
639049412215890411,nan,102.33681910192981,0.032207493050583805,0.0045297250383668558,207,0,0,1,2,2.6838410376495472,12.935083215856064,-0.0034842360952779777,2.6719044034696138,12.964997081755641,0.0010454889430888783
639049412216093994,nan,105.76362187505018,0.011599617690775806,0.0053514912338614813,200,0,0,1,2,2.6909852406395571,12.880270058543649,0.0010454889434726774,2.6922599486232119,12.868740693854797,-0.0043060022903888039
639049412216401651,nan,128.88103464628733,0.019541239923876338,0.0045925820123540748,209,0,0,1,2,2.7230214854672536,12.723276919706612,-0.0043060022898935525,2.71767734587534,12.74207320204607,0.00028657972246052209
639049412216590783,nan,183.18971150210035,0.019010725927771688,0.0070953122879175391,205,0,0,1,2,2.7333026792078807,12.664204419405767,0.00028657972286729014,2.7336185692095274,12.645196318137947,-0.0068087325650502493
639049412216890518,nan,134.553427590913,0.024633201585103653,0.0042050519332697198,200,0,0,1,2,2.7588821024882568,12.491666546347867,-0.0068087325648070384,2.7510347875096461,12.51501637007223,-0.0026036806315373182
639049412217090522,nan,163.26010846403508,0.020417864028588209,0.0041405388360970033,215,0,0,1,2,2.7626560974163867,12.428151271458669,-0.0026036806313058888,2.7652059410265832,12.407893249120507,-0.0067442194674028916
639049412217390759,nan,155.49756822023772,0.023132383844732748,0.0029801637426015194,203,0,0,1,2,2.786479038656954,12.247084842962717,-0.0067442194672410827,2.7768105005600421,12.268099755606091,-0.0037640557246395633
639049412217590750,nan,172.60704131314563,0.019712063389660139,0.003313757396423281,205,0,0,0,0,2.7845404188101446,12.174981850213213,-0.0037640557245088597,2.7870481457250453,12.155429951359181,-0.0070778131209321407
639049412217890598,nan,185.79412632691125,0.02522340298336221,0.0010808001224296556,219,0,0,1,2,2.8023975235842284,11.986503272339489,-0.0070778131208063151,2.7976730986045037,12.011280275117711,-0.0059970129983766595
639049412218190655,nan,149.68231901112534,0.026350724142894764,0.0032710171920668002,208,0,0,0,0,2.8083054572867416,11.867030123694366,-0.0059970129983232074,2.8046707468911038,11.893128965492323,-0.0027259958062564073
639049412218390807,nan,179.92860128944432,0.057750856004995979,0.0047016079910181278,219,0,0,1,2,2.8093385043500518,11.814316536773312,-0.0027259958061987164,2.8111029528313574,11.756592641453725,-0.0074276037972168443
639049412218594292,nan,175.85711326639657,0.049701723736722908,0.0048380686588997109,201,0,0,0,0,2.8176422700790114,11.617782667548923,-0.0074276037971448142,2.8203177737978113,11.568153008853217,-0.012265672456044525
639049412218892633,nan,216.76274522606667,0.11321123952009274,0.0049878330295941445,208,1,1,0,0,2.8338281500022138,11.291870882752187,-0.012265672455798581,2.830921242972853,11.405044796023747,-0.0072778394262044367
639049412219090740,nan,234.11149810026819,0.011995855787001658,0.0037651808094336537,208,0,0,1,2,2.8379622513084821,11.296736254056642,-0.0072778394253603731,2.8284196361638942,11.304005301605311,-0.011043020234794027
639049412219390725,nan,172.53809319828525,0.053782241286107126,0.013726418241945029,202,0,1,1,2,2.8246315594246298,11.151005494768025,-0.011043020233448948,2.8269710579047556,11.204736828500016,0.0026833980084960806
639049412219690656,nan,143.19073554753959,0.0010943501054656119,0.0087791169870087716,205,0,0,1,2,2.8255227404027412,11.10548622461334,0.0026833980091517172,2.8265560612842093,11.105846571819871,0.011462514996160489
639049412219892390,nan,155.7725349103921,0.07194966520238949,0.001803940607719481,212,0,1,1,2,2.8262769339907674,11.039332850193523,0.011462514996616624,2.8280982227101794,10.967406240165408,0.0096585743888971433
639049412220090778,nan,184.20869569622045,0.050668892936857397,0.0037835699847588566,216,0,0,1,2,2.829614805541905,10.831262107216745,0.0096585743892110242,2.8120605460796373,10.783731225821823,0.0058750044044521676
639049412220390809,nan,188.02467564154557,0.069113168488292895,0.00042854271336094027,202,0,1,1,2,2.7878060540884979,10.505951328708489,0.0058750044050627399,2.7907321178075128,10.575002528622781,0.0054464616917017997
639049412220595251,nan,159.49238914850045,0.026563297558885663,0.0037964278628686331,202,0,0,1,2,2.7761988644676592,10.432774184509118,0.0054464616923508595,2.7709358815948248,10.458810885307839,0.0016500338294822264
639049412220893200,nan,124.56324134062301,0.047401551146621257,0.003626890895349726,216,0,0,1,2,2.7420853088977557,10.289475895755578,0.0016500338299155781,2.7552994054527278,10.334998359477806,0.0052769247252653041
639049412221190994,nan,145.54352477540488,0.01162399469565108,0.0076830134330019111,203,0,0,1,2,2.7396710637692192,10.211250243803551,0.0052769247264185248,2.7493572740827901,10.217676329894307,0.012959938159420436
639049412221390754,nan,157.55928724409716,0.058462807127795488,0.0037224333056751976,214,0,0,1,2,2.7453712966539006,10.138976797232131,0.012959938161426805,2.7287029750078404,10.08294049765083,0.0092375048557516073
639049412221690720,nan,123.34568953982533,0.031580113409001645,0.017310940876400283,203,0,1,1,2,2.6976878194395768,9.8806168660191371,0.0092375048576167386,2.6906025602668246,9.9113918991690841,0.026548445734017021
639049412221890817,nan,130.41845804855885,0.012942063482520409,0.005724880850550812,201,0,0,1,2,2.6651870842180956,9.7969577302619353,0.026548445736804194,2.6587761069669531,9.7857151158920068,0.020823564886253382
639049412222094905,nan,106.44635870966772,0.012663660162569458,0.0023388249934624891,200,0,0,1,2,2.626314864664149,9.6575316681369081,0.020823564888305685,2.6150885631390377,9.6516717668766194,0.018484739894843196
639049412222390847,nan,175.88891461353131,0.063557343776727823,0.0028034805321229365,208,0,1,1,2,2.5517385420916416,9.4572994530006849,0.018484739896390462,2.5857113448832809,9.5110152292534167,0.021288220428513398
639049412222591064,nan,176.56691330509315,0.014945776185591593,0.0083918748291940438,210,0,0,1,2,2.5658364420053088,9.4158552654993546,0.021288220430014278,2.5533749602685356,9.4076037384459017,0.012896345600820234
639049412222891233,nan,221.00639588108305,0.016704200004867862,0.003213061965796243,207,0,0,1,2,2.5048956591431391,9.2525673340236949,0.01289634560202455,2.4882387302085704,9.2513115409390831,0.016109407567820793
639049412223190958,nan,125.45150104644163,0.030321055765552371,0.0013539277279346409,202,0,0,1,2,2.4231988474934232,9.0952505256519238,0.016109407569413162,2.4204916400157934,9.1254504834401526,0.017463335297347803
639049412223390793,nan,87.967263858814249,0.040032099076254879,0.0089384645466826593,201,0,0,1,2,2.3753227693220786,9.0415354132081109,0.017463335298755128,2.3619792234491279,9.0037926160146391,0.0085248707520724689
639049412223590979,nan,64.458786651862482,0.017691398729463133,0.0049487296143520872,213,0,0,1,2,2.3033640328027722,8.8819210627409682,0.0085248707534895784,2.2915021943643716,8.8687954245520597,0.0035761411391374916
639049412223890937,nan,70.220513503599278,0.080472319421885916,0.010457158625180284,205,0,1,1,2,2.1858996612691235,8.6665161065341536,0.0035761411398529792,2.2272083481104987,8.7355768521468331,0.014033299765033263
639049412224091610,nan,96.323143229712741,0.0078331745953426294,0.0057980238990148446,205,0,0,1,2,2.1841955296182318,8.6464531395594904,0.014033299765516137,2.1771556277096007,8.6498880202499908,0.0082352758665012928
639049412224392459,nan,81.916308437715742,0.011562934043310671,0.0025219218924458532,202,0,0,0,0,2.1021165797066814,8.5214233070731655,0.0082352758665938004,2.1097275070429662,8.5301282039003397,0.010757197759039654
639049412224590322,nan,53.772150057472118,0.045979491011130018,0.0047253222976749677,211,0,0,1,2,2.0653812395151956,8.4513643172249946,0.010757197759107827,2.0339728123625096,8.4177841996338216,0.0060318754614328588
639049412224890360,nan,58.556981083081901,0.034467246816360216,0.0062314555459340752,206,0,0,0,0,1.9190989497275812,8.2474265766718862,0.0060318754616837814,1.927264825796398,8.280912537478299,0.012263331007617857
639049412225193783,nan,100.73378525439718,0.05396849100262175,0.00050212727644379125,205,0,0,1,2,1.8193529699386424,8.1424967023300336,0.012263331007695274,1.8560155408120713,8.1821004132426598,0.011761203731251483
639049412225393696,nan,47.523499136327516,0.030695747422206363,0.0013948142698794741,211,0,0,0,0,1.809072302135136,8.1169971475300429,0.01176120373128442,1.7881503312918838,8.0945360690643504,0.010366389461404946
639049412225692524,nan,57.582189955027218,0.0084613360899073349,0.0014188233135926723,210,0,0,1,2,1.6867060788895958,7.9636457425617424,0.010366389461457553,1.6949953620949991,7.9619480993816287,0.011785212775050225
639049412225891363,nan,53.663670249902488,0.018194625180484994,0.0015402316093643606,205,0,0,0,0,1.6330104044600406,7.8737245751344274,0.011785212775087837,1.620928900289353,7.8601201037212487,0.010244981165723477
639049412226095797,nan,74.587835527717019,0.014861418319480665,0.003621166225174258,209,0,0,1,2,1.5447783309705803,7.7554268369836663,0.010244981165730147,1.5364102011546694,7.7431452997081189,0.013866147390904405
639049412226394099,nan,107.38691560154153,0.074780070973813603,0.0060846116159807727,204,0,1,0,0,1.4130838611658496,7.5724602963000525,0.01386614739092212,1.4515718613335298,7.6365752934375495,0.0077815357749413472
639049412226690258,nan,121.0704053534123,0.040764051110103318,0.00085870452556593459,200,0,0,1,2,1.3673429996997195,7.5307708855318509,0.0077815357749393306,1.3951896954649612,7.5605411626193284,0.0086402403005052652
639049412226890829,nan,90.987398008636163,0.049708315607408751,0.0019262830812058415,207,0,0,0,0,1.357005384367123,7.5090477362762442,0.0086402403005012736,1.3289274584817523,7.4680288781924142,0.0067139572192954321
639049412227191426,nan,100.7760429128372,0.012118541683138953,0.00044217883841265147,214,0,0,1,2,1.2296198334988702,7.3293801445176703,0.0067139572192880205,1.2345301928830508,7.3404592881327773,0.006271778380875369
639049412227391131,nan,95.945112017465092,0.0073614042499970424,0.0018810091926087557,210,0,0,0,0,1.1718163070944745,7.2557069952527424,0.0062717783808711449,1.1656492819146635,7.2516872846955689,0.0081527875734799006
639049412227699330,nan,97.218510482384787,0.045604136409678579,1.7092459035684265e-05,207,0,0,1,2,1.0593473471631751,7.1146879973099546,0.0081527875734605029,1.0872155583461522,7.1507864746065604,0.0081698800324961872
639049412227890683,nan,81.107990537913167,0.025638074799311041,2.7243464128258107e-05,202,0,0,0,0,1.0385180339998521,7.0881397018624499,0.0081698800324805955,1.0231834526000734,7.0675931329832276,0.0081426365683523374
639049412228191183,nan,88.684207330005449,0.022936546215413304,0.00084234026595648819,207,0,0,1,2,0.92262768510911841,6.9369466358924505,0.0081426365683497249,0.93538480035022153,6.9560081458803031,0.0073002963023932367
639049412228390680,nan,93.86575044777841,0.021483392298963028,0.00011440810092560282,208,0,0,0,0,0.87709672138886152,6.8819287110314775,0.0073002963023918602,0.86780914134320042,6.862556643471029,0.0071858882014662574
639049412228691314,nan,98.990337588175649,0.040071392273489881,0.0017092933394443517,207,0,0,1,2,0.7659753259478973,6.7217289669881257,0.0071858882014642416,0.78473999541051542,6.7571352327993432,0.0054765948620198899
639049412228890701,nan,74.87909140116308,0.015242592022120431,0.00078130286272346059,202,0,0,0,0,0.72964673317111384,6.6872174629875607,0.0054765948620162808,0.72223967916422882,6.6738955951571137,0.0046952919992928202
639049412229132381,nan,85.757920991599022,0.0093685426657126609,0.00039570424015524484,214,0,0,1,2,0.64648210003217632,6.5729995707153295,0.0046952919992664299,0.64299555808782383,6.5643039616538807,0.0050909962394216747
639049412229392039,nan,69.109462143113845,0.017807004952212841,0.002256384253956118,212,0,0,0,0,0.55785665544607788,6.4465600673631558,0.0050909962393442072,0.56921300131433439,6.4602758551235677,0.0028346119853880892
639049412229691066,nan,76.862972414276953,0.030391987939798776,0.0039664913891882762,222,0,0,1,2,0.4842436315883632,6.3404751456848452,0.0028346119853123425,0.50085319788700122,6.3659269675902417,-0.0011318794038759341
639049412229892556,nan,66.175000326266897,0.034552009672092585,0.00077261071261949181,201,0,0,0,0,0.45479108044418382,6.3023529179255293,-0.0011318794038959895,0.44050018018998699,6.2708948260840813,-0.00035926869127649768
639049412230191246,nan,65.42971906705607,0.031573058303805204,0.00064943132787413551,219,0,0,1,2,0.35103250012685144,6.1300186022194971,-0.00035926869132679761,0.36293268865885242,6.1592631491224381,-0.0010087000192009331
639049412230391643,nan,60.773704518709742,0.017115914556876326,0.0023033766555934478,226,0,0,0,0,0.31089113185961315,6.0843672598456546,-0.0010087000192536587,0.30313411139273572,6.0691100266562872,0.0012946766363397888
639049412230691635,nan,71.904537539162149,0.032072592319528963,0.0032141200735855083,210,0,0,1,2,0.21361633023225485,5.934151841080328,0.0012946766361419445,0.23131383128342692,5.9608997313642078,-0.0019194434374435636
639049412230890976,nan,61.639103263345589,0.018340235404882062,0.00046933633826314915,212,0,0,0,0,0.18359013712735034,5.8889953190004833,-0.0019194434377112959,0.1749180478413298,5.8728349012422143,-0.0014501070994481467
639049412231191040,nan,67.371931128370178,0.024673248684457902,0.0069401845065244381,212,0,0,1,2,0.090026608735629385,5.7402726828038304,-0.0014501070999746607,0.10785205719830267,5.7573320669588837,-0.0083902916064990986
639049412231391523,nan,54.066462582912301,0.015832995260402622,0.0024852487886582791,201,0,0,1,2,0.063042979794528775,5.6801606811024499,-0.0083902916071025933,0.059851647878402164,5.6646526464262879,-0.0059050428184443142
639049412231691282,nan,53.283014401634631,0.03777618171421053,0.0049198421192311187,202,0,0,1,2,-0.011917802385829984,5.5260798476382087,-0.0059050428192201857,0.004269152405188611,5.5602122720979299,-0.010824884938451304
639049412231891064,nan,46.498404553913694,0.024618826386862736,0.0033928426769303929,210,0,0,1,2,-0.032775213604270825,5.4906053316422039,-0.010824884939289325,-0.039455635284335787,5.4669102144480854,-0.0074320422623589321
639049412232191065,nan,56.679534446614781,0.031095174015864511,0.0075144699419886947,215,0,0,1,2,-0.10511460371815368,5.3268039456300187,-0.0074320422639330593,-0.08969618175032007,5.353807317847183,-0.014946512205921754
639049412232391074,nan,49.506944943456844,0.012206279008826461,0.0023893266241741956,212,0,0,1,2,-0.12319127496039287,5.2784022450432593,-0.01494651220779974,-0.12639183357371736,5.2666230399850225,-0.012557185583625544
639049412232691260,nan,48.666593249138998,0.02870707225679767,0.0072997855896476116,206,0,0,1,2,-0.1814669598843251,5.1357714301358133,-0.012557185586122056,-0.16672066727815082,5.160401550962356,-0.019856971175769667
639049412232891514,nan,61.305763491535927,0.012399324793546551,0.0075989294187141215,209,0,0,1,2,-0.19362402141407861,5.089541224155826,-0.019856971177731407,-0.19739504763025831,5.077729254946048,-0.012258041759017286
639049412233192416,nan,54.56231018319717,0.026275086725247369,0.004324078620387712,204,0,0,1,2,-0.24348642356636868,4.9535057227524382,-0.012258041760318444,-0.23232136282290788,4.9772906255484157,-0.016582120380706156
639049412233391012,nan,55.117930243873218,0.028924983233852869,0.0073156786188392532,208,0,0,1,2,-0.25537280977905785,4.9110009031675332,-0.01658212038193576,-0.25726370829835826,4.8821377924919949,-0.0092664417630965064
639049412233691020,nan,45.837591529164875,0.026943210266670188,0.0046907690197402329,224,0,0,1,2,-0.29494273094432755,4.738395667073604,-0.0092664417639914953,-0.28268517965175316,4.7623891873610464,-0.013957210783731728
639049412233891093,nan,42.870658943121803,0.030381706418074535,0.0064455851455826225,200,0,0,1,2,-0.29963856102187586,4.6825297746975032,-0.01395721078461936,-0.30075920705950615,4.6521687431384073,-0.0075116256390367377
639049412234191627,nan,59.486322018668929,0.059091563104593771,0.00578557159399025,200,0,0,1,2,-0.32790859629724256,4.4866042192695863,-0.0075116256402234091,-0.32199420106320209,4.5453990554302539,-0.013297197234213659
639049412234391195,nan,41.982917971439868,0.021960332303393081,0.0037094176802333241,202,0,0,1,2,-0.33609518558851237,4.4744992136934094,-0.013297197235389642,-0.33372360929163963,4.4526673145377345,-0.0095877795551563179
639049412234691033,nan,47.093250691064107,0.018702528754815418,0.0044055054233980064,209,0,0,1,2,-0.35134628579487792,4.3133438772846118,-0.0095877795560608894,-0.34461746119840864,4.3307940205898872,-0.013993284979458896
639049412234891608,nan,40.768630225883186,0.021367733450512016,0.0062610392877260968,213,0,0,1,2,-0.35190484420590001,4.249267543180121,-0.013993284980537994,-0.34908745191108209,4.2280863644246969,-0.0077322456928118977
639049412235151472,nan,38.082664831326454,0.023612959258286027,0.0023445272383409328,204,0,0,1,2,-0.35487875026111659,4.095018821801184,-0.0077322456940966521,-0.35322591264057102,4.1185738631455244,-0.010076772932437585
639049412235386668,nan,43.573875464782311,0.0147303815484908,0.0015746406719781281,203,0,0,1,2,-0.35697152345904865,4.0194570087491623,-0.010076772933828667,-0.34947706448115967,4.0321383819079673,-0.0085021322618505386
639049412235702704,nan,43.31793119469183,0.017086686041149261,0.0054123698370953273,202,0,0,1,2,-0.34443968724299351,3.9159938737173832,-0.0085021322623798461,-0.3472605869726994,3.9328460950719628,-0.013914502099475173
639049412235891414,nan,38.642996411300977,0.03071386245533126,0.0082880638621633529,218,0,0,1,2,-0.34593709385602428,3.8735571297362972,-0.013914502099868102,-0.3438878694624723,3.8429117055051027,-0.0056264382377047483
639049412236191485,nan,38.254382275103588,0.026780921388965651,0.0037975260578068564,204,0,0,1,2,-0.33852485363919127,3.69990549379551,-0.005626438237987484,-0.33766581208724289,3.7266726340621501,-0.0094239642957943404
639049412236393896,nan,39.738644705400333,0.013446468127084495,0.0026519437897288859,215,0,0,1,2,-0.33346876253771107,3.6482643017346694,-0.0094239642960354478,-0.32636798539380185,3.6368456122719843,-0.0067720205063065619
639049412236691272,nan,43.174755353593412,0.035324736756153635,0.0042885112439045789,211,0,0,1,2,-0.3097695667762923,3.5048745216105464,-0.0067720205065302398,-0.31064611610842224,3.5401883813282251,-0.011060531750434819
639049412236891180,nan,44.863615767183369,0.018389874024037547,0.0015853990321965297,209,0,0,0,0,-0.30007724893319065,3.4752115381280171,-0.011060531750658525,-0.29848780533283126,3.4568904809625245,-0.0094751327184619955
639049412237191293,nan,45.333906638450145,0.024061029654059235,0.0021191596854764072,206,0,0,1,2,-0.28023507346719839,3.3318390434390062,-0.0094751327186732084,-0.28417528953129761,3.3555752572352655,-0.011594292404149616
639049412237390843,nan,42.938377584903584,0.016138185353460541,0.0039517128239725408,205,0,0,1,2,-0.27465866569895436,3.2882091221635608,-0.01159429240430297,-0.26911093514570988,3.2730544624111531,-0.0076425795803304296
639049412237691876,nan,44.582259068055237,0.037591598797684311,0.0064505885057093123,214,0,0,0,0,-0.24638546386654861,3.148566953374385,-0.0076425795805989882,-0.2510315844390677,3.1858703294118387,-0.0140931680863083
639049412237891472,nan,46.333999814026875,0.019792613932437881,0.0040585272752644737,211,0,0,1,2,-0.2390443070188415,3.1280640284078585,-0.014093168086600587,-0.23443282609392221,3.1088161243672197,-0.010034640811336114
639049412238191614,nan,45.815435072343043,0.021088841823384691,0.0016847613125017154,218,0,0,1,2,-0.20947248356587228,2.9929460507660353,-0.010034640811506127,-0.21029867178835435,3.0140187027698238,-0.011719402124007842
639049412238391493,nan,53.315686001227512,0.019042917680307411,0.0042129635284886341,206,0,0,1,2,-0.19422657715167371,2.9508885382761312,-0.011719402124186453,-0.18796354512681959,2.9329050140488109,-0.007506438595697819
639049412238691404,nan,42.510059976596303,0.0215420037631672,0.0013703227742405477,210,0,0,1,2,-0.15445051888500555,2.8111969431758945,-0.0075064385958748614,-0.16284793463619396,2.8310348194441346,-0.0061361158216343137
639049412238891371,nan,50.330727236311091,0.013942421457886416,0.0016002781927862602,209,0,0,0,0,-0.14610198906241062,2.7631124117814836,-0.0061361158217866588,-0.13403228365931208,2.756132918419373,-0.0045358376290003987
639049412239191018,nan,49.348352959979444,0.029822818630578129,0.0051186821929601369,202,0,0,1,2,-0.090852542160616168,2.6438937492746306,-0.0045358376293045555,-0.10102016420076532,2.6719297970189371,-0.0096545198222646924
639049412239391822,nan,48.17567538275749,0.01852674586923508,0.001827090278270915,200,0,0,1,2,-0.078897581175558909,2.6155023220577558,-0.0096545198225889348,-0.075369900374253271,2.5973145299798999,-0.0078274295443180198
639049412239691205,nan,38.20750093354814,0.018709063346199026,0.0020616661343132534,200,0,0,1,2,-0.037127370667809897,2.4860690244523802,-0.0078274295446480076,-0.044060897661536792,2.5034458842008891,-0.009889095678961261
639049412239890953,nan,39.998655783659579,0.019477375426872199,0.0026470821248443504,200,0,0,1,2,-0.023171566357288748,2.4408168295883499,-0.0098890956794183103,-0.011886133624225763,2.4249420961560419,-0.0072420135545739599
639049412240193256,nan,35.588032610327566,0.02675625281281865,0.0014737277779567418,209,0,0,1,2,0.036807859270677999,2.306132743184691,-0.007242013554783237,0.021685189238757112,2.3282053940379326,-0.0087157413327399787
639049412240391609,nan,51.429109994587762,0.013453500771723144,0.0041213012488051171,212,0,0,1,2,0.043712666980761795,2.2647326032444792,-0.0087157413329160324,0.054102070877808009,2.2561852662510762,-0.0045944400841109153
639049412240691714,nan,36.129699236784127,0.030251577433630456,0.0027352143454280713,206,0,0,1,2,0.10314830796163013,2.1472199344967065,-0.0045944400843798737,0.095145899586837765,2.1763938851620859,-0.007329654429807945
639049412240892316,nan,44.430533157123527,0.015170263027344366,0.0011313969097461159,200,0,0,1,2,0.12258121098347824,2.1230581838934843,-0.0073296544301093081,0.12731944073056972,2.1086468668411609,-0.0061982575203631922
639049412241191967,nan,42.572089392075895,0.027403247370997218,0.0094082484036791172,208,0,0,1,2,0.17537895049248847,2.0074491629953193,-0.0061982575210479118,0.16946039748552519,2.034205633180675,-0.015606505924727029
639049412241391765,nan,38.61197557363856,0.016786938437597466,0.0043353819638365168,201,0,0,1,2,0.19755868141491836,1.9845705256626032,-0.015606505925626549,0.20534856089323855,1.9697004523668546,-0.011271123961790032
639049412241692420,nan,36.819090544385695,0.021461520941329738,0.0081430427216973664,201,0,0,1,2,0.25935288410641416,1.8726333889449027,-0.011271123963357775,0.25068913584309321,1.8922684684493238,-0.019414166685055141
639049412241891929,nan,40.8417112214889,0.014682118905425905,0.0072740729736947111,204,0,0,1,2,0.28077628811952487,1.840886061107345,-0.019414166686933517,0.29298864787762019,1.8327360375066479,-0.012140093713238806
639049412242191550,nan,40.229454876641569,0.026822848273936488,0.0081680905149763387,200,0,0,1,2,0.35651371238747692,1.7433307149824735,-0.01214009371600086,0.3433891175006607,1.7667232393991237,-0.020308184230977199
639049412242391367,nan,41.161975686356925,0.012092838686544904,0.0080973677656955862,205,0,0,1,2,0.37700114949663927,1.7226993582978285,-0.020308184234269944,0.38609021261918847,1.7147227876654632,-0.012210816468574357
639049412242691411,nan,33.801050005230941,0.019376740512972768,0.0086149370285949871,207,0,0,1,2,0.45020991906930807,1.6366392235043836,-0.012210816471610587,0.44078306257248689,1.6535682651044099,-0.020825753500205574
639049412242893446,nan,36.513728104133207,0.015493876998482465,0.012491723455597837,208,0,1,1,2,0.47761056100709864,1.6123897913951459,-0.020825753502836539,0.49079324655433709,1.6042487210596965,-0.0083340300472387017
639049412243191374,nan,38.150841468703021,0.025860405458423413,0.0089335518641437215,208,0,0,1,2,0.56454004336352692,1.5315203664768104,-0.0083340300502252069,0.55083890838114502,1.5534529785116002,-0.017267581914368928
639049412243491790,nan,40.842771984997597,0.017113234374078922,0.0069539461602669862,204,0,0,1,2,0.61138601218932132,1.5022330401596196,-0.017267581916821692,0.6013090655741683,1.516064812918652,-0.024221528077088678
639049412243690888,nan,34.582444066226806,0.023500619033109054,0.0088163648234189582,202,0,0,1,2,0.63475770797942155,1.4912861426972763,-0.024221528079260625,0.65568476091229388,1.4805932688794439,-0.015405163255841667
639049412243891614,nan,52.508265883078607,0.016034241241735973,0.0099395237577095188,213,0,0,1,2,0.71050507966205834,1.4448316783621404,-0.015405163257909507,0.7209132635949993,1.4326346869537538,-0.0054656395001999886
639049412244191621,nan,46.265587876834331,0.035928094302325186,0.0083264725367419093,214,0,0,1,2,0.81840440776332035,1.3609553315748768,-0.0054656395025876317,0.78978219916574066,1.3826716189001405,-0.01379211203932954
639049412244391823,nan,62.463635260837087,0.011483915926039185,0.0070099122682285167,206,0,0,1,2,0.83574012227797989,1.3493300430353456,-0.013792112041481988,0.84612394715715944,1.3542347862370707,-0.0067821997732534717
639049412244693466,nan,47.440745237772731,0.020722739185503686,0.0076477854225021754,206,0,0,1,2,0.93101367797591017,1.3113892027015099,-0.0067821997752258523,0.91428334137912859,1.3236173569656988,-0.014429985197728028
639049412244991244,nan,68.723783923369965,0.009374670356801661,0.0093938115508037188,206,0,0,1,2,0.98156939838237256,1.2933922337121488,-0.014429985199423562,0.97380982331328547,1.2986527887252532,-0.023823796750227281
639049412245191044,nan,82.684365585011591,0.027219344905026449,0.0058123291129952917,214,0,0,1,2,1.0137502859748808,1.2819023211472556,-0.023823796752078595,1.0368753895577072,1.2675453604193598,-0.018011467639083303
639049412245392191,nan,66.560582332059823,0.022018719160117998,0.012627959363134492,212,0,1,1,2,1.1003661275625456,1.2362282138655782,-0.018011467641012937,1.122364630312509,1.2352848845423829,-0.0053835082778784437
639049412245691468,nan,73.505375846549356,0.051583083632803645,0.00044672087886093309,203,0,0,1,2,1.2495599824946186,1.1872860655739965,-0.0053835082789607048,1.2017757954323314,1.2067150641036468,-0.0058302291578216378
639049412245891223,nan,69.978495963751627,0.0099696463029414119,0.0059649630840541926,209,0,0,1,2,1.2547794585554919,1.1876458924608553,-0.005830229159021403,1.263779262611114,1.1919351085158194,0.00013473392503278995
639049412246192454,nan,77.32259842355181,0.014414362943379092,0.0048507435586457896,200,0,0,1,2,1.3572806338996015,1.1696469014537842,0.00013473392338802284,1.3435675770890725,1.1740882899725544,-0.0047160096352577667
639049412246443391,nan,64.903312183763575,0.0019040445614731919,0.0029668349881736321,201,0,0,1,2,1.4100343094976078,1.15922120423174,-0.0047160096372972455,1.4119383005051902,1.1592354848171933,-0.0076828446254708777
639049412246691541,nan,85.306810733216025,0.01217622162383848,0.0024618406912451374,211,0,0,1,2,1.4795496731433806,1.1445476404606303,-0.0076828446277730899,1.4917243778084404,1.144355444333188,-0.010144685319018227
639049412246893073,nan,83.267597991167975,0.0043250873275009188,0.0032133875850897291,200,0,0,1,2,1.5565216686852432,1.1322708006949751,-0.01014468532169349,1.5605953728330837,1.1337238371385567,-0.006931297736603761
639049412247191803,nan,60.38961328930322,0.024483332186536942,0.015072326219071487,203,0,1,1,2,1.6626825467990629,1.1179646524073368,-0.0069312977417989871,1.6409645598973095,1.1292678643354386,-0.022003623960870473
639049412247391857,nan,63.850282417670734,0.017350978477749194,0.012697790420818674,201,0,2,1,2,1.6947863298867536,1.126283781105917,-0.022003623966174491,1.7093094772037802,1.1357777079090505,-0.0093058335453558173
639049412247691724,nan,57.730522244271384,0.030233125695976984,0.011128444110505191,221,0,0,1,2,1.8117537438414855,1.1455355096170308,-0.0093058335502652408,1.7833285794569242,1.1352373583722968,-0.020434277660770432
639049412247992210,nan,114.70691493898543,0.021157062844027932,0.017885618136711978,209,0,1,1,2,1.8575004755296438,1.1346958934198312,-0.020434277667043987,1.837302686794045,1.1409943565957388,-0.038319895803755964
639049412248192279,nan,100.71728408244562,0.020837592470248373,0.0097629294109109165,205,0,0,1,2,1.8732396212296938,1.1448274698774419,-0.038319895809576579,1.8895810790272103,1.1577565849673519,-0.028556966398665663
639049412248494029,nan,49.72492586098538,0.0086934015060358832,0.0041068883279520643,207,0,0,1,2,1.9684289008104832,1.1830378749779695,-0.028556966403968993,1.9612585284493125,1.1781224919870616,-0.032663854731921058
639049412248692385,nan,63.988292322799374,0.011072412214333494,0.010490564888691892,204,0,0,1,2,2.0083758512581626,1.1915100639930321,-0.03266385473746701,2.0189710183011056,1.1947257672716722,-0.022173289848775118
639049412248994007,nan,94.034753616062176,0.031971542778715417,0.015791413333280643,212,0,1,1,2,2.1067291734064595,1.2199728638953933,-0.022173289855162433,2.074805048260469,1.218232237193781,-0.037964703188443076
639049412249191610,nan,68.358742327425574,0.013864985727576608,0.015242119240558048,205,0,2,1,2,2.1113838516039256,1.2336321383151132,-0.037964703194572846,2.1144131786619851,1.2471621422619423,-0.022722583954014799
639049412249391571,nan,63.775554870825125,0.01553005026627449,0.015527810686297765,214,1,3,0,0,2.1544939535652889,1.2764372683852026,-0.022722583959395085,2.1661024077417821,1.286753578428298,-0.0071947732730973215
639049412249691693,nan,79.087672372697739,0.035529702866842316,0.0098710401801006559,204,0,0,1,2,2.2436829099891544,1.3461764709179285,-0.0071947732773504618,2.2182938280071336,1.3213218073330733,-0.017065813457451118
639049412249892690,nan,87.994036187992137,0.010245907768577681,0.005721526481789127,204,0,0,1,2,2.2532473432411879,1.344472760296112,-0.01706581346338084,2.2574982627277995,1.3537952229278711,-0.011344286981591713
639049412250192373,nan,84.613423508717901,0.014186335007681393,0.012172791834090726,211,0,1,1,2,2.3159513869554913,1.4022125157516239,-0.011344286988095767,2.3030962787550466,1.3962126579112224,-0.023517078822186493
639049412250491930,nan,66.059183051770617,0.006310835507595901,0.0055101616471783486,219,0,0,1,2,2.348675123357757,1.4386122587271104,-0.023517078827113871,2.3450620821676158,1.4334380362577652,-0.029027240474292219
639049412250691934,nan,68.384545909644402,0.02007122706206374,0.010789178508080633,212,0,0,1,2,2.3730812189119668,1.4582921527391759,-0.02902724047923258,2.3852003876754093,1.4742915247349799,-0.018238061971151947
639049412250992046,nan,62.344954386039667,0.016810935343682276,0.0073788280502321037,213,0,0,1,2,2.4454291188135611,1.5355934093666566,-0.018238061976889132,2.4400868804930838,1.5196538975530316,-0.025616890027121236
639049412251192511,nan,61.433915183625167,0.014784250694652487,0.0067585392959787771,211,0,0,1,2,2.4767492624794594,1.5499544788925672,-0.02561689003378901,2.4715101339882728,1.5637792972007827,-0.018858350737810232
639049412251392363,nan,62.835571992417961,0.012084568003803411,0.015064623909616815,200,0,1,1,2,2.5028372986181111,1.6077697662123425,-0.018858350743570635,2.5050717405776965,1.619645963119088,-0.0037937268339538191
639049412251692529,nan,62.842302345587001,0.032459641976094682,0.010200612767987737,213,0,0,1,2,2.5554793081953386,1.7035544235900066,-0.0037937268390101889,2.5422944533541756,1.6738932037898415,-0.013994339606997926
639049412251992025,nan,57.838054230744298,0.0095360944801552786,0.0047609461878457254,210,0,0,1,2,2.5794340813790164,1.7280193592902247,-0.013994339609274124,2.570363644696799,1.7250758450082255,-0.018755285797119849
639049412252191888,nan,50.132915265692674,0.03538598248775026,0.002990621641391987,207,0,0,1,2,2.5890950894884179,1.7592316141064102,-0.018755285799483903,2.5954042042214103,1.7940506150672262,-0.015764664158091916
639049412252492209,nan,53.531301460431024,0.036575476301489086,0.0092927615642891884,211,0,0,1,2,2.6330310079669297,1.8976944707027823,-0.015764664161403086,2.6298196492553858,1.8612602472047224,-0.025057425725692275
639049412252692075,nan,47.643295484306243,0.0055231608815601418,0.0094656907226205612,212,0,0,1,2,2.6527234000325892,1.905988788787871,-0.025057425728667648,2.6528872354178024,1.9115095191824971,-0.015591735006047087
639049412252892374,nan,60.039060247386765,0.014933239102313119,0.012644160784496468,202,0,1,1,2,2.6760047963873812,1.9618676537720536,-0.015591735007821756,2.6797802136704014,1.9763157627980101,-0.0029475742233252889
639049412253192358,nan,54.134832407584767,0.032847412816911593,0.0017467720277332928,202,0,0,1,2,2.7200573153440377,2.0733748404007741,-0.0029475742240435629,2.7051815146345093,2.0440889550288923,-0.0046943462517768557
639049412253492175,nan,45.35547826181682,0.0061137666865176254,0.0030636404426736897,200,0,0,1,2,2.730568674786904,2.1118244181705479,-0.00469434625214193,2.7265149696439548,2.1072477799161957,-0.0077579866948156197
639049412253691687,nan,40.844342999998872,0.024694312049682223,0.0051393812996750176,201,0,0,1,2,2.7407112302824257,2.1492765623765488,-0.0077579866950578504,2.7483765263039235,2.1727510652362452,-0.0026186053953828332
639049412253992210,nan,46.925768964091802,0.020364999719860152,0.00045636145496676843,201,0,0,1,2,2.7813063781029319,2.2714180317056165,-0.0026186053955463305,2.7809212785540325,2.2510566734030046,-0.0030749668505130989
639049412254192041,nan,36.83859615794718,0.015760513980257053,0.0016056175870710057,203,0,0,0,0,2.8025617200074038,2.303125526654076,-0.0030749668507130991,2.803869108936667,2.3188317208178293,-0.0014693492636420934
639049412254392106,nan,39.713301432876349,0.01234744809910401,0.0031120243938134833,201,0,0,1,2,2.8268438109874086,2.3866861321005977,-0.0014693492637613478,2.8284773325100501,2.3989250488008262,0.0016426751300521356
639049412254692233,nan,33.22507800823157,0.042988768531928755,0.0013293872088673358,200,0,0,1,2,2.8653932964038282,2.5190768507029726,0.0016426751299551063,2.8515447371500704,2.478379779229869,0.002972062338822442
639049412254992029,nan,36.820884377372444,0.01196022757441424,0.0036434337589762332,200,0,0,0,0,2.8745867015233508,2.5577468817021733,0.0029720623387723567,2.8695411669452038,2.5469030067281384,-0.00067137142020387672
639049412255191873,nan,68.099317068837607,0.02359417496081408,0.002774091173550573,201,0,0,1,2,2.8815375862302464,2.5925805870699845,-0.00067137142021699286,2.889018184404903,2.6149574890680456,0.0021027197533335803
639049412255492542,nan,65.886585891171407,0.017299176170969023,0.0020714260825376385,205,0,0,0,0,2.9183217179740386,2.7173467184202282,0.0021027197532855189,2.9110609589963965,2.7016450345849572,3.1293670747880158e-05
639049412255692651,nan,74.547027909373043,0.013104716145334989,0.0017957480892163012,202,0,0,1,2,2.9257314357689577,2.7593395692587803,3.129367070991999e-05,2.9313679428692021,2.7711701809487437,0.0018270417599262213
639049412255992677,nan,72.190847220244152,0.022898238366501854,0.0045704621341111024,202,0,0,0,0,2.9618144652316265,2.8754101279923119,0.0018270417599568253,2.9521812454376155,2.8546368182731214,0.0063975038940679279
639049412256192722,nan,73.528043674872961,0.012678772255072799,0.0012791456309788739,206,0,0,1,2,2.9660586997659011,2.9102889399677583,0.0063975038940993342,2.9673349863391323,2.9229033110768938,0.0076766495250782081
639049412256492741,nan,76.582277693803562,0.020615282026712464,0.0099031236555780482,205,0,0,0,0,2.9900619237358788,3.0252864993820001,0.0076766495251776711,2.9873573438103742,3.0048493983041209,0.017579773180755719
639049412256692995,nan,96.102599010109827,0.01555558579083509,0.0042037372093490597,202,0,0,1,2,3.0007216879787304,3.0595460400221492,0.017579773180874492,3.0091471637969236,3.072622262968133,0.013376035971525433
639049412256992969,nan,85.80099937096395,0.020900843613487062,0.0057481498325917726,206,0,0,1,2,3.0417876077363464,3.1741438171179746,0.013376035971724974,3.0370770836361509,3.1537807076683615,0.019124185804316747
639049412257194703,nan,107.55463921951636,0.009866002694187942,0.00014181585264399013,201,0,0,0,0,3.0558600929931177,3.2083601634983863,0.019124185804515716,3.0611299274704269,3.2167008381559596,0.018982369951871726
639049412257492682,nan,98.374400609199611,0.013079688201914836,0.0032441734749872435,205,0,0,1,2,3.0966581098932893,3.3096394482195284,0.018982369952430786,3.091844703336954,3.2974776489783495,0.022226543427418029
639049412257692649,nan,104.98460891180322,0.01176339753561118,0.0016643736702729242,201,0,0,1,2,3.1124566980939732,3.3516851485998691,0.022226543428032278,3.1181826789201397,3.3619608804550314,0.020562169757759353
639049412257897831,nan,101.17282179517474,0.014184600606747868,0.0037550665378688029,210,0,0,1,2,3.1452075305512048,3.4281257896692945,0.020562169758405285,3.1529154356602915,3.4400333961963119,0.016807103220536482
639049412258192804,nan,80.621915303593113,0.036653317393746804,0.0092707117164378058,205,0,0,1,2,3.2028478149816393,3.5522717221008882,0.016807103222290138,3.1881694008104629,3.5186858644613079,0.026077814938727944
639049412258492790,nan,90.715540488263315,0.02248787738770144,0.0076371851884794034,204,0,0,1,2,3.2240224991941768,3.5986750137900367,0.026077814941465625,3.2168907508702915,3.5773479700368802,0.033715000129945029
639049412258693174,nan,81.65607910315569,0.031723294892773563,0.0076138080894454264,202,0,0,1,2,3.2360759762154365,3.6165329565484359,0.033715000132688036,3.2576333142011196,3.6398063022001659,0.02610119204324261
639049412258992857,nan,96.478570573217965,0.026012615505732826,0.021453720593558163,214,1,1,0,0,3.3185655922606081,3.7332154584086954,0.026101192050109898,3.3059304732006893,3.7104776060081108,0.047554912643668061
639049412259192625,nan,113.19711499872695,0.01544710930468874,0.0092193670662665261,200,0,0,1,2,3.3381252485433883,3.757586934929356,0.047554912652745855,3.3534509900975351,3.759519506192337,0.038335545586479329
639049412259393175,nan,102.52214408514433,0.0037105368930624842,0.00036538678567268196,200,0,0,1,2,3.4011575279998141,3.8087533828990496,0.038335545596080767,3.3993781544451878,3.8120094409126413,0.038700932381753449
639049412259692773,nan,102.97129211244645,0.024308635616519969,0.0063860697397523578,204,0,0,1,2,3.4679879105370754,3.8904232003857588,0.038700932391086497,3.45917316230959,3.8677690621496046,0.045087002130838855
639049412259994647,nan,128.78984888776395,0.010411809573263436,0.0097687656029898998,209,0,0,1,2,3.5194224236666702,3.9239522806667075,0.045087002140955755,3.5129167002557207,3.9158232375809487,0.054855767743945655
639049412260192859,nan,265.45783864382361,0.023610002551398248,0.01655056582336898,207,0,1,1,2,3.5482049799465138,3.9473758529787557,0.054855767754164682,3.5695226682494159,3.9575241723419481,0.038305201930795701
639049412260492522,nan,278.99759622906356,0.018804747139076313,0.0050987523759258371,203,0,0,1,2,3.655101312261356,4.0205689285286841,0.038305201934381652,3.6426487555040676,4.0064780681869196,0.04340395431030749
639049412260692869,nan,257.76180290813562,0.020470944196369908,0.013112290049020193,204,0,1,1,2,3.6915389828701679,4.039207388025714,0.043403954314218798,3.7091640536589883,4.0496197093797619,0.030291664265198606
639049412260992691,nan,169.52472777099828,0.032734743335817572,0.016672417916034819,213,0,2,1,2,3.8087050985631028,4.1141817599506236,0.030291664270710408,3.7779090678042371,4.1030836560242383,0.046964082186745228
639049412261192982,nan,145.89360275866366,0.01566024893933643,0.0025989798586745771,202,0,0,1,2,3.8238330081027008,4.1387993384537092,0.046964082193064936,3.8381806027716432,4.13252319918998,0.044365102334390359
639049412261493015,nan,150.6596864920717,0.022707597521068195,0.025513167766936851,213,1,1,0,0,3.9284664840687347,4.1766232059533746,0.044365102343945376,3.9187252113928164,4.1561111950370302,0.069878270110882226
639049412261692698,nan,167.80437985938789,0.017046221437381579,0.014074930739492987,216,0,2,1,2,3.972330611743117,4.1718098740980887,0.069878270120471528,3.9893766408940836,4.1718908399961112,0.055803339380978541
639049412261992870,nan,145.58628423316409,0.035066134343752615,0.015745582502086373,213,1,3,0,0,4.0955828822679328,4.1956114751360944,0.055803339389792726,4.0611850459295411,4.1887980594690939,0.0715489218918791
639049412262193304,nan,192.4055725128681,0.018405998326052619,0.019242811781051916,208,1,4,0,0,4.109133708212755,4.2000875256013375,0.071548921900792914,4.1268174222010936,4.1949819370987953,0.052306110119740998
639049412262492889,nan,195.12625951074014,0.031061887803147378,0.015405463036276511,207,1,5,0,0,4.2249169235098192,4.2042248648440586,0.052306110128190884,4.1947937349554616,4.2118034125422614,0.067711573164467395
639049412262692664,nan,220.22050064503247,0.011053717760598653,0.012909526570375918,216,1,6,0,0,4.2401230000405086,4.2230206305495663,0.067711573173701939,4.2478997298498156,4.2151652406926585,0.054802046603326021
639049412262991987,nan,238.02254747821138,0.0092600581949361938,0.010792846350698632,211,0,0,1,2,4.3274684732349371,4.2202022697876966,0.054802046610035252,4.3217730049156762,4.2129008782492363,0.065594892960733883
639049412263192955,nan,156.18167404761056,0.030337459444761409,0.011705251400256259,206,0,0,1,2,4.3713721481269756,4.2113805661064019,0.065594892967512558,4.395203433429681,4.1926074127648985,0.0538896415672563
639049412263492681,nan,141.02636884360919,0.032133236026191912,0.010660650765677286,216,0,0,1,2,4.50471842395946,4.1623415035865285,0.053889641573673285,4.4782987548071613,4.1806321006078955,0.064550292339350571
639049412263692630,nan,124.58779041348507,0.0032226556584409646,0.010250393441852586,205,0,0,1,2,4.5337321386781158,4.1726432985337327,0.064550292346608792,4.530882773480112,4.1741488308187691,0.054299898904756207
639049412263993151,nan,123.8142345337729,0.023526853647107465,0.0094623327283978181,203,0,0,1,2,4.609915936314704,4.1644045524262889,0.054299898909965214,4.5868869246038395,4.1595902547461199,0.063762231638363032
639049412264192979,nan,125.40747578031034,0.026471040217402795,0.012704748107076558,206,0,1,1,2,4.6241262440216246,4.1499096961846709,0.063762231643662071,4.6407328030798061,4.129295667795283,0.051057483536585513
639049412264493040,nan,119.98026473146065,0.018926531299303335,0.012780365363345765,200,0,2,1,2,4.7215875788938915,4.0838054259119883,0.051057483542580974,4.7042302942630929,4.0913511702270942,0.063837848905926739
639049412264693027,nan,124.85651166451629,0.0064687122118224699,0.0077572556498182801,201,0,0,1,2,4.7465505983654985,4.0660616249840622,0.063837848911967254,4.751885300879132,4.0624030478329809,0.056080593262148974
639049412264994032,nan,108.22169960433231,0.021041646464923354,0.0093724372442640369,209,0,0,1,2,4.8236119394429426,4.0188325678455818,0.056080593267931189,4.8147832131457999,4.0379324232880967,0.065453030512195226
639049412265152682,nan,72.785728585872604,0.024198608988312786,0.020460236510213184,200,1,1,0,0,4.8479346683744735,4.0250347485516444,0.065453030517738292,4.8618567479264012,4.0052421141155961,0.044992794007525108
639049412265422098,nan,94.82035045937873,0.023165964425647709,0.0078522591099659256,207,0,0,1,2,4.9417960069648537,3.949728137840661,0.044992794013808242,4.9187432090405876,3.9520151480359442,0.052845053123774167
639049412265693063,nan,94.596971729196213,0.026057346864823559,0.0025095044201545666,207,0,0,1,2,4.9759567373232638,3.898482154955456,0.052845053129874364,4.9554634227504959,3.9145759234220181,0.055354557550028931
639049412265993145,nan,86.156337699623478,0.01307364320258283,0.0085536038478182183,214,0,0,1,2,4.9961294688099382,3.8731136039320613,0.055354557554239507,4.9894885569715903,3.8843749731447161,0.063908161402057725
639049412266193154,nan,90.367744355944822,0.028742713173248443,0.011860499015886802,202,0,0,1,2,5.0121668018194212,3.8642456022927059,0.063908161405908465,5.0338583164953965,3.8453876662544864,0.052047662390021662
639049412266492933,nan,83.933706402473121,0.01065317944918415,0.0090146933236251586,209,0,0,1,2,5.100360934579018,3.7869524164794952,0.05204766239352393,5.0935349929472542,3.7787733729402864,0.061062355717149089
639049412266692633,nan,59.762194252259476,0.017227903633119147,0.0055558574304291342,200,0,0,1,2,5.1332890527294133,3.7343977683287366,0.061062355722334573,5.1401936721918915,3.7186140142229984,0.055506498291905439
639049412266993093,nan,59.664614532937883,0.035719251373823167,0.014355225883839202,207,0,1,1,2,5.2103943069732823,3.628100839860473,0.055506498298172662,5.1865876692337718,3.654729938948615,0.069861724182011864
639049412267193190,nan,61.11262601333312,0.0029757618476767916,0.015015075986229823,204,0,2,1,2,5.2174846259870469,3.6121851349474889,0.069861724187291599,5.2163001104045428,3.609455284876717,0.054846648201061776
639049412267492091,nan,59.670716592065567,0.013597264908265207,0.0037341087769652004,212,0,0,1,2,5.2606839761215927,3.5418248887351238,0.05484664820301785,5.2487768986437864,3.5483904899203207,0.058580756979983051
639049412267692893,nan,73.351383335930862,0.014881309920314112,0.0071259080435152264,201,0,0,1,2,5.270594838470072,3.5073670977040541,0.05858075698229942,5.2753626079023901,3.493270227144079,0.051454848938784194
639049412267992955,nan,58.232331782886114,0.020351389742001964,0.00075524341708557707,204,0,0,1,2,5.3150901060924234,3.4109030381262175,0.051454848940488455,5.3187569742692347,3.4309213582906257,0.052210092357574032
639049412268193305,nan,50.061010808145198,0.010924865653754487,0.012640304758248552,201,0,1,1,2,5.3477311906031835,3.3892913089181982,0.052210092358149891,5.3551966806996019,3.3813151477379773,0.039569787599901339
639049412268493400,nan,49.836758132067153,0.022342408822086726,0.0042597366980311677,202,0,0,1,2,5.409778031841209,3.3070122989443806,0.039569787600025261,5.3878237866045042,3.3111589057571718,0.035310050901994093
639049412268693324,nan,39.588464697336455,0.019665988190777639,0.0036674098142215547,201,0,0,0,0,5.4095600418601126,3.2644206511319012,0.03531005090212172,5.4078558373834626,3.244828643102565,0.031642641087900165
639049412268993197,nan,38.739054963757958,0.027581818836623487,0.0021093879394349785,211,0,0,1,2,5.4379026109736195,3.1453375622267079,0.031642641087930246,5.4393130952705953,3.1728832926469437,0.029533253148495267
639049412269193556,nan,32.382890335153654,0.018689856403998086,0.0054752266438876686,206,0,0,0,0,5.4603311420204124,3.1248132814357383,0.029533253148530197,5.4767219445749005,3.1158326175392408,0.024058026504642529
639049412269492529,nan,38.25902131563582,0.024792185494066293,0.0041598590564177543,202,0,0,0,0,5.5325429254295466,3.0307023688906884,0.024058026504642994,5.5154732571611422,3.0486823268099612,0.028217885561060748
639049412269693278,nan,47.946694282944968,0.011517535546576257,0.00056302040739754713,204,0,0,1,2,5.5414932899078302,3.0035934602112646,0.028217885561074851,5.5426458898519444,2.9921337421329053,0.027654865153677304
639049412269992985,nan,37.925030807177237,0.012164787732932864,0.0020342529211017542,201,0,0,0,0,5.5832131067539574,2.9077098761718974,0.027654865153693319,5.5746363353541399,2.9163366399302593,0.025620612232591565
639049412270193410,nan,42.880255048328507,0.015033593485782306,0.0032629704705375712,201,0,0,1,2,5.5960295128233932,2.8656483536741315,0.025620612232613083,5.6045879628056694,2.8532886665018511,0.022357641762075511
639049412270493033,nan,51.514210338931449,0.017642893780267916,0.00079591744565839229,208,0,0,0,0,5.6493637965185775,2.7590358390474918,0.022357641762067868,5.6398962477545274,2.7739233244410078,0.021561724316409476
639049412270693052,nan,66.561974493391901,0.018633505915866811,0.0026831747126942231,203,0,0,0,0,5.6634669611082602,2.7209414894227755,0.021561724316390304,5.6713552823445141,2.7040600815789282,0.018878549603696081
639049412270993161,nan,70.250770825532058,0.020789295220540523,0.0017603879221277825,202,0,0,1,2,5.7185564952881158,2.5992371000016989,0.018878549603668821,5.7172372087495651,2.6199844920979598,0.017118161681541039
639049412271193550,nan,70.704243276134079,0.022300734512755258,0.0033766784127058011,202,0,0,0,0,5.7478735220570023,2.5638454782713107,0.017118161681518217,5.7558527466334324,2.5430210998900171,0.020494840094224018
639049412271493343,nan,89.374418320192305,0.032703985652720972,0.0034329271745695937,204,0,0,1,2,5.8136237218307647,2.427879618869623,0.020494840093588894,5.8051251495236071,2.4594600708346186,0.0170619129190193
639049412271700627,nan,75.349485586371571,0.013607367369807132,0.0055499930155039068,200,0,0,1,2,5.8391932590548068,2.4016839908503655,0.017061912917620877,5.8485013320254415,2.3917582553959909,0.01151191990211697
639049412271993018,nan,80.213306019565323,0.017645783810547749,0.0076650152913433564,200,0,0,1,2,5.9096869776994634,2.2962593190674956,0.011511919900371861,5.9022465023853909,2.3122597257307422,0.0038469046090285047
639049412272293009,nan,63.354989465349334,0.013587745449834831,0.0056095310293510017,204,0,0,1,2,5.9573886490364565,2.2306948232104609,0.0038469046079730156,5.946515393753649,2.2388433903215796,-0.0017626264213779857
639049412272493473,nan,72.485657064139914,0.035834720093915702,0.0058655219077998286,205,0,0,1,2,5.9760973446763312,2.1897841443393258,-0.0017626264223666681,5.997086241313915,2.1607394652716185,0.0041028954854331603
639049412272693646,nan,81.369317965933433,0.017538716092831631,0.01245748509689326,209,0,1,1,2,6.0475836786028108,2.0827489183952426,0.0041028954844720082,6.0615669115251229,2.0721623344690974,0.016560380581365268
639049412272993462,nan,91.206244517415612,0.057755949927159184,0.0068067077209534362,203,0,0,1,2,6.1581450545316399,1.9394928882965932,0.016560380579130181,6.1277955214104516,1.9886320334999279,0.0097536728581767446
639049412273193419,nan,79.589910791893686,0.0079967828962270865,0.0028842082418966113,212,0,0,1,2,6.1719655261695063,1.9329229706383988,0.0097536728555379128,6.1750196472870345,1.9403135647206671,0.012637881097434524
639049412273492831,nan,77.949141031347281,0.0092953306273556736,0.010135283125737308,209,0,0,1,2,6.2457322003707443,1.8679623623414754,0.012637881095077222,6.2365108032914653,1.869132408228662,0.0025025979693399144
639049412273693230,nan,90.458806894935819,0.033338850417736696,0.014245841688638385,206,0,1,1,2,6.2776673573779149,1.8214902543409042,0.0025025979675343956,6.3077572150270367,1.8071347880011501,0.01674843965617278
639049412273993298,nan,89.914012348174083,0.032591488935765724,0.0049524471709445888,200,0,0,1,2,6.4144382277899217,1.7143024789256107,0.016748439654246879,6.3886818217318186,1.7342727743170228,0.01179599248330229
639049412274293505,nan,97.172903236773323,0.02665395468757089,0.0081467064425037698,201,0,0,1,2,6.4696439150074179,1.6613770088836182,0.011795992481460857,6.452092282604311,1.681436258632133,0.0036492860389570865
639049412274493177,nan,116.0734909589645,0.029839691807106938,0.0037250530219805475,201,0,0,1,2,6.494267493519887,1.6462939309721074,0.0036492860363128987,6.5215942380470109,1.6343082628350185,0.0073743390582934462
639049412274693240,nan,134.73026264118064,0.016949197454406765,0.0093391399268675096,208,0,0,1,2,6.5912322930158238,1.5870879804561266,0.0073743390551053375,6.6045834398363423,1.5766466121106737,0.016713478981972847
639049412274993251,nan,140.99849043737854,0.052649872768046536,0.0071090573180354645,209,0,0,1,2,6.7290326054392731,1.4901782021824941,0.016713478977852598,6.6862161467091425,1.5208173921897792,0.0096044216598171334
639049412275193469,nan,139.42694241504449,0.0056382116221463845,0.0051253398576676032,205,0,0,1,2,6.7406952734900214,1.4835587091610847,0.0096044216542090066,6.7433391225719692,1.4885386180285229,0.01472976151187661
639049412275493633,nan,96.32171316336121,0.015564931390019627,0.014304287973464653,209,0,1,1,2,6.8289770818308249,1.4401467353439525,0.014729761505186357,6.8161537397012619,1.4489688091253372,0.00042547353172170361
639049412275793655,nan,80.022037169038811,0.0077875135461550338,0.012563229850341449,201,0,2,1,2,6.8889339100760063,1.4094177196983853,0.00042547352540423428,6.8872244775113947,1.4170152987561242,-0.012137756324937214
639049412275995640,nan,80.173656357220295,0.028036216603775841,0.01231275350262879,208,1,3,0,0,6.9350717119694663,1.3955031103435229,-0.012137756331180681,6.9630599618008739,1.3971424128868455,0.00017499717144810827
639049412276194290,nan,75.224238597591295,0.010064084446041623,0.011872726606517706,210,0,0,1,2,7.0376433167732984,1.3775976507612806,0.0001749971653785848,7.0477022513064149,1.3779195696882356,0.012047723771896291
639049412276444045,nan,100.19461877538707,0.027895446281170917,0.0012057432324980855,204,0,0,1,2,7.1541197444625002,1.3537514287213652,0.012047723765791682,7.1263983870245999,1.3568630625407379,0.013253466998289767
639049412276693368,nan,132.33674181309769,0.015645093878913822,0.0023076430860285071,200,0,0,1,2,7.2049584024223501,1.3358429767305016,0.013253466990806572,7.1941624516004188,1.347166245177839,0.010945823904778065
639049412276993515,nan,94.403582584419524,0.017715526514312359,0.015679437911218296,216,0,1,1,2,7.2757400865969428,1.3354927507909513,0.010945823896993796,7.2653348849786612,1.3498305211532571,-0.0047336140142245015
639049412277293183,nan,99.965706370631864,0.0036270796265735084,0.005851936148768287,204,0,0,1,2,7.3363937353606108,1.3524905452514542,-0.0047336140188066625,7.3358436787110159,1.3560756734639092,-0.01058555016757495
639049412277493616,nan,114.33107829195002,0.02288519638898125,0.01169048790650652,203,0,0,1,2,7.3830034990927622,1.3602527447997907,-0.010585550172202376,7.4055529354147662,1.3563469625065585,0.0011049377343041445
639049412277793482,nan,162.56944930903038,0.029934489038406769,0.015102230521897035,210,0,1,1,2,7.5098443244112225,1.3567528355916447,0.0011049377276465377,7.4824454088480596,1.3688099106910694,-0.013997292794250498
639049412277993486,nan,123.65734905073732,0.016091020576049071,0.010425859286252342,207,0,0,1,2,7.5337309905964149,1.3771224219083962,-0.013997292799826143,7.5475523070921327,1.3853620914105083,-0.0035714335135738008
639049412278193656,nan,90.840995119669216,0.010022113490354562,0.010990643706842294,201,0,0,1,2,7.6127132429809956,1.4019280101651836,-0.0035714335178312941,7.6227330754610376,1.4021418228997016,0.0074192101890109994
639049412278493723,nan,92.328888708524559,0.040252833755020929,0.0091067211434687819,212,0,0,1,2,7.7354336181105463,1.4272956605815108,0.0074192101833157574,7.6951934497556733,1.4262859694996293,-0.0016875109601530243
639049412278793684,nan,105.51160829772485,0.012567830521303596,0.012092488354322688,213,0,1,1,2,7.767628227101377,1.4504215870725743,-0.001687510966217059,7.7556123304242632,1.4467380302239379,-0.013779999320539747
639049412278993797,nan,74.413049031006778,0.024631127317086835,0.0098641800597376855,205,0,0,1,2,7.7959195819244034,1.4603822147270018,-0.013779999326400111,7.8143569576180605,1.4767148694543106,-0.0039158192666624257
639049412279293623,nan,69.964410762613085,0.013920840562814245,0.0054591048100620177,208,0,0,1,2,7.902373061484413,1.5216286721512156,-0.00391581927066158,7.8889508287003967,1.5179363193691846,-0.0093749240807235977
639049412279493673,nan,60.728434106392783,0.018305685568375158,0.012470686864388979,201,0,1,1,2,7.9387213753175061,1.5454401084184015,-0.0093749240858296799,7.9564539456411989,1.549984783747125,0.0030957627785592997
639049412279693323,nan,66.832001039674097,0.017703977391241559,0.012696989230244463,202,0,2,1,2,8.023822090091242,1.5819691672165366,0.0030957627721035831,8.0227497362632327,1.5996406378043837,0.015792752002348046
639049412279993583,nan,59.444056724310769,0.052029338524095116,0.012105501233894627,202,1,3,0,0,8.1224540893419803,1.6743196597890193,0.015792751997289387,8.0815753758985753,1.6421329722541569,0.0036872507633947602
639049412280295016,nan,54.064078090675672,0.0073254943866082039,0.011771979893417056,208,0,0,1,2,8.1406308246170198,1.6847913078639567,0.0036872507575653902,8.1352128660958911,1.6798609332867509,-0.0080847291358516656
639049412280503823,nan,44.051548122812157,0.025235503594100935,0.0062944627469310741,202,0,0,1,2,8.1723683315413833,1.7059956377130507,-0.0080847291420611984,8.1861427209004969,1.7271403022748597,-0.0017902663951301244
639049412280793438,nan,100.01520406779517,0.022505231208748953,0.011010573614286985,209,0,0,1,2,8.2567823541466812,1.7927167170956806,-0.0017902664013692169,8.2396486026053761,1.7781249389353577,-0.012800840015656201
639049412280993663,nan,95.613852882454097,0.022665818488383317,0.010666413786285318,208,0,0,1,2,8.2766398329089146,1.813373109352457,-0.012800840023082138,8.2779194934627078,1.8360027756472879,-0.0021344262367968192
639049412281293384,nan,48.257247768250629,0.020428137612215236,0.013527943040012388,212,0,1,1,2,8.335207992294773,1.9226413227674597,-0.0021344262454480339,8.3295711789832101,1.9030062739517783,-0.015662369285460422
639049412281495109,nan,84.735460861111264,0.0092661251277759184,0.0062923609128581991,206,0,0,1,2,8.3643349635082291,1.9481024824105562,-0.015662369293696955,8.3557448715663281,1.9515768737692385,-0.0093700083808387555
639049412281794111,nan,58.55380246991426,0.013683210808932245,0.0064988995773873383,203,0,0,1,2,8.3945401940585196,2.0235694700593374,-0.0093700083869586899,8.3842413451435753,2.0145603652720219,-0.015868907964346028
639049412281993492,nan,89.540613869021243,0.013949589079367539,0.014154633694498729,205,0,1,1,2,8.4032434100070379,2.0565591195255601,-0.015868907970116409,8.4098709923269581,2.0688337351234471,-0.0017142742756176804
639049412282293644,nan,98.903719671289323,0.015625253902357826,0.015264237219977479,204,0,2,1,2,8.4484543571480124,2.1505379120893817,-0.0017142742821373454,8.4329020104221701,2.1520455827537948,-0.016978511502114824
639049412282494212,nan,84.204265327316321,0.0010102558211026733,0.015129472914874219,214,1,3,0,0,8.4482918303711312,2.207649522942511,-0.016978511508553847,8.447607560385384,2.2069062925538177,-0.0018490385936796268
639049412282793620,nan,104.05230513513746,0.016316396191179066,0.0073686123665855632,206,0,0,1,2,8.4695600119398993,2.2888023846512873,-0.0018490385991288645,8.4610549044370629,2.2748780199967431,-0.0092176509657144277
639049412282993674,nan,104.98463021685139,0.025012558865446431,0.013808182670910258,210,0,1,1,2,8.4700399514862887,2.320294361450101,-0.0092176509702037862,8.4681262424613273,2.2953551189041614,0.0045905317007064721
639049412283194006,nan,88.056725171873978,0.036360825381501899,0.011720051904342438,207,0,0,1,2,8.475207406992288,2.3158606732960805,0.0045905316968802793,8.4713871754339483,2.3520202564416968,0.016310583601222717
639049412283493171,nan,77.54846365063058,0.022076106729157378,0.010225566914976843,205,0,0,1,2,8.4762568767934621,2.4366409155047357,0.016310583597670604,8.4701145459485083,2.4154365230326964,0.0060850166826937621
639049412283793789,nan,104.00042617313682,0.0081606486886727763,0.0037353314409675621,203,0,0,1,2,8.4688357354905541,2.4791607930176651,0.0060850166799028523,8.4647756260612095,2.4720818313394468,0.0023496852389352902
639049412283993715,nan,82.771522628822325,0.010198863713003463,0.010470696175916373,203,0,0,1,2,8.461224977406145,2.5097537934592644,0.0023496852363814472,8.4601543816670848,2.4996112767203122,0.012820381412297821
639049412284293927,nan,65.406185641222265,0.014964537970778301,0.0088397790895388319,209,0,0,1,2,8.4532150490037541,2.5409499213022095,0.012820381409985537,8.4549891739903202,2.5260909214297111,0.0039806023204467054
639049412284493293,nan,60.955742847364263,0.022380504823358242,0.010679435771757213,200,0,0,1,2,8.4515590419713273,2.5436756310586865,0.0039806023183409193,8.4456128335750353,2.5652517660660559,0.014660038090098132
639049412284793226,nan,64.622348424328621,0.014504043783013485,0.0076054948098353324,204,0,0,1,2,8.4315067477340317,2.6241666743970291,0.014660038088201457,8.4351197465705745,2.6101198411073971,0.0070545432783661243
639049412284993796,nan,64.223651229974294,0.0091160036860440299,0.0090715414946256484,203,0,0,1,2,8.4281028512623397,2.6401238413709289,0.0070545432765634205,8.4221592553175277,2.6470358013280455,0.01612608477118907
639049412285193775,nan,67.219332695666239,0.0054724436313877654,0.0082513549595974733,208,0,0,1,2,8.4092369534763094,2.6838429848996914,0.016126084769414364,8.405219209381011,2.6875585429578317,0.024377439729011838
639049412285493885,nan,52.198509622666045,0.024452841192779077,0.005588993731191403,205,0,0,1,2,8.3797971541351703,2.7483713282528632,0.024377439727672721,8.3931368946697624,2.7278776032408252,0.018788445996481318
639049412285793819,nan,56.557201280250951,0.0045332880898569187,0.0018843669822702774,209,0,0,1,2,8.3810616656517229,2.7681730183450184,0.018788445995948064,8.3815075212862418,2.7636617088168651,0.016904079013677787
639049412285994217,nan,67.237004553472516,0.024796674851612452,0.0064189446896513909,216,0,0,1,2,8.3737374679834797,2.7875705127178141,0.016904079013166991,8.3666290852612093,2.8113264799422888,0.023323023702818382
639049412286294048,nan,58.291062461328529,0.031202620266207959,0.00084167523725307489,204,0,0,0,0,8.3443683024598769,2.8826414431220955,0.023323023702770885,8.3503689293179182,2.852021253887087,0.02416469894002396
639049412286494444,nan,71.961127831866918,0.016030553437263628,0.0038725441385479738,204,0,0,1,2,8.3395012398181283,2.8792201423257135,0.02416469893996891,8.3355906727507705,2.8947663993902504,0.028037243078516884
639049412286794284,nan,70.412152296101141,0.011295219681577111,3.3362310282000068e-05,202,0,0,0,0,8.3134788918315223,2.9587232868913409,0.028037243078513817,8.3243353536607589,2.9556057198583141,0.028070605388795817
639049412286994296,nan,65.894067670744505,0.0096820705814663396,0.0013890986958332158,209,0,0,0,0,8.3168273531210328,2.9961893450099226,0.028070605388788968,8.3132862830637482,3.005200633130602,0.029459704084622184
639049412287294189,nan,73.130119967426324,0.033290263093149364,0.0022171015416899108,209,0,0,1,2,8.2967195824230391,3.0795620080779362,0.02945970408462115,8.2955078057686826,3.0462938068318355,0.027242602542931239
639049412287493840,nan,82.60185578849773,0.039500227483501696,0.0014738423164178394,202,0,0,0,0,8.2836719484114347,3.073651208380471,0.027242602542934431,8.282085977660838,3.1131195839237669,0.028716444859352271
639049412287795730,nan,75.309790282613989,0.040093850489459633,0.001659026140711034,209,0,0,0,0,8.2617909844603172,3.2141660792895959,0.028716444859390497,8.2647759321036478,3.1741834963985704,0.030375471000101531
639049412287994271,nan,89.58136399954391,0.031692678839017385,0.0006557643551133932,212,0,0,1,2,8.2533918062466469,3.2143427936480982,0.030375471000101316,8.2496112110131179,3.2458091723986522,0.031031235355214709
639049412288294039,nan,75.015289728617972,0.047596625193967547,0.00013293036172629114,213,0,0,0,0,8.2267146903354451,3.3539535135835585,0.031031235355226849,8.2312091397484242,3.3065695642512245,0.03116416571695314
639049412288493903,nan,85.730987852125679,0.034510246930410354,0.0026320696807831008,204,0,0,0,0,8.2189399463346948,3.3470802757255065,0.031164165716956575,8.2141179105995068,3.3812519762182602,0.028532096036173474
639049412288697029,nan,95.124114899806457,0.012516181690129058,0.00072853563818140593,202,0,0,1,2,8.1967477338187802,3.457153287175792,0.028532096036181575,8.1935555437287864,3.4450510259602312,0.027803560398000169
639049412288994210,nan,87.15504338922382,0.034432153895029891,1.0297550673936395e-06,210,0,0,0,0,8.1634720253756079,3.5383914422603042,0.0278035603980041,8.1738686928492026,3.5055664132840105,0.027804590153071494
639049412289294129,nan,82.112162273322056,0.0053272894585776193,0.0017900547083070512,202,0,0,0,0,8.154000462279436,3.5666393434200576,0.027804590153084389,8.1559159334047635,3.5616683291026865,0.026014535444777338
639049412289494392,nan,91.896861385382479,0.043770782838229091,0.0013333840217340798,204,0,0,1,2,8.1439284519026849,3.599128903349718,0.026014535444773307,8.1403675612840907,3.6427546009174798,0.024681151423039227
639049412289793911,nan,80.118302624468825,0.051090596305250861,0.001273069315913429,203,0,0,0,0,8.1171129767167383,3.7640295196378379,0.024681151423042585,8.1223332969493374,3.713206323285235,0.025954220738956015
639049412289993739,nan,98.585621520177767,0.010670227045089542,0.002220191461229943,209,0,0,0,0,8.1103015027276513,3.7602091070061467,0.02595422073897027,8.1073215948082957,3.7704547838498659,0.023734029277740328
639049412290194589,nan,119.79427553010461,0.027377048639129712,0.00068611908745161085,207,0,0,1,2,8.0922331168421042,3.8279960358486154,0.023734029277745129,8.0843848059824115,3.8542240134458092,0.023047910190293518
639049412290493980,nan,111.2772226099775,0.049219640328908257,0.0016316531263314282,206,0,0,0,0,8.0501947729061349,3.9790920912051275,0.023047910190293241,8.065931322261557,3.9324559034482851,0.021416257063961813
639049412290794344,nan,119.77414611707178,0.0067756313845215299,0.0023308997770914962,204,0,0,0,0,8.0474178659975717,4.0109420416712229,0.021416257063971416,8.0538414975876087,4.0130975318369142,0.023747156841062912
639049412290994543,nan,137.935267774241,0.0078975871899724572,0.00013307729045135275,203,0,0,1,2,8.0457833720802245,4.0668468938169626,0.023747156841042304,8.03917609741025,4.0711730705191709,0.023614079550590951
639049412291294198,nan,123.81798012469658,0.0036362729563344442,0.0023279099337000959,200,0,0,0,0,8.0172251361659566,4.1580997062357907,0.023614079550542212,8.0166798230500937,4.1545045546925818,0.021286169616842116
639049412291494533,nan,130.30404566924744,0.017229540883501555,0.0012332875995208839,201,0,0,0,0,8.0016398900473344,4.210215999126615,0.021286169616848118,8.0003104205929834,4.2273941710324436,0.022519457216369002
639049412291793948,nan,142.63633130789412,0.042864597018504633,0.00013655411110065005,206,0,0,1,2,7.9758451766930376,4.3363329210082329,0.022519457216373266,7.982650519028514,4.2940119924591595,0.022382903105272616
639049412291994179,nan,132.82287270756657,0.016261442789278196,3.2921205373070972e-05,205,0,0,0,0,7.9708406238991607,4.3385620417288777,0.022382903105284443,7.9646742971104123,4.353608999412188,0.022415824310657514
639049412292296088,nan,154.02718905059083,0.0093686437756987564,0.00064692987152284789,207,0,0,0,0,7.9375696870197059,4.4434695743090913,0.022415824310662403,7.9429058548918885,4.4511700157662952,0.021768894439139555
639049412292494611,nan,159.2968948036592,0.018559523705628553,0.00061658341314329776,202,0,0,1,2,7.9285918183625101,4.5153221465396953,0.021768894439194938,7.9251848203144579,4.5335662766773686,0.02115231102605164
639049412292794597,nan,130.02274125889815,0.050160814862379596,0.0011363918447774984,201,0,0,0,0,7.8984067528928241,4.6580743927428587,0.021152311026046904,7.9040561868326531,4.6082327310147679,0.020015919181269406
639049412292995183,nan,149.2531020183261,0.016926430169872525,0.00044513813861533566,209,0,0,0,0,7.8899285006220259,4.6581585455851862,0.020015919181275287,7.8910849253011568,4.6750454257072533,0.020461057319890622
639049412293294832,nan,181.04259171792657,0.012868799377457845,0.00079873048470706365,204,0,0,1,2,7.8717075732095285,4.774854770087761,0.02046105731989992,7.8722966407449286,4.7619994600232003,0.021259787804606984
639049412293494940,nan,157.26692510698672,0.0087578693548065363,0.0027013122877753565,201,0,0,0,0,7.859749673973881,4.8200680599480972,0.021259787804608771,7.8591140420934744,4.8113332876128574,0.023961100092384127
639049412293794861,nan,175.43733537623808,0.010331177531276143,0.00050086820250454939,207,0,0,0,0,7.8393560205743809,4.885274613819294,0.023961100092395299,7.8397285862366859,4.8955990713842228,0.024461968294899848
639049412293994832,nan,207.01460990424374,0.011288972162211176,0.001118118503581008,208,0,0,1,2,7.8268034192989324,4.9517829099501904,0.024461968294901451,7.8224436405583626,4.9621960373292469,0.023343849791320443
639049412294294894,nan,164.22057754815847,0.013085939578005884,0.0023092742808976316,209,0,0,0,0,7.7965071029097581,5.0621266212408935,0.023343849791327375,7.8041878726210054,5.0515319248657251,0.025653124072225007
639049412294494700,nan,204.9714060732432,0.024352337893639577,0.0030798774416304214,202,0,0,0,0,7.7920316783395185,5.1110191186627194,0.025653124072231314,7.788146468772406,5.1350595327087714,0.022573246630600893
639049412294794910,nan,194.23624806645628,0.036444009965704453,0.00039632550633385624,200,0,0,1,2,7.7640441402668152,5.260560384287607,0.022573246630599852,7.7653015525355027,5.2241380727633926,0.022176921124265996
639049412294994793,nan,170.68150379563502,0.01979387849370056,0.0015107293011311397,204,0,0,0,0,7.750091165166058,5.2834475088972255,0.022176921124271103,7.7493740330281442,5.3032283922779078,0.023687650425402242
639049412295294597,nan,196.11179393226544,0.014751392563603125,0.00049742634297541763,200,0,0,0,0,7.7254843872934691,5.421855760046701,0.023687650425418778,7.7263102900940286,5.4071275060045698,0.02319022408244336
639049412295494727,nan,206.57377924816183,0.03261405315858816,0.00048959153096854099,208,0,0,1,2,7.7109144085400647,5.4764839176272195,0.023190224082448429,7.7090031583247862,5.5090419210372232,0.02367981561341697
639049412295711631,nan,196.69118550023921,0.006620379538164918,0.00053679999469247869,200,0,0,0,0,7.6902454203081181,5.6194983457523717,0.023679815613422854,7.6882067878889409,5.6131996631052754,0.023143015618730375
639049412295994817,nan,228.58133211536401,0.024933698349731633,0.00033619726388966348,203,0,0,1,2,7.6610554169679563,5.7491861564169868,0.023143015618734965,7.6638727839604464,5.7244121426803103,0.022806818354845302
639049412296294760,nan,174.93239593088396,0.011378125262297199,0.0017047198560845404,203,0,0,0,0,7.6380988610252576,5.8422054119844944,0.02280681835484728,7.6446760083224277,5.8329208620268576,0.02451153821093182
639049412296495669,nan,246.98825603349547,0.037658381191183657,0.00010985831839614713,203,0,0,1,2,7.6318175485595434,5.9056025992075734,0.024511538210928451,7.625207290775573,5.9426762848345778,0.024621396529324598
639049412296794894,nan,187.49578025926513,0.032697688851969421,0.00067759685438363582,204,0,0,0,0,7.5962114418690652,6.1061411688847702,0.024621396529294001,7.5943911727438538,6.0734941862282978,0.025298993383677637
639049412296995205,nan,229.52388571167367,0.028608123970151243,0.00082265083040182832,200,0,0,1,2,7.5737618556110888,6.1610679673163666,0.025298993383673026,7.5728921105151397,6.1896628672210632,0.024476342553271198
639049412297294911,nan,204.25856067104019,0.041095175144660143,6.7047782273906009e-05,205,0,0,0,0,7.5407251404320244,6.3634748431266184,0.024476342553280728,7.5458665558460885,6.3227025575920752,0.024543390335554634
639049412297497524,nan,214.72040914623281,0.027667793998953749,0.00080903503367739382,210,0,0,1,2,7.5275962218916117,6.4126426014521973,0.024543390335547581,7.5197124706940448,6.4391634101092388,0.023734355301870187
639049412297794932,nan,164.91938819363506,0.042657936935971814,0.0014512945789171353,211,0,0,0,0,7.4813218730675404,6.6101119140326032,0.023734355301853253,7.4865566865086342,6.5677763933452384,0.022283060722936118
639049412297994887,nan,191.29571405983563,0.045882910849090124,0.0014952643778470484,205,0,0,1,2,7.4642652053554919,6.6542461892584432,0.02228306072294374,7.4621837092811463,6.7000818618517197,0.023778325100790788
639049412298295221,nan,150.95475462118335,0.05539165435843954,0.000286175595686812,210,0,0,0,0,7.4255753036766832,6.8988057276136443,0.023778325100778295,7.4320948649874934,6.8437990853521917,0.023492149505091483
639049412298494600,nan,169.06847661523136,0.039219391405971915,0.0022980917510881556,203,0,0,1,2,7.4121201578733329,6.9392068523858965,0.023492149505026216,7.4023464995348576,6.9771889042648771,0.02119405775393806
639049412298794971,nan,178.87081799491995,0.05545631293563251,0.0016176858215565873,206,0,0,0,0,7.3575296117012661,7.1781450395480428,0.021194057753935819,7.3722740735542382,7.124684741297088,0.022811743575492406
639049412298995166,nan,217.72838925976177,0.03371810988314302,0.0017805333992384487,207,0,0,1,2,7.3522310290553019,7.2229896012691341,0.022811743575496674,7.3475480123305514,7.2563809218247428,0.024592276974735122
639049412299295223,nan,187.50660449878998,0.045657326860268063,0.0011284746199645666,200,0,0,0,0,7.3104880070726992,7.4537702714118277,0.024592276974734126,7.3172337643013741,7.4086140287045659,0.02346380235476956
639049412299494650,nan,228.24190044400456,0.023100391426112931,0.00072085525483410462,207,0,0,1,2,7.2970859939053669,7.50979277742805,0.023463802354776082,7.2897162444290222,7.5316860384162068,0.024184657609610187
639049412299795121,nan,178.7483254480226,0.041549805014723856,2.532328389615382e-05,209,0,0,0,0,7.2482563783448644,7.7171151419481578,0.024184657609619381,7.2603354576324444,7.6773598638039173,0.024159334325723227
639049412299995751,nan,175.74247441026853,0.036221587567734338,0.00036547425151160079,209,0,0,1,2,7.2407173671844562,7.774628949963768,0.024159334325728487,7.2335471007823022,7.8101337480289477,0.023793860074216886
639049412300295015,nan,157.37253388300113,0.04830642819467202,8.183641960022095e-05,205,0,0,0,0,7.1935890146316721,8.0081821141193608,0.023793860074218645,7.2025027081631343,7.9607052031777865,0.023712023654618424
639049412300494611,nan,163.24826429564266,0.010508302705629925,0.0020125613967448032,210,0,0,1,2,7.1817974559803943,8.0611297786759675,0.023712023654616356,7.175415946204585,8.0694784767022707,0.02572458505136116
639049412300795106,nan,145.0374038605342,0.011898509947524246,0.0031944987617152643,201,0,0,0,0,7.1346363888250073,8.233238395877704,0.025724585051365399,7.143200004610275,8.241499087353219,0.022530086289650135
639049412300995245,nan,149.79340772959742,0.029813094996394184,0.0037044752939317839,200,0,0,1,2,7.1217431872431192,8.3560701550750451,0.02253008628965061,7.1153462387424691,8.3851888721337353,0.026234561583582394
639049412301239346,nan,141.81040305321784,0.018732358634528913,7.1526985358647682e-05,205,0,0,0,0,7.0813741888066879,8.5604411725584839,0.026234561583580642,7.0861203804561663,8.5423200543579139,0.02630608856893929
639049412301495237,nan,162.90445205126147,0.019856609336511018,0.00018892650677615128,208,0,0,1,2,7.0554829225893805,8.7070406222807293,0.02630608856893436,7.0584003272885338,8.6873995000071886,0.026117162062158208
639049412301795151,nan,140.6001558254539,0.047086613736095712,0.0011822757088273995,201,0,0,0,0,7.0259113689988038,8.8574381370145723,0.026117162062157431,7.0292235447607956,8.810468160595013,0.024934886353330032
639049412301994447,nan,144.76833526112094,0.01303816132773122,0.0034393612904097814,208,0,0,1,2,7.009835266618901,8.892248576916062,0.024934886353333158,7.0056650786047907,8.904601842991676,0.028374247643742939
639049412302295420,nan,118.3028502736836,0.028003206315405964,0.00040674702140089739,208,0,0,0,0,6.9700875344776065,9.0467607262204961,0.028374247643741274,6.9717641212525887,9.0747136978108145,0.027967500622340376
639049412302495095,nan,145.60674382238105,0.024687803667166285,0.00051687819694201664,200,0,0,1,2,6.9492731547562556,9.1875712784277184,0.027967500622351441,6.947320141464731,9.2121817109511763,0.028484378819293457
639049412302795883,nan,117.77545865455565,0.020112265482356829,0.0022252352549251772,205,0,0,1,2,6.91049802656587,9.419261859875494,0.028484378819333193,6.9143374938910434,9.3995194761923688,0.026259143564408016
639049412302994852,nan,103.40535023704494,0.0056039125415533091,0.0025704429408792938,202,0,0,0,0,6.8925197205586999,9.5234419990731851,0.026259143564456952,6.8872858100572012,9.5214394964800082,0.023688700623577658
639049412303295187,nan,110.44951982492807,0.022138821575867874,0.0039971782447589567,208,0,0,1,2,6.8464524769036093,9.7054724327318276,0.02368870062367882,6.8557316672159549,9.6853720832842338,0.027685878868437777
639049412303495372,nan,103.13652845309517,0.0098333811053055026,0.0032782010682690689,207,0,0,0,0,6.8346995994094231,9.7946395509100643,0.027685878868478456,6.8364159866783876,9.8043219782247988,0.024407677800209387
639049412303795025,nan,102.49966088216881,0.024832351098135051,0.0028165163263124127,213,0,0,1,2,6.8075027233463512,9.982375742835659,0.024407677800262709,6.8135871559414269,9.9583003333675517,0.027224194126575122
639049412303994981,nan,113.30418388177837,0.024653529130071329,0.0037200136622440837,200,0,0,0,0,6.7983536636058268,10.061048832401182,0.027224194126634037,6.7912126214330222,10.084645485029331,0.023504180464389953
639049412304295212,nan,106.38532909713705,0.017498389282851773,0.0011738275863515599,215,0,0,1,2,6.7576175861753009,10.274350876358261,0.023504180464460522,6.7682407788043237,10.260446150332161,0.024678008050812082
639049412304495578,nan,111.95475756121171,0.035490152449011533,0.0024272993621248934,204,0,0,0,0,6.7529099961065286,10.377770730752127,0.024678008050856248,6.7465547664606627,10.412687230820181,0.022250708688731354
639049412304795295,nan,101.94475139762591,0.089575699185914515,0.00047093225086574861,206,0,1,1,2,6.7141157969668113,10.640416685521217,0.022250708688894068,6.7301744580208434,10.552292198062865,0.022721640939759816
639049412304994946,nan,126.80704516352252,0.021862076627846515,0.0025943838048296773,221,0,0,0,0,6.7192630150252226,10.6452874946759,0.022721640939980775,6.7190544735580007,10.623426412705003,0.025316024744810452
639049412305295253,nan,110.42497460692705,0.064905677500598918,0.0013877360985930197,200,0,1,1,2,6.7023282404107443,10.73042363584206,0.025316024745140338,6.7075054558298355,10.795122503006146,0.026703760843733357
639049412305494545,nan,84.96277989884122,0.069536891073325752,5.9441647970410322e-05,214,0,2,1,2,6.6998412094383708,10.909064759524627,0.026703760844213126,6.6951691106987479,10.978444516756191,0.026644319196242716
639049412305795358,nan,95.446000329693064,0.10865141799667918,0.0036662131023217741,205,1,3,0,0,6.6765485288995894,11.255152286873368,0.026644319196424137,6.6833525354800445,11.146714119574478,0.030310532298745911
639049412305995410,nan,100.63243724894369,0.0086339344616963385,0.0021385496636266502,205,0,0,1,2,6.6754940669110265,11.258619757239751,0.030310532298995704,6.6781999846222106,11.266818710443006,0.028171982635369054
639049412306295378,nan,95.776134439602387,0.041600272476937074,0.0059064048155074156,202,0,0,1,2,6.6704739915018081,11.446909556391313,0.028171982635567042,6.6772275118639444,11.40586113823819,0.034078387451074457
639049412306495262,nan,114.66809926332319,0.042290724252951571,0.002200497668921296,216,0,0,1,2,6.6765795035936844,11.498512209810533,0.034078387451276046,6.678579168883469,11.540755631743043,0.03187788978235475
639049412306795477,nan,112.81871469553229,0.03413509170726068,0.0039920410877071488,216,0,0,0,0,6.6806092849113483,11.743359894052979,0.031877889782550309,6.6750362425237677,11.709682814541695,0.035869930870257458
639049412306996234,nan,101.99679413919715,0.010734946377634051,0.0046592037330705355,204,0,0,1,2,6.6726670495547467,11.822646238877951,0.035869930870374538,6.6747866429665397,11.833169850306513,0.031210727137304002
639049412307295451,nan,111.4556649919851,0.030082913796669188,0.0041490770658220988,212,0,0,0,0,6.6744146288862582,12.017220321176477,0.031210727137405435,6.6781849456480504,11.987374611032244,0.035359804203227534
639049412307594839,nan,85.404695843815034,0.010074302303057486,0.0011417452819073928,205,0,0,1,2,6.6815851904309742,12.14166749848234,0.035359804203263331,6.6812296931349682,12.131599470444739,0.034218058921355939
639049412307795411,nan,114.16733071933946,0.028904877782942637,0.0018372567298125322,212,0,0,0,0,6.6832694912997113,12.228221474339627,0.034218058921387746,6.6846275131189117,12.257094432906172,0.032380802191575214
639049412308095429,nan,116.33344345338112,0.022575287399963562,0.0030887888638424996,217,0,0,1,2,6.6897100129491109,12.444811300902474,0.03238080219157484,6.6897577755906354,12.42223606402839,0.02929201332773234
639049412308295382,nan,101.84841737354523,0.030676469184536991,0.00039323276093516935,218,0,0,0,0,6.693176941680699,12.532298008870969,0.029292013327742145,6.6951120237772548,12.562913384402055,0.029685246088677314
639049412308495505,nan,106.88340158977405,0.0071601642622823687,0.0014970086801227023,210,0,0,1,2,6.7004708241445954,12.703710308604938,0.02968524608872319,6.7030720205807306,12.69703934695286,0.028188237408600488
639049412308795424,nan,94.345773274888316,0.054748537469187314,0.004231271711216112,205,0,0,0,0,6.7150014553848347,12.89805034799859,0.028188237408670342,6.7150382390254135,12.843301822886229,0.032419509119886454
639049412308995715,nan,109.79238991104384,0.003335981357026493,0.00044114073375551427,205,0,0,1,2,6.7230294828562611,12.940978387449229,0.032419509119933632,6.7245481010011563,12.938008106226109,0.032860649853689146
639049412309295623,nan,87.389494470396428,0.017313530512570008,0.0019949028757402232,204,0,0,0,0,6.73878780066525,13.079817633483433,0.032860649853729551,6.7380798994969728,13.097116685906778,0.034855552729469774
639049412309495523,nan,82.700637448885558,0.081893581492921003,0.00047604415623563046,215,0,1,1,2,6.7470993538606905,13.203168558741668,0.034855552729474534,6.7409572426890847,13.284831482765323,0.034379508573238904
639049412309795989,nan,95.109692233698894,0.10595079802279311,0.003562169798230444,211,1,2,0,0,6.7452821241276091,13.566982128852866,0.034379508573211037,6.7500008019858484,13.461136459688101,0.030817338774980593
639049412310095736,nan,209.67210217838885,0.053063614061146472,0.00065827667043735077,205,0,0,1,2,6.7590227205008455,13.637019547683654,0.03081733877494015,6.7593265081380594,13.583956803217298,0.030159062104502799
639049412310295471,nan,149.53949790264872,0.0311091054289237,0.0017887473043361191,207,0,0,0,0,6.765540648457435,13.665797559971507,0.030159062104502941,6.767834974886731,13.696821945651545,0.028370314800166822
639049412310495875,nan,131.33088115395782,0.039790465928071311,0.00013841580307019305,204,0,0,1,2,6.7763719402172979,13.810065122883341,0.028370314800161441,6.7758773576250722,13.849852514942038,0.028508730603231634
639049412310795655,nan,132.46634802602645,0.064776062443690163,0.00039042483428758726,224,0,1,0,0,6.7879077836509989,14.078767626725755,0.02850873060322914,6.7862494665149251,14.014012794859823,0.028899155437516727
639049412310995704,nan,141.68564166256041,0.018398788627288252,0.0021139148724752983,206,0,0,1,2,6.7931709756593186,14.123560129029125,0.028899155437510784,6.7973082298332104,14.141487720915718,0.031013070309986082
639049412311295995,nan,114.80829707767361,0.0383667655738461,0.0035700829308995367,204,0,0,0,0,6.8139083982699997,14.332838705025864,0.031013070309993836,6.808171607827477,14.294903260702421,0.034583153240893373
639049412311595718,nan,122.47722319663657,0.010412430124952918,0.003212539849459857,209,0,0,1,2,6.8190144377576969,14.448028615213513,0.034583153240898196,6.8206855450518074,14.437751159228757,0.031370613391438339
639049412311795720,nan,93.927233137090596,0.042240215807120736,0.0023368356862600095,203,0,0,0,0,6.8290359635139888,14.533072056861117,0.031370613391425446,6.8349927142116718,14.574890150463741,0.033707449077685456
639049412311995739,nan,126.92944271237623,0.024133463953157294,0.0012402802473677685,217,0,0,1,2,6.8493010994687538,14.712040798396412,0.033707449077665153,6.8505095396388551,14.73614398811756,0.032467168830297384
639049412312295639,nan,97.067532561680721,0.073924270761444449,0.00091484141911473554,218,0,1,0,0,6.8737748091663118,14.977921148849191,0.032467168830299743,6.8658275654861622,14.90442530457552,0.033382010249414479
639049412312495728,nan,99.993834667911713,0.0079168981222831284,0.00045904286968014713,200,0,0,1,2,6.8760475337214464,15.016700197302285,0.033382010249424478,6.8686839790702177,15.013792390778979,0.032922967379744331
639049412312795620,nan,99.923387632980109,0.02012987880143979,0.0032137831160323864,204,0,0,0,0,6.8729651518610737,15.177711018068475,0.032922967379739626,6.8788771555519164,15.158468870763143,0.02970918426370724
639049412313095947,nan,108.69532775672188,0.027781050561219264,0.0036897286999127005,219,0,0,1,2,6.889085117462268,15.303355207191602,0.029709184263666068,6.8854054362164527,15.275818927192041,0.033398912963578768
639049412313295923,nan,97.780271235949229,0.089362276915369632,0.0069884566315139042,214,0,1,0,0,6.8897523629135904,15.353957738835435,0.033398912963571378,6.8977554963100669,15.442960920752361,0.026410456332057474
639049412313595076,nan,99.307098791534003,0.059588295887038241,0.0019901338995357946,209,0,0,1,2,6.9162305009465479,15.692996068967897,0.026410456332054646,6.9129929321392023,15.633495790355617,0.028400590231590441
639049412313795889,nan,93.438981808930691,0.0098904329610657333,0.0008986540012460402,209,0,0,0,0,6.9232213945017929,15.761396492570332,0.028400590231597231,6.9250780643237286,15.751681893179228,0.027501936230351191
639049412313996005,nan,91.245757273128248,0.029772656524452133,0.00044092611305257198,213,0,0,1,2,6.9371212503337913,15.869457784942458,0.027501936230355916,6.9342824797341232,15.899094796566532,0.027942862343408488
639049412314295222,nan,96.241360728299711,0.085449257105875573,0.0016793096161957406,208,0,1,0,0,6.9480450852521827,16.119509189782661,0.027942862343416402,6.9445064426160306,16.034133235625536,0.029622171959612142
639049412314595971,nan,93.874945986204182,0.01742629721340732,0.0024662892388175213,212,0,0,1,2,6.9547827524940482,16.169863075536224,0.029622171959614686,6.9480337192447168,16.153796763427671,0.032088461198432207
639049412314795922,nan,91.913700992322021,0.069112085495645903,0.0052212312898445093,201,0,1,0,0,6.9503788059754541,16.233354274998998,0.032088461198438382,6.9631450886098056,16.301277042825827,0.026867229908593873
639049412315097916,nan,103.68323527747201,0.053105093957592719,0.004849503648065908,213,0,0,1,2,6.9859683947200057,16.524022412924335,0.02686722990858707,6.9785877275377128,16.471432710926805,0.031716733556652978
639049412315294556,nan,84.893681473351791,0.021684817834289032,0.0029603758594397948,221,0,0,0,0,6.988643028367477,16.582227662400598,0.031716733556634055,6.9876320835794834,16.603888902326833,0.02875635769719426
639049412315495993,nan,86.96963744031676,0.0073198936895612805,0.0015082059866377145,200,0,0,1,2,6.996897075178274,16.739576340422069,0.02875635769718296,6.9953404940794561,16.746728815441898,0.027248151710545246
639049412315795536,nan,88.777629069765553,0.073307161031189352,0.0042961657262850714,214,0,1,0,0,7.0068031370218815,16.959136149219834,0.027248151710520384,7.005192206807763,16.885846690480545,0.022951985984235312
639049412316096359,nan,100.60304606236008,0.03473230136977986,0.001835570196149109,224,0,0,1,2,7.0150860176398222,17.025559040703222,0.022951985984241908,7.0087094016049765,16.991417108619853,0.021116415788092799
639049412316296035,nan,89.749865997656968,0.025328585520452019,4.0619797633468374e-05,202,0,0,0,0,7.0110439949981957,17.061491134915663,0.02111641578808706,7.015654423997189,17.086396579880812,0.021157035585720529
639049412316602772,nan,111.16829003032068,0.028249174774837221,0.0021821431697631385,205,0,0,1,2,7.0263231840560847,17.232301536291061,0.021157035585715994,7.0254900190545841,17.204064650635246,0.023339178755479133
639049412316797249,nan,124.34596222650664,0.027117608017338739,0.0035342103506849111,205,0,0,0,0,7.031725970439572,17.278668410195095,0.023339178755479733,7.02830197539424,17.305568984956828,0.026873389106164644
639049412317104114,nan,121.84825723504623,0.027389079579386851,0.006537579847823119,215,0,0,1,2,7.0327389575678056,17.465732539267066,0.026873389106158434,7.0423272287338268,17.440076609421261,0.020335809258335315
639049412317296387,nan,97.609613552701887,0.020017419854121032,0.0018519207636430932,204,0,0,0,0,7.051115059002389,17.524355313342042,0.020335809258329989,7.0518163984202449,17.544360443200084,0.022187730021973082
639049412317495916,nan,127.23255845362129,0.0028066309318222405,0.00046202695427090268,202,0,0,1,2,7.0616636704676008,17.652579741125713,0.022187730021979934,7.0639941402929782,17.651015743817382,0.022649756976250837
639049412317797414,nan,109.38073568947016,0.060855743643723412,0.0034873707893012425,204,0,1,0,0,7.0823952991177377,17.812177077886687,0.022649756976252385,7.0694991824421693,17.752703455926017,0.026137127765553627
639049412318096185,nan,134.01558407900964,0.019667538278295028,0.00088762360577865698,204,0,0,0,0,7.0749544323872966,17.853471419343382,0.02613712776554605,7.0730627178618324,17.833895069375057,0.025249504159767393
639049412318295246,nan,131.28937063607319,0.041362464655504284,0.0016251226720070781,211,0,0,1,2,7.0754369808397435,17.887990292019754,0.02524950415977158,7.0807249888940884,17.929013339848932,0.023624381487764502
639049412318597448,nan,110.23755909134638,0.026284795287864662,0.00052673941810056288,200,0,0,0,0,7.0923573710809045,18.073415968057102,0.023624381487755575,7.0964337480023731,18.047449189001565,0.024151120905856138
639049412318796416,nan,113.59298205986926,0.0086773069615970304,0.0001589115396619066,203,0,0,1,2,7.1067763015998251,18.125426647900582,0.024151120905820275,7.1029101563707897,18.133195082567475,0.023992209366158368
639049412318998592,nan,95.611329660107174,0.0046950069609795111,0.0002204580684601852,202,0,0,0,0,7.1094909851386969,18.220323473954942,0.023992209366170705,7.1048216574165126,18.220813850327218,0.024212667434630891
639049412319295993,nan,91.014228997808118,0.04573681307267638,0.0011154705981908757,204,0,0,0,0,7.1076334764380533,18.349701102773182,0.024212667434619913,7.1053665774870129,18.304020502523286,0.023097196836429038
639049412319596269,nan,133.02201319953636,0.010100979417766186,0.00051350859208944971,208,0,0,1,2,7.1059167653447863,18.38803152028996,0.023097196836424125,7.1079749605070894,18.378142454718734,0.022583688244334675
639049412319796143,nan,97.619102186658495,0.044121316193954152,0.0020452928976532128,202,0,0,0,0,7.1097111896687766,18.427480567232266,0.0225836882443247,7.1197141806686917,18.470453008560895,0.024628981141977913
639049412320095915,nan,145.45302551837381,0.04195887915724502,0.0012450113670882529,201,0,0,0,0,7.1373207203200915,18.608900827418637,0.024628981141962887,7.1328837850922655,18.567177199269633,0.02587399250905114
639049412320296059,nan,197.25174752718075,0.022703796658003678,0.00019037205975258598,202,0,0,1,2,7.1416765252673047,18.631755500195702,0.025873992509032159,7.1334165326994885,18.652903429301588,0.026064364568784745
639049412320595743,nan,123.30067340491898,0.043509492806193747,0.007108385601313362,202,0,0,0,0,7.1342142380212721,18.781264906642384,0.0260643645687412,7.1340442600531517,18.737755745862813,0.018955978967427838
639049412320795733,nan,194.15039305781832,0.0080568371549542255,0.0041319119717434637,200,0,0,0,0,7.134463165278186,18.794380773522214,0.01895597896739885,7.1313590848147834,18.801815644699186,0.014824066995655387
639049412321096661,nan,192.99830297560632,0.009293385375891576,1.6734304519743642e-05,202,0,0,1,2,7.1273186607229206,18.898207550479636,0.014824066995616182,7.1364099964313779,18.900134887186329,0.014807332691096438
639049412321295126,nan,152.50282564012605,0.013642050918402589,0.0013717907408792203,204,0,0,0,0,7.1397411227273269,18.964977402539539,0.014807332691071229,7.1437839689602702,18.978006636883777,0.013435541950192009
639049412321596237,nan,157.63425875681199,0.017717355540337768,0.0016872844467473325,210,0,0,1,2,7.1549717564399131,19.096153617072464,0.013435541950138489,7.1436511750978848,19.082524635987244,0.015122826396885822
639049412321796133,nan,141.82847195305808,0.011646546952588007,0.0013075216853111974,207,0,0,0,0,7.143563018365267,19.151910111605162,0.015122826396855003,7.1419561491167842,19.163445276412702,0.013815304711543805
639049412322095438,nan,161.55214467980304,0.014852836336876387,0.0013859973265382183,218,0,0,1,2,7.139418180616798,19.284608042463756,0.013815304711460594,7.1387321750051784,19.269771056801201,0.015201302037998812
639049412322296707,nan,144.36514568834767,0.010615928033283864,0.00014930335976513429,201,0,0,0,0,7.1365641990426356,19.341270308377396,0.015201302037972304,7.1309776313296442,19.350297389256397,0.01505199867820717
639049412322596289,nan,170.69760810356703,0.029847532517705049,0.0047504816064778514,214,0,0,1,2,7.1194352591640158,19.470158071873158,0.015051998678009611,7.1257948761569017,19.440995930849233,0.010301517071531759
639049412322795237,nan,138.56236502094617,0.032113728219989153,0.0037714777776803772,200,0,0,0,0,7.1223530846737457,19.501227498342647,0.010301517071441425,7.1257810683785818,19.533157742123532,0.014072994849121803
639049412323096303,nan,159.1687708773957,0.039409594592662356,0.0018279710231059697,208,0,0,1,2,7.1257601732070412,19.672625280742206,0.014072994849063594,7.1219327176199609,19.633401987539226,0.012245023825957624
639049412323296270,nan,150.66664656642138,0.024638119641181965,0.0031162774798943037,202,0,0,0,0,7.1193766563040066,19.699983869993705,0.01224502382585865,7.1158327328777338,19.724365780218335,0.015361301305752953
639049412323596298,nan,160.98192504029322,0.039452768392569552,0.0044090588477470587,201,0,0,1,2,7.1066803916302232,19.860846723523618,0.015361301305609381,7.1033816547494055,19.821532104501824,0.010952242457862322
639049412323796159,nan,162.85241585063702,0.019730984341576448,0.0031893927159343527,215,0,0,0,0,7.095087479119778,19.886258592488353,0.010952242457693004,7.0926441878738586,19.905837715833773,0.014141635173627357
639049412324095442,nan,199.90015437074186,0.028186551565423389,0.0055859661343986445,204,0,0,1,2,7.0765653065567715,20.032081636740102,0.01414163517314552,7.0789839544046131,20.003999047263019,0.0085556690387468756
639049412324296298,nan,139.41515612302143,0.022552076445893524,0.0039948790170741648,212,0,0,1,2,7.0698162440645715,20.06987747131501,0.0085556690384145356,7.0696823388597467,20.09242915021964,0.0125505480554887
639049412324595508,nan,128.5859049865399,0.031942186037867033,0.0022695514445556907,208,0,0,1,2,7.0558259622158852,20.224161192606477,0.012550548055165683,7.0569744439014279,20.192239660082244,0.010280996610609992
639049412324796361,nan,126.57634196821544,0.013669366490019428,0.0023338997439095975,202,0,0,1,2,7.0484439174281706,20.259240229372821,0.010280996610119053,7.0461541307503079,20.272716447581516,0.012614896354028651
639049412325096473,nan,133.06549615315967,0.039061114692445296,0.0063623440429629828,211,0,0,1,2,7.0299865563530677,20.392963840699775,0.012614896353527159,7.0315806803853933,20.353935268479081,0.0062525523105641766
639049412325295532,nan,100.0884904112077,0.038166804145894476,0.0068886020892529017,214,0,0,1,2,7.0219143676215268,20.407806280864619,0.0062525523100028556,7.0040634527509749,20.441541274224562,0.013141154399255757
639049412325554870,nan,103.24895907172403,0.027332589458786815,0.00079380761767095832,209,0,0,1,2,6.9682134646557126,20.55567611021802,0.013141154398340184,6.9755565305621889,20.529348371431414,0.012347346780669226
639049412325796765,nan,81.156015505449176,0.00095519799166561667,0.00046413009159047662,203,0,0,1,2,6.9489669758387915,20.611249588294548,0.012347346779136121,6.9488623185181106,20.610300141061412,0.012811476870726597
639049412326096079,nan,80.249744388252793,0.017949982418864075,0.007877945243916596,215,0,0,1,2,6.9158316590015385,20.710467560706437,0.012811476869406743,6.9196632967569025,20.692931300530756,0.0049335316254901463
639049412326295867,nan,74.735155197158718,0.012040586303506158,0.0058621509476984388,216,0,0,1,2,6.9001733492114212,20.748086468976137,0.0049335316242923467,6.8954091947855014,20.759144432221607,0.010795682571990785
639049412326596154,nan,70.760708466758757,0.015102407835760268,0.007632194679994291,200,0,0,1,2,6.858954595316634,20.858664637018947,0.010795682570236985,6.8581685324079746,20.843582699890671,0.0031634878902426942
639049412326796340,nan,65.67450087345,0.016179649605267493,0.0061075455219182211,214,0,0,1,2,6.8333420855797486,20.89987337864666,0.0031634878883368429,6.8207177919195932,20.909993075822534,0.009271033410255064
639049412327096206,nan,74.130188685866969,0.025381039788120851,0.0069374564117757453,212,0,0,1,2,6.7646189451106808,21.009471629713335,0.0092710334084116532,6.7763386426929699,20.986958392067322,0.0023335769966359083
639049412327296532,nan,69.828798749636888,0.015006012645011902,0.008929283199182899,214,0,0,1,2,6.7466910752862868,21.038375204717152,0.0023335769948061918,6.7393914777593835,21.051486127318078,0.01126286019398909
639049412327596044,nan,64.417730049657862,0.029162147706156757,0.0052816345698987318,209,0,0,1,2,6.684150923544812,21.14796302517669,0.011262860192433562,6.695553115860772,21.12112236815743,0.0059812256225348298
639049412327796182,nan,65.058523070908805,0.018791240818730254,0.0077909574297709101,203,0,0,1,2,6.6662597250328108,21.167654253254206,0.0059812256209263422,6.6510630576668008,21.178707399072223,0.013772183050697252
639049412328096152,nan,64.561621537484029,0.024670376728440437,0.0076520059940682304,213,0,0,1,2,6.5843806547425912,21.265016754234715,0.013772183048817247,6.5963316351430246,21.243434317963718,0.006120177054749017
639049412328296355,nan,63.501770360592801,0.011939459594359488,0.0067990412680337311,201,0,0,1,2,6.5598033323676548,21.286633715712938,0.0061201770530812574,6.5527919741526519,21.296297646144509,0.012919218321114988
639049412328598186,nan,66.544383217184929,0.023182500290127896,0.0066642359714025523,220,0,0,1,2,6.4871505031637797,21.375995708651747,0.012919218319201649,6.4975180658640763,21.355260666733361,0.0062549823477990969
639049412328796762,nan,64.345925110768505,0.024444044643995196,0.0054471120067118416,200,0,0,1,2,6.4611531079495075,21.394052708559588,0.0062549823457148275,6.441193063311375,21.408163269732036,0.011702094352426669
639049412329096455,nan,49.186609739424973,0.024138216560189076,0.0041919908705277649,209,0,0,1,2,6.3561867735783419,21.488004437851455,0.011702094350642301,6.3730112983528953,21.470695802295264,0.0075101034801145364
639049412329296278,nan,60.198436072075687,0.0044275151849949785,0.0090106921744855656,208,0,0,1,2,6.3275504940655134,21.512389930134027,0.0075101034785702708,6.3232279213635305,21.511431673409849,0.016520795653055836
639049412329597962,nan,48.21275052714612,0.018339117132786551,0.0085761625633964233,211,0,0,1,2,6.2480671625737036,21.572932904706207,0.016520795651160353,6.263309580885803,21.562735262762647,0.0079446330877639294
639049412329796685,nan,51.622054306641125,0.014965217580784328,0.0087216949034399204,204,0,0,1,2,6.2238406253735601,21.59652957464845,0.0079446330858979706,6.2104640172422378,21.603239574062851,0.016666327989337891
639049412330098444,nan,42.214893499168546,0.012122382590766659,0.0038612398725148787,200,0,0,1,2,6.1302185275932359,21.664744988502239,0.016666327987515786,6.1394330182729409,21.656868103255484,0.012805088115000907
639049412330296355,nan,38.225117058314844,0.023340411221095193,0.0069715265076031457,213,0,0,1,2,6.0928467821142425,21.692040793518387,0.012805088113177793,6.0698460027568117,21.696008027431407,0.019776614620780938
639049412330596250,nan,37.358191435423223,0.039439293638929271,0.0079481137241942511,203,0,0,1,2,5.9644006358079835,21.755316845843414,0.019776614619209928,5.9985018755163555,21.735503634768733,0.011828500895015677
639049412330797015,nan,35.421926425787795,0.0084167897261608598,0.0075659458709982173,200,0,0,1,2,5.9507404800098271,21.761944007589481,0.011828500893597783,5.9424723801505657,21.763519086638826,0.019394446764596
639049412331096006,nan,37.618528306322716,0.015454828582850131,0.0056550599841344619,212,0,0,1,2,5.8590299731129205,21.805241338874481,0.019394446763308384,5.8720253745799482,21.796876455896456,0.013739386779173923
639049412331296652,nan,46.70429709393327,0.025306310867672932,0.0065617540066903787,200,0,0,1,2,5.8247500054895003,21.819261821048137,0.01373938677775848,5.8007005982946174,21.827138075443852,0.020301140784448859
639049412331596780,nan,39.214280682576259,0.018009564533543066,0.0060875352283995023,206,0,0,1,2,5.6940123889260592,21.872403664349292,0.020301140782981602,5.7107424141530165,21.86573653073782,0.0142136055545821
639049412331796020,nan,39.117110337990795,0.0081201958862047816,0.005255836932559375,204,0,0,1,2,5.6510236654578847,21.891360118782821,0.014213605553179519,5.6471162710845464,21.884241842977435,0.019469442485738894
639049412332096600,nan,33.255463196675215,0.022819398693730744,0.0051835390159460284,213,0,0,1,2,5.5511277844176083,21.91215956408255,0.01946944248455024,5.5731744568240895,21.906271509009375,0.014285903468604212
639049412332298277,nan,38.226017465425528,0.021020500409335084,0.0061350397143684638,207,0,0,1,2,5.5235624957002418,21.921052522238213,0.014285903467530248,5.5030277973501125,21.925545583680933,0.020420943181898712
639049412332598278,nan,36.516754985229433,0.026536028893396357,0.0062398686188047513,201,0,0,1,2,5.3986823936161592,21.954216387369712,0.020420943180729356,5.4238982204575938,21.945950620246574,0.014181074561924604
639049412332801142,nan,40.942711772592666,0.020537789510814995,0.0053458215084140285,205,0,0,1,2,5.3703899238628363,21.959748732045711,0.014181074560556462,5.3498521513168082,21.959722334353419,0.019526896068970491
639049412333098485,nan,41.964285027016707,0.024070781809297479,0.0051598683901234767,207,0,0,1,2,5.2413209169108583,21.979907891118895,0.019526896067609659,5.2650125902431872,21.97565264122905,0.014367027677486183
639049412333296578,nan,36.712933301862712,0.012395020353587289,0.0061841796540307008,212,0,0,1,2,5.2084915920298211,21.986265577400122,0.01436702767626563,5.1961001136795746,21.986561877689041,0.02055120733029633
639049412333597049,nan,30.625713878634127,0.025775667938050868,0.0079651267444498745,206,0,0,1,2,5.091572438569675,22.003109202371739,0.020551207329116056,5.1162948058584758,21.995816081414954,0.012586080584666181
639049412333796706,nan,32.968033837950529,0.026813333226933373,0.0039284145018989892,212,0,0,1,2,5.0632657669707388,22.001965315628254,0.012586080583425179,5.036716177106876,21.998213767041438,0.016514495085324168
639049412334096594,nan,54.353140713833653,0.043758177811822167,0.0013619423986909289,209,0,0,1,2,4.9171878068565977,22.001815129113165,0.016514495085156101,4.9577058450188272,22.01833985933472,0.015152552686465173
639049412334301283,nan,37.569956037135739,0.036710606545586784,0.0053719041984961469,207,0,0,1,2,4.9037772254516199,22.03207695353462,0.015152552686372632,4.8685299720867921,22.021815386247869,0.020524456884868779
639049412334596221,nan,36.860918345699226,0.034738806991226931,0.0052511833989357729,215,0,0,0,0,4.7400357510449744,22.026823300482199,0.020524456884845721,4.7747722204715455,22.027226292976685,0.025775640283781494
639049412334799082,nan,38.550559549527371,0.019177624956230467,0.0010212750467497034,200,0,0,0,0,4.7102847985373746,22.030947963124021,0.025775640283764188,4.6912193862700509,22.033019521484004,0.026796915330513892
639049412335099673,nan,35.335903615984179,0.03689518490108442,0.00055179622261484346,209,0,0,1,2,4.5674142685517047,22.041603686751074,0.026796915330514901,4.6041848100709393,22.038573514269604,0.026245119107900058
639049412335298499,nan,31.793692575312594,0.021903098489650431,0.00066623366783008509,214,0,0,0,0,4.5466157655973367,22.042247204332146,0.026245119107916912,4.5248728151039774,22.044891032482887,0.025578885440086827
639049412335596600,nan,35.21247632741828,0.019851354468614267,0.0011668005101348536,206,0,0,0,0,4.4059598710642325,22.054362924976314,0.025578885440110579,4.4255997303133583,22.057252942781293,0.026745685950245433
639049412335796094,nan,30.056616284638192,0.014787496342497127,0.0025103569627564527,208,0,0,1,2,4.3591645798870937,22.065525732651405,0.02674568595025471,4.3450885492549602,22.060994131419765,0.024235328987498257
639049412336096765,nan,32.139368447702566,0.021366137474352856,0.0045099652724389164,202,0,0,0,0,4.2237446626217299,22.066632731724123,0.024235328987534593,4.2450141993116475,22.064603288556849,0.028745294259973509
639049412336296763,nan,36.405724623131235,0.02035405999576469,0.0016383442094622912,201,0,0,1,2,4.178447520649712,22.067003999663349,0.028745294260013418,4.1596896358074771,22.074905234665337,0.027106950050551127
639049412336596114,nan,34.848778783418162,0.029074841910422769,0.0006068121361498674,201,0,0,0,0,4.0319783916473506,22.090324878209383,0.027106950050559925,4.0607784466693602,22.086336988686678,0.026500137914410058
639049412336796688,nan,31.405386805137084,0.018569659305943995,0.00092518769348712282,200,0,0,0,0,3.9945050323490849,22.093996601085088,0.02650013791442524,3.9760091369789707,22.095650112862071,0.025574950220938118
639049412337097093,nan,38.914250576440445,0.01968247253528255,0.00061525046038001657,205,0,0,1,2,3.8490478933604488,22.109598625968996,0.025574950220950174,3.8684498016932478,22.106287179434954,0.024959699760570157
639049412337297033,nan,33.530267191435598,0.020759092553181396,0.0031357381613561358,204,0,0,0,0,3.7968617339279729,22.113366872151726,0.024959699760579889,3.7764017844305151,22.116878337685236,0.021823961599223753
639049412337597079,nan,34.503591380819671,0.040013220236267869,0.00099141729808351411,210,0,0,0,0,3.6382671471012467,22.132772279209515,0.02182396159925408,3.6778647192327885,22.127019881886362,0.022815378897337594
639049412337797471,nan,45.416366190775953,0.012896881230046228,0.00046946980192838147,206,0,0,1,2,3.6120546782087359,22.133793124407681,0.022815378897386034,3.5993900978508107,22.136229915293164,0.022345909095457653
639049412338097470,nan,37.927325149894862,0.020184400758777119,0.0055965963444686538,206,0,0,0,0,3.481908821452691,22.150017894913145,0.022345909095526667,3.5020304591517615,22.148427382323359,0.027942505439995321
639049412338296918,nan,45.570172289494074,0.03158381751017162,0.0035835756949354654,206,0,0,1,2,3.4373029593292688,22.156536610701579,0.027942505440085391,3.4069638437554204,22.165315881440797,0.024358929745149926
639049412338597062,nan,32.094412265291098,0.041068786598208999,0.0020463410809333574,203,0,0,0,0,3.2639006181952772,22.190730935385208,0.02435892974516625,3.3039174611933677,22.181495270324401,0.022312588664232892
639049412338797438,nan,40.453236148401125,0.0043700299933208623,0.0001049260252140409,210,0,0,1,2,3.2351237423375725,22.192296623098205,0.022312588664250312,3.230835063175328,22.193135904449036,0.022417514689464353
639049412339097312,nan,41.842719732017237,0.0066765224439629609,7.7875411017482021e-05,201,0,0,0,0,3.1214631272984681,22.210556770807738,0.022417514689468516,3.1281059230973152,22.209886535088337,0.022339639278451034
639049412339297072,nan,57.703939395247986,0.018190175444951065,0.0046778885823306159,207,0,0,0,0,3.059673271310285,22.221044908193399,0.022339639278450854,3.0417742553407874,22.224286468009563,0.017661750696120238
639049412339597148,nan,73.926962495633717,0.039758906731815119,0.0028488408271443687,221,0,0,1,2,2.9120883245553055,22.245917796960654,0.017661750696131299,2.9511668818483212,22.238594066735853,0.020510591523275667
639049412339797441,nan,55.800678534898722,0.021357911614062447,0.0010467256842471157,207,0,0,0,0,2.8906887941007957,22.248144020319895,0.020510591523288688,2.8697703569269768,22.252454400200961,0.019463865839041573
639049412340097285,nan,74.553723651436968,0.026080485192890131,0.0024235121171216865,208,0,0,1,2,2.7479175731626135,22.273203691626581,0.019463865839039536,2.7739862363571568,22.272418511936301,0.01704035372191785
639049412340397355,nan,69.436913730735597,0.016944349979024439,0.0029602638736559855,207,0,0,0,0,2.6781299208751532,22.292397671127159,0.017040353721925441,2.6943007880194929,22.287336638425053,0.020000617595581426
639049412340597191,nan,91.901858191911032,0.028856876412547906,0.00065174441269904085,205,0,0,0,0,2.6412330996334314,22.297271582688079,0.020000617595579633,2.6126977746191735,22.301567457758392,0.019348873182880592
639049412340797499,nan,113.15479191664026,0.010645120053925646,0.0048111682238938611,201,0,0,1,2,2.5309020200594787,22.315831889387439,0.019348873182873174,2.5213178523746005,22.320464632716249,0.014537704958979313
639049412341097326,nan,104.04904724151254,0.049626719477716949,0.0053814237481660497,204,0,0,0,0,2.3845376541457548,22.348750488878206,0.014537704958980758,2.4331220556445317,22.338632820316445,0.019919128707146808
639049412341297641,nan,124.7173136849615,0.012272425775747066,0.0010371710832442066,201,0,0,0,0,2.3741982728565114,22.350771021676341,0.019919128707173765,2.36192603613926,22.350702901363899,0.018881957623929559
639049412341597332,nan,155.70028174238661,0.020467598126437295,0.0019852808329950955,210,0,0,1,2,2.2554097678540375,22.368760933259626,0.018881957623935346,2.2755401825318073,22.365061071374857,0.020867238456930441
639049412341897276,nan,126.92279544059559,0.013634771838416519,0.0010874945353466885,205,0,0,0,0,2.1890814017394788,22.379431362594037,0.02086723845692097,2.2027085904478096,22.379886039394872,0.019779743921574281
639049412342097523,nan,169.72553846119118,0.033602082405496281,0.0020021789973638793,203,0,0,0,0,2.154085154672984,22.389783404806764,0.019779743921551671,2.1208783726555427,22.394922429036313,0.017777564924187791
639049412342297649,nan,226.69671835024701,0.0099258382859601264,0.00018307517467107404,200,0,0,1,2,2.0390976010789639,22.409949732882978,0.017777564924117469,2.029568278205673,22.412727190579435,0.017960640098788543
639049412342597057,nan,178.56782648086485,0.043527032947839592,0.0010231172737975476,204,0,0,1,2,1.8929594779545982,22.439364849075098,0.017960640098695288,1.935851948059055,22.431959539791848,0.018983757372492836
639049412342797317,nan,136.71534017894621,0.0086037075331076764,0.001627093190827298,215,0,0,0,0,1.87316948040568,22.444823158176387,0.018983757372261861,1.8661210554904784,22.439889245983206,0.020610850563089159
639049412343097335,nan,171.11678389811712,0.0010168182506223719,0.0020631265370361536,207,0,0,1,2,1.7616542477074002,22.451769075165863,0.020610850562829408,1.7626271436348662,22.45147345231641,0.022673977099865562
639049412343397420,nan,131.37871524074586,0.0298327466572746,0.011496189547393072,210,0,0,0,0,1.6591101195256748,22.463060245633809,0.022673977099623134,1.6885177729329737,22.458042009470244,0.011177787552230062
639049412343597398,nan,122.63942733243638,0.023027124631590176,0.0038216047050238355,201,0,0,1,2,1.6391309534177594,22.462419325639029,0.011177787552024832,1.6164237555351295,22.458594193861185,0.014999392257048667
639049412343897362,nan,105.44263754151977,0.01385445923595385,0.0034005335512118512,217,0,0,1,2,1.5082838109675925,22.459422462163918,0.01499939225642866,1.5218185443136047,22.462381690775068,0.011598858705216809
639049412344097809,nan,90.425222996483939,0.012433768410877425,0.00091773311330252925,202,0,0,1,2,1.4585998554918762,22.464912635801461,0.011598858704437625,1.4461739118388028,22.464471590196133,0.012516591817740154
639049412344397429,nan,88.185239616049131,0.02804597303829208,0.00035162194498729316,207,0,0,1,2,1.3331034005210971,22.467595486610346,0.012516591817190495,1.3611492986749074,22.467530676034777,0.012164969872203201
639049412344597443,nan,82.878708761431568,0.020872329689650505,0.0050383207016062737,208,0,0,1,2,1.3043903607623402,22.469572796036548,0.012164969871551129,1.2841355049521734,22.464533454533651,0.017203290573157403
639049412344797404,nan,74.271303248122294,0.0084794075025664672,0.0052009218448714721,212,0,0,1,2,1.2071421184562701,22.461537027240627,0.017203290572158202,1.2005857406137812,22.456159828975629,0.022404212417029674
639049412345097882,nan,63.358527495633524,0.048407881002585744,0.0074658319586736639,206,0,0,1,2,1.0750369281509939,22.443576924007044,0.022404212415863371,1.1231961575376668,22.448477084008751,0.014938380457189707
639049412345398370,nan,69.072392134776237,0.026151153775652091,0.0074253178384052227,207,0,0,1,2,1.0458039989124912,22.440794083357762,0.014938380456252502,1.0717384566889183,22.437434508438145,0.0075130626178472795
639049412345601266,nan,57.715338965858571,0.035943275850842865,0.011577597526249322,207,0,0,1,2,1.0369931035586513,22.429978322457426,0.007513062616994302,1.0011462616254676,22.427347162578755,0.019090660143243624
639049412345898421,nan,50.831844788565029,0.021503451306948869,0.0089575723846724124,203,0,0,1,2,0.89775918783357578,22.412573558077696,0.019090660142122164,0.91923097452728042,22.41140702719925,0.010133087757449751
639049412346097481,nan,44.644865733898584,0.010429126209104781,0.0069828826951156171,211,0,0,1,2,0.86435706343789898,22.400728952293413,0.01013308775620745,0.85816820167698693,22.39233462899789,0.017115970451323067
639049412346397240,nan,57.452679633069295,0.032403536815211888,0.0072840408309504008,202,0,0,1,2,0.76621544508685768,22.363614027106795,0.017115970450330302,0.79798702516737874,22.369982378331549,0.0098319296193799012
639049412346597546,nan,54.807412678465028,0.017289124065059537,0.0019978931955409035,204,0,0,1,2,0.75777255039953662,22.355046079765128,0.00983192961804083,0.74139483574102627,22.349506741040926,0.011829822813581733
639049412346899371,nan,41.94699391182197,0.013356377661004485,0.0076526679975050761,213,0,0,1,2,0.65612061742700256,22.318653650143787,0.011829822811964447,0.66864777922133212,22.32328647235083,0.0041771548144593712
639049412347099892,nan,42.476835296520065,0.027727242871773639,0.0073798069231173049,200,0,0,1,2,0.62031741387589823,22.305866727472154,0.0041771548126394399,0.59297575191520779,22.301258743260195,0.011556961735756745
639049412347397285,nan,36.408380581838607,0.039180361879588781,0.0092675219485023937,210,0,0,1,2,0.48074645315522641,22.268589384751856,0.011556961734330379,0.51992603880954713,22.26834275756098,0.0022894397858279846
639049412347598014,nan,33.4913633565479,0.014044886686978264,0.0057246125125086341,201,0,0,1,2,0.47062025198206242,22.246125715151045,0.0022894397844304701,0.46070763639820728,22.236175896341802,0.0080140522969391042
639049412347898606,nan,40.654169658512672,0.038652606524011292,0.0084715622327187837,205,0,0,1,2,0.37202798364434775,22.188005969985394,0.0080140522955274626,0.40837057208933003,22.201168046425632,-0.00045750993719132193
639049412348097218,nan,36.543871177306649,0.014534984489196953,0.0060804600484098137,211,0,0,1,2,0.37378958185500999,22.178037094545509,-0.00045750993873518658,0.36069433670964646,22.171729929676566,0.0056229501096746268
639049412348397254,nan,35.073408106094121,0.0090333928443406888,0.0078615298348220647,210,0,0,1,2,0.28867156387427528,22.127258826234062,0.005622950107968914,0.2797578967012227,22.128724678821545,-0.0022385797268531507
639049412348597183,nan,36.700300092768323,0.010039006658062087,0.010496200727700904,203,0,0,1,2,0.22582589682639381,22.100068128280299,-0.0022385797280124174,0.2201599763857966,22.091780848856903,0.0082576209996884867
639049412348897463,nan,47.564164841434184,0.035226129560036179,0.0066245054596180877,214,0,0,1,2,0.13064788203071981,22.036293684604679,0.008257620998272229,0.1633865123115773,22.049296080196022,0.0016331155386541411
639049412349080550,nan,38.807979783560981,0.028974981941242473,0.0085181630248166874,208,0,0,1,2,0.12877054315959718,22.023392227659009,0.0016331155373005906,0.10712559281292697,22.004129681020896,0.010151278562117278
639049412349397370,nan,55.344724142992114,0.036408549285656011,0.011357166678688984,207,0,0,1,2,0.0097697755481162551,21.925972200770175,0.010151278560181023,0.027560272412364733,21.957738231092033,-0.0012058881185079613
639049412349604740,nan,43.217861162514069,0.027171442698195918,0.010498511304004417,222,0,0,1,2,-0.024518070152702461,21.927373371008237,-0.0012058881204502641,-0.0089563572528534672,21.905099610887323,0.0092926231835541526
639049412349899959,nan,31.180770397680458,0.024621054492166661,0.0042637910458375632,220,0,0,1,2,-0.060942675877225613,21.830161477028931,0.0092926231824502718,-0.055654911168206853,21.854208012510956,0.0050288321366127086
639049412350097423,nan,43.591821302253685,0.0089492958424718713,0.0042059615779041033,217,0,0,1,2,-0.086890310144361299,21.820167999565342,0.0050288321355252139,-0.089672873643517795,21.811662281697387,0.0092347937134293172
639049412350397496,nan,39.636876216594388,0.016286413007669205,0.0054236092815662038,207,0,0,1,2,-0.14136772462321018,21.747008344359848,0.0092347937121011348,-0.14898778673679711,21.76140215907456,0.0038111844305349315
639049412350597272,nan,54.250279793696407,0.024693219389157764,0.0065276687947047963,211,0,0,1,2,-0.18847716458193137,21.727941080413373,0.0038111844291690818,-0.18896184956019949,21.703252618244317,0.010338853223873878
639049412350896984,nan,37.335293846431291,0.026084779440388787,0.0036357147456224188,213,0,0,1,2,-0.24893254832745668,21.616014335461031,0.010338853222694148,-0.2302717505260384,21.634240425109343,0.0067031384770717293
639049412351096663,nan,40.41865040896392,0.010863773189062013,0.0060072701025712357,205,0,0,1,2,-0.25779390417673559,21.588262000111349,0.0067031384758330518,-0.26854894392567402,21.586728804787153,0.012710408578404287
639049412351397805,nan,38.868715694503145,0.0034587031790631558,0.0032939568537460242,203,0,0,1,2,-0.32627594864200909,21.515075078721495,0.012710408577269202,-0.32849135758283499,21.51773112670784,0.0094164517235231782
639049412351602875,nan,57.316235561235203,0.027161186337449857,0.0097976594438873837,215,0,0,1,2,-0.36931060819774092,21.470745472618656,0.0094164517223461666,-0.3692111220451324,21.443584468481049,0.01921411116623355
639049412351897444,nan,51.843562221225845,0.045102685230165897,0.0049504838735625143,208,0,0,1,2,-0.42770227286141216,21.33707787577023,0.019214111165492615,-0.40337971007505075,21.375060307952424,0.014263627291930101
639049412352097859,nan,55.09536285189035,0.0020650690952927603,0.00094489199681911315,207,0,0,1,2,-0.42662688669586313,21.328438736665749,0.014263627291206823,-0.42641196111013585,21.326384882396106,0.015208519288025937
639049412352403537,nan,64.197640778484242,0.0055604408262120691,0.0063415270980514641,215,0,0,1,2,-0.46154132982955676,21.252143898771106,0.015208519286543641,-0.46301952707781813,21.24678354103332,0.0088669921884921774
639049412352597592,nan,87.868055250870583,0.010454191132044901,0.0068512181543698408,209,0,0,1,2,-0.48625928006579433,21.196249847741178,0.0088669921870087442,-0.48715363518976329,21.1858339828641,0.015718210341378585
639049412352902211,nan,77.354114852245004,0.029959971657133693,0.0059537014793676468,204,0,0,1,2,-0.52503829613100483,21.090158048412786,0.015718210340359855,-0.516555748260629,21.118892109791627,0.009764508860992208
639049412353098020,nan,96.575067975919723,0.024908929620596536,0.0079150543691403792,205,0,0,1,2,-0.53545541754682957,21.075861894261905,0.0097645088598390349,-0.53837577445979523,21.051124750321168,0.017679563228979414
639049412353397702,nan,103.84662854604683,0.021619197462526003,0.0089172248181287952,204,0,0,1,2,-0.57177091508876798,20.947408078356009,0.017679563227364081,-0.56401385029855999,20.967587712762118,0.008762338409235286
639049412353597680,nan,151.53936866047337,0.011019073526043839,0.0061338996099189365,207,0,0,1,2,-0.58112215553572644,20.911843391458255,0.0087623384076211865,-0.58213879537540913,20.900871316685965,0.014896238017540123
639049412353899393,nan,159.52927424421631,0.03249167351304745,0.0095116480084099266,203,0,0,1,2,-0.6094844611685033,20.800214224359188,0.014896238016024143,-0.59659772580659187,20.830041072992433,0.0053845900076142173
639049412354097568,nan,119.46744050724679,0.023700298578901557,0.0087830380169647334,202,0,0,1,2,-0.60609482582614571,20.783517444431631,0.0053845900061783285,-0.61325753202913214,20.760925415027906,0.014167628023143062
639049412354397682,nan,122.55215668037452,0.01963918866689672,0.0054761193878537315,208,0,0,1,2,-0.63848695594572835,20.656257436855249,0.014167628021543113,-0.63442070241460968,20.675471059983504,0.008691508633689381
639049412354599181,nan,132.3739717128436,0.015842150717710175,0.0064943809854452091,212,0,0,1,2,-0.64862982851170392,20.618096305433262,0.0086915086320244837,-0.64172129275506196,20.603839872742654,0.015185889617469693
639049412354897032,nan,125.52943365369893,0.043790079767351026,0.01056489132618238,212,0,0,1,2,-0.65251285069576659,20.497956365872273,0.015185889615797386,-0.65556054142747844,20.541640260699026,0.0046209982896150076
639049412355097326,nan,162.54827206736607,0.033779767109821307,0.0081151150602061066,212,0,0,1,2,-0.66486693446827061,20.499813276419417,0.0046209982880476399,-0.65145672015533507,20.468809424754262,0.012736113348253747
639049412355384649,nan,171.97397120540992,0.017675233928468904,0.0016065037842358416,203,0,0,1,2,-0.64556976278578804,20.364333133521587,0.012736113347223009,-0.65597281336637348,20.378622655313581,0.014342617131458851
639049412355576168,nan,144.41201025824193,0.014118373205334267,0.0078609080640703703,215,0,0,1,2,-0.65898307587819771,20.318507454315018,0.014342617130420232,-0.65551600314864367,20.304821407820391,0.022203525194490602
639049412355900149,nan,141.02454930773962,0.055187693981271137,0.012814424858021379,207,0,1,1,2,-0.65474324519172911,20.179976343027388,0.022203525192970672,-0.65242951992828679,20.235115514606001,0.0093891003349492932
639049412356097640,nan,129.77644030790103,0.02594225642339,0.0070017378332063781,204,0,0,1,2,-0.65054807423341121,20.192624484092473,0.0093891003331561963,-0.64953701163097555,20.166701937520987,0.016390838166362574
639049412356397658,nan,126.57756613917989,0.026599723469929931,0.0030450963445980035,209,0,0,1,2,-0.6451428642807534,20.062771608696423,0.016390838165356626,-0.64239972140027879,20.089229508382793,0.013345741820758622
639049412356597713,nan,113.49684101504542,0.023424508493604657,0.0085774838307430528,211,0,0,1,2,-0.6376405049629249,20.037570118575378,0.013345741819409033,-0.63559813637785012,20.014234816376142,0.021923225650152086
639049412356900544,nan,114.08352178398914,0.040123928964892072,0.0095090490597817667,207,0,0,1,2,-0.62530231375943468,19.900712447152348,0.021923225648337857,-0.61766979691202462,19.940103745203487,0.01241417658855609
639049412357101516,nan,104.83719727395648,0.014930928125854118,0.0089328418605661136,205,0,0,1,2,-0.60577176058441651,19.890907098771283,0.012414176586612513,-0.60349760789366924,19.876150376769477,0.021347018447178626
639049412357397922,nan,104.44944366251097,0.019248075711581276,0.0035979436134307291,210,0,0,1,2,-0.58259558244646947,19.781827973031387,0.021347018446095298,-0.58899668687539408,19.799980501248932,0.017749074832664569
639049412357598163,nan,98.327956152813428,0.024250928868524518,0.0061023865135824661,208,0,0,1,2,-0.57920039757753761,19.748522932764793,0.0177490748316344,-0.56484507731908262,19.728977285390929,0.023851461345216866
639049412357897869,nan,111.07419595792176,0.027073844086460141,0.0089175300600964503,210,0,0,1,2,-0.52869672461567085,19.622704894562183,0.023851461343641189,-0.53339672857942799,19.649367658791697,0.014933931283544739
639049412358098102,nan,99.615952638719136,0.01025350142624705,0.0085919357263396379,202,0,0,1,2,-0.5123861474993453,19.596180620951799,0.014933931282454597,-0.51522681392966518,19.586328468611843,0.023525867008794235
639049412358398175,nan,89.622995972205857,0.016659053796557174,0.0039744094183089898,203,0,0,1,2,-0.48799703263138633,19.491856733608923,0.023525867007919813,-0.48642161111386117,19.508441127491086,0.019551457589610823
639049412358597564,nan,91.416383770765961,0.022692244972159336,0.0052947696152253788,207,0,0,1,2,-0.467281466601558,19.456687457355063,0.019551457588733698,-0.45520652444930582,19.437474603483338,0.024846227203959077
639049412358897582,nan,96.110168448378047,0.034408594195362546,0.0056464853288377623,200,0,0,1,2,-0.40823759501525192,19.330692210273298,0.024846227203662048,-0.41992300339435085,19.363055809972881,0.019199741874824285
639049412359097872,nan,86.069376476495151,0.030177638859502094,0.0071231989198378698,205,0,0,1,2,-0.39636796192318269,19.313374323688027,0.019199741874719307,-0.38619727030737011,19.284962232614145,0.026322940794557177
639049412359397846,nan,109.02314665565237,0.030450032807704575,0.0026023162553946676,203,0,0,0,0,-0.33568629593504018,19.168001611641508,0.026322940794440777,-0.3407367416392158,19.198029889916818,0.023720624539046109
639049412359597965,nan,113.38220413024276,0.020289787993460286,0.0033493627938470591,205,0,0,1,2,-0.31040906145179165,19.14003548544094,0.02372062453897205,-0.29907719973466573,19.123205024756707,0.027069987332819109
639049412359897591,nan,143.18825523343668,0.025963715156846739,0.0017852327035539003,201,0,0,0,0,-0.23670290292780222,19.011174307790984,0.027069987332769493,-0.25022644458236831,19.033337979099301,0.025284754629215592
639049412360097604,nan,139.93541102592033,0.022316078627090404,0.0015731718233963007,206,0,0,1,2,-0.21761650388871534,18.973347933498868,0.025284754629157937,-0.21176038051533488,18.951813932841159,0.026857926452554238
639049412360397937,nan,76.484813454653221,0.016576029402135831,0.0046377477209608928,205,0,0,0,0,-0.15400099277831603,18.829400082817177,0.026857926452546775,-0.16894089239652466,18.836580901025314,0.031495674173507668
639049412360599988,nan,82.826465926439369,0.022295486548580198,0.00091491413139622307,207,0,0,1,2,-0.14013380028911812,18.759057121382639,0.031495674173504615,-0.12593405285870402,18.741868290900307,0.030580760042108392
639049412360898109,nan,78.11220063453267,0.040302452961883381,0.0027361485135585124,202,0,0,0,0,-0.062478578696959566,18.602122295864017,0.030580760042117437,-0.069740541797656527,18.641765096051049,0.033316908555675949
639049412361097896,nan,75.491732611992134,0.028986565115176801,0.0011568811594017334,207,0,0,1,2,-0.032082231935709554,18.574680533107315,0.03331690855567878,-0.020025052269124578,18.548320613235205,0.034473789715080513
639049412361397918,nan,68.260221996577854,0.030349613797986917,0.0023371491735764346,208,0,0,0,0,0.054633161725425684,18.40799416244824,0.034473789715162746,0.037723863811664045,18.433196834960309,0.036810938888739181
639049412361597227,nan,78.018753575128827,0.015899901128945401,0.0040696895226150775,218,0,0,1,2,0.07608731287588566,18.356718426296307,0.036810938888754169,0.079949334759401913,18.341294689949965,0.032741249366139091
639049412361898022,nan,87.548765480533874,0.028915147945428293,0.0029388232120919414,203,0,0,0,0,0.14367556154155831,18.20259696075366,0.032741249366202839,0.13526772022337807,18.230262715488969,0.03568007257829478
639049412362098471,nan,91.338607900603989,0.020508601269341543,0.0049791881892282987,200,0,0,1,2,0.1721317473776478,18.156271298581334,0.035680072578360533,0.18503770631425662,18.140332699209011,0.030700884389132235
639049412362398703,nan,88.820498752353558,0.026839939122560316,0.0044776726941012229,206,0,0,0,0,0.25958306430574896,18.005635750619774,0.030700884389180109,0.23807482307016284,18.021691213585836,0.035178557083281332
639049412362598618,nan,101.32958231395628,0.036549992476402185,0.003645596327524904,200,0,0,1,2,0.27339056288556224,17.942691597960728,0.035178557083315458,0.29090359518313336,17.910610518649563,0.031532960755790554
639049412362898531,nan,85.944016658827891,0.038497885447600147,0.0019704850057581762,210,0,0,0,0,0.37015745572745129,17.743966972840482,0.031532960755901923,0.35021046431731279,17.776894236887475,0.029562475750143747
639049412363098430,nan,86.804193821481604,0.02434857854231413,0.0013102043703836705,211,0,0,1,2,0.3897398739562859,17.687769220606221,0.029562475750352202,0.39495200828388449,17.663985046607902,0.030872680120735872
639049412363400312,nan,83.263818020434911,0.059492048645745164,0.0063803208643882121,214,0,0,0,0,0.4625194637274665,17.493472676961339,0.030872680120875667,0.44245937048796585,17.549480680954431,0.037253000985263879
639049412363598453,nan,98.687680255353015,0.027666093359755617,0.0031968456552124366,208,0,0,1,2,0.47364094558843189,17.474325456346989,0.0372530009855098,0.48710354512894316,17.45015582384249,0.034056155330297364
639049412363898387,nan,85.769076086957156,0.022271782584263117,0.0053776515386995405,209,0,0,0,0,0.55468322766192157,17.299803793253098,0.03405615533032029,0.54179307916505015,17.317966292288453,0.03943380686901983
639049412364098446,nan,102.05464953881747,0.022952635164133432,0.0033550595893349286,202,0,0,1,2,0.57827154939426562,17.229794542859683,0.039433806869035838,0.58389163681954381,17.207540597629453,0.03607874727970091
639049412364399344,nan,75.454967271358868,0.028506139859872964,0.0032981800815947704,204,0,0,0,0,0.64720981696201096,17.041455239452596,0.036078747279715342,0.63809822035655495,17.068465956159304,0.039376927361310113
639049412364599913,nan,89.147347855844529,0.043107367142346142,7.201628111248165e-05,211,0,0,1,2,0.67423059828340981,16.97576324040504,0.03937692736134122,0.6809170320877721,16.933177600748873,0.039448943642453702
639049412364898726,nan,73.779697108059466,0.047739099177770139,0.00033943068512460456,211,0,0,0,0,0.74470963009564062,16.731621431324601,0.039448943642489916,0.74177811113401326,16.779270437472501,0.03978837432761452
639049412365098953,nan,97.656550182439844,0.01242659907182019,0.0026601519960640918,207,0,0,1,2,0.78255957403620202,16.676141157349686,0.039788374327639348,0.78543467628691177,16.664051734222848,0.042448526323703439
639049412365398606,nan,77.511139868287628,0.034221247864003754,0.002088442525696059,209,0,0,0,0,0.85076962470925988,16.491619294617461,0.042448526323707637,0.84311146661764458,16.524972651570149,0.044536968849403696
639049412365698583,nan,71.684369552035818,0.016630956822083195,0.0062148213176466405,200,0,0,1,2,0.90085062001521521,16.385743189569407,0.044536968849437635,0.89057363974245995,16.398818831094449,0.038322147531790994
639049412365898655,nan,99.072060397355315,0.053536221051403515,0.0022498565577083254,223,0,0,0,0,0.92222890631765764,16.314679556516015,0.038322147531813802,0.94322099603304532,16.265430605929776,0.040572004089522128
639049412366098674,nan,120.65332467394664,0.01790534976058808,0.00036413422780787186,211,0,0,1,2,0.99585440579496398,16.132077715924115,0.040572004089515792,0.99953646663179818,16.114555045521382,0.040207869861707921
639049412366398506,nan,91.442240568450018,0.083281407363749532,0.0030290616994495256,200,0,1,0,0,1.0839543478359102,15.888389926065882,0.040207869861679832,1.0576923712388522,15.967422206797886,0.037178808162230306
639049412366597969,nan,76.313087978991518,0.015754116706933684,0.0002123659364901137,210,0,0,1,2,1.096380540615826,15.869542202627869,0.037178808162199581,1.0955248190227727,15.853811343345209,0.036966442225709467
639049412366898248,nan,72.797134448285561,0.028414262697665369,0.0067515531145740937,203,0,0,0,0,1.1524791894479034,15.682777334698459,0.036966442225658737,1.1452505242920177,15.71025672196812,0.030214889111084643
639049412367199005,nan,69.178102456867066,0.024912550414636966,0.0022684573000493168,200,0,0,1,2,1.1950553855699038,15.56647358274923,0.030214889110888724,1.1965075088082187,15.591343775878006,0.027946431810839407
639049412367398650,nan,82.753905886960993,0.060643311509912583,0.0022453599446290856,200,0,1,0,0,1.2305323217759532,15.512408372472063,0.027946431810645673,1.2499422031899068,15.454955193844727,0.025701071866016587
639049412367699651,nan,82.441980738416703,0.044599781847232782,6.7977172746588183e-05,205,0,0,1,2,1.3305046838109216,15.249324701818386,0.025701071865895379,1.3218661162534895,15.293079880841862,0.025769049038641967
639049412367898722,nan,82.911914603225824,0.0099456302636232799,0.0054632602998740364,200,0,0,0,0,1.3694339492423515,15.186021497531531,0.02576904903855539,1.3694125759086222,15.176075890233768,0.031232309338429427
639049412368198756,nan,86.203682924160844,0.032926334955769743,0.0022645505532443641,221,0,0,1,2,1.4410732119438463,14.999730891122352,0.031232309338298084,1.4321254004357877,15.031418115722115,0.033496859891542448
639049412368398806,nan,83.98868071109159,0.034554794521266557,0.001090709329057013,210,0,0,0,0,1.4739396633081938,14.934966420944003,0.033496859891455018,1.4905094273329895,14.904643546004948,0.032406150562398005
639049412368598575,nan,90.308464968351387,0.024030617382356879,0.0039506472187215008,206,0,0,1,2,1.5488114451746646,14.778047050039795,0.032406150562358176,1.563584699169057,14.759093909450584,0.036356797781079676
639049412368897677,nan,90.863177747987692,0.089328034495929881,0.0020942324983350691,201,0,1,0,0,1.6729958688535997,14.541171271840728,0.036356797781087323,1.633679745994258,14.621381871079327,0.034262565282752254
639049412369098857,nan,90.330189712935777,0.013699100253600381,0.0013004447032069696,216,0,0,1,2,1.6808266106768543,14.528754914791742,0.034262565282752358,1.6785371301548733,14.515248485704168,0.035563009985959328
639049412369400890,nan,67.69688883024773,0.029713742201141518,0.005139602977888541,203,0,0,0,0,1.7458818478712621,14.355909660845755,0.035563009986014409,1.7374004450972222,14.384387235928273,0.04070261296390295
639049412369698367,nan,71.395282216354474,0.0077250587064390279,0.0038830353169619775,208,0,0,1,2,1.7953758396372399,14.255499955400701,0.040702612963899855,1.787672932359591,14.256084550551103,0.036819577646937877
639049412369898797,nan,80.009729172199641,0.039026012542081039,0.0062953611727948333,212,0,0,0,0,1.8215448438754278,14.169638515294105,0.036819577646932625,1.8488130115709167,14.141719405611571,0.043114938819727458
639049412370098832,nan,88.618726335186466,0.043254879961338893,0.0016361616468771739,226,0,0,1,2,1.9098325981848843,14.027579647252148,0.043114938819721407,1.9244239087564547,13.986860139687913,0.041478777172844233
639049412370398864,nan,65.840938401948407,0.096281723983829226,0.00082475353867934864,208,0,1,0,0,2.0378325057738333,13.75458711109988,0.04147877717283488,1.9936149755652979,13.840114769758092,0.040654023634155531
639049412370598686,nan,75.648318469608313,0.014346621685590394,5.2165517968466579e-06,200,0,0,1,2,2.0396963847212435,13.742382016884676,0.040654023634148467,2.0356314716404498,13.756140724506944,0.040648807082351621
639049412370898595,nan,76.155743074386336,0.015639024483529513,0.0037274423013841373,205,0,0,0,0,2.0986932232063569,13.630105693643342,0.040648807082325961,2.0902666901229661,13.643280390110091,0.044376249383710098
639049412371198554,nan,112.90891148023817,0.018606232563542137,0.0018384212968730537,202,0,0,1,2,2.1449110172381816,13.530401239950058,0.044376249383823237,2.1399621842294909,13.548337263535588,0.04621467068069629
639049412371398752,nan,126.59686201321411,0.05427237655074825,0.010852007604488137,216,0,0,0,0,2.1731298455736683,13.484970523234539,0.046214670680786225,2.1933878512296858,13.434620706320205,0.057066678285274362
639049412371598866,nan,235.93360779555275,0.021159652436635989,0.00159505224426848,206,0,0,1,2,2.2467911016421627,13.320951862822271,0.057066678285387085,2.2566760392731222,13.302243070790949,0.055471626041118605
639049412371898919,nan,159.53237988400485,0.07004377711279125,0.0048870551509851354,213,0,1,0,0,2.351571002579024,13.103754675808789,0.055471626041310271,2.3233657093097078,13.167868575579574,0.060358681192295406
639049412372100325,nan,176.39455637153702,0.0020217845217202868,0.0043279510585249661,210,0,0,1,2,2.3681301332061144,13.077671745077822,0.060358681192535402,2.3696778884852452,13.076370950609741,0.056030730134010436
639049412372398942,nan,98.083241343485781,0.0068514889258692903,0.0096433285944576494,200,0,0,1,2,2.4383431914497122,12.940710909321911,0.05603073013498721,2.4315915116554656,12.939545696698708,0.065674058729444859
639049412372698945,nan,126.71424019921054,0.0099564488563425486,0.0092275393308124953,208,0,0,1,2,2.4937925005205859,12.802085382486618,0.065674058730788964,2.4839330654629288,12.803471893998582,0.07490159806160146
639049412372901306,nan,137.98545623213758,0.033196421515990775,0.0011611195324591622,200,0,0,1,2,2.519239009636927,12.711686042563095,0.074901598062687799,2.5280005262441829,12.679666701092538,0.076062717595146961
639049412373198808,nan,158.41179461786638,0.05251862066728695,0.0097991057141397775,211,0,0,1,2,2.5927865162192507,12.497653899713152,0.076062717597203913,2.5745333665855523,12.54689847347762,0.085861823311343691
639049412373399067,nan,174.99742570748683,0.018403188969243849,0.0080858583146653784,212,0,0,1,2,2.605856248697008,12.457527536495899,0.085861823311847982,2.6109558073533865,12.439845006536986,0.077775964997182603
639049412373598993,nan,248.07408011657313,0.026653623979021438,0.0078628739617513099,215,0,0,1,2,2.6473176831889296,12.332969553091331,0.077775964997784164,2.6522219434114107,12.306771005366596,0.069913091036032854
639049412373898931,nan,200.6109991535356,0.06114789524671882,0.010895433315749978,209,0,1,1,2,2.7141312614439412,12.107127388413099,0.069913091036703137,2.7013355758492943,12.166921497849286,0.080808524352453115
639049412374198955,nan,187.59627367551394,0.027157614682468755,0.01870420818516251,200,0,2,1,2,2.750463290438788,12.027031891852802,0.080808524353218766,2.7389896285027424,12.051646747469254,0.099512732538381277
639049412374398953,nan,160.41409626631102,0.040272974495231505,0.0044257309030574787,208,0,0,1,2,2.7640900712092735,11.974803829814315,0.099512732538851401,2.7644032073444116,11.934532072707697,0.095087001635793922
639049412374698997,nan,181.51580091529971,0.011153204763692453,0.0083827117725354394,203,0,0,1,2,2.8025295478576657,11.758832538341569,0.095087001636833049,2.7992494017265668,11.748172584408296,0.10346971340936849
639049412374901083,nan,167.22966887828784,0.004096957477180873,0.0065145732066781981,201,0,0,1,2,2.8227190529707582,11.622655515070223,0.10346971341005579,2.8252567798728507,11.62587187990342,0.096955140203377588
639049412375099041,nan,143.69396259360332,0.031009118735050859,0.011881237046823881,202,0,0,1,2,2.8507329066856042,11.506069405400602,0.096955140204310675,2.8413551351916144,11.476512293793901,0.085073903157486794
639049412375399262,nan,168.4750681988061,0.060807999747295435,0.0060374292489072112,215,0,1,1,2,2.8657697298639921,11.249995132065727,0.085073903160452741,2.8744738199450022,11.310176953649398,0.091111332409359952
639049412375699177,nan,128.04848927161024,0.042736611571337971,0.017669562164686944,209,0,2,1,2,2.9075587485070025,11.144011150659471,0.091111332411349069,2.8805609628662872,11.177140254768961,0.10878089457603601
639049412375899100,nan,287.44050795492279,0.022517369752307722,0.01038404866131537,216,0,0,1,2,2.8846186454571949,11.088458141669337,0.108780894577949,2.8984641472021382,11.070700494809662,0.098396845916633627
639049412376199042,nan,142.68420909621054,0.024106983764107078,0.011834254531617461,211,0,0,1,2,2.9253240728538334,10.911010241653637,0.098396845918912387,2.9013381696904825,10.913423354921031,0.11023110045052985
639049412376398796,nan,369.45469665837231,0.046128728820765623,0.017693318647215184,200,0,1,1,2,2.9032521980297505,10.808680645326131,0.110231100452785,2.9010736404494684,10.7626033894455,0.092537781805569819
639049412376698874,nan,183.14266432233984,0.041288080611283993,0.010260238442521871,205,0,0,1,2,2.900676254636994,10.536035943487139,0.092537781807712438,2.8918455383430723,10.576368610771862,0.10279802025023431
639049412376898776,nan,439.40913141615255,0.028636902626373636,0.00076462611808511549,213,0,0,1,2,2.8856980831238532,10.452305184841212,0.10279802025233206,2.8626161481807468,10.469255007002952,0.10203339413424695
639049412377098830,nan,157.92490119267572,0.042128620006352466,0.016996333237336209,207,0,1,1,2,2.8333645327915367,10.362059956986515,0.10203339413661826,2.8584271778348382,10.328197227517775,0.085037060899282049
639049412377399155,nan,210.85192278808645,0.040261071674973906,0.0032467527456555151,201,0,0,1,2,2.8521386131516278,10.116438514250929,0.085037060900590419,2.865199244385094,10.154522287753574,0.088283813646245934
639049412377699442,nan,174.82167831378933,0.058933782875617652,0.008565534793663121,204,0,0,1,2,2.8719704540685256,9.9808693230088057,0.088283813648750889,2.8381359301596474,10.029122983552748,0.09684934844241401
639049412377899255,nan,130.37747544878019,0.022665334070083532,0.0063381466521840041,205,0,0,1,2,2.8201278179026095,9.9456814387296966,0.096849348444829772,2.799737256225665,9.9357848553289863,0.090511201792645768
639049412378199254,nan,114.59715591032473,0.0020679114594201074,0.0069402376511727149,215,0,0,1,2,2.7420855329568048,9.7956471008835795,0.090511201793901583,2.7410955535734773,9.7974626445004027,0.097451439445074298
639049412378399306,nan,95.421633052514807,0.026179460987992037,0.0061970606940236483,211,0,0,1,2,2.7019907902276814,9.7052235539678353,0.09745143944634882,2.6981043224084775,9.6793341826832311,0.091254378752325171
639049412378599349,nan,162.87936658359831,0.016752648785474993,0.0050658236141428309,203,0,0,1,2,2.6551150253460136,9.5612110352650976,0.091254378753534648,2.6419877899351287,9.5508030127921835,0.096320202367677479
639049412378899346,nan,141.76136378175715,0.061513189538099776,0.0016066955834411201,200,0,1,1,2,2.5578319264837348,9.3580496279009111,0.096320202368587821,2.596217615803448,9.4061163663236567,0.097926897952028941
639049412379136957,nan,136.1724192344756,0.00065573366804685289,0.0024897861767205487,201,0,0,1,2,2.559965597131252,9.2915180911607944,0.097926897952880093,2.5597762330630762,9.2908902951006809,0.095437111776159544
639049412379399447,nan,153.41829465491202,0.038198585568869257,0.002285864176066299,206,0,0,1,2,2.5195192645072426,9.163599507067639,0.095437111776519645,2.4815267082313976,9.1675615276492337,0.097722975952585944
639049412379699690,nan,118.5890832957287,0.024613636252591831,0.00490147504393941,207,0,0,1,2,2.3920228334779301,9.0264948236760354,0.097722975953286051,2.4166126010038638,9.0275785314758785,0.092821500909346641
639049412379898416,nan,86.668108142530855,0.021497268711796469,0.011428984019315927,206,0,0,1,2,2.373647000230827,8.9349260436658504,0.092821500910013816,2.3685900575970606,8.9140320279372744,0.081392516890697889
639049412380199596,nan,77.706818741671071,0.047676180714931134,0.0030540005313537122,201,0,0,1,2,2.2958092960295708,8.7419461612879346,0.08139251689084552,2.2865511424922453,8.7887147918071413,0.084446517422199233
639049412380399904,nan,57.753758671855188,0.019442811233071646,0.004640378612855392,205,0,0,1,2,2.2319889172222562,8.7053691349416304,0.084446517422672215,2.218716256074289,8.6911614125803194,0.079806138809816823
639049412380699301,nan,45.395629941420331,0.041616392139782181,0.006650506405767892,209,0,0,0,0,2.1173245917928982,8.5453500167280669,0.079806138809895122,2.1468539463978762,8.5746747726749728,0.086456645215663014
639049412380898865,nan,43.907287286634464,0.034942679536844878,0.0099639123390230788,205,0,0,1,2,2.0989539007452356,8.4970302411463656,0.086456645215736636,2.0896708824971841,8.4633432046869057,0.076492732876713557
639049412381199546,nan,54.475159933309868,0.032624025526713438,0.0062063580502254301,225,0,0,0,0,2.0035137557773148,8.295601090907768,0.076492732876802444,1.9871905352619912,8.3238478520243238,0.082699090927027874
639049412381399028,nan,90.769384579075975,0.017593602498220812,0.0035199640669733301,209,0,0,1,2,1.9192015880815216,8.2313018915551321,0.082699090927113639,1.903380251864069,8.2236064273612239,0.079179126860140309
639049412381699442,nan,118.65251407734559,0.044158316423847578,0.0015626101055598307,215,0,0,0,0,1.7771644405291946,8.0726458025993892,0.079179126860209406,1.8124341998965892,8.099216481618841,0.077616516754649575
639049412381899471,nan,105.74022027815855,0.011169169544851065,0.0013929327688382148,202,0,0,1,2,1.7518782743105545,8.0163921243754928,0.077616516754731107,1.7462765765117481,8.0067292402256918,0.076223583985892893
639049412382200939,nan,87.12945255228874,0.024509420073550121,0.0051007969234432571,203,0,0,0,0,1.6465690020771346,7.8673397332626518,0.076223583985893337,1.6586014622681462,7.8886922875382757,0.07112278706245008
639049412382399546,nan,85.991967423724418,0.024100271473841788,0.0024470392027096943,200,0,0,1,2,1.6008411314384097,7.8109295894662099,0.071122787062453632,1.585982523795564,7.7919547412710637,0.068675747859743938
639049412382701374,nan,83.598713791985404,0.029577763410055476,0.00052687491011241261,207,0,0,0,0,1.475621715962494,7.6449402850095014,0.068675747859741398,1.4923479939130944,7.6693344587864605,0.069202622769853811
639049412382899023,nan,94.099027684970409,0.027643261253533176,0.0030782957976987629,201,0,0,1,2,1.4310323731067403,7.5890378123096616,0.069202622769835312,1.4101855252295148,7.5708840571522593,0.066124326972136549
639049412383199510,nan,135.87806439281295,0.021324617475709545,0.0035375768231324933,207,0,0,0,0,1.2852734147340263,7.4212093012169591,0.066124326972114927,1.3048908354698738,7.429569690810637,0.062586750148982434
639049412383401339,nan,138.70671461019958,0.021002148825911233,0.0010259413240117227,210,0,0,1,2,1.2341672369797609,7.3346526486611818,0.062586750148986722,1.2256994325259374,7.3154332172690326,0.061560808824975
639049412383699484,nan,97.370413648222652,0.048652650588509531,0.0017689994456998523,205,0,0,0,0,1.1087166360461453,7.1468290082402923,0.06156080882501324,1.1300068139445019,7.1905761079652333,0.063329808270713092
639049412383899188,nan,84.950105346691743,0.011929243811225581,0.0016783144580433534,207,0,0,1,2,1.0659098185188298,7.1069441028790976,0.063329808270747801,1.0552781962688398,7.101533422123298,0.065008122728791154
639049412384199449,nan,93.054316623992108,0.029199225588332909,0.00053045255945682879,207,0,0,0,0,0.94292146094099472,6.9676550526685785,0.06500812272879461,0.95774458378220928,6.9928119563769569,0.064477670169337781
639049412384399698,nan,104.54073032695318,0.036741068375142377,0.00042060972476500036,208,0,0,1,2,0.89269781324978825,6.9203038224726567,0.064477670169312967,0.8728738723902878,6.8893697397458986,0.064057060444547967
639049412384699817,nan,89.371306779737736,0.034757628472665711,0.002833846754451981,211,0,0,0,0,0.74567566899235782,6.7343378813441257,0.064057060444567993,0.77537006251369456,6.7524026462317144,0.061223213690116011
639049412384899705,nan,93.017160744359586,0.012504856656693772,0.0026245513214639138,206,0,0,1,2,0.71042968370191495,6.6611785704872153,0.061223213690048794,0.69854951344826821,6.6572756235558792,0.063847765011512708
639049412385159305,nan,71.517051337339126,0.016002264920446835,0.00070909530504711937,205,0,0,0,0,0.59878057015309949,6.5337315634489856,0.063847765011318475,0.61155951460369362,6.5433633369779258,0.063138669706271355
639049412385389161,nan,65.988660802889171,0.0030114894130109544,0.0021037867806682486,201,0,0,1,2,0.53453650545724318,6.4425026954383959,0.063138669705980768,0.53485890455170915,6.4454968776821087,0.065242456486649017
639049412385699364,nan,69.85963958404858,0.031390441442503053,0.0083650443457550031,206,0,0,1,2,0.43134731755830569,6.3134208419338993,0.065242456485939362,0.45698233236716296,6.3315372938410714,0.056877412140184359
639049412385900320,nan,65.327060353876419,0.026189401343432173,0.0032763039237970679,204,0,0,1,2,0.40653225793230041,6.2577118887664609,0.056877412139447379,0.39057923974567815,6.2369420559923467,0.060153716063244447
639049412386199609,nan,60.668243952078868,0.020203346907209908,0.0078477907812399411,208,0,0,1,2,0.29168338598867877,6.0960589067432229,0.060153716060253964,0.31129215873267518,6.091193595064885,0.052305925279014023
639049412386402735,nan,56.843336699558456,0.011849088114380096,0.00019911550974695963,208,0,0,1,2,0.25748039947039947,5.9922748179820262,0.052305925274690003,0.25123476435178732,5.9822054122841957,0.052505040784436963
639049412386699687,nan,51.796667547242926,0.058076716345137024,0.012242346548634819,210,0,1,1,2,0.16343623843096272,5.8228744607905849,0.052505040777586387,0.18602457005449671,5.8763784069618605,0.040262694228951568
639049412386899622,nan,51.298230297638817,0.031549418187628936,0.010718898868755294,201,0,0,1,2,0.14211915706913614,5.8051260755779293,0.040262694222121816,0.13987693538847906,5.7736564357656803,0.05098159309087711
639049412387198714,nan,79.092156722230357,0.060361050184261016,0.014994506140563364,211,0,1,1,2,0.070842557478015405,5.619989895094923,0.050981593082032706,0.092183985701679586,5.676452270361299,0.035987086941469341
639049412387399533,nan,56.431775562620359,0.0063274857313170294,0.0080731156497324472,208,0,0,1,2,0.06016156295833177,5.6111865885899963,0.035987086931324956,0.060469277055327286,5.6048665895619481,0.044060202581057403
639049412387699357,nan,53.276498355555709,0.017339066921286308,0.012703714539680083,207,0,1,1,2,0.013119022322538393,5.4979887286026532,0.044060202571597172,0.02764723078274119,5.5074531039458936,0.031356488031917089
639049412387900058,nan,76.906611226299816,0.028787813543204553,0.014876035651387218,204,0,2,1,2,0.0056762827967417259,5.4422449018785883,0.0313564880220005,0.0030785160853335084,5.4135745370969639,0.046232523673387718
639049412388199285,nan,89.884869968040633,0.032378336395934022,0.017094666578772243,206,1,3,0,0,-0.033551210686138526,5.2736101028265585,0.046232523663118523,-0.02259416913066228,5.3040781173355454,0.02913785708434628
639049412388399503,nan,138.75895966293061,0.025032575244263243,0.012037978049235551,207,1,4,0,0,-0.039772210178349303,5.2308121547994384,0.029137857072547541,-0.038451163941121837,5.2058144617018982,0.041175835121783091
639049412388699494,nan,183.91874521013051,0.0522779317422154,0.016781184994290328,206,1,5,0,0,-0.062210045411242268,5.0585838814484072,0.04117583511331404,-0.049212378161139825,5.1092202596097582,0.024394650119023711
639049412388899468,nan,234.85382668708098,0.008477601949854828,0.019953494123088417,221,1,6,0,0,-0.056385803538680737,5.0448305646883318,0.024394650110817741,-0.057042585419771669,5.036378442328779,0.044348144233906157
639049412389199325,nan,260.67961262831466,0.0073706550399901347,0.0067234680320025705,201,0,0,1,2,-0.068783824070554112,4.9271535990770436,0.044348144228452041,-0.062120416074069325,4.9303040831019063,0.037624676196449471
639049412389399608,nan,377.27366508544054,0.025653572417707979,0.017094707700423706,201,0,1,1,2,-0.065512043272816387,4.8594540082694504,0.037624676191107223,-0.049363219694217052,4.8395210888942595,0.054719383891530929
639049412389699271,nan,187.68266942747979,0.028471078504851248,0.010366985476123185,217,0,0,1,2,-0.030275929515940953,4.7036917654207446,0.054719383884879486,-0.032909043943811833,4.7320408221888126,0.044352398408756301
639049412389898777,nan,117.20101221117891,0.03696642308971456,0.010028406694512326,203,0,0,1,2,-0.021954382249640903,4.6604839129629925,0.044352398403906833,0.014902469992762665,4.6576398175304492,0.054380805098419159
639049412390199893,nan,137.01714267187387,0.03610500882146235,0.0070362249967743234,200,0,0,1,2,0.087064770026473767,4.5453457866807119,0.054380805095608852,0.061402892338818238,4.5707434183723024,0.061417030092383175
639049412390399049,nan,77.930439962946707,0.031621508551646832,0.0057741843693449313,200,0,0,1,2,0.092157943922762775,4.5132707524537201,0.061417030089418269,0.11413802243687364,4.4905376059140218,0.055642845720073338
639049412390702851,nan,53.882324482194377,0.053412580646638126,0.007214847219550298,204,0,0,1,2,0.19458268889959346,4.3681878587989438,0.055642845720021435,0.14413776078722057,4.3857438548991698,0.062857692939571733
639049412390899664,nan,62.123741210112065,0.012108509002822378,0.0012426333241783716,200,0,0,0,0,0.16357258512658249,4.3178549913680344,0.062857692939522564,0.17562707000923866,4.3189975256061404,0.061615059615344192
639049412391200089,nan,55.377306735534376,0.019860875440034523,0.0063988352711690441,218,0,0,0,0,0.2236938934559865,4.2171126603896232,0.0616150596154297,0.20874066865163393,4.2301838287075304,0.068013894886598744
639049412391399585,nan,62.85865701026426,0.030877757019239574,0.001311619314644033,224,0,0,1,2,0.23072961922087179,4.1712074543163009,0.068013894886724227,0.25029759803380325,4.1473216827416612,0.06932551420136826
639049412391699310,nan,54.694584061754007,0.028058720979310024,0.0026051617062025911,202,0,0,0,0,0.312733189018438,4.0228286768687607,0.069325514201402719,0.3041029346578189,4.0495271886749604,0.07193067590760531
639049412391899921,nan,54.199729322869366,0.023294294492866033,0.0025906214020119389,207,0,0,1,2,0.34011575436081465,3.9840716836312873,0.071930675907657934,0.33872843929300878,3.9608187373056492,0.069340054505645995
639049412392199669,nan,64.042894731720267,0.046188966446968266,0.0012349282298662057,206,0,0,0,0,0.39046501287765217,3.8282727608584537,0.069340054505641055,0.38343000022740947,3.8739228344449232,0.068105126275774849
639049412392399555,nan,55.205735927250068,0.01685191626696313,0.00085898234755985015,210,0,0,0,0,0.41323909389586971,3.8159765781255515,0.068105126275774058,0.42057403638214902,3.8008047061055366,0.067246143928214208
639049412392699981,nan,48.191902028208297,0.019884509587134554,0.0033135193967422927,213,0,0,1,2,0.47640102879694435,3.6909091315055718,0.067246143928209545,0.46433851981070096,3.7067170282182165,0.070559663324951838
639049412392899949,nan,68.356414209966005,0.0087789837084242522,0.0038256829083026106,213,0,0,0,0,0.49346880887436612,3.6440908747835214,0.070559663324943053,0.50178118340508227,3.6412668732584015,0.066733980416640443
639049412393148736,nan,65.98896276994509,0.0075032227934035464,0.0015468833420480277,206,0,0,0,0,0.54836487653425969,3.559838106145726,0.06673398041663367,0.5462297043672677,3.5526450961982317,0.068280863758681698
639049412393400809,nan,72.670843278147629,0.0097672426765785005,0.0022768874245075177,201,0,0,1,2,0.59126530520051446,3.4628527951178367,0.068280863758678367,0.59053850328421909,3.472592958796012,0.070557751183185885
639049412393699995,nan,67.309822184135143,0.028462681318834795,0.0011247509958624696,200,0,0,0,0,0.643128714503854,3.3775789002462249,0.0705577511831747,0.63220029322160021,3.4038599549460486,0.06943300018731223
639049412393899846,nan,84.665028637600727,0.027805924590701459,0.0019578354666192482,224,0,0,0,0,0.66002963811332493,3.3579475140149255,0.069433000187305749,0.66967200271880944,3.3318669801408141,0.067475164720686501
639049412394199581,nan,88.14208287837495,0.0288128399027873,0.00083143856637327151,209,0,0,1,2,0.72587178578792599,3.2238924676127456,0.067475164720658704,0.71532801117061695,3.2507068025864689,0.066643726154285432
639049412394399928,nan,72.631234302762678,0.0064603421982480317,0.00028634698357320187,213,0,0,0,0,0.74584511569726308,3.1964582226993006,0.066643726154258995,0.75001076257036614,3.1915202669029137,0.066930073137832197
639049412394699523,nan,72.940258699185833,0.020258983623158547,0.0031101115363136311,206,0,0,0,0,0.80187467321343975,3.1030138747028073,0.066930073137822788,0.79238354256268206,3.1209120549570581,0.063819961601509156
639049412394899509,nan,77.810511826671757,0.019970759228801926,0.00049267267096916867,211,0,0,1,2,0.82066826954258254,3.0737795798683423,0.063819961601496764,0.82956650348782413,3.055900747221032,0.063327288930527595
639049412395199851,nan,68.747395221902025,0.029506044129278586,0.0035499643234827016,217,0,0,0,0,0.88540843667404223,2.958265781833187,0.063327288930522585,0.870351168468249,2.98364067718938,0.066877253254005287
639049412395399957,nan,83.968683834145111,0.016375565026021586,0.00059266715052964936,206,0,0,0,0,0.89752437824434728,2.9354966494684693,0.066877253253997584,0.90882508051068833,2.9236453517248053,0.066284586103467935
639049412395703319,nan,82.38044178661788,0.019062147009824459,0.0011296366691867787,208,0,0,1,2,0.96715178188405282,2.832692047358198,0.066284586103448367,0.95498388354628427,2.8473654143428369,0.067414222772635146
639049412395900137,nan,69.062992270965452,0.022697863112049518,0.00032633869322266917,222,0,0,0,0,0.98493121807025208,2.7978758120998259,0.067414222772616134,0.9839418004130942,2.7751995239875038,0.067740561465838803
639049412396200447,nan,78.380920127215546,0.028660152851673178,0.0021058144639785198,211,0,0,0,0,1.0281265396862891,2.6650869401150428,0.067740561465937571,1.0228287118481358,2.6932531855460291,0.069846375929916091
639049412396403729,nan,83.763225083982832,0.0086239674034703888,9.8020313253815994e-05,201,0,0,1,2,1.049151542024747,2.637783119377537,0.069846375929943028,1.0561366253941684,2.6428409276082188,0.069944396243196844
639049412396700039,nan,73.505852455285932,0.01377867764865637,0.0023638016867420508,210,0,0,0,0,1.1046872489753261,2.5693584936024898,0.069944396243204532,1.0949892462124278,2.5791462768120015,0.072308197929946583
639049412396900006,nan,83.918710465437186,0.013026144415297368,0.00020264460815701268,200,0,0,0,0,1.1212092253800727,2.5361614695636225,0.072308197929904797,1.1285181564843674,2.5253790781572203,0.072105553321747784
639049412397200514,nan,78.194869806078529,0.014275528305406853,0.0005403911394538663,206,0,0,1,2,1.178904999153408,2.4445783793751663,0.072105553321790652,1.1703256094527157,2.4559882339212211,0.071565162182336786
639049412397401836,nan,75.914831502594026,0.018046003858661133,0.00019217104098047388,215,0,0,0,0,1.1983340486506533,2.4095006078238135,0.071565162182340242,1.2071391238107159,2.3937484998159162,0.071372991141359768
639049412397699354,nan,90.912635496500727,0.026795352531385912,0.00065467746882895417,217,0,0,0,0,1.261542930472499,2.301769276424821,0.071372991141352135,1.2476414607358828,2.3246764817638228,0.072027668610181089
639049412397999710,nan,105.63575422119447,0.019704778436004537,0.0011502974701772667,203,0,0,1,2,1.2885301461582621,2.2549455913502863,0.072027668610185003,1.2759156492848653,2.2700833838525996,0.070877371140007736
639049412398199715,nan,88.354295627919569,0.025030647618738664,0.0031262155888518162,201,0,0,0,0,1.2947432374826682,2.2337302144545048,0.070877371139985504,1.3113686806666363,2.215018507981013,0.067751155551133688
639049412398399843,nan,100.44765829096559,0.023314151641796319,6.6740146980881487e-05,204,0,0,0,0,1.3468435151176301,2.1599197680573665,0.067751155551136061,1.3603409807290496,2.1409100839767401,0.067817895698116942
639049412398700210,nan,103.87196202869609,0.050157633083558202,0.0024712562897365453,206,0,0,1,2,1.4338422541782767,2.029682644573501,0.067817895698117636,1.4021169182321103,2.0685322419413983,0.070289151987854182
639049412398900233,nan,95.006334173080404,0.00079701614982576312,0.00214940417084028,200,0,0,0,0,1.4299367131735476,2.0203337610915209,0.070289151987851642,1.4307027196995148,2.020553917275306,0.068139747817011362
639049412399200444,nan,93.878286600306652,0.0090510589690643885,0.0028817196992930033,215,0,0,0,0,1.4736066459696486,1.9485440942732901,0.068139747817007837,1.4715168808802748,1.9573506004098187,0.065258028117714834
639049412399400594,nan,111.32744943973903,0.020040357207350902,0.0015274218357769903,211,0,0,1,2,1.4987275905489048,1.9152130908894238,0.065258028117710046,1.5098146094639007,1.8985189623234655,0.066785449953487036
639049412399700565,nan,87.347264867703757,0.022819549708970498,0.0011296089758337235,203,0,0,0,0,1.5672126006752864,1.8103461653791666,0.066785449953483636,1.5521141278942063,1.8274566290958272,0.06791505892931736
639049412399900063,nan,87.624777216533701,0.009504896032798766,0.00010086691920403734,204,0,0,0,0,1.5802457450432279,1.7801960827288537,0.067915058929316138,1.5847735874396796,1.7718389485413939,0.068015925848520176
639049412400201172,nan,108.8794821642493,0.024021194545803579,0.0022258386148434756,205,0,0,1,2,1.6340676014362003,1.687893324153857,0.068015925848494044,1.6273450691764169,1.710954662957654,0.065790087233650568
639049412400402242,nan,86.349494649010168,0.0098201011511002186,0.00022870663709606553,206,0,0,0,0,1.6557728074134199,1.6702982783848828,0.065790087233605118,1.6607248414369373,1.6618181990428149,0.065561380596509053
639049412400702422,nan,103.68771345880801,0.018999459663318941,0.0014095327996246632,208,0,0,1,2,1.7105579345744668,1.5884617374227006,0.065561380596266441,1.6996346464658287,1.6040071947782681,0.064151847796641778
639049412400900652,nan,96.045770449634404,0.0076856182359869886,1.7147025128255722e-06,200,0,0,0,0,1.7253295317042761,1.5658305162008777,0.064151847796403885,1.7322494048634023,1.5624862549773875,0.064153562498916711
639049412401200550,nan,119.8467754569625,0.010931803292152166,0.0065212876906524525,218,0,0,1,2,1.7815915872470753,1.4996700979658124,0.064153562498251049,1.7762595817777764,1.5092133699882204,0.057632274807598596
639049412401404248,nan,100.35332451392264,0.0052050177261899391,0.0012840539877535043,201,0,0,1,2,1.8061523620467486,1.4730291335927681,0.057632274806754528,1.8101364727219627,1.4696796453247492,0.058916328794508033
639049412401700673,nan,103.68030092203959,0.015839140788200052,0.0097963833413405518,205,0,0,1,2,1.8594347348459423,1.4121494568429307,0.058916328793161644,1.849888657024376,1.4247887123246836,0.049119945451821093
639049412401900539,nan,80.483095846211143,0.011661600120808262,0.0070062741435600318,200,0,0,1,2,1.8766917609049061,1.3945207821062773,0.049119945450207966,1.8883019939069228,1.3956141288109039,0.056126219593767998
639049412402200674,nan,77.014585850455703,0.015415373544136208,0.0098325176378246462,201,0,0,1,2,1.9459865769037465,1.3518032073790029,0.056126219591618336,1.9333265307448317,1.3605984886570179,0.046293701953793689
639049412402402273,nan,80.431652279599732,0.0086809772240157516,0.0062187718253789853,203,0,0,1,2,1.9635692601898669,1.3370786791067049,0.046293701951841022,1.9713890046860596,1.3333089362005979,0.052512473777220008
639049412402700115,nan,71.310548345033993,0.01280023270506964,0.0056976571395724041,208,0,0,1,2,2.0276224352269017,1.2929914004850187,0.052512473775488969,2.0191229862278672,1.3025624675110481,0.046814816635916565
639049412403000220,nan,77.316647079201587,0.010922413113523002,0.011246395891879465,200,0,0,1,2,2.0672196499979338,1.2715823875153547,0.046814816632958146,2.0596852123694873,1.2794900646613634,0.035568420741078681
639049412403200217,nan,70.238687109363354,0.016420053682057779,0.0058566859829098927,210,0,0,1,2,2.086716829775547,1.2641140750819548,0.035568420737440036,2.1010047999146817,1.2560225936215019,0.041425106720349929
639049412403400487,nan,74.293141534979824,0.012411802557818345,0.0096954539100731138,205,0,0,1,2,2.1423807895429063,1.2325230890031673,0.041425106716715225,2.1543451247995016,1.229220434827802,0.051120560626788339
639049412403700547,nan,68.409458066903369,0.027947055108256524,0.0096357935416449894,206,0,0,1,2,2.2342637241151206,1.1890633680297913,0.05112056062235236,2.2125053186902588,1.2066021730800582,0.04148476708070737
639049412403900407,nan,71.295964230487272,0.0050573185755571869,0.008801390919872823,201,0,0,1,2,2.2512438921455904,1.1915369001582956,0.041484767076379811,2.253194272096497,1.1962030001595576,0.050286157996252634
639049412404202652,nan,59.235054172310583,0.010739081938419173,0.010270558423467337,200,0,0,1,2,2.3147275089736534,1.180476501513722,0.050286157991774175,2.3044579965985363,1.1773356423227683,0.040015599568306838
639049412404400698,nan,60.321434126721662,0.014241465757989095,0.010154139303046074,207,0,0,1,2,2.3380485459301412,1.1649728083630841,0.040015599563108822,2.3519093382415535,1.1617020617455867,0.050169738866154896
639049412404700036,nan,68.06473310133731,0.01619478915393403,0.01258311920804614,213,0,1,1,2,2.4236299976072435,1.1380725779750869,0.050169738860359595,2.4111455750498036,1.1483881191217096,0.037586619652313455
639049412405000348,nan,64.396289740986248,0.016167119217709469,0.009818626474934769,210,0,0,1,2,2.4705745574989386,1.1350308549679378,0.037586619647583794,2.4598516632797498,1.1471302468271891,0.027767993172649025
639049412405200023,nan,68.991725515245761,0.019082595817068476,0.011198498892112562,208,0,0,1,2,2.4922359441853228,1.1462938977954875,0.027767993168112768,2.5113169869874863,1.1465373494325819,0.03896649206022533
639049412405500066,nan,76.739430895360897,0.015983933804647955,0.012842827016312529,204,0,1,1,2,2.5886517065129171,1.1456464281205994,0.038966492054513011,2.5728212617751858,1.1434366409641061,0.026123665038200482
639049412405700209,nan,78.187622293437187,0.0099150599385294698,0.0071779112394452262,205,0,0,1,2,2.6138475482369081,1.1413683204400273,0.026123665031677162,2.6198148252412636,1.1492866547811575,0.033301576271122388
639049412405900229,nan,63.701751697076958,0.0091784044079357748,0.011625366247391376,200,0,0,1,2,2.6667795083152903,1.1551330734102709,0.033301576264072451,2.6739852975842604,1.1608181159331383,0.044926942511463827
639049412406200542,nan,78.619053816850453,0.027778755182672438,0.01069031107948936,205,0,0,1,2,2.7553176496527656,1.1781316230471011,0.044926942505979124,2.7278010447954588,1.1743243015968303,0.034236631426489764
639049412406499981,nan,84.740662329551697,0.0052309331158686767,0.012554096999800413,200,0,1,1,2,2.7814601722031105,1.1877911802499366,0.034236631420558335,2.7769941959564299,1.1850676315672843,0.021682534420757921
639049412406699849,nan,68.926558114503621,0.015000409723262617,0.010036434179945743,209,0,0,1,2,2.8098293868842683,1.1922385340700803,0.021682534414889494,2.8231235586841565,1.1991867200218815,0.031718968594835237
639049412407000786,nan,64.550639741453523,0.012911857680152289,0.010332448561151356,200,0,0,1,2,2.892579559800863,1.2204455314487288,0.031718968588827806,2.8796693533076958,1.220652018872779,0.021386520027676451
639049412407200759,nan,57.034992632523931,0.0085375145749454987,0.013955352094086118,224,0,1,1,2,2.9172441021363644,1.2349157358870062,0.021386520022399359,2.9233888377560215,1.2408429088456707,0.035341872116485477
639049412407411663,nan,57.450538349164923,0.0083634917461234345,0.012180709000297836,208,0,2,1,2,2.9694981332513617,1.2621374809071129,0.035341872111987985,2.9771432990359168,1.2655285624918204,0.047522581112285821
639049412407700338,nan,56.656034598142966,0.027359262480519699,0.011351274169671986,205,0,0,1,2,3.0507197561442396,1.2993170684770188,0.047522581107110606,3.0243307418142105,1.2920956305199711,0.03617130693743862
639049412408000488,nan,56.428032893692496,0.010813570643910057,0.012727642562399319,211,0,1,1,2,3.073393913027183,1.3197187550324831,0.036171306931689143,3.0625890390046826,1.3192851567982511,0.023443664369289824
639049412408200749,nan,50.824403741286012,0.016668303880360606,0.010540228922006283,212,0,0,1,2,3.0881150921569769,1.3374260920706635,0.023443664363586206,3.0988672472011674,1.3501627916491938,0.033983893285592488
639049412408500579,nan,50.796982990543853,0.014594286164880338,0.011727813530499696,200,0,0,1,2,3.1531828411687997,1.3963926679474155,0.033983893279669074,3.1414070158837122,1.3877715817329346,0.022256079749169377
639049412408700538,nan,47.794608359995649,0.011865140482199074,0.012597361270167334,206,0,1,1,2,3.1697771242984571,1.4128531814939815,0.02225607974349094,3.1773134224306334,1.4220175564931441,0.034853441013658275
639049412408900468,nan,42.079153509481181,0.010923518649902464,0.011948737777061978,207,0,0,1,2,3.2132146214810686,1.4562585645688431,0.034853441007803979,3.2155356102104111,1.4669326580204216,0.046802178784865957
639049412409200055,nan,37.520693433574635,0.03267733735072835,0.012538168806051665,219,0,1,1,2,3.2728100091019243,1.53423611683727,0.046802178778315412,3.2504012271347738,1.5104526169459165,0.034264009972263747
639049412409401527,nan,38.168647466565488,0.0077432636663907466,0.010719316509828977,206,0,0,1,2,3.273848324548831,1.5397197519171846,0.034264009966297193,3.2737539041672092,1.5474624398870553,0.04498332647612617
639049412409702015,nan,33.627344366308442,0.0077328785493034598,0.010439550847583294,206,0,0,1,2,3.3085835540248691,1.6026612152798489,0.044983326470575437,3.3041562899651229,1.5963211250909355,0.034543775622992143
639049412410002294,nan,30.046346993202572,0.0058046520164052378,0.011781682605687727,209,0,0,1,2,3.3345375298316458,1.6451458273563702,0.034543775617517467,3.3306220158875401,1.6408606510956929,0.022762093011829739
639049412410200873,nan,30.033785167072505,0.015507553743461654,0.011300517413735594,201,0,0,1,2,3.3481241968190996,1.6703153067142966,0.022762093006292412,3.3525792070165523,1.6851691650429244,0.034062610420028006
639049412410500716,nan,31.904039078739256,0.016792380498678643,0.012003435118879927,201,0,1,1,2,3.3857333172683735,1.7520725019893271,0.034062610414252473,3.3752695809582045,1.7389387947730208,0.022059175295372546
639049412410700746,nan,30.129483994684911,0.0040401535818365853,0.011984782668825286,205,0,0,1,2,3.3904066877092331,1.7748093638205265,0.022059175290137858,3.3896166345993897,1.7787715169029368,0.034043957958963145
639049412410900098,nan,31.64416119745486,0.013851567722667234,0.013060265506743877,201,0,1,1,2,3.403915059023114,1.8184692263567337,0.034043957954070836,3.405062654218967,1.8322731733880031,0.047104223460814713
639049412411202362,nan,37.627263947349263,0.031105719675804951,0.01087008736696201,204,0,0,1,2,3.4284824126076057,1.9133941287624268,0.047104223455960798,3.4166788089696558,1.884614956819719,0.036234136088998788
639049412411500523,nan,31.539843826689086,0.011948743752155296,0.0094199313780788489,203,0,0,1,2,3.4281372834046535,1.9362462410275103,0.036234136084391605,3.4219155820217964,1.9260451180914202,0.026814204706312756
639049412411700695,nan,30.184456691762179,0.012153258823246155,0.012501269024594867,203,0,1,1,2,3.4254313179342502,1.953859480942628,0.026814204701939421,3.4268136137169267,1.9659338736144771,0.039315473726534288
639049412412001062,nan,41.466124411847204,0.0087925381179337816,0.011280350613552783,206,0,0,1,2,3.4341633283931614,2.0257887275910273,0.039315473722200206,3.4320608831141941,2.0172512542877445,0.028035123108647423
639049412412200632,nan,38.133377300497912,0.020065847735756134,0.006849976764478162,209,0,0,1,2,3.4355472766048658,2.0513475753248889,0.028035123103948595,3.4324542614899931,2.0711736062653903,0.034885099868426757
639049412412400846,nan,35.457839540216227,0.0053548895476767458,0.010633176053730493,200,0,0,1,2,3.4328489092733885,2.1252699623251807,0.034885099863722048,3.4285854803485587,2.1285100265021288,0.045518275917452541
639049412412700736,nan,37.907933673192446,0.03363044814128642,0.008853386084057592,205,0,0,1,2,3.4227906369484731,2.2143912289394985,0.045518275913699724,3.424054641437082,2.1807845430743833,0.036664889829642132
639049412413000470,nan,43.993801445429362,0.012848328524303598,0.0025904748594216195,203,0,0,1,2,3.4195261594260362,2.2330318669273566,0.036664889827452904,3.41984895882509,2.2201875940239804,0.034074414968031284
639049412413200921,nan,57.46703648735901,0.01198122256770541,0.0148017376561888,200,0,1,1,2,3.417036354031318,2.2465388953975238,0.034074414966473926,3.4157403449400587,2.2584498170517144,0.048876152622662726
639049412413501249,nan,63.405545343692879,0.0049302101414270766,0.0078872863348376579,204,0,0,1,2,3.4095845672643992,2.3157766296766118,0.048876152621281206,3.4080856056928588,2.3110798130689854,0.040988866286443548
639049412413700800,nan,53.101434545507722,0.01456435527474843,0.010270552264044712,202,0,0,1,2,3.4029994636364473,2.346049474023816,0.040988866285493794,3.4003445492600193,2.3603698048238684,0.051259418549538506
639049412413901135,nan,47.732758276017861,0.010098392608316858,0.0096309948247470176,200,0,0,1,2,3.3925730796082867,2.4098534480940823,0.051259418548962474,3.3888059227676997,2.4192228697736806,0.060890413373709491
639049412414201263,nan,49.869399884186066,0.029996946630062821,0.00016276228915996366,201,0,0,1,2,3.3715195529776634,2.5073924491145707,0.060890413373559216,3.3788634387107024,2.4783083615499435,0.060727651084399252
639049412414500949,nan,45.320410245663638,0.015876341969993584,0.002806592364408167,201,0,0,0,0,3.3689355969994814,2.5373068378282686,0.060727651084395332,3.3727262389082848,2.5218896633703012,0.063534243448803498
639049412414701036,nan,39.953146664640705,0.019208833861058199,0.0014021822267407807,209,0,0,0,0,3.3686287038320173,2.5509869583301255,0.063534243448796587,3.3675083385342672,2.5701630914101115,0.064936425675537368
639049412415000304,nan,49.047106624907549,0.0072939532797202016,0.0022942809002441528,201,0,0,0,0,3.3597039803844049,2.6423651448299634,0.064936425675548373,3.3611141923666974,2.6352088150016408,0.067230706575792526
639049412415209841,nan,35.891904721804174,0.0091381513456971746,0.00036315436397854617,208,0,0,1,2,3.3566372345712963,2.6807515585766248,0.067230706575798133,3.3563014809550693,2.6898835397157894,0.066867552211819586
639049412415426184,nan,37.150454893889027,0.0041665685460963928,0.0024286341679867207,204,0,0,0,0,3.3513324472048205,2.7463341616528845,0.066867552211840348,3.351106628975618,2.7504946062897808,0.069296186379827068
639049412415700658,nan,37.370662515978907,0.021314008302433372,0.0044781048315430949,200,0,0,0,0,3.3445159290120974,2.8273917644452546,0.069296186379917191,3.3464130725683807,2.8061623556865762,0.073774291211460286
639049412415900845,nan,43.789229524214633,0.012966311740255525,0.0051455704503134969,202,0,0,1,2,3.3429898376663658,2.8467635046059505,0.073774291211582285,3.3424219597569165,2.8597173748702942,0.068628720761268788
639049412416203301,nan,52.721024179671815,0.017128127692667396,0.0056836824583009066,200,0,0,1,2,3.3363919177636592,2.9406319041965272,0.068628720761600731,3.3383771517380918,2.92361921468772,0.074312403219901638
639049412416503022,nan,57.987126819267182,0.014147799891675365,0.0044473700308394343,203,0,0,1,2,3.3343689194523702,2.9869432133252696,0.074312403220467435,3.3384203301636659,2.9733879076104106,0.078759773251306869
639049412416700567,nan,86.009965971113289,0.016868650474541329,0.0038506604298493702,203,0,0,1,2,3.3384487889038943,3.0061902686175235,0.0787597732518594,3.3411373566799552,3.0228432855257528,0.074909112822010029
639049412417002226,nan,91.318297686034256,0.011962201704469599,0.0067990631043811367,200,0,0,1,2,3.3452863632449268,3.0983635965767244,0.074909112822727261,3.3467177941075414,3.0864873482084909,0.081708175927108398
639049412417201406,nan,81.134150659419959,0.015289797464665172,0.0048394134151330953,206,0,0,1,2,3.3504024563481067,3.1285103755511123,0.081708175928061649,3.3534025093238382,3.1435029600065452,0.076868762512928554
639049412417501367,nan,89.183525222231182,0.022064988702498515,0.010027269944138523,208,0,0,1,2,3.3634695535099794,3.2293673034675159,0.076868762513896821,3.363907500060856,3.2073066613812129,0.086896032458035344
639049412417701376,nan,82.064400943870623,0.010779997229075066,0.0090526142493915496,206,0,0,1,2,3.3709120529604668,3.2498499070306339,0.086896032459009301,3.3723881106537279,3.260528371056187,0.077843418209617751
639049412418001533,nan,90.490886481756149,0.013931363148401861,0.0079551426050264024,207,0,0,1,2,3.3851151111073308,3.3403991204270214,0.077843418210487056,3.3855974237170923,3.3264761087657782,0.085798560815513458
639049412418203617,nan,90.956238204731179,0.016651648926030251,0.0097530060905686305,209,0,0,1,2,3.3944907389524421,3.3708761481695069,0.085798560816355285,3.3977132998974073,3.3872129934253006,0.076045554725786654
639049412418501607,nan,87.793195925040408,0.016152115647189619,0.01058278347373727,202,0,0,1,2,3.4155791870679506,3.476774681929542,0.076045554727611778,3.4190504602821989,3.4609999837659564,0.086628338201349048
639049412418703366,nan,78.356950915503944,0.012004062324754886,0.0083257063481674554,210,0,0,1,2,3.4334971334661151,3.5109586715881664,0.086628338203318833,3.4397003065833469,3.521235740994094,0.078302631855151378
639049412419001584,nan,85.136765693519493,0.023848248311874792,0.0082861663446433809,211,0,0,1,2,3.4702226419648454,3.6102696232450007,0.078302631857226898,3.4671931488338039,3.5866145789856083,0.086588798201870279
639049412419201741,nan,86.858725074266005,0.014088447497634909,0.0062330518293591958,210,0,0,1,2,3.4856457064471096,3.630495337611404,0.086588798204655718,3.4892079335999613,3.6441259975589304,0.080355746375296522
639049412419501842,nan,88.010199277453339,0.021175304622973127,0.0091078608395647742,207,0,0,1,2,3.5222153174192061,3.7303544793271053,0.080355746379166426,3.5204020884897975,3.7092569504024833,0.0894636072187312
639049412419701537,nan,94.996705861671771,0.014594350971638753,0.0098758167743617231,207,0,0,1,2,3.5411594893672551,3.7525967780874736,0.089463607223194158,3.5515094878527225,3.7628862198427,0.079587790448832435
639049412420001591,nan,81.385171412568496,0.022341669289458788,0.014189641435023478,205,0,1,1,2,3.5982502655809734,3.8434674903432873,0.079587790454895252,3.5944568722070147,3.8214502163669306,0.09377743188991873
639049412420201895,nan,73.063779301400245,0.012665678781135087,0.013494262209012328,200,0,2,1,2,3.6231268212018697,3.8605451884712503,0.093777431896266222,3.6290396957644835,3.8717459622567389,0.080283169687253894
639049412420501588,nan,89.139991449190347,0.025594007499889111,0.015810244189711636,200,1,3,0,0,3.6807821978633357,3.9469979940332105,0.080283169694865403,3.6745890490810322,3.9221645865331385,0.096093413884577039
639049412420701790,nan,148.96769318353256,0.018062223977356406,0.013426066623280344,201,1,4,0,0,3.7050170925544523,3.9558454179752602,0.096093413892242463,3.7201058388838666,3.9657738453036329,0.082667347268962119
639049412421002125,nan,178.45427257714479,0.01824007535558499,0.011911651500606191,205,0,0,1,2,3.7883882989263951,4.0311947039006322,0.082667347275914932,3.7786004245605862,4.0158032171505953,0.094578998776521123
639049412421201961,nan,106.79774528514582,0.011381652947722443,0.014770943165011749,208,0,1,1,2,3.8175213762421847,4.0490916102862924,0.094578998783123161,3.8233998919827252,4.0588376390421814,0.079808055618111412
639049412421501670,nan,106.20370253261176,0.030733698656375451,0.015555365404170157,205,0,2,1,2,3.8905890049634788,4.1233795811882681,0.079808055623860313,3.872217666982356,4.0987411117982218,0.095363421028030471
639049412421702007,nan,151.4696836389509,0.019109887513365127,0.014626315326874917,207,1,3,0,0,3.9048493416738101,4.1254141246924858,0.095363421034761434,3.9199769566552822,4.1370907280404552,0.080737105707886517
639049412422001500,nan,157.19490836474117,0.023087577118618776,0.019485451524968389,201,1,4,0,0,3.9913745164770509,4.1944213340554963,0.080737105715606591,3.9819205132954294,4.1733581424395503,0.10022255724057498
639049412422204339,nan,178.87969686983664,0.013416330371375825,0.013253512315058391,203,1,5,0,0,4.0238733104737632,4.1979211408044472,0.1002225572474211,4.0366441326027722,4.193809690600065,0.08696904493236271
639049412422501622,nan,205.67624375751174,0.016534158699166603,0.010491611179223412,211,0,0,1,2,4.116847652234326,4.2237836975306964,0.086969044938363341,4.1026941479881289,4.2152363750585939,0.097460656117586753
639049412422702490,nan,145.51846508540584,0.0026053574663495982,0.0047687391064165502,201,0,0,1,2,4.1473227829602797,4.2297139444245371,0.097460656123572909,4.1471894131986398,4.2323158860138399,0.092691917017156358
639049412423001646,nan,139.77204051890553,0.0059658653345287613,0.0097909818249765079,202,0,0,1,2,4.2134569399292072,4.2577526812192863,0.092691917024972065,4.2154407721195453,4.2521263183594709,0.10248289884994857
639049412423201943,nan,118.74988069559343,0.013136032689492374,0.013538377669955817,204,0,1,1,2,4.2611378079061604,4.2653902013086107,0.10248289885790537,4.2739472346944476,4.2624791980150842,0.088944521187949557
639049412423501716,nan,105.40053020556684,0.021791447682437085,0.0119915931066749,209,0,0,1,2,4.3615104922842578,4.2779737575591721,0.088944521193816684,4.3418939145476845,4.2684839172021709,0.10093611430049158
639049412423701377,nan,103.3022073783181,0.00942316518993116,0.012437941754714091,212,0,1,1,2,4.3871491645074112,4.2724833041970403,0.10093611430632676,4.3965401393711749,4.2717050797404159,0.088498172551612672
639049412424001906,nan,100.13051616941874,0.02389473123258213,0.010340632749807385,200,0,0,1,2,4.4787934352075114,4.2765535616996182,0.088498172557403929,4.4550953282761183,4.2796126315820491,0.098838805307211314
639049412424202129,nan,98.032725179409567,0.011863488084612291,0.011756293125918763,205,0,0,1,2,4.4941068565749331,4.2848809210063221,0.098838805312906522,4.5058040059183435,4.2829012627601362,0.087082512186987759
639049412424501517,nan,98.506446105855375,0.013899414857424427,0.0077828838601851219,210,0,0,1,2,4.5816273108431051,4.2878186634141322,0.087082512190886197,4.5793351030615588,4.2741095599837466,0.094865396051071318
639049412424701892,nan,101.40596828709945,0.01576305522812781,0.011043563266882592,220,0,0,1,2,4.6285481429631972,4.26822543154901,0.094865396055927906,4.6414849499268183,4.2592191595283007,0.083821832789045314
639049412425004699,nan,95.430674902969116,0.025632968577350885,0.014820833921851281,209,0,1,1,2,4.7354058915598998,4.2367167640662311,0.08382183279624264,4.7111888308590988,4.2451181359245158,0.098642666718093922
639049412425202476,nan,101.18322678376767,0.0079785762402773078,0.013053569617585137,200,0,2,1,2,4.7567156002506374,4.2359081171822615,0.098642666725488021,4.7628320363082839,4.2307849454327844,0.085589097107902884
639049412425501859,nan,81.783884198860804,0.017737363919404066,0.013181099424872375,220,1,3,0,0,4.8410064336193637,4.2090882184676364,0.085589097113536142,4.8236298010693179,4.2126472520485496,0.098770196538408517
639049412425701273,nan,101.38306820837477,0.0099186437250117377,0.015228525011103652,208,1,4,0,0,4.8641261734821031,4.200566038390714,0.098770196542580055,4.8732374829277552,4.196646404029031,0.083541671531476402
639049412426002205,nan,114.52125923281102,0.014088004147295281,0.013350085810572773,222,1,5,0,0,4.9480995232911358,4.1724998185525362,0.08354167153730975,4.9347749923572231,4.1679250249784596,0.096891757347882523
639049412426201878,nan,109.98625915713387,0.013160154464545546,0.0080723030145910951,204,0,0,1,2,4.9756060741973398,4.1488679492299028,0.09689175735372639,4.9806051883589957,4.1366942676532625,0.088819454339135295
639049412426448676,nan,95.323663880953205,0.0027407619978640427,0.00036989198065696949,206,0,0,1,2,5.0372518091482137,4.0980927118778494,0.088819454344859522,5.0397713035869582,4.0991715650198808,0.088449562364202552
639049412426701407,nan,106.22853007925654,0.017993144506694567,0.0053652961265900634,207,0,0,1,2,5.1003597664905405,4.0607468202519446,0.088449562368852833,5.0848709084581252,4.0699037043339059,0.093814858495442896
639049412427001816,nan,114.19255096733713,0.0086403133285607881,0.0099022442094873764,205,0,0,1,2,5.1384786067608363,4.0351144273523998,0.093814858499042184,5.1300059357549737,4.0368081984237429,0.10371710270852956
639049412427203621,nan,96.967850663441183,0.02864829244556694,0.011330434111032642,201,0,0,1,2,5.1603261797677709,4.0145757134775515,0.10371710271177018,5.1838241225489838,3.9981875669960982,0.092386668600737534
639049412427501278,nan,71.669183225138141,0.0049742753215803225,0.0018656332391713132,201,0,0,1,2,5.2632045146430579,3.9412231642862623,0.092386668602298716,5.2587537332948004,3.9434444162676652,0.094252301841470029
639049412427708473,nan,66.05814755701364,0.026499908108473386,0.010862313865892217,209,0,0,1,2,5.3109112189191245,3.9053384516332783,0.094252301843168393,5.3167340927242375,3.8794861931167142,0.083389987977276175
639049412428002114,nan,78.290248872811105,0.031613992031840427,0.014746872749315104,213,0,1,1,2,5.3989050462859511,3.7888432885858694,0.083389987980433747,5.3729707295401035,3.8069224397582921,0.098136860729748851
639049412428201973,nan,55.517189100471086,0.011692760588735107,0.0089152500098088894,206,0,0,1,2,5.4112467127896569,3.7575338353656464,0.098136860732955786,5.4208872299922701,3.7641505625212419,0.089221610723146896
639049412428501901,nan,48.065614554345416,0.02544065421633103,0.0041892180180576194,208,0,0,1,2,5.4927954260085485,3.6999628922339194,0.089221610724962125,5.4796447925132954,3.7217410401264388,0.093410828743019744
639049412428701907,nan,52.569284010796132,0.025466259973564165,0.01460076919378385,200,0,1,1,2,5.5188270797608352,3.6934603896500078,0.09341082874403743,5.5258636652579458,3.6689855686785888,0.078810059550253581
639049412429001827,nan,64.632861524932551,0.013610342626121515,0.004904730631666035,212,0,0,1,2,5.5951714075935532,3.5898758369873436,0.078810059550984829,5.5826758752029955,3.595270565588204,0.083714790182650864
639049412429202066,nan,51.17192112762951,0.014980612588802502,0.0091466957015073624,202,0,0,1,2,5.6206060569420817,3.5460553798592911,0.083714790183714277,5.6350585719175275,3.5421128471174734,0.074568094482206915
639049412429501891,nan,51.997338749240889,0.031040810874028959,0.0021793250438928574,212,0,0,0,0,5.7134930529248962,3.4625178983787821,0.074568094482242678,5.6978102867780871,3.489305634111795,0.07238876943834982
639049412429701389,nan,45.102087139186885,0.016406683689622607,0.0034383072233669099,205,0,0,1,2,5.739564115215515,3.4541686929621016,0.072388769438375383,5.7423695624715503,3.4380036462444168,0.068950462215008473
639049412430001774,nan,35.999164883180043,0.015846169694500419,0.0012867500398656834,206,0,0,0,0,5.8094626562829212,3.3607580215988446,0.068950462215041641,5.7941912039914163,3.3565290927870541,0.070237212254907325
639049412430301927,nan,35.166408480338731,0.017574687370649711,0.0032593974710545398,205,0,0,1,2,5.8459728214726896,3.2751174655623667,0.070237212254927836,5.8414206445550212,3.2920923682568248,0.066977814783873296
639049412430501426,nan,32.213318132518715,0.021346334367364734,0.0028808461909249072,207,0,0,0,0,5.8728120554787786,3.2492640036992286,0.066977814783876002,5.8901070497221184,3.2367520428198868,0.064096968592951095
639049412430701958,nan,36.801329818018864,0.016996691403488445,0.0020717765849294911,208,0,0,0,0,5.9390455516743508,3.1811251667928389,0.064096968592952955,5.9491430574858981,3.1674530091338888,0.066168745177882446
639049412431002246,nan,41.069578744070178,0.04840236011875941,6.8903799021746703e-06,200,0,0,1,2,6.0375469266906627,3.0636807023324759,0.066168745177936777,6.0066220467848614,3.1009156357670591,0.066161854798034603
639049412431202391,nan,43.151638271795242,0.005909030520137539,0.001254001097465457,208,0,0,0,0,6.0449323765790623,3.0565678010467101,0.066161854798096151,6.0484242531922776,3.0613347119338568,0.064907853700630694
639049412431502129,nan,44.518109081240127,0.020770229755083462,0.00047656290222106157,204,0,0,1,2,6.1110274146209722,3.0020581526997194,0.064907853700657672,6.093392887350249,2.9910842795449453,0.065384416602878734
639049412431702448,nan,48.290817027970029,0.019941396751311551,0.0048117921536840053,214,0,0,0,0,6.1234460398564066,2.9441349559165952,0.065384416602891002,6.1349886716711186,2.9278737457776414,0.060572624449206997
639049412432002250,nan,55.448441571925741,0.021481736092362556,0.00069317397917569717,209,0,0,0,0,6.1972418744674851,2.8332714142738635,0.060572624449214831,6.1871930745424617,2.8522578990882983,0.059879450470039133
639049412432202105,nan,65.494075094842017,0.017298052749037056,0.00056755265292032092,207,0,0,1,2,6.2219937461052011,2.8018506134794676,0.059879450470046711,6.2318958402002602,2.787667131486633,0.05931189781712639
639049412432502235,nan,65.026014641280028,0.034324140907217096,0.00059485999681393315,208,0,0,0,0,6.2990277160946588,2.6906686722022126,0.059311897817129346,6.2818717433572431,2.7203977698752255,0.059906757813943279
639049412432701736,nan,74.411907096225903,0.012083010020347094,0.00034101853026519136,204,0,0,0,0,6.315091490319297,2.6756827966608272,0.059906757813935486,6.3259708366986915,2.6704255204165195,0.059565739283670295
639049412433002238,nan,95.513791480192708,0.014015590150800965,0.0019926536760010854,202,0,0,1,2,6.3923958959580034,2.5951539132223695,0.059565739283645995,6.380445302419302,2.6024764866325838,0.05757308560764491
639049412433202191,nan,74.644114643741077,0.024240891533594724,0.0026005807763364239,201,0,0,0,0,6.4166924250482138,2.5572634326356076,0.057573085607617154,6.4186009722366038,2.5330977902900544,0.05497250483128073
639049412433501231,nan,100.21653834267131,0.031733865640126341,0.0027957281858713087,207,0,0,0,0,6.4756647397327951,2.4293383800572999,0.054972504831277483,6.4657275557344454,2.4594762400119903,0.057768233017148791
639049412433802230,nan,110.12133892675365,0.019092662276654959,0.0026532526942709481,201,0,0,1,2,6.5131628637409555,2.3853723976760253,0.057768233017125664,6.5094723693200685,2.4041049896947451,0.055114980322854716
639049412434002363,nan,83.057987799253027,0.025735850144743139,0.00032533168841918092,204,0,0,0,0,6.5385581163734852,2.3672888725656476,0.055114980322835461,6.5538084791177447,2.346558208831913,0.05478964863441628
639049412434202158,nan,101.40386397248957,0.023172604218243523,0.004310757742268162,201,0,0,0,0,6.5980697106838866,2.2891086173977691,0.054789648634402818,6.6175124271204453,2.2765010655409283,0.05910040637667098
639049412434502307,nan,146.45767120242817,0.047901947821027739,0.0038633155673260949,203,0,0,1,2,6.7132139025781026,2.1712552811036514,0.059100406376465117,6.6781724523253283,2.2039155531360581,0.055237090809139022
639049412434705129,nan,111.865495659686,0.0026767704184743465,0.0019494774493729258,213,0,0,0,0,6.7191627192664303,2.1548667847011123,0.055237090808978005,6.7201241940727021,2.1573649172176381,0.057186568258350931
639049412435001590,nan,155.62163481612259,0.013511161609190013,0.0064561977512962304,200,0,0,1,2,6.7814442447090642,2.0893227517966744,0.057186568258112053,6.7738124377740148,2.1004720571981683,0.050730370506815822
639049412435302363,nan,125.30983019492319,0.0065707062569549382,0.004512711222472883,203,0,0,1,2,6.8282815724081649,2.0427516953744007,0.050730370506188123,6.824540224958132,2.048153222933649,0.04621765928371524
639049412435502564,nan,126.62452980125458,0.023820638782388444,0.0023468252112573418,200,0,0,1,2,6.8583057349010037,2.0133286777165216,0.046217659282803643,6.8784871271535106,2.0006742619357958,0.048564484494060985
639049412435706931,nan,140.34264350116823,0.016600008823663019,0.0081360189581200504,209,0,0,1,2,6.9335566151229164,1.9522073071141501,0.048564484493158165,6.9387875087043183,1.9364530046768558,0.056700503451278216
639049412436002520,nan,141.42446681189958,0.043681745694513517,0.0054485289630477884,209,0,0,1,2,7.0260037886429663,1.8435657126389395,0.056700503449617703,7.0004886788285408,1.8790209531271658,0.051251974486569915
639049412436204850,nan,150.47097929739255,0.008990294445785774,0.0043283889441253637,201,0,0,1,2,7.0427229898185777,1.8397088441175315,0.051251974484664821,7.0458343060540667,1.8481435999234046,0.055580363428790185
639049412436502378,nan,147.61873450268746,0.012491937248400356,0.0076112049244879271,212,0,0,1,2,7.1125154397324941,1.8027381872608796,0.055580363426657814,7.1047397458069925,1.8125150517989046,0.047969158502169887
639049412436802421,nan,133.27976591862156,0.0053250392714650043,0.0089076423482003231,209,0,0,1,2,7.1641431124137895,1.7765853360581361,0.047969158499321381,7.1588563438369421,1.7772226124954091,0.039061516151121058
639049412437002346,nan,101.78202751837445,0.024265757920389611,0.01038135155476759,205,0,0,1,2,7.1949153782458026,1.7537065133771117,0.039061516148534231,7.2161660070970903,1.7419916603743733,0.049442867703301821
639049412437302492,nan,94.148185546296745,0.02089538621925657,0.0069108704593406137,200,0,0,1,2,7.3022046025147738,1.689099679104795,0.049442867700732675,7.2862901661656894,1.7026402803079483,0.042531997241392061
639049412437502292,nan,90.725108606292977,0.010628243922800373,0.0076345932947192996,202,0,0,1,2,7.3329701385188315,1.6764450095488121,0.042531997238281806,7.3423521494518802,1.6814387496035905,0.050166590533001106
639049412437704006,nan,78.643162279216185,0.011082512568674477,0.0088609783908619733,214,0,0,1,2,7.3989511829683501,1.6600341171486415,0.050166590530162793,7.4099252622892022,1.658487615323724,0.059027568921024766
639049412438002356,nan,100.35054570412592,0.030971259902136793,0.0097081791569748055,203,0,0,1,2,7.5098709190855324,1.6245411816979065,0.05902756891788033,7.4796535076118316,1.631332866595983,0.049319389760905524
639049412438302050,nan,81.502909585629112,0.015400240404038128,0.012740401984376523,205,0,1,1,2,7.549695863079303,1.6040557918005696,0.049319389757308922,7.537041683598364,1.612832986464376,0.036578987772932399
639049412438502187,nan,96.841322880042128,0.023912142190261502,0.0089933249476534458,210,0,0,1,2,7.5753657654198774,1.6004786833755607,0.036578987769360756,7.5991742337805022,1.5982544130573635,0.045572312717014202
639049412438802172,nan,88.404483685907877,0.018223529279979438,0.0099350381935691956,200,0,0,1,2,7.6923046048082915,1.5764026148216417,0.045572312714047825,7.6754256888398915,1.5832727833166613,0.035637274520478629
639049412439002286,nan,70.514574569804481,0.018445864479351228,0.01045740398528068,201,0,0,1,2,7.7262915110568509,1.5732788374395978,0.035637274517220353,7.7434285777500609,1.5801031221305426,0.046094678502501034
639049412439201955,nan,67.887033904489087,0.0064730479240360092,0.0086901070554601806,209,0,0,1,2,7.8112802464279376,1.5769405094229303,0.046094678498766167,7.8141286427444072,1.5711278518679741,0.054784785554226348
639049412439501981,nan,67.070439192014248,0.0386851097808543,0.0079088921326691541,206,0,0,1,2,7.9203637503474589,1.5576414597099657,0.054784785549966179,7.8827326936234483,1.5666103664767377,0.046875893417297025
639049412439702023,nan,66.81978351591907,0.014179718166019714,0.0071782739682713162,206,0,0,1,2,7.9284743678315008,1.5635983381437475,0.046875893412763561,7.9422601256044665,1.5669175684600809,0.054054167381034877
639049412440002082,nan,61.208077739354195,0.024592424216814214,0.011478056313200591,206,0,0,1,2,8.0315500832773168,1.5673783652923461,0.054054167375817933,8.0072336330054412,1.5710522698957827,0.042576111062617342
639049412440302109,nan,72.250572100977735,0.010255321473376993,0.01397480593511094,201,0,1,1,2,8.0722002112616913,1.5751865303833845,0.042576111055071565,8.0660102423483906,1.5833630763151749,0.028601305119960625
639049412440502231,nan,66.212464510568637,0.020466111062561836,0.01295777651620978,204,0,2,1,2,8.1052150226345976,1.5915745479569325,0.028601305113335009,8.1198316656494374,1.6058998908499265,0.041559081629544789
639049412440802196,nan,61.830067062649384,0.025403503014975678,0.012403254151759368,211,1,3,0,0,8.2005051710136581,1.6396805624998037,0.041559081623330857,8.1758929150783519,1.6333897101563715,0.029155827471571489
639049412441002440,nan,65.580018892029187,0.0080784516141281792,0.010302916085899148,203,0,0,1,2,8.2133170439955379,1.6517407557023511,0.029155827465148238,8.2213954754997118,1.651722730326362,0.039458743551047386
639049412441302287,nan,59.668268810862095,0.015071974938132575,0.011373103216436926,208,0,0,1,2,8.2895313808684801,1.6791747443637921,0.039458743544061051,8.2780860847395239,1.6693681330705779,0.028085640327624124
639049412441502352,nan,56.223910017929086,0.015956268667426173,0.014739911558192726,203,0,1,1,2,8.3159113981078843,1.6811415625196686,0.02808564032121769,8.3265955001366763,1.6929928271621213,0.042825551879410416
639049412441702026,nan,50.37507790389612,0.0045253775485739681,0.01183553518101868,200,0,0,1,2,8.3750101104383834,1.7165713499823789,0.042825551873740347,8.3746254452770881,1.7210803492805407,0.054661087054759028
639049412442002477,nan,78.045989474786481,0.023528980781065086,0.010784259253527974,203,0,0,1,2,8.4468964722880244,1.7633438593419468,0.05466108704987506,8.4240738089771074,1.7576220610239131,0.043876827796347086
639049412442302098,nan,60.875247790986542,0.011399471782922258,0.014723526943230598,203,0,1,1,2,8.4733855708955677,1.7940628257884204,0.043876827790993771,8.4622446840225436,1.7916485771243178,0.029153300847763172
639049412442502882,nan,65.508700021165666,0.01459054724710351,0.0086962960976701316,201,0,0,1,2,8.487824002478602,1.8144506504392846,0.029153300842039685,8.4989931299281043,1.8238386566699352,0.037849596939709816
639049412442802222,nan,58.882904257371692,0.0059577344088552918,0.0086517559292872137,206,0,0,1,2,8.5537797653042826,1.8718294249143426,0.037849596934239664,8.5480420937146651,1.8702251418918825,0.02919784100495245
639049412443002288,nan,60.295863798118887,0.01771324263077648,0.012692656667515484,200,0,1,1,2,8.5808243145636069,1.9012278764158823,0.029197840999725777,8.5866254277299152,1.9179642455122079,0.041890497667241261
639049412443301617,nan,61.214672740633674,0.032678262746461774,0.012781657462440265,203,0,2,1,2,8.6443519319207862,1.9893891660262801,0.041890497661627543,8.6220660738910606,1.9654891788295115,0.029108840199187278
639049412443502518,nan,63.982734569225599,0.014449774894106914,0.010944276197861109,205,0,0,1,2,8.6458528144154343,1.997386544699105,0.029108840193025416,8.6507101108941136,2.0109954632971632,0.040053116390886524
639049412443802410,nan,62.406403264237952,0.021692845646570001,0.012314819192781771,215,0,1,1,2,8.6934680739949428,2.0789242972082587,0.040053116384621931,8.6825508625933807,2.0601787898142319,0.02773829719184016
639049412444001930,nan,60.905252487409889,0.016282611816009575,0.014356698853487632,206,0,2,1,2,8.7037347113757342,2.0929007607460526,0.027738297186635497,8.7066078764199144,2.1089278743408255,0.04209499604012313
639049412444302478,nan,74.041678404048696,0.026586207622124894,0.01053315990900771,209,0,0,1,2,8.7428462855595352,2.1823613138772062,0.042094996036026011,8.7300297623359793,2.159068328491327,0.031561836127018301
639049412444502205,nan,71.325100439011266,0.017881875817585439,0.0099763179167721844,206,0,0,1,2,8.7455946072471349,2.1923888047084943,0.031561836122024581,8.7481630729381461,2.210085258216179,0.041538154038796765
639049412444802807,nan,73.867410776156433,0.014300687118516711,0.0089431401315628878,205,0,0,1,2,8.7754548734139579,2.28686902360168,0.0415381540326175,8.768045152304321,2.274637683317839,0.032595013901054612
639049412445002431,nan,79.771605288913292,0.0017880543181574575,0.012827805818274585,204,0,1,1,2,8.7812484583747832,2.3175057058476085,0.032595013894624929,8.781552857518319,2.3157437525547837,0.045422819712899513
639049412445301961,nan,85.110090045460268,0.014048306630155405,0.013691829258601289,202,0,2,1,2,8.8018207759186566,2.3774222126524776,0.045422819705907044,8.790761927114719,2.3687586809069066,0.031730990447305756
639049412445502445,nan,90.803349014814629,0.017972420295055185,0.0064685567617449521,202,0,0,1,2,8.7969258209115502,2.4042430894661395,0.03173099044051679,8.7906797623669348,2.4210952300992861,0.038199547202261742
639049412445802285,nan,87.989173350585375,0.0032249203564777714,0.012760446887777173,204,0,1,1,2,8.7905568783563623,2.4993687626996088,0.03819954719669439,8.7929027480231863,2.4971558445330468,0.025439100308917217
639049412446002084,nan,74.856120306762278,0.010258533342232774,0.017174491502485238,200,0,2,1,2,8.7943840390821961,2.5478389912221178,0.025439100303642399,8.7945772666701849,2.5580957046056993,0.042613591806127636
639049412446302203,nan,87.286943459992401,0.033772736077103301,0.0059837858731428273,200,0,0,1,2,8.7970925688579769,2.6496337496667075,0.042613591802290421,8.7916233472170422,2.6163068038604083,0.036629805929147594
639049412446501986,nan,83.617211218429148,0.0046238210999125133,0.011411725697577278,203,0,0,1,2,8.7896569842406649,2.6550567265324267,0.036629805925283997,8.7879946930894359,2.6593714118850964,0.048041531622861275
639049412446802238,nan,81.473998515947329,0.022075761046238488,0.0080229742015296285,206,0,0,1,2,8.7825412227785389,2.7240928080430713,0.048041531619941708,8.780128886914186,2.7021492472233644,0.040018557418412079
639049412447002587,nan,72.695788045134023,0.018960052615895839,0.011337187588609396,206,0,0,1,2,8.7748802744106715,2.7306935917479191,0.040018557415836827,8.7711718269064018,2.7492874351458187,0.051355745004446222
639049412447302673,nan,72.129588011654633,0.02207335786778827,0.0080249073175783295,208,0,0,1,2,8.7577557963322743,2.8198917818652816,0.051355745002378113,8.7595046830865506,2.7978878157982252,0.043330837684799783
639049412447501753,nan,58.435786215203152,0.017569700039458798,0.009518261456932256,207,0,0,1,2,8.7517645852757369,2.8301297857011232,0.043330837683064824,8.7453295030043243,2.8464786106019138,0.05284909913999708
639049412447802516,nan,68.236049762948568,0.021441742109597078,0.0049834860722600821,209,0,0,1,2,8.7239141439171703,2.9198878592333273,0.052849099138740412,8.7287957736613944,2.8990092099538654,0.047865613066480329
639049412448002391,nan,62.911255801532896,0.015467835676149361,0.0079288708628690099,202,0,0,1,2,8.7178081217480337,2.9339189347054848,0.047865613065292037,8.7121685251659446,2.9483220208642096,0.055794483928161047
639049412448302702,nan,57.018562788683553,0.022528282205775903,0.0025461430147156669,201,0,0,1,2,8.6871861830875599,3.0224142262790759,0.055794483927900332,8.6955747089067614,3.0015059472077685,0.053248340913184665
639049412448501618,nan,53.541739189791571,0.026246852914541853,0.0099494632291902904,201,0,0,1,2,8.6845835179247075,3.0367332079226785,0.053248340913061583,8.6800517578386103,3.0625858758399294,0.063197804142251873
639049412448802437,nan,62.301699875352057,0.044628205039811471,0.0016176177608106801,209,0,0,0,0,8.6565765290115166,3.1549565400961881,0.063197804142245045,8.6643006406468448,3.1110018499650947,0.064815421903055725
639049412449004525,nan,45.829908735366857,0.022066289224751325,0.00062742976357196834,210,0,0,0,0,8.6537191555310464,3.1435273466225744,0.064815421903046289,8.649510390474008,3.165188542730939,0.065442851666618257
639049412449303332,nan,55.587532428217344,0.012460881936446721,0.0024534349233286123,209,0,0,0,0,8.6276415497541485,3.2453089017096199,0.065442851666632496,8.6302164059670705,3.2331169496872061,0.067896286589961108
639049412449503059,nan,66.756260814170062,0.026768608775372679,0.0023168847296016204,204,0,0,1,2,8.6173200225369069,3.2785212974305802,0.067896286589961247,8.6144193371260016,3.3051322808756902,0.070213171319562867
639049412449802782,nan,70.897587956030421,0.054179231823335984,0.00015323023609620234,206,0,0,0,0,8.5907132540012778,3.4132030530287092,0.070213171319571083,8.5991627447650369,3.3596867446096867,0.07005994108347488
639049412450014729,nan,69.548871326658556,0.02347546064545215,0.00047554272378128037,215,0,0,0,0,8.588374153361876,3.3982645478647902,0.070059941083470648,8.5824776149225315,3.4209874017117325,0.069584398359689367
639049412450303015,nan,72.801936605818369,0.014350473371685405,0.00039411998966848438,207,0,0,0,0,8.5597828405601835,3.5043673091099046,0.069584398359695279,8.5643164476465188,3.4907517851472294,0.069190278370026795
639049412450502305,nan,84.794473076941784,0.031102879346274568,0.00077815760199027861,209,0,0,1,2,8.5517617657457787,3.5389793923666577,0.069190278370030556,8.5465598953336066,3.5696441872924987,0.068412120768040277
639049412450802158,nan,69.905056411789076,0.026433429595973772,0.0016576830072031201,200,0,0,0,0,8.5198432739241845,3.6883461967283231,0.068412120768051032,8.5265179692668482,3.662769358724224,0.070069803775254152
639049412451002710,nan,78.168857005150272,0.014199894301494934,0.0038062249434987622,211,0,0,0,0,8.513113239760921,3.7250546764665025,0.070069803775270237,8.5086767995025561,3.7115656069653253,0.066263578831771475
639049412451243875,nan,99.295552153498264,0.029340836518238319,0.00040590580629742967,213,0,0,1,2,8.4872226843294065,3.7702433923130916,0.066263578831780356,8.4877974523765776,3.7995785986236315,0.065857673025482927
639049412451504113,nan,78.005385954188981,0.005749994857722319,0.0016414745809207598,203,0,0,0,0,8.4652668217404141,3.8945522677844728,0.065857673025496971,8.466801299971733,3.9000937312573689,0.067499147606417731
639049412451802974,nan,89.33535677340501,0.037632385339310799,0.0008172249700524048,204,0,0,0,0,8.4426890215809358,4.0155267312575669,0.06749914760642689,8.4495238514758757,3.9785202247129927,0.068316372576479295
639049412452001980,nan,107.86977314958996,0.030878933882707113,0.0020896205841876847,201,0,0,1,2,8.4380191187895548,4.0307429729358448,0.06831637257648962,8.4285289389230496,4.0601274083368182,0.066226751992301935
639049412452302927,nan,103.3553030023668,0.02476735264707771,0.001756274166250682,212,0,0,0,0,8.396779363794483,4.1835379441500065,0.066226751992328733,8.4040274687620116,4.1598548968054523,0.067983026158579415
639049412452502856,nan,117.55665363755926,0.035155969794847607,0.00097547710925709186,202,0,0,1,2,8.387750335486631,4.2261071506642569,0.06798302615859067,8.3857368949211057,4.2612054165659412,0.067007549049333578
639049412452802398,nan,114.80426035154228,0.037375398330494754,0.00050239837590740355,210,0,0,0,0,8.3583331912590424,4.4130530094118834,0.067007549049314011,8.3614761928815682,4.3758099974342795,0.066505150673406607
639049412453002904,nan,128.81757471627029,0.018508838334296982,0.001097384687353653,207,0,0,1,2,8.3452366794806441,4.4525234669697271,0.066505150673409605,8.3385848503356925,4.4697957067061225,0.065407765986055952
639049412453302856,nan,102.69088519145545,0.042516187223732696,0.00010224774201048059,207,0,0,0,0,8.3043399699863745,4.6103959953134854,0.065407765986059657,8.3153098383574573,4.5693193819676337,0.065510013728070138
639049412453503221,nan,132.31661182584025,0.040048556511858596,0.0020830391192280112,210,0,0,1,2,8.2997623581772313,4.6358002228814223,0.065510013728070651,8.2916444242125831,4.6750173878328711,0.067593052847298662
639049412453803287,nan,112.64275906933022,0.03601459020191098,0.00081349129889060623,203,0,0,0,0,8.2562031736908068,4.8333103922396203,0.067593052847297511,8.267288290402135,4.7990442151124908,0.066779561548406904
639049412454003270,nan,152.83295234835887,0.0033101439869777757,0.0023573064321581738,205,0,0,1,2,8.2510558191864192,4.8817035533909365,0.066779561548411359,8.2480431136495422,4.8830749244430578,0.069136867980569533
639049412454303310,nan,117.3027635756825,0.016639417152941524,0.0022226308543689816,214,0,0,0,0,8.2191690451894832,5.009148510835618,0.069136867980581537,8.2230178691322457,4.9929603436309211,0.066914237126212556
639049412454503586,nan,143.35317241119714,0.028429475112104041,0.00023396729039111552,208,0,0,1,2,8.2063135768014028,5.06630860457369,0.066914237126219564,8.1996327806573763,5.0939419543169207,0.06714820441661068
639049412454803455,nan,171.76914529855944,0.044138228394968969,0.0022936899581659093,206,0,0,0,0,8.1646187844927312,5.2451395746748268,0.06714820441662378,8.1686905347821259,5.2011895569794122,0.064854514458457871
639049412455003252,nan,170.68025695583842,0.038079580039957005,0.00089376318486168727,211,0,0,1,2,8.1480743060317806,5.2726465907813651,0.064854514458449156,8.146321820130531,5.3106858232813172,0.063960751273587468
639049412455303474,nan,203.60399124534999,0.034555833405862088,0.0047024545953550517,208,0,0,0,0,8.1127098026821649,5.475218764525132,0.063960751273584387,8.1274024764522004,5.4439420805598999,0.068663205868939439
639049412455503311,nan,180.84114651058906,0.026894509235159868,0.0035948488232155351,208,0,0,1,2,8.1148091792166657,5.5326415452419688,0.068663205868926949,8.1066011296419234,5.5582529206282825,0.065068357045711414
639049412455803506,nan,157.50579151170027,0.034724077856287457,0.0023155469913330451,219,0,0,0,0,8.0753533611820725,5.729970583695323,0.065068357045711928,8.0715342331020299,5.6954571682793178,0.062752810054378882
639049412456003392,nan,194.91244999108227,0.023534849008273923,5.4924227458424957e-05,200,0,0,1,2,8.0481848046246292,5.7868151464134465,0.062752810054380354,8.0447228412797553,5.8100939764450654,0.062697885826921929
639049412456303360,nan,160.33402336145713,0.025590324230664121,0.0035533389177978547,205,0,0,0,0,8.0044871090016372,5.9821289067146344,0.062697885826911701,8.0125850486355912,5.9578536504252488,0.059144546909113846
639049412456503475,nan,223.64380308104037,0.025936276499770618,0.0012316377929096067,207,0,0,1,2,7.9911452471401416,6.0564272554716014,0.05914454690908149,7.98797267769997,6.0821687636212776,0.057912909116171883
639049412456803398,nan,188.77000414183385,0.04630389969567747,0.0011254889726006398,203,0,0,0,0,7.9510848075846647,6.2684864394331488,0.057912909116166297,7.9582049084169935,6.222733239641606,0.056787420143565658
639049412457003488,nan,215.29522573337732,0.054593393593948422,0.004095731890822886,200,0,0,1,2,7.9383457013677479,6.3165091288095176,0.056787420143570883,7.9329402447724471,6.3708342580141508,0.060883152034393768
639049412457303596,nan,203.16299750938771,0.078059992139613357,0.0020124756871796878,209,0,1,0,0,7.8950466585010819,6.5929658009285781,0.060883152034400416,7.9031599803386126,6.515328590896293,0.058870676347220728
639049412457503421,nan,201.03778326732265,0.044720904330078456,0.00043444661196351264,200,0,0,1,2,7.883330980976746,6.6115392219630227,0.058870676347204096,7.875968115760843,6.6556498499330763,0.059305122959167608
639049412457803448,nan,192.5313195787493,0.070385479216240734,0.0027649015194411292,205,0,1,0,0,7.8351409241998544,6.8663350313919977,0.059305122959184275,7.8459174428175231,6.796779425356374,0.056540221439743146
639049412458003470,nan,203.97165203843548,0.041250520661332078,0.0017408222086875424,202,0,0,1,2,7.8258832602157282,6.8908676905302375,0.056540221439784932,7.8228011522685756,6.9320029073818974,0.058281043648472475
639049412458304059,nan,182.79312073069175,0.065590924497307607,0.0021862466605201206,204,0,1,0,0,7.7880624602256123,7.1352140103534207,0.058281043648469311,7.7969800593309451,7.0702321220874733,0.060467290308989431
639049412458503541,nan,198.43992777767303,0.053876756249028504,2.6262444582147992e-05,200,0,0,1,2,7.7798442251474436,7.1619661516357862,0.060467290308972743,7.7684866439612481,7.2146321768656838,0.060441027864390595
639049412458803656,nan,188.86981796173527,0.07402302201680297,0.0019010106256550849,208,0,1,0,0,7.7256191102806326,7.4318779556315002,0.060441027864388146,7.7343230830040444,7.3583684416395672,0.058540017238733061
639049412459003240,nan,240.30802418986974,0.0421602826159653,0.0006303527175175877,209,0,0,1,2,7.7116034583598827,7.4539566617173065,0.05854001723873542,7.7068493283673201,7.4958480412394932,0.059170369956253008
639049412459303189,nan,205.78250157250844,0.050042042731327577,0.0030149060093030214,205,0,0,0,0,7.6655598200423505,7.7024621406682963,0.059170369956276461,7.6774146534421952,7.6538445618949149,0.062185275965579483
639049412459503765,nan,215.69069543855488,0.041377667917160896,0.00013094608190755003,207,0,0,1,2,7.657731676143448,7.7594968898806123,0.06218527596560261,7.6503364544683148,7.8002083391134569,0.06231622204751016
639049412459803828,nan,189.23689364420483,0.070668975626469011,0.0049692304267094367,201,0,1,0,0,7.6098272927605359,8.0191695013837556,0.062316222047494901,7.615487350760505,7.9487275546507794,0.067285452474204338
639049412460003016,nan,182.27380124173641,0.031777732024817588,0.005303137261447495,206,0,0,1,2,7.5923537979087667,8.0473176690749106,0.067285452474182952,7.5901795940027306,8.0790209353106803,0.061982315212735457
639049412460303571,nan,174.57477635095242,0.05441680750342813,3.6450102700209819e-05,208,0,0,0,0,7.5519926910149353,8.2756207657434206,0.061982315212734798,7.5617847575190895,8.2220922278179049,0.062018765315435008
639049412460503515,nan,177.81690826631714,0.057201799595993037,0.00081879229867394543,206,0,0,1,2,7.5428951127423094,8.3172703034082787,0.062018765315428943,7.5316065771358289,8.3733471688777517,0.061199973016754998
639049412460803268,nan,158.2051866957643,0.054253230030484142,0.0010515672153703776,200,0,0,0,0,7.4863639086665401,8.6001062731645135,0.061199973016779541,7.502196925771015,8.5482147657850778,0.060148405801409163
639049412461003377,nan,154.90032165623089,0.0046407940341277173,0.0028764568825369527,219,0,0,1,2,7.4825636412835816,8.6649528132759386,0.060148405801436565,7.4781283185067782,8.6663184197832326,0.063024862683973518
639049412461303527,nan,143.40032948217558,0.023663927881948009,0.002647318545134697,204,0,0,0,0,7.4420270313564716,8.8434659331261916,0.063024862683977223,7.4459286367426012,8.8201258611851507,0.060377544138842526
639049412461503766,nan,144.89670763176596,0.012358437964254565,1.1853260730929072e-06,212,0,0,1,2,7.4244472705031308,8.9227353839533627,0.06037754413884508,7.4259636900269932,8.935000434330103,0.060378729464918172
639049412461805081,nan,148.59608494542624,0.04804723800073181,0.0012247347365128766,206,0,0,0,0,7.3959209015611425,9.1078610259589627,0.060378729464965294,7.4027081112349062,9.060295588251071,0.061603464201478171
639049412462007191,nan,158.20954966884665,0.062530929503862132,0.0011442462459191061,201,0,1,1,2,7.3871092030170322,9.1443385451532055,0.061603464201540878,7.378439431623514,9.2062655361070789,0.062747710447459984
639049412462303402,nan,145.02759571251514,0.028183140443472487,0.00077845140330605467,205,0,0,0,0,7.3428714248135094,9.4201980690068652,0.062747710447503838,7.3500202536335433,9.3929366741093485,0.063526161850809892
639049412462504119,nan,162.96525404151407,0.0066884836899852983,0.0021423840114749432,203,0,0,1,2,7.3307629939483423,9.5194278267215111,0.063526161850899515,7.3324015497717197,9.5129431564226543,0.065668545862374458
639049412462803475,nan,153.39533841538346,0.054364690803414085,0.001440525987647337,205,0,0,0,0,7.3061244296809447,9.6919248097922335,0.065668545862476113,7.3130822546490792,9.638007203411167,0.064228019874828776
639049412463006657,nan,227.56972303926773,0.0063942408480203682,0.0015382631262195468,210,0,0,1,2,7.2999696628800539,9.7228919666870652,0.06422801987500272,7.2980000620593639,9.7168086297220739,0.065766283001222267
639049412463303926,nan,142.63613965674602,0.053510104520682736,0.0057074722282626777,214,0,0,0,0,7.2759337948262814,9.8321004429634886,0.065766283001340006,7.2743919631038727,9.8855883298235447,0.071473755229602684
639049412463504172,nan,157.67873420494115,0.071876429160792177,0.00053758911470852544,202,0,1,1,2,7.25848910278732,9.99928151621876,0.071473755229721173,7.2557557373492223,10.071105953440977,0.070936166115012647
639049412463803290,nan,125.59168097184266,0.10996394050383426,0.0067454757351486927,204,1,2,0,0,7.2279178251048855,10.348223401685631,0.070936166115382851,7.234892026142127,10.238480845076889,0.077681641850531544
639049412464003379,nan,159.48441872666163,0.031330094774819427,0.0012212695393587353,207,0,0,1,2,7.2209356640652329,10.350442929246141,0.077681641850906882,7.228929693540322,10.320149855262958,0.078902911390265618
639049412464303874,nan,133.30354098620884,0.010750899881724403,0.0073573312785097378,202,0,0,0,0,7.2199754225150317,10.442800921617744,0.078902911390236752,7.2162833532598096,10.452897974300656,0.08626024266874649
639049412464503673,nan,169.53947742721371,0.026454300638296149,0.0084194821658386682,202,0,0,1,2,7.2078748068889675,10.541162143207337,0.086260242668751222,7.2077848821343089,10.567616291006876,0.077840760502912554
639049412464803992,nan,126.88277551899554,0.011889100629712641,0.0026098429449783467,206,0,0,0,0,7.1950107824143945,10.740050037696777,0.077840760502912859,7.1917958615753728,10.751496216001446,0.080450603447891206
639049412465003553,nan,96.841857329552383,0.042273147154606332,0.0045719076943635945,218,0,0,1,2,7.1811712093497002,10.873683828879223,0.080450603447879493,7.1745050768167591,10.915428069768335,0.075878695753515898
639049412465305895,nan,85.218869767257388,0.062686323726731372,0.001437254963072343,201,0,1,0,0,7.148308924033957,11.163790648286128,0.075878695753521422,7.164559243500543,11.103247256412146,0.074441440790449079
639049412465503817,nan,79.969978415065853,0.0076218801783569318,0.0019501574229692509,200,0,0,1,2,7.158048407356004,11.226199241445375,0.074441440790478042,7.1534507540369283,11.232278274379224,0.072491283367508791
639049412465803035,nan,82.854185379453895,0.043687788090802177,0.0012668639193591374,207,0,0,1,2,7.1366569665836694,11.427347054676883,0.072491283367553214,7.1358673542984086,11.383666402887952,0.073758147286912351
639049412466103305,nan,93.278190403841108,0.034660316296422355,0.0045146338131419328,208,0,0,0,0,7.118222134293311,11.535586786512319,0.073758147286899695,7.1225675176243382,11.501199940633779,0.078272781100041627
639049412466303570,nan,90.526477326625383,0.087274956260553982,0.0016556146249697284,206,0,1,1,2,7.1136971949429757,11.579588903689254,0.07827278110002879,7.1125303813255485,11.666856059803475,0.076617166475059062
639049412466504058,nan,94.844789020652669,0.0019018641917568926,0.0034540954725473388,206,0,0,0,0,7.1024820684287784,11.832696641133683,0.076617166475048584,7.1012291492512958,11.834127473387507,0.080071261947595923
639049412466803042,nan,108.74838657165154,0.10583262919730128,0.0032232044989366077,208,1,1,0,0,7.0843758334893128,12.083576200089396,0.080071261947606831,7.0914927189497101,11.977983135240624,0.076848057448670223
639049412467003185,nan,148.47468688758249,0.012654876020499351,0.0057602830551298501,204,0,0,1,2,7.0849750512154825,12.074281611848965,0.076848057448692206,7.0864252816255657,12.086853116088788,0.082608340503822056
639049412467304151,nan,110.13294204060469,0.027936326235397387,0.0034655677627453557,202,0,0,0,0,7.0788050983481172,12.250566874031602,0.082608340503896399,7.0791600530084029,12.222632802886856,0.079142772741151043
639049412467503579,nan,139.56463273206396,0.021439464570225313,0.0074801600063668511,201,0,0,1,2,7.074345921137482,12.312604000227305,0.079142772741198728,7.0813659407212164,12.332861590560361,0.086622932747565579
639049412467804242,nan,113.55990892118692,0.026421533890126501,0.00043506463203314694,201,0,0,0,0,7.0846915961828252,12.499045466386619,0.086622932747686843,7.0616654105180885,12.512002789676565,0.086187868115653696
639049412468003692,nan,122.90690392740534,0.04971911582864761,0.0032554056382004676,200,0,0,1,2,7.0485967231537838,12.630839201751636,0.086187868115776001,7.0498741166558432,12.680541905346344,0.089443273753976468
639049412468303647,nan,116.65210675155623,0.08029467603565317,0.0084907499885514826,206,0,1,0,0,7.0321410630060575,12.934009693968697,0.089443273753977301,7.031081991731412,12.853722002709665,0.097934023742528784
639049412468504055,nan,108.36087928444115,0.030009179783394374,0.0036613082568379973,201,0,0,1,2,7.0185264678299752,12.969428281826161,0.097934023742514698,7.0270004033188309,12.940640380051235,0.0942727154856767
639049412468803787,nan,106.67101230363662,0.0084977656003877855,0.0047419033092064994,202,0,0,0,0,7.0208959431272229,13.070636283794316,0.094272715485676714,7.0133964476255137,13.074632480413475,0.099014618794883213
639049412469004398,nan,116.26847009146414,0.03100321107078723,0.0033387661591433304,205,0,0,1,2,7.0042913031778333,13.164313559663503,0.09901461879484097,7.0046757966489679,13.195314386450388,0.095675852635697639
639049412469303845,nan,89.704817375509037,0.021512428014716541,0.0005297379304362998,211,0,0,1,2,6.9916587000143178,13.375453235850646,0.09567585263571135,6.98965678917377,13.396872314077191,0.095146114705275051
639049412469504175,nan,215.79959847915279,0.034469361923735432,0.0015092651929750761,207,0,0,0,0,6.9796090753295621,13.5317145387162,0.095146114705268958,6.9780768541505829,13.566149828894854,0.093636849512293882
639049412469803496,nan,241.13289684601037,0.10457207551076989,0.0033044822336570079,209,1,1,0,0,6.9607748138616827,13.81907407894596,0.093636849512293077,6.9669015118678717,13.714681634065254,0.090332367278636069
639049412470003577,nan,257.4367734720322,0.015385360382780261,0.00041962778795449907,201,0,0,1,2,6.9594313588907433,13.813967658468149,0.09033236727865053,6.9550797489506895,13.828724785730515,0.089912739490696031
639049412470304104,nan,153.9480765446491,0.034953757782590737,0.0026788628815331561,208,0,0,0,0,6.9373231456539646,14.00002064211121,0.089912739490709007,6.9438449775933249,13.965680710671576,0.092591602372242163
639049412470504533,nan,144.84889036186561,0.047392516658543278,0.0017922237012692049,205,0,0,1,2,6.9363522265646811,14.057020054823722,0.092591602372246312,6.9306091274638266,14.104063305646216,0.090799378670977107
639049412470803817,nan,136.29015910393466,0.040692942363636062,0.0012454093663882698,202,0,0,0,0,6.9108451303867735,14.310698555806573,0.090799378670974262,6.9211476255166877,14.271331384809557,0.089553969304585992
639049412471104102,nan,156.19452554436143,0.032302426802062176,0.0042193661746806471,200,0,0,1,2,6.9116544781643512,14.43915891702499,0.089553969304588796,6.9085174812547123,14.407009173204992,0.093773335479269443
639049412471303761,nan,120.47343327287014,0.051289793788321755,0.0032542723549688346,217,0,0,0,0,6.9001197192179751,14.497221110375495,0.093773335479280767,6.8990805175886134,14.548500375257337,0.090519063124311933
639049412471503880,nan,144.74411328419481,0.013102214355604259,0.0024337459699531189,219,0,0,1,2,6.8896218118358243,14.6903175628798,0.090519063124329086,6.887326545091689,14.703217166423842,0.092952809094282204
639049412471804176,nan,119.77367225268574,0.076639318894611924,0.00099900875003992862,209,0,1,0,0,6.8696886849937648,14.935383195237382,0.092952809094291752,6.8764257028340525,14.859040561072391,0.091953800344251824
639049412472003199,nan,114.58900855194881,0.034967430298627887,0.00064883436213311607,211,0,0,1,2,6.8692011033434115,14.962313463385902,0.091953800344252601,6.8653577553019725,14.997069036428535,0.092602634706385717
639049412472304370,nan,113.65960802898086,0.054362542438891229,0.0018328902794329388,205,0,0,0,0,6.8486092145494757,15.205940242025301,0.092602634706379097,6.8554745821950238,15.15201295072014,0.090769744426946158
639049412472604285,nan,119.48578173052323,0.024093192785656494,0.0030323358557696051,209,0,0,1,2,6.8456326257570845,15.30631068873199,0.090769744426914087,6.8504625022833494,15.282706574019766,0.087737408571144482
639049412472804064,nan,98.655333920316167,0.040199670148477466,0.003520416170219906,204,0,0,0,0,6.8471238619596759,15.369764044867093,0.087737408571132353,6.8404254837099439,15.409401718977337,0.091257824741352259
639049412473003895,nan,106.41229337605913,0.050455111300178088,0.00087760342021145354,207,0,0,1,2,6.8303858526248842,15.536129841112379,0.091257824741352814,6.8298879841293276,15.586582495980824,0.092135428161564267
639049412473303906,nan,92.716131441285739,0.079935421129253517,0.0041850202114939034,206,0,1,0,0,6.8140677871294617,15.852588181232829,0.092135428161556787,6.8159732894613088,15.772675475034287,0.096320448373050691
639049412473504329,nan,96.103802908547266,0.022682342711097522,0.0021889626837766213,207,0,0,1,2,6.8066775474736874,15.89699529377704,0.096320448373050052,6.8065270011505241,15.874313450671414,0.094131485689273431
639049412473804306,nan,87.401372272248921,0.0076975494681996359,0.003922901046584909,202,0,0,0,0,6.7923885578151575,16.026436984485887,0.09413148568928062,6.7916856451996006,16.018771595932769,0.098054386735865529
639049412474004370,nan,95.080332155006147,0.027682111455636031,0.0016947970653771183,205,0,0,1,2,6.7817874828839377,16.115115230189954,0.098054386735914476,6.7822927149725265,16.142792730712561,0.096359589670537357
639049412474304113,nan,89.097270001531612,0.022459899049891405,0.0047622318073098635,200,0,0,0,0,6.7682198928503361,16.328605605604093,0.096359589670572052,6.771674724912808,16.306413012228116,0.10112182147788192
639049412474504149,nan,88.168718543328055,0.052824568103648821,0.00093505912649405332,202,0,0,1,2,6.7645887203702975,16.415606376654459,0.1011218214778727,6.7607690251590977,16.468292664470461,0.10018676235137865
639049412474804454,nan,88.551711028461213,0.079154135881463014,0.0029180819878834724,204,0,1,0,0,6.7443967913384952,16.711315265235509,0.1001867623513738,6.7526025377585377,16.632587614738171,0.097268680363490331
639049412475004166,nan,97.455737310383,0.01565363255963536,0.00071618713816089252,203,0,0,1,2,6.7471715741324223,16.741848776250183,0.09726868036349251,6.7417488479792489,16.756533130283636,0.097984867501653403
639049412475304082,nan,84.89709134246236,0.037966634020717885,0.0030248731241424021,203,0,0,0,0,6.7254494006558776,16.942667379804615,0.097984867501647491,6.7299890500060231,16.904973124504359,0.094959994377505089
639049412475504367,nan,111.83309598990145,0.02828881804080597,0.002096615791996409,203,0,0,1,2,6.7221358139763767,17.004101894701673,0.094959994377498261,6.7149685389952145,17.031467701751534,0.09705661016949467
639049412475804018,nan,85.492928549479018,0.047764700190828388,0.00054096268201390962,215,0,0,0,0,6.6924960066293373,17.220719151269439,0.097056610169489896,6.7021632035455925,17.17394296194087,0.096515647487475986
639049412476103937,nan,109.57078546273776,0.014719241364229569,4.1012272038440378e-05,203,0,0,1,2,6.6893464153395952,17.316545648268384,0.096515647487477194,6.6925242830610259,17.302173549497379,0.096474635215438753
639049412476304649,nan,114.80642639696467,0.030204107688926642,0.00045431477637072892,205,0,0,0,0,6.6860737180474779,17.387988111727989,0.096474635215444651,6.6819267190090361,17.417906175172327,0.096020320439073922
639049412476603571,nan,99.142204535440911,0.020008147849628607,0.0013979386910097369,202,0,0,1,2,6.666143681415126,17.590267707776292,0.096020320439071952,6.6737264059376233,17.571752085475421,0.097418259130081689
639049412476804692,nan,117.49160092835383,0.018939208830861105,2.1606614312039141e-05,208,0,0,0,0,6.6682090630681268,17.675262845225685,0.097418259130075985,6.6673855226440377,17.694184140432643,0.097439865744388024
639049412477004189,nan,140.31691691532296,0.019763706659453824,0.001407744650632356,206,0,0,1,2,6.6610958403412424,17.815627588246652,0.097439865744382792,6.6572247700090745,17.835008478716503,0.096032121093750436
639049412477304176,nan,116.53331607379918,0.072916359894820468,0.0033719353729673024,219,0,1,0,0,6.6419458750848168,18.046768408784427,0.096032121093752962,6.6497005671155929,17.974265579240893,0.092660185720785659
639049412477604186,nan,128.015178627334,0.036697078475326626,0.0033639465571300153,218,0,0,1,2,6.6421757873415581,18.11353335660565,0.092660185720782468,6.6373951839658734,18.07714900007721,0.096024132277912483
639049412477804823,nan,84.908275125982755,0.043358947054045763,0.0038284396953448818,212,0,0,0,0,6.6291657410839351,18.14595410959468,0.096024132277904128,6.6253127090953257,18.189141520192333,0.092195692582559247
639049412478104240,nan,89.81281861503399,0.034488714501106063,0.000102602318940756,218,0,0,1,2,6.6072816461392669,18.356271533077841,0.092195692582547881,6.6150310744657554,18.32266472143866,0.092298294901488637
639049412478304590,nan,88.29256316620986,0.027155820419523188,0.0034906818440598869,211,0,0,0,0,6.6081512864175336,18.412009592871147,0.092298294901479422,6.6074852868881573,18.43915724520582,0.088807613057419535
639049412478504185,nan,130.47916264034444,0.019100525065134193,0.00045151496603833274,200,0,0,1,2,6.5999679348963891,18.555210777930085,0.088807613057413345,6.60030764463463,18.574308281826081,0.089259128023451678
639049412478804861,nan,140.22658225386274,0.073207060918477687,0.0026274710840974297,206,0,1,0,0,6.5894950252693079,18.777903928444651,0.089259128023451442,6.5965163732541523,18.705034357011868,0.091886599107548872
639049412479004690,nan,209.43870104022992,0.019500182796887949,0.00074626533896049452,210,0,0,1,2,6.5939966976941156,18.7919147893653,0.091886599107523018,6.5825096555326095,18.807672485627503,0.091140333768562523
639049412479303904,nan,164.3063550334391,0.033006449044669851,0.0017689162510639289,203,0,0,0,0,6.5615366934683763,18.96135771157368,0.091140333768565771,6.5710686009238355,18.929757578365116,0.089371417517501842
639049412479604664,nan,169.15304837917344,0.019892825809207683,0.0021633855570071664,201,0,0,1,2,6.5595684318671239,19.052473468971051,0.08937141751746927,6.5612455908135727,19.03265146966362,0.087208031960462104
639049412479804842,nan,167.83648484908127,0.038260620586836866,0.00071043305687679137,209,0,0,0,0,6.5547076518660656,19.101134956072556,0.087208031960456234,6.5525876052696974,19.139336794904203,0.087918465017333025
639049412480104372,nan,150.88555739178145,0.037218939276549304,0.00076215387481544383,204,0,0,1,2,6.5396325032607008,19.298971996920969,0.087918465017301536,6.5475058841563287,19.262595365491659,0.08868061889211698
639049412480304081,nan,181.00179748815256,0.010154465793425091,0.0015661030168597628,209,0,0,0,0,6.5441176911812349,19.344776936197267,0.088680618892113122,6.5392047373225308,19.353663783778501,0.087114515875253359
639049412480504312,nan,193.13447746544585,0.02616741270269133,0.003594873204012472,216,0,0,1,2,6.5308818929255423,19.44497023697787,0.087114515875258342,6.5274673652789756,19.470913916140699,0.090709389079270814
639049412480804696,nan,165.89156227398124,0.081049899280369778,0.0021275006582378714,217,0,1,0,0,6.509859108995327,19.646811073721125,0.090709389079265706,6.5212015185956673,19.566558747164095,0.088581888421027835
639049412481108574,nan,185.8120665529558,0.011246514933305803,0.00050545578259611479,203,0,0,0,0,6.5148627889748143,19.663316097627927,0.088581888421016039,6.5092993406281359,19.653542043165274,0.088076432638419924
639049412481304717,nan,190.15078059669682,0.033000393289488353,0.00040503633509199333,202,0,0,1,2,6.50161688617903,19.709686827017869,0.08807643263842127,6.5054467853873561,19.742464225165296,0.087671396303329277
639049412481604786,nan,158.97361981832711,0.029517718305014123,0.0011611079596613727,203,0,0,0,0,6.4995529609911475,19.878501658214471,0.08767139630326852,6.4977032075469081,19.849041955124832,0.086510288343607147
639049412481804729,nan,183.51287467533172,0.02233561858070069,6.9275827907777643e-05,205,0,0,1,2,6.492543480336991,19.920057191824721,0.086510288343468286,6.4833428189020239,19.940409776096544,0.086441012515560509
639049412482004545,nan,155.28590999213088,0.0038261350298084674,0.0023335726888722291,210,0,0,0,0,6.4689915517035415,20.031719561961935,0.086441012515471066,6.4727859758464472,20.032211145820561,0.088774585204343295
639049412482305032,nan,183.70345949646378,0.046942445298069915,0.00054398077525247279,207,0,0,1,2,6.4569103998202975,20.170263745133234,0.088774585204253437,6.4649835841655525,20.124020725496862,0.089318565979505909
639049412482605229,nan,135.90134502680888,0.01124754886520327,0.0044626607609982022,200,0,0,0,0,6.4571887225727727,20.21574169974895,0.089318565979354086,6.4524645386348434,20.205534376809229,0.084855905218355884
639049412482806386,nan,153.73336306435073,0.026832232447302252,0.0037766864876038614,202,0,0,1,2,6.4440757351430671,20.260155314250447,0.084855905218251371,6.4378862351242487,20.286263910298935,0.088632591705855232
639049412483107354,nan,142.5508458755252,0.028238928495844057,0.0034404472579282058,206,0,0,0,0,6.4160744023221259,20.407050192831136,0.088632591705757907,6.4232228205547202,20.379731020088073,0.085192144447829701
639049412483304950,nan,174.80292592761148,0.021206766115301943,0.0045021655288096513,206,0,0,1,2,6.41359577693121,20.441095440976323,0.085192144447735291,6.4071334042751964,20.461293576254707,0.089694309976544942
639049412483604358,nan,132.75305566367823,0.03675537232975281,0.0043234296470201494,207,0,0,1,2,6.3827538624351812,20.584881512330032,0.089694309976361061,6.3857809984062204,20.548251008062255,0.085370880329340912
639049412483804797,nan,137.34385834383264,0.010222019244828776,0.001197426986340247,200,0,0,0,0,6.371486607875668,20.606464752097395,0.085370880329152618,6.3797078879917706,20.612539308105386,0.086568307315492865
639049412484104526,nan,119.21584168079924,0.023602174671007149,0.0021795969452372277,216,0,0,1,2,6.3706263853330434,20.70867363268108,0.086568307315067386,6.3591960005935766,20.688023960676215,0.084388710369830158
639049412484304653,nan,99.55570526145091,0.028317919845421657,0.0050429356395461644,210,0,0,1,2,6.3455003538949306,20.738424546088513,0.084388710369423137,6.3283554830330804,20.760962469406827,0.089431646008969301
639049412484604983,nan,89.9796282930036,0.030036137625801852,0.0034329665172064677,214,0,0,1,2,6.2820732090823199,20.870421074827707,0.089431646008532956,6.2930484074759532,20.842461915618308,0.085998679491326488
639049412484804407,nan,86.846994780791434,0.0064780468816482539,0.0024402287617248664,211,0,0,1,2,6.269603935608659,20.896578872170362,0.085998679490885799,6.2753426097846274,20.899584318909685,0.088438908252610665
639049412485104844,nan,82.703703277670044,0.012512920281517773,0.00243803483616363,212,0,0,1,2,6.2486684043680834,20.985640578325057,0.088438908252224752,6.2529305219640685,20.973875905462219,0.086000873416061122
639049412485304518,nan,75.047207219471986,0.0096372380924755943,0.0039716589381508099,209,0,0,1,2,6.2380351820975335,21.023250976619533,0.086000873415728457,6.2348160035243829,21.032334656896008,0.089972532353879267
639049412485605074,nan,75.802543426668279,0.012790487784412771,5.933925979817456e-05,211,0,0,1,2,6.2075494229773005,21.120328729714373,0.089972532353614576,6.2004172391267822,21.10971136039398,0.090031871613412751
639049412485804538,nan,67.303993205138894,0.01241677988111132,0.002640888133527669,202,0,0,1,2,6.17758849792114,21.161062412399328,0.090031871613146394,6.1692664881162669,21.170277648447502,0.092672759746674063
639049412486105110,nan,76.880104299696782,0.024456449939735229,0.0025665516817545975,215,0,0,1,2,6.1223254685200859,21.261544896335959,0.092672759746471892,6.1365041990977183,21.241617991336394,0.090106208064717294
639049412486304379,nan,72.235431135059443,0.01173404245042624,0.00496103119661645,218,0,0,1,2,6.1147839172004117,21.288914209171477,0.090106208064486881,6.1128518882233154,21.300488102909544,0.095067239261103331
639049412486604509,nan,62.765738625163465,0.019054506572436,0.0042069564026289419,200,0,0,1,2,6.0772278420207728,21.389155615600675,0.095067239260801406,6.0775691101436902,21.3701041653465,0.090860282858172464
639049412486803961,nan,60.764237714306198,0.022674834761221434,0.0029702373534473137,204,0,0,1,2,6.0541218684366385,21.416367660782399,0.090860282857843547,6.0343034849920381,21.427384911305623,0.09383052021129086
639049412487105157,nan,55.556963164316691,0.030798495756277484,0.0079233556388548232,208,0,0,1,2,5.9689672976728989,21.513885580939942,0.093830520210569521,5.9873943930333171,21.48920786837521,0.085907164571714698
639049412487304769,nan,55.476259851640194,0.013587827265513252,0.0045207735994807485,210,0,0,1,2,5.9563062721284439,21.530179873669354,0.085907164570939026,5.9562583515409289,21.543767616433136,0.090427938170419775
639049412487604761,nan,45.251069336894687,0.022330313789068634,0.0077184315893833316,207,0,0,1,2,5.9094647551670407,21.625764129365191,0.090427938169320141,5.917058169975137,21.604764534953144,0.082709506579936809
639049412487804776,nan,44.17121540183652,0.014670086997708675,0.003299308862982242,213,0,0,1,2,5.890922058625895,21.645433281645655,0.082709506578705794,5.8791298807347072,21.654160021764561,0.086008815441688036
639049412488104323,nan,40.685546512294437,0.0089424775628740259,0.0049369928710290278,203,0,0,1,2,5.8223276146191507,21.728135823018963,0.086008815440651643,5.8214498693341667,21.719236527081801,0.081071822569622615
639049412488304701,nan,42.897663605999348,0.0068882768860877184,0.0047431833408877744,201,0,0,1,2,5.7828655893232916,21.76276859377737,0.081071822568533888,5.782673892956919,21.7696542027528,0.085815005909421663
639049412488604403,nan,39.898533237702047,0.015602049391779726,0.0067791617016469546,200,0,0,1,2,5.7246773181222874,21.845063071161256,0.085815005908402769,5.7270002563691023,21.829634918221743,0.079035844206755815
639049412488804769,nan,40.692660220070714,0.014539145766786225,0.0067031862598681824,205,0,0,1,2,5.6897796042928581,21.869735071159162,0.079035844205846154,5.6791723030290893,21.879678507161245,0.085739030465714336
639049412489104285,nan,44.850472561769806,0.02890431729725167,0.0077982469624692935,216,0,0,1,2,5.6076769531564192,21.9544858875791,0.085739030464751065,5.6242305756372568,21.930791222753825,0.077940783502281771
639049412489304117,nan,38.541462565422577,0.01469285398203986,0.0059014019918872812,200,0,0,1,2,5.5875743860909068,21.964892760509059,0.077940783501431507,5.5769107358530814,21.975000506140152,0.083842185493318788
639049412489604762,nan,38.285894396710091,0.020068841237380251,0.0060406373944859593,203,0,0,1,2,5.505718568272747,22.041512876549707,0.083842185492587609,5.519320088998696,22.026756284038129,0.07780154809810165
639049412489804364,nan,45.745450219106488,0.012026362662654343,0.0055253033741502339,205,0,0,1,2,5.4810849336046958,22.061117596483012,0.07780154809723934,5.4701442792303929,22.066111140390472,0.083326851471389574
639049412490104366,nan,28.573922871116547,0.01673439483822772,0.0053817059159420588,207,0,0,1,2,5.3962329893529848,22.125261527738374,0.083326851470618885,5.4085614943089739,22.11394570093907,0.077945145554676826
639049412490304760,nan,35.247599796959364,0.0058221085887227592,0.0058089710168788972,203,0,0,1,2,5.3674256998757937,22.145898017678878,0.077945145553900697,5.3626331350911123,22.149203811260382,0.083754116570779594
639049412490604968,nan,35.937330711003398,0.017670633540687427,0.006912304643273387,202,0,0,1,2,5.2938283761458553,22.202023590212548,0.083754116569929676,5.3058729518346137,22.189093799564318,0.076841811926656289
639049412490806729,nan,29.358407374912492,0.019463929098318244,0.0062386375789157678,208,0,0,1,2,5.2677260958746981,22.21590269183298,0.076841811925803805,5.2503863994798881,22.224744607059908,0.083080449504719572
639049412491104817,nan,34.270482845555634,0.016205652199305205,0.0056302374758794987,206,0,0,1,2,5.1684088348449215,22.277416223005236,0.083080449503875817,5.1771510238328009,22.26377081004318,0.077450212027996318
639049412491305292,nan,28.054110134397803,0.0095790445547852404,0.0089051479939762923,215,0,0,1,2,5.1278975754120335,22.290017348122781,0.077450212027246432,5.1205423662951901,22.29615404050794,0.086355360021222724
639049412491604944,nan,25.559144998003777,0.021475507681905794,0.0060545222778680824,206,0,0,1,2,5.0359288361868968,22.344557580975462,0.086355360020334698,5.0547782132417831,22.334266885428594,0.080300837742466616
639049412491805074,nan,30.37018140998028,0.011080657615305051,0.0064559919252576148,207,0,0,1,2,5.0108559969689788,22.359721491618341,0.080300837741656708,4.999792079994716,22.359112628436471,0.086756829666914323
639049412492104915,nan,32.768326370740311,0.011661745458845333,0.0043682084240439789,202,0,0,1,2,4.9174101423595094,22.396337294549621,0.086756829666164575,4.927676219374864,22.39080520906025,0.082388621242120597
639049412492305026,nan,26.841128323653109,0.0067912300757053193,0.0053828792304953521,217,0,0,1,2,4.879546787494303,22.411956532599078,0.082388621241438767,4.8734783127315282,22.415005207720295,0.087771500471934119
639049412492604998,nan,23.725263212738355,0.012926919356933611,0.0056747127914476142,203,0,0,1,2,4.7922341309943191,22.451281684266068,0.087771500471071365,4.8028125689891139,22.443851886580333,0.082096787679623751
639049412492804996,nan,35.391086899291139,0.020460053729708664,0.005301158513018836,213,0,0,1,2,4.7556981469197366,22.463084608563218,0.08209678767874197,4.7352652048199513,22.464137545298918,0.087397946191760806
639049412493105058,nan,41.663148774524529,0.024636900776994649,0.0042501591888493701,204,0,0,1,2,4.6339222054533211,22.494572626281808,0.087397946190770182,4.657710588847042,22.48816250183615,0.083147787001920812
639049412493307121,nan,36.347629225965008,0.0071315836551393242,0.0055546144243616979,210,0,0,1,2,4.6054849875801906,22.50434100758757,0.083147787000900419,4.5989704809299026,22.507242849853029,0.088702401425262117
639049412493605169,nan,30.756911377915273,0.023562793182056587,0.0092690792081160239,206,0,0,1,2,4.5123273464397311,22.535386842398594,0.088702401424265595,4.5313839939695653,22.521528653214432,0.079433322216149571
639049412493805884,nan,29.721339991095974,0.025617077734982324,0.0071629800352517592,212,0,0,1,2,4.4858691046556158,22.531149167432559,0.079433322215157906,4.4603480182583413,22.5333647533106,0.086596302250409665
639049412494104989,nan,26.338750849467775,0.036611862662244081,0.004693292159858975,202,0,0,1,2,4.35449038173339,22.551002880601857,0.086596302249647816,4.3906979531087096,22.54557699240727,0.081903010089788841
639049412494305245,nan,23.342439895797938,0.012739368024594197,0.0065029409910772884,207,0,0,1,2,4.3440660230286214,22.553753298896773,0.081903010089071027,4.3314697029175404,22.555657036621678,0.088405951080148315
639049412494604957,nan,27.508209939361414,0.021192017056220518,0.0067220797314188896,205,0,0,1,2,4.2428260801482063,22.570743277291566,0.088405951079448472,4.2632348003317491,22.565034886329045,0.081683871348029582
639049412494804764,nan,47.633804748709785,0.018616176738538524,0.0044490033872875701,200,0,0,1,2,4.217745092942792,22.571286754844419,0.081683871347300416,4.201113504096166,22.562923006354819,0.086132874734587986
639049412495104985,nan,30.961053562531372,0.025644024193997327,0.0027275391967377383,206,0,0,1,2,4.1077728419715012,22.559749790612916,0.086132874733981069,4.1324778957483996,22.566625566550428,0.08340533553724333
639049412495305287,nan,35.929871015063199,0.019364337483516184,0.0049486264587391277,205,0,0,1,2,4.0866854640954697,22.569095847484476,0.083405335536750974,4.0674729548633604,22.571515982848794,0.088353961995490102
639049412495606035,nan,36.941612847443231,0.027356899201761414,0.0042691091746977355,203,0,0,1,2,3.969869805811959,22.578858809784627,0.088353961995071992,3.997046016071911,22.57571977651908,0.084084852820374256
639049412495806982,nan,28.671232049770289,0.018651836700664028,0.0061278298367711814,207,0,0,1,2,3.9499897361653935,22.5785285723437,0.084084852819989411,3.9317597110565248,22.574584311089897,0.090212682656760593
639049412496104784,nan,30.335496171054029,0.019679664585336314,0.0015878365808815326,209,0,0,1,2,3.8350058794183712,22.57290155953978,0.090212682656544294,3.8540151700000522,22.577994306320502,0.088624846075662761
639049412496305337,nan,30.271409981343876,0.010149197794576502,0.00542526920138095,207,0,0,1,2,3.8016585674839551,22.580290747491091,0.088624846075548297,3.7932717579494879,22.57457518612706,0.094050115276929247
639049412496605236,nan,23.772803077804713,0.015881344616646587,0.0012575501981708648,207,0,0,0,0,3.7024384693397328,22.569462369430759,0.094050115276831728,3.7172987329342559,22.575065018155602,0.092792565078660863
639049412496805200,nan,32.480533955047193,0.018632078888309422,0.0030175787031303247,202,0,0,1,2,3.666642111958041,22.57539162401876,0.092792565078629374,3.6505662734207718,22.565972400111036,0.095810143781759699
639049412497105127,nan,29.124667111511727,0.019256964192896048,0.0021679308932599506,202,0,0,0,0,3.5504739248755297,22.552334336998413,0.095810143781750609,3.5660018213537024,22.563723590744363,0.09797807467501056
639049412497307849,nan,40.791828070939253,0.0027783284403099561,1.0650397272493617e-05,207,0,0,0,0,3.5088443301910512,22.562203610441053,0.097978074675007479,3.5073265184937665,22.559876518570537,0.097967424277734985
639049412497605338,nan,33.703843045684849,0.018429700464022317,0.0024264823677406511,200,0,0,1,2,3.4212221135821168,22.5542310451936,0.097967424277737261,3.4395855676005613,22.555792267697299,0.10039390664547791
639049412497806572,nan,37.452993510999015,0.015721915637871415,0.0011909032769998606,204,0,0,0,0,3.393762755624175,22.55302950961137,0.10039390664548153,3.3780955536262423,22.554340010614926,0.099203003368481674
639049412498105231,nan,37.223903758610071,0.013596311417173112,0.0026624775447127574,209,0,0,0,0,3.2868358953003325,22.552184660882951,0.099203003368526638,3.3003717823438778,22.553465069449437,0.1018654809132394
639049412498305376,nan,41.054804680653355,0.014200423533791761,0.0019127464064957467,206,0,0,1,2,3.2482855428422761,22.552878731520337,0.1018654809132491,3.2341867075323485,22.551183186934487,0.099952734506753349
639049412498605254,nan,51.040732824688085,0.035273357455292385,0.00030557832308214516,203,0,0,0,0,3.1350213630854133,22.547764233851382,0.099952734506772278,3.1702685631033409,22.549122408017325,0.10025831282985442
639049412498805259,nan,56.383435617331592,0.01823663371451564,0.00044147364774746456,202,0,0,1,2,3.1276380651124125,22.547747962118237,0.10025831282987224,3.1094033477225111,22.547483593156674,0.099816839182124778
639049412499084691,nan,55.817634926624663,0.0066264700871588554,0.0025714760329505204,207,0,0,0,0,3.0243670293089915,22.545193963826698,0.099816839182145664,3.0291674895462961,22.549761861299942,0.10238831521509618
639049412499305300,nan,43.740863659620977,0.011035779446040159,0.00033766078947096434,205,0,0,0,0,2.9658220157408741,22.551560533094218,0.1023883152151248,2.9550586009617823,22.55399719685331,0.10205065442565384
639049412499605373,nan,54.896631225488704,0.02660983241755159,0.00011061187310187903,207,0,0,1,2,2.8542554763194476,22.559758112525408,0.1020506544256756,2.8805901884073486,22.55594155379567,0.10194004255257372
639049412499805619,nan,40.492525964092273,0.017985821646905552,0.0014523581901366434,204,0,0,0,0,2.8308956082872605,22.557239070400897,0.1019400425525957,2.8129117939997839,22.556970362403533,0.10048768436245906
639049412500105192,nan,50.339357545106857,0.020575442160900542,0.0020077534272035374,204,0,0,0,0,2.711663231492381,22.55850948568731,0.10048768436247682,2.7322176527043567,22.559439318337439,0.10249543778968036
639049412500305289,nan,60.891986779337692,0.012686140077847782,8.3870995899459899e-05,204,0,0,1,2,2.6783187512987192,22.561088434497798,0.10249543778969285,2.6656946860303328,22.56234188021832,0.10257930878559231
639049412500605293,nan,57.828462307791227,0.027366585862940402,0.0010800237271931384,206,0,0,0,0,2.56595727820276,22.566693670472603,0.10257930878560872,2.5933203566193486,22.567131804426221,0.10365933251280186
639049412500806122,nan,66.567353528258394,0.020843325208707436,0.0027498972595333265,204,0,0,1,2,2.5448714552671046,22.570338280635703,0.10365933251281709,2.5241718806365427,22.567894550726376,0.10090943525328376
639049412501105396,nan,65.048285454127424,0.026125395880521967,0.001355961446147122,210,0,0,0,0,2.4211272954358085,22.569031190037592,0.10090943525330674,2.4470734975108179,22.572085843503498,0.10226539669945386
639049412501305492,nan,68.956046266092571,0.016431878954621389,0.0011247868318072091,212,0,0,1,2,2.3955251569602689,22.574888161511513,0.10226539669947469,2.3793298954903195,22.577666677644146,0.10114060986766749
639049412501607771,nan,69.877560580230295,0.024572869195079405,0.0015183995670192685,202,0,0,0,0,2.2769916764596831,22.586097475677096,0.10114060986769907,2.301463837216069,22.583875033688631,0.10265900943471834
639049412501905733,nan,80.320707379598076,0.0089003958999197587,0.00094019377046274111,202,0,0,1,2,2.2247098236871361,22.589994725045713,0.10265900943472779,2.2335335742386073,22.588829189383144,0.10171881566426505
639049412502105858,nan,69.76523075150574,0.014188157219081586,0.001856392448815844,211,0,0,0,0,2.187908481514151,22.592156628480627,0.10171881566428159,2.1739245783633088,22.594555431920103,0.099862423215465748
639049412502305886,nan,88.638296570102241,0.010379797432963621,0.0023142948733050339,208,0,0,0,0,2.1143444747933189,22.600278898964113,0.099862423215481874,2.1039826177309795,22.599668888333873,0.09754812834217684
639049412502606069,nan,103.19352120620738,0.022213010982859528,0.0012334933009549853,207,0,0,1,2,1.999020374602545,22.607342677436673,0.097548128342188137,2.021202344427421,22.606168764487204,0.098781621643143122
639049412502806129,nan,84.457662417884606,0.014106484273406029,0.00069031542000420887,202,0,0,0,0,1.9660325930520601,22.610500672767273,0.098781621643148187,1.9525923524033055,22.61478469305894,0.098091306223143979
639049412503107858,nan,105.75531641140067,0.038680308462273549,0.0044092900249122907,201,0,0,0,0,1.849115274109572,22.627779172275282,0.098091306223145144,1.8872161515388348,22.62110913465493,0.093682016198232854
639049412503406056,nan,121.98095016858754,0.0020577731816884747,0.001786747311698797,203,0,0,0,0,1.8226050192135248,22.627359564129858,0.093682016198224943,1.8236895033353393,22.625610757491945,0.091895268886526146
639049412503605968,nan,145.020246802039,0.022965738980697491,0.0018133224824045668,223,0,0,1,2,1.7811012254271803,22.628628646359722,0.091895268886519832,1.7584048909567804,22.632136005556792,0.093708591368924399
639049412503806784,nan,101.80072901498473,0.021549338012200492,0.0027550077453136201,205,0,0,0,0,1.6928250622350796,22.638690760726018,0.093708591368919056,1.6713201563882516,22.640073870730006,0.096463599114232676
639049412504105932,nan,144.06368207796572,0.053806517855911513,0.0023471355246870579,208,0,0,0,0,1.5415933209931323,22.651898608255088,0.096463599114230109,1.5953353098953906,22.649264221683595,0.098810734638917166
639049412504308040,nan,148.92238601211886,0.0060243094239238754,0.0012982308874549264,200,0,0,1,2,1.5439990303448701,22.655473333730232,0.09881073463891614,1.5436065002571475,22.649461826085272,0.097512503751461213
639049412504605995,nan,136.05701851729341,0.0046446778778260105,0.0039918440103614977,205,0,0,0,0,1.467345998566157,22.649753141716033,0.097512503751457896,1.4668514068044252,22.654371411043172,0.10150434776181939
639049412504906026,nan,154.15227623504742,0.00085984174038925064,0.0015365390868804368,203,0,0,0,0,1.3895615226148201,22.659315203510168,0.10150434776181805,1.3898032881856939,22.658490050659324,0.099967808674937611
639049412505106088,nan,173.94923711673636,0.014893611765337853,0.00028785763759822669,214,0,0,1,2,1.3384272613514647,22.66123637780181,0.099967808674932587,1.3239296558066325,22.664647991039423,0.10025566631253081
639049412505390405,nan,120.34528581749629,0.01241107058567786,0.002637751973026875,209,0,0,0,0,1.2303137090645344,22.673399313804609,0.10025566631252721,1.2425351788362251,22.671238214616157,0.097617914339500331
639049412505559951,nan,108.64350664229065,0.019282412935702733,0.0014298537123578342,203,0,0,0,0,1.1939974269873217,22.675168145104102,0.097617914339489922,1.1749261334550654,22.672322585118884,0.096188060627132088
639049412505805829,nan,119.71530866740942,0.017981341477195951,0.0012124475196613332,202,0,0,1,2,1.0768785424754563,22.673895154512852,0.096188060627118738,1.0947123336723568,22.676193965697983,0.097400508146780071
639049412506105978,nan,108.66205141018051,0.03402823155425895,0.002968354907850218,208,0,0,0,0,0.99679348045661476,22.680919850118045,0.09740050814672839,1.030689881310217,22.677927434391215,0.094432153238878172
639049412506406280,nan,96.944543071526482,0.0077942572002016337,0.00083543502475662279,201,0,0,1,2,0.96663479370620931,22.679661786714611,0.09443215323881729,0.95901723504807812,22.681312012575766,0.095267588263573913
639049412506606039,nan,93.85204165660187,0.013240011532481161,0.0012698171309154099,205,0,0,0,0,0.91134104193355137,22.683563412678222,0.095267588263520539,0.89814478602697367,22.684638929032513,0.093997771132605129
639049412506906129,nan,109.89613560796087,0.015517280678480501,0.00054753298400986306,207,0,0,1,2,0.80669852715131229,22.68963682329262,0.093997771132575764,0.82175762165404054,22.685893873598509,0.094545304116585627
639049412507106255,nan,89.220834764014796,0.028107943908501649,0.0042400869747863529,203,0,0,0,0,0.77081604526929726,22.686730779314175,0.094545304116508189,0.74291733049125785,22.683307590085242,0.098785391091294542
639049412507306258,nan,87.329092507898011,0.0047287834645611138,0.00086528550537048887,200,0,0,1,2,0.6641254955801017,22.68072289613491,0.098785391091151517,0.6687387167001837,22.679683865840868,0.099650676596522006
639049412507606288,nan,73.444181365035647,0.04024128994504296,0.0068715132096237724,204,0,0,0,0,0.5574613383821786,22.674247817456397,0.099650676596355944,0.59769349229669722,22.675105260072261,0.092779163386732172
639049412507906425,nan,82.082776206774696,0.00021059712280511165,0.0063980249125636518,208,0,0,1,2,0.52662293096353308,22.670525021430883,0.092779163386238289,0.52658062256106619,22.670318717899129,0.086381138473674637
639049412508106297,nan,76.880870693482962,0.032042002362802649,0.0042289022577721574,201,0,0,1,2,0.47922401041461293,22.6671311876805,0.086381138473152222,0.44718833737760127,22.667768030269791,0.090610040730924379
639049412508406279,nan,64.199119699125376,0.035870068031894256,0.011673318651493153,204,0,0,1,2,0.32803079408036018,22.663939778306414,0.090610040729820554,0.36384881830132471,22.662008218957308,0.078936722078327401
639049412508606122,nan,67.737113484751944,0.011416401832635727,0.0053158163484841869,206,0,0,1,2,0.3083294221016849,22.658171128824829,0.078936722076706864,0.30065689371463034,22.649717340386854,0.084252538425191051
639049412508806258,nan,78.61164673785936,0.0030897542395074877,0.0082126134037751319,213,0,0,1,2,0.23737232022903082,22.637408441533371,0.08425253842328842,0.23537438591697887,22.635051570780597,0.092465151827063552
639049412509106232,nan,93.699843813592594,0.023126704629640771,0.0087032276625094857,217,0,0,1,2,0.13752564808823892,22.613069770545419,0.092465151824441372,0.16055350947296046,22.615205670138728,0.083761924161931886
639049412509405998,nan,51.879244551581934,0.032079874124640056,0.018583589591853425,203,0,1,1,2,0.085784513332902906,22.595373530513925,0.083761924158198567,0.11727794451845908,22.589267622226586,0.065178334566345142
639049412509606328,nan,48.303098494056179,0.023506529280757468,0.0052571667914928649,208,0,0,1,2,0.088357406741208622,22.57193353784664,0.065178334560883733,0.065741558280707921,22.565524144955049,0.070435501352376598
639049412509905896,nan,39.96390262285481,0.018538011799597087,0.011543190029712422,205,0,0,1,2,-0.011324543413849253,22.530018798779839,0.070435501346790191,0.00330922762325575,22.541399072358079,0.05889231131707777
639049412510106180,nan,302.91185443420011,0.010589576685795543,0.02065078434714656,205,1,1,0,0,-0.038431535453565369,22.525269625821693,0.058892311311943009,-0.043619627945220618,22.516038004583667,0.079543095659089569
639049412510406036,nan,297.19404917977039,0.017606215989567919,0.0061332664109878671,200,0,0,1,2,-0.11387935371133799,22.478068579474503,0.079543095656928894,-0.096845493095559385,22.482521267875182,0.073409829245941027
639049412510606131,nan,130.36570314017249,0.040687919069136595,0.013314127744457643,200,0,1,1,2,-0.13236330660356668,22.460155427499519,0.073409829244048083,-0.16717023258876459,22.43908448396019,0.086723956988505727
639049412510908759,nan,54.589818015583909,0.041437371404546709,0.029571882976293769,218,1,2,0,0,-0.27353088759438549,22.373389753743915,0.086723956983969619,-0.23956030005999979,22.397118532294169,0.05715207400767585
639049412511105692,nan,48.251414974735184,0.011918866857795743,0.0099612836960360218,201,0,0,1,2,-0.28666761715330497,22.369809490303854,0.05715207400318803,-0.27733436087088231,22.362396682850502,0.067113357699224052
639049412511405659,nan,47.306320013245774,0.017241535358307546,0.01731930844066077,215,0,1,1,2,-0.33487155219614523,22.309508599024692,0.067113357690410436,-0.31947363795644246,22.3172658394218,0.049794049249749665
639049412511606036,nan,82.095998176715867,0.022879981228605784,0.01679419201642212,201,0,2,1,2,-0.34762254075099414,22.287118579844204,0.049794049241658776,-0.33606735264180865,22.267370892162283,0.066588241258080896
639049412511906568,nan,79.86267093058278,0.053969097013446314,0.0002226474125090333,203,0,0,1,2,-0.36095515045204868,22.192536812952607,0.066588241251902297,-0.41353966088851229,22.204683116695072,0.06681088866441133
639049412512106194,nan,80.580098113553959,0.021526113941040422,0.0054728879517932094,209,0,0,1,2,-0.46500002785794137,22.163043258492227,0.06681088865765869,-0.44397200564984091,22.158439361944922,0.0722837766094519
639049412512405961,nan,50.279170100539297,0.03017867698128119,0.015446836063361134,215,0,1,1,2,-0.48967052534201122,22.088997747975856,0.072283776602771813,-0.46595682197816529,22.107663567462609,0.056836940539410678
639049412512605857,nan,84.005692969348189,0.014975096575922761,0.0095304459438015701,200,0,0,1,2,-0.48061713096736935,22.073804342751963,0.05683694053301306,-0.4729150195982994,22.060961796356615,0.06636738647681463
639049412512907524,nan,51.566460307784602,0.029754441748601781,0.0065672972725322465,216,0,0,1,2,-0.48341577299743194,21.990483231581774,0.066367386471609224,-0.51072183239875057,22.00230295762524,0.059800089199076978
639049412513106170,nan,40.890510680127981,0.023503627490846314,0.015143923306154689,204,0,1,1,2,-0.53561740312925288,21.963676446675642,0.059800089194555692,-0.54504099370498094,21.942144692314013,0.07494401250071038
639049412513406337,nan,68.485367627018391,0.031381443583854952,0.0057324051373733032,200,0,0,1,2,-0.59689947407612987,21.851241648589625,0.074944012497393561,-0.57581139575429696,21.874481441060706,0.069211607360020258
639049412513606043,nan,95.437712462681077,0.01857599939586731,0.0083500930918889438,215,0,0,1,2,-0.5962834460185189,21.829463976599946,0.069211607356750873,-0.58236523722145195,21.817161488337952,0.077561700448639817
639049412513905964,nan,72.628209674813419,0.019026779290318693,0.015059309329151463,202,0,1,1,2,-0.59220787933871732,21.731077657403674,0.077561700443935316,-0.58518534178568682,21.748761047816114,0.062502391114783853
639049412514106982,nan,53.24819891079985,0.011522492283125092,0.0094725031579686453,202,0,0,1,2,-0.5870754787860748,21.702916576262542,0.062502391109125435,-0.58755054987363975,21.691403881709292,0.071974894267094081
639049412514406096,nan,80.565675350272102,0.035038541320993342,0.006549709815435345,200,0,0,1,2,-0.59106997028385155,21.606056642243789,0.071974894262807496,-0.61301703565998611,21.633370113265954,0.065425184447372151
639049412514606327,nan,79.415247619334906,0.02292264514594158,0.011747043930374651,208,0,0,1,2,-0.63006464933064654,21.594521515443123,0.065425184443552054,-0.62670097446806339,21.571847006586136,0.077172228373926705
639049412514906551,nan,98.498630217822949,0.023152139529698929,0.0075468775953776851,211,0,0,1,2,-0.64721851093702276,21.479599985995709,0.077172228371225421,-0.62759475359749251,21.49188533143985,0.069625350775847736
639049412515106605,nan,90.621790133295221,0.011219352311744443,0.011702744119242714,210,0,0,1,2,-0.62819032253921203,21.438602939093752,0.069625350773694056,-0.62110045022725036,21.42990767734409,0.08132809489293677
639049412515406310,nan,74.634761455550816,0.01664725713036495,0.0021546016279131164,203,0,0,1,2,-0.61137120116660459,21.337057682738784,0.081328094891782443,-0.62556247671554566,21.345760490806214,0.079173493263869327
639049412515606878,nan,79.314201067226023,0.026903926634202689,0.0016882048173232911,210,0,0,1,2,-0.62854854544547811,21.289447673504103,0.079173493262437805,-0.60366755831711461,21.2792125502583,0.080861698079761096
639049412515906310,nan,109.13983277455245,0.03458945515756548,0.004999068412092883,206,0,0,1,2,-0.5709801944012407,21.179861791741775,0.080861698078548414,-0.59844487027140669,21.200888488758757,0.075862629666455531
639049412516106547,nan,67.827982333599593,0.026759488609673258,0.010745077706012934,204,0,0,1,2,-0.59495233979300621,21.148511404470892,0.07586262966563935,-0.61351688553090999,21.129238940378396,0.086607707371652284
639049412516406405,nan,66.794029926759336,0.020360099073319576,0.0043594051124084265,205,0,0,1,2,-0.63608746115721349,21.02194263510895,0.086607707371353579,-0.62418036546557376,21.038457922162632,0.090967112483762005
639049412516606298,nan,53.263381074278684,0.027489532070035103,0.0064921654220740366,202,0,0,0,0,-0.63128891349357286,20.977940977228016,0.090967112483685608,-0.6049816286575157,20.969965945066072,0.097459277905759645
639049412516906644,nan,81.879900268572115,0.017435226981179604,0.0035978573698818989,200,0,0,1,2,-0.57613487661840979,20.867054430640636,0.097459277905749625,-0.5747138734226801,20.884431653945956,0.10105713527563152
639049412517106492,nan,110.8332280480487,0.011081427927778154,0.00077420129076644084,200,0,0,0,0,-0.55457393365930241,20.827517771251422,0.10105713527563606,-0.55186067628406299,20.816773643583982,0.1018313365664025
639049412517405618,nan,130.98964053008257,0.029530081982115777,0.0005047726040450784,200,0,0,0,0,-0.5176547525455919,20.715505329627696,0.10183133656644079,-0.5412628221659318,20.733244686737571,0.10132656396239571
639049412517606777,nan,165.62919377267417,0.02107163858446234,0.0022100276405058461,208,0,0,1,2,-0.53413587988559119,20.677072366610709,0.10132656396245178,-0.54088118803937113,20.657109531878518,0.10353659160295763
639049412517906432,nan,116.55328643518095,0.020393262561050198,9.1318814232466128e-05,209,0,0,0,0,-0.54031268961675749,20.54369536781283,0.10353659160296086,-0.53796221322478111,20.56395272249242,0.10344527278872839
639049412518106424,nan,133.58596102926748,0.026570133537911995,0.0023404287659669204,203,0,0,0,0,-0.53601406748678415,20.501779167495023,0.10344527278874729,-0.52553396548556808,20.477363200214029,0.10110484402278037
639049412518406575,nan,156.72614385107417,0.0393460397543903,0.0018349849739668356,207,0,0,1,2,-0.50688146444966398,20.347408343512853,0.1011048440227839,-0.51056581489733044,20.386581502769324,0.10293982899675073
639049412518606288,nan,127.5902020031571,0.01939443525053252,0.00226815087975972,208,0,0,0,0,-0.50060638028465643,20.32617762224994,0.1029398289967552,-0.50319375749246598,20.306956550534981,0.10067167811699548
639049412518906735,nan,173.49602118529108,0.021146347267514534,0.00029032924871222332,201,0,0,0,0,-0.49210328000167014,20.187169265661428,0.10067167811697604,-0.49850075252567727,20.207324670595661,0.10038134886826382
639049412519106526,nan,166.43118573730285,0.014965486763594276,0.0015555767652007252,209,0,0,1,2,-0.49538000192633802,20.141071544670101,0.10038134886826729,-0.48803579886960147,20.128032047918587,0.098825772103066561
639049412519409062,nan,125.33203261141901,0.030338598380491615,0.0032231348007723259,205,0,0,0,0,-0.47218911298638078,20.007962210467294,0.098825772103114246,-0.47398794822233692,20.038247433654298,0.10204890690388657
639049412519606564,nan,144.09057722976135,0.037231122777186036,0.0014432105252579208,212,0,0,0,0,-0.46481720953822647,19.979634108673384,0.10204890690391011,-0.46631076498896312,19.942432955527742,0.10349211742916803
639049412519906613,nan,155.68368592998178,0.041245951471650992,0.0011567118607531957,203,0,0,1,2,-0.45464743422780335,19.796869678460194,0.10349211742923388,-0.46275711666778324,19.837310518752211,0.10464882928998707
639049412520106109,nan,184.32039617815607,0.026018263811011886,0.00024448301366383762,201,0,0,0,0,-0.46039437383083959,19.767416915884109,0.10464882929010164,-0.45029231110309315,19.743439877276639,0.10489331230376547
639049412520411459,nan,280.15321494243557,0.048552557753749656,0.00036163177956050063,200,0,0,1,2,-0.43121359083211969,19.599760804139503,0.10489331230378483,-0.43174164354167527,19.648310490284391,0.10453168052422433
639049412520606512,nan,217.41147643844602,0.024669703009084377,0.0013367937661427215,201,0,0,0,0,-0.41989175534826689,19.587543264736663,0.10453168052424751,-0.42641335458423263,19.563751186433961,0.10319488675810479
639049412520906898,nan,266.20314042281188,0.035974685491972622,0.0027064726168715691,204,0,0,0,0,-0.41820766994072361,19.433527959688334,0.10319488675813353,-0.42566836445472483,19.468720516196992,0.10048841414126196
639049412521106896,nan,309.8871737577926,0.031114007075614868,0.0025997690577204552,226,0,0,1,2,-0.42517234754341304,19.405448779211735,0.10048841414131172,-0.42351468539517984,19.374378961180344,0.10308818319903218
639049412521406886,nan,218.84024774306963,0.031785742501365691,0.0044256033562938557,210,0,0,0,0,-0.42028424218538324,19.232869930642817,0.10308818319911077,-0.42086084134272883,19.264650442907016,0.10751378655540463
639049412521606802,nan,250.03247204904218,0.015689216271194073,0.0060031825165469538,201,0,0,1,2,-0.41909229609925475,19.191526383907945,0.10751378655543169,-0.41833450777759962,19.175855478890561,0.10151060403888473
639049412521906864,nan,207.53132462249096,0.031152226039041508,0.0014155511623101108,207,0,0,0,0,-0.414542631678539,19.042579530528723,0.10151060403889452,-0.40737544507797602,19.072896070955036,0.10292615520120463
639049412522107158,nan,253.75883037334691,0.0059362307136308435,0.0051869891694533848,203,0,0,1,2,-0.40006017521921877,19.004169768880672,0.10292615520121542,-0.40041573492239524,18.998244196133424,0.09773916603176204
639049412522406898,nan,238.54706706323918,0.0088518036019171274,0.0075531141880970654,207,0,0,0,0,-0.39000052766689192,18.886527654654248,0.097739166031763858,-0.39588113904213479,18.893143759011064,0.090186051843666792
639049412522607149,nan,227.6890661045677,0.0018899594586345289,0.0024174354579293983,200,0,0,0,0,-0.39285165562444602,18.822928013250774,0.090186051843696463,-0.39099158613630713,18.823262809090917,0.092603487301625861
639049412522906988,nan,263.22709215499589,0.016641141565221486,0.0033460213740434674,205,0,0,1,2,-0.38367038098012585,18.718628953863693,0.092603487301465962,-0.39114896054929738,18.733494970149884,0.089257465927422494
639049412523107080,nan,221.54885155673827,0.017532623311409239,0.0018513398802323666,210,0,0,0,0,-0.39125398144732615,18.673590066420253,0.089257465927300675,-0.38902038201204314,18.656200301794403,0.091108805807533041
639049412523407195,nan,209.08472910917493,0.023363193973376602,0.00011139343804711377,205,0,0,1,2,-0.38582775888014353,18.540267184061033,0.091108805807390697,-0.37391632796344976,18.520168511314942,0.091220199245437811
639049412523606914,nan,184.31478256219376,0.012260325189342013,8.4364087287333578e-05,206,0,0,0,0,-0.36386495908641586,18.429642768973615,0.091220199245280839,-0.35513788272981212,18.421031514011972,0.091304563332568173
639049412523907234,nan,181.42545188557196,0.044821659140843594,0.00013323994850772403,203,0,0,1,2,-0.32690049583839942,18.271957950505104,0.091304563332336525,-0.33935350069707965,18.315014933656826,0.091171323383828801
639049412524107095,nan,168.00718241447547,0.011355743338450307,0.00024491113234316464,210,0,0,0,0,-0.32884909746904306,18.244461591334105,0.091171323383691646,-0.32729789275121907,18.233212294880897,0.090926412251348482
639049412524407057,nan,161.65153839791557,0.014975116127707239,0.0019750303249640166,202,0,0,1,2,-0.30920419627888962,18.110438551466697,0.090926412251310193,-0.31368491045447905,18.124727613840239,0.088951381926346176
639049412524607216,nan,157.48433500666766,0.026798902511893714,0.0030283871727080358,204,0,0,0,0,-0.30460122344234691,18.052337826892504,0.088951381926324652,-0.30096521077269139,18.025786732984567,0.091979769099032688
639049412524907112,nan,151.80543138706904,0.039354920056256439,0.0046487955011986354,205,0,0,1,2,-0.28190742643239497,17.877544713364703,0.091979769098898545,-0.28921202723034617,17.916215794805709,0.08733097359769991
639049412525107122,nan,138.71424903438347,0.033326613189726441,0.00040512494918673592,206,0,0,0,0,-0.28137346239352118,17.843139517212297,0.087330973597575731,-0.26955628554769667,17.811978363862458,0.086925848648388995
639049412525407277,nan,145.45032301761577,0.042810152712463724,0.0029772611123215914,219,0,0,1,2,-0.24005891469246113,17.655549254894051,0.086925848648111079,-0.24851592615691562,17.697515766928703,0.083948587535789487
639049412525607233,nan,113.08530648959477,0.028975267197774261,0.001794273617609296,201,0,0,1,2,-0.23449934771463407,17.621263553797199,0.083948587535463554,-0.2273067311080475,17.593195201947953,0.08574286115307285
639049412525907777,nan,110.97969427000277,0.043209930947118357,0.0046381092552126163,200,0,0,0,0,-0.19542823625534481,17.436396106739135,0.085742861152898253,-0.19808848482038741,17.479524069941991,0.081104751897685637
639049412526107092,nan,117.41994347636847,0.02318471786046479,0.0040697154662765606,214,0,0,1,2,-0.17871150587945039,17.404139561597894,0.081104751897495081,-0.17420712717232084,17.381396612916333,0.085174467363771642
639049412526407438,nan,126.66300045528904,0.033476110319276428,0.0041592181878672141,218,0,0,0,0,-0.13822052182818617,17.233529221060085,0.085174467363526588,-0.1429248460084393,17.266673138995589,0.081015249175659373
639049412526607149,nan,102.06255824503063,0.021371350676678603,0.0036530579595221019,208,0,0,1,2,-0.12212411733710708,17.190389320665446,0.081015249175532003,-0.12310061451686201,17.169040290640559,0.084668307135054105
639049412526907253,nan,93.707823942621857,0.030494743635953347,3.650688374337574e-05,204,0,0,1,2,-0.093310912559792486,17.022328250128329,0.084668307134847381,-0.095888617137779825,17.052713852451323,0.084631800251104006
639049412527207602,nan,82.598451977104673,0.021992117609236677,0.0057850765623452399,201,0,0,0,0,-0.068654404328853738,16.936292447259458,0.084631800250920639,-0.067108674196801471,16.958230176296379,0.078846723688575399
639049412527407395,nan,101.15192244584534,0.037035427731370689,0.0053617688569737865,205,0,0,1,2,-0.047964175163986683,16.89537936903541,0.078846723688341266,-0.036860097940347489,16.860047763124314,0.084208492545315053
639049412527608078,nan,109.080736720544,0.0076605059988779315,0.0046034142816945428,208,0,0,1,2,-0.0064767760578293074,16.761427985541467,0.084208492545080657,-0.0027455257450208679,16.754737610121357,0.0888119068267752
639049412527907303,nan,79.804548933589956,0.049167261755278753,0.0052240494846955698,202,0,0,1,2,0.048120431337276122,16.597716683922776,0.088811906826259071,0.037626362599156159,16.64575098572713,0.083587857341563501
639049412528108924,nan,90.531731717370874,0.0068526502208314018,0.0011848741520575912,205,0,0,1,2,0.064829372039681907,16.57231463449649,0.083587857341164876,0.070217281703869372,16.568080340635689,0.084772731493222467
639049412528409077,nan,65.554159092350147,0.014998945519515397,0.0021856822834048495,205,0,0,1,2,0.1187353534426118,16.452452121669751,0.084772731492663775,0.10978418732473028,16.464487278163435,0.082587049209258925
639049412528707412,nan,111.89303755447338,0.030084914450134354,0.0079183510302288651,206,0,0,1,2,0.14911143972067348,16.361521669648248,0.082587049208129218,0.14837321094789982,16.391597525342657,0.074668698177900353
639049412528907720,nan,152.00254619018602,0.0094292107025111191,0.00068352558205163338,209,0,0,1,2,0.17428264210384814,16.34265790844211,0.074668698176191539,0.17786714300619158,16.333936591583203,0.073985172594139906
639049412529086205,nan,98.643713196041688,0.037818874845714043,0.011223845175056729,210,0,0,1,2,0.20414779312213405,16.282557656333207,0.073985172592052992,0.2227036379741599,16.249603932470443,0.085209017767109721
639049412529407264,nan,83.325290001455812,0.055111222314802075,0.01404796613861195,219,0,1,1,2,0.30335557084202525,16.097906259264942,0.085209017764361669,0.28034195468842871,16.147982404250019,0.071161051625749719
639049412529607293,nan,67.456240173396566,0.0060620635530472429,0.014566188180380094,214,0,2,1,2,0.31625228535674349,16.084669266576249,0.07116105162364561,0.31781091275753837,16.078810999328446,0.085727239804025704
639049412529907641,nan,99.014818495415469,0.022969235668885993,0.005516527782297137,200,0,0,1,2,0.37407138807932144,15.974948593750334,0.085727239802602148,0.37077205907068506,15.997679634538331,0.080210712020305011
639049412530207356,nan,74.171834061244724,0.015015666974053134,0.0062183970971487756,212,0,0,1,2,0.4236215868426188,15.916719258580876,0.080210712019163535,0.41814874190953877,15.930702041673456,0.07399231492201476
639049412530407349,nan,76.390265842907809,0.041771297252274679,0.0069854162889901039,207,0,0,1,2,0.4497621243928675,15.886009417914803,0.073992314921422206,0.47533501822716895,15.852981121333274,0.08097773121041231
639049412530707359,nan,63.955827243750043,0.041687257850869082,0.0031216254961225348,201,0,0,1,2,0.56112029450209966,15.736391774149832,0.080977731210114798,0.54135647077738958,15.773096252608235,0.084099356706237333
639049412530907553,nan,46.091583569478331,0.014306261590448325,0.0030662833809634443,202,0,0,0,0,0.58541199783261733,15.719789791458473,0.084099356706029901,0.59195872027931251,15.707069353341007,0.087165640086993346
639049412531107051,nan,78.115477551317468,0.024263645947638041,0.0046671604249913512,222,0,0,1,2,0.64238504460039414,15.641272005018811,0.087165640086929244,0.65989133806156608,15.624471582288306,0.091832800511920595
639049412531407309,nan,75.232136081594902,0.05327159605103593,0.0022101362712171335,210,0,0,0,0,0.76213452821918115,15.500156343334824,0.091832800511873744,0.7349508949360144,15.545970238905394,0.08962266424065661
639049412531707405,nan,68.866377922651779,0.036774927911306626,0.0016819805400729582,200,0,0,1,2,0.8099699544774569,15.467511249823209,0.089622664240642108,0.7865792126250829,15.495888503363279,0.08794068370056915
639049412531907357,nan,60.356622499257959,0.044133579887491649,0.0017239685812423938,213,0,0,0,0,0.8209788226784146,15.462519370868621,0.087940683700559949,0.84852336123161776,15.428036458149759,0.089664652281802343
639049412532207386,nan,70.362603164443144,0.021751133044458797,0.0013296727193981422,206,0,0,1,2,0.94147087344589941,15.326224116821002,0.089664652281773671,0.92686979812148451,15.342346163468017,0.090994325001171814
639049412532407422,nan,81.486210907020137,0.010589810099757678,0.0042682990975041052,204,0,0,0,0,0.97910510820718089,15.285214540235073,0.090994325001180001,0.98536293455519686,15.276671491168901,0.095262624098684107
639049412532607471,nan,125.34418642880243,0.015550773834389131,0.0040147497639327068,214,0,0,0,0,1.0438598723585308,15.210992550784342,0.095262624098683399,1.0533820508537957,15.198698052683458,0.099277373862616106
639049412532907453,nan,139.93743675414319,0.04240624055753326,0.001918464697959435,214,0,0,1,2,1.1553796141782124,15.081773559065693,0.099277373862638255,1.1248082226110416,15.111161979504194,0.10119583856059769
639049412533107586,nan,112.65495467985026,0.0059361381773038865,0.00090162481941127859,206,0,0,0,0,1.1724601951703715,15.052762285743951,0.10119583856062127,1.1764932741387579,15.057117972887767,0.10029421374120999
639049412533407545,nan,138.65229328317344,0.017011082351478961,4.2977661070572881e-05,200,0,0,1,2,1.2539587414590012,14.976116907692836,0.10029421374122663,1.2466150834816894,14.991461209901834,0.1003371914022972
639049412533709743,nan,115.98121559673227,0.014272017512632421,0.0049809316773151979,200,0,0,0,0,1.3172603067949262,14.925314361629827,0.10033719140231145,1.3036352910300697,14.921065899638906,0.10531812307962665
639049412533907283,nan,126.00654735795642,0.038141778972308395,0.00053968462095012326,216,0,0,0,0,1.3409081114958141,14.875050076935452,0.10531812307965058,1.3641396940970807,14.844799641021023,0.1058578077006007
639049412534107498,nan,108.50246873054003,0.034959912101782342,0.0040580268217021709,218,0,0,1,2,1.4254634212412622,14.767500618194358,0.10585780770062143,1.4504243402164172,14.743023118769782,0.10179978087891926
639049412534407546,nan,88.460201015964913,0.081158926239294632,0.0053933040787891851,207,0,1,0,0,1.5797330108895169,14.590497873666068,0.10179978087900603,1.5306186217549411,14.655108616489942,0.10719308495779521
639049412534607606,nan,88.946151251897078,0.010989348431797689,0.0028890384444775208,215,0,0,1,2,1.5840889597161909,14.596490744262482,0.10719308495786874,1.5759175451860772,14.603838789140713,0.10430404651339122
639049412534907206,nan,85.288966707153563,0.008433738985300112,0.0048042197119640279,216,0,0,0,0,1.6437549812550982,14.527059621521854,0.10430404651347674,1.6379552333340788,14.533182600970195,0.10910826622544077
639049412535106708,nan,95.047729176453885,0.044369836546901117,0.0042398091778620695,210,0,0,1,2,1.6792657902796817,14.486133032036967,0.10910826622552086,1.7068362879323329,14.451368825525329,0.10486845704765879
639049412535391917,nan,83.861416465407828,0.029805632232812566,0.0056294351617122845,200,0,0,1,2,1.8053089684112928,14.334407466336675,0.10486845704796742,1.7851921422902848,14.35640039746499,0.1104978922096797
639049412535707542,nan,101.28109918859835,0.040594909141452959,0.0065987209314827822,208,0,0,1,2,1.8719042254704388,14.25130409928876,0.11049789221013089,1.8430451349919785,14.279854047536679,0.11709661314161367
639049412535907631,nan,116.19895583250516,0.029343490938549904,0.0055977309231268757,213,0,0,1,2,1.8797207704983205,14.231327845205413,0.11709661314200299,1.8959691222565311,14.206893616639686,0.11149888221887612
639049412536207656,nan,83.676526628763199,0.0095136768836549864,0.006105641979061105,215,0,0,1,2,1.9753264046610981,14.097492533722233,0.11149888221949965,1.9660388482923168,14.099554412608905,0.11760452419856075
639049412536407550,nan,96.172959361993222,0.015880795574837285,0.0086100812504642937,207,0,0,1,2,2.0127233506377791,14.028038829405741,0.11760452419891035,2.0216989254920854,14.014937733110983,0.10899444294844605
639049412536607204,nan,111.71215899435389,0.028605798502584542,0.0081736249881773915,216,0,0,1,2,2.0772921751806335,13.930422647473206,0.10899444294878746,2.0904208528695998,13.905007503757112,0.10082081796061007
639049412536907646,nan,132.84969069666587,0.070196908876046904,0.0077478988860283232,204,0,1,1,2,2.1938345250482447,13.739583029579105,0.10082081796133056,2.1545458119335197,13.797755213976297,0.10856871684735889
639049412537207728,nan,128.24342157481496,0.04595965320802306,0.006403991425326841,215,0,0,1,2,2.2185939342527004,13.690631437600135,0.10856871684834982,2.1996081668057421,13.732486310165367,0.11497270827367666
639049412537407649,nan,120.53061864687895,0.036578251974929296,0.00065900891356389379,207,0,0,1,2,2.2296296644244249,13.689002780600832,0.11497270827484339,2.2416478445254771,13.654455250087059,0.11563171718840728
639049412537707664,nan,97.433212693291424,0.001803674142486413,0.011166273511409835,205,0,0,1,2,2.3047354336786241,13.537356553655,0.1156317171905101,2.3063544443109874,13.538151566223812,0.12679799070191994
639049412537907780,nan,111.67574261326605,0.030049205734958211,0.0021811459840971603,211,0,0,1,2,2.3495150393568256,13.460574685067945,0.1267979907043652,2.3562949999941765,13.431300346492021,0.12897913668846236
639049412538107780,nan,119.19247884819933,0.03068872886554419,0.013765749678157288,202,0,1,1,2,2.4062066069453341,13.32451106454376,0.12897913669047115,2.4181796850309185,13.29625432232992,0.11521338701231386
639049412538407858,nan,86.846119064175156,0.080101717607857795,0.015932478193012065,201,0,2,1,2,2.5110308476131959,13.093632618137345,0.11521338701609453,2.4678024264858736,13.161068430363253,0.13114586520910659
639049412538707760,nan,98.333425195686331,0.049575910636347136,0.010200902416203,208,0,0,1,2,2.5173960634996631,13.025961826838211,0.13114586521279309,2.5024945234242959,13.073245175057275,0.14134676762899609
639049412538907672,nan,79.941208984174438,0.031045419648113203,0.0030170082629781547,210,0,0,1,2,2.5256199660127212,13.014702975889785,0.14134676763337514,2.5306978651981922,12.984075651145536,0.13832975937039699
639049412539207885,nan,219.46011007395757,0.020676668143523032,0.0093528267810399079,212,0,0,1,2,2.5730515500393558,12.850167480139719,0.13832975937525566,2.5863618368808821,12.834344684251707,0.14768258615629556
639049412539407750,nan,145.81456754157298,0.041156789919838808,0.0037212981137114964,201,0,0,1,2,2.6234197914010422,12.734662193159599,0.14768258616106053,2.5974095856715449,12.702766259964049,0.14396128804734903
639049412539607726,nan,204.10013404427556,0.0029570345412170108,0.01532566475428096,213,0,1,1,2,2.6084634701043452,12.571114760325049,0.14396128805153163,2.6057361589662715,12.572257488304093,0.12863562329725067
639049412539907793,nan,97.827493259831428,0.067033112371824258,0.01067620365619884,219,0,2,1,2,2.6182303076082523,12.376427110730344,0.1286356233015277,2.6132913086038871,12.443278022789107,0.13931182695772654
639049412540208378,nan,170.6304816829286,0.046583759594741495,0.0089504063018653046,200,0,0,1,2,2.6208595005537605,12.314075902456574,0.13931182696181379,2.6209606244989097,12.360659552291343,0.1482622332636791
639049412540407914,nan,74.65770395002157,0.052575563380204957,0.011291152258092602,210,0,0,1,2,2.6260517122658613,12.305815301482948,0.14826223326767277,2.6181434172070137,12.253837914726704,0.13697108100958016
639049412540707819,nan,127.42377092629422,0.022752152568269814,0.0075632492280015284,201,0,0,1,2,2.6139091208751437,12.093283712909372,0.13697108101274394,2.6104433686845301,12.115770353570953,0.14453433024074547
639049412540907901,nan,123.71997315993072,0.021547427930215444,0.0098816947429967994,207,0,0,1,2,2.6053062715755271,12.023658405550197,0.14453433024368476,2.6004873728590421,12.002656742150169,0.13465263550068796
639049412541208136,nan,132.80954001504622,0.056746360800499669,0.0093159759711262669,216,0,0,1,2,2.5855478060481074,11.832923007356838,0.13465263550277723,2.5817027563989807,11.889538950847133,0.1439686114739035
639049412541407759,nan,108.83192768896133,0.017513749279964033,0.0068782521857279622,213,0,0,1,2,2.5692130683492636,11.814328156458449,0.14396861147595025,2.5618609887792401,11.830224015662578,0.13709035929022229
639049412541707494,nan,138.0849375551841,0.0099661742899788686,0.0033723202878730429,208,0,0,1,2,2.5320684687915485,11.741162323885867,0.13709035929043639,2.5270417567180865,11.732556698068487,0.14046267957830944
639049412541907881,nan,180.28695141354302,0.054715110500568577,0.010591569361155129,201,0,0,1,2,2.503763456035689,11.667261484727613,0.14046267957859881,2.518707811679878,11.614626804606333,0.12987111021744369
639049412542207918,nan,129.80956185996035,0.026869388487688554,0.0045550347901179289,205,0,0,0,0,2.5062294978799362,11.438051819978067,0.12987111021746511,2.5052727063273421,11.464904167875918,0.12531607542734718
639049412542407910,nan,196.51444870871489,0.032997947247508298,0.0032417501938271781,200,0,0,1,2,2.4963174321789392,11.365105377843392,0.12531607542738055,2.4636164156951361,11.360688586759881,0.12207432523355337
639049412542707973,nan,175.08851395112399,0.058216451202507347,0.0050992926230836594,203,0,0,0,0,2.4011163580129709,11.204326132679611,0.12207432523365468,2.4100722723566679,11.261849578237769,0.12717361785673834
639049412542908002,nan,142.79461098249681,0.033061681066445477,0.0033101456500921611,212,0,0,1,2,2.3743784965567509,11.195961188014151,0.12717361785673525,2.3725847688539248,11.162948201238224,0.12386347220664309
639049412543151137,nan,146.12810668093218,0.0087796254608650814,0.0013369872569150426,202,0,0,0,0,2.3270187551052213,11.042733700856859,0.12386347220666273,2.3352221029107021,11.045862104285987,0.12520045946357777
639049412543408111,nan,147.11949014073318,0.027054202205143287,0.0025392599343875277,205,0,0,1,2,2.2957327915483163,10.922111584294196,0.12520045946360153,2.3107986632905195,10.899640505868712,0.122661199529214
639049412543707686,nan,161.71059491026557,0.026760775515551199,0.0028770228540142273,206,0,0,0,0,2.2823263200798594,10.729178376058478,0.12266119952922794,2.2758594051772554,10.755146012027819,0.12553822238324217
639049412543906924,nan,210.03613089583206,0.05201244399396842,0.0022398828007043209,202,0,0,1,2,2.2526223930501734,10.659047225534046,0.12553822238323845,2.2266377299184299,10.613990687582762,0.12329833958253412
639049412544208128,nan,213.26729784691977,0.051966051121055984,0.0038294280882299053,202,0,0,1,2,2.1522253915358962,10.400594907941585,0.12329833958244248,2.1714710746551749,10.448865749558326,0.12712776767067238
639049412544408057,nan,174.03315648703116,0.0065626737877596021,0.00044974854555066002,201,0,0,0,0,2.1348533198440589,10.339261415836704,0.12712776767055295,2.1338291056211185,10.332779157551965,0.12667801912500229
639049412544709632,nan,187.78811416277819,0.027421346734831271,0.0031363489901513331,206,0,0,1,2,2.0770495648269089,10.157672924917787,0.12667801912495225,2.0986204691448131,10.174602967553872,0.12354167013480091
639049412544908064,nan,182.03723899756903,0.026884198107402505,0.0020235225243422639,205,0,0,0,0,2.0754536942023734,10.070525316111604,0.1235416701347542,2.0568904698790962,10.051078804583781,0.12556519265909646
639049412545208141,nan,234.93495337462119,0.034390686955985232,0.0057388977302261501,204,0,0,1,2,1.9937846553448551,9.8642805046544559,0.12556519265905661,2.0003894545212617,9.8980310006084995,0.11982629492883046
639049412545407766,nan,166.65061290336985,0.025321167860185099,0.0007593573893543426,208,0,0,0,0,1.9628023845665243,9.7962165734162596,0.11982629492876579,1.9629129156605536,9.7708956468004953,0.12058565231812013
639049412545707833,nan,177.82721660647701,0.040568498156315809,0.0011192970397146396,203,0,0,1,2,1.906579928377818,9.5797917058556923,0.12058565231800551,1.9144741534130554,9.6195847235064313,0.11946635527829087
639049412545908217,nan,166.65344404336633,0.024416286406467091,0.00075315496306421759,202,0,0,0,0,1.8821268678594867,9.5185396633919979,0.11946635527824064,1.8825177147227159,9.4941265054518187,0.12021951024130485
639049412546208068,nan,173.68142821115799,0.030666085550491003,0.0012076329682705472,201,0,0,1,2,1.8346986767868678,9.30639309289446,0.12021951024131339,1.8352557713437823,9.3370541178063036,0.12142714320958393
639049412546408145,nan,168.66444286502423,0.017411091305875981,0.0047490963706472294,213,0,0,0,0,1.8037200157670894,9.2322468231734636,0.12142714320961555,1.7998832868771786,9.2152637253439487,0.12617623958026278
639049412546707635,nan,188.2512237983965,0.031229537228704328,0.00012414090612605788,202,0,0,1,2,1.7469351450472674,9.0329588895129902,0.12617623958027704,1.7493836661670068,9.0640922918301996,0.1263003804864031
639049412546908156,nan,129.13230948733451,0.032023824449461016,0.0019905793451380632,208,0,0,0,0,1.7155720716415657,8.9628767353187619,0.12630038048641004,1.7112195690467904,8.9311500737620779,0.12430980114127198
639049412547208250,nan,182.30654268767535,0.052640026068989862,5.6524754939529798e-05,208,0,0,1,2,1.6541042715906924,8.7321925481715663,0.12430980114128384,1.6640756392122473,8.7838795307909816,0.12425327638634431
639049412547407873,nan,158.41789630177735,0.024431635570015448,0.0019203344683288021,203,0,0,0,0,1.6327154230621044,8.6859149343661315,0.12425327638636378,1.6268752186239606,8.6621915950407598,0.12617361085469259
639049412547708001,nan,152.29347772449492,0.03878626685219063,0.0015559821856759026,214,0,0,1,2,1.5709453516731515,8.4792369416148397,0.12617361085471593,1.5793872499384631,8.5170933657725367,0.12772959304039183
639049412547908440,nan,132.47119810209026,0.027694653282921131,7.0042969184835879e-05,203,0,0,0,0,1.5476726449854017,8.4201902311889807,0.12772959304045095,1.5357885770273119,8.3951749808558596,0.12765955007126611
639049412548207929,nan,162.28116343699261,0.029585931782924593,0.0037082846326007557,209,0,0,1,2,1.470644952525654,8.2130087598095027,0.12765955007139729,1.4870736414573507,8.2376141563608574,0.13136783470399804
639049412548407377,nan,111.51441460910331,0.018705426497258391,0.0005875041708740536,207,0,0,0,0,1.4546313932627337,8.1326847889253955,0.13136783470406038,1.4476940093623478,8.1153133846913388,0.13195533887493444
639049412548707988,nan,124.89136840251938,0.032897467480353097,0.0012751754585769159,211,0,0,1,2,1.3883404405939928,7.9309798377400247,0.13195533887493938,1.4040088116724396,7.9599063915335373,0.13323051433351629
639049412548907871,nan,123.51060946868871,0.024075760439786237,0.0012964409976564395,216,0,0,0,0,1.3749615433760303,7.8565727942488044,0.1332305143336443,1.3586959054583292,7.8388225473805431,0.13193407333598786
639049412549208006,nan,112.0606522901615,0.025488365525727169,0.00024526579977149354,220,0,0,1,2,1.2906561566724293,7.6570086884487738,0.13193407333573584,1.3119303461602709,7.6710466953873846,0.13168880753596435
639049412549407935,nan,158.25123195712743,0.012058964548754953,0.0048356870309522737,204,0,0,1,2,1.2807783928562528,7.5592861265995381,0.13168880753571338,1.2689371008459518,7.5570052431051637,0.12685312050476111
639049412549708209,nan,129.14932753339721,0.027860039780570962,0.0077461940992754608,214,0,0,0,0,1.2043654091778504,7.3857260237693421,0.12685312050471151,1.2140646149419208,7.4118432063149617,0.11910692640543605
639049412549907808,nan,122.82675543364905,0.023849402204944595,0.0049535949432492898,210,0,0,1,2,1.1775896177261822,7.315350678219664,0.11910692640546619,1.179232264479281,7.2915579125717249,0.12406052134871548
639049412550207817,nan,107.42655430483265,0.017073670056940216,0.0018621647449400952,201,0,0,0,0,1.1268771994241149,7.1107620634411441,0.12406052134871401,1.1290574026847622,7.1276959620754079,0.12219835660377391
639049412550408210,nan,113.82982997772538,0.024505749775807835,0.00037486851745865968,204,0,0,1,2,1.0955427711917436,7.0182432861696569,0.12219835660375268,1.0867951178866417,6.9953520141707433,0.12257322512121134
639049412550708254,nan,125.43567141696397,0.065387759546493132,0.00017682433598008307,210,0,1,0,0,1.0235167350091596,6.7971963525203503,0.12257322512120306,1.0323533299916225,6.8619842656494665,0.12239640078522297
639049412550908073,nan,119.02737857236141,0.038893036392007536,0.0025099668274757847,205,0,0,1,2,0.99609696887327048,6.7731659252001561,0.1223964007852054,0.9980480570474265,6.7343218582821995,0.11988643395772962
639049412551208273,nan,106.182655689461,0.029357801947606055,0.0028256446978006111,211,0,0,0,0,0.94650919969228187,6.5425270104866771,0.1198864339577415,0.95039005925457842,6.5716271731022466,0.11706078925994089
639049412551408137,nan,103.31477027768578,0.020332166267068904,0.00031553184873313322,204,0,0,1,2,0.91866081851217407,6.4633100160109542,0.11706078925988248,0.91386581651166454,6.443551348522309,0.11737632110861561
639049412551707472,nan,91.921006436361978,0.040386774581979354,0.00080057723985073326,208,0,0,0,0,0.85916369806386939,6.2517330273107072,0.11737632110855571,0.86487170434444616,6.2917144007918235,0.11657574386870498
639049412551908248,nan,102.51025961559341,0.028401244857402429,0.00040605767032539375,202,0,0,1,2,0.83200938665862445,6.1898712651159551,0.11657574386847311,0.82859872790092515,6.1616755541604098,0.1169818015387985
639049412552208115,nan,94.078938948457747,0.047795527461959059,0.0054847705735025509,202,0,0,1,2,0.7744235843220646,5.9674573267685798,0.11698180153852289,0.78214647103701984,6.014624788711691,0.11149703096502034
639049412552508270,nan,88.047786060506652,0.024005177499759091,0.009457607737054341,200,0,0,1,2,0.735649600227676,5.8674327919155775,0.11149703096449073,0.74717665827262969,5.8884892749937938,0.10203942322743639
639049412552708268,nan,78.50255046674009,0.045030623279324042,0.00044356271759343757,218,0,0,1,2,0.72387572171234416,5.8044431972254671,0.10203942322686761,0.72035439372487486,5.7595504663870667,0.10248298594446105
639049412552907999,nan,70.303953033465504,0.035978474926227626,0.00093853584275856161,213,0,0,1,2,0.69356793725837207,5.6307837928111795,0.10248298594407136,0.67614829115704056,5.599303535701023,0.10342152178682992
639049412553207893,nan,80.392168504402136,0.08632551089427011,0.0034265875189788825,211,0,1,1,2,0.60977329216600706,5.3586944513267376,0.10342152178647233,0.63819899790545176,5.4402056351260866,0.099994934267493452
639049412553407653,nan,61.878765475421275,0.01633723951660836,0.001087890442320591,202,0,0,1,2,0.61292089690997542,5.33423020174346,0.099994934267092828,0.62141605121406784,5.3202753549735133,0.10108282470941342
639049412553708351,nan,70.894131889565614,0.039572008294400947,0.003991922390980604,205,0,0,1,2,0.59615274272284957,5.1397447413305493,0.10108282470896461,0.60009287346211027,5.1791201043156656,0.097090902317984007
639049412554007990,nan,66.738972434361372,0.0064498004601371084,0.0021749893600414572,201,0,0,1,2,0.57884479180403869,5.038461975056852,0.0970909023177218,0.57908427038544141,5.0449073281103809,0.094915912957680343
639049412554207985,nan,56.870635899017138,0.055478893451423199,0.0034767169661228392,222,0,0,1,2,0.56506201169308701,4.9553265853593507,0.094915912957256612,0.55737474717101532,4.9003828542996377,0.098392629923379452
639049412554408574,nan,63.89944509666126,0.022125073867757718,0.0014248622377470432,201,0,0,1,2,0.53560074506067001,4.755429132070466,0.098392629922986974,0.52894527560624371,4.7343288093242393,0.099817492160734017
639049412554708182,nan,66.363596479188061,0.092139722029863674,0.0097890762545613796,201,0,1,0,0,0.48648184482699813,4.4863036419073365,0.099817492160505547,0.50443651648798316,4.5766770790517031,0.090028415905944167
639049412554908186,nan,61.316665811156419,0.019077493842783726,0.0058458185985367367,205,0,0,1,2,0.48807563874543763,4.4714363089072862,0.090028415905817533,0.50354258810901376,4.4602683078011784,0.095874234504354269
639049412555208104,nan,61.492595738503617,0.029912550201455477,0.0090286950742620858,223,0,0,1,2,0.50220208886118001,4.2857063697603648,0.095874234503218914,0.48928762171793977,4.31268742233362,0.086845539428956828
639049412555508288,nan,75.68442692003444,0.013196186255176942,0.004843417314447665,207,0,0,0,0,0.47502001246761749,4.1649756460374538,0.086845539428501276,0.47831722247175679,4.1777532724942699,0.082002122114053611
639049412555708481,nan,82.157062563231491,0.05509547378178728,0.00035542855430430176,204,0,0,1,2,0.4710010526016401,4.0877655574302123,0.082002122113876794,0.46714052489001889,4.0328055032360304,0.081646693559572492
639049412555908533,nan,53.842421646716673,0.021643001891904719,0.0089440070151853707,205,0,0,1,2,0.45597169928361991,3.887959823638595,0.081646693559636913,0.4602448555208728,3.8667428571573796,0.090590700574822283
639049412556208369,nan,68.156886787396317,0.1012649711477992,0.0062342800365785128,214,1,1,0,0,0.44990969305827661,3.61784977161143,0.090590700574837604,0.4573822699445792,3.7188386570208793,0.096824980611416117
639049412556408591,nan,82.445381809037102,0.0030287814654436991,0.0030756471040289252,209,0,0,1,2,0.45547071626437852,3.6200724156098065,0.096824980611444775,0.45452165723956239,3.6171961673359556,0.0999006277154737
639049412556708756,nan,65.045136294283608,0.0042913335688325371,0.0062648113423258989,206,0,0,0,0,0.45023313843243146,3.4648177178335278,0.099900627715489104,0.45024209348133443,3.4691090420587627,0.106165439057815
639049412556908646,nan,69.536335273744385,0.030308565854839688,0.00044650677931695748,208,0,0,1,2,0.44739218759746324,3.3704928294035295,0.10616543905783524,0.44207327892458992,3.3406546261280843,0.10661194583715219
639049412557208694,nan,75.536887223133903,0.046394493819949978,0.0011736441484799243,200,0,0,0,0,0.42981135251445396,3.1478361229955203,0.10661194583708011,0.43794776375958067,3.1935115854328022,0.10778558998556004
639049412557508891,nan,84.638589527447451,0.034030345741964604,0.00447635856307603,209,0,0,1,2,0.43382019991649462,3.0462954753850711,0.10778558998555333,0.43413546058507529,3.0803243607918618,0.1033092314224773
639049412557708721,nan,71.836956284816125,0.03648986831209735,0.0017260657019930875,200,0,0,0,0,0.43159775186926064,3.0049798267025833,0.10330923142247257,0.43481088187907657,2.9686317004101013,0.10158316572047948
639049412557908399,nan,85.932037811328883,0.011195457736990716,0.00091207211131351384,210,0,0,1,2,0.43548578941620109,2.8570239986650723,0.10158316572047876,0.43005006084904762,2.8472367044074658,0.10067109360916525
639049412558208820,nan,95.205618900567927,0.075737393729877464,0.0023039161354860838,201,0,1,0,0,0.42288727569163254,2.6645946201813229,0.10067109360916206,0.42360340579422778,2.7403286281742361,0.098367177473675974
639049412558409032,nan,93.832570268552658,0.033927557260834969,0.00058013352878025226,206,0,0,1,2,0.41930710925758224,2.6690810131313216,0.098367177473674808,0.42266927698179851,2.6353204596719739,0.097787043944894556
639049412558708776,nan,74.465887434017944,0.028343898484487848,0.0052796179847033747,202,0,0,0,0,0.42127076187404872,2.4781092612445965,0.097787043944854032,0.42310593956259329,2.5063936863607346,0.092507425960150658
639049412559008781,nan,77.402131205841798,0.024703430862752097,0.0055268152845533158,210,0,0,1,2,0.42354298236428856,2.377354650959731,0.092507425960022385,0.42430347479962871,2.4020463732092332,0.086980610675469069
639049412559208741,nan,59.977483888611033,0.031618685168943422,0.00045665666972834196,202,0,0,0,0,0.42510165864988986,2.3324965699133742,0.086980610675220088,0.43258596696637397,2.3017764400172203,0.08743726734494843
639049412559509184,nan,69.05369733845761,0.042467224919650402,0.0089887128419503803,200,0,0,1,2,0.44503053985121815,2.1511193109013576,0.087437267344531083,0.44137852594185151,2.1934292150229928,0.078448554502580703
639049412559708347,nan,68.028260520815408,0.0033598522941511088,0.0027960395971238228,210,0,0,1,2,0.44720709383404084,2.1216060792816864,0.078448554501484385,0.4465777384551296,2.1183056975998884,0.081244594098608208
639049412560008815,nan,56.594512713587847,0.018653256279633618,0.013747342565150325,202,0,1,1,2,0.45442154973252369,2.0049703238955088,0.081244594096865547,0.45452396058307915,2.0236232990429586,0.067497251531715222
639049412560208830,nan,50.606965055280298,0.0230436678081626,0.0067171899166760252,203,0,0,1,2,0.45981358749483625,1.96059528957984,0.067497251529385696,0.46720535441027672,1.9387693323746966,0.074214441446061721
639049412560408897,nan,49.336617455341603,0.014289623144544364,0.0099162251103708104,206,0,0,1,2,0.47989004515260075,1.8538933053296291,0.074214441443626322,0.48915976717408821,1.8430183072488271,0.084130666553997133
639049412560709415,nan,53.583969087242878,0.059456848934114542,0.0061865800012232686,204,0,0,1,2,0.52213720080859616,1.6991919562325373,0.084130666552365382,0.50651765316945374,1.7565604721338806,0.077944086551142114
639049412561008977,nan,45.467184363665133,0.022350164806848195,0.0025313440152375244,207,0,0,1,2,0.52382032071197593,1.6703776744222505,0.077944086549904673,0.52367934893311707,1.6927273946408761,0.075412742534667149
639049412561208883,nan,50.507889621044811,0.024307103340850737,0.0043336488192488865,212,0,0,1,2,0.53513182272261939,1.6501298182149056,0.075412742533356447,0.5430667452606871,1.6271543470089072,0.079746391352605334
639049412561508205,nan,43.112124590241919,0.0036311594849403996,0.0060019696724382537,209,0,0,1,2,0.57209576011547347,1.5289709219826637,0.079746391351216472,0.57462729049201799,1.5315741263844933,0.073744421678778219
639049412561708684,nan,37.447152848181773,0.016160937461681762,0.0041907996856883206,201,0,0,1,2,0.59576581872392875,1.4675566901433821,0.07374442167666688,0.6070948029140647,1.4560314996087298,0.0779352213623552
639049412561911760,nan,33.830738883198293,0.0098724528344979728,0.00691609280287106,208,0,0,1,2,0.63998289868778446,1.3795102955169549,0.077935221359444057,0.64286877977272039,1.370069055379505,0.084851314162315117
639049412562208602,nan,35.308757994013703,0.046804508154972821,0.0097733824414335674,207,0,0,1,2,0.69516062538065571,1.2444152909273218,0.084851314158954166,0.68200573432661071,1.2893331139487587,0.075077931717520599
639049412562508632,nan,39.422273890722138,0.026853166645579227,0.007656221598534102,204,0,0,1,2,0.72156300881877733,1.2077300911033837,0.075077931714723031,0.71644435392076966,1.2340908940298947,0.067421710116188929
639049412562708878,nan,41.541708818121691,0.02811293628702519,0.0056275189066982839,208,0,0,1,2,0.73942937481618665,1.1972211357728109,0.067421710113241384,0.75313388322397068,1.1726747788948684,0.073049229019939668
639049412563008742,nan,35.348118326198232,0.016244214259793503,0.010650044191614937,208,0,0,1,2,0.80807564992580283,1.0807054913742711,0.073049229016714887,0.80345325366315101,1.0962781581243528,0.06239918482509995
639049412563208401,nan,39.251382939354698,0.014892597458495868,0.0095454655188186993,206,0,0,1,2,0.83695749285997456,1.045410855258986,0.062399184821957734,0.84920047602150306,1.0369315379299007,0.071944650340776434
639049412563508611,nan,36.941546985199373,0.023145833988554073,0.0065860703218289934,209,0,0,1,2,0.91798662452570701,0.94769714905398483,0.07194465033741558,0.90481825339010624,0.96673194962191256,0.065358580015586587
639049412563708469,nan,41.7473592931007,0.010804336676108865,0.0067313869136731985,201,0,0,1,2,0.94184452749601311,0.91999816553724556,0.065358580011992212,0.95206945129123899,0.91650751740365566,0.072089966925665411
639049412564008911,nan,39.166965517441895,0.02187500277804497,0.014538098838480229,208,0,1,1,2,1.0231011057649759,0.84100626719341864,0.072089966921100798,1.0128150346985278,0.86031203028518621,0.057551868082620569
639049412564208438,nan,39.759356314401373,0.014722169305226962,0.0095773857420448083,211,0,0,1,2,1.0531568777847347,0.82299195866308661,0.057551868078183049,1.0675140169228228,0.81973391863550171,0.067129253820227858
639049412564508833,nan,37.271663972910595,0.017199564752044903,0.008202332367111799,202,0,0,1,2,1.1498652814898591,0.75864212730396774,0.067129253816301429,1.1330445207604463,0.76223197913149876,0.05892692144918963
639049412564708781,nan,36.176526422077117,0.01056706706369728,0.008558685878407829,210,0,0,1,2,1.1766627340506979,0.72395771424710864,0.058926921444967292,1.1861221696758142,0.71924793888272487,0.067485607323375121
639049412565008284,nan,57.211009492676489,0.020497958755125053,0.011576222355623,204,0,0,1,2,1.2656274164554742,0.65486195349338105,0.067485607318945887,1.2548599862151668,0.67230410815233654,0.055909384963322886
639049412565158955,nan,50.667089602238633,0.023552442715521704,0.019757103753287548,201,0,1,1,2,1.2894399255005857,0.64868807118449867,0.055909384960302962,1.3129570429440913,0.64739859647893205,0.07566648871359051
639049412565427758,nan,53.489545668526858,0.022779510527177017,0.0028830252248179811,201,0,0,1,2,1.4166044810038712,0.60296618244871958,0.075666488710132346,1.3942193914974328,0.60718683022441844,0.078549513934950327
639049412565708815,nan,56.071751280771636,0.034947751483168657,0.0068985624186704286,203,0,0,1,2,1.4791862702054699,0.56514191856720164,0.078549513931716469,1.4520418614295916,0.58715387908727656,0.071650951513046041
639049412566008532,nan,67.037408982076656,0.010252179539563427,0.013857439161186209,208,0,1,1,2,1.513703293881574,0.56579089572101726,0.07165095150816729,1.5055525998067443,0.57200968751765902,0.057793512346981081
639049412566208876,nan,50.59953673057894,0.036300977497286231,0.012262392746571107,208,0,2,1,2,1.5413215263922642,0.56188664506153052,0.057793512342090583,1.5775760035705919,0.56004984028567828,0.070055905088661691
639049412566508812,nan,57.340826670133417,0.029770353916532159,0.0079536901284405007,203,0,0,1,2,1.6854025999813325,0.5421446934413936,0.070055905084013645,1.6559817949074411,0.5375960451674916,0.062102214955573144
639049412566708615,nan,52.620480054368699,0.014987337573446969,0.011228245636275454,200,0,0,1,2,1.7082119784348486,0.52263840211697732,0.062102214951009864,1.7221077611222086,0.52825333854102707,0.073330460587285318
639049412567009159,nan,60.604733841647075,0.030664070998632342,0.0072991971855254911,201,0,0,1,2,1.8215745478573981,0.51420002392440889,0.073330460583923479,1.790920615549199,0.51498849348850806,0.066031263398397988
639049412567208945,nan,53.454078917953112,0.018467729912439012,0.0095006381962559339,207,0,0,1,2,1.8366638176578776,0.50617071528078283,0.066031263395001316,1.8512656503552802,0.51747750660263259,0.07553190159125725
639049412567508955,nan,57.596923429537021,0.01781322543961894,0.010032717450511111,206,0,0,1,2,1.9418831805734758,0.52121515000291341,0.075531901587693712,1.9242890653848259,0.52400048863424864,0.065499184137182601
639049412567708893,nan,55.48892019590329,0.024600886877068118,0.01299309765273339,202,0,1,1,2,1.9729546283799837,0.5283476503336495,0.065499184133691282,1.9974348365905676,0.5307813802087098,0.078492281786424672
639049412568008690,nan,48.934165281817549,0.03492112479387556,0.010534739329314272,206,0,0,1,2,2.1071132507497956,0.5409489869235351,0.078492281782611126,2.0724141093901545,0.53701775991748824,0.067957542453296854
639049412568209335,nan,58.208877250822965,0.012878493745839071,0.005574369191925499,212,0,0,1,2,2.122595452735395,0.5411915788905528,0.067957542448874281,2.1314523097405567,0.55054100053853372,0.07353191164079978
639049412568408983,nan,58.800040281817886,0.005135588860217026,0.0070135653719691909,203,0,0,1,2,2.1901971507460991,0.56399704451426447,0.07353191163583149,2.1932518161447674,0.56812539675739537,0.080545477007800681
639049412568709413,nan,50.895628339531207,0.02209137446974406,0.0079022556353530449,202,0,0,1,2,2.2862476172998853,0.59458636884843863,0.08054547700357409,2.2665232897709053,0.58463751316087431,0.072643221368221045
639049412569009128,nan,45.72966043513506,0.010705340357117411,0.009933383506350299,209,0,0,1,2,2.3396203829968081,0.60111033201341468,0.072643221364119215,2.3291343555357069,0.59895451656520049,0.062709837857768916
639049412569209082,nan,59.452203211822564,0.025715548273214334,0.0068436516853481733,212,0,0,1,2,2.3709051479349368,0.60850606419781361,0.062709837853651515,2.3904263847462608,0.62524556049693281,0.069553489538999688
639049412569509354,nan,84.432354476899491,0.029141098539035765,0.0096959526223190512,203,0,0,1,2,2.4824689555130943,0.66472696293683964,0.069553489535365234,2.4544649584232516,0.65666595983214637,0.059857536913046183
639049412569709198,nan,60.892895013865747,0.019059965331101558,0.012340284874544839,201,0,1,1,2,2.4970853982841263,0.67757759423277786,0.059857536909692734,2.5112887804839641,0.69028767733668106,0.072197821784237573
639049412570009729,nan,56.753951717583476,0.016647453592616331,0.0046626560250168786,205,0,0,1,2,2.5967420343606276,0.74084895705163534,0.07219782178078292,2.5844592771896231,0.72961189393903991,0.067535165755766041
639049412570208754,nan,78.653213689253903,0.0099343631092166651,0.0065442476079885514,208,0,0,1,2,2.6329160357497843,0.75565413986137231,0.067535165751568538,2.6349785837193833,0.76537203398812981,0.074079413359557089
639049412570509664,nan,73.037224992712055,0.022332660272439145,0.012078793564958709,209,0,1,1,2,2.7113597646156031,0.81943852685169793,0.074079413353551463,2.6906816620388283,0.81100266360787043,0.062000619788592753
639049412570710636,nan,69.875240668760327,0.011816826462070917,0.008532330162873282,210,0,0,1,2,2.7278846764152713,0.84147848327467611,0.062000619782760551,2.7309354510103221,0.85289470690619684,0.070532949945633833
639049412571012739,nan,68.139589551760309,0.015626238975120027,0.0094281580887470087,206,0,0,1,2,2.7914453250706646,0.9158672202740008,0.070532949940435047,2.7789596618207542,0.90647107437701746,0.061104791851688038
639049412571209572,nan,72.35279044486478,0.01525132147008219,0.0082818483298528131,215,0,0,1,2,2.8102494851142992,0.94137836473290282,0.061104791846287039,2.8169539709848364,0.9550770024679317,0.069386640176139852
639049412571509220,nan,62.701105950722791,0.025871445574721163,0.009123108241902711,202,0,0,1,2,2.8747944690334304,1.0290720599053851,0.069386640171687025,2.8631218478205951,1.0059834997478649,0.060263531929784314
639049412571709114,nan,63.294546935369695,0.010789855317678169,0.010322173782479016,209,0,0,1,2,2.8939202565275015,1.0399430234799605,0.060263531925782113,2.8945557686910264,1.0507141470084713,0.070585705708261129
639049412572010886,nan,67.847730606369765,0.018637594722548011,0.0086454787232531707,206,0,0,1,2,2.9420103054400624,1.1182422213134915,0.070585705704125937,2.9316513296512592,1.1027486240020554,0.061940226980872766
639049412572208371,nan,66.881087643658944,0.016791654755192315,0.0088580912087286232,204,0,0,1,2,2.9559273289362542,1.136800917419198,0.061940226977064076,2.9614016916775689,1.1526751425024604,0.0707983181857927
639049412572510795,nan,69.592657234984969,0.018952674907815895,0.0072760459635055341,228,0,0,1,2,3.0069607138080836,1.2291314679497929,0.070798318182400038,2.9966957838798076,1.2131992647208312,0.063522272218894504
639049412572709213,nan,69.471521327531619,0.0097398696615279071,0.011895553681611534,215,0,0,1,2,3.0198519592712572,1.2529086637180162,0.063522272216137127,3.0184025197470294,1.2625400803370375,0.075417825897748661
639049412573009298,nan,71.80107059295041,0.014508066711292381,0.0076170838138162056,215,0,0,1,2,3.0512315263528578,1.3371625372421028,0.075417825894606119,3.046986607815394,1.3232893737128422,0.067800742080789914
639049412573209021,nan,61.99162177668051,0.013212481493067469,0.0091402273367167941,223,0,0,1,2,3.066010883674827,1.3637213550544482,0.067800742077635409,3.0711887160578391,1.3758770006160004,0.076940969414352203
639049412573509282,nan,59.954576905154759,0.016906164593383503,0.006594738266163136,209,0,0,1,2,3.1075738555910166,1.4549365653209627,0.076940969413114749,3.0928471215163023,1.4466334511611296,0.070346231146951613
639049412573708489,nan,60.305519897375085,0.0127095315606469,0.0071595344118881715,210,0,0,1,2,3.1072163069122216,1.4935765448154623,0.070346231145995877,3.1083033369368755,1.5062395049045008,0.077505765557884049
639049412574009734,nan,60.755869061376572,0.027905283382910474,0.00019700135968828136,200,0,0,1,2,3.1316765497977217,1.5963770284851071,0.07750576555771678,3.1289512714412746,1.5686051416467877,0.077308764198028498
639049412574209314,nan,55.747654447476712,0.0132896935936909,0.007247516356958611,213,0,0,0,0,3.1426308836120591,1.6099234499374668,0.077308764197959248,3.1494860861897602,1.6213086224628557,0.084556280554917859
639049412574509745,nan,54.131382085092277,0.012770121531213456,0.0051288196768469602,203,0,0,1,2,3.1803974747542569,1.7006440240314102,0.084556280554915472,3.173965246442759,1.6896121410157721,0.089685100231762432
639049412574709205,nan,51.340298796868439,0.01049575240519895,0.0031418845490761155,211,0,0,0,0,3.1902172753747373,1.7349597243562553,0.08968510023177316,3.1935746219433163,1.7449040213434581,0.092826984780849275
639049412575009123,nan,57.077176036265833,0.021772743028056641,0.00079444229763694918,213,0,0,0,0,3.2230602565636719,1.8280436491591552,0.092826984780849428,3.2105566747252743,1.8102191497222486,0.092032542483212479
639049412575209303,nan,59.881121466035367,0.011723837524897354,0.0006062363823060718,209,0,0,0,0,3.2218913306175261,1.8538136735549839,0.092032542483219459,3.2309097759275969,1.8613047355958066,0.091426306100913388
639049412575509270,nan,64.065866564184489,0.018720902295847584,0.00028638957118688746,209,0,0,1,2,3.2614086205092589,1.9378557893361081,0.091426306100913055,3.2573281025638519,1.9195850051146282,0.091139916529726167
639049412575708772,nan,55.865449464101872,0.015641888157722387,0.00073251923296648036,210,0,0,0,0,3.2748983986317066,1.9583460365932372,0.091139916529724974,3.2748788732988361,1.9739879125644906,0.090407397296758493
639049412576009242,nan,51.451868194880532,0.013284648176333146,0.0016468557612098755,202,0,0,0,0,3.3013120924281716,2.0559241417825445,0.090407397296796796,3.2988649372224592,2.0428668331560278,0.092054253058006671
639049412576209607,nan,47.524803345110065,0.017025996365102422,0.00018390832490200459,206,0,0,1,2,3.314859770976434,2.0887979574756717,0.092054253058060115,3.3206404791183139,2.1048125747237636,0.09187034473315811
639049412576455748,nan,49.966835601288004,0.010948774972853733,0.00090989900797373846,200,0,0,0,0,3.3473909278383376,2.1809106296496443,0.091870344733206877,3.3465913654498647,2.1699910887530165,0.092780243741180615
639049412576709130,nan,71.545063522253855,0.010524653816096989,0.00099468740030538016,200,0,0,1,2,3.3733056774923971,2.2370870306796364,0.092780243741195575,3.3695241136949123,2.2272652124572176,0.093774931141500956
639049412577009450,nan,59.932614902365763,0.012710575587805611,0.0010113894281516267,206,0,0,0,0,3.3967050616428831,2.295149138035379,0.09377493114150548,3.3955298846403728,2.2824930054986958,0.094786320569657107
639049412577209696,nan,72.417295225965461,0.022931314577051855,0.00082245853952153669,204,0,0,0,0,3.412869893992879,2.3193175414782639,0.09478632056967054,3.4208037760490289,2.3408326223228904,0.093963862030149004
639049412577509794,nan,75.355616829434538,0.017035276005360898,0.0027850639053527415,207,0,0,1,2,3.458680409110138,2.4282630944906596,0.093963862030179326,3.4541572944191077,2.4118392684421832,0.096748925935532068
639049412577709766,nan,65.959906541832126,0.011166384760082509,0.0024566701413260422,209,0,0,0,0,3.4763826000709326,2.459154948779164,0.096748925935553509,3.4775228940216576,2.4702629584260873,0.094292255794227467
639049412578009846,nan,68.424684562181213,0.017591017304717124,0.00057462419823200994,211,0,0,1,2,3.5125855484369417,2.5579341368429156,0.094292255794246729,3.506531009268838,2.5414178889252814,0.093717631596014719
639049412578209801,nan,63.976713214324093,0.014090320591784399,0.002078611741772346,211,0,0,0,0,3.525860247086253,2.5888311924708902,0.093717631596050038,3.5329161540010445,2.6010275571747297,0.091639019854277692
639049412578510192,nan,68.048211857155678,0.020401231448579353,0.0032482486505655689,205,0,0,1,2,3.5725543726565032,2.6905787454676955,0.091639019854326376,3.5648733576483296,2.6716786858629558,0.094887268504891945
639049412578710059,nan,63.536000647030463,0.0068957451037942805,0.00049143988339929445,203,0,0,0,0,3.5861362797111473,2.7186868490154126,0.094887268504948455,3.5919970247888915,2.7223204378295467,0.095378708388347749
639049412579010165,nan,69.733101374805514,0.013177625326390198,0.0010253627341783866,204,0,0,1,2,3.6327239844715078,2.7983604725310518,0.095378708388410269,3.6244977455422664,2.7880658718917966,0.096404071122588655
639049412579210006,nan,71.032449340967403,0.013988806730709305,0.00096889049532788984,207,0,0,0,0,3.6461400203920702,2.8318458472619459,0.096404071122673879,3.6539396741147225,2.8434584316235707,0.095435180627345989
639049412579509996,nan,71.935226145190242,0.023324025013386263,0.0036795770852664361,206,0,0,1,2,3.6981362311398129,2.9266106075731253,0.09543518062745715,3.6898291803051277,2.9048160429008263,0.099114757712723586
639049412579709930,nan,77.598117119443515,0.0094183744911338924,0.0033939006601603622,206,0,0,0,0,3.7137484193820054,2.945708981509136,0.099114757712802107,3.7171119053273345,2.9545062958919925,0.095720857052641745
639049412580009852,nan,81.071549269569189,0.014731907879219939,0.0022225141729257797,209,0,0,1,2,3.7580388584924305,3.0290468945776414,0.095720857052710689,3.7508649599843871,3.0161797157898063,0.097943371225636469
639049412580209884,nan,69.16151746702495,0.01555566194707215,0.0016923091910755333,210,0,0,0,0,3.7733764497355877,3.0573126021035795,0.097943371225741552,3.7827798687252101,3.0697043061799847,0.096251062034666018
639049412580509920,nan,80.478844664391573,0.022107918398439015,0.0072489829742272832,202,0,0,1,2,3.8306503172482542,3.1499879808035827,0.09625106203480753,3.8209389879946953,3.1301272119352581,0.10350004500903481
639049412580709983,nan,76.014989248525367,0.0097244533318135377,0.0048813396392645564,202,0,0,1,2,3.8463833609313132,3.1704170031407042,0.10350004500918419,3.852048150259193,3.178321125765851,0.098618705369919638
639049412581010340,nan,84.892967264242742,0.019694921873510397,0.0059742016068006776,208,0,0,1,2,3.8987527115737675,3.2506752311047462,0.09861870537036406,3.88986903993644,3.2330976793456467,0.10459290697716474
639049412581209979,nan,77.810778914869971,0.019796746690719597,0.0018730239304479562,201,0,0,1,2,3.9150075404350995,3.2695061412097512,0.10459290697792938,3.929826065212533,3.2826333078102445,0.10271988304748142
639049412581510043,nan,79.604925614967598,0.0292939407467031,0.015309185642893131,201,0,1,1,2,3.9898827917661901,3.3570869908060574,0.10271988304926007,3.9724145864833385,3.3335711074786656,0.1180290686921532
639049412581710109,nan,89.669157500354217,0.015125698728206219,0.0061498817007989426,206,0,0,1,2,4.0008102457312491,3.3675336015747996,0.11802906869437746,4.0112010831126801,3.3785252920966946,0.11187918699357852
639049412582010329,nan,68.26062767346248,0.01473613228903241,0.011087115238402209,205,0,0,1,2,4.0694042861459838,3.4459837573332899,0.11187918699686729,4.0616973008633899,3.4334236628792763,0.1229663022352695
639049412582209982,nan,96.346045766784911,0.01323321010985729,0.006762363487103934,210,0,0,1,2,4.0952784125900648,3.4699323046148529,0.12296630223885625,4.1085053536289093,3.4703395889953024,0.11620393875175232
639049412582511764,nan,84.233564720826465,0.022913420700522366,0.0095426054488309819,201,0,0,1,2,4.1792572470624361,3.5261392114159351,0.11620393875463783,4.1637232288863419,3.5092952472891654,0.12574654420346881
639049412582710025,nan,99.81202560535209,0.0070740349633464025,0.010802786702043349,202,0,0,1,2,4.1999995845550497,3.5348878531072709,0.12574654420635664,4.2047047911429036,3.5401701822931759,0.11494375750431329
639049412583009481,nan,140.78056056531574,0.012203641121520835,0.0061958687251145034,200,0,0,1,2,4.2666038772319528,3.5868040867754543,0.11494375750659851,4.2577532730248642,3.5784019643178642,0.12113962623171301
639049412583210096,nan,173.78939327627106,0.016286853528991875,0.011259264286037921,202,0,0,1,2,4.2932921207779549,3.6040146384699359,0.1211396262339348,4.3093613525061425,3.6066682001407178,0.10988036194789688
639049412583509859,nan,181.69123056129902,0.015622956196470552,0.0055001396477051684,202,0,0,1,2,4.3864751911001978,3.648904182739058,0.10988036194976004,4.3711982301816477,3.6456344388026114,0.11538050159746521
639049412583710129,nan,162.05711806726671,0.012752918068048732,0.0078440467502538941,200,0,0,1,2,4.4125111056601867,3.671667567029969,0.11538050159896479,4.4217890862532689,3.6804171953286313,0.1075364548487109
639049412584010306,nan,161.78412926514733,0.027718838803847325,0.01413101812598351,211,0,1,1,2,4.4976177745391386,3.7325517312337149,0.10753645485209078,4.4826070530957578,3.7092491076393017,0.12166747297807429
639049412584210143,nan,146.1701764684546,0.018356878599697389,0.004937309276584978,205,0,0,1,2,4.5230954317520258,3.728443392545965,0.1216674729824332,4.5414478846732518,3.7288464604040374,0.11673016370584822
639049412584510005,nan,150.82420437886111,0.019116193091873391,0.013374374923134091,206,0,1,1,2,4.629740490339322,3.7582529336534316,0.11673016371234865,4.6110304846604127,3.7543331727141691,0.13010453863548274
639049412584710031,nan,138.63587728288755,0.014826042240320672,0.015572548356378044,203,0,2,1,2,4.6574462664034542,3.7713343436412834,0.13010453864176416,4.6721359904433806,3.7693284682357358,0.11453199028538612
639049412585010088,nan,156.18860036081998,0.024819099785976777,0.012111545486028691,200,1,3,0,0,4.7637997478985117,3.7918227609192603,0.11453199029056646,4.739757519742736,3.7856616750172543,0.12664353577659515
639049412585210386,nan,220.52076342740187,0.0066529364911665917,0.0096830456170039353,203,0,0,1,2,4.7848971334681361,3.7965646322951203,0.12664353578180904,4.791526900228547,3.7960098740973023,0.1169604901648051
639049412585510344,nan,128.88184537308348,0.0048495459616427683,0.010729169998526938,203,0,0,1,2,4.8690545831398238,3.8115069090135423,0.11696049016973961,4.8712296711453886,3.8071725015336053,0.12768966016826655
639049412585711897,nan,111.57236836681466,0.019513269217730056,0.010106694802199501,205,0,0,1,2,4.924784944172286,3.8146730884413365,0.12768966017289723,4.9422494797392433,3.8059692000577408,0.11758296537069773
639049412586009542,nan,97.481369902462319,0.021395068856519761,0.0095647995301933603,210,0,0,1,2,5.0471285484155608,3.8041922150077356,0.11758296537659817,5.0258623697731277,3.8018473019340067,0.12714776490679153
639049412586210506,nan,109.90246214437252,0.0050108575958424375,0.008209837612147497,203,0,0,1,2,5.08231613460294,3.7990642780816386,0.1271477649130795,5.0779044615331932,3.801440374580412,0.118937927300932
639049412586510353,nan,78.698179122292458,0.015056275364217992,0.012817139239873224,207,0,1,1,2,5.1555535185184258,3.8008332213281215,0.11893792730821028,5.145123167607867,3.7899750811685102,0.1317550665480835
639049412586713519,nan,99.124556143930832,0.004000620068801009,0.0096170837401328424,206,0,0,1,2,5.1906682477266184,3.782206593235256,0.13175506655391278,5.1945989022460077,3.7829515200666277,0.12213798281377994
639049412587010521,nan,82.721052535798506,0.0061094322855797167,0.0087757325693194055,200,0,0,1,2,5.2669259261525525,3.7726839964928933,0.12213798281846286,5.2639436573183911,3.7673519016463182,0.13091371538778226
639049412587210153,nan,82.211078307097239,0.019400103942404788,0.011171794800177395,215,0,0,1,2,5.3105542260842915,3.7568665075261332,0.13091371539220542,5.326527633476398,3.7458567714138593,0.11974192059202803
639049412587510565,nan,71.557940669800104,0.019598237444880734,0.013030369896401078,216,0,1,1,2,5.4207058085464226,3.7135102785500229,0.11974192059825858,5.4012113713205405,3.7155246837208038,0.13277229049465966
639049412587710061,nan,60.76237413506221,0.0064090590863442095,0.013347311053154398,201,0,2,1,2,5.4508069499424163,3.6953819125718024,0.13277229050102773,5.454054591048882,3.689856619311183,0.11942497944787334
639049412588009435,nan,63.600343533400427,0.018133341680262913,0.010264029879015257,203,0,0,1,2,5.5333538555100867,3.6513377963043769,0.11942497945407471,5.5158008412465698,3.655888595218626,0.12968900933308997
639049412588311025,nan,49.050323803905783,0.014779291289069393,0.012978649586007196,210,0,1,1,2,5.5780041441289869,3.6216691359934616,0.1296890093394929,5.5632256835211411,3.6215124418024023,0.1426676589255001
639049412588510552,nan,44.817222084243518,0.018584879512522447,0.0099400957004057988,201,0,0,1,2,5.5946011817290335,3.598769742234516,0.14266765893230662,5.6105015366522855,3.5891480760685344,0.13272756323190082
639049412588710243,nan,51.628141145468661,0.01384965529107895,0.012649208081024529,210,0,1,1,2,5.6578162478824012,3.5567571086417611,0.13272756323834509,5.6709613858013563,3.5523961109607987,0.12007835515732056
639049412589010476,nan,54.318831379057919,0.035575430659160412,0.009679316626447429,201,0,0,1,2,5.7618620367549447,3.4971399765321523,0.12007835516124428,5.7295859936571087,3.5121022059292497,0.12975767178769171
639049412589210005,nan,51.616457552097941,0.012595128267542261,0.014766208326076655,203,0,1,1,2,5.7685467653938947,3.4853236620082284,0.12975767179128947,5.7672262178266367,3.4727979520403882,0.11499146346521281
639049412589510327,nan,35.574718393802691,0.0075912075933027142,0.0097591923834874639,202,0,0,1,2,5.8238805758549983,3.4136389719602462,0.11499146346912147,5.816767220648642,3.4162897474001546,0.12475065585260893
639049412589809993,nan,34.44647927328284,0.013129239914285204,0.0118640195870683,203,0,0,1,2,5.8662000099603109,3.3599049748835883,0.12475065585790072,5.8560346763478721,3.3682141826240821,0.13661467544496902
639049412590010290,nan,34.743491162597202,0.019523779271341447,0.012370654480890225,200,0,1,1,2,5.8822810759200248,3.3360804357260259,0.13661467545153178,5.8948276704316243,3.3211217953066039,0.12424402097064155
639049412590211579,nan,36.907288438212696,0.020847558240081655,0.0092751227742829123,208,0,0,1,2,5.93381279245604,3.2737961760973904,0.12424402097828637,5.9355091839143048,3.2530177512149812,0.11496889820400345
639049412590510355,nan,30.623548470412377,0.044716220512129437,0.013905100951811827,206,0,1,1,2,5.9958933075986662,3.1519299924327395,0.11496889820986655,5.9688852598151216,3.1875685352173591,0.12887399916167838
639049412590710408,nan,33.821236195428973,0.00085874300566197992,0.011621638357551256,201,0,0,1,2,5.9912330525166304,3.1437453633160941,0.1288739991675486,5.9916091686570523,3.1445173582634141,0.11725236080999735
639049412591010710,nan,29.365607351096489,0.0042037198328713716,0.0059861921523488015,208,0,0,1,2,6.0257203055710171,3.079892711086798,0.11725236081314938,6.0246560937993499,3.0839594928289524,0.12323855296549818
639049412591211058,nan,34.800034185742035,0.017474471819676183,0.010575418701787881,206,0,0,1,2,6.0467035172544348,3.043558006245235,0.12323855296840849,6.0488327780655631,3.0262137445493642,0.11266313426662061
639049412591510815,nan,33.425937234279949,0.021274707588881735,0.010302732399200543,210,0,0,1,2,6.0850054892759937,2.9398156159578908,0.1126631342692825,6.0762507014234908,2.9592054811624271,0.12296586666848304
639049412591810674,nan,40.784286337364719,0.0081599787237142292,0.0015066570408064361,208,0,0,1,2,6.1036779544323778,2.892174416496903,0.12296586666951892,6.0989682048862219,2.8988380125218698,0.12447252371032536
639049412592010931,nan,43.377639224560703,0.025429393502912786,0.015756624515718118,209,0,1,1,2,6.1141397991719897,2.858522370278175,0.1244725237107164,6.1205215400478794,2.8339067769008262,0.10871589919499829
639049412592210674,nan,43.287181954905968,0.013024497297453867,0.009160721044825515,212,0,0,1,2,6.1420195542256355,2.769142200398361,0.10871589919522574,6.1475782580377922,2.7573634762832415,0.099555178150400228
639049412592510349,nan,59.142814163148074,0.045888409054377251,0.00011729873886591469,206,0,0,0,0,6.1881715302106697,2.6425253412168077,0.099555178150418672,6.1757350769493753,2.6866963805505328,0.099437879411552757
639049412592710878,nan,60.262115672179846,0.0047062967806062702,0.0039483390008530767,200,0,0,0,0,6.1945763507944438,2.6394091459123938,0.099437879411559446,6.1964203054260922,2.6350791273554397,0.095489540410706369
639049412593012032,nan,73.525681064711577,0.010985290375088224,0.00014951650217720491,207,0,0,1,2,6.2274853349065022,2.5575604529057836,0.09548954041071088,6.2254326249667225,2.5683522547260607,0.095340023908533675
639049412593310657,nan,59.954570966099588,0.0098897099415806659,7.979433146171333e-05,204,0,0,0,0,6.2542013078426617,2.5021857341453999,0.095340023908522697,6.2450839134011238,2.5060171152705313,0.095419818239984411
639049412593510910,nan,78.161909012490867,0.01895318964417082,0.006118563084087536,204,0,0,1,2,6.2582617433311505,2.4642161987987419,0.095419818239992113,6.2670489186616436,2.4474230767721776,0.10153838132407965
639049412593810772,nan,80.299471956168688,0.027428629284277257,0.0045790887602453895,208,0,0,0,0,6.2999396639060592,2.3596834395522941,0.10153838132404121,6.2998284273736758,2.3871118432763203,0.096959292563795818
639049412594010940,nan,126.87797049327996,0.0080393046181722466,0.002549797040086052,208,0,0,1,2,6.321709855163359,2.3468520604882417,0.096959292563491992,6.3289517848183152,2.3503427443204488,0.09440949552340594
639049412594210989,nan,71.37956425548532,0.025388281458011624,0.0029324933544136872,201,0,0,1,2,6.3580578284089126,2.3135955046166843,0.094409495523090442,6.3562503253206915,2.2882716469331226,0.097341988877504129
639049412594510976,nan,59.701146577519658,0.031290789889819356,0.011175267864092453,209,0,0,1,2,6.3971863323474016,2.1951918400261556,0.097341988876086902,6.3776607602688014,2.219643129704457,0.086166721011994449
639049412594811031,nan,48.850203963567424,0.025367316535576927,0.015588057326682045,206,0,1,1,2,6.3990760484591398,2.150999056004439,0.086166721009422839,6.4017684542579962,2.1762230861984908,0.070578663682740794
639049412595010754,nan,53.505253244505063,0.018297284304713404,0.006681033699601685,205,0,0,1,2,6.4178150489376513,2.1473217802741034,0.070578663679881179,6.4348120879855806,2.1405474702331708,0.077259697379482864
639049412595312753,nan,61.336526066225403,0.013431147377219493,0.008126156885238725,205,0,0,1,2,6.4847770111145984,2.086602755073121,0.077259697375729366,6.4765604552865739,2.0972274400187345,0.069133540490490641
639049412595510640,nan,49.640845486957815,0.0062279007777094469,0.0087767440401042146,202,0,0,1,2,6.5039163709024921,2.0688416810624326,0.069133540486733439,6.5067750402937445,2.0633086206607643,0.077910284526837653
639049412595810255,nan,46.763209015788533,0.016342813693559825,0.010813418288389179,201,0,0,1,2,6.5525220721196016,2.0119531144277207,0.077910284521928302,6.5420143026266073,2.0244700765074151,0.067096866233539124
639049412596010712,nan,43.135315739559424,0.010982205737006945,0.0082983187894951349,201,0,0,1,2,6.5655910821919115,1.9984852024345285,0.067096866228659471,6.5750937126140343,1.9929798543156088,0.075395185018154606
639049412596310713,nan,42.501436820726454,0.010223845275068307,0.0070077921410169886,204,0,0,1,2,6.6245998714193544,1.9458520506082597,0.075395185014154487,6.6216700593182169,1.9556471112645581,0.068387392873137498
639049412596510770,nan,46.795861678073514,0.013310531956867268,0.012484416929387218,212,0,1,1,2,6.6527297030947334,1.9307516056610301,0.068387392869562164,6.6651460672443985,1.9259553402099008,0.080871809798949382
639049412596810680,nan,52.308769049668633,0.01670963143082688,0.0083542197015841757,202,0,0,1,2,6.7303219398064238,1.8814437307335901,0.08087180979525381,6.7184334257662801,1.8931857500007938,0.072517590093669634
639049412597010219,nan,61.601753475828005,0.0065040468916550045,0.0063088106303564873,200,0,0,1,2,6.7538870826370001,1.8713831716915177,0.072517590088730724,6.7599560902504638,1.8737219261798226,0.078826400719087211
639049412597310703,nan,63.676851476749462,0.0095105100111189198,0.015047570261897097,200,0,1,1,2,6.8224847002708886,1.8444115275258215,0.078826400712047481,6.8183191837719521,1.852961280327434,0.063778830450150384
639049412597510216,nan,50.498199179802306,0.01248947124996188,0.010832308409202976,222,0,0,1,2,6.8570706509973371,1.8391767901850384,0.063778830442912923,6.8670404668059568,1.8316541799435184,0.074611138852115899
639049412597810895,nan,58.303898891290778,0.01626938887635063,0.010136737729366352,204,0,0,1,2,6.9404665927294884,1.7995430010412146,0.074611138845929389,6.9260499685745858,1.807083157696497,0.064474401116563038
639049412598010486,nan,59.681777929806728,0.013257844789507738,0.011626554488636198,202,0,0,1,2,6.9652205307605133,1.7907728902641014,0.064474401110371907,6.9780772691735455,1.7940093583763401,0.076100955599008105
639049412598310860,nan,67.848754673433149,0.016922391745494442,0.012361377796923298,204,0,1,1,2,7.0563756312746015,1.7743339752328477,0.076100955592525471,7.0415560074110504,1.7825038033173819,0.063739577795602173
639049412598512452,nan,72.806853793731577,0.016252718505020327,0.012605797115185932,207,0,2,1,2,7.0841589151153626,1.7747820036428246,0.063739577789269669,7.0977622173880359,1.783675879405489,0.076345374904455601
639049412598810892,nan,79.904846960632142,0.02766869876410193,0.011879159665204808,206,0,0,1,2,7.1809707837276306,1.7854110394700484,0.076345374897847346,7.1559123869035144,1.7736793030297879,0.064466215232642538
639049412599011039,nan,99.30605475476078,0.010055337948948882,0.014312446070639556,200,0,1,1,2,7.1949104500921433,1.7669751589074603,0.06446621522758901,7.2048098120090636,1.7687393740035864,0.078778661298228567
639049412599312233,nan,106.0831990288245,0.012969400203190991,0.010397544817879772,203,0,0,1,2,7.2783937830765328,1.7613054530199206,0.078778661293297678,7.2686081156411415,1.7698169778230597,0.068381116475417905
639049412599510852,nan,99.658468713418159,0.011648642967250007,0.010716418078092926,209,0,0,1,2,7.310679190327555,1.7705275915571312,0.068381116469955622,7.320499857189902,1.7767922053007918,0.079097534548048548
639049412599811399,nan,111.04236439699245,0.022329942853649941,0.014449834341225709,215,0,1,1,2,7.399021585963359,1.787347004654076,0.079097534541673648,7.377328408352601,1.7820524420663473,0.064647700200447938
639049412600013191,nan,92.998782422090528,0.01531618339306345,0.012568784863990989,206,0,2,1,2,7.4154839946543216,1.7855842480647268,0.064647700194760627,7.4290150057097319,1.7927604039680163,0.077216485058751616
639049412600310707,nan,86.296723086339213,0.014592154710663203,0.0077606667466253859,202,0,0,1,2,7.5052201560591225,1.8085478979872884,0.077216485054173986,7.4909568406157323,1.8054675065085513,0.0694558183075486
639049412600510518,nan,73.364241218474021,0.0063074075445503528,0.0080903508317708012,206,0,0,1,2,7.5325568217071792,1.8140015647297119,0.069455818302404257,7.5375519736693484,1.8178527784095651,0.077546169134175058
639049412600811349,nan,84.282132571941673,0.013091784933151723,0.01097576242962231,213,0,0,1,2,7.6077045702313617,1.836499768471443,0.077546169128561881,7.5967428531964103,1.8436576726606282,0.066570406698939572
639049412601011130,nan,79.116722364388764,0.018975898845497136,0.013947957780323289,217,0,1,1,2,7.6360513456815466,1.8607946285540422,0.066570406694110351,7.6542888127768265,1.8660367207835937,0.08051836447443364
639049412601246451,nan,84.462451705292338,0.0049688726770695654,0.0065481809849797235,208,0,0,1,2,7.7220718990283874,1.8923968850802204,0.080518364470784767,7.7171931241285572,1.8933388251832604,0.087066545455764491
639049412601510775,nan,88.4828528633102,0.018523432365442707,0.0033905335158791461,207,0,0,1,2,7.7878503081186592,1.9240058776067053,0.087066545451571123,7.7693270946290447,1.9240959254567287,0.083676011935691977
639049412601810646,nan,90.029582134150957,0.018289082772968337,0.017051299765402941,203,0,1,1,2,7.8284721812195608,1.9589893230146698,0.083676011930026564,7.8129202160879059,1.9493650345100437,0.066624712164623623
639049412602010918,nan,103.85807765366863,0.017488037155821472,0.010668791959733762,207,0,0,1,2,7.8420343405641271,1.9662412746543909,0.066624712158865548,7.856833535688315,1.9755587457297206,0.07729350411859931
639049412602310375,nan,104.76512531812627,0.014849528809655607,0.012385485881042407,206,0,1,1,2,7.9224949908471975,2.0147249306218211,0.077293504112713976,7.9077573134618806,2.0129057629123701,0.064908018231671569
639049412602511104,nan,74.174360418979887,0.021070155454825348,0.012946710101325976,210,0,2,1,2,7.9418920272562152,2.0379398392974806,0.064908018225533479,7.9544700842487881,2.0548438013532264,0.077854728326859454
639049412602810783,nan,74.403543600226485,0.026869471858662307,0.01547409425577502,200,1,3,0,0,8.0242100642050964,2.1174553294429264,0.077854728319661518,7.9999216643057229,2.1059643700273005,0.062380634063886498
639049412603011071,nan,84.039611061078688,0.004735518818988549,0.012975384427669698,206,1,4,0,0,8.0302988547876826,2.140130382522647,0.062380634057195378,8.0346925889638978,2.1418968021992111,0.075356018484865075
639049412603310525,nan,96.393144571164044,0.010669161902294735,0.011742032942358996,209,0,0,1,2,8.0866791906204583,2.1956199935217433,0.075356018478419773,8.0783322887362754,2.1889746760249489,0.063613985536060777
639049412603510863,nan,78.227226496095199,0.010273025093238287,0.011752721824764625,203,0,0,1,2,8.1075277250069497,2.2204702883276752,0.063613985529623385,8.1104895048930512,2.2303071020634633,0.07536670735438801
639049412603810814,nan,70.601763882059515,0.012741092490594991,0.008505163767532728,214,0,0,1,2,8.1586360828934357,2.2921910308372277,0.075366707349444118,8.1459225353404161,2.2913536859435273,0.06686154358191139
639049412604011358,nan,72.199732776984419,0.010368796172639343,0.011563695243794095,202,0,0,1,2,8.1696126769236628,2.332168772799859,0.066861543577049987,8.1694695046822741,2.3425365804648881,0.078425238820844081
639049412604310695,nan,64.569466332919433,0.019661598488694514,0.010468436226789835,209,0,0,1,2,8.2046163012051512,2.4189334514624776,0.078425238815676493,8.1974433322421412,2.400626977979408,0.067956802588886658
639049412604511086,nan,79.096813400748999,0.010873524003598017,0.0071421036485261186,207,0,0,1,2,8.2161703966496464,2.4395155645835773,0.067956802582982756,8.2148939801893057,2.4503139109975702,0.075098906231508875
639049412604810924,nan,76.126372219337696,0.017303907766226839,0.011430305170759256,213,0,0,1,2,8.2410047704901768,2.5246587200074546,0.07509890622557483,8.2333194321975061,2.5091551462481791,0.063668601054815574
639049412605011103,nan,75.369607348938004,0.0067048559612176949,0.014774904375691414,214,0,1,1,2,8.2456207034091253,2.5484389582774472,0.063668601049587853,8.2470964314548709,2.5549793955866549,0.078443505425279267
639049412605310590,nan,83.557859595927397,0.007021018523369494,0.012266834184800693,219,0,2,1,2,8.2677081448543301,2.623536871453914,0.078443505419360848,8.2609875902417773,2.6215049150554663,0.066176671234560155
639049412605517957,nan,65.801378192391553,0.009546866707292016,0.0082468123244014147,210,0,0,1,2,8.2706059306844821,2.6675676736916976,0.066176671228190029,8.2645144999678646,2.6749186692536231,0.074423483552591443
639049412605810992,nan,62.667714302203166,0.0067129713021202176,0.0082635903820888895,205,0,0,1,2,8.2694984559087032,2.7503988539573458,0.074423483546506949,8.2665751835295911,2.7443558032128452,0.06615989316441806
639049412606010997,nan,85.436567480364985,0.0053113724682573365,0.013185571775789676,213,0,1,1,2,8.2679816606253755,2.791748687945093,0.066159893158436345,8.2647935985019405,2.7959968566556883,0.07934546493422602
639049412606310966,nan,96.283151695757738,0.023829744305360546,0.012771235232904896,202,0,2,1,2,8.2621215639070087,2.8734484961656817,0.079345464926060233,8.2581208948920484,2.8499569793757509,0.066574229693155337
639049412606510725,nan,82.171875359425641,0.0049189631734344085,0.011857256862116167,201,0,0,1,2,8.2536773270553443,2.8858907597145089,0.066574229685871081,8.250868641456055,2.8899290122952608,0.078431486547987248
639049412606810175,nan,59.310619817520745,0.012332785446471605,0.0070591330539506725,201,0,0,1,2,8.2399971047973395,2.9498493425819925,0.078431486543368761,8.2456002961903607,2.9388629035282374,0.071372353489418089
639049412607011113,nan,66.61076163501518,0.016324758460908501,0.015403553799491626,207,0,1,1,2,8.2420651124835711,2.9716986966041161,0.071372353486799128,8.2308694855082472,2.983579592001198,0.086775907286290754
639049412607311253,nan,66.675874064231806,0.0042603716367791413,0.0065373173532655704,206,0,0,1,2,8.2088661535445091,3.0503726668714286,0.086775907284945095,8.2110787289000093,3.0467318871775024,0.080238589931679524
639049412607511284,nan,75.524482402046388,0.016470730411008456,0.0079175659813191246,201,0,0,1,2,8.1978890013225367,3.0888203017720626,0.080238589930219609,8.1945212895959685,3.1049430645005422,0.088156155911538733
639049412607810763,nan,98.368162735132671,0.028171322739743297,0.005852744027304832,207,0,0,1,2,8.1697321050928924,3.1920946818674838,0.08815615591042554,8.1784686449673245,3.1653122940738379,0.082303411883120708
639049412608010764,nan,67.397408029801767,0.015390885651276581,0.0076910144046330314,211,0,0,1,2,8.167748210551645,3.2056286644500203,0.082303411882509656,8.1641942709730593,3.220603606005914,0.089994426287142687
639049412608313427,nan,78.707278239169668,0.03486961071353166,0.0032954898370002317,207,0,0,1,2,8.1425927546995087,3.3042763593586368,0.089994426286929108,8.1470520126517023,3.2696930574655405,0.09328991612392934
639049412608510821,nan,75.807720406315426,0.024239090382637919,0.004020142700120799,210,0,0,1,2,8.1358719908482904,3.3017087421756686,0.09328991612374686,8.1302409576313774,3.3252846826126419,0.097310058823867659
639049412608811155,nan,78.583308773164148,0.026681118206118192,0.0011831151777927096,203,0,0,0,0,8.1046630201131435,3.4098670668134257,0.097310058823865148,8.1125240310703006,3.3843702714175272,0.096126943646072438
639049412609011223,nan,99.465900690688784,0.012833869000734082,0.0050886653783182995,202,0,0,0,0,8.1007218705982211,3.4237302359270925,0.096126943646078156,8.0985727658793962,3.4363828855482401,0.10121560902439646
639049412609314297,nan,114.01249250791166,0.0022936192261915891,0.0034227665686534375,201,0,0,0,0,8.077438622755718,3.5151744514910779,0.10121560902440964,8.0793930602540627,3.5139740918700393,0.10463837559306308
639049412609510729,nan,118.57092203955671,0.012353048164099458,0.003324249073949459,200,0,0,1,2,8.0669620766150985,3.5642634464177854,0.10463837559311281,8.0672318883244678,3.5519133451798988,0.10131412651916336
639049412609814792,nan,103.82762309916482,0.0049218258166370552,0.0032978873539215026,205,0,0,0,0,8.048407244577886,3.6106406563061704,0.10131412651917311,8.0509694249313561,3.6064383234771804,0.10461201387309461
639049412610011488,nan,114.58174370775309,0.015660089024603602,0.0022512437939446739,202,0,0,0,0,8.0404493633008016,3.6417101096897815,0.10461201387309985,8.041946266610692,3.6572984921825018,0.10236077007915517
639049412610311656,nan,139.45493002793521,0.0013045010855843588,0.0026227602396385469,202,0,0,1,2,8.0281764726809879,3.7349136705284716,0.10236077007918347,8.0288159246085016,3.7337766462038902,0.10498353031882202
639049412610511494,nan,107.07372199483002,0.027897463260153885,0.0020188608973612382,212,0,0,0,0,8.0200743489407635,3.7846922712649431,0.10498353031882995,8.0117271790599176,3.8113116854457987,0.10296466942146872
639049412610811539,nan,133.16332302527306,0.039360128505369289,0.00035247386725671681,200,0,0,1,2,7.9860694329949808,3.927725985275353,0.10296466942149415,7.9893576775201423,3.888503451396192,0.10261219555423744
639049412611011490,nan,133.56390962576316,0.0035564227895378319,0.0046561552476640927,207,0,0,0,0,7.9744505662455678,3.9399443045800382,0.10261219555426569,7.9748280118623223,3.9434806413660835,0.097956040306601599
639049412611311692,nan,145.55736228844174,0.005561102149168092,0.0024229396214560661,208,0,0,0,0,7.9530134938563668,4.0260221759587651,0.097956040306612757,7.9584606612599931,4.0249022543586728,0.10037897992806882
639049412611511585,nan,150.96259891793039,0.015482096924523292,0.0018132637344601688,203,0,0,1,2,7.9475622701301827,4.0791177841883464,0.10037897992810065,7.9488002655111476,4.0945503048060887,0.098565716193640476
639049412611811707,nan,142.40728312235132,0.023265159466498719,0.00021766293712344176,203,0,0,0,0,7.9342960192747363,4.1991208110088039,0.098565716193630332,7.9290010740295571,4.1764662044164975,0.09834805325650689
639049412612011788,nan,154.63878368985056,0.0068391686481396423,0.0014223458643921466,206,0,0,0,0,7.9158016350319889,4.2310767131761029,0.098348053256505488,7.9143085765831254,4.2377509175680865,0.096925707392113342
639049412612314397,nan,173.14592688182211,0.0060837268142913056,0.0010155990435683215,209,0,0,1,2,7.8920871664553909,4.3304399073376763,0.096925707392117172,7.8961903024958406,4.3259481363523644,0.097941306435685493
639049412612513485,nan,156.24720882790621,0.01658427708833031,0.0015887532106543117,200,0,0,0,0,7.8842701978344154,4.3839735351122302,0.097941306435689865,7.8794099493784078,4.3998296453378938,0.096352553225035553
639049412612813050,nan,185.27132581773026,0.0013434892277881482,0.00089393791623469665,201,0,0,0,0,7.8541607807613953,4.5109981448921115,0.096352553225046822,7.8554468103597008,4.5106094404060748,0.097246491141281519
639049412613011651,nan,195.59006624460864,0.0034988620044078501,0.00052903015083487215,202,0,0,1,2,7.8395600967174053,4.5840525264820045,0.097246491141292343,7.8400877619588867,4.5875113709015789,0.097775521292127215
639049412613311689,nan,172.08667191279454,0.017064224159587065,0.00015760346330548347,209,0,0,0,0,7.8168839605475977,4.7036915584233441,0.097775521292137249,7.8165991887538251,4.6866297105986181,0.097933124755442733
639049412613511640,nan,198.74495079781551,0.049088936965311719,0.0015668445837837691,209,0,0,1,2,7.8009459591598231,4.7526840475184837,0.097933124755446202,7.7962013905819498,4.8015431592725282,0.099499969339229971
639049412613812061,nan,159.60659105294565,0.06715894655223778,0.00064247152373522742,209,0,1,0,0,7.7655542474089074,4.9741975254125563,0.099499969339200148,7.7757876454127324,4.9078228188798594,0.09885749781546492
639049412614011829,nan,209.10046100472178,0.017688903363519169,0.00069744942715270486,211,0,0,0,0,7.7622133179024573,4.9784945596717396,0.098857497815481518,7.7580530478077776,4.9956872748425099,0.098160048388328813
639049412614311750,nan,220.25939747759142,0.016048188361378564,0.0010523564477718378,211,0,0,1,2,7.7314272706649136,5.1276022737250839,0.098160048388332602,7.7308799105548145,5.1115634225632283,0.09921240483610444
639049412614511944,nan,176.78462084234741,0.014191755395125114,0.0015460543968180834,219,0,0,0,0,7.7127421374771714,5.1889094887499958,0.099212404836108756,7.715612155440569,5.2028080109047012,0.097666350439290672
639049412614811896,nan,195.22888584756794,0.010555987254260489,0.0014206513866048126,210,0,0,1,2,7.692736376535966,5.3395203837140839,0.097666350439296445,7.6913501837202887,5.3290558084054593,0.099087001825901258
639049412615011672,nan,178.12397280957802,0.028144598215176772,0.003070692340726669,213,0,0,0,0,7.6751910660534932,5.4131401952190545,0.099087001825892279,7.6686736525395451,5.4405197812236299,0.09601630948516561
639049412615312296,nan,190.50983814999088,0.039787119739216524,0.00047237698278602969,201,0,0,1,2,7.6345498863730397,5.6082513674226213,0.096016309485182916,7.6381633939274023,5.5686286787165615,0.095543932502396886
639049412615511786,nan,170.65746943156489,0.027910449111052182,0.0012356282244647965,202,0,0,0,0,7.6179172010401528,5.6536400017009703,0.095543932502425113,7.6152012226419448,5.6814179899456416,0.094308304277960317
639049412615812006,nan,188.68048399702676,0.031861369871037305,0.0023369965691421996,200,0,0,1,2,7.5806445879067699,5.8511588642611185,0.09430830427795793,7.587846578994526,5.8201221406191017,0.09664530084710013
639049412616011833,nan,192.46362774101172,0.033178896912121489,0.0040345355691773777,218,0,0,0,0,7.5696392764292977,5.9124438857281065,0.096645300847106291,7.5631671703570458,5.9449854137084381,0.092610765277928914
639049412616311919,nan,221.52062358494794,0.048053625438387912,0.0024269322615192018,210,0,0,1,2,7.5261053868123451,6.1324962113898653,0.09261076527797385,7.5359119795298568,6.0854538724062888,0.095037697539493052
639049412616511917,nan,209.68054440930521,0.028453121302133899,0.001229891611208303,202,0,0,0,0,7.5177472412379798,6.1790717379603386,0.09503769753952887,7.5095126231813483,6.2063072144073432,0.093807805928320567
639049412616813560,nan,224.54361546522151,0.03700463481684578,0.0022100438850519433,206,0,0,1,2,7.4696963197831483,6.3885818603599231,0.093807805928339427,7.4800696055701419,6.3530609096419388,0.09601784981339137
639049412617012138,nan,201.28449239475941,0.03008528238008832,0.0010255871209265688,200,0,0,0,0,7.460686641101554,6.4496719872810537,0.096017849813418626,7.4670394201346957,6.4790788982790781,0.094992262692492058
639049412617312012,nan,200.9682617252586,0.051735678779880154,0.0063655362009423649,209,0,0,1,2,7.4473624477245144,6.669379527374816,0.094992262692678991,7.4464839446549682,6.6176513078890098,0.10135779889362136
639049412617512097,nan,178.35373760923127,0.034855244010229949,0.0025050435596260523,210,0,0,0,0,7.4327687098851607,6.710111009553053,0.10135779889377569,7.4273209603589141,6.7445378894597763,0.098852755334149639
639049412617812149,nan,187.22365808208269,0.034425313526571008,0.0044103658052241784,210,0,0,1,2,7.3985837148682494,6.9348198824801006,0.098852755334516554,7.4007104525721834,6.9004603248848495,0.10326312113974073
639049412618011966,nan,188.76509203447179,0.028715446535082696,0.0047203687424973717,202,0,0,1,2,7.3829894181034206,7.0042955043848423,0.10326312114015834,7.3859244383163549,7.0328605621663147,0.098542752397660971
639049412618311990,nan,174.81428518026854,0.052508529242215066,0.0031145480668048203,207,0,0,1,2,7.3637233285955066,7.2316587064189779,0.098542752398133968,7.3740307913080283,7.1801717968631449,0.10165730046493879
639049412618513356,nan,161.57164933677507,0.045997138958949989,0.0052510336867114954,213,0,0,1,2,7.3660481761723098,7.279042134189365,0.10165730046573547,7.3643614627008009,7.3250083368830179,0.096406266779023975
639049412618811739,nan,221.0045649027638,0.046774952133164557,0.0048378153290049158,200,0,0,1,2,7.3500335062542792,7.5396263027796921,0.096406266779320973,7.3584350011763906,7.4936120546587723,0.10124408210832589
639049412619012287,nan,129.14173753949422,0.016147265882115954,0.0095752148195206443,203,0,0,1,2,7.3544517313326079,7.6069333175741933,0.10124408210873342,7.3449363424195946,7.619979066663527,0.09166886728921278
639049412619311983,nan,135.36531932870486,0.05230595540117168,0.0018344436781721624,219,0,0,0,0,7.3247641440691913,7.8088200824292135,0.09166886728922434,7.3357336775602038,7.7576773184696961,0.093503310967396502
639049412619512005,nan,151.88306054914781,0.0035871791275141444,0.004840931968140047,210,0,0,1,2,7.3295916688897345,7.8495793782995689,0.093503310967409062,7.333085493796367,7.8503924229568094,0.088662378999269015
639049412619811849,nan,115.14525268995313,0.02384599981617172,0.0060540532152540683,200,0,0,1,2,7.3291157204090203,7.9893774735504142,0.088662378999242619,7.3264423338629028,8.0130731421758803,0.082608325783988551
639049412620011962,nan,118.63375811383571,0.038537406682727801,0.00065833824259015072,221,0,0,0,0,7.3220087528548943,8.1216446885969731,0.08260832578396568,7.31608285841516,8.1597237575052208,0.08194998754137553
639049412620312186,nan,128.79841028075626,0.020826180105534005,0.0030792535567250034,204,0,0,1,2,7.3005408238805565,8.3797396202259637,0.081949987541367231,7.3068227153671925,8.3598834469506755,0.078870733984642227
639049412620511897,nan,132.37330234768126,0.00704199353127824,7.4268589267456608e-05,213,0,0,0,0,7.30066280667151,8.4930310025719482,0.078870733984605257,7.3062581397551458,8.4887552663104682,0.078945002573872713
639049412620812118,nan,156.46876609636593,0.056376975583741225,0.0027533706286753945,204,0,0,1,2,7.3054094260897777,8.6824853386651029,0.078945002573859904,7.3073470644455529,8.6261416705774465,0.07619163194518451
639049412621111690,nan,128.51146251432095,0.033266984349757958,0.0016367505076700789,210,0,0,0,0,7.3084336351629728,8.7632310810419618,0.076191631945145166,7.3065971754694408,8.7300148250289631,0.077828382452815245
639049412621311602,nan,135.18282336339448,0.050301434683903058,0.0023858817644825114,203,0,0,1,2,7.306096755520338,8.7993320177329259,0.077828382452840794,7.3031717333728938,8.8495483355658369,0.080214264217323306
639049412621511942,nan,150.1394066075874,0.060846749332976215,0.0035619654229059605,204,0,1,0,0,7.2997389576034442,8.9693377604175577,0.080214264217327788,7.3013583119931882,9.030162957464098,0.083776229640233749
639049412621811901,nan,196.58516166178691,0.074875963274886728,0.0011879556507843336,201,0,2,1,2,7.2986431674207859,9.3005881415011373,0.083776229640261823,7.2895316405185229,9.2262686288960918,0.08258827398947749
639049412622012229,nan,146.60095155457836,0.0069250012236747862,0.0023631924051721737,205,0,0,0,0,7.2816331829187284,9.3572380512059024,0.08258827398948089,7.2858250776010571,9.3517259136060087,0.084951466394653063
639049412622311804,nan,173.19170252663361,0.024046251397605717,0.00083865347938277823,200,0,0,1,2,7.2802821999903395,9.539337560839412,0.084951466394643446,7.2784110900414518,9.515364218272385,0.084112812915260668
639049412622611840,nan,125.09341017449542,0.035838304624034562,0.0024302047407553512,208,0,0,0,0,7.2709856934915607,9.6792543372038082,0.084112812915241683,7.2766182294400457,9.6438614195914649,0.081682608174486332
639049412622814624,nan,212.34248376083872,0.01701654397168639,0.0059621529495494652,205,0,0,0,0,7.275406496700656,9.7307082528790989,0.081682608174408228,7.2800584084767666,9.71433991498035,0.087644761123957693
639049412623112409,nan,152.62113133207174,0.07143268081217849,0.00013758730638525896,211,0,1,1,2,7.2851102553406708,9.8178364371387996,0.087644761124015591,7.2748365907567196,9.8885264626305975,0.087507173817630332
639049412623312237,nan,130.82355164775154,0.067687568456262739,0.00025612937205424235,211,0,2,1,2,7.2713325009222363,10.005413980282103,0.08750717381749229,7.2666344288006552,10.072938309540984,0.087251044445438047
639049412623511899,nan,130.33719955851964,0.023498905327483815,9.4899972082618245e-05,208,0,0,0,0,7.2584390804987571,10.257196962871955,0.087251044445369921,7.2582722139492075,10.233698650014546,0.087156144473287303
639049412623812214,nan,136.58625514334008,0.10295331120652577,0.00098949712411969259,212,1,1,0,0,7.2456944647875616,10.475501004239776,0.087156144473265168,7.2542045125777177,10.37290001313834,0.086166647349145475
639049412624012311,nan,145.77919709254911,0.0050648030527621563,0.0013860101188662294,204,0,0,1,2,7.2514942422238189,10.465648544370485,0.086166647349118344,7.2514315167057157,10.460584129747584,0.087552657467984574
639049412624312370,nan,150.96594238499279,0.026458602359199047,0.0048413841838317734,225,0,0,0,0,7.2472732216370392,10.592072399664941,0.087552657467949879,7.2468452813101374,10.565617258276568,0.082711273284118106
639049412624612354,nan,114.73236480206027,0.090080385556668724,0.00316457622370582,201,0,1,1,2,7.2422601922479624,10.670624133686532,0.082711273283875064,7.2322487361160137,10.760146458322101,0.079546697060169244
639049412624811818,nan,85.582123288970379,0.035435360223736022,0.00045660259634824896,207,0,0,0,0,7.2225432675223535,10.889491931273598,0.079546697060015756,7.22036483961383,10.924860267480343,0.080003299656364005
639049412625012322,nan,87.764692688949609,0.021394089600870411,0.0030598252857931274,202,0,0,1,2,7.2084189807908148,11.090432890066193,0.080003299656288454,7.2074813863607652,11.111806424788714,0.083063124942081581
639049412625312233,nan,103.29873056297275,0.10950588629096872,0.0013473084446927602,203,1,1,0,0,7.1882105022458349,11.391437798649141,0.083063124941963148,7.1924056194574817,11.282012298312377,0.081715816497270388
639049412625511439,nan,92.679213660514748,0.024548471487498343,0.0023474352350143363,201,0,0,1,2,7.1823920380225381,11.395065941697098,0.081715816497156979,7.1816024945076125,11.370530170394558,0.084063251732171315
639049412625812671,nan,130.77921073683149,0.016504839518499202,0.0025525023655063456,209,0,0,0,0,7.1652664055599953,11.504383646911627,0.084063251732016606,7.1599749706527351,11.520017278740273,0.08151074936651026
639049412626112613,nan,116.03434754422581,0.014448988862278548,0.004312308808168866,201,0,0,1,2,7.138440064799175,11.66886422146691,0.081510749366396254,7.1434452055544453,11.682418624632014,0.077198440558227388
639049412626312164,nan,92.86714277862302,0.033617751452616099,0.0025063051788753732,206,0,0,0,0,7.1324479755728865,11.790464016654614,0.077198440558128481,7.1234522974731611,11.82285585186437,0.079704745737003854
639049412626611815,nan,145.54831689360023,0.027593001052948932,0.0046380897543527866,206,0,0,1,2,7.0934304238695969,12.033740064809445,0.079704745736949259,7.102393678467589,12.00764344100253,0.075066655982596472
639049412626811418,nan,129.0132221867093,0.032578256384461511,0.0065623951185885682,210,0,0,0,0,7.0883661480092588,12.130733826667001,0.075066655982554562,7.0883301872108575,12.098155590129817,0.08162905110114313
639049412627012089,nan,119.08211579321032,0.059854386569598801,0.00017134652805153583,208,0,0,1,2,7.0741914475427183,12.18915203546141,0.081629051101176062,7.0693816811902392,12.248812857943651,0.081457704573124526
639049412627312156,nan,103.2069597374594,0.068403390815280921,0.0095091304660141762,203,0,1,1,2,7.041047635134313,12.474093413584944,0.081457704573253131,7.0509712380103142,12.406413682638467,0.090966835039267308
639049412627612455,nan,122.86076494806197,0.032225067030838946,0.006244753018945004,206,0,0,0,0,7.0325465605999753,12.564136358091044,0.090966835039287472,7.0261510140434291,12.532552312603091,0.097211588058232476
639049412627812312,nan,116.9687772396979,0.051174760934647109,0.0036490924346974235,204,0,0,1,2,7.0096324924987359,12.616500937702874,0.097211588058230103,7.0043771281037044,12.667405134993409,0.093562495623532679
639049412628112212,nan,94.041879249753052,0.046199388123896068,0.0041033887918642264,208,0,0,0,0,6.9717038247251715,12.869761627059518,0.093562495623577338,6.9803977561739172,12.824387636503397,0.097665884415441565
639049412628311600,nan,113.03820482580123,0.021773195410266802,0.0046998856623609309,201,0,0,1,2,6.9644551119247131,12.928757183055827,0.097665884415425577,6.9630676390322099,12.950486125905083,0.092965998753064646
639049412628512620,nan,112.33550274431369,0.019055511572900485,0.0011135690947745858,201,0,0,0,0,6.9455956740803275,13.077616737273505,0.092965998753054807,6.9328655350526187,13.091796161861271,0.091852429658280221
639049412628812092,nan,124.15514320056452,0.078786642203810334,0.00079185572042722585,202,0,1,1,2,6.8878715817993301,13.30231451370622,0.091852429658275711,6.9148843457089875,13.228303395786597,0.092644285378702937
639049412629111916,nan,198.34084208895064,0.037114475028347145,0.0021298811585906685,211,0,0,1,2,6.8968820212387039,13.364971080593278,0.092644285378808852,6.8927794728191385,13.401858115620438,0.090514404220218184
639049412629312531,nan,170.43612249996121,0.024914095406759571,0.0038084791266309176,216,0,0,0,0,6.8779888987663709,13.517985177228136,0.09051440422022318,6.8702836005662347,13.541677803287399,0.086705925093592262
639049412629612615,nan,142.24405603055177,0.060595061060897522,0.00017018153054866592,205,0,1,1,2,6.8366338170049836,13.750822937768133,0.086705925093604724,6.849829702568325,13.6916821732383,0.08687610662415339
639049412629812227,nan,156.38927346392543,0.04872245025111098,0.0019916545278153008,217,0,0,0,0,6.8362240338650331,13.791463142215784,0.086876106624183422,6.8289498761645904,13.83963952427402,0.088867761151998723
639049412630012467,nan,140.34229901673393,0.0095576276748188301,0.00071618729209080301,207,0,0,1,2,6.8080043596671667,13.988062364440905,0.088867761152009381,6.807422007679504,13.997602234090587,0.088151573859918578
639049412630312378,nan,119.38248573045382,0.082922275620924982,0.00011514236902018804,218,0,1,0,0,6.7751784770900576,14.234192097573391,0.088151573859932789,6.784743299345549,14.151823305125198,0.088036431490912601
639049412630612192,nan,116.65647590294306,0.019274565431874429,0.0052067741883168733,206,0,0,1,2,6.7620719259699928,14.305994496549223,0.088036431490912267,6.7661268000644332,14.287151278441218,0.082829657302595394
639049412630812310,nan,112.87434011286375,0.050289583105000021,0.0012333408902206605,205,0,0,0,0,6.7537007739177612,14.377479159607725,0.082829657302589135,6.7421944838292127,14.426434725759828,0.081596316412368475
639049412631112439,nan,106.04444777107548,0.028697452461797519,0.0024920312213260742,200,0,0,1,2,6.7063017498454602,14.635326488421292,0.081596316412374137,6.720081829923644,14.610154019912304,0.079104285191048063
639049412631311440,nan,97.299188732406904,0.0052948668333599848,0.00072547473868028733,211,0,0,0,0,6.7054200003774751,14.731969383491421,0.079104285190951862,6.7020829079886566,14.736080275021431,0.079829759929632149
639049412631612835,nan,103.62059670153751,0.019097141433596525,0.0074849710584617701,202,0,0,1,2,6.6748228184584759,14.926800641545293,0.079829759929677266,6.6810545788444289,14.90874888336425,0.072344788871215496
639049412631812267,nan,89.23368608952093,0.0055270917748826099,0.0058209399378191667,213,0,0,1,2,6.6671402082082487,15.023003087644431,0.072344788871436777,6.6631263514322541,15.026802784641532,0.078165728809255944
639049412632112791,nan,95.054902260427326,0.051177776184315689,0.007843114641540902,208,0,0,1,2,6.6361103128084808,15.204698160646656,0.078165728809381052,6.6492222043753202,15.155228542953456,0.086008843450921954
639049412632312747,nan,79.294459579915753,0.017209493582412364,0.0015541326234711494,214,0,0,0,0,6.6399709710997206,15.240677628314423,0.086008843450980851,6.6402052835778598,15.257885526705152,0.087562976074452001
639049412632612419,nan,97.94166900113602,0.010557008834180233,0.0064838729701129638,213,0,0,1,2,6.6266917171471622,15.41173649209173,0.087562976074457149,6.619062115461789,15.404439944027919,0.094046849044570113
639049412632812686,nan,82.868220735258959,0.055820492844222275,0.0069839660652154661,200,0,0,0,0,6.6049324041470809,15.502380403910653,0.09404684904457293,6.6005598841736211,15.558029379556693,0.087062882979357464
639049412633112577,nan,96.718797652098303,0.088708784966374563,0.0092327231749718408,218,0,1,1,2,6.5728536088349978,15.788022785410677,0.087062882979357825,6.580359431826003,15.699632111969198,0.096295606154329666
639049412633312421,nan,85.260383601726716,0.011585541997266385,0.0017110253260202712,209,0,0,0,0,6.566898076870511,15.793994585188615,0.096295606154340518,6.5682229723159598,15.805504121905141,0.09800663148036079
639049412633612526,nan,113.50300995729835,0.03132635258939092,0.0012161198452671634,216,0,0,1,2,6.5499976956938868,15.964491729948547,0.098006631480360901,6.5503568105672176,15.933167435813441,0.096790511635093737
639049412633812593,nan,97.842885411497207,0.036132179364712275,0.000964082420547685,207,0,0,0,0,6.5384462146671645,16.018275035565836,0.096790511635076654,6.5352707694170347,16.054267408828892,0.095826429214528969
639049412634012112,nan,103.48743326069068,0.056291470607477807,0.0086161390429659729,208,0,0,1,2,6.5202260501767633,16.175035679038722,0.095826429214526332,6.5152654612676351,16.231108151971767,0.087210290171560359
639049412634315053,nan,85.584985987184453,0.10844365390633147,0.0006313189423699378,208,1,1,0,0,6.4848902686489511,16.499615469913646,0.087210290171585131,6.5036869936438775,16.392813273297559,0.087841609113955069
639049412634612644,nan,97.802328272313488,0.065543153956007266,0.0057663920436179655,215,0,2,1,2,6.4923130041257151,16.551662649118143,0.087841609113953056,6.4879886384197549,16.486262305910007,0.093608001157571022
639049412634812184,nan,77.272188507057876,0.047607089055402708,0.0056453277777604033,210,0,0,0,0,6.4774626151145425,16.548921526005667,0.0936080011575708,6.4700617824790951,16.595949843056474,0.087962673379810397
639049412635112584,nan,80.195996725685447,0.01692254246695939,0.0013899954772792628,203,0,0,1,2,6.4430735719720582,16.761080323956538,0.087962673379842093,6.4545911072100868,16.748681984326296,0.089352668857121356
639049412635312851,nan,79.919919438064696,0.018717063298038805,0.00081159330577187938,212,0,0,0,0,6.4442773065306644,16.850503581315923,0.089352668857112003,6.4435770578861291,16.869207541066164,0.088541075551340123
639049412635615947,nan,89.795843307720659,0.048222942058584427,0.0020928589900163774,205,0,0,1,2,6.4269077399560945,17.051618093706523,0.08854107555133725,6.4306186488376058,17.003538146784145,0.086448216561320873
639049412635812649,nan,94.464573534925378,0.019136839881108928,0.0018417866173208175,211,0,0,0,0,6.422208953636539,17.090715472799459,0.086448216561314045,6.4154857560387626,17.108632427191779,0.088290003178634863
639049412636115373,nan,108.61193887569408,0.036190212042451431,0.0028806378565854052,219,0,0,1,2,6.3921962631020515,17.270372322780641,0.088290003178639637,6.3993964037121156,17.234905585929432,0.085409365322054231
639049412636313323,nan,110.069030643237,0.019175213306016778,0.0027532814054578858,210,0,0,0,0,6.3888756412583296,17.317475094036219,0.085409365322055231,6.3822506420597032,17.335469487356068,0.088162646727513116
639049412636612897,nan,114.32935056961604,0.029219911345330619,0.0029302517442589548,218,0,0,1,2,6.3563025521316412,17.487661102440601,0.088162646727515406,6.3691034933550643,17.461394410170286,0.085232394983256451
639049412636813772,nan,101.3909218306797,0.044336404480915172,0.0030807057370157431,205,0,0,0,0,6.3602878635071995,17.545831540462988,0.085232394983256063,6.3588468385453281,17.590144520608252,0.08215168924624032
639049412637112676,nan,119.89675303856191,0.059555359146429683,0.00075331443377071872,202,0,0,1,2,6.3435848340686665,17.78172596683277,0.082151689246237503,6.3501240888729047,17.722530705623232,0.082905003680008221
639049412637313239,nan,97.150898529596674,0.010024701286561896,0.000688821675744411,201,0,0,0,0,6.3442711700677021,17.811361134206187,0.082905003680006278,6.3396423813976561,17.82025320659303,0.082216182004261867
639049412637612648,nan,127.52196196234924,0.028466474005553306,0.00034809707725245997,209,0,0,1,2,6.3239948414553107,17.966137523704692,0.082216182004259189,6.3245212588706048,17.937675917512951,0.082564279081511649
639049412637812764,nan,108.79429771478769,0.018389642560822744,0.0011724805027480828,201,0,0,0,0,6.3144147538703432,18.016157737426351,0.082564279081513814,6.3130798336582554,18.034498864478476,0.081391798578765731
639049412638112819,nan,118.39539818250947,0.023767017166300995,0.00023249818944019729,210,0,0,1,2,6.2959244995415853,18.179675708667549,0.081391798578768049,6.3000520729644478,18.156269849516001,0.081624296768208246
639049412638313020,nan,90.71298839270834,0.022466611804503,0.0021350285791145035,205,0,0,0,0,6.2913597641588588,18.237517197420544,0.081624296768175467,6.2884218203644915,18.259790884412944,0.079489268189060963
639049412638613136,nan,135.28769021457643,0.034301094218788727,0.001167315242316086,207,0,0,1,2,6.2709872176937331,18.414976517397449,0.079489268189031653,6.2796084793399114,18.381776533779465,0.080656583431347739
639049412638812533,nan,130.00461767264196,0.026287336548202481,0.0025818217505660795,201,0,0,0,0,6.2737528976305788,18.462823770603681,0.080656583431312823,6.265904224840801,18.48791206265869,0.083238405181878902
639049412639112752,nan,186.2113618840178,0.053667139638042573,0.0021669356490209013,214,0,0,1,2,6.2452706266348681,18.647713375339382,0.083238405181875877,6.2463380544302343,18.59405685220537,0.081071469532854976
639049412639314211,nan,151.92323496049818,0.02326449253632798,0.00047421673704586831,201,0,0,0,0,6.2332083686850206,18.665284266717059,0.081071469532833104,6.232475966718261,18.688537227825957,0.081545686269878973
639049412639612829,nan,176.22071893519657,0.028541735584569794,0.0020701387378742331,210,0,0,1,2,6.2119285158306159,18.828583295795465,0.081545686269789711,6.2163412537282987,18.800384742385301,0.079475547531915477
639049412639812273,nan,145.46233322054786,0.017338050614031437,0.00040730373473746306,208,0,0,0,0,6.2055650389737629,18.875086587866061,0.079475547531822871,6.2042526221055727,18.892374894927737,0.079882851266560334
639049412640115186,nan,168.89607591216745,0.036210800789312519,0.003979200757315865,205,0,0,1,2,6.185892562786993,19.032088363756518,0.079882851266429702,6.1881873308395745,18.995950348683909,0.075903650509113837
639049412640315832,nan,155.63059716520675,0.022661848043471586,0.0035443524545454574,217,0,0,0,0,6.1775458713071094,19.064557508146727,0.075903650508985288,6.1742169815695442,19.086973525854173,0.079448002963530745
639049412640613462,nan,161.60637286707225,0.031128768924368052,0.0037307608425724975,207,0,0,1,2,6.153493941722056,19.221993552274764,0.079448002963286829,6.1506894079320258,19.190991377432226,0.075717242120714331
639049412640812169,nan,173.86776532899668,0.019899142796308215,0.0025103783230759208,208,0,0,1,2,6.1349816715654288,19.260436914621085,0.075717242120438455,6.1312904033943854,19.27999069746015,0.078227620443514376
639049412641112847,nan,122.97986055471758,0.033349951269114692,0.0030600180710503577,200,0,0,1,2,6.1019363600724663,19.414662035396688,0.078227620443349952,6.104755902807347,19.381431485771103,0.075167602372299594
639049412641313646,nan,131.65404148034852,0.026294648230353702,0.006515256343421677,208,0,0,1,2,6.0870356133835228,19.44917574658184,0.075167602372139389,6.0802005104834587,19.474566490838431,0.081682858715561066
639049412641612839,nan,132.7323763284181,0.034682551837662716,0.0049760976032775239,208,0,0,1,2,6.043612671422701,19.61333880330567,0.081682858715266177,6.0438116022438839,19.578656821982502,0.076706761111988653
639049412641812895,nan,108.72710655757197,0.021489627222928177,0.0047404042248373052,213,0,0,1,2,6.0194800857084827,19.648257030835513,0.076706761111734814,6.0200645031626028,19.669738709876494,0.081447165336572119
639049412642112818,nan,108.30083719470939,0.028542403507768061,0.0010090452989127835,206,0,0,1,2,5.9844629656043438,19.806288241321838,0.08144716533633288,5.986497097700739,19.777818413352307,0.080438120037420097
639049412642313246,nan,107.31403867727163,0.015230469368610547,0.0015850581362739924,205,0,0,1,2,5.9640651803689222,19.850044280685758,0.08043812003716018,5.95285275762149,19.860351985246961,0.082023178173434172
639049412642613314,nan,110.68916533113342,0.029046226732051813,0.00010695230395069144,209,0,0,1,2,5.9024826005630944,19.983915977559835,0.082023178173183206,5.9179689237441488,19.95934247390851,0.081916225869232515
639049412642812607,nan,114.63051687454191,0.029043015153408368,0.0044841823192579566,208,0,0,1,2,5.8948004955714781,20.025087943124909,0.081916225868897977,5.8844437140565793,20.0522215718143,0.086400408188155933
639049412643113345,nan,115.82101376700881,0.036801969076655928,0.0012629887579588134,202,0,0,1,2,5.8338533545807305,20.192378396921011,0.086400408187913932,5.8434942716251852,20.156861673445146,0.085137419429955119
639049412643313364,nan,109.08847144487939,0.01658474957469263,0.0028761904949795303,215,0,0,1,2,5.8162590485217365,20.226457163499944,0.085137419429678285,5.8094707158370129,20.241588999403653,0.088013609924657815
639049412643613499,nan,105.05977956781261,0.036221592762056665,0.0054844881237083726,200,0,0,1,2,5.7584172663323008,20.368725101356752,0.088013609924347966,5.7683081512024845,20.333880099151198,0.082529121800639593
639049412643813516,nan,111.55635621181057,0.028284543943841542,0.0061310770260928071,201,0,0,1,2,5.7408764531649199,20.395385051583286,0.082529121800323416,5.7345430672559496,20.422951401523733,0.088660198826416223
639049412644113263,nan,96.817374519585925,0.040100734255695263,0.0094551939270408336,216,0,0,1,2,5.6839424552193627,20.556434333835789,0.088660198825968234,5.6860051044290785,20.516386682642697,0.0792050048989274
639049412644313374,nan,93.979484371041451,0.034382640239326828,0.0057386240112609621,208,0,0,1,2,5.6536011761854326,20.578764046019135,0.079205004898454473,5.6299384888509314,20.60370884864286,0.084943628909715435
639049412644613030,nan,82.889624867933733,0.046542078223180745,0.0023282308512514033,206,0,0,1,2,5.5459815961379606,20.734469331449628,0.084943628909315505,5.5753621177373844,20.698372932794381,0.082615398058064102
639049412644812901,nan,86.811436778621001,0.011001001919856276,0.0035085979286711144,205,0,0,1,2,5.5389595966103728,20.761514018450764,0.082615398057669626,5.541271516951082,20.772269345855307,0.08612399598634074
639049412645113415,nan,74.348110129740391,0.019757746484027797,0.00016772985670192309,206,0,0,1,2,5.4900149424370461,20.883375542725243,0.086123995985899704,5.492861391765806,20.863823911786984,0.085956266129197781
639049412645312682,nan,82.060667609253343,0.034241570628473751,0.0034919526300827841,211,0,0,1,2,5.4607612552820006,20.924532576573007,0.085956266128732098,5.4319498656858283,20.943036332641501,0.089448218758814882
639049412645613108,nan,77.286212880395553,0.046259417405950153,0.0088330734037305736,202,0,0,1,2,5.3401162648683149,21.062461379175243,0.089448218757952752,5.36456982199417,21.023193615772797,0.080615145354222179
639049412645813226,nan,72.628113922246683,0.0125622605186472,0.0019094324973290278,207,0,0,1,2,5.3196870236228992,21.076587513723268,0.080615145352874631,5.3224808894990012,21.088835154426878,0.082524577850203659
639049412646113518,nan,67.766809329231577,0.019622996845162589,0.0072506919793346308,202,0,0,1,2,5.259323303890314,21.187335184036964,0.082524577848613737,5.2574943173573168,21.167797609636661,0.075273885869279106
639049412646313575,nan,62.756632630252952,0.018226626222291344,0.0079793236743521817,200,0,0,1,2,5.2141997285472623,21.220403046684279,0.075273885867587348,5.1993422081699361,21.230960697544411,0.08325320954193953
639049412646612758,nan,59.334541085424036,0.028486237122568852,0.0018055759763604129,200,0,0,1,2,5.1123763810156344,21.325420387180387,0.083253209540613951,5.1319427990128972,21.304717223360342,0.081447633564253538
639049412646813132,nan,53.058002174580047,0.013325230277062316,0.0042058867202251632,209,0,0,1,2,5.0868029039973628,21.354114716212013,0.081447633562713562,5.0734987294837124,21.354863516884471,0.085653520282938725
639049412647113150,nan,45.903078379910816,0.013434165911577695,0.0072456080391549854,212,0,0,1,2,4.9859910046690805,21.429947064103782,0.085653520281220447,4.9940026739925338,21.419163281446874,0.078407912242065461
639049412647313474,nan,43.924512988720679,0.012981937483010773,0.0076477484801345391,208,0,0,1,2,4.9409226327276272,21.462096658898222,0.078407912240506736,4.9376249884981673,21.474652782637207,0.086055660720641275
639049412647613274,nan,42.026632795580241,0.023727891341020605,0.0051777667259101101,205,0,0,1,2,4.85325152295629,21.557697013267894,0.08605566071951283,4.8624396401152419,21.535820282923424,0.08087789399360272
639049412647813471,nan,37.206231891363402,0.01381891831702328,0.0076955933266149301,205,0,0,1,2,4.8122332318756937,21.576666013593204,0.080877893992554586,4.8003910004411727,21.583788096020683,0.088573487319169517
639049412648113314,nan,36.178405752382922,0.019169749636035092,0.0044053042338134257,203,0,0,1,2,4.7074582878341307,21.655631395283518,0.08857348731825529,4.7187426070748595,21.640134833071802,0.084168183084441864
639049412648413281,nan,35.908462328932814,0.020291634215892956,0.0087454206693520775,203,0,0,1,2,4.6370604480352524,21.696504872302373,0.084168183083344172,4.6537997296552458,21.685035483914227,0.075422762413992095
639049412648612656,nan,30.864920796544709,0.038959934472087385,0.005134407995538548,207,0,0,1,2,4.6106350275862331,21.714878990905692,0.075422762412719987,4.5746046022858833,21.729700763631829,0.080557170408258535
639049412648813625,nan,32.365652979167386,0.0067776314828719752,0.0061987896610678772,205,0,0,1,2,4.4947763111145056,21.774723141560692,0.080557170407093148,4.4897935622403624,21.779317540561088,0.086755960068161025
639049412649088555,nan,29.176911570528013,0.032878757040464814,0.0006713849432646718,203,0,0,1,2,4.3737701992355458,21.847194379681355,0.086755960067244509,4.3975354570020384,21.824473790168359,0.086084575123979837
639049412649313345,nan,33.129458589724372,0.0098452240224945666,0.0030555843967125657,208,0,0,1,2,4.3221028033210187,21.861394727676881,0.086084575123063209,4.3312782587845193,21.857825490630898,0.089140159519775775
639049412649613335,nan,29.643974968109831,0.013489592276602331,0.0051788200579482302,203,0,0,1,2,4.2428557449125783,21.902334484010307,0.089140159518722659,4.2501897968996181,21.891012788852763,0.083961339460774428
639049412649913117,nan,29.932145941540369,0.006147257772962331,0.005798568070504509,223,0,0,1,2,4.1691575582223974,21.924177076447506,0.083961339459670187,4.1644954703828105,21.92017036768554,0.078162771389165678
639049412650112918,nan,35.423180868402675,0.012827883020414425,0.0082181843716739866,211,0,0,1,2,4.1073812602821889,21.93960353381415,0.078162771388143648,4.1000673205221183,21.950142075837196,0.086380955759817635
639049412650313420,nan,32.29667186450429,0.032746612496260902,0.0064470406346285591,206,0,0,1,2,4.0354131250808116,21.980218939455614,0.086380955758755262,4.0026926058630234,21.98152594064101,0.092827996393383821
639049412650613422,nan,28.547987151456635,0.042258489172961482,0.0035105474322469632,217,0,0,1,2,3.8569952604641857,22.028484186488303,0.092827996392612411,3.8949868088143016,22.009979534069462,0.089317448960365448
639049412650812629,nan,29.696271307177163,0.0072645368883231974,0.0032858316753724831,211,0,0,1,2,3.8234681232299232,22.028873258064973,0.089317448959648257,3.8303128437243386,22.026439475503786,0.09260328063502074
639049412651113792,nan,30.508527801602728,0.0043245396807672486,0.0071791761053480035,202,0,0,1,2,3.732538140283252,22.051323768436188,0.092603280633733034,3.7360026892858436,22.048735613947141,0.085424104528385031
639049412651413406,nan,27.181887887014682,0.0087633252829829762,0.0017315085313059919,202,0,0,1,2,3.642177609140091,22.070917074563376,0.085424104527724518,3.650223415148262,22.067444197414058,0.083692595996418526
639049412651613697,nan,24.526096004355896,0.031023496621218678,0.0068437655419227167,201,0,0,1,2,3.5928802449483035,22.079950825579541,0.083692595995968788,3.5622055468030771,22.084589816451057,0.090536361537891505
639049412651813353,nan,30.368086685291196,0.019219304065892361,0.0057387669448424605,201,0,0,1,2,3.4744667291711004,22.101681077238865,0.090536361537657914,3.4554560983159175,22.104505535286915,0.096275128482500374
639049412652113531,nan,30.009480586981258,0.057903640398496353,0.0013488537445196375,205,0,0,1,2,3.294960866777779,22.134448340154837,0.096275128482371256,3.35178087202884,22.123298516180093,0.094926274737851618
639049412652313534,nan,30.437143998922796,0.0091500498914936241,0.0053896754462924301,209,0,0,1,2,3.2827040033606019,22.135819928667278,0.094926274737746771,3.274394292961111,22.131989507529411,0.1003159501840392
639049412652613641,nan,33.08349767528685,0.023781475473070208,0.0017107447926818786,216,0,0,1,2,3.1582747643326456,22.145030448619647,0.10031595018396043,3.1820420852967284,22.1442100646446,0.10202669497664231
639049412652913429,nan,31.679054005217836,0.0069840473357461654,0.0033006636799729761,208,0,0,0,0,3.0897880438005623,22.156417631867118,0.10202669497660635,3.0832393110214449,22.153990490302302,0.098726031296633376
639049412653113453,nan,30.596493226741551,0.026332721623642866,0.0032650145282371867,203,0,0,1,2,3.0173163050250764,22.160516167987055,0.098726031296618388,2.991451607496229,22.165458803908251,0.10199104582485558
639049412653414471,nan,32.385062705509185,0.033662794062956136,0.003820941280713655,204,0,0,0,0,2.8533194286589221,22.182717576980661,0.10199104582485347,2.8866742626709567,22.178174587639422,0.10581198710556712
639049412653614079,nan,29.717164625508111,0.018165397766017589,0.0012607862870364084,205,0,0,0,0,2.8171953735484361,22.186606549047085,0.1058119871055653,2.7991980240923122,22.184141373890672,0.10707277339260171
639049412653813765,nan,34.475625354055182,0.010111463113676897,4.2294978811613371e-05,214,0,0,1,2,2.7116876027824688,22.190110491758528,0.10707277339259938,2.7018679314469005,22.192522076540506,0.10711506837141099
639049412654113821,nan,41.839351063214956,0.049550575983149832,0.0016928269760587838,204,0,0,0,0,2.5556159244017813,22.205115248391806,0.10711506837140956,2.6051068755503874,22.202685158955553,0.10542224139535078
639049412654319835,nan,50.524462490006698,0.01919256502619782,0.00041600982163035594,202,0,0,0,0,2.5386721694639762,22.20966298063102,0.10542224139534917,2.5195253154531785,22.208339147645319,0.10500623157371881
639049412654613829,nan,69.432405497526005,0.021121920394753808,0.00083526869880480581,210,0,0,1,2,2.3973954350604925,22.216407719445581,0.10500623157371665,2.4183527245499814,22.219039741181067,0.10584150027252145
639049412654913942,nan,61.022119516710291,0.017837412442658192,7.7110298987367876e-05,211,0,0,0,0,2.3150743931087576,22.229963049914559,0.10584150027252384,2.3326649684236993,22.227005864979716,0.10576438997353647
639049412655114145,nan,70.750583432584406,0.03291869409520512,0.00012866347344753226,218,0,0,0,0,2.275503346502123,22.232320002930624,0.10576438997353932,2.2426975649319032,22.235044175557444,0.10563572650009179
639049412655393832,nan,83.180003007614246,0.019410176352820198,0.00042406017665246043,201,0,0,1,2,2.1170115703143901,22.246273832308606,0.10563572650008979,2.1357511003885397,22.24121567467488,0.10521166632343733
639049412655571332,nan,78.165002278299283,0.023677651049810625,0.001588219551379319,203,0,0,0,0,2.0678788093759182,22.24513234256915,0.10521166632342575,2.044453957629345,22.248583064216525,0.10362344677204643
639049412655813928,nan,96.454078157351546,0.016556182048265616,0.0006955388527008638,203,0,0,1,2,1.9196746807571783,22.258652355671426,0.10362344677204173,1.9361968407428483,22.259713201288488,0.10292790791934087
639049412656114003,nan,74.454665762460223,0.046857728189533376,0.00030120316654780321,203,0,0,0,0,1.802290039518939,22.273480435215959,0.10292790791934513,1.8486545238363614,22.266699485056602,0.10322911108589293
639049412656414140,nan,97.978430259042298,0.013407889226787994,0.0022551423248438757,200,0,0,0,0,1.7610941193729364,22.273687212295826,0.10322911108588996,1.7744723787518861,22.274578093605182,0.10097396876104608
639049412656615839,nan,131.95660904375958,0.045504569772323561,0.00031948269216199032,208,0,0,1,2,1.7246202629467919,22.279872700620114,0.10097396876104529,1.679116138854811,22.280074097705164,0.1006544860688833
639049412656917444,nan,105.98299857412364,0.028802280850822842,0.0026844820056423635,200,0,0,0,0,1.5365278328435896,22.288292394853762,0.10065448606887631,1.5652973968319577,22.286919962659127,0.10333896807451867
639049412657114188,nan,145.61496028930222,0.018059504176191704,0.0022075828751738219,206,0,0,1,2,1.4910507676960207,22.29138568058324,0.10333896807450688,1.4730389879755283,22.290073627844077,0.10113138519933305
639049412657414113,nan,112.23653744910312,0.036516685998525381,0.0031809380863913189,212,0,0,0,0,1.3323963087768511,22.294881210441748,0.10113138519933362,1.3688405929866105,22.297179580462693,0.10431232328572494
639049412657614097,nan,166.40778210772692,0.018805665477835954,0.0038639019748360204,204,0,0,0,0,1.2993631842228739,22.301917687751118,0.10431232328572219,1.2805628916211795,22.30146818563216,0.10817622526055821
639049412657814108,nan,209.10533491983102,0.018436397437380448,0.0019048100709241483,205,0,0,1,2,1.1922732718125888,22.305757369809648,0.10817622526055953,1.1739218288911892,22.307525219682137,0.11008103533148368
639049412658114181,nan,140.94686938312196,0.053848987423016935,0.0014017005741273209,200,0,0,0,0,1.0139301103528269,22.316612481775117,0.11008103533147402,1.0677713241383853,22.315697525720417,0.11148273590560134
639049412658414175,nan,135.54877169363368,0.017039306744428388,0.0015607764849568384,221,0,0,0,0,0.96164876555159917,22.323867680241641,0.11148273590558767,0.97774668998217873,22.318282449417577,0.10992195942063084
639049412658614385,nan,151.26026525654206,0.020212460338429512,8.0200744954683767e-05,213,0,0,1,2,0.9176660483546325,22.320007575831468,0.10992195942063598,0.8975016698479783,22.3214009144023,0.11000216016559067
639049412658914347,nan,120.20775985631795,0.017521918542372179,0.0034000569144239934,200,0,0,0,0,0.77727562354911695,22.326073113561922,0.1100021601654665,0.79470826858644406,22.324306615215452,0.10660210325104251
639049412659114208,nan,123.88155013502599,0.037155929703302719,0.0011360387462418936,208,0,0,1,2,0.72621828662362375,22.326242648013665,0.10660210325078591,0.6890682822963311,22.326906191982751,0.1077381419970278
639049412659313797,nan,94.320960124384726,0.0024311754369669577,0.00056915357645374864,205,0,0,1,2,0.58357206630793235,22.329502230866819,0.10773814199663345,0.58509149229690172,22.331400113547428,0.1083072955730872
639049412659614289,nan,88.623270983473532,0.060650298387544224,0.0039977597198410236,208,0,1,1,2,0.42854882922173959,22.338165954745154,0.10830729557236363,0.48825990688980253,22.327533650281083,0.1043095358525226
639049412659914343,nan,151.77061888066203,0.011765406272901242,0.011076426403751519,206,0,0,1,2,0.39156946412346683,22.323672822808405,0.10430953585079683,0.40283771196147178,22.320288834713313,0.093233109447045312
639049412660118134,nan,79.51578205460477,0.022566280626818154,0.0036922106073707106,201,0,0,1,2,0.3448205732909676,22.315368293046241,0.093233109444397957,0.32278305256877071,22.310511884728662,0.096925320051768668
639049412660414412,nan,85.251935205359501,0.023670656577904594,0.010486963614088615,200,0,0,1,2,0.20639697872080548,22.296297836082978,0.096925320048198885,0.2297683980503781,22.300049734449189,0.086438356434110269
639049412660614371,nan,71.217412713539815,0.015607572239214943,0.01147313006671126,201,0,0,1,2,0.16699250074162325,22.29298879469756,0.086438356431067731,0.15313939209805505,22.285799379414534,0.097911486497778991
639049412660914801,nan,122.44953153236894,0.025640644089689892,0.0033290904209367367,212,0,0,1,2,0.038007528774791702,22.264388819434433,0.097911486494854066,0.063622717705406687,22.263246573671452,0.09458239607391733
639049412661114869,nan,155.66471390859579,0.018314424950836974,0.0061962820598622792,200,0,0,1,2,0.0040100890984487436,22.24822778480414,0.094582396070288496,-0.010780807274717214,22.237427435469137,0.10077867813015078
639049412661414100,nan,51.109564972598214,0.052357864919340788,0.024960426535302171,207,1,1,0,0,-0.12206217752546922,22.19881113229513,0.10077867812400472,-0.069954448193720237,22.203922938512225,0.075818251588702548
639049412661613926,nan,79.326338025720645,0.017722620026039453,0.0060434410032921132,200,0,0,1,2,-0.10947051427738369,22.18154868715153,0.075818251580482138,-0.11359467829808038,22.164312604890245,0.081861692583774251
639049412661914115,nan,59.8576184998592,0.02513591838305573,0.017728731921163782,215,0,1,1,2,-0.17915329947249098,22.104807903601884,0.081861692574960038,-0.18125170826432396,22.129856078655209,0.064132960653796256
639049412662114215,nan,61.198096807928763,0.040528968661230708,0.019932957508169633,216,0,2,1,2,-0.22635053499097063,22.106888045517316,0.064132960645934392,-0.26575131448602951,22.097391947585809,0.084065918154104025
639049412662414139,nan,106.75843316646117,0.033966118002125414,0.0065610965192800103,213,0,0,1,2,-0.39240528698197563,22.048732417116749,0.084065918147617283,-0.35845616810771092,22.049806893638294,0.077504821628337273
639049412662614073,nan,182.28396428603119,0.015855320446800245,0.017612219167976798,208,0,1,1,2,-0.42025466440676418,22.018085957081226,0.077504821622584694,-0.41107137206454886,22.005160852508027,0.095117040790561491
639049412662914173,nan,134.95229858827275,0.032902977662904079,0.0059060289827544965,210,0,0,1,2,-0.49004654740964804,21.938147353337335,0.095117040786610513,-0.45981907717367987,21.951143736765783,0.089211011803856016
639049412663113638,nan,149.44607281925349,0.019089598617405001,0.0052046231205209598,203,0,0,1,2,-0.49221981359351596,21.915240624498114,0.089211011799912213,-0.49984753484891958,21.897741177540468,0.094415634920433172
639049412663414186,nan,71.411796326842278,0.039439130233769937,0.019605516101660656,211,0,1,1,2,-0.56016123849305743,21.81727577072699,0.094415634916629687,-0.53298706623894021,21.845859146243185,0.074810118814969032
639049412663613510,nan,47.409246664689569,0.014853697821978956,0.009217303747720812,208,0,0,1,2,-0.55496526591015571,21.811450885312155,0.074810118811238543,-0.56706086315863069,21.802829466276442,0.084027422558959355
639049412663913701,nan,140.2821396699909,0.0026439705998860114,0.013449507867827573,210,0,1,1,2,-0.6183775494137671,21.738024813254746,0.08402742255438031,-0.61592164759219892,21.739004163435162,0.070577914686552737
639049412664113918,nan,44.870238210612264,0.020985393822270701,0.015103037216472839,200,0,2,1,2,-0.6485100985348845,21.696434897004881,0.070577914682628431,-0.65689956029442087,21.677199417149648,0.085680951899101271
639049412664413672,nan,53.050892862198836,0.026850605561206206,0.0083679946331561283,202,0,0,1,2,-0.71824946187191852,21.584668713372906,0.085680951896389496,-0.70777611731238299,21.609392468604277,0.077312957263233367
639049412664613957,nan,91.257076783947468,0.017971019576843533,0.0098186349116467925,204,0,0,1,2,-0.74177002972837258,21.564086268555538,0.077312957260930432,-0.74297174092238338,21.546155472844319,0.087131592172577224
639049412664914245,nan,100.47975801730813,0.037337250419815275,0.0066910674607186249,211,0,0,1,2,-0.79574066232238738,21.451344024244744,0.087131592169348057,-0.7716659234433626,21.47988307147514,0.080440524708629432
639049412665115296,nan,69.501754054598877,0.020409724335841796,0.0094162145841702599,225,0,0,1,2,-0.79087746066771192,21.435511892581296,0.080440524705282845,-0.79380725845681843,21.415313547788219,0.089856739289453105
639049412665414171,nan,167.87131627812624,0.021689651700917162,0.0073676343431025165,206,0,0,1,2,-0.82672175031284811,21.31932687578993,0.089856739286782117,-0.81521756498335218,21.337714227714873,0.0824891049436796
639049412665614189,nan,102.10670649736971,0.017569758483867853,0.0059308733551040743,202,0,0,1,2,-0.82954611936503087,21.285781945649024,0.082489104941315824,-0.82532509643006347,21.268726759383142,0.088419978296419899
639049412665914263,nan,109.371749504645,0.021056132397731582,0.00913089745177946,204,0,0,1,2,-0.84048876865626532,21.165229346289443,0.088419978293525117,-0.83533245557537594,21.185644368869951,0.079289080841745657
639049412666114454,nan,75.265754114344247,0.0099595406284376277,0.0079314435694695651,208,0,0,1,2,-0.84200875287090726,21.130216884851922,0.079289080838110898,-0.85170960235227255,21.132472094125891,0.087220524407580463
639049412666414367,nan,94.605977492809188,0.014519916474791705,0.0065796416192286794,207,0,0,1,2,-0.87624476737617174,21.052812886492603,0.087220524404801464,-0.86454462652699204,21.061411414188917,0.080640882785572784
639049412666613964,nan,79.834054648946363,0.021334038037174378,0.012211273203772396,202,0,1,1,2,-0.8730865447506152,21.014119371051809,0.080640882783319143,-0.87625613723439399,20.993022099605994,0.092852155987091539
639049412666914022,nan,67.032170251064642,0.014284047053421458,0.0039062162330915778,209,0,0,1,2,-0.89386227600322121,20.89021113072809,0.092852155985355664,-0.90634663649827696,20.897151933509747,0.088945939752264086
639049412667117094,nan,126.21846428424139,0.02323526138663486,0.011420930785657951,212,0,0,1,2,-0.92671115891232769,20.832269322916137,0.088945939751050362,-0.91254795768413888,20.81384973815765,0.10036687053670831
639049412667414274,nan,80.864174410593975,0.059437222277238556,0.0032817365577305635,215,0,0,1,2,-0.92162310654766733,20.691943486115338,0.10036687053640911,-0.89141789670515681,20.743133609092371,0.097085133978678545
639049412667616453,nan,99.914661290491921,0.03050278131016004,0.0038360369420657181,204,0,0,1,2,-0.87704258679644953,20.695023654659742,0.097085133978367225,-0.88128722080934363,20.664817649466205,0.10092117092043294
639049412667914419,nan,154.1992560184344,0.033818592535138831,0.0023199036098259518,200,0,0,0,0,-0.86635690176546731,20.549397683861613,0.10092117092031767,-0.87811759420078472,20.581105463892698,0.098601267310491722
639049412668114971,nan,136.6929154730669,0.027463291178905648,0.0051419789163286017,201,0,0,1,2,-0.87598421336001864,20.524761296299289,0.09860126731041674,-0.88815310889635879,20.50014117558872,0.10374324622674534
639049412668414877,nan,97.897895934561774,0.036165578719366376,0.0019121088694476762,203,0,0,0,0,-0.90316024455339949,20.379066961180023,0.10374324622673685,-0.90674144398671397,20.415054793772796,0.10565535509618453
639049412668615963,nan,109.37101878046596,0.035869509562111102,0.001580424354339971,206,0,0,0,0,-0.91920486235773413,20.358004650815214,0.10565535509618101,-0.89154846393245735,20.33516290520835,0.10407493074184104
639049412668914727,nan,122.97252845299484,0.033478064077350676,0.0017692823417193165,204,0,0,1,2,-0.86897545789061492,20.216463342856578,0.10407493074183825,-0.8832868643702344,20.246728246936094,0.10584421308355757
639049412669114438,nan,142.50595514565458,0.021929657855509304,0.00048366902039090331,208,0,0,0,0,-0.87776433719101898,20.18761344716701,0.10584421308356003,-0.88231026740259799,20.166160139446028,0.10536054406316912
639049412669414419,nan,194.61784966833227,0.021660121311251196,0.0010944298976954814,207,0,0,0,0,-0.88084334502501971,20.04514075917665,0.10536054406312519,-0.88622960336299628,20.066120489306819,0.1042661141654297
639049412669614548,nan,217.41070482159103,0.025667321125176532,0.00034626429891551624,203,0,0,1,2,-0.88884434491802322,19.999380145275996,0.10426611416542765,-0.8851682622282433,19.973977433023151,0.10391984986651213
639049412669914190,nan,157.97960925072417,0.03673398021350769,0.0020611175741277604,200,0,0,0,0,-0.88357917528782159,19.836016769296503,0.10391984986649966,-0.88536598650240883,19.872707266813023,0.1018587322923719
639049412670114723,nan,198.69034533266455,0.025690113367187274,0.00086095600328019162,207,0,0,0,0,-0.88549831188360117,19.804933022078924,0.10185873229234496,-0.8854905902432979,19.779242909872178,0.10099777628906477
639049412670414530,nan,208.72379826318098,0.026693894542900082,0.0020512920687205533,206,0,0,1,2,-0.8856768791520796,19.63950895854564,0.10099777628905858,-0.8937943682762346,19.664938672979481,0.10304906835777913
639049412670616949,nan,204.32773881070273,0.02509916190333638,0.0031221041780131048,213,0,0,0,0,-0.89940078322201311,19.587764526519983,0.10304906835776474,-0.89406323355673767,19.563239468073149,0.099926964179751637
639049412670914595,nan,219.64890713518625,0.036513809981731767,0.0029224403403910887,211,0,0,1,2,-0.8944585851555531,19.413696383957774,0.099926964179716929,-0.89157037249477944,19.450095787071124,0.09700452383932584
639049412671114617,nan,188.29521137854954,0.044511554370379486,0.00082066240573909488,203,0,0,0,0,-0.88989513729815317,19.374061755498762,0.097004523839267193,-0.88558429768480784,19.329759440273762,0.096183861433528098
639049412671416259,nan,195.56480192228585,0.052938526879196847,0.00064785395178015848,207,0,0,1,2,-0.87655703279479846,19.148286920647671,0.096183861433534162,-0.88308712095700581,19.200821153075044,0.095536007481754004
639049412671614664,nan,198.41870321477472,0.036727435816998798,0.0016240189395535787,211,0,0,0,0,-0.88144460317539863,19.11601200557018,0.095536007481727095,-0.88301926377504358,19.079318341461949,0.093911988542173516
639049412671915139,nan,264.42377369062081,0.031989784313410527,0.0011065695256350372,204,0,0,1,2,-0.88291649727848298,18.895308072973531,0.093911988541966876,-0.87327966968143889,18.925811808060949,0.092805419016331839
639049412672114889,nan,204.09929817862883,0.017710662584616652,0.0068840336360178611,203,0,0,0,0,-0.86680497488088126,18.823763617539775,0.092805419016067883,-0.86815468146922337,18.80610445953857,0.085921385380050022
639049412672414801,nan,226.46423310664929,0.044637913581817311,0.0062470366096633034,203,0,0,1,2,-0.86045983558836237,18.626371441716074,0.08592138537953932,-0.85871143232195213,18.670975100926455,0.079674348769876016
639049412672614886,nan,237.13490349959758,0.013340076192802329,0.0067965443776400736,216,0,0,1,2,-0.85241140929642545,18.58082413091557,0.079674348769006434,-0.84799481108930319,18.568236387150041,0.07287780439136636
639049412672914905,nan,212.73486237414585,0.0094856209954702238,0.0017887127682267995,206,0,0,1,2,-0.83192569053754717,18.414184028560012,0.07287780439075052,-0.82758287039997436,18.422617113340944,0.07108909162252372
639049412673114948,nan,171.10214912022536,0.038571229909563944,0.0052905336836362865,200,0,0,1,2,-0.81397284619712251,18.325522874674082,0.071089091621567874,-0.80976582918333018,18.287181763780133,0.07637962530520416
639049412673415216,nan,150.46910070268189,0.064698923966453881,0.0072215859998961823,212,0,1,1,2,-0.7830221424157886,18.083890963592545,0.076379625303628143,-0.78261900903896164,18.148588631602276,0.069158039303731961
639049412673715042,nan,162.47502165492958,0.048268853993904036,0.014157892038919428,207,0,2,1,2,-0.75551214951145473,18.01019951105544,0.069158039300954322,-0.76483550121604127,18.057559382031588,0.055000147262034893
639049412673915054,nan,152.33589226264996,0.046218766213760906,0.0076132787987491651,211,0,0,1,2,-0.7529722373007105,17.996834353964868,0.055000147259212151,-0.73909364464516947,17.952748539735982,0.062613426057961316
639049412674114928,nan,147.15339073963048,0.024967166200841103,0.0062024584197244992,217,0,0,1,2,-0.71336954888968263,17.848010012582652,0.062613426054224805,-0.70072239443827167,17.826483078932394,0.068815884473949304
639049412674414865,nan,143.04756270754834,0.043733420393898763,0.011769099279907248,209,0,0,1,2,-0.64314133000114471,17.637005290340355,0.068815884469859756,-0.65447223692903356,17.679245349615183,0.057046785189952508
639049412674614592,nan,118.81930384446071,0.0075176505886521529,0.009789258127498493,205,0,0,1,2,-0.6236744186910449,17.581200260268623,0.057046785185766197,-0.61955455370505264,17.574912034535537,0.06683604331326469
639049412674913981,nan,99.698605078626187,0.05450968855673595,0.011288074521362018,200,0,0,1,2,-0.56721325652067378,17.418517321410221,0.066836043310974688,-0.57510786297092831,17.472452294623785,0.05554796878961267
639049412675213979,nan,90.274320433681012,0.026489549517766321,0.0052119419729484071,201,0,0,1,2,-0.53057076131770853,17.369784136962529,0.055547968787622422,-0.53837555205675613,17.395097798791152,0.050336026814674015
639049412675414974,nan,109.44689135588602,0.040593161248649291,0.0065751253837287166,208,0,0,1,2,-0.51376535188144157,17.343271230314429,0.050336026812077286,-0.4921142701940483,17.3089341453781,0.056911152195806003
639049412675614773,nan,72.964143424811951,0.049432669105684925,0.0054630364064352302,203,0,0,1,2,-0.44612826131379174,17.223283199890528,0.056911152193317542,-0.42529123000428409,17.178456791366994,0.062374188599752772
639049412675914742,nan,126.78473408033729,0.07523778262973492,0.004176864574609751,206,0,1,1,2,-0.3249662006363524,16.982564112197643,0.062374188598189398,-0.35746423855608012,17.05042132601023,0.058197324023579647
639049412676114789,nan,107.77677862324303,0.022719283803059938,0.0068575049816038541,202,0,0,1,2,-0.31223094392150502,16.965035467010718,0.058197324022114527,-0.31598668280100506,16.987442168731253,0.065054829003718381
639049412676414910,nan,97.454543469694343,0.0069972367209607663,0.0072704464069321614,204,0,0,1,2,-0.25375987854616056,16.892957534311719,0.065054829003342751,-0.25606908170075271,16.899562752137044,0.05778438259641059
639049412676615005,nan,91.785374491626669,0.037733807103568183,0.0059204251674730285,206,0,0,1,2,-0.21612115272492299,16.840972277417119,0.057784382596053396,-0.19915491892661963,16.807267869556565,0.063704807763526425
639049412676916643,nan,127.44348030092665,0.040771900352928506,0.00036489846835256745,200,0,0,0,0,-0.11335830116573628,16.66813573835983,0.063704807763479213,-0.12753691471366876,16.706362885470849,0.06406970623183178
639049412677115004,nan,131.28695816096084,0.0072254866643137201,0.014280118689256729,202,0,1,1,2,-0.080440000751617752,16.640006479619377,0.06406970623180995,-0.082140988075623617,16.647028893709969,0.07834982492106668
639049412677415197,nan,66.048181750804275,0.011716432371746625,0.0010758973346565587,205,0,0,0,0,-0.013440288818941673,16.557234786054362,0.078349824921072952,-0.015540805090531387,16.568761390884688,0.079425722255729511
639049412677615037,nan,103.34358026194825,0.038943326344926539,0.0012645324935981195,205,0,0,1,2,0.028795273924438418,16.516658317979577,0.079425722255726583,0.052242604305593673,16.485564824049103,0.080690254749324702
639049412677915448,nan,71.359330634232066,0.032929383094170039,0.0016417848409534253,211,0,0,0,0,0.15413853004668321,16.36049895215336,0.080690254749326173,0.1311209645551521,16.384047539155677,0.079048469908372748
639049412678115132,nan,132.68220697697049,0.021734400712684128,0.00062821920695055322,200,0,0,1,2,0.18355162284686852,16.316568726739824,0.079048469908382407,0.19564231685350603,16.298507738594726,0.078420250701431854
639049412678415181,nan,100.70113617247227,0.041410680396648497,0.0027384814577521843,214,0,0,0,0,0.29259333564203588,16.169973997190741,0.078420250701441166,0.27062875565607974,16.205079576191149,0.08115873215919335
639049412678716585,nan,120.78670794355916,0.017389423140421533,0.0025779100371080693,213,0,0,1,2,0.34595382789711682,16.111229498833492,0.081158732159195585,0.33720400863358668,16.126257229866891,0.078580822122087515
639049412678915196,nan,74.24963657712928,0.032934040795612837,0.0013071137175587055,202,0,0,0,0,0.38107395584435905,16.074317026598827,0.078580822122090638,0.40430350869167636,16.050970958029563,0.077273708404531932
639049412679142466,nan,72.475614695072025,0.0052945260922964664,8.51574725801163e-05,200,0,0,1,2,0.48108527494934611,15.964821092209093,0.077273708404566016,0.48369398078141435,15.960213852208426,0.077358865877146132
639049412679416675,nan,122.93704943916212,0.036365535317335919,0.0067108457904057339,206,0,0,0,0,0.57948129085865707,15.850712311177459,0.077358865877166713,0.54849372688010756,15.869744469163134,0.084069711667572447
639049412679615294,nan,110.46553223008614,0.0074372363250319031,0.0019956251319716567,207,0,0,0,0,0.59543040937549008,15.8042143866674,0.084069711667600924,0.60145931048078949,15.799859523223285,0.082074086535629268
639049412679915220,nan,150.68984643478228,0.014322229769495704,0.0047339430914574016,205,0,0,1,2,0.68144035774725509,15.694329275382167,0.082074086535689136,0.67437681910659164,15.706788516428157,0.086808029627146538
639049412680115329,nan,95.630793980568868,0.018119995550072401,0.0065211874360110861,211,0,0,0,0,0.7230269852595782,15.644692045636141,0.086808029627187797,0.73523281180329814,15.631299807693241,0.080286842191176711
639049412680415441,nan,86.782873836115897,0.041790453247762864,0.00023415475687833809,210,0,0,1,2,0.82650113896596433,15.518086172345239,0.080286842191198332,0.80486569417097409,15.55384018626223,0.08052099694807667
639049412680715439,nan,80.613320313195814,0.017936981829731698,3.5681516481270159e-05,204,0,0,0,0,0.87447212591824863,15.476409988502525,0.080520996948109713,0.85864816371234165,15.484856143679062,0.080556678464590983
639049412680915408,nan,94.927546915735434,0.041424856043818022,0.0015525502652352086,205,0,0,1,2,0.8944978248824752,15.438873603757751,0.080556678464725209,0.90976369472571972,15.400364229364232,0.079004128199490001
639049412681115599,nan,155.04296652305743,0.028195778317147289,0.0060201887835524825,200,0,0,0,0,0.96093597277431309,15.315778514485425,0.079004128199620924,0.97414272249953682,15.290866997538338,0.085024316983173406
639049412681415364,nan,167.57233745958516,0.07682700976862622,0.0012434562367953927,202,0,1,1,2,1.070543556006629,15.126906391425729,0.085024316983223797,1.0387328569461534,15.196838278682348,0.083780860746428404
639049412681615272,nan,141.9553128836352,0.011191535253067477,0.0059015035525138704,206,0,0,0,0,1.0818068802542589,15.134132181809587,0.083780860746472494,1.0921632274905797,15.129889949703561,0.077879357193958623
639049412681915727,nan,170.02048488960921,0.043035594936752818,0.0029540269592242957,202,0,0,1,2,1.1724672772631031,15.029268863087109,0.077879357193990459,1.1420210217614253,15.059684121716403,0.080833384153214755
639049412682215623,nan,145.65154788122251,0.015865742024175226,0.0020965215239244495,210,0,0,0,0,1.1917860550297998,14.989608912483618,0.080833384153311053,1.1954182802325062,14.974164537777774,0.082929905677235502
639049412682415373,nan,151.23383355214855,0.035329832809668678,0.0026701418579583025,209,0,0,1,2,1.2309842843792718,14.917203001472718,0.082929905677321197,1.2483636589520284,14.886443378168474,0.0856000475352795
639049412682615726,nan,121.91061979529134,0.020684105603895039,0.0043245450281133441,209,0,0,0,0,1.3014688677760204,14.798457408250066,0.085600047535341561,1.3119761718424969,14.780640876997106,0.081275502507228217
639049412682915717,nan,108.72541656536262,0.065907895522073157,0.00027589012365115961,201,0,1,1,2,1.4072239662579764,14.62222149655908,0.0812755025073119,1.3773957222238826,14.680993314209983,0.080999612383660741
639049412683115223,nan,147.45484253458807,0.0040478595625666252,0.0022867986036473054,206,0,0,0,0,1.4209023368169496,14.614723703916983,0.080999612383742009,1.417318404416569,14.616605350958212,0.083286410987389314
639049412683415529,nan,126.81413249609326,0.020588650823078695,0.00092582519100710414,214,0,0,1,2,1.4774119404433395,14.519685500466064,0.083286410987481699,1.4661402562259984,14.536914594395206,0.084212236178488803
639049412683719452,nan,116.63297974481704,0.0098587391467482612,0.0043144476607349658,200,0,0,0,0,1.5155501370391598,14.45626401196629,0.084212236178665953,1.517535923761159,14.44660733610664,0.088526683839400919
639049412683915686,nan,108.47550964754113,0.029765248611918822,0.00016998553877577149,209,0,0,1,2,1.5507205706062306,14.38829863777516,0.088526683839547496,1.5676712796169345,14.363831445681178,0.088356698300771724
639049412684215969,nan,95.1084539595698,0.016091170497106594,0.0021226623007616213,203,0,0,1,2,1.6443898659090137,14.237165359760141,0.088356698301243028,1.6306597041439728,14.245556332640133,0.090479360602004649
639049412684417214,nan,100.62071950701397,0.0015184534090438003,0.0032437156892930474,207,0,0,0,0,1.6728735673794666,14.166290189954916,0.090479360602223155,1.6715300406067881,14.16699774671344,0.093723076291516202
639049412684615453,nan,95.860462511696383,0.021089849257480642,0.0061901398973145116,204,0,0,1,2,1.711789896156253,14.089612591725631,0.093723076291748864,1.7246314987152769,14.072883127137088,0.087532936394434352
639049412684917088,nan,86.946484066514515,0.05006086301713359,0.0061487842841646129,201,0,0,0,0,1.8054292141827379,13.929680915282139,0.087532936394547428,1.7779840279385608,13.971547987762104,0.093681720678712041
639049412685118225,nan,121.41555855301615,0.0087205373267194661,0.0055910481548182706,211,0,0,1,2,1.8135606940097517,13.903975438394603,0.093681720678782263,1.8129340607786657,13.89527744425455,0.088090672523963992
639049412685395070,nan,102.90389113722685,0.0062062644755854742,0.0016436498040148795,208,0,0,0,0,1.8610392917486953,13.790298655581411,0.088090672523995231,1.8628866288496075,13.7843737028916,0.086447022719980351
639049412685723318,nan,102.08999084249866,0.053788205167737552,0.003699122175985517,211,0,0,1,2,1.9221141047446049,13.652877987618051,0.086447022720005567,1.9062165849865993,13.704263198337776,0.090146144895991084
639049412685915631,nan,89.640694815800543,0.038495249574186312,0.0014322467108701109,208,0,0,0,0,1.9316026158369726,13.65732828491177,0.09014614489603219,1.9436822664777387,13.620777412416357,0.088713898185162079
639049412686118816,nan,103.07503311560598,0.034629420908264902,0.001774711086838951,214,0,0,1,2,1.9832659893346289,13.532571937942748,0.088713898185234785,1.9981390397189649,13.50129911963824,0.086939187098395834
639049412686415846,nan,88.483993919373162,0.073170331465406829,0.004357712239988501,201,0,1,0,0,2.0777477478216371,13.326637420674812,0.086939187098466333,2.0481041812127669,13.393534030196244,0.091296899338454834
639049412686715655,nan,108.77113742275546,0.033917827721473344,0.0017084251495391306,211,0,0,1,2,2.0985367944374085,13.284760695177845,0.091296899338593626,2.078126617738961,13.311850245275284,0.089588474189054496
639049412686915281,nan,103.64220435215923,0.031428752429782082,0.00035482782468108931,226,0,0,0,0,2.0981168745824115,13.257461593671659,0.089588474189279219,2.1121608961237071,13.229345193862292,0.089943302013960308
639049412687216089,nan,90.159515803225958,0.020778204276411187,0.0059338374332899152,216,0,0,1,2,2.1634457147964183,13.105021811610284,0.089943302014293916,2.1575980106564963,13.12496016984872,0.095877139447583831
639049412687419261,nan,87.542538547489073,0.018462167379909498,0.00048767859785237011,207,0,0,1,2,2.1882871859239619,13.054456346483365,0.095877139448035928,2.1907622758508261,13.036160840089233,0.095389460850183558
639049412687615684,nan,78.526284084535732,0.02597732275036076,0.0042527759156917588,202,0,0,1,2,2.2228248851782229,12.95031126067205,0.095389460850540037,2.2305403721375949,12.925506169294348,0.091136684934848278
639049412687917244,nan,76.106983256653535,0.044823956727717974,0.0015815273373288308,207,0,0,1,2,2.2916100163047139,12.755622690654343,0.091136684935167911,2.2722765577851964,12.796062825154644,0.092718212272496742
639049412688218293,nan,89.18222773999058,0.045410561896549149,0.0064208975574386318,220,0,0,1,2,2.3139420205555399,12.666838825586023,0.092718212272769912,2.2965105481280235,12.708770471162712,0.099139109830208544
639049412688417511,nan,116.92615241557279,0.037717255230918546,0.0065694635198902118,213,0,0,1,2,2.3125472965912879,12.651005096829747,0.099139109830384001,2.3227968783651471,12.614707198603883,0.092569646310493789
639049412688716015,nan,110.14564772493696,0.011681951517892213,0.0047646531883896726,217,0,0,1,2,2.36218375465696,12.473764798259031,0.092569646310715251,2.3564061054337961,12.483917963318286,0.097334299499104923
639049412688915893,nan,127.24640887055419,0.018576587427487697,0.0063881555316381705,200,0,0,1,2,2.3789108125332903,12.396341613351737,0.097334299499343288,2.3827758161307724,12.378171545997912,0.090946143967705118
639049412689216128,nan,140.21746136951543,0.035337889574459456,0.0034931423855472238,200,0,0,1,2,2.4223855285108575,12.219330775106757,0.090946143967906956,2.4111121390173924,12.25282222370047,0.09443928635345418
639049412689415882,nan,210.17785221193688,0.0058103580814234355,0.0026030970983998841,208,0,0,0,0,2.4299650170692315,12.169424123791387,0.094439286353575541,2.4245116362248438,12.171429341585151,0.091836189255175657
639049412689615799,nan,220.31485236181709,0.031228573019177749,0.0048239993136419274,206,0,0,1,2,2.4379220674713875,12.089970042578132,0.091836189255334252,2.4446819617084192,12.05948188745654,0.087012189941692325
639049412689915814,nan,180.06846502095766,0.043053038952007551,0.0052587030816535624,208,0,0,0,0,2.4749515245767841,11.891482590496325,0.087012189941873597,2.4706195929850026,11.934317138838606,0.092270893023527159
639049412690215870,nan,211.96572763364287,0.026890623283372345,0.0049773356033464,200,0,0,1,2,2.4965607688939619,11.809135285226944,0.092270893023841283,2.4840704099568467,11.832949074387644,0.097248228627187683
639049412690415796,nan,171.42688457275113,0.032562698028696352,0.0028235827399068492,203,0,0,1,2,2.4930326304553967,11.765407976547831,0.09724822862738855,2.4975766189925475,11.73316388451406,0.094424645887481701
639049412690718575,nan,137.55630972393661,0.0048135805147564888,0.00285561991129403,210,0,0,0,0,2.5180311695043391,11.582043670011023,0.094424645887622408,2.5177322679955147,11.577239378673056,0.097280265798916438
639049412690915866,nan,144.77885264847532,0.033832499843563096,0.0067289391916132701,203,0,0,1,2,2.5308657024392653,11.475638865817549,0.097280265799076171,2.5345668115868074,11.442009416866627,0.090551326607462901
639049412691216254,nan,148.46015055250783,0.036306158789197816,0.0022790477577682988,204,0,0,1,2,2.5601984667576021,11.236113264649296,0.090551326607676341,2.5502375398190513,11.271026257940495,0.09283037436544464
639049412691415897,nan,144.71976665853842,0.026174135674349751,0.0020281339529089476,205,0,0,0,0,2.5606525736968022,11.157387927522869,0.092830374365608773,2.5555570563436838,11.183061281047552,0.090802240412699825
639049412691715443,nan,186.02598085163703,0.0040678955262570607,0.0039988721096325536,211,0,0,1,2,2.5635385027098851,11.051077905881012,0.090802240412875754,2.5608074266346388,11.048063109456084,0.094801112522508307
639049412691915770,nan,145.85871268370346,0.024096908495542441,0.0015224933565303606,202,0,0,0,0,2.5643187101412659,10.957780552785643,0.094801112522694714,2.5683302301318642,10.934019898198541,0.093278619166164353
639049412692216012,nan,161.46728655728677,0.029487847138989269,0.0040023223273839559,213,0,0,1,2,2.5796051035518923,10.763096548703029,0.093278619166277388,2.5763838324756936,10.792407920925189,0.097280941493661344
639049412692415833,nan,150.1383526106182,0.028350655394419388,0.0027276155605583385,201,0,0,0,0,2.5817437717045366,10.698160457509884,0.097280941493765663,2.5783833645631096,10.670009661337538,0.094553325933207324
639049412692715898,nan,216.76698337719094,0.021731314533714109,0.0014206704941815834,214,0,0,1,2,2.5813859999007893,10.486207990025871,0.094553325933308813,2.5802614099406549,10.507910186430493,0.095973996427490396
639049412692917805,nan,176.45385511777897,0.043928153976614544,0.0041772683997224891,210,0,0,1,2,2.5815251045003138,10.398837090001198,0.095973996427595895,2.5838047988963311,10.354968129388324,0.091796728027873406
639049412693150871,nan,171.68186542872812,0.012142481941156443,0.0035633182434316596,203,0,0,0,0,2.5878950161267569,10.178423514954003,0.091796728027940089,2.5803226883516923,10.168931427735783,0.088233409784508429
639049412693415932,nan,189.19243676988944,0.059703906079936461,0.0016320673960712878,218,0,0,1,2,2.5763625581607914,9.9573558475279285,0.088233409784656089,2.5696068594242916,10.016676307200655,0.086601342388584801
639049412693716006,nan,160.45149582596812,0.067211068750970757,0.0044679593684923274,204,0,1,0,0,2.5574755324861118,9.8443091802394704,0.086601342388658062,2.5611193932062548,9.9114214000038316,0.091069301757150389
639049412693916018,nan,170.98228226713982,0.037226653839452672,0.003142918861746849,202,0,0,1,2,2.5554621383517788,9.8412645570309287,0.091069301757257484,2.5530823361744286,9.8041140483173308,0.087926382895510635
639049412694216218,nan,161.38866442592155,0.0036056190286378035,0.0009999093357223876,207,0,0,0,0,2.5410194373435875,9.6430553769561751,0.087926382895607114,2.5411290625858536,9.6394514248358032,0.088926292231329501
639049412694416062,nan,175.88341192066918,0.029045955139925573,0.0027038655392938454,204,0,0,1,2,2.5331717341147169,9.5298350446657754,0.088926292231576401,2.5312121304372863,9.5008552678650826,0.086222426692282556
639049412694716034,nan,150.66287037113082,0.064238352447825817,0.0057611246741605532,216,0,1,0,0,2.5163265098008396,9.2928181669322498,0.086222426692376786,2.51837312103171,9.3570239089471254,0.091983551366537339
639049412694916151,nan,157.61767471610113,0.0094027289259935969,0.0041919088502873209,212,0,0,1,2,2.5098079748006761,9.2610712865270841,0.091983551366647237,2.5036307971910152,9.2539822959053932,0.087791642516359916
639049412695216459,nan,184.38370848529476,0.022175568014004172,0.0006923561885959495,206,0,0,1,2,2.4815075503506598,9.0993516511858719,0.087791642516541771,2.4865929335615684,9.1209362450977789,0.087099286327945821
639049412695416020,nan,149.09662282666702,0.03851953147661643,0.0089187695873072792,211,0,0,1,2,2.475270913822647,9.0325243381714948,0.087099286328256267,2.4708561888009455,8.9942586288724264,0.078180516740948988
639049412695716417,nan,124.69290787376649,0.04461599672130314,0.0084787355850142881,208,0,0,1,2,2.4471678382922946,8.8035721927388781,0.078180516741232359,2.4448434489373487,8.848127600688553,0.086659252326246647
639049412695916151,nan,102.62624191517044,0.0078152974731853612,0.0031163511639980684,203,0,0,0,0,2.4275475751972126,8.7509650631689446,0.086659252326399719,2.4260528082320412,8.7432940432684223,0.08354290116240165
639049412696216236,nan,154.73366148265882,0.011182674484457339,0.00078804825557377001,208,0,0,1,2,2.397821313263472,8.585789672062619,0.083542901162556527,2.4024935568456574,8.5959495120482714,0.082754852906982757
639049412696416153,nan,107.33272010430369,0.024841254739167325,0.0027431127668287175,211,0,0,1,2,2.3867983542883429,8.4977884022029304,0.082754852907524587,2.3804644446916803,8.4737682122320432,0.080011740140695869
639049412696718484,nan,101.38160103337013,0.051201757100200092,0.010191271367407634,211,0,0,1,2,2.3471502017477381,8.2889955588071711,0.080011740141316831,2.3492827836107888,8.3401528850151081,0.090203011508724465
639049412696916171,nan,91.591798093280318,0.015471252681633187,0.0024896833535052038,201,0,0,1,2,2.3288938422382595,8.2527850226671049,0.090203011509055978,2.3232993036464675,8.2383607099457343,0.087713328155550774
639049412697216248,nan,78.735688524513748,0.0063109458739587223,0.00029534343342541014,206,0,0,1,2,2.2838579406976969,8.0838462981822268,0.087713328155971729,2.280779751478303,8.0893556347079478,0.088008671589397139
639049412697416227,nan,78.529496576669231,0.029926026610994114,0.0080915670697077197,200,0,0,1,2,2.2524436326720054,7.9900548354431677,0.088008671589786966,2.2454239907068967,7.9609637423835453,0.079917104520079246
639049412697716216,nan,76.999794842229605,0.044157919068673376,0.0018652716235331573,204,0,0,1,2,2.1923867252037517,7.7683627423460155,0.07991710452060545,2.1927370915471029,7.8125192714204452,0.078051832897072293
639049412697916157,nan,65.383511717243252,0.013911603344057558,0.0048883634220295569,200,0,0,1,2,2.1576215662948162,7.7135818571524783,0.078051832897977083,2.1514107727218335,7.7011336142726101,0.073163469475947526
639049412698217920,nan,60.97911417167127,0.043836049324133868,0.0062466971988311554,204,0,0,1,2,2.0890386031934738,7.5330236715499961,0.073163469476469317,2.0999964734589085,7.5754680386626507,0.079410166675300473
639049412698416139,nan,77.135562411830492,0.014535540882142086,0.0064606607725986587,200,0,0,1,2,2.0662239732332424,7.4929221177517684,0.079410166675802182,2.0579730093693356,7.4809553494305829,0.072949505903203524
639049412698716387,nan,61.472727046105796,0.0066038529943456574,4.4876979450589327e-05,203,0,0,1,2,1.9943188639747664,7.3377942704394172,0.072949505903409553,1.9983295564293042,7.3430407188005509,0.072994382882860143
639049412698916458,nan,78.750571463391751,0.029572575266530742,0.0084961017537461964,203,0,0,1,2,1.9585859935307504,7.2511409623832517,0.072994382883244752,1.951951651502162,7.2223221713998962,0.064498281129498555
639049412699216098,nan,83.712067979783697,0.058193536930067548,0.0030283695395154631,207,0,0,1,2,1.8824929321856749,7.0415258263867146,0.06449828112975485,1.8940544396014751,7.0985593190616818,0.067526650669270313
639049412699415177,nan,68.249219626949966,0.018103349423391996,0.0005758118369541404,203,0,0,0,0,1.8555878829068522,7.0163320300460654,0.067526650669354621,1.8446464125907183,7.0019092880159732,0.066950838832400481
639049412699716546,nan,65.322029236633128,0.025110660545344637,0.0029563756264252006,210,0,0,1,2,1.7698517446839839,6.8555989127066033,0.06695083883247549,1.7831735381683287,6.8768844733377916,0.069907214458900691
639049412699916416,nan,66.582732263130922,0.027800498903109514,5.6718398406832571e-05,202,0,0,0,0,1.7424043037387655,6.793967153674096,0.069907214458906047,1.733660681831674,6.7675774432700839,0.069850496060499215
639049412700216008,nan,72.974427269316649,0.039498791416768764,0.00041281907990128874,207,0,0,1,2,1.6594441628162586,6.6037333858725518,0.069850496060493428,1.6683584875028057,6.6422131122069246,0.069437676980592139
639049412700416518,nan,63.902474554556946,0.025182069380650794,0.00342176565998209,200,0,0,0,0,1.624653238414441,6.5583096634450282,0.069437676980588975,1.6167814877396447,6.5343895430522343,0.066015911320606885
639049412700716249,nan,74.530036061599148,0.037729172814106697,0.0026982505990108263,201,0,0,1,2,1.5396819629478038,6.3732102192962898,0.06601591132058067,1.5515594738791265,6.4090210446890818,0.063317660721569843
639049412700916510,nan,77.335954491443999,0.012425574247443722,0.0016886048331835185,214,0,0,0,0,1.5079823139666675,6.3252578675378919,0.063317660721546182,1.500151951615567,6.3156100532346828,0.061629055888362663
639049412701221210,nan,88.796350354813086,0.02822320420179129,0.0010568145941931284,202,0,0,1,2,1.4219346650060596,6.1734838824068365,0.061629055888283713,1.4360709575973312,6.1979116225231463,0.060572241294090584
639049412701416667,nan,91.63417130640714,0.020821643511606421,0.00046878506293467764,204,0,0,0,0,1.3949646929179012,6.1224111887470229,0.060572241294024012,1.3882937523983443,6.1026871072447335,0.06104102635695869
639049412701716380,nan,98.034602118150261,0.018549154618300936,0.0018866508312512451,212,0,0,1,2,1.3150323726483024,5.9566702076318316,0.061041026356935472,1.3257090266720071,5.9718386022704131,0.062927677188186718
639049412701916674,nan,79.574060843942291,0.023411127016251376,0.00021068530163197152,203,0,0,0,0,1.2838845310557643,5.8843943791125035,0.06292767718816239,1.2709511276140986,5.8648800781107724,0.062716991886530418
639049412702216395,nan,93.694607670192354,0.034408082343929981,0.00020757256535236523,213,0,0,1,2,1.189011118110392,5.7048267773646106,0.062716991886519774,1.205382901281008,5.7350903007285714,0.062924564451872139
639049412702416604,nan,86.423431198386112,0.0094237100179276612,0.00044215707829826228,210,0,0,0,0,1.161584338531245,5.6483927335246946,0.062924564451869239,1.1557896679480475,5.6409611722261372,0.062482407373570976
639049412702716703,nan,101.09637480195197,0.024595911415185162,0.0011014927608663863,209,0,0,1,2,1.0814529511671429,5.4998683275765359,0.062482407373508721,1.0947560461217962,5.5205561627211592,0.063583900134375107
639049412702917116,nan,93.773328569266681,0.031819549239277684,0.0028971244366417168,204,0,0,0,0,1.0539963926372311,5.4401469338669441,0.063583900134302138,1.0457606140664291,5.4094116826865237,0.060686775697660421
639049412703216787,nan,96.712003197211459,0.041410362750258084,0.0020785005269897266,206,0,0,1,2,0.97249934798357052,5.2432209791071189,0.060686775697593134,0.98759395427725816,5.2817822421044136,0.058608275170603408
639049412703416291,nan,95.591408921947277,0.020116744474483077,0.0011094475919504465,214,0,0,0,0,0.94886988256334936,5.1968137803116701,0.058608275170520856,0.94370354548936564,5.1773717544529889,0.057498827578570409
639049412703716773,nan,87.644664963361507,0.034912036950226516,0.0037640724839663603,219,0,0,1,2,0.87759821520323844,5.0201143954502854,0.057498827578474354,0.8925006728715279,5.0516860137087596,0.053734755094507994
639049412703916743,nan,82.591353517449051,0.0242051454745951,0.0010948339496670914,211,0,0,0,0,0.85842529252465516,4.968042475737688,0.053734755094362555,0.85043213178925192,4.9451951903649283,0.052639921144695463
639049412704217005,nan,96.726846721677305,0.038192215012452083,0.0009624280551382286,212,0,0,1,2,0.78726473526754193,4.7852954674121584,0.052639921144605493,0.80053926201670245,4.8211065303277323,0.051677493089467265
639049412704416571,nan,78.099447891501001,0.020414933653277414,0.002735016145145,209,0,0,0,0,0.76737848759626759,4.7386322993928056,0.051677493089385095,0.75800915620811593,4.7204943517303297,0.054412509234530095
639049412704716795,nan,88.929144328779884,0.032045038040356737,0.00090903252520146971,202,0,0,1,2,0.69402752363404485,4.5691349482887285,0.054412509234491514,0.7067016917620379,4.5985670723247418,0.053503476709290045
639049412704916120,nan,94.112595269694793,0.031045325732743909,0.0032668554151622092,209,0,0,0,0,0.67263759178763716,4.517616998488144,0.053503476709253338,0.67079732182954344,4.4866262634801855,0.056770332124415547
639049412705216919,nan,90.445129140038688,0.040931941409093363,0.00058550164783480879,202,0,0,1,2,0.61661446182039059,4.3176977128235503,0.056770332124302769,0.62367140505576735,4.3580167328970854,0.05618483047646796
639049412705416616,nan,90.671465363926004,0.019637993456116207,0.0011473476533623919,216,0,0,0,0,0.59238505037382772,4.272634343232049,0.056184830476297853,0.58828127478886838,4.2534299215294631,0.057332178129660245
639049412705716497,nan,94.955597615432907,0.042101721995354807,0.004761546709095954,212,0,0,1,2,0.5351366223676105,4.0963739939004356,0.057332178129421603,0.55019141596417931,4.1356920328232869,0.052570631420325649
639049412706016673,nan,87.724288529011119,0.024302139532314589,0.0047141092686618646,200,0,0,1,2,0.51206408724858921,4.0178383225840086,0.052570631419937987,0.52229427895528102,4.0398823050620551,0.047856522151276122
639049412706216830,nan,74.632523664331288,0.03680448552932139,0.0036430648001651092,216,0,0,1,2,0.50369250115728903,3.9759964924737572,0.047856522150913371,0.49736684039845896,3.9397396838574128,0.05149958695107848
639049412706416795,nan,52.318779969882158,0.01956094366036364,0.0075085448006190075,205,0,0,1,2,0.47246331341206865,3.839693124160843,0.051499586950563572,0.46723954602015705,3.8208425864730442,0.05900813175118258
639049412706716746,nan,54.765912887741749,0.070215185750685374,0.0054306272098050209,211,0,1,1,2,0.42204807713277159,3.6424948593331008,0.05900813175053559,0.44021682867524847,3.7103186661961116,0.053577504540730569
639049412706921017,nan,53.648566785785611,0.0096327170947432331,0.0034332704340463219,207,0,0,1,2,0.42181396455823661,3.6350502666278843,0.053577504540053264,0.42801592702883984,3.6276797238974887,0.057010774974099586
639049412707216730,nan,47.498019673765121,0.019608313748262187,0.0053284401576857016,202,0,0,1,2,0.41035328657295311,3.508047423943248,0.05701077497360419,0.41121917422318061,3.5276366099045755,0.051682334815918489
639049412707517106,nan,49.737057525014656,0.012516110274421847,0.00074142202486458114,200,0,0,1,2,0.39415755900588312,3.4260159493021152,0.051682334815575721,0.39793934153794652,3.4379470488860457,0.05094091279071114
639049412707718507,nan,49.691689833275433,0.028656137648797011,0.0078669788669311277,205,0,0,1,2,0.38903526270795069,3.3778105290619158,0.050940912790455185,0.38730331523958428,3.3492067778583827,0.058807891657386313
639049412707916738,nan,48.475753239970814,0.019563183643301191,0.0041976651325632275,203,0,0,1,2,0.3768346972627587,3.2618632558992831,0.058807891657213923,0.37414570489364518,3.2424857567236831,0.063005556789777151
639049412708216803,nan,47.509362336266229,0.058467369854979231,0.0025108370297604182,219,0,0,0,0,0.35422884855707715,3.0809406744369388,0.063005556789709621,0.36181402522656958,3.1389139306215927,0.060494719759949203
639049412708416796,nan,47.520192024773522,0.011616849071835144,0.00040811159505486222,204,0,0,1,2,0.35359497398214768,3.0698834198401443,0.060494719759901311,0.35612047258031521,3.058544414628555,0.060902831354956173
639049412708717602,nan,52.841805908114239,0.031173701346311478,0.0024325043552484021,204,0,0,0,0,0.34755689886868935,2.9376620206057558,0.06090283135494954,0.34940857736282926,2.9687806796768559,0.058470326999701137
639049412709017093,nan,65.724848901561785,0.016115370232865737,0.00019003546209489519,211,0,0,0,0,0.34272602378816625,2.8794093548215693,0.058470326999701734,0.34126890226806955,2.8954587147657542,0.058280291537606839
639049412709216638,nan,67.569104221596447,0.036705439150198534,0.0013650138140414367,205,0,0,1,2,0.33584559583554296,2.8466057225616952,0.058280291537602905,0.33364620687099622,2.8099662363290587,0.059645305351644341
639049412709516566,nan,54.712038162648469,0.033194084542722144,0.0030306473101727252,211,0,0,0,0,0.32218884244165241,2.6814659578326734,0.059645305351698256,0.32727810006697072,2.7142675843998503,0.062675952661870982
639049412709717018,nan,67.017254550665385,0.0075799972803802362,0.0016977104881756161,204,0,0,1,2,0.32302207947175948,2.6503089470718457,0.062675952661911352,0.31856232374628946,2.6441797597162733,0.064373663150086968
639049412709916918,nan,52.28644909825671,0.031496803143237238,0.0025884299640335923,206,0,0,0,0,0.30987054872531594,2.5742849412348061,0.064373663150085789,0.3112993180065175,2.5428205609519381,0.066962093114119381
639049412710216996,nan,70.490753948270736,0.049875059897452674,0.00066318136823355356,205,0,0,1,2,0.30039652542833195,2.3906661555151989,0.066962093114091889,0.30462221690073638,2.4403618809989318,0.066298911745858335
639049412710516908,nan,66.970928447646841,0.034091250210241425,0.0015247292615667152,213,0,0,0,0,0.29794880949720454,2.3379598801122756,0.06629891174586279,0.29770381182666306,2.3720502499700333,0.064774182484296075
639049412710716766,nan,64.339313304132929,0.03864769188939636,0.0010446962614242689,206,0,0,0,0,0.29309346412035536,2.3265281436382641,0.064774182484298781,0.29529400751826546,2.2879431504785961,0.063729486222874512
639049412711016862,nan,58.758974587699207,0.018613349617648225,0.0006256134208423858,202,0,0,1,2,0.29167557526269955,2.1616524634458911,0.063729486222867712,0.29305349395878899,2.1802147403551437,0.063103872802025326
639049412711216951,nan,71.362499256276465,0.0080113676974573663,0.00083810010574821014,203,0,0,0,0,0.29155963160273596,2.1083868257771705,0.063103872802026881,0.28405054241326794,2.1111788845029995,0.062265772696278671
639049412711416750,nan,85.498686316185854,0.028324015157864868,0.0014612305165153383,206,0,0,0,0,0.27506063934091735,2.0422430861162688,0.062265772696277574,0.2765435690282837,2.0139579176669686,0.063727003212792913
639049412711716738,nan,65.924068407361787,0.039517353317154467,0.00040371427496646572,208,0,0,1,2,0.26527223167517056,1.8679855984901599,0.063727003212779326,0.27649937967098964,1.9058745462331732,0.06332328893781286
639049412711916224,nan,55.872587676908971,0.007776626635999909,0.0021356061816226526,210,0,0,0,0,0.27646999463515765,1.8340012731894444,0.063323288937823921,0.26976061513691529,1.8379332127342884,0.061187682756201268
639049412712219129,nan,70.266236471031561,0.018820664484108587,0.0015945988636500777,206,0,0,0,0,0.25952829070716188,1.7347692331894597,0.061187682756202157,0.263854202090961,1.7530859987970364,0.062782281619852234
639049412712516882,nan,70.045090097762341,0.0059450558714443085,0.0005249392656196325,203,0,0,1,2,0.25804824905726387,1.6696819199886357,0.06278228161984864,0.26323477222827124,1.6725877187963989,0.062257342354229007
639049412712717190,nan,56.20485203298054,0.019562023914137083,0.0010583114377081954,206,0,0,0,0,0.26281806187796192,1.6184339421077754,0.062257342354203347,0.25947787562950697,1.5991591934597928,0.061199030916495152
639049412712916574,nan,54.915490490546077,0.0087665604143523593,0.00051061307786844784,201,0,0,0,0,0.25573830920456131,1.5260693862842738,0.061199030916484057,0.25424437347877915,1.5174310567266729,0.061709643994352505
639049412713216938,nan,52.257029281595948,0.042526129757203116,0.00054402220770320697,209,0,0,1,2,0.24636031237055978,1.3943108963240987,0.061709643994338308,0.24831589362579268,1.4367920381882324,0.061165621786635101
639049412713416748,nan,55.207810493914067,0.012636585236540597,0.0019256377616848203,212,0,0,0,0,0.24437211354753688,1.3831488509415391,0.061165621786636398,0.24536607970876498,1.3705514179605429,0.063091259548321219
639049412713721929,nan,57.399474416465019,0.029163559751291354,0.0035362733316717451,208,0,0,0,0,0.24086066375855011,1.2693784099944425,0.063091259548313322,0.24363457003472214,1.2984097492907642,0.059554986216641577
639049412714017415,nan,59.982942604575591,0.0074979199955158941,0.003336614097966345,203,0,0,1,2,0.24195806701669603,1.2285598795132937,0.059554986216604794,0.24500815498937123,1.2354093880809283,0.056218372118638449
639049412714216901,nan,58.997902582416089,0.024838103547771925,0.00051979021444294865,201,0,0,0,0,0.24593547800387319,1.192877119018078,0.056218372118574458,0.2439982264776111,1.1681146788238275,0.05569858190413151
639049412714517402,nan,59.236413092985764,0.021086333981418678,0.0034852189759762356,204,0,0,1,2,0.24247689401461905,1.0667435178076756,0.055698581903980818,0.24319951045140228,1.087817466328568,0.052213362928004582
639049412714717970,nan,50.574285978225809,0.0038974923920963257,0.00072473010042407859,200,0,0,0,0,0.24266641114076887,1.0342234639267485,0.05221336292788175,0.24631034592153259,1.0356062821577496,0.051488632827457671
639049412714917164,nan,58.141856086676682,0.015338610066394335,0.0056313630631353584,200,0,0,1,2,0.24939987047498646,0.98375277302507647,0.051488632827343603,0.25083134627741366,0.9684811052773824,0.057119995890478961
639049412715164104,nan,50.103294250081618,0.017308703390212728,0.00042151941118990371,203,0,0,0,0,0.25643601222057094,0.88526629369250598,0.057119995890352784,0.25431991274206051,0.9024451567528895,0.057541515301542688
639049412715417195,nan,60.844831418517501,0.014873645548492348,0.00043571330338921382,206,0,0,1,2,0.25789537550671565,0.83476432639728715,0.057541515301367155,0.25846658733087935,0.84962699940567032,0.057105801997977941
639049412715718264,nan,45.132754156925053,0.010823469826818446,0.0034614388072671393,219,0,0,0,0,0.26339933947054889,0.78679620015018548,0.057105801997826888,0.26372338607976414,0.79761481803266499,0.053644363190559749
639049412716016961,nan,45.450426086921688,0.0024622968198052255,0.0056009836941161989,200,0,0,1,2,0.26893876865284755,0.74601241944771413,0.053644363190417647,0.27124869370803284,0.74515968744511885,0.048043379496301448
639049412716216974,nan,39.04174858642903,0.019395979179216292,0.0024178509838580359,200,0,0,0,0,0.27628777797956189,0.71003476809806521,0.048043379496114973,0.2794475767288494,0.69089790105602844,0.050461230479973009
639049412716516758,nan,43.173450105260962,0.019675735609837548,0.0052514601151336174,209,0,0,1,2,0.29173624770279843,0.6095691105730745,0.050461230479697201,0.28974750185142029,0.6291440808598171,0.045209770364563584
639049412716716842,nan,34.149073804160935,0.0049179956850723293,0.0030417437784761164,208,0,0,1,2,0.29662195218307397,0.58792790067628908,0.045209770364239725,0.29896678929951553,0.5836048900984917,0.048251514142715841
639049412717017214,nan,43.977306290713862,0.012554933199285355,0.0023354743014828289,200,0,0,1,2,0.31280705543453513,0.51524011426753658,0.048251514142309722,0.30920845345944659,0.52726826505905089,0.045916039840826893
639049412717217002,nan,39.88360025187076,0.0067414716517156838,0.0024362819799121846,211,0,0,1,2,0.31602054512972311,0.48979679087577216,0.045916039840366921,0.32062118170576598,0.48486915623772697,0.048352321820279105
639049412717517051,nan,32.600454260732917,0.0050054788113752142,0.0046331804396408729,208,0,0,1,2,0.33776123865403057,0.42119260808303594,0.048352321819846583,0.33955254686054742,0.42586658209241934,0.04371914138020571
639049412717717300,nan,31.996582100662195,0.013384873191943064,0.0040665315707601388,203,0,0,1,2,0.35218710635209655,0.38648899219868965,0.043719141379634695,0.35699772814132041,0.37399848586926326,0.047785672950394834
639049412718017073,nan,34.10651707919628,0.018614512159265587,0.0044945055787891097,204,0,0,1,2,0.38311318603664651,0.29635188184575173,0.047785672949764282,0.37548266833023075,0.31333055265531518,0.043291167370975173
639049412718216838,nan,33.711642664342783,0.0045137377458228829,0.0024340660650843948,204,0,0,1,2,0.38780080264131839,0.272902196270703,0.043291167370334054,0.39084862688427147,0.26957284260638109,0.045725233435418448
639049412718516975,nan,30.302827506273513,0.011650433635410882,0.0057061614415586381,207,0,0,1,2,0.41393521714049314,0.20382905455063094,0.045725233434795697,0.41405449455136611,0.21547887758758599,0.040019071993237058
639049412718716963,nan,34.209658682187694,0.017504177892700808,0.0047459894951517936,213,0,0,1,2,0.42951708351243029,0.17943485810255483,0.040019071992754431,0.43733145896499415,0.16377178752282229,0.044765061487906224
639049412719017031,nan,27.062454141042895,0.017633155121524649,0.00032886043556031724,210,0,0,1,2,0.47225691528071578,0.086188917042825913,0.044765061487668178,0.46373741310694994,0.10162738336079125,0.044436201052107861
639049412719217348,nan,35.858018318912769,0.0043229208127198758,0.0035129459334112614,201,0,0,1,2,0.48136528917455512,0.060141518128491993,0.044436201051861947,0.48510155341737332,0.057967127671171868,0.047949146985273208
639049412719517150,nan,36.868859345077219,0.022630709500493857,0.0018215913663306368,208,0,0,0,0,0.51707593399089202,-0.0073764626195137253,0.047949146985253252,0.50249172606926307,0.0099281579135820034,0.049770738351583889
639049412719717312,nan,37.487018247053243,0.0097587115106276892,0.001918608468765938,205,0,0,1,2,0.5141022281284473,-0.022144931207300128,0.049770738351576457,0.52159542667733527,-0.028396685029596764,0.051689346820342395
639049412720016487,nan,28.016086892057693,0.014657683122356727,0.0015957131534525132,200,0,0,0,0,0.55014904639246598,-0.085679460419158748,0.051689346820341202,0.5426636544214013,-0.073077215319378247,0.053285059973793715
639049412720216993,nan,33.896571652964589,0.0039948915185988292,0.0013284209838122785,206,0,0,0,0,0.55678350424859846,-0.10302194467939471,0.05328505997380218,0.55900605086754485,-0.10634149958509861,0.054613480957614459
639049412720515968,nan,35.831419897053649,0.021382968097981236,0.0023416413004799311,202,0,0,0,0,0.58337423923839538,-0.15594195736862504,0.05461348095761219,0.57068676705945287,-0.13872977057008479,0.056955122258092121
639049412720716898,nan,44.87033675573214,0.0018717614801123214,0.00050561278889992012,204,0,0,1,2,0.57853694284150847,-0.16049672529544065,0.056955122258094668,0.57921043025751739,-0.15875032736286346,0.057460735046994588
639049412721017320,nan,36.482262843937022,0.020236752940747952,0.0032565027162426777,206,0,0,0,0,0.59195464936511177,-0.18868421335699154,0.05746073504699243,0.58240668173221621,-0.17084149821422109,0.054204232330749752
639049412721217200,nan,37.748293201332949,0.0069738754899512697,0.00040539536090917344,204,0,0,0,0,0.58453324618076796,-0.17888612620341418,0.054204232330779145,0.58550299566975106,-0.18579224850742532,0.053798836969869972
639049412721517326,nan,38.994797733477903,0.0058255832788316744,0.00099546155261506786,203,0,0,0,0,0.5901522067805004,-0.20824126232820883,0.053798836969885466,0.59382547405601604,-0.20371969975966805,0.054794298522500534
639049412721716988,nan,44.223398071199099,0.0016664979840548164,0.0024077513057437147,204,0,0,0,0,0.59936209094211867,-0.21564612656682669,0.054794298522479357,0.60080991844093778,-0.21482089262149848,0.057202049828223071
639049412722018951,nan,43.504772321685813,0.016073748926976061,0.0013485975378724896,210,0,0,0,0,0.61137298892908332,-0.23161001373686796,0.057202049828270603,0.60006924287165542,-0.22018238363974602,0.055853452290398113
639049412722217067,nan,39.008295526146149,0.0043357758742142106,0.00021957909831750444,208,0,0,0,0,0.59958329035070435,-0.22370002372999259,0.055853452290438699,0.60366909573731042,-0.22515093612369483,0.056073031388756203
639049412722517169,nan,45.326725025120041,0.0039276587439928314,0.00088064563265542739,208,0,0,0,0,0.60912207805417928,-0.23267719618112587,0.056073031388723646,0.60519532284315491,-0.23276143822500131,0.056953677021379073
639049412722717025,nan,45.339221078723746,0.0064118251011325575,0.0019751148166443702,213,0,0,0,0,0.60621172941313994,-0.23782973003231586,0.056953677021403526,0.60531463180423384,-0.23148097290925559,0.054978562204759156
639049412723017033,nan,40.753744623736381,0.0039624838779920247,0.00014672873211029475,201,0,0,0,0,0.60549372896816867,-0.22955883978117217,0.054978562204742454,0.60782628999675226,-0.23276203155365158,0.055125290936852749
639049412723217222,nan,44.45378858167966,0.0024758567560657888,0.00097887666448240318,203,0,0,0,0,0.60950226644372052,-0.23361685492157172,0.055125290936824445,0.60828808081544539,-0.23577454348497626,0.056104167601306848
639049412723517153,nan,52.093477597108972,0.0032504588190677597,0.00087586167246008623,200,0,0,0,0,0.60897995390558246,-0.24028800684247414,0.056104167601269565,0.61103880668274146,-0.23777273195164411,0.056980029273729652
639049412723717104,nan,44.462156400684819,0.0056474586006451952,0.001861865920312275,200,0,0,0,0,0.6128725964140187,-0.2391048376096078,0.056980029273689885,0.60939582031723438,-0.23465446497140877,0.05511816335337761
639049412724016639,nan,51.774721355786106,0.002781441625357857,0.00087605902527777141,200,0,0,0,0,0.60693455770293303,-0.2299831700045179,0.05511816335333803,0.60525729800416361,-0.23220200244933145,0.054242104328060259
639049412724217169,nan,49.43901146802407,0.0049708996215037469,0.00075146526790110385,201,0,0,0,0,0.60248667727723659,-0.23056014987934076,0.054242104328070452,0.60648809971431117,-0.23350946531298672,0.054993569595971556
639049412724517430,nan,43.025774571749288,0.00042460352679527544,0.00092498869812620427,202,0,0,0,0,0.6083310247244873,-0.23546717790912691,0.054993569595961488,0.60820218559539918,-0.23506259338917737,0.055918558294087692
639049412724717262,nan,43.515940041711353,0.00087300418035532327,0.00021828991123978153,205,0,0,0,0,0.60934295715677267,-0.23609624307968441,0.05591855829406308,0.60853456612882739,-0.23642584927631222,0.056136848205302861
639049412725017269,nan,47.864046299656074,0.0045940263024449781,0.00024192829838766416,202,0,0,0,0,0.60903356772362804,-0.2384725000075848,0.056136848205314747,0.60765671852646086,-0.2340896511674106,0.055894919906927083
639049412725217272,nan,43.274057547779321,0.00071204404137587679,0.00014790055114582285,209,0,0,0,0,0.60707149166836716,-0.23253219874005174,0.055894919906900035,0.60763321551921945,-0.23209462242414494,0.055747019355754213
639049412725517229,nan,44.078030903000496,0.0055897554808333732,0.00099068259463888642,201,0,0,0,0,0.60759796659023779,-0.2291025531214658,0.055747019355709922,0.60855410243823282,-0.23460992732118072,0.056737701950348808
639049412725717032,nan,43.357511558830609,0.0012170432904488502,0.00073790108017883493,213,0,0,0,0,0.60916751025695226,-0.23628538568468763,0.05673770195031224,0.60949194648052696,-0.23511238291075265,0.055999800870133405
639049412726018656,nan,47.526023781752237,0.003322038203522355,2.9348911318408111e-05,200,0,0,0,0,0.61090772237684943,-0.23587089336729758,0.055999800870184843,0.60763959520527,-0.23527483748397263,0.056029149781503251
639049412726217012,nan,48.036019771136708,0.0019213461996114766,0.00057614855583310726,212,0,0,0,0,0.60642143952284799,-0.23538167195114243,0.056029149781494356,0.60778315055533638,-0.23402619628453647,0.055453001225661248
639049412726458397,nan,41.805265419237287,0.00062626095233871614,0.00048700015953322129,201,0,0,0,0,0.60795784710182743,-0.23250668966045707,0.055453001225620337,0.60847379717944328,-0.23286165204977796,0.055940001385153558
639049412726716961,nan,51.38483808675926,0.0032823151909543592,0.00026488580014347868,209,0,0,0,0,0.60921359606386272,-0.23161422898904055,0.055940001385110266,0.60816051730119125,-0.23472302588372185,0.056204887185253745
639049412727017258,nan,44.635615769800197,0.0011111941780787161,3.0661635067034954e-05,216,0,0,0,0,0.60779667311716157,-0.23688483100048924,0.056204887185262627,0.60818945700524341,-0.23584537281534693,0.056235548820329662
639049412727217368,nan,35.631921323472532,0.0037669675615385752,0.0010439389745131589,203,0,0,0,0,0.60820874166069405,-0.23659327520693757,0.056235548820313917,0.60648212081287756,-0.23324531686526584,0.055191609845800758
639049412727517464,nan,46.092892244858383,0.00072188109621550785,0.0011725603396972872,204,0,0,0,0,0.60392170523152622,-0.22934612946635757,0.055191609845780448,0.60458637988580133,-0.22962776739178234,0.054019049506083161
639049412727817306,nan,42.966790983610615,0.0076520427053752447,0.0010195134966888078,206,0,0,0,0,0.60269224350592154,-0.22601327979705185,0.054019049506118182,0.60668405432951755,-0.23254161832331627,0.055038563002806989
639049412728017459,nan,42.764487813386474,0.0021971063241957166,0.0010859697934223478,213,0,0,0,0,0.60808431124126816,-0.23448669608260053,0.055038563002809585,0.60872076542485942,-0.236589599378525,0.056124532796231932
639049412728217335,nan,44.295747971908689,0.0050447181878979395,0.00017754097045276362,202,0,0,0,0,0.61075465783163096,-0.24063197826563087,0.056124532796204198,0.60877324526802945,-0.2359926694972786,0.056302073766656961
639049412728517184,nan,40.579350611992105,0.0010234263205788849,0.00013583250728784607,203,0,0,0,0,0.60885197422245463,-0.23509717014787271,0.056302073766645901,0.60854946973961543,-0.23411947261206942,0.056166241259358055
639049412728717292,nan,44.841581235288928,0.0031572503322907842,0.00049082541295702303,206,0,0,0,0,0.60840013032731166,-0.23286937111996694,0.05616624125937765,0.60563916914627869,-0.23440081586842484,0.055675415846420627
639049412729017734,nan,45.856668332769878,0.0049527832407454328,0.00042768265645193315,207,0,0,0,0,0.60126964603444266,-0.23482322442093617,0.055675415846343133,0.6060801469285001,-0.23364460532297388,0.056103098502795067
639049412729217443,nan,46.159270835760651,0.0020298451908627368,0.00032921312517712742,214,0,0,0,0,0.60637327249652873,-0.2331419390785025,0.056103098502840211,0.60705526679661925,-0.2350537851166323,0.055773885377663084
639049412729517447,nan,48.79238453351153,0.0032604336717786584,0.00019606430005192355,203,0,0,0,0,0.60852009742976654,-0.23717066304810611,0.055773885377647735,0.60711398823504248,-0.23422901645808539,0.055577821077595811
639049412729717561,nan,46.619893037876075,0.0008185602546541879,0.00019104822933990739,200,0,0,0,0,0.60715315765254563,-0.23367886460898851,0.055577821077579498,0.60796575530143671,-0.23377748484786584,0.05538677284823959
639049412730017466,nan,42.415663088521192,0.0014150870963066733,0.00084277074869480023,200,0,0,0,0,0.60924227369618655,-0.233100787627467,0.055386772848161306,0.60858716854769601,-0.23435510366999968,0.056229543596856106
639049412730217222,nan,52.363700897855566,0.0020626409038389027,0.00038868230196129755,207,0,0,0,0,0.60900106969779277,-0.23473983491967595,0.056229543596822654,0.60728727068943422,-0.23359206296622065,0.055840861294861356
639049412730517711,nan,49.888402781954312,0.00070448152894580607,0.00061886430787216201,209,0,0,0,0,0.60533186005079898,-0.23244423592704358,0.055840861294831137,0.60602627819646149,-0.23232558659666006,0.055221996986958975
639049412730717383,nan,44.631481733651853,0.0015191249730127628,0.00041335352142722603,200,0,0,0,0,0.6051883610245955,-0.23148402544246505,0.055221996986950274,0.60652431325639145,-0.23076085719233894,0.054808643465523048
639049412731017491,nan,51.415657386840095,0.0072106273728128837,0.0015369252004106271,203,0,0,0,0,0.60727286240582379,-0.2284090611865294,0.054808643465478313,0.6078847034788406,-0.23559368348773133,0.05634556866588894
639049412731216976,nan,51.03625642685293,0.0036941492225092951,0.00052306570467542529,208,0,0,0,0,0.60878896942151883,-0.23880611485755937,0.056345568665900347,0.60724311007160914,-0.23545096100885693,0.055822502961224922
639049412731517303,nan,51.292872226237925,0.0043083458976007922,0.0014368051020735642,211,0,0,0,0,0.60627718369512162,-0.23523609064811346,0.055822502961223465,0.60371440095724749,-0.23177285675306278,0.054385697859149901
639049412731717975,nan,53.244050597798953,0.0021291484998289347,0.00037631881026741615,201,0,0,0,0,0.60135659391559892,-0.22931522711197583,0.054385697859118017,0.60233540084342807,-0.2312060497721842,0.0540093790488506
639049412732017563,nan,41.112504410409926,0.0052737838337210737,0.0013531115728161944,208,0,0,0,0,0.60027665878624559,-0.23035985015396418,0.054009379048849476,0.6053530384251794,-0.23178924362192041,0.055362490621665671
639049412732217776,nan,52.583297977055381,0.0029568447440777679,0.00071517647465767914,200,0,0,0,0,0.60736970889647723,-0.23217898883947663,0.055362490621619513,0.61007175305529915,-0.2333797753335532,0.056077667096277192
639049412732517608,nan,48.682884436491541,0.0085548037266069757,0.00026872181496577496,209,0,0,0,0,0.61713833537002427,-0.23576170010448355,0.056077667096235566,0.608699614946979,-0.2343571843792433,0.056346388911201341
639049412732817516,nan,44.569188162471598,0.0011869180974361812,0.00070797517115563785,201,0,0,0,0,0.60732712903556829,-0.23533484117396444,0.056346388911249531,0.60688678475166813,-0.23423262908835751,0.055638413740093894
639049412733017974,nan,46.030227771167418,0.0022113121933174263,0.001041013484671012,205,0,0,0,0,0.60567509211495407,-0.23414937654257553,0.055638413740094983,0.60641061718970946,-0.23206397382829697,0.054597400255423971
639049412733217532,nan,42.571764963516422,0.0048510690467754407,0.0016178787941713152,221,0,0,0,0,0.60593658748608403,-0.2299050552199742,0.054597400255390796,0.60650463619334394,-0.23472275088935424,0.056215279049562111
639049412733517767,nan,49.374501972645817,0.0045206612900418009,0.00012023344298715127,213,0,0,0,0,0.60664608777912954,-0.23872288083115828,0.056215279049532024,0.60942502865934944,-0.23515722996721702,0.056335512492519176
639049412733717477,nan,46.932966107163317,0.0056694049257179687,0.00087897290009437273,203,0,0,0,0,0.61136761223350289,-0.23544623630105543,0.056335512492482552,0.60638789374438617,-0.23273615217304311,0.055456539592388179
639049412734017475,nan,49.938646911230563,0.0057535282580809021,9.7622925730254939e-05,209,0,0,0,0,0.6018256064266797,-0.22909928623695286,0.055456539592361083,0.6065658095668881,-0.23236020046552341,0.055358916666630828
639049412734317381,nan,40.739120934283761,0.0017765116201176173,5.9847040372845717e-05,204,0,0,0,0,0.60674367082817404,-0.2319843640506293,0.055358916666652727,0.60625037409605453,-0.23369101336155793,0.055418763707025573
639049412734517544,nan,47.405831200932504,0.0053288707095718686,0.0016111210287776609,207,0,0,0,0,0.60603984643022435,-0.23457922333971426,0.055418763706962547,0.60365280169712598,-0.22981488912793605,0.053807642678184886
639049412734717157,nan,48.675778658267348,0.0042835454934889838,0.0010677846353229353,201,0,0,0,0,0.60106236680522629,-0.22594941555566761,0.053807642678231501,0.60452582361081042,-0.22846997679290085,0.054875427313554437
639049412735017009,nan,35.011881662084861,0.008288424695649407,0.0014720580570413491,200,0,0,0,0,0.60583724805141348,-0.2264496942788112,0.054875427313513588,0.60913634522783633,-0.23405324225038143,0.056347485370554937
639049412735217621,nan,38.089439407591257,0.003527015356805331,0.00020148077206203624,202,0,0,0,0,0.61222095351003825,-0.23778865188565515,0.056347485370548768,0.60946693437393551,-0.23558519643452377,0.056548966142610804
639049412735518024,nan,43.043878938804205,0.0037015788327518411,9.5531592562612955e-05,211,0,0,0,0,0.60996196942296366,-0.23787919496292143,0.056548966142599313,0.6076545977744654,-0.23498476549741654,0.0564534345500367
639049412735817899,nan,49.496165255481117,0.0024436171777180138,0.0005220176391066908,212,0,0,0,0,0.60584544660831163,-0.23438538990108418,0.056453434549965834,0.60807720205813043,-0.23538064490531307,0.056975452189072524
639049412736017083,nan,44.960130614809692,0.0062001956488829321,0.0035803448034970112,200,0,0,0,0,0.60835790572344939,-0.23564359728207826,0.0569754521890024,0.60538524650724412,-0.23020248312514893,0.053395107385505389
639049412736317743,nan,43.334954824622152,0.01003080085631149,0.0021176803634803398,205,0,0,0,0,0.60132185107423008,-0.22238626234022568,0.053395107385505999,0.606046170747091,-0.23123486502356494,0.055512787748986339
639049412736517839,nan,44.175014919944324,0.0026306594396858672,0.00025408209605709553,212,0,0,0,0,0.60648603071082541,-0.23192193842323716,0.055512787748988428,0.60753648777729652,-0.23433376533226469,0.055766869845045523
639049412736717437,nan,48.375987784144996,0.0037198570858476367,0.00057217976362145678,205,0,0,0,0,0.60902309569846913,-0.23742495308122444,0.055766869844990179,0.60768240147514829,-0.23395510067244896,0.055194690081368722
639049412737017804,nan,43.7157766588779,0.001536877015794955,0.0011836462296092864,201,0,0,0,0,0.60790198112866511,-0.23338526346027813,0.055194690081385257,0.60665842996194941,-0.23428835341008314,0.056378336310994544
639049412737218296,nan,45.985642249947887,0.0030941033808674317,0.0017443096571157918,211,0,0,0,0,0.60597493911034361,-0.23451079631450925,0.056378336310967732,0.60770679120296756,-0.23194678304216268,0.05463402665385194
639049412737518238,nan,47.595639701003485,0.0047220670295598588,0.00080110144813143325,207,0,0,0,0,0.60927517082586258,-0.22844372407075833,0.054634026653849518,0.60677380211462517,-0.23244885473056193,0.055435128101980952
