stamp,rt_correlative_score,ceres_final_cost,translation_residual,rotation_residual,num_filtered_points,was_outlier,medium_outlier_streak,inserted_to_submap,num_insertion_submaps,pose_prediction_x,pose_prediction_y,pose_prediction_yaw,pose_estimate_x,pose_estimate_y,pose_estimate_yaw
639089883932740026,nan,nan,0,0,0,0,0,1,1,0,0,-1.4448442442471785e-12,0,0,-1.4448442442471785e-12
639089883932940166,nan,347.97832397782042,0.0051988861107118232,0.0020907548487745023,0,0,0,1,1,0,0,-2.8892721548601226e-12,0.0042818863957929595,-0.0029485361937197736,0.0020907548458852301
639089883933140093,nan,292.46551152571425,0.03338518422593121,0.0092949876394172251,0,0,0,1,1,0.0085629394581056978,-0.0058964985483180125,0.0020907548444337623,0.038489711563193113,0.0089007592101157367,0.011385742483850988
639089883933440120,nan,290.33493239559874,0.011502170621837688,0.0049463810467789866,0,0,0,1,1,0.089583458118042414,0.026599192046883116,0.011385742482578296,0.078341889302197973,0.024164636733792079,0.0064393614357993092
639089883933640021,nan,248.2626943928058,0.0065951600470038141,0.0060938079538278567,0,0,0,1,1,0.10484563037876454,0.034315897735420937,0.00643936143449984,0.098370562348494561,0.035568746508805406,0.012533169388327697
639089883933940170,nan,201.52221957516235,0.00228620156521588,0.0066725780865557948,0,0,0,1,1,0.12841057828855709,0.052673206631138281,0.012533169386816546,0.12795796424376124,0.050432256358765179,0.0058605913002607512
639089883934140199,nan,176.3653419062166,0.011759110297656349,0.004756716004486408,0,0,0,1,1,0.14769215985387318,0.060345915282594385,0.0058605912986472971,0.15889149694850097,0.063930817461642198,0.010617307303133705
639089883934440225,nan,177.40444580906305,0.013395715571325201,0.0077107859071301899,0,0,0,1,1,0.2051223898002478,0.084104734807469508,0.010617307301399334,0.1920691838105065,0.081094916032654937,0.0029065213942691443
639089883934639752,nan,150.1856826358775,0.0039276275652812328,0.0083755158310608001,0,0,0,1,1,0.21413824249620378,0.092512092288078648,0.0029065213925167158,0.21129329966096258,0.095219962033056563,0.011282037223577516
639089883934940066,nan,132.03090600968525,0.0051687535050548208,0.0082109618038929393,0,0,0,1,1,0.24031212083665981,0.11654173241629255,0.01128203722175865,0.24101868965247444,0.11142150065351708,0.0030710754178657103
639089883935140108,nan,126.7679001033753,0.012156887652775197,0.0080934610021585612,0,0,0,1,1,0.26103000265540616,0.12232847481115477,0.0030710754160692172,0.26814272970353886,0.13218743172053213,0.011164536418227778
639089883935442225,nan,117.75469254988785,0.011243090397389162,0.0051189253307835489,0,0,0,1,1,0.30891597719628133,0.1634030782546998,0.011164536416659196,0.29987082228417522,0.15672533505060254,0.0060456110858756471
639089883935639877,nan,106.40685167094666,0.0066488193087543687,0.0075489955498731299,0,0,0,1,1,0.32067224675106154,0.17281276108792221,0.0060456110842967209,0.32257860437113661,0.1791824234671105,0.013594606634169851
639089883935940022,nan,97.368634228156267,0.0093809919243184551,0.0078320128852766187,0,0,0,1,1,0.35698535925269709,0.21320932814416318,0.013594606632547761,0.35272255733864799,0.20485280199236378,0.0057625937472711424
639089883936139860,nan,95.46978818227015,0.011789537467883677,0.0080925785474088158,0,0,0,1,1,0.37277946659295202,0.22193312497321357,0.0057625937456466129,0.38201301513723385,0.22926352571171513,0.013855172293055428
639089883936440086,nan,95.454127643697049,0.016551970515308535,0.0064204602465033908,0,0,0,1,1,0.42585274869044459,0.26579964375590193,0.013855172290923614,0.41148747070650682,0.25757732556795543,0.0074347120444202231
639089883936639973,nan,96.315787674887318,0.010864716880168108,0.010674901960608281,0,0,0,1,1,0.43107302339346043,0.27639163131650202,0.0074347120424392505,0.43913118017710806,0.28367916739780985,0.018109614003047531
639089883936939988,nan,99.777404005370485,0.012795240890235733,0.0045760773387756252,0,0,0,1,1,0.48045212998108922,0.32269538181685875,0.018109614001415333,0.46897113942516355,0.31704692669232193,0.013533536662639708
639089883937139621,nan,90.148506370115442,0.010621156555280894,0.01145189276802736,0,0,0,1,1,0.48883706607722227,0.33926148312579041,0.013533536660829385,0.49736086928630091,0.34559818143206056,0.024985429428856745
639089883937439968,nan,93.625482637023893,0.014804465371747328,0.0111671966791174,0,0,0,1,1,0.54030040193055529,0.38878202083201441,0.024985429426393178,0.52689863871642817,0.38249195424288079,0.013818232747275777
639089883937740230,nan,73.65243554181076,0.0037209593856658177,0.015868888374774352,0,0,0,1,1,0.55627290174289046,0.41918150147315408,0.013818232744314696,0.55268966954266685,0.41817851306392134,-0.002050655630459656
639089883937940029,nan,62.942229851921041,0.014086351345382445,0.012616793029470781,0,0,0,1,1,0.5698190402113672,0.44188009746566165,-0.0020506556325057441,0.57682141984850266,0.45410269840175493,0.010566137396965037
639089883938139950,nan,59.49601551671617,0.012658277316061265,0.0068862745624250869,0,0,0,1,1,0.60083757797985726,0.48985480526840275,0.010566137395438099,0.60292874098176985,0.50233915634924564,0.017452411957863186
639089883938440098,nan,69.718687337852415,0.031597296025021357,0.0026740094075487775,0,0,0,1,1,0.64182444645082237,0.57420371310015661,0.017452411956989801,0.63086248556310498,0.54456885980898972,0.020126421364538578
639089883938639967,nan,66.422967427390319,0.0074389262863664282,0.0070160742819608268,0,0,0,1,1,0.64930317370129509,0.57244714119736229,0.020126421364104589,0.64894621754796089,0.57987749829501178,0.027142495646065416
639089883938939840,nan,55.703470912067324,0.0079304424908393928,0.0042803326962614456,0,0,0,1,1,0.67586426621631512,0.63243521425629712,0.027142495645934173,0.67372417258679207,0.62479899023146745,0.031422828342195619
639089883939139927,nan,50.985096929134571,0.013171260002274469,0.0062537403703698813,0,0,0,1,1,0.69013410161745903,0.65454956865788183,0.031422828342087858,0.7002699079094169,0.66296072320761057,0.037676568712457739
639089883939440269,nan,52.364626029765965,0.013302546904078203,0.0031882466094256615,0,0,0,0,0,0.73988461919019755,0.71991021115551768,0.03767656871245189,0.73055145190870796,0.71043130074181859,0.034488322103026228
639089883939740105,nan,60.895106541182116,0.0095472861113813211,7.1023343665842231e-05,0,0,0,0,0,0.760630591933809,0.75758458159028819,0.034488322103022384,0.75436107091694593,0.75038431921231286,0.034417298759356542
639089883939940124,nan,85.231493443591532,0.017699161459003451,0.00021224009703662422,0,0,0,0,0,0.77011949236095145,0.77682726661102386,0.034417298759363016,0.77784578827066364,0.79275098062087213,0.03462953885639964
639089883940139888,nan,83.206361336250112,0.012370587547903072,0.0022923446587946178,0,0,0,1,1,0.80115854790803775,0.83480742861552526,0.034629538856399529,0.80944623241244995,0.84399142131127913,0.036921883515194147
639089883940440215,nan,65.553335794313668,0.036436657701657792,0.0055527775120011238,0,0,0,0,0,0.85653341128703908,0.92034375944856139,0.036921883515232047,0.83956212098125327,0.88810084813732093,0.042474661027233171
639089883940639921,nan,83.384613228074784,0.0085382929509822559,0.0042675271142085941,0,0,0,1,1,0.8594925096277064,0.91729201802782079,0.042474661027267047,0.86435511425120715,0.92431038840792346,0.038207133913058453
639089883940939942,nan,83.426649090087764,0.012677357084733016,0.0073400460218385477,0,0,0,0,0,0.90129090106601728,0.97825417186056773,0.038207133913115025,0.89608045948412485,0.96669706663583621,0.045547179934953573
639089883941240359,nan,88.190507851955587,0.0044512439089528025,0.0014548967406030344,0,0,0,1,1,0.92751587978914907,1.0086963903830128,0.04554717993506488,0.92386463610023672,1.006150414762319,0.044092283194461845
639089883941440186,nan,81.431644796572115,0.022328599593999122,0.0014320637093379537,0,0,0,0,0,0.9421337797062771,1.0320924785715393,0.044092283194680559,0.95624303967659141,1.049398406542013,0.042660219485342606
639089883941740007,nan,100.05784959281635,0.020834420727745006,0.010728425734877714,0,0,0,1,1,1.0043956636081943,1.1137161014849926,0.042660219485611307,0.99497970548427428,1.0951308164543756,0.053388645220489021
639089883941939875,nan,83.907448133833967,0.0093593978767460458,0.0064600033409775159,0,0,0,1,1,1.0205846813236124,1.1253599863239336,0.053388645220761456,1.0264371951355815,1.1326638490482699,0.04692864187978394
639089883942140046,nan,83.276637601421427,0.012807474958316139,0.004764279777364995,0,0,0,1,1,1.0576653042929931,1.1699231997416304,0.04692864188009134,1.0677775006516019,1.1777829007291256,0.042164362102726345
639089883942440153,nan,90.189106222836486,0.028949468260334711,0.00623551103529775,0,0,0,1,1,1.1288483472975801,1.2444359806137359,0.042164362103225113,1.1098314151204125,1.2226087498428586,0.048399873138522863
639089883942639870,nan,90.367205004468715,0.0093759270764195071,0.0082794695493864159,0,0,0,1,1,1.1372502467670411,1.2518348617468567,0.048399873139176014,1.1430191029246768,1.2592259582267333,0.040120403589789598
639089883942939853,nan,89.588846686773735,0.017038934586563265,0.0070084748068513225,0,0,0,1,1,1.1922814234061547,1.3135789057771114,0.040120403590923913,1.1877392261384008,1.2971565510182472,0.047128878397775235
639089883943240080,nan,107.84207348134319,0.00715615191638635,0.0038258488746074557,0,0,0,1,1,1.2318917101424443,1.3346056851247752,0.04712887839904125,1.2278355383311192,1.3287100952062503,0.050954727273648706
639089883943440189,nan,117.34408409737296,0.014608051822212016,0.0081505953227781133,0,0,0,1,1,1.2542201871298864,1.3494733309311564,0.050954727275076717,1.2650781705595671,1.3592457090389258,0.042804131952298603
639089883943640180,nan,126.64358952280271,0.014579846002192556,0.0077336246548216497,0,0,0,1,1,1.3016095830545973,1.3891981865616703,0.04280413195388591,1.3146440551701055,1.3957307546721218,0.03507050729906426
639089883943940219,nan,145.88574483298848,0.036195164024359287,0.01124424673408194,0,0,0,1,1,1.388108702136829,1.4498074854329737,0.035070507301757106,1.3621210560798835,1.4246135942851339,0.046314754035839047
639089883944140205,nan,130.48913949510197,0.0066877213251463046,0.011106060150780403,0,0,0,1,1,1.3933198182874718,1.4435934967157587,0.046314754038600907,1.3994616504490258,1.440947081362471,0.035208693887820504
639089883944440209,nan,130.44707226072876,0.0080997701204628715,0.0079239235723581533,0,0,0,1,1,1.4547480426085746,1.4651304021463742,0.035208693890654008,1.447171519962891,1.4622663873761983,0.043132617463012161
639089883944740119,nan,107.19545460006449,0.011781319058612285,0.0081601410957191853,0,0,0,1,1,1.4942177717319121,1.4832891537027995,0.043132617465988538,1.4842792198462957,1.4769626487294565,0.051292758561707723
639089883944940122,nan,111.62873959869273,0.014706515275978318,0.0099049846203825287,0,0,0,1,1,1.5084440884249968,1.48653298656542,0.051292758564618561,1.5212480669652653,1.4937676064657968,0.041387773944236032
639089883945140053,nan,95.528520212566704,0.014282825338002143,0.0094774609283443528,0,0,0,1,1,1.557686656660451,1.5103315246704634,0.041387773946976222,1.5719664847551864,1.5100389341362999,0.03191031301863187
639089883945440074,nan,101.52645544466584,0.033960419945185664,0.011391325837224783,0,0,0,1,1,1.6473403837982654,1.5342201578923982,0.031910313021393584,1.6172318550062856,1.518510714336502,0.043301638858618367
639089883945640203,nan,90.117003118453979,0.0026889163150576535,0.011608911697376934,0,0,0,1,1,1.6471810568024354,1.5241159497157999,0.043301638861090605,1.6459954204565861,1.521702541875259,0.031692727163713671
639089883945940171,nan,129.32325529289872,0.0052394816079069954,0.0077937998513121567,0,0,0,1,1,1.6887691031354974,1.5264490403072597,0.031692727165921593,1.6835327984260042,1.5266314697701622,0.03948652701723375
639089883946240106,nan,107.47396736570542,0.004613209675884535,0.0087552416218792256,0,0,0,1,1,1.7206143033461418,1.5315005382526428,0.039486527019687225,1.7184106059417397,1.5274477094549379,0.04824176864156645
639089883946441839,nan,106.23194693055524,0.013649157805580448,0.0079773868876960238,0,0,0,1,1,1.7416109301732932,1.5279906628882611,0.048241768644175995,1.7552537036080285,1.5275732400689059,0.040264381756479971
639089883946740011,nan,87.61535662924166,0.0099649163196467109,0.0089707079321818331,0,0,0,1,1,1.8090438083510019,1.5277565119787477,0.040264381759112546,1.7991234760459056,1.526814936589294,0.049235089691294379
639089883946939828,nan,92.536804526362161,0.0051589222162969819,0.0084595777956700466,0,0,0,1,1,1.8279747339870387,1.5263162330840747,0.049235089693932151,1.8280885230627251,1.5211585659292404,0.040775511898262104
639089883947139666,nan,146.98337838084549,0.0070819769822416632,0.0084822530632240045,0,0,0,1,1,1.8567799949701909,1.5155556197369935,0.040775511900729547,1.8630522248552479,1.512267226474928,0.032293258837505542
639089883947403261,nan,135.55958036507764,0.012002585922628791,0.0024850744882214948,0,0,0,1,1,1.9086189283706583,1.5006795224276361,0.032293258839846156,1.8966212378764535,1.5010222929563519,0.034778333328067651
639089883947652852,nan,145.00784275566215,0.0044733079624757928,0.00024197419357074174,0,0,0,1,1,1.9281909109572803,1.4904470974695849,0.034778333330486612,1.9242492765659387,1.4925622812564323,0.03453635913691587
639089883947939735,nan,152.56414158933754,0.0036435829394942348,0.0070788501301818144,0,0,0,1,1,1.9556819529374281,1.4829372473243714,0.034536359139113459,1.9522555975315974,1.4816979792864118,0.041615209269295274
639089883948239952,nan,117.57820687116372,0.001412707398035853,0.0069373162873450633,0,0,0,1,1,1.9813264466268841,1.4704207221456624,0.041615209271569031,1.9805587951152284,1.4692347822866823,0.048552525558914095
639089883948440210,nan,133.01882207238779,0.015900138021785297,0.0081721909587029046,0,0,0,1,1,1.999208884390473,1.4610222919483344,0.048552525561215018,2.0145429119342517,1.4568172963004822,0.040380334602512113
639089883948640149,nan,141.27379417887587,0.00053618904512717171,0.0084057198613845946,0,0,0,1,1,2.0482031731962818,1.444518144177773,0.040380334604763937,2.0486969789303755,1.4443092073713206,0.031974614743379343
639089883948940213,nan,132.86796739672295,0.021312876029614,0.0069844427061434289,0,0,0,1,1,2.0993382330009305,1.4257630907559655,0.031974614745428828,2.0783648647500677,1.4295520891549351,0.038959057451572257
639089883949240176,nan,116.9697856666438,0.0087974913429168227,0.0061993093703731073,0,0,0,1,1,2.1078310830010318,1.4148952825067624,0.038959057453380887,2.099137398067521,1.4162427602266312,0.045158366823753994
639089883949440358,nan,122.57054410598651,0.013990056388735492,0.0082404434157171344,0,0,0,1,1,2.1129406791718015,1.4073987542645683,0.045158366825407588,2.1210421905021182,1.3959931770356531,0.036917923409690453
639089883949740219,nan,122.96906721933902,0.013331119834274291,0.0083393167878241387,0,0,0,1,1,2.15367088704821,1.3658300286243628,0.036917923411381053,2.1480089958466801,1.3778990693508588,0.045257240199205191
639089883949940392,nan,102.47024748808484,0.0078143096992654617,0.0078628725436020452,0,0,0,1,1,2.1659349228036411,1.3658711836386044,0.045257240200912326,2.1697754898990054,1.3590657828082315,0.03739436765731028
639089883950140118,nan,106.93090158747984,0.0056380151493434991,0.0083141989407780857,0,0,0,1,1,2.1912777429327948,1.3404611287135511,0.037394367659023882,2.1969106664713274,1.3402215723876651,0.029080168718245796
639089883950440157,nan,95.301810156895257,0.013729939785335521,0.0074259755076706152,0,0,0,1,1,2.2373646431640513,1.3121280294134894,0.029080168720045742,2.2237318319239545,1.3137582760821966,0.036506144227716357
639089883950639923,nan,90.539032823801179,0.0033254703642763227,0.0078049804971901567,0,0,0,1,1,2.2414913130273608,1.2962357559851152,0.036506144229772143,2.2427249874722568,1.2931475849231935,0.028701163732581986
639089883950940094,nan,85.079332648570045,0.012127060302946148,0.0085758980879438937,0,0,0,1,1,2.2710971306771617,1.2623591527625577,0.028701163734602117,2.2627269665133101,1.2711344558035624,0.037277061822546011
639089883951240394,nan,80.560752142408617,0.0027867357940968328,0.0077561012824468381,0,0,0,1,1,2.2826102550485894,1.2492519512298081,0.037277061824421441,2.2849611673879755,1.247755586448539,0.045033163106868279
639089883951440049,nan,81.126036435264368,0.012968705237394563,0.0079430692267414213,0,0,0,1,1,2.2996020592541893,1.2323609473467911,0.045033163108717592,2.3076804366286892,1.2222156462408804,0.03709009388197617
639089883951740146,nan,89.734830064034597,0.013836306061989564,0.0086127918610923934,0,0,0,1,1,2.341601748212359,1.1840828937991883,0.037090093883699736,2.3326129594039071,1.1946016884638873,0.045702885744792129
639089883951940265,nan,71.08002077222514,0.006664035438689213,0.0081201318731361286,0,0,0,1,1,2.3491500843832194,1.1762860340454149,0.045702885746326499,2.3442145729842729,1.1718083007394915,0.037582753873190371
639089883952240221,nan,72.822121455786245,0.0046164975424807294,0.0033517269486752696,0,0,0,1,1,2.3614383469531837,1.1379692010805318,0.037582753874813898,2.3660519086037541,1.138133817167583,0.040934480823489168
639089883952439970,nan,68.917061660591756,0.0093063450050807177,0.0079136741730890386,0,0,0,1,1,2.3804435894715001,1.1159409805780898,0.040934480825239553,2.3871698324005188,1.1095093623203403,0.033020806652150514
639089883952740684,nan,73.28413128722427,0.010500891199477213,0.0065364639377277212,0,0,0,1,1,2.418756027453413,1.0666956073892664,0.033020806654207473,2.408876362696529,1.0702538288937322,0.039557270591935194
639089883952939999,nan,70.156860937382376,0.0024429882063074686,0.0068915653258360896,0,0,0,1,1,2.4231925813865489,1.0443634266200899,0.03955727059418547,2.4256158927102622,1.0446728674133285,0.032665705268349381
639089883953240138,nan,57.921124735363485,0.006215212557317616,0.0092109934408730748,0,0,0,1,1,2.4506192678129,1.0064632895544567,0.032665705270776224,2.4463453938403399,1.0109758130612445,0.041876698711649299
639089883953439889,nan,57.451917653473608,0.013593483487712445,0.0071815521563627152,0,0,0,1,1,2.4600083250819011,0.98876589427127137,0.041876698713655014,2.4600108988567557,0.97517241102721675,0.034695146557292299
639089883953740255,nan,59.731101589759106,0.012541037956007231,0.0074688676816137278,0,0,0,1,1,2.4803937178257156,0.92176975512420933,0.034695146559626459,2.4772714398071218,0.93391590731280882,0.042164014241240187
639089883953939647,nan,54.330372136950693,0.013690058276329884,0.010478374881980307,0,0,0,1,1,2.4886460979235743,0.90672796307740011,0.042164014243330279,2.491476481313974,0.89333368723013395,0.031685639361349972
639089883954240139,nan,60.408136883212038,0.016749133632504028,0.0081218393136886502,0,0,0,1,1,2.5127372288067664,0.83259410167816816,0.031685639363033667,2.5065408174780153,0.84815488456606947,0.039807478676722317
639089883954440262,nan,50.936117405329007,0.007477719165125055,0.01074114614409085,0,0,0,1,1,2.5165096552257618,0.81825777204208217,0.039807478678520983,2.5168210150244574,0.81078653794133049,0.029066332534430132
639089883954740165,nan,53.849594132082174,0.0058209476672845531,0.0087671453363833175,0,0,0,1,1,2.532099642768475,0.7552489809138978,0.029066332536500396,2.5303216644573583,0.76079174420222828,0.037833477872883714
639089883954940105,nan,50.025709070029741,0.0025260826480929159,0.0072750715828780975,0,0,0,1,1,2.5392563558760322,0.72770533181746166,0.037833477875006169,2.540141284828672,0.72533932372496157,0.030558406292128071
639089883955240041,nan,58.340607503799639,0.0075931406451179625,0.0082023829419597821,0,0,0,1,1,2.5547834400023892,0.6724757890583396,0.030558406295075398,2.5490704022709583,0.67747748724353518,0.03876078923703518
639089883955439806,nan,54.189490608660442,0.0093469934312871705,0.0074421498885392928,0,0,0,1,1,2.5549901299811437,0.64574657525690526,0.038760789239812105,2.5551408611601372,0.63640079726274101,0.031318639351272812
639089883955740561,nan,66.292393206586041,0.015457077108988899,0.0071924502111527094,0,0,0,1,1,2.5642192322518027,0.57497060859484728,0.031318639353409609,2.5559541515400306,0.58803237239538819,0.038511089564562319
639089883955940025,nan,52.723390575823124,0.023683086607439837,0.0086434869096497675,0,0,0,1,1,2.556492184041649,0.55603422600868491,0.0385110895665772,2.5624645676554985,0.53311656414660746,0.029867602656927433
639089883956240104,nan,58.97117387427042,0.025102988475125036,0.0085679536396537671,0,0,0,1,1,2.5721867048217808,0.45110966767136684,0.029867602659619987,2.5727975467934225,0.47620522310391189,0.038435556299273754
639089883956439943,nan,57.089260633762905,0.011999953531851159,0.0068238029757114113,0,0,0,1,1,2.579577291825573,0.43886416429047576,0.038435556301919291,2.5768364063059055,0.42718142354462918,0.03161175332620788
639089883956717255,nan,59.711615068378592,0.0071578894134812993,0.0038324894975232185,0,0,0,1,2,2.5824064920993641,0.35957155283173242,0.031611753327924708,2.5779916400194502,0.36520577522422881,0.035444242825447926
639089883956940211,nan,51.769892702942869,0.0036270952108138892,0.0057835459113152674,0,0,0,1,2,2.5789144741804688,0.31569783172261573,0.03544424282708597,2.5766229740242221,0.31288627580066958,0.029660696915770703
639089883957239963,nan,64.887409887416979,0.013023596288489746,0.0049149422659169328,0,0,0,1,2,2.5747942311503431,0.24297958412472687,0.029660696917577466,2.5725137571996881,0.25580196685360951,0.034575639183494399
639089883957439758,nan,65.415339512333873,0.015888642080984176,0.0050838034771489085,0,0,0,1,2,2.5698132112070939,0.21828659388848001,0.034575639185435804,2.5707966083492999,0.20242841375208598,0.029491835708286895
639089883957740058,nan,56.010120474352092,0.008146881860589374,0.0070477207667065216,0,0,0,1,2,2.5682369480483258,0.12286736407079185,0.02949183570960304,2.5651719080725557,0.13041568931532996,0.036539556476309562
639089883957940073,nan,69.714765757895606,0.008410262118171502,0.0078916609449159666,0,0,0,1,2,2.5614546653675809,0.082824037954870977,0.036539556477722682,2.5586562266676873,0.074893007142972159,0.028647895532806715
639089883958239957,nan,70.356854055553967,0.016261884099628313,0.0077209846380917636,0,0,0,1,2,2.5489748461094286,-0.0076058417608755174,0.028647895534357409,2.5520280911597442,0.0083668402034180085,0.036368880172449172
639089883958439798,nan,57.079786235691586,0.016848484271200628,0.0070601457299896628,0,0,0,1,2,2.5476532126133904,-0.035543532504898265,0.0363688801741988,2.5397805948395247,-0.05043961627290617,0.029308734444209138
639089883958739865,nan,60.999749317116077,0.013538009694150893,0.0083606457341247505,0,0,0,1,2,2.5215402179816429,-0.13802093899875462,0.029308734445521036,2.5238495650228461,-0.12468135044729586,0.037669380179645787
639089883958940056,nan,74.012478487748865,0.0091866296684054959,0.0076839689588109605,0,0,0,1,2,2.5133464631482632,-0.17362787219462023,0.037669380180684373,2.5156017443805436,-0.18253336888081081,0.029985411221873412
639089883959239963,nan,78.002755910350459,0.018783478406367741,0.010093002485355537,0,0,0,1,2,2.5033166537336098,-0.26870368239594805,0.029985411222870011,2.5007024593014617,-0.25010300906100102,0.040078413708225548
639089883959439813,nan,67.471517536014645,0.021798196381660952,0.012721101866974671,0,0,0,1,2,2.4908129215848018,-0.29495298015131166,0.040078413708971874,2.4790185787670009,-0.31328477883528277,0.027357311841997203
639089883959740003,nan,72.517743885276417,0.011752501624163235,0.00097664666264945729,0,0,0,1,2,2.4466756214204306,-0.40752461204423451,0.027357311842455639,2.4536040316836285,-0.39803153953578008,0.028333958505105096
639089883959939736,nan,60.301409360000548,0.0080050995505523918,0.0041424035113540245,0,0,0,1,2,2.4368220224576476,-0.45399243922374743,0.028333958505350195,2.434403777223038,-0.46162354063832334,0.024191554993996171
639089883960240095,nan,56.868384038463319,0.020255417630383663,0.0020787088123406412,0,0,0,1,2,2.4057253657399391,-0.55660757214664003,0.024191554994269344,2.4110150085457183,-0.53705503721204584,0.026270263806609986
639089883960439665,nan,60.221954008977143,0.017006418387811105,0.0081623731116328771,0,0,0,1,2,2.3955435505016482,-0.58695228706485336,0.026270263806678101,2.3826036149913405,-0.59798751861522681,0.018107890695045224
639089883960739598,nan,60.957533980925056,0.012515897344706333,0.0036817694025718835,0,0,0,0,0,2.3401942320870774,-0.68894078108679679,0.018107890695109843,2.346143967046634,-0.67792949867945396,0.021789660097681726
639089883960939554,nan,54.293009585616524,0.0038056826827065982,0.0052743060229780078,0,0,0,1,2,2.3219790066871657,-0.73091395926007008,0.021789660097722818,2.3202172639689524,-0.73428730823049626,0.01651535407474481
639089883961239848,nan,45.950672641001624,0.013058590077338452,0.00041030267042715951,0,0,0,0,0,2.2814656105117934,-0.8185231749653834,0.0165153540747611,2.2897147479392372,-0.80840000814313318,0.01610505140433394
639089883961439895,nan,36.324483594263548,0.023172023020708431,0.0024397957338975502,0,0,0,0,0,2.2694889369136972,-0.857543149697923,0.016105051404371601,2.2602672721001507,-0.87880117286422044,0.013665255670474051
639089883961740102,nan,46.371498925085483,0.031369724855955045,3.2609568744694853e-05,0,0,0,1,2,2.2163301994918765,-0.98384315007680523,0.013665255670484946,2.22496189149832,-0.95368434488422138,0.013632646101740252
639089883961939989,nan,40.989612828734018,0.0082729650514709527,6.5888481833814225e-05,0,0,0,0,0,2.2015414894476257,-1.0033593226253983,0.013632646101743725,2.195395666316144,-1.0088974458435476,0.013698534583577539
639089883962240069,nan,38.044513442799406,0.01487680490607721,0.0009207005766692488,0,0,0,0,0,2.1512473520895226,-1.0913416982145945,0.013698534583634715,2.1622227089153205,-1.0812987471164415,0.012777834006965466
639089883962439917,nan,40.11975921985006,0.025313234860566972,0.00063514586928892572,0,0,0,1,2,2.1402035337290672,-1.1293564742939697,0.012777834006972431,2.1316967215511617,-1.1531974894920702,0.012142688137683506
639089883962739935,nan,38.081488057299737,0.029682053428703919,0.0003581223695295014,0,0,0,0,0,2.0861067359581469,-1.2605769032996454,0.012142688137684888,2.0940701991802664,-1.2319830656898669,0.01250081050721439
639089883962939837,nan,31.647229918034157,0.013271393192086796,0.00052210284304287334,0,0,0,0,0,2.0690673009092708,-1.2843362363463986,0.012500810507225388,2.0590128237780845,-1.2929986474932686,0.011978707664182514
639089883963239923,nan,38.937673190104391,0.019392698935998057,0.0037388160779295507,0,0,0,1,2,2.0066070329180583,-1.3842082655125596,0.011978707664195669,2.0199395370263331,-1.3701256128425157,0.0082398915862661182
639089883963439729,nan,32.785033196248598,0.02347251935201445,0.00051029347927593598,0,0,0,0,0,1.9940199460667634,-1.421288429180606,0.0082398915862814236,1.9845840537309603,-1.4427808255234484,0.0077295981070054877
639089883963739694,nan,32.22539229511019,0.027260464890403679,0.0011258786305321025,0,0,0,1,2,1.9318062871950628,-1.5512386797254329,0.0077295981070286436,1.9463316492562166,-1.5281703723962567,0.0066037194764965411
639089883963939802,nan,41.577764686061705,0.01339890221860157,0.0038560142019637769,0,0,0,0,0,1.9208372369136368,-1.5850806855547082,0.0066037194765134477,1.9138651763251056,-1.5965227549398104,0.010459733678477225
639089883964240072,nan,39.418943787418421,0.021508443533281418,0.0010934938988066585,0,0,0,0,0,1.865352970223856,-1.6986565739259449,0.010459733678424826,1.8733599374771641,-1.6786940686065015,0.0093662397796181671
639089883964439877,nan,36.288396159121845,0.021764323774060287,0.00015492606546521973,0,0,0,1,2,1.8464969622624714,-1.7331898826090708,0.0093662397794839342,1.8391902363688921,-1.7536910422362291,0.0095211658449491539
639089883964739960,nan,41.211666054698313,0.021732521375788415,0.006046823862896112,0,0,0,0,0,1.7881416382397599,-1.8657344679482046,0.0095211658447048372,1.8013784222875509,-1.8484981680720349,0.0034743419818087252
639089883964939946,nan,43.042283343406403,0.011939269691463718,0.0039033764479821662,0,0,0,1,2,1.7762854166870152,-1.9114148991881574,0.0034743419815667425,1.7683885180944752,-1.9203695155051552,0.0073777184295489087
639089883965240372,nan,49.137767756307554,0.022910156357388321,0.0074488715047595711,0,0,0,1,2,1.7188977995006722,-2.0281893081893845,0.0073777184292197666,1.7304236922618093,-2.0083895844443735,-7.1153075539804881e-05
639089883965439636,nan,39.088043182729571,0.016675856818383697,0.0042442369402128227,0,0,0,0,0,1.7052430486206014,-2.0667699915876074,-7.1153075846174787e-05,1.7019843350020962,-2.0831243483826576,-0.0043153900160589976
639089883965739777,nan,42.389477979730707,0.026952773671482508,0.00028760533589300159,0,0,0,1,2,1.659325138214484,-2.1952269171082621,-0.0043153900161369352,1.6658796997146716,-2.1690832805569631,-0.0046029953520299368
639089883965939657,nan,35.724812520143772,0.020135416857404727,0.0026497986764074518,0,0,0,0,0,1.6418298944051981,-2.2263417341307159,-0.0046029953521252677,1.636091831997075,-2.2456422432385592,-0.0019531966757178158
639089883966240042,nan,53.193957544922526,0.025425134810001061,0.0090868751345149594,0,0,0,1,2,1.5914057217979922,-2.3604917610204681,-0.0019531966759523279,1.6034499660660326,-2.3381003863391649,-0.011040071810467287
639089883966539979,nan,44.884471961028602,0.025483793303610645,1.5705019608604209e-05,0,0,0,1,2,1.5709373944380198,-2.4301923030972925,-0.011040071810547232,1.5780616753586936,-2.4057246031133448,-0.011055776830155836
639089883966739675,nan,34.526708320141154,0.037717297630854081,0.0037118340667857807,0,0,0,0,0,1.5611581988857903,-2.450748680173815,-0.01105577683026965,1.5550109741739337,-2.4879616640492901,-0.007343942763483869
639089883966939854,nan,42.03129314061318,0.022104624534559015,0.00081776269535864358,0,0,0,1,2,1.5319259473320024,-2.5703211872538607,-0.0073439427636227484,1.5286649351399315,-2.5921839461213274,-0.0065261800682641048
639089883967240038,nan,35.610198195283594,0.065704445714215576,0.00024098280251177388,0,0,0,1,2,1.4893580126487052,-2.7476781803011656,-0.0065261800684570537,1.5008190205591563,-2.6829810437007806,-0.0062851972659452799
639089883967439881,nan,29.609281524169035,0.007295242361100387,0.0014979240187326277,0,0,0,0,0,1.4823462106507224,-2.743215284488862,-0.0062851972661375323,1.4776012988970311,-2.7487566176819551,-0.0047872732474049046
639089883967740087,nan,34.853179521680012,0.014283893762930608,0.0051774228364259781,0,0,0,1,2,1.4428337860937956,-2.8472526348110243,-0.0047872732477858993,1.4533417126139467,-2.8375772484477935,-0.0099646960842118774
639089883968040091,nan,28.144965437159414,0.0094459485354734234,0.0030798760879514019,0,0,0,1,2,1.4291168692500786,-2.9262706763848856,-0.0099646960845348569,1.4341894562800486,-2.9183023136573114,-0.013044572172486259
639089883968239702,nan,27.658021330905957,0.033295092061178581,0.0025489006131756593,0,0,0,0,0,1.4214741241708189,-2.9718963130160971,-0.013044572172746197,1.4147219178330845,-3.0044995469804605,-0.010495671559570537
639089883968439913,nan,41.391864729895381,0.0071083025653029611,5.6105208424247349e-05,0,0,0,1,2,1.3952895532757537,-3.0905410394029373,-0.010495671559791947,1.3943932565501769,-3.0975926078482985,-0.010551776768216194
639089883968739885,nan,41.25190986702367,0.056692737444734007,0.0016714732151457082,0,0,0,1,2,1.3640483822499898,-3.236553909379225,-0.010551776768399693,1.3784651984487586,-3.1817248852253295,-0.012223249983545402
639089883968939746,nan,31.140406843906039,0.013444537079924863,0.0044304314953940082,0,0,0,1,2,1.3678835135598797,-3.2376175271606464,-0.012223249983852659,1.3667262597918972,-3.2510121656779774,-0.0077928184884586511
639089883969239704,nan,33.610357848049595,0.017466725803568128,0.0067696971616617264,0,0,0,1,2,1.3491788076050724,-3.3545833041290103,-0.0077928184887898861,1.3548857980724007,-3.3380752221658367,-0.014562515650451613
639089883969539868,nan,94.178377781236847,0.0092934360705812513,0.0039075355168127282,0,0,0,1,2,1.3430622284350373,-3.4250140709719523,-0.014562515650720656,1.3468647894989247,-3.4165341839825292,-0.018470051167533384
639089883969739818,nan,69.567129699694632,0.031472095480149828,0.0011884219324606038,0,0,0,1,2,1.3415040319130418,-3.4689714143989359,-0.018470051167909118,1.3369722391920531,-3.5001155253775087,-0.017281629235448515
639089883970039829,nan,77.914545319945333,0.03803914645995847,0.009983688741252477,0,0,0,1,2,1.3221869387425957,-3.6250353090691858,-0.017281629235823572,1.3267151182543939,-3.5872666414502308,-0.027265317977076049
639089883970241152,nan,105.06269254658453,0.016535367644076829,0.0051825547667793612,0,0,0,1,2,1.3198108242934579,-3.6459299767123232,-0.027265317977269089,1.3265531084174738,-3.6610283205922269,-0.022082763210489728
639089883970439912,nan,81.979475197412881,0.011234493480137935,0.0047150613426038268,0,0,0,1,2,1.3263937270546473,-3.7335932781868473,-0.022082763210721109,1.3238689041159137,-3.7445403834153224,-0.017367701868117282
639089883970739829,nan,100.29065884726536,0.040554787750841488,0.00393807144069383,0,0,0,1,2,1.3198319561588054,-3.8701395605016793,-0.017367701868426098,1.3201340785312934,-3.8295858981320752,-0.021305773309119928
639089883971039913,nan,95.586212395817626,0.017218674967570888,0.0043898368202324144,0,0,0,1,2,1.3163949635116259,-3.9147290873461116,-0.021305773309355045,1.3221242404868634,-3.8984915335592918,-0.025695610129587459
639089883971239819,nan,116.05979881248753,0.024107903616688426,0.006627193882622489,0,0,0,1,2,1.3234522883250541,-3.9444727060523963,-0.025695610129823635,1.3223789032467548,-3.9685567020095713,-0.019068416247201146
639089883971539930,nan,89.7295071321535,0.011698978220880021,0.0049273620982702646,0,0,0,1,2,1.3227601798990769,-4.0734570528991538,-0.019068416247463138,1.3226601344045719,-4.0617585024628111,-0.023995778345733403
639089883971739801,nan,102.71381487986372,0.0084619120943153856,0.0046036707695483042,0,0,0,1,2,1.3228476711536536,-4.1239093779250044,-0.023995778345985604,1.3266903386685345,-4.1314484669059093,-0.019392107576437299
639089883971940034,nan,94.610392393409171,0.010422653116693215,0.0064679070067623183,0,0,0,1,2,1.3307129970608078,-4.2010079487493002,-0.019392107576695433,1.3326698325174928,-4.2112452576235295,-0.012924200569933115
639089883972239929,nan,127.38752517313765,0.040258785373000719,0.0037058171959497895,0,0,0,1,2,1.3416197821895595,-4.3306830025155225,-0.012924200570146109,1.3398076808388284,-4.2904650203632064,-0.016630017766095899
639089883972440174,nan,84.882521803875662,0.014768652290086615,0.0026472384270870529,0,0,0,1,2,1.3445801306600911,-4.343432290821637,-0.016630017766364445,1.3465494227941388,-4.3580690588718678,-0.013982779339277392
639089883972739999,nan,92.358183333669203,0.018958838774903359,0.0029020249777946643,0,0,0,1,2,1.3566424886002288,-4.4592791042797764,-0.013982779339517932,1.3586841278968227,-4.4404305160919204,-0.016884804317312596
639089883973039932,nan,103.14329575353847,0.014259552715028505,0.00060068927549123546,0,0,0,1,2,1.3708509432879514,-4.5230099143435591,-0.016884804317541531,1.3672749023257349,-4.5092060462382335,-0.017485493593032767
639089883973239853,nan,88.967007007353942,0.01864696084330739,5.1944630467329334e-06,0,0,0,0,0,1.37301614726999,-4.5551689763568604,-0.01748549359330942,1.3764040304728529,-4.5735055898963228,-0.017480299130262687
639089883973539984,nan,90.013169819804034,0.0096267043742938509,0.0045997087436112014,0,0,0,1,2,1.3900702193366101,-4.6697611899190106,-0.017480299130479035,1.3933531364048366,-4.660711554974263,-0.022080007874090236
639089883973740036,nan,90.404359094584521,0.0081945984733232911,0.0045354976838412643,0,0,0,1,2,1.40463759947672,-4.7187719917028446,-0.022080007874355843,1.405601046160438,-4.726909756422141,-0.017544510190514579
639089883973940578,nan,83.936178880677645,0.010395986418755335,0.00091929761838167173,0,0,0,1,2,1.4178680596423137,-4.7932112107797433,-0.017544510190861198,1.4236102920149236,-4.8018774268512416,-0.016625212572479526
639089883974239846,nan,72.040387001439441,0.032677140582312407,0.0080981799790614713,0,0,0,0,0,1.4504202613258108,-4.9134801535702115,-0.016625212572746181,1.4401261332908155,-4.8824668266826405,-0.024723392551807652
639089883974440094,nan,82.884408215320192,0.014811715550255695,0.0063921291646986886,0,0,0,1,2,1.4511804773369021,-4.9364067342733184,-0.024723392552005397,1.4563944749301143,-4.9502703970880173,-0.018331263387306708
639089883974739916,nan,87.465907821339272,0.012834475918430097,0.0060170414486578824,0,0,0,1,2,1.4806934493364319,-5.0515442244065474,-0.018331263387614833,1.4793259092460782,-5.0387828135832082,-0.024348304836272715
639089883975039876,nan,75.097025646510076,0.02896690785066534,0.003646714005342621,0,0,0,1,2,1.5022225068686523,-5.1271607648778303,-0.024348304836596554,1.4929058562803283,-5.0997330093691486,-0.027995018841939175
639089883975239760,nan,69.431513903270684,0.027418110976457563,0.0057971170966638758,0,0,0,1,2,1.5020643570082186,-5.1408386492558664,-0.02799501884225554,1.5162865091676936,-5.1642797071985038,-0.022197901745591664
639089883975539894,nan,65.039452424245084,0.01769856756711204,0.0013323163710825155,0,0,0,1,2,1.5512877949999508,-5.2609073519070249,-0.022197901745954658,1.5476488685020224,-5.243586915773073,-0.023530218117037174
639089883975739835,nan,63.166702712680156,0.0065137754663215867,0.0015323970246860601,0,0,0,1,2,1.5687067925996498,-5.296836901233509,-0.023530218117704046,1.5721582507171028,-5.3023610941781048,-0.021997821093017986
639089883975939527,nan,67.879056571371152,0.0034995537932149818,0.00069598676979925472,0,0,0,1,2,1.5965410507452131,-5.3608317249875839,-0.021997821093742095,1.5932494146579634,-5.3596434452979818,-0.02130183432394284
639089883976239878,nan,57.775067778060802,0.005067764358915771,0.0059656464774982716,0,0,0,1,2,1.6248849765214566,-5.4455637561741606,-0.021301834324589174,1.6254766762916069,-5.4405306530578414,-0.027267480802087445
639089883976539857,nan,58.575524743236002,0.013954618852558966,0.0035688436184006835,0,0,0,1,2,1.6575482177990293,-5.5210270188546069,-0.027267480802899303,1.6564446595017532,-5.5071161042044228,-0.030836324421299986
639089883976739942,nan,47.147011249077039,0.016163922497257087,0.0031919475823341051,0,0,0,1,2,1.6771333292294728,-5.5515996082832899,-0.030836324422312832,1.6850147629872716,-5.5657118509264265,-0.027644376839978727
639089883977039713,nan,53.588207058343727,0.017274107980246488,0.0068603935331761519,0,0,0,1,2,1.7277526049371716,-5.6533648677805912,-0.027644376840915624,1.7233679466593659,-5.63665649926957,-0.034504770374091775
639089883977239658,nan,54.643659268298194,0.013111235120597413,0.0076060182397711638,0,0,0,1,2,1.7489160144102429,-5.6839146016980147,-0.034504770375064039,1.7573708472899856,-5.6939355940322702,-0.026898752135292876
639089883977439597,nan,60.907960988494011,0.012491385919177204,0.0040938292732142431,0,0,0,1,2,1.7912657567460091,-5.7510327738227618,-0.026898752136496184,1.8002272196387754,-5.7597348945414941,-0.022804922863281941
639089883977707965,nan,60.756812031132007,0.03653444570528834,0.0065427782191569278,0,0,0,1,2,1.8575058396819248,-5.8476773153861572,-0.022804922864561029,1.8304719046287932,-5.8231022858127117,-0.029347701083717957
639089883978039852,nan,60.812154341243833,0.023575402486389108,0.012210065020816639,0,0,0,1,2,1.8677885903599625,-5.9012866354414983,-0.02934770108479999,1.8692482055251649,-5.8777564606447665,-0.041557766105616629
639089883978239767,nan,60.101429174470738,0.028375413495691715,0.012489258213180941,0,0,0,1,2,1.8926201066553299,-5.9106985397239251,-0.041557766106190275,1.9099705869348182,-5.9331512661757966,-0.029068507893009334
639089883978539882,nan,50.649705997009505,0.013712999345033238,0.0041069540675422386,0,0,0,1,2,1.9708937528287742,-6.0160252732993182,-0.02906850789352227,1.9634363067480594,-6.0045173260892328,-0.033175461961064509
639089883978739876,nan,53.150167309347125,0.012130310720040359,0.0035227951582847764,0,0,0,1,2,1.9989273075377871,-6.0518907252989491,-0.033175461961554721,2.007916758693169,-6.0600353066933321,-0.029652666803269945
639089883978939856,nan,49.999980116164856,0.012583582501632495,0.0096759993769819155,0,0,0,1,2,2.0521319502896032,-6.1152222043554012,-0.029652666803595525,2.0540657225230388,-6.1276563136328921,-0.019976667426613609
639089883979239781,nan,59.271755660074035,0.045980018080073598,0.0026197132786535231,0,0,0,1,2,2.1232700644720017,-6.2290598316930224,-0.019976667426871927,2.1082051193901861,-6.1856178071968531,-0.017356954148218404
639089883979539880,nan,63.846079316022134,0.0094773188381195202,0.0010927734164965369,0,0,0,1,2,2.1622484678374927,-6.2434764715792825,-0.01735695414838773,2.1559336556765296,-6.2364094552547558,-0.018449727564884267
639089883979739927,nan,73.550162205417337,0.035132159325297778,0.0063113480958937544,0,0,0,1,2,2.1877659117207302,-6.2702846350043746,-0.018449727565129814,2.2082706039308264,-6.2988122745181396,-0.012138379469236059
639089883980039820,nan,62.00376893279671,0.023937137723479447,0.002178084845608599,0,0,0,0,0,2.2863098381588962,-6.3918606541318157,-0.012138379469469983,2.2737292969356351,-6.3714960636639804,-0.014316464315078582
639089883980239801,nan,85.825372461556611,0.020072096186275333,0.0053061191740009783,0,0,0,1,2,2.317285628180088,-6.4198599867857826,-0.014316464315345176,2.3277960315506152,-6.436960292815205,-0.009010345141344198
639089883980539807,nan,72.459016795271324,0.027485098208701778,0.0005897460542908569,0,0,0,0,0,2.4085653978046699,-6.5347561804068635,-0.0090103451414716706,2.3920049083067014,-6.5128203464557766,-0.0096000911957625275
639089883980739959,nan,91.615675759470506,0.017855753686368485,0.0013049620907360521,0,0,0,1,2,2.4347703501501439,-6.5633458948862557,-0.0096000911958075835,2.450454723224222,-6.5718798494784361,-0.010905053286543636
639089883981039743,nan,99.397272061544314,0.025923984758130836,0.0055472786383673799,0,0,0,0,0,2.5378142722367025,-6.6601506430855899,-0.01090505328656702,2.5205993971450358,-6.6407676334813486,-0.0053577746481996398
639089883981239545,nan,137.18836707367612,0.02108453433356559,0.006677517983235984,0,0,0,1,2,2.5673063934180149,-6.686637708724839,-0.0053577746482068485,2.5842116173453427,-6.6992381449089642,0.0013197433350291353
639089883981539849,nan,144.74814153217542,0.018126730534277061,0.0020504175862249042,0,0,0,0,0,2.6795677691702635,-6.78688675939555,0.0013197433350188837,2.6647874964020271,-6.7763928613229165,0.0033701609212437879
639089883981739992,nan,168.92438078651645,0.020792344243470203,0.00028305575955994483,0,0,0,1,2,2.7184249675920342,-6.8277529448525698,0.0033701609212037596,2.7279742368229081,-6.8462227319735751,0.0036532166807637045
639089883982039889,nan,124.80657305778098,0.026406113073100763,0.0025551700962548936,0,0,0,0,0,2.8223057633113497,-6.9504717919676597,0.0036532166807408738,2.8121956146683216,-6.9260777824152049,0.0010980465844859799
639089883982239701,nan,164.02355866001463,0.024104772652972978,0.0010140603901052888,0,0,0,1,2,2.8682065435723505,-6.9791849111197886,0.0010980465844686324,2.8887997625492363,-6.9917132548579506,8.3986194363343744e-05
639089883982539705,nan,125.8038077836999,0.037498157526626358,2.4444023017141373e-05,0,0,0,1,2,3.0031863856482977,-7.0897212642924856,8.3986194384470222e-05,2.9714877974062412,-7.069688508082911,0.0001084302174016116
639089883982740088,nan,119.51361864943657,0.023928763508334359,0.00029974545953454781,0,0,0,0,0,3.0264374422358551,-7.1215063131331879,0.00010843021745071038,3.0440005518045856,-7.1377581716519716,0.0004081756769852582
639089883983039855,nan,145.45759958272632,0.030052547953784717,0.0061177124997057776,0,0,0,1,2,3.1514145689766453,-7.2385905848207965,0.00040817567716148231,3.1273004707616749,-7.220655537962946,0.0065258881768672601
639089883983239614,nan,121.30136432929555,0.025004641624862409,0.0022792267201184463,0,0,0,1,2,3.1823076983891005,-7.2753969393409097,0.00652588817760751,3.2010379661157682,-7.2919622396302239,0.0042466614574890637
639089883983539691,nan,124.32577791909345,0.03647700571527962,0.012188549619287725,0,0,0,1,2,3.3108311572837517,-7.3981360429323075,0.0042466614580750671,3.2778195948329292,-7.3826180311231875,0.016435211077362791
639089883983739711,nan,108.52947316272108,0.017852924635199389,0.0074656222630864553,0,0,0,1,2,3.3286721195869662,-7.4426594232897276,0.016435211078151886,3.3440698066476906,-7.4516948065804414,0.0089695888150654306
639089883983939711,nan,89.851675541980669,0.019649757349284633,0.0023150172259141727,0,0,0,1,2,3.4098872465308703,-7.5203203459023955,0.0089695888162584312,3.4159016852159891,-7.5390270156003591,0.0066545715903442585
639089883984239627,nan,90.773347895705271,0.050558996289462942,0.0053891091456077017,0,0,0,1,2,3.5228502034354294,-7.6690535516407614,0.0066545715912064629,3.4902719483300046,-7.6303900106740601,0.012043680736814165
639089883984542003,nan,103.60573866295785,0.035266881676562029,0.0061476115804967452,0,0,0,1,2,3.5647461188461298,-7.7218806547713026,0.012043680738648553,3.5466043349322045,-7.6916378271983215,0.018191292319145298
639089883984739879,nan,89.061832719844077,0.040227124788295758,0.0026624651232597073,0,0,0,1,2,3.583218442109767,-7.7314467941864775,0.018191292320954011,3.6005079412084684,-7.7677688920010191,0.015528827197694304
639089883985040488,nan,79.254215752951097,0.016061660353547457,0.0078566634185035442,0,0,0,1,2,3.6816553556798808,-7.8823779042075888,0.015528827199500099,3.6699315486112183,-7.8713993213696494,0.023385490618003643
639089883985239876,nan,96.338165028468438,0.010508196347017352,0.0064566395824380771,0,0,0,1,2,3.7156237175418418,-7.9396052136044712,0.023385490619931937,3.722215692422167,-7.9477886149538266,0.01692885103749386
639089883985539516,nan,86.997935660226418,0.037159037254676015,0.0077519617289775918,0,0,0,1,2,3.8001731516144646,-8.0616876826874346,0.016928851039475099,3.7730271317279964,-8.0363127412290218,0.02468081276845269
639089883985739928,nan,99.895408882330344,0.016593061638097102,0.0090449603899509581,0,0,0,1,2,3.8067019368453918,-8.0949812761343676,0.024680812770232829,3.8201637849266898,-8.1046822214883907,0.015635852380281871
639089883986040167,nan,74.250649675136827,0.023364860380867769,0.012176385013812005,0,0,0,1,2,3.8901118481480519,-8.2061385702757192,0.015635852382201283,3.8717911582427016,-8.1916379143591946,0.027812237396013288
639089883986239909,nan,70.525970804101462,0.021220233078889927,0.0066995175034014268,0,0,0,1,2,3.9055010151301452,-8.2484152356511569,0.027812237397841551,3.9079431756440437,-8.2694944705506206,0.021112719894440125
639089883986540013,nan,77.682466232493013,0.021031962553025987,0.0023456367052357326,0,0,0,1,2,3.9618301035508869,-8.3855447198074362,0.021112719895511861,3.9499438907725013,-8.3681935989612537,0.023458356600747594
639089883986716757,nan,59.24176085987505,0.028990052423053726,0.013393801905574321,0,0,0,1,2,3.9744949248216188,-8.4258870371519254,0.023458356602049084,3.9935531944739262,-8.4477320708518615,0.010064554696474763
639089883987039647,nan,65.152656148253826,0.065215822282647135,0.012630518326232182,0,0,0,1,2,4.0725280979951446,-8.5917734246600546,0.010064554697515543,4.0323751850756331,-8.5403842520642641,0.022695073023747726
639089883987240436,nan,86.357868735312877,0.0031210620849209491,0.011078796521942847,0,0,0,1,2,4.0563526666986229,-8.5976086740456719,0.022695073024401012,4.054685828418342,-8.600247362865014,0.011616276502458165
639089883987539854,nan,71.493843740170036,0.0077395808273381895,0.0058171452544638416,0,0,0,1,2,4.0876943684899345,-8.6888146830145914,0.011616276503612279,4.0814558895620872,-8.6933953480372388,0.01743342175807612
639089883987741544,nan,79.510143973487033,0.018671283533522848,0.004144971133092621,0,0,0,1,2,4.0992733896448206,-8.7553923761575998,0.01743342175926172,4.1032205289199597,-8.7736416753313176,0.013288450626169099
639089883988039975,nan,76.751318099384733,0.03033361634773387,0.0024541971679047682,0,0,0,1,2,4.1351669771064028,-8.8914283794847861,0.013288450626769518,4.1270569757179079,-8.8621990079860673,0.015742647794674287
639089883988239842,nan,64.69541297670429,0.012901911608351095,0.0043320934189180933,0,0,0,1,2,4.1429115809863086,-8.9211021475674386,0.015742647795467274,4.1481412030393674,-8.932896653760233,0.011410554376549181
639089883988539969,nan,70.789877455356063,0.014382151064635626,0.0046493441487642072,0,0,0,1,2,4.1795059316182748,-9.0380659083440875,0.011410554377034534,4.1724290033434013,-9.0255453909650694,0.016059898525798741
639089883988740100,nan,86.67865226966579,0.012624181395650011,0.0065521918802117218,0,0,0,1,2,4.1884545307349672,-9.0866766938119365,0.016059898526041946,4.1846679307428714,-9.09871960111915,0.0095077066458302238
639089883989040094,nan,58.449623007224098,0.017499170336373202,0.00434318967799752,0,0,0,1,2,4.2028479411858983,-9.2074144124650363,0.0095077066463381751,4.1984379577126942,-9.1904800388944707,0.013850896324335695
639089883989239855,nan,87.135634420944115,0.0005619620852857632,0.0022605572270475247,0,0,0,1,2,4.2075105576502629,-9.2509378538178613,0.013850896324871052,4.2071668546425407,-9.2504932532917916,0.011590339097823527
639089883989539914,nan,64.320166696818958,0.0014113194337709413,0.0043800904293763553,0,0,0,1,2,4.2201363139776005,-9.3396613291606805,0.01159033909823177,4.2214902610035949,-9.3392630202416989,0.015970429527608125
639089883989739968,nan,47.312366238049286,0.018641646411011067,0.0069843586884376849,0,0,0,1,2,4.2309466708469312,-9.3978694213180685,0.015970429528176292,4.2322559861431177,-9.4164650303257975,0.0089860708397386073
639089883990039743,nan,58.054416165517061,0.035255898979499822,0.0084611994828088753,0,0,0,1,2,4.2482436296700392,-9.5311138998436622,0.0089860708404608282,4.2306005077487026,-9.5005901605294572,0.017447270323269704
639089883990239903,nan,66.066088492692202,0.014325934928781626,0.0072143990209885423,0,0,0,1,2,4.2295090877298938,-9.5560519844341876,0.017447270323856009,4.2193952732169198,-9.5661980756806155,0.010232871302867467
639089883990540010,nan,59.391461923378031,0.021707043890508013,0.0035070553252733762,0,0,0,1,2,4.2028056118147443,-9.6633324189710788,0.010232871303378091,4.2134915425624273,-9.6444377996703317,0.013739926628651467
639089883990739953,nan,61.049140592100407,0.023397592698387471,0.006268154865811385,0,0,0,1,2,4.2096002149440075,-9.6960079705735431,0.013739926629152393,4.2153132278337218,-9.7186973695916219,0.0074717717633410079
639089883991039945,nan,45.225598537508574,0.017102932949211273,0.002446280075740606,0,0,0,1,2,4.2180186614164459,-9.8289822456179667,0.0074717717641809454,4.2145999975102031,-9.812224469734474,0.0099180518399215514
639089883991240360,nan,55.472042695776608,0.016556356290106825,0.0026640961097253836,0,0,0,1,2,4.2141290861894811,-9.8739758686855286,0.0099180518407140927,4.1976403769606048,-9.8724807427475127,0.0072539557309887091
639089883991540246,nan,57.505601861234176,0.019828650247142865,0.0051403443257511082,0,0,0,1,2,4.1724595856932698,-9.9619462251179201,0.0072539557319617129,4.1799703350023307,-9.9435950939418873,0.012394300057712821
639089883991739902,nan,58.649024201298339,0.014373968580913568,0.00074651101166746739,0,0,0,1,2,4.1683909588712389,-9.9901971236791542,0.012394300058657581,4.1627930417269683,-10.003436243605002,0.011647789046990114
639089883992039918,nan,59.498944489515353,0.016059333083036757,0.007270720641760469,0,0,0,1,2,4.1373984358251867,-10.091904338551251,0.011647789048259787,4.1521064404952828,-10.085456332836586,0.018918509690020256
639089883992239435,nan,48.25028413470752,0.011039880996533854,0.0045564290443457119,0,0,0,1,2,4.1450725327825513,-10.139441854120417,0.018918509691031885,4.1404286421143341,-10.149457504467712,0.014362080646686173
639089883992539510,nan,47.862472386739867,0.020069623864539567,0.0031134600473180368,0,0,0,1,2,4.1230036819372726,-10.244956487287714,0.014362080647851189,4.1107323422826143,-10.229075554533493,0.017475540695169225
639089883992739810,nan,54.755082811988444,0.004025192953493106,0.0030410555455281235,0,0,0,1,2,4.091120176223745,-10.281657271044368,0.017475540696409195,4.0872825139024167,-10.280442970331897,0.014434485150881072
639089883993039859,nan,60.53840203230466,0.005903380362904726,0.0037024996264990225,0,0,0,1,2,4.0527489761619933,-10.356089519353134,0.014434485151899419,4.0520485174522713,-10.350227842348632,0.018136984778398441
639089883993239459,nan,57.040917551098254,0.017012475995445055,0.0092113590157885412,0,0,0,1,2,4.0289256138092435,-10.396025340048537,0.018136984779482584,4.0264897478942521,-10.412862527959224,0.0089256257636940433
639089883993539914,nan,38.756281511565071,0.021581921131462158,0.0072402977807233919,0,0,0,1,2,3.9883598281761561,-10.50630425364475,0.0089256257647511127,4.0052759753096918,-10.492901892439304,0.016165923545474505
639089883993740000,nan,49.240290869739709,0.010705644071976415,0.0069923673544506557,0,0,0,1,2,3.991374366229302,-10.545352532777306,0.016165923546646869,3.9851097388196677,-10.554033849406384,0.0091735561921962132
639089883994039919,nan,42.660263224553198,0.027469893270027336,0.0098470036576364488,0,0,0,1,2,3.95517713470965,-10.64477158657769,0.0091735561933032131,3.9492680436143215,-10.617944777622956,0.019020559850939662
639089883994239943,nan,41.52448554920305,0.02652158378536754,0.013733222044358626,0,0,0,1,2,3.9257414274756153,-10.659896138087497,0.019020559852121477,3.9070165789366755,-10.67867842904675,0.005287337807762851
639089883994540129,nan,47.915118703608442,0.034088292347685629,0.0092502968960772765,0,0,0,1,2,3.8443030155923243,-10.76882497721399,0.0052873378091701142,3.8574206443389865,-10.737361673330799,0.014537634705247391
639089883994739846,nan,56.481691655868801,0.01305821256244359,0.01091898800880323,0,0,0,1,2,3.824780281290443,-10.775982629137669,0.014537634707208561,3.8252719165925706,-10.789031583504041,0.0036186466984053324
639089883995039831,nan,55.219417260422105,0.01789059107413549,0.010286556818057256,0,0,0,1,2,3.7773784968664557,-10.866006595226352,0.0036186466995261094,3.7859256282247458,-10.850289731845701,0.013905203517583365
639089883995239872,nan,42.820017495173005,0.015041624344576243,0.0070411090823985839,0,0,0,1,2,3.760111548906897,-10.890479614189196,0.013905203518781703,3.7508588502318423,-10.902338704801549,0.0068640944363831191
639089883995539831,nan,49.532471605614603,0.016521927506421161,0.0054145313016367965,0,0,0,1,2,3.6987833241504831,-10.979633449394814,0.0068640944381914695,3.7090499873719738,-10.966688577250837,0.012278625739828266
639089883995739763,nan,45.483901258654157,0.03030453072511408,0.0094401665004074375,0,0,0,1,2,3.6817644234235702,-11.008684997140842,0.012278625741387788,3.6541004298877895,-11.021057064232547,0.0028384592409803505
639089883996040146,nan,43.014788563057756,0.038696222014721657,0.0045576145508189198,0,0,0,1,2,3.572227012664873,-11.102064701458989,0.0028384592425710008,3.5999679072163171,-11.075086184678071,0.0073960737933899201
639089883996239757,nan,40.416656237743624,0.006024068257939501,0.0042025899810557311,0,0,0,1,2,3.5644405495698868,-11.110545679094017,0.00739607379477934,3.5593367706981174,-11.113745810279514,0.0031934838137236085
639089883996540176,nan,59.934879145631321,0.025337125389932939,0.0028328185266946271,0,0,0,1,2,3.4988918405603,-11.171257821236598,0.003193483815084463,3.5237262033304959,-11.166235436462062,0.0060263023417790901
639089883996739823,nan,30.585172729068262,0.031283531948696014,0.0044430372613150611,0,0,0,1,2,3.500323984410771,-11.200730077062913,0.0060263023427713823,3.4693928048846114,-11.205412117676318,0.001583265081456321
639089883997039412,nan,35.42434807048145,0.012445993246423205,0.00098808875465419593,0,0,0,1,2,3.3893260877302978,-11.263143611445306,0.0015832650827186945,3.3944907940995606,-11.251819806607298,0.0025713538373728904
639089883997240096,nan,45.239693889714026,0.0065406645609701278,0.0054039722692773608,0,0,0,1,2,3.3449719135539047,-11.282500649224033,0.0025713538386980838,3.3510761765172195,-11.284849748322376,-0.0028326184305792769
639089883997539977,nan,43.702420963855992,0.014295143651323464,0.0066333755495755539,0,0,0,1,2,3.2866211824088318,-11.333887257281379,-0.0028326184288442933,3.3002290563419123,-11.329508113639825,0.0038007571207312606
639089883997739906,nan,40.92983745476424,0.02879059389361523,0.0099163653984941785,0,0,0,1,2,3.2667751734624195,-11.358890224519826,0.0038007571223258514,3.2384379856211538,-11.363979633325954,-0.0061156082761683267
639089883998039982,nan,35.617566067813975,0.033705272635433631,0.010088451189440618,0,0,0,1,2,3.1470219616579969,-11.414978090431745,-0.0061156082752435205,3.1759921313932051,-11.397750941249651,0.0039728429141970972
639089883998241241,nan,36.235983467672398,0.0029048997868230653,0.0072142203467443376,0,0,0,1,2,3.1344678042477421,-11.420207689671008,0.0039728429157545866,3.1350607340120877,-11.423051433166128,-0.003241377430989751
639089883998539911,nan,48.561630300674054,0.0038076951940214203,0.0077650933560055833,0,0,0,1,2,3.0747323758549907,-11.460341563372923,-0.0032413774293921817,3.0715170871258559,-11.45830184253936,0.0045237159266134017
639089883998739887,nan,40.678207508241435,0.015320574507665245,0.0077490423276871338,0,0,0,1,2,3.0295140157509,-11.481602762984659,0.0045237159278899274,3.0144771384283513,-11.484537439053929,-0.0032253263997972063
639089883999039990,nan,43.275514237997825,0.023892502892805451,0.0066402057704413493,0,0,0,1,2,2.9296641082003974,-11.523547299529765,-0.0032253263985047376,2.9506886092442204,-11.512197319338549,0.0034148793719366117
639089883999239791,nan,58.703265942410013,0.010779863883027594,0.0049520968232571651,0,0,0,1,2,2.9087308532238381,-11.530390974583131,0.00341487937320496,2.898517614727961,-11.53383992003978,-0.0015372174500522051
639089883999541452,nan,39.848550649880664,0.0079315586493392525,0.007264624534903192,0,0,0,1,2,2.8204628214882517,-11.566220148528192,-0.0015372174485500122,2.81777340377359,-11.558758469430028,0.0057274070863531801
639089883999739796,nan,35.600450221014853,0.012739095208729297,0.011273014274470288,0,0,0,1,2,2.7655230126571011,-11.574883513396731,0.0057274070875351305,2.7534928920005242,-11.570692959289543,-0.0055456071869351576
639089884000039858,nan,40.887491475654429,0.031294303282774209,0.0086343107800611694,0,0,0,1,2,2.6573602343745364,-11.588541202807827,-0.0055456071857685535,2.6885807948707785,-11.586394107035687,0.0030887035942926159
639089884000339629,nan,41.254456181709379,0.01249372606534844,0.0072513789127539221,0,0,0,1,2,2.6241328818714225,-11.601982976424869,0.0030887035956242096,2.6364030670940011,-11.604335792949714,0.010340082508378132
639089884000539909,nan,41.248995072456275,0.034547032981611873,0.0095360136087250177,0,0,0,1,2,2.6017945329359966,-11.616236185631898,0.010340082509735265,2.5673201695048826,-11.61847577350739,0.00080406890101024711
639089884000739721,nan,41.371188777694435,0.017125679059422014,0.0085364605746537786,0,0,0,1,2,2.4994660070189627,-11.632364254908602,0.00080406890227896195,2.4828645306807093,-11.628159511558914,-0.0077323916723748163
639089884001039567,nan,47.77078157507583,0.069550729321128366,0.011650340459259025,0,0,0,1,2,2.3577450274219416,-11.642505794549175,-0.0077323916709420197,2.4267704818802081,-11.633974054636903,0.0039179487883170064
639089884001240035,nan,46.915289380093569,0.0071846394785313053,0.0069679471543659778,0,0,0,1,2,2.389447445273376,-11.637842850147164,0.0039179487898917086,2.383854539982289,-11.642352667753388,-0.0030499983644742693
639089884001539452,nan,37.198579671763142,0.016283061263017012,0.0053813182267921159,0,0,0,1,2,2.3204287576731288,-11.654735480947675,-0.0030499983635116799,2.3070662619768578,-11.645430547156277,0.0023313198632804355
639089884001839858,nan,39.032812329690877,0.0072126209796728596,0.0030703028974309859,0,0,0,1,2,2.2311346366143927,-11.64847408963179,0.0023313198642475963,2.2381514366684692,-11.646804832791897,0.0054016227616785822
639089884002039818,nan,55.607482194011773,0.014958272919339908,0.0056177377314989849,0,0,0,1,2,2.1932306583309984,-11.647700633951283,0.0054016227629749784,2.17855821011814,-11.650610821603385,-0.00021611496852400625
639089884002240315,nan,61.917292739003884,0.023619516301178377,0.0055594730005506668,0,0,0,1,2,2.1196011082349728,-11.65437618359357,-0.00021611496703218886,2.0959816228027122,-11.654414370199301,-0.0057755879675828554
639089884002539709,nan,54.330679032004866,0.047516066535661004,0.010273676519530473,0,0,0,1,2,1.9739231336772698,-11.660036489131867,-0.0057755879663652556,2.0175083847962729,-11.641112893704074,0.0044980885531652175
639089884002740414,nan,66.153371394703839,0.0052433165644785061,0.0085047287755087367,0,0,0,1,2,1.965293079065966,-11.632262224616024,0.004498088554131789,1.9697006108715107,-11.629422148564499,-0.0040066402213769477
639089884003039797,nan,60.676074117874201,0.013448157606063845,0.0073766466181045707,0,0,0,1,2,1.8990747328372815,-11.612151544380831,-0.0040066402200447555,1.901008827745458,-11.625459895889703,0.0033700063980598152
639089884003339386,nan,58.491235616209103,0.00068964938035477943,0.0089376151335360567,0,0,0,1,2,1.8326241645406416,-11.621515358386562,0.0033700063999727928,1.8326527283737493,-11.620826300787183,0.012307621533508849
639089884003539856,nan,43.845262604801825,0.028678820932790332,0.0052046033423622509,0,0,0,1,2,1.787565654412306,-11.617770022751792,0.012307621534751789,1.766450171533914,-11.598363550818249,0.0071030181923895383
639089884003840240,nan,59.106433519294164,0.027294657695049601,0.0070898199368214544,0,0,0,1,2,1.6682653482767229,-11.565049110397071,0.0071030181937122745,1.6914113553850643,-11.579514956159782,0.014192838130533729
639089884004040064,nan,59.376379195176533,0.015744616882192381,0.006399467480216435,0,0,0,1,2,1.6420301730420266,-11.56711116386256,0.014192838132322754,1.6267462517225233,-11.563330329316292,0.0077933706521063194
639089884004239760,nan,42.526155399128818,0.010141318232440095,0.0047194663325804158,0,0,0,1,2,1.5634055852462412,-11.547477187623574,0.0077933706537964007,1.5558268922132772,-11.540738512130295,0.0030739043212159849
639089884004539735,nan,60.049429375471689,0.031041463469957346,0.0016855568960551372,0,0,0,1,2,1.4502492830431937,-11.507106087051861,0.0030739043217964022,1.480744138486725,-11.512905763407902,0.0047594612178515393
639089884004739848,nan,57.605671433972205,0.0052460328798028385,0.0091732558767135992,0,0,0,1,2,1.4310352162620623,-11.494478949354454,0.0047594612189188921,1.4260075229656377,-11.492981230724984,-0.0044137946577947071
639089884005039835,nan,62.515127339453137,0.0085306732671444896,0.0076013168542519386,0,0,0,1,2,1.3448741165964129,-11.463448071038535,-0.0044137946561736236,1.3504959181332707,-11.469864279722092,0.0031875221980783154
639089884005339895,nan,42.679655239927854,0.017494322871219201,0.005039097627865855,0,0,0,1,2,1.2757924007468311,-11.446994714772442,0.0031875221993002767,1.2897642066493407,-11.436466658325735,0.0082266198271661317
639089884005541536,nan,55.387359649418528,0.022956229274654495,0.0040395589451812366,0,0,0,1,2,1.2494400714880682,-11.414291584277178,0.0082266198284238722,1.2291482972329559,-11.403556950604338,0.0041870608832426355
639089884005739800,nan,53.316938903460937,0.023755547741809342,0.0050274731337905205,0,0,0,1,2,1.1701796754596634,-11.371541591501797,0.0041870608848627918,1.147586889291397,-11.364200470220387,-0.00084041224892772838
639089884006039769,nan,79.395345180929553,0.048806875137866468,0.0085158383668547024,0,0,0,1,2,1.025265173153701,-11.305175591381195,-0.00084041224745101152,1.067862265339292,-11.328999923440154,0.0076754261194036909
639089884006239706,nan,59.698392751414836,0.014429167393720421,0.006689921219574217,0,0,0,1,2,1.0151413021178715,-11.305722212738258,0.0076754261204865313,1.0172531737175643,-11.291448430127387,0.00098550490091231405
639089884006539876,nan,62.361929618664924,0.011803940776209497,0.0059412776226655519,0,0,0,1,2,0.94242198213654738,-11.23592435529822,0.00098550490231345562,0.94885402419585085,-11.245821923322518,0.0069267825249790076
639089884006839966,nan,54.17989825025969,0.0034618163789434265,0.00013920808573937397,0,0,0,1,2,0.88128747350404635,-11.200750811963999,0.0069267825258618161,0.87807039451688529,-11.202029317119205,0.0067875744401224422
639089884007039616,nan,48.494887562366053,0.017533213429932113,0.0033901303354187591,0,0,0,1,2,0.83143990103864795,-11.173179838119324,0.0067875744414816986,0.81485386983386954,-11.167495021318963,0.0033974441060629396
639089884007279823,nan,55.876093691234701,0.017766812883555531,0.0018270187468233598,0,0,0,1,2,0.73955148695578632,-11.126358391651095,0.0033974441071635691,0.74388638209534286,-11.109128524438365,0.0052244628539869289
639089884007539646,nan,57.207236486718664,0.015002871516536311,0.002199123516815111,0,0,0,1,2,0.66786491449029473,-11.046605432622339,0.0052244628547820863,0.68020817953615464,-11.055133618933001,0.0030253393379669753
639089884007739783,nan,48.361130070576706,0.011322885428055117,0.0049907491515168659,0,0,0,1,2,0.63166701229274447,-11.013973918547427,0.0030253393387419236,0.62232423308328988,-11.007577027813621,-0.0019654098127749428
639089884008039619,nan,54.25658301179422,0.0091153701664231888,0.0026287346453470013,0,0,0,1,2,0.53638912502098834,-10.936974018734992,-0.0019654098120765978,0.54493984472787138,-10.940132367316963,0.0006633248332704036
639089884008339494,nan,39.272000269263721,0.021684016545528869,0.0057943339007368233,0,0,0,1,2,0.46835271935543826,-10.873382564431209,0.00066332483376697665,0.48462673772231057,-10.88771270398885,0.0064576587345037996
639089884008539470,nan,47.337026123170389,0.023141940140662006,0.0043275802518557708,0,0,0,1,2,0.44498818312459837,-10.853261822746179,0.0064576587350592017,0.42942318453270112,-10.836136396844665,0.0021300784832034309
639089884008840310,nan,41.593805314331888,0.0083513734149287099,0.00028956328272036953,0,0,0,1,2,0.34724280878874225,-10.759355826470207,0.0021300784838811783,0.35461906086840317,-10.763271990814674,0.0018405152011608087
639089884009039639,nan,54.617186529307801,0.022565014700092492,0.0018547237343834284,0,0,0,1,2,0.30557207688433968,-10.715496825750252,0.0018405152019538267,0.29210096433444283,-10.697394090733592,-1.4208532429601671e-05
639089884009239505,nan,45.892126073417209,0.0064383560647450627,0.0047879044066664236,0,0,0,1,2,0.23020367001251618,-10.632170355580136,-1.4208531483270344e-05,0.22700362388384085,-10.626583573537602,-0.0048021129381496941
639089884009539854,nan,51.963899383758715,0.049259988150904224,0.0051128590012052303,0,0,0,1,2,0.1304236677780439,-10.521527413097266,-0.0048021129373848025,0.16393225647962195,-10.55763448880073,0.00031074606382042804
639089884009839887,nan,44.786326550569612,0.018098736596726665,0.0056334071971025565,0,0,0,1,2,0.1014857435888805,-10.489368489726514,0.00031074606442887731,0.11698848543364118,-10.498708150410522,0.0059441532615314334
639089884010040161,nan,67.243727354728406,0.046741571748091799,0.011477954140250126,0,0,0,1,2,0.086002323076359452,-10.459812658041775,0.005944153262208777,0.062818752539541764,-10.419225756378228,-0.005533800878041349
639089884010344491,nan,43.401210746649255,0.03046358625566168,0.016169264418997024,0,0,0,1,2,-0.018970981085342023,-10.299216971242101,-0.0055338008774481031,-0.007957326911832133,-10.327619955404025,0.010635463541548922
639089884010539450,nan,58.697283197264539,0.017831804591113234,0.0081992659597174902,0,0,0,1,2,-0.053062905659560615,-10.269239600040748,0.010635463541961283,-0.063356866988422175,-10.254679118759707,0.0024361975822437933
639089884010839535,nan,95.163135684033747,0.034410606132986479,0.0090736791254054233,0,0,0,1,2,-0.1478844106189518,-10.14338740508526,0.0024361975832718138,-0.12419009012831271,-10.168340741353711,0.011509876708677237
639089884011039654,nan,129.45205851423478,0.029882069125275589,0.00031301872934063647,0,0,0,1,2,-0.16456066109825396,-10.111044260703935,0.011509876709181206,-0.17164590316519027,-10.082014320985419,0.011196857979840569
639089884011239414,nan,133.84630130809899,0.0086646029176058858,0.0054268639904212655,0,0,0,1,2,-0.21851687886751925,-9.9967517726774382,0.01119685798028682,-0.22674282344060001,-9.9940297918545102,0.0057699939898655543
639089884011539427,nan,133.71548310656084,0.04909286704415116,0.0087119045181393157,0,0,0,1,2,-0.3088143220276468,-9.8629694327245616,0.0057699939907574129,-0.28818956029503184,-9.9075197278760818,0.014481898508896729
639089884011839499,nan,129.916591584055,0.012519394761701323,0.00014272673602609524,0,0,0,1,2,-0.34921322134915234,-9.8216053068304809,0.014481898509097922,-0.33670869332773201,-9.8222152446640578,0.014624625245124017
639089884012039728,nan,126.34883138608606,0.0086678495331556551,0.0021415897882955497,0,0,0,1,2,-0.36870561118366374,-9.7659594879868248,0.014624625245377457,-0.3739374025604405,-9.7590486288130815,0.012483035457081907
639089884012339725,nan,129.09982763098861,0.016899443608982746,0.0017791113725047093,0,0,0,1,2,-0.42935854101086657,-9.6650145933959699,0.012483035457456826,-0.42895811755859875,-9.6481198943648518,0.014262146829961535
639089884012539482,nan,110.73930781925318,0.048739484257180846,0.0068899219989310475,0,0,0,1,2,-0.46539802817484038,-9.5746524163758515,0.014262146830167067,-0.48447805531539956,-9.5298027799227931,0.0073722248312360194
639089884012839916,nan,123.25891389787607,0.074985911250309081,0.0014186697792875919,0,0,0,1,2,-0.56734000588586331,-9.3532178037024831,0.0073722248314309589,-0.53336424254341064,-9.4200649008072705,0.0087908946107185509
639089884013039736,nan,98.482337233237203,0.011491481791582121,0.011813550443352744,0,0,0,1,2,-0.56562056846679187,-9.3476571104762076,0.0087908946108116431,-0.57088529064674309,-9.3374425691681413,-0.0030226558325411011
639089884013339652,nan,132.93526034738576,0.0097598427436013969,0.0065400689440481725,0,0,0,1,2,-0.62690060706279538,-9.2140953738272202,-0.0030226558321815151,-0.61967369361164593,-9.2075359338854703,0.0035174131118666575
639089884013539455,nan,107.12056366349167,0.019108393418111443,0.011083040868423665,0,0,0,1,2,-0.6519823942452232,-9.1215090435877411,0.0035174131121767831,-0.65636175810628927,-9.1029092621053227,-0.0075656277562468812
639089884013839781,nan,110.37018674825536,0.062589918833213562,0.0051542254082351593,0,0,0,0,0,-0.7111896339318815,-8.9465516496931308,-0.0075656277561425697,-0.69304660520104078,-9.0064543077979273,-0.0024114023479074103
639089884014039559,nan,114.21786451250044,0.029209203387063173,0.0097855022955487172,0,0,0,1,2,-0.71727275857542072,-8.942756822273882,-0.0024114023477983058,-0.7300238772497406,-8.9164778090682795,-0.012196904643347023
639089884014339522,nan,124.68948420952177,0.0063281441606670517,0.0037173952198150343,0,0,0,1,2,-0.78512282781824339,-8.7824059757187953,-0.012196904643079726,-0.78013326357865809,-8.7785137196612837,-0.0084795094232646921
639089884014544694,nan,181.30344100652084,0.004426309118831467,0.0074984711173429162,0,0,0,1,2,-0.8141096706924138,-8.6849678909815662,-0.0084795094231639688,-0.81506023814922046,-8.6892909262492353,-0.015977980540506885
639089884014840101,nan,158.27186364290432,0.017728509344771676,0.00021820126664806594,0,0,0,0,0,-0.86507330490495549,-8.5615299169458154,-0.015977980540429506,-0.85013497422806406,-8.571076975140647,-0.016196181807077572
639089884015039544,nan,165.98406734409477,0.026892398055102389,0.0028048357872431026,0,0,0,1,2,-0.87367112411298142,-8.4917520369422306,-0.016196181806836116,-0.88340727155649978,-8.4666839595107213,-0.019001017594079218
639089884015339488,nan,167.74930765373881,0.019686880220349059,0.00025340673666861269,0,0,0,0,0,-0.93309743390586952,-8.310779308756171,-0.019001017594041162,-0.92672078405894354,-8.3294048715541127,-0.018747610857372549
639089884015539277,nan,156.11456388942278,0.029335423666674212,0.00040374513973381529,0,0,0,1,2,-0.95533588421592697,-8.2387113529641329,-0.018747610857262158,-0.96060745615169996,-8.2098534665025564,-0.018343865717528343
639089884015762866,nan,168.14724904970356,0.027762623271009177,0.0042158851900320655,0,0,0,0,0,-0.9982625918514072,-8.0770070079307423,-0.018343865717481395,-1.0013244598092095,-8.0494137439792457,-0.02255975090751346
639089884016039731,nan,163.08020522622559,0.050359866204648371,0.00047582013252268213,0,0,0,1,2,-1.0513576458575726,-7.8522648929960503,-0.022559750907505078,-1.0400007673458325,-7.9013274799092947,-0.022083930774982396
639089884016339459,nan,153.5128530043541,0.067205882942448864,0.0012169963808780632,0,0,0,0,0,-1.081597480413595,-7.7420593845782761,-0.022083930774973705,-1.0633999045650613,-7.8067546621131241,-0.023300927155851768
639089884016539433,nan,171.82345053027876,0.020907332356395726,0.0011141856934131569,0,0,0,0,0,-1.0789704996931568,-7.7438226384991413,-0.023300927155838355,-1.083061748276327,-7.7233195111452106,-0.022186741462425198
639089884016839451,nan,153.33537778966416,0.045346048520092115,0.0012334221255561502,0,0,0,1,2,-1.1124348627681642,-7.5986745247434504,-0.022186741462430482,-1.1192092548268431,-7.5538373556911802,-0.023420163587986632
639089884017039771,nan,148.47862047685962,0.023712830254121058,0.00097878576710075729,0,0,0,0,0,-1.1431784742713942,-7.4414546393249479,-0.023420163587972123,-1.1472565719736236,-7.4180951136920967,-0.02439894935507288
639089884017339420,nan,141.50470496027566,0.038952945255430027,0.0039744770726848518,0,0,0,1,2,-1.1889322259245807,-7.2163950125924003,-0.024398949355057976,-1.1781456680178515,-7.2538247081909129,-0.020424472282373124
639089884017539306,nan,139.06301254133544,0.025990715315806205,0.00189585093132923,0,0,0,0,0,-1.1986493959049958,-7.1447844277798414,-0.020424472282370296,-1.2047638827198011,-7.1195231860522687,-0.022320323213699526
639089884017839506,nan,143.9032675749782,0.061913042209573478,0.0017210167356125176,0,0,0,1,2,-1.2445408717384217,-6.9188294043276208,-0.022320323213665543,-1.2288454364995793,-6.9787199554046291,-0.020599306478053026
639089884018039685,nan,138.64172580902911,0.028762104077967518,0.0027541160591092809,0,0,0,0,0,-1.2448383547014659,-6.8852104347606584,-0.020599306478043512,-1.2381256816170283,-6.9131782493169176,-0.023353422537152793
639089884018339572,nan,130.58187122551814,0.013685127461171393,0.0035156507116206499,0,0,0,0,0,-1.2520272935304373,-6.8149981527092383,-0.023353422537140713,-1.2568974817687528,-6.8022089392794811,-0.019837771825520063
639089884018539376,nan,158.70171536276339,0.050680434374864719,0.0058842183276039024,0,0,0,1,2,-1.2693861317335873,-6.7283824091281144,-0.01983777182551693,-1.2660955134144414,-6.7789559027735278,-0.025721990153120832
639089884018839437,nan,144.26005892665813,0.039407628939141605,0.0042838896935029,0,0,0,0,0,-1.2800713319946784,-6.7436244066268314,-0.02572199015310284,-1.2696438279972293,-6.7816274114947133,-0.02143810045959994
639089884019039296,nan,221.61115879800695,0.035043256743102595,0.00051857030846120047,0,0,0,0,0,-1.2716244793267297,-6.7831186342081828,-0.021438100459597279,-1.2731490292898799,-6.7481085557939195,-0.020919530151136078
639089884019339697,nan,226.63644697819021,0.09882257948752568,0.00038741706608711596,0,0,0,1,2,-1.2784475129748807,-6.6974412487713755,-0.020919530151072202,-1.2707235372343295,-6.7959615127546176,-0.021306947217159318
639089884019539597,nan,169.26964829254393,0.014731112535978442,0.0055068690006517367,0,0,0,0,0,-1.2691505539411543,-6.8269951752463021,-0.02130694721712479,-1.2684903330964901,-6.8417114854150887,-0.015800078216473053
639089884019839608,nan,184.78729522439045,0.10538706262693874,0.0023371308173377112,0,0,1,0,0,-1.2652200335122317,-6.9087076520602562,-0.015800078216510766,-1.2765842234274007,-6.8039350976545041,-0.018137209033848477
639089884020039084,nan,199.84036707087066,0.048531670269116679,0.0031305458528719417,0,0,0,1,2,-1.2821294530662524,-6.7780540025945992,-0.018137209033888012,-1.2925823328605461,-6.7306613837271394,-0.021267754886759953
639089884020339630,nan,161.32412206871851,0.062950379799861053,0.00048511788892489568,0,0,0,0,0,-1.316674380560668,-6.6203162321028035,-0.021267754886778321,-1.3232013173034414,-6.5577051355327658,-0.020782636997853425
639089884020539392,nan,164.24274023506229,0.014961064702793897,0.0023578508004407396,0,0,0,1,2,-1.3434654803240482,-6.4432397581659941,-0.020782636997869714,-1.3434453056530187,-6.4282787070657594,-0.023140487798310454
639089884020839355,nan,153.39567167082728,0.015304161766950644,0.0018151931107761865,0,0,0,0,0,-1.373695138635145,-6.2348816463189918,-0.023140487798313344,-1.3774555700137157,-6.2497166226666661,-0.021325294687537157
639089884021039509,nan,153.08365088577472,0.020170514490660815,0.0013128463900381401,0,0,0,1,2,-1.4000496167962093,-6.1310924318722249,-0.021325294687542892,-1.4060058211384221,-6.1118213840374089,-0.020012448297504752
639089884021339689,nan,138.75614058856351,0.071440272035795241,0.00083199432964791917,0,0,0,0,0,-1.4485958007579693,-5.906115473528958,-0.020012448297525989,-1.4340746191602955,-5.9760643673983811,-0.020844442627173908
639089884021539449,nan,154.07250210470218,0.035188282788547173,0.0016323908956214252,0,0,0,1,2,-1.4526969528490803,-5.8859959411524203,-0.020844442627191411,-1.4577070488296571,-5.8511661524095615,-0.019212051731569986
639089884021839861,nan,141.80511038952591,0.033456176597931694,0.00062575742554999217,0,0,0,0,0,-1.4930607171947174,-5.6643207821331654,-0.019212051731602165,-1.4823599376483438,-5.6960195056035499,-0.019837809157152157
639089884022039720,nan,180.78030371832463,0.027430379037700153,0.00048354295928756605,0,0,0,1,2,-1.4987212082688639,-5.5930540360016545,-0.019837809157184909,-1.5058611402256263,-5.5665691900363727,-0.019354266197897343
639089884022339714,nan,146.99785864608998,0.050961846374462334,0.0087455689776152618,0,0,0,0,0,-1.5410027211291482,-5.3730008514574887,-0.019354266197960185,-1.5328204810183723,-5.4233015545605658,-0.028099835175575447
639089884022639655,nan,152.80258685785716,0.023673549086891815,0.00010564450990000959,0,0,0,1,2,-1.5597076869479369,-5.2804172589951373,-0.02809983517557681,-1.5556368887935581,-5.303738183692837,-0.02820547968547682
639089884022839607,nan,125.23387719175012,0.052901679402416232,0.00016806577987188084,0,0,0,0,0,-1.5708277635711705,-5.2241344085176671,-0.028205479685482263,-1.5821430815387933,-5.1724570318148233,-0.028037413905610382
639089884023039460,nan,135.19237743027188,0.040591108981723495,0.0033519645018625158,0,0,0,1,2,-1.6085530205286422,-5.0416526101862713,-0.028037413905617498,-1.6166146854978347,-5.0018701054097914,-0.024685449403754983
639089884023339666,nan,202.61759611748616,0.018664611042558031,0.00026378377170416592,0,0,0,1,2,-1.6680774113765331,-4.7472005448490826,-0.024685449403792342,-1.6646664412853376,-4.7288502590636528,-0.024421665632088176
639089884023539455,nan,137.83377105584984,0.12535302731775633,0.0020513157792739108,0,0,1,0,0,-1.696438379548888,-4.5483288699765652,-0.024421665632118856,-1.6793156673918896,-4.672506944474903,-0.026472981411392767
639089884023839398,nan,116.14487581064523,0.036441424586375684,0.001250740039210798,0,0,0,0,0,-1.701337821345227,-4.5878061460102115,-0.026472981411408632,-1.6974072335319734,-4.6240349730037371,-0.025222241372197834
639089884024139683,nan,132.67954826707034,0.082801724276562849,0.00013202004786229404,0,0,0,1,2,-1.7157407728320171,-4.5749146930326026,-0.02522224137228312,-1.7303610917775247,-4.4934139456918354,-0.025354261420145414
639089884024339225,nan,107.38535340610719,0.080396039875519673,0.00046182107932650138,0,0,0,0,0,-1.7522076260202173,-4.4068196317659281,-0.02535426142017012,-1.7647215677793158,-4.3274034842308327,-0.024892440340843619
639089884024539416,nan,117.14101009079984,0.017197142804800038,0.00030806586898767668,0,0,0,1,2,-1.7990123954636856,-4.1617295241999752,-0.024892440340871607,-1.8066392335977317,-4.1463161189718711,-0.02458437447188393
639089884024839444,nan,112.80033787327085,0.12592142430153189,0.0021200691241707037,0,0,1,0,0,-1.869022872879222,-3.8768142597393513,-0.024584374471907998,-1.8424049032824361,-3.9998902069941704,-0.026704443596078702
639089884025039643,nan,106.76239553581271,0.0073154231110784049,0.0025911321452709336,0,0,0,1,2,-1.8661619050388087,-3.9026282046690639,-0.026704443596083191,-1.8665914198646347,-3.9099310077136828,-0.024113311450812257
639089884025339321,nan,108.54565221682367,0.0040468037663112331,0.0016514179593008112,0,0,0,0,0,-1.9026450308285159,-3.7758334016173967,-0.024113311450820754,-1.9025282373578125,-3.7717882835711301,-0.022461893491519943
639089884025639678,nan,115.51608213123816,0.015097169191455415,0.0041125699987849436,0,0,0,1,2,-1.9383656051341649,-3.6340278485614443,-0.022461893491526636,-1.9314644135469108,-3.647455360329134,-0.026574463490311579
639089884025839432,nan,107.01304193130444,0.03960235043150722,0.0015115844526934485,0,0,0,0,0,-1.9505990380081031,-3.5652377314741455,-0.026574463490305976,-1.9578748486180537,-3.526309480297551,-0.025062879037612527
639089884026139431,nan,115.45518116834421,0.030358726168443199,0.002552922892813423,0,0,0,1,2,-1.9972594173814979,-3.3456506524645655,-0.025062879037617742,-1.9917977997733887,-3.3755140579581342,-0.027615801930431165
639089884026339538,nan,89.969402540841031,0.012042752955665549,0.00035863267234721372,0,0,0,0,0,-2.0142655337931488,-3.275639744989153,-0.027615801930429233,-2.0200212826352417,-3.2650615006160097,-0.027974434602776446
639089884026539528,nan,93.621426224497398,0.016807236187722587,0.0010927880490052971,0,0,0,1,2,-2.0480237560368124,-3.1554738634612507,-0.027974434602773091,-2.0499641352428126,-3.1387790104578004,-0.029067222651778388
639089884026839555,nan,79.342939009759419,0.065526158334476628,0.0013090944887862166,0,0,0,0,0,-2.0945204677894642,-2.9508648961931585,-0.029067222651752472,-2.0774752316139784,-3.0141352474629026,-0.027758128162966255
639089884027139451,nan,86.083571376392285,0.035622703192642782,0.0054200670330905726,0,0,0,1,2,-2.1047735346217751,-2.8904555814706412,-0.027758128162880792,-2.0943823742151033,-2.9245290428174715,-0.02233806112979022
639089884027339969,nan,92.000575117945175,0.034564395819474646,0.0010828771536692365,0,0,0,0,0,-2.1056175637233658,-2.8649836356449665,-0.022338061129688235,-2.1147778813991902,-2.8316551787583464,-0.023420938283357472
639089884027639650,nan,92.613463908678213,0.0029685637860128867,0.0041348835679683137,0,0,0,1,2,-2.1450325629568971,-2.6938861516495263,-0.023420938283327069,-2.1432084435824938,-2.6962281506801737,-0.019286054715358755
639089884027839875,nan,82.961182057227518,0.014038585163225316,0.00013721125884379876,0,0,0,0,0,-2.1620573770936824,-2.6064425519500003,-0.019286054715300097,-2.163761908980268,-2.5925078311263619,-0.019423265974143896
639089884028039496,nan,92.772489955557759,0.010049426584125982,0.0031948816253974666,0,0,0,1,2,-2.1840909650588034,-2.4899199632468467,-0.019423265974073796,-2.1893078001788817,-2.4813306905186319,-0.022618147599471262
639089884028339576,nan,89.246003583721574,0.066633097505105154,0.0036191930795832321,0,0,0,1,2,-2.2273896997322775,-2.3155961436852421,-0.022618147599313077,-2.2101633922901778,-2.3799640239908348,-0.018998954519729844
639089884028539570,nan,77.076850591716848,0.0045046995776547687,3.2584452815259679e-06,0,0,0,0,0,-2.2239575521620516,-2.3129187923665553,-0.0189989545195637,-2.2203973219822286,-2.3101588866885292,-0.019002212964845226
639089884028839507,nan,81.742467488316251,0.0053904331093523441,0.002907388464776544,0,0,0,1,2,-2.2356316568746997,-2.2062462284157003,-0.019002212964639685,-2.2389674752786446,-2.2104805034046806,-0.016094824499863141
639089884029139495,nan,74.141837757684328,0.019328862442438574,0.0050934406258472745,0,0,0,1,2,-2.2573979044598373,-2.1115521125247136,-0.01609482449947177,-2.2549090578985402,-2.130720069278448,-0.011001383873624496
639089884029339706,nan,74.56564636017572,0.027385658504769834,0.0027256989508579223,0,0,0,1,2,-2.2654745900225,-2.0778575995303092,-0.011001383873423294,-2.2676672094948227,-2.0505598576531967,-0.013727082824281216
639089884029539621,nan,63.700551642754363,0.020785407672012601,0.0045990030117846765,0,0,0,1,2,-2.280295445531539,-1.9712159130764799,-0.013727082823998626,-2.2817158270792617,-1.9504790934468779,-0.018326085835783303
639089884029839568,nan,69.214238406229157,0.054647022524946985,0.0057593479011813636,0,0,0,1,2,-2.3025873294381776,-1.8017928690792941,-0.018326085835423556,-2.2954304816972084,-1.8559692163283903,-0.012566737934242192
639089884030039165,nan,67.009775657487936,0.0039919782499943275,0.0047943062681731815,0,0,0,1,2,-2.3044756154573607,-1.7936377538157569,-0.01256673793375533,-2.3035179848591283,-1.7975131678563152,-0.017361044201928511
639089884030339628,nan,56.261361014305955,0.017460263472116738,0.0075162145213809265,0,0,0,1,2,-2.3155447676331606,-1.710584213056987,-0.017361044201365295,-2.3119150420001389,-1.7276630271945295,-0.0098448296799843685
639089884030647008,nan,63.768044065590743,0.0062643353449090841,0.0090854534353943476,0,0,0,1,2,-2.3204161325312365,-1.6569474944305975,-0.0098448296791757931,-2.317757652953222,-1.6626197412206056,-0.00075937624378144618
639089884030839233,nan,57.582924167458017,0.024674564823207887,0.0050247194953973555,0,0,0,1,2,-2.3213761668599715,-1.6223363753201032,-0.00075937624296766538,-2.3206411905028688,-1.5976727592233264,-0.0057840957383650205
639089884031139590,nan,68.758564902083677,0.020649429843925291,0.0059797877713387328,0,0,0,1,2,-2.3251012528222725,-1.4972171271471855,-0.0057840957376507265,-2.3225518079927672,-1.5177085713115313,0.00019569203368800654
639089884031340038,nan,59.463875980140514,0.0028090011955559167,0.0064671848327985905,0,0,0,1,2,-2.3238138471156633,-1.4648890330686077,0.00019569203451392074,-2.3236509103648189,-1.4620847614462682,-0.0062714927982846693
639089884031539368,nan,63.197487464959991,0.0057834805330368591,0.0081262448789494596,0,0,0,1,2,-2.3247351312321163,-1.4072140806907254,-0.0062714927972961111,-2.3250716975625938,-1.4014404016053237,-0.014397737676245571
639089884031839245,nan,57.9251256146974,0.031647552106559153,0.008491071477493289,0,0,0,1,2,-2.3271890133236028,-1.3110656719423357,-0.014397737675203108,-2.3238404620773481,-1.3425355743713008,-0.0059066661977098187
639089884032139583,nan,58.621054762668756,0.016529244953524105,0.0055898053967188745,0,0,0,1,2,-2.322618528048892,-1.2840757478798566,-0.005906666196695368,-2.3185199141909161,-1.3000887832940686,-0.00031686079997649333
639089884032339782,nan,61.586001645975614,0.021225795122406646,0.0049757767261706847,0,0,0,1,2,-2.3150041646458996,-1.27204049022302,-0.00031686079877440363,-2.313252295382862,-1.2508871138338096,-0.0052926375249450885
639089884032639752,nan,59.949763818172229,0.015981143231602376,0.0048582676537943983,0,0,0,1,2,-2.3054377361828493,-1.1778960010090196,-0.0052926375237487278,-2.3054321007151528,-1.1938771432469979,-0.00043436986995432937
639089884032839268,nan,57.244435772360539,0.0040384384914314442,0.0092211199869205382,0,0,0,1,2,-2.3002842595625239,-1.1563488865772782,-0.00043436986860611752,-2.2962596984884165,-1.156014381555112,-0.0096554898555266562
639089884033039603,nan,52.343885893331503,0.0054509882434890652,0.0040615916214746701,0,0,0,1,2,-2.2871715113777009,-1.1184992514639709,-0.0096554898541902981,-2.2833994175729058,-1.1145642062090237,-0.013717081475664968
639089884033339188,nan,57.638630434414665,0.024645406325512671,0.0076060333797302124,0,0,0,1,2,-2.2643386138689738,-1.0531290275410028,-0.013717081474482373,-2.2695589959634268,-1.0772151991699175,-0.0061110480947521601
639089884033639263,nan,59.448261609503447,0.012307187150123964,0.0054961721379584924,0,0,0,1,2,-2.2558232752550005,-1.0401487322730667,-0.0061110480937317585,-2.2570027686383582,-1.0523992690330128,-0.00061487595577326584
639089884033839751,nan,54.91686332537401,0.012764915873069304,0.0077846434869682296,0,0,0,1,2,-2.2486818142217335,-1.0359538656383911,-0.00061487595486099428,-2.2435548397880019,-1.0242638181448007,-0.0083995194418292236
639089884034139668,nan,68.821860493408792,0.011757062480652825,0.0055793948596586321,0,0,0,1,2,-2.2236140985692363,-0.98254425288845548,-0.0083995194409524701,-2.2283877754716936,-0.99328857822813688,-0.0028201245812938375
639089884034339744,nan,56.810798915328512,0.0053515412280249761,0.0072382167410597331,0,0,0,1,2,-2.2184304333628249,-0.97295299750386488,-0.0028201245804891574,-2.2138887113790702,-0.97012249314288423,-0.01005834132154889
639089884034639755,nan,74.411055632714337,0.011292169055313163,0.0048989298748947328,0,0,0,1,2,-2.1924783138069963,-0.93591372706700404,-0.010058341320682798,-2.1995177011291962,-0.94474322921049003,-0.0051594114457880653
639089884034839797,nan,63.273503516298049,0.005181526826796067,0.0069999310073974108,0,0,0,1,2,-2.1900166651997592,-0.92796436020324991,-0.0051594114449687286,-2.1851466489138445,-0.92973386907062872,-0.012159342452366139
639089884035139605,nan,75.392486091670946,0.0067902827690817149,0.006794532371347954,0,0,0,1,2,-2.1637150221250958,-0.90735033027088796,-0.012159342451541041,-2.1643432468151169,-0.91411148947792753,-0.0053648100801930868
639089884035340255,nan,99.911708880876915,0.0062161179224177743,0.0051993033891158261,0,0,0,1,2,-2.150437940965134,-0.9036692567455068,-0.0053648100791993348,-2.1448370840426341,-0.90097286586896674,-0.010564113468315161
639089884035539647,nan,100.119898491318,0.0029699471549860528,0.0038247183665586545,0,0,0,1,2,-2.1255022620317936,-0.88794965100555723,-0.010564113467330804,-2.123755103258282,-0.88554798026968373,-0.014388831833889459
639089884035839228,nan,85.19494829096611,0.019094474594953208,0.0076291600511030049,0,0,0,1,2,-2.0920856864784914,-0.86237666938475643,-0.014388831832918798,-2.1057216537967252,-0.87574302099442813,-0.0067596717818157927
639089884036139706,nan,69.364406943366049,0.0021472606528134771,0.0038766380680960453,0,0,0,1,2,-2.087414349881517,-0.86578916442855036,-0.0067596717807871321,-2.0872525128323089,-0.86793031764133655,-0.0028830337126910868
639089884036339751,nan,73.791651442706197,0.011079107509167692,0.0068020143749227087,0,0,0,1,2,-2.0747735535026632,-0.86265154438460223,-0.0028830337117192019,-2.0670817125213743,-0.85467769929466852,-0.0096850480866419106
639089884036639836,nan,71.182556944881156,0.0050163511110188977,0.0041898854650717805,0,0,0,1,2,-2.0368449078528088,-0.83481151520092078,-0.0096850480855065462,-2.0412301135573236,-0.83724744405827911,-0.0054951626204347657
639089884036839188,nan,65.105032427696258,0.0057126680089996888,0.0041270290991656097,0,0,0,1,2,-2.0240395259454345,-0.82565681362356524,-0.0054951626190948713,-2.0199407543283265,-0.82167753642640506,-0.009622191718260481
639089884037039412,nan,69.660816317156872,0.010713446994713298,0.0078794237777197497,0,0,0,1,2,-1.9984980479975314,-0.80599547886155609,-0.0096221917169935361,-1.9877881238677284,-0.80572075783506703,-0.017501615494713286
639089884037295699,nan,85.202739000568698,0.0076759947885914233,0.0008966450463026264,0,0,0,1,2,-1.9465535426687741,-0.78525676863503613,-0.017501615493264708,-1.9536080220591372,-0.78828252746967997,-0.016604970446962082
639089884037573845,nan,78.010293352728965,0.010260316007199292,0.0029591879516823807,0,0,0,1,2,-1.9166934830645135,-0.76944922385855641,-0.016604970445113526,-1.9248406139077909,-0.77568607751966689,-0.013645782493431145
639089884037840840,nan,67.66934136501321,0.0032438005428216876,0.0024624600151267745,0,0,0,1,2,-1.897344298942983,-0.76364620401275207,-0.013645782491252281,-1.8963368719866274,-0.76056280768901774,-0.011183322476125506
639089884038139677,nan,72.882773325110477,0.0031061568521895907,0.010444068292633699,0,0,0,1,2,-1.86452109327788,-0.74368226591259379,-0.01118332247309934,-1.8614564449009041,-0.74418836937622912,-0.00073925418046564141
639089884038339692,nan,91.413462431375507,0.017943209570897813,0.0049997069990237097,0,0,0,1,2,-1.8380308088514994,-0.73319132419997268,-0.00073925417791444886,-1.8202323533003311,-0.73091673639154575,-0.0057389611769381585
639089884038639460,nan,112.59345976845731,0.018930136023396785,0.0070322105454330638,0,0,0,1,2,-1.7588113089904469,-0.71114292147004421,-0.0057389611743963375,-1.7775812855959343,-0.71360016140414917,0.0012932493710367265
639089884038839084,nan,154.46454057475856,0.0044880822797403229,0.010162437311926174,0,0,0,1,2,-1.7493659762586211,-0.70214458605212093,0.0012932493736597893,-1.7449443075835751,-0.70137534702695647,-0.0088691879382663853
639089884039139339,nan,109.13624086873544,0.012971406651734357,0.0082657621574673094,0,0,0,1,2,-1.6961148782597832,-0.68308533532913451,-0.0088691879363298268,-1.6961821590354753,-0.69605656749195854,-0.00060342577886251809
639089884039339235,nan,109.28328060548093,0.010622358298094237,0.012170617282674391,0,0,0,1,2,-1.6637990761137105,-0.69252435072438678,-0.00060342577692110556,-1.654189201429537,-0.6879983365432808,-0.012774043059595496
639089884039639409,nan,63.47879262595761,0.0096691598294938019,0.0074204220673616678,0,0,0,1,2,-1.5914678248019536,-0.67596242940316087,-0.012774043058225342,-1.6010907008012858,-0.67690736818941788,-0.005353620990863674
639089884039839174,nan,79.12268462737012,0.0068736114328456716,0.014349322749889655,0,0,0,1,2,-1.5659484432277726,-0.66956701654069806,-0.0053536209893678263,-1.5607994654415196,-0.66501349461954518,-0.019702943739257482
639089884040139478,nan,59.916179160258807,0.011097510374413404,0.0056296907690364696,0,0,0,1,2,-1.5005858895689055,-0.64723859513522797,-0.019702943737854826,-1.5077214861514823,-0.6557378891012543,-0.014073252968818357
639089884040339297,nan,61.538250162351858,0.012198000660276039,0.0077600160247117377,0,0,0,1,2,-1.4726651899124537,-0.64961165032587187,-0.01407325296758943,-1.4629704532565013,-0.65701457550986697,-0.021833268992301168
639089884040639657,nan,55.095246394714721,0.010255032553904588,0.0064050200789189642,0,0,0,1,2,-1.3961045596404473,-0.65892216896764688,-0.021833268991358935,-1.4062435122630363,-0.65738355517642499,-0.015428248912439971
639089884040839236,nan,48.569738999521107,0.010919341906625624,0.0084882133914145706,0,0,0,1,2,-1.3687628486216681,-0.65762734767661213,-0.015428248911474223,-1.3579535890116261,-0.65608075970416901,-0.023916462302888793
639089884041139655,nan,64.525536906300061,0.01920190349148538,0.005986360370182988,0,0,0,1,2,-1.2857895171479696,-0.65413387265707101,-0.023916462301132351,-1.3049195899742669,-0.65579321329626472,-0.017930101930949363
639089884041339570,nan,63.661936328902932,0.012407228440196174,0.0057935554211596858,0,0,0,1,2,-1.2699188063088602,-0.65560344164412643,-0.017930101929229642,-1.2576091591898542,-0.65715647267174904,-0.023723657350389327
639089884041639430,nan,66.654408661646471,0.015655384792862981,0.0071770307670453067,0,0,0,1,2,-1.1871485362890128,-0.65918680938987684,-0.023723657348829526,-1.2021959746200104,-0.66350718815653975,-0.01654662658178422
639089884041839156,nan,63.231209863237659,0.011517840754258515,0.0067581781860738474,0,0,0,1,2,-1.1655772764959571,-0.66770393185597798,-0.01654662658028969,-1.1554592817545541,-0.67320727975097794,-0.023304804766363537
639089884042139488,nan,61.306194160680406,0.01020301342331916,0.01121545914327338,0,0,0,1,2,-1.0857724163586777,-0.68767062612457008,-0.023304804764626989,-1.0959013876383799,-0.68644366902205989,-0.012089345621353609
639089884042339423,nan,57.440053285023062,0.00038182114261419884,0.013619784485037614,0,0,0,1,2,-1.05672105578241,-0.69515126575481523,-0.012089345619127275,-1.0570310357895065,-0.69537420022982455,-0.025709130104164889
639089884042639317,nan,60.066793858100844,0.008308317533205236,0.0072743531422988505,0,0,0,1,2,-0.99918267378683234,-0.70866496240742294,-0.025709130102357126,-1.0068250450482805,-0.70540577512609703,-0.018434776960058276
639089884042839101,nan,54.799698690627665,0.012158425312344094,0.015325255145495126,0,0,0,1,2,-0.97354882318850955,-0.71205464126583373,-0.01843477695835035,-0.9629854272794679,-0.718074771907663,-0.033760032103845476
639089884043139573,nan,58.184834808183894,0.010238854432865258,0.0015356628410020876,0,0,0,1,2,-0.89729406358104546,-0.73705859789950479,-0.033760032103323095,-0.90746605871023067,-0.73822678246935536,-0.032224369262321008
639089884043339308,nan,57.196099039669264,0.014818049930120949,0.014822217930953493,0,0,0,1,2,-0.8705247992822891,-0.75163544811773564,-0.032224369262195102,-0.85647833748264868,-0.75635471868031201,-0.047046587193148595
639089884043639680,nan,54.970377220477289,0.023074787233452139,0.0071302781546919991,0,0,0,0,0,-0.78020472678321706,-0.78347268190849939,-0.047046587193125128,-0.80102069097572004,-0.77351570241642853,-0.054176865347817127
639089884043839597,nan,66.652560960005957,0.0091305867336068797,0.0052288393533456989,0,0,0,1,2,-0.76424415798092526,-0.78489594525662154,-0.054176865347815698,-0.75516225698716422,-0.78583758661055625,-0.059405704701161396
639089884044120240,nan,58.290025055183285,0.011585889296441916,4.9105811463126536e-05,0,0,0,0,0,-0.69088654061605359,-0.80310808332697425,-0.059405704701181915,-0.70210281849482647,-0.80020499164127823,-0.059454810512645041
639089884044339585,nan,77.043374721169627,0.0089214218763168443,0.002099818081886258,0,0,0,0,0,-0.6605310104103016,-0.81146178254561585,-0.059454810512682359,-0.65178481432605528,-0.81322127745925987,-0.061554628594568617
639089884044639365,nan,88.060171614431184,0.016935639500789343,0.011651081779211356,0,0,0,1,2,-0.58288327325849554,-0.83104476165045849,-0.061554628595080443,-0.59821818612571465,-0.82385752764456344,-0.073205710374291799
639089884044839337,nan,76.450587834062986,0.014298934362772223,0.0071032078049247799,0,0,0,1,2,-0.56183377988119931,-0.83108205643538113,-0.073205710374842331,-0.54757665670751388,-0.83217474244756851,-0.066102502569917551
639089884045139648,nan,66.999529974299136,0.020215228744600064,0.012097340579203808,0,0,0,1,2,-0.47186199132293105,-0.84460989484079185,-0.066102502570545299,-0.49136705244494866,-0.83929876842327344,-0.078199843149749107
639089884045339556,nan,69.052491443888769,0.0011075766359679472,0.0024098515452817132,0,0,0,1,2,-0.45403836046551799,-0.84402982061247478,-0.078199843150417628,-0.45345730696197484,-0.84308689811801285,-0.080609694695699341
639089884045639567,nan,77.44612008561117,0.0054713213425017868,0.0012244082475927065,0,0,0,1,2,-0.39659643705262604,-0.84876871810989485,-0.080609694697145406,-0.4018017329509907,-0.84708341343613891,-0.081834102944738113
639089884045839407,nan,97.979137741785053,0.0028910350690995118,0.0043273428835741978,0,0,0,1,2,-0.36727446376863615,-0.84975473715719563,-0.081834102946573367,-0.36500628240758259,-0.84796213093045969,-0.086161445830147565
639089884046139601,nan,75.657926856224734,0.011761637414396481,0.0097515737334996216,0,0,0,1,2,-0.30972443707108832,-0.84928232470164899,-0.086161445832082545,-0.32103593785545004,-0.84605958290728889,-0.095913019565582167
639089884046339249,nan,78.269834979887079,0.011589850885159831,0.009673888119003729,0,0,0,1,2,-0.29155920166216109,-0.84478415723698108,-0.095913019567305233,-0.2801544237514092,-0.84272122622827872,-0.086239131448301504
639089884046639529,nan,78.658354710436342,0.021463231919481188,0.0098167396029909676,0,0,0,1,2,-0.21884380565095751,-0.83771464279037089,-0.086239131449876535,-0.24029872507051625,-0.83711735129564036,-0.096055871052867503
639089884046839285,nan,84.436761687389236,0.010342565371980346,0.0089415303481314157,0,0,0,1,2,-0.2136899192827395,-0.83337604391233633,-0.096055871054426811,-0.20369580535475248,-0.83071402489134816,-0.087114340706295396
639089884047139504,nan,82.429902811188825,0.013864867756927019,0.0087654743435711113,0,0,0,1,2,-0.14873119774170029,-0.82109849897256082,-0.087114340708331919,-0.16259594297275845,-0.82104021008061245,-0.095879815051903031
639089884047339273,nan,74.394195909881816,0.0073999751390238632,0.0067198051206466963,0,0,0,1,2,-0.13472755898430211,-0.81448073347523797,-0.095879815054011913,-0.12845103605241229,-0.81056092583408612,-0.089160009933365217
639089884047639193,nan,59.830811236624349,0.012603080135877534,0.0099299000372027185,0,0,0,1,2,-0.077237339829525187,-0.79484312401705759,-0.089160009935696741,-0.089698591603897218,-0.7967285505277073,-0.099089909972899459
639089884047839377,nan,110.65788863915112,0.01071146242761823,0.0097402859840352296,0,0,0,1,2,-0.0638017042300833,-0.78748486356758463,-0.09908990997488204,-0.054909029049641705,-0.78151361952019927,-0.08934962399084681
639089884048139561,nan,79.794554208518235,0.015918209032638506,0.0035913726620285524,0,0,0,1,2,-0.0028546106840855109,-0.75874804485013148,-0.089349623992446128,-0.017420154500433261,-0.76516943972514329,-0.092940996654474681
639089884048339251,nan,91.86376167622187,0.011446653191495008,0.0072653151135368549,0,0,0,1,2,0.007901809736702653,-0.75412971817488761,-0.092940996656109345,0.017147502014862825,-0.74738115954478501,-0.08567568154257249
639089884048639416,nan,93.691574477502371,0.014555506834603712,0.0093276794676105529,0,0,0,1,2,0.069056975110427479,-0.72066889887909369,-0.085675681544727544,0.055548256901335108,-0.72608898297064906,-0.095003361012338097
639089884048839320,nan,150.08879791463934,0.0085613108568857194,0.0085775714660305952,0,0,0,1,2,0.081227985618369941,-0.71185027022045688,-0.095003361014769278,0.089722109722875157,-0.71292073707444759,-0.086425789548738682
639089884049139370,nan,109.51053902433698,0.004976285511130463,0.0073011523210531476,0,0,0,1,2,0.14108287963121499,-0.69312983871999145,-0.086425789550819671,0.13682037961020654,-0.69056186071011871,-0.093726941871872818
639089884049439334,nan,61.147291938347131,0.011516558578679217,0.0028281492190565527,0,0,0,1,2,0.18401665184676835,-0.66815645986803096,-0.093726941873604933,0.17267558433296298,-0.66615363457773269,-0.096555091092661485
639089884049639335,nan,76.065952013072021,0.018168801328899132,0.0093829863890610293,0,0,0,1,2,0.19661728520379246,-0.64985545824970126,-0.096555091094235018,0.21010018850878956,-0.63767692548926147,-0.087172104705173989
639089884049839324,nan,85.25431989435458,0.0081076763802594379,0.0095920852168982496,0,0,0,1,2,0.24747257479059903,-0.6092399494536811,-0.087172104706794179,0.25392462509985964,-0.60433021798507847,-0.077580019489895929
639089884050139491,nan,94.393758455701729,0.035089913461148863,0.0089312454359463805,0,0,0,1,2,0.31988142993293217,-0.55414264114975809,-0.077580019493031963,0.29173015288767756,-0.57509037676562447,-0.086511264928978343
639089884050339545,nan,84.433759470249058,0.012948967213655439,0.0072489615542573049,0,0,0,1,2,0.31765147898271973,-0.55504210595531844,-0.086511264932019674,0.32612470110877273,-0.54525025941327698,-0.079262303377762369
639089884050639416,nan,72.37051629479501,0.0079182211369760065,0.0031822061335577134,0,0,0,1,2,0.37747919764551324,-0.50069598315483266,-0.079262303378957191,0.37068211581707144,-0.50475774442200727,-0.082444509512514905
639089884050839359,nan,68.036539364995903,0.016429458610294691,0.0083187906484202545,0,0,0,1,2,0.40043027008054027,-0.47772346538310767,-0.082444509513728392,0.41352344409531533,-0.46779895509563224,-0.074125718865308138
639089884051139122,nan,66.828502181946206,0.019186173859475589,0.0024167496478367245,0,0,0,1,2,0.4778415825572867,-0.41231233446982424,-0.07412571886579862,0.46428115738065751,-0.42588525369875452,-0.071708969217961896
639089884051339527,nan,59.017627687626238,0.013123161105886346,0.0066374750438109725,0,0,0,1,2,0.49822213869797771,-0.39785814089219745,-0.071708969218190505,0.50890205238405284,-0.39023208024012856,-0.065071494174379532
639089884051639528,nan,66.447117806531537,0.012869392979752814,0.0071733804995386743,0,0,0,1,2,0.57531836458207641,-0.33716384171424951,-0.065071494174385014,0.56402987446409669,-0.34334375000835754,-0.05789811367484634
639089884051839580,nan,54.57817767501907,0.013248660410663892,0.0013051139878644882,0,0,0,0,0,0.60050910103692001,-0.31231676657950713,-0.057898113674827181,0.60662027443370881,-0.30056174372153388,-0.056592999686962693
639089884052139143,nan,74.408076715576769,0.022925117801627589,0.0061099572710735794,0,0,0,1,2,0.66985362627998524,-0.23704391674281328,-0.05659299968639786,0.65384128577612566,-0.2534501953521433,-0.050483042415324281
639089884052341655,nan,56.478920791762746,0.018517369386081707,0.0022822819324429394,0,0,0,1,2,0.68531387643372521,-0.22205056127137854,-0.050483042414451305,0.70373201827733356,-0.22013613707352708,-0.048200760482008366
639089884052639685,nan,66.377992306156784,0.022009662711148487,0.014424776961488889,0,0,0,1,2,0.77653825858915093,-0.17152046816675973,-0.048200760479267392,0.76033068006061033,-0.18641139328576123,-0.033775983517778503
639089884052839269,nan,66.012676109966151,0.0091073106279346526,0.007834847002579956,0,0,0,1,2,0.79801682065324187,-0.16395581932355582,-0.033775983514624068,0.80399051973550706,-0.15708137198953431,-0.041610830517204024
639089884053139528,nan,65.436546679190542,0.024298725117589168,0.010166867596586679,0,0,0,1,2,0.86920309158775555,-0.11327255053140328,-0.041610830514275006,0.85262765725337974,-0.13104002134091791,-0.031443962917688327
639089884053339282,nan,60.987138225035466,0.011625825772806424,0.012625322720649909,0,0,0,1,2,0.8847711966127787,-0.11382969149290584,-0.031443962915104678,0.89492022657104919,-0.10815897585854556,-0.044069285635754588
639089884053639647,nan,62.571123993445092,0.018329843031110699,0.010400825875460179,0,0,0,1,2,0.95796621085937794,-0.074049957247101297,-0.044069285633058106,0.94351196910920354,-0.08532195977427777,-0.033668459757597927
639089884053839066,nan,64.113359828602427,0.0091262484850232577,0.0085490143170534258,0,0,0,1,2,0.97550855669545866,-0.070284289849696702,-0.033668459755148122,0.98455920866375957,-0.069112065315283494,-0.042217474072201548
639089884054139175,nan,61.08547371547558,0.017884581860610309,0.0069020535320526571,0,0,0,1,2,1.0456013781814599,-0.045006007607923393,-0.042217474070319359,1.0293851985386462,-0.052548804577275302,-0.035315420538266702
639089884054439626,nan,52.301715828682696,0.011663190974462077,0.0051201442424343886,0,0,0,1,2,1.0736984936791611,-0.036174985201032975,-0.035315420536815766,1.0626933595963932,-0.040037244582156066,-0.030195276294381377
639089884054639418,nan,61.321438169870255,0.011300004570198811,0.0091584594680457453,0,0,0,1,2,1.0845585723967679,-0.031824004551172451,-0.03019527629301309,1.0958071234418441,-0.030746877505355645,-0.039353735761058835
639089884054839084,nan,49.049190816930235,0.0099249909390440889,0.0094710821473459675,0,0,0,1,2,1.1285307710773607,-0.02156596107300069,-0.039353735759661196,1.1383968535772517,-0.022645711620789585,-0.048824817907007163
639089884055139533,nan,51.957391224394129,0.025302367744203934,0.0083177428946782164,0,0,0,1,2,1.2017891515626864,-0.01058760465107907,-0.048824817905938102,1.1784887087049396,-0.02045163912465062,-0.040507075011259885
639089884055340087,nan,53.560354722622669,0.0034186714207908226,0.0084121528388213657,0,0,0,1,2,1.2046794270281447,-0.019018322194215502,-0.040507075010135833,1.2076821874863128,-0.017384081112185784,-0.048919227848957199
639089884055639732,nan,57.330332950226222,0.010920333461142413,0.0039484405930581695,0,0,0,1,2,1.2508451381817478,-0.012848655367314086,-0.048919227847283302,1.2407963066803103,-0.017123543477927418,-0.044970787254225132
639089884055939504,nan,54.802101836296565,0.0020210604300300492,0.0064276177955305061,0,0,0,1,2,1.2736175424106033,-0.016865310213122455,-0.044970787252211493,1.2725610465138868,-0.018588244246118029,-0.038543169456680987
639089884056139556,nan,45.866621749875229,0.012955774616079802,0.0037260985611245884,0,0,0,1,2,1.293641213695685,-0.019560269744407457,-0.03854316945424275,1.3063144666403625,-0.022251134977539493,-0.042269268015367338
639089884056339028,nan,49.518234434948155,0.01189058312708337,0.0079185789722847483,0,0,0,1,2,1.33962461839609,-0.02586592262486867,-0.042269268012808676,1.3508907410674431,-0.029668612075258227,-0.050187846985093425
639089884056639491,nan,47.6151952185064,0.027709660784751101,0.0093454934084266569,0,0,0,1,2,1.4175285706387093,-0.040757124541573014,-0.050187846982357349,1.3899786106279415,-0.037786433677301334,-0.040842353573930693
639089884056840009,nan,61.716894229084765,0.0051187569016016661,0.012721871902295831,0,0,0,1,2,1.4159049276456239,-0.04317084625117705,-0.040842353571532701,1.4116683469748699,-0.046043659582719464,-0.053564225473828532
639089884057139326,nan,54.243590548023782,0.0030096916943659771,0.0084698617754372374,0,0,0,1,2,1.4439027109936033,-0.058315197667038202,-0.053564225471618106,1.4431123848191874,-0.055411126622251498,-0.045094363696180868
639089884057439424,nan,66.134889867750402,0.003497644387586033,0.0050012804601919786,0,0,0,1,2,1.4744933728768217,-0.064759810552517186,-0.045094363693986034,1.4754506136279197,-0.068123916140403709,-0.040093083233794055
639089884057639395,nan,72.987539204342752,0.012498928546318585,0.010211924260614673,0,0,0,1,2,1.4968980866936765,-0.076555336809539978,-0.040093083231733183,1.5072699007702122,-0.083530197924125318,-0.050305007492347856
639089884057939457,nan,89.673582279563192,0.0095154259164117166,0.0096511976180495909,0,0,0,1,2,1.5545208209742725,-0.10640817718081123,-0.050305007490050471,1.5473834040190975,-0.10011527565776956,-0.04065380987200088
639089884058139610,nan,96.043049311096112,0.0081112917104428032,0.0090829719280061325,0,0,0,1,2,1.5738215188637876,-0.11104621298103573,-0.040653809869644834,1.5806643398879483,-0.11540153772704524,-0.049736781797650967
639089884058440170,nan,127.7271543898261,0.010782799353628985,0.0085678732792453249,0,0,0,1,2,1.6302729736097898,-0.13818727244794088,-0.049736781795354727,1.6195244450466877,-0.13904628096291541,-0.041168908516109402
639089884058639609,nan,156.93883358748116,0.0076119324817463772,0.012094595468882641,0,0,0,1,2,1.6451753383342849,-0.15465377309600195,-0.041168908513897068,1.651910303974663,-0.15820084991073147,-0.053263503982779709
639089884058839417,nan,184.31708723748508,0.005912199129577511,0.012259893684653057,0,0,0,1,2,1.6841643005414249,-0.17727742905765631,-0.05326350398085427,1.6889238603945702,-0.18078466280408725,-0.065523397665507327
639089884059139283,nan,176.50145278317999,0.02428605501996001,0.0023256855635542251,0,0,0,1,2,1.7440473750781353,-0.21441826254561958,-0.065523397664472793,1.7247439350532281,-0.19968090621426443,-0.063197712100918568
639089884059439250,nan,184.33152553549564,0.015798335398687548,0.0044272634503113029,0,0,0,1,2,1.760308140466541,-0.21844217035409416,-0.063197712099959891,1.7507913728327928,-0.20583191519511079,-0.058770448649648588
639089884059639312,nan,165.20263539679618,0.02235436706239536,0.0071771859661001539,0,0,0,1,2,1.7680943762075572,-0.20991795736380692,-0.058770448648668254,1.7855314233969124,-0.22390606345707434,-0.065947634614768408
639089884059939230,nan,172.32742776300097,0.0098763144781682782,0.0067822027962729861,0,0,0,1,2,1.8370761777973448,-0.25072316700274744,-0.065947634613749917,1.8272282882681625,-0.24997439501295421,-0.059165431817476931
639089884060139180,nan,245.5891788969696,0.011213762032377913,0.0095186410162727414,0,0,0,1,2,1.8547872206241318,-0.26720387709031818,-0.059165431816297354,1.8651279383591168,-0.27154185076983339,-0.068684072832570095
639089884060339314,nan,171.04444895042775,0.012026443650143864,0.0028158980066271683,0,0,0,1,2,1.902526966533383,-0.292824418908669,-0.068684072830731052,1.9058401377774334,-0.30438548474092181,-0.07149997083735822
639089884060639513,nan,176.25343437756464,0.035120826470448202,0.013667725732372245,0,0,0,1,2,1.9664075517958839,-0.35324685811350315,-0.071499970830073908,1.9338402157051788,-0.34009995460269898,-0.057832245097701664
639089884060839441,nan,184.53882305397846,0.0034992316715696521,0.012490638699218827,0,0,0,1,2,1.9523745590326815,-0.36374075474211587,-0.057832245091426211,1.9505576890638594,-0.36673134094012261,-0.070322883790645038
639089884061139580,nan,129.70693905479081,0.011025868070989068,0.0075662411400449492,0,0,0,1,2,1.9754936698074768,-0.40645503139487704,-0.070322883785315676,1.9818994469013751,-0.39748085808798445,-0.062756642645270727
639089884061439698,nan,145.90350754743642,0.0031708927066718077,0.011193169166253097,0,0,0,1,2,2.0130688237714969,-0.42806125161679687,-0.062756642641673688,2.0103734801252675,-0.42973148608714989,-0.05156347347542059
639089884061639657,nan,125.70329031476936,0.012861884457207047,0.016484475569503609,0,0,0,1,2,2.0291852262838499,-0.4510382894684884,-0.05156347347295874,2.037562499713593,-0.46079786741396656,-0.06804794904246235
639089884061939487,nan,120.68776141457676,0.0090554270813409561,0.0030667390003561584,0,0,0,1,2,2.0777832489838262,-0.50675440255199178,-0.068047949040407354,2.0689060507559458,-0.50854216966445387,-0.064981210040051196
639089884062140892,nan,118.01881314459986,0.0009750622684557475,0.0080128723994438156,0,0,0,1,2,2.0897237748893946,-0.5402529261084702,-0.06498121003806806,2.0889510728866858,-0.53965821774096912,-0.072994082437511876
639089884062339802,nan,100.80555983663345,0.019955841730770536,0.0098797398391983343,0,0,0,1,2,2.1085877312929853,-0.57014035954392095,-0.072994082435760319,2.1125015055740701,-0.5897086499664459,-0.082873822274958653
639089884062640059,nan,85.557718029113516,0.034527914747979928,0.0052126816299344347,0,0,0,1,2,2.147718935921493,-0.66455430712090513,-0.082873822273737435,2.1366020421285068,-0.631864988234773,-0.077661140643803001
639089884062939535,nan,96.564515911252613,0.021728253828419222,0.0071907710516492113,0,0,0,1,2,2.1603152886666837,-0.67334388395336597,-0.077661140642165505,2.146566253473901,-0.65651887145114662,-0.070470369590516294
639089884063139573,nan,82.524229970094353,0.018368778356714802,0.0045889918950458436,0,0,0,1,2,2.1529466972137601,-0.67230564166089768,-0.070470369588910758,2.1584854480916396,-0.68981947211088501,-0.075059361483956602
639089884063439503,nan,71.787830858211578,0.013227334558736552,0.0067962625624823636,0,0,0,1,2,2.1761146834659297,-0.73907314620242859,-0.075059361482563536,2.181391515091553,-0.75120234351814441,-0.068263098920081172
639089884063639125,nan,76.235959440912879,0.0089547566820028287,0.0094909689315525042,0,0,0,1,2,2.1964624866838194,-0.79158900226816187,-0.068263098918532689,2.1975471588158197,-0.8004778241023498,-0.077754067850085193
639089884063839555,nan,68.171694081571474,0.0090238531877942143,0.0065000048880577282,0,0,0,1,2,2.2136072577689991,-0.84946188859735561,-0.07775406784836171,2.2100282242426901,-0.84117814274343061,-0.084254072736419439
639089884064139468,nan,70.97123754933618,0.021568862831568787,0.0098659232528152951,0,0,0,1,2,2.2284640560472733,-0.90129674666040827,-0.084254072734428295,2.2178640209754152,-0.88251230894397903,-0.074388149481613
639089884064439432,nan,60.349016580734308,0.0071916536029861507,0.0097182864277124692,0,0,0,1,2,2.225533514781576,-0.92296922002412141,-0.074388149479466634,2.2217656270577808,-0.91684362587773716,-0.064669863051754164
639089884064639375,nan,55.541131810202053,0.022956711525797167,0.0096794885453270196,0,0,0,1,2,2.2243461118894725,-0.9395500295303213,-0.064669863050065876,2.2281388985159611,-0.96219126124780074,-0.074349351595392896
639089884064939443,nan,61.169265481536655,0.0040410605961731664,0.0077772167045097734,0,0,0,1,2,2.2376210844925293,-1.0296597058289012,-0.074349351593578653,2.2367870449861078,-1.0257056510943696,-0.066572134889068879
639089884065139330,nan,56.659683107936395,0.004227883354365118,0.006738216273542777,0,0,0,1,2,2.242464144009801,-1.0673998432352108,-0.06657213488710946,2.2396485306728264,-1.0705537803295055,-0.073310351160652237
639089884065439265,nan,52.331637649020863,0.013848652560287658,0.0075935389044225199,0,0,0,1,2,2.2438880807239698,-1.1370003432024256,-0.073310351158360418,2.2400742870505819,-1.1236871859678554,-0.065716812253937898
639089884065640151,nan,56.007523697084615,0.0087478122014508983,0.0085669395965485978,0,0,0,1,2,2.2403551413272029,-1.1587371464256131,-0.065716812251600254,2.2396954765317902,-1.1674600507968387,-0.074283751848148852
639089884065939300,nan,50.577921078009886,0.015140605223371238,0.0068313972104652038,0,0,0,1,2,2.2391356637198463,-1.2321483562454827,-0.074283751846335594,2.2368259105215071,-1.2171849687047973,-0.06745235463587039
639089884066139220,nan,46.164954560052088,0.016893859474816083,0.0067498862979880614,0,0,0,1,2,2.2349112407529819,-1.2503630857857746,-0.067452354634070885,2.2339038629709642,-1.2672268836367668,-0.074202240932058947
639089884066439209,nan,51.396523454698915,0.021700826212193585,0.0036929116971633896,0,0,0,1,2,2.2295424371267982,-1.3419190634526925,-0.074202240931347765,2.2280817616245407,-1.3202674518413382,-0.070509329234184376
639089884066639713,nan,43.931577332725098,0.0047605980734219087,0.0033340183337943197,0,0,0,1,2,2.224219462658688,-1.3554538080270848,-0.070509329233804138,2.2240792603171644,-1.3602123411330009,-0.073843347567598458
639089884066939508,nan,47.431053798541356,0.0047619083258292087,0.0026570875372775443,0,0,0,0,0,2.2181375726991361,-1.4195102740706818,-0.073843347567508696,2.2211653800167133,-1.4231856181023648,-0.071186260030231152
639089884067139335,nan,62.05142710150291,0.016420338864460048,0.0035444565288823698,0,0,0,1,2,2.2192417056766645,-1.4647590749790891,-0.071186260030121837,2.2162403945589157,-1.4809027938814416,-0.074730716559004207
639089884067405419,nan,48.821074913580738,0.0093473820737936739,0.00199149745638659,0,0,0,0,0,2.2097211590236707,-1.5573033978136241,-0.074730716558984694,2.213237630083444,-1.5486426828939852,-0.076722214015371284
639089884067609249,nan,55.032959531766224,0.0076952577760354014,0.00031422719475246441,0,0,0,0,0,2.2109522958578429,-1.6001979374147217,-0.076722214015334203,2.2078556962588651,-1.607242656228361,-0.077036441210086667
639089884067886007,nan,49.19226857117814,0.010869444946593365,0.0015476141778403424,0,0,0,1,2,2.2005876621095974,-1.686379007811754,-0.077036441210044687,2.2037122236100308,-1.6759683426611964,-0.075488827032204345
639089884068139273,nan,56.272534211715985,0.0073374140890497576,0.0021206503288572764,0,0,0,0,0,2.1999263474052535,-1.7387627576300675,-0.075488827032175201,2.196983303352543,-1.7320414380261511,-0.077609477361032478
639089884068439310,nan,60.949340820070361,0.0060522389518712803,0.0016766227780091042,0,0,0,0,0,2.1890573660764963,-1.7980894546068007,-0.07760947736100629,2.1846882396928087,-1.7939013367748966,-0.075932854582997186
639089884068639173,nan,52.129585836827772,0.032200284818883138,0.00097216117243903444,0,0,0,0,0,2.176538955139947,-1.8349026631011427,-0.075932854582990192,2.1792119621591812,-1.8669918104237551,-0.076905015755429226
639089884068939436,nan,65.173725144927673,0.018431112835257845,0.0058101783373843141,0,0,0,1,2,2.1710349580350186,-1.976128190162314,-0.076905015755410353,2.1792835449961165,-1.9596458743817202,-0.082715194092794667
639089884069139295,nan,52.849395276672695,0.0086643316148741021,0.0032933929174640691,0,0,0,0,0,2.1793309268959349,-2.0209751785023045,-0.082715194092777417,2.1757326297942901,-2.0288569866895672,-0.086008587010241486
639089884069439318,nan,51.554799457359586,0.029319788383431449,0.0033461200657206036,0,0,0,0,0,2.1704331086270292,-2.1321502882295316,-0.086008587010212148,2.1636704672271923,-2.1036210633514103,-0.082662466944491544
639089884069639287,nan,54.060103041104036,0.017248169292127951,0.00015874657332148878,0,0,0,1,2,2.1556584431623631,-2.1532814437406924,-0.082662466944415383,2.1538425343142826,-2.1704337560916662,-0.082503720371093894
639089884069939483,nan,59.917064114069312,0.011158135390416112,0.0013439055012673812,0,0,0,0,0,2.1391540010676824,-2.2702899992413359,-0.082503720371068637,2.1423085294640987,-2.2595870587114133,-0.081159814869801256
639089884070139247,nan,59.802099793665775,0.019658691992183053,0.0022983521894730935,0,0,0,0,0,2.1346754921698867,-2.3185874226472634,-0.081159814869788613,2.135707543874624,-2.3382190053680292,-0.078861462680315519
639089884070439108,nan,68.465507684727086,0.013640598839749522,0.0062792564511226223,0,0,0,1,2,2.1258760124006573,-2.4553337070947654,-0.078861462680312466,2.1245115887227595,-2.4417615191821933,-0.085140719131435089
639089884070639151,nan,89.135446392208891,0.0085898885652766106,0.0026386657217478127,0,0,0,0,0,2.1171116241779524,-2.5101979250727093,-0.085140719131428469,2.1095987344496683,-2.5143623786376459,-0.087779384853176282
639089884070939472,nan,89.757283449871025,0.016314538378303687,0.0020565812362709768,0,0,0,0,0,2.0873809990741323,-2.6225258900539865,-0.087779384853104422,2.0991653661261225,-2.6112434764965462,-0.085722803616833446
639089884071139117,nan,62.779928785416686,0.021502293737154256,0.00098503790710234573,0,0,0,1,2,2.0922607819874326,-2.6753573533263166,-0.085722803616802734,2.0923652659284193,-2.6968593932078009,-0.084737765709700388
639089884071439215,nan,66.702324822137911,0.026021129163997497,0.0010984873774291248,0,0,0,0,0,2.0822179132819052,-2.8246185252448712,-0.084737765709653676,2.075158364478904,-2.7995733274283738,-0.083639278332224551
639089884071639187,nan,106.10493993486038,0.019655558003509915,0.0060264216129023024,0,0,0,1,2,2.0637584285913975,-2.8676234797642612,-0.083639278332066719,2.064332622171059,-2.8872706490810462,-0.089665699944969021
639089884071939380,nan,69.693734360716576,0.030412849944268995,0.0079419215381928421,0,0,0,0,0,2.0482030506816602,-3.017933302855885,-0.089665699944883728,2.0503518845924305,-2.9875964613169814,-0.081723778406690886
639089884072139035,nan,49.368739233383707,0.01788181014374399,0.00034844802489272797,0,0,0,1,2,2.0411232755279243,-3.0538209859529224,-0.081723778406655123,2.0338713925863567,-3.0701663011171738,-0.082072226431547851
639089884072439217,nan,52.843101531487591,0.018935674587050692,0.00054959432220511029,0,0,0,0,0,2.0092453651293032,-3.1935465461544377,-0.082072226431345041,2.0170098382992343,-3.1762759720915961,-0.082621820753550151
639089884072639033,nan,43.279353001537096,0.011802009013290902,0.00094883158690725611,0,0,0,1,2,2.0058617508015182,-3.2464308271087381,-0.082621820753449093,1.9994352415614649,-3.2563296854134776,-0.083570652340356349
639089884072938959,nan,35.904517604688721,0.018382814139730978,0.0043493226075106139,0,0,0,1,2,1.9732829814601243,-3.375455350947111,-0.083570652340160881,1.9790892201507184,-3.3580135778731446,-0.079221329732650267
639089884073139227,nan,36.796737891406728,0.023229604365982412,0.00012266822186143833,0,0,0,0,0,1.9655810773318412,-3.425523609146337,-0.079221329732506784,1.9617930461025734,-3.4484422770484242,-0.079098661510645346
639089884073439084,nan,41.573476517970057,0.029154603476135136,0.00064968800432183005,0,0,0,1,2,1.9361037769894884,-3.5827521644370242,-0.079098661510575791,1.9372066160279504,-3.5536184271225992,-0.078448973506253961
639089884073639104,nan,45.765042244814886,0.016055948586604748,0.003925540183650128,0,0,0,0,0,1.9209963773938048,-3.6229627966039919,-0.078448973506170652,1.9163088217112521,-3.638319238468521,-0.08237451368982078
639089884073939099,nan,47.77208635765075,0.02184395406096715,0.00071609869612467014,0,0,0,1,2,1.8851579989607263,-3.7645765803236966,-0.082374513689807236,1.8888836858467477,-3.7430526962354338,-0.081658414993682565
639089884074139086,nan,46.127466281798512,0.018348729300313324,0.0038708445703294764,0,0,0,0,0,1.8707402931920898,-3.8123402380632405,-0.081658414993684147,1.8688907460404489,-3.830595512431763,-0.085529259564013624
639089884074439395,nan,45.718435152150612,0.030918362064756143,0.0043883203674429522,0,0,0,0,0,1.8390467275241673,-3.9612731142673661,-0.085529259563959084,1.8442619052033191,-3.930797763005367,-0.089917579931402036
639089884074638900,nan,41.994297689030702,0.020499664924123088,0.0014928607021497259,0,0,0,1,2,1.8280045174433019,-3.996940820763311,-0.089917579931368535,1.8210716645669849,-4.0162325758155779,-0.091410440633518261
639089884074939363,nan,53.086208943355246,0.025591185902253639,0.0019103632931722764,0,0,0,0,0,1.7864303388039886,-4.143854157172612,-0.091410440633480389,1.793232626874667,-4.1191835740241087,-0.089500077340308112
639089884075139346,nan,41.34825306038568,0.02069019891146082,0.00064629666138027453,0,0,0,1,2,1.7747949292177021,-4.1873676613992057,-0.089500077340221529,1.7695840589539826,-4.2073909269193575,-0.088853780678841254
639089884075439209,nan,33.320445925939097,0.031736085874846623,0.00014792521512947687,0,0,0,0,0,1.7343616373847555,-4.3387678703183106,-0.088853780678832456,1.742053971631641,-4.3079781457256834,-0.089001705893961933
639089884075638712,nan,49.899557680859644,0.022729389744811309,0.00034913368579092552,0,0,0,0,0,1.7238280702111184,-4.3745704784220223,-0.089001705893919439,1.716271103601672,-4.3960068357113391,-0.089350839579710364
639089884075939301,nan,61.213968746697326,0.03814809377322867,0.0016288666200974661,0,0,0,1,2,1.6777870552798682,-4.5274003003629577,-0.089350839579644237,1.6841328701026985,-4.4897837123629092,-0.090979706199741703
639089884076239342,nan,59.010542581331705,0.009837399533126177,0.0035863221244823162,0,0,0,0,0,1.6521816480412252,-4.5830149041215167,-0.090979706199655577,1.6561502893053075,-4.5740135533289203,-0.087393384075173261
639089884076439244,nan,63.135538972961292,0.048521553135369086,0.00098864223062188061,0,0,0,0,0,1.6375414038200913,-4.6300278100668342,-0.087393384075176953,1.629275014989594,-4.6778400253927472,-0.088382026305798833
639089884076639447,nan,70.478140952864806,0.0087917149709377147,0.0024359344031325281,0,0,0,1,2,1.6025455667251298,-4.7811031318790418,-0.088382026305814071,1.5948620249251413,-4.7768302595970704,-0.090817960708946599
639089884076897741,nan,193.63606136763883,0.031862633344098279,0.0059338641463650837,0,0,0,0,0,1.5507445581435948,-4.9037357787346787,-0.090817960709074358,1.5662770328986977,-4.875915469038298,-0.096751824855439442
639089884077139470,nan,251.93826413157859,0.011567718941303727,0.0017960615624576098,0,0,0,1,2,1.5395973033392623,-4.9683963970996547,-0.096751824855616689,1.5435537705755762,-4.9575263240312264,-0.098547886418074299
639089884077439139,nan,123.55874821373058,0.013803774776830143,0.0076488048587989854,0,0,0,0,0,1.5154319920375139,-5.0585260113902804,-0.098547886418298966,1.5212403883005543,-5.0460037619541387,-0.10619669127709795
639089884077739207,nan,167.12450040371684,0.0050389674232039616,0.0077371743747680632,0,0,0,1,2,1.4988665937400039,-5.1347207477939358,-0.106196691277954,1.5018593406798502,-5.1387747160284132,-0.11393386565272207
639089884077938897,nan,186.73428070256256,0.022274162468323269,0.00055912300962215888,0,0,0,1,2,1.4890011707883355,-5.2003227144560435,-0.11393386565362322,1.4828670633070007,-5.2217355853301859,-0.11449298866324538
639089884078139327,nan,166.05205558869935,0.009865121481235915,0.0064481847929129948,0,0,0,1,2,1.4638926228847091,-5.3046185403884518,-0.11449298866412504,1.4618628021615772,-5.3142725783866931,-0.10804480387121204
639089884078439206,nan,142.39271450605551,0.04053174107702176,0.0068726982816951082,0,0,0,1,2,1.430595204212997,-5.4520260310898765,-0.10804480387234103,1.4467072812468242,-5.4148343249124133,-0.11491750215403614
639089884078639002,nan,130.10311631558147,0.0089491812768134338,0.0035451387014318048,0,0,0,1,2,1.4366517186538392,-5.4815562107741478,-0.11491750215526181,1.4397094274289484,-5.4899668149481586,-0.11137236345383
639089884078939139,nan,117.92184987007747,0.015581680307799415,0.0028188002138358897,0,0,0,1,2,1.4292361841751284,-5.6024128398135957,-0.11137236345500777,1.4328837915492509,-5.587264119680901,-0.11419116366884366
639089884079139314,nan,121.07214970089161,0.014368593192642571,0.0029522019208594041,0,0,0,1,2,1.4283399569844497,-5.6520350603080827,-0.11419116367006923,1.4261280133133811,-5.666232376094233,-0.11123896174920983
639089884079439314,nan,112.466550652024,0.024957260075886445,0.010324750238846894,0,0,0,1,2,1.4160526988705102,-5.7840026738439692,-0.11123896174998489,1.4171246939037401,-5.7590684472238358,-0.12156371198883179
639089884079739113,nan,114.39494964177234,0.015956768478002523,0.0011389730945502996,0,0,0,1,2,1.4081603925734891,-5.8515021906086613,-0.12156371198938754,1.4142475118149198,-5.8367520909615003,-0.12042473889483724
639089884079939336,nan,114.53485897409564,0.038169839505773163,0.007050255213029738,0,0,0,1,2,1.412325251785562,-5.8886529295883046,-0.12042473889566548,1.4166131220977425,-5.926581162029092,-0.11337448368263574
639089884080138814,nan,102.95201774075736,0.010218480222653835,0.00037984966157859901,0,0,0,1,2,1.4189586218662167,-6.0156465786453426,-0.113374483683194,1.4159516797976008,-6.0254126237740913,-0.1129946340216154
639089884080439129,nan,98.557165279001495,0.060057153757889309,0.0030988908849858138,0,0,0,1,2,1.414958868953494,-6.1737565487670221,-0.11299463402222547,1.42010523542374,-6.1139203003079761,-0.10989574313723965
639089884080639028,nan,108.05643016612854,0.010037248745816355,0.0044515449754351233,0,0,0,1,2,1.422866041346174,-6.1727500210460011,-0.10989574313815345,1.4292667074797158,-6.1804816337776582,-0.10544419816271833
639089884080939173,nan,86.465126061028059,0.015339973686278645,0.0081412724258664165,0,0,0,1,2,1.4430127456014572,-6.2803514605607216,-0.10544419816338423,1.4324767339344793,-6.2692021444001211,-0.11358547058925064
639089884081241075,nan,83.07264533551529,0.0098780213255367025,0.0040959636507068437,0,0,0,1,2,1.4356947016197126,-6.3581421392019788,-0.11358547058995216,1.4416606729100949,-6.3502692431738268,-0.11768143424065901
639089884081439179,nan,79.779609057486283,0.032609868695144109,0.0038994882378383944,0,0,0,1,2,1.4476784405751328,-6.4033883859505938,-0.11768143424162365,1.4582155547946962,-6.4342489232148479,-0.11378194600378526
639089884081639020,nan,71.485258567743742,0.010042689207912636,0.0043275651844197627,0,0,0,1,2,1.4748770721005355,-6.5187695439052211,-0.11378194600486127,1.4751348482529005,-6.5288089242636893,-0.11810951118928104
639089884081939344,nan,74.647331562243266,0.037069225968563352,0.0029480764823584388,0,0,0,1,2,1.5004203558527176,-6.6701267417639096,-0.11810951118996353,1.4985955025826443,-6.6331024602117834,-0.12105758767232197
639089884082139116,nan,84.410789278491734,0.0049346992399323672,0.004510249477277406,0,0,0,1,2,1.5141347570784518,-6.7021816842857014,-0.12105758767316147,1.5161424787777193,-6.6976738788144239,-0.11654733819588406
639089884082439510,nan,77.454686342862175,0.022669436133686435,0.011700651712153745,0,0,0,1,2,1.5423964999273074,-6.794286501456976,-0.11654733819646666,1.5284357857695876,-6.7764258801120807,-0.12824798990862041
639089884082639047,nan,72.448322909602297,0.040439729635345735,0.0078123331218484665,0,0,0,1,2,1.5365899666963405,-6.8286622773117722,-0.12824798990935427,1.5565559971660161,-6.8638294404083862,-0.1204356567875058
639089884082938989,nan,67.584549494533377,0.035836676884944067,0.0053099911215088585,0,0,0,1,2,1.5987115820242808,-6.9948579078349615,-0.12043565678825151,1.5872726046500967,-6.960895911327265,-0.12574564790976037
639089884083239167,nan,70.65164704316409,0.034120208581116751,0.008121733070773407,0,0,0,1,2,1.6179238329920811,-7.0577557799187787,-0.12574564791047108,1.6043645398832698,-7.0264454908110707,-0.13386738098124448
639089884083439209,nan,62.165569737825571,0.044192307359561353,0.0077049110912168206,0,0,0,1,2,1.6157338599824067,-7.070048168995152,-0.13386738098175946,1.6356767235162522,-7.1094847284778497,-0.12616246989054264
639089884083739230,nan,48.071083150733891,0.035317145171510994,0.0019142591910940587,0,0,0,1,2,1.6824812933870124,-7.233609441303547,-0.12616246989101856,1.6731982786717192,-7.1995341367434813,-0.12807672908211262
639089884083939015,nan,65.519423917047263,0.015639477132582558,0.0031975111802554079,0,0,0,1,2,1.698134988630787,-7.2593806960505667,-0.12807672908269235,1.7055826057714314,-7.2731330138154728,-0.12487921790243695
639089884084139110,nan,64.197138212732881,0.025806367107872877,0.0078270902797699798,0,0,0,1,2,1.7378835050579819,-7.3465422870292043,-0.12487921790287641,1.7433338386651789,-7.3717665302661493,-0.11705212762310643
639089884084439350,nan,57.197752005200485,0.053950179858845308,0.0013721243651245857,0,0,0,1,2,1.7996806506971434,-7.5189851450102108,-0.1170521276235611,1.7793136227012543,-7.469027101839802,-0.11842425198868568
639089884084739445,nan,56.262069238707262,0.025379961351349258,0.0051789215654502174,0,0,0,1,2,1.8151310764867896,-7.5658488621928157,-0.11842425198927514,1.8186816163273416,-7.5407184800819795,-0.12360317355472536
639089884084939231,nan,75.010531147516474,0.031304847607412964,0.004017214154617324,0,0,0,1,2,1.844936724351028,-7.5885305402543333,-0.12360317355529127,1.8573877955549238,-7.6172527321901669,-0.11958595940067394
639089884085239396,nan,75.998271124017819,0.025489605544713856,0.0034877954873957784,0,0,0,1,2,1.9153081090552784,-7.7317793520757707,-0.11958595940131653,1.9055389512569889,-7.7082361248811564,-0.12307375488871231
639089884085439234,nan,71.769696515445929,0.018486244645995627,0.005879054357997418,0,0,0,1,2,1.937555584876139,-7.7687327403152437,-0.12307375488913558,1.9504680368033274,-7.781961868266082,-0.11719470053113816
639089884085739370,nan,57.16067650530244,0.02506110541090343,0.0017210206517909166,0,0,0,1,2,2.0177457685286249,-7.892360304476929,-0.11719470053133381,2.0046102637643086,-7.8710174480841442,-0.11547367987954289
639089884085938991,nan,72.73533436849165,0.031213683681962021,0.011994759488359527,0,0,0,1,2,2.0407242265110206,-7.9304193248162207,-0.11547367987976041,2.0581780280126964,-7.9562970925355909,-0.10347892039140089
639089884086239055,nan,69.097848683273597,0.036552993711770336,0.0018505403023701267,0,0,0,1,2,2.1383213178595026,-8.0838848565425714,-0.10347892039164079,2.1184587575997331,-8.053199354278151,-0.10162838008927066
639089884086440368,nan,68.350047284532579,0.024414977216954469,0.004766742413277722,0,0,0,1,2,2.1588497164187457,-8.1181284832108336,-0.10162838008957234,2.176192518712615,-8.1353133114351763,-0.096861637676294618
639089884086739314,nan,70.067781465331919,0.044547038922317608,0.0009595105782333746,0,0,0,1,2,2.2615445631663911,-8.2567083840312367,-0.096861637676503826,2.2327574197199977,-8.2227122217633681,-0.0978211482547372
639089884086939273,nan,70.467336214026631,0.031456514268763419,0.0091321751616989799,0,0,0,1,2,2.2705910173755663,-8.2811692357420608,-0.097821148254784857,2.2890629422400082,-8.3066309772721159,-0.088688973093085877
639089884087239242,nan,82.060387828433448,0.033162783854461406,0.0027750352150460594,0,0,0,0,0,2.3733629704008448,-8.4322732435364181,-0.08868897309313728,2.353491112690862,-8.4057236766071455,-0.085913937878091221
639089884087439272,nan,118.22868654678105,0.015209853526044351,0.00084960734966746387,0,0,0,1,2,2.3964370925879899,-8.4717760422697808,-0.085913937878136573,2.4108166700262981,-8.4767325931854298,-0.085064330528469109
639089884087742543,nan,85.705932743154733,0.032817318699720606,0.0011063192736893851,0,0,0,0,0,2.4973151911524698,-8.5838779321282832,-0.08506433052848883,2.4771965205276851,-8.5579508131419697,-0.086170649802178215
639089884087939165,nan,115.97739988877153,0.026535670836138656,0.0020681499734593878,0,0,0,0,0,2.5201415941376428,-8.6104957105492108,-0.086170649802184016,2.5386284747961594,-8.6295319147465204,-0.084102499828724628
639089884088238996,nan,124.41904105074843,0.022391259527067664,0.0034550379266376219,0,0,0,1,2,2.6317968866919812,-8.7380926407996693,-0.084102499828722491,2.6103469320473911,-8.7316686273381698,-0.080647461902084869
639089884088438897,nan,88.017755798569084,0.01509520066243145,0.0032484031817654885,0,0,0,0,0,2.6579349242592238,-8.799440317773831,-0.080647461902049439,2.663792032357573,-8.8133528792836078,-0.07739905872028395
639089884088739169,nan,119.05306156566165,0.041048950677687254,0.011031374657755735,0,0,0,1,2,2.7434490933251086,-8.9350988840537724,-0.077399058720032277,2.7300844647693965,-8.8962864755314062,-0.066367684062276541
639089884088939001,nan,96.958086613395935,0.018341701519560372,0.00089886847900423616,0,0,0,0,0,2.7739834277751241,-8.9512052459122735,-0.066367684062197008,2.7901725781555871,-8.9598266973325043,-0.065468815583192772
639089884089138946,nan,110.28846358768546,0.021093761947264526,0.0014127072649906952,0,0,0,1,2,2.8499297861824999,-9.0230170030064549,-0.065468815582897785,2.8559968216048093,-9.0432194254916993,-0.06405610831790709
639089884089439144,nan,91.683349015059136,0.051549971247628688,0.0064655801206741567,0,0,0,0,0,2.9540738705870511,-9.1674732301061272,-0.064056108317678689,2.9224078653243342,-9.126795673071161,-0.057590528197004533
639089884089739289,nan,116.53369184416913,0.024086899126371415,0.0025782271366822027,0,0,0,1,2,2.9884209207254888,-9.2098710646428437,-0.05759052819671083,2.9714060332680252,-9.1928219498759756,-0.055012301060028627
639089884089939088,nan,96.89407460725721,0.039398869994830513,0.010386614493633747,0,0,0,1,2,3.0036341840729581,-9.2362502023036832,-0.055012301059800303,3.0222344487534851,-9.2709820480750196,-0.06539891555343405
639089884090239116,nan,83.929303831293325,0.025148728115690862,0.006277513020274246,0,0,0,1,2,3.0979015184983849,-9.3873371526992635,-0.065398915553141534,3.0835468604111163,-9.3666876413967035,-0.059121402532867288
639089884090439025,nan,79.433686703771031,0.0058545181587502651,0.0034046438016512789,0,0,0,1,2,3.1241244553248135,-9.4300272278163,-0.059121402532383301,3.1299757294067274,-9.4302220982590548,-0.06252604633403458
639089884090639329,nan,75.503037790737238,0.016299550939975881,0.0080058581603909551,0,0,0,1,2,3.176166855759853,-9.4934312219829931,-0.062526046333570118,3.1806594347330139,-9.5090994093387398,-0.070531904493961073
639089884090939187,nan,91.394283623357353,0.049029476068036246,0.0028404698545528434,0,0,0,1,2,3.255879941414257,-9.6261625022375679,-0.070531904493412192,3.2310806758721604,-9.5838672784873769,-0.067691434638859349
639089884091239114,nan,80.061332529555486,0.020687938935684165,0.0033744756562388151,0,0,0,1,2,3.2812018266518717,-9.6581901542915407,-0.067691434637962289,3.2663416844016915,-9.6437968575979056,-0.064316958981723474
639089884091439183,nan,66.921581846714801,0.038315642547607213,0.0048965994448465916,0,0,0,1,2,3.2897163155714018,-9.6835243601930561,-0.064316958980595182,3.3000068335265036,-9.7204322686145819,-0.069213558425441774
639089884091739321,nan,60.984528165603052,0.014114879772763078,0.0059787412095896608,0,0,0,1,2,3.3500642554346101,-9.8343830813123212,-0.069213558424715507,3.3455237742147035,-9.8210184316240117,-0.063234817215125846
639089884091938913,nan,64.241691997241304,0.0054148805878838123,0.0051611418243969059,0,0,0,1,2,3.3753411371031379,-9.8869106923660635,-0.063234817214264785,3.3777998422271374,-9.8917351820690538,-0.068395959038661691
639089884092239272,nan,55.929346446388429,0.02768174761295383,0.0095393910743305985,0,0,0,1,2,3.4259938665360772,-9.9973281182558491,-0.068395959036508913,3.4112207589078416,-9.9739179828031901,-0.058856567962178315
639089884092439309,nan,58.740575959983403,0.021173691839270144,0.0067628714970828924,0,0,0,1,2,3.4334127853782386,-10.028488684939445,-0.05885656796058461,3.4371233344140939,-10.049334716982903,-0.065619439457667503
639089884092739337,nan,50.587284038434078,0.013775574695483923,0.0050076052532066276,0,0,0,1,2,3.4758206819064874,-10.162004114224478,-0.065619439456351861,3.4661725003602686,-10.152171563637674,-0.060611834203145233
639089884092939229,nan,56.66860635821147,0.011551534794127436,0.0074673828015406132,0,0,0,1,2,3.4854236818747411,-10.220322601261104,-0.06061183420174928,3.4944211742691791,-10.227567122412427,-0.068079217003289894
639089884093239337,nan,53.778158530621575,0.015944735945587856,0.0096364462275915566,0,0,0,1,2,3.5365059988744005,-10.339891293001097,-0.068079217001327907,3.5293353729231227,-10.325649919196531,-0.058442770773736351
639089884093439249,nan,64.488590446076714,0.021298841262609711,0.0074508430452747687,0,0,0,1,2,3.5523244032437504,-10.390231908075918,-0.058442770772497321,3.5520704852532887,-10.411529235720108,-0.06589361381777209
639089884093739282,nan,59.120724695231786,0.027733396039506718,0.0064456293488640501,0,0,0,1,2,3.5858414096091593,-10.539095084524094,-0.065893613816094251,3.5817788868941784,-10.51166085107254,-0.059447984467230201
639089884093939782,nan,67.444194292883012,0.020038382332097298,0.0070742198345937896,0,0,0,1,2,3.6013115389717565,-10.577495291722922,-0.059447984465641646,3.5968952202023678,-10.597040953518176,-0.066522204300235435
639089884094239234,nan,74.42876597570816,0.01958696756852206,0.0020951391586727236,0,0,0,1,2,3.6192994433929684,-10.723584529412475,-0.066522204299371543,3.6180663911559137,-10.704036412349417,-0.064427065140698819
639089884094439839,nan,60.118043863770779,0.0079983544281646973,0.0033585309009743214,0,0,0,1,2,3.6320873518967969,-10.774895937834208,-0.064427065139611897,3.639527386461276,-10.777831846422345,-0.067785596040586218
639089884094739257,nan,59.857774115270679,0.028070275840676461,0.005520229124150039,0,0,0,1,2,3.6711358304882267,-10.886520134833452,-0.067785596039923568,3.6662862664070395,-10.858871950191524,-0.062265366915773529
639089884094939306,nan,68.595547300751804,0.038182660008153103,0.0096334260096682112,0,0,0,1,2,3.6839230766432931,-10.912285580904031,-0.062265366915389309,3.6842212829564707,-10.950467076399795,-0.07189879292505752
639089884095239449,nan,50.863298686777568,0.025748981491548129,0.0041728009450983511,0,0,0,1,2,3.7108883322581168,-11.086657179132869,-0.071898792924602342,3.6947141982194922,-11.066622024130906,-0.067725991979503991
639089884095439296,nan,46.888830077416742,0.0036159294652697463,0.0054210010762833355,0,0,0,1,2,3.701634832170126,-11.143232370698266,-0.067725991979195307,3.7029792344776582,-11.146589084617162,-0.073146993055478643
639089884095739334,nan,43.326597842487487,0.017038200012320343,0.00066288972603774365,0,0,0,1,2,3.7152288144574359,-11.26510797220296,-0.07314699305477998,3.70863145870698,-11.249398893402415,-0.072484103328742236
639089884095939209,nan,48.912866113566977,0.0078409853791751236,0.0033005126570546245,0,0,0,1,2,3.7123610304023416,-11.317237064234684,-0.072484103328373947,3.7108448817442614,-11.324930070471718,-0.075784615985428572
639089884096239166,nan,57.558767234707133,0.012607199104208931,0.0024600159259795112,0,0,0,1,2,3.7141326596631372,-11.43712269337861,-0.075784615985336062,3.7239565340814083,-11.429221240305459,-0.078244631911315574
639089884096439253,nan,44.102415201934818,0.027326191172478399,0.0038236502025761482,0,0,0,0,0,3.7326579092968757,-11.498432700238123,-0.078244631911217277,3.7256931497172481,-11.524856417765996,-0.082068282113793425
639089884096739146,nan,55.281633816162618,0.032657415446994742,0.0020655455586567062,0,0,0,1,2,3.7282747284737754,-11.667023594781782,-0.082068282113686164,3.7246357262003089,-11.634569558882816,-0.080002736555029458
639089884096939303,nan,32.793977070113833,0.011552630006504269,0.0028704037993189796,0,0,0,1,2,3.7239383314006838,-11.706927864556693,-0.080002736554685927,3.7193642182353464,-11.717536387018274,-0.082873140354004907
639089884097239258,nan,34.044504251027,0.028770784803440565,0.011755897644104243,0,0,0,1,2,3.7115369854089937,-11.840727072680995,-0.08287314035325434,3.7112049672874727,-11.811958203704741,-0.071117242709150097
639089884097438921,nan,40.643017924813535,0.0047812250653082346,0.002032191891716037,0,0,0,1,2,3.7058603620023942,-11.873807918061265,-0.071117242708373551,3.7068038517731647,-11.878495128337921,-0.073149434600089588
639089884097672729,nan,54.269706620928659,0.0068640307515427153,0.00073253903084226357,0,0,0,1,2,3.7017059825476619,-11.955565711771683,-0.073149434598998919,3.7026475826198499,-11.962364851971898,-0.073881973629841183
639089884097939334,nan,53.808643587151721,0.011815014728363681,0.0075937081843130416,0,0,0,1,2,3.6979685543683125,-12.05678337778345,-0.073881973628209668,3.6891284349519973,-12.048944572916843,-0.066288265443896627
639089884098239869,nan,43.342626755642456,0.018435052059205956,0.007349051027195283,0,0,0,1,2,3.6740850895730115,-12.145285605427947,-0.066288265441701744,3.6656359223655079,-12.128900773481135,-0.058939214414506461
639089884098439186,nan,53.913972175114303,0.011876684750425782,0.002324076354823415,0,0,0,1,2,3.6502887933376864,-12.181134357356717,-0.058939214412509953,3.6426959363211564,-12.190266945324403,-0.061263290767333368
639089884098741197,nan,46.21402998599725,0.026306387933318302,0.0065118418416819576,0,0,0,1,2,3.6082880002411715,-12.282310737948089,-0.061263290765052748,3.6289887750845935,-12.266077932676659,-0.054751448923370791
639089884098939359,nan,50.305151446715847,0.012728103061915241,0.0078438719415978644,0,0,0,1,2,3.6201108459294371,-12.315179607580758,-0.0547514489213295,3.6159322387622157,-12.327202246629518,-0.062595320862927364
639089884099239184,nan,58.481191342209208,0.030565372246392331,0.010720687301067858,0,0,0,1,2,3.5964454435529567,-12.418429886096531,-0.062595320860837744,3.6131357569669635,-12.392823726316065,-0.051874633559769887
639089884099439822,nan,52.070551735089253,0.022578233993266642,0.011996763045989331,0,0,0,1,2,3.6112995665160117,-12.435911271023965,-0.051874633557714392,3.5925158305221245,-12.44843915641483,-0.063871396603703723
639089884099739862,nan,53.253545172116773,0.026127064697949523,0.0081556173870587362,0,0,0,1,2,3.5620078461532891,-12.530724351595234,-0.063871396601782343,3.5705845448862288,-12.506045134659212,-0.055715779214723607
639089884099938863,nan,57.576449324537691,0.0099392739234669333,0.0099107144479547229,0,0,0,1,2,3.5563437254032224,-12.543450891482584,-0.055715779212803566,3.5528383807694257,-12.552751521844232,-0.065626493660758289
639089884100238965,nan,37.898311537560112,0.011467151740314083,0.0091964443932973858,0,0,0,1,2,3.5264917991804414,-12.622093472735562,-0.065626493658325069,3.5318306291502117,-12.611944952469569,-0.056430049265027683
639089884100439420,nan,48.599293292092852,0.0028265989655131586,0.0047468667932120401,0,0,0,1,2,3.5180297200615631,-12.650831701014251,-0.05643004926268156,3.5158395249051266,-12.65261851574683,-0.0611769160558936
639089884100739408,nan,45.188231924433943,0.015543492530387056,0.0083144253450782857,0,0,0,1,2,3.4924257042547864,-12.712171846222851,-0.061176916054142529,3.4906832281573954,-12.696726331110295,-0.052862490709064243
639089884100939254,nan,56.17480463390612,0.0071510446486731565,0.010401171441442196,0,0,0,1,2,3.4742858036122275,-12.725476770077025,-0.052862490707839986,3.4741746751453952,-12.732626951195792,-0.063263662149282182
639089884101239171,nan,82.648438439406149,0.0096047915995387447,2.2573538641129653e-05,0,0,0,1,2,3.4497182355749216,-12.785811584944447,-0.063263662147898941,3.4570795156804817,-12.791981153558059,-0.063241088609257812
639089884101439442,nan,35.682387931356189,0.021205382763934463,0.0063870893858787026,0,0,0,1,2,3.4458692099490698,-12.83090320961087,-0.063241088607927473,3.424922184086951,-12.827603154202745,-0.069628177993806176
639089884101739055,nan,48.264670305297003,0.030573105910316853,0.0099936418838214788,0,0,0,1,2,3.3776256869257768,-12.879995432071524,-0.069628177992622817,3.3906210636423011,-12.852321708270795,-0.059634536108801338
639089884101939189,nan,51.45620219037086,0.0035366949687440077,0.008905370477582733,0,0,0,1,2,3.3681540421302159,-12.868512208137721,-0.059634536107737571,3.3713590084681639,-12.870007668626855,-0.068539906585320304
639089884102239229,nan,73.18058038573038,0.01622213459088374,0.0010328413258742369,0,0,0,1,2,3.3431805967706048,-12.895880415209415,-0.068539906584335591,3.3536687510170182,-12.908256047362489,-0.069572747910209828
639089884102439351,nan,73.686035350565831,0.023473830741791015,0.0097670064203989049,0,0,0,1,2,3.342164488900341,-12.933129590086661,-0.069572747909566926,3.3228744856115355,-12.946505557446525,-0.079339754329965831
639089884102739383,nan,50.700740636435604,0.052786847096662703,0.013173181268134465,0,0,0,0,0,3.2776942699005152,-13.002623834459552,-0.07933975432965247,3.2884031124690392,-12.95093464877,-0.066166573061518005
639089884102941255,nan,61.292032235611437,0.0016060581148351475,0.0039358659036735633,0,0,0,1,2,3.2659933886914168,-12.953813986147559,-0.066166573061245376,3.2671096917547384,-12.952659304313006,-0.070102438964918939
639089884103239341,nan,78.408294013592936,0.019579445609061736,0.0058088702826533389,0,0,0,1,2,3.2359140336911105,-12.955185989213428,-0.070102438964242605,3.2423285370280537,-12.973684876674531,-0.064293568681589267
639089884103439192,nan,46.870195199613484,0.032354464008441552,0.0067700109016192583,0,0,0,1,2,3.2261577164353401,-12.987405010472461,-0.06429356868089782,3.1948262977174537,-12.995476784899315,-0.071063579582517078
639089884103739866,nan,39.891100320395793,0.024274099993978379,0.0049530987091112033,0,0,0,1,2,3.1244226654041989,-13.027774830556282,-0.071063579581677194,3.1406871899431072,-13.009755475072778,-0.066110480872565991
639089884103939446,nan,57.974879737754087,0.0043386688063629716,0.0069945010583891409,0,0,0,1,2,3.1051674035776071,-13.019123491011541,-0.066110480871430302,3.1095003019894163,-13.018899798445172,-0.073104981929819443
639089884104239171,nan,52.545007308599075,0.011002145049732799,0.010307574387354759,0,0,0,1,2,3.0630447106350829,-13.032521066153276,-0.073104981928053675,3.0735575829059965,-13.029276576623193,-0.062797407540698916
639089884104439346,nan,67.311560997152142,0.0075041886480787306,0.0080457896613243124,0,0,0,1,2,3.0499168863131869,-13.036101721486277,-0.062797407539033887,3.0425540785989651,-13.037551517964873,-0.070843197200358199
639089884104739214,nan,38.193074174754422,0.016063307367036424,0.0072612069882364155,0,0,0,1,2,2.9966274089516163,-13.049809503177995,-0.070843197198012672,2.9823190254212633,-13.057110188372976,-0.063581990209776257
639089884104939168,nan,38.231224729770091,0.013079080402146757,0.0076621569143730389,0,0,0,1,2,2.9427944287175123,-13.069944053691584,-0.063581990207022238,2.932089516918134,-13.062429587141432,-0.071244147121395277
639089884105240050,nan,48.934392985362798,0.020236144020138954,0.011617103926295169,0,0,0,1,2,2.8574136566984274,-13.070337900217229,-0.071244147117916268,2.8775118593929965,-13.072696665413645,-0.059627043191621099
639089884105439198,nan,47.561857676364269,0.0068308090709398323,0.0088815309713693516,0,0,0,1,2,2.8418147477194173,-13.079411959844808,-0.059627043188237853,2.8357506822841594,-13.076267589802885,-0.068508574159607205
639089884105739544,nan,38.587423818561234,0.0030769031413590158,0.0073005339811385642,0,0,0,1,2,2.7732982706066411,-13.081607785062348,-0.068508574156562974,2.7762498626912668,-13.080738626211918,-0.061208040175424409
639089884105939485,nan,87.040569803326321,0.0066686282977581075,0.0073565854138404052,0,0,0,1,2,2.7372456072544047,-13.083669500901689,-0.061208040172804512,2.7339387597978004,-13.077878528334631,-0.068564625586644917
639089884106239087,nan,74.695939661651167,0.012473928497763522,0.0099735109984636916,0,0,0,1,2,2.6712446752919949,-13.073640604816896,-0.068564625582997585,2.6734810398776054,-13.085912424796327,-0.058591114584533893
639089884106438777,nan,46.600349986908121,0.020673280229357428,0.0075861531666683441,0,0,0,1,2,2.6338175251815468,-13.091183092806892,-0.058591114581063419,2.6133058549884041,-13.088603189450314,-0.066177267747731763
639089884106720349,nan,69.807947915799772,0.023410745109418794,0.0072558160049277995,0,0,0,1,2,2.529438958467717,-13.092353341298008,-0.066177267745781337,2.5512021698094078,-13.083726312917674,-0.058921451740853538
639089884107039255,nan,83.800081536548007,0.027397409127617185,0.0090582459088274503,0,0,0,1,2,2.4815707360853163,-13.078258297548146,-0.058921451738879554,2.5087780870220584,-13.081479800599674,-0.049863205830052104
639089884107239360,nan,49.548541324426367,0.025052999436923313,0.007699320057614055,0,0,0,1,2,2.4824295364203541,-13.08008454725301,-0.049863205827699604,2.4573765374366516,-13.080079781848388,-0.057562525885313659
639089884107439591,nan,40.932560403414023,0.035832238899535927,0.0081094060337349103,0,0,0,1,2,2.4067706620345999,-13.078701434793494,-0.057562525883734734,2.3730522774808334,-13.066576259015893,-0.065671931917469645
639089884107739241,nan,49.460602778477245,0.048612750645217834,0.0045555737986925221,0,0,0,1,2,2.2487820096530178,-13.046675860246992,-0.06567193191589514,2.2967946795153882,-13.054290520973588,-0.061116358117202618
639089884107939286,nan,105.79582691901155,0.008942893641117956,0.0091066408679913724,0,0,0,1,2,2.2462370830295391,-13.04614526852602,-0.061116358114921707,2.2531797362585952,-13.051782192582403,-0.070222998982913079
639089884108238830,nan,44.154667119452206,0.013836159126069746,0.011846415484827837,0,0,0,1,2,2.1887048508771754,-13.048074193134406,-0.070222998980614501,2.1909598030659097,-13.03442302139025,-0.058376583495786664
639089884108539392,nan,51.820956674944561,0.01491142514055005,0.0082907820837181054,0,0,0,1,2,2.1292965219252045,-13.017219154419251,-0.058376583494299299,2.1373098799977552,-13.004643913184058,-0.050085801410581193
639089884108738908,nan,62.149221848809553,0.019220963016726492,0.0066612087800229924,0,0,0,1,2,2.1019304748581527,-12.985006100608176,-0.050085801409391804,2.0827320875795032,-12.984074786918081,-0.056747010189414797
639089884108939026,nan,220.43469168266932,0.0072861347150932534,0.0030698278999053905,0,0,0,1,2,2.0286897826708019,-12.963707473691983,-0.056747010187736452,2.0222279941504739,-12.96034101439399,-0.059816838087641842
639089884109239170,nan,76.354221426207999,0.01769951006771581,0.0033476991458567668,0,0,0,1,2,1.9325254816161537,-12.925153659180971,-0.059816838086658483,1.936046301171223,-12.942499450782908,-0.056469138940801716
639089884109439020,nan,41.748939892808224,0.010916235323752075,0.0062161101973100749,0,0,0,1,2,1.8792064926240375,-12.930732322234151,-0.056469138939899695,1.8816607460434531,-12.920095554219532,-0.06268524913720977
639089884109738928,nan,59.419495842973205,0.019754060267639702,0.0051519852913046726,0,0,0,1,2,1.8006820849170955,-12.886736741508082,-0.062685249136083268,1.819802390570942,-12.891700289509364,-0.057533263844778595
639089884110038937,nan,43.102884581540515,0.0065061797749973033,0.0099678042171833653,0,0,0,1,2,1.7583235991979942,-12.863479258708249,-0.057533263843620022,1.7622148921048717,-12.858265026763133,-0.047565459626436657
639089884110238783,nan,42.276595486008318,0.031901155541305279,0.010383340664174692,0,0,0,1,2,1.7241059250186481,-12.836138986190871,-0.047565459625590667,1.6963125709809359,-12.820479701526336,-0.057948800289765359
639089884110539127,nan,53.337821491701611,0.025403129884116801,0.001849661702049879,0,0,0,1,2,1.5982354236836398,-12.764246827695439,-0.057948800289349296,1.6148846431199868,-12.783433346401804,-0.056099138587299417
639089884110739074,nan,43.862543938760751,0.0088138808646523216,0.009614378131744622,0,0,0,1,2,1.5611482288238794,-12.758985490003786,-0.056099138586874722,1.5533026565709096,-12.754969087145541,-0.065713516718619344
639089884110939006,nan,47.387484596796376,0.016984058144049182,0.0042501195511828876,0,0,0,1,2,1.4921463237469057,-12.726701572402778,-0.065713516718127335,1.4805535741543934,-12.714289224199245,-0.069963636269310223
639089884111239099,nan,47.609488981162293,0.042193909888480687,0.0057787168093808294,0,0,0,1,2,1.372152137629846,-12.653673262670649,-0.069963636268989118,1.4124821264307916,-12.666075602570556,-0.064184919459608289
639089884111539132,nan,42.086704194805357,0.020655573805135188,0.0010202566550263775,0,0,0,1,2,1.3452085732227337,-12.618427113395466,-0.064184919459198062,1.3634434687404162,-12.628129758121446,-0.063164662804171684
639089884111738664,nan,42.218775111514404,0.036344043255296415,0.0023484106370677826,0,0,0,1,2,1.3311892703455606,-12.603171636248502,-0.063164662803747995,1.3008053865274256,-12.583228991382063,-0.065513073440815778
639089884112038891,nan,80.172056205005077,0.012326625930201354,0.0049045534554551309,0,0,0,1,2,1.2077910201391875,-12.51655363637345,-0.065513073440321229,1.2134716812940038,-12.527493279679668,-0.060608519984866098
639089884112244873,nan,72.400578075815204,0.018960417169124746,0.0058955391199052229,0,0,0,1,2,1.154023805731677,-12.489554094060486,-0.06060851998475638,1.1444959885930119,-12.473161470115571,-0.066504059104661603
639089884112439151,nan,52.231414824963629,0.0084218165140064419,0.00049135470343981968,0,0,0,0,0,1.0800147634605137,-12.422369930267676,-0.066504059104460306,1.0772815471158794,-12.414403970073888,-0.066995413807900125
639089884112739105,nan,83.874987411753608,0.04341183695672534,0.00030676334891784063,0,0,0,1,2,0.97432103509042556,-12.324397980934107,-0.066995413807553153,1.0040986498308491,-12.355987239366812,-0.067302177156470994
639089884112939001,nan,63.091045610877089,0.013530205912189463,0.0029828409403819811,0,0,0,0,0,0.95563047492886144,-12.317298523476193,-0.067302177156263535,0.94674316563683603,-12.307096454785279,-0.070285018096645516
639089884113239153,nan,61.94475418543152,0.018151775579086388,0.005649357726360979,0,0,0,1,2,0.86116683939182026,-12.234149747238162,-0.070285018096559945,0.8769183210478777,-12.243170710729519,-0.064635660370198966
639089884113539381,nan,65.316063378804529,0.007796691317590464,0.0027178349058989831,0,0,0,1,2,0.80756751094938506,-12.179678952709667,-0.064635660370057552,0.80930161645560827,-12.187280352159444,-0.067353495275956535
639089884113739091,nan,62.48920339347594,0.032095246418476289,0.00012641798550661054,0,0,0,0,0,0.76453261700524244,-12.150275362827408,-0.067353495275839392,0.74490018394707225,-12.12488496277386,-0.067227077290332782
639089884114039047,nan,88.051132796795116,0.025367324352279369,0.0034419345372797838,0,0,0,1,2,0.64881250657028966,-12.031790324789123,-0.067227077290265252,0.66487923003753679,-12.051420952436265,-0.063785142752985469
639089884114238954,nan,81.620612642728304,0.021629606509189471,0.0043711190557627483,0,0,0,0,0,0.61195209879080381,-12.002830687923236,-0.063785142752936008,0.59661655917960854,-11.987577455394495,-0.068156261808698756
639089884114439121,nan,95.40758368090286,0.010906059858368945,0.00085598934740289956,0,0,0,1,2,0.52899170487046776,-11.92433048407365,-0.068156261808663382,0.52085049915780368,-11.917073562468836,-0.067300272461260482
639089884114739006,nan,84.227771100444315,0.045815637770025293,0.0013254811236311365,0,0,0,0,0,0.40852205385804241,-11.812546645302483,-0.067300272461203722,0.44322111544938436,-11.842463994599411,-0.068625753584834859
639089884115038960,nan,87.262747303971778,0.018906894962347941,0.0013205002207504479,0,0,0,1,2,0.36604915338217864,-11.768294054476012,-0.068625753584701396,0.38142596466023376,-11.779295161331067,-0.067305253363950948
639089884115238968,nan,54.922938192358743,0.035689542002862958,0.0033545645151301789,0,0,0,0,0,0.34033491874259336,-11.737290677237324,-0.067305253363773396,0.32384454039935934,-11.705639281842,-0.063950688848643217
639089884115539119,nan,82.31424202366091,0.025403317913705623,0.0016387812005712182,0,0,0,1,2,0.23799461388491672,-11.595823452819694,-0.06395068884859352,0.24538091995226891,-11.620129234924045,-0.065589470049164739
639089884115739028,nan,70.293804283915122,0.017930149450128031,0.0018161549757345907,0,0,0,0,0,0.19354303397971812,-11.563636046916878,-0.065589470049098403,0.17921392410281356,-11.552857973367328,-0.067405625024832994
639089884116038935,nan,86.085156571032527,0.036444901308295016,0.00024265017133608124,0,0,0,1,2,0.080716915457919078,-11.452717141128538,-0.0674056250246408,0.10445415130362773,-11.480371697096345,-0.067648275195976881
639089884116239021,nan,80.729507707102869,0.0365383762102146,0.0043762063557187814,0,0,0,0,0,0.054869643718307305,-11.432295088767898,-0.067648275195895183,0.036753440306654388,-11.400564092722599,-0.072024481551613964
639089884116539390,nan,67.418871963914853,0.038920662587871233,0.0068186730422093028,0,0,0,1,2,-0.06411240379177166,-11.28166044662956,-0.072024481551401384,-0.035869162352233815,-11.30843986576566,-0.065205808509192081
639089884116739061,nan,60.21786056526949,0.016851069761857178,0.0051530090159908615,0,0,0,1,2,-0.083901889211779795,-11.247508727682469,-0.065205808508948415,-0.095527855835262784,-11.235310553549073,-0.070358817524939277
639089884117039068,nan,75.271568788751964,0.032830969389614398,0.0098898780261180291,0,0,0,0,0,-0.18456128058629173,-11.126173850476921,-0.070358817524812059,-0.16353087587622911,-11.151384852614733,-0.06046893949869403
639089884117238890,nan,97.537459482754784,0.023596879228717473,0.00029420962940910483,0,0,0,1,2,-0.2081116102841376,-11.096365687567394,-0.060468939498572627,-0.21977698708333118,-11.075853942310895,-0.060174729869163522
639089884117539073,nan,108.20593187840207,0.039838732712498638,0.0060790868454084074,0,0,0,0,0,-0.30367402984290476,-10.963191575519028,-0.060174729868899497,-0.28306040325209941,-10.997282674400008,-0.05409564302349109
639089884117739045,nan,167.84641426334122,0.019621967919584492,0.0030855304867564506,0,0,0,1,2,-0.32474183904040976,-10.9455319400607,-0.054095643023196562,-0.33744811816806741,-10.930579612624236,-0.051010112536440111
639089884118039054,nan,154.64678822985175,0.012291837412396126,0.0016684823040783101,0,0,0,1,2,-0.41845018274642165,-10.831235749292542,-0.051010112536268949,-0.40616215542854922,-10.831541774794751,-0.049341630232190639
639089884118239009,nan,157.80854326640164,0.013551965510427939,0.0022181152483575356,0,0,0,0,0,-0.45169512475306078,-10.765914910013668,-0.049341630231844236,-0.46054738403708934,-10.755653658883121,-0.0471235149834867
639089884118539288,nan,211.94701204952278,0.023511933909792775,0.0047016523134563309,0,0,0,1,2,-0.54158611339793672,-10.642573753835126,-0.047123514983095936,-0.52626126907822401,-10.660405191880193,-0.042421862669639605
639089884118739004,nan,140.22583333327779,0.056586077320977743,0.0041267234149002241,0,0,0,1,2,-0.56964265858155416,-10.597526382568239,-0.042421862669014619,-0.58909882360239185,-10.544390313940069,-0.046548586083914843
639089884119038992,nan,162.43376197999382,0.076729239502335567,0.011744566558529609,0,0,0,1,2,-0.68263315285371895,-10.371701006192891,-0.04654858608294437,-0.65032191482908863,-10.441295259489571,-0.03480401952441476
639089884119238935,nan,138.80783198840595,0.0047843265464668164,0.0050404237777847208,0,0,0,1,2,-0.69070508433100197,-10.37329305680321,-0.034804019523409911,-0.69167988604630304,-10.368609090308979,-0.039844443301194632
639089884119538993,nan,150.90051356404513,0.01434279679975055,0.008376932999430875,0,0,0,1,2,-0.75295035983154779,-10.260926921859777,-0.03984444330012335,-0.74420933790882926,-10.272298392995276,-0.031467510300692475
639089884119738935,nan,125.19257683715894,0.0092467746480660133,0.0061986694712106716,0,0,0,1,2,-0.77891094709368824,-10.20867434857829,-0.031467510298774447,-0.78627830446877034,-10.203086425287841,-0.037666179769985118
639089884120038853,nan,136.12142622580231,0.015406237949851492,0.0062773611312175112,0,0,0,1,2,-0.84873066528339258,-10.10033964699948,-0.037666179768576724,-0.8342748121723832,-10.095012313839224,-0.031388818637359213
639089884120238924,nan,123.21125126436442,0.02482257347690521,0.0065030356806103223,0,0,0,1,2,-0.86587528378873979,-10.02385728496953,-0.031388818635891616,-0.87114106563152249,-9.9995996738835107,-0.037891854316501938
639089884120541118,nan,109.56611644694119,0.066880676672608302,0.0045168528111329542,0,0,0,1,2,-0.92634075703040253,-9.8567387160445161,-0.037891854315420512,-0.90690355496408126,-9.9207326226920944,-0.033375001504287558
639089884120739131,nan,106.41240904706936,0.02680815933927749,0.015588988041271186,0,0,0,1,2,-0.93009284029690231,-9.8695932700472291,-0.03337500150359593,-0.93104089546558988,-9.842801879666041,-0.048963989544867116
639089884121039032,nan,96.003290086390905,0.0021405812703837474,0.0033212390991707724,0,0,0,1,2,-0.96734813563541922,-9.7255789319480304,-0.048963989543882008,-0.96540537633165668,-9.7264776946880023,-0.045642750444711236
639089884121238917,nan,85.884858113623579,0.006676102137083118,0.0085134995914238759,0,0,0,1,2,-0.9880590650857809,-9.6497946831989001,-0.045642750444062616,-0.99420678201371893,-9.647191624167931,-0.054156250035486492
639089884121539078,nan,103.59333991891181,0.029921107467957658,0.0035628128439460019,0,0,0,1,2,-1.0371275050829978,-9.5290371315154179,-0.054156250034689365,-1.021921140619783,-9.5548060886522705,-0.050593437190743364
639089884121739143,nan,82.858492500411003,0.028217297821957244,0.0052658759768888092,0,0,0,1,2,-1.0402274676028773,-9.4937821318760207,-0.050593437190116802,-1.044494992231944,-9.4658894064818728,-0.055859313167005611
639089884122039110,nan,81.425027626321921,0.022462794821104737,0.00050434228713859552,0,0,0,1,2,-1.0781017646049764,-9.333514889753145,-0.055859313166500703,-1.0691004213187114,-9.3540952923298164,-0.055354970879362107
639089884122238732,nan,100.72522859802187,0.0037682189869435007,0.0080460026727870726,0,0,0,1,2,-1.0853759860244041,-9.280147695960693,-0.05535497087905554,-1.086356443501767,-9.2765092653280377,-0.063400973551842613
639089884122538896,nan,93.569710245370274,0.024583808793712612,0.005093295427815496,0,0,0,1,2,-1.11209899921929,-9.1607663321185679,-0.063400973551652848,-1.1017876693927977,-9.1830831448841739,-0.058307678123837352
639089884122739125,nan,76.028155647915909,0.019432220437508606,0.0085559986178753294,0,0,0,1,2,-1.1120258928633651,-9.1210973048837118,-0.058307678123694334,-1.1130832588133015,-9.1016938730125236,-0.066863676741569664
639089884123038908,nan,72.588958656546041,0.010468943177473428,0.00143631921466085,0,0,0,0,0,-1.1299018163415475,-8.9805093911588667,-0.06686367674147542,-1.1315385282439845,-8.9908496012825339,-0.06542735752681457
639089884123238855,nan,94.110290572683994,0.018650266236951329,0.0068140252957843012,0,0,0,1,2,-1.1437677945471494,-8.9173993532513265,-0.065427357526759197,-1.1468525959645131,-8.8990059731670517,-0.072241382822543498
639089884123538889,nan,84.407806586201076,0.023429200366086554,0.004153437141606528,0,0,0,1,2,-1.1697095627960441,-8.761925035572073,-0.072241382822414782,-1.1613505869530034,-8.7838123595896338,-0.068087945680808254
639089884123739061,nan,79.5656646991701,0.011462758229522472,0.001328010030785462,0,0,0,0,0,-1.1709900268921511,-8.7072223051238495,-0.068087945680737214,-1.1652669289254363,-8.697290488779803,-0.069415955711522676
639089884124039062,nan,75.16133282912331,0.010258654158582266,0.0052119555318844296,0,0,0,1,2,-1.1711060251758163,-8.5682901269682645,-0.069415955711515751,-1.1764106872185789,-8.5770708186128601,-0.07462791124340018
639089884124238837,nan,101.14845258909229,0.017152156103354198,0.0040767250392455961,0,0,0,0,0,-1.1837815795629512,-8.4975530990817596,-0.074627911243396627,-1.1865780849268677,-8.4806304510400548,-0.078704636282642224
639089884124539055,nan,89.325296654509501,0.023728791498727166,0.00140803096268452,0,0,0,1,2,-1.2017573299948698,-8.3366514294815293,-0.078704636282621754,-1.1964942169913717,-8.3597891732674405,-0.080112667245306274
639089884124739037,nan,80.613657237396481,0.019296194641416711,0.0034137396474531595,0,0,0,0,0,-1.2030613415568983,-8.2797600128419901,-0.080112667245300861,-1.2026127594099576,-8.2604690330406196,-0.076698927597847702
639089884125039061,nan,120.28423748653097,0.031011890672805374,0.0060501076482366301,0,0,0,1,2,-1.2117470929793357,-8.1121946191486138,-0.076698927597863412,-1.2070778478554121,-8.142852986898296,-0.082749035246100042
639089884125238965,nan,70.851610129066401,0.024829735310746497,0.000686466686993778,0,0,0,0,0,-1.2100423920572543,-8.0647631636183608,-0.082749035246023034,-1.2129961324822662,-8.0401097424946428,-0.082062568559029256
639089884125538912,nan,89.283174543227787,0.015561001149248996,0.0018443672108784948,0,0,0,1,2,-1.2218336245270496,-7.8866881579779893,-0.082062568559024496,-1.2217057295202975,-7.9022486335373729,-0.080218201348146001
639089884125738778,nan,74.648254267371357,0.023730211295970308,0.0017313532099324791,0,0,0,0,0,-1.2274805320345843,-7.8108413416555038,-0.080218201348116525,-1.2273418666980844,-7.7871115355021479,-0.078486848138184045
639089884126039065,nan,121.60995360311847,0.071589970187510732,0.0029688311307148607,0,0,0,1,2,-1.2357588705789657,-7.6151658623529306,-0.078486848138193288,-1.2285910151421373,-7.6863960924514316,-0.081455679268908149
639089884126239048,nan,78.197813028080191,0.039164109256741526,0.0039883530754941249,0,0,0,0,0,-1.229420410411133,-7.6195242067450026,-0.081455679268926676,-1.2308197099132745,-7.5803851033472842,-0.085444032344420801
