stamp,rt_correlative_score,ceres_final_cost,translation_residual,rotation_residual,num_filtered_points,was_outlier,medium_outlier_streak,inserted_to_submap,num_insertion_submaps,pose_prediction_x,pose_prediction_y,pose_prediction_yaw,pose_estimate_x,pose_estimate_y,pose_estimate_yaw
639089883933440120,nan,nan,0,0,0,0,0,1,1,0,0,-1.2728637588388435e-12,0,0,-1.2728637588388435e-12
639089883933640021,nan,397.09552137739098,0.0029592841216479803,0.00654466607034107,0,0,0,1,1,0,0,-2.5735941155957748e-12,0.0027852746910438015,-0.00099980368476452141,0.0065446660677674759
639089883933940170,nan,296.91463754927724,0.025684947788032094,0.006654430638311561,0,0,0,1,1,0.0071065352743124015,-0.0025509656824921232,0.0065446660662562915,0.030527005506782785,0.0079940860937630955,-0.00010976457205526943
639089883934140199,nan,236.42965163587169,0.028415043549800716,0.0058845745607254991,0,0,0,1,1,0.049075955753316053,0.014007669569602504,-0.00010976457366738397,0.075918211657375029,0.023330115488892269,0.0057748099870581155
639089883934440225,nan,236.05981681595529,0.020886685832816995,0.0083197938437656882,0,0,0,1,1,0.14363646132050836,0.0462096367771134,0.0057748099853222479,0.12341292925146005,0.040988296361954404,-0.0025449838584434403
639089883934639752,nan,193.40524085747285,0.0083246905371826118,0.006224119080100031,0,0,0,1,1,0.1549249664791571,0.052704236180799467,-0.0025449838601946922,0.14673521849533522,0.051211419882207065,0.0036791352199053392
639089883934940066,nan,199.34725360835111,0.0097856003596827057,0.0075972582389180338,0,0,0,1,1,0.1819148871090645,0.066632122964952661,0.0036791352180856082,0.17225560118521865,0.065064905736609474,-0.003918123020832426
639089883935140108,nan,160.73837092835188,0.0087488325324676861,0.0086990696307432148,0,0,0,1,1,0.18936395256437979,0.074352004080840348,-0.0039181230226516652,0.19611746274100725,0.079913673881840258,0.0047809466080915488
639089883935442225,nan,141.67235034430442,0.0014970113277683365,0.0066049913178882428,0,0,0,1,1,0.23203398846190859,0.10226382295822302,0.0047809466065253155,0.23275643120914644,0.10095267102483385,-0.0018240447113629277
639089883935639877,nan,147.76501143851399,0.0054277575886498139,0.0084630284490004645,0,0,0,1,1,0.25667928840353571,0.11468976421299701,-0.0018240447129012414,0.25767128478321205,0.12002610149842553,0.0066389837360992226
639089883935940022,nan,133.70175311313511,0.0052777173326298528,0.0076441384173302216,0,0,0,1,1,0.29541280047663232,0.1489189133067092,0.0066389837342893032,0.29258225308558711,0.14446444344934248,-0.0010051546830409186
639089883936139860,nan,117.97575441974089,0.0077240639531806141,0.0060310309085540165,0,0,0,1,1,0.31578393124576754,0.16070605954553757,-0.0010051546852494864,0.32121600290552055,0.16619730361552137,0.0050258762233045306
639089883936440086,nan,116.62200604496229,0.01203986710915992,0.0078969118721542407,0,0,0,1,1,0.36408148070776702,0.19873196781043379,0.0050258762211735477,0.3543588128298566,0.19163069121097087,-0.0028710356509806939
639089883936639973,nan,100.47959881252824,0.012074431070056684,0.0098318864791793626,0,0,0,1,1,0.3763723784786393,0.20852363265985677,-0.0028710356529632036,0.38510466101326313,0.21686264503549538,0.0069608508262161591
639089883936939988,nan,91.437030932651723,0.014181080352729318,0.0071303572258679133,0,0,0,1,1,0.43104745747924389,0.25456615908669616,0.0069608508245821883,0.41748252090741511,0.25043148427810147,-0.0001695064012857249
639089883937139621,nan,83.245504885899848,0.0090470733534941446,0.010331207110661643,0,0,0,1,1,0.43902798692976402,0.27276947349899794,-0.00016950640309830001,0.44320003781700668,0.28079714611674722,0.010161700707563344
639089883937439968,nan,89.651869017589448,0.014949288215846143,0.013354268653848212,0,0,0,1,1,0.48188932472699303,0.32647907595534792,0.010161700705295059,0.47130869033233047,0.31591823347158177,-0.0031925679485531526
639089883937740230,nan,87.761672938662485,0.0082371985590314264,0.0096733074195330775,0,0,0,1,1,0.49927436450524276,0.35086067281577449,-0.0031925679515171219,0.50213164255125031,0.34313491057061624,-0.0128658753710502
639089883937940029,nan,88.625656931346782,0.016836577309636603,0.012316845794288506,0,0,0,1,1,0.52260118654725374,0.3612095247525029,-0.012865875373095265,0.53460462214531956,0.37301578874016877,-0.00054902957880675874
639089883938139950,nan,74.622519149708637,0.016734627396920346,0.0070451543996274766,0,0,0,1,1,0.56690892000897419,0.40274144991704142,-0.00054902958033960019,0.56308182544035545,0.41903258558269119,0.0064961248192878761
639089883938440098,nan,64.934312369574542,0.028867030327550395,0.0027137175364672769,0,0,0,1,1,0.60555745638593983,0.48766967960244112,0.0064961248184016718,0.59166370785257771,0.46236613851382247,0.0037824072819343949
639089883938639967,nan,73.799054167545307,0.0048893508252509906,0.0088176528489343261,0,0,0,1,1,0.6104150506345648,0.49079541735745635,0.0037824072812332548,0.61018883071895325,0.49567953202054149,0.012600060130167581
639089883938939840,nan,73.471359911492314,0.0083167263120443834,0.0019321400650410755,0,0,0,1,1,0.63776730358306866,0.5452734011389061,0.012600060130039557,0.63953759594029469,0.53714727035486143,0.014532200195080633
639089883939139927,nan,48.483364021530733,0.016679775020908384,0.0068427114475452921,0,0,0,0,0,0.65902646680132204,0.56468367235342898,0.014532200194986565,0.67260903639362957,0.57436503062684507,0.021374911642531857
639089883939440269,nan,57.994168192336552,0.016054993298440953,0.001292520989531868,0,0,0,1,1,0.72179532369000043,0.6297180308037893,0.021374911642528575,0.71069662032542469,0.61811710008948284,0.020082390652996707
639089883939740105,nan,54.129843434949777,0.014147695186420679,0.00076586963488230186,0,0,0,0,0,0.74852536759652755,0.66157183802333774,0.02008239065299958,0.7371915561645791,0.65310413482158902,0.020848260287881882
639089883939940124,nan,69.44298009471342,0.020217145172743218,0.0018800331572370564,0,0,0,1,1,0.75473119771347108,0.67626554392199922,0.020848260287888814,0.76381177211012952,0.69432865903436358,0.018968227130651757
639089883940139888,nan,64.605658599197866,0.010473765194690406,0.0037140428023423148,0,0,0,0,0,0.79023700887506831,0.73525123513490076,0.018968227130651043,0.79808833393166234,0.74218351125528192,0.022682269932993358
639089883940440215,nan,75.244715149276118,0.033606495218838357,0.0047710678027744931,0,0,0,0,0,0.84918197386142225,0.81351734575706836,0.022682269933033305,0.83305503642730028,0.78403313964786947,0.027453337735807798
639089883940639921,nan,101.50737272062467,0.0083471393766721153,0.00077738353876312047,0,0,0,0,0,0.8561948223200726,0.81172781405468175,0.027453337735839144,0.86218995538609655,0.81753583568810018,0.026675954197076024
639089883940939942,nan,112.94690606441446,0.014077575148399255,0.0042333352876531005,0,0,0,1,1,0.90558313403991042,0.86743432611171034,0.026675954197170029,0.8994919643543462,0.85474276301174146,0.030909289484823129
639089883941240359,nan,84.876432718344986,0.0060895656491862992,0.0018695248750252302,0,0,0,0,0,0.9362431641435166,0.89140028515153225,0.030909289484939928,0.93036853217000526,0.89300387767195255,0.032778814359965158
639089883941440186,nan,86.402595743963275,0.021614750610513763,0.0034592958967788121,0,0,0,1,1,0.95077811249668087,0.9182946838816276,0.03277881436023522,0.96739412788343526,0.93211877432627699,0.029319518463456408
639089883941740007,nan,91.202229398731703,0.020033417952528273,0.0076892610080451264,0,0,0,1,1,1.0224156396864761,0.9902450706483642,0.029319518463724391,1.0100188467493223,0.97450793749985154,0.037008779471769518
639089883941939875,nan,86.172521949027242,0.0091716408274244779,0.0087776772641223674,0,0,0,1,1,1.0380475477980786,1.0023817443872896,0.037008779472102189,1.0461196966270407,1.0067359847056878,0.028231102207979822
639089883942140046,nan,95.064264033625662,0.011852405702643674,0.0019558250184869667,0,0,0,1,1,1.081941857174068,1.038715239627251,0.028231102208325035,1.0911988187510679,1.0461171436594583,0.026275277189838069
639089883942440153,nan,93.379074759398407,0.029117892255026655,0.0096975925227178808,0,0,0,1,1,1.1581549162903804,1.1046100467125637,0.026275277190512404,1.134159699881746,1.0881151614787057,0.035972869713230285
639089883942639870,nan,96.627235454314032,0.0095934168181753838,0.0079167350695620656,0,0,0,1,1,1.1624942786955621,1.1158146898543875,0.035972869714528004,1.1699303052471071,1.1218759731650378,0.028056134644965938
639089883942939853,nan,96.79501156725938,0.015700863397789474,0.010616275330525293,0,0,0,1,1,1.2228772994377692,1.1718481076025291,0.028056134646166384,1.2190227903322244,1.1566277307677948,0.038672409976691677
639089883943240080,nan,114.96264937849655,0.011177138090911705,0.009127236136538458,0,0,0,1,1,1.2676459360604686,1.1910472508084236,0.038672409978132045,1.2585732400104368,1.1845192647264036,0.047799646114670503
639089883943440189,nan,114.85829021360568,0.018525953673723866,0.0084896086081101552,0,0,0,1,1,1.2846655715964679,1.2029199443245415,0.047799646116104072,1.3017269223244448,1.2101394505997605,0.039310037507993917
639089883943640180,nan,137.09178002179175,0.010417918803928672,0.0065933010169771794,0,0,0,1,1,1.3443968651481542,1.235472442078777,0.039310037509982403,1.354606687614321,1.2375442908702203,0.032716736493005223
639089883943940219,nan,155.06100417683106,0.032080870722910465,0.01320169698742886,0,0,0,1,1,1.432996364737531,1.2781695956278754,0.032716736495701136,1.4057272089797672,1.2612706190139229,0.045918433483129996
639089883944140205,nan,134.91414464187784,0.0059582198638198046,0.010996139774629043,0,0,0,1,1,1.4393399938084284,1.276871163401319,0.045918433485899357,1.4448909232522105,1.2747060845907974,0.034922293711270314
639089883944440209,nan,131.91180547832613,0.0092676828855771925,0.0076578478631999305,0,0,0,1,1,1.5027926274303323,1.2945697866879937,0.03492229371417644,1.4944753593377345,1.2904816333709721,0.042580141577376371
639089883944740119,nan,116.42812208581209,0.0095130405441322015,0.0077209988061577722,0,0,0,1,1,1.5436270077533953,1.3061194884807861,0.042580141580354607,1.5343763617925135,1.3039005946796494,0.050301140386512379
639089883944940122,nan,114.87874942797106,0.012407850619229652,0.0091748851639091439,0,0,0,1,1,1.560410845553944,1.3126561574172513,0.05030114038942534,1.5723147417123986,1.3161564450108425,0.041126255225516196
639089883945140053,nan,114.4406025156449,0.011765838808925984,0.0086912915580926522,0,0,0,1,1,1.6097213155095982,1.3282404973828552,0.04112625522825257,1.6209669088983194,1.3247804985081186,0.032434963670159918
639089883945440074,nan,104.29810446303129,0.026198664583388938,0.010030443905987875,0,0,0,1,1,1.6930893623404397,1.3375648806398082,0.032434963673061853,1.6672498088156746,1.3332419765703523,0.042465407579049728
639089883945640203,nan,90.892597178073956,0.0051131796699307444,0.010486908159522218,0,0,0,1,1,1.6974291056120947,1.3387593805842004,0.042465407581896195,1.6991261238666406,1.3339360274579271,0.031978499422373977
639089883945940171,nan,116.03358135021557,0.0066151182616510998,0.0098617437955843476,0,0,0,1,1,1.7462890189572111,1.3349629168316164,0.031978499424702968,1.7397225344415692,1.3341622479103605,0.041840243220287315
639089883946240106,nan,112.854570120156,0.0068657478234032572,0.0085357056884885832,0,0,0,1,1,1.7796112946319136,1.3343845250341131,0.041840243222450661,1.7730232582318093,1.3324515817950429,0.050375948910939244
639089883946441839,nan,111.4593903920178,0.011581807912295879,0.0086805847092311372,0,0,0,1,1,1.7952913456978918,1.3313076648363273,0.050375948913519021,1.806814761307552,1.3301461282659348,0.041695364204287884
639089883946740011,nan,85.666527325661107,0.0093114855486783471,0.0099388980994243176,0,0,0,1,1,1.8561717149154711,1.326778708869812,0.041695364206916677,1.8474333107710386,1.3235624911949941,0.051634262306340994
639089883946939828,nan,93.870803950530643,0.0052334061555945515,0.0090791702774059777,0,0,0,1,1,1.8743230518691307,1.3192040810927197,0.051634262309037129,1.8770852104364812,1.3147589691663193,0.042555092031631152
639089883947139666,nan,144.77186229325835,0.0078658712848445472,0.0081128047971753756,0,0,0,1,1,1.9064442745456835,1.3060423887602464,0.042555092034112119,1.9115482090711293,1.3000572585670338,0.034442287236936743
639089883947403261,nan,150.13247226590315,0.013043603296465315,0.0016148422283246422,0,0,0,1,1,1.9564736071324138,1.2808923504910812,0.034442287239267032,1.9456711783205847,1.2882028305519886,0.036057129467591674
639089883947652852,nan,141.67805590689022,0.0059677188417399827,0.00016521972299306242,0,0,0,1,1,1.9775788113648534,1.2771180173785337,0.036057129470023382,1.9718261615025769,1.2755303499901587,0.036222349193016444
639089883947939735,nan,164.48696898614037,0.0063399817410100196,0.0067335669835796308,0,0,0,1,1,2.0016864569445296,1.2610625902165957,0.036222349195164864,2.0004437114527991,1.2672795792079905,0.042955916178744495
639089883948239952,nan,123.17433472114215,0.0096208305959215919,0.0066140662592389377,0,0,0,1,1,2.0299837924219957,1.2587628320585149,0.042955916181146657,2.0301710768705781,1.2491438245270312,0.049569982440385595
639089883948440210,nan,141.03276001595904,0.013468676198448588,0.0074372347620849724,0,0,0,1,1,2.0497769568748225,1.2371828779357585,0.049569982442793432,2.0608377230278574,1.2294975223391362,0.04213274768070846
639089883948640149,nan,135.53400965031571,0.0034734628374038434,0.0083006178603157246,0,0,0,1,1,2.0912205826070887,1.2100330253881297,0.042132747682958549,2.0942650315720521,1.2117052318893007,0.033832129822642824
639089883948940213,nan,134.80326543815198,0.026153968346467459,0.0070767446011301277,0,0,0,1,1,2.1440267041325094,1.1852186803233946,0.033832129824500727,2.1198786346129652,1.1952636192852442,0.040908874425630855
639089883949240176,nan,136.44767543306921,0.0083627005462416273,0.0054007517658219359,0,0,0,1,1,2.1453187820081925,1.178933349490936,0.040908874427442038,2.1385171971550991,1.1837988611713537,0.046309626193263974
639089883949440358,nan,114.47336599996198,0.01596969796080867,0.0078963223325719187,0,0,0,1,1,2.150806073383146,1.1762398558495857,0.046309626195024517,2.1579756743815568,1.1619700249296678,0.038413303862452598
639089883949740219,nan,111.8242791757765,0.009089399345610356,0.0088961371176572504,0,0,0,1,1,2.1869264350800157,1.1294925906986057,0.038413303864215716,2.1845114952138505,1.1382553097918318,0.047309440981872966
639089883949940392,nan,106.48823189609892,0.0049324766298966087,0.0073096767908257115,0,0,0,1,1,2.2021434516052003,1.1224978615566243,0.047309440983582009,2.2035524205224721,1.1177709035184524,0.039999764192756297
639089883950140118,nan,108.35946344346986,0.0050551600793591811,0.0081909862625671806,0,0,0,1,1,2.2223540635416521,1.0975439193793184,0.03999976419447171,2.2269627515459298,1.0954667486335266,0.031808777931904529
639089883950440157,nan,98.179837450456631,0.0098639277426548246,0.0064744381777333132,0,0,0,1,1,2.2618205917953578,1.0622559979141883,0.031808777933654608,2.2535505810593315,1.0676322412995203,0.038283216111387922
639089883950639923,nan,98.636027088377617,0.0024012099789919232,0.0077448561505405016,0,0,0,1,1,2.2710094160947496,1.0493547782372723,0.038283216113371037,2.2691306673245673,1.0478594145952946,0.030538359962830535
639089883950940094,nan,88.422107653119596,0.008175510447573248,0.0081948863961295929,0,0,0,1,1,2.2922860873107429,1.0184726641719788,0.030538359964924836,2.2892831682115458,1.0260767057264455,0.038733246361054428
639089883951240394,nan,77.216094835325293,0.0066067747116730687,0.0078058155693007947,0,0,0,1,1,2.3093018923677957,1.0044385952672543,0.038733246362906384,2.3084191305581019,0.99789106109948178,0.046539061932207179
639089883951440049,nan,83.901350751039303,0.012421181524041688,0.0080829225191373297,0,0,0,1,1,2.3210610900001059,0.97927053030161815,0.046539061934028909,2.3267522748364273,0.96822987064686838,0.03845613941489158
639089883951740146,nan,83.299017760265286,0.009241755239306558,0.0093746306072369084,0,0,0,1,1,2.3541078710225416,0.92397125706139627,0.038456139416689392,2.3489529533390163,0.93164177618198574,0.0478307700239263
639089883951940265,nan,72.123197021817575,0.0070550931212164311,0.0081417089602387055,0,0,0,1,1,2.3636699627400799,0.90738723233352281,0.047830770025563393,2.3593808380036103,0.91298881674724364,0.039689061065324688
639089883952240221,nan,71.439057929871112,0.0076053468648782556,0.0043748321272589347,0,0,0,1,1,2.3748826478588807,0.88525983434132827,0.039689061066970295,2.3788495019790883,0.87877096931544696,0.04406389319422923
639089883952439970,nan,61.693719762537427,0.012516410738633686,0.0085180648373728504,0,0,0,1,1,2.3917052303700377,0.85617592359170347,0.044063893195975833,2.4010239438079695,0.84781996059274911,0.035545828358602982
639089883952740684,nan,67.648309935134705,0.015210693558257153,0.0066264972130353622,0,0,0,1,1,2.4341688882476369,0.80155636251068463,0.035545828360657443,2.4197998860226919,0.80654604923258733,0.042172325573692805
639089883952939999,nan,72.562531954912387,0.0031666434805695865,0.0063416589421068162,0,0,0,1,1,2.4321789561843019,0.77933395842358966,0.042172325575940035,2.4304956975083498,0.77665174456879249,0.035830666633833219
639089883953240138,nan,58.806322597233901,0.01001943708198056,0.0093029266298702978,0,0,0,1,1,2.4464771210844791,0.73198439548671612,0.035830666636262679,2.44495088344335,0.74188690618363373,0.045133593266132976
639089883953439889,nan,60.048603955509535,0.012032310104483645,0.0072943211953743273,0,0,0,1,1,2.4544766353894891,0.71897739617153511,0.045133593268135479,2.4570369578048741,0.70722064340643298,0.037839272072761151
639089883953740255,nan,56.82112294473005,0.0097744656934163048,0.0076052524495106716,0,0,0,1,1,2.4750300419512943,0.65561141409556623,0.037839272075668673,2.4717466248329232,0.6648178983115175,0.045444524525179344
639089883953939647,nan,55.472376718227501,0.0077301879442340732,0.0056083734345159925,0,0,0,1,1,2.481391843142204,0.63701415995541655,0.045444524527757733,2.4811363944009202,0.62928819389324941,0.039836151093241741
639089883954240139,nan,54.288489336020326,0.0055585767665993014,0.0093072759571693892,0,0,0,1,1,2.4951974559967685,0.57608290928112471,0.039836151094921224,2.4909991511167693,0.57972598652498775,0.049143427052090613
639089883954440262,nan,56.053526767376745,0.0045128960136531391,0.010712654164562067,0,0,0,1,1,2.4975236857096368,0.54693897313820894,0.04914342705387939,2.4971045784233583,0.54244558026504119,0.038430772889317323
639089883954740165,nan,57.730120594528266,0.0052599524022031987,0.0080270613039515951,0,0,0,1,1,2.5061452533505979,0.48724223130568756,0.038430772891052276,2.5046331439333542,0.49228014996161346,0.046457834195003871
639089883954940105,nan,55.094132344400215,0.011634744081270798,0.0085910048715830203,0,0,0,1,1,2.5096287432002717,0.45899274793055278,0.046457834197052517,2.5104744451057686,0.44738878058641979,0.037866829325469496
639089883955240041,nan,56.71578482006089,0.017932660562026553,0.0078522778536961463,0,0,0,1,1,2.5191604947004573,0.38063504725593023,0.037866829328059147,2.5165291273189747,0.39837359907214487,0.045719107181755293
639089883955439806,nan,57.94692586706195,0.0093881373742297977,0.012122397327974994,0,0,0,1,1,2.5204963731739727,0.36625708678511937,0.045719107184321234,2.5182849087679195,0.35713313213057563,0.033596709856346239
639089883955740561,nan,68.051052315395182,0.017170413961670065,0.0049373439686558121,0,0,0,1,1,2.5209113973231005,0.29544116329388231,0.033596709858342955,2.5146462363520659,0.31142774747006385,0.038534053826998767
639089883955940025,nan,58.523249033287321,0.020427721335813893,0.0070016265280797088,0,0,0,1,1,2.5122461302506167,0.28128000124404423,0.038534053829450278,2.5167425898235436,0.26135329428371834,0.031532427301370569
639089883956240104,nan,65.752225570560753,0.014358896051034202,0.0079374506421390906,0,0,0,1,1,2.51986619653744,0.18674140258908245,0.031532427303280083,2.5191787154790779,0.20108383144889552,0.039469877945419174
639089883956439943,nan,63.874681436207723,0.013234906491850574,0.012345770147344417,0,0,0,1,1,2.5207813038767326,0.16143598255713174,0.039469877947795065,2.5207268924040731,0.14820118791423412,0.027124107800450648
639089883956717255,nan,69.046271153455763,0.016319533743170148,0.0054205295546704592,0,0,0,1,1,2.5228606630086383,0.075315829371440463,0.027124107802163618,2.5112882393483251,0.086822618333644144,0.032544637356834077
639089883956940211,nan,55.777088665709293,0.0036750908336365159,0.0066226482395777692,0,0,0,1,1,2.5037509555719937,0.037808453496589504,0.032544637358474474,2.5043902012138091,0.041427522112255581,0.025921989118896704
639089883957239963,nan,59.022955554150506,0.0025142404898554523,0.0045083565939032164,0,0,0,1,1,2.4951522214644042,-0.019366427042231155,0.025921989120397015,2.4968945532577713,-0.017553781141165355,0.030430345714300231
639089883957439758,nan,55.02705044133252,0.012688964065831431,0.0069184651463563215,0,0,0,1,2,2.4919332674570867,-0.056592848084186118,0.030430345715883225,2.4873109720846793,-0.068409962560833246,0.023511880569526904
639089883957740058,nan,52.107809349092733,0.0096060173677981631,0.0063344534055964387,0,0,0,1,2,2.4730761635924221,-0.1439483223953637,0.023511880571129934,2.475910769828666,-0.13477005582939999,0.029846333976726373
639089883957940073,nan,54.717785548223588,0.01150043067743187,0.0046614597987989052,0,0,0,1,2,2.468368920482193,-0.17867084064095379,0.02984633397823875,2.4641351915077898,-0.18936361599339221,0.025184874179439844
639089883958239957,nan,52.544231139086605,0.013959538588738994,0.0066300336747517133,0,0,0,1,2,2.4466437701785861,-0.27045678497998027,0.025184874180991579,2.4523101999826773,-0.25769903083256857,0.031814907855743292
639089883958439798,nan,63.800605188434773,0.016148431084568347,0.0070675088162312286,0,0,0,1,2,2.4445141814396925,-0.30275142347888784,0.031814907857483678,2.4354333505246828,-0.31610471282593855,0.024747399041252449
639089883958739865,nan,52.224795300289124,0.014936599883426089,0.0040578721463197902,0,0,0,1,2,2.4102500275373306,-0.403256592541194,0.024747399042155463,2.4169097156184818,-0.38988682923964907,0.028805271188475253
639089883958940056,nan,57.301210316828431,0.0087353163857429531,0.0067283681868582253,0,0,0,1,2,2.404675818492632,-0.43861607846657175,0.028805271189322582,2.3965953722011273,-0.44193453293953605,0.022076903002464357
639089883959239963,nan,53.485511852337119,0.014914983591256599,0.0060694764828116039,0,0,0,1,2,2.3663884836719973,-0.51932808445922418,0.022076903003926857,2.372890994852594,-0.50590519043916771,0.028146379486738461
639089883959439813,nan,41.593835495263747,0.021742637394492035,0.011767349071520529,0,0,0,1,2,2.3572725441014537,-0.54805447573722188,0.028146379488126618,2.3449432893787794,-0.56596346115939966,0.016379030416606089
639089883959740003,nan,56.73342179576666,0.010025620110029155,0.0024677539744815784,0,0,0,1,2,2.30330688268926,-0.6554380903778787,0.016379030417062592,2.3114026291477496,-0.64952438190768225,0.013911276442581014
639089883959939736,nan,49.127627719150681,0.0081370019851043744,0.0023872738788409866,0,0,0,1,2,2.2892961610302658,-0.70459893374016425,0.013911276443016939,2.2903801103416805,-0.71266341482674855,0.011524002564175953
639089883960240095,nan,46.901965602398498,0.02032335935691754,0.0038382222021570711,0,0,0,1,2,2.2591513674658237,-0.80645582108639013,0.011524002564506333,2.2555312674228913,-0.78645747587410897,0.015362224766663404
639089883960439665,nan,50.46268132769395,0.015137264563166143,0.0064632195103740148,0,0,0,1,2,2.2325450747633102,-0.83513181804152026,0.015362224766794785,2.2206445998927813,-0.84448678871550931,0.0088990052564207698
639089883960739598,nan,51.093096139845443,0.02359707221709605,0.0020742487540851458,0,0,0,0,0,2.1685650367125633,-0.93111418761567621,0.0088990052564622748,2.1839750305686971,-0.91324371178057984,0.006824756502377129
639089883960939554,nan,45.110847599689052,0.01705205230289385,0.0033547803785566022,0,0,0,1,2,2.1596819921635984,-0.95879413965372984,0.0068247565024312836,2.1514267066856538,-0.97371468754642687,0.0034699761238746814
639089883961239848,nan,44.373442622970636,0.014625200064267813,0.0011401189788453115,0,0,0,0,0,2.1028247780871205,-1.0640113816869954,0.0034699761238966972,2.1097711998630411,-1.0511411174538541,0.0023298571450513857
639089883961439895,nan,47.246668444806346,0.0080196371102112217,0.0032128270912900763,0,0,0,0,0,2.0821729654322043,-1.1024388431741892,0.0023298571450827503,2.0762662147841739,-1.1078633133014431,-0.00088296994620732587
639089883961740102,nan,54.908302236725909,0.0199697659826364,0.00030856906804716487,0,0,0,1,2,2.0262728159918404,-1.1924995353654237,-0.00088296994620003569,2.0358709053088067,-1.1749875898748507,-0.0011915390142472006
639089883961939989,nan,44.731107108816111,0.015148866962958163,0.0010866824322196857,0,0,0,0,0,2.0091849994663158,-1.2193311571762864,-0.0011915390142324196,1.9999300148003658,-1.2313242147136467,-0.00010485658201273406
639089883962240069,nan,47.817202536179359,0.015503391854998544,0.00071512968413187171,0,0,0,0,0,1.9463687928337492,-1.3152803556203974,-0.00010485658195388032,1.9608081226821221,-1.3096358084694275,0.00061027310217799137
639089883962439917,nan,45.062180082613978,0.013265866891004108,0.0044957171440542761,0,0,0,1,2,1.9349431022693995,-1.3614106808330664,0.0006102731022257701,1.9249431398174848,-1.3701275595938462,0.0051059902462800462
639089883962739935,nan,43.834943078293406,0.020353247834811398,0.0041852604667700121,0,0,0,0,0,1.8715591905276776,-1.4601677134304083,0.005105990246293139,1.8744148450861611,-1.4400157920711962,0.0092912507130631511
639089883962939837,nan,39.715917269894561,0.015208740711514753,0.00092679626513822964,0,0,0,0,0,1.8410185057433215,-1.4862079531226544,0.0092912507130755786,1.8356122509741426,-1.5004233744460207,0.008364454447937349
639089883963239923,nan,48.583716512932739,0.014281006537454514,0.00041478066408611076,0,0,0,1,2,1.7777102497349044,-1.5905647680711212,0.0083644544479399164,1.7891013960036506,-1.5819514682152676,0.0087792351120260272
639089883963439729,nan,39.746114994211702,0.013934026178229057,0.0044889800912535187,0,0,0,0,0,1.7583268316024789,-1.6358956834699268,0.0087792351120267592,1.7496043737392379,-1.6467619530395425,0.0042902550207732405
639089883963739694,nan,38.779527776847907,0.02126915533452688,0.0033295264461252424,0,0,0,1,2,1.6906804568058633,-1.7434499412790556,0.0042902550207836541,1.7043308108006763,-1.7271390613377242,0.00096072857465841167
639089883963939802,nan,40.588628413342491,0.018832451787290764,0.0024480125638225176,0,0,0,0,0,1.6742781641532056,-1.780493484481066,0.00096072857465100993,1.6651129743614932,-1.7969452484108859,0.0034087411384735276
639089883964240072,nan,48.059425367339628,0.02372673214146348,0.00043060657183987671,0,0,0,0,0,1.6065521204850315,-1.9011812362171914,0.0034087411384283745,1.6141443245343343,-1.8787019956653732,0.0038393477102682512
639089883964439877,nan,34.494225774992167,0.015666256618288108,0.0013512160385881875,0,0,0,1,2,1.5803000764492756,-1.9329901835238223,0.0038393477101194809,1.5730249898114237,-1.9468647902152498,0.0024881316715312934
639089883964739960,nan,50.228263886362456,0.022078661322669734,0.0063209821707911115,0,0,0,0,0,1.511596771943662,-2.0486932614758109,0.0024881316713050695,1.5284105259264984,-2.0343836506213604,-0.0038328504994860424
639089883964939946,nan,44.463660851046434,0.013508149737292897,0.0031890853487976717,0,0,0,1,2,1.4987364802280942,-2.0925943391967459,-0.0038328504997012405,1.4887615624633936,-2.1017031879117365,-0.00064376515090356907
639089883965240372,nan,49.321591056156393,0.021520382238630047,0.0028590494559432595,0,0,0,1,2,1.4293981833468175,-2.2024956138685927,-0.00064376515110434076,1.4412934576351424,-2.1845615875135809,-0.0035028146070476
639089883965439636,nan,53.37733058864184,0.020316661162050831,0.0020355856108764041,0,0,0,0,0,1.4099283383034231,-2.2393112683898306,-0.0035028146072429724,1.4061271080414559,-2.2592691582900453,-0.0055384002181193765
639089883965739777,nan,53.045492816540133,0.025947262757111848,0.00085879554746155426,0,0,0,1,2,1.3534797961180869,-2.3711133737730141,-0.0055384002182582593,1.3623551013285402,-2.3467312204225017,-0.0063971957657198136
639089883965939657,nan,43.473903731769092,0.013659746591068986,0.0030460816090571714,0,0,0,1,2,1.3333184897918746,-2.4047500802612145,-0.0063971957658710537,1.3268735162334484,-2.4167937920131375,-0.0033511141568138823
639089883966240042,nan,54.494321784626337,0.021275745408134514,0.0076883340258157851,0,0,0,0,0,1.2737151475999118,-2.5217612560665903,-0.0033511141569691587,1.2862517799548894,-2.5045714279153874,-0.011039448182784944
639089883966539979,nan,34.888494671127653,0.021618945664966728,0.0020337770376355098,0,0,0,1,2,1.2458274103233464,-2.591922583335311,-0.011039448182870145,1.2534501590075302,-2.5716920985620151,-0.0090056711452346349
639089883966739675,nan,34.082421857676657,0.034783975757641312,0.0017467580214191435,0,0,0,0,0,1.2316619286245614,-2.6162764999809287,-0.0090056711453704273,1.2211666328737907,-2.6494393366601399,-0.0072589131239512838
639089883966939854,nan,48.682530939699845,0.022233920207872442,0.001095309449192507,0,0,0,1,2,1.1888674101706165,-2.7272243762337327,-0.0072589131241070229,1.184287548631177,-2.7489814917615227,-0.0061636036749145159
639089883967240038,nan,37.948929302108382,0.068627957605230383,0.0013305110897403136,0,0,0,0,0,1.1292611947517062,-2.8975058373363707,-0.0061636036751206097,1.1477991980243338,-2.8314290713763954,-0.0074941147648609234
639089883967439881,nan,36.843071995963037,0.013254510160063777,3.7979833667505306e-05,0,0,0,1,2,1.1235724994838689,-2.8861707251782498,-0.0074941147651196261,1.1213103741566506,-2.8992307722144282,-0.0074561349314521208
639089883967740087,nan,41.764264046564001,0.01654543921181454,0.0067827082013472957,0,0,0,1,2,1.0817108375692626,-3.0005911023836527,-0.0074561349317882929,1.0895450667857955,-2.9860179623206919,-0.014238843133135589
639089883968040091,nan,33.459411675868793,0.014444123012815124,0.0017058946330388743,0,0,0,1,2,1.0578813005754064,-3.0725277280062167,-0.014238843133269383,1.0628758779554011,-3.0589746144744638,-0.015944737766308257
639089883968239702,nan,30.298018738914891,0.03279896295898032,0.0069721209421180069,0,0,0,1,2,1.0451519621899727,-3.1074604370288945,-0.015944737766392356,1.0358862128839503,-3.1389233971722521,-0.0089726168242743494
639089883968439913,nan,34.034889571074601,0.015261130685614828,0.010282752916990143,0,0,0,1,2,1.0088427111286422,-3.2190316548886257,-0.0089726168243759018,1.0085003662097802,-3.2342889452692911,0.0013101360926142417
639089883968739885,nan,51.180087268393471,0.050892547336648358,0.00060930983825460282,0,0,0,1,2,0.9676644108988478,-3.3764917154310896,0.0013101360922482201,0.9823680437953487,-3.3277694971517673,0.0019194459305028229
639089883968939746,nan,37.5771075818203,0.0081778543616441227,0.0016492731230872207,0,0,0,0,0,0.96502856848511931,-3.3897962736336646,0.0019194459300757596,0.96165110827991573,-3.397244096437849,0.0035687190531629802
639089883969239704,nan,56.578248989136661,0.02435134234657698,0.007293461813786547,0,0,0,1,2,0.93070655814189618,-3.5010171771295107,0.0035687190525898419,0.94137532078364328,-3.479127330675635,-0.0037247427611967051
639089883969539868,nan,72.030533434938008,0.010004046767682495,0.0048366162798584378,0,0,0,1,2,0.92113728930573924,-3.5608580882268055,-0.0037247427614627597,0.92483273361996643,-3.5515616027053611,-0.0085613590413211975
639089883969739818,nan,84.086017098470961,0.035688871106031951,0.0023591347454528797,0,0,0,1,2,0.91380536648602928,-3.5998466322988656,-0.0085613590417130004,0.9070836233251135,-3.6348967919233472,-0.0062022242962601207
639089883970039829,nan,80.814655307430101,0.033234633961006024,0.0013448145269156098,0,0,0,1,2,0.8805313341855534,-3.7595644514768289,-0.0062022242966128967,0.88983326647868644,-3.727658104927341,-0.0075470388235285065
639089883970241152,nan,93.190000823106459,0.0094183483995488922,0.0051066441895567935,0,0,0,1,2,0.87826191517101493,-3.7898813823984043,-0.0075470388237674439,0.8828829728837172,-3.7980881547353929,-0.0024403946342106504
639089883970439912,nan,94.556253895183175,0.014594483985242721,0.0032812507401880305,0,0,0,1,2,0.87604607611770002,-3.8673691100193017,-0.0024403946344499945,0.87218884811312558,-3.8814446474838618,0.00084085610573803613
639089883970739829,nan,94.97810923175571,0.037820407618516586,0.0035533290048856839,0,0,0,1,2,0.85609598132273268,-4.0068822090133827,0.00084085610540070082,0.8603241672877846,-3.9692988925567994,-0.0027124728994849831
639089883971039913,nan,92.945321057337082,0.020150581575832216,0.0014567758162857638,0,0,0,1,2,0.8484835821197152,-4.0569747168352555,-0.0027124728996807345,0.85671029148385902,-4.038579956959623,-0.0041692487159664983
639089883971239819,nan,105.79813203956867,0.02600151107125204,0.0065012753953662258,0,0,0,1,2,0.85429461065392598,-4.0848906074179112,-0.0041692487162459779,0.85130862375556882,-4.1107200956093424,0.0023320266791202479
639089883971539930,nan,101.04215806902144,0.023646894697610193,0.0049636589540041857,0,0,0,1,2,0.84323378978583818,-4.2185607980462949,0.0023320266788519179,0.84290193405127145,-4.1949162320614581,-0.0026316322751522674
639089883971739801,nan,96.333028970783118,0.01196607305515718,0.0036926616858452355,0,0,0,1,2,0.83730797192355388,-4.2509418515597623,-0.002631632275419351,0.83845132532417854,-4.2628531758926247,0.0010610294104258847
639089883971940034,nan,95.765823909191084,0.015500522238778741,0.0040792271194776243,0,0,0,1,2,0.83399883406392716,-4.3308188559163634,0.0010610294101555994,0.83787717479785428,-4.3458263428087927,0.0051402565296332237
639089883972239929,nan,130.06248969272502,0.036012428714404916,0.0030630261749315432,0,0,0,1,2,0.83702017320675404,-4.46967563459821,0.0051402565294004256,0.8345067749206454,-4.4337510211560938,0.0020772303544688824
639089883972440174,nan,92.316890618205264,0.0062626367769702488,0.0021579320734579103,0,0,0,1,2,0.83225716275477291,-4.4924373590675213,0.0020772303541944891,0.83295819731529408,-4.4986606355313477,0.0042351624276523994
639089883972739999,nan,88.658251180404704,0.015603876489347157,0.0023775065016615332,0,0,0,1,2,0.83064203310960816,-4.5957441300241753,0.0042351624273961009,0.83734898051373785,-4.5816552046566024,0.0018576559257345675
639089883973039932,nan,89.845430777559216,0.011800524646919098,0.0011834193490126445,0,0,0,0,0,0.84172852219374339,-4.6644372866384636,0.0018576559256562437,0.84208633200307503,-4.6526421879070883,0.0030410752746688882
639089883973239853,nan,100.29630798290697,0.021721084565725007,0.0062860629572250148,0,0,0,1,2,0.84524670390155743,-4.699998873922012,0.0030410752744682366,0.84433143881366512,-4.7217006665790775,0.0093271382316932518
639089883973539984,nan,85.778399349344483,0.019456888296969007,0.0049099622951909588,0,0,0,1,2,0.8476885005250413,-4.8249623793412821,0.0093271382314747062,0.85158053608034767,-4.8058987343215867,0.0044171759362837473
639089883973740036,nan,92.030606054048221,0.0091685425088147005,0.004668027613620316,0,0,0,1,2,0.85640138763631946,-4.8618927941270567,0.0044171759360318776,0.85861392599683439,-4.8707903694000843,0.0090852035496521936
639089883973940578,nan,76.592922008689925,0.017106288510423149,0.0015848505169286237,0,0,0,1,2,0.8656578378377312,-4.9357790821164276,0.0090852035494233194,0.8704643729634689,-4.9521962172711032,0.010670054066351943
639089883974239846,nan,73.310180599766326,0.034895251409913432,0.0035127464896038936,0,0,0,1,2,0.88806185294261164,-5.0730809216310959,0.010670054066164199,0.88017142812592308,-5.039089455537777,0.0071573075765603055
639089883974440094,nan,68.675246754563744,0.009489363653047686,0.0063760597877795706,0,0,0,1,2,0.88670251751692264,-5.0975528614930798,0.0071573075763582284,0.89176128111694886,-5.105581369036754,0.013533367364137799
639089883974739916,nan,67.425778893267463,0.020680675582313634,0.0060162279782873876,0,0,0,1,2,0.90907201164347295,-5.2048944144796083,0.013533367363820513,0.90638484489626314,-5.1843890620706983,0.0075171393855331253
639089883975039876,nan,66.735808968288111,0.011173188217232791,0.0049360685225552838,0,0,0,1,2,0.92098316971589189,-5.2630607400937048,0.007517139385195222,0.91620160813719753,-5.2529623836033217,0.0025810708626399382
639089883975239760,nan,64.735232351365454,0.02517356155562021,0.00022483864533777822,0,0,0,1,2,0.92274702600574532,-5.2986842812440536,0.0025810708621787169,0.93450294274172829,-5.3209442593008989,0.0028059095075164951
639089883975539894,nan,56.994511461392534,0.021796874690445233,0.0036848489235413611,0,0,0,1,2,0.96184997926162363,-5.4225271699227493,0.0028059095071776086,0.95326310907949718,-5.4024929640052122,-0.00087893941636375242
639089883975739835,nan,58.123072182877543,0.013088806521730471,0.00045132149969990447,0,0,0,1,2,0.96571656131085915,-5.4566269668855618,-0.00087893941699932604,0.97202369164761682,-5.4680959233803108,-0.00042761791729942157
639089883975939527,nan,57.977117809820122,0.0014401406673544884,0.0021860984178166416,0,0,0,1,2,0.99072637714594547,-5.5334964253368488,-0.00042761791792476277,0.99031952928105571,-5.5321149478825982,0.001758480499891879
639089883976239878,nan,53.028472498797171,0.015936345359037696,0.0045023802115784174,0,0,0,1,2,1.0178820714091192,-5.6285591279848983,0.0017584804992721262,1.0144167056833815,-5.6130041177377334,-0.0027438997123062914
639089883976539857,nan,53.07694704534633,0.017216418466136228,0.0018584177973782188,0,0,0,1,2,1.0384083256699497,-5.6935389568322456,-0.0027438997127498346,1.0350928988987915,-5.6766447859403018,-0.0046023175101280534
639089883976739942,nan,45.535568839876071,0.022264485014784719,0.0076827859900589334,0,0,0,1,2,1.0488770940714773,-5.7190721023367521,-0.0046023175106244965,1.0569758001837386,-5.739811394809756,0.0030804684794344364
639089883977039713,nan,50.465888521352468,0.018707260281130535,0.0060728209851566798,0,0,0,1,2,1.0896188491112233,-5.834037963629827,0.003080468478492492,1.0911092447914483,-5.8153901673004391,-0.0029923525066641874
639089883977239658,nan,54.631162131145921,0.015343345920487092,0.0067961112691466152,0,0,0,1,2,1.1138831053678455,-5.8658163826156464,-0.0029923525076450243,1.1188684876159101,-5.8803272140141711,0.0038037587615015905
639089883977439597,nan,60.439505989215945,0.0083098471871663835,0.0039714579977374494,0,0,0,1,2,1.1465208318001592,-5.9450141933165899,0.0038037587603057563,1.1547263827487613,-5.9437017551641604,0.0077752167580432061
639089883977707965,nan,60.501330854535624,0.028924099179674197,0.0040309915860162254,0,0,0,1,2,1.2027037835595384,-6.0284960731431463,0.0077752167571141116,1.1782807879830162,-6.0130002414318504,0.0037442251710978862
639089883978039852,nan,63.169102918131294,0.027230423943445277,0.014468655250846304,0,0,0,1,2,1.207443082928612,-6.0987974787521422,0.0037442251696955127,1.2128277146004089,-6.0721047507181094,-0.010724430081150791
639089883978239767,nan,57.713566401904387,0.031884210665201265,0.0069000836325220083,0,0,0,1,2,1.2337376004921763,-6.1078783683991213,-0.010724430082154962,1.2496595126058485,-6.135502553534387,-0.003824346449632953
639089883978539882,nan,49.826770907951307,0.021885369492138079,0.0058678534807335555,0,0,0,1,2,1.304873056938767,-6.2305404714739128,-0.0038243464502472025,1.2980982759691091,-6.2097300956815209,-0.0096921999309807581
639089883978739876,nan,52.957352186414013,0.01254821000396856,0.0024661282328376187,0,0,0,1,2,1.3304089780387121,-6.2592430029720898,-0.0096921999315992199,1.3382589357811137,-6.2690325758813747,-0.0072260716987616012
639089883978939856,nan,53.292665541456721,0.01058326660251765,0.0084953900567285735,0,0,0,1,2,1.3783312352524975,-6.3282045804522262,-0.0072260716991576828,1.3750893519585166,-6.3382790891096334,0.0012693183575708902
639089883979239781,nan,71.397138282324775,0.040411162385218011,0.0011485139257612377,0,0,0,1,2,1.4301820193344053,-6.441861277859517,0.001269318357265501,1.4210415904387292,-6.4024974034957358,0.0024178322830267387
639089883979539880,nan,64.937369805130942,0.0059079768646454209,0.0022214404176121826,0,0,0,1,2,1.4669204628189594,-6.4666131886595464,0.0024178322828520165,1.4665877621469743,-6.460714587054416,0.00019639186523983407
639089883979739927,nan,68.206812996346869,0.02976303982218453,0.0058515325521180887,0,0,0,1,2,1.4969133784022073,-6.4994768342827909,0.00019639186498818993,1.5115513213531149,-6.5253914858456215,0.0060479244171062789
639089883980039820,nan,73.847581240428383,0.020436755335560997,0.0053488381757954753,0,0,0,1,2,1.5787796945335584,-6.6220947443255493,0.0060479244166165647,1.5737646566104027,-6.6022828700256531,0.00069908624082108955
639089883980239801,nan,81.837783928961088,0.017154074843539809,0.0027839196998199361,0,0,0,0,0,1.6152807037318473,-6.6535938360050464,0.00069908624050046082,1.6251939201767986,-6.6675934939813439,0.003483005940320397
639089883980539807,nan,90.633709826212836,0.027242816957320139,0.0026151044429230646,0,0,0,1,2,1.702265957336174,-6.7654681763577793,0.0034830059400966788,1.6809631193245498,-6.7484870053610386,0.00086790149717361426
639089883980739959,nan,83.101108025889175,0.015836370295333045,0.0037627133132079535,0,0,0,0,0,1.7180913522431196,-6.8023416989554217,0.00086790149699768413,1.7295644388851088,-6.8132576921322388,-0.0028948118162102692
639089883981039743,nan,115.20257541357357,0.017475956990089268,0.0002204093380187384,0,0,0,1,2,1.8020488207105845,-6.9098571925876122,-0.0028948118162488274,1.7939091314622051,-6.894392570650453,-0.0031152211542675658
639089883981239545,nan,107.33588621754014,0.020537127862144174,0.00038635180901904756,0,0,0,0,0,1.8366939107194415,-6.948341664638356,-0.0031152211542894498,1.8507429654090746,-6.9633215739556302,-0.0027288693452704022
639089883981539849,nan,160.412403010812,0.022458582111420843,0.002565543511252948,0,0,0,1,2,1.9358099269187086,-7.0664921761103336,-0.0027288693452901876,1.9193510912586706,-7.0512116447330779,-0.00016332583403723944
639089883981739992,nan,116.01967055665311,0.021696748772004344,0.0018588213089363356,0,0,0,0,0,1.9649947031914403,-7.1096831484162397,-0.00016332583404344797,1.98132404657045,-7.1239695563652612,-0.0020221471429797836
639089883982039889,nan,135.96260074906232,0.028242680902644115,0.00043803942296234905,0,0,0,1,2,2.0736936172497709,-7.232413909667085,-0.0020221471429868782,2.0581126211795224,-7.208857985018974,-0.0024601865659492272
639089883982239701,nan,128.90082452237479,0.022276602859517155,0.0021582144370235019,0,0,0,0,0,2.1090919691624692,-7.265214764215548,-0.002460186565944762,2.1247925020358722,-7.2810179380250029,-0.00030197212892126024
639089883982539705,nan,157.06531254196724,0.03290753012682697,0.0015388421314593455,0,0,0,1,2,2.2242276826125189,-7.3886251782511003,-0.00030197212889041035,2.1989135728086944,-7.3675989711778325,-0.0018408142603497557
639089883982740088,nan,129.67467679166023,0.021108858500346328,0.0018219490331117059,0,0,0,0,0,2.248118184564039,-7.4250750178301921,-0.0018408142601941966,2.2637954871008819,-7.4392102961209066,-1.8865227082490707e-05
639089883983039855,nan,153.81844295356845,0.027358909664267895,0.0082312366396200091,0,0,0,1,2,2.3601264340132735,-7.5455324787610687,-1.8865226757593923e-05,2.3416997908076675,-7.5253095027636823,0.0082123714128624157
639089883983239614,nan,135.67102201223176,0.023648389816910049,0.0001733770962600318,0,0,0,1,2,2.3931164848913591,-7.5821348173889449,0.0082123714136298417,2.4016087105995871,-7.6042058038520155,0.0080389943173698099
639089883983539691,nan,137.26324449503207,0.020751357875046769,0.011229624872837591,0,0,0,1,2,2.4907836051444567,-7.7216435636041334,0.0080389943179574631,2.4724548554013839,-7.7119134152746334,0.019268619190795054
639089883983739711,nan,120.64630151486263,0.01456613646034644,0.0070678441965949489,0,0,0,1,2,2.5193505685980901,-7.7832091120060278,0.019268619191581647,2.5317481114566469,-7.7908558931884393,0.012200774994986698
639089883983939711,nan,102.2174228614705,0.013901105256682726,0.0027669937735372886,0,0,0,1,2,2.5906408289455145,-7.8692650978594694,0.012200774996160235,2.59844641564588,-7.8807678602937914,0.0094337812226229466
639089883984239627,nan,92.569926239326534,0.056450669553870257,0.0066310242787178467,0,0,0,1,2,2.6976730259201709,-8.0145292778801451,0.0094337812245139582,2.6604151947813763,-7.9721201737642442,0.016064805503231805
639089883984542003,nan,93.150714836432002,0.029761687949688399,0.0094492719834113198,0,0,0,1,2,2.7224712484251565,-8.0636011444125515,0.016064805505112193,2.7121482486957236,-8.0356871023154142,0.025514077488523513
639089883984739879,nan,87.480686262558891,0.041561099719509713,0.0016947318293145906,0,0,0,1,2,2.7457513821919615,-8.0769769126866979,0.025514077490345996,2.7600159806940319,-8.11601338588126,0.023819345661031405
639089883985040488,nan,74.159324113403073,0.014318167919274058,0.0042604987866823804,0,0,0,1,2,2.8320975446456655,-8.2369726188370471,0.023819345662515069,2.8181513094262902,-8.2337303270903988,0.02807984444919745
639089883985239876,nan,91.235585766281289,0.0078806034407398803,0.0097581179953620603,0,0,0,1,2,2.8562778993466407,-8.31093201566825,0.028079844450738547,2.8603091793957369,-8.3177034772354421,0.018321726455376487
639089883985539516,nan,74.256685447386843,0.034345436505755229,0.0034015990668862205,0,0,0,1,2,2.9232162436929383,-8.4430064007285228,0.018321726456999657,2.9073405096215383,-8.4125503655882579,0.021723325523885877
639089883985739928,nan,75.531358229840023,0.0086931633388605736,0.009760788719575246,0,0,0,1,2,2.9385487638248082,-8.4754872586740486,0.021723325525448482,2.942641102305783,-8.4831569297617317,0.011962536805873236
639089883986040167,nan,64.584219935542961,0.021181167769195458,0.013288752373886709,0,0,0,1,2,2.9950886784238424,-8.5880600735147734,0.011962536807686308,2.9844152739632652,-8.5697647105698156,0.025251289181573017
639089883986239909,nan,68.747478310836073,0.026297429956482987,0.0065846790492580728,0,0,0,1,2,3.0119641654626057,-8.6268801065624316,0.025251289184180438,3.019557366437946,-8.6520574400444392,0.018666610134922365
639089883986540013,nan,67.844584830325317,0.022197441735661263,0.0069316315924381616,0,0,0,1,2,3.0719586467668716,-8.7747662511187681,0.01866661013595387,3.0611875942452547,-8.755357210771944,0.025598241728392031
639089883986716757,nan,51.769874735778473,0.025885622901163193,0.013570953565901782,0,0,0,1,2,3.0854777276966794,-8.8156298863884857,0.025598241729538451,3.0923930958109396,-8.8405746885890544,0.012027288163636669
639089883987039647,nan,62.42875082592969,0.060368942680822268,0.014393700440950778,0,0,0,1,2,3.1486521934605469,-8.9942097261760825,0.012027288164538227,3.1203540766572901,-8.9408840679448929,0.026420988605489006
639089883987240436,nan,80.975600470929479,0.0032363531647550754,0.0091162156761374208,0,0,0,1,2,3.1375381475081454,-9.0025315291454895,0.026420988606118662,3.1364526094371405,-8.9994826623226487,0.017304772929981241
639089883987539854,nan,67.374388758270513,0.0044346408172562263,0.0066221409267840405,0,0,0,1,2,3.1602334737113149,-9.0860449123494966,0.017304772931111729,3.157191393723644,-9.0892716426646434,0.023926913857895769
639089883987741544,nan,68.270577104319983,0.030440152893283962,0.0063353346471558478,0,0,0,1,2,3.1710371835309021,-9.14921726588193,0.023926913858872995,3.1788738735057729,-9.1786313645151409,0.017591579211717147
639089883988039975,nan,60.225628802576267,0.034506595236403093,0.0036545901521276812,0,0,0,1,2,3.2106005598844387,-9.3093861443430583,0.017591579212288336,3.1985255231552978,-9.2770612529619747,0.021246169364416017
639089883988239842,nan,55.797355056284147,0.0065762709068513123,0.0092108414156954008,0,0,0,1,2,3.2115665662523694,-9.3423803707036317,0.021246169364835317,3.2075074490164885,-9.3475544316141423,0.012035327949139916
639089883988539969,nan,50.505084153209289,0.021188086764738708,0.0014324027537006515,0,0,0,1,2,3.2208817124706992,-9.4525201547328859,0.012035327949756206,3.2209221326832904,-9.4313321065227154,0.013467730703456858
639089883988740100,nan,60.234811115412732,0.019927293943632279,0.0061820999809735436,0,0,0,1,2,3.229788636128482,-9.4867053871499198,0.013467730703817892,3.2289200601975749,-9.5066137426763859,0.0072856307228443482
639089883989040094,nan,54.042456282906173,0.014344441621882602,0.004012932839661725,0,0,0,1,2,3.2407643501867409,-9.618099815520937,0.0072856307231473029,3.2382561798207408,-9.6039763567781673,0.011298563562809028
639089883989239855,nan,60.945111484239057,0.0066583380765100229,0.0049786131399354163,0,0,0,1,2,3.244421779591077,-9.6682749021455319,0.011298563563792864,3.2388266485847783,-9.6718843307656126,0.0063199504238574478
639089883989539914,nan,55.2343632848022,0.018495216470446666,0.0040768077464447341,0,0,0,1,2,3.2396769361990629,-9.7731016328033622,0.0063199504242157575,3.2333803410554203,-9.7557112353988824,0.010396758170660492
639089883989739968,nan,47.161023608262873,0.017560858146944192,0.0058664452960892821,0,0,0,1,2,3.2297724922851598,-9.8112414810131092,0.010396758171231001,3.2349324483484549,-9.8280271472877008,0.0045303128751417185
639089883990039743,nan,50.708792988707778,0.019805945908012219,0.0094361049563204506,0,0,0,1,2,3.2372365333748454,-9.9353792681755611,0.004530312875932337,3.2313189334414179,-9.9164780114887954,0.013966417832252788
639089883990239903,nan,41.3218602455417,0.011803277861696004,0.0020988800466753433,0,0,0,1,2,3.2289271825548731,-9.9750227908272233,0.013966417832875546,3.2217344047728131,-9.9843812798109379,0.011867537786200203
639089883990540010,nan,45.472550019949111,0.019271371233798629,0.0035947700890334045,0,0,0,1,2,3.2074707326842913,-10.085434757407448,0.011867537786655342,3.2080600227138607,-10.066172398089547,0.015462307875688747
639089883990739953,nan,47.000581240962624,0.014885648151073339,0.005394558411134091,0,0,0,1,2,3.1990378453652886,-10.120137101683925,0.015462307876189988,3.1967921775063712,-10.13485238274631,0.010067749465055897
639089883991039945,nan,46.290049486586497,0.014468479047781552,0.00011302287180338204,0,0,0,1,2,3.1800585488067425,-10.236847515016903,0.01006774946561171,3.1868239603304009,-10.224058218989692,0.010180772337415092
639089883991240360,nan,38.476153582698792,0.013633130228206176,0.0055014706057281348,0,0,0,1,2,3.1802292572348927,-10.283074389487036,0.010180772338036877,3.166805865730788,-10.285456573431814,0.0046793017323087426
639089883991540246,nan,37.673103535639278,0.017825381215445489,0.0048610119370015911,0,0,0,1,2,3.1370580437301645,-10.3766973910824,0.0046793017331350911,3.1460373483262778,-10.361298809834565,0.0095403136701366822
639089883991739902,nan,46.693277909576317,0.0087691258869615468,0.0013034679477659621,0,0,0,1,2,3.1323557976613539,-10.411260941443441,0.0095403136710358483,3.1249902076028082,-10.416019686226557,0.0082368457232698863
639089883992039918,nan,42.186872092140604,0.010446369067052068,0.007328212008846903,0,0,0,1,2,3.0936157464451521,-10.497590766756227,0.0082368457240110035,3.100850618702216,-10.490055300605482,0.015565057732857907
639089883992239435,nan,42.109702895255602,0.01830027871951324,0.0072524389160748652,0,0,0,1,2,3.0849160699507476,-10.538926228421364,0.015565057733650573,3.074866593156814,-10.554220286659126,0.0083126188175757076
639089883992539510,nan,43.170856300854282,0.018752298210831925,0.0075631148572267819,0,0,0,1,2,3.0360647175093698,-10.650037688216985,0.0083126188186481396,3.0416036605928913,-10.632122086142104,0.015875733675874922
639089883992739810,nan,38.959020667057516,0.0048911461367066493,0.0054557174340884064,0,0,0,1,2,3.0195991590585955,-10.68365663628898,0.015875733677115266,3.0147334052053294,-10.68315889140448,0.01042001624302686
639089883993039859,nan,35.338522558152185,0.0096296608399942599,0.0054470783636335184,0,0,0,1,2,2.9748594658673682,-10.758894624008544,0.010420016244386291,2.9778968766153482,-10.749756544131383,0.01586709460801981
639089883993239459,nan,45.294891618612851,0.011771893854488364,0.0061908390323819201,0,0,0,1,2,2.9536942324959967,-10.793513090956802,0.015867094609157504,2.9485009512181324,-10.80407752726407,0.0096762555767755838
639089883993539914,nan,41.583858455326265,0.0096103932870307621,0.0076936279043647304,0,0,0,1,2,2.9046285206255678,-10.885149768739904,0.0096762555778463176,2.9116834585826052,-10.878623858109673,0.017369883482211048
639089883993740000,nan,43.324508030772527,0.012977556845561677,0.0073598150354650324,0,0,0,1,2,2.8875271979955968,-10.927534320631885,0.0173698834833944,2.8803806068526119,-10.93836682803852,0.010010068447929368
639089883994039919,nan,38.57589062873199,0.025567324347366735,0.010232790180701126,0,0,0,1,2,2.8339145998774735,-11.027049395408872,0.010010068448962219,2.8343864427164851,-11.001486425342412,0.020242858629663345
639089883994239943,nan,35.36208635872098,0.020114323540257016,0.012388698977848474,0,0,0,1,2,2.8042217810206109,-11.042882574936883,0.020242858631050582,2.7946735516725876,-11.060586171401999,0.0078541596532021082
639089883994540129,nan,42.539419753500603,0.035855310691600792,0.011555677688759486,0,0,0,1,2,2.735580545304297,-11.14852692762655,0.0078541596546681958,2.7494850551369612,-11.115477450912016,0.019409837343427681
639089883994739846,nan,55.798507339627484,0.010760631308940451,0.010546279235535451,0,0,0,1,2,2.7197132339751482,-11.151641817558446,0.019409837345425528,2.7136169170222146,-11.160508953836654,0.0088635581098900768
639089883995039831,nan,34.706001529765082,0.015928596786515307,0.011092020108436631,0,0,0,1,2,2.6602864021325301,-11.227464010983597,0.0088635581108875098,2.6585987313268578,-11.211625072798256,0.01995557821932414
639089883995239872,nan,47.42765743395563,0.01604447339784049,0.0087407600893108089,0,0,0,1,2,2.6224340206359207,-11.245224865858059,0.019955578220596286,2.6122164443426326,-11.257595244239695,0.011214818131285477
639089883995539831,nan,52.876720385772799,0.025207620402059018,0.0051793743193014694,0,0,0,1,2,2.5432158262053863,-11.325982778610593,0.011214818132779835,2.56600910000813,-11.315217519872993,0.016394192452081305
639089883995739763,nan,41.351990792114655,0.023972489104319754,0.0085181195227062995,0,0,0,1,2,2.5354807933048304,-11.35328745288496,0.016394192453572889,2.5129319104260897,-11.361425518673435,0.00787607293086659
639089883996040146,nan,46.386794328926797,0.026689633877507769,0.0068451428748012248,0,0,0,1,2,2.4340566805551815,-11.43009280411111,0.0078760729320311966,2.4532220813397339,-11.411517983269905,0.014721215806832421
639089883996239757,nan,45.72625909878316,0.011574404938812823,0.0051229013522193761,0,0,0,1,2,2.4140137314843946,-11.444411108356128,0.014721215807983707,2.4028125523880344,-11.44732665916839,0.0095983144557643309
639089883996540176,nan,55.704327724541869,0.027384847611357743,0.004118781426511833,0,0,0,1,2,2.3274808871057959,-11.50083890661608,0.0095983144573035233,2.3544700853586642,-11.496200689678004,0.013717095883815356
639089883996739823,nan,40.398065762075291,0.028740006551905738,0.0049413961981987584,0,0,0,1,2,2.3225918836792254,-11.528429417279472,0.013717095884957937,2.2939227256173558,-11.530446185145916,0.0087756996867591787
639089883997039412,nan,40.893179278241966,0.022464452613856968,0.0031378959523342218,0,0,0,1,2,2.2038364642970225,-11.581398838852827,0.0087756996881587137,2.2234342744584539,-11.570418061643689,0.011913595640492936
639089883997240096,nan,46.880698803916957,0.0026236210125412302,0.0030546932777259384,0,0,0,1,2,2.17658442304998,-11.596985200567156,0.011913595641752454,2.1787241900629359,-11.595467048945046,0.0088589023640265156
639089883997539977,nan,41.991651661419034,0.0063514918626360623,0.0064888756431103929,0,0,0,1,2,2.1122888221135243,-11.632687705327717,0.0088589023658756146,2.1186369190038072,-11.632895346250255,0.015347778008986008
639089883997739906,nan,44.108457497480899,0.028042009038550735,0.0084856155725822682,0,0,0,1,2,2.0789434215343663,-11.657620383653065,0.015347778010744955,2.0515110508175045,-11.663435820676266,0.0068621624381626865
639089883998039982,nan,40.854100223556856,0.028853708964947624,0.0084873605498402595,0,0,0,1,2,1.9515839447288861,-11.70889998092362,0.0068621624395102561,1.9773760690126261,-11.695965420785525,0.015349522989350516
639089883998241241,nan,50.758779287741547,0.0024213306705019567,0.0047276848603692388,0,0,0,1,2,1.9283430944664586,-11.717480541114984,0.015349522991069418,1.9299861995318957,-11.715702045132462,0.01062183813070018
639089883998539911,nan,52.202201265250864,0.0053543029193972979,0.0089663834268763273,0,0,0,1,2,1.8600751204117441,-11.744818156263438,0.010621838132321239,1.8628953773579804,-11.740266814646962,0.019588221559197566
639089883998739887,nan,43.727263226753685,0.016092462127751353,0.0087099403410980814,0,0,0,1,2,1.8186077095805377,-11.75648239102591,0.019588221560759695,1.802940661449224,-11.760158114109089,0.010878281219661614
639089883999039990,nan,38.082064104228216,0.018623350374268665,0.008430870057536748,0,0,0,1,2,1.7137353661194989,-11.789753938492805,0.010878281221216332,1.7300771781552131,-11.780822289230089,0.01930915127875308
639089883999239791,nan,53.008587072221403,0.0058983429114616284,0.0037084726967598208,0,0,0,1,2,1.6823270218188948,-11.794364293372375,0.019309151280431737,1.6781797642407628,-11.79855842065726,0.015600678583671916
639089883999541452,nan,46.308884405667037,0.0088971996192647104,0.0070290078678351253,0,0,0,1,2,1.6003416968820372,-11.825159865480446,0.015600678584874675,1.6013196020087543,-11.816316570696928,0.0226296864527098
639089883999739796,nan,49.643201953224327,0.011547784637076661,0.010778741957620151,0,0,0,1,2,1.5511862357172115,-11.827899630304733,0.022629686453679826,1.5415532802103633,-11.821531153388909,0.011850944496059675
639089884000039858,nan,64.137532804037519,0.021692392223256494,0.0034488842043462007,0,0,0,1,2,1.4525007435958162,-11.829300944169637,0.011850944497042833,1.4738558913430793,-11.825490754533915,0.015299828701389033
639089884000339629,nan,68.847785953430133,0.012347388014959278,0.0068968150612525696,0,0,0,1,2,1.4065434750656454,-11.829427838740925,0.015299828702921379,1.4156108986441185,-11.837808758764437,0.022196643764173948
639089884000539909,nan,47.989010494168383,0.029179539764079162,0.0081262220761475126,0,0,0,1,2,1.3769052902524135,-11.845994455522581,0.022196643765555833,1.3477956716965285,-11.848013279035014,0.01407042168940832
639089884000739721,nan,63.020131997873946,0.017897278357558218,0.0073186234790230042,0,0,0,1,2,1.2810270084390238,-11.858060317264011,0.014070421690744224,1.2648694316136475,-11.850363221464946,0.0067517982117212194
639089884001039567,nan,73.573845284427534,0.047090618857184269,0.0066517214033984633,0,0,0,1,2,1.1414916804806774,-11.853859468394834,0.0067517982127178119,1.18855410846136,-11.852230279358638,0.013403519616116275
639089884001240035,nan,64.11176916908974,0.0042261623852682456,0.0082054560213611228,0,0,0,1,2,1.1378011580655247,-11.853471952626215,0.013403519617423967,1.1420223053759944,-11.853266127724973,0.0051980635960628442
639089884001539452,nan,61.022934177737127,0.0095456772480587773,0.0055471676570065954,0,0,0,1,2,1.0729480941356067,-11.854803794527568,0.0051980635969672007,1.0757213425963215,-11.845669844281412,0.010745231253973796
639089884001839858,nan,83.986941129973431,0.0042982303389148598,0.001614211003507655,0,0,0,1,2,1.0100694877118694,-11.838147930912594,0.010745231255018067,1.0090421214527392,-11.842321574718188,0.012359442258525722
639089884002039818,nan,77.431097009389092,0.023232495668619325,0.005385562712163003,0,0,0,1,2,0.96499012517948135,-11.840109521910861,0.01235944225998558,0.94192541303709953,-11.842896618748339,0.0069738795478225769
639089884002240315,nan,55.997935425140781,0.020592017535179582,0.0040746761502581568,0,0,0,1,2,0.87522595613121801,-11.843468087841707,0.0069738795491202368,0.85760210184173913,-11.832817691316114,0.00289920339886208
639089884002539709,nan,64.929449842674714,0.04782212761130776,0.0043643328835989174,0,0,0,1,2,0.73261808348273427,-11.817878704298517,0.0028992033995866515,0.7801599002526336,-11.812708448261382,0.0072635362831855689
639089884002740414,nan,81.383972624423464,0.0031522649197056091,0.012390229360866336,0,0,0,1,2,0.72897023354285184,-11.799416142146178,0.0072635362839770859,0.7321209467274068,-11.799317245469398,-0.0051266930768892509
639089884003039797,nan,88.275057942467015,0.010157138310721165,0.0073974065842469967,0,0,0,1,2,0.66105957495851664,-11.779508378493682,-0.0051266930755234207,0.66888042130949488,-11.785989259685119,0.0022707135087235756
639089884003339386,nan,75.981511251525461,0.0061383353212536625,0.005980985200714637,0,0,0,1,2,0.60593292579442815,-11.772723030161618,0.0022707135097803578,0.59980838097311373,-11.772311798781661,0.0082516987104949945
639089884003539856,nan,69.620565679623439,0.022925499127722581,0.012380805837296751,0,0,0,1,2,0.55405395605097485,-11.763251629790199,0.0082516987113601548,0.53765978890639465,-11.747226343711917,-0.0041291071259365953
639089884003840240,nan,84.624146248893425,0.019798435582304132,0.0053704369175867376,0,0,0,1,2,0.44534440601143738,-11.709964463549426,-0.0041291071246128018,0.46153375577276473,-11.721361086111047,0.0012413297929739359
639089884004040064,nan,77.808607578426205,0.0079451250278461671,0.0058581554924580087,0,0,0,1,2,0.41109580392027051,-11.704223839313556,0.0012413297944672834,0.40401316874352289,-11.700623660059518,-0.0046168256979907249
639089884004239760,nan,66.277923332753417,0.0099402853790532993,0.0032657827884703091,0,0,0,1,2,0.34705454271335967,-11.680088833203584,-0.0046168256961946546,0.34266259918485131,-11.671171428566616,-0.0078826084846649637
639089884004539735,nan,68.904848884604334,0.023690737091947064,0.0040668307649428552,0,0,0,1,2,0.25125683987619502,-11.627290766947517,-0.0078826084840928467,0.27404522355250038,-11.633766922703925,-0.0038157777191499915
639089884004739848,nan,86.102171629580212,0.011511432187360492,0.009494451472680656,0,0,0,1,2,0.22858928096143541,-11.608988110406417,-0.0038157777181194938,0.21710037169466778,-11.609707856795209,-0.01331022919080015
639089884005039835,nan,66.054916910894107,0.011065182210228825,0.0081926870462452964,0,0,0,1,2,0.13220797652199828,-11.573841019601442,-0.013310229189423907,0.14257016814274326,-11.577722158887854,-0.0051175421431786114
639089884005339895,nan,71.948804913636721,0.016852597636710421,0.0049245091727401543,0,0,0,1,2,0.068667328523495774,-11.546005703143704,-0.0051175421419247073,0.084769346982637883,-11.541032268852764,-0.0001930329691845527
639089884005541536,nan,98.861384565627958,0.020768566217591485,0.003531454498759295,0,0,0,1,2,0.046322343388919336,-11.516627488683207,-0.00019303296796518266,0.029403263027255388,-11.504582653173744,-0.0037244874667244775
639089884005739800,nan,89.104054142624307,0.020300827459020145,0.004978417510161039,0,0,0,1,2,-0.024211327717051232,-11.469286112623887,-0.0037244874655972507,-0.042780159414532538,-11.461081108972973,-0.0087029049757582893
639089884006039769,nan,87.25513800268061,0.034868140264201743,0.0029190300404748765,0,0,0,1,2,-0.15104956491501276,-11.395832244765009,-0.0087029049744913288,-0.1187911103103845,-11.409067776941887,-0.0057838749340164523
639089884006239706,nan,81.280476350812819,0.0050939759553277116,0.0051179663263305839,0,0,0,1,2,-0.16909098558166813,-11.374648208672149,-0.0057838749329361151,-0.16894795405099949,-11.369556241172774,-0.010901841259266699
639089884006539876,nan,90.504368710370542,0.016752873647769912,0.003443192944528356,0,0,0,1,2,-0.2438298140445859,-11.310567336191129,-0.010901841257550709,-0.23481116344916295,-11.324685505934259,-0.0074586483130223528
639089884006839966,nan,98.542731112159913,0.0088958808290690149,0.0065211094549217641,0,0,0,1,2,-0.29991949376781313,-11.280329048387697,-0.007458648311957662,-0.29385093186785527,-11.27382449212371,-0.00093753885703589757
639089884007039616,nan,114.82709236510381,0.024481536276667281,0.0055612899996905869,0,0,0,1,2,-0.33263888156023591,-11.240409820999044,-0.0009375388557886328,-0.34983557413284083,-11.222985143583692,-0.0064988288554792195
639089884007279823,nan,97.466044441683366,0.0029985554849086492,0.0020274200773230753,0,0,0,1,2,-0.41662362188369106,-11.162335281397532,-0.0064988288543189714,-0.41942979773069849,-11.163392027399061,-0.0085262489316420467
639089884007539646,nan,108.67044971861925,0.015506542290876526,0.0017679324600341139,0,0,0,1,2,-0.49398022423515497,-11.099554944396806,-0.0085262489308039289,-0.47897375340869203,-11.103461181352401,-0.0067583164707698149
639089884007739783,nan,144.87835407674734,0.010073305371614225,0.0048950619693742623,0,0,0,1,2,-0.52456312084294243,-11.057575594310752,-0.006758316470000289,-0.53013756118869892,-11.049185296584128,-0.011653378439374551
639089884008039619,nan,118.67768412071618,0.023469483444358258,0.0069071036197471628,0,0,0,1,2,-0.60621458132182116,-10.968480834632949,-0.01165337843863784,-0.58917786881835299,-10.984622924962865,-0.0047462748188906775
639089884008339494,nan,115.61934140427624,0.0056136939854862528,0.0015663854470841908,0,0,0,1,2,-0.64791611854906728,-10.920390862838715,-0.0047462748184213853,-0.64363975753436609,-10.924027660418266,-0.0031798893713371945
639089884008539470,nan,130.11305543428966,0.035016830129989386,0.0054215870687341801,0,0,0,1,2,-0.67955589744563794,-10.884066725337723,-0.0031798893707886337,-0.70133197401053327,-10.856644455522984,-0.0086014764395228142
639089884008840310,nan,74.795137240205634,0.025036118940158808,0.0012529209469207062,0,0,0,1,2,-0.78740041485157164,-10.756118461923743,-0.0086014764391631679,-0.77250500294923374,-10.776241432774128,-0.0073485554922424617
639089884009039639,nan,103.97836627243282,0.01254578656966971,0.0051896873676611733,0,0,0,1,2,-0.81898394065559965,-10.723734926567033,-0.0073485554915473312,-0.82149633489212948,-10.71144327753804,-0.012538242859208504
639089884009239505,nan,115.09696070359924,0.010696949985670575,0.0060611921025206881,0,0,0,1,2,-0.87031880919072979,-10.646868461072586,-0.012538242858529452,-0.87259750408074721,-10.636417035878186,-0.01859943496105014
639089884009539854,nan,109.48326108272751,0.033293676434638923,0.006946332704969008,0,0,0,1,2,-0.94868009391160468,-10.524713314390167,-0.018599434960194495,-0.9304282218858998,-10.552558207244903,-0.011653102255225487
639089884009839887,nan,136.52030039631899,0.013805129627337763,0.0080311780463926483,0,0,0,1,2,-0.98767056724325331,-10.46955256228537,-0.011653102254425221,-0.98004181094793408,-10.481058373052727,-0.0036219242080325724
639089884010040161,nan,148.37792045151721,0.034482834174574498,0.0068909651824477771,0,0,0,1,2,-1.0128441084454525,-10.433785864118482,-0.0036219242072596291,-1.0275551998141748,-10.402598532660784,-0.010512889389707406
639089884010344491,nan,88.03163944640356,0.02620192079986151,0.016022471934486561,0,0,0,1,2,-1.0993577618354649,-10.284029478961358,-0.010512889389125852,-1.087566934528778,-10.307428561102034,0.0055095825453607078
639089884010539450,nan,115.39815645526343,0.013333188965441346,0.0068777176442551711,0,0,0,1,2,-1.1258791387350373,-10.246670920917113,0.0055095825457675369,-1.130557284350119,-10.234185374009098,-0.0013681350984876342
639089884010839535,nan,128.88085567320624,0.010372762887771791,0.00090064160226392188,0,0,0,1,2,-1.1963356580143416,-10.122117950762263,-0.0013681350981700347,-1.1873013276161557,-10.127214526493315,-0.0022687767004339566
639089884011039654,nan,164.24799742593882,0.017577559951853051,0.0044157415026047659,0,0,0,1,2,-1.224893288422956,-10.056348164566471,-0.0022687766999051357,-1.2307080689856598,-10.039760249059434,-0.0066845182025099016
639089884011239414,nan,161.73835849767983,0.010686408396439006,0.0038761951111956636,0,0,0,1,2,-1.273612934257401,-9.9533171327979044,-0.0066845182021831951,-1.2782039752602887,-9.9436671759624939,-0.010560713313378859
639089884011539427,nan,163.21009811645618,0.0096715896479920866,0.0056782130136231613,0,0,0,1,2,-1.3489700309722021,-9.8004942522796075,-0.010560713312368958,-1.3394680106969941,-9.8022973765151171,-0.0048825002987457969
639089884011839499,nan,164.74815457002384,0.028593383730387566,0.0040573898897927731,0,0,0,1,2,-1.4002861576318273,-9.6619564868944643,-0.0048825002985333869,-1.3854977468564571,-9.6864286036785128,-0.00082511040874061405
639089884012039728,nan,136.00634424668877,0.0047143674382019475,0.0026238361658395544,0,0,0,1,2,-1.41587806256139,-9.6099534771011133,-0.00082511040846593609,-1.4204698126052948,-9.608885258080182,-0.0034489465743054904
639089884012339725,nan,157.63543561637104,0.025720987193968363,0.0027605295627216352,0,0,0,1,2,-1.4725623345014354,-9.4933808307040195,-0.0034489465740905867,-1.4564507620796292,-9.5134304296109597,-0.00068841701136895177
639089884012539482,nan,116.68063250612501,0.020642865486951947,0.0067661707083485709,0,0,0,1,2,-1.4802456023770383,-9.4503044578891213,-0.00068841701104236557,-1.4896029663353996,-9.4319042504103141,-0.0074545877193909369
639089884012839916,nan,110.2575250994913,0.014491445438112519,0.0028121654309640762,0,0,0,1,2,-1.5391330675280002,-9.3101023975229236,-0.0074545877191927136,-1.5254066901279699,-9.3147487460201557,-0.0046424222882286374
639089884013039736,nan,88.878585458052754,0.025971038577501406,0.013712356414526899,0,0,0,1,2,-1.5490302547990475,-9.2374486682246744,-0.0046424222881480768,-1.5543338631680632,-9.2120249276843413,-0.018354778702674976
639089884013339652,nan,138.18931273167209,0.01673851942097029,0.0028923270925391743,0,0,0,1,2,-1.5974358290244204,-9.0589647408348277,-0.018354778702402215,-1.5932232544979261,-9.0427649800876768,-0.015462451609863041
639089884013539455,nan,103.42343938309867,0.0059905780791408413,0.012939332796472519,0,0,0,1,2,-1.6189552752469032,-8.9307704146138871,-0.015462451609689854,-1.6165647130809622,-8.9362633408151986,-0.028401784406162374
639089884013839781,nan,132.26718972738837,0.034858943013281365,0.0019281688460898033,0,0,0,1,2,-1.6514056587547625,-8.7772922201860926,-0.028401784405996503,-1.646150835155044,-8.81175281706048,-0.030329953252086306
639089884014039559,nan,97.034983725283922,0.0062386541658677542,0.0036484328303275464,0,0,0,1,2,-1.6655782776154175,-8.7299941793485516,-0.030329953251876245,-1.6710158711201129,-8.7269358493011246,-0.033978386082203792
639089884014339522,nan,130.14187767694759,0.0095754179581582395,0.0080727512788321965,0,0,0,1,2,-1.7080718144336371,-8.6005345541760736,-0.033978386081920935,-1.7050646007445966,-8.6096254999410569,-0.025905634803088738
639089884014544694,nan,208.58391905772083,0.022617714458455569,0.010395347101904429,0,0,0,1,2,-1.7281426048610034,-8.530113319742652,-0.025905634803001801,-1.7333490981097353,-8.5081030168057286,-0.036300981904906229
639089884014840101,nan,171.29456863162196,0.033148711492091081,0.00076384251155613148,0,0,0,0,0,-1.7737672456524918,-8.3630288212385064,-0.0363009819048341,-1.7570609347955364,-8.3916598577397696,-0.037064824416390231
639089884015039544,nan,176.1962246007102,0.040070118848910687,0.003955059642810968,0,0,0,1,2,-1.772988698811873,-8.3134424179228894,-0.037064824416335775,-1.7780476592801029,-8.2736929356174969,-0.041019884059146743
639089884015339488,nan,168.81168618722015,0.048251723131398389,0.0062802877978959532,0,0,0,0,0,-1.8093911563295206,-8.0975103265501573,-0.041019884059116572,-1.8073041961622849,-8.145716896459346,-0.047300171857012525
639089884015539277,nan,169.69389310697625,0.030277790473347683,0.0018709677123279617,0,0,0,1,2,-1.8266201394746089,-8.0612237136992189,-0.047300171856846096,-1.8237052516157821,-8.0310865601388972,-0.045429204144518134
639089884015762866,nan,149.62968278127903,0.019509015592174488,0.00070198949640890018,0,0,0,0,0,-1.8419214118417653,-7.9037700847393593,-0.045429204144457905,-1.8453392674313525,-7.8845627956921138,-0.046131193640866805
639089884016039731,nan,155.41633733109884,0.020653537333540153,0.0012125628299347185,0,0,0,1,2,-1.8719051243307057,-7.7046364522969935,-0.046131193640849527,-1.8678523001770735,-7.7248884453042921,-0.047343756470784246
639089884016339459,nan,153.73147251955177,0.071663850131724924,0.00089637039273110508,0,0,0,0,0,-1.8920781440788632,-7.553065931149674,-0.047343756470781866,-1.8827967731692183,-7.6241262123884921,-0.046447386078050761
639089884016539433,nan,146.21254185259986,0.027968906378209767,0.0014770858350355576,0,0,0,0,0,-1.8927266322879663,-7.5571747194940766,-0.046447386078027515,-1.8919591459199476,-7.5292163452804717,-0.044970300242991958
639089884016839451,nan,143.94302535716847,0.0024626038208896274,0.0015038927652674949,0,0,0,1,2,-1.9056275700528762,-7.3876298421632471,-0.044970300242993096,-1.905580728412787,-7.3851676838743847,-0.043466407477725601
639089884017039771,nan,131.113000420719,0.045408149211212209,0.0019239353927139879,0,0,0,0,0,-1.9146099138504136,-7.2896837651328452,-0.043466407477708378,-1.9184966948359512,-7.244442269265023,-0.045390342870422366
639089884017339420,nan,128.76389861919944,0.060622093142207303,0.0061052227359123176,0,0,0,1,2,-1.9376613294328702,-7.0356347312823075,-0.045390342870398399,-1.9341261945382331,-7.0961536621900754,-0.039285120134486082
639089884017539306,nan,125.66672842798111,0.0022964555541966033,0.00042121157735692388,0,0,0,0,0,-1.9444945826996964,-6.9977811059750294,-0.039285120134476541,-1.942271582831413,-6.9983572827690885,-0.038863908557119617
639089884017839506,nan,146.93777121557574,0.0070019066356533481,7.4877999666905781e-06,0,0,0,1,2,-1.954458664623471,-6.8520349182516558,-0.038863908557076353,-1.9520336653078678,-6.8586034854358848,-0.038856420757109662
639089884018039685,nan,122.34023736223382,0.025811567074569487,0.0011060528031285738,0,0,0,0,0,-1.9585105800436859,-6.7658800904515521,-0.038856420757011553,-1.9611007960105842,-6.7401988175841527,-0.039962473560140127
639089884018339572,nan,123.69226708460475,0.029192714493669711,0.001603927710624474,0,0,0,1,2,-1.9746199121331303,-6.5636571412124294,-0.039962473560127332,-1.9708163690744758,-6.5926010117156961,-0.038358545849502858
639089884018539376,nan,127.82580008085932,0.04406336671538158,0.0048566967124628324,0,0,0,0,0,-1.9772641983482548,-6.4946463725847154,-0.038358545849500394,-1.9781550900790674,-6.450592013002284,-0.043215242561963227
639089884018839437,nan,114.67711793505131,0.034691952318676687,0.0022169953744951704,0,0,0,1,2,-1.9890993789830285,-6.2388129430649766,-0.043215242561916375,-1.9876221930671574,-6.2734734317726,-0.045432237936411546
639089884019039296,nan,224.07152825092746,0.0063483044571477475,0.0027866736368683254,0,0,0,0,0,-1.9938946851994583,-6.1561223362320554,-0.045432237936392499,-1.99586022311728,-6.1500859772157073,-0.042645564299524173
639089884019339697,nan,225.4346839086478,0.035732010122456748,0.0025738593675179375,0,0,0,1,2,-2.0081756971261076,-5.9656274379332217,-0.042645564299420353,-2.0029122925076264,-6.0009696664879337,-0.045219423666938291
639089884019539597,nan,139.32276132866582,0.02310453955318682,0.0069968583248821783,0,0,0,0,0,-2.0075787550316306,-5.9022971156078361,-0.045219423666891197,-2.0120098151320756,-5.8796214578588089,-0.038222565342009018
639089884019839608,nan,139.64781767850064,0.02226428140753739,0.0015888060578013105,0,0,0,1,2,-2.0255941187488964,-5.6984258755642117,-0.038222565342014486,-2.0204957188545456,-5.7200985437227772,-0.039811371399815797
639089884020039084,nan,136.00070428008399,0.023091138875657072,0.00081259571059416613,0,0,0,0,0,-2.0261306872895815,-5.6141691559733928,-0.039811371399823707,-2.0265915713014246,-5.5910826170274506,-0.040623967110417873
639089884020339630,nan,142.25163838031884,0.033201146452567921,0.005391545264101183,0,0,0,1,2,-2.0357272875022518,-5.3977293654606946,-0.040623967110328098,-2.0343265011440117,-5.4309009485302955,-0.035232421846226915
639089884020539392,nan,138.5708242749659,0.022768856763168938,0.0067856279443048485,0,0,0,0,0,-2.0394443223666991,-5.3249166462543203,-0.035232421846196994,-2.0410540795670324,-5.3022047656616067,-0.028446793901892146
639089884020839355,nan,131.50430348414031,0.027362265823920491,0.002312492392476332,0,0,0,1,2,-2.0511009546772492,-5.1100116175269212,-0.02844679390193295,-2.0525085658895272,-5.1373376531284123,-0.026134301509456618
639089884021039509,nan,123.73315059876188,0.019492414647821154,0.0013711369263143917,0,0,0,0,0,-2.0601206371887919,-5.027775322686586,-0.02613430150947519,-2.0599678301249114,-5.0082835069988718,-0.027505438435789582
639089884021339689,nan,142.47142248791764,0.059168512455702024,0.00028509983946083464,0,0,0,1,2,-2.0711136797272425,-4.8154470478084628,-0.027505438435814763,-2.0658607144312957,-4.8743819205225032,-0.027220338596353928
639089884021539449,nan,129.34911608710712,0.043839466382011714,0.0011433737108826093,0,0,0,0,0,-2.0697739244425684,-4.785463658856151,-0.027220338596385341,-2.0718883259445859,-4.7416752115332805,-0.02836371230726795
639089884021839861,nan,127.77991484923623,0.03625827249647573,0.0036793440834646009,0,0,0,1,2,-2.0809092737416539,-4.5430658135200028,-0.028363712307292333,-2.0807057774068243,-4.5793235149594267,-0.032043056390756934
639089884022039720,nan,124.98318439705834,0.036993696619912086,0.0014321801076212955,0,0,0,0,0,-2.0865441169434518,-4.4718248422414648,-0.032043056390746033,-2.0915685228223531,-4.4351739359065574,-0.030610876283124738
639089884022339714,nan,127.65540882945956,0.055908000686133663,0.0062705587386323487,0,0,0,1,2,-2.1077887173108723,-4.2199305404079164,-0.030610876283142126,-2.1043900267186353,-4.2757351409618041,-0.036881435021774475
639089884022639655,nan,110.66180635952671,0.032307975393383558,0.0069132317026110897,0,0,0,0,0,-2.1171655859231033,-4.1168676804218292,-0.036881435021771353,-2.1146643975256407,-4.1490786929892707,-0.029968203319160263
639089884022839607,nan,132.20074428666342,0.035781237977781072,0.0014714310045055579,0,0,0,1,2,-2.1215015202167891,-4.0647946340741683,-0.029968203319173957,-2.1257955242111284,-4.0292719860743471,-0.028496772314668399
639089884023039460,nan,105.44347447529535,0.047512778074678581,0.0032303593848291359,0,0,0,0,0,-2.1368902538905714,-3.9098570279517038,-0.028496772314683581,-2.1405038456985443,-3.8624818653174815,-0.025266412929854445
639089884023339666,nan,111.82497043922233,0.079999830991297982,0.0015546201873253389,0,0,0,1,2,-2.162462539437823,-3.6134736298386168,-0.025266412929879696,-2.1528971385725191,-3.6928995454135869,-0.023711792742554357
639089884023539455,nan,105.15629763511444,0.0069605017380347228,0.00015299826193293162,0,0,0,0,0,-2.1611083955331916,-3.5805416741942313,-0.023711792742589142,-2.1662283024502846,-3.5758262593020413,-0.023864791004522073
639089884023839398,nan,94.396717777402216,0.037815310127766184,0.0016383776047272022,0,0,0,1,2,-2.1861428860418197,-3.4009378726629262,-0.023864791004534362,-2.1803698662499649,-3.4383099200050506,-0.025503168609261564
639089884024139683,nan,91.686471164658528,0.0064100367976563915,0.0026760809248388105,0,0,0,0,0,-2.194488496374785,-3.3010165938810054,-0.025503168609281944,-2.1955644942854042,-3.3073356761121251,-0.028179249534120755
639089884024339225,nan,103.035092422769,0.05813262265638066,0.0067392620268478566,0,0,0,1,2,-2.2056539017935588,-3.2203672740804294,-0.02817924953410943,-2.2127882600910644,-3.1626740964197047,-0.021439987507261574
639089884024539416,nan,90.658093593282871,0.027339821940069304,0.0020437035047743378,0,0,0,0,0,-2.229986540081947,-3.0182265708584808,-0.021439987507297309,-2.2320645587062202,-2.9909658353160955,-0.019396284002522971
639089884024839444,nan,89.786040867416887,0.098533844598278977,0.0038792236086388002,0,0,0,1,2,-2.2607561285266935,-2.7353887839037054,-0.019396284002546411,-2.2540047004971671,-2.8336910562623845,-0.023275507611185211
639089884025039643,nan,76.575574187185282,0.0026903561301935505,0.001087215240906398,0,0,0,0,0,-2.268572268968323,-2.7292655181559611,-0.0232755076111907,-2.2694017773498887,-2.7318248016400992,-0.022188292370284302
639089884025339321,nan,76.500307050169837,0.013100942749478156,0.0029027575837959965,0,0,0,1,2,-2.2923526447781808,-2.5799830639118455,-0.02218829237028325,-2.2884311163000781,-2.5924833165221144,-0.019285534786487254
639089884025639678,nan,63.143449800792162,0.015961478925341287,0.0060726324438245341,0,0,0,0,0,-2.307428175593861,-2.4533781977474147,-0.01928553478649403,-2.3075237175021717,-2.4693393907237517,-0.025358167230318564
639089884025839432,nan,69.929668575994313,0.043080250250937945,0.0027680910501307783,0,0,0,1,2,-2.3201500395525292,-2.3879018302144495,-0.025358167230318446,-2.3221086879902741,-2.344866128082606,-0.028126258280449224
639089884026139431,nan,68.4490370144823,0.032566105541185129,0.0041787204940426127,0,0,0,0,0,-2.3438501649240435,-2.1593167249630696,-0.028126258280456253,-2.3384471779038898,-2.1914315028913016,-0.032304978774498866
639089884026339538,nan,67.091974273255943,0.014062451167811619,0.00012817504985444816,0,0,0,1,2,-2.3492695671102033,-2.0897985343412939,-0.032304978774495743,-2.3527287708266145,-2.0761681842909301,-0.032433153824350192
639089884026539528,nan,54.799275888429925,0.018184178863074749,0.00054527221424743866,0,0,0,0,0,-2.3668821343562936,-1.9619397744338967,-0.032433153824350962,-2.3685362026437824,-1.9438309804645397,-0.0329784260385984
639089884026839555,nan,62.467667710147786,0.064346924420064205,0.0031762966807865715,0,0,0,1,2,-2.3920752627555122,-1.7467658637575711,-0.032978426038590143,-2.3817191758809688,-1.8102739588869983,-0.029802129357803572
639089884027139451,nan,53.596165074795756,0.038438961588227842,0.0023916504341818454,0,0,0,0,0,-2.3948040427062285,-1.6777108557479516,-0.029802129357704234,-2.391089338181414,-1.7159699035441864,-0.027410478923522389
639089884027339969,nan,59.863365071205742,0.025776618823912672,0.002240117121874486,0,0,0,1,2,-2.3973164003145473,-1.6532989280373651,-0.027410478923473081,-2.4016084513117582,-1.6278821545161128,-0.029650596045347567
639089884027639650,nan,54.487743886702852,0.0035425593697865298,0.0036418332397449814,0,0,0,0,0,-2.4172102262048614,-1.4972318597482281,-0.029650596045319152,-2.4137769284000883,-1.498104896444022,-0.026008762805574171
639089884027839875,nan,70.380054589987211,0.020294939713586927,0.0024735494863575257,0,0,0,1,2,-2.4218433792425378,-1.4120758999551895,-0.026008762805520048,-2.4236647626873769,-1.3918628561387576,-0.028482312291877573
639089884028039496,nan,62.382073227677175,0.016980843926986233,0.0020378104016570871,0,0,0,0,0,-2.4334361942575193,-1.2868715307835374,-0.028482312291807251,-2.436154739723845,-1.2701097119377145,-0.030520122693464338
639089884028339576,nan,74.669390431354373,0.072559521836626756,0.0030090111859435616,0,0,0,1,2,-2.4547660891606888,-1.0886850139463728,-0.030520122693275843,-2.4470214471366014,-1.160830039617438,-0.027511111507332282
639089884028539570,nan,60.54143575856277,0.0058233758224688712,0.0019654955594029973,0,0,0,0,0,-2.4542116491636801,-1.0885226799370491,-0.027511111507174307,-2.452146377703615,-1.0939675270208482,-0.029476607066577305
639089884028839507,nan,66.385535591641982,0.01120289749588833,0.0079832941847160048,0,0,0,1,2,-2.4597737479973394,-0.9944568827936876,-0.029476607066306768,-2.4573895236330223,-1.0054031326759065,-0.021493312881590763
639089884029139495,nan,70.051622986173484,0.0028597943065129471,0.0044073623813061617,0,0,0,1,2,-2.4625941211185327,-0.91748987786296254,-0.021493312881261186,-2.4604773962541584,-0.91941287014690531,-0.017085950499955024
639089884029339706,nan,62.899779182537536,0.031685670507134035,0.0022738975631803847,0,0,0,0,0,-2.4625223765288333,-0.86246479868752635,-0.017085950499705637,-2.4620567958688029,-0.83078254892309722,-0.019359848062886022
639089884029539621,nan,80.809115189429193,0.012108353358890434,0.0052504304111793028,0,0,0,1,2,-2.46361826077875,-0.74315865990531393,-0.019359848062570247,-2.4663564521119703,-0.73136397765921546,-0.024610278473749549
639089884029839568,nan,74.537070872349474,0.057634842947089815,0.0066510411794858393,0,0,0,1,2,-2.4727378432476645,-0.58381060280630992,-0.02461027847337827,-2.4723192541912202,-0.64144392567370612,-0.017959237293892431
639089884030039165,nan,60.171166299672329,0.0019071910223771066,0.0043336234414288709,0,0,0,1,2,-2.4762537372836588,-0.58211126302516059,-0.017959237293411368,-2.4748557835647285,-0.58340860761915425,-0.022292860734840238
639089884030339628,nan,55.452460592981033,0.012093099819648538,0.0081365893084137074,0,0,0,1,2,-2.4786389021214803,-0.49685156200705732,-0.022292860734195199,-2.4755288729250489,-0.50853791223479428,-0.014156271425781491
639089884030647008,nan,48.059870201422271,0.010441590796602803,0.0084121079502508852,0,0,0,1,2,-2.4762116964355769,-0.43258444443122446,-0.014156271424910074,-2.4712044447104256,-0.4417470995335771,-0.0057441634746591887
639089884030839233,nan,58.359563004140036,0.024136167245129483,0.0045936416809689868,0,0,0,1,2,-2.4685311933466254,-0.40045872051988946,-0.0057441634738284002,-2.4638346781585856,-0.37678389603535795,-0.010337805154797387
639089884031139590,nan,54.542720549485317,0.023595675248084761,0.0058705143498408493,0,0,0,1,2,-2.4524509699124324,-0.27643849836810352,-0.010337805154067866,-2.4587867487295019,-0.29916763819332026,-0.0044672908042270171
639089884031340038,nan,56.659510129114025,0.002696055434780375,0.005841537378184017,0,0,0,1,2,-2.4554569244179252,-0.24796872466513925,-0.0044672908033220214,-2.4567986805704041,-0.2456302624921089,-0.010308828181506038
639089884031539368,nan,45.311832798467279,0.0090772031841511742,0.0083094816252415934,0,0,0,1,2,-2.4548479330285287,-0.19309790661202036,-0.010308828180512741,-2.4523939819568774,-0.18435869945208269,-0.018618309805754334
639089884031839245,nan,56.131653599845293,0.029389506889455082,0.0082136538542492785,0,0,0,1,2,-2.445857668962097,-0.093435313121143768,-0.018618309804709989,-2.4443698944089118,-0.1227871383128456,-0.010404655950460711
639089884032139583,nan,45.486658813649804,0.016851167269557158,0.0065272812106550232,0,0,0,1,2,-2.43644099634747,-0.061945998577199166,-0.010404655949378805,-2.4337574993209694,-0.07858212438988034,-0.0038773747387237821
639089884032339782,nan,50.529219966178985,0.016262087140890554,0.0057292318569730234,0,0,0,1,2,-2.4268290324506991,-0.04972219485210011,-0.0038773747376316075,-2.4217019174762204,-0.034289496766010494,-0.0096066065946046313
639089884032639752,nan,46.539224349765995,0.012435204768354679,0.0057001643619290542,0,0,0,1,2,-2.4038565380368682,0.031275048893656232,-0.0096066065934172669,-2.4079730006579312,0.0195409510109768,-0.0039064422314882127
639089884032839268,nan,36.886960013733422,0.0057725197950406308,0.0095357622615006316,0,0,0,1,2,-2.3989586614623502,0.054885758014639463,-0.0039064422301290057,-2.3949490109390803,0.059038430342837026,-0.013442204491629637
639089884033039603,nan,43.816226508594625,0.007340963821396272,0.0044298788645787245,0,0,0,1,2,-2.382083892528382,0.09805410522416802,-0.013442204490354928,-2.3752444006353195,0.10072076989595949,-0.017872083354933652
639089884033339188,nan,43.173100681811462,0.028053968811720887,0.007366743332569814,0,0,0,1,2,-2.3462175160367313,0.16212307328364586,-0.01787208335376737,-2.3555117462758841,0.13565342178706158,-0.010505340021197556
639089884033639263,nan,44.109371755475649,0.015222167623715093,0.0051225963400469395,0,0,0,1,2,-2.3360297337749629,0.17014236323590237,-0.010505340020096692,-2.344109484519135,0.15724150996658215,-0.0053827436800497524
639089884033839751,nan,49.838598675873186,0.016848642690643952,0.0085695530472267804,0,0,0,1,2,-2.3367420314815841,0.17119042898161718,-0.0053827436789726461,-2.3310668699011918,0.18705451740652926,-0.013952296726199426
639089884034139668,nan,51.226203417042292,0.0085956562136596405,0.0049865040538584083,0,0,0,1,2,-2.3119384088850534,0.23077864537426959,-0.013952296725366129,-2.3111233887815312,0.22222171555252393,-0.0089657926715077212
639089884034339744,nan,49.951711267374456,0.0073591251822020436,0.0067668414814201112,0,0,0,1,2,-2.2979948518274615,0.24537182950006514,-0.0089657926707007903,-2.2961276431112938,0.23825352527380539,-0.015732634152120901
639089884034639755,nan,41.180257026208984,0.00058625831887534386,0.0050311677605029224,0,0,0,1,2,-2.2739302893813607,0.26198450598925976,-0.015732634151196336,-2.2740951874036459,0.26142191603316656,-0.010701466390693413
639089884034839797,nan,40.801492430506471,0.0030971343393166846,0.0063761702208293223,0,0,0,1,2,-2.2596425817807408,0.27661965971664415,-0.010701466389858945,-2.2568578798127423,0.27797526882888846,-0.017077636610688268
639089884035139605,nan,46.52107702917327,0.006206165749040868,0.0056046371269602036,0,0,0,1,2,-2.2312576791740861,0.30255968554119272,-0.017077636609795076,-2.2325013608882829,0.29647941012815915,-0.011472999482834872
639089884035340255,nan,41.431336902255822,0.0066587741251308355,0.0031017852258949652,0,0,0,1,2,-2.2163215107426164,0.30877157035947117,-0.011472999481850592,-2.2149273325762078,0.30226038459266791,-0.014574784707745557
639089884035539647,nan,41.258885866992976,0.0049390047839097629,0.0051578761799567722,0,0,0,1,2,-2.1975315083039471,0.30798273886006844,-0.014574784706745237,-2.1925933177360974,0.30789306070729605,-0.01973266088670201
639089884035839228,nan,47.225087390763321,0.0094085097847035545,0.0070553869879384726,0,0,0,1,2,-2.159196008347382,0.31631591831858508,-0.019732660885689372,-2.1677421661158052,0.32025079363631537,-0.012677273897750899
639089884036139706,nan,38.986791468091077,0.006507524116388691,0.0056406960310242012,0,0,0,1,2,-2.1430043595866182,0.33255216344840155,-0.012677273896547639,-2.1494567890818295,0.33170716419709556,-0.0070365778655234381
639089884036339751,nan,39.546767711555091,0.01073654680746966,0.006145292104193071,0,0,0,1,2,-2.1375129589328026,0.339190353843556,-0.007036577864307246,-2.1274708176271853,0.3429888845262018,-0.013181869968500317
639089884036639836,nan,51.977845180865408,0.0046740604970686083,0.0063449010134016704,0,0,0,1,2,-2.0947724742252563,0.35976747292047168,-0.013181869967358475,-2.0990930978561813,0.36155046281672731,-0.0068369689539568047
639089884036839188,nan,44.372037790289355,0.0090511135075925526,0.0046776808095228845,0,0,0,1,2,-2.0805180689547327,0.37370020056821873,-0.0068369689525566522,-2.0738585677485837,0.36757046163310703,-0.011514649762079537
639089884037039412,nan,53.636096085471479,0.0084291529199728606,0.0053545020596194488,0,0,0,1,2,-2.0487263846193513,0.37356604435431912,-0.011514649760678605,-2.0434080274766639,0.38010559298179436,-0.016869151820298054
639089884037295699,nan,43.314221645999112,0.005739698322894689,0.002063702002923367,0,0,0,1,2,-2.0048165040020161,0.39599200456532724,-0.016869151818875161,-2.0089713492277435,0.39203203007196363,-0.014805449815951794
639089884037573845,nan,57.167063722057293,0.0048539915577237268,0.0033605487947511222,0,0,0,1,2,-1.9718761052700948,0.40487920685851231,-0.014805449813983799,-1.9762563587774449,0.40278764924424471,-0.011444901019232677
639089884037840840,nan,54.119367653949496,0.0030865896468304853,0.0037644287984781232,0,0,0,1,2,-1.9451113560277398,0.41302710779473367,-0.011444901017038727,-1.9445946997178594,0.41607014934972136,-0.0076804722185606035
639089884038139677,nan,53.382752989798284,0.0051093175707383831,0.0090855169205134329,0,0,0,1,2,-1.9094622950900804,0.43080867481030827,-0.0076804722156212316,-1.9057462641971636,0.43431527436565309,0.0014050447048922011
639089884038339692,nan,166.93817599446368,0.015696169739264802,0.005894297733651843,0,0,0,1,2,-1.8803572390401528,0.4462392021072355,0.0014050447078536013,-1.8653525632168273,0.45084674461064467,-0.0044892530257982415
639089884038639460,nan,56.146949030565722,0.022723933620004293,0.011199549568196816,0,0,0,1,2,-1.8053587107545779,0.47539974576656485,-0.0044892530231794188,-1.8193716911471596,0.45751082350491135,0.0067102965450173968
639089884038839084,nan,74.620270203742834,0.0070981285076025958,0.0095869441061312149,0,0,0,1,2,-1.789037240375168,0.46190724236474751,0.0067102965476864415,-1.7820643881109917,0.46323493194157328,-0.0028766475584447743
639089884039139339,nan,57.401183619588352,0.0025756336959851778,0.0085656881073472978,0,0,0,1,2,-1.7264264449644415,0.47177153453262449,-0.0028766475564393802,-1.7289997900495528,0.47188008870724585,0.0056890405509079176
639089884039339235,nan,56.616589300272473,0.0081379861341716285,0.011311297987014128,0,0,0,1,2,-1.6940601224920684,0.47757237536180996,0.0056890405530347198,-1.6861723462970102,0.47556992560797273,-0.0056222574339794083
639089884039639409,nan,57.094917912124693,0.010133709213783154,0.0099659744744906957,0,0,0,1,2,-1.6225057790566051,0.48105517591858249,-0.0056222574326293623,-1.6325934163501901,0.48008996285268085,0.0043437170418613343
639089884039839174,nan,57.677855060033927,0.0071772917556137397,0.013434115806510404,0,0,0,1,2,-1.5974990776285587,0.48305059902547531,0.0043437170432672227,-1.5903832462672853,0.48211333653122973,-0.0090903987632431817
639089884040139478,nan,53.940363341091043,0.0098844661350635955,0.0059071014192213786,0,0,0,1,2,-1.5273670628725664,0.48513406083897476,-0.0090903987619646888,-1.5372079936049114,0.48606075015930056,-0.0031832973427433102
639089884040339297,nan,50.560422847035447,0.014362398070947887,0.0090378800787013422,0,0,0,1,2,-1.5023479666558921,0.48864855065979246,-0.0031832973415194328,-1.4886970336143432,0.48418419119358486,-0.012221177420220775
639089884040639657,nan,57.202337084228404,0.01533753197625594,0.0058725897945542845,0,0,0,1,2,-1.4166810840198267,0.48139838411179559,-0.012221177418820567,-1.4320183882817521,0.48148196102128299,-0.0063485876242662821
639089884040839236,nan,62.350298466508391,0.0097399789837274656,0.0043015062432874944,0,0,0,1,2,-1.3948316039707331,0.47970903137579735,-0.006348587622898836,-1.3852050279419184,0.4782270649237812,-0.01065009386618633
639089884041139655,nan,71.084932916796603,0.016333072362594372,0.0081828412763364153,0,0,0,1,2,-1.3153612021144692,0.47337087868826933,-0.010650093864446371,-1.3314841627942142,0.47075948218043318,-0.0024672525881099571
639089884041339570,nan,74.800495720419406,0.0094267497939966634,0.0077123053990817685,0,0,0,1,2,-1.2961440880875261,0.4658469601779916,-0.0024672525863555527,-1.2867582447769788,0.46496971618201938,-0.010179557985437321
639089884041639430,nan,82.699482151058348,0.0069094088503981986,0.0094994399290727217,0,0,0,1,2,-1.2202449692840711,0.45635957875021604,-0.010179557983877966,-1.2268147575063664,0.45421999622641579,-0.00068011805480524417
639089884041839156,nan,62.441904731426817,0.010028561480849442,0.009068952986016194,0,0,0,1,2,-1.1873027524883182,0.44713427251950272,-0.00068011805328952303,-1.1809650320480929,0.43936218496230628,-0.0097490710393057164
639089884042139488,nan,57.47482554466005,0.016984443389859816,0.010489353878693004,0,0,0,1,2,-1.1130119416729183,0.41734167815412138,-0.0097490710374528826,-1.1286384452481573,0.42399627831313891,0.00074028284124012041
639089884042339423,nan,55.580477788303988,0.0073682572246056071,0.010732782491207727,0,0,0,1,2,-1.0942544059684332,0.41389927084323458,0.0007402828434873173,-1.087433988573387,0.4111112390849318,-0.0099924996477204105
639089884042639317,nan,54.954836777023864,0.0090089533515679693,0.011693438921121457,0,0,0,1,2,-1.0263077203451854,0.39199645326914045,-0.0099924996457915489,-1.0344445576373946,0.38812952692243557,0.0017009392753299078
639089884042839101,nan,43.334105597732695,0.011342171659608555,0.011908492578401014,0,0,0,1,2,-0.99947298512005778,0.37296222658976885,0.0017009392770989821,-0.98826400741340725,0.37122911472729747,-0.010207553301302033
639089884043139573,nan,48.968115011111287,0.015034961672255152,0.0019246868371403485,0,0,0,1,2,-0.91919190376090043,0.34595122138798601,-0.010207553300714402,-0.93395685540264539,0.34878781714753904,-0.012132240137854751
639089884043339308,nan,49.752529961158949,0.011633775873658341,0.0084652294004431711,0,0,0,1,2,-0.89790002776656352,0.33388808536629921,-0.012132240137314664,-0.88753249559817105,0.32860992111953102,-0.020597469537757835
639089884043639680,nan,49.801658021553713,0.02054219565464448,0.0060868595067887082,0,0,0,1,2,-0.81798681685747376,0.29838256891182668,-0.020597469537710956,-0.83735412852313984,0.30523012622510631,-0.026684329044499664
639089884043839597,nan,46.151925168225461,0.011783798925434184,0.0028088259963603909,0,0,0,0,0,-0.80399512505514037,0.28968704054043243,-0.026684329044488819,-0.79223780281373435,0.29047652823938863,-0.029493155040849209
639089884044120240,nan,58.596819321880346,0.0068255605798291982,0.00041587990874032352,0,0,0,0,0,-0.72897432300402965,0.26978858582355997,-0.029493155040870515,-0.73554976688719154,0.27161938208975323,-0.029909034949610839
639089884044339585,nan,92.004280162544291,0.0072556969261284819,0.0025063434834366217,0,0,0,0,0,-0.69131209950205819,0.25690382270291218,-0.029909034949650599,-0.68608517890850151,0.25187148338680049,-0.03241537843308722
639089884044639365,nan,93.477213470981852,0.018193245761787834,0.0031682853795287,0,0,0,1,2,-0.61861125145558371,0.22493366101972351,-0.032415378433378522,-0.63336588825128837,0.23557766798964086,-0.035583663812907222
639089884044839337,nan,71.94931458889134,0.010657100969496883,0.0025224222828140117,0,0,0,1,2,-0.59802254746658723,0.22465419267186304,-0.035583663813388774,-0.58867953437833098,0.22978078096299037,-0.033061241530574763
639089884045139648,nan,84.688198602923435,0.0092159386417957727,0.0097511889429744078,0,0,0,1,2,-0.52154543241721363,0.22107188504790556,-0.033061241531340137,-0.53056830635616681,0.21919538007026654,-0.042812430474314545
639089884045339556,nan,84.806507484495583,0.010335191013201399,0.0041154797753192932,0,0,0,1,2,-0.49184099223037342,0.21214090609901243,-0.042812430475007789,-0.4820631501391231,0.20879277567772767,-0.038696950699688495
639089884045639567,nan,87.152530764406066,0.025336910058827863,0.0077185634422379454,0,0,0,1,2,-0.40956290608874268,0.19324409145446936,-0.03869695070117056,-0.43393105479736077,0.20018328015660214,-0.046415514143408505
639089884045839407,nan,104.84843909436603,0.0067408169572778275,0.0010260226962658589,0,0,0,1,2,-0.40181948717012028,0.19443941225099759,-0.046415514145258283,-0.39839014391627581,0.20024270597946212,-0.045389491448992424
639089884046139601,nan,78.555499196465206,0.0070176551681493228,0.010958243105947757,0,0,0,1,2,-0.34504031643231842,0.20033190902235204,-0.045389491450904436,-0.35205721806019424,0.20022907126777487,-0.056347734556852193
639089884046339249,nan,90.396211653156826,0.010445234463955922,0.010206682214420761,0,0,0,1,2,-0.32128104893534826,0.20022001455086993,-0.056347734558523453,-0.31104509896848426,0.19813956957854564,-0.046141052344102693
639089884046639529,nan,78.312682848210756,0.019114708894385452,0.0075355718632971122,0,0,0,1,2,-0.24961116923219973,0.19500960939109696,-0.046141052345695495,-0.26801103176010305,0.20018813766381668,-0.053676624208992607
639089884046839285,nan,70.882577332580723,0.010638907748026885,0.0082779684903248954,0,0,0,1,2,-0.2393581406071596,0.20155211281593136,-0.053676624210584438,-0.2302393188161275,0.2070323908393919,-0.045398655720259543
639089884047139504,nan,83.297044556482746,0.012945224487263016,0.007303590132000444,0,0,0,1,2,-0.17350935169229961,0.21731188910343516,-0.045398655722289988,-0.18565928807145116,0.21284446445290059,-0.052702245854290432
639089884047339273,nan,79.208187462803124,0.0077993420026255178,0.0054157942356889699,0,0,0,1,2,-0.155995050669403,0.21671190753423786,-0.052702245856616689,-0.14909822948795312,0.22035382917878527,-0.047286451620927719
639089884047639193,nan,64.899673485917205,0.016259988078959679,0.0099000381200040552,0,0,0,1,2,-0.094285225211704252,0.23161200541270896,-0.047286451623355999,-0.11038226630236986,0.22931581716839319,-0.057186489743360054
639089884047839377,nan,98.019301827104954,0.0076604296241461868,0.010807931183044177,0,0,0,1,2,-0.084353444328455096,0.23534098019470609,-0.05718648974571839,-0.078667961866815281,0.24047493298031705,-0.046378558562674213
639089884048139561,nan,88.77508613104564,0.0037137121586088757,0.0056533128441780683,0,0,0,1,2,-0.031241546916064122,0.25716257177293922,-0.046378558564248148,-0.033865435977040531,0.25453448041366578,-0.052031871408426217
639089884048339251,nan,89.643349546587032,0.0058759443546050998,0.0067854017154456298,0,0,0,1,2,-0.0041018775324026119,0.2638746270555572,-0.052031871410166727,-0.00080437523808413289,0.26873808268683214,-0.045246469694721098
639089884048639416,nan,94.163157950536856,0.0068019059697001167,0.0094277422786662318,0,0,0,1,2,0.04878369649581784,0.29004197411254384,-0.0452464696968932,0.043853104328048155,0.28535633800890003,-0.054674211975559432
639089884048839320,nan,158.62322006263065,0.0082661607892113454,0.0067886712169225524,0,0,0,1,2,0.07375118351177766,0.29648222147437509,-0.054674211978181397,0.080646276872073333,0.30104150889083631,-0.047885540761258845
639089884049139370,nan,118.33811840128278,0.0099767019114946447,0.0074666311289493387,0,0,0,1,2,0.13605247999144515,0.32466153684049848,-0.047885540763573091,0.12635263473982511,0.32232753102957062,-0.05535217189252243
639089884049439334,nan,69.82048363018815,0.0090315731922986538,0.0046677731547731527,0,0,0,1,2,0.17202878083594136,0.34359948316864003,-0.055352171894303345,0.16310777499506271,0.34219059384904937,-0.060019945049076498
639089884049639335,nan,77.784880879446206,0.01980216285333607,0.0090557863954337514,0,0,0,1,2,0.18761158880459111,0.35543284485491011,-0.060019945050709129,0.20360079446495255,0.36711492326676426,-0.050964158655275378
639089884049839324,nan,87.406994964871913,0.010647810337727159,0.0084433525576200694,0,0,0,1,2,0.24406277833598611,0.39202014960202947,-0.050964158656973658,0.252964491223586,0.3978626980746523,-0.042520806099353589
639089884050139491,nan,119.37532952826858,0.039042091633383243,0.013409981441506451,0,0,0,1,2,0.32687718063728188,0.44390160680245572,-0.042520806102430038,0.29271682456030962,0.42499777142960193,-0.055930787543936489
639089884050339545,nan,80.999581469796226,0.012240671543947992,0.0081708120486084154,0,0,0,1,2,0.31975643872571891,0.44345510090641271,-0.055930787546928019,0.3277452548646832,0.452729412554435,-0.047759975498319604
639089884050639416,nan,82.741689640567344,0.0069373638170817575,0.00081277195068830271,0,0,0,1,2,0.37999744641420546,0.49409692492784735,-0.047759975499558197,0.38231447191286944,0.48755793344833798,-0.048572747450246499
639089884050839359,nan,72.692837784814529,0.016071338192036478,0.009205762578359325,0,0,0,1,2,0.41865884475884652,0.51075454167389034,-0.048572747451481345,0.43258293253775087,0.51877998189908525,-0.03936698487312202
639089884051139122,nan,67.680725894232253,0.022406492667269108,0.0025065098469145286,0,0,0,1,2,0.50768533203478772,0.56542654172437712,-0.039366984873565054,0.48784287021520828,0.55501848606604609,-0.036860475026650526
639089884051339527,nan,61.105178246055857,0.013148716567733809,0.010243991121870188,0,0,0,1,2,0.52472851919583552,0.57920745189672596,-0.03686047502687672,0.53392359374010478,0.5886063535082936,-0.026616483905006531
639089884051639528,nan,65.940201884363816,0.01515054005365936,0.0055845112453259335,0,0,0,1,2,0.6024170389919431,0.63853067291570575,-0.026616483905021054,0.58986845386766207,0.63004115730548338,-0.021031972659695121
639089884051839580,nan,59.549035029412288,0.014166409535500954,0.0028035932292950344,0,0,0,0,0,0.62692389753143618,0.65748577034635147,-0.021031972659714054,0.63723114084046872,0.6672042010064908,-0.018228379430419019
639089884052139143,nan,78.441821144803157,0.023577326991783287,0.001313507900477847,0,0,0,1,2,0.70745041806718179,0.72230162547752597,-0.018228379429696153,0.68807146189378598,0.70887231403921769,-0.019541887330174
639089884052341655,nan,61.783425826733712,0.015741979057214799,0.00088475933722862235,0,0,0,1,2,0.72180895680848656,0.73652315735455642,-0.019541887329273849,0.73726865232562055,0.7394909375275639,-0.018657127992045226
639089884052639685,nan,72.231550270930086,0.019284981203378015,0.016330543705387265,0,0,0,1,2,0.80897366202393062,0.78411764638856618,-0.018657127988971591,0.79691599997991869,0.76906695583806195,-0.0023265842835843249
639089884052839269,nan,68.844854241164484,0.009237051958213699,0.006093067501028027,0,0,0,1,2,0.8361808295930655,0.78853634325035094,-0.0023265842805035649,0.84501660379918708,0.79122933843363219,-0.0084196517815315914
639089884053139528,nan,59.698258123378757,0.019993239366407883,0.0072516128752350521,0,0,0,1,2,0.91676834789975181,0.82428899836287317,-0.0084196517784340778,0.898046905447622,0.81727207504320709,-0.0011680389031990259
639089884053339282,nan,51.812224947981811,0.0067538438005450997,0.010099569451653133,0,0,0,1,2,0.93303716059736896,0.83445549603914582,-0.0011680389004054359,0.93976381803382336,0.8350608767579949,-0.011267608352058568
639089884053639647,nan,57.629494887024634,0.012732652426941035,0.0092201862782745926,0,0,0,1,2,1.0018032703900259,0.86151555540129288,-0.011267608349293991,0.99060107878415438,0.85546317231273772,-0.0020474220710193984
639089884053839066,nan,55.184883921323674,0.0057029702413839718,0.010728564362396501,0,0,0,1,2,1.0240390455619519,0.8688826853014634,-0.0020474220685208857,1.0296795409761181,0.86972451726621702,-0.012775986430917386
639089884054139175,nan,67.760789085561797,0.016763138798669974,0.0064708778612946596,0,0,0,1,2,1.0878702572170871,0.89096071313610337,-0.012775986429175925,1.0742394609923891,0.88120344832140074,-0.0063051085678812657
639089884054439626,nan,53.899307247008309,0.0094683616274975606,0.0044434401958952912,0,0,0,1,2,1.1183679465266054,0.89257123899140134,-0.0063051085664443483,1.1105692541785464,0.88720185638542204,-0.0018616683705490573
639089884054639418,nan,51.84752407806242,0.013585609416659258,0.0073919599793938803,0,0,0,1,2,1.1344433793256927,0.89114371050141694,-0.0018616683691169476,1.1476355869577357,0.89438939086385061,-0.0092536283485108277
639089884054839084,nan,62.507774470514633,0.0086085459034173327,0.0062714977326443141,0,0,0,1,2,1.1840079599765396,0.9014423595697727,-0.0092536283471344096,1.1923656959254259,0.89937951871795252,-0.015525126079778724
639089884055139533,nan,58.982677348311981,0.028610455194540117,0.0032334980233970755,0,0,0,1,2,1.2588082211435938,0.90679190163943257,-0.015525126078642574,1.2312808066201146,0.89899449206372506,-0.012291628055245498
639089884055340087,nan,55.675760089446506,0.0039704554352148142,0.0091728956080083888,0,0,0,1,2,1.2568635717931551,0.89874137582418145,-0.012291628054139031,1.2607410305491071,0.89959567668390117,-0.021464523662147419
639089884055639732,nan,52.686185613585934,0.0054395280650361344,0.0047561310719866634,0,0,0,1,2,1.3044123620326016,0.90048686247032872,-0.021464523660462424,1.2990435787031298,0.89961243057961238,-0.01670839258847576
639089884055939504,nan,65.841473577130103,0.0091474454533286512,0.0064795543796069416,0,0,0,1,2,1.3368976272674324,0.89962898829737425,-0.016708392586406638,1.3294315707763424,0.89434374858724985,-0.010228838206799696
639089884056139556,nan,53.170296743684929,0.010791196808503691,0.0043097626002317029,0,0,0,1,2,1.3495730344786458,0.890851613705403,-0.010228838204361962,1.3595174440839759,0.88666130987855707,-0.014538600804593665
639089884056339028,nan,52.863098112209606,0.010304103382661382,0.008652015711087379,0,0,0,1,2,1.3891053739958259,0.87910602119736692,-0.01453860080203468,1.3991891976431856,0.8769868121068044,-0.023190616513122059
639089884056639491,nan,61.84181665047894,0.021458156357551661,0.008166700017766591,0,0,0,1,2,1.458354932777836,0.86255844125422831,-0.023190616510346457,1.4373515714878307,0.86695290240283795,-0.015023916492579866
639089884056840009,nan,56.341415920403094,0.0042779114528456643,0.013697446864282377,0,0,0,1,2,1.4626284322461449,0.86030693903899846,-0.01502391649007315,1.4637720384983883,0.85618471983834721,-0.028721363354355527
639089884057139326,nan,58.44753032888466,0.0091484110815615687,0.0092630649301143446,0,0,0,1,2,1.5029333678980026,0.84022374744998274,-0.028721363352059368,1.4938023636569189,0.84078782799968277,-0.019458298421945023
639089884057439424,nan,63.417728265414191,0.0030395078707548253,0.0041817801407064061,0,0,0,1,2,1.5237531092297996,0.82543173752651633,-0.019458298419697144,1.5224675737955695,0.82818600816385746,-0.015276518278990738
639089884057639395,nan,76.235746709559066,0.015514846577566561,0.0087315654665100304,0,0,0,1,2,1.5414585654499329,0.81983717506009246,-0.015276518276894089,1.5546477057319894,0.81166667673100246,-0.024008083743404119
639089884057939457,nan,80.576663244325232,0.01039678028949103,0.0094651002450192364,0,0,0,1,2,1.6023559817881317,0.78717613623792226,-0.024008083741102811,1.5921944859093855,0.78937546383838886,-0.014542983496083574
639089884058139610,nan,115.1617140569808,0.0053784931516015896,0.009520474032366286,0,0,0,1,2,1.6168896549324445,0.77471414620978729,-0.014542983493715781,1.6211879031877257,0.77148099750955745,-0.024063457526082067
639089884058440170,nan,145.29039704000019,0.010050850948325633,0.0088342218779597255,0,0,0,1,2,1.6642961947433279,0.74487496261792518,-0.024063457523357902,1.654479970322003,0.74703397695220897,-0.015229235645398177
639089884058639609,nan,179.84193542102295,0.0094039842502858222,0.010758405265755737,0,0,0,1,2,1.6764141382658797,0.73092728545511687,-0.01522923564297018,1.6839341459538837,0.72528065777552042,-0.025987640908725917
639089884058839417,nan,196.06148930518901,0.010227399860387331,0.012660103663069425,0,0,0,1,2,1.7132613781787476,0.70362109238385462,-0.025987640906775709,1.7211015094414741,0.69705359288347635,-0.038647744569845134
639089884059139283,nan,186.45517385520805,0.029181681136606397,0.0020524600227391082,0,0,0,1,2,1.7763517533868971,0.65509333326835928,-0.038647744568770771,1.7563489575694833,0.67634089015016152,-0.036595284546031663
639089884059439250,nan,167.86884333131874,0.010794111615533734,0.0034660053876575114,0,0,0,1,2,1.7914062983486621,0.65573990151851558,-0.036595284545034169,1.7853703572027091,0.66468865897702301,-0.033129279157376658
639089884059639312,nan,175.06125964471343,0.017819189884649634,0.0076559350779885002,0,0,0,1,2,1.8044235047791912,0.65703872882400183,-0.033129279156398066,1.8170970388772567,0.64451255376493566,-0.040785214234386566
639089884059939230,nan,231.24703515194,0.0079330171786905143,0.0048960177294152876,0,0,0,1,2,1.8642511456017317,0.61452561002419637,-0.040785214233438831,1.8564024094161746,0.61567891043906076,-0.035889196504023543
639089884060139180,nan,263.40198467144785,0.0073895162969375211,0.005394358859969417,0,0,0,1,2,1.8822751392644588,0.59669918695385693,-0.035889196502855693,1.8861468330745792,0.59040514706334302,-0.04128355536282511
639089884060339314,nan,188.70748100737657,0.010816441838926853,0.0044697669587666147,0,0,0,1,2,1.9153767822021712,0.5655685314267751,-0.041283555357691147,1.9195800386949711,0.55560218561145125,-0.045753322316457762
639089884060639513,nan,382.23263759185306,0.023822707658574846,0.0038410073557835142,0,0,0,1,2,1.9693196107909809,0.50382478711888223,-0.045753322309149053,1.954990118467727,0.52285599963789231,-0.041912314953365538
639089884060839441,nan,192.61162719269831,0.010408911655589787,0.0032959547347188867,0,0,0,1,2,1.9783862188167864,0.5012199836220288,-0.04191231494714235,1.9726024378563209,0.49256589096853648,-0.038616360212423463
639089884061139580,nan,156.24695718914512,0.003929413833340405,0.0082346095973247976,0,0,0,1,2,1.9988565355867098,0.44741343513785353,-0.038616360207123092,1.997908080669718,0.45122666557202362,-0.030381750609798294
639089884061439698,nan,157.30437962836228,0.0090097264186892734,0.011270001452237142,0,0,0,1,2,2.0229452955695826,0.4103259432438604,-0.030381750605484776,2.0196633865661302,0.41871666689755593,-0.019111749153247634
639089884061639657,nan,138.99650815135371,0.015624332205706163,0.013114895632898065,0,0,0,1,2,2.03391183967894,0.39742451894908487,-0.019111749149194081,2.0391456992202577,0.38270288618719245,-0.032226644782092147
639089884061939487,nan,128.19734455805008,0.0028602670194538046,0.0050987522299041528,0,0,0,1,2,2.0679639135597347,0.32943134342369462,-0.032226644780010527,2.069218833331536,0.33200161651986893,-0.027127892550106374
639089884062140892,nan,115.22003236328712,0.0075331916015113787,0.0077968908796289434,0,0,0,1,2,2.0891898416249224,0.29833184757378461,-0.027127892548087482,2.0860874199782158,0.29146715853267519,-0.034924783427716426
639089884062339802,nan,106.78830966900243,0.011581973749734265,0.0096172589205070491,0,0,0,1,2,2.1025889788732588,0.25181465178955847,-0.034924783425926025,2.1020216524467461,0.24024658122159798,-0.044542042346433074
639089884062640059,nan,95.459034371044439,0.032061041411043247,0.0058337769924208527,0,0,0,1,2,2.1257590747726445,0.16394265646020004,-0.044542042345091411,2.1211329045151315,0.19566818128027405,-0.038708265352670558
639089884062939535,nan,98.007004014323144,0.02321245760221648,0.0066101553605198149,0,0,0,1,2,2.1400108987850932,0.15163387229596081,-0.038708265351193177,2.1319588289167939,0.17340500820501994,-0.032098109990673362
639089884063139573,nan,84.237103063691137,0.027522974983664652,0.0072777983608576444,0,0,0,1,2,2.1390818645814131,0.15875670936799147,-0.032098109989366568,2.1423654357769304,0.13143030616238463,-0.039375908350224212
639089884063439503,nan,76.285533922740484,0.013778501429820785,0.0020646992222395286,0,0,0,1,2,2.1577692910828921,0.069299369012027906,-0.039375908348939205,2.1562245176354073,0.055607737383638264,-0.037311209126699676
639089884063639125,nan,77.096653386600224,0.0034490060303557059,0.0096258325125445771,0,0,0,1,2,2.1653468592952558,0.0056997142555396674,-0.037311209125132805,2.1655387644345403,0.002256051232689401,-0.046937041637677382
639089884063839555,nan,72.828663671072192,0.0070873981232894342,0.0062979332306830685,0,0,0,1,2,2.1747988223046999,-0.05078524259198812,-0.046937041635944768,2.1727682236658556,-0.043994964149543327,-0.053234974866627836
639089884064139468,nan,66.369745315916347,0.032069983415162338,0.010561532621623577,0,0,0,1,2,2.1834955789712747,-0.11262403575319369,-0.053234974864571051,2.1764458334805799,-0.081338497164810467,-0.042673442242947474
639089884064439432,nan,58.623369569330485,0.0064891814602550633,0.0088723571115972844,0,0,0,1,2,2.1800686998014442,-0.11812614862294896,-0.042673442241038778,2.1773981350024716,-0.11221196569725193,-0.033801085129441494
639089884064639375,nan,56.777725661590956,0.030031281910962829,0.0098636868373073103,0,0,0,1,2,2.1780248244473266,-0.13252914088868858,-0.033801085127651002,2.1779902068402754,-0.16256040284747089,-0.043664771964958313
639089884064939443,nan,55.752032135077421,0.0068151579699786292,0.0075968608901740634,0,0,0,1,2,2.1788675002197824,-0.23716342862934953,-0.043664771963327381,2.1790230482997255,-0.23035004599290607,-0.036067911073153318
639089884065139330,nan,54.170525706681765,0.0047387798610427989,0.0099028815510426096,0,0,0,1,2,2.1796973891150384,-0.27460981385002475,-0.036067911071078013,2.1763300649308666,-0.277944054754656,-0.045970792622120622
639089884065439265,nan,55.008672172479365,0.02382123418176622,0.012086434329037249,0,0,0,1,2,2.172361629651244,-0.34807955787468225,-0.045970792619714075,2.1692424719072751,-0.32446341820472802,-0.033884358290676826
639089884065640151,nan,47.067427888246542,0.0048814208264392183,0.0087152560825531841,0,0,0,1,2,2.1645382728813019,-0.3553393930952603,-0.033884358288752574,2.162237691978508,-0.35964469178344616,-0.042599614371305758
639089884065939300,nan,42.966606277473055,0.0040907586369336724,0.0051328498918781218,0,0,0,1,2,2.1519008848910985,-0.41156096064138759,-0.042599614369634428,2.1548615918863456,-0.40873810387670001,-0.037466764477756306
639089884066139220,nan,50.970260606151832,0.018152300679708425,0.009769865946451628,0,0,0,1,2,2.1499683276084482,-0.44130640374715224,-0.037466764476592057,2.1463464896485833,-0.45909371129379978,-0.047236630423043685
639089884066439209,nan,54.750335573740244,0.0067533433504380572,0.0031089811000197531,0,0,0,1,2,2.1336400644635565,-0.53423547006851435,-0.047236630422358525,2.13214753680667,-0.52764911997135622,-0.050345611522378278
639089884066639713,nan,52.442549273266309,0.0015795130783617926,0.0042997927599325442,0,0,0,1,2,2.1227315001247566,-0.57311164457006858,-0.050345611522000247,2.1243097523621435,-0.57304854591794829,-0.054645404281932791
639089884066939508,nan,54.983547027334403,0.012845813056914153,0.0034909615787077214,0,0,0,0,0,2.1126488911982197,-0.64059268503429689,-0.054645404281821186,2.1170839620076056,-0.62853677113244277,-0.051154442703113465
639089884067139335,nan,61.103190765754576,0.012508851772993788,0.0065474224678552448,0,0,0,1,2,2.1122899674600979,-0.66535077155000499,-0.051154442703045165,2.1049248776970861,-0.67546149978596848,-0.05770186517090041
639089884067405419,nan,60.843045788499218,0.013123006363154745,0.0058716576056431075,0,0,0,0,0,2.0888101456028978,-0.73765199139970261,-0.057701865170884145,2.0944394302918052,-0.74950629230269272,-0.063573522776527253
639089884067609249,nan,53.151253455252281,0.0045415159645209834,0.00077534440986193331,0,0,0,0,0,2.0864632843179427,-0.80583122064292767,-0.063573522776499872,2.0832752365387863,-0.80906567865221068,-0.064348867186361805
639089884067886007,nan,58.721576139541924,0.011130502921163106,0.0015073974635028131,0,0,0,1,2,2.0681980563581925,-0.88950029124521268,-0.064348867186300882,2.068541546396832,-0.87837508967978584,-0.062841469722798068
639089884068139273,nan,52.156695125594659,0.011781164208351026,0.0022111281809908748,0,0,0,0,0,2.0551235979740849,-0.94149506121568916,-0.062841469722622487,2.0547475543705156,-0.92971990001456983,-0.060630341541631612
639089884068439310,nan,59.602081852294148,0.0053511991364011821,0.003125055962281395,0,0,0,1,2,2.0384876373883638,-0.99024352159671669,-0.060630341541599478,2.0390760012118658,-0.98492476608357127,-0.057505285579318083
639089884068639173,nan,44.813176320767205,0.033197445713627025,0.0003508647209156876,0,0,0,0,0,2.0286899691711184,-1.021510770163286,-0.057505285579288613,2.0279022764570858,-1.0546988695680044,-0.057154420858372926
639089884068939436,nan,56.327528759786603,0.010405067572813925,0.0035367613097116377,0,0,0,1,2,2.0112131313300439,-1.1589139066050314,-0.057154420858360949,2.0144516155100392,-1.1490256483453203,-0.060691182168072587
639089884069139295,nan,48.406575544348449,0.011053205689325376,0.0022565007553657715,0,0,0,0,0,2.0055489534698716,-1.2114582259040072,-0.060691182168060166,1.9978132817973504,-1.2193533345027212,-0.062947682923425938
639089884069439318,nan,53.836206627936086,0.026528450630618011,0.0026214474762907627,0,0,0,0,0,1.9729887569430464,-1.3242827957761583,-0.062947682923387732,1.9786260067873382,-1.2983602166788892,-0.060326235447096969
639089884069639287,nan,42.278082912383127,0.013255627734400385,0.00026347828423025493,0,0,0,1,2,1.9659219040492468,-1.3506715296536902,-0.06032623544705161,1.9644859324531305,-1.3638491490217002,-0.060589713731281865
639089884069939483,nan,49.241283719980089,0.014114394532311347,0.0034802735655303924,0,0,0,0,0,1.9433897542377299,-1.4615548721449487,-0.060589713731259709,1.9424126835923041,-1.4474743371420595,-0.057109440165729317
639089884070139247,nan,55.579754796140968,0.017816266395873737,0.0016197887657237106,0,0,0,0,0,1.9278065408173826,-1.5028101621928676,-0.057109440165669802,1.9253736695290533,-1.5204595385439788,-0.055489651399946091
639089884070439108,nan,40.891327354807316,0.0092030558214532179,0.0039519733842608637,0,0,0,1,2,1.899928166867682,-1.6294532355747642,-0.055489651399934135,1.9053516739309815,-1.6220180618991111,-0.051537678015673272
639089884070639151,nan,44.217774670216876,0.0087768372740207583,0.0027320296832184301,0,0,0,0,0,1.8920750147714778,-1.6893618934729453,-0.051537678015665063,1.8848031431063437,-1.6942764387235723,-0.054269707698883493
639089884070939472,nan,48.59357098172373,0.013225613057948346,0.0047449618968304144,0,0,0,1,2,1.8541732447754868,-1.8019856834658903,-0.054269707698859186,1.8632727066934911,-1.7923879424003393,-0.059014669595689601
639089884071139117,nan,54.971368679526563,0.02193757228150087,0.006531416733671129,0,0,0,1,2,1.8490836911541191,-1.8570455101136336,-0.059014669595652165,1.8408890168267007,-1.877395065152347,-0.065546086329323294
639089884071439215,nan,50.259494894583035,0.027992719981320222,0.005943179783130248,0,0,0,1,2,1.807518404472195,-2.004127509964222,-0.065546086329222361,1.813489354485829,-1.9767790158943963,-0.059602906546092113
639089884071639187,nan,47.54086741028766,0.019998390669122224,0.004661393959159231,0,0,0,0,0,1.7954046641090322,-2.0423757358551291,-0.059602906546013169,1.7952020632264627,-2.0623731002373975,-0.0642643005051724
639089884071939380,nan,54.774560668265615,0.023141760493932736,0.0014849119265084032,0,0,0,1,2,1.7679408426989986,-2.1899698654459021,-0.064264300505136165,1.767535362095046,-2.1668316575585491,-0.062779388578627762
639089884072139035,nan,37.542165778172858,0.012350396097940676,0.00035636893241679235,0,0,0,0,0,1.7492527654164591,-2.2358595356585891,-0.062779388578557818,1.7444530981736444,-2.2472391436542223,-0.063135757510974611
639089884072439217,nan,49.277329889681575,0.023343744741482722,0.003495940380516753,0,0,0,1,2,1.7099617955805821,-2.3673902234233895,-0.063135757510772425,1.7155889036155538,-2.344734847158179,-0.059639817130255672
639089884072639033,nan,31.079912736717215,0.016788024263831643,0.001913292180729706,0,0,0,0,0,1.6964989508339274,-2.4092157171355568,-0.059639817130146378,1.6888732064978726,-2.4241718457123018,-0.061553109310876084
639089884072938959,nan,44.096720698325129,0.018730589412180913,0.0019093530068188258,0,0,0,1,2,1.6490294907331031,-2.5426439625975528,-0.061553109310734246,1.6555181483470724,-2.5250731828170085,-0.05964375630391542
639089884073139227,nan,36.463125665236838,0.019940898912849982,0.0021071180282365432,0,0,0,0,0,1.6333723878700566,-2.5920656261588548,-0.059643756303800179,1.6261829822127745,-2.6106654083013301,-0.061750874332036722
639089884073439084,nan,45.524211009627876,0.020255483399278462,0.00056690166637288902,0,0,0,1,2,1.5826208271921649,-2.7377682096980336,-0.061750874331947168,1.5871535800328092,-2.7180264073632903,-0.062317775998320057
639089884073639104,nan,50.52380299646461,0.012650744856748568,0.0074105560376664728,0,0,0,1,2,1.561296840075389,-2.789152411843546,-0.062317775998173168,1.5577946415790007,-2.8013087250643562,-0.069728332035839641
639089884073939099,nan,38.7680249173428,0.024648492417669293,0.002502805448210868,0,0,0,0,0,1.5140589918383767,-2.925373370054567,-0.06972833203581276,1.5240828503753769,-2.9028551454688207,-0.067225526587601891
639089884074139086,nan,32.87484123571565,0.011362264374886325,0.0022365374352013717,0,0,0,1,2,1.5017616719490767,-2.9700908421634686,-0.067225526587570764,1.4964249440270301,-2.980121813542695,-0.069462064022772135
639089884074439395,nan,40.497506169606361,0.017202508927387911,0.0019782222907278185,0,0,0,0,0,1.455191103113354,-3.0953149687714667,-0.069462064022754968,1.4575493064785863,-3.0782748634230521,-0.071440286313482787
639089884074638900,nan,29.428762083086561,0.018725220366769685,0.0027301831206240634,0,0,0,0,0,1.4319110350995941,-3.1430062656122129,-0.071440286313479512,1.4251150826470635,-3.1604547299585968,-0.074170469434103575
639089884074939363,nan,49.6212983381021,0.021723227648733943,0.0025482544823755421,0,0,0,1,2,1.3766495417946341,-3.2832537739411043,-0.074170469434079428,1.3857789230975248,-3.2635420257561982,-0.07671872391645497
639089884075139346,nan,46.368075639354757,0.020001867759043456,0.004841094139285379,0,0,0,0,0,1.359775256092707,-3.3316891896645622,-0.076718723916369552,1.3493997809760596,-3.3487896057400293,-0.081559818055654931
639089884075439209,nan,50.229634619254185,0.030373734675787398,0.0014640287906203114,0,0,0,1,2,1.2952839916342838,-3.4755996350941625,-0.081559818055635017,1.3082806606097452,-3.4481469420805908,-0.080095789265014705
639089884075638712,nan,50.772673851396043,0.018803640384318535,0.00052245543692439056,0,0,0,0,0,1.2810591249846808,-3.5139231368705408,-0.080095789264988337,1.274828006416548,-3.5316643333660607,-0.080618244701912728
639089884075939301,nan,65.205544485067449,0.035449592097499726,0.0014569366219261276,0,0,0,1,2,1.2248832514087842,-3.6563556544956284,-0.080618244701840577,1.2341804525350453,-3.6221469475470025,-0.082075181323766705
639089884076239342,nan,65.616412434576944,0.0063149262688783885,0.0037083607423886861,0,0,0,0,0,1.19387845280886,-3.7118603483232375,-0.082075181323672489,1.1986817120790836,-3.707760714904945,-0.078366820581283803
639089884076439244,nan,60.027466030333755,0.03335193386217207,0.003141690976914191,0,0,0,1,2,1.1750586792676472,-3.7647333513824655,-0.078366820581250468,1.1608289408115446,-3.7948973371240351,-0.075225129604336277
639089884076639447,nan,69.675256043880879,0.015758374028189245,0.001524202799315616,0,0,0,0,0,1.1231407573403576,-3.8816550802240455,-0.075225129604343632,1.1172549546978334,-3.8962730034440369,-0.073700926805028016
639089884076897741,nan,208.68722436718272,0.034420619341430994,0.003855078529048192,0,0,0,1,2,1.0613585839400237,-4.0263169203731737,-0.073700926805193481,1.0753484756343834,-3.9948675647958685,-0.077556005334241673
639089884077139470,nan,165.62622513980719,0.020759340848503702,0.0048229321713057216,0,0,0,0,0,1.036313661630466,-4.0867058783497088,-0.077556005334463704,1.0451852548546161,-4.067937685412466,-0.082378937505769426
639089884077439139,nan,152.41791038582332,0.0055168808628282238,0.0090150650922310865,0,0,0,1,2,1.0077232998341676,-4.1586889215574425,-0.082378937506256536,1.0127078446371418,-4.1563245426618796,-0.091394002598487623
639089884077739207,nan,146.53368264486116,0.0041830570327079817,0.014507857553168454,0,0,0,1,2,0.98011899986782625,-4.2450146676213816,-0.091394002599359245,0.98062954590674534,-4.2491664514405407,-0.1059018601525277
639089884077938897,nan,182.71868566455686,0.025540705022373211,0.00016460109797325484,0,0,0,1,2,0.95925994356234767,-4.311014951829212,-0.10590186015340276,0.95256881017543094,-4.3356636099476242,-0.10606646125137602
639089884078139327,nan,168.25675832726753,0.014298951587031735,0.0073858341598131844,0,0,0,1,2,0.9245262044418836,-4.4221048827749589,-0.10606646125254489,0.9213598438668279,-4.4360488483944307,-0.098680627092731704
639089884078439206,nan,139.31416474328969,0.056998611263875246,0.010072098897639034,0,0,0,1,2,0.87491655044657513,-4.5854360801965264,-0.098680627093876414,0.89270630985216204,-4.5312847538387935,-0.10875272599151545
639089884078639002,nan,123.27926269821781,0.0043539823333061728,0.0025864641838054397,0,0,0,1,2,0.87369338738465852,-4.5944781067218754,-0.10875272599277973,0.87801172155718665,-4.5950341212298857,-0.10616626180897429
639089884078939139,nan,120.55733700560695,0.0078739621956613152,0.0042772490903213167,0,0,0,1,2,0.85598585715245601,-4.6905886814433,-0.1061662618102838,0.86215169077473763,-4.6856915622492181,-0.11044351090060511
639089884079139314,nan,126.45301452198844,0.02326464414819784,0.0032436926511833358,0,0,0,1,2,0.85153709644748243,-4.7463655907153024,-0.1104435109017175,0.8481644398514584,-4.7693844711143916,-0.10719981825053417
639089884079439314,nan,109.90220106117916,0.034785296403259912,0.0085512764386293932,0,0,0,1,2,0.82723285162964966,-4.8946289180082116,-0.10719981825115711,0.82998573938879194,-4.8599527236546178,-0.1157510946897865
639089884079739113,nan,109.31822302579799,0.013112062369165954,0.0009915667382518617,0,0,0,1,2,0.81183756737160451,-4.950368880176458,-0.11575109469043333,0.82032897834982865,-4.9403777781765887,-0.1167426614286852
639089884079939336,nan,111.61018853969071,0.037971761294635094,0.0065360801393151841,0,0,0,1,2,0.81388572084647948,-4.9940395943813298,-0.11674266142953306,0.81274125988173485,-5.031994104850007,-0.11020658129021788
639089884080138814,nan,117.86353536469635,0.0075140508864798344,0.0013889807430178813,0,0,0,1,2,0.80520552722065442,-5.1229827397215022,-0.11020658129094434,0.79997840579139201,-5.1175847621105488,-0.11159556203396222
639089884080439129,nan,107.7874930693272,0.036931805036275557,0.00065025972226048778,0,0,0,1,2,0.78086738255852062,-5.2457477127988774,-0.11159556203462362,0.79451354043194045,-5.211429487341678,-0.11094530231236313
639089884080639028,nan,98.736624346313533,0.016870965705697873,0.0072189480906481446,0,0,0,1,2,0.79088375042397563,-5.2737616078128653,-0.11094530231314356,0.79418989408689022,-5.2903054555491993,-0.10372635422249542
639089884080939173,nan,89.279527376611554,0.028827756481534107,0.0099848300976963095,0,0,0,1,2,0.79370560335910112,-5.408332124573878,-0.10372635422315993,0.79265564955460088,-5.3795234949506723,-0.11371118432085624
639089884081241075,nan,88.371542104262673,0.011119552471866422,0.0036822552514339663,0,0,0,1,2,0.79111767987492687,-5.4689581558483615,-0.11371118432125535,0.79307938781107934,-5.458013013128971,-0.11002892906982138
639089884081439179,nan,89.333689133326544,0.026889614895909415,0.0045518795310635213,0,0,0,1,2,0.79335709200116467,-5.5094524754447818,-0.11002892907073752,0.79777528507051176,-5.5359766334757596,-0.105477049539674
639089884081639020,nan,80.735429336724508,0.019007708887001689,0.0016960956697229107,0,0,0,1,2,0.80250140877008502,-5.6144420882054966,-0.10547704954043631,0.79939552487329069,-5.6331943276011698,-0.10717314521015922
639089884081939344,nan,77.205938154805963,0.045445449667438881,0.0037484317433655046,0,0,0,1,2,0.80182365739510919,-5.7788872333039176,-0.10717314521078727,0.81136737689548089,-5.7344551917846047,-0.10342471346742177
639089884082139116,nan,85.433628607136029,0.0046425364267393644,0.0028127281482159816,0,0,0,1,2,0.81937016314685207,-5.8021447230440213,-0.10342471346804352,0.82379987619360839,-5.8035342505885481,-0.10061198531982754
639089884082439510,nan,88.836018848546743,0.024928795054060673,0.009542241390677525,0,0,0,1,2,0.84239916461439268,-5.9068780198276398,-0.1006119853204502,0.83286434307872981,-5.8838447395330222,-0.11015422671112772
639089884082639047,nan,71.069524621896818,0.039907834487642277,0.010484760210536265,0,0,0,1,2,0.83887951088370516,-5.9371386699563953,-0.11015422671185078,0.84954692371475238,-5.9755943789862007,-0.099669466501314516
639089884082938989,nan,69.294874463613425,0.041956573443423878,0.00014001935854671133,0,0,0,1,2,0.87452759130609969,-6.1129812314649348,-0.099669466501716528,0.86779009216647751,-6.0715691539940204,-0.099529447143169816
639089884083239167,nan,76.749289537531354,0.025450936075293591,0.0079164983684507501,0,0,0,1,2,0.88599189499292952,-6.1673263101935092,-0.099529447143778135,0.88379064010627828,-6.1419707462275337,-0.10744594551222889
639089884083439209,nan,63.267015579335514,0.042842994199290843,0.0078053450545118863,0,0,0,1,2,0.89444658753085138,-6.1888563696617451,-0.10744594551278668,0.90657377869104361,-6.2299471640873172,-0.099640600458274789
639089884083739230,nan,61.099550401215296,0.039130590685840731,0.0047858351086551565,0,0,0,1,2,0.94058598049584796,-6.3612842784703032,-0.099640600458744968,0.93186674584474771,-6.3231374820842126,-0.10442643556740012
639089884083939015,nan,56.506022850529476,0.016614019800099029,0.0037909938703685753,0,0,0,1,2,0.9486780319547683,-6.3850775893483842,-0.10442643556797859,0.95525202734469172,-6.4003356442221664,-0.10063544169761002
639089884084139110,nan,55.466022413273933,0.024922536212022835,0.0082481233203725995,0,0,0,1,2,0.97854788796614323,-6.4772386152384573,-0.10063544169801435,0.98321387382641101,-6.5017204735664391,-0.092387318377641747
639089884084439350,nan,59.958680982047639,0.05553540048022166,0.0003710766309866359,0,0,0,1,2,1.0250593417989879,-6.6534449182308704,-0.092387318378128289,1.0161682320153693,-6.5986258624809375,-0.092016241747141653
639089884084739445,nan,75.278764783076355,0.022586418711192394,0.0046058818267712964,0,0,0,1,2,1.0492748066321875,-6.6959788581142909,-0.092016241747835445,1.0510470431045955,-6.6734620757490601,-0.096622123574606741
639089884084939231,nan,76.463366215269573,0.029930118015655087,0.0028253158513796839,0,0,0,1,2,1.0744179739579034,-6.7236069032530272,-0.096622123575317478,1.0832848531114287,-6.7521934458650295,-0.093796807723937795
639089884085239396,nan,66.353089108658537,0.024952994188761572,0.00035962487004767563,0,0,0,1,2,1.1317127051537055,-6.8704642323190015,-0.09379680772438985,1.1166614956567058,-6.8505616442545865,-0.094156432594437525
639089884085439234,nan,86.381666545246247,0.016902442822500856,0.0071565020941988938,0,0,0,1,2,1.13882284288999,-6.9158759369749019,-0.094156432594866626,1.1481030070914733,-6.9300029014670148,-0.086999930500667733
639089884085739370,nan,75.25228484353039,0.021471037490960701,0.0010385452767861236,0,0,0,1,2,1.1951827285185443,-7.0489562242783892,-0.086999930501154621,1.1917249967391108,-7.0277654351972876,-0.088038475777940745
639089884085938991,nan,80.619009263459404,0.027791076558332104,0.0044145335880838993,0,0,0,1,2,1.2207160318591652,-7.0927381031497072,-0.088038475778371067,1.2370439325385492,-7.1152268469046449,-0.083623942190287168
639089884086239055,nan,65.792873095151876,0.031058421537298642,0.0017905707390543368,0,0,0,1,2,1.3049380051917592,-7.24625621324041,-0.083623942190525949,1.2906572608591489,-7.2186756786245772,-0.085414512929580286
639089884086440368,nan,78.666500294158212,0.019764515612005408,0.0052022847398073835,0,0,0,1,2,1.3265657579779544,-7.2879624062372645,-0.085414512929885555,1.3353189868590603,-7.3056829327963762,-0.080212228190078172
639089884086739314,nan,77.899063900448795,0.039711101838131965,0.0016131119142195477,0,0,0,1,2,1.4013012154727895,-7.4342254914925601,-0.080212228190309709,1.3814538065181392,-7.3998299690080076,-0.081825340104529257
639089884086939273,nan,74.587100854737997,0.02821152499652,0.0067551405803162184,0,0,0,1,2,1.412216254150565,-7.4626067023432698,-0.081825340104685965,1.4293075560392436,-7.4850516915920826,-0.075070199524369746
639089884087239242,nan,84.246487314142129,0.027165553919780854,0.002809197148573625,0,0,0,1,2,1.5008817702309916,-7.6125166841384289,-0.075070199524476522,1.4841262861458704,-7.5911339557614941,-0.072261002375902897
639089884087439272,nan,105.15452690974712,0.017258875353467533,0.0021973372838370725,0,0,0,0,0,1.5205370235107472,-7.6615940604051254,-0.072261002375952274,1.5347752768182465,-7.6713480811769923,-0.070063665092115202
639089884087742543,nan,118.51993024385234,0.036984012151387809,0.0044438824102849273,0,0,0,1,2,1.6112222842575947,-7.792419197520557,-0.070063665092149924,1.594809989700984,-7.7592762685280698,-0.074507547502434851
639089884087939165,nan,92.002358054304437,0.026260691461301843,0.0032034267345198708,0,0,0,0,0,1.6336096906374336,-7.8161031809806971,-0.074507547502445454,1.6481556557238302,-7.8379672797668585,-0.071304120767925583
639089884088238996,nan,97.75734101830767,0.025587180926381695,0.0042975248704251734,0,0,0,1,2,1.7291372285979454,-7.9574244416371904,-0.071304120767925194,1.705942778563635,-7.946620677692839,-0.067006595897500021
639089884088438897,nan,86.948595839785071,0.013941210918657925,0.0023983684388917542,0,0,0,0,0,1.7442656774488869,-8.0186767513928476,-0.067006595897462148,1.7504278131645601,-8.0311821680312541,-0.064608227458570394
639089884088739169,nan,125.47753613432879,0.035499739953491635,0.0096124564482750474,0,0,0,1,2,1.8167155657597918,-8.1571883901444409,-0.064608227458341272,1.809807925942549,-8.122367189003171,-0.054995771010066224
639089884088939001,nan,99.259964834840517,0.016738311009994251,0.0014646129625204632,0,0,0,0,0,1.8491197773726695,-8.1827350769946054,-0.054995771009983603,1.863659436263257,-8.191027807233354,-0.05353115804746314
639089884089138946,nan,114.13263688643688,0.022656053327453358,0.0016650674639681201,0,0,0,1,2,1.9172046473722169,-8.2592978942952033,-0.053531158047172366,1.9194582738131141,-8.2818415834396468,-0.051866090583204245
639089884089439144,nan,93.886766113258901,0.048702982861474682,0.0049980706212710904,0,0,0,0,0,2.0026026562752319,-8.417160806442789,-0.0518660905829708,1.9770420818558587,-8.3757043524825576,-0.04686801996169971
639089884089739289,nan,121.08344749537692,0.025503452373663291,0.0038447677360856081,0,0,0,1,2,2.0342603345337,-8.468971258904455,-0.046868019961332198,2.0192290861481315,-8.4483681607163899,-0.04302325222524659
639089884089939088,nan,95.523694824752383,0.033214716135743984,0.0023417740454062044,0,0,0,1,2,2.0471814682558254,-8.4965139479612137,-0.043023252224796998,2.0626616482431102,-8.5259007034054495,-0.045365026270203203
639089884090239116,nan,91.466868257700668,0.022235882887300801,0.0015177578727516572,0,0,0,1,2,2.1273419790568098,-8.6413631644730042,-0.045365026269966663,2.1182080355799471,-8.6210898923064487,-0.043847268397215006
639089884090439025,nan,80.309793091427494,0.0056275750558467405,0.0048055731041472469,0,0,0,1,2,2.1547938007615399,-8.6837864866293106,-0.043847268396944951,2.1577388619124251,-8.6885819236090587,-0.048652841501092198
639089884090639329,nan,77.982407629088016,0.020799854664150765,0.0086411947779252499,0,0,0,1,2,2.1970661936695168,-8.7557265232102317,-0.048652841500555988,2.196808972688709,-8.7765247873545498,-0.057294036278481238
639089884090939187,nan,73.260700334039129,0.039500451796038553,0.0040641140866278305,0,0,0,1,2,2.2547560165932619,-8.9069577163967022,-0.057294036278177453,2.2346472447528178,-8.8729588489573281,-0.053229922191549622
639089884091239114,nan,90.810841767368302,0.041670819621338999,0.0056246215495336024,0,0,0,1,2,2.2722136446694301,-8.9687000212184547,-0.053229922190663671,2.2659382688765755,-8.9275044284132452,-0.047605300641130069
639089884091439183,nan,75.798721622462949,0.030284005835994277,0.0062120927584967817,0,0,0,1,2,2.2865561405574351,-8.9634448870422858,-0.047605300640040538,2.2994178272966108,-8.9908619989196854,-0.053817393398537319
639089884091739321,nan,70.101110422432527,0.013977040185902512,0.0078082919529310277,0,0,0,1,2,2.3492003588999917,-9.0850717318103911,-0.053817393397805675,2.3359884539741778,-9.0896327865776119,-0.046009101444874648
639089884091938913,nan,58.651114483166708,0.017335949004557722,0.0061963831419990095,0,0,0,1,2,2.3599074778941267,-9.1542338352118531,-0.046009101444020893,2.3566116683117566,-9.1712536109766916,-0.052205484586019903
639089884092239272,nan,63.890657431360424,0.035120174741449274,0.0076822815448730347,0,0,0,1,2,2.3872107334495025,-9.2923560192386798,-0.052205484584028697,2.3839281717411471,-9.2573895858703654,-0.044523203039155662
639089884092439309,nan,51.923483698721988,0.017557835074968393,0.0074515189595945677,0,0,0,1,2,2.4020007608132592,-9.3143771165989229,-0.044523203036994204,2.4017893224472942,-9.3319336785156874,-0.051974721996588771
639089884092739337,nan,54.960399546164204,0.01252585482673276,0.0050262564791780998,0,0,0,1,2,2.4284004373575501,-9.442996030986782,-0.051974721994387026,2.4166655340312411,-9.4386154964232194,-0.046948465515208926
639089884092939229,nan,56.748345218805817,0.010398403099252407,0.0057484335069310916,0,0,0,1,2,2.4265094271649637,-9.5092090348968341,-0.046948465513402635,2.4367740957330422,-9.5108713724684613,-0.052696899020333726
639089884093239337,nan,56.865505670646513,0.014024523822591253,0.010189912046020717,0,0,0,1,2,2.4668120839931209,-9.6188065489646632,-0.052696899018901532,2.4625313221176861,-9.6054513123057248,-0.042506986972880814
639089884093439249,nan,59.23426663351745,0.01855257224752007,0.010920481358504479,0,0,0,1,2,2.4795645318618895,-9.6679968647182584,-0.042506986971907856,2.4782413736803335,-9.6865021933947784,-0.053427468330412335
639089884093739282,nan,54.713809007030626,0.011462297006166539,0.0031790132015866862,0,0,0,1,2,2.5016683447673076,-9.8073660008924968,-0.053427468328705464,2.500553724095635,-9.7959580267771749,-0.050248455127118778
639089884093939782,nan,68.511393381127959,0.021025926812461498,0.0039294661679517007,0,0,0,1,2,2.5153059939304576,-9.8683270044508653,-0.050248455125504764,2.4998279011752773,-9.8825578949003425,-0.054177921293456464
639089884094239234,nan,82.236701935582957,0.02402051440800208,0.001225530451599198,0,0,0,1,2,2.4987518329005582,-10.010946470224265,-0.054177921292574101,2.5027833539491606,-9.9872666908659244,-0.052952390840974903
639089884094439839,nan,68.485797254911475,0.014736701688453684,0.0048358246822514869,0,0,0,1,2,2.5047377312833379,-10.056508364876921,-0.05295239084015544,2.5161905957452575,-10.065782105884269,-0.057788215522406927
639089884094739257,nan,70.576979258064981,0.018262639712033332,0.00045831858116002211,0,0,0,1,2,2.5360009837638295,-10.181795590283828,-0.057788215522059462,2.5341738349904319,-10.163624582149676,-0.058246534103219484
639089884094939306,nan,72.036513044287275,0.028062790364705735,0.0092368049540916264,0,0,0,1,2,2.546088986719119,-10.22845205479344,-0.058246534102701641,2.5449323666221502,-10.256490999727312,-0.067483339056793268
639089884095239449,nan,54.577472581637181,0.031642166089099873,0.0027499969696971882,0,0,0,1,2,2.5609231177270191,-10.394521338840386,-0.067483339056210803,2.5352286365681529,-10.376054603536417,-0.064733342086513615
639089884095439296,nan,42.953750612314529,0.010360313272450881,0.0051503609799523203,0,0,0,1,2,2.5288585767844376,-10.454542700379829,-0.064733342086079615,2.5390375245789922,-10.456472755534236,-0.069883703066031935
639089884095739334,nan,37.21187645098879,0.016068969115358225,0.00097143179935407775,0,0,0,1,2,2.5446848633895791,-10.575706649930856,-0.069883703065343555,2.5410717242887335,-10.560049159893552,-0.068912271265989478
639089884095939209,nan,42.977088669760242,0.012034191742192639,0.0029330044941483502,0,0,0,1,2,2.5424090670066697,-10.628143334451059,-0.068912271265175254,2.5356430271377977,-10.638095343061419,-0.071845275759323604
639089884096239166,nan,62.987566142325434,0.019838814509606104,0.005423907680621412,0,0,0,0,0,2.5275798279721116,-10.754016696105705,-0.071845275759180594,2.5383764162480595,-10.737373011335011,-0.066421368078559181
639089884096439253,nan,59.740251852555893,0.030619487897229108,0.0052634502636900171,0,0,0,1,2,2.5401803134828742,-10.802891202874305,-0.066421368078351403,2.5271360516880712,-10.830593193295883,-0.07168481834204142
639089884096739146,nan,53.223940019187268,0.030759343525999121,0.00080504877066457647,0,0,0,0,0,2.5104236094115944,-10.969195184513271,-0.071684818341935228,2.5158031970960639,-10.938909919936327,-0.070879769571270651
639089884096939303,nan,55.969635724749438,0.011676651250793275,0.0028377879864539407,0,0,0,1,2,2.5083050377478653,-11.010575542205769,-0.070879769570993706,2.5036085331709148,-11.021266053381169,-0.073717557557447647
639089884097239258,nan,43.957157187047549,0.024853313898379654,0.0082700785671774441,0,0,0,1,2,2.4855486868173715,-11.143232441747019,-0.073717557556902069,2.4784549363210977,-11.11941299768071,-0.065447478989724625
639089884097438921,nan,44.471646892213307,0.0083343492128812192,0.0018392926533829651,0,0,0,1,2,2.4619146305474402,-11.183951698811891,-0.065447478989073563,2.4551151818097749,-11.188771332995739,-0.067286771642456528
639089884097672729,nan,44.747732526352067,0.0055350810562621129,0.001895501818685974,0,0,0,1,2,2.428200846249557,-11.268752187535625,-0.067286771641520388,2.4337237349168857,-11.268385004927534,-0.065391269822834414
639089884097939334,nan,42.643201617846962,0.0063637494605625084,0.0038914742456457249,0,0,0,1,2,2.4096499371705078,-11.35798172297701,-0.065391269821187425,2.4126054470709271,-11.352345920600655,-0.061499795575541701
639089884098239869,nan,46.073477099410887,0.013250298788271735,0.0067206099992261348,0,0,0,1,2,2.3890156047188853,-11.446133105381406,-0.061499795573465299,2.3858109934756455,-11.433276166213853,-0.054779185574239164
639089884098439186,nan,48.868885595736806,0.0086996548922343223,0.0034092684706555285,0,0,0,1,2,2.3682046538007167,-11.486454537221661,-0.054779185572325285,2.3633879985485851,-11.49369910949517,-0.058188454042980814
639089884098741197,nan,50.165976889179916,0.025179422556243371,0.0085030840149395298,0,0,0,1,2,2.3297348038747239,-11.584383921208696,-0.058188454040815546,2.3438437075039795,-11.563528654280502,-0.049685370025876016
639089884098939359,nan,47.522698488216719,0.017664423413634278,0.0078569919388917706,0,0,0,1,2,2.3312657855492107,-11.60846814901287,-0.049685370023714752,2.318863334566772,-11.621046346982546,-0.057542361962606522
639089884099239184,nan,52.694643511651186,0.024853603792138666,0.0090924375241291377,0,0,0,1,2,2.28146047319072,-11.707167010281394,-0.057542361960362755,2.2990497006654058,-11.689607947142935,-0.048449924436233617
639089884099439822,nan,40.310124655870752,0.018931987969775368,0.011720166642646558,0,0,0,1,2,2.2859271336480291,-11.735016285532657,-0.048449924433906277,2.2716214654625335,-11.747416609167717,-0.060170091076552835
639089884099739862,nan,53.292718075591218,0.033343852725081891,0.011316742427689687,0,0,0,1,2,2.2311142132254118,-11.83279104309714,-0.060170091074649545,2.2446808138478169,-11.802331892385013,-0.048853348646959859
639089884099938863,nan,55.161036181523578,0.004292958427510301,0.010092583159578644,0,0,0,1,2,2.2271653355523311,-11.83803509158891,-0.048853348645024115,2.2249008033670346,-11.841682198119036,-0.058945931804602759
639089884100238965,nan,41.846737543601868,0.002429004633717357,0.0083551612237095299,0,0,0,1,2,2.1956693570184806,-11.899835167854866,-0.058945931802260799,2.1938174317553236,-11.898263405681284,-0.05059077057855127
639089884100439420,nan,49.955968159251746,0.0030977963446310462,0.0057518809043208483,0,0,0,1,2,2.1733078280137632,-11.935597133850061,-0.050590770576237738,2.1722580295029261,-11.938511626135083,-0.056342651480558587
639089884100739408,nan,40.130078119560309,0.017775692487131248,0.0065546282871817019,0,0,0,1,2,2.1403608717917164,-11.998058909514315,-0.056342651479099247,2.1447135953945269,-11.98082437904103,-0.049788023191917545
639089884100939254,nan,42.904318632675249,0.0085882934782471262,0.010772012689357388,0,0,0,1,2,2.1267960053871819,-12.008348725907886,-0.049788023190453556,2.132470121967855,-12.014795677582704,-0.060560035879810944
639089884101239171,nan,69.558948413749505,0.0043424697225914891,0.0015080757023684666,0,0,0,1,2,2.1143232680553776,-12.065146764269425,-0.060560035878443864,2.1160364142770258,-12.069137024074861,-0.059051960176075398
639089884101439442,nan,37.238687759136454,0.028568516464216147,0.0053621799725504099,0,0,0,1,2,2.1052650156409833,-12.104754811399445,-0.0590519601747269,2.0768407318794231,-12.10188771781735,-0.06441414014727731
639089884101739055,nan,49.158555852160156,0.024087212017088418,0.0071571400160828566,0,0,0,1,2,2.0193392263416716,-12.149934188306,-0.064414140146137791,2.0286171837403475,-12.127705529118714,-0.057257000130054934
639089884101939189,nan,39.95142010190321,0.0075174811372460681,0.0093260219356203211,0,0,0,1,2,1.9969315465208435,-12.144669312047697,-0.057257000128993818,2.0044390989086831,-12.145055550047761,-0.066583022064614139
639089884102239229,nan,68.761653878142539,0.025388091933666809,0.0017663525049852469,0,0,0,1,2,1.9686631350330743,-12.1707281261149,-0.066583022063544106,1.9935593008569812,-12.175701670052662,-0.064816669558558859
639089884102439351,nan,71.304399761992684,0.026102321946149771,0.011267934995338957,0,0,0,1,2,1.9864325034156713,-12.19577637075934,-0.064816669557870854,1.9620708450375186,-12.20514871369196,-0.076084604553209811
639089884102739383,nan,39.82711123884242,0.036123903746827495,0.0089027249240954259,0,0,0,0,0,1.9155169240793792,-12.248684520906343,-0.076084604552982382,1.9205185216592378,-12.212908545118683,-0.067181879628886956
639089884102941255,nan,36.968591140926272,0.0024121637317225464,0.0058088170942719453,0,0,0,1,2,1.8934086110897694,-12.217971278533069,-0.067181879628611205,1.8913788969166518,-12.219274656545805,-0.07299069672288315
639089884103239341,nan,58.103987885405679,0.019158251631301738,0.0070638535222335846,0,0,0,1,2,1.8487512210814032,-12.228587492131151,-0.072990696722205081,1.8658361168834241,-12.237256110302599,-0.065926843199971497
639089884103439192,nan,32.82252742088658,0.029429120707860756,0.0068030324520729768,0,0,0,1,2,1.8491181236406213,-12.249025143352675,-0.06592684319928091,1.8197661814586494,-12.251155081329241,-0.072729875651353887
639089884103739866,nan,43.553198277464595,0.017465327784920853,0.0049425921265973533,0,0,0,1,2,1.7513162354403562,-12.27180594197646,-0.07272987565040781,1.7642598298411123,-12.260079858289933,-0.067787283523810457
639089884103939446,nan,49.097322885017959,0.014608166695458004,0.0054999971785585772,0,0,0,1,2,1.727996474225058,-12.265910584887667,-0.067787283522730418,1.742581691836143,-12.265092073165341,-0.073287280701288995
639089884104239171,nan,47.402025562968177,0.0047637553954201555,0.0079056485701023138,0,0,0,1,2,1.7102587195307881,-12.2725654863602,-0.073287280699500246,1.7056989465116774,-12.271186415846563,-0.065381632129397932
639089884104439346,nan,61.800510964986081,0.015615242838074068,0.0071878418912826175,0,0,0,1,2,1.6812808672438813,-12.275221151909891,-0.065381632127719552,1.6660025558400926,-12.278447451576829,-0.07256947401900217
639089884104739214,nan,36.022440082943945,0.0056632437335571344,0.0079588036348639118,0,0,0,1,2,1.6071801530334613,-12.28920690757001,-0.072569474016558916,1.6019123048699468,-12.287127940203304,-0.064610670381695004
639089884104939168,nan,35.27976066913196,0.0019550901409430056,0.0059553971024908503,0,0,0,1,2,1.5600356280547383,-12.29279978594125,-0.064610670378930354,1.5608416921577319,-12.29101859585564,-0.070566067481421205
639089884105240050,nan,43.643526332466138,0.011192716583948012,0.01038811965071746,0,0,0,1,2,1.4998260414707261,-12.296798662685656,-0.070566067477920699,1.5109610023035738,-12.297934247019615,-0.060177947827203239
639089884105439198,nan,34.214890422572218,0.016474398941628925,0.0094142033469064648,0,0,0,1,2,1.4783300445530878,-12.302458328815769,-0.060177947824281243,1.4634803777731205,-12.295324380609349,-0.069592151171187708
639089884105739544,nan,37.763057811206117,0.0074722242772109837,0.0065150486314873163,0,0,0,1,2,1.3924518342451844,-12.291420156270329,-0.069592151168137731,1.399173202185471,-12.294684715759789,-0.063077102536650415
639089884105939485,nan,68.769725716097128,0.0016359449403554184,0.0086833132347839403,0,0,0,1,2,1.3569861416617814,-12.29426508016739,-0.063077102534024904,1.3583167377540746,-12.293313329208868,-0.071760415768808844
639089884106239087,nan,68.964306762134228,0.0073938015279348341,0.010567246625140234,0,0,0,1,2,1.2978219192856735,-12.291282762403771,-0.071760415765136115,1.3045939351433127,-12.294250607119785,-0.061193169139995882
639089884106438777,nan,35.133545642779048,0.026874210897110725,0.0073909044439361624,0,0,0,1,2,1.2692858832942957,-12.294866611041163,-0.061193169136498284,1.2435107096077263,-12.28725979615124,-0.068584073580434446
639089884106720349,nan,55.428247394814534,0.010616121816476825,0.004935874589984679,0,0,0,1,2,1.1585572119637995,-12.277537096704082,-0.068584073578598248,1.1691679365288297,-12.277875573626988,-0.063648198988613569
639089884107039255,nan,68.436649887188125,0.040353241800028181,0.010368138459056681,0,0,0,1,2,1.0859402109778793,-12.267369811406784,-0.063648198986315616,1.1260389887166968,-12.271894427150077,-0.053280060527258935
639089884107239360,nan,38.585479296601463,0.025837500784040651,0.0074774689279254042,0,0,0,1,2,1.0992583583390503,-12.26818047443019,-0.053280060525276389,1.0740217994300445,-12.262640389485211,-0.060757529453201793
639089884107439591,nan,40.161770370867366,0.022467465579800339,0.010177147600676839,0,0,0,1,2,1.0226673691136581,-12.253504258930624,-0.060757529451848771,1.0031790235535447,-12.242324303791666,-0.07093467705252561
639089884107739241,nan,40.149778073854918,0.03980458697213464,0.0047955735062026605,0,0,0,1,2,0.89838052507268173,-12.212270494502716,-0.070934677050603176,0.93621980422625373,-12.224623392833079,-0.066139103544400515
639089884107939286,nan,123.73550240058265,0.0068418859617425847,0.0083476259097507582,0,0,0,1,2,0.892134000860351,-12.212969151822543,-0.066139103542043748,0.89820256914609553,-12.216128880050531,-0.074486729451794506
639089884108238830,nan,39.348255634600079,0.013885223561893791,0.0092657290527997649,0,0,0,1,2,0.84264306753663498,-12.203714750100827,-0.074486729449350308,0.83372448628028539,-12.193072459852123,-0.065221000396550544
639089884108539392,nan,33.278065167352132,0.0055151894883612006,0.001864559495807841,0,0,0,1,2,0.76977278782137626,-12.170204267025436,-0.065221000395081871,0.76998442003086232,-12.16469313947289,-0.06335644089927403
639089884108738908,nan,49.738990936801322,0.015522147724013745,0.0071564986015433263,0,0,0,1,2,0.72800872405931671,-12.146004082585872,-0.063356440898083413,0.71387797669616071,-12.139580761877331,-0.070512939499626739
639089884108939026,nan,173.08051693398451,0.014864573842953161,0.0082057786600233107,0,0,0,1,2,0.65831548978411514,-12.11471185077634,-0.070512939497926683,0.64429796472438328,-12.109765685925428,-0.078718718157949993
639089884109239170,nan,46.967026509701682,0.030024082331187921,0.0089724435978107003,0,0,0,1,2,0.54111234888080351,-12.065550588998336,-0.078718718156959869,0.56949804495908873,-12.075333113109279,-0.069746274559149168
639089884109439020,nan,33.406342356807464,0.012422689036747956,0.0047476032205790442,0,0,0,1,2,0.52061499462450633,-12.052830827072043,-0.06974627455817467,0.52865968486102599,-12.043364773939814,-0.074493877778753714
639089884109738928,nan,45.86846353014014,0.014536956365930604,0.0031792394972237764,0,0,0,1,2,0.46809619928804602,-11.99595557231093,-0.074493877777927112,0.467214477755446,-12.010465764160934,-0.071314638280703335
639089884110038937,nan,38.196489189813228,0.0061974694307040364,0.0097951242507673467,0,0,0,1,2,0.40624315727384197,-11.977820482889298,-0.07131463827956816,0.40768027738666923,-11.971791941347115,-0.061519514028800813
639089884110238783,nan,41.613064277713029,0.030533376389263216,0.010563284633059271,0,0,0,1,2,0.36829632228850673,-11.946207855363951,-0.061519514027952964,0.34444107097032667,-11.927149679735763,-0.072082798661012235
639089884110539127,nan,45.239135646990626,0.023624370900918689,0.0013694711791802788,0,0,0,1,2,0.2503103082380731,-11.860700235258175,-0.072082798660595249,0.2663008035371327,-11.878090317505103,-0.07071332748141497
639089884110739074,nan,40.719248943685713,0.0031243292209080092,0.0075524081942444782,0,0,0,1,2,0.2147977112681137,-11.845754763217615,-0.070713327480895913,0.21410702524411998,-11.842707734189712,-0.078265735675140391
639089884110939006,nan,44.405074309104343,0.015860897280687868,0.0038768925303676177,0,0,0,1,2,0.16224099403313744,-11.807547333264935,-0.078265735674598463,0.15197262622549476,-11.795458963436232,-0.082142628204966081
639089884111239099,nan,36.357541486689861,0.028154970522182254,0.003074989682079074,0,0,0,1,2,0.059578956488801724,-11.725200179422675,-0.082142628204517523,0.082530806739082571,-11.741507077815491,-0.079067638522438449
639089884111539132,nan,32.651556180465292,0.019355693203246684,0.00049509681829691676,0,0,0,1,2,0.013618623231002089,-11.687966685728977,-0.079067638522270153,0.028883135191375354,-11.699867842563076,-0.07956273534056707
639089884111738664,nan,34.84515472038678,0.031610657596721006,0.0029595425726431507,0,0,0,1,2,-0.0065779595952868385,-11.67234432056237,-0.079562735340193924,-0.027812774591093572,-11.648928165758667,-0.082522277912837075
639089884112038891,nan,43.888866644617096,0.013082286082941928,0.0042458253051953776,0,0,0,1,2,-0.11235603028918037,-11.57296843360556,-0.08252227791247202,-0.10462325168337104,-11.583520700859069,-0.078276452607276642
639089884112244873,nan,37.575851846834112,0.01223841483558431,0.0047007787296413639,0,0,0,1,2,-0.15684736716513581,-11.539049593145698,-0.078276452607074151,-0.1639012978452612,-11.529048550217691,-0.082977231336715515
639089884112439151,nan,36.853019143668718,0.013338730840882438,8.5229519328669512e-05,0,0,0,0,0,-0.21933404509999349,-11.478109945549805,-0.082977231336518964,-0.22347854204506784,-11.465431424913794,-0.082892001817190294
639089884112739105,nan,52.896291363049919,0.035425749343403867,0.0013781433352233335,0,0,0,1,2,-0.31490562513343096,-11.367804750851867,-0.082892001817042787,-0.29394800044324226,-11.396366292895092,-0.084270145152266121
639089884112939001,nan,46.217863752987022,0.013305094433484023,0.0037233687924048825,0,0,0,0,0,-0.34061424605548857,-11.350630019518107,-0.084270145152150464,-0.35071296831572468,-11.341967378662424,-0.087993513944555346
639089884113239153,nan,51.824009744762492,0.022896471891093569,0.0060020350121485488,0,0,0,1,2,-0.43545206802320469,-11.260760338653242,-0.087993513944428059,-0.41410460284650918,-11.269038874489331,-0.08199147893227951
639089884113539381,nan,52.22705422168432,0.0088600312528800528,0.0041841382306198188,0,0,0,1,2,-0.47706706389517334,-11.196604110228664,-0.08199147893214058,-0.47522934858365568,-11.20527146024097,-0.086175617162760398
639089884113739091,nan,50.620848466726578,0.030316964899602221,0.00014779183960537956,0,0,0,0,0,-0.51553294779078862,-11.163225374398861,-0.086175617162674911,-0.53378203925140721,-11.139016098870963,-0.086027825323069532
639089884114039047,nan,76.184273920474823,0.028848389247562726,0.0044600146947442465,0,0,0,1,2,-0.62117281559636028,-11.040128970011326,-0.086027825323006568,-0.60092567600632152,-11.060678493134755,-0.081567810628262322
639089884114238954,nan,68.251609327627946,0.020032366032083349,0.0067686577278791432,0,0,0,0,0,-0.64538750128770317,-11.008804136791523,-0.081567810628211529,-0.66116444556702481,-10.996459756772643,-0.088336468356090672
639089884114439121,nan,74.720464153548022,0.020741130978454026,0.0027593278450310788,0,0,0,1,2,-0.72109712097363143,-10.932567338161162,-0.088336468355984146,-0.72789104446913044,-10.912970473161813,-0.085577140510953068
639089884114739006,nan,76.397262592371632,0.049937099067495307,0.0011781737005909926,0,0,0,0,0,-0.82705810501940369,-10.788891215723851,-0.085577140510884817,-0.79746424940166183,-10.829114561842157,-0.086755314211475809
639089884115038960,nan,61.969144425142161,0.015752609709812296,0.0011439042926158771,0,0,0,1,2,-0.86646042584069627,-10.745954137387402,-0.086755314211355253,-0.85270949049941691,-10.753638959435415,-0.085611409918739376
639089884115238968,nan,58.72728455483621,0.031224501936268603,0.0024223343196710656,0,0,0,0,0,-0.88933359263221856,-10.703603406758797,-0.085611409918547432,-0.90235264033093165,-10.675222534358769,-0.083189075598876366
639089884115539119,nan,73.771008041926137,0.032153951169432045,0.0011924790968224352,0,0,0,1,2,-0.97632486913176009,-10.558375844388458,-0.083189075598802883,-0.97221746158209033,-10.590266372434057,-0.084381554695625319
639089884115739028,nan,66.095527009301804,0.024545927122108822,0.00010108706908948384,0,0,0,0,0,-1.0185096281221298,-10.533974740594291,-0.084381554695484778,-1.0320176614882028,-10.51347997119171,-0.084482641764574262
639089884116038935,nan,78.063619654363606,0.030020792282626635,0.0021213913188448258,0,0,0,1,2,-1.1210402986526868,-10.39917052159629,-0.084482641764383679,-1.0997738752101707,-10.420359839736339,-0.082361250445538853
639089884116239021,nan,59.959890351111781,0.024529122723443927,0.004441015274386298,0,0,0,0,0,-1.1447036808965119,-10.358610972998529,-0.082361250445456516,-1.1587846481901232,-10.338526047764462,-0.086802265719842814
639089884116539390,nan,61.416002372911734,0.044237503283880576,0.0074878930222663787,0,0,0,1,2,-1.2467129979105696,-10.216590510978698,-0.086802265719629734,-1.2178781175302027,-10.25013907831385,-0.079314372697363356
639089884116739061,nan,59.846101285239669,0.016592425971105659,0.0049662435805403471,0,0,0,0,0,-1.2568993590298108,-10.191774434659198,-0.079314372697225147,-1.2654210427582659,-10.177537528182059,-0.084280616277765494
639089884117039068,nan,76.107869613919874,0.015168039751215558,0.0085974496688846352,0,0,0,1,2,-1.3361722094693211,-10.069495283153699,-0.084280616277638651,-1.3263580485978621,-10.081060389131752,-0.075683166608754016
639089884117238890,nan,93.56895894961292,0.021334631875476875,0.00040048992374661085,0,0,0,0,0,-1.3663318292675841,-10.017772803158282,-0.075683166608633681,-1.3765727932778178,-9.9990567893358033,-0.07528267668488707
639089884117539073,nan,108.73331936125611,0.014294508040830396,0.0040196782298545092,0,0,0,1,2,-1.451472906200129,-9.8767405468875111,-0.075282676684626113,-1.4422176241025,-9.8876342475178145,-0.071262998454771603
639089884117739045,nan,142.99282012182687,0.010338007058763489,0.0045676216467570724,0,0,0,0,0,-1.4854778174381558,-9.814206368422969,-0.071262998454479129,-1.4858738904792947,-9.8245367854568126,-0.066695376807722057
639089884118039054,nan,197.98786781820766,0.0089270393347576412,0.0012525408467450455,0,0,0,1,2,-1.5509185137873684,-9.730526211670437,-0.066695376807546877,-1.5420326120416403,-9.729670185123199,-0.067947917654291923
639089884118239009,nan,179.22533763672376,0.020872420022335001,0.0015988870959902785,0,0,0,0,0,-1.5790384472293681,-9.6671577617791531,-0.067947917654049367,-1.5870522407581793,-9.6478850600778774,-0.066349030558059088
639089884118539288,nan,204.35085031459727,0.027376848234141535,0.00086246082715996097,0,0,0,1,2,-1.6541299209485165,-9.5260280697268787,-0.066349030557661726,-1.6401649347472329,-9.5495752771968352,-0.065486569730501765
639089884118739004,nan,148.82930306324982,0.033831290895872848,0.0038525221275271665,0,0,0,1,2,-1.6750310682095066,-9.4850392547671696,-0.065486569730120056,-1.6856922888753418,-9.4529317070938337,-0.069339091857647223
639089884119038992,nan,151.84440038594087,0.028226994681956975,0.0066754506595878838,0,0,0,1,2,-1.753526481066032,-9.3089361107340203,-0.06933909185650601,-1.7397771691255419,-9.3335880812422438,-0.062663641196918127
639089884119238935,nan,141.66072346920234,0.032652664899048597,0.0090356384635826709,0,0,0,1,2,-1.7755244092466491,-9.2547082680577706,-0.06266364119614852,-1.7784501454754977,-9.2221869428613896,-0.071699279659731191
639089884119538993,nan,161.87983973630102,0.061255423700562021,0.010204798951036723,0,0,0,1,2,-1.8359912057556009,-9.0564345176836945,-0.071699279658590381,-1.8201943900847832,-9.1156180250772039,-0.061494480707553659
639089884119738935,nan,130.39346033191504,0.0035354558715383622,0.0047443901264984031,0,0,0,1,2,-1.847671498067829,-9.0454716925947363,-0.061494480705608305,-1.8511888715446201,-9.0451145763050462,-0.066238870832106708
639089884120038853,nan,126.70636649418452,0.011521469504625827,0.0058013174725917785,0,0,0,1,2,-1.897204009033584,-8.9404434950062388,-0.066238870830692187,-1.8863331937618939,-8.9442605141147595,-0.060437553358100408
639089884120238924,nan,125.61649308727741,0.019539050331839346,0.0061556851163804757,0,0,0,1,2,-1.909472259559601,-8.8778580731583059,-0.060437553356632527,-1.9146297448881855,-8.8590119904630722,-0.066593238473013003
639089884120541118,nan,120.59127860068506,0.02082721441666114,0.0075076613582322829,0,0,0,1,2,-1.9570782446512336,-8.7311281391810489,-0.066593238469502297,-1.9451075525538546,-8.748171477793754,-0.059085577111270014
639089884120739131,nan,125.98310665141977,0.026024092228528278,0.0056683225778461147,0,0,0,1,2,-1.9649273810979573,-8.6760914915642697,-0.059085577109523828,-1.9619934135491781,-8.6502333166336669,-0.064753899687369942
639089884121039032,nan,111.70243670459118,0.024303468279225679,0.0015806230114311787,0,0,0,1,2,-1.9873474962291788,-8.5031793857581395,-0.064753899686528102,-1.9820176943780654,-8.5268912347503036,-0.063173276675096923
639089884121238917,nan,110.07181533606868,0.018403595439649301,0.0073291002405404676,0,0,0,1,2,-1.995250755741909,-8.4453805252145013,-0.063173276674454867,-2.0013846034226903,-8.4627318432547902,-0.070502376914995335
639089884121539078,nan,104.5179713476528,0.020297689812880961,0.0035619290857925451,0,0,0,1,2,-2.0302775511730209,-8.3670142487795189,-0.070502376914203108,-2.0179036231242473,-8.3831040628363596,-0.066940447828410563
639089884121739143,nan,93.947158787361758,0.024202752148536188,0.0052206021411678738,0,0,0,1,2,-2.0288620857314501,-8.3302802228037898,-0.06694044782772049,-2.0309354675011329,-8.3061664445929697,-0.072161049968888363
639089884122039110,nan,88.453918323734655,0.0091337648674689915,0.0047524788224931613,0,0,0,1,2,-2.0503274038800048,-8.1916800100584961,-0.072161049968403515,-2.0417651813810704,-8.1884997574690068,-0.067408571145910354
639089884122238732,nan,116.86990116508065,0.015016031750020276,0.0092728564924292184,0,0,0,1,2,-2.0489116209835547,-8.110852473147526,-0.067408571145650548,-2.0519924881372216,-8.0961558930317619,-0.076681427638079766
639089884122538896,nan,91.514286301575851,0.031565301006633975,0.0042570069344488037,0,0,0,1,2,-2.0672490346095844,-7.9584022798063572,-0.076681427637885269,-2.0604809693956883,-7.9892334575474013,-0.072424420703436465
639089884122739125,nan,81.401540792531492,0.010468528555334238,0.0085499774939124529,0,0,0,1,2,-2.0661107860622265,-7.9183192750231344,-0.072424420703296882,-2.0654289914120452,-7.9078729720326582,-0.080974398197209335
639089884123038908,nan,84.487914714918787,0.017647310480385089,0.0017683023965507499,0,0,0,0,0,-2.072796959458298,-7.786721235941231,-0.080974398197116992,-2.0704366537748009,-7.8042099901642041,-0.079206095800566242
639089884123238855,nan,93.675179829208247,0.014250927306084949,0.0060307699001936887,0,0,0,1,2,-2.0737565380520824,-7.7354854878493544,-0.07920609580050407,-2.0721472131610468,-7.7213257208146038,-0.085236865700697759
639089884123538889,nan,89.80499474609914,0.0083979869652099741,0.0036185249528606078,0,0,0,0,0,-2.0746987043490375,-7.5976945364377402,-0.085236865700621972,-2.0752068538091528,-7.6060771356285652,-0.081618340747761364
639089884123739061,nan,85.595174310408083,0.015950593793675211,3.9698457634754214e-05,0,0,0,1,2,-2.0772360115373121,-7.529644121367741,-0.081618340747715887,-2.0716938404183205,-7.514687324195263,-0.081658039205350641
639089884124039062,nan,81.452903104398246,0.016672019036577557,0.0024986452837385958,0,0,0,0,0,-2.0664583056137094,-7.3784867222292805,-0.081658039205318569,-2.0701906759958422,-7.3947355877308034,-0.084156684489057165
639089884124238837,nan,92.726197226146056,0.014003243966590563,0.00198476638713109,0,0,0,1,2,-2.0691949196957786,-7.3152747546363495,-0.084156684489031353,-2.0686095816210157,-7.3012837496357754,-0.082171918101900263
639089884124539055,nan,82.966361596415865,0.022954643525898086,0.00093327472816653878,0,0,0,0,0,-2.0662438712345033,-7.1614565593427537,-0.082171918101874852,-2.0654865006768821,-7.1843987050409988,-0.081238643373708314
639089884124739037,nan,90.369116770532329,0.023542490323271891,0.0012528894842205457,0,0,0,1,2,-2.0634143588131808,-7.106846314155848,-0.081238643373653871,-2.0608491858907589,-7.0834439907989797,-0.079985753889433325
639089884125039061,nan,107.46554895802977,0.033199948007515558,0.0030355039681545654,0,0,0,0,0,-2.0539259248449051,-6.9327240434280171,-0.079985753889432881,-2.0548872910121516,-6.9659100694449148,-0.083021257857587447
639089884125238965,nan,87.610229383473339,0.031748158322266157,0.0024834681756549931,0,0,0,1,2,-2.0509298365832773,-6.8878920655927089,-0.08302125785751914,-2.0489513618932089,-6.856205614312131,-0.080537789681864147
639089884125538912,nan,104.34155090463349,0.030683274593153925,0.0020610183582459723,0,0,0,0,0,-2.0400893148465831,-6.6924223171853727,-0.080537789681862731,-2.0417328883078514,-6.7230615405116305,-0.082598808040108704
639089884125738778,nan,88.393505069135699,0.014338323486235411,0.0018486092281532057,0,0,0,1,2,-2.0369427926157355,-6.6347086710578669,-0.082598808040078589,-2.0354632576584106,-6.6204468865725374,-0.080750198811925383
639089884126039065,nan,141.06930706418348,0.030868364557035372,0.00093175040911795681,0,0,0,0,0,-2.0260873759427613,-6.4669924151020322,-0.08075019881192734,-2.0263549285343712,-6.4978596201267305,-0.081681949221045297
639089884126239048,nan,102.74383543860259,0.029791046197732859,0.0016596606761256072,0,0,0,1,2,-2.0203078041575586,-6.4164725251814323,-0.081681949221020275,-2.0168545212005169,-6.3868823026345494,-0.080022288544894668
